	.include "asm/macros.inc"

	.syntax unified
	.text

	thumb_func_start sub_812AA78
sub_812AA78:
	push {r4, r5, r6, lr}
	adds r4, r0, #0x0
	adds r6, r1, #0x0
	ldr r0, _0812AAD8 @ =0x08CDC3F8
	str r0, [r4, #0x18]
	movs r0, #0x80
	lsls r0, r0, #0x12
	movs r1, #0x00
	strh r1, [r0, #0x00]
	adds r0, #0x48
	strh r1, [r0, #0x00]
	adds r0, #0x02
	strh r1, [r0, #0x00]
	adds r0, #0x06
	strh r1, [r0, #0x00]
	ldr r0, _0812AADC @ =0x0600D000
	bl sub_80184F4
	bl sub_8021FD4
	ldr r0, [r4, #0x24]
	cmp r0, #0x00
	beq _0812AAAC
	movs r1, #0x03
	bl sub_80FAFD8
_0812AAAC:
	ldr r0, [r4, #0x38]
	cmp r0, #0x00
	beq _0812AAB6
	bl free_heap_8018D9C
_0812AAB6:
	adds r0, r4, #0x0
	adds r0, #0xBD
	ldrb r0, [r0, #0x00]
	cmp r0, #0x00
	bne _0812AAE0
	ldr r0, [r4, #0x58]
	cmp r0, #0x00
	beq _0812AACA
	bl free_heap_8018D9C
_0812AACA:
	ldr r0, [r4, #0x54]
	cmp r0, #0x00
	beq _0812AAD4
	bl free_heap_8018D9C
_0812AAD4:
	ldr r0, [r4, #0x40]
	b _0812AB0E
_0812AAD8: .4byte 0x08CDC3F8
_0812AADC: .4byte 0x0600D000
_0812AAE0:
	adds r0, r4, #0x0
	adds r0, #0xBE
	ldrb r1, [r0, #0x00]
	movs r0, #0x01
	ands r0, r1
	cmp r0, #0x00
	beq _0812AB18
	ldr r0, [r4, #0x50]
	cmp r0, #0x00
	beq _0812AAF8
	bl free_heap_8018D9C
_0812AAF8:
	ldr r0, [r4, #0x4C]
	cmp r0, #0x00
	beq _0812AB02
	bl free_heap_8018D9C
_0812AB02:
	ldr r0, [r4, #0x48]
	cmp r0, #0x00
	beq _0812AB0C
	bl free_heap_8018D9C
_0812AB0C:
	ldr r0, [r4, #0x44]
_0812AB0E:
	cmp r0, #0x00
	beq _0812AB2C
	bl free_heap_8018D9C
	b _0812AB2C
_0812AB18:
	ldr r0, [r4, #0x58]
	cmp r0, #0x00
	beq _0812AB22
	bl free_heap_8018D9C
_0812AB22:
	ldr r0, [r4, #0x40]
	cmp r0, #0x00
	beq _0812AB2C
	bl free_heap_8018D9C
_0812AB2C:
	ldr r0, [r4, #0x28]
	bl free_heap_8018DA8
	movs r5, #0x00
	str r5, [r4, #0x28]
	ldr r0, [r4, #0x20]
	cmp r0, #0x00
	beq _0812AB42
	movs r1, #0x03
	bl sub_81166AC
_0812AB42:
	str r5, [r4, #0x20]
	ldr r0, [r4, #0x1C]
	cmp r0, #0x00
	beq _0812AB50
	movs r1, #0x03
	bl process_remove
_0812AB50:
	str r5, [r4, #0x1C]
	adds r0, r4, #0x0
	adds r1, r6, #0x0
	bl process_remove
	pop {r4, r5, r6}
	pop {r0}
	bx r0
	thumb_func_start sub_812AB60
sub_812AB60:
	push {r4, r5, r6, r7, lr}
	mov r7, r10
	mov r6, r9
	mov r5, r8
	push {r5, r6, r7}
	add sp, #-0x06C
	adds r7, r0, #0x0
	ldrb r0, [r7, #0x00]
	cmp r0, #0x11
	bls _0812AB78
	bl _0812B980
_0812AB78:
	lsls r0, r0, #0x02
	ldr r1, _0812AB84 @ =0x0812AB88
	adds r0, r0, r1
	ldr r0, [r0, #0x00]
	mov pc, r0
	.byte 0x00, 0x00
_0812AB84: .4byte 0x0812AB88
	.byte 0xD0, 0xAB, 0x12, 0x08, 0xB8, 0xB0, 0x12, 0x08, 0x34, 0xB1, 0x12, 0x08, 0x6C, 0xB1, 0x12, 0x08
	.byte 0x8E, 0xB1, 0x12, 0x08, 0x9C, 0xB1, 0x12, 0x08, 0x14, 0xB2, 0x12, 0x08, 0x60, 0xB2, 0x12, 0x08
	.byte 0xEC, 0xB2, 0x12, 0x08, 0xC4, 0xB3, 0x12, 0x08, 0x04, 0xB5, 0x12, 0x08, 0x30, 0xB5, 0x12, 0x08
	.byte 0x3C, 0xB5, 0x12, 0x08, 0x74, 0xB5, 0x12, 0x08, 0x80, 0xB5, 0x12, 0x08, 0x90, 0xB6, 0x12, 0x08
	.byte 0x20, 0xB9, 0x12, 0x08, 0x2C, 0xB9, 0x12, 0x08, 0x08, 0x48, 0x09, 0x49, 0x40, 0x18, 0x00, 0x21
	.byte 0x01, 0x60, 0x38, 0x1C, 0xB8, 0x30, 0x01, 0x70, 0x01, 0x30, 0x01, 0x70, 0x04, 0x30, 0x01, 0x78
	.byte 0x16, 0x90, 0x00, 0x29, 0x06, 0xD1, 0x03, 0x38, 0x01, 0x70, 0x07, 0xE0, 0x4C, 0x03, 0x00, 0x03
	.byte 0x84, 0x08, 0x00, 0x00, 0x39, 0x1C, 0xBA, 0x31, 0x01, 0x20, 0x08, 0x70, 0x38, 0x1C, 0xC0, 0x30
	.byte 0x00, 0x21, 0x01, 0x70, 0x01, 0x30, 0x01, 0x70, 0xA8, 0x22, 0xD2, 0x19, 0x91, 0x46, 0x11, 0x80
	.byte 0xAC, 0x23, 0xDB, 0x19, 0x98, 0x46, 0x19, 0x80, 0x3E, 0x1C, 0xAE, 0x36, 0x31, 0x80, 0x3D, 0x1C
	.byte 0xC4, 0x35, 0x00, 0x24, 0x2C, 0x70, 0x04, 0x30, 0x04, 0x70, 0x13, 0x38, 0x01, 0x80, 0x10, 0x30
	.byte 0x01, 0x21, 0x01, 0x70, 0x12, 0x4A, 0x10, 0x68, 0xE3, 0x23, 0x9B, 0x00, 0xC0, 0x18, 0x3C, 0x1C
	.byte 0xBE, 0x34, 0x10, 0x49, 0x23, 0x78, 0xCA, 0x18, 0x00, 0x21, 0xBE, 0xF7, 0x35, 0xFE, 0x00, 0x06
	.byte 0xCA, 0x46, 0x41, 0x46, 0x14, 0x91, 0x18, 0x95, 0x25, 0x1C, 0x00, 0x28, 0x14, 0xD0, 0x01, 0x34
	.byte 0x01, 0x22, 0x22, 0x70, 0x06, 0x4B, 0x18, 0x68, 0xE3, 0x21, 0x89, 0x00, 0x40, 0x18, 0x05, 0x4B
	.byte 0x29, 0x78, 0x5A, 0x18, 0x00, 0x21, 0x00, 0x23, 0xBE, 0xF7, 0x6A, 0xFE, 0x17, 0x94, 0x08, 0xE0
	.byte 0xC0, 0x0F, 0x00, 0x03, 0x37, 0x02, 0x00, 0x00, 0x38, 0x1C, 0xBF, 0x30, 0x00, 0x22, 0x02, 0x70
	.byte 0x17, 0x90, 0x38, 0x1C, 0xB4, 0x30, 0x00, 0x21, 0x01, 0x80, 0x3A, 0x1C, 0xB6, 0x32, 0x03, 0x20
	.byte 0x10, 0x80, 0x38, 0x1C, 0xB0, 0x30, 0x01, 0x80, 0x16, 0x9B, 0x19, 0x78, 0x15, 0x90, 0x00, 0x29
	.byte 0x2C, 0xD1, 0x80, 0x20, 0x40, 0x00, 0x10, 0x4A, 0x01, 0x21, 0x01, 0x23, 0xEE, 0xF6, 0x76, 0xF8
	.byte 0x38, 0x64, 0x80, 0x24, 0xA4, 0x00, 0x0D, 0x4A, 0x20, 0x1C, 0x01, 0x21, 0x01, 0x23, 0xEE, 0xF6
	.byte 0x6D, 0xF8, 0x78, 0x65, 0x0A, 0x4A, 0x20, 0x1C, 0x01, 0x21, 0x01, 0x23, 0xEE, 0xF6, 0x66, 0xF8
	.byte 0xB8, 0x65, 0x38, 0x1C, 0x04, 0xF0, 0x04, 0xFB, 0x38, 0x1C, 0x04, 0xF0, 0x77, 0xFA, 0x3C, 0x1C
	.byte 0xC6, 0x34, 0x19, 0x94, 0xBF, 0xE1, 0x00, 0x00, 0xA8, 0x1A, 0x21, 0x08, 0xB0, 0x1A, 0x21, 0x08
	.byte 0xB8, 0x1A, 0x21, 0x08, 0x64, 0x20, 0x40, 0x42, 0x81, 0x46, 0x27, 0xE0, 0x01, 0x21, 0x49, 0x42
	.byte 0x89, 0x46, 0x4A, 0x46, 0x0F, 0x92, 0x06, 0xA8, 0x04, 0x49, 0x1C, 0xC9, 0x1C, 0xC0, 0x09, 0x68
	.byte 0x01, 0x60, 0x05, 0x24, 0x3B, 0x1C, 0xC6, 0x33, 0x19, 0x93, 0x04, 0xE0, 0xC0, 0x1A, 0x21, 0x08
	.byte 0x01, 0x3C, 0x00, 0x2C, 0x12, 0xDD, 0x23, 0x48, 0x00, 0x68, 0xE3, 0x21, 0x89, 0x00, 0x40, 0x18
	.byte 0x21, 0x4B, 0xE2, 0x18, 0x12, 0x04, 0x12, 0x0C, 0x00, 0x21, 0xBE, 0xF7, 0xB5, 0xFD, 0x00, 0x06
	.byte 0x00, 0x28, 0xED, 0xD0, 0x05, 0x2C, 0xD5, 0xD0, 0xE4, 0x43, 0xA1, 0x46, 0x2A, 0x1C, 0x28, 0x78
	.byte 0x80, 0x00, 0x68, 0x44, 0x18, 0x30, 0x00, 0x68, 0x00, 0x24, 0x00, 0x5F, 0x48, 0x45, 0x43, 0xD0
	.byte 0x01, 0x20, 0x40, 0x42, 0x84, 0x46, 0x00, 0x23, 0xD0, 0x46, 0x14, 0x9C, 0x1A, 0x96, 0x10, 0x78
	.byte 0x80, 0x00, 0x68, 0x44, 0x18, 0x30, 0x00, 0x68, 0x19, 0x18, 0x00, 0x26, 0x88, 0x5F, 0x60, 0x45
	.byte 0x21, 0xDD, 0x41, 0x46, 0x08, 0x88, 0x01, 0x30, 0x08, 0x80, 0x11, 0x78, 0x01, 0x20, 0x08, 0x40
	.byte 0x00, 0x28, 0x1B, 0xD0, 0x10, 0x78, 0x80, 0x00, 0x68, 0x44, 0x18, 0x30, 0x00, 0x68, 0x18, 0x18
	.byte 0x00, 0x88, 0x00, 0x04, 0xC0, 0x15, 0x01, 0x28, 0x08, 0xD1, 0x20, 0x88, 0x01, 0x30, 0x20, 0x80
	.byte 0x0C, 0xE0, 0x00, 0x00, 0xC0, 0x0F, 0x00, 0x03, 0x27, 0x02, 0x00, 0x00, 0x1A, 0x9A, 0x10, 0x88
	.byte 0x01, 0x30, 0x10, 0x80, 0x02, 0xE0, 0x00, 0x20, 0x0E, 0x5E, 0x0F, 0x96, 0x02, 0x33, 0x28, 0x78
	.byte 0x80, 0x00, 0x68, 0x44, 0x18, 0x30, 0x00, 0x68, 0x18, 0x18, 0x00, 0x21, 0x40, 0x5E, 0x48, 0x45
	.byte 0x02, 0xDB, 0x2A, 0x1C, 0x48, 0x45, 0xC2, 0xD1, 0x29, 0x78, 0x01, 0x20, 0x08, 0x40, 0x00, 0x28
	.byte 0x00, 0xD1, 0xB3, 0xE0, 0x00, 0x22, 0x90, 0x46, 0x00, 0x26, 0x00, 0x23, 0x10, 0x93, 0x54, 0x46
	.byte 0x20, 0x88, 0x2F, 0x4A, 0x01, 0x21, 0x01, 0x23, 0xED, 0xF6, 0xC8, 0xFF, 0x78, 0x64, 0x20, 0x88
	.byte 0x2C, 0x4A, 0x01, 0x21, 0x01, 0x23, 0xED, 0xF6, 0xC1, 0xFF, 0xB8, 0x64, 0x20, 0x88, 0x40, 0x00
	.byte 0x29, 0x4A, 0x01, 0x21, 0x01, 0x23, 0xED, 0xF6, 0xB9, 0xFF, 0xF8, 0x64, 0x20, 0x88, 0x40, 0x00
	.byte 0x26, 0x4A, 0x01, 0x21, 0x01, 0x23, 0xED, 0xF6, 0xB1, 0xFF, 0x38, 0x65, 0x00, 0x24, 0x28, 0x78
	.byte 0x80, 0x00, 0x68, 0x44, 0x18, 0x30, 0x00, 0x68, 0x00, 0x21, 0x40, 0x5E, 0x48, 0x45, 0x00, 0xD1
	.byte 0x09, 0xE1, 0x28, 0x78, 0x80, 0x00, 0x68, 0x44, 0x18, 0x30, 0x01, 0x68, 0x60, 0x00, 0x41, 0x18
	.byte 0x0A, 0x88, 0x10, 0x04, 0x01, 0x23, 0x5B, 0x42, 0x00, 0x28, 0x59, 0xDB, 0xC0, 0x15, 0x01, 0x28
	.byte 0x30, 0xD1, 0x79, 0x6C, 0x41, 0x44, 0x7F, 0x20, 0x10, 0x40, 0x08, 0x70, 0x14, 0x4A, 0x78, 0x6C
	.byte 0x40, 0x44, 0x01, 0x78, 0x88, 0x00, 0x40, 0x18, 0x80, 0x00, 0x80, 0x18, 0x81, 0x88, 0x82, 0x7B
	.byte 0x00, 0x20, 0x00, 0x90, 0x38, 0x1C, 0x03, 0x23, 0x04, 0xF0, 0x48, 0xF8, 0xFA, 0x6C, 0x43, 0x46
	.byte 0x59, 0x00, 0x89, 0x18, 0x08, 0x80, 0x10, 0x98, 0x00, 0x28, 0x05, 0xD0, 0x78, 0x6C, 0x40, 0x44
	.byte 0x01, 0x78, 0x80, 0x22, 0x11, 0x43, 0x01, 0x70, 0x01, 0x21, 0x88, 0x44, 0x40, 0xE0, 0x00, 0x00
	.byte 0xD0, 0x1A, 0x21, 0x08, 0xD8, 0x1A, 0x21, 0x08, 0xE0, 0x1A, 0x21, 0x08, 0xE8, 0x1A, 0x21, 0x08
	.byte 0x44, 0xD8, 0x3B, 0x08, 0xB9, 0x6C, 0x89, 0x19, 0x7F, 0x20, 0x10, 0x40, 0x08, 0x70, 0x0F, 0x4A
	.byte 0xB8, 0x6C, 0x80, 0x19, 0x01, 0x78, 0x88, 0x00, 0x40, 0x18, 0x80, 0x00, 0x80, 0x18, 0x81, 0x88
	.byte 0x82, 0x7B, 0x43, 0x7C, 0x00, 0x20, 0x00, 0x90, 0x38, 0x1C, 0x04, 0xF0, 0x17, 0xF8, 0x3A, 0x6D
	.byte 0x71, 0x00, 0x89, 0x18, 0x08, 0x80, 0x10, 0x9A, 0x00, 0x2A, 0x05, 0xD0, 0xB8, 0x6C, 0x80, 0x19
	.byte 0x01, 0x78, 0x80, 0x22, 0x11, 0x43, 0x01, 0x70, 0x01, 0x36, 0x11, 0xE0, 0x7C, 0xE6, 0x3B, 0x08
	.byte 0x00, 0x22, 0x88, 0x5E, 0x48, 0x45, 0x00, 0xDA, 0x9D, 0xE0, 0x99, 0x45, 0x08, 0xD0, 0x0F, 0x9B
	.byte 0x98, 0x42, 0x05, 0xD1, 0x17, 0x99, 0x08, 0x78, 0x00, 0x28, 0x01, 0xD0, 0x01, 0x22, 0x10, 0x92
	.byte 0x01, 0x34, 0x28, 0x78, 0x80, 0x00, 0x68, 0x44, 0x18, 0x30, 0x01, 0x68, 0x60, 0x00, 0x40, 0x18
	.byte 0x00, 0x23, 0xC0, 0x5E, 0x48, 0x45, 0x00, 0xD0, 0x7B, 0xE7, 0x84, 0xE0, 0x00, 0x26, 0x00, 0x24
	.byte 0x11, 0x94, 0x51, 0x46, 0x08, 0x88, 0x24, 0x4A, 0x01, 0x21, 0x01, 0x23, 0xED, 0xF6, 0x16, 0xFF
	.byte 0x38, 0x64, 0x52, 0x46, 0x10, 0x88, 0x40, 0x00, 0x20, 0x4A, 0x01, 0x21, 0x01, 0x23, 0xED, 0xF6
	.byte 0x0D, 0xFF, 0xB8, 0x65, 0x28, 0x78, 0x80, 0x00, 0x68, 0x44, 0x18, 0x30, 0x00, 0x68, 0x00, 0x23
	.byte 0xC0, 0x5E, 0x48, 0x45, 0x51, 0xD0, 0x01, 0x20, 0x40, 0x42, 0x80, 0x46, 0x28, 0x78, 0x80, 0x00
	.byte 0x68, 0x44, 0x18, 0x30, 0x01, 0x68, 0x60, 0x00, 0x41, 0x18, 0x0A, 0x88, 0x00, 0x23, 0xC8, 0x5E
	.byte 0x40, 0x45, 0x27, 0xDD, 0x39, 0x6C, 0x89, 0x19, 0x7F, 0x20, 0x10, 0x40, 0x08, 0x70, 0x10, 0x49
	.byte 0x38, 0x6C, 0x80, 0x19, 0x00, 0x78, 0x00, 0x01, 0x40, 0x18, 0x41, 0x89, 0xC2, 0x78, 0x00, 0x20
	.byte 0x00, 0x90, 0x38, 0x1C, 0x03, 0x23, 0x03, 0xF0, 0xA9, 0xFF, 0xBA, 0x6D, 0x71, 0x00, 0x89, 0x18
	.byte 0x08, 0x80, 0x11, 0x98, 0x00, 0x28, 0x05, 0xD0, 0x38, 0x6C, 0x80, 0x19, 0x01, 0x78, 0x80, 0x22
	.byte 0x11, 0x43, 0x01, 0x70, 0x01, 0x36, 0x14, 0xE0, 0xF0, 0x1A, 0x21, 0x08, 0xF8, 0x1A, 0x21, 0x08
	.byte 0xD0, 0xBD, 0x3B, 0x08, 0x00, 0x22, 0x88, 0x5E, 0x48, 0x45, 0x16, 0xDB, 0xC1, 0x45, 0x08, 0xD0
	.byte 0x0F, 0x9B, 0x98, 0x42, 0x05, 0xD1, 0x17, 0x99, 0x08, 0x78, 0x00, 0x28, 0x01, 0xD0, 0x01, 0x22
	.byte 0x11, 0x92, 0x01, 0x34, 0x28, 0x78, 0x80, 0x00, 0x68, 0x44, 0x18, 0x30, 0x01, 0x68, 0x60, 0x00
	.byte 0x40, 0x18, 0x00, 0x23, 0xC0, 0x5E, 0x48, 0x45, 0xB0, 0xD1, 0x16, 0x4B, 0x18, 0x9C, 0x20, 0x78
	.byte 0x7F, 0x21, 0x0A, 0x1C, 0x02, 0x40, 0x38, 0x6C, 0x80, 0x18, 0x00, 0x78, 0x01, 0x40, 0x09, 0x01
	.byte 0xC9, 0x18, 0xCA, 0x78, 0x00, 0x20, 0x00, 0x90, 0x38, 0x1C, 0x00, 0x21, 0x03, 0x23, 0x03, 0xF0
	.byte 0x65, 0xFF, 0x15, 0x9E, 0x30, 0x80, 0x00, 0x20, 0x19, 0x99, 0x08, 0x70, 0x80, 0x25, 0x2D, 0x01
	.byte 0x09, 0x4A, 0x28, 0x1C, 0x01, 0x21, 0x01, 0x23, 0xED, 0xF6, 0x90, 0xFE, 0xB8, 0x63, 0x07, 0x49
	.byte 0x01, 0x24, 0x00, 0x94, 0x2A, 0x1C, 0x20, 0x23, 0xED, 0xF6, 0xBA, 0xF8, 0x3C, 0x70, 0x00, 0xF0
	.byte 0x6B, 0xFC, 0x00, 0x00, 0xD0, 0xBD, 0x3B, 0x08, 0x00, 0x1B, 0x21, 0x08, 0x00, 0xD0, 0x00, 0x06
	.byte 0x19, 0x48, 0x00, 0x21, 0x01, 0x60, 0x19, 0x4C, 0x19, 0x4A, 0xA0, 0x18, 0x01, 0x60, 0x00, 0x20
	.byte 0xFC, 0xF7, 0x00, 0xFF, 0x3D, 0x1C, 0x98, 0x35, 0x28, 0x60, 0xEE, 0xF6, 0xED, 0xFB, 0x01, 0x1C
	.byte 0x38, 0x1C, 0x94, 0x30, 0x01, 0x60, 0x13, 0x4A, 0x01, 0x20, 0xED, 0xF6, 0x03, 0xFE, 0x01, 0x1C
	.byte 0x3E, 0x1C, 0x9C, 0x36, 0x31, 0x60, 0x10, 0x4A, 0x28, 0x68, 0x12, 0x68, 0xAF, 0xF0, 0xBC, 0xFC
	.byte 0x8C, 0x23, 0x1B, 0x01, 0xE4, 0x18, 0x20, 0x78, 0x01, 0x30, 0x00, 0x21, 0xFC, 0xF7, 0xE2, 0xFE
	.byte 0x28, 0x60, 0x31, 0x68, 0xA0, 0x24, 0x64, 0x01, 0x09, 0x19, 0x00, 0x22, 0xFC, 0xF7, 0x9C, 0xFE
	.byte 0x02, 0x20, 0x38, 0x70, 0x00, 0xF0, 0x30, 0xFC, 0x78, 0x0C, 0x00, 0x03, 0x4C, 0x03, 0x00, 0x03
	.byte 0x84, 0x08, 0x00, 0x00, 0x08, 0x1B, 0x21, 0x08, 0x84, 0x0C, 0x00, 0x03, 0x3C, 0x1C, 0x9C, 0x34
	.byte 0x21, 0x68, 0x38, 0x1C, 0x94, 0x30, 0x00, 0x68, 0x00, 0x28, 0x00, 0xDA, 0x03, 0x30, 0x42, 0x02
	.byte 0xD2, 0x0A, 0x80, 0x20, 0xC0, 0x04, 0x02, 0x43, 0x08, 0x1C, 0x05, 0x49, 0xAF, 0xF0, 0xA2, 0xFA
	.byte 0x20, 0x68, 0xED, 0xF6, 0x85, 0xFD, 0x03, 0x20, 0x38, 0x70, 0x00, 0xF0, 0x0D, 0xFC, 0x00, 0x00
	.byte 0x00, 0x04, 0x01, 0x06, 0x38, 0x1C, 0x94, 0x30, 0x00, 0x68, 0x80, 0x26, 0xF6, 0x00, 0x80, 0x19
	.byte 0x00, 0x04, 0x00, 0x0C, 0x00, 0x21, 0x00, 0x22, 0x00, 0x23, 0xF5, 0xF6, 0x07, 0xFC, 0x04, 0x20
	.byte 0x38, 0x70, 0x00, 0xF0, 0xF9, 0xFB, 0x38, 0x1C, 0x01, 0xF0, 0x06, 0xFE, 0x05, 0x20, 0x38, 0x70
	.byte 0x00, 0xF0, 0xF2, 0xFB, 0x1A, 0x4C, 0x2C, 0x20, 0x00, 0x21, 0x22, 0x1C, 0x00, 0x23, 0xED, 0xF6
	.byte 0x21, 0xFE, 0x07, 0x21, 0x22, 0x1C, 0xCF, 0xF7, 0x67, 0xFF, 0x78, 0x62, 0x47, 0x61, 0x15, 0x48
	.byte 0x15, 0x4C, 0x80, 0x22, 0xD2, 0x01, 0x03, 0x68, 0x00, 0x20, 0x21, 0x1C, 0xAF, 0xF0, 0x56, 0xFC
	.byte 0x78, 0x6A, 0x96, 0x21, 0xC9, 0x01, 0x00, 0x91, 0xB9, 0x6B, 0x01, 0x91, 0x00, 0x21, 0x02, 0x91
	.byte 0xE0, 0x21, 0xC9, 0x01, 0x03, 0x91, 0x0F, 0x21, 0x04, 0x91, 0x01, 0x21, 0x05, 0x91, 0x00, 0x21
	.byte 0x0F, 0x22, 0x23, 0x1C, 0xCE, 0xF7, 0x76, 0xF8, 0x78, 0x63, 0x39, 0x1C, 0xB8, 0x31, 0x03, 0x20
	.byte 0x08, 0x70, 0x38, 0x1C, 0x02, 0xF0, 0x68, 0xFF, 0x06, 0x20, 0x38, 0x70, 0xBC, 0xE3, 0x00, 0x00
	.byte 0x10, 0x1B, 0x21, 0x08, 0x34, 0x10, 0x00, 0x03, 0x00, 0x80, 0x00, 0x06, 0x39, 0x1C, 0xA4, 0x31
	.byte 0x00, 0x20, 0x08, 0x80, 0x31, 0x20, 0x00, 0x21, 0xFC, 0xF7, 0x54, 0xFE, 0x3C, 0x1C, 0x98, 0x34
	.byte 0x20, 0x60, 0xEE, 0xF6, 0x41, 0xFB, 0x01, 0x1C, 0x38, 0x1C, 0xA0, 0x30, 0x01, 0x60, 0x08, 0x4A
	.byte 0x01, 0x20, 0xED, 0xF6, 0x57, 0xFD, 0x01, 0x1C, 0x38, 0x1C, 0x9C, 0x30, 0x01, 0x60, 0x05, 0x4A
	.byte 0x20, 0x68, 0x12, 0x68, 0xAF, 0xF0, 0x10, 0xFC, 0x07, 0x20, 0x38, 0x70, 0x94, 0xE3, 0x00, 0x00
	.byte 0x08, 0x1B, 0x21, 0x08, 0x84, 0x0C, 0x00, 0x03, 0x3E, 0x1C, 0x9C, 0x36, 0x33, 0x68, 0x3C, 0x1C
	.byte 0xA4, 0x34, 0x21, 0x88, 0xC0, 0x20, 0xC0, 0x04, 0x09, 0x18, 0x3D, 0x1C, 0xA0, 0x35, 0x2A, 0x68
	.byte 0x00, 0x2A, 0x00, 0xDA, 0x03, 0x32, 0x52, 0x02, 0xD2, 0x0A, 0x80, 0x20, 0xC0, 0x04, 0x02, 0x43
	.byte 0x18, 0x1C, 0xAF, 0xF0, 0x07, 0xFA, 0x30, 0x68, 0xED, 0xF6, 0xEA, 0xFC, 0x29, 0x68, 0x20, 0x88
	.byte 0x40, 0x18, 0x20, 0x80, 0x0F, 0x48, 0x80, 0x46, 0x0F, 0x48, 0x10, 0x4D, 0x40, 0x1B, 0x41, 0x46
	.byte 0x0A, 0x68, 0x12, 0x18, 0x20, 0x88, 0x80, 0x26, 0x36, 0x01, 0x31, 0x1C, 0xAF, 0xF0, 0xDC, 0xFB
	.byte 0x00, 0x28, 0x0B, 0xD0, 0x0A, 0x48, 0x40, 0x1B, 0x43, 0x46, 0x1A, 0x68, 0x12, 0x18, 0x20, 0x88
	.byte 0x31, 0x1C, 0xAF, 0xF0, 0xD1, 0xFB, 0xC0, 0x02, 0x80, 0x19, 0x20, 0x80, 0x08, 0x20, 0x38, 0x70
	.byte 0x52, 0xE3, 0x00, 0x00, 0x38, 0x10, 0x00, 0x03, 0x50, 0x83, 0x19, 0x08, 0x20, 0x82, 0x19, 0x08
	.byte 0x2C, 0x83, 0x19, 0x08, 0x2F, 0x49, 0x06, 0xA8, 0x09, 0x22, 0xB1, 0xF0, 0x21, 0xFD, 0x00, 0x26
	.byte 0xA4, 0x24, 0xE4, 0x19, 0xA0, 0x46, 0x38, 0x1C, 0xA0, 0x30, 0x13, 0x90, 0x98, 0x21, 0xC9, 0x19
	.byte 0x89, 0x46, 0x3D, 0x1C, 0x7C, 0x35, 0x28, 0x4A, 0x92, 0x46, 0x28, 0x48, 0x28, 0x4B, 0xC0, 0x1A
	.byte 0x12, 0x90, 0x68, 0x46, 0x80, 0x19, 0x18, 0x30, 0x00, 0x78, 0x00, 0x21, 0xFC, 0xF7, 0xD2, 0xFD
	.byte 0x49, 0x46, 0x08, 0x60, 0x20, 0x88, 0x28, 0x80, 0x22, 0x48, 0x21, 0x88, 0xC0, 0x22, 0xD2, 0x04
	.byte 0x89, 0x18, 0x03, 0x68, 0x00, 0x20, 0x80, 0x22, 0x12, 0x01, 0xAF, 0xF0, 0x97, 0xFB, 0x4B, 0x46
	.byte 0x18, 0x68, 0x21, 0x88, 0xC0, 0x22, 0xD2, 0x04, 0x89, 0x18, 0x00, 0x22, 0xFC, 0xF7, 0x7C, 0xFD
	.byte 0x13, 0x9B, 0x18, 0x60, 0x21, 0x88, 0x09, 0x18, 0x21, 0x80, 0x50, 0x46, 0x02, 0x68, 0x12, 0x99
	.byte 0x52, 0x18, 0x20, 0x88, 0x80, 0x21, 0x09, 0x01, 0xAF, 0xF0, 0x7E, 0xFB, 0x00, 0x28, 0x11, 0xD0
	.byte 0x11, 0x48, 0x0F, 0x4A, 0x80, 0x1A, 0x53, 0x46, 0x1A, 0x68, 0x12, 0x18, 0x41, 0x46, 0x08, 0x88
	.byte 0x80, 0x21, 0x09, 0x01, 0xAF, 0xF0, 0x70, 0xFB, 0xC0, 0x02, 0x80, 0x22, 0x12, 0x01, 0x80, 0x18
	.byte 0x43, 0x46, 0x18, 0x80, 0x02, 0x35, 0x01, 0x36, 0x08, 0x2E, 0xBA, 0xDD, 0x09, 0x20, 0x38, 0x70
	.byte 0xEA, 0xE2, 0x00, 0x00, 0x15, 0x1B, 0x21, 0x08, 0x38, 0x10, 0x00, 0x03, 0x50, 0x83, 0x19, 0x08
	.byte 0x20, 0x82, 0x19, 0x08, 0x34, 0x10, 0x00, 0x03, 0x2C, 0x83, 0x19, 0x08, 0x05, 0x48, 0x06, 0x4C
	.byte 0x00, 0x19, 0x01, 0x78, 0x06, 0x20, 0x08, 0x40, 0x00, 0x28, 0x07, 0xD1, 0x0A, 0xA9, 0x32, 0x20
	.byte 0x06, 0xE0, 0x00, 0x00, 0x4C, 0x03, 0x00, 0x03, 0x88, 0x08, 0x00, 0x00, 0x0A, 0xA9, 0x33, 0x20
	.byte 0xFC, 0xF7, 0x70, 0xFD, 0x39, 0x1C, 0x98, 0x31, 0x08, 0x60, 0x09, 0x68, 0x0A, 0x9A, 0x00, 0x2A
	.byte 0x00, 0xDA, 0x03, 0x32, 0x52, 0x02, 0xD2, 0x0A, 0x80, 0x20, 0xC0, 0x04, 0x02, 0x43, 0x08, 0x1C
	.byte 0x18, 0x49, 0xAF, 0xF0, 0x47, 0xF9, 0x18, 0x49, 0x18, 0x48, 0x48, 0x80, 0x18, 0x4A, 0x19, 0x48
	.byte 0x00, 0x21, 0x01, 0x80, 0x00, 0x88, 0x10, 0x80, 0x04, 0x32, 0x17, 0x48, 0x01, 0x80, 0x00, 0x88
	.byte 0x10, 0x80, 0x04, 0x32, 0x15, 0x48, 0x01, 0x80, 0x00, 0x88, 0x10, 0x80, 0x14, 0x48, 0x01, 0x80
	.byte 0x01, 0x88, 0x01, 0x80, 0x13, 0x49, 0x14, 0x4E, 0x30, 0x1C, 0x08, 0x80, 0x06, 0x31, 0x38, 0x1C
	.byte 0x7C, 0x30, 0x00, 0x88, 0x1F, 0x22, 0xC0, 0x0A, 0x00, 0x02, 0x02, 0x23, 0x18, 0x43, 0x08, 0x80
	.byte 0x38, 0x1C, 0xBD, 0x30, 0x00, 0x78, 0x00, 0x28, 0x18, 0xD1, 0x02, 0x39, 0x38, 0x1C, 0x8C, 0x30
	.byte 0x37, 0xE0, 0x00, 0x00, 0x80, 0x00, 0x00, 0x02, 0x4C, 0x03, 0x00, 0x03, 0xFF, 0xFF, 0x00, 0x00
	.byte 0x12, 0x00, 0x00, 0x02, 0x14, 0x00, 0x00, 0x02, 0x18, 0x00, 0x00, 0x02, 0x1C, 0x00, 0x00, 0x02
	.byte 0x1E, 0x00, 0x00, 0x02, 0x08, 0x00, 0x00, 0x02, 0x08, 0x1A, 0x00, 0x00, 0x38, 0x1C, 0xBE, 0x30
	.byte 0x01, 0x78, 0x01, 0x20, 0x08, 0x40, 0x00, 0x28, 0x18, 0xD0, 0x0B, 0x49, 0x38, 0x1C, 0x80, 0x30
	.byte 0x00, 0x88, 0xC0, 0x0A, 0x10, 0x40, 0x00, 0x02, 0x18, 0x43, 0x08, 0x80, 0x02, 0x39, 0x38, 0x1C
	.byte 0x88, 0x30, 0x00, 0x88, 0xC0, 0x0A, 0x10, 0x40, 0x00, 0x02, 0x18, 0x43, 0x08, 0x80, 0x39, 0x1C
	.byte 0xA6, 0x31, 0xFA, 0x20, 0x40, 0x01, 0x0E, 0xE0, 0x0C, 0x00, 0x00, 0x02, 0x0A, 0x49, 0x38, 0x1C
	.byte 0x7E, 0x30, 0x00, 0x88, 0xC0, 0x0A, 0x10, 0x40, 0x00, 0x02, 0x18, 0x43, 0x08, 0x80, 0x39, 0x1C
	.byte 0xA6, 0x31, 0xEA, 0x20, 0x40, 0x01, 0x08, 0x80, 0x80, 0x20, 0x80, 0x04, 0x09, 0x88, 0x01, 0x80
	.byte 0x0A, 0x20, 0x38, 0x70, 0x40, 0xE2, 0x00, 0x00, 0x0C, 0x00, 0x00, 0x02, 0x07, 0x48, 0x00, 0x78
	.byte 0x00, 0x28, 0x00, 0xD0, 0x38, 0xE2, 0x06, 0x49, 0x06, 0x48, 0x08, 0x60, 0x39, 0x1C, 0xB8, 0x31
	.byte 0x01, 0x20, 0x08, 0x70, 0x0B, 0x20, 0x38, 0x70, 0x2E, 0xE2, 0x00, 0x00, 0x80, 0x0C, 0x00, 0x03
	.byte 0x78, 0x0C, 0x00, 0x03, 0x3C, 0x06, 0x00, 0x08, 0x38, 0x1C, 0x04, 0xF0, 0x0D, 0xF8, 0x0C, 0x20
	.byte 0x38, 0x70, 0x21, 0xE2, 0x38, 0x1C, 0x03, 0xF0, 0xE7, 0xFF, 0x00, 0x06, 0x00, 0x28, 0x00, 0xD0
	.byte 0x1A, 0xE2, 0x38, 0x1C, 0xBD, 0x30, 0x00, 0x78, 0x00, 0x28, 0x02, 0xD1, 0x0D, 0x20, 0x38, 0x70
	.byte 0x12, 0xE2, 0x38, 0x1C, 0xBE, 0x30, 0x01, 0x78, 0x01, 0x20, 0x08, 0x40, 0x00, 0x28, 0x02, 0xD0
	.byte 0x0F, 0x20, 0x38, 0x70, 0x08, 0xE2, 0x0E, 0x20, 0x38, 0x70, 0x05, 0xE2, 0x38, 0x1C, 0x00, 0xF0
	.byte 0x13, 0xFA, 0x00, 0x06, 0x00, 0x0E, 0xC8, 0xE1, 0x00, 0x26, 0x3D, 0x1C, 0xBB, 0x35, 0x2C, 0x78
	.byte 0x01, 0x2C, 0x5D, 0xD1, 0xB8, 0x6A, 0x39, 0x1C, 0x68, 0x31, 0x3A, 0x1C, 0x6C, 0x32, 0xEF, 0xF6
	.byte 0x17, 0xFE, 0x00, 0x06, 0x00, 0x28, 0x70, 0xD1, 0x38, 0x6B, 0x01, 0x22, 0x52, 0x42, 0x00, 0x96
	.byte 0x06, 0x21, 0x00, 0x23, 0xF2, 0xF6, 0xD0, 0xFD, 0x38, 0x6B, 0xF5, 0xF6, 0x83, 0xFB, 0x3A, 0x6B
	.byte 0x91, 0x7C, 0x07, 0x20, 0x40, 0x42, 0x08, 0x40, 0x04, 0x21, 0x08, 0x43, 0x90, 0x74, 0x38, 0x1C
	.byte 0xB8, 0x30, 0x04, 0x70, 0x02, 0x20, 0x28, 0x70, 0x0B, 0x48, 0x03, 0x68, 0x3C, 0x1C, 0xC4, 0x34
	.byte 0x20, 0x78, 0x7F, 0x22, 0x11, 0x1C, 0x01, 0x40, 0x38, 0x6C, 0x40, 0x18, 0x00, 0x78, 0x02, 0x40
	.byte 0x8A, 0x33, 0x9B, 0x18, 0x1A, 0x78, 0x10, 0x1C, 0x18, 0x94, 0xFF, 0x28, 0x06, 0xD1, 0x39, 0x1C
	.byte 0xC2, 0x31, 0x08, 0x78, 0x06, 0xE0, 0x00, 0x00, 0xF4, 0x0F, 0x00, 0x03, 0x39, 0x1C, 0xC2, 0x31
	.byte 0x08, 0x78, 0x10, 0x18, 0x18, 0x70, 0x0B, 0x1C, 0x0C, 0x48, 0x01, 0x68, 0x88, 0x31, 0x38, 0x1C
	.byte 0xB2, 0x30, 0x1A, 0x78, 0x00, 0x88, 0x42, 0x43, 0x08, 0x88, 0x80, 0x1A, 0x08, 0x80, 0x18, 0x98
	.byte 0x01, 0x78, 0x7F, 0x20, 0x08, 0x40, 0x18, 0x99, 0x08, 0x70, 0x01, 0x20, 0x18, 0x70, 0x01, 0x21
	.byte 0x49, 0x42, 0x67, 0x20, 0xED, 0xF6, 0xBA, 0xFF, 0x1F, 0xE0, 0x00, 0x00, 0xF4, 0x0F, 0x00, 0x03
	.byte 0x02, 0x2C, 0x15, 0xD1, 0x38, 0x6B, 0x81, 0x7C, 0x08, 0x20, 0x08, 0x40, 0x00, 0x28, 0x14, 0xD0
	.byte 0x2E, 0x70, 0xF8, 0x6A, 0xF5, 0xF6, 0x2E, 0xFB, 0xF9, 0x6A, 0x24, 0x20, 0x08, 0x80, 0xFA, 0x6A
	.byte 0x38, 0x1C, 0xC5, 0x30, 0x01, 0x78, 0x0B, 0x20, 0x48, 0x43, 0x1C, 0x30, 0x50, 0x80, 0x04, 0xE0
	.byte 0x38, 0x1C, 0x00, 0xF0, 0x9B, 0xFC, 0x00, 0x06, 0x06, 0x0E, 0x01, 0x2E, 0x00, 0xD1, 0x7B, 0xE1
	.byte 0x02, 0x2E, 0x00, 0xD0, 0x78, 0xE1, 0x44, 0xE1, 0x00, 0x22, 0x91, 0x46, 0x3B, 0x1C, 0xBB, 0x33
	.byte 0x18, 0x78, 0x98, 0x46, 0x01, 0x28, 0x00, 0xD0, 0xF8, 0xE0, 0xB8, 0x6A, 0x39, 0x1C, 0x68, 0x31
	.byte 0x3A, 0x1C, 0x6C, 0x32, 0xEF, 0xF6, 0x8C, 0xFD, 0x00, 0x06, 0x00, 0x28, 0x00, 0xD0, 0x2B, 0xE1
	.byte 0x17, 0x49, 0x06, 0xA8, 0x02, 0x22, 0xB1, 0xF0, 0x3B, 0xFB, 0x16, 0x48, 0x01, 0x68, 0x08, 0x1C
	.byte 0xF2, 0x30, 0x0B, 0x90, 0x38, 0x38, 0x0B, 0xAD, 0x68, 0x60, 0xB9, 0x23, 0x5B, 0x00, 0xC8, 0x18
	.byte 0x0D, 0x90, 0x9D, 0x24, 0x64, 0x00, 0x08, 0x19, 0x0D, 0xAC, 0x60, 0x60, 0x38, 0x6B, 0x01, 0x22
	.byte 0x52, 0x42, 0x4E, 0x46, 0x00, 0x96, 0x06, 0x21, 0x00, 0x23, 0xF2, 0xF6, 0x2D, 0xFD, 0x38, 0x6B
	.byte 0xF5, 0xF6, 0xE0, 0xFA, 0x38, 0x1C, 0xBC, 0x30, 0x01, 0x78, 0x2B, 0x1C, 0xA4, 0x46, 0x82, 0x46
	.byte 0xFF, 0x29, 0x09, 0xD0, 0x39, 0x6B, 0x14, 0x20, 0x08, 0x80, 0x39, 0x6B, 0x4C, 0x20, 0x08, 0xE0
	.byte 0x1E, 0x1B, 0x21, 0x08, 0xF4, 0x0F, 0x00, 0x03, 0x39, 0x6B, 0xC0, 0x20, 0x08, 0x80, 0x39, 0x6B
	.byte 0x2C, 0x20, 0x48, 0x80, 0x3A, 0x6B, 0x91, 0x7C, 0x07, 0x20, 0x40, 0x42, 0x08, 0x40, 0x04, 0x21
	.byte 0x08, 0x43, 0x90, 0x74, 0x38, 0x1C, 0xB8, 0x30, 0x01, 0x26, 0x06, 0x70, 0x01, 0x30, 0x06, 0x70
	.byte 0x02, 0x20, 0x41, 0x46, 0x08, 0x70, 0x3C, 0x1C, 0xC0, 0x34, 0x20, 0x78, 0x7F, 0x25, 0x2A, 0x1C
	.byte 0x02, 0x40, 0x92, 0x00, 0xD2, 0x18, 0x3B, 0x1C, 0xC4, 0x33, 0x18, 0x78, 0x29, 0x1C, 0x01, 0x40
	.byte 0x38, 0x6C, 0x40, 0x18, 0x01, 0x78, 0x28, 0x1C, 0x08, 0x40, 0x11, 0x68, 0x09, 0x18, 0x0A, 0x78
	.byte 0x10, 0x1C, 0x18, 0x93, 0xFF, 0x28, 0x50, 0xD1, 0x0E, 0x70, 0x00, 0x26, 0x20, 0x78, 0x29, 0x1C
	.byte 0x01, 0x40, 0x68, 0x46, 0x40, 0x18, 0x18, 0x30, 0x03, 0x78, 0x1D, 0x4A, 0x90, 0x46, 0x9E, 0x42
	.byte 0x47, 0xDA, 0x88, 0x00, 0x1A, 0x1C, 0x60, 0x44, 0x01, 0x68, 0x03, 0x20, 0x10, 0x40, 0x00, 0x2A
	.byte 0x0F, 0xDD, 0x00, 0x28, 0x14, 0xD0, 0x01, 0x28, 0x0B, 0xDD, 0x02, 0x28, 0x04, 0xDD, 0x0B, 0x1C
	.byte 0x18, 0x78, 0xFF, 0x28, 0x26, 0xD0, 0x01, 0x26, 0x8B, 0x19, 0x18, 0x78, 0xFF, 0x28, 0x21, 0xD0
	.byte 0x01, 0x36, 0x8B, 0x19, 0x18, 0x78, 0xFF, 0x28, 0x1C, 0xD0, 0x01, 0x36, 0x96, 0x42, 0x28, 0xDA
	.byte 0x8B, 0x19, 0x18, 0x78, 0xFF, 0x28, 0x15, 0xD0, 0x70, 0x1C, 0x0B, 0x18, 0x18, 0x78, 0xFF, 0x28
	.byte 0x10, 0xD0, 0xB0, 0x1C, 0x0B, 0x18, 0x18, 0x78, 0xFF, 0x28, 0x0B, 0xD0, 0xF0, 0x1C, 0x0B, 0x18
	.byte 0x18, 0x78, 0xFF, 0x28, 0x06, 0xD0, 0x04, 0x36, 0x96, 0x42, 0xE9, 0xDB, 0x11, 0xE0, 0x00, 0x00
	.byte 0xF4, 0x0F, 0x00, 0x03, 0x18, 0x9E, 0x30, 0x78, 0x29, 0x1C, 0x01, 0x40, 0x38, 0x6C, 0x40, 0x18
	.byte 0x01, 0x78, 0x28, 0x1C, 0x08, 0x40, 0x18, 0x70, 0x03, 0xE0, 0x50, 0x1C, 0x08, 0x70, 0x1A, 0x48
	.byte 0x80, 0x46, 0x41, 0x46, 0x0A, 0x68, 0x88, 0x32, 0x18, 0x9B, 0x19, 0x78, 0x7F, 0x26, 0x30, 0x1C
	.byte 0x08, 0x40, 0xB9, 0x6D, 0x40, 0x00, 0x40, 0x18, 0x11, 0x88, 0x00, 0x88, 0x09, 0x1A, 0x11, 0x80
	.byte 0x51, 0x46, 0x08, 0x78, 0xFF, 0x28, 0x19, 0xD0, 0x21, 0x78, 0x30, 0x1C, 0x08, 0x40, 0x19, 0x78
	.byte 0x32, 0x1C, 0x0A, 0x40, 0x39, 0x6C, 0x89, 0x18, 0x0A, 0x78, 0x31, 0x1C, 0x11, 0x40, 0x53, 0x46
	.byte 0x1A, 0x78, 0x00, 0x23, 0xEB, 0xF7, 0x84, 0xFF, 0x18, 0x9C, 0x21, 0x78, 0x30, 0x1C, 0x08, 0x40
	.byte 0x39, 0x6C, 0x09, 0x18, 0x0A, 0x78, 0x30, 0x1C, 0x10, 0x40, 0x08, 0x70, 0x01, 0x21, 0x49, 0x42
	.byte 0x67, 0x20, 0xED, 0xF6, 0x93, 0xFE, 0x3F, 0xE0, 0xF4, 0x0F, 0x00, 0x03, 0x02, 0x28, 0x35, 0xD1
	.byte 0x38, 0x6B, 0x81, 0x7C, 0x08, 0x20, 0x08, 0x40, 0x00, 0x28, 0x35, 0xD0, 0x38, 0x1C, 0xC6, 0x30
	.byte 0x4E, 0x46, 0x06, 0x70, 0x3A, 0x1C, 0xC4, 0x32, 0x11, 0x78, 0x7F, 0x20, 0x08, 0x40, 0x10, 0x70
	.byte 0x11, 0x4A, 0x38, 0x1C, 0xC1, 0x30, 0x01, 0x78, 0x04, 0x31, 0x49, 0x00, 0x45, 0x38, 0x40, 0x18
	.byte 0x00, 0x88, 0xC0, 0x0A, 0x00, 0x02, 0x02, 0x21, 0x08, 0x43, 0x10, 0x80, 0x1E, 0x70, 0xF8, 0x6A
	.byte 0xF5, 0xF6, 0xF0, 0xF9, 0xF9, 0x6A, 0x24, 0x20, 0x08, 0x80, 0xFA, 0x6A, 0x38, 0x1C, 0xC5, 0x30
	.byte 0x01, 0x78, 0x0B, 0x20, 0x48, 0x43, 0x0C, 0x30, 0x50, 0x80, 0x38, 0x1C, 0xB8, 0x30, 0x01, 0x21
	.byte 0x01, 0x70, 0x01, 0x30, 0x01, 0x70, 0x07, 0xE0, 0x0A, 0x00, 0x00, 0x02, 0x38, 0x1C, 0x00, 0xF0
	.byte 0x23, 0xFD, 0x00, 0x06, 0x00, 0x0E, 0x81, 0x46, 0x48, 0x46, 0x01, 0x28, 0x34, 0xD0, 0x02, 0x28
	.byte 0x32, 0xD1, 0x10, 0x20, 0x38, 0x70, 0x2F, 0xE0, 0x38, 0x1C, 0x03, 0xF0, 0x01, 0xFE, 0x11, 0x20
	.byte 0x38, 0x70, 0x29, 0xE0, 0x38, 0x1C, 0x03, 0xF0, 0xEF, 0xFD, 0x00, 0x06, 0x01, 0x0E, 0x00, 0x29
	.byte 0x22, 0xD1, 0x15, 0x48, 0x01, 0x80, 0x15, 0x4A, 0x01, 0x20, 0x50, 0x80, 0x38, 0x1C, 0x8E, 0x30
	.byte 0x00, 0x88, 0x78, 0x32, 0x12, 0x49, 0x01, 0x40, 0x13, 0x88, 0x12, 0x48, 0x18, 0x40, 0x08, 0x43
	.byte 0x10, 0x80, 0xF9, 0x6B, 0x38, 0x1C, 0x90, 0x30, 0x00, 0x78, 0x08, 0x72, 0xF9, 0x6B, 0x38, 0x1C
	.byte 0x91, 0x30, 0x00, 0x78, 0x48, 0x72, 0x00, 0x2F, 0x03, 0xD0, 0x38, 0x1C, 0x03, 0x21, 0xFF, 0xF7
	.byte 0x7F, 0xF8, 0x78, 0x69, 0xEE, 0xF6, 0x4E, 0xF9
_0812B980:
	.byte 0x1B, 0xB0, 0x38, 0xBC, 0x98, 0x46, 0xA1, 0x46, 0xAA, 0x46, 0xF0, 0xBC, 0x01, 0xBC, 0x00, 0x47
	.byte 0x80, 0x00, 0x00, 0x02, 0x4C, 0x03, 0x00, 0x03, 0xFF, 0x03, 0x00, 0x00, 0x00, 0xFC, 0xFF, 0xFF
	thumb_func_start sub_812B9A0
sub_812B9A0:
	push {r4, r5, r6, r7, lr}
	mov r7, r10
	mov r6, r9
	mov r5, r8
	push {r5, r6, r7}
	add sp, #-0x014
	adds r5, r0, #0x0
	adds r7, r5, #0x0
	adds r7, #0xC4
	ldrb r2, [r7, #0x00]
	movs r4, #0x80
	adds r0, r4, #0x0
	ands r0, r2
	cmp r0, #0x00
	bne _0812B9C0
	b _0812BD80
_0812B9C0:
	ldr r0, [r5, #0x3C]
	ldrh r1, [r0, #0x02]
	movs r0, #0x01
	ands r0, r1
	cmp r0, #0x00
	bne _0812B9CE
	b _0812BCDE
_0812B9CE:
	adds r1, r5, #0x0
	adds r1, #0xA8
	ldrh r0, [r1, #0x00]
	str r0, [sp, #0x00C]
	movs r3, #0x00
	str r3, [sp, #0x010]
	movs r4, #0x7F
	mov r12, r4
	ands r4, r2
	adds r0, r5, #0x0
	adds r0, #0xAA
	adds r6, r4, #0x0
	ldrh r2, [r0, #0x00]
	mov r8, r1
	mov r9, r0
	cmp r6, r2
	bcs _0812BA34
	ldr r3, _0812BA30 @ =0x03000FF4
	ldr r2, [r3, #0x00]
	ldr r0, [r5, #0x40]
	adds r0, r0, r4
	adds r2, #0x8A
	ldrb r0, [r0, #0x00]
	adds r2, r2, r0
	adds r4, r5, #0x0
	adds r4, #0xC2
	ldrb r0, [r2, #0x00]
	ldrb r1, [r4, #0x00]
	subs r0, r0, r1
	strb r0, [r2, #0x00]
	ldr r2, [r3, #0x00]
	ldrb r1, [r7, #0x00]
	mov r0, r12
	ands r0, r1
	ldr r1, [r5, #0x40]
	adds r1, r1, r0
	adds r2, #0x8A
	ldrb r1, [r1, #0x00]
	adds r2, r2, r1
	ldrb r0, [r2, #0x00]
	mov r12, r3
	mov r10, r4
	cmp r0, #0x00
	beq _0812BA28
	b _0812BB8C
_0812BA28:
	movs r0, #0x01
	str r0, [sp, #0x010]
	b _0812BB8C
	.byte 0x00, 0x00
_0812BA30: .4byte 0x03000FF4
_0812BA34:
	adds r3, r5, #0x0
	adds r3, #0xAE
	cmp r2, r6
	bhi _0812BAD8
	mov r1, r9
	ldrh r0, [r1, #0x00]
	ldrh r1, [r3, #0x00]
	adds r0, r0, r1
	cmp r4, r0
	bge _0812BAD8
	cmp r1, #0x00
	beq _0812BAD8
	ldr r3, _0812BAD4 @ =0x03000FF4
	ldr r2, [r3, #0x00]
	ldr r0, [r5, #0x40]
	adds r0, r0, r4
	adds r2, #0xF2
	ldrb r0, [r0, #0x00]
	adds r2, r2, r0
	adds r4, r5, #0x0
	adds r4, #0xC2
	ldrb r0, [r2, #0x00]
	ldrb r1, [r4, #0x00]
	subs r0, r0, r1
	strb r0, [r2, #0x00]
	ldr r6, [r3, #0x00]
	ldrb r0, [r7, #0x00]
	mov r1, r12
	ands r1, r0
	ldr r0, [r5, #0x40]
	adds r0, r0, r1
	ldrb r1, [r0, #0x00]
	adds r0, r6, #0x0
	adds r0, #0xF2
	adds r0, r0, r1
	ldrb r0, [r0, #0x00]
	mov r12, r3
	mov r10, r4
	cmp r0, #0x00
	beq _0812BACE
	cmp r0, #0x02
	bne _0812BA9A
	adds r0, r6, #0x0
	adds r0, #0x32
	ldrb r2, [r0, #0x00]
	cmp r2, r1
	bne _0812BA9A
	adds r0, #0x3C
	ldrb r0, [r0, #0x00]
	cmp r2, r0
	beq _0812BACE
_0812BA9A:
	mov r3, r12
	ldr r2, [r3, #0x00]
	adds r0, r5, #0x0
	adds r0, #0xC4
	ldrb r0, [r0, #0x00]
	movs r1, #0x7F
	ands r1, r0
	ldr r0, [r5, #0x40]
	adds r0, r0, r1
	ldrb r1, [r0, #0x00]
	adds r0, r2, #0x0
	adds r0, #0xF2
	adds r0, r0, r1
	ldrb r0, [r0, #0x00]
	cmp r0, #0x01
	bne _0812BB8C
	adds r0, r2, #0x0
	adds r0, #0x32
	ldrb r0, [r0, #0x00]
	cmp r0, r1
	beq _0812BACE
	adds r0, r2, #0x0
	adds r0, #0x6E
	ldrb r0, [r0, #0x00]
	cmp r0, r1
	bne _0812BB8C
_0812BACE:
	movs r4, #0x02
	str r4, [sp, #0x010]
	b _0812BB8C
_0812BAD4: .4byte 0x03000FF4
_0812BAD8:
	mov r0, r9
	ldrh r1, [r0, #0x00]
	ldrh r0, [r3, #0x00]
	adds r1, r1, r0
	adds r2, r5, #0x0
	adds r2, #0xC4
	ldrb r0, [r2, #0x00]
	movs r4, #0x7F
	adds r3, r4, #0x0
	ands r3, r0
	adds r7, r2, #0x0
	ldr r2, _0812BC60 @ =0x03000FF4
	mov r12, r2
	movs r0, #0xC2
	adds r0, r0, r5
	mov r10, r0
	cmp r1, r3
	bgt _0812BB8C
	mov r1, r8
	ldrh r1, [r1, #0x00]
	cmp r3, r1
	bcs _0812BB8C
	adds r0, r5, #0x0
	adds r0, #0xAC
	ldrh r0, [r0, #0x00]
	cmp r0, #0x00
	beq _0812BB8C
	mov r0, r12
	ldr r2, [r0, #0x00]
	ldr r0, [r5, #0x40]
	adds r0, r0, r3
	adds r2, #0xBA
	ldrb r0, [r0, #0x00]
	adds r2, r2, r0
	ldrb r0, [r2, #0x00]
	mov r3, r10
	ldrb r1, [r3, #0x00]
	subs r0, r0, r1
	strb r0, [r2, #0x00]
	mov r0, r12
	ldr r6, [r0, #0x00]
	ldrb r0, [r7, #0x00]
	adds r1, r4, #0x0
	ands r1, r0
	ldr r0, [r5, #0x40]
	adds r0, r0, r1
	ldrb r1, [r0, #0x00]
	adds r0, r6, #0x0
	adds r0, #0xBA
	adds r0, r0, r1
	ldrb r0, [r0, #0x00]
	cmp r0, #0x00
	beq _0812BB88
	cmp r0, #0x02
	bne _0812BB58
	adds r0, r6, #0x0
	adds r0, #0x31
	ldrb r2, [r0, #0x00]
	cmp r2, r1
	bne _0812BB58
	adds r0, #0x3C
	ldrb r0, [r0, #0x00]
	cmp r2, r0
	beq _0812BB88
_0812BB58:
	mov r1, r12
	ldr r2, [r1, #0x00]
	ldrb r0, [r7, #0x00]
	movs r1, #0x7F
	ands r1, r0
	ldr r0, [r5, #0x40]
	adds r0, r0, r1
	ldrb r1, [r0, #0x00]
	adds r0, r2, #0x0
	adds r0, #0xBA
	adds r0, r0, r1
	ldrb r0, [r0, #0x00]
	cmp r0, #0x01
	bne _0812BB8C
	adds r0, r2, #0x0
	adds r0, #0x31
	ldrb r0, [r0, #0x00]
	cmp r0, r1
	beq _0812BB88
	adds r0, r2, #0x0
	adds r0, #0x6D
	ldrb r0, [r0, #0x00]
	cmp r0, r1
	bne _0812BB8C
_0812BB88:
	movs r2, #0x03
	str r2, [sp, #0x010]
_0812BB8C:
	mov r3, r12
	ldr r0, [r3, #0x00]
	adds r2, r0, #0x0
	adds r2, #0x88
	adds r3, r5, #0x0
	adds r3, #0xB2
	mov r4, r10
	ldrb r1, [r4, #0x00]
	ldrh r0, [r3, #0x00]
	adds r4, r0, #0x0
	muls r4, r1
	adds r0, r4, #0x0
	ldrh r1, [r2, #0x00]
	adds r0, r0, r1
	strh r0, [r2, #0x00]
	lsls r0, r0, #0x10
	lsrs r0, r0, #0x10
	ldr r1, _0812BC64 @ =0x0000270F
	cmp r0, r1
	bls _0812BBB6
	strh r1, [r2, #0x00]
_0812BBB6:
	movs r0, #0x00
	strh r0, [r3, #0x00]
	movs r1, #0x01
	negs r1, r1
	movs r0, #0x67
	bl play_sfx_80195B4
	ldr r2, [sp, #0x010]
	cmp r2, #0x00
	beq _0812BC4E
	mov r3, r9
	str r3, [sp, #0x000]
	adds r0, r5, #0x0
	adds r0, #0xAE
	str r0, [sp, #0x004]
	subs r0, #0x02
	str r0, [sp, #0x008]
	adds r0, #0x18
	ldrb r0, [r0, #0x00]
	movs r3, #0x7F
	ands r3, r0
	mov r6, r8
	ldrh r0, [r6, #0x00]
	subs r0, #0x01
	adds r7, r2, #0x0
	subs r7, #0x01
	cmp r3, r0
	bge _0812BC12
_0812BBEE:
	ldr r0, [r5, #0x40]
	adds r0, r0, r3
	ldrb r1, [r0, #0x01]
	strb r1, [r0, #0x00]
	ldr r1, [r5, #0x54]
	lsls r2, r3, #0x01
	adds r1, r2, r1
	ldrh r0, [r1, #0x02]
	strh r0, [r1, #0x00]
	ldr r0, [r5, #0x58]
	adds r2, r2, r0
	ldrh r0, [r2, #0x02]
	strh r0, [r2, #0x00]
	adds r3, #0x01
	ldrh r0, [r6, #0x00]
	subs r0, #0x01
	cmp r3, r0
	blt _0812BBEE
_0812BC12:
	mov r4, r8
	ldrh r0, [r4, #0x00]
	ldr r1, [r5, #0x40]
	adds r0, r0, r1
	subs r0, #0x01
	movs r1, #0xFF
	strb r1, [r0, #0x00]
	ldrh r0, [r4, #0x00]
	ldr r1, [r5, #0x54]
	lsls r0, r0, #0x01
	adds r0, r0, r1
	subs r0, #0x02
	ldr r1, _0812BC68 @ =0x0000FFFF
	adds r2, r1, #0x0
	strh r2, [r0, #0x00]
	ldrh r0, [r4, #0x00]
	ldr r1, [r5, #0x58]
	lsls r0, r0, #0x01
	adds r0, r0, r1
	subs r0, #0x02
	strh r2, [r0, #0x00]
	lsls r0, r7, #0x02
	add r0, sp
	ldr r1, [r0, #0x00]
	ldrh r0, [r1, #0x00]
	subs r0, #0x01
	strh r0, [r1, #0x00]
	ldrh r0, [r4, #0x00]
	subs r0, #0x01
	strh r0, [r4, #0x00]
_0812BC4E:
	mov r2, r8
	ldrh r0, [r2, #0x00]
	cmp r0, #0x00
	bne _0812BC6C
	ldr r0, [r5, #0x2C]
	bl sprite_hide_8021F20
	movs r0, #0x02
	b _0812BFA2
_0812BC60: .4byte 0x03000FF4
_0812BC64: .4byte 0x0000270F
_0812BC68: .4byte 0x0000FFFF
_0812BC6C:
	ldr r3, [sp, #0x00C]
	cmp r3, #0x07
	bne _0812BC86
	cmp r0, #0x06
	bne _0812BC86
	adds r0, r5, #0x0
	adds r0, #0xC4
	movs r1, #0x00
	strb r1, [r0, #0x00]
	adds r0, #0x01
	strb r1, [r0, #0x00]
	adds r4, r0, #0x0
	b _0812BCBC
_0812BC86:
	adds r2, r5, #0x0
	adds r2, #0xC4
	ldrb r0, [r2, #0x00]
	movs r1, #0x7F
	ands r1, r0
	strb r1, [r2, #0x00]
	mov r4, r8
	ldrh r1, [r4, #0x00]
	subs r0, r1, #0x1
	adds r4, r5, #0x0
	adds r4, #0xC5
	ldrb r3, [r2, #0x00]
	cmp r0, r3
	bge _0812BCBC
	adds r1, r0, #0x0
	strb r1, [r2, #0x00]
	mov r2, r8
	ldrh r0, [r2, #0x00]
	subs r0, #0x01
	cmp r0, #0x05
	bgt _0812BCBC
	lsls r0, r1, #0x18
	lsrs r0, r0, #0x18
	ldrb r3, [r4, #0x00]
	cmp r0, r3
	bcs _0812BCBC
	strb r1, [r4, #0x00]
_0812BCBC:
	movs r2, #0x01
	mov r0, r10
	strb r2, [r0, #0x00]
	ldr r1, [r5, #0x2C]
	movs r0, #0x24
	strh r0, [r1, #0x00]
	ldr r3, [r5, #0x2C]
	ldrb r1, [r4, #0x00]
	movs r0, #0x0B
	muls r0, r1
	adds r0, #0x1C
	strh r0, [r3, #0x02]
	adds r0, r5, #0x0
	adds r0, #0xB8
	strb r2, [r0, #0x00]
	adds r0, #0x01
	strb r2, [r0, #0x00]
_0812BCDE:
	ldr r2, [r5, #0x3C]
	ldrh r1, [r2, #0x02]
	movs r0, #0x02
	ands r0, r1
	cmp r0, #0x00
	beq _0812BD2A
	adds r2, r5, #0x0
	adds r2, #0xC4
	ldrb r1, [r2, #0x00]
	movs r0, #0x7F
	ands r0, r1
	strb r0, [r2, #0x00]
	adds r0, r5, #0x0
	adds r0, #0xC2
	movs r2, #0x01
	strb r2, [r0, #0x00]
	ldr r1, [r5, #0x2C]
	movs r0, #0x24
	strh r0, [r1, #0x00]
	ldr r3, [r5, #0x2C]
	adds r0, r5, #0x0
	adds r0, #0xC5
	ldrb r1, [r0, #0x00]
	movs r0, #0x0B
	muls r0, r1
	adds r0, #0x1C
	strh r0, [r3, #0x02]
	adds r0, r5, #0x0
	adds r0, #0xB8
	strb r2, [r0, #0x00]
	adds r0, #0x01
	strb r2, [r0, #0x00]
	movs r1, #0x01
	negs r1, r1
	movs r0, #0x61
	bl play_sfx_80195B4
	b _0812BFA0
_0812BD2A:
	ldrh r1, [r2, #0x06]
	movs r0, #0x40
	ands r0, r1
	cmp r0, #0x00
	beq _0812BD52
	adds r2, r5, #0x0
	adds r2, #0xC2
	ldrb r0, [r2, #0x00]
	adds r0, #0x01
	strb r0, [r2, #0x00]
	adds r1, r5, #0x0
	adds r1, #0xC3
	lsls r0, r0, #0x18
	lsrs r0, r0, #0x18
	ldrb r1, [r1, #0x00]
	cmp r0, r1
	bls _0812BD74
	movs r0, #0x01
	strb r0, [r2, #0x00]
	b _0812BD74
_0812BD52:
	movs r0, #0x80
	ands r0, r1
	cmp r0, #0x00
	bne _0812BD5C
	b _0812BFA0
_0812BD5C:
	adds r1, r5, #0x0
	adds r1, #0xC2
	ldrb r0, [r1, #0x00]
	subs r0, #0x01
	strb r0, [r1, #0x00]
	lsls r0, r0, #0x18
	cmp r0, #0x00
	bne _0812BD74
	adds r0, r5, #0x0
	adds r0, #0xC3
	ldrb r0, [r0, #0x00]
	strb r0, [r1, #0x00]
_0812BD74:
	movs r1, #0x01
	negs r1, r1
	movs r0, #0x5F
	bl play_sfx_80195B4
	b _0812BFA0
_0812BD80:
	ldr r3, [r5, #0x3C]
	ldrh r1, [r3, #0x02]
	movs r0, #0x02
	ands r0, r1
	cmp r0, #0x00
	beq _0812BD9A
	movs r1, #0x01
	negs r1, r1
	movs r0, #0x61
	bl play_sfx_80195B4
	movs r0, #0x02
	b _0812BFA2
_0812BD9A:
	movs r0, #0x01
	ands r0, r1
	cmp r0, #0x00
	bne _0812BDA4
	b _0812BED4
_0812BDA4:
	adds r1, r5, #0x0
	adds r1, #0xC2
	movs r0, #0x01
	strb r0, [r1, #0x00]
	ldrb r4, [r7, #0x00]
	adds r0, r5, #0x0
	adds r0, #0xAA
	adds r2, r4, #0x0
	ldrh r1, [r0, #0x00]
	mov r9, r0
	cmp r2, r1
	bcs _0812BDD8
	ldr r0, _0812BDD4 @ =0x03000FF4
	ldr r1, [r0, #0x00]
	ldr r0, [r5, #0x40]
	adds r0, r0, r4
	adds r1, #0x8A
	ldrb r0, [r0, #0x00]
	adds r1, r1, r0
	ldrb r0, [r1, #0x00]
	adds r1, r5, #0x0
	adds r1, #0xC3
	strb r0, [r1, #0x00]
	b _0812BE90
_0812BDD4: .4byte 0x03000FF4
_0812BDD8:
	adds r3, r5, #0x0
	adds r3, #0xAE
	cmp r1, r2
	bhi _0812BE24
	mov r1, r9
	ldrh r0, [r1, #0x00]
	ldrh r1, [r3, #0x00]
	adds r0, r0, r1
	cmp r4, r0
	bge _0812BE24
	cmp r1, #0x00
	beq _0812BE24
	ldr r6, _0812BE20 @ =0x03000FF4
	ldr r2, [r6, #0x00]
	ldr r1, [r5, #0x40]
	adds r1, r1, r4
	adds r0, r2, #0x0
	adds r0, #0xF2
	ldrb r1, [r1, #0x00]
	adds r0, r0, r1
	ldrb r4, [r0, #0x00]
	adds r3, #0x15
	strb r4, [r3, #0x00]
	adds r2, #0x32
	ldrb r1, [r7, #0x00]
	ldr r0, [r5, #0x40]
	adds r0, r0, r1
	ldrb r1, [r2, #0x00]
	ldrb r0, [r0, #0x00]
	cmp r1, r0
	bne _0812BE1A
	subs r0, r4, #0x1
	strb r0, [r3, #0x00]
_0812BE1A:
	ldr r1, [r6, #0x00]
	adds r1, #0x6E
	b _0812BE7C
_0812BE20: .4byte 0x03000FF4
_0812BE24:
	mov r2, r9
	ldrh r0, [r2, #0x00]
	ldrh r1, [r3, #0x00]
	adds r0, r0, r1
	adds r1, r5, #0x0
	adds r1, #0xC4
	ldrb r3, [r1, #0x00]
	adds r7, r1, #0x0
	cmp r0, r3
	bgt _0812BEA0
	adds r0, r5, #0x0
	adds r0, #0xA8
	ldrh r0, [r0, #0x00]
	cmp r3, r0
	bcs _0812BEA0
	adds r0, r5, #0x0
	adds r0, #0xAC
	ldrh r0, [r0, #0x00]
	cmp r0, #0x00
	beq _0812BEA0
	ldr r6, _0812BED0 @ =0x03000FF4
	ldr r2, [r6, #0x00]
	ldr r1, [r5, #0x40]
	adds r1, r1, r3
	adds r0, r2, #0x0
	adds r0, #0xBA
	ldrb r1, [r1, #0x00]
	adds r0, r0, r1
	ldrb r4, [r0, #0x00]
	adds r3, r5, #0x0
	adds r3, #0xC3
	strb r4, [r3, #0x00]
	adds r2, #0x31
	ldrb r1, [r7, #0x00]
	ldr r0, [r5, #0x40]
	adds r0, r0, r1
	ldrb r1, [r2, #0x00]
	ldrb r0, [r0, #0x00]
	cmp r1, r0
	bne _0812BE78
	subs r0, r4, #0x1
	strb r0, [r3, #0x00]
_0812BE78:
	ldr r1, [r6, #0x00]
	adds r1, #0x6D
_0812BE7C:
	ldrb r2, [r7, #0x00]
	ldr r0, [r5, #0x40]
	adds r0, r0, r2
	ldrb r1, [r1, #0x00]
	ldrb r0, [r0, #0x00]
	cmp r1, r0
	bne _0812BE90
	ldrb r0, [r3, #0x00]
	subs r0, #0x01
	strb r0, [r3, #0x00]
_0812BE90:
	ldrb r0, [r7, #0x00]
	ldr r1, [r5, #0x58]
	lsls r0, r0, #0x01
	adds r0, r0, r1
	ldrh r0, [r0, #0x00]
	adds r1, r5, #0x0
	adds r1, #0xB2
	strh r0, [r1, #0x00]
_0812BEA0:
	ldrb r1, [r7, #0x00]
	movs r0, #0x80
	orrs r0, r1
	strb r0, [r7, #0x00]
	ldr r1, [r5, #0x2C]
	movs r2, #0x00
	movs r0, #0xA4
	strh r0, [r1, #0x00]
	ldr r1, [r5, #0x2C]
	movs r0, #0x72
	strh r0, [r1, #0x02]
	adds r0, r5, #0x0
	adds r0, #0xBA
	strb r2, [r0, #0x00]
	subs r0, #0x02
	movs r1, #0x01
	strb r1, [r0, #0x00]
	adds r0, #0x01
	strb r1, [r0, #0x00]
	subs r1, #0x02
	movs r0, #0x60
	bl play_sfx_80195B4
	b _0812BFA0
_0812BED0: .4byte 0x03000FF4
_0812BED4:
	ldrh r1, [r3, #0x06]
	movs r0, #0x40
	ands r0, r1
	lsls r0, r0, #0x10
	lsrs r3, r0, #0x10
	cmp r3, #0x00
	beq _0812BF2E
	lsls r0, r2, #0x18
	cmp r0, #0x00
	bne _0812BEF6
	adds r1, r5, #0x0
	adds r1, #0xA8
	ldrb r0, [r1, #0x00]
	subs r0, #0x01
	strb r0, [r7, #0x00]
	mov r8, r1
	b _0812BF00
_0812BEF6:
	subs r0, r2, #0x1
	strb r0, [r7, #0x00]
	movs r3, #0xA8
	adds r3, r3, r5
	mov r8, r3
_0812BF00:
	mov r4, r8
	ldrh r0, [r4, #0x00]
	cmp r0, #0x06
	bhi _0812BF1E
	adds r0, r5, #0x0
	adds r0, #0xC4
	ldrb r1, [r0, #0x00]
	ldrh r2, [r4, #0x00]
	subs r0, r2, #0x1
	cmp r1, r0
	bne _0812BF1E
	adds r1, r0, #0x0
	adds r0, r5, #0x0
	adds r0, #0xC5
	b _0812BF62
_0812BF1E:
	adds r0, r5, #0x0
	adds r0, #0xC5
	ldrb r1, [r0, #0x00]
	adds r4, r0, #0x0
	cmp r1, #0x00
	beq _0812BF78
	subs r0, r1, #0x1
	b _0812BF76
_0812BF2E:
	adds r0, r4, #0x0
	ands r0, r1
	cmp r0, #0x00
	beq _0812BFA0
	ldrb r2, [r7, #0x00]
	adds r1, r5, #0x0
	adds r1, #0xA8
	ldrh r0, [r1, #0x00]
	subs r0, #0x01
	mov r8, r1
	cmp r2, r0
	bne _0812BF4A
	strb r3, [r7, #0x00]
	b _0812BF4E
_0812BF4A:
	adds r0, r2, #0x1
	strb r0, [r7, #0x00]
_0812BF4E:
	mov r1, r8
	ldrh r0, [r1, #0x00]
	cmp r0, #0x06
	bhi _0812BF68
	adds r0, r5, #0x0
	adds r0, #0xC4
	ldrb r1, [r0, #0x00]
	cmp r1, #0x00
	bne _0812BF68
	adds r0, #0x01
_0812BF62:
	strb r1, [r0, #0x00]
	adds r4, r0, #0x0
	b _0812BF78
_0812BF68:
	adds r0, r5, #0x0
	adds r0, #0xC5
	ldrb r1, [r0, #0x00]
	adds r4, r0, #0x0
	cmp r1, #0x05
	beq _0812BF78
	adds r0, r1, #0x1
_0812BF76:
	strb r0, [r4, #0x00]
_0812BF78:
	ldr r2, [r5, #0x2C]
	ldrb r1, [r4, #0x00]
	movs r0, #0x0B
	muls r0, r1
	adds r0, #0x1C
	strh r0, [r2, #0x02]
	movs r1, #0x01
	negs r1, r1
	movs r0, #0x5F
	bl play_sfx_80195B4
	adds r0, r5, #0x0
	bl sub_812F1E4
	adds r0, r5, #0x0
	adds r0, #0xB8
	movs r1, #0x01
	strb r1, [r0, #0x00]
	adds r0, #0x01
	strb r1, [r0, #0x00]
_0812BFA0:
	movs r0, #0x00
_0812BFA2:
	add sp, #0x014
	pop {r3, r4, r5}
	mov r8, r3
	mov r9, r4
	mov r10, r5
	pop {r4, r5, r6, r7}
	pop {r1}
	bx r1
	.byte 0x00, 0x00
	thumb_func_start sub_812BFB4
sub_812BFB4:
	push {r4, r5, r6, r7, lr}
	mov r7, r9
	mov r6, r8
	push {r6, r7}
	add sp, #-0x004
	adds r5, r0, #0x0
	adds r7, r5, #0x0
	adds r7, #0xC4
	ldrb r2, [r7, #0x00]
	movs r0, #0x80
	mov r9, r0
	ands r0, r2
	cmp r0, #0x00
	bne _0812BFD2
	b _0812C0EA
_0812BFD2:
	ldr r0, [r5, #0x3C]
	ldrh r1, [r0, #0x02]
	movs r3, #0x01
	mov r8, r3
	movs r0, #0x01
	ands r0, r1
	cmp r0, #0x00
	beq _0812C052
	adds r0, r5, #0x0
	adds r0, #0xBB
	mov r1, r8
	strb r1, [r0, #0x00]
	adds r1, r5, #0x0
	adds r1, #0x70
	movs r0, #0x1C
	strh r0, [r1, #0x00]
	adds r6, r5, #0x0
	adds r6, #0xC5
	ldrb r0, [r6, #0x00]
	movs r4, #0x0B
	muls r0, r4
	adds r0, #0x18
	adds r2, r5, #0x0
	adds r2, #0x72
	strh r0, [r2, #0x00]
	adds r0, r5, #0x0
	adds r0, #0x78
	movs r2, #0xC0
	strh r2, [r0, #0x00]
	adds r3, r5, #0x0
	adds r3, #0x7A
	movs r0, #0x2C
	strh r0, [r3, #0x00]
	adds r0, r5, #0x0
	adds r0, #0x74
	strh r2, [r0, #0x00]
	ldrb r0, [r6, #0x00]
	muls r0, r4
	adds r0, #0x18
	adds r2, r5, #0x0
	adds r2, #0x76
	strh r0, [r2, #0x00]
	ldr r0, [r5, #0x28]
	movs r3, #0xA0
	lsls r3, r3, #0x04
	movs r2, #0x03
	bl sub_801B748
	movs r0, #0xE0
	lsls r0, r0, #0x05
	str r0, [r5, #0x68]
	ldrb r0, [r6, #0x00]
	muls r0, r4
	adds r0, #0x18
	lsls r0, r0, #0x08
	str r0, [r5, #0x6C]
	movs r1, #0x01
	negs r1, r1
	movs r0, #0x60
	bl play_sfx_80195B4
	ldr r0, [r5, #0x2C]
	bl sprite_hide_8021F20
_0812C052:
	ldr r2, [r5, #0x3C]
	ldrh r1, [r2, #0x02]
	movs r0, #0x02
	ands r0, r1
	cmp r0, #0x00
	beq _0812C09A
	ldrb r1, [r7, #0x00]
	movs r0, #0x7F
	ands r0, r1
	strb r0, [r7, #0x00]
	adds r0, r5, #0x0
	adds r0, #0xC2
	mov r3, r8
	strb r3, [r0, #0x00]
	ldr r1, [r5, #0x2C]
	movs r0, #0x24
	strh r0, [r1, #0x00]
	ldr r2, [r5, #0x2C]
	adds r0, r5, #0x0
	adds r0, #0xC5
	ldrb r1, [r0, #0x00]
	movs r0, #0x0B
	muls r0, r1
	adds r0, #0x1C
	strh r0, [r2, #0x02]
	adds r0, r5, #0x0
	adds r0, #0xB8
	strb r3, [r0, #0x00]
	adds r0, #0x01
	strb r3, [r0, #0x00]
	movs r1, #0x01
	negs r1, r1
	movs r0, #0x61
	bl play_sfx_80195B4
	b _0812C33A
_0812C09A:
	ldrh r1, [r2, #0x06]
	movs r0, #0x40
	ands r0, r1
	cmp r0, #0x00
	beq _0812C0C4
	adds r2, r5, #0x0
	adds r2, #0xC2
	ldrb r0, [r2, #0x00]
	adds r0, #0x01
	strb r0, [r2, #0x00]
	adds r1, r5, #0x0
	adds r1, #0xC3
	lsls r0, r0, #0x18
	lsrs r0, r0, #0x18
	ldrb r1, [r1, #0x00]
	cmp r0, r1
	bhi _0812C0BE
	b _0812C292
_0812C0BE:
	mov r0, r8
	strb r0, [r2, #0x00]
	b _0812C292
_0812C0C4:
	mov r0, r9
	ands r0, r1
	cmp r0, #0x00
	bne _0812C0CE
	b _0812C33A
_0812C0CE:
	adds r1, r5, #0x0
	adds r1, #0xC2
	ldrb r0, [r1, #0x00]
	subs r0, #0x01
	strb r0, [r1, #0x00]
	lsls r0, r0, #0x18
	cmp r0, #0x00
	beq _0812C0E0
	b _0812C292
_0812C0E0:
	adds r0, r5, #0x0
	adds r0, #0xC3
	ldrb r0, [r0, #0x00]
	strb r0, [r1, #0x00]
	b _0812C292
_0812C0EA:
	ldr r3, [r5, #0x3C]
	ldrh r1, [r3, #0x02]
	movs r0, #0x02
	ands r0, r1
	cmp r0, #0x00
	beq _0812C104
	movs r1, #0x01
	negs r1, r1
	movs r0, #0x61
	bl play_sfx_80195B4
	movs r0, #0x02
	b _0812C33C
_0812C104:
	movs r0, #0x01
	ands r0, r1
	cmp r0, #0x00
	beq _0812C1F4
	ldrb r0, [r7, #0x00]
	ldr r1, [r5, #0x58]
	lsls r0, r0, #0x01
	adds r0, r0, r1
	ldrh r6, [r0, #0x00]
	ldr r2, _0812C1D8 @ =0x03001038
	ldr r0, _0812C1DC @ =0x0819832C
	ldr r1, _0812C1E0 @ =0x08198220
	subs r0, r0, r1
	ldr r2, [r2, #0x00]
	adds r2, r2, r0
	ldr r4, _0812C1E4 @ =0x03000FF4
	ldr r0, [r4, #0x00]
	adds r0, #0x88
	ldrh r0, [r0, #0x00]
	adds r1, r6, #0x0
	bl _call_via_r2
	lsls r0, r0, #0x10
	lsrs r2, r0, #0x10
	ldr r4, [r4, #0x00]
	ldrb r0, [r7, #0x00]
	movs r3, #0x7F
	adds r1, r3, #0x0
	ands r1, r0
	ldr r0, [r5, #0x40]
	adds r0, r0, r1
	ldrb r1, [r0, #0x00]
	adds r0, r3, #0x0
	ands r0, r1
	movs r1, #0x8A
	adds r1, r1, r4
	mov r12, r1
	add r0, r12
	ldrb r0, [r0, #0x00]
	cmp r0, #0x63
	beq _0812C1E8
	adds r0, r4, #0x0
	adds r0, #0x88
	ldrh r0, [r0, #0x00]
	cmp r6, r0
	bhi _0812C1E8
	adds r1, r5, #0x0
	adds r1, #0xC2
	movs r0, #0x01
	strb r0, [r1, #0x00]
	cmp r2, #0x63
	bls _0812C16E
	movs r2, #0x63
_0812C16E:
	ldrb r0, [r7, #0x00]
	adds r1, r3, #0x0
	ands r1, r0
	ldr r0, [r5, #0x40]
	adds r0, r0, r1
	ldrb r1, [r0, #0x00]
	adds r0, r3, #0x0
	ands r0, r1
	mov r3, r12
	adds r1, r3, r0
	ldrb r0, [r1, #0x00]
	cmp r0, #0xFF
	beq _0812C198
	adds r1, r0, #0x0
	adds r0, r1, r2
	cmp r0, #0x63
	ble _0812C198
	movs r0, #0x63
	subs r0, r0, r1
	lsls r0, r0, #0x10
	lsrs r2, r0, #0x10
_0812C198:
	adds r0, r5, #0x0
	adds r0, #0xC3
	strb r2, [r0, #0x00]
	subs r0, #0x11
	movs r3, #0x00
	strh r6, [r0, #0x00]
	adds r2, r5, #0x0
	adds r2, #0xC4
	ldrb r1, [r2, #0x00]
	movs r0, #0x80
	orrs r0, r1
	strb r0, [r2, #0x00]
	ldr r1, [r5, #0x2C]
	movs r0, #0xA4
	strh r0, [r1, #0x00]
	ldr r1, [r5, #0x2C]
	movs r0, #0x72
	strh r0, [r1, #0x02]
	adds r0, r5, #0x0
	adds r0, #0xBA
	strb r3, [r0, #0x00]
	subs r0, #0x02
	movs r1, #0x01
	strb r1, [r0, #0x00]
	adds r0, #0x01
	strb r1, [r0, #0x00]
	subs r1, #0x02
	movs r0, #0x60
	bl play_sfx_80195B4
	b _0812C33A
	.byte 0x00, 0x00
_0812C1D8: .4byte 0x03001038
_0812C1DC: .4byte 0x0819832C
_0812C1E0: .4byte 0x08198220
_0812C1E4: .4byte 0x03000FF4
_0812C1E8:
	movs r1, #0x01
	negs r1, r1
	movs r0, #0x50
	bl play_sfx_80195B4
	b _0812C33A
_0812C1F4:
	ldrh r1, [r3, #0x06]
	movs r0, #0x40
	ands r0, r1
	lsls r0, r0, #0x10
	lsrs r4, r0, #0x10
	cmp r4, #0x00
	beq _0812C2A4
	lsls r0, r2, #0x18
	cmp r0, #0x00
	bne _0812C216
	adds r1, r5, #0x0
	adds r1, #0xA8
	ldrb r0, [r1, #0x00]
	subs r0, #0x01
	strb r0, [r7, #0x00]
	adds r2, r1, #0x0
	b _0812C21E
_0812C216:
	subs r0, r2, #0x1
	strb r0, [r7, #0x00]
	adds r2, r5, #0x0
	adds r2, #0xA8
_0812C21E:
	ldrh r0, [r2, #0x00]
	adds r6, r5, #0x0
	adds r6, #0xC4
	cmp r0, #0x06
	bhi _0812C23E
	ldrb r1, [r6, #0x00]
	adds r2, r0, #0x0
	subs r0, r2, #0x1
	cmp r1, r0
	bne _0812C23E
	adds r1, r0, #0x0
	adds r0, r5, #0x0
	adds r0, #0xC5
	strb r1, [r0, #0x00]
	adds r1, r0, #0x0
	b _0812C24E
_0812C23E:
	adds r0, r5, #0x0
	adds r0, #0xC5
	ldrb r2, [r0, #0x00]
	adds r1, r0, #0x0
	cmp r2, #0x00
	beq _0812C24E
	subs r0, r2, #0x1
	strb r0, [r1, #0x00]
_0812C24E:
	ldr r2, [r5, #0x2C]
	ldrb r1, [r1, #0x00]
	movs r0, #0x0B
	muls r0, r1
	adds r0, #0x1C
	movs r4, #0x00
	strh r0, [r2, #0x02]
	ldr r3, _0812C2A0 @ =0x083BBDD0
	ldrb r0, [r6, #0x00]
	movs r1, #0x7F
	adds r2, r1, #0x0
	ands r2, r0
	ldr r0, [r5, #0x40]
	adds r0, r0, r2
	ldrb r0, [r0, #0x00]
	ands r1, r0
	lsls r1, r1, #0x04
	adds r1, r1, r3
	ldrb r2, [r1, #0x03]
	str r4, [sp, #0x000]
	adds r0, r5, #0x0
	movs r1, #0x00
	movs r3, #0x03
	bl sub_812EF44
	adds r1, r5, #0x0
	adds r1, #0xB0
	strh r0, [r1, #0x00]
	adds r0, r5, #0x0
	adds r0, #0xB8
	movs r1, #0x01
	strb r1, [r0, #0x00]
	adds r0, #0x01
	strb r1, [r0, #0x00]
_0812C292:
	movs r1, #0x01
	negs r1, r1
	movs r0, #0x5F
	bl play_sfx_80195B4
	b _0812C33A
	.byte 0x00, 0x00
_0812C2A0: .4byte 0x083BBDD0
_0812C2A4:
	mov r0, r9
	ands r0, r1
	cmp r0, #0x00
	beq _0812C33A
	ldrb r3, [r7, #0x00]
	adds r1, r5, #0x0
	adds r1, #0xA8
	ldrh r0, [r1, #0x00]
	subs r0, #0x01
	adds r2, r1, #0x0
	cmp r3, r0
	bne _0812C2C0
	strb r4, [r7, #0x00]
	b _0812C2C4
_0812C2C0:
	adds r0, r3, #0x1
	strb r0, [r7, #0x00]
_0812C2C4:
	ldrh r0, [r2, #0x00]
	adds r6, r5, #0x0
	adds r6, #0xC4
	cmp r0, #0x06
	bhi _0812C2DE
	ldrb r1, [r6, #0x00]
	cmp r1, #0x00
	bne _0812C2DE
	adds r0, r5, #0x0
	adds r0, #0xC5
	strb r1, [r0, #0x00]
	adds r1, r0, #0x0
	b _0812C2EE
_0812C2DE:
	adds r0, r5, #0x0
	adds r0, #0xC5
	ldrb r2, [r0, #0x00]
	adds r1, r0, #0x0
	cmp r2, #0x05
	beq _0812C2EE
	adds r0, r2, #0x1
	strb r0, [r1, #0x00]
_0812C2EE:
	ldr r2, [r5, #0x2C]
	ldrb r1, [r1, #0x00]
	movs r0, #0x0B
	muls r0, r1
	adds r0, #0x1C
	movs r4, #0x00
	strh r0, [r2, #0x02]
	ldr r3, _0812C34C @ =0x083BBDD0
	ldrb r0, [r6, #0x00]
	movs r1, #0x7F
	adds r2, r1, #0x0
	ands r2, r0
	ldr r0, [r5, #0x40]
	adds r0, r0, r2
	ldrb r0, [r0, #0x00]
	ands r1, r0
	lsls r1, r1, #0x04
	adds r1, r1, r3
	ldrb r2, [r1, #0x03]
	str r4, [sp, #0x000]
	adds r0, r5, #0x0
	movs r1, #0x00
	movs r3, #0x03
	bl sub_812EF44
	adds r1, r5, #0x0
	adds r1, #0xB0
	strh r0, [r1, #0x00]
	adds r0, r5, #0x0
	adds r0, #0xB8
	movs r1, #0x01
	strb r1, [r0, #0x00]
	adds r0, #0x01
	strb r1, [r0, #0x00]
	subs r1, #0x02
	movs r0, #0x5F
	bl play_sfx_80195B4
_0812C33A:
	movs r0, #0x00
_0812C33C:
	add sp, #0x004
	pop {r3, r4}
	mov r8, r3
	mov r9, r4
	pop {r4, r5, r6, r7}
	pop {r1}
	bx r1
	.byte 0x00, 0x00
_0812C34C: .4byte 0x083BBDD0
	thumb_func_start sub_812C350
sub_812C350:
	push {r4, r5, r6, r7, lr}
	mov r7, r10
	mov r6, r9
	mov r5, r8
	push {r5, r6, r7}
	add sp, #-0x014
	adds r5, r0, #0x0
	ldr r0, [r5, #0x14]
	mov r9, r0
	ldr r1, _0812C3D8 @ =0x03000FF4
	ldr r0, [r1, #0x00]
	adds r1, r0, #0x0
	adds r1, #0xF2
	str r1, [sp, #0x004]
	adds r0, #0xBA
	str r0, [sp, #0x008]
	movs r2, #0xC0
	adds r2, r2, r5
	mov r10, r2
	ldrb r4, [r2, #0x00]
	movs r0, #0x80
	ands r0, r4
	cmp r0, #0x00
	bne _0812C384
	bl _0812CB64
_0812C384:
	movs r6, #0xC6
	adds r6, r6, r5
	mov r8, r6
	ldrb r2, [r6, #0x00]
	movs r0, #0x80
	ands r0, r2
	mov r1, r8
	str r1, [sp, #0x010]
	cmp r0, #0x00
	bne _0812C39A
	b _0812C6D4
_0812C39A:
	ldr r0, [r5, #0x3C]
	ldrh r1, [r0, #0x02]
	movs r6, #0x01
	mov r10, r6
	mov r0, r10
	ands r0, r1
	cmp r0, #0x00
	bne _0812C3AC
	b _0812C54E
_0812C3AC:
	movs r6, #0x7F
	adds r0, r6, #0x0
	ands r0, r4
	cmp r0, #0x00
	beq _0812C3EE
	movs r0, #0x82
	lsls r0, r0, #0x02
	add r0, r9
	ldrb r1, [r0, #0x00]
	movs r0, #0x50
	ands r0, r1
	cmp r0, #0x00
	bne _0812C3DC
	adds r0, r6, #0x0
	ands r0, r2
	cmp r0, #0x00
	bne _0812C410
	lsls r0, r1, #0x1D
	lsrs r0, r0, #0x1F
	adds r1, r5, #0x0
	adds r1, #0xBC
	b _0812C416
_0812C3D8: .4byte 0x03000FF4
_0812C3DC:
	adds r1, r6, #0x0
	ands r1, r2
	cmp r1, #0x02
	beq _0812C410
	adds r0, r5, #0x0
	adds r0, #0xBC
	strb r1, [r0, #0x00]
	adds r3, r0, #0x0
	b _0812C41A
_0812C3EE:
	movs r0, #0x82
	lsls r0, r0, #0x02
	add r0, r9
	ldrb r1, [r0, #0x00]
	movs r0, #0x50
	ands r0, r1
	cmp r0, #0x00
	bne _0812C420
	adds r0, r6, #0x0
	ands r0, r2
	cmp r0, #0x00
	bne _0812C410
	lsls r0, r1, #0x1D
	lsrs r0, r0, #0x1F
	adds r1, r5, #0x0
	adds r1, #0xBC
	b _0812C416
_0812C410:
	adds r1, r5, #0x0
	adds r1, #0xBC
	movs r0, #0xFF
_0812C416:
	strb r0, [r1, #0x00]
	adds r3, r1, #0x0
_0812C41A:
	adds r7, r5, #0x0
	adds r7, #0xC4
	b _0812C476
_0812C420:
	adds r4, r6, #0x0
	ands r4, r2
	ldr r3, _0812C45C @ =0x083BE67C
	adds r2, r5, #0x0
	adds r2, #0xC4
	ldrb r0, [r2, #0x00]
	adds r1, r6, #0x0
	ands r1, r0
	ldr r0, [r5, #0x40]
	adds r0, r0, r1
	ldrb r0, [r0, #0x00]
	adds r1, r6, #0x0
	ands r1, r0
	lsls r0, r1, #0x02
	adds r0, r0, r1
	lsls r0, r0, #0x02
	adds r0, r0, r3
	ldrb r1, [r0, #0x11]
	adds r0, r1, #0x1
	asrs r0, r0, #0x01
	adds r7, r2, #0x0
	cmp r4, r0
	beq _0812C46C
	cmp r1, #0x03
	bne _0812C460
	adds r0, r5, #0x0
	adds r0, #0xBC
	strb r4, [r0, #0x00]
	adds r3, r0, #0x0
	b _0812C476
_0812C45C: .4byte 0x083BE67C
_0812C460:
	subs r1, #0x01
	adds r0, r5, #0x0
	adds r0, #0xBC
	strb r1, [r0, #0x00]
	adds r3, r0, #0x0
	b _0812C476
_0812C46C:
	adds r1, r5, #0x0
	adds r1, #0xBC
	movs r0, #0xFF
	strb r0, [r1, #0x00]
	adds r3, r1, #0x0
_0812C476:
	adds r1, r5, #0x0
	adds r1, #0xBB
	movs r0, #0x01
	strb r0, [r1, #0x00]
	adds r2, r5, #0x0
	adds r2, #0x70
	movs r0, #0x1C
	strh r0, [r2, #0x00]
	adds r1, #0x0A
	ldrb r0, [r1, #0x00]
	movs r4, #0x0B
	mov r8, r4
	mov r6, r8
	muls r6, r0
	adds r0, r6, #0x0
	adds r0, #0x08
	adds r6, r5, #0x0
	adds r6, #0x72
	strh r0, [r6, #0x00]
	ldrb r0, [r3, #0x00]
	mov r9, r2
	adds r4, r1, #0x0
	cmp r0, #0xFF
	beq _0812C4F4
	subs r1, #0x4D
	movs r0, #0x10
	strh r0, [r1, #0x00]
	adds r3, r5, #0x0
	adds r3, #0x7A
	movs r0, #0x48
	strh r0, [r3, #0x00]
	subs r1, #0x04
	movs r0, #0x00
	strh r0, [r1, #0x00]
	ldr r2, _0812C4E8 @ =0x03001038
	ldr r0, _0812C4EC @ =0x0819832C
	ldr r1, _0812C4F0 @ =0x08198220
	subs r0, r0, r1
	ldr r2, [r2, #0x00]
	adds r2, r2, r0
	movs r1, #0x00
	ldsh r0, [r6, r1]
	movs r6, #0x00
	ldsh r1, [r3, r6]
	adds r0, r0, r1
	movs r1, #0x02
	bl _call_via_r2
	adds r1, r5, #0x0
	adds r1, #0x76
	strh r0, [r1, #0x00]
	movs r1, #0x01
	negs r1, r1
	movs r0, #0x60
	bl play_sfx_80195B4
	b _0812C524
_0812C4E8: .4byte 0x03001038
_0812C4EC: .4byte 0x0819832C
_0812C4F0: .4byte 0x08198220
_0812C4F4:
	adds r0, r5, #0x0
	adds r0, #0x78
	movs r1, #0xC0
	strh r1, [r0, #0x00]
	adds r2, r5, #0x0
	adds r2, #0x7A
	movs r0, #0x2C
	strh r0, [r2, #0x00]
	adds r0, r5, #0x0
	adds r0, #0x74
	strh r1, [r0, #0x00]
	ldrb r0, [r4, #0x00]
	mov r1, r8
	muls r1, r0
	adds r0, r1, #0x0
	adds r0, #0x08
	adds r1, r5, #0x0
	adds r1, #0x76
	strh r0, [r1, #0x00]
	movs r1, #0x01
	negs r1, r1
	movs r0, #0x61
	bl play_sfx_80195B4
_0812C524:
	ldr r0, [r5, #0x28]
	movs r3, #0xA0
	lsls r3, r3, #0x04
	mov r1, r9
	movs r2, #0x03
	bl sub_801B748
	movs r0, #0xE0
	lsls r0, r0, #0x05
	str r0, [r5, #0x68]
	ldrb r1, [r4, #0x00]
	movs r0, #0x0B
	muls r0, r1
	adds r0, #0x08
	lsls r0, r0, #0x08
	str r0, [r5, #0x6C]
	ldr r0, [r5, #0x2C]
	bl sprite_hide_8021F20
	bl _0812CD32
_0812C54E:
	movs r0, #0x02
	ands r0, r1
	cmp r0, #0x00
	beq _0812C5C8
	adds r1, r5, #0x0
	adds r1, #0xBC
	movs r0, #0xFF
	strb r0, [r1, #0x00]
	subs r1, #0x01
	movs r0, #0x01
	strb r0, [r1, #0x00]
	subs r1, #0x4B
	movs r0, #0x1C
	strh r0, [r1, #0x00]
	adds r6, r5, #0x0
	adds r6, #0xC5
	ldrb r0, [r6, #0x00]
	movs r4, #0x0B
	muls r0, r4
	adds r0, #0x08
	adds r2, r5, #0x0
	adds r2, #0x72
	strh r0, [r2, #0x00]
	adds r0, r5, #0x0
	adds r0, #0x78
	movs r2, #0xC0
	strh r2, [r0, #0x00]
	adds r3, r5, #0x0
	adds r3, #0x7A
	movs r0, #0x2C
	strh r0, [r3, #0x00]
	adds r0, r5, #0x0
	adds r0, #0x74
	strh r2, [r0, #0x00]
	ldrb r0, [r6, #0x00]
	muls r0, r4
	adds r0, #0x08
	adds r2, r5, #0x0
	adds r2, #0x76
	strh r0, [r2, #0x00]
	ldr r0, [r5, #0x28]
	movs r3, #0xA0
	lsls r3, r3, #0x04
	movs r2, #0x03
	bl sub_801B748
	movs r0, #0xE0
	lsls r0, r0, #0x05
	str r0, [r5, #0x68]
	ldrb r0, [r6, #0x00]
	muls r0, r4
	adds r0, #0x08
	lsls r0, r0, #0x08
	str r0, [r5, #0x6C]
	ldr r0, [r5, #0x2C]
	bl sprite_hide_8021F20
	movs r1, #0x01
	negs r1, r1
	movs r0, #0x61
	b _0812CCF8
_0812C5C8:
	movs r0, #0x20
	ands r0, r1
	cmp r0, #0x00
	beq _0812C5F2
	movs r1, #0x7F
	adds r0, r1, #0x0
	ands r0, r2
	cmp r0, #0x00
	bne _0812C5DC
	b _0812CCF2
_0812C5DC:
	subs r0, r2, #0x1
	mov r2, r8
	strb r0, [r2, #0x00]
	ldr r2, [r5, #0x2C]
	ands r1, r0
	lsls r0, r1, #0x05
	subs r0, r0, r1
	lsls r0, r0, #0x01
	adds r0, #0x18
	strh r0, [r2, #0x00]
	b _0812CCF2
_0812C5F2:
	movs r0, #0x10
	ands r0, r1
	adds r7, r5, #0x0
	adds r7, #0xC4
	cmp r0, #0x00
	bne _0812C600
	b _0812CD32
_0812C600:
	movs r3, #0x7F
	adds r0, r3, #0x0
	ands r0, r4
	cmp r0, #0x00
	beq _0812C63E
	movs r0, #0x82
	lsls r0, r0, #0x02
	add r0, r9
	ldrb r1, [r0, #0x00]
	movs r0, #0x50
	ands r0, r1
	cmp r0, #0x00
	bne _0812C62C
	adds r0, r3, #0x0
	ands r0, r2
	cmp r0, #0x01
	bne _0812C624
	b _0812C8B4
_0812C624:
	adds r0, r2, #0x1
	mov r4, r8
	strb r0, [r4, #0x00]
	b _0812C6C2
_0812C62C:
	adds r0, r3, #0x0
	ands r0, r2
	cmp r0, #0x02
	bne _0812C636
	b _0812C8B4
_0812C636:
	adds r0, r2, #0x1
	mov r6, r8
	strb r0, [r6, #0x00]
	b _0812C6C2
_0812C63E:
	movs r0, #0x82
	lsls r0, r0, #0x02
	add r0, r9
	ldrb r4, [r0, #0x00]
	movs r0, #0x50
	ands r0, r4
	ldr r1, _0812C68C @ =0x083BE67C
	mov r9, r1
	ldr r6, [r5, #0x40]
	cmp r0, #0x00
	bne _0812C690
	ldrb r1, [r7, #0x00]
	adds r0, r3, #0x0
	ands r0, r1
	adds r0, r6, r0
	ldrb r0, [r0, #0x00]
	adds r1, r3, #0x0
	ands r1, r0
	lsls r0, r1, #0x02
	adds r0, r0, r1
	lsls r0, r0, #0x02
	add r0, r9
	ldrb r1, [r0, #0x11]
	lsls r0, r4, #0x1D
	lsrs r0, r0, #0x1F
	asrs r1, r0
	mov r4, r10
	ands r1, r4
	cmp r1, #0x00
	beq _0812C690
	adds r0, r3, #0x0
	ands r0, r2
	cmp r0, #0x01
	bne _0812C684
	b _0812C8B4
_0812C684:
	adds r0, r2, #0x1
	mov r6, r8
	strb r0, [r6, #0x00]
	b _0812C6C2
_0812C68C: .4byte 0x083BE67C
_0812C690:
	ldr r0, [sp, #0x010]
	ldrb r4, [r0, #0x00]
	movs r3, #0x7F
	adds r2, r3, #0x0
	ands r2, r4
	ldrb r1, [r7, #0x00]
	adds r0, r3, #0x0
	ands r0, r1
	adds r0, r6, r0
	ldrb r0, [r0, #0x00]
	adds r1, r3, #0x0
	ands r1, r0
	lsls r0, r1, #0x02
	adds r0, r0, r1
	lsls r0, r0, #0x02
	add r0, r9
	ldrb r0, [r0, #0x11]
	adds r0, #0x01
	asrs r0, r0, #0x01
	cmp r2, r0
	bne _0812C6BC
	b _0812C8B4
_0812C6BC:
	adds r0, r4, #0x1
	ldr r1, [sp, #0x010]
	strb r0, [r1, #0x00]
_0812C6C2:
	ldr r2, [r5, #0x2C]
	adds r1, r3, #0x0
	ands r1, r0
	lsls r0, r1, #0x05
	subs r0, r0, r1
	lsls r0, r0, #0x01
	adds r0, #0x18
	strh r0, [r2, #0x00]
	b _0812C8B4
_0812C6D4:
	adds r1, r5, #0x0
	adds r1, #0xC4
	ldrb r6, [r1, #0x00]
	movs r0, #0x80
	ands r0, r6
	lsls r0, r0, #0x18
	lsrs r0, r0, #0x18
	str r0, [sp, #0x00C]
	adds r7, r1, #0x0
	cmp r0, #0x00
	bne _0812C6EC
	b _0812C8C0
_0812C6EC:
	ldr r0, [r5, #0x3C]
	mov r12, r0
	ldrh r3, [r0, #0x02]
	movs r0, #0x02
	ands r0, r3
	cmp r0, #0x00
	beq _0812C744
	movs r0, #0x7F
	ands r0, r6
	strb r0, [r7, #0x00]
	ldr r2, _0812C740 @ =0x0200000A
	adds r0, r5, #0x0
	adds r0, #0xC1
	ldrb r1, [r0, #0x00]
	adds r1, #0x04
	lsls r1, r1, #0x01
	subs r0, #0x45
	adds r0, r0, r1
	ldrh r0, [r0, #0x00]
	lsrs r0, r0, #0x0B
	lsls r0, r0, #0x08
	movs r1, #0x02
	orrs r0, r1
	strh r0, [r2, #0x00]
	ldr r1, [r5, #0x2C]
	movs r0, #0x24
	strh r0, [r1, #0x00]
	ldr r2, [r5, #0x2C]
	adds r0, r5, #0x0
	adds r0, #0xC5
	ldrb r1, [r0, #0x00]
	movs r0, #0x0B
	muls r0, r1
	adds r0, #0x0C
	strh r0, [r2, #0x02]
	adds r0, r5, #0x0
	adds r0, #0xB8
	movs r1, #0x01
	strb r1, [r0, #0x00]
	adds r0, #0x01
	strb r1, [r0, #0x00]
	b _0812C79C
_0812C740: .4byte 0x0200000A
_0812C744:
	movs r0, #0x01
	mov r10, r0
	movs r1, #0x01
	ands r1, r3
	cmp r1, #0x00
	bne _0812C752
	b _0812C87A
_0812C752:
	lsls r0, r2, #0x18
	cmp r0, #0x00
	beq _0812C7AC
	movs r0, #0x7F
	ands r0, r6
	strb r0, [r7, #0x00]
	ldr r2, _0812C7A8 @ =0x0200000A
	adds r0, r5, #0x0
	adds r0, #0xC1
	ldrb r1, [r0, #0x00]
	adds r1, #0x04
	lsls r1, r1, #0x01
	subs r0, #0x45
	adds r0, r0, r1
	ldrh r0, [r0, #0x00]
	lsrs r0, r0, #0x0B
	lsls r0, r0, #0x08
	movs r1, #0x02
	orrs r0, r1
	strh r0, [r2, #0x00]
	ldr r1, [r5, #0x2C]
	movs r0, #0x24
	strh r0, [r1, #0x00]
	ldr r2, [r5, #0x2C]
	adds r0, r5, #0x0
	adds r0, #0xC5
	ldrb r1, [r0, #0x00]
	movs r0, #0x0B
	muls r0, r1
	adds r0, #0x0C
	strh r0, [r2, #0x02]
	adds r0, r5, #0x0
	adds r0, #0xB8
	mov r2, r10
	strb r2, [r0, #0x00]
	adds r0, #0x01
	strb r2, [r0, #0x00]
_0812C79C:
	movs r1, #0x01
	negs r1, r1
	movs r0, #0x61
	bl play_sfx_80195B4
	b _0812CD32
_0812C7A8: .4byte 0x0200000A
_0812C7AC:
	movs r0, #0x82
	lsls r0, r0, #0x02
	add r0, r9
	ldrb r0, [r0, #0x00]
	mov r8, r0
	movs r0, #0x50
	mov r1, r8
	ands r0, r1
	cmp r0, #0x00
	bne _0812C868
	movs r3, #0x7F
	adds r0, r3, #0x0
	ands r0, r4
	cmp r0, #0x00
	bne _0812C868
	ldr r2, _0812C864 @ =0x083BE67C
	adds r1, r3, #0x0
	ands r1, r6
	ldr r0, [r5, #0x40]
	adds r0, r0, r1
	ldrb r0, [r0, #0x00]
	adds r1, r3, #0x0
	ands r1, r0
	lsls r0, r1, #0x02
	adds r0, r0, r1
	lsls r0, r0, #0x02
	adds r0, r0, r2
	ldrb r1, [r0, #0x11]
	mov r2, r8
	lsls r0, r2, #0x1D
	lsrs r0, r0, #0x1F
	asrs r1, r0
	movs r4, #0x01
	ands r1, r4
	cmp r1, #0x00
	bne _0812C868
	adds r1, r5, #0x0
	adds r1, #0xBC
	movs r0, #0xFF
	strb r0, [r1, #0x00]
	adds r0, r5, #0x0
	adds r0, #0xBB
	mov r6, r10
	strb r6, [r0, #0x00]
	subs r1, #0x4C
	movs r0, #0x1C
	strh r0, [r1, #0x00]
	adds r6, r5, #0x0
	adds r6, #0xC5
	ldrb r0, [r6, #0x00]
	movs r4, #0x0B
	muls r0, r4
	adds r0, #0x08
	adds r2, r5, #0x0
	adds r2, #0x72
	strh r0, [r2, #0x00]
	adds r0, r5, #0x0
	adds r0, #0x78
	movs r2, #0xC0
	strh r2, [r0, #0x00]
	adds r3, r5, #0x0
	adds r3, #0x7A
	movs r0, #0x2C
	strh r0, [r3, #0x00]
	adds r0, r5, #0x0
	adds r0, #0x74
	strh r2, [r0, #0x00]
	ldrb r0, [r6, #0x00]
	muls r0, r4
	adds r0, #0x08
	adds r2, r5, #0x0
	adds r2, #0x76
	strh r0, [r2, #0x00]
	ldr r0, [r5, #0x28]
	movs r3, #0xA0
	lsls r3, r3, #0x04
	movs r2, #0x03
	bl sub_801B748
	movs r0, #0xE0
	lsls r0, r0, #0x05
	str r0, [r5, #0x68]
	ldrb r0, [r6, #0x00]
	muls r0, r4
	adds r0, #0x08
	lsls r0, r0, #0x08
	str r0, [r5, #0x6C]
	ldr r0, [r5, #0x2C]
	bl sprite_hide_8021F20
	b _0812CCBC
	.byte 0x00, 0x00
_0812C864: .4byte 0x083BE67C
_0812C868:
	movs r0, #0x80
	ldr r1, [sp, #0x010]
	strb r0, [r1, #0x00]
	ldr r1, [r5, #0x2C]
	movs r0, #0x18
	strh r0, [r1, #0x00]
	adds r0, r5, #0x0
	adds r0, #0xB8
	b _0812CCB4
_0812C87A:
	mov r4, r12
	ldrh r3, [r4, #0x06]
	movs r0, #0x20
	ands r0, r3
	cmp r0, #0x00
	beq _0812C898
	lsls r0, r2, #0x18
	lsrs r0, r0, #0x18
	cmp r0, #0x01
	bne _0812C8B4
	mov r6, r8
	strb r1, [r6, #0x00]
	ldr r1, [r5, #0x2C]
	movs r0, #0x18
	b _0812C8B2
_0812C898:
	movs r0, #0x10
	ands r0, r3
	cmp r0, #0x00
	bne _0812C8A2
	b _0812CD32
_0812C8A2:
	lsls r0, r2, #0x18
	cmp r0, #0x00
	bne _0812C8B4
	mov r1, r10
	mov r0, r8
	strb r1, [r0, #0x00]
	ldr r1, [r5, #0x2C]
	movs r0, #0x56
_0812C8B2:
	strh r0, [r1, #0x00]
_0812C8B4:
	movs r1, #0x01
	negs r1, r1
	movs r0, #0x5F
	bl play_sfx_80195B4
	b _0812CD32
_0812C8C0:
	ldr r0, [r5, #0x3C]
	ldrh r1, [r0, #0x02]
	movs r6, #0x02
	movs r0, #0x02
	ands r0, r1
	cmp r0, #0x00
	beq _0812C930
	movs r0, #0x7F
	ands r0, r4
	mov r2, r10
	strb r0, [r2, #0x00]
	ldr r1, [r5, #0x2C]
	movs r0, #0x24
	strh r0, [r1, #0x00]
	ldr r2, [r5, #0x2C]
	mov r4, r10
	ldrb r1, [r4, #0x00]
	lsls r0, r1, #0x01
	adds r0, r0, r1
	lsls r0, r0, #0x03
	adds r0, #0x2B
	strh r0, [r2, #0x02]
	ldr r1, _0812C9C4 @ =0x0200000C
	adds r0, r5, #0x0
	adds r0, #0x80
	ldrh r0, [r0, #0x00]
	lsrs r0, r0, #0x0B
	lsls r0, r0, #0x08
	orrs r0, r6
	strh r0, [r1, #0x00]
	ldr r2, _0812C9C8 @ =0x0200000A
	adds r0, r5, #0x0
	adds r0, #0xC1
	ldrb r1, [r0, #0x00]
	adds r1, #0x06
	lsls r1, r1, #0x01
	subs r0, #0x45
	adds r0, r0, r1
	ldrh r0, [r0, #0x00]
	lsrs r0, r0, #0x0B
	lsls r0, r0, #0x08
	orrs r0, r6
	strh r0, [r2, #0x00]
	adds r1, r5, #0x0
	adds r1, #0xB8
	movs r0, #0x01
	strb r0, [r1, #0x00]
	adds r1, #0x01
	strb r0, [r1, #0x00]
	adds r1, #0x01
	strb r0, [r1, #0x00]
	movs r1, #0x01
	negs r1, r1
	movs r0, #0x61
	bl play_sfx_80195B4
_0812C930:
	ldr r2, [r5, #0x3C]
	ldrh r1, [r2, #0x02]
	movs r4, #0x01
	movs r0, #0x01
	ands r0, r1
	cmp r0, #0x00
	beq _0812C9DC
	mov r1, r10
	ldrb r0, [r1, #0x00]
	movs r2, #0x7F
	adds r1, r2, #0x0
	ands r1, r0
	lsls r1, r1, #0x02
	add r1, sp
	adds r1, #0x04
	ldrb r3, [r7, #0x00]
	ldr r0, [r5, #0x40]
	adds r0, r0, r3
	ldrb r0, [r0, #0x00]
	ands r2, r0
	ldr r0, [r1, #0x00]
	adds r0, r0, r2
	ldrb r0, [r0, #0x00]
	cmp r0, #0x09
	beq _0812C9D0
	ldr r0, [r5, #0x58]
	lsls r1, r3, #0x01
	adds r1, r1, r0
	ldr r2, _0812C9CC @ =0x03000FF4
	ldr r0, [r2, #0x00]
	adds r0, #0x88
	ldrh r1, [r1, #0x00]
	ldrh r0, [r0, #0x00]
	cmp r1, r0
	bhi _0812C9D0
	mov r0, sp
	ldrb r1, [r0, #0x0C]
	mov r0, r8
	strb r1, [r0, #0x00]
	ldrb r0, [r7, #0x00]
	movs r1, #0x80
	orrs r0, r1
	strb r0, [r7, #0x00]
	ldr r2, [r5, #0x2C]
	mov r0, r8
	ldrb r1, [r0, #0x00]
	lsls r0, r1, #0x05
	subs r0, r0, r1
	lsls r0, r0, #0x01
	adds r0, #0x18
	strh r0, [r2, #0x00]
	ldr r1, [r5, #0x2C]
	movs r0, #0x7E
	strh r0, [r1, #0x02]
	ldr r2, _0812C9C8 @ =0x0200000A
	adds r0, r5, #0x0
	adds r0, #0xC1
	ldrb r1, [r0, #0x00]
	adds r1, #0x06
	lsls r1, r1, #0x01
	subs r0, #0x45
	adds r0, r0, r1
	ldrh r0, [r0, #0x00]
	lsrs r0, r0, #0x0B
	lsls r0, r0, #0x08
	orrs r0, r6
	strh r0, [r2, #0x00]
	adds r0, r5, #0x0
	adds r0, #0xB8
	strb r4, [r0, #0x00]
	adds r0, #0x01
	strb r4, [r0, #0x00]
	b _0812CCBC
	.byte 0x00, 0x00
_0812C9C4: .4byte 0x0200000C
_0812C9C8: .4byte 0x0200000A
_0812C9CC: .4byte 0x03000FF4
_0812C9D0:
	movs r1, #0x01
	negs r1, r1
	movs r0, #0x50
	bl play_sfx_80195B4
	b _0812CD32
_0812C9DC:
	ldrh r1, [r2, #0x06]
	movs r0, #0x40
	ands r0, r1
	lsls r0, r0, #0x10
	lsrs r4, r0, #0x10
	cmp r4, #0x00
	beq _0812CA5A
	ldrb r0, [r7, #0x00]
	cmp r0, #0x00
	bne _0812C9FE
	adds r1, r5, #0x0
	adds r1, #0xA8
	ldrb r0, [r1, #0x00]
	subs r0, #0x01
	strb r0, [r7, #0x00]
	adds r2, r1, #0x0
	b _0812CA06
_0812C9FE:
	subs r0, #0x01
	strb r0, [r7, #0x00]
	adds r2, r5, #0x0
	adds r2, #0xA8
_0812CA06:
	ldrh r0, [r2, #0x00]
	cmp r0, #0x06
	bhi _0812CA22
	ldrb r1, [r7, #0x00]
	adds r2, r0, #0x0
	subs r0, r2, #0x1
	cmp r1, r0
	bne _0812CA22
	adds r1, r0, #0x0
	adds r0, r5, #0x0
	adds r0, #0xC5
	strb r1, [r0, #0x00]
	adds r4, r0, #0x0
	b _0812CA32
_0812CA22:
	adds r0, r5, #0x0
	adds r0, #0xC5
	ldrb r1, [r0, #0x00]
	adds r4, r0, #0x0
	cmp r1, #0x00
	beq _0812CA32
	subs r0, r1, #0x1
	strb r0, [r4, #0x00]
_0812CA32:
	ldr r2, [r5, #0x2C]
	ldrb r1, [r4, #0x00]
	movs r0, #0x0B
	muls r0, r1
	adds r0, #0x0C
	strh r0, [r2, #0x02]
	movs r1, #0x01
	negs r1, r1
	movs r0, #0x5F
	bl play_sfx_80195B4
	adds r0, r5, #0x0
	adds r0, #0xC0
	ldrb r1, [r0, #0x00]
	movs r4, #0x7F
	adds r0, r4, #0x0
	ands r0, r1
	cmp r0, #0x00
	bne _0812CAC8
	b _0812CAF8
_0812CA5A:
	movs r0, #0x80
	ands r0, r1
	cmp r0, #0x00
	bne _0812CA64
	b _0812CD32
_0812CA64:
	ldrb r3, [r7, #0x00]
	adds r1, r5, #0x0
	adds r1, #0xA8
	ldrh r0, [r1, #0x00]
	subs r0, #0x01
	adds r2, r1, #0x0
	cmp r3, r0
	bne _0812CA78
	strb r4, [r7, #0x00]
	b _0812CA7C
_0812CA78:
	adds r0, r3, #0x1
	strb r0, [r7, #0x00]
_0812CA7C:
	ldrh r0, [r2, #0x00]
	cmp r0, #0x06
	bhi _0812CA92
	ldrb r1, [r7, #0x00]
	cmp r1, #0x00
	bne _0812CA92
	adds r0, r5, #0x0
	adds r0, #0xC5
	strb r1, [r0, #0x00]
	adds r4, r0, #0x0
	b _0812CAA2
_0812CA92:
	adds r0, r5, #0x0
	adds r0, #0xC5
	ldrb r1, [r0, #0x00]
	adds r4, r0, #0x0
	cmp r1, #0x05
	beq _0812CAA2
	adds r0, r1, #0x1
	strb r0, [r4, #0x00]
_0812CAA2:
	ldr r2, [r5, #0x2C]
	ldrb r1, [r4, #0x00]
	movs r0, #0x0B
	muls r0, r1
	adds r0, #0x0C
	strh r0, [r2, #0x02]
	movs r1, #0x01
	negs r1, r1
	movs r0, #0x5F
	bl play_sfx_80195B4
	adds r0, r5, #0x0
	adds r0, #0xC0
	ldrb r1, [r0, #0x00]
	movs r4, #0x7F
	adds r0, r4, #0x0
	ands r0, r1
	cmp r0, #0x00
	beq _0812CAF8
_0812CAC8:
	adds r3, r5, #0x0
	adds r3, #0xB6
	movs r0, #0x03
	strh r0, [r3, #0x00]
	ldr r2, _0812CAF4 @ =0x083BD844
	ldrb r0, [r7, #0x00]
	adds r1, r4, #0x0
	ands r1, r0
	ldr r0, [r5, #0x40]
	adds r0, r0, r1
	ldrb r0, [r0, #0x00]
	adds r1, r4, #0x0
	ands r1, r0
	lsls r0, r1, #0x02
	adds r0, r0, r1
	lsls r0, r0, #0x02
	adds r0, r0, r2
	ldrb r0, [r0, #0x0E]
	adds r1, r5, #0x0
	adds r1, #0xB4
	strh r0, [r1, #0x00]
	b _0812CB3C
_0812CAF4: .4byte 0x083BD844
_0812CAF8:
	ldr r3, _0812CB60 @ =0x083BE67C
	ldrb r0, [r7, #0x00]
	adds r1, r4, #0x0
	ands r1, r0
	ldr r0, [r5, #0x40]
	adds r0, r0, r1
	ldrb r0, [r0, #0x00]
	adds r1, r4, #0x0
	ands r1, r0
	lsls r0, r1, #0x02
	adds r0, r0, r1
	lsls r0, r0, #0x02
	adds r0, r0, r3
	ldrb r0, [r0, #0x11]
	adds r2, r5, #0x0
	adds r2, #0xB6
	strh r0, [r2, #0x00]
	ldrb r0, [r7, #0x00]
	adds r1, r4, #0x0
	ands r1, r0
	ldr r0, [r5, #0x40]
	adds r0, r0, r1
	ldrb r0, [r0, #0x00]
	adds r1, r4, #0x0
	ands r1, r0
	lsls r0, r1, #0x02
	adds r0, r0, r1
	lsls r0, r0, #0x02
	adds r0, r0, r3
	ldrb r0, [r0, #0x0E]
	adds r1, r5, #0x0
	adds r1, #0xB4
	strh r0, [r1, #0x00]
	adds r3, r2, #0x0
_0812CB3C:
	ldrb r2, [r1, #0x00]
	ldrb r3, [r3, #0x00]
	movs r0, #0x00
	str r0, [sp, #0x000]
	adds r0, r5, #0x0
	movs r1, #0x00
	bl sub_812EF44
	adds r1, r5, #0x0
	adds r1, #0xB0
	strh r0, [r1, #0x00]
	adds r0, r5, #0x0
	adds r0, #0xB8
	movs r1, #0x01
	strb r1, [r0, #0x00]
	adds r0, #0x01
	strb r1, [r0, #0x00]
	b _0812CD32
_0812CB60: .4byte 0x083BE67C
_0812CB64:
	.byte 0xEB, 0x6B, 0x59, 0x88, 0x02, 0x20, 0x08, 0x40, 0x00, 0x28, 0x06, 0xD0, 0x01, 0x21, 0x49, 0x42
	.byte 0x61, 0x20, 0xEC, 0xF6, 0x1D, 0xFD, 0x02, 0x20, 0x05, 0xE1, 0x01, 0x26, 0x01, 0x22, 0x0A, 0x40
	.byte 0x00, 0x2A, 0x00, 0xD1, 0xA0, 0xE0, 0x20, 0x06, 0x00, 0x28, 0x02, 0xD0, 0x28, 0x1C, 0xAC, 0x30
	.byte 0x01, 0xE0, 0x28, 0x1C, 0xAE, 0x30, 0x01, 0x88, 0x28, 0x1C, 0xA8, 0x30, 0x01, 0x80, 0x18, 0x30
	.byte 0x01, 0x78, 0x06, 0x1C, 0x00, 0x29, 0x01, 0xD0, 0x68, 0x6C, 0x00, 0xE0, 0xA8, 0x6C, 0x28, 0x64
	.byte 0x30, 0x78, 0x00, 0x28, 0x01, 0xD0, 0xE8, 0x6C, 0x00, 0xE0, 0x28, 0x6D, 0xA8, 0x65, 0x2C, 0x1C
	.byte 0xC4, 0x34, 0x00, 0x20, 0x20, 0x70, 0x2B, 0x1C, 0xC5, 0x33, 0x18, 0x70, 0x31, 0x78, 0x80, 0x20
	.byte 0x08, 0x43, 0x30, 0x70, 0xE9, 0x6A, 0x24, 0x20, 0x08, 0x80, 0xEA, 0x6A, 0x19, 0x78, 0x0B, 0x20
	.byte 0x48, 0x43, 0x0C, 0x30, 0x50, 0x80, 0x18, 0x49, 0x28, 0x1C, 0x82, 0x30, 0x00, 0x88, 0xC0, 0x0A
	.byte 0x00, 0x02, 0x02, 0x22, 0x10, 0x43, 0x08, 0x80, 0x14, 0x4B, 0x28, 0x1C, 0xC1, 0x30, 0x01, 0x78
	.byte 0x04, 0x31, 0x49, 0x00, 0x45, 0x38, 0x40, 0x18, 0x00, 0x88, 0xC0, 0x0A, 0x00, 0x02, 0x10, 0x43
	.byte 0x18, 0x80, 0x31, 0x78, 0x7F, 0x26, 0x30, 0x1C, 0x08, 0x40, 0x27, 0x1C, 0x00, 0x28, 0x19, 0xD0
	.byte 0x2B, 0x1C, 0xB6, 0x33, 0x03, 0x20, 0x18, 0x80, 0x09, 0x4A, 0x38, 0x78, 0x31, 0x1C, 0x01, 0x40
	.byte 0x28, 0x6C, 0x40, 0x18, 0x01, 0x78, 0x88, 0x00, 0x40, 0x18, 0x80, 0x00, 0x80, 0x18, 0x80, 0x7B
	.byte 0x29, 0x1C, 0xB4, 0x31, 0x08, 0x80, 0x23, 0xE0, 0x0C, 0x00, 0x00, 0x02, 0x0A, 0x00, 0x00, 0x02
	.byte 0x44, 0xD8, 0x3B, 0x08, 0x1B, 0x4B, 0x38, 0x78, 0x31, 0x1C, 0x01, 0x40, 0x28, 0x6C, 0x40, 0x18
	.byte 0x01, 0x78, 0x88, 0x00, 0x40, 0x18, 0x80, 0x00, 0xC0, 0x18, 0x40, 0x7C, 0x2A, 0x1C, 0xB6, 0x32
	.byte 0x10, 0x80, 0x38, 0x78, 0x31, 0x1C, 0x01, 0x40, 0x28, 0x6C, 0x40, 0x18, 0x01, 0x78, 0x88, 0x00
	.byte 0x40, 0x18, 0x80, 0x00, 0xC0, 0x18, 0x80, 0x7B, 0x29, 0x1C, 0xB4, 0x31, 0x08, 0x80, 0x13, 0x1C
	.byte 0x0A, 0x78, 0x1B, 0x78, 0x00, 0x20, 0x00, 0x90, 0x28, 0x1C, 0x00, 0x21, 0x02, 0xF0, 0x50, 0xF9
	.byte 0x29, 0x1C, 0xB0, 0x31, 0x00, 0x22, 0x08, 0x80, 0x28, 0x1C, 0xBA, 0x30, 0x02, 0x70, 0x02, 0x38
_0812CCB4:
	movs r1, #0x01
	strb r1, [r0, #0x00]
	adds r0, #0x01
	strb r1, [r0, #0x00]
_0812CCBC:
	movs r1, #0x01
	negs r1, r1
	movs r0, #0x60
	bl play_sfx_80195B4
	b _0812CD32
	.byte 0x7C, 0xE6, 0x3B, 0x08, 0xD9, 0x88, 0x40, 0x20, 0x08, 0x40, 0x00, 0x28, 0x15, 0xD0, 0x20, 0x06
	.byte 0x00, 0x0E, 0x01, 0x28, 0x09, 0xD1, 0x51, 0x46, 0x0A, 0x70, 0xE8, 0x6A, 0x2B, 0x21, 0x41, 0x80
	.byte 0x28, 0x1C, 0xB8, 0x30, 0x06, 0x70, 0x01, 0x30, 0x06, 0x70
_0812CCF2:
	movs r1, #0x01
	negs r1, r1
	movs r0, #0x5F
_0812CCF8:
	bl play_sfx_80195B4
	adds r7, r5, #0x0
	adds r7, #0xC4
	b _0812CD32
	.byte 0x80, 0x20, 0x08, 0x40, 0x2F, 0x1C, 0xC4, 0x37, 0x00, 0x28, 0x11, 0xD0, 0x20, 0x06, 0x00, 0x28
	.byte 0x09, 0xD1, 0x52, 0x46, 0x16, 0x70, 0xE8, 0x6A, 0x43, 0x21, 0x41, 0x80, 0x28, 0x1C, 0xB8, 0x30
	.byte 0x06, 0x70, 0x01, 0x30, 0x06, 0x70, 0x01, 0x21, 0x49, 0x42, 0x5F, 0x20, 0xEC, 0xF6, 0x41, 0xFC
_0812CD32:
	ldrb r1, [r7, #0x00]
	movs r0, #0x80
	ands r0, r1
	cmp r0, #0x00
	bne _0812CD88
	ldr r0, [r5, #0x3C]
	ldrh r1, [r0, #0x02]
	movs r0, #0xC0
	lsls r0, r0, #0x02
	ands r0, r1
	cmp r0, #0x00
	beq _0812CD88
	adds r3, r5, #0x0
	adds r3, #0xC1
	ldrb r0, [r3, #0x00]
	movs r1, #0x01
	eors r0, r1
	strb r0, [r3, #0x00]
	ldr r2, _0812CD9C @ =0x0200000A
	ldrb r1, [r3, #0x00]
	adds r0, r5, #0x0
	adds r0, #0xC0
	ldrb r0, [r0, #0x00]
	lsrs r0, r0, #0x07
	lsls r0, r0, #0x01
	subs r0, #0x06
	subs r1, r1, r0
	lsls r1, r1, #0x01
	adds r0, r5, #0x0
	adds r0, #0x7C
	adds r0, r0, r1
	ldrh r0, [r0, #0x00]
	lsrs r0, r0, #0x0B
	lsls r0, r0, #0x08
	movs r1, #0x02
	orrs r0, r1
	strh r0, [r2, #0x00]
	adds r0, r5, #0x0
	adds r0, #0xB8
	movs r1, #0x01
	strb r1, [r0, #0x00]
	adds r0, #0x01
	strb r1, [r0, #0x00]
_0812CD88:
	movs r0, #0x00
	add sp, #0x014
	pop {r3, r4, r5}
	mov r8, r3
	mov r9, r4
	mov r10, r5
	pop {r4, r5, r6, r7}
	pop {r1}
	bx r1
	.byte 0x00, 0x00
_0812CD9C: .4byte 0x0200000A
	thumb_func_start sub_812CDA0
sub_812CDA0:
	push {r4, r5, r6, r7, lr}
	mov r7, r10
	mov r6, r9
	mov r5, r8
	push {r5, r6, r7}
	add sp, #-0x00C
	adds r7, r0, #0x0
	movs r1, #0xC0
	lsls r1, r1, #0x07
	movs r4, #0x01
	negs r4, r4
	str r4, [sp, #0x000]
	str r4, [sp, #0x004]
	str r4, [sp, #0x008]
	movs r0, #0x05
	movs r2, #0x01
	adds r3, r4, #0x0
	bl sub_8020DD0
	str r0, [r7, #0x2C]
	movs r1, #0x00
	str r1, [sp, #0x000]
	adds r2, r4, #0x0
	movs r3, #0x00
	bl sub_801E150
	ldr r0, [r7, #0x2C]
	bl sprite_show_8020CBC
	adds r0, r7, #0x0
	adds r0, #0xBD
	ldrb r0, [r0, #0x00]
	cmp r0, #0x00
	beq _0812CDF2
	adds r0, r7, #0x0
	adds r0, #0xBE
	ldrb r1, [r0, #0x00]
	movs r0, #0x01
	ands r0, r1
	cmp r0, #0x00
	bne _0812CE08
_0812CDF2:
	ldr r1, [r7, #0x2C]
	movs r0, #0x24
	strh r0, [r1, #0x00]
	ldr r2, [r7, #0x2C]
	adds r0, r7, #0x0
	adds r0, #0xC4
	ldrb r1, [r0, #0x00]
	movs r0, #0x0B
	muls r0, r1
	adds r0, #0x1C
	b _0812CE1E
_0812CE08:
	ldr r1, [r7, #0x2C]
	movs r0, #0x24
	strh r0, [r1, #0x00]
	ldr r2, [r7, #0x2C]
	adds r0, r7, #0x0
	adds r0, #0xC0
	ldrb r1, [r0, #0x00]
	lsls r0, r1, #0x01
	adds r0, r0, r1
	lsls r0, r0, #0x03
	adds r0, #0x2B
_0812CE1E:
	strh r0, [r2, #0x02]
	ldr r2, [r7, #0x2C]
	ldrb r1, [r2, #0x1F]
	movs r0, #0x04
	negs r0, r0
	ands r0, r1
	strb r0, [r2, #0x1F]
	ldr r2, [r7, #0x2C]
	ldrb r1, [r2, #0x1F]
	movs r0, #0x0D
	negs r0, r0
	ands r0, r1
	strb r0, [r2, #0x1F]
	ldr r2, [r7, #0x2C]
	ldrb r1, [r2, #0x1F]
	movs r0, #0x31
	negs r0, r0
	mov r10, r0
	ands r0, r1
	strb r0, [r2, #0x1F]
	ldr r2, [r7, #0x2C]
	ldrb r1, [r2, #0x1F]
	movs r3, #0x3F
	mov r9, r3
	mov r0, r9
	ands r0, r1
	strb r0, [r2, #0x1F]
	ldr r0, [r7, #0x2C]
	ldr r1, _0812CF44 @ =0xFFFFEFFF
	strh r1, [r0, #0x0E]
	ldr r2, [r7, #0x2C]
	ldrb r1, [r2, #0x10]
	subs r3, #0x7E
	mov r8, r3
	mov r0, r8
	ands r0, r1
	strb r0, [r2, #0x10]
	ldr r1, [r7, #0x2C]
	adds r1, #0x29
	ldrb r2, [r1, #0x00]
	movs r6, #0x03
	negs r6, r6
	adds r0, r6, #0x0
	ands r0, r2
	strb r0, [r1, #0x00]
	ldr r1, [r7, #0x2C]
	adds r1, #0x29
	ldrb r2, [r1, #0x00]
	movs r5, #0x21
	negs r5, r5
	adds r0, r5, #0x0
	ands r0, r2
	strb r0, [r1, #0x00]
	movs r1, #0xC0
	lsls r1, r1, #0x07
	movs r4, #0x01
	negs r4, r4
	str r4, [sp, #0x000]
	str r4, [sp, #0x004]
	str r4, [sp, #0x008]
	movs r0, #0x05
	movs r2, #0x01
	adds r3, r4, #0x0
	bl sub_8020DD0
	str r0, [r7, #0x30]
	movs r1, #0x00
	str r1, [sp, #0x000]
	movs r1, #0x06
	adds r2, r4, #0x0
	movs r3, #0x00
	bl sub_801E150
	ldr r1, [r7, #0x30]
	movs r0, #0xC0
	strh r0, [r1, #0x00]
	ldr r1, [r7, #0x30]
	movs r0, #0x2C
	strh r0, [r1, #0x02]
	ldr r0, [r7, #0x30]
	ldr r2, _0812CF44 @ =0xFFFFEFFF
	strh r2, [r0, #0x0E]
	ldr r1, [r7, #0x30]
	ldrb r0, [r1, #0x1F]
	movs r2, #0x04
	negs r2, r2
	ands r2, r0
	strb r2, [r1, #0x1F]
	ldr r1, [r7, #0x30]
	ldrb r0, [r1, #0x1F]
	movs r2, #0x0D
	negs r2, r2
	ands r2, r0
	strb r2, [r1, #0x1F]
	ldr r1, [r7, #0x30]
	ldrb r0, [r1, #0x1F]
	mov r3, r10
	ands r3, r0
	strb r3, [r1, #0x1F]
	ldr r1, [r7, #0x30]
	ldrb r0, [r1, #0x1F]
	mov r2, r9
	ands r2, r0
	strb r2, [r1, #0x1F]
	ldr r1, [r7, #0x30]
	ldrb r0, [r1, #0x10]
	mov r3, r8
	ands r3, r0
	strb r3, [r1, #0x10]
	ldr r0, [r7, #0x30]
	adds r0, #0x29
	ldrb r1, [r0, #0x00]
	ands r6, r1
	strb r6, [r0, #0x00]
	ldr r0, [r7, #0x30]
	adds r0, #0x29
	ldrb r1, [r0, #0x00]
	ands r5, r1
	strb r5, [r0, #0x00]
	ldr r2, [r7, #0x30]
	ldrb r1, [r2, #0x12]
	movs r0, #0x07
	negs r0, r0
	ands r0, r1
	movs r1, #0x04
	orrs r0, r1
	strb r0, [r2, #0x12]
	bl sub_8021F7C
	bl sub_8020A78
	ldr r2, _0812CF48 @ =0x03000D48
	ldr r0, _0812CF4C @ =0x0203FFB8
	ldr r0, [r0, #0x3C]
	ldr r3, _0812CF50 @ =0x00000A14
	adds r1, r0, r3
	ldr r2, [r2, #0x00]
	bl _call_via_r2
	add sp, #0x00C
	pop {r3, r4, r5}
	mov r8, r3
	mov r9, r4
	mov r10, r5
	pop {r4, r5, r6, r7}
	pop {r0}
	bx r0
_0812CF44: .4byte 0xFFFFEFFF
_0812CF48: .4byte 0x03000D48
_0812CF4C: .4byte 0x0203FFB8
_0812CF50: .4byte 0x00000A14
	thumb_func_start sub_812CF54
sub_812CF54:
	push {r4, r5, r6, r7, lr}
	mov r7, r10
	mov r6, r9
	mov r5, r8
	push {r5, r6, r7}
	add sp, #-0x064
	str r0, [sp, #0x02C]
	adds r7, r1, #0x0
	adds r0, #0xBB
	ldrb r1, [r0, #0x00]
	cmp r1, #0x01
	bne _0812D01C
	ldr r0, [sp, #0x02C]
	adds r0, #0xBD
	ldrb r0, [r0, #0x00]
	cmp r0, #0x00
	beq _0812CFF4
	ldr r0, [sp, #0x02C]
	adds r0, #0xBE
	ldrb r0, [r0, #0x00]
	ands r1, r0
	cmp r1, #0x00
	beq _0812CFCC
	ldr r0, [sp, #0x02C]
	adds r0, #0xC0
	ldrb r1, [r0, #0x00]
	movs r3, #0x7F
	adds r0, r3, #0x0
	ands r0, r1
	cmp r0, #0x00
	beq _0812CF98
	movs r4, #0xED
	lsls r4, r4, #0x01
	b _0812CFF4
_0812CF98:
	ldr r2, _0812CFC8 @ =0x083BE67C
	ldr r0, [sp, #0x02C]
	adds r0, #0xC4
	ldrb r0, [r0, #0x00]
	adds r1, r3, #0x0
	ands r1, r0
	ldr r4, [sp, #0x02C]
	ldr r0, [r4, #0x40]
	adds r0, r0, r1
	ldrb r0, [r0, #0x00]
	adds r1, r3, #0x0
	ands r1, r0
	lsls r0, r1, #0x02
	adds r0, r0, r1
	lsls r0, r0, #0x02
	adds r0, r0, r2
	movs r5, #0xED
	lsls r5, r5, #0x01
	adds r1, r5, #0x0
	ldrb r0, [r0, #0x11]
	adds r1, r1, r0
	adds r4, r1, #0x0
	b _0812CFF4
	.byte 0x00, 0x00
_0812CFC8: .4byte 0x083BE67C
_0812CFCC:
	ldr r3, _0812D17C @ =0x083BBDD0
	ldr r0, [sp, #0x02C]
	adds r0, #0xC4
	ldrb r0, [r0, #0x00]
	movs r1, #0x7F
	adds r2, r1, #0x0
	ands r2, r0
	ldr r6, [sp, #0x02C]
	ldr r0, [r6, #0x40]
	adds r0, r0, r2
	ldrb r0, [r0, #0x00]
	ands r1, r0
	lsls r1, r1, #0x04
	adds r1, r1, r3
	movs r2, #0xE4
	lsls r2, r2, #0x01
	adds r0, r2, #0x0
	ldrb r1, [r1, #0x01]
	adds r0, r0, r1
	adds r4, r0, #0x0
_0812CFF4:
	ldr r3, [sp, #0x02C]
	ldr r1, [r3, #0x68]
	lsls r1, r1, #0x08
	asrs r1, r1, #0x10
	ldr r2, [r3, #0x6C]
	lsls r2, r2, #0x08
	asrs r2, r2, #0x10
	movs r3, #0x00
	str r3, [sp, #0x000]
	str r3, [sp, #0x004]
	str r4, [sp, #0x008]
	movs r0, #0x02
	str r0, [sp, #0x00C]
	str r0, [sp, #0x010]
	str r3, [sp, #0x014]
	str r3, [sp, #0x018]
	adds r0, r7, #0x0
	bl sub_8122A20
	adds r7, r0, #0x0
_0812D01C:
	ldr r0, [sp, #0x02C]
	adds r0, #0xBD
	ldrb r1, [r0, #0x00]
	str r0, [sp, #0x04C]
	cmp r1, #0x00
	beq _0812D04C
	ldr r0, [sp, #0x02C]
	adds r0, #0xBE
	ldrb r1, [r0, #0x00]
	movs r0, #0x01
	ands r0, r1
	cmp r0, #0x00
	beq _0812D04C
	ldr r0, [sp, #0x02C]
	adds r0, #0xC0
	ldrb r1, [r0, #0x00]
	movs r0, #0x80
	ands r0, r1
	ldr r4, [sp, #0x02C]
	adds r4, #0xC4
	str r4, [sp, #0x058]
	cmp r0, #0x00
	bne _0812D04C
	b _0812D446
_0812D04C:
	movs r5, #0x01
	mov r9, r5
	str r5, [sp, #0x000]
	str r5, [sp, #0x004]
	movs r0, #0xA2
	lsls r0, r0, #0x01
	str r0, [sp, #0x008]
	str r5, [sp, #0x00C]
	movs r0, #0x00
	str r0, [sp, #0x010]
	str r0, [sp, #0x014]
	str r0, [sp, #0x018]
	adds r0, r7, #0x0
	movs r1, #0xA5
	movs r2, #0x0D
	movs r3, #0x00
	bl sub_8122A20
	adds r7, r0, #0x0
	ldr r0, [sp, #0x04C]
	ldrb r6, [r0, #0x00]
	cmp r6, #0x00
	beq _0812D07C
	b _0812D190
_0812D07C:
	ldr r2, _0812D180 @ =0x03001038
	ldr r0, _0812D184 @ =0x0819832C
	ldr r1, _0812D188 @ =0x08198220
	subs r0, r0, r1
	ldr r2, [r2, #0x00]
	adds r2, r2, r0
	ldr r5, [sp, #0x02C]
	adds r5, #0xC4
	ldrb r1, [r5, #0x00]
	movs r0, #0x7F
	ands r0, r1
	ldr r3, [sp, #0x02C]
	ldr r1, [r3, #0x54]
	lsls r0, r0, #0x01
	adds r0, r0, r1
	ldrh r0, [r0, #0x00]
	movs r1, #0x04
	bl _call_via_r2
	adds r1, r0, #0x0
	movs r0, #0x08
	str r0, [sp, #0x000]
	movs r4, #0x03
	str r4, [sp, #0x004]
	subs r0, #0x09
	str r0, [sp, #0x008]
	str r0, [sp, #0x00C]
	movs r0, #0x09
	adds r2, r7, #0x0
	movs r3, #0xA8
	bl sub_8121B5C
	adds r7, r0, #0x0
	ldr r0, [sp, #0x02C]
	adds r0, #0xB0
	ldrh r1, [r0, #0x00]
	movs r0, #0x05
	str r0, [sp, #0x000]
	str r4, [sp, #0x004]
	movs r0, #0x06
	str r0, [sp, #0x008]
	str r0, [sp, #0x00C]
	movs r0, #0x12
	adds r2, r7, #0x0
	movs r3, #0xBF
	bl sub_8121B5C
	adds r7, r0, #0x0
	mov r4, r9
	str r4, [sp, #0x000]
	str r6, [sp, #0x004]
	movs r0, #0xF5
	str r0, [sp, #0x008]
	movs r0, #0x02
	mov r8, r0
	str r0, [sp, #0x00C]
	str r4, [sp, #0x010]
	str r6, [sp, #0x014]
	str r6, [sp, #0x018]
	adds r0, r7, #0x0
	movs r1, #0xC8
	movs r2, #0x10
	movs r3, #0x00
	bl sub_8122A20
	adds r7, r0, #0x0
	str r6, [sp, #0x000]
	str r6, [sp, #0x004]
	movs r0, #0xF2
	str r0, [sp, #0x008]
	mov r1, r8
	str r1, [sp, #0x00C]
	str r4, [sp, #0x010]
	str r6, [sp, #0x014]
	str r6, [sp, #0x018]
	adds r0, r7, #0x0
	movs r1, #0xD2
	movs r2, #0x0C
	movs r3, #0x00
	bl sub_8122A20
	adds r7, r0, #0x0
	movs r1, #0x00
	str r5, [sp, #0x058]
	ldr r4, [sp, #0x02C]
	adds r4, #0xB6
	ldr r2, [sp, #0x02C]
	adds r2, #0xC5
	mov r10, r2
	ldrh r0, [r4, #0x00]
	mov r3, r9
	ands r0, r3
	cmp r0, #0x00
	beq _0812D15A
	str r3, [sp, #0x000]
	str r1, [sp, #0x004]
	movs r0, #0x97
	lsls r0, r0, #0x02
	str r0, [sp, #0x008]
	mov r5, r8
	str r5, [sp, #0x00C]
	str r5, [sp, #0x010]
	str r1, [sp, #0x014]
	str r1, [sp, #0x018]
	adds r0, r7, #0x0
	movs r1, #0xD9
	movs r2, #0x08
	movs r3, #0x00
	bl sub_8122A20
	adds r7, r0, #0x0
_0812D15A:
	ldrh r0, [r4, #0x00]
	asrs r0, r0, #0x01
	mov r1, r9
	ands r0, r1
	cmp r0, #0x00
	bne _0812D168
	b _0812D304
_0812D168:
	str r1, [sp, #0x000]
	str r6, [sp, #0x004]
	ldr r0, _0812D18C @ =0x0000025E
	str r0, [sp, #0x008]
	mov r2, r8
	str r2, [sp, #0x00C]
	str r2, [sp, #0x010]
	str r6, [sp, #0x014]
	str r6, [sp, #0x018]
	b _0812D2F6
_0812D17C: .4byte 0x083BBDD0
_0812D180: .4byte 0x03001038
_0812D184: .4byte 0x0819832C
_0812D188: .4byte 0x08198220
_0812D18C: .4byte 0x0000025E
_0812D190:
	ldr r0, [sp, #0x02C]
	adds r0, #0xBE
	ldrb r1, [r0, #0x00]
	mov r0, r9
	ands r0, r1
	cmp r0, #0x00
	beq _0812D208
	ldr r0, [sp, #0x02C]
	adds r0, #0xC0
	ldrb r1, [r0, #0x00]
	movs r6, #0x7F
	adds r0, r6, #0x0
	ands r0, r1
	cmp r0, #0x00
	beq _0812D1C4
	ldr r3, _0812D1C0 @ =0x083BD844
	ldr r2, [sp, #0x02C]
	adds r2, #0xC4
	ldrb r0, [r2, #0x00]
	adds r1, r6, #0x0
	ands r1, r0
	ldr r4, [sp, #0x02C]
	ldr r0, [r4, #0x40]
	b _0812D1D4
_0812D1C0: .4byte 0x083BD844
_0812D1C4:
	ldr r3, _0812D204 @ =0x083BE67C
	ldr r2, [sp, #0x02C]
	adds r2, #0xC4
	ldrb r0, [r2, #0x00]
	adds r1, r6, #0x0
	ands r1, r0
	ldr r5, [sp, #0x02C]
	ldr r0, [r5, #0x40]
_0812D1D4:
	adds r0, r0, r1
	ldrb r0, [r0, #0x00]
	adds r1, r6, #0x0
	ands r1, r0
	lsls r0, r1, #0x02
	adds r0, r0, r1
	lsls r0, r0, #0x02
	adds r0, r0, r3
	ldrh r1, [r0, #0x04]
	str r2, [sp, #0x058]
	movs r0, #0x08
	str r0, [sp, #0x000]
	movs r0, #0x03
	str r0, [sp, #0x004]
	subs r0, #0x04
	str r0, [sp, #0x008]
	str r0, [sp, #0x00C]
	movs r0, #0x09
	adds r2, r7, #0x0
	movs r3, #0xA8
	bl sub_8121B5C
	adds r7, r0, #0x0
	b _0812D242
_0812D204: .4byte 0x083BE67C
_0812D208:
	ldr r3, _0812D344 @ =0x083BBDD0
	ldr r4, [sp, #0x02C]
	adds r4, #0xC4
	ldrb r0, [r4, #0x00]
	movs r1, #0x7F
	adds r2, r1, #0x0
	ands r2, r0
	ldr r6, [sp, #0x02C]
	ldr r0, [r6, #0x40]
	adds r0, r0, r2
	ldrb r0, [r0, #0x00]
	ands r1, r0
	lsls r1, r1, #0x04
	adds r1, r1, r3
	ldrh r1, [r1, #0x0A]
	movs r0, #0x08
	str r0, [sp, #0x000]
	movs r0, #0x03
	str r0, [sp, #0x004]
	subs r0, #0x04
	str r0, [sp, #0x008]
	str r0, [sp, #0x00C]
	movs r0, #0x09
	adds r2, r7, #0x0
	movs r3, #0xA8
	bl sub_8121B5C
	adds r7, r0, #0x0
	str r4, [sp, #0x058]
_0812D242:
	ldr r0, [sp, #0x02C]
	adds r0, #0xB0
	ldrh r1, [r0, #0x00]
	movs r0, #0x05
	str r0, [sp, #0x000]
	movs r0, #0x03
	str r0, [sp, #0x004]
	movs r0, #0x06
	str r0, [sp, #0x008]
	str r0, [sp, #0x00C]
	movs r0, #0x12
	adds r2, r7, #0x0
	movs r3, #0xBF
	bl sub_8121B5C
	adds r7, r0, #0x0
	movs r4, #0x01
	str r4, [sp, #0x000]
	movs r5, #0x00
	str r5, [sp, #0x004]
	movs r0, #0xF3
	str r0, [sp, #0x008]
	movs r6, #0x02
	str r6, [sp, #0x00C]
	str r4, [sp, #0x010]
	str r5, [sp, #0x014]
	str r5, [sp, #0x018]
	adds r0, r7, #0x0
	movs r1, #0xC8
	movs r2, #0x10
	movs r3, #0x00
	bl sub_8122A20
	adds r7, r0, #0x0
	str r5, [sp, #0x000]
	str r5, [sp, #0x004]
	movs r0, #0xF2
	str r0, [sp, #0x008]
	str r6, [sp, #0x00C]
	str r4, [sp, #0x010]
	str r5, [sp, #0x014]
	str r5, [sp, #0x018]
	adds r0, r7, #0x0
	movs r1, #0xD2
	movs r2, #0x0C
	movs r3, #0x00
	bl sub_8122A20
	adds r7, r0, #0x0
	movs r1, #0x00
	ldr r4, [sp, #0x02C]
	adds r4, #0xB6
	ldr r0, [sp, #0x02C]
	adds r0, #0xC5
	mov r10, r0
	movs r2, #0x01
	ldrh r0, [r4, #0x00]
	ands r0, r2
	cmp r0, #0x00
	beq _0812D2DA
	str r2, [sp, #0x000]
	str r1, [sp, #0x004]
	movs r0, #0x97
	lsls r0, r0, #0x02
	str r0, [sp, #0x008]
	str r6, [sp, #0x00C]
	str r6, [sp, #0x010]
	str r1, [sp, #0x014]
	str r1, [sp, #0x018]
	adds r0, r7, #0x0
	movs r1, #0xD9
	movs r2, #0x08
	movs r3, #0x00
	bl sub_8122A20
	adds r7, r0, #0x0
_0812D2DA:
	movs r1, #0x01
	ldrh r0, [r4, #0x00]
	asrs r0, r0, #0x01
	ands r0, r1
	cmp r0, #0x00
	beq _0812D304
	str r1, [sp, #0x000]
	str r5, [sp, #0x004]
	ldr r0, _0812D348 @ =0x0000025E
	str r0, [sp, #0x008]
	str r6, [sp, #0x00C]
	str r6, [sp, #0x010]
	str r5, [sp, #0x014]
	str r5, [sp, #0x018]
_0812D2F6:
	adds r0, r7, #0x0
	movs r1, #0xDC
	movs r2, #0x10
	movs r3, #0x00
	bl sub_8122A20
	adds r7, r0, #0x0
_0812D304:
	ldr r1, [sp, #0x04C]
	ldrb r0, [r1, #0x00]
	cmp r0, #0x00
	beq _0812D31C
	ldr r0, [sp, #0x02C]
	adds r0, #0xBE
	ldrb r1, [r0, #0x00]
	movs r6, #0x01
	adds r0, r6, #0x0
	ands r0, r1
	cmp r0, #0x00
	bne _0812D39A
_0812D31C:
	mov r2, r10
	ldrb r0, [r2, #0x00]
	cmp r0, #0x01
	bhi _0812D34C
	movs r0, #0x01
	str r0, [sp, #0x000]
	str r0, [sp, #0x004]
	movs r0, #0x9E
	lsls r0, r0, #0x02
	str r0, [sp, #0x008]
	movs r0, #0x02
	str r0, [sp, #0x00C]
	movs r0, #0x00
	str r0, [sp, #0x010]
	str r0, [sp, #0x014]
	str r0, [sp, #0x018]
	adds r0, r7, #0x0
	movs r1, #0xA0
	movs r2, #0x18
	b _0812D43E
_0812D344: .4byte 0x083BBDD0
_0812D348: .4byte 0x0000025E
_0812D34C:
	cmp r0, #0x03
	bhi _0812D36E
	movs r1, #0x02
	str r1, [sp, #0x000]
	str r1, [sp, #0x004]
	movs r0, #0x9F
	lsls r0, r0, #0x02
	str r0, [sp, #0x008]
	str r1, [sp, #0x00C]
	movs r0, #0x00
	str r0, [sp, #0x010]
	str r0, [sp, #0x014]
	str r0, [sp, #0x018]
	adds r0, r7, #0x0
	movs r1, #0xA0
	movs r2, #0x18
	b _0812D43E
_0812D36E:
	movs r5, #0x02
	str r5, [sp, #0x000]
	str r5, [sp, #0x004]
	movs r0, #0xA1
	lsls r0, r0, #0x02
	str r0, [sp, #0x008]
	str r5, [sp, #0x00C]
	movs r4, #0x00
	str r4, [sp, #0x010]
	str r4, [sp, #0x014]
	str r4, [sp, #0x018]
	adds r0, r7, #0x0
	movs r1, #0xA0
	movs r2, #0x18
	movs r3, #0x00
	bl sub_8122A20
	adds r7, r0, #0x0
	str r4, [sp, #0x000]
	movs r0, #0x01
	str r0, [sp, #0x004]
	b _0812D42A
_0812D39A:
	mov r3, r10
	ldrb r1, [r3, #0x00]
	cmp r1, #0x00
	bne _0812D3BE
	str r6, [sp, #0x000]
	str r6, [sp, #0x004]
	movs r0, #0xAB
	lsls r0, r0, #0x01
	str r0, [sp, #0x008]
	movs r0, #0x02
	str r0, [sp, #0x00C]
	str r1, [sp, #0x010]
	str r1, [sp, #0x014]
	str r1, [sp, #0x018]
	adds r0, r7, #0x0
	movs r1, #0xA0
	movs r2, #0x18
	b _0812D43E
_0812D3BE:
	cmp r1, #0x02
	bhi _0812D3E0
	str r6, [sp, #0x000]
	str r6, [sp, #0x004]
	movs r0, #0x9E
	lsls r0, r0, #0x02
	str r0, [sp, #0x008]
	movs r0, #0x02
	str r0, [sp, #0x00C]
	movs r0, #0x00
	str r0, [sp, #0x010]
	str r0, [sp, #0x014]
	str r0, [sp, #0x018]
	adds r0, r7, #0x0
	movs r1, #0xA0
	movs r2, #0x18
	b _0812D43E
_0812D3E0:
	cmp r1, #0x04
	bhi _0812D402
	movs r1, #0x02
	str r1, [sp, #0x000]
	str r1, [sp, #0x004]
	movs r0, #0x9F
	lsls r0, r0, #0x02
	str r0, [sp, #0x008]
	str r1, [sp, #0x00C]
	movs r0, #0x00
	str r0, [sp, #0x010]
	str r0, [sp, #0x014]
	str r0, [sp, #0x018]
	adds r0, r7, #0x0
	movs r1, #0xA0
	movs r2, #0x18
	b _0812D43E
_0812D402:
	movs r5, #0x02
	str r5, [sp, #0x000]
	str r5, [sp, #0x004]
	movs r0, #0xA1
	lsls r0, r0, #0x02
	str r0, [sp, #0x008]
	str r5, [sp, #0x00C]
	movs r4, #0x00
	str r4, [sp, #0x010]
	str r4, [sp, #0x014]
	str r4, [sp, #0x018]
	adds r0, r7, #0x0
	movs r1, #0xA0
	movs r2, #0x18
	movs r3, #0x00
	bl sub_8122A20
	adds r7, r0, #0x0
	str r4, [sp, #0x000]
	str r6, [sp, #0x004]
_0812D42A:
	movs r0, #0xA3
	lsls r0, r0, #0x02
	str r0, [sp, #0x008]
	str r5, [sp, #0x00C]
	str r4, [sp, #0x010]
	str r4, [sp, #0x014]
	str r4, [sp, #0x018]
	adds r0, r7, #0x0
	movs r1, #0xA0
	movs r2, #0x38
_0812D43E:
	movs r3, #0x00
	bl sub_8122A20
	adds r7, r0, #0x0
_0812D446:
	ldr r4, [sp, #0x04C]
	ldrb r0, [r4, #0x00]
	cmp r0, #0x00
	beq _0812D518
	ldr r1, [sp, #0x02C]
	adds r1, #0xBE
	ldrb r0, [r1, #0x00]
	movs r3, #0x01
	adds r2, r3, #0x0
	ands r2, r0
	adds r6, r1, #0x0
	cmp r2, #0x00
	beq _0812D4D6
	ldr r0, [sp, #0x02C]
	adds r0, #0xC0
	ldrb r2, [r0, #0x00]
	movs r0, #0x80
	ands r0, r2
	lsls r0, r0, #0x18
	lsrs r5, r0, #0x18
	cmp r5, #0x00
	beq _0812D49A
	movs r0, #0x02
	str r0, [sp, #0x000]
	str r0, [sp, #0x004]
	movs r1, #0x7F
	ands r1, r2
	lsls r1, r1, #0x13
	movs r5, #0x98
	lsls r5, r5, #0x12
	adds r1, r1, r5
	lsrs r1, r1, #0x10
	str r1, [sp, #0x008]
	str r0, [sp, #0x00C]
	str r0, [sp, #0x010]
	movs r0, #0x00
	str r0, [sp, #0x014]
	str r0, [sp, #0x018]
	adds r0, r7, #0x0
	movs r1, #0x08
	movs r2, #0x43
	b _0812D4F0
_0812D49A:
	movs r4, #0x02
	str r4, [sp, #0x000]
	str r4, [sp, #0x004]
	movs r0, #0x98
	lsls r0, r0, #0x02
	str r0, [sp, #0x008]
	str r4, [sp, #0x00C]
	str r4, [sp, #0x010]
	str r5, [sp, #0x014]
	str r5, [sp, #0x018]
	adds r0, r7, #0x0
	movs r1, #0x18
	movs r2, #0x20
	movs r3, #0x00
	bl sub_8122A20
	adds r7, r0, #0x0
	str r4, [sp, #0x000]
	str r4, [sp, #0x004]
	movs r0, #0x9A
	lsls r0, r0, #0x02
	str r0, [sp, #0x008]
	str r4, [sp, #0x00C]
	str r4, [sp, #0x010]
	str r5, [sp, #0x014]
	str r5, [sp, #0x018]
	adds r0, r7, #0x0
	movs r1, #0x18
	movs r2, #0x3A
	b _0812D4F0
_0812D4D6:
	str r2, [sp, #0x000]
	movs r1, #0x02
	str r1, [sp, #0x004]
	movs r0, #0x88
	lsls r0, r0, #0x02
	str r0, [sp, #0x008]
	str r3, [sp, #0x00C]
	str r1, [sp, #0x010]
	str r2, [sp, #0x014]
	str r2, [sp, #0x018]
	adds r0, r7, #0x0
	movs r1, #0x00
	movs r2, #0x00
_0812D4F0:
	movs r3, #0x00
	bl sub_8122A20
	adds r7, r0, #0x0
	ldr r1, [sp, #0x04C]
	ldrb r0, [r1, #0x00]
	cmp r0, #0x00
	beq _0812D518
	ldrb r1, [r6, #0x00]
	movs r0, #0x01
	ands r0, r1
	cmp r0, #0x00
	beq _0812D518
	ldr r0, [sp, #0x02C]
	adds r0, #0xC0
	ldrb r1, [r0, #0x00]
	movs r0, #0x80
	ands r0, r1
	cmp r0, #0x00
	beq _0812D58C
_0812D518:
	ldr r0, [sp, #0x02C]
	adds r0, #0xA8
	ldrh r0, [r0, #0x00]
	cmp r0, #0x06
	bls _0812D58C
	movs r3, #0x00
	ldr r2, [sp, #0x02C]
	adds r2, #0xC0
	str r2, [sp, #0x050]
	movs r4, #0x00
	ldrb r1, [r2, #0x00]
	movs r0, #0x80
	ands r0, r1
	cmp r0, #0x00
	bne _0812D53A
	movs r2, #0x10
	b _0812D53C
_0812D53A:
	movs r2, #0x00
_0812D53C:
	str r4, [sp, #0x000]
	str r4, [sp, #0x004]
	movs r0, #0x67
	str r0, [sp, #0x008]
	str r4, [sp, #0x00C]
	movs r0, #0x02
	str r0, [sp, #0x010]
	str r4, [sp, #0x014]
	str r3, [sp, #0x018]
	adds r0, r7, #0x0
	movs r1, #0x50
	movs r3, #0x00
	bl sub_8122A20
	adds r7, r0, #0x0
	movs r3, #0x01
	ldr r5, [sp, #0x050]
	ldrb r1, [r5, #0x00]
	movs r0, #0x80
	ands r0, r1
	cmp r0, #0x00
	bne _0812D56C
	movs r2, #0x58
	b _0812D56E
_0812D56C:
	movs r2, #0x48
_0812D56E:
	str r4, [sp, #0x000]
	str r4, [sp, #0x004]
	movs r0, #0x67
	str r0, [sp, #0x008]
	str r4, [sp, #0x00C]
	movs r0, #0x02
	str r0, [sp, #0x010]
	str r4, [sp, #0x014]
	str r3, [sp, #0x018]
	adds r0, r7, #0x0
	movs r1, #0x50
	movs r3, #0x00
	bl sub_8122A20
	adds r7, r0, #0x0
_0812D58C:
	ldr r6, [sp, #0x04C]
	ldrb r0, [r6, #0x00]
	cmp r0, #0x00
	beq _0812D596
	b _0812D780
_0812D596:
	ldr r1, [sp, #0x058]
	ldrb r0, [r1, #0x00]
	movs r1, #0x7F
	ands r1, r0
	ldr r0, [sp, #0x02C]
	adds r0, #0xC5
	ldrb r2, [r0, #0x00]
	subs r3, r1, r2
	mov r8, r3
	ldr r4, [sp, #0x02C]
	adds r4, #0xA8
	str r4, [sp, #0x048]
	cmp r3, #0x00
	bge _0812D5BA
	ldrh r0, [r4, #0x00]
	adds r0, r0, r1
	subs r0, r0, r2
	mov r8, r0
_0812D5BA:
	movs r5, #0x00
	mov r10, r5
	b _0812D764
_0812D5C0:
	ldr r6, [sp, #0x02C]
	ldr r0, [r6, #0x40]
	add r0, r8
	ldrb r3, [r0, #0x00]
	movs r0, #0x00
	mov r9, r0
	adds r0, r6, #0x0
	adds r0, #0xAA
	ldrh r1, [r0, #0x00]
	adds r5, r0, #0x0
	cmp r8, r1
	bge _0812D5EC
	ldr r0, _0812D5E8 @ =0x083BBDD0
	lsls r1, r3, #0x04
	adds r1, r1, r0
	movs r2, #0xE6
	lsls r2, r2, #0x01
	adds r0, r2, #0x0
	ldrb r1, [r1, #0x02]
	b _0812D644
_0812D5E8: .4byte 0x083BBDD0
_0812D5EC:
	ldr r4, [sp, #0x02C]
	adds r4, #0xAE
	cmp r1, r8
	bgt _0812D650
	ldrh r2, [r4, #0x00]
	adds r0, r1, r2
	cmp r8, r0
	bge _0812D650
	cmp r2, #0x00
	beq _0812D650
	ldr r0, _0812D61C @ =0x03000FF4
	ldr r0, [r0, #0x00]
	adds r1, r0, #0x0
	adds r1, #0x32
	ldrb r1, [r1, #0x00]
	cmp r3, r1
	bne _0812D626
	adds r0, #0x6E
	ldrb r0, [r0, #0x00]
	cmp r3, r0
	bne _0812D620
	movs r4, #0x03
	mov r9, r4
	b _0812D632
_0812D61C: .4byte 0x03000FF4
_0812D620:
	movs r5, #0x01
	mov r9, r5
	b _0812D632
_0812D626:
	adds r0, #0x6E
	ldrb r0, [r0, #0x00]
	cmp r3, r0
	bne _0812D632
	movs r6, #0x02
	mov r9, r6
_0812D632:
	ldr r0, _0812D64C @ =0x083BE67C
	lsls r1, r3, #0x02
	adds r1, r1, r3
	lsls r1, r1, #0x02
	adds r1, r1, r0
	movs r2, #0xED
	lsls r2, r2, #0x01
	adds r0, r2, #0x0
	ldrb r1, [r1, #0x11]
_0812D644:
	adds r0, r0, r1
	str r0, [sp, #0x030]
	b _0812D6A2
	.byte 0x00, 0x00
_0812D64C: .4byte 0x083BE67C
_0812D650:
	ldrh r0, [r5, #0x00]
	ldrh r1, [r4, #0x00]
	adds r0, r0, r1
	cmp r0, r8
	bgt _0812D6A2
	ldr r4, [sp, #0x048]
	ldrh r4, [r4, #0x00]
	cmp r8, r4
	bge _0812D6A2
	ldr r0, [sp, #0x02C]
	adds r0, #0xAC
	ldrh r0, [r0, #0x00]
	cmp r0, #0x00
	beq _0812D6A2
	ldr r0, _0812D68C @ =0x03000FF4
	ldr r0, [r0, #0x00]
	adds r1, r0, #0x0
	adds r1, #0x31
	ldrb r1, [r1, #0x00]
	cmp r3, r1
	bne _0812D690
	adds r0, #0x6D
	movs r5, #0x01
	mov r9, r5
	ldrb r0, [r0, #0x00]
	cmp r3, r0
	bne _0812D69C
	movs r6, #0x03
	mov r9, r6
	b _0812D69C
_0812D68C: .4byte 0x03000FF4
_0812D690:
	adds r0, #0x6D
	ldrb r0, [r0, #0x00]
	cmp r3, r0
	bne _0812D69C
	movs r0, #0x02
	mov r9, r0
_0812D69C:
	movs r1, #0xED
	lsls r1, r1, #0x01
	str r1, [sp, #0x030]
_0812D6A2:
	ldr r2, [sp, #0x02C]
	ldr r1, [r2, #0x58]
	mov r3, r8
	lsls r0, r3, #0x01
	adds r0, r0, r1
	ldrh r1, [r0, #0x00]
	movs r0, #0x0B
	mov r4, r10
	muls r4, r0
	adds r0, r4, #0x0
	adds r0, #0x14
	lsls r0, r0, #0x10
	lsrs r0, r0, #0x10
	str r0, [sp, #0x000]
	movs r0, #0x03
	str r0, [sp, #0x004]
	subs r0, #0x04
	str r0, [sp, #0x008]
	str r0, [sp, #0x00C]
	movs r0, #0x11
	adds r2, r7, #0x0
	movs r3, #0x88
	bl sub_8121B5C
	adds r7, r0, #0x0
	adds r4, #0x18
	lsls r4, r4, #0x10
	asrs r4, r4, #0x10
	movs r5, #0x00
	str r5, [sp, #0x000]
	str r5, [sp, #0x004]
	ldr r6, [sp, #0x030]
	str r6, [sp, #0x008]
	movs r6, #0x02
	str r6, [sp, #0x00C]
	str r6, [sp, #0x010]
	str r5, [sp, #0x014]
	str r5, [sp, #0x018]
	movs r1, #0x1C
	adds r2, r4, #0x0
	movs r3, #0x00
	bl sub_8122A20
	adds r7, r0, #0x0
	mov r0, r9
	cmp r0, #0x03
	bne _0812D72C
	movs r1, #0x01
	add r8, r1
	add r10, r1
	str r5, [sp, #0x000]
	str r5, [sp, #0x004]
	movs r0, #0xF0
	str r0, [sp, #0x008]
	str r6, [sp, #0x00C]
	str r6, [sp, #0x010]
	str r5, [sp, #0x014]
	str r5, [sp, #0x018]
	adds r0, r7, #0x0
	movs r1, #0x0E
	adds r2, r4, #0x0
	movs r3, #0x00
	bl sub_8122A20
	adds r7, r0, #0x0
	str r5, [sp, #0x000]
	str r5, [sp, #0x004]
	movs r0, #0xF1
	b _0812D740
_0812D72C:
	movs r2, #0x01
	add r8, r2
	add r10, r2
	mov r3, r9
	cmp r3, #0x00
	beq _0812D758
	str r5, [sp, #0x000]
	str r5, [sp, #0x004]
	mov r0, r9
	adds r0, #0xEF
_0812D740:
	str r0, [sp, #0x008]
	str r6, [sp, #0x00C]
	str r6, [sp, #0x010]
	str r5, [sp, #0x014]
	str r5, [sp, #0x018]
	adds r0, r7, #0x0
	movs r1, #0x14
	adds r2, r4, #0x0
	movs r3, #0x00
	bl sub_8122A20
	adds r7, r0, #0x0
_0812D758:
	ldr r4, [sp, #0x048]
	ldrh r4, [r4, #0x00]
	cmp r8, r4
	blt _0812D764
	movs r5, #0x00
	mov r8, r5
_0812D764:
	ldr r6, [sp, #0x048]
	ldrh r0, [r6, #0x00]
	cmp r0, #0x05
	bhi _0812D776
	ldrh r0, [r6, #0x00]
	cmp r10, r0
	bge _0812D774
	b _0812D5C0
_0812D774:
	b _0812DAAE
_0812D776:
	mov r1, r10
	cmp r1, #0x05
	bgt _0812D77E
	b _0812D5C0
_0812D77E:
	b _0812DAAE
_0812D780:
	ldr r0, [sp, #0x02C]
	adds r0, #0xBE
	ldrb r1, [r0, #0x00]
	movs r0, #0x01
	ands r0, r1
	cmp r0, #0x00
	bne _0812D790
	b _0812D9B4
_0812D790:
	ldr r2, [sp, #0x02C]
	adds r2, #0xC0
	ldrb r1, [r2, #0x00]
	movs r0, #0x80
	ands r0, r1
	str r2, [sp, #0x050]
	cmp r0, #0x00
	bne _0812D7A2
	b _0812DAAE
_0812D7A2:
	ldr r2, [sp, #0x058]
	ldrb r0, [r2, #0x00]
	movs r1, #0x7F
	ands r1, r0
	ldr r0, [sp, #0x02C]
	adds r0, #0xC5
	ldrb r2, [r0, #0x00]
	subs r3, r1, r2
	mov r8, r3
	ldr r4, [sp, #0x02C]
	adds r4, #0xA8
	str r4, [sp, #0x048]
	cmp r3, #0x00
	bge _0812D7C6
	ldrh r0, [r4, #0x00]
	adds r0, r0, r1
	subs r0, r0, r2
	mov r8, r0
_0812D7C6:
	movs r5, #0x00
	str r5, [sp, #0x034]
	mov r10, r5
	b _0812D996
_0812D7CE:
	ldr r6, [sp, #0x02C]
	ldr r0, [r6, #0x40]
	add r0, r8
	ldrb r1, [r0, #0x00]
	movs r0, #0x7F
	adds r2, r0, #0x0
	ands r2, r1
	movs r1, #0x00
	mov r9, r1
	ldr r3, [sp, #0x050]
	ldrb r1, [r3, #0x00]
	ands r0, r1
	cmp r0, #0x00
	beq _0812D830
	ldr r0, _0812D808 @ =0x03000FF4
	ldr r0, [r0, #0x00]
	adds r1, r0, #0x0
	adds r1, #0x31
	ldrb r1, [r1, #0x00]
	cmp r2, r1
	bne _0812D812
	adds r0, #0x6D
	ldrb r0, [r0, #0x00]
	cmp r2, r0
	bne _0812D80C
	movs r4, #0x03
	mov r9, r4
	b _0812D81E
	.byte 0x00, 0x00
_0812D808: .4byte 0x03000FF4
_0812D80C:
	movs r5, #0x01
	mov r9, r5
	b _0812D81E
_0812D812:
	adds r0, #0x6D
	ldrb r0, [r0, #0x00]
	cmp r2, r0
	bne _0812D81E
	movs r6, #0x02
	mov r9, r6
_0812D81E:
	ldr r0, [sp, #0x02C]
	ldr r1, [r0, #0x58]
	mov r2, r8
	lsls r0, r2, #0x01
	adds r0, r0, r1
	ldrh r3, [r0, #0x00]
	movs r6, #0xED
	lsls r6, r6, #0x01
	b _0812D882
_0812D830:
	ldr r0, _0812D850 @ =0x03000FF4
	ldr r0, [r0, #0x00]
	adds r1, r0, #0x0
	adds r1, #0x32
	ldrb r1, [r1, #0x00]
	cmp r2, r1
	bne _0812D854
	adds r0, #0x6E
	movs r3, #0x01
	mov r9, r3
	ldrb r0, [r0, #0x00]
	cmp r2, r0
	bne _0812D860
	movs r4, #0x03
	mov r9, r4
	b _0812D860
_0812D850: .4byte 0x03000FF4
_0812D854:
	adds r0, #0x6E
	ldrb r0, [r0, #0x00]
	cmp r2, r0
	bne _0812D860
	movs r5, #0x02
	mov r9, r5
_0812D860:
	ldr r6, [sp, #0x02C]
	ldr r1, [r6, #0x58]
	mov r3, r8
	lsls r0, r3, #0x01
	adds r0, r0, r1
	ldrh r3, [r0, #0x00]
	ldr r1, _0812D90C @ =0x083BE67C
	lsls r0, r2, #0x02
	adds r0, r0, r2
	lsls r0, r0, #0x02
	adds r0, r0, r1
	movs r4, #0xED
	lsls r4, r4, #0x01
	adds r1, r4, #0x0
	ldrb r0, [r0, #0x11]
	adds r1, r1, r0
	adds r6, r1, #0x0
_0812D882:
	movs r0, #0x0B
	ldr r5, [sp, #0x034]
	adds r4, r5, #0x0
	muls r4, r0
	adds r0, r4, #0x4
	lsls r0, r0, #0x10
	lsrs r0, r0, #0x10
	str r0, [sp, #0x000]
	movs r0, #0x03
	str r0, [sp, #0x004]
	subs r0, #0x04
	str r0, [sp, #0x008]
	str r0, [sp, #0x00C]
	movs r0, #0x11
	adds r1, r3, #0x0
	adds r2, r7, #0x0
	movs r3, #0x88
	bl sub_8121B5C
	adds r7, r0, #0x0
	adds r4, #0x08
	lsls r4, r4, #0x10
	asrs r4, r4, #0x10
	movs r5, #0x00
	str r5, [sp, #0x000]
	str r5, [sp, #0x004]
	str r6, [sp, #0x008]
	movs r6, #0x02
	str r6, [sp, #0x00C]
	str r6, [sp, #0x010]
	str r5, [sp, #0x014]
	str r5, [sp, #0x018]
	movs r1, #0x1C
	adds r2, r4, #0x0
	movs r3, #0x00
	bl sub_8122A20
	adds r7, r0, #0x0
	mov r0, r9
	cmp r0, #0x03
	bne _0812D910
	mov r1, r8
	adds r1, #0x01
	str r1, [sp, #0x05C]
	ldr r2, [sp, #0x034]
	adds r2, #0x01
	str r2, [sp, #0x060]
	mov r3, r10
	str r3, [sp, #0x000]
	str r3, [sp, #0x004]
	movs r0, #0xF0
	str r0, [sp, #0x008]
	str r6, [sp, #0x00C]
	str r6, [sp, #0x010]
	str r3, [sp, #0x014]
	str r3, [sp, #0x018]
	adds r0, r7, #0x0
	movs r1, #0x0E
	adds r2, r4, #0x0
	movs r3, #0x00
	bl sub_8122A20
	adds r7, r0, #0x0
	mov r5, r10
	str r5, [sp, #0x000]
	str r5, [sp, #0x004]
	movs r0, #0xF1
	b _0812D92A
	.byte 0x00, 0x00
_0812D90C: .4byte 0x083BE67C
_0812D910:
	mov r0, r8
	adds r0, #0x01
	str r0, [sp, #0x05C]
	ldr r1, [sp, #0x034]
	adds r1, #0x01
	str r1, [sp, #0x060]
	mov r2, r9
	cmp r2, #0x00
	beq _0812D942
	str r5, [sp, #0x000]
	str r5, [sp, #0x004]
	mov r0, r9
	adds r0, #0xEF
_0812D92A:
	str r0, [sp, #0x008]
	str r6, [sp, #0x00C]
	str r6, [sp, #0x010]
	str r5, [sp, #0x014]
	str r5, [sp, #0x018]
	adds r0, r7, #0x0
	movs r1, #0x14
	adds r2, r4, #0x0
	movs r3, #0x00
	bl sub_8122A20
	adds r7, r0, #0x0
_0812D942:
	ldr r3, [sp, #0x02C]
	ldr r0, [r3, #0x40]
	add r0, r8
	ldrb r1, [r0, #0x00]
	movs r0, #0x80
	ands r0, r1
	cmp r0, #0x00
	beq _0812D982
	movs r0, #0x0B
	ldr r4, [sp, #0x034]
	adds r2, r4, #0x0
	muls r2, r0
	adds r2, #0x08
	lsls r2, r2, #0x10
	asrs r2, r2, #0x10
	movs r0, #0x01
	str r0, [sp, #0x000]
	mov r5, r10
	str r5, [sp, #0x004]
	movs r0, #0xF7
	str r0, [sp, #0x008]
	movs r0, #0x02
	str r0, [sp, #0x00C]
	str r0, [sp, #0x010]
	str r5, [sp, #0x014]
	str r5, [sp, #0x018]
	adds r0, r7, #0x0
	movs r1, #0x0C
	movs r3, #0x00
	bl sub_8122A20
	adds r7, r0, #0x0
_0812D982:
	ldr r6, [sp, #0x05C]
	mov r8, r6
	ldr r0, [sp, #0x048]
	ldrh r0, [r0, #0x00]
	cmp r8, r0
	blt _0812D992
	movs r1, #0x00
	mov r8, r1
_0812D992:
	ldr r2, [sp, #0x060]
	str r2, [sp, #0x034]
_0812D996:
	ldr r3, [sp, #0x048]
	ldrh r0, [r3, #0x00]
	cmp r0, #0x05
	bhi _0812D9AA
	ldr r4, [sp, #0x034]
	ldrh r5, [r3, #0x00]
	cmp r4, r5
	bge _0812D9A8
	b _0812D7CE
_0812D9A8:
	b _0812DAAE
_0812D9AA:
	ldr r6, [sp, #0x034]
	cmp r6, #0x05
	bgt _0812D9B2
	b _0812D7CE
_0812D9B2:
	b _0812DAAE
_0812D9B4:
	ldr r1, [sp, #0x058]
	ldrb r0, [r1, #0x00]
	movs r1, #0x7F
	ands r1, r0
	ldr r0, [sp, #0x02C]
	adds r0, #0xC5
	ldrb r2, [r0, #0x00]
	subs r3, r1, r2
	mov r8, r3
	ldr r4, [sp, #0x02C]
	adds r4, #0xA8
	str r4, [sp, #0x048]
	cmp r3, #0x00
	bge _0812D9D8
	ldrh r0, [r4, #0x00]
	adds r0, r0, r1
	subs r0, r0, r2
	mov r8, r0
_0812D9D8:
	movs r5, #0x00
	mov r9, r5
	b _0812DA94
_0812D9DE:
	ldr r6, [sp, #0x02C]
	ldr r0, [r6, #0x40]
	add r0, r8
	ldrb r0, [r0, #0x00]
	movs r5, #0x7F
	ands r5, r0
	ldr r1, [r6, #0x58]
	mov r2, r8
	lsls r0, r2, #0x01
	adds r0, r0, r1
	ldrh r1, [r0, #0x00]
	movs r0, #0x0B
	mov r4, r9
	muls r4, r0
	adds r0, r4, #0x0
	adds r0, #0x14
	lsls r0, r0, #0x10
	lsrs r0, r0, #0x10
	str r0, [sp, #0x000]
	movs r0, #0x03
	str r0, [sp, #0x004]
	subs r0, #0x04
	str r0, [sp, #0x008]
	str r0, [sp, #0x00C]
	movs r0, #0x11
	adds r2, r7, #0x0
	movs r3, #0x88
	bl sub_8121B5C
	adds r7, r0, #0x0
	adds r4, #0x18
	lsls r4, r4, #0x10
	asrs r4, r4, #0x10
	movs r6, #0x00
	str r6, [sp, #0x000]
	str r6, [sp, #0x004]
	ldr r0, _0812DAA4 @ =0x083BBDD0
	lsls r5, r5, #0x04
	adds r5, r5, r0
	movs r3, #0xE4
	lsls r3, r3, #0x01
	adds r0, r3, #0x0
	ldrb r5, [r5, #0x01]
	adds r0, r0, r5
	str r0, [sp, #0x008]
	movs r5, #0x02
	str r5, [sp, #0x00C]
	str r5, [sp, #0x010]
	str r6, [sp, #0x014]
	str r6, [sp, #0x018]
	adds r0, r7, #0x0
	movs r1, #0x1C
	adds r2, r4, #0x0
	movs r3, #0x00
	bl sub_8122A20
	adds r7, r0, #0x0
	ldr r1, [sp, #0x02C]
	ldr r0, [r1, #0x40]
	add r0, r8
	ldrb r1, [r0, #0x00]
	movs r0, #0x80
	ands r0, r1
	cmp r0, #0x00
	beq _0812DA80
	movs r0, #0x01
	str r0, [sp, #0x000]
	str r6, [sp, #0x004]
	movs r0, #0xF7
	str r0, [sp, #0x008]
	str r5, [sp, #0x00C]
	str r5, [sp, #0x010]
	str r6, [sp, #0x014]
	str r6, [sp, #0x018]
	adds r0, r7, #0x0
	movs r1, #0x0C
	adds r2, r4, #0x0
	movs r3, #0x00
	bl sub_8122A20
	adds r7, r0, #0x0
_0812DA80:
	movs r2, #0x01
	add r8, r2
	ldr r3, [sp, #0x048]
	ldrh r3, [r3, #0x00]
	cmp r8, r3
	blt _0812DA90
	movs r4, #0x00
	mov r8, r4
_0812DA90:
	movs r5, #0x01
	add r9, r5
_0812DA94:
	ldr r6, [sp, #0x048]
	ldrh r0, [r6, #0x00]
	cmp r0, #0x05
	bhi _0812DAA8
	ldrh r0, [r6, #0x00]
	cmp r9, r0
	blt _0812D9DE
	b _0812DAAE
_0812DAA4: .4byte 0x083BBDD0
_0812DAA8:
	mov r1, r9
	cmp r1, #0x05
	ble _0812D9DE
_0812DAAE:
	ldr r2, _0812DB34 @ =0x03000FF4
	mov r8, r2
	ldr r0, [r2, #0x00]
	adds r0, #0x88
	ldrh r1, [r0, #0x00]
	movs r0, #0x48
	str r0, [sp, #0x000]
	movs r0, #0x04
	str r0, [sp, #0x004]
	movs r6, #0x01
	negs r6, r6
	str r6, [sp, #0x008]
	movs r0, #0x07
	str r0, [sp, #0x00C]
	movs r0, #0x10
	adds r2, r7, #0x0
	movs r3, #0xC0
	bl sub_8121B5C
	adds r7, r0, #0x0
	ldr r3, [sp, #0x04C]
	ldrb r0, [r3, #0x00]
	cmp r0, #0x00
	bne _0812DAE0
	b _0812DC5C
_0812DAE0:
	ldr r0, [sp, #0x02C]
	adds r0, #0xBE
	ldrb r0, [r0, #0x00]
	movs r3, #0x01
	ands r3, r0
	cmp r3, #0x00
	beq _0812DBD4
	ldr r1, [sp, #0x02C]
	adds r1, #0xC0
	ldrb r2, [r1, #0x00]
	movs r0, #0x80
	ands r0, r2
	str r1, [sp, #0x050]
	cmp r0, #0x00
	bne _0812DB00
	b _0812DD4C
_0812DB00:
	mov r4, r8
	ldr r0, [r4, #0x00]
	adds r1, r0, #0x0
	adds r1, #0xF2
	str r1, [sp, #0x024]
	adds r0, #0xBA
	add r1, sp, #0x024
	str r0, [r1, #0x04]
	movs r4, #0x7F
	adds r3, r4, #0x0
	ands r3, r2
	adds r5, r1, #0x0
	cmp r3, #0x00
	beq _0812DB38
	movs r0, #0x00
	str r0, [sp, #0x000]
	str r0, [sp, #0x004]
	movs r1, #0xED
	lsls r1, r1, #0x01
	str r1, [sp, #0x008]
	movs r1, #0x02
	str r1, [sp, #0x00C]
	str r1, [sp, #0x010]
	str r0, [sp, #0x014]
	str r0, [sp, #0x018]
	b _0812DB70
_0812DB34: .4byte 0x03000FF4
_0812DB38:
	str r3, [sp, #0x000]
	str r3, [sp, #0x004]
	ldr r2, _0812DBBC @ =0x083BE67C
	ldr r6, [sp, #0x058]
	ldrb r0, [r6, #0x00]
	adds r1, r4, #0x0
	ands r1, r0
	ldr r6, [sp, #0x02C]
	ldr r0, [r6, #0x40]
	adds r0, r0, r1
	ldrb r0, [r0, #0x00]
	adds r1, r4, #0x0
	ands r1, r0
	lsls r0, r1, #0x02
	adds r0, r0, r1
	lsls r0, r0, #0x02
	adds r0, r0, r2
	movs r2, #0xED
	lsls r2, r2, #0x01
	adds r1, r2, #0x0
	ldrb r0, [r0, #0x11]
	adds r1, r1, r0
	str r1, [sp, #0x008]
	movs r0, #0x02
	str r0, [sp, #0x00C]
	str r0, [sp, #0x010]
	str r3, [sp, #0x014]
	str r3, [sp, #0x018]
_0812DB70:
	adds r0, r7, #0x0
	movs r1, #0xC0
	movs r2, #0x2C
	movs r3, #0x00
	bl sub_8122A20
	adds r7, r0, #0x0
	ldr r3, [sp, #0x050]
	ldrb r0, [r3, #0x00]
	movs r3, #0x7F
	adds r2, r3, #0x0
	ands r2, r0
	lsls r2, r2, #0x02
	adds r2, r2, r5
	ldr r4, [sp, #0x058]
	ldrb r0, [r4, #0x00]
	adds r1, r3, #0x0
	ands r1, r0
	ldr r5, [sp, #0x02C]
	ldr r0, [r5, #0x40]
	adds r0, r0, r1
	ldrb r0, [r0, #0x00]
	ands r3, r0
	ldr r0, [r2, #0x00]
	adds r1, r0, r3
	ldrb r0, [r1, #0x00]
	cmp r0, #0xFF
	bne _0812DBC0
	movs r0, #0x30
	str r0, [sp, #0x000]
	movs r0, #0x02
	str r0, [sp, #0x004]
	subs r0, #0x03
	str r0, [sp, #0x008]
	str r0, [sp, #0x00C]
	movs r0, #0x09
	movs r1, #0x00
	b _0812DD42
_0812DBBC: .4byte 0x083BE67C
_0812DBC0:
	ldrb r1, [r1, #0x00]
	movs r0, #0x30
	str r0, [sp, #0x000]
	movs r0, #0x02
	str r0, [sp, #0x004]
	subs r0, #0x03
	str r0, [sp, #0x008]
	str r0, [sp, #0x00C]
	movs r0, #0x09
	b _0812DD42
_0812DBD4:
	str r3, [sp, #0x000]
	str r3, [sp, #0x004]
	ldr r2, _0812DC48 @ =0x083BBDD0
	ldr r1, [sp, #0x058]
	ldrb r0, [r1, #0x00]
	movs r4, #0x7F
	adds r1, r4, #0x0
	ands r1, r0
	ldr r5, [sp, #0x02C]
	ldr r0, [r5, #0x40]
	adds r0, r0, r1
	ldrb r1, [r0, #0x00]
	adds r0, r4, #0x0
	ands r0, r1
	lsls r0, r0, #0x04
	adds r0, r0, r2
	movs r2, #0xE4
	lsls r2, r2, #0x01
	adds r1, r2, #0x0
	ldrb r0, [r0, #0x01]
	adds r1, r1, r0
	str r1, [sp, #0x008]
	movs r5, #0x02
	str r5, [sp, #0x00C]
	str r5, [sp, #0x010]
	str r3, [sp, #0x014]
	str r3, [sp, #0x018]
	adds r0, r7, #0x0
	movs r1, #0xC0
	movs r2, #0x2C
	movs r3, #0x00
	bl sub_8122A20
	adds r7, r0, #0x0
	mov r3, r8
	ldr r2, [r3, #0x00]
	ldr r1, [sp, #0x058]
	ldrb r0, [r1, #0x00]
	adds r1, r4, #0x0
	ands r1, r0
	ldr r3, [sp, #0x02C]
	ldr r0, [r3, #0x40]
	adds r0, r0, r1
	ldrb r0, [r0, #0x00]
	ands r4, r0
	adds r2, #0x8A
	adds r2, r2, r4
	ldrb r0, [r2, #0x00]
	cmp r0, #0xFF
	bne _0812DC4C
	movs r0, #0x30
	str r0, [sp, #0x000]
	str r5, [sp, #0x004]
	str r6, [sp, #0x008]
	str r6, [sp, #0x00C]
	movs r0, #0x09
	movs r1, #0x00
	b _0812DD42
_0812DC48: .4byte 0x083BBDD0
_0812DC4C:
	ldrb r1, [r2, #0x00]
	movs r0, #0x30
	str r0, [sp, #0x000]
	str r5, [sp, #0x004]
	str r6, [sp, #0x008]
	str r6, [sp, #0x00C]
	movs r0, #0x09
	b _0812DD42
_0812DC5C:
	ldr r4, [sp, #0x058]
	ldrb r0, [r4, #0x00]
	movs r1, #0x7F
	adds r3, r1, #0x0
	ands r3, r0
	ldr r5, [sp, #0x02C]
	ldr r0, [r5, #0x40]
	adds r0, r0, r3
	ldrb r0, [r0, #0x00]
	adds r2, r1, #0x0
	ands r2, r0
	adds r0, r5, #0x0
	adds r0, #0xAA
	adds r6, r3, #0x0
	ldrh r1, [r0, #0x00]
	adds r5, r0, #0x0
	cmp r6, r1
	bcs _0812DCA0
	ldr r0, _0812DC9C @ =0x083BBDD0
	lsls r1, r2, #0x04
	adds r1, r1, r0
	movs r6, #0xE6
	lsls r6, r6, #0x01
	adds r0, r6, #0x0
	ldrb r1, [r1, #0x02]
	adds r0, r0, r1
	str r0, [sp, #0x038]
	mov r1, r8
	ldr r0, [r1, #0x00]
	adds r0, #0x8A
	b _0812DD0A
	.byte 0x00, 0x00
_0812DC9C: .4byte 0x083BBDD0
_0812DCA0:
	ldr r4, [sp, #0x02C]
	adds r4, #0xAE
	cmp r1, r6
	bhi _0812DCD8
	ldrh r0, [r5, #0x00]
	ldrh r1, [r4, #0x00]
	adds r0, r0, r1
	cmp r3, r0
	bge _0812DCD8
	cmp r1, #0x00
	beq _0812DCD8
	ldr r1, _0812DCD4 @ =0x083BE67C
	lsls r0, r2, #0x02
	adds r0, r0, r2
	lsls r0, r0, #0x02
	adds r0, r0, r1
	movs r3, #0xED
	lsls r3, r3, #0x01
	adds r1, r3, #0x0
	ldrb r0, [r0, #0x11]
	adds r1, r1, r0
	str r1, [sp, #0x038]
	mov r4, r8
	ldr r0, [r4, #0x00]
	adds r0, #0xF2
	b _0812DD0A
_0812DCD4: .4byte 0x083BE67C
_0812DCD8:
	ldrh r0, [r5, #0x00]
	ldrh r1, [r4, #0x00]
	adds r0, r0, r1
	ldr r5, [sp, #0x058]
	ldrb r1, [r5, #0x00]
	movs r3, #0x7F
	ands r3, r1
	cmp r0, r3
	bgt _0812DD10
	ldr r0, [sp, #0x02C]
	adds r0, #0xA8
	ldrh r0, [r0, #0x00]
	cmp r3, r0
	bcs _0812DD10
	ldr r0, [sp, #0x02C]
	adds r0, #0xAC
	ldrh r0, [r0, #0x00]
	cmp r0, #0x00
	beq _0812DD10
	movs r6, #0xED
	lsls r6, r6, #0x01
	str r6, [sp, #0x038]
	ldr r0, _0812DE28 @ =0x03000FF4
	ldr r0, [r0, #0x00]
	adds r0, #0xBA
_0812DD0A:
	adds r0, r0, r2
	ldrb r0, [r0, #0x00]
	str r0, [sp, #0x03C]
_0812DD10:
	movs r0, #0x00
	str r0, [sp, #0x000]
	str r0, [sp, #0x004]
	ldr r1, [sp, #0x038]
	str r1, [sp, #0x008]
	movs r4, #0x02
	str r4, [sp, #0x00C]
	str r4, [sp, #0x010]
	str r0, [sp, #0x014]
	str r0, [sp, #0x018]
	adds r0, r7, #0x0
	movs r1, #0xC0
	movs r2, #0x2C
	movs r3, #0x00
	bl sub_8122A20
	adds r7, r0, #0x0
	movs r0, #0x30
	str r0, [sp, #0x000]
	str r4, [sp, #0x004]
	subs r0, #0x31
	str r0, [sp, #0x008]
	str r0, [sp, #0x00C]
	movs r0, #0x09
	ldr r1, [sp, #0x03C]
_0812DD42:
	adds r2, r7, #0x0
	movs r3, #0xC0
	bl sub_8121B5C
	adds r7, r0, #0x0
_0812DD4C:
	ldr r2, [sp, #0x058]
	ldrb r1, [r2, #0x00]
	movs r0, #0x80
	ands r0, r1
	cmp r0, #0x00
	beq _0812DE50
	ldr r0, [sp, #0x02C]
	adds r0, #0xBE
	ldrb r1, [r0, #0x00]
	movs r0, #0x01
	ands r0, r1
	cmp r0, #0x00
	beq _0812DD6E
	ldr r3, [sp, #0x04C]
	ldrb r0, [r3, #0x00]
	cmp r0, #0x00
	bne _0812DE5A
_0812DD6E:
	ldr r4, [sp, #0x02C]
	adds r4, #0xC2
	mov r8, r4
	ldrb r1, [r4, #0x00]
	movs r5, #0x68
	str r5, [sp, #0x000]
	movs r0, #0x03
	str r0, [sp, #0x004]
	movs r6, #0x01
	negs r6, r6
	mov r9, r6
	str r6, [sp, #0x008]
	str r6, [sp, #0x00C]
	movs r0, #0x09
	adds r2, r7, #0x0
	movs r3, #0x9C
	bl sub_8121B5C
	adds r7, r0, #0x0
	movs r6, #0x00
	str r6, [sp, #0x000]
	str r6, [sp, #0x004]
	movs r0, #0x4C
	str r0, [sp, #0x008]
	movs r0, #0x01
	str r0, [sp, #0x00C]
	str r6, [sp, #0x010]
	str r6, [sp, #0x014]
	str r6, [sp, #0x018]
	adds r0, r7, #0x0
	movs r1, #0xB3
	movs r2, #0x6D
	movs r3, #0x00
	bl sub_8122A20
	adds r7, r0, #0x0
	ldr r0, [sp, #0x02C]
	adds r0, #0xC3
	ldrb r0, [r0, #0x00]
	mov r1, r8
	str r1, [sp, #0x054]
	ldr r2, [sp, #0x02C]
	adds r2, #0xB2
	mov r10, r2
	cmp r0, #0x01
	bls _0812DE06
	str r6, [sp, #0x000]
	str r6, [sp, #0x004]
	movs r5, #0x67
	str r5, [sp, #0x008]
	str r6, [sp, #0x00C]
	movs r4, #0x02
	str r4, [sp, #0x010]
	str r6, [sp, #0x014]
	str r6, [sp, #0x018]
	adds r0, r7, #0x0
	movs r1, #0xA4
	movs r2, #0x64
	movs r3, #0x00
	bl sub_8122A20
	adds r7, r0, #0x0
	str r6, [sp, #0x000]
	str r6, [sp, #0x004]
	str r5, [sp, #0x008]
	str r6, [sp, #0x00C]
	str r4, [sp, #0x010]
	str r6, [sp, #0x014]
	movs r3, #0x01
	str r3, [sp, #0x018]
	movs r1, #0xA4
	movs r2, #0x77
	movs r3, #0x00
	bl sub_8122A20
	adds r7, r0, #0x0
_0812DE06:
	ldr r4, [sp, #0x04C]
	ldrb r0, [r4, #0x00]
	cmp r0, #0x00
	bne _0812DE2C
	mov r5, r10
	ldrh r1, [r5, #0x00]
	ldr r6, [sp, #0x054]
	ldrb r0, [r6, #0x00]
	muls r1, r0
	movs r0, #0x68
	str r0, [sp, #0x000]
	movs r0, #0x04
	str r0, [sp, #0x004]
	mov r2, r9
	str r2, [sp, #0x008]
	str r2, [sp, #0x00C]
	b _0812DE44
_0812DE28: .4byte 0x03000FF4
_0812DE2C:
	mov r3, r10
	ldrh r1, [r3, #0x00]
	mov r4, r8
	ldrb r0, [r4, #0x00]
	muls r1, r0
	movs r5, #0x68
	str r5, [sp, #0x000]
	movs r0, #0x04
	str r0, [sp, #0x004]
	mov r6, r9
	str r6, [sp, #0x008]
	str r6, [sp, #0x00C]
_0812DE44:
	movs r0, #0x08
	adds r2, r7, #0x0
	movs r3, #0xBB
	bl sub_8121B5C
	adds r7, r0, #0x0
_0812DE50:
	ldr r1, [sp, #0x04C]
	ldrb r0, [r1, #0x00]
	cmp r0, #0x00
	bne _0812DE5A
	b _0812E0B8
_0812DE5A:
	ldr r0, [sp, #0x02C]
	adds r0, #0xBE
	ldrb r1, [r0, #0x00]
	movs r0, #0x01
	ands r0, r1
	cmp r0, #0x00
	bne _0812DE6A
	b _0812E0B8
_0812DE6A:
	ldr r2, [sp, #0x058]
	str r2, [sp, #0x040]
	ldrb r1, [r2, #0x00]
	movs r2, #0x80
	adds r0, r2, #0x0
	ands r0, r1
	lsls r0, r0, #0x18
	lsrs r5, r0, #0x18
	cmp r5, #0x00
	beq _0812DE80
	b _0812E0B8
_0812DE80:
	ldr r3, [sp, #0x02C]
	adds r3, #0xC0
	str r3, [sp, #0x044]
	ldrb r1, [r3, #0x00]
	adds r0, r2, #0x0
	ands r0, r1
	cmp r0, #0x00
	bne _0812DE92
	b _0812E074
_0812DE92:
	ldr r4, _0812DFA8 @ =0x03000FF4
	ldr r3, [r4, #0x00]
	ldr r6, [sp, #0x02C]
	adds r6, #0xC1
	mov r9, r6
	ldrb r1, [r6, #0x00]
	lsls r0, r1, #0x04
	subs r0, r0, r1
	lsls r0, r0, #0x02
	adds r0, r3, r0
	adds r0, #0x32
	ldrb r0, [r0, #0x00]
	add r1, sp, #0x020
	strb r0, [r1, #0x00]
	ldrb r2, [r6, #0x00]
	lsls r0, r2, #0x04
	subs r0, r0, r2
	lsls r0, r0, #0x02
	adds r3, r3, r0
	adds r3, #0x31
	ldrb r2, [r3, #0x00]
	mov r0, sp
	adds r0, #0x21
	strb r2, [r0, #0x00]
	add r0, sp, #0x01C
	movs r2, #0x02
	bl memcpy
	ldr r1, [sp, #0x044]
	ldrb r0, [r1, #0x00]
	movs r2, #0x7F
	mov r10, r2
	mov r8, r10
	mov r3, r8
	ands r3, r0
	mov r8, r3
	cmp r3, #0x00
	bne _0812DFAC
	movs r4, #0x01
	str r4, [sp, #0x000]
	movs r4, #0x02
	str r4, [sp, #0x004]
	movs r0, #0xC0
	str r0, [sp, #0x008]
	str r4, [sp, #0x00C]
	str r4, [sp, #0x010]
	str r3, [sp, #0x014]
	str r3, [sp, #0x018]
	adds r0, r7, #0x0
	movs r1, #0x08
	movs r2, #0x64
	movs r3, #0x00
	bl sub_8122A20
	adds r7, r0, #0x0
	movs r5, #0x01
	str r5, [sp, #0x000]
	str r4, [sp, #0x004]
	movs r0, #0xD8
	str r0, [sp, #0x008]
	str r4, [sp, #0x00C]
	str r4, [sp, #0x010]
	mov r6, r8
	str r6, [sp, #0x014]
	str r6, [sp, #0x018]
	adds r0, r7, #0x0
	movs r1, #0x70
	movs r2, #0x64
	movs r3, #0x00
	bl sub_8122A20
	adds r7, r0, #0x0
	ldr r0, _0812DFA8 @ =0x03000FF4
	ldr r2, [r0, #0x00]
	mov r3, r9
	ldrb r1, [r3, #0x00]
	lsls r0, r1, #0x04
	subs r0, r0, r1
	lsls r0, r0, #0x02
	adds r2, r2, r0
	ldrh r1, [r2, #0x12]
	movs r6, #0x64
	str r6, [sp, #0x000]
	movs r5, #0x03
	str r5, [sp, #0x004]
	subs r4, #0x03
	str r4, [sp, #0x008]
	str r4, [sp, #0x00C]
	movs r0, #0x09
	adds r2, r7, #0x0
	movs r3, #0x28
	bl sub_8121B5C
	adds r7, r0, #0x0
	ldr r0, _0812DFA8 @ =0x03000FF4
	ldr r2, [r0, #0x00]
	mov r3, r9
	ldrb r1, [r3, #0x00]
	lsls r0, r1, #0x04
	subs r0, r0, r1
	lsls r0, r0, #0x02
	adds r2, r2, r0
	ldrh r1, [r2, #0x24]
	str r6, [sp, #0x000]
	str r5, [sp, #0x004]
	str r4, [sp, #0x008]
	str r4, [sp, #0x00C]
	movs r0, #0x09
	adds r2, r7, #0x0
	movs r3, #0x90
	bl sub_8121B5C
	adds r7, r0, #0x0
	mov r4, r9
	ldrb r1, [r4, #0x00]
	ldr r5, [sp, #0x044]
	ldrb r2, [r5, #0x00]
	mov r0, r10
	ands r0, r2
	add r0, sp
	adds r0, #0x1C
	ldrb r2, [r0, #0x00]
	ldr r6, [sp, #0x040]
	ldrb r0, [r6, #0x00]
	mov r3, r10
	ands r3, r0
	ldr r4, [sp, #0x02C]
	ldr r0, [r4, #0x40]
	adds r0, r0, r3
	ldrb r0, [r0, #0x00]
	mov r3, r10
	ands r3, r0
	movs r5, #0x01
	str r5, [sp, #0x000]
	adds r0, r7, #0x0
	bl sub_8122330
	b _0812E072
	.byte 0x00, 0x00
_0812DFA8: .4byte 0x03000FF4
_0812DFAC:
	mov r6, r8
	cmp r6, #0x01
	bne _0812E074
	str r6, [sp, #0x000]
	movs r4, #0x02
	str r4, [sp, #0x004]
	movs r0, #0xC8
	str r0, [sp, #0x008]
	str r4, [sp, #0x00C]
	str r4, [sp, #0x010]
	str r5, [sp, #0x014]
	str r5, [sp, #0x018]
	adds r0, r7, #0x0
	movs r1, #0x08
	movs r2, #0x64
	movs r3, #0x00
	bl sub_8122A20
	adds r7, r0, #0x0
	str r6, [sp, #0x000]
	str r4, [sp, #0x004]
	movs r0, #0xD0
	str r0, [sp, #0x008]
	str r4, [sp, #0x00C]
	str r4, [sp, #0x010]
	str r5, [sp, #0x014]
	str r5, [sp, #0x018]
	adds r0, r7, #0x0
	movs r1, #0x70
	movs r2, #0x64
	movs r3, #0x00
	bl sub_8122A20
	adds r7, r0, #0x0
	ldr r0, _0812E0CC @ =0x03000FF4
	ldr r2, [r0, #0x00]
	mov r3, r9
	ldrb r1, [r3, #0x00]
	lsls r0, r1, #0x04
	subs r0, r0, r1
	lsls r0, r0, #0x02
	adds r2, r2, r0
	ldrh r1, [r2, #0x18]
	movs r6, #0x64
	str r6, [sp, #0x000]
	movs r5, #0x03
	str r5, [sp, #0x004]
	subs r4, #0x03
	str r4, [sp, #0x008]
	str r4, [sp, #0x00C]
	movs r0, #0x09
	adds r2, r7, #0x0
	movs r3, #0x28
	bl sub_8121B5C
	adds r7, r0, #0x0
	ldr r0, _0812E0CC @ =0x03000FF4
	ldr r2, [r0, #0x00]
	mov r3, r9
	ldrb r1, [r3, #0x00]
	lsls r0, r1, #0x04
	subs r0, r0, r1
	lsls r0, r0, #0x02
	adds r2, r2, r0
	ldrh r1, [r2, #0x1C]
	str r6, [sp, #0x000]
	str r5, [sp, #0x004]
	str r4, [sp, #0x008]
	str r4, [sp, #0x00C]
	movs r0, #0x09
	adds r2, r7, #0x0
	movs r3, #0x90
	bl sub_8121B5C
	adds r7, r0, #0x0
	mov r4, r9
	ldrb r1, [r4, #0x00]
	ldr r5, [sp, #0x044]
	ldrb r2, [r5, #0x00]
	mov r0, r10
	ands r0, r2
	add r0, sp
	adds r0, #0x1C
	ldrb r2, [r0, #0x00]
	ldr r6, [sp, #0x058]
	ldrb r0, [r6, #0x00]
	mov r3, r10
	ands r3, r0
	ldr r4, [sp, #0x02C]
	ldr r0, [r4, #0x40]
	adds r0, r0, r3
	ldrb r0, [r0, #0x00]
	mov r3, r10
	ands r3, r0
	mov r5, r8
	str r5, [sp, #0x000]
	adds r0, r7, #0x0
	bl sub_8122618
_0812E072:
	adds r7, r0, #0x0
_0812E074:
	movs r4, #0x00
	str r4, [sp, #0x000]
	movs r5, #0x01
	str r5, [sp, #0x004]
	movs r0, #0xA7
	lsls r0, r0, #0x01
	str r0, [sp, #0x008]
	str r5, [sp, #0x00C]
	str r4, [sp, #0x010]
	str r4, [sp, #0x014]
	str r4, [sp, #0x018]
	adds r0, r7, #0x0
	movs r1, #0x1C
	movs r2, #0x46
	movs r3, #0x00
	bl sub_8122A20
	adds r7, r0, #0x0
	str r4, [sp, #0x000]
	str r5, [sp, #0x004]
	movs r0, #0xA9
	lsls r0, r0, #0x01
	str r0, [sp, #0x008]
	str r5, [sp, #0x00C]
	str r4, [sp, #0x010]
	str r4, [sp, #0x014]
	str r4, [sp, #0x018]
	adds r0, r7, #0x0
	movs r1, #0x6C
	movs r2, #0x46
	movs r3, #0x00
	bl sub_8122A20
	adds r7, r0, #0x0
_0812E0B8:
	adds r0, r7, #0x0
	add sp, #0x064
	pop {r3, r4, r5}
	mov r8, r3
	mov r9, r4
	mov r10, r5
	pop {r4, r5, r6, r7}
	pop {r1}
	bx r1
	.byte 0x00, 0x00
_0812E0CC: .4byte 0x03000FF4
	thumb_func_start sub_812E0D0
sub_812E0D0:
	push {r4, r5, r6, r7, lr}
	mov r7, r10
	mov r6, r9
	mov r5, r8
	push {r5, r6, r7}
	add sp, #-0x040
	adds r7, r0, #0x0
	ldr r0, [r7, #0x14]
	str r0, [sp, #0x02C]
	adds r0, r7, #0x0
	adds r0, #0xB8
	ldrb r0, [r0, #0x00]
	mov r9, r0
	cmp r0, #0x01
	beq _0812E0F2
	bl _0812ED12
_0812E0F2:
	ldr r1, _0812E198 @ =0x083C0D48
	ldr r0, _0812E19C @ =0x0300034C
	movs r2, #0x8C
	lsls r2, r2, #0x04
	adds r2, r2, r0
	mov r8, r2
	ldrb r0, [r2, #0x00]
	lsls r0, r0, #0x02
	adds r0, r0, r1
	ldr r0, [r0, #0x00]
	str r0, [sp, #0x01C]
	ldr r1, _0812E1A0 @ =0x083C0D70
	ldrb r0, [r2, #0x00]
	lsls r0, r0, #0x02
	adds r0, r0, r1
	ldr r0, [r0, #0x00]
	str r0, [sp, #0x020]
	ldr r1, _0812E1A4 @ =0x083C0D5C
	ldrb r0, [r2, #0x00]
	lsls r0, r0, #0x02
	adds r0, r0, r1
	ldr r0, [r0, #0x00]
	str r0, [sp, #0x024]
	ldr r1, _0812E1A8 @ =0x083C0D84
	ldrb r0, [r2, #0x00]
	lsls r0, r0, #0x02
	adds r0, r0, r1
	ldr r0, [r0, #0x00]
	str r0, [sp, #0x028]
	add r4, sp, #0x01C
	add r0, sp, #0x00C
	adds r1, r4, #0x0
	movs r2, #0x10
	bl memcpy
	adds r0, r7, #0x0
	adds r0, #0xB9
	ldrb r1, [r0, #0x00]
	str r0, [sp, #0x030]
	cmp r1, #0x01
	bne _0812E146
	b _0812E35C
_0812E146:
	ldr r0, _0812E1AC @ =0x03001034
	ldr r1, [r7, #0x5C]
	movs r2, #0xA2
	lsls r2, r2, #0x04
	ldr r3, [r0, #0x00]
	movs r0, #0x00
	bl _call_via_r3
	adds r0, r7, #0x0
	adds r0, #0xBD
	ldrb r0, [r0, #0x00]
	cmp r0, #0x00
	beq _0812E162
	b _0812E25C
_0812E162:
	adds r0, r7, #0x0
	adds r0, #0xC4
	ldrb r1, [r0, #0x00]
	movs r6, #0x7F
	ands r6, r1
	adds r1, r7, #0x0
	adds r1, #0xAA
	adds r5, r6, #0x0
	ldrh r3, [r1, #0x00]
	mov r10, r0
	cmp r5, r3
	bcs _0812E1B4
	ldr r0, [r7, #0x5C]
	ldr r3, _0812E1B0 @ =0x083BBDD0
	ldr r1, [r7, #0x40]
	adds r1, r1, r6
	ldrb r2, [r1, #0x00]
	lsls r2, r2, #0x04
	adds r3, #0x0C
	adds r2, r2, r3
	mov r3, r8
	ldrb r1, [r3, #0x00]
	ldr r2, [r2, #0x00]
	lsls r1, r1, #0x02
	adds r1, r1, r2
	ldr r1, [r1, #0x00]
	b _0812E2E8
_0812E198: .4byte 0x083C0D48
_0812E19C: .4byte 0x0300034C
_0812E1A0: .4byte 0x083C0D70
_0812E1A4: .4byte 0x083C0D5C
_0812E1A8: .4byte 0x083C0D84
_0812E1AC: .4byte 0x03001034
_0812E1B0: .4byte 0x083BBDD0
_0812E1B4:
	adds r4, r7, #0x0
	adds r4, #0xAE
	cmp r3, r5
	bhi _0812E1F8
	ldrh r0, [r1, #0x00]
	ldrh r2, [r4, #0x00]
	adds r0, r0, r2
	cmp r6, r0
	bge _0812E1F8
	cmp r2, #0x00
	beq _0812E1F8
	ldr r0, [r7, #0x5C]
	ldr r3, _0812E1F4 @ =0x083BE67C
	ldr r1, [r7, #0x40]
	adds r1, r1, r6
	ldrb r2, [r1, #0x00]
	lsls r1, r2, #0x02
	adds r1, r1, r2
	lsls r1, r1, #0x02
	adds r1, r1, r3
	mov r5, r8
	ldrb r2, [r5, #0x00]
	ldr r1, [r1, #0x00]
	lsls r2, r2, #0x02
	adds r2, r2, r1
	ldr r1, [r2, #0x00]
	ldr r1, [r1, #0x04]
	str r1, [sp, #0x000]
	mov r1, r9
	str r1, [sp, #0x004]
	b _0812E2F0
	.byte 0x00, 0x00
_0812E1F4: .4byte 0x083BE67C
_0812E1F8:
	ldrh r0, [r1, #0x00]
	ldrh r1, [r4, #0x00]
	adds r0, r0, r1
	mov r2, r10
	ldrb r1, [r2, #0x00]
	movs r2, #0x7F
	ands r2, r1
	cmp r0, r2
	ble _0812E20C
	b _0812E33C
_0812E20C:
	adds r0, r7, #0x0
	adds r0, #0xA8
	ldrh r0, [r0, #0x00]
	cmp r2, r0
	bcc _0812E218
	b _0812E33C
_0812E218:
	adds r0, r7, #0x0
	adds r0, #0xAC
	ldrh r0, [r0, #0x00]
	cmp r0, #0x00
	bne _0812E224
	b _0812E33C
_0812E224:
	ldr r0, [r7, #0x5C]
	ldr r3, _0812E254 @ =0x083BD844
	ldr r1, [r7, #0x40]
	adds r1, r1, r2
	ldrb r1, [r1, #0x00]
	lsls r2, r1, #0x02
	adds r2, r2, r1
	lsls r2, r2, #0x02
	adds r2, r2, r3
	ldr r1, _0812E258 @ =0x0300034C
	movs r3, #0x8C
	lsls r3, r3, #0x04
	adds r1, r1, r3
	ldrb r1, [r1, #0x00]
	ldr r2, [r2, #0x00]
	lsls r1, r1, #0x02
	adds r1, r1, r2
	ldr r1, [r1, #0x00]
	ldr r1, [r1, #0x04]
	str r1, [sp, #0x000]
	movs r1, #0x01
	str r1, [sp, #0x004]
	b _0812E2F0
	.byte 0x00, 0x00
_0812E254: .4byte 0x083BD844
_0812E258: .4byte 0x0300034C
_0812E25C:
	adds r0, r7, #0x0
	adds r0, #0xBE
	ldrb r1, [r0, #0x00]
	mov r0, r9
	ands r0, r1
	cmp r0, #0x00
	beq _0812E300
	adds r0, r7, #0x0
	adds r0, #0xC0
	ldrb r1, [r0, #0x00]
	movs r0, #0x80
	ands r0, r1
	cmp r0, #0x00
	beq _0812E33C
	movs r4, #0x7F
	adds r0, r4, #0x0
	ands r0, r1
	cmp r0, #0x00
	beq _0812E2BC
	ldr r0, [r7, #0x5C]
	ldr r3, _0812E2B8 @ =0x083BD844
	adds r1, r7, #0x0
	adds r1, #0xC4
	ldrb r1, [r1, #0x00]
	adds r2, r4, #0x0
	ands r2, r1
	ldr r1, [r7, #0x40]
	adds r1, r1, r2
	ldrb r1, [r1, #0x00]
	adds r2, r4, #0x0
	ands r2, r1
	lsls r1, r2, #0x02
	adds r1, r1, r2
	lsls r1, r1, #0x02
	adds r1, r1, r3
	mov r4, r8
	ldrb r2, [r4, #0x00]
	ldr r1, [r1, #0x00]
	lsls r2, r2, #0x02
	adds r2, r2, r1
	ldr r1, [r2, #0x00]
	ldr r1, [r1, #0x04]
	str r1, [sp, #0x000]
	mov r5, r9
	str r5, [sp, #0x004]
	b _0812E2F0
_0812E2B8: .4byte 0x083BD844
_0812E2BC:
	ldr r0, [r7, #0x5C]
	ldr r3, _0812E2FC @ =0x083BE67C
	adds r1, r7, #0x0
	adds r1, #0xC4
	ldrb r1, [r1, #0x00]
	adds r2, r4, #0x0
	ands r2, r1
	ldr r1, [r7, #0x40]
	adds r1, r1, r2
	ldrb r1, [r1, #0x00]
	adds r2, r4, #0x0
	ands r2, r1
	lsls r1, r2, #0x02
	adds r1, r1, r2
	lsls r1, r1, #0x02
	adds r1, r1, r3
	mov r3, r8
	ldrb r2, [r3, #0x00]
	ldr r1, [r1, #0x00]
	lsls r2, r2, #0x02
	adds r2, r2, r1
	ldr r1, [r2, #0x00]
_0812E2E8:
	ldr r1, [r1, #0x04]
	str r1, [sp, #0x000]
	mov r4, r9
	str r4, [sp, #0x004]
_0812E2F0:
	movs r1, #0x1B
	movs r2, #0x00
	movs r3, #0x06
	bl sub_8083860
	b _0812E33C
_0812E2FC: .4byte 0x083BE67C
_0812E300:
	ldr r0, [r7, #0x5C]
	ldr r4, _0812E3B0 @ =0x083BBDD0
	adds r1, r7, #0x0
	adds r1, #0xC4
	ldrb r1, [r1, #0x00]
	movs r2, #0x7F
	adds r3, r2, #0x0
	ands r3, r1
	ldr r1, [r7, #0x40]
	adds r1, r1, r3
	ldrb r1, [r1, #0x00]
	ands r2, r1
	lsls r2, r2, #0x04
	adds r4, #0x0C
	adds r2, r2, r4
	mov r5, r8
	ldrb r1, [r5, #0x00]
	ldr r2, [r2, #0x00]
	lsls r1, r1, #0x02
	adds r1, r1, r2
	ldr r1, [r1, #0x00]
	ldr r1, [r1, #0x04]
	str r1, [sp, #0x000]
	mov r1, r9
	str r1, [sp, #0x004]
	movs r1, #0x1B
	movs r2, #0x00
	movs r3, #0x06
	bl sub_8083860
_0812E33C:
	ldr r0, [r7, #0x5C]
	ldr r1, [r7, #0x24]
	ldr r1, [r1, #0x28]
	ldr r1, [r1, #0x04]
	movs r2, #0xCA
	lsls r2, r2, #0x01
	adds r1, r1, r2
	ldr r1, [r1, #0x00]
	subs r1, r0, r1
	movs r2, #0xA2
	lsls r2, r2, #0x04
	movs r3, #0x00
	str r3, [sp, #0x000]
	movs r3, #0x20
	bl sub_8018218
_0812E35C:
	ldr r3, [sp, #0x030]
	ldrb r0, [r3, #0x00]
	cmp r0, #0x02
	bne _0812E366
	b _0812E838
_0812E366:
	ldr r0, _0812E3B4 @ =0x03001034
	ldr r1, [r7, #0x60]
	movs r2, #0xC6
	lsls r2, r2, #0x05
	ldr r3, [r0, #0x00]
	movs r0, #0x00
	bl _call_via_r3
	adds r0, r7, #0x0
	adds r0, #0xBD
	ldrb r0, [r0, #0x00]
	cmp r0, #0x00
	beq _0812E382
	b _0812E4D2
_0812E382:
	adds r0, r7, #0x0
	adds r0, #0xC4
	ldrb r0, [r0, #0x00]
	movs r1, #0x7F
	ands r1, r0
	adds r0, r7, #0x0
	adds r0, #0xC5
	ldrb r2, [r0, #0x00]
	subs r5, r1, r2
	movs r4, #0xA8
	adds r4, r4, r7
	mov r8, r4
	cmp r5, #0x00
	bge _0812E3A4
	ldrh r0, [r4, #0x00]
	adds r0, r0, r1
	subs r5, r0, r2
_0812E3A4:
	movs r0, #0x00
	mov r9, r0
	ldr r1, _0812E3B8 @ =0x03000C0C
	mov r10, r1
	b _0812E4B0
	.byte 0x00, 0x00
_0812E3B0: .4byte 0x083BBDD0
_0812E3B4: .4byte 0x03001034
_0812E3B8: .4byte 0x03000C0C
_0812E3BC:
	ldr r0, [r7, #0x40]
	adds r0, r0, r5
	ldrb r0, [r0, #0x00]
	movs r6, #0x7F
	ands r6, r0
	movs r2, #0x01
	mov r12, r2
	adds r0, r7, #0x0
	adds r0, #0xAA
	ldrh r2, [r0, #0x00]
	adds r1, r0, #0x0
	cmp r5, r2
	bge _0812E400
	ldr r0, [r7, #0x60]
	movs r1, #0x0B
	mov r3, r9
	muls r3, r1
	adds r3, #0x10
	lsls r3, r3, #0x10
	lsrs r3, r3, #0x10
	ldr r1, _0812E3FC @ =0x083BBDD0
	lsls r2, r6, #0x04
	adds r1, #0x0C
	adds r2, r2, r1
	mov r4, r10
	ldrb r1, [r4, #0x00]
	ldr r2, [r2, #0x00]
	lsls r1, r1, #0x02
	adds r1, r1, r2
	ldr r1, [r1, #0x00]
	b _0812E438
	.byte 0x00, 0x00
_0812E3FC: .4byte 0x083BBDD0
_0812E400:
	adds r4, r7, #0x0
	adds r4, #0xAE
	cmp r2, r5
	bgt _0812E450
	ldrh r3, [r4, #0x00]
	adds r0, r2, r3
	cmp r5, r0
	bge _0812E450
	cmp r3, #0x00
	beq _0812E450
	ldr r0, [r7, #0x60]
	movs r1, #0x0B
	mov r3, r9
	muls r3, r1
	adds r3, #0x10
	lsls r3, r3, #0x10
	lsrs r3, r3, #0x10
	ldr r2, _0812E44C @ =0x083BE67C
	lsls r1, r6, #0x02
	adds r1, r1, r6
	lsls r1, r1, #0x02
	adds r1, r1, r2
	mov r4, r10
	ldrb r2, [r4, #0x00]
	ldr r1, [r1, #0x00]
	lsls r2, r2, #0x02
	adds r2, r2, r1
	ldr r1, [r2, #0x00]
_0812E438:
	ldr r1, [r1, #0x00]
	str r1, [sp, #0x000]
	mov r1, r12
	str r1, [sp, #0x004]
	movs r1, #0x12
	movs r2, #0x18
	bl sub_8083860
	b _0812E4A0
	.byte 0x00, 0x00
_0812E44C: .4byte 0x083BE67C
_0812E450:
	ldrh r0, [r1, #0x00]
	ldrh r1, [r4, #0x00]
	adds r0, r0, r1
	cmp r0, r5
	bgt _0812E4A0
	mov r2, r8
	ldrh r2, [r2, #0x00]
	cmp r5, r2
	bge _0812E4A0
	adds r0, r7, #0x0
	adds r0, #0xAC
	ldrh r0, [r0, #0x00]
	cmp r0, #0x00
	beq _0812E4A0
	ldr r0, [r7, #0x60]
	movs r1, #0x0B
	mov r3, r9
	muls r3, r1
	adds r3, #0x10
	lsls r3, r3, #0x10
	lsrs r3, r3, #0x10
	ldr r2, _0812E4C4 @ =0x083BD844
	lsls r1, r6, #0x02
	adds r1, r1, r6
	lsls r1, r1, #0x02
	adds r1, r1, r2
	mov r4, r10
	ldrb r2, [r4, #0x00]
	ldr r1, [r1, #0x00]
	lsls r2, r2, #0x02
	adds r2, r2, r1
	ldr r1, [r2, #0x00]
	ldr r1, [r1, #0x00]
	str r1, [sp, #0x000]
	mov r1, r12
	str r1, [sp, #0x004]
	movs r1, #0x12
	movs r2, #0x18
	bl sub_8083860
_0812E4A0:
	adds r5, #0x01
	mov r2, r8
	ldrh r2, [r2, #0x00]
	cmp r5, r2
	blt _0812E4AC
	movs r5, #0x00
_0812E4AC:
	movs r3, #0x01
	add r9, r3
_0812E4B0:
	mov r4, r8
	ldrh r0, [r4, #0x00]
	cmp r0, #0x05
	bhi _0812E4C8
	ldrh r0, [r4, #0x00]
	cmp r9, r0
	bge _0812E4C0
	b _0812E3BC
_0812E4C0:
	b _0812E818
	.byte 0x00, 0x00
_0812E4C4: .4byte 0x083BD844
_0812E4C8:
	mov r1, r9
	cmp r1, #0x05
	bgt _0812E4D0
	b _0812E3BC
_0812E4D0:
	b _0812E818
_0812E4D2:
	adds r5, r7, #0x0
	adds r5, #0xBE
	ldrb r1, [r5, #0x00]
	movs r0, #0x01
	ands r0, r1
	cmp r0, #0x00
	bne _0812E4E2
	b _0812E740
_0812E4E2:
	adds r2, r7, #0x0
	adds r2, #0xC0
	ldrb r1, [r2, #0x00]
	movs r0, #0x80
	ands r0, r1
	str r2, [sp, #0x038]
	cmp r0, #0x00
	bne _0812E4F4
	b _0812E662
_0812E4F4:
	adds r1, r7, #0x0
	adds r1, #0xC4
	ldrb r0, [r1, #0x00]
	movs r3, #0x7F
	ands r3, r0
	adds r0, r7, #0x0
	adds r0, #0xC5
	ldrb r4, [r0, #0x00]
	subs r5, r3, r4
	mov r10, r1
	movs r2, #0xA8
	adds r2, r2, r7
	mov r8, r2
	cmp r5, #0x00
	bge _0812E518
	ldrh r0, [r2, #0x00]
	adds r0, r0, r3
	subs r5, r0, r4
_0812E518:
	movs r3, #0x00
	mov r9, r3
	adds r4, r7, #0x0
	adds r4, #0xC1
	str r4, [sp, #0x03C]
	b _0812E63A
_0812E524:
	ldr r0, [r7, #0x40]
	adds r0, r0, r5
	ldrb r0, [r0, #0x00]
	movs r3, #0x7F
	adds r4, r3, #0x0
	ands r4, r0
	movs r6, #0x09
	ldr r0, [sp, #0x038]
	ldrb r1, [r0, #0x00]
	adds r0, r3, #0x0
	ands r0, r1
	cmp r0, #0x00
	beq _0812E5BC
	ldr r0, [r7, #0x58]
	lsls r1, r5, #0x01
	adds r1, r1, r0
	ldrh r2, [r1, #0x00]
	mov r0, r10
	ldrb r1, [r0, #0x00]
	movs r0, #0x80
	ands r0, r1
	cmp r0, #0x00
	beq _0812E55A
	adds r0, r3, #0x0
	ands r0, r1
	cmp r5, r0
	bne _0812E574
_0812E55A:
	ldr r0, _0812E5B0 @ =0x03000FF4
	ldr r1, [r0, #0x00]
	adds r0, r1, #0x0
	adds r0, #0x88
	ldrh r0, [r0, #0x00]
	cmp r2, r0
	bhi _0812E574
	adds r0, r1, #0x0
	adds r0, #0xBA
	adds r0, r0, r4
	ldrb r0, [r0, #0x00]
	cmp r0, #0x09
	bne _0812E576
_0812E574:
	movs r6, #0x0B
_0812E576:
	ldr r0, [r7, #0x60]
	movs r1, #0x0B
	mov r3, r9
	muls r3, r1
	lsls r3, r3, #0x10
	lsrs r3, r3, #0x10
	ldr r1, _0812E5B4 @ =0x083BD844
	lsls r2, r4, #0x02
	adds r2, r2, r4
	lsls r2, r2, #0x02
	adds r2, r2, r1
	ldr r1, _0812E5B8 @ =0x0300034C
	movs r4, #0x8C
	lsls r4, r4, #0x04
	adds r1, r1, r4
	ldrb r1, [r1, #0x00]
	ldr r2, [r2, #0x00]
	lsls r1, r1, #0x02
	adds r1, r1, r2
	ldr r1, [r1, #0x00]
	ldr r1, [r1, #0x00]
	str r1, [sp, #0x000]
	str r6, [sp, #0x004]
	movs r1, #0x12
	movs r2, #0x18
	bl sub_8083860
	b _0812E62A
	.byte 0x00, 0x00
_0812E5B0: .4byte 0x03000FF4
_0812E5B4: .4byte 0x083BD844
_0812E5B8: .4byte 0x0300034C
_0812E5BC:
	ldr r0, [r7, #0x58]
	lsls r1, r5, #0x01
	adds r1, r1, r0
	ldrh r2, [r1, #0x00]
	mov r0, r10
	ldrb r1, [r0, #0x00]
	movs r0, #0x80
	ands r0, r1
	cmp r0, #0x00
	beq _0812E5D8
	adds r0, r3, #0x0
	ands r0, r1
	cmp r5, r0
	bne _0812E5F2
_0812E5D8:
	ldr r0, _0812E64C @ =0x03000FF4
	ldr r1, [r0, #0x00]
	adds r0, r1, #0x0
	adds r0, #0x88
	ldrh r0, [r0, #0x00]
	cmp r2, r0
	bhi _0812E5F2
	adds r0, r1, #0x0
	adds r0, #0xF2
	adds r0, r0, r4
	ldrb r0, [r0, #0x00]
	cmp r0, #0x09
	bne _0812E5F4
_0812E5F2:
	movs r6, #0x0B
_0812E5F4:
	ldr r0, [r7, #0x60]
	movs r1, #0x0B
	mov r3, r9
	muls r3, r1
	lsls r3, r3, #0x10
	lsrs r3, r3, #0x10
	ldr r1, _0812E650 @ =0x083BE67C
	lsls r2, r4, #0x02
	adds r2, r2, r4
	lsls r2, r2, #0x02
	adds r2, r2, r1
	ldr r1, _0812E654 @ =0x0300034C
	movs r4, #0x8C
	lsls r4, r4, #0x04
	adds r1, r1, r4
	ldrb r1, [r1, #0x00]
	ldr r2, [r2, #0x00]
	lsls r1, r1, #0x02
	adds r1, r1, r2
	ldr r1, [r1, #0x00]
	ldr r1, [r1, #0x00]
	str r1, [sp, #0x000]
	str r6, [sp, #0x004]
	movs r1, #0x12
	movs r2, #0x18
	bl sub_8083860
_0812E62A:
	adds r5, #0x01
	mov r0, r8
	ldrh r0, [r0, #0x00]
	cmp r5, r0
	blt _0812E636
	movs r5, #0x00
_0812E636:
	movs r1, #0x01
	add r9, r1
_0812E63A:
	mov r2, r8
	ldrh r0, [r2, #0x00]
	cmp r0, #0x05
	bhi _0812E658
	ldrh r3, [r2, #0x00]
	cmp r9, r3
	bge _0812E64A
	b _0812E524
_0812E64A:
	b _0812E6A2
_0812E64C: .4byte 0x03000FF4
_0812E650: .4byte 0x083BE67C
_0812E654: .4byte 0x0300034C
_0812E658:
	mov r4, r9
	cmp r4, #0x05
	bgt _0812E660
	b _0812E524
_0812E660:
	b _0812E6A2
_0812E662:
	ldr r0, [r7, #0x60]
	ldrb r1, [r5, #0x00]
	lsls r1, r1, #0x02
	add r1, sp
	adds r1, #0x0C
	ldr r1, [r1, #0x00]
	ldr r1, [r1, #0x3C]
	str r1, [sp, #0x000]
	movs r4, #0x09
	str r4, [sp, #0x004]
	movs r1, #0x12
	movs r2, #0x1C
	movs r3, #0x1F
	bl sub_8083860
	ldr r0, [r7, #0x60]
	ldrb r1, [r5, #0x00]
	lsls r1, r1, #0x02
	add r1, sp
	adds r1, #0x0C
	ldr r1, [r1, #0x00]
	ldr r1, [r1, #0x40]
	str r1, [sp, #0x000]
	str r4, [sp, #0x004]
	movs r1, #0x12
	movs r2, #0x1C
	movs r3, #0x37
	bl sub_8083860
	adds r5, r7, #0x0
	adds r5, #0xC1
	str r5, [sp, #0x03C]
_0812E6A2:
	ldr r0, [sp, #0x038]
	ldrb r1, [r0, #0x00]
	movs r0, #0x7F
	ands r0, r1
	cmp r0, #0x00
	beq _0812E6EC
	ldr r0, _0812E6E0 @ =0x03000FF4
	ldr r2, [r0, #0x00]
	ldr r3, [sp, #0x03C]
	ldrb r1, [r3, #0x00]
	lsls r0, r1, #0x04
	subs r0, r0, r1
	lsls r0, r0, #0x02
	adds r2, r2, r0
	adds r2, #0x31
	ldrb r0, [r2, #0x00]
	cmp r0, #0xFF
	bne _0812E6C8
	b _0812E818
_0812E6C8:
	ldr r0, [r7, #0x60]
	ldr r3, _0812E6E4 @ =0x083BD844
	ldrb r1, [r2, #0x00]
	lsls r2, r1, #0x02
	adds r2, r2, r1
	lsls r2, r2, #0x02
	adds r2, r2, r3
	ldr r1, _0812E6E8 @ =0x0300034C
	movs r4, #0x8C
	lsls r4, r4, #0x04
	adds r1, r1, r4
	b _0812E714
_0812E6E0: .4byte 0x03000FF4
_0812E6E4: .4byte 0x083BD844
_0812E6E8: .4byte 0x0300034C
_0812E6EC:
	ldr r0, [r7, #0x60]
	ldr r4, _0812E734 @ =0x083BE67C
	ldr r1, _0812E738 @ =0x03000FF4
	ldr r2, [r1, #0x00]
	ldr r5, [sp, #0x03C]
	ldrb r3, [r5, #0x00]
	lsls r1, r3, #0x04
	subs r1, r1, r3
	lsls r1, r1, #0x02
	adds r2, r2, r1
	adds r2, #0x32
	ldrb r1, [r2, #0x00]
	lsls r2, r1, #0x02
	adds r2, r2, r1
	lsls r2, r2, #0x02
	adds r2, r2, r4
	ldr r1, _0812E73C @ =0x0300034C
	movs r3, #0x8C
	lsls r3, r3, #0x04
	adds r1, r1, r3
_0812E714:
	ldrb r1, [r1, #0x00]
	ldr r2, [r2, #0x00]
	lsls r1, r1, #0x02
	adds r1, r1, r2
	ldr r1, [r1, #0x00]
	ldr r1, [r1, #0x00]
	str r1, [sp, #0x000]
	movs r1, #0x05
	str r1, [sp, #0x004]
	movs r1, #0x12
	movs r2, #0x0D
	movs r3, #0x4D
	bl sub_8083860
	b _0812E818
	.byte 0x00, 0x00
_0812E734: .4byte 0x083BE67C
_0812E738: .4byte 0x03000FF4
_0812E73C: .4byte 0x0300034C
_0812E740:
	adds r1, r7, #0x0
	adds r1, #0xC4
	ldrb r0, [r1, #0x00]
	movs r3, #0x7F
	ands r3, r0
	adds r0, r7, #0x0
	adds r0, #0xC5
	ldrb r5, [r0, #0x00]
	subs r4, r3, r5
	mov r10, r1
	movs r0, #0xA8
	adds r0, r0, r7
	mov r8, r0
	cmp r4, #0x00
	bge _0812E764
	ldrh r0, [r0, #0x00]
	adds r0, r0, r3
	subs r4, r0, r5
_0812E764:
	movs r6, #0x00
	b _0812E7F8
_0812E768:
	ldr r0, [r7, #0x40]
	adds r0, r0, r4
	ldrb r0, [r0, #0x00]
	movs r5, #0x7F
	adds r2, r5, #0x0
	ands r2, r0
	movs r1, #0x09
	mov r9, r1
	ldr r1, [r7, #0x58]
	lsls r0, r4, #0x01
	adds r0, r0, r1
	ldrh r3, [r0, #0x00]
	mov r0, r10
	ldrb r1, [r0, #0x00]
	movs r0, #0x80
	ands r0, r1
	cmp r0, #0x00
	beq _0812E794
	adds r0, r5, #0x0
	ands r0, r1
	cmp r4, r0
	bne _0812E7AE
_0812E794:
	ldr r0, _0812E808 @ =0x03000FF4
	ldr r1, [r0, #0x00]
	adds r0, r1, #0x0
	adds r0, #0x88
	ldrh r0, [r0, #0x00]
	cmp r3, r0
	bhi _0812E7AE
	adds r0, r1, #0x0
	adds r0, #0x8A
	adds r0, r0, r2
	ldrb r0, [r0, #0x00]
	cmp r0, #0x63
	bne _0812E7B2
_0812E7AE:
	movs r1, #0x0B
	mov r9, r1
_0812E7B2:
	ldr r0, [r7, #0x60]
	movs r1, #0x0B
	adds r3, r6, #0x0
	muls r3, r1
	adds r3, #0x10
	lsls r3, r3, #0x10
	lsrs r3, r3, #0x10
	ldr r1, _0812E80C @ =0x083BBDD0
	lsls r2, r2, #0x04
	adds r1, #0x0C
	adds r2, r2, r1
	ldr r1, _0812E810 @ =0x0300034C
	movs r5, #0x8C
	lsls r5, r5, #0x04
	adds r1, r1, r5
	ldrb r1, [r1, #0x00]
	ldr r2, [r2, #0x00]
	lsls r1, r1, #0x02
	adds r1, r1, r2
	ldr r1, [r1, #0x00]
	ldr r1, [r1, #0x00]
	str r1, [sp, #0x000]
	mov r1, r9
	str r1, [sp, #0x004]
	movs r1, #0x12
	movs r2, #0x18
	bl sub_8083860
	adds r4, #0x01
	mov r2, r8
	ldrh r2, [r2, #0x00]
	cmp r4, r2
	blt _0812E7F6
	movs r4, #0x00
_0812E7F6:
	adds r6, #0x01
_0812E7F8:
	mov r3, r8
	ldrh r0, [r3, #0x00]
	cmp r0, #0x05
	bhi _0812E814
	ldrh r5, [r3, #0x00]
	cmp r6, r5
	blt _0812E768
	b _0812E818
_0812E808: .4byte 0x03000FF4
_0812E80C: .4byte 0x083BBDD0
_0812E810: .4byte 0x0300034C
_0812E814:
	cmp r6, #0x05
	ble _0812E768
_0812E818:
	ldr r0, [r7, #0x60]
	ldr r1, [r7, #0x24]
	ldr r1, [r1, #0x28]
	ldr r1, [r1, #0x04]
	movs r2, #0xCA
	lsls r2, r2, #0x01
	adds r1, r1, r2
	ldr r1, [r1, #0x00]
	subs r1, r0, r1
	movs r2, #0xC6
	lsls r2, r2, #0x05
	movs r3, #0x00
	str r3, [sp, #0x000]
	movs r3, #0x20
	bl sub_8018218
_0812E838:
	ldr r3, [sp, #0x030]
	ldrb r0, [r3, #0x00]
	cmp r0, #0x01
	bne _0812E842
	b _0812EF0C
_0812E842:
	ldr r0, _0812E878 @ =0x03001034
	ldr r1, [r7, #0x64]
	movs r2, #0xD0
	lsls r2, r2, #0x04
	ldr r3, [r0, #0x00]
	movs r0, #0x00
	bl _call_via_r3
	adds r0, r7, #0x0
	adds r0, #0xBA
	ldrb r0, [r0, #0x00]
	cmp r0, #0x00
	beq _0812E87C
	cmp r0, #0x01
	beq _0812E862
	b _0812ECF0
_0812E862:
	ldr r0, [r7, #0x64]
	adds r1, r7, #0x0
	adds r1, #0xBE
	ldrb r1, [r1, #0x00]
	lsls r1, r1, #0x02
	add r1, sp
	adds r1, #0x0C
	ldr r1, [r1, #0x00]
	ldr r1, [r1, #0x20]
	b _0812E8A8
	.byte 0x00, 0x00
_0812E878: .4byte 0x03001034
_0812E87C:
	adds r0, r7, #0x0
	adds r0, #0xBD
	ldrb r0, [r0, #0x00]
	cmp r0, #0x00
	bne _0812E8BA
	adds r0, r7, #0x0
	adds r0, #0xC4
	ldrb r1, [r0, #0x00]
	movs r0, #0x80
	ands r0, r1
	cmp r0, #0x00
	bne _0812E896
	b _0812ECF0
_0812E896:
	ldr r0, [r7, #0x64]
	adds r1, r7, #0x0
	adds r1, #0xBE
	ldrb r1, [r1, #0x00]
	lsls r1, r1, #0x02
	add r1, sp
	adds r1, #0x0C
	ldr r1, [r1, #0x00]
	ldr r1, [r1, #0x0C]
_0812E8A8:
	str r1, [sp, #0x000]
	movs r1, #0x05
	str r1, [sp, #0x004]
	movs r1, #0x1A
	movs r2, #0x08
	movs r3, #0x02
	bl sub_8083860
	b _0812ECF0
_0812E8BA:
	adds r5, r7, #0x0
	adds r5, #0xBE
	ldrb r1, [r5, #0x00]
	movs r0, #0x01
	ands r0, r1
	str r5, [sp, #0x034]
	cmp r0, #0x00
	bne _0812E8CC
	b _0812ECC4
_0812E8CC:
	adds r0, r7, #0x0
	adds r0, #0xC6
	ldrb r1, [r0, #0x00]
	movs r4, #0x80
	mov r9, r4
	mov r0, r9
	ands r0, r1
	cmp r0, #0x00
	bne _0812E8E0
	b _0812EAC0
_0812E8E0:
	movs r0, #0x00
	mov r8, r0
	ldr r0, [r7, #0x64]
	ldrb r1, [r5, #0x00]
	lsls r1, r1, #0x02
	add r1, sp
	adds r1, #0x0C
	ldr r2, [r1, #0x00]
	adds r4, r7, #0x0
	adds r4, #0xC0
	ldrb r1, [r4, #0x00]
	lsls r1, r1, #0x01
	adds r1, #0x04
	movs r6, #0x7F
	ands r1, r6
	lsls r1, r1, #0x02
	adds r2, r2, r1
	ldr r1, [r2, #0x00]
	str r1, [sp, #0x000]
	movs r1, #0x05
	mov r9, r1
	str r1, [sp, #0x004]
	movs r1, #0x1A
	movs r2, #0x08
	movs r3, #0x02
	bl sub_8083860
	ldrb r1, [r4, #0x00]
	adds r0, r6, #0x0
	ands r0, r1
	str r4, [sp, #0x038]
	cmp r0, #0x00
	beq _0812E9BA
	ldr r2, [sp, #0x02C]
	movs r3, #0x82
	lsls r3, r3, #0x02
	adds r0, r2, r3
	ldrb r1, [r0, #0x00]
	movs r0, #0x50
	ands r0, r1
	cmp r0, #0x00
	bne _0812E978
	movs r0, #0x04
	ands r0, r1
	cmp r0, #0x00
	bne _0812E95A
	ldr r0, [r7, #0x64]
	movs r4, #0x01
	mov r8, r4
	ldrb r1, [r5, #0x00]
	lsls r1, r1, #0x02
	add r1, sp
	adds r1, #0x0C
	ldr r1, [r1, #0x00]
	ldr r1, [r1, #0x34]
	str r1, [sp, #0x000]
	mov r5, r9
	str r5, [sp, #0x004]
	movs r1, #0x1A
	movs r2, #0x03
	b _0812E9B2
_0812E95A:
	ldr r0, [r7, #0x64]
	movs r1, #0x01
	mov r8, r1
	ldrb r1, [r5, #0x00]
	lsls r1, r1, #0x02
	add r1, sp
	adds r1, #0x0C
	ldr r1, [r1, #0x00]
	ldr r1, [r1, #0x38]
	str r1, [sp, #0x000]
	mov r2, r9
	str r2, [sp, #0x004]
	movs r1, #0x1A
	movs r2, #0x03
	b _0812E9B2
_0812E978:
	ldr r0, [r7, #0x64]
	ldrb r1, [r5, #0x00]
	lsls r1, r1, #0x02
	add r1, sp
	adds r1, #0x0C
	ldr r1, [r1, #0x00]
	ldr r1, [r1, #0x34]
	str r1, [sp, #0x000]
	mov r3, r9
	str r3, [sp, #0x004]
	movs r1, #0x1A
	movs r2, #0x03
	movs r3, #0x12
	bl sub_8083860
	ldr r0, [r7, #0x64]
	movs r4, #0x02
	mov r8, r4
	ldrb r1, [r5, #0x00]
	lsls r1, r1, #0x02
	add r1, sp
	adds r1, #0x0C
	ldr r1, [r1, #0x00]
	ldr r1, [r1, #0x38]
	str r1, [sp, #0x000]
	mov r5, r9
	str r5, [sp, #0x004]
	movs r1, #0x1A
	movs r2, #0x41
_0812E9B2:
	movs r3, #0x12
	bl sub_8083860
	b _0812EA82
_0812E9BA:
	ldr r3, _0812EABC @ =0x083BE67C
	adds r2, r7, #0x0
	adds r2, #0xC4
	ldrb r0, [r2, #0x00]
	adds r1, r6, #0x0
	ands r1, r0
	ldr r0, [r7, #0x40]
	adds r0, r0, r1
	ldrb r0, [r0, #0x00]
	adds r1, r6, #0x0
	ands r1, r0
	lsls r0, r1, #0x02
	adds r0, r0, r1
	lsls r0, r0, #0x02
	adds r0, r0, r3
	ldrb r1, [r0, #0x11]
	movs r0, #0x01
	ands r0, r1
	mov r10, r2
	cmp r0, #0x00
	beq _0812EA18
	ldr r1, [sp, #0x02C]
	movs r2, #0x82
	lsls r2, r2, #0x02
	adds r0, r1, r2
	ldrb r1, [r0, #0x00]
	movs r0, #0x54
	ands r0, r1
	cmp r0, #0x04
	beq _0812EA18
	ldr r0, [r7, #0x64]
	movs r3, #0x01
	mov r8, r3
	ldrb r1, [r5, #0x00]
	lsls r1, r1, #0x02
	add r1, sp
	adds r1, #0x0C
	ldr r1, [r1, #0x00]
	ldr r1, [r1, #0x34]
	str r1, [sp, #0x000]
	mov r4, r9
	str r4, [sp, #0x004]
	movs r1, #0x1A
	movs r2, #0x03
	movs r3, #0x12
	bl sub_8083860
_0812EA18:
	ldr r3, _0812EABC @ =0x083BE67C
	mov r5, r10
	ldrb r0, [r5, #0x00]
	movs r1, #0x7F
	adds r2, r1, #0x0
	ands r2, r0
	ldr r0, [r7, #0x40]
	adds r0, r0, r2
	ldrb r0, [r0, #0x00]
	ands r1, r0
	lsls r0, r1, #0x02
	adds r0, r0, r1
	lsls r0, r0, #0x02
	adds r0, r0, r3
	ldrb r1, [r0, #0x11]
	movs r0, #0x02
	ands r0, r1
	cmp r0, #0x00
	beq _0812EA82
	ldr r1, [sp, #0x02C]
	movs r2, #0x82
	lsls r2, r2, #0x02
	adds r0, r1, r2
	ldrb r1, [r0, #0x00]
	movs r0, #0x54
	ands r0, r1
	cmp r0, #0x00
	beq _0812EA82
	ldr r0, [r7, #0x64]
	mov r3, r8
	lsls r2, r3, #0x05
	subs r2, r2, r3
	lsls r2, r2, #0x11
	movs r4, #0xC0
	lsls r4, r4, #0x0A
	adds r2, r2, r4
	lsrs r2, r2, #0x10
	movs r5, #0x01
	add r8, r5
	ldr r3, [sp, #0x034]
	ldrb r1, [r3, #0x00]
	lsls r1, r1, #0x02
	add r1, sp
	adds r1, #0x0C
	ldr r1, [r1, #0x00]
	ldr r1, [r1, #0x38]
	str r1, [sp, #0x000]
	movs r1, #0x05
	str r1, [sp, #0x004]
	movs r1, #0x1A
	movs r3, #0x12
	bl sub_8083860
_0812EA82:
	ldr r0, [r7, #0x64]
	mov r4, r8
	lsls r2, r4, #0x05
	subs r2, r2, r4
	lsls r2, r2, #0x11
	movs r5, #0xC0
	lsls r5, r5, #0x0A
	adds r2, r2, r5
	lsrs r2, r2, #0x10
	ldr r3, [sp, #0x034]
	ldrb r1, [r3, #0x00]
	lsls r1, r1, #0x02
	add r1, sp
	adds r1, #0x0C
	ldr r4, [r1, #0x00]
	ldr r5, [sp, #0x038]
	ldrb r1, [r5, #0x00]
	lsls r1, r1, #0x01
	adds r1, #0x05
	movs r3, #0x7F
	ands r1, r3
	lsls r1, r1, #0x02
	adds r4, r4, r1
	ldr r1, [r4, #0x00]
	str r1, [sp, #0x000]
	movs r1, #0x05
	str r1, [sp, #0x004]
	movs r1, #0x1A
	b _0812ECB4
_0812EABC: .4byte 0x083BE67C
_0812EAC0:
	movs r0, #0xC4
	adds r0, r0, r7
	mov r8, r0
	ldrb r1, [r0, #0x00]
	mov r0, r9
	ands r0, r1
	cmp r0, #0x00
	beq _0812EB22
	ldr r0, [r7, #0x64]
	ldrb r1, [r5, #0x00]
	lsls r1, r1, #0x02
	add r1, sp
	adds r1, #0x0C
	ldr r1, [r1, #0x00]
	ldr r1, [r1, #0x00]
	str r1, [sp, #0x000]
	movs r4, #0x05
	str r4, [sp, #0x004]
	movs r1, #0x1A
	movs r2, #0x08
	movs r3, #0x02
	bl sub_8083860
	ldr r0, [r7, #0x64]
	ldrb r1, [r5, #0x00]
	lsls r1, r1, #0x02
	add r1, sp
	adds r1, #0x0C
	ldr r1, [r1, #0x00]
	ldr r1, [r1, #0x2C]
	str r1, [sp, #0x000]
	str r4, [sp, #0x004]
	movs r1, #0x1A
	movs r2, #0x03
	movs r3, #0x12
	bl sub_8083860
	ldr r0, [r7, #0x64]
	ldrb r1, [r5, #0x00]
	lsls r1, r1, #0x02
	add r1, sp
	adds r1, #0x0C
	ldr r1, [r1, #0x00]
	ldr r1, [r1, #0x30]
	str r1, [sp, #0x000]
	str r4, [sp, #0x004]
	movs r1, #0x1A
	movs r2, #0x42
	b _0812ECB4
_0812EB22:
	ldr r5, _0812EBF0 @ =0x03000FF4
	ldr r2, [r5, #0x00]
	adds r6, r7, #0x0
	adds r6, #0xC1
	ldrb r1, [r6, #0x00]
	lsls r0, r1, #0x04
	subs r0, r0, r1
	lsls r0, r0, #0x02
	adds r0, r2, r0
	adds r0, #0x32
	ldrb r0, [r0, #0x00]
	add r4, sp, #0x020
	strb r0, [r4, #0x00]
	ldrb r1, [r6, #0x00]
	lsls r0, r1, #0x04
	subs r0, r0, r1
	lsls r0, r0, #0x02
	adds r2, r2, r0
	adds r2, #0x31
	ldrb r1, [r2, #0x00]
	mov r0, sp
	adds r0, #0x21
	strb r1, [r0, #0x00]
	add r0, sp, #0x01C
	adds r1, r4, #0x0
	movs r2, #0x02
	bl memcpy
	ldr r3, [r5, #0x00]
	ldrb r1, [r6, #0x00]
	lsls r0, r1, #0x04
	subs r0, r0, r1
	lsls r0, r0, #0x02
	adds r0, r3, r0
	adds r0, #0x32
	ldrb r1, [r0, #0x00]
	lsls r0, r1, #0x02
	adds r0, r0, r1
	lsls r0, r0, #0x02
	ldr r1, _0812EBF4 @ =0x083BE67C
	adds r0, r0, r1
	ldrb r0, [r0, #0x0A]
	add r1, sp, #0x024
	strb r0, [r1, #0x00]
	ldr r2, _0812EBF8 @ =0x083BD844
	mov r10, r2
	ldrb r2, [r6, #0x00]
	lsls r0, r2, #0x04
	subs r0, r0, r2
	lsls r0, r0, #0x02
	adds r3, r3, r0
	adds r3, #0x31
	ldrb r2, [r3, #0x00]
	lsls r0, r2, #0x02
	adds r0, r0, r2
	lsls r0, r0, #0x02
	add r0, r10
	ldrb r2, [r0, #0x0A]
	mov r0, sp
	adds r0, #0x25
	strb r2, [r0, #0x00]
	adds r0, r4, #0x0
	movs r2, #0x02
	bl memcpy
	adds r1, r7, #0x0
	adds r1, #0xC0
	ldrb r2, [r1, #0x00]
	mov r0, r9
	ands r0, r2
	str r1, [sp, #0x038]
	mov r9, r4
	cmp r0, #0x00
	beq _0812EC66
	movs r5, #0xFF
	movs r3, #0x7F
	adds r0, r3, #0x0
	ands r0, r2
	cmp r0, #0x00
	bne _0812EBFC
	mov r4, r8
	ldrb r0, [r4, #0x00]
	adds r1, r3, #0x0
	ands r1, r0
	ldr r0, [r7, #0x40]
	adds r0, r0, r1
	ldrb r0, [r0, #0x00]
	adds r1, r3, #0x0
	ands r1, r0
	lsls r0, r1, #0x02
	adds r0, r0, r1
	lsls r0, r0, #0x02
	ldr r2, _0812EBF4 @ =0x083BE67C
	adds r1, r0, r2
	ldrb r0, [r1, #0x11]
	ldrb r6, [r6, #0x00]
	asrs r0, r6
	movs r3, #0x01
	ands r0, r3
	cmp r0, #0x00
	beq _0812EC1C
	ldrb r5, [r1, #0x0A]
	b _0812EC1C
_0812EBF0: .4byte 0x03000FF4
_0812EBF4: .4byte 0x083BE67C
_0812EBF8: .4byte 0x083BD844
_0812EBFC:
	cmp r0, #0x01
	bne _0812EC1C
	mov r4, r8
	ldrb r0, [r4, #0x00]
	adds r1, r3, #0x0
	ands r1, r0
	ldr r0, [r7, #0x40]
	adds r0, r0, r1
	ldrb r0, [r0, #0x00]
	adds r1, r3, #0x0
	ands r1, r0
	lsls r0, r1, #0x02
	adds r0, r0, r1
	lsls r0, r0, #0x02
	add r0, r10
	ldrb r5, [r0, #0x0A]
_0812EC1C:
	cmp r5, #0x63
	bhi _0812EC66
	ldr r0, _0812ECBC @ =0x083BF370
	lsls r1, r5, #0x03
	adds r2, r1, r0
	ldrb r0, [r2, #0x04]
	movs r3, #0x6B
	cmp r0, #0x00
	beq _0812EC30
	movs r3, #0x80
_0812EC30:
	ldr r0, [sp, #0x038]
	ldrb r1, [r0, #0x00]
	movs r0, #0x7F
	ands r0, r1
	add r0, r9
	ldrb r0, [r0, #0x00]
	cmp r5, r0
	beq _0812EC66
	ldr r0, [r7, #0x64]
	ldr r1, _0812ECC0 @ =0x0300034C
	movs r4, #0x8C
	lsls r4, r4, #0x04
	adds r1, r1, r4
	ldrb r1, [r1, #0x00]
	ldr r2, [r2, #0x00]
	lsls r1, r1, #0x02
	adds r1, r1, r2
	ldr r1, [r1, #0x00]
	ldr r1, [r1, #0x00]
	str r1, [sp, #0x000]
	movs r1, #0x05
	str r1, [sp, #0x004]
	movs r1, #0x1A
	adds r2, r3, #0x0
	movs r3, #0x12
	bl sub_8083860
_0812EC66:
	ldr r5, [sp, #0x038]
	ldrb r0, [r5, #0x00]
	movs r4, #0x7F
	ands r4, r0
	mov r0, sp
	adds r0, r0, r4
	adds r0, #0x1C
	ldrb r0, [r0, #0x00]
	cmp r0, #0xFF
	beq _0812ECF0
	add r4, r9
	ldrb r0, [r4, #0x00]
	cmp r0, #0x63
	bhi _0812ECF0
	ldr r0, _0812ECBC @ =0x083BF370
	ldrb r1, [r4, #0x00]
	lsls r1, r1, #0x03
	adds r2, r1, r0
	ldrb r0, [r2, #0x04]
	movs r3, #0x03
	cmp r0, #0x00
	beq _0812EC94
	movs r3, #0x18
_0812EC94:
	ldr r0, [r7, #0x64]
	ldr r1, _0812ECC0 @ =0x0300034C
	movs r4, #0x8C
	lsls r4, r4, #0x04
	adds r1, r1, r4
	ldrb r1, [r1, #0x00]
	ldr r2, [r2, #0x00]
	lsls r1, r1, #0x02
	adds r1, r1, r2
	ldr r1, [r1, #0x00]
	ldr r1, [r1, #0x00]
	str r1, [sp, #0x000]
	movs r1, #0x05
	str r1, [sp, #0x004]
	movs r1, #0x1A
	adds r2, r3, #0x0
_0812ECB4:
	movs r3, #0x12
	bl sub_8083860
	b _0812ECF0
_0812ECBC: .4byte 0x083BF370
_0812ECC0: .4byte 0x0300034C
_0812ECC4:
	adds r0, r7, #0x0
	adds r0, #0xC4
	ldrb r1, [r0, #0x00]
	movs r0, #0x80
	ands r0, r1
	cmp r0, #0x00
	beq _0812ECF0
	ldr r0, [r7, #0x64]
	ldrb r1, [r5, #0x00]
	lsls r1, r1, #0x02
	add r1, sp
	adds r1, #0x0C
	ldr r1, [r1, #0x00]
	ldr r1, [r1, #0x08]
	str r1, [sp, #0x000]
	movs r1, #0x05
	str r1, [sp, #0x004]
	movs r1, #0x1A
	movs r2, #0x08
	movs r3, #0x02
	bl sub_8083860
_0812ECF0:
	ldr r0, [r7, #0x64]
	ldr r1, [r7, #0x24]
	ldr r1, [r1, #0x28]
	ldr r1, [r1, #0x04]
	movs r5, #0xCA
	lsls r5, r5, #0x01
	adds r1, r1, r5
	ldr r1, [r1, #0x00]
	subs r1, r0, r1
	movs r2, #0xD0
	lsls r2, r2, #0x04
	movs r3, #0x00
	str r3, [sp, #0x000]
	movs r3, #0x20
	bl sub_8018218
	b _0812EF0C
_0812ED12:
	.byte 0x48, 0x46, 0x02, 0x28, 0x43, 0xD1, 0x20, 0x4D, 0xF9, 0x6D, 0xA2, 0x22, 0x12, 0x01, 0x2B, 0x68
	.byte 0x00, 0x20, 0xAB, 0xF0, 0xA6, 0xFE, 0x78, 0x6B, 0x79, 0x6A, 0x89, 0x6A, 0x4A, 0x68, 0xCA, 0x24
	.byte 0x64, 0x00, 0x12, 0x19, 0xF9, 0x6D, 0x12, 0x68, 0x89, 0x1A, 0xBA, 0xF7, 0x22, 0xFB, 0x39, 0x6E
	.byte 0xC6, 0x22, 0x52, 0x01, 0x2B, 0x68, 0x00, 0x20, 0xAB, 0xF0, 0x93, 0xFE, 0x78, 0x6B, 0x79, 0x6A
	.byte 0x89, 0x6A, 0x4A, 0x68, 0x12, 0x19, 0x39, 0x6E, 0x12, 0x68, 0x89, 0x1A, 0xBA, 0xF7, 0x11, 0xFB
	.byte 0x79, 0x6E, 0xD0, 0x22, 0x12, 0x01, 0x2B, 0x68, 0x00, 0x20, 0xAB, 0xF0, 0x82, 0xFE, 0x78, 0x6B
	.byte 0x79, 0x6A, 0x89, 0x6A, 0x4A, 0x68, 0x12, 0x19, 0x79, 0x6E, 0x12, 0x68, 0x89, 0x1A, 0xBA, 0xF7
	.byte 0x00, 0xFB, 0xB9, 0x6B, 0x80, 0x22, 0x12, 0x01, 0x2B, 0x68, 0x00, 0x20, 0xAB, 0xF0, 0x71, 0xFE
	.byte 0x39, 0x1C, 0xB9, 0x31, 0x0C, 0x91, 0xB8, 0xE0, 0x00, 0x00, 0x34, 0x10, 0x00, 0x03, 0x3A, 0x1C
	.byte 0xB9, 0x32, 0x0C, 0x92, 0x4B, 0x46, 0x03, 0x2B, 0x00, 0xD0, 0xAE, 0xE0, 0x78, 0x6B, 0xA2, 0x24
	.byte 0x24, 0x01, 0x21, 0x1C, 0xBA, 0xF7, 0x2D, 0xFB, 0x01, 0x1C, 0x78, 0x6A, 0x80, 0x6A, 0x40, 0x68
	.byte 0xCA, 0x25, 0x6D, 0x00, 0x40, 0x19, 0x00, 0x68, 0x09, 0x18, 0xF9, 0x65, 0x56, 0x4E, 0x33, 0x68
	.byte 0x00, 0x20, 0x22, 0x1C, 0xAB, 0xF0, 0x4D, 0xFE, 0x78, 0x6A, 0x80, 0x6A, 0x40, 0x68, 0x40, 0x19
	.byte 0xF9, 0x6D, 0x00, 0x68, 0x09, 0x1A, 0x33, 0x68, 0x00, 0x20, 0x22, 0x1C, 0xAB, 0xF0, 0x41, 0xFE
	.byte 0x78, 0x6A, 0x80, 0x6A, 0x41, 0x68, 0x49, 0x19, 0xF8, 0x6D, 0x09, 0x68, 0x40, 0x1A, 0xF9, 0xF7
	.byte 0x1A, 0xF8, 0xE0, 0x24, 0x24, 0x02, 0xA0, 0x46, 0x41, 0x46, 0x08, 0x43, 0x00, 0x04, 0x00, 0x0C
	.byte 0xB9, 0x6B, 0x4A, 0x46, 0x00, 0x92, 0x01, 0x90, 0x01, 0x23, 0x99, 0x46, 0x02, 0x93, 0x08, 0x1C
	.byte 0x10, 0x21, 0x88, 0x22, 0x1B, 0x23, 0xF8, 0xF7, 0xC4, 0xFF, 0x78, 0x6B, 0xC6, 0x24, 0x64, 0x01
	.byte 0x21, 0x1C, 0xBA, 0xF7, 0xEE, 0xFA, 0x01, 0x1C, 0x78, 0x6A, 0x80, 0x6A, 0x40, 0x68, 0x40, 0x19
	.byte 0x00, 0x68, 0x09, 0x18, 0x39, 0x66, 0x33, 0x68, 0x00, 0x20, 0x22, 0x1C, 0xAB, 0xF0, 0x11, 0xFE
	.byte 0x78, 0x6A, 0x80, 0x6A, 0x40, 0x68, 0x40, 0x19, 0x39, 0x6E, 0x00, 0x68, 0x09, 0x1A, 0x33, 0x68
	.byte 0x00, 0x20, 0x22, 0x1C, 0xAB, 0xF0, 0x05, 0xFE, 0x78, 0x6A, 0x80, 0x6A, 0x41, 0x68, 0x49, 0x19
	.byte 0x38, 0x6E, 0x09, 0x68, 0x40, 0x1A, 0xF8, 0xF7, 0xDE, 0xFF, 0x44, 0x46, 0x20, 0x43, 0x00, 0x04
	.byte 0x00, 0x0C, 0xBA, 0x6B, 0x0B, 0x21, 0x00, 0x91, 0x01, 0x90, 0x48, 0x46, 0x02, 0x90, 0x10, 0x1C
	.byte 0x10, 0x21, 0x08, 0x22, 0x12, 0x23, 0xF8, 0xF7, 0x8C, 0xFF, 0x78, 0x6B, 0xD0, 0x24, 0x24, 0x01
	.byte 0x21, 0x1C, 0xBA, 0xF7, 0xB6, 0xFA, 0x01, 0x1C, 0x78, 0x6A, 0x80, 0x6A, 0x40, 0x68, 0x40, 0x19
	.byte 0x00, 0x68, 0x09, 0x18, 0x79, 0x66, 0x33, 0x68, 0x00, 0x20, 0x22, 0x1C, 0xAB, 0xF0, 0xD9, 0xFD
	.byte 0x78, 0x6A, 0x80, 0x6A, 0x40, 0x68, 0x40, 0x19, 0x79, 0x6E, 0x00, 0x68, 0x09, 0x1A, 0x33, 0x68
	.byte 0x00, 0x20, 0x22, 0x1C, 0xAB, 0xF0, 0xCD, 0xFD, 0x78, 0x6A, 0x80, 0x6A, 0x41, 0x68, 0x49, 0x19
	.byte 0x78, 0x6E, 0x09, 0x68, 0x40, 0x1A, 0xF8, 0xF7, 0xA6, 0xFF, 0x41, 0x46, 0x08, 0x43, 0x00, 0x04
	.byte 0x00, 0x0C, 0xBA, 0x6B, 0x04, 0x21, 0x00, 0x91, 0x01, 0x90, 0x4B, 0x46, 0x02, 0x93, 0x10, 0x1C
	.byte 0x10, 0x21, 0x68, 0x22, 0x1A, 0x23, 0xF8, 0xF7, 0x54, 0xFF
_0812EF0C:
	ldr r2, [sp, #0x030]
	ldrb r0, [r2, #0x00]
	adds r1, r0, #0x0
	cmp r1, #0x00
	beq _0812EF1A
	cmp r1, #0x02
	bne _0812EF2C
_0812EF1A:
	adds r1, r7, #0x0
	adds r1, #0xB8
	movs r0, #0x00
	strb r0, [r1, #0x00]
	strb r0, [r2, #0x00]
	b _0812EF32
	.byte 0x00, 0x00, 0x34, 0x10, 0x00, 0x03
_0812EF2C:
	adds r0, #0x01
	ldr r4, [sp, #0x030]
	strb r0, [r4, #0x00]
_0812EF32:
	add sp, #0x040
	pop {r3, r4, r5}
	mov r8, r3
	mov r9, r4
	mov r10, r5
	pop {r4, r5, r6, r7}
	pop {r0}
	bx r0
	.byte 0x00, 0x00
	thumb_func_start sub_812EF44
sub_812EF44:
	push {r4, r5, r6, r7, lr}
	mov r7, r10
	mov r6, r9
	mov r5, r8
	push {r5, r6, r7}
	add sp, #-0x014
	ldr r0, [sp, #0x034]
	lsls r1, r1, #0x10
	lsrs r1, r1, #0x10
	str r1, [sp, #0x000]
	lsls r2, r2, #0x18
	lsrs r2, r2, #0x18
	mov r10, r2
	lsls r3, r3, #0x18
	lsrs r1, r3, #0x18
	lsls r0, r0, #0x18
	lsrs r0, r0, #0x18
	str r0, [sp, #0x004]
	cmp r1, #0x03
	bne _0812EFA0
	ldr r2, _0812EF90 @ =0x03001038
	ldr r0, _0812EF94 @ =0x0819832C
	ldr r1, _0812EF98 @ =0x08198220
	subs r0, r0, r1
	ldr r2, [r2, #0x00]
	adds r2, r2, r0
	ldr r0, _0812EF9C @ =0x03000FF4
	ldr r1, [r0, #0x00]
	ldrh r0, [r1, #0x28]
	adds r1, #0x64
	ldrh r1, [r1, #0x00]
	adds r0, r0, r1
	movs r1, #0x02
	bl _call_via_r2
	lsls r0, r0, #0x10
	lsrs r3, r0, #0x10
	b _0812EFB0
_0812EF90: .4byte 0x03001038
_0812EF94: .4byte 0x0819832C
_0812EF98: .4byte 0x08198220
_0812EF9C: .4byte 0x03000FF4
_0812EFA0:
	ldr r0, _0812EFF0 @ =0x03000FF4
	ldr r2, [r0, #0x00]
	lsrs r1, r3, #0x19
	lsls r0, r1, #0x04
	subs r0, r0, r1
	lsls r0, r0, #0x02
	adds r2, r2, r0
	ldrh r3, [r2, #0x28]
_0812EFB0:
	ldr r0, _0812EFF4 @ =0x083C06A6
	add r0, r10
	ldrb r0, [r0, #0x00]
	cmp r3, r0
	bhi _0812F05C
	ldr r0, [sp, #0x004]
	cmp r0, #0x00
	beq _0812F018
	ldr r1, [sp, #0x000]
	cmp r1, #0x00
	beq _0812F008
	ldr r6, _0812EFF8 @ =0x03001038
	ldr r5, _0812EFFC @ =0x0819832C
	ldr r0, _0812F000 @ =0x08198220
	subs r5, r5, r0
	ldr r2, [r6, #0x00]
	adds r2, r2, r5
	adds r0, r1, #0x0
	movs r1, #0x04
	bl _call_via_r2
	adds r4, r0, #0x0
	ldr r2, [r6, #0x00]
	adds r2, r2, r5
	ldr r0, _0812F004 @ =0x083C06AC
	add r0, r10
	ldrb r0, [r0, #0x00]
	muls r0, r4
	lsls r0, r0, #0x01
	movs r1, #0x64
	b _0812F170
	.byte 0x00, 0x00
_0812EFF0: .4byte 0x03000FF4
_0812EFF4: .4byte 0x083C06A6
_0812EFF8: .4byte 0x03001038
_0812EFFC: .4byte 0x0819832C
_0812F000: .4byte 0x08198220
_0812F004: .4byte 0x083C06AC
_0812F008:
	ldr r0, _0812F014 @ =0x083C06AC
	add r0, r10
	ldrb r0, [r0, #0x00]
	lsls r0, r0, #0x01
	b _0812F1C6
	.byte 0x00, 0x00
_0812F014: .4byte 0x083C06AC
_0812F018:
	ldr r2, [sp, #0x000]
	cmp r2, #0x00
	beq _0812F050
	ldr r2, _0812F040 @ =0x03001038
	ldr r0, _0812F044 @ =0x0819832C
	ldr r1, _0812F048 @ =0x08198220
	subs r0, r0, r1
	ldr r2, [r2, #0x00]
	adds r2, r2, r0
	ldr r0, _0812F04C @ =0x083C06AC
	add r0, r10
	ldrb r0, [r0, #0x00]
	ldr r4, [sp, #0x000]
	muls r0, r4
	movs r1, #0x64
	bl _call_via_r2
	subs r0, r4, r0
	b _0812F1C2
	.byte 0x00, 0x00
_0812F040: .4byte 0x03001038
_0812F044: .4byte 0x0819832C
_0812F048: .4byte 0x08198220
_0812F04C: .4byte 0x083C06AC
_0812F050:
	ldr r0, _0812F058 @ =0x083C06AC
	add r0, r10
	ldrb r0, [r0, #0x00]
	b _0812F1C6
_0812F058: .4byte 0x083C06AC
_0812F05C:
	subs r0, r3, r0
	lsls r0, r0, #0x10
	lsrs r3, r0, #0x10
	ldr r0, _0812F094 @ =0x083C06AC
	add r0, r10
	ldrb r0, [r0, #0x00]
	lsls r0, r0, #0x08
	mov r8, r0
	movs r0, #0x00
	str r0, [sp, #0x008]
	mov r1, r10
	lsls r0, r1, #0x02
	ldr r1, _0812F098 @ =0x083C072C
	add r0, r10
	lsls r7, r0, #0x02
	subs r1, #0x04
	adds r1, r1, r7
	mov r9, r1
	ldr r0, _0812F09C @ =0x0819832C
	ldr r2, _0812F0A0 @ =0x08198220
	subs r0, r0, r2
	str r0, [sp, #0x00C]
_0812F088:
	ldr r4, [sp, #0x008]
	cmp r4, #0x00
	beq _0812F0A4
	mov r0, r9
	ldr r1, [r0, #0x00]
	b _0812F0AC
_0812F094: .4byte 0x083C06AC
_0812F098: .4byte 0x083C072C
_0812F09C: .4byte 0x0819832C
_0812F0A0: .4byte 0x08198220
_0812F0A4:
	ldr r0, _0812F0FC @ =0x083C06AC
	add r0, r10
	ldrb r0, [r0, #0x00]
	lsls r1, r0, #0x08
_0812F0AC:
	ldr r0, _0812F100 @ =0x083C072C
	ldr r4, _0812F104 @ =0x03001038
	ldr r2, [r4, #0x00]
	ldr r4, [sp, #0x00C]
	adds r2, r2, r4
	adds r4, r7, r0
	ldr r0, [r4, #0x00]
	subs r0, r0, r1
	ldr r1, _0812F108 @ =0x083C06B4
	adds r6, r7, r1
	ldr r1, [r6, #0x00]
	str r3, [sp, #0x010]
	bl _call_via_r2
	adds r5, r0, #0x0
	ldr r0, _0812F10C @ =0x08198350
	ldr r1, _0812F110 @ =0x08198220
	subs r0, r0, r1
	ldr r1, _0812F104 @ =0x03001038
	ldr r2, [r1, #0x00]
	adds r2, r2, r0
	ldr r0, [r4, #0x00]
	ldr r1, [r6, #0x00]
	bl _call_via_r2
	ldr r3, [sp, #0x010]
	cmp r0, #0x00
	beq _0812F0E6
	adds r5, #0x01
_0812F0E6:
	cmp r5, r3
	bcc _0812F114
	ldr r0, [r6, #0x00]
	muls r0, r3
	add r8, r0
	movs r0, #0xC8
	lsls r0, r0, #0x06
	cmp r8, r0
	bls _0812F138
_0812F0F8:
	mov r8, r0
	b _0812F138
_0812F0FC: .4byte 0x083C06AC
_0812F100: .4byte 0x083C072C
_0812F104: .4byte 0x03001038
_0812F108: .4byte 0x083C06B4
_0812F10C: .4byte 0x08198350
_0812F110: .4byte 0x08198220
_0812F114:
	ldr r0, [r6, #0x00]
	muls r0, r5
	add r8, r0
	subs r0, r3, r5
	lsls r0, r0, #0x10
	lsrs r3, r0, #0x10
	movs r0, #0xC8
	lsls r0, r0, #0x06
	cmp r8, r0
	bhi _0812F0F8
	adds r7, #0x04
	movs r2, #0x04
	add r9, r2
	ldr r4, [sp, #0x008]
	adds r4, #0x01
	str r4, [sp, #0x008]
	cmp r4, #0x04
	ble _0812F088
_0812F138:
	ldr r0, _0812F180 @ =0xFFFFFF00
	mov r1, r8
	ands r1, r0
	mov r8, r1
	ldr r2, [sp, #0x004]
	cmp r2, #0x00
	beq _0812F198
	ldr r4, [sp, #0x000]
	cmp r4, #0x00
	beq _0812F190
	ldr r6, _0812F184 @ =0x03001038
	ldr r5, _0812F188 @ =0x0819832C
	ldr r0, _0812F18C @ =0x08198220
	subs r5, r5, r0
	ldr r2, [r6, #0x00]
	adds r2, r2, r5
	adds r0, r4, #0x0
	movs r1, #0x04
	bl _call_via_r2
	adds r4, r0, #0x0
	ldr r2, [r6, #0x00]
	adds r2, r2, r5
	mov r0, r8
	muls r0, r4
	lsls r0, r0, #0x01
	movs r1, #0xC8
	lsls r1, r1, #0x07
_0812F170:
	bl _call_via_r2
	adds r4, r4, r0
	lsls r4, r4, #0x10
	lsrs r4, r4, #0x10
	adds r0, r4, #0x0
	b _0812F1C6
	.byte 0x00, 0x00
_0812F180: .4byte 0xFFFFFF00
_0812F184: .4byte 0x03001038
_0812F188: .4byte 0x0819832C
_0812F18C: .4byte 0x08198220
_0812F190:
	mov r1, r8
	lsrs r0, r1, #0x08
	lsls r0, r0, #0x11
	b _0812F1C4
_0812F198:
	ldr r2, [sp, #0x000]
	cmp r2, #0x00
	bne _0812F1A4
	mov r4, r8
	lsls r0, r4, #0x08
	b _0812F1C4
_0812F1A4:
	ldr r2, _0812F1D8 @ =0x03001038
	ldr r0, _0812F1DC @ =0x0819832C
	ldr r1, _0812F1E0 @ =0x08198220
	subs r0, r0, r1
	ldr r2, [r2, #0x00]
	adds r2, r2, r0
	ldr r1, [sp, #0x000]
	mov r0, r8
	muls r0, r1
	movs r1, #0xC8
	lsls r1, r1, #0x07
	bl _call_via_r2
	ldr r2, [sp, #0x000]
	subs r0, r2, r0
_0812F1C2:
	lsls r0, r0, #0x10
_0812F1C4:
	lsrs r0, r0, #0x10
_0812F1C6:
	add sp, #0x014
	pop {r3, r4, r5}
	mov r8, r3
	mov r9, r4
	mov r10, r5
	pop {r4, r5, r6, r7}
	pop {r1}
	bx r1
	.byte 0x00, 0x00
_0812F1D8: .4byte 0x03001038
_0812F1DC: .4byte 0x0819832C
_0812F1E0: .4byte 0x08198220
	thumb_func_start sub_812F1E4
sub_812F1E4:
	push {r4, r5, r6, r7, lr}
	add sp, #-0x004
	adds r4, r0, #0x0
	adds r6, r4, #0x0
	adds r6, #0xC4
	ldrb r0, [r6, #0x00]
	movs r7, #0x7F
	adds r2, r7, #0x0
	ands r2, r0
	adds r3, r4, #0x0
	adds r3, #0xAA
	adds r1, r2, #0x0
	ldrh r0, [r3, #0x00]
	cmp r1, r0
	bcs _0812F22C
	adds r3, #0x0C
	movs r0, #0x03
	strh r0, [r3, #0x00]
	ldr r2, _0812F228 @ =0x083BBDD0
	ldrb r0, [r6, #0x00]
	adds r1, r7, #0x0
	ands r1, r0
	ldr r0, [r4, #0x40]
	adds r0, r0, r1
	ldrb r0, [r0, #0x00]
	lsls r0, r0, #0x04
	adds r0, r0, r2
	ldrb r0, [r0, #0x03]
	adds r1, r4, #0x0
	adds r1, #0xB4
	strh r0, [r1, #0x00]
	adds r5, r3, #0x0
	adds r3, r1, #0x0
	b _0812F2D4
_0812F228: .4byte 0x083BBDD0
_0812F22C:
	adds r5, r4, #0x0
	adds r5, #0xAE
	cmp r0, r1
	bhi _0812F280
	ldrh r0, [r3, #0x00]
	ldrh r1, [r5, #0x00]
	adds r0, r0, r1
	cmp r2, r0
	bge _0812F280
	cmp r1, #0x00
	beq _0812F280
	ldr r3, _0812F27C @ =0x083BE67C
	ldr r0, [r4, #0x40]
	adds r0, r0, r2
	ldrb r1, [r0, #0x00]
	lsls r0, r1, #0x02
	adds r0, r0, r1
	lsls r0, r0, #0x02
	adds r0, r0, r3
	ldrb r0, [r0, #0x11]
	adds r2, r4, #0x0
	adds r2, #0xB6
	strh r0, [r2, #0x00]
	ldrb r0, [r6, #0x00]
	adds r1, r7, #0x0
	ands r1, r0
	ldr r0, [r4, #0x40]
	adds r0, r0, r1
	ldrb r1, [r0, #0x00]
	lsls r0, r1, #0x02
	adds r0, r0, r1
	lsls r0, r0, #0x02
	adds r0, r0, r3
	ldrb r0, [r0, #0x0E]
	adds r1, r4, #0x0
	adds r1, #0xB4
	strh r0, [r1, #0x00]
	adds r5, r2, #0x0
	adds r3, r1, #0x0
	b _0812F2D4
_0812F27C: .4byte 0x083BE67C
_0812F280:
	adds r0, r4, #0x0
	adds r0, #0xAA
	ldrh r0, [r0, #0x00]
	ldrh r1, [r5, #0x00]
	adds r0, r0, r1
	adds r6, r4, #0x0
	adds r6, #0xC4
	ldrb r1, [r6, #0x00]
	movs r7, #0x7F
	adds r2, r7, #0x0
	ands r2, r1
	adds r5, r4, #0x0
	adds r5, #0xB6
	adds r3, r4, #0x0
	adds r3, #0xB4
	cmp r0, r2
	bgt _0812F2D4
	adds r0, r4, #0x0
	adds r0, #0xA8
	ldrh r0, [r0, #0x00]
	cmp r2, r0
	bcs _0812F2D4
	adds r0, r4, #0x0
	adds r0, #0xAC
	ldrh r0, [r0, #0x00]
	cmp r0, #0x00
	beq _0812F2D4
	movs r0, #0x03
	strh r0, [r5, #0x00]
	ldr r2, _0812F2F4 @ =0x083BD844
	ldrb r0, [r6, #0x00]
	adds r1, r7, #0x0
	ands r1, r0
	ldr r0, [r4, #0x40]
	adds r0, r0, r1
	ldrb r1, [r0, #0x00]
	lsls r0, r1, #0x02
	adds r0, r0, r1
	lsls r0, r0, #0x02
	adds r0, r0, r2
	ldrb r0, [r0, #0x0E]
	strh r0, [r3, #0x00]
_0812F2D4:
	ldrb r2, [r3, #0x00]
	ldrb r3, [r5, #0x00]
	movs r0, #0x01
	str r0, [sp, #0x000]
	adds r0, r4, #0x0
	movs r1, #0x00
	bl sub_812EF44
	adds r1, r4, #0x0
	adds r1, #0xB0
	strh r0, [r1, #0x00]
	add sp, #0x004
	pop {r4, r5, r6, r7}
	pop {r0}
	bx r0
	.byte 0x00, 0x00
_0812F2F4: .4byte 0x083BD844
	thumb_func_start sub_812F2F8
sub_812F2F8:
	push {r4, r5, r6, r7, lr}
	mov r7, r10
	mov r6, r9
	mov r5, r8
	push {r5, r6, r7}
	add sp, #-0x008
	adds r6, r0, #0x0
	movs r4, #0x01
	negs r4, r4
	str r4, [sp, #0x004]
	ldr r1, [r6, #0x40]
	ldr r2, _0812F3C8 @ =0x05000040
	add r0, sp, #0x004
	bl CpuSet
	str r4, [sp, #0x004]
	ldr r1, [r6, #0x54]
	ldr r5, _0812F3CC @ =0x05000080
	add r0, sp, #0x004
	adds r2, r5, #0x0
	bl CpuSet
	str r4, [sp, #0x004]
	ldr r1, [r6, #0x58]
	add r0, sp, #0x004
	adds r2, r5, #0x0
	bl CpuSet
	ldr r0, [r6, #0x40]
	movs r1, #0x03
	movs r2, #0x00
	bl sub_8116B48
	lsls r0, r0, #0x18
	lsrs r0, r0, #0x18
	adds r7, r6, #0x0
	adds r7, #0xAA
	strh r0, [r7, #0x00]
	ldrh r0, [r7, #0x00]
	ldr r1, [r6, #0x40]
	adds r1, r1, r0
	str r1, [r6, #0x48]
	movs r0, #0x00
	movs r2, #0x01
	bl sub_811795C
	lsls r0, r0, #0x18
	lsrs r0, r0, #0x18
	adds r4, r6, #0x0
	adds r4, #0xAE
	strh r0, [r4, #0x00]
	ldrh r0, [r4, #0x00]
	ldr r1, [r6, #0x48]
	adds r1, r1, r0
	str r1, [r6, #0x44]
	movs r0, #0x01
	movs r2, #0x01
	bl sub_811795C
	lsls r0, r0, #0x18
	lsrs r0, r0, #0x18
	adds r1, r6, #0x0
	adds r1, #0xAC
	strh r0, [r1, #0x00]
	ldrh r1, [r4, #0x00]
	ldrh r2, [r7, #0x00]
	adds r1, r1, r2
	adds r0, r0, r1
	adds r1, r6, #0x0
	adds r1, #0xA8
	strh r0, [r1, #0x00]
	movs r5, #0x00
	cmp r5, r0
	blt _0812F38E
	b _0812F490
_0812F38E:
	mov r8, r7
	movs r7, #0x00
	ldr r0, _0812F3D0 @ =0x083BBDD0
	mov r10, r0
	ldr r1, _0812F3D4 @ =0x083BD844
	mov r9, r1
_0812F39A:
	mov r2, r8
	ldrh r0, [r2, #0x00]
	cmp r5, r0
	bge _0812F3D8
	ldr r2, [r6, #0x54]
	adds r2, r7, r2
	ldr r1, [r6, #0x40]
	adds r1, r1, r5
	ldrb r0, [r1, #0x00]
	lsls r0, r0, #0x04
	add r0, r10
	ldrh r0, [r0, #0x0A]
	strh r0, [r2, #0x00]
	ldrb r0, [r1, #0x00]
	lsls r0, r0, #0x04
	add r0, r10
	ldrh r1, [r0, #0x0A]
	ldrb r2, [r0, #0x03]
	movs r0, #0x01
	str r0, [sp, #0x000]
	adds r0, r6, #0x0
	movs r3, #0x03
	b _0812F41C
_0812F3C8: .4byte 0x05000040
_0812F3CC: .4byte 0x05000080
_0812F3D0: .4byte 0x083BBDD0
_0812F3D4: .4byte 0x083BD844
_0812F3D8:
	adds r2, r6, #0x0
	adds r2, #0xAE
	cmp r0, r5
	bgt _0812F430
	ldrh r1, [r2, #0x00]
	adds r0, r0, r1
	cmp r5, r0
	bge _0812F430
	cmp r1, #0x00
	beq _0812F430
	ldr r3, [r6, #0x54]
	adds r3, r7, r3
	ldr r2, [r6, #0x40]
	adds r2, r2, r5
	ldrb r1, [r2, #0x00]
	lsls r0, r1, #0x02
	adds r0, r0, r1
	lsls r0, r0, #0x02
	ldr r1, _0812F42C @ =0x083BE67C
	adds r0, r0, r1
	ldrh r0, [r0, #0x04]
	strh r0, [r3, #0x00]
	ldrb r1, [r2, #0x00]
	lsls r0, r1, #0x02
	adds r0, r0, r1
	lsls r0, r0, #0x02
	ldr r2, _0812F42C @ =0x083BE67C
	adds r0, r0, r2
	ldrh r1, [r0, #0x04]
	ldrb r2, [r0, #0x0E]
	ldrb r3, [r0, #0x11]
	movs r0, #0x01
	str r0, [sp, #0x000]
	adds r0, r6, #0x0
_0812F41C:
	bl sub_812EF44
	ldr r1, [r6, #0x58]
	adds r1, r7, r1
	strh r0, [r1, #0x00]
	adds r4, r6, #0x0
	adds r4, #0xA8
	b _0812F486
_0812F42C: .4byte 0x083BE67C
_0812F430:
	mov r0, r8
	ldrh r1, [r0, #0x00]
	ldrh r0, [r2, #0x00]
	adds r1, r1, r0
	adds r4, r6, #0x0
	adds r4, #0xA8
	cmp r1, r5
	bgt _0812F486
	ldrh r1, [r4, #0x00]
	cmp r5, r1
	bge _0812F486
	adds r0, r6, #0x0
	adds r0, #0xAC
	ldrh r0, [r0, #0x00]
	cmp r0, #0x00
	beq _0812F486
	ldr r3, [r6, #0x54]
	adds r3, r7, r3
	ldr r2, [r6, #0x40]
	adds r2, r2, r5
	ldrb r1, [r2, #0x00]
	lsls r0, r1, #0x02
	adds r0, r0, r1
	lsls r0, r0, #0x02
	add r0, r9
	ldrh r0, [r0, #0x04]
	strh r0, [r3, #0x00]
	ldrb r1, [r2, #0x00]
	lsls r0, r1, #0x02
	adds r0, r0, r1
	lsls r0, r0, #0x02
	add r0, r9
	ldrh r1, [r0, #0x04]
	ldrb r2, [r0, #0x0E]
	movs r0, #0x01
	str r0, [sp, #0x000]
	adds r0, r6, #0x0
	movs r3, #0x03
	bl sub_812EF44
	ldr r1, [r6, #0x58]
	adds r1, r7, r1
	strh r0, [r1, #0x00]
_0812F486:
	adds r7, #0x02
	adds r5, #0x01
	ldrh r4, [r4, #0x00]
	cmp r5, r4
	blt _0812F39A
_0812F490:
	add sp, #0x008
	pop {r3, r4, r5}
	mov r8, r3
	mov r9, r4
	mov r10, r5
	pop {r4, r5, r6, r7}
	pop {r0}
	bx r0
	thumb_func_start sub_812F4A0
sub_812F4A0:
	push {r4, r5, r6, r7, lr}
	ldr r6, [r0, #0x14]
	ldr r0, _0812F4FC @ =0x0300034C
	movs r1, #0x88
	lsls r1, r1, #0x04
	adds r7, r0, r1
	ldr r5, [r7, #0x00]
	ldrb r0, [r6, #0x00]
	cmp r0, #0x03
	bls _0812F4F6
	adds r0, r6, #0x0
	adds r0, #0xB8
	ldrb r0, [r0, #0x00]
	cmp r0, #0x00
	beq _0812F4C4
	adds r0, r6, #0x0
	bl sub_812E0D0
_0812F4C4:
	bl sub_8021F7C
	bl sub_8020A78
	ldr r2, _0812F500 @ =0x03000D48
	ldr r4, _0812F504 @ =0x0203FFB8
	ldr r0, [r4, #0x3C]
	ldr r3, _0812F508 @ =0x00000A14
	adds r1, r0, r3
	ldr r2, [r2, #0x00]
	bl _call_via_r2
	ldr r1, _0812F50C @ =0x03000D4C
	ldr r0, [r4, #0x3C]
	ldr r2, [r1, #0x00]
	adds r1, r5, #0x0
	bl _call_via_r2
	adds r5, r0, #0x0
	adds r0, r6, #0x0
	adds r1, r5, #0x0
	bl sub_812CF54
	adds r5, r0, #0x0
	str r5, [r7, #0x00]
_0812F4F6:
	pop {r4, r5, r6, r7}
	pop {r0}
	bx r0
_0812F4FC: .4byte 0x0300034C
_0812F500: .4byte 0x03000D48
_0812F504: .4byte 0x0203FFB8
_0812F508: .4byte 0x00000A14
_0812F50C: .4byte 0x03000D4C
	thumb_func_start sub_812F510
sub_812F510:
	push {lr}
	ldr r0, [r0, #0x20]
	bl sub_8116620
	lsls r0, r0, #0x18
	cmp r0, #0x00
	beq _0812F522
	movs r0, #0x01
	b _0812F524
_0812F522:
	movs r0, #0x00
_0812F524:
	pop {r1}
	bx r1
	thumb_func_start sub_812F528
sub_812F528:
	push {lr}
	add sp, #-0x010
	ldr r0, [r0, #0x20]
	ldr r1, _0812F54C @ =0x0000FFFF
	str r1, [sp, #0x000]
	str r1, [sp, #0x004]
	movs r1, #0x00
	str r1, [sp, #0x008]
	str r1, [sp, #0x00C]
	movs r1, #0x04
	movs r2, #0x00
	movs r3, #0x08
	bl sub_81151E4
	add sp, #0x010
	pop {r0}
	bx r0
	.byte 0x00, 0x00
_0812F54C: .4byte 0x0000FFFF
	thumb_func_start sub_812F550
sub_812F550:
	push {lr}
	add sp, #-0x010
	ldr r1, _0812F57C @ =0x0300034C
	ldr r2, _0812F580 @ =0x00000884
	adds r1, r1, r2
	movs r2, #0x01
	negs r2, r2
	str r2, [r1, #0x00]
	ldr r0, [r0, #0x20]
	ldr r1, _0812F584 @ =0x0000FFFF
	str r1, [sp, #0x000]
	str r1, [sp, #0x004]
	movs r1, #0x00
	str r1, [sp, #0x008]
	str r1, [sp, #0x00C]
	movs r2, #0x00
	movs r3, #0x08
	bl sub_81151E4
	add sp, #0x010
	pop {r0}
	bx r0
_0812F57C: .4byte 0x0300034C
_0812F580: .4byte 0x00000884
_0812F584: .4byte 0x0000FFFF
	.byte 0x10, 0xB5, 0x04, 0x1C, 0x09, 0x06, 0x09, 0x0E, 0xEA, 0xF6, 0x0A, 0xFA, 0x02, 0x48, 0xA0, 0x61
	.byte 0x20, 0x1C, 0x10, 0xBC, 0x02, 0xBC, 0x08, 0x47, 0x08, 0xC4, 0xCD, 0x08
	thumb_func_start sub_812F5A4
sub_812F5A4:
	push {r4, r5, r6, lr}
	add sp, #-0x008
	adds r6, r0, #0x0
	adds r4, r1, #0x0
	ldr r5, _0812F5D4 @ =0x08211B20
	movs r0, #0xC8
	movs r1, #0x00
	adds r2, r5, #0x0
	movs r3, #0x00
	bl alloc_Zero
	str r4, [sp, #0x000]
	movs r1, #0x02
	negs r1, r1
	str r1, [sp, #0x004]
	movs r1, #0x08
	adds r2, r5, #0x0
	adds r3, r6, #0x0
	bl sub_812A9A0
	add sp, #0x008
	pop {r4, r5, r6}
	pop {r0}
	bx r0
_0812F5D4: .4byte 0x08211B20
	thumb_func_start sub_812F5D8
sub_812F5D8:
	push {r4, r5, r6, r7, lr}
	mov r7, r10
	mov r6, r9
	mov r5, r8
	push {r5, r6, r7}
	add sp, #-0x034
	mov r10, r0
	lsls r1, r1, #0x18
	lsrs r1, r1, #0x18
	bl process_add
	ldr r0, _0812F9C4 @ =0x08CDC418
	mov r1, r10
	str r0, [r1, #0x18]
	movs r0, #0xAA
	lsls r0, r0, #0x02
	add r0, r10
	bl sub_801B75C
	movs r0, #0x80
	lsls r0, r0, #0x12
	movs r1, #0x00
	strh r1, [r0, #0x00]
	adds r0, #0x80
	strh r1, [r0, #0x00]
	ldr r2, _0812F9C8 @ =0x0300034C
	ldrh r0, [r2, #0x02]
	movs r1, #0x01
	orrs r0, r1
	strh r0, [r2, #0x02]
	ldr r6, _0812F9CC @ =0x0000088A
	adds r2, r2, r6
	ldrb r0, [r2, #0x00]
	movs r1, #0x20
	orrs r0, r1
	strb r0, [r2, #0x00]
	movs r0, #0x00
	bl sub_8019628
	bl sub_8017E34
	ldr r7, _0812F9D0 @ =0x03001034
	movs r1, #0xC3
	lsls r1, r1, #0x02
	add r1, r10
	ldr r3, [r7, #0x00]
	movs r0, #0x00
	movs r2, #0xC0
	bl _call_via_r3
	ldr r4, _0812F9D4 @ =0x03001008
	ldr r0, _0812F9D8 @ =0x00000514
	ldr r2, _0812F9DC @ =0x082124EC
	movs r1, #0x00
	movs r3, #0x01
	bl alloc_Zero
	str r0, [r4, #0x00]
	ldrb r1, [r0, #0x00]
	movs r2, #0x01
	orrs r1, r2
	strb r1, [r0, #0x00]
	movs r4, #0xA1
	lsls r4, r4, #0x02
	add r4, r10
	ldr r0, _0812F9E0 @ =0x0819941C
	ldr r1, _0812F9E4 @ =0x08198784
	subs r0, r0, r1
	ldr r2, _0812F9E8 @ =0x082124F4
	movs r1, #0x00
	movs r3, #0x01
	bl alloc_zero_8018DB4
	str r0, [r4, #0x00]
	ldr r1, _0812F9EC @ =0x0851F9E8
	bl sub_81994EC
	movs r4, #0xA4
	lsls r4, r4, #0x02
	add r4, r10
	ldr r2, _0812F9F0 @ =0x082124FC
	movs r0, #0x14
	movs r1, #0x00
	movs r3, #0x01
	bl alloc_Zero
	str r0, [r4, #0x00]
	movs r4, #0xA2
	lsls r4, r4, #0x02
	add r4, r10
	ldr r0, _0812F9F4 @ =0x00000F1F
	ldr r2, _0812F9F8 @ =0x08212504
	movs r1, #0x00
	movs r3, #0x01
	bl alloc_zero_8018DB4
	str r0, [r4, #0x00]
	movs r2, #0xA3
	lsls r2, r2, #0x02
	add r2, r10
	adds r0, #0x1F
	movs r1, #0x20
	negs r1, r1
	ands r0, r1
	str r0, [r2, #0x00]
	movs r0, #0x80
	lsls r0, r0, #0x04
	ldr r2, _0812F9FC @ =0x0821250C
	movs r1, #0x01
	movs r3, #0x01
	bl alloc_zero_8018DB4
	adds r6, r0, #0x0
	adds r3, r6, #0x0
	movs r0, #0xF0
	lsls r0, r0, #0x08
	movs r1, #0x20
	ldr r2, _0812FA00 @ =0x08198154
	mov r8, r2
	ldr r7, _0812FA04 @ =0x081980D8
	mov r2, r10
	adds r2, #0x9C
	str r2, [sp, #0x01C]
	subs r2, #0x72
	str r2, [sp, #0x028]
	subs r2, #0x08
	str r2, [sp, #0x020]
	adds r2, #0x01
	str r2, [sp, #0x024]
_0812F6DA:
	movs r4, #0x1E
	subs r5, r1, #0x1
_0812F6DE:
	adds r1, r0, #0x0
	adds r0, r1, #0x1
	lsls r0, r0, #0x10
	lsrs r0, r0, #0x10
	adds r2, r0, #0x0
	strh r1, [r3, #0x00]
	adds r0, r2, #0x1
	lsls r0, r0, #0x10
	lsrs r0, r0, #0x10
	adds r1, r0, #0x0
	strh r2, [r3, #0x02]
	adds r0, r1, #0x1
	lsls r0, r0, #0x10
	lsrs r0, r0, #0x10
	adds r2, r0, #0x0
	strh r1, [r3, #0x04]
	adds r0, r2, #0x1
	lsls r0, r0, #0x10
	lsrs r0, r0, #0x10
	adds r1, r0, #0x0
	strh r2, [r3, #0x06]
	adds r0, r1, #0x1
	lsls r0, r0, #0x10
	lsrs r0, r0, #0x10
	strh r1, [r3, #0x08]
	adds r3, #0x0A
	subs r4, #0x05
	cmp r4, #0x00
	bne _0812F6DE
	adds r3, #0x04
	adds r1, r5, #0x0
	cmp r1, #0x00
	bne _0812F6DA
	mov r0, r8
	subs r7, r0, r7
	ldr r1, _0812F9D0 @ =0x03001034
	ldr r3, [r1, #0x00]
	adds r3, r3, r7
	ldr r1, _0812FA08 @ =0x0600F800
	adds r0, r6, #0x0
	movs r2, #0x80
	lsls r2, r2, #0x04
	bl _call_via_r3
	cmp r6, #0x00
	beq _0812F740
	adds r0, r6, #0x0
	bl free_heap_8018D9C
_0812F740:
	ldr r1, _0812FA0C @ =0x06008000
	movs r2, #0xF0
	lsls r2, r2, #0x07
	ldr r6, _0812F9D0 @ =0x03001034
	ldr r3, [r6, #0x00]
	movs r0, #0x00
	bl _call_via_r3
	movs r0, #0x00
	movs r1, #0x00
	movs r2, #0x00
	movs r3, #0x80
	bl sub_8020994
	ldr r0, _0812FA10 @ =0x03000C78
	str r5, [r0, #0x00]
	ldr r6, _0812FA14 @ =0x083C41B4
	adds r0, r6, #0x0
	bl sub_80198B0
	movs r1, #0x9A
	lsls r1, r1, #0x02
	add r1, r10
	strh r0, [r1, #0x00]
	movs r4, #0x9B
	lsls r4, r4, #0x02
	add r4, r10
	ldrh r0, [r1, #0x00]
	ldr r2, _0812FA18 @ =0x08212514
	movs r1, #0x01
	movs r3, #0x01
	bl alloc_zero_8018DB4
	adds r1, r0, #0x0
	str r1, [r4, #0x00]
	ldr r0, _0812FA1C @ =0x03000C84
	ldr r2, [r0, #0x00]
	adds r0, r6, #0x0
	bl _call_via_r2
	movs r6, #0x9C
	lsls r6, r6, #0x02
	add r6, r10
	movs r0, #0xA0
	lsls r0, r0, #0x08
	ldr r2, _0812FA20 @ =0x0821251C
	movs r1, #0x01
	movs r3, #0x01
	bl alloc_zero_8018DB4
	str r0, [r6, #0x00]
	movs r1, #0x9D
	lsls r1, r1, #0x02
	add r1, r10
	str r1, [sp, #0x010]
	movs r1, #0x80
	lsls r1, r1, #0x06
	adds r0, r0, r1
	ldr r2, [sp, #0x010]
	str r0, [r2, #0x00]
	movs r2, #0x9E
	lsls r2, r2, #0x02
	add r2, r10
	mov r8, r2
	adds r0, r0, r1
	str r0, [r2, #0x00]
	movs r2, #0x9F
	lsls r2, r2, #0x02
	add r2, r10
	mov r9, r2
	adds r0, r0, r1
	str r0, [r2, #0x00]
	movs r4, #0xA0
	lsls r4, r4, #0x02
	add r4, r10
	adds r0, r0, r1
	str r0, [r4, #0x00]
	ldr r0, _0812F9D0 @ =0x03001034
	ldr r3, [r0, #0x00]
	adds r3, r3, r7
	ldr r0, _0812FA24 @ =0x083C3DB4
	ldr r1, [r6, #0x00]
	movs r6, #0x80
	lsls r6, r6, #0x03
	adds r2, r6, #0x0
	bl _call_via_r3
	ldr r1, _0812F9D0 @ =0x03001034
	ldr r3, [r1, #0x00]
	adds r3, r3, r7
	ldr r0, _0812FA28 @ =0x083C2DB4
	ldr r2, [sp, #0x010]
	ldr r1, [r2, #0x00]
	movs r2, #0x80
	lsls r2, r2, #0x05
	bl _call_via_r3
	ldr r0, _0812F9D0 @ =0x03001034
	ldr r3, [r0, #0x00]
	adds r3, r3, r7
	ldr r0, _0812FA2C @ =0x083C2034
	mov r2, r8
	ldr r1, [r2, #0x00]
	movs r2, #0xD8
	lsls r2, r2, #0x04
	bl _call_via_r3
	ldr r0, _0812FA30 @ =0x00010001
	mov r2, r9
	ldr r1, [r2, #0x00]
	ldr r2, _0812F9D0 @ =0x03001034
	ldr r3, [r2, #0x00]
	movs r2, #0x80
	lsls r2, r2, #0x04
	bl _call_via_r3
	ldr r0, _0812F9D0 @ =0x03001034
	ldr r3, [r0, #0x00]
	adds r3, r3, r7
	ldr r0, _0812FA34 @ =0x083C6E50
	ldr r1, [r4, #0x00]
	adds r2, r6, #0x0
	bl _call_via_r3
	movs r6, #0x00
	ldr r1, _0812FA38 @ =0x000001FF
	mov r8, r1
	ldr r7, _0812FA3C @ =0x00000FFF
	movs r2, #0x80
	lsls r2, r2, #0x05
	adds r5, r2, #0x0
_0812F846:
	ldr r1, [r4, #0x00]
	lsls r3, r6, #0x01
	adds r1, r3, r1
	ldrh r2, [r1, #0x00]
	adds r0, r7, #0x0
	ands r0, r2
	strh r0, [r1, #0x00]
	ldr r0, [r4, #0x00]
	adds r3, r3, r0
	ldrh r0, [r3, #0x00]
	orrs r0, r5
	strh r0, [r3, #0x00]
	adds r1, r6, #0x1
	ldr r2, [r4, #0x00]
	lsls r1, r1, #0x01
	adds r2, r1, r2
	ldrh r3, [r2, #0x00]
	adds r0, r7, #0x0
	ands r0, r3
	strh r0, [r2, #0x00]
	ldr r0, [r4, #0x00]
	adds r1, r1, r0
	ldrh r0, [r1, #0x00]
	orrs r0, r5
	strh r0, [r1, #0x00]
	adds r1, r6, #0x2
	ldr r2, [r4, #0x00]
	lsls r1, r1, #0x01
	adds r2, r1, r2
	ldrh r3, [r2, #0x00]
	adds r0, r7, #0x0
	ands r0, r3
	strh r0, [r2, #0x00]
	ldr r0, [r4, #0x00]
	adds r1, r1, r0
	ldrh r0, [r1, #0x00]
	orrs r0, r5
	strh r0, [r1, #0x00]
	adds r1, r6, #0x3
	ldr r2, [r4, #0x00]
	lsls r1, r1, #0x01
	adds r2, r1, r2
	ldrh r3, [r2, #0x00]
	adds r0, r7, #0x0
	ands r0, r3
	strh r0, [r2, #0x00]
	ldr r0, [r4, #0x00]
	adds r1, r1, r0
	ldrh r0, [r1, #0x00]
	orrs r0, r5
	strh r0, [r1, #0x00]
	adds r6, #0x04
	cmp r6, r8
	bls _0812F846
	ldr r4, _0812FA40 @ =0x083C160C
	ldrh r1, [r4, #0x00]
	movs r0, #0x09
	movs r2, #0x01
	negs r2, r2
	movs r3, #0x01
	bl sub_80213A0
	adds r4, #0x02
	ldrh r1, [r4, #0x00]
	movs r0, #0x09
	movs r2, #0x01
	negs r2, r2
	movs r3, #0x01
	bl sub_80213A0
	adds r4, #0x02
	ldrh r1, [r4, #0x00]
	movs r0, #0x09
	movs r2, #0x01
	negs r2, r2
	movs r3, #0x01
	bl sub_80213A0
	adds r4, #0x02
	movs r5, #0x03
_0812F8E6:
	ldrh r1, [r4, #0x00]
	movs r0, #0x09
	movs r2, #0x01
	negs r2, r2
	movs r3, #0x01
	bl sub_80213A0
	ldrh r1, [r4, #0x02]
	movs r0, #0x09
	movs r2, #0x01
	negs r2, r2
	movs r3, #0x01
	bl sub_80213A0
	ldrh r1, [r4, #0x04]
	movs r0, #0x09
	movs r2, #0x01
	negs r2, r2
	movs r3, #0x01
	bl sub_80213A0
	ldrh r1, [r4, #0x06]
	movs r0, #0x09
	movs r2, #0x01
	negs r2, r2
	movs r3, #0x01
	bl sub_80213A0
	adds r4, #0x08
	adds r5, #0x04
	cmp r5, #0x12
	bls _0812F8E6
	movs r6, #0x00
	add r0, sp, #0x00C
	strh r6, [r0, #0x00]
	ldr r0, _0812FA44 @ =0x083C1632
	ldrh r1, [r0, #0x00]
	str r6, [sp, #0x000]
	add r2, sp, #0x00C
	str r2, [sp, #0x004]
	movs r4, #0x01
	negs r4, r4
	str r4, [sp, #0x008]
	movs r0, #0x09
	movs r2, #0x00
	movs r3, #0x00
	bl sub_8021574
	ldr r0, _0812FA44 @ =0x083C1632
	ldrh r1, [r0, #0x02]
	str r6, [sp, #0x000]
	add r2, sp, #0x00C
	str r2, [sp, #0x004]
	str r4, [sp, #0x008]
	movs r0, #0x09
	movs r2, #0x00
	movs r3, #0x00
	bl sub_8021574
	mov r9, r6
	mov r8, r4
	ldr r0, [sp, #0x01C]
	str r0, [sp, #0x02C]
	ldr r7, _0812FA48 @ =0x083C1636
	ldr r5, _0812FA4C @ =0x083C18D6
_0812F968:
	mov r1, r9
	lsls r1, r1, #0x01
	str r1, [sp, #0x014]
	ldrh r1, [r7, #0x00]
	ldrh r2, [r7, #0x02]
	mov r6, r8
	str r6, [sp, #0x000]
	str r6, [sp, #0x004]
	str r6, [sp, #0x008]
	movs r0, #0x09
	mov r3, r8
	bl sub_8020DD0
	mov r1, r9
	lsls r1, r1, #0x02
	str r1, [sp, #0x030]
	movs r4, #0xF3
	lsls r4, r4, #0x02
	add r4, r10
	adds r4, r4, r1
	str r0, [r4, #0x00]
	ldrh r1, [r7, #0x04]
	movs r2, #0x00
	str r2, [sp, #0x000]
	mov r2, r8
	movs r3, #0x00
	bl sub_801E150
	ldr r3, [r4, #0x00]
	ldrb r0, [r7, #0x06]
	movs r2, #0x03
	ands r2, r0
	ldrb r0, [r3, #0x1F]
	movs r6, #0x04
	negs r6, r6
	adds r1, r6, #0x0
	ands r0, r1
	orrs r0, r2
	strb r0, [r3, #0x1F]
	ldr r1, [r4, #0x00]
	ldrh r0, [r7, #0x08]
	strh r0, [r1, #0x0E]
	ldr r1, [r4, #0x00]
	ldrh r0, [r5, #0x00]
	strh r0, [r1, #0x00]
	b _0812FA50
_0812F9C4: .4byte 0x08CDC418
_0812F9C8: .4byte 0x0300034C
_0812F9CC: .4byte 0x0000088A
_0812F9D0: .4byte 0x03001034
_0812F9D4: .4byte 0x03001008
_0812F9D8: .4byte 0x00000514
_0812F9DC: .4byte 0x082124EC
_0812F9E0: .4byte 0x0819941C
_0812F9E4: .4byte 0x08198784
_0812F9E8: .4byte 0x082124F4
_0812F9EC: .4byte 0x0851F9E8
_0812F9F0: .4byte 0x082124FC
_0812F9F4: .4byte 0x00000F1F
_0812F9F8: .4byte 0x08212504
_0812F9FC: .4byte 0x0821250C
_0812FA00: .4byte 0x08198154
_0812FA04: .4byte 0x081980D8
_0812FA08: .4byte 0x0600F800
_0812FA0C: .4byte 0x06008000
_0812FA10: .4byte 0x03000C78
_0812FA14: .4byte 0x083C41B4
_0812FA18: .4byte 0x08212514
_0812FA1C: .4byte 0x03000C84
_0812FA20: .4byte 0x0821251C
_0812FA24: .4byte 0x083C3DB4
_0812FA28: .4byte 0x083C2DB4
_0812FA2C: .4byte 0x083C2034
_0812FA30: .4byte 0x00010001
_0812FA34: .4byte 0x083C6E50
_0812FA38: .4byte 0x000001FF
_0812FA3C: .4byte 0x00000FFF
_0812FA40: .4byte 0x083C160C
_0812FA44: .4byte 0x083C1632
_0812FA48: .4byte 0x083C1636
_0812FA4C: .4byte 0x083C18D6
_0812FA50:
	ldr r1, [r4, #0x00]
	ldrh r0, [r5, #0x02]
	strh r0, [r1, #0x02]
	movs r1, #0x00
	ldsh r0, [r5, r1]
	lsls r0, r0, #0x08
	ldr r2, [sp, #0x02C]
	stm r2!, {r0}
	str r2, [sp, #0x02C]
	movs r1, #0xBE
	lsls r1, r1, #0x01
	add r1, r10
	ldr r6, [sp, #0x030]
	adds r1, r1, r6
	movs r2, #0x02
	ldsh r0, [r5, r2]
	lsls r0, r0, #0x08
	str r0, [r1, #0x00]
	ldr r6, [sp, #0x028]
	ldr r0, [sp, #0x014]
	adds r6, r6, r0
	str r6, [sp, #0x018]
	movs r1, #0x00
	strh r1, [r6, #0x00]
	adds r7, #0x0C
	adds r5, #0x04
	movs r2, #0x01
	add r9, r2
	mov r6, r9
	cmp r6, #0x37
	bhi _0812FA90
	b _0812F968
_0812FA90:
	ldr r1, _0812FBF0 @ =0x03000C78
	ldr r0, _0812FBF4 @ =0x0800063C
	str r0, [r1, #0x00]
	movs r6, #0xB0
	lsls r6, r6, #0x02
	add r6, r10
	ldr r7, _0812FBF8 @ =0x08212524
	movs r0, #0x1C
	movs r1, #0x00
	adds r2, r7, #0x0
	movs r3, #0x00
	bl alloc_Zero
	adds r4, r0, #0x0
	movs r1, #0x08
	adds r2, r7, #0x0
	bl process_add
	ldr r0, _0812FBFC @ =0x08CDC428
	str r0, [r4, #0x18]
	str r4, [r6, #0x00]
	mov r0, r10
	str r0, [r4, #0x14]
	movs r1, #0xAE
	lsls r1, r1, #0x02
	add r1, r10
	mov r8, r1
	ldr r4, _0812FC00 @ =0x0821252C
	movs r0, #0x5C
	movs r1, #0x00
	adds r2, r4, #0x0
	movs r3, #0x00
	bl alloc_Zero
	movs r1, #0x08
	adds r2, r4, #0x0
	movs r3, #0x08
	bl init_ybpa_process_8114B4C
	mov r2, r8
	str r0, [r2, #0x00]
	mov r6, r10
	str r6, [r0, #0x14]
	bl process_disable
	movs r6, #0xAF
	lsls r6, r6, #0x02
	add r6, r10
	ldr r0, _0812FC04 @ =0x00000A5C
	ldr r4, _0812FC08 @ =0x08212534
	movs r1, #0x00
	adds r2, r4, #0x0
	movs r3, #0x00
	bl alloc_Zero
	ldr r1, _0812FC0C @ =0x00000207
	mov r9, r1
	movs r7, #0x00
	str r7, [sp, #0x000]
	str r7, [sp, #0x004]
	mov r2, r8
	ldr r1, [r2, #0x00]
	str r1, [sp, #0x008]
	movs r1, #0x08
	adds r2, r4, #0x0
	mov r3, r9
	bl sub_805CCE0
	str r0, [r6, #0x00]
	ldr r2, _0812FC10 @ =0x03001034
	ldr r0, _0812FC14 @ =0x08198154
	ldr r1, _0812FC18 @ =0x081980D8
	subs r0, r0, r1
	ldr r1, [r2, #0x00]
	adds r3, r1, r0
	ldr r2, _0812FC1C @ =0x083B8F24
	ldr r4, _0812FC20 @ =0x0300034C
	ldr r6, _0812FC24 @ =0x00000888
	adds r0, r4, r6
	ldrb r1, [r0, #0x00]
	movs r0, #0x06
	ands r0, r1
	cmp r0, #0x00
	beq _0812FB3A
	adds r2, #0x20
_0812FB3A:
	ldr r1, _0812FC28 @ =0x02000260
	adds r0, r2, #0x0
	movs r2, #0x20
	bl _call_via_r3
	ldrh r1, [r4, #0x02]
	movs r2, #0x80
	lsls r2, r2, #0x08
	adds r0, r2, #0x0
	movs r2, #0x00
	orrs r0, r1
	strh r0, [r4, #0x02]
	mov r6, r10
	ldrb r1, [r6, #0x1C]
	movs r0, #0x02
	negs r0, r0
	ands r0, r1
	movs r1, #0x03
	negs r1, r1
	ands r0, r1
	subs r1, #0x06
	ands r0, r1
	subs r1, #0x08
	ands r0, r1
	adds r1, #0x0C
	ands r0, r1
	subs r1, #0x1C
	ands r0, r1
	strb r0, [r6, #0x1C]
	ldrh r1, [r6, #0x1C]
	ldr r0, _0812FC2C @ =0xFFFFF03F
	ands r0, r1
	strh r0, [r6, #0x1C]
	mov r0, r9
	strh r0, [r6, #0x1E]
	ldr r1, [sp, #0x020]
	strb r2, [r1, #0x00]
	ldr r6, [sp, #0x024]
	strb r2, [r6, #0x00]
	mov r0, r10
	strh r7, [r0, #0x24]
	ldr r0, _0812FC30 @ =0x0300100C
	strh r7, [r0, #0x00]
	movs r0, #0x99
	lsls r0, r0, #0x02
	add r0, r10
	strh r7, [r0, #0x00]
	ldr r0, _0812FC34 @ =0x00000266
	add r0, r10
	strh r7, [r0, #0x00]
	movs r0, #0xC1
	lsls r0, r0, #0x02
	add r0, r10
	strh r7, [r0, #0x00]
	movs r1, #0xC2
	lsls r1, r1, #0x02
	add r1, r10
	ldr r0, _0812FC38 @ =0x083C1A6A
	str r0, [r1, #0x00]
	movs r0, #0x97
	lsls r0, r0, #0x02
	add r0, r10
	str r7, [r0, #0x00]
	movs r0, #0xA6
	lsls r0, r0, #0x02
	add r0, r10
	strh r7, [r0, #0x00]
	ldr r0, _0812FC3C @ =0x00000296
	add r0, r10
	strh r7, [r0, #0x00]
	movs r0, #0xA7
	lsls r0, r0, #0x02
	add r0, r10
	strh r7, [r0, #0x00]
	ldr r0, _0812FC40 @ =0x0000029A
	add r0, r10
	strh r7, [r0, #0x00]
	ldr r1, _0812FC44 @ =0x02000008
	ldr r2, _0812FC48 @ =0x00001F08
	adds r0, r2, #0x0
	strh r0, [r1, #0x00]
	mov r0, r10
	add sp, #0x034
	pop {r3, r4, r5}
	mov r8, r3
	mov r9, r4
	mov r10, r5
	pop {r4, r5, r6, r7}
	pop {r1}
	bx r1
	.byte 0x00, 0x00
_0812FBF0: .4byte 0x03000C78
_0812FBF4: .4byte 0x0800063C
_0812FBF8: .4byte 0x08212524
_0812FBFC: .4byte 0x08CDC428
_0812FC00: .4byte 0x0821252C
_0812FC04: .4byte 0x00000A5C
_0812FC08: .4byte 0x08212534
_0812FC0C: .4byte 0x00000207
_0812FC10: .4byte 0x03001034
_0812FC14: .4byte 0x08198154
_0812FC18: .4byte 0x081980D8
_0812FC1C: .4byte 0x083B8F24
_0812FC20: .4byte 0x0300034C
_0812FC24: .4byte 0x00000888
_0812FC28: .4byte 0x02000260
_0812FC2C: .4byte 0xFFFFF03F
_0812FC30: .4byte 0x0300100C
_0812FC34: .4byte 0x00000266
_0812FC38: .4byte 0x083C1A6A
_0812FC3C: .4byte 0x00000296
_0812FC40: .4byte 0x0000029A
_0812FC44: .4byte 0x02000008
_0812FC48: .4byte 0x00001F08
	thumb_func_start sub_812FC4C
sub_812FC4C:
	push {r4, r5, r6, r7, lr}
	mov r7, r10
	mov r6, r9
	mov r5, r8
	push {r5, r6, r7}
	add sp, #-0x060
	adds r7, r0, #0x0
	adds r4, r7, #0x0
	adds r4, #0x23
	ldrb r0, [r4, #0x00]
	cmp r0, #0x00
	bne _0812FC66
	b _0812FE8C
_0812FC66:
	ldrh r0, [r7, #0x24]
	subs r0, #0x01
	strh r0, [r7, #0x24]
	ldr r2, _0812FCA0 @ =0x03001038
	ldr r0, _0812FCA4 @ =0x0819832C
	ldr r1, _0812FCA8 @ =0x08198220
	subs r0, r0, r1
	ldr r2, [r2, #0x00]
	adds r2, r2, r0
	movs r1, #0x24
	ldsh r0, [r7, r1]
	lsls r0, r0, #0x04
	ldrh r1, [r7, #0x26]
	bl _call_via_r2
	lsls r0, r0, #0x18
	lsrs r0, r0, #0x18
	mov r8, r0
	ldrb r0, [r4, #0x00]
	subs r0, #0x01
	cmp r0, #0x07
	bls _0812FC94
	b _0812FDDA
_0812FC94:
	lsls r0, r0, #0x02
	ldr r1, _0812FCAC @ =0x0812FCB4
	adds r0, r0, r1
	ldr r0, [r0, #0x00]
	ldr r6, _0812FCB0 @ =0x0839EC80
	mov pc, r0
_0812FCA0: .4byte 0x03001038
_0812FCA4: .4byte 0x0819832C
_0812FCA8: .4byte 0x08198220
_0812FCAC: .4byte 0x0812FCB4
_0812FCB0: .4byte 0x0839EC80
	.byte 0xD4, 0xFC, 0x12, 0x08, 0xE4, 0xFC, 0x12, 0x08, 0x14, 0xFD, 0x12, 0x08, 0x44, 0xFD, 0x12, 0x08
	.byte 0x54, 0xFD, 0x12, 0x08, 0x78, 0xFD, 0x12, 0x08, 0x14, 0xFD, 0x12, 0x08, 0xAE, 0xFD, 0x12, 0x08
	.byte 0x02, 0x48, 0x02, 0x68, 0x54, 0x32, 0x1F, 0x20, 0x41, 0x46, 0x40, 0xE0, 0x80, 0xEC, 0x39, 0x08
	.byte 0x0A, 0x4D, 0x2B, 0x68, 0x52, 0x33, 0x1F, 0x22, 0x91, 0x46, 0x42, 0x46, 0x48, 0x46, 0x02, 0x40
	.byte 0x1C, 0x78, 0x20, 0x21, 0x49, 0x42, 0x08, 0x1C, 0x20, 0x40, 0x10, 0x43, 0x18, 0x70, 0x2A, 0x68
	.byte 0x10, 0x20, 0x43, 0x46, 0xC0, 0x1A, 0x53, 0x32, 0x4D, 0x46, 0x5F, 0xE0, 0x80, 0xEC, 0x39, 0x08
	.byte 0x0A, 0x48, 0x81, 0x46, 0x03, 0x68, 0x10, 0x22, 0x41, 0x46, 0x52, 0x1A, 0x52, 0x33, 0x1F, 0x25
	.byte 0x2A, 0x40, 0x1C, 0x78, 0x20, 0x21, 0x49, 0x42, 0x08, 0x1C, 0x20, 0x40, 0x10, 0x43, 0x18, 0x70
	.byte 0x4B, 0x46, 0x1A, 0x68, 0x53, 0x32, 0x40, 0x46, 0x48, 0xE0, 0x00, 0x00, 0x80, 0xEC, 0x39, 0x08
	.byte 0x02, 0x48, 0x02, 0x68, 0x10, 0x21, 0x45, 0x46, 0x49, 0x1B, 0x06, 0xE0, 0x80, 0xEC, 0x39, 0x08
	.byte 0x07, 0x48, 0x02, 0x68, 0x10, 0x21, 0x40, 0x46, 0x09, 0x1A, 0x54, 0x32, 0x1F, 0x20, 0x01, 0x40
	.byte 0x13, 0x78, 0x20, 0x20, 0x40, 0x42, 0x18, 0x40, 0x08, 0x43, 0x10, 0x70, 0x33, 0xE0, 0x00, 0x00
	.byte 0x80, 0xEC, 0x39, 0x08, 0x20, 0x4D, 0x2B, 0x68, 0x52, 0x33, 0x1F, 0x21, 0x89, 0x46, 0x42, 0x46
	.byte 0x48, 0x46, 0x02, 0x40, 0x1C, 0x78, 0x20, 0x21, 0x49, 0x42, 0x08, 0x1C, 0x20, 0x40, 0x10, 0x43
	.byte 0x18, 0x70, 0x2A, 0x68, 0x10, 0x20, 0x43, 0x46, 0xC0, 0x1A, 0x53, 0x32, 0x4B, 0x46, 0x18, 0x40
	.byte 0x13, 0x78, 0x19, 0x40, 0x01, 0x43, 0x11, 0x70, 0x2E, 0x1C, 0x33, 0x68, 0x52, 0x33, 0x1F, 0x25
	.byte 0x42, 0x46, 0x2A, 0x40, 0x1C, 0x78, 0x20, 0x21, 0x49, 0x42, 0x08, 0x1C, 0x20, 0x40, 0x10, 0x43
	.byte 0x18, 0x70, 0x32, 0x68, 0x10, 0x20, 0x43, 0x46, 0xC0, 0x1A, 0x53, 0x32, 0x28, 0x40, 0x13, 0x78
	.byte 0x19, 0x40, 0x01, 0x43, 0x11, 0x70
_0812FDDA:
	movs r5, #0x24
	ldsh r0, [r7, r5]
	cmp r0, #0x00
	bne _0812FE8C
	adds r1, r7, #0x0
	adds r1, #0x23
	ldrb r0, [r1, #0x00]
	subs r0, #0x01
	adds r4, r1, #0x0
	cmp r0, #0x06
	bhi _0812FE7A
	lsls r0, r0, #0x02
	ldr r1, _0812FE00 @ =0x0812FE04
	adds r0, r0, r1
	ldr r0, [r0, #0x00]
	mov pc, r0
	.byte 0x00, 0x00, 0x80, 0xEC, 0x39, 0x08
_0812FE00: .4byte 0x0812FE04
	.byte 0x7A, 0xFE, 0x12, 0x08, 0x20, 0xFE, 0x12, 0x08, 0x30, 0xFE, 0x12, 0x08, 0x40, 0xFE, 0x12, 0x08
	.byte 0x4E, 0xFE, 0x12, 0x08, 0x54, 0xFE, 0x12, 0x08, 0x68, 0xFE, 0x12, 0x08, 0x80, 0x22, 0x92, 0x04
	.byte 0x11, 0x88, 0x01, 0x48, 0x18, 0xE0, 0x00, 0x00, 0xFF, 0xFD, 0x00, 0x00, 0x80, 0x22, 0x92, 0x04
	.byte 0x11, 0x88, 0x01, 0x48, 0x10, 0xE0, 0x00, 0x00, 0xFF, 0xFB, 0x00, 0x00, 0x80, 0x21, 0x89, 0x04
	.byte 0x82, 0x22, 0x52, 0x01, 0x10, 0x1C, 0x08, 0x80, 0x15, 0xE0, 0xE8, 0xF6, 0xB9, 0xFD, 0x12, 0xE0
	.byte 0x80, 0x22, 0x92, 0x04, 0x11, 0x88, 0x02, 0x48, 0x08, 0x40, 0x10, 0x80, 0x0B, 0xE0, 0x00, 0x00
	.byte 0xFF, 0xFE, 0x00, 0x00, 0xF3, 0x23, 0x9B, 0x00, 0xF8, 0x18, 0x02, 0x68, 0x51, 0x7C, 0x0D, 0x20
	.byte 0x40, 0x42, 0x08, 0x40, 0x50, 0x74
_0812FE7A:
	movs r0, #0x00
	strb r0, [r4, #0x00]
	ldr r0, _0812FFA4 @ =0x0839EC80
	ldr r1, [r0, #0x00]
	adds r1, #0x50
	ldrb r2, [r1, #0x00]
	movs r0, #0x3F
	ands r0, r2
	strb r0, [r1, #0x00]
_0812FE8C:
	movs r3, #0x00
_0812FE8E:
	lsls r4, r3, #0x01
	ldr r5, _0812FFA8 @ =0x00000296
	adds r0, r7, r5
	adds r2, r0, r4
	ldrh r0, [r2, #0x00]
	adds r1, r3, #0x1
	str r1, [sp, #0x04C]
	cmp r0, #0x00
	bne _0812FEA2
	b _0812FFD4
_0812FEA2:
	subs r0, #0x01
	strh r0, [r2, #0x00]
	subs r5, #0x02
	adds r0, r7, r5
	adds r0, r0, r3
	ldrb r0, [r0, #0x00]
	str r0, [sp, #0x018]
	lsls r1, r3, #0x02
	adds r5, #0x0C
	adds r0, r7, r5
	adds r0, r0, r1
	ldr r0, [r0, #0x00]
	str r0, [sp, #0x01C]
	lsls r0, r3, #0x05
	movs r1, #0xB1
	lsls r1, r1, #0x02
	adds r0, r0, r1
	adds r0, r7, r0
	str r0, [sp, #0x020]
	ldrh r2, [r2, #0x00]
	str r2, [sp, #0x024]
	ldr r2, _0812FFAC @ =0x0000029A
	adds r0, r7, r2
	adds r0, r0, r4
	ldrh r0, [r0, #0x00]
	mov r10, r0
	movs r3, #0x00
	str r3, [sp, #0x028]
	ldr r1, _0812FFB0 @ =0x0819832C
	ldr r0, _0812FFB4 @ =0x08198220
	subs r1, r1, r0
	mov r9, r1
_0812FEE2:
	ldr r0, [sp, #0x020]
	ldrh r5, [r0, #0x00]
	movs r0, #0x1F
	ands r0, r5
	lsls r5, r5, #0x10
	lsrs r3, r5, #0x15
	movs r1, #0x1F
	ands r3, r1
	lsrs r5, r5, #0x1A
	ands r5, r1
	ldr r2, [sp, #0x01C]
	ldrh r4, [r2, #0x00]
	ands r1, r4
	str r1, [sp, #0x02C]
	lsls r4, r4, #0x10
	lsrs r2, r4, #0x15
	movs r1, #0x1F
	ands r1, r2
	mov r8, r1
	lsrs r4, r4, #0x1A
	movs r2, #0x1F
	ands r4, r2
	ldr r1, _0812FFB8 @ =0x03001038
	ldr r2, [r1, #0x00]
	add r2, r9
	ldr r1, [sp, #0x02C]
	subs r0, r1, r0
	ldr r1, [sp, #0x024]
	muls r0, r1
	mov r1, r10
	str r3, [sp, #0x058]
	bl _call_via_r2
	ldr r2, [sp, #0x02C]
	subs r0, r2, r0
	str r0, [sp, #0x030]
	ldr r0, _0812FFB8 @ =0x03001038
	ldr r2, [r0, #0x00]
	add r2, r9
	ldr r3, [sp, #0x058]
	mov r1, r8
	subs r3, r1, r3
	ldr r1, [sp, #0x024]
	adds r0, r3, #0x0
	muls r0, r1
	mov r1, r10
	bl _call_via_r2
	mov r2, r8
	subs r2, r2, r0
	mov r8, r2
	ldr r3, _0812FFB8 @ =0x03001038
	ldr r2, [r3, #0x00]
	add r2, r9
	subs r5, r4, r5
	ldr r1, [sp, #0x024]
	adds r0, r5, #0x0
	muls r0, r1
	mov r1, r10
	bl _call_via_r2
	subs r4, r4, r0
	ldr r2, [sp, #0x018]
	lsls r1, r2, #0x05
	ldr r3, [sp, #0x028]
	lsls r0, r3, #0x01
	adds r1, r1, r0
	ldr r5, _0812FFBC @ =0x02000080
	adds r1, r1, r5
	mov r0, r8
	lsls r0, r0, #0x05
	ldr r2, [sp, #0x030]
	orrs r2, r0
	lsls r4, r4, #0x0A
	orrs r2, r4
	strh r2, [r1, #0x00]
	adds r3, #0x01
	str r3, [sp, #0x028]
	ldr r5, [sp, #0x01C]
	adds r5, #0x02
	str r5, [sp, #0x01C]
	ldr r0, [sp, #0x020]
	adds r0, #0x02
	str r0, [sp, #0x020]
	cmp r3, #0x0F
	ble _0812FEE2
	ldr r1, [sp, #0x018]
	cmp r1, #0x0F
	bhi _0812FFC4
	movs r0, #0x01
	lsls r0, r1
	ldr r2, _0812FFC0 @ =0x0300034C
	ldrh r1, [r2, #0x02]
	orrs r0, r1
	strh r0, [r2, #0x02]
	b _0812FFD4
	.byte 0x00, 0x00
_0812FFA4: .4byte 0x0839EC80
_0812FFA8: .4byte 0x00000296
_0812FFAC: .4byte 0x0000029A
_0812FFB0: .4byte 0x0819832C
_0812FFB4: .4byte 0x08198220
_0812FFB8: .4byte 0x03001038
_0812FFBC: .4byte 0x02000080
_0812FFC0: .4byte 0x0300034C
_0812FFC4:
	ldr r0, [sp, #0x018]
	subs r0, #0x10
	movs r1, #0x01
	lsls r1, r0
	ldr r3, _0812FFF0 @ =0x0300034C
	ldrh r0, [r3, #0x00]
	orrs r1, r0
	strh r1, [r3, #0x00]
_0812FFD4:
	ldr r3, [sp, #0x04C]
	cmp r3, #0x01
	bgt _0812FFDC
	b _0812FE8E
_0812FFDC:
	ldrb r0, [r7, #0x00]
	cmp r0, #0x01
	bne _0812FFE4
	b _081301B8
_0812FFE4:
	cmp r0, #0x01
	bgt _0812FFF4
	cmp r0, #0x00
	beq _08130000
	bl _0813105E
_0812FFF0:
	lsls r4, r1, #0x0D
	lsls r0, r0, #0x0C
_0812FFF4:
	cmp r0, #0x02
	bne _0812FFFC
	bl _08130FD8
_0812FFFC:
	bl _0813105E
_08130000:
	movs r5, #0xAF
	lsls r5, r5, #0x02
	adds r2, r7, r5
	ldr r0, [r2, #0x00]
	movs r1, #0x1C
	ldsh r0, [r0, r1]
	cmp r0, #0x00
	beq _08130014
	bl _0813105E
_08130014:
	ldr r0, _081301AC @ =0x0300034C
	ldr r3, _081301B0 @ =0x00000884
	adds r0, r0, r3
	movs r1, #0x01
	negs r1, r1
	str r1, [r0, #0x00]
	ldrh r0, [r7, #0x1E]
	adds r0, #0x01
	movs r5, #0x00
	mov r10, r5
	strh r0, [r7, #0x1E]
	ldr r0, [r2, #0x00]
	ldrh r1, [r7, #0x1E]
	bl sub_805DA04
	adds r1, r7, #0x0
	adds r1, #0x22
	ldrb r0, [r1, #0x00]
	adds r0, #0x01
	strb r0, [r1, #0x00]
	ldr r3, _081301B4 @ =0x0839EC80
	ldr r1, [r3, #0x00]
	adds r1, #0x50
	ldrb r2, [r1, #0x00]
	movs r0, #0x3F
	ands r0, r2
	strb r0, [r1, #0x00]
	ldr r1, [r3, #0x00]
	ldrb r0, [r1, #0x01]
	movs r2, #0x20
	orrs r0, r2
	strb r0, [r1, #0x01]
	ldr r0, [r3, #0x00]
	adds r0, #0x40
	movs r5, #0x10
	negs r5, r5
	strb r5, [r0, #0x00]
	ldr r0, [r3, #0x00]
	adds r0, #0x41
	mov r1, r10
	strb r1, [r0, #0x00]
	ldr r0, [r3, #0x00]
	adds r0, #0x44
	movs r2, #0x50
	strb r2, [r0, #0x00]
	ldr r0, [r3, #0x00]
	adds r0, #0x45
	strb r1, [r0, #0x00]
	ldr r1, [r3, #0x00]
	adds r1, #0x48
	ldrb r2, [r1, #0x00]
	adds r5, #0x0E
	mov r9, r5
	mov r0, r9
	ands r0, r2
	strb r0, [r1, #0x00]
	ldr r1, [r3, #0x00]
	adds r1, #0x48
	ldrb r2, [r1, #0x00]
	movs r0, #0x03
	negs r0, r0
	mov r8, r0
	ands r0, r2
	strb r0, [r1, #0x00]
	ldr r1, [r3, #0x00]
	adds r1, #0x48
	ldrb r2, [r1, #0x00]
	movs r0, #0x05
	negs r0, r0
	ands r0, r2
	strb r0, [r1, #0x00]
	ldr r1, [r3, #0x00]
	adds r1, #0x48
	ldrb r2, [r1, #0x00]
	subs r5, #0x07
	adds r0, r5, #0x0
	ands r0, r2
	strb r0, [r1, #0x00]
	ldr r1, [r3, #0x00]
	adds r1, #0x48
	ldrb r0, [r1, #0x00]
	movs r2, #0x10
	mov r12, r2
	mov r2, r12
	orrs r0, r2
	strb r0, [r1, #0x00]
	ldr r1, [r3, #0x00]
	adds r1, #0x48
	ldrb r2, [r1, #0x00]
	movs r4, #0x21
	negs r4, r4
	adds r0, r4, #0x0
	ands r0, r2
	strb r0, [r1, #0x00]
	ldr r2, [r3, #0x00]
	ldrb r0, [r2, #0x01]
	movs r1, #0x40
	orrs r0, r1
	strb r0, [r2, #0x01]
	ldr r0, [r3, #0x00]
	adds r0, #0x42
	movs r1, #0x10
	negs r1, r1
	strb r1, [r0, #0x00]
	ldr r0, [r3, #0x00]
	adds r0, #0x43
	mov r2, r10
	strb r2, [r0, #0x00]
	ldr r0, [r3, #0x00]
	adds r0, #0x46
	movs r1, #0xA0
	strb r1, [r0, #0x00]
	ldr r0, [r3, #0x00]
	adds r0, #0x47
	movs r1, #0x50
	strb r1, [r0, #0x00]
	ldr r0, [r3, #0x00]
	adds r0, #0x49
	ldrb r1, [r0, #0x00]
	mov r2, r9
	ands r2, r1
	strb r2, [r0, #0x00]
	ldr r0, [r3, #0x00]
	adds r0, #0x49
	ldrb r1, [r0, #0x00]
	mov r2, r8
	ands r2, r1
	strb r2, [r0, #0x00]
	ldr r0, [r3, #0x00]
	adds r0, #0x49
	ldrb r1, [r0, #0x00]
	movs r2, #0x05
	negs r2, r2
	ands r2, r1
	strb r2, [r0, #0x00]
	ldr r0, [r3, #0x00]
	adds r0, #0x49
	ldrb r1, [r0, #0x00]
	ands r5, r1
	strb r5, [r0, #0x00]
	ldr r1, [r3, #0x00]
	adds r1, #0x49
	ldrb r0, [r1, #0x00]
	mov r2, r12
	orrs r0, r2
	strb r0, [r1, #0x00]
	ldr r0, [r3, #0x00]
	adds r0, #0x49
	ldrb r1, [r0, #0x00]
	ands r4, r1
	strb r4, [r0, #0x00]
	ldr r1, [r3, #0x00]
	adds r1, #0x4A
	ldrb r0, [r1, #0x00]
	movs r2, #0x01
	orrs r0, r2
	strb r0, [r1, #0x00]
	ldr r1, [r3, #0x00]
	adds r1, #0x4A
	ldrb r0, [r1, #0x00]
	movs r2, #0x02
	orrs r0, r2
	strb r0, [r1, #0x00]
	ldr r1, [r3, #0x00]
	adds r1, #0x4A
	ldrb r0, [r1, #0x00]
	movs r2, #0x04
	orrs r0, r2
	strb r0, [r1, #0x00]
	ldr r1, [r3, #0x00]
	adds r1, #0x4A
	ldrb r0, [r1, #0x00]
	movs r2, #0x08
	orrs r0, r2
	strb r0, [r1, #0x00]
	ldr r1, [r3, #0x00]
	adds r1, #0x4A
	ldrb r0, [r1, #0x00]
	mov r5, r12
	orrs r0, r5
	strb r0, [r1, #0x00]
	ldr r1, [r3, #0x00]
	adds r1, #0x4A
	ldrb r0, [r1, #0x00]
	movs r2, #0x20
	orrs r0, r2
	strb r0, [r1, #0x00]
	movs r3, #0xAE
	lsls r3, r3, #0x02
	adds r0, r7, r3
	ldr r0, [r0, #0x00]
	bl process_enable
	movs r2, #0x80
	lsls r2, r2, #0x12
	ldrh r0, [r2, #0x00]
	movs r5, #0xBA
	lsls r5, r5, #0x05
	adds r1, r5, #0x0
	orrs r0, r1
	strh r0, [r2, #0x00]
	movs r0, #0x01
	bl _0813105C
_081301AC:
	lsls r4, r1, #0x0D
	lsls r0, r0, #0x0C
_081301B0:
	lsrs r4, r0, #0x02
	lsls r0, r0, #0x00
_081301B4:
	.2byte 0xEC80
	lsrs r1, r7, #0x20
_081301B8:
	movs r3, #0xC2
	lsls r3, r3, #0x02
	adds r0, r7, r3
	ldr r0, [r0, #0x00]
	ldrh r1, [r0, #0x00]
	ldr r0, _081301F8 @ =0x0000FFFF
	cmp r1, r0
	bne _081301CC
	bl _0813105E
_081301CC:
	movs r2, #0xC1
	lsls r2, r2, #0x02
	adds r0, r7, r2
	ldrh r0, [r0, #0x00]
	cmp r0, r1
	beq _081301DC
	bl _08130FC4
_081301DC:
	adds r0, r7, r3
	ldr r0, [r0, #0x00]
	ldrh r0, [r0, #0x02]
	str r0, [sp, #0x038]
	cmp r0, #0x22
	bls _081301EC
	bl _08130F9C
_081301EC:
	lsls r0, r0, #0x02
	ldr r1, _081301FC @ =0x08130200
	adds r0, r0, r1
	ldr r0, [r0, #0x00]
	mov pc, r0
	.byte 0x00, 0x00
_081301F8: .4byte 0x0000FFFF
_081301FC: .4byte 0x08130200
	.byte 0x8C, 0x02, 0x13, 0x08, 0x04, 0x06, 0x13, 0x08, 0x22, 0x06, 0x13, 0x08, 0x32, 0x06, 0x13, 0x08
	.byte 0x3C, 0x06, 0x13, 0x08, 0x52, 0x06, 0x13, 0x08, 0x6E, 0x06, 0x13, 0x08, 0xF4, 0x06, 0x13, 0x08
	.byte 0x50, 0x08, 0x13, 0x08, 0x7A, 0x08, 0x13, 0x08, 0x90, 0x08, 0x13, 0x08, 0x98, 0x08, 0x13, 0x08
	.byte 0xDC, 0x08, 0x13, 0x08, 0xFC, 0x08, 0x13, 0x08, 0x10, 0x09, 0x13, 0x08, 0x16, 0x09, 0x13, 0x08
	.byte 0x22, 0x09, 0x13, 0x08, 0x38, 0x09, 0x13, 0x08, 0x4C, 0x09, 0x13, 0x08, 0x84, 0x09, 0x13, 0x08
	.byte 0x9C, 0x0B, 0x13, 0x08, 0xC4, 0x0B, 0x13, 0x08, 0xE0, 0x0B, 0x13, 0x08, 0x10, 0x0C, 0x13, 0x08
	.byte 0x28, 0x0C, 0x13, 0x08, 0xA8, 0x0D, 0x13, 0x08, 0x6C, 0x0E, 0x13, 0x08, 0x72, 0x0E, 0x13, 0x08
	.byte 0x78, 0x0E, 0x13, 0x08, 0x82, 0x0E, 0x13, 0x08, 0x14, 0x0F, 0x13, 0x08, 0x38, 0x0F, 0x13, 0x08
	.byte 0x58, 0x0F, 0x13, 0x08, 0x7A, 0x0F, 0x13, 0x08, 0x8E, 0x0F, 0x13, 0x08, 0xC2, 0x23, 0x9B, 0x00
	.byte 0xF8, 0x18, 0x00, 0x68, 0x86, 0x88, 0x11, 0x2E, 0x17, 0xD1, 0x1A, 0x48, 0x00, 0x68, 0xE3, 0x25
	.byte 0xAD, 0x00, 0x40, 0x19, 0x18, 0x4A, 0x00, 0x21, 0xB9, 0xF7, 0x0A, 0xFB, 0x00, 0x06, 0x00, 0x0E
	.byte 0x01, 0x22, 0x12, 0x1A, 0x51, 0x00, 0x89, 0x18, 0x82, 0x22, 0xD2, 0x00, 0xB8, 0x18, 0x00, 0x68
	.byte 0x00, 0x22, 0x00, 0x92, 0x00, 0x23, 0xED, 0xF6, 0x43, 0xFF, 0xB5, 0x00, 0xF3, 0x23, 0x9B, 0x00
	.byte 0xFC, 0x18, 0x64, 0x19, 0x20, 0x68, 0xF0, 0xF6, 0xF1, 0xFC, 0x23, 0x68, 0x99, 0x8A, 0x0B, 0x4A
	.byte 0x70, 0x00, 0x80, 0x19, 0x80, 0x00, 0x0A, 0x30, 0x80, 0x18, 0x00, 0x88, 0x81, 0x40, 0x99, 0x82
	.byte 0xA8, 0x46, 0x22, 0x2E, 0x01, 0xD9, 0x00, 0xF0, 0x51, 0xFE, 0x05, 0x48, 0x40, 0x44, 0x00, 0x68
	.byte 0x87, 0x46, 0x00, 0x00, 0xC0, 0x0F, 0x00, 0x03, 0x97, 0x02, 0x00, 0x00, 0x36, 0x16, 0x3C, 0x08
	.byte 0x14, 0x03, 0x13, 0x08, 0x98, 0x04, 0x13, 0x08, 0xA0, 0x03, 0x13, 0x08, 0x9C, 0x0F, 0x13, 0x08
	.byte 0x9C, 0x0F, 0x13, 0x08, 0x9C, 0x0F, 0x13, 0x08, 0x9C, 0x0F, 0x13, 0x08, 0x40, 0x04, 0x13, 0x08
	.byte 0x9C, 0x0F, 0x13, 0x08, 0x9C, 0x0F, 0x13, 0x08, 0x9C, 0x0F, 0x13, 0x08, 0x9C, 0x0F, 0x13, 0x08
	.byte 0x9C, 0x0F, 0x13, 0x08, 0x9C, 0x0F, 0x13, 0x08, 0x9C, 0x0F, 0x13, 0x08, 0x9C, 0x0F, 0x13, 0x08
	.byte 0x9C, 0x0F, 0x13, 0x08, 0x9C, 0x0F, 0x13, 0x08, 0x9C, 0x0F, 0x13, 0x08, 0x9C, 0x0F, 0x13, 0x08
	.byte 0x9C, 0x0F, 0x13, 0x08, 0x9C, 0x0F, 0x13, 0x08, 0x9C, 0x0F, 0x13, 0x08, 0x9C, 0x0F, 0x13, 0x08
	.byte 0x9C, 0x0F, 0x13, 0x08, 0x9C, 0x0F, 0x13, 0x08, 0x9C, 0x0F, 0x13, 0x08, 0x9C, 0x0F, 0x13, 0x08
	.byte 0x9C, 0x0F, 0x13, 0x08, 0x9C, 0x0F, 0x13, 0x08, 0x9C, 0x0F, 0x13, 0x08, 0x98, 0x05, 0x13, 0x08
	.byte 0x9C, 0x0F, 0x13, 0x08, 0x98, 0x05, 0x13, 0x08, 0x9C, 0x0F, 0x13, 0x08, 0x98, 0x05, 0x13, 0x08
	.byte 0x39, 0x7F, 0x04, 0x20, 0x08, 0x40, 0x00, 0x28, 0x26, 0xD1, 0xAA, 0x25, 0xAD, 0x00, 0x78, 0x19
	.byte 0x0F, 0x4C, 0x80, 0x23, 0x5B, 0x00, 0x21, 0x1C, 0x12, 0x22, 0xEB, 0xF6, 0xC5, 0xF9, 0xF3, 0x21
	.byte 0x89, 0x00, 0x78, 0x18, 0x40, 0x44, 0x01, 0x68, 0x60, 0x88, 0x48, 0x80, 0xBE, 0x22, 0x52, 0x00
	.byte 0xB9, 0x18, 0x41, 0x44, 0x02, 0x23, 0xE0, 0x5E, 0x00, 0x02, 0x08, 0x60, 0x10, 0x35, 0x78, 0x19
	.byte 0x00, 0x68, 0x04, 0x49, 0xE4, 0xF7, 0x8A, 0xFF, 0x38, 0x85, 0x00, 0xF0, 0xD7, 0xFD, 0x00, 0x00
	.byte 0xB6, 0x19, 0x3C, 0x08, 0x12, 0xA0, 0x00, 0x00, 0xAA, 0x21, 0x89, 0x00, 0x78, 0x18, 0x0F, 0x4C
	.byte 0x80, 0x23, 0x5B, 0x00, 0x21, 0x1C, 0x0F, 0x22, 0xEB, 0xF6, 0x9E, 0xF9, 0xF3, 0x22, 0x92, 0x00
	.byte 0xB8, 0x18, 0x40, 0x44, 0x01, 0x68, 0x60, 0x88, 0x48, 0x80, 0xBE, 0x23, 0x5B, 0x00, 0xF9, 0x18
	.byte 0x41, 0x44, 0x02, 0x25, 0x60, 0x5F, 0x00, 0x02, 0x08, 0x60, 0xAE, 0x21, 0x89, 0x00, 0x78, 0x18
	.byte 0x00, 0x68, 0x00, 0x21, 0xE6, 0xF7, 0x0E, 0xF9, 0x00, 0xF0, 0xB0, 0xFD, 0xFE, 0x19, 0x3C, 0x08
	.byte 0x14, 0x4C, 0x22, 0x68, 0x51, 0x32, 0x10, 0x78, 0x02, 0x21, 0x08, 0x43, 0x10, 0x70, 0x21, 0x68
	.byte 0x51, 0x31, 0x08, 0x78, 0x04, 0x25, 0x28, 0x43, 0x08, 0x70, 0x22, 0x68, 0x50, 0x32, 0x11, 0x78
	.byte 0x3F, 0x20, 0x08, 0x40, 0x40, 0x21, 0x08, 0x43, 0x10, 0x70, 0x23, 0x68, 0x52, 0x33, 0x19, 0x78
	.byte 0x20, 0x22, 0x52, 0x42, 0x10, 0x1C, 0x08, 0x40, 0x06, 0x21, 0x08, 0x43, 0x18, 0x70, 0x21, 0x68
	.byte 0x53, 0x31, 0x08, 0x78, 0x02, 0x40, 0x0B, 0x20, 0x02, 0x43, 0x0A, 0x70, 0xF3, 0x22, 0x92, 0x00
	.byte 0xB8, 0x18, 0xAA, 0xE0, 0x80, 0xEC, 0x39, 0x08, 0x3E, 0x4C, 0x21, 0x68, 0x50, 0x31, 0x0A, 0x78
	.byte 0x02, 0x20, 0x40, 0x42, 0x10, 0x40, 0x08, 0x70, 0x21, 0x68, 0x50, 0x31, 0x0A, 0x78, 0x03, 0x20
	.byte 0x40, 0x42, 0x10, 0x40, 0x08, 0x70, 0x21, 0x68, 0x50, 0x31, 0x0A, 0x78, 0x05, 0x20, 0x40, 0x42
	.byte 0x10, 0x40, 0x08, 0x70, 0x21, 0x68, 0x50, 0x31, 0x0A, 0x78, 0x09, 0x20, 0x40, 0x42, 0x10, 0x40
	.byte 0x08, 0x70, 0x21, 0x68, 0x50, 0x31, 0x0A, 0x78, 0x11, 0x25, 0x6D, 0x42, 0x28, 0x1C, 0x10, 0x40
	.byte 0x08, 0x70, 0x21, 0x68, 0x50, 0x31, 0x0A, 0x78, 0x21, 0x23, 0x5B, 0x42, 0x18, 0x1C, 0x10, 0x40
	.byte 0x08, 0x70, 0x22, 0x68, 0x50, 0x32, 0x11, 0x78, 0x3F, 0x20, 0x08, 0x40, 0x40, 0x21, 0x08, 0x43
	.byte 0x10, 0x70, 0x22, 0x68, 0x51, 0x32, 0x10, 0x78, 0x01, 0x21, 0x08, 0x43, 0x10, 0x70, 0x22, 0x68
	.byte 0x51, 0x32, 0x10, 0x78, 0x02, 0x21, 0x08, 0x43, 0x10, 0x70, 0x21, 0x68, 0x51, 0x31, 0x08, 0x78
	.byte 0x04, 0x22, 0x91, 0x46, 0x4A, 0x46, 0x10, 0x43, 0x08, 0x70, 0x22, 0x68, 0x51, 0x32, 0x10, 0x78
	.byte 0x08, 0x21, 0x08, 0x43, 0x10, 0x70, 0x20, 0x68, 0x51, 0x30, 0x01, 0x78, 0x0D, 0x40, 0x05, 0x70
	.byte 0x20, 0x68, 0x51, 0x30, 0x01, 0x78, 0x0B, 0x40, 0x03, 0x70, 0x22, 0x68, 0x52, 0x32, 0x13, 0x78
	.byte 0x20, 0x21, 0x49, 0x42, 0x08, 0x1C, 0x18, 0x40, 0x10, 0x70, 0x22, 0x68, 0x53, 0x32, 0x10, 0x78
	.byte 0x01, 0x40, 0x10, 0x20, 0x01, 0x43, 0x11, 0x70, 0xF3, 0x23, 0x9B, 0x00, 0xF8, 0x18, 0x40, 0x44
	.byte 0x02, 0x68, 0x51, 0x7C, 0x0D, 0x20, 0x40, 0x42, 0x08, 0x40, 0x4D, 0x46, 0x28, 0x43, 0x50, 0x74
	.byte 0x39, 0x1C, 0x23, 0x31, 0x07, 0x20, 0x08, 0x70, 0x3C, 0x20, 0xF8, 0x84, 0xB8, 0x84, 0x00, 0xF0
	.byte 0x05, 0xFD, 0x00, 0x00, 0x80, 0xEC, 0x39, 0x08, 0x19, 0x4C, 0x22, 0x68, 0x51, 0x32, 0x10, 0x78
	.byte 0x02, 0x21, 0x08, 0x43, 0x10, 0x70, 0x21, 0x68, 0x51, 0x31, 0x08, 0x78, 0x04, 0x25, 0x28, 0x43
	.byte 0x08, 0x70, 0x22, 0x68, 0x50, 0x32, 0x11, 0x78, 0x3F, 0x20, 0x08, 0x40, 0x40, 0x21, 0x08, 0x43
	.byte 0x10, 0x70, 0x23, 0x68, 0x52, 0x33, 0x19, 0x78, 0x20, 0x22, 0x52, 0x42, 0x10, 0x1C, 0x08, 0x40
	.byte 0x0C, 0x21, 0x08, 0x43, 0x18, 0x70, 0x21, 0x68, 0x53, 0x31, 0x08, 0x78, 0x02, 0x40, 0x0A, 0x20
	.byte 0x02, 0x43, 0x0A, 0x70, 0xF3, 0x21, 0x89, 0x00, 0x78, 0x18, 0x40, 0x44, 0x02, 0x68, 0x51, 0x7C
	.byte 0x0D, 0x20, 0x40, 0x42, 0x08, 0x40, 0x28, 0x43, 0x50, 0x74, 0x00, 0xF0, 0xCF, 0xFC, 0x00, 0x00
	.byte 0x80, 0xEC, 0x39, 0x08, 0xC2, 0x22, 0x92, 0x00, 0xB8, 0x18, 0x00, 0x68, 0x81, 0x88, 0x89, 0x00
	.byte 0xF3, 0x23, 0x9B, 0x00, 0xF8, 0x18, 0x40, 0x18, 0x00, 0x68, 0xF1, 0xF6, 0x81, 0xFC, 0x00, 0xF0
	.byte 0xBD, 0xFC, 0x01, 0x22, 0x52, 0x42, 0x00, 0x20, 0x28, 0x21, 0xE8, 0xF6, 0x6D, 0xFE, 0x00, 0xF0
	.byte 0xB5, 0xFC, 0x00, 0x20, 0xE8, 0xF6, 0xF8, 0xFF, 0x00, 0xF0, 0xB0, 0xFC, 0xC2, 0x25, 0xAD, 0x00
	.byte 0x78, 0x19, 0x00, 0x68, 0x02, 0x79, 0x00, 0x20, 0x00, 0x21, 0xE8, 0xF6, 0xB3, 0xFE, 0x00, 0xF0
	.byte 0xA5, 0xFC, 0x39, 0x1C, 0x23, 0x31, 0x01, 0x20, 0x08, 0x70, 0xC2, 0x21, 0x89, 0x00, 0x78, 0x18
	.byte 0x01, 0x68, 0x88, 0x88, 0xF8, 0x84, 0x88, 0x88, 0xB8, 0x84, 0x00, 0xF0, 0x97, 0xFC, 0x39, 0x1C
	.byte 0x23, 0x31, 0x04, 0x24, 0x04, 0x20, 0x08, 0x70, 0xC2, 0x22, 0x92, 0x00, 0xB8, 0x18, 0x01, 0x68
	.byte 0x88, 0x88, 0xF8, 0x84, 0x88, 0x88, 0xB8, 0x84, 0x19, 0x4B, 0x1A, 0x68, 0x50, 0x32, 0x10, 0x78
	.byte 0x01, 0x21, 0x08, 0x43, 0x10, 0x70, 0x1A, 0x68, 0x50, 0x32, 0x10, 0x78, 0x02, 0x21, 0x08, 0x43
	.byte 0x10, 0x70, 0x19, 0x68, 0x50, 0x31, 0x08, 0x78, 0x20, 0x43, 0x08, 0x70, 0x1A, 0x68, 0x50, 0x32
	.byte 0x10, 0x78, 0x08, 0x21, 0x08, 0x43, 0x10, 0x70, 0x1A, 0x68, 0x50, 0x32, 0x10, 0x78, 0x10, 0x21
	.byte 0x08, 0x43, 0x10, 0x70, 0x1A, 0x68, 0x50, 0x32, 0x10, 0x78, 0x20, 0x21, 0x08, 0x43, 0x10, 0x70
	.byte 0x1A, 0x68, 0x50, 0x32, 0x10, 0x78, 0xC0, 0x21, 0x08, 0x43, 0x10, 0x70, 0x19, 0x68, 0x54, 0x31
	.byte 0x0A, 0x78, 0x20, 0x20, 0x40, 0x42, 0x10, 0x40, 0x08, 0x70, 0x00, 0xF0, 0x57, 0xFC, 0x00, 0x00
	.byte 0x80, 0xEC, 0x39, 0x08, 0x41, 0x4B, 0x98, 0x46, 0x19, 0x68, 0x50, 0x31, 0x0A, 0x78, 0x02, 0x25
	.byte 0x6D, 0x42, 0xA9, 0x46, 0x48, 0x46, 0x10, 0x40, 0x08, 0x70, 0x1A, 0x68, 0x50, 0x32, 0x10, 0x78
	.byte 0x02, 0x21, 0x08, 0x43, 0x10, 0x70, 0x19, 0x68, 0x50, 0x31, 0x0A, 0x78, 0x05, 0x20, 0x40, 0x42
	.byte 0x10, 0x40, 0x08, 0x70, 0x19, 0x68, 0x50, 0x31, 0x0A, 0x78, 0x07, 0x3D, 0x28, 0x1C, 0x10, 0x40
	.byte 0x08, 0x70, 0x19, 0x68, 0x50, 0x31, 0x0A, 0x78, 0x11, 0x24, 0x64, 0x42, 0x20, 0x1C, 0x10, 0x40
	.byte 0x08, 0x70, 0x19, 0x68, 0x50, 0x31, 0x0A, 0x78, 0x21, 0x23, 0x5B, 0x42, 0x18, 0x1C, 0x10, 0x40
	.byte 0x08, 0x70, 0x40, 0x46, 0x02, 0x68, 0x50, 0x32, 0x11, 0x78, 0x3F, 0x20, 0x08, 0x40, 0x40, 0x21
	.byte 0x08, 0x43, 0x10, 0x70, 0x41, 0x46, 0x08, 0x68, 0x51, 0x30, 0x01, 0x78, 0x4A, 0x46, 0x0A, 0x40
	.byte 0x02, 0x70, 0x42, 0x46, 0x11, 0x68, 0x51, 0x31, 0x0A, 0x78, 0x03, 0x20, 0x40, 0x42, 0x10, 0x40
	.byte 0x08, 0x70, 0x40, 0x46, 0x02, 0x68, 0x51, 0x32, 0x10, 0x78, 0x04, 0x21, 0x08, 0x43, 0x10, 0x70
	.byte 0x41, 0x46, 0x08, 0x68, 0x51, 0x30, 0x01, 0x78, 0x0D, 0x40, 0x05, 0x70, 0x42, 0x46, 0x10, 0x68
	.byte 0x51, 0x30, 0x01, 0x78, 0x0C, 0x40, 0x04, 0x70, 0x10, 0x68, 0x51, 0x30, 0x01, 0x78, 0x0B, 0x40
	.byte 0x03, 0x70, 0x3A, 0x1C, 0x22, 0x32, 0x11, 0x78, 0x01, 0x20, 0x08, 0x40, 0x14, 0x1C, 0x00, 0x28
	.byte 0x1E, 0xD0, 0x45, 0x46, 0x2B, 0x68, 0x52, 0x33, 0x19, 0x78, 0x20, 0x22, 0x52, 0x42, 0x10, 0x1C
	.byte 0x08, 0x40, 0x10, 0x21, 0x08, 0x43, 0x18, 0x70, 0x28, 0x68, 0x53, 0x30, 0x01, 0x78, 0x0A, 0x40
	.byte 0x02, 0x70, 0x80, 0x22, 0x92, 0x04, 0x10, 0x88, 0x80, 0x23, 0xDB, 0x00, 0x19, 0x1C, 0x08, 0x43
	.byte 0x10, 0x80, 0x39, 0x1C, 0x23, 0x31, 0x02, 0x20, 0x1D, 0xE0, 0x00, 0x00, 0x80, 0xEC, 0x39, 0x08
	.byte 0x45, 0x46, 0x2A, 0x68, 0x52, 0x32, 0x13, 0x78, 0x20, 0x21, 0x49, 0x42, 0x08, 0x1C, 0x18, 0x40
	.byte 0x10, 0x70, 0x2A, 0x68, 0x53, 0x32, 0x10, 0x78, 0x01, 0x40, 0x10, 0x20, 0x01, 0x43, 0x11, 0x70
	.byte 0x80, 0x22, 0x92, 0x04, 0x10, 0x88, 0x80, 0x23, 0x9B, 0x00, 0x19, 0x1C, 0x08, 0x43, 0x10, 0x80
	.byte 0x39, 0x1C, 0x23, 0x31, 0x03, 0x20, 0x08, 0x70, 0xC2, 0x25, 0xAD, 0x00, 0x78, 0x19, 0x01, 0x68
	.byte 0x88, 0x88, 0xF8, 0x84, 0x88, 0x88, 0xB8, 0x84, 0x20, 0x78, 0x01, 0x30, 0x20, 0x70, 0xA5, 0xE3
	.byte 0xAE, 0x21, 0x89, 0x00, 0x78, 0x18, 0x00, 0x68, 0xC2, 0x22, 0x92, 0x00, 0xB9, 0x18, 0x0A, 0x68
	.byte 0x93, 0x88, 0x11, 0x89, 0x00, 0x91, 0xD1, 0x88, 0x01, 0x91, 0x00, 0x21, 0x02, 0x91, 0x03, 0x91
	.byte 0x04, 0x21, 0x00, 0x22, 0xE4, 0xF7, 0xB6, 0xFC, 0x90, 0xE3, 0x38, 0x7F, 0x02, 0x21, 0x08, 0x43
	.byte 0x38, 0x77, 0x02, 0x49, 0x00, 0x20, 0x08, 0x80, 0x88, 0xE3, 0x00, 0x00, 0x0E, 0x10, 0x00, 0x03
	.byte 0x39, 0x7F, 0x03, 0x20, 0x40, 0x42, 0x41, 0xE0, 0x0E, 0x4B, 0x1A, 0x68, 0x10, 0x78, 0x01, 0x21
	.byte 0x08, 0x43, 0x10, 0x70, 0x1A, 0x68, 0x11, 0x78, 0x03, 0x20, 0x40, 0x42, 0x08, 0x40, 0x10, 0x70
	.byte 0x1A, 0x68, 0x10, 0x78, 0x04, 0x21, 0x08, 0x43, 0x10, 0x70, 0x1A, 0x68, 0x11, 0x78, 0x19, 0x20
	.byte 0x40, 0x42, 0x08, 0x40, 0x08, 0x21, 0x08, 0x43, 0x10, 0x70, 0x03, 0x49, 0x02, 0x20, 0xE8, 0xF6
	.byte 0x53, 0xF9, 0x63, 0xE3, 0x08, 0x10, 0x00, 0x03, 0xD9, 0x22, 0x13, 0x08, 0x06, 0x48, 0x03, 0x68
	.byte 0x1A, 0x78, 0x90, 0x07, 0xC0, 0x0F, 0x01, 0x21, 0x41, 0x40, 0x49, 0x00, 0x03, 0x20, 0x40, 0x42
	.byte 0x10, 0x40, 0x08, 0x43, 0x18, 0x70, 0x51, 0xE3, 0x08, 0x10, 0x00, 0x03, 0x03, 0x48, 0x02, 0x68
	.byte 0x11, 0x78, 0x02, 0x20, 0x40, 0x42, 0x08, 0x40, 0x10, 0x70, 0x47, 0xE3, 0x08, 0x10, 0x00, 0x03
	.byte 0x38, 0x7F, 0x01, 0x21, 0xB2, 0xE2, 0x39, 0x7F, 0x02, 0x20, 0x40, 0x42, 0x08, 0x40, 0x38, 0x77
	.byte 0x3C, 0xE3, 0xF8, 0x8B, 0x01, 0x30, 0xF8, 0x83, 0xAF, 0x23, 0x9B, 0x00, 0xF8, 0x18, 0x00, 0x68
	.byte 0xF9, 0x8B, 0x2D, 0xF7, 0x67, 0xF8, 0x31, 0xE3, 0x9B, 0x25, 0xAD, 0x00, 0x78, 0x19, 0x00, 0x68
	.byte 0x01, 0x49, 0x80, 0x22, 0x92, 0x01, 0x15, 0xE0, 0x00, 0x80, 0x00, 0x06, 0xC2, 0x21, 0x89, 0x00
	.byte 0x78, 0x18, 0x00, 0x68, 0x81, 0x88, 0x8A, 0x00, 0x9C, 0x23, 0x9B, 0x00, 0xF8, 0x18, 0x80, 0x18
	.byte 0x00, 0x68, 0x07, 0x4A, 0x49, 0x00, 0x89, 0x18, 0x09, 0x88, 0xC0, 0x22, 0xD2, 0x04, 0x89, 0x18
	.byte 0x80, 0x22, 0x52, 0x01, 0x00, 0x23, 0x00, 0x93, 0x20, 0x23, 0xE7, 0xF6, 0x4D, 0xFC, 0x0D, 0xE3
	.byte 0x18, 0x83, 0x3C, 0x08, 0x12, 0x4D, 0xC2, 0x20, 0x80, 0x00, 0x3C, 0x18, 0x20, 0x68, 0x81, 0x88
	.byte 0xC8, 0x00, 0x40, 0x19, 0x06, 0x88, 0xB2, 0x00, 0x0E, 0x48, 0x13, 0x18, 0x89, 0x00, 0x01, 0x31
	.byte 0x49, 0x00, 0x49, 0x19, 0x08, 0x88, 0x18, 0x80, 0x0B, 0x49, 0x52, 0x18, 0x20, 0x68, 0x80, 0x88
	.byte 0x80, 0x00, 0x02, 0x30, 0x40, 0x00, 0x40, 0x19, 0x00, 0x88, 0x10, 0x80, 0x20, 0x68, 0x80, 0x88
	.byte 0x03, 0x28, 0x15, 0xD0, 0x03, 0x28, 0x09, 0xDC, 0x00, 0x28, 0x0A, 0xD0, 0xA1, 0xE0, 0x00, 0x00
	.byte 0x42, 0x1A, 0x3C, 0x08, 0x10, 0x00, 0x00, 0x02, 0x12, 0x00, 0x00, 0x02, 0x04, 0x28, 0x1D, 0xD0
	.byte 0x97, 0xE0, 0x98, 0x22, 0x92, 0x00, 0xB9, 0x18, 0x68, 0x88, 0x00, 0x02, 0x08, 0x60, 0x90, 0xE0
	.byte 0x09, 0x4A, 0x11, 0x68, 0x48, 0x31, 0x08, 0x78, 0x08, 0x23, 0x18, 0x43, 0x08, 0x70, 0x11, 0x68
	.byte 0x49, 0x31, 0x08, 0x78, 0x18, 0x43, 0x08, 0x70, 0x11, 0x68, 0x4A, 0x31, 0x0A, 0x78, 0x09, 0x20
	.byte 0x40, 0x42, 0x10, 0x40, 0x08, 0x70, 0x7C, 0xE0, 0x80, 0xEC, 0x39, 0x08, 0x41, 0x4A, 0x42, 0x49
	.byte 0x42, 0x48, 0x09, 0x1A, 0x10, 0x68, 0x43, 0x18, 0x41, 0x4D, 0x42, 0x49, 0x68, 0x18, 0x01, 0x78
	.byte 0x06, 0x20, 0x08, 0x40, 0x40, 0x4A, 0x00, 0x28, 0x00, 0xD1, 0x40, 0x4A, 0x40, 0x49, 0x10, 0x1C
	.byte 0x20, 0x22, 0xAA, 0xF0, 0x17, 0xF8, 0x69, 0x88, 0x02, 0x20, 0x00, 0x24, 0x08, 0x43, 0x68, 0x80
	.byte 0x3C, 0x4B, 0x1A, 0x68, 0x50, 0x78, 0x20, 0x21, 0x08, 0x43, 0x50, 0x70, 0x18, 0x68, 0x40, 0x30
	.byte 0xF0, 0x21, 0x01, 0x70, 0x18, 0x68, 0x41, 0x30, 0x04, 0x70, 0x18, 0x68, 0x44, 0x30, 0xA0, 0x21
	.byte 0x01, 0x70, 0x18, 0x68, 0x45, 0x30, 0x68, 0x21, 0x01, 0x70, 0x19, 0x68, 0x48, 0x31, 0x0A, 0x78
	.byte 0x02, 0x20, 0x40, 0x42, 0x10, 0x40, 0x08, 0x70, 0x19, 0x68, 0x48, 0x31, 0x0A, 0x78, 0x03, 0x20
	.byte 0x40, 0x42, 0x10, 0x40, 0x08, 0x70, 0x19, 0x68, 0x48, 0x31, 0x0A, 0x78, 0x05, 0x20, 0x40, 0x42
	.byte 0x10, 0x40, 0x08, 0x70, 0x19, 0x68, 0x48, 0x31, 0x0A, 0x78, 0x09, 0x20, 0x40, 0x42, 0x10, 0x40
	.byte 0x08, 0x70, 0x19, 0x68, 0x48, 0x31, 0x08, 0x78, 0x10, 0x25, 0x28, 0x43, 0x08, 0x70, 0x19, 0x68
	.byte 0x48, 0x31, 0x0A, 0x78, 0x21, 0x24, 0x64, 0x42, 0x20, 0x1C, 0x10, 0x40, 0x08, 0x70, 0x1A, 0x68
	.byte 0x4A, 0x32, 0x10, 0x78, 0x01, 0x21, 0x08, 0x43, 0x10, 0x70, 0x1A, 0x68, 0x4A, 0x32, 0x10, 0x78
	.byte 0x02, 0x21, 0x08, 0x43, 0x10, 0x70, 0x1A, 0x68, 0x4A, 0x32, 0x10, 0x78, 0x04, 0x21, 0x08, 0x43
	.byte 0x10, 0x70, 0x1A, 0x68, 0x4A, 0x32, 0x10, 0x78, 0x08, 0x21, 0x08, 0x43, 0x10, 0x70, 0x19, 0x68
	.byte 0x4A, 0x31, 0x08, 0x78, 0x28, 0x43, 0x08, 0x70, 0x18, 0x68, 0x4A, 0x30, 0x01, 0x78, 0x0C, 0x40
	.byte 0x04, 0x70, 0x01, 0x2E, 0x1A, 0xD1, 0x0C, 0x48, 0x02, 0x68, 0x11, 0x78, 0x05, 0x20, 0x40, 0x42
	.byte 0x1B, 0xE0, 0x00, 0x00, 0x34, 0x10, 0x00, 0x03, 0x54, 0x81, 0x19, 0x08, 0xD8, 0x80, 0x19, 0x08
	.byte 0x4C, 0x03, 0x00, 0x03, 0x88, 0x08, 0x00, 0x00, 0x90, 0x82, 0x3C, 0x08, 0x50, 0x82, 0x3C, 0x08
	.byte 0xA0, 0x00, 0x00, 0x02, 0x80, 0xEC, 0x39, 0x08, 0x08, 0x10, 0x00, 0x03, 0x02, 0x2E, 0x06, 0xD1
	.byte 0x0F, 0x48, 0x02, 0x68, 0x11, 0x78, 0x19, 0x20, 0x40, 0x42, 0x08, 0x40, 0x10, 0x70, 0x71, 0x00
	.byte 0x0C, 0x4A, 0x89, 0x18, 0x0C, 0x4A, 0xC2, 0x23, 0x9B, 0x00, 0xF8, 0x18, 0x00, 0x68, 0x80, 0x88
	.byte 0x80, 0x00, 0x03, 0x30, 0x40, 0x00, 0x80, 0x18, 0x00, 0x88, 0x08, 0x80, 0x80, 0x22, 0x92, 0x04
	.byte 0x80, 0x20, 0x40, 0x00, 0xB0, 0x40, 0x11, 0x88, 0x08, 0x43, 0x10, 0x80, 0x06, 0xE2, 0x00, 0x00
	.byte 0x08, 0x10, 0x00, 0x03, 0x08, 0x00, 0x00, 0x02, 0x42, 0x1A, 0x3C, 0x08, 0x80, 0x22, 0x92, 0x04
	.byte 0x07, 0x49, 0xC2, 0x25, 0xAD, 0x00, 0x78, 0x19, 0x00, 0x68, 0x80, 0x88, 0xC0, 0x00, 0x40, 0x18
	.byte 0x80, 0x21, 0x49, 0x00, 0x00, 0x88, 0x81, 0x40, 0x10, 0x88, 0x88, 0x43, 0x10, 0x80, 0xED, 0xE1
	.byte 0x42, 0x1A, 0x3C, 0x08, 0x05, 0x4B, 0x1A, 0x68, 0x50, 0x78, 0x20, 0x21, 0x08, 0x43, 0x50, 0x70
	.byte 0x1A, 0x68, 0x50, 0x78, 0x40, 0x21, 0x08, 0x43, 0x50, 0x70, 0xDF, 0xE1, 0x80, 0xEC, 0x39, 0x08
	.byte 0x0A, 0x4B, 0x1A, 0x68, 0x51, 0x78, 0x21, 0x20, 0x40, 0x42, 0x08, 0x40, 0x50, 0x70, 0x1A, 0x68
	.byte 0x51, 0x78, 0x41, 0x20, 0x40, 0x42, 0x08, 0x40, 0x50, 0x70, 0x18, 0x68, 0x44, 0x30, 0x00, 0x21
	.byte 0x01, 0x70, 0x18, 0x68, 0x47, 0x30, 0xA0, 0x21, 0x01, 0x70, 0xC7, 0xE1, 0x80, 0xEC, 0x39, 0x08
	.byte 0xC2, 0x21, 0x89, 0x00, 0x78, 0x18, 0x02, 0x68, 0x90, 0x88, 0x40, 0x00, 0x39, 0x1C, 0x2A, 0x31
	.byte 0x09, 0x18, 0xD0, 0x88, 0x08, 0x80, 0xB9, 0xE1, 0x00, 0x23, 0xB1, 0x22, 0x92, 0x00, 0xD2, 0x19
	.byte 0x90, 0x46, 0x00, 0x26, 0x37, 0x4D, 0x78, 0x19, 0x80, 0x19, 0x00, 0x88, 0x00, 0x28, 0x00, 0xD0
	.byte 0xAA, 0xE0, 0xC2, 0x21, 0x89, 0x00, 0x78, 0x18, 0x00, 0x68, 0x81, 0x88, 0x00, 0x24, 0x32, 0x4A
	.byte 0x92, 0x46, 0x32, 0x4D, 0xAC, 0x46, 0x9D, 0x00, 0x31, 0x48, 0x81, 0x46, 0x89, 0x00, 0xF3, 0x22
	.byte 0x92, 0x00, 0xB8, 0x18, 0x40, 0x18, 0x00, 0x68, 0x81, 0x8A, 0x01, 0x22, 0x08, 0x1C, 0x20, 0x41
	.byte 0x10, 0x40, 0x00, 0x28, 0x5C, 0xD1, 0x01, 0x34, 0x08, 0x1C, 0x20, 0x41, 0x10, 0x40, 0x00, 0x28
	.byte 0x56, 0xD1, 0x01, 0x34, 0x08, 0x1C, 0x20, 0x41, 0x10, 0x40, 0x00, 0x28, 0x50, 0xD1, 0x01, 0x34
	.byte 0x08, 0x1C, 0x20, 0x41, 0x10, 0x40, 0x00, 0x28, 0x4A, 0xD1, 0x01, 0x34, 0x08, 0x1C, 0x20, 0x41
	.byte 0x10, 0x40, 0x00, 0x28, 0x44, 0xD1, 0x01, 0x34, 0x08, 0x1C, 0x20, 0x41, 0x10, 0x40, 0x00, 0x28
	.byte 0x3E, 0xD1, 0x01, 0x34, 0x08, 0x1C, 0x20, 0x41, 0x10, 0x40, 0x00, 0x28, 0x38, 0xD1, 0x01, 0x34
	.byte 0x08, 0x1C, 0x20, 0x41, 0x10, 0x40, 0x00, 0x28, 0x32, 0xD1, 0x01, 0x34, 0x0F, 0x2C, 0xCD, 0xDD
	.byte 0xC2, 0x23, 0x9B, 0x00, 0xF8, 0x18, 0x00, 0x68, 0xC1, 0x88, 0x08, 0x0B, 0x01, 0x38, 0x00, 0x06
	.byte 0x02, 0x0E, 0x10, 0x4B, 0x18, 0x1C, 0x03, 0x1C, 0x0B, 0x40, 0xA8, 0x21, 0x89, 0x00, 0x78, 0x18
	.byte 0x40, 0x19, 0x17, 0x90, 0x0C, 0x48, 0x50, 0x44, 0x01, 0x78, 0x06, 0x20, 0x08, 0x40, 0x02, 0x28
	.byte 0x1E, 0xD1, 0x91, 0x00, 0x4D, 0x46, 0x48, 0x19, 0x00, 0x68, 0x00, 0x28, 0x18, 0xD0, 0x07, 0x48
	.byte 0x08, 0x18, 0x17, 0xE0, 0x96, 0x02, 0x00, 0x00, 0x4C, 0x03, 0x00, 0x03, 0xD8, 0x80, 0x19, 0x08
	.byte 0xE4, 0xEE, 0x39, 0x08, 0xFF, 0x0F, 0x00, 0x00, 0x88, 0x08, 0x00, 0x00, 0x10, 0xEF, 0x39, 0x08
	.byte 0xA5, 0x21, 0x89, 0x00, 0x78, 0x18, 0xC0, 0x18, 0x21, 0x1C, 0x10, 0x31, 0x01, 0x70, 0xC7, 0xE7
	.byte 0x90, 0x00, 0x48, 0x44, 0x01, 0x68, 0x98, 0x00, 0x40, 0x18, 0x00, 0x68, 0x17, 0x9A, 0x10, 0x60
	.byte 0x0C, 0x4D, 0x7B, 0x19, 0x9B, 0x19, 0x0C, 0x48, 0x3A, 0x18, 0x92, 0x19, 0xC2, 0x21, 0x89, 0x00
	.byte 0x78, 0x18, 0x01, 0x68, 0x08, 0x89, 0x10, 0x80, 0x08, 0x89, 0x18, 0x80, 0x07, 0x4A, 0x63, 0x46
	.byte 0xD0, 0x1A, 0x07, 0x4D, 0x2B, 0x68, 0x1B, 0x18, 0x60, 0x01, 0x06, 0x49, 0x40, 0x18, 0x41, 0x46
	.byte 0x5C, 0xE0, 0x00, 0x00, 0x96, 0x02, 0x00, 0x00, 0x9A, 0x02, 0x00, 0x00, 0x54, 0x81, 0x19, 0x08
	.byte 0x34, 0x10, 0x00, 0x03, 0x80, 0x02, 0x00, 0x02, 0x20, 0x22, 0x90, 0x44, 0x02, 0x36, 0x01, 0x33
	.byte 0x01, 0x2B, 0x00, 0xDC, 0x46, 0xE7, 0xF9, 0xE0, 0x00, 0x23, 0xC2, 0x25, 0xAD, 0x00, 0x7E, 0x19
	.byte 0xB1, 0x20, 0x80, 0x00, 0x3D, 0x18, 0x00, 0x24, 0x0E, 0x49, 0x88, 0x46, 0x0E, 0x4A, 0xB8, 0x18
	.byte 0x00, 0x19, 0x00, 0x88, 0x00, 0x28, 0x4B, 0xD1, 0xA5, 0x20, 0x80, 0x00, 0x39, 0x18, 0xC9, 0x18
	.byte 0x74, 0x30, 0x3A, 0x18, 0x10, 0x68, 0x80, 0x88, 0x08, 0x70, 0x99, 0x00, 0xA8, 0x23, 0x9B, 0x00
	.byte 0xF8, 0x18, 0x43, 0x18, 0x40, 0x46, 0x01, 0x78, 0x06, 0x20, 0x08, 0x40, 0x02, 0x28, 0x07, 0xD1
	.byte 0x02, 0x49, 0x06, 0xE0, 0xD4, 0x0B, 0x00, 0x03, 0x96, 0x02, 0x00, 0x00, 0x14, 0x83, 0x3C, 0x08
	.byte 0x10, 0x49, 0x10, 0x68, 0xC0, 0x88, 0x80, 0x00, 0x40, 0x18, 0x00, 0x68, 0x18, 0x60, 0x0E, 0x49
	.byte 0x7B, 0x18, 0x1B, 0x19, 0x0D, 0x4A, 0xB9, 0x18, 0x09, 0x19, 0x32, 0x68, 0x10, 0x89, 0x08, 0x80
	.byte 0x10, 0x89, 0x18, 0x80, 0x0A, 0x4A, 0x0B, 0x49, 0x0B, 0x48, 0x09, 0x1A, 0x13, 0x68, 0x5B, 0x18
	.byte 0x30, 0x68, 0x80, 0x88, 0x40, 0x01, 0x09, 0x49, 0x40, 0x18, 0x29, 0x1C, 0x20, 0x22, 0xA9, 0xF0
	.byte 0x19, 0xFE, 0xAB, 0xE0, 0x10, 0x83, 0x3C, 0x08, 0x96, 0x02, 0x00, 0x00, 0x9A, 0x02, 0x00, 0x00
	.byte 0x34, 0x10, 0x00, 0x03, 0x54, 0x81, 0x19, 0x08, 0xD8, 0x80, 0x19, 0x08, 0x80, 0x00, 0x00, 0x02
	.byte 0x20, 0x35, 0x02, 0x34, 0x01, 0x33, 0x01, 0x2B, 0xA8, 0xDD, 0x97, 0xE0, 0x02, 0x20, 0x38, 0x70
	.byte 0x94, 0xE0, 0x38, 0x7F, 0x08, 0x21, 0x01, 0xE0, 0x38, 0x7F, 0x10, 0x21, 0x08, 0x43, 0x38, 0x77
	.byte 0x8C, 0xE0, 0xC2, 0x22, 0x92, 0x00, 0xB8, 0x18, 0x01, 0x68, 0x88, 0x88, 0x01, 0x28, 0x17, 0xD0
	.byte 0x01, 0x28, 0x02, 0xDC, 0x00, 0x28, 0x05, 0xD0, 0x80, 0xE0, 0x02, 0x28, 0x1E, 0xD0, 0x03, 0x28
	.byte 0x2A, 0xD0, 0x7B, 0xE0, 0x05, 0x48, 0x03, 0x68, 0x03, 0x20, 0x89, 0x79, 0x01, 0x40, 0x1A, 0x7A
	.byte 0x04, 0x20, 0x40, 0x42, 0x10, 0x40, 0x08, 0x43, 0x18, 0x72, 0x6F, 0xE0, 0x80, 0xEC, 0x39, 0x08
	.byte 0x05, 0x48, 0x03, 0x68, 0x03, 0x20, 0x89, 0x79, 0x01, 0x40, 0x9A, 0x7A, 0x04, 0x20, 0x40, 0x42
	.byte 0x10, 0x40, 0x08, 0x43, 0x98, 0x72, 0x61, 0xE0, 0x80, 0xEC, 0x39, 0x08, 0x05, 0x48, 0x03, 0x68
	.byte 0x03, 0x20, 0x89, 0x79, 0x01, 0x40, 0x1A, 0x7B, 0x04, 0x20, 0x40, 0x42, 0x10, 0x40, 0x08, 0x43
	.byte 0x18, 0x73, 0x53, 0xE0, 0x80, 0xEC, 0x39, 0x08, 0x05, 0x48, 0x03, 0x68, 0x03, 0x20, 0x89, 0x79
	.byte 0x01, 0x40, 0x9A, 0x7B, 0x04, 0x20, 0x40, 0x42, 0x10, 0x40, 0x08, 0x43, 0x98, 0x73, 0x45, 0xE0
	.byte 0x80, 0xEC, 0x39, 0x08, 0xC2, 0x23, 0x9B, 0x00, 0xF8, 0x18, 0x02, 0x68, 0x91, 0x88, 0x89, 0x00
	.byte 0xF3, 0x25, 0xAD, 0x00, 0x78, 0x19, 0x40, 0x18, 0x00, 0x68, 0xD1, 0x88, 0x00, 0x22, 0x00, 0x92
	.byte 0x00, 0x23, 0xED, 0xF6, 0x0D, 0xF9, 0x31, 0xE0, 0xC2, 0x21, 0x89, 0x00, 0x78, 0x18, 0x00, 0x68
	.byte 0x81, 0x88, 0x89, 0x00, 0xF3, 0x22, 0x92, 0x00, 0xB8, 0x18, 0x40, 0x18, 0x02, 0x68, 0x90, 0x7C
	.byte 0x10, 0x21, 0x08, 0x43, 0x90, 0x74, 0x21, 0xE0, 0xC2, 0x23, 0x9B, 0x00, 0xF8, 0x18, 0x00, 0x68
	.byte 0x81, 0x88, 0x89, 0x00, 0xF3, 0x25, 0xAD, 0x00, 0x78, 0x19, 0x40, 0x18, 0x02, 0x68, 0x91, 0x7C
	.byte 0x11, 0x20, 0x40, 0x42, 0x08, 0x40, 0x90, 0x74, 0x10, 0xE0, 0xC2, 0x21, 0x89, 0x00, 0x78, 0x18
	.byte 0x00, 0x68, 0x80, 0x88, 0x01, 0x21, 0x49, 0x42, 0xE8, 0xF6, 0x14, 0xFB, 0x06, 0xE0, 0xC2, 0x22
	.byte 0x92, 0x00, 0xB8, 0x18, 0x00, 0x68, 0x80, 0x88, 0xE8, 0xF6, 0x06, 0xFB
_08130F9C:
	.byte 0xC2, 0x23, 0x9B, 0x00, 0xFA, 0x18, 0x0C, 0x48, 0x0E, 0x9D, 0x28, 0x18, 0x00, 0x78, 0x40, 0x00
	.byte 0x11, 0x68, 0x09, 0x18, 0x11, 0x60, 0xC1, 0x22, 0x92, 0x00, 0xB8, 0x18, 0x00, 0x88, 0x09, 0x88
	.byte 0x88, 0x42, 0x01, 0xD1, 0xFF, 0xF7, 0x0C, 0xF9
_08130FC4:
	.byte 0xC1, 0x23, 0x9B, 0x00, 0xF9, 0x18, 0x08, 0x88, 0x01, 0x30, 0x08, 0x80, 0x45, 0xE0, 0x00, 0x00
	.byte 0x22, 0x83, 0x3C, 0x08
_08130FD8:
	.byte 0x5E, 0x48, 0x41, 0x8D, 0x0B, 0x20, 0x08, 0x40, 0x00, 0x28, 0x3C, 0xD0, 0x39, 0x1C, 0x23, 0x31
	.byte 0x05, 0x20, 0x08, 0x70, 0x78, 0x20, 0xF8, 0x84, 0xB8, 0x84, 0x59, 0x4B, 0x19, 0x68, 0x50, 0x31
	.byte 0x08, 0x78, 0x01, 0x22, 0x10, 0x43, 0x08, 0x70, 0x19, 0x68, 0x50, 0x31, 0x08, 0x78, 0x02, 0x22
	.byte 0x10, 0x43, 0x08, 0x70, 0x19, 0x68, 0x50, 0x31, 0x08, 0x78, 0x04, 0x22, 0x10, 0x43, 0x08, 0x70
	.byte 0x19, 0x68, 0x50, 0x31, 0x08, 0x78, 0x08, 0x22, 0x10, 0x43, 0x08, 0x70, 0x19, 0x68, 0x50, 0x31
	.byte 0x08, 0x78, 0x10, 0x22, 0x10, 0x43, 0x08, 0x70, 0x19, 0x68, 0x50, 0x31, 0x08, 0x78, 0x20, 0x22
	.byte 0x10, 0x43, 0x08, 0x70, 0x1A, 0x68, 0x50, 0x32, 0x11, 0x78, 0x3F, 0x20, 0x08, 0x40, 0x80, 0x21
	.byte 0x08, 0x43, 0x10, 0x70, 0x19, 0x68, 0x54, 0x31, 0x0A, 0x78, 0x20, 0x20, 0x40, 0x42, 0x10, 0x40
	.byte 0x08, 0x70, 0x03, 0x20
_0813105C:
	.byte 0x38, 0x70
_0813105E:
	.byte 0xF0, 0xF6, 0x8D, 0xFF, 0x00, 0x22, 0x3D, 0x4D, 0x29, 0x88, 0x3D, 0x48, 0x08, 0x40, 0x00, 0x28
	.byte 0x00, 0xD1, 0x01, 0x22, 0x00, 0x2A, 0x47, 0xD0, 0x3B, 0x48, 0x81, 0x46, 0x3B, 0x49, 0x3B, 0x48
	.byte 0x09, 0x1A, 0x10, 0x91, 0x49, 0x46, 0x0B, 0x68, 0x10, 0x9A, 0x9B, 0x18, 0xA3, 0x25, 0xAD, 0x00
	.byte 0xED, 0x19, 0xA8, 0x46, 0x29, 0x68, 0xF0, 0x24, 0xA4, 0x00, 0x08, 0x19, 0x22, 0x1C, 0xA9, 0xF0
	.byte 0xEA, 0xFC, 0x48, 0x46, 0x03, 0x68, 0x10, 0x99, 0x5B, 0x18, 0x29, 0x68, 0xF0, 0x22, 0xD2, 0x00
	.byte 0x92, 0x46, 0x88, 0x18, 0x09, 0x19, 0x22, 0x1C, 0xA9, 0xF0, 0xDD, 0xFC, 0x4D, 0x46, 0x2B, 0x68
	.byte 0x10, 0x98, 0x1B, 0x18, 0x42, 0x46, 0x11, 0x68, 0xB4, 0x25, 0x2D, 0x01, 0x48, 0x19, 0x51, 0x44
	.byte 0x22, 0x1C, 0xA9, 0xF0, 0xD0, 0xFC, 0x43, 0x46, 0x19, 0x68, 0x49, 0x19, 0x4D, 0x46, 0x2B, 0x68
	.byte 0x00, 0x20, 0x22, 0x1C, 0xA9, 0xF0, 0xC7, 0xFC, 0x2B, 0x68, 0x10, 0x98, 0x1B, 0x18, 0x41, 0x46
	.byte 0x08, 0x68, 0x1A, 0x4D, 0x2A, 0x88, 0xD2, 0x0A, 0x11, 0x01, 0x89, 0x1A, 0x89, 0x01, 0x1C, 0x4A
	.byte 0x89, 0x18, 0x22, 0x1C, 0xA9, 0xF0, 0xB7, 0xFC, 0x39, 0x7F, 0x02, 0x20, 0x08, 0x40, 0x00, 0x28
	.byte 0x00, 0xD1, 0x15, 0xE1, 0x99, 0x25, 0xAD, 0x00, 0x7B, 0x19, 0x19, 0x88, 0x16, 0x48, 0x81, 0x42
	.byte 0x00, 0xD9, 0x0D, 0xE1, 0x4B, 0x30, 0x3C, 0x18, 0x20, 0x88, 0x00, 0x28, 0x00, 0xD0, 0x02, 0xE1
	.byte 0x12, 0x4D, 0x08, 0x1C, 0x80, 0x00, 0x40, 0x19, 0x02, 0x68, 0x10, 0x78, 0xFF, 0x28, 0x00, 0xD0
	.byte 0xA3, 0xE0, 0x50, 0x78, 0x00, 0x28, 0x00, 0xD1, 0x9F, 0xE0, 0x01, 0x1C, 0x01, 0x29, 0x16, 0xD0
	.byte 0x02, 0x29, 0x1E, 0xD0, 0x90, 0xE0, 0x4C, 0x03, 0x00, 0x03, 0x80, 0xEC, 0x39, 0x08, 0x0C, 0x10
	.byte 0x00, 0x03, 0xFF, 0x07, 0x00, 0x00, 0x34, 0x10, 0x00, 0x03, 0x54, 0x81, 0x19, 0x08, 0xD8, 0x80
	.byte 0x19, 0x08, 0x00, 0x80, 0x00, 0x06, 0x1B, 0x02, 0x00, 0x00, 0x9C, 0x0D, 0x3C, 0x08, 0x03, 0x48
	.byte 0x01, 0x80, 0x91, 0x78, 0xD0, 0x78, 0x00, 0x02, 0x01, 0x43, 0x21, 0x80, 0x74, 0xE0, 0x0E, 0x10
	.byte 0x00, 0x03, 0x39, 0x1C, 0x23, 0x31, 0x06, 0x20, 0x08, 0x70, 0x18, 0x88, 0x80, 0x00, 0x40, 0x19
	.byte 0x00, 0x68, 0x81, 0x78, 0xC0, 0x78, 0x00, 0x02, 0x01, 0x43, 0xF9, 0x84, 0xB9, 0x84, 0x35, 0x4B
	.byte 0x19, 0x68, 0x50, 0x31, 0x08, 0x78, 0x01, 0x22, 0x10, 0x43, 0x08, 0x70, 0x19, 0x68, 0x50, 0x31
	.byte 0x0A, 0x78, 0x03, 0x20, 0x40, 0x42, 0x10, 0x40, 0x08, 0x70, 0x19, 0x68, 0x50, 0x31, 0x0A, 0x78
	.byte 0x05, 0x20, 0x40, 0x42, 0x10, 0x40, 0x08, 0x70, 0x19, 0x68, 0x50, 0x31, 0x0A, 0x78, 0x09, 0x20
	.byte 0x40, 0x42, 0x10, 0x40, 0x08, 0x70, 0x19, 0x68, 0x50, 0x31, 0x0A, 0x78, 0x11, 0x20, 0x40, 0x42
	.byte 0x10, 0x40, 0x08, 0x70, 0x19, 0x68, 0x50, 0x31, 0x0A, 0x78, 0x21, 0x24, 0x64, 0x42, 0x20, 0x1C
	.byte 0x10, 0x40, 0x08, 0x70, 0x1A, 0x68, 0x50, 0x32, 0x11, 0x78, 0x3F, 0x20, 0x08, 0x40, 0x40, 0x21
	.byte 0x08, 0x43, 0x10, 0x70, 0x19, 0x68, 0x51, 0x31, 0x0A, 0x78, 0x02, 0x20, 0x40, 0x42, 0x10, 0x40
	.byte 0x08, 0x70, 0x19, 0x68, 0x51, 0x31, 0x08, 0x78, 0x02, 0x22, 0x10, 0x43, 0x08, 0x70, 0x19, 0x68
	.byte 0x51, 0x31, 0x08, 0x78, 0x04, 0x22, 0x10, 0x43, 0x08, 0x70, 0x19, 0x68, 0x51, 0x31, 0x08, 0x78
	.byte 0x08, 0x22, 0x10, 0x43, 0x08, 0x70, 0x19, 0x68, 0x51, 0x31, 0x08, 0x78, 0x10, 0x25, 0x28, 0x43
	.byte 0x08, 0x70, 0x18, 0x68, 0x51, 0x30, 0x01, 0x78, 0x0C, 0x40, 0x04, 0x70, 0x19, 0x68, 0x52, 0x31
	.byte 0x0C, 0x78, 0x20, 0x22, 0x52, 0x42, 0x10, 0x1C, 0x20, 0x40, 0x28, 0x43, 0x08, 0x70, 0x18, 0x68
	.byte 0x53, 0x30, 0x01, 0x78, 0x0A, 0x40, 0x02, 0x70, 0x99, 0x22, 0x92, 0x00, 0xB9, 0x18, 0x08, 0x88
	.byte 0x01, 0x30, 0x57, 0xE0, 0x00, 0x00, 0x80, 0xEC, 0x39, 0x08, 0x60, 0x48, 0x00, 0x88, 0x04, 0x0A
	.byte 0x07, 0x20, 0x04, 0x40, 0x00, 0x26, 0xA4, 0x23, 0x9B, 0x00, 0xFD, 0x18, 0x99, 0x20, 0x80, 0x00
	.byte 0xC0, 0x19, 0x80, 0x46, 0x28, 0x68, 0xA3, 0x22, 0x92, 0x00, 0xB9, 0x18, 0x09, 0x68, 0x00, 0x22
	.byte 0x00, 0x92, 0x01, 0x92, 0x01, 0x22, 0x02, 0x92, 0x04, 0x22, 0x03, 0x92, 0x06, 0x22, 0x04, 0x92
	.byte 0x05, 0x22, 0x05, 0x92, 0x1E, 0x22, 0x08, 0x23, 0x68, 0xF0, 0x57, 0xFD, 0x28, 0x68, 0x07, 0x34
	.byte 0x22, 0x06, 0x12, 0x0E, 0x4F, 0x4B, 0x99, 0x46, 0x43, 0x46, 0x19, 0x88, 0x89, 0x00, 0x49, 0x44
	.byte 0x0B, 0x68, 0x00, 0x21, 0x68, 0xF0, 0x3B, 0xFD, 0x01, 0x36, 0x2A, 0x68, 0x91, 0x68, 0x08, 0x78
	.byte 0xFF, 0x28, 0x07, 0xD1, 0x48, 0x78, 0x0B, 0x28, 0x04, 0xD1, 0x88, 0x78, 0x01, 0x28, 0x01, 0xD1
	.byte 0xC8, 0x1C, 0x90, 0x60, 0x28, 0x68, 0x68, 0xF0, 0x8E, 0xF9, 0x00, 0x04, 0x00, 0x28, 0xEC, 0xD1
	.byte 0x41, 0x46, 0x08, 0x88, 0x01, 0x30, 0x08, 0x80, 0x30, 0x06, 0x06, 0x0E, 0x20, 0x06, 0x04, 0x0E
	.byte 0x07, 0x20, 0x20, 0x40, 0x07, 0x30, 0x07, 0x28, 0xBC, 0xDD, 0xF0, 0x00, 0x80, 0x1B, 0x40, 0x00
	.byte 0x39, 0x4A, 0xB9, 0x18, 0x08, 0x80, 0x37, 0x4B, 0xF9, 0x18, 0x08, 0x88, 0x01, 0x38, 0x08, 0x80
	.byte 0x36, 0x4A, 0x10, 0x68, 0x01, 0x78, 0x01, 0x20, 0x08, 0x40, 0x00, 0x28, 0x15, 0xD0, 0x80, 0x20
	.byte 0x80, 0x04, 0x01, 0x88, 0x80, 0x20, 0x00, 0x01, 0x08, 0x40, 0x00, 0x28, 0x0D, 0xD0, 0x98, 0x25
	.byte 0xAD, 0x00, 0x7C, 0x19, 0x23, 0x68, 0x18, 0x1C, 0x00, 0x2B, 0x00, 0xDA, 0xFF, 0x30, 0x00, 0x12
	.byte 0x2B, 0x49, 0x08, 0x80, 0x18, 0x1C, 0x80, 0x38, 0x20, 0x60, 0x39, 0x7F, 0x01, 0x20, 0x08, 0x40
	.byte 0x00, 0x28, 0x23, 0xD0, 0x97, 0x20, 0x80, 0x00, 0x39, 0x18, 0x0C, 0x68, 0x80, 0x25, 0x6D, 0x00
	.byte 0x63, 0x19, 0x0B, 0x60, 0x18, 0x1C, 0x00, 0x2B, 0x01, 0xDA, 0xFF, 0x35, 0x60, 0x19, 0x04, 0x12
	.byte 0x20, 0x48, 0x04, 0x80, 0x20, 0x48, 0x04, 0x80, 0x20, 0x48, 0x04, 0x80, 0x20, 0x48, 0x04, 0x80
	.byte 0x12, 0x68, 0x54, 0x80, 0x09, 0x68, 0xA0, 0x20, 0x00, 0x02, 0x81, 0x42, 0x06, 0xD1, 0x1C, 0x49
	.byte 0x00, 0x20, 0x08, 0x80, 0x02, 0x20, 0x00, 0x21, 0xE7, 0xF6, 0xD7, 0xFB, 0x00, 0x20, 0x82, 0x46
	.byte 0x51, 0x46, 0x8A, 0x00, 0xF3, 0x23, 0x9B, 0x00, 0xF8, 0x18, 0x80, 0x18, 0x00, 0x68, 0x81, 0x7C
	.byte 0x20, 0x20, 0x08, 0x40, 0x14, 0x92, 0x56, 0x46, 0x01, 0x36, 0x00, 0x28, 0x01, 0xD0, 0x00, 0xF0
	.byte 0xD4, 0xFE, 0x00, 0x25, 0x11, 0x95, 0x9C, 0x20, 0xC0, 0x19, 0x80, 0x46, 0x51, 0x46, 0x37, 0x29
	.byte 0x01, 0xD9, 0x00, 0xF0, 0xAE, 0xFE, 0x0B, 0x48, 0x10, 0x18, 0x00, 0x68, 0x87, 0x46, 0x0C, 0x10
	.byte 0x00, 0x03, 0x9C, 0x0D, 0x3C, 0x08, 0x66, 0x02, 0x00, 0x00, 0x08, 0x10, 0x00, 0x03, 0x1C, 0x00
	.byte 0x00, 0x02, 0x12, 0x00, 0x00, 0x02, 0x16, 0x00, 0x00, 0x02, 0x1A, 0x00, 0x00, 0x02, 0x1E, 0x00
	.byte 0x00, 0x02, 0xBA, 0x00, 0x00, 0x04, 0x38, 0x14, 0x13, 0x08, 0x60, 0x21, 0x13, 0x08, 0x18, 0x15
	.byte 0x13, 0x08, 0x7C, 0x17, 0x13, 0x08, 0xE0, 0x18, 0x13, 0x08, 0xD0, 0x1A, 0x13, 0x08, 0xDE, 0x1A
	.byte 0x13, 0x08, 0xEC, 0x1A, 0x13, 0x08, 0xFA, 0x1A, 0x13, 0x08, 0x08, 0x1B, 0x13, 0x08, 0x38, 0x1B
	.byte 0x13, 0x08, 0x38, 0x1B, 0x13, 0x08, 0x64, 0x1B, 0x13, 0x08, 0x64, 0x1B, 0x13, 0x08, 0xC6, 0x1F
	.byte 0x13, 0x08, 0x42, 0x20, 0x13, 0x08, 0x8C, 0x1B, 0x13, 0x08, 0xBE, 0x1B, 0x13, 0x08, 0x98, 0x1E
	.byte 0x13, 0x08, 0x08, 0x1F, 0x13, 0x08, 0x08, 0x1F, 0x13, 0x08, 0x08, 0x1F, 0x13, 0x08, 0xCC, 0x1B
	.byte 0x13, 0x08, 0xCC, 0x1B, 0x13, 0x08, 0xCC, 0x1B, 0x13, 0x08, 0xCC, 0x1B, 0x13, 0x08, 0xCC, 0x1B
	.byte 0x13, 0x08, 0xDA, 0x1B, 0x13, 0x08, 0xDA, 0x1B, 0x13, 0x08, 0xE8, 0x1B, 0x13, 0x08, 0xEC, 0x1D
	.byte 0x13, 0x08, 0xFE, 0x1D, 0x13, 0x08, 0xEC, 0x1D, 0x13, 0x08, 0xFE, 0x1D, 0x13, 0x08, 0xEC, 0x1D
	.byte 0x13, 0x08, 0xFE, 0x1D, 0x13, 0x08, 0x10, 0x1E, 0x13, 0x08, 0x10, 0x1E, 0x13, 0x08, 0x10, 0x1E
	.byte 0x13, 0x08, 0x10, 0x1E, 0x13, 0x08, 0xD8, 0x1D, 0x13, 0x08, 0xD8, 0x1D, 0x13, 0x08, 0xD8, 0x1D
	.byte 0x13, 0x08, 0xD8, 0x1D, 0x13, 0x08, 0xD8, 0x1D, 0x13, 0x08, 0xD8, 0x1D, 0x13, 0x08, 0xD8, 0x1D
	.byte 0x13, 0x08, 0xD8, 0x1D, 0x13, 0x08, 0xD8, 0x1D, 0x13, 0x08, 0xD8, 0x1D, 0x13, 0x08, 0xD8, 0x1D
	.byte 0x13, 0x08, 0xD8, 0x1D, 0x13, 0x08, 0xD8, 0x1D, 0x13, 0x08, 0xD8, 0x1D, 0x13, 0x08, 0xD8, 0x1D
	.byte 0x13, 0x08, 0xD8, 0x1D, 0x13, 0x08, 0x60, 0x21, 0x13, 0x08, 0x39, 0x7F, 0x20, 0x24, 0x20, 0x20
	.byte 0x08, 0x40, 0x00, 0x28, 0x19, 0xD1, 0xF3, 0x22, 0x92, 0x00, 0xB8, 0x18, 0x14, 0x9B, 0xC0, 0x18
	.byte 0x00, 0x68, 0xC1, 0x7C, 0x03, 0x20, 0x08, 0x40, 0x00, 0x28, 0x0E, 0xD1, 0xAE, 0x25, 0xAD, 0x00
	.byte 0x78, 0x19, 0x00, 0x68, 0x3A, 0x8D, 0x35, 0x49, 0x00, 0x91, 0x01, 0x91, 0x00, 0x21, 0x11, 0x23
	.byte 0xE3, 0xF7, 0x65, 0xFB, 0x38, 0x7F, 0x20, 0x43, 0x38, 0x77, 0xAA, 0x21, 0x89, 0x00, 0x78, 0x18
	.byte 0x3C, 0x1C, 0xA0, 0x34, 0xC0, 0x23, 0x5B, 0x00, 0xFA, 0x18, 0x21, 0x1C, 0xE9, 0xF6, 0x2D, 0xFE
	.byte 0x00, 0x06, 0xA1, 0x46, 0x00, 0x28, 0x10, 0xD1, 0xAE, 0x25, 0xAD, 0x00, 0x78, 0x19, 0x00, 0x68
	.byte 0x00, 0x21, 0xE5, 0xF7, 0x7E, 0xF8, 0xF4, 0x21, 0x89, 0x00, 0x78, 0x18, 0x00, 0x68, 0xF0, 0xF6
	.byte 0xC8, 0xFC, 0x38, 0x7F, 0x04, 0x21, 0x08, 0x43, 0x38, 0x77, 0x39, 0x7F, 0x08, 0x20, 0x08, 0x40
	.byte 0x00, 0x28, 0x14, 0xD0, 0x4A, 0x46, 0x11, 0x68, 0x00, 0x29, 0x10, 0xDB, 0x1D, 0x4A, 0x10, 0x68
	.byte 0x09, 0x12, 0x41, 0x30, 0x01, 0x70, 0x10, 0x68, 0x01, 0x1C, 0x41, 0x31, 0x08, 0x78, 0xE5, 0x28
	.byte 0x05, 0xD9, 0xF0, 0x20, 0x08, 0x70, 0x39, 0x7F, 0xF9, 0x38, 0x08, 0x40, 0x38, 0x77, 0x39, 0x7F
	.byte 0x10, 0x25, 0x28, 0x1C, 0x08, 0x40, 0x00, 0x28, 0x4A, 0xD0, 0x04, 0x20, 0x08, 0x40, 0x00, 0x28
	.byte 0x21, 0xD1, 0xC0, 0x23, 0x5B, 0x00, 0xF8, 0x18, 0x02, 0x68, 0xB8, 0x20, 0xC0, 0x01, 0x82, 0x42
	.byte 0x3E, 0xDC, 0x0B, 0x4B, 0x19, 0x68, 0x10, 0x1C, 0x00, 0x28, 0x00, 0xDA, 0xFF, 0x30, 0x00, 0x12
	.byte 0x0C, 0x38, 0x44, 0x31, 0x08, 0x70, 0x18, 0x68, 0x01, 0x1C, 0x44, 0x31, 0x08, 0x78, 0x10, 0x28
	.byte 0x26, 0xD8, 0x0D, 0x70, 0x39, 0x7F, 0x11, 0x20, 0x40, 0x42, 0x1F, 0xE0, 0x00, 0x00, 0xFF, 0xFF
	.byte 0x00, 0x00, 0x80, 0xEC, 0x39, 0x08, 0xC0, 0x25, 0x6D, 0x00, 0x78, 0x19, 0x02, 0x68, 0x4C, 0x48
	.byte 0x82, 0x42, 0x1D, 0xDD, 0x4C, 0x4B, 0x19, 0x68, 0x10, 0x1C, 0x00, 0x28, 0x00, 0xDA, 0xFF, 0x30
	.byte 0x00, 0x12, 0x0C, 0x38, 0x44, 0x31, 0x08, 0x70, 0x18, 0x68, 0x01, 0x1C, 0x44, 0x31, 0x08, 0x78
	.byte 0x4F, 0x28, 0x05, 0xD9, 0x50, 0x20, 0x08, 0x70, 0x39, 0x7F, 0x61, 0x38, 0x08, 0x40, 0x38, 0x77
	.byte 0x19, 0x68, 0x08, 0x1C, 0x44, 0x30, 0x02, 0x78, 0xA0, 0x20, 0x80, 0x1A, 0x47, 0x31, 0x08, 0x70
	.byte 0xF3, 0x21, 0x89, 0x00, 0x78, 0x18, 0x14, 0x9A, 0x80, 0x18, 0x00, 0x68, 0x81, 0x7C, 0x20, 0x20
	.byte 0x08, 0x40, 0x9C, 0x23, 0xDB, 0x19, 0x98, 0x46, 0x56, 0x46, 0x01, 0x36, 0x00, 0x28, 0x01, 0xD0
	.byte 0x00, 0xF0, 0x67, 0xFD, 0x01, 0x24, 0x08, 0x25, 0x6D, 0x42, 0xAA, 0x46, 0x68, 0xF0, 0x49, 0xFC
	.byte 0x01, 0x1C, 0x10, 0x20, 0xAC, 0xF0, 0x6B, 0xF8, 0x01, 0x1C, 0x4A, 0x46, 0x10, 0x68, 0x00, 0x28
	.byte 0x00, 0xDA, 0xFF, 0x30, 0x00, 0x12, 0x2C, 0x4B, 0xC0, 0x18, 0x40, 0x18, 0x00, 0x04, 0x05, 0x0C
	.byte 0x68, 0xF0, 0x37, 0xFC, 0x01, 0x1C, 0x10, 0x20, 0xAC, 0xF0, 0x59, 0xF8, 0x01, 0x1C, 0xC0, 0x22
	.byte 0x52, 0x00, 0xB8, 0x18, 0x00, 0x68, 0x00, 0x28, 0x00, 0xDA, 0xFF, 0x30, 0x00, 0x12, 0x23, 0x4B
	.byte 0xC0, 0x18, 0x40, 0x18, 0x00, 0x04, 0x01, 0x0C, 0x28, 0x04, 0xE0, 0x22, 0xD2, 0x02, 0x80, 0x18
	.byte 0x00, 0x0C, 0xF6, 0x28, 0x2F, 0xD8, 0x08, 0x04, 0x00, 0x14, 0x50, 0x45, 0x2B, 0xDD, 0x9F, 0x28
	.byte 0x29, 0xDC, 0xB8, 0x8B, 0x00, 0x05, 0x80, 0x0E, 0x80, 0x00, 0x38, 0x18, 0xC3, 0x23, 0x9B, 0x00
	.byte 0xC0, 0x18, 0x05, 0x70, 0xB8, 0x8B, 0x00, 0x05, 0x80, 0x0E, 0x80, 0x00, 0x38, 0x18, 0x14, 0x4D
	.byte 0x40, 0x19, 0x01, 0x70, 0xB8, 0x8B, 0x00, 0x05, 0x80, 0x0E, 0x80, 0x00, 0x38, 0x18, 0x11, 0x49
	.byte 0x40, 0x18, 0x18, 0x21, 0x01, 0x70, 0xBA, 0x8B, 0x11, 0x05, 0x89, 0x0E, 0x01, 0x31, 0x3F, 0x20
	.byte 0x01, 0x40, 0x88, 0x01, 0x0D, 0x4D, 0x2B, 0x1C, 0x13, 0x40, 0x03, 0x43, 0xBB, 0x83, 0x2F, 0x29
	.byte 0x01, 0xD9, 0x2B, 0x40, 0xBB, 0x83, 0x01, 0x3C, 0x00, 0x2C, 0x9F, 0xDA, 0x00, 0xF0, 0x01, 0xFD
	.byte 0x00, 0x00, 0xFF, 0x0B, 0x00, 0x00, 0x80, 0xEC, 0x39, 0x08, 0xF4, 0xFF, 0x00, 0x00, 0xE4, 0xFF
	.byte 0x00, 0x00, 0x0D, 0x03, 0x00, 0x00, 0x0E, 0x03, 0x00, 0x00, 0x3F, 0xF0, 0xFF, 0xFF, 0x52, 0x46
	.byte 0x51, 0x00, 0x38, 0x1C, 0x2A, 0x30, 0x40, 0x18, 0x00, 0x88, 0x9C, 0x23, 0xDB, 0x19, 0x98, 0x46
	.byte 0x56, 0x46, 0x01, 0x36, 0x06, 0x28, 0x01, 0xD9, 0x00, 0xF0, 0xE3, 0xFC, 0x80, 0x00, 0x01, 0x49
	.byte 0x40, 0x18, 0x00, 0x68, 0x87, 0x46, 0xA8, 0x17, 0x13, 0x08, 0xC4, 0x17, 0x13, 0x08, 0xD4, 0x17
	.byte 0x13, 0x08, 0xE4, 0x17, 0x13, 0x08, 0x10, 0x18, 0x13, 0x08, 0x2E, 0x18, 0x13, 0x08, 0x60, 0x21
	.byte 0x13, 0x08, 0x4E, 0x18, 0x13, 0x08, 0x3A, 0x1C, 0x9C, 0x32, 0x14, 0x9D, 0x51, 0x19, 0x08, 0x68
	.byte 0x40, 0x38, 0x00, 0xF0, 0x55, 0xFC, 0xF3, 0x21, 0x89, 0x00, 0x78, 0x18, 0x14, 0x9A, 0x80, 0x18
	.byte 0x02, 0x68, 0x00, 0xF0, 0x8C, 0xFC, 0xF3, 0x25, 0xAD, 0x00, 0x78, 0x19, 0x14, 0x99, 0x40, 0x18
	.byte 0x00, 0x68, 0x01, 0x1C, 0x21, 0x31, 0x09, 0x78, 0x9C, 0x22, 0xD2, 0x19, 0x90, 0x46, 0x56, 0x46
	.byte 0x01, 0x36, 0x00, 0x29, 0x01, 0xD0, 0x00, 0xF0, 0xAC, 0xFC, 0x00, 0x91, 0x03, 0x21, 0x00, 0xF0
	.byte 0x89, 0xFC, 0x3A, 0x1C, 0x9C, 0x32, 0x14, 0x9B, 0xD1, 0x18, 0x08, 0x68, 0x40, 0x38, 0x08, 0x60
	.byte 0xBE, 0x25, 0x6D, 0x00, 0x79, 0x19, 0xC9, 0x18, 0x08, 0x68, 0x19, 0x30, 0x00, 0xF0, 0x28, 0xFC
	.byte 0x3A, 0x1C, 0x9C, 0x32, 0x14, 0x98, 0x11, 0x18, 0x08, 0x68, 0x80, 0x30, 0x08, 0x60, 0xBE, 0x23
	.byte 0x5B, 0x00, 0xF9, 0x18, 0x14, 0x9D, 0x49, 0x19, 0x08, 0x68, 0x33, 0x38, 0x00, 0xF0, 0x18, 0xFC
	.byte 0xF3, 0x21, 0x89, 0x00, 0x78, 0x18, 0x14, 0x9A, 0x84, 0x18, 0x21, 0x68, 0x08, 0x1C, 0x21, 0x30
	.byte 0x00, 0x78, 0x9C, 0x23, 0xDB, 0x19, 0x98, 0x46, 0x56, 0x46, 0x01, 0x36, 0x00, 0x28, 0x01, 0xDA
	.byte 0x00, 0xF0, 0x77, 0xFC, 0x03, 0x28, 0x03, 0xDD, 0x04, 0x28, 0x10, 0xD0, 0x00, 0xF0, 0x71, 0xFC
	.byte 0x00, 0x20, 0x00, 0x90, 0x08, 0x1C, 0x04, 0x21, 0x00, 0x22, 0x00, 0x23, 0xEC, 0xF6, 0x61, 0xFC
	.byte 0x22, 0x68, 0x91, 0x7C, 0x07, 0x20, 0x40, 0x42, 0x08, 0x40, 0x02, 0x21, 0xFB, 0xE0, 0x0E, 0x48
	.byte 0x00, 0x68, 0x01, 0x78, 0x01, 0x20, 0x08, 0x40, 0x00, 0x28, 0x04, 0xD1, 0x14, 0x99, 0x41, 0x44
	.byte 0x08, 0x68, 0x80, 0x38, 0x08, 0x60, 0xBE, 0x25, 0x6D, 0x00, 0x78, 0x19, 0x14, 0x99, 0x40, 0x18
	.byte 0x01, 0x68, 0x40, 0x31, 0x01, 0x60, 0x05, 0x48, 0x81, 0x42, 0x01, 0xDC, 0x00, 0xF0, 0x49, 0xFC
	.byte 0x20, 0x68, 0xF0, 0xF6, 0x26, 0xFB, 0x00, 0xF0, 0x44, 0xFC, 0x08, 0x10, 0x00, 0x03, 0xFF, 0x77
	.byte 0x00, 0x00, 0x52, 0x46, 0x51, 0x00, 0x38, 0x1C, 0x2A, 0x30, 0x40, 0x18, 0x00, 0x88, 0x9C, 0x23
	.byte 0xDB, 0x19, 0x98, 0x46, 0x56, 0x46, 0x01, 0x36, 0x05, 0x28, 0x01, 0xD9, 0x00, 0xF0, 0x31, 0xFC
	.byte 0x80, 0x00, 0x01, 0x49, 0x40, 0x18, 0x00, 0x68, 0x87, 0x46, 0x0C, 0x19, 0x13, 0x08, 0x24, 0x19
	.byte 0x13, 0x08, 0x32, 0x19, 0x13, 0x08, 0x40, 0x19, 0x13, 0x08, 0x6A, 0x19, 0x13, 0x08, 0x86, 0x19
	.byte 0x13, 0x08, 0xA4, 0x19, 0x13, 0x08, 0x3A, 0x1C, 0x9C, 0x32, 0x14, 0x9D, 0x51, 0x19, 0x08, 0x68
	.byte 0x40, 0x38, 0xA5, 0xE3, 0xF3, 0x21, 0x89, 0x00, 0x78, 0x18, 0x14, 0x9A, 0x80, 0x18, 0x02, 0x68
	.byte 0xDD, 0xE3, 0xF3, 0x25, 0xAD, 0x00, 0x78, 0x19, 0x14, 0x99, 0x40, 0x18, 0x00, 0x68, 0x01, 0x1C
	.byte 0x21, 0x31, 0x09, 0x78, 0x9C, 0x22, 0xD2, 0x19, 0x90, 0x46, 0x56, 0x46, 0x01, 0x36, 0x00, 0x29
	.byte 0x01, 0xD0, 0x00, 0xF0, 0xFE, 0xFB, 0x00, 0x91, 0x03, 0x21, 0xDB, 0xE3, 0x3A, 0x1C, 0x9C, 0x32
	.byte 0x14, 0x9B, 0xD1, 0x18, 0x08, 0x68, 0x40, 0x38, 0x08, 0x60, 0xBE, 0x25, 0x6D, 0x00, 0x79, 0x19
	.byte 0xC9, 0x18, 0x08, 0x68, 0x19, 0x30, 0x7B, 0xE3, 0x3A, 0x1C, 0x9C, 0x32, 0x14, 0x98, 0x11, 0x18
	.byte 0x08, 0x68, 0x80, 0x30, 0x08, 0x60, 0xBE, 0x23, 0x5B, 0x00, 0xF9, 0x18, 0x14, 0x9D, 0x49, 0x19
	.byte 0x08, 0x68, 0x33, 0x38, 0x6C, 0xE3, 0xF3, 0x21, 0x89, 0x00, 0x78, 0x18, 0x14, 0x9A, 0x80, 0x18
	.byte 0x00, 0x68, 0x21, 0x30, 0x00, 0x78, 0x9C, 0x23, 0xDB, 0x19, 0x98, 0x46, 0x56, 0x46, 0x01, 0x36
	.byte 0x06, 0x28, 0x00, 0xD9, 0xCD, 0xE3, 0x80, 0x00, 0x02, 0x49, 0x40, 0x18, 0x00, 0x68, 0x87, 0x46
	.byte 0x00, 0x00, 0xD4, 0x19, 0x13, 0x08, 0xF0, 0x19, 0x13, 0x08, 0xF0, 0x19, 0x13, 0x08, 0xF0, 0x19
	.byte 0x13, 0x08, 0xF0, 0x19, 0x13, 0x08, 0x1C, 0x1A, 0x13, 0x08, 0x48, 0x1A, 0x13, 0x08, 0xA0, 0x1A
	.byte 0x13, 0x08, 0xF3, 0x25, 0xAD, 0x00, 0x78, 0x19, 0x14, 0x99, 0x40, 0x18, 0x00, 0x68, 0x00, 0x21
	.byte 0x00, 0x91, 0x04, 0x21, 0x00, 0x22, 0x00, 0x23, 0xEC, 0xF6, 0xA3, 0xFB, 0x3A, 0x1C, 0x9C, 0x32
	.byte 0x14, 0x9B, 0xD1, 0x18, 0x08, 0x68, 0xBC, 0x25, 0xAD, 0x01, 0x40, 0x19, 0x30, 0xE3, 0xF3, 0x21
	.byte 0x89, 0x00, 0x78, 0x18, 0x14, 0x9A, 0x80, 0x18, 0x02, 0x68, 0x91, 0x7C, 0x08, 0x20, 0x08, 0x40
	.byte 0x9C, 0x23, 0xDB, 0x19, 0x98, 0x46, 0x56, 0x46, 0x01, 0x36, 0x00, 0x28, 0x00, 0xD1, 0x90, 0xE3
	.byte 0x00, 0x20, 0x00, 0x90, 0x10, 0x1C, 0x05, 0x21, 0x6C, 0xE3, 0xBE, 0x25, 0x6D, 0x00, 0x78, 0x19
	.byte 0x14, 0x99, 0x40, 0x18, 0x01, 0x68, 0x80, 0x22, 0x52, 0x00, 0x89, 0x18, 0x01, 0x60, 0x0F, 0x48
	.byte 0x9C, 0x23, 0xDB, 0x19, 0x98, 0x46, 0x56, 0x46, 0x01, 0x36, 0x81, 0x42, 0x00, 0xDC, 0x78, 0xE3
	.byte 0xF3, 0x25, 0xAD, 0x00, 0x7C, 0x19, 0x14, 0x98, 0x24, 0x18, 0x20, 0x68, 0x00, 0x21, 0x00, 0x91
	.byte 0x06, 0x21, 0x00, 0x22, 0x00, 0x23, 0xEC, 0xF6, 0x64, 0xFB, 0x22, 0x68, 0x91, 0x7C, 0x07, 0x20
	.byte 0x40, 0x42, 0x08, 0x40, 0x04, 0x21, 0x08, 0x43, 0x90, 0x74, 0x62, 0xE3, 0x00, 0x00, 0xFF, 0x77
	.byte 0x00, 0x00, 0x3A, 0x1C, 0x9C, 0x32, 0x14, 0x9B, 0xD1, 0x18, 0x08, 0x68, 0x80, 0x30, 0x08, 0x60
	.byte 0x07, 0x49, 0x90, 0x46, 0x56, 0x46, 0x01, 0x36, 0x88, 0x42, 0x00, 0xDC, 0x51, 0xE3, 0xF3, 0x25
	.byte 0xAD, 0x00, 0x78, 0x19, 0xC0, 0x18, 0x00, 0x68, 0xF0, 0xF6, 0x2B, 0xFA, 0x49, 0xE3, 0xFF, 0xF7
	.byte 0x00, 0x00, 0x3A, 0x1C, 0x9C, 0x32, 0x14, 0x98, 0x11, 0x18, 0x08, 0x68, 0x80, 0x30, 0xCF, 0xE2
	.byte 0x3A, 0x1C, 0x9C, 0x32, 0x14, 0x9B, 0xD1, 0x18, 0x08, 0x68, 0x80, 0x30, 0xC8, 0xE2, 0x3A, 0x1C
	.byte 0x9C, 0x32, 0x14, 0x9D, 0x51, 0x19, 0x08, 0x68, 0x80, 0x30, 0xC1, 0xE2, 0x3A, 0x1C, 0x9C, 0x32
	.byte 0x14, 0x98, 0x11, 0x18, 0x08, 0x68, 0x80, 0x30, 0xBA, 0xE2, 0xBE, 0x21, 0x49, 0x00, 0x78, 0x18
	.byte 0x14, 0x9B, 0xC2, 0x18, 0x11, 0x68, 0x07, 0x48, 0x81, 0x42, 0x02, 0xDC, 0x08, 0x1C, 0x40, 0x30
	.byte 0x10, 0x60, 0x97, 0x25, 0xAD, 0x00, 0x78, 0x19, 0x00, 0x68, 0x40, 0x42, 0x11, 0x90, 0x9C, 0x20
	.byte 0xC0, 0x19, 0x80, 0x46, 0xA6, 0xE2, 0xFF, 0x17, 0x00, 0x00, 0x39, 0x1C, 0x9C, 0x31, 0x14, 0x9A
	.byte 0x8B, 0x18, 0x1A, 0x68, 0x07, 0x48, 0x88, 0x46, 0x82, 0x42, 0x02, 0xDC, 0x10, 0x1C, 0x40, 0x30
	.byte 0x18, 0x60, 0x97, 0x23, 0x9B, 0x00, 0xF8, 0x18, 0x00, 0x68, 0x40, 0x42, 0x11, 0x90, 0x91, 0xE2
	.byte 0x00, 0x00, 0xFF, 0x07, 0x00, 0x00, 0x39, 0x1C, 0x9C, 0x31, 0x14, 0x9D, 0x4B, 0x19, 0x1A, 0x68
	.byte 0xE8, 0x20, 0x00, 0x02, 0x88, 0x46, 0x82, 0x42, 0x02, 0xDD, 0x10, 0x1C, 0x40, 0x38, 0x18, 0x60
	.byte 0x97, 0x21, 0x89, 0x00, 0x78, 0x18, 0x00, 0x68, 0x40, 0x42, 0x11, 0x90, 0x7A, 0xE2, 0x3A, 0x1C
	.byte 0x9C, 0x32, 0x14, 0x9D, 0x53, 0x19, 0x1C, 0x68, 0x20, 0x1C, 0x80, 0x30, 0x18, 0x60, 0x50, 0x46
	.byte 0x41, 0x00, 0x38, 0x1C, 0x2A, 0x30, 0x40, 0x18, 0x00, 0x88, 0x90, 0x46, 0x56, 0x46, 0x01, 0x36
	.byte 0x01, 0x28, 0x00, 0xD0, 0xD5, 0xE2, 0xC0, 0x21, 0x49, 0x00, 0x60, 0x18, 0x18, 0x60, 0xD0, 0xE2
	.byte 0x3A, 0x1C, 0x9C, 0x32, 0x14, 0x9B, 0xD1, 0x18, 0x08, 0x68, 0x80, 0x30, 0x58, 0xE2, 0x3A, 0x1C
	.byte 0x9C, 0x32, 0x14, 0x9D, 0x51, 0x19, 0x08, 0x68, 0x80, 0x30, 0x51, 0xE2, 0x3A, 0x1C, 0x9C, 0x32
	.byte 0x14, 0x98, 0x11, 0x18, 0x08, 0x68, 0x80, 0x30, 0x4A, 0xE2, 0x52, 0x46, 0x51, 0x00, 0x38, 0x1C
	.byte 0x2A, 0x30, 0x40, 0x18, 0x00, 0x88, 0x01, 0x28, 0x14, 0xD0, 0x01, 0x28, 0x05, 0xDC, 0x00, 0x28
	.byte 0x09, 0xD0, 0x9C, 0x23, 0xDB, 0x19, 0x98, 0x46, 0x3C, 0xE2, 0x02, 0x28, 0x3E, 0xD0, 0x9C, 0x25
	.byte 0xED, 0x19, 0xA8, 0x46, 0x36, 0xE2, 0x3A, 0x1C, 0x9C, 0x32, 0x14, 0x98, 0x11, 0x18, 0x08, 0x68
	.byte 0x80, 0x30, 0x2D, 0xE2, 0x39, 0x1C, 0x9C, 0x31, 0x14, 0x9A, 0x8C, 0x18, 0x20, 0x68, 0x02, 0x1C
	.byte 0x80, 0x32, 0x22, 0x60, 0xF3, 0x23, 0x9B, 0x00, 0xF8, 0x18, 0x14, 0x9D, 0x40, 0x19, 0x03, 0x68
	.byte 0x18, 0x1C, 0x21, 0x30, 0x00, 0x78, 0x88, 0x46, 0x00, 0x28, 0x07, 0xD1, 0x00, 0x90, 0x18, 0x1C
	.byte 0x01, 0x21, 0x00, 0x22, 0x00, 0x23, 0xEC, 0xF6, 0x7C, 0xFA, 0x13, 0xE2, 0x01, 0x28, 0x0C, 0xD1
	.byte 0x99, 0x7C, 0x08, 0x20, 0x08, 0x40, 0x56, 0x46, 0x01, 0x36, 0x00, 0x28, 0x00, 0xD1, 0x78, 0xE2
	.byte 0x00, 0x20, 0x00, 0x90, 0x18, 0x1C, 0x02, 0x21, 0x54, 0xE2, 0x56, 0x46, 0x01, 0x36, 0x02, 0x28
	.byte 0x00, 0xD0, 0x6E, 0xE2, 0x10, 0x1C, 0x80, 0x30, 0x20, 0x60, 0x6A, 0xE2, 0xF3, 0x21, 0x89, 0x00
	.byte 0x78, 0x18, 0x14, 0x9A, 0x84, 0x18, 0x22, 0x68, 0x10, 0x1C, 0x21, 0x30, 0x00, 0x78, 0x02, 0x28
	.byte 0x0B, 0xD1, 0x00, 0x20, 0x00, 0x90, 0x10, 0x1C, 0x03, 0x21, 0x00, 0x22, 0x00, 0x23, 0xEC, 0xF6
	.byte 0x50, 0xFA, 0x9C, 0x23, 0xDB, 0x19, 0x98, 0x46, 0xE4, 0xE1, 0x9C, 0x25, 0xED, 0x19, 0xA8, 0x46
	.byte 0x56, 0x46, 0x01, 0x36, 0x03, 0x28, 0x00, 0xD0, 0x4B, 0xE2, 0x91, 0x7C, 0x08, 0x20, 0x82, 0x46
	.byte 0x08, 0x40, 0x00, 0x28, 0x00, 0xD1, 0x44, 0xE2, 0x00, 0x20, 0x00, 0x90, 0x10, 0x1C, 0x04, 0x21
	.byte 0x00, 0x22, 0x00, 0x23, 0xEC, 0xF6, 0x35, 0xFA, 0x22, 0x68, 0x51, 0x7C, 0x0D, 0x20, 0x40, 0x42
	.byte 0x08, 0x40, 0x04, 0x21, 0x89, 0x46, 0x4B, 0x46, 0x18, 0x43, 0x50, 0x74, 0x36, 0x4C, 0x21, 0x68
	.byte 0x50, 0x31, 0x0A, 0x78, 0x02, 0x20, 0x40, 0x42, 0x10, 0x40, 0x08, 0x70, 0x21, 0x68, 0x50, 0x31
	.byte 0x0A, 0x78, 0x03, 0x20, 0x40, 0x42, 0x10, 0x40, 0x08, 0x70, 0x21, 0x68, 0x50, 0x31, 0x0A, 0x78
	.byte 0x05, 0x20, 0x40, 0x42, 0x10, 0x40, 0x08, 0x70, 0x21, 0x68, 0x50, 0x31, 0x0A, 0x78, 0x09, 0x20
	.byte 0x40, 0x42, 0x10, 0x40, 0x08, 0x70, 0x21, 0x68, 0x50, 0x31, 0x0A, 0x78, 0x11, 0x25, 0x6D, 0x42
	.byte 0x28, 0x1C, 0x10, 0x40, 0x08, 0x70, 0x21, 0x68, 0x50, 0x31, 0x0A, 0x78, 0x21, 0x23, 0x5B, 0x42
	.byte 0x18, 0x1C, 0x10, 0x40, 0x08, 0x70, 0x22, 0x68, 0x50, 0x32, 0x11, 0x78, 0x3F, 0x20, 0x08, 0x40
	.byte 0x40, 0x21, 0x08, 0x43, 0x10, 0x70, 0x22, 0x68, 0x51, 0x32, 0x10, 0x78, 0x01, 0x21, 0x08, 0x43
	.byte 0x10, 0x70, 0x22, 0x68, 0x51, 0x32, 0x10, 0x78, 0x02, 0x21, 0x08, 0x43, 0x10, 0x70, 0x21, 0x68
	.byte 0x51, 0x31, 0x08, 0x78, 0x4A, 0x46, 0x10, 0x43, 0x08, 0x70, 0x21, 0x68, 0x51, 0x31, 0x08, 0x78
	.byte 0x08, 0x22, 0x10, 0x43, 0x08, 0x70, 0x20, 0x68, 0x51, 0x30, 0x01, 0x78, 0x0D, 0x40, 0x05, 0x70
	.byte 0x20, 0x68, 0x51, 0x30, 0x01, 0x78, 0x0B, 0x40, 0x03, 0x70, 0x23, 0x68, 0x52, 0x33, 0x19, 0x78
	.byte 0x28, 0x3A, 0x10, 0x1C, 0x08, 0x40, 0x10, 0x21, 0x08, 0x43, 0x18, 0x70, 0x20, 0x68, 0x53, 0x30
	.byte 0x01, 0x78, 0x0A, 0x40, 0x02, 0x70, 0x38, 0x1C, 0x23, 0x30, 0x53, 0x46, 0x03, 0x70, 0x3C, 0x20
	.byte 0xF8, 0x84, 0xB8, 0x84, 0xC5, 0xE1, 0x80, 0xEC, 0x39, 0x08, 0x97, 0x25, 0xAD, 0x00, 0x78, 0x19
	.byte 0x00, 0x68, 0x40, 0x42, 0x11, 0x90, 0x9C, 0x20, 0xC0, 0x19, 0x80, 0x46, 0x4A, 0xE1, 0x3A, 0x1C
	.byte 0x9C, 0x32, 0x14, 0x9B, 0xD1, 0x18, 0x08, 0x68, 0x80, 0x25, 0x6D, 0x00, 0x40, 0x19, 0x3F, 0xE1
	.byte 0x3A, 0x1C, 0x9C, 0x32, 0x14, 0x98, 0x11, 0x18, 0x08, 0x68, 0x80, 0x23, 0x5B, 0x00, 0xC0, 0x18
	.byte 0x36, 0xE1, 0xF3, 0x25, 0xAD, 0x00, 0x78, 0x19, 0x14, 0x99, 0x40, 0x18, 0x01, 0x68, 0x0B, 0x1C
	.byte 0x21, 0x33, 0x18, 0x78, 0x00, 0x28, 0x2D, 0xD0, 0x2C, 0x22, 0x88, 0x5E, 0x01, 0x1C, 0x00, 0x28
	.byte 0x00, 0xDA, 0x0F, 0x31, 0x0A, 0x11, 0x01, 0x2A, 0x05, 0xD1, 0x01, 0x21, 0x49, 0x42, 0xC6, 0x20
	.byte 0xE7, 0xF6, 0xB9, 0xFB, 0x0B, 0xE0, 0x13, 0x49, 0x18, 0x78, 0x01, 0x38, 0x40, 0x18, 0x00, 0x78
	.byte 0x82, 0x42, 0x04, 0xD1, 0x01, 0x21, 0x49, 0x42, 0xC7, 0x20, 0xE7, 0xF6, 0xAC, 0xFB, 0xF3, 0x23
	.byte 0x9B, 0x00, 0xF8, 0x18, 0x14, 0x9D, 0x40, 0x19, 0x02, 0x68, 0x91, 0x7C, 0x08, 0x20, 0x08, 0x40
	.byte 0x00, 0x28, 0x07, 0xD0, 0x00, 0x20, 0x00, 0x90, 0x10, 0x1C, 0x00, 0x21, 0x00, 0x22, 0x00, 0x23
	.byte 0xEC, 0xF6, 0x67, 0xF9, 0x97, 0x21, 0x89, 0x00, 0x78, 0x18, 0x00, 0x68, 0x40, 0x42, 0x11, 0x90
	.byte 0x9C, 0x22, 0xD2, 0x19, 0xF5, 0xE0, 0x98, 0x0D, 0x3C, 0x08, 0x3A, 0x1C, 0x9C, 0x32, 0x14, 0x9B
	.byte 0xD1, 0x18, 0x08, 0x68, 0x80, 0x30, 0x08, 0x60, 0x55, 0x46, 0x69, 0x00, 0x38, 0x1C, 0x2A, 0x30
	.byte 0x40, 0x18, 0x00, 0x88, 0x90, 0x46, 0x56, 0x46, 0x01, 0x36, 0x01, 0x28, 0x00, 0xD0, 0x50, 0xE1
	.byte 0xF3, 0x21, 0x89, 0x00, 0x78, 0x18, 0xC0, 0x18, 0x03, 0x68, 0x1A, 0x1C, 0x21, 0x32, 0x10, 0x78
	.byte 0x00, 0x28, 0x01, 0xD0, 0x03, 0x28, 0x05, 0xD1, 0x11, 0x78, 0x01, 0x31, 0x00, 0x20, 0x00, 0x90
	.byte 0x18, 0x1C, 0x1F, 0xE1, 0x01, 0x28, 0x02, 0xD0, 0x04, 0x28, 0x00, 0xD0, 0x39, 0xE1, 0x99, 0x7C
	.byte 0x08, 0x20, 0x08, 0x40, 0x56, 0x46, 0x01, 0x36, 0x00, 0x28, 0x00, 0xD1, 0x31, 0xE1, 0x11, 0x78
	.byte 0x01, 0x31, 0x00, 0x20, 0x00, 0x90, 0x18, 0x1C, 0x0C, 0xE1, 0x3A, 0x1C, 0x9C, 0x32, 0x14, 0x9D
	.byte 0x53, 0x19, 0x18, 0x68, 0x81, 0x46, 0x80, 0x30, 0x18, 0x60, 0x55, 0x46, 0x69, 0x00, 0x38, 0x1C
	.byte 0x2A, 0x30, 0x40, 0x18, 0x00, 0x88, 0x90, 0x46, 0x00, 0x28, 0x02, 0xD0, 0x01, 0x28, 0x04, 0xD0
	.byte 0xA8, 0xE0, 0x48, 0x46, 0x80, 0x38, 0x18, 0x60, 0xA4, 0xE0, 0xF3, 0x21, 0x89, 0x00, 0x78, 0x18
	.byte 0x14, 0x9A, 0x80, 0x18, 0x12, 0x90, 0x05, 0x68, 0x2A, 0x1C, 0x21, 0x32, 0x14, 0x78, 0x20, 0x1C
	.byte 0x03, 0x21, 0x15, 0x92, 0x16, 0x93, 0xA8, 0xF0, 0x9A, 0xFE, 0x00, 0x06, 0x00, 0x0E, 0x15, 0x9A
	.byte 0x16, 0x9B, 0x00, 0x28, 0x07, 0xD1, 0x61, 0x1C, 0x00, 0x90, 0x28, 0x1C, 0x00, 0x22, 0x00, 0x23
	.byte 0xEC, 0xF6, 0xEF, 0xF8, 0x86, 0xE0, 0x01, 0x28, 0x1C, 0xD1, 0xBE, 0x23, 0x5B, 0x00, 0xF9, 0x18
	.byte 0x14, 0x98, 0x09, 0x18, 0x08, 0x68, 0x40, 0x30, 0x08, 0x60, 0xA9, 0x7C, 0x08, 0x20, 0x08, 0x40
	.byte 0x56, 0x46, 0x01, 0x36, 0x00, 0x28, 0x00, 0xD1, 0xE3, 0xE0, 0x11, 0x78, 0x01, 0x31, 0x00, 0x24
	.byte 0x00, 0x94, 0x28, 0x1C, 0x00, 0x22, 0x00, 0x23, 0xEC, 0xF6, 0xD3, 0xF8, 0x12, 0x99, 0x08, 0x68
	.byte 0xC4, 0x81, 0xD6, 0xE0, 0x56, 0x46, 0x01, 0x36, 0x02, 0x28, 0x00, 0xD0, 0xD1, 0xE0, 0xC0, 0x20
	.byte 0x40, 0x00, 0x48, 0x44, 0x18, 0x60, 0xCC, 0xE0, 0x52, 0x46, 0x51, 0x00, 0x38, 0x1C, 0x2A, 0x30
	.byte 0x40, 0x18, 0x00, 0x88, 0x9C, 0x23, 0xDB, 0x19, 0x98, 0x46, 0x56, 0x46, 0x01, 0x36, 0x01, 0x28
	.byte 0x00, 0xD1, 0xBE, 0xE0, 0x01, 0x28, 0x02, 0xDC, 0x00, 0x28, 0x03, 0xD0, 0xB9, 0xE0, 0x02, 0x28
	.byte 0x06, 0xD0, 0xB6, 0xE0, 0x14, 0x99, 0x41, 0x44, 0x08, 0x68, 0x40, 0x38, 0x08, 0x60, 0xB0, 0xE0
	.byte 0x14, 0x98, 0x40, 0x44, 0x01, 0x68, 0x80, 0x31, 0x01, 0x60, 0xF3, 0x25, 0xAD, 0x00, 0x78, 0x19
	.byte 0x14, 0x99, 0x40, 0x18, 0x02, 0x68, 0x10, 0x1C, 0x21, 0x30, 0x00, 0x78, 0x00, 0x28, 0x03, 0xD1
	.byte 0x00, 0x90, 0x10, 0x1C, 0x01, 0x21, 0x7D, 0xE0, 0x01, 0x28, 0x00, 0xD0, 0x99, 0xE0, 0x91, 0x7C
	.byte 0x08, 0x20, 0x08, 0x40, 0x00, 0x28, 0x00, 0xD1, 0x93, 0xE0, 0x00, 0x20, 0x00, 0x90, 0x10, 0x1C
	.byte 0x02, 0x21, 0x6F, 0xE0, 0x52, 0x46, 0x51, 0x00, 0x38, 0x1C, 0x2A, 0x30, 0x40, 0x18, 0x00, 0x88
	.byte 0x01, 0x28, 0x1A, 0xD0, 0x01, 0x28, 0x05, 0xDC, 0x00, 0x28, 0x0B, 0xD0, 0x9C, 0x23, 0xDB, 0x19
	.byte 0x98, 0x46, 0x0F, 0xE0, 0x02, 0x28, 0x36, 0xD0, 0x03, 0x28, 0x60, 0xD0, 0x9C, 0x25, 0xED, 0x19
	.byte 0xA8, 0x46, 0x07, 0xE0, 0x3A, 0x1C, 0x9C, 0x32, 0x14, 0x98, 0x11, 0x18, 0x08, 0x68, 0xC0, 0x30
	.byte 0x08, 0x60, 0x90, 0x46, 0x56, 0x46, 0x01, 0x36, 0x6B, 0xE0, 0xF3, 0x21, 0x89, 0x00, 0x78, 0x18
	.byte 0x14, 0x9A, 0x84, 0x18, 0x20, 0x68, 0x01, 0x1C, 0x21, 0x31, 0x09, 0x78, 0x00, 0x29, 0x05, 0xD1
	.byte 0x00, 0x91, 0x01, 0x21, 0x00, 0x22, 0x00, 0x23, 0xEC, 0xF6, 0x53, 0xF8, 0x22, 0x68, 0x10, 0x1C
	.byte 0x21, 0x30, 0x00, 0x78, 0x9C, 0x23, 0xDB, 0x19, 0x98, 0x46, 0x56, 0x46, 0x01, 0x36, 0x01, 0x28
	.byte 0x4F, 0xD1, 0x91, 0x7C, 0x08, 0x20, 0x08, 0x40, 0x00, 0x28, 0x4A, 0xD0, 0x00, 0x20, 0x00, 0x90
	.byte 0x10, 0x1C, 0x02, 0x21, 0x26, 0xE0, 0xF3, 0x25, 0xAD, 0x00, 0x78, 0x19, 0x14, 0x99, 0x44, 0x18
	.byte 0x21, 0x68, 0x08, 0x1C, 0x21, 0x30, 0x00, 0x78, 0x02, 0x28, 0x07, 0xD1, 0x00, 0x20, 0x00, 0x90
	.byte 0x08, 0x1C, 0x03, 0x21, 0x00, 0x22, 0x00, 0x23, 0xEC, 0xF6, 0x2B, 0xF8, 0x22, 0x68, 0x10, 0x1C
	.byte 0x21, 0x30, 0x00, 0x78, 0x9C, 0x23, 0xDB, 0x19, 0x98, 0x46, 0x56, 0x46, 0x01, 0x36, 0x03, 0x28
	.byte 0x27, 0xD1, 0x91, 0x7C, 0x08, 0x20, 0x08, 0x40, 0x00, 0x28, 0x22, 0xD0, 0x00, 0x20, 0x00, 0x90
	.byte 0x10, 0x1C, 0x00, 0x21, 0x00, 0x22, 0x00, 0x23, 0xEC, 0xF6, 0x13, 0xF8, 0x19, 0xE0, 0x3A, 0x1C
	.byte 0x9C, 0x32, 0x14, 0x9D, 0x51, 0x19, 0x08, 0x68, 0x80, 0x30, 0x08, 0x60, 0xF3, 0x21, 0x89, 0x00
	.byte 0x78, 0x18, 0x40, 0x19, 0x00, 0x68, 0x01, 0x1C, 0x21, 0x31, 0x09, 0x78, 0x90, 0x46, 0x56, 0x46
	.byte 0x01, 0x36, 0x00, 0x29, 0x05, 0xD1, 0x00, 0x91, 0x04, 0x21, 0x00, 0x22, 0x00, 0x23, 0xEB, 0xF6
	.byte 0xF8, 0xFF, 0x14, 0x98, 0xF3, 0x22, 0x92, 0x00, 0xB9, 0x18, 0x09, 0x18, 0x0A, 0x68, 0x40, 0x44
	.byte 0x00, 0x68, 0x00, 0x30, 0x00, 0x28, 0x00, 0xDA, 0xFF, 0x30, 0x00, 0x12, 0x10, 0x80, 0x09, 0x68
	.byte 0xBE, 0x23, 0x5B, 0x00, 0xF8, 0x18, 0x14, 0x9D, 0x40, 0x19, 0x00, 0x68, 0x11, 0x9A, 0x80, 0x18
	.byte 0x00, 0x28, 0x00, 0xDA, 0xFF, 0x30, 0x00, 0x12, 0x48, 0x80, 0xB2, 0x46, 0x37, 0x2E, 0x01, 0xDC
	.byte 0xFF, 0xF7, 0x16, 0xF9, 0x18, 0xB0, 0x38, 0xBC, 0x98, 0x46, 0xA1, 0x46, 0xAA, 0x46, 0xF0, 0xBC
	.byte 0x01, 0xBC, 0x00, 0x47, 0x00, 0x00
	thumb_func_start sub_81321B4
sub_81321B4:
	push {r4, r5, r6, r7, lr}
	mov r7, r9
	mov r6, r8
	push {r6, r7}
	ldr r4, [r0, #0x14]
	bl sub_8020A78
	ldr r0, _081322C4 @ =0x0300034C
	movs r1, #0x88
	lsls r1, r1, #0x04
	adds r0, r0, r1
	ldr r0, [r0, #0x00]
	mov r8, r0
	movs r2, #0xC3
	lsls r2, r2, #0x02
	adds r5, r4, r2
	ldr r3, _081322C8 @ =0x0203FFB8
	mov r9, r3
	ldr r4, [r3, #0x38]
	movs r7, #0x00
	movs r6, #0x2F
_081321DE:
	ldrb r0, [r5, #0x02]
	cmp r0, #0x00
	beq _08132212
	subs r0, #0x01
	strb r0, [r5, #0x02]
	ldrb r0, [r5, #0x01]
	strh r0, [r4, #0x00]
	ldrb r0, [r5, #0x00]
	strh r0, [r4, #0x02]
	ldrb r0, [r5, #0x02]
	movs r1, #0x06
	bl __udivsi3
	lsls r0, r0, #0x18
	lsrs r0, r0, #0x18
	movs r1, #0x16
	subs r1, r1, r0
	movs r2, #0x80
	lsls r2, r2, #0x05
	adds r0, r2, #0x0
	orrs r1, r0
	strh r1, [r4, #0x04]
	strh r7, [r4, #0x06]
	movs r0, #0x01
	str r0, [r4, #0x08]
	ldr r4, [r4, #0x10]
_08132212:
	adds r1, r5, #0x4
	ldrb r0, [r1, #0x02]
	cmp r0, #0x00
	beq _08132248
	subs r0, #0x01
	strb r0, [r1, #0x02]
	ldrb r0, [r1, #0x01]
	strh r0, [r4, #0x00]
	ldrb r0, [r5, #0x04]
	strh r0, [r4, #0x02]
	ldrb r0, [r1, #0x02]
	movs r1, #0x06
	bl __udivsi3
	lsls r0, r0, #0x18
	lsrs r0, r0, #0x18
	movs r1, #0x16
	subs r1, r1, r0
	movs r3, #0x80
	lsls r3, r3, #0x05
	adds r0, r3, #0x0
	orrs r1, r0
	strh r1, [r4, #0x04]
	strh r7, [r4, #0x06]
	movs r0, #0x01
	str r0, [r4, #0x08]
	ldr r4, [r4, #0x10]
_08132248:
	adds r1, r5, #0x0
	adds r1, #0x08
	ldrb r0, [r1, #0x02]
	cmp r0, #0x00
	beq _08132280
	subs r0, #0x01
	strb r0, [r1, #0x02]
	ldrb r0, [r1, #0x01]
	strh r0, [r4, #0x00]
	ldrb r0, [r5, #0x08]
	strh r0, [r4, #0x02]
	ldrb r0, [r1, #0x02]
	movs r1, #0x06
	bl __udivsi3
	lsls r0, r0, #0x18
	lsrs r0, r0, #0x18
	movs r1, #0x16
	subs r1, r1, r0
	movs r2, #0x80
	lsls r2, r2, #0x05
	adds r0, r2, #0x0
	orrs r1, r0
	strh r1, [r4, #0x04]
	strh r7, [r4, #0x06]
	movs r0, #0x01
	str r0, [r4, #0x08]
	ldr r4, [r4, #0x10]
_08132280:
	subs r6, #0x03
	adds r5, #0x0C
	cmp r6, #0x00
	bge _081321DE
	mov r3, r9
	str r4, [r3, #0x38]
	ldr r2, _081322CC @ =0x03000D48
	ldr r4, _081322C8 @ =0x0203FFB8
	ldr r0, [r4, #0x3C]
	ldr r3, _081322D0 @ =0x00000A14
	adds r1, r0, r3
	ldr r2, [r2, #0x00]
	bl _call_via_r2
	ldr r1, _081322D4 @ =0x03000D4C
	ldr r0, [r4, #0x3C]
	ldr r2, [r1, #0x00]
	mov r1, r8
	bl _call_via_r2
	mov r8, r0
	ldr r0, _081322C4 @ =0x0300034C
	movs r1, #0x88
	lsls r1, r1, #0x04
	adds r0, r0, r1
	mov r2, r8
	str r2, [r0, #0x00]
	pop {r3, r4}
	mov r8, r3
	mov r9, r4
	pop {r4, r5, r6, r7}
	pop {r0}
	bx r0
	.byte 0x00, 0x00
_081322C4: .4byte 0x0300034C
_081322C8: .4byte 0x0203FFB8
_081322CC: .4byte 0x03000D48
_081322D0: .4byte 0x00000A14
_081322D4: .4byte 0x03000D4C
	thumb_func_start sub_81322D8
sub_81322D8:
	push {r4, r5, r6, r7, lr}
	mov r7, r10
	mov r6, r9
	mov r5, r8
	push {r5, r6, r7}
	ldr r0, _08132328 @ =0x0300100E
	ldrh r0, [r0, #0x00]
	cmp r0, #0x00
	bne _081322FC
	ldr r1, _0813232C @ =0x0300100C
	ldrh r0, [r1, #0x00]
	adds r0, #0x80
	strh r0, [r1, #0x00]
	ldr r2, _08132330 @ =0x02000012
	ldrh r0, [r1, #0x00]
	lsrs r0, r0, #0x08
	subs r0, #0x90
	strh r0, [r2, #0x00]
_081322FC:
	ldr r1, _08132334 @ =0x040000BA
	movs r0, #0x00
	strh r0, [r1, #0x00]
	ldr r1, _08132338 @ =0x03001008
	ldr r2, [r1, #0x00]
	ldrb r3, [r2, #0x00]
	movs r0, #0x01
	ands r0, r3
	mov r9, r1
	cmp r0, #0x00
	beq _08132356
	movs r0, #0x02
	ands r0, r3
	cmp r0, #0x00
	bne _0813233C
	ldr r0, [r2, #0x04]
	subs r0, #0x40
	str r0, [r2, #0x04]
	ldr r0, [r2, #0x08]
	subs r0, #0x20
	str r0, [r2, #0x08]
	b _08132356
_08132328: .4byte 0x0300100E
_0813232C: .4byte 0x0300100C
_08132330: .4byte 0x02000012
_08132334: .4byte 0x040000BA
_08132338: .4byte 0x03001008
_0813233C:
	ldr r0, [r2, #0x04]
	subs r0, #0x80
	str r0, [r2, #0x04]
	ldr r0, [r2, #0x08]
	subs r0, #0x40
	str r0, [r2, #0x08]
	ldr r0, [r2, #0x0C]
	subs r0, #0x80
	str r0, [r2, #0x0C]
	ldr r0, [r2, #0x10]
	ldr r1, _08132390 @ =0xFFFFFF00
	adds r0, r0, r1
	str r0, [r2, #0x10]
_08132356:
	movs r5, #0x00
	mov r3, r9
	ldr r0, [r3, #0x00]
	adds r2, r0, #0x0
	adds r2, #0x14
	movs r6, #0x00
	ldr r0, _08132394 @ =0x083C8345
	mov r10, r0
	mov r8, r9
_08132368:
	mov r1, r8
	ldr r3, [r1, #0x00]
	lsls r1, r6, #0x02
	adds r0, r3, #0x4
	adds r0, r0, r1
	ldr r0, [r0, #0x00]
	cmp r0, #0x00
	bge _0813237A
	adds r0, #0xFF
_0813237A:
	lsls r0, r0, #0x08
	lsrs r4, r0, #0x10
	ldrb r1, [r3, #0x00]
	movs r0, #0x04
	ands r0, r1
	cmp r0, #0x00
	bne _0813239C
	ldr r0, _08132398 @ =0x02000014
	ldrh r0, [r0, #0x00]
	b _0813239E
	.byte 0x00, 0x00
_08132390: .4byte 0xFFFFFF00
_08132394: .4byte 0x083C8345
_08132398: .4byte 0x02000014
_0813239C:
	adds r0, r4, #0x0
_0813239E:
	mov r12, r0
	mov r3, r8
	ldr r0, [r3, #0x00]
	ldrb r1, [r0, #0x00]
	movs r0, #0x18
	ands r0, r1
	cmp r0, #0x00
	bne _081323B8
	ldr r0, _081323B4 @ =0x02000018
	ldrh r0, [r0, #0x00]
	b _081323BA
_081323B4: .4byte 0x02000018
_081323B8:
	adds r0, r4, #0x0
_081323BA:
	adds r4, r0, #0x0
	mov r1, r10
	adds r0, r6, r1
	ldrb r1, [r0, #0x00]
	mov r3, r8
	ldr r0, [r3, #0x00]
	ldrh r0, [r0, #0x02]
	subs r1, r1, r0
	lsls r1, r1, #0x10
	asrs r1, r1, #0x10
	adds r3, r6, #0x1
	cmp r5, r1
	bgt _081323F2
	ldr r7, _08132458 @ =0x02000016
	ldr r6, _0813245C @ =0x0200001A
_081323D8:
	mov r0, r12
	strh r0, [r2, #0x00]
	ldrh r0, [r7, #0x00]
	strh r0, [r2, #0x02]
	strh r4, [r2, #0x04]
	ldrh r0, [r6, #0x00]
	strh r0, [r2, #0x06]
	adds r0, r5, #0x1
	lsls r0, r0, #0x18
	lsrs r5, r0, #0x18
	adds r2, #0x08
	cmp r5, r1
	ble _081323D8
_081323F2:
	adds r6, r3, #0x0
	cmp r6, #0x03
	ble _08132368
	cmp r5, #0x9F
	bhi _08132420
	ldr r6, _08132460 @ =0x02000014
	ldr r4, _08132458 @ =0x02000016
	ldr r3, _08132464 @ =0x02000018
	ldr r1, _0813245C @ =0x0200001A
_08132404:
	ldrh r0, [r6, #0x00]
	strh r0, [r2, #0x00]
	ldrh r0, [r4, #0x00]
	strh r0, [r2, #0x02]
	ldrh r0, [r3, #0x00]
	strh r0, [r2, #0x04]
	ldrh r0, [r1, #0x00]
	strh r0, [r2, #0x06]
	adds r0, r5, #0x1
	lsls r0, r0, #0x18
	lsrs r5, r0, #0x18
	adds r2, #0x08
	cmp r5, #0x9F
	bls _08132404
_08132420:
	ldr r3, _08132468 @ =0x04000014
	mov r0, r9
	ldr r1, [r0, #0x00]
	ldrh r0, [r1, #0x14]
	strh r0, [r3, #0x00]
	ldr r2, _0813246C @ =0x04000016
	ldrh r0, [r1, #0x16]
	strh r0, [r2, #0x00]
	adds r2, #0x02
	ldrh r0, [r1, #0x18]
	strh r0, [r2, #0x00]
	adds r2, #0x02
	ldrh r0, [r1, #0x1A]
	strh r0, [r2, #0x00]
	adds r2, #0x96
	adds r1, #0x1C
	str r1, [r2, #0x00]
	str r3, [r2, #0x04]
	ldr r0, _08132470 @ =0xA6600002
	str r0, [r2, #0x08]
	pop {r3, r4, r5}
	mov r8, r3
	mov r9, r4
	mov r10, r5
	pop {r4, r5, r6, r7}
	pop {r0}
	bx r0
	.byte 0x00, 0x00
_08132458: .4byte 0x02000016
_0813245C: .4byte 0x0200001A
_08132460: .4byte 0x02000014
_08132464: .4byte 0x02000018
_08132468: .4byte 0x04000014
_0813246C: .4byte 0x04000016
_08132470: .4byte 0xA6600002
	.byte 0x30, 0xB5, 0x04, 0x1C, 0x0D, 0x1C, 0x1F, 0x48, 0xA0, 0x61, 0xEF, 0xF6, 0xA9, 0xFD, 0xA1, 0x21
	.byte 0x89, 0x00, 0x60, 0x18, 0x00, 0x68, 0xE6, 0xF6, 0x8D, 0xFC, 0xA4, 0x21, 0x89, 0x00, 0x60, 0x18
	.byte 0x00, 0x68, 0xE6, 0xF6, 0x87, 0xFC, 0xA2, 0x21, 0x89, 0x00, 0x60, 0x18, 0x00, 0x68, 0x00, 0x28
	.byte 0x01, 0xD0, 0xE6, 0xF6, 0x79, 0xFC, 0x14, 0x48, 0x00, 0x68, 0xE6, 0xF6, 0x7B, 0xFC, 0xAE, 0x21
	.byte 0x89, 0x00, 0x60, 0x18, 0x00, 0x68, 0x00, 0x28, 0x02, 0xD0, 0x03, 0x21, 0xE4, 0xF7, 0xF4, 0xF8
	.byte 0xAF, 0x21, 0x89, 0x00, 0x60, 0x18, 0x00, 0x68, 0x00, 0x28, 0x02, 0xD0, 0x03, 0x21, 0x2B, 0xF7
	.byte 0xA3, 0xFA, 0xB0, 0x21, 0x89, 0x00, 0x60, 0x18, 0x00, 0x68, 0x00, 0x28, 0x02, 0xD0, 0x03, 0x21
	.byte 0xE7, 0xF6, 0xAA, 0xFB, 0x20, 0x1C, 0x29, 0x1C, 0xE7, 0xF6, 0xA6, 0xFB, 0x30, 0xBC, 0x01, 0xBC
	.byte 0x00, 0x47, 0x00, 0x00, 0x18, 0xC4, 0xCD, 0x08, 0x08, 0x10, 0x00, 0x03, 0x10, 0xB5, 0x04, 0x1C
	.byte 0x09, 0x06, 0x09, 0x0E, 0xE7, 0xF6, 0x4E, 0xFA, 0x02, 0x48, 0xA0, 0x61, 0x20, 0x1C, 0x10, 0xBC
	.byte 0x02, 0xBC, 0x08, 0x47, 0x28, 0xC4, 0xCD, 0x08, 0x01, 0x49, 0xC1, 0x64, 0x01, 0x20, 0x70, 0x47
	.byte 0x29, 0x25, 0x13, 0x08
	thumb_func_start sub_8132528
sub_8132528:
	push {r4, lr}
	add sp, #-0x004
	adds r4, r0, #0x0
	ldr r2, [r4, #0x2C]
	ldr r0, [r2, #0x38]
	cmp r0, #0x00
	bge _08132538
	adds r0, #0xFF
_08132538:
	asrs r0, r0, #0x08
	adds r1, r0, #0x0
	adds r1, #0x28
	ldr r2, [r2, #0x3C]
	cmp r2, #0x00
	bge _08132546
	adds r2, #0xFF
_08132546:
	asrs r2, r2, #0x08
	movs r0, #0x80
	lsls r0, r0, #0x01
	str r0, [sp, #0x000]
	adds r0, r4, #0x0
	movs r3, #0x00
	bl sub_808843C
	movs r1, #0xA0
	lsls r1, r1, #0x02
	adds r0, r4, #0x0
	bl sub_80880C4
	ldr r0, _0813256C @ =0x08132571
	str r0, [r4, #0x4C]
	add sp, #0x004
	pop {r4}
	pop {r0}
	bx r0
_0813256C: .4byte sub_8132570
	thumb_func_start sub_8132570
sub_8132570:
	push {r4, lr}
	adds r4, r0, #0x0
	bl sub_8087CE4
	lsls r0, r0, #0x18
	cmp r0, #0x00
	bne _0813258A
	adds r0, r4, #0x0
	movs r1, #0x0A
	bl sub_80883A0
	ldr r0, _08132590 @ =0x08132595
	str r0, [r4, #0x4C]
_0813258A:
	pop {r4}
	pop {r0}
	bx r0
_08132590: .4byte sub_8132594
	thumb_func_start sub_8132594
sub_8132594:
	push {r4, lr}
	add sp, #-0x004
	adds r4, r0, #0x0
	bl sub_80883F0
	lsls r0, r0, #0x18
	cmp r0, #0x00
	bne _081325DC
	ldr r2, [r4, #0x2C]
	ldr r1, [r2, #0x38]
	cmp r1, #0x00
	bge _081325AE
	adds r1, #0xFF
_081325AE:
	asrs r1, r1, #0x08
	ldr r2, [r2, #0x3C]
	cmp r2, #0x00
	bge _081325B8
	adds r2, #0xFF
_081325B8:
	asrs r2, r2, #0x08
	movs r0, #0x80
	lsls r0, r0, #0x01
	str r0, [sp, #0x000]
	adds r0, r4, #0x0
	movs r3, #0x00
	bl sub_808843C
	movs r1, #0xC0
	lsls r1, r1, #0x02
	adds r0, r4, #0x0
	bl sub_80880C4
	adds r0, r4, #0x0
	bl sub_807F4FC
	ldr r0, _081325E4 @ =0x081325E9
	str r0, [r4, #0x4C]
_081325DC:
	add sp, #0x004
	pop {r4}
	pop {r0}
	bx r0
_081325E4: .4byte sub_81325E8
	thumb_func_start sub_81325E8
sub_81325E8:
	push {r4, lr}
	add sp, #-0x004
	adds r4, r0, #0x0
	bl sub_8087CE4
	lsls r0, r0, #0x18
	cmp r0, #0x00
	bne _08132644
	ldr r3, [r4, #0x28]
	adds r0, r3, #0x0
	adds r0, #0xD8
	ldr r0, [r0, #0x00]
	cmp r0, #0x00
	bge _08132606
	adds r0, #0xFF
_08132606:
	asrs r1, r0, #0x08
	adds r0, r3, #0x0
	adds r0, #0xDC
	ldr r0, [r0, #0x00]
	cmp r0, #0x00
	bge _08132614
	adds r0, #0xFF
_08132614:
	asrs r2, r0, #0x08
	adds r0, r3, #0x0
	adds r0, #0xE0
	ldr r0, [r0, #0x00]
	cmp r0, #0x00
	bge _08132622
	adds r0, #0xFF
_08132622:
	asrs r3, r0, #0x08
	movs r0, #0x80
	lsls r0, r0, #0x01
	str r0, [sp, #0x000]
	adds r0, r4, #0x0
	bl sub_808843C
	movs r1, #0xE0
	lsls r1, r1, #0x02
	adds r0, r4, #0x0
	bl sub_80880C4
	adds r0, r4, #0x0
	bl sub_807F47C
	ldr r0, _0813264C @ =0x08132651
	str r0, [r4, #0x4C]
_08132644:
	add sp, #0x004
	pop {r4}
	pop {r0}
	bx r0
_0813264C: .4byte sub_8132650
	thumb_func_start sub_8132650
sub_8132650:
	push {r4, r5, lr}
	adds r4, r0, #0x0
	bl sub_8087CE4
	lsls r0, r0, #0x18
	lsrs r5, r0, #0x18
	cmp r5, #0x00
	bne _08132670
	movs r2, #0x01
	negs r2, r2
	adds r0, r4, #0x0
	adds r1, r2, #0x0
	movs r3, #0x00
	bl sub_8082E1C
	str r5, [r4, #0x4C]
_08132670:
	pop {r4, r5}
	pop {r0}
	bx r0
	.byte 0x00, 0x00
	thumb_func_start sub_8132678
sub_8132678:
	push {r4, r5, r6, r7, lr}
	add sp, #-0x00C
	adds r6, r0, #0x0
	ldr r0, [r6, #0x08]
	ldrb r1, [r0, #0x12]
	movs r0, #0x08
	ands r0, r1
	cmp r0, #0x00
	bne _0813268C
	b _081327FA
_0813268C:
	adds r0, r6, #0x0
	movs r1, #0x07
	movs r2, #0x00
	movs r3, #0x00
	bl sub_8082E1C
	movs r1, #0x01
	negs r1, r1
	movs r0, #0x85
	bl play_sfx_80195B4
	ldr r1, [r6, #0x38]
	cmp r1, #0x00
	bge _081326AA
	adds r1, #0xFF
_081326AA:
	asrs r1, r1, #0x08
	ldr r0, [r6, #0x3C]
	cmp r0, #0x00
	bge _081326B4
	adds r0, #0xFF
_081326B4:
	asrs r0, r0, #0x08
	adds r2, r0, #0x2
	ldr r3, [r6, #0x40]
	cmp r3, #0x00
	bge _081326C0
	adds r3, #0xFF
_081326C0:
	asrs r3, r3, #0x08
	str r6, [sp, #0x000]
	ldr r0, _08132804 @ =0x00002177
	bl sub_80DF024
	ldr r1, [r6, #0x28]
	ldr r0, [r6, #0x38]
	cmp r0, #0x00
	bge _081326D4
	adds r0, #0xFF
_081326D4:
	asrs r0, r0, #0x08
	adds r2, r0, #0x0
	subs r2, #0x11
	ldr r0, [r6, #0x3C]
	cmp r0, #0x00
	bge _081326E2
	adds r0, #0xFF
_081326E2:
	asrs r0, r0, #0x08
	adds r3, r0, #0x5
	ldr r0, [r6, #0x40]
	cmp r0, #0x00
	bge _081326EE
	adds r0, #0xFF
_081326EE:
	asrs r0, r0, #0x08
	adds r0, #0x17
	str r0, [sp, #0x000]
	ldr r0, [r6, #0x08]
	ldrb r0, [r0, #0x11]
	lsls r0, r0, #0x19
	lsrs r0, r0, #0x1F
	str r0, [sp, #0x004]
	movs r4, #0x01
	str r4, [sp, #0x008]
	adds r0, r1, #0x0
	ldr r1, _08132808 @ =0x00004103
	bl sub_807BF34
	adds r5, r0, #0x0
	str r5, [r6, #0x30]
	adds r2, r5, #0x0
	adds r2, #0x78
	ldrb r1, [r2, #0x00]
	movs r0, #0x1F
	ands r0, r1
	movs r1, #0x20
	orrs r0, r1
	strb r0, [r2, #0x00]
	movs r0, #0x77
	adds r0, r0, r6
	mov r12, r0
	ldrb r0, [r0, #0x00]
	lsls r0, r0, #0x19
	lsrs r0, r0, #0x1F
	adds r3, r5, #0x0
	adds r3, #0x77
	adds r2, r4, #0x0
	ands r2, r0
	lsls r2, r2, #0x06
	ldrb r0, [r3, #0x00]
	movs r1, #0x41
	negs r1, r1
	ands r1, r0
	orrs r1, r2
	strb r1, [r3, #0x00]
	mov r2, r12
	ldrb r0, [r2, #0x00]
	lsls r0, r0, #0x1A
	lsrs r0, r0, #0x1F
	ands r4, r0
	lsls r4, r4, #0x05
	movs r0, #0x21
	negs r0, r0
	ands r1, r0
	orrs r1, r4
	strb r1, [r3, #0x00]
	ldr r0, _0813280C @ =0x08087541
	str r0, [r5, #0x68]
	ldr r0, [r6, #0x6C]
	str r0, [r5, #0x6C]
	ldr r1, [r6, #0x2C]
	str r1, [r5, #0x2C]
	adds r1, #0x76
	ldrb r2, [r1, #0x00]
	movs r0, #0x7F
	ands r0, r2
	strb r0, [r1, #0x00]
	adds r0, r5, #0x0
	bl sub_807F4FC
	movs r0, #0x00
	str r0, [r5, #0x5C]
	str r0, [r5, #0x60]
	str r0, [r5, #0x64]
	adds r1, r5, #0x0
	adds r1, #0x74
	movs r0, #0x03
	strb r0, [r1, #0x00]
	ldr r0, [r5, #0x38]
	cmp r0, #0x00
	bge _0813278A
	adds r0, #0xFF
_0813278A:
	asrs r0, r0, #0x08
	adds r1, r5, #0x0
	adds r1, #0xAE
	strh r0, [r1, #0x00]
	ldr r0, [r5, #0x3C]
	cmp r0, #0x00
	bge _0813279A
	adds r0, #0xFF
_0813279A:
	asrs r0, r0, #0x08
	movs r7, #0xB0
	adds r7, r7, r5
	mov r12, r7
	strh r0, [r7, #0x00]
	ldr r0, [r5, #0x40]
	cmp r0, #0x00
	bge _081327AC
	adds r0, #0xFF
_081327AC:
	asrs r0, r0, #0x08
	adds r4, r5, #0x0
	adds r4, #0xB2
	strh r0, [r4, #0x00]
	adds r3, r5, #0x0
	adds r3, #0x84
	ldr r0, [r6, #0x2C]
	ldr r2, [r0, #0x28]
	adds r0, r2, #0x0
	adds r0, #0xD8
	movs r7, #0x00
	ldsh r1, [r1, r7]
	subs r1, #0x04
	lsls r1, r1, #0x08
	ldr r0, [r0, #0x00]
	subs r0, r0, r1
	str r0, [r3, #0x00]
	adds r3, #0x04
	adds r2, #0xDC
	mov r0, r12
	movs r7, #0x00
	ldsh r1, [r0, r7]
	lsls r1, r1, #0x08
	ldr r0, [r2, #0x00]
	subs r0, r0, r1
	str r0, [r3, #0x00]
	adds r2, r5, #0x0
	adds r2, #0x8C
	movs r0, #0x00
	ldsh r1, [r4, r0]
	lsls r1, r1, #0x08
	movs r0, #0xC0
	lsls r0, r0, #0x03
	subs r0, r0, r1
	str r0, [r2, #0x00]
	ldr r0, _08132810 @ =0x081329AD
	str r0, [r5, #0x4C]
	ldr r0, _08132814 @ =0x08132DA1
	str r0, [r6, #0x4C]
_081327FA:
	add sp, #0x00C
	pop {r4, r5, r6, r7}
	pop {r0}
	bx r0
	.byte 0x00, 0x00
_08132804: .4byte 0x00002177
_08132808: .4byte 0x00004103
_0813280C: .4byte sub_8087540
_08132810: .4byte sub_81329AC
_08132814: .4byte sub_8132DA0
	thumb_func_start sub_8132818
sub_8132818:
	push {r4, r5, r6, r7, lr}
	add sp, #-0x00C
	adds r6, r0, #0x0
	ldr r0, [r6, #0x08]
	ldrb r1, [r0, #0x12]
	movs r0, #0x08
	ands r0, r1
	cmp r0, #0x00
	bne _0813282C
	b _0813298E
_0813282C:
	adds r0, r6, #0x0
	movs r1, #0x0B
	movs r2, #0x00
	movs r3, #0x00
	bl sub_8082E1C
	movs r1, #0x01
	negs r1, r1
	movs r0, #0x62
	bl play_sfx_80195B4
	ldr r1, [r6, #0x38]
	cmp r1, #0x00
	bge _0813284A
	adds r1, #0xFF
_0813284A:
	asrs r1, r1, #0x08
	ldr r0, [r6, #0x3C]
	cmp r0, #0x00
	bge _08132854
	adds r0, #0xFF
_08132854:
	asrs r0, r0, #0x08
	adds r2, r0, #0x2
	ldr r3, [r6, #0x40]
	cmp r3, #0x00
	bge _08132860
	adds r3, #0xFF
_08132860:
	asrs r3, r3, #0x08
	str r6, [sp, #0x000]
	ldr r0, _08132998 @ =0x0000217F
	bl sub_80DF024
	ldr r1, [r6, #0x28]
	ldr r0, [r6, #0x38]
	cmp r0, #0x00
	bge _08132874
	adds r0, #0xFF
_08132874:
	asrs r0, r0, #0x08
	adds r2, r0, #0x0
	subs r2, #0x18
	ldr r0, [r6, #0x3C]
	cmp r0, #0x00
	bge _08132882
	adds r0, #0xFF
_08132882:
	asrs r0, r0, #0x08
	adds r3, r0, #0x5
	ldr r0, [r6, #0x40]
	cmp r0, #0x00
	bge _0813288E
	adds r0, #0xFF
_0813288E:
	asrs r0, r0, #0x08
	adds r0, #0x1D
	str r0, [sp, #0x000]
	ldr r0, [r6, #0x08]
	ldrb r0, [r0, #0x11]
	lsls r0, r0, #0x19
	lsrs r0, r0, #0x1F
	str r0, [sp, #0x004]
	movs r4, #0x01
	str r4, [sp, #0x008]
	adds r0, r1, #0x0
	ldr r1, _0813299C @ =0x00004104
	bl sub_807BF34
	adds r5, r0, #0x0
	str r5, [r6, #0x30]
	adds r2, r5, #0x0
	adds r2, #0x78
	ldrb r1, [r2, #0x00]
	movs r0, #0x1F
	ands r0, r1
	movs r1, #0x20
	orrs r0, r1
	strb r0, [r2, #0x00]
	movs r0, #0x77
	adds r0, r0, r6
	mov r12, r0
	ldrb r0, [r0, #0x00]
	lsls r0, r0, #0x19
	lsrs r0, r0, #0x1F
	adds r3, r5, #0x0
	adds r3, #0x77
	adds r2, r4, #0x0
	ands r2, r0
	lsls r2, r2, #0x06
	ldrb r0, [r3, #0x00]
	movs r1, #0x41
	negs r1, r1
	ands r1, r0
	orrs r1, r2
	strb r1, [r3, #0x00]
	mov r2, r12
	ldrb r0, [r2, #0x00]
	lsls r0, r0, #0x1A
	lsrs r0, r0, #0x1F
	ands r4, r0
	lsls r4, r4, #0x05
	movs r0, #0x21
	negs r0, r0
	ands r1, r0
	orrs r1, r4
	strb r1, [r3, #0x00]
	ldr r0, _081329A0 @ =0x08087541
	str r0, [r5, #0x68]
	ldr r0, [r6, #0x6C]
	str r0, [r5, #0x6C]
	ldr r0, [r6, #0x2C]
	str r0, [r5, #0x2C]
	adds r0, r5, #0x0
	bl sub_807F4FC
	movs r0, #0x00
	str r0, [r5, #0x5C]
	str r0, [r5, #0x60]
	str r0, [r5, #0x64]
	adds r1, r5, #0x0
	adds r1, #0x74
	movs r0, #0x03
	strb r0, [r1, #0x00]
	ldr r0, [r5, #0x38]
	cmp r0, #0x00
	bge _08132920
	adds r0, #0xFF
_08132920:
	asrs r0, r0, #0x08
	adds r1, r5, #0x0
	adds r1, #0xAE
	strh r0, [r1, #0x00]
	ldr r0, [r5, #0x3C]
	cmp r0, #0x00
	bge _08132930
	adds r0, #0xFF
_08132930:
	asrs r0, r0, #0x08
	movs r7, #0xB0
	adds r7, r7, r5
	mov r12, r7
	strh r0, [r7, #0x00]
	ldr r0, [r5, #0x40]
	cmp r0, #0x00
	bge _08132942
	adds r0, #0xFF
_08132942:
	asrs r0, r0, #0x08
	adds r4, r5, #0x0
	adds r4, #0xB2
	strh r0, [r4, #0x00]
	adds r3, r5, #0x0
	adds r3, #0x84
	ldr r0, [r6, #0x2C]
	ldr r2, [r0, #0x28]
	adds r0, r2, #0x0
	adds r0, #0xD8
	movs r7, #0x00
	ldsh r1, [r1, r7]
	lsls r1, r1, #0x08
	ldr r0, [r0, #0x00]
	subs r0, r0, r1
	str r0, [r3, #0x00]
	adds r3, #0x04
	adds r2, #0xDC
	mov r0, r12
	movs r7, #0x00
	ldsh r1, [r0, r7]
	lsls r1, r1, #0x08
	ldr r0, [r2, #0x00]
	subs r0, r0, r1
	str r0, [r3, #0x00]
	adds r2, r5, #0x0
	adds r2, #0x8C
	movs r0, #0x00
	ldsh r1, [r4, r0]
	lsls r1, r1, #0x08
	movs r0, #0xC0
	lsls r0, r0, #0x03
	subs r0, r0, r1
	str r0, [r2, #0x00]
	ldr r0, _081329A4 @ =0x08132AA5
	str r0, [r5, #0x4C]
	ldr r0, _081329A8 @ =0x08132D79
	str r0, [r6, #0x4C]
_0813298E:
	add sp, #0x00C
	pop {r4, r5, r6, r7}
	pop {r0}
	bx r0
	.byte 0x00, 0x00
_08132998: .4byte 0x0000217F
_0813299C: .4byte 0x00004104
_081329A0: .4byte sub_8087540
_081329A4: .4byte sub_8132AA4
_081329A8: .4byte sub_8132D78
	thumb_func_start sub_81329AC
sub_81329AC:
	push {r4, r5, r6, r7, lr}
	mov r7, r10
	mov r6, r9
	mov r5, r8
	push {r5, r6, r7}
	add sp, #-0x018
	adds r5, r0, #0x0
	ldr r1, [r5, #0x08]
	movs r2, #0x90
	lsls r2, r2, #0x05
	adds r0, r2, #0x0
	ldrh r3, [r1, #0x0C]
	adds r0, r0, r3
	strh r0, [r1, #0x0C]
	ldr r4, [r5, #0x10]
	ldr r0, _08132A98 @ =0xFFFFFC00
	adds r4, r4, r0
	str r4, [r5, #0x10]
	adds r7, r5, #0x0
	adds r7, #0xAE
	movs r1, #0x00
	ldsh r0, [r7, r1]
	lsls r0, r0, #0x08
	subs r0, r4, r0
	movs r2, #0x88
	adds r2, r2, r5
	mov r9, r2
	ldr r1, [r2, #0x00]
	muls r0, r1
	adds r6, r5, #0x0
	adds r6, #0x84
	ldr r1, [r6, #0x00]
	bl __divsi3
	movs r3, #0xB0
	adds r3, r3, r5
	mov r10, r3
	movs r2, #0x00
	ldsh r1, [r3, r2]
	lsls r1, r1, #0x08
	adds r0, r0, r1
	str r0, [r5, #0x14]
	movs r3, #0x00
	ldsh r0, [r7, r3]
	lsls r0, r0, #0x08
	subs r0, r4, r0
	adds r1, r5, #0x0
	adds r1, #0x8C
	ldr r1, [r1, #0x00]
	muls r0, r1
	ldr r1, [r6, #0x00]
	bl __divsi3
	movs r1, #0xB2
	adds r1, r1, r5
	mov r8, r1
	movs r2, #0x00
	ldsh r1, [r1, r2]
	lsls r1, r1, #0x08
	adds r0, r0, r1
	str r0, [r5, #0x18]
	movs r3, #0x00
	ldsh r0, [r7, r3]
	lsls r0, r0, #0x08
	ldr r1, [r6, #0x00]
	adds r0, r0, r1
	cmp r4, r0
	bge _08132A86
	movs r1, #0x01
	negs r1, r1
	movs r0, #0xAD
	bl play_sfx_80195B4
	ldr r4, _08132A9C @ =0xFFFF3800
	mov r0, r9
	ldr r1, [r0, #0x00]
	lsls r0, r1, #0x01
	adds r0, r0, r1
	lsls r0, r0, #0x03
	adds r0, r0, r1
	lsls r0, r0, #0x0B
	negs r0, r0
	ldr r1, [r6, #0x00]
	bl __divsi3
	str r0, [sp, #0x000]
	movs r1, #0x00
	str r1, [sp, #0x004]
	movs r0, #0xC0
	lsls r0, r0, #0x06
	str r0, [sp, #0x008]
	movs r0, #0x80
	lsls r0, r0, #0x03
	str r0, [sp, #0x00C]
	movs r0, #0x80
	lsls r0, r0, #0x01
	str r0, [sp, #0x010]
	str r1, [sp, #0x014]
	adds r0, r7, #0x0
	mov r1, r10
	mov r2, r8
	adds r3, r4, #0x0
	bl sub_808552C
	adds r1, r5, #0x0
	adds r1, #0x94
	str r0, [r1, #0x00]
	ldr r0, _08132AA0 @ =0x08132CE9
	str r0, [r5, #0x4C]
_08132A86:
	add sp, #0x018
	pop {r3, r4, r5}
	mov r8, r3
	mov r9, r4
	mov r10, r5
	pop {r4, r5, r6, r7}
	pop {r0}
	bx r0
	.byte 0x00, 0x00
_08132A98: .4byte 0xFFFFFC00
_08132A9C: .4byte 0xFFFF3800
_08132AA0: .4byte sub_8132CE8
	thumb_func_start sub_8132AA4
sub_8132AA4:
	push {r4, r5, r6, r7, lr}
	mov r7, r10
	mov r6, r9
	mov r5, r8
	push {r5, r6, r7}
	add sp, #-0x018
	adds r5, r0, #0x0
	ldr r1, [r5, #0x08]
	movs r2, #0x80
	lsls r2, r2, #0x05
	adds r0, r2, #0x0
	ldrh r3, [r1, #0x0C]
	adds r0, r0, r3
	strh r0, [r1, #0x0C]
	ldr r4, [r5, #0x10]
	ldr r0, _08132B7C @ =0xFFFFFD80
	adds r4, r4, r0
	str r4, [r5, #0x10]
	adds r7, r5, #0x0
	adds r7, #0xAE
	movs r1, #0x00
	ldsh r0, [r7, r1]
	lsls r0, r0, #0x08
	subs r0, r4, r0
	movs r2, #0x88
	adds r2, r2, r5
	mov r9, r2
	ldr r1, [r2, #0x00]
	muls r0, r1
	adds r6, r5, #0x0
	adds r6, #0x84
	ldr r1, [r6, #0x00]
	bl __divsi3
	movs r3, #0xB0
	adds r3, r3, r5
	mov r10, r3
	movs r2, #0x00
	ldsh r1, [r3, r2]
	lsls r1, r1, #0x08
	adds r0, r0, r1
	str r0, [r5, #0x14]
	movs r3, #0x00
	ldsh r0, [r7, r3]
	lsls r0, r0, #0x08
	subs r4, r4, r0
	adds r0, r5, #0x0
	adds r0, #0x8C
	ldr r0, [r0, #0x00]
	muls r0, r4
	ldr r1, [r6, #0x00]
	bl __divsi3
	movs r1, #0xB2
	adds r1, r1, r5
	mov r8, r1
	movs r2, #0x00
	ldsh r1, [r1, r2]
	lsls r1, r1, #0x08
	adds r0, r0, r1
	str r0, [r5, #0x18]
	ldr r1, _08132B80 @ =0x000005FF
	cmp r0, r1
	bgt _08132B6A
	ldr r4, _08132B84 @ =0xFFFF6000
	mov r3, r9
	ldr r1, [r3, #0x00]
	lsls r0, r1, #0x02
	adds r0, r0, r1
	lsls r0, r0, #0x0D
	negs r0, r0
	ldr r1, [r6, #0x00]
	bl __divsi3
	str r0, [sp, #0x000]
	movs r0, #0x00
	str r0, [sp, #0x004]
	movs r0, #0xE0
	lsls r0, r0, #0x06
	str r0, [sp, #0x008]
	movs r0, #0xA0
	lsls r0, r0, #0x02
	str r0, [sp, #0x00C]
	movs r0, #0x80
	lsls r0, r0, #0x01
	str r0, [sp, #0x010]
	movs r1, #0x00
	str r1, [sp, #0x014]
	adds r0, r7, #0x0
	mov r1, r10
	mov r2, r8
	adds r3, r4, #0x0
	bl sub_808552C
	adds r1, r5, #0x0
	adds r1, #0x94
	str r0, [r1, #0x00]
	ldr r0, _08132B88 @ =0x08132B8D
	str r0, [r5, #0x4C]
_08132B6A:
	add sp, #0x018
	pop {r3, r4, r5}
	mov r8, r3
	mov r9, r4
	mov r10, r5
	pop {r4, r5, r6, r7}
	pop {r0}
	bx r0
	.byte 0x00, 0x00
_08132B7C: .4byte 0xFFFFFD80
_08132B80: .4byte 0x000005FF
_08132B84: .4byte 0xFFFF6000
_08132B88: .4byte sub_8132B8C
	thumb_func_start sub_8132B8C
sub_8132B8C:
	push {r4, r5, r6, r7, lr}
	mov r7, r8
	push {r7}
	add sp, #-0x018
	adds r4, r0, #0x0
	ldr r1, [r4, #0x08]
	movs r2, #0x80
	lsls r2, r2, #0x05
	adds r0, r2, #0x0
	ldrh r2, [r1, #0x0C]
	adds r0, r0, r2
	strh r0, [r1, #0x0C]
	adds r5, r4, #0x0
	adds r5, #0xB2
	movs r0, #0x94
	adds r0, r0, r4
	mov r8, r0
	ldr r1, [r0, #0x00]
	ldrh r0, [r5, #0x00]
	adds r0, r0, r1
	strh r0, [r5, #0x00]
	adds r7, r4, #0x0
	adds r7, #0xAE
	movs r1, #0x00
	ldsh r0, [r7, r1]
	ldr r2, [r4, #0x10]
	adds r2, r2, r0
	str r2, [r4, #0x10]
	adds r6, r4, #0x0
	adds r6, #0xB0
	movs r0, #0x00
	ldsh r1, [r6, r0]
	ldr r0, [r4, #0x14]
	adds r0, r0, r1
	str r0, [r4, #0x14]
	movs r0, #0x00
	ldsh r1, [r5, r0]
	ldr r0, [r4, #0x18]
	adds r0, r0, r1
	str r0, [r4, #0x18]
	ldr r0, _08132C48 @ =0xFFFFF000
	cmp r2, r0
	bge _08132C3C
	movs r1, #0x01
	negs r1, r1
	movs r0, #0x62
	bl play_sfx_80195B4
	movs r0, #0x80
	lsls r0, r0, #0x09
	str r0, [r4, #0x10]
	ldr r1, [r4, #0x28]
	ldr r0, [r1, #0x44]
	str r0, [r4, #0x14]
	ldr r0, [r1, #0x48]
	str r0, [r4, #0x18]
	ldr r3, [r1, #0x40]
	ldr r1, _08132C4C @ =0xFFFF1700
	adds r3, r3, r1
	movs r0, #0xA0
	lsls r0, r0, #0x03
	str r0, [sp, #0x000]
	movs r0, #0x8C
	lsls r0, r0, #0x06
	str r0, [sp, #0x004]
	movs r0, #0x80
	lsls r0, r0, #0x07
	str r0, [sp, #0x008]
	movs r0, #0xA0
	lsls r0, r0, #0x02
	str r0, [sp, #0x00C]
	movs r0, #0x80
	lsls r0, r0, #0x01
	str r0, [sp, #0x010]
	movs r0, #0x00
	str r0, [sp, #0x014]
	adds r0, r7, #0x0
	adds r1, r6, #0x0
	adds r2, r5, #0x0
	bl sub_808552C
	mov r2, r8
	str r0, [r2, #0x00]
	adds r0, r4, #0x0
	bl sub_807F47C
	ldr r0, _08132C50 @ =0x08132C55
	str r0, [r4, #0x4C]
_08132C3C:
	add sp, #0x018
	pop {r3}
	mov r8, r3
	pop {r4, r5, r6, r7}
	pop {r0}
	bx r0
_08132C48: .4byte 0xFFFFF000
_08132C4C: .4byte 0xFFFF1700
_08132C50: .4byte sub_8132C54
	thumb_func_start sub_8132C54
sub_8132C54:
	push {r4, r5, lr}
	adds r4, r0, #0x0
	ldr r1, [r4, #0x08]
	movs r2, #0x80
	lsls r2, r2, #0x05
	adds r0, r2, #0x0
	ldrh r5, [r1, #0x0C]
	adds r0, r0, r5
	strh r0, [r1, #0x0C]
	adds r3, r4, #0x0
	adds r3, #0xB2
	adds r0, r4, #0x0
	adds r0, #0x94
	ldr r1, [r0, #0x00]
	ldrh r0, [r3, #0x00]
	adds r0, r0, r1
	strh r0, [r3, #0x00]
	adds r0, r4, #0x0
	adds r0, #0xAE
	movs r1, #0x00
	ldsh r0, [r0, r1]
	ldr r2, [r4, #0x10]
	adds r2, r2, r0
	str r2, [r4, #0x10]
	adds r0, r4, #0x0
	adds r0, #0xB0
	movs r5, #0x00
	ldsh r1, [r0, r5]
	ldr r0, [r4, #0x14]
	adds r0, r0, r1
	str r0, [r4, #0x14]
	movs r0, #0x00
	ldsh r1, [r3, r0]
	ldr r0, [r4, #0x18]
	adds r0, r0, r1
	str r0, [r4, #0x18]
	ldr r0, [r4, #0x28]
	ldr r0, [r0, #0x40]
	movs r1, #0xB8
	lsls r1, r1, #0x05
	adds r0, r0, r1
	cmp r2, r0
	bgt _08132CDC
	movs r1, #0x01
	negs r1, r1
	movs r0, #0xAE
	bl play_sfx_80195B4
	ldr r0, [r4, #0x28]
	adds r0, #0x08
	movs r1, #0x0D
	movs r2, #0x00
	movs r3, #0x00
	bl sub_8082E1C
	ldr r0, [r4, #0x28]
	ldr r2, [r0, #0x10]
	ldrb r1, [r2, #0x11]
	movs r0, #0x41
	negs r0, r0
	ands r0, r1
	strb r0, [r2, #0x11]
	ldr r1, [r4, #0x28]
	ldr r0, _08132CE4 @ =0x08132D4D
	str r0, [r1, #0x54]
	adds r0, r4, #0x0
	bl sub_807C298
_08132CDC:
	pop {r4, r5}
	pop {r0}
	bx r0
	.byte 0x00, 0x00
_08132CE4: .4byte sub_8132D4C
	thumb_func_start sub_8132CE8
sub_8132CE8:
	push {r4, lr}
	adds r3, r0, #0x0
	ldr r1, [r3, #0x08]
	movs r2, #0x90
	lsls r2, r2, #0x05
	adds r0, r2, #0x0
	ldrh r4, [r1, #0x0C]
	adds r0, r0, r4
	strh r0, [r1, #0x0C]
	movs r0, #0xB2
	adds r0, r0, r3
	mov r12, r0
	adds r0, r3, #0x0
	adds r0, #0x94
	ldr r1, [r0, #0x00]
	mov r2, r12
	ldrh r0, [r2, #0x00]
	adds r0, r0, r1
	strh r0, [r2, #0x00]
	adds r0, r3, #0x0
	adds r0, #0xAE
	movs r4, #0x00
	ldsh r0, [r0, r4]
	ldr r2, [r3, #0x10]
	adds r2, r2, r0
	str r2, [r3, #0x10]
	adds r0, r3, #0x0
	adds r0, #0xB0
	movs r4, #0x00
	ldsh r1, [r0, r4]
	ldr r0, [r3, #0x14]
	adds r0, r0, r1
	str r0, [r3, #0x14]
	mov r0, r12
	movs r4, #0x00
	ldsh r1, [r0, r4]
	ldr r0, [r3, #0x18]
	adds r0, r0, r1
	str r0, [r3, #0x18]
	ldr r0, _08132D48 @ =0xFFFFF000
	cmp r2, r0
	bge _08132D42
	adds r0, r3, #0x0
	bl sub_807C298
_08132D42:
	pop {r4}
	pop {r0}
	bx r0
_08132D48: .4byte 0xFFFFF000
	thumb_func_start sub_8132D4C
sub_8132D4C:
	push {r4, lr}
	adds r4, r0, #0x0
	ldr r0, [r4, #0x08]
	ldrb r1, [r0, #0x12]
	movs r0, #0x08
	ands r0, r1
	cmp r0, #0x00
	beq _08132D6C
	adds r0, r4, #0x0
	movs r1, #0x00
	movs r2, #0x00
	movs r3, #0x00
	bl sub_8082E1C
	ldr r0, _08132D74 @ =0x0808750D
	str r0, [r4, #0x4C]
_08132D6C:
	pop {r4}
	pop {r0}
	bx r0
	.byte 0x00, 0x00
_08132D74: .4byte sub_808750C
	thumb_func_start sub_8132D78
sub_8132D78:
	push {r4, lr}
	adds r4, r0, #0x0
	ldr r0, [r4, #0x08]
	ldrb r1, [r0, #0x12]
	movs r0, #0x08
	ands r0, r1
	cmp r0, #0x00
	beq _08132D98
	adds r0, r4, #0x0
	movs r1, #0x00
	movs r2, #0x00
	movs r3, #0x00
	bl sub_8082E1C
	movs r0, #0x00
	str r0, [r4, #0x4C]
_08132D98:
	pop {r4}
	pop {r0}
	bx r0
	.byte 0x00, 0x00
	thumb_func_start sub_8132DA0
sub_8132DA0:
	push {r4, lr}
	adds r4, r0, #0x0
	ldr r0, [r4, #0x08]
	ldrb r1, [r0, #0x12]
	movs r0, #0x08
	ands r0, r1
	cmp r0, #0x00
	beq _08132DC0
	adds r0, r4, #0x0
	movs r1, #0x00
	movs r2, #0x00
	movs r3, #0x00
	bl sub_8082E1C
	ldr r0, _08132DC8 @ =0x0808750D
	str r0, [r4, #0x4C]
_08132DC0:
	pop {r4}
	pop {r0}
	bx r0
	.byte 0x00, 0x00
_08132DC8: .4byte sub_808750C
	.byte 0x01, 0x49, 0xC1, 0x64, 0x01, 0x20, 0x70, 0x47, 0xE5, 0x2D, 0x13, 0x08, 0x01, 0x49, 0xC1, 0x64
	.byte 0x01, 0x20, 0x70, 0x47, 0x0D, 0x2E, 0x13, 0x08
	thumb_func_start sub_8132DE4
sub_8132DE4:
	push {r4, lr}
	adds r4, r0, #0x0
	bl sub_8082B00
	cmp r0, #0x00
	bne _08132E00
	adds r0, r4, #0x0
	movs r1, #0x08
	movs r2, #0x00
	movs r3, #0x00
	bl sub_8082E1C
	ldr r0, _08132E08 @ =0x08132E35
	str r0, [r4, #0x4C]
_08132E00:
	pop {r4}
	pop {r0}
	bx r0
	.byte 0x00, 0x00
_08132E08: .4byte sub_8132E34
	thumb_func_start sub_8132E0C
sub_8132E0C:
	push {r4, lr}
	adds r4, r0, #0x0
	bl sub_8082B00
	cmp r0, #0x00
	bne _08132E28
	adds r0, r4, #0x0
	movs r1, #0x04
	movs r2, #0x00
	movs r3, #0x00
	bl sub_8082E1C
	ldr r0, _08132E30 @ =0x08132E69
	str r0, [r4, #0x4C]
_08132E28:
	pop {r4}
	pop {r0}
	bx r0
	.byte 0x00, 0x00
_08132E30: .4byte sub_8132E68
	thumb_func_start sub_8132E34
sub_8132E34:
	push {r4, lr}
	adds r4, r0, #0x0
	ldr r0, [r4, #0x08]
	ldrb r1, [r0, #0x12]
	movs r0, #0x08
	ands r0, r1
	cmp r0, #0x00
	beq _08132E5C
	adds r0, r4, #0x0
	movs r1, #0x09
	movs r2, #0x00
	movs r3, #0x00
	bl sub_8082E1C
	adds r0, r4, #0x0
	adds r0, #0xAC
	movs r1, #0x3C
	strh r1, [r0, #0x00]
	ldr r0, _08132E64 @ =0x08132EA9
	str r0, [r4, #0x4C]
_08132E5C:
	pop {r4}
	pop {r0}
	bx r0
	.byte 0x00, 0x00
_08132E64: .4byte sub_8132EA8
	thumb_func_start sub_8132E68
sub_8132E68:
	push {r4, lr}
	adds r4, r0, #0x0
	ldr r0, [r4, #0x08]
	ldrb r1, [r0, #0x12]
	movs r0, #0x08
	ands r0, r1
	cmp r0, #0x00
	beq _08132E9C
	adds r0, r4, #0x0
	movs r1, #0x05
	movs r2, #0x00
	movs r3, #0x00
	bl sub_8082E1C
	adds r0, r4, #0x0
	adds r0, #0x9C
	ldr r1, [r0, #0x00]
	adds r0, #0x10
	strh r1, [r0, #0x00]
	movs r1, #0x01
	negs r1, r1
	movs r0, #0xA0
	bl play_sfx_80195B4
	ldr r0, _08132EA4 @ =0x08132EE1
	str r0, [r4, #0x4C]
_08132E9C:
	pop {r4}
	pop {r0}
	bx r0
	.byte 0x00, 0x00
_08132EA4: .4byte sub_8132EE0
	thumb_func_start sub_8132EA8
sub_8132EA8:
	push {r4, lr}
	adds r4, r0, #0x0
	adds r1, r4, #0x0
	adds r1, #0xAC
	ldrh r0, [r1, #0x00]
	subs r0, #0x01
	strh r0, [r1, #0x00]
	lsls r0, r0, #0x10
	cmp r0, #0x00
	bgt _08132ED6
	adds r0, r4, #0x0
	movs r1, #0x0A
	movs r2, #0x00
	movs r3, #0x00
	bl sub_8082E1C
	movs r1, #0x01
	negs r1, r1
	movs r0, #0x9F
	bl play_sfx_80195B4
	ldr r0, _08132EDC @ =0x08132819
	str r0, [r4, #0x4C]
_08132ED6:
	pop {r4}
	pop {r0}
	bx r0
_08132EDC: .4byte sub_8132818
	thumb_func_start sub_8132EE0
sub_8132EE0:
	push {r4, lr}
	adds r4, r0, #0x0
	adds r1, r4, #0x0
	adds r1, #0xAC
	ldrh r0, [r1, #0x00]
	subs r0, #0x01
	strh r0, [r1, #0x00]
	lsls r0, r0, #0x10
	cmp r0, #0x00
	bgt _08132F04
	adds r0, r4, #0x0
	movs r1, #0x06
	movs r2, #0x00
	movs r3, #0x00
	bl sub_8082E1C
	ldr r0, _08132F0C @ =0x08132679
	str r0, [r4, #0x4C]
_08132F04:
	pop {r4}
	pop {r0}
	bx r0
	.byte 0x00, 0x00
_08132F0C: .4byte sub_8132678
	thumb_func_start sub_8132F10
sub_8132F10:
	push {r4, lr}
	adds r4, r0, #0x0
	ldr r0, [r4, #0x08]
	ldrb r1, [r0, #0x12]
	movs r0, #0x08
	ands r0, r1
	cmp r0, #0x00
	beq _08132F92
	adds r1, r4, #0x0
	adds r1, #0xAC
	ldrh r0, [r1, #0x00]
	subs r0, #0x01
	strh r0, [r1, #0x00]
	lsls r0, r0, #0x10
	cmp r0, #0x00
	ble _08132F4E
	ldr r1, [r4, #0x08]
	adds r1, #0x20
	ldrb r0, [r1, #0x00]
	adds r0, #0x01
	strb r0, [r1, #0x00]
	ldr r0, [r4, #0x08]
	adds r1, r0, #0x0
	adds r1, #0x20
	movs r0, #0x00
	ldsb r0, [r1, r0]
	cmp r0, #0x20
	ble _08132F92
	movs r0, #0x20
	strb r0, [r1, #0x00]
	b _08132F92
_08132F4E:
	ldr r0, [r4, #0x08]
	adds r0, #0x20
	movs r1, #0x10
	strb r1, [r0, #0x00]
	ldr r0, _08132F74 @ =0x00000117
	bl stop_sfx_80195A8
	adds r0, r4, #0x0
	adds r0, #0x9C
	ldr r0, [r0, #0x00]
	cmp r0, #0x00
	bne _08132F78
	adds r0, r4, #0x0
	movs r1, #0x05
	movs r2, #0x00
	movs r3, #0x00
	bl sub_8082E1C
	b _08132F84
_08132F74: .4byte 0x00000117
_08132F78:
	adds r0, r4, #0x0
	movs r1, #0x08
	movs r2, #0x00
	movs r3, #0x00
	bl sub_8082E1C
_08132F84:
	movs r1, #0x01
	negs r1, r1
	movs r0, #0x8C
	bl play_sfx_80195B4
	ldr r0, _08132F98 @ =0x08132F9D
	str r0, [r4, #0x4C]
_08132F92:
	pop {r4}
	pop {r0}
	bx r0
_08132F98: .4byte sub_8132F9C
	thumb_func_start sub_8132F9C
sub_8132F9C:
	push {r4, r5, r6, r7, lr}
	add sp, #-0x00C
	adds r6, r0, #0x0
	ldr r0, [r6, #0x08]
	ldrb r1, [r0, #0x12]
	movs r0, #0x08
	ands r0, r1
	cmp r0, #0x00
	bne _08132FB0
	b _081330DE
_08132FB0:
	adds r0, r6, #0x0
	adds r0, #0x9C
	ldr r1, [r0, #0x00]
	adds r7, r0, #0x0
	cmp r1, #0x00
	bne _08132FCA
	adds r0, r6, #0x0
	movs r1, #0x06
	movs r2, #0x00
	movs r3, #0x00
	bl sub_8082E1C
	b _08132FD6
_08132FCA:
	adds r0, r6, #0x0
	movs r1, #0x09
	movs r2, #0x00
	movs r3, #0x00
	bl sub_8082E1C
_08132FD6:
	ldr r1, [r6, #0x28]
	ldr r0, [r6, #0x38]
	cmp r0, #0x00
	bge _08132FE0
	adds r0, #0xFF
_08132FE0:
	asrs r0, r0, #0x08
	adds r2, r0, #0x0
	subs r2, #0x20
	ldr r0, [r6, #0x3C]
	cmp r0, #0x00
	bge _08132FEE
	adds r0, #0xFF
_08132FEE:
	asrs r0, r0, #0x08
	adds r3, r0, #0x5
	ldr r0, [r6, #0x40]
	cmp r0, #0x00
	bge _08132FFA
	adds r0, #0xFF
_08132FFA:
	asrs r0, r0, #0x08
	adds r0, #0x14
	str r0, [sp, #0x000]
	ldr r0, [r6, #0x08]
	ldrb r0, [r0, #0x11]
	lsls r0, r0, #0x19
	lsrs r0, r0, #0x1F
	str r0, [sp, #0x004]
	movs r4, #0x01
	str r4, [sp, #0x008]
	adds r0, r1, #0x0
	ldr r1, _081330E8 @ =0x00004135
	bl sub_807BF34
	adds r5, r0, #0x0
	str r5, [r6, #0x30]
	adds r2, r5, #0x0
	adds r2, #0x78
	ldrb r1, [r2, #0x00]
	movs r0, #0x1F
	ands r0, r1
	movs r1, #0x20
	orrs r0, r1
	strb r0, [r2, #0x00]
	movs r0, #0x77
	adds r0, r0, r6
	mov r12, r0
	ldrb r0, [r0, #0x00]
	lsls r0, r0, #0x19
	lsrs r0, r0, #0x1F
	adds r3, r5, #0x0
	adds r3, #0x77
	adds r2, r4, #0x0
	ands r2, r0
	lsls r2, r2, #0x06
	ldrb r0, [r3, #0x00]
	movs r1, #0x41
	negs r1, r1
	ands r1, r0
	orrs r1, r2
	strb r1, [r3, #0x00]
	mov r2, r12
	ldrb r0, [r2, #0x00]
	lsls r0, r0, #0x1A
	lsrs r0, r0, #0x1F
	ands r4, r0
	lsls r4, r4, #0x05
	movs r0, #0x21
	negs r0, r0
	ands r1, r0
	orrs r1, r4
	strb r1, [r3, #0x00]
	ldr r0, _081330EC @ =0x08087541
	str r0, [r5, #0x68]
	ldr r0, [r6, #0x6C]
	str r0, [r5, #0x6C]
	ldr r0, [r6, #0x2C]
	str r0, [r5, #0x2C]
	adds r0, r5, #0x0
	bl sub_807F4FC
	ldr r0, _081330F0 @ =0x081331AD
	str r0, [r5, #0x5C]
	str r0, [r5, #0x60]
	adds r0, r6, #0x0
	adds r0, #0x74
	ldrb r1, [r0, #0x00]
	adds r0, r5, #0x0
	adds r0, #0x74
	movs r2, #0x00
	strb r1, [r0, #0x00]
	adds r0, #0x38
	strh r2, [r0, #0x00]
	adds r1, r5, #0x0
	adds r1, #0x9C
	ldr r0, [r7, #0x00]
	str r0, [r1, #0x00]
	adds r1, #0x04
	adds r0, r6, #0x0
	adds r0, #0xA0
	ldr r0, [r0, #0x00]
	str r0, [r1, #0x00]
	adds r1, #0x04
	ldr r0, [r6, #0x38]
	ldr r2, _081330F4 @ =0xFFFFE000
	adds r0, r0, r2
	str r0, [r1, #0x00]
	adds r1, #0x04
	ldr r0, [r6, #0x3C]
	movs r2, #0xA0
	lsls r2, r2, #0x03
	adds r0, r0, r2
	str r0, [r1, #0x00]
	adds r2, r5, #0x0
	adds r2, #0x84
	ldr r0, [r6, #0x2C]
	ldr r1, [r0, #0x28]
	adds r0, r1, #0x0
	adds r0, #0xD8
	ldr r0, [r0, #0x00]
	str r0, [r2, #0x00]
	adds r2, #0x04
	adds r1, #0xDC
	ldr r0, [r1, #0x00]
	str r0, [r2, #0x00]
	ldr r0, _081330F8 @ =0x08133101
	str r0, [r5, #0x4C]
	adds r1, r5, #0x0
	adds r1, #0xAE
	movs r0, #0xA0
	lsls r0, r0, #0x02
	strh r0, [r1, #0x00]
	ldr r0, _081330FC @ =0x081332E9
	str r0, [r6, #0x4C]
_081330DE:
	add sp, #0x00C
	pop {r4, r5, r6, r7}
	pop {r0}
	bx r0
	.byte 0x00, 0x00
_081330E8: .4byte 0x00004135
_081330EC: .4byte sub_8087540
_081330F0: .4byte sub_81331AC
_081330F4: .4byte 0xFFFFE000
_081330F8: .4byte sub_8133100
_081330FC: .4byte sub_81332E8
	thumb_func_start sub_8133100
sub_8133100:
	push {r4, r5, r6, r7, lr}
	add sp, #-0x00C
	adds r6, r0, #0x0
	adds r3, r6, #0x0
	adds r3, #0xA4
	adds r0, #0x84
	ldr r1, [r3, #0x00]
	ldr r0, [r0, #0x00]
	subs r1, r1, r0
	adds r5, r6, #0x0
	adds r5, #0xA8
	adds r0, r6, #0x0
	adds r0, #0x88
	ldr r2, [r5, #0x00]
	ldr r0, [r0, #0x00]
	subs r2, r2, r0
	adds r4, r6, #0x0
	adds r4, #0xAE
	movs r7, #0x00
	ldsh r0, [r4, r7]
	ldr r4, [r6, #0x10]
	subs r4, r4, r0
	str r4, [r6, #0x10]
	ldr r0, [r3, #0x00]
	subs r0, r4, r0
	muls r0, r2
	bl __divsi3
	ldr r1, [r5, #0x00]
	adds r1, r0, r1
	str r1, [r6, #0x14]
	cmp r4, #0x00
	bge _08133144
	adds r4, #0xFF
_08133144:
	asrs r0, r4, #0x08
	str r0, [sp, #0x000]
	adds r0, r1, #0x0
	cmp r0, #0x00
	bge _08133150
	adds r0, #0xFF
_08133150:
	asrs r0, r0, #0x08
	str r0, [sp, #0x004]
	ldr r0, [r6, #0x18]
	cmp r0, #0x00
	bge _0813315C
	adds r0, #0xFF
_0813315C:
	asrs r0, r0, #0x08
	str r0, [sp, #0x008]
	add r1, sp, #0x004
	add r2, sp, #0x008
	mov r0, sp
	movs r3, #0x00
	bl sub_807FC08
	ldr r1, [sp, #0x000]
	movs r0, #0x20
	negs r0, r0
	cmp r1, r0
	bge _0813319A
	movs r0, #0xF6
	lsls r0, r0, #0x08
	str r0, [r6, #0x10]
	ldr r1, [r6, #0x28]
	ldr r0, [r1, #0x44]
	ldr r2, _081331A4 @ =0xFFFFFA00
	adds r0, r0, r2
	str r0, [r6, #0x14]
	ldr r0, [r1, #0x48]
	movs r7, #0xA8
	lsls r7, r7, #0x06
	adds r0, r0, r7
	str r0, [r6, #0x18]
	adds r0, r6, #0x0
	bl sub_807F47C
	ldr r0, _081331A8 @ =0x0813321D
	str r0, [r6, #0x4C]
_0813319A:
	add sp, #0x00C
	pop {r4, r5, r6, r7}
	pop {r0}
	bx r0
	.byte 0x00, 0x00
_081331A4: .4byte 0xFFFFFA00
_081331A8: .4byte sub_813321C
	thumb_func_start sub_81331AC
sub_81331AC:
	push {r4, lr}
	adds r4, r0, #0x0
	bl sub_80871A8
	adds r2, r0, #0x0
	cmp r2, #0x00
	bne _08133214
	adds r3, r4, #0x0
	adds r3, #0xAE
	movs r1, #0x00
	ldsh r0, [r3, r1]
	lsrs r1, r0, #0x1F
	adds r0, r0, r1
	asrs r0, r0, #0x01
	strh r0, [r3, #0x00]
	adds r0, r4, #0x0
	adds r0, #0xB0
	strh r2, [r0, #0x00]
	adds r0, #0x02
	strh r2, [r0, #0x00]
	adds r0, r4, #0x0
	movs r1, #0x01
	movs r2, #0x00
	movs r3, #0x00
	bl sub_8082E1C
	ldr r0, _08133208 @ =0x0000011F
	movs r1, #0x01
	negs r1, r1
	bl play_sfx_80195B4
	ldr r0, [r4, #0x28]
	adds r0, #0x08
	movs r1, #0x0C
	movs r2, #0x00
	movs r3, #0x00
	bl sub_8082E1C
	ldr r1, [r4, #0x28]
	ldr r0, _0813320C @ =0x0813326D
	str r0, [r1, #0x54]
	ldr r0, _08133210 @ =0x08133359
	str r0, [r4, #0x4C]
	movs r0, #0x00
	b _08133216
	.byte 0x00, 0x00
_08133208: .4byte 0x0000011F
_0813320C: .4byte sub_813326C
_08133210: .4byte sub_8133358
_08133214:
	adds r0, r2, #0x0
_08133216:
	pop {r4}
	pop {r1}
	bx r1
	thumb_func_start sub_813321C
sub_813321C:
	push {r4, lr}
	adds r4, r0, #0x0
	adds r0, #0xAE
	movs r1, #0x00
	ldsh r0, [r0, r1]
	ldr r1, [r4, #0x10]
	subs r1, r1, r0
	str r1, [r4, #0x10]
	ldr r2, [r4, #0x28]
	ldr r0, [r2, #0x40]
	ldr r3, _08133264 @ =0xFFFFF600
	adds r0, r0, r3
	cmp r1, r0
	bgt _0813325C
	adds r0, r2, #0x0
	adds r0, #0x08
	movs r1, #0x0A
	movs r2, #0x00
	movs r3, #0x00
	bl sub_8082E1C
	movs r1, #0x01
	negs r1, r1
	movs r0, #0x2E
	bl play_sfx_80195B4
	ldr r1, [r4, #0x28]
	ldr r0, _08133268 @ =0x081332BD
	str r0, [r1, #0x54]
	adds r0, r4, #0x0
	bl sub_807C298
_0813325C:
	pop {r4}
	pop {r0}
	bx r0
	.byte 0x00, 0x00
_08133264: .4byte 0xFFFFF600
_08133268: .4byte sub_81332BC
	thumb_func_start sub_813326C
sub_813326C:
	push {r4, lr}
	adds r4, r0, #0x0
	ldr r2, [r4, #0x08]
	ldrb r1, [r2, #0x12]
	movs r0, #0x08
	ands r0, r1
	cmp r0, #0x00
	bne _08133298
	movs r1, #0x2C
	ldsh r0, [r2, r1]
	cmp r0, #0x00
	bge _08133286
	adds r0, #0x0F
_08133286:
	asrs r0, r0, #0x04
	cmp r0, #0x28
	bne _081332B0
	movs r1, #0x01
	negs r1, r1
	movs r0, #0x7E
	bl play_sfx_80195B4
	b _081332B0
_08133298:
	ldr r0, [r4, #0x28]
	ldr r2, _081332B8 @ =0x00000113
	adds r1, r0, r2
	movs r3, #0x00
	movs r0, #0x01
	strb r0, [r1, #0x00]
	ldr r2, [r4, #0x08]
	ldrb r0, [r2, #0x12]
	movs r1, #0x10
	orrs r0, r1
	strb r0, [r2, #0x12]
	str r3, [r4, #0x4C]
_081332B0:
	pop {r4}
	pop {r0}
	bx r0
	.byte 0x00, 0x00
_081332B8: .4byte 0x00000113
	thumb_func_start sub_81332BC
sub_81332BC:
	push {r4, lr}
	adds r4, r0, #0x0
	ldr r0, [r4, #0x08]
	ldrb r1, [r0, #0x12]
	movs r0, #0x08
	ands r0, r1
	cmp r0, #0x00
	beq _081332DC
	adds r0, r4, #0x0
	movs r1, #0x0D
	movs r2, #0x00
	movs r3, #0x00
	bl sub_8082E1C
	ldr r0, _081332E4 @ =0x0808750D
	str r0, [r4, #0x4C]
_081332DC:
	pop {r4}
	pop {r0}
	bx r0
	.byte 0x00, 0x00
_081332E4: .4byte sub_808750C
	thumb_func_start sub_81332E8
sub_81332E8:
	push {r4, lr}
	adds r4, r0, #0x0
	ldr r0, [r4, #0x08]
	ldrb r1, [r0, #0x12]
	movs r0, #0x08
	ands r0, r1
	cmp r0, #0x00
	beq _08133308
	adds r0, r4, #0x0
	movs r1, #0x0D
	movs r2, #0x00
	movs r3, #0x00
	bl sub_8082E1C
	ldr r0, _08133310 @ =0x081333D9
	str r0, [r4, #0x4C]
_08133308:
	pop {r4}
	pop {r0}
	bx r0
	.byte 0x00, 0x00
_08133310: .4byte sub_81333D8
	.byte 0x10, 0xB5, 0x02, 0x1C, 0x90, 0x6A, 0x08, 0x49, 0x40, 0x18, 0x00, 0x23, 0x03, 0x70, 0xD0, 0x6A
	.byte 0x80, 0x6A, 0xEC, 0x30, 0x00, 0x24, 0x01, 0x5F, 0x01, 0x20, 0x40, 0x42, 0x81, 0x42, 0x05, 0xD1
	.byte 0x10, 0x1C, 0x9C, 0x30, 0x03, 0x60, 0x05, 0xE0, 0x13, 0x01, 0x00, 0x00, 0x11, 0x1C, 0x9C, 0x31
	.byte 0x01, 0x20, 0x08, 0x60, 0x02, 0x48, 0xD0, 0x64, 0x01, 0x20, 0x10, 0xBC, 0x02, 0xBC, 0x08, 0x47
	.byte 0xFD, 0x33, 0x13, 0x08
	thumb_func_start sub_8133358
sub_8133358:
	push {r4, lr}
	add sp, #-0x00C
	adds r4, r0, #0x0
	adds r0, #0xAE
	movs r2, #0x00
	ldsh r1, [r0, r2]
	ldr r0, [r4, #0x38]
	subs r0, r0, r1
	str r0, [r4, #0x10]
	adds r2, r4, #0x0
	adds r2, #0xB2
	movs r0, #0x00
	ldsh r1, [r2, r0]
	ldr r0, [r4, #0x40]
	subs r0, r0, r1
	str r0, [r4, #0x18]
	ldrh r0, [r2, #0x00]
	adds r0, #0x20
	strh r0, [r2, #0x00]
	ldr r0, [r4, #0x10]
	cmp r0, #0x00
	bge _08133386
	adds r0, #0xFF
_08133386:
	asrs r0, r0, #0x08
	str r0, [sp, #0x000]
	ldr r0, [r4, #0x14]
	cmp r0, #0x00
	bge _08133392
	adds r0, #0xFF
_08133392:
	asrs r0, r0, #0x08
	str r0, [sp, #0x004]
	ldr r0, [r4, #0x18]
	cmp r0, #0x00
	bge _0813339E
	adds r0, #0xFF
_0813339E:
	asrs r0, r0, #0x08
	str r0, [sp, #0x008]
	add r1, sp, #0x004
	add r2, sp, #0x008
	mov r0, sp
	movs r3, #0x00
	bl sub_807FC08
	ldr r1, [sp, #0x004]
	movs r0, #0x88
	lsls r0, r0, #0x01
	cmp r1, r0
	ble _081333C0
	adds r0, r4, #0x0
	bl sub_807C298
	b _081333D0
_081333C0:
	ldr r1, [sp, #0x000]
	movs r0, #0x10
	negs r0, r0
	cmp r1, r0
	bge _081333D0
	adds r0, r4, #0x0
	bl sub_807C298
_081333D0:
	add sp, #0x00C
	pop {r4}
	pop {r0}
	bx r0
	thumb_func_start sub_81333D8
sub_81333D8:
	push {r4, lr}
	adds r4, r0, #0x0
	ldr r0, [r4, #0x30]
	cmp r0, #0x00
	bne _081333F2
	adds r0, r4, #0x0
	movs r1, #0x0D
	movs r2, #0x00
	movs r3, #0x00
	bl sub_8082E1C
	ldr r0, _081333F8 @ =0x0808750D
	str r0, [r4, #0x4C]
_081333F2:
	pop {r4}
	pop {r0}
	bx r0
_081333F8: .4byte sub_808750C
	thumb_func_start sub_81333FC
sub_81333FC:
	push {r4, lr}
	adds r4, r0, #0x0
	bl sub_8082B00
	cmp r0, #0x00
	bne _08133418
	adds r0, r4, #0x0
	movs r1, #0x02
	movs r2, #0x00
	movs r3, #0x00
	bl sub_8082E1C
	ldr r0, _08133420 @ =0x08133425
	str r0, [r4, #0x4C]
_08133418:
	pop {r4}
	pop {r0}
	bx r0
	.byte 0x00, 0x00
_08133420: .4byte sub_8133424
	thumb_func_start sub_8133424
sub_8133424:
	push {r4, lr}
	adds r4, r0, #0x0
	ldr r0, [r4, #0x08]
	ldrb r1, [r0, #0x12]
	movs r0, #0x08
	ands r0, r1
	cmp r0, #0x00
	beq _0813348A
	adds r1, r4, #0x0
	adds r1, #0x84
	movs r0, #0x88
	lsls r0, r0, #0x08
	str r0, [r1, #0x00]
	adds r1, #0x04
	movs r0, #0xD0
	lsls r0, r0, #0x07
	str r0, [r1, #0x00]
	adds r1, #0x04
	ldr r0, [r4, #0x40]
	str r0, [r1, #0x00]
	adds r2, r4, #0x0
	adds r2, #0x79
	ldrb r0, [r2, #0x00]
	movs r1, #0x20
	orrs r0, r1
	strb r0, [r2, #0x00]
	adds r1, r4, #0x0
	adds r1, #0x7C
	movs r2, #0x00
	movs r0, #0xC0
	lsls r0, r0, #0x01
	strh r0, [r1, #0x00]
	adds r0, r4, #0x0
	adds r0, #0x7A
	strh r2, [r0, #0x00]
	adds r0, r4, #0x0
	bl sub_8085B38
	adds r0, r4, #0x0
	movs r1, #0x03
	movs r2, #0x00
	movs r3, #0x00
	bl sub_8082E1C
	movs r1, #0x01
	negs r1, r1
	movs r0, #0x6C
	bl play_sfx_80195B4
	ldr r0, _08133490 @ =0x08133495
	str r0, [r4, #0x4C]
_0813348A:
	pop {r4}
	pop {r0}
	bx r0
_08133490: .4byte sub_8133494
	thumb_func_start sub_8133494
sub_8133494:
	push {r4, lr}
	adds r4, r0, #0x0
	adds r0, #0x80
	ldr r0, [r0, #0x00]
	cmp r0, #0x00
	bne _081334E6
	movs r0, #0x6C
	bl stop_sfx_80195A8
	adds r0, r4, #0x0
	adds r0, #0x9C
	ldr r0, [r0, #0x00]
	cmp r0, #0x00
	bne _081334BE
	adds r0, r4, #0x0
	movs r1, #0x04
	movs r2, #0x00
	movs r3, #0x00
	bl sub_8082E1C
	b _081334CA
_081334BE:
	adds r0, r4, #0x0
	movs r1, #0x07
	movs r2, #0x00
	movs r3, #0x00
	bl sub_8082E1C
_081334CA:
	adds r1, r4, #0x0
	adds r1, #0xAC
	movs r0, #0x0A
	strh r0, [r1, #0x00]
	ldr r0, [r4, #0x08]
	adds r0, #0x20
	movs r1, #0x10
	strb r1, [r0, #0x00]
	ldr r0, _081334EC @ =0x00000117
	subs r1, #0x11
	bl play_sfx_80195B4
	ldr r0, _081334F0 @ =0x08132F11
	str r0, [r4, #0x4C]
_081334E6:
	pop {r4}
	pop {r0}
	bx r0
_081334EC: .4byte 0x00000117
_081334F0: .4byte sub_8132F10
	thumb_func_start sub_81334F4
sub_81334F4:
	push {r4, r5, r6, r7, lr}
	add sp, #-0x00C
	adds r5, r0, #0x0
	adds r2, r5, #0x0
	adds r2, #0x8C
	ldr r0, [r5, #0x18]
	ldr r1, [r2, #0x00]
	adds r0, r0, r1
	str r0, [r5, #0x18]
	adds r1, r5, #0x0
	adds r1, #0x94
	ldr r0, [r2, #0x00]
	ldr r1, [r1, #0x00]
	subs r0, r0, r1
	str r0, [r2, #0x00]
	ldr r0, [r5, #0x18]
	cmp r0, #0x00
	ble _0813351A
	b _08133644
_0813351A:
	ldr r1, [r5, #0x38]
	cmp r1, #0x00
	bge _08133522
	adds r1, #0xFF
_08133522:
	asrs r1, r1, #0x08
	ldr r0, [r5, #0x3C]
	cmp r0, #0x00
	bge _0813352C
	adds r0, #0xFF
_0813352C:
	asrs r0, r0, #0x08
	adds r2, r0, #0x2
	ldr r3, [r5, #0x40]
	cmp r3, #0x00
	bge _08133538
	adds r3, #0xFF
_08133538:
	asrs r3, r3, #0x08
	str r5, [sp, #0x000]
	ldr r0, _0813364C @ =0x0000273D
	bl sub_80DF024
	movs r1, #0x01
	negs r1, r1
	movs r0, #0x8B
	bl play_sfx_80195B4
	ldr r1, [r5, #0x28]
	ldr r0, [r5, #0x38]
	cmp r0, #0x00
	bge _08133556
	adds r0, #0xFF
_08133556:
	asrs r0, r0, #0x08
	adds r2, r0, #0x0
	subs r2, #0x14
	ldr r0, [r5, #0x3C]
	cmp r0, #0x00
	bge _08133564
	adds r0, #0xFF
_08133564:
	asrs r0, r0, #0x08
	adds r3, r0, #0x0
	subs r3, #0x08
	ldr r0, [r5, #0x40]
	cmp r0, #0x00
	bge _08133572
	adds r0, #0xFF
_08133572:
	asrs r0, r0, #0x08
	str r0, [sp, #0x000]
	movs r0, #0x01
	str r0, [sp, #0x004]
	str r0, [sp, #0x008]
	adds r0, r1, #0x0
	movs r1, #0x00
	bl sub_807BF34
	adds r4, r0, #0x0
	ldr r0, [r5, #0x30]
	str r0, [r4, #0x30]
	str r4, [r5, #0x30]
	adds r0, r4, #0x0
	adds r0, #0xA4
	movs r2, #0x00
	str r2, [r0, #0x00]
	ldr r0, [r5, #0x6C]
	str r0, [r4, #0x6C]
	ldr r0, [r5, #0x2C]
	str r0, [r4, #0x2C]
	adds r1, r4, #0x0
	adds r1, #0x84
	ldr r0, [r4, #0x10]
	str r0, [r1, #0x00]
	adds r1, #0x04
	ldr r0, [r4, #0x14]
	str r0, [r1, #0x00]
	adds r0, r4, #0x0
	adds r0, #0xAE
	strh r2, [r0, #0x00]
	adds r7, r5, #0x0
	adds r7, #0xAC
	ldr r0, [r4, #0x38]
	ldr r1, [r4, #0x3C]
	ldr r2, [r4, #0x40]
	bl sub_807FABC
	ldr r1, [r4, #0x0C]
	str r1, [r0, #0x00]
	str r0, [r4, #0x0C]
	ldr r0, [r4, #0x38]
	ldr r1, [r4, #0x3C]
	ldr r2, [r4, #0x40]
	bl sub_807FABC
	ldr r1, [r4, #0x0C]
	str r1, [r0, #0x00]
	str r0, [r4, #0x0C]
	ldr r0, [r4, #0x38]
	ldr r1, [r4, #0x3C]
	ldr r2, [r4, #0x40]
	bl sub_807FABC
	ldr r1, [r4, #0x0C]
	str r1, [r0, #0x00]
	str r0, [r4, #0x0C]
	movs r6, #0x0F
_081335E6:
	ldr r0, [r4, #0x38]
	ldr r1, [r4, #0x3C]
	ldr r2, [r4, #0x40]
	bl sub_807FABC
	ldr r1, [r4, #0x0C]
	str r1, [r0, #0x00]
	str r0, [r4, #0x0C]
	ldr r0, [r4, #0x38]
	ldr r1, [r4, #0x3C]
	ldr r2, [r4, #0x40]
	bl sub_807FABC
	ldr r1, [r4, #0x0C]
	str r1, [r0, #0x00]
	str r0, [r4, #0x0C]
	ldr r0, [r4, #0x38]
	ldr r1, [r4, #0x3C]
	ldr r2, [r4, #0x40]
	bl sub_807FABC
	ldr r1, [r4, #0x0C]
	str r1, [r0, #0x00]
	str r0, [r4, #0x0C]
	ldr r0, [r4, #0x38]
	ldr r1, [r4, #0x3C]
	ldr r2, [r4, #0x40]
	bl sub_807FABC
	ldr r1, [r4, #0x0C]
	str r1, [r0, #0x00]
	str r0, [r4, #0x0C]
	subs r6, #0x04
	cmp r6, #0x00
	bge _081335E6
	ldr r0, _08133650 @ =0x081338CD
	str r0, [r4, #0x4C]
	adds r0, r5, #0x0
	movs r1, #0x0F
	movs r2, #0x00
	movs r3, #0x00
	bl sub_8082E1C
	movs r0, #0x01
	strh r0, [r7, #0x00]
	ldr r0, _08133654 @ =0x08133AE9
	str r0, [r5, #0x4C]
_08133644:
	add sp, #0x00C
	pop {r4, r5, r6, r7}
	pop {r0}
	bx r0
_0813364C: .4byte 0x0000273D
_08133650: .4byte sub_81338CC
_08133654: .4byte sub_8133AE8
	thumb_func_start sub_8133658
sub_8133658:
	push {r4, r5, r6, lr}
	add sp, #-0x004
	adds r6, r0, #0x0
	ldr r4, [r6, #0x08]
	ldr r0, [r4, #0x30]
	cmp r0, #0x00
	beq _081336B2
	movs r6, #0x80
	lsls r6, r6, #0x02
	bl sub_80E3C3C
	ldr r5, [r4, #0x30]
	cmp r5, #0x00
	beq _0813375C
_08133674:
	adds r4, r5, #0x0
	adds r4, #0x0C
	cmp r4, #0x00
	beq _081336AA
_0813367C:
	ldr r0, [r4, #0x04]
	cmp r0, #0x00
	bge _08133684
	adds r0, #0xFF
_08133684:
	asrs r0, r0, #0x08
	ldr r1, [r4, #0x08]
	cmp r1, #0x00
	bge _0813368E
	adds r1, #0xFF
_0813368E:
	asrs r1, r1, #0x08
	ldr r2, [r4, #0x0C]
	cmp r2, #0x00
	bge _08133698
	adds r2, #0xFF
_08133698:
	asrs r2, r2, #0x08
	str r6, [sp, #0x000]
	movs r3, #0x01
	bl sub_80E38E8
	adds r6, #0x02
	ldr r4, [r4, #0x00]
	cmp r4, #0x00
	bne _0813367C
_081336AA:
	ldr r5, [r5, #0x30]
	cmp r5, #0x00
	bne _08133674
	b _0813375C
_081336B2:
	ldr r2, _08133764 @ =0x03001034
	ldr r0, _08133768 @ =0x08198154
	ldr r1, _0813376C @ =0x081980D8
	subs r0, r0, r1
	ldr r3, [r2, #0x00]
	adds r3, r3, r0
	ldr r0, _08133770 @ =0x03000FDC
	ldr r0, [r0, #0x00]
	ldr r1, _08133774 @ =0x00003CD0
	adds r0, r0, r1
	ldr r1, _08133778 @ =0x02000460
	movs r2, #0x20
	bl _call_via_r3
	ldr r2, _0813377C @ =0x0300034C
	ldrh r1, [r2, #0x00]
	movs r3, #0x80
	lsls r3, r3, #0x08
	adds r0, r3, #0x0
	orrs r0, r1
	strh r0, [r2, #0x00]
	ldr r2, _08133780 @ =0x03000D74
	ldr r0, [r2, #0x00]
	ldrh r1, [r0, #0x28]
	strh r1, [r0, #0x2A]
	ldrh r1, [r0, #0x26]
	strh r1, [r0, #0x28]
	movs r3, #0x00
	ldr r5, _08133784 @ =0x00001FFF
	ldr r0, _08133788 @ =0x0000FFFF
	adds r4, r0, #0x0
_081336F0:
	ldr r0, [r2, #0x00]
	lsls r1, r3, #0x01
	adds r0, #0x0C
	adds r1, r0, r1
	ldrh r0, [r1, #0x00]
	cmp r0, r5
	bne _08133702
	orrs r0, r4
	strh r0, [r1, #0x00]
_08133702:
	adds r1, r3, #0x1
	ldr r0, [r2, #0x00]
	lsls r1, r1, #0x01
	adds r0, #0x0C
	adds r1, r0, r1
	ldrh r0, [r1, #0x00]
	cmp r0, r5
	bne _08133716
	orrs r0, r4
	strh r0, [r1, #0x00]
_08133716:
	adds r1, r3, #0x2
	ldr r0, [r2, #0x00]
	lsls r1, r1, #0x01
	adds r0, #0x0C
	adds r1, r0, r1
	ldrh r0, [r1, #0x00]
	cmp r0, r5
	bne _0813372A
	orrs r0, r4
	strh r0, [r1, #0x00]
_0813372A:
	adds r1, r3, #0x3
	ldr r0, [r2, #0x00]
	lsls r1, r1, #0x01
	adds r0, #0x0C
	adds r1, r0, r1
	ldrh r0, [r1, #0x00]
	cmp r0, r5
	bne _0813373E
	orrs r0, r4
	strh r0, [r1, #0x00]
_0813373E:
	adds r1, r3, #0x4
	ldr r0, [r2, #0x00]
	lsls r1, r1, #0x01
	adds r0, #0x0C
	adds r1, r0, r1
	ldrh r0, [r1, #0x00]
	cmp r0, r5
	bne _08133752
	orrs r0, r4
	strh r0, [r1, #0x00]
_08133752:
	adds r3, #0x05
	cmp r3, #0x0E
	ble _081336F0
	movs r0, #0x00
	str r0, [r6, #0x04]
_0813375C:
	add sp, #0x004
	pop {r4, r5, r6}
	pop {r0}
	bx r0
_08133764: .4byte 0x03001034
_08133768: .4byte 0x08198154
_0813376C: .4byte 0x081980D8
_08133770: .4byte 0x03000FDC
_08133774: .4byte 0x00003CD0
_08133778: .4byte 0x02000460
_0813377C: .4byte 0x0300034C
_08133780: .4byte 0x03000D74
_08133784: .4byte 0x00001FFF
_08133788: .4byte 0x0000FFFF
	thumb_func_start sub_813378C
sub_813378C:
	push {r4, r5, r6, lr}
	add sp, #-0x00C
	adds r5, r0, #0x0
	adds r2, r5, #0x0
	adds r2, #0xA8
	ldr r0, [r2, #0x00]
	adds r0, #0x01
	str r0, [r2, #0x00]
	adds r1, r5, #0x0
	adds r1, #0xA0
	ldr r1, [r1, #0x00]
	cmp r0, r1
	bge _081337A8
	b _081338C0
_081337A8:
	movs r6, #0x00
	str r6, [r2, #0x00]
	adds r1, r5, #0x0
	adds r1, #0xAC
	ldrh r0, [r1, #0x00]
	adds r0, #0x01
	strh r0, [r1, #0x00]
	movs r0, #0x00
	ldsh r1, [r1, r0]
	adds r0, r5, #0x0
	adds r0, #0x9C
	ldr r0, [r0, #0x00]
	cmp r1, r0
	bgt _081338B0
	ldr r1, [r5, #0x28]
	ldr r0, [r5, #0x38]
	cmp r0, #0x00
	bge _081337CE
	adds r0, #0xFF
_081337CE:
	asrs r0, r0, #0x08
	adds r2, r0, #0x0
	subs r2, #0x14
	ldr r0, [r5, #0x3C]
	cmp r0, #0x00
	bge _081337DC
	adds r0, #0xFF
_081337DC:
	asrs r0, r0, #0x08
	adds r3, r0, #0x0
	subs r3, #0x08
	ldr r0, [r5, #0x40]
	cmp r0, #0x00
	bge _081337EA
	adds r0, #0xFF
_081337EA:
	asrs r0, r0, #0x08
	str r0, [sp, #0x000]
	movs r0, #0x01
	str r0, [sp, #0x004]
	str r0, [sp, #0x008]
	adds r0, r1, #0x0
	movs r1, #0x00
	bl sub_807BF34
	adds r4, r0, #0x0
	ldr r0, [r5, #0x30]
	str r0, [r4, #0x30]
	str r4, [r5, #0x30]
	adds r0, r4, #0x0
	adds r0, #0x9C
	str r6, [r0, #0x00]
	adds r0, #0x04
	str r6, [r0, #0x00]
	adds r0, #0x04
	str r6, [r0, #0x00]
	ldr r0, [r5, #0x6C]
	str r0, [r4, #0x6C]
	ldr r0, [r5, #0x2C]
	str r0, [r4, #0x2C]
	adds r1, r4, #0x0
	adds r1, #0x84
	ldr r0, [r4, #0x10]
	str r0, [r1, #0x00]
	adds r1, #0x04
	ldr r0, [r4, #0x14]
	str r0, [r1, #0x00]
	adds r0, r4, #0x0
	adds r0, #0xAE
	strh r6, [r0, #0x00]
	ldr r0, [r4, #0x38]
	ldr r1, [r4, #0x3C]
	ldr r2, [r4, #0x40]
	bl sub_807FABC
	ldr r1, [r4, #0x0C]
	str r1, [r0, #0x00]
	str r0, [r4, #0x0C]
	ldr r0, [r4, #0x38]
	ldr r1, [r4, #0x3C]
	ldr r2, [r4, #0x40]
	bl sub_807FABC
	ldr r1, [r4, #0x0C]
	str r1, [r0, #0x00]
	str r0, [r4, #0x0C]
	ldr r0, [r4, #0x38]
	ldr r1, [r4, #0x3C]
	ldr r2, [r4, #0x40]
	bl sub_807FABC
	ldr r1, [r4, #0x0C]
	str r1, [r0, #0x00]
	str r0, [r4, #0x0C]
	movs r5, #0x0F
_08133860:
	ldr r0, [r4, #0x38]
	ldr r1, [r4, #0x3C]
	ldr r2, [r4, #0x40]
	bl sub_807FABC
	ldr r1, [r4, #0x0C]
	str r1, [r0, #0x00]
	str r0, [r4, #0x0C]
	ldr r0, [r4, #0x38]
	ldr r1, [r4, #0x3C]
	ldr r2, [r4, #0x40]
	bl sub_807FABC
	ldr r1, [r4, #0x0C]
	str r1, [r0, #0x00]
	str r0, [r4, #0x0C]
	ldr r0, [r4, #0x38]
	ldr r1, [r4, #0x3C]
	ldr r2, [r4, #0x40]
	bl sub_807FABC
	ldr r1, [r4, #0x0C]
	str r1, [r0, #0x00]
	str r0, [r4, #0x0C]
	ldr r0, [r4, #0x38]
	ldr r1, [r4, #0x3C]
	ldr r2, [r4, #0x40]
	bl sub_807FABC
	ldr r1, [r4, #0x0C]
	str r1, [r0, #0x00]
	str r0, [r4, #0x0C]
	subs r5, #0x04
	cmp r5, #0x00
	bge _08133860
	ldr r0, _081338AC @ =0x081338CD
	str r0, [r4, #0x4C]
	b _081338C0
_081338AC: .4byte sub_81338CC
_081338B0:
	adds r0, r5, #0x0
	movs r1, #0x10
	movs r2, #0x00
	movs r3, #0x00
	bl sub_8082E1C
	ldr r0, _081338C8 @ =0x0808750D
	str r0, [r5, #0x4C]
_081338C0:
	add sp, #0x00C
	pop {r4, r5, r6}
	pop {r0}
	bx r0
_081338C8: .4byte sub_808750C
	thumb_func_start sub_81338CC
sub_81338CC:
	push {r4, r5, r6, r7, lr}
	mov r7, r10
	mov r6, r9
	mov r5, r8
	push {r5, r6, r7}
	add sp, #-0x008
	adds r6, r0, #0x0
	adds r1, r6, #0x0
	adds r1, #0xAE
	ldrh r0, [r1, #0x00]
	adds r0, #0x14
	strh r0, [r1, #0x00]
	adds r2, r6, #0x0
	adds r2, #0x9C
	movs r0, #0x00
	ldsh r1, [r1, r0]
	ldr r0, [r2, #0x00]
	adds r0, r0, r1
	str r0, [r2, #0x00]
	cmp r0, #0x00
	bge _081338F8
	adds r0, #0xFF
_081338F8:
	asrs r7, r0, #0x08
	adds r4, r6, #0x0
	adds r4, #0x0C
	adds r5, r4, #0x0
	cmp r7, #0x0A
	bne _0813390E
	movs r1, #0x01
	negs r1, r1
	movs r0, #0x8C
	bl play_sfx_80195B4
_0813390E:
	movs r1, #0x84
	adds r1, r1, r6
	mov r10, r1
	movs r2, #0x88
	adds r2, r2, r6
	mov r9, r2
	cmp r4, #0x00
	beq _081339C0
	ldr r1, _081339A0 @ =0x0819832C
	mov r0, r10
	str r0, [sp, #0x004]
	movs r2, #0x00
	mov r8, r2
	ldr r0, _081339A4 @ =0x08198220
	subs r1, r1, r0
	str r1, [sp, #0x000]
_0813392E:
	ldr r0, _081339A8 @ =0x03001038
	ldr r2, [r0, #0x00]
	ldr r0, [sp, #0x000]
	adds r2, r2, r0
	mov r0, r8
	movs r1, #0x14
	bl _call_via_r2
	adds r0, #0x50
	ldr r2, _081339AC @ =0x08198584
	movs r1, #0xFF
	ands r0, r1
	lsls r3, r0, #0x01
	adds r2, r3, r2
	movs r1, #0x00
	ldsh r0, [r2, r1]
	cmp r0, #0x00
	bge _08133954
	adds r0, #0x3F
_08133954:
	asrs r0, r0, #0x06
	adds r1, r7, #0x0
	muls r1, r0
	ldr r2, [sp, #0x004]
	ldr r0, [r2, #0x00]
	adds r0, r0, r1
	str r0, [r4, #0x04]
	ldr r0, _081339B0 @ =0x08198504
	adds r0, r3, r0
	movs r1, #0x00
	ldsh r0, [r0, r1]
	cmp r0, #0x00
	bge _08133970
	adds r0, #0x3F
_08133970:
	asrs r0, r0, #0x06
	muls r0, r7
	lsrs r1, r0, #0x1F
	adds r0, r0, r1
	asrs r0, r0, #0x01
	mov r2, r9
	ldr r1, [r2, #0x00]
	adds r1, r1, r0
	str r1, [r4, #0x08]
	movs r0, #0x80
	lsls r0, r0, #0x07
	cmp r1, r0
	bgt _081339B4
	movs r0, #0x00
	str r0, [r5, #0x00]
	cmp r4, #0x00
	beq _081339C0
_08133992:
	adds r0, r4, #0x0
	bl sub_807FA94
	adds r4, r0, #0x0
	cmp r4, #0x00
	bne _08133992
	b _081339C0
_081339A0: .4byte 0x0819832C
_081339A4: .4byte 0x08198220
_081339A8: .4byte 0x03001038
_081339AC: .4byte 0x08198584
_081339B0: .4byte 0x08198504
_081339B4:
	movs r0, #0x60
	add r8, r0
	adds r5, r4, #0x0
	ldr r4, [r4, #0x00]
	cmp r4, #0x00
	bne _0813392E
_081339C0:
	ldr r5, [r6, #0x2C]
	ldr r1, [r5, #0x38]
	mov r2, r10
	ldr r0, [r2, #0x00]
	subs r0, r1, r0
	cmp r0, #0x00
	bge _081339D0
	adds r0, #0xFF
_081339D0:
	asrs r4, r0, #0x08
	ldr r1, [r5, #0x3C]
	mov r2, r9
	ldr r0, [r2, #0x00]
	subs r1, r1, r0
	cmp r1, #0x00
	bge _081339E0
	adds r1, #0xFF
_081339E0:
	asrs r3, r1, #0x08
	ldr r2, _08133AB4 @ =0x03001038
	adds r0, r4, #0x0
	muls r0, r4
	lsls r1, r3, #0x02
	muls r1, r3
	adds r0, r0, r1
	ldr r1, [r2, #0x00]
	bl _call_via_r1
	adds r1, r0, #0x0
	subs r0, #0x08
	cmp r0, r7
	bge _08133A26
	adds r0, #0x10
	cmp r7, r0
	bge _08133A26
	ldr r1, [r5, #0x40]
	cmp r1, #0x00
	blt _08133A26
	ldr r0, _08133AB8 @ =0x000007FF
	cmp r1, r0
	bgt _08133A26
	adds r4, r6, #0x0
	adds r4, #0xA0
	ldr r0, [r4, #0x00]
	cmp r0, #0x00
	bne _08133A26
	adds r0, r6, #0x0
	adds r1, r5, #0x0
	movs r2, #0xFF
	bl sub_810DD7C
	movs r0, #0x01
	str r0, [r4, #0x00]
_08133A26:
	ldr r0, [r5, #0x28]
	bl sub_8087650
	cmp r0, #0x00
	beq _08133A98
	adds r5, r0, #0x0
	adds r5, #0x08
	ldr r1, [r5, #0x38]
	mov r2, r10
	ldr r0, [r2, #0x00]
	subs r0, r1, r0
	cmp r0, #0x00
	bge _08133A42
	adds r0, #0xFF
_08133A42:
	asrs r4, r0, #0x08
	ldr r1, [r5, #0x3C]
	mov r2, r9
	ldr r0, [r2, #0x00]
	subs r0, r1, r0
	cmp r0, #0x00
	bge _08133A52
	adds r0, #0xFF
_08133A52:
	asrs r3, r0, #0x08
	ldr r2, _08133AB4 @ =0x03001038
	adds r0, r4, #0x0
	muls r0, r4
	lsls r1, r3, #0x02
	muls r1, r3
	adds r0, r0, r1
	ldr r1, [r2, #0x00]
	bl _call_via_r1
	adds r1, r0, #0x0
	subs r0, #0x08
	cmp r0, r7
	bge _08133A98
	adds r0, #0x10
	cmp r7, r0
	bge _08133A98
	ldr r1, [r5, #0x40]
	cmp r1, #0x00
	blt _08133A98
	ldr r0, _08133AB8 @ =0x000007FF
	cmp r1, r0
	bgt _08133A98
	adds r4, r6, #0x0
	adds r4, #0xA4
	ldr r0, [r4, #0x00]
	cmp r0, #0x00
	bne _08133A98
	adds r0, r6, #0x0
	adds r1, r5, #0x0
	movs r2, #0xFF
	bl sub_810DD7C
	movs r0, #0x01
	str r0, [r4, #0x00]
_08133A98:
	cmp r7, #0xC7
	ble _08133AA2
	adds r0, r6, #0x0
	bl sub_807C298
_08133AA2:
	add sp, #0x008
	pop {r3, r4, r5}
	mov r8, r3
	mov r9, r4
	mov r10, r5
	pop {r4, r5, r6, r7}
	pop {r0}
	bx r0
	.byte 0x00, 0x00
_08133AB4: .4byte 0x03001038
_08133AB8: .4byte 0x000007FF
	.byte 0x10, 0xB5, 0x04, 0x1C, 0xA0, 0x68, 0x81, 0x7C, 0x08, 0x20, 0x08, 0x40, 0x00, 0x28, 0x07, 0xD0
	.byte 0x20, 0x1C, 0x10, 0x21, 0x00, 0x22, 0x00, 0x23, 0x4F, 0xF7, 0xA2, 0xF9, 0x02, 0x48, 0xE0, 0x64
	.byte 0x10, 0xBC, 0x01, 0xBC, 0x00, 0x47, 0x00, 0x00, 0x0D, 0x75, 0x08, 0x08
	thumb_func_start sub_8133AE8
sub_8133AE8:
	push {r4, lr}
	adds r4, r0, #0x0
	ldr r2, _08133B2C @ =0x03001034
	ldr r0, _08133B30 @ =0x08198154
	ldr r1, _08133B34 @ =0x081980D8
	subs r0, r0, r1
	ldr r3, [r2, #0x00]
	adds r3, r3, r0
	ldr r0, _08133B38 @ =0x02000460
	ldr r1, _08133B3C @ =0x03000FDC
	ldr r1, [r1, #0x00]
	ldr r2, _08133B40 @ =0x00003CD0
	adds r1, r1, r2
	movs r2, #0x20
	bl _call_via_r3
	ldr r0, _08133B44 @ =0x03000D74
	ldr r2, [r0, #0x00]
	ldrh r0, [r2, #0x2A]
	strh r0, [r2, #0x28]
	ldr r3, _08133B48 @ =0x0000FFFF
	adds r1, r3, #0x0
	orrs r0, r1
	strh r0, [r2, #0x2A]
	ldr r0, _08133B4C @ =0x08133659
	adds r1, r4, #0x0
	bl sub_807FF70
	ldr r0, _08133B50 @ =0x0813378D
	str r0, [r4, #0x4C]
	pop {r4}
	pop {r0}
	bx r0
	.byte 0x00, 0x00
_08133B2C: .4byte 0x03001034
_08133B30: .4byte 0x08198154
_08133B34: .4byte 0x081980D8
_08133B38: .4byte 0x02000460
_08133B3C: .4byte 0x03000FDC
_08133B40: .4byte 0x00003CD0
_08133B44: .4byte 0x03000D74
_08133B48: .4byte 0x0000FFFF
_08133B4C: .4byte sub_8133658
_08133B50: .4byte sub_813378C
	thumb_func_start sub_8133B54
sub_8133B54:
	push {r4, lr}
	adds r4, r0, #0x0
	ldr r0, [r4, #0x08]
	ldrb r1, [r0, #0x12]
	movs r0, #0x08
	ands r0, r1
	cmp r0, #0x00
	beq _08133BB4
	adds r2, r4, #0x0
	adds r2, #0xAC
	movs r1, #0x00
	ldsh r0, [r2, r1]
	adds r1, r4, #0x0
	adds r1, #0x9C
	ldr r1, [r1, #0x00]
	cmp r0, r1
	bge _08133BA0
	ldr r0, [r4, #0x18]
	movs r1, #0x80
	lsls r1, r1, #0x05
	adds r0, r0, r1
	str r0, [r4, #0x18]
	adds r0, r4, #0x0
	movs r1, #0x0C
	movs r2, #0x00
	movs r3, #0x00
	bl sub_8082E1C
	movs r1, #0x01
	negs r1, r1
	movs r0, #0xD5
	bl play_sfx_80195B4
	ldr r0, _08133B9C @ =0x08133BC1
	b _08133BB2
	.byte 0x00, 0x00
_08133B9C: .4byte sub_8133BC0
_08133BA0:
	movs r0, #0x00
	strh r0, [r2, #0x00]
	adds r0, r4, #0x0
	movs r1, #0x0E
	movs r2, #0x00
	movs r3, #0x00
	bl sub_8082E1C
	ldr r0, _08133BBC @ =0x081334F5
_08133BB2:
	str r0, [r4, #0x4C]
_08133BB4:
	pop {r4}
	pop {r0}
	bx r0
	.byte 0x00, 0x00
_08133BBC: .4byte sub_81334F4
	thumb_func_start sub_8133BC0
sub_8133BC0:
	push {r4, lr}
	adds r2, r0, #0x0
	ldr r1, [r2, #0x08]
	movs r3, #0xA0
	lsls r3, r3, #0x05
	adds r0, r3, #0x0
	ldrh r3, [r1, #0x0C]
	adds r0, r0, r3
	movs r4, #0x00
	strh r0, [r1, #0x0C]
	adds r3, r2, #0x0
	adds r3, #0xA8
	ldr r0, [r3, #0x00]
	adds r0, #0x01
	str r0, [r3, #0x00]
	adds r1, r2, #0x0
	adds r1, #0xA4
	ldr r1, [r1, #0x00]
	cmp r0, r1
	blt _08133C10
	adds r1, r2, #0x0
	adds r1, #0xAC
	ldrh r0, [r1, #0x00]
	adds r0, #0x01
	strh r0, [r1, #0x00]
	ldr r0, [r2, #0x08]
	strh r4, [r0, #0x0C]
	str r4, [r3, #0x00]
	ldr r0, [r2, #0x18]
	ldr r1, _08133C18 @ =0xFFFFF000
	adds r0, r0, r1
	str r0, [r2, #0x18]
	ldr r0, _08133C1C @ =0x08133B55
	str r0, [r2, #0x4C]
	adds r0, r2, #0x0
	movs r1, #0x0D
	movs r2, #0x00
	movs r3, #0x00
	bl sub_8082E1C
_08133C10:
	pop {r4}
	pop {r0}
	bx r0
	.byte 0x00, 0x00
_08133C18: .4byte 0xFFFFF000
_08133C1C: .4byte sub_8133B54
	thumb_func_start sub_8133C20
sub_8133C20:
	push {r4, lr}
	adds r4, r0, #0x0
	adds r2, r4, #0x0
	adds r2, #0x8C
	ldr r0, [r4, #0x18]
	ldr r1, [r2, #0x00]
	adds r0, r0, r1
	str r0, [r4, #0x18]
	adds r1, r4, #0x0
	adds r1, #0x94
	ldr r0, [r2, #0x00]
	ldr r1, [r1, #0x00]
	subs r0, r0, r1
	str r0, [r2, #0x00]
	cmp r0, #0x00
	bgt _08133C72
	ldr r0, [r4, #0x18]
	movs r1, #0x80
	lsls r1, r1, #0x05
	adds r0, r0, r1
	str r0, [r4, #0x18]
	adds r1, r4, #0x0
	adds r1, #0xA4
	movs r0, #0x0C
	str r0, [r1, #0x00]
	adds r1, #0x04
	movs r0, #0x00
	str r0, [r1, #0x00]
	adds r0, r4, #0x0
	movs r1, #0x0C
	movs r2, #0x00
	movs r3, #0x00
	bl sub_8082E1C
	movs r1, #0x01
	negs r1, r1
	movs r0, #0xD5
	bl play_sfx_80195B4
	ldr r0, _08133C78 @ =0x08133BC1
	str r0, [r4, #0x4C]
_08133C72:
	pop {r4}
	pop {r0}
	bx r0
_08133C78: .4byte sub_8133BC0
	thumb_func_start sub_8133C7C
sub_8133C7C:
	push {r4, lr}
	add sp, #-0x004
	adds r4, r0, #0x0
	ldr r0, [r4, #0x08]
	ldrb r1, [r0, #0x12]
	movs r0, #0x08
	ands r0, r1
	cmp r0, #0x00
	beq _08133CE0
	ldr r1, [r4, #0x38]
	cmp r1, #0x00
	bge _08133C96
	adds r1, #0xFF
_08133C96:
	asrs r1, r1, #0x08
	ldr r0, [r4, #0x3C]
	cmp r0, #0x00
	bge _08133CA0
	adds r0, #0xFF
_08133CA0:
	asrs r0, r0, #0x08
	adds r2, r0, #0x2
	ldr r3, [r4, #0x40]
	cmp r3, #0x00
	bge _08133CAC
	adds r3, #0xFF
_08133CAC:
	asrs r3, r3, #0x08
	str r4, [sp, #0x000]
	ldr r0, _08133CE8 @ =0x00002734
	bl sub_80DF024
	adds r1, r4, #0x0
	adds r1, #0x8C
	movs r0, #0x80
	lsls r0, r0, #0x04
	str r0, [r1, #0x00]
	adds r1, #0x08
	movs r0, #0x80
	str r0, [r1, #0x00]
	adds r0, r4, #0x0
	movs r1, #0x0B
	movs r2, #0x00
	movs r3, #0x00
	bl sub_8082E1C
	movs r1, #0x01
	negs r1, r1
	movs r0, #0x69
	bl play_sfx_80195B4
	ldr r0, _08133CEC @ =0x08133C21
	str r0, [r4, #0x4C]
_08133CE0:
	add sp, #0x004
	pop {r4}
	pop {r0}
	bx r0
_08133CE8: .4byte 0x00002734
_08133CEC: .4byte sub_8133C20
	thumb_func_start sub_8133CF0
sub_8133CF0:
	push {r4, lr}
	adds r4, r0, #0x0
	adds r0, #0x80
	ldr r0, [r0, #0x00]
	cmp r0, #0x00
	bne _08133D0C
	adds r0, r4, #0x0
	movs r1, #0x0A
	movs r2, #0x00
	movs r3, #0x00
	bl sub_8082E1C
	ldr r0, _08133D14 @ =0x08133C7D
	str r0, [r4, #0x4C]
_08133D0C:
	pop {r4}
	pop {r0}
	bx r0
	.byte 0x00, 0x00
_08133D14: .4byte sub_8133C7C
	thumb_func_start sub_8133D18
sub_8133D18:
	push {r4, lr}
	adds r4, r0, #0x0
	bl sub_8082B00
	adds r3, r0, #0x0
	cmp r3, #0x00
	bne _08133D74
	adds r1, r4, #0x0
	adds r1, #0x84
	adds r0, r4, #0x0
	adds r0, #0xA4
	ldr r0, [r0, #0x00]
	lsls r0, r0, #0x08
	str r0, [r1, #0x00]
	adds r1, #0x04
	movs r0, #0xD4
	lsls r0, r0, #0x07
	str r0, [r1, #0x00]
	adds r1, #0x04
	ldr r0, [r4, #0x40]
	str r0, [r1, #0x00]
	adds r2, r4, #0x0
	adds r2, #0x79
	ldrb r0, [r2, #0x00]
	movs r1, #0x20
	orrs r0, r1
	strb r0, [r2, #0x00]
	adds r1, r4, #0x0
	adds r1, #0x7C
	movs r0, #0xA0
	lsls r0, r0, #0x02
	strh r0, [r1, #0x00]
	adds r0, r4, #0x0
	adds r0, #0x7A
	strh r3, [r0, #0x00]
	adds r0, r4, #0x0
	bl sub_8085B38
	adds r0, r4, #0x0
	movs r1, #0x09
	movs r2, #0x00
	movs r3, #0x00
	bl sub_8082E1C
	ldr r0, _08133D7C @ =0x08133CF1
	str r0, [r4, #0x4C]
_08133D74:
	pop {r4}
	pop {r0}
	bx r0
	.byte 0x00, 0x00
_08133D7C: .4byte sub_8133CF0
	.byte 0x30, 0xB5, 0x04, 0x1C, 0x25, 0x1C, 0x9C, 0x35, 0x28, 0x68, 0x00, 0x28, 0x0C, 0xD1, 0x66, 0xF0
	.byte 0xCF, 0xF8, 0x03, 0x21, 0x01, 0x40, 0x01, 0x31, 0x29, 0x60, 0x21, 0x1C, 0xA0, 0x31, 0x28, 0x20
	.byte 0x08, 0x60, 0x04, 0x31, 0x8C, 0x20, 0x08, 0x60, 0x20, 0x1C, 0xAC, 0x30, 0x00, 0x21, 0x01, 0x80
	.byte 0x02, 0x48, 0xE0, 0x64, 0x01, 0x20, 0x30, 0xBC, 0x02, 0xBC, 0x08, 0x47, 0x19, 0x3D, 0x13, 0x08
	thumb_func_start sub_8133DC0
sub_8133DC0:
	push {r4, r5, r6, r7, lr}
	mov r7, r8
	push {r7}
	adds r6, r0, #0x0
	adds r4, r6, #0x0
	adds r4, #0x9C
	ldr r0, [r4, #0x00]
	cmp r0, #0x00
	bne _08133DF4
	movs r0, #0x80
	lsls r0, r0, #0x02
	str r0, [r4, #0x00]
	bl sub_8199F30
	adds r2, r6, #0x0
	adds r2, #0xA0
	movs r1, #0x03
	ands r1, r0
	str r1, [r2, #0x00]
	bl sub_8199F30
	adds r2, r6, #0x0
	adds r2, #0xA4
	movs r1, #0x01
	ands r1, r0
	str r1, [r2, #0x00]
_08133DF4:
	adds r7, r6, #0x0
	adds r7, #0xAC
	movs r0, #0x00
	mov r8, r0
	mov r1, r8
	strh r1, [r7, #0x00]
	adds r5, r6, #0x0
	adds r5, #0xA4
	ldr r0, [r5, #0x00]
	cmp r0, #0x00
	beq _08133E10
	ldr r0, [r4, #0x00]
	negs r0, r0
	str r0, [r4, #0x00]
_08133E10:
	adds r0, r6, #0x0
	adds r0, #0xA0
	ldr r2, [r0, #0x00]
	cmp r2, #0x02
	beq _08133E94
	cmp r2, #0x02
	ble _08133E24
	cmp r2, #0x03
	beq _08133F14
	b _08133F5A
_08133E24:
	cmp r2, #0x00
	bge _08133E2A
	b _08133F5A
_08133E2A:
	ldr r0, _08133E8C @ =0x03000FD8
	ldr r1, [r0, #0x00]
	adds r0, r2, #0x6
	lsls r0, r0, #0x02
	adds r1, #0x58
	adds r1, r1, r0
	ldr r0, [r1, #0x00]
	adds r0, #0x08
	str r0, [r6, #0x2C]
	adds r2, r6, #0x0
	adds r2, #0x77
	ldrb r1, [r2, #0x00]
	movs r0, #0x41
	negs r0, r0
	ands r0, r1
	movs r1, #0x21
	negs r1, r1
	ands r0, r1
	strb r0, [r2, #0x00]
	adds r0, r6, #0x0
	bl sub_807F4FC
	movs r0, #0x08
	strh r0, [r7, #0x00]
	ldr r0, [r6, #0x38]
	str r0, [r5, #0x00]
	adds r1, r6, #0x0
	adds r1, #0xA8
	ldr r0, [r6, #0x3C]
	str r0, [r1, #0x00]
	adds r2, r6, #0x0
	adds r2, #0x84
	ldr r0, [r6, #0x2C]
	ldr r1, [r0, #0x28]
	adds r0, r1, #0x0
	adds r0, #0xD8
	ldr r0, [r0, #0x00]
	str r0, [r2, #0x00]
	adds r2, #0x04
	adds r1, #0xDC
	ldr r0, [r1, #0x00]
	str r0, [r2, #0x00]
	ldr r0, [r4, #0x00]
	adds r1, r6, #0x0
	adds r1, #0xAE
	strh r0, [r1, #0x00]
	ldr r0, _08133E90 @ =0x08133F6D
	b _08133EFC
	.byte 0x00, 0x00
_08133E8C: .4byte 0x03000FD8
_08133E90: .4byte sub_8133F6C
_08133E94:
	adds r2, r6, #0x0
	adds r2, #0x77
	ldrb r1, [r2, #0x00]
	movs r0, #0x41
	negs r0, r0
	ands r0, r1
	movs r1, #0x21
	negs r1, r1
	ands r0, r1
	strb r0, [r2, #0x00]
	adds r0, r6, #0x0
	bl sub_807F4FC
	adds r5, r6, #0x0
	adds r5, #0x84
	ldr r0, _08133F0C @ =0x03000FD8
	ldr r0, [r0, #0x00]
	ldr r2, [r0, #0x70]
	ldr r3, [r0, #0x74]
	ldr r0, [r2, #0x40]
	ldr r1, [r3, #0x40]
	adds r0, r0, r1
	lsrs r1, r0, #0x1F
	adds r0, r0, r1
	asrs r0, r0, #0x01
	str r0, [r5, #0x00]
	adds r4, r6, #0x0
	adds r4, #0x88
	ldr r0, [r2, #0x44]
	ldr r1, [r3, #0x44]
	adds r0, r0, r1
	lsrs r1, r0, #0x1F
	adds r0, r0, r1
	asrs r0, r0, #0x01
	str r0, [r4, #0x00]
	adds r2, r6, #0x0
	adds r2, #0x8C
	ldr r1, [r6, #0x38]
	ldr r0, [r5, #0x00]
	subs r0, r1, r0
	cmp r0, #0x00
	bge _08133EEA
	adds r0, #0xFF
_08133EEA:
	asrs r0, r0, #0x08
	str r0, [r2, #0x00]
	movs r0, #0x08
	strh r0, [r7, #0x00]
	adds r0, r6, #0x0
	adds r0, #0x98
	mov r1, r8
	str r1, [r0, #0x00]
	ldr r0, _08133F10 @ =0x08134085
_08133EFC:
	str r0, [r6, #0x4C]
	movs r1, #0x01
	negs r1, r1
	movs r0, #0xDB
	bl play_sfx_80195B4
	b _08133F5A
	.byte 0x00, 0x00
_08133F0C: .4byte 0x03000FD8
_08133F10: .4byte sub_8134084
_08133F14:
	adds r2, r6, #0x0
	adds r2, #0x77
	ldrb r0, [r2, #0x00]
	movs r1, #0x41
	negs r1, r1
	ands r1, r0
	movs r0, #0x21
	negs r0, r0
	ands r1, r0
	strb r1, [r2, #0x00]
	adds r0, r6, #0x0
	bl sub_807F4FC
	adds r1, r6, #0x0
	adds r1, #0x84
	ldr r0, [r6, #0x38]
	cmp r0, #0x00
	bge _08133F3A
	adds r0, #0xFF
_08133F3A:
	asrs r0, r0, #0x08
	subs r0, #0x54
	str r0, [r1, #0x00]
	movs r0, #0x08
	strh r0, [r7, #0x00]
	adds r0, r6, #0x0
	adds r0, #0x98
	mov r1, r8
	str r1, [r0, #0x00]
	ldr r0, _08133F68 @ =0x08134191
	str r0, [r6, #0x4C]
	movs r1, #0x01
	negs r1, r1
	movs r0, #0xDB
	bl play_sfx_80195B4
_08133F5A:
	movs r0, #0x01
	pop {r3}
	mov r8, r3
	pop {r4, r5, r6, r7}
	pop {r1}
	bx r1
	.byte 0x00, 0x00
_08133F68: .4byte sub_8134190
	thumb_func_start sub_8133F6C
sub_8133F6C:
	push {r4, r5, r6, r7, lr}
	mov r7, r9
	mov r6, r8
	push {r6, r7}
	add sp, #-0x004
	adds r4, r0, #0x0
	adds r0, #0xA4
	adds r1, r4, #0x0
	adds r1, #0x84
	ldr r2, [r0, #0x00]
	ldr r0, [r1, #0x00]
	subs r2, r2, r0
	mov r9, r2
	adds r0, r4, #0x0
	adds r0, #0xA8
	adds r1, #0x04
	ldr r2, [r0, #0x00]
	ldr r0, [r1, #0x00]
	subs r2, r2, r0
	mov r8, r2
	adds r1, #0x24
	ldrh r0, [r1, #0x00]
	subs r0, #0x01
	strh r0, [r1, #0x00]
	lsls r0, r0, #0x10
	cmp r0, #0x00
	bgt _0813400A
	adds r0, r4, #0x0
	adds r0, #0x98
	ldr r1, [r0, #0x00]
	movs r0, #0x80
	lsls r0, r0, #0x08
	cmp r1, r0
	ble _08133FDC
	ldr r1, [r4, #0x38]
	cmp r1, #0x00
	bge _08133FB8
	adds r1, #0xFF
_08133FB8:
	asrs r1, r1, #0x08
	ldr r2, [r4, #0x3C]
	cmp r2, #0x00
	bge _08133FC2
	adds r2, #0xFF
_08133FC2:
	asrs r2, r2, #0x08
	ldr r3, [r4, #0x40]
	cmp r3, #0x00
	bge _08133FCC
	adds r3, #0xFF
_08133FCC:
	asrs r3, r3, #0x08
	str r4, [sp, #0x000]
	ldr r0, _08133FD8 @ =0x000027A9
	bl sub_80DF024
	b _08134002
_08133FD8: .4byte 0x000027A9
_08133FDC:
	ldr r1, [r4, #0x38]
	cmp r1, #0x00
	bge _08133FE4
	adds r1, #0xFF
_08133FE4:
	asrs r1, r1, #0x08
	ldr r2, [r4, #0x3C]
	cmp r2, #0x00
	bge _08133FEE
	adds r2, #0xFF
_08133FEE:
	asrs r2, r2, #0x08
	ldr r3, [r4, #0x40]
	cmp r3, #0x00
	bge _08133FF8
	adds r3, #0xFF
_08133FF8:
	asrs r3, r3, #0x08
	str r4, [sp, #0x000]
	ldr r0, _0813405C @ =0x000027B2
	bl sub_80DF024
_08134002:
	adds r1, r4, #0x0
	adds r1, #0xAC
	movs r0, #0x08
	strh r0, [r1, #0x00]
_0813400A:
	adds r6, r4, #0x0
	adds r6, #0x9C
	ldr r1, [r4, #0x10]
	ldr r0, [r6, #0x00]
	subs r5, r1, r0
	str r5, [r4, #0x10]
	adds r7, r4, #0x0
	adds r7, #0xA4
	ldr r0, [r7, #0x00]
	subs r0, r5, r0
	mov r1, r8
	muls r1, r0
	adds r0, r1, #0x0
	mov r1, r9
	bl __divsi3
	adds r1, r4, #0x0
	adds r1, #0xA8
	ldr r1, [r1, #0x00]
	adds r0, r0, r1
	str r0, [r4, #0x14]
	adds r1, r5, #0x0
	cmp r5, #0x00
	bge _0813403C
	adds r1, #0xFF
_0813403C:
	asrs r1, r1, #0x08
	movs r0, #0x20
	negs r0, r0
	cmp r1, r0
	bge _08134060
	adds r0, r4, #0x0
	bl sub_807F47C
	ldr r0, [r6, #0x00]
	negs r0, r0
	str r0, [r6, #0x00]
	adds r0, r4, #0x0
	bl sub_807F4FC
	b _08134076
	.byte 0x00, 0x00
_0813405C: .4byte 0x000027B2
_08134060:
	ldr r0, [r7, #0x00]
	cmp r5, r0
	ble _08134076
	adds r0, r4, #0x0
	bl sub_807F47C
	movs r0, #0x00
	str r0, [r4, #0x4C]
	movs r0, #0xDB
	bl stop_sfx_80195A8
_08134076:
	add sp, #0x004
	pop {r3, r4}
	mov r8, r3
	mov r9, r4
	pop {r4, r5, r6, r7}
	pop {r0}
	bx r0
	thumb_func_start sub_8134084
sub_8134084:
	push {r4, r5, r6, lr}
	add sp, #-0x004
	adds r4, r0, #0x0
	adds r2, r4, #0x0
	adds r2, #0x98
	ldr r0, [r2, #0x00]
	cmp r0, #0x00
	bge _08134096
	adds r0, #0xFF
_08134096:
	asrs r5, r0, #0x08
	movs r0, #0xFF
	ands r5, r0
	adds r1, r4, #0x0
	adds r1, #0xAC
	ldrh r0, [r1, #0x00]
	subs r0, #0x01
	strh r0, [r1, #0x00]
	lsls r0, r0, #0x10
	adds r6, r1, #0x0
	cmp r0, #0x00
	bgt _0813410E
	ldr r1, [r2, #0x00]
	movs r0, #0x80
	lsls r0, r0, #0x08
	cmp r1, r0
	ble _081340E4
	ldr r1, [r4, #0x38]
	cmp r1, #0x00
	bge _081340C0
	adds r1, #0xFF
_081340C0:
	asrs r1, r1, #0x08
	ldr r2, [r4, #0x3C]
	cmp r2, #0x00
	bge _081340CA
	adds r2, #0xFF
_081340CA:
	asrs r2, r2, #0x08
	ldr r3, [r4, #0x40]
	cmp r3, #0x00
	bge _081340D4
	adds r3, #0xFF
_081340D4:
	asrs r3, r3, #0x08
	str r4, [sp, #0x000]
	ldr r0, _081340E0 @ =0x000027A9
	bl sub_80DF024
	b _0813410A
_081340E0: .4byte 0x000027A9
_081340E4:
	ldr r1, [r4, #0x38]
	cmp r1, #0x00
	bge _081340EC
	adds r1, #0xFF
_081340EC:
	asrs r1, r1, #0x08
	ldr r2, [r4, #0x3C]
	cmp r2, #0x00
	bge _081340F6
	adds r2, #0xFF
_081340F6:
	asrs r2, r2, #0x08
	ldr r3, [r4, #0x40]
	cmp r3, #0x00
	bge _08134100
	adds r3, #0xFF
_08134100:
	asrs r3, r3, #0x08
	str r4, [sp, #0x000]
	ldr r0, _08134184 @ =0x000027B2
	bl sub_80DF024
_0813410A:
	movs r0, #0x08
	strh r0, [r6, #0x00]
_0813410E:
	ldr r0, _08134188 @ =0x08198584
	lsls r2, r5, #0x01
	adds r0, r2, r0
	movs r3, #0x00
	ldsh r1, [r0, r3]
	cmp r1, #0x00
	bge _0813411E
	adds r1, #0x3F
_0813411E:
	asrs r1, r1, #0x06
	adds r0, r4, #0x0
	adds r0, #0x8C
	ldr r0, [r0, #0x00]
	muls r0, r1
	adds r1, r4, #0x0
	adds r1, #0x84
	ldr r1, [r1, #0x00]
	adds r0, r0, r1
	str r0, [r4, #0x10]
	ldr r0, _0813418C @ =0x08198504
	adds r0, r2, r0
	movs r1, #0x00
	ldsh r0, [r0, r1]
	cmp r0, #0x00
	bge _08134140
	adds r0, #0x3F
_08134140:
	asrs r0, r0, #0x06
	lsls r0, r0, #0x04
	adds r1, r4, #0x0
	adds r1, #0x88
	ldr r1, [r1, #0x00]
	adds r0, r0, r1
	str r0, [r4, #0x14]
	adds r2, r4, #0x0
	adds r2, #0x98
	adds r1, r4, #0x0
	adds r1, #0x9C
	ldr r0, [r2, #0x00]
	ldr r1, [r1, #0x00]
	adds r0, r0, r1
	str r0, [r2, #0x00]
	movs r3, #0x80
	lsls r3, r3, #0x09
	adds r0, r0, r3
	movs r1, #0x80
	lsls r1, r1, #0x0A
	cmp r0, r1
	bls _0813417C
	adds r0, r4, #0x0
	bl sub_807F47C
	movs r0, #0x00
	str r0, [r4, #0x4C]
	movs r0, #0xDB
	bl stop_sfx_80195A8
_0813417C:
	add sp, #0x004
	pop {r4, r5, r6}
	pop {r0}
	bx r0
_08134184: .4byte 0x000027B2
_08134188: .4byte 0x08198584
_0813418C: .4byte 0x08198504
	thumb_func_start sub_8134190
sub_8134190:
	push {r4, r5, r6, lr}
	add sp, #-0x004
	adds r4, r0, #0x0
	adds r2, r4, #0x0
	adds r2, #0x98
	ldr r0, [r2, #0x00]
	cmp r0, #0x00
	bge _081341A2
	adds r0, #0xFF
_081341A2:
	asrs r5, r0, #0x08
	movs r0, #0xFF
	ands r5, r0
	adds r1, r4, #0x0
	adds r1, #0xAC
	ldrh r0, [r1, #0x00]
	subs r0, #0x01
	strh r0, [r1, #0x00]
	lsls r0, r0, #0x10
	adds r6, r1, #0x0
	cmp r0, #0x00
	bgt _0813421A
	ldr r1, [r2, #0x00]
	movs r0, #0x80
	lsls r0, r0, #0x08
	cmp r1, r0
	ble _081341F0
	ldr r1, [r4, #0x38]
	cmp r1, #0x00
	bge _081341CC
	adds r1, #0xFF
_081341CC:
	asrs r1, r1, #0x08
	ldr r2, [r4, #0x3C]
	cmp r2, #0x00
	bge _081341D6
	adds r2, #0xFF
_081341D6:
	asrs r2, r2, #0x08
	ldr r3, [r4, #0x40]
	cmp r3, #0x00
	bge _081341E0
	adds r3, #0xFF
_081341E0:
	asrs r3, r3, #0x08
	str r4, [sp, #0x000]
	ldr r0, _081341EC @ =0x000027A9
	bl sub_80DF024
	b _08134216
_081341EC: .4byte 0x000027A9
_081341F0:
	ldr r1, [r4, #0x38]
	cmp r1, #0x00
	bge _081341F8
	adds r1, #0xFF
_081341F8:
	asrs r1, r1, #0x08
	ldr r2, [r4, #0x3C]
	cmp r2, #0x00
	bge _08134202
	adds r2, #0xFF
_08134202:
	asrs r2, r2, #0x08
	ldr r3, [r4, #0x40]
	cmp r3, #0x00
	bge _0813420C
	adds r3, #0xFF
_0813420C:
	asrs r3, r3, #0x08
	str r4, [sp, #0x000]
	ldr r0, _0813428C @ =0x000027B2
	bl sub_80DF024
_08134216:
	movs r0, #0x08
	strh r0, [r6, #0x00]
_0813421A:
	ldr r0, _08134290 @ =0x08198584
	lsls r2, r5, #0x01
	adds r0, r2, r0
	movs r3, #0x00
	ldsh r1, [r0, r3]
	cmp r1, #0x00
	bge _0813422A
	adds r1, #0x3F
_0813422A:
	asrs r1, r1, #0x06
	adds r0, r4, #0x0
	adds r0, #0x84
	ldr r0, [r0, #0x00]
	muls r0, r1
	movs r1, #0xA8
	lsls r1, r1, #0x07
	adds r0, r0, r1
	str r0, [r4, #0x10]
	ldr r0, _08134294 @ =0x08198504
	adds r0, r2, r0
	movs r3, #0x00
	ldsh r0, [r0, r3]
	cmp r0, #0x00
	bge _0813424A
	adds r0, #0x3F
_0813424A:
	asrs r0, r0, #0x06
	lsls r0, r0, #0x05
	movs r1, #0xD8
	lsls r1, r1, #0x07
	adds r0, r0, r1
	str r0, [r4, #0x14]
	adds r2, r4, #0x0
	adds r2, #0x98
	adds r1, r4, #0x0
	adds r1, #0x9C
	ldr r0, [r2, #0x00]
	ldr r1, [r1, #0x00]
	adds r0, r0, r1
	str r0, [r2, #0x00]
	movs r3, #0x80
	lsls r3, r3, #0x09
	adds r0, r0, r3
	movs r1, #0x80
	lsls r1, r1, #0x0A
	cmp r0, r1
	bls _08134284
	adds r0, r4, #0x0
	bl sub_807F47C
	movs r0, #0x00
	str r0, [r4, #0x4C]
	movs r0, #0xDB
	bl stop_sfx_80195A8
_08134284:
	add sp, #0x004
	pop {r4, r5, r6}
	pop {r0}
	bx r0
_0813428C: .4byte 0x000027B2
_08134290: .4byte 0x08198584
_08134294: .4byte 0x08198504
	.byte 0xF0, 0xB5, 0x4F, 0x46, 0x46, 0x46, 0xC0, 0xB4, 0x04, 0x1C, 0x27, 0x1C, 0x80, 0x37, 0x3E, 0x68
	.byte 0x84, 0x30, 0x01, 0x68, 0x20, 0x69, 0x0B, 0x1A, 0x20, 0x1C, 0x88, 0x30, 0x01, 0x68, 0x60, 0x69
	.byte 0x09, 0x1A, 0x88, 0x46, 0x20, 0x1C, 0x8C, 0x30, 0x01, 0x68, 0xA0, 0x69, 0x09, 0x1A, 0x89, 0x46
	.byte 0x20, 0x1C, 0x7E, 0x30, 0x00, 0x21, 0x45, 0x5E, 0xAE, 0x42, 0x00, 0xDA, 0x35, 0x1C, 0x00, 0x2B
	.byte 0x0D, 0xD0, 0x1B, 0x4A, 0x1B, 0x48, 0x1C, 0x49, 0x40, 0x1A, 0x12, 0x68, 0x12, 0x18, 0x18, 0x1C
	.byte 0x68, 0x43, 0x31, 0x1C, 0xA6, 0xF0, 0xC0, 0xFB, 0x21, 0x69, 0x09, 0x18, 0x21, 0x61, 0x40, 0x46
	.byte 0x00, 0x28, 0x0D, 0xD0, 0x12, 0x4A, 0x13, 0x48, 0x13, 0x49, 0x40, 0x1A, 0x12, 0x68, 0x12, 0x18
	.byte 0x40, 0x46, 0x68, 0x43, 0x31, 0x1C, 0xA6, 0xF0, 0xAF, 0xFB, 0x61, 0x69, 0x09, 0x18, 0x61, 0x61
	.byte 0x49, 0x46, 0x00, 0x29, 0x0D, 0xD0, 0x0A, 0x4A, 0x0A, 0x48, 0x0B, 0x49, 0x40, 0x1A, 0x12, 0x68
	.byte 0x12, 0x18, 0x48, 0x46, 0x68, 0x43, 0x31, 0x1C, 0xA6, 0xF0, 0x9E, 0xFB, 0xA1, 0x69, 0x09, 0x18
	.byte 0xA1, 0x61, 0x38, 0x68, 0x40, 0x1B, 0x38, 0x60, 0x00, 0x2E, 0x07, 0xD1, 0x01, 0x20, 0x06, 0xE0
	.byte 0x38, 0x10, 0x00, 0x03, 0x2C, 0x83, 0x19, 0x08, 0x20, 0x82, 0x19, 0x08, 0x00, 0x20, 0x18, 0xBC
	.byte 0x98, 0x46, 0xA1, 0x46, 0xF0, 0xBC, 0x02, 0xBC, 0x08, 0x47, 0x00, 0x00, 0xF0, 0xB5, 0x47, 0x46
	.byte 0x80, 0xB4, 0x05, 0x1C, 0x7A, 0x30, 0x00, 0x21, 0x40, 0x5E, 0x04, 0x02, 0x84, 0x23, 0x5B, 0x19
	.byte 0x98, 0x46, 0x1E, 0x68, 0x88, 0x20, 0x40, 0x19, 0x84, 0x46, 0x02, 0x68, 0x2F, 0x1C, 0x8C, 0x37
	.byte 0x3B, 0x68, 0x28, 0x1C, 0x79, 0x30, 0x01, 0x78, 0x20, 0x20, 0x08, 0x40, 0x00, 0x28, 0x05, 0xD1
	.byte 0x28, 0x69, 0x36, 0x18, 0x68, 0x69, 0x12, 0x18, 0xA8, 0x69, 0x1B, 0x18, 0x41, 0x46, 0x0E, 0x60
	.byte 0x60, 0x46, 0x02, 0x60, 0x3B, 0x60, 0x2F, 0x1C, 0x7C, 0x37, 0x00, 0x2C, 0x2C, 0xD1, 0x28, 0x69
	.byte 0x30, 0x1A, 0x00, 0x28, 0x00, 0xDA, 0x03, 0x30, 0x86, 0x10, 0x68, 0x69, 0x11, 0x1A, 0x00, 0x29
	.byte 0x00, 0xDA, 0x03, 0x31, 0x8A, 0x10, 0xA8, 0x69, 0x19, 0x1A, 0x00, 0x29, 0x00, 0xDA, 0x03, 0x31
	.byte 0x8B, 0x10, 0x19, 0x4C, 0x30, 0x1C, 0x70, 0x43, 0x11, 0x1C, 0x51, 0x43, 0x40, 0x18, 0x19, 0x1C
	.byte 0x59, 0x43, 0x40, 0x18, 0x21, 0x68, 0xA6, 0xF0, 0x3D, 0xFB, 0x14, 0x49, 0x14, 0x4A, 0x89, 0x1A
	.byte 0x22, 0x68, 0x52, 0x18, 0x80, 0x01, 0x00, 0x23, 0xF9, 0x5E, 0x00, 0x29, 0x00, 0xDA, 0x0F, 0x31
	.byte 0x09, 0x11, 0xA6, 0xF0, 0x31, 0xFB, 0x04, 0x1C, 0x28, 0x1C, 0x80, 0x30, 0x04, 0x60, 0x2A, 0x1C
	.byte 0x79, 0x32, 0x11, 0x78, 0x21, 0x20, 0x40, 0x42, 0x08, 0x40, 0x10, 0x70, 0x00, 0x20, 0x38, 0x80
	.byte 0x29, 0x1C, 0x7A, 0x31, 0x08, 0x80, 0x04, 0x31, 0x80, 0x20, 0x40, 0x00, 0x08, 0x80, 0x08, 0xBC
	.byte 0x98, 0x46, 0xF0, 0xBC, 0x01, 0xBC, 0x00, 0x47, 0x38, 0x10, 0x00, 0x03, 0x2C, 0x83, 0x19, 0x08
	.byte 0x20, 0x82, 0x19, 0x08, 0x10, 0xB5, 0x03, 0x1C, 0x1A, 0x1C, 0x92, 0x32, 0x1C, 0x1C, 0x94, 0x34
	.byte 0x21, 0x68, 0x10, 0x88, 0x40, 0x18, 0x10, 0x80, 0x00, 0x20, 0x11, 0x5E, 0x18, 0x6C, 0x40, 0x18
	.byte 0x98, 0x61, 0x19, 0x1C, 0x98, 0x31, 0x09, 0x68, 0x81, 0x42, 0x04, 0xDB, 0x99, 0x61, 0x00, 0x20
	.byte 0x20, 0x60, 0x01, 0x20, 0x00, 0xE0, 0x00, 0x20, 0x10, 0xBC, 0x02, 0xBC, 0x08, 0x47, 0x00, 0x00
	.byte 0x00, 0xB5, 0x82, 0x6A, 0x10, 0x1C, 0xEC, 0x30, 0x00, 0x23, 0xC1, 0x5E, 0x01, 0x20, 0x40, 0x42
	.byte 0x81, 0x42, 0x0D, 0xD1, 0x05, 0x49, 0x50, 0x18, 0x00, 0x23, 0xC0, 0x5E, 0x00, 0x28, 0x11, 0xD0
	.byte 0xEE, 0x39, 0x50, 0x18, 0x51, 0xF7, 0xBA, 0xFF, 0x0C, 0xE0, 0x00, 0x00, 0x26, 0x02, 0x00, 0x00
	.byte 0x10, 0x1C, 0x3A, 0x38, 0x00, 0x23, 0xC0, 0x5E, 0x00, 0x28, 0x03, 0xD0, 0x02, 0x49, 0x50, 0x18
	.byte 0x51, 0xF7, 0xAC, 0xFF, 0x01, 0xBC, 0x00, 0x47, 0xD8, 0xFE, 0xFF, 0xFF
	thumb_func_start sub_81344D4
sub_81344D4:
	push {r4, r5, r6, r7, lr}
	mov r7, r10
	mov r6, r9
	mov r5, r8
	push {r5, r6, r7}
	add sp, #-0x00C
	adds r6, r0, #0x0
	mov r8, r1
	mov r9, r2
	mov r10, r3
	ldr r7, [sp, #0x02C]
	ldr r5, [sp, #0x030]
	bl sub_8134940
	strb r7, [r6, #0x1C]
	movs r4, #0x01
	negs r4, r4
	str r4, [sp, #0x000]
	str r4, [sp, #0x004]
	str r4, [sp, #0x008]
	mov r0, r8
	mov r1, r9
	mov r2, r10
	adds r3, r4, #0x0
	bl sub_8020DD0
	str r0, [r6, #0x08]
	movs r1, #0x00
	str r1, [sp, #0x000]
	adds r1, r7, #0x0
	adds r2, r4, #0x0
	movs r3, #0x00
	bl sub_801E150
	ldr r0, [r6, #0x08]
	bl sprite_show_8020CBC
	ldr r3, [r6, #0x08]
	lsls r2, r5, #0x06
	ldrb r1, [r3, #0x1F]
	movs r0, #0x3F
	ands r0, r1
	orrs r0, r2
	movs r1, #0x03
	ands r5, r1
	lsls r2, r5, #0x04
	movs r1, #0x31
	negs r1, r1
	ands r0, r1
	orrs r0, r2
	lsls r2, r5, #0x02
	adds r1, #0x24
	ands r0, r1
	orrs r0, r2
	adds r1, #0x09
	ands r0, r1
	orrs r0, r5
	strb r0, [r3, #0x1F]
	ldr r0, [r6, #0x08]
	movs r1, #0x00
	strh r1, [r0, #0x0E]
	add sp, #0x00C
	pop {r3, r4, r5}
	mov r8, r3
	mov r9, r4
	mov r10, r5
	pop {r4, r5, r6, r7}
	pop {r0}
	bx r0
	.byte 0x00, 0x00
	thumb_func_start sub_8134560
sub_8134560:
	push {r4, r5, r6, lr}
	add sp, #-0x004
	adds r5, r0, #0x0
	ldr r6, [r5, #0x14]
	cmp r6, #0x00
	beq _081345E0
	ldr r3, [r5, #0x10]
	cmp r3, #0x00
	beq _081345E0
	movs r1, #0x1C
	ldsb r1, [r5, r1]
	movs r0, #0x1D
	ldsb r0, [r5, r0]
	cmp r1, r0
	bne _0813458A
	ldrh r1, [r5, #0x1E]
	ldrh r0, [r5, #0x20]
	lsrs r1, r1, #0x08
	lsrs r0, r0, #0x08
	cmp r1, r0
	beq _081345E0
_0813458A:
	movs r2, #0x1C
	ldsb r2, [r5, r2]
	cmp r2, #0x03
	bgt _081345D8
	cmp r2, #0x00
	blt _081345D8
	ldrh r0, [r5, #0x1E]
	lsrs r0, r0, #0x08
	adds r0, r3, r0
	ldrb r3, [r0, #0x00]
	movs r1, #0x7F
	lsrs r4, r3, #0x07
	ldr r0, [r5, #0x08]
	adds r2, r6, r2
	ands r1, r3
	ldrb r2, [r2, #0x00]
	adds r1, r1, r2
	ldr r3, [r5, #0x38]
	ldr r2, [r5, #0x3C]
	str r2, [sp, #0x000]
	movs r2, #0x00
	bl sub_801E150
	ldr r2, [r5, #0x08]
	lsls r4, r4, #0x06
	ldrb r1, [r2, #0x11]
	movs r0, #0x41
	negs r0, r0
	ands r0, r1
	orrs r0, r4
	strb r0, [r2, #0x11]
	movs r0, #0x1C
	ldsb r0, [r5, r0]
	cmp r0, #0x00
	bne _081345D8
	adds r1, r5, #0x0
	adds r1, #0x23
	movs r0, #0x01
	strb r0, [r1, #0x00]
_081345D8:
	ldrb r0, [r5, #0x1C]
	strb r0, [r5, #0x1D]
	ldrh r0, [r5, #0x1E]
	strh r0, [r5, #0x20]
_081345E0:
	add sp, #0x004
	pop {r4, r5, r6}
	pop {r0}
	bx r0
	thumb_func_start sub_81345E8
sub_81345E8:
	push {r4, r5, lr}
	adds r3, r0, #0x0
	adds r4, r1, #0x0
	adds r5, r2, #0x0
	ldr r1, [r3, #0x08]
	ldr r0, [r3, #0x28]
	cmp r0, #0x00
	bge _081345FA
	adds r0, #0xFF
_081345FA:
	asrs r0, r0, #0x08
	subs r0, r0, r4
	strh r0, [r1, #0x00]
	ldr r1, [r3, #0x2C]
	ldr r0, [r3, #0x30]
	ldr r2, [r3, #0x08]
	adds r0, r1, r0
	cmp r0, #0x00
	bge _0813460E
	adds r0, #0xFF
_0813460E:
	asrs r0, r0, #0x08
	subs r0, r0, r5
	strh r0, [r2, #0x02]
	ldr r1, [r3, #0x0C]
	cmp r1, #0x00
	beq _08134628
	ldr r0, [r3, #0x08]
	ldrh r0, [r0, #0x00]
	strh r0, [r1, #0x00]
	ldr r1, [r3, #0x0C]
	ldr r0, [r3, #0x08]
	ldrh r0, [r0, #0x02]
	strh r0, [r1, #0x02]
_08134628:
	ldr r1, [r3, #0x08]
	ldr r0, [r3, #0x34]
	cmp r0, #0x00
	bge _08134632
	adds r0, #0xFF
_08134632:
	asrs r0, r0, #0x08
	ldrh r2, [r1, #0x02]
	adds r0, r0, r2
	strh r0, [r1, #0x02]
	ldr r2, [r3, #0x08]
	adds r0, r3, #0x0
	adds r0, #0x24
	ldrb r1, [r0, #0x00]
	ldr r0, [r3, #0x30]
	cmp r0, #0x00
	bge _0813464A
	adds r0, #0xFF
_0813464A:
	asrs r0, r0, #0x08
	ldr r3, _0813465C @ =0xFFFFFC00
	adds r0, r0, r3
	subs r0, r1, r0
	strh r0, [r2, #0x0E]
	pop {r4, r5}
	pop {r0}
	bx r0
	.byte 0x00, 0x00
_0813465C: .4byte 0xFFFFFC00
	.byte 0x10, 0xB5, 0x04, 0x68, 0x00, 0x2C, 0x09, 0xD0, 0x21, 0x6C, 0x10, 0x22, 0x88, 0x5E, 0x20, 0x18
	.byte 0x49, 0x69, 0xA6, 0xF0, 0xFB, 0xF9, 0x64, 0x68, 0x00, 0x2C, 0xF5, 0xD1, 0xED, 0xF6, 0x7E, 0xFC
	.byte 0xEC, 0xF6, 0xFA, 0xF9, 0x0A, 0x4A, 0x0B, 0x4C, 0xE0, 0x6B, 0x0B, 0x4B, 0xC1, 0x18, 0x12, 0x68
	.byte 0xA6, 0xF0, 0xEE, 0xF9, 0x09, 0x4A, 0xE0, 0x6B, 0x09, 0x4C, 0x88, 0x21, 0x09, 0x01, 0x64, 0x18
	.byte 0x21, 0x68, 0x12, 0x68, 0xA6, 0xF0, 0xE4, 0xF9, 0x20, 0x60, 0x10, 0xBC, 0x01, 0xBC, 0x00, 0x47
	.byte 0x48, 0x0D, 0x00, 0x03, 0xB8, 0xFF, 0x03, 0x02, 0x14, 0x0A, 0x00, 0x00, 0x4C, 0x0D, 0x00, 0x03
	.byte 0x4C, 0x03, 0x00, 0x03, 0x80, 0x68, 0x70, 0x47, 0x40, 0x68, 0x70, 0x47, 0x00, 0x68, 0x70, 0x47
