	.include "asm/macros.inc"

	.syntax unified
	.text

	thumb_func_start sub_8035974
sub_8035974:
	push {r4, r5, r6, r7, lr}
	mov r7, r9
	mov r6, r8
	push {r6, r7}
	adds r5, r0, #0x0
	movs r1, #0x80
	lsls r1, r1, #0x02
	adds r0, r5, r1
	ldr r1, [r0, #0x00]
	adds r0, r1, #0x0
	adds r0, #0x54
	ldrb r0, [r0, #0x00]
	cmp r0, #0x00
	bne _080359BE
	adds r7, r1, #0x0
	movs r2, #0x81
	lsls r2, r2, #0x02
	adds r0, r5, r2
	ldr r6, [r0, #0x00]
	adds r0, r5, #0x0
	movs r1, #0x01
	movs r2, #0x01
	bl sub_802C4D4
	movs r3, #0x80
	lsls r3, r3, #0x02
	adds r4, r5, r3
	ldr r0, [r4, #0x00]
	bl sub_804FC90
	ldr r1, [r4, #0x00]
	adds r0, r5, #0x0
	movs r2, #0x00
	movs r3, #0x00
	bl sub_802DDB4
	b _080359C8
_080359BE:
	movs r2, #0x81
	lsls r2, r2, #0x02
	adds r0, r5, r2
	ldr r7, [r0, #0x00]
	adds r6, r1, #0x0
_080359C8:
	ldr r3, _08035A14 @ =0x00000246
	adds r0, r5, r3
	ldrb r1, [r0, #0x00]
	movs r0, #0x1C
	ands r0, r1
	cmp r0, #0x08
	bne _08035A1C
	movs r0, #0x5C
	strh r0, [r7, #0x04]
	strh r0, [r6, #0x04]
	movs r1, #0xDB
	lsls r1, r1, #0x02
	adds r0, r7, r1
	ldr r2, [r0, #0x00]
	ldrb r1, [r2, #0x12]
	movs r0, #0x20
	ands r0, r1
	cmp r0, #0x00
	bne _080359FA
	ldrh r0, [r2, #0x16]
	cmp r0, #0x54
	bne _080359FA
	adds r0, r2, #0x0
	bl sub_8020D40
_080359FA:
	adds r2, r5, #0x0
	adds r2, #0xFB
	ldrb r1, [r2, #0x00]
	movs r0, #0x04
	ands r0, r1
	movs r1, #0x14
	mov r8, r2
	cmp r0, #0x00
	bne _08035A0E
	movs r1, #0x1E
_08035A0E:
	ldr r2, _08035A18 @ =0x00000272
	adds r0, r5, r2
	b _08035A3A
_08035A14: .4byte 0x00000246
_08035A18: .4byte 0x00000272
_08035A1C:
	movs r0, #0x59
	strh r0, [r7, #0x04]
	strh r0, [r6, #0x04]
	adds r2, r5, #0x0
	adds r2, #0xFB
	ldrb r1, [r2, #0x00]
	movs r0, #0x04
	ands r0, r1
	movs r1, #0x14
	mov r8, r2
	cmp r0, #0x00
	bne _08035A36
	movs r1, #0x0A
_08035A36:
	ldr r3, _08035B74 @ =0x00000272
	adds r0, r5, r3
_08035A3A:
	strh r1, [r0, #0x00]
	movs r0, #0xDA
	lsls r0, r0, #0x02
	adds r1, r6, r0
	ldr r2, [r1, #0x00]
	adds r0, r7, r0
	ldr r1, [r0, #0x00]
	movs r0, #0x0B
	strb r0, [r1, #0x00]
	strb r0, [r2, #0x00]
	ldr r1, _08035B78 @ =0x00000351
	adds r2, r7, r1
	ldrb r0, [r2, #0x00]
	movs r3, #0x40
	orrs r0, r3
	strb r0, [r2, #0x00]
	adds r1, r6, r1
	ldrb r0, [r1, #0x00]
	orrs r0, r3
	strb r0, [r1, #0x00]
	movs r1, #0xD6
	lsls r1, r1, #0x02
	adds r2, r7, r1
	ldrb r0, [r2, #0x00]
	movs r7, #0x08
	orrs r0, r7
	strb r0, [r2, #0x00]
	adds r1, r6, r1
	ldrb r0, [r1, #0x00]
	orrs r0, r7
	strb r0, [r1, #0x00]
	ldr r0, _08035B7C @ =0x0000020D
	adds r2, r6, r0
	ldrb r0, [r2, #0x00]
	movs r1, #0x20
	orrs r0, r1
	strb r0, [r2, #0x00]
	ldr r2, _08035B80 @ =0x0000035A
	adds r1, r6, r2
	ldrb r0, [r1, #0x00]
	movs r2, #0x02
	mov r9, r2
	mov r2, r9
	orrs r0, r2
	strb r0, [r1, #0x00]
	ldr r0, _08035B84 @ =0x00000212
	adds r1, r6, r0
	ldrb r0, [r1, #0x00]
	orrs r0, r3
	strb r0, [r1, #0x00]
	movs r1, #0x82
	lsls r1, r1, #0x02
	adds r2, r5, r1
	ldrb r1, [r2, #0x00]
	movs r0, #0x02
	negs r0, r0
	ands r0, r1
	strb r0, [r2, #0x00]
	ldr r3, _08035B88 @ =0x0000020B
	adds r2, r5, r3
	ldrb r0, [r2, #0x00]
	movs r1, #0x80
	orrs r0, r1
	strb r0, [r2, #0x00]
	movs r0, #0x85
	lsls r0, r0, #0x02
	adds r2, r6, r0
	ldrb r1, [r2, #0x00]
	movs r4, #0x08
	negs r4, r4
	adds r0, r4, #0x0
	ands r0, r1
	movs r1, #0x01
	orrs r0, r1
	strb r0, [r2, #0x00]
	movs r1, #0x80
	lsls r1, r1, #0x02
	adds r0, r5, r1
	ldr r0, [r0, #0x00]
	adds r0, #0x54
	ldrb r0, [r0, #0x00]
	cmp r0, #0x01
	bne _08035AF8
	adds r3, r6, #0x0
	adds r3, #0x24
	ldrb r2, [r3, #0x00]
	lsls r1, r2, #0x1D
	lsrs r1, r1, #0x1D
	adds r1, #0x04
	movs r0, #0x07
	ands r1, r0
	adds r0, r4, #0x0
	ands r0, r2
	orrs r0, r1
	strb r0, [r3, #0x00]
_08035AF8:
	ldr r1, _08035B8C @ =0x0000103F
	adds r0, r6, #0x0
	bl sub_8049000
	mov r2, r8
	ldrb r0, [r2, #0x00]
	lsls r0, r0, #0x1D
	lsrs r0, r0, #0x1F
	movs r2, #0xEE
	asrs r2, r0
	movs r3, #0x80
	lsls r3, r3, #0x01
	adds r0, r5, r3
	movs r1, #0x00
	ldsh r3, [r0, r1]
	adds r0, r6, #0x0
	movs r1, #0x10
	bl sub_80400B0
	movs r2, #0xA5
	lsls r2, r2, #0x02
	adds r3, r6, r2
	ldr r2, [r3, #0x00]
	ldrb r1, [r2, #0x12]
	movs r0, #0x07
	negs r0, r0
	ands r0, r1
	mov r1, r9
	orrs r0, r1
	strb r0, [r2, #0x12]
	ldr r2, [r3, #0x00]
	mov r3, r8
	ldrb r1, [r3, #0x00]
	lsrs r1, r1, #0x03
	ldr r3, _08035B90 @ =0x0000020A
	adds r0, r5, r3
	ldrb r0, [r0, #0x00]
	lsls r0, r0, #0x1E
	lsrs r0, r0, #0x1F
	lsls r1, r0
	adds r2, #0x20
	strb r1, [r2, #0x00]
	ldr r0, _08035B94 @ =0x00000246
	adds r2, r5, r0
	ldrb r1, [r2, #0x00]
	movs r0, #0x1D
	negs r0, r0
	ands r0, r1
	orrs r0, r7
	strb r0, [r2, #0x00]
	movs r1, #0x01
	negs r1, r1
	movs r0, #0x3C
	bl play_sfx_80195B4
	pop {r3, r4}
	mov r8, r3
	mov r9, r4
	pop {r4, r5, r6, r7}
	pop {r0}
	bx r0
	.byte 0x00, 0x00
_08035B74: .4byte 0x00000272
_08035B78: .4byte 0x00000351
_08035B7C: .4byte 0x0000020D
_08035B80: .4byte 0x0000035A
_08035B84: .4byte 0x00000212
_08035B88: .4byte 0x0000020B
_08035B8C: .4byte 0x0000103F
_08035B90: .4byte 0x0000020A
_08035B94: .4byte 0x00000246
	thumb_func_start sub_8035B98
sub_8035B98:
	push {r4, r5, r6, r7, lr}
	mov r7, r10
	mov r6, r9
	mov r5, r8
	push {r5, r6, r7}
	add sp, #-0x00C
	adds r7, r0, #0x0
	movs r1, #0x01
	movs r2, #0x01
	bl sub_802C4D4
	movs r0, #0x80
	lsls r0, r0, #0x02
	adds r4, r7, r0
	ldr r0, [r4, #0x00]
	bl sub_804FC90
	ldr r1, [r4, #0x00]
	adds r0, r7, #0x0
	movs r2, #0x00
	movs r3, #0x00
	bl sub_802DDB4
	ldr r1, _08035D64 @ =0x00000246
	adds r2, r7, r1
	ldrb r1, [r2, #0x00]
	movs r0, #0x03
	negs r0, r0
	ands r0, r1
	strb r0, [r2, #0x00]
	movs r2, #0x81
	lsls r2, r2, #0x02
	adds r4, r7, r2
	ldr r0, [r4, #0x00]
	ldr r0, [r0, #0x0C]
	cmp r0, #0x00
	bge _08035BE4
	adds r0, #0xFF
_08035BE4:
	asrs r0, r0, #0x08
	movs r2, #0x92
	lsls r2, r2, #0x02
	adds r1, r7, r2
	strh r0, [r1, #0x00]
	ldr r0, [r4, #0x00]
	ldr r1, [r0, #0x10]
	cmp r1, #0x00
	bge _08035BF8
	adds r1, #0xFF
_08035BF8:
	asrs r1, r1, #0x08
	ldr r2, _08035D68 @ =0x0000024A
	adds r0, r7, r2
	strh r1, [r0, #0x00]
	ldr r1, [r4, #0x00]
	ldr r0, [r1, #0x0C]
	ldr r2, _08035D6C @ =0xFFFFFF00
	ands r0, r2
	str r0, [r1, #0x0C]
	ldr r1, [r4, #0x00]
	ldr r0, [r1, #0x10]
	ands r0, r2
	str r0, [r1, #0x10]
	ldr r1, [r4, #0x00]
	ldr r0, [r1, #0x0C]
	str r0, [r1, #0x34]
	ldr r1, [r4, #0x00]
	ldr r0, [r1, #0x10]
	str r0, [r1, #0x38]
	ldr r6, [r4, #0x00]
	movs r0, #0x80
	lsls r0, r0, #0x02
	adds r0, r0, r7
	mov r12, r0
	ldr r3, [r0, #0x00]
	ldr r5, [r3, #0x0C]
	ldr r1, _08035D70 @ =0xFFFFFC00
	adds r0, r5, r1
	ldr r2, [r6, #0x0C]
	cmp r2, r0
	blt _08035C5E
	movs r1, #0x80
	lsls r1, r1, #0x03
	adds r0, r5, r1
	cmp r2, r0
	bgt _08035C5E
	ldr r3, [r3, #0x10]
	ldr r2, _08035D70 @ =0xFFFFFC00
	adds r0, r3, r2
	ldr r2, [r6, #0x10]
	cmp r2, r0
	blt _08035C5E
	adds r0, r3, r1
	cmp r2, r0
	bgt _08035C5E
	str r5, [r6, #0x0C]
	ldr r0, [r4, #0x00]
	mov r2, r12
	ldr r1, [r2, #0x00]
	ldr r1, [r1, #0x10]
	str r1, [r0, #0x10]
_08035C5E:
	movs r0, #0x81
	lsls r0, r0, #0x02
	adds r6, r7, r0
	ldr r2, [r6, #0x00]
	movs r1, #0x80
	lsls r1, r1, #0x02
	adds r5, r7, r1
	ldr r1, [r5, #0x00]
	movs r0, #0x65
	strh r0, [r1, #0x04]
	strh r0, [r2, #0x04]
	ldr r2, [r6, #0x00]
	ldr r1, [r5, #0x00]
	ldr r4, _08035D74 @ =0x00000351
	adds r1, r1, r4
	ldrb r0, [r1, #0x00]
	movs r3, #0x40
	orrs r0, r3
	strb r0, [r1, #0x00]
	adds r2, r2, r4
	ldrb r0, [r2, #0x00]
	orrs r0, r3
	strb r0, [r2, #0x00]
	ldr r2, [r6, #0x00]
	ldr r1, [r5, #0x00]
	adds r4, #0x07
	adds r1, r1, r4
	ldrb r0, [r1, #0x00]
	movs r3, #0x08
	orrs r0, r3
	strb r0, [r1, #0x00]
	adds r2, r2, r4
	ldrb r0, [r2, #0x00]
	orrs r0, r3
	strb r0, [r2, #0x00]
	movs r2, #0x30
	mov r12, r2
	ldr r5, [r5, #0x00]
	ldr r1, [r5, #0x14]
	ldr r0, [r5, #0x18]
	adds r3, r1, r0
	ldr r6, [r6, #0x00]
	ldr r1, [r6, #0x14]
	ldr r0, [r6, #0x18]
	adds r2, r1, r0
	cmp r3, r2
	ble _08035CD8
	adds r0, r5, #0x0
	adds r0, #0x26
	ldrb r0, [r0, #0x00]
	adds r1, r6, #0x0
	adds r1, #0x26
	ldrb r1, [r1, #0x00]
	ands r0, r1
	lsls r0, r0, #0x1A
	lsrs r0, r0, #0x1E
	cmp r0, #0x00
	beq _08035CD8
	subs r0, r3, r2
	adds r0, #0x30
	mov r12, r0
_08035CD8:
	movs r0, #0x80
	lsls r0, r0, #0x02
	adds r0, r0, r7
	mov r9, r0
	ldr r0, [r0, #0x00]
	ldr r2, [r0, #0x14]
	ldr r0, [r0, #0x18]
	adds r2, r2, r0
	movs r1, #0x81
	lsls r1, r1, #0x02
	adds r6, r7, r1
	ldr r4, [r6, #0x00]
	ldr r0, [r4, #0x14]
	ldr r1, [r4, #0x18]
	adds r0, r0, r1
	subs r0, r2, r0
	cmp r0, #0x00
	bge _08035CFE
	adds r0, #0xFF
_08035CFE:
	asrs r0, r0, #0x08
	adds r2, r0, #0x0
	adds r2, #0x30
	cmp r2, r12
	ble _08035D0A
	mov r2, r12
_08035D0A:
	movs r0, #0xFB
	adds r0, r0, r7
	mov r8, r0
	ldrb r1, [r0, #0x00]
	movs r0, #0x04
	mov r10, r0
	ands r0, r1
	movs r5, #0x6B
	cmp r0, #0x00
	beq _08035D20
	movs r5, #0x35
_08035D20:
	movs r1, #0x80
	lsls r1, r1, #0x01
	adds r0, r7, r1
	movs r1, #0x00
	ldsh r3, [r0, r1]
	adds r0, r4, #0x0
	adds r1, r2, #0x0
	adds r2, r5, #0x0
	bl sub_80400B0
	ldr r2, [r6, #0x00]
	mov r1, r9
	ldr r0, [r1, #0x00]
	ldr r3, [r0, #0x0C]
	cmp r3, #0x00
	bge _08035D42
	adds r3, #0xFF
_08035D42:
	asrs r3, r3, #0x08
	ldr r0, [r0, #0x10]
	cmp r0, #0x00
	bge _08035D4C
	adds r0, #0xFF
_08035D4C:
	asrs r0, r0, #0x08
	str r0, [sp, #0x000]
	movs r0, #0x00
	str r0, [sp, #0x004]
	mov r0, r8
	ldrb r1, [r0, #0x00]
	mov r0, r10
	ands r0, r1
	cmp r0, #0x00
	beq _08035D78
	movs r0, #0x10
	b _08035D7A
_08035D64: .4byte 0x00000246
_08035D68: .4byte 0x0000024A
_08035D6C: .4byte 0xFFFFFF00
_08035D70: .4byte 0xFFFFFC00
_08035D74: .4byte 0x00000351
_08035D78:
	movs r0, #0x0A
_08035D7A:
	str r0, [sp, #0x008]
	adds r0, r2, #0x0
	movs r1, #0x02
	movs r2, #0x00
	bl sub_8045A94
	ldr r1, _08035DAC @ =0x0000020B
	adds r2, r7, r1
	ldrb r0, [r2, #0x00]
	movs r1, #0x80
	orrs r0, r1
	strb r0, [r2, #0x00]
	movs r1, #0x01
	negs r1, r1
	movs r0, #0x2B
	bl play_sfx_80195B4
	add sp, #0x00C
	pop {r3, r4, r5}
	mov r8, r3
	mov r9, r4
	mov r10, r5
	pop {r4, r5, r6, r7}
	pop {r0}
	bx r0
_08035DAC: .4byte 0x0000020B
	thumb_func_start sub_8035DB0
sub_8035DB0:
	push {r4, r5, r6, r7, lr}
	mov r7, r10
	mov r6, r9
	mov r5, r8
	push {r5, r6, r7}
	add sp, #-0x010
	mov r9, r0
	movs r5, #0x81
	lsls r5, r5, #0x02
	add r5, r9
	ldr r2, [r5, #0x00]
	movs r1, #0x04
	ldsh r0, [r2, r1]
	cmp r0, #0x64
	bgt _08035DD0
	b _080363B0
_08035DD0:
	mov r6, r9
	adds r6, #0x28
	cmp r0, #0x65
	blt _08035E26
	cmp r0, #0x67
	ble _08035DE4
	cmp r0, #0x6A
	bgt _08035E26
	cmp r0, #0x69
	blt _08035E26
_08035DE4:
	adds r0, r2, #0x0
	bl sub_80402C4
	ldr r0, [r5, #0x00]
	mov r4, r9
	adds r4, #0x28
	adds r1, r4, #0x0
	bl sub_80461B4
	movs r7, #0x80
	lsls r7, r7, #0x02
	add r7, r9
	ldr r0, [r7, #0x00]
	bl sub_80402C4
	ldr r0, _08035EB0 @ =0x0000020A
	add r0, r9
	ldrb r1, [r0, #0x00]
	movs r0, #0x02
	ands r0, r1
	adds r6, r4, #0x0
	cmp r0, #0x00
	beq _08035E26
	ldr r0, [r5, #0x00]
	bl sub_80402C4
	ldr r0, [r5, #0x00]
	adds r1, r6, #0x0
	bl sub_80461B4
	ldr r0, [r7, #0x00]
	bl sub_80402C4
_08035E26:
	movs r4, #0x80
	lsls r4, r4, #0x02
	add r4, r9
	ldr r1, [r4, #0x00]
	mov r0, r9
	bl sub_80303C4
	ldr r0, [r4, #0x00]
	bl sub_80465D8
	ldr r0, [r4, #0x00]
	movs r5, #0xCE
	lsls r5, r5, #0x02
	adds r1, r0, r5
	ldr r1, [r1, #0x00]
	adds r1, #0x68
	movs r7, #0x00
	ldsh r2, [r1, r7]
	adds r0, r0, r2
	ldr r1, [r1, #0x04]
	bl _call_via_r1
	ldr r0, [r4, #0x00]
	adds r1, r6, #0x0
	movs r2, #0x00
	movs r3, #0x00
	bl sub_804FB64
	movs r4, #0x81
	lsls r4, r4, #0x02
	add r4, r9
	ldr r0, [r4, #0x00]
	bl sub_80465D8
	ldr r1, [r4, #0x00]
	mov r0, r9
	bl sub_80303C4
	ldr r0, [r4, #0x00]
	adds r5, r0, r5
	ldr r1, [r5, #0x00]
	adds r1, #0x68
	movs r3, #0x00
	ldsh r2, [r1, r3]
	adds r0, r0, r2
	ldr r1, [r1, #0x04]
	bl _call_via_r1
	ldr r0, [r4, #0x00]
	adds r1, r6, #0x0
	movs r2, #0x00
	movs r3, #0x00
	bl sub_804FB64
	ldr r0, [r4, #0x00]
	ldrh r0, [r0, #0x04]
	subs r0, #0x65
	lsls r0, r0, #0x10
	asrs r0, r0, #0x10
	cmp r0, #0x05
	bls _08035EA4
	bl _08036DFE
_08035EA4:
	lsls r0, r0, #0x02
	ldr r1, _08035EB4 @ =0x08035EB8
	adds r0, r0, r1
	ldr r0, [r0, #0x00]
	mov pc, r0
	.byte 0x00, 0x00
_08035EB0: .4byte 0x0000020A
_08035EB4: .4byte 0x08035EB8
	.byte 0xD0, 0x5E, 0x03, 0x08, 0x6C, 0x62, 0x03, 0x08, 0x94, 0x62, 0x03, 0x08, 0xC0, 0x61, 0x03, 0x08
	.byte 0x6C, 0x62, 0x03, 0x08, 0x94, 0x62, 0x03, 0x08, 0x81, 0x26, 0xB6, 0x00, 0x4E, 0x44, 0x32, 0x68
	.byte 0x96, 0x24, 0xA4, 0x00, 0x10, 0x19, 0x00, 0x68, 0x00, 0x28, 0x3A, 0xDA, 0x90, 0x8C, 0xC0, 0x05
	.byte 0x80, 0x0F, 0x01, 0x21, 0x08, 0x40, 0x00, 0x28, 0x05, 0xD1, 0x50, 0x6A, 0xC0, 0x03, 0x80, 0x0F
	.byte 0x08, 0x40, 0x00, 0x28, 0x2D, 0xD0, 0x80, 0x20, 0x80, 0x00, 0x48, 0x44, 0x01, 0x68, 0x00, 0x25
	.byte 0x67, 0x20, 0x88, 0x80, 0x90, 0x80, 0x30, 0x68, 0x74, 0x4F, 0xC1, 0x19, 0x0C, 0x88, 0x10, 0xF0
	.byte 0x33, 0xFD, 0x30, 0x68, 0x92, 0x21, 0x89, 0x00, 0x49, 0x44, 0x00, 0x22, 0x8B, 0x5E, 0x70, 0x49
	.byte 0x49, 0x44, 0x00, 0x27, 0xC9, 0x5F, 0x00, 0x91, 0x01, 0x95, 0x02, 0x94, 0x02, 0x21, 0x00, 0x22
	.byte 0x0F, 0xF0, 0xAC, 0xFD, 0x30, 0x68, 0x6B, 0x49, 0x13, 0xF0, 0x5E, 0xF8, 0x32, 0x68, 0x85, 0x20
	.byte 0x80, 0x00, 0x12, 0x18, 0x11, 0x78, 0x08, 0x20, 0x40, 0x42, 0x08, 0x40, 0x02, 0x21, 0x08, 0x43
	.byte 0x10, 0x70, 0x81, 0x24, 0xA4, 0x00, 0x4C, 0x44, 0x22, 0x68, 0x04, 0x21, 0x50, 0x5E, 0x67, 0x28
	.byte 0x12, 0xD0, 0x91, 0x8C, 0x60, 0x48, 0x08, 0x40, 0x00, 0x28, 0x0D, 0xD0, 0x80, 0x20, 0x80, 0x00
	.byte 0x48, 0x44, 0x01, 0x68, 0x66, 0x20, 0x88, 0x80, 0x90, 0x80, 0x20, 0x68, 0x10, 0xF0, 0xFC, 0xFC
	.byte 0x20, 0x68, 0x58, 0x49, 0x13, 0xF0, 0x38, 0xF8, 0x58, 0x48, 0x48, 0x44, 0x01, 0x78, 0x02, 0x20
	.byte 0x08, 0x40, 0x00, 0x28, 0x20, 0xD1, 0x80, 0x24, 0xA4, 0x00, 0x4C, 0x44, 0x20, 0x68, 0x97, 0x22
	.byte 0x92, 0x00, 0x80, 0x18, 0x05, 0x68, 0x01, 0x20, 0x40, 0x42, 0x85, 0x42, 0x14, 0xD1, 0x48, 0x46
	.byte 0x00, 0x21, 0xEF, 0xF7, 0xB3, 0xFE, 0x00, 0x06, 0x00, 0x28, 0x0D, 0xD0, 0x20, 0x68, 0x80, 0x21
	.byte 0x49, 0x00, 0x49, 0x44, 0x00, 0x24, 0x0B, 0x5F, 0x20, 0x21, 0x75, 0x22, 0x0A, 0xF0, 0x6C, 0xF8
	.byte 0x2F, 0x20, 0x29, 0x1C, 0xE3, 0xF7, 0xEA, 0xFA, 0x81, 0x26, 0xB6, 0x00, 0x4E, 0x44, 0x33, 0x68
	.byte 0x04, 0x25, 0x58, 0x5F, 0x65, 0x28, 0x01, 0xD0, 0x00, 0xF0, 0x05, 0xFF, 0x80, 0x27, 0xBF, 0x00
	.byte 0x4F, 0x44, 0x3C, 0x68, 0x97, 0x21, 0x89, 0x00, 0x60, 0x18, 0x00, 0x68, 0x01, 0x22, 0x52, 0x42
	.byte 0x90, 0x46, 0x40, 0x45, 0x00, 0xD1, 0x7E, 0xE0, 0x58, 0x18, 0x00, 0x68, 0x40, 0x45, 0x7A, 0xD0
	.byte 0x58, 0x69, 0x9D, 0x69, 0x40, 0x19, 0x61, 0x69, 0xA2, 0x69, 0x89, 0x18, 0x88, 0x42, 0x72, 0xDC
	.byte 0x94, 0x21, 0x89, 0x00, 0x60, 0x18, 0x00, 0x68, 0x29, 0x1A, 0x00, 0x29, 0x00, 0xDA, 0xFF, 0x31
	.byte 0x09, 0x12, 0x40, 0x20, 0x45, 0x1A, 0x20, 0x1C, 0x24, 0x30, 0x01, 0x78, 0x49, 0x07, 0x24, 0x33
	.byte 0x49, 0x0F, 0x1A, 0x78, 0x08, 0x20, 0x40, 0x42, 0x10, 0x40, 0x08, 0x43, 0x18, 0x70, 0x31, 0x68
	.byte 0x38, 0x68, 0x80, 0x78, 0x00, 0x22, 0x92, 0x46, 0x88, 0x70, 0x30, 0x68, 0x24, 0x49, 0x12, 0xF0
	.byte 0xCB, 0xFF, 0x34, 0x68, 0x48, 0x46, 0xFB, 0x30, 0x01, 0x78, 0x04, 0x20, 0x08, 0x40, 0x61, 0x22
	.byte 0x00, 0x28, 0x00, 0xD0, 0x30, 0x22, 0x80, 0x20, 0x40, 0x00, 0x48, 0x44, 0x00, 0x26, 0x83, 0x5F
	.byte 0x20, 0x1C, 0x29, 0x1C, 0x0A, 0xF0, 0x10, 0xF8, 0x38, 0x68, 0x96, 0x21, 0x89, 0x00, 0x40, 0x18
	.byte 0x52, 0x46, 0x02, 0x60, 0x17, 0x49, 0x0A, 0x68, 0x10, 0x1C, 0x4A, 0x30, 0x00, 0x88, 0x01, 0x28
	.byte 0x2C, 0xD9, 0x13, 0x1C, 0x88, 0x33, 0x1A, 0x88, 0x13, 0x48, 0x82, 0x42, 0x01, 0xD8, 0x50, 0x1C
	.byte 0x18, 0x80, 0x09, 0x68, 0x4A, 0x31, 0x08, 0x88, 0x01, 0x38, 0x00, 0x22, 0x08, 0x80, 0x39, 0x68
	.byte 0x53, 0x46, 0x00, 0x93, 0x01, 0xA8, 0x02, 0x70, 0x48, 0x46, 0x01, 0x22, 0x01, 0x23, 0xF3, 0xF7
	.byte 0x31, 0xFB, 0x2C, 0x20, 0x41, 0x46, 0xE3, 0xF7, 0x69, 0xFA, 0x14, 0xE0, 0xDE, 0x02, 0x00, 0x00
	.byte 0x4A, 0x02, 0x00, 0x00, 0x02, 0x10, 0x00, 0x00, 0x78, 0x78, 0x00, 0x00, 0x0A, 0x02, 0x00, 0x00
	.byte 0x4A, 0x10, 0x00, 0x00, 0xF4, 0x0F, 0x00, 0x03, 0x0E, 0x27, 0x00, 0x00, 0x82, 0x20, 0x40, 0x00
	.byte 0x41, 0x46, 0xE3, 0xF7, 0x53, 0xFA, 0x80, 0x25, 0xAD, 0x00, 0x4D, 0x44, 0x28, 0x68, 0xCE, 0x24
	.byte 0xA4, 0x00, 0x01, 0x19, 0x0A, 0x68, 0x38, 0x26, 0x91, 0x5F, 0x40, 0x18, 0xD2, 0x6B, 0x01, 0x21
	.byte 0xA4, 0xF1, 0xA2, 0xFC, 0x2B, 0x68, 0x97, 0x27, 0xBF, 0x00, 0xD8, 0x19, 0x01, 0x68, 0x01, 0x20
	.byte 0x40, 0x42, 0x81, 0x42, 0x01, 0xD0, 0x00, 0xF0, 0x5E, 0xFE, 0x81, 0x26, 0xB6, 0x00, 0x4E, 0x44
	.byte 0x34, 0x68, 0x96, 0x21, 0x89, 0x00, 0x60, 0x18, 0x00, 0x68, 0x00, 0x28, 0x01, 0xDB, 0x00, 0xF0
	.byte 0x52, 0xFE, 0x61, 0x69, 0xA0, 0x69, 0x09, 0x18, 0x58, 0x69, 0x9A, 0x69, 0x18, 0x37, 0xDB, 0x19
	.byte 0x80, 0x18, 0x1B, 0x88, 0xC0, 0x18, 0x81, 0x42, 0x01, 0xDD, 0x00, 0xF0, 0x44, 0xFE, 0x10, 0x49
	.byte 0x20, 0x1C, 0x12, 0xF0, 0x41, 0xFF, 0x33, 0x68, 0x29, 0x68, 0x48, 0x69, 0x8A, 0x69, 0x3C, 0x1C
	.byte 0x09, 0x19, 0x80, 0x18, 0x09, 0x88, 0x40, 0x18, 0x59, 0x69, 0x40, 0x1A, 0x98, 0x61, 0x32, 0x68
	.byte 0x29, 0x68, 0x08, 0x4C, 0x09, 0x19, 0x08, 0x78, 0x40, 0x23, 0x18, 0x43, 0x08, 0x70, 0x12, 0x19
	.byte 0x10, 0x78, 0x18, 0x43, 0x10, 0x70, 0x32, 0x68, 0x29, 0x68, 0x68, 0x20, 0x54, 0xE0, 0x00, 0x00
	.byte 0x02, 0x10, 0x00, 0x00, 0x51, 0x03, 0x00, 0x00, 0x81, 0x24, 0xA4, 0x00, 0x4C, 0x44, 0x20, 0x68
	.byte 0x4D, 0x46, 0xFB, 0x35, 0x29, 0x78, 0x49, 0x07, 0xC9, 0x0F, 0xEE, 0x22, 0x0A, 0x41, 0x80, 0x21
	.byte 0x49, 0x00, 0x49, 0x44, 0x00, 0x26, 0x8B, 0x5F, 0x04, 0x21, 0x09, 0xF0, 0x65, 0xFF, 0x24, 0x68
	.byte 0x92, 0x20, 0x80, 0x00, 0x48, 0x44, 0x00, 0x27, 0xC3, 0x5F, 0x07, 0x48, 0x48, 0x44, 0x00, 0x21
	.byte 0x40, 0x5E, 0x00, 0x90, 0x00, 0x20, 0x01, 0x90, 0x29, 0x78, 0x04, 0x20, 0x08, 0x40, 0x00, 0x28
	.byte 0x04, 0xD0, 0x10, 0x20, 0x03, 0xE0, 0x00, 0x00, 0x4A, 0x02, 0x00, 0x00, 0x0A, 0x20, 0x02, 0x90
	.byte 0x20, 0x1C, 0x02, 0x21, 0x00, 0x22, 0x0F, 0xF0, 0x39, 0xFC, 0x81, 0x23, 0x9B, 0x00, 0x4B, 0x44
	.byte 0x1A, 0x68, 0x83, 0x24, 0xA4, 0x00, 0x12, 0x19, 0x10, 0x68, 0x0D, 0x49, 0x08, 0x40, 0x80, 0x21
	.byte 0x09, 0x02, 0x08, 0x43, 0x10, 0x60, 0x1A, 0x68, 0x85, 0x25, 0xAD, 0x00, 0x52, 0x19, 0x11, 0x78
	.byte 0x08, 0x20, 0x40, 0x42, 0x08, 0x40, 0x02, 0x21, 0x08, 0x43, 0x10, 0x70, 0x1A, 0x68, 0x80, 0x20
	.byte 0x80, 0x00, 0x48, 0x44, 0x01, 0x68, 0x69, 0x20, 0x88, 0x80, 0x90, 0x80, 0x00, 0xF0, 0xCB, 0xFD
	.byte 0xFF, 0x7F, 0xFC, 0xFF, 0x81, 0x20, 0x80, 0x00, 0x48, 0x44, 0x01, 0x68, 0x96, 0x26, 0xB6, 0x00
	.byte 0x88, 0x19, 0x00, 0x68, 0x00, 0x28, 0x09, 0xDA, 0x88, 0x88, 0x01, 0x30, 0x88, 0x80, 0x80, 0x20
	.byte 0x80, 0x00, 0x48, 0x44, 0x01, 0x68, 0x88, 0x88, 0x01, 0x30, 0x88, 0x80, 0x43, 0x4D, 0x4D, 0x44
	.byte 0x29, 0x78, 0x02, 0x20, 0x08, 0x40, 0x00, 0x28, 0x1E, 0xD1, 0x81, 0x24, 0xA4, 0x00, 0x4C, 0x44
	.byte 0x20, 0x68, 0x80, 0x21, 0x89, 0x00, 0x49, 0x44, 0x09, 0x68, 0x11, 0xF0, 0xB1, 0xFC, 0x00, 0x28
	.byte 0x12, 0xD0, 0x21, 0x68, 0x48, 0x6B, 0xC8, 0x60, 0x21, 0x68, 0x88, 0x6B, 0x08, 0x61, 0x21, 0x68
	.byte 0xC8, 0x6B, 0x48, 0x61, 0x21, 0x68, 0x08, 0x6C, 0x88, 0x61, 0x20, 0x68, 0x10, 0xF0, 0x54, 0xFB
	.byte 0x28, 0x78, 0x02, 0x21, 0x08, 0x43, 0x28, 0x70, 0x81, 0x27, 0xBF, 0x00, 0x4F, 0x44, 0x3A, 0x68
	.byte 0x90, 0x69, 0x00, 0x28, 0x09, 0xDD, 0x10, 0x1C, 0x29, 0x30, 0x00, 0x21, 0x41, 0x56, 0x01, 0x20
	.byte 0x40, 0x42, 0x81, 0x42, 0x01, 0xD1, 0x00, 0xF0, 0x7E, 0xFD, 0x80, 0x26, 0xB6, 0x00, 0x4E, 0x44
	.byte 0x31, 0x68, 0x00, 0x20, 0x88, 0x80, 0x90, 0x80, 0x3B, 0x68, 0x32, 0x68, 0xD6, 0x25, 0xAD, 0x00
	.byte 0x52, 0x19, 0x14, 0x78, 0x09, 0x21, 0x49, 0x42, 0x08, 0x1C, 0x20, 0x40, 0x10, 0x70, 0x5B, 0x19
	.byte 0x18, 0x78, 0x01, 0x40, 0x19, 0x70, 0x3B, 0x68, 0x32, 0x68, 0x07, 0x3D, 0x52, 0x19, 0x14, 0x78
	.byte 0x41, 0x21, 0x49, 0x42, 0x08, 0x1C, 0x20, 0x40, 0x10, 0x70, 0x5B, 0x19, 0x18, 0x78, 0x01, 0x40
	.byte 0x19, 0x70, 0x3A, 0x68, 0x85, 0x20, 0x80, 0x00, 0x12, 0x18, 0x11, 0x78, 0x08, 0x20, 0x40, 0x42
	.byte 0x08, 0x40, 0x03, 0x21, 0x08, 0x43, 0x10, 0x70, 0x38, 0x68, 0x10, 0xF0, 0x0D, 0xFB, 0x39, 0x68
	.byte 0x08, 0x1C, 0x24, 0x30, 0x00, 0x78, 0x40, 0x01, 0x88, 0x70, 0x48, 0x46, 0x00, 0x21, 0xF7, 0xF7
	.byte 0x03, 0xFE, 0x0B, 0x4A, 0x4A, 0x44, 0x11, 0x78, 0x7F, 0x20, 0x08, 0x40, 0x10, 0x70, 0x09, 0x48
	.byte 0x48, 0x44, 0x01, 0x78, 0x02, 0x20, 0x08, 0x40, 0x00, 0x28, 0x01, 0xD1, 0x00, 0xF0, 0x33, 0xFD
	.byte 0x48, 0x46, 0xFF, 0xF7, 0xEB, 0xFA, 0x00, 0xF0, 0x2E, 0xFD, 0x00, 0x00, 0x46, 0x02, 0x00, 0x00
	.byte 0x0B, 0x02, 0x00, 0x00, 0x0A, 0x02, 0x00, 0x00
_080363B0:
	movs r0, #0x80
	lsls r0, r0, #0x02
	add r0, r9
	ldr r1, [r0, #0x00]
	adds r0, r1, #0x0
	adds r0, #0x54
	ldrb r0, [r0, #0x00]
	cmp r0, #0x00
	bne _080363C8
	mov r10, r1
	adds r7, r2, #0x0
	b _080363CC
_080363C8:
	mov r10, r2
	adds r7, r1, #0x0
_080363CC:
	mov r0, r9
	mov r1, r10
	bl sub_80303C4
	movs r1, #0x04
	ldsh r0, [r7, r1]
	cmp r0, #0x5E
	bne _080363F8
	ldr r0, _080363F4 @ =0x0000020A
	add r0, r9
	ldrb r0, [r0, #0x00]
	lsls r0, r0, #0x1E
	lsrs r0, r0, #0x1F
	movs r1, #0x80
	lsls r1, r1, #0x03
	lsls r1, r0
	ldr r0, [r7, #0x18]
	adds r0, r0, r1
	b _08036450
	.byte 0x00, 0x00
_080363F4: .4byte 0x0000020A
_080363F8:
	cmp r0, #0x59
	beq _08036414
	cmp r0, #0x5C
	beq _08036414
	cmp r0, #0x5F
	bne _08036452
	movs r2, #0x85
	lsls r2, r2, #0x02
	adds r0, r7, r2
	ldrb r1, [r0, #0x00]
	movs r0, #0x07
	ands r0, r1
	cmp r0, #0x00
	bne _08036452
_08036414:
	adds r0, r7, #0x0
	bl sub_80402C4
	ldr r0, _0803647C @ =0x0000020A
	add r0, r9
	ldrb r1, [r0, #0x00]
	movs r0, #0x02
	ands r0, r1
	cmp r0, #0x00
	beq _0803642E
	adds r0, r7, #0x0
	bl sub_80402C4
_0803642E:
	ldr r0, _08036480 @ =0x00000209
	add r0, r9
	ldrb r1, [r0, #0x00]
	movs r0, #0x40
	ands r0, r1
	cmp r0, #0x00
	bne _08036452
	ldr r3, [r7, #0x14]
	ldr r0, [r7, #0x18]
	adds r0, r3, r0
	mov r4, r10
	ldr r2, [r4, #0x14]
	ldr r1, [r4, #0x18]
	adds r2, r2, r1
	cmp r0, r2
	bge _08036452
	subs r0, r2, r3
_08036450:
	str r0, [r7, #0x18]
_08036452:
	mov r0, r9
	adds r1, r7, #0x0
	bl sub_80303C4
	movs r0, #0x81
	lsls r0, r0, #0x02
	add r0, r9
	ldr r0, [r0, #0x00]
	ldrh r0, [r0, #0x04]
	subs r0, #0x59
	lsls r0, r0, #0x10
	asrs r0, r0, #0x10
	cmp r0, #0x0B
	bls _08036472
	bl _08036DA2
_08036472:
	lsls r0, r0, #0x02
	ldr r1, _08036484 @ =0x08036488
	adds r0, r0, r1
	ldr r0, [r0, #0x00]
	mov pc, r0
_0803647C: .4byte 0x0000020A
_08036480: .4byte 0x00000209
_08036484: .4byte 0x08036488
	.byte 0xB8, 0x64, 0x03, 0x08, 0x78, 0x65, 0x03, 0x08, 0xA0, 0x66, 0x03, 0x08, 0xF2, 0x67, 0x03, 0x08
	.byte 0x08, 0x69, 0x03, 0x08, 0x88, 0x69, 0x03, 0x08, 0x54, 0x6A, 0x03, 0x08, 0x38, 0x6C, 0x03, 0x08
	.byte 0x9C, 0x6D, 0x03, 0x08, 0x9C, 0x6D, 0x03, 0x08, 0x9C, 0x6D, 0x03, 0x08, 0x9C, 0x6D, 0x03, 0x08
	.byte 0x81, 0x24, 0xA4, 0x00, 0x4C, 0x44, 0x22, 0x68, 0x8E, 0x25, 0xAD, 0x00, 0x53, 0x19, 0x00, 0x21
	.byte 0x59, 0x56, 0x01, 0x20, 0x40, 0x42, 0x81, 0x42, 0x04, 0xD1, 0xD5, 0x26, 0xB6, 0x00, 0x90, 0x19
	.byte 0x00, 0x78, 0x18, 0x70, 0x20, 0x68, 0xA5, 0x25, 0xAD, 0x00, 0x40, 0x19, 0x03, 0x68, 0x2A, 0x27
	.byte 0xD9, 0x5F, 0x48, 0x46, 0xFB, 0x30, 0x00, 0x78, 0xC0, 0x08, 0x81, 0x42, 0x0D, 0xD1, 0x80, 0x20
	.byte 0x80, 0x00, 0x48, 0x44, 0x00, 0x68, 0x40, 0x19, 0x02, 0x68, 0x1A, 0x49, 0x18, 0x1C, 0x23, 0x30
	.byte 0x00, 0x78, 0x40, 0x00, 0x40, 0x18, 0x00, 0x88, 0xD0, 0x80, 0x80, 0x26, 0xB6, 0x00, 0x4E, 0x44
	.byte 0x31, 0x68, 0x48, 0x19, 0x00, 0x68, 0x06, 0x22, 0x80, 0x5E, 0xFF, 0x28, 0x03, 0xDC, 0x12, 0x4B
	.byte 0xC9, 0x18, 0xFF, 0x20, 0x08, 0x70, 0x20, 0x68, 0x40, 0x19, 0x00, 0x68, 0x81, 0x7C, 0x08, 0x20
	.byte 0x08, 0x40, 0x00, 0x28, 0x01, 0xD1, 0x00, 0xF0, 0x30, 0xFC, 0x0C, 0x49, 0x49, 0x44, 0x00, 0x22
	.byte 0x14, 0x20, 0x08, 0x80, 0x20, 0x68, 0x40, 0x19, 0x00, 0x68, 0x01, 0x1C, 0x21, 0x31, 0x09, 0x78
	.byte 0x05, 0x31, 0x00, 0x92, 0x00, 0x23, 0xE7, 0xF7, 0xF7, 0xFD, 0x22, 0x68, 0x31, 0x68, 0x5A, 0x20
	.byte 0x86, 0xE0, 0x00, 0x00, 0xCC, 0xFA, 0x39, 0x08, 0x3B, 0x02, 0x00, 0x00, 0x6E, 0x02, 0x00, 0x00
	.byte 0x41, 0x49, 0x49, 0x44, 0x08, 0x88, 0x01, 0x38, 0x08, 0x80, 0x00, 0x04, 0x00, 0x28, 0x01, 0xD0
	.byte 0x00, 0xF0, 0x0B, 0xFC, 0x81, 0x26, 0xB6, 0x00, 0x4E, 0x44, 0x32, 0x68, 0x85, 0x24, 0xA4, 0x00
	.byte 0x12, 0x19, 0x11, 0x78, 0x08, 0x20, 0x40, 0x42, 0x08, 0x40, 0x03, 0x21, 0x08, 0x43, 0x10, 0x70
	.byte 0x30, 0x68, 0x36, 0x49, 0x12, 0xF0, 0x28, 0xFD, 0x14, 0x3C, 0x4F, 0x46, 0x3D, 0x19, 0x28, 0x68
	.byte 0x33, 0x49, 0x12, 0xF0, 0x21, 0xFD, 0x33, 0x68, 0x2A, 0x68, 0x48, 0x46, 0xFB, 0x30, 0x00, 0x78
	.byte 0x40, 0x07, 0xC0, 0x0F, 0x04, 0x41, 0x2F, 0x48, 0x11, 0x18, 0x0C, 0x80, 0x18, 0x18, 0x04, 0x80
	.byte 0x98, 0x20, 0x80, 0x00, 0x12, 0x18, 0x14, 0x80, 0x1B, 0x18, 0x1C, 0x80, 0x28, 0x68, 0xA5, 0x21
	.byte 0x89, 0x00, 0x40, 0x18, 0x00, 0x68, 0x80, 0x27, 0x7F, 0x00, 0xC7, 0x80, 0x28, 0x68, 0x26, 0x4A
	.byte 0x80, 0x18, 0x00, 0x21, 0x01, 0x70, 0x31, 0x68, 0x24, 0x4B, 0xC9, 0x18, 0x0B, 0x78, 0x41, 0x22
	.byte 0x52, 0x42, 0x10, 0x1C, 0x18, 0x40, 0x08, 0x70, 0x30, 0x68, 0x21, 0x4C, 0x00, 0x19, 0x01, 0x78
	.byte 0x0A, 0x40, 0x02, 0x70, 0x1F, 0x48, 0x48, 0x44, 0x01, 0x78, 0x40, 0x20, 0x08, 0x40, 0x00, 0x28
	.byte 0x1D, 0xD1, 0x34, 0x68, 0x2A, 0x68, 0xD3, 0x68, 0x00, 0x2B, 0x00, 0xDA, 0xFF, 0x33, 0x1B, 0x12
	.byte 0x10, 0x69, 0x00, 0x28, 0x00, 0xDA, 0xFF, 0x30, 0x00, 0x12, 0x00, 0x90, 0x51, 0x69, 0x90, 0x69
	.byte 0x08, 0x18, 0x00, 0x28, 0x00, 0xDA, 0xFF, 0x30, 0x00, 0x12, 0x01, 0x90, 0x4D, 0x46, 0xE8, 0x19
	.byte 0x00, 0x88, 0x02, 0x90, 0x20, 0x1C, 0x01, 0x21, 0x00, 0x22, 0x0F, 0xF0, 0x17, 0xFA, 0x81, 0x20
	.byte 0x80, 0x00, 0x48, 0x44, 0x02, 0x68, 0x80, 0x20, 0x80, 0x00, 0x48, 0x44, 0x01, 0x68, 0x5B, 0x20
	.byte 0x88, 0x80, 0x90, 0x80, 0x91, 0xE3, 0x00, 0x00, 0x6E, 0x02, 0x00, 0x00, 0x02, 0x10, 0x00, 0x00
	.byte 0x28, 0x10, 0x00, 0x00, 0x3E, 0x02, 0x00, 0x00, 0x3B, 0x02, 0x00, 0x00, 0x12, 0x02, 0x00, 0x00
	.byte 0x0D, 0x02, 0x00, 0x00, 0x09, 0x02, 0x00, 0x00, 0x81, 0x25, 0xAD, 0x00, 0x4D, 0x44, 0x29, 0x68
	.byte 0x48, 0x46, 0xF7, 0xF7, 0xAF, 0xFA, 0x00, 0x06, 0x00, 0x28, 0x0A, 0xD1, 0x29, 0x68, 0x88, 0x69
	.byte 0x00, 0x28, 0x0D, 0xD0, 0x49, 0x78, 0x09, 0x06, 0x09, 0x16, 0x01, 0x20, 0x40, 0x42, 0x81, 0x42
	.byte 0x06, 0xD1, 0x28, 0x68, 0x11, 0xF0, 0x54, 0xFA, 0x00, 0x06, 0x00, 0x28, 0x00, 0xD0, 0x81, 0xE0
	.byte 0x81, 0x27, 0xBF, 0x00, 0x4F, 0x44, 0x38, 0x68, 0x11, 0xF0, 0x4A, 0xFA, 0x00, 0x06, 0x00, 0x0E
	.byte 0x01, 0x28, 0x08, 0xD1, 0x39, 0x68, 0xC8, 0x68, 0x33, 0x4A, 0x10, 0x40, 0xC8, 0x60, 0x39, 0x68
	.byte 0x08, 0x69, 0x10, 0x40, 0x08, 0x61, 0x38, 0x68, 0x10, 0xF0, 0x3E, 0xF9, 0x3A, 0x68, 0x80, 0x26
	.byte 0xB6, 0x00, 0x4E, 0x44, 0x03, 0x96, 0x31, 0x68, 0x00, 0x20, 0x88, 0x80, 0x90, 0x80, 0x3A, 0x68
	.byte 0x31, 0x68, 0xD6, 0x24, 0xA4, 0x00, 0x09, 0x19, 0x0B, 0x78, 0x09, 0x26, 0x76, 0x42, 0x30, 0x1C
	.byte 0x18, 0x40, 0x08, 0x70, 0x12, 0x19, 0x11, 0x78, 0x30, 0x1C, 0x08, 0x40, 0x10, 0x70, 0x3B, 0x68
	.byte 0x03, 0x98, 0x02, 0x68, 0x21, 0x4D, 0x52, 0x19, 0x14, 0x78, 0x41, 0x21, 0x49, 0x42, 0x08, 0x1C
	.byte 0x20, 0x40, 0x10, 0x70, 0x5B, 0x19, 0x18, 0x78, 0x01, 0x40, 0x19, 0x70, 0x39, 0x68, 0x1C, 0x4B
	.byte 0xC9, 0x18, 0x0A, 0x78, 0x21, 0x20, 0x40, 0x42, 0x10, 0x40, 0x08, 0x70, 0x39, 0x68, 0xC9, 0x18
	.byte 0x08, 0x78, 0x40, 0x22, 0x10, 0x43, 0x08, 0x70, 0x39, 0x68, 0x16, 0x4A, 0x89, 0x18, 0x0A, 0x78
	.byte 0x03, 0x20, 0x40, 0x42, 0x10, 0x40, 0x08, 0x70, 0x03, 0x9B, 0x19, 0x68, 0x12, 0x4C, 0x09, 0x19
	.byte 0x08, 0x78, 0x08, 0x22, 0x10, 0x43, 0x08, 0x70, 0x10, 0x4A, 0x4A, 0x44, 0x11, 0x78, 0x7F, 0x20
	.byte 0x08, 0x40, 0x10, 0x70, 0x0E, 0x49, 0x49, 0x44, 0x08, 0x78, 0x06, 0x40, 0x0E, 0x70, 0x38, 0x68
	.byte 0x49, 0x46, 0x28, 0x31, 0x00, 0x22, 0x00, 0x23, 0x19, 0xF0, 0xD8, 0xF9, 0x48, 0x46, 0x00, 0x21
	.byte 0xF7, 0xF7, 0xE2, 0xFB, 0xF1, 0xE2, 0x00, 0x00, 0x00, 0xFF, 0xFF, 0xFF, 0x51, 0x03, 0x00, 0x00
	.byte 0x0D, 0x02, 0x00, 0x00, 0x5A, 0x03, 0x00, 0x00, 0x5B, 0x03, 0x00, 0x00, 0x0B, 0x02, 0x00, 0x00
	.byte 0x0A, 0x02, 0x00, 0x00, 0x28, 0x68, 0x4C, 0x46, 0x28, 0x34, 0x21, 0x1C, 0x0F, 0xF0, 0xE6, 0xFC
	.byte 0x28, 0x68, 0x0F, 0xF0, 0xF5, 0xFE, 0x28, 0x68, 0xCE, 0xE2, 0x8E, 0x25, 0xAD, 0x00, 0x7A, 0x19
	.byte 0x00, 0x21, 0x51, 0x56, 0x01, 0x20, 0x40, 0x42, 0x81, 0x42, 0x04, 0xD1, 0xD5, 0x26, 0xB6, 0x00
	.byte 0xB8, 0x19, 0x00, 0x78, 0x10, 0x70, 0xA5, 0x23, 0x9B, 0x00, 0xFD, 0x18, 0x28, 0x68, 0x2A, 0x21
	.byte 0x42, 0x5E, 0x48, 0x46, 0xFB, 0x30, 0x01, 0x78, 0xC9, 0x08, 0x32, 0x48, 0x48, 0x44, 0x00, 0x78
	.byte 0x80, 0x07, 0xC0, 0x0F, 0x81, 0x40, 0x8A, 0x42, 0x10, 0xD1, 0x18, 0x1C, 0x50, 0x44, 0x02, 0x68
	.byte 0x2D, 0x49, 0x81, 0x20, 0x80, 0x00, 0x48, 0x44, 0x00, 0x68, 0x1C, 0x1C, 0x00, 0x19, 0x00, 0x68
	.byte 0x23, 0x30, 0x00, 0x78, 0x40, 0x00, 0x40, 0x18, 0x00, 0x88, 0xD0, 0x80, 0x53, 0x44, 0x98, 0x46
	.byte 0x18, 0x68, 0x06, 0x26, 0x80, 0x5F, 0xFF, 0x28, 0x03, 0xDC, 0x24, 0x49, 0x51, 0x44, 0xFF, 0x20
	.byte 0x08, 0x70, 0x28, 0x68, 0x81, 0x7C, 0x08, 0x20, 0x08, 0x40, 0x00, 0x28, 0x00, 0xD1, 0x94, 0xE2
	.byte 0x5D, 0x20, 0x51, 0x46, 0x88, 0x80, 0xB8, 0x80, 0x85, 0x24, 0xA4, 0x00, 0x3B, 0x19, 0x19, 0x78
	.byte 0x08, 0x22, 0x52, 0x42, 0x10, 0x1C, 0x08, 0x40, 0x18, 0x70, 0x2D, 0x68, 0xAB, 0x7C, 0x07, 0x21
	.byte 0x49, 0x42, 0x08, 0x1C, 0x18, 0x40, 0x02, 0x26, 0x30, 0x43, 0xA8, 0x74, 0x45, 0x46, 0x2B, 0x68
	.byte 0x98, 0x7C, 0x01, 0x40, 0x31, 0x43, 0x99, 0x74, 0x54, 0x44, 0x20, 0x78, 0x02, 0x40, 0x03, 0x20
	.byte 0x02, 0x43, 0x22, 0x70, 0x0E, 0x49, 0x50, 0x46, 0x12, 0xF0, 0x9E, 0xFB, 0x29, 0x68, 0x0D, 0x48
	.byte 0x00, 0x78, 0x00, 0x06, 0x00, 0x16, 0x00, 0x01, 0xC8, 0x80, 0x29, 0x68, 0x0A, 0x48, 0x00, 0x78
	.byte 0x00, 0x06, 0x00, 0x16, 0x00, 0x01, 0x88, 0x80, 0x08, 0x48, 0x48, 0x44, 0x00, 0x26, 0x06, 0x80
	.byte 0x5B, 0xE2, 0x00, 0x00, 0x0A, 0x02, 0x00, 0x00, 0xEC, 0xFA, 0x39, 0x08, 0x3B, 0x02, 0x00, 0x00
	.byte 0x01, 0x10, 0x00, 0x00, 0x5A, 0xF6, 0x39, 0x08, 0x49, 0xF6, 0x39, 0x08, 0x6E, 0x02, 0x00, 0x00
	.byte 0xA5, 0x20, 0x80, 0x00, 0x50, 0x44, 0x02, 0x68, 0x19, 0x49, 0x1A, 0x4B, 0x4B, 0x44, 0x00, 0x24
	.byte 0x18, 0x5F, 0x40, 0x18, 0x00, 0x78, 0x00, 0x06, 0x00, 0x16, 0x00, 0x01, 0x00, 0x24, 0x90, 0x80
	.byte 0x15, 0x48, 0x48, 0x44, 0x00, 0x78, 0x80, 0x07, 0xC0, 0x0F, 0x01, 0x21, 0x81, 0x40, 0x18, 0x88
	.byte 0x40, 0x18, 0x18, 0x80, 0x00, 0x04, 0x00, 0x0C, 0x10, 0x28, 0x00, 0xD8, 0x2D, 0xE2, 0x5E, 0x20
	.byte 0x55, 0x46, 0xA8, 0x80, 0xB8, 0x80, 0x85, 0x26, 0xB6, 0x00, 0xBA, 0x19, 0x11, 0x78, 0x66, 0x38
	.byte 0x08, 0x40, 0x10, 0x70, 0x1C, 0x80, 0x9C, 0x20, 0x80, 0x00, 0x48, 0x44, 0x04, 0x80, 0x07, 0x48
	.byte 0x3A, 0x18, 0x11, 0x78, 0x41, 0x20, 0x40, 0x42, 0x08, 0x40, 0x10, 0x70, 0x15, 0xE2, 0x00, 0x00
	.byte 0x49, 0xF6, 0x39, 0x08, 0x6E, 0x02, 0x00, 0x00, 0x0A, 0x02, 0x00, 0x00, 0x0D, 0x02, 0x00, 0x00
	.byte 0xA5, 0x25, 0xAD, 0x00, 0x51, 0x46, 0x4A, 0x19, 0x13, 0x68, 0x2A, 0x49, 0x2A, 0x4C, 0x4C, 0x44
	.byte 0x00, 0x26, 0xA0, 0x5F, 0x40, 0x18, 0x00, 0x78, 0x00, 0x06, 0x00, 0x16, 0x00, 0x01, 0xD8, 0x80
	.byte 0x10, 0x68, 0x06, 0x21, 0x40, 0x5E, 0xFF, 0x28, 0x03, 0xDD, 0x24, 0x49, 0x51, 0x44, 0x00, 0x20
	.byte 0x08, 0x70, 0x22, 0x88, 0x10, 0x2A, 0x08, 0xD8, 0x21, 0x48, 0x48, 0x44, 0x01, 0x78, 0x89, 0x07
	.byte 0xC9, 0x0F, 0x01, 0x20, 0x88, 0x40, 0x10, 0x18, 0x20, 0x80, 0x9C, 0x22, 0x92, 0x00, 0x4A, 0x44
	.byte 0x1B, 0x4B, 0x4B, 0x44, 0x18, 0x78, 0x80, 0x07, 0xC0, 0x0F, 0x80, 0x21, 0xC9, 0x00, 0x81, 0x40
	.byte 0x10, 0x88, 0x40, 0x18, 0x10, 0x80, 0x00, 0x04, 0x16, 0x49, 0x88, 0x42, 0x00, 0xDC, 0xD4, 0xE1
	.byte 0x5F, 0x20, 0x52, 0x46, 0x90, 0x80, 0xB8, 0x80, 0x85, 0x24, 0xA4, 0x00, 0x3A, 0x19, 0x11, 0x78
	.byte 0x67, 0x38, 0x08, 0x40, 0x01, 0x21, 0x08, 0x43, 0x10, 0x70, 0x78, 0x19, 0x02, 0x68, 0x48, 0x46
	.byte 0xFB, 0x30, 0x01, 0x78, 0xC9, 0x08, 0x18, 0x78, 0x80, 0x07, 0xC0, 0x0F, 0x81, 0x40, 0x49, 0x42
	.byte 0x20, 0x32, 0x11, 0x70, 0x08, 0x4D, 0x7A, 0x19, 0x10, 0x78, 0x40, 0x21, 0x08, 0x43, 0x10, 0x70
	.byte 0xB3, 0xE1, 0x00, 0x00, 0x5A, 0xF6, 0x39, 0x08, 0x6E, 0x02, 0x00, 0x00, 0x3B, 0x02, 0x00, 0x00
	.byte 0x0A, 0x02, 0x00, 0x00, 0x00, 0x00, 0xFF, 0x11, 0x0D, 0x02, 0x00, 0x00, 0xA5, 0x22, 0x92, 0x00
	.byte 0x52, 0x44, 0x13, 0x68, 0x19, 0x49, 0x1A, 0x4C, 0x4C, 0x44, 0x00, 0x26, 0xA0, 0x5F, 0x40, 0x18
	.byte 0x00, 0x78, 0x00, 0x06, 0x00, 0x16, 0x00, 0x01, 0xD8, 0x80, 0x10, 0x68, 0x06, 0x21, 0x40, 0x5E
	.byte 0xFF, 0x28, 0x03, 0xDD, 0x13, 0x49, 0x51, 0x44, 0x00, 0x20, 0x08, 0x70, 0x85, 0x23, 0x9B, 0x00
	.byte 0xFA, 0x18, 0x11, 0x78, 0x07, 0x20, 0x08, 0x40, 0x00, 0x28, 0x1F, 0xD1, 0x0E, 0x48, 0x48, 0x44
	.byte 0x01, 0x78, 0x40, 0x20, 0x08, 0x40, 0x00, 0x28, 0x38, 0xD1, 0x54, 0x46, 0x60, 0x69, 0xA1, 0x69
	.byte 0x40, 0x18, 0x79, 0x69, 0x41, 0x1A, 0xB8, 0x69, 0x88, 0x42, 0x2F, 0xDC, 0xB9, 0x61, 0x97, 0x25
	.byte 0xAD, 0x00, 0x79, 0x19, 0x01, 0x20, 0x40, 0x42, 0x27, 0xE0, 0x00, 0x00, 0x5A, 0xF6, 0x39, 0x08
	.byte 0x6E, 0x02, 0x00, 0x00, 0x3B, 0x02, 0x00, 0x00, 0x09, 0x02, 0x00, 0x00, 0x00, 0x26, 0xA0, 0x5F
	.byte 0x0E, 0x28, 0x1B, 0xD1, 0x08, 0x20, 0x40, 0x42, 0x08, 0x40, 0x10, 0x70, 0x4C, 0x49, 0x38, 0x1C
	.byte 0x12, 0xF0, 0x8A, 0xFA, 0x4B, 0x48, 0x3A, 0x18, 0x11, 0x78, 0x41, 0x20, 0x40, 0x42, 0x08, 0x40
	.byte 0x10, 0x70, 0x01, 0x23, 0x5B, 0x42, 0x38, 0x1C, 0x00, 0x21, 0x1A, 0x1C, 0x09, 0xF0, 0x74, 0xFB
	.byte 0x93, 0x22, 0x92, 0x00, 0xB9, 0x18, 0x53, 0x46, 0x58, 0x69, 0x08, 0x60, 0x42, 0x4B, 0x4B, 0x44
	.byte 0x1A, 0x88, 0x10, 0x2A, 0x0D, 0xD8, 0x41, 0x48, 0x48, 0x44, 0x01, 0x78, 0x89, 0x07, 0xC9, 0x0F
	.byte 0x01, 0x20, 0x88, 0x40, 0x10, 0x18, 0x18, 0x80, 0x00, 0x04, 0x00, 0x0C, 0x10, 0x28, 0x00, 0xD8
	.byte 0x33, 0xE1, 0x97, 0x24, 0xA4, 0x00, 0x38, 0x19, 0x01, 0x68, 0x01, 0x20, 0x40, 0x42, 0x81, 0x42
	.byte 0x00, 0xD0, 0x2A, 0xE1, 0x85, 0x25, 0xAD, 0x00, 0x7A, 0x19, 0x11, 0x78, 0x07, 0x38, 0x08, 0x40
	.byte 0x03, 0x21, 0x08, 0x43, 0x10, 0x70, 0x81, 0x20, 0x80, 0x00, 0x48, 0x44, 0x03, 0x68, 0x80, 0x26
	.byte 0xB6, 0x00, 0x4E, 0x44, 0x32, 0x68, 0x80, 0x25, 0x6D, 0x00, 0x48, 0x46, 0x40, 0x19, 0x84, 0x46
	.byte 0x04, 0x88, 0x2B, 0x48, 0x11, 0x18, 0x0C, 0x80, 0x64, 0x46, 0x21, 0x88, 0x18, 0x18, 0x01, 0x80
	.byte 0x20, 0x88, 0x98, 0x21, 0x89, 0x00, 0x52, 0x18, 0x10, 0x80, 0x20, 0x88, 0x5B, 0x18, 0x18, 0x80
	.byte 0xA5, 0x20, 0x80, 0x00, 0x50, 0x44, 0x00, 0x68, 0xC5, 0x80, 0x22, 0x48, 0x50, 0x44, 0x00, 0x25
	.byte 0x05, 0x70, 0x30, 0x68, 0x54, 0x30, 0x00, 0x78, 0x00, 0x28, 0x2B, 0xD1, 0x1E, 0x48, 0x48, 0x44
	.byte 0x01, 0x78, 0x40, 0x20, 0x08, 0x40, 0x00, 0x28, 0x24, 0xD1, 0x1C, 0x4E, 0xBA, 0x19, 0x11, 0x78
	.byte 0x41, 0x20, 0x40, 0x42, 0x08, 0x40, 0x10, 0x70, 0x50, 0x46, 0xC3, 0x68, 0x00, 0x2B, 0x00, 0xDA
	.byte 0xFF, 0x33, 0x1B, 0x12, 0x51, 0x46, 0x08, 0x69, 0x00, 0x28, 0x00, 0xDA, 0xFF, 0x30, 0x00, 0x12
	.byte 0x00, 0x90, 0x52, 0x46, 0x51, 0x69, 0x90, 0x69, 0x08, 0x18, 0x00, 0x28, 0x00, 0xDA, 0xFF, 0x30
	.byte 0x00, 0x12, 0x01, 0x90, 0x64, 0x46, 0x20, 0x88, 0x02, 0x90, 0x38, 0x1C, 0x01, 0x21, 0x00, 0x22
	.byte 0x0E, 0xF0, 0x44, 0xFF, 0x60, 0x20, 0x55, 0x46, 0xA8, 0x80, 0xB8, 0x80, 0xC5, 0xE0, 0x00, 0x00
	.byte 0x02, 0x10, 0x00, 0x00, 0x12, 0x02, 0x00, 0x00, 0x6E, 0x02, 0x00, 0x00, 0x0A, 0x02, 0x00, 0x00
	.byte 0x3E, 0x02, 0x00, 0x00, 0x3B, 0x02, 0x00, 0x00, 0x09, 0x02, 0x00, 0x00, 0x0D, 0x02, 0x00, 0x00
	.byte 0x48, 0x46, 0x39, 0x1C, 0xF6, 0xF7, 0xE6, 0xFF, 0x00, 0x06, 0x00, 0x28, 0x08, 0xD1, 0xB8, 0x69
	.byte 0x00, 0x28, 0x0C, 0xD0, 0x01, 0x21, 0x79, 0x56, 0x01, 0x20, 0x40, 0x42, 0x81, 0x42, 0x06, 0xD1
	.byte 0x38, 0x1C, 0x10, 0xF0, 0x8D, 0xFF, 0x00, 0x06, 0x00, 0x28, 0x00, 0xD0, 0x8A, 0xE0, 0x38, 0x1C
	.byte 0x10, 0xF0, 0x86, 0xFF, 0x00, 0x06, 0x00, 0x0E, 0x01, 0x28, 0x06, 0xD1, 0xF8, 0x68, 0x3A, 0x49
	.byte 0x08, 0x40, 0xF8, 0x60, 0x38, 0x69, 0x08, 0x40, 0x38, 0x61, 0x38, 0x1C, 0x0F, 0xF0, 0x7C, 0xFE
	.byte 0xDA, 0x20, 0x80, 0x00, 0x39, 0x18, 0x09, 0x68, 0x50, 0x44, 0x00, 0x68, 0x00, 0x26, 0x06, 0x70
	.byte 0x0E, 0x70, 0x50, 0x46, 0x86, 0x80, 0xBE, 0x80, 0xD6, 0x21, 0x89, 0x00, 0x43, 0x18, 0x1A, 0x78
	.byte 0x09, 0x24, 0x64, 0x42, 0x20, 0x1C, 0x10, 0x40, 0x18, 0x70, 0x79, 0x18, 0x0A, 0x78, 0x20, 0x1C
	.byte 0x10, 0x40, 0x08, 0x70, 0x29, 0x4A, 0x51, 0x46, 0x8D, 0x18, 0x2B, 0x78, 0x41, 0x21, 0x49, 0x42
	.byte 0x08, 0x1C, 0x18, 0x40, 0x28, 0x70, 0xBA, 0x18, 0x10, 0x78, 0x01, 0x40, 0x11, 0x70, 0x24, 0x4B
	.byte 0xFA, 0x18, 0x11, 0x78, 0x21, 0x20, 0x40, 0x42, 0x08, 0x40, 0x40, 0x21, 0x08, 0x43, 0x10, 0x70
	.byte 0x20, 0x4D, 0x7A, 0x19, 0x11, 0x78, 0x03, 0x20, 0x40, 0x42, 0x08, 0x40, 0x10, 0x70, 0x1E, 0x4A
	.byte 0x52, 0x44, 0x11, 0x78, 0x20, 0x1C, 0x08, 0x40, 0x10, 0x70, 0x1C, 0x49, 0x49, 0x44, 0x08, 0x78
	.byte 0x04, 0x40, 0x0C, 0x70, 0x02, 0x3B, 0x4B, 0x44, 0x19, 0x78, 0x7F, 0x20, 0x08, 0x40, 0x18, 0x70
	.byte 0x82, 0x22, 0x92, 0x00, 0x4A, 0x44, 0x10, 0x78, 0x01, 0x21, 0x08, 0x43, 0x10, 0x70, 0x14, 0x4A
	.byte 0x4A, 0x44, 0x11, 0x78, 0x1D, 0x20, 0x40, 0x42, 0x08, 0x40, 0x10, 0x70, 0x19, 0x78, 0x11, 0x20
	.byte 0x40, 0x42, 0x08, 0x40, 0x18, 0x70, 0x49, 0x46, 0x28, 0x31, 0x38, 0x1C, 0x00, 0x22, 0x00, 0x23
	.byte 0x18, 0xF0, 0x0C, 0xFF, 0x48, 0x46, 0x00, 0x21, 0xF7, 0xF7, 0x16, 0xF9, 0xB8, 0x69, 0x00, 0x28
	.byte 0x23, 0xDA, 0xBE, 0x61, 0x21, 0xE0, 0x00, 0x00, 0x00, 0xFF, 0xFF, 0xFF, 0x51, 0x03, 0x00, 0x00
	.byte 0x0D, 0x02, 0x00, 0x00, 0x5A, 0x03, 0x00, 0x00, 0x5B, 0x03, 0x00, 0x00, 0x0A, 0x02, 0x00, 0x00
	.byte 0x46, 0x02, 0x00, 0x00, 0x4C, 0x46, 0x28, 0x34, 0x38, 0x1C, 0x21, 0x1C, 0x0F, 0xF0, 0x16, 0xFA
	.byte 0x38, 0x1C, 0x0F, 0xF0, 0x25, 0xFC, 0x38, 0x1C, 0x21, 0x1C, 0x00, 0x22, 0x00, 0x23, 0x18, 0xF0
	.byte 0xE5, 0xFE, 0x02, 0xE0, 0x48, 0x46, 0x03, 0xF0, 0xF1, 0xFB
_08036DA2:
	.byte 0x81, 0x20, 0x80, 0x00, 0x48, 0x44, 0x00, 0x68, 0x81, 0x88, 0x08, 0x1C, 0x59, 0x38, 0x00, 0x04
	.byte 0x00, 0x0C, 0x01, 0x28, 0x0F, 0xD8, 0x06, 0x49, 0x49, 0x44, 0x08, 0x88, 0x01, 0x38, 0x08, 0x80
	.byte 0x00, 0x04, 0x00, 0x28, 0x1A, 0xD1, 0x01, 0x21, 0x49, 0x42, 0x00, 0x20, 0xE2, 0xF7, 0xF1, 0xFB
	.byte 0x14, 0xE0, 0x72, 0x02, 0x00, 0x00, 0x08, 0x1C, 0x5C, 0x38, 0x00, 0x04, 0x00, 0x0C, 0x03, 0x28
	.byte 0x0C, 0xD8, 0x0A, 0x49, 0x49, 0x44, 0x08, 0x88, 0x01, 0x38, 0x08, 0x80, 0x00, 0x04, 0x00, 0x28
	.byte 0x04, 0xD1, 0x01, 0x21, 0x49, 0x42, 0xD6, 0x20, 0xE2, 0xF7, 0xDB, 0xFB
_08036DFE:
	.byte 0x04, 0xB0, 0x38, 0xBC, 0x98, 0x46, 0xA1, 0x46, 0xAA, 0x46, 0xF0, 0xBC, 0x01, 0xBC, 0x00, 0x47
	.byte 0x00, 0x00, 0x72, 0x02, 0x00, 0x00
	thumb_func_start sub_8036E14
sub_8036E14:
	push {r4, r5, r6, lr}
	mov r6, r10
	mov r5, r9
	mov r4, r8
	push {r4, r5, r6}
	adds r5, r0, #0x0
	movs r1, #0x01
	movs r2, #0x01
	bl sub_802C4D4
	movs r0, #0x80
	lsls r0, r0, #0x02
	adds r4, r5, r0
	ldr r0, [r4, #0x00]
	bl sub_804FC90
	ldr r1, [r4, #0x00]
	adds r0, r5, #0x0
	movs r2, #0x00
	movs r3, #0x00
	bl sub_802DDB4
	movs r1, #0x81
	lsls r1, r1, #0x02
	adds r6, r5, r1
	ldr r0, [r6, #0x00]
	movs r1, #0xDA
	lsls r1, r1, #0x02
	adds r0, r0, r1
	ldr r2, [r0, #0x00]
	movs r3, #0x80
	lsls r3, r3, #0x02
	adds r3, r3, r5
	mov r8, r3
	ldr r0, [r3, #0x00]
	adds r0, r0, r1
	ldr r1, [r0, #0x00]
	movs r0, #0x00
	mov r9, r0
	movs r0, #0x0C
	strb r0, [r1, #0x00]
	strb r0, [r2, #0x00]
	ldr r2, [r6, #0x00]
	ldr r1, [r3, #0x00]
	movs r0, #0x6C
	strh r0, [r1, #0x04]
	strh r0, [r2, #0x04]
	ldr r2, [r6, #0x00]
	ldr r1, [r3, #0x00]
	ldr r4, _08036F60 @ =0x00000351
	adds r1, r1, r4
	ldrb r0, [r1, #0x00]
	movs r3, #0x40
	orrs r0, r3
	strb r0, [r1, #0x00]
	adds r2, r2, r4
	ldrb r0, [r2, #0x00]
	orrs r0, r3
	strb r0, [r2, #0x00]
	ldr r2, [r6, #0x00]
	mov r3, r8
	ldr r1, [r3, #0x00]
	adds r4, #0x07
	adds r1, r1, r4
	ldrb r0, [r1, #0x00]
	movs r3, #0x08
	orrs r0, r3
	strb r0, [r1, #0x00]
	adds r2, r2, r4
	ldrb r0, [r2, #0x00]
	orrs r0, r3
	strb r0, [r2, #0x00]
	ldr r1, [r6, #0x00]
	ldr r0, _08036F64 @ =0x0000035A
	adds r1, r1, r0
	ldrb r0, [r1, #0x00]
	movs r2, #0x02
	orrs r0, r2
	strb r0, [r1, #0x00]
	ldr r0, [r6, #0x00]
	movs r1, #0x02
	bl sub_804955C
	ldr r1, _08036F68 @ =0x0000026E
	adds r0, r5, r1
	mov r2, r9
	strh r2, [r0, #0x00]
	movs r3, #0x82
	lsls r3, r3, #0x02
	adds r2, r5, r3
	ldrb r1, [r2, #0x00]
	movs r0, #0x02
	negs r0, r0
	ands r0, r1
	strb r0, [r2, #0x00]
	ldr r0, _08036F6C @ =0x0000020B
	adds r2, r5, r0
	ldrb r0, [r2, #0x00]
	movs r1, #0x80
	orrs r0, r1
	strb r0, [r2, #0x00]
	mov r2, r8
	ldr r1, [r2, #0x00]
	adds r3, #0x0C
	mov r10, r3
	add r1, r10
	ldrb r2, [r1, #0x00]
	movs r4, #0x08
	negs r4, r4
	adds r0, r4, #0x0
	ands r0, r2
	movs r2, #0x04
	mov r9, r2
	mov r3, r9
	orrs r0, r3
	strb r0, [r1, #0x00]
	mov r1, r8
	ldr r0, [r1, #0x00]
	ldr r1, _08036F70 @ =0x0000104D
	bl sub_8049000
	ldr r0, [r6, #0x00]
	add r0, r10
	ldrb r1, [r0, #0x00]
	ands r4, r1
	mov r2, r9
	orrs r4, r2
	strb r4, [r0, #0x00]
	ldr r0, [r6, #0x00]
	ldr r1, _08036F74 @ =0x00001026
	bl sub_8049000
	mov r3, r8
	ldr r1, [r3, #0x00]
	movs r2, #0xA5
	lsls r2, r2, #0x02
	adds r0, r1, r2
	ldr r0, [r0, #0x00]
	adds r0, #0x20
	movs r2, #0x08
	strb r2, [r0, #0x00]
	ldr r3, _08036F78 @ =0x00000239
	adds r1, r1, r3
	strb r2, [r1, #0x00]
	ldr r0, _08036F7C @ =0x00000246
	adds r5, r5, r0
	ldrb r1, [r5, #0x00]
	movs r0, #0x1D
	negs r0, r0
	ands r0, r1
	movs r1, #0x14
	orrs r0, r1
	strb r0, [r5, #0x00]
	ldr r0, _08036F80 @ =0x00000157
	movs r1, #0x01
	negs r1, r1
	bl play_sfx_80195B4
	pop {r3, r4, r5}
	mov r8, r3
	mov r9, r4
	mov r10, r5
	pop {r4, r5, r6}
	pop {r0}
	bx r0
	.byte 0x00, 0x00
_08036F60: .4byte 0x00000351
_08036F64: .4byte 0x0000035A
_08036F68: .4byte 0x0000026E
_08036F6C: .4byte 0x0000020B
_08036F70: .4byte 0x0000104D
_08036F74: .4byte 0x00001026
_08036F78: .4byte 0x00000239
_08036F7C: .4byte 0x00000246
_08036F80: .4byte 0x00000157
	thumb_func_start sub_8036F84
sub_8036F84:
	push {r4, r5, r6, r7, lr}
	mov r7, r10
	mov r6, r9
	mov r5, r8
	push {r5, r6, r7}
	add sp, #-0x00C
	adds r7, r0, #0x0
	movs r5, #0x00
	movs r1, #0xAE
	lsls r1, r1, #0x02
	adds r0, r7, r1
	ldrb r1, [r0, #0x00]
	movs r0, #0x10
	ands r0, r1
	cmp r0, #0x00
	beq _08036FCC
	movs r2, #0x80
	lsls r2, r2, #0x02
	adds r0, r7, r2
	ldr r1, [r0, #0x00]
	ldr r4, _08036FEC @ =0x0000020D
	adds r1, r1, r4
	ldrb r3, [r1, #0x00]
	movs r2, #0x09
	negs r2, r2
	adds r0, r2, #0x0
	ands r0, r3
	strb r0, [r1, #0x00]
	movs r3, #0x81
	lsls r3, r3, #0x02
	adds r0, r7, r3
	ldr r0, [r0, #0x00]
	adds r0, r0, r4
	ldrb r1, [r0, #0x00]
	ands r2, r1
	strb r2, [r0, #0x00]
_08036FCC:
	movs r4, #0x80
	lsls r4, r4, #0x02
	adds r0, r7, r4
	ldr r0, [r0, #0x00]
	ldrh r0, [r0, #0x04]
	subs r0, #0x6C
	lsls r0, r0, #0x10
	asrs r0, r0, #0x10
	cmp r0, #0x08
	bhi _0803704A
	lsls r0, r0, #0x02
	ldr r1, _08036FF0 @ =0x08036FF4
	adds r0, r0, r1
	ldr r0, [r0, #0x00]
	mov pc, r0
	.byte 0x00, 0x00
_08036FEC: .4byte 0x0000020D
_08036FF0: .4byte 0x08036FF4
	.byte 0x4A, 0x70, 0x03, 0x08, 0x4A, 0x70, 0x03, 0x08, 0x4A, 0x70, 0x03, 0x08, 0x18, 0x70, 0x03, 0x08
	.byte 0x18, 0x70, 0x03, 0x08, 0x18, 0x70, 0x03, 0x08, 0x4A, 0x70, 0x03, 0x08, 0x4A, 0x70, 0x03, 0x08
	.byte 0x2E, 0x70, 0x03, 0x08, 0x80, 0x26, 0xB6, 0x00, 0xB8, 0x19, 0x00, 0x68, 0x1A, 0x49, 0x40, 0x18
	.byte 0x01, 0x78, 0x40, 0x20, 0x08, 0x40, 0x00, 0x28, 0x0D, 0xD1, 0x80, 0x22, 0x92, 0x00, 0xBC, 0x18
	.byte 0x20, 0x68, 0x81, 0x78, 0x38, 0x1C, 0xF4, 0xF7, 0xB9, 0xFF, 0x20, 0x68, 0x39, 0x1C, 0x28, 0x31
	.byte 0x18, 0xF0, 0x10, 0xFF, 0x01, 0x25
_0803704A:
	movs r3, #0xAE
	lsls r3, r3, #0x02
	adds r0, r7, r3
	ldrb r1, [r0, #0x00]
	movs r0, #0x10
	ands r0, r1
	cmp r0, #0x00
	beq _08037094
	adds r0, r7, #0x0
	bl sub_802F6EC
	movs r4, #0x80
	lsls r4, r4, #0x02
	adds r0, r7, r4
	ldr r2, [r0, #0x00]
	ldr r5, _08037090 @ =0x00000353
	adds r0, r2, r5
	ldrb r1, [r0, #0x00]
	movs r0, #0x02
	ands r0, r1
	cmp r0, #0x00
	bne _08037084
	adds r1, r7, #0x0
	adds r1, #0x28
	adds r0, r2, #0x0
	movs r2, #0x00
	movs r3, #0x01
	bl sub_804FB64
_08037084:
	adds r0, r7, #0x0
	bl sub_802E2F4
	b _08037168
	.byte 0x51, 0x03, 0x00, 0x00
_08037090: .4byte 0x00000353
_08037094:
	movs r6, #0x80
	lsls r6, r6, #0x02
	adds r4, r7, r6
	ldr r1, [r4, #0x00]
	adds r0, r7, #0x0
	bl sub_80303C4
	ldr r0, [r4, #0x00]
	bl sub_80465D8
	ldr r0, [r4, #0x00]
	movs r2, #0xCE
	lsls r2, r2, #0x02
	adds r1, r0, r2
	ldr r1, [r1, #0x00]
	adds r1, #0x68
	movs r3, #0x00
	ldsh r2, [r1, r3]
	adds r0, r0, r2
	ldr r1, [r1, #0x04]
	bl _call_via_r1
	cmp r5, #0x00
	beq _08037150
	ldr r0, [r4, #0x00]
	bl sub_804D2CC
	ldr r0, [r4, #0x00]
	adds r1, r7, #0x0
	adds r1, #0x28
	movs r2, #0x00
	movs r3, #0x00
	bl sub_804FB64
	ldr r0, [r4, #0x00]
	bl sub_804FB3C
	adds r1, r0, #0x0
	cmp r1, #0x00
	blt _08037128
	adds r5, r7, #0x0
	adds r5, #0xFA
	ldrb r0, [r5, #0x00]
	lsls r0, r0, #0x1C
	lsrs r0, r0, #0x1C
	movs r4, #0x01
	lsls r4, r1
	ands r0, r4
	cmp r0, #0x00
	bne _08037128
	movs r6, #0xC1
	lsls r6, r6, #0x02
	adds r0, r7, r6
	ldr r0, [r0, #0x00]
	lsls r1, r1, #0x10
	lsrs r1, r1, #0x10
	bl sub_805C908
	ldrb r2, [r5, #0x00]
	lsls r1, r2, #0x1C
	lsrs r1, r1, #0x1C
	orrs r1, r4
	movs r0, #0x0F
	ands r1, r0
	movs r0, #0x10
	negs r0, r0
	ands r0, r2
	orrs r0, r1
	strb r0, [r5, #0x00]
	movs r0, #0x53
	movs r1, #0x01
	negs r1, r1
	bl play_sfx_80195B4
_08037128:
	adds r0, r7, #0x0
	bl sub_802E2F4
	movs r1, #0x80
	lsls r1, r1, #0x02
	adds r0, r7, r1
	ldr r2, [r0, #0x00]
	ldr r3, _0803714C @ =0x00000353
	adds r0, r2, r3
	ldrb r1, [r0, #0x00]
	movs r0, #0x08
	ands r0, r1
	cmp r0, #0x00
	beq _08037168
	adds r0, r2, #0x0
	bl sub_804FC30
	b _08037168
_0803714C: .4byte 0x00000353
_08037150:
	ldr r2, [r4, #0x00]
	movs r4, #0x04
	ldsh r0, [r2, r4]
	cmp r0, #0x75
	bne _08037168
	adds r1, r7, #0x0
	adds r1, #0x28
	adds r0, r2, #0x0
	movs r2, #0x00
	movs r3, #0x00
	bl sub_804FB64
_08037168:
	movs r5, #0x80
	lsls r5, r5, #0x02
	adds r3, r7, r5
	ldr r1, [r3, #0x00]
	ldrh r2, [r1, #0x04]
	adds r0, r2, #0x0
	subs r0, #0x6F
	lsls r0, r0, #0x10
	lsrs r0, r0, #0x10
	cmp r0, #0x02
	bls _08037182
	cmp r2, #0x75
	bne _080371D2
_08037182:
	movs r6, #0x97
	lsls r6, r6, #0x02
	adds r0, r1, r6
	ldr r0, [r0, #0x00]
	cmp r0, #0x00
	blt _080371D2
	movs r0, #0x85
	lsls r0, r0, #0x02
	adds r2, r1, r0
	ldrb r1, [r2, #0x00]
	movs r0, #0x08
	negs r0, r0
	ands r0, r1
	movs r1, #0x03
	orrs r0, r1
	strb r0, [r2, #0x00]
	ldr r1, [r3, #0x00]
	movs r0, #0x74
	strh r0, [r1, #0x04]
	ldr r0, [r3, #0x00]
	ldr r1, _08037228 @ =0x00001002
	bl sub_8049000
	movs r1, #0x81
	lsls r1, r1, #0x02
	adds r3, r7, r1
	ldr r1, [r3, #0x00]
	ldr r2, _0803722C @ =0x0000020D
	adds r1, r1, r2
	ldrb r0, [r1, #0x00]
	movs r2, #0x40
	orrs r0, r2
	strb r0, [r1, #0x00]
	ldr r0, [r3, #0x00]
	movs r3, #0xDB
	lsls r3, r3, #0x02
	adds r0, r0, r3
	ldr r0, [r0, #0x00]
	bl sub_8020D40
_080371D2:
	movs r4, #0x80
	lsls r4, r4, #0x02
	adds r3, r7, r4
	ldr r2, [r3, #0x00]
	movs r5, #0x04
	ldsh r0, [r2, r5]
	cmp r0, #0x74
	bne _08037208
	movs r6, #0x97
	lsls r6, r6, #0x02
	adds r0, r2, r6
	ldr r1, [r0, #0x00]
	movs r0, #0x01
	negs r0, r0
	cmp r1, r0
	bne _08037208
	movs r1, #0x91
	lsls r1, r1, #0x02
	adds r0, r2, r1
	movs r1, #0x00
	strh r1, [r0, #0x00]
	adds r4, #0x42
	adds r0, r2, r4
	strh r1, [r0, #0x00]
	ldr r1, [r3, #0x00]
	movs r0, #0x75
	strh r0, [r1, #0x04]
_08037208:
	movs r5, #0x81
	lsls r5, r5, #0x02
	adds r0, r7, r5
	ldr r0, [r0, #0x00]
	ldrh r0, [r0, #0x04]
	subs r0, #0x6C
	lsls r0, r0, #0x10
	asrs r0, r0, #0x10
	cmp r0, #0x08
	bhi _0803726E
	lsls r0, r0, #0x02
	ldr r1, _08037230 @ =0x08037234
	adds r0, r0, r1
	ldr r0, [r0, #0x00]
	mov pc, r0
	.byte 0x00, 0x00
_08037228: .4byte 0x00001002
_0803722C: .4byte 0x0000020D
_08037230: .4byte 0x08037234
	.byte 0x6E, 0x72, 0x03, 0x08, 0x6E, 0x72, 0x03, 0x08, 0x6E, 0x72, 0x03, 0x08, 0x58, 0x72, 0x03, 0x08
	.byte 0x58, 0x72, 0x03, 0x08, 0x58, 0x72, 0x03, 0x08, 0x6E, 0x72, 0x03, 0x08, 0x6E, 0x72, 0x03, 0x08
	.byte 0x58, 0x72, 0x03, 0x08, 0x38, 0x1C, 0xF4, 0xF7, 0xD5, 0xFF, 0x81, 0x26, 0xB6, 0x00, 0xB8, 0x19
	.byte 0x00, 0x68, 0x39, 0x1C, 0x28, 0x31, 0x18, 0xF0, 0xFD, 0xFD
_0803726E:
	movs r1, #0xAE
	lsls r1, r1, #0x02
	adds r0, r7, r1
	ldrb r1, [r0, #0x00]
	movs r0, #0x10
	ands r0, r1
	cmp r0, #0x00
	beq _080372A8
	movs r2, #0x81
	lsls r2, r2, #0x02
	adds r0, r7, r2
	ldr r2, [r0, #0x00]
	ldr r3, _080372A4 @ =0x00000353
	adds r0, r2, r3
	ldrb r1, [r0, #0x00]
	movs r0, #0x02
	ands r0, r1
	cmp r0, #0x00
	bne _0803730C
	adds r1, r7, #0x0
	adds r1, #0x28
	adds r0, r2, #0x0
	movs r2, #0x00
	movs r3, #0x01
	bl sub_804FB64
	b _0803730C
_080372A4: .4byte 0x00000353
_080372A8:
	movs r5, #0x81
	lsls r5, r5, #0x02
	adds r4, r7, r5
	ldr r1, [r4, #0x00]
	adds r0, r7, #0x0
	bl sub_80303C4
	ldr r0, [r4, #0x00]
	bl sub_80465D8
	ldr r0, [r4, #0x00]
	movs r6, #0xCE
	lsls r6, r6, #0x02
	adds r1, r0, r6
	ldr r1, [r1, #0x00]
	adds r1, #0x68
	movs r3, #0x00
	ldsh r2, [r1, r3]
	adds r0, r0, r2
	ldr r1, [r1, #0x04]
	bl _call_via_r1
	ldr r0, [r4, #0x00]
	adds r1, r7, #0x0
	adds r1, #0x28
	movs r2, #0x00
	movs r3, #0x00
	bl sub_804FB64
	adds r0, r7, #0x0
	bl sub_802A4E8
	subs r5, #0x04
	adds r0, r7, r5
	ldr r1, [r0, #0x00]
	movs r6, #0x04
	ldsh r0, [r1, r6]
	cmp r0, #0x73
	bgt _0803730C
	movs r2, #0x97
	lsls r2, r2, #0x02
	adds r0, r1, r2
	ldr r1, [r0, #0x00]
	movs r0, #0x01
	negs r0, r0
	cmp r1, r0
	bne _0803730C
	ldr r0, [r4, #0x00]
	adds r0, r0, r2
	str r1, [r0, #0x00]
_0803730C:
	movs r3, #0x00
	mov r10, r3
	movs r4, #0x81
	lsls r4, r4, #0x02
	adds r0, r7, r4
	ldr r0, [r0, #0x00]
	ldrh r0, [r0, #0x04]
	subs r0, #0x6C
	lsls r0, r0, #0x10
	asrs r0, r0, #0x10
	cmp r0, #0x0A
	bls _08037328
	bl _08037D56
_08037328:
	lsls r0, r0, #0x02
	ldr r1, _08037334 @ =0x08037338
	adds r0, r0, r1
	ldr r0, [r0, #0x00]
	mov pc, r0
	.byte 0x00, 0x00
_08037334: .4byte 0x08037338
	.byte 0x64, 0x73, 0x03, 0x08, 0x0A, 0x75, 0x03, 0x08, 0x76, 0x75, 0x03, 0x08, 0x88, 0x76, 0x03, 0x08
	.byte 0xAE, 0x77, 0x03, 0x08, 0x88, 0x76, 0x03, 0x08, 0x9C, 0x7B, 0x03, 0x08, 0x58, 0x7C, 0x03, 0x08
	.byte 0xAC, 0x7C, 0x03, 0x08, 0x56, 0x7D, 0x03, 0x08, 0xCA, 0x7C, 0x03, 0x08, 0x3D, 0x4D, 0x79, 0x19
	.byte 0x0A, 0x88, 0x00, 0x26, 0x88, 0x5F, 0x3B, 0x28, 0x68, 0xDC, 0x50, 0x1C, 0x08, 0x80, 0x3A, 0x4E
	.byte 0x00, 0x20, 0x80, 0x46, 0x0D, 0x1C, 0x31, 0x88, 0x00, 0x22, 0xA8, 0x5E, 0x81, 0x42, 0x28, 0xD1
	.byte 0x81, 0x23, 0x9B, 0x00, 0xF8, 0x18, 0x00, 0x68, 0xDB, 0x24, 0xA4, 0x00, 0x00, 0x19, 0x00, 0x68
	.byte 0x71, 0x88, 0x00, 0x22, 0x00, 0x92, 0x00, 0x23, 0xE6, 0xF7, 0xD6, 0xFE, 0x80, 0x21, 0x89, 0x00
	.byte 0x78, 0x18, 0x01, 0x68, 0xA5, 0x22, 0x92, 0x00, 0x88, 0x18, 0x00, 0x68, 0xB2, 0x88, 0x20, 0x30
	.byte 0x02, 0x70, 0x2A, 0x4B, 0xC9, 0x18, 0x0A, 0x70, 0x00, 0x24, 0x28, 0x5F, 0x3B, 0x28, 0x08, 0xD1
	.byte 0x27, 0x48, 0xE2, 0xF7, 0xED, 0xF8, 0xAC, 0x20, 0x40, 0x00, 0x01, 0x21, 0x49, 0x42, 0xE2, 0xF7
	.byte 0xED, 0xF8, 0xB4, 0x1D, 0xF1, 0x88, 0x00, 0x22, 0xA8, 0x5E, 0x81, 0x42, 0x28, 0xD1, 0x81, 0x23
	.byte 0x9B, 0x00, 0xF8, 0x18, 0x00, 0x68, 0xDB, 0x21, 0x89, 0x00, 0x40, 0x18, 0x00, 0x68, 0x61, 0x88
	.byte 0x00, 0x22, 0x00, 0x92, 0x00, 0x23, 0xE6, 0xF7, 0xA7, 0xFE, 0x80, 0x22, 0x92, 0x00, 0xB8, 0x18
	.byte 0x01, 0x68, 0xA5, 0x23, 0x9B, 0x00, 0xC8, 0x18, 0x00, 0x68, 0xA2, 0x88, 0x20, 0x30, 0x02, 0x70
	.byte 0x12, 0x4C, 0x09, 0x19, 0x0A, 0x70, 0x00, 0x21, 0x68, 0x5E, 0x3B, 0x28, 0x08, 0xD1, 0x10, 0x48
	.byte 0xE2, 0xF7, 0xBE, 0xF8, 0xAC, 0x20, 0x40, 0x00, 0x01, 0x21, 0x49, 0x42, 0xE2, 0xF7, 0xBE, 0xF8
	.byte 0x02, 0x22, 0x90, 0x44, 0x0C, 0x36, 0x43, 0x46, 0x03, 0x2B, 0x9C, 0xD9, 0x09, 0x4C, 0x38, 0x19
	.byte 0x01, 0x78, 0x02, 0x20, 0x08, 0x40, 0x00, 0x28, 0x0E, 0xD0, 0x03, 0x25, 0xAA, 0x46, 0x00, 0xF0
	.byte 0x7E, 0xFC, 0x00, 0x00, 0x6E, 0x02, 0x00, 0x00, 0x0C, 0xFB, 0x39, 0x08, 0x39, 0x02, 0x00, 0x00
	.byte 0x57, 0x01, 0x00, 0x00, 0x0A, 0x02, 0x00, 0x00, 0x38, 0x1C, 0xD0, 0x30, 0x01, 0x68, 0x81, 0x26
	.byte 0xB6, 0x00, 0xBC, 0x19, 0x20, 0x68, 0xDA, 0x22, 0x92, 0x00, 0x80, 0x18, 0x00, 0x68, 0x09, 0x88
	.byte 0x80, 0x88, 0x08, 0x40, 0x00, 0x28, 0x01, 0xD0, 0x00, 0xF0, 0x61, 0xFC, 0x05, 0x4B, 0xF8, 0x18
	.byte 0x00, 0x25, 0x40, 0x5F, 0x3B, 0x28, 0x09, 0xDC, 0x03, 0x48, 0xE2, 0xF7, 0x81, 0xF8, 0x00, 0xF0
	.byte 0x41, 0xFC, 0x00, 0x00, 0x6E, 0x02, 0x00, 0x00, 0x57, 0x01, 0x00, 0x00, 0xAC, 0x20, 0x40, 0x00
	.byte 0xE2, 0xF7, 0x76, 0xF8, 0x22, 0x68, 0x80, 0x21, 0x89, 0x00, 0x78, 0x18, 0x01, 0x68, 0x6D, 0x20
	.byte 0x88, 0x80, 0x90, 0x80, 0x20, 0x68, 0xCE, 0x22, 0x92, 0x00, 0x81, 0x18, 0x0A, 0x68, 0x38, 0x23
	.byte 0xD1, 0x5E, 0x40, 0x18, 0xD2, 0x6B, 0x01, 0x21, 0xA3, 0xF1, 0xC6, 0xFA, 0x20, 0x68, 0xA5, 0x24
	.byte 0xA4, 0x00, 0x00, 0x19, 0x02, 0x68, 0x91, 0x7C, 0x07, 0x20, 0x40, 0x42, 0x08, 0x40, 0x02, 0x21
	.byte 0x08, 0x43, 0x90, 0x74, 0x01, 0x21, 0x49, 0x42, 0x9C, 0x20, 0xE2, 0xF7, 0x57, 0xF8, 0x00, 0xF0
	.byte 0x26, 0xFC, 0x81, 0x26, 0xB6, 0x00, 0xBD, 0x19, 0x2A, 0x68, 0xA5, 0x21, 0x89, 0x00, 0x50, 0x18
	.byte 0x00, 0x68, 0x81, 0x7C, 0x08, 0x20, 0x08, 0x40, 0x00, 0x28, 0x01, 0xD1, 0x00, 0xF0, 0x17, 0xFC
	.byte 0x85, 0x23, 0x9B, 0x00, 0xD2, 0x18, 0x11, 0x78, 0x08, 0x20, 0x40, 0x42, 0x08, 0x40, 0x10, 0x70
	.byte 0x2A, 0x68, 0x80, 0x24, 0xA4, 0x00, 0x38, 0x19, 0x01, 0x68, 0x00, 0x23, 0x6E, 0x20, 0x88, 0x80
	.byte 0x90, 0x80, 0x28, 0x68, 0xDB, 0x24, 0xA4, 0x00, 0x00, 0x19, 0x00, 0x68, 0x00, 0x93, 0x05, 0x21
	.byte 0x00, 0x22, 0xE6, 0xF7, 0xF9, 0xFD, 0x28, 0x68, 0x00, 0x19, 0x02, 0x68, 0x91, 0x7C, 0x07, 0x20
	.byte 0x40, 0x42, 0x08, 0x40, 0x02, 0x21, 0x08, 0x43, 0x90, 0x74, 0x00, 0xF0, 0xF0, 0xFB, 0x81, 0x25
	.byte 0xAD, 0x00, 0xED, 0x19, 0xA9, 0x46, 0x2C, 0x68, 0xDB, 0x26, 0xB6, 0x00, 0xA0, 0x19, 0x01, 0x68
	.byte 0x08, 0x1C, 0x21, 0x30, 0x00, 0x78, 0x05, 0x28, 0x00, 0xD0, 0xE0, 0xE3, 0x89, 0x7C, 0x08, 0x20
	.byte 0x08, 0x40, 0x00, 0x28, 0x00, 0xD1, 0xDA, 0xE3, 0x80, 0x20, 0x80, 0x00, 0x3E, 0x18, 0x32, 0x68
	.byte 0x3E, 0x30, 0x13, 0x18, 0x00, 0x21, 0x88, 0x46, 0x80, 0x21, 0x49, 0x00, 0x19, 0x80, 0x20, 0x18
	.byte 0x01, 0x80, 0x98, 0x20, 0x80, 0x00, 0x12, 0x18, 0x11, 0x80, 0x20, 0x18, 0x01, 0x80, 0x2B, 0x68
	.byte 0x32, 0x68, 0x2A, 0x4D, 0x52, 0x19, 0x14, 0x78, 0x41, 0x21, 0x49, 0x42, 0x08, 0x1C, 0x20, 0x40
	.byte 0x10, 0x70, 0x5B, 0x19, 0x18, 0x78, 0x01, 0x40, 0x19, 0x70, 0x25, 0x4A, 0xB9, 0x18, 0x04, 0x20
	.byte 0x08, 0x80, 0x32, 0x68, 0x4B, 0x46, 0x19, 0x68, 0x6F, 0x20, 0x88, 0x80, 0x90, 0x80, 0x38, 0x1C
	.byte 0x00, 0x21, 0xF6, 0xF7, 0xC1, 0xFC, 0x4C, 0x46, 0x22, 0x68, 0x85, 0x25, 0xAD, 0x00, 0x52, 0x19
	.byte 0x11, 0x78, 0x08, 0x20, 0x40, 0x42, 0x08, 0x40, 0x04, 0x21, 0x08, 0x43, 0x10, 0x70, 0x20, 0x68
	.byte 0xDB, 0x21, 0x89, 0x00, 0x40, 0x18, 0x00, 0x68, 0x42, 0x46, 0x00, 0x92, 0x07, 0x21, 0x00, 0x22
	.byte 0x00, 0x23, 0xE6, 0xF7, 0x91, 0xFD, 0x30, 0x68, 0x12, 0x49, 0x11, 0xF0, 0xE5, 0xFC, 0x20, 0x68
	.byte 0x11, 0x49, 0x11, 0xF0, 0xE1, 0xFC, 0x11, 0x4B, 0xFA, 0x18, 0x11, 0x78, 0x09, 0x20, 0x40, 0x42
	.byte 0x08, 0x40, 0x10, 0x70, 0x32, 0x68, 0xA5, 0x24, 0xA4, 0x00, 0x10, 0x19, 0x01, 0x68, 0x38, 0x1C
	.byte 0xFB, 0x30, 0x00, 0x78, 0xC0, 0x08, 0x20, 0x31, 0x08, 0x70, 0x25, 0x35, 0x52, 0x19, 0x10, 0x70
	.byte 0x01, 0x21, 0x49, 0x42, 0xDB, 0x20, 0xE1, 0xF7, 0xA1, 0xFF, 0x70, 0xE3, 0x51, 0x03, 0x00, 0x00
	.byte 0x6E, 0x02, 0x00, 0x00, 0x4E, 0x10, 0x00, 0x00, 0x33, 0x10, 0x00, 0x00, 0x0A, 0x02, 0x00, 0x00
	.byte 0x80, 0x26, 0xB6, 0x00, 0xBA, 0x19, 0x14, 0x68, 0x04, 0x21, 0x60, 0x5E, 0x73, 0x28, 0x00, 0xDD
	.byte 0x89, 0xE0, 0x0C, 0x4B, 0xF8, 0x18, 0x01, 0x78, 0x02, 0x20, 0x08, 0x40, 0x00, 0x28, 0x15, 0xD0
	.byte 0x81, 0x25, 0xAD, 0x00, 0x78, 0x19, 0x03, 0x68, 0x07, 0x48, 0x22, 0x18, 0x00, 0x21, 0x11, 0x80
	.byte 0x18, 0x18, 0x01, 0x80, 0x98, 0x22, 0x92, 0x00, 0xA0, 0x18, 0x01, 0x80, 0x9B, 0x18, 0x19, 0x80
	.byte 0x54, 0xE0, 0x00, 0x00, 0x0A, 0x02, 0x00, 0x00, 0x3E, 0x02, 0x00, 0x00, 0x0E, 0x48, 0x39, 0x18
	.byte 0x08, 0x88, 0x01, 0x38, 0x08, 0x80, 0x00, 0x04, 0x00, 0x28, 0x64, 0xD1, 0x14, 0x68, 0x39, 0x1C
	.byte 0xFB, 0x31, 0x08, 0x78, 0x40, 0x07, 0xC3, 0x0F, 0x08, 0x4A, 0xA0, 0x18, 0x00, 0x25, 0x42, 0x5F
	.byte 0x81, 0x26, 0xB6, 0x00, 0xB8, 0x19, 0x00, 0x68, 0x04, 0x25, 0x40, 0x5F, 0x8C, 0x46, 0x6F, 0x28
	.byte 0x06, 0xD1, 0x80, 0x20, 0x40, 0x00, 0x04, 0xE0, 0x6E, 0x02, 0x00, 0x00, 0x3E, 0x02, 0x00, 0x00
	.byte 0x18, 0x48, 0x18, 0x41, 0x11, 0x18, 0x18, 0x4D, 0x60, 0x19, 0x00, 0x26, 0xB1, 0x46, 0x01, 0x80
	.byte 0x81, 0x20, 0x80, 0x00, 0xC0, 0x19, 0x80, 0x46, 0x04, 0x68, 0x80, 0x21, 0x89, 0x00, 0x7E, 0x18
	.byte 0x31, 0x68, 0x4A, 0x19, 0x13, 0x88, 0x60, 0x19, 0x03, 0x80, 0x10, 0x88, 0x98, 0x23, 0x9B, 0x00
	.byte 0xC9, 0x18, 0x08, 0x80, 0x10, 0x88, 0xE4, 0x18, 0x20, 0x80, 0x36, 0x68, 0x71, 0x19, 0x00, 0x22
	.byte 0x88, 0x5E, 0x00, 0x28, 0x12, 0xDC, 0x43, 0x46, 0x18, 0x68, 0x4C, 0x46, 0x0C, 0x80, 0x41, 0x19
	.byte 0x0C, 0x80, 0x22, 0x35, 0x71, 0x19, 0x0C, 0x80, 0x40, 0x19, 0x04, 0x80, 0x03, 0x26, 0xB2, 0x46
	.byte 0x19, 0xE0, 0x00, 0x00, 0x00, 0xFF, 0xFF, 0xFF, 0x3E, 0x02, 0x00, 0x00, 0x00, 0x20, 0x0A, 0x5E
	.byte 0x63, 0x46, 0x19, 0x78, 0x49, 0x07, 0xC9, 0x0F, 0x80, 0x20, 0xC0, 0x00, 0x08, 0x41, 0x82, 0x42
	.byte 0x05, 0xD1, 0x44, 0x46, 0x21, 0x68, 0x70, 0x20, 0x88, 0x80, 0xB0, 0x80, 0x03, 0xE0, 0x10, 0x4D
	.byte 0x79, 0x19, 0x04, 0x20, 0x08, 0x80, 0x81, 0x26, 0xB6, 0x00, 0xBB, 0x19, 0x19, 0x68, 0x97, 0x22
	.byte 0x92, 0x00, 0x88, 0x18, 0x00, 0x68, 0x00, 0x28, 0x16, 0xDB, 0x85, 0x24, 0xA4, 0x00, 0x0A, 0x19
	.byte 0x11, 0x78, 0x08, 0x20, 0x40, 0x42, 0x08, 0x40, 0x03, 0x21, 0x08, 0x43, 0x10, 0x70, 0x19, 0x68
	.byte 0x74, 0x20, 0x88, 0x80, 0x18, 0x68, 0x03, 0x49, 0x11, 0xF0, 0x0E, 0xFC, 0xB7, 0xE2, 0x00, 0x00
	.byte 0x6E, 0x02, 0x00, 0x00, 0x01, 0x10, 0x00, 0x00, 0x47, 0x4D, 0x78, 0x19, 0x01, 0x78, 0x02, 0x20
	.byte 0x08, 0x40, 0x00, 0x28, 0x00, 0xD0, 0x95, 0xE2, 0x95, 0x21, 0x49, 0x00, 0x78, 0x18, 0x00, 0x78
	.byte 0x02, 0x28, 0x00, 0xD9, 0xA3, 0xE2, 0x38, 0x1C, 0x04, 0x21, 0xEE, 0xF7, 0x87, 0xFA, 0x00, 0x06
	.byte 0x00, 0x28, 0x14, 0xD1, 0x38, 0x1C, 0x01, 0x21, 0xEE, 0xF7, 0x80, 0xFA, 0x00, 0x06, 0x00, 0x28
	.byte 0x0D, 0xD1, 0x38, 0x1C, 0x02, 0x21, 0xEE, 0xF7, 0x79, 0xFA, 0x00, 0x06, 0x00, 0x28, 0x06, 0xD1
	.byte 0x38, 0x1C, 0x03, 0x21, 0xEE, 0xF7, 0x72, 0xFA, 0x00, 0x06, 0x00, 0x28, 0x02, 0xD0, 0x38, 0x1C
	.byte 0xF2, 0xF7, 0x16, 0xF8, 0x80, 0x22, 0x92, 0x00, 0xB8, 0x18, 0x03, 0x68, 0x5A, 0x69, 0x9C, 0x69
	.byte 0x12, 0x19, 0xD8, 0x6B, 0x19, 0x6C, 0x40, 0x18, 0x82, 0x42, 0x00, 0xD0, 0x43, 0xE1, 0x00, 0x2C
	.byte 0x06, 0xD0, 0x01, 0x21, 0x59, 0x56, 0x01, 0x20, 0x40, 0x42, 0x81, 0x42, 0x00, 0xD1, 0x3A, 0xE1
	.byte 0x81, 0x24, 0xA4, 0x00, 0x38, 0x19, 0x01, 0x68, 0x88, 0x69, 0x00, 0x28, 0x07, 0xD0, 0x49, 0x78
	.byte 0x09, 0x06, 0x09, 0x16, 0x01, 0x20, 0x40, 0x42, 0x81, 0x42, 0x00, 0xD1, 0x2B, 0xE1, 0x99, 0x8C
	.byte 0x1E, 0x48, 0x08, 0x40, 0x00, 0x28, 0x00, 0xD1, 0x25, 0xE1, 0x1D, 0x4D, 0x58, 0x19, 0x00, 0x26
	.byte 0x80, 0x5F, 0x00, 0x28, 0x06, 0xD0, 0x91, 0x21, 0x89, 0x00, 0x58, 0x18, 0x00, 0x22, 0x80, 0x5E
	.byte 0x00, 0x28, 0x09, 0xD1, 0xD9, 0x68, 0x58, 0x6B, 0x81, 0x42, 0x00, 0xD0, 0x13, 0xE1, 0x19, 0x69
	.byte 0x98, 0x6B, 0x81, 0x42, 0x00, 0xD0, 0x0E, 0xE1, 0xDB, 0x20, 0xE1, 0xF7, 0x69, 0xFE, 0x80, 0x23
	.byte 0x9B, 0x00, 0xF8, 0x18, 0x02, 0x68, 0x04, 0x24, 0x10, 0x5F, 0x70, 0x28, 0x00, 0xD0, 0xFD, 0xE0
	.byte 0x00, 0x25, 0x0B, 0x4E, 0x93, 0x19, 0x00, 0x20, 0x1C, 0x5E, 0x00, 0x2C, 0x17, 0xD1, 0x10, 0x69
	.byte 0x91, 0x6B, 0x43, 0x1A, 0x91, 0x24, 0xA4, 0x00, 0x11, 0x19, 0x00, 0x26, 0x88, 0x5F, 0x00, 0x28
	.byte 0x08, 0xDA, 0x83, 0x42, 0x21, 0xDD, 0x1F, 0xE0, 0x0A, 0x02, 0x00, 0x00, 0x78, 0x78, 0x00, 0x00
	.byte 0x42, 0x02, 0x00, 0x00, 0x00, 0x24, 0x08, 0x5F, 0x83, 0x42, 0x16, 0xDA, 0x14, 0xE0, 0x91, 0x26
	.byte 0xB6, 0x00, 0x90, 0x19, 0x00, 0x21, 0x40, 0x5E, 0x00, 0x28, 0x0E, 0xD1, 0xD1, 0x68, 0x50, 0x6B
	.byte 0x09, 0x1A, 0x00, 0x2C, 0x04, 0xDA, 0x00, 0x22, 0x98, 0x5E, 0x81, 0x42, 0x05, 0xDD, 0x03, 0xE0
	.byte 0x00, 0x24, 0x18, 0x5F, 0x81, 0x42, 0x00, 0xDA, 0x01, 0x25, 0x80, 0x26, 0xB6, 0x00, 0xB8, 0x19
	.byte 0x02, 0x68, 0x10, 0x1C, 0x24, 0x30, 0x01, 0x78, 0x78, 0x20, 0x08, 0x40, 0x00, 0x28, 0x3F, 0xD0
	.byte 0x00, 0x2D, 0x23, 0xD0, 0xD1, 0x68, 0x50, 0x6B, 0x81, 0x42, 0x60, 0xD1, 0x11, 0x69, 0x90, 0x6B
	.byte 0x81, 0x42, 0x5C, 0xD1, 0xCF, 0x21, 0x89, 0x00, 0x50, 0x18, 0x01, 0x78, 0x49, 0x06, 0xC9, 0x15
	.byte 0x38, 0x1C, 0x28, 0x30, 0x40, 0x18, 0x00, 0x68, 0x07, 0x4B, 0xC0, 0x18, 0x01, 0x78, 0x38, 0x20
	.byte 0x08, 0x40, 0x28, 0x28, 0x1F, 0xD1, 0x81, 0x24, 0xA4, 0x00, 0x38, 0x19, 0x01, 0x68, 0x72, 0x20
	.byte 0x90, 0x80, 0x88, 0x80, 0x43, 0xE0, 0x00, 0x00, 0x0E, 0x02, 0x00, 0x00, 0xD1, 0x68, 0x50, 0x6B
	.byte 0x81, 0x42, 0x05, 0xD1, 0x09, 0x4E, 0x90, 0x19, 0x00, 0x21, 0x40, 0x5E, 0x00, 0x28, 0x0A, 0xD1
	.byte 0x11, 0x69, 0x90, 0x6B, 0x81, 0x42, 0x32, 0xD1, 0x91, 0x23, 0x9B, 0x00, 0xD0, 0x18, 0x00, 0x24
	.byte 0x00, 0x5F, 0x00, 0x28, 0x2B, 0xD0, 0x03, 0x25, 0xAA, 0x46, 0x28, 0xE0, 0x42, 0x02, 0x00, 0x00
	.byte 0x89, 0x26, 0xB6, 0x00, 0x90, 0x19, 0x02, 0x68, 0x11, 0x78, 0x80, 0x20, 0x08, 0x40, 0x00, 0x28
	.byte 0x0D, 0xD0, 0x10, 0x68, 0x02, 0x05, 0x12, 0x0F, 0x01, 0x04, 0x09, 0x0F, 0x52, 0x18, 0x00, 0x02
	.byte 0x00, 0x0F, 0x12, 0x18, 0x01, 0x2A, 0x02, 0xD8, 0x03, 0x20, 0x82, 0x46, 0x0F, 0xE0, 0x00, 0x2D
	.byte 0x0B, 0xD0, 0x81, 0x21, 0x89, 0x00, 0x78, 0x18, 0x02, 0x68, 0x80, 0x23, 0x9B, 0x00, 0xF8, 0x18
	.byte 0x01, 0x68, 0x72, 0x20, 0x88, 0x80, 0x90, 0x80, 0x01, 0xE0, 0x03, 0x24, 0xA2, 0x46, 0x81, 0x25
	.byte 0xAD, 0x00, 0x7E, 0x19, 0x30, 0x68, 0x04, 0x21, 0x40, 0x5E, 0x72, 0x28, 0x00, 0xD0, 0x8F, 0xE0
	.byte 0x80, 0x22, 0x92, 0x00, 0xBC, 0x18, 0x20, 0x68, 0x20, 0x49, 0x11, 0xF0, 0xD5, 0xFA, 0x30, 0x68
	.byte 0xDB, 0x23, 0x9B, 0x00, 0xC0, 0x18, 0x00, 0x68, 0xE9, 0xF7, 0x6E, 0xF9, 0x33, 0x68, 0x20, 0x68
	.byte 0x24, 0x30, 0x01, 0x78, 0x49, 0x07, 0x24, 0x33, 0x49, 0x0F, 0x1A, 0x78, 0x08, 0x20, 0x40, 0x42
	.byte 0x10, 0x40, 0x08, 0x43, 0x18, 0x70, 0x35, 0x68, 0xA8, 0x46, 0x22, 0x68, 0x14, 0x4D, 0x10, 0x1C
	.byte 0x24, 0x30, 0x00, 0x78, 0x40, 0x07, 0xC0, 0x0E, 0x40, 0x19, 0x00, 0x23, 0xC1, 0x5E, 0x89, 0x00
	.byte 0xD0, 0x68, 0x40, 0x1A, 0x41, 0x46, 0xC8, 0x60, 0x33, 0x68, 0x22, 0x68, 0x10, 0x1C, 0x24, 0x30
	.byte 0x00, 0x78, 0x40, 0x07, 0x00, 0x0F, 0x01, 0x30, 0x40, 0x00, 0x40, 0x19, 0x00, 0x24, 0x01, 0x5F
	.byte 0x89, 0x00, 0x10, 0x69, 0x40, 0x1A, 0x18, 0x61, 0x06, 0x4D, 0x79, 0x19, 0x0F, 0x20, 0x08, 0x80
	.byte 0x05, 0x4E, 0xB9, 0x19, 0x08, 0x20, 0x08, 0x80, 0x4A, 0xE0, 0x00, 0x00, 0x49, 0x10, 0x00, 0x00
	.byte 0x84, 0xF5, 0x39, 0x08, 0x6E, 0x02, 0x00, 0x00, 0x72, 0x02, 0x00, 0x00, 0x6F, 0x28, 0x3F, 0xD1
	.byte 0x03, 0x20, 0x82, 0x46, 0x3C, 0xE0, 0x81, 0x21, 0x89, 0x00, 0x78, 0x18, 0x00, 0x68, 0x04, 0x22
	.byte 0x80, 0x5E, 0x70, 0x28, 0x34, 0xD1, 0x38, 0x1C, 0xD0, 0x30, 0x01, 0x68, 0x09, 0x88, 0xF0, 0x22
	.byte 0x0A, 0x40, 0x03, 0x1C, 0x00, 0x2A, 0x1B, 0xD0, 0x80, 0x24, 0xA4, 0x00, 0x38, 0x19, 0x00, 0x68
	.byte 0x24, 0x30, 0x00, 0x78, 0x40, 0x07, 0x40, 0x0F, 0x41, 0x00, 0x09, 0x18, 0x49, 0x00, 0x1C, 0x48
	.byte 0x09, 0x18, 0x03, 0x20, 0x0D, 0x88, 0xAA, 0x42, 0x06, 0xD0, 0x01, 0x38, 0x02, 0x31, 0x00, 0x28
	.byte 0x04, 0xD0, 0x0E, 0x88, 0xB2, 0x42, 0xF8, 0xD1, 0x00, 0x28, 0x01, 0xD1, 0x01, 0x20, 0x82, 0x46
	.byte 0x19, 0x68, 0x80, 0x22, 0x92, 0x00, 0xB8, 0x18, 0x00, 0x68, 0xDA, 0x23, 0x9B, 0x00, 0xC0, 0x18
	.byte 0x00, 0x68, 0x09, 0x88, 0x80, 0x88, 0x08, 0x40, 0x00, 0x28, 0x01, 0xD0, 0x01, 0x24, 0xA2, 0x46
	.byte 0x81, 0x25, 0xAD, 0x00, 0x78, 0x19, 0x00, 0x68, 0x04, 0x26, 0x80, 0x5F, 0x70, 0x28, 0x00, 0xDD
	.byte 0xED, 0xE0, 0x80, 0x21, 0x89, 0x00, 0x78, 0x18, 0x00, 0x68, 0x26, 0x30, 0x01, 0x78, 0x0C, 0x20
	.byte 0x08, 0x40, 0x00, 0x28, 0x00, 0xD1, 0xE2, 0xE0, 0x01, 0x22, 0x92, 0x46, 0xDF, 0xE0, 0x00, 0x00
	.byte 0x24, 0xFB, 0x39, 0x08, 0x2B, 0x4B, 0xF9, 0x18, 0x08, 0x88, 0x01, 0x38, 0x08, 0x80, 0x00, 0x04
	.byte 0x00, 0x28, 0x04, 0xD1, 0x01, 0x21, 0x49, 0x42, 0x43, 0x20, 0xE1, 0xF7, 0xFF, 0xFC, 0x26, 0x4C
	.byte 0xE4, 0x19, 0xA0, 0x46, 0x20, 0x88, 0x01, 0x38, 0x20, 0x80, 0x00, 0x04, 0x00, 0x28, 0x00, 0xD0
	.byte 0xC5, 0xE0, 0x81, 0x25, 0xAD, 0x00, 0x7C, 0x19, 0x26, 0x68, 0xB1, 0x46, 0x80, 0x20, 0x80, 0x00
	.byte 0x3B, 0x18, 0x1A, 0x68, 0x1D, 0x4D, 0x10, 0x1C, 0x24, 0x30, 0x00, 0x78, 0x40, 0x07, 0xC0, 0x0E
	.byte 0x40, 0x19, 0x00, 0x26, 0x81, 0x5F, 0x09, 0x01, 0xD0, 0x68, 0x40, 0x1A, 0x49, 0x46, 0xC8, 0x60
	.byte 0x26, 0x68, 0x1A, 0x68, 0x10, 0x1C, 0x24, 0x30, 0x00, 0x78, 0x40, 0x07, 0x00, 0x0F, 0x01, 0x30
	.byte 0x40, 0x00, 0x40, 0x19, 0x00, 0x25, 0x41, 0x5F, 0x09, 0x01, 0x10, 0x69, 0x40, 0x1A, 0x30, 0x61
	.byte 0x22, 0x68, 0x19, 0x68, 0x73, 0x20, 0x88, 0x80, 0x90, 0x80, 0x14, 0x20, 0x46, 0x46, 0x30, 0x80
	.byte 0x18, 0x68, 0xCE, 0x22, 0x92, 0x00, 0x81, 0x18, 0x0A, 0x68, 0x38, 0x23, 0xD1, 0x5E, 0x40, 0x18
	.byte 0xD2, 0x6B, 0x01, 0x21, 0xA2, 0xF1, 0x18, 0xFF, 0x00, 0x20, 0x14, 0x21, 0x00, 0x22, 0xE2, 0xF7
	.byte 0xCF, 0xFF, 0x84, 0xE0, 0x72, 0x02, 0x00, 0x00, 0x6E, 0x02, 0x00, 0x00, 0x84, 0xF5, 0x39, 0x08
	.byte 0x12, 0x4C, 0x39, 0x19, 0x08, 0x88, 0x01, 0x38, 0x08, 0x80, 0x00, 0x04, 0x00, 0x28, 0x76, 0xD1
	.byte 0x81, 0x25, 0xAD, 0x00, 0x78, 0x19, 0x05, 0x68, 0x80, 0x26, 0xB6, 0x00, 0xB8, 0x19, 0x02, 0x68
	.byte 0x80, 0x20, 0x40, 0x00, 0x3B, 0x18, 0x1C, 0x88, 0x09, 0x48, 0x11, 0x18, 0x0C, 0x80, 0x19, 0x88
	.byte 0x28, 0x18, 0x01, 0x80, 0x18, 0x88, 0x98, 0x21, 0x89, 0x00, 0x52, 0x18, 0x10, 0x80, 0x18, 0x88
	.byte 0x6D, 0x18, 0x28, 0x80, 0x03, 0x21, 0x8A, 0x46, 0x59, 0xE0, 0x00, 0x00, 0x6E, 0x02, 0x00, 0x00
	.byte 0x3E, 0x02, 0x00, 0x00, 0x81, 0x22, 0x92, 0x00, 0xB8, 0x18, 0x02, 0x68, 0x97, 0x23, 0x9B, 0x00
	.byte 0xD0, 0x18, 0x01, 0x68, 0x01, 0x20, 0x40, 0x42, 0x81, 0x42, 0x48, 0xD1, 0x75, 0x20, 0x90, 0x80
	.byte 0x45, 0xE0, 0x81, 0x24, 0xA4, 0x00, 0x3D, 0x19, 0x29, 0x68, 0x38, 0x1C, 0xF5, 0xF7, 0x9A, 0xFF
	.byte 0x00, 0x06, 0x00, 0x28, 0x0A, 0xD1, 0x29, 0x68, 0x88, 0x69, 0x00, 0x28, 0x0C, 0xD0, 0x49, 0x78
	.byte 0x09, 0x06, 0x09, 0x16, 0x01, 0x20, 0x40, 0x42, 0x81, 0x42, 0x05, 0xD1, 0x28, 0x68, 0x0F, 0xF0
	.byte 0x3F, 0xFF, 0x00, 0x06, 0x00, 0x28, 0x1B, 0xD1, 0x81, 0x25, 0xAD, 0x00, 0x7C, 0x19, 0x20, 0x68
	.byte 0x0F, 0xF0, 0x36, 0xFF, 0x00, 0x06, 0x00, 0x0E, 0x01, 0x28, 0x08, 0xD1, 0x21, 0x68, 0xC8, 0x68
	.byte 0x06, 0x4A, 0x10, 0x40, 0xC8, 0x60, 0x21, 0x68, 0x08, 0x69, 0x10, 0x40, 0x08, 0x61, 0x20, 0x68
	.byte 0x0E, 0xF0, 0x2A, 0xFE, 0x03, 0x26, 0xB2, 0x46, 0x11, 0xE0, 0x00, 0x00, 0x00, 0xFF, 0xFF, 0xFF
	.byte 0x28, 0x68, 0x3C, 0x1C, 0x28, 0x34, 0x21, 0x1C, 0x0E, 0xF0, 0x38, 0xFA, 0x28, 0x68, 0x0E, 0xF0
	.byte 0x47, 0xFC, 0x28, 0x68, 0x21, 0x1C, 0x00, 0x22, 0x00, 0x23, 0x17, 0xF0, 0x07, 0xFF
_08037D56:
	.byte 0x80, 0x21, 0x89, 0x00, 0x78, 0x18, 0x01, 0x68, 0x04, 0x22, 0x88, 0x5E, 0x73, 0x28, 0x36, 0xDC
	.byte 0x81, 0x23, 0x9B, 0x00, 0xFD, 0x18, 0x28, 0x68, 0x04, 0x24, 0x00, 0x5F, 0x73, 0x28, 0x2E, 0xDC
	.byte 0x6A, 0x46, 0x00, 0x20, 0x10, 0x70, 0x38, 0x1C, 0x01, 0x22, 0x01, 0x23, 0xF7, 0xF7, 0x1F, 0xF8
	.byte 0x2A, 0x68, 0x35, 0x4E, 0x90, 0x19, 0x01, 0x78, 0x02, 0x20, 0x08, 0x40, 0x00, 0x28, 0x1E, 0xD0
	.byte 0x10, 0x1C, 0x15, 0xF0, 0xF8, 0xF9, 0x2B, 0x68, 0x00, 0x06, 0x00, 0x0E, 0x9B, 0x19, 0x01, 0x24
	.byte 0x20, 0x40, 0x40, 0x00, 0x1A, 0x78, 0x03, 0x21, 0x49, 0x42, 0x11, 0x40, 0x01, 0x43, 0x19, 0x70
	.byte 0x2A, 0x68, 0x90, 0x19, 0x01, 0x78, 0x89, 0x07, 0xC9, 0x0F, 0x28, 0x48, 0x12, 0x18, 0x21, 0x40
	.byte 0x49, 0x01, 0x13, 0x78, 0x21, 0x20, 0x40, 0x42, 0x18, 0x40, 0x08, 0x43, 0x10, 0x70, 0x80, 0x21
	.byte 0x89, 0x00, 0x78, 0x18, 0x00, 0x68, 0x04, 0x22, 0x80, 0x5E, 0x75, 0x28, 0x09, 0xD1, 0x81, 0x23
	.byte 0x9B, 0x00, 0xF8, 0x18, 0x00, 0x68, 0x04, 0x24, 0x00, 0x5F, 0x75, 0x28, 0x01, 0xD1, 0x03, 0x25
	.byte 0xAA, 0x46, 0x95, 0x26, 0x76, 0x00, 0xB8, 0x19, 0x00, 0x78, 0x02, 0x28, 0x02, 0xD9, 0x0B, 0x28
	.byte 0x00, 0xD0, 0x62, 0xE1, 0x50, 0x46, 0x00, 0x28, 0x00, 0xD1, 0x5E, 0xE1, 0x01, 0x28, 0x2C, 0xD1
	.byte 0x80, 0x21, 0x89, 0x00, 0x7D, 0x18, 0x29, 0x68, 0x12, 0x4A, 0x89, 0x18, 0x12, 0x4B, 0x18, 0x1C
	.byte 0x0C, 0x88, 0x00, 0x19, 0x08, 0x80, 0x81, 0x20, 0x80, 0x00, 0x3E, 0x18, 0x34, 0x68, 0x28, 0x68
	.byte 0x81, 0x18, 0x0B, 0x88, 0xA2, 0x18, 0x13, 0x80, 0x0B, 0x88, 0x98, 0x22, 0x92, 0x00, 0x80, 0x18
	.byte 0x03, 0x80, 0x08, 0x88, 0xA4, 0x18, 0x20, 0x80, 0x0E, 0x32, 0xB9, 0x18, 0x04, 0x20, 0x08, 0x80
	.byte 0x2A, 0x68, 0x31, 0x68, 0x71, 0x20, 0x96, 0xE0, 0x00, 0x00, 0x5A, 0x03, 0x00, 0x00, 0x0D, 0x02
	.byte 0x00, 0x00, 0x3E, 0x02, 0x00, 0x00, 0x00, 0xFF, 0xFF, 0xFF, 0x81, 0x23, 0x9B, 0x00, 0xFD, 0x18
	.byte 0x2C, 0x68, 0x80, 0x20, 0x80, 0x00, 0x3E, 0x18, 0x32, 0x68, 0x80, 0x21, 0x49, 0x00, 0xC9, 0x19
	.byte 0x88, 0x46, 0x0B, 0x88, 0x3E, 0x30, 0x11, 0x18, 0x0B, 0x80, 0x43, 0x46, 0x19, 0x88, 0x20, 0x18
	.byte 0x01, 0x80, 0x18, 0x88, 0x98, 0x21, 0x89, 0x00, 0x52, 0x18, 0x10, 0x80, 0x18, 0x88, 0x64, 0x18
	.byte 0x20, 0x80, 0x29, 0x68, 0x08, 0x1C, 0x24, 0x30, 0x00, 0x78, 0x40, 0x01, 0x88, 0x70, 0x31, 0x68
	.byte 0x08, 0x1C, 0x24, 0x30, 0x00, 0x78, 0x40, 0x01, 0x88, 0x70, 0x2A, 0x68, 0x85, 0x24, 0xA4, 0x00
	.byte 0x12, 0x19, 0x13, 0x78, 0x08, 0x21, 0x49, 0x42, 0x08, 0x1C, 0x18, 0x40, 0x03, 0x23, 0x18, 0x43
	.byte 0x10, 0x70, 0x30, 0x68, 0x00, 0x19, 0x02, 0x78, 0x11, 0x40, 0x19, 0x43, 0x01, 0x70, 0x28, 0x68
	.byte 0x2B, 0x49, 0x11, 0xF0, 0x8A, 0xF8, 0x30, 0x68, 0x2A, 0x49, 0x11, 0xF0, 0x86, 0xF8, 0x28, 0x68
	.byte 0xDB, 0x24, 0xA4, 0x00, 0x00, 0x19, 0x00, 0x68, 0xE8, 0xF7, 0x1F, 0xFF, 0x32, 0x68, 0xA5, 0x21
	.byte 0x89, 0x00, 0x50, 0x18, 0x01, 0x68, 0x38, 0x1C, 0xFB, 0x30, 0x00, 0x78, 0xC0, 0x08, 0x20, 0x31
	.byte 0x08, 0x70, 0x20, 0x4B, 0xD2, 0x18, 0x10, 0x70, 0xAC, 0x20, 0x40, 0x00, 0xE1, 0xF7, 0x41, 0xFB
	.byte 0xDB, 0x20, 0xE1, 0xF7, 0x3E, 0xFB, 0xB4, 0x3C, 0x38, 0x19, 0x01, 0x78, 0x10, 0x20, 0x08, 0x40
	.byte 0x00, 0x28, 0x34, 0xD1, 0x50, 0x46, 0x02, 0x28, 0x31, 0xD1, 0x28, 0x68, 0x17, 0x49, 0x40, 0x18
	.byte 0x02, 0x78, 0x41, 0x21, 0x49, 0x42, 0x11, 0x40, 0x01, 0x70, 0x2A, 0x68, 0x31, 0x68, 0xCB, 0x68
	.byte 0x00, 0x2B, 0x00, 0xDA, 0xFF, 0x33, 0x1B, 0x12, 0x08, 0x69, 0x00, 0x28, 0x00, 0xDA, 0xFF, 0x30
	.byte 0x00, 0x12, 0x00, 0x90, 0x48, 0x69, 0x00, 0x28, 0x00, 0xDA, 0xFF, 0x30, 0x00, 0x12, 0x01, 0x90
	.byte 0x44, 0x46, 0x20, 0x88, 0x02, 0x90, 0x10, 0x1C, 0x01, 0x21, 0x00, 0x22, 0x0D, 0xF0, 0x87, 0xFD
	.byte 0x2A, 0x68, 0x31, 0x68, 0x76, 0x20, 0x88, 0x80, 0x90, 0x80, 0x9E, 0xE0, 0x00, 0x00, 0x01, 0x10
	.byte 0x00, 0x00, 0x02, 0x10, 0x00, 0x00, 0x39, 0x02, 0x00, 0x00, 0x0D, 0x02, 0x00, 0x00, 0x81, 0x25
	.byte 0xAD, 0x00, 0x7E, 0x19, 0x30, 0x68, 0xDA, 0x21, 0x89, 0x00, 0x40, 0x18, 0x02, 0x68, 0x80, 0x20
	.byte 0x80, 0x00, 0xC0, 0x19, 0x80, 0x46, 0x00, 0x68, 0x40, 0x18, 0x00, 0x68, 0x00, 0x21, 0x01, 0x70
	.byte 0x11, 0x70, 0x32, 0x68, 0x43, 0x46, 0x18, 0x68, 0x81, 0x80, 0x91, 0x80, 0x32, 0x68, 0x19, 0x68
	.byte 0x4B, 0x4C, 0x09, 0x19, 0x0B, 0x78, 0x41, 0x25, 0x6D, 0x42, 0xA9, 0x46, 0x48, 0x46, 0x18, 0x40
	.byte 0x08, 0x70, 0x12, 0x19, 0x11, 0x78, 0x48, 0x46, 0x08, 0x40, 0x10, 0x70, 0x32, 0x68, 0x40, 0x46
	.byte 0x01, 0x68, 0xD6, 0x25, 0xAD, 0x00, 0x49, 0x19, 0x0B, 0x78, 0x09, 0x24, 0x64, 0x42, 0x20, 0x1C
	.byte 0x18, 0x40, 0x08, 0x70, 0x52, 0x19, 0x11, 0x78, 0x20, 0x1C, 0x08, 0x40, 0x10, 0x70, 0x31, 0x68
	.byte 0x3C, 0x4B, 0xC9, 0x18, 0x0A, 0x78, 0x21, 0x20, 0x40, 0x42, 0x10, 0x40, 0x08, 0x70, 0x31, 0x68
	.byte 0xC9, 0x18, 0x08, 0x78, 0x40, 0x22, 0x10, 0x43, 0x08, 0x70, 0x31, 0x68, 0x36, 0x4A, 0x89, 0x18
	.byte 0x0A, 0x78, 0x03, 0x20, 0x40, 0x42, 0x10, 0x40, 0x08, 0x70, 0x39, 0x33, 0xFA, 0x18, 0x11, 0x78
	.byte 0x1D, 0x20, 0x40, 0x42, 0x08, 0x40, 0x10, 0x70, 0x82, 0x25, 0xAD, 0x00, 0x7A, 0x19, 0x10, 0x78
	.byte 0x01, 0x21, 0x08, 0x43, 0x10, 0x70, 0x2C, 0x48, 0x3A, 0x18, 0x11, 0x78, 0x7F, 0x20, 0x08, 0x40
	.byte 0x10, 0x70, 0x3C, 0x3B, 0xF9, 0x18, 0x08, 0x78, 0x04, 0x40, 0x0C, 0x70, 0x11, 0x78, 0x40, 0x20
	.byte 0x08, 0x40, 0x00, 0x28, 0x18, 0xD0, 0x48, 0x46, 0x08, 0x40, 0x10, 0x70, 0xAE, 0x24, 0xA4, 0x00
	.byte 0x3A, 0x19, 0x11, 0x78, 0x11, 0x20, 0x40, 0x42, 0x08, 0x40, 0x10, 0x70, 0x45, 0x46, 0x29, 0x68
	.byte 0x1C, 0x48, 0x09, 0x18, 0x08, 0x78, 0x08, 0x22, 0x10, 0x43, 0x08, 0x70, 0x31, 0x68, 0x03, 0x33
	.byte 0xC9, 0x18, 0x08, 0x78, 0x10, 0x43, 0x08, 0x70, 0x32, 0x68, 0x44, 0x46, 0x21, 0x68, 0x17, 0x4C
	.byte 0x09, 0x19, 0x08, 0x78, 0x04, 0x23, 0x18, 0x43, 0x08, 0x70, 0x12, 0x19, 0x10, 0x78, 0x18, 0x43
	.byte 0x10, 0x70, 0x38, 0x1C, 0x00, 0x21, 0xF5, 0xF7, 0x58, 0xFF, 0x81, 0x25, 0xAD, 0x00, 0x78, 0x19
	.byte 0x01, 0x68, 0x88, 0x88, 0x6F, 0x38, 0x00, 0x04, 0x00, 0x0C, 0x02, 0x28, 0x1B, 0xD8, 0xA5, 0x26
	.byte 0xB6, 0x00, 0x88, 0x19, 0x02, 0x68, 0x0A, 0x4B, 0xC8, 0x18, 0x00, 0x24, 0x00, 0x5F, 0x00, 0x28
	.byte 0x00, 0xDA, 0x0F, 0x30, 0x01, 0x11, 0x10, 0x1C, 0x20, 0x30, 0x01, 0x70, 0x15, 0xE0, 0x51, 0x03
	.byte 0x00, 0x00, 0x0D, 0x02, 0x00, 0x00, 0x5A, 0x03, 0x00, 0x00, 0x0B, 0x02, 0x00, 0x00, 0x0F, 0x02
	.byte 0x00, 0x00, 0x3E, 0x02, 0x00, 0x00, 0xA5, 0x25, 0xAD, 0x00, 0x48, 0x19, 0x01, 0x68, 0x38, 0x1C
	.byte 0xFB, 0x30, 0x00, 0x78, 0xC0, 0x08, 0x20, 0x31, 0x08, 0x70, 0x03, 0xB0, 0x38, 0xBC, 0x98, 0x46
	.byte 0xA1, 0x46, 0xAA, 0x46, 0xF0, 0xBC, 0x01, 0xBC, 0x00, 0x47
	thumb_func_start sub_8038140
sub_8038140:
	push {r4, r5, r6, lr}
	mov r6, r10
	mov r5, r9
	mov r4, r8
	push {r4, r5, r6}
	adds r6, r0, #0x0
	movs r1, #0x01
	movs r2, #0x01
	bl sub_802C4D4
	movs r0, #0x01
	mov r9, r0
	movs r1, #0x80
	lsls r1, r1, #0x02
	adds r4, r6, r1
	ldr r0, [r4, #0x00]
	bl sub_804FC90
	ldr r1, [r4, #0x00]
	adds r0, r6, #0x0
	movs r2, #0x00
	movs r3, #0x00
	bl sub_802DDB4
	movs r2, #0x81
	lsls r2, r2, #0x02
	adds r5, r6, r2
	ldr r0, [r5, #0x00]
	movs r1, #0xDA
	lsls r1, r1, #0x02
	adds r0, r0, r1
	ldr r2, [r0, #0x00]
	movs r3, #0x80
	lsls r3, r3, #0x02
	adds r3, r3, r6
	mov r10, r3
	ldr r0, [r3, #0x00]
	adds r0, r0, r1
	ldr r1, [r0, #0x00]
	movs r0, #0x00
	mov r8, r0
	movs r0, #0x0D
	strb r0, [r1, #0x00]
	strb r0, [r2, #0x00]
	ldr r2, [r5, #0x00]
	ldr r1, [r3, #0x00]
	movs r0, #0x77
	strh r0, [r1, #0x04]
	strh r0, [r2, #0x04]
	ldr r2, [r5, #0x00]
	ldr r1, [r3, #0x00]
	ldr r4, _080382AC @ =0x00000351
	adds r1, r1, r4
	ldrb r0, [r1, #0x00]
	movs r3, #0x40
	orrs r0, r3
	strb r0, [r1, #0x00]
	adds r2, r2, r4
	ldrb r0, [r2, #0x00]
	orrs r0, r3
	strb r0, [r2, #0x00]
	ldr r2, [r5, #0x00]
	mov r3, r10
	ldr r1, [r3, #0x00]
	adds r4, #0x07
	adds r1, r1, r4
	ldrb r0, [r1, #0x00]
	movs r3, #0x08
	orrs r0, r3
	strb r0, [r1, #0x00]
	adds r2, r2, r4
	ldrb r0, [r2, #0x00]
	orrs r0, r3
	strb r0, [r2, #0x00]
	ldr r2, [r5, #0x00]
	ldr r3, _080382B0 @ =0x0000020D
	adds r2, r2, r3
	ldrb r0, [r2, #0x00]
	movs r1, #0x20
	orrs r0, r1
	strb r0, [r2, #0x00]
	ldr r1, [r5, #0x00]
	adds r1, r1, r3
	ldrb r2, [r1, #0x00]
	movs r4, #0x41
	negs r4, r4
	adds r0, r4, #0x0
	ands r0, r2
	strb r0, [r1, #0x00]
	ldr r1, [r5, #0x00]
	ldr r2, _080382B4 @ =0x0000035A
	adds r1, r1, r2
	ldrb r0, [r1, #0x00]
	mov r3, r9
	orrs r0, r3
	strb r0, [r1, #0x00]
	ldr r1, [r5, #0x00]
	adds r1, r1, r2
	ldrb r0, [r1, #0x00]
	movs r2, #0x02
	orrs r0, r2
	strb r0, [r1, #0x00]
	ldr r0, [r5, #0x00]
	movs r1, #0x02
	bl sub_804955C
	ldr r0, _080382B8 @ =0x0000026A
	adds r1, r6, r0
	ldrb r0, [r1, #0x00]
	ands r4, r0
	strb r4, [r1, #0x00]
	ldr r1, _080382BC @ =0x0000026E
	adds r0, r6, r1
	mov r2, r8
	strh r2, [r0, #0x00]
	movs r3, #0x82
	lsls r3, r3, #0x02
	adds r2, r6, r3
	ldrb r1, [r2, #0x00]
	movs r0, #0x02
	negs r0, r0
	ands r0, r1
	strb r0, [r2, #0x00]
	ldr r0, _080382C0 @ =0x0000020B
	adds r2, r6, r0
	ldrb r0, [r2, #0x00]
	movs r1, #0x80
	orrs r0, r1
	strb r0, [r2, #0x00]
	mov r2, r10
	ldr r1, [r2, #0x00]
	adds r3, #0x0C
	mov r9, r3
	add r1, r9
	ldrb r2, [r1, #0x00]
	movs r4, #0x08
	negs r4, r4
	adds r0, r4, #0x0
	ands r0, r2
	movs r2, #0x04
	mov r8, r2
	mov r3, r8
	orrs r0, r3
	strb r0, [r1, #0x00]
	mov r1, r10
	ldr r0, [r1, #0x00]
	ldr r1, _080382C4 @ =0x00001034
	bl sub_8049000
	ldr r0, [r5, #0x00]
	add r0, r9
	ldrb r1, [r0, #0x00]
	ands r4, r1
	mov r2, r8
	orrs r4, r2
	strb r4, [r0, #0x00]
	ldr r0, [r5, #0x00]
	movs r1, #0x82
	lsls r1, r1, #0x05
	bl sub_8049000
	ldr r3, _080382C8 @ =0x00000246
	adds r6, r6, r3
	ldrb r1, [r6, #0x00]
	movs r0, #0x1D
	negs r0, r0
	ands r0, r1
	movs r1, #0x18
	orrs r0, r1
	strb r0, [r6, #0x00]
	movs r1, #0x01
	negs r1, r1
	movs r0, #0x87
	bl play_sfx_80195B4
	pop {r3, r4, r5}
	mov r8, r3
	mov r9, r4
	mov r10, r5
	pop {r4, r5, r6}
	pop {r0}
	bx r0
_080382AC: .4byte 0x00000351
_080382B0: .4byte 0x0000020D
_080382B4: .4byte 0x0000035A
_080382B8: .4byte 0x0000026A
_080382BC: .4byte 0x0000026E
_080382C0: .4byte 0x0000020B
_080382C4: .4byte 0x00001034
_080382C8: .4byte 0x00000246
	thumb_func_start sub_80382CC
sub_80382CC:
	push {r4, r5, r6, r7, lr}
	mov r7, r10
	mov r6, r9
	mov r5, r8
	push {r5, r6, r7}
	add sp, #-0x010
	adds r7, r0, #0x0
	movs r1, #0x95
	lsls r1, r1, #0x01
	adds r0, r7, r1
	ldrb r0, [r0, #0x00]
	cmp r0, #0x01
	bhi _080382E8
	b _08038618
_080382E8:
	movs r2, #0x80
	lsls r2, r2, #0x02
	adds r0, r7, r2
	ldr r1, [r0, #0x00]
	ldrh r0, [r1, #0x04]
	subs r0, #0x7A
	lsls r0, r0, #0x10
	lsrs r0, r0, #0x10
	cmp r0, #0x01
	bhi _080383B4
	movs r3, #0x81
	lsls r3, r3, #0x02
	adds r0, r7, r3
	ldr r0, [r0, #0x00]
	movs r4, #0x04
	ldsh r0, [r0, r4]
	cmp r0, #0x79
	ble _080383B4
	cmp r0, #0x7B
	bgt _080383B4
	movs r6, #0x00
	movs r5, #0x00
	ldr r2, _08038398 @ =0x00000351
	adds r0, r1, r2
	ldrb r1, [r0, #0x00]
	movs r0, #0x40
	ands r0, r1
	cmp r0, #0x00
	bne _08038352
	adds r0, r7, #0x0
	adds r0, #0xD0
	ldr r0, [r0, #0x00]
	cmp r0, #0x00
	beq _08038352
	ldrh r0, [r0, #0x00]
	movs r1, #0xF0
	ands r1, r0
	lsrs r2, r1, #0x04
	ldr r0, _0803839C @ =0x0839F910
	adds r0, r2, r0
	ldrb r0, [r0, #0x00]
	mov r8, r0
	cmp r0, #0xFF
	beq _08038352
	ldr r1, _080383A0 @ =0x0839F524
	lsls r0, r2, #0x02
	adds r0, r0, r1
	ldrh r6, [r0, #0x00]
	lsls r0, r2, #0x01
	adds r0, #0x01
	lsls r0, r0, #0x01
	adds r0, r0, r1
	ldrh r5, [r0, #0x00]
_08038352:
	movs r3, #0x80
	lsls r3, r3, #0x02
	adds r4, r7, r3
	ldr r1, [r4, #0x00]
	movs r0, #0x81
	lsls r0, r0, #0x02
	adds r3, r7, r0
	ldr r0, [r3, #0x00]
	ldr r2, _080383A4 @ =0x00000242
	adds r0, r0, r2
	strh r6, [r0, #0x00]
	adds r1, r1, r2
	strh r6, [r1, #0x00]
	ldr r1, [r4, #0x00]
	ldr r0, [r3, #0x00]
	adds r2, #0x02
	adds r0, r0, r2
	strh r5, [r0, #0x00]
	adds r1, r1, r2
	strh r5, [r1, #0x00]
	cmp r6, #0x00
	bne _08038382
	cmp r5, #0x00
	beq _080383A8
_08038382:
	ldr r2, [r4, #0x00]
	ldr r1, [r3, #0x00]
	movs r0, #0x7B
	strh r0, [r1, #0x04]
	strh r0, [r2, #0x04]
	ldr r1, [r4, #0x00]
	ldr r0, [r3, #0x00]
	mov r2, r8
	strb r2, [r0, #0x02]
	strb r2, [r1, #0x02]
	b _080383DA
_08038398: .4byte 0x00000351
_0803839C: .4byte 0x0839F910
_080383A0: .4byte 0x0839F524
_080383A4: .4byte 0x00000242
_080383A8:
	ldr r2, [r4, #0x00]
	ldr r1, [r3, #0x00]
	movs r0, #0x7A
	strh r0, [r1, #0x04]
	strh r0, [r2, #0x04]
	b _080383DA
_080383B4:
	movs r3, #0x80
	lsls r3, r3, #0x02
	adds r0, r7, r3
	ldr r0, [r0, #0x00]
	movs r4, #0x04
	ldsh r0, [r0, r4]
	cmp r0, #0x7D
	beq _080383D4
	movs r1, #0x81
	lsls r1, r1, #0x02
	adds r0, r7, r1
	ldr r0, [r0, #0x00]
	movs r2, #0x04
	ldsh r0, [r0, r2]
	cmp r0, #0x7D
	bne _080383DA
_080383D4:
	adds r0, r7, #0x0
	bl sub_802C208
_080383DA:
	movs r3, #0x80
	lsls r3, r3, #0x02
	adds r5, r7, r3
	ldr r0, [r5, #0x00]
	adds r4, r7, #0x0
	adds r4, #0x28
	adds r1, r4, #0x0
	bl sub_804FE68
	movs r0, #0x81
	lsls r0, r0, #0x02
	adds r6, r7, r0
	ldr r0, [r6, #0x00]
	adds r1, r4, #0x0
	bl sub_804FE68
	ldr r0, [r5, #0x00]
	ldr r5, _080384A0 @ =0x00000353
	adds r2, r0, r5
	ldrb r1, [r2, #0x00]
	movs r3, #0x80
	mov r8, r3
	movs r3, #0x80
	adds r0, r3, #0x0
	ands r0, r1
	mov r10, r4
	cmp r0, #0x00
	bne _08038420
	ldr r0, [r6, #0x00]
	adds r0, r0, r5
	ldrb r1, [r0, #0x00]
	adds r0, r3, #0x0
	ands r0, r1
	cmp r0, #0x00
	beq _08038432
_08038420:
	ldr r0, [r6, #0x00]
	adds r0, r0, r5
	ldrb r1, [r0, #0x00]
	mov r4, r8
	orrs r1, r4
	strb r1, [r0, #0x00]
	ldrb r0, [r2, #0x00]
	orrs r0, r4
	strb r0, [r2, #0x00]
_08038432:
	movs r0, #0x80
	lsls r0, r0, #0x02
	adds r4, r7, r0
	ldr r1, [r4, #0x00]
	movs r2, #0x00
	movs r3, #0x04
	ldsh r0, [r1, r3]
	cmp r0, #0x7B
	bne _08038446
	movs r2, #0x01
_08038446:
	mov r3, sp
	movs r0, #0x00
	strb r0, [r3, #0x00]
	adds r0, r7, #0x0
	movs r3, #0x01
	bl sub_802EDC4
	lsls r0, r0, #0x18
	lsrs r3, r0, #0x18
	cmp r3, #0x00
	bne _0803847E
	movs r1, #0x81
	lsls r1, r1, #0x02
	adds r0, r7, r1
	ldr r1, [r0, #0x00]
	movs r2, #0x00
	ldr r0, [r4, #0x00]
	movs r4, #0x04
	ldsh r0, [r0, r4]
	cmp r0, #0x7B
	bne _08038472
	movs r2, #0x01
_08038472:
	mov r0, sp
	strb r3, [r0, #0x00]
	adds r0, r7, #0x0
	movs r3, #0x01
	bl sub_802EDC4
_0803847E:
	movs r1, #0x81
	lsls r1, r1, #0x02
	adds r0, r7, r1
	ldr r1, [r0, #0x00]
	movs r2, #0x04
	ldsh r0, [r1, r2]
	cmp r0, #0x7C
	beq _08038492
	cmp r0, #0x7D
	ble _080384A4
_08038492:
	adds r6, r1, #0x0
	movs r3, #0x80
	lsls r3, r3, #0x02
	adds r0, r7, r3
	ldr r5, [r0, #0x00]
	b _080384AE
	.byte 0x00, 0x00
_080384A0: .4byte 0x00000353
_080384A4:
	movs r4, #0x80
	lsls r4, r4, #0x02
	adds r0, r7, r4
	ldr r6, [r0, #0x00]
	adds r5, r1, #0x0
_080384AE:
	ldr r0, [r6, #0x0C]
	mov r8, r0
	ldr r1, [r6, #0x10]
	mov r9, r1
	adds r0, r7, #0x0
	adds r1, r6, #0x0
	bl sub_80303C4
	adds r0, r6, #0x0
	bl sub_80465D8
	adds r0, r5, #0x0
	bl sub_80465D8
	movs r4, #0xCE
	lsls r4, r4, #0x02
	adds r0, r6, r4
	ldr r1, [r0, #0x00]
	adds r1, #0x68
	movs r2, #0x00
	ldsh r0, [r1, r2]
	adds r0, r6, r0
	ldr r1, [r1, #0x04]
	bl _call_via_r1
	ldr r0, [r6, #0x0C]
	mov r3, r8
	subs r0, r3, r0
	ldr r2, [r5, #0x0C]
	subs r2, r2, r0
	str r2, [r5, #0x0C]
	ldr r0, [r6, #0x10]
	mov r1, r9
	subs r0, r1, r0
	ldr r1, [r5, #0x10]
	subs r1, r1, r0
	str r1, [r5, #0x10]
	mov r8, r2
	mov r9, r1
	adds r0, r7, #0x0
	adds r1, r5, #0x0
	bl sub_80303C4
	adds r4, r5, r4
	ldr r1, [r4, #0x00]
	adds r1, #0x68
	movs r2, #0x00
	ldsh r0, [r1, r2]
	adds r0, r5, r0
	ldr r1, [r1, #0x04]
	bl _call_via_r1
	movs r3, #0x04
	ldsh r0, [r5, r3]
	cmp r0, #0x7D
	bne _08038536
	adds r0, r5, #0x0
	adds r0, #0x25
	ldrb r1, [r0, #0x00]
	movs r0, #0x78
	ands r0, r1
	cmp r0, #0x00
	beq _08038536
	ldr r0, [r6, #0x0C]
	str r0, [r5, #0x0C]
	ldr r0, [r6, #0x10]
	str r0, [r5, #0x10]
	b _0803854E
_08038536:
	ldr r1, [r5, #0x0C]
	mov r4, r8
	subs r1, r4, r1
	ldr r0, [r6, #0x0C]
	subs r0, r0, r1
	str r0, [r6, #0x0C]
	ldr r1, [r5, #0x10]
	mov r0, r9
	subs r1, r0, r1
	ldr r0, [r6, #0x10]
	subs r0, r0, r1
	str r0, [r6, #0x10]
_0803854E:
	movs r1, #0x80
	lsls r1, r1, #0x02
	adds r4, r7, r1
	ldr r0, [r4, #0x00]
	mov r1, r10
	movs r2, #0x00
	movs r3, #0x00
	bl sub_804FB64
	movs r2, #0x81
	lsls r2, r2, #0x02
	adds r0, r7, r2
	ldr r0, [r0, #0x00]
	mov r1, r10
	movs r2, #0x00
	movs r3, #0x00
	bl sub_804FB64
	ldr r0, [r4, #0x00]
	bl sub_804FB3C
	adds r1, r0, #0x0
	cmp r1, #0x00
	blt _080385C2
	adds r5, r7, #0x0
	adds r5, #0xFA
	ldrb r0, [r5, #0x00]
	lsls r0, r0, #0x1C
	lsrs r0, r0, #0x1C
	movs r4, #0x01
	lsls r4, r1
	ands r0, r4
	cmp r0, #0x00
	bne _080385C2
	movs r3, #0xC1
	lsls r3, r3, #0x02
	adds r0, r7, r3
	ldr r0, [r0, #0x00]
	lsls r1, r1, #0x10
	lsrs r1, r1, #0x10
	bl sub_805C908
	ldrb r2, [r5, #0x00]
	lsls r1, r2, #0x1C
	lsrs r1, r1, #0x1C
	orrs r1, r4
	movs r0, #0x0F
	ands r1, r0
	movs r0, #0x10
	negs r0, r0
	ands r0, r2
	orrs r0, r1
	strb r0, [r5, #0x00]
	movs r0, #0x53
	movs r1, #0x01
	negs r1, r1
	bl play_sfx_80195B4
_080385C2:
	movs r4, #0x81
	lsls r4, r4, #0x02
	adds r0, r7, r4
	ldr r0, [r0, #0x00]
	bl sub_804FB3C
	adds r1, r0, #0x0
	cmp r1, #0x00
	blt _08038618
	adds r5, r7, #0x0
	adds r5, #0xFA
	ldrb r0, [r5, #0x00]
	lsls r0, r0, #0x1C
	lsrs r0, r0, #0x1C
	movs r4, #0x01
	lsls r4, r1
	ands r0, r4
	cmp r0, #0x00
	bne _08038618
	movs r2, #0xC1
	lsls r2, r2, #0x02
	adds r0, r7, r2
	ldr r0, [r0, #0x00]
	lsls r1, r1, #0x10
	lsrs r1, r1, #0x10
	bl sub_805C908
	ldrb r2, [r5, #0x00]
	lsls r1, r2, #0x1C
	lsrs r1, r1, #0x1C
	orrs r1, r4
	movs r0, #0x0F
	ands r1, r0
	movs r0, #0x10
	negs r0, r0
	ands r0, r2
	orrs r0, r1
	strb r0, [r5, #0x00]
	movs r0, #0x53
	movs r1, #0x01
	negs r1, r1
	bl play_sfx_80195B4
_08038618:
	movs r3, #0x00
	str r3, [sp, #0x00C]
	movs r4, #0x80
	lsls r4, r4, #0x02
	adds r1, r7, r4
	ldr r2, [r1, #0x00]
	movs r3, #0x04
	ldsh r0, [r2, r3]
	cmp r0, #0x7C
	beq _08038632
	cmp r0, #0x7D
	beq _08038660
	b _08038688
_08038632:
	movs r4, #0x97
	lsls r4, r4, #0x02
	adds r0, r2, r4
	ldr r1, [r0, #0x00]
	movs r0, #0x01
	negs r0, r0
	cmp r1, r0
	bne _08038648
	movs r0, #0x7E
	strh r0, [r2, #0x04]
	b _08038688
_08038648:
	movs r1, #0x81
	lsls r1, r1, #0x02
	adds r0, r7, r1
	ldr r0, [r0, #0x00]
	movs r2, #0x04
	ldsh r0, [r0, r2]
	cmp r0, #0x7D
	bne _08038688
	adds r0, r7, #0x0
	bl sub_802E2F4
	b _08038688
_08038660:
	movs r3, #0x97
	lsls r3, r3, #0x02
	adds r0, r2, r3
	ldr r0, [r0, #0x00]
	cmp r0, #0x00
	blt _08038688
	movs r0, #0x7C
	strh r0, [r2, #0x04]
	ldr r0, [r1, #0x00]
	movs r4, #0x91
	lsls r4, r4, #0x02
	adds r1, r0, r4
	mov r2, sp
	ldrh r2, [r2, #0x0C]
	strh r2, [r1, #0x00]
	subs r3, #0x1A
	adds r0, r0, r3
	mov r4, sp
	ldrh r4, [r4, #0x0C]
	strh r4, [r0, #0x00]
_08038688:
	movs r0, #0x81
	lsls r0, r0, #0x02
	adds r1, r7, r0
	ldr r3, [r1, #0x00]
	movs r2, #0x04
	ldsh r0, [r3, r2]
	cmp r0, #0x7C
	beq _0803869E
	cmp r0, #0x7D
	beq _080386CC
	b _080386EE
_0803869E:
	movs r4, #0x97
	lsls r4, r4, #0x02
	adds r0, r3, r4
	ldr r1, [r0, #0x00]
	movs r0, #0x01
	negs r0, r0
	cmp r1, r0
	bne _080386B4
	movs r0, #0x7E
	strh r0, [r3, #0x04]
	b _080386EE
_080386B4:
	movs r1, #0x80
	lsls r1, r1, #0x02
	adds r0, r7, r1
	ldr r0, [r0, #0x00]
	movs r2, #0x04
	ldsh r0, [r0, r2]
	cmp r0, #0x7D
	bne _080386EE
	adds r0, r7, #0x0
	bl sub_802E2F4
	b _080386EE
_080386CC:
	movs r4, #0x97
	lsls r4, r4, #0x02
	adds r0, r3, r4
	ldr r0, [r0, #0x00]
	cmp r0, #0x00
	blt _080386EE
	movs r2, #0x00
	movs r0, #0x7C
	strh r0, [r3, #0x04]
	ldr r0, [r1, #0x00]
	movs r3, #0x91
	lsls r3, r3, #0x02
	adds r1, r0, r3
	strh r2, [r1, #0x00]
	subs r4, #0x1A
	adds r0, r0, r4
	strh r2, [r0, #0x00]
_080386EE:
	movs r1, #0x80
	lsls r1, r1, #0x02
	adds r0, r7, r1
	ldr r0, [r0, #0x00]
	movs r2, #0x04
	ldsh r0, [r0, r2]
	cmp r0, #0x7E
	bne _08038714
	movs r3, #0x81
	lsls r3, r3, #0x02
	adds r0, r7, r3
	ldr r0, [r0, #0x00]
	movs r4, #0x04
	ldsh r0, [r0, r4]
	cmp r0, #0x7E
	bne _08038714
	movs r0, #0x02
	str r0, [sp, #0x00C]
	b _08038E3A
_08038714:
	movs r1, #0x80
	lsls r1, r1, #0x02
	adds r0, r7, r1
	ldr r0, [r0, #0x00]
	adds r0, #0x26
	ldrb r1, [r0, #0x00]
	movs r3, #0x0C
	adds r0, r3, #0x0
	ands r0, r1
	cmp r0, #0x00
	beq _0803872C
	b _08038846
_0803872C:
	movs r2, #0x81
	lsls r2, r2, #0x02
	adds r0, r7, r2
	ldr r2, [r0, #0x00]
	adds r0, r2, #0x0
	adds r0, #0x26
	ldrb r1, [r0, #0x00]
	adds r0, r3, #0x0
	ands r0, r1
	cmp r0, #0x00
	beq _08038744
	b _08038846
_08038744:
	movs r4, #0x95
	lsls r4, r4, #0x01
	adds r0, r7, r4
	ldrb r0, [r0, #0x00]
	cmp r0, #0x02
	bls _08038752
	b _08038E32
_08038752:
	ldrh r0, [r2, #0x04]
	subs r0, #0x77
	lsls r0, r0, #0x10
	asrs r0, r0, #0x10
	cmp r0, #0x08
	bls _08038760
	b _08038E32
_08038760:
	lsls r0, r0, #0x02
	ldr r1, _0803876C @ =0x08038770
	adds r0, r0, r1
	ldr r0, [r0, #0x00]
	mov pc, r0
	.byte 0x00, 0x00
_0803876C: .4byte 0x08038770
	.byte 0x94, 0x87, 0x03, 0x08, 0xE8, 0x88, 0x03, 0x08, 0x50, 0x89, 0x03, 0x08, 0xC8, 0x8A, 0x03, 0x08
	.byte 0xC8, 0x8A, 0x03, 0x08, 0x32, 0x8E, 0x03, 0x08, 0x32, 0x8E, 0x03, 0x08, 0x32, 0x8E, 0x03, 0x08
	.byte 0xA8, 0x8D, 0x03, 0x08, 0x2D, 0x48, 0x39, 0x18, 0x0A, 0x88, 0x00, 0x23, 0xC8, 0x5E, 0x3B, 0x28
	.byte 0x4A, 0xDC, 0x50, 0x1C, 0x08, 0x80, 0x2A, 0x4D, 0x00, 0x26, 0x28, 0x48, 0x3C, 0x18, 0x29, 0x88
	.byte 0x00, 0x22, 0xA0, 0x5E, 0x81, 0x42, 0x1A, 0xD1, 0x81, 0x23, 0x9B, 0x00, 0xF8, 0x18, 0x00, 0x68
	.byte 0xDB, 0x21, 0x89, 0x00, 0x40, 0x18, 0x00, 0x68, 0x69, 0x88, 0x00, 0x22, 0x00, 0x92, 0x00, 0x23
	.byte 0xE5, 0xF7, 0xBE, 0xFC, 0x00, 0x22, 0xA0, 0x5E, 0x3B, 0x28, 0x08, 0xD1, 0x87, 0x20, 0xE0, 0xF7
	.byte 0xE3, 0xFE, 0xAB, 0x20, 0x40, 0x00, 0x01, 0x21, 0x49, 0x42, 0xE0, 0xF7, 0xE3, 0xFE, 0x2A, 0x1D
	.byte 0xA9, 0x88, 0x00, 0x23, 0xE0, 0x5E, 0x81, 0x42, 0x1A, 0xD1, 0x81, 0x21, 0x89, 0x00, 0x78, 0x18
	.byte 0x00, 0x68, 0xDB, 0x23, 0x9B, 0x00, 0xC0, 0x18, 0x00, 0x68, 0x51, 0x88, 0x00, 0x22, 0x00, 0x92
	.byte 0x00, 0x23, 0xE5, 0xF7, 0x9D, 0xFC, 0x00, 0x21, 0x60, 0x5E, 0x3B, 0x28, 0x08, 0xD1, 0x87, 0x20
	.byte 0xE0, 0xF7, 0xC2, 0xFE, 0xAB, 0x20, 0x40, 0x00, 0x01, 0x21, 0x49, 0x42, 0xE0, 0xF7, 0xC2, 0xFE
	.byte 0x02, 0x36, 0x08, 0x35, 0x03, 0x2E, 0xBA, 0xD9, 0x06, 0x4A, 0xB8, 0x18, 0x01, 0x78, 0x02, 0x20
	.byte 0x08, 0x40, 0x00, 0x28, 0x08, 0xD0
_08038846:
	movs r3, #0x02
	str r3, [sp, #0x00C]
	b _08038E3A
	.byte 0x6E, 0x02, 0x00, 0x00, 0x54, 0xFB, 0x39, 0x08, 0x0A, 0x02, 0x00, 0x00, 0x38, 0x1C, 0xD0, 0x30
	.byte 0x01, 0x68, 0x81, 0x20, 0x80, 0x00, 0x3C, 0x18, 0x20, 0x68, 0xDA, 0x22, 0x92, 0x00, 0x80, 0x18
	.byte 0x00, 0x68, 0x09, 0x88, 0x80, 0x88, 0x08, 0x40, 0x00, 0x28, 0x00, 0xD0, 0xDB, 0xE2, 0x05, 0x4B
	.byte 0xF8, 0x18, 0x00, 0x21, 0x40, 0x5E, 0x3B, 0x28, 0x06, 0xDC, 0x87, 0x20, 0xE0, 0xF7, 0x8E, 0xFE
	.byte 0xBD, 0xE2, 0x00, 0x00, 0x6E, 0x02, 0x00, 0x00, 0xAB, 0x20, 0x40, 0x00, 0xE0, 0xF7, 0x86, 0xFE
	.byte 0x22, 0x68, 0x80, 0x23, 0x9B, 0x00, 0xF8, 0x18, 0x01, 0x68, 0x78, 0x20, 0x88, 0x80, 0x90, 0x80
	.byte 0x20, 0x68, 0xCE, 0x22, 0x92, 0x00, 0x81, 0x18, 0x0A, 0x68, 0x38, 0x23, 0xD1, 0x5E, 0x40, 0x18
	.byte 0xD2, 0x6B, 0x01, 0x21, 0xA2, 0xF1, 0xD6, 0xF8, 0x20, 0x68, 0xA5, 0x24, 0xA4, 0x00, 0x00, 0x19
	.byte 0x02, 0x68, 0x91, 0x7C, 0x07, 0x20, 0x40, 0x42, 0x08, 0x40, 0x02, 0x21, 0x08, 0x43, 0x90, 0x74
	.byte 0x01, 0x21, 0x49, 0x42, 0xDA, 0x20, 0xE0, 0xF7, 0x67, 0xFE, 0xA4, 0xE2, 0x81, 0x20, 0x80, 0x00
	.byte 0x3D, 0x18, 0x2A, 0x68, 0xA5, 0x21, 0x89, 0x00, 0x50, 0x18, 0x00, 0x68, 0x81, 0x7C, 0x08, 0x20
	.byte 0x08, 0x40, 0x00, 0x28, 0x00, 0xD1, 0x96, 0xE2, 0x85, 0x23, 0x9B, 0x00, 0xD2, 0x18, 0x11, 0x78
	.byte 0x08, 0x20, 0x40, 0x42, 0x08, 0x40, 0x10, 0x70, 0x2A, 0x68, 0x80, 0x24, 0xA4, 0x00, 0x38, 0x19
	.byte 0x01, 0x68, 0x00, 0x23, 0x79, 0x20, 0x88, 0x80, 0x90, 0x80, 0x28, 0x68, 0xDB, 0x24, 0xA4, 0x00
	.byte 0x00, 0x19, 0x00, 0x68, 0x00, 0x93, 0x05, 0x21, 0x00, 0x22, 0xE5, 0xF7, 0x0B, 0xFC, 0x28, 0x68
	.byte 0x00, 0x19, 0x02, 0x68, 0x91, 0x7C, 0x07, 0x20, 0x40, 0x42, 0x08, 0x40, 0x02, 0x21, 0x08, 0x43
	.byte 0x90, 0x74, 0x70, 0xE2, 0x81, 0x20, 0x80, 0x00, 0xC0, 0x19, 0x81, 0x46, 0x06, 0x68, 0xDB, 0x21
	.byte 0x89, 0x00, 0x8A, 0x46, 0x70, 0x18, 0x01, 0x68, 0x08, 0x1C, 0x21, 0x30, 0x00, 0x78, 0x05, 0x28
	.byte 0x00, 0xD0, 0x60, 0xE2, 0x89, 0x7C, 0x08, 0x20, 0x08, 0x40, 0x00, 0x28, 0x00, 0xD1, 0x5A, 0xE2
	.byte 0x80, 0x22, 0x92, 0x00, 0xBD, 0x18, 0x2A, 0x68, 0x35, 0x4B, 0xD2, 0x18, 0x14, 0x78, 0x41, 0x21
	.byte 0x49, 0x42, 0x08, 0x1C, 0x20, 0x40, 0x10, 0x70, 0xF3, 0x18, 0x18, 0x78, 0x01, 0x40, 0x19, 0x70
	.byte 0x2A, 0x68, 0x4B, 0x46, 0x19, 0x68, 0x00, 0x24, 0xA0, 0x46, 0x7A, 0x20, 0x88, 0x80, 0x90, 0x80
	.byte 0x38, 0x1C, 0x00, 0x21, 0xF5, 0xF7, 0xE6, 0xFA, 0x2A, 0x68, 0x85, 0x24, 0xA4, 0x00, 0x12, 0x19
	.byte 0x13, 0x78, 0x08, 0x21, 0x49, 0x42, 0x08, 0x1C, 0x18, 0x40, 0x01, 0x26, 0x30, 0x43, 0x10, 0x70
	.byte 0x48, 0x46, 0x02, 0x68, 0x12, 0x19, 0x10, 0x78, 0x01, 0x40, 0x02, 0x20, 0x01, 0x43, 0x11, 0x70
	.byte 0x49, 0x46, 0x08, 0x68, 0x50, 0x44, 0x00, 0x68, 0x42, 0x46, 0x00, 0x92, 0x06, 0x21, 0x00, 0x22
	.byte 0x00, 0x23, 0xE5, 0xF7, 0xAF, 0xFB, 0x28, 0x68, 0x1A, 0x49, 0x10, 0xF0, 0x03, 0xFB, 0x4B, 0x46
	.byte 0x18, 0x68, 0x19, 0x49, 0x10, 0xF0, 0xFE, 0xFA, 0x5A, 0x34, 0x39, 0x19, 0xF0, 0x20, 0x08, 0x80
	.byte 0x49, 0x46, 0x08, 0x68, 0x14, 0xF0, 0xBC, 0xFB, 0x4A, 0x46, 0x13, 0x68, 0x00, 0x06, 0x00, 0x0E
	.byte 0xEC, 0x34, 0x1B, 0x19, 0x30, 0x40, 0x40, 0x00, 0x1A, 0x78, 0x03, 0x21, 0x49, 0x42, 0x11, 0x40
	.byte 0x01, 0x43, 0x19, 0x70, 0x4B, 0x46, 0x1A, 0x68, 0x14, 0x19, 0x21, 0x78, 0x89, 0x07, 0xC9, 0x0F
	.byte 0x0A, 0x4C, 0x12, 0x19, 0x31, 0x40, 0x49, 0x01, 0x13, 0x78, 0x21, 0x20, 0x40, 0x42, 0x18, 0x40
	.byte 0x08, 0x43, 0x10, 0x70, 0x3C, 0x1C, 0x30, 0x34, 0x00, 0x25, 0x05, 0x48, 0x3E, 0x18, 0x0B, 0xE0
	.byte 0x51, 0x03, 0x00, 0x00, 0x35, 0x10, 0x00, 0x00, 0x4C, 0x10, 0x00, 0x00, 0x0D, 0x02, 0x00, 0x00
	.byte 0x0B, 0x01, 0x00, 0x00, 0x01, 0x35, 0x04, 0x34, 0x30, 0x78, 0x02, 0x38, 0x85, 0x42, 0x09, 0xDA
	.byte 0x81, 0x21, 0x89, 0x00, 0x78, 0x18, 0x00, 0x68, 0x21, 0x68, 0x12, 0xF0, 0xE9, 0xFB, 0x00, 0x06
	.byte 0x00, 0x28, 0xEF, 0xD0, 0x30, 0x78, 0x02, 0x38, 0x85, 0x42, 0x0A, 0xD1, 0x81, 0x22, 0x92, 0x00
	.byte 0xB8, 0x18, 0x01, 0x68, 0x07, 0x4B, 0xC9, 0x18, 0x0A, 0x78, 0x02, 0x20, 0x40, 0x42, 0x10, 0x40
	.byte 0x08, 0x70, 0x05, 0x4C, 0x3A, 0x19, 0x11, 0x78, 0x09, 0x20, 0x40, 0x42, 0x08, 0x40, 0x10, 0x70
	.byte 0xB9, 0xE1, 0x00, 0x00, 0x5A, 0x03, 0x00, 0x00, 0x0A, 0x02, 0x00, 0x00, 0x95, 0x21, 0x49, 0x00
	.byte 0x78, 0x18, 0x00, 0x78, 0x01, 0x28, 0x00, 0xD8, 0xAD, 0xE1, 0x38, 0x1C, 0x04, 0x21, 0xED, 0xF7
	.byte 0x23, 0xF9, 0x00, 0x06, 0x00, 0x28, 0x1B, 0xD1, 0x38, 0x1C, 0x00, 0x21, 0xED, 0xF7, 0x1C, 0xF9
	.byte 0x00, 0x06, 0x00, 0x28, 0x14, 0xD1, 0x38, 0x1C, 0x01, 0x21, 0xED, 0xF7, 0x15, 0xF9, 0x00, 0x06
	.byte 0x00, 0x28, 0x0D, 0xD1, 0x38, 0x1C, 0x02, 0x21, 0xED, 0xF7, 0x0E, 0xF9, 0x00, 0x06, 0x00, 0x28
	.byte 0x06, 0xD1, 0x38, 0x1C, 0x03, 0x21, 0xED, 0xF7, 0x07, 0xF9, 0x00, 0x06, 0x00, 0x28, 0x02, 0xD0
	.byte 0x38, 0x1C, 0xF0, 0xF7, 0xAB, 0xFE, 0x80, 0x22, 0x92, 0x00, 0xBC, 0x18, 0x21, 0x68, 0x97, 0x23
	.byte 0x9B, 0x00, 0xC8, 0x18, 0x00, 0x68, 0x00, 0x28, 0x02, 0xDB, 0x7C, 0x20, 0x88, 0x80, 0x17, 0xE0
	.byte 0x81, 0x21, 0x89, 0x00, 0x78, 0x18, 0x00, 0x68, 0x97, 0x22, 0x92, 0x00, 0x80, 0x18, 0x00, 0x68
	.byte 0x00, 0x28, 0x1A, 0xDB, 0x38, 0x1C, 0x01, 0x21, 0xF5, 0xF7, 0x14, 0xFA, 0x21, 0x68, 0x7D, 0x20
	.byte 0x88, 0x80, 0x82, 0x23, 0x9B, 0x00, 0xFA, 0x18, 0x10, 0x78, 0x20, 0x21, 0x08, 0x43, 0x10, 0x70
	.byte 0x81, 0x24, 0xA4, 0x00, 0x38, 0x19, 0x01, 0x68, 0x97, 0x22, 0x92, 0x00, 0x88, 0x18, 0x00, 0x68
	.byte 0x00, 0x28, 0x02, 0xDB, 0x7C, 0x20, 0x88, 0x80, 0x30, 0xE0, 0x80, 0x23, 0x9B, 0x00, 0xFD, 0x18
	.byte 0x28, 0x68, 0x97, 0x24, 0xA4, 0x00, 0x00, 0x19, 0x00, 0x68, 0x00, 0x28, 0x26, 0xDB, 0x81, 0x20
	.byte 0x80, 0x00, 0x3C, 0x18, 0x20, 0x68, 0x14, 0xF0, 0xF3, 0xFA, 0x00, 0x06, 0x00, 0x28, 0x0F, 0xD0
	.byte 0x21, 0x68, 0x28, 0x68, 0xC0, 0x68, 0xC8, 0x60, 0x21, 0x68, 0x28, 0x68, 0x00, 0x69, 0x08, 0x61
	.byte 0x21, 0x68, 0x28, 0x68, 0x40, 0x69, 0x48, 0x61, 0x21, 0x68, 0x28, 0x68, 0x80, 0x69, 0x88, 0x61
	.byte 0x38, 0x1C, 0x00, 0x21, 0xF5, 0xF7, 0xD6, 0xF9, 0x21, 0x68, 0x7D, 0x20, 0x88, 0x80, 0x82, 0x21
	.byte 0x89, 0x00, 0x7A, 0x18, 0x10, 0x78, 0x20, 0x21, 0x08, 0x43, 0x10, 0x70, 0x81, 0x22, 0x92, 0x00
	.byte 0xBD, 0x18, 0x29, 0x68, 0x88, 0x69, 0x00, 0x28, 0x05, 0xD1, 0x1D, 0x4B, 0xC8, 0x18, 0x01, 0x78
	.byte 0x40, 0x22, 0x11, 0x43, 0x01, 0x70, 0x2A, 0x68, 0x1A, 0x4E, 0x90, 0x19, 0x01, 0x78, 0x02, 0x20
	.byte 0x08, 0x40, 0x00, 0x28, 0x1E, 0xD0, 0x10, 0x1C, 0x14, 0xF0, 0xBA, 0xFA, 0x2B, 0x68, 0x00, 0x06
	.byte 0x00, 0x0E, 0x9B, 0x19, 0x01, 0x24, 0x20, 0x40, 0x40, 0x00, 0x1A, 0x78, 0x03, 0x21, 0x49, 0x42
	.byte 0x11, 0x40, 0x01, 0x43, 0x19, 0x70, 0x2A, 0x68, 0x90, 0x19, 0x01, 0x78, 0x89, 0x07, 0xC9, 0x0F
	.byte 0x0B, 0x48, 0x12, 0x18, 0x21, 0x40, 0x49, 0x01, 0x13, 0x78, 0x21, 0x20, 0x40, 0x42, 0x18, 0x40
	.byte 0x08, 0x43, 0x10, 0x70, 0x28, 0x68, 0x80, 0x19, 0x01, 0x78, 0x01, 0x20, 0x08, 0x40, 0x00, 0x28
	.byte 0x2B, 0xD0, 0x3C, 0x1C, 0x30, 0x34, 0x00, 0x25, 0x03, 0x49, 0x7E, 0x18, 0x08, 0xE0, 0x00, 0x00
	.byte 0x0D, 0x02, 0x00, 0x00, 0x5A, 0x03, 0x00, 0x00, 0x0B, 0x01, 0x00, 0x00, 0x01, 0x35, 0x04, 0x34
	.byte 0x30, 0x78, 0x02, 0x38, 0x85, 0x42, 0x09, 0xDA, 0x81, 0x22, 0x92, 0x00, 0xB8, 0x18, 0x00, 0x68
	.byte 0x21, 0x68, 0x12, 0xF0, 0xE5, 0xFA, 0x00, 0x06, 0x00, 0x28, 0xEF, 0xD0, 0x30, 0x78, 0x02, 0x38
	.byte 0x85, 0x42, 0x0A, 0xD1, 0x81, 0x23, 0x9B, 0x00, 0xF8, 0x18, 0x01, 0x68, 0x29, 0x4C, 0x09, 0x19
	.byte 0x0A, 0x78, 0x02, 0x20, 0x40, 0x42, 0x10, 0x40, 0x08, 0x70, 0x80, 0x20, 0x80, 0x00, 0x3E, 0x18
	.byte 0x30, 0x68, 0x04, 0x21, 0x40, 0x5E, 0x7B, 0x28, 0x07, 0xDC, 0x81, 0x22, 0x92, 0x00, 0xB8, 0x18
	.byte 0x00, 0x68, 0x04, 0x23, 0xC0, 0x5E, 0x7B, 0x28, 0x46, 0xDD, 0x81, 0x24, 0xA4, 0x00, 0x3D, 0x19
	.byte 0x28, 0x68, 0x1D, 0x49, 0x10, 0xF0, 0x8E, 0xF9, 0x30, 0x68, 0x1C, 0x49, 0x10, 0xF0, 0x8A, 0xF9
	.byte 0x2A, 0x68, 0x10, 0x34, 0x12, 0x19, 0x13, 0x78, 0x08, 0x21, 0x49, 0x42, 0x08, 0x1C, 0x18, 0x40
	.byte 0x02, 0x23, 0x18, 0x43, 0x10, 0x70, 0x30, 0x68, 0x00, 0x19, 0x02, 0x78, 0x11, 0x40, 0x19, 0x43
	.byte 0x01, 0x70, 0x28, 0x68, 0xDB, 0x21, 0x89, 0x00, 0x40, 0x18, 0x00, 0x68, 0xE8, 0xF7, 0x12, 0xF8
	.byte 0x29, 0x68, 0x0F, 0x4A, 0x89, 0x18, 0x08, 0x78, 0x40, 0x22, 0x10, 0x43, 0x08, 0x70, 0x34, 0x68
	.byte 0x28, 0x68, 0x91, 0x21, 0x89, 0x00, 0x43, 0x18, 0x00, 0x22, 0x1A, 0x80, 0x09, 0x4B, 0xC0, 0x18
	.byte 0x02, 0x80, 0x61, 0x18, 0x0A, 0x80, 0xE4, 0x18, 0x22, 0x80, 0xDA, 0x20, 0xE0, 0xF7, 0x2E, 0xFC
	.byte 0x71, 0xE0, 0x00, 0x00, 0x5A, 0x03, 0x00, 0x00, 0x02, 0x10, 0x00, 0x00, 0x01, 0x10, 0x00, 0x00
	.byte 0x0D, 0x02, 0x00, 0x00, 0x42, 0x02, 0x00, 0x00, 0x0D, 0x4B, 0xF8, 0x18, 0x01, 0x78, 0x40, 0x20
	.byte 0x08, 0x40, 0x00, 0x28, 0x04, 0xD1, 0x0B, 0x4C, 0x39, 0x19, 0x08, 0x88, 0x01, 0x38, 0x08, 0x80
	.byte 0x09, 0x49, 0x78, 0x18, 0x01, 0x78, 0x02, 0x20, 0x08, 0x40, 0x00, 0x28, 0x05, 0xD1, 0x05, 0x4A
	.byte 0xB8, 0x18, 0x00, 0x23, 0xC0, 0x5E, 0x00, 0x28, 0x4D, 0xDC, 0x02, 0x24, 0x03, 0x94, 0x4E, 0xE0
	.byte 0x6A, 0x02, 0x00, 0x00, 0x6E, 0x02, 0x00, 0x00, 0x0A, 0x02, 0x00, 0x00, 0x81, 0x20, 0x80, 0x00
	.byte 0x3D, 0x18, 0x29, 0x68, 0x38, 0x1C, 0xF4, 0xF7, 0x2B, 0xFF, 0x00, 0x06, 0x00, 0x28, 0x0A, 0xD1
	.byte 0x29, 0x68, 0x88, 0x69, 0x00, 0x28, 0x0C, 0xD0, 0x49, 0x78, 0x09, 0x06, 0x09, 0x16, 0x01, 0x20
	.byte 0x40, 0x42, 0x81, 0x42, 0x05, 0xD1, 0x28, 0x68, 0x0E, 0xF0, 0xD0, 0xFE, 0x00, 0x06, 0x00, 0x28
	.byte 0x1A, 0xD1, 0x81, 0x21, 0x89, 0x00, 0x7C, 0x18, 0x20, 0x68, 0x0E, 0xF0, 0xC7, 0xFE, 0x00, 0x06
	.byte 0x00, 0x0E, 0x01, 0x28, 0x08, 0xD1, 0x21, 0x68, 0xC8, 0x68, 0x06, 0x4A, 0x10, 0x40, 0xC8, 0x60
	.byte 0x21, 0x68, 0x08, 0x69, 0x10, 0x40, 0x08, 0x61, 0x20, 0x68, 0x0D, 0xF0, 0xBB, 0xFD, 0x02, 0x22
	.byte 0x03, 0x92, 0x14, 0xE0, 0x00, 0xFF, 0xFF, 0xFF, 0x28, 0x68, 0x3C, 0x1C, 0x28, 0x34, 0x21, 0x1C
	.byte 0x0D, 0xF0, 0xCA, 0xF9, 0x28, 0x68, 0x0D, 0xF0, 0xD9, 0xFB, 0x28, 0x68, 0x21, 0x1C, 0x00, 0x22
	.byte 0x00, 0x23, 0x16, 0xF0, 0x99, 0xFE
_08038E32:
	ldr r3, [sp, #0x00C]
	cmp r3, #0x00
	bne _08038E3A
	b _08039050
_08038E3A:
	movs r4, #0x81
	lsls r4, r4, #0x02
	adds r6, r7, r4
	ldr r3, [r6, #0x00]
	movs r0, #0x80
	lsls r0, r0, #0x02
	adds r0, r0, r7
	mov r8, r0
	ldr r2, [r0, #0x00]
	movs r1, #0x80
	lsls r1, r1, #0x01
	adds r5, r7, r1
	ldrh r4, [r5, #0x00]
	mov r12, r4
	ldr r0, _08038F68 @ =0x0000023E
	adds r1, r2, r0
	movs r4, #0x00
	mov r10, r4
	movs r4, #0x00
	mov r9, r4
	mov r4, r12
	strh r4, [r1, #0x00]
	ldrh r1, [r5, #0x00]
	adds r0, r3, r0
	strh r1, [r0, #0x00]
	ldrh r0, [r5, #0x00]
	movs r1, #0x98
	lsls r1, r1, #0x02
	adds r2, r2, r1
	strh r0, [r2, #0x00]
	ldrh r0, [r5, #0x00]
	adds r3, r3, r1
	strh r0, [r3, #0x00]
	ldr r1, [r6, #0x00]
	adds r0, r1, #0x0
	adds r0, #0x24
	ldrb r0, [r0, #0x00]
	lsls r0, r0, #0x05
	strb r0, [r1, #0x02]
	mov r0, r8
	ldr r1, [r0, #0x00]
	adds r0, r1, #0x0
	adds r0, #0x24
	ldrb r0, [r0, #0x00]
	lsls r0, r0, #0x05
	strb r0, [r1, #0x02]
	ldr r2, [r6, #0x00]
	movs r4, #0x85
	lsls r4, r4, #0x02
	adds r2, r2, r4
	ldrb r3, [r2, #0x00]
	movs r1, #0x08
	negs r1, r1
	adds r0, r1, #0x0
	ands r0, r3
	movs r3, #0x03
	orrs r0, r3
	strb r0, [r2, #0x00]
	mov r2, r8
	ldr r0, [r2, #0x00]
	adds r0, r0, r4
	ldrb r2, [r0, #0x00]
	ands r1, r2
	orrs r1, r3
	strb r1, [r0, #0x00]
	ldr r0, [r6, #0x00]
	ldr r1, _08038F6C @ =0x00001002
	bl sub_8049000
	mov r3, r8
	ldr r0, [r3, #0x00]
	ldr r1, _08038F70 @ =0x00001001
	bl sub_8049000
	ldr r0, [r6, #0x00]
	movs r4, #0xDB
	lsls r4, r4, #0x02
	adds r0, r0, r4
	ldr r0, [r0, #0x00]
	bl sub_8020D40
	movs r0, #0xAB
	lsls r0, r0, #0x01
	bl stop_sfx_80195A8
	movs r0, #0xDA
	bl stop_sfx_80195A8
	ldr r0, [sp, #0x00C]
	cmp r0, #0x01
	bne _08038F7C
	ldr r1, [r6, #0x00]
	ldr r2, _08038F74 @ =0x0000020D
	adds r1, r1, r2
	ldrb r2, [r1, #0x00]
	movs r0, #0x41
	negs r0, r0
	ands r0, r2
	strb r0, [r1, #0x00]
	mov r3, r8
	ldr r1, [r3, #0x00]
	ldr r0, [r6, #0x00]
	ldr r2, _08038F78 @ =0x00000242
	adds r0, r0, r2
	mov r4, r9
	strh r4, [r0, #0x00]
	adds r1, r1, r2
	strh r4, [r1, #0x00]
	ldr r1, [r3, #0x00]
	ldr r0, [r6, #0x00]
	adds r2, #0x02
	adds r0, r0, r2
	strh r4, [r0, #0x00]
	adds r1, r1, r2
	strh r4, [r1, #0x00]
	ldr r4, [r6, #0x00]
	ldr r2, [r3, #0x00]
	ldr r3, [r2, #0x0C]
	cmp r3, #0x00
	bge _08038F2C
	adds r3, #0xFF
_08038F2C:
	asrs r3, r3, #0x08
	ldr r0, [r2, #0x10]
	cmp r0, #0x00
	bge _08038F36
	adds r0, #0xFF
_08038F36:
	asrs r0, r0, #0x08
	str r0, [sp, #0x000]
	ldr r1, [r2, #0x14]
	ldr r0, [r2, #0x18]
	adds r0, r1, r0
	cmp r0, #0x00
	bge _08038F46
	adds r0, #0xFF
_08038F46:
	asrs r0, r0, #0x08
	str r0, [sp, #0x004]
	ldrh r0, [r5, #0x00]
	str r0, [sp, #0x008]
	adds r0, r4, #0x0
	movs r1, #0x01
	movs r2, #0x00
	bl sub_8045A94
	ldr r2, [r6, #0x00]
	mov r0, r8
	ldr r1, [r0, #0x00]
	movs r0, #0x7F
	strh r0, [r1, #0x04]
	strh r0, [r2, #0x04]
	b _08039050
	.byte 0x00, 0x00
_08038F68: .4byte 0x0000023E
_08038F6C: .4byte 0x00001002
_08038F70: .4byte 0x00001001
_08038F74: .4byte 0x0000020D
_08038F78: .4byte 0x00000242
_08038F7C:
	ldr r0, [r6, #0x00]
	movs r1, #0xDA
	lsls r1, r1, #0x02
	adds r0, r0, r1
	ldr r2, [r0, #0x00]
	mov r3, r8
	ldr r0, [r3, #0x00]
	adds r0, r0, r1
	ldr r0, [r0, #0x00]
	mov r4, r10
	strb r4, [r0, #0x00]
	strb r4, [r2, #0x00]
	ldr r1, [r6, #0x00]
	ldr r0, [r3, #0x00]
	mov r2, r9
	strh r2, [r0, #0x04]
	strh r2, [r1, #0x04]
	ldr r3, [r6, #0x00]
	mov r4, r8
	ldr r2, [r4, #0x00]
	ldr r5, _08039060 @ =0x00000351
	adds r2, r2, r5
	ldrb r4, [r2, #0x00]
	movs r1, #0x41
	negs r1, r1
	adds r0, r1, #0x0
	ands r0, r4
	strb r0, [r2, #0x00]
	adds r3, r3, r5
	ldrb r0, [r3, #0x00]
	ands r1, r0
	strb r1, [r3, #0x00]
	ldr r2, [r6, #0x00]
	mov r0, r8
	ldr r1, [r0, #0x00]
	adds r5, #0x07
	adds r1, r1, r5
	ldrb r3, [r1, #0x00]
	movs r4, #0x09
	negs r4, r4
	adds r0, r4, #0x0
	ands r0, r3
	strb r0, [r1, #0x00]
	adds r2, r2, r5
	ldrb r1, [r2, #0x00]
	adds r0, r4, #0x0
	ands r0, r1
	strb r0, [r2, #0x00]
	ldr r1, [r6, #0x00]
	ldr r3, _08039064 @ =0x0000020D
	adds r1, r1, r3
	ldrb r2, [r1, #0x00]
	movs r0, #0x21
	negs r0, r0
	ands r0, r2
	strb r0, [r1, #0x00]
	ldr r1, [r6, #0x00]
	adds r1, r1, r3
	ldrb r0, [r1, #0x00]
	movs r2, #0x40
	orrs r0, r2
	strb r0, [r1, #0x00]
	ldr r1, [r6, #0x00]
	ldr r3, _08039068 @ =0x0000035A
	adds r1, r1, r3
	ldrb r2, [r1, #0x00]
	movs r0, #0x02
	negs r0, r0
	ands r0, r2
	strb r0, [r1, #0x00]
	ldr r1, [r6, #0x00]
	adds r1, r1, r3
	ldrb r2, [r1, #0x00]
	movs r0, #0x03
	negs r0, r0
	ands r0, r2
	strb r0, [r1, #0x00]
	ldr r1, _0803906C @ =0x00000246
	adds r2, r7, r1
	ldrb r1, [r2, #0x00]
	movs r0, #0x1D
	negs r0, r0
	ands r0, r1
	strb r0, [r2, #0x00]
	ldr r3, _08039070 @ =0x0000020B
	adds r2, r7, r3
	ldrb r1, [r2, #0x00]
	movs r0, #0x7F
	ands r0, r1
	strb r0, [r2, #0x00]
	movs r0, #0x82
	lsls r0, r0, #0x02
	adds r2, r7, r0
	ldrb r0, [r2, #0x00]
	movs r1, #0x01
	orrs r0, r1
	strb r0, [r2, #0x00]
	ldr r2, _08039074 @ =0x0000020A
	adds r1, r7, r2
	ldrb r0, [r1, #0x00]
	ands r4, r0
	strb r4, [r1, #0x00]
	adds r0, r7, #0x0
	movs r1, #0x00
	bl sub_802DF80
_08039050:
	add sp, #0x010
	pop {r3, r4, r5}
	mov r8, r3
	mov r9, r4
	mov r10, r5
	pop {r4, r5, r6, r7}
	pop {r0}
	bx r0
_08039060: .4byte 0x00000351
_08039064: .4byte 0x0000020D
_08039068: .4byte 0x0000035A
_0803906C: .4byte 0x00000246
_08039070: .4byte 0x0000020B
_08039074: .4byte 0x0000020A
	thumb_func_start sub_8039078
sub_8039078:
	push {r4, r5, r6, r7, lr}
	mov r7, r9
	mov r6, r8
	push {r6, r7}
	adds r7, r0, #0x0
	movs r1, #0x01
	movs r2, #0x01
	bl sub_802C4D4
	movs r0, #0x80
	lsls r0, r0, #0x02
	adds r4, r7, r0
	ldr r0, [r4, #0x00]
	bl sub_804FC90
	ldr r1, [r4, #0x00]
	adds r0, r7, #0x0
	movs r2, #0x00
	movs r3, #0x00
	bl sub_802DDB4
	movs r1, #0x80
	lsls r1, r1, #0x02
	adds r5, r7, r1
	ldr r4, [r5, #0x00]
	adds r0, r4, #0x0
	adds r0, #0x54
	ldrb r0, [r0, #0x00]
	cmp r0, #0x00
	bne _080390D6
	movs r2, #0x81
	lsls r2, r2, #0x02
	adds r3, r7, r2
	ldr r0, [r3, #0x00]
	movs r1, #0xDA
	lsls r1, r1, #0x02
	adds r0, r0, r1
	ldr r2, [r0, #0x00]
	adds r1, r4, r1
	ldr r1, [r1, #0x00]
	movs r0, #0x0F
	strb r0, [r1, #0x00]
	strb r0, [r2, #0x00]
	ldr r2, [r3, #0x00]
	ldr r1, [r5, #0x00]
	movs r0, #0x88
	b _080390F6
_080390D6:
	movs r0, #0x81
	lsls r0, r0, #0x02
	adds r3, r7, r0
	ldr r0, [r3, #0x00]
	movs r1, #0xDA
	lsls r1, r1, #0x02
	adds r0, r0, r1
	ldr r2, [r0, #0x00]
	adds r1, r4, r1
	ldr r1, [r1, #0x00]
	movs r0, #0x0E
	strb r0, [r1, #0x00]
	strb r0, [r2, #0x00]
	ldr r2, [r3, #0x00]
	ldr r1, [r5, #0x00]
	movs r0, #0x80
_080390F6:
	strh r0, [r1, #0x04]
	strh r0, [r2, #0x04]
	movs r1, #0x81
	lsls r1, r1, #0x02
	adds r6, r7, r1
	ldr r2, [r6, #0x00]
	movs r3, #0x80
	lsls r3, r3, #0x02
	adds r3, r3, r7
	mov r8, r3
	ldr r1, [r3, #0x00]
	ldr r3, _08039230 @ =0x00000351
	adds r1, r1, r3
	ldrb r0, [r1, #0x00]
	movs r5, #0x40
	orrs r0, r5
	strb r0, [r1, #0x00]
	adds r2, r2, r3
	ldrb r0, [r2, #0x00]
	orrs r0, r5
	strb r0, [r2, #0x00]
	ldr r2, [r6, #0x00]
	mov r0, r8
	ldr r1, [r0, #0x00]
	movs r4, #0xD6
	lsls r4, r4, #0x02
	adds r1, r1, r4
	ldrb r0, [r1, #0x00]
	movs r3, #0x08
	orrs r0, r3
	strb r0, [r1, #0x00]
	adds r2, r2, r4
	ldrb r0, [r2, #0x00]
	orrs r0, r3
	strb r0, [r2, #0x00]
	ldr r1, [r6, #0x00]
	ldr r2, _08039234 @ =0x00000212
	adds r1, r1, r2
	ldrb r0, [r1, #0x00]
	orrs r0, r5
	strb r0, [r1, #0x00]
	ldr r1, [r6, #0x00]
	ldr r3, _08039238 @ =0x0000020D
	adds r1, r1, r3
	ldrb r0, [r1, #0x00]
	movs r2, #0x20
	orrs r0, r2
	strb r0, [r1, #0x00]
	ldr r1, [r6, #0x00]
	ldr r5, _0803923C @ =0x0000035A
	adds r1, r1, r5
	ldrb r0, [r1, #0x00]
	movs r2, #0x02
	mov r9, r2
	mov r3, r9
	orrs r0, r3
	strb r0, [r1, #0x00]
	movs r5, #0x82
	lsls r5, r5, #0x02
	adds r2, r7, r5
	ldrb r1, [r2, #0x00]
	movs r0, #0x02
	negs r0, r0
	ands r0, r1
	strb r0, [r2, #0x00]
	ldr r0, _08039240 @ =0x0000020B
	adds r2, r7, r0
	ldrb r0, [r2, #0x00]
	movs r1, #0x80
	orrs r0, r1
	strb r0, [r2, #0x00]
	ldr r2, [r6, #0x00]
	movs r1, #0x85
	lsls r1, r1, #0x02
	adds r2, r2, r1
	ldrb r1, [r2, #0x00]
	movs r0, #0x08
	negs r0, r0
	ands r0, r1
	movs r1, #0x04
	orrs r0, r1
	strb r0, [r2, #0x00]
	ldr r2, [r6, #0x00]
	adds r0, r2, #0x0
	adds r0, #0x54
	ldrb r0, [r0, #0x00]
	ldr r1, _08039244 @ =0x0000103F
	cmp r0, #0x00
	bne _080391AA
	subs r1, #0x1A
_080391AA:
	adds r0, r2, #0x0
	bl sub_8049000
	ldr r4, [r6, #0x00]
	mov r2, r8
	ldr r0, [r2, #0x00]
	ldr r2, [r0, #0x14]
	ldr r0, [r0, #0x18]
	adds r2, r2, r0
	ldr r0, [r4, #0x14]
	ldr r1, [r4, #0x18]
	adds r0, r0, r1
	subs r0, r2, r0
	cmp r0, #0x00
	bge _080391CA
	adds r0, #0xFF
_080391CA:
	asrs r1, r0, #0x08
	adds r1, #0x10
	adds r0, r7, #0x0
	adds r0, #0xFB
	ldrb r0, [r0, #0x00]
	lsls r0, r0, #0x1D
	lsrs r0, r0, #0x1F
	movs r2, #0xEE
	asrs r2, r0
	movs r3, #0x80
	lsls r3, r3, #0x01
	adds r0, r7, r3
	movs r3, #0x00
	ldsh r5, [r0, r3]
	mov r8, r5
	adds r0, r4, #0x0
	mov r3, r8
	bl sub_80400B0
	ldr r0, [r6, #0x00]
	movs r5, #0xA5
	lsls r5, r5, #0x02
	adds r0, r0, r5
	ldr r2, [r0, #0x00]
	ldrb r1, [r2, #0x12]
	movs r0, #0x07
	negs r0, r0
	ands r0, r1
	mov r1, r9
	orrs r0, r1
	strb r0, [r2, #0x12]
	ldr r2, _08039248 @ =0x0000026E
	adds r1, r7, r2
	movs r0, #0x00
	strh r0, [r1, #0x00]
	ldr r3, _0803924C @ =0x00000272
	adds r1, r7, r3
	movs r0, #0x1E
	strh r0, [r1, #0x00]
	movs r1, #0x01
	negs r1, r1
	movs r0, #0x3C
	bl play_sfx_80195B4
	pop {r3, r4}
	mov r8, r3
	mov r9, r4
	pop {r4, r5, r6, r7}
	pop {r0}
	bx r0
	.byte 0x00, 0x00
_08039230: .4byte 0x00000351
_08039234: .4byte 0x00000212
_08039238: .4byte 0x0000020D
_0803923C: .4byte 0x0000035A
_08039240: .4byte 0x0000020B
_08039244: .4byte 0x0000103F
_08039248: .4byte 0x0000026E
_0803924C: .4byte 0x00000272
	thumb_func_start sub_8039250
sub_8039250:
	push {r4, r5, r6, r7, lr}
	mov r7, r8
	push {r7}
	add sp, #-0x00C
	mov r8, r0
	movs r0, #0x81
	lsls r0, r0, #0x02
	add r0, r8
	ldr r0, [r0, #0x00]
	ldrh r1, [r0, #0x04]
	adds r0, r1, #0x0
	subs r0, #0x80
	lsls r0, r0, #0x10
	lsrs r0, r0, #0x10
	cmp r0, #0x03
	bls _0803927C
	adds r0, r1, #0x0
	subs r0, #0x88
	lsls r0, r0, #0x10
	lsrs r0, r0, #0x10
	cmp r0, #0x03
	bhi _08039300
_0803927C:
	movs r7, #0x80
	lsls r7, r7, #0x02
	add r7, r8
	ldr r1, [r7, #0x00]
	adds r0, r1, #0x0
	adds r0, #0x54
	ldrb r0, [r0, #0x00]
	ldr r2, _08039320 @ =0x0839F6CE
	cmp r0, #0x00
	bne _08039292
	ldr r2, _08039324 @ =0x0839F730
_08039292:
	movs r3, #0x24
	cmp r0, #0x00
	bne _0803929A
	movs r3, #0x20
_0803929A:
	movs r4, #0xA5
	lsls r4, r4, #0x02
	adds r0, r1, r4
	ldr r1, [r0, #0x00]
	ldr r6, _08039328 @ =0x0000026E
	add r6, r8
	movs r5, #0x00
	ldsh r0, [r6, r5]
	lsls r0, r0, #0x01
	adds r0, r0, r2
	ldrb r0, [r0, #0x00]
	lsls r0, r0, #0x18
	asrs r0, r0, #0x18
	lsls r0, r0, #0x04
	strh r0, [r1, #0x04]
	ldr r0, [r7, #0x00]
	adds r0, r0, r4
	ldr r5, [r0, #0x00]
	movs r1, #0x00
	ldsh r0, [r6, r1]
	lsls r0, r0, #0x01
	adds r0, r0, r2
	ldrb r0, [r0, #0x01]
	lsls r0, r0, #0x18
	asrs r0, r0, #0x18
	lsls r0, r0, #0x08
	adds r1, r3, #0x0
	bl __divsi3
	strh r0, [r5, #0x06]
	ldr r1, [r7, #0x00]
	adds r4, r1, r4
	ldr r0, [r4, #0x00]
	movs r2, #0x06
	ldsh r0, [r0, r2]
	movs r2, #0x00
	cmp r0, #0xFF
	bgt _080392EC
	movs r3, #0x01
	negs r3, r3
	adds r2, r3, #0x0
_080392EC:
	ldr r5, _0803932C @ =0x0000023B
	adds r0, r1, r5
	strb r2, [r0, #0x00]
	movs r1, #0x00
	ldsh r0, [r6, r1]
	cmp r0, #0x30
	bge _08039300
	ldrh r0, [r6, #0x00]
	adds r0, #0x01
	strh r0, [r6, #0x00]
_08039300:
	movs r0, #0x81
	lsls r0, r0, #0x02
	add r0, r8
	ldr r0, [r0, #0x00]
	ldrh r0, [r0, #0x04]
	subs r0, #0x80
	lsls r0, r0, #0x10
	asrs r0, r0, #0x10
	cmp r0, #0x0F
	bls _08039316
	b _080399D6
_08039316:
	lsls r0, r0, #0x02
	ldr r1, _08039330 @ =0x08039334
	adds r0, r0, r1
	ldr r0, [r0, #0x00]
	mov pc, r0
_08039320: .4byte 0x0839F6CE
_08039324: .4byte 0x0839F730
_08039328: .4byte 0x0000026E
_0803932C: .4byte 0x0000023B
_08039330: .4byte 0x08039334
	.byte 0x74, 0x93, 0x03, 0x08, 0x18, 0x94, 0x03, 0x08, 0x5C, 0x94, 0x03, 0x08, 0xC8, 0x94, 0x03, 0x08
	.byte 0x84, 0x96, 0x03, 0x08, 0xF8, 0x96, 0x03, 0x08, 0x80, 0x97, 0x03, 0x08, 0x90, 0x98, 0x03, 0x08
	.byte 0x74, 0x93, 0x03, 0x08, 0x18, 0x94, 0x03, 0x08, 0x5C, 0x94, 0x03, 0x08, 0xC8, 0x94, 0x03, 0x08
	.byte 0x84, 0x96, 0x03, 0x08, 0xF8, 0x96, 0x03, 0x08, 0x80, 0x97, 0x03, 0x08, 0x90, 0x98, 0x03, 0x08
	.byte 0x81, 0x24, 0xA4, 0x00, 0x44, 0x44, 0x20, 0x68, 0x06, 0xF0, 0xA2, 0xFF, 0x24, 0x48, 0x40, 0x44
	.byte 0x01, 0x78, 0x40, 0x20, 0x08, 0x40, 0x00, 0x28, 0x0E, 0xD1, 0x23, 0x68, 0x5C, 0x69, 0x99, 0x69
	.byte 0x61, 0x18, 0x80, 0x20, 0x80, 0x00, 0x40, 0x44, 0x00, 0x68, 0x42, 0x69, 0x80, 0x69, 0x10, 0x18
	.byte 0x81, 0x42, 0x01, 0xDA, 0x00, 0x1B, 0x98, 0x61, 0x81, 0x23, 0x9B, 0x00, 0x43, 0x44, 0x18, 0x68
	.byte 0xA5, 0x22, 0x92, 0x00, 0x80, 0x18, 0x00, 0x68, 0x81, 0x7C, 0x08, 0x20, 0x08, 0x40, 0x00, 0x28
	.byte 0x00, 0xD1, 0x06, 0xE3, 0x80, 0x20, 0x80, 0x00, 0x40, 0x44, 0x01, 0x68, 0x88, 0x88, 0x01, 0x30
	.byte 0x88, 0x80, 0x19, 0x68, 0x88, 0x88, 0x01, 0x30, 0x88, 0x80, 0x9C, 0x21, 0x89, 0x00, 0x41, 0x44
	.byte 0x10, 0x20, 0x08, 0x80, 0x19, 0x68, 0x85, 0x25, 0xAD, 0x00, 0x49, 0x19, 0x0A, 0x78, 0x18, 0x38
	.byte 0x10, 0x40, 0x08, 0x70, 0x18, 0x68, 0xA5, 0x21, 0x89, 0x00, 0x40, 0x18, 0x02, 0x68, 0x91, 0x7C
	.byte 0x07, 0x20, 0x40, 0x42, 0x08, 0x40, 0x02, 0x21, 0x08, 0x43, 0x90, 0x74, 0xE1, 0xE2, 0x00, 0x00
	.byte 0x09, 0x02, 0x00, 0x00, 0x9C, 0x21, 0x89, 0x00, 0x41, 0x44, 0x08, 0x88, 0x01, 0x38, 0x08, 0x80
	.byte 0x00, 0x04, 0x00, 0x28, 0x00, 0xD0, 0xD4, 0xE2, 0x80, 0x20, 0x80, 0x00, 0x40, 0x44, 0x01, 0x68
	.byte 0x88, 0x88, 0x01, 0x30, 0x88, 0x80, 0x81, 0x22, 0x92, 0x00, 0x42, 0x44, 0x11, 0x68, 0x88, 0x88
	.byte 0x01, 0x30, 0x88, 0x80, 0x11, 0x68, 0x85, 0x22, 0x92, 0x00, 0x89, 0x18, 0x0A, 0x78, 0x08, 0x20
	.byte 0x40, 0x42, 0x10, 0x40, 0x08, 0x70, 0xBC, 0xE2, 0x81, 0x23, 0x9B, 0x00, 0x43, 0x44, 0x19, 0x68
	.byte 0x88, 0x69, 0x80, 0x22, 0xD2, 0x00, 0x80, 0x18, 0x88, 0x61, 0x9C, 0x21, 0x89, 0x00, 0x41, 0x44
	.byte 0x08, 0x88, 0x80, 0x18, 0x08, 0x80, 0x00, 0x04, 0x11, 0x49, 0x88, 0x42, 0x00, 0xDC, 0xA8, 0xE2
	.byte 0x80, 0x20, 0x80, 0x00, 0x40, 0x44, 0x01, 0x68, 0x88, 0x88, 0x01, 0x30, 0x88, 0x80, 0x19, 0x68
	.byte 0x88, 0x88, 0x01, 0x30, 0x88, 0x80, 0x1A, 0x68, 0x85, 0x25, 0xAD, 0x00, 0x52, 0x19, 0x11, 0x78
	.byte 0x08, 0x20, 0x40, 0x42, 0x08, 0x40, 0x01, 0x21, 0x08, 0x43, 0x10, 0x70, 0x18, 0x68, 0xA5, 0x21
	.byte 0x89, 0x00, 0x40, 0x18, 0x00, 0x68, 0x20, 0x30, 0xF0, 0x21, 0x01, 0x70, 0x89, 0xE2, 0x00, 0x00
	.byte 0x00, 0x00, 0xFF, 0x11, 0x81, 0x24, 0xA4, 0x00, 0x44, 0x44, 0x21, 0x68, 0x85, 0x22, 0x92, 0x00
	.byte 0x8B, 0x18, 0x1A, 0x78, 0x07, 0x20, 0x10, 0x40, 0x00, 0x28, 0x23, 0xD1, 0x08, 0x1C, 0x06, 0xF0
	.byte 0xEF, 0xFE, 0x0F, 0x48, 0x40, 0x44, 0x01, 0x78, 0x40, 0x20, 0x08, 0x40, 0x00, 0x28, 0x49, 0xD1
	.byte 0x23, 0x68, 0x5D, 0x69, 0x99, 0x69, 0x69, 0x18, 0x80, 0x20, 0x80, 0x00, 0x40, 0x44, 0x00, 0x68
	.byte 0x42, 0x69, 0x80, 0x69, 0x10, 0x18, 0x81, 0x42, 0x3C, 0xDA, 0x40, 0x1B, 0x98, 0x61, 0x20, 0x68
	.byte 0x97, 0x23, 0x9B, 0x00, 0xC0, 0x18, 0x01, 0x21, 0x49, 0x42, 0x01, 0x60, 0x32, 0xE0, 0x00, 0x00
	.byte 0x09, 0x02, 0x00, 0x00, 0xA5, 0x25, 0xAD, 0x00, 0x48, 0x19, 0x00, 0x68, 0x23, 0x30, 0x00, 0x78
	.byte 0x00, 0x28, 0x27, 0xD1, 0x08, 0x20, 0x40, 0x42, 0x10, 0x40, 0x18, 0x70, 0x22, 0x68, 0x10, 0x1C
	.byte 0x54, 0x30, 0x00, 0x78, 0x3F, 0x49, 0x00, 0x28, 0x00, 0xD1, 0x01, 0x39, 0x10, 0x1C, 0x0F, 0xF0
	.byte 0x55, 0xFD, 0x21, 0x68, 0x3C, 0x48, 0x09, 0x18, 0x0A, 0x78, 0x41, 0x20, 0x40, 0x42, 0x10, 0x40
	.byte 0x08, 0x70, 0x20, 0x68, 0x01, 0x23, 0x5B, 0x42, 0x00, 0x21, 0x1A, 0x1C, 0x06, 0xF0, 0x3E, 0xFE
	.byte 0x21, 0x68, 0x93, 0x22, 0x92, 0x00, 0x89, 0x18, 0x80, 0x20, 0x80, 0x00, 0x40, 0x44, 0x00, 0x68
	.byte 0x40, 0x69, 0x08, 0x60, 0x31, 0x48, 0x40, 0x44, 0x00, 0x23, 0xC0, 0x5E, 0x30, 0x28, 0x00, 0xD0
	.byte 0x1F, 0xE2, 0x81, 0x26, 0xB6, 0x00, 0x46, 0x44, 0x30, 0x68, 0x97, 0x25, 0xAD, 0x00, 0x40, 0x19
	.byte 0x01, 0x68, 0x01, 0x20, 0x40, 0x42, 0x81, 0x42, 0x00, 0xD0, 0x12, 0xE2, 0x5C, 0x3D, 0x45, 0x44
	.byte 0x29, 0x68, 0x88, 0x88, 0x01, 0x30, 0x00, 0x23, 0x88, 0x80, 0x31, 0x68, 0x88, 0x88, 0x01, 0x30
	.byte 0x88, 0x80, 0x31, 0x68, 0x20, 0x48, 0x09, 0x18, 0x0A, 0x78, 0x41, 0x20, 0x40, 0x42, 0x10, 0x40
	.byte 0x08, 0x70, 0x82, 0x22, 0x92, 0x00, 0x42, 0x44, 0x10, 0x78, 0x01, 0x21, 0x08, 0x43, 0x10, 0x70
	.byte 0x28, 0x68, 0xA5, 0x22, 0x92, 0x00, 0x80, 0x18, 0x00, 0x68, 0x80, 0x21, 0x49, 0x00, 0x81, 0x80
	.byte 0x28, 0x68, 0x80, 0x18, 0x00, 0x68, 0xC1, 0x80, 0x28, 0x68, 0x15, 0x49, 0x40, 0x18, 0x03, 0x70
	.byte 0x32, 0x68, 0x85, 0x24, 0xA4, 0x00, 0x12, 0x19, 0x13, 0x78, 0x08, 0x21, 0x49, 0x42, 0x08, 0x1C
	.byte 0x18, 0x40, 0x03, 0x23, 0x18, 0x43, 0x10, 0x70, 0x28, 0x68, 0x00, 0x19, 0x02, 0x78, 0x11, 0x40
	.byte 0x19, 0x43, 0x01, 0x70, 0x32, 0x68, 0x10, 0x1C, 0x54, 0x30, 0x00, 0x78, 0x00, 0x28, 0x13, 0xD1
	.byte 0x08, 0x49, 0x10, 0x1C, 0x0F, 0xF0, 0xE2, 0xFC, 0x28, 0x68, 0x02, 0x49, 0x0F, 0xF0, 0xDE, 0xFC
	.byte 0x12, 0xE0, 0x00, 0x00, 0x02, 0x10, 0x00, 0x00, 0x12, 0x02, 0x00, 0x00, 0x6E, 0x02, 0x00, 0x00
	.byte 0x3B, 0x02, 0x00, 0x00, 0x01, 0x10, 0x00, 0x00, 0x06, 0x49, 0x10, 0x1C, 0x0F, 0xF0, 0xCE, 0xFC
	.byte 0x28, 0x68, 0x05, 0x49, 0x0F, 0xF0, 0xCA, 0xFC, 0x04, 0x49, 0x41, 0x44, 0x08, 0x20, 0x08, 0x80
	.byte 0xAF, 0xE1, 0x00, 0x00, 0x02, 0x10, 0x00, 0x00, 0x01, 0x10, 0x00, 0x00, 0x6E, 0x02, 0x00, 0x00
	.byte 0x1A, 0x49, 0x41, 0x44, 0x08, 0x88, 0x01, 0x38, 0x08, 0x80, 0x00, 0x04, 0x00, 0x28, 0x00, 0xD0
	.byte 0x9F, 0xE1, 0x80, 0x25, 0xAD, 0x00, 0x45, 0x44, 0x29, 0x68, 0x88, 0x88, 0x01, 0x30, 0x88, 0x80
	.byte 0x81, 0x20, 0x80, 0x00, 0x40, 0x44, 0x01, 0x68, 0x88, 0x88, 0x01, 0x30, 0x88, 0x80, 0x2A, 0x68
	.byte 0x24, 0x32, 0x13, 0x78, 0x59, 0x07, 0x49, 0x0F, 0x04, 0x31, 0x07, 0x20, 0x01, 0x40, 0x08, 0x24
	.byte 0x64, 0x42, 0x20, 0x1C, 0x18, 0x40, 0x08, 0x43, 0x10, 0x70, 0x28, 0x68, 0x08, 0x49, 0x01, 0x23
	.byte 0x5B, 0x42, 0x75, 0x22, 0x06, 0xF0, 0x8A, 0xFD, 0x29, 0x68, 0x85, 0x22, 0x92, 0x00, 0x89, 0x18
	.byte 0x08, 0x78, 0x04, 0x40, 0x01, 0x20, 0x04, 0x43, 0x0C, 0x70, 0x72, 0xE1, 0x6E, 0x02, 0x00, 0x00
	.byte 0x7A, 0x02, 0x00, 0x00, 0x80, 0x24, 0xA4, 0x00, 0x44, 0x44, 0x20, 0x68, 0x06, 0xF0, 0xE0, 0xFD
	.byte 0x20, 0x68, 0x0C, 0xF0, 0x67, 0xFF, 0x20, 0x68, 0x41, 0x46, 0x28, 0x31, 0x00, 0x22, 0x00, 0x23
	.byte 0x16, 0xF0, 0x26, 0xFA, 0x21, 0x68, 0x97, 0x23, 0x9B, 0x00, 0xC8, 0x18, 0x05, 0x68, 0x01, 0x20
	.byte 0x40, 0x42, 0x85, 0x42, 0x00, 0xD0, 0x54, 0xE1, 0x88, 0x88, 0x01, 0x30, 0x88, 0x80, 0x81, 0x20
	.byte 0x80, 0x00, 0x40, 0x44, 0x01, 0x68, 0x88, 0x88, 0x01, 0x30, 0x88, 0x80, 0x22, 0x68, 0x10, 0x1C
	.byte 0x54, 0x30, 0x00, 0x78, 0x0B, 0x49, 0x00, 0x28, 0x00, 0xD1, 0x1E, 0x39, 0x10, 0x1C, 0x0F, 0xF0
	.byte 0x55, 0xFC, 0x09, 0x49, 0x41, 0x44, 0x3C, 0x20, 0x08, 0x80, 0x20, 0x68, 0x54, 0x30, 0x00, 0x78
	.byte 0xFE, 0x21, 0x00, 0x28, 0x00, 0xD1, 0xF0, 0x21, 0x08, 0x1C, 0x29, 0x1C, 0xDF, 0xF7, 0x20, 0xFF
	.byte 0x2F, 0xE1, 0x00, 0x00, 0x84, 0x10, 0x00, 0x00, 0x6E, 0x02, 0x00, 0x00, 0x17, 0x49, 0x41, 0x44
	.byte 0x08, 0x88, 0x01, 0x38, 0x08, 0x80, 0x00, 0x04, 0x00, 0x28, 0x00, 0xD0, 0x21, 0xE1, 0x81, 0x26
	.byte 0xB6, 0x00, 0x46, 0x44, 0x34, 0x68, 0x80, 0x27, 0xBF, 0x00, 0x47, 0x44, 0x3A, 0x68, 0x85, 0x25
	.byte 0xAD, 0x00, 0x52, 0x19, 0x13, 0x78, 0x08, 0x21, 0x49, 0x42, 0x08, 0x1C, 0x18, 0x40, 0x03, 0x23
	.byte 0x18, 0x43, 0x10, 0x70, 0x64, 0x19, 0x20, 0x78, 0x01, 0x40, 0x19, 0x43, 0x21, 0x70, 0x36, 0x68
	.byte 0x30, 0x1C, 0x54, 0x30, 0x00, 0x78, 0x00, 0x28, 0x0E, 0xD1, 0x05, 0x49, 0x30, 0x1C, 0x0F, 0xF0
	.byte 0x15, 0xFC, 0x38, 0x68, 0x03, 0x49, 0x0F, 0xF0, 0x11, 0xFC, 0x0D, 0xE0, 0x6E, 0x02, 0x00, 0x00
	.byte 0x01, 0x10, 0x00, 0x00, 0x02, 0x10, 0x00, 0x00, 0x23, 0x49, 0x30, 0x1C, 0x0F, 0xF0, 0x06, 0xFC
	.byte 0x38, 0x68, 0x22, 0x49, 0x0F, 0xF0, 0x02, 0xFC, 0x81, 0x23, 0x9B, 0x00, 0x43, 0x44, 0x19, 0x68
	.byte 0x1F, 0x4D, 0x49, 0x19, 0x0A, 0x78, 0x41, 0x20, 0x40, 0x42, 0x10, 0x40, 0x08, 0x70, 0x1D, 0x48
	.byte 0x40, 0x44, 0x01, 0x78, 0x40, 0x20, 0x08, 0x40, 0x00, 0x28, 0x1E, 0xD1, 0x19, 0x68, 0x80, 0x20
	.byte 0x80, 0x00, 0x40, 0x44, 0x02, 0x68, 0xD3, 0x68, 0x00, 0x2B, 0x00, 0xDA, 0xFF, 0x33, 0x1B, 0x12
	.byte 0x10, 0x69, 0x00, 0x28, 0x00, 0xDA, 0xFF, 0x30, 0x00, 0x12, 0x00, 0x90, 0x50, 0x69, 0x00, 0x28
	.byte 0x00, 0xDA, 0xFF, 0x30, 0x00, 0x12, 0x01, 0x90, 0x0F, 0x4A, 0x88, 0x18, 0x00, 0x88, 0x02, 0x90
	.byte 0x08, 0x1C, 0x01, 0x21, 0x00, 0x22, 0x0C, 0xF0, 0x1B, 0xF9, 0x80, 0x20, 0x80, 0x00, 0x40, 0x44
	.byte 0x01, 0x68, 0x88, 0x88, 0x01, 0x30, 0x88, 0x80, 0x81, 0x20, 0x80, 0x00, 0x40, 0x44, 0x01, 0x68
	.byte 0x88, 0x88, 0x01, 0x30, 0x88, 0x80, 0xAC, 0xE0, 0x02, 0x10, 0x00, 0x00, 0x01, 0x10, 0x00, 0x00
	.byte 0x0D, 0x02, 0x00, 0x00, 0x09, 0x02, 0x00, 0x00, 0x3E, 0x02, 0x00, 0x00, 0x81, 0x25, 0xAD, 0x00
	.byte 0x45, 0x44, 0x29, 0x68, 0x40, 0x46, 0xF4, 0xF7, 0xB7, 0xF9, 0x00, 0x06, 0x00, 0x28, 0x0A, 0xD1
	.byte 0x29, 0x68, 0x88, 0x69, 0x00, 0x28, 0x0C, 0xD0, 0x49, 0x78, 0x09, 0x06, 0x09, 0x16, 0x01, 0x20
	.byte 0x40, 0x42, 0x81, 0x42, 0x05, 0xD1, 0x28, 0x68, 0x0E, 0xF0, 0x5C, 0xF9, 0x00, 0x06, 0x00, 0x28
	.byte 0x78, 0xD1, 0x81, 0x27, 0xBF, 0x00, 0x47, 0x44, 0x38, 0x68, 0x0E, 0xF0, 0x53, 0xF9, 0x00, 0x06
	.byte 0x00, 0x0E, 0x01, 0x28, 0x08, 0xD1, 0x39, 0x68, 0xC8, 0x68, 0x30, 0x4A, 0x10, 0x40, 0xC8, 0x60
	.byte 0x39, 0x68, 0x08, 0x69, 0x10, 0x40, 0x08, 0x61, 0x38, 0x68, 0x0D, 0xF0, 0x47, 0xF8, 0x38, 0x68
	.byte 0xDA, 0x21, 0x89, 0x00, 0x40, 0x18, 0x02, 0x68, 0x80, 0x26, 0xB6, 0x00, 0x46, 0x44, 0x30, 0x68
	.byte 0x40, 0x18, 0x00, 0x68, 0x00, 0x21, 0x01, 0x70, 0x11, 0x70, 0x3A, 0x68, 0x30, 0x68, 0x81, 0x80
	.byte 0x91, 0x80, 0x3A, 0x68, 0x31, 0x68, 0xD6, 0x24, 0xA4, 0x00, 0x09, 0x19, 0x0B, 0x78, 0x09, 0x25
	.byte 0x6D, 0x42, 0x28, 0x1C, 0x18, 0x40, 0x08, 0x70, 0x12, 0x19, 0x11, 0x78, 0x28, 0x1C, 0x08, 0x40
	.byte 0x10, 0x70, 0x3B, 0x68, 0x32, 0x68, 0x1A, 0x4E, 0x92, 0x19, 0x14, 0x78, 0x41, 0x21, 0x49, 0x42
	.byte 0x08, 0x1C, 0x20, 0x40, 0x10, 0x70, 0x9B, 0x19, 0x18, 0x78, 0x01, 0x40, 0x19, 0x70, 0x39, 0x68
	.byte 0x14, 0x4B, 0xC9, 0x18, 0x0A, 0x78, 0x21, 0x20, 0x40, 0x42, 0x10, 0x40, 0x08, 0x70, 0x39, 0x68
	.byte 0xC9, 0x18, 0x08, 0x78, 0x40, 0x22, 0x10, 0x43, 0x08, 0x70, 0x39, 0x68, 0x0E, 0x4B, 0xC9, 0x18
	.byte 0x0A, 0x78, 0x03, 0x20, 0x40, 0x42, 0x10, 0x40, 0x08, 0x70, 0x0C, 0x4A, 0x42, 0x44, 0x11, 0x78
	.byte 0x7F, 0x20, 0x08, 0x40, 0x10, 0x70, 0x0A, 0x49, 0x41, 0x44, 0x08, 0x78, 0x05, 0x40, 0x0D, 0x70
	.byte 0x40, 0x46, 0x00, 0x21, 0xF4, 0xF7, 0xF2, 0xFA, 0x1B, 0xE0, 0x00, 0x00, 0x00, 0xFF, 0xFF, 0xFF
	.byte 0x51, 0x03, 0x00, 0x00, 0x0D, 0x02, 0x00, 0x00, 0x5A, 0x03, 0x00, 0x00, 0x0B, 0x02, 0x00, 0x00
	.byte 0x0A, 0x02, 0x00, 0x00, 0x28, 0x68, 0x44, 0x46, 0x28, 0x34, 0x21, 0x1C, 0x0C, 0xF0, 0xF8, 0xFB
	.byte 0x28, 0x68, 0x0C, 0xF0, 0x07, 0xFE, 0x28, 0x68, 0x21, 0x1C, 0x00, 0x22, 0x00, 0x23, 0x16, 0xF0
	.byte 0xC7, 0xF8
_080399D6:
	ldr r1, _080399FC @ =0x00000272
	add r1, r8
	ldrh r0, [r1, #0x00]
	subs r0, #0x01
	strh r0, [r1, #0x00]
	lsls r0, r0, #0x10
	cmp r0, #0x00
	bne _080399F0
	movs r1, #0x01
	negs r1, r1
	movs r0, #0xD6
	bl play_sfx_80195B4
_080399F0:
	add sp, #0x00C
	pop {r3}
	mov r8, r3
	pop {r4, r5, r6, r7}
	pop {r0}
	bx r0
_080399FC: .4byte 0x00000272
	thumb_func_start sub_8039A00
sub_8039A00:
	push {r4, r5, r6, lr}
	mov r6, r9
	mov r5, r8
	push {r5, r6}
	adds r5, r0, #0x0
	movs r1, #0x01
	movs r2, #0x01
	bl sub_802C4D4
	movs r0, #0x80
	lsls r0, r0, #0x02
	adds r4, r5, r0
	ldr r0, [r4, #0x00]
	bl sub_804FC90
	ldr r1, [r4, #0x00]
	adds r0, r5, #0x0
	movs r2, #0x00
	movs r3, #0x00
	bl sub_802DDB4
	movs r1, #0x81
	lsls r1, r1, #0x02
	adds r6, r5, r1
	ldr r0, [r6, #0x00]
	movs r1, #0xDA
	lsls r1, r1, #0x02
	adds r0, r0, r1
	ldr r2, [r0, #0x00]
	movs r3, #0x80
	lsls r3, r3, #0x02
	adds r3, r3, r5
	mov r8, r3
	ldr r0, [r3, #0x00]
	adds r0, r0, r1
	ldr r1, [r0, #0x00]
	movs r0, #0x00
	mov r9, r0
	movs r0, #0x10
	strb r0, [r1, #0x00]
	strb r0, [r2, #0x00]
	ldr r2, [r6, #0x00]
	ldr r1, [r3, #0x00]
	movs r0, #0x90
	strh r0, [r1, #0x04]
	strh r0, [r2, #0x04]
	ldr r2, [r6, #0x00]
	ldr r1, [r3, #0x00]
	ldr r4, _08039B3C @ =0x00000351
	adds r1, r1, r4
	ldrb r0, [r1, #0x00]
	movs r3, #0x40
	orrs r0, r3
	strb r0, [r1, #0x00]
	adds r2, r2, r4
	ldrb r0, [r2, #0x00]
	orrs r0, r3
	strb r0, [r2, #0x00]
	ldr r2, [r6, #0x00]
	mov r3, r8
	ldr r1, [r3, #0x00]
	adds r4, #0x07
	adds r1, r1, r4
	ldrb r0, [r1, #0x00]
	movs r3, #0x08
	orrs r0, r3
	strb r0, [r1, #0x00]
	adds r2, r2, r4
	ldrb r0, [r2, #0x00]
	orrs r0, r3
	strb r0, [r2, #0x00]
	ldr r1, [r6, #0x00]
	ldr r0, _08039B40 @ =0x0000020D
	adds r1, r1, r0
	ldrb r0, [r1, #0x00]
	movs r2, #0x20
	orrs r0, r2
	strb r0, [r1, #0x00]
	ldr r1, [r6, #0x00]
	ldr r2, _08039B44 @ =0x0000035A
	adds r1, r1, r2
	ldrb r0, [r1, #0x00]
	movs r2, #0x02
	orrs r0, r2
	strb r0, [r1, #0x00]
	ldr r0, [r6, #0x00]
	movs r1, #0x02
	bl sub_804955C
	ldr r3, _08039B48 @ =0x0000026E
	adds r0, r5, r3
	mov r1, r9
	strh r1, [r0, #0x00]
	subs r3, #0x66
	adds r2, r5, r3
	ldrb r1, [r2, #0x00]
	movs r0, #0x02
	negs r0, r0
	ands r0, r1
	strb r0, [r2, #0x00]
	ldr r0, _08039B4C @ =0x0000020B
	adds r5, r5, r0
	ldrb r0, [r5, #0x00]
	movs r1, #0x80
	orrs r0, r1
	strb r0, [r5, #0x00]
	mov r2, r8
	ldr r1, [r2, #0x00]
	adds r3, #0x0C
	mov r9, r3
	add r1, r9
	ldrb r2, [r1, #0x00]
	movs r4, #0x08
	negs r4, r4
	adds r0, r4, #0x0
	ands r0, r2
	movs r5, #0x04
	orrs r0, r5
	strb r0, [r1, #0x00]
	mov r1, r8
	ldr r0, [r1, #0x00]
	ldr r1, _08039B50 @ =0x0000104D
	bl sub_8049000
	ldr r0, [r6, #0x00]
	add r0, r9
	ldrb r1, [r0, #0x00]
	ands r4, r1
	orrs r4, r5
	strb r4, [r0, #0x00]
	ldr r0, [r6, #0x00]
	ldr r1, _08039B54 @ =0x00001026
	bl sub_8049000
	mov r2, r8
	ldr r1, [r2, #0x00]
	movs r3, #0xA5
	lsls r3, r3, #0x02
	adds r0, r1, r3
	ldr r0, [r0, #0x00]
	adds r0, #0x20
	movs r2, #0x08
	strb r2, [r0, #0x00]
	ldr r0, _08039B58 @ =0x00000239
	adds r1, r1, r0
	strb r2, [r1, #0x00]
	subs r0, #0xE2
	movs r1, #0x01
	negs r1, r1
	bl play_sfx_80195B4
	pop {r3, r4}
	mov r8, r3
	mov r9, r4
	pop {r4, r5, r6}
	pop {r0}
	bx r0
	.byte 0x00, 0x00
_08039B3C: .4byte 0x00000351
_08039B40: .4byte 0x0000020D
_08039B44: .4byte 0x0000035A
_08039B48: .4byte 0x0000026E
_08039B4C: .4byte 0x0000020B
_08039B50: .4byte 0x0000104D
_08039B54: .4byte 0x00001026
_08039B58: .4byte 0x00000239
	thumb_func_start sub_8039B5C
sub_8039B5C:
	push {r4, r5, r6, lr}
	mov r6, r9
	mov r5, r8
	push {r5, r6}
	adds r5, r0, #0x0
	movs r1, #0x01
	movs r2, #0x01
	bl sub_802C4D4
	movs r0, #0x80
	lsls r0, r0, #0x02
	adds r4, r5, r0
	ldr r0, [r4, #0x00]
	bl sub_804FC90
	ldr r1, [r4, #0x00]
	adds r0, r5, #0x0
	movs r2, #0x00
	movs r3, #0x00
	bl sub_802DDB4
	movs r1, #0x81
	lsls r1, r1, #0x02
	adds r6, r5, r1
	ldr r0, [r6, #0x00]
	movs r1, #0xDA
	lsls r1, r1, #0x02
	adds r0, r0, r1
	ldr r2, [r0, #0x00]
	movs r3, #0x80
	lsls r3, r3, #0x02
	adds r3, r3, r5
	mov r9, r3
	ldr r0, [r3, #0x00]
	adds r0, r0, r1
	ldr r1, [r0, #0x00]
	movs r0, #0x00
	mov r8, r0
	movs r0, #0x11
	strb r0, [r1, #0x00]
	strb r0, [r2, #0x00]
	ldr r2, [r6, #0x00]
	ldr r1, [r3, #0x00]
	movs r0, #0x98
	strh r0, [r1, #0x04]
	strh r0, [r2, #0x04]
	ldr r2, [r6, #0x00]
	ldr r1, [r3, #0x00]
	ldr r4, _08039C84 @ =0x00000351
	adds r1, r1, r4
	ldrb r0, [r1, #0x00]
	movs r3, #0x40
	orrs r0, r3
	strb r0, [r1, #0x00]
	adds r2, r2, r4
	ldrb r0, [r2, #0x00]
	orrs r0, r3
	strb r0, [r2, #0x00]
	ldr r2, [r6, #0x00]
	mov r3, r9
	ldr r1, [r3, #0x00]
	adds r4, #0x07
	adds r1, r1, r4
	ldrb r0, [r1, #0x00]
	movs r3, #0x08
	orrs r0, r3
	strb r0, [r1, #0x00]
	adds r2, r2, r4
	ldrb r0, [r2, #0x00]
	orrs r0, r3
	strb r0, [r2, #0x00]
	ldr r1, [r6, #0x00]
	ldr r0, _08039C88 @ =0x0000020D
	adds r1, r1, r0
	ldrb r0, [r1, #0x00]
	movs r2, #0x20
	orrs r0, r2
	strb r0, [r1, #0x00]
	ldr r1, [r6, #0x00]
	ldr r3, _08039C8C @ =0x0000035A
	adds r1, r1, r3
	ldrb r0, [r1, #0x00]
	movs r2, #0x02
	orrs r0, r2
	strb r0, [r1, #0x00]
	ldr r0, [r6, #0x00]
	movs r1, #0x02
	bl sub_804955C
	ldr r1, _08039C90 @ =0x0000026E
	adds r0, r5, r1
	mov r3, r8
	strh r3, [r0, #0x00]
	movs r0, #0x82
	lsls r0, r0, #0x02
	adds r2, r5, r0
	ldrb r1, [r2, #0x00]
	movs r0, #0x02
	negs r0, r0
	ands r0, r1
	strb r0, [r2, #0x00]
	ldr r1, _08039C94 @ =0x0000020B
	adds r5, r5, r1
	ldrb r0, [r5, #0x00]
	movs r1, #0x80
	orrs r0, r1
	strb r0, [r5, #0x00]
	mov r3, r9
	ldr r1, [r3, #0x00]
	movs r0, #0x85
	lsls r0, r0, #0x02
	mov r8, r0
	add r1, r8
	ldrb r2, [r1, #0x00]
	movs r4, #0x08
	negs r4, r4
	adds r0, r4, #0x0
	ands r0, r2
	movs r5, #0x04
	orrs r0, r5
	strb r0, [r1, #0x00]
	ldr r0, [r3, #0x00]
	ldr r1, _08039C98 @ =0x00001034
	bl sub_8049000
	ldr r0, [r6, #0x00]
	add r0, r8
	ldrb r1, [r0, #0x00]
	ands r4, r1
	orrs r4, r5
	strb r4, [r0, #0x00]
	ldr r0, [r6, #0x00]
	movs r1, #0x82
	lsls r1, r1, #0x05
	bl sub_8049000
	movs r1, #0x01
	negs r1, r1
	movs r0, #0x87
	bl play_sfx_80195B4
	pop {r3, r4}
	mov r8, r3
	mov r9, r4
	pop {r4, r5, r6}
	pop {r0}
	bx r0
	.byte 0x00, 0x00
_08039C84: .4byte 0x00000351
_08039C88: .4byte 0x0000020D
_08039C8C: .4byte 0x0000035A
_08039C90: .4byte 0x0000026E
_08039C94: .4byte 0x0000020B
_08039C98: .4byte 0x00001034
	thumb_func_start sub_8039C9C
sub_8039C9C:
	push {r4, r5, r6, r7, lr}
	mov r7, r9
	mov r6, r8
	push {r6, r7}
	add sp, #-0x00C
	mov r8, r0
	movs r0, #0x80
	lsls r0, r0, #0x02
	add r0, r8
	ldr r1, [r0, #0x00]
	mov r0, r8
	bl sub_80303C4
	movs r4, #0x81
	lsls r4, r4, #0x02
	add r4, r8
	ldr r1, [r4, #0x00]
	mov r0, r8
	bl sub_80303C4
	ldr r0, [r4, #0x00]
	ldrh r0, [r0, #0x04]
	subs r0, #0x90
	lsls r0, r0, #0x10
	asrs r0, r0, #0x10
	cmp r0, #0x0F
	bls _08039CD4
	b _0803A2CE
_08039CD4:
	lsls r0, r0, #0x02
	ldr r1, _08039CE0 @ =0x08039CE4
	adds r0, r0, r1
	ldr r0, [r0, #0x00]
	mov pc, r0
	.byte 0x00, 0x00
_08039CE0: .4byte 0x08039CE4
	.byte 0x24, 0x9D, 0x03, 0x08, 0x9E, 0x9E, 0x03, 0x08, 0x0C, 0x9F, 0x03, 0x08, 0xB4, 0x9F, 0x03, 0x08
	.byte 0x70, 0xA0, 0x03, 0x08, 0xE4, 0xA0, 0x03, 0x08, 0x80, 0xA1, 0x03, 0x08, 0x98, 0xA1, 0x03, 0x08
	.byte 0x24, 0x9D, 0x03, 0x08, 0x9E, 0x9E, 0x03, 0x08, 0x0C, 0x9F, 0x03, 0x08, 0xB4, 0x9F, 0x03, 0x08
	.byte 0x70, 0xA0, 0x03, 0x08, 0xE4, 0xA0, 0x03, 0x08, 0x80, 0xA1, 0x03, 0x08, 0x98, 0xA1, 0x03, 0x08
	.byte 0x3C, 0x49, 0x41, 0x44, 0x0A, 0x88, 0x00, 0x23, 0xC8, 0x5E, 0xD0, 0x23, 0x43, 0x44, 0x99, 0x46
	.byte 0x3B, 0x28, 0x4E, 0xDC, 0x50, 0x1C, 0x08, 0x80, 0x81, 0x20, 0x80, 0x00, 0x40, 0x44, 0x00, 0x68
	.byte 0x04, 0x21, 0x40, 0x5E, 0x34, 0x4D, 0x90, 0x28, 0x00, 0xD1, 0x34, 0x4D, 0x31, 0x4E, 0x46, 0x44
	.byte 0x04, 0x27, 0x29, 0x88, 0x00, 0x22, 0xB0, 0x5E, 0x81, 0x42, 0x36, 0xD1, 0x81, 0x24, 0xA4, 0x00
	.byte 0x44, 0x44, 0x20, 0x68, 0xDB, 0x23, 0x9B, 0x00, 0xC0, 0x18, 0x00, 0x68, 0x69, 0x88, 0x00, 0x22
	.byte 0x00, 0x92, 0x00, 0x23, 0xE4, 0xF7, 0xEA, 0xF9, 0x80, 0x20, 0x80, 0x00, 0x40, 0x44, 0x01, 0x68
	.byte 0xA5, 0x22, 0x92, 0x00, 0x88, 0x18, 0x00, 0x68, 0xAA, 0x88, 0x20, 0x30, 0x02, 0x70, 0x24, 0x4B
	.byte 0xC9, 0x18, 0x0A, 0x70, 0x00, 0x21, 0x70, 0x5E, 0x3B, 0x28, 0x16, 0xD1, 0x20, 0x68, 0x54, 0x30
	.byte 0x00, 0x78, 0x87, 0x21, 0x00, 0x28, 0x00, 0xD1, 0xD0, 0x31, 0x08, 0x1C, 0xDF, 0xF7, 0xFA, 0xFB
	.byte 0x20, 0x68, 0x54, 0x30, 0x00, 0x78, 0xAB, 0x21, 0x49, 0x00, 0x00, 0x28, 0x00, 0xD1, 0x02, 0x31
	.byte 0x08, 0x1C, 0x01, 0x21, 0x49, 0x42, 0xDF, 0xF7, 0xF3, 0xFB, 0x01, 0x3F, 0x06, 0x35, 0x00, 0x2F
	.byte 0xBF, 0xD1, 0x4A, 0x46, 0x11, 0x68, 0x81, 0x24, 0xA4, 0x00, 0x44, 0x44, 0x22, 0x68, 0xDA, 0x23
	.byte 0x9B, 0x00, 0xD0, 0x18, 0x00, 0x68, 0x09, 0x88, 0x80, 0x88, 0x08, 0x40, 0x00, 0x28, 0x00, 0xD0
	.byte 0x6B, 0xE2, 0x08, 0x48, 0x40, 0x44, 0x00, 0x21, 0x40, 0x5E, 0x3B, 0x28, 0x12, 0xDC, 0x10, 0x1C
	.byte 0x54, 0x30, 0x00, 0x78, 0x87, 0x21, 0x00, 0x28, 0x00, 0xD1, 0xD0, 0x31, 0x08, 0x1C, 0xDF, 0xF7
	.byte 0xC9, 0xFB, 0x5E, 0xE2, 0x6E, 0x02, 0x00, 0x00, 0x7C, 0xFB, 0x39, 0x08, 0x64, 0xFB, 0x39, 0x08
	.byte 0x39, 0x02, 0x00, 0x00, 0x10, 0x1C, 0x54, 0x30, 0x00, 0x78, 0xAB, 0x21, 0x49, 0x00, 0x00, 0x28
	.byte 0x00, 0xD1, 0x02, 0x31, 0x08, 0x1C, 0xDF, 0xF7, 0xB5, 0xFB, 0x21, 0x68, 0x88, 0x88, 0x01, 0x30
	.byte 0x88, 0x80, 0x80, 0x20, 0x80, 0x00, 0x40, 0x44, 0x01, 0x68, 0x88, 0x88, 0x01, 0x30, 0x88, 0x80
	.byte 0x20, 0x68, 0xCE, 0x22, 0x92, 0x00, 0x81, 0x18, 0x0A, 0x68, 0x38, 0x23, 0xD1, 0x5E, 0x40, 0x18
	.byte 0xD2, 0x6B, 0x01, 0x21, 0xA0, 0xF1, 0x02, 0xFE, 0x20, 0x68, 0xA5, 0x21, 0x89, 0x00, 0x40, 0x18
	.byte 0x02, 0x68, 0x91, 0x7C, 0x07, 0x20, 0x40, 0x42, 0x08, 0x40, 0x02, 0x21, 0x08, 0x43, 0x90, 0x74
	.byte 0x20, 0x68, 0x54, 0x30, 0x00, 0x78, 0x9A, 0x22, 0x00, 0x28, 0x00, 0xD1, 0x9C, 0x22, 0x01, 0x21
	.byte 0x49, 0x42, 0x10, 0x1C, 0xDF, 0xF7, 0x8C, 0xFB, 0x17, 0xE2, 0x81, 0x25, 0xAD, 0x00, 0x45, 0x44
	.byte 0x2A, 0x68, 0xA5, 0x23, 0x9B, 0x00, 0xD0, 0x18, 0x00, 0x68, 0x81, 0x7C, 0x08, 0x20, 0x08, 0x40
	.byte 0x00, 0x28, 0x00, 0xD1, 0x09, 0xE2, 0x85, 0x20, 0x80, 0x00, 0x12, 0x18, 0x11, 0x78, 0x08, 0x20
	.byte 0x40, 0x42, 0x08, 0x40, 0x10, 0x70, 0x29, 0x68, 0x88, 0x88, 0x01, 0x30, 0x00, 0x22, 0x88, 0x80
	.byte 0x80, 0x20, 0x80, 0x00, 0x40, 0x44, 0x01, 0x68, 0x88, 0x88, 0x01, 0x30, 0x88, 0x80, 0x28, 0x68
	.byte 0xDB, 0x24, 0xA4, 0x00, 0x00, 0x19, 0x00, 0x68, 0x00, 0x92, 0x05, 0x21, 0x00, 0x23, 0xE4, 0xF7
	.byte 0x2D, 0xF9, 0x28, 0x68, 0x00, 0x19, 0x02, 0x68, 0x91, 0x7C, 0x07, 0x20, 0x40, 0x42, 0x08, 0x40
	.byte 0x02, 0x21, 0x08, 0x43, 0x90, 0x74, 0xE0, 0xE1, 0x81, 0x25, 0xAD, 0x00, 0x45, 0x44, 0x28, 0x68
	.byte 0xDB, 0x26, 0xB6, 0x00, 0x80, 0x19, 0x01, 0x68, 0x08, 0x1C, 0x21, 0x30, 0x00, 0x78, 0x05, 0x28
	.byte 0x00, 0xD0, 0xD2, 0xE1, 0x89, 0x7C, 0x08, 0x20, 0x08, 0x40, 0x00, 0x28, 0x00, 0xD1, 0xCC, 0xE1
	.byte 0x80, 0x24, 0xA4, 0x00, 0x44, 0x44, 0x21, 0x68, 0x88, 0x88, 0x01, 0x30, 0x88, 0x80, 0x29, 0x68
	.byte 0x88, 0x88, 0x01, 0x30, 0x88, 0x80, 0x22, 0x68, 0x10, 0x1C, 0x54, 0x30, 0x00, 0x78, 0x15, 0x49
	.byte 0x00, 0x28, 0x00, 0xD1, 0x19, 0x39, 0x10, 0x1C, 0x0F, 0xF0, 0x50, 0xF8, 0x28, 0x68, 0x80, 0x19
	.byte 0x00, 0x68, 0xE6, 0xF7, 0xEB, 0xFE, 0x22, 0x68, 0xA5, 0x21, 0x89, 0x00, 0x50, 0x18, 0x01, 0x68
	.byte 0x40, 0x46, 0xFB, 0x30, 0x00, 0x78, 0xC0, 0x08, 0x20, 0x31, 0x08, 0x70, 0x0A, 0x4B, 0xD2, 0x18
	.byte 0x10, 0x70, 0x20, 0x68, 0x09, 0x49, 0x01, 0x25, 0x6D, 0x42, 0x75, 0x22, 0x2B, 0x1C, 0x06, 0xF0
	.byte 0x2D, 0xF9, 0x20, 0x68, 0x54, 0x30, 0x00, 0x78, 0x23, 0x21, 0x00, 0x28, 0x00, 0xD0, 0xE3, 0xE0
	.byte 0x11, 0x21, 0xE1, 0xE0, 0x4E, 0x10, 0x00, 0x00, 0x39, 0x02, 0x00, 0x00, 0x2C, 0x05, 0x00, 0x00
	.byte 0x80, 0x25, 0xAD, 0x00, 0x45, 0x44, 0x28, 0x68, 0x06, 0xF0, 0x82, 0xF9, 0x28, 0x68, 0x0C, 0xF0
	.byte 0x09, 0xFB, 0x28, 0x68, 0x41, 0x46, 0x28, 0x31, 0x00, 0x22, 0x00, 0x23, 0x15, 0xF0, 0xC8, 0xFD
	.byte 0x2A, 0x68, 0x97, 0x21, 0x89, 0x00, 0x50, 0x18, 0x01, 0x68, 0x01, 0x20, 0x40, 0x42, 0x81, 0x42
	.byte 0x00, 0xD0, 0x72, 0xE1, 0x90, 0x88, 0x01, 0x30, 0x90, 0x80, 0x81, 0x26, 0xB6, 0x00, 0x46, 0x44
	.byte 0x31, 0x68, 0x88, 0x88, 0x01, 0x30, 0x88, 0x80, 0x32, 0x68, 0x85, 0x24, 0xA4, 0x00, 0x12, 0x19
	.byte 0x13, 0x78, 0x08, 0x21, 0x49, 0x42, 0x08, 0x1C, 0x18, 0x40, 0x03, 0x23, 0x18, 0x43, 0x10, 0x70
	.byte 0x28, 0x68, 0x00, 0x19, 0x02, 0x78, 0x11, 0x40, 0x19, 0x43, 0x01, 0x70, 0x2A, 0x68, 0x10, 0x1C
	.byte 0x54, 0x30, 0x00, 0x78, 0x00, 0x28, 0x0D, 0xD1, 0x04, 0x49, 0x10, 0x1C, 0x0E, 0xF0, 0xE6, 0xFF
	.byte 0x30, 0x68, 0x03, 0x49, 0x0E, 0xF0, 0xE2, 0xFF, 0x0C, 0xE0, 0x00, 0x00, 0x01, 0x10, 0x00, 0x00
	.byte 0x02, 0x10, 0x00, 0x00, 0x06, 0x49, 0x10, 0x1C, 0x0E, 0xF0, 0xD8, 0xFF, 0x30, 0x68, 0x05, 0x49
	.byte 0x0E, 0xF0, 0xD4, 0xFF, 0x04, 0x49, 0x41, 0x44, 0x08, 0x20, 0x08, 0x80, 0x35, 0xE1, 0x00, 0x00
	.byte 0x02, 0x10, 0x00, 0x00, 0x01, 0x10, 0x00, 0x00, 0x6E, 0x02, 0x00, 0x00, 0x1A, 0x49, 0x41, 0x44
	.byte 0x08, 0x88, 0x01, 0x38, 0x08, 0x80, 0x00, 0x04, 0x00, 0x28, 0x00, 0xD0, 0x25, 0xE1, 0x80, 0x25
	.byte 0xAD, 0x00, 0x45, 0x44, 0x2A, 0x68, 0x24, 0x32, 0x13, 0x78, 0x59, 0x07, 0x49, 0x0F, 0x04, 0x31
	.byte 0x07, 0x20, 0x01, 0x40, 0x08, 0x24, 0x64, 0x42, 0x20, 0x1C, 0x18, 0x40, 0x08, 0x43, 0x10, 0x70
	.byte 0x28, 0x68, 0x0E, 0x49, 0x01, 0x23, 0x5B, 0x42, 0x75, 0x22, 0x06, 0xF0, 0x9F, 0xF8, 0x29, 0x68
	.byte 0x85, 0x22, 0x92, 0x00, 0x89, 0x18, 0x08, 0x78, 0x04, 0x40, 0x01, 0x20, 0x04, 0x43, 0x0C, 0x70
	.byte 0x29, 0x68, 0x88, 0x88, 0x01, 0x30, 0x88, 0x80, 0x81, 0x20, 0x80, 0x00, 0x40, 0x44, 0x01, 0x68
	.byte 0x88, 0x88, 0x01, 0x30, 0x88, 0x80, 0xF8, 0xE0, 0x6E, 0x02, 0x00, 0x00, 0x7A, 0x02, 0x00, 0x00
	.byte 0x80, 0x24, 0xA4, 0x00, 0x44, 0x44, 0x20, 0x68, 0x06, 0xF0, 0xEA, 0xF8, 0x20, 0x68, 0x0C, 0xF0
	.byte 0x71, 0xFA, 0x20, 0x68, 0x41, 0x46, 0x28, 0x31, 0x00, 0x22, 0x00, 0x23, 0x15, 0xF0, 0x30, 0xFD
	.byte 0x22, 0x68, 0x97, 0x23, 0x9B, 0x00, 0xD0, 0x18, 0x05, 0x68, 0x01, 0x20, 0x40, 0x42, 0x85, 0x42
	.byte 0x00, 0xD0, 0xDA, 0xE0, 0x10, 0x1C, 0x54, 0x30, 0x00, 0x78, 0x16, 0x49, 0x00, 0x28, 0x00, 0xD1
	.byte 0x1E, 0x39, 0x10, 0x1C, 0x0E, 0xF0, 0x6A, 0xFF, 0x21, 0x68, 0x88, 0x88, 0x01, 0x30, 0x88, 0x80
	.byte 0x81, 0x22, 0x92, 0x00, 0x42, 0x44, 0x11, 0x68, 0x88, 0x88, 0x01, 0x30, 0x88, 0x80, 0x0E, 0x49
	.byte 0x41, 0x44, 0x3C, 0x20, 0x08, 0x80, 0x10, 0x68, 0x54, 0x30, 0x00, 0x78, 0x9A, 0x21, 0x00, 0x28
	.byte 0x00, 0xD1, 0x9C, 0x21, 0x08, 0x1C, 0xDF, 0xF7, 0x25, 0xFA, 0x20, 0x68, 0x54, 0x30, 0x00, 0x78
	.byte 0xFE, 0x21, 0x00, 0x28, 0x00, 0xD1, 0xF0, 0x21, 0x08, 0x1C, 0x29, 0x1C, 0xDF, 0xF7, 0x20, 0xFA
	.byte 0xAB, 0xE0, 0x00, 0x00, 0x84, 0x10, 0x00, 0x00, 0x6E, 0x02, 0x00, 0x00, 0x04, 0x49, 0x41, 0x44
	.byte 0x08, 0x88, 0x01, 0x38, 0x08, 0x80, 0x00, 0x04, 0x00, 0x28, 0x00, 0xD0, 0x9D, 0xE0, 0xA0, 0xE0
	.byte 0x6E, 0x02, 0x00, 0x00, 0x81, 0x25, 0xAD, 0x00, 0x45, 0x44, 0x29, 0x68, 0x40, 0x46, 0xF3, 0xF7
	.byte 0x33, 0xFD, 0x00, 0x06, 0x00, 0x28, 0x0A, 0xD1, 0x29, 0x68, 0x88, 0x69, 0x00, 0x28, 0x0C, 0xD0
	.byte 0x49, 0x78, 0x09, 0x06, 0x09, 0x16, 0x01, 0x20, 0x40, 0x42, 0x81, 0x42, 0x05, 0xD1, 0x28, 0x68
	.byte 0x0D, 0xF0, 0xD8, 0xFC, 0x00, 0x06, 0x00, 0x28, 0x70, 0xD1, 0x81, 0x27, 0xBF, 0x00, 0x47, 0x44
	.byte 0x38, 0x68, 0x0D, 0xF0, 0xCF, 0xFC, 0x00, 0x06, 0x00, 0x0E, 0x01, 0x28, 0x08, 0xD1, 0x39, 0x68
	.byte 0xC8, 0x68, 0x2D, 0x4A, 0x10, 0x40, 0xC8, 0x60, 0x39, 0x68, 0x08, 0x69, 0x10, 0x40, 0x08, 0x61
	.byte 0x38, 0x68, 0x0C, 0xF0, 0xC3, 0xFB, 0x38, 0x68, 0xDA, 0x21, 0x89, 0x00, 0x40, 0x18, 0x02, 0x68
	.byte 0x80, 0x26, 0xB6, 0x00, 0x46, 0x44, 0x30, 0x68, 0x40, 0x18, 0x00, 0x68, 0x00, 0x21, 0x01, 0x70
	.byte 0x11, 0x70, 0x3A, 0x68, 0x30, 0x68, 0x81, 0x80, 0x91, 0x80, 0x3A, 0x68, 0x31, 0x68, 0xD6, 0x24
	.byte 0xA4, 0x00, 0x09, 0x19, 0x0B, 0x78, 0x09, 0x25, 0x6D, 0x42, 0x28, 0x1C, 0x18, 0x40, 0x08, 0x70
	.byte 0x12, 0x19, 0x11, 0x78, 0x28, 0x1C, 0x08, 0x40, 0x10, 0x70, 0x3B, 0x68, 0x32, 0x68, 0x17, 0x4E
	.byte 0x92, 0x19, 0x14, 0x78, 0x41, 0x21, 0x49, 0x42, 0x08, 0x1C, 0x20, 0x40, 0x10, 0x70, 0x9B, 0x19
	.byte 0x18, 0x78, 0x01, 0x40, 0x19, 0x70, 0x39, 0x68, 0x11, 0x4B, 0xC9, 0x18, 0x0A, 0x78, 0x21, 0x20
	.byte 0x40, 0x42, 0x10, 0x40, 0x08, 0x70, 0x39, 0x68, 0xC9, 0x18, 0x08, 0x78, 0x40, 0x22, 0x10, 0x43
	.byte 0x08, 0x70, 0x39, 0x68, 0x0B, 0x48, 0x09, 0x18, 0x0A, 0x78, 0x03, 0x20, 0x40, 0x42, 0x10, 0x40
	.byte 0x08, 0x70, 0x09, 0x49, 0x41, 0x44, 0x08, 0x78, 0x05, 0x40, 0x0D, 0x70, 0x40, 0x46, 0x00, 0x21
	.byte 0xF3, 0xF7, 0x74, 0xFE, 0x19, 0xE0, 0x00, 0x00, 0x00, 0xFF, 0xFF, 0xFF, 0x51, 0x03, 0x00, 0x00
	.byte 0x0D, 0x02, 0x00, 0x00, 0x5A, 0x03, 0x00, 0x00, 0x0A, 0x02, 0x00, 0x00, 0x28, 0x68, 0x44, 0x46
	.byte 0x28, 0x34, 0x21, 0x1C, 0x0B, 0xF0, 0x7C, 0xFF, 0x28, 0x68, 0x0C, 0xF0, 0x8B, 0xF9, 0x28, 0x68
	.byte 0x21, 0x1C, 0x00, 0x22, 0x00, 0x23, 0x15, 0xF0, 0x4B, 0xFC
_0803A2CE:
	movs r0, #0x00
	cmp r0, #0x00
	bne _0803A2D6
	b _0803A416
_0803A2D6:
	movs r2, #0x82
	lsls r2, r2, #0x02
	add r2, r8
	ldrb r0, [r2, #0x00]
	movs r1, #0x01
	orrs r0, r1
	strb r0, [r2, #0x00]
	ldr r2, _0803A310 @ =0x0000020B
	add r2, r8
	ldrb r1, [r2, #0x00]
	movs r0, #0x7F
	ands r0, r1
	strb r0, [r2, #0x00]
	movs r0, #0x80
	lsls r0, r0, #0x02
	add r0, r8
	ldr r2, [r0, #0x00]
	adds r0, r2, #0x0
	adds r0, #0x54
	ldrb r0, [r0, #0x00]
	cmp r0, #0x00
	bne _0803A314
	movs r0, #0x81
	lsls r0, r0, #0x02
	add r0, r8
	ldr r1, [r0, #0x00]
	movs r0, #0x9F
	b _0803A31E
	.byte 0x00, 0x00
_0803A310: .4byte 0x0000020B
_0803A314:
	movs r0, #0x81
	lsls r0, r0, #0x02
	add r0, r8
	ldr r1, [r0, #0x00]
	movs r0, #0x97
_0803A31E:
	strh r0, [r1, #0x04]
	strh r0, [r2, #0x04]
	movs r6, #0x81
	lsls r6, r6, #0x02
	add r6, r8
	ldr r2, [r6, #0x00]
	movs r5, #0x85
	lsls r5, r5, #0x02
	adds r2, r2, r5
	ldrb r3, [r2, #0x00]
	movs r1, #0x08
	negs r1, r1
	adds r0, r1, #0x0
	ands r0, r3
	movs r4, #0x03
	orrs r0, r4
	strb r0, [r2, #0x00]
	movs r3, #0x80
	lsls r3, r3, #0x02
	add r3, r8
	ldr r0, [r3, #0x00]
	adds r0, r0, r5
	ldrb r2, [r0, #0x00]
	ands r1, r2
	orrs r1, r4
	strb r1, [r0, #0x00]
	ldr r3, [r3, #0x00]
	adds r0, r3, #0x0
	adds r0, #0x54
	ldrb r0, [r0, #0x00]
	cmp r0, #0x00
	bne _0803A378
	ldr r1, _0803A370 @ =0x00001001
	adds r0, r3, #0x0
	bl sub_8049000
	ldr r0, [r6, #0x00]
	ldr r1, _0803A374 @ =0x00001002
	bl sub_8049000
	b _0803A388
_0803A370: .4byte 0x00001001
_0803A374: .4byte 0x00001002
_0803A378:
	ldr r1, _0803A424 @ =0x00001002
	adds r0, r3, #0x0
	bl sub_8049000
	ldr r0, [r6, #0x00]
	ldr r1, _0803A428 @ =0x00001001
	bl sub_8049000
_0803A388:
	movs r4, #0x81
	lsls r4, r4, #0x02
	add r4, r8
	ldr r0, [r4, #0x00]
	movs r1, #0xDB
	lsls r1, r1, #0x02
	adds r0, r0, r1
	ldr r0, [r0, #0x00]
	bl sub_8020D40
	movs r3, #0x80
	lsls r3, r3, #0x02
	add r3, r8
	ldr r2, [r3, #0x00]
	movs r1, #0xA5
	lsls r1, r1, #0x02
	adds r0, r2, r1
	ldr r1, [r0, #0x00]
	mov r0, r8
	adds r0, #0xFB
	ldrb r0, [r0, #0x00]
	lsrs r0, r0, #0x03
	adds r1, #0x20
	strb r0, [r1, #0x00]
	ldr r1, _0803A42C @ =0x00000239
	adds r2, r2, r1
	strb r0, [r2, #0x00]
	ldr r1, [r4, #0x00]
	ldr r2, _0803A430 @ =0x0000020D
	adds r1, r1, r2
	ldrb r2, [r1, #0x00]
	movs r0, #0x41
	negs r0, r0
	ands r0, r2
	strb r0, [r1, #0x00]
	ldr r0, _0803A434 @ =0x00000209
	add r0, r8
	ldrb r1, [r0, #0x00]
	movs r0, #0x40
	ands r0, r1
	cmp r0, #0x00
	bne _0803A416
	ldr r1, [r4, #0x00]
	ldr r2, [r3, #0x00]
	ldr r3, [r2, #0x0C]
	cmp r3, #0x00
	bge _0803A3E8
	adds r3, #0xFF
_0803A3E8:
	asrs r3, r3, #0x08
	ldr r0, [r2, #0x10]
	cmp r0, #0x00
	bge _0803A3F2
	adds r0, #0xFF
_0803A3F2:
	asrs r0, r0, #0x08
	str r0, [sp, #0x000]
	ldr r0, [r2, #0x14]
	cmp r0, #0x00
	bge _0803A3FE
	adds r0, #0xFF
_0803A3FE:
	asrs r0, r0, #0x08
	str r0, [sp, #0x004]
	movs r0, #0x80
	lsls r0, r0, #0x01
	add r0, r8
	ldrh r0, [r0, #0x00]
	str r0, [sp, #0x008]
	adds r0, r1, #0x0
	movs r1, #0x01
	movs r2, #0x00
	bl sub_8045A94
_0803A416:
	add sp, #0x00C
	pop {r3, r4}
	mov r8, r3
	mov r9, r4
	pop {r4, r5, r6, r7}
	pop {r0}
	bx r0
_0803A424: .4byte 0x00001002
_0803A428: .4byte 0x00001001
_0803A42C: .4byte 0x00000239
_0803A430: .4byte 0x0000020D
_0803A434: .4byte 0x00000209
	thumb_func_start sub_803A438
sub_803A438:
	push {r4, r5, r6, r7, lr}
	adds r6, r0, #0x0
	movs r1, #0x01
	movs r2, #0x01
	bl sub_802C4D4
	movs r0, #0x80
	lsls r0, r0, #0x02
	adds r4, r6, r0
	ldr r0, [r4, #0x00]
	bl sub_804FC90
	ldr r1, [r4, #0x00]
	adds r0, r6, #0x0
	movs r2, #0x00
	movs r3, #0x00
	bl sub_802DDB4
	movs r1, #0x80
	lsls r1, r1, #0x02
	adds r0, r6, r1
	ldr r2, [r0, #0x00]
	adds r0, r2, #0x0
	adds r0, #0x54
	ldrb r0, [r0, #0x00]
	cmp r0, #0x00
	bne _0803A478
	adds r1, #0x04
	adds r0, r6, r1
	ldr r1, [r0, #0x00]
	movs r0, #0x61
	b _0803A482
_0803A478:
	movs r1, #0x81
	lsls r1, r1, #0x02
	adds r0, r6, r1
	ldr r1, [r0, #0x00]
	movs r0, #0x4D
_0803A482:
	strh r0, [r2, #0x04]
	strh r0, [r1, #0x04]
	movs r0, #0x81
	lsls r0, r0, #0x02
	adds r7, r6, r0
	ldr r2, [r7, #0x00]
	movs r1, #0x80
	lsls r1, r1, #0x02
	adds r5, r6, r1
	ldr r1, [r5, #0x00]
	ldr r4, _0803A568 @ =0x00000351
	adds r1, r1, r4
	ldrb r0, [r1, #0x00]
	movs r3, #0x40
	orrs r0, r3
	strb r0, [r1, #0x00]
	adds r2, r2, r4
	ldrb r0, [r2, #0x00]
	orrs r0, r3
	strb r0, [r2, #0x00]
	ldr r2, [r7, #0x00]
	ldr r1, [r5, #0x00]
	movs r3, #0xD6
	lsls r3, r3, #0x02
	adds r1, r1, r3
	ldrb r0, [r1, #0x00]
	movs r4, #0x08
	orrs r0, r4
	strb r0, [r1, #0x00]
	adds r2, r2, r3
	ldrb r0, [r2, #0x00]
	orrs r0, r4
	strb r0, [r2, #0x00]
	ldr r1, [r7, #0x00]
	ldr r0, _0803A56C @ =0x0000020D
	adds r1, r1, r0
	ldrb r0, [r1, #0x00]
	movs r2, #0x20
	orrs r0, r2
	strb r0, [r1, #0x00]
	ldr r1, [r7, #0x00]
	ldr r0, _0803A570 @ =0x0000035A
	adds r1, r1, r0
	ldrb r0, [r1, #0x00]
	movs r2, #0x02
	orrs r0, r2
	strb r0, [r1, #0x00]
	ldr r0, [r7, #0x00]
	movs r1, #0x02
	bl sub_804955C
	ldr r0, _0803A574 @ =0x0000026E
	adds r1, r6, r0
	movs r0, #0x00
	strh r0, [r1, #0x00]
	ldr r1, _0803A578 @ =0x0000020B
	adds r2, r6, r1
	ldrb r0, [r2, #0x00]
	movs r1, #0x80
	orrs r0, r1
	strb r0, [r2, #0x00]
	ldr r0, _0803A57C @ =0x0000020A
	adds r1, r6, r0
	ldrb r0, [r1, #0x00]
	orrs r0, r4
	strb r0, [r1, #0x00]
	ldr r3, [r5, #0x00]
	ldr r0, [r7, #0x00]
	adds r0, #0x24
	ldrb r2, [r0, #0x00]
	lsls r2, r2, #0x1D
	adds r3, #0x24
	lsrs r2, r2, #0x1D
	ldrb r4, [r3, #0x00]
	movs r1, #0x08
	negs r1, r1
	adds r0, r1, #0x0
	ands r0, r4
	orrs r0, r2
	strb r0, [r3, #0x00]
	ldr r2, [r7, #0x00]
	movs r0, #0x85
	lsls r0, r0, #0x02
	adds r2, r2, r0
	ldrb r0, [r2, #0x00]
	ands r1, r0
	movs r0, #0x04
	orrs r1, r0
	strb r1, [r2, #0x00]
	ldr r2, [r7, #0x00]
	ldr r0, [r5, #0x00]
	adds r0, #0x54
	ldrb r0, [r0, #0x00]
	ldr r1, _0803A580 @ =0x00001026
	cmp r0, #0x00
	bne _0803A544
	adds r1, #0x1A
_0803A544:
	adds r0, r2, #0x0
	bl sub_8049000
	ldr r0, [r7, #0x00]
	adds r0, #0x54
	ldrb r0, [r0, #0x00]
	movs r2, #0x87
	cmp r0, #0x00
	bne _0803A558
	adds r2, #0xD0
_0803A558:
	movs r1, #0x01
	negs r1, r1
	adds r0, r2, #0x0
	bl play_sfx_80195B4
	pop {r4, r5, r6, r7}
	pop {r0}
	bx r0
_0803A568: .4byte 0x00000351
_0803A56C: .4byte 0x0000020D
_0803A570: .4byte 0x0000035A
_0803A574: .4byte 0x0000026E
_0803A578: .4byte 0x0000020B
_0803A57C: .4byte 0x0000020A
_0803A580: .4byte 0x00001026
	thumb_func_start sub_803A584
sub_803A584:
	push {r4, r5, r6, r7, lr}
	mov r7, r9
	mov r6, r8
	push {r6, r7}
	add sp, #-0x00C
	mov r8, r0
	movs r0, #0x81
	lsls r0, r0, #0x02
	add r0, r8
	ldr r0, [r0, #0x00]
	ldrh r0, [r0, #0x04]
	subs r0, #0x4D
	lsls r0, r0, #0x10
	asrs r0, r0, #0x10
	cmp r0, #0x17
	bls _0803A5A6
	b _0803AAD6
_0803A5A6:
	lsls r0, r0, #0x02
	ldr r1, _0803A5B0 @ =0x0803A5B4
	adds r0, r0, r1
	ldr r0, [r0, #0x00]
	mov pc, r0
_0803A5B0: .4byte 0x0803A5B4
	.byte 0x14, 0xA6, 0x03, 0x08, 0x32, 0xA8, 0x03, 0x08, 0xB0, 0xA8, 0x03, 0x08, 0xA8, 0xA9, 0x03, 0x08
	.byte 0xD6, 0xAA, 0x03, 0x08, 0xD6, 0xAA, 0x03, 0x08, 0xD6, 0xAA, 0x03, 0x08, 0xD6, 0xAA, 0x03, 0x08
	.byte 0xD6, 0xAA, 0x03, 0x08, 0xD6, 0xAA, 0x03, 0x08, 0xD6, 0xAA, 0x03, 0x08, 0xD6, 0xAA, 0x03, 0x08
	.byte 0xD6, 0xAA, 0x03, 0x08, 0xD6, 0xAA, 0x03, 0x08, 0xD6, 0xAA, 0x03, 0x08, 0xD6, 0xAA, 0x03, 0x08
	.byte 0xD6, 0xAA, 0x03, 0x08, 0xD6, 0xAA, 0x03, 0x08, 0xD6, 0xAA, 0x03, 0x08, 0xD6, 0xAA, 0x03, 0x08
	.byte 0x14, 0xA6, 0x03, 0x08, 0x32, 0xA8, 0x03, 0x08, 0xB0, 0xA8, 0x03, 0x08, 0xA8, 0xA9, 0x03, 0x08
	.byte 0x62, 0x49, 0x41, 0x44, 0x0A, 0x88, 0x00, 0x23, 0xC8, 0x5E, 0xD0, 0x23, 0x43, 0x44, 0x99, 0x46
	.byte 0x3B, 0x28, 0x4E, 0xDC, 0x50, 0x1C, 0x08, 0x80, 0x81, 0x20, 0x80, 0x00, 0x40, 0x44, 0x00, 0x68
	.byte 0x04, 0x21, 0x40, 0x5E, 0x5A, 0x4D, 0x90, 0x28, 0x00, 0xD1, 0x5A, 0x4D, 0x57, 0x4E, 0x46, 0x44
	.byte 0x04, 0x27, 0x29, 0x88, 0x00, 0x22, 0xB0, 0x5E, 0x81, 0x42, 0x36, 0xD1, 0x81, 0x24, 0xA4, 0x00
	.byte 0x44, 0x44, 0x20, 0x68, 0xDB, 0x23, 0x9B, 0x00, 0xC0, 0x18, 0x00, 0x68, 0x69, 0x88, 0x00, 0x22
	.byte 0x00, 0x92, 0x00, 0x23, 0xE3, 0xF7, 0x72, 0xFD, 0x80, 0x20, 0x80, 0x00, 0x40, 0x44, 0x01, 0x68
	.byte 0xA5, 0x22, 0x92, 0x00, 0x88, 0x18, 0x00, 0x68, 0xAA, 0x88, 0x20, 0x30, 0x02, 0x70, 0x4A, 0x4B
	.byte 0xC9, 0x18, 0x0A, 0x70, 0x00, 0x21, 0x70, 0x5E, 0x3B, 0x28, 0x16, 0xD1, 0x20, 0x68, 0x54, 0x30
	.byte 0x00, 0x78, 0x87, 0x21, 0x00, 0x28, 0x00, 0xD1, 0xD0, 0x31, 0x08, 0x1C, 0xDE, 0xF7, 0x82, 0xFF
	.byte 0x20, 0x68, 0x54, 0x30, 0x00, 0x78, 0xAB, 0x21, 0x49, 0x00, 0x00, 0x28, 0x00, 0xD1, 0x02, 0x31
	.byte 0x08, 0x1C, 0x01, 0x21, 0x49, 0x42, 0xDE, 0xF7, 0x7B, 0xFF, 0x01, 0x3F, 0x06, 0x35, 0x00, 0x2F
	.byte 0xBF, 0xD1, 0x4A, 0x46, 0x11, 0x68, 0x81, 0x25, 0xAD, 0x00, 0x45, 0x44, 0x2A, 0x68, 0xDA, 0x23
	.byte 0x9B, 0x00, 0xD0, 0x18, 0x00, 0x68, 0x09, 0x88, 0x80, 0x88, 0x08, 0x40, 0x00, 0x28, 0x00, 0xD0
	.byte 0xF7, 0xE1, 0x2E, 0x48, 0x40, 0x44, 0x00, 0x21, 0x40, 0x5E, 0x3B, 0x28, 0x64, 0xDC, 0x10, 0x1C
	.byte 0x54, 0x30, 0x00, 0x78, 0x87, 0x21, 0x00, 0x28, 0x00, 0xD1, 0xD0, 0x31, 0x08, 0x1C, 0xDE, 0xF7
	.byte 0x51, 0xFF, 0x28, 0x68, 0xDB, 0x22, 0x92, 0x00, 0x80, 0x18, 0x00, 0x68, 0xE6, 0xF7, 0x16, 0xFB
	.byte 0x2A, 0x68, 0x85, 0x23, 0x9B, 0x00, 0xD2, 0x18, 0x11, 0x78, 0x08, 0x20, 0x40, 0x42, 0x08, 0x40
	.byte 0x03, 0x21, 0x08, 0x43, 0x10, 0x70, 0x2A, 0x68, 0x80, 0x24, 0xA4, 0x00, 0x44, 0x44, 0x20, 0x68
	.byte 0x54, 0x30, 0x00, 0x78, 0x1D, 0x49, 0x00, 0x28, 0x00, 0xD1, 0x01, 0x31, 0x10, 0x1C, 0x0E, 0xF0
	.byte 0x5D, 0xFC, 0x28, 0x68, 0x1A, 0x49, 0x40, 0x18, 0x02, 0x78, 0x41, 0x21, 0x49, 0x42, 0x11, 0x40
	.byte 0x01, 0x70, 0x2A, 0x68, 0x21, 0x68, 0xCB, 0x68, 0x00, 0x2B, 0x00, 0xDA, 0xFF, 0x33, 0x1B, 0x12
	.byte 0x08, 0x69, 0x00, 0x28, 0x00, 0xDA, 0xFF, 0x30, 0x00, 0x12, 0x00, 0x90, 0x48, 0x69, 0x00, 0x28
	.byte 0x00, 0xDA, 0xFF, 0x30, 0x00, 0x12, 0x01, 0x90, 0x0E, 0x49, 0x50, 0x18, 0x00, 0x88, 0x02, 0x90
	.byte 0x10, 0x1C, 0x01, 0x21, 0x00, 0x22, 0x0B, 0xF0, 0x83, 0xF9, 0x29, 0x68, 0x88, 0x88, 0x03, 0x30
	.byte 0x88, 0x80, 0x21, 0x68, 0x88, 0x88, 0x03, 0x30, 0x88, 0x80, 0x9A, 0xE1, 0x6E, 0x02, 0x00, 0x00
	.byte 0xAC, 0xFB, 0x39, 0x08, 0x94, 0xFB, 0x39, 0x08, 0x39, 0x02, 0x00, 0x00, 0x01, 0x10, 0x00, 0x00
	.byte 0x0D, 0x02, 0x00, 0x00, 0x3E, 0x02, 0x00, 0x00, 0x10, 0x1C, 0x54, 0x30, 0x00, 0x78, 0xAB, 0x21
	.byte 0x49, 0x00, 0x00, 0x28, 0x00, 0xD1, 0x02, 0x31, 0x08, 0x1C, 0xDE, 0xF7, 0xEB, 0xFE, 0x29, 0x68
	.byte 0x88, 0x88, 0x01, 0x30, 0x88, 0x80, 0x80, 0x20, 0x80, 0x00, 0x40, 0x44, 0x01, 0x68, 0x88, 0x88
	.byte 0x01, 0x30, 0x88, 0x80, 0x28, 0x68, 0xCE, 0x22, 0x92, 0x00, 0x81, 0x18, 0x0A, 0x68, 0x38, 0x23
	.byte 0xD1, 0x5E, 0x40, 0x18, 0xD2, 0x6B, 0x01, 0x21, 0xA0, 0xF1, 0x38, 0xF9, 0x28, 0x68, 0xA5, 0x21
	.byte 0x89, 0x00, 0x40, 0x18, 0x02, 0x68, 0x91, 0x7C, 0x07, 0x20, 0x40, 0x42, 0x08, 0x40, 0x02, 0x21
	.byte 0x08, 0x43, 0x90, 0x74, 0x28, 0x68, 0x54, 0x30, 0x00, 0x78, 0x9A, 0x22, 0x00, 0x28, 0x00, 0xD1
	.byte 0x9C, 0x22, 0x01, 0x21, 0x49, 0x42, 0x10, 0x1C, 0xDE, 0xF7, 0xC2, 0xFE, 0x51, 0xE1, 0x81, 0x25
	.byte 0xAD, 0x00, 0x45, 0x44, 0x28, 0x68, 0xA5, 0x22, 0x92, 0x00, 0x80, 0x18, 0x00, 0x68, 0x81, 0x7C
	.byte 0x08, 0x20, 0x08, 0x40, 0x00, 0x28, 0x00, 0xD1, 0x43, 0xE1, 0x17, 0x49, 0x41, 0x44, 0x00, 0x23
	.byte 0x28, 0x20, 0x08, 0x80, 0x29, 0x68, 0x85, 0x20, 0x80, 0x00, 0x09, 0x18, 0x0A, 0x78, 0x08, 0x20
	.byte 0x40, 0x42, 0x10, 0x40, 0x08, 0x70, 0x29, 0x68, 0x88, 0x88, 0x01, 0x30, 0x88, 0x80, 0x80, 0x20
	.byte 0x80, 0x00, 0x40, 0x44, 0x01, 0x68, 0x88, 0x88, 0x01, 0x30, 0x88, 0x80, 0x28, 0x68, 0xDB, 0x24
	.byte 0xA4, 0x00, 0x00, 0x19, 0x00, 0x68, 0x00, 0x93, 0x05, 0x21, 0x00, 0x22, 0xE3, 0xF7, 0x5E, 0xFC
	.byte 0x28, 0x68, 0x00, 0x19, 0x02, 0x68, 0x91, 0x7C, 0x07, 0x20, 0x40, 0x42, 0x08, 0x40, 0x02, 0x21
	.byte 0x08, 0x43, 0x90, 0x74, 0x15, 0xE1, 0x00, 0x00, 0x6E, 0x02, 0x00, 0x00, 0x81, 0x20, 0x80, 0x00
	.byte 0x40, 0x44, 0x00, 0x68, 0xDB, 0x21, 0x89, 0x00, 0x40, 0x18, 0x02, 0x68, 0x10, 0x1C, 0x21, 0x30
	.byte 0x00, 0x78, 0x05, 0x28, 0x0C, 0xD1, 0x91, 0x7C, 0x08, 0x20, 0x08, 0x40, 0x00, 0x28, 0x07, 0xD0
	.byte 0x00, 0x20, 0x00, 0x90, 0x10, 0x1C, 0x06, 0x21, 0x00, 0x22, 0x00, 0x23, 0xE3, 0xF7, 0x36, 0xFC
	.byte 0x2D, 0x49, 0x41, 0x44, 0x0A, 0x88, 0x00, 0x23, 0xC8, 0x5E, 0x00, 0x28, 0x00, 0xD1, 0xF0, 0xE0
	.byte 0x50, 0x1E, 0x08, 0x80, 0x00, 0x04, 0x06, 0x14, 0x00, 0x2E, 0x00, 0xD0, 0xE9, 0xE0, 0x81, 0x25
	.byte 0xAD, 0x00, 0x45, 0x44, 0x28, 0x68, 0xDB, 0x21, 0x89, 0x00, 0x40, 0x18, 0x00, 0x68, 0xE6, 0xF7
	.byte 0x15, 0xFA, 0x2A, 0x68, 0x85, 0x23, 0x9B, 0x00, 0xD2, 0x18, 0x11, 0x78, 0x08, 0x20, 0x40, 0x42
	.byte 0x08, 0x40, 0x03, 0x21, 0x08, 0x43, 0x10, 0x70, 0x2A, 0x68, 0x80, 0x24, 0xA4, 0x00, 0x44, 0x44
	.byte 0x20, 0x68, 0x54, 0x30, 0x00, 0x78, 0x19, 0x49, 0x00, 0x28, 0x00, 0xD1, 0x01, 0x31, 0x10, 0x1C
	.byte 0x0E, 0xF0, 0x5C, 0xFB, 0x29, 0x68, 0x20, 0x68, 0xC3, 0x68, 0x00, 0x2B, 0x00, 0xDA, 0xFF, 0x33
	.byte 0x1B, 0x12, 0x00, 0x69, 0x00, 0x28, 0x00, 0xDA, 0xFF, 0x30, 0x00, 0x12, 0x00, 0x90, 0x01, 0x96
	.byte 0x0F, 0x4A, 0x88, 0x18, 0x00, 0x88, 0x02, 0x90, 0x08, 0x1C, 0x01, 0x21, 0x00, 0x22, 0x0B, 0xF0
	.byte 0x8F, 0xF8, 0x29, 0x68, 0x88, 0x88, 0x01, 0x30, 0x88, 0x80, 0x21, 0x68, 0x88, 0x88, 0x01, 0x30
	.byte 0x88, 0x80, 0x28, 0x68, 0x54, 0x30, 0x00, 0x78, 0x87, 0x21, 0x00, 0x28, 0x00, 0xD1, 0xD0, 0x31
	.byte 0x08, 0x1C, 0xDE, 0xF7, 0x07, 0xFE, 0x9C, 0xE0, 0x6E, 0x02, 0x00, 0x00, 0x01, 0x10, 0x00, 0x00
	.byte 0x3E, 0x02, 0x00, 0x00, 0x81, 0x25, 0xAD, 0x00, 0x45, 0x44, 0x29, 0x68, 0x40, 0x46, 0xF3, 0xF7
	.byte 0x2B, 0xF9, 0x00, 0x06, 0x00, 0x28, 0x0A, 0xD1, 0x29, 0x68, 0x88, 0x69, 0x00, 0x28, 0x0C, 0xD0
	.byte 0x49, 0x78, 0x09, 0x06, 0x09, 0x16, 0x01, 0x20, 0x40, 0x42, 0x81, 0x42, 0x05, 0xD1, 0x28, 0x68
	.byte 0x0D, 0xF0, 0xD0, 0xF8, 0x00, 0x06, 0x00, 0x28, 0x6C, 0xD1, 0x81, 0x27, 0xBF, 0x00, 0x47, 0x44
	.byte 0x38, 0x68, 0x0D, 0xF0, 0xC7, 0xF8, 0x00, 0x06, 0x00, 0x0E, 0x01, 0x28, 0x08, 0xD1, 0x39, 0x68
	.byte 0xC8, 0x68, 0x2A, 0x4A, 0x10, 0x40, 0xC8, 0x60, 0x39, 0x68, 0x08, 0x69, 0x10, 0x40, 0x08, 0x61
	.byte 0x38, 0x68, 0x0B, 0xF0, 0xBB, 0xFF, 0x3A, 0x68, 0x80, 0x26, 0xB6, 0x00, 0x46, 0x44, 0x31, 0x68
	.byte 0x00, 0x20, 0x88, 0x80, 0x90, 0x80, 0x3B, 0x68, 0x32, 0x68, 0x21, 0x4D, 0x52, 0x19, 0x14, 0x78
	.byte 0x41, 0x21, 0x49, 0x42, 0x08, 0x1C, 0x20, 0x40, 0x10, 0x70, 0x5B, 0x19, 0x18, 0x78, 0x01, 0x40
	.byte 0x19, 0x70, 0x3A, 0x68, 0x31, 0x68, 0x07, 0x35, 0x49, 0x19, 0x0B, 0x78, 0x09, 0x24, 0x64, 0x42
	.byte 0x20, 0x1C, 0x18, 0x40, 0x08, 0x70, 0x52, 0x19, 0x11, 0x78, 0x20, 0x1C, 0x08, 0x40, 0x10, 0x70
	.byte 0x39, 0x68, 0x14, 0x4B, 0xC9, 0x18, 0x0A, 0x78, 0x21, 0x20, 0x40, 0x42, 0x10, 0x40, 0x08, 0x70
	.byte 0x39, 0x68, 0xC9, 0x18, 0x08, 0x78, 0x40, 0x22, 0x10, 0x43, 0x08, 0x70, 0x39, 0x68, 0x0E, 0x4B
	.byte 0xC9, 0x18, 0x0A, 0x78, 0x03, 0x20, 0x40, 0x42, 0x10, 0x40, 0x08, 0x70, 0x0B, 0x4A, 0x42, 0x44
	.byte 0x11, 0x78, 0x7F, 0x20, 0x08, 0x40, 0x10, 0x70, 0x09, 0x49, 0x41, 0x44, 0x08, 0x78, 0x04, 0x40
	.byte 0x0C, 0x70, 0x40, 0x46, 0x00, 0x21, 0xF3, 0xF7, 0x71, 0xFA, 0x1A, 0xE0, 0x00, 0xFF, 0xFF, 0xFF
	.byte 0x51, 0x03, 0x00, 0x00, 0x0D, 0x02, 0x00, 0x00, 0x5A, 0x03, 0x00, 0x00, 0x0B, 0x02, 0x00, 0x00
	.byte 0x0A, 0x02, 0x00, 0x00, 0x28, 0x68, 0x44, 0x46, 0x28, 0x34, 0x21, 0x1C, 0x0B, 0xF0, 0x78, 0xFB
	.byte 0x28, 0x68, 0x0B, 0xF0, 0x87, 0xFD, 0x28, 0x68, 0x21, 0x1C, 0x00, 0x22, 0x00, 0x23, 0x15, 0xF0
	.byte 0x47, 0xF8
_0803AAD6:
	add sp, #0x00C
	pop {r3, r4}
	mov r8, r3
	mov r9, r4
	pop {r4, r5, r6, r7}
	pop {r0}
	bx r0
	thumb_func_start sub_803AAE4
sub_803AAE4:
	push {r4, r5, r6, r7, lr}
	mov r7, r10
	mov r6, r9
	mov r5, r8
	push {r5, r6, r7}
	mov r9, r0
	movs r1, #0x01
	movs r2, #0x01
	bl sub_802C4D4
	movs r0, #0x81
	lsls r0, r0, #0x02
	add r0, r9
	mov r10, r0
	ldr r0, [r0, #0x00]
	movs r1, #0xDA
	lsls r1, r1, #0x02
	adds r0, r0, r1
	ldr r2, [r0, #0x00]
	movs r6, #0x80
	lsls r6, r6, #0x02
	add r6, r9
	ldr r0, [r6, #0x00]
	adds r0, r0, r1
	ldr r1, [r0, #0x00]
	movs r0, #0x13
	strb r0, [r1, #0x00]
	strb r0, [r2, #0x00]
	mov r1, r10
	ldr r2, [r1, #0x00]
	ldr r1, [r6, #0x00]
	movs r0, #0xA1
	strh r0, [r1, #0x04]
	strh r0, [r2, #0x04]
	mov r3, r10
	ldr r2, [r3, #0x00]
	ldr r1, [r6, #0x00]
	movs r4, #0xD6
	lsls r4, r4, #0x02
	adds r1, r1, r4
	ldrb r0, [r1, #0x00]
	movs r3, #0x08
	orrs r0, r3
	strb r0, [r1, #0x00]
	adds r2, r2, r4
	ldrb r0, [r2, #0x00]
	orrs r0, r3
	strb r0, [r2, #0x00]
	mov r5, r10
	ldr r4, [r5, #0x00]
	ldr r2, [r6, #0x00]
	movs r7, #0x85
	lsls r7, r7, #0x02
	adds r2, r2, r7
	ldrb r3, [r2, #0x00]
	movs r1, #0x08
	negs r1, r1
	adds r0, r1, #0x0
	ands r0, r3
	movs r3, #0x01
	orrs r0, r3
	strb r0, [r2, #0x00]
	adds r4, r4, r7
	ldrb r0, [r4, #0x00]
	ands r1, r0
	orrs r1, r3
	strb r1, [r4, #0x00]
	ldr r0, [r5, #0x00]
	ldr r1, _0803AC64 @ =0x00001037
	bl sub_8049000
	ldr r0, [r6, #0x00]
	ldr r1, _0803AC68 @ =0x0000104F
	bl sub_8049000
	ldr r0, [r5, #0x00]
	movs r1, #0x01
	negs r1, r1
	mov r8, r1
	movs r1, #0x01
	movs r2, #0x01
	mov r3, r8
	bl sub_8040804
	ldr r0, [r6, #0x00]
	movs r1, #0x01
	movs r2, #0x02
	mov r3, r8
	bl sub_8040804
	ldr r3, [r5, #0x00]
	ldr r2, [r6, #0x00]
	ldr r5, _0803AC6C @ =0x0000020D
	adds r2, r2, r5
	ldrb r4, [r2, #0x00]
	movs r1, #0x09
	negs r1, r1
	adds r0, r1, #0x0
	ands r0, r4
	strb r0, [r2, #0x00]
	adds r3, r3, r5
	ldrb r0, [r3, #0x00]
	ands r1, r0
	strb r1, [r3, #0x00]
	ldr r0, [r6, #0x00]
	ldr r3, _0803AC70 @ =0x00000242
	adds r0, r0, r3
	movs r1, #0x99
	strh r1, [r0, #0x00]
	ldr r0, [r6, #0x00]
	adds r5, #0x37
	adds r0, r0, r5
	movs r1, #0x00
	strh r1, [r0, #0x00]
	ldr r2, [r6, #0x00]
	movs r1, #0x8C
	lsls r1, r1, #0x02
	adds r4, r2, r1
	subs r3, #0x0E
	adds r2, r2, r3
	mov r5, r10
	ldr r0, [r5, #0x00]
	adds r1, r0, r1
	adds r0, r0, r3
	mov r3, r8
	str r3, [r0, #0x00]
	str r3, [r1, #0x00]
	str r3, [r2, #0x00]
	str r3, [r4, #0x00]
	ldr r2, [r5, #0x00]
	adds r2, r2, r7
	ldr r0, [r2, #0x00]
	ldr r1, _0803AC74 @ =0xFFFE1FFF
	ands r0, r1
	movs r1, #0xE0
	lsls r1, r1, #0x09
	orrs r0, r1
	str r0, [r2, #0x00]
	ldr r0, _0803AC78 @ =0x0000026E
	add r0, r9
	movs r5, #0x00
	strh r5, [r0, #0x00]
	movs r0, #0x99
	lsls r0, r0, #0x02
	add r0, r9
	movs r1, #0x00
	str r1, [r0, #0x00]
	movs r0, #0x9A
	lsls r0, r0, #0x02
	add r0, r9
	strh r1, [r0, #0x00]
	ldr r0, _0803AC7C @ =0x00000261
	add r0, r9
	movs r3, #0x00
	strb r3, [r0, #0x00]
	ldr r2, _0803AC80 @ =0x0000026A
	add r2, r9
	ldrb r1, [r2, #0x00]
	movs r0, #0x05
	negs r0, r0
	ands r0, r1
	strb r0, [r2, #0x00]
	movs r2, #0x82
	lsls r2, r2, #0x02
	add r2, r9
	ldr r0, [r2, #0x00]
	ldr r1, _0803AC84 @ =0xFFFE7FFF
	ands r0, r1
	movs r1, #0x80
	lsls r1, r1, #0x09
	orrs r0, r1
	str r0, [r2, #0x00]
	ldr r5, _0803AC88 @ =0x00000246
	add r9, r5
	mov r1, r9
	ldrb r0, [r1, #0x00]
	movs r1, #0x1C
	orrs r0, r1
	mov r3, r9
	strb r0, [r3, #0x00]
	movs r0, #0x59
	mov r1, r8
	bl play_sfx_80195B4
	pop {r3, r4, r5}
	mov r8, r3
	mov r9, r4
	mov r10, r5
	pop {r4, r5, r6, r7}
	pop {r0}
	bx r0
	.byte 0x00, 0x00
_0803AC64: .4byte 0x00001037
_0803AC68: .4byte 0x0000104F
_0803AC6C: .4byte 0x0000020D
_0803AC70: .4byte 0x00000242
_0803AC74: .4byte 0xFFFE1FFF
_0803AC78: .4byte 0x0000026E
_0803AC7C: .4byte 0x00000261
_0803AC80: .4byte 0x0000026A
_0803AC84: .4byte 0xFFFE7FFF
_0803AC88: .4byte 0x00000246
	thumb_func_start sub_803AC8C
sub_803AC8C:
	push {r4, r5, r6, r7, lr}
	mov r7, r10
	mov r6, r9
	mov r5, r8
	push {r5, r6, r7}
	adds r7, r0, #0x0
	movs r0, #0x82
	lsls r0, r0, #0x02
	adds r0, r0, r7
	mov r9, r0
	ldrb r0, [r0, #0x00]
	movs r1, #0x10
	orrs r0, r1
	mov r1, r9
	strb r0, [r1, #0x00]
	adds r0, r7, #0x0
	movs r1, #0x01
	movs r2, #0x01
	bl sub_802C4D4
	movs r2, #0x80
	lsls r2, r2, #0x02
	adds r4, r7, r2
	ldr r0, [r4, #0x00]
	bl sub_804FC90
	ldr r1, [r4, #0x00]
	adds r0, r7, #0x0
	movs r2, #0x00
	movs r3, #0x00
	bl sub_802DDB4
	movs r0, #0x81
	lsls r0, r0, #0x02
	adds r4, r7, r0
	ldr r0, [r4, #0x00]
	bl sub_804FC90
	ldr r1, [r4, #0x00]
	movs r2, #0x82
	lsls r2, r2, #0x02
	adds r0, r7, r2
	ldrb r2, [r0, #0x00]
	lsls r2, r2, #0x1B
	lsrs r2, r2, #0x1F
	adds r0, r7, #0x0
	movs r3, #0x00
	bl sub_802DDB4
	movs r0, #0x81
	lsls r0, r0, #0x02
	adds r0, r0, r7
	mov r8, r0
	ldr r0, [r0, #0x00]
	movs r6, #0xDA
	lsls r6, r6, #0x02
	adds r0, r0, r6
	ldr r2, [r0, #0x00]
	movs r1, #0x80
	lsls r1, r1, #0x02
	adds r5, r7, r1
	ldr r0, [r5, #0x00]
	adds r0, r0, r6
	ldr r1, [r0, #0x00]
	movs r0, #0x12
	strb r0, [r1, #0x00]
	strb r0, [r2, #0x00]
	mov r0, r8
	ldr r2, [r0, #0x00]
	ldr r1, [r5, #0x00]
	movs r0, #0x00
	mov r10, r0
	movs r0, #0xA0
	strh r0, [r1, #0x04]
	strh r0, [r2, #0x04]
	mov r1, r8
	ldr r2, [r1, #0x00]
	ldr r1, [r5, #0x00]
	movs r4, #0xD6
	lsls r4, r4, #0x02
	adds r1, r1, r4
	ldrb r0, [r1, #0x00]
	movs r3, #0x08
	orrs r0, r3
	strb r0, [r1, #0x00]
	adds r2, r2, r4
	ldrb r0, [r2, #0x00]
	orrs r0, r3
	strb r0, [r2, #0x00]
	ldr r0, [r5, #0x00]
	adds r0, r0, r6
	ldr r1, [r0, #0x00]
	ldrb r0, [r1, #0x10]
	strb r0, [r1, #0x12]
	ldr r0, [r5, #0x00]
	adds r0, r0, r6
	ldr r0, [r0, #0x00]
	mov r2, r10
	strb r2, [r0, #0x10]
	mov r1, r8
	ldr r0, [r1, #0x00]
	adds r0, r0, r6
	ldr r1, [r0, #0x00]
	ldrb r0, [r1, #0x11]
	strb r0, [r1, #0x15]
	mov r2, r8
	ldr r0, [r2, #0x00]
	adds r0, r0, r6
	ldr r0, [r0, #0x00]
	mov r1, r10
	strb r1, [r0, #0x11]
	mov r2, r9
	ldrb r1, [r2, #0x00]
	movs r0, #0x02
	negs r0, r0
	ands r0, r1
	strb r0, [r2, #0x00]
	ldr r0, [r2, #0x00]
	ldr r1, _0803ADA0 @ =0xFFFE7FFF
	ands r0, r1
	movs r1, #0x80
	lsls r1, r1, #0x09
	orrs r0, r1
	str r0, [r2, #0x00]
	ldr r0, _0803ADA4 @ =0x00000246
	adds r2, r7, r0
	ldrb r0, [r2, #0x00]
	movs r1, #0x1C
	orrs r0, r1
	strb r0, [r2, #0x00]
	pop {r3, r4, r5}
	mov r8, r3
	mov r9, r4
	mov r10, r5
	pop {r4, r5, r6, r7}
	pop {r0}
	bx r0
	.byte 0x00, 0x00
_0803ADA0: .4byte 0xFFFE7FFF
_0803ADA4: .4byte 0x00000246
	thumb_func_start sub_803ADA8
sub_803ADA8:
	push {r4, r5, r6, lr}
	add sp, #-0x00C
	adds r4, r0, #0x0
	lsls r1, r1, #0x18
	lsrs r5, r1, #0x18
	movs r1, #0x81
	lsls r1, r1, #0x02
	adds r0, r4, r1
	ldr r3, [r0, #0x00]
	movs r6, #0x80
	lsls r6, r6, #0x02
	adds r2, r4, r6
	ldr r1, [r2, #0x00]
	movs r0, #0xA8
	strh r0, [r1, #0x04]
	strh r0, [r3, #0x04]
	ldr r2, [r2, #0x00]
	movs r1, #0xCF
	lsls r1, r1, #0x02
	adds r0, r2, r1
	ldrb r1, [r0, #0x00]
	lsls r1, r1, #0x19
	asrs r1, r1, #0x17
	adds r0, r4, #0x0
	adds r0, #0x28
	adds r0, r0, r1
	ldr r0, [r0, #0x00]
	ldr r3, [r0, #0x0C]
	cmp r3, #0x00
	bge _0803ADE6
	adds r3, #0xFF
_0803ADE6:
	asrs r3, r3, #0x08
	ldr r0, [r0, #0x10]
	cmp r0, #0x00
	bge _0803ADF0
	adds r0, #0xFF
_0803ADF0:
	asrs r0, r0, #0x08
	str r0, [sp, #0x000]
	movs r0, #0x00
	str r0, [sp, #0x004]
	str r6, [sp, #0x008]
	adds r0, r2, #0x0
	movs r1, #0x01
	movs r2, #0x00
	bl sub_8045A94
	ldr r0, _0803AE30 @ =0x0000026A
	adds r3, r4, r0
	movs r0, #0x01
	ands r5, r0
	lsls r2, r5, #0x01
	ldrb r1, [r3, #0x00]
	movs r0, #0x03
	negs r0, r0
	ands r0, r1
	orrs r0, r2
	strb r0, [r3, #0x00]
	ldr r1, _0803AE34 @ =0x0000020B
	adds r2, r4, r1
	ldrb r0, [r2, #0x00]
	movs r1, #0x80
	orrs r0, r1
	strb r0, [r2, #0x00]
	add sp, #0x00C
	pop {r4, r5, r6}
	pop {r0}
	bx r0
	.byte 0x00, 0x00
_0803AE30: .4byte 0x0000026A
_0803AE34: .4byte 0x0000020B
	thumb_func_start sub_803AE38
sub_803AE38:
	push {r4, r5, r6, r7, lr}
	mov r7, r10
	mov r6, r9
	mov r5, r8
	push {r5, r6, r7}
	adds r7, r0, #0x0
	movs r0, #0x82
	lsls r0, r0, #0x02
	adds r0, r0, r7
	mov r9, r0
	ldrb r1, [r0, #0x00]
	movs r0, #0x11
	negs r0, r0
	ands r0, r1
	mov r1, r9
	strb r0, [r1, #0x00]
	movs r2, #0x81
	lsls r2, r2, #0x02
	adds r2, r2, r7
	mov r8, r2
	ldr r0, [r2, #0x00]
	movs r4, #0xDA
	lsls r4, r4, #0x02
	mov r10, r4
	add r0, r10
	ldr r2, [r0, #0x00]
	movs r0, #0x80
	lsls r0, r0, #0x02
	adds r6, r7, r0
	ldr r0, [r6, #0x00]
	add r0, r10
	ldr r0, [r0, #0x00]
	movs r1, #0x00
	strb r1, [r0, #0x00]
	strb r1, [r2, #0x00]
	mov r4, r8
	ldr r2, [r4, #0x00]
	ldr r0, [r6, #0x00]
	strh r1, [r0, #0x04]
	strh r1, [r2, #0x04]
	ldr r3, [r4, #0x00]
	ldr r2, [r6, #0x00]
	ldr r5, _0803AFB4 @ =0x00000351
	adds r2, r2, r5
	ldrb r4, [r2, #0x00]
	subs r1, #0x41
	adds r0, r1, #0x0
	ands r0, r4
	strb r0, [r2, #0x00]
	adds r3, r3, r5
	ldrb r0, [r3, #0x00]
	ands r1, r0
	strb r1, [r3, #0x00]
	mov r0, r8
	ldr r3, [r0, #0x00]
	ldr r2, [r6, #0x00]
	adds r5, #0x07
	adds r2, r2, r5
	ldrb r4, [r2, #0x00]
	movs r1, #0x09
	negs r1, r1
	adds r0, r1, #0x0
	ands r0, r4
	strb r0, [r2, #0x00]
	adds r3, r3, r5
	ldrb r0, [r3, #0x00]
	ands r1, r0
	strb r1, [r3, #0x00]
	mov r1, r8
	ldr r2, [r1, #0x00]
	ldr r1, [r6, #0x00]
	movs r4, #0x84
	lsls r4, r4, #0x02
	adds r1, r1, r4
	ldrb r0, [r1, #0x00]
	movs r3, #0x08
	orrs r0, r3
	strb r0, [r1, #0x00]
	adds r2, r2, r4
	ldrb r0, [r2, #0x00]
	orrs r0, r3
	strb r0, [r2, #0x00]
	mov r2, r8
	ldr r3, [r2, #0x00]
	ldr r2, [r6, #0x00]
	ldr r5, _0803AFB8 @ =0x0000020D
	adds r2, r2, r5
	ldrb r4, [r2, #0x00]
	movs r1, #0x21
	negs r1, r1
	adds r0, r1, #0x0
	ands r0, r4
	strb r0, [r2, #0x00]
	adds r3, r3, r5
	ldrb r0, [r3, #0x00]
	ands r1, r0
	strb r1, [r3, #0x00]
	ldr r1, [r6, #0x00]
	movs r4, #0x80
	lsls r4, r4, #0x01
	adds r3, r7, r4
	ldrh r2, [r3, #0x00]
	ldr r4, _0803AFBC @ =0x0000023E
	adds r0, r1, r4
	strh r2, [r0, #0x00]
	ldrh r0, [r3, #0x00]
	movs r2, #0x98
	lsls r2, r2, #0x02
	adds r1, r1, r2
	strh r0, [r1, #0x00]
	mov r4, r9
	ldrb r0, [r4, #0x00]
	movs r1, #0x01
	orrs r0, r1
	strb r0, [r4, #0x00]
	mov r0, r8
	ldr r2, [r0, #0x00]
	movs r4, #0x85
	lsls r4, r4, #0x02
	adds r2, r2, r4
	ldrb r3, [r2, #0x00]
	movs r1, #0x08
	negs r1, r1
	adds r0, r1, #0x0
	ands r0, r3
	movs r3, #0x03
	orrs r0, r3
	strb r0, [r2, #0x00]
	ldr r0, [r6, #0x00]
	adds r0, r0, r4
	ldrb r2, [r0, #0x00]
	ands r1, r2
	orrs r1, r3
	strb r1, [r0, #0x00]
	mov r1, r9
	ldr r0, [r1, #0x00]
	ldr r1, _0803AFC0 @ =0xFFFE7FFF
	ands r0, r1
	mov r2, r9
	str r0, [r2, #0x00]
	adds r4, #0x32
	adds r2, r7, r4
	ldrb r1, [r2, #0x00]
	movs r0, #0x1D
	negs r0, r0
	ands r0, r1
	strb r0, [r2, #0x00]
	ldr r0, [r6, #0x00]
	add r0, r10
	ldr r1, [r0, #0x00]
	ldrb r0, [r1, #0x12]
	strb r0, [r1, #0x10]
	ldr r0, [r6, #0x00]
	add r0, r10
	ldr r1, [r0, #0x00]
	movs r0, #0xFF
	strb r0, [r1, #0x12]
	mov r1, r8
	ldr r0, [r1, #0x00]
	add r0, r10
	ldr r1, [r0, #0x00]
	ldrb r0, [r1, #0x15]
	strb r0, [r1, #0x11]
	mov r2, r8
	ldr r0, [r2, #0x00]
	add r0, r10
	ldr r1, [r0, #0x00]
	movs r0, #0x01
	negs r0, r0
	strb r0, [r1, #0x15]
	ldr r0, [r2, #0x00]
	ldr r1, _0803AFC4 @ =0x00001001
	bl sub_8049000
	ldr r0, [r6, #0x00]
	ldr r1, _0803AFC8 @ =0x00001002
	bl sub_8049000
	adds r0, r7, #0x0
	movs r1, #0x01
	bl sub_802E4C8
	pop {r3, r4, r5}
	mov r8, r3
	mov r9, r4
	mov r10, r5
	pop {r4, r5, r6, r7}
	pop {r0}
	bx r0
	.byte 0x00, 0x00
_0803AFB4: .4byte 0x00000351
_0803AFB8: .4byte 0x0000020D
_0803AFBC: .4byte 0x0000023E
_0803AFC0: .4byte 0xFFFE7FFF
_0803AFC4: .4byte 0x00001001
_0803AFC8: .4byte 0x00001002
	thumb_func_start sub_803AFCC
sub_803AFCC:
	push {r4, r5, r6, r7, lr}
	mov r7, r10
	mov r6, r9
	mov r5, r8
	push {r5, r6, r7}
	add sp, #-0x00C
	mov r8, r0
	movs r7, #0x81
	lsls r7, r7, #0x02
	add r7, r8
	ldr r2, [r7, #0x00]
	movs r1, #0xDA
	lsls r1, r1, #0x02
	adds r0, r2, r1
	ldr r0, [r0, #0x00]
	ldrb r0, [r0, #0x00]
	cmp r0, #0x12
	bne _0803B01A
	movs r3, #0x97
	lsls r3, r3, #0x02
	adds r0, r2, r3
	ldr r0, [r0, #0x00]
	cmp r0, #0x00
	bge _0803B000
	bl _0803C3F6
_0803B000:
	movs r4, #0xCE
	lsls r4, r4, #0x02
	adds r0, r2, r4
	ldr r1, [r0, #0x00]
	movs r5, #0x38
	ldsh r0, [r1, r5]
	adds r0, r2, r0
	ldr r2, [r1, #0x3C]
	movs r1, #0x01
	bl _call_via_r2
	bl _0803C3F6
_0803B01A:
	movs r0, #0x95
	lsls r0, r0, #0x01
	add r0, r8
	ldrb r0, [r0, #0x00]
	cmp r0, #0x00
	beq _0803B0BE
	movs r5, #0xAE
	lsls r5, r5, #0x02
	add r5, r8
	ldrb r1, [r5, #0x00]
	movs r6, #0x10
	adds r0, r6, #0x0
	ands r0, r1
	cmp r0, #0x00
	beq _0803B0BE
	movs r4, #0x80
	lsls r4, r4, #0x02
	add r4, r8
	ldr r1, [r4, #0x00]
	ldr r0, _0803B0F0 @ =0x0000020D
	adds r1, r1, r0
	ldrb r2, [r1, #0x00]
	movs r0, #0x09
	negs r0, r0
	ands r0, r2
	strb r0, [r1, #0x00]
	ldr r0, [r4, #0x00]
	mov r1, r8
	adds r1, #0x28
	bl sub_80461B4
	ldr r0, [r4, #0x00]
	bl sub_80465D8
	ldr r0, [r4, #0x00]
	bl sub_8047B78
	movs r1, #0x01
	ands r1, r0
	lsls r1, r1, #0x04
	ldrb r2, [r5, #0x00]
	movs r0, #0x11
	negs r0, r0
	ands r0, r2
	orrs r0, r1
	strb r0, [r5, #0x00]
	ands r0, r6
	cmp r0, #0x00
	bne _0803B0BE
	ldr r1, [r4, #0x00]
	ldr r2, _0803B0F0 @ =0x0000020D
	adds r1, r1, r2
	ldrb r0, [r1, #0x00]
	movs r2, #0x08
	orrs r0, r2
	strb r0, [r1, #0x00]
	ldr r1, [r4, #0x00]
	ldr r3, _0803B0F0 @ =0x0000020D
	adds r1, r1, r3
	ldrb r0, [r1, #0x00]
	movs r2, #0x40
	orrs r0, r2
	strb r0, [r1, #0x00]
	ldr r1, [r4, #0x00]
	adds r1, r1, r3
	ldrb r2, [r1, #0x00]
	movs r0, #0x21
	negs r0, r0
	ands r0, r2
	strb r0, [r1, #0x00]
	ldr r2, [r7, #0x00]
	ldr r1, [r4, #0x00]
	ldr r4, _0803B0F4 @ =0x0000020F
	adds r1, r1, r4
	ldrb r0, [r1, #0x00]
	movs r3, #0x04
	orrs r0, r3
	strb r0, [r1, #0x00]
	adds r2, r2, r4
	ldrb r0, [r2, #0x00]
	orrs r0, r3
	strb r0, [r2, #0x00]
_0803B0BE:
	movs r0, #0x95
	lsls r0, r0, #0x01
	add r0, r8
	ldrb r0, [r0, #0x00]
	cmp r0, #0x01
	bhi _0803B0CE
	bl _0803C070
_0803B0CE:
	movs r0, #0x81
	lsls r0, r0, #0x02
	add r0, r8
	ldr r0, [r0, #0x00]
	ldrh r0, [r0, #0x04]
	subs r0, #0xA1
	lsls r0, r0, #0x10
	asrs r0, r0, #0x10
	cmp r0, #0x11
	bls _0803B0E6
	bl _0803C070
_0803B0E6:
	lsls r0, r0, #0x02
	ldr r1, _0803B0F8 @ =0x0803B0FC
	adds r0, r0, r1
	ldr r0, [r0, #0x00]
	mov pc, r0
_0803B0F0: .4byte 0x0000020D
_0803B0F4: .4byte 0x0000020F
_0803B0F8: .4byte 0x0803B0FC
	.byte 0x44, 0xB1, 0x03, 0x08, 0x30, 0xB2, 0x03, 0x08, 0x9A, 0xB2, 0x03, 0x08, 0xF4, 0xB2, 0x03, 0x08
	.byte 0xC8, 0xB3, 0x03, 0x08, 0xC8, 0xB3, 0x03, 0x08, 0xC8, 0xB3, 0x03, 0x08, 0x28, 0xB9, 0x03, 0x08
	.byte 0x60, 0xB9, 0x03, 0x08, 0x20, 0xBA, 0x03, 0x08, 0x38, 0xBB, 0x03, 0x08, 0xF0, 0xBC, 0x03, 0x08
	.byte 0x2A, 0xBD, 0x03, 0x08, 0xB4, 0xBD, 0x03, 0x08, 0x40, 0xBE, 0x03, 0x08, 0xDC, 0xBE, 0x03, 0x08
	.byte 0x40, 0xC0, 0x03, 0x08, 0x70, 0xC0, 0x03, 0x08, 0x80, 0x27, 0xBF, 0x00, 0x47, 0x44, 0x38, 0x68
	.byte 0x41, 0x46, 0x28, 0x31, 0x14, 0xF0, 0x8A, 0xFE, 0x32, 0x4C, 0x44, 0x44, 0xA1, 0x46, 0x38, 0x68
	.byte 0x31, 0x4D, 0x40, 0x19, 0x00, 0x88, 0x21, 0x88, 0x40, 0x18, 0x00, 0x22, 0x92, 0x46, 0x20, 0x80
	.byte 0x00, 0x04, 0x2E, 0x49, 0x88, 0x42, 0x01, 0xDC, 0x00, 0xF0, 0x7C, 0xFF, 0x81, 0x26, 0xB6, 0x00
	.byte 0x46, 0x44, 0x32, 0x68, 0x39, 0x68, 0x2A, 0x4C, 0x09, 0x19, 0x08, 0x78, 0x08, 0x23, 0x18, 0x43
	.byte 0x08, 0x70, 0x12, 0x19, 0x10, 0x78, 0x18, 0x43, 0x10, 0x70, 0x32, 0x68, 0x39, 0x68, 0x09, 0x19
	.byte 0x08, 0x78, 0x20, 0x23, 0x18, 0x43, 0x08, 0x70, 0x12, 0x19, 0x10, 0x78, 0x18, 0x43, 0x10, 0x70
	.byte 0x33, 0x68, 0x3A, 0x68, 0x32, 0x3D, 0x52, 0x19, 0x14, 0x78, 0x09, 0x21, 0x49, 0x42, 0x08, 0x1C
	.byte 0x20, 0x40, 0x10, 0x70, 0x5B, 0x19, 0x18, 0x78, 0x01, 0x40, 0x19, 0x70, 0x38, 0x68, 0x98, 0x23
	.byte 0x9B, 0x00, 0xC1, 0x18, 0x54, 0x46, 0x0C, 0x80, 0x2E, 0x35, 0x40, 0x19, 0x04, 0x80, 0x32, 0x68
	.byte 0x39, 0x68, 0xA2, 0x20, 0x88, 0x80, 0x90, 0x80, 0x30, 0x68, 0xCE, 0x27, 0xBF, 0x00, 0xC1, 0x19
	.byte 0x0A, 0x68, 0x38, 0x23, 0xD1, 0x5E, 0x40, 0x18, 0xD2, 0x6B, 0x01, 0x21, 0x9F, 0xF1, 0x3A, 0xFC
	.byte 0x30, 0x68, 0xA5, 0x24, 0xA4, 0x00, 0x00, 0x19, 0x02, 0x68, 0x91, 0x7C, 0x07, 0x20, 0x40, 0x42
	.byte 0x08, 0x40, 0x02, 0x21, 0x08, 0x43, 0x90, 0x74, 0x57, 0x46, 0x4D, 0x46, 0x2F, 0x80, 0x00, 0xF0
	.byte 0x29, 0xFF, 0x00, 0x00, 0x6E, 0x02, 0x00, 0x00, 0x42, 0x02, 0x00, 0x00, 0x00, 0x00, 0xFF, 0x1F
	.byte 0x0D, 0x02, 0x00, 0x00, 0x80, 0x20, 0x80, 0x00, 0x40, 0x44, 0x02, 0x68, 0xA5, 0x21, 0x89, 0x00
	.byte 0x50, 0x18, 0x00, 0x68, 0x81, 0x7C, 0x08, 0x20, 0x08, 0x40, 0x00, 0x28, 0x01, 0xD1, 0x00, 0xF0
	.byte 0x11, 0xFF, 0x81, 0x24, 0xA4, 0x00, 0x44, 0x44, 0x21, 0x68, 0xA3, 0x20, 0x90, 0x80, 0x88, 0x80
	.byte 0x20, 0x68, 0xCE, 0x22, 0x92, 0x00, 0x81, 0x18, 0x0A, 0x68, 0x38, 0x23, 0xD1, 0x5E, 0x40, 0x18
	.byte 0xD2, 0x6B, 0x01, 0x21, 0x9F, 0xF1, 0xFE, 0xFB, 0x20, 0x68, 0xA5, 0x24, 0xA4, 0x00, 0x00, 0x19
	.byte 0x02, 0x68, 0x91, 0x7C, 0x07, 0x20, 0x40, 0x42, 0x08, 0x40, 0x02, 0x21, 0x08, 0x43, 0x90, 0x74
	.byte 0x01, 0x21, 0x49, 0x42, 0x58, 0x20, 0xDE, 0xF7, 0x8F, 0xF9, 0x00, 0xF0, 0xEB, 0xFE, 0x80, 0x27
	.byte 0xBF, 0x00, 0x47, 0x44, 0x38, 0x68, 0xA5, 0x25, 0xAD, 0x00, 0x40, 0x19, 0x00, 0x68, 0x81, 0x7C
	.byte 0x08, 0x20, 0x08, 0x40, 0x00, 0x28, 0x01, 0xD1, 0x00, 0xF0, 0xDC, 0xFE, 0x81, 0x26, 0xB6, 0x00
	.byte 0x46, 0x44, 0x30, 0x68, 0x21, 0x49, 0x0D, 0xF0, 0x9D, 0xFE, 0x38, 0x68, 0x20, 0x49, 0x0D, 0xF0
	.byte 0x99, 0xFE, 0x33, 0x68, 0x3A, 0x68, 0x87, 0x3D, 0x52, 0x19, 0x14, 0x78, 0x21, 0x21, 0x49, 0x42
	.byte 0x08, 0x1C, 0x20, 0x40, 0x10, 0x70, 0x5B, 0x19, 0x18, 0x78, 0x01, 0x40, 0x19, 0x70, 0x32, 0x68
	.byte 0x39, 0x68, 0xA4, 0x20, 0x88, 0x80, 0x90, 0x80, 0x95, 0x20, 0x40, 0x00, 0x40, 0x44, 0x00, 0x78
	.byte 0x02, 0x28, 0x50, 0xD1, 0x80, 0x26, 0xB6, 0x00, 0x47, 0x46, 0xBC, 0x19, 0x20, 0x68, 0x80, 0x69
	.byte 0x00, 0x28, 0x37, 0xD1, 0x40, 0x46, 0x00, 0x21, 0xEA, 0xF7, 0x06, 0xFD, 0x00, 0x06, 0x00, 0x28
	.byte 0x30, 0xD0, 0x0C, 0x4D, 0x45, 0x44, 0x29, 0x78, 0x04, 0x20, 0x08, 0x40, 0x00, 0x28, 0x15, 0xD0
	.byte 0x20, 0x68, 0x09, 0x4A, 0x81, 0x18, 0x00, 0x24, 0x0B, 0x5F, 0x31, 0x1C, 0x3F, 0x22, 0x04, 0xF0
	.byte 0x59, 0xFF, 0x28, 0x78, 0x08, 0x21, 0x08, 0x43, 0x16, 0xE0, 0x00, 0x00, 0x38, 0x10, 0x00, 0x00
	.byte 0x50, 0x10, 0x00, 0x00, 0x6A, 0x02, 0x00, 0x00, 0x3E, 0x02, 0x00, 0x00, 0x20, 0x68, 0xFE, 0x21
	.byte 0x89, 0x00, 0x53, 0x4F, 0xC2, 0x19, 0x00, 0x24, 0x13, 0x5F, 0x3F, 0x22, 0x04, 0xF0, 0x42, 0xFF
	.byte 0x29, 0x78, 0x09, 0x20, 0x40, 0x42, 0x08, 0x40, 0x28, 0x70, 0x01, 0x21, 0x49, 0x42, 0x2B, 0x20
	.byte 0xDE, 0xF7, 0x1A, 0xF9, 0x40, 0x46, 0x04, 0x21, 0xEA, 0xF7, 0xCE, 0xFC, 0x00, 0x06, 0x00, 0x28
	.byte 0x06, 0xD1, 0x40, 0x46, 0x01, 0x21, 0xEA, 0xF7, 0xC7, 0xFC, 0x00, 0x06, 0x00, 0x28, 0x02, 0xD0
	.byte 0x40, 0x46, 0xEE, 0xF7, 0x6B, 0xFA, 0x80, 0x20, 0x80, 0x00, 0x40, 0x44, 0x02, 0x68, 0x97, 0x25
	.byte 0xAD, 0x00, 0x50, 0x19, 0x01, 0x68, 0x01, 0x20, 0x40, 0x42, 0x81, 0x42, 0x06, 0xD0, 0x81, 0x20
	.byte 0x80, 0x00, 0x40, 0x44, 0x01, 0x68, 0xA5, 0x20, 0x90, 0x80, 0x88, 0x80, 0x81, 0x20, 0x80, 0x00
	.byte 0x40, 0x44, 0x00, 0x68, 0x04, 0x27, 0xC0, 0x5F, 0xA7, 0x28, 0x1C, 0xD1, 0x80, 0x25, 0xAD, 0x00
	.byte 0x45, 0x44, 0x2A, 0x68, 0x32, 0x4E, 0x94, 0x19, 0x00, 0x20, 0x23, 0x5E, 0x10, 0x1C, 0x24, 0x30
	.byte 0x01, 0x78, 0x49, 0x07, 0x49, 0x0F, 0x90, 0x78, 0x40, 0x09, 0x1A, 0x1C, 0x80, 0x3A, 0x81, 0x42
	.byte 0x00, 0xD1, 0x74, 0x32, 0x22, 0x80, 0x28, 0x68, 0x82, 0x19, 0x00, 0x21, 0x50, 0x5E, 0x00, 0x28
	.byte 0x01, 0xDA, 0x00, 0x20, 0x10, 0x80, 0x27, 0x4B, 0x43, 0x44, 0x19, 0x88, 0x00, 0x22, 0x98, 0x5E
	.byte 0x00, 0x28, 0x01, 0xDD, 0x48, 0x1E, 0x18, 0x80, 0x95, 0x20, 0x40, 0x00, 0x40, 0x44, 0x00, 0x78
	.byte 0x28, 0x24, 0x44, 0x44, 0xA2, 0x46, 0x02, 0x28, 0x00, 0xD0, 0x0D, 0xE1, 0x80, 0x24, 0xA4, 0x00
	.byte 0x44, 0x44, 0x22, 0x68, 0x1C, 0x4D, 0x50, 0x19, 0x01, 0x78, 0x0F, 0x20, 0x08, 0x40, 0x00, 0x28
	.byte 0x00, 0xD0, 0x01, 0xE1, 0x00, 0x27, 0xD8, 0x5F, 0x00, 0x28, 0x70, 0xD1, 0x14, 0x49, 0x50, 0x18
	.byte 0x00, 0x23, 0xC0, 0x5E, 0x18, 0x28, 0x6A, 0xDD, 0x91, 0x88, 0x04, 0x25, 0x50, 0x5F, 0xA4, 0x28
	.byte 0x4B, 0xD1, 0x10, 0x1C, 0x24, 0x30, 0x00, 0x78, 0x40, 0x07, 0x80, 0x0E, 0x0F, 0x49, 0x42, 0x18
	.byte 0x00, 0x26, 0x47, 0x46, 0xD0, 0x37, 0x23, 0x1C, 0x08, 0x20, 0x40, 0x42, 0x81, 0x46, 0x38, 0x68
	.byte 0x00, 0x88, 0xF0, 0x21, 0x01, 0x40, 0x14, 0x88, 0xA1, 0x42, 0x13, 0xD1, 0x18, 0x68, 0x04, 0x1C
	.byte 0x24, 0x34, 0x22, 0x78, 0x50, 0x07, 0x43, 0x0F, 0x05, 0x48, 0x30, 0x18, 0x16, 0xE0, 0x00, 0x00
	.byte 0x3E, 0x02, 0x00, 0x00, 0x6E, 0x02, 0x00, 0x00, 0xB5, 0x02, 0x00, 0x00, 0xE4, 0xFB, 0x39, 0x08
	.byte 0x24, 0xFC, 0x39, 0x08, 0x75, 0x1C, 0x50, 0x88, 0x81, 0x42, 0x19, 0xD1, 0x18, 0x68, 0x04, 0x1C
	.byte 0x24, 0x34, 0x22, 0x78, 0x50, 0x07, 0x43, 0x0F, 0x08, 0x48, 0x28, 0x18, 0x00, 0x78, 0x00, 0x06
	.byte 0x00, 0x16, 0x00, 0x28, 0x00, 0xDA, 0x1F, 0x30, 0x41, 0x11, 0x59, 0x18, 0x07, 0x20, 0x01, 0x40
	.byte 0x48, 0x46, 0x10, 0x40, 0x08, 0x43, 0x20, 0x70, 0x21, 0xE0, 0x00, 0x00, 0x24, 0xFC, 0x39, 0x08
	.byte 0x02, 0x36, 0x04, 0x32, 0x03, 0x2E, 0xC2, 0xDD, 0x19, 0xE0, 0x08, 0x1C, 0xA5, 0x38, 0x00, 0x04
	.byte 0x00, 0x0C, 0x01, 0x28, 0x13, 0xD8, 0x40, 0x46, 0xD0, 0x30, 0x00, 0x68, 0x01, 0x88, 0xF0, 0x20
	.byte 0x08, 0x40, 0x00, 0x09, 0x27, 0x49, 0x40, 0x18, 0x03, 0x78, 0xFF, 0x2B, 0x07, 0xD0, 0x24, 0x32
	.byte 0x5B, 0x09, 0x11, 0x78, 0x08, 0x20, 0x40, 0x42, 0x08, 0x40, 0x18, 0x43, 0x10, 0x70, 0x80, 0x20
	.byte 0x80, 0x00, 0x40, 0x44, 0x01, 0x68, 0x04, 0x22, 0x88, 0x5E, 0xA4, 0x28, 0x0B, 0xD1, 0x1E, 0x48
	.byte 0x40, 0x44, 0x00, 0x78, 0x00, 0x06, 0x00, 0x16, 0x00, 0x28, 0x04, 0xD1, 0x08, 0x1C, 0x24, 0x30
	.byte 0x00, 0x78, 0x40, 0x01, 0x88, 0x70, 0x19, 0x4B, 0x43, 0x44, 0x18, 0x78, 0x05, 0x25, 0x6D, 0x42
	.byte 0x05, 0x40, 0x1D, 0x70, 0x80, 0x24, 0xA4, 0x00, 0x44, 0x44, 0x21, 0x68, 0x14, 0x4E, 0x88, 0x19
	.byte 0x00, 0x27, 0xC0, 0x5F, 0xFF, 0x28, 0x4A, 0xDD, 0x0F, 0x48, 0x40, 0x44, 0x00, 0x78, 0x00, 0x06
	.byte 0x00, 0x16, 0x00, 0x28, 0x43, 0xD1, 0x08, 0x1C, 0x24, 0x30, 0x00, 0x78, 0x40, 0x07, 0x40, 0x0F
	.byte 0x41, 0x00, 0x09, 0x18, 0x49, 0x00, 0x0B, 0x48, 0x0A, 0x18, 0x47, 0x46, 0xD0, 0x37, 0x38, 0x68
	.byte 0x01, 0x88, 0xF0, 0x20, 0x08, 0x40, 0x11, 0x88, 0x88, 0x42, 0x0D, 0xD1, 0x04, 0x21, 0x28, 0x1C
	.byte 0x18, 0xE0, 0x00, 0x00, 0x10, 0xF9, 0x39, 0x08, 0x61, 0x02, 0x00, 0x00, 0x6A, 0x02, 0x00, 0x00
	.byte 0x3E, 0x02, 0x00, 0x00, 0x28, 0xFC, 0x39, 0x08, 0x01, 0x25, 0x02, 0x32, 0x38, 0x68, 0x00, 0x88
	.byte 0xF0, 0x21, 0x01, 0x40, 0x10, 0x88, 0x81, 0x42, 0x02, 0xD0, 0x50, 0x88, 0x81, 0x42, 0x12, 0xD1
	.byte 0x18, 0x78, 0x04, 0x21, 0x08, 0x43, 0x18, 0x70, 0x21, 0x68, 0x89, 0x19, 0x08, 0x88, 0x0C, 0x38
	.byte 0x08, 0x80, 0x20, 0x68, 0x81, 0x19, 0x00, 0x22, 0x88, 0x5E, 0xFF, 0x28, 0x07, 0xDC, 0x80, 0x20
	.byte 0x40, 0x00, 0x08, 0x80, 0x03, 0xE0, 0x02, 0x35, 0x04, 0x32, 0x02, 0x2D, 0xDE, 0xDD, 0x80, 0x24
	.byte 0xA4, 0x00, 0x44, 0x44, 0x23, 0x68, 0x04, 0x25, 0x58, 0x5F, 0xA4, 0x28, 0x14, 0xD1, 0x2A, 0x48
	.byte 0x40, 0x44, 0x01, 0x78, 0x04, 0x20, 0x08, 0x40, 0x00, 0x28, 0x0D, 0xD1, 0x27, 0x4A, 0x99, 0x18
	.byte 0x08, 0x88, 0x19, 0x30, 0x08, 0x80, 0x20, 0x68, 0x82, 0x18, 0x00, 0x27, 0xD0, 0x5F, 0xC0, 0x21
	.byte 0x89, 0x00, 0x88, 0x42, 0x00, 0xDD, 0x11, 0x80, 0x21, 0x4E, 0x46, 0x44, 0x00, 0x20, 0x30, 0x56
	.byte 0x00, 0x28, 0x00, 0xD1, 0xA9, 0xE0, 0x80, 0x25, 0xAD, 0x00, 0x45, 0x44, 0x28, 0x68, 0x1B, 0x49
	.byte 0x40, 0x18, 0x00, 0x22, 0x80, 0x5E, 0x1D, 0x21, 0x9F, 0xF1, 0x0C, 0xF8, 0x02, 0x1C, 0x9A, 0x21
	.byte 0x89, 0x00, 0x41, 0x44, 0x0A, 0x80, 0x00, 0x20, 0x30, 0x56, 0x00, 0x28, 0x01, 0xDA, 0x50, 0x42
	.byte 0x08, 0x80, 0x99, 0x23, 0x9B, 0x00, 0x43, 0x44, 0x1A, 0x68, 0x00, 0x24, 0x08, 0x5F, 0x10, 0x18
	.byte 0x18, 0x60, 0x29, 0x68, 0x98, 0x24, 0xA4, 0x00, 0x44, 0x44, 0x00, 0x28, 0x00, 0xDA, 0xFF, 0x30
	.byte 0x00, 0x12, 0x27, 0x78, 0xC0, 0x19, 0x88, 0x70, 0x00, 0x20, 0x30, 0x56, 0x00, 0x28, 0x21, 0xDD
	.byte 0x08, 0x49, 0x8A, 0x42, 0x10, 0xDC, 0x18, 0x68, 0x88, 0x42, 0x3C, 0xDD, 0x2B, 0x68, 0x21, 0x78
	.byte 0x49, 0x09, 0x01, 0x31, 0x2E, 0xE0, 0x00, 0x00, 0x6A, 0x02, 0x00, 0x00, 0x3E, 0x02, 0x00, 0x00
	.byte 0x61, 0x02, 0x00, 0x00, 0x54, 0x15, 0x00, 0x00, 0x05, 0x49, 0x8A, 0x42, 0x2B, 0xDC, 0x18, 0x68
	.byte 0x88, 0x42, 0x28, 0xDD, 0x2B, 0x68, 0x21, 0x78, 0x49, 0x09, 0x02, 0x31, 0x1A, 0xE0, 0x00, 0x00
	.byte 0x54, 0x35, 0x00, 0x00, 0x05, 0x49, 0x8A, 0x42, 0x0A, 0xDD, 0x18, 0x68, 0x88, 0x42, 0x1A, 0xDC
	.byte 0x2B, 0x68, 0x21, 0x78, 0x49, 0x09, 0x01, 0x39, 0x0C, 0xE0, 0x00, 0x00, 0xAB, 0xEA, 0xFF, 0xFF
	.byte 0x45, 0x49, 0x8A, 0x42, 0x0F, 0xDD, 0x18, 0x68, 0x88, 0x42, 0x0C, 0xDC, 0x2B, 0x68, 0x21, 0x78
	.byte 0x49, 0x09, 0x02, 0x39, 0x24, 0x33, 0x07, 0x20, 0x01, 0x40, 0x1A, 0x78, 0x08, 0x20, 0x40, 0x42
	.byte 0x10, 0x40, 0x08, 0x43, 0x18, 0x70, 0x3D, 0x4A, 0x42, 0x44, 0x00, 0x23, 0xD3, 0x56, 0x00, 0x2B
	.byte 0x07, 0xDD, 0x18, 0x1C, 0x00, 0x02, 0x99, 0x21, 0x89, 0x00, 0x41, 0x44, 0x09, 0x68, 0x88, 0x42
	.byte 0x0A, 0xDD, 0x00, 0x2B, 0x29, 0xDA, 0x00, 0x20, 0x10, 0x56, 0x00, 0x02, 0x99, 0x21, 0x89, 0x00
	.byte 0x41, 0x44, 0x09, 0x68, 0x88, 0x42, 0x20, 0xDB, 0x80, 0x22, 0x92, 0x00, 0x42, 0x44, 0x13, 0x68
	.byte 0x98, 0x21, 0x89, 0x00, 0x41, 0x44, 0x2D, 0x4D, 0x45, 0x44, 0x28, 0x78, 0x09, 0x78, 0x40, 0x18
	.byte 0x00, 0x24, 0x98, 0x70, 0x11, 0x68, 0x8A, 0x78, 0x24, 0x31, 0x52, 0x09, 0x0B, 0x78, 0x08, 0x20
	.byte 0x40, 0x42, 0x18, 0x40, 0x10, 0x43, 0x08, 0x70, 0x2C, 0x70, 0x9A, 0x20, 0x80, 0x00, 0x40, 0x44
	.byte 0x04, 0x80, 0x99, 0x20, 0x80, 0x00, 0x40, 0x44, 0x04, 0x60, 0x80, 0x24, 0xA4, 0x00, 0x44, 0x44
	.byte 0x23, 0x68, 0x1F, 0x4D, 0x58, 0x19, 0x00, 0x21, 0x42, 0x5E, 0x1E, 0x49, 0x98, 0x78, 0x40, 0x00
	.byte 0x40, 0x18, 0x00, 0x27, 0xC0, 0x5F, 0x11, 0x1C, 0x41, 0x43, 0x00, 0x29, 0x01, 0xDA, 0x1A, 0x48
	.byte 0x09, 0x18, 0x89, 0x13, 0x19, 0x4A, 0x98, 0x18, 0x01, 0x80, 0x23, 0x68, 0x58, 0x19, 0x00, 0x25
	.byte 0x41, 0x5F, 0x49, 0x42, 0x16, 0x4A, 0x98, 0x78, 0x40, 0x00, 0x80, 0x18, 0x00, 0x27, 0xC0, 0x5F
	.byte 0x41, 0x43, 0x00, 0x29, 0x01, 0xDA, 0x10, 0x48, 0x09, 0x18, 0x89, 0x13, 0x91, 0x22, 0x92, 0x00
	.byte 0x98, 0x18, 0x01, 0x80, 0x20, 0x68, 0x51, 0x46, 0x14, 0xF0, 0x28, 0xFB, 0x81, 0x20, 0x80, 0x00
	.byte 0x40, 0x44, 0x03, 0x68, 0x04, 0x25, 0x58, 0x5F, 0xA6, 0x28, 0x20, 0xD0, 0xA6, 0x28, 0x11, 0xDC
	.byte 0xA5, 0x28, 0x12, 0xD0, 0x44, 0xE0, 0x00, 0x00, 0xAB, 0xCA, 0xFF, 0xFF, 0x61, 0x02, 0x00, 0x00
	.byte 0x3E, 0x02, 0x00, 0x00, 0x04, 0x85, 0x19, 0x08, 0xFF, 0x3F, 0x00, 0x00, 0x42, 0x02, 0x00, 0x00
	.byte 0x84, 0x85, 0x19, 0x08, 0xA7, 0x28, 0x1E, 0xD0, 0x32, 0xE0, 0x21, 0x68, 0x96, 0x27, 0xBF, 0x00
	.byte 0xC8, 0x19, 0x00, 0x68, 0x00, 0x28, 0x2B, 0xDA, 0xA6, 0x20, 0x88, 0x80, 0x27, 0xE0, 0x22, 0x68
	.byte 0x97, 0x21, 0x89, 0x00, 0x50, 0x18, 0x01, 0x68, 0x01, 0x20, 0x40, 0x42, 0x81, 0x42, 0x06, 0xD1
	.byte 0xA7, 0x20, 0x90, 0x80, 0x98, 0x80, 0x57, 0x20, 0xDD, 0xF7, 0x96, 0xFE, 0x18, 0xE0, 0x96, 0x24
	.byte 0xA4, 0x00, 0x10, 0x19, 0x0E, 0xE0, 0x22, 0x68, 0xA5, 0x25, 0xAD, 0x00, 0x50, 0x19, 0x00, 0x68
	.byte 0x81, 0x7C, 0x08, 0x20, 0x08, 0x40, 0x00, 0x28, 0x01, 0xD0, 0xA4, 0x20, 0x06, 0xE0, 0x96, 0x27
	.byte 0xBF, 0x00, 0xD0, 0x19, 0x00, 0x68, 0x00, 0x28, 0x02, 0xDD, 0xA5, 0x20, 0x90, 0x80, 0x98, 0x80
	.byte 0x80, 0x25, 0xAD, 0x00, 0x45, 0x44, 0x2A, 0x68, 0x04, 0x20, 0x11, 0x5E, 0x2C, 0x23, 0xD0, 0x5E
	.byte 0x81, 0x42, 0x09, 0xD1, 0x10, 0x1C, 0x24, 0x30, 0x01, 0x78, 0x49, 0x07, 0x28, 0x30, 0x00, 0x78
	.byte 0x40, 0x07, 0x81, 0x42, 0x00, 0xD1, 0xC5, 0xE3, 0xCE, 0x24, 0xA4, 0x00, 0x10, 0x19, 0x01, 0x68
	.byte 0x38, 0x27, 0xC8, 0x5F, 0x10, 0x18, 0xCA, 0x6B, 0x01, 0x21, 0x9F, 0xF1, 0xBB, 0xF8, 0x81, 0x26
	.byte 0xB6, 0x00, 0x46, 0x44, 0x30, 0x68, 0x04, 0x19, 0x22, 0x68, 0x38, 0x23, 0xD1, 0x5E, 0x40, 0x18
	.byte 0xD2, 0x6B, 0x01, 0x21, 0x9F, 0xF1, 0xAE, 0xF8, 0x29, 0x68, 0x04, 0x24, 0x08, 0x5F, 0xA7, 0x28
	.byte 0x00, 0xD0, 0xA7, 0xE3, 0xA5, 0x25, 0xAD, 0x00, 0x48, 0x19, 0x63, 0xE0, 0x80, 0x24, 0xA4, 0x00
	.byte 0x44, 0x44, 0x20, 0x68, 0x41, 0x46, 0x28, 0x31, 0x0A, 0xF0, 0x3E, 0xFC, 0x20, 0x68, 0x0C, 0xF0
	.byte 0x1D, 0xF9, 0x00, 0x06, 0x00, 0x28, 0x00, 0xD0, 0x94, 0xE3, 0x05, 0x49, 0x41, 0x44, 0x3C, 0x20
	.byte 0x08, 0x80, 0x81, 0x20, 0x80, 0x00, 0x40, 0x44, 0x02, 0x68, 0x21, 0x68, 0xA9, 0x20, 0x5B, 0xE3
	.byte 0x6E, 0x02, 0x00, 0x00, 0x2C, 0x4C, 0x44, 0x44, 0x20, 0x88, 0x01, 0x21, 0x08, 0x40, 0x00, 0x28
	.byte 0x0F, 0xD1, 0x80, 0x20, 0x80, 0x00, 0x40, 0x44, 0x02, 0x68, 0x24, 0x32, 0x13, 0x78, 0x59, 0x07
	.byte 0x49, 0x0F, 0x01, 0x31, 0x07, 0x20, 0x01, 0x40, 0x08, 0x20, 0x40, 0x42, 0x18, 0x40, 0x08, 0x43
	.byte 0x10, 0x70, 0x21, 0x88, 0x00, 0x25, 0x60, 0x5F, 0x00, 0x28, 0x01, 0xDD, 0x48, 0x1E, 0x20, 0x80
	.byte 0x00, 0x27, 0xE0, 0x5F, 0x00, 0x28, 0x00, 0xD0, 0x64, 0xE3, 0x81, 0x25, 0xAD, 0x00, 0x45, 0x44
	.byte 0x2A, 0x68, 0x80, 0x26, 0xB6, 0x00, 0x46, 0x44, 0x31, 0x68, 0xAA, 0x20, 0x88, 0x80, 0x90, 0x80
	.byte 0x28, 0x68, 0x16, 0x49, 0x0D, 0xF0, 0x1E, 0xFB, 0x30, 0x68, 0x15, 0x49, 0x0D, 0xF0, 0x1A, 0xFB
	.byte 0x28, 0x68, 0x01, 0x24, 0x64, 0x42, 0x01, 0x21, 0x22, 0x1C, 0x23, 0x1C, 0x04, 0xF0, 0x14, 0xFF
	.byte 0x30, 0x68, 0x01, 0x21, 0x22, 0x1C, 0x23, 0x1C, 0x04, 0xF0, 0x0E, 0xFF, 0x28, 0x68, 0xA5, 0x25
	.byte 0xAD, 0x00, 0x40, 0x19, 0x03, 0x68, 0x9A, 0x7C, 0x07, 0x21, 0x49, 0x42, 0x08, 0x1C, 0x10, 0x40
	.byte 0x02, 0x24, 0x20, 0x43, 0x98, 0x74, 0x30, 0x68, 0x40, 0x19, 0x02, 0x68, 0x90, 0x7C, 0x01, 0x40
	.byte 0x21, 0x43, 0x91, 0x74, 0x2E, 0xE3, 0x00, 0x00, 0x6E, 0x02, 0x00, 0x00, 0x39, 0x10, 0x00, 0x00
	.byte 0x51, 0x10, 0x00, 0x00, 0x80, 0x25, 0xAD, 0x00, 0x45, 0x44, 0x2A, 0x68, 0xA5, 0x26, 0xB6, 0x00
	.byte 0x90, 0x19, 0x00, 0x68, 0x81, 0x7C, 0x08, 0x27, 0x38, 0x1C, 0x08, 0x40, 0x00, 0x28, 0x07, 0xD0
	.byte 0x10, 0x1C, 0x00, 0x21, 0x0B, 0xF0, 0xEC, 0xFD, 0x28, 0x68, 0x00, 0x21, 0x0B, 0xF0, 0x90, 0xFE
	.byte 0x81, 0x24, 0xA4, 0x00, 0x44, 0x44, 0x22, 0x68, 0x90, 0x19, 0x00, 0x68, 0x81, 0x7C, 0x38, 0x1C
	.byte 0x08, 0x40, 0x00, 0x28, 0x07, 0xD0, 0x10, 0x1C, 0x00, 0x21, 0x0B, 0xF0, 0xD9, 0xFD, 0x20, 0x68
	.byte 0x00, 0x21, 0x0B, 0xF0, 0x7D, 0xFE, 0x28, 0x68, 0x2A, 0x49, 0x40, 0x18, 0x01, 0x78, 0x02, 0x22
	.byte 0x10, 0x1C, 0x08, 0x40, 0x00, 0x28, 0x00, 0xD0, 0xF4, 0xE2, 0x20, 0x68, 0x25, 0x4B, 0xC0, 0x18
	.byte 0x01, 0x78, 0x10, 0x1C, 0x08, 0x40, 0x00, 0x28, 0x00, 0xD0, 0xEB, 0xE2, 0x22, 0x48, 0x40, 0x44
	.byte 0x01, 0x78, 0x10, 0x1C, 0x08, 0x40, 0x00, 0x28, 0x00, 0xD1, 0xE3, 0xE2, 0x1F, 0x4A, 0x92, 0x20
	.byte 0x40, 0x00, 0x40, 0x44, 0x11, 0x88, 0x00, 0x88, 0x43, 0x46, 0xE4, 0x33, 0x81, 0x42, 0x04, 0xD0
	.byte 0x01, 0x1C, 0x10, 0x32, 0x10, 0x88, 0x88, 0x42, 0xFB, 0xD1, 0x10, 0x1D, 0x18, 0x60, 0x40, 0x46
	.byte 0xFF, 0xF7, 0xB4, 0xF9, 0x16, 0x48, 0x00, 0x90, 0x01, 0x90, 0x40, 0x46, 0x02, 0x21, 0x10, 0x22
	.byte 0x00, 0x23, 0xEB, 0xF7, 0xA7, 0xFA, 0x80, 0x20, 0x80, 0x00, 0x40, 0x44, 0x01, 0x68, 0x11, 0x4B
	.byte 0xC9, 0x18, 0x08, 0x78, 0x40, 0x22, 0x10, 0x43, 0x08, 0x70, 0x81, 0x20, 0x80, 0x00, 0x40, 0x44
	.byte 0x01, 0x68, 0xC9, 0x18, 0x08, 0x78, 0x10, 0x43, 0x08, 0x70, 0x0B, 0x4A, 0x42, 0x44, 0x11, 0x78
	.byte 0x7F, 0x20, 0x08, 0x40, 0x10, 0x70, 0x95, 0x21, 0x49, 0x00, 0x41, 0x44, 0x08, 0x20, 0x08, 0x70
	.byte 0xA8, 0xE2, 0x00, 0x00, 0x0F, 0x02, 0x00, 0x00, 0x6A, 0x02, 0x00, 0x00, 0xC4, 0xFB, 0x39, 0x08
	.byte 0xFF, 0xFF, 0x00, 0x00, 0x51, 0x03, 0x00, 0x00, 0x0B, 0x02, 0x00, 0x00, 0x63, 0x48, 0x40, 0x44
	.byte 0x00, 0x24, 0x01, 0x5F, 0x62, 0x48, 0x81, 0x42, 0x39, 0xDD, 0x80, 0x24, 0xA4, 0x00, 0x44, 0x44
	.byte 0x21, 0x68, 0x60, 0x4D, 0x49, 0x19, 0x08, 0x88, 0x08, 0x38, 0x08, 0x80, 0x20, 0x68, 0x41, 0x19
	.byte 0x00, 0x27, 0xC8, 0x5F, 0x07, 0x28, 0x01, 0xDC, 0x08, 0x20, 0x08, 0x80, 0x23, 0x68, 0x58, 0x19
	.byte 0x00, 0x21, 0x42, 0x5E, 0x58, 0x49, 0x98, 0x78, 0x40, 0x00, 0x40, 0x18, 0x00, 0x27, 0xC0, 0x5F
	.byte 0x11, 0x1C, 0x41, 0x43, 0x00, 0x29, 0x01, 0xDA, 0x54, 0x48, 0x09, 0x18, 0x89, 0x13, 0x54, 0x4A
	.byte 0x98, 0x18, 0x01, 0x80, 0x23, 0x68, 0x58, 0x19, 0x00, 0x24, 0x01, 0x5F, 0x49, 0x42, 0x51, 0x4A
	.byte 0x98, 0x78, 0x40, 0x00, 0x80, 0x18, 0x00, 0x25, 0x40, 0x5F, 0x41, 0x43, 0x00, 0x29, 0x01, 0xDA
	.byte 0x4A, 0x4F, 0xC9, 0x19, 0x89, 0x13, 0x91, 0x22, 0x92, 0x00, 0x98, 0x18, 0x01, 0x80, 0x43, 0x4C
	.byte 0x44, 0x44, 0x80, 0x27, 0xBF, 0x00, 0x47, 0x44, 0x38, 0x68, 0x42, 0x4B, 0xC0, 0x18, 0x00, 0x88
	.byte 0x25, 0x88, 0x40, 0x19, 0x20, 0x80, 0x38, 0x68, 0x41, 0x46, 0x28, 0x31, 0x14, 0xF0, 0x46, 0xF9
	.byte 0x00, 0x20, 0x21, 0x5E, 0x40, 0x48, 0x81, 0x42, 0x00, 0xDC, 0x43, 0xE2, 0x81, 0x26, 0xB6, 0x00
	.byte 0x46, 0x44, 0x32, 0x68, 0x39, 0x68, 0x84, 0x24, 0xA4, 0x00, 0x09, 0x19, 0x08, 0x78, 0x08, 0x23
	.byte 0x18, 0x43, 0x08, 0x70, 0x12, 0x19, 0x10, 0x78, 0x18, 0x43, 0x10, 0x70, 0x33, 0x68, 0x3A, 0x68
	.byte 0x36, 0x4D, 0x52, 0x19, 0x14, 0x78, 0x21, 0x21, 0x49, 0x42, 0x08, 0x1C, 0x20, 0x40, 0x10, 0x70
	.byte 0x5B, 0x19, 0x18, 0x78, 0x01, 0x40, 0x19, 0x70, 0x3A, 0x68, 0x85, 0x21, 0x89, 0x00, 0x52, 0x18
	.byte 0x11, 0x78, 0x08, 0x20, 0x40, 0x42, 0x08, 0x40, 0x03, 0x21, 0x08, 0x43, 0x10, 0x70, 0x30, 0x68
	.byte 0x2B, 0x49, 0x0D, 0xF0, 0xDF, 0xF9, 0x34, 0x68, 0x23, 0x49, 0x38, 0x68, 0x80, 0x78, 0x42, 0x00
	.byte 0x51, 0x18, 0x00, 0x23, 0xC9, 0x5E, 0x48, 0x00, 0x40, 0x18, 0xC0, 0x00, 0x40, 0x42, 0x00, 0x28
	.byte 0x01, 0xDA, 0x1E, 0x4D, 0x40, 0x19, 0x83, 0x13, 0x1E, 0x48, 0x10, 0x18, 0x00, 0x22, 0x81, 0x5E
	.byte 0x48, 0x00, 0x40, 0x18, 0xC0, 0x00, 0x00, 0x28, 0x01, 0xDA, 0x18, 0x4D, 0x40, 0x19, 0x80, 0x13
	.byte 0x00, 0x90, 0x00, 0x20, 0x01, 0x90, 0x19, 0x20, 0x02, 0x90, 0x20, 0x1C, 0x02, 0x21, 0x01, 0x22
	.byte 0x09, 0xF0, 0x02, 0xFF, 0x30, 0x68, 0x01, 0x21, 0x20, 0x22, 0x0B, 0xF0, 0x37, 0xFF, 0x32, 0x68
	.byte 0x39, 0x68, 0xAC, 0x20, 0x88, 0x80, 0x90, 0x80, 0x30, 0x68, 0xCE, 0x27, 0xBF, 0x00, 0xC1, 0x19
	.byte 0x0A, 0x68, 0x38, 0x23, 0xD1, 0x5E, 0x40, 0x18, 0xD2, 0x6B, 0x01, 0x21, 0x9E, 0xF1, 0xDA, 0xFE
	.byte 0x01, 0x21, 0x49, 0x42, 0x2B, 0x20, 0xDD, 0xF7, 0x77, 0xFC, 0xD3, 0xE1, 0x6E, 0x02, 0x00, 0x00
	.byte 0xFF, 0x0F, 0x00, 0x00, 0x3E, 0x02, 0x00, 0x00, 0x04, 0x85, 0x19, 0x08, 0xFF, 0x3F, 0x00, 0x00
	.byte 0x42, 0x02, 0x00, 0x00, 0x84, 0x85, 0x19, 0x08, 0xFF, 0x4F, 0x00, 0x00, 0x0D, 0x02, 0x00, 0x00
	.byte 0x01, 0x10, 0x00, 0x00, 0x81, 0x23, 0x9B, 0x00, 0x43, 0x44, 0x1A, 0x68, 0x96, 0x24, 0xA4, 0x00
	.byte 0x10, 0x19, 0x00, 0x68, 0x00, 0x28, 0x12, 0xDA, 0x80, 0x20, 0x80, 0x00, 0x40, 0x44, 0x01, 0x68
	.byte 0xAD, 0x20, 0x88, 0x80, 0x90, 0x80, 0x18, 0x68, 0xCE, 0x25, 0xAD, 0x00, 0x41, 0x19, 0x0A, 0x68
	.byte 0x38, 0x27, 0xD1, 0x5F, 0x40, 0x18, 0xD2, 0x6B, 0x01, 0x21, 0x9E, 0xF1, 0xA3, 0xFE, 0x81, 0x26
	.byte 0xB6, 0x00, 0x46, 0x44, 0x30, 0x68, 0x44, 0x46, 0x28, 0x34, 0x21, 0x1C, 0x0A, 0xF0, 0x3C, 0xFA
	.byte 0x30, 0x68, 0x0A, 0xF0, 0x4B, 0xFC, 0x30, 0x68, 0x21, 0x1C, 0x00, 0x22, 0x00, 0x23, 0x13, 0xF0
	.byte 0x0B, 0xFF, 0x32, 0x68, 0x97, 0x21, 0x89, 0x00, 0x50, 0x18, 0x01, 0x68, 0x01, 0x20, 0x40, 0x42
	.byte 0x81, 0x42, 0x00, 0xD0, 0x86, 0xE1, 0x10, 0x1C, 0x0A, 0xF0, 0x0C, 0xFE, 0x31, 0x68, 0x08, 0x1C
	.byte 0x24, 0x30, 0x00, 0x78, 0x40, 0x01, 0x88, 0x70, 0x33, 0x68, 0x85, 0x25, 0xAD, 0x00, 0x5B, 0x19
	.byte 0x19, 0x78, 0x08, 0x22, 0x52, 0x42, 0x10, 0x1C, 0x08, 0x40, 0x03, 0x21, 0x08, 0x43, 0x18, 0x70
	.byte 0x80, 0x24, 0xA4, 0x00, 0x44, 0x44, 0x21, 0x68, 0x49, 0x19, 0x08, 0x78, 0x02, 0x40, 0x01, 0x20
	.byte 0x02, 0x43, 0x0A, 0x70, 0x32, 0x68, 0x21, 0x68, 0xAE, 0x20, 0x88, 0x80, 0x90, 0x80, 0x20, 0x68
	.byte 0xCE, 0x22, 0x92, 0x00, 0x81, 0x18, 0x2D, 0xE0, 0x80, 0x26, 0xB6, 0x00, 0x46, 0x44, 0x30, 0x68
	.byte 0xA5, 0x25, 0xAD, 0x00, 0x40, 0x19, 0x00, 0x68, 0x81, 0x7C, 0x08, 0x20, 0x08, 0x40, 0x00, 0x28
	.byte 0x00, 0xD1, 0x4F, 0xE1, 0x81, 0x24, 0xA4, 0x00, 0x44, 0x44, 0x23, 0x68, 0x80, 0x3D, 0x5B, 0x19
	.byte 0x19, 0x78, 0x08, 0x22, 0x52, 0x42, 0x10, 0x1C, 0x08, 0x40, 0x01, 0x21, 0x08, 0x43, 0x18, 0x70
	.byte 0x30, 0x68, 0x40, 0x19, 0x01, 0x78, 0x0A, 0x40, 0x02, 0x70, 0x22, 0x68, 0x31, 0x68, 0xAF, 0x20
	.byte 0x88, 0x80, 0x90, 0x80, 0x20, 0x68, 0x0E, 0x49, 0x0D, 0xF0, 0xFC, 0xF8, 0x20, 0x68, 0xCE, 0x27
	.byte 0xBF, 0x00, 0xC1, 0x19, 0x0A, 0x68, 0x38, 0x23, 0xD1, 0x5E, 0x40, 0x18, 0xD2, 0x6B, 0x01, 0x21
	.byte 0x9E, 0xF1, 0x28, 0xFE, 0x20, 0x68, 0xA5, 0x24, 0xA4, 0x00, 0x00, 0x19, 0x02, 0x68, 0x91, 0x7C
	.byte 0x07, 0x20, 0x40, 0x42, 0x08, 0x40, 0x02, 0x21, 0x08, 0x43, 0x90, 0x74, 0x1A, 0xE1, 0x00, 0x00
	.byte 0x38, 0x10, 0x00, 0x00, 0x81, 0x27, 0xBF, 0x00, 0x47, 0x44, 0x3B, 0x68, 0xA5, 0x25, 0xAD, 0x00
	.byte 0x58, 0x19, 0x00, 0x68, 0x81, 0x7C, 0x08, 0x20, 0x08, 0x40, 0x00, 0x28, 0x00, 0xD1, 0x09, 0xE1
	.byte 0x85, 0x26, 0xB6, 0x00, 0x9B, 0x19, 0x1A, 0x78, 0x08, 0x21, 0x49, 0x42, 0x08, 0x1C, 0x10, 0x40
	.byte 0x01, 0x24, 0x20, 0x43, 0x18, 0x70, 0x94, 0x3D, 0x45, 0x44, 0x28, 0x68, 0x80, 0x19, 0x02, 0x78
	.byte 0x11, 0x40, 0x21, 0x43, 0x01, 0x70, 0x3A, 0x68, 0x29, 0x68, 0xB0, 0x20, 0x88, 0x80, 0x90, 0x80
	.byte 0x38, 0x68, 0xCE, 0x24, 0xA4, 0x00, 0x01, 0x19, 0x0A, 0x68, 0x38, 0x27, 0xD1, 0x5F, 0x40, 0x18
	.byte 0xD2, 0x6B, 0x01, 0x21, 0x9E, 0xF1, 0xE6, 0xFD, 0x28, 0x68, 0x04, 0x19, 0x22, 0x68, 0x38, 0x23
	.byte 0xD1, 0x5E, 0x40, 0x18, 0xD2, 0x6B, 0x01, 0x21, 0x9E, 0xF1, 0xDC, 0xFD, 0x28, 0x68, 0xA5, 0x24
	.byte 0xA4, 0x00, 0x00, 0x19, 0x02, 0x68, 0x91, 0x7C, 0x07, 0x20, 0x40, 0x42, 0x08, 0x40, 0x02, 0x21
	.byte 0x08, 0x43, 0x90, 0x74, 0x01, 0x21, 0x49, 0x42, 0xD7, 0x20, 0xDD, 0xF7, 0x6D, 0xFB, 0xC9, 0xE0
	.byte 0x80, 0x26, 0xB6, 0x00, 0x46, 0x44, 0x30, 0x68, 0xA5, 0x25, 0xAD, 0x00, 0x40, 0x19, 0x00, 0x68
	.byte 0x81, 0x7C, 0x08, 0x20, 0x08, 0x40, 0x00, 0x28, 0x00, 0xD1, 0xBB, 0xE0, 0x81, 0x27, 0xBF, 0x00
	.byte 0x47, 0x44, 0x39, 0x68, 0x80, 0x3D, 0x49, 0x19, 0x0B, 0x78, 0x08, 0x22, 0x52, 0x42, 0x10, 0x1C
	.byte 0x18, 0x40, 0x03, 0x24, 0x20, 0x43, 0x08, 0x70, 0x31, 0x68, 0x49, 0x19, 0x0B, 0x78, 0x10, 0x1C
	.byte 0x18, 0x40, 0x20, 0x43, 0x08, 0x70, 0x33, 0x68, 0x24, 0x33, 0x1C, 0x78, 0x60, 0x07, 0x40, 0x0F
	.byte 0x04, 0x30, 0x07, 0x21, 0x08, 0x40, 0x22, 0x40, 0x02, 0x43, 0x1A, 0x70, 0x31, 0x68, 0x08, 0x1C
	.byte 0x24, 0x30, 0x00, 0x78, 0x40, 0x01, 0x00, 0x22, 0x91, 0x46, 0x88, 0x70, 0x38, 0x68, 0x34, 0x49
	.byte 0x0D, 0xF0, 0x58, 0xF8, 0x30, 0x68, 0x33, 0x49, 0x0D, 0xF0, 0x54, 0xF8, 0xD7, 0x20, 0xDD, 0xF7
	.byte 0x25, 0xFB, 0x30, 0x68, 0xC3, 0x68, 0x04, 0x69, 0x24, 0x30, 0x00, 0x78, 0x40, 0x07, 0x40, 0x0F
	.byte 0x04, 0x21, 0x48, 0x40, 0x90, 0x21, 0x89, 0x00, 0x41, 0x44, 0x00, 0x22, 0x8D, 0x5E, 0xAA, 0x46
	.byte 0x29, 0x49, 0x82, 0x01, 0x51, 0x18, 0x00, 0x25, 0x48, 0x5F, 0x51, 0x46, 0x41, 0x43, 0x08, 0x1C
	.byte 0x00, 0x28, 0x01, 0xDA, 0x25, 0x4D, 0x40, 0x19, 0x80, 0x13, 0x1B, 0x18, 0x24, 0x48, 0x10, 0x18
	.byte 0x00, 0x21, 0x40, 0x5E, 0x52, 0x46, 0x42, 0x43, 0x10, 0x1C, 0x00, 0x28, 0x01, 0xDA, 0x1F, 0x4D
	.byte 0x40, 0x19, 0x80, 0x13, 0x24, 0x1A, 0x39, 0x68, 0x00, 0x2B, 0x00, 0xDA, 0xFF, 0x33, 0x1B, 0x12
	.byte 0x20, 0x1C, 0x00, 0x28, 0x00, 0xDA, 0xFF, 0x30, 0x00, 0x12, 0x00, 0x90, 0x48, 0x46, 0x01, 0x90
	.byte 0x18, 0x4A, 0x88, 0x18, 0x00, 0x88, 0x02, 0x90, 0x08, 0x1C, 0x01, 0x21, 0x00, 0x22, 0x09, 0xF0
	.byte 0x5B, 0xFD, 0x3A, 0x68, 0x14, 0x4B, 0xD2, 0x18, 0x10, 0x78, 0x80, 0x21, 0x08, 0x43, 0x40, 0x23
	.byte 0x18, 0x43, 0x10, 0x70, 0x31, 0x68, 0x11, 0x4C, 0x09, 0x19, 0x08, 0x78, 0x18, 0x43, 0x08, 0x70
	.byte 0x30, 0x68, 0x91, 0x25, 0xAD, 0x00, 0x41, 0x19, 0x4A, 0x46, 0x0A, 0x80, 0x0C, 0x4B, 0xC0, 0x18
	.byte 0x02, 0x80, 0x3A, 0x68, 0x31, 0x68, 0xB1, 0x20, 0x88, 0x80, 0x90, 0x80, 0x2A, 0xE0, 0x00, 0x00
	.byte 0x01, 0x10, 0x00, 0x00, 0x02, 0x10, 0x00, 0x00, 0x04, 0x85, 0x19, 0x08, 0xFF, 0x3F, 0x00, 0x00
	.byte 0x84, 0x85, 0x19, 0x08, 0x3E, 0x02, 0x00, 0x00, 0xB6, 0x02, 0x00, 0x00, 0x51, 0x03, 0x00, 0x00
	.byte 0x42, 0x02, 0x00, 0x00, 0x81, 0x24, 0xA4, 0x00, 0x44, 0x44, 0x20, 0x68, 0x41, 0x46, 0x28, 0x31
	.byte 0x0A, 0xF0, 0xB2, 0xF8, 0x20, 0x68, 0x0A, 0xF0, 0xC1, 0xFA, 0x20, 0x68, 0x0B, 0xF0, 0x8E, 0xFD
	.byte 0x00, 0x06, 0x00, 0x28, 0x06, 0xD1, 0x20, 0x68, 0x0A, 0xF0, 0x8C, 0xFC, 0x40, 0x46, 0xFE, 0xF7
	.byte 0xE5, 0xFE, 0xCE, 0xE1
_0803C070:
	.byte 0x95, 0x20, 0x40, 0x00, 0x40, 0x44, 0x00, 0x78, 0x02, 0x28, 0x04, 0xD9, 0x07, 0x28, 0x02, 0xD0
	.byte 0x0B, 0x28, 0x00, 0xD0, 0x8C, 0xE1, 0xAE, 0x20, 0x80, 0x00, 0x40, 0x44, 0x01, 0x78, 0x10, 0x20
	.byte 0x08, 0x40, 0x00, 0x06, 0x01, 0x0E, 0x00, 0x29, 0x00, 0xD0, 0x81, 0xE1, 0x81, 0x27, 0xBF, 0x00
	.byte 0x47, 0x44, 0x38, 0x68, 0x04, 0x24, 0x00, 0x5F, 0xA3, 0x28, 0x00, 0xDC, 0x78, 0xE1, 0xA7, 0x28
	.byte 0x00, 0xDD, 0x75, 0xE1, 0x80, 0x25, 0xAD, 0x00, 0x45, 0x44, 0x28, 0x68, 0x84, 0x69, 0x81, 0x61
	.byte 0x28, 0x68, 0xCE, 0x22, 0x92, 0x00, 0x81, 0x18, 0x09, 0x68, 0x68, 0x31, 0x00, 0x23, 0xCA, 0x5E
	.byte 0x80, 0x18, 0x49, 0x68, 0x9E, 0xF1, 0xCA, 0xFC, 0x00, 0x06, 0x06, 0x0E, 0x28, 0x68, 0x84, 0x61
	.byte 0x38, 0x68, 0x04, 0x24, 0x00, 0x5F, 0xA4, 0x28, 0x00, 0xD0, 0x43, 0xE1, 0x00, 0x2E, 0x00, 0xD1
	.byte 0x40, 0xE1, 0x2A, 0x68, 0x10, 0x1C, 0x24, 0x30, 0x04, 0x78, 0x63, 0x07, 0x58, 0x0F, 0x01, 0x21
	.byte 0x48, 0x40, 0x08, 0x40, 0x00, 0x28, 0x00, 0xD1, 0x30, 0xE1, 0x98, 0x0F, 0x31, 0x1C, 0x01, 0x41
	.byte 0x01, 0x20, 0x01, 0x40, 0x00, 0x29, 0x00, 0xD1, 0x22, 0xE1, 0x07, 0x20, 0x20, 0x40, 0x00, 0x28
	.byte 0x04, 0xD0, 0x06, 0x28, 0x02, 0xD0, 0x02, 0x28, 0x00, 0xD0, 0xA4, 0xE0, 0x80, 0x20, 0x80, 0x00
	.byte 0x40, 0x44, 0x02, 0x68, 0xD3, 0x68, 0x10, 0x1C, 0x24, 0x30, 0x01, 0x78, 0x07, 0x20, 0x08, 0x40
	.byte 0x02, 0x28, 0x04, 0xD1, 0x9E, 0x25, 0xAD, 0x00, 0x50, 0x19, 0x00, 0x88, 0x06, 0xE0, 0x9E, 0x27
	.byte 0xBF, 0x00, 0xD0, 0x19, 0x00, 0x88, 0x40, 0x42, 0xC1, 0x0F, 0x40, 0x18, 0x40, 0x10, 0x1C, 0x18
	.byte 0x80, 0x20, 0x80, 0x00, 0x40, 0x44, 0x02, 0x68, 0x9C, 0x21, 0x89, 0x00, 0x50, 0x18, 0x00, 0x23
	.byte 0xC1, 0x5E, 0x10, 0x69, 0x40, 0x18, 0x9F, 0x25, 0xAD, 0x00, 0x51, 0x19, 0x09, 0x88, 0x45, 0x1A
	.byte 0x10, 0x1C, 0x24, 0x30, 0x00, 0x78, 0x40, 0x07, 0x40, 0x0F, 0x02, 0x28, 0x12, 0xD0, 0x02, 0x28
	.byte 0x02, 0xD8, 0x00, 0x28, 0x03, 0xD0, 0x10, 0xE0, 0x06, 0x28, 0x05, 0xD0, 0x0D, 0xE0, 0x01, 0x4F
	.byte 0xED, 0x19, 0x0A, 0xE0, 0x00, 0xFF, 0xFF, 0xFF, 0x01, 0x48, 0x24, 0x18, 0x05, 0xE0, 0x00, 0x00
	.byte 0x00, 0xFF, 0xFF, 0xFF, 0x80, 0x21, 0x49, 0x00, 0x64, 0x18, 0x01, 0x27, 0xFF, 0x34, 0x27, 0x48
	.byte 0x04, 0x40, 0xFF, 0x35, 0x05, 0x40, 0x02, 0x26, 0xC1, 0x20, 0x80, 0x00, 0x40, 0x44, 0x03, 0x68
	.byte 0x20, 0x1C, 0x00, 0x2C, 0x01, 0xDA, 0x22, 0x4A, 0xA0, 0x18, 0x00, 0x01, 0x01, 0x14, 0x2A, 0x1C
	.byte 0x00, 0x2D, 0x01, 0xDA, 0x1E, 0x48, 0x2A, 0x18, 0x12, 0x01, 0x12, 0x14, 0x18, 0x1C, 0x1D, 0xF0
	.byte 0x93, 0xFF, 0x02, 0x78, 0x78, 0x20, 0x10, 0x40, 0x10, 0x28, 0x00, 0xD0, 0xA4, 0xE0, 0x80, 0x20
	.byte 0x80, 0x00, 0x40, 0x44, 0x00, 0x68, 0x24, 0x30, 0x00, 0x78, 0x07, 0x23, 0x19, 0x1C, 0x01, 0x40
	.byte 0x00, 0x29, 0x04, 0xD1, 0x18, 0x1C, 0x10, 0x40, 0x06, 0x28, 0x00, 0xD0, 0x94, 0xE0, 0x06, 0x29
	.byte 0x04, 0xD1, 0x18, 0x1C, 0x10, 0x40, 0x05, 0x28, 0x00, 0xD0, 0x8D, 0xE0, 0x02, 0x29, 0x04, 0xD1
	.byte 0x18, 0x1C, 0x10, 0x40, 0x04, 0x28, 0x00, 0xD0, 0x86, 0xE0, 0x80, 0x20, 0x80, 0x00, 0x40, 0x44
	.byte 0x02, 0x68, 0x10, 0x1C, 0x24, 0x30, 0x01, 0x78, 0x07, 0x20, 0x08, 0x40, 0x00, 0x28, 0x09, 0xD1
	.byte 0x9E, 0x21, 0x89, 0x00, 0x50, 0x18, 0x00, 0x88, 0x24, 0x18, 0x08, 0xE0, 0x00, 0xFF, 0xFF, 0xFF
	.byte 0xFF, 0x0F, 0x00, 0x00, 0x9F, 0x23, 0x9B, 0x00, 0xD0, 0x18, 0x00, 0x88, 0x2D, 0x18, 0x01, 0x3E
	.byte 0x00, 0x2E, 0xA9, 0xD1, 0x00, 0xE0, 0x00, 0x27, 0x00, 0x2F, 0x65, 0xD0, 0x2C, 0x49, 0x41, 0x44
	.byte 0x00, 0x20, 0x08, 0x80, 0x80, 0x23, 0x9B, 0x00, 0x44, 0x46, 0xE5, 0x18, 0x29, 0x68, 0x08, 0x1C
	.byte 0x24, 0x30, 0x00, 0x78, 0x40, 0x01, 0x88, 0x70, 0x2A, 0x68, 0x26, 0x49, 0x90, 0x78, 0x40, 0x00
	.byte 0x40, 0x18, 0x00, 0x27, 0xC1, 0x5F, 0x00, 0x29, 0x00, 0xDA, 0x1F, 0x31, 0x49, 0x11, 0x22, 0x4C
	.byte 0x10, 0x19, 0x01, 0x80, 0x2A, 0x68, 0x21, 0x49, 0x90, 0x78, 0x40, 0x00, 0x40, 0x18, 0x00, 0x27
	.byte 0xC0, 0x5F, 0x40, 0x02, 0x40, 0x42, 0x00, 0x28, 0x01, 0xDA, 0x1D, 0x49, 0x40, 0x18, 0x81, 0x13
	.byte 0x91, 0x24, 0xA4, 0x00, 0x10, 0x19, 0x01, 0x80, 0x28, 0x68, 0x1A, 0x4F, 0xC1, 0x19, 0x0B, 0x80
	.byte 0x98, 0x21, 0x89, 0x00, 0x40, 0x18, 0x03, 0x80, 0x81, 0x22, 0x92, 0x00, 0x42, 0x44, 0x13, 0x68
	.byte 0x29, 0x68, 0xAB, 0x20, 0x88, 0x80, 0x98, 0x80, 0x10, 0x68, 0xF4, 0x34, 0x01, 0x19, 0x0A, 0x68
	.byte 0x38, 0x23, 0xD1, 0x5E, 0x40, 0x18, 0xD2, 0x6B, 0x01, 0x21, 0x9E, 0xF1, 0xB1, 0xFB, 0x28, 0x68
	.byte 0x04, 0x19, 0x22, 0x68, 0x38, 0x24, 0x11, 0x5F, 0x40, 0x18, 0xD2, 0x6B, 0x01, 0x21, 0x9E, 0xF1
	.byte 0xA7, 0xFB, 0x01, 0x21, 0x49, 0x42, 0x8A, 0x20, 0xDD, 0xF7, 0x44, 0xF9, 0x22, 0xE0, 0x00, 0x00
	.byte 0x6E, 0x02, 0x00, 0x00, 0x04, 0x85, 0x19, 0x08, 0x42, 0x02, 0x00, 0x00, 0x84, 0x85, 0x19, 0x08
	.byte 0xFF, 0x3F, 0x00, 0x00, 0x3E, 0x02, 0x00, 0x00, 0x80, 0x20, 0x80, 0x00, 0x40, 0x44, 0x00, 0x68
	.byte 0x02, 0x4D, 0x40, 0x19, 0x19, 0x21, 0x01, 0x80, 0x0C, 0xE0, 0x00, 0x00, 0x3E, 0x02, 0x00, 0x00
	.byte 0x01, 0x4F, 0xD1, 0x19, 0x04, 0xE0, 0x00, 0x00, 0x3E, 0x02, 0x00, 0x00, 0x2C, 0x48, 0x11, 0x18
	.byte 0x19, 0x20, 0x08, 0x80, 0x80, 0x21, 0x89, 0x00, 0x41, 0x44, 0x0A, 0x68, 0x90, 0x69, 0x00, 0x28
	.byte 0x01, 0xDA, 0x00, 0x20, 0x90, 0x61, 0x09, 0x68, 0x04, 0x22, 0x88, 0x5E, 0xA4, 0x28, 0x07, 0xD1
	.byte 0x6A, 0x46, 0x01, 0x20, 0x10, 0x70, 0x40, 0x46, 0x01, 0x22, 0x01, 0x23, 0xF2, 0xF7, 0x12, 0xFD
	.byte 0x81, 0x25, 0xAD, 0x00, 0x45, 0x44, 0x29, 0x68, 0x04, 0x23, 0xC8, 0x5E, 0xAB, 0x28, 0x22, 0xDC
	.byte 0x80, 0x24, 0xA4, 0x00, 0x44, 0x44, 0x20, 0x68, 0xC0, 0x68, 0xC8, 0x60, 0x29, 0x68, 0x20, 0x68
	.byte 0x00, 0x69, 0x08, 0x61, 0x29, 0x68, 0x20, 0x68, 0x40, 0x69, 0x48, 0x61, 0x29, 0x68, 0x20, 0x68
	.byte 0x80, 0x69, 0x88, 0x61, 0x2B, 0x68, 0x20, 0x68, 0x24, 0x30, 0x01, 0x78, 0x49, 0x07, 0x24, 0x33
	.byte 0x49, 0x0F, 0x1A, 0x78, 0x08, 0x20, 0x40, 0x42, 0x10, 0x40, 0x08, 0x43, 0x18, 0x70, 0x29, 0x68
	.byte 0x20, 0x68, 0x80, 0x78, 0x88, 0x70
_0803C3F6:
	.byte 0x80, 0x20, 0x80, 0x00, 0x40, 0x44, 0x00, 0x68, 0x0A, 0xF0, 0xEB, 0xF8, 0x81, 0x20, 0x80, 0x00
	.byte 0x40, 0x44, 0x00, 0x68, 0x0A, 0xF0, 0xE5, 0xF8, 0x03, 0xB0, 0x38, 0xBC, 0x98, 0x46, 0xA1, 0x46
	.byte 0xAA, 0x46, 0xF0, 0xBC, 0x01, 0xBC, 0x00, 0x47, 0x00, 0x00, 0x3E, 0x02, 0x00, 0x00
