	.include "asm/macros.inc"

	.syntax unified
	.text

	thumb_func_start sub_80EB248
sub_80EB248:
	push {r4, r5, r6, r7, lr}
	mov r7, r10
	mov r6, r9
	mov r5, r8
	push {r5, r6, r7}
	add sp, #-0x044
	mov r8, r0
	ldr r0, [r0, #0x14]
	ldr r2, _080EB2DC @ =0x0000010B
	adds r1, r0, r2
	ldrb r1, [r1, #0x00]
	str r1, [sp, #0x03C]
	movs r6, #0x00
	adds r7, r0, #0x0
	adds r7, #0x28
	cmp r6, r1
	bge _080EB344
_080EB26A:
	mov r10, r7
	mov r3, r10
	adds r3, #0x04
	mov r10, r3
	subs r3, #0x04
	ldm r3!, {r2}
	ldr r4, _080EB2E0 @ =0x00000216
	adds r0, r2, r4
	ldrb r1, [r0, #0x00]
	movs r0, #0x20
	ands r0, r1
	ldr r1, [sp, #0x03C]
	lsls r1, r1, #0x10
	str r1, [sp, #0x040]
	lsls r6, r6, #0x10
	mov r9, r6
	cmp r0, #0x00
	bne _080EB330
	adds r5, r2, #0x0
	adds r5, #0x58
	adds r6, r2, #0x0
	adds r6, #0xF8
	ldrh r1, [r6, #0x00]
	movs r3, #0xDB
	lsls r3, r3, #0x01
	adds r0, r3, #0x0
	ands r0, r1
	cmp r0, #0x00
	bne _080EB330
	ldr r0, _080EB2E4 @ =0x03000FD0
	ldr r0, [r0, #0x00]
	movs r4, #0x96
	lsls r4, r4, #0x03
	adds r0, r0, r4
	adds r1, r2, #0x0
	adds r1, #0x70
	ldr r2, _080EB2E8 @ =0x03000FC0
	ldr r2, [r2, #0x00]
	movs r3, #0xE3
	lsls r3, r3, #0x02
	adds r2, r2, r3
	movs r3, #0x33
	str r3, [sp, #0x000]
	mov r4, r9
	asrs r3, r4, #0x10
	str r3, [sp, #0x004]
	movs r3, #0x00
	bl sub_80E9C4C
	ldr r4, [r7, #0x00]
	ldrb r0, [r6, #0x00]
	movs r1, #0x01
	eors r0, r1
	ands r0, r1
	cmp r0, #0x00
	bne _080EB330
	b _080EB31E
_080EB2DC: .4byte 0x0000010B
_080EB2E0: .4byte 0x00000216
_080EB2E4: .4byte 0x03000FD0
_080EB2E8: .4byte 0x03000FC0
_080EB2EC:
	ldr r0, _080EB398 @ =0x03000FC0
	ldr r2, [r0, #0x00]
	ldr r0, _080EB39C @ =0x03000FD0
	ldr r3, [r0, #0x00]
	movs r6, #0x96
	lsls r6, r6, #0x03
	adds r3, r3, r6
	movs r6, #0xE3
	lsls r6, r6, #0x02
	adds r0, r2, r6
	str r0, [sp, #0x000]
	str r1, [sp, #0x004]
	adds r0, r5, #0x0
	add r1, sp, #0x008
	bl script_read_next_line
	mov r0, r8
	adds r1, r4, #0x0
	adds r2, r5, #0x0
	add r3, sp, #0x008
	bl fld_script_execute_next_command
	lsls r0, r0, #0x18
	cmp r0, #0x00
	beq _080EB330
_080EB31E:
	mov r0, r8
	adds r1, r4, #0x0
	adds r2, r5, #0x0
	bl sub_80EB838
	lsls r0, r0, #0x18
	lsrs r1, r0, #0x18
	cmp r1, #0x00
	beq _080EB2EC
_080EB330:
	movs r1, #0x80
	lsls r1, r1, #0x09
	add r1, r9
	mov r7, r10
	lsrs r6, r1, #0x10
	asrs r1, r1, #0x10
	ldr r2, [sp, #0x040]
	asrs r0, r2, #0x10
	cmp r1, r0
	blt _080EB26A
_080EB344:
	mov r3, r8
	ldr r0, [r3, #0x14]
	ldr r4, _080EB3A0 @ =0x0000010B
	adds r2, r0, r4
	ldrb r6, [r2, #0x00]
	adds r7, r0, #0x0
	adds r7, #0x28
	cmp r6, #0x00
	bne _080EB358
	b _080EB478
_080EB358:
	ldr r4, [r7, #0x00]
	adds r5, r4, #0x0
	adds r5, #0x58
	adds r0, r4, #0x0
	bl sub_8046D18
	adds r4, #0xF8
	ldrh r4, [r4, #0x00]
	movs r0, #0x42
	ands r0, r4
	cmp r0, #0x00
	beq _080EB3A8
	movs r0, #0x84
	ands r0, r4
	cmp r0, #0x00
	bne _080EB3A8
	ldr r2, [r7, #0x00]
	ldr r1, _080EB3A4 @ =0x00000216
	adds r0, r2, r1
	ldrb r1, [r0, #0x00]
	movs r0, #0x20
	ands r0, r1
	cmp r0, #0x00
	bne _080EB468
	mov r3, r8
	ldr r1, [r3, #0x14]
	adds r1, #0x28
	adds r0, r2, #0x0
	bl sub_80461B4
	b _080EB468
	.byte 0x00, 0x00
_080EB398: .4byte 0x03000FC0
_080EB39C: .4byte 0x03000FD0
_080EB3A0: .4byte 0x0000010B
_080EB3A4: .4byte 0x00000216
_080EB3A8:
	adds r0, r5, #0x0
	adds r0, #0xA0
	ldrh r2, [r0, #0x00]
	ldr r4, _080EB438 @ =0x00000484
	adds r0, r4, #0x0
	ands r0, r2
	movs r1, #0x80
	lsls r1, r1, #0x03
	cmp r0, r1
	bne _080EB444
	ldr r3, [r7, #0x00]
	movs r2, #0x83
	lsls r2, r2, #0x02
	adds r0, r3, r2
	ldrb r1, [r0, #0x00]
	movs r4, #0x01
	adds r0, r4, #0x0
	ands r0, r1
	cmp r0, #0x00
	beq _080EB468
	ldr r1, _080EB43C @ =0x00000216
	adds r0, r3, r1
	ldrb r1, [r0, #0x00]
	movs r0, #0x20
	ands r0, r1
	cmp r0, #0x00
	beq _080EB404
	ldr r1, _080EB440 @ =0x0000020E
	adds r0, r3, r1
	ldrb r1, [r0, #0x00]
	movs r0, #0x38
	ands r0, r1
	cmp r0, #0x18
	bne _080EB468
	movs r1, #0xD1
	lsls r1, r1, #0x02
	adds r0, r3, r1
	ldr r0, [r0, #0x00]
	cmp r0, #0x00
	beq _080EB468
	adds r0, r0, r2
	ldrb r1, [r0, #0x00]
	adds r0, r4, #0x0
	ands r0, r1
	cmp r0, #0x00
	beq _080EB468
_080EB404:
	ldr r2, _080EB440 @ =0x0000020E
	adds r0, r3, r2
	ldrb r1, [r0, #0x00]
	movs r0, #0x38
	ands r0, r1
	cmp r0, #0x18
	bne _080EB422
	movs r4, #0xCF
	lsls r4, r4, #0x02
	adds r0, r3, r4
	ldrb r1, [r0, #0x00]
	movs r0, #0x07
	ands r0, r1
	cmp r0, #0x01
	bne _080EB468
_080EB422:
	movs r0, #0xCC
	lsls r0, r0, #0x01
	adds r1, r3, r0
	mov r2, r8
	ldr r0, [r2, #0x14]
	ldr r2, [r1, #0x00]
	adds r1, r3, #0x0
	bl _call_via_r2
	b _080EB468
	.byte 0x00, 0x00
_080EB438: .4byte 0x00000484
_080EB43C: .4byte 0x00000216
_080EB440: .4byte 0x0000020E
_080EB444:
	movs r3, #0x80
	lsls r3, r3, #0x01
	adds r0, r3, #0x0
	ands r0, r2
	cmp r0, #0x00
	beq _080EB468
	ldr r0, [r7, #0x00]
	ldr r4, _080EB488 @ =0x00000216
	adds r0, r0, r4
	ldrb r1, [r0, #0x00]
	movs r0, #0x20
	ands r0, r1
	cmp r0, #0x00
	bne _080EB468
	mov r1, r8
	ldr r0, [r1, #0x14]
	bl sub_8028C40
_080EB468:
	lsls r0, r6, #0x10
	ldr r2, _080EB48C @ =0xFFFF0000
	adds r0, r0, r2
	adds r7, #0x04
	lsrs r6, r0, #0x10
	cmp r0, #0x00
	ble _080EB478
	b _080EB358
_080EB478:
	add sp, #0x044
	pop {r3, r4, r5}
	mov r8, r3
	mov r9, r4
	mov r10, r5
	pop {r4, r5, r6, r7}
	pop {r0}
	bx r0
_080EB488: .4byte 0x00000216
_080EB48C: .4byte 0xFFFF0000
	thumb_func_start sub_80EB490
sub_80EB490:
	push {r4, r5, lr}
	adds r5, r1, #0x0
	movs r0, #0xA5
	lsls r0, r0, #0x02
	adds r4, r5, r0
	ldr r3, [r4, #0x00]
	ldrb r1, [r3, #0x12]
	movs r0, #0x06
	ands r0, r1
	cmp r0, #0x02
	beq _080EB4B2
	movs r0, #0x07
	negs r0, r0
	ands r0, r1
	movs r1, #0x02
	orrs r0, r1
	strb r0, [r3, #0x12]
_080EB4B2:
	ldr r0, [r4, #0x00]
	ldrb r1, [r0, #0x12]
	movs r0, #0x08
	ands r0, r1
	cmp r0, #0x00
	beq _080EB51C
	adds r1, r2, #0x0
	adds r1, #0x9C
	ldr r0, [r1, #0x00]
	subs r0, #0x01
	str r0, [r1, #0x00]
	cmp r0, #0x00
	bne _080EB50A
	adds r4, r2, #0x0
	adds r4, #0xA0
	ldrh r1, [r4, #0x00]
	movs r0, #0x80
	lsls r0, r0, #0x02
	ands r0, r1
	cmp r0, #0x00
	beq _080EB4FC
	movs r1, #0x85
	lsls r1, r1, #0x02
	adds r2, r5, r1
	ldrb r1, [r2, #0x00]
	movs r0, #0x08
	negs r0, r0
	ands r0, r1
	strb r0, [r2, #0x00]
	ldrh r1, [r4, #0x00]
	ldr r0, _080EB4F8 @ =0x0000FDDF
	ands r0, r1
	strh r0, [r4, #0x00]
	b _080EB51C
	.byte 0x00, 0x00
_080EB4F8: .4byte 0x0000FDDF
_080EB4FC:
	adds r0, r5, #0x0
	bl sub_80474D0
	ldrh r0, [r4, #0x00]
	movs r1, #0x20
	eors r0, r1
	strh r0, [r4, #0x00]
_080EB50A:
	movs r1, #0xA5
	lsls r1, r1, #0x02
	adds r0, r5, r1
	ldr r2, [r0, #0x00]
	ldrb r1, [r2, #0x12]
	movs r0, #0x07
	negs r0, r0
	ands r0, r1
	strb r0, [r2, #0x12]
_080EB51C:
	pop {r4, r5}
	pop {r0}
	bx r0
	.byte 0x00, 0x00
	thumb_func_start sub_80EB524
sub_80EB524:
	push {r4, r5, r6, r7, lr}
	mov r7, r8
	push {r7}
	add sp, #-0x008
	adds r6, r0, #0x0
	adds r4, r1, #0x0
	adds r5, r3, #0x0
	lsls r2, r2, #0x18
	lsrs r0, r2, #0x18
	cmp r0, #0x04
	bls _080EB53C
	b _080EB6A0
_080EB53C:
	lsls r0, r0, #0x02
	ldr r1, _080EB548 @ =0x080EB54C
	adds r0, r0, r1
	ldr r0, [r0, #0x00]
	mov pc, r0
	.byte 0x00, 0x00
_080EB548: .4byte 0x080EB54C
	.byte 0x60, 0xB6, 0x0E, 0x08, 0x7C, 0xB6, 0x0E, 0x08, 0x8A, 0xB5, 0x0E, 0x08, 0x20, 0xB6, 0x0E, 0x08
	.byte 0x60, 0xB5, 0x0E, 0x08, 0x00, 0x2C, 0x00, 0xD1, 0x61, 0xE1, 0x20, 0x1C, 0xF8, 0x30, 0x00, 0x78
	.byte 0x01, 0x21, 0x48, 0x40, 0x08, 0x40, 0x00, 0x28, 0x00, 0xD1, 0x58, 0xE1, 0x30, 0x1C, 0x1C, 0x30
	.byte 0x21, 0x1C, 0x58, 0x31, 0x01, 0x22, 0x00, 0x92, 0xFF, 0x22, 0x01, 0x92, 0x38, 0xE1, 0x21, 0x48
	.byte 0x80, 0x46, 0x00, 0x68, 0x03, 0x1C, 0xA8, 0x33, 0xA4, 0x21, 0x49, 0x00, 0x40, 0x18, 0x00, 0x78
	.byte 0x01, 0x21, 0x48, 0x40, 0x08, 0x40, 0x00, 0x28, 0x3C, 0xD0, 0x30, 0x1C, 0x1C, 0x30, 0x01, 0x27
	.byte 0x00, 0x97, 0xFF, 0x21, 0x01, 0x91, 0x19, 0x1C, 0x2A, 0x1C, 0x00, 0x23, 0xFF, 0xF7, 0x06, 0xF8
	.byte 0x74, 0x69, 0xA0, 0x6A, 0x14, 0x4D, 0x40, 0x19, 0x01, 0x78, 0x38, 0x1C, 0x08, 0x40, 0x00, 0x28
	.byte 0x13, 0xD0, 0x40, 0x46, 0x02, 0x68, 0x11, 0x49, 0x52, 0x18, 0x13, 0x78, 0x99, 0x09, 0x10, 0x48
	.byte 0x01, 0x40, 0x89, 0x01, 0x3F, 0x20, 0x18, 0x40, 0x08, 0x43, 0x10, 0x70, 0xA1, 0x6A, 0x49, 0x19
	.byte 0x0A, 0x78, 0x02, 0x20, 0x40, 0x42, 0x10, 0x40, 0x08, 0x70, 0xE0, 0x6A, 0x40, 0x19, 0x01, 0x78
	.byte 0x38, 0x1C, 0x08, 0x40, 0x00, 0x28, 0x00, 0xD1, 0xB1, 0xE0, 0x40, 0x46, 0x02, 0x68, 0x03, 0x49
	.byte 0x52, 0x18, 0x9C, 0xE0, 0xD0, 0x0F, 0x00, 0x03, 0x0D, 0x02, 0x00, 0x00, 0x5A, 0x05, 0x00, 0x00
	.byte 0xFE, 0xFF, 0x00, 0x00, 0x0D, 0x48, 0x02, 0x68, 0xA8, 0x20, 0x40, 0x00, 0x13, 0x18, 0xF8, 0x21
	.byte 0x49, 0x00, 0x50, 0x18, 0x00, 0x78, 0x01, 0x21, 0x48, 0x40, 0x08, 0x40, 0x00, 0x28, 0x00, 0xD1
	.byte 0xF5, 0xE0, 0x07, 0x49, 0x50, 0x18, 0x01, 0x78, 0x01, 0x22, 0x10, 0x1C, 0x08, 0x40, 0x00, 0x28
	.byte 0x00, 0xD1, 0xEC, 0xE0, 0x30, 0x1C, 0x1C, 0x30, 0x00, 0x92, 0xCE, 0xE0, 0xD0, 0x0F, 0x00, 0x03
	.byte 0x5A, 0x05, 0x00, 0x00, 0x05, 0x48, 0x03, 0x68, 0x18, 0x1C, 0xA0, 0x30, 0x00, 0x78, 0x01, 0x21
	.byte 0x48, 0x40, 0x08, 0x40, 0x00, 0x28, 0x00, 0xD1, 0xD9, 0xE0, 0xBA, 0xE0, 0xD0, 0x0F, 0x00, 0x03
	.byte 0x07, 0x48, 0x00, 0x68, 0xFC, 0x21, 0x49, 0x00, 0x43, 0x18, 0xA0, 0x31, 0x40, 0x18, 0x00, 0x78
	.byte 0x01, 0x21, 0x48, 0x40, 0x08, 0x40, 0x00, 0x28, 0x00, 0xD1, 0xC8, 0xE0, 0xA9, 0xE0, 0x00, 0x00
	.byte 0xD0, 0x0F, 0x00, 0x03
_080EB6A0:
	cmp r4, #0x00
	beq _080EB6C6
	adds r0, r4, #0x0
	adds r0, #0xF8
	ldrb r0, [r0, #0x00]
	movs r1, #0x01
	eors r0, r1
	ands r0, r1
	cmp r0, #0x00
	beq _080EB6C6
	adds r0, r6, #0x0
	adds r0, #0x1C
	adds r1, r4, #0x0
	adds r1, #0x58
	movs r2, #0x01
	str r2, [sp, #0x000]
	movs r2, #0xFF
	str r2, [sp, #0x004]
	b _080EB7FC
_080EB6C6:
	ldr r1, _080EB788 @ =0x03000FD0
	ldr r0, [r1, #0x00]
	mov r12, r0
	mov r3, r12
	adds r3, #0xA8
	movs r0, #0xA4
	lsls r0, r0, #0x01
	add r0, r12
	ldrb r0, [r0, #0x00]
	movs r4, #0x01
	eors r0, r4
	ands r0, r4
	mov r8, r1
	cmp r0, #0x00
	beq _080EB7A0
	adds r0, r6, #0x0
	adds r0, #0x1C
	movs r7, #0x01
	str r7, [sp, #0x000]
	movs r1, #0xFF
	str r1, [sp, #0x004]
	adds r1, r3, #0x0
	adds r2, r5, #0x0
	movs r3, #0x00
	bl sub_80EA5C8
	ldr r4, [r6, #0x14]
	ldr r0, [r4, #0x28]
	ldr r5, _080EB78C @ =0x0000020D
	adds r0, r0, r5
	ldrb r1, [r0, #0x00]
	adds r0, r7, #0x0
	ands r0, r1
	cmp r0, #0x00
	beq _080EB734
	mov r1, r8
	ldr r2, [r1, #0x00]
	ldr r0, _080EB790 @ =0x0000055A
	adds r2, r2, r0
	ldrb r3, [r2, #0x00]
	lsrs r1, r3, #0x06
	ldr r0, _080EB794 @ =0x0000FFFE
	ands r1, r0
	lsls r1, r1, #0x06
	movs r0, #0x3F
	ands r0, r3
	orrs r0, r1
	strb r0, [r2, #0x00]
	ldr r1, [r4, #0x28]
	adds r1, r1, r5
	ldrb r2, [r1, #0x00]
	movs r0, #0x02
	negs r0, r0
	ands r0, r2
	strb r0, [r1, #0x00]
_080EB734:
	ldr r0, [r4, #0x2C]
	adds r0, r0, r5
	ldrb r1, [r0, #0x00]
	adds r0, r7, #0x0
	ands r0, r1
	cmp r0, #0x00
	beq _080EB76A
	mov r1, r8
	ldr r2, [r1, #0x00]
	ldr r0, _080EB790 @ =0x0000055A
	adds r2, r2, r0
	ldrb r3, [r2, #0x00]
	lsrs r1, r3, #0x06
	ldr r0, _080EB798 @ =0x0000FFFD
	ands r1, r0
	lsls r1, r1, #0x06
	movs r0, #0x3F
	ands r0, r3
	orrs r0, r1
	strb r0, [r2, #0x00]
	ldr r1, [r4, #0x2C]
	adds r1, r1, r5
	ldrb r2, [r1, #0x00]
	movs r0, #0x02
	negs r0, r0
	ands r0, r2
	strb r0, [r1, #0x00]
_080EB76A:
	mov r1, r8
	ldr r0, [r1, #0x00]
	ldr r1, _080EB790 @ =0x0000055A
	adds r0, r0, r1
	ldrb r1, [r0, #0x00]
	movs r0, #0x02
	ands r0, r1
	cmp r0, #0x00
	bne _080EB82A
	ldr r0, [r6, #0x14]
	ldr r1, _080EB79C @ =0x000003FF
	bl sub_8028D6C
	b _080EB82A
	.byte 0x00, 0x00
_080EB788: .4byte 0x03000FD0
_080EB78C: .4byte 0x0000020D
_080EB790: .4byte 0x0000055A
_080EB794: .4byte 0x0000FFFE
_080EB798: .4byte 0x0000FFFD
_080EB79C: .4byte 0x000003FF
_080EB7A0:
	movs r3, #0xA8
	lsls r3, r3, #0x01
	add r3, r12
	movs r0, #0xF8
	lsls r0, r0, #0x01
	add r0, r12
	ldrb r0, [r0, #0x00]
	eors r0, r4
	ands r0, r4
	cmp r0, #0x00
	beq _080EB7D4
	ldr r0, _080EB7D0 @ =0x0000055A
	add r0, r12
	ldrb r1, [r0, #0x00]
	movs r2, #0x01
	adds r0, r2, #0x0
	ands r0, r1
	cmp r0, #0x00
	beq _080EB7D4
	adds r0, r6, #0x0
	adds r0, #0x1C
	str r2, [sp, #0x000]
	b _080EB7F6
	.byte 0x00, 0x00
_080EB7D0: .4byte 0x0000055A
_080EB7D4:
	mov r0, r8
	ldr r2, [r0, #0x00]
	movs r1, #0xFC
	lsls r1, r1, #0x01
	adds r3, r2, r1
	adds r1, #0xA0
	adds r0, r2, r1
	ldrb r0, [r0, #0x00]
	movs r1, #0x01
	eors r0, r1
	ands r0, r1
	cmp r0, #0x00
	beq _080EB806
	adds r0, r6, #0x0
	adds r0, #0x1C
	movs r1, #0x01
	str r1, [sp, #0x000]
_080EB7F6:
	movs r1, #0xFF
	str r1, [sp, #0x004]
	adds r1, r3, #0x0
_080EB7FC:
	adds r2, r5, #0x0
	movs r3, #0x00
	bl sub_80EA5C8
	b _080EB82A
_080EB806:
	adds r0, r2, #0x0
	adds r0, #0xA0
	ldrb r0, [r0, #0x00]
	eors r0, r1
	ands r0, r1
	cmp r0, #0x00
	beq _080EB82A
	adds r0, r6, #0x0
	adds r0, #0x1C
	movs r1, #0x01
	str r1, [sp, #0x000]
	movs r1, #0xFF
	str r1, [sp, #0x004]
	adds r1, r2, #0x0
	adds r2, r5, #0x0
	movs r3, #0x00
	bl sub_80EA5C8
_080EB82A:
	add sp, #0x008
	pop {r3}
	mov r8, r3
	pop {r4, r5, r6, r7}
	pop {r0}
	bx r0
	.byte 0x00, 0x00
	thumb_func_start sub_80EB838
sub_80EB838:
	push {r4, r5, r6, r7, lr}
	mov r7, r10
	mov r6, r9
	mov r5, r8
	push {r5, r6, r7}
	add sp, #-0x004
	str r0, [sp, #0x000]
	mov r9, r1
	adds r5, r2, #0x0
	ldr r1, [r5, #0x00]
	ldr r0, [r5, #0x04]
	cmp r1, r0
	beq _080EB856
	movs r0, #0x00
	b _080EBAAE
_080EB856:
	adds r2, r5, #0x0
	adds r2, #0xA0
	ldrh r1, [r2, #0x00]
	movs r0, #0x08
	ands r0, r1
	mov r8, r2
	cmp r0, #0x00
	beq _080EB8A2
	adds r0, r5, #0x0
	adds r0, #0xA4
	ldrb r1, [r0, #0x00]
	cmp r1, #0x03
	bhi _080EB880
	ldr r2, _080EB87C @ =0x03000FD0
	movs r0, #0xA8
	muls r1, r0
	ldr r0, [r2, #0x00]
	adds r0, r0, r1
	b _080EB88C
_080EB87C: .4byte 0x03000FD0
_080EB880:
	ldr r2, [sp, #0x000]
	ldr r0, [r2, #0x14]
	lsls r1, r1, #0x02
	adds r1, r1, r0
	ldr r0, [r1, #0x18]
	adds r0, #0x58
_080EB88C:
	adds r2, r0, #0x0
	adds r2, #0xA0
	ldrh r1, [r2, #0x00]
	ldr r0, _080EB980 @ =0x0000FFFB
	ands r0, r1
	strh r0, [r2, #0x00]
	mov r3, r8
	ldrh r1, [r3, #0x00]
	ldr r0, _080EB984 @ =0x0000FFF7
	ands r0, r1
	strh r0, [r3, #0x00]
_080EB8A2:
	mov r0, r9
	cmp r0, #0x00
	bne _080EB942
	ldr r1, _080EB988 @ =0x03000FD0
	ldr r4, [r1, #0x00]
	movs r2, #0xA9
	lsls r2, r2, #0x03
	adds r0, r4, r2
	ldrb r0, [r0, #0x00]
	subs r0, #0x01
	lsls r0, r0, #0x10
	lsrs r7, r0, #0x10
	movs r3, #0xAA
	lsls r3, r3, #0x03
	adds r6, r4, r3
	movs r3, #0x01
	lsls r3, r7
	ldr r2, [r6, #0x00]
	adds r0, r2, #0x0
	ands r0, r3
	mov r10, r1
	cmp r0, #0x00
	beq _080EB942
	bics r2, r3
	str r2, [r6, #0x00]
	ldr r1, _080EB98C @ =0x00000544
	adds r0, r4, r1
	adds r0, r0, r7
	ldrb r0, [r0, #0x00]
	ldr r2, [sp, #0x000]
	ldr r1, [r2, #0x14]
	lsls r0, r0, #0x02
	adds r0, r0, r1
	ldr r3, [r0, #0x28]
	adds r2, r3, #0x0
	adds r2, #0xF8
	ldrh r1, [r2, #0x00]
	ldr r0, _080EB990 @ =0x0000FF7F
	ands r0, r1
	strh r0, [r2, #0x00]
	ldr r1, _080EB994 @ =0x00000546
	adds r0, r4, r1
	adds r0, r0, r7
	ldrb r1, [r0, #0x00]
	subs r2, #0xCE
	strb r1, [r2, #0x00]
	ldrb r0, [r0, #0x00]
	strb r0, [r3, #0x02]
	movs r2, #0x83
	lsls r2, r2, #0x02
	adds r0, r3, r2
	ldrb r1, [r0, #0x00]
	movs r0, #0x10
	ands r0, r1
	cmp r0, #0x00
	bne _080EB926
	movs r1, #0x85
	lsls r1, r1, #0x02
	adds r0, r3, r1
	ldrb r0, [r0, #0x00]
	movs r1, #0x07
	ands r1, r0
	cmp r1, #0x03
	beq _080EB926
	cmp r1, #0x04
	bne _080EB942
_080EB926:
	mov r2, r10
	ldr r0, [r2, #0x00]
	ldr r1, _080EB994 @ =0x00000546
	adds r0, r0, r1
	adds r0, r0, r7
	ldrb r1, [r0, #0x00]
	adds r3, #0x24
	lsrs r1, r1, #0x05
	ldrb r2, [r3, #0x00]
	movs r0, #0x08
	negs r0, r0
	ands r0, r2
	orrs r0, r1
	strb r0, [r3, #0x00]
_080EB942:
	mov r3, r8
	ldrh r1, [r3, #0x00]
	ldr r4, _080EB998 @ =0xFFFFFBFC
	ands r4, r1
	cmp r4, #0x00
	beq _080EB950
	b _080EBAAC
_080EB950:
	ldr r0, [r5, #0x08]
	cmp r0, #0x00
	beq _080EB99C
	str r0, [r5, #0x00]
	ldr r0, [r5, #0x0C]
	str r0, [r5, #0x04]
	adds r6, r5, #0x0
	adds r6, #0xA2
	ldrh r0, [r6, #0x00]
	movs r2, #0x00
	strh r0, [r3, #0x00]
	adds r3, r5, #0x0
	adds r3, #0xA5
	ldrb r1, [r3, #0x00]
	adds r0, r5, #0x0
	adds r0, #0xA4
	strb r1, [r0, #0x00]
	str r4, [r5, #0x0C]
	str r4, [r5, #0x08]
	strh r4, [r6, #0x00]
	strb r2, [r3, #0x00]
	movs r0, #0x00
	b _080EBAAE
	.byte 0x00, 0x00
_080EB980: .4byte 0x0000FFFB
_080EB984: .4byte 0x0000FFF7
_080EB988: .4byte 0x03000FD0
_080EB98C: .4byte 0x00000544
_080EB990: .4byte 0x0000FF7F
_080EB994: .4byte 0x00000546
_080EB998: .4byte 0xFFFFFBFC
_080EB99C:
	ldr r0, _080EBA40 @ =0x0000FFFE
	ands r1, r0
	mov r2, r8
	strh r1, [r2, #0x00]
	mov r3, r9
	cmp r3, #0x00
	beq _080EB9AC
	b _080EBAAC
_080EB9AC:
	ldr r5, _080EBA44 @ =0x03000FD0
	ldr r1, [r5, #0x00]
	movs r0, #0xA9
	lsls r0, r0, #0x03
	mov r12, r0
	adds r0, r1, r0
	ldrb r7, [r0, #0x00]
	cmp r7, #0x01
	bne _080EBA16
	ldr r2, [sp, #0x000]
	ldr r2, [r2, #0x14]
	mov r10, r2
	ldr r4, [r2, #0x28]
	ldr r3, _080EBA48 @ =0x0000020D
	mov r8, r3
	add r4, r8
	ldrb r5, [r4, #0x00]
	lsls r2, r5, #0x1F
	lsrs r2, r2, #0x1F
	ldr r0, _080EBA4C @ =0x0000055A
	mov r9, r0
	adds r0, r1, r0
	ldrb r1, [r0, #0x00]
	lsrs r1, r1, #0x06
	adds r0, r7, #0x0
	bics r0, r1
	orrs r2, r0
	movs r6, #0x01
	ands r2, r6
	movs r3, #0x02
	negs r3, r3
	adds r0, r3, #0x0
	ands r0, r5
	orrs r0, r2
	strb r0, [r4, #0x00]
	mov r1, r10
	ldr r2, [r1, #0x2C]
	add r2, r8
	ldrb r4, [r2, #0x00]
	lsls r1, r4, #0x1F
	lsrs r1, r1, #0x1F
	ldr r5, _080EBA44 @ =0x03000FD0
	ldr r0, [r5, #0x00]
	add r0, r9
	ldrb r0, [r0, #0x00]
	lsrs r0, r0, #0x07
	mvns r0, r0
	ands r0, r7
	orrs r1, r0
	ands r1, r6
	ands r3, r4
	orrs r3, r1
	strb r3, [r2, #0x00]
_080EBA16:
	ldr r0, _080EBA44 @ =0x03000FD0
	ldr r2, [r0, #0x00]
	ldr r5, _080EBA4C @ =0x0000055A
	adds r0, r2, r5
	ldrb r1, [r0, #0x00]
	movs r0, #0x02
	ands r0, r1
	cmp r0, #0x00
	bne _080EBA50
	mov r1, r12
	adds r0, r2, r1
	ldrb r0, [r0, #0x00]
	cmp r0, #0x01
	bne _080EBAAC
	ldr r2, [sp, #0x000]
	ldr r0, [r2, #0x14]
	movs r1, #0x00
	bl sub_8028D6C
	b _080EBAAC
	.byte 0x00, 0x00
_080EBA40: .4byte 0x0000FFFE
_080EBA44: .4byte 0x03000FD0
_080EBA48: .4byte 0x0000020D
_080EBA4C: .4byte 0x0000055A
_080EBA50:
	movs r0, #0x04
	ands r0, r1
	cmp r0, #0x00
	bne _080EBAAC
	lsls r0, r1, #0x1A
	mov r3, r12
	adds r1, r2, r3
	lsrs r0, r0, #0x1D
	ldrb r1, [r1, #0x00]
	cmp r0, r1
	bne _080EBAAC
	ldr r1, [sp, #0x000]
	ldr r0, [r1, #0x14]
	ldr r4, _080EBAC0 @ =0x00000554
	adds r1, r2, r4
	ldrh r1, [r1, #0x00]
	bl sub_8028D6C
	ldr r2, _080EBAC4 @ =0x03000FD0
	ldr r3, [r2, #0x00]
	adds r4, r3, r4
	ldrh r0, [r4, #0x00]
	negs r1, r0
	orrs r1, r0
	lsrs r1, r1, #0x1F
	adds r3, r3, r5
	lsls r4, r1, #0x02
	ldrb r2, [r3, #0x00]
	movs r0, #0x05
	negs r0, r0
	ands r0, r2
	orrs r0, r4
	lsls r1, r1, #0x01
	movs r2, #0x03
	negs r2, r2
	ands r0, r2
	orrs r0, r1
	strb r0, [r3, #0x00]
	ldr r3, _080EBAC4 @ =0x03000FD0
	ldr r1, [r3, #0x00]
	adds r1, r1, r5
	ldrb r2, [r1, #0x00]
	movs r0, #0x39
	negs r0, r0
	ands r0, r2
	strb r0, [r1, #0x00]
_080EBAAC:
	movs r0, #0x01
_080EBAAE:
	add sp, #0x004
	pop {r3, r4, r5}
	mov r8, r3
	mov r9, r4
	mov r10, r5
	pop {r4, r5, r6, r7}
	pop {r1}
	bx r1
	.byte 0x00, 0x00
_080EBAC0: .4byte 0x00000554
_080EBAC4: .4byte 0x03000FD0
	thumb_func_start fld_script_execute_next_command
fld_script_execute_next_command: @ 080EBAC8
	push {r4, r5, r6, lr}
	add sp, #-0x01C
	adds r4, r0, #0x0
	adds r5, r1, #0x0
	adds r6, r3, #0x0
	adds r0, r2, #0x0
	adds r0, #0xA7
	ldrb r0, [r0, #0x00]
	cmp r0, #0xBC
	bls _080EBAE0
	bl _080EC964
_080EBAE0:
	lsls r0, r0, #0x02
	ldr r1, _080EBAEC @ =0x080EBAF0
	adds r0, r0, r1
	ldr r0, [r0, #0x00]
	mov pc, r0
	.byte 0x00, 0x00
_080EBAEC: .4byte 0x080EBAF0
	.byte 0xE4, 0xBD, 0x0E, 0x08, 0xF2, 0xBD, 0x0E, 0x08, 0x00, 0xBE, 0x0E, 0x08, 0x10, 0xBE, 0x0E, 0x08
	.byte 0x20, 0xBE, 0x0E, 0x08, 0x40, 0xBE, 0x0E, 0x08, 0x4E, 0xBE, 0x0E, 0x08, 0x7C, 0xBE, 0x0E, 0x08
	.byte 0x8A, 0xBE, 0x0E, 0x08, 0x98, 0xBE, 0x0E, 0x08, 0xA6, 0xBE, 0x0E, 0x08, 0xB4, 0xBE, 0x0E, 0x08
	.byte 0xC2, 0xBE, 0x0E, 0x08, 0xE0, 0xBE, 0x0E, 0x08, 0xEE, 0xBE, 0x0E, 0x08, 0xFC, 0xBE, 0x0E, 0x08
	.byte 0x0A, 0xBF, 0x0E, 0x08, 0x18, 0xBF, 0x0E, 0x08, 0x26, 0xBF, 0x0E, 0x08, 0x34, 0xBF, 0x0E, 0x08
	.byte 0x42, 0xBF, 0x0E, 0x08, 0x50, 0xBF, 0x0E, 0x08, 0x76, 0xBF, 0x0E, 0x08, 0x68, 0xBF, 0x0E, 0x08
	.byte 0x8C, 0xBF, 0x0E, 0x08, 0xA4, 0xBF, 0x0E, 0x08, 0xBC, 0xBF, 0x0E, 0x08, 0xEC, 0xBF, 0x0E, 0x08
	.byte 0x4C, 0xC0, 0x0E, 0x08, 0x64, 0xC0, 0x0E, 0x08, 0x74, 0xC0, 0x0E, 0x08, 0xD4, 0xBF, 0x0E, 0x08
	.byte 0x94, 0xC0, 0x0E, 0x08, 0xAC, 0xC0, 0x0E, 0x08, 0xBA, 0xC0, 0x0E, 0x08, 0x0C, 0xC0, 0x0E, 0x08
	.byte 0x1C, 0xC0, 0x0E, 0x08, 0x2C, 0xC0, 0x0E, 0x08, 0x3C, 0xC0, 0x0E, 0x08, 0xD0, 0xC0, 0x0E, 0x08
	.byte 0xE0, 0xC0, 0x0E, 0x08, 0xF0, 0xC0, 0x0E, 0x08, 0x00, 0xC1, 0x0E, 0x08, 0x10, 0xC1, 0x0E, 0x08
	.byte 0x30, 0xC1, 0x0E, 0x08, 0x3E, 0xC1, 0x0E, 0x08, 0x4C, 0xC1, 0x0E, 0x08, 0x5A, 0xC1, 0x0E, 0x08
	.byte 0x66, 0xC1, 0x0E, 0x08, 0x74, 0xC1, 0x0E, 0x08, 0x84, 0xC1, 0x0E, 0x08, 0x92, 0xC1, 0x0E, 0x08
	.byte 0xB0, 0xC1, 0x0E, 0x08, 0xCC, 0xC1, 0x0E, 0x08, 0xE8, 0xC1, 0x0E, 0x08, 0x18, 0xC2, 0x0E, 0x08
	.byte 0x7C, 0xC2, 0x0E, 0x08, 0x26, 0xC2, 0x0E, 0x08, 0x44, 0xC2, 0x0E, 0x08, 0x60, 0xC2, 0x0E, 0x08
	.byte 0x6E, 0xC2, 0x0E, 0x08, 0x8A, 0xC2, 0x0E, 0x08, 0x64, 0xC9, 0x0E, 0x08, 0x98, 0xC2, 0x0E, 0x08
	.byte 0x64, 0xC9, 0x0E, 0x08, 0xA6, 0xC2, 0x0E, 0x08, 0xC4, 0xC2, 0x0E, 0x08, 0xD2, 0xC2, 0x0E, 0x08
	.byte 0xEE, 0xC2, 0x0E, 0x08, 0xFA, 0xC2, 0x0E, 0x08, 0xE0, 0xC2, 0x0E, 0x08, 0x08, 0xC3, 0x0E, 0x08
	.byte 0x16, 0xC3, 0x0E, 0x08, 0x24, 0xC3, 0x0E, 0x08, 0x32, 0xC3, 0x0E, 0x08, 0x50, 0xC3, 0x0E, 0x08
	.byte 0x5C, 0xC3, 0x0E, 0x08, 0x64, 0xC9, 0x0E, 0x08, 0xC8, 0xC7, 0x0E, 0x08, 0x64, 0xC9, 0x0E, 0x08
	.byte 0x68, 0xC3, 0x0E, 0x08, 0x74, 0xC3, 0x0E, 0x08, 0x80, 0xC3, 0x0E, 0x08, 0x8C, 0xC3, 0x0E, 0x08
	.byte 0x98, 0xC3, 0x0E, 0x08, 0x02, 0xC4, 0x0E, 0x08, 0x0E, 0xC4, 0x0E, 0x08, 0x16, 0xC4, 0x0E, 0x08
	.byte 0xA4, 0xC3, 0x0E, 0x08, 0xB0, 0xC3, 0x0E, 0x08, 0xBC, 0xC3, 0x0E, 0x08, 0xCE, 0xC3, 0x0E, 0x08
	.byte 0xDA, 0xC3, 0x0E, 0x08, 0x1A, 0xC5, 0x0E, 0x08, 0x26, 0xC5, 0x0E, 0x08, 0x32, 0xC5, 0x0E, 0x08
	.byte 0x3E, 0xC5, 0x0E, 0x08, 0x4A, 0xC5, 0x0E, 0x08, 0x56, 0xC5, 0x0E, 0x08, 0x62, 0xC5, 0x0E, 0x08
	.byte 0x6E, 0xC5, 0x0E, 0x08, 0x7A, 0xC5, 0x0E, 0x08, 0x86, 0xC5, 0x0E, 0x08, 0x92, 0xC5, 0x0E, 0x08
	.byte 0x9E, 0xC5, 0x0E, 0x08, 0x4E, 0xC4, 0x0E, 0x08, 0x5A, 0xC4, 0x0E, 0x08, 0x66, 0xC4, 0x0E, 0x08
	.byte 0x72, 0xC4, 0x0E, 0x08, 0x24, 0xC4, 0x0E, 0x08, 0x2C, 0xC4, 0x0E, 0x08, 0x36, 0xC4, 0x0E, 0x08
	.byte 0x42, 0xC4, 0x0E, 0x08, 0x7E, 0xC4, 0x0E, 0x08, 0x8A, 0xC4, 0x0E, 0x08, 0x96, 0xC4, 0x0E, 0x08
	.byte 0xA2, 0xC4, 0x0E, 0x08, 0xAE, 0xC4, 0x0E, 0x08, 0xBA, 0xC4, 0x0E, 0x08, 0xC6, 0xC4, 0x0E, 0x08
	.byte 0xD2, 0xC4, 0x0E, 0x08, 0xDE, 0xC4, 0x0E, 0x08, 0xEA, 0xC4, 0x0E, 0x08, 0xF6, 0xC4, 0x0E, 0x08
	.byte 0x02, 0xC5, 0x0E, 0x08, 0x0E, 0xC5, 0x0E, 0x08, 0xAA, 0xC5, 0x0E, 0x08, 0xB6, 0xC5, 0x0E, 0x08
	.byte 0xC2, 0xC5, 0x0E, 0x08, 0xCE, 0xC5, 0x0E, 0x08, 0xDA, 0xC5, 0x0E, 0x08, 0xE6, 0xC5, 0x0E, 0x08
	.byte 0xF2, 0xC5, 0x0E, 0x08, 0xFE, 0xC5, 0x0E, 0x08, 0x0A, 0xC6, 0x0E, 0x08, 0x16, 0xC6, 0x0E, 0x08
	.byte 0x22, 0xC6, 0x0E, 0x08, 0x2E, 0xC6, 0x0E, 0x08, 0x3A, 0xC6, 0x0E, 0x08, 0x46, 0xC6, 0x0E, 0x08
	.byte 0x52, 0xC6, 0x0E, 0x08, 0x5E, 0xC6, 0x0E, 0x08, 0x6A, 0xC6, 0x0E, 0x08, 0x74, 0xC6, 0x0E, 0x08
	.byte 0x80, 0xC6, 0x0E, 0x08, 0x8C, 0xC6, 0x0E, 0x08, 0x98, 0xC6, 0x0E, 0x08, 0xA4, 0xC6, 0x0E, 0x08
	.byte 0xB0, 0xC6, 0x0E, 0x08, 0xBC, 0xC6, 0x0E, 0x08, 0xC8, 0xC6, 0x0E, 0x08, 0xD4, 0xC6, 0x0E, 0x08
	.byte 0xE0, 0xC6, 0x0E, 0x08, 0x38, 0xC7, 0x0E, 0x08, 0x4E, 0xC7, 0x0E, 0x08, 0x72, 0xC7, 0x0E, 0x08
	.byte 0x44, 0xC7, 0x0E, 0x08, 0x5A, 0xC7, 0x0E, 0x08, 0x66, 0xC7, 0x0E, 0x08, 0x80, 0xC7, 0x0E, 0x08
	.byte 0x8C, 0xC7, 0x0E, 0x08, 0x98, 0xC7, 0x0E, 0x08, 0x02, 0xC8, 0x0E, 0x08, 0xA4, 0xC7, 0x0E, 0x08
	.byte 0xB0, 0xC7, 0x0E, 0x08, 0xBC, 0xC7, 0x0E, 0x08, 0xC8, 0xC7, 0x0E, 0x08, 0xD4, 0xC7, 0x0E, 0x08
	.byte 0xE0, 0xC7, 0x0E, 0x08, 0xEA, 0xC7, 0x0E, 0x08, 0xF6, 0xC7, 0x0E, 0x08, 0x24, 0xC8, 0x0E, 0x08
	.byte 0x30, 0xC8, 0x0E, 0x08, 0x3A, 0xC8, 0x0E, 0x08, 0x44, 0xC8, 0x0E, 0x08, 0x50, 0xC8, 0x0E, 0x08
	.byte 0x5C, 0xC8, 0x0E, 0x08, 0x6C, 0xC8, 0x0E, 0x08, 0x8C, 0xC8, 0x0E, 0x08, 0xA8, 0xC8, 0x0E, 0x08
	.byte 0xC4, 0xC8, 0x0E, 0x08, 0xE0, 0xC8, 0x0E, 0x08, 0xFC, 0xC8, 0x0E, 0x08, 0x18, 0xC9, 0x0E, 0x08
	.byte 0x24, 0xC9, 0x0E, 0x08, 0x30, 0xC9, 0x0E, 0x08, 0x3C, 0xC9, 0x0E, 0x08, 0x48, 0xC9, 0x0E, 0x08
	.byte 0x54, 0xC9, 0x0E, 0x08, 0x20, 0x1C, 0x1C, 0x30, 0x11, 0x1C, 0xFF, 0xF7, 0x27, 0xFA, 0x00, 0xF0
	.byte 0xB6, 0xFD, 0x20, 0x1C, 0x1C, 0x30, 0x11, 0x1C, 0xFF, 0xF7, 0x12, 0xFA, 0x00, 0xF0, 0xAF, 0xFD
	.byte 0x20, 0x1C, 0x1C, 0x30, 0x11, 0x1C, 0x32, 0x1C, 0xFF, 0xF7, 0xFE, 0xF9, 0x00, 0xF0, 0xA7, 0xFD
	.byte 0x20, 0x1C, 0x1C, 0x30, 0x11, 0x1C, 0x32, 0x1C, 0xFF, 0xF7, 0xE4, 0xF9, 0x00, 0xF0, 0x9F, 0xFD
	.byte 0x06, 0x48, 0x00, 0x68, 0xA9, 0x21, 0xC9, 0x00, 0x40, 0x18, 0x00, 0x78, 0x00, 0x90, 0x20, 0x1C
	.byte 0x29, 0x1C, 0x33, 0x1C, 0x00, 0xF0, 0x9C, 0xFD, 0x00, 0xF0, 0x91, 0xFD, 0xD0, 0x0F, 0x00, 0x03
	.byte 0x20, 0x1C, 0x11, 0x1C, 0x32, 0x1C, 0x05, 0xF0, 0x57, 0xFF, 0x00, 0xF0, 0x88, 0xFD, 0x09, 0x48
	.byte 0x00, 0x68, 0xA9, 0x23, 0xDB, 0x00, 0xC0, 0x18, 0x00, 0x78, 0x00, 0x90, 0x60, 0x69, 0x06, 0x49
	.byte 0x40, 0x18, 0x00, 0x78, 0x01, 0x90, 0x20, 0x1C, 0x29, 0x1C, 0x33, 0x1C, 0x05, 0xF0, 0x06, 0xFF
	.byte 0x00, 0xF0, 0x75, 0xFD, 0xD0, 0x0F, 0x00, 0x03, 0x0B, 0x01, 0x00, 0x00, 0x20, 0x1C, 0x11, 0x1C
	.byte 0x32, 0x1C, 0x05, 0xF0, 0xD7, 0xFE, 0x00, 0xF0, 0x6A, 0xFD, 0x20, 0x1C, 0x11, 0x1C, 0x32, 0x1C
	.byte 0x05, 0xF0, 0xBC, 0xFE, 0x00, 0xF0, 0x63, 0xFD, 0x20, 0x1C, 0x11, 0x1C, 0x32, 0x1C, 0x00, 0xF0
	.byte 0x3F, 0xFE, 0x00, 0xF0, 0x5C, 0xFD, 0x20, 0x1C, 0x11, 0x1C, 0x32, 0x1C, 0x00, 0xF0, 0x00, 0xFF
	.byte 0x00, 0xF0, 0x55, 0xFD, 0x20, 0x1C, 0x11, 0x1C, 0x32, 0x1C, 0x05, 0xF0, 0x73, 0xFE, 0x00, 0xF0
	.byte 0x4E, 0xFD, 0x06, 0x48, 0x03, 0x68, 0x96, 0x25, 0xED, 0x00, 0x5B, 0x19, 0x20, 0x1C, 0x11, 0x1C
	.byte 0x32, 0x1C, 0x05, 0xF0, 0x1F, 0xFE, 0x00, 0xF0, 0x42, 0xFD, 0x00, 0x00, 0xD0, 0x0F, 0x00, 0x03
	.byte 0x20, 0x1C, 0x29, 0x1C, 0x33, 0x1C, 0x05, 0xF0, 0x19, 0xFA, 0x00, 0xF0, 0x38, 0xFD, 0x20, 0x1C
	.byte 0x29, 0x1C, 0x33, 0x1C, 0x05, 0xF0, 0xE8, 0xF9, 0x00, 0xF0, 0x31, 0xFD, 0x20, 0x1C, 0x29, 0x1C
	.byte 0x33, 0x1C, 0x05, 0xF0, 0x65, 0xF9, 0x00, 0xF0, 0x2A, 0xFD, 0x20, 0x1C, 0x29, 0x1C, 0x33, 0x1C
	.byte 0x05, 0xF0, 0xD8, 0xFC, 0x00, 0xF0, 0x23, 0xFD, 0x20, 0x1C, 0x29, 0x1C, 0x33, 0x1C, 0x05, 0xF0
	.byte 0x9B, 0xFC, 0x00, 0xF0, 0x1C, 0xFD, 0x20, 0x1C, 0x11, 0x1C, 0x32, 0x1C, 0x05, 0xF0, 0x8C, 0xFB
	.byte 0x00, 0xF0, 0x15, 0xFD, 0x20, 0x1C, 0x11, 0x1C, 0x32, 0x1C, 0x05, 0xF0, 0x4F, 0xFB, 0x00, 0xF0
	.byte 0x0E, 0xFD, 0x20, 0x1C, 0x11, 0x1C, 0x32, 0x1C, 0x01, 0xF0, 0x02, 0xFC, 0x00, 0xF0, 0x07, 0xFD
	.byte 0x20, 0x1C, 0x1C, 0x30, 0x03, 0x49, 0x09, 0x68, 0x33, 0x1C, 0xFF, 0xF7, 0xDF, 0xF8, 0x00, 0xF0
	.byte 0xFE, 0xFC, 0x00, 0x00, 0xCC, 0x0F, 0x00, 0x03, 0x20, 0x1C, 0x11, 0x1C, 0x32, 0x1C, 0x02, 0xF0
	.byte 0x31, 0xFC, 0x00, 0xF0, 0xF4, 0xFC, 0x20, 0x1C, 0x1C, 0x30, 0x03, 0x49, 0x09, 0x68, 0x33, 0x1C
	.byte 0xFD, 0xF7, 0xE6, 0xFE, 0x00, 0xF0, 0xEB, 0xFC, 0xCC, 0x0F, 0x00, 0x03, 0x20, 0x1C, 0x1C, 0x30
	.byte 0x03, 0x49, 0x09, 0x68, 0x33, 0x1C, 0xFF, 0xF7, 0xAD, 0xF8, 0x00, 0xF0, 0xE0, 0xFC, 0x00, 0x00
	.byte 0xCC, 0x0F, 0x00, 0x03, 0x20, 0x1C, 0x1C, 0x30, 0x03, 0x49, 0x09, 0x68, 0x33, 0x1C, 0xFF, 0xF7
	.byte 0x75, 0xF8, 0x00, 0xF0, 0xD4, 0xFC, 0x00, 0x00, 0xCC, 0x0F, 0x00, 0x03, 0x20, 0x1C, 0x1C, 0x30
	.byte 0x03, 0x49, 0x09, 0x68, 0x33, 0x1C, 0xFF, 0xF7, 0x49, 0xF8, 0x00, 0xF0, 0xC8, 0xFC, 0x00, 0x00
	.byte 0xCC, 0x0F, 0x00, 0x03, 0x20, 0x1C, 0x1C, 0x30, 0x03, 0x49, 0x09, 0x68, 0x32, 0x1C, 0xFF, 0xF7
	.byte 0x33, 0xF8, 0x00, 0xF0, 0xBC, 0xFC, 0x00, 0x00, 0xCC, 0x0F, 0x00, 0x03, 0x06, 0x48, 0x00, 0x68
	.byte 0x31, 0x78, 0x04, 0x23, 0xF2, 0x5E, 0x08, 0x24, 0x33, 0x5F, 0x0C, 0x25, 0x74, 0x5F, 0x00, 0x94
	.byte 0xFB, 0xF7, 0xE6, 0xF8, 0x00, 0xF0, 0xAE, 0xFC, 0xCC, 0x0F, 0x00, 0x03, 0x20, 0x1C, 0x1C, 0x30
	.byte 0x11, 0x1C, 0x32, 0x1C, 0xFE, 0xF7, 0xCE, 0xFF, 0x00, 0xF0, 0xA1, 0xFC, 0x20, 0x1C, 0x1C, 0x30
	.byte 0x11, 0x1C, 0x32, 0x1C, 0xFE, 0xF7, 0x92, 0xFF, 0x00, 0xF0, 0x99, 0xFC, 0x20, 0x1C, 0x1C, 0x30
	.byte 0x11, 0x1C, 0x32, 0x1C, 0xFE, 0xF7, 0x60, 0xFF, 0x00, 0xF0, 0x91, 0xFC, 0x20, 0x1C, 0x1C, 0x30
	.byte 0x11, 0x1C, 0x32, 0x1C, 0xFE, 0xF7, 0x4C, 0xFF, 0x00, 0xF0, 0x89, 0xFC, 0x20, 0x1C, 0x1C, 0x30
	.byte 0x03, 0x49, 0x09, 0x68, 0x33, 0x1C, 0xFE, 0xF7, 0x31, 0xFF, 0x00, 0xF0, 0x80, 0xFC, 0x00, 0x00
	.byte 0xCC, 0x0F, 0x00, 0x03, 0x20, 0x1C, 0x1C, 0x30, 0x11, 0x1C, 0x32, 0x1C, 0xFE, 0xF7, 0x16, 0xFF
	.byte 0x00, 0xF0, 0x75, 0xFC, 0x20, 0x1C, 0x1C, 0x30, 0x05, 0x49, 0x0B, 0x68, 0x96, 0x21, 0xC9, 0x00
	.byte 0x5B, 0x18, 0x11, 0x1C, 0x32, 0x1C, 0xFE, 0xF7, 0xF3, 0xFE, 0x00, 0xF0, 0x68, 0xFC, 0x00, 0x00
	.byte 0xD0, 0x0F, 0x00, 0x03, 0x20, 0x1C, 0x1C, 0x30, 0x03, 0x49, 0x09, 0x68, 0x33, 0x1C, 0xFE, 0xF7
	.byte 0xC7, 0xFE, 0x00, 0xF0, 0x5C, 0xFC, 0x00, 0x00, 0xC8, 0x0F, 0x00, 0x03, 0x20, 0x1C, 0x11, 0x1C
	.byte 0x32, 0x1C, 0x02, 0xF0, 0x65, 0xFD, 0x00, 0xF0, 0x52, 0xFC, 0x20, 0x1C, 0x1C, 0x30, 0x03, 0x49
	.byte 0x09, 0x68, 0x33, 0x1C, 0xFE, 0xF7, 0x92, 0xFE, 0x00, 0xF0, 0x49, 0xFC, 0xC8, 0x0F, 0x00, 0x03
	.byte 0x20, 0x1C, 0x1C, 0x30, 0x11, 0x1C, 0x32, 0x1C, 0xFE, 0xF7, 0x74, 0xFE, 0x00, 0xF0, 0x3F, 0xFC
	.byte 0x20, 0x1C, 0x1C, 0x30, 0x11, 0x1C, 0x32, 0x1C, 0xFE, 0xF7, 0x56, 0xFE, 0x00, 0xF0, 0x37, 0xFC
	.byte 0x20, 0x1C, 0x1C, 0x30, 0x11, 0x1C, 0x32, 0x1C, 0xFE, 0xF7, 0x40, 0xFE, 0x00, 0xF0, 0x2F, 0xFC
	.byte 0x20, 0x1C, 0x1C, 0x30, 0x11, 0x1C, 0x32, 0x1C, 0xFD, 0xF7, 0x82, 0xFE, 0x00, 0xF0, 0x27, 0xFC
	.byte 0x20, 0x1C, 0x1C, 0x30, 0x05, 0x49, 0x0B, 0x68, 0x96, 0x24, 0xE4, 0x00, 0x1B, 0x19, 0x11, 0x1C
	.byte 0x32, 0x1C, 0xFE, 0xF7, 0xDB, 0xFD, 0x00, 0xF0, 0x1A, 0xFC, 0x00, 0x00, 0xD0, 0x0F, 0x00, 0x03
	.byte 0x20, 0x1C, 0x11, 0x1C, 0x32, 0x1C, 0x04, 0xF0, 0x7B, 0xFC, 0x00, 0xF0, 0x10, 0xFC, 0x20, 0x1C
	.byte 0x11, 0x1C, 0x32, 0x1C, 0x04, 0xF0, 0x50, 0xFC, 0x00, 0xF0, 0x09, 0xFC, 0x20, 0x1C, 0x11, 0x1C
	.byte 0x32, 0x1C, 0x04, 0xF0, 0x29, 0xFC, 0x00, 0xF0, 0x02, 0xFC, 0x20, 0x1C, 0x11, 0x1C, 0x04, 0xF0
	.byte 0x11, 0xFC, 0x00, 0xF0, 0xFC, 0xFB, 0x20, 0x1C, 0x11, 0x1C, 0x32, 0x1C, 0x04, 0xF0, 0xF6, 0xFB
	.byte 0x00, 0xF0, 0xF5, 0xFB, 0x20, 0x1C, 0x1C, 0x30, 0x11, 0x1C, 0x32, 0x1C, 0xFD, 0xF7, 0xB0, 0xFE
	.byte 0x00, 0xF0, 0xED, 0xFB, 0x20, 0x1C, 0x1C, 0x30, 0x11, 0x1C, 0x32, 0x1C, 0xFD, 0xF7, 0x6A, 0xFF
	.byte 0xE5, 0xE3, 0x20, 0x1C, 0x1C, 0x30, 0x05, 0x49, 0x0B, 0x68, 0x96, 0x25, 0xED, 0x00, 0x5B, 0x19
	.byte 0x11, 0x1C, 0x32, 0x1C, 0xFE, 0xF7, 0x68, 0xFD, 0xD9, 0xE3, 0x00, 0x00, 0xD0, 0x0F, 0x00, 0x03
	.byte 0x20, 0x1C, 0x1C, 0x30, 0x04, 0x49, 0x0B, 0x68, 0x96, 0x21, 0xC9, 0x00, 0x5B, 0x18, 0x11, 0x1C
	.byte 0x32, 0x1C, 0xFD, 0xF7, 0xBF, 0xFF, 0xCA, 0xE3, 0xD0, 0x0F, 0x00, 0x03, 0x20, 0x1C, 0x1C, 0x30
	.byte 0x04, 0x49, 0x0B, 0x68, 0x96, 0x24, 0xE4, 0x00, 0x1B, 0x19, 0x11, 0x1C, 0x32, 0x1C, 0xFE, 0xF7
	.byte 0xBB, 0xF8, 0xBC, 0xE3, 0xD0, 0x0F, 0x00, 0x03, 0x20, 0x1C, 0x1C, 0x30, 0x08, 0x49, 0x0B, 0x68
	.byte 0x96, 0x25, 0xED, 0x00, 0x5B, 0x19, 0x07, 0x49, 0x09, 0x68, 0xE3, 0x24, 0xA4, 0x00, 0x09, 0x19
	.byte 0x00, 0x91, 0x00, 0x21, 0x01, 0x91, 0x11, 0x1C, 0x32, 0x1C, 0xFE, 0xF7, 0xC5, 0xFC, 0xA6, 0xE3
	.byte 0xD0, 0x0F, 0x00, 0x03, 0xC0, 0x0F, 0x00, 0x03, 0x20, 0x1C, 0x1C, 0x30, 0x11, 0x1C, 0x32, 0x1C
	.byte 0xFE, 0xF7, 0x7E, 0xFC, 0x9B, 0xE3, 0x20, 0x1C, 0x1C, 0x30, 0x05, 0x49, 0x0B, 0x68, 0x96, 0x25
	.byte 0xED, 0x00, 0x5B, 0x19, 0x11, 0x1C, 0x32, 0x1C, 0xFE, 0xF7, 0x24, 0xFC, 0x8F, 0xE3, 0x00, 0x00
	.byte 0xD0, 0x0F, 0x00, 0x03, 0x20, 0x1C, 0x1C, 0x30, 0x04, 0x49, 0x0B, 0x68, 0x96, 0x21, 0xC9, 0x00
	.byte 0x5B, 0x18, 0x11, 0x1C, 0x32, 0x1C, 0xFE, 0xF7, 0x01, 0xFC, 0x80, 0xE3, 0xD0, 0x0F, 0x00, 0x03
	.byte 0x20, 0x1C, 0x1C, 0x30, 0x11, 0x1C, 0x32, 0x1C, 0xFE, 0xF7, 0xCC, 0xFB, 0x77, 0xE3, 0x20, 0x1C
	.byte 0x1C, 0x30, 0x11, 0x1C, 0x32, 0x1C, 0xFE, 0xF7, 0x9F, 0xFB, 0x70, 0xE3, 0x20, 0x1C, 0x1C, 0x30
	.byte 0x11, 0x1C, 0x32, 0x1C, 0xFE, 0xF7, 0x3C, 0xFC, 0x69, 0xE3, 0x20, 0x1C, 0x1C, 0x30, 0x11, 0x1C
	.byte 0x32, 0x1C, 0xFE, 0xF7, 0x89, 0xFB, 0x62, 0xE3, 0x20, 0x1C, 0x1C, 0x30, 0x11, 0x1C, 0x32, 0x1C
	.byte 0xFE, 0xF7, 0x66, 0xFC, 0x5B, 0xE3, 0x20, 0x1C, 0x1C, 0x30, 0x05, 0x49, 0x0B, 0x68, 0x96, 0x24
	.byte 0xE4, 0x00, 0x1B, 0x19, 0x11, 0x1C, 0x32, 0x1C, 0xFE, 0xF7, 0x56, 0xFB, 0x4F, 0xE3, 0x00, 0x00
	.byte 0xD0, 0x0F, 0x00, 0x03, 0x20, 0x1C, 0x1C, 0x30, 0x11, 0x1C, 0x32, 0x1C, 0xFE, 0xF7, 0x38, 0xFB
	.byte 0x45, 0xE3, 0x20, 0x1C, 0x1C, 0x30, 0x11, 0x1C, 0x32, 0x1C, 0xFE, 0xF7, 0x25, 0xFB, 0x3E, 0xE3
	.byte 0x20, 0x1C, 0x1C, 0x30, 0x11, 0x1C, 0x32, 0x1C, 0xFE, 0xF7, 0x18, 0xFB, 0x37, 0xE3, 0x20, 0x1C
	.byte 0x1C, 0x30, 0x11, 0x1C, 0xFE, 0xF7, 0x06, 0xFB, 0x31, 0xE3, 0x20, 0x1C, 0x1C, 0x30, 0x11, 0x1C
	.byte 0x32, 0x1C, 0xFE, 0xF7, 0xB9, 0xF8, 0x2A, 0xE3, 0x20, 0x1C, 0x1C, 0x30, 0x11, 0x1C, 0x32, 0x1C
	.byte 0xFE, 0xF7, 0xE4, 0xFA, 0x23, 0xE3, 0x20, 0x1C, 0x1C, 0x30, 0x11, 0x1C, 0x32, 0x1C, 0xFE, 0xF7
	.byte 0xC1, 0xFA, 0x1C, 0xE3, 0x20, 0x1C, 0x1C, 0x30, 0x11, 0x1C, 0x32, 0x1C, 0xFE, 0xF7, 0xAE, 0xFA
	.byte 0x15, 0xE3, 0x20, 0x1C, 0x1C, 0x30, 0x05, 0x49, 0x0B, 0x68, 0x96, 0x25, 0xED, 0x00, 0x5B, 0x19
	.byte 0x11, 0x1C, 0x32, 0x1C, 0xFE, 0xF7, 0x86, 0xFA, 0x09, 0xE3, 0x00, 0x00, 0xD0, 0x0F, 0x00, 0x03
	.byte 0x20, 0x1C, 0x11, 0x1C, 0x32, 0x1C, 0x05, 0xF0, 0xC9, 0xFB, 0x00, 0xE3, 0x20, 0x1C, 0x11, 0x1C
	.byte 0x32, 0x1C, 0x05, 0xF0, 0xBF, 0xFB, 0xFA, 0xE2, 0x20, 0x1C, 0x29, 0x1C, 0x33, 0x1C, 0x00, 0xF0
	.byte 0x19, 0xFD, 0xF4, 0xE2, 0x20, 0x1C, 0x29, 0x1C, 0x33, 0x1C, 0x00, 0xF0, 0xFF, 0xFE, 0xEE, 0xE2
	.byte 0x20, 0x1C, 0x11, 0x1C, 0x32, 0x1C, 0x00, 0xF0, 0xBD, 0xFF, 0xE8, 0xE2, 0x20, 0x1C, 0x11, 0x1C
	.byte 0x32, 0x1C, 0x01, 0xF0, 0xAB, 0xF8, 0xE2, 0xE2, 0x20, 0x1C, 0x29, 0x1C, 0x33, 0x1C, 0x05, 0xF0
	.byte 0x81, 0xFB, 0xDC, 0xE2, 0x20, 0x1C, 0x29, 0x1C, 0x33, 0x1C, 0x05, 0xF0, 0x67, 0xFB, 0xD6, 0xE2
	.byte 0x20, 0x1C, 0x29, 0x1C, 0x33, 0x1C, 0x05, 0xF0, 0x41, 0xFB, 0xD0, 0xE2, 0x31, 0x68, 0x32, 0x79
	.byte 0x33, 0x7B, 0x30, 0x7A, 0x00, 0x90, 0x28, 0x1C, 0x55, 0xF7, 0xB8, 0xF9, 0xCA, 0xE2, 0x20, 0x1C
	.byte 0x29, 0x1C, 0x33, 0x1C, 0x05, 0xF0, 0x22, 0xFB, 0xC1, 0xE2, 0x60, 0x69, 0x32, 0x68, 0x92, 0x00
	.byte 0x01, 0x1C, 0x28, 0x31, 0x89, 0x18, 0x09, 0x68, 0x72, 0x68, 0xB4, 0x68, 0x63, 0x42, 0x23, 0x43
	.byte 0xDB, 0x0F, 0xF4, 0x68, 0x00, 0x94, 0x01, 0xAD, 0x00, 0x24, 0x2C, 0x70, 0x3D, 0xF7, 0x9E, 0xF9
	.byte 0xB0, 0xE2, 0x31, 0x68, 0x72, 0x68, 0x28, 0x1C, 0x5B, 0xF7, 0xCE, 0xF9, 0xAA, 0xE2, 0x28, 0x1C
	.byte 0x5B, 0xF7, 0xB8, 0xF9, 0xA6, 0xE2, 0x60, 0x69, 0x32, 0x68, 0x73, 0x68, 0x00, 0x21, 0x3C, 0xF7
	.byte 0xF9, 0xFC, 0x9F, 0xE2, 0x28, 0x1C, 0x5A, 0xF7, 0xD9, 0xFF, 0x9B, 0xE2, 0x31, 0x78, 0x28, 0x1C
	.byte 0x5A, 0xF7, 0x98, 0xFF, 0x96, 0xE2, 0x20, 0x1C, 0x11, 0x1C, 0x32, 0x1C, 0x05, 0xF0, 0xDA, 0xF9
	.byte 0x8D, 0xE2, 0x20, 0x1C, 0x11, 0x1C, 0x32, 0x1C, 0x01, 0xF0, 0x2E, 0xF9, 0x87, 0xE2, 0x20, 0x1C
	.byte 0x29, 0x1C, 0x33, 0x1C, 0x05, 0xF0, 0xA0, 0xFA, 0x81, 0xE2, 0x20, 0x1C, 0x29, 0x1C, 0x33, 0x1C
	.byte 0x05, 0xF0, 0x68, 0xFA, 0x7B, 0xE2, 0x20, 0x1C, 0x11, 0x1C, 0x32, 0x1C, 0x05, 0xF0, 0x64, 0xF9
	.byte 0x75, 0xE2, 0x20, 0x1C, 0x11, 0x1C, 0x32, 0x1C, 0x05, 0xF0, 0x22, 0xF9, 0x6F, 0xE2, 0x20, 0x1C
	.byte 0x11, 0x1C, 0x32, 0x1C, 0x05, 0xF0, 0xAA, 0xF9, 0x69, 0xE2, 0x20, 0x1C, 0x11, 0x1C, 0x32, 0x1C
	.byte 0x05, 0xF0, 0x98, 0xF9, 0x63, 0xE2, 0x20, 0x1C, 0x29, 0x1C, 0x33, 0x1C, 0x05, 0xF0, 0x5E, 0xF8
	.byte 0x5D, 0xE2, 0x20, 0x1C, 0x11, 0x1C, 0x32, 0x1C, 0x05, 0xF0, 0x14, 0xF8, 0x57, 0xE2, 0x20, 0x1C
	.byte 0x29, 0x1C, 0x33, 0x1C, 0x01, 0xF0, 0x8E, 0xF9, 0x51, 0xE2, 0x20, 0x1C, 0x11, 0x1C, 0x32, 0x1C
	.byte 0x01, 0xF0, 0xD4, 0xF9, 0x4B, 0xE2, 0x20, 0x1C, 0x11, 0x1C, 0x32, 0x1C, 0x01, 0xF0, 0x1E, 0xFA
	.byte 0x45, 0xE2, 0x20, 0x1C, 0x29, 0x1C, 0x33, 0x1C, 0x04, 0xF0, 0xF4, 0xFF, 0x3F, 0xE2, 0x20, 0x1C
	.byte 0x29, 0x1C, 0x33, 0x1C, 0x04, 0xF0, 0xD4, 0xFF, 0x39, 0xE2, 0x20, 0x1C, 0x11, 0x1C, 0x32, 0x1C
	.byte 0x04, 0xF0, 0xC2, 0xFF, 0x33, 0xE2, 0x20, 0x1C, 0x11, 0x1C, 0x32, 0x1C, 0x04, 0xF0, 0x9E, 0xFF
	.byte 0x2D, 0xE2, 0x20, 0x1C, 0x29, 0x1C, 0x33, 0x1C, 0x01, 0xF0, 0x4C, 0xFA, 0x27, 0xE2, 0x20, 0x1C
	.byte 0x11, 0x1C, 0x32, 0x1C, 0x01, 0xF0, 0xCC, 0xFA, 0x21, 0xE2, 0x20, 0x1C, 0x29, 0x1C, 0x33, 0x1C
	.byte 0x04, 0xF0, 0x40, 0xFF, 0x1B, 0xE2, 0x20, 0x1C, 0x29, 0x1C, 0x33, 0x1C, 0x01, 0xF0, 0x4A, 0xFB
	.byte 0x15, 0xE2, 0x20, 0x1C, 0x29, 0x1C, 0x33, 0x1C, 0x01, 0xF0, 0x06, 0xFC, 0x0F, 0xE2, 0x20, 0x1C
	.byte 0x29, 0x1C, 0x33, 0x1C, 0x04, 0xF0, 0x74, 0xFE, 0x09, 0xE2, 0x20, 0x1C, 0x29, 0x1C, 0x33, 0x1C
	.byte 0x04, 0xF0, 0x0E, 0xFE, 0x03, 0xE2, 0x20, 0x1C, 0x29, 0x1C, 0x33, 0x1C, 0x04, 0xF0, 0xE6, 0xFD
	.byte 0xFD, 0xE1, 0x20, 0x1C, 0x29, 0x1C, 0x33, 0x1C, 0x04, 0xF0, 0xD0, 0xFD, 0xF7, 0xE1, 0x20, 0x1C
	.byte 0x11, 0x1C, 0x32, 0x1C, 0x04, 0xF0, 0xB4, 0xFD, 0xF1, 0xE1, 0x20, 0x1C, 0x29, 0x1C, 0x33, 0x1C
	.byte 0x01, 0xF0, 0x98, 0xFC, 0xEB, 0xE1, 0x20, 0x1C, 0x29, 0x1C, 0x33, 0x1C, 0x04, 0xF0, 0x7C, 0xFD
	.byte 0xE5, 0xE1, 0x20, 0x1C, 0x29, 0x1C, 0x33, 0x1C, 0x04, 0xF0, 0x5C, 0xFD, 0xDF, 0xE1, 0x20, 0x1C
	.byte 0x29, 0x1C, 0x33, 0x1C, 0x04, 0xF0, 0xFC, 0xFC, 0xD9, 0xE1, 0x20, 0x1C, 0x29, 0x1C, 0x33, 0x1C
	.byte 0x01, 0xF0, 0xEE, 0xFC, 0xD3, 0xE1, 0x20, 0x1C, 0x29, 0x1C, 0x33, 0x1C, 0x01, 0xF0, 0x34, 0xFD
	.byte 0xCD, 0xE1, 0x20, 0x1C, 0x29, 0x1C, 0x33, 0x1C, 0x04, 0xF0, 0xCA, 0xFC, 0xC7, 0xE1, 0x20, 0x1C
	.byte 0x29, 0x1C, 0x33, 0x1C, 0x01, 0xF0, 0xB4, 0xFD, 0xC1, 0xE1, 0x20, 0x1C, 0x29, 0x1C, 0x33, 0x1C
	.byte 0x01, 0xF0, 0xE0, 0xFD, 0xBB, 0xE1, 0x20, 0x1C, 0x29, 0x1C, 0x33, 0x1C, 0x01, 0xF0, 0x3E, 0xFE
	.byte 0xB5, 0xE1, 0x20, 0x1C, 0x29, 0x1C, 0x33, 0x1C, 0x04, 0xF0, 0x78, 0xFC, 0xAF, 0xE1, 0x20, 0x1C
	.byte 0x29, 0x1C, 0x33, 0x1C, 0x01, 0xF0, 0x1C, 0xFF, 0xA9, 0xE1, 0x20, 0x1C, 0x29, 0x1C, 0x33, 0x1C
	.byte 0x01, 0xF0, 0x5C, 0xFF, 0xA3, 0xE1, 0x20, 0x1C, 0x11, 0x1C, 0x32, 0x1C, 0x04, 0xF0, 0x30, 0xFC
	.byte 0x9D, 0xE1, 0x20, 0x1C, 0x11, 0x1C, 0x32, 0x1C, 0x04, 0xF0, 0xF6, 0xFB, 0x97, 0xE1, 0x20, 0x1C
	.byte 0x11, 0x1C, 0x32, 0x1C, 0x04, 0xF0, 0xB4, 0xFB, 0x91, 0xE1, 0x20, 0x1C, 0x11, 0x1C, 0x32, 0x1C
	.byte 0x01, 0xF0, 0xA8, 0xFF, 0x8B, 0xE1, 0x20, 0x1C, 0x11, 0x1C, 0x32, 0x1C, 0x04, 0xF0, 0x74, 0xFB
	.byte 0x85, 0xE1, 0x20, 0x1C, 0x11, 0x1C, 0x32, 0x1C, 0x04, 0xF0, 0x34, 0xFB, 0x7F, 0xE1, 0x20, 0x1C
	.byte 0x29, 0x1C, 0x33, 0x1C, 0x01, 0xF0, 0xDE, 0xFF, 0x79, 0xE1, 0x20, 0x1C, 0x29, 0x1C, 0x04, 0xF0
	.byte 0xCB, 0xFA, 0x74, 0xE1, 0x20, 0x1C, 0x11, 0x1C, 0x32, 0x1C, 0x04, 0xF0, 0xB9, 0xFA, 0x6E, 0xE1
	.byte 0x20, 0x1C, 0x11, 0x1C, 0x32, 0x1C, 0x04, 0xF0, 0xA7, 0xFA, 0x68, 0xE1, 0x20, 0x1C, 0x11, 0x1C
	.byte 0x32, 0x1C, 0x04, 0xF0, 0x95, 0xFA, 0x62, 0xE1, 0x20, 0x1C, 0x11, 0x1C, 0x32, 0x1C, 0x04, 0xF0
	.byte 0x81, 0xFA, 0x5C, 0xE1, 0x20, 0x1C, 0x11, 0x1C, 0x32, 0x1C, 0x02, 0xF0, 0x47, 0xF8, 0x56, 0xE1
	.byte 0x20, 0x1C, 0x11, 0x1C, 0x32, 0x1C, 0x04, 0xF0, 0x63, 0xFA, 0x50, 0xE1, 0x20, 0x1C, 0x11, 0x1C
	.byte 0x32, 0x1C, 0x04, 0xF0, 0x43, 0xFA, 0x4A, 0xE1, 0x20, 0x1C, 0x11, 0x1C, 0x32, 0x1C, 0x04, 0xF0
	.byte 0x1D, 0xFA, 0x44, 0xE1, 0x20, 0x1C, 0x11, 0x1C, 0x32, 0x1C, 0x04, 0xF0, 0x01, 0xFA, 0x3E, 0xE1
	.byte 0x64, 0x69, 0x35, 0x68, 0x70, 0x68, 0x3F, 0x28, 0x02, 0xD0, 0x00, 0x06, 0x03, 0x0E, 0x04, 0xE0
	.byte 0x0F, 0x48, 0x00, 0x68, 0x0F, 0x49, 0x40, 0x18, 0x03, 0x78, 0xB0, 0x68, 0x00, 0x90, 0xF0, 0x68
	.byte 0x01, 0x90, 0x30, 0x69, 0x02, 0x90, 0x71, 0x69, 0x01, 0x22, 0x08, 0x1C, 0x10, 0x40, 0x03, 0x90
	.byte 0x48, 0x10, 0x10, 0x40, 0x04, 0x90, 0x89, 0x10, 0x11, 0x40, 0x05, 0x91, 0xB0, 0x69, 0x06, 0x90
	.byte 0x20, 0x1C, 0x29, 0x1C, 0x1A, 0x1C, 0x00, 0x23, 0x3B, 0xF7, 0x6C, 0xF9, 0x00, 0x20, 0x1A, 0xE1
	.byte 0xD0, 0x0F, 0x00, 0x03, 0x2C, 0x05, 0x00, 0x00, 0x60, 0x69, 0x31, 0x68, 0x3C, 0xF7, 0x72, 0xFC
	.byte 0x00, 0x20, 0x10, 0xE1, 0x60, 0x69, 0x3C, 0xF7, 0x8B, 0xFC, 0x00, 0x20, 0x0B, 0xE1, 0x20, 0x1C
	.byte 0x11, 0x1C, 0x32, 0x1C, 0x04, 0xF0, 0xF0, 0xF8, 0x01, 0xE1, 0x20, 0x1C, 0x11, 0x1C, 0x32, 0x1C
	.byte 0x04, 0xF0, 0xD8, 0xF8, 0xFB, 0xE0, 0x20, 0x1C, 0x11, 0x1C, 0x32, 0x1C, 0x04, 0xF0, 0xA8, 0xF8
	.byte 0xF5, 0xE0, 0x60, 0x69, 0x31, 0x68, 0x72, 0x68, 0x3C, 0xF7, 0x5A, 0xFC, 0x00, 0x20, 0xF2, 0xE0
	.byte 0x20, 0x1C, 0x11, 0x1C, 0x32, 0x1C, 0x04, 0xF0, 0x8B, 0xF8, 0xE8, 0xE0, 0x20, 0x1C, 0x11, 0x1C
	.byte 0x32, 0x1C, 0x02, 0xF0, 0x41, 0xFA, 0xE2, 0xE0, 0x20, 0x1C, 0x11, 0x1C, 0x32, 0x1C, 0x04, 0xF0
	.byte 0x6D, 0xF8, 0xDC, 0xE0, 0x20, 0x1C, 0x11, 0x1C, 0x32, 0x1C, 0x04, 0xF0, 0x33, 0xF8, 0xD6, 0xE0
	.byte 0x20, 0x1C, 0x11, 0x1C, 0x32, 0x1C, 0x03, 0xF0, 0xED, 0xFF, 0xD0, 0xE0, 0x20, 0x1C, 0x11, 0x1C
	.byte 0x32, 0x1C, 0x03, 0xF0, 0xDD, 0xFF, 0xCA, 0xE0, 0x20, 0x1C, 0x11, 0x1C, 0x32, 0x1C, 0x02, 0xF0
	.byte 0x7F, 0xFA, 0xC4, 0xE0, 0x20, 0x1C, 0x11, 0x1C, 0x32, 0x1C, 0x03, 0xF0, 0xB3, 0xFF, 0xBE, 0xE0
	.byte 0x20, 0x1C, 0x11, 0x1C, 0x03, 0xF0, 0x9E, 0xFF, 0xB9, 0xE0, 0x20, 0x1C, 0x11, 0x1C, 0x32, 0x1C
	.byte 0x02, 0xF0, 0x0A, 0xFB, 0xB3, 0xE0, 0x60, 0x69, 0x31, 0x68, 0x72, 0x68, 0x3F, 0xF7, 0x14, 0xFE
	.byte 0xB0, 0xE0, 0x62, 0x69, 0x31, 0x68, 0x05, 0x4B, 0xD2, 0x18, 0x03, 0x20, 0x01, 0x40, 0xC9, 0x01
	.byte 0x13, 0x88, 0x03, 0x48, 0x18, 0x40, 0x08, 0x43, 0x10, 0x80, 0xA3, 0xE0, 0x0A, 0x02, 0x00, 0x00
	.byte 0x7F, 0xFE, 0xFF, 0xFF, 0x60, 0x69, 0x31, 0x68, 0x00, 0x22, 0x43, 0xF7, 0x5B, 0xF9, 0x99, 0xE0
	.byte 0x60, 0x69, 0x31, 0x68, 0x4F, 0xF7, 0x80, 0xFE, 0x94, 0xE0, 0x20, 0x1C, 0x11, 0x1C, 0x03, 0xF0
	.byte 0x61, 0xFF, 0x8C, 0xE0, 0x20, 0x1C, 0x11, 0x1C, 0x32, 0x1C, 0x02, 0xF0, 0x3F, 0xFB, 0x86, 0xE0
	.byte 0x20, 0x1C, 0x11, 0x1C, 0x32, 0x1C, 0x03, 0xF0, 0x49, 0xFF, 0x80, 0xE0, 0x02, 0x4A, 0x71, 0x68
	.byte 0x09, 0x02, 0x30, 0x68, 0xD7, 0xE7, 0x00, 0x00, 0x52, 0x00, 0x00, 0x02, 0x70, 0x68, 0x04, 0x02
	.byte 0x31, 0x68, 0x0C, 0x43, 0x10, 0x28, 0x03, 0xD0, 0x10, 0x29, 0x01, 0xD0, 0x40, 0x20, 0x04, 0x43
	.byte 0x01, 0x48, 0x04, 0x80, 0x6E, 0xE0, 0x00, 0x00, 0x50, 0x00, 0x00, 0x02, 0x05, 0x48, 0x03, 0x68
	.byte 0x96, 0x25, 0xED, 0x00, 0x5B, 0x19, 0x20, 0x1C, 0x11, 0x1C, 0x32, 0x1C, 0x02, 0xF0, 0x5A, 0xFB
	.byte 0x5D, 0xE0, 0x00, 0x00, 0xD0, 0x0F, 0x00, 0x03, 0x05, 0x48, 0x03, 0x68, 0x96, 0x20, 0xC0, 0x00
	.byte 0x1B, 0x18, 0x20, 0x1C, 0x11, 0x1C, 0x32, 0x1C, 0x02, 0xF0, 0xFA, 0xFB, 0x4F, 0xE0, 0x00, 0x00
	.byte 0xD0, 0x0F, 0x00, 0x03, 0x05, 0x48, 0x03, 0x68, 0x96, 0x21, 0xC9, 0x00, 0x5B, 0x18, 0x20, 0x1C
	.byte 0x11, 0x1C, 0x32, 0x1C, 0x03, 0xF0, 0xD0, 0xFE, 0x41, 0xE0, 0x00, 0x00, 0xD0, 0x0F, 0x00, 0x03
	.byte 0x05, 0x48, 0x03, 0x68, 0x96, 0x25, 0xED, 0x00, 0x5B, 0x19, 0x20, 0x1C, 0x11, 0x1C, 0x32, 0x1C
	.byte 0x03, 0xF0, 0x92, 0xFE, 0x33, 0xE0, 0x00, 0x00, 0xD0, 0x0F, 0x00, 0x03, 0x05, 0x48, 0x03, 0x68
	.byte 0x96, 0x20, 0xC0, 0x00, 0x1B, 0x18, 0x20, 0x1C, 0x11, 0x1C, 0x32, 0x1C, 0x03, 0xF0, 0x66, 0xFE
	.byte 0x25, 0xE0, 0x00, 0x00, 0xD0, 0x0F, 0x00, 0x03, 0x20, 0x1C, 0x11, 0x1C, 0x32, 0x1C, 0x03, 0xF0
	.byte 0x25, 0xFE, 0x1C, 0xE0, 0x20, 0x1C, 0x11, 0x1C, 0x32, 0x1C, 0x02, 0xF0, 0x79, 0xFC, 0x16, 0xE0
	.byte 0x20, 0x1C, 0x11, 0x1C, 0x32, 0x1C, 0x02, 0xF0, 0xA1, 0xFC, 0x10, 0xE0, 0x20, 0x1C, 0x29, 0x1C
	.byte 0x33, 0x1C, 0x02, 0xF0, 0xD3, 0xFC, 0x0A, 0xE0, 0x20, 0x1C, 0x29, 0x1C, 0x33, 0x1C, 0x03, 0xF0
	.byte 0xF7, 0xFD, 0x04, 0xE0, 0x20, 0x1C, 0x29, 0x1C, 0x33, 0x1C, 0x03, 0xF0, 0xCD, 0xFD, 0x00, 0x06
	.byte 0x00, 0x16, 0x00, 0xE0
_080EC964:
	.byte 0x01, 0x20, 0x07, 0xB0, 0x70, 0xBC, 0x02, 0xBC, 0x08, 0x47, 0x00, 0x00
	thumb_func_start sub_80EC970
sub_80EC970:
	push {r4, r5, r6, r7, lr}
	mov r7, r10
	mov r6, r9
	mov r5, r8
	push {r5, r6, r7}
	add sp, #-0x010
	mov r8, r0
	adds r4, r1, #0x0
	mov r10, r2
	adds r6, r3, #0x0
	ldr r0, [sp, #0x030]
	lsls r0, r0, #0x18
	lsrs r0, r0, #0x18
	mov r9, r0
	ldr r0, [r6, #0x04]
	mov r2, r8
	ldr r1, [r2, #0x14]
	lsls r0, r0, #0x02
	adds r0, r0, r1
	ldr r5, [r0, #0x28]
	adds r7, r5, #0x0
	adds r7, #0x58
	movs r0, #0x01
	str r0, [sp, #0x008]
	cmp r4, #0x00
	beq _080EC9B2
	adds r0, r4, #0x0
	adds r0, #0x54
	ldrb r0, [r0, #0x00]
	adds r0, #0x04
	lsls r0, r0, #0x18
	lsrs r0, r0, #0x18
	mov r9, r0
_080EC9B2:
	ldr r0, [r6, #0x00]
	ldr r1, [sp, #0x008]
	ands r0, r1
	mov r2, r10
	adds r2, #0xA0
	str r2, [sp, #0x00C]
	cmp r0, #0x00
	beq _080EC9CE
	ldrh r1, [r2, #0x00]
	movs r0, #0x04
	orrs r0, r1
	strh r0, [r2, #0x00]
	movs r0, #0x09
	str r0, [sp, #0x008]
_080EC9CE:
	ldr r0, [r6, #0x00]
	cmp r0, #0x07
	bls _080EC9D6
	b _080ECB04
_080EC9D6:
	lsls r0, r0, #0x02
	ldr r1, _080EC9E0 @ =0x080EC9E4
	adds r0, r0, r1
	ldr r0, [r0, #0x00]
	mov pc, r0
_080EC9E0: .4byte 0x080EC9E4
	.byte 0x04, 0xCA, 0x0E, 0x08, 0x04, 0xCA, 0x0E, 0x08, 0x10, 0xCA, 0x0E, 0x08, 0x10, 0xCA, 0x0E, 0x08
	.byte 0x1C, 0xCA, 0x0E, 0x08, 0x1C, 0xCA, 0x0E, 0x08, 0x96, 0xCA, 0x0E, 0x08, 0x96, 0xCA, 0x0E, 0x08
	.byte 0x3C, 0x1C, 0xA0, 0x34, 0x21, 0x88, 0x02, 0x20, 0x08, 0x40, 0x10, 0xE0, 0x3C, 0x1C, 0xA0, 0x34
	.byte 0x21, 0x88, 0x02, 0x20, 0x08, 0x40, 0x47, 0xE0, 0x3C, 0x1C, 0xA0, 0x34, 0x22, 0x88, 0x01, 0x21
	.byte 0x08, 0x1C, 0x50, 0x40, 0x08, 0x40, 0x00, 0x28, 0x23, 0xD0, 0x02, 0x20, 0x10, 0x40, 0x00, 0x28
	.byte 0x02, 0xD0, 0x28, 0x1C, 0x59, 0xF7, 0xA2, 0xFF, 0x21, 0x88, 0x40, 0x20, 0x08, 0x40, 0x00, 0x28
	.byte 0x02, 0xD0, 0x28, 0x1C, 0x59, 0xF7, 0xE2, 0xFF, 0x21, 0x88, 0x20, 0x20, 0x08, 0x40, 0x00, 0x28
	.byte 0x02, 0xD0, 0x28, 0x1C, 0x5A, 0xF7, 0xC0, 0xFC, 0x40, 0x46, 0x1C, 0x30, 0x51, 0x46, 0x0A, 0x68
	.byte 0xB3, 0x68, 0x02, 0x99, 0x00, 0x91, 0x49, 0x46, 0x01, 0x91, 0x39, 0x1C, 0xFD, 0xF7, 0xAA, 0xFD
	.byte 0x0B, 0xE0, 0x40, 0x46, 0x1C, 0x30, 0x51, 0x46, 0x0A, 0x68, 0xB3, 0x68, 0x02, 0x99, 0x00, 0x91
	.byte 0x49, 0x46, 0x01, 0x91, 0x39, 0x1C, 0xFD, 0xF7, 0x7B, 0xFD, 0xB0, 0x68, 0x52, 0x46, 0x10, 0x60
	.byte 0x36, 0xE0, 0x3C, 0x1C, 0xA0, 0x34, 0x22, 0x88, 0x01, 0x21, 0x08, 0x1C, 0x50, 0x40, 0x08, 0x40
	.byte 0x00, 0x28, 0x22, 0xD0, 0x02, 0x20, 0x10, 0x40, 0x00, 0x28, 0x02, 0xD0, 0x28, 0x1C, 0x59, 0xF7
	.byte 0x65, 0xFF, 0x21, 0x88, 0x40, 0x20, 0x08, 0x40, 0x00, 0x28, 0x02, 0xD0, 0x28, 0x1C, 0x59, 0xF7
	.byte 0xA5, 0xFF, 0x21, 0x88, 0x20, 0x20, 0x08, 0x40, 0x00, 0x28, 0x02, 0xD0, 0x28, 0x1C, 0x5A, 0xF7
	.byte 0x83, 0xFC, 0x40, 0x46, 0x1C, 0x30, 0xB2, 0x68, 0x02, 0x99, 0x00, 0x91, 0x49, 0x46, 0x01, 0x91
	.byte 0x39, 0x1C, 0x00, 0x23, 0xFD, 0xF7, 0x6E, 0xFD, 0x0A, 0xE0, 0x40, 0x46, 0x1C, 0x30, 0xB2, 0x68
	.byte 0x02, 0x99, 0x00, 0x91, 0x49, 0x46, 0x01, 0x91, 0x39, 0x1C, 0x00, 0x23, 0xFD, 0xF7, 0x40, 0xFD
_080ECB04:
	ldr r2, [sp, #0x00C]
	ldrh r1, [r2, #0x00]
	lsrs r1, r1, #0x02
	movs r0, #0x01
	bics r0, r1
	add sp, #0x010
	pop {r3, r4, r5}
	mov r8, r3
	mov r9, r4
	mov r10, r5
	pop {r4, r5, r6, r7}
	pop {r1}
	bx r1
	.byte 0x00, 0x00
	thumb_func_start sub_80ECB20
sub_80ECB20:
	push {r4, r5, r6, r7, lr}
	mov r7, r8
	push {r7}
	add sp, #-0x008
	adds r6, r0, #0x0
	ldm r2!, {r4}
	cmp r4, #0x01
	beq _080ECB5C
	cmp r4, #0x01
	bgt _080ECB3A
	cmp r4, #0x00
	beq _080ECB46
	b _080ECC98
_080ECB3A:
	cmp r4, #0x02
	beq _080ECB80
	cmp r4, #0x03
	bne _080ECB44
	b _080ECC58
_080ECB44:
	b _080ECC98
_080ECB46:
	ldr r0, _080ECB58 @ =0x03000FD0
	ldr r3, [r0, #0x00]
	adds r0, r6, #0x0
	adds r0, #0x1C
	ldr r2, [r2, #0x00]
	movs r1, #0x01
	str r1, [sp, #0x000]
	b _080ECB6E
	.byte 0x00, 0x00
_080ECB58: .4byte 0x03000FD0
_080ECB5C:
	ldr r0, _080ECB7C @ =0x03000FD0
	ldr r0, [r0, #0x00]
	movs r1, #0xFC
	lsls r1, r1, #0x01
	adds r3, r0, r1
	adds r0, r6, #0x0
	adds r0, #0x1C
	ldr r2, [r2, #0x00]
	str r4, [sp, #0x000]
_080ECB6E:
	movs r1, #0xFF
	str r1, [sp, #0x004]
	adds r1, r3, #0x0
	movs r3, #0x00
	bl sub_80EA5C8
	b _080ECC98
_080ECB7C: .4byte 0x03000FD0
_080ECB80:
	ldr r0, _080ECC40 @ =0x03000FD0
	mov r8, r0
	ldr r0, [r0, #0x00]
	adds r3, r0, #0x0
	adds r3, #0xA8
	movs r1, #0xA4
	lsls r1, r1, #0x01
	adds r0, r0, r1
	ldrb r0, [r0, #0x00]
	movs r1, #0x01
	eors r0, r1
	ands r0, r1
	cmp r0, #0x00
	beq _080ECC58
	adds r0, r6, #0x0
	adds r0, #0x1C
	ldr r2, [r2, #0x00]
	movs r7, #0x01
	str r7, [sp, #0x000]
	movs r1, #0xFF
	str r1, [sp, #0x004]
	adds r1, r3, #0x0
	movs r3, #0x00
	bl sub_80EA5C8
	ldr r5, [r6, #0x14]
	ldr r0, [r5, #0x28]
	ldr r1, _080ECC44 @ =0x0000020D
	mov r12, r1
	add r0, r12
	ldrb r1, [r0, #0x00]
	adds r0, r7, #0x0
	ands r0, r1
	cmp r0, #0x00
	beq _080ECBF0
	mov r0, r8
	ldr r2, [r0, #0x00]
	ldr r1, _080ECC48 @ =0x0000055A
	adds r2, r2, r1
	ldrb r3, [r2, #0x00]
	lsrs r1, r3, #0x06
	ldr r0, _080ECC4C @ =0x0000FFFE
	ands r1, r0
	lsls r1, r1, #0x06
	movs r0, #0x3F
	ands r0, r3
	orrs r0, r1
	strb r0, [r2, #0x00]
	ldr r1, [r5, #0x28]
	ldr r0, _080ECC44 @ =0x0000020D
	adds r1, r1, r0
	ldrb r2, [r1, #0x00]
	movs r0, #0x02
	negs r0, r0
	ands r0, r2
	strb r0, [r1, #0x00]
_080ECBF0:
	ldr r0, [r5, #0x2C]
	add r0, r12
	ldrb r1, [r0, #0x00]
	adds r0, r7, #0x0
	ands r0, r1
	cmp r0, #0x00
	beq _080ECC26
	mov r1, r8
	ldr r2, [r1, #0x00]
	ldr r0, _080ECC48 @ =0x0000055A
	adds r2, r2, r0
	ldrb r3, [r2, #0x00]
	lsrs r1, r3, #0x06
	ldr r0, _080ECC50 @ =0x0000FFFD
	ands r1, r0
	lsls r1, r1, #0x06
	movs r0, #0x3F
	ands r0, r3
	orrs r0, r1
	strb r0, [r2, #0x00]
	ldr r1, [r5, #0x2C]
	add r1, r12
	ldrb r2, [r1, #0x00]
	movs r0, #0x02
	negs r0, r0
	ands r0, r2
	strb r0, [r1, #0x00]
_080ECC26:
	mov r1, r8
	ldr r0, [r1, #0x00]
	ldr r1, _080ECC48 @ =0x0000055A
	adds r0, r0, r1
	ldrb r0, [r0, #0x00]
	ands r4, r0
	cmp r4, #0x00
	bne _080ECC98
	ldr r0, [r6, #0x14]
	ldr r1, _080ECC54 @ =0x000003FF
	bl sub_8028D6C
	b _080ECC98
_080ECC40: .4byte 0x03000FD0
_080ECC44: .4byte 0x0000020D
_080ECC48: .4byte 0x0000055A
_080ECC4C: .4byte 0x0000FFFE
_080ECC50: .4byte 0x0000FFFD
_080ECC54: .4byte 0x000003FF
_080ECC58:
	ldr r0, _080ECCA8 @ =0x03000FD0
	ldr r3, [r0, #0x00]
	movs r0, #0xA8
	lsls r0, r0, #0x01
	adds r4, r3, r0
	movs r1, #0xF8
	lsls r1, r1, #0x01
	adds r0, r3, r1
	ldrb r0, [r0, #0x00]
	movs r1, #0x01
	eors r0, r1
	ands r0, r1
	cmp r0, #0x00
	beq _080ECC98
	ldr r1, _080ECCAC @ =0x0000055A
	adds r0, r3, r1
	ldrb r1, [r0, #0x00]
	movs r3, #0x01
	adds r0, r3, #0x0
	ands r0, r1
	cmp r0, #0x00
	beq _080ECC98
	adds r0, r6, #0x0
	adds r0, #0x1C
	ldr r2, [r2, #0x00]
	str r3, [sp, #0x000]
	movs r1, #0xFF
	str r1, [sp, #0x004]
	adds r1, r4, #0x0
	movs r3, #0x00
	bl sub_80EA5C8
_080ECC98:
	movs r0, #0x01
	add sp, #0x008
	pop {r3}
	mov r8, r3
	pop {r4, r5, r6, r7}
	pop {r1}
	bx r1
	.byte 0x00, 0x00
_080ECCA8: .4byte 0x03000FD0
_080ECCAC: .4byte 0x0000055A
	thumb_func_start sub_80ECCB0
sub_80ECCB0:
	push {r4, r5, r6, r7, lr}
	adds r4, r0, #0x0
	adds r3, r1, #0x0
	ldr r2, [r2, #0x00]
	cmp r2, #0x01
	beq _080ECCEC
	cmp r2, #0x01
	bgt _080ECCCC
	cmp r2, #0x00
	beq _080ECCDC
	ldr r2, _080ECCC8 @ =0x03000FD0
	b _080ECD1A
_080ECCC8: .4byte 0x03000FD0
_080ECCCC:
	cmp r2, #0x02
	beq _080ECCFC
	cmp r2, #0x03
	beq _080ECD0C
	ldr r2, _080ECCD8 @ =0x03000FD0
	b _080ECD1A
_080ECCD8: .4byte 0x03000FD0
_080ECCDC:
	movs r6, #0x00
	ldr r0, _080ECCE8 @ =0x03000FD0
	ldr r3, [r0, #0x00]
	adds r2, r0, #0x0
	b _080ECD1A
	.byte 0x00, 0x00
_080ECCE8: .4byte 0x03000FD0
_080ECCEC:
	movs r6, #0x03
	ldr r1, _080ECCF8 @ =0x03000FD0
	ldr r0, [r1, #0x00]
	movs r2, #0xFC
	lsls r2, r2, #0x01
	b _080ECD16
_080ECCF8: .4byte 0x03000FD0
_080ECCFC:
	movs r6, #0x01
	ldr r1, _080ECD08 @ =0x03000FD0
	ldr r0, [r1, #0x00]
	adds r3, r0, #0x0
	adds r3, #0xA8
	b _080ECD18
_080ECD08: .4byte 0x03000FD0
_080ECD0C:
	movs r6, #0x02
	ldr r1, _080ECD94 @ =0x03000FD0
	ldr r0, [r1, #0x00]
	movs r2, #0xA8
	lsls r2, r2, #0x01
_080ECD16:
	adds r3, r0, r2
_080ECD18:
	adds r2, r1, #0x0
_080ECD1A:
	ldr r0, [r3, #0x00]
	str r0, [r3, #0x04]
	adds r1, r3, #0x0
	adds r1, #0xA0
	movs r0, #0x01
	strh r0, [r1, #0x00]
	ldr r1, [r2, #0x00]
	movs r5, #0x04
_080ECD2A:
	adds r0, r1, #0x0
	adds r0, #0xA4
	ldrb r0, [r0, #0x00]
	cmp r0, r6
	bne _080ECD3E
	ldr r0, [r1, #0x04]
	cmp r0, #0x00
	beq _080ECD3E
	ldr r0, [r1, #0x00]
	str r0, [r1, #0x04]
_080ECD3E:
	adds r1, #0xA8
	lsls r0, r5, #0x10
	ldr r2, _080ECD98 @ =0xFFFF0000
	adds r0, r0, r2
	lsrs r5, r0, #0x10
	cmp r0, #0x00
	bgt _080ECD2A
	ldr r0, [r4, #0x14]
	ldr r2, _080ECD9C @ =0x0000010B
	adds r1, r0, r2
	ldrb r5, [r1, #0x00]
	adds r4, r0, #0x0
	adds r4, #0x28
	cmp r5, #0x00
	beq _080ECD8C
	ldr r0, _080ECDA0 @ =0x0000FFF7
	mov r12, r0
	movs r7, #0xFF
_080ECD62:
	ldr r2, [r4, #0x00]
	adds r3, r2, #0x0
	adds r3, #0xFC
	ldrb r1, [r3, #0x00]
	adds r0, r1, #0x0
	cmp r0, r6
	bne _080ECD7E
	orrs r0, r7
	strb r0, [r3, #0x00]
	adds r2, #0xF8
	ldrh r1, [r2, #0x00]
	mov r0, r12
	ands r0, r1
	strh r0, [r2, #0x00]
_080ECD7E:
	lsls r0, r5, #0x10
	ldr r1, _080ECD98 @ =0xFFFF0000
	adds r0, r0, r1
	adds r4, #0x04
	lsrs r5, r0, #0x10
	cmp r0, #0x00
	bgt _080ECD62
_080ECD8C:
	movs r0, #0x01
	pop {r4, r5, r6, r7}
	pop {r1}
	bx r1
_080ECD94: .4byte 0x03000FD0
_080ECD98: .4byte 0xFFFF0000
_080ECD9C: .4byte 0x0000010B
_080ECDA0: .4byte 0x0000FFF7
	thumb_func_start sub_80ECDA4
sub_80ECDA4:
	push {r4, r5, r6, r7, lr}
	adds r2, r0, #0x0
	adds r6, r1, #0x0
	adds r5, r3, #0x0
	ldm r5!, {r0}
	cmp r0, #0x12
	bls _080ECDB4
	b _080ED170
_080ECDB4:
	lsls r0, r0, #0x02
	ldr r1, _080ECDC0 @ =0x080ECDC4
	adds r0, r0, r1
	ldr r0, [r0, #0x00]
	mov pc, r0
	.byte 0x00, 0x00
_080ECDC0: .4byte 0x080ECDC4
	.byte 0x18, 0xCE, 0x0E, 0x08, 0x10, 0xCE, 0x0E, 0x08, 0x22, 0xCE, 0x0E, 0x08, 0x3C, 0xCE, 0x0E, 0x08
	.byte 0x84, 0xCE, 0x0E, 0x08, 0xB8, 0xCF, 0x0E, 0x08, 0x34, 0xD0, 0x0E, 0x08, 0x4C, 0xD0, 0x0E, 0x08
	.byte 0x64, 0xD0, 0x0E, 0x08, 0x7C, 0xD0, 0x0E, 0x08, 0x94, 0xD0, 0x0E, 0x08, 0xAC, 0xD0, 0x0E, 0x08
	.byte 0xB6, 0xD0, 0x0E, 0x08, 0xD4, 0xD0, 0x0E, 0x08, 0xE8, 0xD0, 0x0E, 0x08, 0xFE, 0xD0, 0x0E, 0x08
	.byte 0x14, 0xD1, 0x0E, 0x08, 0x2A, 0xD1, 0x0E, 0x08, 0x40, 0xD1, 0x0E, 0x08, 0x29, 0x68, 0x30, 0x1C
	.byte 0x5A, 0xF7, 0xAA, 0xFC, 0x29, 0x68, 0x30, 0x1C, 0x5A, 0xF7, 0xFE, 0xFB, 0xA6, 0xE1, 0x29, 0x68
	.byte 0x04, 0x48, 0x33, 0x18, 0x01, 0x20, 0x01, 0x40, 0xC9, 0x00, 0x1A, 0x78, 0x09, 0x20, 0x40, 0x42
	.byte 0x99, 0xE1, 0x00, 0x00, 0x0D, 0x02, 0x00, 0x00, 0x28, 0x68, 0x01, 0x28, 0x14, 0xD0, 0x01, 0x28
	.byte 0x02, 0xDC, 0x00, 0x28, 0x03, 0xD0, 0x91, 0xE1, 0x02, 0x28, 0x13, 0xD0, 0x8E, 0xE1, 0x85, 0x21
	.byte 0x89, 0x00, 0x72, 0x18, 0x10, 0x68, 0x03, 0x49, 0x08, 0x40, 0xE0, 0x21, 0x49, 0x02, 0x08, 0x43
	.byte 0x10, 0x60, 0x83, 0xE1, 0xFF, 0x1F, 0xFE, 0xFF, 0x30, 0x1C, 0x00, 0x21, 0x00, 0x22, 0x5A, 0xF7
	.byte 0x2D, 0xFA, 0x7B, 0xE1, 0x30, 0x1C, 0x00, 0x21, 0x01, 0x22, 0x5A, 0xF7, 0x27, 0xFA, 0x75, 0xE1
	.byte 0x50, 0x69, 0x93, 0x21, 0x49, 0x00, 0x40, 0x18, 0x00, 0x88, 0x80, 0x00, 0x15, 0x49, 0x40, 0x18
	.byte 0x02, 0x68, 0xD0, 0x79, 0x00, 0x02, 0x91, 0x79, 0x08, 0x43, 0x12, 0x1A, 0x30, 0x1C, 0x54, 0x30
	.byte 0x04, 0x78, 0xA0, 0x00, 0x00, 0x19, 0x80, 0x00, 0x17, 0x18, 0x01, 0x2C, 0x20, 0xD8, 0x0E, 0x48
	.byte 0x02, 0x68, 0x0E, 0x48, 0x12, 0x18, 0x13, 0x78, 0x99, 0x09, 0x01, 0x20, 0xA0, 0x40, 0x01, 0x43
	.byte 0x89, 0x01, 0x3F, 0x20, 0x18, 0x40, 0x08, 0x43, 0x10, 0x70, 0x83, 0x21, 0x89, 0x00, 0x72, 0x18
	.byte 0x11, 0x78, 0x21, 0x20, 0x40, 0x42, 0x08, 0x40, 0x41, 0x21, 0x49, 0x42, 0x08, 0x40, 0x7F, 0x21
	.byte 0x08, 0x40, 0x3D, 0xE0, 0x58, 0x6C, 0x3D, 0x08, 0xD0, 0x0F, 0x00, 0x03, 0x5A, 0x05, 0x00, 0x00
	.byte 0x28, 0x68, 0x00, 0x28, 0x04, 0xD0, 0x38, 0x7C, 0x42, 0x09, 0x01, 0x20, 0x02, 0x40, 0x00, 0xE0
	.byte 0x00, 0x22, 0x83, 0x20, 0x80, 0x00, 0x33, 0x18, 0x01, 0x24, 0x52, 0x01, 0x19, 0x78, 0x21, 0x20
	.byte 0x40, 0x42, 0x08, 0x40, 0x10, 0x43, 0x18, 0x70, 0x28, 0x68, 0x00, 0x28, 0x03, 0xD0, 0x38, 0x7C
	.byte 0x80, 0x09, 0x20, 0x40, 0x00, 0xE0, 0x00, 0x20, 0x83, 0x21, 0x89, 0x00, 0x73, 0x18, 0x01, 0x24
	.byte 0x20, 0x40, 0x82, 0x01, 0x19, 0x78, 0x41, 0x20, 0x40, 0x42, 0x08, 0x40, 0x10, 0x43, 0x18, 0x70
	.byte 0x28, 0x68, 0x00, 0x28, 0x03, 0xD0, 0x38, 0x7C, 0xC0, 0x09, 0x20, 0x40, 0x00, 0xE0, 0x00, 0x20
	.byte 0x83, 0x21, 0x89, 0x00, 0x72, 0x18, 0xC3, 0x01, 0x11, 0x78, 0x7F, 0x20, 0x08, 0x40, 0x18, 0x43
	.byte 0x10, 0x70, 0x28, 0x68, 0x00, 0x28, 0x03, 0xD0, 0x78, 0x7C, 0x01, 0x23, 0x03, 0x40, 0x00, 0xE0
	.byte 0x00, 0x23, 0x08, 0x48, 0x32, 0x18, 0x01, 0x24, 0x11, 0x78, 0x02, 0x20, 0x40, 0x42, 0x08, 0x40
	.byte 0x03, 0x43, 0x13, 0x70, 0x28, 0x68, 0x00, 0x28, 0x06, 0xD0, 0x78, 0x7C, 0x42, 0x08, 0x22, 0x40
	.byte 0x03, 0xE0, 0x00, 0x00, 0x0D, 0x02, 0x00, 0x00, 0x00, 0x22, 0x05, 0x49, 0x73, 0x18, 0x01, 0x20
	.byte 0x02, 0x40, 0x52, 0x00, 0x19, 0x78, 0x03, 0x20, 0x40, 0x42, 0x08, 0x40, 0x10, 0x43, 0xDC, 0xE0
	.byte 0x0D, 0x02, 0x00, 0x00, 0x34, 0x1C, 0x54, 0x34, 0x20, 0x78, 0x01, 0x28, 0x0E, 0xD8, 0x19, 0x48
	.byte 0x02, 0x68, 0x19, 0x48, 0x12, 0x18, 0x13, 0x78, 0x99, 0x09, 0x01, 0x20, 0x24, 0x78, 0xA0, 0x40
	.byte 0x01, 0x43, 0x89, 0x01, 0x3F, 0x20, 0x18, 0x40, 0x08, 0x43, 0x10, 0x70, 0x29, 0x68, 0x83, 0x20
	.byte 0x80, 0x00, 0x33, 0x18, 0x01, 0x24, 0x21, 0x40, 0x89, 0x01, 0x1A, 0x78, 0x41, 0x20, 0x40, 0x42
	.byte 0x10, 0x40, 0x08, 0x43, 0x18, 0x70, 0x29, 0x68, 0xC9, 0x01, 0x7F, 0x22, 0x10, 0x40, 0x08, 0x43
	.byte 0x18, 0x70, 0x29, 0x68, 0x09, 0x48, 0x33, 0x18, 0x21, 0x40, 0x1A, 0x78, 0x02, 0x20, 0x40, 0x42
	.byte 0x10, 0x40, 0x08, 0x43, 0x18, 0x70, 0x29, 0x68, 0x21, 0x40, 0x49, 0x00, 0x03, 0x22, 0x52, 0x42
	.byte 0xA1, 0xE0, 0x00, 0x00, 0xD0, 0x0F, 0x00, 0x03, 0x5A, 0x05, 0x00, 0x00, 0x0D, 0x02, 0x00, 0x00
	.byte 0x29, 0x68, 0x04, 0x48, 0x33, 0x18, 0x01, 0x20, 0x01, 0x40, 0x1A, 0x78, 0x02, 0x20, 0x40, 0x42
	.byte 0x91, 0xE0, 0x00, 0x00, 0x0F, 0x02, 0x00, 0x00, 0x29, 0x68, 0x04, 0x48, 0x33, 0x18, 0x01, 0x20
	.byte 0x01, 0x40, 0x89, 0x01, 0x1A, 0x78, 0x41, 0x20, 0x40, 0x42, 0x84, 0xE0, 0x0D, 0x02, 0x00, 0x00
	.byte 0x29, 0x68, 0x04, 0x48, 0x33, 0x18, 0x01, 0x20, 0x01, 0x40, 0x49, 0x01, 0x1A, 0x78, 0x21, 0x20
	.byte 0x40, 0x42, 0x78, 0xE0, 0x0D, 0x02, 0x00, 0x00, 0x29, 0x68, 0x04, 0x48, 0x33, 0x18, 0x01, 0x20
	.byte 0x01, 0x40, 0x89, 0x00, 0x1A, 0x78, 0x05, 0x20, 0x40, 0x42, 0x6C, 0xE0, 0x0F, 0x02, 0x00, 0x00
	.byte 0x29, 0x68, 0x04, 0x48, 0x33, 0x18, 0x01, 0x20, 0x01, 0x40, 0x89, 0x00, 0x1A, 0x78, 0x05, 0x20
	.byte 0x40, 0x42, 0x60, 0xE0, 0x0E, 0x02, 0x00, 0x00, 0x29, 0x68, 0x30, 0x1C, 0x5A, 0xF7, 0x5C, 0xFB
	.byte 0x5C, 0xE0, 0xA5, 0x21, 0x89, 0x00, 0x70, 0x18, 0x03, 0x68, 0x29, 0x68, 0x03, 0x20, 0x01, 0x40
	.byte 0x89, 0x00, 0x5A, 0x7C, 0x0D, 0x20, 0x40, 0x42, 0x10, 0x40, 0x08, 0x43, 0x58, 0x74, 0x4D, 0xE0
	.byte 0x29, 0x68, 0x84, 0x20, 0x80, 0x00, 0x33, 0x18, 0x01, 0x20, 0x01, 0x40, 0x1A, 0x78, 0x02, 0x20
	.byte 0x40, 0x42, 0x40, 0xE0, 0x29, 0x68, 0x84, 0x20, 0x80, 0x00, 0x33, 0x18, 0x01, 0x20, 0x01, 0x40
	.byte 0x09, 0x01, 0x1A, 0x78, 0x11, 0x20, 0x40, 0x42, 0x35, 0xE0, 0x29, 0x68, 0x83, 0x20, 0x80, 0x00
	.byte 0x33, 0x18, 0x01, 0x20, 0x01, 0x40, 0x09, 0x01, 0x1A, 0x78, 0x11, 0x20, 0x40, 0x42, 0x2A, 0xE0
	.byte 0x29, 0x68, 0x84, 0x20, 0x80, 0x00, 0x33, 0x18, 0x01, 0x20, 0x01, 0x40, 0xC9, 0x00, 0x1A, 0x78
	.byte 0x09, 0x20, 0x40, 0x42, 0x1F, 0xE0, 0x29, 0x68, 0x03, 0x48, 0x33, 0x18, 0x01, 0x20, 0x01, 0x40
	.byte 0x1A, 0x78, 0x02, 0x20, 0x40, 0x42, 0x16, 0xE0, 0x11, 0x02, 0x00, 0x00, 0x28, 0x68, 0x00, 0x28
	.byte 0x08, 0xD0, 0x03, 0x49, 0x73, 0x18, 0x1A, 0x78, 0x11, 0x09, 0x01, 0x20, 0x01, 0x43, 0x08, 0xE0
	.byte 0x3D, 0x03, 0x00, 0x00, 0x07, 0x48, 0x33, 0x18, 0x1A, 0x78, 0x11, 0x09, 0x02, 0x20, 0x40, 0x42
	.byte 0x01, 0x40, 0x09, 0x01, 0x0F, 0x20, 0x10, 0x40, 0x08, 0x43, 0x18, 0x70
_080ED170:
	movs r0, #0x01
	pop {r4, r5, r6, r7}
	pop {r1}
	bx r1
	.byte 0x3D, 0x03, 0x00, 0x00
	thumb_func_start sub_80ED17C
sub_80ED17C:
	push {r4, r5, r6, r7, lr}
	adds r2, r0, #0x0
	adds r6, r1, #0x0
	adds r5, r3, #0x0
	ldr r4, [r5, #0x08]
	ldm r5!, {r0}
	cmp r0, #0x04
	bls _080ED18E
	b _080ED2FA
_080ED18E:
	lsls r0, r0, #0x02
	ldr r1, _080ED198 @ =0x080ED19C
	adds r0, r0, r1
	ldr r0, [r0, #0x00]
	mov pc, r0
_080ED198: .4byte 0x080ED19C
	.byte 0xB0, 0xD1, 0x0E, 0x08, 0xC2, 0xD1, 0x0E, 0x08, 0x02, 0xD2, 0x0E, 0x08, 0xD8, 0xD2, 0x0E, 0x08
	.byte 0xF2, 0xD2, 0x0E, 0x08, 0x51, 0x69, 0xA0, 0x00, 0x40, 0x18, 0x81, 0x6A, 0x2A, 0x68, 0x30, 0x1C
	.byte 0x5A, 0xF7, 0x88, 0xF8, 0x9B, 0xE0, 0x01, 0xCD, 0x00, 0x28, 0x0D, 0xD0, 0x29, 0x68, 0x40, 0x20
	.byte 0x08, 0x40, 0x00, 0x28, 0x02, 0xD0, 0x0F, 0x20, 0x01, 0x40, 0x01, 0xE0, 0x09, 0x07, 0x09, 0x16
	.byte 0x30, 0x1C, 0x5A, 0xF7, 0x95, 0xFB, 0x8A, 0xE0, 0x29, 0x68, 0x40, 0x20, 0x08, 0x40, 0x00, 0x28
	.byte 0x03, 0xD0, 0x0F, 0x20, 0x01, 0x40, 0x09, 0x01, 0x01, 0xE0, 0x09, 0x06, 0x09, 0x14, 0x30, 0x1C
	.byte 0x5A, 0xF7, 0xA6, 0xFB, 0x7B, 0xE0, 0x37, 0x1C, 0x54, 0x37, 0x38, 0x78, 0x01, 0x28, 0x0E, 0xD8
	.byte 0x2F, 0x48, 0x02, 0x68, 0x2F, 0x48, 0x12, 0x18, 0x13, 0x78, 0x99, 0x09, 0x01, 0x20, 0x3F, 0x78
	.byte 0xB8, 0x40, 0x01, 0x43, 0x89, 0x01, 0x3F, 0x20, 0x18, 0x40, 0x08, 0x43, 0x10, 0x70, 0x20, 0x11
	.byte 0x01, 0x27, 0x38, 0x40, 0x00, 0x28, 0x0C, 0xD0, 0x29, 0x68, 0x83, 0x20, 0x80, 0x00, 0x33, 0x18
	.byte 0x01, 0x20, 0x01, 0x40, 0x49, 0x01, 0x1A, 0x78, 0x21, 0x20, 0x40, 0x42, 0x10, 0x40, 0x08, 0x43
	.byte 0x18, 0x70, 0xE0, 0x10, 0x38, 0x40, 0x00, 0x28, 0x0C, 0xD0, 0x29, 0x68, 0x83, 0x20, 0x80, 0x00
	.byte 0x33, 0x18, 0x01, 0x20, 0x01, 0x40, 0x89, 0x01, 0x1A, 0x78, 0x41, 0x20, 0x40, 0x42, 0x10, 0x40
	.byte 0x08, 0x43, 0x18, 0x70, 0xA0, 0x10, 0x38, 0x40, 0x00, 0x28, 0x09, 0xD0, 0x29, 0x68, 0x83, 0x20
	.byte 0x80, 0x00, 0x33, 0x18, 0xC9, 0x01, 0x1A, 0x78, 0x7F, 0x20, 0x10, 0x40, 0x08, 0x43, 0x18, 0x70
	.byte 0x60, 0x10, 0x38, 0x40, 0x00, 0x28, 0x0A, 0xD0, 0x29, 0x68, 0x0F, 0x48, 0x33, 0x18, 0x01, 0x20
	.byte 0x01, 0x40, 0x1A, 0x78, 0x02, 0x20, 0x40, 0x42, 0x10, 0x40, 0x08, 0x43, 0x18, 0x70, 0x3C, 0x40
	.byte 0x00, 0x2C, 0x24, 0xD0, 0x29, 0x68, 0x08, 0x48, 0x33, 0x18, 0x01, 0x20, 0x01, 0x40, 0x49, 0x00
	.byte 0x1A, 0x78, 0x03, 0x20, 0x40, 0x42, 0x10, 0x40, 0x08, 0x43, 0x18, 0x70, 0x17, 0xE0, 0x00, 0x00
	.byte 0xD0, 0x0F, 0x00, 0x03, 0x5A, 0x05, 0x00, 0x00, 0x0D, 0x02, 0x00, 0x00, 0x83, 0x21, 0x89, 0x00
	.byte 0x73, 0x18, 0x07, 0x20, 0x04, 0x40, 0x62, 0x00, 0x19, 0x78, 0x0F, 0x20, 0x40, 0x42, 0x08, 0x40
	.byte 0x10, 0x43, 0x18, 0x70, 0x03, 0xE0, 0x9C, 0x21, 0x89, 0x00, 0x70, 0x18, 0x04, 0x80
_080ED2FA:
	movs r0, #0x01
	pop {r4, r5, r6, r7}
	pop {r1}
	bx r1
	.byte 0x00, 0x00
	thumb_func_start sub_80ED304
sub_80ED304:
	push {r4, r5, r6, r7, lr}
	adds r3, r0, #0x0
	adds r5, r2, #0x0
	ldm r5!, {r0}
	ldr r1, [r3, #0x14]
	lsls r0, r0, #0x02
	adds r0, r0, r1
	ldr r6, [r0, #0x28]
	ldm r5!, {r0}
	cmp r0, #0x04
	bls _080ED31C
	b _080ED4E0
_080ED31C:
	lsls r0, r0, #0x02
	ldr r1, _080ED328 @ =0x080ED32C
	adds r0, r0, r1
	ldr r0, [r0, #0x00]
	mov pc, r0
	.byte 0x00, 0x00
_080ED328: .4byte 0x080ED32C
	.byte 0x40, 0xD3, 0x0E, 0x08, 0x4A, 0xD3, 0x0E, 0x08, 0x64, 0xD3, 0x0E, 0x08, 0x7A, 0xD3, 0x0E, 0x08
	.byte 0xB0, 0xD4, 0x0E, 0x08, 0x29, 0x68, 0x30, 0x1C, 0x5A, 0xF7, 0x6A, 0xF9, 0xCA, 0xE0, 0x29, 0x68
	.byte 0x04, 0x48, 0x33, 0x18, 0x01, 0x20, 0x01, 0x40, 0x89, 0x00, 0x1A, 0x78, 0x05, 0x20, 0x40, 0x42
	.byte 0xBD, 0xE0, 0x00, 0x00, 0x0E, 0x02, 0x00, 0x00, 0x29, 0x68, 0x83, 0x20, 0x80, 0x00, 0x33, 0x18
	.byte 0x01, 0x20, 0x01, 0x40, 0x09, 0x01, 0x1A, 0x78, 0x11, 0x20, 0x40, 0x42, 0xAF, 0xE0, 0x58, 0x69
	.byte 0x93, 0x21, 0x49, 0x00, 0x40, 0x18, 0x00, 0x88, 0x80, 0x00, 0x16, 0x49, 0x40, 0x18, 0x02, 0x68
	.byte 0xD0, 0x79, 0x00, 0x02, 0x91, 0x79, 0x08, 0x43, 0x12, 0x1A, 0x30, 0x1C, 0x54, 0x30, 0x04, 0x78
	.byte 0xA0, 0x00, 0x00, 0x19, 0x80, 0x00, 0x17, 0x18, 0x01, 0x2C, 0x21, 0xD8, 0x0E, 0x48, 0x02, 0x68
	.byte 0x0E, 0x48, 0x12, 0x18, 0x13, 0x78, 0x99, 0x09, 0x01, 0x20, 0xA0, 0x40, 0x01, 0x43, 0x89, 0x01
	.byte 0x3F, 0x20, 0x18, 0x40, 0x08, 0x43, 0x10, 0x70, 0x83, 0x21, 0x89, 0x00, 0x72, 0x18, 0x11, 0x78
	.byte 0x21, 0x20, 0x40, 0x42, 0x08, 0x40, 0x41, 0x21, 0x49, 0x42, 0x08, 0x40, 0x7F, 0x21, 0x08, 0x40
	.byte 0x3E, 0xE0, 0x00, 0x00, 0x58, 0x6C, 0x3D, 0x08, 0xD0, 0x0F, 0x00, 0x03, 0x5A, 0x05, 0x00, 0x00
	.byte 0x28, 0x68, 0x00, 0x28, 0x04, 0xD0, 0x38, 0x7C, 0x42, 0x09, 0x01, 0x20, 0x02, 0x40, 0x00, 0xE0
	.byte 0x00, 0x22, 0x83, 0x20, 0x80, 0x00, 0x33, 0x18, 0x01, 0x24, 0x52, 0x01, 0x19, 0x78, 0x21, 0x20
	.byte 0x40, 0x42, 0x08, 0x40, 0x10, 0x43, 0x18, 0x70, 0x28, 0x68, 0x00, 0x28, 0x03, 0xD0, 0x38, 0x7C
	.byte 0x80, 0x09, 0x20, 0x40, 0x00, 0xE0, 0x00, 0x20, 0x83, 0x21, 0x89, 0x00, 0x73, 0x18, 0x01, 0x24
	.byte 0x20, 0x40, 0x82, 0x01, 0x19, 0x78, 0x41, 0x20, 0x40, 0x42, 0x08, 0x40, 0x10, 0x43, 0x18, 0x70
	.byte 0x28, 0x68, 0x00, 0x28, 0x03, 0xD0, 0x38, 0x7C, 0xC0, 0x09, 0x20, 0x40, 0x00, 0xE0, 0x00, 0x20
	.byte 0x83, 0x21, 0x89, 0x00, 0x72, 0x18, 0xC3, 0x01, 0x11, 0x78, 0x7F, 0x20, 0x08, 0x40, 0x18, 0x43
	.byte 0x10, 0x70, 0x28, 0x68, 0x00, 0x28, 0x03, 0xD0, 0x78, 0x7C, 0x01, 0x23, 0x03, 0x40, 0x00, 0xE0
	.byte 0x00, 0x23, 0x08, 0x48, 0x32, 0x18, 0x01, 0x24, 0x11, 0x78, 0x02, 0x20, 0x40, 0x42, 0x08, 0x40
	.byte 0x03, 0x43, 0x13, 0x70, 0x28, 0x68, 0x00, 0x28, 0x06, 0xD0, 0x78, 0x7C, 0x42, 0x08, 0x22, 0x40
	.byte 0x03, 0xE0, 0x00, 0x00, 0x0D, 0x02, 0x00, 0x00, 0x00, 0x22, 0x05, 0x49, 0x73, 0x18, 0x01, 0x20
	.byte 0x02, 0x40, 0x52, 0x00, 0x19, 0x78, 0x03, 0x20, 0x40, 0x42, 0x08, 0x40, 0x10, 0x43, 0x18, 0xE0
	.byte 0x0D, 0x02, 0x00, 0x00, 0x28, 0x68, 0x00, 0x28, 0x08, 0xD0, 0x03, 0x48, 0x33, 0x18, 0x1A, 0x78
	.byte 0x11, 0x09, 0x01, 0x20, 0x01, 0x43, 0x08, 0xE0, 0x3D, 0x03, 0x00, 0x00, 0x07, 0x49, 0x73, 0x18
	.byte 0x1A, 0x78, 0x11, 0x09, 0x02, 0x20, 0x40, 0x42, 0x01, 0x40, 0x09, 0x01, 0x0F, 0x20, 0x10, 0x40
	.byte 0x08, 0x43, 0x18, 0x70
_080ED4E0:
	movs r0, #0x01
	pop {r4, r5, r6, r7}
	pop {r1}
	bx r1
	.byte 0x3D, 0x03, 0x00, 0x00
	thumb_func_start sub_80ED4EC
sub_80ED4EC:
	push {r4, r5, r6, r7, lr}
	adds r3, r0, #0x0
	adds r5, r2, #0x0
	ldm r5!, {r0}
	cmp r0, #0x04
	bls _080ED4FA
	b _080ED694
_080ED4FA:
	lsls r0, r0, #0x02
	ldr r1, _080ED504 @ =0x080ED508
	adds r0, r0, r1
	ldr r0, [r0, #0x00]
	mov pc, r0
_080ED504: .4byte 0x080ED508
	.byte 0x1C, 0xD5, 0x0E, 0x08, 0x5E, 0xD5, 0x0E, 0x08, 0x86, 0xD5, 0x0E, 0x08, 0xAC, 0xD5, 0x0E, 0x08
	.byte 0xC2, 0xD5, 0x0E, 0x08, 0x2A, 0x68, 0x40, 0x20, 0x10, 0x40, 0x00, 0x28, 0x08, 0xD0, 0x5A, 0x69
	.byte 0x82, 0x21, 0x89, 0x00, 0x50, 0x18, 0x01, 0x78, 0x04, 0x20, 0x08, 0x40, 0x80, 0x18, 0x02, 0xE0
	.byte 0x59, 0x69, 0x90, 0x00, 0x40, 0x18, 0x84, 0x6A, 0x69, 0x68, 0x40, 0x20, 0x08, 0x40, 0x00, 0x28
	.byte 0x03, 0xD0, 0x0F, 0x20, 0x01, 0x40, 0x09, 0x01, 0x01, 0xE0, 0x09, 0x06, 0x09, 0x14, 0x20, 0x1C
	.byte 0x5A, 0xF7, 0xF8, 0xF9, 0x9A, 0xE0, 0x01, 0xCD, 0x59, 0x69, 0x80, 0x00, 0x40, 0x18, 0x84, 0x6A
	.byte 0xA5, 0x22, 0x92, 0x00, 0xA0, 0x18, 0x03, 0x68, 0x29, 0x68, 0x03, 0x20, 0x01, 0x40, 0x89, 0x00
	.byte 0x5A, 0x7C, 0x0D, 0x20, 0x40, 0x42, 0x10, 0x40, 0x08, 0x43, 0x58, 0x74, 0x86, 0xE0, 0x01, 0xCD
	.byte 0x59, 0x69, 0x80, 0x00, 0x40, 0x18, 0x84, 0x6A, 0x29, 0x68, 0x83, 0x20, 0x80, 0x00, 0x23, 0x18
	.byte 0x07, 0x20, 0x01, 0x40, 0x49, 0x00, 0x1A, 0x78, 0x0F, 0x20, 0x40, 0x42, 0x10, 0x40, 0x08, 0x43
	.byte 0x18, 0x70, 0x73, 0xE0, 0x01, 0xCD, 0x59, 0x69, 0x80, 0x00, 0x40, 0x18, 0x84, 0x6A, 0x29, 0x68
	.byte 0x9C, 0x22, 0x92, 0x00, 0xA0, 0x18, 0x01, 0x80, 0x68, 0xE0, 0x01, 0xCD, 0x59, 0x69, 0x80, 0x00
	.byte 0x40, 0x18, 0x84, 0x6A, 0x28, 0x68, 0xC6, 0x13, 0x01, 0x20, 0x84, 0x46, 0x06, 0x40, 0x27, 0x1C
	.byte 0x54, 0x37, 0x38, 0x78, 0x01, 0x28, 0x0E, 0xD8, 0x2E, 0x48, 0x02, 0x68, 0x2E, 0x49, 0x52, 0x18
	.byte 0x13, 0x78, 0x99, 0x09, 0x60, 0x46, 0x3F, 0x78, 0xB8, 0x40, 0x01, 0x43, 0x89, 0x01, 0x3F, 0x20
	.byte 0x18, 0x40, 0x08, 0x43, 0x10, 0x70, 0x28, 0x68, 0x00, 0x11, 0x62, 0x46, 0x10, 0x40, 0x00, 0x28
	.byte 0x09, 0xD0, 0x83, 0x20, 0x80, 0x00, 0x22, 0x18, 0x73, 0x01, 0x11, 0x78, 0x21, 0x20, 0x40, 0x42
	.byte 0x08, 0x40, 0x18, 0x43, 0x10, 0x70, 0x28, 0x68, 0xC0, 0x10, 0x61, 0x46, 0x08, 0x40, 0x00, 0x28
	.byte 0x09, 0xD0, 0x83, 0x20, 0x80, 0x00, 0x22, 0x18, 0xB3, 0x01, 0x11, 0x78, 0x41, 0x20, 0x40, 0x42
	.byte 0x08, 0x40, 0x18, 0x43, 0x10, 0x70, 0x28, 0x68, 0x80, 0x10, 0x61, 0x46, 0x08, 0x40, 0x00, 0x28
	.byte 0x08, 0xD0, 0x83, 0x20, 0x80, 0x00, 0x22, 0x18, 0xF3, 0x01, 0x11, 0x78, 0x7F, 0x20, 0x08, 0x40
	.byte 0x18, 0x43, 0x10, 0x70, 0x28, 0x68, 0x40, 0x10, 0x61, 0x46, 0x08, 0x40, 0x00, 0x28, 0x07, 0xD0
	.byte 0x0E, 0x48, 0x22, 0x18, 0x11, 0x78, 0x02, 0x20, 0x40, 0x42, 0x08, 0x40, 0x30, 0x43, 0x10, 0x70
	.byte 0x28, 0x68, 0x61, 0x46, 0x08, 0x40, 0x00, 0x28, 0x08, 0xD0, 0x08, 0x48, 0x22, 0x18, 0x73, 0x00
	.byte 0x11, 0x78, 0x03, 0x20, 0x40, 0x42, 0x08, 0x40, 0x18, 0x43, 0x10, 0x70
_080ED694:
	movs r0, #0x01
	pop {r4, r5, r6, r7}
	pop {r1}
	bx r1
	.byte 0xD0, 0x0F, 0x00, 0x03, 0x5A, 0x05, 0x00, 0x00, 0x0D, 0x02, 0x00, 0x00
	thumb_func_start sub_80ED6A8
sub_80ED6A8:
	push {r4, r5, lr}
	adds r4, r0, #0x0
	adds r5, r2, #0x0
	ldr r3, [r5, #0x00]
	cmp r3, #0xFF
	beq _080ED6D4
	ldr r1, [r4, #0x14]
	adds r1, #0xFA
	movs r0, #0x1F
	ands r3, r0
	lsls r3, r3, #0x05
	ldrh r2, [r1, #0x00]
	ldr r0, _080ED6D0 @ =0xFFFFFC1F
	ands r0, r2
	orrs r0, r3
	strh r0, [r1, #0x00]
	ldr r0, [r4, #0x14]
	bl sub_8028EE8
	b _080ED708
_080ED6D0: .4byte 0xFFFFFC1F
_080ED6D4:
	ldr r2, [r4, #0x14]
	movs r1, #0x82
	lsls r1, r1, #0x02
	adds r0, r2, r1
	ldrb r1, [r0, #0x00]
	lsls r1, r1, #0x1D
	adds r2, #0xFA
	lsrs r1, r1, #0x1F
	lsls r1, r1, #0x05
	ldrh r3, [r2, #0x00]
	ldr r0, _080ED748 @ =0xFFFFFC1F
	ands r0, r3
	orrs r0, r1
	strh r0, [r2, #0x00]
	ldr r2, [r4, #0x14]
	ldr r1, [r5, #0x04]
	adds r2, #0xF8
	movs r0, #0x01
	ands r1, r0
	lsls r1, r1, #0x06
	ldrb r3, [r2, #0x00]
	movs r0, #0x41
	negs r0, r0
	ands r0, r3
	orrs r0, r1
	strb r0, [r2, #0x00]
_080ED708:
	ldr r2, [r4, #0x14]
	adds r0, r2, #0x0
	adds r0, #0xF8
	ldrb r1, [r0, #0x00]
	movs r0, #0x40
	ands r0, r1
	cmp r0, #0x00
	beq _080ED72A
	adds r0, r2, #0x0
	adds r0, #0xFA
	ldrh r1, [r0, #0x00]
	lsls r1, r1, #0x16
	lsrs r1, r1, #0x1B
	adds r0, r2, #0x0
	movs r2, #0x00
	bl sub_80284B0
_080ED72A:
	ldr r0, _080ED74C @ =0x03000FD0
	ldr r1, [r0, #0x00]
	movs r0, #0xA6
	lsls r0, r0, #0x03
	adds r1, r1, r0
	ldr r0, [r4, #0x14]
	adds r0, #0xFA
	ldrh r0, [r0, #0x00]
	lsls r0, r0, #0x16
	lsrs r0, r0, #0x1B
	str r0, [r1, #0x00]
	movs r0, #0x01
	pop {r4, r5}
	pop {r1}
	bx r1
_080ED748: .4byte 0xFFFFFC1F
_080ED74C: .4byte 0x03000FD0
	thumb_func_start sub_80ED750
sub_80ED750:
	push {r4, r5, r6, lr}
	add sp, #-0x004
	adds r6, r2, #0x0
	ldr r1, [r6, #0x00]
	ldr r0, [r0, #0x14]
	lsls r1, r1, #0x02
	adds r1, r1, r0
	ldr r4, [r1, #0x28]
	adds r0, r4, #0x0
	movs r1, #0x00
	bl sub_8047364
	movs r0, #0xA5
	lsls r0, r0, #0x02
	adds r5, r4, r0
	ldr r0, [r5, #0x00]
	adds r1, r0, #0x0
	adds r1, #0x21
	ldrb r1, [r1, #0x00]
	ldr r2, [r6, #0x04]
	movs r3, #0x00
	str r3, [sp, #0x000]
	bl sub_801E150
	movs r0, #0x85
	lsls r0, r0, #0x02
	adds r2, r4, r0
	ldrb r1, [r2, #0x00]
	movs r0, #0x7F
	ands r0, r1
	strb r0, [r2, #0x00]
	ldr r0, _080ED7D0 @ =0x00000215
	adds r4, r4, r0
	ldrb r1, [r4, #0x00]
	movs r0, #0x03
	negs r0, r0
	ands r0, r1
	strb r0, [r4, #0x00]
	ldr r2, [r5, #0x00]
	ldrb r1, [r2, #0x12]
	movs r0, #0x07
	negs r0, r0
	ands r0, r1
	strb r0, [r2, #0x12]
	ldr r3, [r5, #0x00]
	ldrb r2, [r3, #0x11]
	lsls r1, r2, #0x19
	lsrs r1, r1, #0x1F
	ldr r0, [r6, #0x08]
	eors r1, r0
	movs r0, #0x01
	ands r1, r0
	lsls r1, r1, #0x06
	movs r0, #0x41
	negs r0, r0
	ands r0, r2
	orrs r0, r1
	strb r0, [r3, #0x11]
	movs r0, #0x01
	add sp, #0x004
	pop {r4, r5, r6}
	pop {r1}
	bx r1
	.byte 0x00, 0x00
_080ED7D0: .4byte 0x00000215
	thumb_func_start sub_80ED7D4
sub_80ED7D4:
	push {r4, r5, r6, r7, lr}
	add sp, #-0x004
	adds r7, r0, #0x0
	adds r4, r1, #0x0
	adds r6, r2, #0x0
	adds r5, r3, #0x0
	adds r0, r4, #0x0
	movs r1, #0x01
	bl sub_8047364
	ldr r1, [r5, #0x0C]
	adds r0, r4, #0x0
	bl sub_8047258
	ldr r0, [r5, #0x0C]
	cmp r0, #0x00
	beq _080ED812
	movs r1, #0x86
	lsls r1, r1, #0x02
	adds r0, r4, r1
	ldrh r1, [r0, #0x00]
	movs r2, #0x87
	lsls r2, r2, #0x02
	adds r0, r4, r2
	strh r1, [r0, #0x00]
	ldr r3, _080ED868 @ =0x00000215
	adds r2, r4, r3
	ldrb r0, [r2, #0x00]
	movs r1, #0x01
	orrs r0, r1
	strb r0, [r2, #0x00]
_080ED812:
	movs r1, #0xCE
	lsls r1, r1, #0x02
	adds r0, r4, r1
	ldr r2, [r0, #0x00]
	adds r2, #0x90
	movs r3, #0x00
	ldsh r0, [r2, r3]
	adds r0, r4, r0
	ldrb r1, [r5, #0x00]
	ldr r2, [r2, #0x04]
	bl _call_via_r2
	ldr r1, [r5, #0x04]
	adds r0, r4, #0x0
	movs r2, #0x00
	bl sub_8047154
	adds r2, r6, #0x0
	adds r2, #0xA0
	ldrh r1, [r2, #0x00]
	movs r3, #0x80
	lsls r3, r3, #0x02
	adds r0, r3, #0x0
	orrs r0, r1
	strh r0, [r2, #0x00]
	adds r0, r7, #0x0
	adds r0, #0x1C
	movs r2, #0xA5
	lsls r2, r2, #0x02
	adds r1, r4, r2
	ldr r2, [r1, #0x00]
	ldrb r3, [r5, #0x0C]
	ldrb r1, [r5, #0x08]
	str r1, [sp, #0x000]
	adds r1, r6, #0x0
	bl sub_80EA60C
	lsls r0, r0, #0x18
	lsrs r0, r0, #0x18
	add sp, #0x004
	pop {r4, r5, r6, r7}
	pop {r1}
	bx r1
_080ED868: .4byte 0x00000215
	thumb_func_start sub_80ED86C
sub_80ED86C:
	push {r4, r5, r6, lr}
	add sp, #-0x004
	adds r6, r0, #0x0
	adds r5, r2, #0x0
	ldr r0, [r5, #0x00]
	ldr r1, [r6, #0x14]
	lsls r0, r0, #0x02
	adds r0, r0, r1
	ldr r4, [r0, #0x28]
	adds r0, r4, #0x0
	movs r1, #0x01
	bl sub_8047364
	adds r0, r4, #0x0
	movs r1, #0x00
	bl sub_8047258
	ldr r0, [r5, #0x10]
	cmp r0, #0x00
	beq _080ED8B0
	movs r1, #0x86
	lsls r1, r1, #0x02
	adds r0, r4, r1
	ldrh r1, [r0, #0x00]
	movs r2, #0x87
	lsls r2, r2, #0x02
	adds r0, r4, r2
	strh r1, [r0, #0x00]
	ldr r3, _080ED908 @ =0x00000215
	adds r2, r4, r3
	ldrb r0, [r2, #0x00]
	movs r1, #0x01
	orrs r0, r1
	strb r0, [r2, #0x00]
_080ED8B0:
	movs r1, #0xCE
	lsls r1, r1, #0x02
	adds r0, r4, r1
	ldr r2, [r0, #0x00]
	adds r2, #0x90
	movs r3, #0x00
	ldsh r0, [r2, r3]
	adds r0, r4, r0
	ldrb r1, [r5, #0x04]
	ldr r2, [r2, #0x04]
	bl _call_via_r2
	ldr r1, [r5, #0x08]
	adds r0, r4, #0x0
	movs r2, #0x00
	bl sub_8047154
	adds r2, r4, #0x0
	adds r2, #0xF8
	ldrh r1, [r2, #0x00]
	movs r3, #0x80
	lsls r3, r3, #0x02
	adds r0, r3, #0x0
	orrs r0, r1
	strh r0, [r2, #0x00]
	adds r0, r6, #0x0
	adds r0, #0x1C
	adds r1, r4, #0x0
	adds r1, #0x58
	adds r3, #0x94
	adds r2, r4, r3
	ldr r2, [r2, #0x00]
	ldrb r3, [r5, #0x10]
	ldrb r4, [r5, #0x0C]
	str r4, [sp, #0x000]
	bl sub_80EA60C
	lsls r0, r0, #0x18
	lsrs r0, r0, #0x18
	add sp, #0x004
	pop {r4, r5, r6}
	pop {r1}
	bx r1
	.byte 0x00, 0x00
_080ED908: .4byte 0x00000215
	thumb_func_start sub_80ED90C
sub_80ED90C:
	push {r4, r5, r6, lr}
	add sp, #-0x008
	adds r5, r2, #0x0
	ldr r2, _080ED998 @ =0x03000FF8
	ldm r5!, {r1}
	lsls r1, r1, #0x03
	ldr r4, [r2, #0x00]
	adds r4, r4, r1
	ldr r0, [r0, #0x14]
	movs r1, #0x93
	lsls r1, r1, #0x01
	adds r0, r0, r1
	ldrh r0, [r0, #0x00]
	lsls r0, r0, #0x02
	ldr r1, _080ED99C @ =0x083D6C58
	adds r0, r0, r1
	ldr r2, [r0, #0x00]
	ldrb r0, [r2, #0x03]
	lsls r0, r0, #0x08
	ldrb r1, [r2, #0x02]
	orrs r0, r1
	subs r2, r2, r0
	ldm r5!, {r0}
	lsls r0, r0, #0x01
	adds r0, r0, r2
	ldrh r0, [r0, #0x00]
	strh r0, [r4, #0x00]
	ldm r5!, {r1}
	add r0, sp, #0x004
	strb r1, [r0, #0x00]
	ldrh r2, [r4, #0x00]
	lsrs r0, r2, #0x0C
	subs r0, #0x01
	ldr r1, _080ED9A0 @ =0x00000FFF
	ands r1, r2
	add r2, sp, #0x004
	ldrb r2, [r2, #0x00]
	mov r6, sp
	adds r6, #0x05
	str r6, [sp, #0x000]
	add r3, sp, #0x004
	bl sub_803FDBC
	add r0, sp, #0x004
	ldrb r0, [r0, #0x00]
	strb r0, [r4, #0x02]
	ldm r5!, {r0}
	strb r0, [r4, #0x03]
	ldm r5!, {r0}
	strb r0, [r4, #0x04]
	ldr r1, [r5, #0x00]
	ldrb r0, [r6, #0x00]
	eors r1, r0
	movs r0, #0x01
	ands r1, r0
	ldrb r2, [r4, #0x05]
	movs r0, #0x02
	negs r0, r0
	ands r0, r2
	orrs r0, r1
	movs r1, #0x03
	negs r1, r1
	ands r0, r1
	strb r0, [r4, #0x05]
	movs r0, #0x01
	add sp, #0x008
	pop {r4, r5, r6}
	pop {r1}
	bx r1
	.byte 0x00, 0x00
_080ED998: .4byte 0x03000FF8
_080ED99C: .4byte 0x083D6C58
_080ED9A0: .4byte 0x00000FFF
	thumb_func_start sub_80ED9A4
sub_80ED9A4:
	push {r4, r5, r6, r7, lr}
	mov r7, r8
	push {r7}
	adds r4, r0, #0x0
	mov r8, r1
	ldr r5, [r3, #0x04]
	ldr r6, _080ED9FC @ =0x03000FD0
	ldr r1, [r6, #0x00]
	lsls r0, r5, #0x01
	ldr r7, _080EDA00 @ =0x00000554
	adds r2, r1, r7
	adds r0, r2, r0
	ldr r1, [r3, #0x00]
	strh r1, [r0, #0x00]
	ldr r1, [r3, #0x00]
	cmp r1, #0x00
	beq _080EDA58
	ldr r0, [r4, #0x14]
	lsls r1, r1, #0x10
	lsrs r1, r1, #0x10
	bl sub_8028D6C
	cmp r5, #0x01
	bne _080EDA24
	mov r0, r8
	cmp r0, #0x00
	beq _080EDA04
	ldr r3, [r6, #0x00]
	adds r0, #0x54
	ldrb r1, [r0, #0x00]
	adds r1, #0x04
	adds r7, #0x06
	adds r3, r3, r7
	movs r0, #0x07
	ands r1, r0
	lsls r1, r1, #0x03
	ldrb r2, [r3, #0x00]
	movs r0, #0x39
	negs r0, r0
	ands r0, r2
	orrs r0, r1
	strb r0, [r3, #0x00]
	b _080EDA24
	.byte 0x00, 0x00
_080ED9FC: .4byte 0x03000FD0
_080EDA00: .4byte 0x00000554
_080EDA04:
	ldr r2, [r6, #0x00]
	movs r0, #0xA9
	lsls r0, r0, #0x03
	adds r1, r2, r0
	ldr r7, _080EDA50 @ =0x0000055A
	adds r2, r2, r7
	movs r0, #0x07
	ldrb r1, [r1, #0x00]
	ands r1, r0
	lsls r1, r1, #0x03
	ldrb r3, [r2, #0x00]
	movs r0, #0x39
	negs r0, r0
	ands r0, r3
	orrs r0, r1
	strb r0, [r2, #0x00]
_080EDA24:
	ldr r6, _080EDA54 @ =0x03000FD0
	ldr r2, [r6, #0x00]
	movs r3, #0x00
	cmp r5, #0x00
	bne _080EDA30
	movs r3, #0x01
_080EDA30:
	ldr r4, _080EDA50 @ =0x0000055A
	adds r2, r2, r4
	lsls r3, r3, #0x02
	ldrb r1, [r2, #0x00]
	movs r0, #0x05
	negs r0, r0
	ands r0, r1
	orrs r0, r3
	strb r0, [r2, #0x00]
	ldr r1, [r6, #0x00]
	adds r1, r1, r4
	ldrb r0, [r1, #0x00]
	movs r2, #0x02
	orrs r0, r2
	strb r0, [r1, #0x00]
	b _080EDA9A
_080EDA50: .4byte 0x0000055A
_080EDA54: .4byte 0x03000FD0
_080EDA58:
	ldr r0, [r4, #0x14]
	ldrh r1, [r2, #0x00]
	bl sub_8028D6C
	ldr r2, [r6, #0x00]
	ldr r1, _080EDAA8 @ =0x00000554
	adds r0, r2, r1
	ldrh r1, [r0, #0x00]
	negs r1, r1
	ldr r4, _080EDAAC @ =0x0000055A
	adds r2, r2, r4
	lsrs r1, r1, #0x1F
	lsls r1, r1, #0x01
	ldrb r3, [r2, #0x00]
	movs r0, #0x03
	negs r0, r0
	ands r0, r3
	orrs r0, r1
	strb r0, [r2, #0x00]
	ldr r2, [r6, #0x00]
	ldr r7, _080EDAA8 @ =0x00000554
	adds r0, r2, r7
	ldrh r1, [r0, #0x00]
	negs r1, r1
	adds r2, r2, r4
	lsrs r1, r1, #0x1F
	lsls r1, r1, #0x03
	ldrb r3, [r2, #0x00]
	movs r0, #0x39
	negs r0, r0
	ands r0, r3
	orrs r0, r1
	strb r0, [r2, #0x00]
_080EDA9A:
	movs r0, #0x01
	pop {r3}
	mov r8, r3
	pop {r4, r5, r6, r7}
	pop {r1}
	bx r1
	.byte 0x00, 0x00
_080EDAA8: .4byte 0x00000554
_080EDAAC: .4byte 0x0000055A
	thumb_func_start sub_80EDAB0
sub_80EDAB0:
	push {r4, r5, r6, r7, lr}
	adds r6, r0, #0x0
	adds r7, r1, #0x0
	ldm r2!, {r0}
	ldr r1, [r6, #0x14]
	lsls r0, r0, #0x02
	adds r0, r0, r1
	ldr r3, [r0, #0x28]
	adds r5, r3, #0x0
	adds r5, #0x58
	ldr r0, [r2, #0x00]
	asrs r0, r0, #0x01
	cmp r0, #0x05
	bhi _080EDBB2
	lsls r0, r0, #0x02
	ldr r1, _080EDAD8 @ =0x080EDADC
	adds r0, r0, r1
	ldr r0, [r0, #0x00]
	mov pc, r0
	.byte 0x00, 0x00
_080EDAD8: .4byte 0x080EDADC
	.byte 0xF4, 0xDA, 0x0E, 0x08, 0x0C, 0xDB, 0x0E, 0x08, 0x22, 0xDB, 0x0E, 0x08, 0x3E, 0xDB, 0x0E, 0x08
	.byte 0x52, 0xDB, 0x0E, 0x08, 0x98, 0xDB, 0x0E, 0x08, 0x00, 0x24, 0x11, 0x68, 0x01, 0x20, 0x01, 0x40
	.byte 0x02, 0x4D, 0x58, 0x19, 0x00, 0x78, 0x80, 0x07, 0x51, 0xE0, 0x00, 0x00, 0x0F, 0x02, 0x00, 0x00
	.byte 0x28, 0x1C, 0xA0, 0x30, 0x01, 0x88, 0x01, 0x23, 0x18, 0x1C, 0x08, 0x40, 0x00, 0x28, 0x37, 0xD0
	.byte 0x11, 0x68, 0x19, 0x40, 0x38, 0xE0, 0x18, 0x1C, 0x24, 0x30, 0x01, 0x78, 0x49, 0x06, 0x09, 0x0F
	.byte 0x98, 0x8C, 0xC0, 0x05, 0x80, 0x0F, 0x01, 0x43, 0x00, 0x29, 0x29, 0xD0, 0x11, 0x68, 0x01, 0x20
	.byte 0x29, 0xE0, 0x18, 0x1C, 0x25, 0x30, 0x01, 0x78, 0x78, 0x20, 0x08, 0x40, 0x00, 0x28, 0x1F, 0xD0
	.byte 0x11, 0x68, 0x01, 0x20, 0x1F, 0xE0, 0x74, 0x69, 0x80, 0x21, 0x89, 0x00, 0x60, 0x18, 0x00, 0x68
	.byte 0xCF, 0x25, 0xAD, 0x00, 0x40, 0x19, 0x00, 0x78, 0x40, 0x06, 0x40, 0x16, 0x19, 0x1C, 0x54, 0x31
	.byte 0x09, 0x78, 0x88, 0x42, 0x09, 0xD0, 0x81, 0x23, 0x9B, 0x00, 0xE0, 0x18, 0x00, 0x68, 0x40, 0x19
	.byte 0x00, 0x78, 0x40, 0x06, 0x40, 0x16, 0x88, 0x42, 0x02, 0xD1, 0x11, 0x68, 0x01, 0x20, 0x02, 0xE0
	.byte 0x11, 0x68, 0x01, 0x20, 0x41, 0x40, 0x01, 0x40, 0x0C, 0x1C, 0x0C, 0xE0, 0x00, 0x24, 0x11, 0x68
	.byte 0x01, 0x20, 0x01, 0x40, 0x83, 0x25, 0xAD, 0x00, 0x58, 0x19, 0x00, 0x78, 0xC0, 0x07, 0xC0, 0x0F
	.byte 0x81, 0x42, 0x00, 0xD1, 0x01, 0x24
_080EDBB2:
	cmp r4, #0x00
	beq _080EDBBA
	ldr r0, [r2, #0x04]
	str r0, [r7, #0x00]
_080EDBBA:
	movs r0, #0x01
	pop {r4, r5, r6, r7}
	pop {r1}
	bx r1
	.byte 0x00, 0x00
	thumb_func_start sub_80EDBC4
sub_80EDBC4:
	push {r4, r5, r6, r7, lr}
	mov r7, r10
	mov r6, r9
	mov r5, r8
	push {r5, r6, r7}
	add sp, #-0x03C
	str r0, [sp, #0x030]
	adds r5, r1, #0x0
	str r2, [sp, #0x034]
	adds r4, r3, #0x0
	ldr r0, [r4, #0x00]
	asrs r0, r0, #0x04
	movs r1, #0x01
	ands r0, r1
	cmp r0, #0x00
	beq _080EDBF0
	ldr r0, [r4, #0x08]
	lsls r0, r0, #0x04
	str r0, [r4, #0x08]
	ldr r0, [r4, #0x0C]
	lsls r0, r0, #0x04
	str r0, [r4, #0x0C]
_080EDBF0:
	ldr r0, [r4, #0x04]
	cmp r0, #0x01
	beq _080EDC34
	cmp r0, #0x01
	bgt _080EDC00
	cmp r0, #0x00
	beq _080EDC06
	b _080EDC92
_080EDC00:
	cmp r0, #0x02
	beq _080EDC62
	b _080EDC92
_080EDC06:
	ldr r0, [r4, #0x00]
	lsrs r0, r0, #0x01
	movs r1, #0x01
	eors r0, r1
	ands r0, r1
	cmp r0, #0x00
	beq _080EDC22
	ldr r3, [r5, #0x0C]
	cmp r3, #0x00
	bge _080EDC1C
	adds r3, #0xFF
_080EDC1C:
	asrs r3, r3, #0x08
	mov r8, r3
	b _080EDC26
_080EDC22:
	movs r0, #0x00
	mov r8, r0
_080EDC26:
	ldr r7, [r4, #0x08]
	ldr r6, [r4, #0x0C]
	movs r0, #0x01
	mov r10, r0
	movs r0, #0x00
	mov r9, r0
	b _080EDC90
_080EDC34:
	ldr r6, [r4, #0x08]
	mov r8, r6
	ldr r0, [r4, #0x00]
	lsrs r0, r0, #0x01
	movs r1, #0x01
	eors r0, r1
	ands r0, r1
	cmp r0, #0x00
	beq _080EDC52
	ldr r0, [r5, #0x10]
	cmp r0, #0x00
	bge _080EDC4E
	adds r0, #0xFF
_080EDC4E:
	asrs r7, r0, #0x08
	b _080EDC54
_080EDC52:
	movs r7, #0x00
_080EDC54:
	ldr r6, [r4, #0x0C]
	movs r0, #0x00
	mov r10, r0
	movs r0, #0x01
	mov r9, r0
	movs r0, #0x00
	b _080EDC90
_080EDC62:
	ldr r6, [r4, #0x08]
	mov r8, r6
	ldr r7, [r4, #0x0C]
	ldr r0, [r4, #0x00]
	lsrs r0, r0, #0x01
	movs r1, #0x01
	eors r0, r1
	ands r0, r1
	cmp r0, #0x00
	beq _080EDC86
	ldr r1, [r5, #0x14]
	ldr r0, [r5, #0x18]
	adds r1, r1, r0
	cmp r1, #0x00
	bge _080EDC82
	adds r1, #0xFF
_080EDC82:
	asrs r6, r1, #0x08
	b _080EDC88
_080EDC86:
	movs r6, #0x00
_080EDC88:
	movs r0, #0x00
	mov r10, r0
	mov r9, r0
	movs r0, #0x01
_080EDC90:
	str r0, [sp, #0x038]
_080EDC92:
	ldr r0, [r4, #0x00]
	asrs r0, r0, #0x02
	movs r1, #0x03
	ands r0, r1
	cmp r0, #0x00
	bne _080EDCC4
	ldr r1, [r4, #0x14]
	movs r0, #0x40
	ands r0, r1
	cmp r0, #0x00
	beq _080EDCB0
	movs r0, #0x0F
	ands r1, r0
	lsls r0, r1, #0x04
	b _080EDCB2
_080EDCB0:
	lsls r0, r1, #0x08
_080EDCB2:
	str r0, [r4, #0x14]
	ldr r1, [r4, #0x14]
	cmp r1, #0x00
	beq _080EDCC4
	lsls r1, r1, #0x10
	asrs r1, r1, #0x10
	adds r0, r5, #0x0
	bl sub_804794C
_080EDCC4:
	ldr r2, [r4, #0x00]
	asrs r0, r2, #0x02
	movs r1, #0x03
	ands r0, r1
	adds r0, #0x03
	mov r12, r0
	asrs r3, r2, #0x01
	movs r1, #0x01
	ands r3, r1
	str r7, [sp, #0x000]
	str r6, [sp, #0x004]
	mov r6, r10
	lsls r0, r6, #0x08
	str r0, [sp, #0x008]
	mov r6, r9
	lsls r0, r6, #0x08
	str r0, [sp, #0x00C]
	ldr r6, [sp, #0x038]
	lsls r0, r6, #0x08
	str r0, [sp, #0x010]
	movs r0, #0x80
	lsls r0, r0, #0x01
	str r0, [sp, #0x014]
	str r0, [sp, #0x018]
	str r0, [sp, #0x01C]
	ldrh r0, [r4, #0x10]
	str r0, [sp, #0x020]
	ldrh r0, [r4, #0x14]
	str r0, [sp, #0x024]
	ands r2, r1
	cmp r2, #0x00
	beq _080EDD08
	str r1, [sp, #0x028]
	b _080EDD0E
_080EDD08:
	movs r0, #0x01
	negs r0, r0
	str r0, [sp, #0x028]
_080EDD0E:
	movs r0, #0x01
	negs r0, r0
	str r0, [sp, #0x02C]
	adds r0, r5, #0x0
	mov r1, r12
	adds r2, r3, #0x0
	mov r3, r8
	bl sub_8045F04
	lsls r0, r0, #0x18
	cmp r0, #0x00
	bne _080EDD2A
	movs r0, #0x01
	b _080EDD38
_080EDD2A:
	ldr r0, [sp, #0x030]
	adds r1, r5, #0x0
	ldr r2, [sp, #0x034]
	movs r3, #0x00
	bl script_enable_flag_2
	movs r0, #0x00
_080EDD38:
	add sp, #0x03C
	pop {r3, r4, r5}
	mov r8, r3
	mov r9, r4
	mov r10, r5
	pop {r4, r5, r6, r7}
	pop {r1}
	bx r1
	thumb_func_start sub_80EDD48
sub_80EDD48:
	push {r4, r5, r6, r7, lr}
	mov r7, r10
	mov r6, r9
	mov r5, r8
	push {r5, r6, r7}
	add sp, #-0x03C
	str r0, [sp, #0x030]
	adds r5, r1, #0x0
	str r2, [sp, #0x034]
	adds r4, r3, #0x0
	ldr r0, [r4, #0x08]
	ldr r2, [sp, #0x030]
	ldr r1, [r2, #0x14]
	lsls r0, r0, #0x02
	adds r0, r0, r1
	ldr r2, [r0, #0x28]
	ldr r0, [r4, #0x04]
	cmp r0, #0x01
	beq _080EDDAA
	cmp r0, #0x01
	bgt _080EDD78
	cmp r0, #0x00
	beq _080EDD7E
	b _080EDE0A
_080EDD78:
	cmp r0, #0x02
	beq _080EDDDC
	b _080EDE0A
_080EDD7E:
	ldr r3, [r5, #0x0C]
	cmp r3, #0x00
	bge _080EDD86
	adds r3, #0xFF
_080EDD86:
	asrs r3, r3, #0x08
	mov r10, r3
	ldr r0, [r2, #0x10]
	cmp r0, #0x00
	bge _080EDD92
	adds r0, #0xFF
_080EDD92:
	asrs r7, r0, #0x08
	ldr r1, [r2, #0x14]
	ldr r0, [r2, #0x18]
	adds r1, r1, r0
	cmp r1, #0x00
	bge _080EDDA0
	adds r1, #0xFF
_080EDDA0:
	asrs r6, r1, #0x08
	movs r3, #0x01
	mov r9, r3
	movs r0, #0x00
	b _080EDDD4
_080EDDAA:
	ldr r3, [r2, #0x0C]
	cmp r3, #0x00
	bge _080EDDB2
	adds r3, #0xFF
_080EDDB2:
	asrs r3, r3, #0x08
	mov r10, r3
	ldr r0, [r5, #0x10]
	cmp r0, #0x00
	bge _080EDDBE
	adds r0, #0xFF
_080EDDBE:
	asrs r7, r0, #0x08
	ldr r1, [r2, #0x14]
	ldr r0, [r2, #0x18]
	adds r1, r1, r0
	cmp r1, #0x00
	bge _080EDDCC
	adds r1, #0xFF
_080EDDCC:
	asrs r6, r1, #0x08
	movs r3, #0x00
	mov r9, r3
	movs r0, #0x01
_080EDDD4:
	mov r8, r0
	movs r2, #0x00
	str r2, [sp, #0x038]
	b _080EDE0A
_080EDDDC:
	ldr r3, [r2, #0x0C]
	cmp r3, #0x00
	bge _080EDDE4
	adds r3, #0xFF
_080EDDE4:
	asrs r3, r3, #0x08
	mov r10, r3
	ldr r0, [r2, #0x10]
	cmp r0, #0x00
	bge _080EDDF0
	adds r0, #0xFF
_080EDDF0:
	asrs r7, r0, #0x08
	ldr r1, [r5, #0x14]
	ldr r0, [r5, #0x18]
	adds r1, r1, r0
	cmp r1, #0x00
	bge _080EDDFE
	adds r1, #0xFF
_080EDDFE:
	asrs r6, r1, #0x08
	movs r3, #0x00
	mov r9, r3
	mov r8, r3
	movs r0, #0x01
	str r0, [sp, #0x038]
_080EDE0A:
	ldr r0, [r4, #0x00]
	asrs r0, r0, #0x01
	movs r1, #0x03
	ands r0, r1
	cmp r0, #0x00
	bne _080EDE3C
	ldr r1, [r4, #0x10]
	movs r0, #0x40
	ands r0, r1
	cmp r0, #0x00
	beq _080EDE28
	movs r0, #0x0F
	ands r1, r0
	lsls r0, r1, #0x04
	b _080EDE2A
_080EDE28:
	lsls r0, r1, #0x08
_080EDE2A:
	str r0, [r4, #0x10]
	ldr r0, [r4, #0x10]
	cmp r0, #0x00
	beq _080EDE3C
	movs r2, #0x08
	ldsh r1, [r4, r2]
	adds r0, r5, #0x0
	bl sub_804794C
_080EDE3C:
	ldr r2, [r4, #0x00]
	asrs r0, r2, #0x01
	movs r1, #0x03
	ands r0, r1
	adds r1, r0, #0x3
	str r7, [sp, #0x000]
	str r6, [sp, #0x004]
	mov r3, r9
	lsls r0, r3, #0x08
	str r0, [sp, #0x008]
	mov r3, r8
	lsls r0, r3, #0x08
	str r0, [sp, #0x00C]
	ldr r3, [sp, #0x038]
	lsls r0, r3, #0x08
	str r0, [sp, #0x010]
	movs r0, #0x80
	lsls r0, r0, #0x01
	str r0, [sp, #0x014]
	str r0, [sp, #0x018]
	str r0, [sp, #0x01C]
	ldrh r0, [r4, #0x0C]
	str r0, [sp, #0x020]
	ldrh r0, [r4, #0x10]
	str r0, [sp, #0x024]
	movs r0, #0x01
	ands r2, r0
	cmp r2, #0x00
	bne _080EDE7A
	movs r0, #0x01
	negs r0, r0
_080EDE7A:
	str r0, [sp, #0x028]
	ldr r0, [r4, #0x08]
	str r0, [sp, #0x02C]
	adds r0, r5, #0x0
	movs r2, #0x00
	mov r3, r10
	bl sub_8045F04
	lsls r0, r0, #0x18
	cmp r0, #0x00
	bne _080EDE94
	movs r0, #0x01
	b _080EDEA2
_080EDE94:
	ldr r0, [sp, #0x030]
	adds r1, r5, #0x0
	ldr r2, [sp, #0x034]
	movs r3, #0x00
	bl script_enable_flag_2
	movs r0, #0x00
_080EDEA2:
	add sp, #0x03C
	pop {r3, r4, r5}
	mov r8, r3
	mov r9, r4
	mov r10, r5
	pop {r4, r5, r6, r7}
	pop {r1}
	bx r1
	.byte 0x00, 0x00
	thumb_func_start sub_80EDEB4
sub_80EDEB4:
	push {r4, r5, r6, r7, lr}
	mov r7, r8
	push {r7}
	add sp, #-0x004
	mov r8, r0
	adds r7, r1, #0x0
	adds r6, r3, #0x0
	adds r4, r2, #0x0
	adds r4, #0xA0
	ldrh r1, [r4, #0x00]
	movs r0, #0x02
	ands r0, r1
	cmp r0, #0x00
	beq _080EDEDE
	adds r0, r7, #0x0
	bl sub_8046980
	ldrh r1, [r4, #0x00]
	ldr r0, _080EDF08 @ =0x0000FFFD
	ands r0, r1
	strh r0, [r4, #0x00]
_080EDEDE:
	ldrh r1, [r4, #0x00]
	movs r0, #0x40
	ands r0, r1
	cmp r0, #0x00
	beq _080EDEF6
	adds r0, r7, #0x0
	bl sub_8046A10
	ldrh r1, [r4, #0x00]
	ldr r0, _080EDF0C @ =0x0000FFBF
	ands r0, r1
	strh r0, [r4, #0x00]
_080EDEF6:
	ldm r6!, {r0}
	cmp r0, #0x01
	beq _080EDF1E
	cmp r0, #0x01
	bgt _080EDF10
	cmp r0, #0x00
	beq _080EDF1A
	b _080EDF7A
	.byte 0x00, 0x00
_080EDF08: .4byte 0x0000FFFD
_080EDF0C: .4byte 0x0000FFBF
_080EDF10:
	cmp r0, #0x02
	beq _080EDF32
	cmp r0, #0x03
	beq _080EDF6A
	b _080EDF7A
_080EDF1A:
	ldrb r5, [r6, #0x00]
	b _080EDF7A
_080EDF1E:
	adds r0, r7, #0x0
	adds r0, #0x24
	ldrb r0, [r0, #0x00]
	lsls r0, r0, #0x1D
	lsrs r0, r0, #0x1D
	ldr r1, [r6, #0x00]
	adds r5, r0, r1
	movs r0, #0x07
	ands r5, r0
	b _080EDF7A
_080EDF32:
	ldr r1, [r6, #0x00]
	movs r0, #0x01
	negs r0, r0
	mov r2, r8
	ldr r3, [r2, #0x14]
	cmp r1, r0
	bne _080EDF4E
	movs r1, #0x82
	lsls r1, r1, #0x02
	adds r0, r3, r1
	ldrb r0, [r0, #0x00]
	lsls r0, r0, #0x1D
	lsrs r0, r0, #0x1F
	str r0, [r6, #0x00]
_080EDF4E:
	ldr r0, [r6, #0x00]
	lsls r0, r0, #0x02
	adds r0, r0, r3
	ldr r4, [r0, #0x28]
	mov r0, r8
	adds r0, #0x1C
	ldr r1, [r7, #0x0C]
	ldr r2, [r7, #0x10]
	ldr r3, [r4, #0x0C]
	ldr r4, [r4, #0x10]
	str r4, [sp, #0x000]
	bl sub_80EA670
	b _080EDF76
_080EDF6A:
	bl sub_8199F30
	adds r1, r0, #0x0
	movs r0, #0x08
	bl sub_81DD77C
_080EDF76:
	lsls r0, r0, #0x18
	lsrs r5, r0, #0x18
_080EDF7A:
	adds r0, r7, #0x0
	adds r1, r5, #0x0
	bl sub_80478AC
	movs r0, #0x01
	add sp, #0x004
	pop {r3}
	mov r8, r3
	pop {r4, r5, r6, r7}
	pop {r1}
	bx r1
	thumb_func_start sub_80EDF90
sub_80EDF90:
	push {r4, r5, r6, r7, lr}
	adds r5, r1, #0x0
	adds r4, r3, #0x0
	movs r0, #0x80
	lsls r0, r0, #0x01
	adds r6, r5, r0
	ldr r2, [r4, #0x00]
	movs r1, #0x01
	ands r1, r2
	movs r3, #0x01
	cmp r1, #0x00
	beq _080EDFAA
	movs r3, #0x10
_080EDFAA:
	mov r12, r3
	negs r0, r1
	orrs r0, r1
	asrs r1, r0, #0x1F
	movs r0, #0x08
	ands r1, r0
	lsls r0, r1, #0x10
	asrs r3, r0, #0x10
	movs r0, #0x02
	ands r2, r0
	cmp r2, #0x00
	beq _080EDFD2
	ldr r0, [r5, #0x10]
	cmp r0, #0x00
	bge _080EDFCA
	adds r0, #0xFF
_080EDFCA:
	asrs r0, r0, #0x08
	adds r0, r0, r3
	lsls r0, r0, #0x10
	b _080EDFD4
_080EDFD2:
	lsls r0, r3, #0x10
_080EDFD4:
	lsrs r0, r0, #0x10
	adds r7, r0, #0x0
	lsls r0, r1, #0x10
	asrs r2, r0, #0x10
	ldm r4!, {r0}
	movs r1, #0x02
	ands r0, r1
	cmp r0, #0x00
	beq _080EDFF4
	ldr r0, [r5, #0x0C]
	cmp r0, #0x00
	bge _080EDFEE
	adds r0, #0xFF
_080EDFEE:
	asrs r0, r0, #0x08
	adds r1, r2, r0
	b _080EDFF6
_080EDFF4:
	adds r1, r2, #0x0
_080EDFF6:
	mov r3, r12
	ldm r4!, {r0}
	muls r0, r3
	lsls r2, r1, #0x10
	asrs r2, r2, #0x10
	adds r0, r2, r0
	strh r0, [r6, #0x3C]
	ldm r4!, {r0}
	muls r0, r3
	lsls r1, r7, #0x10
	asrs r1, r1, #0x10
	adds r0, r1, r0
	strh r0, [r6, #0x38]
	ldm r4!, {r0}
	muls r0, r3
	adds r2, r2, r0
	strh r2, [r6, #0x3E]
	ldr r0, [r4, #0x00]
	muls r0, r3
	adds r1, r1, r0
	strh r1, [r6, #0x3A]
	movs r0, #0x01
	pop {r4, r5, r6, r7}
	pop {r1}
	bx r1
	thumb_func_start sub_80EE028
sub_80EE028:
	push {r4, r5, r6, r7, lr}
	mov r7, r9
	mov r6, r8
	push {r6, r7}
	adds r4, r1, #0x0
	movs r0, #0x80
	lsls r0, r0, #0x01
	adds r0, r0, r4
	mov r12, r0
	ldr r0, [r3, #0x00]
	movs r1, #0x01
	ands r0, r1
	cmp r0, #0x00
	beq _080EE05E
	ldr r0, [r3, #0x08]
	lsls r0, r0, #0x04
	str r0, [r3, #0x08]
	ldr r0, [r3, #0x0C]
	lsls r0, r0, #0x04
	str r0, [r3, #0x0C]
	ldr r1, [r3, #0x10]
	movs r0, #0x80
	lsls r0, r0, #0x08
	cmp r1, r0
	beq _080EE05C
	lsls r1, r1, #0x04
_080EE05C:
	str r1, [r3, #0x10]
_080EE05E:
	ldr r0, [r3, #0x00]
	asrs r0, r0, #0x01
	ldr r1, [r3, #0x04]
	mov r8, r1
	mov r5, r12
	adds r5, #0x32
	mov r6, r12
	adds r6, #0x52
	movs r2, #0x72
	add r2, r12
	mov r9, r2
	cmp r0, #0x01
	bne _080EE0FE
	cmp r1, #0x00
	beq _080EE0B4
	mov r0, r8
	subs r0, #0x01
	lsls r0, r0, #0x10
	asrs r2, r0, #0x0F
	adds r0, r5, r2
	movs r7, #0x00
	ldsh r1, [r0, r7]
	ldr r0, [r3, #0x08]
	adds r0, r0, r1
	str r0, [r3, #0x08]
	adds r0, r6, r2
	movs r7, #0x00
	ldsh r1, [r0, r7]
	ldr r0, [r3, #0x0C]
	adds r0, r0, r1
	str r0, [r3, #0x0C]
	ldr r1, [r3, #0x10]
	movs r0, #0x80
	lsls r0, r0, #0x08
	cmp r1, r0
	beq _080EE0B0
	mov r7, r9
	adds r0, r7, r2
	movs r2, #0x00
	ldsh r0, [r0, r2]
	adds r1, r1, r0
_080EE0B0:
	str r1, [r3, #0x10]
	b _080EE0FE
_080EE0B4:
	ldr r1, [r4, #0x0C]
	cmp r1, #0x00
	bge _080EE0BC
	adds r1, #0xFF
_080EE0BC:
	asrs r1, r1, #0x08
	ldr r0, [r3, #0x08]
	adds r0, r0, r1
	str r0, [r3, #0x08]
	ldr r0, [r4, #0x10]
	cmp r0, #0x00
	bge _080EE0CC
	adds r0, #0xFF
_080EE0CC:
	asrs r0, r0, #0x08
	ldr r1, [r3, #0x0C]
	adds r1, r1, r0
	str r1, [r3, #0x0C]
	ldr r2, [r3, #0x10]
	movs r0, #0x80
	lsls r0, r0, #0x08
	cmp r2, r0
	beq _080EE0EE
	ldr r1, [r4, #0x14]
	ldr r0, [r4, #0x18]
	adds r0, r1, r0
	cmp r0, #0x00
	bge _080EE0EA
	adds r0, #0xFF
_080EE0EA:
	asrs r0, r0, #0x08
	adds r2, r2, r0
_080EE0EE:
	str r2, [r3, #0x10]
	mov r5, r12
	adds r5, #0x32
	mov r6, r12
	adds r6, #0x52
	movs r7, #0x72
	add r7, r12
	mov r9, r7
_080EE0FE:
	mov r0, r8
	lsls r1, r0, #0x10
	asrs r1, r1, #0x0F
	adds r2, r5, r1
	ldr r0, [r3, #0x08]
	strh r0, [r2, #0x00]
	adds r2, r6, r1
	ldr r0, [r3, #0x0C]
	strh r0, [r2, #0x00]
	mov r7, r9
	adds r2, r7, r1
	ldr r3, [r3, #0x10]
	movs r0, #0x80
	lsls r0, r0, #0x08
	cmp r3, r0
	beq _080EE122
	adds r0, r3, #0x0
	b _080EE130
_080EE122:
	ldr r1, [r4, #0x14]
	ldr r0, [r4, #0x18]
	adds r1, r1, r0
	cmp r1, #0x00
	bge _080EE12E
	adds r1, #0xFF
_080EE12E:
	lsrs r0, r1, #0x08
_080EE130:
	strh r0, [r2, #0x00]
	movs r0, #0x01
	pop {r3, r4}
	mov r8, r3
	mov r9, r4
	pop {r4, r5, r6, r7}
	pop {r1}
	bx r1
	thumb_func_start sub_80EE140
sub_80EE140:
	push {r4, lr}
	adds r2, r1, #0x0
	ldm r3!, {r0}
	movs r1, #0x02
	ands r0, r1
	cmp r0, #0x00
	beq _080EE156
	movs r1, #0xD1
	lsls r1, r1, #0x02
	adds r0, r2, r1
	ldr r2, [r0, #0x00]
_080EE156:
	ldm r3!, {r0}
	movs r4, #0xA3
	lsls r4, r4, #0x01
	adds r1, r2, r4
	strh r0, [r1, #0x00]
	ldm r3!, {r1}
	adds r4, #0x02
	adds r0, r2, r4
	strh r1, [r0, #0x00]
	ldm r3!, {r0}
	adds r4, #0x02
	adds r1, r2, r4
	strh r0, [r1, #0x00]
	ldm r3!, {r1}
	adds r4, #0x02
	adds r0, r2, r4
	strh r1, [r0, #0x00]
	ldm r3!, {r0}
	adds r4, #0x02
	adds r1, r2, r4
	strh r0, [r1, #0x00]
	ldm r3!, {r1}
	adds r4, #0x02
	adds r0, r2, r4
	strh r1, [r0, #0x00]
	ldm r3!, {r0}
	adds r4, #0x02
	adds r1, r2, r4
	strh r0, [r1, #0x00]
	ldr r1, [r3, #0x00]
	movs r3, #0xAA
	lsls r3, r3, #0x01
	adds r0, r2, r3
	strh r1, [r0, #0x00]
	movs r0, #0x01
	pop {r4}
	pop {r1}
	bx r1
	.byte 0x00, 0x00
	thumb_func_start sub_80EE1A4
sub_80EE1A4:
	push {lr}
	adds r2, r1, #0x0
	ldm r3!, {r0}
	cmp r0, #0x00
	beq _080EE1B6
	movs r1, #0xD1
	lsls r1, r1, #0x02
	adds r0, r2, r1
	ldr r2, [r0, #0x00]
_080EE1B6:
	ldm r3!, {r0}
	cmp r0, #0x07
	bhi _080EE266
	lsls r0, r0, #0x02
	ldr r1, _080EE1C8 @ =0x080EE1CC
	adds r0, r0, r1
	ldr r0, [r0, #0x00]
	mov pc, r0
	.byte 0x00, 0x00
_080EE1C8: .4byte 0x080EE1CC
	.byte 0xEC, 0xE1, 0x0E, 0x08, 0xFC, 0xE1, 0x0E, 0x08, 0x08, 0xE2, 0x0E, 0x08, 0x10, 0xE2, 0x0E, 0x08
	.byte 0x1C, 0xE2, 0x0E, 0x08, 0x30, 0xE2, 0x0E, 0x08, 0x42, 0xE2, 0x0E, 0x08, 0x5C, 0xE2, 0x0E, 0x08
	.byte 0x18, 0x68, 0x02, 0x4B, 0xD2, 0x18, 0x10, 0x70, 0x37, 0xE0, 0x00, 0x00, 0x31, 0x01, 0x00, 0x00
	.byte 0xBD, 0x20, 0x80, 0x00, 0x11, 0x18, 0x18, 0x68, 0x08, 0x60, 0x2E, 0xE0, 0x19, 0x68, 0xBE, 0x23
	.byte 0x9B, 0x00, 0x28, 0xE0, 0x18, 0x68, 0x9B, 0x21, 0x49, 0x00, 0x52, 0x18, 0x10, 0x70, 0x24, 0xE0
	.byte 0x19, 0x68, 0x03, 0x48, 0x13, 0x18, 0x07, 0x20, 0x01, 0x40, 0x1A, 0x78, 0x0F, 0x38, 0x13, 0xE0
	.byte 0x37, 0x01, 0x00, 0x00, 0x19, 0x68, 0x98, 0x20, 0x40, 0x00, 0x13, 0x18, 0x03, 0x20, 0x01, 0x40
	.byte 0x1A, 0x78, 0x07, 0x38, 0x08, 0xE0, 0x19, 0x68, 0x98, 0x20, 0x40, 0x00, 0x13, 0x18, 0x01, 0x20
	.byte 0x01, 0x40, 0x89, 0x00, 0x1A, 0x78, 0x06, 0x38, 0x10, 0x40, 0x08, 0x43, 0x18, 0x70, 0x04, 0xE0
	.byte 0x19, 0x68, 0x9A, 0x23, 0x5B, 0x00, 0xD0, 0x18, 0x01, 0x80
_080EE266:
	movs r0, #0x01
	pop {r1}
	bx r1
	thumb_func_start sub_80EE26C
sub_80EE26C:
	push {lr}
	ldm r3!, {r0}
	cmp r0, #0x00
	beq _080EE27C
	movs r2, #0xD1
	lsls r2, r2, #0x02
	adds r0, r1, r2
	ldr r1, [r0, #0x00]
_080EE27C:
	movs r0, #0x80
	lsls r0, r0, #0x01
	adds r2, r1, r0
	mov r12, r2
	ldm r3!, {r0}
	cmp r0, #0x0A
	bls _080EE28C
	b _080EE438
_080EE28C:
	lsls r0, r0, #0x02
	ldr r1, _080EE298 @ =0x080EE29C
	adds r0, r0, r1
	ldr r0, [r0, #0x00]
	mov pc, r0
	.byte 0x00, 0x00
_080EE298: .4byte 0x080EE29C
	.byte 0xC8, 0xE2, 0x0E, 0x08, 0x26, 0xE3, 0x0E, 0x08, 0x82, 0xE3, 0x0E, 0x08, 0x94, 0xE3, 0x0E, 0x08
	.byte 0xAC, 0xE3, 0x0E, 0x08, 0xBE, 0xE3, 0x0E, 0x08, 0xD0, 0xE3, 0x0E, 0x08, 0xE2, 0xE3, 0x0E, 0x08
	.byte 0x02, 0xE4, 0x0E, 0x08, 0x16, 0xE4, 0x0E, 0x08, 0x28, 0xE4, 0x0E, 0x08, 0x19, 0x68, 0x40, 0x20
	.byte 0x08, 0x40, 0x00, 0x28, 0x03, 0xD0, 0x0F, 0x20, 0x01, 0x40, 0x11, 0x81, 0x01, 0xE0, 0x08, 0x01
	.byte 0x10, 0x81, 0x04, 0x33, 0x19, 0x68, 0x40, 0x20, 0x08, 0x40, 0x00, 0x28, 0x03, 0xD0, 0x0F, 0x20
	.byte 0x01, 0x40, 0x51, 0x81, 0x01, 0xE0, 0x08, 0x01, 0x50, 0x81, 0x04, 0x33, 0x19, 0x68, 0x40, 0x20
	.byte 0x08, 0x40, 0x00, 0x28, 0x03, 0xD0, 0x0F, 0x20, 0x01, 0x40, 0x91, 0x81, 0x01, 0xE0, 0x08, 0x01
	.byte 0x90, 0x81, 0x59, 0x68, 0x40, 0x20, 0x08, 0x40, 0x00, 0x28, 0x03, 0xD0, 0x0F, 0x20, 0x01, 0x40
	.byte 0xD1, 0x81, 0x8B, 0xE0, 0x08, 0x01, 0xD0, 0x81, 0x88, 0xE0, 0x19, 0x68, 0x40, 0x20, 0x08, 0x40
	.byte 0x00, 0x28, 0x03, 0xD0, 0x0F, 0x20, 0x01, 0x40, 0x08, 0x01, 0x00, 0xE0, 0x08, 0x02, 0x10, 0x80
	.byte 0x04, 0x33, 0x19, 0x68, 0x40, 0x20, 0x08, 0x40, 0x00, 0x28, 0x03, 0xD0, 0x0F, 0x20, 0x01, 0x40
	.byte 0x08, 0x01, 0x00, 0xE0, 0x08, 0x02, 0x50, 0x80, 0x04, 0x33, 0x19, 0x68, 0x40, 0x20, 0x08, 0x40
	.byte 0x00, 0x28, 0x03, 0xD0, 0x0F, 0x20, 0x01, 0x40, 0x08, 0x01, 0x00, 0xE0, 0x08, 0x02, 0x90, 0x80
	.byte 0x59, 0x68, 0x40, 0x20, 0x08, 0x40, 0x00, 0x28, 0x03, 0xD0, 0x0F, 0x20, 0x01, 0x40, 0x08, 0x01
	.byte 0x5B, 0xE0, 0x08, 0x02, 0x59, 0xE0, 0x01, 0xCB, 0x10, 0x85, 0x01, 0xCB, 0x50, 0x85, 0x01, 0xCB
	.byte 0x90, 0x85, 0x18, 0x68, 0xD0, 0x85, 0x51, 0xE0, 0x18, 0x68, 0x00, 0x01, 0x18, 0x60, 0x58, 0x68
	.byte 0x00, 0x01, 0x58, 0x60, 0x98, 0x68, 0x00, 0x01, 0x98, 0x60, 0xD8, 0x68, 0x00, 0x01, 0xD8, 0x60
	.byte 0x01, 0xCB, 0x10, 0x84, 0x01, 0xCB, 0x50, 0x84, 0x01, 0xCB, 0x90, 0x84, 0x18, 0x68, 0xD0, 0x84
	.byte 0x3C, 0xE0, 0x01, 0xCB, 0x10, 0x82, 0x01, 0xCB, 0x50, 0x82, 0x01, 0xCB, 0x90, 0x82, 0x18, 0x68
	.byte 0xD0, 0x82, 0x33, 0xE0, 0x01, 0xCB, 0x10, 0x83, 0x01, 0xCB, 0x50, 0x83, 0x01, 0xCB, 0x90, 0x83
	.byte 0x18, 0x68, 0xD0, 0x83, 0x2A, 0xE0, 0x01, 0xCB, 0x61, 0x46, 0xC8, 0x87, 0x02, 0xCB, 0x60, 0x46
	.byte 0x40, 0x30, 0x01, 0x80, 0x01, 0xCB, 0x61, 0x46, 0x42, 0x31, 0x08, 0x80, 0x19, 0x68, 0x60, 0x46
	.byte 0x44, 0x30, 0x01, 0x80, 0x1A, 0xE0, 0x01, 0xCB, 0x62, 0x46, 0xD0, 0x86, 0x01, 0xCB, 0x10, 0x87
	.byte 0x01, 0xCB, 0x50, 0x87, 0x18, 0x68, 0x90, 0x87, 0x10, 0xE0, 0x01, 0xCB, 0x10, 0x81, 0x01, 0xCB
	.byte 0x50, 0x81, 0x01, 0xCB, 0x90, 0x81, 0x18, 0x68, 0xD0, 0x81, 0x07, 0xE0, 0x01, 0xCB, 0x10, 0x80
	.byte 0x01, 0xCB, 0x50, 0x80, 0x01, 0xCB, 0x90, 0x80, 0x18, 0x68, 0xD0, 0x80
_080EE438:
	movs r0, #0x01
	pop {r1}
	bx r1
	.byte 0x00, 0x00
	thumb_func_start sub_80EE440
sub_80EE440:
	push {lr}
	movs r0, #0x58
	adds r0, r0, r1
	mov r12, r0
	ldr r0, _080EE460 @ =0x000002B6
	adds r2, r1, r0
	ldrb r1, [r2, #0x00]
	movs r0, #0x80
	orrs r1, r0
	strb r1, [r2, #0x00]
	ldr r0, [r3, #0x00]
	cmp r0, #0x00
	beq _080EE464
	cmp r0, #0x01
	beq _080EE46A
	b _080EE472
_080EE460: .4byte 0x000002B6
_080EE464:
	movs r0, #0x40
	orrs r1, r0
	b _080EE470
_080EE46A:
	movs r0, #0x41
	negs r0, r0
	ands r1, r0
_080EE470:
	strb r1, [r2, #0x00]
_080EE472:
	ldr r0, [r3, #0x00]
	cmp r0, #0x33
	bgt _080EE4B4
	movs r2, #0xA0
	lsls r2, r2, #0x01
	add r2, r12
	ldr r1, _080EE4B0 @ =0x083C9FC0
	lsls r0, r0, #0x02
	adds r0, r0, r1
	ldr r0, [r0, #0x00]
	str r0, [r2, #0x00]
	mov r2, r12
	adds r2, #0xA0
	ldrh r1, [r2, #0x00]
	movs r3, #0x80
	lsls r3, r3, #0x03
	adds r0, r3, #0x0
	orrs r0, r1
	strh r0, [r2, #0x00]
	movs r2, #0xBF
	lsls r2, r2, #0x01
	add r2, r12
	ldrb r1, [r2, #0x00]
	movs r0, #0x03
	negs r0, r0
	ands r0, r1
	movs r1, #0x02
	negs r1, r1
	ands r0, r1
	strb r0, [r2, #0x00]
	b _080EE4C0
_080EE4B0: .4byte 0x083C9FC0
_080EE4B4:
	mov r2, r12
	adds r2, #0xA0
	ldrh r1, [r2, #0x00]
	ldr r0, _080EE4C8 @ =0x0000FBFF
	ands r0, r1
	strh r0, [r2, #0x00]
_080EE4C0:
	movs r0, #0x01
	pop {r1}
	bx r1
	.byte 0x00, 0x00
_080EE4C8: .4byte 0x0000FBFF
	thumb_func_start sub_80EE4CC
sub_80EE4CC:
	push {r4, r5, lr}
	adds r5, r1, #0x0
	movs r0, #0x58
	adds r0, r0, r5
	mov r12, r0
	ldr r1, _080EE4F0 @ =0x000002B6
	adds r2, r5, r1
	ldrb r1, [r2, #0x00]
	movs r0, #0x80
	orrs r1, r0
	strb r1, [r2, #0x00]
	ldr r0, [r3, #0x00]
	cmp r0, #0x00
	beq _080EE4F4
	cmp r0, #0x01
	beq _080EE4FA
	b _080EE502
	.byte 0x00, 0x00
_080EE4F0: .4byte 0x000002B6
_080EE4F4:
	movs r0, #0x40
	orrs r1, r0
	b _080EE500
_080EE4FA:
	movs r0, #0x41
	negs r0, r0
	ands r1, r0
_080EE500:
	strb r1, [r2, #0x00]
_080EE502:
	ldr r0, [r3, #0x00]
	cmp r0, #0x33
	bgt _080EE544
	movs r2, #0xA0
	lsls r2, r2, #0x01
	add r2, r12
	ldr r1, _080EE540 @ =0x083C9FC0
	lsls r0, r0, #0x02
	adds r0, r0, r1
	ldr r0, [r0, #0x00]
	str r0, [r2, #0x00]
	mov r2, r12
	adds r2, #0xA0
	ldrh r1, [r2, #0x00]
	movs r4, #0x80
	lsls r4, r4, #0x03
	adds r0, r4, #0x0
	orrs r0, r1
	strh r0, [r2, #0x00]
	movs r2, #0xBF
	lsls r2, r2, #0x01
	add r2, r12
	ldrb r1, [r2, #0x00]
	movs r0, #0x03
	negs r0, r0
	ands r0, r1
	movs r1, #0x02
	negs r1, r1
	ands r0, r1
	strb r0, [r2, #0x00]
	b _080EE550
_080EE540: .4byte 0x083C9FC0
_080EE544:
	mov r2, r12
	adds r2, #0xA0
	ldrh r1, [r2, #0x00]
	ldr r0, _080EE590 @ =0x0000FBFF
	ands r0, r1
	strh r0, [r2, #0x00]
_080EE550:
	adds r3, #0x04
	movs r4, #0xAC
	lsls r4, r4, #0x01
	add r4, r12
	ldm r3!, {r0}
	str r0, [r4, #0x00]
	movs r2, #0xAE
	lsls r2, r2, #0x01
	add r2, r12
	ldr r0, [r3, #0x00]
	str r0, [r2, #0x00]
	movs r1, #0xD1
	lsls r1, r1, #0x02
	adds r0, r5, r1
	ldr r3, [r0, #0x00]
	cmp r3, #0x00
	beq _080EE586
	movs r0, #0xD8
	lsls r0, r0, #0x01
	adds r1, r3, r0
	ldr r0, [r4, #0x00]
	str r0, [r1, #0x00]
	movs r4, #0xDA
	lsls r4, r4, #0x01
	adds r1, r3, r4
	ldr r0, [r2, #0x00]
	str r0, [r1, #0x00]
_080EE586:
	movs r0, #0x01
	pop {r4, r5}
	pop {r1}
	bx r1
	.byte 0x00, 0x00
_080EE590: .4byte 0x0000FBFF
	thumb_func_start sub_80EE594
sub_80EE594:
	push {r4, r5, r6, lr}
	add sp, #-0x010
	adds r4, r0, #0x0
	adds r6, r1, #0x0
	adds r5, r2, #0x0
	ldr r0, [r5, #0x00]
	movs r1, #0x01
	ands r0, r1
	cmp r0, #0x00
	beq _080EE5B4
	ldr r0, [r5, #0x08]
	lsls r0, r0, #0x04
	str r0, [r5, #0x08]
	ldr r0, [r5, #0x0C]
	lsls r0, r0, #0x04
	str r0, [r5, #0x0C]
_080EE5B4:
	ldr r0, [r5, #0x00]
	asrs r0, r0, #0x01
	movs r1, #0x03
	ands r0, r1
	cmp r0, #0x01
	bne _080EE5D6
	ldr r1, [r5, #0x10]
	movs r0, #0x40
	ands r0, r1
	cmp r0, #0x00
	beq _080EE5D2
	movs r0, #0x0F
	ands r1, r0
	lsls r0, r1, #0x04
	b _080EE5D4
_080EE5D2:
	lsls r0, r1, #0x08
_080EE5D4:
	str r0, [r5, #0x10]
_080EE5D6:
	ldr r0, [r4, #0x14]
	ldr r1, [r5, #0x04]
	add r3, sp, #0x00C
	add r2, sp, #0x008
	bl get_fobj_screen_pos
	ldr r0, [r4, #0x14]
	ldr r1, [r5, #0x00]
	asrs r1, r1, #0x01
	movs r2, #0x03
	ands r1, r2
	ldr r3, [sp, #0x008]
	ldr r2, [r5, #0x08]
	adds r3, r3, r2
	subs r3, #0x78
	ldr r2, [sp, #0x00C]
	ldr r4, [r5, #0x0C]
	adds r2, r2, r4
	subs r2, #0x70
	str r2, [sp, #0x000]
	movs r4, #0x10
	ldsh r2, [r5, r4]
	str r2, [sp, #0x004]
	movs r2, #0x01
	bl sub_8028AFC
	adds r2, r6, #0x0
	adds r2, #0xA0
	ldrh r1, [r2, #0x00]
	movs r3, #0x80
	lsls r3, r3, #0x01
	adds r0, r3, #0x0
	orrs r0, r1
	strh r0, [r2, #0x00]
	movs r0, #0x00
	add sp, #0x010
	pop {r4, r5, r6}
	pop {r1}
	bx r1
	thumb_func_start sub_80EE624
sub_80EE624:
	push {r4, r5, r6, r7, lr}
	mov r7, r8
	push {r7}
	mov r8, r1
	adds r6, r3, #0x0
	ldr r1, _080EE6B8 @ =0x03000FD0
	ldm r6!, {r3}
	lsls r0, r3, #0x05
	movs r2, #0xA8
	lsls r2, r2, #0x02
	adds r0, r0, r2
	ldr r2, [r1, #0x00]
	adds r7, r2, r0
	ldr r0, _080EE6BC @ =0x0000055B
	adds r2, r2, r0
	ldrb r4, [r2, #0x00]
	lsls r1, r4, #0x1B
	lsrs r1, r1, #0x1C
	movs r5, #0x01
	adds r0, r5, #0x0
	lsls r0, r3
	orrs r1, r0
	movs r0, #0x0F
	ands r1, r0
	lsls r1, r1, #0x01
	movs r0, #0x1F
	negs r0, r0
	ands r0, r4
	orrs r0, r1
	strb r0, [r2, #0x00]
	ldr r0, [r6, #0x04]
	negs r2, r0
	str r2, [r6, #0x04]
	ldr r0, [r6, #0x08]
	negs r1, r0
	str r1, [r6, #0x08]
	ldr r0, [r6, #0x00]
	ands r0, r5
	cmp r0, #0x00
	beq _080EE67C
	lsls r0, r2, #0x04
	str r0, [r6, #0x04]
	lsls r0, r1, #0x04
	str r0, [r6, #0x08]
_080EE67C:
	ldr r0, [r6, #0x00]
	asrs r0, r0, #0x01
	movs r1, #0x03
	ands r0, r1
	cmp r0, #0x01
	bne _080EE6E4
	ldr r2, _080EE6C0 @ =0x03001038
	ldr r0, [r6, #0x04]
	adds r1, r0, #0x0
	muls r1, r0
	adds r0, r1, #0x0
	ldr r1, [r6, #0x08]
	adds r3, r1, #0x0
	muls r3, r1
	adds r1, r3, #0x0
	adds r0, r0, r1
	lsls r0, r0, #0x04
	ldr r1, [r2, #0x00]
	bl _call_via_r1
	adds r4, r0, #0x0
	ldr r1, [r6, #0x0C]
	movs r0, #0x40
	ands r0, r1
	cmp r0, #0x00
	beq _080EE6C4
	movs r0, #0x0F
	ands r1, r0
	lsls r0, r1, #0x02
	b _080EE6C6
_080EE6B8: .4byte 0x03000FD0
_080EE6BC: .4byte 0x0000055B
_080EE6C0: .4byte 0x03001038
_080EE6C4:
	lsls r0, r1, #0x06
_080EE6C6:
	str r0, [r6, #0x0C]
	ldr r1, [r6, #0x0C]
	ldr r0, [r6, #0x04]
	muls r0, r1
	lsls r0, r0, #0x04
	adds r1, r4, #0x0
	bl __divsi3
	str r0, [r7, #0x14]
	ldr r1, [r6, #0x0C]
	ldr r0, [r6, #0x08]
	muls r0, r1
	lsls r0, r0, #0x04
	adds r1, r4, #0x0
	b _080EE6F6
_080EE6E4:
	ldr r0, [r6, #0x04]
	lsls r0, r0, #0x08
	ldr r1, [r6, #0x0C]
	bl __divsi3
	str r0, [r7, #0x14]
	ldr r0, [r6, #0x08]
	lsls r0, r0, #0x08
	ldr r1, [r6, #0x0C]
_080EE6F6:
	bl __divsi3
	str r0, [r7, #0x18]
	movs r0, #0x00
	str r0, [r7, #0x0C]
	str r0, [r7, #0x08]
	str r0, [r7, #0x04]
	str r0, [r7, #0x00]
	mov r0, r8
	cmp r0, #0x00
	beq _080EE714
	adds r0, #0x54
	ldrb r0, [r0, #0x00]
	adds r0, #0x04
	b _080EE720
_080EE714:
	ldr r0, _080EE738 @ =0x03000FD0
	ldr r0, [r0, #0x00]
	movs r1, #0xA9
	lsls r1, r1, #0x03
	adds r0, r0, r1
	ldrb r0, [r0, #0x00]
_080EE720:
	strb r0, [r7, #0x1C]
	ldr r0, [r6, #0x04]
	strh r0, [r7, #0x10]
	ldr r0, [r6, #0x08]
	strh r0, [r7, #0x12]
	movs r0, #0x01
	pop {r3}
	mov r8, r3
	pop {r4, r5, r6, r7}
	pop {r1}
	bx r1
	.byte 0x00, 0x00
_080EE738: .4byte 0x03000FD0
	thumb_func_start sub_80EE73C
sub_80EE73C:
	push {r4, r5, r6, lr}
	mov r6, r10
	mov r5, r9
	mov r4, r8
	push {r4, r5, r6}
	ldr r0, _080EE7C0 @ =0x03000FD0
	mov r8, r0
	ldr r1, [r0, #0x00]
	ldm r2!, {r3}
	ldr r0, _080EE7C4 @ =0x0000055F
	mov r10, r0
	add r1, r10
	lsls r3, r3, #0x07
	ldrb r4, [r1, #0x00]
	movs r6, #0x7F
	adds r0, r6, #0x0
	ands r0, r4
	orrs r0, r3
	strb r0, [r1, #0x00]
	mov r1, r8
	ldr r4, [r1, #0x00]
	ldm r2!, {r1}
	ldr r0, _080EE7C8 @ =0x0000055E
	mov r9, r0
	adds r5, r4, r0
	ands r1, r6
	lsls r1, r1, #0x06
	ldrh r3, [r5, #0x00]
	ldr r0, _080EE7CC @ =0xFFFFE03F
	ands r0, r3
	orrs r0, r1
	strh r0, [r5, #0x00]
	ldm r2!, {r0}
	ldr r1, _080EE7D0 @ =0x0000055D
	adds r4, r4, r1
	strb r0, [r4, #0x00]
	mov r0, r8
	ldr r3, [r0, #0x00]
	add r3, r9
	movs r0, #0x3F
	ldrb r1, [r2, #0x00]
	ands r1, r0
	ldrb r2, [r3, #0x00]
	movs r0, #0x40
	negs r0, r0
	ands r0, r2
	orrs r0, r1
	strb r0, [r3, #0x00]
	mov r1, r8
	ldr r2, [r1, #0x00]
	add r2, r10
	ldrb r1, [r2, #0x00]
	movs r0, #0x61
	negs r0, r0
	ands r0, r1
	movs r1, #0x40
	orrs r0, r1
	strb r0, [r2, #0x00]
	movs r0, #0x01
	pop {r3, r4, r5}
	mov r8, r3
	mov r9, r4
	mov r10, r5
	pop {r4, r5, r6}
	pop {r1}
	bx r1
_080EE7C0: .4byte 0x03000FD0
_080EE7C4: .4byte 0x0000055F
_080EE7C8: .4byte 0x0000055E
_080EE7CC: .4byte 0xFFFFE03F
_080EE7D0: .4byte 0x0000055D
	thumb_func_start script_cmd_start_dialogue
script_cmd_start_dialogue: @ 080EE7D4
	push {r4, r5, r6, r7, lr}
	mov r7, r10
	mov r6, r9
	mov r5, r8
	push {r5, r6, r7}
	add sp, #-0x028
	adds r4, r0, #0x0
	mov r9, r2
	ldr r0, [r4, #0x14]
	ldr r1, [r2, #0x04]
	lsls r3, r1, #0x02
	adds r2, r0, #0x0
	adds r2, #0x28
	adds r2, r2, r3
	ldr r2, [r2, #0x00]
	mov r10, r2
	add r3, sp, #0x01C
	add r2, sp, #0x018
	bl get_fobj_screen_pos
	ldr r0, [sp, #0x018]
	lsls r0, r0, #0x10
	lsrs r6, r0, #0x10
	ldr r1, _080EE844 @ =0x083BA4B4
	mov r2, r9
	ldrb r0, [r2, #0x08]
	lsls r0, r0, #0x01
	adds r0, r0, r1
	ldrb r0, [r0, #0x00]
	mov r8, r0
	ldr r1, [r2, #0x0C]
	movs r5, #0x1F
	ands r5, r1
	lsls r0, r1, #0x01
	movs r3, #0xF0
	lsls r3, r3, #0x02
	adds r2, r3, #0x0
	ands r0, r2
	orrs r5, r0
	lsls r1, r1, #0x02
	movs r7, #0x80
	lsls r7, r7, #0x04
	adds r0, r7, #0x0
	ands r1, r0
	orrs r5, r1
	movs r0, #0x03
	ands r0, r5
	cmp r0, #0x02
	bne _080EE85A
	mov r0, r8
	cmp r0, #0x03
	bhi _080EE848
	movs r1, #0x04
	mov r8, r1
	b _080EE85A
	.byte 0x00, 0x00
_080EE844: .4byte 0x083BA4B4
_080EE848:
	mov r0, r8
	adds r0, #0x01
	movs r2, #0x02
	negs r2, r2
	adds r1, r2, #0x0
	ands r0, r1
	lsls r0, r0, #0x18
	lsrs r0, r0, #0x18
	mov r8, r0
_080EE85A:
	movs r0, #0xC0
	lsls r0, r0, #0x02
	ands r0, r5
	cmp r0, #0x00
	bne _080EE924
	ldr r0, [r4, #0x14]
	movs r3, #0x82
	lsls r3, r3, #0x02
	adds r1, r0, r3
	ldrb r1, [r1, #0x00]
	lsls r1, r1, #0x1D
	lsrs r1, r1, #0x1F
	lsls r2, r1, #0x02
	adds r2, r2, r0
	ldr r4, [r2, #0x28]
	add r2, sp, #0x020
	add r3, sp, #0x024
	bl get_fobj_screen_pos
	ldr r1, _080EE8B8 @ =0x00000283
	add r1, r10
	ldrb r0, [r1, #0x00]
	lsrs r0, r0, #0x01
	adds r0, #0x50
	ldr r2, [sp, #0x01C]
	cmp r0, r2
	bge _080EE8BC
	movs r3, #0x02
	ldrb r0, [r1, #0x00]
	ldr r7, _080EE8B8 @ =0x00000283
	adds r1, r4, r7
	subs r0, r2, r0
	ldrb r1, [r1, #0x00]
	adds r0, r0, r1
	ldr r1, [sp, #0x024]
	cmp r0, r1
	ble _080EE8D6
	movs r3, #0x82
	movs r1, #0xA0
	subs r1, r1, r2
	mov r0, r8
	adds r0, #0x03
	lsls r0, r0, #0x03
	cmp r1, r0
	ble _080EE8D6
	movs r3, #0x01
	b _080EE8D6
_080EE8B8: .4byte 0x00000283
_080EE8BC:
	movs r3, #0x01
	ldr r0, [sp, #0x024]
	cmp r2, r0
	bge _080EE8D6
	movs r3, #0x81
	ldrb r1, [r1, #0x00]
	subs r1, r2, r1
	mov r0, r8
	adds r0, #0x03
	lsls r0, r0, #0x03
	cmp r1, r0
	ble _080EE8D6
	movs r3, #0x02
_080EE8D6:
	movs r0, #0x80
	ands r0, r3
	cmp r0, #0x00
	beq _080EE916
	ldr r1, [sp, #0x020]
	ldr r0, [sp, #0x018]
	subs r1, r1, r0
	cmp r1, #0x00
	blt _080EE8FC
	cmp r1, #0x0F
	bgt _080EE916
	movs r0, #0xC0
	orrs r5, r0
	lsls r0, r6, #0x10
	ldr r1, _080EE8F8 @ =0xFFE80000
	adds r0, r0, r1
	b _080EE914
_080EE8F8: .4byte 0xFFE80000
_080EE8FC:
	movs r0, #0x10
	negs r0, r0
	cmp r1, r0
	ble _080EE916
	movs r0, #0x40
	orrs r5, r0
	lsls r0, r5, #0x10
	lsrs r5, r0, #0x10
	lsls r0, r6, #0x10
	movs r2, #0xC0
	lsls r2, r2, #0x0D
	adds r0, r0, r2
_080EE914:
	lsrs r6, r0, #0x10
_080EE916:
	lsls r0, r3, #0x08
	movs r3, #0xC0
	lsls r3, r3, #0x02
	adds r1, r3, #0x0
	ands r0, r1
	orrs r5, r0
	b _080EE946
_080EE924:
	movs r0, #0x40
	ands r0, r5
	cmp r0, #0x00
	beq _080EE946
	movs r0, #0x80
	ands r0, r5
	movs r1, #0x18
	cmp r0, #0x00
	beq _080EE938
	ldr r1, _080EE96C @ =0x0000FFE8
_080EE938:
	lsls r0, r6, #0x10
	asrs r0, r0, #0x10
	lsls r1, r1, #0x10
	asrs r1, r1, #0x10
	adds r0, r0, r1
	lsls r0, r0, #0x10
	lsrs r6, r0, #0x10
_080EE946:
	movs r0, #0xC0
	lsls r0, r0, #0x02
	ands r0, r5
	movs r1, #0x80
	lsls r1, r1, #0x02
	cmp r0, r1
	bne _080EE974
	ldr r0, [sp, #0x01C]
	subs r0, #0x0D
	mov r1, r8
	adds r1, #0x02
	ldr r2, _080EE970 @ =0x00000283
	add r2, r10
	lsls r1, r1, #0x03
	ldrb r2, [r2, #0x00]
	adds r1, r1, r2
	subs r0, r0, r1
	b _080EE978
	.byte 0x00, 0x00
_080EE96C: .4byte 0x0000FFE8
_080EE970: .4byte 0x00000283
_080EE974:
	ldr r0, [sp, #0x01C]
	subs r0, #0x02
_080EE978:
	str r0, [sp, #0x01C]
	ldr r0, [sp, #0x01C]
	cmp r0, #0x00
	bge _080EE992
	movs r0, #0x00
	str r0, [sp, #0x01C]
	movs r0, #0x80
	lsls r0, r0, #0x01
	ands r0, r5
	cmp r0, #0x00
	beq _080EE9BC
	movs r0, #0x10
	b _080EE9B2
_080EE992:
	mov r7, r8
	lsls r1, r7, #0x03
	adds r0, r0, r1
	adds r0, #0x14
	cmp r0, #0x9F
	ble _080EE9BC
	movs r0, #0x90
	subs r1, r0, r1
	str r1, [sp, #0x01C]
	movs r0, #0x80
	lsls r0, r0, #0x02
	ands r0, r5
	cmp r0, #0x00
	beq _080EE9BC
	adds r0, r1, #0x0
	subs r0, #0x10
_080EE9B2:
	str r0, [sp, #0x01C]
	movs r0, #0x40
	orrs r5, r0
	lsls r0, r5, #0x10
	lsrs r5, r0, #0x10
_080EE9BC:
	mov r1, r9
	ldr r0, [r1, #0x08]
	asrs r4, r0, #0x08
	movs r7, #0xFF
	ands r4, r7
	cmp r4, #0x00
	bne _080EE9D8
	ldr r0, _080EEA1C @ =0x03000FCC
	ldr r0, [r0, #0x00]
	ldr r1, [r1, #0x14]
	bl sub_80E9310
	lsrs r4, r0, #0x10
	ands r4, r7
_080EE9D8:
	movs r0, #0x03
	ands r0, r5
	cmp r0, #0x02
	bne _080EE9FE
	adds r0, r4, #0x2
	movs r1, #0x03
	bl __divsi3
	lsls r1, r0, #0x01
	adds r1, r1, r0
	lsls r1, r1, #0x10
	lsrs r4, r1, #0x10
	movs r0, #0x01
	ands r0, r4
	cmp r0, #0x00
	beq _080EE9FE
	ldr r0, [sp, #0x018]
	adds r0, #0x04
	str r0, [sp, #0x018]
_080EE9FE:
	lsls r0, r4, #0x18
	lsrs r7, r0, #0x18
	cmp r7, #0x00
	bne _080EEA0A
	movs r4, #0x02
	movs r7, #0x02
_080EEA0A:
	ldr r0, [sp, #0x018]
	cmp r0, #0x00
	bge _080EEA24
	movs r6, #0x20
	ldr r0, _080EEA20 @ =0x0000FF7F
	ands r5, r0
	movs r0, #0x40
	b _080EEA2C
	.byte 0x00, 0x00
_080EEA1C: .4byte 0x03000FCC
_080EEA20: .4byte 0x0000FF7F
_080EEA24:
	cmp r0, #0xEF
	ble _080EEA2E
	movs r6, #0xD0
	movs r0, #0xC0
_080EEA2C:
	orrs r5, r0
_080EEA2E:
	ldr r0, [sp, #0x018]
	subs r0, #0x10
	lsls r1, r4, #0x02
	subs r3, r0, r1
	str r3, [sp, #0x018]
	adds r1, r3, #0x0
	adds r1, #0x18
	lsls r0, r6, #0x10
	asrs r2, r0, #0x10
	adds r6, r0, #0x0
	cmp r1, r2
	ble _080EEA4C
	adds r0, r2, #0x0
	subs r0, #0x18
	b _080EEA5C
_080EEA4C:
	lsls r1, r4, #0x03
	adds r0, r3, r1
	adds r0, #0x08
	cmp r0, r2
	bge _080EEA5E
	adds r0, r2, #0x0
	subs r0, #0x08
	subs r0, r0, r1
_080EEA5C:
	str r0, [sp, #0x018]
_080EEA5E:
	asrs r2, r6, #0x10
	cmp r2, #0x17
	bgt _080EEA9C
	movs r1, #0xC0
	adds r0, r5, #0x0
	ands r0, r1
	cmp r0, #0xC0
	bne _080EEA78
	adds r0, r2, #0x0
	adds r0, #0x30
	lsls r0, r0, #0x10
	lsrs r6, r0, #0x10
	b _080EEA7A
_080EEA78:
	movs r6, #0x18
_080EEA7A:
	movs r3, #0x00
	str r3, [sp, #0x018]
	ldr r0, _080EEA98 @ =0x0000FF7F
	ands r5, r0
	movs r0, #0x40
	orrs r5, r0
	lsls r2, r6, #0x10
	asrs r0, r2, #0x10
	lsls r1, r4, #0x01
	subs r0, r0, r1
	subs r0, #0x18
	adds r6, r2, #0x0
	cmp r3, r0
	bge _080EEAD0
	b _080EEACE
_080EEA98: .4byte 0x0000FF7F
_080EEA9C:
	cmp r2, #0xD7
	ble _080EEAD0
	movs r1, #0xC0
	adds r0, r5, #0x0
	ands r0, r1
	cmp r0, #0x40
	bne _080EEAB4
	adds r0, r2, #0x0
	subs r0, #0x30
	lsls r0, r0, #0x10
	lsrs r6, r0, #0x10
	b _080EEAB6
_080EEAB4:
	movs r6, #0xC8
_080EEAB6:
	lsls r0, r4, #0x03
	movs r1, #0xD0
	subs r1, r1, r0
	str r1, [sp, #0x018]
	movs r0, #0xC0
	orrs r5, r0
	lsls r2, r6, #0x10
	asrs r0, r2, #0x10
	subs r0, #0x18
	adds r6, r2, #0x0
	cmp r1, r0
	ble _080EEAD0
_080EEACE:
	str r0, [sp, #0x018]
_080EEAD0:
	ldr r0, [sp, #0x018]
	cmp r0, #0x00
	bge _080EEAF8
	movs r0, #0x03
	ands r0, r5
	cmp r0, #0x02
	bne _080EEAF4
	asrs r1, r6, #0x10
	adds r0, r1, #0x0
	cmp r1, #0x00
	bge _080EEAE8
	adds r0, r1, #0x7
_080EEAE8:
	asrs r0, r0, #0x03
	lsls r0, r0, #0x03
	subs r0, r1, r0
	lsls r0, r0, #0x10
	asrs r0, r0, #0x10
	b _080EEB2A
_080EEAF4:
	movs r0, #0x00
	b _080EEB2A
_080EEAF8:
	lsls r1, r4, #0x03
	adds r0, r0, r1
	adds r0, #0x20
	cmp r0, #0xF0
	ble _080EEB2C
	movs r0, #0xD0
	subs r1, r0, r1
	movs r0, #0x03
	ands r0, r5
	cmp r0, #0x02
	bne _080EEB28
	subs r1, #0x08
	asrs r2, r6, #0x10
	adds r0, r2, #0x0
	cmp r2, #0x00
	bge _080EEB1A
	adds r0, r2, #0x7
_080EEB1A:
	asrs r0, r0, #0x03
	lsls r0, r0, #0x03
	subs r0, r2, r0
	lsls r0, r0, #0x10
	asrs r0, r0, #0x10
	adds r0, r1, r0
	b _080EEB2A
_080EEB28:
	adds r0, r1, #0x0
_080EEB2A:
	str r0, [sp, #0x018]
_080EEB2C:
	ldr r2, [sp, #0x018]
	asrs r4, r6, #0x10
	subs r4, r4, r2
	ldr r3, _080EEB78 @ =0xFFFFFF00
	adds r0, r5, r3
	lsls r0, r0, #0x10
	lsrs r5, r0, #0x10
	ldr r0, _080EEB7C @ =0x03000FCC
	ldr r0, [r0, #0x00]
	mov r6, r9
	ldrb r1, [r6, #0x00]
	lsls r2, r2, #0x10
	asrs r2, r2, #0x10
	ldr r3, [sp, #0x01C]
	lsls r3, r3, #0x10
	asrs r3, r3, #0x10
	str r7, [sp, #0x000]
	mov r7, r8
	str r7, [sp, #0x004]
	lsls r4, r4, #0x10
	lsrs r4, r4, #0x10
	str r4, [sp, #0x008]
	str r5, [sp, #0x00C]
	ldrb r4, [r6, #0x10]
	str r4, [sp, #0x010]
	ldr r4, [r6, #0x14]
	str r4, [sp, #0x014]
	bl sub_80E5BCC
	movs r0, #0x01
	add sp, #0x028
	pop {r3, r4, r5}
	mov r8, r3
	mov r9, r4
	mov r10, r5
	pop {r4, r5, r6, r7}
	pop {r1}
	bx r1
_080EEB78: .4byte 0xFFFFFF00
_080EEB7C: .4byte 0x03000FCC
	thumb_func_start script_cmd_show_reaction_bubble
script_cmd_show_reaction_bubble: @ 080EEB80
	push {r4, r5, r6, r7, lr}
	add sp, #-0x014
	adds r5, r2, #0x0
	ldr r1, [r5, #0x00]
	ldr r2, [r0, #0x14]
	lsls r0, r1, #0x02
	adds r0, r0, r2
	ldr r4, [r0, #0x28]
	movs r0, #0x00
	str r0, [sp, #0x010]
	str r0, [sp, #0x00C]
	ldr r0, [r5, #0x08]
	cmp r0, #0x00
	beq _080EEBB2
	add r3, sp, #0x010
	adds r0, r2, #0x0
	add r2, sp, #0x00C
	bl get_fobj_screen_pos
	ldr r1, _080EEC0C @ =0x00000283
	adds r0, r4, r1
	ldrb r1, [r0, #0x00]
	ldr r0, [sp, #0x010]
	subs r0, r0, r1
	str r0, [sp, #0x010]
_080EEBB2:
	ldr r0, [r5, #0x14]
	ldr r2, [r5, #0x04]
	cmp r0, #0xFF
	bne _080EEBC2
	ldr r0, _080EEC10 @ =0x083B950C
	adds r0, r2, r0
	ldrb r0, [r0, #0x00]
	str r0, [r5, #0x14]
_080EEBC2:
	ldr r6, _080EEC14 @ =0x03000FC8
	ldr r0, [r6, #0x00]
	ldrb r1, [r5, #0x00]
	lsls r2, r2, #0x18
	lsrs r2, r2, #0x18
	ldrb r3, [r5, #0x08]
	movs r7, #0x0C
	ldsh r4, [r5, r7]
	str r4, [sp, #0x000]
	movs r7, #0x10
	ldsh r4, [r5, r7]
	str r4, [sp, #0x004]
	ldrb r4, [r5, #0x14]
	str r4, [sp, #0x008]
	bl sub_80E8878
	lsls r0, r0, #0x18
	lsrs r3, r0, #0x18
	cmp r3, #0x3F
	beq _080EEC00
	ldr r0, [r6, #0x00]
	lsls r2, r3, #0x04
	ldr r1, [r0, #0x00]
	adds r1, r1, r2
	ldr r2, [sp, #0x00C]
	strh r2, [r1, #0x08]
	ldr r2, [sp, #0x010]
	strh r2, [r1, #0x0A]
	adds r1, r3, #0x0
	bl sub_80E8E78
_080EEC00:
	movs r0, #0x01
	add sp, #0x014
	pop {r4, r5, r6, r7}
	pop {r1}
	bx r1
	.byte 0x00, 0x00
_080EEC0C: .4byte 0x00000283
_080EEC10: .4byte 0x083B950C
_080EEC14: .4byte 0x03000FC8
	thumb_func_start sub_80EEC18
sub_80EEC18:
	push {r4, lr}
	adds r3, r0, #0x0
	adds r4, r2, #0x0
	ldr r0, [r3, #0x14]
	movs r2, #0x95
	lsls r2, r2, #0x01
	adds r0, r0, r2
	ldrb r0, [r0, #0x00]
	subs r0, #0x03
	lsls r0, r0, #0x18
	lsrs r0, r0, #0x18
	cmp r0, #0x02
	bhi _080EEC3A
	ldr r0, [r1, #0x14]
	str r0, [r1, #0x00]
	movs r0, #0x00
	b _080EECCA
_080EEC3A:
	ldr r2, [r4, #0x00]
	cmp r2, #0x07
	bhi _080EECC8
	lsls r0, r2, #0x02
	ldr r1, _080EEC4C @ =0x080EEC50
	adds r0, r0, r1
	ldr r0, [r0, #0x00]
	mov pc, r0
	.byte 0x00, 0x00
_080EEC4C: .4byte 0x080EEC50
	.byte 0x70, 0xEC, 0x0E, 0x08, 0x70, 0xEC, 0x0E, 0x08, 0x70, 0xEC, 0x0E, 0x08, 0x70, 0xEC, 0x0E, 0x08
	.byte 0x84, 0xEC, 0x0E, 0x08, 0x8E, 0xEC, 0x0E, 0x08, 0xA0, 0xEC, 0x0E, 0x08, 0xC0, 0xEC, 0x0E, 0x08
	.byte 0x58, 0x69, 0x01, 0x23, 0x11, 0x1C, 0x19, 0x40, 0x52, 0x10, 0x1A, 0x40, 0x00, 0x23, 0x3F, 0xF7
	.byte 0x69, 0xFD, 0x21, 0xE0, 0x58, 0x69, 0x00, 0x21, 0x3F, 0xF7, 0x1E, 0xFC, 0x1C, 0xE0, 0x58, 0x69
	.byte 0x82, 0x21, 0x89, 0x00, 0x40, 0x18, 0x02, 0x78, 0x11, 0x21, 0x49, 0x42, 0x11, 0x40, 0x01, 0x70
	.byte 0x5B, 0x69, 0x21, 0x68, 0x05, 0x39, 0x82, 0x22, 0x92, 0x00, 0x9B, 0x18, 0x01, 0x20, 0x01, 0x40
	.byte 0xC9, 0x00, 0x1A, 0x78, 0x09, 0x20, 0x40, 0x42, 0x10, 0x40, 0x08, 0x43, 0x18, 0x70, 0x03, 0xE0
	.byte 0x58, 0x69, 0x01, 0x21, 0x3F, 0xF7, 0x00, 0xFC
_080EECC8:
	movs r0, #0x01
_080EECCA:
	pop {r4}
	pop {r1}
	bx r1
