	.include "asm/macros.inc"

	.syntax unified
	.text

	thumb_func_start sub_8021ED8
sub_8021ED8:
	push {lr}
	adds r2, r0, #0x0
	ldrb r1, [r2, #0x12]
	movs r0, #0x20
	ands r0, r1
	cmp r0, #0x00
	beq _08021F1C
	ldr r1, [r2, #0x64]
	ldr r0, [r2, #0x68]
	cmp r1, r0
	bne _08021F16
	ldr r1, _08021EFC @ =0x0203FFB8
	ldr r0, [r1, #0x30]
	cmp r0, #0x00
	bne _08021F00
	str r2, [r1, #0x30]
	b _08021F0A
	.byte 0x00, 0x00
_08021EFC: .4byte 0x0203FFB8
_08021F00:
	ldr r0, [r1, #0x34]
	ldr r0, [r0, #0x68]
	str r0, [r2, #0x68]
	ldr r0, [r1, #0x34]
	str r2, [r0, #0x68]
_08021F0A:
	ldr r0, [r1, #0x34]
	str r0, [r2, #0x64]
	str r2, [r1, #0x34]
	ldrb r0, [r1, #0x01]
	adds r0, #0x01
	strb r0, [r1, #0x01]
_08021F16:
	adds r0, r2, #0x0
	bl sprite_show_8020CBC
_08021F1C:
	pop {r0}
	bx r0
	thumb_func_start sprite_hide_8021F20
sprite_hide_8021F20:
	push {r4, r5, r6, lr}
	adds r4, r0, #0x0
	ldrb r1, [r4, #0x12]
	movs r0, #0x20
	ands r0, r1
	cmp r0, #0x00
	bne _08021F6E
	movs r0, #0x20
	orrs r0, r1
	strb r0, [r4, #0x12]
	adds r0, r4, #0x0
	movs r1, #0x02
	bl sub_8021A18
	cmp r0, #0x00
	bne _08021F6E
	ldr r3, _08021F74 @ =0x0203FFC4
	ldrh r2, [r4, #0x14]
	cmp r2, #0x00
	beq _08021F6E
	movs r6, #0x80
	lsls r6, r6, #0x07
	movs r5, #0x01
	ldr r0, _08021F78 @ =0x0000FFFF
	adds r4, r0, #0x0
_08021F52:
	ldrh r1, [r3, #0x00]
	adds r0, r6, #0x0
	ands r0, r1
	cmp r0, #0x00
	beq _08021F66
	adds r0, r2, #0x0
	ands r0, r5
	cmp r0, #0x00
	beq _08021F66
	strh r4, [r3, #0x00]
_08021F66:
	adds r3, #0x02
	asrs r2, r2, #0x01
	cmp r2, #0x00
	bne _08021F52
_08021F6E:
	pop {r4, r5, r6}
	pop {r0}
	bx r0
_08021F74: .4byte 0x0203FFC4
_08021F78: .4byte 0x0000FFFF
	thumb_func_start sub_8021F7C
sub_8021F7C:
	push {r4, r5, lr}
	ldr r0, _08021FB8 @ =0x0203FFB8
	ldr r4, [r0, #0x30]
	cmp r4, #0x00
	beq _08021FCC
_08021F86:
	ldr r5, [r4, #0x68]
	adds r0, r4, #0x0
	adds r0, #0x29
	ldrb r1, [r0, #0x00]
	movs r0, #0x40
	ands r0, r1
	cmp r0, #0x00
	beq _08021FC6
	adds r0, r4, #0x0
	bl sub_801E68C
	ldrb r1, [r4, #0x12]
	movs r0, #0x08
	ands r0, r1
	cmp r0, #0x00
	beq _08021FC6
	movs r0, #0x06
	ands r0, r1
	cmp r0, #0x04
	bne _08021FBC
	adds r0, r4, #0x0
	bl sprite_hide_8021F20
	b _08021FC6
	.byte 0x00, 0x00
_08021FB8: .4byte 0x0203FFB8
_08021FBC:
	cmp r0, #0x06
	bne _08021FC6
	adds r0, r4, #0x0
	bl sub_8021308
_08021FC6:
	adds r4, r5, #0x0
	cmp r4, #0x00
	bne _08021F86
_08021FCC:
	pop {r4, r5}
	pop {r0}
	bx r0
	.byte 0x00, 0x00
	thumb_func_start sub_8021FD4
sub_8021FD4:
	push {lr}
	ldr r0, _08021FF0 @ =0x0203FFB8
	ldr r0, [r0, #0x3C]
	cmp r0, #0x00
	beq _08021FE2
	bl free_heap_8018D9C
_08021FE2:
	bl sub_80208F4
	ldr r1, _08021FF4 @ =0x03000D74
	movs r0, #0x00
	str r0, [r1, #0x00]
	pop {r0}
	bx r0
_08021FF0: .4byte 0x0203FFB8
_08021FF4: .4byte 0x03000D74
	thumb_func_start init_fldm_8021FF8
init_fldm_8021FF8: @ 08021FF8
	push {r4, r5, r6, r7, lr}
	mov r7, r10
	mov r6, r9
	mov r5, r8
	push {r5, r6, r7}
	add sp, #-0x018
	adds r7, r0, #0x0
	adds r6, r3, #0x0
	add r0, sp, #0x038
	add r3, sp, #0x03C
	lsls r1, r1, #0x18
	lsrs r1, r1, #0x18
	ldrb r0, [r0, #0x00]
	str r0, [sp, #0x000]
	ldrb r3, [r3, #0x00]
	str r3, [sp, #0x004]
	adds r0, r7, #0x0
	bl process_add
	ldr r0, _08022404 @ =0x08CDBDB8
	str r0, [r7, #0x18]
	movs r2, #0x00
	movs r0, #0x01
	negs r0, r0
	cmp r6, r0
	bne _0802202E
	movs r2, #0x01
_0802202E:
	adds r0, r7, #0x0
	adds r0, #0xF8
	str r0, [sp, #0x008]
	movs r3, #0x01
	mov r1, sp
	strb r3, [r1, #0x0C]
	lsls r2, r2, #0x01
	ldrb r1, [r0, #0x00]
	movs r0, #0x03
	negs r0, r0
	ands r0, r1
	orrs r0, r2
	ldr r1, [sp, #0x008]
	strb r0, [r1, #0x00]
	movs r2, #0xC8
	lsls r2, r2, #0x02
	adds r5, r7, r2
	ldr r4, _08022408 @ =0x081E25B4
	movs r0, #0x24
	movs r1, #0x00
	adds r2, r4, #0x0
	movs r3, #0x00
	bl alloc_Zero
	movs r1, #0x01
	movs r2, #0x07
	adds r3, r4, #0x0
	bl bevs_process_init_80F048C
	str r0, [r5, #0x00]
	ldr r0, [r0, #0x00]
	str r7, [r0, #0x14]
	bl process_disable
	movs r3, #0xC7
	lsls r3, r3, #0x02
	adds r5, r7, r3
	ldr r4, _0802240C @ =0x081E25BC
	movs r0, #0x24
	movs r1, #0x00
	adds r2, r4, #0x0
	movs r3, #0x00
	bl alloc_Zero
	movs r1, #0x01
	movs r2, #0x06
	adds r3, r4, #0x0
	bl evts_process_init_80EF3FC
	str r0, [r5, #0x00]
	ldr r0, [r0, #0x00]
	str r7, [r0, #0x14]
	bl process_disable
	ldr r1, _08022410 @ =0x0300034C
	movs r2, #0x8D
	lsls r2, r2, #0x04
	adds r0, r1, r2
	ldr r0, [r0, #0x00]
	ldr r1, [r1, #0x1C]
	bl sub_819A138
	ldr r0, _08022414 @ =0x03000D7C
	str r7, [r0, #0x00]
	ldr r1, _08022418 @ =0x03000D78
	ldr r0, [r5, #0x00]
	str r0, [r1, #0x00]
	movs r0, #0x80
	lsls r0, r0, #0x12
	movs r3, #0x00
	strh r3, [r0, #0x00]
	adds r1, r7, #0x0
	adds r1, #0xD0
	ldr r0, _08022410 @ =0x0300034C
	adds r0, #0x3C
	str r0, [r1, #0x00]
	movs r0, #0xB0
	lsls r0, r0, #0x02
	ldr r2, _0802241C @ =0x081E25C4
	movs r1, #0x01
	movs r3, #0x01
	bl alloc_Zero
	str r0, [r7, #0x1C]
	ldr r0, _08022420 @ =0x00000574
	ldr r2, _08022424 @ =0x081E25CC
	movs r1, #0x01
	movs r3, #0x01
	bl alloc_Zero
	str r0, [r7, #0x20]
	movs r0, #0x8F
	lsls r0, r0, #0x02
	adds r4, r7, r0
	ldr r2, _08022428 @ =0x081E25D4
	movs r0, #0x80
	lsls r0, r0, #0x05
	movs r1, #0x01
	movs r3, #0x01
	bl alloc_zero_8018DB4
	str r0, [r4, #0x00]
	movs r0, #0x80
	lsls r0, r0, #0x03
	ldr r2, _0802242C @ =0x081E25DC
	movs r1, #0x01
	movs r3, #0x01
	bl alloc_zero_8018DB4
	str r0, [r7, #0x24]
	ldr r2, [sp, #0x008]
	ldrb r1, [r2, #0x00]
	movs r0, #0x05
	negs r0, r0
	ands r0, r1
	movs r3, #0x02
	negs r3, r3
	ands r0, r3
	strb r0, [r2, #0x00]
	movs r0, #0xF9
	adds r0, r0, r7
	mov r12, r0
	ldr r1, [sp, #0x000]
	mov r2, sp
	ldrb r2, [r2, #0x0C]
	ands r1, r2
	lsls r1, r1, #0x03
	ldrb r2, [r0, #0x00]
	movs r0, #0x09
	negs r0, r0
	ands r0, r2
	orrs r0, r1
	mov r3, r12
	strb r0, [r3, #0x00]
	movs r0, #0x82
	lsls r0, r0, #0x02
	adds r0, r0, r7
	mov r10, r0
	ldrb r0, [r0, #0x00]
	mov r1, sp
	ldrb r1, [r1, #0x0C]
	orrs r0, r1
	mov r2, r10
	strb r0, [r2, #0x00]
	ldrb r1, [r3, #0x00]
	movs r0, #0x04
	negs r0, r0
	ands r0, r1
	movs r3, #0x05
	negs r3, r3
	ands r0, r3
	mov r1, r12
	strb r0, [r1, #0x00]
	adds r0, r7, #0x0
	adds r0, #0xF0
	movs r5, #0x00
	str r5, [r0, #0x00]
	subs r0, #0x0C
	str r5, [r0, #0x00]
	movs r2, #0xAE
	lsls r2, r2, #0x02
	adds r2, r2, r7
	mov r9, r2
	ldrb r1, [r2, #0x00]
	movs r0, #0x02
	negs r0, r0
	ands r0, r1
	movs r4, #0x11
	negs r4, r4
	ands r0, r4
	subs r3, #0x1C
	ands r0, r3
	strb r0, [r2, #0x00]
	movs r1, #0xB3
	lsls r1, r1, #0x02
	adds r0, r7, r1
	str r5, [r0, #0x00]
	movs r2, #0x8F
	lsls r2, r2, #0x01
	adds r0, r7, r2
	strh r5, [r0, #0x00]
	movs r3, #0x90
	lsls r3, r3, #0x01
	adds r2, r7, r3
	ldrh r1, [r2, #0x00]
	ldr r0, _08022430 @ =0xFFFFFC00
	ands r0, r1
	strh r0, [r2, #0x00]
	ldr r0, _08022434 @ =0x00000121
	adds r2, r7, r0
	ldrb r1, [r2, #0x00]
	movs r0, #0x0D
	negs r0, r0
	ands r0, r1
	ands r0, r4
	movs r1, #0x21
	negs r1, r1
	ands r0, r1
	strb r0, [r2, #0x00]
	movs r2, #0x91
	lsls r2, r2, #0x01
	adds r0, r7, r2
	strh r5, [r0, #0x00]
	adds r3, #0x04
	adds r0, r7, r3
	strh r6, [r0, #0x00]
	movs r1, #0x94
	lsls r1, r1, #0x01
	adds r0, r7, r1
	strh r5, [r0, #0x00]
	adds r3, r7, #0x0
	adds r3, #0xFC
	ldrh r0, [r3, #0x00]
	movs r2, #0xF0
	lsls r2, r2, #0x03
	adds r1, r2, #0x0
	orrs r0, r1
	strh r0, [r3, #0x00]
	adds r2, r7, #0x0
	adds r2, #0xFD
	ldrb r1, [r2, #0x00]
	movs r0, #0x09
	negs r0, r0
	ands r0, r1
	strb r0, [r2, #0x00]
	ldr r0, _08022438 @ =0x00000246
	adds r0, r7, r0
	str r0, [sp, #0x010]
	ldrb r1, [r0, #0x00]
	movs r0, #0x02
	negs r0, r0
	ands r0, r1
	ldr r1, [sp, #0x010]
	strb r0, [r1, #0x00]
	ldr r0, _0802243C @ =0x00000291
	adds r2, r7, r0
	ldrb r1, [r2, #0x00]
	movs r0, #0x02
	negs r0, r0
	ands r0, r1
	movs r1, #0x03
	negs r1, r1
	ands r0, r1
	strb r0, [r2, #0x00]
	movs r0, #0xAA
	lsls r0, r0, #0x02
	adds r2, r7, r0
	ldrb r1, [r2, #0x00]
	movs r6, #0x41
	negs r6, r6
	adds r0, r6, #0x0
	ands r0, r1
	strb r0, [r2, #0x00]
	ldr r2, _08022440 @ =0x000002B9
	adds r1, r7, r2
	movs r0, #0xFF
	strb r0, [r1, #0x00]
	mov r0, r9
	ldrb r1, [r0, #0x00]
	adds r0, r6, #0x0
	ands r0, r1
	mov r1, r9
	strb r0, [r1, #0x00]
	ldr r2, _08022444 @ =0x0000012B
	adds r1, r7, r2
	movs r0, #0x01
	negs r0, r0
	strb r0, [r1, #0x00]
	movs r0, #0x96
	lsls r0, r0, #0x01
	adds r2, r7, r0
	ldrb r1, [r2, #0x00]
	movs r0, #0x03
	ands r0, r1
	movs r1, #0xF8
	orrs r0, r1
	movs r1, #0x03
	negs r1, r1
	ands r0, r1
	strb r0, [r2, #0x00]
	ldr r0, _08022448 @ =0x0000012D
	adds r2, r7, r0
	ldrb r1, [r2, #0x00]
	movs r0, #0x02
	negs r0, r0
	ands r0, r1
	ands r0, r4
	movs r1, #0x21
	negs r1, r1
	ands r0, r1
	strb r0, [r2, #0x00]
	ldrb r1, [r3, #0x00]
	movs r0, #0x05
	negs r0, r0
	ands r0, r1
	strb r0, [r3, #0x00]
	movs r2, #0x85
	lsls r2, r2, #0x01
	adds r0, r7, r2
	movs r1, #0x00
	strb r1, [r0, #0x00]
	ldrb r1, [r3, #0x00]
	movs r0, #0x02
	negs r0, r0
	ands r0, r1
	strb r0, [r3, #0x00]
	adds r2, #0x24
	adds r0, r7, r2
	strh r5, [r0, #0x00]
	movs r3, #0x98
	lsls r3, r3, #0x01
	adds r0, r7, r3
	strh r5, [r0, #0x00]
	mov r0, r12
	ldrb r1, [r0, #0x00]
	movs r0, #0x21
	negs r0, r0
	ands r0, r1
	mov r1, sp
	ldrb r2, [r1, #0x0C]
	ldr r1, [sp, #0x000]
	eors r2, r1
	mov r3, sp
	ldrb r3, [r3, #0x0C]
	ands r2, r3
	lsls r1, r2, #0x04
	ands r0, r4
	orrs r0, r1
	mov r1, r12
	strb r0, [r1, #0x00]
	ldr r2, _0802244C @ =0x0000027A
	adds r0, r7, r2
	strh r5, [r0, #0x00]
	movs r3, #0x9F
	lsls r3, r3, #0x02
	adds r0, r7, r3
	strh r5, [r0, #0x00]
	ldr r1, _08022450 @ =0x0000027E
	adds r0, r7, r1
	strh r5, [r0, #0x00]
	adds r2, #0x06
	adds r0, r7, r2
	strh r5, [r0, #0x00]
	adds r3, #0x06
	adds r0, r7, r3
	strh r5, [r0, #0x00]
	adds r1, #0x06
	adds r0, r7, r1
	strh r5, [r0, #0x00]
	adds r2, #0x0A
	adds r1, r7, r2
	movs r0, #0x68
	strb r0, [r1, #0x00]
	adds r3, #0x09
	adds r1, r7, r3
	movs r0, #0x88
	strb r0, [r1, #0x00]
	movs r0, #0xA3
	lsls r0, r0, #0x02
	adds r1, r7, r0
	movs r0, #0x50
	strb r0, [r1, #0x00]
	ldr r1, _08022454 @ =0x0000028D
	adds r0, r7, r1
	movs r2, #0x6A
	strb r2, [r0, #0x00]
	adds r3, #0x03
	adds r1, r7, r3
	movs r0, #0x26
	strb r0, [r1, #0x00]
	ldr r1, _08022458 @ =0x0000028F
	adds r0, r7, r1
	strb r2, [r0, #0x00]
	mov r2, r10
	ldrb r1, [r2, #0x00]
	movs r0, #0x05
	negs r0, r0
	ands r0, r1
	movs r1, #0x08
	orrs r0, r1
	strb r0, [r2, #0x00]
	subs r3, #0x85
	adds r3, r3, r7
	mov r9, r3
	ldrb r1, [r3, #0x00]
	movs r0, #0x02
	negs r0, r0
	ands r0, r1
	strb r0, [r3, #0x00]
	ldrb r1, [r2, #0x00]
	adds r0, r4, #0x0
	ands r0, r1
	movs r1, #0x21
	negs r1, r1
	ands r0, r1
	ands r0, r6
	movs r2, #0x7F
	mov r8, r2
	ands r0, r2
	mov r3, r10
	strb r0, [r3, #0x00]
	ldr r1, [sp, #0x008]
	ldrb r0, [r1, #0x00]
	movs r2, #0x10
	orrs r0, r2
	strb r0, [r1, #0x00]
	mov r3, r9
	ldrb r1, [r3, #0x00]
	movs r0, #0x02
	negs r0, r0
	ands r0, r1
	strb r0, [r3, #0x00]
	mov r1, r10
	ldr r0, [r1, #0x00]
	ldr r1, _0802245C @ =0xFFFE7FFF
	ands r0, r1
	movs r1, #0x80
	lsls r1, r1, #0x08
	orrs r0, r1
	mov r2, r10
	str r0, [r2, #0x00]
	ldr r0, _08022460 @ =0x0000020A
	adds r3, r7, r0
	ldrb r0, [r3, #0x00]
	movs r1, #0x03
	negs r1, r1
	ands r1, r0
	movs r2, #0x05
	negs r2, r2
	ands r1, r2
	movs r0, #0x09
	negs r0, r0
	ands r1, r0
	ands r1, r4
	subs r0, #0x58
	ands r1, r0
	strb r1, [r3, #0x00]
	movs r0, #0xB6
	lsls r0, r0, #0x02
	adds r2, r7, r0
	ldrb r0, [r2, #0x00]
	movs r1, #0x1F
	orrs r0, r1
	strb r0, [r2, #0x00]
	movs r1, #0x90
	lsls r1, r1, #0x02
	adds r0, r7, r1
	movs r2, #0x80
	lsls r2, r2, #0x05
	strh r2, [r0, #0x00]
	ldrh r1, [r3, #0x00]
	ldr r0, _08022464 @ =0xFFFFFE7F
	ands r0, r1
	strh r0, [r3, #0x00]
	ldr r3, _08022468 @ =0x00000242
	adds r0, r7, r3
	strh r5, [r0, #0x00]
	movs r1, #0x91
	lsls r1, r1, #0x02
	adds r0, r7, r1
	strh r5, [r0, #0x00]
	ldr r2, _0802246C @ =0x0000020B
	adds r1, r7, r2
	ldrb r0, [r1, #0x00]
	ands r4, r0
	movs r3, #0x21
	negs r3, r3
	ands r4, r3
	ands r4, r6
	mov r0, r8
	ands r4, r0
	movs r0, #0x02
	orrs r4, r0
	strb r4, [r1, #0x00]
	mov r2, r9
	ldrb r1, [r2, #0x00]
	movs r0, #0x1F
	negs r0, r0
	ands r0, r1
	ands r0, r3
	ands r0, r6
	strb r0, [r2, #0x00]
	mov r3, r12
	ldrb r1, [r3, #0x00]
	mov r0, r8
	ands r0, r1
	strb r0, [r3, #0x00]
	adds r1, r7, #0x0
	adds r1, #0xFA
	ldrb r0, [r1, #0x00]
	b _08022470
_08022404: .4byte 0x08CDBDB8
_08022408: .4byte 0x081E25B4
_0802240C: .4byte 0x081E25BC
_08022410: .4byte 0x0300034C
_08022414: .4byte 0x03000D7C
_08022418: .4byte 0x03000D78
_0802241C: .4byte 0x081E25C4
_08022420: .4byte 0x00000574
_08022424: .4byte 0x081E25CC
_08022428: .4byte 0x081E25D4
_0802242C: .4byte 0x081E25DC
_08022430: .4byte 0xFFFFFC00
_08022434: .4byte 0x00000121
_08022438: .4byte 0x00000246
_0802243C: .4byte 0x00000291
_08022440: .4byte 0x000002B9
_08022444: .4byte 0x0000012B
_08022448: .4byte 0x0000012D
_0802244C: .4byte 0x0000027A
_08022450: .4byte 0x0000027E
_08022454: .4byte 0x0000028D
_08022458: .4byte 0x0000028F
_0802245C: .4byte 0xFFFE7FFF
_08022460: .4byte 0x0000020A
_08022464: .4byte 0xFFFFFE7F
_08022468: .4byte 0x00000242
_0802246C: .4byte 0x0000020B
_08022470:
	movs r2, #0x10
	orrs r0, r2
	strb r0, [r1, #0x00]
	movs r3, #0x9B
	lsls r3, r3, #0x02
	adds r0, r7, r3
	movs r1, #0x00
	strb r1, [r0, #0x00]
	ldr r2, [sp, #0x010]
	ldrb r1, [r2, #0x00]
	movs r0, #0x1D
	negs r0, r0
	ands r0, r1
	strb r0, [r2, #0x00]
	adds r3, #0x3D
	adds r1, r7, r3
	ldrb r0, [r1, #0x00]
	ands r6, r0
	mov r0, r8
	ands r6, r0
	strb r6, [r1, #0x00]
	ldr r2, [sp, #0x004]
	mov r1, sp
	ldrb r1, [r1, #0x0C]
	ands r2, r1
	lsls r1, r2, #0x03
	ldr r2, [sp, #0x008]
	ldrb r0, [r2, #0x00]
	movs r2, #0x09
	negs r2, r2
	ands r2, r0
	orrs r2, r1
	ldr r3, [sp, #0x008]
	strb r2, [r3, #0x00]
	movs r0, #0xFD
	lsls r0, r0, #0x01
	adds r1, r7, r0
	movs r0, #0xFF
	lsls r0, r0, #0x08
	strh r0, [r1, #0x00]
	movs r1, #0xC1
	lsls r1, r1, #0x02
	adds r0, r7, r1
	str r5, [r0, #0x00]
	movs r2, #0xC2
	lsls r2, r2, #0x02
	adds r0, r7, r2
	str r5, [r0, #0x00]
	movs r3, #0xC3
	lsls r3, r3, #0x02
	adds r0, r7, r3
	str r5, [r0, #0x00]
	adds r1, #0x0C
	adds r0, r7, r1
	str r5, [r0, #0x00]
	adds r2, #0x0C
	adds r0, r7, r2
	str r5, [r0, #0x00]
	movs r3, #0xFB
	lsls r3, r3, #0x01
	adds r1, r7, r3
	ldr r0, _08022544 @ =0x0000FFFF
	strh r0, [r1, #0x00]
	movs r1, #0xFC
	lsls r1, r1, #0x01
	adds r0, r7, r1
	movs r2, #0x00
	strb r2, [r0, #0x00]
	adds r3, #0xBC
	adds r0, r7, r3
	movs r1, #0x02
	negs r1, r1
	strh r1, [r0, #0x00]
	movs r2, #0xC6
	lsls r2, r2, #0x02
	adds r0, r7, r2
	str r5, [r0, #0x00]
	adds r0, r7, #0x0
	bl sub_8029934
	ldr r3, _08022548 @ =0x0300034C
	ldr r0, _0802254C @ =0x0000088A
	adds r2, r3, r0
	ldrb r0, [r2, #0x00]
	movs r1, #0x20
	orrs r0, r1
	strb r0, [r2, #0x00]
	ldr r0, _08022550 @ =0x03000FD0
	ldr r0, [r0, #0x00]
	movs r2, #0xA5
	lsls r2, r2, #0x03
	adds r1, r0, r2
	str r5, [r1, #0x00]
	movs r3, #0xA6
	lsls r3, r3, #0x03
	adds r0, r0, r3
	str r5, [r0, #0x00]
	adds r0, r7, #0x0
	add sp, #0x018
	pop {r3, r4, r5}
	mov r8, r3
	mov r9, r4
	mov r10, r5
	pop {r4, r5, r6, r7}
	pop {r1}
	bx r1
_08022544: .4byte 0x0000FFFF
_08022548: .4byte 0x0300034C
_0802254C: .4byte 0x0000088A
_08022550: .4byte 0x03000FD0
	thumb_func_start sub_8022554
sub_8022554:
	push {r4, r5, r6, lr}
	adds r4, r0, #0x0
	adds r6, r1, #0x0
	ldr r0, _08022648 @ =0x08CDBDB8
	str r0, [r4, #0x18]
	movs r1, #0xC5
	lsls r1, r1, #0x02
	adds r0, r4, r1
	ldr r0, [r0, #0x00]
	cmp r0, #0x00
	beq _08022570
	movs r1, #0x03
	bl sub_81166AC
_08022570:
	movs r1, #0xC3
	lsls r1, r1, #0x02
	adds r0, r4, r1
	ldr r0, [r0, #0x00]
	cmp r0, #0x00
	beq _08022582
	movs r1, #0x03
	bl process_remove
_08022582:
	movs r1, #0xC4
	lsls r1, r1, #0x02
	adds r0, r4, r1
	ldr r1, [r0, #0x00]
	cmp r1, #0x00
	beq _0802259A
	ldr r0, _0802264C @ =0x08CDBDC8
	str r0, [r1, #0x18]
	adds r0, r1, #0x0
	movs r1, #0x03
	bl process_remove
_0802259A:
	movs r1, #0xFE
	lsls r1, r1, #0x01
	adds r0, r4, r1
	ldr r0, [r0, #0x00]
	cmp r0, #0x00
	beq _080225AC
	movs r1, #0x03
	bl sub_805CCC0
_080225AC:
	movs r1, #0xC2
	lsls r1, r1, #0x02
	adds r0, r4, r1
	ldr r0, [r0, #0x00]
	cmp r0, #0x00
	beq _080225BE
	movs r1, #0x03
	bl sub_805C73C
_080225BE:
	movs r1, #0xC1
	lsls r1, r1, #0x02
	adds r0, r4, r1
	ldr r0, [r0, #0x00]
	cmp r0, #0x00
	beq _080225D0
	movs r1, #0x03
	bl sub_8057B58
_080225D0:
	adds r0, r4, #0x0
	bl sub_80292EC
	ldr r0, [r4, #0x1C]
	bl free_heap_8018DA8
	ldr r0, [r4, #0x20]
	bl free_heap_8018DA8
	movs r1, #0x8F
	lsls r1, r1, #0x02
	adds r0, r4, r1
	ldr r0, [r0, #0x00]
	bl free_heap_8018DA8
	ldr r0, [r4, #0x24]
	bl free_heap_8018DA8
	movs r0, #0xC7
	lsls r0, r0, #0x02
	adds r5, r4, r0
	ldr r0, [r5, #0x00]
	cmp r0, #0x00
	beq _08022606
	movs r1, #0x03
	bl sub_80F034C
_08022606:
	movs r1, #0xC8
	lsls r1, r1, #0x02
	adds r0, r4, r1
	ldr r0, [r0, #0x00]
	cmp r0, #0x00
	beq _08022618
	movs r1, #0x03
	bl sub_80F0420
_08022618:
	ldr r0, [r5, #0x00]
	bl sub_80F0184
	bl sub_8021FD4
	movs r0, #0x02
	movs r1, #0x00
	bl sub_8018B78
	ldr r1, _08022650 @ =0x0300034C
	ldr r0, _08022654 @ =0x0000088A
	adds r1, r1, r0
	ldrb r2, [r1, #0x00]
	movs r0, #0x21
	negs r0, r0
	ands r0, r2
	strb r0, [r1, #0x00]
	adds r0, r4, #0x0
	adds r1, r6, #0x0
	bl process_remove
	pop {r4, r5, r6}
	pop {r0}
	bx r0
_08022648: .4byte 0x08CDBDB8
_0802264C: .4byte 0x08CDBDC8
_08022650: .4byte 0x0300034C
_08022654: .4byte 0x0000088A
	thumb_func_start fldm_update_8022658
fldm_update_8022658: @ 08022658
	push {r4, r5, r6, r7, lr}
	mov r7, r10
	mov r6, r9
	mov r5, r8
	push {r5, r6, r7}
	add sp, #-0x058
	adds r7, r0, #0x0
	movs r1, #0xFE
	lsls r1, r1, #0x01
	adds r0, r7, r1
	ldr r1, [r0, #0x00]
	cmp r1, #0x00
	beq _0802267E
	ldrb r0, [r1, #0x0A]
	cmp r0, #0x00
	beq _0802267E
	adds r0, r1, #0x0
	bl sub_805CB54
_0802267E:
	movs r2, #0xAA
	lsls r2, r2, #0x02
	adds r0, r7, r2
	ldrb r1, [r0, #0x00]
	movs r0, #0x40
	ands r0, r1
	cmp r0, #0x00
	beq _08022708
	ldrb r0, [r7, #0x00]
	cmp r0, #0x02
	bne _08022708
	movs r3, #0xAD
	lsls r3, r3, #0x02
	adds r0, r7, r3
	movs r4, #0x00
	ldsh r0, [r0, r4]
	cmp r0, #0x00
	blt _080226AA
	adds r0, r7, #0x0
	bl make_btl_8028F54
	b _08022708
_080226AA:
	ldr r5, _080226D0 @ =0x000002B2
	adds r4, r7, r5
	movs r6, #0x00
	ldsh r1, [r4, r6]
	movs r0, #0x01
	negs r0, r0
	cmp r1, r0
	blt _080226D8
	adds r0, r7, #0x0
	bl sub_80290CC
	adds r0, r7, #0x0
	bl sub_8029080
	ldr r0, _080226D4 @ =0x0000FFFE
	strh r0, [r4, #0x00]
	bl _08023DBC
	lsls r0, r0, #0x00
_080226D0:
	lsls r2, r6, #0x0A
	lsls r0, r0, #0x00
_080226D4:
	.2byte 0xFFFE @ bl lr+4092
	lsls r0, r0, #0x00
_080226D8:
	ldr r1, _08022700 @ =0x000002B1
	adds r0, r7, r1
	ldrb r1, [r0, #0x00]
	movs r0, #0x03
	ands r0, r1
	cmp r0, #0x02
	bne _08022708
	ldr r2, _08022704 @ =0x000002A9
	adds r0, r7, r2
	ldrb r1, [r0, #0x00]
	movs r0, #0x01
	ands r0, r1
	cmp r0, #0x00
	bne _08022708
	adds r0, r7, #0x0
	bl sub_802814C
	bl _08023DBC
	lsls r0, r0, #0x00
_08022700:
	lsls r1, r6, #0x0A
	lsls r0, r0, #0x00
_08022704:
	lsls r1, r5, #0x0A
	lsls r0, r0, #0x00
_08022708:
	ldrb r0, [r7, #0x00]
	cmp r0, #0x0F
	bls _08022712
	bl _08023DBC
_08022712:
	lsls r0, r0, #0x02
	ldr r1, _0802271C @ =0x08022720
	adds r0, r0, r1
	ldr r0, [r0, #0x00]
	mov pc, r0
_0802271C:
	movs r7, #0x20
	lsrs r2, r0, #0x20
	.byte 0x60, 0x27, 0x02, 0x08, 0x28, 0x2D, 0x02, 0x08, 0x50, 0x2D, 0x02, 0x08, 0xAC, 0x2D, 0x02, 0x08
	.byte 0xD4, 0x2E, 0x02, 0x08, 0x24, 0x2F, 0x02, 0x08, 0x32, 0x2F, 0x02, 0x08, 0x58, 0x2F, 0x02, 0x08
	.byte 0x6E, 0x2F, 0x02, 0x08, 0x8C, 0x2F, 0x02, 0x08, 0xA2, 0x2F, 0x02, 0x08, 0xBC, 0x2F, 0x02, 0x08
	.byte 0xE4, 0x2F, 0x02, 0x08, 0xFC, 0x2F, 0x02, 0x08, 0xDC, 0x3C, 0x02, 0x08, 0xB6, 0x3D, 0x02, 0x08
	.byte 0xF8, 0x49, 0x94, 0x23, 0x5B, 0x00, 0xFA, 0x18, 0x10, 0x88, 0x08, 0x80, 0xA0, 0x21, 0xC9, 0x04
	.byte 0x10, 0x88, 0x08, 0x80, 0x80, 0x21, 0x89, 0x04, 0x00, 0x20, 0x08, 0x80, 0xF2, 0x48, 0xF3, 0x4C
	.byte 0x00, 0x19, 0x00, 0x22, 0x02, 0x60, 0x3C, 0x1C, 0xFB, 0x34, 0x21, 0x78, 0x05, 0x20, 0x40, 0x42
	.byte 0x08, 0x40, 0x20, 0x70, 0x97, 0x25, 0x6D, 0x00, 0x78, 0x19, 0x02, 0x80, 0x98, 0x26, 0x76, 0x00
	.byte 0xB8, 0x19, 0x02, 0x80, 0xEA, 0x49, 0x78, 0x18, 0x02, 0x80, 0x9F, 0x23, 0x9B, 0x00, 0xF8, 0x18
	.byte 0x02, 0x80, 0xE8, 0x4D, 0x78, 0x19, 0x02, 0x80, 0xA0, 0x26, 0xB6, 0x00, 0xB8, 0x19, 0x02, 0x80
	.byte 0x82, 0x20, 0x80, 0x00, 0xC0, 0x19, 0x80, 0x46, 0x00, 0x78, 0x02, 0x21, 0x08, 0x43, 0x41, 0x46
	.byte 0x08, 0x70, 0x3B, 0x1C, 0xF8, 0x33, 0x0F, 0x93, 0x18, 0x78, 0x40, 0x21, 0x08, 0x43, 0x18, 0x70
	.byte 0x45, 0x46, 0x29, 0x78, 0x49, 0x07, 0xFA, 0x26, 0xF6, 0x19, 0xB1, 0x46, 0x1F, 0x20, 0x84, 0x46
	.byte 0xC9, 0x0F, 0x49, 0x01, 0x33, 0x88, 0xD8, 0x48, 0x18, 0x40, 0x08, 0x43, 0x30, 0x80, 0x38, 0x1C
	.byte 0xE8, 0x30, 0x02, 0x60, 0x04, 0x30, 0x02, 0x60, 0xD4, 0x49, 0x7A, 0x18, 0x11, 0x78, 0x05, 0x20
	.byte 0x40, 0x42, 0x08, 0x40, 0x10, 0x70, 0xD2, 0x4B, 0xFA, 0x18, 0x11, 0x78, 0x09, 0x25, 0x6D, 0x42
	.byte 0xAA, 0x46, 0x50, 0x46, 0x08, 0x40, 0x10, 0x70, 0x0F, 0x9E, 0x33, 0x78, 0x02, 0x20, 0x18, 0x40
	.byte 0x14, 0x94, 0x00, 0x28, 0x00, 0xD1, 0x9D, 0xE0, 0xCA, 0x4A, 0xCB, 0x48, 0x01, 0x68, 0x09, 0x07
	.byte 0x89, 0x0F, 0xC8, 0x00, 0x40, 0x1A, 0x40, 0x01, 0x40, 0x1A, 0xC0, 0x00, 0x10, 0x30, 0x14, 0x68
	.byte 0x24, 0x18, 0x26, 0x1D, 0x21, 0x79, 0xC9, 0x07, 0xC9, 0x0F, 0x89, 0x01, 0x38, 0x3D, 0x28, 0x1C
	.byte 0x18, 0x40, 0x08, 0x43, 0x0F, 0x99, 0x08, 0x70, 0x20, 0x79, 0x80, 0x07, 0xC0, 0x0F, 0x43, 0x46
	.byte 0x1A, 0x78, 0x02, 0x21, 0x49, 0x42, 0x11, 0x40, 0x01, 0x43, 0x19, 0x70, 0x20, 0x79, 0x40, 0x07
	.byte 0xC0, 0x0F, 0x40, 0x00, 0x03, 0x22, 0x52, 0x42, 0x0A, 0x40, 0x02, 0x43, 0x1A, 0x70, 0x20, 0x79
	.byte 0x00, 0x07, 0xC0, 0x0F, 0x80, 0x00, 0x05, 0x23, 0x5B, 0x42, 0x13, 0x40, 0x03, 0x43, 0x40, 0x46
	.byte 0x03, 0x70, 0x20, 0x79, 0xC0, 0x06, 0xC0, 0x0F, 0xC0, 0x00, 0x51, 0x46, 0x19, 0x40, 0x01, 0x43
	.byte 0x42, 0x46, 0x11, 0x70, 0x20, 0x79, 0x80, 0x06, 0xC0, 0x0F, 0x00, 0x01, 0x11, 0x22, 0x52, 0x42
	.byte 0x11, 0x40, 0x01, 0x43, 0x43, 0x46, 0x19, 0x70, 0xA1, 0x88, 0xC9, 0x05, 0x49, 0x0F, 0xA7, 0x48
	.byte 0x3B, 0x18, 0x49, 0x01, 0x1A, 0x78, 0x1F, 0x20, 0x10, 0x40, 0x08, 0x43, 0x18, 0x70, 0x70, 0x78
	.byte 0xA3, 0x49, 0x7B, 0x18, 0x1C, 0x21, 0x01, 0x40, 0x1A, 0x78, 0x1D, 0x20, 0x40, 0x42, 0x10, 0x40
	.byte 0x08, 0x43, 0x18, 0x70, 0x61, 0x68, 0x89, 0x03, 0xC9, 0x0E, 0x62, 0x46, 0x11, 0x40, 0x49, 0x01
	.byte 0x4B, 0x46, 0x1A, 0x88, 0x94, 0x48, 0x10, 0x40, 0x08, 0x43, 0x18, 0x80, 0xB0, 0x78, 0x40, 0x07
	.byte 0xC0, 0x0F, 0x80, 0x01, 0x44, 0x46, 0x21, 0x78, 0x0D, 0x40, 0x05, 0x43, 0x25, 0x70, 0xB0, 0x78
	.byte 0x00, 0x07, 0xC0, 0x0F, 0xC0, 0x01, 0x7F, 0x21, 0x0D, 0x40, 0x05, 0x43, 0x25, 0x70, 0x70, 0x88
	.byte 0x80, 0x04, 0x80, 0x0D, 0xF8, 0xF7, 0xBA, 0xFB, 0x8E, 0x48, 0x01, 0x68, 0xA5, 0x25, 0xED, 0x00
	.byte 0x4A, 0x19, 0x20, 0x78, 0x40, 0x07, 0xC0, 0x0F, 0x10, 0x60, 0xA6, 0x20, 0xC0, 0x00, 0x09, 0x18
	.byte 0x4A, 0x46, 0x10, 0x88, 0x80, 0x05, 0xC0, 0x0E, 0x08, 0x60, 0x21, 0x78, 0x49, 0x07, 0xC9, 0x0F
	.byte 0x48, 0x00, 0x40, 0x18, 0x80, 0x00, 0x04, 0x30, 0x36, 0x18, 0x31, 0x88, 0x92, 0x23, 0x5B, 0x00
	.byte 0xF8, 0x18, 0x01, 0x80, 0x7F, 0x48, 0x00, 0x68, 0xA6, 0x24, 0xE4, 0x00, 0x01, 0x19, 0xA5, 0x25
	.byte 0xED, 0x00, 0x40, 0x19, 0x00, 0x68, 0x08, 0x60, 0x3C, 0x1C, 0xD4, 0x34, 0x92, 0x26, 0x76, 0x00
	.byte 0xF6, 0x19, 0xB2, 0x46, 0x31, 0x88, 0x48, 0x00, 0x40, 0x18, 0xC0, 0x00, 0x76, 0x49, 0x40, 0x18
	.byte 0x20, 0x60, 0x81, 0x78, 0x09, 0x09, 0x01, 0x20, 0x81, 0x46, 0x01, 0x22, 0x10, 0xAB, 0x1A, 0x70
	.byte 0x01, 0x40, 0x89, 0x00, 0x14, 0x9D, 0x2A, 0x78, 0x06, 0x38, 0x10, 0x40, 0x08, 0x43, 0x28, 0x70
	.byte 0x20, 0x68, 0x00, 0x8A, 0x93, 0x21, 0x49, 0x00, 0x7E, 0x18, 0x30, 0x80, 0x20, 0x68, 0xC0, 0x89
	.byte 0xD8, 0xF0, 0x06, 0xFF, 0x39, 0x1C, 0xD8, 0x31, 0x08, 0x60, 0x20, 0x68, 0xC0, 0x8A, 0xD8, 0xF0
	.byte 0x07, 0xFF, 0x39, 0x1C, 0xDC, 0x31, 0x08, 0x60, 0x52, 0x46, 0x10, 0x88, 0x37, 0xF0, 0x80, 0xFA
	.byte 0x39, 0x1C, 0xE0, 0x31, 0x08, 0x60, 0xC7, 0x23, 0x9B, 0x00, 0xF8, 0x18, 0x00, 0x68, 0xCD, 0xF0
	.byte 0x8B, 0xF8, 0x5E, 0x48, 0x3D, 0x1C, 0x28, 0x35, 0x03, 0x68, 0x00, 0x20, 0x29, 0x1C, 0x80, 0x22
	.byte 0xB8, 0xF1, 0x30, 0xF8, 0x31, 0x88, 0x38, 0x1C, 0x03, 0xF0, 0xD2, 0xFE, 0x0F, 0x9C, 0x21, 0x78
	.byte 0x02, 0x20, 0x08, 0x40, 0x00, 0x28, 0x00, 0xD1, 0x5A, 0xE1, 0x4E, 0x49, 0x4E, 0x48, 0x00, 0x68
	.byte 0x00, 0x07, 0x80, 0x0F, 0xC4, 0x00, 0x24, 0x1A, 0x64, 0x01, 0x24, 0x1A, 0xE4, 0x00, 0x08, 0x68
	.byte 0x24, 0x18, 0x14, 0x34, 0x46, 0x46, 0x30, 0x78, 0x40, 0x07, 0xC0, 0x0F, 0x42, 0x00, 0x12, 0x18
	.byte 0x92, 0x00, 0x04, 0x32, 0xA2, 0x18, 0x80, 0x21, 0x89, 0x00, 0x7B, 0x18, 0x80, 0x00, 0x28, 0x18
	.byte 0x00, 0x68, 0x18, 0x60, 0x81, 0x20, 0x80, 0x00, 0x3E, 0x18, 0x41, 0x46, 0x08, 0x78, 0x40, 0x07
	.byte 0xC0, 0x0F, 0x49, 0x46, 0x48, 0x40, 0x80, 0x00, 0x28, 0x18, 0x00, 0x68, 0x30, 0x60, 0x19, 0x68
	.byte 0x90, 0x78, 0x40, 0x07, 0x40, 0x0F, 0x55, 0x31, 0x08, 0x70, 0x19, 0x68, 0x04, 0x25, 0x50, 0x5F
	.byte 0x00, 0x02, 0xC8, 0x60, 0x19, 0x68, 0x06, 0x25, 0x50, 0x5F, 0x00, 0x02, 0x08, 0x61, 0x19, 0x68
	.byte 0x08, 0x25, 0x50, 0x5F, 0x00, 0x02, 0x48, 0x61, 0x19, 0x68, 0x0A, 0x25, 0x50, 0x5F, 0x00, 0x02
	.byte 0x88, 0x61, 0x19, 0x68, 0x83, 0x25, 0xAD, 0x00, 0x49, 0x19, 0x0A, 0x78, 0x21, 0x20, 0x40, 0x42
	.byte 0x10, 0x40, 0x08, 0x70, 0x1B, 0x68, 0x40, 0x46, 0x01, 0x78, 0xC9, 0x06, 0xC9, 0x0F, 0x4A, 0x46
	.byte 0x51, 0x40, 0x5B, 0x19, 0xCD, 0x01, 0x1A, 0x78, 0x7F, 0x20, 0x84, 0x46, 0x10, 0x40, 0x28, 0x43
	.byte 0x4A, 0x46, 0x11, 0x40, 0x10, 0xAD, 0x2D, 0x78, 0x29, 0x40, 0x89, 0x01, 0x41, 0x25, 0x6D, 0x42
	.byte 0x28, 0x40, 0x08, 0x43, 0x18, 0x70, 0x41, 0x46, 0x08, 0x78, 0x40, 0x07, 0xC2, 0x0F, 0x11, 0x1C
	.byte 0x4B, 0x46, 0x59, 0x40, 0x48, 0x00, 0x40, 0x18, 0x80, 0x00, 0x04, 0x30, 0x24, 0x18, 0x20, 0x88
	.byte 0x51, 0x46, 0x09, 0x88, 0x88, 0x42, 0x60, 0xD1, 0x31, 0x68, 0xA0, 0x78, 0x40, 0x07, 0x40, 0x0F
	.byte 0x55, 0x31, 0x08, 0x70, 0x31, 0x68, 0x04, 0x22, 0xA0, 0x5E, 0x00, 0x02, 0xC8, 0x60, 0x31, 0x68
	.byte 0x06, 0x23, 0xE0, 0x5E, 0x00, 0x02, 0x08, 0x61, 0x31, 0x68, 0x08, 0x22, 0xA0, 0x5E, 0x00, 0x02
	.byte 0x1E, 0xE0, 0x00, 0x00, 0x80, 0x00, 0x00, 0x02, 0x4C, 0x03, 0x00, 0x03, 0x84, 0x08, 0x00, 0x00
	.byte 0x7A, 0x02, 0x00, 0x00, 0x7E, 0x02, 0x00, 0x00, 0x1F, 0xFC, 0xFF, 0xFF, 0x0A, 0x02, 0x00, 0x00
	.byte 0x0B, 0x02, 0x00, 0x00, 0xFC, 0x0F, 0x00, 0x03, 0x40, 0x0D, 0x00, 0x03, 0x6B, 0x02, 0x00, 0x00
	.byte 0x46, 0x02, 0x00, 0x00, 0xD0, 0x0F, 0x00, 0x03, 0xD4, 0x78, 0x3A, 0x08, 0x34, 0x10, 0x00, 0x03
	.byte 0x48, 0x61, 0x31, 0x68, 0x0A, 0x23, 0xE0, 0x5E, 0x00, 0x02, 0x88, 0x61, 0x31, 0x68, 0x83, 0x24
	.byte 0xA4, 0x00, 0x09, 0x19, 0x0A, 0x78, 0x21, 0x20, 0x40, 0x42, 0x10, 0x40, 0x08, 0x70, 0x33, 0x68
	.byte 0x46, 0x46, 0x31, 0x78, 0xC9, 0x06, 0xC9, 0x0F, 0x48, 0x46, 0x41, 0x40, 0x1B, 0x19, 0xCC, 0x01
	.byte 0x1A, 0x78, 0x60, 0x46, 0x10, 0x40, 0x20, 0x43, 0x4A, 0x46, 0x11, 0x40, 0x10, 0xAC, 0x24, 0x78
	.byte 0x21, 0x40, 0x89, 0x01, 0x28, 0x40, 0x08, 0x43, 0x18, 0x70, 0xB6, 0x25, 0xAD, 0x00, 0x7A, 0x19
	.byte 0x10, 0x78, 0x1F, 0x21, 0x08, 0x43, 0x10, 0x70, 0x42, 0xE0, 0xB6, 0x20, 0x80, 0x00, 0x3B, 0x18
	.byte 0x10, 0xA9, 0x09, 0x78, 0x4A, 0x40, 0x19, 0x78, 0x20, 0x20, 0x40, 0x42, 0x08, 0x40, 0x10, 0x43
	.byte 0x18, 0x70, 0x21, 0x88, 0x22, 0x4A, 0xB8, 0x18, 0x01, 0x80, 0xA1, 0x78, 0x49, 0x07, 0x09, 0x0E
	.byte 0x1A, 0x78, 0x1F, 0x20, 0x10, 0x40, 0x08, 0x43, 0x18, 0x70, 0xB7, 0x23, 0x9B, 0x00, 0xF9, 0x18
	.byte 0x04, 0x25, 0x60, 0x5F, 0x00, 0x02, 0x08, 0x60, 0xB8, 0x20, 0x80, 0x00, 0x39, 0x18, 0x06, 0x22
	.byte 0xA0, 0x5E, 0x00, 0x02, 0x08, 0x60, 0x08, 0x33, 0xF9, 0x18, 0x08, 0x25, 0x60, 0x5F, 0x00, 0x02
	.byte 0x08, 0x60, 0xBA, 0x20, 0x80, 0x00, 0x39, 0x18, 0x0A, 0x22, 0xA0, 0x5E, 0x00, 0x02, 0x08, 0x60
	.byte 0x31, 0x68, 0x10, 0x4C, 0x0B, 0x19, 0x1A, 0x78, 0x03, 0x20, 0x40, 0x42, 0x10, 0x40, 0x18, 0x70
	.byte 0x83, 0x25, 0xAD, 0x00, 0x49, 0x19, 0x0A, 0x78, 0x02, 0x20, 0x40, 0x42, 0x10, 0x40, 0x08, 0x70
	.byte 0x09, 0x4E, 0xB8, 0x19, 0x01, 0x78, 0x1C, 0x20, 0x08, 0x40, 0x00, 0x28, 0x22, 0xD0, 0xC8, 0x06
	.byte 0x40, 0x0F, 0x02, 0x28, 0x1E, 0xD0, 0x02, 0x28, 0x08, 0xDC, 0x01, 0x28, 0x0B, 0xD0, 0x19, 0xE0
	.byte 0xDA, 0x02, 0x00, 0x00, 0x0F, 0x02, 0x00, 0x00, 0x46, 0x02, 0x00, 0x00, 0x03, 0x28, 0x07, 0xD0
	.byte 0x04, 0x28, 0x0B, 0xD0, 0x0E, 0xE0, 0x01, 0x48, 0x39, 0x18, 0x09, 0xE0, 0x1E, 0x02, 0x00, 0x00
	.byte 0x01, 0x4A, 0xB9, 0x18, 0x04, 0xE0, 0x00, 0x00, 0x36, 0x02, 0x00, 0x00, 0x1D, 0x4B, 0xF9, 0x18
	.byte 0x00, 0x20, 0x08, 0x70, 0x82, 0x24, 0xA4, 0x00, 0x38, 0x19, 0x01, 0x78, 0x10, 0x20, 0x08, 0x40
	.byte 0x00, 0x06, 0x02, 0x0E, 0x00, 0x2A, 0x0B, 0xD1, 0x48, 0x07, 0xC0, 0x0F, 0x01, 0x21, 0x48, 0x40
	.byte 0x41, 0x00, 0x09, 0x18, 0xC9, 0x00, 0x79, 0x18, 0x88, 0x25, 0xAD, 0x00, 0x49, 0x19, 0x0A, 0x70
	.byte 0x14, 0x9E, 0x31, 0x78, 0x04, 0x20, 0x08, 0x40, 0x80, 0x22, 0x92, 0x00, 0x11, 0x1C, 0x00, 0x28
	.byte 0x02, 0xD0, 0x80, 0x23, 0x5B, 0x00, 0x19, 0x1C, 0x80, 0x24, 0x64, 0x00, 0x38, 0x19, 0x01, 0x80
	.byte 0x14, 0x9D, 0x2A, 0x78, 0x50, 0x07, 0xC0, 0x0F, 0x10, 0x21, 0x01, 0x41, 0xC9, 0x00, 0x07, 0x20
	.byte 0x10, 0x40, 0x08, 0x43, 0x28, 0x70, 0x38, 0x1C, 0x03, 0xF0, 0xAE, 0xFF, 0x01, 0x20, 0x38, 0x70
	.byte 0x01, 0xF0, 0x4C, 0xF8, 0x1E, 0x02, 0x00, 0x00, 0x80, 0x21, 0x89, 0x04, 0x00, 0x20, 0x08, 0x80
	.byte 0x05, 0x48, 0x06, 0x4E, 0x80, 0x19, 0x00, 0x21, 0x01, 0x60, 0xC6, 0xF0, 0x53, 0xF8, 0x02, 0x20
	.byte 0x38, 0x70, 0x01, 0xF0, 0x3B, 0xF8, 0x00, 0x00, 0x4C, 0x03, 0x00, 0x03, 0x84, 0x08, 0x00, 0x00
	.byte 0x80, 0x21, 0x89, 0x04, 0x00, 0x20, 0x08, 0x80, 0x11, 0x48, 0x12, 0x49, 0x40, 0x18, 0x00, 0x21
	.byte 0x01, 0x60, 0xC1, 0x22, 0x92, 0x00, 0xB8, 0x18, 0x00, 0x68, 0x00, 0x28, 0x01, 0xD0, 0xF6, 0xF7
	.byte 0x5D, 0xFF, 0xC5, 0x23, 0x9B, 0x00, 0xFD, 0x18, 0x0B, 0x4C, 0x5C, 0x20, 0x00, 0x21, 0x22, 0x1C
	.byte 0x00, 0x23, 0xF6, 0xF7, 0x33, 0xF8, 0x08, 0x21, 0x22, 0x1C, 0x08, 0x23, 0xF1, 0xF0, 0xDE, 0xFE
	.byte 0x28, 0x60, 0xF6, 0xF7, 0x4B, 0xFF, 0x03, 0x20, 0x38, 0x70, 0x01, 0xF0, 0x0F, 0xF8, 0x00, 0x00
	.byte 0x4C, 0x03, 0x00, 0x03, 0x84, 0x08, 0x00, 0x00, 0xE4, 0x25, 0x1E, 0x08, 0x80, 0x21, 0x89, 0x04
	.byte 0x00, 0x20, 0x08, 0x80, 0x2B, 0x4E, 0x2C, 0x4C, 0x30, 0x19, 0x00, 0x22, 0x02, 0x60, 0x3B, 0x1C
	.byte 0xFA, 0x33, 0x19, 0x78, 0x10, 0x20, 0x40, 0x42, 0x08, 0x40, 0x18, 0x70, 0x38, 0x1C, 0xF0, 0x30
	.byte 0x02, 0x60, 0x90, 0x25, 0x6D, 0x00, 0xED, 0x19, 0xAA, 0x46, 0x28, 0x88, 0x81, 0x46, 0x4A, 0x46
	.byte 0x91, 0x05, 0x33, 0x1C, 0x78, 0x33, 0x89, 0x0D, 0x1A, 0x88, 0x20, 0x4D, 0x28, 0x1C, 0x10, 0x40
	.byte 0x08, 0x43, 0x18, 0x80, 0x1E, 0x4B, 0xDB, 0x19, 0x9C, 0x46, 0x1C, 0x78, 0x79, 0x36, 0x0C, 0x21
	.byte 0x21, 0x40, 0x33, 0x78, 0x0D, 0x22, 0x52, 0x42, 0x10, 0x1C, 0x18, 0x40, 0x08, 0x43, 0x10, 0x21
	.byte 0x21, 0x40, 0x11, 0x23, 0x5B, 0x42, 0x98, 0x46, 0x18, 0x40, 0x08, 0x43, 0x20, 0x21, 0x21, 0x40
	.byte 0x10, 0x3B, 0x18, 0x40, 0x08, 0x43, 0x30, 0x70, 0x4C, 0x46, 0x25, 0x40, 0x56, 0x46, 0x35, 0x80
	.byte 0x61, 0x46, 0x08, 0x78, 0x02, 0x40, 0x44, 0x46, 0x22, 0x40, 0x1A, 0x40, 0x0A, 0x70, 0x0D, 0x49
	.byte 0x08, 0x68, 0x00, 0x28, 0x01, 0xD1, 0x0C, 0x48, 0x08, 0x60, 0xC1, 0x25, 0xAD, 0x00, 0x7E, 0x19
	.byte 0x35, 0x68, 0x00, 0x2D, 0x12, 0xD0, 0x28, 0x1C, 0x34, 0xF0, 0xC4, 0xFE, 0x30, 0x68, 0xF6, 0xF7
	.byte 0xDD, 0xFE, 0x22, 0xE0, 0x4C, 0x03, 0x00, 0x03, 0x84, 0x08, 0x00, 0x00, 0x00, 0xFC, 0xFF, 0xFF
	.byte 0x21, 0x01, 0x00, 0x00, 0x78, 0x0C, 0x00, 0x03, 0x3C, 0x06, 0x00, 0x08, 0x13, 0x48, 0x14, 0x4C
	.byte 0x00, 0x21, 0x22, 0x1C, 0x00, 0x23, 0xF5, 0xF7, 0xB1, 0xFF, 0x92, 0x22, 0x52, 0x00, 0xB9, 0x18
	.byte 0x0B, 0x88, 0x00, 0x95, 0x01, 0x95, 0xC5, 0x25, 0xAD, 0x00, 0x79, 0x19, 0x09, 0x68, 0x02, 0x91
	.byte 0x08, 0x21, 0x22, 0x1C, 0x34, 0xF0, 0x90, 0xFB, 0x30, 0x60, 0xAE, 0x20, 0x40, 0x01, 0x00, 0x21
	.byte 0x01, 0x22, 0xBE, 0x23, 0xFD, 0xF7, 0x6E, 0xFD, 0x3A, 0x1C, 0xF8, 0x32, 0x10, 0x78, 0x01, 0x21
	.byte 0x08, 0x43, 0x10, 0x70, 0x04, 0x20, 0x38, 0x70, 0x00, 0xF0, 0x78, 0xFF, 0x9C, 0x05, 0x00, 0x00
	.byte 0xEC, 0x25, 0x1E, 0x08, 0xC1, 0x26, 0xB6, 0x00, 0xBD, 0x19, 0x28, 0x68, 0x1C, 0x21, 0x40, 0x5E
	.byte 0x00, 0x28, 0x01, 0xD0, 0x00, 0xF0, 0x6A, 0xFF, 0xFE, 0x22, 0x52, 0x00, 0xBC, 0x18, 0x0B, 0x4A
	.byte 0x0C, 0x20, 0x00, 0x21, 0x00, 0x23, 0xF5, 0xF7, 0x79, 0xFF, 0x39, 0xF0, 0xED, 0xFE, 0x20, 0x60
	.byte 0x28, 0x68, 0x07, 0x4B, 0xFA, 0x18, 0xA2, 0x24, 0xA4, 0x00, 0x3B, 0x19, 0x02, 0x21, 0x37, 0xF0
	.byte 0xED, 0xF8, 0x05, 0x20, 0x38, 0x70, 0x00, 0xF0, 0x51, 0xFF, 0x00, 0x00, 0xF4, 0x25, 0x1E, 0x08
	.byte 0x86, 0x02, 0x00, 0x00, 0x38, 0x1C, 0x06, 0xF0, 0x19, 0xFB, 0x06, 0x20, 0x38, 0x70, 0x00, 0xF0
	.byte 0x45, 0xFF, 0x08, 0x48, 0x00, 0x78, 0x00, 0x28, 0x01, 0xD0, 0x00, 0xF0, 0x3F, 0xFF, 0x38, 0x1C
	.byte 0x06, 0xF0, 0xAE, 0xFA, 0x38, 0x1C, 0x06, 0xF0, 0x8B, 0xFA, 0x07, 0x20, 0x38, 0x70, 0x00, 0xF0
	.byte 0x35, 0xFF, 0x00, 0x00, 0x80, 0x0C, 0x00, 0x03, 0x93, 0x25, 0x6D, 0x00, 0x78, 0x19, 0x01, 0x88
	.byte 0x38, 0x1C, 0x06, 0xF0, 0x49, 0xFA, 0x08, 0x20, 0x38, 0x70, 0x00, 0xF0, 0x27, 0xFF, 0x06, 0x48
	.byte 0x00, 0x78, 0x00, 0x28, 0x01, 0xD0, 0x00, 0xF0, 0x21, 0xFF, 0x38, 0x1C, 0x06, 0xF0, 0x1C, 0xFA
	.byte 0x09, 0x20, 0x38, 0x70, 0x00, 0xF0, 0x1A, 0xFF, 0x80, 0x0C, 0x00, 0x03, 0x93, 0x26, 0x76, 0x00
	.byte 0xB8, 0x19, 0x01, 0x88, 0x38, 0x1C, 0x03, 0xF0, 0xAD, 0xFA, 0x0A, 0x20, 0x38, 0x70, 0x00, 0xF0
	.byte 0x0D, 0xFF, 0x93, 0x21, 0x49, 0x00, 0x78, 0x18, 0x01, 0x88, 0x38, 0x1C, 0x03, 0xF0, 0x1E, 0xFB
	.byte 0xFD, 0xF7, 0x62, 0xFD, 0x0B, 0x20, 0x38, 0x70, 0x00, 0xF0, 0x00, 0xFF, 0xC7, 0x22, 0x92, 0x00
	.byte 0xBC, 0x18, 0x20, 0x68, 0xA8, 0x21, 0x09, 0x02, 0xB0, 0x22, 0x12, 0x02, 0xCC, 0xF0, 0x22, 0xFD
	.byte 0x20, 0x68, 0xE0, 0x21, 0xC9, 0x01, 0x0F, 0x22, 0xCD, 0xF0, 0xFC, 0xF8, 0x0C, 0x20, 0x38, 0x70
	.byte 0x00, 0xF0, 0xEC, 0xFE, 0x04, 0x48, 0x00, 0x78, 0x00, 0x28, 0x01, 0xD0, 0x00, 0xF0, 0xE6, 0xFE
	.byte 0x0D, 0x20, 0x38, 0x70, 0x00, 0xF0, 0xE2, 0xFE, 0x80, 0x0C, 0x00, 0x03, 0x92, 0x23, 0x5B, 0x00
	.byte 0xF8, 0x18, 0x01, 0x88, 0x1B, 0x48, 0x81, 0x42, 0x46, 0xD1, 0x1B, 0x4C, 0x20, 0x1C, 0xF6, 0xF7
	.byte 0x4F, 0xFC, 0x1A, 0x4A, 0x01, 0x21, 0x00, 0x23, 0xF5, 0xF7, 0xCC, 0xFE, 0x06, 0x1C, 0x18, 0x48
	.byte 0x02, 0x68, 0x20, 0x1C, 0x31, 0x1C, 0xB7, 0xF1, 0x23, 0xFD, 0x16, 0x4D, 0x20, 0x1C, 0xF6, 0xF7
	.byte 0x3F, 0xFC, 0x02, 0x1C, 0x52, 0x02, 0xD2, 0x0A, 0x30, 0x1C, 0x29, 0x1C, 0xB7, 0xF1, 0x2C, 0xFB
	.byte 0x00, 0x2E, 0x02, 0xD0, 0x30, 0x1C, 0xF5, 0xF7, 0xA9, 0xFE, 0x0F, 0x48, 0x0F, 0x49, 0xA0, 0x22
	.byte 0xD2, 0x00, 0x00, 0x23, 0x00, 0x93, 0x20, 0x23, 0xF5, 0xF7, 0xDE, 0xF8, 0x0C, 0x49, 0x0D, 0x4C
	.byte 0x20, 0x1C, 0x08, 0x80, 0x3A, 0x1C, 0xF9, 0x32, 0x10, 0x78, 0x04, 0x21, 0x08, 0x43, 0x10, 0x70
	.byte 0x13, 0x92, 0x19, 0xE0, 0xC1, 0x01, 0x00, 0x00, 0x80, 0xEF, 0x39, 0x08, 0xFC, 0x25, 0x1E, 0x08
	.byte 0x84, 0x0C, 0x00, 0x03, 0x00, 0xC0, 0x00, 0x06, 0x24, 0xF0, 0x39, 0x08, 0x00, 0xF0, 0x00, 0x06
	.byte 0x08, 0x00, 0x00, 0x02, 0x0C, 0x1E, 0x00, 0x00, 0x38, 0x1C, 0xF9, 0x30, 0x02, 0x78, 0x05, 0x21
	.byte 0x49, 0x42, 0x11, 0x40, 0x01, 0x70, 0x13, 0x90, 0xAA, 0x25, 0xAD, 0x00, 0x78, 0x19, 0x01, 0x78
	.byte 0x40, 0x20, 0x08, 0x40, 0x3E, 0x1C, 0x28, 0x36, 0x11, 0x96, 0x00, 0x28, 0x78, 0xD0, 0xCA, 0x06
	.byte 0x50, 0x0E, 0x30, 0x18, 0x00, 0x68, 0x1C, 0x49, 0x40, 0x18, 0x01, 0x78, 0x38, 0x20, 0x08, 0x40
	.byte 0x18, 0x28, 0x1C, 0xD1, 0x50, 0x0E, 0x30, 0x18, 0x03, 0x68, 0x18, 0x4A, 0x98, 0x18, 0x01, 0x78
	.byte 0x08, 0x20, 0x08, 0x40, 0x00, 0x28, 0x12, 0xD0, 0xD1, 0x24, 0xA4, 0x00, 0x1B, 0x19, 0x19, 0x68
	.byte 0x9C, 0x3D, 0x49, 0x19, 0x0A, 0x78, 0x02, 0x20, 0x40, 0x42, 0x10, 0x40, 0x08, 0x70, 0x19, 0x68
	.byte 0x0F, 0x4E, 0x89, 0x19, 0x0A, 0x78, 0x03, 0x20, 0x40, 0x42, 0x10, 0x40, 0x08, 0x70, 0xAA, 0x21
	.byte 0x89, 0x00, 0x78, 0x18, 0x02, 0x78, 0xD0, 0x06, 0x40, 0x0E, 0x11, 0x9B, 0x18, 0x18, 0x03, 0x68
	.byte 0x08, 0x4C, 0x38, 0x19, 0x00, 0x78, 0x80, 0x07, 0x80, 0x0F, 0x01, 0x28, 0x1C, 0xD0, 0x01, 0x28
	.byte 0x0A, 0xDC, 0x00, 0x28, 0x0B, 0xD0, 0x3B, 0xE0, 0x0E, 0x02, 0x00, 0x00, 0x3D, 0x03, 0x00, 0x00
	.byte 0x0F, 0x02, 0x00, 0x00, 0xB1, 0x02, 0x00, 0x00, 0x02, 0x28, 0x25, 0xD0, 0x30, 0xE0, 0x80, 0x20
	.byte 0x10, 0x40, 0x00, 0x28, 0x2C, 0xD1, 0x18, 0x1C, 0x2D, 0xF0, 0x48, 0xF8, 0x13, 0x9D, 0x28, 0x78
	.byte 0x10, 0x21, 0x08, 0x43, 0x28, 0x70, 0x23, 0xE0, 0x0A, 0x4E, 0xB8, 0x19, 0x01, 0x78, 0x02, 0x20
	.byte 0x08, 0x40, 0x00, 0x28, 0x1C, 0xD1, 0x1F, 0x20, 0x10, 0x40, 0x00, 0x28, 0x18, 0xD0, 0x18, 0x1C
	.byte 0x2D, 0xF0, 0xA2, 0xF8, 0x13, 0x99, 0x08, 0x78, 0x10, 0x21, 0x08, 0x43, 0x13, 0x9A, 0x10, 0x70
	.byte 0x0E, 0xE0, 0x00, 0x00, 0xA9, 0x02, 0x00, 0x00, 0x5D, 0x4B, 0xF8, 0x18, 0x01, 0x78, 0x01, 0x20
	.byte 0x08, 0x40, 0x00, 0x28, 0x04, 0xD1, 0x13, 0x9C, 0x20, 0x78, 0x10, 0x21, 0x08, 0x43, 0x20, 0x70
	.byte 0x00, 0x25, 0x58, 0x4E, 0xB8, 0x19, 0x39, 0x1C, 0xF8, 0x31, 0x12, 0x91, 0xA8, 0x22, 0xD2, 0x19
	.byte 0x92, 0x46, 0x00, 0x78, 0x85, 0x42, 0x19, 0xDA, 0x11, 0x9C, 0x22, 0x68, 0x52, 0x4B, 0xD0, 0x18
	.byte 0x01, 0x78, 0x02, 0x20, 0x08, 0x40, 0x00, 0x28, 0x09, 0xD0, 0xCE, 0x26, 0xB6, 0x00, 0x90, 0x19
	.byte 0x01, 0x68, 0x20, 0x23, 0xC8, 0x5E, 0x10, 0x18, 0x49, 0x6A, 0xB7, 0xF1, 0x3F, 0xFC, 0x04, 0x34
	.byte 0x01, 0x35, 0x48, 0x4E, 0xB8, 0x19, 0x00, 0x78, 0x85, 0x42, 0xE6, 0xDB, 0xC3, 0x20, 0x80, 0x00
	.byte 0x3E, 0x18, 0x46, 0x4D, 0x1C, 0x20, 0x00, 0x21, 0x2A, 0x1C, 0x00, 0x23, 0xF5, 0xF7, 0xEE, 0xFD
	.byte 0x04, 0x1C, 0x08, 0x21, 0x2A, 0x1C, 0xF6, 0xF7, 0xC7, 0xFB, 0x41, 0x48, 0xA0, 0x61, 0x34, 0x60
	.byte 0xC4, 0x21, 0x89, 0x00, 0x7E, 0x18, 0x3F, 0x4D, 0x1C, 0x20, 0x00, 0x21, 0x2A, 0x1C, 0x00, 0x23
	.byte 0xF5, 0xF7, 0xDC, 0xFD, 0x04, 0x1C, 0x05, 0x21, 0x2A, 0x1C, 0xF6, 0xF7, 0xB5, 0xFB, 0x3A, 0x48
	.byte 0xA0, 0x61, 0x34, 0x60, 0x80, 0x22, 0x92, 0x00, 0xBD, 0x18, 0x82, 0x23, 0x9B, 0x00, 0xFA, 0x18
	.byte 0x11, 0x78, 0x04, 0x20, 0x08, 0x40, 0x11, 0x9C, 0x20, 0x18, 0x00, 0x68, 0x28, 0x60, 0x81, 0x26
	.byte 0xB6, 0x00, 0xBC, 0x19, 0x10, 0x78, 0x40, 0x07, 0xC0, 0x0F, 0x01, 0x22, 0x50, 0x40, 0x80, 0x00
	.byte 0x11, 0x99, 0x08, 0x18, 0x03, 0x68, 0x23, 0x60, 0x28, 0x68, 0xE2, 0x21, 0x89, 0x00, 0x40, 0x18
	.byte 0x03, 0x60, 0x20, 0x68, 0x40, 0x18, 0x29, 0x68, 0x01, 0x60, 0xAE, 0x23, 0x9B, 0x00, 0xF8, 0x18
	.byte 0x00, 0x78, 0x02, 0x40, 0x00, 0x2A, 0x28, 0xD0, 0x28, 0x68, 0xDA, 0x24, 0xA4, 0x00, 0x00, 0x19
	.byte 0x00, 0x68, 0x01, 0x78, 0xC8, 0x1E, 0x00, 0x06, 0x00, 0x0E, 0x01, 0x28, 0x11, 0xD9, 0x08, 0x1C
	.byte 0x0E, 0x28, 0x0E, 0xD0, 0x0F, 0x28, 0x0C, 0xD0, 0x10, 0x28, 0x0A, 0xD0, 0x11, 0x28, 0x08, 0xD0
	.byte 0x1A, 0x4D, 0x78, 0x19, 0x00, 0x78, 0x1C, 0x21, 0x01, 0x40, 0x14, 0x29, 0x01, 0xD0, 0x18, 0x29
	.byte 0x0B, 0xD1, 0x16, 0x4E, 0xBA, 0x19, 0x11, 0x78, 0x1D, 0x20, 0x40, 0x42, 0x08, 0x40, 0x10, 0x70
	.byte 0x38, 0x1C, 0x00, 0x21, 0x00, 0x22, 0x06, 0xF0, 0x91, 0xFB, 0x12, 0x98, 0x01, 0x78, 0x02, 0x20
	.byte 0x08, 0x40, 0x00, 0x28, 0x1C, 0xD0, 0x82, 0x21, 0x89, 0x00, 0x78, 0x18, 0x01, 0x78, 0x10, 0x20
	.byte 0x08, 0x40, 0x00, 0x28, 0x3E, 0xD0, 0x38, 0x1C, 0x00, 0x21, 0x0A, 0xF0, 0x39, 0xFE, 0x39, 0xE0
	.byte 0xA9, 0x02, 0x00, 0x00, 0x0B, 0x01, 0x00, 0x00, 0x0F, 0x02, 0x00, 0x00, 0x04, 0x26, 0x1E, 0x08
	.byte 0xD8, 0xBD, 0xCD, 0x08, 0x0C, 0x26, 0x1E, 0x08, 0xC8, 0xBD, 0xCD, 0x08, 0x46, 0x02, 0x00, 0x00
	.byte 0xAE, 0x22, 0x92, 0x00, 0xB8, 0x18, 0x01, 0x78, 0x01, 0x20, 0x08, 0x40, 0x00, 0x28, 0x03, 0xD0
	.byte 0x38, 0x1C, 0x04, 0xF0, 0x81, 0xFF, 0x1D, 0xE0, 0x12, 0x9B, 0x1A, 0x88, 0x81, 0x21, 0x09, 0x01
	.byte 0x08, 0x1C, 0x10, 0x40, 0x88, 0x42, 0x15, 0xD1, 0x81, 0x24, 0xA4, 0x00, 0x3A, 0x19, 0x13, 0x68
	.byte 0x80, 0x25, 0xAD, 0x00, 0x79, 0x19, 0x08, 0x68, 0xC0, 0x68, 0xD8, 0x60, 0x13, 0x68, 0x08, 0x68
	.byte 0x00, 0x69, 0x18, 0x61, 0x12, 0x68, 0x08, 0x68, 0x40, 0x69, 0x50, 0x61, 0x38, 0x1C, 0x01, 0x21
	.byte 0x0B, 0xF0, 0xA2, 0xF8, 0xAE, 0x26, 0xB6, 0x00, 0xB8, 0x19, 0x01, 0x78, 0x01, 0x20, 0x08, 0x40
	.byte 0x00, 0x28, 0x05, 0xD1, 0x12, 0x98, 0x01, 0x78, 0x02, 0x20, 0x08, 0x40, 0x00, 0x28, 0x0F, 0xD0
	.byte 0x12, 0x9A, 0x11, 0x78, 0x40, 0x20, 0x08, 0x40, 0x00, 0x28, 0x09, 0xD0, 0x38, 0x1C, 0xFA, 0x30
	.byte 0x01, 0x88, 0x89, 0x05, 0xC9, 0x0E, 0x38, 0x1C, 0x01, 0x22, 0x05, 0xF0, 0x79, 0xF8, 0x0C, 0xE0
	.byte 0xC1, 0x23, 0x9B, 0x00, 0xF8, 0x18, 0x00, 0x68, 0x12, 0x4C, 0x39, 0x19, 0x09, 0x88, 0x9F, 0x25
	.byte 0xAD, 0x00, 0x7A, 0x19, 0x12, 0x88, 0x36, 0xF0, 0xA9, 0xF8, 0x0F, 0x4E, 0xB9, 0x19, 0x00, 0x22
	.byte 0xAE, 0x20, 0x08, 0x80, 0x91, 0x21, 0x89, 0x00, 0x78, 0x18, 0x02, 0x80, 0xAE, 0x22, 0x92, 0x00
	.byte 0xB8, 0x18, 0x01, 0x78, 0x01, 0x23, 0x18, 0x1C, 0x08, 0x40, 0x00, 0x28, 0x0E, 0xD1, 0x12, 0x9C
	.byte 0x21, 0x78, 0x02, 0x20, 0x08, 0x40, 0x00, 0x06, 0x05, 0x0E, 0x00, 0x2D, 0x00, 0xD1, 0x67, 0xE1
	.byte 0x16, 0xE0, 0x00, 0x00, 0x7A, 0x02, 0x00, 0x00, 0x42, 0x02, 0x00, 0x00, 0xB8, 0x6A, 0xDA, 0x22
	.byte 0x92, 0x00, 0x80, 0x18, 0x03, 0xA9, 0x00, 0x68, 0x68, 0xC8, 0x68, 0xC1, 0x70, 0xC8, 0x70, 0xC1
	.byte 0xF8, 0x6A, 0x80, 0x18, 0x09, 0xA9, 0x00, 0x68, 0x1C, 0xC8, 0x1C, 0xC1, 0x64, 0xC8, 0x64, 0xC1
	.byte 0x06, 0x4B, 0xF8, 0x18, 0x00, 0x78, 0xC0, 0x06, 0x40, 0x0F, 0x07, 0x28, 0x00, 0xD9, 0x23, 0xE1
	.byte 0x80, 0x00, 0x03, 0x49, 0x40, 0x18, 0x00, 0x68, 0x87, 0x46, 0x00, 0x00, 0x46, 0x02, 0x00, 0x00
	.byte 0x64, 0x34, 0x02, 0x08, 0x98, 0x36, 0x02, 0x08, 0x84, 0x34, 0x02, 0x08, 0xB4, 0x34, 0x02, 0x08
	.byte 0xB4, 0x34, 0x02, 0x08, 0xB4, 0x34, 0x02, 0x08, 0x98, 0x36, 0x02, 0x08, 0x98, 0x36, 0x02, 0x08
	.byte 0x8C, 0x35, 0x02, 0x08, 0x09, 0x4C, 0x3D, 0x19, 0x2C, 0x78, 0x64, 0x09, 0x08, 0x4E, 0xB8, 0x19
	.byte 0x01, 0x78, 0xC9, 0x06, 0x49, 0x0F, 0x38, 0x1C, 0x00, 0x22, 0x06, 0xF0, 0xB7, 0xFA, 0x64, 0x01
	.byte 0x29, 0x78, 0x1F, 0x20, 0x08, 0x40, 0x20, 0x43, 0x28, 0x70, 0xF5, 0xE0, 0x6B, 0x02, 0x00, 0x00
	.byte 0x46, 0x02, 0x00, 0x00, 0x30, 0x48, 0x3C, 0x18, 0x21, 0x78, 0xC9, 0x06, 0x49, 0x0F, 0x38, 0x1C
	.byte 0x00, 0x22, 0x06, 0xF0, 0xA3, 0xFA, 0x03, 0xA8, 0x00, 0x78, 0x0A, 0x28, 0x00, 0xD0, 0xE3, 0xE0
	.byte 0x80, 0x21, 0x89, 0x00, 0x7D, 0x18, 0x28, 0x68, 0x28, 0x49, 0x25, 0xF0, 0x91, 0xFD, 0x82, 0x23
	.byte 0x9B, 0x00, 0xFA, 0x18, 0x10, 0x68, 0x26, 0x49, 0x08, 0x40, 0x80, 0x21, 0x49, 0x02, 0x08, 0x43
	.byte 0x10, 0x60, 0x21, 0x78, 0x03, 0x20, 0x40, 0x42, 0x08, 0x40, 0x20, 0x70, 0x81, 0x26, 0xB6, 0x00
	.byte 0xBC, 0x19, 0x21, 0x68, 0x28, 0x68, 0xC0, 0x68, 0xC8, 0x60, 0x21, 0x68, 0x28, 0x68, 0x00, 0x69
	.byte 0x08, 0x61, 0x21, 0x68, 0x28, 0x68, 0x40, 0x69, 0x48, 0x61, 0x21, 0x68, 0x28, 0x68, 0x80, 0x69
	.byte 0xB8, 0x22, 0x52, 0x01, 0x80, 0x18, 0x88, 0x61, 0x22, 0x68, 0x29, 0x68, 0x55, 0x20, 0x88, 0x80
	.byte 0x90, 0x80, 0x22, 0x68, 0x29, 0x68, 0x13, 0x4E, 0x89, 0x19, 0x08, 0x78, 0x40, 0x23, 0x18, 0x43
	.byte 0x08, 0x70, 0x92, 0x19, 0x10, 0x78, 0x18, 0x43, 0x10, 0x70, 0x22, 0x68, 0x29, 0x68, 0xD6, 0x25
	.byte 0xAD, 0x00, 0x49, 0x19, 0x08, 0x78, 0x08, 0x23, 0x18, 0x43, 0x08, 0x70, 0x52, 0x19, 0x10, 0x78
	.byte 0x18, 0x43, 0x10, 0x70, 0x21, 0x68, 0x08, 0x4B, 0xC9, 0x18, 0x0A, 0x78, 0x05, 0x20, 0x40, 0x42
	.byte 0x10, 0x40, 0x08, 0x70, 0x90, 0xE0, 0x00, 0x00, 0x46, 0x02, 0x00, 0x00, 0x45, 0x10, 0x00, 0x00
	.byte 0xFF, 0x7F, 0xFE, 0xFF, 0x51, 0x03, 0x00, 0x00, 0x0F, 0x02, 0x00, 0x00, 0x81, 0x24, 0xA4, 0x00
	.byte 0xE4, 0x19, 0xA0, 0x46, 0x20, 0x68, 0xDA, 0x21, 0x89, 0x00, 0x40, 0x18, 0x02, 0x68, 0x80, 0x25
	.byte 0xAD, 0x00, 0x7E, 0x19, 0x30, 0x68, 0x40, 0x18, 0x01, 0x68, 0x00, 0x20, 0x81, 0x46, 0x13, 0x20
	.byte 0x08, 0x70, 0x10, 0x70, 0x22, 0x68, 0x31, 0x68, 0xA4, 0x20, 0x88, 0x80, 0x90, 0x80, 0x22, 0x68
	.byte 0x31, 0x68, 0xD6, 0x24, 0xA4, 0x00, 0x09, 0x19, 0x08, 0x78, 0x08, 0x23, 0x18, 0x43, 0x08, 0x70
	.byte 0x12, 0x19, 0x10, 0x78, 0x18, 0x43, 0x10, 0x70, 0x41, 0x46, 0x0A, 0x68, 0x31, 0x68, 0x3C, 0x4C
	.byte 0x09, 0x19, 0x08, 0x78, 0x20, 0x23, 0x18, 0x43, 0x08, 0x70, 0x12, 0x19, 0x10, 0x78, 0x18, 0x43
	.byte 0x10, 0x70, 0x42, 0x46, 0x13, 0x68, 0x32, 0x68, 0x10, 0x35, 0x52, 0x19, 0x14, 0x78, 0x09, 0x21
	.byte 0x49, 0x42, 0x08, 0x1C, 0x20, 0x40, 0x10, 0x70, 0x5B, 0x19, 0x18, 0x78, 0x01, 0x40, 0x19, 0x70
	.byte 0x43, 0x46, 0x1C, 0x68, 0x31, 0x68, 0x04, 0x35, 0x49, 0x19, 0x0B, 0x78, 0x08, 0x22, 0x52, 0x42
	.byte 0x10, 0x1C, 0x18, 0x40, 0x01, 0x23, 0x18, 0x43, 0x08, 0x70, 0x64, 0x19, 0x21, 0x78, 0x10, 0x1C
	.byte 0x08, 0x40, 0x18, 0x43, 0x20, 0x70, 0x9A, 0x24, 0xA4, 0x00, 0x38, 0x19, 0x4D, 0x46, 0x05, 0x80
	.byte 0x40, 0x46, 0x01, 0x68, 0x30, 0x68, 0x80, 0x78, 0x88, 0x70, 0x41, 0x46, 0x0B, 0x68, 0x30, 0x68
	.byte 0x24, 0x30, 0x00, 0x78, 0x40, 0x07, 0x24, 0x33, 0x40, 0x0F, 0x19, 0x78, 0x0A, 0x40, 0x02, 0x43
	.byte 0x1A, 0x70, 0x42, 0x46, 0x10, 0x68, 0x1B, 0x49, 0x25, 0xF0, 0xCA, 0xFC, 0x30, 0x68, 0x1A, 0x49
	.byte 0x25, 0xF0, 0xC6, 0xFC, 0x31, 0x68, 0x43, 0x46, 0x18, 0x68, 0x4C, 0x46, 0x84, 0x61, 0x44, 0x61
	.byte 0x8C, 0x61, 0x4C, 0x61, 0x82, 0x25, 0xAD, 0x00, 0x7A, 0x19, 0x10, 0x68, 0x13, 0x49, 0x08, 0x40
	.byte 0x80, 0x21, 0x49, 0x02, 0x08, 0x43, 0x10, 0x60, 0xAE, 0x26, 0xB6, 0x00, 0xB8, 0x19, 0x01, 0x78
	.byte 0x01, 0x20, 0x08, 0x40, 0x00, 0x28, 0x00, 0xD1, 0xE7, 0xE0, 0xB8, 0x6A, 0xDA, 0x22, 0x92, 0x00
	.byte 0x80, 0x18, 0x01, 0x68, 0x03, 0xA8, 0x38, 0xC8, 0x38, 0xC1, 0x58, 0xC8, 0x58, 0xC1, 0xF8, 0x6A
	.byte 0x80, 0x18, 0x01, 0x68, 0x09, 0xA8, 0x64, 0xC8, 0x64, 0xC1, 0x38, 0xC8, 0x38, 0xC1, 0xD4, 0xE0
	.byte 0x0D, 0x02, 0x00, 0x00, 0x38, 0x10, 0x00, 0x00, 0x50, 0x10, 0x00, 0x00, 0xFF, 0x7F, 0xFE, 0xFF
	.byte 0x3B, 0x4E, 0xBA, 0x19, 0x11, 0x78, 0x18, 0x1C, 0x08, 0x40, 0x00, 0x28, 0x00, 0xD1, 0xC4, 0xE0
	.byte 0x1D, 0x20, 0x40, 0x42, 0x08, 0x40, 0x10, 0x70, 0x80, 0x20, 0x80, 0x00, 0x3C, 0x18, 0x20, 0x68
	.byte 0x24, 0xF0, 0xDA, 0xFB, 0x24, 0x68, 0xA0, 0x69, 0x00, 0x28, 0x00, 0xDD, 0xA5, 0x61, 0x82, 0x21
	.byte 0x89, 0x00, 0x78, 0x18, 0x01, 0x78, 0x10, 0x20, 0x08, 0x40, 0x00, 0x28, 0x0A, 0xD0, 0x81, 0x22
	.byte 0x92, 0x00, 0xBC, 0x18, 0x20, 0x68, 0x24, 0xF0, 0xC7, 0xFB, 0x24, 0x68, 0xA0, 0x69, 0x00, 0x28
	.byte 0x00, 0xDD, 0xA5, 0x61, 0x38, 0x1C, 0x00, 0x21, 0x00, 0x22, 0x06, 0xF0, 0x67, 0xF9, 0x80, 0x23
	.byte 0x9B, 0x00, 0xFC, 0x18, 0x20, 0x68, 0xCE, 0x25, 0xAD, 0x00, 0x41, 0x19, 0x0A, 0x68, 0x38, 0x26
	.byte 0x91, 0x5F, 0x40, 0x18, 0xD2, 0x6B, 0x01, 0x21, 0xB7, 0xF1, 0x8A, 0xF9, 0x82, 0x21, 0x89, 0x00
	.byte 0x78, 0x18, 0x01, 0x78, 0x10, 0x20, 0x08, 0x40, 0x00, 0x28, 0x00, 0xD1, 0x7E, 0xE0, 0x81, 0x22
	.byte 0x92, 0x00, 0xB9, 0x18, 0x0A, 0x68, 0x20, 0x68, 0x40, 0x69, 0x50, 0x61, 0x0A, 0x68, 0x20, 0x68
	.byte 0x80, 0x69, 0x90, 0x61, 0x09, 0x68, 0x22, 0x68, 0xD3, 0x68, 0x00, 0x2B, 0x00, 0xDA, 0xFF, 0x33
	.byte 0x1B, 0x12, 0x10, 0x69, 0x00, 0x28, 0x00, 0xDA, 0xFF, 0x30, 0x00, 0x12, 0x00, 0x90, 0x50, 0x69
	.byte 0x00, 0x28, 0x00, 0xDA, 0xFF, 0x30, 0x00, 0x12, 0x01, 0x90, 0x80, 0x24, 0x64, 0x00, 0x38, 0x19
	.byte 0x00, 0x88, 0x02, 0x90, 0x08, 0x1C, 0x01, 0x21, 0x00, 0x22, 0x22, 0xF0, 0x6B, 0xF9, 0x00, 0x06
	.byte 0x00, 0x28, 0x38, 0xD0, 0x81, 0x25, 0xAD, 0x00, 0x7C, 0x19, 0x02, 0x4D, 0x0E, 0xE0, 0x00, 0x00
	.byte 0x46, 0x02, 0x00, 0x00, 0x38, 0x10, 0x00, 0x03, 0x20, 0x68, 0x11, 0x99, 0x22, 0xF0, 0xEA, 0xFC
	.byte 0x20, 0x68, 0x24, 0xF0, 0xC9, 0xF9, 0x00, 0x06, 0x00, 0x28, 0x1E, 0xD0, 0x21, 0x68, 0x80, 0x26
	.byte 0xB6, 0x00, 0xB8, 0x19, 0x03, 0x68, 0xCA, 0x68, 0xD8, 0x68, 0x12, 0x1A, 0x09, 0x69, 0x18, 0x69
	.byte 0x09, 0x1A, 0x10, 0x1C, 0x50, 0x43, 0x0A, 0x1C, 0x4A, 0x43, 0x11, 0x1C, 0x40, 0x18, 0x29, 0x68
	.byte 0xB7, 0xF1, 0x2C, 0xF9, 0x80, 0x21, 0x49, 0x01, 0x88, 0x42, 0xDD, 0xDC, 0x21, 0x68, 0x38, 0x1C
	.byte 0x0A, 0xF0, 0xF4, 0xF9, 0x00, 0x06, 0x00, 0x28, 0xD6, 0xD1, 0x81, 0x23, 0x9B, 0x00, 0xF8, 0x18
	.byte 0x00, 0x68, 0x23, 0xF0, 0xA5, 0xF8, 0x81, 0x24, 0xA4, 0x00, 0x3A, 0x19, 0x11, 0x68, 0xC8, 0x68
	.byte 0x48, 0x63, 0x11, 0x68, 0x08, 0x69, 0x88, 0x63, 0x11, 0x68, 0x48, 0x69, 0xC8, 0x63, 0x11, 0x68
	.byte 0x88, 0x69, 0x08, 0x64, 0x10, 0x68, 0xCE, 0x25, 0xAD, 0x00, 0x41, 0x19, 0x0A, 0x68, 0x38, 0x26
	.byte 0x91, 0x5F, 0x40, 0x18, 0xD2, 0x6B, 0x01, 0x21, 0xB7, 0xF1, 0x02, 0xF9, 0x1B, 0x48, 0x3A, 0x18
	.byte 0x11, 0x78, 0x02, 0x20, 0x40, 0x42, 0x08, 0x40, 0x10, 0x70, 0x06, 0xF0, 0x19, 0xF8, 0xC1, 0x21
	.byte 0x89, 0x00, 0x78, 0x18, 0x00, 0x68, 0xF6, 0xF7, 0xC9, 0xF9, 0xC5, 0x22, 0x92, 0x00, 0xB8, 0x18
	.byte 0x00, 0x68, 0xF6, 0xF7, 0xC3, 0xF9, 0x13, 0x9B, 0x19, 0x78, 0x80, 0x20, 0x08, 0x40, 0x00, 0x28
	.byte 0x26, 0xD1, 0xC7, 0x24, 0xA4, 0x00, 0x38, 0x19, 0x03, 0x68, 0x08, 0x20, 0x08, 0x40, 0x00, 0x28
	.byte 0x16, 0xD0, 0xB3, 0x25, 0xAD, 0x00, 0x78, 0x19, 0x02, 0x68, 0x00, 0x2A, 0x11, 0xD1, 0x38, 0x1C
	.byte 0xD8, 0x30, 0x01, 0x68, 0xC8, 0x78, 0x02, 0x06, 0x88, 0x78, 0x00, 0x04, 0x02, 0x43, 0x48, 0x78
	.byte 0x00, 0x02, 0x02, 0x43, 0x08, 0x78, 0x02, 0x43, 0x03, 0xE0, 0x00, 0x00, 0x46, 0x02, 0x00, 0x00
	.byte 0x02, 0x4A, 0x18, 0x1C, 0x11, 0x1C, 0xCB, 0xF0, 0x59, 0xFF, 0x05, 0xE0, 0x08, 0xF8, 0x21, 0x08
	.byte 0x7F, 0x20, 0x08, 0x40, 0x13, 0x9E, 0x30, 0x70, 0x00, 0x25, 0x45, 0x49, 0x78, 0x18, 0x00, 0x78
	.byte 0x85, 0x42, 0x40, 0xDA, 0xA4, 0x23, 0x9B, 0x00, 0xC1, 0x22, 0x92, 0x00, 0xD2, 0x19, 0x90, 0x46
	.byte 0x11, 0x9C, 0x22, 0x68, 0xD1, 0x18, 0x46, 0x46, 0x30, 0x68, 0x08, 0x60, 0x3D, 0x49, 0x50, 0x18
	.byte 0x01, 0x78, 0x38, 0x20, 0x08, 0x40, 0x18, 0x28, 0x09, 0xD1, 0xD1, 0x26, 0xB6, 0x00, 0x90, 0x19
	.byte 0x00, 0x68, 0x00, 0x28, 0x03, 0xD0, 0xC1, 0x18, 0x42, 0x46, 0x10, 0x68, 0x08, 0x60, 0xAE, 0x26
	.byte 0xB6, 0x00, 0xB8, 0x19, 0x01, 0x78, 0x01, 0x20, 0x08, 0x40, 0x00, 0x28, 0x05, 0xD1, 0x12, 0x98
	.byte 0x01, 0x78, 0x12, 0x20, 0x08, 0x40, 0x00, 0x28, 0x0E, 0xD0, 0x20, 0x68, 0xCE, 0x22, 0x92, 0x00
	.byte 0x81, 0x18, 0x0A, 0x68, 0x78, 0x32, 0x00, 0x26, 0x91, 0x5F, 0x40, 0x18, 0x52, 0x68, 0x01, 0x21
	.byte 0x15, 0x93, 0xB7, 0xF1, 0x7D, 0xF8, 0x15, 0x9B, 0x04, 0x34, 0x01, 0x35, 0x24, 0x49, 0x78, 0x18
	.byte 0x00, 0x78, 0x85, 0x42, 0xC5, 0xDB, 0xC1, 0x23, 0x9B, 0x00, 0xFA, 0x18, 0x54, 0x46, 0x21, 0x68
	.byte 0x10, 0x68, 0x08, 0x64, 0x61, 0x68, 0x10, 0x68, 0x08, 0x64, 0xA1, 0x68, 0x10, 0x68, 0x08, 0x64
	.byte 0xE1, 0x68, 0x10, 0x68, 0x08, 0x64, 0x21, 0x69, 0x10, 0x68, 0x08, 0x64, 0x61, 0x69, 0x10, 0x68
	.byte 0x08, 0x64, 0xA1, 0x69, 0x10, 0x68, 0x08, 0x64, 0xE1, 0x69, 0x10, 0x68, 0x08, 0x64, 0x01, 0x25
	.byte 0x6D, 0x42, 0x15, 0x4E, 0xB8, 0x19, 0x01, 0x78, 0x1C, 0x20, 0x08, 0x40, 0x1C, 0x28, 0x10, 0xD1
	.byte 0x80, 0x21, 0x89, 0x00, 0x78, 0x18, 0x02, 0x68, 0x30, 0x31, 0x54, 0x18, 0xD0, 0x3B, 0xD2, 0x18
	.byte 0x42, 0x3E, 0xB8, 0x19, 0x00, 0x68, 0x41, 0x18, 0xC0, 0x18, 0x05, 0x60, 0x0D, 0x60, 0x15, 0x60
	.byte 0x25, 0x60, 0xAA, 0x21, 0x89, 0x00, 0x78, 0x18, 0x01, 0x78, 0x40, 0x20, 0x08, 0x40, 0x00, 0x28
	.byte 0x0C, 0xD0, 0x00, 0x20, 0x29, 0x1C, 0x10, 0x22, 0xF5, 0xF7, 0x22, 0xFE, 0x59, 0xE0, 0x00, 0x00
	.byte 0x0B, 0x01, 0x00, 0x00, 0x0E, 0x02, 0x00, 0x00, 0x46, 0x02, 0x00, 0x00, 0xAE, 0x22, 0x92, 0x00
	.byte 0xB8, 0x18, 0x01, 0x78, 0x01, 0x20, 0x08, 0x40, 0x00, 0x28, 0x05, 0xD1, 0x12, 0x9B, 0x19, 0x78
	.byte 0x12, 0x20, 0x08, 0x40, 0x00, 0x28, 0x44, 0xD0, 0x06, 0x4C, 0x38, 0x19, 0x00, 0x21, 0x41, 0x56
	.byte 0x02, 0x20, 0x40, 0x42, 0x81, 0x42, 0x30, 0xD0, 0x81, 0x42, 0x05, 0xDC, 0x01, 0x38, 0x81, 0x42
	.byte 0x0A, 0xD0, 0x21, 0xE0, 0xB9, 0x02, 0x00, 0x00, 0xA9, 0x42, 0x14, 0xD0, 0x00, 0x29, 0x1B, 0xD1
	.byte 0x00, 0x20, 0xF5, 0xF7, 0xE1, 0xFD, 0x20, 0xE0, 0x00, 0x20, 0xF5, 0xF7, 0xC5, 0xFD, 0x00, 0x06
	.byte 0x00, 0x28, 0x08, 0xD0, 0x38, 0x1C, 0xD4, 0x30, 0x00, 0x68, 0x04, 0x7D, 0x00, 0x20, 0xF5, 0xF7
	.byte 0xC7, 0xFD, 0x84, 0x42, 0x11, 0xD0, 0x38, 0x1C, 0xD4, 0x30, 0x00, 0x68, 0x01, 0x7D, 0x00, 0x20
	.byte 0x00, 0x22, 0xF5, 0xF7, 0x39, 0xFC, 0x08, 0xE0, 0x6A, 0x4D, 0x78, 0x19, 0x00, 0x21, 0x41, 0x56
	.byte 0x01, 0x22, 0x52, 0x42, 0x00, 0x20, 0xF5, 0xF7, 0x2F, 0xFC, 0x66, 0x4E, 0xB8, 0x19, 0x00, 0x78
	.byte 0x00, 0x06, 0x00, 0x16, 0x00, 0x28, 0x04, 0xD0, 0x00, 0x20, 0xFF, 0x21, 0x10, 0x22, 0xF5, 0xF7
	.byte 0x79, 0xFC, 0x12, 0x98, 0x01, 0x78, 0x11, 0x20, 0x40, 0x42, 0x08, 0x40, 0x12, 0x99, 0x08, 0x70
	.byte 0x13, 0x9A, 0x11, 0x78, 0x09, 0x20, 0x40, 0x42, 0x08, 0x40, 0x41, 0x21, 0x49, 0x42, 0x08, 0x40
	.byte 0x10, 0x70, 0x82, 0x23, 0x9B, 0x00, 0xFD, 0x18, 0x29, 0x78, 0x04, 0x26, 0x30, 0x1C, 0x08, 0x40
	.byte 0x02, 0x21, 0x00, 0x28, 0x00, 0xD1, 0x01, 0x21, 0x84, 0x24, 0xA4, 0x00, 0x38, 0x19, 0x01, 0x80
	.byte 0x29, 0x78, 0x30, 0x1C, 0x08, 0x40, 0x80, 0x22, 0x92, 0x00, 0x11, 0x1C, 0x00, 0x28, 0x02, 0xD1
	.byte 0x80, 0x23, 0x5B, 0x00, 0x19, 0x1C, 0x4C, 0x4C, 0x38, 0x19, 0x01, 0x80, 0x80, 0x20, 0x80, 0x00
	.byte 0x80, 0x46, 0x3C, 0x18, 0x21, 0x68, 0x38, 0x1C, 0x18, 0xF0, 0x2E, 0xFE, 0x24, 0x68, 0xDA, 0x21
	.byte 0x89, 0x00, 0x89, 0x46, 0x60, 0x18, 0x00, 0x68, 0xC1, 0x7D, 0x80, 0x22, 0x92, 0x46, 0x50, 0x46
	.byte 0x08, 0x40, 0x00, 0x28, 0x11, 0xD0, 0xF8, 0x69, 0x00, 0x69, 0x80, 0x68, 0x88, 0x23, 0x5B, 0x01
	.byte 0xC0, 0x18, 0x21, 0x1C, 0x54, 0x31, 0x09, 0x78, 0x89, 0x02, 0x3C, 0x4C, 0x09, 0x19, 0x00, 0x22
	.byte 0x00, 0x92, 0x80, 0x22, 0x20, 0x23, 0xF4, 0xF7, 0x57, 0xFB, 0x29, 0x78, 0x30, 0x1C, 0x08, 0x40
	.byte 0x01, 0x21, 0x00, 0x28, 0x00, 0xD1, 0x02, 0x21, 0x8A, 0x23, 0x9B, 0x00, 0xF8, 0x18, 0x01, 0x80
	.byte 0x29, 0x78, 0x30, 0x1C, 0x08, 0x40, 0x80, 0x24, 0x64, 0x00, 0x21, 0x1C, 0x00, 0x28, 0x00, 0xD1
	.byte 0x41, 0x46, 0x2F, 0x4E, 0xB8, 0x19, 0x01, 0x80, 0x81, 0x20, 0x80, 0x00, 0x3C, 0x18, 0x21, 0x68
	.byte 0x38, 0x1C, 0x18, 0xF0, 0xF1, 0xFD, 0x24, 0x68, 0x49, 0x46, 0x60, 0x18, 0x00, 0x68, 0xC1, 0x7D
	.byte 0x50, 0x46, 0x08, 0x40, 0x00, 0x28, 0x11, 0xD0, 0xF8, 0x69, 0x00, 0x69, 0x80, 0x68, 0x88, 0x22
	.byte 0x52, 0x01, 0x80, 0x18, 0x21, 0x1C, 0x54, 0x31, 0x09, 0x78, 0x89, 0x02, 0x1F, 0x4B, 0xC9, 0x18
	.byte 0x00, 0x24, 0x00, 0x94, 0x80, 0x22, 0x20, 0x23, 0xF4, 0xF7, 0x1E, 0xFB, 0x0F, 0x20, 0x38, 0x70
	.byte 0x95, 0x26, 0x76, 0x00, 0xB9, 0x19, 0x08, 0x78, 0x03, 0x28, 0x01, 0xD0, 0x00, 0x20, 0x08, 0x70
	.byte 0xAA, 0x21, 0x89, 0x00, 0x78, 0x18, 0x01, 0x78, 0x40, 0x20, 0x08, 0x40, 0x00, 0x28, 0x08, 0xD0
	.byte 0x29, 0x78, 0x10, 0x20, 0x08, 0x40, 0x00, 0x28, 0x03, 0xD0, 0x38, 0x1C, 0x00, 0x21, 0x0A, 0xF0
	.byte 0xB7, 0xF9, 0x38, 0x1C, 0x0B, 0xF0, 0x0E, 0xFE, 0x13, 0x9A, 0x11, 0x78, 0x10, 0x20, 0x08, 0x40
	.byte 0x00, 0x28, 0x17, 0xD0, 0x96, 0x23, 0x5B, 0x00, 0xF8, 0x18, 0x01, 0x78, 0xFC, 0x20, 0x08, 0x40
	.byte 0xF8, 0x28, 0x04, 0xD0, 0x00, 0x20, 0xFF, 0x21, 0x08, 0x22, 0xF5, 0xF7, 0xBB, 0xFB, 0x0E, 0x20
	.byte 0x17, 0xE0, 0x00, 0x00, 0xB9, 0x02, 0x00, 0x00, 0x12, 0x02, 0x00, 0x00, 0xC0, 0x0F, 0x01, 0x06
	.byte 0x2A, 0x02, 0x00, 0x00, 0xC7, 0x24, 0xA4, 0x00, 0x38, 0x19, 0x00, 0x68, 0x00, 0x68, 0xF5, 0xF7
	.byte 0xDD, 0xFF, 0xC8, 0x25, 0xAD, 0x00, 0x78, 0x19, 0x00, 0x68, 0x00, 0x68, 0xF5, 0xF7, 0xD6, 0xFF
	.byte 0x0F, 0x20, 0x38, 0x70, 0xAA, 0x26, 0xB6, 0x00, 0xBA, 0x19, 0x11, 0x78, 0x41, 0x20, 0x40, 0x42
	.byte 0x08, 0x40, 0x10, 0x70, 0x96, 0x20, 0x40, 0x00, 0x3B, 0x18, 0x1A, 0x78, 0x02, 0x21, 0x49, 0x42
	.byte 0x08, 0x1C, 0x10, 0x40, 0x03, 0x22, 0x52, 0x42, 0x10, 0x40, 0x18, 0x70, 0x0C, 0x4C, 0x3A, 0x19
	.byte 0x10, 0x78, 0x01, 0x40, 0x11, 0x20, 0x40, 0x42, 0x01, 0x40, 0x11, 0x70, 0x19, 0x78, 0x03, 0x20
	.byte 0x08, 0x40, 0xF8, 0x21, 0x08, 0x43, 0x18, 0x70, 0x38, 0x1C, 0x05, 0xF0, 0x7D, 0xFD, 0xF6, 0xF7
	.byte 0x43, 0xFC, 0x04, 0x48, 0x00, 0x21, 0x01, 0x60, 0x03, 0x48, 0x01, 0x70, 0x76, 0xE0, 0x00, 0x00
	.byte 0x2D, 0x01, 0x00, 0x00, 0x78, 0x0C, 0x00, 0x03, 0x24, 0x0C, 0x00, 0x03, 0x19, 0x48, 0x00, 0x90
	.byte 0x01, 0x90, 0x38, 0x1C, 0x01, 0x21, 0x08, 0x22, 0x00, 0x23, 0x03, 0xF0, 0xA1, 0xF9, 0xC7, 0x25
	.byte 0xAD, 0x00, 0x78, 0x19, 0x00, 0x68, 0x00, 0x68, 0xF5, 0xF7, 0x90, 0xFF, 0xC8, 0x26, 0xB6, 0x00
	.byte 0xB8, 0x19, 0x00, 0x68, 0x00, 0x68, 0xF5, 0xF7, 0x89, 0xFF, 0x0F, 0x49, 0x78, 0x18, 0x01, 0x78
	.byte 0x80, 0x20, 0x08, 0x40, 0x00, 0x28, 0x4C, 0xD0, 0x80, 0x22, 0x92, 0x00, 0xB8, 0x18, 0x03, 0x68
	.byte 0x8E, 0x24, 0xA4, 0x00, 0x1A, 0x19, 0x00, 0x21, 0x51, 0x56, 0x01, 0x20, 0x40, 0x42, 0x81, 0x42
	.byte 0x0C, 0xD0, 0x89, 0x00, 0x38, 0x1C, 0x28, 0x30, 0x40, 0x18, 0x00, 0x68, 0x41, 0x69, 0x80, 0x69
	.byte 0x09, 0x18, 0x04, 0xE0, 0xFF, 0xFF, 0x00, 0x00, 0xA9, 0x02, 0x00, 0x00, 0x59, 0x69, 0x80, 0x25
	.byte 0xAD, 0x00, 0x78, 0x19, 0x02, 0x68, 0xD0, 0x68, 0x00, 0x28, 0x00, 0xDA, 0xFF, 0x30, 0x00, 0x12
	.byte 0x03, 0x1C, 0x78, 0x3B, 0x10, 0x69, 0x40, 0x1A, 0x00, 0x28, 0x00, 0xDA, 0xFF, 0x30, 0x04, 0x12
	.byte 0x97, 0x26, 0xB6, 0x00, 0x90, 0x19, 0x01, 0x68, 0x01, 0x20, 0x40, 0x42, 0x81, 0x42, 0x05, 0xD0
	.byte 0x01, 0x49, 0x78, 0x18, 0x04, 0xE0, 0x00, 0x00, 0x8D, 0x02, 0x00, 0x00, 0x0F, 0x4A, 0xB8, 0x18
	.byte 0x00, 0x78, 0x20, 0x1A, 0x00, 0x90, 0xC0, 0x20, 0x00, 0x01, 0x01, 0x90, 0x38, 0x1C, 0x01, 0x21
	.byte 0x00, 0x22, 0x04, 0xF0, 0xAB, 0xFE, 0x0A, 0x4B, 0xFA, 0x18, 0x10, 0x78, 0x40, 0x21, 0x08, 0x43
	.byte 0x10, 0x70, 0x0F, 0x20, 0x38, 0x70, 0x38, 0x1C, 0x00, 0xF0, 0x0C, 0xF8
_08023DBC:
	.byte 0x16, 0xB0, 0x38, 0xBC, 0x98, 0x46, 0xA1, 0x46, 0xAA, 0x46, 0xF0, 0xBC, 0x01, 0xBC, 0x00, 0x47
	.byte 0x8F, 0x02, 0x00, 0x00, 0xA9, 0x02, 0x00, 0x00
	thumb_func_start update_field_8023DD4
update_field_8023DD4: @ 08023DD4
	push {r4, r5, r6, r7, lr}
	mov r7, r10
	mov r6, r9
	mov r5, r8
	push {r5, r6, r7}
	add sp, #-0x048
	mov r10, r0
	ldr r0, _08023DFC @ =0x0000012B
	add r0, r10
	movs r1, #0x00
	ldsb r1, [r0, r1]
	movs r0, #0x01
	negs r0, r0
	cmp r1, r0
	beq _08023E00
	mov r0, r10
	bl sub_8028FBC
	bl _080254A2
_08023DFC:
	lsls r3, r5, #0x04
	lsls r0, r0, #0x00
_08023E00:
	movs r0, #0xAA
	lsls r0, r0, #0x02
	add r0, r10
	ldrb r1, [r0, #0x00]
	movs r0, #0x40
	ands r0, r1
	cmp r0, #0x00
	beq _08023E1A
	mov r0, r10
	bl start_battle_8027AC4
	bl _080254A2
_08023E1A:
	movs r0, #0x96
	lsls r0, r0, #0x01
	add r0, r10
	ldrb r1, [r0, #0x00]
	movs r0, #0xFC
	ands r0, r1
	cmp r0, #0xF8
	beq _08023E34
	mov r0, r10
	bl sub_8027558
	bl _080254A2
_08023E34:
	movs r2, #0x01
	adds r0, r2, #0x0
	ands r0, r1
	cmp r0, #0x00
	beq _08023E48
	mov r0, r10
	bl sub_80275F4
	bl _080254A2
_08023E48:
	movs r0, #0x02
	ands r0, r1
	cmp r0, #0x00
	beq _08023E5A
	mov r0, r10
	bl sub_8027688
	bl _080254A2
_08023E5A:
	ldr r0, _08023E74 @ =0x0000012D
	add r0, r10
	ldrb r1, [r0, #0x00]
	adds r0, r2, #0x0
	ands r0, r1
	cmp r0, #0x00
	beq _08023E78
	mov r0, r10
	bl sub_802772C
	bl _080254A2
	lsls r0, r0, #0x00
_08023E74:
	lsls r5, r5, #0x04
	lsls r0, r0, #0x00
_08023E78:
	movs r0, #0x10
	ands r0, r1
	cmp r0, #0x00
	beq _08023E82
	b _0802452E
_08023E82:
	movs r0, #0x20
	ands r0, r1
	cmp r0, #0x00
	beq _08023E8C
	b _0802453E
_08023E8C:
	movs r1, #0x85
	lsls r1, r1, #0x01
	add r1, r10
	ldrb r2, [r1, #0x00]
	movs r0, #0x00
	ldsb r0, [r1, r0]
	cmp r0, #0x00
	ble _08023EC4
	subs r2, #0x01
	strb r2, [r1, #0x00]
	movs r0, #0x95
	lsls r0, r0, #0x01
	add r0, r10
	ldrb r0, [r0, #0x00]
	subs r0, #0x01
	lsls r0, r0, #0x18
	lsrs r0, r0, #0x18
	cmp r0, #0x04
	bhi _08023EC4
	lsls r0, r2, #0x18
	cmp r0, #0x00
	bne _08023EC4
	mov r0, r10
	adds r0, #0xFC
	ldrb r1, [r0, #0x00]
	movs r2, #0x04
	orrs r1, r2
	strb r1, [r0, #0x00]
_08023EC4:
	ldr r3, _08023F30 @ =0x0000020A
	add r3, r10
	ldrb r2, [r3, #0x00]
	lsls r1, r2, #0x1C
	movs r5, #0x01
	lsrs r1, r1, #0x1F
	lsls r1, r1, #0x04
	movs r0, #0x11
	negs r0, r0
	ands r0, r2
	orrs r0, r1
	strb r0, [r3, #0x00]
	ldr r0, _08023F34 @ =0x00000291
	add r0, r10
	ldrb r1, [r0, #0x00]
	movs r0, #0x01
	ands r0, r1
	cmp r0, #0x00
	bne _08023F16
	ldr r4, _08023F38 @ =0x000002A9
	add r4, r10
	ldrb r1, [r4, #0x00]
	movs r0, #0x40
	ands r0, r1
	cmp r0, #0x00
	beq _08023F16
	mov r0, r10
	bl sub_8028C40
	mov r0, r10
	bl sub_8028E70
	adds r1, r5, #0x0
	ands r1, r0
	lsls r1, r1, #0x06
	ldrb r2, [r4, #0x00]
	movs r0, #0x41
	negs r0, r0
	ands r0, r2
	orrs r0, r1
	strb r0, [r4, #0x00]
_08023F16:
	movs r0, #0x95
	lsls r0, r0, #0x01
	add r0, r10
	ldrb r0, [r0, #0x00]
	cmp r0, #0x11
	bls _08023F26
	bl _0802476C
_08023F26:
	lsls r0, r0, #0x02
	ldr r1, _08023F3C @ =0x08023F40
	adds r0, r0, r1
	ldr r0, [r0, #0x00]
	mov pc, r0
_08023F30: .4byte 0x0000020A
_08023F34: .4byte 0x00000291
_08023F38: .4byte 0x000002A9
_08023F3C: .4byte 0x08023F40
	.byte 0x6C, 0x47, 0x02, 0x08, 0x88, 0x3F, 0x02, 0x08, 0xC4, 0x3F, 0x02, 0x08, 0x6C, 0x40, 0x02, 0x08
	.byte 0xC4, 0x41, 0x02, 0x08, 0x50, 0x43, 0x02, 0x08, 0xA8, 0x43, 0x02, 0x08, 0xA8, 0x43, 0x02, 0x08
	.byte 0xA8, 0x43, 0x02, 0x08, 0xA8, 0x43, 0x02, 0x08, 0xD8, 0x46, 0x02, 0x08, 0xA8, 0x43, 0x02, 0x08
	.byte 0xA8, 0x43, 0x02, 0x08, 0xA8, 0x43, 0x02, 0x08, 0xA8, 0x43, 0x02, 0x08, 0xA8, 0x43, 0x02, 0x08
	.byte 0xA8, 0x43, 0x02, 0x08, 0xA8, 0x43, 0x02, 0x08, 0x50, 0x46, 0x03, 0xF0, 0xF5, 0xF9, 0x00, 0x06
	.byte 0x00, 0x28, 0x01, 0xD0, 0x00, 0xF0, 0xEA, 0xFB, 0xAE, 0x20, 0x80, 0x00, 0x50, 0x44, 0x01, 0x78
	.byte 0x10, 0x20, 0x08, 0x40, 0x00, 0x28, 0x00, 0xD0, 0xE0, 0xE3, 0x95, 0x21, 0x49, 0x00, 0x51, 0x44
	.byte 0x02, 0x20, 0x08, 0x70, 0x52, 0x46, 0xF9, 0x32, 0x11, 0x78, 0x13, 0x38, 0x08, 0x40, 0x21, 0x21
	.byte 0x49, 0x42, 0xB9, 0xE1, 0x54, 0x46, 0xFD, 0x34, 0x21, 0x78, 0x08, 0x20, 0x08, 0x40, 0x00, 0x28
	.byte 0x16, 0xD0, 0x50, 0x46, 0x03, 0xF0, 0xD0, 0xF9, 0x00, 0x06, 0x00, 0x28, 0x10, 0xD1, 0x20, 0x49
	.byte 0x50, 0x46, 0xFE, 0x30, 0x00, 0x88, 0x08, 0x80, 0x21, 0x78, 0x09, 0x20, 0x40, 0x42, 0x08, 0x40
	.byte 0x20, 0x70, 0x1C, 0x4A, 0x51, 0x88, 0x80, 0x23, 0x1B, 0x02, 0x18, 0x1C, 0x08, 0x43, 0x50, 0x80
	.byte 0xF7, 0xF7, 0x40, 0xF8, 0x50, 0x46, 0x01, 0xF0, 0x45, 0xFF, 0x80, 0x20, 0x80, 0x00, 0x50, 0x44
	.byte 0x00, 0x68, 0xD6, 0x24, 0xA4, 0x00, 0x00, 0x19, 0x01, 0x78, 0x08, 0x20, 0x08, 0x40, 0x00, 0x28
	.byte 0x0A, 0xD1, 0x50, 0x46, 0x06, 0x21, 0x01, 0xF0, 0x7D, 0xFE, 0x00, 0x06, 0x00, 0x28, 0x03, 0xD0
	.byte 0x50, 0x46, 0x03, 0x21, 0x18, 0xF0, 0x74, 0xFB, 0x82, 0x20, 0x80, 0x00, 0x50, 0x44, 0x00, 0x68
	.byte 0x09, 0x49, 0x08, 0x40, 0x00, 0x28, 0x00, 0xD0, 0x90, 0xE3, 0x54, 0x46, 0xD0, 0x34, 0x21, 0x68
	.byte 0x50, 0x46, 0x09, 0xF0, 0x77, 0xFA, 0x21, 0x68, 0x50, 0x46, 0x09, 0xF0, 0x07, 0xFA, 0x85, 0xE3
	.byte 0x72, 0x02, 0x00, 0x02, 0x4C, 0x03, 0x00, 0x03, 0x00, 0x01, 0x00, 0x10, 0x81, 0x26, 0xB6, 0x00
	.byte 0x56, 0x44, 0x30, 0x68, 0x51, 0x46, 0x28, 0x31, 0x22, 0xF0, 0x9C, 0xF8, 0x30, 0x68, 0x23, 0xF0
	.byte 0x7B, 0xFD, 0x00, 0x06, 0x04, 0x0E, 0x00, 0x2C, 0x00, 0xD0, 0x6F, 0xE3, 0x80, 0x27, 0xBF, 0x00
	.byte 0x57, 0x44, 0x3B, 0x68, 0x31, 0x68, 0x91, 0x22, 0x92, 0x00, 0x88, 0x18, 0x04, 0x80, 0x23, 0x48
	.byte 0x09, 0x18, 0x0C, 0x80, 0x9A, 0x18, 0x14, 0x80, 0x1B, 0x18, 0x1C, 0x80, 0x3C, 0x68, 0x33, 0x68
	.byte 0x1F, 0x4D, 0x5B, 0x19, 0x1A, 0x78, 0x7F, 0x21, 0x08, 0x1C, 0x10, 0x40, 0x41, 0x22, 0x52, 0x42
	.byte 0x10, 0x40, 0x18, 0x70, 0x64, 0x19, 0x20, 0x78, 0x01, 0x40, 0x11, 0x40, 0x21, 0x70, 0x3C, 0x68
	.byte 0x31, 0x68, 0x9B, 0x35, 0x49, 0x19, 0x0B, 0x78, 0x10, 0x1C, 0x18, 0x40, 0x08, 0x70, 0x64, 0x19
	.byte 0x20, 0x78, 0x02, 0x40, 0x22, 0x70, 0x31, 0x68, 0x38, 0x68, 0x98, 0x22, 0x92, 0x00, 0x84, 0x18
	.byte 0x23, 0x88, 0x22, 0x3A, 0x80, 0x18, 0x03, 0x80, 0x20, 0x88, 0x89, 0x18, 0x08, 0x80, 0x82, 0x21
	.byte 0x89, 0x00, 0x51, 0x44, 0x08, 0x78, 0x10, 0x24, 0x20, 0x43, 0x08, 0x70, 0x50, 0x46, 0x00, 0x21
	.byte 0x09, 0xF0, 0x36, 0xFF, 0x07, 0x48, 0x50, 0x44, 0x00, 0x78, 0xC0, 0x06, 0x40, 0x0F, 0x03, 0x28
	.byte 0x1E, 0xD0, 0x03, 0x28, 0x08, 0xDC, 0x02, 0x28, 0x09, 0xD0, 0x3F, 0xE0, 0x42, 0x02, 0x00, 0x00
	.byte 0xB6, 0x02, 0x00, 0x00, 0x46, 0x02, 0x00, 0x00, 0x04, 0x28, 0x23, 0xD0, 0x36, 0xE0, 0x30, 0x68
	.byte 0x54, 0x30, 0x00, 0x78, 0x00, 0x28, 0x31, 0xD1, 0x04, 0x49, 0x51, 0x44, 0x08, 0x78, 0x20, 0x43
	.byte 0x08, 0x70, 0x50, 0x46, 0x11, 0xF0, 0x0E, 0xFC, 0x28, 0xE0, 0x00, 0x00, 0x0B, 0x02, 0x00, 0x00
	.byte 0x30, 0x68, 0x54, 0x30, 0x00, 0x78, 0x01, 0x28, 0x20, 0xD1, 0x05, 0x48, 0x50, 0x44, 0x01, 0x78
	.byte 0x21, 0x43, 0x01, 0x70, 0x31, 0x68, 0x50, 0x46, 0x0F, 0xF0, 0x0E, 0xFD, 0x16, 0xE0, 0x00, 0x00
	.byte 0x0B, 0x02, 0x00, 0x00, 0x30, 0x68, 0x54, 0x30, 0x00, 0x78, 0x01, 0x28, 0x0E, 0xD1, 0x0C, 0x49
	.byte 0x51, 0x44, 0x08, 0x78, 0x20, 0x43, 0x08, 0x70, 0x31, 0x68, 0x50, 0x46, 0x10, 0xF0, 0x68, 0xFB
	.byte 0x39, 0x68, 0x49, 0x19, 0x08, 0x78, 0x40, 0x22, 0x10, 0x43, 0x08, 0x70, 0x95, 0x21, 0x49, 0x00
	.byte 0x51, 0x44, 0x02, 0x20, 0x08, 0x70, 0x52, 0x46, 0xF9, 0x32, 0x11, 0x78, 0x13, 0x38, 0xBB, 0xE0
	.byte 0x0B, 0x02, 0x00, 0x00, 0x50, 0x46, 0x04, 0xF0, 0x3B, 0xFD, 0x50, 0x46, 0x04, 0xF0, 0x50, 0xFE
	.byte 0x00, 0x06, 0x04, 0x0E, 0x00, 0x2C, 0x00, 0xD0, 0xC8, 0xE2, 0x81, 0x27, 0xBF, 0x00, 0x57, 0x44
	.byte 0x38, 0x68, 0xDA, 0x23, 0x9B, 0x00, 0x98, 0x46, 0x40, 0x44, 0x02, 0x68, 0x13, 0x7D, 0x14, 0x21
	.byte 0x51, 0x56, 0x01, 0x20, 0x40, 0x42, 0x81, 0x42, 0x07, 0xD0, 0x13, 0x74, 0x38, 0x68, 0xDA, 0x26
	.byte 0xB6, 0x00, 0x80, 0x19, 0x01, 0x68, 0xFF, 0x20, 0x08, 0x75, 0x80, 0x20, 0x80, 0x00, 0x81, 0x46
	.byte 0x56, 0x46, 0x4E, 0x44, 0x30, 0x68, 0x40, 0x44, 0x01, 0x68, 0x08, 0x7C, 0x08, 0x75, 0x30, 0x68
	.byte 0x40, 0x44, 0x00, 0x68, 0x04, 0x74, 0x55, 0x46, 0xFA, 0x35, 0x2A, 0x88, 0x90, 0x05, 0xC1, 0x0E
	.byte 0x82, 0x23, 0x9B, 0x00, 0x53, 0x44, 0x18, 0x78, 0x40, 0x07, 0xC0, 0x0F, 0x81, 0x42, 0x06, 0xD1
	.byte 0x01, 0x20, 0x41, 0x40, 0x49, 0x01, 0x3E, 0x48, 0x10, 0x40, 0x08, 0x43, 0x28, 0x80, 0x1A, 0x78
	.byte 0x51, 0x07, 0xC9, 0x0F, 0x01, 0x24, 0x61, 0x40, 0x89, 0x00, 0x05, 0x20, 0x40, 0x42, 0x10, 0x40
	.byte 0x08, 0x43, 0x18, 0x70, 0x37, 0x49, 0x09, 0x68, 0xA5, 0x22, 0xD2, 0x00, 0x40, 0x07, 0xC0, 0x0F
	.byte 0x50, 0x50, 0xA6, 0x20, 0xC0, 0x00, 0x09, 0x18, 0x28, 0x88, 0x80, 0x05, 0xC0, 0x0E, 0x08, 0x60
	.byte 0x19, 0x78, 0x04, 0x20, 0x08, 0x40, 0x51, 0x46, 0x28, 0x31, 0x08, 0x18, 0x00, 0x68, 0x30, 0x60
	.byte 0x18, 0x78, 0x40, 0x07, 0xC0, 0x0F, 0x60, 0x40, 0x80, 0x00, 0x09, 0x18, 0x08, 0x68, 0x38, 0x60
	.byte 0x32, 0x68, 0x29, 0x4B, 0xD2, 0x18, 0x10, 0x78, 0x80, 0x21, 0x08, 0x43, 0x10, 0x70, 0x39, 0x68
	.byte 0xC9, 0x18, 0x0A, 0x78, 0x7F, 0x20, 0x10, 0x40, 0x08, 0x70, 0x30, 0x68, 0x40, 0x44, 0x00, 0x68
	.byte 0x84, 0x80, 0x30, 0x68, 0x40, 0x44, 0x01, 0x68, 0x80, 0x20, 0x40, 0x00, 0xC8, 0x80, 0x38, 0x68
	.byte 0x40, 0x44, 0x01, 0x68, 0x02, 0x25, 0x02, 0x20, 0x88, 0x80, 0x38, 0x68, 0x40, 0x44, 0x00, 0x68
	.byte 0x49, 0x46, 0xC1, 0x80, 0x32, 0x68, 0x19, 0x4C, 0x12, 0x19, 0x13, 0x78, 0x41, 0x21, 0x49, 0x42
	.byte 0x08, 0x1C, 0x18, 0x40, 0x10, 0x70, 0x38, 0x68, 0x00, 0x19, 0x02, 0x78, 0x11, 0x40, 0x01, 0x70
	.byte 0x31, 0x68, 0x50, 0x46, 0x00, 0x22, 0x00, 0x23, 0x09, 0xF0, 0x54, 0xFD, 0x39, 0x68, 0x50, 0x46
	.byte 0x00, 0x22, 0x00, 0x23, 0x09, 0xF0, 0x4E, 0xFD, 0x52, 0x46, 0xE8, 0x32, 0x13, 0x68, 0x51, 0x46
	.byte 0xEC, 0x31, 0x08, 0x68, 0x10, 0x60, 0x0B, 0x60, 0x95, 0x20, 0x40, 0x00, 0x50, 0x44, 0x05, 0x70
	.byte 0x11, 0x32, 0x11, 0x78, 0x11, 0x20, 0x40, 0x42, 0x08, 0x40, 0x10, 0x70, 0x16, 0xE2, 0x00, 0x00
	.byte 0x1F, 0xFC, 0xFF, 0xFF, 0xD0, 0x0F, 0x00, 0x03, 0x52, 0x03, 0x00, 0x00, 0x51, 0x03, 0x00, 0x00
	.byte 0x13, 0x49, 0x51, 0x44, 0x08, 0x88, 0x01, 0x38, 0x08, 0x80, 0x00, 0x04, 0x00, 0x28, 0x00, 0xDD
	.byte 0x04, 0xE2, 0x50, 0x46, 0x01, 0x21, 0x00, 0x22, 0x05, 0xF0, 0x50, 0xFB, 0x80, 0x20, 0x80, 0x00
	.byte 0x50, 0x44, 0x01, 0x68, 0x0B, 0x4C, 0x09, 0x19, 0x0B, 0x78, 0x41, 0x22, 0x52, 0x42, 0x10, 0x1C
	.byte 0x18, 0x40, 0x08, 0x70, 0x81, 0x20, 0x80, 0x00, 0x50, 0x44, 0x00, 0x68, 0x00, 0x19, 0x01, 0x78
	.byte 0x0A, 0x40, 0x02, 0x70, 0x95, 0x21, 0x49, 0x00, 0x51, 0x44, 0x02, 0x20, 0x08, 0x70, 0xE5, 0xE1
	.byte 0x6E, 0x02, 0x00, 0x00, 0x51, 0x03, 0x00, 0x00, 0x52, 0x46, 0xF9, 0x32, 0x11, 0x78, 0x40, 0x20
	.byte 0x08, 0x40, 0x14, 0x1C, 0x00, 0x28, 0x1F, 0xD1, 0x50, 0x46, 0x02, 0xF0, 0xDD, 0xFF, 0x00, 0x06
	.byte 0x00, 0x28, 0x00, 0xD0, 0xD2, 0xE1, 0x00, 0x20, 0x00, 0x21, 0x05, 0xF0, 0x5D, 0xFA, 0x07, 0x49
	.byte 0x4A, 0x89, 0x07, 0x48, 0x10, 0x40, 0x48, 0x81, 0x4A, 0x89, 0x06, 0x48, 0x10, 0x40, 0x48, 0x81
	.byte 0x48, 0x89, 0x20, 0x78, 0x40, 0x21, 0x08, 0x43, 0x20, 0x70, 0xBF, 0xE1, 0xB0, 0x00, 0x00, 0x04
	.byte 0xFF, 0xC5, 0x00, 0x00, 0xFF, 0x7F, 0x00, 0x00, 0x95, 0x20, 0x40, 0x00, 0x50, 0x44, 0x00, 0x78
	.byte 0x07, 0x38, 0x0A, 0x28, 0x00, 0xD9, 0x57, 0xE1, 0x80, 0x00, 0x02, 0x49, 0x40, 0x18, 0x00, 0x68
	.byte 0x87, 0x46, 0x00, 0x00, 0x18, 0x44, 0x02, 0x08, 0x44, 0x44, 0x02, 0x08, 0x44, 0x44, 0x02, 0x08
	.byte 0xD0, 0x44, 0x02, 0x08, 0xB8, 0x46, 0x02, 0x08, 0xE0, 0x44, 0x02, 0x08, 0xF2, 0x44, 0x02, 0x08
	.byte 0x00, 0x45, 0x02, 0x08, 0x0E, 0x45, 0x02, 0x08, 0x28, 0x45, 0x02, 0x08, 0x38, 0x45, 0x02, 0x08
	.byte 0x48, 0x45, 0x02, 0x08, 0x1E, 0x48, 0x50, 0x44, 0x01, 0x78, 0x1C, 0x20, 0x08, 0x40, 0x1C, 0x28
	.byte 0x15, 0xD1, 0x95, 0x20, 0x40, 0x00, 0x50, 0x44, 0x00, 0x78, 0x08, 0x28, 0x0F, 0xD0, 0x80, 0x22
	.byte 0x92, 0x00, 0x52, 0x44, 0x10, 0x68, 0x24, 0x30, 0x00, 0x78, 0x40, 0x07, 0x40, 0x0F, 0x15, 0x49
	.byte 0x51, 0x44, 0x08, 0x70, 0x10, 0x68, 0x81, 0x78, 0x13, 0x48, 0x50, 0x44, 0x01, 0x70, 0x80, 0x20
	.byte 0x80, 0x00, 0x50, 0x44, 0x01, 0x68, 0x11, 0x4A, 0x89, 0x18, 0x0A, 0x78, 0x41, 0x24, 0x64, 0x42
	.byte 0x20, 0x1C, 0x10, 0x40, 0x08, 0x70, 0x50, 0x46, 0x03, 0xF0, 0x64, 0xFC, 0x00, 0x23, 0x95, 0x20
	.byte 0x40, 0x00, 0x50, 0x44, 0x00, 0x78, 0x08, 0x28, 0x00, 0xD1, 0x01, 0x23, 0xAE, 0x22, 0x92, 0x00
	.byte 0x52, 0x44, 0x9B, 0x01, 0x11, 0x78, 0x20, 0x1C, 0x08, 0x40, 0x18, 0x43, 0x10, 0x70, 0xFB, 0xE0
	.byte 0x46, 0x02, 0x00, 0x00, 0xBB, 0x02, 0x00, 0x00, 0xBA, 0x02, 0x00, 0x00, 0x51, 0x03, 0x00, 0x00
	.byte 0x50, 0x46, 0x00, 0x21, 0x04, 0xF0, 0xA6, 0xFD, 0x50, 0x46, 0x04, 0xF0, 0x6F, 0xFD, 0x1E, 0xE0
	.byte 0x01, 0x21, 0x49, 0x42, 0x50, 0x46, 0x04, 0xF0, 0xF1, 0xFD, 0x50, 0x46, 0x03, 0xF0, 0x34, 0xF8
	.byte 0x15, 0xE0, 0x50, 0x46, 0x04, 0xF0, 0xBC, 0xFD, 0x50, 0x46, 0x03, 0xF0, 0x7B, 0xF8, 0x0E, 0xE0
	.byte 0x50, 0x46, 0x04, 0xF0, 0xAD, 0xFD, 0x50, 0x46, 0x03, 0xF0, 0xBE, 0xF8, 0x07, 0xE0, 0x50, 0x46
	.byte 0x00, 0x21, 0x00, 0x22, 0x04, 0xF0, 0x8C, 0xFD, 0x50, 0x46, 0x03, 0xF0, 0x07, 0xF9, 0x20, 0x78
	.byte 0x10, 0x21, 0x08, 0x43, 0x20, 0x70, 0xC7, 0xE0, 0x50, 0x46, 0x04, 0xF0, 0x09, 0xFD
_0802452E:
	mov r0, r10
	bl sub_802814C
	bl _080254A2
	mov r0, r10
	bl sub_8028F2C
_0802453E:
	mov r0, r10
	bl sub_8028EF4
	bl _080254A2
	movs r3, #0x80
	lsls r3, r3, #0x02
	add r3, r10
	str r3, [sp, #0x01C]
	ldr r1, [r3, #0x00]
	mov r0, r10
	movs r2, #0x00
	movs r3, #0x00
	bl sub_802DDB4
	movs r4, #0x81
	lsls r4, r4, #0x02
	add r4, r10
	mov r8, r4
	ldr r1, [r4, #0x00]
	mov r0, r10
	movs r2, #0x00
	movs r3, #0x00
	bl sub_802DDB4
	movs r4, #0x82
	lsls r4, r4, #0x02
	add r4, r10
	ldrb r2, [r4, #0x00]
	lsls r1, r2, #0x1D
	lsrs r1, r1, #0x1F
	movs r6, #0x01
	add r0, sp, #0x044
	strb r6, [r0, #0x00]
	movs r3, #0x01
	eors r1, r3
	lsls r1, r1, #0x02
	movs r0, #0x05
	negs r0, r0
	ands r0, r2
	orrs r0, r1
	strb r0, [r4, #0x00]
	ldr r1, _080246C8 @ =0x03000FD0
	ldr r1, [r1, #0x00]
	movs r6, #0xA5
	lsls r6, r6, #0x03
	adds r1, r1, r6
	lsls r0, r0, #0x1D
	lsrs r0, r0, #0x1F
	str r0, [r1, #0x00]
	ldrb r0, [r4, #0x00]
	lsls r0, r0, #0x1D
	lsrs r0, r0, #0x1F
	eors r0, r3
	lsls r0, r0, #0x02
	mov r1, r10
	adds r1, #0x28
	adds r1, r1, r0
	ldr r0, [r1, #0x00]
	mov r1, r8
	str r0, [r1, #0x00]
	ldr r7, _080246CC @ =0x000002DA
	add r7, r10
	ldrh r1, [r7, #0x00]
	movs r5, #0xB6
	lsls r5, r5, #0x02
	add r5, r10
	ldrb r2, [r5, #0x00]
	lsrs r3, r2, #0x05
	movs r6, #0xB7
	lsls r6, r6, #0x02
	add r6, r10
	mov r12, r6
	ldr r0, [r6, #0x00]
	str r0, [sp, #0x020]
	movs r6, #0xB8
	lsls r6, r6, #0x02
	add r6, r10
	str r6, [sp, #0x028]
	ldr r0, [r6, #0x00]
	str r0, [sp, #0x024]
	movs r6, #0xB9
	lsls r6, r6, #0x02
	add r6, r10
	str r6, [sp, #0x02C]
	ldr r0, [r6, #0x00]
	mov r9, r0
	movs r6, #0xBA
	lsls r6, r6, #0x02
	add r6, r10
	str r6, [sp, #0x034]
	ldr r0, [r6, #0x00]
	str r0, [sp, #0x030]
	ldrb r0, [r4, #0x00]
	lsls r0, r0, #0x1D
	lsrs r0, r0, #0x1F
	add r4, sp, #0x044
	ldrb r6, [r4, #0x00]
	eors r6, r0
	movs r0, #0x20
	negs r0, r0
	ands r0, r2
	orrs r0, r6
	strb r0, [r5, #0x00]
	movs r0, #0x92
	lsls r0, r0, #0x01
	add r0, r10
	ldrh r0, [r0, #0x00]
	strh r0, [r7, #0x00]
	mov r6, r8
	ldr r0, [r6, #0x00]
	adds r0, #0x24
	ldrb r2, [r0, #0x00]
	lsls r2, r2, #0x1D
	lsrs r2, r2, #0x18
	ldrb r4, [r5, #0x00]
	movs r0, #0x1F
	ands r0, r4
	orrs r0, r2
	strb r0, [r5, #0x00]
	ldr r0, [r6, #0x00]
	ldr r0, [r0, #0x0C]
	mov r2, r12
	str r0, [r2, #0x00]
	ldr r0, [r6, #0x00]
	ldr r0, [r0, #0x10]
	ldr r4, [sp, #0x028]
	str r0, [r4, #0x00]
	ldr r0, [r6, #0x00]
	ldr r0, [r0, #0x14]
	ldr r6, [sp, #0x02C]
	str r0, [r6, #0x00]
	mov r2, r8
	ldr r0, [r2, #0x00]
	ldr r0, [r0, #0x18]
	ldr r4, [sp, #0x034]
	str r0, [r4, #0x00]
	ldr r6, [sp, #0x01C]
	ldr r4, [r6, #0x00]
	ldr r6, _080246D0 @ =0x00000351
	adds r4, r4, r6
	ldrb r5, [r4, #0x00]
	movs r2, #0x41
	negs r2, r2
	adds r0, r2, #0x0
	ands r0, r5
	strb r0, [r4, #0x00]
	mov r4, r8
	ldr r0, [r4, #0x00]
	adds r0, r0, r6
	ldrb r4, [r0, #0x00]
	ands r2, r4
	strb r2, [r0, #0x00]
	ldr r6, [sp, #0x020]
	str r6, [sp, #0x000]
	ldr r0, [sp, #0x024]
	str r0, [sp, #0x004]
	ldr r2, [sp, #0x030]
	add r9, r2
	mov r4, r9
	str r4, [sp, #0x008]
	movs r6, #0x00
	str r6, [sp, #0x00C]
	str r6, [sp, #0x010]
	movs r0, #0x01
	negs r0, r0
	str r0, [sp, #0x014]
	add r0, sp, #0x018
	movs r2, #0x01
	strb r2, [r0, #0x00]
	mov r0, r10
	movs r2, #0x00
	bl sub_8027E90
	ldr r3, [sp, #0x01C]
	ldr r2, [r3, #0x00]
	ldr r3, _080246D4 @ =0x00000352
	adds r2, r2, r3
	ldrb r0, [r2, #0x00]
	movs r1, #0x80
	orrs r0, r1
	strb r0, [r2, #0x00]
	mov r4, r8
	ldr r1, [r4, #0x00]
	adds r1, r1, r3
	ldrb r2, [r1, #0x00]
	movs r0, #0x7F
	ands r0, r2
	strb r0, [r1, #0x00]
	movs r1, #0x95
	lsls r1, r1, #0x01
	add r1, r10
	movs r0, #0x00
	strb r0, [r1, #0x00]
	bl _080254A2
	lsls r0, r0, #0x00
_080246C8:
	lsrs r0, r2, #0x1F
	lsls r0, r0, #0x0C
_080246CC:
	lsls r2, r3, #0x0B
	lsls r0, r0, #0x00
_080246D0:
	lsls r1, r2, #0x0D
	lsls r0, r0, #0x00
_080246D4:
	lsls r2, r2, #0x0D
	lsls r0, r0, #0x00
	mov r4, r10
	adds r4, #0xF9
	ldrb r1, [r4, #0x00]
	movs r0, #0x40
	ands r0, r1
	cmp r0, #0x00
	bne _0802476C
	mov r0, r10
	bl sub_803CB5C
	mov r0, r10
	bl sub_803E9F0
	lsls r0, r0, #0x18
	lsrs r5, r0, #0x18
	cmp r5, #0x00
	bne _0802476C
	ldrb r0, [r4, #0x00]
	movs r1, #0x40
	orrs r0, r1
	strb r0, [r4, #0x00]
	ldr r0, _08024760 @ =0x00000291
	add r0, r10
	ldrb r1, [r0, #0x00]
	movs r0, #0x04
	ands r0, r1
	cmp r0, #0x00
	beq _0802476C
	ldr r0, _08024764 @ =0x000002AA
	add r0, r10
	ldrh r1, [r0, #0x00]
	movs r0, #0xAA
	lsls r0, r0, #0x02
	add r0, r10
	ldrb r3, [r0, #0x00]
	lsls r2, r3, #0x1B
	lsrs r2, r2, #0x1B
	lsrs r3, r3, #0x05
	movs r0, #0x01
	ands r3, r0
	ldr r0, _08024768 @ =0x000002A9
	add r0, r10
	ldrb r4, [r0, #0x00]
	lsls r0, r4, #0x1B
	lsrs r0, r0, #0x1D
	str r0, [sp, #0x000]
	movs r0, #0x01
	negs r0, r0
	str r0, [sp, #0x004]
	str r0, [sp, #0x008]
	str r5, [sp, #0x00C]
	str r5, [sp, #0x010]
	str r5, [sp, #0x014]
	lsls r4, r4, #0x1A
	lsrs r4, r4, #0x1F
	str r4, [sp, #0x018]
	mov r0, r10
	bl sub_8027A04
	mov r0, r10
	bl start_battle_8027AC4
	movs r0, #0x95
	lsls r0, r0, #0x01
	add r0, r10
	strb r5, [r0, #0x00]
	bl _080254A2
_08024760:
	lsls r1, r2, #0x0A
	lsls r0, r0, #0x00
_08024764:
	lsls r2, r5, #0x0A
	lsls r0, r0, #0x00
_08024768:
	lsls r1, r5, #0x0A
	lsls r0, r0, #0x00
_0802476C:
	mov r0, r10
	bl sub_802A608
	mov r0, r10
	bl sub_802C390
	movs r0, #0x95
	lsls r0, r0, #0x01
	add r0, r10
	ldrb r0, [r0, #0x00]
	cmp r0, #0x02
	beq _08024786
	b _08024922
_08024786:
	mov r0, r10
	movs r1, #0x04
	bl sub_8025D24
	lsls r0, r0, #0x18
	cmp r0, #0x00
	bne _08024796
	b _080248B2
_08024796:
	ldr r0, _0802482C @ =0x00000209
	add r0, r10
	ldrb r1, [r0, #0x00]
	movs r6, #0x01
	mov r8, r6
	mov r0, r8
	ands r0, r1
	cmp r0, #0x00
	beq _080247AA
	b _080248B2
_080247AA:
	movs r0, #0x80
	lsls r0, r0, #0x02
	add r0, r10
	ldr r4, [r0, #0x00]
	movs r1, #0x97
	lsls r1, r1, #0x02
	adds r0, r4, r1
	ldr r1, [r0, #0x00]
	movs r0, #0x01
	negs r0, r0
	cmp r1, r0
	bne _080248B2
	movs r7, #0x81
	lsls r7, r7, #0x02
	add r7, r10
	ldr r3, [r7, #0x00]
	movs r2, #0x97
	lsls r2, r2, #0x02
	adds r0, r3, r2
	ldr r6, [r0, #0x00]
	cmp r6, r1
	bne _080248B2
	movs r1, #0x04
	ldsh r0, [r4, r1]
	cmp r0, #0x01
	bgt _080248B2
	movs r2, #0x04
	ldsh r0, [r3, r2]
	cmp r0, #0x01
	bgt _080248B2
	movs r5, #0x82
	lsls r5, r5, #0x02
	add r5, r10
	ldrb r2, [r5, #0x00]
	mov r0, r8
	ands r0, r2
	cmp r0, #0x00
	beq _080248AC
	movs r0, #0x10
	ands r0, r2
	cmp r0, #0x00
	beq _08024830
	adds r0, r4, #0x0
	adds r1, r3, #0x0
	bl sub_8047C18
	cmp r0, #0x00
	bne _080248B2
	ldrb r1, [r5, #0x00]
	movs r0, #0x04
	ands r0, r1
	movs r1, #0x09
	cmp r0, #0x00
	bne _08024818
	movs r1, #0x1B
_08024818:
	adds r0, r1, #0x0
	adds r1, r6, #0x0
	bl play_sfx_80195B4
	mov r0, r10
	movs r1, #0x00
	bl sub_802E854
	b _080248B2
	.byte 0x00, 0x00
_0802482C: .4byte 0x00000209
_08024830:
	movs r0, #0xB6
	lsls r0, r0, #0x02
	add r0, r10
	ldrb r1, [r0, #0x00]
	movs r0, #0x1F
	ands r0, r1
	cmp r0, #0x1F
	bne _08024856
	movs r0, #0x04
	ands r0, r2
	movs r1, #0x09
	cmp r0, #0x00
	bne _0802484C
	movs r1, #0x1B
_0802484C:
	adds r0, r1, #0x0
	adds r1, r6, #0x0
	bl play_sfx_80195B4
	b _08024874
_08024856:
	movs r4, #0xDA
	lsls r4, r4, #0x02
	adds r0, r3, r4
	ldr r1, [r0, #0x00]
	ldrb r2, [r1, #0x14]
	movs r0, #0x14
	ldsb r0, [r1, r0]
	cmp r0, r6
	beq _08024874
	strb r2, [r1, #0x10]
	ldr r0, [r7, #0x00]
	adds r0, r0, r4
	ldr r1, [r0, #0x00]
	movs r0, #0xFF
	strb r0, [r1, #0x14]
_08024874:
	mov r0, r10
	movs r1, #0x00
	bl sub_802EC64
	movs r0, #0xB6
	lsls r0, r0, #0x02
	add r0, r10
	ldrb r1, [r0, #0x00]
	movs r0, #0x1F
	ands r0, r1
	cmp r0, #0x1F
	beq _080248B2
	movs r4, #0x80
	lsls r4, r4, #0x02
	add r4, r10
	ldr r0, [r4, #0x00]
	movs r2, #0xDA
	lsls r2, r2, #0x02
	adds r0, r0, r2
	ldr r0, [r0, #0x00]
	ldrb r1, [r0, #0x10]
	movs r3, #0x00
	strb r1, [r0, #0x14]
	ldr r0, [r4, #0x00]
	adds r0, r0, r2
	ldr r0, [r0, #0x00]
	strb r3, [r0, #0x10]
	b _080248B2
_080248AC:
	mov r0, r10
	bl sub_8029878
_080248B2:
	mov r0, r10
	movs r1, #0x05
	bl sub_8025D24
	lsls r0, r0, #0x18
	cmp r0, #0x00
	beq _08024922
	ldr r0, _08024910 @ =0x03000FC0
	ldr r0, [r0, #0x00]
	movs r6, #0xE3
	lsls r6, r6, #0x02
	adds r0, r0, r6
	movs r2, #0x89
	lsls r2, r2, #0x02
	movs r1, #0x00
	bl sub_80E98C0
	lsls r0, r0, #0x18
	cmp r0, #0x00
	beq _08024922
	ldr r0, _08024914 @ =0x0000020B
	add r0, r10
	ldrb r1, [r0, #0x00]
	movs r0, #0x80
	ands r0, r1
	cmp r0, #0x00
	bne _0802491C
	ldr r0, _08024918 @ =0x0000FFFF
	str r0, [sp, #0x000]
	str r0, [sp, #0x004]
	mov r0, r10
	movs r1, #0x02
	movs r2, #0x08
	movs r3, #0x00
	bl sub_8027030
	movs r1, #0x01
	negs r1, r1
	movs r0, #0x54
	bl play_sfx_80195B4
	movs r1, #0x95
	lsls r1, r1, #0x01
	add r1, r10
	movs r0, #0x0B
	strb r0, [r1, #0x00]
	b _08024922
_08024910: .4byte 0x03000FC0
_08024914: .4byte 0x0000020B
_08024918: .4byte 0x0000FFFF
_0802491C:
	mov r0, r10
	bl sub_8029878
_08024922:
	ldr r0, _08024C28 @ =0x00000291
	add r0, r10
	ldrb r1, [r0, #0x00]
	movs r2, #0x01
	adds r0, r2, #0x0
	ands r0, r1
	cmp r0, #0x00
	beq _0802494A
	movs r0, #0xA4
	lsls r0, r0, #0x02
	add r0, r10
	ldrb r0, [r0, #0x00]
	lsls r0, r0, #0x18
	asrs r0, r0, #0x18
	mov r1, r10
	adds r1, #0xFC
	str r1, [sp, #0x040]
	cmp r0, #0x00
	blt _0802494A
	b _08024D64
_0802494A:
	mov r7, r10
	adds r7, #0x28
	ldr r0, _08024C2C @ =0x0000010B
	add r0, r10
	ldrb r4, [r0, #0x00]
	mov r3, r10
	adds r3, #0xFC
	str r3, [sp, #0x040]
	str r7, [sp, #0x038]
	mov r6, r10
	adds r6, #0xA8
	str r6, [sp, #0x03C]
	cmp r4, #0x00
	beq _08024A0C
	movs r5, #0xCE
	lsls r5, r5, #0x02
	negs r0, r4
	ands r0, r2
	cmp r0, #0x00
	beq _080249AC
	mov r0, r10
	ldr r2, [r0, #0x28]
	cmp r2, #0x00
	beq _080249A2
	adds r0, r2, r5
	ldr r1, [r0, #0x00]
	adds r1, #0x58
	movs r3, #0x00
	ldsh r0, [r1, r3]
	adds r0, r2, r0
	ldr r1, [r1, #0x04]
	bl _call_via_r1
	mov r6, r10
	ldr r0, [r6, #0x28]
	adds r1, r0, r5
	ldr r1, [r1, #0x00]
	adds r1, #0x88
	movs r3, #0x00
	ldsh r2, [r1, r3]
	adds r0, r0, r2
	ldr r1, [r1, #0x04]
	bl _call_via_r1
_080249A2:
	subs r4, #0x01
	mov r7, r10
	adds r7, #0x2C
	cmp r4, #0x00
	beq _08024A0C
_080249AC:
	ldr r2, [r7, #0x00]
	cmp r2, #0x00
	beq _080249D8
	adds r0, r2, r5
	ldr r1, [r0, #0x00]
	adds r1, #0x58
	movs r6, #0x00
	ldsh r0, [r1, r6]
	adds r0, r2, r0
	ldr r1, [r1, #0x04]
	bl _call_via_r1
	ldr r0, [r7, #0x00]
	adds r1, r0, r5
	ldr r2, [r1, #0x00]
	adds r2, #0x88
	movs r3, #0x00
	ldsh r1, [r2, r3]
	adds r0, r0, r1
	ldr r1, [r2, #0x04]
	bl _call_via_r1
_080249D8:
	ldr r2, [r7, #0x04]
	cmp r2, #0x00
	beq _08024A04
	adds r0, r2, r5
	ldr r1, [r0, #0x00]
	adds r1, #0x58
	movs r6, #0x00
	ldsh r0, [r1, r6]
	adds r0, r2, r0
	ldr r1, [r1, #0x04]
	bl _call_via_r1
	ldr r0, [r7, #0x04]
	adds r1, r0, r5
	ldr r2, [r1, #0x00]
	adds r2, #0x88
	movs r3, #0x00
	ldsh r1, [r2, r3]
	adds r0, r0, r1
	ldr r1, [r2, #0x04]
	bl _call_via_r1
_08024A04:
	subs r4, #0x02
	adds r7, #0x08
	cmp r4, #0x00
	bne _080249AC
_08024A0C:
	movs r1, #0x8D
	lsls r1, r1, #0x01
	add r1, r10
	ldrb r0, [r1, #0x00]
	cmp r0, #0x00
	beq _08024B0A
	lsls r0, r0, #0x02
	adds r0, #0x28
	mov r6, r10
	adds r4, r6, r0
	ldr r0, _08024C30 @ =0x0000011B
	add r0, r10
	ldrb r5, [r0, #0x00]
	cmp r5, #0x00
	beq _08024B0A
	negs r1, r5
	movs r0, #0x03
	ands r1, r0
	cmp r1, #0x00
	beq _08024A98
	cmp r1, #0x03
	bge _08024A76
	cmp r1, #0x02
	bge _08024A58
	ldr r2, [r4, #0x00]
	ldr r1, _08024C34 @ =0x00000216
	adds r0, r2, r1
	ldrb r1, [r0, #0x00]
	movs r0, #0x20
	ands r0, r1
	cmp r0, #0x00
	bne _08024A54
	ldr r1, [r6, #0x04]
	adds r0, r2, #0x0
	bl sub_8051208
_08024A54:
	subs r5, #0x01
	adds r4, #0x04
_08024A58:
	ldr r2, [r4, #0x00]
	ldr r3, _08024C34 @ =0x00000216
	adds r0, r2, r3
	ldrb r1, [r0, #0x00]
	movs r0, #0x20
	ands r0, r1
	cmp r0, #0x00
	bne _08024A72
	mov r6, r10
	ldr r1, [r6, #0x04]
	adds r0, r2, #0x0
	bl sub_8051208
_08024A72:
	subs r5, #0x01
	adds r4, #0x04
_08024A76:
	ldr r2, [r4, #0x00]
	ldr r1, _08024C34 @ =0x00000216
	adds r0, r2, r1
	ldrb r1, [r0, #0x00]
	movs r0, #0x20
	ands r0, r1
	cmp r0, #0x00
	bne _08024A90
	mov r3, r10
	ldr r1, [r3, #0x04]
	adds r0, r2, #0x0
	bl sub_8051208
_08024A90:
	subs r5, #0x01
	adds r4, #0x04
	cmp r5, #0x00
	beq _08024B0A
_08024A98:
	ldr r2, [r4, #0x00]
	ldr r6, _08024C34 @ =0x00000216
	adds r0, r2, r6
	ldrb r1, [r0, #0x00]
	movs r6, #0x20
	adds r0, r6, #0x0
	ands r0, r1
	cmp r0, #0x00
	bne _08024AB4
	mov r0, r10
	ldr r1, [r0, #0x04]
	adds r0, r2, #0x0
	bl sub_8051208
_08024AB4:
	ldr r2, [r4, #0x04]
	ldr r1, _08024C34 @ =0x00000216
	adds r0, r2, r1
	ldrb r1, [r0, #0x00]
	adds r0, r6, #0x0
	ands r0, r1
	cmp r0, #0x00
	bne _08024ACE
	mov r3, r10
	ldr r1, [r3, #0x04]
	adds r0, r2, #0x0
	bl sub_8051208
_08024ACE:
	ldr r2, [r4, #0x08]
	ldr r1, _08024C34 @ =0x00000216
	adds r0, r2, r1
	ldrb r1, [r0, #0x00]
	adds r0, r6, #0x0
	ands r0, r1
	cmp r0, #0x00
	bne _08024AE8
	mov r3, r10
	ldr r1, [r3, #0x04]
	adds r0, r2, #0x0
	bl sub_8051208
_08024AE8:
	ldr r2, [r4, #0x0C]
	ldr r1, _08024C34 @ =0x00000216
	adds r0, r2, r1
	ldrb r1, [r0, #0x00]
	adds r0, r6, #0x0
	ands r0, r1
	cmp r0, #0x00
	bne _08024B02
	mov r3, r10
	ldr r1, [r3, #0x04]
	adds r0, r2, #0x0
	bl sub_8051208
_08024B02:
	subs r5, #0x04
	adds r4, #0x10
	cmp r5, #0x00
	bne _08024A98
_08024B0A:
	movs r1, #0x8E
	lsls r1, r1, #0x01
	add r1, r10
	ldrb r0, [r1, #0x00]
	cmp r0, #0x00
	beq _08024BEE
	lsls r0, r0, #0x02
	adds r0, #0x28
	mov r4, r10
	adds r7, r4, r0
	ldr r0, _08024C38 @ =0x0000011D
	add r0, r10
	ldrb r4, [r0, #0x00]
	cmp r4, #0x00
	beq _08024BEE
	negs r1, r4
	movs r0, #0x03
	ands r1, r0
	cmp r1, #0x00
	beq _08024B8C
	cmp r1, #0x03
	bge _08024B6E
	cmp r1, #0x02
	bge _08024B54
	ldr r2, [r7, #0x00]
	ldr r6, _08024C3C @ =0x000002B5
	adds r0, r2, r6
	ldrb r1, [r0, #0x00]
	movs r0, #0x08
	ands r0, r1
	cmp r0, #0x00
	bne _08024B50
	adds r0, r2, #0x0
	bl sub_80402C4
_08024B50:
	subs r4, #0x01
	adds r7, #0x04
_08024B54:
	ldr r2, [r7, #0x00]
	ldr r1, _08024C3C @ =0x000002B5
	adds r0, r2, r1
	ldrb r1, [r0, #0x00]
	movs r0, #0x08
	ands r0, r1
	cmp r0, #0x00
	bne _08024B6A
	adds r0, r2, #0x0
	bl sub_80402C4
_08024B6A:
	subs r4, #0x01
	adds r7, #0x04
_08024B6E:
	ldr r2, [r7, #0x00]
	ldr r3, _08024C3C @ =0x000002B5
	adds r0, r2, r3
	ldrb r1, [r0, #0x00]
	movs r0, #0x08
	ands r0, r1
	cmp r0, #0x00
	bne _08024B84
	adds r0, r2, #0x0
	bl sub_80402C4
_08024B84:
	subs r4, #0x01
	adds r7, #0x04
	cmp r4, #0x00
	beq _08024BEE
_08024B8C:
	ldr r2, [r7, #0x00]
	ldr r6, _08024C3C @ =0x000002B5
	adds r0, r2, r6
	ldrb r1, [r0, #0x00]
	movs r5, #0x08
	adds r0, r5, #0x0
	ands r0, r1
	cmp r0, #0x00
	bne _08024BA4
	adds r0, r2, #0x0
	bl sub_80402C4
_08024BA4:
	ldr r2, [r7, #0x04]
	ldr r1, _08024C3C @ =0x000002B5
	adds r0, r2, r1
	ldrb r1, [r0, #0x00]
	adds r0, r5, #0x0
	ands r0, r1
	cmp r0, #0x00
	bne _08024BBA
	adds r0, r2, #0x0
	bl sub_80402C4
_08024BBA:
	ldr r2, [r7, #0x08]
	ldr r3, _08024C3C @ =0x000002B5
	adds r0, r2, r3
	ldrb r1, [r0, #0x00]
	adds r0, r5, #0x0
	ands r0, r1
	cmp r0, #0x00
	bne _08024BD0
	adds r0, r2, #0x0
	bl sub_80402C4
_08024BD0:
	ldr r2, [r7, #0x0C]
	ldr r6, _08024C3C @ =0x000002B5
	adds r0, r2, r6
	ldrb r1, [r0, #0x00]
	adds r0, r5, #0x0
	ands r0, r1
	cmp r0, #0x00
	bne _08024BE6
	adds r0, r2, #0x0
	bl sub_80402C4
_08024BE6:
	subs r4, #0x04
	adds r7, #0x10
	cmp r4, #0x00
	bne _08024B8C
_08024BEE:
	ldr r0, _08024C40 @ =0x00000209
	add r0, r10
	ldrb r1, [r0, #0x00]
	movs r4, #0x01
	adds r0, r4, #0x0
	ands r0, r1
	cmp r0, #0x00
	beq _08024C04
	mov r0, r10
	bl sub_803C5A4
_08024C04:
	ldr r0, _08024C44 @ =0x000002A9
	add r0, r10
	ldrb r1, [r0, #0x00]
	movs r0, #0x40
	ands r0, r1
	cmp r0, #0x00
	bne _08024C6E
	ldr r0, _08024C28 @ =0x00000291
	add r0, r10
	ldrb r1, [r0, #0x00]
	adds r0, r4, #0x0
	ands r0, r1
	cmp r0, #0x00
	beq _08024C48
	mov r0, r10
	bl sub_803CF64
	b _08024C6E
_08024C28: .4byte 0x00000291
_08024C2C: .4byte 0x0000010B
_08024C30: .4byte 0x0000011B
_08024C34: .4byte 0x00000216
_08024C38: .4byte 0x0000011D
_08024C3C: .4byte 0x000002B5
_08024C40: .4byte 0x00000209
_08024C44: .4byte 0x000002A9
_08024C48:
	movs r0, #0x80
	lsls r0, r0, #0x02
	add r0, r10
	ldr r0, [r0, #0x00]
	movs r1, #0xD6
	lsls r1, r1, #0x02
	adds r0, r0, r1
	ldrb r1, [r0, #0x00]
	movs r0, #0x08
	ands r0, r1
	cmp r0, #0x00
	beq _08024C68
	mov r0, r10
	bl sub_802F938
	b _08024C6E
_08024C68:
	mov r0, r10
	bl sub_802A740
_08024C6E:
	mov r0, r10
	bl sub_802FD70
	movs r0, #0x80
	lsls r0, r0, #0x02
	add r0, r10
	ldr r0, [r0, #0x00]
	ldr r4, _08024DF4 @ =0x00000246
	add r4, r10
	ldrb r1, [r4, #0x00]
	lsls r1, r1, #0x1B
	lsrs r1, r1, #0x1D
	bl sub_8048174
	movs r0, #0x81
	lsls r0, r0, #0x02
	add r0, r10
	ldr r0, [r0, #0x00]
	ldrb r1, [r4, #0x00]
	lsls r1, r1, #0x1B
	lsrs r1, r1, #0x1D
	bl sub_8048174
	ldr r1, _08024DF8 @ =0x00000113
	add r1, r10
	ldrb r0, [r1, #0x00]
	cmp r0, #0x00
	beq _08024D0A
	movs r0, #0x89
	lsls r0, r0, #0x01
	add r0, r10
	ldrb r0, [r0, #0x00]
	lsls r0, r0, #0x02
	adds r0, #0x28
	mov r2, r10
	adds r5, r2, r0
	ldrb r4, [r1, #0x00]
	cmp r4, #0x00
	beq _08024D0A
	negs r1, r4
	movs r0, #0x03
	ands r1, r0
	cmp r1, #0x00
	beq _08024CEA
	cmp r1, #0x03
	bge _08024CDE
	cmp r1, #0x02
	bge _08024CD6
	ldm r5!, {r0}
	bl sub_8050078
	subs r4, #0x01
_08024CD6:
	ldm r5!, {r0}
	bl sub_8050078
	subs r4, #0x01
_08024CDE:
	ldm r5!, {r0}
	bl sub_8050078
	subs r4, #0x01
	cmp r4, #0x00
	beq _08024D0A
_08024CEA:
	ldr r0, [r5, #0x00]
	bl sub_8050078
	ldr r0, [r5, #0x04]
	bl sub_8050078
	ldr r0, [r5, #0x08]
	bl sub_8050078
	ldr r0, [r5, #0x0C]
	bl sub_8050078
	subs r4, #0x04
	adds r5, #0x10
	cmp r4, #0x00
	bne _08024CEA
_08024D0A:
	ldr r6, [sp, #0x03C]
	ldr r4, _08024DFC @ =0x0000010B
	add r4, r10
	ldm r6!, {r0}
	ldrb r2, [r4, #0x00]
	ldr r1, [sp, #0x038]
	bl sub_804E33C
	ldr r0, [r6, #0x00]
	ldrb r2, [r4, #0x00]
	ldr r1, [sp, #0x038]
	bl sub_804E33C
	ldr r3, [sp, #0x03C]
	ldr r0, [r3, #0x08]
	ldrb r2, [r4, #0x00]
	ldr r1, [sp, #0x038]
	bl sub_804E33C
	ldr r6, [sp, #0x03C]
	ldr r0, [r6, #0x0C]
	ldrb r2, [r4, #0x00]
	ldr r1, [sp, #0x038]
	bl sub_804E33C
	ldr r0, [r6, #0x10]
	ldrb r2, [r4, #0x00]
	ldr r1, [sp, #0x038]
	bl sub_804E33C
	ldr r0, [r6, #0x14]
	ldrb r2, [r4, #0x00]
	ldr r1, [sp, #0x038]
	bl sub_804E33C
	ldr r0, [r6, #0x18]
	ldrb r2, [r4, #0x00]
	ldr r1, [sp, #0x038]
	bl sub_804E33C
	ldr r0, [r6, #0x1C]
	ldrb r2, [r4, #0x00]
	ldr r1, [sp, #0x038]
	bl sub_804E33C
_08024D64:
	ldr r0, _08024E00 @ =0x00000291
	add r0, r10
	ldrb r1, [r0, #0x00]
	movs r0, #0x01
	ands r0, r1
	cmp r0, #0x00
	beq _08024D84
	movs r0, #0xA4
	lsls r0, r0, #0x02
	add r0, r10
	ldrb r0, [r0, #0x00]
	lsls r0, r0, #0x18
	asrs r0, r0, #0x18
	cmp r0, #0x00
	ble _08024D84
	b _0802510E
_08024D84:
	movs r0, #0x95
	lsls r0, r0, #0x01
	add r0, r10
	ldrb r0, [r0, #0x00]
	subs r0, #0x07
	lsls r0, r0, #0x18
	lsrs r0, r0, #0x18
	cmp r0, #0x01
	bls _08024DB6
	mov r0, r10
	adds r0, #0xF8
	ldrh r1, [r0, #0x00]
	movs r0, #0xD0
	lsls r0, r0, #0x02
	ands r0, r1
	cmp r0, #0x40
	bne _08024DB6
	mov r0, r10
	adds r0, #0xFA
	ldrh r1, [r0, #0x00]
	lsls r1, r1, #0x16
	lsrs r1, r1, #0x1B
	mov r0, r10
	bl sub_80286AC
_08024DB6:
	ldr r1, _08024E04 @ =0x0000027A
	add r1, r10
	movs r0, #0x97
	lsls r0, r0, #0x01
	add r0, r10
	ldrh r0, [r0, #0x00]
	ldrh r1, [r1, #0x00]
	adds r0, r0, r1
	ldr r2, _08024E08 @ =0x0000027E
	add r2, r10
	strh r0, [r2, #0x00]
	movs r1, #0x9F
	lsls r1, r1, #0x02
	add r1, r10
	movs r0, #0x98
	lsls r0, r0, #0x01
	add r0, r10
	ldrh r0, [r0, #0x00]
	ldrh r1, [r1, #0x00]
	adds r0, r0, r1
	movs r1, #0xA0
	lsls r1, r1, #0x02
	add r1, r10
	strh r0, [r1, #0x00]
	movs r1, #0x00
	ldsh r0, [r2, r1]
	cmp r0, #0x00
	bge _08024E0C
	movs r0, #0x00
	strh r0, [r2, #0x00]
	b _08024E1E
_08024DF4: .4byte 0x00000246
_08024DF8: .4byte 0x00000113
_08024DFC: .4byte 0x0000010B
_08024E00: .4byte 0x00000291
_08024E04: .4byte 0x0000027A
_08024E08: .4byte 0x0000027E
_08024E0C:
	movs r3, #0x00
	ldsh r0, [r2, r3]
	ldr r1, _08024E34 @ =0x00000286
	add r1, r10
	ldrh r1, [r1, #0x00]
	subs r1, #0xF0
	cmp r0, r1
	ble _08024E1E
	strh r1, [r2, #0x00]
_08024E1E:
	movs r2, #0xA0
	lsls r2, r2, #0x02
	add r2, r10
	movs r4, #0x00
	ldsh r0, [r2, r4]
	cmp r0, #0x00
	bge _08024E38
	movs r0, #0x00
	strh r0, [r2, #0x00]
	b _08024E4C
	.byte 0x00, 0x00
_08024E34: .4byte 0x00000286
_08024E38:
	movs r6, #0x00
	ldsh r0, [r2, r6]
	movs r1, #0xA2
	lsls r1, r1, #0x02
	add r1, r10
	ldrh r1, [r1, #0x00]
	subs r1, #0xA0
	cmp r0, r1
	ble _08024E4C
	strh r1, [r2, #0x00]
_08024E4C:
	mov r7, r10
	adds r7, #0x28
	ldr r0, _08024FA0 @ =0x00000291
	add r0, r10
	ldrb r1, [r0, #0x00]
	movs r2, #0x01
	adds r0, r2, #0x0
	ands r0, r1
	str r7, [sp, #0x038]
	cmp r0, #0x00
	beq _08024E64
	b _08024FAC
_08024E64:
	ldr r0, _08024FA4 @ =0x0000010B
	add r0, r10
	ldrb r0, [r0, #0x00]
	mov r8, r0
	mov r0, r10
	adds r0, #0xA8
	str r0, [sp, #0x03C]
	mov r1, r8
	cmp r1, #0x00
	bne _08024E7A
	b _080250A8
_08024E7A:
	movs r3, #0xCE
	lsls r3, r3, #0x02
	mov r9, r3
	negs r0, r1
	ands r0, r2
	cmp r0, #0x00
	beq _08024EF0
	mov r4, r10
	ldr r0, [r4, #0x28]
	adds r1, r0, r3
	ldr r3, [r1, #0x00]
	adds r3, #0x40
	movs r6, #0x00
	ldsh r1, [r3, r6]
	adds r0, r0, r1
	ldr r1, _08024FA8 @ =0x0000027E
	add r1, r10
	movs r2, #0x00
	ldsh r1, [r1, r2]
	movs r2, #0xA0
	lsls r2, r2, #0x02
	add r2, r10
	movs r4, #0x00
	ldsh r2, [r2, r4]
	ldr r4, [r3, #0x04]
	adds r3, r7, #0x0
	bl _call_via_r4
	mov r6, r10
	ldr r0, [r6, #0x28]
	mov r2, r9
	adds r1, r0, r2
	ldr r2, [r1, #0x00]
	movs r3, #0x30
	ldsh r1, [r2, r3]
	adds r0, r0, r1
	ldr r2, [r2, #0x34]
	movs r1, #0x00
	bl _call_via_r2
	ldr r0, [r6, #0x28]
	mov r4, r9
	adds r1, r0, r4
	ldr r1, [r1, #0x00]
	adds r1, #0x48
	movs r6, #0x00
	ldsh r2, [r1, r6]
	adds r0, r0, r2
	ldr r1, [r1, #0x04]
	bl _call_via_r1
	movs r0, #0x01
	negs r0, r0
	add r8, r0
	adds r7, #0x04
	mov r1, r8
	cmp r1, #0x00
	bne _08024EF0
	b _080250A8
_08024EF0:
	ldr r0, [r7, #0x00]
	mov r2, r9
	adds r1, r0, r2
	ldr r3, [r1, #0x00]
	adds r3, #0x40
	movs r4, #0x00
	ldsh r1, [r3, r4]
	adds r0, r0, r1
	ldr r6, _08024FA8 @ =0x0000027E
	add r6, r10
	movs r2, #0x00
	ldsh r1, [r6, r2]
	movs r5, #0xA0
	lsls r5, r5, #0x02
	add r5, r10
	movs r4, #0x00
	ldsh r2, [r5, r4]
	ldr r4, [r3, #0x04]
	ldr r3, [sp, #0x038]
	bl _call_via_r4
	ldr r0, [r7, #0x00]
	mov r2, r9
	adds r1, r0, r2
	ldr r2, [r1, #0x00]
	movs r3, #0x30
	ldsh r1, [r2, r3]
	adds r0, r0, r1
	ldr r2, [r2, #0x34]
	movs r1, #0x00
	bl _call_via_r2
	ldr r0, [r7, #0x00]
	mov r4, r9
	adds r1, r0, r4
	ldr r2, [r1, #0x00]
	adds r2, #0x48
	movs r3, #0x00
	ldsh r1, [r2, r3]
	adds r0, r0, r1
	ldr r1, [r2, #0x04]
	bl _call_via_r1
	ldr r0, [r7, #0x04]
	adds r1, r0, r4
	ldr r3, [r1, #0x00]
	adds r3, #0x40
	movs r4, #0x00
	ldsh r1, [r3, r4]
	adds r0, r0, r1
	movs r2, #0x00
	ldsh r1, [r6, r2]
	movs r4, #0x00
	ldsh r2, [r5, r4]
	ldr r4, [r3, #0x04]
	ldr r3, [sp, #0x038]
	bl _call_via_r4
	ldr r0, [r7, #0x04]
	mov r6, r9
	adds r1, r0, r6
	ldr r2, [r1, #0x00]
	movs r3, #0x30
	ldsh r1, [r2, r3]
	adds r0, r0, r1
	ldr r2, [r2, #0x34]
	movs r1, #0x00
	bl _call_via_r2
	ldr r0, [r7, #0x04]
	adds r1, r0, r6
	ldr r2, [r1, #0x00]
	adds r2, #0x48
	movs r4, #0x00
	ldsh r1, [r2, r4]
	adds r0, r0, r1
	ldr r1, [r2, #0x04]
	bl _call_via_r1
	movs r6, #0x02
	negs r6, r6
	add r8, r6
	adds r7, #0x08
	mov r0, r8
	cmp r0, #0x00
	bne _08024EF0
	b _080250A8
	.byte 0x00, 0x00
_08024FA0: .4byte 0x00000291
_08024FA4: .4byte 0x0000010B
_08024FA8: .4byte 0x0000027E
_08024FAC:
	ldr r0, _0802501C @ =0x0000010B
	add r0, r10
	ldrb r0, [r0, #0x00]
	mov r8, r0
	mov r1, r10
	adds r1, #0xA8
	str r1, [sp, #0x03C]
	cmp r0, #0x00
	beq _080250A8
	movs r3, #0xCE
	lsls r3, r3, #0x02
	mov r9, r3
	negs r0, r0
	ands r0, r2
	cmp r0, #0x00
	beq _08025024
	mov r4, r10
	ldr r0, [r4, #0x28]
	adds r1, r0, r3
	ldr r3, [r1, #0x00]
	adds r3, #0x40
	movs r6, #0x00
	ldsh r1, [r3, r6]
	adds r0, r0, r1
	ldr r1, _08025020 @ =0x0000027E
	add r1, r10
	movs r2, #0x00
	ldsh r1, [r1, r2]
	movs r2, #0xA0
	lsls r2, r2, #0x02
	add r2, r10
	movs r4, #0x00
	ldsh r2, [r2, r4]
	ldr r4, [r3, #0x04]
	ldr r3, [sp, #0x038]
	bl _call_via_r4
	mov r6, r10
	ldr r0, [r6, #0x28]
	mov r2, r9
	adds r1, r0, r2
	ldr r1, [r1, #0x00]
	adds r1, #0x48
	movs r3, #0x00
	ldsh r2, [r1, r3]
	adds r0, r0, r2
	ldr r1, [r1, #0x04]
	bl _call_via_r1
	movs r4, #0x01
	negs r4, r4
	add r8, r4
	mov r7, r10
	adds r7, #0x2C
	b _080250A2
	.byte 0x00, 0x00
_0802501C: .4byte 0x0000010B
_08025020: .4byte 0x0000027E
_08025024:
	ldr r0, [r7, #0x00]
	mov r2, r9
	adds r1, r0, r2
	ldr r3, [r1, #0x00]
	adds r3, #0x40
	movs r4, #0x00
	ldsh r1, [r3, r4]
	adds r0, r0, r1
	ldr r6, _08025170 @ =0x0000027E
	add r6, r10
	movs r2, #0x00
	ldsh r1, [r6, r2]
	movs r5, #0xA0
	lsls r5, r5, #0x02
	add r5, r10
	movs r4, #0x00
	ldsh r2, [r5, r4]
	ldr r4, [r3, #0x04]
	ldr r3, [sp, #0x038]
	bl _call_via_r4
	ldr r0, [r7, #0x00]
	mov r2, r9
	adds r1, r0, r2
	ldr r2, [r1, #0x00]
	adds r2, #0x48
	movs r3, #0x00
	ldsh r1, [r2, r3]
	adds r0, r0, r1
	ldr r1, [r2, #0x04]
	bl _call_via_r1
	ldr r0, [r7, #0x04]
	mov r4, r9
	adds r1, r0, r4
	ldr r3, [r1, #0x00]
	adds r3, #0x40
	movs r2, #0x00
	ldsh r1, [r3, r2]
	adds r0, r0, r1
	movs r4, #0x00
	ldsh r1, [r6, r4]
	movs r6, #0x00
	ldsh r2, [r5, r6]
	ldr r4, [r3, #0x04]
	ldr r3, [sp, #0x038]
	bl _call_via_r4
	ldr r0, [r7, #0x04]
	mov r2, r9
	adds r1, r0, r2
	ldr r2, [r1, #0x00]
	adds r2, #0x48
	movs r3, #0x00
	ldsh r1, [r2, r3]
	adds r0, r0, r1
	ldr r1, [r2, #0x04]
	bl _call_via_r1
	movs r4, #0x02
	negs r4, r4
	add r8, r4
	adds r7, #0x08
_080250A2:
	mov r6, r8
	cmp r6, #0x00
	bne _08025024
_080250A8:
	ldr r6, [sp, #0x03C]
	movs r7, #0x08
_080250AC:
	ldr r0, [r6, #0x00]
	ldr r5, _08025170 @ =0x0000027E
	add r5, r10
	movs r2, #0x00
	ldsh r1, [r5, r2]
	movs r4, #0xA0
	lsls r4, r4, #0x02
	add r4, r10
	movs r3, #0x00
	ldsh r2, [r4, r3]
	bl sub_804FA94
	ldr r0, [r6, #0x00]
	bl sub_804E450
	ldr r0, [r6, #0x04]
	movs r2, #0x00
	ldsh r1, [r5, r2]
	movs r3, #0x00
	ldsh r2, [r4, r3]
	bl sub_804FA94
	ldr r0, [r6, #0x04]
	bl sub_804E450
	ldr r0, [r6, #0x08]
	movs r2, #0x00
	ldsh r1, [r5, r2]
	movs r3, #0x00
	ldsh r2, [r4, r3]
	bl sub_804FA94
	ldr r0, [r6, #0x08]
	bl sub_804E450
	ldr r0, [r6, #0x0C]
	movs r2, #0x00
	ldsh r1, [r5, r2]
	movs r3, #0x00
	ldsh r2, [r4, r3]
	bl sub_804FA94
	ldr r0, [r6, #0x0C]
	bl sub_804E450
	subs r7, #0x04
	adds r6, #0x10
	cmp r7, #0x00
	bne _080250AC
_0802510E:
	ldr r0, _08025174 @ =0x00000291
	add r0, r10
	ldrb r1, [r0, #0x00]
	movs r0, #0x01
	ands r0, r1
	cmp r0, #0x00
	beq _0802512E
	movs r0, #0xA4
	lsls r0, r0, #0x02
	add r0, r10
	ldrb r0, [r0, #0x00]
	lsls r0, r0, #0x18
	asrs r0, r0, #0x18
	cmp r0, #0x00
	blt _0802512E
	b _08025444
_0802512E:
	movs r4, #0x82
	lsls r4, r4, #0x02
	add r4, r10
	ldrb r1, [r4, #0x00]
	movs r0, #0x10
	ands r0, r1
	cmp r0, #0x00
	beq _0802518E
	movs r0, #0x80
	lsls r0, r0, #0x02
	add r0, r10
	ldr r2, [r0, #0x00]
	movs r0, #0x81
	lsls r0, r0, #0x02
	add r0, r10
	ldr r3, [r0, #0x00]
	ldr r1, [r2, #0x10]
	ldr r0, [r3, #0x10]
	cmp r1, r0
	bne _0802518E
	ldr r1, [r4, #0x00]
	movs r0, #0xC0
	lsls r0, r0, #0x09
	ands r1, r0
	movs r0, #0x80
	lsls r0, r0, #0x08
	cmp r1, r0
	bne _08025178
	movs r4, #0xA5
	lsls r4, r4, #0x02
	adds r0, r2, r4
	b _08025186
	.byte 0x00, 0x00
_08025170: .4byte 0x0000027E
_08025174: .4byte 0x00000291
_08025178:
	movs r0, #0x80
	lsls r0, r0, #0x09
	cmp r1, r0
	bne _0802518E
	movs r6, #0xA5
	lsls r6, r6, #0x02
	adds r0, r3, r6
_08025186:
	ldr r1, [r0, #0x00]
	ldrh r0, [r1, #0x0E]
	subs r0, #0x01
	strh r0, [r1, #0x0E]
_0802518E:
	movs r5, #0x80
	lsls r5, r5, #0x02
	add r5, r10
	ldr r3, [r5, #0x00]
	movs r1, #0x01
	ldsb r1, [r3, r1]
	movs r0, #0x01
	negs r0, r0
	mov r2, r10
	adds r2, #0x28
	str r2, [sp, #0x038]
	cmp r1, r0
	beq _0802527C
	movs r0, #0x01
	ldsb r0, [r3, r0]
	lsls r0, r0, #0x02
	adds r0, r2, r0
	ldr r0, [r0, #0x00]
	movs r4, #0xA5
	lsls r4, r4, #0x02
	mov r8, r4
	adds r7, r0, r4
	ldr r0, [r7, #0x00]
	ldrb r0, [r0, #0x1F]
	lsls r1, r0, #0x1E
	lsrs r1, r1, #0x1E
	lsls r0, r0, #0x1C
	lsrs r0, r0, #0x1E
	cmp r0, r1
	bls _080251CC
	adds r0, r1, #0x0
_080251CC:
	adds r2, r0, #0x0
	mov r6, r8
	adds r0, r3, r6
	ldr r4, [r0, #0x00]
	ldrb r3, [r4, #0x1F]
	lsls r0, r3, #0x1E
	lsrs r0, r0, #0x1E
	cmp r2, r0
	bge _080251EE
	movs r0, #0x03
	adds r1, r2, #0x0
	ands r1, r0
	movs r0, #0x04
	negs r0, r0
	ands r0, r3
	orrs r0, r1
	strb r0, [r4, #0x1F]
_080251EE:
	ldr r0, [r5, #0x00]
	add r0, r8
	ldr r4, [r0, #0x00]
	ldrb r3, [r4, #0x1F]
	lsls r0, r3, #0x1C
	lsrs r0, r0, #0x1E
	cmp r2, r0
	bge _08025210
	movs r0, #0x03
	adds r1, r2, #0x0
	ands r1, r0
	lsls r1, r1, #0x02
	movs r0, #0x0D
	negs r0, r0
	ands r0, r3
	orrs r0, r1
	strb r0, [r4, #0x1F]
_08025210:
	ldr r0, [r5, #0x00]
	movs r6, #0xDB
	lsls r6, r6, #0x02
	adds r0, r0, r6
	ldr r4, [r0, #0x00]
	ldrb r3, [r4, #0x1F]
	lsls r0, r3, #0x1E
	lsrs r0, r0, #0x1E
	cmp r2, r0
	bge _08025234
	movs r0, #0x03
	adds r1, r2, #0x0
	ands r1, r0
	movs r0, #0x04
	negs r0, r0
	ands r0, r3
	orrs r0, r1
	strb r0, [r4, #0x1F]
_08025234:
	ldr r0, [r5, #0x00]
	adds r0, r0, r6
	ldr r4, [r0, #0x00]
	ldrb r3, [r4, #0x1F]
	lsls r0, r3, #0x1C
	lsrs r0, r0, #0x1E
	cmp r2, r0
	bge _08025254
	movs r0, #0x03
	ands r2, r0
	lsls r1, r2, #0x02
	movs r0, #0x0D
	negs r0, r0
	ands r0, r3
	orrs r0, r1
	strb r0, [r4, #0x1F]
_08025254:
	ldr r0, [r5, #0x00]
	add r0, r8
	ldr r2, [r0, #0x00]
	ldr r0, [r7, #0x00]
	ldrh r1, [r0, #0x0E]
	ldrh r0, [r2, #0x0E]
	cmp r0, r1
	bcc _08025268
	subs r0, r1, #0x1
	strh r0, [r2, #0x0E]
_08025268:
	ldr r0, [r5, #0x00]
	adds r0, r0, r6
	ldr r2, [r0, #0x00]
	ldr r0, [r7, #0x00]
	ldrh r1, [r0, #0x0E]
	ldrh r0, [r2, #0x0E]
	cmp r0, r1
	bcc _0802527C
	subs r0, r1, #0x1
	strh r0, [r2, #0x0E]
_0802527C:
	movs r5, #0x81
	lsls r5, r5, #0x02
	add r5, r10
	ldr r3, [r5, #0x00]
	movs r1, #0x01
	ldsb r1, [r3, r1]
	movs r0, #0x01
	negs r0, r0
	cmp r1, r0
	beq _08025364
	adds r0, r1, #0x0
	lsls r0, r0, #0x02
	ldr r1, [sp, #0x038]
	adds r0, r1, r0
	ldr r0, [r0, #0x00]
	movs r2, #0xA5
	lsls r2, r2, #0x02
	mov r8, r2
	adds r7, r0, r2
	ldr r0, [r7, #0x00]
	ldrb r0, [r0, #0x1F]
	lsls r1, r0, #0x1E
	lsrs r1, r1, #0x1E
	lsls r0, r0, #0x1C
	lsrs r0, r0, #0x1E
	cmp r0, r1
	bls _080252B4
	adds r0, r1, #0x0
_080252B4:
	adds r2, r0, #0x0
	mov r4, r8
	adds r0, r3, r4
	ldr r4, [r0, #0x00]
	ldrb r3, [r4, #0x1F]
	lsls r0, r3, #0x1E
	lsrs r0, r0, #0x1E
	cmp r2, r0
	bge _080252D6
	movs r0, #0x03
	adds r1, r2, #0x0
	ands r1, r0
	movs r0, #0x04
	negs r0, r0
	ands r0, r3
	orrs r0, r1
	strb r0, [r4, #0x1F]
_080252D6:
	ldr r0, [r5, #0x00]
	add r0, r8
	ldr r4, [r0, #0x00]
	ldrb r3, [r4, #0x1F]
	lsls r0, r3, #0x1C
	lsrs r0, r0, #0x1E
	cmp r2, r0
	bge _080252F8
	movs r0, #0x03
	adds r1, r2, #0x0
	ands r1, r0
	lsls r1, r1, #0x02
	movs r0, #0x0D
	negs r0, r0
	ands r0, r3
	orrs r0, r1
	strb r0, [r4, #0x1F]
_080252F8:
	ldr r0, [r5, #0x00]
	movs r6, #0xDB
	lsls r6, r6, #0x02
	adds r0, r0, r6
	ldr r4, [r0, #0x00]
	ldrb r3, [r4, #0x1F]
	lsls r0, r3, #0x1E
	lsrs r0, r0, #0x1E
	cmp r2, r0
	bge _0802531C
	movs r0, #0x03
	adds r1, r2, #0x0
	ands r1, r0
	movs r0, #0x04
	negs r0, r0
	ands r0, r3
	orrs r0, r1
	strb r0, [r4, #0x1F]
_0802531C:
	ldr r0, [r5, #0x00]
	adds r0, r0, r6
	ldr r4, [r0, #0x00]
	ldrb r3, [r4, #0x1F]
	lsls r0, r3, #0x1C
	lsrs r0, r0, #0x1E
	cmp r2, r0
	bge _0802533C
	movs r0, #0x03
	ands r2, r0
	lsls r1, r2, #0x02
	movs r0, #0x0D
	negs r0, r0
	ands r0, r3
	orrs r0, r1
	strb r0, [r4, #0x1F]
_0802533C:
	ldr r0, [r5, #0x00]
	add r0, r8
	ldr r2, [r0, #0x00]
	ldr r0, [r7, #0x00]
	ldrh r1, [r0, #0x0E]
	ldrh r0, [r2, #0x0E]
	cmp r0, r1
	bcc _08025350
	subs r0, r1, #0x1
	strh r0, [r2, #0x0E]
_08025350:
	ldr r0, [r5, #0x00]
	adds r0, r0, r6
	ldr r2, [r0, #0x00]
	ldr r0, [r7, #0x00]
	ldrh r1, [r0, #0x0E]
	ldrh r0, [r2, #0x0E]
	cmp r0, r1
	bcc _08025364
	subs r0, r1, #0x1
	strh r0, [r2, #0x0E]
_08025364:
	movs r0, #0x80
	lsls r0, r0, #0x02
	add r0, r10
	ldr r0, [r0, #0x00]
	ldr r2, [r0, #0x10]
	adds r0, r2, #0x0
	cmp r2, #0x00
	bge _08025376
	adds r0, #0xFF
_08025376:
	asrs r3, r0, #0x08
	movs r0, #0x81
	lsls r0, r0, #0x02
	add r0, r10
	ldr r0, [r0, #0x00]
	ldr r0, [r0, #0x10]
	adds r1, r0, #0x0
	cmp r0, #0x00
	bge _0802538A
	adds r1, #0xFF
_0802538A:
	asrs r1, r1, #0x08
	cmp r3, r1
	blt _080253AA
	cmp r3, r1
	bne _080253D4
	movs r0, #0x82
	lsls r0, r0, #0x02
	add r0, r10
	ldr r0, [r0, #0x00]
	movs r1, #0xC0
	lsls r1, r1, #0x09
	ands r0, r1
	movs r1, #0x80
	lsls r1, r1, #0x09
	cmp r0, r1
	bne _080253D4
_080253AA:
	movs r0, #0x80
	lsls r0, r0, #0x02
	add r0, r10
	ldr r0, [r0, #0x00]
	ldr r4, _080253D0 @ =0x0000010B
	add r4, r10
	ldrb r2, [r4, #0x00]
	ldr r1, [sp, #0x038]
	bl sub_8049C38
	movs r0, #0x81
	lsls r0, r0, #0x02
	add r0, r10
	ldr r0, [r0, #0x00]
	ldrb r2, [r4, #0x00]
	ldr r1, [sp, #0x038]
	bl sub_8049C38
	b _08025412
_080253D0: .4byte 0x0000010B
_080253D4:
	movs r0, #0x81
	lsls r0, r0, #0x02
	add r0, r10
	ldr r0, [r0, #0x00]
	ldr r5, _080254B4 @ =0x0000010B
	add r5, r10
	ldrb r2, [r5, #0x00]
	ldr r1, [sp, #0x038]
	bl sub_8049C38
	movs r0, #0x80
	lsls r0, r0, #0x02
	add r0, r10
	ldr r3, [r0, #0x00]
	ldr r1, [sp, #0x038]
	ldr r0, _080254B8 @ =0x00000246
	add r0, r10
	ldrb r0, [r0, #0x00]
	movs r4, #0x1C
	ands r4, r0
	cmp r4, #0x0C
	bne _08025404
	mov r1, r10
	adds r1, #0x2C
_08025404:
	ldrb r2, [r5, #0x00]
	cmp r4, #0x0C
	bne _0802540C
	subs r2, #0x01
_0802540C:
	adds r0, r3, #0x0
	bl sub_8049C38
_08025412:
	mov r0, r10
	bl sub_8029624
	bl sub_8021F7C
	movs r0, #0x80
	lsls r0, r0, #0x02
	add r0, r10
	ldr r0, [r0, #0x00]
	movs r6, #0xD4
	lsls r6, r6, #0x02
	adds r0, r0, r6
	ldrb r1, [r0, #0x00]
	movs r0, #0x3F
	ands r0, r1
	cmp r0, #0x00
	beq _08025444
	mov r0, r10
	adds r0, #0xD0
	ldr r0, [r0, #0x00]
	ldrh r0, [r0, #0x00]
	movs r1, #0x8F
	lsls r1, r1, #0x01
	add r1, r10
	strh r0, [r1, #0x00]
_08025444:
	movs r0, #0xC1
	lsls r0, r0, #0x02
	add r0, r10
	ldr r0, [r0, #0x00]
	ldr r1, _080254BC @ =0x0000027E
	add r1, r10
	movs r2, #0x00
	ldsh r1, [r1, r2]
	movs r2, #0xA0
	lsls r2, r2, #0x02
	add r2, r10
	movs r3, #0x00
	ldsh r2, [r2, r3]
	bl sub_8057C9C
	ldr r4, [sp, #0x040]
	ldrb r7, [r4, #0x00]
	movs r0, #0x04
	ands r0, r7
	cmp r0, #0x00
	beq _080254A2
	mov r6, r10
	ldr r0, [r6, #0x1C]
	movs r1, #0x9F
	lsls r1, r1, #0x02
	adds r3, r0, r1
	movs r0, #0xC7
	lsls r0, r0, #0x02
	add r0, r10
	ldr r2, [r0, #0x00]
	movs r0, #0x02
	ands r0, r7
	movs r1, #0x74
	cmp r0, #0x00
	bne _0802548C
	movs r1, #0x04
_0802548C:
	adds r0, r2, #0x0
	adds r2, r3, #0x0
	movs r3, #0x00
	bl sub_80EF618
	ldr r2, [sp, #0x040]
	ldrb r1, [r2, #0x00]
	movs r0, #0x05
	negs r0, r0
	ands r0, r1
	strb r0, [r2, #0x00]
_080254A2:
	add sp, #0x048
	pop {r3, r4, r5}
	mov r8, r3
	mov r9, r4
	mov r10, r5
	pop {r4, r5, r6, r7}
	pop {r0}
	bx r0
	.byte 0x00, 0x00
_080254B4: .4byte 0x0000010B
_080254B8: .4byte 0x00000246
_080254BC: .4byte 0x0000027E
	.byte 0x70, 0xB5, 0x04, 0x1C, 0x2D, 0x48, 0x00, 0x68, 0x21, 0x6A, 0x04, 0x31, 0x2C, 0x4A, 0xB5, 0xF1
	.byte 0xE5, 0xF8, 0x25, 0x6A, 0x82, 0x20, 0x80, 0x00, 0x23, 0x18, 0x19, 0x78, 0xC9, 0x07, 0xC9, 0x0F
	.byte 0x49, 0x00, 0x2A, 0x78, 0x03, 0x20, 0x40, 0x42, 0x10, 0x40, 0x08, 0x43, 0x28, 0x70, 0x25, 0x6A
	.byte 0x19, 0x78, 0x89, 0x07, 0xC9, 0x0F, 0x89, 0x00, 0x2A, 0x78, 0x05, 0x20, 0x40, 0x42, 0x10, 0x40
	.byte 0x08, 0x43, 0x28, 0x70, 0x25, 0x6A, 0x19, 0x78, 0x49, 0x07, 0xC9, 0x0F, 0xC9, 0x00, 0x2A, 0x78
	.byte 0x09, 0x20, 0x40, 0x42, 0x10, 0x40, 0x08, 0x43, 0x28, 0x70, 0x25, 0x6A, 0x19, 0x78, 0x09, 0x07
	.byte 0xC9, 0x0F, 0x09, 0x01, 0x2A, 0x78, 0x11, 0x20, 0x40, 0x42, 0x10, 0x40, 0x08, 0x43, 0x28, 0x70
	.byte 0x25, 0x6A, 0x19, 0x78, 0xC9, 0x06, 0xC9, 0x0F, 0x49, 0x01, 0x2A, 0x78, 0x21, 0x20, 0x40, 0x42
	.byte 0x10, 0x40, 0x08, 0x43, 0x28, 0x70, 0x25, 0x6A, 0x18, 0x78, 0x01, 0x26, 0x40, 0x21, 0x01, 0x40
	.byte 0x2A, 0x78, 0x41, 0x20, 0x40, 0x42, 0x10, 0x40, 0x08, 0x43, 0x28, 0x70, 0x25, 0x6A, 0x19, 0x78
	.byte 0xC9, 0x09, 0xC9, 0x01, 0x2A, 0x78, 0x7F, 0x20, 0x10, 0x40, 0x08, 0x43, 0x28, 0x70, 0x21, 0x6A
	.byte 0x08, 0x78, 0x30, 0x43, 0x08, 0x70, 0x70, 0xBC, 0x01, 0xBC, 0x00, 0x47, 0xC0, 0x0F, 0x00, 0x03
	.byte 0x5D, 0x01, 0x00, 0x04
	thumb_func_start sub_8025584
sub_8025584:
	push {r4, r5, r6, lr}
	adds r5, r0, #0x0
	ldr r0, [r5, #0x20]
	adds r0, #0x04
	ldr r1, _08025634 @ =0x03000FC0
	ldr r1, [r1, #0x00]
	ldr r2, _08025638 @ =0x0400015D
	bl CpuSet
	ldr r0, [r5, #0x20]
	ldrb r0, [r0, #0x00]
	lsls r0, r0, #0x1E
	movs r1, #0x82
	lsls r1, r1, #0x02
	adds r4, r5, r1
	lsrs r0, r0, #0x1F
	ldrb r2, [r4, #0x00]
	movs r6, #0x02
	negs r6, r6
	adds r1, r6, #0x0
	ands r1, r2
	orrs r1, r0
	strb r1, [r4, #0x00]
	ldr r0, [r5, #0x20]
	ldrb r0, [r0, #0x00]
	lsls r0, r0, #0x1D
	lsrs r0, r0, #0x1F
	lsls r0, r0, #0x01
	movs r2, #0x03
	negs r2, r2
	ands r2, r1
	orrs r2, r0
	strb r2, [r4, #0x00]
	ldr r0, [r5, #0x20]
	ldrb r0, [r0, #0x00]
	lsls r0, r0, #0x1C
	lsrs r0, r0, #0x1F
	lsls r0, r0, #0x02
	movs r1, #0x05
	negs r1, r1
	ands r1, r2
	orrs r1, r0
	strb r1, [r4, #0x00]
	ldr r0, [r5, #0x20]
	ldrb r0, [r0, #0x00]
	lsls r0, r0, #0x1B
	lsrs r0, r0, #0x1F
	lsls r0, r0, #0x03
	movs r3, #0x09
	negs r3, r3
	ands r3, r1
	orrs r3, r0
	strb r3, [r4, #0x00]
	ldr r0, [r5, #0x20]
	ldrb r0, [r0, #0x00]
	lsls r0, r0, #0x1A
	lsrs r0, r0, #0x1F
	lsls r0, r0, #0x04
	movs r2, #0x11
	negs r2, r2
	ands r2, r3
	orrs r2, r0
	strb r2, [r4, #0x00]
	ldr r0, [r5, #0x20]
	ldrb r0, [r0, #0x00]
	movs r1, #0x40
	ands r1, r0
	movs r0, #0x41
	negs r0, r0
	ands r0, r2
	orrs r0, r1
	strb r0, [r4, #0x00]
	ldr r1, [r5, #0x20]
	ldrb r1, [r1, #0x00]
	lsrs r1, r1, #0x07
	lsls r1, r1, #0x07
	movs r2, #0x7F
	ands r0, r2
	orrs r0, r1
	strb r0, [r4, #0x00]
	ldr r1, [r5, #0x20]
	ldrb r0, [r1, #0x00]
	ands r6, r0
	strb r6, [r1, #0x00]
	pop {r4, r5, r6}
	pop {r0}
	bx r0
	.byte 0x00, 0x00
_08025634: .4byte 0x03000FC0
_08025638: .4byte 0x0400015D
	thumb_func_start sub_802563C
sub_802563C:
	push {r4, r5, r6, r7, lr}
	mov r7, r10
	mov r6, r9
	mov r5, r8
	push {r5, r6, r7}
	add sp, #-0x008
	adds r6, r0, #0x0
	movs r0, #0x87
	lsls r0, r0, #0x01
	adds r1, r6, r0
	ldrb r0, [r1, #0x00]
	cmp r0, #0x00
	beq _0802572C
	lsls r0, r0, #0x02
	adds r0, #0x28
	adds r5, r6, r0
	ldr r1, _08025798 @ =0x0000010F
	adds r0, r6, r1
	ldrb r0, [r0, #0x00]
	mov r8, r0
	cmp r0, #0x00
	beq _0802572C
	movs r2, #0x01
	mov r10, r2
_0802566C:
	ldr r3, _0802579C @ =0x00000209
	adds r0, r6, r3
	ldrb r1, [r0, #0x00]
	mov r0, r10
	ands r0, r1
	cmp r0, #0x00
	bne _080256FA
	ldr r4, _080257A0 @ =0x00000246
	adds r7, r6, r4
	ldrb r1, [r7, #0x00]
	movs r0, #0x1C
	mov r9, r0
	ands r0, r1
	cmp r0, #0x0C
	beq _080256B6
	ldr r0, [r5, #0x00]
	movs r2, #0xCE
	lsls r2, r2, #0x02
	adds r1, r0, r2
	ldr r3, [r1, #0x00]
	adds r3, #0x60
	movs r4, #0x00
	ldsh r1, [r3, r4]
	adds r0, r0, r1
	movs r2, #0x82
	lsls r2, r2, #0x02
	adds r1, r6, r2
	ldrb r2, [r1, #0x00]
	movs r1, #0x04
	ands r1, r2
	adds r1, #0x28
	adds r1, r6, r1
	ldr r4, [r3, #0x04]
	movs r2, #0x01
	movs r3, #0x00
	bl _call_via_r4
_080256B6:
	movs r3, #0x82
	lsls r3, r3, #0x02
	adds r0, r6, r3
	ldrb r3, [r0, #0x00]
	movs r0, #0x10
	ands r0, r3
	cmp r0, #0x00
	beq _080256D0
	ldrb r1, [r7, #0x00]
	mov r0, r9
	ands r0, r1
	cmp r0, #0x0C
	bne _080256FA
_080256D0:
	ldr r0, [r5, #0x00]
	movs r4, #0xCE
	lsls r4, r4, #0x02
	adds r1, r0, r4
	ldr r2, [r1, #0x00]
	adds r2, #0x60
	movs r4, #0x00
	ldsh r1, [r2, r4]
	adds r0, r0, r1
	lsls r1, r3, #0x1D
	lsrs r1, r1, #0x1F
	mov r3, r10
	eors r1, r3
	lsls r1, r1, #0x02
	adds r1, #0x28
	adds r1, r6, r1
	ldr r4, [r2, #0x04]
	movs r2, #0x01
	movs r3, #0x00
	bl _call_via_r4
_080256FA:
	ldm r5!, {r0}
	movs r4, #0xCE
	lsls r4, r4, #0x02
	adds r1, r0, r4
	ldr r3, [r1, #0x00]
	adds r3, #0x60
	movs r2, #0x00
	ldsh r1, [r3, r2]
	adds r0, r0, r1
	ldr r4, _080257A4 @ =0x0000010B
	adds r1, r6, r4
	ldrb r2, [r1, #0x00]
	subs r2, #0x02
	ldr r4, [r3, #0x04]
	adds r1, r6, #0x0
	adds r1, #0x30
	movs r3, #0x00
	bl _call_via_r4
	movs r0, #0x01
	negs r0, r0
	add r8, r0
	mov r1, r8
	cmp r1, #0x00
	bne _0802566C
_0802572C:
	movs r2, #0x88
	lsls r2, r2, #0x01
	adds r1, r6, r2
	ldrb r0, [r1, #0x00]
	cmp r0, #0x00
	bne _0802573A
	b _080258C0
_0802573A:
	lsls r0, r0, #0x02
	adds r0, #0x28
	adds r7, r6, r0
	ldr r3, _080257A8 @ =0x00000111
	adds r0, r6, r3
	ldrb r0, [r0, #0x00]
	mov r8, r0
	cmp r0, #0x00
	bne _0802574E
	b _080258C0
_0802574E:
	ldr r4, _080257A4 @ =0x0000010B
	adds r4, r4, r6
	mov r9, r4
	movs r0, #0x01
	mov r5, r8
	ands r0, r5
	cmp r0, #0x00
	beq _080257DC
	ldr r1, _080257A0 @ =0x00000246
	adds r0, r6, r1
	ldrb r1, [r0, #0x00]
	movs r0, #0x1C
	ands r0, r1
	cmp r0, #0x0C
	bne _080257AC
	ldr r0, [r7, #0x00]
	movs r2, #0xCE
	lsls r2, r2, #0x02
	adds r1, r0, r2
	ldr r1, [r1, #0x00]
	adds r1, #0x60
	movs r3, #0x00
	ldsh r2, [r1, r3]
	adds r0, r0, r2
	ldr r4, [r1, #0x04]
	adds r1, r6, #0x0
	adds r1, #0x28
	movs r2, #0x01
	movs r3, #0x00
	bl _call_via_r4
	movs r4, #0x02
	mov r5, r9
	ldrb r0, [r5, #0x00]
	subs r3, r0, #0x2
	b _080257B2
	.byte 0x00, 0x00
_08025798: .4byte 0x0000010F
_0802579C: .4byte 0x00000209
_080257A0: .4byte 0x00000246
_080257A4: .4byte 0x0000010B
_080257A8: .4byte 0x00000111
_080257AC:
	movs r4, #0x00
	mov r0, r9
	ldrb r3, [r0, #0x00]
_080257B2:
	ldm r7!, {r0}
	movs r2, #0xCE
	lsls r2, r2, #0x02
	adds r1, r0, r2
	ldr r2, [r1, #0x00]
	adds r2, #0x60
	movs r5, #0x00
	ldsh r1, [r2, r5]
	adds r0, r0, r1
	lsls r1, r4, #0x02
	adds r1, #0x28
	adds r1, r6, r1
	ldr r4, [r2, #0x04]
	adds r2, r3, #0x0
	movs r3, #0x00
	bl _call_via_r4
	movs r0, #0x01
	negs r0, r0
	add r8, r0
	b _080258BA
_080257DC:
	ldr r2, _08025814 @ =0x00000246
	adds r0, r6, r2
	ldrb r1, [r0, #0x00]
	movs r0, #0x1C
	ands r0, r1
	cmp r0, #0x0C
	bne _08025818
	ldr r0, [r7, #0x00]
	movs r3, #0xCE
	lsls r3, r3, #0x02
	adds r1, r0, r3
	ldr r2, [r1, #0x00]
	adds r2, #0x60
	movs r4, #0x00
	ldsh r1, [r2, r4]
	adds r0, r0, r1
	ldr r4, [r2, #0x04]
	adds r1, r6, #0x0
	adds r1, #0x28
	movs r2, #0x01
	movs r3, #0x00
	bl _call_via_r4
	movs r4, #0x02
	mov r5, r9
	ldrb r0, [r5, #0x00]
	subs r3, r0, #0x2
	b _0802581E
_08025814: .4byte 0x00000246
_08025818:
	movs r4, #0x00
	mov r0, r9
	ldrb r3, [r0, #0x00]
_0802581E:
	mov r10, r7
	mov r1, r10
	adds r1, #0x04
	mov r10, r1
	subs r1, #0x04
	ldm r1!, {r0}
	movs r2, #0xCE
	lsls r2, r2, #0x02
	adds r1, r0, r2
	ldr r2, [r1, #0x00]
	adds r2, #0x60
	movs r5, #0x00
	ldsh r1, [r2, r5]
	adds r0, r0, r1
	lsls r1, r4, #0x02
	adds r1, #0x28
	adds r1, r6, r1
	ldr r4, [r2, #0x04]
	adds r2, r3, #0x0
	movs r3, #0x00
	bl _call_via_r4
	ldr r1, _08025884 @ =0x00000246
	adds r0, r6, r1
	ldrb r1, [r0, #0x00]
	movs r0, #0x1C
	ands r0, r1
	cmp r0, #0x0C
	bne _08025888
	ldr r0, [r7, #0x04]
	movs r2, #0xCE
	lsls r2, r2, #0x02
	adds r1, r0, r2
	ldr r2, [r1, #0x00]
	adds r2, #0x60
	movs r3, #0x00
	ldsh r1, [r2, r3]
	adds r0, r0, r1
	ldr r4, [r2, #0x04]
	adds r1, r6, #0x0
	adds r1, #0x28
	movs r2, #0x01
	movs r3, #0x00
	bl _call_via_r4
	movs r4, #0x02
	mov r5, r9
	ldrb r0, [r5, #0x00]
	subs r3, r0, #0x2
	b _0802588E
	.byte 0x00, 0x00
_08025884: .4byte 0x00000246
_08025888:
	movs r4, #0x00
	mov r0, r9
	ldrb r3, [r0, #0x00]
_0802588E:
	mov r1, r10
	ldr r0, [r1, #0x00]
	movs r2, #0xCE
	lsls r2, r2, #0x02
	adds r1, r0, r2
	ldr r2, [r1, #0x00]
	adds r2, #0x60
	movs r5, #0x00
	ldsh r1, [r2, r5]
	adds r0, r0, r1
	lsls r1, r4, #0x02
	adds r1, #0x28
	adds r1, r6, r1
	ldr r4, [r2, #0x04]
	adds r2, r3, #0x0
	movs r3, #0x00
	bl _call_via_r4
	movs r0, #0x02
	negs r0, r0
	add r8, r0
	adds r7, #0x08
_080258BA:
	mov r1, r8
	cmp r1, #0x00
	bne _080257DC
_080258C0:
	movs r2, #0x89
	lsls r2, r2, #0x01
	adds r1, r6, r2
	ldrb r0, [r1, #0x00]
	cmp r0, #0x00
	bne _080258CE
	b _08025A04
_080258CE:
	lsls r0, r0, #0x02
	adds r0, #0x28
	adds r0, r0, r6
	mov r9, r0
	ldr r3, _08025908 @ =0x00000113
	adds r0, r6, r3
	ldrb r7, [r0, #0x00]
	cmp r7, #0x00
	bne _080258E2
	b _08025A04
_080258E2:
	ldr r4, _0802590C @ =0x0000010B
	adds r4, r4, r6
	mov r8, r4
	movs r0, #0x01
	ands r0, r7
	cmp r0, #0x00
	beq _08025954
	ldr r5, _08025910 @ =0x00000246
	adds r0, r6, r5
	ldrb r1, [r0, #0x00]
	movs r0, #0x1C
	ands r0, r1
	cmp r0, #0x10
	bne _08025914
	movs r4, #0x01
	mov r1, r8
	ldrb r0, [r1, #0x00]
	subs r3, r0, #0x1
	b _0802591C
_08025908: .4byte 0x00000113
_0802590C: .4byte 0x0000010B
_08025910: .4byte 0x00000246
_08025914:
	movs r4, #0x02
	mov r2, r8
	ldrb r0, [r2, #0x00]
	subs r3, r0, #0x2
_0802591C:
	mov r5, r9
	ldr r0, [r5, #0x00]
	movs r2, #0xCE
	lsls r2, r2, #0x02
	adds r1, r0, r2
	ldr r2, [r1, #0x00]
	adds r2, #0x60
	movs r5, #0x00
	ldsh r1, [r2, r5]
	adds r0, r0, r1
	lsls r1, r4, #0x02
	adds r1, #0x28
	adds r1, r6, r1
	ldr r4, [r2, #0x04]
	adds r2, r3, #0x0
	movs r3, #0x00
	bl _call_via_r4
	mov r1, r9
	adds r1, #0x04
	mov r9, r1
	subs r1, #0x04
	ldm r1!, {r0}
	bl sub_80503CC
	subs r7, #0x01
	cmp r7, #0x00
	beq _08025A04
_08025954:
	ldr r2, _0802596C @ =0x00000246
	adds r0, r6, r2
	ldrb r1, [r0, #0x00]
	movs r0, #0x1C
	ands r0, r1
	cmp r0, #0x10
	bne _08025970
	movs r4, #0x01
	mov r3, r8
	ldrb r0, [r3, #0x00]
	subs r3, r0, #0x1
	b _08025978
_0802596C: .4byte 0x00000246
_08025970:
	movs r4, #0x02
	mov r5, r8
	ldrb r0, [r5, #0x00]
	subs r3, r0, #0x2
_08025978:
	mov r1, r9
	ldr r0, [r1, #0x00]
	movs r2, #0xCE
	lsls r2, r2, #0x02
	adds r1, r0, r2
	ldr r2, [r1, #0x00]
	adds r2, #0x60
	movs r5, #0x00
	ldsh r1, [r2, r5]
	adds r0, r0, r1
	lsls r1, r4, #0x02
	adds r1, #0x28
	adds r1, r6, r1
	ldr r4, [r2, #0x04]
	adds r2, r3, #0x0
	movs r3, #0x00
	bl _call_via_r4
	mov r0, r9
	adds r1, r0, #0x0
	ldm r1!, {r0}
	str r1, [sp, #0x004]
	bl sub_80503CC
	ldr r2, _080259C0 @ =0x00000246
	adds r0, r6, r2
	ldrb r1, [r0, #0x00]
	movs r0, #0x1C
	ands r0, r1
	cmp r0, #0x10
	bne _080259C4
	movs r4, #0x01
	mov r3, r8
	ldrb r0, [r3, #0x00]
	subs r3, r0, #0x1
	b _080259CC
_080259C0: .4byte 0x00000246
_080259C4:
	movs r4, #0x02
	mov r5, r8
	ldrb r0, [r5, #0x00]
	subs r3, r0, #0x2
_080259CC:
	ldr r1, [sp, #0x004]
	ldr r0, [r1, #0x00]
	movs r2, #0xCE
	lsls r2, r2, #0x02
	adds r1, r0, r2
	ldr r2, [r1, #0x00]
	adds r2, #0x60
	movs r1, #0x00
	ldsh r5, [r2, r1]
	mov r10, r5
	add r0, r10
	lsls r1, r4, #0x02
	adds r1, #0x28
	adds r1, r6, r1
	ldr r4, [r2, #0x04]
	adds r2, r3, #0x0
	movs r3, #0x00
	bl _call_via_r4
	ldr r2, [sp, #0x004]
	ldr r0, [r2, #0x00]
	bl sub_80503CC
	subs r7, #0x02
	movs r3, #0x08
	add r9, r3
	cmp r7, #0x00
	bne _08025954
_08025A04:
	movs r4, #0x8A
	lsls r4, r4, #0x01
	adds r1, r6, r4
	ldrb r0, [r1, #0x00]
	cmp r0, #0x00
	bne _08025A1E
	movs r5, #0x8B
	lsls r5, r5, #0x01
	adds r2, r6, r5
	ldrb r0, [r2, #0x00]
	movs r1, #0x00
	cmp r0, #0x00
	beq _08025A20
_08025A1E:
	adds r1, r0, #0x0
_08025A20:
	cmp r1, #0x00
	ble _08025AB2
	lsls r0, r1, #0x02
	adds r0, #0x28
	adds r5, r6, r0
	ldr r1, _08025AC4 @ =0x00000115
	adds r0, r6, r1
	ldrb r1, [r0, #0x00]
	ldr r2, _08025AC8 @ =0x00000117
	adds r0, r6, r2
	ldrb r0, [r0, #0x00]
	adds r4, r1, r0
	cmp r4, #0x00
	beq _08025AB2
	movs r6, #0xA5
	lsls r6, r6, #0x02
_08025A40:
	ldr r2, [r5, #0x00]
	adds r0, r2, r6
	ldr r1, [r0, #0x00]
	adds r0, r1, #0x0
	adds r0, #0x21
	ldrb r0, [r0, #0x00]
	cmp r0, #0x01
	bne _08025AAA
	ldrb r1, [r1, #0x12]
	movs r0, #0x08
	ands r0, r1
	cmp r0, #0x00
	beq _08025AAA
	adds r0, r2, #0x0
	movs r1, #0x00
	bl sub_804761C
	ldr r2, [r5, #0x00]
	movs r3, #0x85
	lsls r3, r3, #0x02
	adds r2, r2, r3
	ldrb r0, [r2, #0x00]
	movs r3, #0x08
	negs r3, r3
	adds r1, r3, #0x0
	ands r0, r1
	strb r0, [r2, #0x00]
	ldr r0, [r5, #0x00]
	adds r0, r0, r6
	ldr r0, [r0, #0x00]
	movs r1, #0x00
	str r1, [sp, #0x000]
	movs r2, #0x00
	movs r3, #0x00
	bl sub_801E150
	ldr r0, [r5, #0x00]
	adds r0, r0, r6
	ldr r2, [r0, #0x00]
	ldrb r0, [r2, #0x12]
	movs r3, #0x07
	negs r3, r3
	adds r1, r3, #0x0
	ands r0, r1
	strb r0, [r2, #0x12]
	ldr r0, [r5, #0x00]
	adds r0, r0, r6
	ldr r2, [r0, #0x00]
	ldrb r0, [r2, #0x12]
	subs r3, #0x02
	adds r1, r3, #0x0
	ands r0, r1
	strb r0, [r2, #0x12]
_08025AAA:
	subs r4, #0x01
	adds r5, #0x04
	cmp r4, #0x00
	bne _08025A40
_08025AB2:
	add sp, #0x008
	pop {r3, r4, r5}
	mov r8, r3
	mov r9, r4
	mov r10, r5
	pop {r4, r5, r6, r7}
	pop {r0}
	bx r0
	.byte 0x00, 0x00
_08025AC4: .4byte 0x00000115
_08025AC8: .4byte 0x00000117
	thumb_func_start sub_8025ACC
sub_8025ACC:
	push {r4, r5, r6, r7, lr}
	adds r6, r0, #0x0
	movs r0, #0x87
	lsls r0, r0, #0x01
	adds r1, r6, r0
	ldrb r0, [r1, #0x00]
	cmp r0, #0x00
	bne _08025B1A
	movs r2, #0x88
	lsls r2, r2, #0x01
	adds r1, r6, r2
	ldrb r0, [r1, #0x00]
	cmp r0, #0x00
	bne _08025B1A
	movs r3, #0x89
	lsls r3, r3, #0x01
	adds r1, r6, r3
	ldrb r0, [r1, #0x00]
	cmp r0, #0x00
	bne _08025B1A
	movs r0, #0x8A
	lsls r0, r0, #0x01
	adds r1, r6, r0
	ldrb r0, [r1, #0x00]
	cmp r0, #0x00
	bne _08025B1A
	movs r2, #0x8B
	lsls r2, r2, #0x01
	adds r1, r6, r2
	ldrb r0, [r1, #0x00]
	cmp r0, #0x00
	bne _08025B1A
	movs r3, #0x8D
	lsls r3, r3, #0x01
	adds r2, r6, r3
	ldrb r0, [r2, #0x00]
	movs r1, #0x00
	cmp r0, #0x00
	beq _08025B1C
_08025B1A:
	adds r1, r0, #0x0
_08025B1C:
	cmp r1, #0x00
	ble _08025BFA
	lsls r0, r1, #0x02
	adds r0, #0x28
	adds r4, r6, r0
	ldr r2, _08025C00 @ =0x0000010B
	adds r0, r6, r2
	ldrb r0, [r0, #0x00]
	subs r5, r0, r1
	cmp r5, #0x00
	beq _08025BFA
	movs r7, #0xCE
	lsls r7, r7, #0x02
	movs r0, #0x01
	ands r0, r5
	cmp r0, #0x00
	beq _08025B7E
	ldr r0, [r4, #0x00]
	bl sub_80465D8
	ldr r0, [r4, #0x00]
	adds r1, r0, r7
	ldr r1, [r1, #0x00]
	adds r1, #0x68
	movs r3, #0x00
	ldsh r2, [r1, r3]
	adds r0, r0, r2
	ldr r1, [r1, #0x04]
	bl _call_via_r1
	ldr r0, [r4, #0x00]
	adds r1, r0, r7
	ldr r1, [r1, #0x00]
	adds r1, #0x70
	movs r3, #0x00
	ldsh r2, [r1, r3]
	adds r0, r0, r2
	ldr r3, [r1, #0x04]
	adds r1, r6, #0x0
	adds r1, #0x28
	movs r2, #0x00
	bl _call_via_r3
	ldm r4!, {r0}
	bl sub_804034C
	subs r5, #0x01
	cmp r5, #0x00
	beq _08025BFA
_08025B7E:
	ldr r0, [r4, #0x00]
	bl sub_80465D8
	ldr r0, [r4, #0x00]
	adds r1, r0, r7
	ldr r2, [r1, #0x00]
	adds r2, #0x68
	movs r3, #0x00
	ldsh r1, [r2, r3]
	adds r0, r0, r1
	ldr r1, [r2, #0x04]
	bl _call_via_r1
	ldr r0, [r4, #0x00]
	adds r1, r0, r7
	ldr r2, [r1, #0x00]
	adds r2, #0x70
	movs r3, #0x00
	ldsh r1, [r2, r3]
	adds r0, r0, r1
	ldr r3, [r2, #0x04]
	adds r1, r6, #0x0
	adds r1, #0x28
	movs r2, #0x00
	bl _call_via_r3
	ldr r0, [r4, #0x00]
	bl sub_804034C
	ldr r0, [r4, #0x04]
	bl sub_80465D8
	ldr r0, [r4, #0x04]
	adds r1, r0, r7
	ldr r2, [r1, #0x00]
	adds r2, #0x68
	movs r3, #0x00
	ldsh r1, [r2, r3]
	adds r0, r0, r1
	ldr r1, [r2, #0x04]
	bl _call_via_r1
	ldr r0, [r4, #0x04]
	adds r1, r0, r7
	ldr r2, [r1, #0x00]
	adds r2, #0x70
	movs r3, #0x00
	ldsh r1, [r2, r3]
	adds r0, r0, r1
	ldr r3, [r2, #0x04]
	adds r1, r6, #0x0
	adds r1, #0x28
	movs r2, #0x00
	bl _call_via_r3
	ldr r0, [r4, #0x04]
	bl sub_804034C
	subs r5, #0x02
	adds r4, #0x08
	cmp r5, #0x00
	bne _08025B7E
_08025BFA:
	pop {r4, r5, r6, r7}
	pop {r0}
	bx r0
_08025C00: .4byte 0x0000010B
	thumb_func_start sub_8025C04
sub_8025C04:
	push {r4, r5, r6, r7, lr}
	mov r7, r10
	mov r6, r9
	mov r5, r8
	push {r5, r6, r7}
	add sp, #-0x00C
	adds r2, r0, #0x0
	lsls r1, r1, #0x02
	adds r0, #0x28
	adds r0, r0, r1
	ldr r4, [r0, #0x00]
	movs r0, #0x00
	mov r8, r0
	ldr r1, _08025C88 @ =0x00000272
	adds r0, r4, r1
	ldrh r0, [r0, #0x00]
	lsrs r0, r0, #0x01
	ldr r1, [r4, #0x0C]
	subs r1, r1, r0
	mov r12, r1
	movs r3, #0x9C
	lsls r3, r3, #0x02
	adds r0, r4, r3
	movs r3, #0x00
	ldsh r1, [r0, r3]
	ldr r0, [r4, #0x10]
	adds r7, r0, r1
	ldr r5, [r4, #0x14]
	ldr r1, [r4, #0x18]
	cmp r1, #0x00
	bgt _08025C4C
	cmp r1, #0x00
	bge _08025C4E
	ldr r0, [r4, #0x40]
	cmp r0, #0x00
	bge _08025C4E
_08025C4C:
	adds r5, r5, r1
_08025C4E:
	movs r6, #0x00
	adds r2, #0x28
	str r2, [sp, #0x008]
	ldr r0, _08025C8C @ =0x00000276
	mov r10, r0
	mov r1, r10
	adds r1, r4, r1
	str r1, [sp, #0x000]
	movs r2, #0x9D
	lsls r2, r2, #0x02
	mov r9, r2
	mov r3, r9
	adds r3, r4, r3
	str r3, [sp, #0x004]
_08025C6A:
	lsls r0, r6, #0x02
	ldr r1, [sp, #0x008]
	adds r0, r1, r0
	ldr r3, [r0, #0x00]
	ldr r2, _08025C88 @ =0x00000272
	adds r0, r3, r2
	ldrh r2, [r0, #0x00]
	lsrs r1, r2, #0x01
	ldr r0, [r3, #0x0C]
	subs r1, r0, r1
	cmp r1, r12
	bge _08025C90
	adds r0, r1, r2
	mov r1, r12
	b _08025C98
_08025C88: .4byte 0x00000272
_08025C8C: .4byte 0x00000276
_08025C90:
	ldr r2, _08025CBC @ =0x00000272
	adds r0, r4, r2
	ldrh r0, [r0, #0x00]
	add r0, r12
_08025C98:
	subs r0, r0, r1
	cmp r0, #0x00
	ble _08025D0A
	movs r1, #0x9C
	lsls r1, r1, #0x02
	adds r0, r3, r1
	movs r2, #0x00
	ldsh r1, [r0, r2]
	ldr r0, [r3, #0x10]
	adds r1, r0, r1
	cmp r1, r7
	ble _08025CC0
	mov r2, r10
	adds r0, r3, r2
	ldrh r0, [r0, #0x00]
	subs r0, r1, r0
	subs r0, r7, r0
	b _08025CC8
_08025CBC: .4byte 0x00000272
_08025CC0:
	ldr r2, [sp, #0x000]
	ldrh r0, [r2, #0x00]
	subs r0, r7, r0
	subs r0, r1, r0
_08025CC8:
	cmp r0, #0x00
	ble _08025D0A
	ldr r2, [r3, #0x14]
	ldr r1, [r3, #0x18]
	cmp r1, #0x00
	bgt _08025CDE
	cmp r1, #0x00
	bge _08025CE0
	ldr r0, [r3, #0x40]
	cmp r0, #0x00
	bge _08025CE0
_08025CDE:
	adds r2, r2, r1
_08025CE0:
	cmp r2, r5
	bgt _08025CF0
	mov r1, r9
	adds r0, r3, r1
	ldrh r0, [r0, #0x00]
	adds r0, r2, r0
	subs r0, r0, r5
	b _08025CF8
_08025CF0:
	ldr r3, [sp, #0x004]
	ldrh r0, [r3, #0x00]
	adds r0, r5, r0
	subs r0, r0, r2
_08025CF8:
	cmp r0, #0x00
	blt _08025D0A
	movs r0, #0x01
	lsls r0, r6
	mov r1, r8
	orrs r1, r0
	lsls r0, r1, #0x18
	lsrs r0, r0, #0x18
	mov r8, r0
_08025D0A:
	adds r6, #0x01
	cmp r6, #0x01
	ble _08025C6A
	mov r0, r8
	add sp, #0x00C
	pop {r3, r4, r5}
	mov r8, r3
	mov r9, r4
	mov r10, r5
	pop {r4, r5, r6, r7}
	pop {r1}
	bx r1
	.byte 0x00, 0x00
	thumb_func_start sub_8025D24
sub_8025D24:
	push {lr}
	adds r2, r0, #0x0
	movs r3, #0x95
	lsls r3, r3, #0x01
	adds r0, r2, r3
	ldrb r0, [r0, #0x00]
	cmp r0, #0x01
	bhi _08025D36
	b _08025E88
_08025D36:
	cmp r1, #0x07
	bls _08025D3C
	b _08025E88
_08025D3C:
	lsls r0, r1, #0x02
	ldr r1, _08025D48 @ =0x08025D4C
	adds r0, r0, r1
	ldr r0, [r0, #0x00]
	mov pc, r0
	.byte 0x00, 0x00
_08025D48: .4byte 0x08025D4C
	.byte 0x6C, 0x5D, 0x02, 0x08, 0x96, 0x5D, 0x02, 0x08, 0xBE, 0x5D, 0x02, 0x08, 0xF4, 0x5D, 0x02, 0x08
	.byte 0x2A, 0x5E, 0x02, 0x08, 0x3E, 0x5E, 0x02, 0x08, 0x54, 0x5E, 0x02, 0x08, 0x78, 0x5E, 0x02, 0x08
	.byte 0x10, 0x1C, 0xD0, 0x30, 0x03, 0x68, 0x19, 0x88, 0xC0, 0x20, 0x80, 0x00, 0x08, 0x40, 0x00, 0x28
	.byte 0x00, 0xD0, 0x83, 0xE0, 0x80, 0x21, 0x89, 0x00, 0x50, 0x18, 0x00, 0x68, 0xDA, 0x21, 0x89, 0x00
	.byte 0x40, 0x18, 0x00, 0x68, 0x59, 0x88, 0x80, 0x88, 0x4E, 0xE0, 0x10, 0x1C, 0xD0, 0x30, 0x03, 0x68
	.byte 0x19, 0x88, 0xC0, 0x20, 0x80, 0x00, 0x08, 0x40, 0x00, 0x28, 0x6F, 0xD1, 0x81, 0x21, 0x89, 0x00
	.byte 0x50, 0x18, 0x00, 0x68, 0xDA, 0x21, 0x89, 0x00, 0x40, 0x18, 0x00, 0x68, 0x59, 0x88, 0x80, 0x88
	.byte 0x3A, 0xE0, 0x10, 0x1C, 0xD0, 0x30, 0x03, 0x68, 0x81, 0x21, 0x89, 0x00, 0x50, 0x18, 0x00, 0x68
	.byte 0xDA, 0x21, 0x89, 0x00, 0x40, 0x18, 0x00, 0x68, 0x19, 0x88, 0xC0, 0x88, 0x08, 0x40, 0x00, 0x28
	.byte 0x54, 0xD1, 0x80, 0x21, 0x89, 0x00, 0x50, 0x18, 0x00, 0x68, 0xDA, 0x21, 0x89, 0x00, 0x40, 0x18
	.byte 0x00, 0x68, 0x59, 0x88, 0xC0, 0x88, 0x1F, 0xE0, 0x10, 0x1C, 0xD0, 0x30, 0x03, 0x68, 0x80, 0x21
	.byte 0x89, 0x00, 0x50, 0x18, 0x00, 0x68, 0xDA, 0x21, 0x89, 0x00, 0x40, 0x18, 0x00, 0x68, 0x19, 0x88
	.byte 0xC0, 0x88, 0x08, 0x40, 0x00, 0x28, 0x39, 0xD1, 0x81, 0x21, 0x89, 0x00, 0x50, 0x18, 0x00, 0x68
	.byte 0xDA, 0x21, 0x89, 0x00, 0x40, 0x18, 0x00, 0x68, 0x59, 0x88, 0xC0, 0x88, 0x04, 0xE0, 0x10, 0x1C
	.byte 0xD0, 0x30, 0x00, 0x68, 0x41, 0x88, 0x08, 0x20, 0x08, 0x40, 0x00, 0x28, 0x26, 0xD0, 0x01, 0x20
	.byte 0x25, 0xE0, 0x10, 0x1C, 0xD0, 0x30, 0x00, 0x68, 0x00, 0x68, 0x02, 0x49, 0x08, 0x40, 0x80, 0x21
	.byte 0xC9, 0x02, 0x19, 0xE0, 0x00, 0x03, 0xFF, 0xFF, 0x10, 0x1C, 0xD0, 0x30, 0x00, 0x68, 0x02, 0x68
	.byte 0x04, 0x49, 0x10, 0x1C, 0x08, 0x40, 0x88, 0x42, 0xE9, 0xD0, 0x03, 0x48, 0x02, 0x40, 0x82, 0x42
	.byte 0x0C, 0xD1, 0xE4, 0xE7, 0x00, 0x02, 0x00, 0x01, 0x00, 0x01, 0x00, 0x02, 0x05, 0x48, 0x02, 0x8D
	.byte 0xC0, 0x21, 0x89, 0x00, 0x08, 0x1C, 0x10, 0x40, 0x88, 0x42, 0xD8, 0xD0
_08025E88:
	movs r0, #0x00
	pop {r1}
	bx r1
	.byte 0x00, 0x00, 0x4C, 0x03, 0x00, 0x03
	thumb_func_start sub_8025E94
sub_8025E94:
	push {r4, lr}
	adds r3, r0, #0x0
	ldr r0, _08025ED8 @ =0x0300034C
	ldrh r4, [r0, #0x2A]
	cmp r4, #0x00
	beq _08025EFC
	ldr r1, _08025EDC @ =0x0839F5A4
	movs r0, #0xFC
	lsls r0, r0, #0x01
	adds r2, r3, r0
	movs r0, #0x00
	ldsb r0, [r2, r0]
	lsls r0, r0, #0x01
	adds r0, r0, r1
	ldrh r0, [r0, #0x00]
	cmp r4, r0
	bne _08025EEE
	ldrb r0, [r2, #0x00]
	adds r0, #0x01
	strb r0, [r2, #0x00]
	lsls r0, r0, #0x18
	lsrs r0, r0, #0x18
	cmp r0, #0x0A
	bne _08025EE4
	movs r0, #0x00
	strb r0, [r2, #0x00]
	movs r0, #0xFB
	lsls r0, r0, #0x01
	adds r1, r3, r0
	ldr r0, _08025EE0 @ =0x0000FFFF
	strh r0, [r1, #0x00]
	movs r0, #0x01
	b _08025F1C
	.byte 0x00, 0x00
_08025ED8: .4byte 0x0300034C
_08025EDC: .4byte 0x0839F5A4
_08025EE0: .4byte 0x0000FFFF
_08025EE4:
	movs r0, #0xFB
	lsls r0, r0, #0x01
	adds r1, r3, r0
	movs r0, #0x1E
	b _08025EFA
_08025EEE:
	movs r0, #0x00
	strb r0, [r2, #0x00]
	movs r0, #0xFB
	lsls r0, r0, #0x01
	adds r1, r3, r0
	ldr r0, _08025F24 @ =0x0000FFFF
_08025EFA:
	strh r0, [r1, #0x00]
_08025EFC:
	movs r1, #0xFB
	lsls r1, r1, #0x01
	adds r2, r3, r1
	ldrh r0, [r2, #0x00]
	subs r0, #0x01
	strh r0, [r2, #0x00]
	lsls r0, r0, #0x10
	cmp r0, #0x00
	bgt _08025F1A
	adds r1, #0x02
	adds r0, r3, r1
	movs r1, #0x00
	strb r1, [r0, #0x00]
	ldr r0, _08025F24 @ =0x0000FFFF
	strh r0, [r2, #0x00]
_08025F1A:
	movs r0, #0x00
_08025F1C:
	pop {r4}
	pop {r1}
	bx r1
	.byte 0x00, 0x00
_08025F24: .4byte 0x0000FFFF
	thumb_func_start sub_8025F28
sub_8025F28:
	push {r4, r5, r6, r7, lr}
	mov r7, r10
	mov r6, r9
	mov r5, r8
	push {r5, r6, r7}
	mov r12, r0
	ldr r2, _0802612C @ =0x03000FFC
	ldr r0, _08026130 @ =0x03000D40
	ldr r1, [r0, #0x00]
	lsls r1, r1, #0x1C
	lsrs r1, r1, #0x1E
	lsls r0, r1, #0x03
	subs r0, r0, r1
	lsls r0, r0, #0x05
	subs r0, r0, r1
	lsls r0, r0, #0x03
	adds r0, #0x10
	ldr r4, [r2, #0x00]
	adds r4, r4, r0
	adds r7, r4, #0x4
	mov r0, r12
	adds r0, #0xF8
	ldrb r0, [r0, #0x00]
	lsls r0, r0, #0x19
	lsrs r0, r0, #0x1F
	ldrb r2, [r4, #0x04]
	movs r1, #0x02
	negs r1, r1
	ands r1, r2
	orrs r1, r0
	strb r1, [r4, #0x04]
	movs r6, #0x82
	lsls r6, r6, #0x02
	add r6, r12
	ldrb r0, [r6, #0x00]
	lsls r0, r0, #0x1F
	lsrs r0, r0, #0x1F
	lsls r0, r0, #0x01
	movs r2, #0x03
	negs r2, r2
	ands r2, r1
	orrs r2, r0
	strb r2, [r4, #0x04]
	ldrb r0, [r6, #0x00]
	lsls r0, r0, #0x1E
	lsrs r0, r0, #0x1F
	lsls r0, r0, #0x02
	movs r3, #0x05
	negs r3, r3
	adds r1, r3, #0x0
	ands r1, r2
	orrs r1, r0
	strb r1, [r4, #0x04]
	ldrb r0, [r6, #0x00]
	lsls r0, r0, #0x1D
	lsrs r0, r0, #0x1F
	lsls r0, r0, #0x03
	movs r2, #0x09
	negs r2, r2
	mov r8, r2
	ands r2, r1
	orrs r2, r0
	strb r2, [r4, #0x04]
	ldrb r0, [r6, #0x00]
	lsls r0, r0, #0x1C
	lsrs r0, r0, #0x1F
	lsls r0, r0, #0x04
	movs r1, #0x11
	negs r1, r1
	ands r1, r2
	orrs r1, r0
	strb r1, [r4, #0x04]
	ldrb r0, [r6, #0x00]
	lsls r0, r0, #0x1B
	lsrs r0, r0, #0x1F
	lsls r0, r0, #0x05
	movs r2, #0x21
	negs r2, r2
	ands r1, r2
	orrs r1, r0
	strb r1, [r4, #0x04]
	ldr r0, _08026134 @ =0x0000026B
	add r0, r12
	ldrb r1, [r0, #0x00]
	lsrs r1, r1, #0x05
	lsls r1, r1, #0x06
	ldrh r2, [r4, #0x04]
	ldr r0, _08026138 @ =0xFFFFFE3F
	ands r0, r2
	orrs r0, r1
	strh r0, [r4, #0x04]
	ldr r0, _0802613C @ =0x00000246
	add r0, r12
	ldrb r0, [r0, #0x00]
	movs r1, #0x1C
	ands r1, r0
	ldrb r2, [r7, #0x01]
	movs r0, #0x1D
	negs r0, r0
	ands r0, r2
	orrs r0, r1
	strb r0, [r7, #0x01]
	mov r0, r12
	adds r0, #0xFA
	ldrh r0, [r0, #0x00]
	lsls r0, r0, #0x16
	movs r5, #0x1F
	lsrs r0, r0, #0x1B
	lsls r0, r0, #0x0D
	ldr r1, [r4, #0x04]
	ldr r2, _08026140 @ =0xFFFC1FFF
	ands r1, r2
	orrs r1, r0
	str r1, [r4, #0x04]
	ldrb r0, [r6, #0x00]
	lsls r0, r0, #0x19
	lsrs r0, r0, #0x1F
	lsls r0, r0, #0x02
	ldrb r1, [r7, #0x02]
	ands r3, r1
	orrs r3, r0
	strb r3, [r7, #0x02]
	ldrb r0, [r6, #0x00]
	lsrs r0, r0, #0x07
	lsls r0, r0, #0x03
	mov r1, r8
	ands r3, r1
	orrs r3, r0
	strb r3, [r7, #0x02]
	ldr r0, _08026144 @ =0x03000D3C
	ldrh r1, [r0, #0x00]
	ldr r2, _08026148 @ =0x000003FF
	adds r0, r2, #0x0
	ands r1, r0
	lsls r1, r1, #0x04
	ldrh r2, [r7, #0x02]
	ldr r0, _0802614C @ =0xFFFFC00F
	ands r0, r2
	orrs r0, r1
	strh r0, [r7, #0x02]
	ldrb r1, [r6, #0x00]
	lsls r1, r1, #0x1D
	lsrs r1, r1, #0x1F
	lsls r0, r1, #0x01
	adds r0, r0, r1
	lsls r0, r0, #0x02
	adds r0, #0x04
	adds r3, r7, r0
	movs r0, #0x92
	lsls r0, r0, #0x01
	add r0, r12
	mov r9, r0
	ldrh r0, [r0, #0x00]
	strh r0, [r3, #0x00]
	movs r4, #0x80
	lsls r4, r4, #0x02
	add r4, r12
	ldr r0, [r4, #0x00]
	adds r0, #0x24
	ldrb r1, [r0, #0x00]
	lsls r1, r1, #0x1D
	movs r2, #0x07
	mov r10, r2
	lsrs r1, r1, #0x1D
	ldrb r2, [r3, #0x02]
	movs r0, #0x08
	negs r0, r0
	mov r8, r0
	ands r0, r2
	orrs r0, r1
	strb r0, [r3, #0x02]
	ldr r0, [r4, #0x00]
	ldr r0, [r0, #0x0C]
	cmp r0, #0x00
	bge _08026088
	adds r0, #0xFF
_08026088:
	asrs r0, r0, #0x08
	strh r0, [r3, #0x04]
	ldr r0, [r4, #0x00]
	ldr r0, [r0, #0x10]
	cmp r0, #0x00
	bge _08026096
	adds r0, #0xFF
_08026096:
	asrs r0, r0, #0x08
	strh r0, [r3, #0x06]
	ldr r0, [r4, #0x00]
	ldr r0, [r0, #0x14]
	cmp r0, #0x00
	bge _080260A4
	adds r0, #0xFF
_080260A4:
	asrs r0, r0, #0x08
	strh r0, [r3, #0x08]
	ldr r0, [r4, #0x00]
	ldr r0, [r0, #0x18]
	cmp r0, #0x00
	bge _080260B2
	adds r0, #0xFF
_080260B2:
	asrs r0, r0, #0x08
	strh r0, [r3, #0x0A]
	ldrb r1, [r6, #0x00]
	lsls r1, r1, #0x1D
	lsrs r1, r1, #0x1F
	movs r0, #0x01
	eors r1, r0
	lsls r0, r1, #0x01
	adds r0, r0, r1
	lsls r0, r0, #0x02
	adds r0, #0x04
	adds r4, r7, r0
	movs r1, #0xB6
	lsls r1, r1, #0x02
	add r1, r12
	ldrb r0, [r1, #0x00]
	ands r5, r0
	cmp r5, #0x1F
	bne _08026150
	mov r1, r9
	ldrh r0, [r1, #0x00]
	strh r0, [r4, #0x00]
	movs r3, #0x81
	lsls r3, r3, #0x02
	add r3, r12
	ldr r0, [r3, #0x00]
	adds r0, #0x24
	ldrb r1, [r0, #0x00]
	lsls r1, r1, #0x1D
	lsrs r1, r1, #0x1D
	mov r2, r10
	ands r1, r2
	ldrb r2, [r4, #0x02]
	mov r0, r8
	ands r0, r2
	orrs r0, r1
	strb r0, [r4, #0x02]
	ldr r0, [r3, #0x00]
	ldr r0, [r0, #0x0C]
	cmp r0, #0x00
	bge _08026106
	adds r0, #0xFF
_08026106:
	asrs r0, r0, #0x08
	strh r0, [r4, #0x04]
	ldr r0, [r3, #0x00]
	ldr r0, [r0, #0x10]
	cmp r0, #0x00
	bge _08026114
	adds r0, #0xFF
_08026114:
	asrs r0, r0, #0x08
	strh r0, [r4, #0x06]
	ldr r0, [r3, #0x00]
	ldr r0, [r0, #0x14]
	cmp r0, #0x00
	bge _08026122
	adds r0, #0xFF
_08026122:
	asrs r0, r0, #0x08
	strh r0, [r4, #0x08]
	ldr r0, [r3, #0x00]
	ldr r0, [r0, #0x18]
	b _080261A4
_0802612C: .4byte 0x03000FFC
_08026130: .4byte 0x03000D40
_08026134: .4byte 0x0000026B
_08026138: .4byte 0xFFFFFE3F
_0802613C: .4byte 0x00000246
_08026140: .4byte 0xFFFC1FFF
_08026144: .4byte 0x03000D3C
_08026148: .4byte 0x000003FF
_0802614C: .4byte 0xFFFFC00F
_08026150:
	ldr r0, _080261BC @ =0x000002DA
	add r0, r12
	ldrh r0, [r0, #0x00]
	strh r0, [r4, #0x00]
	ldrb r1, [r1, #0x00]
	lsrs r1, r1, #0x05
	ldrb r2, [r4, #0x02]
	mov r0, r8
	ands r0, r2
	orrs r0, r1
	strb r0, [r4, #0x02]
	movs r0, #0xB7
	lsls r0, r0, #0x02
	add r0, r12
	ldr r0, [r0, #0x00]
	cmp r0, #0x00
	bge _08026174
	adds r0, #0xFF
_08026174:
	asrs r0, r0, #0x08
	strh r0, [r4, #0x04]
	movs r0, #0xB8
	lsls r0, r0, #0x02
	add r0, r12
	ldr r0, [r0, #0x00]
	cmp r0, #0x00
	bge _08026186
	adds r0, #0xFF
_08026186:
	asrs r0, r0, #0x08
	strh r0, [r4, #0x06]
	movs r0, #0xB9
	lsls r0, r0, #0x02
	add r0, r12
	ldr r0, [r0, #0x00]
	cmp r0, #0x00
	bge _08026198
	adds r0, #0xFF
_08026198:
	asrs r0, r0, #0x08
	strh r0, [r4, #0x08]
	movs r0, #0xBA
	lsls r0, r0, #0x02
	add r0, r12
	ldr r0, [r0, #0x00]
_080261A4:
	cmp r0, #0x00
	bge _080261AA
	adds r0, #0xFF
_080261AA:
	asrs r0, r0, #0x08
	strh r0, [r4, #0x0A]
	pop {r3, r4, r5}
	mov r8, r3
	mov r9, r4
	mov r10, r5
	pop {r4, r5, r6, r7}
	pop {r0}
	bx r0
_080261BC: .4byte 0x000002DA
	thumb_func_start sub_80261C0
sub_80261C0:
	push {r4, r5, r6, r7, lr}
	mov r7, r10
	mov r6, r9
	mov r5, r8
	push {r5, r6, r7}
	add sp, #-0x008
	adds r2, r0, #0x0
	mov r12, r1
	movs r0, #0xFA
	lsls r0, r0, #0x01
	adds r1, r2, r0
	ldrb r0, [r1, #0x00]
	cmp r0, #0x00
	beq _080262B8
	movs r3, #0x9A
	lsls r3, r3, #0x01
	adds r7, r2, r3
	mov r2, r12
	ldr r0, [r2, #0x0C]
	cmp r0, #0x00
	bge _080261EC
	adds r0, #0xFF
_080261EC:
	lsls r0, r0, #0x08
	lsrs r0, r0, #0x10
	str r0, [sp, #0x000]
	mov r3, r12
	ldr r0, [r3, #0x10]
	cmp r0, #0x00
	bge _080261FC
	adds r0, #0xFF
_080261FC:
	lsls r0, r0, #0x08
	lsrs r2, r0, #0x10
	mov r3, r12
	ldr r0, [r3, #0x14]
	cmp r0, #0x00
	bge _0802620C
	ldr r3, _08026284 @ =0x000007FF
	adds r0, r0, r3
_0802620C:
	lsls r0, r0, #0x05
	lsrs r0, r0, #0x10
	movs r6, #0x00
	ldrb r1, [r1, #0x00]
	cmp r6, r1
	bge _080262B8
	lsls r0, r0, #0x10
	asrs r0, r0, #0x10
	mov r10, r0
	lsls r2, r2, #0x10
	mov r8, r2
	mov r9, r1
_08026224:
	ldrb r1, [r7, #0x00]
	movs r0, #0x02
	ands r0, r1
	cmp r0, #0x00
	bne _080262B0
	mov r2, r12
	ldr r0, [r2, #0x18]
	cmp r0, #0x00
	bne _080262B0
	ldrb r3, [r7, #0x03]
	cmp r10, r3
	bne _080262B0
	mov r0, r12
	adds r0, #0x54
	ldrb r0, [r0, #0x00]
	cmp r0, #0x01
	beq _0802624E
	movs r0, #0x01
	ands r0, r1
	cmp r0, #0x00
	beq _080262B0
_0802624E:
	ldrb r0, [r7, #0x01]
	lsls r2, r0, #0x04
	adds r4, r2, #0x0
	adds r4, #0x0F
	ldrb r0, [r7, #0x02]
	lsls r3, r0, #0x04
	adds r5, r3, #0x0
	adds r5, #0x0F
	adds r2, #0x04
	subs r4, #0x04
	adds r3, #0x07
	ldr r1, [sp, #0x000]
	lsls r0, r1, #0x10
	asrs r1, r0, #0x10
	str r0, [sp, #0x004]
	cmp r1, r2
	blt _08026288
	cmp r1, r4
	bgt _08026288
	mov r0, r8
	asrs r1, r0, #0x10
	cmp r1, r3
	blt _08026288
	cmp r1, r5
	bgt _08026288
	adds r0, r6, #0x0
	b _080262BC
_08026284: .4byte 0x000007FF
_08026288:
	subs r2, #0x08
	adds r4, #0x08
	subs r3, #0x08
	adds r5, #0x08
	ldr r1, [sp, #0x004]
	asrs r0, r1, #0x10
	cmp r0, r2
	blt _080262B0
	cmp r0, r4
	bgt _080262B0
	mov r2, r8
	asrs r0, r2, #0x10
	cmp r0, r3
	blt _080262B0
	cmp r0, r5
	bgt _080262B0
	movs r0, #0x80
	orrs r6, r0
	adds r0, r6, #0x0
	b _080262BC
_080262B0:
	adds r7, #0x0C
	adds r6, #0x01
	cmp r6, r9
	blt _08026224
_080262B8:
	movs r0, #0x01
	negs r0, r0
_080262BC:
	add sp, #0x008
	pop {r3, r4, r5}
	mov r8, r3
	mov r9, r4
	mov r10, r5
	pop {r4, r5, r6, r7}
	pop {r1}
	bx r1
	thumb_func_start sub_80262CC
sub_80262CC:
	push {r4, r5, r6, r7, lr}
	mov r7, r10
	mov r6, r9
	mov r5, r8
	push {r5, r6, r7}
	add sp, #-0x004
	adds r4, r0, #0x0
	mov r8, r1
	adds r5, r2, #0x0
	mov r12, r3
	add r0, sp, #0x030
	ldrb r0, [r0, #0x00]
	mov r10, r0
	ldr r0, [sp, #0x028]
	cmp r0, #0x00
	bne _080262EE
	b _08026406
_080262EE:
	movs r6, #0x00
	subs r0, #0x01
	mov r9, r0
	movs r3, #0x00
	ldr r1, [r4, #0x1C]
	movs r2, #0x97
	lsls r2, r2, #0x02
	adds r7, r1, r2
	adds r0, r7, #0x0
	ldr r0, [r0, #0x00]
	ldrb r2, [r0, #0x12]
	movs r0, #0x20
	ands r0, r2
	adds r4, r1, #0x0
	mov r1, r12
	subs r1, r5, r1
	mov r12, r1
	cmp r0, #0x00
	beq _08026318
	adds r6, r7, #0x0
	b _0802633C
_08026318:
	adds r3, #0x01
	cmp r3, #0x03
	bgt _0802633C
	lsls r2, r3, #0x03
	movs r1, #0x97
	lsls r1, r1, #0x02
	adds r0, r4, r1
	adds r0, r0, r2
	ldr r0, [r0, #0x00]
	ldrb r1, [r0, #0x12]
	movs r0, #0x20
	ands r0, r1
	cmp r0, #0x00
	beq _08026318
	movs r1, #0x97
	lsls r1, r1, #0x02
	adds r0, r2, r1
	adds r6, r4, r0
_0802633C:
	cmp r6, #0x00
	bne _0802638E
	movs r2, #0x01
	negs r2, r2
	movs r0, #0x97
	lsls r0, r0, #0x02
	adds r1, r4, r0
	adds r5, r1, #0x0
	ldr r0, [r1, #0x00]
	adds r0, #0x23
	ldrb r0, [r0, #0x00]
	cmp r0, r2
	ble _0802635A
	adds r6, r1, #0x0
	adds r2, r0, #0x0
_0802635A:
	movs r3, #0x99
	lsls r3, r3, #0x02
	ldr r0, [r1, #0x08]
	adds r0, #0x23
	ldrb r0, [r0, #0x00]
	cmp r0, r2
	ble _0802636C
	adds r6, r4, r3
	adds r2, r0, #0x0
_0802636C:
	movs r3, #0x9B
	lsls r3, r3, #0x02
	ldr r0, [r5, #0x10]
	adds r0, #0x23
	ldrb r0, [r0, #0x00]
	cmp r0, r2
	ble _0802637E
	adds r6, r4, r3
	adds r2, r0, #0x0
_0802637E:
	movs r3, #0x9D
	lsls r3, r3, #0x02
	ldr r0, [r5, #0x18]
	adds r0, #0x23
	ldrb r0, [r0, #0x00]
	cmp r0, r2
	ble _0802638E
	adds r6, r4, r3
_0802638E:
	mov r0, r8
	cmp r0, #0x00
	bge _08026396
	adds r0, #0xFF
_08026396:
	asrs r0, r0, #0x08
	mov r8, r0
	ldr r0, [sp, #0x024]
	mov r1, r12
	subs r2, r1, r0
	cmp r2, #0x00
	bge _080263A6
	adds r2, #0xFF
_080263A6:
	asrs r5, r2, #0x08
	ldr r0, [r6, #0x00]
	movs r1, #0x00
	str r1, [sp, #0x000]
	mov r1, r9
	movs r2, #0x00
	movs r3, #0x00
	bl sub_801E150
	ldr r0, [r6, #0x00]
	bl sub_8021ED8
	ldr r2, [r6, #0x00]
	ldrb r1, [r2, #0x12]
	movs r0, #0x07
	negs r0, r0
	ands r0, r1
	movs r1, #0x04
	orrs r0, r1
	strb r0, [r2, #0x12]
	ldr r1, [r6, #0x00]
	movs r2, #0x80
	lsls r2, r2, #0x04
	adds r0, r2, #0x0
	subs r0, r0, r5
	strh r0, [r1, #0x0E]
	ldr r2, [r6, #0x00]
	ldrb r1, [r2, #0x1F]
	movs r0, #0x04
	negs r0, r0
	ands r0, r1
	movs r1, #0x01
	orrs r0, r1
	strb r0, [r2, #0x1F]
	mov r0, r8
	strh r0, [r6, #0x04]
	strh r5, [r6, #0x06]
	mov r1, r10
	cmp r1, #0x00
	beq _08026406
	ldr r0, _08026418 @ =0x0839F5B8
	ldr r2, [sp, #0x028]
	adds r0, r2, r0
	ldrb r0, [r0, #0x00]
	movs r1, #0x01
	negs r1, r1
	bl play_sfx_80195B4
_08026406:
	add sp, #0x004
	pop {r3, r4, r5}
	mov r8, r3
	mov r9, r4
	mov r10, r5
	pop {r4, r5, r6, r7}
	pop {r0}
	bx r0
	.byte 0x00, 0x00
_08026418: .4byte 0x0839F5B8
	thumb_func_start sub_802641C
sub_802641C:
	push {r4, r5, r6, lr}
	adds r5, r0, #0x0
	ldr r6, [sp, #0x010]
	movs r4, #0x00
	subs r0, r2, #0x4
	cmp r0, #0x07
	bhi _08026438
	lsls r1, r3, #0x04
	ldr r0, _08026434 @ =0x083BBDD0
	adds r0, #0x0C
	b _08026444
	.byte 0x00, 0x00
_08026434: .4byte 0x083BBDD0
_08026438:
	cmp r2, #0x0B
	ble _0802645A
	lsls r1, r3, #0x01
	adds r1, r1, r3
	lsls r1, r1, #0x02
	ldr r0, _08026490 @ =0x083BCDC4
_08026444:
	adds r1, r1, r0
	ldr r0, _08026494 @ =0x0300034C
	movs r2, #0x8C
	lsls r2, r2, #0x04
	adds r0, r0, r2
	ldrb r0, [r0, #0x00]
	ldr r1, [r1, #0x00]
	lsls r0, r0, #0x02
	adds r0, r0, r1
	ldr r0, [r0, #0x00]
	ldr r4, [r0, #0x00]
_0802645A:
	cmp r4, #0x00
	beq _080264EE
	movs r1, #0xC7
	lsls r1, r1, #0x02
	adds r0, r5, r1
	ldr r0, [r0, #0x00]
	bl sub_80F032C
	ldr r0, [r5, #0x1C]
	movs r1, #0x9F
	lsls r1, r1, #0x02
	adds r2, r0, r1
	ldr r0, _08026498 @ =0x0839F5C8
	ldr r0, [r0, #0x00]
	ldrb r1, [r0, #0x00]
	adds r3, r5, #0x0
	adds r3, #0xFC
	cmp r1, #0x00
	beq _0802649E
_08026480:
	strb r1, [r2, #0x00]
	adds r0, #0x01
	adds r2, #0x01
	ldrb r1, [r0, #0x00]
	cmp r1, #0x00
	bne _08026480
	b _0802649E
	.byte 0x00, 0x00
_08026490: .4byte 0x083BCDC4
_08026494: .4byte 0x0300034C
_08026498: .4byte 0x0839F5C8
_0802649C:
	adds r4, #0x01
_0802649E:
	ldrb r0, [r4, #0x00]
	cmp r0, #0x00
	bne _0802649C
	adds r4, #0x01
	b _080264AE
_080264A8:
	strb r0, [r2, #0x00]
	adds r4, #0x01
	adds r2, #0x01
_080264AE:
	ldrb r0, [r4, #0x00]
	cmp r0, #0x00
	bne _080264A8
	movs r1, #0xFF
	strb r1, [r2, #0x00]
	adds r2, #0x01
	movs r0, #0x0C
	strb r0, [r2, #0x00]
	adds r2, #0x01
	movs r0, #0x1E
	strb r0, [r2, #0x00]
	adds r2, #0x01
	strb r1, [r2, #0x00]
	adds r2, #0x01
	movs r0, #0x0A
	strb r0, [r2, #0x00]
	movs r0, #0x00
	strb r0, [r2, #0x01]
	movs r0, #0x01
	ands r6, r0
	lsls r2, r6, #0x01
	ldrb r1, [r3, #0x00]
	movs r0, #0x03
	negs r0, r0
	ands r0, r1
	orrs r0, r2
	strb r0, [r3, #0x00]
	movs r2, #0x85
	lsls r2, r2, #0x01
	adds r1, r5, r2
	movs r0, #0x14
	strb r0, [r1, #0x00]
_080264EE:
	pop {r4, r5, r6}
	pop {r0}
	bx r0
	thumb_func_start sub_80264F4
sub_80264F4:
	push {r4, r5, r6, r7, lr}
	add sp, #-0x010
	adds r7, r0, #0x0
	lsls r0, r1, #0x10
	lsrs r0, r0, #0x10
	ldr r1, _08026568 @ =0x0000010D
	adds r4, r7, r1
	adds r1, r4, #0x0
	bl sub_80FB790
	adds r1, r7, #0x0
	adds r1, #0xCC
	str r0, [r1, #0x00]
	adds r5, r0, #0x0
	movs r6, #0x00
	ldrb r4, [r4, #0x00]
	cmp r6, r4
	bge _08026540
_08026518:
	ldrh r1, [r5, #0x00]
	movs r0, #0x00
	str r0, [sp, #0x000]
	add r0, sp, #0x00C
	str r0, [sp, #0x004]
	movs r0, #0x01
	negs r0, r0
	str r0, [sp, #0x008]
	movs r0, #0x00
	movs r2, #0x00
	movs r3, #0x00
	bl sub_8021574
	adds r6, #0x01
	adds r5, #0x02
	ldr r1, _08026568 @ =0x0000010D
	adds r0, r7, r1
	ldrb r0, [r0, #0x00]
	cmp r6, r0
	blt _08026518
_08026540:
	ldr r1, _0802656C @ =0x00000246
	adds r0, r7, r1
	ldrb r0, [r0, #0x00]
	movs r2, #0x1C
	ands r2, r0
	cmp r2, #0x10
	bne _08026574
	ldr r1, _08026570 @ =0x00001003
	movs r0, #0x00
	str r0, [sp, #0x000]
	add r0, sp, #0x00C
	str r0, [sp, #0x004]
	movs r0, #0x0C
	str r0, [sp, #0x008]
	movs r0, #0x00
	movs r2, #0x00
	movs r3, #0x00
	bl sub_8021574
	b _08026590
_08026568: .4byte 0x0000010D
_0802656C: .4byte 0x00000246
_08026570: .4byte 0x00001003
_08026574:
	cmp r2, #0x04
	bne _08026590
	ldr r1, _080265E0 @ =0x00001004
	movs r0, #0x00
	str r0, [sp, #0x000]
	add r0, sp, #0x00C
	str r0, [sp, #0x004]
	movs r0, #0x0C
	str r0, [sp, #0x008]
	movs r0, #0x00
	movs r2, #0x00
	movs r3, #0x00
	bl sub_8021574
_08026590:
	ldr r1, _080265E4 @ =0x00008003
	movs r4, #0x00
	str r4, [sp, #0x000]
	add r0, sp, #0x00C
	str r0, [sp, #0x004]
	movs r0, #0x0D
	str r0, [sp, #0x008]
	movs r0, #0x00
	movs r2, #0x00
	movs r3, #0x00
	bl sub_8021574
	movs r1, #0x80
	lsls r1, r1, #0x08
	str r4, [sp, #0x000]
	add r0, sp, #0x00C
	str r0, [sp, #0x004]
	movs r0, #0x0E
	str r0, [sp, #0x008]
	movs r0, #0x00
	movs r2, #0x00
	movs r3, #0x00
	bl sub_8021574
	ldr r1, _080265E8 @ =0x00008001
	str r4, [sp, #0x000]
	add r0, sp, #0x00C
	str r0, [sp, #0x004]
	movs r0, #0x0F
	str r0, [sp, #0x008]
	movs r0, #0x00
	movs r2, #0x00
	movs r3, #0x00
	bl sub_8021574
	add sp, #0x010
	pop {r4, r5, r6, r7}
	pop {r0}
	bx r0
	.byte 0x00, 0x00
_080265E0: .4byte 0x00001004
_080265E4: .4byte 0x00008003
_080265E8: .4byte 0x00008001
	thumb_func_start sub_80265EC
sub_80265EC:
	push {r4, r5, r6, r7, lr}
	mov r7, r10
	mov r6, r9
	mov r5, r8
	push {r5, r6, r7}
	add sp, #-0x010
	adds r7, r0, #0x0
	movs r6, #0x00
	movs r4, #0x01
	negs r4, r4
	str r4, [sp, #0x000]
	str r4, [sp, #0x004]
	str r4, [sp, #0x008]
	movs r0, #0x00
	ldr r1, _080267B8 @ =0x00008009
	movs r2, #0x01
	adds r3, r4, #0x0
	bl sub_8020DD0
	ldr r1, [r7, #0x1C]
	movs r5, #0x00
	movs r2, #0x97
	lsls r2, r2, #0x02
	adds r1, r1, r2
	str r0, [r1, #0x00]
	str r6, [sp, #0x000]
	movs r1, #0x00
	adds r2, r4, #0x0
	movs r3, #0x00
	bl sub_801E150
	str r4, [sp, #0x000]
	str r4, [sp, #0x004]
	str r4, [sp, #0x008]
	movs r0, #0x00
	ldr r1, _080267B8 @ =0x00008009
	movs r2, #0x01
	adds r3, r4, #0x0
	bl sub_8020DD0
	ldr r1, [r7, #0x1C]
	movs r3, #0x99
	lsls r3, r3, #0x02
	adds r1, r1, r3
	str r0, [r1, #0x00]
	str r5, [sp, #0x000]
	movs r1, #0x00
	adds r2, r4, #0x0
	movs r3, #0x00
	bl sub_801E150
	str r4, [sp, #0x000]
	str r4, [sp, #0x004]
	str r4, [sp, #0x008]
	movs r0, #0x00
	ldr r1, _080267B8 @ =0x00008009
	movs r2, #0x01
	adds r3, r4, #0x0
	bl sub_8020DD0
	ldr r1, [r7, #0x1C]
	movs r6, #0x9B
	lsls r6, r6, #0x02
	adds r1, r1, r6
	str r0, [r1, #0x00]
	str r5, [sp, #0x000]
	movs r1, #0x00
	adds r2, r4, #0x0
	movs r3, #0x00
	bl sub_801E150
	str r4, [sp, #0x000]
	str r4, [sp, #0x004]
	str r4, [sp, #0x008]
	movs r0, #0x00
	ldr r1, _080267B8 @ =0x00008009
	movs r2, #0x01
	adds r3, r4, #0x0
	bl sub_8020DD0
	ldr r1, [r7, #0x1C]
	movs r2, #0x9D
	lsls r2, r2, #0x02
	adds r1, r1, r2
	str r0, [r1, #0x00]
	str r5, [sp, #0x000]
	movs r1, #0x00
	adds r2, r4, #0x0
	movs r3, #0x00
	bl sub_801E150
	movs r3, #0x82
	lsls r3, r3, #0x02
	adds r3, r3, r7
	mov r9, r3
	ldrb r1, [r3, #0x00]
	movs r0, #0x04
	ands r0, r1
	adds r5, r7, #0x0
	adds r5, #0x28
	adds r0, r5, r0
	ldr r0, [r0, #0x00]
	adds r6, #0xCC
	adds r1, r0, r6
	ldr r4, [r1, #0x00]
	movs r2, #0x10
	ldsh r1, [r4, r2]
	adds r0, r0, r1
	movs r3, #0xC8
	adds r3, r3, r7
	mov r8, r3
	ldr r1, [r3, #0x00]
	adds r6, r7, #0x0
	adds r6, #0xCC
	str r6, [sp, #0x00C]
	ldr r2, [r6, #0x00]
	movs r3, #0xC5
	lsls r3, r3, #0x02
	adds r3, r3, r7
	mov r10, r3
	ldr r6, [r3, #0x00]
	mov r12, r6
	ldr r4, [r4, #0x14]
	mov r3, r12
	bl _call_via_r4
	mov r1, r9
	ldrb r0, [r1, #0x00]
	lsls r0, r0, #0x1D
	lsrs r0, r0, #0x1F
	movs r1, #0x01
	eors r0, r1
	lsls r0, r0, #0x02
	adds r5, r5, r0
	ldr r5, [r5, #0x00]
	mov r9, r8
	ldr r2, [sp, #0x00C]
	mov r8, r2
	cmp r5, #0x00
	beq _08026724
	movs r3, #0xCE
	lsls r3, r3, #0x02
	adds r0, r5, r3
	ldr r4, [r0, #0x00]
	movs r6, #0x10
	ldsh r0, [r4, r6]
	adds r0, r5, r0
	mov r2, r9
	ldr r1, [r2, #0x00]
	mov r3, r8
	ldr r2, [r3, #0x00]
	mov r5, r10
	ldr r3, [r5, #0x00]
	ldr r4, [r4, #0x14]
	bl _call_via_r4
_08026724:
	movs r6, #0x02
	ldr r1, _080267BC @ =0x0000010B
	adds r0, r7, r1
	adds r5, r7, #0x0
	adds r5, #0xA8
	ldrb r0, [r0, #0x00]
	cmp r6, r0
	bge _08026776
	movs r2, #0x30
	adds r2, r2, r7
	mov r10, r2
_0802673A:
	mov r3, r10
	adds r3, #0x04
	mov r10, r3
	subs r3, #0x04
	ldm r3!, {r0}
	movs r2, #0xCE
	lsls r2, r2, #0x02
	adds r1, r0, r2
	ldr r4, [r1, #0x00]
	movs r3, #0x10
	ldsh r1, [r4, r3]
	adds r0, r0, r1
	mov r2, r9
	ldr r1, [r2, #0x00]
	movs r3, #0xC5
	lsls r3, r3, #0x02
	ldr r2, [r3, r7]
	mov r12, r2
	ldr r4, [r4, #0x14]
	mov r3, r8
	ldr r2, [r3, #0x00]
	mov r3, r12
	bl _call_via_r4
	adds r6, #0x01
	ldr r1, _080267BC @ =0x0000010B
	adds r0, r7, r1
	ldrb r0, [r0, #0x00]
	cmp r6, r0
	blt _0802673A
_08026776:
	ldr r0, [r5, #0x00]
	bl sub_804DFE8
	ldr r0, [r5, #0x04]
	bl sub_804DFE8
	ldr r0, [r5, #0x08]
	bl sub_804DFE8
	ldr r0, [r5, #0x0C]
	bl sub_804DFE8
	ldr r0, [r5, #0x10]
	bl sub_804DFE8
	ldr r0, [r5, #0x14]
	bl sub_804DFE8
	ldr r0, [r5, #0x18]
	bl sub_804DFE8
	ldr r0, [r5, #0x1C]
	bl sub_804DFE8
	add sp, #0x010
	pop {r3, r4, r5}
	mov r8, r3
	mov r9, r4
	mov r10, r5
	pop {r4, r5, r6, r7}
	pop {r0}
	bx r0
	.byte 0x00, 0x00
_080267B8: .4byte 0x00008009
_080267BC: .4byte 0x0000010B
	thumb_func_start make_field_objects_80267C0
make_field_objects_80267C0: @ 080267C0
	push {r4, r5, r6, r7, lr}
	mov r7, r8
	push {r7}
	add sp, #-0x004
	adds r5, r0, #0x0
	mov r8, r1
	lsls r0, r1, #0x10
	lsrs r0, r0, #0x10
	ldr r1, _08026860 @ =0x0000010B
	adds r4, r5, r1
	adds r1, r4, #0x0
	bl get_field_object_count
	movs r2, #0x87
	lsls r2, r2, #0x01
	adds r0, r5, r2
	movs r1, #0x00
	strb r1, [r0, #0x00]
	adds r2, #0x01
	adds r0, r5, r2
	strb r1, [r0, #0x00]
	adds r2, #0x03
	adds r0, r5, r2
	strb r1, [r0, #0x00]
	adds r2, #0x01
	adds r0, r5, r2
	strb r1, [r0, #0x00]
	adds r2, #0x07
	adds r0, r5, r2
	strb r1, [r0, #0x00]
	adds r2, #0x01
	adds r0, r5, r2
	strb r1, [r0, #0x00]
	subs r2, #0x05
	adds r0, r5, r2
	strb r1, [r0, #0x00]
	adds r2, #0x01
	adds r0, r5, r2
	strb r1, [r0, #0x00]
	subs r2, #0x03
	adds r0, r5, r2
	strb r1, [r0, #0x00]
	adds r2, #0x01
	adds r0, r5, r2
	strb r1, [r0, #0x00]
	adds r2, #0x03
	adds r0, r5, r2
	strb r1, [r0, #0x00]
	adds r2, #0x01
	adds r0, r5, r2
	strb r1, [r0, #0x00]
	subs r2, #0x09
	adds r0, r5, r2
	strb r1, [r0, #0x00]
	adds r2, #0x01
	adds r0, r5, r2
	strb r1, [r0, #0x00]
	movs r7, #0x00
	ldrb r4, [r4, #0x00]
	cmp r7, r4
	blt _0802683C
	b _08026B84
_0802683C:
	mov r1, r8
	lsls r0, r1, #0x10
	lsrs r0, r0, #0x10
	lsls r1, r7, #0x18
	lsrs r1, r1, #0x18
	bl get_field_object_type
	lsls r0, r0, #0x18
	lsrs r0, r0, #0x18
	cmp r0, #0x07
	bls _08026854
	b _08026B24
_08026854:
	lsls r0, r0, #0x02
	ldr r1, _08026864 @ =0x08026868
	adds r0, r0, r1
	ldr r0, [r0, #0x00]
	mov pc, r0
	.byte 0x00, 0x00
_08026860: .4byte 0x0000010B
_08026864: .4byte 0x08026868
	.byte 0x88, 0x68, 0x02, 0x08, 0x00, 0x69, 0x02, 0x08, 0x3C, 0x69, 0x02, 0x08, 0x78, 0x69, 0x02, 0x08
	.byte 0xC8, 0x69, 0x02, 0x08, 0x04, 0x6A, 0x02, 0x08, 0xA0, 0x6A, 0x02, 0x08, 0xDC, 0x6A, 0x02, 0x08
	.byte 0xE3, 0x20, 0x80, 0x00, 0x0D, 0x4A, 0x01, 0x21, 0x01, 0x23, 0xF2, 0xF7, 0xAB, 0xFA, 0x41, 0x46
	.byte 0x3A, 0x1C, 0x21, 0xF0, 0xE3, 0xFB, 0x04, 0x1C, 0x2A, 0x1C, 0xFB, 0x32, 0x11, 0x78, 0x04, 0x20
	.byte 0x08, 0x40, 0x16, 0x1C, 0x00, 0x28, 0x0B, 0xD0, 0x80, 0x22, 0x52, 0x00, 0x0D, 0x20, 0x00, 0x90
	.byte 0x20, 0x1C, 0x11, 0x1C, 0xD2, 0x23, 0x21, 0xF0, 0x1D, 0xFB, 0x0A, 0xE0, 0x20, 0x26, 0x1E, 0x08
	.byte 0x80, 0x22, 0x92, 0x00, 0x0B, 0x4B, 0x75, 0x20, 0x00, 0x90, 0x20, 0x1C, 0x11, 0x1C, 0x21, 0xF0
	.byte 0x11, 0xFB, 0xDA, 0x22, 0x92, 0x00, 0xA1, 0x18, 0x78, 0x00, 0xC0, 0x19, 0xC0, 0x00, 0x83, 0x22
	.byte 0x92, 0x00, 0x80, 0x18, 0x28, 0x18, 0x08, 0x60, 0xB9, 0x00, 0x28, 0x1C, 0x28, 0x30, 0x40, 0x18
	.byte 0x04, 0x60, 0x1C, 0xE1, 0x2C, 0x05, 0x00, 0x00, 0xCF, 0x20, 0x80, 0x00, 0x0B, 0x4A, 0x01, 0x21
	.byte 0x01, 0x23, 0xF2, 0xF7, 0x6F, 0xFA, 0x41, 0x46, 0x3A, 0x1C, 0x19, 0xF0, 0xD1, 0xFA, 0xBA, 0x00
	.byte 0x29, 0x1C, 0x28, 0x31, 0x89, 0x18, 0x08, 0x60, 0x87, 0x20, 0x40, 0x00, 0x2B, 0x18, 0x18, 0x78
	.byte 0x11, 0x1C, 0x00, 0x28, 0x00, 0xD1, 0x1F, 0x70, 0x01, 0x4A, 0xEC, 0xE0, 0x24, 0x26, 0x1E, 0x08
	.byte 0x0F, 0x01, 0x00, 0x00, 0xCF, 0x20, 0x80, 0x00, 0x0B, 0x4A, 0x01, 0x21, 0x01, 0x23, 0xF2, 0xF7
	.byte 0x51, 0xFA, 0x41, 0x46, 0x3A, 0x1C, 0x19, 0xF0, 0xB3, 0xFA, 0xBA, 0x00, 0x29, 0x1C, 0x28, 0x31
	.byte 0x89, 0x18, 0x08, 0x60, 0x88, 0x20, 0x40, 0x00, 0x2B, 0x18, 0x18, 0x78, 0x11, 0x1C, 0x00, 0x28
	.byte 0x00, 0xD1, 0x1F, 0x70, 0x01, 0x4A, 0xCE, 0xE0, 0x2C, 0x26, 0x1E, 0x08, 0x11, 0x01, 0x00, 0x00
	.byte 0xD2, 0x20, 0x80, 0x00, 0x10, 0x4A, 0x01, 0x21, 0x01, 0x23, 0xF2, 0xF7, 0x33, 0xFA, 0x41, 0x46
	.byte 0x3A, 0x1C, 0x29, 0xF0, 0x9D, 0xFA, 0xBA, 0x00, 0x29, 0x1C, 0x28, 0x31, 0x89, 0x18, 0x08, 0x60
	.byte 0xD1, 0x21, 0x89, 0x00, 0x40, 0x18, 0x00, 0x68, 0x11, 0x1C, 0x00, 0x28, 0x01, 0xD0, 0x54, 0x30
	.byte 0x07, 0x70, 0x89, 0x22, 0x52, 0x00, 0xAB, 0x18, 0x18, 0x78, 0x00, 0x28, 0x00, 0xD1, 0x1F, 0x70
	.byte 0x02, 0x48, 0x2B, 0x18, 0xA8, 0xE0, 0x00, 0x00, 0x34, 0x26, 0x1E, 0x08, 0x13, 0x01, 0x00, 0x00
	.byte 0xCF, 0x20, 0x80, 0x00, 0x0B, 0x4A, 0x01, 0x21, 0x01, 0x23, 0xF2, 0xF7, 0x0B, 0xFA, 0x41, 0x46
	.byte 0x3A, 0x1C, 0x19, 0xF0, 0x6D, 0xFA, 0xBA, 0x00, 0x29, 0x1C, 0x28, 0x31, 0x89, 0x18, 0x08, 0x60
	.byte 0x8A, 0x21, 0x49, 0x00, 0x6B, 0x18, 0x18, 0x78, 0x11, 0x1C, 0x00, 0x28, 0x00, 0xD1, 0x1F, 0x70
	.byte 0x01, 0x4A, 0x88, 0xE0, 0x3C, 0x26, 0x1E, 0x08, 0x15, 0x01, 0x00, 0x00, 0xCF, 0x20, 0x80, 0x00
	.byte 0x21, 0x4A, 0x01, 0x21, 0x01, 0x23, 0xF2, 0xF7, 0xED, 0xF9, 0x41, 0x46, 0x3A, 0x1C, 0x19, 0xF0
	.byte 0x4F, 0xFA, 0x04, 0x1C, 0x1D, 0x48, 0x00, 0x68, 0xE3, 0x21, 0x89, 0x00, 0x40, 0x18, 0x8B, 0x22
	.byte 0x92, 0x00, 0xA1, 0x18, 0x0A, 0x68, 0x92, 0x02, 0x12, 0x0D, 0x8B, 0x21, 0x49, 0x01, 0x52, 0x18
	.byte 0x00, 0x21, 0xC2, 0xF0, 0x41, 0xFF, 0x00, 0x06, 0x00, 0x0E, 0x01, 0x28, 0x0E, 0xD1, 0x83, 0x20
	.byte 0x80, 0x00, 0x22, 0x18, 0x11, 0x78, 0x02, 0x20, 0x40, 0x42, 0x08, 0x40, 0x10, 0x70, 0x10, 0x49
	.byte 0x62, 0x18, 0x11, 0x78, 0x03, 0x20, 0x40, 0x42, 0x08, 0x40, 0x10, 0x70, 0x84, 0x20, 0x80, 0x00
	.byte 0x22, 0x18, 0x10, 0x78, 0x20, 0x21, 0x08, 0x43, 0x10, 0x70, 0xB9, 0x00, 0x28, 0x1C, 0x28, 0x30
	.byte 0x40, 0x18, 0x04, 0x60, 0x8B, 0x22, 0x52, 0x00, 0xAB, 0x18, 0x18, 0x78, 0x00, 0x28, 0x00, 0xD1
	.byte 0x1F, 0x70, 0x04, 0x48, 0x2B, 0x18, 0x3F, 0xE0, 0x44, 0x26, 0x1E, 0x08, 0xC0, 0x0F, 0x00, 0x03
	.byte 0x0F, 0x02, 0x00, 0x00, 0x17, 0x01, 0x00, 0x00, 0xCF, 0x20, 0x80, 0x00, 0x0B, 0x4A, 0x01, 0x21
	.byte 0x01, 0x23, 0xF2, 0xF7, 0x9F, 0xF9, 0x41, 0x46, 0x3A, 0x1C, 0x2A, 0xF0, 0x73, 0xFC, 0xBA, 0x00
	.byte 0x29, 0x1C, 0x28, 0x31, 0x89, 0x18, 0x08, 0x60, 0x8C, 0x21, 0x49, 0x00, 0x6B, 0x18, 0x18, 0x78
	.byte 0x11, 0x1C, 0x00, 0x28, 0x00, 0xD1, 0x1F, 0x70, 0x01, 0x4A, 0x1C, 0xE0, 0x4C, 0x26, 0x1E, 0x08
	.byte 0x19, 0x01, 0x00, 0x00, 0xD4, 0x20, 0x80, 0x00, 0x0E, 0x4A, 0x01, 0x21, 0x01, 0x23, 0xF2, 0xF7
	.byte 0x81, 0xF9, 0x41, 0x46, 0x3A, 0x1C, 0x29, 0xF0, 0xDB, 0xFE, 0xBA, 0x00, 0x29, 0x1C, 0x28, 0x31
	.byte 0x89, 0x18, 0x08, 0x60, 0x8D, 0x20, 0x40, 0x00, 0x2B, 0x18, 0x18, 0x78, 0x11, 0x1C, 0x00, 0x28
	.byte 0x00, 0xD1, 0x1F, 0x70, 0x04, 0x4A, 0xAB, 0x18, 0x18, 0x78, 0x01, 0x30, 0x18, 0x70, 0x2E, 0x1C
	.byte 0xFB, 0x36, 0x0C, 0xE0, 0x54, 0x26, 0x1E, 0x08, 0x1B, 0x01, 0x00, 0x00
_08026B24:
	lsls r0, r7, #0x02
	adds r1, r5, #0x0
	adds r1, #0x28
	adds r1, r1, r0
	movs r2, #0x00
	str r2, [r1, #0x00]
	adds r6, r5, #0x0
	adds r6, #0xFB
	adds r1, r0, #0x0
	adds r4, r5, #0x0
	adds r4, #0x28
	adds r4, r4, r1
	ldr r2, [r4, #0x00]
	movs r1, #0x83
	lsls r1, r1, #0x02
	adds r0, r2, r1
	ldrb r1, [r0, #0x00]
	lsls r1, r1, #0x1A
	movs r0, #0x84
	lsls r0, r0, #0x02
	adds r3, r2, r0
	lsrs r1, r1, #0x1F
	lsls r1, r1, #0x04
	ldrb r2, [r3, #0x00]
	movs r0, #0x11
	negs r0, r0
	ands r0, r2
	orrs r0, r1
	strb r0, [r3, #0x00]
	ldr r2, [r4, #0x00]
	ldrb r0, [r6, #0x00]
	lsls r0, r0, #0x1D
	lsrs r0, r0, #0x1F
	movs r1, #0x10
	asrs r1, r0
	ldr r0, _08026C58 @ =0x00000239
	adds r2, r2, r0
	strb r1, [r2, #0x00]
	ldr r0, [r4, #0x00]
	adds r0, #0x54
	strb r7, [r0, #0x00]
	adds r7, #0x01
	ldr r1, _08026C5C @ =0x0000010B
	adds r0, r5, r1
	ldrb r0, [r0, #0x00]
	cmp r7, r0
	bge _08026B84
	b _0802683C
_08026B84:
	movs r2, #0x82
	lsls r2, r2, #0x02
	adds r0, r5, r2
	ldrb r0, [r0, #0x00]
	movs r1, #0x04
	ands r1, r0
	adds r0, r5, #0x0
	adds r0, #0x28
	adds r0, r0, r1
	ldr r1, [r0, #0x00]
	ldr r0, _08026C60 @ =0x00000352
	adds r1, r1, r0
	ldrb r0, [r1, #0x00]
	movs r2, #0x80
	orrs r0, r2
	strb r0, [r1, #0x00]
	movs r1, #0x87
	lsls r1, r1, #0x01
	adds r0, r5, r1
	ldrb r1, [r0, #0x00]
	cmp r1, #0x00
	bne _08026BC4
	movs r2, #0x88
	lsls r2, r2, #0x01
	adds r0, r5, r2
	ldrb r1, [r0, #0x00]
	cmp r1, #0x00
	bne _08026BC4
	movs r1, #0x89
	lsls r1, r1, #0x01
	adds r0, r5, r1
	ldrb r1, [r0, #0x00]
_08026BC4:
	movs r2, #0x8E
	lsls r2, r2, #0x01
	adds r0, r5, r2
	strb r1, [r0, #0x00]
	ldr r0, _08026C64 @ =0x0000010F
	adds r2, r5, r0
	ldr r1, _08026C68 @ =0x00000111
	adds r0, r5, r1
	ldrb r1, [r0, #0x00]
	ldrb r2, [r2, #0x00]
	adds r1, r1, r2
	ldr r2, _08026C6C @ =0x00000113
	adds r0, r5, r2
	ldrb r0, [r0, #0x00]
	adds r0, r0, r1
	ldr r1, _08026C70 @ =0x0000011D
	adds r2, r5, r1
	strb r0, [r2, #0x00]
	movs r6, #0x00
	adds r5, #0xA8
_08026BEC:
	movs r0, #0x4C
	movs r1, #0x01
	ldr r2, _08026C74 @ =0x081E265C
	movs r3, #0x01
	bl alloc_Zero
	adds r1, r6, #0x0
	bl sub_804FB28
	str r0, [r5, #0x00]
	adds r4, r6, #0x1
	movs r0, #0x4C
	movs r1, #0x01
	ldr r2, _08026C74 @ =0x081E265C
	movs r3, #0x01
	bl alloc_Zero
	adds r1, r4, #0x0
	bl sub_804FB28
	str r0, [r5, #0x04]
	adds r4, r6, #0x2
	movs r0, #0x4C
	movs r1, #0x01
	ldr r2, _08026C74 @ =0x081E265C
	movs r3, #0x01
	bl alloc_Zero
	adds r1, r4, #0x0
	bl sub_804FB28
	str r0, [r5, #0x08]
	adds r4, r6, #0x3
	movs r0, #0x4C
	movs r1, #0x01
	ldr r2, _08026C74 @ =0x081E265C
	movs r3, #0x01
	bl alloc_Zero
	adds r1, r4, #0x0
	bl sub_804FB28
	str r0, [r5, #0x0C]
	adds r5, #0x10
	adds r6, #0x04
	cmp r6, #0x07
	ble _08026BEC
	add sp, #0x004
	pop {r3}
	mov r8, r3
	pop {r4, r5, r6, r7}
	pop {r0}
	bx r0
	.byte 0x00, 0x00
_08026C58: .4byte 0x00000239
_08026C5C: .4byte 0x0000010B
_08026C60: .4byte 0x00000352
_08026C64: .4byte 0x0000010F
_08026C68: .4byte 0x00000111
_08026C6C: .4byte 0x00000113
_08026C70: .4byte 0x0000011D
_08026C74: .4byte 0x081E265C
	thumb_func_start sub_8026C78
sub_8026C78:
	push {r4, r5, r6, r7, lr}
	mov r7, r10
	mov r6, r9
	mov r5, r8
	push {r5, r6, r7}
	add sp, #-0x004
	adds r5, r0, #0x0
	adds r0, #0xDC
	ldr r2, [r0, #0x00]
	ldrb r0, [r2, #0x02]
	lsls r0, r0, #0x08
	ldrb r1, [r2, #0x01]
	orrs r1, r0
	mov r8, r1
	ldrb r3, [r2, #0x00]
	ldrb r0, [r2, #0x04]
	lsls r0, r0, #0x08
	ldrb r1, [r2, #0x03]
	orrs r0, r1
	subs r7, r2, r0
	movs r2, #0xFA
	lsls r2, r2, #0x01
	adds r1, r5, r2
	movs r0, #0x00
	strb r0, [r1, #0x00]
	cmp r3, #0x00
	bne _08026CB0
	b _08026E80
_08026CB0:
	movs r4, #0x01
	mov r10, r4
	adds r6, r1, #0x0
	mov r9, r3
_08026CB8:
	ldrb r4, [r7, #0x00]
	movs r0, #0x11
	negs r0, r0
	ands r0, r4
	cmp r0, #0x40
	beq _08026CDC
	cmp r0, #0x40
	bgt _08026CD2
	cmp r0, #0x00
	beq _08026CDC
	cmp r0, #0x20
	beq _08026CDC
	b _08026E66
_08026CD2:
	cmp r0, #0xA0
	beq _08026D6C
	cmp r0, #0xC0
	beq _08026D6C
	b _08026E66
_08026CDC:
	movs r0, #0xD4
	lsls r0, r0, #0x02
	movs r1, #0x01
	ldr r2, _08026D5C @ =0x081E2664
	movs r3, #0x01
	bl alloc_Zero
	movs r3, #0x01
	negs r3, r3
	str r3, [sp, #0x000]
	adds r1, r7, #0x0
	mov r2, r8
	bl sub_8050940
	adds r3, r0, #0x0
	movs r0, #0x10
	ands r4, r0
	cmp r4, #0x00
	beq _08026D22
	movs r1, #0xCF
	lsls r1, r1, #0x02
	adds r0, r3, r1
	ldrb r1, [r0, #0x00]
	mov r0, r10
	ands r0, r1
	cmp r0, #0x00
	beq _08026D22
	ldr r2, _08026D60 @ =0x0000020F
	adds r0, r3, r2
	ldrb r1, [r0, #0x00]
	movs r4, #0x03
	negs r4, r4
	adds r2, r4, #0x0
	ands r1, r2
	strb r1, [r0, #0x00]
_08026D22:
	ldr r0, _08026D64 @ =0x0000010B
	adds r2, r5, r0
	ldrb r1, [r2, #0x00]
	adds r0, r3, #0x0
	adds r0, #0x54
	strb r1, [r0, #0x00]
	ldrb r1, [r2, #0x00]
	lsls r1, r1, #0x02
	adds r0, r5, #0x0
	adds r0, #0x28
	adds r0, r0, r1
	str r3, [r0, #0x00]
	movs r4, #0x8D
	lsls r4, r4, #0x01
	adds r1, r5, r4
	ldrb r0, [r1, #0x00]
	cmp r0, #0x00
	bne _08026D4A
	ldrb r0, [r2, #0x00]
	strb r0, [r1, #0x00]
_08026D4A:
	ldr r0, _08026D68 @ =0x0000011B
	adds r1, r5, r0
	ldrb r0, [r1, #0x00]
	adds r0, #0x01
	strb r0, [r1, #0x00]
	ldrb r0, [r2, #0x00]
	adds r0, #0x01
	strb r0, [r2, #0x00]
	b _08026E66
_08026D5C: .4byte 0x081E2664
_08026D60: .4byte 0x0000020F
_08026D64: .4byte 0x0000010B
_08026D68: .4byte 0x0000011B
_08026D6C:
	ldrb r0, [r6, #0x00]
	lsls r3, r0, #0x01
	adds r3, r3, r0
	lsls r3, r3, #0x02
	adds r3, r5, r3
	movs r0, #0xA0
	eors r0, r4
	negs r1, r0
	orrs r1, r0
	lsrs r1, r1, #0x1F
	movs r2, #0x9A
	lsls r2, r2, #0x01
	adds r3, r3, r2
	mov r4, r10
	ands r1, r4
	ldrb r0, [r3, #0x00]
	movs r4, #0x02
	negs r4, r4
	adds r2, r4, #0x0
	ands r0, r2
	orrs r0, r1
	strb r0, [r3, #0x00]
	ldr r0, _08026E28 @ =0x03000FC0
	ldr r0, [r0, #0x00]
	movs r1, #0xE3
	lsls r1, r1, #0x02
	adds r0, r0, r1
	movs r2, #0x9B
	lsls r2, r2, #0x05
	add r2, r8
	lsls r2, r2, #0x10
	lsrs r2, r2, #0x10
	movs r1, #0x00
	bl sub_80E98C0
	ldrb r1, [r6, #0x00]
	lsls r2, r1, #0x01
	adds r2, r2, r1
	lsls r2, r2, #0x02
	adds r2, r5, r2
	movs r4, #0x9A
	lsls r4, r4, #0x01
	adds r2, r2, r4
	mov r3, r10
	ands r3, r0
	lsls r3, r3, #0x01
	ldrb r0, [r2, #0x00]
	movs r4, #0x03
	negs r4, r4
	adds r1, r4, #0x0
	ands r0, r1
	orrs r0, r3
	strb r0, [r2, #0x00]
	ldrb r1, [r6, #0x00]
	lsls r0, r1, #0x01
	adds r0, r0, r1
	lsls r0, r0, #0x02
	adds r0, r5, r0
	ldrb r1, [r7, #0x01]
	ldr r2, _08026E2C @ =0x00000135
	adds r0, r0, r2
	strb r1, [r0, #0x00]
	ldrb r1, [r6, #0x00]
	lsls r0, r1, #0x01
	adds r0, r0, r1
	lsls r0, r0, #0x02
	adds r0, r5, r0
	ldrb r1, [r7, #0x02]
	movs r4, #0x9B
	lsls r4, r4, #0x01
	adds r0, r0, r4
	strb r1, [r0, #0x00]
	ldrb r1, [r6, #0x00]
	lsls r0, r1, #0x01
	adds r0, r0, r1
	lsls r0, r0, #0x02
	adds r0, r0, r5
	mov r12, r0
	ldrb r1, [r7, #0x05]
	lsrs r0, r1, #0x01
	lsls r3, r0, #0x18
	lsrs r4, r3, #0x18
	ldrb r0, [r7, #0x03]
	movs r2, #0x7F
	ands r2, r0
	movs r0, #0x20
	ands r0, r1
	cmp r0, #0x00
	beq _08026E30
	movs r0, #0x20
	negs r0, r0
	orrs r0, r4
	lsrs r0, r0, #0x03
	b _08026E32
_08026E28: .4byte 0x03000FC0
_08026E2C: .4byte 0x00000135
_08026E30:
	lsrs r0, r3, #0x1B
_08026E32:
	adds r0, r2, r0
	ldr r1, _08026E90 @ =0x00000137
	add r1, r12
	strb r0, [r1, #0x00]
	ldrb r1, [r6, #0x00]
	lsls r0, r1, #0x01
	adds r0, r0, r1
	lsls r0, r0, #0x02
	adds r0, r5, r0
	movs r1, #0x9C
	lsls r1, r1, #0x01
	adds r0, r0, r1
	mov r2, r8
	strh r2, [r0, #0x00]
	ldrb r0, [r6, #0x00]
	lsls r1, r0, #0x01
	adds r1, r1, r0
	lsls r1, r1, #0x02
	movs r4, #0x9E
	lsls r4, r4, #0x01
	adds r0, r5, r4
	adds r0, r0, r1
	str r7, [r0, #0x00]
	ldrb r0, [r6, #0x00]
	adds r0, #0x01
	strb r0, [r6, #0x00]
_08026E66:
	movs r0, #0x01
	negs r0, r0
	add r9, r0
	mov r0, r8
	adds r0, #0x01
	lsls r0, r0, #0x10
	lsrs r0, r0, #0x10
	mov r8, r0
	adds r7, #0x08
	mov r1, r9
	cmp r1, #0x00
	beq _08026E80
	b _08026CB8
_08026E80:
	add sp, #0x004
	pop {r3, r4, r5}
	mov r8, r3
	mov r9, r4
	mov r10, r5
	pop {r4, r5, r6, r7}
	pop {r0}
	bx r0
_08026E90: .4byte 0x00000137
	thumb_func_start sub_8026E94
sub_8026E94:
	push {r4, r5, r6, lr}
	adds r5, r0, #0x0
	movs r1, #0x80
	lsls r1, r1, #0x12
	movs r2, #0xFA
	lsls r2, r2, #0x05
	adds r0, r2, #0x0
	strh r0, [r1, #0x00]
	ldr r0, _08026F24 @ =0x00000291
	adds r6, r5, r0
	ldrb r1, [r6, #0x00]
	movs r0, #0x02
	ands r0, r1
	cmp r0, #0x00
	beq _08026EE4
	ldr r1, _08026F28 @ =0x02000008
	movs r2, #0xA5
	lsls r2, r2, #0x02
	adds r0, r5, r2
	ldrh r0, [r0, #0x00]
	strh r0, [r1, #0x00]
	ldr r4, _08026F2C @ =0x03001034
	ldr r1, _08026F30 @ =0x0600C000
	ldr r3, [r4, #0x00]
	movs r0, #0x00
	movs r2, #0x20
	bl _call_via_r3
	ldr r1, _08026F34 @ =0x0600C800
	movs r2, #0x80
	lsls r2, r2, #0x04
	ldr r3, [r4, #0x00]
	movs r0, #0x00
	bl _call_via_r3
	ldrb r1, [r6, #0x00]
	movs r0, #0x03
	negs r0, r0
	ands r0, r1
	strb r0, [r6, #0x00]
_08026EE4:
	ldr r0, _08026F38 @ =0x0839EC80
	ldr r2, [r0, #0x00]
	ldrb r1, [r2, #0x01]
	movs r0, #0x21
	negs r0, r0
	ands r0, r1
	strb r0, [r2, #0x01]
	movs r1, #0xAE
	lsls r1, r1, #0x02
	adds r0, r5, r1
	ldrb r1, [r0, #0x00]
	movs r0, #0x01
	ands r0, r1
	cmp r0, #0x00
	beq _08026F70
	movs r0, #0x10
	ands r0, r1
	cmp r0, #0x00
	beq _08026F60
	ldr r0, _08026F3C @ =0x0300034C
	adds r0, #0x78
	ldrh r1, [r0, #0x00]
	lsls r1, r1, #0x16
	lsrs r1, r1, #0x16
	movs r0, #0xF0
	ands r0, r1
	cmp r0, #0xF0
	bne _08026F40
	adds r0, r5, #0x0
	bl sub_802EF18
	b _08026F60
_08026F24: .4byte 0x00000291
_08026F28: .4byte 0x02000008
_08026F2C: .4byte 0x03001034
_08026F30: .4byte 0x0600C000
_08026F34: .4byte 0x0600C800
_08026F38: .4byte 0x0839EC80
_08026F3C: .4byte 0x0300034C
_08026F40:
	ldr r0, _0802701C @ =0x00000246
	adds r2, r5, r0
	ldrb r1, [r2, #0x00]
	movs r0, #0x1C
	ands r0, r1
	cmp r0, #0x14
	bne _08026F60
	movs r0, #0x1D
	negs r0, r0
	ands r0, r1
	strb r0, [r2, #0x00]
	adds r0, r5, #0x0
	movs r1, #0x00
	movs r2, #0x00
	bl sub_8029A0C
_08026F60:
	movs r1, #0xAE
	lsls r1, r1, #0x02
	adds r2, r5, r1
	ldrb r1, [r2, #0x00]
	movs r0, #0x02
	negs r0, r0
	ands r0, r1
	strb r0, [r2, #0x00]
_08026F70:
	ldr r2, _08027020 @ =0x0000020A
	adds r0, r5, r2
	ldrh r0, [r0, #0x00]
	movs r1, #0xC0
	lsls r1, r1, #0x01
	ands r1, r0
	movs r0, #0x80
	lsls r0, r0, #0x01
	cmp r1, r0
	beq _08026F9A
	cmp r1, #0x00
	bne _08026FA4
	ldr r0, _08027024 @ =0x0300034C
	adds r0, #0x78
	ldrh r1, [r0, #0x00]
	lsls r1, r1, #0x16
	lsrs r1, r1, #0x16
	movs r0, #0x33
	ands r0, r1
	cmp r0, #0x00
	bne _08026FA4
_08026F9A:
	movs r0, #0x91
	lsls r0, r0, #0x02
	adds r1, r5, r0
	ldr r0, _08027028 @ =0x0000FFC8
	strh r0, [r1, #0x00]
_08026FA4:
	movs r2, #0x95
	lsls r2, r2, #0x01
	adds r1, r5, r2
	ldrb r0, [r1, #0x00]
	cmp r0, #0x00
	bne _08026FC6
	movs r0, #0x01
	strb r0, [r1, #0x00]
	adds r2, r5, #0x0
	adds r2, #0xF8
	ldrb r1, [r2, #0x00]
	subs r0, #0x04
	ands r0, r1
	movs r1, #0x05
	negs r1, r1
	ands r0, r1
	strb r0, [r2, #0x00]
_08026FC6:
	adds r4, r5, #0x0
	adds r4, #0xFC
	ldrb r1, [r4, #0x00]
	movs r6, #0x01
	adds r0, r6, #0x0
	ands r0, r1
	cmp r0, #0x00
	beq _08026FF2
	movs r1, #0xFD
	lsls r1, r1, #0x01
	adds r0, r5, r1
	ldrh r1, [r0, #0x00]
	lsrs r1, r1, #0x08
	movs r0, #0x00
	movs r2, #0x08
	bl sub_80193B4
	ldrb r1, [r4, #0x00]
	movs r0, #0x02
	negs r0, r0
	ands r0, r1
	strb r0, [r4, #0x00]
_08026FF2:
	ldr r4, _0802702C @ =0x03000D44
	ldr r3, [r4, #0x00]
	adds r0, r3, #0x0
	adds r0, #0x28
	ldrb r2, [r0, #0x00]
	adds r0, r6, #0x0
	ands r0, r2
	cmp r0, #0x00
	beq _08027010
	ldrh r1, [r3, #0x20]
	lsls r2, r2, #0x1A
	lsrs r2, r2, #0x1C
	adds r0, r3, #0x0
	bl sub_801BC40
_08027010:
	ldr r0, [r4, #0x00]
	bl process_enable
	pop {r4, r5, r6}
	pop {r0}
	bx r0
_0802701C: .4byte 0x00000246
_08027020: .4byte 0x0000020A
_08027024: .4byte 0x0300034C
_08027028: .4byte 0x0000FFC8
_0802702C: .4byte 0x03000D44
	thumb_func_start sub_8027030
sub_8027030:
	push {r4, r5, r6, r7, lr}
	mov r7, r9
	mov r6, r8
	push {r6, r7}
	add sp, #-0x008
	adds r5, r0, #0x0
	adds r6, r1, #0x0
	mov r9, r2
	ldr r0, [sp, #0x024]
	ldr r1, [sp, #0x028]
	lsls r3, r3, #0x10
	lsrs r4, r3, #0x10
	lsls r0, r0, #0x10
	lsrs r0, r0, #0x10
	mov r8, r0
	lsls r1, r1, #0x10
	lsrs r7, r1, #0x10
	subs r0, r6, #0x1
	cmp r0, #0x04
	bhi _08027132
	lsls r0, r0, #0x02
	ldr r1, _08027064 @ =0x08027068
	adds r0, r0, r1
	ldr r0, [r0, #0x00]
	mov pc, r0
	.byte 0x00, 0x00
_08027064: .4byte 0x08027068
	.byte 0x7C, 0x70, 0x02, 0x08, 0x82, 0x70, 0x02, 0x08, 0x02, 0x71, 0x02, 0x08, 0xAA, 0x70, 0x02, 0x08
	.byte 0x02, 0x71, 0x02, 0x08, 0x28, 0x1C, 0xFF, 0xF7, 0x09, 0xFF, 0x94, 0x21, 0x49, 0x00, 0x68, 0x18
	.byte 0x04, 0x80, 0x01, 0x20, 0x70, 0x40, 0x41, 0x42, 0x01, 0x43, 0xC9, 0x17, 0x04, 0x20, 0x01, 0x40
	.byte 0x43, 0x46, 0x00, 0x93, 0x01, 0x97, 0x28, 0x1C, 0x4A, 0x46, 0x23, 0x1C, 0x02, 0xF0, 0xA2, 0xF8
	.byte 0x43, 0xE0, 0x28, 0x1C, 0xF0, 0x30, 0x02, 0x68, 0x00, 0x2A, 0x0F, 0xD0, 0x05, 0x48, 0x11, 0x0C
	.byte 0x01, 0x80, 0x42, 0x80, 0x04, 0x49, 0x40, 0x18, 0x02, 0x60, 0x28, 0x1C, 0x02, 0xF0, 0x0C, 0xF8
	.byte 0x0D, 0xE0, 0x00, 0x00, 0x4C, 0x03, 0x00, 0x03, 0x84, 0x08, 0x00, 0x00, 0x20, 0x49, 0x21, 0x48
	.byte 0x08, 0x80, 0x01, 0x20, 0x40, 0x42, 0x48, 0x80, 0x1F, 0x4B, 0xC9, 0x18, 0x08, 0x60, 0x28, 0x1C
	.byte 0xFF, 0xF7, 0xD4, 0xFE, 0x1D, 0x48, 0x00, 0x88, 0x29, 0x1C, 0xFE, 0x31, 0x08, 0x80, 0x2A, 0x1C
	.byte 0xFD, 0x32, 0x10, 0x78, 0x08, 0x21, 0x08, 0x43, 0x10, 0x70, 0x18, 0x49, 0x00, 0x20, 0x08, 0x80
	.byte 0x13, 0x4A, 0x50, 0x88, 0x80, 0x23, 0x1B, 0x02, 0x19, 0x1C, 0x08, 0x43, 0x00, 0x24, 0x50, 0x80
	.byte 0xFE, 0x21, 0x49, 0x00, 0x68, 0x18, 0x00, 0x68, 0xF1, 0x1E, 0x09, 0x06, 0x09, 0x0E, 0x35, 0xF0
	.byte 0x59, 0xFC, 0x94, 0x23, 0x5B, 0x00, 0xE8, 0x18, 0x04, 0x80
_08027132:
	adds r3, r5, #0x0
	adds r3, #0xFC
	movs r0, #0x0F
	ands r6, r0
	lsls r2, r6, #0x03
	ldrb r1, [r3, #0x00]
	movs r0, #0x79
	negs r0, r0
	ands r0, r1
	orrs r0, r2
	strb r0, [r3, #0x00]
	add sp, #0x008
	pop {r3, r4}
	mov r8, r3
	mov r9, r4
	pop {r4, r5, r6, r7}
	pop {r0}
	bx r0
	.byte 0x00, 0x00, 0x4C, 0x03, 0x00, 0x03, 0xFF, 0xFF, 0x00, 0x00, 0x84, 0x08, 0x00, 0x00, 0x72, 0x02
	.byte 0x00, 0x02
	thumb_func_start sub_8027168
sub_8027168:
	push {r4, r5, r6, r7, lr}
	mov r7, r9
	mov r6, r8
	push {r6, r7}
	add sp, #-0x014
	adds r7, r0, #0x0
	adds r6, r1, #0x0
	mov r9, r2
	ldr r0, [sp, #0x030]
	lsls r3, r3, #0x10
	lsrs r5, r3, #0x10
	lsls r0, r0, #0x10
	lsrs r0, r0, #0x10
	mov r8, r0
	movs r1, #0xC7
	lsls r1, r1, #0x02
	adds r0, r7, r1
	ldr r0, [r0, #0x00]
	bl sub_80F032C
	movs r2, #0x85
	lsls r2, r2, #0x01
	adds r1, r7, r2
	movs r0, #0x00
	strb r0, [r1, #0x00]
	ldr r4, _080271C0 @ =0x03001034
	ldr r0, _080271C4 @ =0x99999999
	ldr r1, _080271C8 @ =0x0600C000
	ldr r3, [r4, #0x00]
	movs r2, #0x20
	bl _call_via_r3
	ldr r0, _080271CC @ =0xF000F000
	ldr r1, _080271D0 @ =0x0600C800
	movs r2, #0x80
	lsls r2, r2, #0x04
	ldr r3, [r4, #0x00]
	bl _call_via_r3
	cmp r6, #0x06
	beq _080271D4
	cmp r6, #0x07
	beq _0802722E
	b _080272EC
_080271C0: .4byte 0x03001034
_080271C4: .4byte 0x99999999
_080271C8: .4byte 0x0600C000
_080271CC: .4byte 0xF000F000
_080271D0: .4byte 0x0600C800
_080271D4:
	adds r0, r7, #0x0
	adds r0, #0xF0
	ldr r2, [r0, #0x00]
	cmp r2, #0x00
	beq _080271FC
	ldr r0, _080271F4 @ =0x0300034C
	lsrs r1, r2, #0x10
	strh r1, [r0, #0x00]
	strh r2, [r0, #0x02]
	ldr r3, _080271F8 @ =0x00000884
	adds r0, r0, r3
	str r2, [r0, #0x00]
	adds r0, r7, #0x0
	bl sub_80290E0
	b _08027212
_080271F4: .4byte 0x0300034C
_080271F8: .4byte 0x00000884
_080271FC:
	ldr r1, _08027348 @ =0x0300034C
	ldr r0, _0802734C @ =0x0000FFFF
	strh r0, [r1, #0x00]
	movs r0, #0x01
	negs r0, r0
	strh r0, [r1, #0x02]
	ldr r0, _08027350 @ =0x00000884
	adds r1, r1, r0
	movs r0, #0x01
	negs r0, r0
	str r0, [r1, #0x00]
_08027212:
	adds r0, r7, #0x0
	bl sub_8026E94
	ldr r0, _08027354 @ =0x02000272
	ldrh r0, [r0, #0x00]
	adds r1, r7, #0x0
	adds r1, #0xFE
	strh r0, [r1, #0x00]
	adds r2, r7, #0x0
	adds r2, #0xFD
	ldrb r0, [r2, #0x00]
	movs r1, #0x08
	orrs r0, r1
	strb r0, [r2, #0x00]
_0802722E:
	ldr r1, _08027348 @ =0x0300034C
	ldr r2, _08027358 @ =0x00000888
	adds r1, r1, r2
	ldrb r0, [r1, #0x00]
	movs r2, #0x40
	orrs r0, r2
	strb r0, [r1, #0x00]
	movs r3, #0x81
	lsls r3, r3, #0x01
	adds r0, r7, r3
	strh r5, [r0, #0x00]
	movs r1, #0x82
	lsls r1, r1, #0x01
	adds r0, r7, r1
	mov r2, r8
	strh r2, [r0, #0x00]
	adds r3, #0x06
	adds r0, r7, r3
	strh r6, [r0, #0x00]
	lsls r0, r5, #0x10
	asrs r1, r0, #0x10
	cmp r1, #0x77
	bgt _08027262
	movs r0, #0xF0
	subs r0, r0, r1
	lsls r0, r0, #0x10
_08027262:
	lsrs r0, r0, #0x10
	adds r3, r0, #0x0
	mov r1, r8
	lsls r0, r1, #0x10
	asrs r2, r0, #0x10
	cmp r2, #0x4F
	bgt _08027276
	movs r0, #0xA0
	subs r0, r0, r2
	lsls r0, r0, #0x10
_08027276:
	lsrs r1, r0, #0x10
	ldr r2, _0802735C @ =0x03001038
	lsls r0, r3, #0x10
	asrs r0, r0, #0x10
	adds r3, r0, #0x0
	muls r3, r0
	adds r0, r3, #0x0
	lsls r1, r1, #0x10
	asrs r1, r1, #0x10
	adds r3, r1, #0x0
	muls r3, r1
	adds r1, r3, #0x0
	adds r0, r0, r1
	ldr r1, [r2, #0x00]
	bl _call_via_r1
	movs r2, #0x83
	lsls r2, r2, #0x01
	adds r1, r7, r2
	movs r3, #0x00
	mov r8, r3
	strh r0, [r1, #0x00]
	movs r0, #0xC6
	lsls r0, r0, #0x02
	adds r5, r7, r0
	ldr r4, _08027360 @ =0x081E266C
	movs r0, #0x44
	movs r1, #0x00
	adds r2, r4, #0x0
	bl alloc_Zero
	adds r3, r6, #0x0
	adds r3, #0x08
	lsls r3, r3, #0x18
	lsrs r3, r3, #0x18
	mov r2, r9
	lsls r1, r2, #0x10
	lsrs r1, r1, #0x10
	str r1, [sp, #0x000]
	movs r2, #0x81
	lsls r2, r2, #0x01
	adds r1, r7, r2
	str r1, [sp, #0x004]
	movs r1, #0x03
	str r1, [sp, #0x008]
	movs r1, #0x3E
	str r1, [sp, #0x00C]
	ldr r1, _08027364 @ =0x080292A1
	str r1, [sp, #0x010]
	movs r1, #0x01
	adds r2, r4, #0x0
	bl sub_8079D1C
	str r0, [r5, #0x00]
	movs r3, #0x94
	lsls r3, r3, #0x01
	adds r0, r7, r3
	mov r1, r8
	strh r1, [r0, #0x00]
_080272EC:
	ldr r1, _08027354 @ =0x02000272
	movs r0, #0x00
	strh r0, [r1, #0x00]
	ldr r2, _08027348 @ =0x0300034C
	ldrh r0, [r2, #0x02]
	movs r3, #0x80
	lsls r3, r3, #0x08
	adds r1, r3, #0x0
	orrs r0, r1
	strh r0, [r2, #0x02]
	ldr r0, _08027368 @ =0x0839EC80
	ldr r2, [r0, #0x00]
	ldrh r3, [r2, #0x12]
	ldr r1, _0802736C @ =0xFFFFFE00
	adds r0, r1, #0x0
	ands r0, r3
	strh r0, [r2, #0x12]
	ldrh r0, [r2, #0x10]
	ands r1, r0
	strh r1, [r2, #0x10]
	ldr r1, _08027370 @ =0x02000008
	ldr r3, _08027374 @ =0x0000190C
	adds r0, r3, #0x0
	strh r0, [r1, #0x00]
	ldrb r0, [r2, #0x01]
	movs r1, #0x01
	orrs r0, r1
	strb r0, [r2, #0x01]
	adds r3, r7, #0x0
	adds r3, #0xFC
	movs r0, #0x0F
	ands r6, r0
	lsls r2, r6, #0x03
	ldrb r1, [r3, #0x00]
	movs r0, #0x79
	negs r0, r0
	ands r0, r1
	orrs r0, r2
	strb r0, [r3, #0x00]
	add sp, #0x014
	pop {r3, r4}
	mov r8, r3
	mov r9, r4
	pop {r4, r5, r6, r7}
	pop {r0}
	bx r0
_08027348: .4byte 0x0300034C
_0802734C: .4byte 0x0000FFFF
_08027350: .4byte 0x00000884
_08027354: .4byte 0x02000272
_08027358: .4byte 0x00000888
_0802735C: .4byte 0x03001038
_08027360: .4byte 0x081E266C
_08027364: .4byte sub_80292A0
_08027368: .4byte 0x0839EC80
_0802736C: .4byte 0xFFFFFE00
_08027370: .4byte 0x02000008
_08027374: .4byte 0x0000190C
	thumb_func_start sub_8027378
sub_8027378:
	push {lr}
	adds r3, r0, #0x0
	adds r1, r3, #0x0
	adds r1, #0xFC
	ldrb r1, [r1, #0x00]
	lsls r2, r1, #0x19
	lsrs r1, r2, #0x1C
	cmp r1, #0x02
	bhi _080273A4
	movs r1, #0xC5
	lsls r1, r1, #0x02
	adds r0, r3, r1
	ldr r0, [r0, #0x00]
	bl sub_8116620
	adds r1, r0, #0x0
	lsls r0, r1, #0x18
	cmp r0, #0x00
	beq _080273A0
	movs r1, #0x01
_080273A0:
	adds r0, r1, #0x0
	b _080273DE
_080273A4:
	lsrs r1, r2, #0x1C
	subs r1, #0x03
	lsls r1, r1, #0x10
	lsrs r1, r1, #0x10
	cmp r1, #0x02
	bhi _080273C2
	movs r1, #0xFE
	lsls r1, r1, #0x01
	adds r0, r3, r1
	ldr r0, [r0, #0x00]
	ldrb r0, [r0, #0x0A]
	cmp r0, #0x00
	beq _080273DE
	movs r0, #0x01
	b _080273DE
_080273C2:
	lsrs r1, r2, #0x1C
	subs r1, #0x06
	lsls r1, r1, #0x10
	lsrs r1, r1, #0x10
	cmp r1, #0x01
	bhi _080273DE
	movs r1, #0xC6
	lsls r1, r1, #0x02
	adds r0, r3, r1
	ldr r0, [r0, #0x00]
	bl process_exists
	lsls r0, r0, #0x18
	lsrs r0, r0, #0x18
_080273DE:
	pop {r1}
	bx r1
	.byte 0x00, 0x00
	thumb_func_start sub_80273E4
sub_80273E4:
	push {r4, r5, r6, lr}
	adds r5, r0, #0x0
	bl sub_803C610
	adds r0, r5, #0x0
	bl sub_802563C
	adds r0, r5, #0x0
	bl sub_8025ACC
	ldr r3, _08027508 @ =0x0300034C
	adds r0, r3, #0x0
	adds r0, #0x78
	ldrh r1, [r0, #0x00]
	lsls r1, r1, #0x16
	movs r0, #0x90
	lsls r0, r0, #0x01
	adds r4, r5, r0
	lsrs r1, r1, #0x16
	ldrh r2, [r4, #0x00]
	ldr r0, _0802750C @ =0xFFFFFC00
	ands r0, r2
	orrs r0, r1
	strh r0, [r4, #0x00]
	adds r3, #0x79
	ldrb r3, [r3, #0x00]
	ldr r1, _08027510 @ =0x00000121
	adds r4, r5, r1
	movs r1, #0x0C
	ands r1, r3
	ldrb r2, [r4, #0x00]
	movs r0, #0x0D
	negs r0, r0
	ands r0, r2
	orrs r0, r1
	movs r1, #0x10
	ands r1, r3
	movs r2, #0x11
	negs r2, r2
	ands r0, r2
	orrs r0, r1
	movs r1, #0x20
	ands r1, r3
	subs r2, #0x10
	ands r0, r2
	orrs r0, r1
	strb r0, [r4, #0x00]
	movs r2, #0xFE
	lsls r2, r2, #0x01
	adds r4, r5, r2
	ldr r0, [r4, #0x00]
	cmp r0, #0x00
	beq _08027458
	movs r1, #0x03
	bl sub_805CCC0
	movs r0, #0x00
	str r0, [r4, #0x00]
_08027458:
	movs r3, #0xC2
	lsls r3, r3, #0x02
	adds r4, r5, r3
	ldr r0, [r4, #0x00]
	cmp r0, #0x00
	beq _0802746E
	movs r1, #0x03
	bl sub_805C73C
	movs r0, #0x00
	str r0, [r4, #0x00]
_0802746E:
	movs r0, #0xC4
	lsls r0, r0, #0x02
	adds r4, r5, r0
	ldr r1, [r4, #0x00]
	cmp r1, #0x00
	beq _0802748A
	ldr r0, _08027514 @ =0x08CDBDC8
	str r0, [r1, #0x18]
	adds r0, r1, #0x0
	movs r1, #0x03
	bl process_remove
	movs r0, #0x00
	str r0, [r4, #0x00]
_0802748A:
	movs r1, #0xC3
	lsls r1, r1, #0x02
	adds r4, r5, r1
	ldr r0, [r4, #0x00]
	cmp r0, #0x00
	beq _080274A0
	movs r1, #0x03
	bl process_remove
	movs r0, #0x00
	str r0, [r4, #0x00]
_080274A0:
	movs r2, #0xC7
	lsls r2, r2, #0x02
	adds r6, r5, r2
	ldr r0, [r6, #0x00]
	bl sub_80F0184
	adds r4, r5, #0x0
	adds r4, #0xF8
	ldrb r1, [r4, #0x00]
	movs r0, #0x01
	ands r0, r1
	cmp r0, #0x00
	beq _080274C8
	bl sub_8021FD4
	ldrb r1, [r4, #0x00]
	movs r0, #0x02
	negs r0, r0
	ands r0, r1
	strb r0, [r4, #0x00]
_080274C8:
	movs r3, #0xC5
	lsls r3, r3, #0x02
	adds r4, r5, r3
	ldr r0, [r4, #0x00]
	cmp r0, #0x00
	beq _080274DE
	movs r1, #0x03
	bl sub_81166AC
	movs r0, #0x00
	str r0, [r4, #0x00]
_080274DE:
	ldr r0, [r6, #0x00]
	ldr r0, [r0, #0x00]
	bl process_disable
	movs r1, #0xC8
	lsls r1, r1, #0x02
	adds r0, r5, r1
	ldr r0, [r0, #0x00]
	ldr r0, [r0, #0x00]
	bl process_disable
	adds r0, r5, #0x0
	bl process_disable
	movs r4, #0x00
	ldr r2, _08027518 @ =0x0000010B
	adds r0, r5, r2
	adds r6, r5, #0x0
	adds r6, #0xF9
	b _08027540
	.byte 0x00, 0x00
_08027508: .4byte 0x0300034C
_0802750C: .4byte 0xFFFFFC00
_08027510: .4byte 0x00000121
_08027514: .4byte 0x08CDBDC8
_08027518: .4byte 0x0000010B
_0802751C:
	lsls r1, r4, #0x02
	adds r0, r5, #0x0
	adds r0, #0x28
	adds r0, r0, r1
	ldr r0, [r0, #0x00]
	movs r3, #0xCE
	lsls r3, r3, #0x02
	adds r1, r0, r3
	ldr r2, [r1, #0x00]
	movs r3, #0x18
	ldsh r1, [r2, r3]
	adds r0, r0, r1
	ldr r1, [r2, #0x1C]
	bl _call_via_r1
	adds r4, #0x01
	ldr r1, _08027554 @ =0x0000010B
	adds r0, r5, r1
_08027540:
	ldrb r0, [r0, #0x00]
	cmp r4, r0
	blt _0802751C
	ldrb r0, [r6, #0x00]
	movs r1, #0x80
	orrs r0, r1
	strb r0, [r6, #0x00]
	pop {r4, r5, r6}
	pop {r0}
	bx r0
_08027554: .4byte 0x0000010B
	thumb_func_start sub_8027558
sub_8027558:
	push {r4, r5, lr}
	adds r5, r0, #0x0
	ldr r0, _080275DC @ =0x03000D44
	ldr r0, [r0, #0x00]
	bl process_disable
	bl sub_801A6B0
	ldr r0, _080275E0 @ =0x0300034C
	ldr r1, _080275E4 @ =0x0000089C
	adds r0, r0, r1
	ldrh r0, [r0, #0x00]
	movs r2, #0xFD
	lsls r2, r2, #0x01
	adds r1, r5, r2
	strh r0, [r1, #0x00]
	movs r0, #0x00
	movs r1, #0x80
	movs r2, #0x08
	bl sub_80193B4
	adds r2, r5, #0x0
	adds r2, #0xFC
	ldrb r0, [r2, #0x00]
	movs r1, #0x01
	orrs r0, r1
	strb r0, [r2, #0x00]
	adds r0, r5, #0x0
	bl sub_80273E4
	movs r0, #0xC1
	lsls r0, r0, #0x02
	adds r4, r5, r0
	ldr r0, [r4, #0x00]
	bl sub_805A1A8
	ldr r0, [r4, #0x00]
	bl process_disable
	movs r0, #0x02
	movs r1, #0x00
	bl sub_8018B78
	movs r1, #0x02
	strb r1, [r5, #0x00]
	ldr r0, _080275E8 @ =0x03000C24
	strb r1, [r0, #0x00]
	ldr r1, _080275EC @ =0x03000C78
	ldr r0, [r1, #0x00]
	cmp r0, #0x00
	bne _080275C2
	ldr r0, _080275F0 @ =0x0800063C
	str r0, [r1, #0x00]
_080275C2:
	movs r1, #0x96
	lsls r1, r1, #0x01
	adds r0, r5, r1
	ldrb r0, [r0, #0x00]
	lsls r0, r0, #0x18
	asrs r0, r0, #0x1A
	movs r1, #0x00
	bl sub_8122BA0
	pop {r4, r5}
	pop {r0}
	bx r0
	.byte 0x00, 0x00
_080275DC: .4byte 0x03000D44
_080275E0: .4byte 0x0300034C
_080275E4: .4byte 0x0000089C
_080275E8: .4byte 0x03000C24
_080275EC: .4byte 0x03000C78
_080275F0: .4byte 0x0800063C
	thumb_func_start sub_80275F4
sub_80275F4:
	push {r4, r5, lr}
	adds r5, r0, #0x0
	ldr r0, _08027670 @ =0x03000D44
	ldr r0, [r0, #0x00]
	bl process_disable
	bl sub_801A6B0
	ldr r0, _08027674 @ =0x0300034C
	ldr r1, _08027678 @ =0x0000089C
	adds r0, r0, r1
	ldrh r0, [r0, #0x00]
	movs r2, #0xFD
	lsls r2, r2, #0x01
	adds r1, r5, r2
	strh r0, [r1, #0x00]
	movs r0, #0x00
	movs r1, #0x80
	movs r2, #0x08
	bl sub_80193B4
	adds r2, r5, #0x0
	adds r2, #0xFC
	ldrb r0, [r2, #0x00]
	movs r1, #0x01
	orrs r0, r1
	strb r0, [r2, #0x00]
	adds r0, r5, #0x0
	bl sub_80273E4
	movs r0, #0xC1
	lsls r0, r0, #0x02
	adds r4, r5, r0
	ldr r0, [r4, #0x00]
	bl sub_805A1A8
	ldr r0, [r4, #0x00]
	bl process_disable
	movs r0, #0x02
	movs r1, #0x00
	bl sub_8018B78
	movs r1, #0x02
	strb r1, [r5, #0x00]
	ldr r0, _0802767C @ =0x03000C24
	strb r1, [r0, #0x00]
	ldr r1, _08027680 @ =0x03000C78
	ldr r0, [r1, #0x00]
	cmp r0, #0x00
	bne _0802765E
	ldr r0, _08027684 @ =0x0800063C
	str r0, [r1, #0x00]
_0802765E:
	movs r0, #0x01
	negs r0, r0
	movs r1, #0x01
	bl sub_8122BA0
	pop {r4, r5}
	pop {r0}
	bx r0
	.byte 0x00, 0x00
_08027670: .4byte 0x03000D44
_08027674: .4byte 0x0300034C
_08027678: .4byte 0x0000089C
_0802767C: .4byte 0x03000C24
_08027680: .4byte 0x03000C78
_08027684: .4byte 0x0800063C
	thumb_func_start sub_8027688
sub_8027688:
	push {r4, r5, lr}
	adds r5, r0, #0x0
	bl sub_801A6B0
	ldr r0, _08027714 @ =0x0300034C
	ldr r1, _08027718 @ =0x0000089C
	adds r0, r0, r1
	ldrh r0, [r0, #0x00]
	movs r2, #0xFD
	lsls r2, r2, #0x01
	adds r1, r5, r2
	strh r0, [r1, #0x00]
	movs r0, #0x00
	movs r1, #0x80
	movs r2, #0x08
	bl sub_80193B4
	adds r2, r5, #0x0
	adds r2, #0xFC
	ldrb r0, [r2, #0x00]
	movs r1, #0x01
	orrs r0, r1
	strb r0, [r2, #0x00]
	adds r0, r5, #0x0
	bl sub_80273E4
	movs r0, #0xC1
	lsls r0, r0, #0x02
	adds r4, r5, r0
	ldr r0, [r4, #0x00]
	cmp r0, #0x00
	beq _080276D2
	movs r1, #0x03
	bl sub_8057B58
	movs r0, #0x00
	str r0, [r4, #0x00]
_080276D2:
	movs r0, #0x02
	movs r1, #0x00
	bl sub_8018B78
	movs r0, #0x02
	strb r0, [r5, #0x00]
	ldr r1, _0802771C @ =0x03000C24
	strb r0, [r1, #0x00]
	ldr r1, _08027720 @ =0x03000C78
	ldr r0, [r1, #0x00]
	cmp r0, #0x00
	bne _080276EE
	ldr r0, _08027724 @ =0x0800063C
	str r0, [r1, #0x00]
_080276EE:
	ldr r4, _08027728 @ =0x081E2674
	movs r0, #0x4C
	movs r1, #0x00
	adds r2, r4, #0x0
	movs r3, #0x00
	bl alloc_Zero
	movs r2, #0x92
	lsls r2, r2, #0x01
	adds r1, r5, r2
	ldrh r3, [r1, #0x00]
	movs r1, #0x08
	adds r2, r4, #0x0
	bl sub_8051628
	pop {r4, r5}
	pop {r0}
	bx r0
	.byte 0x00, 0x00
_08027714: .4byte 0x0300034C
_08027718: .4byte 0x0000089C
_0802771C: .4byte 0x03000C24
_08027720: .4byte 0x03000C78
_08027724: .4byte 0x0800063C
_08027728: .4byte 0x081E2674
	thumb_func_start sub_802772C
sub_802772C:
	push {r4, r5, lr}
	adds r5, r0, #0x0
	bl sub_801A6B0
	ldr r0, _080277AC @ =0x0300034C
	ldr r1, _080277B0 @ =0x0000089C
	adds r0, r0, r1
	ldrh r0, [r0, #0x00]
	movs r2, #0xFD
	lsls r2, r2, #0x01
	adds r1, r5, r2
	strh r0, [r1, #0x00]
	movs r0, #0x00
	movs r1, #0x80
	movs r2, #0x08
	bl sub_80193B4
	adds r2, r5, #0x0
	adds r2, #0xFC
	ldrb r0, [r2, #0x00]
	movs r1, #0x01
	orrs r0, r1
	strb r0, [r2, #0x00]
	adds r0, r5, #0x0
	bl sub_80273E4
	movs r0, #0xC1
	lsls r0, r0, #0x02
	adds r4, r5, r0
	ldr r0, [r4, #0x00]
	cmp r0, #0x00
	beq _08027776
	movs r1, #0x03
	bl sub_8057B58
	movs r0, #0x00
	str r0, [r4, #0x00]
_08027776:
	movs r0, #0x02
	movs r1, #0x00
	bl sub_8018B78
	movs r0, #0x02
	strb r0, [r5, #0x00]
	ldr r1, _080277B4 @ =0x03000C24
	strb r0, [r1, #0x00]
	ldr r1, _080277B8 @ =0x03000C78
	ldr r0, [r1, #0x00]
	cmp r0, #0x00
	bne _08027792
	ldr r0, _080277BC @ =0x0800063C
	str r0, [r1, #0x00]
_08027792:
	ldr r1, _080277C0 @ =0x0000012D
	adds r0, r5, r1
	ldrb r1, [r0, #0x00]
	lsls r0, r1, #0x1E
	lsrs r0, r0, #0x1F
	lsls r1, r1, #0x1C
	lsrs r1, r1, #0x1E
	bl sub_812F5A4
	pop {r4, r5}
	pop {r0}
	bx r0
	.byte 0x00, 0x00
_080277AC: .4byte 0x0300034C
_080277B0: .4byte 0x0000089C
_080277B4: .4byte 0x03000C24
_080277B8: .4byte 0x03000C78
_080277BC: .4byte 0x0800063C
_080277C0: .4byte 0x0000012D
	thumb_func_start sub_80277C4
sub_80277C4:
	push {r4, r5, r6, r7, lr}
	mov r7, r10
	mov r6, r9
	mov r5, r8
	push {r5, r6, r7}
	add sp, #-0x008
	adds r6, r0, #0x0
	mov r8, r1
	mov r10, r2
	adds r7, r3, #0x0
	add r0, sp, #0x028
	ldrb r0, [r0, #0x00]
	str r0, [sp, #0x000]
	bl stop_all_sfx_801959C
	movs r1, #0xC7
	lsls r1, r1, #0x02
	adds r0, r6, r1
	ldr r0, [r0, #0x00]
	bl sub_80F032C
	ldr r4, [r6, #0x1C]
	movs r2, #0x97
	lsls r2, r2, #0x02
	adds r0, r4, r2
	ldr r2, [r0, #0x00]
	ldrb r1, [r2, #0x12]
	movs r5, #0x20
	adds r0, r5, #0x0
	ands r0, r1
	cmp r0, #0x00
	bne _0802780A
	adds r0, r2, #0x0
	bl sub_8020D40
_0802780A:
	movs r3, #0x00
	mov r9, r3
	movs r1, #0x99
	lsls r1, r1, #0x02
	adds r0, r4, r1
	ldr r2, [r0, #0x00]
	ldrb r1, [r2, #0x12]
	adds r0, r5, #0x0
	ands r0, r1
	cmp r0, #0x00
	bne _08027826
	adds r0, r2, #0x0
	bl sub_8020D40
_08027826:
	movs r2, #0x9B
	lsls r2, r2, #0x02
	adds r0, r4, r2
	ldr r2, [r0, #0x00]
	ldrb r1, [r2, #0x12]
	adds r0, r5, #0x0
	ands r0, r1
	cmp r0, #0x00
	bne _0802783E
	adds r0, r2, #0x0
	bl sub_8020D40
_0802783E:
	movs r3, #0x9D
	lsls r3, r3, #0x02
	adds r0, r4, r3
	ldr r2, [r0, #0x00]
	ldrb r1, [r2, #0x12]
	adds r0, r5, #0x0
	ands r0, r1
	cmp r0, #0x00
	bne _08027856
	adds r0, r2, #0x0
	bl sub_8020D40
_08027856:
	movs r1, #0x85
	lsls r1, r1, #0x01
	adds r0, r6, r1
	mov r2, r9
	strb r2, [r0, #0x00]
	adds r2, r6, #0x0
	adds r2, #0xFC
	ldrb r1, [r2, #0x00]
	movs r0, #0x05
	negs r0, r0
	ands r0, r1
	strb r0, [r2, #0x00]
	ldr r0, _080279F0 @ =0x000002A9
	adds r3, r6, r0
	movs r1, #0x07
	mov r9, r1
	mov r2, r8
	mov r0, r9
	ands r2, r0
	lsls r2, r2, #0x02
	ldrb r1, [r3, #0x00]
	movs r0, #0x1D
	negs r0, r0
	ands r0, r1
	orrs r0, r2
	strb r0, [r3, #0x00]
	adds r1, r7, #0x0
	adds r1, #0x54
	movs r2, #0xAA
	lsls r2, r2, #0x02
	adds r4, r6, r2
	movs r0, #0x1F
	ldrb r1, [r1, #0x00]
	ands r1, r0
	ldrb r2, [r4, #0x00]
	movs r0, #0x20
	negs r0, r0
	ands r0, r2
	orrs r0, r1
	movs r1, #0xCF
	lsls r1, r1, #0x02
	mov r12, r1
	mov r1, r10
	add r1, r12
	ldrb r2, [r1, #0x00]
	movs r5, #0x01
	lsrs r2, r2, #0x07
	lsls r2, r2, #0x05
	movs r1, #0x21
	negs r1, r1
	ands r0, r1
	orrs r0, r2
	strb r0, [r4, #0x00]
	mov r4, r10
	adds r4, #0x54
	ldrb r0, [r4, #0x00]
	ands r0, r5
	lsls r0, r0, #0x05
	ldrb r2, [r3, #0x00]
	ands r1, r2
	orrs r1, r0
	strb r1, [r3, #0x00]
	mov r2, r12
	adds r5, r7, r2
	ldrb r1, [r5, #0x00]
	movs r0, #0x80
	ands r0, r1
	str r4, [sp, #0x004]
	cmp r0, #0x00
	bne _0802790A
	movs r3, #0x85
	lsls r3, r3, #0x02
	adds r0, r7, r3
	ldrb r1, [r0, #0x00]
	lsls r1, r1, #0x1D
	lsrs r1, r1, #0x1D
	ldr r0, _080279F4 @ =0x0000033D
	adds r3, r7, r0
	mov r2, r9
	ands r1, r2
	ldrb r2, [r3, #0x00]
	movs r0, #0x08
	negs r0, r0
	ands r0, r2
	orrs r0, r1
	strb r0, [r3, #0x00]
	ldrb r0, [r5, #0x00]
	movs r1, #0x80
	orrs r0, r1
	strb r0, [r5, #0x00]
_0802790A:
	movs r3, #0x85
	lsls r3, r3, #0x02
	mov r8, r3
	adds r2, r7, r3
	ldrb r1, [r2, #0x00]
	movs r0, #0x08
	negs r0, r0
	mov r10, r0
	ands r0, r1
	strb r0, [r2, #0x00]
	ldrb r1, [r5, #0x00]
	movs r0, #0x02
	negs r0, r0
	ands r0, r1
	strb r0, [r5, #0x00]
	movs r1, #0xD1
	lsls r1, r1, #0x02
	adds r3, r7, r1
	ldr r2, [r3, #0x00]
	cmp r2, #0x00
	beq _08027984
	movs r1, #0x83
	lsls r1, r1, #0x02
	adds r0, r2, r1
	ldrb r1, [r0, #0x00]
	movs r0, #0x01
	ands r0, r1
	cmp r0, #0x00
	beq _08027984
	mov r0, r12
	adds r5, r2, r0
	ldrb r4, [r5, #0x00]
	movs r0, #0x02
	ands r0, r4
	cmp r0, #0x00
	bne _08027978
	mov r1, r8
	adds r0, r2, r1
	ldrb r0, [r0, #0x00]
	lsls r0, r0, #0x1D
	lsrs r0, r0, #0x1D
	mov r2, r9
	ands r0, r2
	lsls r0, r0, #0x02
	movs r1, #0x1D
	negs r1, r1
	ands r1, r4
	orrs r1, r0
	strb r1, [r5, #0x00]
	ldr r1, [r3, #0x00]
	add r1, r12
	ldrb r0, [r1, #0x00]
	movs r2, #0x02
	orrs r0, r2
	strb r0, [r1, #0x00]
_08027978:
	ldr r0, [r3, #0x00]
	add r0, r8
	ldrb r2, [r0, #0x00]
	mov r1, r10
	ands r1, r2
	strb r1, [r0, #0x00]
_08027984:
	movs r3, #0x8B
	lsls r3, r3, #0x02
	adds r0, r7, r3
	ldr r0, [r0, #0x00]
	ldr r1, _080279F8 @ =0x000003FF
	ands r0, r1
	ldr r2, _080279FC @ =0x000002AA
	adds r1, r6, r2
	strh r0, [r1, #0x00]
	ldr r1, _08027A00 @ =0x0839F5F8
	adds r3, #0x7D
	adds r4, r6, r3
	ldrb r0, [r4, #0x00]
	lsls r0, r0, #0x1B
	lsrs r0, r0, #0x1D
	lsls r0, r0, #0x01
	ldr r2, [sp, #0x004]
	ldrb r2, [r2, #0x00]
	adds r0, r0, r2
	lsls r0, r0, #0x01
	adds r0, r0, r1
	ldrh r0, [r0, #0x00]
	movs r1, #0x01
	negs r1, r1
	bl play_sfx_80195B4
	movs r0, #0x01
	ldr r2, [sp, #0x000]
	ands r2, r0
	lsls r3, r2, #0x06
	ldrb r1, [r4, #0x00]
	movs r0, #0x41
	negs r0, r0
	ands r0, r1
	orrs r0, r3
	lsls r2, r2, #0x07
	movs r1, #0x7F
	ands r0, r1
	orrs r0, r2
	strb r0, [r4, #0x00]
	adds r0, r6, #0x0
	movs r1, #0x00
	movs r2, #0x01
	bl sub_803C8A4
	add sp, #0x008
	pop {r3, r4, r5}
	mov r8, r3
	mov r9, r4
	mov r10, r5
	pop {r4, r5, r6, r7}
	pop {r0}
	bx r0
	.byte 0x00, 0x00
_080279F0: .4byte 0x000002A9
_080279F4: .4byte 0x0000033D
_080279F8: .4byte 0x000003FF
_080279FC: .4byte 0x000002AA
_08027A00: .4byte 0x0839F5F8
	thumb_func_start sub_8027A04
sub_8027A04:
	push {r4, r5, r6, r7, lr}
	mov r7, r8
	push {r7}
	ldr r5, [sp, #0x028]
	ldr r7, [sp, #0x02C]
	lsls r2, r2, #0x18
	lsrs r2, r2, #0x18
	lsls r3, r3, #0x18
	lsrs r3, r3, #0x18
	movs r6, #0xAB
	lsls r6, r6, #0x02
	adds r4, r0, r6
	strh r1, [r4, #0x00]
	ldr r4, _08027ABC @ =0x000002AE
	adds r1, r0, r4
	mov r6, sp
	ldrb r6, [r6, #0x1C]
	strb r6, [r1, #0x00]
	adds r4, #0x01
	adds r1, r0, r4
	add r6, sp, #0x020
	ldrb r6, [r6, #0x00]
	strb r6, [r1, #0x00]
	movs r1, #0xAA
	lsls r1, r1, #0x02
	adds r1, r1, r0
	mov r8, r1
	ldr r4, [sp, #0x024]
	lsls r6, r4, #0x07
	ldrb r4, [r1, #0x00]
	movs r1, #0x7F
	ands r1, r4
	orrs r1, r6
	mov r6, r8
	strb r1, [r6, #0x00]
	ldr r1, _08027AC0 @ =0x000002A9
	adds r0, r0, r1
	movs r6, #0x01
	ands r5, r6
	lsls r5, r5, #0x01
	ldrb r4, [r0, #0x00]
	movs r1, #0x03
	negs r1, r1
	ands r1, r4
	orrs r1, r5
	ands r7, r6
	movs r4, #0x02
	negs r4, r4
	ands r1, r4
	orrs r1, r7
	strb r1, [r0, #0x00]
	movs r1, #0x1F
	ands r2, r1
	mov r1, r8
	ldrb r4, [r1, #0x00]
	movs r1, #0x20
	negs r1, r1
	ands r1, r4
	orrs r1, r2
	ands r3, r6
	lsls r3, r3, #0x05
	movs r4, #0x21
	negs r4, r4
	ands r1, r4
	orrs r1, r3
	mov r2, r8
	strb r1, [r2, #0x00]
	movs r1, #0x07
	ldr r3, [sp, #0x018]
	ands r3, r1
	lsls r3, r3, #0x02
	ldrb r2, [r0, #0x00]
	movs r1, #0x1D
	negs r1, r1
	ands r1, r2
	orrs r1, r3
	ldr r2, [sp, #0x030]
	ands r2, r6
	lsls r2, r2, #0x05
	ands r1, r4
	orrs r1, r2
	strb r1, [r0, #0x00]
	mov r3, r8
	ldrb r0, [r3, #0x00]
	movs r1, #0x40
	orrs r0, r1
	strb r0, [r3, #0x00]
	pop {r3}
	mov r8, r3
	pop {r4, r5, r6, r7}
	pop {r0}
	bx r0
_08027ABC: .4byte 0x000002AE
_08027AC0: .4byte 0x000002A9
	thumb_func_start start_battle_8027AC4
start_battle_8027AC4: @ 08027AC4
	push {r4, r5, r6, r7, lr}
	mov r7, r10
	mov r6, r9
	mov r5, r8
	push {r5, r6, r7}
	mov r8, r0
	bl sub_801A6B0
	ldr r3, _08027B00 @ =0x000002A9
	add r3, r8
	ldrb r0, [r3, #0x00]
	lsls r0, r0, #0x1B
	lsrs r0, r0, #0x1D
	movs r1, #0xAC
	lsls r1, r1, #0x02
	add r1, r8
	strb r0, [r1, #0x00]
	movs r0, #0x82
	lsls r0, r0, #0x02
	add r0, r8
	ldrb r2, [r0, #0x00]
	movs r0, #0x10
	ands r0, r2
	cmp r0, #0x00
	beq _08027B08
	ldr r3, _08027B04 @ =0x000002B1
	add r3, r8
	movs r1, #0x04
	ands r1, r2
	b _08027B36
_08027B00: .4byte 0x000002A9
_08027B04: .4byte 0x000002B1
_08027B08:
	movs r0, #0x40
	ands r0, r2
	cmp r0, #0x00
	beq _08027B24
	ldr r2, _08027B20 @ =0x000002B1
	add r2, r8
	ldrb r1, [r2, #0x00]
	movs r0, #0x0D
	negs r0, r0
	ands r0, r1
	strb r0, [r2, #0x00]
	b _08027B42
_08027B20: .4byte 0x000002B1
_08027B24:
	ldrb r1, [r3, #0x00]
	lsls r1, r1, #0x1A
	lsrs r1, r1, #0x1F
	adds r1, #0x02
	ldr r3, _08027B84 @ =0x000002B1
	add r3, r8
	movs r0, #0x03
	ands r1, r0
	lsls r1, r1, #0x02
_08027B36:
	ldrb r2, [r3, #0x00]
	movs r0, #0x0D
	negs r0, r0
	ands r0, r2
	orrs r0, r1
	strb r0, [r3, #0x00]
_08027B42:
	ldr r0, _08027B88 @ =0x000002A9
	add r0, r8
	ldrb r1, [r0, #0x00]
	lsls r1, r1, #0x1A
	ldr r3, _08027B84 @ =0x000002B1
	add r3, r8
	lsrs r1, r1, #0x1F
	lsls r1, r1, #0x04
	ldrb r2, [r3, #0x00]
	movs r0, #0x11
	negs r0, r0
	ands r0, r2
	orrs r0, r1
	strb r0, [r3, #0x00]
	movs r1, #0xAD
	lsls r1, r1, #0x02
	add r1, r8
	ldr r0, _08027B8C @ =0x0000FFFF
	strh r0, [r1, #0x00]
	movs r0, #0x00
	bl sub_8019628
	movs r0, #0x00
	mov r9, r0
	movs r1, #0x03
	mov r10, r1
_08027B76:
	mov r2, r9
	cmp r2, #0x00
	bne _08027B90
	movs r0, #0x80
	lsls r0, r0, #0x02
	b _08027B94
	.byte 0x00, 0x00
_08027B84: .4byte 0x000002B1
_08027B88: .4byte 0x000002A9
_08027B8C: .4byte 0x0000FFFF
_08027B90:
	movs r0, #0x81
	lsls r0, r0, #0x02
_08027B94:
	add r0, r8
	ldr r6, [r0, #0x00]
	movs r0, #0xA6
	lsls r0, r0, #0x02
	adds r7, r6, r0
	ldrb r1, [r7, #0x00]
	movs r2, #0x01
	mov r12, r2
	movs r0, #0x01
	ands r0, r1
	cmp r0, #0x00
	bne _08027BAE
	b _08027CD2
_08027BAE:
	ldr r1, _08027D44 @ =0x00000356
	adds r0, r6, r1
	ldrh r1, [r0, #0x00]
	movs r2, #0x86
	lsls r2, r2, #0x02
	adds r0, r6, r2
	strh r1, [r0, #0x00]
	movs r1, #0xD6
	lsls r1, r1, #0x02
	adds r0, r6, r1
	ldrb r1, [r0, #0x00]
	lsls r1, r1, #0x1D
	adds r3, r6, #0x0
	adds r3, #0x24
	lsrs r1, r1, #0x1D
	ldrb r2, [r3, #0x00]
	movs r0, #0x08
	negs r0, r0
	ands r0, r2
	orrs r0, r1
	strb r0, [r3, #0x00]
	movs r2, #0xA5
	lsls r2, r2, #0x02
	adds r4, r6, r2
	ldr r3, [r4, #0x00]
	ldrb r1, [r7, #0x00]
	lsls r1, r1, #0x1E
	lsrs r1, r1, #0x1F
	mov r0, r12
	ands r1, r0
	lsls r1, r1, #0x06
	ldrb r2, [r3, #0x11]
	movs r0, #0x41
	negs r0, r0
	ands r0, r2
	orrs r0, r1
	strb r0, [r3, #0x11]
	ldr r3, [r4, #0x00]
	ldrb r1, [r7, #0x00]
	lsls r1, r1, #0x1C
	lsrs r1, r1, #0x1E
	mov r2, r10
	ands r1, r2
	ldrb r2, [r3, #0x1F]
	movs r0, #0x04
	negs r0, r0
	ands r0, r2
	orrs r0, r1
	strb r0, [r3, #0x1F]
	ldr r3, [r4, #0x00]
	ldrb r1, [r7, #0x00]
	lsls r1, r1, #0x1A
	lsrs r1, r1, #0x1E
	mov r0, r10
	ands r1, r0
	lsls r1, r1, #0x02
	ldrb r2, [r3, #0x1F]
	movs r0, #0x0D
	negs r0, r0
	ands r0, r2
	orrs r0, r1
	strb r0, [r3, #0x1F]
	ldr r3, [r4, #0x00]
	ldrb r1, [r7, #0x00]
	lsrs r1, r1, #0x06
	mov r2, r10
	ands r1, r2
	lsls r1, r1, #0x01
	ldrb r2, [r3, #0x12]
	movs r0, #0x07
	negs r0, r0
	ands r0, r2
	orrs r0, r1
	strb r0, [r3, #0x12]
	ldr r3, [r4, #0x00]
	ldr r0, _08027D48 @ =0x00000299
	adds r5, r6, r0
	ldrb r1, [r5, #0x00]
	lsls r1, r1, #0x1F
	lsrs r1, r1, #0x1F
	mov r2, r12
	ands r1, r2
	lsls r1, r1, #0x03
	ldrb r2, [r3, #0x12]
	movs r0, #0x09
	negs r0, r0
	ands r0, r2
	orrs r0, r1
	strb r0, [r3, #0x12]
	ldr r3, [r4, #0x00]
	ldrb r1, [r5, #0x00]
	lsls r1, r1, #0x1E
	lsrs r1, r1, #0x1F
	mov r0, r12
	ands r1, r0
	lsls r1, r1, #0x04
	ldrb r2, [r3, #0x12]
	movs r0, #0x11
	negs r0, r0
	ands r0, r2
	orrs r0, r1
	strb r0, [r3, #0x12]
	ldr r1, [r4, #0x00]
	ldr r2, _08027D4C @ =0x0000029B
	adds r0, r6, r2
	ldrb r0, [r0, #0x00]
	adds r1, #0x21
	strb r0, [r1, #0x00]
	ldr r1, [r4, #0x00]
	adds r2, #0x01
	adds r0, r6, r2
	ldrb r0, [r0, #0x00]
	adds r1, #0x23
	strb r0, [r1, #0x00]
	ldr r1, [r4, #0x00]
	adds r2, #0x02
	adds r0, r6, r2
	ldrh r0, [r0, #0x00]
	strh r0, [r1, #0x2A]
	ldr r1, [r4, #0x00]
	adds r2, #0x02
	adds r0, r6, r2
	ldrh r0, [r0, #0x00]
	strh r0, [r1, #0x2C]
	ldr r1, [r4, #0x00]
	adds r2, #0x02
	adds r0, r6, r2
	ldrh r0, [r0, #0x00]
	strh r0, [r1, #0x04]
	ldr r1, [r4, #0x00]
	adds r2, #0x02
	adds r0, r6, r2
	ldrh r0, [r0, #0x00]
	strh r0, [r1, #0x06]
	ldrb r1, [r7, #0x00]
	movs r0, #0x02
	negs r0, r0
	ands r0, r1
	strb r0, [r7, #0x00]
	ldr r0, _08027D50 @ =0x00000212
	adds r2, r6, r0
	ldrb r1, [r2, #0x00]
	movs r0, #0x21
	negs r0, r0
	ands r0, r1
	strb r0, [r2, #0x00]
_08027CD2:
	movs r1, #0x01
	add r9, r1
	mov r2, r9
	cmp r2, #0x01
	bgt _08027CDE
	b _08027B76
_08027CDE:
	mov r0, r8
	bl sub_80273E4
	movs r4, #0xC1
	lsls r4, r4, #0x02
	add r4, r8
	ldr r0, [r4, #0x00]
	cmp r0, #0x00
	beq _08027CFA
	movs r1, #0x03
	bl sub_8057B58
	movs r0, #0x00
	str r0, [r4, #0x00]
_08027CFA:
	movs r0, #0x02
	movs r1, #0x00
	bl sub_8018B78
	movs r0, #0x02
	mov r1, r8
	strb r0, [r1, #0x00]
	ldr r0, _08027D54 @ =0x03000C24
	movs r2, #0x01
	strb r2, [r0, #0x00]
	ldr r1, _08027D58 @ =0x03000C78
	ldr r0, [r1, #0x00]
	cmp r0, #0x00
	bne _08027D1A
	ldr r0, _08027D5C @ =0x0800063C
	str r0, [r1, #0x00]
_08027D1A:
	ldr r4, _08027D60 @ =0x081E267C
	movs r0, #0x1C
	movs r1, #0x00
	adds r2, r4, #0x0
	movs r3, #0x00
	bl alloc_Zero
	movs r3, #0xAB
	lsls r3, r3, #0x02
	add r3, r8
	movs r1, #0x08
	adds r2, r4, #0x0
	bl init_btl_process_80FC25C
	pop {r3, r4, r5}
	mov r8, r3
	mov r9, r4
	mov r10, r5
	pop {r4, r5, r6, r7}
	pop {r0}
	bx r0
_08027D44: .4byte 0x00000356
_08027D48: .4byte 0x00000299
_08027D4C: .4byte 0x0000029B
_08027D50: .4byte 0x00000212
_08027D54: .4byte 0x03000C24
_08027D58: .4byte 0x03000C78
_08027D5C: .4byte 0x0800063C
_08027D60: .4byte 0x081E267C
	thumb_func_start sub_8027D64
sub_8027D64:
	push {r4, r5, r6, r7, lr}
	mov r7, r8
	push {r7}
	add sp, #-0x01C
	adds r5, r0, #0x0
	adds r6, r5, #0x0
	adds r6, #0xE4
	ldr r3, [r6, #0x00]
	ldrb r1, [r3, #0x04]
	movs r0, #0x01
	ands r0, r1
	cmp r0, #0x00
	bne _08027DCA
	lsls r0, r1, #0x1C
	lsrs r0, r0, #0x1D
	cmp r0, #0x02
	beq _08027DA8
	cmp r0, #0x02
	bhi _08027D90
	cmp r0, #0x00
	beq _08027D9A
	b _08027DB4
_08027D90:
	cmp r0, #0x04
	beq _08027D9A
	cmp r0, #0x06
	beq _08027DA8
	b _08027DB4
_08027D9A:
	movs r1, #0xB4
	lsls r1, r1, #0x02
	adds r0, r5, r1
	ldr r4, [r0, #0x00]
	movs r7, #0xF0
	lsls r7, r7, #0x04
	b _08027DB4
_08027DA8:
	movs r4, #0x80
	lsls r4, r4, #0x04
	movs r2, #0xB5
	lsls r2, r2, #0x02
	adds r0, r5, r2
	ldr r7, [r0, #0x00]
_08027DB4:
	adds r2, r5, #0x0
	adds r2, #0xE4
	ldr r1, [r2, #0x00]
	ldrb r0, [r1, #0x07]
	lsls r0, r0, #0x0C
	adds r4, r4, r0
	ldrb r0, [r1, #0x08]
	lsls r0, r0, #0x0C
	adds r7, r7, r0
	adds r6, r2, #0x0
	b _08027DEC
_08027DCA:
	ldrb r2, [r3, #0x07]
	lsls r2, r2, #0x0C
	ldrb r1, [r3, #0x09]
	lsls r0, r1, #0x1C
	lsrs r0, r0, #0x14
	movs r4, #0x80
	lsls r4, r4, #0x04
	adds r0, r0, r4
	adds r4, r2, r0
	ldrb r0, [r3, #0x08]
	lsls r0, r0, #0x0C
	lsrs r1, r1, #0x04
	lsls r1, r1, #0x08
	movs r2, #0xF0
	lsls r2, r2, #0x04
	adds r1, r1, r2
	adds r7, r0, r1
_08027DEC:
	movs r3, #0x00
	add r0, sp, #0x018
	mov r8, r0
	b _08027DF6
_08027DF4:
	adds r3, #0x01
_08027DF6:
	cmp r3, #0x07
	bhi _08027E1C
	movs r1, #0x81
	lsls r1, r1, #0x02
	adds r0, r5, r1
	ldr r0, [r0, #0x00]
	movs r1, #0x04
	ldsh r2, [r0, r1]
	ldr r1, _08027E48 @ =0x0839F610
	lsls r0, r3, #0x01
	adds r0, r0, r1
	ldrh r0, [r0, #0x00]
	cmp r2, r0
	bne _08027DF4
	adds r0, r5, #0x0
	movs r1, #0x00
	movs r2, #0x00
	bl sub_8029A0C
_08027E1C:
	ldr r1, [r6, #0x00]
	ldrh r0, [r1, #0x04]
	lsls r0, r0, #0x11
	lsrs r0, r0, #0x17
	mov r12, r0
	ldrb r0, [r1, #0x0A]
	lsls r0, r0, #0x1F
	lsrs r2, r0, #0x1F
	ldrb r0, [r1, #0x04]
	lsls r0, r0, #0x1C
	lsrs r3, r0, #0x1D
	str r4, [sp, #0x000]
	str r7, [sp, #0x004]
	ldrb r1, [r1, #0x04]
	movs r0, #0x20
	ands r0, r1
	cmp r0, #0x00
	bne _08027E4C
	movs r0, #0x01
	negs r0, r0
	b _08027E50
	.byte 0x00, 0x00
_08027E48: .4byte 0x0839F610
_08027E4C:
	movs r0, #0x02
	negs r0, r0
_08027E50:
	str r0, [sp, #0x008]
	movs r4, #0x80
	lsls r4, r4, #0x02
	adds r0, r5, r4
	ldr r0, [r0, #0x00]
	ldr r0, [r0, #0x18]
	movs r1, #0xF0
	lsls r1, r1, #0x05
	cmp r0, r1
	ble _08027E66
	adds r0, r1, #0x0
_08027E66:
	str r0, [sp, #0x00C]
	movs r4, #0x00
	str r4, [sp, #0x010]
	movs r0, #0x03
	negs r0, r0
	str r0, [sp, #0x014]
	movs r0, #0x01
	mov r1, r8
	strb r0, [r1, #0x00]
	adds r0, r5, #0x0
	mov r1, r12
	bl sub_8027E90
	str r4, [r6, #0x00]
	add sp, #0x01C
	pop {r3}
	mov r8, r3
	pop {r4, r5, r6, r7}
	pop {r0}
	bx r0
	.byte 0x00, 0x00
	thumb_func_start sub_8027E90
sub_8027E90:
	push {r4, r5, r6, r7, lr}
	mov r7, r10
	mov r6, r9
	mov r5, r8
	push {r5, r6, r7}
	add sp, #-0x00C
	adds r5, r0, #0x0
	ldr r0, [sp, #0x040]
	add r4, sp, #0x044
	lsls r1, r1, #0x10
	lsrs r1, r1, #0x10
	str r1, [sp, #0x000]
	lsls r2, r2, #0x10
	lsrs r2, r2, #0x10
	mov r10, r2
	lsls r3, r3, #0x18
	lsrs r3, r3, #0x18
	str r3, [sp, #0x004]
	lsls r0, r0, #0x18
	lsrs r0, r0, #0x18
	str r0, [sp, #0x008]
	ldrb r4, [r4, #0x00]
	adds r0, r5, #0x0
	bl sub_803C610
	bl sub_801A6B0
	cmp r4, #0x01
	bne _08027F54
	movs r1, #0x82
	lsls r1, r1, #0x02
	adds r0, r5, r1
	ldrb r1, [r0, #0x00]
	movs r0, #0x50
	ands r0, r1
	cmp r0, #0x00
	bne _08027F54
	movs r2, #0xB6
	lsls r2, r2, #0x02
	adds r4, r5, r2
	ldrb r2, [r4, #0x00]
	movs r3, #0x1F
	ands r3, r2
	cmp r3, #0x1F
	bne _08027F54
	lsls r1, r1, #0x1D
	lsrs r1, r1, #0x1F
	movs r0, #0x01
	eors r1, r0
	movs r0, #0x1F
	ands r1, r0
	movs r0, #0x20
	negs r0, r0
	ands r0, r2
	orrs r0, r1
	strb r0, [r4, #0x00]
	movs r1, #0x92
	lsls r1, r1, #0x01
	adds r0, r5, r1
	ldrh r1, [r0, #0x00]
	ldr r2, _08027F70 @ =0x000002DA
	adds r0, r5, r2
	strh r1, [r0, #0x00]
	movs r0, #0x81
	lsls r0, r0, #0x02
	adds r2, r5, r0
	ldr r0, [r2, #0x00]
	adds r0, #0x24
	ldrb r0, [r0, #0x00]
	lsls r0, r0, #0x1D
	lsrs r0, r0, #0x18
	ldrb r1, [r4, #0x00]
	ands r3, r1
	orrs r3, r0
	strb r3, [r4, #0x00]
	movs r3, #0xB7
	lsls r3, r3, #0x02
	adds r1, r5, r3
	ldr r0, [r2, #0x00]
	ldr r0, [r0, #0x0C]
	str r0, [r1, #0x00]
	movs r0, #0xB8
	lsls r0, r0, #0x02
	adds r1, r5, r0
	ldr r0, [r2, #0x00]
	ldr r0, [r0, #0x10]
	str r0, [r1, #0x00]
	adds r3, #0x08
	adds r1, r5, r3
	ldr r0, [r2, #0x00]
	ldr r0, [r0, #0x14]
	str r0, [r1, #0x00]
	movs r0, #0xBA
	lsls r0, r0, #0x02
	adds r1, r5, r0
	ldr r0, [r2, #0x00]
	ldr r0, [r0, #0x18]
	str r0, [r1, #0x00]
_08027F54:
	movs r6, #0x00
	ldr r1, _08027F74 @ =0x0000010B
	adds r0, r5, r1
	adds r7, r0, #0x0
	adds r4, r5, #0x0
	adds r4, #0xA8
	movs r2, #0xF8
	adds r2, r2, r5
	mov r8, r2
	movs r3, #0xF9
	adds r3, r3, r5
	mov r9, r3
	b _08027F9E
	.byte 0x00, 0x00
_08027F70: .4byte 0x000002DA
_08027F74: .4byte 0x0000010B
_08027F78:
	lsls r1, r6, #0x02
	adds r0, r5, #0x0
	adds r0, #0x28
	adds r0, r0, r1
	ldr r2, [r0, #0x00]
	cmp r2, #0x00
	beq _08027F9C
	movs r1, #0xCE
	lsls r1, r1, #0x02
	adds r0, r2, r1
	ldr r1, [r0, #0x00]
	movs r3, #0x08
	ldsh r0, [r1, r3]
	adds r0, r2, r0
	ldr r2, [r1, #0x0C]
	movs r1, #0x03
	bl _call_via_r2
_08027F9C:
	adds r6, #0x01
_08027F9E:
	ldrb r0, [r7, #0x00]
	cmp r6, r0
	blt _08027F78
	ldr r0, [r4, #0x00]
	bl free_heap_8018DA8
	movs r6, #0x00
	ldr r0, [r4, #0x04]
	bl free_heap_8018DA8
	ldr r0, [r4, #0x08]
	bl free_heap_8018DA8
	ldr r0, [r4, #0x0C]
	bl free_heap_8018DA8
	ldr r0, [r4, #0x10]
	bl free_heap_8018DA8
	ldr r0, [r4, #0x14]
	bl free_heap_8018DA8
	ldr r0, [r4, #0x18]
	bl free_heap_8018DA8
	ldr r0, [r4, #0x1C]
	bl free_heap_8018DA8
	movs r1, #0xC4
	lsls r1, r1, #0x02
	adds r4, r5, r1
	ldr r1, [r4, #0x00]
	cmp r1, #0x00
	beq _08027FF0
	ldr r0, _08028148 @ =0x08CDBDC8
	str r0, [r1, #0x18]
	adds r0, r1, #0x0
	movs r1, #0x03
	bl process_remove
	str r6, [r4, #0x00]
_08027FF0:
	movs r2, #0xC3
	lsls r2, r2, #0x02
	adds r4, r5, r2
	ldr r0, [r4, #0x00]
	cmp r0, #0x00
	beq _08028004
	movs r1, #0x03
	bl process_remove
	str r6, [r4, #0x00]
_08028004:
	movs r3, #0xC7
	lsls r3, r3, #0x02
	adds r7, r5, r3
	ldr r0, [r7, #0x00]
	bl sub_80F0184
	bl sub_80E8DC0
	movs r0, #0xC2
	lsls r0, r0, #0x02
	adds r4, r5, r0
	ldr r0, [r4, #0x00]
	cmp r0, #0x00
	beq _08028028
	movs r1, #0x03
	bl sub_805C73C
	str r6, [r4, #0x00]
_08028028:
	movs r1, #0xC5
	lsls r1, r1, #0x02
	adds r4, r5, r1
	ldr r0, [r4, #0x00]
	cmp r0, #0x00
	beq _0802803C
	movs r1, #0x03
	bl sub_81166AC
	str r6, [r4, #0x00]
_0802803C:
	movs r2, #0xFE
	lsls r2, r2, #0x01
	adds r4, r5, r2
	ldr r0, [r4, #0x00]
	cmp r0, #0x00
	beq _08028050
	movs r1, #0x03
	bl sub_805CCC0
	str r6, [r4, #0x00]
_08028050:
	movs r3, #0xC1
	lsls r3, r3, #0x02
	adds r4, r5, r3
	ldr r0, [r4, #0x00]
	cmp r0, #0x00
	beq _08028064
	movs r1, #0x03
	bl sub_8057B58
	str r6, [r4, #0x00]
_08028064:
	movs r0, #0x02
	movs r1, #0x00
	bl sub_8018B78
	ldr r0, [r7, #0x00]
	ldr r0, [r0, #0x00]
	bl process_disable
	movs r1, #0xC8
	lsls r1, r1, #0x02
	adds r0, r5, r1
	ldr r0, [r0, #0x00]
	ldr r0, [r0, #0x00]
	bl process_disable
	movs r2, #0xAE
	lsls r2, r2, #0x02
	adds r6, r5, r2
	movs r7, #0x01
	mov r1, r10
	ands r1, r7
	lsls r1, r1, #0x04
	ldrb r2, [r6, #0x00]
	movs r0, #0x11
	negs r0, r0
	ands r0, r2
	orrs r0, r1
	movs r1, #0x07
	ldr r3, [sp, #0x004]
	ands r1, r3
	lsls r1, r1, #0x01
	movs r2, #0x0F
	negs r2, r2
	ands r0, r2
	orrs r0, r1
	strb r0, [r6, #0x00]
	movs r0, #0xAF
	lsls r0, r0, #0x02
	adds r1, r5, r0
	ldr r0, [sp, #0x02C]
	str r0, [r1, #0x00]
	movs r2, #0xB0
	lsls r2, r2, #0x02
	adds r1, r5, r2
	ldr r0, [sp, #0x030]
	str r0, [r1, #0x00]
	movs r3, #0xB1
	lsls r3, r3, #0x02
	adds r1, r5, r3
	ldr r0, [sp, #0x034]
	str r0, [r1, #0x00]
	movs r0, #0xB2
	lsls r0, r0, #0x02
	adds r1, r5, r0
	ldr r0, [sp, #0x038]
	str r0, [r1, #0x00]
	adds r2, #0x0C
	adds r1, r5, r2
	ldr r0, [sp, #0x03C]
	str r0, [r1, #0x00]
	subs r3, #0x0B
	adds r0, r5, r3
	mov r1, sp
	ldrb r1, [r1, #0x08]
	strb r1, [r0, #0x00]
	mov r4, r8
	ldrb r1, [r4, #0x00]
	movs r0, #0x01
	ands r0, r1
	cmp r0, #0x00
	beq _08028100
	bl sub_8021FD4
	ldrb r1, [r4, #0x00]
	movs r0, #0x02
	negs r0, r0
	ands r0, r1
	strb r0, [r4, #0x00]
_08028100:
	ldrb r0, [r6, #0x00]
	orrs r0, r7
	movs r1, #0x41
	negs r1, r1
	ands r0, r1
	strb r0, [r6, #0x00]
	movs r2, #0x92
	lsls r2, r2, #0x01
	adds r0, r5, r2
	movs r2, #0x00
	mov r3, sp
	ldrh r3, [r3, #0x00]
	strh r3, [r0, #0x00]
	mov r1, r9
	ldrb r0, [r1, #0x00]
	movs r1, #0x08
	orrs r0, r1
	mov r3, r9
	strb r0, [r3, #0x00]
	mov r0, r8
	ldrb r1, [r0, #0x00]
	movs r0, #0x03
	negs r0, r0
	ands r0, r1
	mov r1, r8
	strb r0, [r1, #0x00]
	strb r2, [r5, #0x00]
	add sp, #0x00C
	pop {r3, r4, r5}
	mov r8, r3
	mov r9, r4
	mov r10, r5
	pop {r4, r5, r6, r7}
	pop {r0}
	bx r0
	.byte 0x00, 0x00
_08028148: .4byte 0x08CDBDC8
	thumb_func_start sub_802814C
sub_802814C:
	push {r4, r5, r6, lr}
	adds r4, r0, #0x0
	bl sub_801A6B0
	ldr r0, _080281C4 @ =0x0000012D
	adds r6, r4, r0
	ldrb r1, [r6, #0x00]
	movs r0, #0x10
	ands r0, r1
	cmp r0, #0x00
	beq _08028190
	adds r0, r4, #0x0
	bl sub_80273E4
	movs r0, #0xC1
	lsls r0, r0, #0x02
	adds r5, r4, r0
	ldr r0, [r5, #0x00]
	cmp r0, #0x00
	beq _0802817E
	movs r1, #0x03
	bl sub_8057B58
	movs r0, #0x00
	str r0, [r5, #0x00]
_0802817E:
	movs r0, #0x02
	movs r1, #0x00
	bl sub_8018B78
	ldrb r1, [r6, #0x00]
	movs r0, #0x11
	negs r0, r0
	ands r0, r1
	strb r0, [r6, #0x00]
_08028190:
	ldr r0, _080281C8 @ =0x00001BE5
	bl sub_80E99E0
	lsls r0, r0, #0x18
	lsrs r5, r0, #0x18
	cmp r5, #0x00
	beq _080281D0
	adds r0, r4, #0x0
	bl process_disable
	movs r0, #0x02
	strb r0, [r4, #0x00]
	ldr r4, _080281CC @ =0x081E2684
	movs r0, #0x68
	movs r1, #0x00
	adds r2, r4, #0x0
	movs r3, #0x00
	bl alloc_Zero
	movs r1, #0x08
	adds r2, r4, #0x0
	adds r3, r5, #0x0
	bl sub_8054378
	b _0802823E
	.byte 0x00, 0x00
_080281C4: .4byte 0x0000012D
_080281C8: .4byte 0x00001BE5
_080281CC: .4byte 0x081E2684
_080281D0:
	cmp r4, #0x00
	beq _080281DC
	adds r0, r4, #0x0
	movs r1, #0x03
	bl sub_8022554
_080281DC:
	bl sub_8123340
	ldr r3, _08028218 @ =0x03001034
	ldr r0, _0802821C @ =0x03000FC0
	ldr r1, [r0, #0x00]
	movs r2, #0xAE
	lsls r2, r2, #0x03
	ldr r3, [r3, #0x00]
	movs r0, #0x00
	bl _call_via_r3
	bl sub_81251F0
	lsls r0, r0, #0x18
	cmp r0, #0x00
	beq _08028224
	ldr r0, _08028220 @ =0x03000D40
	ldrb r1, [r0, #0x00]
	movs r2, #0x02
	orrs r1, r2
	strb r1, [r0, #0x00]
	bl sub_80FC198
	bl sub_812335C
	movs r0, #0x01
	bl make_fldm_801AF5C
	b _0802823E
	.byte 0x00, 0x00
_08028218: .4byte 0x03001034
_0802821C: .4byte 0x03000FC0
_08028220: .4byte 0x03000D40
_08028224:
	movs r0, #0xB2
	lsls r0, r0, #0x01
	ldr r4, _08028244 @ =0x081E268C
	movs r1, #0x00
	adds r2, r4, #0x0
	movs r3, #0x00
	bl alloc_Zero
	movs r1, #0x08
	adds r2, r4, #0x0
	movs r3, #0x00
	bl load_init_812538C
_0802823E:
	pop {r4, r5, r6}
	pop {r0}
	bx r0
_08028244: .4byte 0x081E268C
	thumb_func_start sub_8028248
sub_8028248:
	push {r4, r5, r6, r7, lr}
	mov r7, r10
	mov r6, r9
	mov r5, r8
	push {r5, r6, r7}
	add sp, #-0x020
	adds r6, r0, #0x0
	movs r1, #0x81
	lsls r1, r1, #0x02
	adds r0, r6, r1
	ldr r0, [r0, #0x00]
	mov r8, r0
	movs r2, #0x80
	lsls r2, r2, #0x02
	adds r0, r6, r2
	ldr r5, [r0, #0x00]
	movs r3, #0xAF
	lsls r3, r3, #0x02
	adds r0, r6, r3
	ldr r7, [r0, #0x00]
	str r7, [r5, #0x0C]
	adds r1, #0xBC
	adds r0, r6, r1
	ldr r3, [r0, #0x00]
	str r3, [r5, #0x10]
	adds r2, #0xC8
	adds r0, r6, r2
	ldr r0, [r0, #0x00]
	str r0, [r5, #0x18]
	movs r0, #0xB1
	lsls r0, r0, #0x02
	adds r4, r6, r0
	ldr r0, [r4, #0x00]
	cmp r0, #0x00
	blt _08028292
	str r0, [r5, #0x14]
	b _080282EE
_08028292:
	movs r1, #0xA4
	lsls r1, r1, #0x02
	adds r2, r5, r1
	movs r0, #0xC1
	lsls r0, r0, #0x02
	adds r1, r6, r0
	ldr r0, [r1, #0x00]
	str r0, [r2, #0x00]
	ldr r0, [r1, #0x00]
	add r1, sp, #0x014
	str r1, [sp, #0x000]
	add r1, sp, #0x018
	str r1, [sp, #0x004]
	add r1, sp, #0x008
	movs r2, #0x01
	strb r2, [r1, #0x00]
	add r1, sp, #0x00C
	strb r2, [r1, #0x00]
	adds r1, r7, #0x0
	adds r2, r3, #0x0
	add r3, sp, #0x010
	bl sub_803FBA4
	adds r7, r0, #0x0
	ldr r1, [r4, #0x00]
	movs r0, #0x02
	negs r0, r0
	cmp r1, r0
	bne _080282DA
	ldr r3, [sp, #0x018]
	adds r2, r5, #0x0
	adds r2, #0x26
	ldrb r0, [r2, #0x00]
	movs r1, #0x02
	orrs r0, r1
	b _080282E8
_080282DA:
	ldr r3, [sp, #0x010]
	adds r2, r5, #0x0
	adds r2, #0x26
	ldrb r1, [r2, #0x00]
	movs r0, #0x03
	negs r0, r0
	ands r0, r1
_080282E8:
	strb r0, [r2, #0x00]
	str r3, [r5, #0x14]
	str r7, [r5, #0x20]
_080282EE:
	ldr r0, [r5, #0x0C]
	str r0, [r5, #0x34]
	ldr r0, [r5, #0x10]
	str r0, [r5, #0x38]
	ldr r0, [r5, #0x14]
	str r0, [r5, #0x3C]
	ldr r0, [r5, #0x18]
	str r0, [r5, #0x40]
	movs r1, #0xAE
	lsls r1, r1, #0x02
	adds r3, r6, r1
	ldrb r1, [r3, #0x00]
	lsls r1, r1, #0x1C
	adds r4, r5, #0x0
	adds r4, #0x24
	movs r0, #0x07
	mov r2, sp
	strb r0, [r2, #0x1C]
	lsrs r1, r1, #0x1D
	ldrb r2, [r4, #0x00]
	movs r0, #0x08
	negs r0, r0
	mov r10, r0
	ands r0, r2
	orrs r0, r1
	strb r0, [r4, #0x00]
	ldrb r0, [r3, #0x00]
	lsls r0, r0, #0x1C
	lsrs r0, r0, #0x1D
	lsls r0, r0, #0x05
	strb r0, [r5, #0x02]
	movs r7, #0xCE
	lsls r7, r7, #0x02
	adds r0, r5, r7
	ldr r1, [r0, #0x00]
	movs r2, #0x30
	ldsh r0, [r1, r2]
	adds r0, r5, r0
	ldr r2, [r1, #0x34]
	movs r1, #0x01
	bl _call_via_r2
	mov r9, r4
	mov r3, r8
	cmp r3, #0x00
	beq _08028440
	ldr r0, [r5, #0x18]
	str r0, [r3, #0x18]
	movs r0, #0x82
	lsls r0, r0, #0x02
	adds r4, r6, r0
	ldrb r1, [r4, #0x00]
	movs r0, #0x50
	ands r0, r1
	cmp r0, #0x00
	beq _080283AE
	mov r2, r9
	ldrb r1, [r2, #0x00]
	lsls r1, r1, #0x1D
	lsrs r1, r1, #0x1D
	adds r3, #0x24
	mov r0, sp
	ldrb r0, [r0, #0x1C]
	ands r1, r0
	ldrb r2, [r3, #0x00]
	mov r0, r10
	ands r0, r2
	orrs r0, r1
	strb r0, [r3, #0x00]
	ldrb r1, [r4, #0x00]
	movs r0, #0x11
	negs r0, r0
	ands r0, r1
	strb r0, [r4, #0x00]
	adds r0, r6, #0x0
	movs r1, #0x01
	bl sub_802E4C8
	mov r1, r8
	adds r0, r1, r7
	ldr r1, [r0, #0x00]
	movs r2, #0x30
	ldsh r0, [r1, r2]
	add r0, r8
	ldr r2, [r1, #0x34]
	movs r1, #0x01
	bl _call_via_r2
	movs r3, #0xB6
	lsls r3, r3, #0x02
	adds r2, r6, r3
	ldrb r0, [r2, #0x00]
	movs r1, #0x1F
	orrs r0, r1
	strb r0, [r2, #0x00]
	b _08028440
_080283AE:
	movs r0, #0x40
	ands r0, r1
	lsls r0, r0, #0x18
	lsrs r0, r0, #0x18
	mov r12, r0
	cmp r0, #0x00
	bne _08028440
	movs r0, #0xB6
	lsls r0, r0, #0x02
	adds r7, r6, r0
	ldrb r1, [r7, #0x00]
	movs r0, #0x1F
	ands r0, r1
	cmp r0, #0x1F
	beq _08028440
	ldr r1, _0802842C @ =0x000002DA
	adds r0, r6, r1
	movs r2, #0x92
	lsls r2, r2, #0x01
	adds r1, r6, r2
	ldrh r0, [r0, #0x00]
	ldrh r1, [r1, #0x00]
	cmp r0, r1
	bne _08028430
	movs r3, #0xB7
	lsls r3, r3, #0x02
	adds r0, r6, r3
	ldr r1, [r0, #0x00]
	movs r2, #0xB8
	lsls r2, r2, #0x02
	adds r0, r6, r2
	ldr r2, [r0, #0x00]
	adds r3, #0x08
	adds r0, r6, r3
	adds r3, #0x04
	adds r4, r6, r3
	ldr r3, [r0, #0x00]
	ldr r0, [r4, #0x00]
	adds r3, r3, r0
	movs r0, #0x01
	str r0, [sp, #0x000]
	mov r0, r12
	str r0, [sp, #0x004]
	mov r0, r8
	bl sub_8047F60
	ldrb r1, [r7, #0x00]
	lsrs r1, r1, #0x05
	mov r3, r8
	adds r3, #0x24
	mov r2, sp
	ldrb r2, [r2, #0x1C]
	ands r1, r2
	ldrb r2, [r3, #0x00]
	mov r0, r10
	ands r0, r2
	orrs r0, r1
	strb r0, [r3, #0x00]
	ldrb r0, [r7, #0x00]
	movs r1, #0x1F
	orrs r0, r1
	strb r0, [r7, #0x00]
	b _08028440
_0802842C: .4byte 0x000002DA
_08028430:
	mov r0, r8
	movs r1, #0x00
	bl sub_804761C
	mov r0, r8
	movs r1, #0x00
	bl sub_804776C
_08028440:
	ldr r3, _080284A0 @ =0x00000246
	adds r0, r6, r3
	ldrb r1, [r0, #0x00]
	movs r0, #0x1C
	ands r0, r1
	cmp r0, #0x1C
	bne _08028490
	ldr r1, _080284A4 @ =0x00000261
	adds r0, r6, r1
	ldrb r0, [r0, #0x00]
	lsls r0, r0, #0x18
	asrs r0, r0, #0x18
	cmp r0, #0x00
	beq _08028490
	ldr r2, _080284A8 @ =0x000002BB
	adds r0, r6, r2
	ldrb r2, [r0, #0x00]
	mov r4, r8
	adds r4, #0x24
	movs r0, #0x07
	ands r2, r0
	ldrb r3, [r4, #0x00]
	movs r1, #0x08
	negs r1, r1
	adds r0, r1, #0x0
	ands r0, r3
	orrs r0, r2
	strb r0, [r4, #0x00]
	mov r3, r9
	ldrb r0, [r3, #0x00]
	ands r1, r0
	orrs r1, r2
	strb r1, [r3, #0x00]
	ldr r0, _080284AC @ =0x000002BA
	adds r1, r6, r0
	ldrb r0, [r1, #0x00]
	mov r2, r8
	strb r0, [r2, #0x02]
	ldrb r0, [r1, #0x00]
	strb r0, [r5, #0x02]
_08028490:
	add sp, #0x020
	pop {r3, r4, r5}
	mov r8, r3
	mov r9, r4
	mov r10, r5
	pop {r4, r5, r6, r7}
	pop {r0}
	bx r0
_080284A0: .4byte 0x00000246
_080284A4: .4byte 0x00000261
_080284A8: .4byte 0x000002BB
_080284AC: .4byte 0x000002BA
	thumb_func_start sub_80284B0
sub_80284B0:
	push {r4, r5, r6, r7, lr}
	mov r7, r10
	mov r6, r9
	mov r5, r8
	push {r5, r6, r7}
	adds r4, r0, #0x0
	mov r10, r2
	cmp r1, #0x00
	bge _080284C4
	b _08028666
_080284C4:
	ldr r0, _08028578 @ =0x0000027A
	adds r3, r4, r0
	ldrh r6, [r3, #0x00]
	movs r2, #0x9F
	lsls r2, r2, #0x02
	adds r0, r4, r2
	ldrh r0, [r0, #0x00]
	mov r8, r0
	lsls r1, r1, #0x02
	adds r0, r4, #0x0
	adds r0, #0x28
	adds r0, r0, r1
	ldr r5, [r0, #0x00]
	ldr r0, [r5, #0x0C]
	cmp r0, #0x00
	bge _080284E6
	adds r0, #0xFF
_080284E6:
	asrs r0, r0, #0x08
	subs r0, r0, r6
	lsls r0, r0, #0x10
	lsrs r0, r0, #0x10
	mov r9, r0
	ldr r0, [r5, #0x10]
	ldr r1, [r5, #0x14]
	subs r0, r0, r1
	ldr r1, [r5, #0x18]
	subs r0, r0, r1
	cmp r0, #0x00
	bge _08028500
	adds r0, #0xFF
_08028500:
	asrs r0, r0, #0x08
	mov r7, r8
	subs r0, r0, r7
	lsls r0, r0, #0x10
	lsrs r2, r0, #0x10
	mov r1, r9
	lsls r0, r1, #0x10
	asrs r1, r0, #0x10
	ldr r7, _0802857C @ =0x0000028A
	adds r0, r4, r7
	ldrb r0, [r0, #0x00]
	cmp r1, r0
	blt _08028524
	adds r7, #0x01
	adds r0, r4, r7
	ldrb r0, [r0, #0x00]
	cmp r1, r0
	ble _0802852A
_08028524:
	adds r0, r1, r6
	subs r0, #0x78
	strh r0, [r3, #0x00]
_0802852A:
	lsls r0, r2, #0x10
	asrs r2, r0, #0x10
	movs r1, #0xA3
	lsls r1, r1, #0x02
	adds r0, r4, r1
	ldrb r0, [r0, #0x00]
	cmp r2, r0
	blt _08028544
	ldr r3, _08028580 @ =0x0000028D
	adds r0, r4, r3
	ldrb r0, [r0, #0x00]
	cmp r2, r0
	ble _08028552
_08028544:
	movs r7, #0x9F
	lsls r7, r7, #0x02
	adds r1, r4, r7
	ldrh r0, [r1, #0x00]
	adds r0, r2, r0
	subs r0, #0x60
	strh r0, [r1, #0x00]
_08028552:
	movs r1, #0x01
	negs r1, r1
	adds r0, r4, #0x0
	bl sub_80286AC
	mov r0, r10
	cmp r0, #0x00
	beq _08028584
	movs r1, #0xC1
	lsls r1, r1, #0x02
	adds r0, r4, r1
	ldr r0, [r0, #0x00]
	ldr r2, _08028578 @ =0x0000027A
	adds r1, r4, r2
	ldrh r1, [r1, #0x00]
	movs r3, #0x9F
	lsls r3, r3, #0x02
	b _080285EE
	.byte 0x00, 0x00
_08028578: .4byte 0x0000027A
_0802857C: .4byte 0x0000028A
_08028580: .4byte 0x0000028D
_08028584:
	ldr r7, _080285F8 @ =0x0000027A
	adds r3, r4, r7
	lsls r0, r6, #0x10
	asrs r2, r0, #0x10
	ldrh r0, [r3, #0x00]
	mov r10, r0
	movs r1, #0x00
	ldsh r0, [r3, r1]
	mov r7, r8
	lsls r6, r7, #0x10
	cmp r2, r0
	bne _080285AC
	movs r1, #0x9F
	lsls r1, r1, #0x02
	adds r0, r4, r1
	asrs r1, r6, #0x10
	movs r7, #0x00
	ldsh r0, [r0, r7]
	cmp r1, r0
	beq _08028610
_080285AC:
	mov r1, r10
	subs r0, r2, r1
	movs r2, #0x9F
	lsls r2, r2, #0x02
	adds r7, r4, r2
	ldrh r2, [r7, #0x00]
	asrs r1, r6, #0x10
	subs r1, r1, r2
	lsls r1, r1, #0x10
	lsrs r1, r1, #0x10
	lsls r0, r0, #0x10
	movs r2, #0xF8
	lsls r2, r2, #0x0D
	adds r0, r0, r2
	lsrs r0, r0, #0x10
	cmp r0, #0x3E
	bhi _080285DE
	lsls r0, r1, #0x10
	asrs r1, r0, #0x10
	cmp r1, #0x1F
	bgt _080285DE
	movs r0, #0x20
	negs r0, r0
	cmp r1, r0
	bgt _080285FC
_080285DE:
	movs r3, #0xC1
	lsls r3, r3, #0x02
	adds r0, r4, r3
	ldr r0, [r0, #0x00]
	ldr r7, _080285F8 @ =0x0000027A
	adds r1, r4, r7
	ldrh r1, [r1, #0x00]
	subs r3, #0x88
_080285EE:
	adds r2, r4, r3
	ldrh r2, [r2, #0x00]
	bl sub_805952C
	b _08028610
_080285F8: .4byte 0x0000027A
_080285FC:
	movs r1, #0xC1
	lsls r1, r1, #0x02
	adds r0, r4, r1
	ldr r0, [r0, #0x00]
	movs r2, #0x00
	ldsh r1, [r3, r2]
	movs r3, #0x00
	ldsh r2, [r7, r3]
	bl sub_8057C9C
_08028610:
	movs r7, #0x9D
	lsls r7, r7, #0x02
	adds r0, r4, r7
	mov r1, r9
	strh r1, [r0, #0x00]
	movs r2, #0x97
	lsls r2, r2, #0x02
	adds r0, r5, r2
	ldr r0, [r0, #0x00]
	cmp r0, #0x00
	blt _08028630
	movs r3, #0x93
	lsls r3, r3, #0x02
	adds r0, r5, r3
	ldr r2, [r0, #0x00]
	b _08028632
_08028630:
	ldr r2, [r5, #0x14]
_08028632:
	ldr r0, [r5, #0x18]
	cmp r0, #0x00
	bge _0802863A
	adds r2, r2, r0
_0802863A:
	ldr r0, [r5, #0x10]
	subs r0, r0, r2
	cmp r0, #0x00
	bge _08028644
	adds r0, #0xFF
_08028644:
	asrs r3, r0, #0x08
	movs r7, #0x9E
	lsls r7, r7, #0x02
	adds r0, r4, r7
	strh r3, [r0, #0x00]
	ldr r0, [r5, #0x14]
	ldr r1, [r5, #0x18]
	adds r0, r0, r1
	subs r0, r0, r2
	cmp r0, #0x00
	bge _0802865C
	adds r0, #0xFF
_0802865C:
	asrs r0, r0, #0x08
	subs r0, r3, r0
	ldr r2, _080286A0 @ =0x00000276
	adds r1, r4, r2
	strh r0, [r1, #0x00]
_08028666:
	ldr r3, _080286A4 @ =0x0000027A
	adds r1, r4, r3
	movs r7, #0x97
	lsls r7, r7, #0x01
	adds r0, r4, r7
	ldrh r0, [r0, #0x00]
	ldrh r1, [r1, #0x00]
	adds r0, r0, r1
	ldr r2, _080286A8 @ =0x0000027E
	adds r1, r4, r2
	strh r0, [r1, #0x00]
	adds r3, #0x02
	adds r1, r4, r3
	adds r7, #0x02
	adds r0, r4, r7
	ldrh r0, [r0, #0x00]
	ldrh r1, [r1, #0x00]
	adds r0, r0, r1
	adds r2, #0x02
	adds r1, r4, r2
	strh r0, [r1, #0x00]
	pop {r3, r4, r5}
	mov r8, r3
	mov r9, r4
	mov r10, r5
	pop {r4, r5, r6, r7}
	pop {r0}
	bx r0
	.byte 0x00, 0x00
_080286A0: .4byte 0x00000276
_080286A4: .4byte 0x0000027A
_080286A8: .4byte 0x0000027E
	thumb_func_start sub_80286AC
sub_80286AC:
	push {r4, r5, r6, r7, lr}
	mov r7, r8
	push {r7}
	adds r4, r0, #0x0
	cmp r1, #0x00
	bge _080286BA
	b _08028956
_080286BA:
	lsls r1, r1, #0x02
	adds r0, #0x28
	adds r0, r0, r1
	ldr r3, [r0, #0x00]
	movs r0, #0x9D
	lsls r0, r0, #0x02
	adds r1, r4, r0
	ldrh r2, [r1, #0x00]
	mov r12, r2
	ldr r0, [r3, #0x0C]
	cmp r0, #0x00
	bge _080286D4
	adds r0, #0xFF
_080286D4:
	asrs r0, r0, #0x08
	strh r0, [r1, #0x00]
	ldr r5, _0802870C @ =0x0000027A
	adds r1, r4, r5
	ldrh r1, [r1, #0x00]
	subs r0, r0, r1
	ldr r2, _08028710 @ =0x00000282
	adds r1, r3, r2
	ldrb r1, [r1, #0x00]
	lsrs r2, r1, #0x01
	subs r0, r0, r2
	lsls r0, r0, #0x10
	lsrs r5, r0, #0x10
	adds r1, r1, r5
	lsls r1, r1, #0x10
	lsrs r6, r1, #0x10
	adds r2, r4, #0x0
	adds r2, #0xF9
	ldrb r1, [r2, #0x00]
	movs r0, #0x04
	ands r0, r1
	adds r7, r2, #0x0
	cmp r0, #0x00
	bne _08028718
	ldr r1, _08028714 @ =0x0000028A
	adds r0, r4, r1
	ldrb r0, [r0, #0x00]
	b _0802871A
_0802870C: .4byte 0x0000027A
_08028710: .4byte 0x00000282
_08028714: .4byte 0x0000028A
_08028718:
	movs r0, #0x78
_0802871A:
	adds r2, r0, #0x0
	ldrb r1, [r7, #0x00]
	movs r0, #0x04
	ands r0, r1
	cmp r0, #0x00
	bne _08028734
	ldr r1, _08028730 @ =0x0000028B
	adds r0, r4, r1
	ldrb r1, [r0, #0x00]
	b _08028736
	.byte 0x00, 0x00
_08028730: .4byte 0x0000028B
_08028734:
	movs r1, #0x78
_08028736:
	lsls r0, r5, #0x10
	asrs r0, r0, #0x10
	cmp r0, r2
	bge _08028768
	movs r2, #0x9D
	lsls r2, r2, #0x02
	adds r0, r4, r2
	ldrh r5, [r0, #0x00]
	movs r2, #0x00
	ldsh r1, [r0, r2]
	mov r2, r12
	lsls r0, r2, #0x10
	asrs r0, r0, #0x10
	cmp r1, r0
	bge _08028792
	ldr r1, _08028764 @ =0x0000027A
	adds r2, r4, r1
	subs r1, r0, r5
	ldrh r0, [r2, #0x00]
	subs r0, r0, r1
	strh r0, [r2, #0x00]
	b _08028792
	.byte 0x00, 0x00
_08028764: .4byte 0x0000027A
_08028768:
	lsls r0, r6, #0x10
	asrs r0, r0, #0x10
	cmp r0, r1
	ble _08028792
	movs r2, #0x9D
	lsls r2, r2, #0x02
	adds r0, r4, r2
	ldrh r2, [r0, #0x00]
	movs r5, #0x00
	ldsh r1, [r0, r5]
	mov r5, r12
	lsls r0, r5, #0x10
	asrs r0, r0, #0x10
	cmp r1, r0
	ble _08028792
	ldr r5, _080287B0 @ =0x0000027A
	adds r1, r4, r5
	subs r0, r2, r0
	ldrh r2, [r1, #0x00]
	adds r0, r0, r2
	strh r0, [r1, #0x00]
_08028792:
	ldr r5, _080287B4 @ =0x00000276
	adds r0, r4, r5
	movs r2, #0x00
	ldsh r1, [r0, r2]
	mov r12, r1
	subs r5, #0x1A
	adds r0, r3, r5
	ldr r0, [r0, #0x00]
	cmp r0, #0x00
	blt _080287B8
	movs r1, #0x93
	lsls r1, r1, #0x02
	adds r0, r3, r1
	ldr r2, [r0, #0x00]
	b _080287BE
_080287B0: .4byte 0x0000027A
_080287B4: .4byte 0x00000276
_080287B8:
	ldr r1, [r3, #0x14]
	ldr r0, [r3, #0x18]
	adds r2, r1, r0
_080287BE:
	movs r5, #0x97
	lsls r5, r5, #0x02
	adds r0, r3, r5
	ldr r0, [r0, #0x00]
	cmp r0, #0x00
	blt _080287D4
	movs r1, #0x93
	lsls r1, r1, #0x02
	adds r0, r3, r1
	ldr r1, [r0, #0x00]
	b _080287DA
_080287D4:
	ldr r1, [r3, #0x3C]
	ldr r0, [r3, #0x40]
	adds r1, r1, r0
_080287DA:
	ldr r0, [r3, #0x38]
	subs r0, r0, r1
	cmp r0, #0x00
	bge _080287E4
	adds r0, #0xFF
_080287E4:
	asrs r0, r0, #0x08
	mov r8, r0
	ldr r0, [r3, #0x10]
	subs r0, r0, r2
	cmp r0, #0x00
	bge _080287F2
	adds r0, #0xFF
_080287F2:
	asrs r5, r0, #0x08
	movs r1, #0x9E
	lsls r1, r1, #0x02
	adds r0, r4, r1
	strh r5, [r0, #0x00]
	ldr r0, [r3, #0x14]
	ldr r1, [r3, #0x18]
	adds r0, r0, r1
	subs r0, r0, r2
	cmp r0, #0x00
	bge _0802880A
	adds r0, #0xFF
_0802880A:
	asrs r0, r0, #0x08
	subs r0, r5, r0
	ldr r2, _08028848 @ =0x00000276
	adds r1, r4, r2
	strh r0, [r1, #0x00]
	movs r5, #0x9F
	lsls r5, r5, #0x02
	adds r1, r4, r5
	ldrh r1, [r1, #0x00]
	subs r0, r0, r1
	lsls r0, r0, #0x10
	lsrs r2, r0, #0x10
	movs r1, #0x97
	lsls r1, r1, #0x02
	adds r0, r3, r1
	ldr r0, [r0, #0x00]
	cmp r0, #0x00
	blt _0802884C
	adds r5, #0x12
	adds r0, r4, r5
	ldrb r6, [r0, #0x00]
	adds r1, #0x33
	adds r0, r4, r1
	ldrb r7, [r0, #0x00]
	subs r5, #0x0B
	adds r0, r3, r5
	ldrb r0, [r0, #0x00]
	subs r0, r2, r0
	lsls r0, r0, #0x10
	lsrs r2, r0, #0x10
	b _08028880
_08028848: .4byte 0x00000276
_0802884C:
	ldrb r1, [r7, #0x00]
	movs r0, #0x04
	ands r0, r1
	cmp r0, #0x00
	bne _08028860
	movs r1, #0xA3
	lsls r1, r1, #0x02
	adds r0, r4, r1
	ldrb r0, [r0, #0x00]
	b _08028862
_08028860:
	movs r0, #0x64
_08028862:
	adds r6, r0, #0x0
	ldrb r1, [r7, #0x00]
	movs r0, #0x04
	ands r0, r1
	cmp r0, #0x00
	bne _0802887C
	ldr r5, _08028878 @ =0x0000028D
	adds r0, r4, r5
	ldrb r1, [r0, #0x00]
	b _0802887E
	.byte 0x00, 0x00
_08028878: .4byte 0x0000028D
_0802887C:
	movs r1, #0x64
_0802887E:
	adds r7, r1, #0x0
_08028880:
	movs r5, #0x00
	lsls r1, r2, #0x10
	lsls r0, r6, #0x10
	cmp r1, r0
	bge _080288AA
	ldr r0, _080288E0 @ =0x00000276
	adds r1, r4, r0
	movs r2, #0x00
	ldsh r0, [r1, r2]
	cmp r0, r12
	bge _080288AA
	movs r5, #0x9F
	lsls r5, r5, #0x02
	adds r2, r4, r5
	ldrh r1, [r1, #0x00]
	mov r0, r12
	subs r1, r0, r1
	ldrh r0, [r2, #0x00]
	subs r0, r0, r1
	strh r0, [r2, #0x00]
	movs r5, #0x01
_080288AA:
	cmp r5, #0x00
	bne _08028956
	ldr r1, [r3, #0x10]
	ldr r0, [r3, #0x38]
	cmp r1, r0
	ble _08028926
	ldr r1, _080288E0 @ =0x00000276
	adds r0, r4, r1
	movs r2, #0x9F
	lsls r2, r2, #0x02
	adds r5, r4, r2
	ldrh r6, [r0, #0x00]
	ldrh r2, [r5, #0x00]
	subs r0, r6, r2
	lsls r0, r0, #0x10
	lsls r1, r7, #0x10
	asrs r7, r1, #0x10
	cmp r0, r1
	ble _080288F4
	ldr r0, [r3, #0x18]
	cmp r0, #0x00
	ble _080288E4
	mov r3, r12
	subs r0, r6, r3
	adds r0, r2, r0
	b _08028954
	.byte 0x00, 0x00
_080288E0: .4byte 0x00000276
_080288E4:
	movs r1, #0x9E
	lsls r1, r1, #0x02
	adds r0, r4, r1
	ldrh r0, [r0, #0x00]
	mov r3, r8
	subs r0, r0, r3
	adds r0, r2, r0
	b _08028954
_080288F4:
	movs r1, #0x97
	lsls r1, r1, #0x02
	adds r0, r3, r1
	ldr r0, [r0, #0x00]
	cmp r0, #0x00
	blt _08028956
	subs r1, #0x10
	adds r0, r3, r1
	ldr r1, [r3, #0x14]
	ldr r0, [r0, #0x00]
	cmp r1, r0
	bne _08028956
	movs r3, #0x9E
	lsls r3, r3, #0x02
	adds r0, r4, r3
	ldrh r1, [r0, #0x00]
	subs r0, r1, r2
	lsls r0, r0, #0x10
	asrs r0, r0, #0x10
	cmp r0, r7
	ble _08028956
	mov r3, r8
	subs r0, r1, r3
	adds r0, r2, r0
	b _08028954
_08028926:
	ldr r2, [r3, #0x14]
	ldr r0, [r3, #0x18]
	adds r2, r2, r0
	ldr r0, [r3, #0x3C]
	ldr r1, [r3, #0x40]
	adds r0, r0, r1
	cmp r2, r0
	bge _08028956
	ldr r5, _08028968 @ =0x00000276
	adds r0, r4, r5
	movs r1, #0x9F
	lsls r1, r1, #0x02
	adds r5, r4, r1
	ldrh r2, [r0, #0x00]
	ldrh r3, [r5, #0x00]
	subs r0, r2, r3
	lsls r0, r0, #0x10
	lsls r1, r7, #0x10
	cmp r0, r1
	ble _08028956
	mov r1, r12
	subs r0, r2, r1
	adds r0, r3, r0
_08028954:
	strh r0, [r5, #0x00]
_08028956:
	ldr r3, _0802896C @ =0x0000027A
	adds r2, r4, r3
	movs r5, #0x00
	ldsh r0, [r2, r5]
	cmp r0, #0x00
	bge _08028970
	movs r0, #0x00
	strh r0, [r2, #0x00]
	b _08028982
_08028968: .4byte 0x00000276
_0802896C: .4byte 0x0000027A
_08028970:
	movs r1, #0x00
	ldsh r0, [r2, r1]
	ldr r3, _08028998 @ =0x00000286
	adds r1, r4, r3
	ldrh r1, [r1, #0x00]
	subs r1, #0xF0
	cmp r0, r1
	ble _08028982
	strh r1, [r2, #0x00]
_08028982:
	movs r5, #0x9F
	lsls r5, r5, #0x02
	adds r2, r4, r5
	movs r1, #0x00
	ldsh r0, [r2, r1]
	cmp r0, #0x00
	bge _0802899C
	movs r0, #0x00
	strh r0, [r2, #0x00]
	b _080289B0
	.byte 0x00, 0x00
_08028998: .4byte 0x00000286
_0802899C:
	movs r3, #0x00
	ldsh r0, [r2, r3]
	movs r5, #0xA2
	lsls r5, r5, #0x02
	adds r1, r4, r5
	ldrh r1, [r1, #0x00]
	subs r1, #0xA0
	cmp r0, r1
	ble _080289B0
	strh r1, [r2, #0x00]
_080289B0:
	pop {r3}
	mov r8, r3
	pop {r4, r5, r6, r7}
	pop {r0}
	bx r0
	.byte 0x00, 0x00
	thumb_func_start sub_80289BC
sub_80289BC:
	push {r4, r5, r6, lr}
	add sp, #-0x00C
	adds r5, r0, #0x0
	adds r3, r1, #0x0
	movs r6, #0x00
	movs r4, #0x00
	movs r1, #0xD4
	lsls r1, r1, #0x02
	adds r0, r3, r1
	ldrb r0, [r0, #0x00]
	lsls r0, r0, #0x1C
	lsrs r0, r0, #0x1C
	cmp r0, #0x02
	beq _080289F0
	cmp r0, #0x02
	bhi _080289E2
	cmp r0, #0x01
	beq _080289EC
	b _080289F6
_080289E2:
	cmp r0, #0x04
	beq _080289F6
	cmp r0, #0x08
	beq _080289F4
	b _080289F6
_080289EC:
	movs r6, #0x04
	b _080289F6
_080289F0:
	movs r6, #0x06
	b _080289F6
_080289F4:
	movs r6, #0x02
_080289F6:
	movs r1, #0xD4
	lsls r1, r1, #0x02
	adds r0, r3, r1
	ldrb r0, [r0, #0x00]
	lsls r0, r0, #0x1A
	lsrs r0, r0, #0x1E
	cmp r0, #0x01
	beq _08028A0C
	cmp r0, #0x02
	beq _08028A10
	b _08028A12
_08028A0C:
	movs r4, #0x02
	b _08028A12
_08028A10:
	movs r4, #0x01
_08028A12:
	ldr r1, _08028A2C @ =0x00000342
	adds r0, r3, r1
	ldrb r0, [r0, #0x00]
	lsls r0, r0, #0x18
	asrs r0, r0, #0x18
	cmp r0, #0x03
	bne _08028A30
	movs r0, #0xD1
	lsls r0, r0, #0x02
	adds r1, r3, r0
	movs r0, #0x19
	b _08028AA8
	.byte 0x00, 0x00
_08028A2C: .4byte 0x00000342
_08028A30:
	movs r1, #0xD1
	lsls r1, r1, #0x02
	adds r0, r3, r1
	ldrb r0, [r0, #0x00]
	subs r0, #0x07
	lsls r0, r0, #0x18
	asrs r0, r0, #0x18
	cmp r0, #0x07
	bhi _08028AAA
	lsls r0, r0, #0x02
	ldr r1, _08028A4C @ =0x08028A50
	adds r0, r0, r1
	ldr r0, [r0, #0x00]
	mov pc, r0
_08028A4C: .4byte 0x08028A50
	.byte 0x70, 0x8A, 0x02, 0x08, 0xAA, 0x8A, 0x02, 0x08, 0x70, 0x8A, 0x02, 0x08, 0x70, 0x8A, 0x02, 0x08
	.byte 0xAA, 0x8A, 0x02, 0x08, 0x90, 0x8A, 0x02, 0x08, 0xAA, 0x8A, 0x02, 0x08, 0x90, 0x8A, 0x02, 0x08
	.byte 0x06, 0x49, 0x58, 0x18, 0x00, 0x21, 0x41, 0x56, 0x01, 0x20, 0x40, 0x42, 0x81, 0x42, 0x14, 0xD1
	.byte 0xD1, 0x20, 0x80, 0x00, 0x19, 0x18, 0x00, 0x20, 0x0E, 0xE0, 0x00, 0x00, 0x42, 0x03, 0x00, 0x00
	.byte 0x19, 0x49, 0x58, 0x18, 0x00, 0x21, 0x41, 0x56, 0x01, 0x20, 0x40, 0x42, 0x81, 0x42, 0x04, 0xD1
	.byte 0xD1, 0x20, 0x80, 0x00, 0x19, 0x18, 0x0B, 0x20
_08028AA8:
	strb r0, [r1, #0x00]
_08028AAA:
	movs r1, #0xC7
	lsls r1, r1, #0x02
	adds r0, r5, r1
	ldr r0, [r0, #0x00]
	movs r5, #0xCF
	lsls r5, r5, #0x02
	adds r1, r3, r5
	ldrb r1, [r1, #0x00]
	lsls r1, r1, #0x19
	asrs r1, r1, #0x01
	lsrs r1, r1, #0x18
	movs r5, #0x8B
	lsls r5, r5, #0x02
	adds r2, r2, r5
	ldr r2, [r2, #0x00]
	str r4, [sp, #0x000]
	movs r4, #0xD1
	lsls r4, r4, #0x02
	adds r5, r3, r4
	movs r4, #0x00
	ldsb r4, [r5, r4]
	movs r3, #0x10
	eors r4, r3
	negs r3, r4
	orrs r3, r4
	lsrs r3, r3, #0x1F
	str r3, [sp, #0x004]
	movs r3, #0x00
	ldsb r3, [r5, r3]
	lsls r3, r3, #0x10
	lsrs r3, r3, #0x10
	str r3, [sp, #0x008]
	adds r3, r6, #0x0
	bl sub_80EF874
	add sp, #0x00C
	pop {r4, r5, r6}
	pop {r0}
	bx r0
	.byte 0x42, 0x03, 0x00, 0x00
	thumb_func_start sub_8028AFC
sub_8028AFC:
	push {r4, r5, r6, r7, lr}
	mov r7, r8
	push {r7}
	adds r4, r0, #0x0
	adds r7, r1, #0x0
	ldr r1, [sp, #0x018]
	ldr r0, [sp, #0x01C]
	lsls r0, r0, #0x10
	lsrs r0, r0, #0x10
	mov r8, r0
	cmp r2, #0x01
	bne _08028B2A
	ldr r2, _08028B34 @ =0x0000027A
	adds r0, r4, r2
	movs r2, #0x00
	ldsh r0, [r0, r2]
	adds r3, r3, r0
	movs r2, #0x9F
	lsls r2, r2, #0x02
	adds r0, r4, r2
	movs r2, #0x00
	ldsh r0, [r0, r2]
	adds r1, r1, r0
_08028B2A:
	cmp r3, #0x00
	bge _08028B38
	movs r3, #0x00
	b _08028B46
	.byte 0x00, 0x00
_08028B34: .4byte 0x0000027A
_08028B38:
	ldr r2, _08028B50 @ =0x00000286
	adds r0, r4, r2
	ldrh r0, [r0, #0x00]
	subs r0, #0xF0
	cmp r3, r0
	ble _08028B46
	adds r3, r0, #0x0
_08028B46:
	cmp r1, #0x00
	bge _08028B54
	movs r1, #0x00
	b _08028B64
	.byte 0x00, 0x00
_08028B50: .4byte 0x00000286
_08028B54:
	movs r2, #0xA2
	lsls r2, r2, #0x02
	adds r0, r4, r2
	ldrh r0, [r0, #0x00]
	subs r0, #0xA0
	cmp r1, r0
	ble _08028B64
	adds r1, r0, #0x0
_08028B64:
	ldr r2, _08028BCC @ =0x0000027A
	adds r0, r4, r2
	ldrh r0, [r0, #0x00]
	adds r2, #0x72
	adds r6, r4, r2
	strh r0, [r6, #0x00]
	subs r2, #0x70
	adds r0, r4, r2
	ldrh r0, [r0, #0x00]
	adds r2, #0x72
	adds r5, r4, r2
	strh r0, [r5, #0x00]
	adds r2, #0x04
	adds r0, r4, r2
	strh r3, [r0, #0x00]
	adds r2, #0x02
	adds r3, r4, r2
	strh r1, [r3, #0x00]
	cmp r7, #0x01
	bne _08028BD4
	movs r1, #0x00
	ldsh r2, [r0, r1]
	movs r1, #0x00
	ldsh r0, [r6, r1]
	subs r2, r2, r0
	movs r0, #0x00
	ldsh r1, [r3, r0]
	movs r3, #0x00
	ldsh r0, [r5, r3]
	subs r1, r1, r0
	ldr r3, _08028BD0 @ =0x03001038
	adds r0, r2, #0x0
	muls r0, r2
	adds r2, r1, #0x0
	muls r2, r1
	adds r1, r2, #0x0
	adds r0, r0, r1
	ldr r1, [r3, #0x00]
	bl _call_via_r1
	lsls r0, r0, #0x08
	mov r3, r8
	lsls r1, r3, #0x10
	asrs r1, r1, #0x10
	bl __divsi3
	movs r2, #0xBF
	lsls r2, r2, #0x02
	adds r1, r4, r2
	adds r0, #0x01
	strh r0, [r1, #0x00]
	b _08028BDE
_08028BCC: .4byte 0x0000027A
_08028BD0: .4byte 0x03001038
_08028BD4:
	movs r3, #0xBF
	lsls r3, r3, #0x02
	adds r0, r4, r3
	mov r1, r8
	strh r1, [r0, #0x00]
_08028BDE:
	ldr r2, _08028C34 @ =0x000002FA
	adds r1, r4, r2
	movs r0, #0x00
	strh r0, [r1, #0x00]
	ldr r3, _08028C38 @ =0x000002EE
	adds r0, r4, r3
	subs r2, #0x06
	adds r1, r4, r2
	ldrh r0, [r0, #0x00]
	ldrh r1, [r1, #0x00]
	subs r0, r0, r1
	lsls r0, r0, #0x10
	asrs r0, r0, #0x10
	adds r3, #0x04
	adds r1, r4, r3
	subs r3, #0x06
	adds r2, r4, r3
	ldrh r1, [r1, #0x00]
	ldrh r2, [r2, #0x00]
	subs r1, r1, r2
	lsls r1, r1, #0x10
	asrs r1, r1, #0x10
	bl sub_81DA690
	lsrs r0, r0, #0x08
	ldr r2, _08028C3C @ =0x000002FE
	adds r1, r4, r2
	strb r0, [r1, #0x00]
	adds r2, r4, #0x0
	adds r2, #0xF9
	movs r0, #0x03
	ands r7, r0
	ldrb r1, [r2, #0x00]
	movs r0, #0x04
	negs r0, r0
	ands r0, r1
	orrs r0, r7
	strb r0, [r2, #0x00]
	pop {r3}
	mov r8, r3
	pop {r4, r5, r6, r7}
	pop {r0}
	bx r0
_08028C34: .4byte 0x000002FA
_08028C38: .4byte 0x000002EE
_08028C3C: .4byte 0x000002FE
	thumb_func_start sub_8028C40
sub_8028C40:
	push {r4, r5, r6, r7, lr}
	mov r7, r10
	mov r6, r9
	mov r5, r8
	push {r5, r6, r7}
	adds r7, r0, #0x0
	adds r0, #0xF9
	ldrb r1, [r0, #0x00]
	movs r0, #0x03
	ands r0, r1
	cmp r0, #0x00
	beq _08028D4C
	ldr r0, _08028D5C @ =0x000002FA
	adds r4, r7, r0
	ldrh r0, [r4, #0x00]
	adds r0, #0x01
	strh r0, [r4, #0x00]
	movs r1, #0xBB
	lsls r1, r1, #0x02
	adds r1, r1, r7
	mov r10, r1
	ldr r2, _08028D60 @ =0x000002F2
	adds r2, r2, r7
	mov r9, r2
	movs r3, #0x00
	ldsh r0, [r2, r3]
	movs r2, #0x00
	ldsh r1, [r1, r2]
	subs r0, r0, r1
	ldrh r1, [r4, #0x00]
	muls r0, r1
	movs r3, #0xBF
	lsls r3, r3, #0x02
	adds r3, r3, r7
	mov r8, r3
	ldrh r1, [r3, #0x00]
	bl __divsi3
	mov r2, r10
	ldrh r1, [r2, #0x00]
	adds r1, r1, r0
	ldr r3, _08028D64 @ =0x0000027A
	adds r6, r7, r3
	strh r1, [r6, #0x00]
	ldr r0, _08028D68 @ =0x000002EE
	adds r5, r7, r0
	movs r1, #0xBD
	lsls r1, r1, #0x02
	adds r0, r7, r1
	movs r2, #0x00
	ldsh r0, [r0, r2]
	movs r3, #0x00
	ldsh r1, [r5, r3]
	subs r0, r0, r1
	ldrh r1, [r4, #0x00]
	muls r0, r1
	mov r4, r8
	ldrh r1, [r4, #0x00]
	bl __divsi3
	ldrh r1, [r5, #0x00]
	adds r1, r1, r0
	movs r2, #0x9F
	lsls r2, r2, #0x02
	adds r0, r7, r2
	strh r1, [r0, #0x00]
	movs r3, #0x00
	mov r4, r9
	movs r0, #0x00
	ldsh r1, [r4, r0]
	mov r4, r10
	movs r0, #0x00
	ldsh r2, [r4, r0]
	cmp r1, r2
	blt _08028CE2
	movs r4, #0x00
	ldsh r0, [r6, r4]
	cmp r1, r0
	ble _08028CEA
	cmp r1, r2
	bgt _08028CF8
_08028CE2:
	movs r2, #0x00
	ldsh r0, [r6, r2]
	cmp r1, r0
	blt _08028CF8
_08028CEA:
	ldr r3, _08028D60 @ =0x000002F2
	adds r0, r7, r3
	ldrh r1, [r0, #0x00]
	ldr r4, _08028D64 @ =0x0000027A
	adds r0, r7, r4
	strh r1, [r0, #0x00]
	movs r3, #0x01
_08028CF8:
	movs r1, #0xBD
	lsls r1, r1, #0x02
	adds r0, r7, r1
	ldr r2, _08028D68 @ =0x000002EE
	adds r1, r7, r2
	movs r4, #0x00
	ldsh r2, [r0, r4]
	movs r0, #0x00
	ldsh r1, [r1, r0]
	cmp r2, r1
	blt _08028D20
	movs r4, #0x9F
	lsls r4, r4, #0x02
	adds r0, r7, r4
	movs r4, #0x00
	ldsh r0, [r0, r4]
	cmp r2, r0
	ble _08028D2E
	cmp r2, r1
	bgt _08028D42
_08028D20:
	movs r1, #0x9F
	lsls r1, r1, #0x02
	adds r0, r7, r1
	movs r4, #0x00
	ldsh r0, [r0, r4]
	cmp r2, r0
	blt _08028D42
_08028D2E:
	movs r1, #0xBD
	lsls r1, r1, #0x02
	adds r0, r7, r1
	ldrh r1, [r0, #0x00]
	movs r2, #0x9F
	lsls r2, r2, #0x02
	adds r0, r7, r2
	strh r1, [r0, #0x00]
	movs r0, #0x02
	orrs r3, r0
_08028D42:
	cmp r3, #0x03
	bne _08028D4C
	adds r0, r7, #0x0
	bl sub_8028E4C
_08028D4C:
	pop {r3, r4, r5}
	mov r8, r3
	mov r9, r4
	mov r10, r5
	pop {r4, r5, r6, r7}
	pop {r0}
	bx r0
	.byte 0x00, 0x00
_08028D5C: .4byte 0x000002FA
_08028D60: .4byte 0x000002F2
_08028D64: .4byte 0x0000027A
_08028D68: .4byte 0x000002EE
	thumb_func_start sub_8028D6C
sub_8028D6C:
	push {r4, r5, r6, r7, lr}
	mov r7, r8
	push {r7}
	mov r8, r0
	lsls r1, r1, #0x10
	lsrs r1, r1, #0x10
	mov r12, r1
	ldr r0, _08028DD4 @ =0x000003FF
	adds r3, r0, #0x0
	adds r0, r3, #0x0
	bics r0, r1
	adds r7, r0, #0x0
	ldr r5, _08028DD8 @ =0x0300034C
	adds r4, r5, #0x0
	adds r4, #0x78
	ldrh r2, [r4, #0x00]
	lsls r0, r2, #0x16
	lsrs r6, r0, #0x16
	ands r6, r7
	adds r1, r7, #0x0
	ands r1, r3
	ldr r0, _08028DDC @ =0xFFFFFC00
	ands r0, r2
	orrs r0, r1
	strh r0, [r4, #0x00]
	mov r0, r8
	adds r0, #0xF8
	ldrb r1, [r0, #0x00]
	movs r0, #0x20
	ands r0, r1
	cmp r0, #0x00
	bne _08028DE0
	ldrh r1, [r5, #0x3C]
	mov r0, r12
	orrs r0, r1
	strh r0, [r5, #0x3C]
	bl sub_8018818
	ldrh r0, [r5, #0x3E]
	ands r0, r6
	strh r0, [r5, #0x3E]
	adds r1, r5, #0x0
	adds r1, #0x40
	ldrh r0, [r1, #0x00]
	ands r0, r6
	strh r0, [r1, #0x00]
	adds r1, #0x02
	ldrh r0, [r1, #0x00]
	ands r6, r0
	strh r6, [r1, #0x00]
	b _08028DFE
	.byte 0x00, 0x00
_08028DD4: .4byte 0x000003FF
_08028DD8: .4byte 0x0300034C
_08028DDC: .4byte 0xFFFFFC00
_08028DE0:
	ldrh r0, [r5, #0x28]
	ands r0, r7
	strh r0, [r5, #0x3C]
	ldrh r0, [r5, #0x2A]
	ands r0, r7
	strh r0, [r5, #0x3E]
	ldrh r0, [r5, #0x2C]
	ands r0, r7
	adds r1, r5, #0x0
	adds r1, #0x40
	strh r0, [r1, #0x00]
	ldrh r0, [r5, #0x2E]
	ands r0, r7
	adds r1, #0x02
	strh r0, [r1, #0x00]
_08028DFE:
	mov r0, r8
	adds r0, #0xF8
	ldrb r1, [r0, #0x00]
	movs r2, #0x20
	orrs r1, r2
	strb r1, [r0, #0x00]
	pop {r3}
	mov r8, r3
	pop {r4, r5, r6, r7}
	pop {r0}
	bx r0
	thumb_func_start sub_8028E14
sub_8028E14:
	push {r4, r5, r6, lr}
	add sp, #-0x010
	adds r5, r1, #0x0
	adds r6, r2, #0x0
	adds r4, r3, #0x0
	movs r0, #0x01
	negs r0, r0
	cmp r4, r0
	beq _08028E2C
	adds r0, r4, #0x0
	bl sub_802191C
_08028E2C:
	movs r0, #0x00
	str r0, [sp, #0x000]
	add r0, sp, #0x00C
	str r0, [sp, #0x004]
	str r4, [sp, #0x008]
	adds r0, r5, #0x0
	adds r1, r6, #0x0
	movs r2, #0x00
	movs r3, #0x00
	bl sub_8021574
	add sp, #0x010
	pop {r4, r5, r6}
	pop {r0}
	bx r0
	.byte 0x00, 0x00
