	.include "asm/macros.inc"

	.syntax unified
	.text

	thumb_func_start sub_801B768
sub_801B768:
	push {r4, lr}
	mov r12, r0
	ldrb r0, [r0, #0x1C]
	adds r0, #0x01
	mov r1, r12
	strb r0, [r1, #0x1C]
	ldr r3, _0801B7AC @ =0x0300034C
	movs r4, #0x88
	lsls r4, r4, #0x04
	adds r3, r3, r4
	ldr r2, [r3, #0x00]
	ldrb r0, [r1, #0x1D]
	strh r0, [r2, #0x00]
	adds r2, #0x02
	ldrb r0, [r1, #0x1C]
	strh r0, [r2, #0x00]
	adds r2, #0x02
	mov r0, r12
	adds r0, #0x20
	ldrb r1, [r0, #0x00]
	lsls r1, r1, #0x0C
	adds r0, #0x01
	ldrb r0, [r0, #0x00]
	lsls r0, r0, #0x0A
	orrs r1, r0
	mov r4, r12
	ldrh r0, [r4, #0x1E]
	orrs r1, r0
	strh r1, [r2, #0x00]
	adds r2, #0x04
	str r2, [r3, #0x00]
	pop {r4}
	pop {r0}
	bx r0
_0801B7AC: .4byte 0x0300034C
	thumb_func_start sub_801B7B0
sub_801B7B0:
	push {r4, lr}
	cmp r1, #0x01
	beq _0801B7D4
	cmp r1, #0x01
	bgt _0801B7C0
	cmp r1, #0x00
	beq _0801B7CA
	b _0801B812
_0801B7C0:
	cmp r1, #0x02
	beq _0801B7E0
	cmp r1, #0x03
	beq _0801B800
	b _0801B812
_0801B7CA:
	ldr r1, _0801B7D0 @ =0x02000050
	movs r0, #0xFF
	b _0801B7E4
_0801B7D0: .4byte 0x02000050
_0801B7D4:
	ldr r1, _0801B7DC @ =0x02000050
	movs r0, #0xFF
	b _0801B804
	.byte 0x00, 0x00
_0801B7DC: .4byte 0x02000050
_0801B7E0:
	ldr r1, _0801B7F8 @ =0x02000050
	movs r0, #0xBF
_0801B7E4:
	strh r0, [r1, #0x00]
	ldr r4, _0801B7FC @ =0x02000054
	lsls r0, r2, #0x04
	adds r1, r3, #0x0
	bl __divsi3
	movs r1, #0x10
	subs r1, r1, r0
	strh r1, [r4, #0x00]
	b _0801B812
_0801B7F8: .4byte 0x02000050
_0801B7FC: .4byte 0x02000054
_0801B800:
	ldr r1, _0801B818 @ =0x02000050
	movs r0, #0xBF
_0801B804:
	strh r0, [r1, #0x00]
	ldr r4, _0801B81C @ =0x02000054
	lsls r0, r2, #0x04
	adds r1, r3, #0x0
	bl __divsi3
	strh r0, [r4, #0x00]
_0801B812:
	pop {r4}
	pop {r0}
	bx r0
_0801B818: .4byte 0x02000050
_0801B81C: .4byte 0x02000054
	thumb_func_start sub_801B820
sub_801B820:
	push {r4, lr}
	adds r4, r0, #0x0
	ldrh r0, [r4, #0x1E]
	adds r0, #0x01
	strh r0, [r4, #0x1E]
	adds r0, r4, #0x0
	adds r0, #0x20
	ldrb r1, [r0, #0x00]
	ldrh r2, [r4, #0x1E]
	ldrh r3, [r4, #0x1C]
	adds r0, r4, #0x0
	bl sub_801B7B0
	ldrh r0, [r4, #0x1E]
	ldrh r1, [r4, #0x1C]
	cmp r0, r1
	bcc _0801B852
	cmp r4, #0x00
	beq _0801B852
	ldr r0, _0801B858 @ =0x08CDBD98
	str r0, [r4, #0x18]
	adds r0, r4, #0x0
	movs r1, #0x03
	bl process_remove
_0801B852:
	pop {r4}
	pop {r0}
	bx r0
_0801B858: .4byte 0x08CDBD98
	thumb_func_start sub_801B85C
sub_801B85C:
	push {lr}
	ldr r2, _0801B86C @ =0x08CDBD98
	str r2, [r0, #0x18]
	bl process_remove
	pop {r0}
	bx r0
	.byte 0x00, 0x00
_0801B86C: .4byte 0x08CDBD98
	thumb_func_start sub_801B870
sub_801B870:
	push {r4, r5, r6, lr}
	adds r4, r0, #0x0
	adds r6, r3, #0x0
	ldr r0, [sp, #0x010]
	lsls r1, r1, #0x18
	lsrs r1, r1, #0x18
	lsls r0, r0, #0x10
	lsrs r5, r0, #0x10
	adds r0, r4, #0x0
	bl process_add
	ldr r0, _0801B8AC @ =0x08CDBD98
	str r0, [r4, #0x18]
	cmp r5, #0x00
	bne _0801B8B0
	adds r0, r4, #0x0
	adds r1, r6, #0x0
	movs r2, #0x01
	movs r3, #0x01
	bl sub_801B7B0
	bl sub_80187A8
	cmp r4, #0x00
	beq _0801B8BC
	adds r0, r4, #0x0
	movs r1, #0x03
	bl sub_801B85C
	b _0801B8BC
_0801B8AC: .4byte 0x08CDBD98
_0801B8B0:
	movs r1, #0x00
	strh r5, [r4, #0x1C]
	adds r0, r4, #0x0
	adds r0, #0x20
	strb r6, [r0, #0x00]
	strh r1, [r4, #0x1E]
_0801B8BC:
	adds r0, r4, #0x0
	pop {r4, r5, r6}
	pop {r1}
	bx r1
	.byte 0x00, 0xB5, 0x03, 0x4A, 0x82, 0x61, 0xFE, 0xF7, 0xB7, 0xF9, 0x01, 0xBC, 0x00, 0x47, 0x00, 0x00
	.byte 0x88, 0xBD, 0xCD, 0x08
	thumb_func_start time_update
time_update: @ 0801B8D8
	push {r4, r5, r6, r7, lr}
	mov r7, r10
	mov r6, r9
	mov r5, r8
	push {r5, r6, r7}
	add sp, #-0x008
	adds r5, r0, #0x0
	adds r0, #0x28
	ldrb r1, [r0, #0x00]
	movs r0, #0x02
	ands r0, r1
	lsls r0, r0, #0x18
	lsrs r3, r0, #0x18
	cmp r3, #0x00
	bne _0801B9BA
	adds r0, r5, #0x0
	adds r0, #0x29
	movs r1, #0x00
	ldsb r1, [r0, r1]
	adds r7, r0, #0x0
	cmp r1, #0x00
	ble _0801B954
	adds r1, r5, #0x0
	adds r1, #0x24
	ldrb r0, [r1, #0x00]
	adds r0, #0x01
	strb r0, [r1, #0x00]
	lsls r0, r0, #0x18
	asrs r0, r0, #0x18
	adds r6, r1, #0x0
	cmp r0, #0x3C
	bne _0801B9BA
	strb r3, [r6, #0x00]
	adds r2, r5, #0x0
	adds r2, #0x23
	ldrb r0, [r2, #0x00]
	adds r0, #0x01
	strb r0, [r2, #0x00]
	lsls r0, r0, #0x18
	asrs r0, r0, #0x18
	adds r4, r2, #0x0
	cmp r0, #0x3C
	bne _0801B9BA
	strb r3, [r4, #0x00]
	subs r2, #0x01
	ldrb r0, [r2, #0x00]
	adds r0, #0x01
	strb r0, [r2, #0x00]
	lsls r0, r0, #0x18
	asrs r0, r0, #0x18
	cmp r0, #0x64
	bne _0801B9BA
	strb r3, [r2, #0x00]
	movs r0, #0x3B
	strb r0, [r6, #0x00]
	strb r0, [r4, #0x00]
	movs r0, #0x63
	strb r0, [r2, #0x00]
	adds r1, #0x01
	strb r0, [r1, #0x00]
	strb r3, [r7, #0x00]
	b _0801B9BA
_0801B954:
	cmp r1, #0x00
	bge _0801B9BA
	adds r1, r5, #0x0
	adds r1, #0x24
	ldrb r0, [r1, #0x00]
	subs r0, #0x01
	strb r0, [r1, #0x00]
	lsls r0, r0, #0x18
	adds r6, r1, #0x0
	adds r4, r5, #0x0
	adds r4, #0x23
	adds r2, r5, #0x0
	adds r2, #0x22
	cmp r0, #0x00
	bge _0801B99E
	movs r1, #0x3B
	strb r1, [r6, #0x00]
	ldrb r0, [r4, #0x00]
	subs r0, #0x01
	strb r0, [r4, #0x00]
	lsls r0, r0, #0x18
	cmp r0, #0x00
	bge _0801B99E
	strb r1, [r4, #0x00]
	ldrb r0, [r2, #0x00]
	subs r0, #0x01
	strb r0, [r2, #0x00]
	lsls r0, r0, #0x18
	cmp r0, #0x00
	bge _0801B99E
	strb r3, [r7, #0x00]
	adds r0, r5, #0x0
	adds r0, #0x25
	strb r3, [r0, #0x00]
	strb r3, [r2, #0x00]
	strb r3, [r4, #0x00]
	strb r3, [r6, #0x00]
_0801B99E:
	movs r0, #0x00
	ldsb r0, [r6, r0]
	movs r1, #0x00
	ldsb r1, [r4, r1]
	adds r0, r0, r1
	movs r1, #0x00
	ldsb r1, [r2, r1]
	adds r0, r0, r1
	cmp r0, #0x00
	bne _0801B9BA
	adds r1, r5, #0x0
	adds r1, #0x25
	strb r0, [r1, #0x00]
	strb r0, [r7, #0x00]
_0801B9BA:
	ldrh r1, [r5, #0x20]
	ldr r0, _0801BAE8 @ =0x0000FFFF
	cmp r1, r0
	bne _0801B9C4
	b _0801BBAE
_0801B9C4:
	adds r2, r5, #0x0
	adds r2, #0x28
	ldrb r1, [r2, #0x00]
	movs r0, #0x01
	ands r0, r1
	mov r9, r2
	cmp r0, #0x00
	bne _0801B9D6
	b _0801BBAE
_0801B9D6:
	mov r2, sp
	mov r1, sp
	movs r0, #0x20
	strb r0, [r1, #0x05]
	strb r0, [r2, #0x02]
	movs r1, #0x00
	adds r0, r5, #0x0
	adds r0, #0x22
	ldrb r3, [r0, #0x00]
	adds r6, r5, #0x0
	adds r6, #0x24
	adds r4, r5, #0x0
	adds r4, #0x23
	adds r7, r5, #0x0
	adds r7, #0x25
	ldr r0, _0801BAEC @ =0x0819832C
	mov r12, r0
	ldr r2, _0801BAF0 @ =0x08198220
	movs r0, #0x26
	adds r0, r0, r5
	mov r10, r0
	movs r0, #0x27
	adds r0, r0, r5
	mov r8, r0
	cmp r3, #0x09
	bls _0801BA1C
_0801BA0A:
	adds r0, r1, #0x2
	lsls r0, r0, #0x18
	lsrs r1, r0, #0x18
	adds r0, r3, #0x0
	subs r0, #0x0A
	lsls r0, r0, #0x18
	lsrs r3, r0, #0x18
	cmp r3, #0x09
	bhi _0801BA0A
_0801BA1C:
	mov r0, sp
	strb r1, [r0, #0x00]
	movs r1, #0x00
	cmp r3, #0x00
	beq _0801BA36
_0801BA26:
	adds r0, r1, #0x2
	lsls r0, r0, #0x18
	lsrs r1, r0, #0x18
	subs r0, r3, #0x1
	lsls r0, r0, #0x18
	lsrs r3, r0, #0x18
	cmp r3, #0x00
	bne _0801BA26
_0801BA36:
	mov r0, sp
	strb r1, [r0, #0x01]
	movs r1, #0x00
	ldrb r3, [r4, #0x00]
	cmp r3, #0x09
	bls _0801BA54
_0801BA42:
	adds r0, r1, #0x2
	lsls r0, r0, #0x18
	lsrs r1, r0, #0x18
	adds r0, r3, #0x0
	subs r0, #0x0A
	lsls r0, r0, #0x18
	lsrs r3, r0, #0x18
	cmp r3, #0x09
	bhi _0801BA42
_0801BA54:
	mov r0, sp
	strb r1, [r0, #0x03]
	movs r1, #0x00
	cmp r3, #0x00
	beq _0801BA6E
_0801BA5E:
	adds r0, r1, #0x2
	lsls r0, r0, #0x18
	lsrs r1, r0, #0x18
	subs r0, r3, #0x1
	lsls r0, r0, #0x18
	lsrs r3, r0, #0x18
	cmp r3, #0x00
	bne _0801BA5E
_0801BA6E:
	mov r0, sp
	strb r1, [r0, #0x04]
	mov r1, r12
	subs r0, r1, r2
	ldr r3, _0801BAF4 @ =0x03001038
	ldr r2, [r3, #0x00]
	adds r2, r2, r0
	movs r1, #0x00
	ldsb r1, [r6, r1]
	movs r0, #0x64
	muls r0, r1
	movs r1, #0x3C
	bl _call_via_r2
	lsls r0, r0, #0x18
	lsrs r3, r0, #0x18
	strb r3, [r7, #0x00]
	movs r1, #0x00
	cmp r3, #0x09
	bls _0801BAA8
_0801BA96:
	adds r0, r1, #0x2
	lsls r0, r0, #0x18
	lsrs r1, r0, #0x18
	adds r0, r3, #0x0
	subs r0, #0x0A
	lsls r0, r0, #0x18
	lsrs r3, r0, #0x18
	cmp r3, #0x09
	bhi _0801BA96
_0801BAA8:
	mov r0, sp
	strb r1, [r0, #0x06]
	movs r1, #0x00
	cmp r3, #0x00
	beq _0801BAC2
_0801BAB2:
	adds r0, r1, #0x2
	lsls r0, r0, #0x18
	lsrs r1, r0, #0x18
	subs r0, r3, #0x1
	lsls r0, r0, #0x18
	lsrs r3, r0, #0x18
	cmp r3, #0x00
	bne _0801BAB2
_0801BAC2:
	mov r0, sp
	strb r1, [r0, #0x07]
	ldr r7, _0801BAF8 @ =0x0300034C
	movs r1, #0x88
	lsls r1, r1, #0x04
	adds r0, r7, r1
	ldr r0, [r0, #0x00]
	mov r12, r0
	mov r2, r10
	ldrb r4, [r2, #0x00]
	movs r6, #0x00
	ldr r3, _0801BAFC @ =0x000001FF
	mov r10, r3
_0801BADC:
	cmp r6, #0x02
	beq _0801BAE4
	cmp r6, #0x05
	bne _0801BB00
_0801BAE4:
	ldr r1, _0801BAE8 @ =0x0000FFFF
	b _0801BB02
_0801BAE8: .4byte 0x0000FFFF
_0801BAEC: .4byte 0x0819832C
_0801BAF0: .4byte 0x08198220
_0801BAF4: .4byte 0x03001038
_0801BAF8: .4byte 0x0300034C
_0801BAFC: .4byte 0x000001FF
_0801BB00:
	movs r1, #0x00
_0801BB02:
	mov r7, r8
	ldrb r0, [r7, #0x00]
	adds r0, r0, r1
	movs r1, #0xFF
	ands r0, r1
	ldr r2, _0801BB54 @ =0xFFFF8000
	adds r1, r2, #0x0
	orrs r0, r1
	mov r3, r12
	strh r0, [r3, #0x00]
	adds r0, r4, #0x0
	mov r7, r10
	ands r0, r7
	strh r0, [r3, #0x02]
	mov r0, r9
	ldrb r1, [r0, #0x00]
	lsls r1, r1, #0x1A
	lsrs r1, r1, #0x1C
	lsls r1, r1, #0x0C
	ldrh r0, [r5, #0x20]
	mov r3, sp
	adds r2, r3, r6
	lsrs r0, r0, #0x05
	ldrb r2, [r2, #0x00]
	adds r0, r0, r2
	orrs r1, r0
	mov r7, r12
	strh r1, [r7, #0x04]
	mov r3, r12
	adds r3, #0x08
	adds r2, r6, #0x1
	adds r0, r4, #0x0
	adds r0, #0x08
	lsls r0, r0, #0x10
	lsrs r4, r0, #0x10
	cmp r2, #0x02
	beq _0801BB50
	cmp r2, #0x05
	bne _0801BB5C
_0801BB50:
	ldr r1, _0801BB58 @ =0x0000FFFF
	b _0801BB5E
_0801BB54: .4byte 0xFFFF8000
_0801BB58: .4byte 0x0000FFFF
_0801BB5C:
	movs r1, #0x00
_0801BB5E:
	mov r7, r8
	ldrb r0, [r7, #0x00]
	adds r0, r0, r1
	movs r1, #0xFF
	ands r0, r1
	ldr r7, _0801BBC0 @ =0xFFFF8000
	adds r1, r7, #0x0
	orrs r0, r1
	strh r0, [r3, #0x00]
	adds r0, r4, #0x0
	mov r1, r10
	ands r0, r1
	strh r0, [r3, #0x02]
	mov r7, r9
	ldrb r1, [r7, #0x00]
	lsls r1, r1, #0x1A
	lsrs r1, r1, #0x1C
	lsls r1, r1, #0x0C
	ldrh r0, [r5, #0x20]
	add r2, sp
	lsrs r0, r0, #0x05
	ldrb r2, [r2, #0x00]
	adds r0, r0, r2
	orrs r1, r0
	strh r1, [r3, #0x04]
	movs r0, #0x10
	add r12, r0
	adds r6, #0x02
	adds r0, r4, #0x0
	adds r0, #0x08
	lsls r0, r0, #0x10
	lsrs r4, r0, #0x10
	cmp r6, #0x07
	ble _0801BADC
	ldr r1, _0801BBC4 @ =0x0300034C
	movs r2, #0x88
	lsls r2, r2, #0x04
	adds r0, r1, r2
	mov r3, r12
	str r3, [r0, #0x00]
_0801BBAE:
	add sp, #0x008
	pop {r3, r4, r5}
	mov r8, r3
	mov r9, r4
	mov r10, r5
	pop {r4, r5, r6, r7}
	pop {r0}
	bx r0
	.byte 0x00, 0x00
_0801BBC0: .4byte 0xFFFF8000
_0801BBC4: .4byte 0x0300034C
	.byte 0x02, 0x1C, 0x09, 0x06, 0x09, 0x0E, 0x26, 0x30, 0x01, 0x70, 0x01, 0x30, 0x01, 0x70, 0x28, 0x32
	.byte 0x10, 0x78, 0x01, 0x21, 0x08, 0x43, 0x10, 0x70, 0x70, 0x47, 0x00, 0x00
	thumb_func_start sub_801BBE4
sub_801BBE4:
	push {r4, r5, lr}
	adds r5, r0, #0x0
	lsls r3, r3, #0x18
	lsrs r3, r3, #0x18
	adds r0, #0x22
	movs r4, #0x00
	strb r1, [r0, #0x00]
	adds r0, #0x01
	strb r2, [r0, #0x00]
	adds r0, #0x01
	strb r3, [r0, #0x00]
	ldr r2, _0801BC34 @ =0x03001038
	ldr r0, _0801BC38 @ =0x0819832C
	ldr r1, _0801BC3C @ =0x08198220
	subs r0, r0, r1
	ldr r2, [r2, #0x00]
	adds r2, r2, r0
	lsls r3, r3, #0x18
	asrs r3, r3, #0x18
	movs r0, #0x64
	muls r0, r3
	movs r1, #0x3C
	bl _call_via_r2
	adds r1, r5, #0x0
	adds r1, #0x25
	strb r0, [r1, #0x00]
	adds r0, r5, #0x0
	adds r0, #0x29
	strb r4, [r0, #0x00]
	adds r2, r5, #0x0
	adds r2, #0x28
	ldrb r1, [r2, #0x00]
	movs r0, #0x03
	negs r0, r0
	ands r0, r1
	strb r0, [r2, #0x00]
	pop {r4, r5}
	pop {r0}
	bx r0
_0801BC34: .4byte 0x03001038
_0801BC38: .4byte 0x0819832C
_0801BC3C: .4byte 0x08198220
	thumb_func_start sub_801BC40
sub_801BC40:
	push {r4, r5, r6, lr}
	add sp, #-0x004
	adds r6, r0, #0x0
	lsls r1, r1, #0x10
	lsrs r4, r1, #0x10
	lsls r2, r2, #0x18
	lsrs r5, r2, #0x18
	strh r4, [r6, #0x20]
	ldr r0, _0801BC8C @ =0x0000FFFF
	cmp r4, r0
	beq _0801BC6E
	ldr r0, _0801BC90 @ =0x081E23CD
	bl sub_80198B0
	adds r2, r0, #0x0
	ldr r0, [r6, #0x1C]
	ldr r1, _0801BC94 @ =0x06010000
	adds r1, r4, r1
	movs r3, #0x00
	str r3, [sp, #0x000]
	movs r3, #0x20
	bl sub_8018218
_0801BC6E:
	adds r3, r6, #0x0
	adds r3, #0x28
	movs r0, #0x0F
	ands r5, r0
	lsls r2, r5, #0x02
	ldrb r1, [r3, #0x00]
	subs r0, #0x4C
	ands r0, r1
	orrs r0, r2
	strb r0, [r3, #0x00]
	add sp, #0x004
	pop {r4, r5, r6}
	pop {r0}
	bx r0
	.byte 0x00, 0x00
_0801BC8C: .4byte 0x0000FFFF
_0801BC90: .4byte 0x081E23CD
_0801BC94: .4byte 0x06010000
	thumb_func_start sub_801BC98
sub_801BC98:
	push {r4, r5, lr}
	adds r4, r0, #0x0
	adds r5, r1, #0x0
	ldr r0, _0801BCBC @ =0x08CDBDA8
	str r0, [r4, #0x18]
	ldr r0, [r4, #0x1C]
	cmp r0, #0x00
	beq _0801BCAC
	bl free_heap_8018D9C
_0801BCAC:
	adds r0, r4, #0x0
	adds r1, r5, #0x0
	bl process_remove
	pop {r4, r5}
	pop {r0}
	bx r0
	.byte 0x00, 0x00
_0801BCBC: .4byte 0x08CDBDA8
	thumb_func_start time_init
time_init:
	push {r4, r5, lr}
	adds r5, r0, #0x0
	lsls r1, r1, #0x18
	lsrs r1, r1, #0x18
	bl process_add
	ldr r0, _0801BD20 @ =0x08CDBDA8
	str r0, [r5, #0x18]
	ldr r4, _0801BD24 @ =0x081E23CD
	adds r0, r4, #0x0
	bl sub_80198B0
	ldr r2, _0801BD28 @ =0x081E23C8
	movs r1, #0x01
	movs r3, #0x00
	bl alloc_zero_8018DB4
	adds r1, r0, #0x0
	str r1, [r5, #0x1C]
	ldr r0, _0801BD2C @ =0x03000C84
	ldr r2, [r0, #0x00]
	adds r0, r4, #0x0
	bl _call_via_r2
	movs r1, #0x00
	movs r0, #0x00
	strh r0, [r5, #0x20]
	adds r0, r5, #0x0
	adds r0, #0x22
	strb r1, [r0, #0x00]
	adds r0, #0x01
	strb r1, [r0, #0x00]
	adds r0, #0x01
	strb r1, [r0, #0x00]
	adds r0, #0x01
	strb r1, [r0, #0x00]
	adds r2, r5, #0x0
	adds r2, #0x28
	ldrb r1, [r2, #0x00]
	movs r0, #0x02
	negs r0, r0
	ands r0, r1
	strb r0, [r2, #0x00]
	adds r0, r5, #0x0
	pop {r4, r5}
	pop {r1}
	bx r1
	.byte 0x00, 0x00
_0801BD20: .4byte 0x08CDBDA8
_0801BD24: .4byte 0x081E23CD
_0801BD28: .4byte 0x081E23C8
_0801BD2C: .4byte 0x03000C84
	thumb_func_start sub_801BD30
sub_801BD30:
	push {r4, lr}
	ldr r4, _0801BD4C @ =0x03000D44
	ldr r0, [r4, #0x00]
	cmp r0, #0x00
	beq _0801BD44
	movs r1, #0x03
	bl sub_801BC98
	movs r0, #0x00
	str r0, [r4, #0x00]
_0801BD44:
	pop {r4}
	pop {r0}
	bx r0
	.byte 0x00, 0x00
_0801BD4C: .4byte 0x03000D44
	thumb_func_start sub_801BD50
sub_801BD50:
	push {r4, r5, r6, lr}
	adds r5, r0, #0x0
	ldr r6, _0801BD80 @ =0x03000D44
	ldr r0, [r6, #0x00]
	cmp r0, #0x00
	bne _0801BD7A
	ldr r4, _0801BD84 @ =0x081E23C8
	movs r0, #0x2C
	movs r1, #0x00
	adds r2, r4, #0x0
	movs r3, #0x00
	bl alloc_Zero
	lsls r1, r5, #0x18
	lsrs r1, r1, #0x18
	adds r2, r4, #0x0
	bl time_init
	str r0, [r6, #0x00]
	bl process_disable
_0801BD7A:
	pop {r4, r5, r6}
	pop {r0}
	bx r0
_0801BD80: .4byte 0x03000D44
_0801BD84: .4byte 0x081E23C8
	thumb_func_start sub_801BD88
sub_801BD88:
	push {r4, r5, r6, r7, lr}
	mov r7, r10
	mov r6, r9
	mov r5, r8
	push {r5, r6, r7}
	add sp, #-0x004
	adds r5, r0, #0x0
	adds r6, r1, #0x0
	mov r9, r2
	mov r10, r3
	lsls r6, r6, #0x10
	lsrs r6, r6, #0x10
	mov r0, r9
	lsls r0, r0, #0x10
	lsrs r0, r0, #0x10
	mov r9, r0
	mov r1, r10
	lsls r1, r1, #0x18
	lsrs r1, r1, #0x18
	mov r10, r1
	movs r0, #0xA0
	lsls r0, r0, #0x08
	ldr r2, _0801BE60 @ =0x081E254C
	movs r1, #0x01
	movs r3, #0x01
	bl alloc_zero_8018DB4
	str r0, [r5, #0x00]
	movs r1, #0xA0
	lsls r1, r1, #0x07
	adds r0, r0, r1
	str r0, [r5, #0x04]
	movs r0, #0xA0
	lsls r0, r0, #0x02
	ldr r2, _0801BE64 @ =0x081E2554
	movs r1, #0x00
	movs r3, #0x01
	bl alloc_zero_8018DB4
	str r0, [r5, #0x08]
	ldr r4, _0801BE68 @ =0x08000AF0
	ldr r0, _0801BE6C @ =0x0800098C
	mov r8, r0
	subs r4, r4, r0
	ldr r2, _0801BE70 @ =0x081E255C
	adds r0, r4, #0x0
	movs r1, #0x00
	movs r3, #0x00
	bl alloc_zero_8018DB4
	adds r1, r0, #0x0
	str r1, [r5, #0x14]
	lsrs r4, r4, #0x02
	ldr r0, _0801BE74 @ =0x001FFFFF
	ands r4, r0
	movs r7, #0x80
	lsls r7, r7, #0x13
	orrs r4, r7
	mov r0, r8
	adds r2, r4, #0x0
	bl CpuSet
	ldr r4, _0801BE78 @ =0x0800098C
	ldr r1, _0801BE7C @ =0x08000914
	mov r8, r1
	subs r4, r4, r1
	ldr r2, _0801BE80 @ =0x081E2564
	adds r0, r4, #0x0
	movs r1, #0x00
	movs r3, #0x00
	bl alloc_zero_8018DB4
	adds r1, r0, #0x0
	str r1, [r5, #0x18]
	lsrs r4, r4, #0x02
	ldr r0, _0801BE74 @ =0x001FFFFF
	ands r4, r0
	orrs r4, r7
	mov r0, r8
	adds r2, r4, #0x0
	bl CpuSet
	movs r2, #0x00
	strh r6, [r5, #0x0C]
	mov r1, r9
	strh r1, [r5, #0x0E]
	mov r0, r10
	strb r0, [r5, #0x10]
	ldr r0, [r5, #0x04]
	movs r1, #0xC0
	lsls r1, r1, #0x13
	adds r6, r6, r1
	str r2, [sp, #0x000]
	adds r1, r6, #0x0
	movs r2, #0xA0
	lsls r2, r2, #0x07
	movs r3, #0x20
	bl sub_8018218
	adds r0, r5, #0x0
	add sp, #0x004
	pop {r3, r4, r5}
	mov r8, r3
	mov r9, r4
	mov r10, r5
	pop {r4, r5, r6, r7}
	pop {r1}
	bx r1
_0801BE60: .4byte 0x081E254C
_0801BE64: .4byte 0x081E2554
_0801BE68: .4byte 0x08000AF0
_0801BE6C: .4byte 0x0800098C
_0801BE70: .4byte 0x081E255C
_0801BE74: .4byte 0x001FFFFF
_0801BE78: .4byte 0x0800098C
_0801BE7C: .4byte 0x08000914
_0801BE80: .4byte 0x081E2564
	thumb_func_start sub_801BE84
sub_801BE84:
	push {r4, r5, r6, r7, lr}
	mov r7, r10
	mov r6, r9
	mov r5, r8
	push {r5, r6, r7}
	adds r7, r1, #0x0
	mov r8, r2
	mov r10, r3
	movs r6, #0x00
	mov r9, r6
	movs r1, #0x00
	ldsh r0, [r7, r1]
	cmp r0, #0x00
	bge _0801BEA4
	movs r6, #0x01
	b _0801BEAA
_0801BEA4:
	cmp r0, #0xEF
	ble _0801BEAA
	movs r6, #0x02
_0801BEAA:
	mov r2, r8
	movs r3, #0x00
	ldsh r0, [r2, r3]
	cmp r0, #0x00
	bge _0801BEBA
	movs r0, #0x04
	orrs r6, r0
	b _0801BEC6
_0801BEBA:
	cmp r0, #0x9F
	ble _0801BEC6
	movs r0, #0x08
	orrs r6, r0
	lsls r0, r6, #0x18
	lsrs r6, r0, #0x18
_0801BEC6:
	mov r5, r10
	movs r1, #0x00
	ldsh r0, [r5, r1]
	cmp r0, #0x00
	bge _0801BED6
	movs r2, #0x01
	mov r9, r2
	b _0801BEDE
_0801BED6:
	cmp r0, #0xEF
	ble _0801BEDE
	movs r3, #0x02
	mov r9, r3
_0801BEDE:
	ldr r5, [sp, #0x020]
	movs r1, #0x00
	ldsh r0, [r5, r1]
	cmp r0, #0x00
	bge _0801BEF2
	movs r0, #0x04
	mov r2, r9
	orrs r2, r0
	mov r9, r2
	b _0801BF02
_0801BEF2:
	cmp r0, #0x9F
	ble _0801BF02
	movs r0, #0x08
	mov r3, r9
	orrs r3, r0
	lsls r0, r3, #0x18
	lsrs r0, r0, #0x18
	mov r9, r0
_0801BF02:
	cmp r6, #0x00
	bne _0801BF0E
	mov r5, r9
	cmp r5, #0x00
	bne _0801BF0E
	b _0801C100
_0801BF0E:
	adds r5, r6, #0x0
	mov r0, r9
	ands r5, r0
	cmp r5, #0x00
	beq _0801BF1C
_0801BF18:
	movs r0, #0x00
	b _0801C102
_0801BF1C:
	cmp r6, #0x00
	beq _0801C002
	movs r0, #0x01
	ands r0, r6
	cmp r0, #0x00
	beq _0801BF58
	ldr r2, [sp, #0x020]
	movs r3, #0x00
	ldsh r1, [r2, r3]
	mov r0, r8
	movs r2, #0x00
	ldsh r4, [r0, r2]
	subs r1, r1, r4
	movs r3, #0x00
	ldsh r2, [r7, r3]
	negs r0, r2
	muls r0, r1
	mov r1, r10
	movs r3, #0x00
	ldsh r1, [r1, r3]
	subs r1, r1, r2
	bl __divsi3
	adds r0, r0, r4
	cmp r0, #0x9F
	bhi _0801BF90
	strh r5, [r7, #0x00]
	mov r5, r8
	strh r0, [r5, #0x00]
	b _0801C002
_0801BF58:
	movs r0, #0x02
	ands r0, r6
	cmp r0, #0x00
	beq _0801BF90
	ldr r0, [sp, #0x020]
	movs r2, #0x00
	ldsh r1, [r0, r2]
	mov r3, r8
	movs r5, #0x00
	ldsh r4, [r3, r5]
	subs r1, r1, r4
	movs r0, #0x00
	ldsh r2, [r7, r0]
	movs r3, #0xEF
	subs r0, r3, r2
	muls r0, r1
	mov r5, r10
	movs r3, #0x00
	ldsh r1, [r5, r3]
	subs r1, r1, r2
	bl __divsi3
	adds r0, r0, r4
	cmp r0, #0x9F
	bhi _0801BF90
	movs r5, #0xEF
	strh r5, [r7, #0x00]
	b _0801BFC4
_0801BF90:
	movs r0, #0x04
	ands r0, r6
	cmp r0, #0x00
	beq _0801BFCA
	mov r0, r10
	movs r2, #0x00
	ldsh r1, [r0, r2]
	movs r3, #0x00
	ldsh r4, [r7, r3]
	subs r1, r1, r4
	mov r5, r8
	movs r6, #0x00
	ldsh r2, [r5, r6]
	negs r0, r2
	muls r0, r1
	ldr r3, [sp, #0x020]
	movs r5, #0x00
	ldsh r1, [r3, r5]
	subs r1, r1, r2
	bl __divsi3
	adds r0, r0, r4
	cmp r0, #0xEF
	bhi _0801BF18
	strh r0, [r7, #0x00]
	movs r0, #0x00
_0801BFC4:
	mov r6, r8
	strh r0, [r6, #0x00]
	b _0801C002
_0801BFCA:
	movs r0, #0x08
	ands r6, r0
	cmp r6, #0x00
	beq _0801BF18
	mov r0, r10
	movs r2, #0x00
	ldsh r1, [r0, r2]
	movs r3, #0x00
	ldsh r4, [r7, r3]
	subs r1, r1, r4
	mov r5, r8
	movs r6, #0x00
	ldsh r2, [r5, r6]
	movs r5, #0x9F
	subs r0, r5, r2
	muls r0, r1
	ldr r3, [sp, #0x020]
	movs r6, #0x00
	ldsh r1, [r3, r6]
	subs r1, r1, r2
	bl __divsi3
	adds r0, r0, r4
	cmp r0, #0xEF
	bhi _0801BF18
	strh r0, [r7, #0x00]
	mov r0, r8
	strh r5, [r0, #0x00]
_0801C002:
	mov r1, r9
	cmp r1, #0x00
	beq _0801C100
	movs r0, #0x01
	ands r0, r1
	cmp r0, #0x00
	beq _0801C044
	ldr r2, [sp, #0x020]
	movs r3, #0x00
	ldsh r1, [r2, r3]
	mov r5, r8
	movs r6, #0x00
	ldsh r4, [r5, r6]
	subs r1, r1, r4
	movs r0, #0x00
	ldsh r2, [r7, r0]
	negs r0, r2
	muls r0, r1
	mov r3, r10
	movs r5, #0x00
	ldsh r1, [r3, r5]
	subs r1, r1, r2
	bl __divsi3
	adds r1, r0, r4
	cmp r1, #0x9F
	bhi _0801C082
	movs r0, #0x00
	mov r6, r10
	strh r0, [r6, #0x00]
	ldr r0, [sp, #0x020]
	strh r1, [r0, #0x00]
	b _0801C100
_0801C044:
	movs r0, #0x02
	mov r1, r9
	ands r0, r1
	cmp r0, #0x00
	beq _0801C082
	ldr r2, [sp, #0x020]
	movs r3, #0x00
	ldsh r1, [r2, r3]
	mov r5, r8
	movs r6, #0x00
	ldsh r4, [r5, r6]
	subs r1, r1, r4
	movs r0, #0x00
	ldsh r2, [r7, r0]
	movs r5, #0xEF
	subs r0, r5, r2
	muls r0, r1
	mov r3, r10
	movs r6, #0x00
	ldsh r1, [r3, r6]
	subs r1, r1, r2
	bl __divsi3
	adds r0, r0, r4
	cmp r0, #0x9F
	bhi _0801C082
	mov r1, r10
	strh r5, [r1, #0x00]
	ldr r2, [sp, #0x020]
	strh r0, [r2, #0x00]
	b _0801C100
_0801C082:
	movs r0, #0x04
	mov r3, r9
	ands r0, r3
	cmp r0, #0x00
	beq _0801C0C0
	mov r5, r10
	movs r6, #0x00
	ldsh r1, [r5, r6]
	movs r0, #0x00
	ldsh r4, [r7, r0]
	subs r1, r1, r4
	mov r3, r8
	movs r5, #0x00
	ldsh r2, [r3, r5]
	negs r0, r2
	muls r0, r1
	ldr r6, [sp, #0x020]
	movs r3, #0x00
	ldsh r1, [r6, r3]
	subs r1, r1, r2
	bl __divsi3
	adds r0, r0, r4
	cmp r0, #0xEF
	bls _0801C0B6
	b _0801BF18
_0801C0B6:
	mov r5, r10
	strh r0, [r5, #0x00]
	movs r0, #0x00
	strh r0, [r6, #0x00]
	b _0801C100
_0801C0C0:
	movs r0, #0x08
	mov r6, r9
	ands r6, r0
	cmp r6, #0x00
	bne _0801C0CC
	b _0801BF18
_0801C0CC:
	mov r0, r10
	movs r2, #0x00
	ldsh r1, [r0, r2]
	movs r3, #0x00
	ldsh r4, [r7, r3]
	subs r1, r1, r4
	mov r5, r8
	movs r6, #0x00
	ldsh r2, [r5, r6]
	movs r5, #0x9F
	subs r0, r5, r2
	muls r0, r1
	ldr r3, [sp, #0x020]
	movs r6, #0x00
	ldsh r1, [r3, r6]
	subs r1, r1, r2
	bl __divsi3
	adds r0, r0, r4
	cmp r0, #0xEF
	bls _0801C0F8
	b _0801BF18
_0801C0F8:
	mov r1, r10
	strh r0, [r1, #0x00]
	ldr r2, [sp, #0x020]
	strh r5, [r2, #0x00]
_0801C100:
	movs r0, #0x01
_0801C102:
	pop {r3, r4, r5}
	mov r8, r3
	mov r9, r4
	mov r10, r5
	pop {r4, r5, r6, r7}
	pop {r1}
	bx r1
	.byte 0xF0, 0xB5, 0x57, 0x46, 0x4E, 0x46, 0x45, 0x46, 0xE0, 0xB4, 0x9F, 0xB0, 0x80, 0x46, 0x27, 0x9E
	.byte 0x28, 0x9C, 0x01, 0xA8, 0x01, 0x80, 0x6D, 0x46, 0x06, 0x35, 0x2A, 0x80, 0x02, 0xA8, 0x81, 0x46
	.byte 0x03, 0x80, 0x6F, 0x46, 0x0A, 0x37, 0x3E, 0x80, 0x24, 0x06, 0x24, 0x0E, 0x03, 0x94, 0x00, 0x97
	.byte 0x40, 0x46, 0x01, 0xA9, 0x2A, 0x1C, 0x4B, 0x46, 0xFF, 0xF7, 0x9C, 0xFE, 0x00, 0x06, 0x4C, 0x46
	.byte 0x3D, 0x1C, 0x00, 0x28, 0x01, 0xD1, 0x01, 0xF0, 0xED, 0xF8, 0x01, 0xA8, 0x22, 0x88, 0x00, 0x88
	.byte 0x12, 0x1A, 0x12, 0x04, 0x28, 0x88, 0x6B, 0x46, 0xD9, 0x88, 0x40, 0x1A, 0x00, 0x04, 0x03, 0x0C
	.byte 0x11, 0x0C, 0x10, 0x14, 0x01, 0x26, 0x04, 0x96, 0x00, 0x28, 0x04, 0xDA, 0x19, 0x49, 0x04, 0x91
	.byte 0x40, 0x42, 0x00, 0x04, 0x01, 0x0C, 0x18, 0x04, 0x00, 0x14, 0x01, 0x22, 0x05, 0x92, 0x00, 0x28
	.byte 0x04, 0xDA, 0x14, 0x4B, 0x05, 0x93, 0x40, 0x42, 0x00, 0x04, 0x03, 0x0C, 0x09, 0x04, 0x0E, 0x14
	.byte 0x18, 0x04, 0x03, 0x14, 0x1D, 0x91, 0x1E, 0x90, 0x9E, 0x42, 0x01, 0xDA, 0x00, 0xF0, 0x6A, 0xFC
	.byte 0x70, 0x42, 0x00, 0x04, 0x00, 0x0C, 0x82, 0x46, 0x58, 0x00, 0x86, 0x42, 0x00, 0xDA, 0xFA, 0xE1
	.byte 0x00, 0x20, 0x06, 0x90, 0x07, 0x96, 0x01, 0xAF, 0x01, 0x21, 0x8C, 0x46, 0xA1, 0x46, 0x72, 0x00
	.byte 0x0A, 0x92, 0x04, 0x9B, 0x18, 0x04, 0x00, 0x14, 0x08, 0x90, 0x05, 0x9C, 0x20, 0x04, 0x00, 0x14
	.byte 0x09, 0x90, 0xDC, 0xE1, 0xFF, 0xFF, 0x00, 0x00, 0x1E, 0x9D, 0x2A, 0x14, 0x91, 0x00, 0x56, 0x46
	.byte 0x30, 0x04, 0x00, 0x14, 0x40, 0x18, 0x00, 0x04, 0x01, 0x0C, 0x8A, 0x46, 0x01, 0x14, 0x00, 0x29
	.byte 0x00, 0xDB, 0x8D, 0xE0, 0x03, 0x9A, 0x13, 0x04, 0x1C, 0x14, 0x6D, 0x46, 0x06, 0x26, 0xA8, 0x5F
	.byte 0x00, 0x02, 0x00, 0x21, 0x7A, 0x5E, 0x80, 0x18, 0xC1, 0x0F, 0x40, 0x18, 0x40, 0x10, 0x45, 0x46
	.byte 0x29, 0x68, 0x0E, 0x18, 0x60, 0x46, 0x02, 0x40, 0x1D, 0x1C, 0x00, 0x2A, 0x06, 0xD0, 0x30, 0x78
	.byte 0x0F, 0x21, 0x01, 0x40, 0x20, 0x01, 0x01, 0x43, 0x31, 0x70, 0x04, 0xE0, 0x31, 0x78, 0xF0, 0x20
	.byte 0x08, 0x40, 0x20, 0x43, 0x30, 0x70, 0x2E, 0x14, 0x69, 0x46, 0x0A, 0x22, 0x88, 0x5E, 0x00, 0x02
	.byte 0x4B, 0x46, 0x00, 0x24, 0x1A, 0x5F, 0x80, 0x18, 0xC1, 0x0F, 0x40, 0x18, 0x40, 0x10, 0x43, 0x46
	.byte 0x19, 0x68, 0x0B, 0x18, 0x64, 0x46, 0x22, 0x40, 0x00, 0x2A, 0x06, 0xD0, 0x18, 0x78, 0x0F, 0x21
	.byte 0x01, 0x40, 0x30, 0x01, 0x01, 0x43, 0x19, 0x70, 0x04, 0xE0, 0x19, 0x78, 0xF0, 0x20, 0x08, 0x40
	.byte 0x30, 0x43, 0x18, 0x70, 0x3A, 0x88, 0x08, 0x9E, 0xB2, 0x18, 0x2E, 0x14, 0x69, 0x46, 0x06, 0x23
	.byte 0xC8, 0x5E, 0x00, 0x02, 0x12, 0x04, 0x12, 0x14, 0x80, 0x18, 0xC1, 0x0F, 0x40, 0x18, 0x40, 0x10
	.byte 0x44, 0x46, 0x21, 0x68, 0x0B, 0x18, 0x60, 0x46, 0x02, 0x40, 0x04, 0x99, 0x0C, 0x04, 0x00, 0x2A
	.byte 0x06, 0xD0, 0x18, 0x78, 0x0F, 0x21, 0x01, 0x40, 0x30, 0x01, 0x01, 0x43, 0x19, 0x70, 0x04, 0xE0
	.byte 0x19, 0x78, 0xF0, 0x20, 0x08, 0x40, 0x30, 0x43, 0x18, 0x70, 0x4B, 0x46, 0x1A, 0x88, 0x20, 0x14
	.byte 0x12, 0x1A, 0x2B, 0x14, 0x6D, 0x46, 0x0A, 0x26, 0xA8, 0x5F, 0x00, 0x02, 0x12, 0x04, 0x12, 0x14
	.byte 0x80, 0x18, 0xC1, 0x0F, 0x40, 0x18, 0x40, 0x10, 0x45, 0x46, 0x29, 0x68, 0x0E, 0x18, 0x60, 0x46
	.byte 0x02, 0x40, 0x00, 0x2A, 0x06, 0xD0, 0x30, 0x78, 0x0F, 0x21, 0x01, 0x40, 0x18, 0x01, 0x01, 0x43
	.byte 0x31, 0x70, 0x04, 0xE0, 0x31, 0x78, 0xF0, 0x20, 0x08, 0x40, 0x18, 0x43, 0x30, 0x70, 0xE0, 0x13
	.byte 0x39, 0x88, 0x09, 0x18, 0x39, 0x80, 0x4A, 0x46, 0x11, 0x88, 0x09, 0x1A, 0x11, 0x80, 0x3B, 0xE1
	.byte 0x50, 0x00, 0x81, 0x42, 0x00, 0xDB, 0x9A, 0xE0, 0x03, 0x9C, 0x23, 0x04, 0x1C, 0x14, 0x6D, 0x46
	.byte 0x06, 0x26, 0xA8, 0x5F, 0x00, 0x02, 0x00, 0x21, 0x7A, 0x5E, 0x80, 0x18, 0xC1, 0x0F, 0x40, 0x18
	.byte 0x40, 0x10, 0x45, 0x46, 0x29, 0x68, 0x0E, 0x18, 0x60, 0x46, 0x02, 0x40, 0x1D, 0x1C, 0x00, 0x2A
	.byte 0x06, 0xD0, 0x30, 0x78, 0x0F, 0x21, 0x01, 0x40, 0x20, 0x01, 0x01, 0x43, 0x31, 0x70, 0x04, 0xE0
	.byte 0x31, 0x78, 0xF0, 0x20, 0x08, 0x40, 0x20, 0x43, 0x30, 0x70, 0x2E, 0x14, 0x69, 0x46, 0x0A, 0x22
	.byte 0x88, 0x5E, 0x00, 0x02, 0x4B, 0x46, 0x00, 0x24, 0x1A, 0x5F, 0x80, 0x18, 0xC1, 0x0F, 0x40, 0x18
	.byte 0x40, 0x10, 0x43, 0x46, 0x19, 0x68, 0x0B, 0x18, 0x64, 0x46, 0x22, 0x40, 0x00, 0x2A, 0x06, 0xD0
	.byte 0x18, 0x78, 0x0F, 0x21, 0x01, 0x40, 0x30, 0x01, 0x01, 0x43, 0x19, 0x70, 0x04, 0xE0, 0x19, 0x78
	.byte 0xF0, 0x20, 0x08, 0x40, 0x30, 0x43, 0x18, 0x70, 0x3A, 0x88, 0x08, 0x9E, 0xB2, 0x18, 0x2E, 0x14
	.byte 0x69, 0x46, 0x06, 0x23, 0xC8, 0x5E, 0x00, 0x02, 0x12, 0x04, 0x12, 0x14, 0x80, 0x18, 0xC1, 0x0F
	.byte 0x40, 0x18, 0x40, 0x10, 0x44, 0x46, 0x21, 0x68, 0x0B, 0x18, 0x60, 0x46, 0x02, 0x40, 0x04, 0x99
	.byte 0x0C, 0x04, 0x00, 0x2A, 0x06, 0xD0, 0x18, 0x78, 0x0F, 0x21, 0x01, 0x40, 0x30, 0x01, 0x01, 0x43
	.byte 0x19, 0x70, 0x04, 0xE0, 0x19, 0x78, 0xF0, 0x20, 0x08, 0x40, 0x30, 0x43, 0x18, 0x70, 0x4B, 0x46
	.byte 0x1A, 0x88, 0x20, 0x14, 0x12, 0x1A, 0x2B, 0x14, 0x6D, 0x46, 0x0A, 0x26, 0xA8, 0x5F, 0x00, 0x02
	.byte 0x12, 0x04, 0x12, 0x14, 0x80, 0x18, 0xC1, 0x0F, 0x40, 0x18, 0x40, 0x10, 0x45, 0x46, 0x29, 0x68
	.byte 0x0E, 0x18, 0x60, 0x46, 0x02, 0x40, 0x00, 0x2A, 0x06, 0xD0, 0x30, 0x78, 0x0F, 0x21, 0x01, 0x40
	.byte 0x18, 0x01, 0x01, 0x43, 0x31, 0x70, 0x04, 0xE0, 0x31, 0x78, 0xF0, 0x20, 0x08, 0x40, 0x18, 0x43
	.byte 0x30, 0x70, 0xE1, 0x13, 0x38, 0x88, 0x40, 0x18, 0x38, 0x80, 0x4A, 0x46, 0x10, 0x88, 0x40, 0x1A
	.byte 0x10, 0x80, 0x6B, 0x46, 0xD8, 0x88, 0x09, 0x9C, 0x20, 0x18, 0xD8, 0x80, 0x58, 0x89, 0x00, 0x1B
	.byte 0x58, 0x81, 0x55, 0x46, 0x28, 0x04, 0x00, 0x14, 0x0A, 0x9E, 0x80, 0x1B, 0x99, 0xE0, 0x03, 0x98
	.byte 0x03, 0x04, 0x1C, 0x14, 0x69, 0x46, 0x06, 0x22, 0x88, 0x5E, 0x00, 0x02, 0x00, 0x25, 0x7A, 0x5F
	.byte 0x80, 0x18, 0xC1, 0x0F, 0x40, 0x18, 0x40, 0x10, 0x46, 0x46, 0x31, 0x68, 0x0E, 0x18, 0x60, 0x46
	.byte 0x02, 0x40, 0x1D, 0x1C, 0x00, 0x2A, 0x06, 0xD0, 0x30, 0x78, 0x0F, 0x21, 0x01, 0x40, 0x20, 0x01
	.byte 0x01, 0x43, 0x31, 0x70, 0x04, 0xE0, 0x31, 0x78, 0xF0, 0x20, 0x08, 0x40, 0x20, 0x43, 0x30, 0x70
	.byte 0x2E, 0x14, 0x69, 0x46, 0x0A, 0x22, 0x88, 0x5E, 0x00, 0x02, 0x4B, 0x46, 0x00, 0x24, 0x1A, 0x5F
	.byte 0x80, 0x18, 0xC1, 0x0F, 0x40, 0x18, 0x40, 0x10, 0x43, 0x46, 0x19, 0x68, 0x0B, 0x18, 0x64, 0x46
	.byte 0x22, 0x40, 0x00, 0x2A, 0x06, 0xD0, 0x18, 0x78, 0x0F, 0x21, 0x01, 0x40, 0x30, 0x01, 0x01, 0x43
	.byte 0x19, 0x70, 0x04, 0xE0, 0x19, 0x78, 0xF0, 0x20, 0x08, 0x40, 0x30, 0x43, 0x18, 0x70, 0x6E, 0x46
	.byte 0xF0, 0x88, 0x09, 0x99, 0x08, 0x18, 0xF0, 0x80, 0x70, 0x89, 0x40, 0x1A, 0x70, 0x81, 0x3A, 0x88
	.byte 0x08, 0x9B, 0x9A, 0x18, 0x2E, 0x14, 0x6C, 0x46, 0x06, 0x21, 0x60, 0x5E, 0x00, 0x02, 0x12, 0x04
	.byte 0x12, 0x14, 0x80, 0x18, 0xC1, 0x0F, 0x40, 0x18, 0x40, 0x10, 0x43, 0x46, 0x19, 0x68, 0x0B, 0x18
	.byte 0x64, 0x46, 0x22, 0x40, 0x04, 0x98, 0x04, 0x04, 0x00, 0x2A, 0x06, 0xD0, 0x18, 0x78, 0x0F, 0x21
	.byte 0x01, 0x40, 0x30, 0x01, 0x01, 0x43, 0x19, 0x70, 0x04, 0xE0, 0x19, 0x78, 0xF0, 0x20, 0x08, 0x40
	.byte 0x30, 0x43, 0x18, 0x70, 0x49, 0x46, 0x0A, 0x88, 0x20, 0x14, 0x12, 0x1A, 0x2B, 0x14, 0x6D, 0x46
	.byte 0x0A, 0x26, 0xA8, 0x5F, 0x00, 0x02, 0x12, 0x04, 0x12, 0x14, 0x80, 0x18, 0xC1, 0x0F, 0x40, 0x18
	.byte 0x40, 0x10, 0x45, 0x46, 0x29, 0x68, 0x0E, 0x18, 0x60, 0x46, 0x02, 0x40, 0x00, 0x2A, 0x06, 0xD0
	.byte 0x30, 0x78, 0x0F, 0x21, 0x01, 0x40, 0x18, 0x01, 0x01, 0x43, 0x31, 0x70, 0x04, 0xE0, 0x31, 0x78
	.byte 0xF0, 0x20, 0x08, 0x40, 0x18, 0x43, 0x30, 0x70, 0xE1, 0x13, 0x38, 0x88, 0x40, 0x18, 0x38, 0x80
	.byte 0x4A, 0x46, 0x10, 0x88, 0x40, 0x1A, 0x10, 0x80, 0x53, 0x46, 0x18, 0x04, 0x00, 0x14, 0x0A, 0x9C
	.byte 0x00, 0x1B, 0x00, 0x04, 0x00, 0x0C, 0x82, 0x46, 0x06, 0x9D, 0x01, 0x35, 0x06, 0x95, 0x07, 0x98
	.byte 0x01, 0x30, 0x00, 0x28, 0x01, 0xDA, 0x07, 0x98, 0x04, 0x30, 0x80, 0x10, 0x06, 0x9E, 0x86, 0x42
	.byte 0x00, 0xDA, 0x19, 0xE6, 0x0D, 0xE2, 0x00, 0x20, 0x0B, 0x90, 0x0C, 0x96, 0x01, 0xA9, 0x8C, 0x46
	.byte 0xA9, 0x46, 0x04, 0x9A, 0x10, 0x04, 0x00, 0x14, 0x0D, 0x90, 0x05, 0x9B, 0x18, 0x04, 0x00, 0x14
	.byte 0x0E, 0x90, 0xF3, 0xE1, 0x1E, 0x9C, 0x22, 0x14, 0x91, 0x00, 0x0C, 0x9D, 0x68, 0x00, 0x09, 0x1A
	.byte 0x56, 0x46, 0x30, 0x04, 0x00, 0x14, 0x40, 0x18, 0x00, 0x04, 0x01, 0x0C, 0x8A, 0x46, 0x01, 0x14
	.byte 0x00, 0x29, 0x00, 0xDA, 0xA7, 0xE0, 0x03, 0x9A, 0x13, 0x04, 0x1C, 0x14, 0x6D, 0x46, 0x06, 0x26
	.byte 0xA8, 0x5F, 0x00, 0x02, 0x61, 0x46, 0x00, 0x25, 0x4A, 0x5F, 0x80, 0x18, 0xC1, 0x0F, 0x40, 0x18
	.byte 0x40, 0x10, 0x46, 0x46, 0x31, 0x68, 0x0E, 0x18, 0x01, 0x20, 0x02, 0x40, 0x1D, 0x1C, 0x00, 0x2A
	.byte 0x06, 0xD0, 0x30, 0x78, 0x0F, 0x21, 0x01, 0x40, 0x20, 0x01, 0x01, 0x43, 0x31, 0x70, 0x04, 0xE0
	.byte 0x31, 0x78, 0xF0, 0x20, 0x08, 0x40, 0x20, 0x43, 0x30, 0x70, 0x2E, 0x14, 0x49, 0x46, 0x00, 0x22
	.byte 0x88, 0x5E, 0x00, 0x02, 0x6B, 0x46, 0x08, 0x24, 0x1A, 0x5F, 0x80, 0x18, 0xC1, 0x0F, 0x40, 0x18
	.byte 0x40, 0x10, 0x43, 0x46, 0x19, 0x68, 0x0B, 0x18, 0x01, 0x24, 0x22, 0x40, 0x00, 0x2A, 0x06, 0xD0
	.byte 0x18, 0x78, 0x0F, 0x21, 0x01, 0x40, 0x30, 0x01, 0x01, 0x43, 0x19, 0x70, 0x04, 0xE0, 0x19, 0x78
	.byte 0xF0, 0x20, 0x08, 0x40, 0x30, 0x43, 0x18, 0x70, 0x66, 0x46, 0x32, 0x88, 0x0D, 0x98, 0x82, 0x18
	.byte 0x69, 0x46, 0xC8, 0x88, 0x0E, 0x9B, 0x18, 0x18, 0x2F, 0x14, 0x00, 0x04, 0x00, 0x12, 0x12, 0x04
	.byte 0x12, 0x14, 0x80, 0x18, 0xC1, 0x0F, 0x40, 0x18, 0x40, 0x10, 0x44, 0x46, 0x21, 0x68, 0x0E, 0x18
	.byte 0x01, 0x20, 0x02, 0x40, 0x04, 0x99, 0x0C, 0x04, 0x05, 0x98, 0x03, 0x04, 0x00, 0x2A, 0x06, 0xD0
	.byte 0x30, 0x78, 0x0F, 0x21, 0x01, 0x40, 0x38, 0x01, 0x01, 0x43, 0x31, 0x70, 0x04, 0xE0, 0x31, 0x78
	.byte 0xF0, 0x20, 0x08, 0x40, 0x38, 0x43, 0x30, 0x70, 0x69, 0x46, 0x0A, 0x89, 0x20, 0x14, 0x12, 0x1A
	.byte 0x4E, 0x46, 0x30, 0x88, 0x19, 0x14, 0x40, 0x1A, 0x2D, 0x14, 0x00, 0x04, 0x00, 0x12, 0x12, 0x04
	.byte 0x12, 0x14, 0x80, 0x18, 0xC1, 0x0F, 0x40, 0x18, 0x40, 0x10, 0x46, 0x46, 0x31, 0x68, 0x0E, 0x18
	.byte 0x01, 0x20, 0x02, 0x40, 0x00, 0x2A, 0x06, 0xD0, 0x30, 0x78, 0x0F, 0x21, 0x01, 0x40, 0x28, 0x01
	.byte 0x01, 0x43, 0x31, 0x70, 0x04, 0xE0, 0x31, 0x78, 0xF0, 0x20, 0x08, 0x40, 0x28, 0x43, 0x30, 0x70
	.byte 0xE1, 0x13, 0x62, 0x46, 0x10, 0x88, 0x40, 0x18, 0x10, 0x80, 0x6C, 0x46, 0x20, 0x89, 0x40, 0x1A
	.byte 0x20, 0x81, 0xD9, 0x13, 0xE0, 0x88, 0x40, 0x18, 0xE0, 0x80, 0x4D, 0x46, 0x28, 0x88, 0x40, 0x1A
	.byte 0x28, 0x80, 0x0C, 0x9E, 0x71, 0x00, 0x52, 0x46, 0x10, 0x04, 0x00, 0x14, 0x40, 0x1A, 0x00, 0x04
	.byte 0x00, 0x0C, 0x82, 0x46, 0x37, 0xE1, 0x0C, 0x9B, 0xD0, 0x1A, 0x40, 0x00, 0x81, 0x42, 0x00, 0xDB
	.byte 0x98, 0xE0, 0x03, 0x9C, 0x23, 0x04, 0x1C, 0x14, 0x6D, 0x46, 0x06, 0x26, 0xA8, 0x5F, 0x00, 0x02
	.byte 0x61, 0x46, 0x00, 0x25, 0x4A, 0x5F, 0x80, 0x18, 0xC1, 0x0F, 0x40, 0x18, 0x40, 0x10, 0x46, 0x46
	.byte 0x31, 0x68, 0x0E, 0x18, 0x01, 0x20, 0x02, 0x40, 0x1D, 0x1C, 0x00, 0x2A, 0x06, 0xD0, 0x30, 0x78
	.byte 0x0F, 0x21, 0x01, 0x40, 0x20, 0x01, 0x01, 0x43, 0x31, 0x70, 0x04, 0xE0, 0x31, 0x78, 0xF0, 0x20
	.byte 0x08, 0x40, 0x20, 0x43, 0x30, 0x70, 0x2E, 0x14, 0x49, 0x46, 0x00, 0x22, 0x88, 0x5E, 0x00, 0x02
	.byte 0x6B, 0x46, 0x08, 0x24, 0x1A, 0x5F, 0x80, 0x18, 0xC1, 0x0F, 0x40, 0x18, 0x40, 0x10, 0x43, 0x46
	.byte 0x19, 0x68, 0x0B, 0x18, 0x01, 0x24, 0x22, 0x40, 0x00, 0x2A, 0x06, 0xD0, 0x18, 0x78, 0x0F, 0x21
	.byte 0x01, 0x40, 0x30, 0x01, 0x01, 0x43, 0x19, 0x70, 0x04, 0xE0, 0x19, 0x78, 0xF0, 0x20, 0x08, 0x40
	.byte 0x30, 0x43, 0x18, 0x70, 0x66, 0x46, 0x32, 0x88, 0x0D, 0x98, 0x82, 0x18, 0x2E, 0x14, 0x69, 0x46
	.byte 0x06, 0x23, 0xC8, 0x5E, 0x00, 0x02, 0x12, 0x04, 0x12, 0x14, 0x80, 0x18, 0xC1, 0x0F, 0x40, 0x18
	.byte 0x40, 0x10, 0x44, 0x46, 0x21, 0x68, 0x0B, 0x18, 0x01, 0x20, 0x02, 0x40, 0x04, 0x99, 0x0C, 0x04
	.byte 0x00, 0x2A, 0x06, 0xD0, 0x18, 0x78, 0x0F, 0x21, 0x01, 0x40, 0x30, 0x01, 0x01, 0x43, 0x19, 0x70
	.byte 0x04, 0xE0, 0x19, 0x78, 0xF0, 0x20, 0x08, 0x40, 0x30, 0x43, 0x18, 0x70, 0x6B, 0x46, 0x1A, 0x89
	.byte 0x20, 0x14, 0x12, 0x1A, 0x2B, 0x14, 0x4D, 0x46, 0x00, 0x26, 0xA8, 0x5F, 0x00, 0x02, 0x12, 0x04
	.byte 0x12, 0x14, 0x80, 0x18, 0xC1, 0x0F, 0x40, 0x18, 0x40, 0x10, 0x45, 0x46, 0x29, 0x68, 0x0E, 0x18
	.byte 0x01, 0x20, 0x02, 0x40, 0x00, 0x2A, 0x06, 0xD0, 0x30, 0x78, 0x0F, 0x21, 0x01, 0x40, 0x18, 0x01
	.byte 0x01, 0x43, 0x31, 0x70, 0x04, 0xE0, 0x31, 0x78, 0xF0, 0x20, 0x08, 0x40, 0x18, 0x43, 0x30, 0x70
	.byte 0xE1, 0x13, 0x62, 0x46, 0x10, 0x88, 0x40, 0x18, 0x10, 0x80, 0x6B, 0x46, 0x18, 0x89, 0x40, 0x1A
	.byte 0x18, 0x81, 0xD8, 0x88, 0x0E, 0x9C, 0x20, 0x18, 0xD8, 0x80, 0x4D, 0x46, 0x28, 0x88, 0x00, 0x1B
	.byte 0x28, 0x80, 0x98, 0xE0, 0x03, 0x9E, 0x33, 0x04, 0x1C, 0x14, 0x69, 0x46, 0x06, 0x22, 0x88, 0x5E
	.byte 0x00, 0x02, 0x65, 0x46, 0x00, 0x26, 0xAA, 0x5F, 0x80, 0x18, 0xC1, 0x0F, 0x40, 0x18, 0x40, 0x10
	.byte 0x45, 0x46, 0x29, 0x68, 0x0E, 0x18, 0x01, 0x20, 0x02, 0x40, 0x1D, 0x1C, 0x00, 0x2A, 0x06, 0xD0
	.byte 0x30, 0x78, 0x0F, 0x21, 0x01, 0x40, 0x20, 0x01, 0x01, 0x43, 0x31, 0x70, 0x04, 0xE0, 0x31, 0x78
	.byte 0xF0, 0x20, 0x08, 0x40, 0x20, 0x43, 0x30, 0x70, 0x2E, 0x14, 0x49, 0x46, 0x00, 0x22, 0x88, 0x5E
	.byte 0x00, 0x02, 0x6B, 0x46, 0x08, 0x24, 0x1A, 0x5F, 0x80, 0x18, 0xC1, 0x0F, 0x40, 0x18, 0x40, 0x10
	.byte 0x43, 0x46, 0x19, 0x68, 0x0B, 0x18, 0x01, 0x24, 0x22, 0x40, 0x00, 0x2A, 0x06, 0xD0, 0x18, 0x78
	.byte 0x0F, 0x21, 0x01, 0x40, 0x30, 0x01, 0x01, 0x43, 0x19, 0x70, 0x04, 0xE0, 0x19, 0x78, 0xF0, 0x20
	.byte 0x08, 0x40, 0x30, 0x43, 0x18, 0x70, 0x6E, 0x46, 0xF0, 0x88, 0x0E, 0x99, 0x08, 0x18, 0xF0, 0x80
	.byte 0x4A, 0x46, 0x10, 0x88, 0x40, 0x1A, 0x10, 0x80, 0x63, 0x46, 0x1A, 0x88, 0x0D, 0x9C, 0xA2, 0x18
	.byte 0x2E, 0x14, 0x69, 0x46, 0x06, 0x23, 0xC8, 0x5E, 0x00, 0x02, 0x12, 0x04, 0x12, 0x14, 0x80, 0x18
	.byte 0xC1, 0x0F, 0x40, 0x18, 0x40, 0x10, 0x44, 0x46, 0x21, 0x68, 0x0B, 0x18, 0x01, 0x20, 0x02, 0x40
	.byte 0x04, 0x99, 0x0C, 0x04, 0x00, 0x2A, 0x06, 0xD0, 0x18, 0x78, 0x0F, 0x21, 0x01, 0x40, 0x30, 0x01
	.byte 0x01, 0x43, 0x19, 0x70, 0x04, 0xE0, 0x19, 0x78, 0xF0, 0x20, 0x08, 0x40, 0x30, 0x43, 0x18, 0x70
	.byte 0x6B, 0x46, 0x1A, 0x89, 0x20, 0x14, 0x12, 0x1A, 0x2B, 0x14, 0x4D, 0x46, 0x00, 0x26, 0xA8, 0x5F
	.byte 0x00, 0x02, 0x12, 0x04, 0x12, 0x14, 0x80, 0x18, 0xC1, 0x0F, 0x40, 0x18, 0x40, 0x10, 0x45, 0x46
	.byte 0x29, 0x68, 0x0E, 0x18, 0x01, 0x20, 0x02, 0x40, 0x00, 0x2A, 0x06, 0xD0, 0x30, 0x78, 0x0F, 0x21
	.byte 0x01, 0x40, 0x18, 0x01, 0x01, 0x43, 0x31, 0x70, 0x04, 0xE0, 0x31, 0x78, 0xF0, 0x20, 0x08, 0x40
	.byte 0x18, 0x43, 0x30, 0x70, 0xE0, 0x13, 0x62, 0x46, 0x11, 0x88, 0x09, 0x18, 0x11, 0x80, 0x6B, 0x46
	.byte 0x19, 0x89, 0x09, 0x1A, 0x19, 0x81, 0x0B, 0x9C, 0x01, 0x34, 0x0B, 0x94, 0x0C, 0x98, 0x01, 0x30
	.byte 0x00, 0x28, 0x01, 0xDA, 0x0C, 0x98, 0x04, 0x30, 0x80, 0x10, 0x0B, 0x9D, 0x85, 0x42, 0x00, 0xDA
	.byte 0x00, 0xE6, 0x01, 0x26, 0xB4, 0x46, 0x1D, 0x98, 0x00, 0x14, 0x81, 0x46, 0x4C, 0x46, 0x01, 0x34
	.byte 0x01, 0xAF, 0x6D, 0x46, 0x06, 0x35, 0x40, 0x00, 0x11, 0x90, 0x04, 0x99, 0x08, 0x04, 0x00, 0x14
	.byte 0x0F, 0x90, 0x1E, 0x9A, 0xD2, 0x13, 0x10, 0x92, 0x38, 0xE0, 0x03, 0x9E, 0x00, 0x23, 0xE8, 0x5E
	.byte 0x00, 0x02, 0x00, 0x21, 0x7A, 0x5E, 0x80, 0x18, 0xC1, 0x0F, 0x40, 0x18, 0x40, 0x10, 0x43, 0x46
	.byte 0x19, 0x68, 0x0B, 0x18, 0x01, 0x20, 0x02, 0x40, 0x00, 0x2A, 0x06, 0xD0, 0x18, 0x78, 0x0F, 0x21
	.byte 0x01, 0x40, 0x30, 0x01, 0x01, 0x43, 0x19, 0x70, 0x04, 0xE0, 0x19, 0x78, 0xF0, 0x20, 0x08, 0x40
	.byte 0x30, 0x43, 0x18, 0x70, 0x38, 0x88, 0x0F, 0x9E, 0x30, 0x18, 0x38, 0x80, 0x51, 0x46, 0x08, 0x04
	.byte 0x00, 0x14, 0x10, 0x9A, 0x80, 0x18, 0x00, 0x04, 0x03, 0x0C, 0x9A, 0x46, 0x01, 0x14, 0x00, 0x29
	.byte 0x0A, 0xDB, 0x05, 0x9E, 0x30, 0x04, 0x00, 0x14, 0x2A, 0x88, 0x80, 0x18, 0x28, 0x80, 0x11, 0x9B
	.byte 0xC8, 0x1A, 0x00, 0x04, 0x00, 0x0C, 0x82, 0x46, 0x01, 0x26, 0xB4, 0x44, 0x20, 0x1C, 0x00, 0x2C
	.byte 0x01, 0xDA, 0x48, 0x46, 0x04, 0x30, 0x80, 0x10, 0x80, 0x00, 0x20, 0x1A, 0x84, 0x45, 0xBC, 0xDB
	.byte 0x00, 0xF0, 0x58, 0xFC, 0x58, 0x42, 0x00, 0x04, 0x00, 0x0C, 0x82, 0x46, 0x70, 0x00, 0x83, 0x42
	.byte 0x00, 0xDA, 0xF3, 0xE1, 0x00, 0x20, 0x12, 0x90, 0x13, 0x93, 0x01, 0xAF, 0x01, 0x21, 0x8C, 0x46
	.byte 0xA9, 0x46, 0x5A, 0x00, 0x16, 0x92, 0x05, 0x9B, 0x18, 0x04, 0x00, 0x14, 0x14, 0x90, 0x04, 0x9C
	.byte 0x20, 0x04, 0x00, 0x14, 0x15, 0x90, 0xD5, 0xE1, 0x13, 0x9D, 0xA9, 0x00, 0x56, 0x46, 0x30, 0x04
	.byte 0x00, 0x14, 0x40, 0x18, 0x00, 0x04, 0x01, 0x0C, 0x8A, 0x46, 0x01, 0x14, 0x00, 0x29, 0x00, 0xDB
	.byte 0x8C, 0xE0, 0x03, 0x9A, 0x13, 0x04, 0x1C, 0x14, 0x6D, 0x46, 0x06, 0x26, 0xA8, 0x5F, 0x00, 0x02
	.byte 0x00, 0x21, 0x7A, 0x5E, 0x80, 0x18, 0xC1, 0x0F, 0x40, 0x18, 0x40, 0x10, 0x45, 0x46, 0x29, 0x68
	.byte 0x0E, 0x18, 0x60, 0x46, 0x02, 0x40, 0x1D, 0x1C, 0x00, 0x2A, 0x06, 0xD0, 0x30, 0x78, 0x0F, 0x21
	.byte 0x01, 0x40, 0x20, 0x01, 0x01, 0x43, 0x31, 0x70, 0x04, 0xE0, 0x31, 0x78, 0xF0, 0x20, 0x08, 0x40
	.byte 0x20, 0x43, 0x30, 0x70, 0x2E, 0x14, 0x49, 0x46, 0x00, 0x22, 0x88, 0x5E, 0x00, 0x02, 0x6B, 0x46
	.byte 0x08, 0x24, 0x1A, 0x5F, 0x80, 0x18, 0xC1, 0x0F, 0x40, 0x18, 0x40, 0x10, 0x43, 0x46, 0x19, 0x68
	.byte 0x0B, 0x18, 0x64, 0x46, 0x22, 0x40, 0x00, 0x2A, 0x06, 0xD0, 0x18, 0x78, 0x0F, 0x21, 0x01, 0x40
	.byte 0x30, 0x01, 0x01, 0x43, 0x19, 0x70, 0x04, 0xE0, 0x19, 0x78, 0xF0, 0x20, 0x08, 0x40, 0x30, 0x43
	.byte 0x18, 0x70, 0x6E, 0x46, 0xF0, 0x88, 0x14, 0x99, 0x08, 0x18, 0x2C, 0x14, 0x00, 0x04, 0x00, 0x12
	.byte 0x00, 0x23, 0xFA, 0x5E, 0x80, 0x18, 0xC1, 0x0F, 0x40, 0x18, 0x40, 0x10, 0x46, 0x46, 0x31, 0x68
	.byte 0x0E, 0x18, 0x60, 0x46, 0x02, 0x40, 0x05, 0x99, 0x0B, 0x04, 0x00, 0x2A, 0x06, 0xD0, 0x30, 0x78
	.byte 0x0F, 0x21, 0x01, 0x40, 0x20, 0x01, 0x01, 0x43, 0x31, 0x70, 0x04, 0xE0, 0x31, 0x78, 0xF0, 0x20
	.byte 0x08, 0x40, 0x20, 0x43, 0x30, 0x70, 0x4A, 0x46, 0x10, 0x88, 0x19, 0x14, 0x40, 0x1A, 0x2C, 0x14
	.byte 0x00, 0x04, 0x00, 0x12, 0x6D, 0x46, 0x08, 0x26, 0xAA, 0x5F, 0x80, 0x18, 0xC1, 0x0F, 0x40, 0x18
	.byte 0x40, 0x10, 0x45, 0x46, 0x29, 0x68, 0x0E, 0x18, 0x60, 0x46, 0x02, 0x40, 0x00, 0x2A, 0x06, 0xD0
	.byte 0x30, 0x78, 0x0F, 0x21, 0x01, 0x40, 0x20, 0x01, 0x01, 0x43, 0x31, 0x70, 0x04, 0xE0, 0x31, 0x78
	.byte 0xF0, 0x20, 0x08, 0x40, 0x20, 0x43, 0x30, 0x70, 0xD8, 0x13, 0x6A, 0x46, 0xD1, 0x88, 0x09, 0x18
	.byte 0xD1, 0x80, 0x4B, 0x46, 0x19, 0x88, 0x09, 0x1A, 0x19, 0x80, 0x38, 0xE1, 0x1D, 0x9C, 0xE0, 0x13
	.byte 0x81, 0x42, 0x00, 0xDB, 0x98, 0xE0, 0x03, 0x9D, 0x2B, 0x04, 0x1C, 0x14, 0x6E, 0x46, 0x06, 0x21
	.byte 0x70, 0x5E, 0x00, 0x02, 0x00, 0x25, 0x7A, 0x5F, 0x80, 0x18, 0xC1, 0x0F, 0x40, 0x18, 0x40, 0x10
	.byte 0x46, 0x46, 0x31, 0x68, 0x0E, 0x18, 0x60, 0x46, 0x02, 0x40, 0x1D, 0x1C, 0x00, 0x2A, 0x06, 0xD0
	.byte 0x30, 0x78, 0x0F, 0x21, 0x01, 0x40, 0x20, 0x01, 0x01, 0x43, 0x31, 0x70, 0x04, 0xE0, 0x31, 0x78
	.byte 0xF0, 0x20, 0x08, 0x40, 0x20, 0x43, 0x30, 0x70, 0x2E, 0x14, 0x49, 0x46, 0x00, 0x22, 0x88, 0x5E
	.byte 0x00, 0x02, 0x6B, 0x46, 0x08, 0x24, 0x1A, 0x5F, 0x80, 0x18, 0xC1, 0x0F, 0x40, 0x18, 0x40, 0x10
	.byte 0x43, 0x46, 0x19, 0x68, 0x0B, 0x18, 0x64, 0x46, 0x22, 0x40, 0x00, 0x2A, 0x06, 0xD0, 0x18, 0x78
	.byte 0x0F, 0x21, 0x01, 0x40, 0x30, 0x01, 0x01, 0x43, 0x19, 0x70, 0x04, 0xE0, 0x19, 0x78, 0xF0, 0x20
	.byte 0x08, 0x40, 0x30, 0x43, 0x18, 0x70, 0x6E, 0x46, 0xF0, 0x88, 0x14, 0x99, 0x08, 0x18, 0x2C, 0x14
	.byte 0x00, 0x04, 0x00, 0x12, 0x00, 0x23, 0xFA, 0x5E, 0x80, 0x18, 0xC1, 0x0F, 0x40, 0x18, 0x40, 0x10
	.byte 0x46, 0x46, 0x31, 0x68, 0x0E, 0x18, 0x60, 0x46, 0x02, 0x40, 0x05, 0x99, 0x0B, 0x04, 0x00, 0x2A
	.byte 0x06, 0xD0, 0x30, 0x78, 0x0F, 0x21, 0x01, 0x40, 0x20, 0x01, 0x01, 0x43, 0x31, 0x70, 0x04, 0xE0
	.byte 0x31, 0x78, 0xF0, 0x20, 0x08, 0x40, 0x20, 0x43, 0x30, 0x70, 0x4A, 0x46, 0x10, 0x88, 0x19, 0x14
	.byte 0x40, 0x1A, 0x2C, 0x14, 0x00, 0x04, 0x00, 0x12, 0x6D, 0x46, 0x08, 0x26, 0xAA, 0x5F, 0x80, 0x18
	.byte 0xC1, 0x0F, 0x40, 0x18, 0x40, 0x10, 0x45, 0x46, 0x29, 0x68, 0x0E, 0x18, 0x60, 0x46, 0x02, 0x40
	.byte 0x00, 0x2A, 0x06, 0xD0, 0x30, 0x78, 0x0F, 0x21, 0x01, 0x40, 0x20, 0x01, 0x01, 0x43, 0x31, 0x70
	.byte 0x04, 0xE0, 0x31, 0x78, 0xF0, 0x20, 0x08, 0x40, 0x20, 0x43, 0x30, 0x70, 0xD9, 0x13, 0x6A, 0x46
	.byte 0xD0, 0x88, 0x40, 0x18, 0xD0, 0x80, 0x4B, 0x46, 0x18, 0x88, 0x40, 0x1A, 0x18, 0x80, 0x38, 0x88
	.byte 0x15, 0x9C, 0x20, 0x18, 0x38, 0x80, 0x10, 0x89, 0x00, 0x1B, 0x10, 0x81, 0x55, 0x46, 0x28, 0x04
	.byte 0x00, 0x14, 0x16, 0x9E, 0x80, 0x1B, 0x97, 0xE0, 0x03, 0x98, 0x03, 0x04, 0x1C, 0x14, 0x69, 0x46
	.byte 0x06, 0x22, 0x88, 0x5E, 0x00, 0x02, 0x00, 0x25, 0x7A, 0x5F, 0x80, 0x18, 0xC1, 0x0F, 0x40, 0x18
	.byte 0x40, 0x10, 0x46, 0x46, 0x31, 0x68, 0x0E, 0x18, 0x60, 0x46, 0x02, 0x40, 0x1D, 0x1C, 0x00, 0x2A
	.byte 0x06, 0xD0, 0x30, 0x78, 0x0F, 0x21, 0x01, 0x40, 0x20, 0x01, 0x01, 0x43, 0x31, 0x70, 0x04, 0xE0
	.byte 0x31, 0x78, 0xF0, 0x20, 0x08, 0x40, 0x20, 0x43, 0x30, 0x70, 0x2E, 0x14, 0x49, 0x46, 0x00, 0x22
	.byte 0x88, 0x5E, 0x00, 0x02, 0x6B, 0x46, 0x08, 0x24, 0x1A, 0x5F, 0x80, 0x18, 0xC1, 0x0F, 0x40, 0x18
	.byte 0x40, 0x10, 0x43, 0x46, 0x19, 0x68, 0x0B, 0x18, 0x64, 0x46, 0x22, 0x40, 0x00, 0x2A, 0x06, 0xD0
	.byte 0x18, 0x78, 0x0F, 0x21, 0x01, 0x40, 0x30, 0x01, 0x01, 0x43, 0x19, 0x70, 0x04, 0xE0, 0x19, 0x78
	.byte 0xF0, 0x20, 0x08, 0x40, 0x30, 0x43, 0x18, 0x70, 0x38, 0x88, 0x15, 0x9E, 0x30, 0x18, 0x38, 0x80
	.byte 0x69, 0x46, 0x08, 0x89, 0x80, 0x1B, 0x08, 0x81, 0xC8, 0x88, 0x14, 0x9A, 0x10, 0x18, 0x2C, 0x14
	.byte 0x00, 0x04, 0x00, 0x12, 0x00, 0x23, 0xFA, 0x5E, 0x80, 0x18, 0xC1, 0x0F, 0x40, 0x18, 0x40, 0x10
	.byte 0x46, 0x46, 0x31, 0x68, 0x0E, 0x18, 0x60, 0x46, 0x02, 0x40, 0x05, 0x99, 0x0B, 0x04, 0x00, 0x2A
	.byte 0x06, 0xD0, 0x30, 0x78, 0x0F, 0x21, 0x01, 0x40, 0x20, 0x01, 0x01, 0x43, 0x31, 0x70, 0x04, 0xE0
	.byte 0x31, 0x78, 0xF0, 0x20, 0x08, 0x40, 0x20, 0x43, 0x30, 0x70, 0x4A, 0x46, 0x10, 0x88, 0x19, 0x14
	.byte 0x40, 0x1A, 0x2C, 0x14, 0x00, 0x04, 0x00, 0x12, 0x6D, 0x46, 0x08, 0x26, 0xAA, 0x5F, 0x80, 0x18
	.byte 0xC1, 0x0F, 0x40, 0x18, 0x40, 0x10, 0x45, 0x46, 0x29, 0x68, 0x0E, 0x18, 0x60, 0x46, 0x02, 0x40
	.byte 0x00, 0x2A, 0x06, 0xD0, 0x30, 0x78, 0x0F, 0x21, 0x01, 0x40, 0x20, 0x01, 0x01, 0x43, 0x31, 0x70
	.byte 0x04, 0xE0, 0x31, 0x78, 0xF0, 0x20, 0x08, 0x40, 0x20, 0x43, 0x30, 0x70, 0xD9, 0x13, 0x6A, 0x46
	.byte 0xD0, 0x88, 0x40, 0x18, 0xD0, 0x80, 0x4B, 0x46, 0x18, 0x88, 0x40, 0x1A, 0x18, 0x80, 0x54, 0x46
	.byte 0x20, 0x04, 0x00, 0x14, 0x16, 0x9D, 0x40, 0x1B, 0x00, 0x04, 0x00, 0x0C, 0x82, 0x46, 0x12, 0x9E
	.byte 0x01, 0x36, 0x12, 0x96, 0x13, 0x98, 0x01, 0x30, 0x00, 0x28, 0x01, 0xDA, 0x13, 0x98, 0x04, 0x30
	.byte 0x80, 0x10, 0x12, 0x99, 0x81, 0x42, 0x00, 0xDA, 0x1E, 0xE6, 0x04, 0xE2, 0x00, 0x22, 0x17, 0x92
	.byte 0x18, 0x93, 0x01, 0xAB, 0x9C, 0x46, 0xB9, 0x46, 0x04, 0x9C, 0x20, 0x04, 0x00, 0x14, 0x19, 0x90
	.byte 0xEE, 0xE1, 0x1D, 0x9D, 0x2A, 0x14, 0x91, 0x00, 0x18, 0x9E, 0x70, 0x00, 0x09, 0x1A, 0x53, 0x46
	.byte 0x18, 0x04, 0x00, 0x14, 0x40, 0x18, 0x00, 0x04, 0x04, 0x0C, 0xA2, 0x46, 0x01, 0x14, 0x00, 0x29
	.byte 0x00, 0xDA, 0xA7, 0xE0, 0x03, 0x9D, 0x2B, 0x04, 0x1C, 0x14, 0x6E, 0x46, 0x06, 0x21, 0x70, 0x5E
	.byte 0x00, 0x02, 0x65, 0x46, 0x00, 0x26, 0xAA, 0x5F, 0x80, 0x18, 0xC1, 0x0F, 0x40, 0x18, 0x40, 0x10
	.byte 0x45, 0x46, 0x29, 0x68, 0x0E, 0x18, 0x01, 0x20, 0x02, 0x40, 0x1D, 0x1C, 0x00, 0x2A, 0x06, 0xD0
	.byte 0x30, 0x78, 0x0F, 0x21, 0x01, 0x40, 0x20, 0x01, 0x01, 0x43, 0x31, 0x70, 0x04, 0xE0, 0x31, 0x78
	.byte 0xF0, 0x20, 0x08, 0x40, 0x20, 0x43, 0x30, 0x70, 0x2E, 0x14, 0x49, 0x46, 0x00, 0x22, 0x88, 0x5E
	.byte 0x00, 0x02, 0x6B, 0x46, 0x08, 0x24, 0x1A, 0x5F, 0x80, 0x18, 0xC1, 0x0F, 0x40, 0x18, 0x40, 0x10
	.byte 0x43, 0x46, 0x19, 0x68, 0x0B, 0x18, 0x01, 0x24, 0x22, 0x40, 0x00, 0x2A, 0x06, 0xD0, 0x18, 0x78
	.byte 0x0F, 0x21, 0x01, 0x40, 0x30, 0x01, 0x01, 0x43, 0x19, 0x70, 0x04, 0xE0, 0x19, 0x78, 0xF0, 0x20
	.byte 0x08, 0x40, 0x30, 0x43, 0x18, 0x70, 0x66, 0x46, 0x32, 0x88, 0x19, 0x98, 0x82, 0x18, 0x05, 0x99
	.byte 0x0B, 0x04, 0x18, 0x14, 0x6C, 0x46, 0xE4, 0x88, 0x00, 0x19, 0x2F, 0x14, 0x00, 0x04, 0x00, 0x12
	.byte 0x12, 0x04, 0x12, 0x14, 0x80, 0x18, 0xC1, 0x0F, 0x40, 0x18, 0x40, 0x10, 0x46, 0x46, 0x31, 0x68
	.byte 0x0E, 0x18, 0x01, 0x20, 0x02, 0x40, 0x04, 0x99, 0x0C, 0x04, 0x00, 0x2A, 0x06, 0xD0, 0x30, 0x78
	.byte 0x0F, 0x21, 0x01, 0x40, 0x38, 0x01, 0x01, 0x43, 0x31, 0x70, 0x04, 0xE0, 0x31, 0x78, 0xF0, 0x20
	.byte 0x08, 0x40, 0x38, 0x43, 0x30, 0x70, 0x6E, 0x46, 0x32, 0x89, 0x20, 0x14, 0x12, 0x1A, 0x49, 0x46
	.byte 0x08, 0x88, 0x19, 0x14, 0x40, 0x1A, 0x2D, 0x14, 0x00, 0x04, 0x00, 0x12, 0x12, 0x04, 0x12, 0x14
	.byte 0x80, 0x18, 0xC1, 0x0F, 0x40, 0x18, 0x40, 0x10, 0x46, 0x46, 0x31, 0x68, 0x0E, 0x18, 0x01, 0x20
	.byte 0x02, 0x40, 0x00, 0x2A, 0x06, 0xD0, 0x30, 0x78, 0x0F, 0x21, 0x01, 0x40, 0x28, 0x01, 0x01, 0x43
	.byte 0x31, 0x70, 0x04, 0xE0, 0x31, 0x78, 0xF0, 0x20, 0x08, 0x40, 0x28, 0x43, 0x30, 0x70, 0xE1, 0x13
	.byte 0x62, 0x46, 0x10, 0x88, 0x40, 0x18, 0x10, 0x80, 0x6C, 0x46, 0x20, 0x89, 0x40, 0x1A, 0x20, 0x81
	.byte 0xD9, 0x13, 0xE0, 0x88, 0x40, 0x18, 0xE0, 0x80, 0x4D, 0x46, 0x28, 0x88, 0x40, 0x1A, 0x28, 0x80
	.byte 0x18, 0x9E, 0x71, 0x00, 0x52, 0x46, 0x10, 0x04, 0x00, 0x14, 0x40, 0x1A, 0x00, 0x04, 0x00, 0x0C
	.byte 0x82, 0x46, 0x32, 0xE1, 0x18, 0x9B, 0x98, 0x1A, 0x40, 0x00, 0x81, 0x42, 0x00, 0xDB, 0x96, 0xE0
	.byte 0x03, 0x9C, 0x23, 0x04, 0x1C, 0x14, 0x6D, 0x46, 0x06, 0x26, 0xA8, 0x5F, 0x00, 0x02, 0x61, 0x46
	.byte 0x00, 0x25, 0x4A, 0x5F, 0x80, 0x18, 0xC1, 0x0F, 0x40, 0x18, 0x40, 0x10, 0x46, 0x46, 0x31, 0x68
	.byte 0x0E, 0x18, 0x01, 0x20, 0x02, 0x40, 0x1D, 0x1C, 0x00, 0x2A, 0x06, 0xD0, 0x30, 0x78, 0x0F, 0x21
	.byte 0x01, 0x40, 0x20, 0x01, 0x01, 0x43, 0x31, 0x70, 0x04, 0xE0, 0x31, 0x78, 0xF0, 0x20, 0x08, 0x40
	.byte 0x20, 0x43, 0x30, 0x70, 0x2E, 0x14, 0x49, 0x46, 0x00, 0x22, 0x88, 0x5E, 0x00, 0x02, 0x6B, 0x46
	.byte 0x08, 0x24, 0x1A, 0x5F, 0x80, 0x18, 0xC1, 0x0F, 0x40, 0x18, 0x40, 0x10, 0x43, 0x46, 0x19, 0x68
	.byte 0x0B, 0x18, 0x01, 0x24, 0x22, 0x40, 0x00, 0x2A, 0x06, 0xD0, 0x18, 0x78, 0x0F, 0x21, 0x01, 0x40
	.byte 0x30, 0x01, 0x01, 0x43, 0x19, 0x70, 0x04, 0xE0, 0x19, 0x78, 0xF0, 0x20, 0x08, 0x40, 0x30, 0x43
	.byte 0x18, 0x70, 0x05, 0x9E, 0x33, 0x04, 0x18, 0x14, 0x69, 0x46, 0xC9, 0x88, 0x40, 0x18, 0x2C, 0x14
	.byte 0x00, 0x04, 0x00, 0x12, 0x66, 0x46, 0x00, 0x21, 0x72, 0x5E, 0x80, 0x18, 0xC1, 0x0F, 0x40, 0x18
	.byte 0x40, 0x10, 0x46, 0x46, 0x31, 0x68, 0x0E, 0x18, 0x01, 0x20, 0x02, 0x40, 0x00, 0x2A, 0x06, 0xD0
	.byte 0x30, 0x78, 0x0F, 0x21, 0x01, 0x40, 0x20, 0x01, 0x01, 0x43, 0x31, 0x70, 0x04, 0xE0, 0x31, 0x78
	.byte 0xF0, 0x20, 0x08, 0x40, 0x20, 0x43, 0x30, 0x70, 0x49, 0x46, 0x08, 0x88, 0x19, 0x14, 0x40, 0x1A
	.byte 0x2C, 0x14, 0x00, 0x04, 0x00, 0x12, 0x6D, 0x46, 0x08, 0x26, 0xAA, 0x5F, 0x80, 0x18, 0xC1, 0x0F
	.byte 0x40, 0x18, 0x40, 0x10, 0x45, 0x46, 0x29, 0x68, 0x0E, 0x18, 0x01, 0x20, 0x02, 0x40, 0x00, 0x2A
	.byte 0x06, 0xD0, 0x30, 0x78, 0x0F, 0x21, 0x01, 0x40, 0x20, 0x01, 0x01, 0x43, 0x31, 0x70, 0x04, 0xE0
	.byte 0x31, 0x78, 0xF0, 0x20, 0x08, 0x40, 0x20, 0x43, 0x30, 0x70, 0xD9, 0x13, 0x6A, 0x46, 0xD0, 0x88
	.byte 0x40, 0x18, 0xD0, 0x80, 0x4B, 0x46, 0x18, 0x88, 0x40, 0x1A, 0x18, 0x80, 0x64, 0x46, 0x20, 0x88
	.byte 0x19, 0x9D, 0x28, 0x18, 0x20, 0x80, 0x10, 0x89, 0x40, 0x1B, 0x10, 0x81, 0x95, 0xE0, 0x03, 0x9E
	.byte 0x33, 0x04, 0x1C, 0x14, 0x69, 0x46, 0x06, 0x22, 0x88, 0x5E, 0x00, 0x02, 0x65, 0x46, 0x00, 0x26
	.byte 0xAA, 0x5F, 0x80, 0x18, 0xC1, 0x0F, 0x40, 0x18, 0x40, 0x10, 0x45, 0x46, 0x29, 0x68, 0x0E, 0x18
	.byte 0x01, 0x20, 0x02, 0x40, 0x1D, 0x1C, 0x00, 0x2A, 0x06, 0xD0, 0x30, 0x78, 0x0F, 0x21, 0x01, 0x40
	.byte 0x20, 0x01, 0x01, 0x43, 0x31, 0x70, 0x04, 0xE0, 0x31, 0x78, 0xF0, 0x20, 0x08, 0x40, 0x20, 0x43
	.byte 0x30, 0x70, 0x2E, 0x14, 0x49, 0x46, 0x00, 0x22, 0x88, 0x5E, 0x00, 0x02, 0x6B, 0x46, 0x08, 0x24
	.byte 0x1A, 0x5F, 0x80, 0x18, 0xC1, 0x0F, 0x40, 0x18, 0x40, 0x10, 0x43, 0x46, 0x19, 0x68, 0x0B, 0x18
	.byte 0x01, 0x24, 0x22, 0x40, 0x00, 0x2A, 0x06, 0xD0, 0x18, 0x78, 0x0F, 0x21, 0x01, 0x40, 0x30, 0x01
	.byte 0x01, 0x43, 0x19, 0x70, 0x04, 0xE0, 0x19, 0x78, 0xF0, 0x20, 0x08, 0x40, 0x30, 0x43, 0x18, 0x70
	.byte 0x66, 0x46, 0x30, 0x88, 0x19, 0x99, 0x08, 0x18, 0x30, 0x80, 0x6A, 0x46, 0x10, 0x89, 0x40, 0x1A
	.byte 0x10, 0x81, 0x05, 0x9C, 0x23, 0x04, 0x18, 0x14, 0xD6, 0x88, 0x80, 0x19, 0x2C, 0x14, 0x00, 0x04
	.byte 0x00, 0x12, 0x61, 0x46, 0x00, 0x26, 0x8A, 0x5F, 0x80, 0x18, 0xC1, 0x0F, 0x40, 0x18, 0x40, 0x10
	.byte 0x46, 0x46, 0x31, 0x68, 0x0E, 0x18, 0x01, 0x20, 0x02, 0x40, 0x00, 0x2A, 0x06, 0xD0, 0x30, 0x78
	.byte 0x0F, 0x21, 0x01, 0x40, 0x20, 0x01, 0x01, 0x43, 0x31, 0x70, 0x04, 0xE0, 0x31, 0x78, 0xF0, 0x20
	.byte 0x08, 0x40, 0x20, 0x43, 0x30, 0x70, 0x49, 0x46, 0x08, 0x88, 0x19, 0x14, 0x40, 0x1A, 0x2C, 0x14
	.byte 0x00, 0x04, 0x00, 0x12, 0x6D, 0x46, 0x08, 0x26, 0xAA, 0x5F, 0x80, 0x18, 0xC1, 0x0F, 0x40, 0x18
	.byte 0x40, 0x10, 0x45, 0x46, 0x29, 0x68, 0x0E, 0x18, 0x01, 0x20, 0x02, 0x40, 0x00, 0x2A, 0x06, 0xD0
	.byte 0x30, 0x78, 0x0F, 0x21, 0x01, 0x40, 0x20, 0x01, 0x01, 0x43, 0x31, 0x70, 0x04, 0xE0, 0x31, 0x78
	.byte 0xF0, 0x20, 0x08, 0x40, 0x20, 0x43, 0x30, 0x70, 0xD8, 0x13, 0x6A, 0x46, 0xD1, 0x88, 0x09, 0x18
	.byte 0xD1, 0x80, 0x4B, 0x46, 0x19, 0x88, 0x09, 0x1A, 0x19, 0x80, 0x17, 0x9C, 0x01, 0x34, 0x17, 0x94
	.byte 0x18, 0x98, 0x01, 0x30, 0x00, 0x28, 0x01, 0xDA, 0x18, 0x98, 0x04, 0x30, 0x80, 0x10, 0x17, 0x9D
	.byte 0x85, 0x42, 0x00, 0xDA, 0x05, 0xE6, 0x01, 0x26, 0xB4, 0x46, 0x1E, 0x98, 0x00, 0x14, 0x81, 0x46
	.byte 0x4C, 0x46, 0x01, 0x34, 0x01, 0xAF, 0x6D, 0x46, 0x06, 0x35, 0x40, 0x00, 0x1C, 0x90, 0x05, 0x99
	.byte 0x08, 0x04, 0x00, 0x14, 0x1A, 0x90, 0x1D, 0x9A, 0xD2, 0x13, 0x1B, 0x92, 0x38, 0xE0, 0x03, 0x9B
	.byte 0x00, 0x26, 0xA8, 0x5F, 0x00, 0x02, 0x00, 0x21, 0x7A, 0x5E, 0x80, 0x18, 0xC1, 0x0F, 0x40, 0x18
	.byte 0x40, 0x10, 0x46, 0x46, 0x31, 0x68, 0x0E, 0x18, 0x01, 0x20, 0x02, 0x40, 0x00, 0x2A, 0x06, 0xD0
	.byte 0x30, 0x78, 0x0F, 0x21, 0x01, 0x40, 0x18, 0x01, 0x01, 0x43, 0x31, 0x70, 0x04, 0xE0, 0x31, 0x78
	.byte 0xF0, 0x20, 0x08, 0x40, 0x18, 0x43, 0x30, 0x70, 0x28, 0x88, 0x1A, 0x99, 0x08, 0x18, 0x28, 0x80
	.byte 0x52, 0x46, 0x10, 0x04, 0x00, 0x14, 0x1B, 0x9B, 0xC0, 0x18, 0x00, 0x04, 0x06, 0x0C, 0xB2, 0x46
	.byte 0x01, 0x14, 0x00, 0x29, 0x0A, 0xDB, 0x04, 0x9A, 0x10, 0x04, 0x00, 0x14, 0x3B, 0x88, 0xC0, 0x18
	.byte 0x38, 0x80, 0x1C, 0x9E, 0x88, 0x1B, 0x00, 0x04, 0x00, 0x0C, 0x82, 0x46, 0x01, 0x20, 0x84, 0x44
	.byte 0x20, 0x1C, 0x00, 0x2C, 0x01, 0xDA, 0x48, 0x46, 0x04, 0x30, 0x80, 0x10, 0x80, 0x00, 0x20, 0x1A
	.byte 0x84, 0x45, 0xBC, 0xDB, 0x1F, 0xB0, 0x38, 0xBC, 0x98, 0x46, 0xA1, 0x46, 0xAA, 0x46, 0xF0, 0xBC
	.byte 0x01, 0xBC, 0x00, 0x47, 0xF0, 0xB5, 0x57, 0x46, 0x4E, 0x46, 0x45, 0x46, 0xE0, 0xB4, 0x8E, 0xB0
	.byte 0x81, 0x46, 0x16, 0x9E, 0x17, 0x9C, 0x01, 0xA8, 0x01, 0x80, 0x6D, 0x46, 0x06, 0x35, 0x2A, 0x80
	.byte 0x02, 0xA8, 0x80, 0x46, 0x03, 0x80, 0x6F, 0x46, 0x0A, 0x37, 0x3E, 0x80, 0x24, 0x06, 0x24, 0x0E
	.byte 0x03, 0x94, 0x00, 0x97, 0x48, 0x46, 0x01, 0xA9, 0x2A, 0x1C, 0x43, 0x46, 0xFE, 0xF7, 0x82, 0xFD
	.byte 0x00, 0x06, 0xC2, 0x46, 0xBC, 0x46, 0x00, 0x28, 0x00, 0xD1, 0x70, 0xE1, 0x01, 0xA8, 0x51, 0x46
	.byte 0x0A, 0x88, 0x00, 0x88, 0x12, 0x1A, 0x12, 0x04, 0x63, 0x46, 0x18, 0x88, 0x6E, 0x46, 0xF1, 0x88
	.byte 0x40, 0x1A, 0x00, 0x04, 0x04, 0x0C, 0x15, 0x0C, 0x10, 0x14, 0x00, 0x28, 0x02, 0xD1, 0x00, 0x2C
	.byte 0x00, 0xD1, 0x5C, 0xE1, 0x01, 0x21, 0x04, 0x91, 0x00, 0x28, 0x04, 0xDA, 0x25, 0x4A, 0x04, 0x92
	.byte 0x40, 0x42, 0x00, 0x04, 0x05, 0x0C, 0x20, 0x04, 0x00, 0x14, 0x01, 0x26, 0x00, 0x28, 0x03, 0xDA
	.byte 0x20, 0x4E, 0x40, 0x42, 0x00, 0x04, 0x04, 0x0C, 0x29, 0x04, 0x0B, 0x14, 0x20, 0x04, 0x02, 0x14
	.byte 0x0C, 0x91, 0x0D, 0x90, 0x93, 0x42, 0x00, 0xDA, 0x9C, 0xE0, 0x58, 0x42, 0x00, 0x04, 0x04, 0x0C
	.byte 0x00, 0x20, 0x80, 0x46, 0x59, 0x1C, 0xC8, 0x0F, 0x08, 0x18, 0x40, 0x10, 0x80, 0x45, 0x76, 0xDA
	.byte 0x01, 0xAF, 0x03, 0x9A, 0x10, 0x04, 0x02, 0x14, 0x05, 0x92, 0x0B, 0x90, 0x04, 0x9A, 0x10, 0x04
	.byte 0x00, 0x14, 0x06, 0x90, 0x30, 0x04, 0x00, 0x14, 0x84, 0x46, 0x5B, 0x00, 0x07, 0x93, 0x8A, 0x46
	.byte 0x6B, 0x46, 0x06, 0x26, 0x98, 0x5F, 0x00, 0x02, 0x00, 0x21, 0x7A, 0x5E, 0x80, 0x18, 0xC1, 0x0F
	.byte 0x40, 0x18, 0x40, 0x10, 0x4B, 0x46, 0x19, 0x68, 0x0B, 0x18, 0x01, 0x20, 0x02, 0x40, 0x00, 0x2A
	.byte 0x0A, 0xD0, 0x18, 0x78, 0x0F, 0x21, 0x01, 0x40, 0x05, 0x9E, 0x30, 0x01, 0x01, 0x43, 0x19, 0x70
	.byte 0x08, 0xE0, 0x00, 0x00, 0xFF, 0xFF, 0x00, 0x00, 0x19, 0x78, 0xF0, 0x20, 0x08, 0x40, 0x05, 0x99
	.byte 0x08, 0x43, 0x18, 0x70, 0x0B, 0x9A, 0x16, 0x14, 0x6B, 0x46, 0x0A, 0x21, 0x58, 0x5E, 0x00, 0x02
	.byte 0x08, 0x21, 0x5A, 0x5E, 0x80, 0x18, 0xC1, 0x0F, 0x40, 0x18, 0x40, 0x10, 0x4B, 0x46, 0x19, 0x68
	.byte 0x0B, 0x18, 0x01, 0x20, 0x02, 0x40, 0x00, 0x2A, 0x06, 0xD0, 0x18, 0x78, 0x0F, 0x21, 0x01, 0x40
	.byte 0x30, 0x01, 0x01, 0x43, 0x19, 0x70, 0x04, 0xE0, 0x19, 0x78, 0xF0, 0x20, 0x08, 0x40, 0x30, 0x43
	.byte 0x18, 0x70, 0x38, 0x88, 0x06, 0x9E, 0x30, 0x18, 0x38, 0x80, 0x69, 0x46, 0x08, 0x89, 0x80, 0x1B
	.byte 0x08, 0x81, 0x0D, 0x9A, 0xD1, 0x13, 0x20, 0x04, 0x00, 0x14, 0x40, 0x18, 0x00, 0x04, 0x04, 0x0C
	.byte 0x01, 0x14, 0x00, 0x29, 0x0B, 0xDB, 0x6B, 0x46, 0xD8, 0x88, 0x60, 0x44, 0xD8, 0x80, 0x58, 0x89
	.byte 0x66, 0x46, 0x80, 0x1B, 0x58, 0x81, 0x07, 0x9A, 0x88, 0x1A, 0x00, 0x04, 0x04, 0x0C, 0x01, 0x23
	.byte 0x98, 0x44, 0x56, 0x46, 0xF0, 0x0F, 0x50, 0x44, 0x40, 0x10, 0x80, 0x45, 0x98, 0xDB, 0x01, 0x20
	.byte 0x45, 0x40, 0x05, 0x40, 0x00, 0x2D, 0x00, 0xD1, 0xB9, 0xE0, 0x01, 0xA9, 0x03, 0x9C, 0x6A, 0x46
	.byte 0x06, 0x23, 0xD0, 0x5E, 0x00, 0x02, 0x00, 0x26, 0x8A, 0x5F, 0x80, 0x18, 0xC1, 0x0F, 0x40, 0x18
	.byte 0x40, 0x10, 0x4B, 0x46, 0x19, 0x68, 0x0D, 0x18, 0x01, 0x20, 0x02, 0x40, 0x00, 0x2A, 0x00, 0xD0
	.byte 0x99, 0xE0, 0x9F, 0xE0, 0x50, 0x42, 0x00, 0x04, 0x05, 0x0C, 0x00, 0x20, 0x82, 0x46, 0x51, 0x1C
	.byte 0xC8, 0x0F, 0x08, 0x18, 0x40, 0x10, 0x82, 0x45, 0x75, 0xDA, 0x01, 0xAB, 0x9C, 0x46, 0x03, 0x9B
	.byte 0x18, 0x04, 0x03, 0x14, 0x08, 0x93, 0x0B, 0x90, 0x30, 0x04, 0x00, 0x14, 0x09, 0x90, 0x04, 0x9E
	.byte 0x30, 0x04, 0x00, 0x14, 0x80, 0x46, 0x52, 0x00, 0x0A, 0x92, 0x0F, 0x1C, 0x69, 0x46, 0x06, 0x22
	.byte 0x88, 0x5E, 0x00, 0x02, 0x63, 0x46, 0x00, 0x26, 0x9A, 0x5F, 0x80, 0x18, 0xC1, 0x0F, 0x40, 0x18
	.byte 0x40, 0x10, 0x4B, 0x46, 0x19, 0x68, 0x0E, 0x18, 0x01, 0x20, 0x02, 0x40, 0x00, 0x2A, 0x07, 0xD0
	.byte 0x30, 0x78, 0x0F, 0x21, 0x01, 0x40, 0x08, 0x9A, 0x10, 0x01, 0x01, 0x43, 0x31, 0x70, 0x05, 0xE0
	.byte 0x31, 0x78, 0xF0, 0x20, 0x08, 0x40, 0x08, 0x9B, 0x18, 0x43, 0x30, 0x70, 0x0B, 0x9E, 0x33, 0x14
	.byte 0x69, 0x46, 0x0A, 0x22, 0x88, 0x5E, 0x00, 0x02, 0x08, 0x26, 0x8A, 0x5F, 0x80, 0x18, 0xC1, 0x0F
	.byte 0x40, 0x18, 0x40, 0x10, 0x4E, 0x46, 0x31, 0x68, 0x0E, 0x18, 0x01, 0x20, 0x02, 0x40, 0x00, 0x2A
	.byte 0x06, 0xD0, 0x30, 0x78, 0x0F, 0x21, 0x01, 0x40, 0x18, 0x01, 0x01, 0x43, 0x31, 0x70, 0x04, 0xE0
	.byte 0x31, 0x78, 0xF0, 0x20, 0x08, 0x40, 0x18, 0x43, 0x30, 0x70, 0x69, 0x46, 0xC8, 0x88, 0x09, 0x9A
	.byte 0x10, 0x18, 0xC8, 0x80, 0x48, 0x89, 0x80, 0x1A, 0x48, 0x81, 0x0C, 0x9B, 0xD9, 0x13, 0x28, 0x04
	.byte 0x00, 0x14, 0x40, 0x18, 0x00, 0x04, 0x05, 0x0C, 0x01, 0x14, 0x00, 0x29, 0x0C, 0xDB, 0x66, 0x46
	.byte 0x30, 0x88, 0x40, 0x44, 0x30, 0x80, 0x6A, 0x46, 0x10, 0x89, 0x43, 0x46, 0xC0, 0x1A, 0x10, 0x81
	.byte 0x0A, 0x9E, 0x88, 0x1B, 0x00, 0x04, 0x05, 0x0C, 0x01, 0x20, 0x82, 0x44, 0xF8, 0x0F, 0x38, 0x18
	.byte 0x40, 0x10, 0x82, 0x45, 0x9A, 0xDB, 0x01, 0x20, 0x44, 0x40, 0x04, 0x40, 0x00, 0x2C, 0x1E, 0xD0
	.byte 0x01, 0xA9, 0x03, 0x9C, 0x6A, 0x46, 0x06, 0x23, 0xD0, 0x5E, 0x00, 0x02, 0x00, 0x26, 0x8A, 0x5F
	.byte 0x80, 0x18, 0xC1, 0x0F, 0x40, 0x18, 0x40, 0x10, 0x4B, 0x46, 0x19, 0x68, 0x0D, 0x18, 0x01, 0x20
	.byte 0x02, 0x40, 0x00, 0x2A, 0x06, 0xD0, 0x28, 0x78, 0x0F, 0x21, 0x01, 0x40, 0x20, 0x01, 0x01, 0x43
	.byte 0x29, 0x70, 0x04, 0xE0, 0x29, 0x78, 0xF0, 0x20, 0x08, 0x40, 0x20, 0x43, 0x28, 0x70, 0x0E, 0xB0
	.byte 0x38, 0xBC, 0x98, 0x46, 0xA1, 0x46, 0xAA, 0x46, 0xF0, 0xBC, 0x01, 0xBC, 0x00, 0x47, 0x00, 0x00
	thumb_func_start sub_801D680
sub_801D680:
	push {r4, r5, r6, r7, lr}
	mov r7, r10
	mov r6, r9
	mov r5, r8
	push {r5, r6, r7}
	add sp, #-0x020
	mov r10, r0
	ldr r5, [sp, #0x040]
	mov r0, sp
	strh r1, [r0, #0x00]
	mov r4, sp
	adds r4, #0x02
	strh r2, [r4, #0x00]
	add r1, sp, #0x004
	strh r3, [r1, #0x00]
	adds r0, #0x06
	strh r5, [r0, #0x00]
	mov r5, sp
	adds r7, r4, #0x0
	mov r9, r1
	mov r8, r0
	movs r1, #0x00
	movs r6, #0x00
	movs r2, #0x00
	ldsh r0, [r7, r2]
	cmp r0, #0x00
	bge _0801D6BA
	movs r1, #0x04
	b _0801D6C0
_0801D6BA:
	cmp r0, #0x9F
	ble _0801D6C0
	movs r1, #0x08
_0801D6C0:
	mov r3, r8
	movs r4, #0x00
	ldsh r0, [r3, r4]
	cmp r0, #0x00
	bge _0801D6D0
	movs r0, #0x04
	orrs r6, r0
	b _0801D6DC
_0801D6D0:
	cmp r0, #0x9F
	ble _0801D6DC
	movs r0, #0x08
	orrs r6, r0
	lsls r0, r6, #0x18
	lsrs r6, r0, #0x18
_0801D6DC:
	cmp r1, #0x00
	bne _0801D6E4
	cmp r6, #0x00
	beq _0801D7B0
_0801D6E4:
	adds r4, r1, #0x0
	ands r4, r6
	cmp r4, #0x00
	beq _0801D6F0
	movs r0, #0x00
	b _0801D7B2
_0801D6F0:
	cmp r1, #0x00
	beq _0801D742
	movs r0, #0x04
	ands r0, r1
	cmp r0, #0x00
	beq _0801D710
	mov r0, r9
	movs r2, #0x00
	ldsh r1, [r0, r2]
	movs r3, #0x00
	ldsh r0, [r5, r3]
	subs r1, r1, r0
	movs r0, #0x00
	ldsh r2, [r7, r0]
	negs r0, r2
	b _0801D72C
_0801D710:
	movs r0, #0x08
	ands r1, r0
	cmp r1, #0x00
	beq _0801D742
	mov r4, r9
	movs r0, #0x00
	ldsh r1, [r4, r0]
	movs r2, #0x00
	ldsh r0, [r5, r2]
	subs r1, r1, r0
	movs r3, #0x00
	ldsh r2, [r7, r3]
	movs r4, #0x9F
	subs r0, r4, r2
_0801D72C:
	muls r0, r1
	mov r1, r8
	movs r3, #0x00
	ldsh r1, [r1, r3]
	subs r1, r1, r2
	bl __divsi3
	ldrh r1, [r5, #0x00]
	adds r1, r1, r0
	strh r1, [r5, #0x00]
	strh r4, [r7, #0x00]
_0801D742:
	cmp r6, #0x00
	beq _0801D7B0
	movs r0, #0x04
	ands r0, r6
	cmp r0, #0x00
	beq _0801D77C
	mov r4, r9
	movs r6, #0x00
	ldsh r1, [r4, r6]
	movs r2, #0x00
	ldsh r0, [r5, r2]
	subs r1, r1, r0
	movs r3, #0x00
	ldsh r2, [r7, r3]
	negs r0, r2
	muls r0, r1
	mov r4, r8
	movs r6, #0x00
	ldsh r1, [r4, r6]
	subs r1, r1, r2
	bl __divsi3
	ldrh r1, [r5, #0x00]
	adds r1, r1, r0
	mov r7, r9
	strh r1, [r7, #0x00]
	movs r0, #0x00
	strh r0, [r4, #0x00]
	b _0801D7B0
_0801D77C:
	movs r0, #0x08
	ands r6, r0
	cmp r6, #0x00
	beq _0801D7B0
	mov r0, r9
	movs r2, #0x00
	ldsh r1, [r0, r2]
	movs r3, #0x00
	ldsh r0, [r5, r3]
	subs r1, r1, r0
	movs r4, #0x00
	ldsh r2, [r7, r4]
	movs r4, #0x9F
	subs r0, r4, r2
	muls r0, r1
	mov r6, r8
	movs r7, #0x00
	ldsh r1, [r6, r7]
	subs r1, r1, r2
	bl __divsi3
	ldrh r1, [r5, #0x00]
	adds r1, r1, r0
	mov r0, r9
	strh r1, [r0, #0x00]
	strh r4, [r6, #0x00]
_0801D7B0:
	movs r0, #0x01
_0801D7B2:
	cmp r0, #0x00
	bne _0801D7B8
	b _0801DA3A
_0801D7B8:
	mov r0, sp
	ldrh r2, [r0, #0x04]
	ldrh r0, [r0, #0x00]
	subs r2, r2, r0
	lsls r2, r2, #0x10
	mov r4, sp
	adds r4, #0x06
	mov r3, sp
	adds r3, #0x02
	ldrh r0, [r4, #0x00]
	ldrh r1, [r3, #0x00]
	subs r0, r0, r1
	lsls r0, r0, #0x10
	lsrs r7, r0, #0x10
	lsrs r6, r2, #0x10
	asrs r0, r2, #0x10
	cmp r0, #0x00
	bne _0801D7E2
	cmp r7, #0x00
	bne _0801D7E2
	b _0801DA3A
_0801D7E2:
	movs r1, #0x01
	mov r9, r1
	cmp r0, #0x00
	bge _0801D7F4
	ldr r2, _0801D928 @ =0x0000FFFF
	mov r9, r2
	negs r0, r0
	lsls r0, r0, #0x10
	lsrs r6, r0, #0x10
_0801D7F4:
	lsls r0, r7, #0x10
	asrs r0, r0, #0x10
	movs r5, #0x02
	str r5, [sp, #0x008]
	cmp r0, #0x00
	bge _0801D80A
	ldr r7, _0801D92C @ =0x0000FFFE
	str r7, [sp, #0x008]
	negs r0, r0
	lsls r0, r0, #0x10
	lsrs r7, r0, #0x10
_0801D80A:
	lsls r0, r6, #0x10
	asrs r0, r0, #0x10
	mov r12, r0
	lsls r0, r7, #0x10
	asrs r2, r0, #0x10
	cmp r12, r2
	bge _0801D81A
	b _0801D930
_0801D81A:
	mov r1, r12
	negs r0, r1
	lsls r0, r0, #0x10
	lsrs r0, r0, #0x10
	str r0, [sp, #0x018]
	movs r5, #0x00
	ldsh r0, [r3, r5]
	lsls r0, r0, #0x02
	mov r7, r10
	ldr r1, [r7, #0x08]
	adds r3, r1, r0
	movs r5, #0x00
	ldsh r0, [r4, r5]
	lsls r0, r0, #0x02
	adds r5, r1, r0
	movs r7, #0x00
	mov r8, r7
	mov r1, r12
	adds r1, #0x01
	lsrs r0, r1, #0x1F
	adds r0, r1, r0
	asrs r0, r0, #0x01
	cmp r8, r0
	bge _0801D8F4
	mov r4, sp
	mov r0, r9
	lsls r0, r0, #0x10
	asrs r0, r0, #0x10
	mov r10, r0
	mov r7, r12
	lsls r7, r7, #0x01
	str r7, [sp, #0x00C]
	mov r9, r1
	lsls r2, r2, #0x01
	mov r12, r2
_0801D860:
	movs r0, #0x00
	ldsh r1, [r3, r0]
	ldrh r2, [r4, #0x00]
	movs r7, #0x00
	ldsh r0, [r4, r7]
	cmp r1, r0
	ble _0801D870
	strh r2, [r3, #0x00]
_0801D870:
	movs r0, #0x02
	ldsh r1, [r3, r0]
	ldrh r2, [r4, #0x00]
	movs r7, #0x00
	ldsh r0, [r4, r7]
	cmp r1, r0
	bge _0801D880
	strh r2, [r3, #0x02]
_0801D880:
	movs r0, #0x00
	ldsh r1, [r5, r0]
	mov r2, sp
	ldrh r7, [r2, #0x04]
	strh r7, [r2, #0x1C]
	movs r7, #0x04
	ldsh r0, [r2, r7]
	cmp r1, r0
	ble _0801D896
	ldrh r0, [r2, #0x1C]
	strh r0, [r5, #0x00]
_0801D896:
	movs r2, #0x02
	ldsh r1, [r5, r2]
	mov r7, sp
	ldrh r0, [r7, #0x04]
	strh r0, [r7, #0x1C]
	movs r2, #0x04
	ldsh r0, [r7, r2]
	cmp r1, r0
	bge _0801D8AC
	ldrh r7, [r7, #0x1C]
	strh r7, [r5, #0x02]
_0801D8AC:
	ldrh r0, [r4, #0x00]
	add r0, r10
	strh r0, [r4, #0x00]
	mov r1, sp
	ldrh r0, [r1, #0x04]
	mov r2, r10
	subs r0, r0, r2
	strh r0, [r1, #0x04]
	ldr r7, [sp, #0x018]
	lsls r0, r7, #0x10
	asrs r0, r0, #0x10
	add r0, r12
	lsls r0, r0, #0x10
	lsrs r1, r0, #0x10
	str r1, [sp, #0x018]
	asrs r1, r0, #0x10
	cmp r1, #0x00
	blt _0801D8E4
	ldr r2, [sp, #0x008]
	lsls r0, r2, #0x10
	asrs r0, r0, #0x0F
	adds r3, r3, r0
	subs r5, r5, r0
	ldr r7, [sp, #0x00C]
	subs r0, r1, r7
	lsls r0, r0, #0x10
	lsrs r0, r0, #0x10
	str r0, [sp, #0x018]
_0801D8E4:
	movs r0, #0x01
	add r8, r0
	mov r1, r9
	lsrs r0, r1, #0x1F
	add r0, r9
	asrs r0, r0, #0x01
	cmp r8, r0
	blt _0801D860
_0801D8F4:
	movs r0, #0x01
	eors r6, r0
	ands r6, r0
	cmp r6, #0x00
	bne _0801D900
	b _0801DA3A
_0801D900:
	mov r0, sp
	movs r2, #0x00
	ldsh r1, [r3, r2]
	ldrh r2, [r0, #0x00]
	movs r4, #0x00
	ldsh r0, [r0, r4]
	cmp r1, r0
	ble _0801D912
	strh r2, [r3, #0x00]
_0801D912:
	mov r0, sp
	movs r5, #0x02
	ldsh r1, [r3, r5]
	ldrh r2, [r0, #0x00]
	movs r6, #0x00
	ldsh r0, [r0, r6]
	cmp r1, r0
	blt _0801D924
	b _0801DA3A
_0801D924:
	strh r2, [r3, #0x02]
	b _0801DA3A
_0801D928: .4byte 0x0000FFFF
_0801D92C: .4byte 0x0000FFFE
_0801D930:
	negs r0, r2
	lsls r0, r0, #0x10
	lsrs r0, r0, #0x10
	mov r8, r0
	mov r1, sp
	movs r3, #0x02
	ldsh r0, [r1, r3]
	lsls r0, r0, #0x02
	mov r4, r10
	ldr r1, [r4, #0x08]
	adds r4, r1, r0
	mov r5, sp
	movs r6, #0x06
	ldsh r0, [r5, r6]
	lsls r0, r0, #0x02
	adds r6, r1, r0
	adds r0, r2, #0x1
	lsrs r1, r0, #0x1F
	adds r0, r0, r1
	asrs r1, r0, #0x01
	cmp r1, #0x00
	ble _0801DA0C
	ldr r3, [sp, #0x008]
	lsls r0, r3, #0x10
	asrs r0, r0, #0x0F
	mov r10, r0
	mov r3, r9
	lsls r0, r3, #0x10
	asrs r0, r0, #0x10
	mov r9, r0
	lsls r2, r2, #0x01
	str r2, [sp, #0x014]
	mov r0, r12
	lsls r0, r0, #0x01
	str r0, [sp, #0x010]
	mov r12, r1
_0801D978:
	movs r2, #0x00
	ldsh r1, [r4, r2]
	ldrh r2, [r5, #0x00]
	movs r3, #0x00
	ldsh r0, [r5, r3]
	cmp r1, r0
	ble _0801D988
	strh r2, [r4, #0x00]
_0801D988:
	movs r0, #0x02
	ldsh r1, [r4, r0]
	ldrh r2, [r5, #0x00]
	movs r3, #0x00
	ldsh r0, [r5, r3]
	cmp r1, r0
	bge _0801D998
	strh r2, [r4, #0x02]
_0801D998:
	add r2, sp, #0x004
	movs r0, #0x00
	ldsh r1, [r6, r0]
	ldrh r0, [r2, #0x00]
	mov r3, sp
	strh r0, [r3, #0x1E]
	movs r3, #0x00
	ldsh r0, [r2, r3]
	cmp r1, r0
	ble _0801D9B2
	mov r0, sp
	ldrh r0, [r0, #0x1E]
	strh r0, [r6, #0x00]
_0801D9B2:
	movs r3, #0x02
	ldsh r1, [r6, r3]
	ldrh r3, [r2, #0x00]
	mov r0, sp
	strh r3, [r0, #0x1E]
	movs r3, #0x00
	ldsh r0, [r2, r3]
	cmp r1, r0
	bge _0801D9CA
	mov r0, sp
	ldrh r0, [r0, #0x1E]
	strh r0, [r6, #0x02]
_0801D9CA:
	add r4, r10
	mov r1, r10
	subs r6, r6, r1
	mov r2, r8
	lsls r0, r2, #0x10
	asrs r0, r0, #0x10
	ldr r3, [sp, #0x010]
	adds r0, r0, r3
	lsls r0, r0, #0x10
	lsrs r1, r0, #0x10
	mov r8, r1
	asrs r1, r0, #0x10
	cmp r1, #0x00
	blt _0801DA00
	ldrh r0, [r5, #0x00]
	add r0, r9
	strh r0, [r5, #0x00]
	mov r2, sp
	ldrh r0, [r2, #0x04]
	mov r3, r9
	subs r0, r0, r3
	strh r0, [r2, #0x04]
	ldr r2, [sp, #0x014]
	subs r0, r1, r2
	lsls r0, r0, #0x10
	lsrs r0, r0, #0x10
	mov r8, r0
_0801DA00:
	movs r3, #0x01
	negs r3, r3
	add r12, r3
	mov r0, r12
	cmp r0, #0x00
	bne _0801D978
_0801DA0C:
	movs r0, #0x01
	eors r7, r0
	ands r7, r0
	cmp r7, #0x00
	beq _0801DA3A
	mov r0, sp
	movs r2, #0x00
	ldsh r1, [r4, r2]
	ldrh r2, [r0, #0x00]
	movs r3, #0x00
	ldsh r0, [r0, r3]
	cmp r1, r0
	ble _0801DA28
	strh r2, [r4, #0x00]
_0801DA28:
	mov r0, sp
	movs r5, #0x02
	ldsh r1, [r4, r5]
	ldrh r2, [r0, #0x00]
	movs r6, #0x00
	ldsh r0, [r0, r6]
	cmp r1, r0
	bge _0801DA3A
	strh r2, [r4, #0x02]
_0801DA3A:
	add sp, #0x020
	pop {r3, r4, r5}
	mov r8, r3
	mov r9, r4
	mov r10, r5
	pop {r4, r5, r6, r7}
	pop {r0}
	bx r0
	.byte 0x00, 0x00
	thumb_func_start sub_801DA4C
sub_801DA4C:
	push {r4, r5, r6, r7, lr}
	mov r7, r10
	mov r6, r9
	mov r5, r8
	push {r5, r6, r7}
	add sp, #-0x008
	lsls r1, r1, #0x18
	lsrs r1, r1, #0x18
	str r1, [sp, #0x004]
	ldr r1, [r0, #0x08]
	ldr r6, [r0, #0x00]
	movs r5, #0x00
	ldr r0, [sp, #0x004]
	lsls r0, r0, #0x04
	mov r10, r0
	ldr r0, [sp, #0x004]
	mov r2, r10
	orrs r0, r2
	lsls r0, r0, #0x18
	str r0, [sp, #0x000]
_0801DA74:
	ldrh r0, [r1, #0x00]
	movs r3, #0x00
	ldsh r2, [r1, r3]
	ldrh r4, [r1, #0x02]
	movs r7, #0x02
	ldsh r3, [r1, r7]
	adds r5, #0x01
	mov r8, r5
	adds r1, #0x04
	mov r9, r1
	movs r1, #0x80
	adds r1, r1, r6
	mov r12, r1
	cmp r2, r3
	bgt _0801DB3A
	cmp r2, #0x00
	bge _0801DA98
	movs r0, #0x00
_0801DA98:
	cmp r3, #0xEF
	ble _0801DA9E
	movs r4, #0xEF
_0801DA9E:
	lsls r0, r0, #0x10
	asrs r1, r0, #0x10
	lsrs r0, r0, #0x1F
	adds r0, r1, r0
	asrs r0, r0, #0x01
	adds r3, r6, r0
	lsls r0, r4, #0x10
	asrs r0, r0, #0x10
	subs r0, r0, r1
	adds r0, #0x01
	lsls r0, r0, #0x10
	lsrs r2, r0, #0x10
	movs r7, #0x01
	ands r1, r7
	cmp r1, #0x00
	beq _0801DAD4
	ldrb r0, [r3, #0x00]
	movs r1, #0x0F
	ands r1, r0
	mov r0, r10
	orrs r1, r0
	strb r1, [r3, #0x00]
	adds r3, #0x01
	lsls r0, r2, #0x10
	ldr r1, _0801DB54 @ =0xFFFF0000
	adds r0, r0, r1
	lsrs r2, r0, #0x10
_0801DAD4:
	lsls r0, r2, #0x10
	asrs r1, r0, #0x10
	adds r5, r0, #0x0
	cmp r1, #0x01
	ble _0801DB24
	ldr r2, [sp, #0x000]
	lsrs r4, r2, #0x18
	lsrs r0, r5, #0x1F
	adds r0, r1, r0
	asrs r2, r0, #0x01
	cmp r2, #0x00
	beq _0801DB24
	negs r1, r2
	movs r0, #0x03
	ands r1, r0
	cmp r1, #0x00
	beq _0801DB14
	cmp r1, #0x03
	bge _0801DB0A
	cmp r1, #0x02
	bge _0801DB04
	strb r4, [r3, #0x00]
	adds r3, #0x01
	subs r2, #0x01
_0801DB04:
	strb r4, [r3, #0x00]
	adds r3, #0x01
	subs r2, #0x01
_0801DB0A:
	strb r4, [r3, #0x00]
	adds r3, #0x01
	subs r2, #0x01
	cmp r2, #0x00
	beq _0801DB24
_0801DB14:
	strb r4, [r3, #0x00]
	strb r4, [r3, #0x01]
	strb r4, [r3, #0x02]
	strb r4, [r3, #0x03]
	adds r3, #0x04
	subs r2, #0x04
	cmp r2, #0x00
	bne _0801DB14
_0801DB24:
	asrs r0, r5, #0x10
	movs r7, #0x01
	ands r0, r7
	cmp r0, #0x00
	beq _0801DB3A
	ldrb r1, [r3, #0x00]
	movs r0, #0xF0
	ands r0, r1
	ldr r1, [sp, #0x004]
	orrs r0, r1
	strb r0, [r3, #0x00]
_0801DB3A:
	mov r5, r8
	mov r1, r9
	mov r6, r12
	cmp r5, #0x9F
	ble _0801DA74
	add sp, #0x008
	pop {r3, r4, r5}
	mov r8, r3
	mov r9, r4
	mov r10, r5
	pop {r4, r5, r6, r7}
	pop {r0}
	bx r0
_0801DB54: .4byte 0xFFFF0000
	thumb_func_start sub_801DB58
sub_801DB58:
	push {r4, r5, r6, lr}
	mov r6, r9
	mov r5, r8
	push {r5, r6}
	add sp, #-0x004
	adds r5, r0, #0x0
	ldr r6, _0801DBF0 @ =0x04000208
	movs r0, #0x00
	strh r0, [r6, #0x00]
	ldr r0, [r5, #0x04]
	ldrh r1, [r5, #0x0C]
	movs r2, #0xC0
	lsls r2, r2, #0x13
	adds r1, r1, r2
	movs r2, #0xA0
	lsls r2, r2, #0x05
	mov r8, r2
	movs r4, #0x00
	str r4, [sp, #0x000]
	movs r3, #0x20
	bl sub_8018218
	movs r0, #0x01
	mov r9, r0
	strh r0, [r6, #0x00]
	strh r4, [r6, #0x00]
	ldr r0, [r5, #0x04]
	add r0, r8
	ldrh r1, [r5, #0x0C]
	ldr r2, _0801DBF4 @ =0x06001400
	adds r1, r1, r2
	str r4, [sp, #0x000]
	mov r2, r8
	movs r3, #0x20
	bl sub_8018218
	mov r0, r9
	strh r0, [r6, #0x00]
	strh r4, [r6, #0x00]
	ldr r0, [r5, #0x04]
	movs r1, #0xA0
	lsls r1, r1, #0x06
	adds r0, r0, r1
	ldrh r1, [r5, #0x0C]
	ldr r2, _0801DBF8 @ =0x06002800
	adds r1, r1, r2
	str r4, [sp, #0x000]
	mov r2, r8
	movs r3, #0x20
	bl sub_8018218
	mov r0, r9
	strh r0, [r6, #0x00]
	strh r4, [r6, #0x00]
	ldr r0, [r5, #0x04]
	movs r1, #0xF0
	lsls r1, r1, #0x06
	adds r0, r0, r1
	ldrh r1, [r5, #0x0C]
	ldr r2, _0801DBFC @ =0x06003C00
	adds r1, r1, r2
	str r4, [sp, #0x000]
	mov r2, r8
	movs r3, #0x20
	bl sub_8018218
	mov r0, r9
	strh r0, [r6, #0x00]
	add sp, #0x004
	pop {r3, r4}
	mov r8, r3
	mov r9, r4
	pop {r4, r5, r6}
	pop {r0}
	bx r0
	.byte 0x00, 0x00
_0801DBF0: .4byte 0x04000208
_0801DBF4: .4byte 0x06001400
_0801DBF8: .4byte 0x06002800
_0801DBFC: .4byte 0x06003C00
	thumb_func_start sub_801DC00
sub_801DC00:
	push {lr}
	add sp, #-0x004
	adds r3, r1, #0x0
	lsls r1, r3, #0x04
	orrs r1, r3
	lsls r2, r3, #0x08
	orrs r1, r2
	lsls r2, r3, #0x0C
	orrs r1, r2
	lsls r2, r3, #0x10
	orrs r1, r2
	lsls r2, r3, #0x14
	orrs r1, r2
	lsls r2, r3, #0x18
	orrs r1, r2
	lsls r2, r3, #0x1C
	orrs r1, r2
	str r1, [sp, #0x000]
	ldr r1, [r0, #0x00]
	ldr r2, _0801DC34 @ =0x01001400
	mov r0, sp
	bl CpuFastSet
	add sp, #0x004
	pop {r0}
	bx r0
_0801DC34: .4byte 0x01001400
	thumb_func_start sub_801DC38
sub_801DC38:
	push {lr}
	ldr r2, [r0, #0x00]
	ldr r1, [r0, #0x04]
	ldr r3, [r0, #0x14]
	adds r0, r2, #0x0
	bl _call_via_r3
	pop {r0}
	bx r0
	.byte 0x00, 0x00
	thumb_func_start sub_801DC4C
sub_801DC4C:
	push {r4, r5, r6, r7, lr}
	mov r7, r10
	mov r6, r9
	mov r5, r8
	push {r5, r6, r7}
	add sp, #-0x028
	adds r7, r0, #0x0
	ldr r0, [sp, #0x048]
	ldr r4, [sp, #0x04C]
	ldr r5, [sp, #0x050]
	ldr r6, [sp, #0x058]
	mov r8, r6
	ldr r6, [sp, #0x05C]
	mov r9, r6
	add r6, sp, #0x060
	mov r10, r6
	lsls r1, r1, #0x10
	lsrs r1, r1, #0x10
	str r1, [sp, #0x004]
	lsls r2, r2, #0x10
	lsrs r2, r2, #0x10
	str r2, [sp, #0x00C]
	str r2, [sp, #0x008]
	lsls r3, r3, #0x10
	lsrs r3, r3, #0x10
	str r3, [sp, #0x010]
	lsls r0, r0, #0x10
	lsrs r0, r0, #0x10
	mov r12, r0
	str r0, [sp, #0x014]
	lsls r4, r4, #0x10
	lsrs r4, r4, #0x10
	str r4, [sp, #0x018]
	lsls r5, r5, #0x10
	lsrs r5, r5, #0x10
	str r5, [sp, #0x01C]
	ldr r2, [sp, #0x054]
	lsls r6, r2, #0x10
	lsrs r6, r6, #0x10
	str r6, [sp, #0x020]
	mov r6, r8
	lsls r6, r6, #0x10
	lsrs r6, r6, #0x10
	mov r0, r9
	lsls r0, r0, #0x18
	lsrs r0, r0, #0x18
	str r0, [sp, #0x024]
	mov r2, r10
	ldrb r0, [r2, #0x00]
	cmp r0, #0x00
	beq _0801DCF2
	lsls r0, r3, #0x10
	asrs r0, r0, #0x10
	lsls r2, r1, #0x10
	asrs r2, r2, #0x10
	subs r2, r0, r2
	lsls r3, r4, #0x10
	asrs r3, r3, #0x10
	subs r3, r3, r0
	mov r0, r12
	lsls r4, r0, #0x10
	asrs r4, r4, #0x10
	ldr r0, [sp, #0x00C]
	lsls r1, r0, #0x10
	asrs r1, r1, #0x10
	subs r1, r4, r1
	lsls r0, r5, #0x10
	asrs r0, r0, #0x10
	subs r0, r0, r4
	lsls r2, r2, #0x10
	asrs r2, r2, #0x10
	lsls r0, r0, #0x10
	asrs r0, r0, #0x10
	muls r2, r0
	lsls r1, r1, #0x10
	asrs r1, r1, #0x10
	lsls r3, r3, #0x10
	asrs r3, r3, #0x10
	adds r0, r1, #0x0
	muls r0, r3
	subs r2, r2, r0
	cmp r2, #0x00
	blt _0801DD70
_0801DCF2:
	ldr r0, [r7, #0x08]
	ldr r1, [r7, #0x18]
	bl _call_via_r1
	ldr r2, [sp, #0x004]
	lsls r2, r2, #0x10
	asrs r2, r2, #0x10
	mov r10, r2
	ldr r0, [sp, #0x008]
	lsls r0, r0, #0x10
	asrs r0, r0, #0x10
	mov r9, r0
	ldr r2, [sp, #0x010]
	lsls r5, r2, #0x10
	asrs r5, r5, #0x10
	ldr r0, [sp, #0x014]
	lsls r4, r0, #0x10
	asrs r4, r4, #0x10
	str r4, [sp, #0x000]
	adds r0, r7, #0x0
	mov r1, r10
	mov r2, r9
	adds r3, r5, #0x0
	bl sub_801D680
	ldr r2, [sp, #0x020]
	lsls r2, r2, #0x10
	asrs r2, r2, #0x10
	mov r8, r2
	lsls r6, r6, #0x10
	asrs r6, r6, #0x10
	str r6, [sp, #0x000]
	adds r0, r7, #0x0
	adds r1, r5, #0x0
	adds r2, r4, #0x0
	mov r3, r8
	bl sub_801D680
	ldr r0, [sp, #0x018]
	lsls r5, r0, #0x10
	asrs r5, r5, #0x10
	ldr r2, [sp, #0x01C]
	lsls r4, r2, #0x10
	asrs r4, r4, #0x10
	str r4, [sp, #0x000]
	adds r0, r7, #0x0
	mov r1, r8
	adds r2, r6, #0x0
	adds r3, r5, #0x0
	bl sub_801D680
	mov r6, r9
	str r6, [sp, #0x000]
	adds r0, r7, #0x0
	adds r1, r5, #0x0
	adds r2, r4, #0x0
	mov r3, r10
	bl sub_801D680
	adds r0, r7, #0x0
	ldr r1, [sp, #0x024]
	bl sub_801DA4C
_0801DD70:
	add sp, #0x028
	pop {r3, r4, r5}
	mov r8, r3
	mov r9, r4
	mov r10, r5
	pop {r4, r5, r6, r7}
	pop {r0}
	bx r0
	thumb_func_start sub_801DD80
sub_801DD80:
	push {r4, r5, r6, r7, lr}
	mov r7, r10
	mov r6, r9
	mov r5, r8
	push {r5, r6, r7}
	add sp, #-0x020
	adds r7, r0, #0x0
	ldr r0, [sp, #0x040]
	ldr r4, [sp, #0x044]
	ldr r5, [sp, #0x048]
	ldr r6, [sp, #0x04C]
	mov r12, r6
	add r6, sp, #0x050
	mov r8, r6
	lsls r1, r1, #0x10
	lsrs r1, r1, #0x10
	str r1, [sp, #0x004]
	lsls r2, r2, #0x10
	lsrs r2, r2, #0x10
	mov r10, r2
	str r2, [sp, #0x008]
	lsls r3, r3, #0x10
	lsrs r3, r3, #0x10
	str r3, [sp, #0x00C]
	lsls r0, r0, #0x10
	lsrs r0, r0, #0x10
	mov r9, r0
	mov r6, r9
	str r6, [sp, #0x010]
	lsls r4, r4, #0x10
	lsrs r4, r4, #0x10
	str r4, [sp, #0x014]
	lsls r5, r5, #0x10
	lsrs r5, r5, #0x10
	str r5, [sp, #0x018]
	mov r0, r12
	lsls r6, r0, #0x18
	lsrs r6, r6, #0x18
	str r6, [sp, #0x01C]
	mov r2, r8
	ldrb r0, [r2, #0x00]
	cmp r0, #0x00
	beq _0801DE16
	lsls r0, r3, #0x10
	asrs r0, r0, #0x10
	lsls r2, r1, #0x10
	asrs r2, r2, #0x10
	subs r2, r0, r2
	lsls r3, r4, #0x10
	asrs r3, r3, #0x10
	subs r3, r3, r0
	mov r6, r9
	lsls r4, r6, #0x10
	asrs r4, r4, #0x10
	mov r0, r10
	lsls r1, r0, #0x10
	asrs r1, r1, #0x10
	subs r1, r4, r1
	lsls r0, r5, #0x10
	asrs r0, r0, #0x10
	subs r0, r0, r4
	lsls r2, r2, #0x10
	asrs r2, r2, #0x10
	lsls r0, r0, #0x10
	asrs r0, r0, #0x10
	muls r2, r0
	lsls r1, r1, #0x10
	asrs r1, r1, #0x10
	lsls r3, r3, #0x10
	asrs r3, r3, #0x10
	adds r0, r1, #0x0
	muls r0, r3
	subs r2, r2, r0
	cmp r2, #0x00
	blt _0801DE7C
_0801DE16:
	ldr r0, [r7, #0x08]
	ldr r1, [r7, #0x18]
	bl _call_via_r1
	ldr r2, [sp, #0x004]
	lsls r2, r2, #0x10
	asrs r2, r2, #0x10
	mov r10, r2
	ldr r6, [sp, #0x008]
	lsls r6, r6, #0x10
	asrs r6, r6, #0x10
	mov r9, r6
	ldr r0, [sp, #0x00C]
	lsls r0, r0, #0x10
	asrs r0, r0, #0x10
	mov r8, r0
	ldr r2, [sp, #0x010]
	lsls r6, r2, #0x10
	asrs r6, r6, #0x10
	str r6, [sp, #0x000]
	adds r0, r7, #0x0
	mov r1, r10
	mov r2, r9
	mov r3, r8
	bl sub_801D680
	ldr r0, [sp, #0x014]
	lsls r5, r0, #0x10
	asrs r5, r5, #0x10
	ldr r2, [sp, #0x018]
	lsls r4, r2, #0x10
	asrs r4, r4, #0x10
	str r4, [sp, #0x000]
	adds r0, r7, #0x0
	mov r1, r8
	adds r2, r6, #0x0
	adds r3, r5, #0x0
	bl sub_801D680
	mov r6, r9
	str r6, [sp, #0x000]
	adds r0, r7, #0x0
	adds r1, r5, #0x0
	adds r2, r4, #0x0
	mov r3, r10
	bl sub_801D680
	adds r0, r7, #0x0
	ldr r1, [sp, #0x01C]
	bl sub_801DA4C
_0801DE7C:
	add sp, #0x020
	pop {r3, r4, r5}
	mov r8, r3
	mov r9, r4
	mov r10, r5
	pop {r4, r5, r6, r7}
	pop {r0}
	bx r0
	thumb_func_start sub_801DE8C
sub_801DE8C:
	push {r4, r5, r6, r7, lr}
	add sp, #-0x004
	adds r4, r0, #0x0
	ldr r3, [r4, #0x04]
	movs r5, #0x00
	ldr r0, _0801DF08 @ =0x0000027F
	mov r12, r0
	ldr r7, _0801DF0C @ =0x00007FFF
	ldr r0, _0801DF10 @ =0xFFFFF000
	adds r6, r0, #0x0
_0801DEA0:
	ldrh r1, [r4, #0x0C]
	adds r0, r7, #0x0
	ands r0, r1
	lsrs r0, r0, #0x05
	adds r0, r0, r5
	orrs r0, r6
	strh r0, [r3, #0x00]
	adds r2, r5, #0x1
	ldrh r1, [r4, #0x0C]
	adds r0, r7, #0x0
	ands r0, r1
	lsrs r0, r0, #0x05
	adds r0, r0, r2
	orrs r0, r6
	strh r0, [r3, #0x02]
	adds r2, r5, #0x2
	ldrh r1, [r4, #0x0C]
	adds r0, r7, #0x0
	ands r0, r1
	lsrs r0, r0, #0x05
	adds r0, r0, r2
	orrs r0, r6
	strh r0, [r3, #0x04]
	adds r2, r5, #0x3
	ldrh r1, [r4, #0x0C]
	adds r0, r7, #0x0
	ands r0, r1
	lsrs r0, r0, #0x05
	adds r0, r0, r2
	orrs r0, r6
	strh r0, [r3, #0x06]
	adds r3, #0x08
	adds r5, #0x04
	cmp r5, r12
	ble _0801DEA0
	ldr r0, [r4, #0x04]
	ldrh r1, [r4, #0x0E]
	movs r2, #0xC0
	lsls r2, r2, #0x13
	adds r1, r1, r2
	movs r2, #0xA0
	lsls r2, r2, #0x03
	movs r3, #0x00
	str r3, [sp, #0x000]
	movs r3, #0x20
	bl sub_8018218
	add sp, #0x004
	pop {r4, r5, r6, r7}
	pop {r0}
	bx r0
	.byte 0x00, 0x00
_0801DF08: .4byte 0x0000027F
_0801DF0C: .4byte 0x00007FFF
_0801DF10: .4byte 0xFFFFF000
	thumb_func_start sub_801DF14
sub_801DF14:
	push {r4, r5, r6, r7, lr}
	mov r7, r8
	push {r7}
	adds r7, r0, #0x0
	mov r8, r1
	ldr r4, _0801DFA0 @ =0x04000208
	movs r6, #0x00
	strh r6, [r4, #0x00]
	ldrh r0, [r7, #0x0C]
	movs r1, #0xC0
	lsls r1, r1, #0x13
	adds r0, r0, r1
	bl sub_80184F4
	movs r5, #0x01
	strh r5, [r4, #0x00]
	strh r6, [r4, #0x00]
	ldrh r0, [r7, #0x0C]
	ldr r1, _0801DFA4 @ =0x06001400
	adds r0, r0, r1
	bl sub_80184F4
	strh r5, [r4, #0x00]
	strh r6, [r4, #0x00]
	ldrh r0, [r7, #0x0C]
	ldr r1, _0801DFA8 @ =0x06002800
	adds r0, r0, r1
	bl sub_80184F4
	strh r5, [r4, #0x00]
	strh r6, [r4, #0x00]
	ldrh r0, [r7, #0x0C]
	ldr r1, _0801DFAC @ =0x06003C00
	adds r0, r0, r1
	bl sub_80184F4
	strh r5, [r4, #0x00]
	ldr r0, [r7, #0x18]
	cmp r0, #0x00
	beq _0801DF68
	bl free_heap_8018D9C
_0801DF68:
	ldr r0, [r7, #0x14]
	cmp r0, #0x00
	beq _0801DF72
	bl free_heap_8018D9C
_0801DF72:
	ldr r0, [r7, #0x08]
	cmp r0, #0x00
	beq _0801DF7C
	bl free_heap_8018D9C
_0801DF7C:
	ldr r0, [r7, #0x00]
	cmp r0, #0x00
	beq _0801DF86
	bl free_heap_8018D9C
_0801DF86:
	movs r0, #0x01
	mov r1, r8
	ands r0, r1
	cmp r0, #0x00
	beq _0801DF96
	adds r0, r7, #0x0
	bl free_heap_8018DA8
_0801DF96:
	pop {r3}
	mov r8, r3
	pop {r4, r5, r6, r7}
	pop {r0}
	bx r0
_0801DFA0: .4byte 0x04000208
_0801DFA4: .4byte 0x06001400
_0801DFA8: .4byte 0x06002800
_0801DFAC: .4byte 0x06003C00
	thumb_func_start sub_801DFB0
sub_801DFB0:
	push {r4, r5, r6, r7, lr}
	mov r7, r10
	mov r6, r9
	mov r5, r8
	push {r5, r6, r7}
	add sp, #-0x008
	lsls r0, r0, #0x18
	lsrs r0, r0, #0x18
	str r0, [sp, #0x004]
	ldr r7, _0801E090 @ =0x03000D48
	ldr r5, _0801E094 @ =0x080008B8
	ldr r0, _0801E098 @ =0x08000850
	mov r10, r0
	subs r5, r5, r0
	ldr r1, _0801E09C @ =0x080008F0
	mov r9, r1
	mov r2, r9
	ldr r0, _0801E0A0 @ =0x080008B8
	subs r2, r2, r0
	mov r9, r2
	adds r1, r5, r2
	ldr r4, _0801E0A4 @ =0x08000914
	ldr r2, _0801E0A8 @ =0x080008F0
	subs r4, r4, r2
	adds r1, r1, r4
	ldr r2, _0801E0AC @ =0x081E256C
	movs r0, #0x00
	bl alloc_heap_8018CEC
	adds r1, r0, #0x0
	str r1, [r7, #0x00]
	lsrs r2, r5, #0x02
	ldr r0, _0801E0B0 @ =0x001FFFFF
	mov r8, r0
	ands r2, r0
	movs r6, #0x80
	lsls r6, r6, #0x13
	orrs r2, r6
	mov r0, r10
	bl CpuSet
	ldr r1, _0801E0B4 @ =0x03000D4C
	mov r10, r1
	ldr r1, [r7, #0x00]
	adds r1, r1, r5
	mov r2, r10
	str r1, [r2, #0x00]
	mov r0, r9
	lsrs r2, r0, #0x02
	mov r0, r8
	ands r2, r0
	orrs r2, r6
	ldr r0, _0801E0A0 @ =0x080008B8
	bl CpuSet
	ldr r0, _0801E0B8 @ =0x03000D50
	mov r2, r10
	ldr r1, [r2, #0x00]
	add r1, r9
	str r1, [r0, #0x00]
	lsrs r4, r4, #0x02
	mov r0, r8
	ands r4, r0
	orrs r4, r6
	ldr r0, _0801E0A8 @ =0x080008F0
	adds r2, r4, #0x0
	bl CpuSet
	movs r0, #0x00
	str r0, [sp, #0x000]
	ldr r4, _0801E0BC @ =0x03000D58
	ldr r2, _0801E0C0 @ =0x05000006
	mov r0, sp
	adds r1, r4, #0x0
	bl CpuSet
	movs r6, #0x00
	adds r5, r4, #0x0
	mov r9, r6
	ldr r0, _0801E0C4 @ =0x0839EE1C
	adds r7, r0, #0x0
	mov r8, r7
_0801E054:
	ldr r0, [sp, #0x004]
	asrs r0, r6
	movs r1, #0x01
	ands r0, r1
	cmp r0, #0x00
	beq _0801E0D0
	ldr r0, _0801E0C8 @ =0x0839EE34
	lsls r4, r6, #0x01
	adds r4, r4, r0
	ldrh r1, [r4, #0x00]
	ldr r0, _0801E0CC @ =0x0839EE40
	add r0, r9
	ldr r2, [r0, #0x00]
	movs r0, #0x00
	bl alloc_heap_8018CEC
	adds r1, r0, #0x0
	str r1, [r5, #0x00]
	mov r2, r8
	ldr r0, [r2, #0x00]
	ldrh r2, [r4, #0x00]
	lsrs r2, r2, #0x02
	movs r3, #0x80
	lsls r3, r3, #0x13
	orrs r2, r3
	bl CpuSet
	ldr r0, [r5, #0x00]
	adds r0, #0x01
	b _0801E0D2
_0801E090: .4byte 0x03000D48
_0801E094: .4byte 0x080008B8
_0801E098: .4byte 0x08000850
_0801E09C: .4byte 0x080008F0
_0801E0A0: .4byte 0x080008B8
_0801E0A4: .4byte 0x08000914
_0801E0A8: .4byte 0x080008F0
_0801E0AC: .4byte 0x081E256C
_0801E0B0: .4byte 0x001FFFFF
_0801E0B4: .4byte 0x03000D4C
_0801E0B8: .4byte 0x03000D50
_0801E0BC: .4byte 0x03000D58
_0801E0C0: .4byte 0x05000006
_0801E0C4: .4byte 0x0839EE1C
_0801E0C8: .4byte 0x0839EE34
_0801E0CC: .4byte 0x0839EE40
_0801E0D0:
	ldr r0, [r7, #0x00]
_0801E0D2:
	str r0, [r5, #0x00]
	mov r2, r9
	adds r2, #0x04
	adds r4, r6, #0x1
	ldr r0, [sp, #0x004]
	asrs r0, r4
	movs r1, #0x01
	ands r0, r1
	cmp r0, #0x00
	beq _0801E120
	ldr r0, _0801E118 @ =0x0839EE34
	lsls r4, r4, #0x01
	adds r4, r4, r0
	ldrh r1, [r4, #0x00]
	ldr r0, _0801E11C @ =0x0839EE40
	adds r0, r2, r0
	ldr r2, [r0, #0x00]
	movs r0, #0x00
	bl alloc_heap_8018CEC
	adds r1, r0, #0x0
	str r1, [r5, #0x04]
	mov r2, r8
	ldr r0, [r2, #0x04]
	ldrh r2, [r4, #0x00]
	lsrs r2, r2, #0x02
	movs r3, #0x80
	lsls r3, r3, #0x13
	orrs r2, r3
	bl CpuSet
	ldr r0, [r5, #0x04]
	adds r0, #0x01
	b _0801E122
	.byte 0x00, 0x00
_0801E118: .4byte 0x0839EE34
_0801E11C: .4byte 0x0839EE40
_0801E120:
	ldr r0, [r7, #0x04]
_0801E122:
	str r0, [r5, #0x04]
	adds r5, #0x08
	adds r7, #0x08
	movs r0, #0x08
	add r8, r0
	add r9, r0
	adds r6, #0x02
	cmp r6, #0x05
	ble _0801E054
	ldr r0, _0801E14C @ =0x03000D70
	mov r1, sp
	ldrb r1, [r1, #0x04]
	strb r1, [r0, #0x00]
	add sp, #0x008
	pop {r3, r4, r5}
	mov r8, r3
	mov r9, r4
	mov r10, r5
	pop {r4, r5, r6, r7}
	pop {r0}
	bx r0
_0801E14C: .4byte 0x03000D70
	thumb_func_start sub_801E150
sub_801E150:
	push {r4, r5, r6, r7, lr}
	mov r7, r10
	mov r6, r9
	mov r5, r8
	push {r5, r6, r7}
	add sp, #-0x00C
	adds r5, r0, #0x0
	str r1, [sp, #0x000]
	adds r6, r2, #0x0
	ldr r4, [sp, #0x02C]
	ldr r7, [r5, #0x38]
	ldrb r1, [r7, #0x00]
	ldrb r0, [r7, #0x01]
	lsls r0, r0, #0x08
	orrs r1, r0
	subs r1, r7, r1
	str r1, [sp, #0x004]
	ldrb r1, [r7, #0x04]
	ldrb r0, [r7, #0x05]
	lsls r0, r0, #0x08
	orrs r1, r0
	lsrs r0, r1, #0x09
	adds r0, #0x01
	adds r2, r5, #0x0
	adds r2, #0x27
	strb r0, [r2, #0x00]
	ldr r2, _0801E300 @ =0x000001FF
	adds r0, r2, #0x0
	ands r1, r0
	adds r1, #0x01
	ands r1, r0
	ldrh r2, [r5, #0x28]
	ldr r0, _0801E304 @ =0xFFFFFE00
	ands r0, r2
	orrs r0, r1
	strh r0, [r5, #0x28]
	ldrb r1, [r7, #0x06]
	lsrs r1, r1, #0x07
	lsls r1, r1, #0x05
	ldrb r2, [r5, #0x11]
	movs r0, #0x21
	negs r0, r0
	ands r0, r2
	orrs r0, r1
	strb r0, [r5, #0x11]
	ldrb r1, [r7, #0x06]
	movs r0, #0x7F
	ands r0, r1
	adds r0, #0x01
	adds r1, r5, #0x0
	adds r1, #0x26
	strb r0, [r1, #0x00]
	ldrb r1, [r7, #0x07]
	adds r0, r5, #0x0
	adds r0, #0x24
	strb r1, [r0, #0x00]
	ldr r1, [sp, #0x000]
	lsls r0, r1, #0x01
	adds r0, r0, r7
	ldrb r1, [r0, #0x08]
	ldrb r0, [r0, #0x09]
	lsls r0, r0, #0x08
	orrs r1, r0
	adds r1, r1, r7
	mov r8, r1
	ldrb r1, [r5, #0x12]
	movs r0, #0x11
	negs r0, r0
	ands r0, r1
	movs r1, #0x07
	negs r1, r1
	ands r0, r1
	strb r0, [r5, #0x12]
	str r3, [r5, #0x5C]
	str r4, [r5, #0x60]
	movs r0, #0x01
	negs r0, r0
	cmp r6, r0
	beq _0801E1F0
	b _0801E320
_0801E1F0:
	adds r2, r5, #0x0
	adds r2, #0x23
	movs r0, #0x00
	strb r0, [r2, #0x00]
	ldrb r1, [r5, #0x12]
	subs r0, #0x09
	ands r0, r1
	movs r1, #0x20
	orrs r0, r1
	strb r0, [r5, #0x12]
	adds r1, r5, #0x0
	adds r1, #0x20
	movs r0, #0x10
	strb r0, [r1, #0x00]
	ldr r3, [r5, #0x44]
	mov r10, r2
	str r1, [sp, #0x008]
	cmp r3, #0x00
	beq _0801E224
	ldrb r0, [r3, #0x00]
	cmp r0, #0x01
	beq _0801E224
	adds r0, r3, #0x0
	adds r1, r7, #0x0
	bl sub_801E3EC
_0801E224:
	ldr r2, [r5, #0x50]
	movs r0, #0x29
	adds r0, r0, r5
	mov r9, r0
	cmp r2, #0x00
	beq _0801E2BC
	ldr r0, [r5, #0x48]
	ldr r0, [r0, #0x00]
	cmp r0, #0x01
	bne _0801E2B6
	mov r0, r9
	ldrb r1, [r0, #0x00]
	movs r0, #0x20
	ands r0, r1
	cmp r0, #0x00
	bne _0801E24E
	ldr r0, _0801E308 @ =0x03000C78
	ldr r1, [r0, #0x00]
	ldr r0, _0801E30C @ =0x0800063C
	cmp r1, r0
	beq _0801E2B6
_0801E24E:
	ldrh r4, [r5, #0x28]
	lsls r4, r4, #0x17
	lsrs r4, r4, #0x12
	adds r0, r2, #0x0
	bl sub_80198B0
	adds r6, r0, #0x0
	subs r2, r4, r6
	cmp r2, #0x00
	ble _0801E286
	ldr r0, _0801E310 @ =0x03001034
	ldr r1, [r5, #0x4C]
	adds r1, r1, r6
	ldr r3, [r0, #0x00]
	movs r0, #0x00
	bl _call_via_r3
	adds r0, r6, #0x0
	cmp r0, #0x00
	bge _0801E278
	adds r0, #0x1F
_0801E278:
	lsls r0, r0, #0x12
	lsrs r0, r0, #0x17
	ldrh r2, [r5, #0x28]
	ldr r1, _0801E304 @ =0xFFFFFE00
	ands r1, r2
	orrs r1, r0
	strh r1, [r5, #0x28]
_0801E286:
	ldr r2, _0801E314 @ =0x03000C84
	ldr r1, [r5, #0x48]
	ldr r0, [r1, #0x04]
	ldr r1, [r1, #0x08]
	ldr r2, [r2, #0x00]
	bl _call_via_r2
	ldr r1, [r5, #0x48]
	movs r0, #0x00
	str r0, [r1, #0x00]
	str r0, [r5, #0x50]
	ldr r0, _0801E318 @ =0x0300034C
	ldr r1, _0801E31C @ =0x00000888
	adds r0, r0, r1
	ldrb r1, [r0, #0x00]
	lsls r1, r1, #0x1A
	lsrs r1, r1, #0x1F
	adds r1, #0x01
	lsls r1, r1, #0x06
	ldrb r2, [r5, #0x12]
	movs r0, #0x3F
	ands r0, r2
	orrs r0, r1
	strb r0, [r5, #0x12]
_0801E2B6:
	ldr r0, [r5, #0x50]
	cmp r0, #0x00
	bne _0801E2DC
_0801E2BC:
	ldr r0, [r5, #0x44]
	cmp r0, #0x00
	bne _0801E2DC
	ldr r0, _0801E318 @ =0x0300034C
	ldr r2, _0801E31C @ =0x00000888
	adds r0, r0, r2
	ldrb r1, [r0, #0x00]
	lsls r1, r1, #0x1A
	lsrs r1, r1, #0x1F
	adds r1, #0x01
	lsls r1, r1, #0x06
	ldrb r2, [r5, #0x12]
	movs r0, #0x3F
	ands r0, r2
	orrs r0, r1
	strb r0, [r5, #0x12]
_0801E2DC:
	ldr r0, [r5, #0x54]
	cmp r0, #0x00
	beq _0801E334
	ldr r0, _0801E318 @ =0x0300034C
	ldr r1, _0801E31C @ =0x00000888
	adds r0, r0, r1
	ldrb r1, [r0, #0x00]
	lsls r1, r1, #0x1A
	lsrs r1, r1, #0x1F
	adds r1, #0x01
	ldrb r2, [r5, #0x13]
	movs r0, #0x04
	negs r0, r0
	ands r0, r2
	orrs r0, r1
	strb r0, [r5, #0x13]
	b _0801E334
	.byte 0x00, 0x00
_0801E300: .4byte 0x000001FF
_0801E304: .4byte 0xFFFFFE00
_0801E308: .4byte 0x03000C78
_0801E30C: .4byte 0x0800063C
_0801E310: .4byte 0x03001034
_0801E314: .4byte 0x03000C84
_0801E318: .4byte 0x0300034C
_0801E31C: .4byte 0x00000888
_0801E320:
	adds r0, r5, #0x0
	adds r0, #0x23
	strb r6, [r0, #0x00]
	mov r10, r0
	adds r2, r5, #0x0
	adds r2, #0x20
	str r2, [sp, #0x008]
	movs r0, #0x29
	adds r0, r0, r5
	mov r9, r0
_0801E334:
	mov r1, r8
	ldrb r4, [r1, #0x00]
	cmp r4, #0x00
	bne _0801E37C
	ldrb r3, [r1, #0x01]
	movs r0, #0xC0
	ands r0, r3
	cmp r0, #0x00
	beq _0801E37C
	movs r0, #0x3F
	ands r0, r3
	lsls r0, r0, #0x01
	adds r0, r0, r7
	ldrb r1, [r0, #0x08]
	ldrb r0, [r0, #0x09]
	lsls r0, r0, #0x08
	orrs r1, r0
	adds r7, r7, r1
	mov r8, r7
	lsrs r1, r3, #0x06
	movs r0, #0x01
	ands r1, r0
	lsls r1, r1, #0x06
	ldrb r2, [r5, #0x11]
	movs r0, #0x41
	negs r0, r0
	ands r0, r2
	orrs r0, r1
	lsrs r1, r3, #0x07
	lsls r1, r1, #0x07
	movs r2, #0x7F
	ands r0, r2
	orrs r0, r1
	strb r0, [r5, #0x11]
	mov r2, r8
	ldrb r4, [r2, #0x00]
_0801E37C:
	mov r1, r10
	ldrb r0, [r1, #0x00]
	lsls r0, r0, #0x01
	adds r0, #0x01
	add r0, r8
	ldrb r1, [r0, #0x00]
	adds r3, r5, #0x0
	adds r3, #0x22
	strb r1, [r3, #0x00]
	ldrb r0, [r0, #0x01]
	lsls r2, r0, #0x04
	ldr r1, [sp, #0x008]
	movs r0, #0x00
	ldsb r0, [r1, r0]
	cmp r0, #0x00
	bge _0801E39E
	negs r0, r0
_0801E39E:
	adds r0, r2, r0
	strh r0, [r5, #0x2A]
	adds r0, r5, #0x0
	adds r0, #0x21
	mov r2, sp
	ldrb r2, [r2, #0x00]
	strb r2, [r0, #0x00]
	adds r0, #0x04
	strb r4, [r0, #0x00]
	movs r0, #0x00
	strh r0, [r5, #0x2C]
	mov r0, r8
	str r0, [r5, #0x3C]
	ldrb r0, [r3, #0x00]
	lsls r0, r0, #0x01
	ldr r1, [sp, #0x004]
	adds r0, r0, r1
	ldrb r1, [r0, #0x01]
	ldrb r0, [r0, #0x02]
	lsls r0, r0, #0x08
	orrs r1, r0
	ldr r2, [sp, #0x004]
	adds r1, r2, r1
	str r1, [r5, #0x40]
	mov r1, r9
	ldrb r0, [r1, #0x00]
	movs r1, #0x40
	orrs r0, r1
	mov r2, r9
	strb r0, [r2, #0x00]
	add sp, #0x00C
	pop {r3, r4, r5}
	mov r8, r3
	mov r9, r4
	mov r10, r5
	pop {r4, r5, r6, r7}
	pop {r0}
	bx r0
	.byte 0x00, 0x00
	thumb_func_start sub_801E3EC
sub_801E3EC:
	push {r4, r5, r6, r7, lr}
	mov r7, r10
	mov r6, r9
	mov r5, r8
	push {r5, r6, r7}
	add sp, #-0x028
	str r0, [sp, #0x000]
	ldrb r2, [r1, #0x00]
	ldrb r0, [r1, #0x01]
	lsls r0, r0, #0x08
	orrs r2, r0
	subs r2, r1, r2
	str r2, [sp, #0x004]
	ldrb r1, [r1, #0x06]
	movs r0, #0x7F
	ands r0, r1
	adds r0, #0x01
	str r0, [sp, #0x008]
	ldrb r0, [r2, #0x00]
	str r0, [sp, #0x00C]
	movs r0, #0xC0
	lsls r0, r0, #0x02
	ldr r2, _0801E5C0 @ =0x081E25A4
	movs r1, #0x00
	movs r3, #0x00
	bl alloc_zero_8018DB4
	mov r9, r0
	movs r0, #0x01
	ldr r1, [sp, #0x000]
	strb r0, [r1, #0x00]
	adds r1, #0x01
	str r1, [sp, #0x000]
	movs r2, #0x00
	ldr r3, [sp, #0x00C]
	cmp r2, r3
	blt _0801E438
	b _0801E670
_0801E438:
	lsls r0, r2, #0x01
	ldr r6, [sp, #0x004]
	adds r0, r0, r6
	ldrb r1, [r0, #0x01]
	ldrb r0, [r0, #0x02]
	lsls r0, r0, #0x08
	orrs r1, r0
	adds r5, r6, r1
	ldrb r0, [r5, #0x00]
	mov r10, r0
	adds r5, #0x01
	movs r0, #0x80
	mov r1, r10
	ands r0, r1
	cmp r0, #0x00
	beq _0801E46C
	movs r0, #0x7F
	ands r1, r0
	mov r10, r1
	lsls r0, r1, #0x01
	add r0, r10
	lsls r0, r0, #0x01
	adds r5, r5, r0
	ldrb r3, [r5, #0x00]
	mov r10, r3
	adds r5, #0x01
_0801E46C:
	ldrb r6, [r5, #0x00]
	str r6, [sp, #0x010]
	adds r5, #0x01
	ldr r0, _0801E5C4 @ =0x0839EE58
	adds r0, r6, r0
	ldrb r0, [r0, #0x00]
	str r0, [sp, #0x014]
	adds r1, r0, #0x0
	mov r0, r10
	muls r0, r1
	adds r3, r5, r0
	ldrb r6, [r3, #0x00]
	str r6, [sp, #0x018]
	adds r3, #0x01
	movs r6, #0x00
	mov r4, r9
	ldr r0, [sp, #0x000]
	ldr r1, [sp, #0x008]
	adds r0, r0, r1
	str r0, [sp, #0x01C]
	adds r2, #0x01
	str r2, [sp, #0x020]
	ldr r2, [sp, #0x018]
	cmp r2, #0x00
	bne _0801E4A0
	b _0801E5AA
_0801E4A0:
	mov r8, r2
	negs r1, r2
	movs r0, #0x03
	ands r1, r0
	cmp r1, #0x00
	beq _0801E518
	cmp r1, #0x03
	bge _0801E4F0
	cmp r1, #0x02
	bge _0801E4CE
	ldrb r0, [r3, #0x00]
	ldrb r1, [r3, #0x01]
	lsls r1, r1, #0x08
	orrs r0, r1
	strh r0, [r4, #0x00]
	ldrb r0, [r3, #0x02]
	strh r0, [r4, #0x02]
	strh r6, [r4, #0x04]
	ldrb r6, [r3, #0x02]
	subs r2, #0x01
	mov r8, r2
	adds r3, #0x03
	adds r4, #0x06
_0801E4CE:
	ldrb r1, [r3, #0x00]
	ldrb r0, [r3, #0x01]
	lsls r0, r0, #0x08
	orrs r1, r0
	strh r1, [r4, #0x00]
	ldrb r0, [r3, #0x02]
	strh r0, [r4, #0x02]
	strh r6, [r4, #0x04]
	ldrb r0, [r3, #0x02]
	adds r0, r6, r0
	lsls r0, r0, #0x10
	lsrs r6, r0, #0x10
	movs r0, #0x01
	negs r0, r0
	add r8, r0
	adds r3, #0x03
	adds r4, #0x06
_0801E4F0:
	ldrb r1, [r3, #0x00]
	ldrb r0, [r3, #0x01]
	lsls r0, r0, #0x08
	orrs r1, r0
	strh r1, [r4, #0x00]
	ldrb r0, [r3, #0x02]
	strh r0, [r4, #0x02]
	strh r6, [r4, #0x04]
	ldrb r0, [r3, #0x02]
	adds r0, r6, r0
	lsls r0, r0, #0x10
	lsrs r6, r0, #0x10
	movs r1, #0x01
	negs r1, r1
	add r8, r1
	adds r3, #0x03
	adds r4, #0x06
	mov r2, r8
	cmp r2, #0x00
	beq _0801E5AA
_0801E518:
	ldrb r1, [r3, #0x00]
	ldrb r0, [r3, #0x01]
	lsls r0, r0, #0x08
	orrs r1, r0
	strh r1, [r4, #0x00]
	ldrb r0, [r3, #0x02]
	strh r0, [r4, #0x02]
	strh r6, [r4, #0x04]
	ldrb r0, [r3, #0x02]
	adds r0, r6, r0
	lsls r0, r0, #0x10
	lsrs r6, r0, #0x10
	adds r2, r3, #0x3
	adds r0, r4, #0x6
	mov r12, r0
	ldrb r1, [r3, #0x03]
	ldrb r0, [r2, #0x01]
	lsls r0, r0, #0x08
	orrs r1, r0
	strh r1, [r4, #0x06]
	ldrb r0, [r2, #0x02]
	mov r1, r12
	strh r0, [r1, #0x02]
	strh r6, [r1, #0x04]
	ldrb r0, [r2, #0x02]
	adds r0, r6, r0
	lsls r0, r0, #0x10
	lsrs r6, r0, #0x10
	adds r2, r3, #0x6
	mov r12, r2
	adds r2, r4, #0x0
	adds r2, #0x0C
	ldrb r1, [r3, #0x06]
	mov r0, r12
	ldrb r0, [r0, #0x01]
	lsls r0, r0, #0x08
	str r0, [sp, #0x024]
	orrs r1, r0
	strh r1, [r4, #0x0C]
	mov r1, r12
	ldrb r0, [r1, #0x02]
	strh r0, [r2, #0x02]
	strh r6, [r2, #0x04]
	ldrb r0, [r1, #0x02]
	adds r0, r6, r0
	lsls r0, r0, #0x10
	lsrs r6, r0, #0x10
	adds r2, r3, #0x0
	adds r2, #0x09
	movs r0, #0x12
	adds r0, r0, r4
	mov r12, r0
	ldrb r1, [r3, #0x09]
	ldrb r0, [r2, #0x01]
	lsls r0, r0, #0x08
	orrs r1, r0
	strh r1, [r4, #0x12]
	ldrb r0, [r2, #0x02]
	mov r1, r12
	strh r0, [r1, #0x02]
	strh r6, [r1, #0x04]
	ldrb r0, [r2, #0x02]
	adds r0, r6, r0
	lsls r0, r0, #0x10
	lsrs r6, r0, #0x10
	movs r2, #0x04
	negs r2, r2
	add r8, r2
	adds r3, #0x0C
	adds r4, #0x18
	mov r0, r8
	cmp r0, #0x00
	bne _0801E518
_0801E5AA:
	movs r4, #0x00
	cmp r4, r10
	bge _0801E662
_0801E5B0:
	ldr r1, [sp, #0x010]
	cmp r1, #0x05
	bhi _0801E60A
	lsls r0, r1, #0x02
	ldr r1, _0801E5C8 @ =0x0801E5CC
	adds r0, r0, r1
	ldr r0, [r0, #0x00]
	mov pc, r0
_0801E5C0: .4byte 0x081E25A4
_0801E5C4: .4byte 0x0839EE58
_0801E5C8: .4byte 0x0801E5CC
	.byte 0xE4, 0xE5, 0x01, 0x08, 0xEC, 0xE5, 0x01, 0x08, 0x08, 0xE6, 0x01, 0x08, 0xF2, 0xE5, 0x01, 0x08
	.byte 0x00, 0xE6, 0x01, 0x08, 0x08, 0xE6, 0x01, 0x08, 0x2A, 0x79, 0x69, 0x79, 0x03, 0x20, 0x05, 0xE0
	.byte 0xEA, 0x78, 0x29, 0x79, 0x01, 0xE0, 0xAA, 0x78, 0xE9, 0x78, 0x01, 0x20, 0x08, 0x40, 0x00, 0x02
	.byte 0x17, 0x18, 0x04, 0xE0, 0xA8, 0x78, 0x7F, 0x27, 0x07, 0x40, 0x00, 0xE0, 0xAF, 0x78
_0801E60A:
	mov r3, r9
	movs r1, #0x00
	adds r2, r4, #0x1
	mov r8, r2
	ldr r6, [sp, #0x014]
	adds r5, r5, r6
	ldr r0, [sp, #0x018]
	cmp r1, r0
	bge _0801E65C
	ldrh r2, [r3, #0x00]
	cmp r7, r2
	blt _0801E638
	ldrh r0, [r3, #0x02]
	adds r0, r2, r0
	cmp r7, r0
	bge _0801E638
	ldr r3, [sp, #0x000]
	adds r1, r3, r4
	subs r0, r7, r2
	mov r6, r9
	ldrb r6, [r6, #0x04]
	adds r0, r0, r6
	b _0801E65A
_0801E638:
	adds r1, #0x01
	adds r3, #0x06
	ldr r0, [sp, #0x018]
	cmp r1, r0
	bge _0801E65C
	ldrh r2, [r3, #0x00]
	cmp r7, r2
	blt _0801E638
	ldrh r0, [r3, #0x02]
	adds r0, r2, r0
	cmp r7, r0
	bge _0801E638
	ldr r6, [sp, #0x000]
	adds r1, r6, r4
	subs r0, r7, r2
	ldrb r3, [r3, #0x04]
	adds r0, r0, r3
_0801E65A:
	strb r0, [r1, #0x00]
_0801E65C:
	mov r4, r8
	cmp r4, r10
	blt _0801E5B0
_0801E662:
	ldr r0, [sp, #0x01C]
	str r0, [sp, #0x000]
	ldr r2, [sp, #0x020]
	ldr r1, [sp, #0x00C]
	cmp r2, r1
	bge _0801E670
	b _0801E438
_0801E670:
	mov r2, r9
	cmp r2, #0x00
	beq _0801E67C
	mov r0, r9
	bl free_heap_8018D9C
_0801E67C:
	add sp, #0x028
	pop {r3, r4, r5}
	mov r8, r3
	mov r9, r4
	mov r10, r5
	pop {r4, r5, r6, r7}
	pop {r0}
	bx r0
	thumb_func_start sub_801E68C
sub_801E68C:
	push {r4, r5, r6, r7, lr}
	mov r7, r10
	mov r6, r9
	mov r5, r8
	push {r5, r6, r7}
	add sp, #-0x00C
	mov r12, r0
	ldr r0, [r0, #0x48]
	cmp r0, #0x00
	beq _0801E6A8
	ldr r0, [r0, #0x00]
	cmp r0, #0x00
	beq _0801E6A8
	b _0801E7CE
_0801E6A8:
	mov r1, r12
	ldr r0, [r1, #0x44]
	cmp r0, #0x00
	beq _0801E6B8
	ldrb r0, [r0, #0x00]
	cmp r0, #0x01
	beq _0801E6B8
	b _0801E7CE
_0801E6B8:
	mov r2, r12
	ldrb r1, [r2, #0x12]
	movs r0, #0x30
	ands r0, r1
	cmp r0, #0x00
	beq _0801E6C6
	b _0801E7CE
_0801E6C6:
	lsls r0, r1, #0x1C
	lsrs r7, r0, #0x1F
	movs r0, #0x09
	negs r0, r0
	ands r0, r1
	strb r0, [r2, #0x12]
	ldr r0, [r2, #0x3C]
	mov r10, r0
	mov r0, r12
	adds r0, #0x25
	ldrb r0, [r0, #0x00]
	mov r9, r0
	movs r1, #0x2C
	ldsh r6, [r2, r1]
	movs r0, #0x2A
	ldsh r5, [r2, r0]
	adds r2, #0x23
	ldrb r4, [r2, #0x00]
	mov r1, r12
	adds r1, #0x22
	ldrb r0, [r1, #0x00]
	mov r8, r0
	mov r0, r12
	adds r0, #0x20
	movs r3, #0x00
	ldsb r3, [r0, r3]
	str r2, [sp, #0x008]
	str r1, [sp, #0x004]
	str r0, [sp, #0x000]
	cmp r3, #0x00
	bge _0801E706
	negs r3, r3
_0801E706:
	adds r6, r6, r3
	subs r5, r5, r3
	cmp r5, #0x00
	bgt _0801E75A
	movs r0, #0x01
	eors r7, r0
	lsls r2, r7, #0x03
	movs r3, #0x09
	negs r3, r3
_0801E718:
	ldr r1, [sp, #0x000]
	movs r0, #0x00
	ldsb r0, [r1, r0]
	cmp r0, #0x00
	ble _0801E72C
	adds r4, #0x01
	cmp r4, r9
	blt _0801E746
	movs r4, #0x00
	b _0801E736
_0801E72C:
	subs r4, #0x01
	cmp r4, #0x00
	bge _0801E746
	mov r4, r9
	subs r4, #0x01
_0801E736:
	movs r6, #0x00
	mov r0, r12
	ldrb r1, [r0, #0x12]
	adds r0, r3, #0x0
	ands r0, r1
	orrs r0, r2
	mov r1, r12
	strb r0, [r1, #0x12]
_0801E746:
	lsls r0, r4, #0x01
	adds r0, #0x01
	add r0, r10
	ldrb r1, [r0, #0x00]
	mov r8, r1
	ldrb r0, [r0, #0x01]
	lsls r0, r0, #0x04
	adds r5, r5, r0
	cmp r5, #0x00
	ble _0801E718
_0801E75A:
	movs r2, #0x01
	mov r0, r12
	ldrb r1, [r0, #0x12]
	movs r0, #0x08
	ands r0, r1
	cmp r0, #0x00
	beq _0801E79A
	movs r0, #0x06
	ands r0, r1
	cmp r0, #0x02
	bne _0801E78C
	movs r0, #0x10
	orrs r0, r1
	mov r1, r12
	strb r0, [r1, #0x12]
	mov r4, r9
	subs r4, #0x01
	lsls r0, r4, #0x01
	adds r0, #0x01
	add r0, r10
	ldrb r0, [r0, #0x00]
	mov r8, r0
	movs r5, #0x01
	movs r6, #0x00
	b _0801E79A
_0801E78C:
	cmp r0, #0x04
	bne _0801E79A
	movs r0, #0x20
	orrs r0, r1
	mov r2, r12
	strb r0, [r2, #0x12]
	movs r2, #0x00
_0801E79A:
	cmp r2, #0x00
	beq _0801E7CE
	mov r0, r12
	ldr r1, [r0, #0x38]
	ldrb r2, [r1, #0x00]
	ldrb r0, [r1, #0x01]
	lsls r0, r0, #0x08
	orrs r2, r0
	subs r1, r1, r2
	mov r2, r8
	lsls r0, r2, #0x01
	adds r0, r0, r1
	ldrb r2, [r0, #0x01]
	ldrb r0, [r0, #0x02]
	lsls r0, r0, #0x08
	orrs r2, r0
	adds r1, r1, r2
	mov r0, r12
	str r1, [r0, #0x40]
	strh r6, [r0, #0x2C]
	strh r5, [r0, #0x2A]
	ldr r1, [sp, #0x008]
	strb r4, [r1, #0x00]
	mov r0, r8
	ldr r2, [sp, #0x004]
	strb r0, [r2, #0x00]
_0801E7CE:
	mov r1, r12
	ldr r0, [r1, #0x5C]
	adds r2, r0, #0x0
	cmp r2, #0x00
	beq _0801E7FA
	mov r0, r12
	adds r0, #0x29
	ldrb r1, [r0, #0x00]
	movs r0, #0x02
	ands r0, r1
	cmp r0, #0x00
	bne _0801E7F2
	mov r0, r12
	ldrb r1, [r0, #0x12]
	movs r0, #0x28
	ands r0, r1
	cmp r0, #0x08
	bne _0801E7FA
_0801E7F2:
	mov r0, r12
	ldr r1, [r0, #0x60]
	bl _call_via_r2
_0801E7FA:
	add sp, #0x00C
	pop {r3, r4, r5}
	mov r8, r3
	mov r9, r4
	mov r10, r5
	pop {r4, r5, r6, r7}
	pop {r0}
	bx r0
	.byte 0x00, 0x00
	thumb_func_start sub_801E80C
sub_801E80C:
	push {r4, r5, r6, r7, lr}
	mov r7, r10
	mov r6, r9
	mov r5, r8
	push {r5, r6, r7}
	add sp, #-0x054
	adds r7, r0, #0x0
	str r1, [sp, #0x02C]
	str r2, [sp, #0x030]
	ldr r1, [r7, #0x50]
	cmp r1, #0x00
	beq _0801E89C
	ldr r0, [r7, #0x48]
	ldr r0, [r0, #0x00]
	cmp r0, #0x01
	bne _0801E87C
	ldrh r4, [r7, #0x28]
	lsls r4, r4, #0x17
	lsrs r4, r4, #0x12
	adds r0, r1, #0x0
	bl sub_80198B0
	adds r5, r0, #0x0
	subs r2, r4, r5
	cmp r2, #0x00
	ble _0801E86E
	movs r0, #0x00
	str r0, [sp, #0x010]
	ldr r1, [r7, #0x4C]
	adds r1, r1, r5
	lsls r2, r2, #0x09
	lsrs r2, r2, #0x0B
	movs r0, #0x80
	lsls r0, r0, #0x11
	orrs r2, r0
	add r0, sp, #0x010
	bl CpuFastSet
	adds r0, r5, #0x0
	cmp r0, #0x00
	bge _0801E860
	adds r0, #0x1F
_0801E860:
	lsls r0, r0, #0x12
	lsrs r0, r0, #0x17
	ldrh r2, [r7, #0x28]
	ldr r1, _0801E878 @ =0xFFFFFE00
	ands r1, r2
	orrs r1, r0
	strh r1, [r7, #0x28]
_0801E86E:
	ldr r0, [r7, #0x48]
	bl sub_8019808
	b _0801E89C
	.byte 0x00, 0x00
_0801E878: .4byte 0xFFFFFE00
_0801E87C:
	cmp r0, #0x00
	bne _0801E89C
	str r0, [r7, #0x50]
	ldr r0, _0801E8BC @ =0x0300034C
	ldr r1, _0801E8C0 @ =0x00000888
	adds r0, r0, r1
	ldrb r1, [r0, #0x00]
	lsls r1, r1, #0x1A
	lsrs r1, r1, #0x1F
	adds r1, #0x01
	lsls r1, r1, #0x06
	ldrb r2, [r7, #0x12]
	movs r0, #0x3F
	ands r0, r2
	orrs r0, r1
	strb r0, [r7, #0x12]
_0801E89C:
	ldr r0, [r7, #0x48]
	cmp r0, #0x00
	beq _0801E8AA
	ldr r0, [r0, #0x00]
	cmp r0, #0x00
	beq _0801E8AA
	b _0801EE80
_0801E8AA:
	ldr r2, [r7, #0x44]
	cmp r2, #0x00
	beq _0801E8C4
	ldrb r0, [r2, #0x00]
	cmp r0, #0x01
	beq _0801E8B8
	b _0801EE80
_0801E8B8:
	b _0801E916
	.byte 0x00, 0x00
_0801E8BC: .4byte 0x0300034C
_0801E8C0: .4byte 0x00000888
_0801E8C4:
	ldrb r0, [r7, #0x12]
	movs r1, #0xC0
	ands r1, r0
	cmp r1, #0x00
	beq _0801E912
	cmp r1, #0x40
	bne _0801E900
	ldr r4, [r7, #0x4C]
	ldrh r1, [r7, #0x2E]
	ldr r0, _0801E8E8 @ =0x06010000
	adds r3, r1, r0
	ldrb r1, [r7, #0x10]
	movs r0, #0x01
	ands r0, r1
	cmp r0, #0x00
	beq _0801E8EC
	ldrh r2, [r7, #0x30]
	b _0801E8F2
_0801E8E8: .4byte 0x06010000
_0801E8EC:
	ldrh r0, [r7, #0x28]
	lsls r0, r0, #0x17
	lsrs r2, r0, #0x12
_0801E8F2:
	movs r0, #0x00
	str r0, [sp, #0x000]
	adds r0, r4, #0x0
	adds r1, r3, #0x0
	movs r3, #0x20
	bl sub_8018218
_0801E900:
	ldrb r2, [r7, #0x12]
	lsrs r1, r2, #0x06
	subs r1, #0x01
	lsls r1, r1, #0x06
	movs r0, #0x3F
	ands r0, r2
	orrs r0, r1
	strb r0, [r7, #0x12]
	ldr r2, [r7, #0x44]
_0801E912:
	cmp r2, #0x00
	beq _0801E91A
_0801E916:
	movs r0, #0x00
	strh r0, [r7, #0x30]
_0801E91A:
	ldrb r1, [r7, #0x12]
	movs r0, #0x20
	ands r0, r1
	cmp r0, #0x00
	beq _0801E926
	b _0801EE80
_0801E926:
	ldrb r0, [r7, #0x13]
	movs r1, #0x03
	ands r1, r0
	adds r3, r7, #0x0
	adds r3, #0x29
	str r3, [sp, #0x048]
	mov r4, sp
	adds r4, #0x20
	str r4, [sp, #0x050]
	mov r3, sp
	adds r3, #0x14
	str r3, [sp, #0x04C]
	cmp r1, #0x00
	beq _0801E9B8
	cmp r1, #0x01
	bne _0801E9A0
	movs r6, #0x00
	ldrh r4, [r7, #0x14]
	movs r2, #0x00
	lsrs r0, r0, #0x04
	cmp r2, r0
	bcs _0801E9A0
	ldr r0, _0801E9E0 @ =0x0300034C
	mov r9, r0
_0801E956:
	movs r1, #0x01
	adds r0, r4, #0x0
	eors r0, r1
	ands r0, r1
	lsls r5, r2, #0x05
	ldr r3, [r7, #0x54]
	adds r2, #0x01
	mov r8, r2
	cmp r0, #0x00
	beq _0801E978
_0801E96A:
	adds r6, #0x01
	asrs r4, r4, #0x01
	adds r0, r4, #0x0
	eors r0, r1
	ands r0, r1
	cmp r0, #0x00
	bne _0801E96A
_0801E978:
	adds r0, r3, r5
	lsls r1, r6, #0x05
	ldr r2, _0801E9E4 @ =0x02000280
	adds r1, r1, r2
	ldr r2, _0801E9E8 @ =0x04000008
	bl CpuSet
	movs r0, #0x01
	lsls r0, r6
	mov r3, r9
	ldrh r1, [r3, #0x00]
	orrs r0, r1
	strh r0, [r3, #0x00]
	adds r6, #0x01
	asrs r4, r4, #0x01
	mov r2, r8
	ldrb r0, [r7, #0x13]
	lsrs r0, r0, #0x04
	cmp r2, r0
	bcc _0801E956
_0801E9A0:
	ldrb r2, [r7, #0x13]
	lsls r1, r2, #0x1E
	lsrs r1, r1, #0x1E
	subs r1, #0x01
	movs r0, #0x03
	ands r1, r0
	movs r0, #0x04
	negs r0, r0
	ands r0, r2
	orrs r0, r1
	strb r0, [r7, #0x13]
	ldr r2, [r7, #0x44]
_0801E9B8:
	ldrb r0, [r7, #0x10]
	lsls r0, r0, #0x1A
	lsrs r0, r0, #0x1B
	str r0, [sp, #0x034]
	ldrh r1, [r7, #0x10]
	ldr r0, _0801E9EC @ =0xFFFFFC3F
	ands r0, r1
	strh r0, [r7, #0x10]
	cmp r2, #0x00
	beq _0801E9F0
	adds r0, r7, #0x0
	adds r0, #0x22
	ldrb r1, [r0, #0x00]
	adds r0, #0x04
	ldrb r0, [r0, #0x00]
	muls r0, r1
	adds r0, #0x01
	adds r2, r2, r0
	str r2, [sp, #0x038]
	b _0801E9F4
_0801E9E0: .4byte 0x0300034C
_0801E9E4: .4byte 0x02000280
_0801E9E8: .4byte 0x04000008
_0801E9EC: .4byte 0xFFFFFC3F
_0801E9F0:
	movs r4, #0x00
	str r4, [sp, #0x038]
_0801E9F4:
	ldr r0, [r7, #0x40]
	mov r9, r0
	ldrb r3, [r0, #0x00]
	movs r1, #0x01
	add r9, r1
	movs r0, #0x80
	ands r0, r3
	cmp r0, #0x00
	bne _0801EA08
	b _0801EBF4
_0801EA08:
	movs r0, #0x7F
	ands r3, r0
	ldr r2, [sp, #0x048]
	ldrb r1, [r2, #0x00]
	movs r0, #0x08
	ands r0, r1
	cmp r0, #0x00
	beq _0801EA1A
	b _0801EBC8
_0801EA1A:
	ldr r2, _0801EBA8 @ =0x0300034C
	ldr r4, _0801EBAC @ =0x00000888
	adds r0, r2, r4
	ldrb r0, [r0, #0x00]
	lsls r0, r0, #0x1C
	lsrs r0, r0, #0x1F
	lsls r0, r0, #0x0A
	ldr r4, [sp, #0x034]
	lsls r1, r4, #0x05
	adds r2, #0x80
	adds r1, r1, r2
	adds r0, r0, r1
	adds r5, r0, #0x6
	cmp r3, #0x00
	bne _0801EA3A
	b _0801EBEC
_0801EA3A:
	ldr r1, _0801EBB0 @ =0x0819832C
	ldr r0, _0801EBB4 @ =0x08198220
	subs r1, r1, r0
	mov r8, r1
	mov r10, r3
_0801EA44:
	mov r0, r9
	ldrb r1, [r0, #0x02]
	ldrb r0, [r0, #0x03]
	lsls r0, r0, #0x08
	orrs r1, r0
	ldr r3, _0801EBB8 @ =0x03001038
	ldr r2, [r3, #0x00]
	add r2, r8
	movs r4, #0x04
	ldsh r0, [r7, r4]
	lsls r1, r1, #0x10
	asrs r1, r1, #0x10
	muls r1, r0
	movs r0, #0x80
	lsls r0, r0, #0x11
	bl _call_via_r2
	lsls r0, r0, #0x10
	lsrs r2, r0, #0x10
	ldrb r1, [r7, #0x11]
	movs r0, #0x40
	ands r0, r1
	cmp r0, #0x00
	beq _0801EA7A
	lsls r0, r2, #0x10
	negs r0, r0
	lsrs r2, r0, #0x10
_0801EA7A:
	ldr r6, _0801EBBC @ =0xFFFF0000
	ldr r0, [sp, #0x018]
	ands r0, r6
	orrs r0, r2
	str r0, [sp, #0x018]
	mov r0, r9
	ldrb r1, [r0, #0x04]
	ldrb r0, [r0, #0x05]
	lsls r0, r0, #0x08
	orrs r1, r0
	ldr r3, _0801EBB8 @ =0x03001038
	ldr r2, [r3, #0x00]
	add r2, r8
	movs r4, #0x06
	ldsh r0, [r7, r4]
	lsls r1, r1, #0x10
	asrs r1, r1, #0x10
	muls r1, r0
	movs r0, #0x80
	lsls r0, r0, #0x11
	bl _call_via_r2
	lsls r0, r0, #0x10
	lsrs r2, r0, #0x10
	ldrb r3, [r7, #0x11]
	movs r0, #0x80
	ands r0, r3
	lsls r0, r0, #0x18
	lsrs r4, r0, #0x18
	cmp r4, #0x00
	beq _0801EABE
	lsls r0, r2, #0x10
	negs r0, r0
	lsrs r2, r0, #0x10
_0801EABE:
	lsls r2, r2, #0x10
	ldr r1, _0801EBC0 @ =0x0000FFFF
	ldr r0, [sp, #0x018]
	ands r0, r1
	orrs r0, r2
	str r0, [sp, #0x018]
	mov r0, r9
	ldrb r1, [r0, #0x00]
	ldrb r0, [r0, #0x01]
	lsls r0, r0, #0x08
	orrs r1, r0
	movs r0, #0x40
	ands r0, r3
	cmp r0, #0x00
	beq _0801EAE2
	lsls r0, r1, #0x10
	negs r0, r0
	lsrs r1, r0, #0x10
_0801EAE2:
	cmp r4, #0x00
	beq _0801EAEC
	lsls r0, r1, #0x10
	negs r0, r0
	lsrs r1, r0, #0x10
_0801EAEC:
	ldrh r2, [r7, #0x0C]
	lsls r0, r1, #0x10
	asrs r0, r0, #0x10
	subs r2, r2, r0
	lsls r2, r2, #0x10
	lsrs r2, r2, #0x10
	add r0, sp, #0x018
	ldr r1, [r0, #0x04]
	ands r1, r6
	orrs r1, r2
	str r1, [r0, #0x04]
	adds r1, r5, #0x0
	movs r2, #0x01
	movs r3, #0x08
	bl sub_81DA6A8
	movs r1, #0x08
	ldsh r4, [r7, r1]
	movs r2, #0x80
	lsls r2, r2, #0x11
	asrs r6, r2, #0x10
	cmp r4, r6
	beq _0801EB42
	ldr r3, _0801EBB8 @ =0x03001038
	ldr r2, [r3, #0x00]
	add r2, r8
	movs r1, #0x00
	ldsh r0, [r5, r1]
	lsls r0, r0, #0x08
	adds r1, r4, #0x0
	bl _call_via_r2
	strh r0, [r5, #0x00]
	ldr r3, _0801EBB8 @ =0x03001038
	ldr r2, [r3, #0x00]
	add r2, r8
	movs r1, #0x10
	ldsh r0, [r5, r1]
	lsls r0, r0, #0x08
	adds r1, r4, #0x0
	bl _call_via_r2
	strh r0, [r5, #0x10]
_0801EB42:
	movs r2, #0x0A
	ldsh r4, [r7, r2]
	cmp r4, r6
	beq _0801EB72
	ldr r3, _0801EBB8 @ =0x03001038
	ldr r2, [r3, #0x00]
	add r2, r8
	movs r1, #0x08
	ldsh r0, [r5, r1]
	lsls r0, r0, #0x08
	adds r1, r4, #0x0
	bl _call_via_r2
	strh r0, [r5, #0x08]
	ldr r3, _0801EBB8 @ =0x03001038
	ldr r2, [r3, #0x00]
	add r2, r8
	movs r1, #0x18
	ldsh r0, [r5, r1]
	lsls r0, r0, #0x08
	adds r1, r4, #0x0
	bl _call_via_r2
	strh r0, [r5, #0x18]
_0801EB72:
	adds r5, #0x20
	ldr r2, [sp, #0x034]
	adds r2, #0x01
	str r2, [sp, #0x034]
	ldrh r2, [r7, #0x10]
	lsls r0, r2, #0x16
	lsrs r0, r0, #0x1C
	adds r0, #0x01
	movs r1, #0x0F
	ands r0, r1
	lsls r0, r0, #0x06
	ldr r3, _0801EBC4 @ =0xFFFFFC3F
	adds r1, r3, #0x0
	ands r2, r1
	orrs r2, r0
	strh r2, [r7, #0x10]
	movs r4, #0x01
	negs r4, r4
	add r10, r4
	movs r0, #0x06
	add r9, r0
	mov r1, r10
	cmp r1, #0x00
	beq _0801EBA4
	b _0801EA44
_0801EBA4:
	b _0801EBEC
	.byte 0x00, 0x00
_0801EBA8: .4byte 0x0300034C
_0801EBAC: .4byte 0x00000888
_0801EBB0: .4byte 0x0819832C
_0801EBB4: .4byte 0x08198220
_0801EBB8: .4byte 0x03001038
_0801EBBC: .4byte 0xFFFF0000
_0801EBC0: .4byte 0x0000FFFF
_0801EBC4: .4byte 0xFFFFFC3F
_0801EBC8:
	lsls r0, r3, #0x01
	adds r0, r0, r3
	lsls r0, r0, #0x01
	add r9, r0
	ldr r2, [sp, #0x034]
	adds r2, r2, r3
	str r2, [sp, #0x034]
	ldrh r2, [r7, #0x10]
	lsls r1, r2, #0x16
	lsrs r1, r1, #0x1C
	adds r1, r1, r3
	movs r0, #0x0F
	ands r1, r0
	lsls r1, r1, #0x06
	ldr r0, _0801EE94 @ =0xFFFFFC3F
	ands r0, r2
	orrs r0, r1
	strh r0, [r7, #0x10]
_0801EBEC:
	mov r4, r9
	ldrb r3, [r4, #0x00]
	movs r0, #0x01
	add r9, r0
_0801EBF4:
	mov r2, r9
	ldrb r1, [r2, #0x00]
	movs r4, #0x01
	add r9, r4
	mov r0, r9
	str r0, [sp, #0x020]
	movs r0, #0x01
	negs r0, r0
	str r0, [sp, #0x014]
	ldr r2, [sp, #0x02C]
	str r2, [r7, #0x34]
	ldr r0, _0801EE98 @ =0x03000D58
	lsls r1, r1, #0x02
	adds r1, r1, r0
	ldr r4, [sp, #0x038]
	str r4, [sp, #0x000]
	ldr r0, [sp, #0x04C]
	str r0, [sp, #0x004]
	ldr r2, [sp, #0x034]
	str r2, [sp, #0x008]
	ldr r4, [sp, #0x030]
	str r4, [sp, #0x00C]
	ldr r4, [r1, #0x00]
	ldr r0, [sp, #0x02C]
	adds r1, r7, #0x0
	ldr r2, [sp, #0x050]
	bl _call_via_r4
	str r0, [sp, #0x02C]
	ldr r0, [sp, #0x020]
	mov r9, r0
	ldr r2, [sp, #0x048]
	ldrb r1, [r2, #0x00]
	movs r0, #0x08
	ands r0, r1
	cmp r0, #0x00
	beq _0801EC40
	b _0801ED6C
_0801EC40:
	ldr r1, _0801EE9C @ =0x0300034C
	ldr r3, _0801EEA0 @ =0x00000888
	adds r0, r1, r3
	ldrb r0, [r0, #0x00]
	lsls r0, r0, #0x1C
	lsrs r0, r0, #0x1F
	lsls r0, r0, #0x0A
	adds r1, #0x86
	adds r0, r0, r1
	str r0, [sp, #0x03C]
	movs r4, #0x00
	mov r10, r4
	ldr r1, _0801EEA4 @ =0x0819832C
	ldr r0, _0801EEA8 @ =0x08198220
	subs r6, r1, r0
_0801EC5E:
	ldr r2, [sp, #0x04C]
	add r2, r10
	movs r1, #0x00
	ldsb r1, [r2, r1]
	movs r0, #0x01
	negs r0, r0
	cmp r1, r0
	beq _0801ED60
	adds r0, r1, #0x0
	lsls r0, r0, #0x05
	ldr r1, [sp, #0x03C]
	adds r5, r1, r0
	ldrh r2, [r7, #0x04]
	movs r3, #0x04
	ldsh r1, [r7, r3]
	movs r4, #0x80
	lsls r4, r4, #0x01
	mov r8, r4
	cmp r1, r8
	beq _0801EC98
	ldr r0, _0801EEAC @ =0x03001038
	ldr r2, [r0, #0x00]
	adds r2, r2, r6
	movs r0, #0x80
	lsls r0, r0, #0x09
	bl _call_via_r2
	lsls r0, r0, #0x10
	lsrs r2, r0, #0x10
_0801EC98:
	movs r0, #0x01
	mov r1, r10
	ands r0, r1
	cmp r0, #0x00
	beq _0801ECA8
	lsls r0, r2, #0x10
	negs r0, r0
	lsrs r2, r0, #0x10
_0801ECA8:
	ldr r4, _0801EEB0 @ =0xFFFF0000
	ldr r0, [sp, #0x024]
	ands r0, r4
	orrs r0, r2
	str r0, [sp, #0x024]
	ldrh r2, [r7, #0x06]
	movs r3, #0x06
	ldsh r1, [r7, r3]
	cmp r1, r8
	beq _0801ECCE
	ldr r0, _0801EEAC @ =0x03001038
	ldr r2, [r0, #0x00]
	adds r2, r2, r6
	movs r0, #0x80
	lsls r0, r0, #0x09
	bl _call_via_r2
	lsls r0, r0, #0x10
	lsrs r2, r0, #0x10
_0801ECCE:
	movs r0, #0x02
	mov r1, r10
	ands r0, r1
	cmp r0, #0x00
	beq _0801ECDE
	lsls r0, r2, #0x10
	negs r0, r0
	lsrs r2, r0, #0x10
_0801ECDE:
	lsls r2, r2, #0x10
	ldr r1, _0801EEB4 @ =0x0000FFFF
	ldr r0, [sp, #0x024]
	ands r0, r1
	orrs r0, r2
	str r0, [sp, #0x024]
	ldrh r2, [r7, #0x0C]
	add r0, sp, #0x024
	ldr r1, [r0, #0x04]
	ands r1, r4
	orrs r1, r2
	str r1, [r0, #0x04]
	adds r1, r5, #0x0
	movs r2, #0x01
	movs r3, #0x08
	bl sub_81DA6A8
	movs r2, #0x08
	ldsh r4, [r7, r2]
	cmp r4, r8
	beq _0801ED30
	ldr r3, _0801EEAC @ =0x03001038
	ldr r2, [r3, #0x00]
	adds r2, r2, r6
	movs r1, #0x00
	ldsh r0, [r5, r1]
	lsls r0, r0, #0x08
	adds r1, r4, #0x0
	bl _call_via_r2
	strh r0, [r5, #0x00]
	ldr r3, _0801EEAC @ =0x03001038
	ldr r2, [r3, #0x00]
	adds r2, r2, r6
	movs r1, #0x10
	ldsh r0, [r5, r1]
	lsls r0, r0, #0x08
	adds r1, r4, #0x0
	bl _call_via_r2
	strh r0, [r5, #0x10]
_0801ED30:
	movs r2, #0x0A
	ldsh r4, [r7, r2]
	cmp r4, r8
	beq _0801ED60
	ldr r3, _0801EEAC @ =0x03001038
	ldr r2, [r3, #0x00]
	adds r2, r2, r6
	movs r1, #0x08
	ldsh r0, [r5, r1]
	lsls r0, r0, #0x08
	adds r1, r4, #0x0
	bl _call_via_r2
	strh r0, [r5, #0x08]
	ldr r3, _0801EEAC @ =0x03001038
	ldr r2, [r3, #0x00]
	adds r2, r2, r6
	movs r1, #0x18
	ldsh r0, [r5, r1]
	lsls r0, r0, #0x08
	adds r1, r4, #0x0
	bl _call_via_r2
	strh r0, [r5, #0x18]
_0801ED60:
	movs r2, #0x01
	add r10, r2
	mov r3, r10
	cmp r3, #0x03
	bgt _0801ED6C
	b _0801EC5E
_0801ED6C:
	ldr r4, [sp, #0x038]
	cmp r4, #0x00
	bne _0801ED74
	b _0801EE80
_0801ED74:
	ldr r0, _0801EE9C @ =0x0300034C
	ldr r1, _0801EEA0 @ =0x00000888
	adds r0, r0, r1
	ldrb r1, [r0, #0x00]
	movs r0, #0x20
	ands r0, r1
	mov r5, r9
	cmp r0, #0x00
	beq _0801ED88
	ldr r5, [r7, #0x58]
_0801ED88:
	movs r2, #0x00
	str r2, [sp, #0x040]
	ldr r3, [sp, #0x048]
	ldrb r0, [r3, #0x00]
	lsls r0, r0, #0x1D
	lsrs r0, r0, #0x1F
	mov r8, r0
	cmp r5, #0x00
	beq _0801EE64
	ldrb r4, [r5, #0x00]
	str r4, [sp, #0x044]
	adds r5, #0x01
	ldrh r6, [r7, #0x2E]
	cmp r2, r4
	bge _0801EE64
	mov r10, r4
	movs r0, #0x01
	ands r0, r4
	cmp r0, #0x00
	beq _0801EDEC
	ldrb r2, [r5, #0x00]
	ldrb r0, [r5, #0x01]
	movs r1, #0x03
	ands r1, r0
	lsls r1, r1, #0x08
	orrs r2, r1
	ldrb r0, [r5, #0x02]
	lsls r4, r0, #0x05
	mov r0, r8
	cmp r0, #0x00
	bne _0801EDDC
	lsls r1, r2, #0x05
	ldr r0, [r7, #0x4C]
	adds r0, r0, r1
	ldr r2, _0801EEB8 @ =0x06010000
	adds r1, r6, r2
	ldr r3, [sp, #0x040]
	str r3, [sp, #0x000]
	adds r2, r4, #0x0
	movs r3, #0x20
	bl sub_8018218
_0801EDDC:
	adds r6, r6, r4
	str r4, [sp, #0x040]
	ldr r4, [sp, #0x044]
	subs r4, #0x01
	mov r10, r4
	adds r5, #0x03
	cmp r4, #0x00
	beq _0801EE64
_0801EDEC:
	ldrb r3, [r5, #0x00]
	ldrb r0, [r5, #0x01]
	movs r1, #0x03
	ands r1, r0
	lsls r1, r1, #0x08
	orrs r3, r1
	ldrb r0, [r5, #0x02]
	lsls r2, r0, #0x05
	adds r4, r2, #0x0
	mov r0, r8
	cmp r0, #0x00
	bne _0801EE18
	lsls r1, r3, #0x05
	ldr r0, [r7, #0x4C]
	adds r0, r0, r1
	ldr r3, _0801EEB8 @ =0x06010000
	adds r1, r6, r3
	mov r3, r8
	str r3, [sp, #0x000]
	movs r3, #0x20
	bl sub_8018218
_0801EE18:
	adds r6, r6, r4
	ldr r0, [sp, #0x040]
	adds r0, r0, r4
	str r0, [sp, #0x040]
	adds r2, r5, #0x3
	ldrb r3, [r5, #0x03]
	ldrb r1, [r2, #0x01]
	movs r0, #0x03
	ands r0, r1
	lsls r0, r0, #0x08
	orrs r3, r0
	ldrb r0, [r2, #0x02]
	lsls r4, r0, #0x05
	mov r1, r8
	cmp r1, #0x00
	bne _0801EE4E
	lsls r1, r3, #0x05
	ldr r0, [r7, #0x4C]
	adds r0, r0, r1
	ldr r2, _0801EEB8 @ =0x06010000
	adds r1, r6, r2
	mov r3, r8
	str r3, [sp, #0x000]
	adds r2, r4, #0x0
	movs r3, #0x20
	bl sub_8018218
_0801EE4E:
	adds r6, r6, r4
	ldr r0, [sp, #0x040]
	adds r0, r0, r4
	str r0, [sp, #0x040]
	movs r1, #0x02
	negs r1, r1
	add r10, r1
	adds r5, #0x06
	mov r2, r10
	cmp r2, #0x00
	bne _0801EDEC
_0801EE64:
	add r3, sp, #0x040
	ldrh r3, [r3, #0x00]
	strh r3, [r7, #0x30]
	ldr r0, _0801EE9C @ =0x0300034C
	ldr r4, _0801EEA0 @ =0x00000888
	adds r0, r0, r4
	ldrb r1, [r0, #0x00]
	movs r0, #0x20
	ands r0, r1
	movs r1, #0x00
	cmp r0, #0x00
	beq _0801EE7E
	mov r1, r9
_0801EE7E:
	str r1, [r7, #0x58]
_0801EE80:
	ldr r0, [sp, #0x02C]
	add sp, #0x054
	pop {r3, r4, r5}
	mov r8, r3
	mov r9, r4
	mov r10, r5
	pop {r4, r5, r6, r7}
	pop {r1}
	bx r1
	.byte 0x00, 0x00
_0801EE94: .4byte 0xFFFFFC3F
_0801EE98: .4byte 0x03000D58
_0801EE9C: .4byte 0x0300034C
_0801EEA0: .4byte 0x00000888
_0801EEA4: .4byte 0x0819832C
_0801EEA8: .4byte 0x08198220
_0801EEAC: .4byte 0x03001038
_0801EEB0: .4byte 0xFFFF0000
_0801EEB4: .4byte 0x0000FFFF
_0801EEB8: .4byte 0x06010000
	thumb_func_start sub_801EEBC
sub_801EEBC:
	push {r4, r5, r6, r7, lr}
	mov r7, r10
	mov r6, r9
	mov r5, r8
	push {r5, r6, r7}
	add sp, #-0x04C
	str r0, [sp, #0x024]
	mov r9, r1
	str r2, [sp, #0x028]
	str r3, [sp, #0x02C]
	mov r2, sp
	movs r3, #0x00
	ldrh r1, [r1, #0x14]
	mov r0, sp
	adds r0, #0x20
	str r0, [sp, #0x048]
	cmp r1, #0x00
	beq _0801EEF8
	movs r4, #0x01
_0801EEE2:
	adds r0, r1, #0x0
	ands r0, r4
	cmp r0, #0x00
	beq _0801EEF0
	lsls r0, r3, #0x0C
	strh r0, [r2, #0x00]
	adds r2, #0x02
_0801EEF0:
	adds r3, #0x01
	asrs r1, r1, #0x01
	cmp r1, #0x00
	bne _0801EEE2
_0801EEF8:
	mov r1, r9
	movs r2, #0x0C
	ldsh r0, [r1, r2]
	cmp r0, #0x00
	beq _0801EF10
	mov r0, r9
	adds r0, #0x29
	ldrb r1, [r0, #0x00]
	movs r0, #0x80
	ands r0, r1
	cmp r0, #0x00
	beq _0801EF36
_0801EF10:
	mov r3, r9
	movs r7, #0x04
	ldsh r0, [r3, r7]
	movs r1, #0x80
	lsls r1, r1, #0x01
	cmp r0, r1
	bgt _0801EF36
	movs r2, #0x06
	ldsh r0, [r3, r2]
	cmp r0, r1
	bgt _0801EF36
	movs r7, #0x08
	ldsh r0, [r3, r7]
	cmp r0, r1
	bgt _0801EF36
	movs r2, #0x0A
	ldsh r0, [r3, r2]
	cmp r0, r1
	ble _0801EF3C
_0801EF36:
	movs r3, #0x03
	str r3, [sp, #0x030]
	b _0801EF56
_0801EF3C:
	mov r7, r9
	ldr r2, [r7, #0x04]
	ldr r0, _0801F230 @ =0x01000100
	movs r1, #0x01
	str r1, [sp, #0x030]
	cmp r2, r0
	bne _0801EF56
	ldr r1, [r7, #0x08]
	eors r1, r2
	negs r0, r1
	orrs r0, r1
	lsrs r0, r0, #0x1F
	str r0, [sp, #0x030]
_0801EF56:
	mov r2, r9
	ldrb r1, [r2, #0x1F]
	lsls r0, r1, #0x1E
	lsrs r0, r0, #0x1E
	ldr r3, [sp, #0x048]
	strb r0, [r3, #0x00]
	lsls r0, r1, #0x1C
	lsrs r0, r0, #0x1E
	strb r0, [r3, #0x01]
	lsls r0, r1, #0x1A
	lsrs r0, r0, #0x1E
	strb r0, [r3, #0x02]
	lsls r1, r1, #0x18
	lsrs r1, r1, #0x1E
	strb r1, [r3, #0x03]
	ldr r7, [sp, #0x028]
	ldr r7, [r7, #0x00]
	str r7, [sp, #0x034]
	movs r0, #0x00
	str r0, [sp, #0x038]
	ldr r1, [sp, #0x02C]
	cmp r0, r1
	blt _0801EF86
	b _0801F358
_0801EF86:
	ldr r2, [sp, #0x034]
	ldrb r0, [r2, #0x01]
	movs r3, #0x03
	ands r3, r0
	str r3, [sp, #0x03C]
	movs r7, #0x03
	str r7, [sp, #0x040]
	adds r1, r0, #0x0
	ldr r0, [sp, #0x030]
	cmp r0, #0x03
	beq _0801EFA4
	str r0, [sp, #0x040]
	cmp r3, #0x00
	beq _0801EFA4
	str r3, [sp, #0x040]
_0801EFA4:
	lsrs r1, r1, #0x06
	lsls r1, r1, #0x03
	ldr r3, [sp, #0x034]
	ldrb r2, [r3, #0x03]
	lsrs r0, r2, #0x06
	lsls r0, r0, #0x01
	adds r1, r1, r0
	ldr r7, _0801F234 @ =0x0839EE04
	adds r1, r1, r7
	ldrb r3, [r1, #0x00]
	ldrb r4, [r1, #0x01]
	ldr r0, [sp, #0x034]
	ldrb r6, [r0, #0x02]
	movs r0, #0x01
	ands r0, r2
	cmp r0, #0x00
	beq _0801EFCA
	ldr r0, _0801F238 @ =0xFFFFFF00
	orrs r6, r0
_0801EFCA:
	ldr r1, [sp, #0x034]
	movs r5, #0x00
	ldsb r5, [r1, r5]
	ldr r2, [sp, #0x03C]
	cmp r2, #0x03
	bne _0801EFE6
	lsrs r0, r3, #0x1F
	adds r0, r3, r0
	asrs r0, r0, #0x01
	adds r6, r6, r0
	lsrs r0, r4, #0x1F
	adds r0, r4, r0
	asrs r0, r0, #0x01
	adds r5, r5, r0
_0801EFE6:
	mov r7, r9
	movs r1, #0x04
	ldsh r0, [r7, r1]
	movs r2, #0x80
	lsls r2, r2, #0x01
	cmp r0, r2
	beq _0801F020
	lsls r3, r3, #0x08
	muls r6, r0
	muls r0, r3
	cmp r0, #0x00
	bge _0801F000
	adds r0, #0xFF
_0801F000:
	asrs r0, r0, #0x08
	subs r0, r3, r0
	lsrs r1, r0, #0x1F
	adds r0, r0, r1
	asrs r0, r0, #0x01
	subs r6, r6, r0
	adds r0, r6, #0x0
	cmp r6, #0x00
	bge _0801F014
	adds r0, #0xFF
_0801F014:
	asrs r6, r0, #0x08
	adds r0, r3, #0x0
	cmp r3, #0x00
	bge _0801F01E
	adds r0, #0xFF
_0801F01E:
	asrs r3, r0, #0x08
_0801F020:
	mov r2, r9
	ldrb r1, [r2, #0x11]
	movs r0, #0x40
	ands r0, r1
	adds r2, r1, #0x0
	cmp r0, #0x00
	beq _0801F032
	negs r0, r6
	subs r6, r0, r3
_0801F032:
	mov r7, r9
	movs r1, #0x06
	ldsh r0, [r7, r1]
	movs r7, #0x80
	lsls r7, r7, #0x01
	cmp r0, r7
	beq _0801F072
	lsls r4, r4, #0x08
	mov r1, r9
	movs r7, #0x06
	ldsh r0, [r1, r7]
	muls r5, r0
	muls r0, r4
	cmp r0, #0x00
	bge _0801F052
	adds r0, #0xFF
_0801F052:
	asrs r0, r0, #0x08
	subs r0, r4, r0
	lsrs r1, r0, #0x1F
	adds r0, r0, r1
	asrs r0, r0, #0x01
	subs r5, r5, r0
	adds r0, r5, #0x0
	cmp r5, #0x00
	bge _0801F066
	adds r0, #0xFF
_0801F066:
	asrs r5, r0, #0x08
	adds r0, r4, #0x0
	cmp r4, #0x00
	bge _0801F070
	adds r0, #0xFF
_0801F070:
	asrs r4, r0, #0x08
_0801F072:
	movs r0, #0x80
	ands r0, r2
	cmp r0, #0x00
	beq _0801F07E
	negs r0, r5
	subs r5, r0, r4
_0801F07E:
	mov r1, r9
	ldrh r0, [r1, #0x0C]
	lsls r1, r0, #0x10
	cmp r1, #0x00
	beq _0801F0E4
	lsrs r0, r3, #0x1F
	adds r0, r3, r0
	asrs r0, r0, #0x01
	mov r8, r0
	lsrs r0, r4, #0x1F
	adds r0, r4, r0
	asrs r0, r0, #0x01
	mov r10, r0
	lsrs r1, r1, #0x18
	mov r2, r8
	adds r7, r6, r2
	add r5, r10
	mov r12, r5
	lsls r1, r1, #0x01
	ldr r2, _0801F23C @ =0x08198584
	adds r0, r1, r2
	movs r2, #0x00
	ldsh r5, [r0, r2]
	adds r2, r7, #0x0
	muls r2, r5
	ldr r0, _0801F240 @ =0x08198504
	adds r1, r1, r0
	movs r0, #0x00
	ldsh r1, [r1, r0]
	mov r0, r12
	muls r0, r1
	adds r0, r2, r0
	cmp r0, #0x00
	bge _0801F0C6
	ldr r2, _0801F244 @ =0x00003FFF
	adds r0, r0, r2
_0801F0C6:
	asrs r0, r0, #0x0E
	mov r2, r8
	subs r6, r0, r2
	negs r0, r7
	muls r1, r0
	mov r0, r12
	muls r0, r5
	adds r0, r1, r0
	cmp r0, #0x00
	bge _0801F0DE
	ldr r7, _0801F244 @ =0x00003FFF
	adds r0, r0, r7
_0801F0DE:
	asrs r0, r0, #0x0E
	mov r1, r10
	subs r5, r0, r1
_0801F0E4:
	mov r2, r9
	ldr r1, [r2, #0x08]
	ldr r0, _0801F230 @ =0x01000100
	cmp r1, r0
	beq _0801F13C
	movs r7, #0x08
	ldsh r1, [r2, r7]
	adds r0, r6, #0x0
	muls r0, r1
	cmp r0, #0x00
	bge _0801F0FC
	adds r0, #0xFF
_0801F0FC:
	asrs r6, r0, #0x08
	adds r0, r3, #0x0
	muls r0, r1
	cmp r0, #0x00
	bge _0801F108
	adds r0, #0xFF
_0801F108:
	asrs r0, r0, #0x08
	subs r0, r3, r0
	lsrs r1, r0, #0x1F
	adds r0, r0, r1
	asrs r0, r0, #0x01
	subs r6, r6, r0
	mov r0, r9
	movs r2, #0x0A
	ldsh r1, [r0, r2]
	adds r0, r5, #0x0
	muls r0, r1
	cmp r0, #0x00
	bge _0801F124
	adds r0, #0xFF
_0801F124:
	asrs r5, r0, #0x08
	adds r0, r4, #0x0
	muls r0, r1
	cmp r0, #0x00
	bge _0801F130
	adds r0, #0xFF
_0801F130:
	asrs r0, r0, #0x08
	subs r0, r4, r0
	lsrs r1, r0, #0x1F
	adds r0, r0, r1
	asrs r0, r0, #0x01
	subs r5, r5, r0
_0801F13C:
	ldr r7, [sp, #0x040]
	cmp r7, #0x03
	bne _0801F156
	lsrs r0, r3, #0x1F
	adds r0, r3, r0
	asrs r0, r0, #0x01
	subs r6, r6, r0
	lsrs r0, r4, #0x1F
	adds r0, r4, r0
	asrs r0, r0, #0x01
	subs r5, r5, r0
	lsls r3, r3, #0x01
	lsls r4, r4, #0x01
_0801F156:
	mov r1, r9
	movs r2, #0x00
	ldsh r0, [r1, r2]
	adds r6, r6, r0
	movs r7, #0x02
	ldsh r0, [r1, r7]
	adds r5, r5, r0
	cmn r6, r3
	bge _0801F16A
	b _0801F338
_0801F16A:
	cmp r6, #0xEF
	ble _0801F170
	b _0801F338
_0801F170:
	cmn r5, r4
	bge _0801F176
	b _0801F338
_0801F176:
	cmp r5, #0x9F
	ble _0801F17C
	b _0801F338
_0801F17C:
	ldr r1, [sp, #0x034]
	ldrb r0, [r1, #0x05]
	lsrs r0, r0, #0x02
	movs r2, #0x03
	ands r0, r2
	ldr r3, [sp, #0x048]
	adds r0, r3, r0
	ldrb r1, [r0, #0x00]
	lsls r7, r1, #0x0A
	mov r8, r7
	lsls r1, r1, #0x1E
	mov r3, r9
	ldrh r0, [r3, #0x0E]
	lsls r0, r0, #0x0E
	orrs r1, r0
	ldr r7, [sp, #0x078]
	ldrb r0, [r7, #0x00]
	lsls r0, r0, #0x07
	orrs r1, r0
	ldr r0, [sp, #0x038]
	orrs r1, r0
	ldr r3, [sp, #0x024]
	str r1, [r3, #0x08]
	ldrb r0, [r7, #0x00]
	adds r0, #0x01
	strb r0, [r7, #0x00]
	ldr r7, [sp, #0x040]
	cmp r7, #0x00
	beq _0801F20E
	ldr r0, [sp, #0x03C]
	cmp r0, #0x00
	bne _0801F20E
	ldr r1, [sp, #0x034]
	ldrb r0, [r1, #0x03]
	lsrs r0, r0, #0x04
	ands r0, r2
	str r0, [sp, #0x044]
	mov r2, r9
	ldrb r0, [r2, #0x11]
	lsls r1, r0, #0x19
	lsrs r1, r1, #0x1F
	lsrs r0, r0, #0x07
	lsls r0, r0, #0x01
	orrs r1, r0
	ldr r3, [sp, #0x044]
	eors r3, r1
	str r3, [sp, #0x044]
	ldr r7, [sp, #0x070]
	adds r2, r7, r3
	movs r1, #0x00
	ldsb r1, [r2, r1]
	movs r0, #0x01
	negs r0, r0
	cmp r1, r0
	bne _0801F20E
	add r0, sp, #0x074
	ldrb r0, [r0, #0x00]
	strb r0, [r2, #0x00]
	ldr r1, [sp, #0x074]
	adds r1, #0x01
	str r1, [sp, #0x074]
	mov r3, r9
	ldrh r2, [r3, #0x10]
	lsls r1, r2, #0x16
	lsrs r1, r1, #0x1C
	adds r1, #0x01
	movs r0, #0x0F
	ands r1, r0
	lsls r1, r1, #0x06
	ldr r0, _0801F248 @ =0xFFFFFC3F
	ands r0, r2
	orrs r0, r1
	strh r0, [r3, #0x10]
_0801F20E:
	movs r0, #0x00
	ldr r7, [sp, #0x024]
	strh r0, [r7, #0x06]
	ldr r7, [sp, #0x024]
	mov r0, r9
	ldrb r1, [r0, #0x11]
	movs r2, #0x0C
	adds r0, r2, #0x0
	ands r0, r1
	cmp r0, #0x00
	beq _0801F24C
	lsls r0, r1, #0x1C
	lsrs r0, r0, #0x1E
	lsls r2, r0, #0x0A
	ldr r3, [sp, #0x034]
	ldrb r1, [r3, #0x01]
	b _0801F256
_0801F230: .4byte 0x01000100
_0801F234: .4byte 0x0839EE04
_0801F238: .4byte 0xFFFFFF00
_0801F23C: .4byte 0x08198584
_0801F240: .4byte 0x08198504
_0801F244: .4byte 0x00003FFF
_0801F248: .4byte 0xFFFFFC3F
_0801F24C:
	ldr r0, [sp, #0x034]
	ldrb r1, [r0, #0x01]
	adds r0, r2, #0x0
	ands r0, r1
	lsls r2, r0, #0x08
_0801F256:
	movs r0, #0xF0
	ands r0, r1
	ldr r1, [sp, #0x040]
	orrs r0, r1
	lsls r0, r0, #0x08
	mov r3, r9
	ldrb r1, [r3, #0x11]
	lsls r1, r1, #0x1B
	lsrs r1, r1, #0x1F
	lsls r1, r1, #0x0C
	orrs r0, r1
	orrs r2, r0
	movs r0, #0xFF
	ands r5, r0
	orrs r2, r5
	strh r2, [r7, #0x00]
	ldr r0, [sp, #0x040]
	cmp r0, #0x00
	beq _0801F2BE
	ldr r1, [sp, #0x034]
	ldrb r2, [r1, #0x03]
	movs r0, #0xC0
	ands r0, r2
	lsls r4, r0, #0x08
	ldr r3, _0801F2A0 @ =0x000001FF
	ands r3, r6
	ldr r0, [sp, #0x03C]
	cmp r0, #0x00
	bne _0801F2A4
	ldr r1, [sp, #0x070]
	ldr r2, [sp, #0x044]
	adds r0, r1, r2
	ldrb r0, [r0, #0x00]
	lsls r0, r0, #0x18
	asrs r0, r0, #0x18
	lsls r0, r0, #0x09
	b _0801F2B6
_0801F2A0: .4byte 0x000001FF
_0801F2A4:
	mov r0, r9
	ldrb r1, [r0, #0x10]
	lsls r1, r1, #0x1A
	lsrs r1, r1, #0x1B
	movs r0, #0x3E
	ands r0, r2
	lsrs r0, r0, #0x01
	adds r1, r1, r0
	lsls r0, r1, #0x09
_0801F2B6:
	orrs r0, r4
	orrs r0, r3
	strh r0, [r7, #0x02]
	b _0801F2F8
_0801F2BE:
	ldr r1, [sp, #0x034]
	ldrb r4, [r1, #0x03]
	movs r2, #0xC0
	ands r2, r4
	movs r1, #0x10
	ands r1, r4
	lsls r1, r1, #0x18
	lsrs r1, r1, #0x18
	mov r0, r9
	ldrb r3, [r0, #0x11]
	lsls r0, r3, #0x19
	lsrs r0, r0, #0x1F
	lsls r0, r0, #0x04
	eors r1, r0
	orrs r2, r1
	movs r0, #0x20
	ands r0, r4
	lsls r0, r0, #0x18
	lsrs r0, r0, #0x18
	lsrs r3, r3, #0x07
	lsls r3, r3, #0x05
	eors r0, r3
	orrs r2, r0
	lsls r2, r2, #0x08
	ldr r1, _0801F314 @ =0x000001FF
	adds r0, r1, #0x0
	ands r6, r0
	orrs r2, r6
	strh r2, [r7, #0x02]
_0801F2F8:
	ldr r3, [sp, #0x034]
	ldrb r2, [r3, #0x05]
	lsrs r3, r2, #0x04
	ldr r0, [sp, #0x06C]
	cmp r0, #0x00
	bne _0801F318
	ldr r0, [sp, #0x034]
	ldrb r1, [r0, #0x04]
	movs r0, #0x03
	ands r0, r2
	lsls r0, r0, #0x08
	orrs r1, r0
	b _0801F31C
	.byte 0x00, 0x00
_0801F314: .4byte 0x000001FF
_0801F318:
	ldr r2, [sp, #0x06C]
	ldrb r1, [r2, #0x00]
_0801F31C:
	lsls r0, r3, #0x01
	add r0, sp
	ldrh r0, [r0, #0x00]
	mov r3, r8
	orrs r3, r0
	mov r2, r9
	ldrh r0, [r2, #0x2E]
	lsrs r0, r0, #0x05
	adds r0, r0, r1
	orrs r3, r0
	strh r3, [r7, #0x04]
	ldr r3, [sp, #0x024]
	ldr r3, [r3, #0x10]
	str r3, [sp, #0x024]
_0801F338:
	ldr r7, [sp, #0x06C]
	cmp r7, #0x00
	beq _0801F344
	adds r0, r7, #0x0
	adds r0, #0x01
	str r0, [sp, #0x06C]
_0801F344:
	ldr r1, [sp, #0x038]
	adds r1, #0x01
	str r1, [sp, #0x038]
	ldr r2, [sp, #0x034]
	adds r2, #0x06
	str r2, [sp, #0x034]
	ldr r3, [sp, #0x02C]
	cmp r1, r3
	bge _0801F358
	b _0801EF86
_0801F358:
	ldr r7, [sp, #0x034]
	ldr r0, [sp, #0x028]
	str r7, [r0, #0x00]
	ldr r0, [sp, #0x024]
	add sp, #0x04C
	pop {r3, r4, r5}
	mov r8, r3
	mov r9, r4
	mov r10, r5
	pop {r4, r5, r6, r7}
	pop {r1}
	bx r1
	thumb_func_start sub_801F370
sub_801F370:
	push {r4, r5, r6, r7, lr}
	mov r7, r10
	mov r6, r9
	mov r5, r8
	push {r5, r6, r7}
	add sp, #-0x044
	str r0, [sp, #0x020]
	mov r8, r1
	str r2, [sp, #0x024]
	str r3, [sp, #0x028]
	mov r2, sp
	movs r3, #0x00
	ldrh r1, [r1, #0x14]
	cmp r1, #0x00
	beq _0801F3A6
	movs r4, #0x01
_0801F390:
	adds r0, r1, #0x0
	ands r0, r4
	cmp r0, #0x00
	beq _0801F39E
	lsls r0, r3, #0x0C
	strh r0, [r2, #0x00]
	adds r2, #0x02
_0801F39E:
	adds r3, #0x01
	asrs r1, r1, #0x01
	cmp r1, #0x00
	bne _0801F390
_0801F3A6:
	mov r1, r8
	movs r2, #0x0C
	ldsh r0, [r1, r2]
	cmp r0, #0x00
	beq _0801F3BE
	mov r0, r8
	adds r0, #0x29
	ldrb r1, [r0, #0x00]
	movs r0, #0x80
	ands r0, r1
	cmp r0, #0x00
	beq _0801F3E4
_0801F3BE:
	mov r3, r8
	movs r7, #0x04
	ldsh r0, [r3, r7]
	movs r1, #0x80
	lsls r1, r1, #0x01
	cmp r0, r1
	bgt _0801F3E4
	movs r2, #0x06
	ldsh r0, [r3, r2]
	cmp r0, r1
	bgt _0801F3E4
	movs r7, #0x08
	ldsh r0, [r3, r7]
	cmp r0, r1
	bgt _0801F3E4
	movs r2, #0x0A
	ldsh r0, [r3, r2]
	cmp r0, r1
	ble _0801F3EA
_0801F3E4:
	movs r3, #0x03
	str r3, [sp, #0x02C]
	b _0801F404
_0801F3EA:
	mov r7, r8
	ldr r2, [r7, #0x04]
	ldr r0, _0801F608 @ =0x01000100
	movs r1, #0x01
	str r1, [sp, #0x02C]
	cmp r2, r0
	bne _0801F404
	ldr r1, [r7, #0x08]
	eors r1, r2
	negs r0, r1
	orrs r0, r1
	lsrs r0, r0, #0x1F
	str r0, [sp, #0x02C]
_0801F404:
	ldr r2, [sp, #0x024]
	ldr r2, [r2, #0x00]
	str r2, [sp, #0x030]
	movs r3, #0x00
	str r3, [sp, #0x034]
	ldr r7, [sp, #0x028]
	cmp r3, r7
	blt _0801F416
	b _0801F7B8
_0801F416:
	ldr r0, [sp, #0x030]
	ldrb r1, [r0, #0x04]
	lsrs r2, r1, #0x02
	movs r0, #0x03
	ands r2, r0
	str r2, [sp, #0x038]
	movs r3, #0x03
	str r3, [sp, #0x03C]
	ldr r7, [sp, #0x02C]
	cmp r7, #0x03
	beq _0801F434
	str r7, [sp, #0x03C]
	cmp r2, #0x00
	beq _0801F434
	str r2, [sp, #0x03C]
_0801F434:
	lsrs r0, r1, #0x04
	lsls r0, r0, #0x01
	ldr r1, _0801F60C @ =0x0839EE04
	adds r0, r0, r1
	ldrb r3, [r0, #0x00]
	ldrb r5, [r0, #0x01]
	ldr r2, [sp, #0x030]
	movs r6, #0x00
	ldsb r6, [r2, r6]
	movs r4, #0x01
	ldsb r4, [r2, r4]
	ldr r7, [sp, #0x038]
	cmp r7, #0x03
	bne _0801F458
	lsrs r0, r3, #0x01
	adds r6, r6, r0
	lsrs r0, r5, #0x01
	adds r4, r4, r0
_0801F458:
	mov r1, r8
	movs r2, #0x04
	ldsh r0, [r1, r2]
	movs r7, #0x80
	lsls r7, r7, #0x01
	cmp r0, r7
	beq _0801F492
	lsls r3, r3, #0x08
	muls r6, r0
	muls r0, r3
	cmp r0, #0x00
	bge _0801F472
	adds r0, #0xFF
_0801F472:
	asrs r0, r0, #0x08
	subs r0, r3, r0
	lsrs r1, r0, #0x1F
	adds r0, r0, r1
	asrs r0, r0, #0x01
	subs r6, r6, r0
	adds r0, r6, #0x0
	cmp r6, #0x00
	bge _0801F486
	adds r0, #0xFF
_0801F486:
	asrs r6, r0, #0x08
	adds r0, r3, #0x0
	cmp r3, #0x00
	bge _0801F490
	adds r0, #0xFF
_0801F490:
	asrs r3, r0, #0x08
_0801F492:
	mov r7, r8
	ldrb r1, [r7, #0x11]
	movs r0, #0x40
	ands r0, r1
	adds r2, r1, #0x0
	cmp r0, #0x00
	beq _0801F4A4
	negs r0, r6
	subs r6, r0, r3
_0801F4A4:
	mov r1, r8
	movs r7, #0x06
	ldsh r0, [r1, r7]
	movs r1, #0x80
	lsls r1, r1, #0x01
	cmp r0, r1
	beq _0801F4E4
	lsls r5, r5, #0x08
	mov r7, r8
	movs r1, #0x06
	ldsh r0, [r7, r1]
	muls r4, r0
	muls r0, r5
	cmp r0, #0x00
	bge _0801F4C4
	adds r0, #0xFF
_0801F4C4:
	asrs r0, r0, #0x08
	subs r0, r5, r0
	lsrs r1, r0, #0x1F
	adds r0, r0, r1
	asrs r0, r0, #0x01
	subs r4, r4, r0
	adds r0, r4, #0x0
	cmp r4, #0x00
	bge _0801F4D8
	adds r0, #0xFF
_0801F4D8:
	asrs r4, r0, #0x08
	adds r0, r5, #0x0
	cmp r5, #0x00
	bge _0801F4E2
	adds r0, #0xFF
_0801F4E2:
	asrs r5, r0, #0x08
_0801F4E4:
	movs r0, #0x80
	ands r0, r2
	cmp r0, #0x00
	beq _0801F4F0
	negs r0, r4
	subs r4, r0, r5
_0801F4F0:
	mov r2, r8
	ldrh r0, [r2, #0x0C]
	lsls r1, r0, #0x10
	cmp r1, #0x00
	beq _0801F556
	lsrs r0, r3, #0x1F
	adds r0, r3, r0
	asrs r0, r0, #0x01
	mov r9, r0
	lsrs r0, r5, #0x1F
	adds r0, r5, r0
	asrs r0, r0, #0x01
	mov r10, r0
	lsrs r1, r1, #0x18
	mov r0, r9
	adds r7, r6, r0
	add r4, r10
	mov r12, r4
	lsls r1, r1, #0x01
	ldr r2, _0801F610 @ =0x08198584
	adds r0, r1, r2
	movs r2, #0x00
	ldsh r4, [r0, r2]
	adds r2, r7, #0x0
	muls r2, r4
	ldr r0, _0801F614 @ =0x08198504
	adds r1, r1, r0
	movs r0, #0x00
	ldsh r1, [r1, r0]
	mov r0, r12
	muls r0, r1
	adds r0, r2, r0
	cmp r0, #0x00
	bge _0801F538
	ldr r2, _0801F618 @ =0x00003FFF
	adds r0, r0, r2
_0801F538:
	asrs r0, r0, #0x0E
	mov r2, r9
	subs r6, r0, r2
	negs r0, r7
	muls r1, r0
	mov r0, r12
	muls r0, r4
	adds r0, r1, r0
	cmp r0, #0x00
	bge _0801F550
	ldr r7, _0801F618 @ =0x00003FFF
	adds r0, r0, r7
_0801F550:
	asrs r0, r0, #0x0E
	mov r1, r10
	subs r4, r0, r1
_0801F556:
	mov r2, r8
	ldr r1, [r2, #0x08]
	ldr r0, _0801F608 @ =0x01000100
	cmp r1, r0
	beq _0801F5AE
	movs r7, #0x08
	ldsh r1, [r2, r7]
	adds r0, r6, #0x0
	muls r0, r1
	cmp r0, #0x00
	bge _0801F56E
	adds r0, #0xFF
_0801F56E:
	asrs r6, r0, #0x08
	adds r0, r3, #0x0
	muls r0, r1
	cmp r0, #0x00
	bge _0801F57A
	adds r0, #0xFF
_0801F57A:
	asrs r0, r0, #0x08
	subs r0, r3, r0
	lsrs r1, r0, #0x1F
	adds r0, r0, r1
	asrs r0, r0, #0x01
	subs r6, r6, r0
	mov r0, r8
	movs r2, #0x0A
	ldsh r1, [r0, r2]
	adds r0, r4, #0x0
	muls r0, r1
	cmp r0, #0x00
	bge _0801F596
	adds r0, #0xFF
_0801F596:
	asrs r4, r0, #0x08
	adds r0, r5, #0x0
	muls r0, r1
	cmp r0, #0x00
	bge _0801F5A2
	adds r0, #0xFF
_0801F5A2:
	asrs r0, r0, #0x08
	subs r0, r5, r0
	lsrs r1, r0, #0x1F
	adds r0, r0, r1
	asrs r0, r0, #0x01
	subs r4, r4, r0
_0801F5AE:
	ldr r7, [sp, #0x03C]
	cmp r7, #0x03
	bne _0801F5C8
	lsrs r0, r3, #0x1F
	adds r0, r3, r0
	asrs r0, r0, #0x01
	subs r6, r6, r0
	lsrs r0, r5, #0x1F
	adds r0, r5, r0
	asrs r0, r0, #0x01
	subs r4, r4, r0
	lsls r3, r3, #0x01
	lsls r5, r5, #0x01
_0801F5C8:
	mov r1, r8
	movs r2, #0x00
	ldsh r0, [r1, r2]
	adds r6, r6, r0
	movs r7, #0x02
	ldsh r0, [r1, r7]
	adds r4, r4, r0
	cmn r6, r3
	bge _0801F5DC
	b _0801F79A
_0801F5DC:
	cmp r6, #0xEF
	ble _0801F5E2
	b _0801F79A
_0801F5E2:
	cmn r4, r5
	bge _0801F5E8
	b _0801F79A
_0801F5E8:
	cmp r4, #0x9F
	ble _0801F5EE
	b _0801F79A
_0801F5EE:
	ldr r1, [sp, #0x030]
	ldrb r0, [r1, #0x04]
	lsrs r0, r0, #0x01
	movs r1, #0x01
	ands r0, r1
	cmp r0, #0x00
	beq _0801F61C
	mov r2, r8
	ldrb r0, [r2, #0x1F]
	lsls r0, r0, #0x1C
	lsrs r0, r0, #0x1E
	lsls r5, r0, #0x0A
	b _0801F624
_0801F608: .4byte 0x01000100
_0801F60C: .4byte 0x0839EE04
_0801F610: .4byte 0x08198584
_0801F614: .4byte 0x08198504
_0801F618: .4byte 0x00003FFF
_0801F61C:
	mov r3, r8
	ldrb r0, [r3, #0x1F]
	lsls r0, r0, #0x1E
	lsrs r5, r0, #0x14
_0801F624:
	lsls r1, r5, #0x14
	mov r7, r8
	ldrh r0, [r7, #0x0E]
	lsls r0, r0, #0x0E
	orrs r1, r0
	ldr r2, [sp, #0x070]
	ldrb r0, [r2, #0x00]
	lsls r0, r0, #0x07
	orrs r1, r0
	ldr r3, [sp, #0x034]
	orrs r1, r3
	ldr r7, [sp, #0x020]
	str r1, [r7, #0x08]
	ldrb r0, [r2, #0x00]
	adds r0, #0x01
	strb r0, [r2, #0x00]
	ldr r0, [sp, #0x03C]
	cmp r0, #0x00
	beq _0801F6A2
	ldr r1, [sp, #0x038]
	cmp r1, #0x00
	bne _0801F6A2
	ldr r2, [sp, #0x030]
	ldrb r0, [r2, #0x02]
	lsrs r0, r0, #0x02
	str r0, [sp, #0x040]
	movs r0, #0x03
	ldr r3, [sp, #0x040]
	ands r3, r0
	mov r7, r8
	ldrb r0, [r7, #0x11]
	lsls r1, r0, #0x19
	lsrs r1, r1, #0x1F
	lsrs r0, r0, #0x07
	lsls r0, r0, #0x01
	orrs r1, r0
	eors r3, r1
	str r3, [sp, #0x040]
	ldr r0, [sp, #0x068]
	adds r2, r0, r3
	movs r1, #0x00
	ldsb r1, [r2, r1]
	movs r0, #0x01
	negs r0, r0
	cmp r1, r0
	bne _0801F6A2
	add r1, sp, #0x06C
	ldrb r1, [r1, #0x00]
	strb r1, [r2, #0x00]
	ldr r2, [sp, #0x06C]
	adds r2, #0x01
	str r2, [sp, #0x06C]
	ldrh r2, [r7, #0x10]
	lsls r1, r2, #0x16
	lsrs r1, r1, #0x1C
	adds r1, #0x01
	movs r0, #0x0F
	ands r1, r0
	lsls r1, r1, #0x06
	ldr r0, _0801F6F8 @ =0xFFFFFC3F
	ands r0, r2
	orrs r0, r1
	strh r0, [r7, #0x10]
_0801F6A2:
	movs r0, #0x00
	ldr r3, [sp, #0x020]
	strh r0, [r3, #0x06]
	ldr r7, [sp, #0x020]
	mov r1, r8
	ldrh r0, [r1, #0x10]
	movs r1, #0xF0
	lsls r1, r1, #0x06
	ands r1, r0
	ldr r3, [sp, #0x030]
	ldrb r2, [r3, #0x04]
	movs r0, #0xC0
	ands r0, r2
	lsls r0, r0, #0x08
	orrs r1, r0
	ldr r2, [sp, #0x03C]
	lsls r0, r2, #0x08
	orrs r1, r0
	movs r0, #0xFF
	ands r4, r0
	orrs r1, r4
	adds r3, r7, #0x0
	strh r1, [r3, #0x00]
	cmp r2, #0x00
	beq _0801F71C
	ldr r0, [sp, #0x030]
	ldrb r1, [r0, #0x04]
	movs r0, #0x30
	ands r0, r1
	lsls r4, r0, #0x0A
	ldr r3, _0801F6FC @ =0x000001FF
	ands r3, r6
	ldr r1, [sp, #0x038]
	cmp r1, #0x00
	bne _0801F700
	ldr r2, [sp, #0x068]
	ldr r1, [sp, #0x040]
	adds r0, r2, r1
	ldrb r0, [r0, #0x00]
	lsls r0, r0, #0x18
	asrs r0, r0, #0x18
	b _0801F712
	.byte 0x00, 0x00
_0801F6F8: .4byte 0xFFFFFC3F
_0801F6FC: .4byte 0x000001FF
_0801F700:
	mov r2, r8
	ldrb r0, [r2, #0x10]
	lsls r0, r0, #0x1A
	lsrs r0, r0, #0x1B
	ldr r1, [sp, #0x030]
	ldrb r2, [r1, #0x02]
	movs r1, #0x0F
	ands r1, r2
	adds r0, r0, r1
_0801F712:
	lsls r0, r0, #0x09
	orrs r0, r4
	orrs r0, r3
	strh r0, [r7, #0x02]
	b _0801F75A
_0801F71C:
	ldr r2, [sp, #0x030]
	ldrb r0, [r2, #0x04]
	movs r3, #0x30
	ands r3, r0
	ldrb r4, [r2, #0x02]
	movs r1, #0x04
	ands r1, r4
	lsls r1, r1, #0x18
	lsrs r1, r1, #0x18
	mov r0, r8
	ldrb r2, [r0, #0x11]
	lsls r0, r2, #0x19
	lsrs r0, r0, #0x1F
	lsls r0, r0, #0x02
	eors r1, r0
	movs r0, #0x08
	ands r0, r4
	lsls r0, r0, #0x18
	lsrs r0, r0, #0x18
	lsrs r2, r2, #0x07
	lsls r2, r2, #0x03
	eors r0, r2
	orrs r1, r0
	orrs r3, r1
	lsls r3, r3, #0x0A
	ldr r1, _0801F778 @ =0x000001FF
	adds r0, r1, #0x0
	ands r6, r0
	orrs r3, r6
	ldr r2, [sp, #0x020]
	strh r3, [r2, #0x02]
_0801F75A:
	ldr r3, [sp, #0x030]
	ldrb r0, [r3, #0x02]
	lsrs r3, r0, #0x04
	ldr r0, [sp, #0x064]
	cmp r0, #0x00
	bne _0801F77C
	ldr r1, [sp, #0x030]
	ldrb r2, [r1, #0x03]
	ldrb r1, [r1, #0x04]
	movs r0, #0x01
	ands r0, r1
	lsls r0, r0, #0x08
	orrs r2, r0
	b _0801F780
	.byte 0x00, 0x00
_0801F778: .4byte 0x000001FF
_0801F77C:
	ldr r0, [sp, #0x064]
	ldrb r2, [r0, #0x00]
_0801F780:
	lsls r0, r3, #0x01
	add r0, sp
	ldrh r0, [r0, #0x00]
	orrs r5, r0
	mov r1, r8
	ldrh r0, [r1, #0x2E]
	lsrs r0, r0, #0x05
	adds r0, r0, r2
	orrs r5, r0
	strh r5, [r7, #0x04]
	ldr r2, [sp, #0x020]
	ldr r2, [r2, #0x10]
	str r2, [sp, #0x020]
_0801F79A:
	ldr r3, [sp, #0x064]
	cmp r3, #0x00
	beq _0801F7A4
	adds r3, #0x01
	str r3, [sp, #0x064]
_0801F7A4:
	ldr r7, [sp, #0x034]
	adds r7, #0x01
	str r7, [sp, #0x034]
	ldr r0, [sp, #0x030]
	adds r0, #0x05
	str r0, [sp, #0x030]
	ldr r1, [sp, #0x028]
	cmp r7, r1
	bge _0801F7B8
	b _0801F416
_0801F7B8:
	ldr r2, [sp, #0x030]
	ldr r3, [sp, #0x024]
	str r2, [r3, #0x00]
	ldr r0, [sp, #0x020]
	add sp, #0x044
	pop {r3, r4, r5}
	mov r8, r3
	mov r9, r4
	mov r10, r5
	pop {r4, r5, r6, r7}
	pop {r1}
	bx r1
	thumb_func_start sub_801F7D0
sub_801F7D0:
	push {r4, r5, r6, r7, lr}
	mov r7, r10
	mov r6, r9
	mov r5, r8
	push {r5, r6, r7}
	add sp, #-0x044
	str r0, [sp, #0x020]
	mov r8, r1
	str r2, [sp, #0x024]
	str r3, [sp, #0x028]
	mov r2, sp
	movs r4, #0x00
	ldrh r1, [r1, #0x14]
	cmp r1, #0x00
	beq _0801F806
	movs r5, #0x01
_0801F7F0:
	adds r0, r1, #0x0
	ands r0, r5
	cmp r0, #0x00
	beq _0801F7FE
	lsls r0, r4, #0x0C
	strh r0, [r2, #0x00]
	adds r2, #0x02
_0801F7FE:
	adds r4, #0x01
	asrs r1, r1, #0x01
	cmp r1, #0x00
	bne _0801F7F0
_0801F806:
	mov r0, r8
	movs r1, #0x0C
	ldsh r2, [r0, r1]
	cmp r2, #0x00
	beq _0801F81C
	adds r0, #0x29
	ldrb r1, [r0, #0x00]
	movs r0, #0x80
	ands r0, r1
	cmp r0, #0x00
	beq _0801F842
_0801F81C:
	mov r3, r8
	movs r4, #0x04
	ldsh r0, [r3, r4]
	movs r1, #0x80
	lsls r1, r1, #0x01
	cmp r0, r1
	bgt _0801F842
	movs r7, #0x06
	ldsh r0, [r3, r7]
	cmp r0, r1
	bgt _0801F842
	movs r4, #0x08
	ldsh r0, [r3, r4]
	cmp r0, r1
	bgt _0801F842
	movs r7, #0x0A
	ldsh r0, [r3, r7]
	cmp r0, r1
	ble _0801F846
_0801F842:
	movs r0, #0x03
	b _0801F862
_0801F846:
	movs r1, #0x01
	str r1, [sp, #0x02C]
	cmp r2, #0x00
	bne _0801F864
	mov r3, r8
	ldr r2, [r3, #0x04]
	ldr r0, _0801FAFC @ =0x01000100
	cmp r2, r0
	bne _0801F864
	ldr r1, [r3, #0x08]
	eors r1, r2
	negs r0, r1
	orrs r0, r1
	lsrs r0, r0, #0x1F
_0801F862:
	str r0, [sp, #0x02C]
_0801F864:
	mov r4, r8
	ldrb r0, [r4, #0x1F]
	lsls r0, r0, #0x1E
	lsrs r0, r0, #0x14
	str r0, [sp, #0x030]
	ldr r7, [sp, #0x024]
	ldr r7, [r7, #0x00]
	str r7, [sp, #0x034]
	movs r0, #0x00
	str r0, [sp, #0x038]
	ldr r1, [sp, #0x028]
	cmp r0, r1
	blt _0801F880
	b _0801FB94
_0801F880:
	ldr r2, [sp, #0x034]
	ldrb r2, [r2, #0x03]
	str r2, [sp, #0x03C]
	lsrs r0, r2, #0x04
	lsls r0, r0, #0x01
	ldr r3, _0801FB00 @ =0x0839EE04
	adds r0, r0, r3
	ldrb r4, [r0, #0x00]
	ldrb r6, [r0, #0x01]
	ldr r7, [sp, #0x034]
	movs r5, #0x00
	ldsb r5, [r7, r5]
	movs r3, #0x01
	ldsb r3, [r7, r3]
	mov r1, r8
	movs r2, #0x04
	ldsh r0, [r1, r2]
	movs r7, #0x80
	lsls r7, r7, #0x01
	cmp r0, r7
	beq _0801F8D6
	lsls r4, r4, #0x08
	muls r5, r0
	muls r0, r4
	cmp r0, #0x00
	bge _0801F8B6
	adds r0, #0xFF
_0801F8B6:
	asrs r0, r0, #0x08
	subs r0, r4, r0
	lsrs r1, r0, #0x1F
	adds r0, r0, r1
	asrs r0, r0, #0x01
	subs r5, r5, r0
	adds r0, r5, #0x0
	cmp r5, #0x00
	bge _0801F8CA
	adds r0, #0xFF
_0801F8CA:
	asrs r5, r0, #0x08
	adds r0, r4, #0x0
	cmp r4, #0x00
	bge _0801F8D4
	adds r0, #0xFF
_0801F8D4:
	asrs r4, r0, #0x08
_0801F8D6:
	mov r7, r8
	ldrb r1, [r7, #0x11]
	movs r0, #0x40
	ands r0, r1
	adds r2, r1, #0x0
	cmp r0, #0x00
	beq _0801F8E8
	negs r0, r5
	subs r5, r0, r4
_0801F8E8:
	mov r1, r8
	movs r7, #0x06
	ldsh r0, [r1, r7]
	movs r1, #0x80
	lsls r1, r1, #0x01
	cmp r0, r1
	beq _0801F928
	lsls r6, r6, #0x08
	mov r7, r8
	movs r1, #0x06
	ldsh r0, [r7, r1]
	muls r3, r0
	muls r0, r6
	cmp r0, #0x00
	bge _0801F908
	adds r0, #0xFF
_0801F908:
	asrs r0, r0, #0x08
	subs r0, r6, r0
	lsrs r1, r0, #0x1F
	adds r0, r0, r1
	asrs r0, r0, #0x01
	subs r3, r3, r0
	adds r0, r3, #0x0
	cmp r3, #0x00
	bge _0801F91C
	adds r0, #0xFF
_0801F91C:
	asrs r3, r0, #0x08
	adds r0, r6, #0x0
	cmp r6, #0x00
	bge _0801F926
	adds r0, #0xFF
_0801F926:
	asrs r6, r0, #0x08
_0801F928:
	movs r0, #0x80
	ands r0, r2
	cmp r0, #0x00
	beq _0801F934
	negs r0, r3
	subs r3, r0, r6
_0801F934:
	mov r2, r8
	ldrh r0, [r2, #0x0C]
	lsls r1, r0, #0x10
	cmp r1, #0x00
	beq _0801F99A
	lsrs r0, r4, #0x1F
	adds r0, r4, r0
	asrs r0, r0, #0x01
	mov r9, r0
	lsrs r0, r6, #0x1F
	adds r0, r6, r0
	asrs r0, r0, #0x01
	mov r10, r0
	lsrs r1, r1, #0x18
	mov r0, r9
	adds r7, r5, r0
	add r3, r10
	mov r12, r3
	lsls r1, r1, #0x01
	ldr r2, _0801FB04 @ =0x08198584
	adds r0, r1, r2
	movs r2, #0x00
	ldsh r3, [r0, r2]
	adds r2, r7, #0x0
	muls r2, r3
	ldr r0, _0801FB08 @ =0x08198504
	adds r1, r1, r0
	movs r0, #0x00
	ldsh r1, [r1, r0]
	mov r0, r12
	muls r0, r1
	adds r0, r2, r0
	cmp r0, #0x00
	bge _0801F97C
	ldr r2, _0801FB0C @ =0x00003FFF
	adds r0, r0, r2
_0801F97C:
	asrs r0, r0, #0x0E
	mov r2, r9
	subs r5, r0, r2
	negs r0, r7
	muls r1, r0
	mov r0, r12
	muls r0, r3
	adds r0, r1, r0
	cmp r0, #0x00
	bge _0801F994
	ldr r3, _0801FB0C @ =0x00003FFF
	adds r0, r0, r3
_0801F994:
	asrs r0, r0, #0x0E
	mov r7, r10
	subs r3, r0, r7
_0801F99A:
	mov r0, r8
	ldr r1, [r0, #0x08]
	ldr r0, _0801FAFC @ =0x01000100
	cmp r1, r0
	beq _0801F9F4
	mov r2, r8
	movs r7, #0x08
	ldsh r1, [r2, r7]
	adds r0, r5, #0x0
	muls r0, r1
	cmp r0, #0x00
	bge _0801F9B4
	adds r0, #0xFF
_0801F9B4:
	asrs r5, r0, #0x08
	adds r0, r4, #0x0
	muls r0, r1
	cmp r0, #0x00
	bge _0801F9C0
	adds r0, #0xFF
_0801F9C0:
	asrs r0, r0, #0x08
	subs r0, r4, r0
	lsrs r1, r0, #0x1F
	adds r0, r0, r1
	asrs r0, r0, #0x01
	subs r5, r5, r0
	mov r0, r8
	movs r2, #0x0A
	ldsh r1, [r0, r2]
	adds r0, r3, #0x0
	muls r0, r1
	cmp r0, #0x00
	bge _0801F9DC
	adds r0, #0xFF
_0801F9DC:
	asrs r3, r0, #0x08
	adds r0, r6, #0x0
	muls r0, r1
	cmp r0, #0x00
	bge _0801F9E8
	adds r0, #0xFF
_0801F9E8:
	asrs r0, r0, #0x08
	subs r0, r6, r0
	lsrs r1, r0, #0x1F
	adds r0, r0, r1
	asrs r0, r0, #0x01
	subs r3, r3, r0
_0801F9F4:
	ldr r7, [sp, #0x02C]
	cmp r7, #0x03
	bne _0801FA0E
	lsrs r0, r4, #0x1F
	adds r0, r4, r0
	asrs r0, r0, #0x01
	subs r5, r5, r0
	lsrs r0, r6, #0x1F
	adds r0, r6, r0
	asrs r0, r0, #0x01
	subs r3, r3, r0
	lsls r4, r4, #0x01
	lsls r6, r6, #0x01
_0801FA0E:
	mov r1, r8
	movs r2, #0x00
	ldsh r0, [r1, r2]
	adds r5, r5, r0
	movs r7, #0x02
	ldsh r0, [r1, r7]
	adds r3, r3, r0
	cmn r5, r4
	bge _0801FA22
	b _0801FB74
_0801FA22:
	cmp r5, #0xEF
	ble _0801FA28
	b _0801FB74
_0801FA28:
	cmn r3, r6
	bge _0801FA2E
	b _0801FB74
_0801FA2E:
	cmp r3, #0x9F
	ble _0801FA34
	b _0801FB74
_0801FA34:
	ldr r0, [sp, #0x030]
	lsls r1, r0, #0x14
	mov r2, r8
	ldrh r0, [r2, #0x0E]
	lsls r0, r0, #0x0E
	orrs r1, r0
	ldr r4, [sp, #0x070]
	ldrb r0, [r4, #0x00]
	lsls r0, r0, #0x07
	orrs r1, r0
	ldr r7, [sp, #0x038]
	orrs r1, r7
	ldr r0, [sp, #0x020]
	str r1, [r0, #0x08]
	ldrb r0, [r4, #0x00]
	adds r0, #0x01
	strb r0, [r4, #0x00]
	ldr r1, [sp, #0x02C]
	cmp r1, #0x00
	beq _0801FAAA
	ldr r2, [sp, #0x03C]
	lsrs r2, r2, #0x02
	str r2, [sp, #0x040]
	movs r0, #0x03
	ands r2, r0
	mov r4, r8
	ldrb r0, [r4, #0x11]
	lsls r1, r0, #0x19
	lsrs r1, r1, #0x1F
	lsrs r0, r0, #0x07
	lsls r0, r0, #0x01
	orrs r1, r0
	eors r2, r1
	str r2, [sp, #0x040]
	ldr r7, [sp, #0x068]
	adds r2, r7, r2
	movs r1, #0x00
	ldsb r1, [r2, r1]
	movs r0, #0x01
	negs r0, r0
	cmp r1, r0
	bne _0801FAAA
	add r0, sp, #0x06C
	ldrb r0, [r0, #0x00]
	strb r0, [r2, #0x00]
	ldr r1, [sp, #0x06C]
	adds r1, #0x01
	str r1, [sp, #0x06C]
	ldrh r2, [r4, #0x10]
	lsls r1, r2, #0x16
	lsrs r1, r1, #0x1C
	adds r1, #0x01
	movs r0, #0x0F
	ands r1, r0
	lsls r1, r1, #0x06
	ldr r0, _0801FB10 @ =0xFFFFFC3F
	ands r0, r2
	orrs r0, r1
	strh r0, [r4, #0x10]
_0801FAAA:
	movs r0, #0x00
	ldr r2, [sp, #0x020]
	strh r0, [r2, #0x06]
	ldr r4, [sp, #0x020]
	mov r7, r8
	ldrh r0, [r7, #0x10]
	movs r1, #0xF0
	lsls r1, r1, #0x06
	ands r1, r0
	movs r0, #0xC0
	ldr r2, [sp, #0x03C]
	ands r0, r2
	lsls r0, r0, #0x08
	orrs r1, r0
	ldr r7, [sp, #0x02C]
	lsls r0, r7, #0x08
	orrs r1, r0
	movs r0, #0xFF
	ands r3, r0
	orrs r1, r3
	strh r1, [r4, #0x00]
	cmp r7, #0x00
	beq _0801FB18
	movs r1, #0x30
	ands r1, r2
	lsls r1, r1, #0x0A
	ldr r2, [sp, #0x068]
	ldr r3, [sp, #0x040]
	adds r0, r2, r3
	ldrb r0, [r0, #0x00]
	lsls r0, r0, #0x18
	asrs r0, r0, #0x18
	lsls r0, r0, #0x09
	orrs r1, r0
	ldr r7, _0801FB14 @ =0x000001FF
	adds r0, r7, #0x0
	ands r5, r0
	orrs r1, r5
	ldr r0, [sp, #0x020]
	strh r1, [r0, #0x02]
	b _0801FB3E
_0801FAFC: .4byte 0x01000100
_0801FB00: .4byte 0x0839EE04
_0801FB04: .4byte 0x08198584
_0801FB08: .4byte 0x08198504
_0801FB0C: .4byte 0x00003FFF
_0801FB10: .4byte 0xFFFFFC3F
_0801FB14: .4byte 0x000001FF
_0801FB18:
	movs r2, #0x3C
	ldr r1, [sp, #0x03C]
	ands r2, r1
	mov r3, r8
	ldrb r1, [r3, #0x11]
	lsls r0, r1, #0x19
	lsrs r0, r0, #0x1F
	lsls r0, r0, #0x02
	lsrs r1, r1, #0x07
	lsls r1, r1, #0x03
	orrs r0, r1
	eors r2, r0
	lsls r2, r2, #0x0A
	ldr r7, _0801FB50 @ =0x000001FF
	adds r0, r7, #0x0
	ands r5, r0
	orrs r2, r5
	ldr r0, [sp, #0x020]
	strh r2, [r0, #0x02]
_0801FB3E:
	movs r0, #0x03
	ldr r1, [sp, #0x03C]
	ands r0, r1
	ldr r2, [sp, #0x064]
	cmp r2, #0x00
	bne _0801FB54
	ldr r3, [sp, #0x034]
	ldrb r2, [r3, #0x02]
	b _0801FB58
_0801FB50: .4byte 0x000001FF
_0801FB54:
	ldr r7, [sp, #0x064]
	ldrb r2, [r7, #0x00]
_0801FB58:
	lsls r0, r0, #0x01
	add r0, sp
	ldrh r0, [r0, #0x00]
	ldr r1, [sp, #0x030]
	orrs r1, r0
	mov r3, r8
	ldrh r0, [r3, #0x2E]
	lsrs r0, r0, #0x05
	adds r0, r0, r2
	orrs r1, r0
	strh r1, [r4, #0x04]
	ldr r4, [sp, #0x020]
	ldr r4, [r4, #0x10]
	str r4, [sp, #0x020]
_0801FB74:
	ldr r7, [sp, #0x064]
	cmp r7, #0x00
	beq _0801FB80
	adds r0, r7, #0x0
	adds r0, #0x01
	str r0, [sp, #0x064]
_0801FB80:
	ldr r1, [sp, #0x038]
	adds r1, #0x01
	str r1, [sp, #0x038]
	ldr r2, [sp, #0x034]
	adds r2, #0x04
	str r2, [sp, #0x034]
	ldr r3, [sp, #0x028]
	cmp r1, r3
	bge _0801FB94
	b _0801F880
_0801FB94:
	ldr r4, [sp, #0x034]
	ldr r7, [sp, #0x024]
	str r4, [r7, #0x00]
	ldr r0, [sp, #0x020]
	add sp, #0x044
	pop {r3, r4, r5}
	mov r8, r3
	mov r9, r4
	mov r10, r5
	pop {r4, r5, r6, r7}
	pop {r1}
	bx r1
	thumb_func_start sub_801FBAC
sub_801FBAC:
	push {r4, r5, r6, r7, lr}
	mov r7, r10
	mov r6, r9
	mov r5, r8
	push {r5, r6, r7}
	add sp, #-0x024
	str r0, [sp, #0x000]
	mov r8, r1
	str r2, [sp, #0x004]
	str r3, [sp, #0x008]
	movs r0, #0x00
	str r0, [sp, #0x00C]
	ldrh r2, [r1, #0x14]
	movs r1, #0x01
	b _0801FBD2
_0801FBCA:
	ldr r3, [sp, #0x00C]
	adds r3, #0x01
	str r3, [sp, #0x00C]
	asrs r2, r2, #0x01
_0801FBD2:
	adds r0, r2, #0x0
	eors r0, r1
	ands r0, r1
	cmp r0, #0x00
	bne _0801FBCA
	ldr r4, [sp, #0x00C]
	lsls r4, r4, #0x0C
	str r4, [sp, #0x00C]
	mov r7, r8
	movs r0, #0x0C
	ldsh r2, [r7, r0]
	cmp r2, #0x00
	beq _0801FBFA
	mov r0, r8
	adds r0, #0x29
	ldrb r1, [r0, #0x00]
	movs r0, #0x80
	ands r0, r1
	cmp r0, #0x00
	beq _0801FC22
_0801FBFA:
	mov r1, r8
	movs r3, #0x04
	ldsh r0, [r1, r3]
	movs r1, #0x80
	lsls r1, r1, #0x01
	cmp r0, r1
	bgt _0801FC22
	mov r4, r8
	movs r7, #0x06
	ldsh r0, [r4, r7]
	cmp r0, r1
	bgt _0801FC22
	movs r3, #0x08
	ldsh r0, [r4, r3]
	cmp r0, r1
	bgt _0801FC22
	movs r7, #0x0A
	ldsh r0, [r4, r7]
	cmp r0, r1
	ble _0801FC26
_0801FC22:
	movs r0, #0x03
	b _0801FC42
_0801FC26:
	movs r1, #0x01
	str r1, [sp, #0x010]
	cmp r2, #0x00
	bne _0801FC44
	mov r3, r8
	ldr r2, [r3, #0x04]
	ldr r0, _0801FE20 @ =0x01000100
	cmp r2, r0
	bne _0801FC44
	ldr r1, [r3, #0x08]
	eors r1, r2
	negs r0, r1
	orrs r0, r1
	lsrs r0, r0, #0x1F
_0801FC42:
	str r0, [sp, #0x010]
_0801FC44:
	ldr r4, [sp, #0x004]
	ldr r4, [r4, #0x00]
	str r4, [sp, #0x014]
	movs r7, #0x00
	str r7, [sp, #0x018]
	ldr r0, [sp, #0x008]
	cmp r7, r0
	blt _0801FC56
	b _0801FF8E
_0801FC56:
	ldr r1, [sp, #0x014]
	ldrb r1, [r1, #0x03]
	str r1, [sp, #0x01C]
	lsrs r0, r1, #0x04
	lsls r0, r0, #0x01
	ldr r2, _0801FE24 @ =0x0839EE04
	adds r0, r0, r2
	ldrb r3, [r0, #0x00]
	ldrb r4, [r0, #0x01]
	ldr r7, [sp, #0x014]
	movs r6, #0x00
	ldsb r6, [r7, r6]
	movs r5, #0x01
	ldsb r5, [r7, r5]
	mov r1, r8
	movs r2, #0x04
	ldsh r0, [r1, r2]
	movs r7, #0x80
	lsls r7, r7, #0x01
	cmp r0, r7
	beq _0801FCAC
	lsls r3, r3, #0x08
	muls r6, r0
	muls r0, r3
	cmp r0, #0x00
	bge _0801FC8C
	adds r0, #0xFF
_0801FC8C:
	asrs r0, r0, #0x08
	subs r0, r3, r0
	lsrs r1, r0, #0x1F
	adds r0, r0, r1
	asrs r0, r0, #0x01
	subs r6, r6, r0
	adds r0, r6, #0x0
	cmp r6, #0x00
	bge _0801FCA0
	adds r0, #0xFF
_0801FCA0:
	asrs r6, r0, #0x08
	adds r0, r3, #0x0
	cmp r3, #0x00
	bge _0801FCAA
	adds r0, #0xFF
_0801FCAA:
	asrs r3, r0, #0x08
_0801FCAC:
	mov r7, r8
	ldrb r1, [r7, #0x11]
	movs r0, #0x40
	ands r0, r1
	adds r2, r1, #0x0
	cmp r0, #0x00
	beq _0801FCBE
	negs r0, r6
	subs r6, r0, r3
_0801FCBE:
	mov r1, r8
	movs r7, #0x06
	ldsh r0, [r1, r7]
	movs r1, #0x80
	lsls r1, r1, #0x01
	cmp r0, r1
	beq _0801FCFE
	lsls r4, r4, #0x08
	mov r7, r8
	movs r1, #0x06
	ldsh r0, [r7, r1]
	muls r5, r0
	muls r0, r4
	cmp r0, #0x00
	bge _0801FCDE
	adds r0, #0xFF
_0801FCDE:
	asrs r0, r0, #0x08
	subs r0, r4, r0
	lsrs r1, r0, #0x1F
	adds r0, r0, r1
	asrs r0, r0, #0x01
	subs r5, r5, r0
	adds r0, r5, #0x0
	cmp r5, #0x00
	bge _0801FCF2
	adds r0, #0xFF
_0801FCF2:
	asrs r5, r0, #0x08
	adds r0, r4, #0x0
	cmp r4, #0x00
	bge _0801FCFC
	adds r0, #0xFF
_0801FCFC:
	asrs r4, r0, #0x08
_0801FCFE:
	movs r0, #0x80
	ands r0, r2
	cmp r0, #0x00
	beq _0801FD0A
	negs r0, r5
	subs r5, r0, r4
_0801FD0A:
	mov r2, r8
	ldrh r0, [r2, #0x0C]
	lsls r1, r0, #0x10
	cmp r1, #0x00
	beq _0801FD70
	lsrs r0, r3, #0x1F
	adds r0, r3, r0
	asrs r0, r0, #0x01
	mov r9, r0
	lsrs r0, r4, #0x1F
	adds r0, r4, r0
	asrs r0, r0, #0x01
	mov r10, r0
	lsrs r1, r1, #0x18
	mov r0, r9
	adds r7, r6, r0
	add r5, r10
	mov r12, r5
	lsls r1, r1, #0x01
	ldr r2, _0801FE28 @ =0x08198584
	adds r0, r1, r2
	movs r2, #0x00
	ldsh r5, [r0, r2]
	adds r2, r7, #0x0
	muls r2, r5
	ldr r0, _0801FE2C @ =0x08198504
	adds r1, r1, r0
	movs r0, #0x00
	ldsh r1, [r1, r0]
	mov r0, r12
	muls r0, r1
	adds r0, r2, r0
	cmp r0, #0x00
	bge _0801FD52
	ldr r2, _0801FE30 @ =0x00003FFF
	adds r0, r0, r2
_0801FD52:
	asrs r0, r0, #0x0E
	mov r2, r9
	subs r6, r0, r2
	negs r0, r7
	muls r1, r0
	mov r0, r12
	muls r0, r5
	adds r0, r1, r0
	cmp r0, #0x00
	bge _0801FD6A
	ldr r7, _0801FE30 @ =0x00003FFF
	adds r0, r0, r7
_0801FD6A:
	asrs r0, r0, #0x0E
	mov r1, r10
	subs r5, r0, r1
_0801FD70:
	mov r2, r8
	ldr r1, [r2, #0x08]
	ldr r0, _0801FE20 @ =0x01000100
	cmp r1, r0
	beq _0801FDC8
	movs r7, #0x08
	ldsh r1, [r2, r7]
	adds r0, r6, #0x0
	muls r0, r1
	cmp r0, #0x00
	bge _0801FD88
	adds r0, #0xFF
_0801FD88:
	asrs r6, r0, #0x08
	adds r0, r3, #0x0
	muls r0, r1
	cmp r0, #0x00
	bge _0801FD94
	adds r0, #0xFF
_0801FD94:
	asrs r0, r0, #0x08
	subs r0, r3, r0
	lsrs r1, r0, #0x1F
	adds r0, r0, r1
	asrs r0, r0, #0x01
	subs r6, r6, r0
	mov r0, r8
	movs r2, #0x0A
	ldsh r1, [r0, r2]
	adds r0, r5, #0x0
	muls r0, r1
	cmp r0, #0x00
	bge _0801FDB0
	adds r0, #0xFF
_0801FDB0:
	asrs r5, r0, #0x08
	adds r0, r4, #0x0
	muls r0, r1
	cmp r0, #0x00
	bge _0801FDBC
	adds r0, #0xFF
_0801FDBC:
	asrs r0, r0, #0x08
	subs r0, r4, r0
	lsrs r1, r0, #0x1F
	adds r0, r0, r1
	asrs r0, r0, #0x01
	subs r5, r5, r0
_0801FDC8:
	ldr r7, [sp, #0x010]
	cmp r7, #0x03
	bne _0801FDE2
	lsrs r0, r3, #0x1F
	adds r0, r3, r0
	asrs r0, r0, #0x01
	subs r6, r6, r0
	lsrs r0, r4, #0x1F
	adds r0, r4, r0
	asrs r0, r0, #0x01
	subs r5, r5, r0
	lsls r3, r3, #0x01
	lsls r4, r4, #0x01
_0801FDE2:
	mov r1, r8
	movs r2, #0x00
	ldsh r0, [r1, r2]
	adds r6, r6, r0
	movs r7, #0x02
	ldsh r0, [r1, r7]
	adds r5, r5, r0
	cmn r6, r3
	bge _0801FDF6
	b _0801FF6E
_0801FDF6:
	cmp r6, #0xEF
	ble _0801FDFC
	b _0801FF6E
_0801FDFC:
	cmn r5, r4
	bge _0801FE02
	b _0801FF6E
_0801FE02:
	cmp r5, #0x9F
	ble _0801FE08
	b _0801FF6E
_0801FE08:
	ldr r1, [sp, #0x01C]
	lsrs r0, r1, #0x01
	movs r1, #0x01
	ands r0, r1
	cmp r0, #0x00
	beq _0801FE34
	mov r2, r8
	ldrb r0, [r2, #0x1F]
	lsls r0, r0, #0x1C
	lsrs r0, r0, #0x1E
	lsls r4, r0, #0x0A
	b _0801FE3C
_0801FE20: .4byte 0x01000100
_0801FE24: .4byte 0x0839EE04
_0801FE28: .4byte 0x08198584
_0801FE2C: .4byte 0x08198504
_0801FE30: .4byte 0x00003FFF
_0801FE34:
	mov r3, r8
	ldrb r0, [r3, #0x1F]
	lsls r0, r0, #0x1E
	lsrs r4, r0, #0x14
_0801FE3C:
	lsls r1, r4, #0x14
	mov r7, r8
	ldrh r0, [r7, #0x0E]
	lsls r0, r0, #0x0E
	orrs r1, r0
	ldr r2, [sp, #0x050]
	ldrb r0, [r2, #0x00]
	lsls r0, r0, #0x07
	orrs r1, r0
	ldr r3, [sp, #0x018]
	orrs r1, r3
	ldr r7, [sp, #0x000]
	str r1, [r7, #0x08]
	ldrb r0, [r2, #0x00]
	adds r0, #0x01
	strb r0, [r2, #0x00]
	ldr r0, [sp, #0x010]
	cmp r0, #0x00
	beq _0801FEB6
	ldr r1, [sp, #0x01C]
	lsrs r1, r1, #0x02
	str r1, [sp, #0x020]
	movs r0, #0x03
	ands r1, r0
	str r1, [sp, #0x020]
	mov r2, r8
	ldrb r0, [r2, #0x11]
	lsls r1, r0, #0x19
	lsrs r1, r1, #0x1F
	lsrs r0, r0, #0x07
	lsls r0, r0, #0x01
	orrs r1, r0
	ldr r3, [sp, #0x020]
	eors r3, r1
	str r3, [sp, #0x020]
	ldr r7, [sp, #0x048]
	adds r2, r7, r3
	movs r1, #0x00
	ldsb r1, [r2, r1]
	movs r0, #0x01
	negs r0, r0
	cmp r1, r0
	bne _0801FEB6
	add r0, sp, #0x04C
	ldrb r0, [r0, #0x00]
	strb r0, [r2, #0x00]
	ldr r1, [sp, #0x04C]
	adds r1, #0x01
	str r1, [sp, #0x04C]
	mov r3, r8
	ldrh r2, [r3, #0x10]
	lsls r1, r2, #0x16
	lsrs r1, r1, #0x1C
	adds r1, #0x01
	movs r0, #0x0F
	ands r1, r0
	lsls r1, r1, #0x06
	ldr r0, _0801FF0C @ =0xFFFFFC3F
	ands r0, r2
	orrs r0, r1
	strh r0, [r3, #0x10]
_0801FEB6:
	movs r0, #0x00
	ldr r7, [sp, #0x000]
	strh r0, [r7, #0x06]
	ldr r7, [sp, #0x000]
	mov r1, r8
	ldrh r0, [r1, #0x10]
	movs r1, #0xF0
	lsls r1, r1, #0x06
	ands r1, r0
	movs r0, #0xC0
	ldr r2, [sp, #0x01C]
	ands r0, r2
	lsls r0, r0, #0x08
	orrs r1, r0
	ldr r3, [sp, #0x010]
	lsls r0, r3, #0x08
	orrs r1, r0
	movs r0, #0xFF
	ands r5, r0
	orrs r1, r5
	adds r0, r7, #0x0
	strh r1, [r0, #0x00]
	cmp r3, #0x00
	beq _0801FF14
	movs r1, #0x30
	ands r1, r2
	lsls r1, r1, #0x0A
	ldr r2, [sp, #0x048]
	ldr r3, [sp, #0x020]
	adds r0, r2, r3
	ldrb r0, [r0, #0x00]
	lsls r0, r0, #0x18
	asrs r0, r0, #0x18
	lsls r0, r0, #0x09
	orrs r1, r0
	ldr r2, _0801FF10 @ =0x000001FF
	adds r0, r2, #0x0
	ands r6, r0
	orrs r1, r6
	ldr r3, [sp, #0x000]
	strh r1, [r3, #0x02]
	b _0801FF3A
	.byte 0x00, 0x00
_0801FF0C: .4byte 0xFFFFFC3F
_0801FF10: .4byte 0x000001FF
_0801FF14:
	movs r2, #0x3C
	ldr r0, [sp, #0x01C]
	ands r2, r0
	mov r3, r8
	ldrb r1, [r3, #0x11]
	lsls r0, r1, #0x19
	lsrs r0, r0, #0x1F
	lsls r0, r0, #0x02
	lsrs r1, r1, #0x07
	lsls r1, r1, #0x03
	orrs r0, r1
	eors r2, r0
	lsls r2, r2, #0x0A
	ldr r1, _0801FF50 @ =0x000001FF
	adds r0, r1, #0x0
	ands r6, r0
	orrs r2, r6
	ldr r3, [sp, #0x000]
	strh r2, [r3, #0x02]
_0801FF3A:
	ldr r0, [sp, #0x044]
	cmp r0, #0x00
	bne _0801FF54
	ldr r2, [sp, #0x014]
	ldrb r1, [r2, #0x02]
	movs r0, #0x01
	ldr r3, [sp, #0x01C]
	ands r3, r0
	lsls r0, r3, #0x08
	orrs r1, r0
	b _0801FF58
_0801FF50: .4byte 0x000001FF
_0801FF54:
	ldr r0, [sp, #0x044]
	ldrb r1, [r0, #0x00]
_0801FF58:
	ldr r2, [sp, #0x00C]
	orrs r4, r2
	mov r3, r8
	ldrh r0, [r3, #0x2E]
	lsrs r0, r0, #0x05
	adds r0, r0, r1
	orrs r4, r0
	strh r4, [r7, #0x04]
	ldr r4, [sp, #0x000]
	ldr r4, [r4, #0x10]
	str r4, [sp, #0x000]
_0801FF6E:
	ldr r7, [sp, #0x044]
	cmp r7, #0x00
	beq _0801FF7A
	adds r0, r7, #0x0
	adds r0, #0x01
	str r0, [sp, #0x044]
_0801FF7A:
	ldr r1, [sp, #0x018]
	adds r1, #0x01
	str r1, [sp, #0x018]
	ldr r2, [sp, #0x014]
	adds r2, #0x04
	str r2, [sp, #0x014]
	ldr r3, [sp, #0x008]
	cmp r1, r3
	bge _0801FF8E
	b _0801FC56
_0801FF8E:
	ldr r4, [sp, #0x014]
	ldr r7, [sp, #0x004]
	str r4, [r7, #0x00]
	ldr r0, [sp, #0x000]
	add sp, #0x024
	pop {r3, r4, r5}
	mov r8, r3
	mov r9, r4
	mov r10, r5
	pop {r4, r5, r6, r7}
	pop {r1}
	bx r1
	.byte 0x00, 0x00
	thumb_func_start sub_801FFA8
sub_801FFA8:
	push {r4, r5, r6, r7, lr}
	mov r7, r10
	mov r6, r9
	mov r5, r8
	push {r5, r6, r7}
	add sp, #-0x02C
	str r0, [sp, #0x000]
	mov r8, r1
	str r2, [sp, #0x004]
	str r3, [sp, #0x008]
	movs r0, #0x00
	str r0, [sp, #0x00C]
	ldrh r2, [r1, #0x14]
	movs r1, #0x01
	b _0801FFCE
_0801FFC6:
	ldr r3, [sp, #0x00C]
	adds r3, #0x01
	str r3, [sp, #0x00C]
	asrs r2, r2, #0x01
_0801FFCE:
	adds r0, r2, #0x0
	eors r0, r1
	ands r0, r1
	cmp r0, #0x00
	bne _0801FFC6
	ldr r4, [sp, #0x00C]
	lsls r4, r4, #0x0C
	str r4, [sp, #0x00C]
	mov r7, r8
	movs r0, #0x0C
	ldsh r2, [r7, r0]
	cmp r2, #0x00
	beq _0801FFF6
	mov r0, r8
	adds r0, #0x29
	ldrb r1, [r0, #0x00]
	movs r0, #0x80
	ands r0, r1
	cmp r0, #0x00
	beq _0802001E
_0801FFF6:
	mov r1, r8
	movs r3, #0x04
	ldsh r0, [r1, r3]
	movs r1, #0x80
	lsls r1, r1, #0x01
	cmp r0, r1
	bgt _0802001E
	mov r4, r8
	movs r7, #0x06
	ldsh r0, [r4, r7]
	cmp r0, r1
	bgt _0802001E
	movs r3, #0x08
	ldsh r0, [r4, r3]
	cmp r0, r1
	bgt _0802001E
	movs r7, #0x0A
	ldsh r0, [r4, r7]
	cmp r0, r1
	ble _08020022
_0802001E:
	movs r0, #0x03
	b _0802003E
_08020022:
	movs r1, #0x01
	str r1, [sp, #0x010]
	cmp r2, #0x00
	bne _08020040
	mov r3, r8
	ldr r2, [r3, #0x04]
	ldr r0, _08020304 @ =0x01000100
	cmp r2, r0
	bne _08020040
	ldr r1, [r3, #0x08]
	eors r1, r2
	negs r0, r1
	orrs r0, r1
	lsrs r0, r0, #0x1F
_0802003E:
	str r0, [sp, #0x010]
_08020040:
	mov r4, r8
	ldrb r0, [r4, #0x1F]
	lsls r0, r0, #0x1E
	lsrs r0, r0, #0x14
	str r0, [sp, #0x014]
	ldr r7, [sp, #0x004]
	ldr r7, [r7, #0x00]
	str r7, [sp, #0x018]
	movs r0, #0x00
	str r0, [sp, #0x01C]
	ldr r1, [sp, #0x008]
	cmp r0, r1
	blt _0802005C
	b _08020382
_0802005C:
	ldr r2, [sp, #0x018]
	ldrb r2, [r2, #0x00]
	str r2, [sp, #0x020]
	ldr r3, [sp, #0x018]
	ldrb r3, [r3, #0x01]
	str r3, [sp, #0x024]
	ldr r4, [sp, #0x018]
	ldrb r4, [r4, #0x02]
	str r4, [sp, #0x028]
	lsrs r0, r2, #0x06
	lsls r0, r0, #0x03
	lsrs r1, r3, #0x06
	lsls r1, r1, #0x01
	adds r0, r0, r1
	ldr r7, _08020308 @ =0x0839EE04
	adds r0, r0, r7
	ldrb r5, [r0, #0x00]
	ldrb r6, [r0, #0x01]
	adds r3, r2, #0x0
	movs r0, #0x3F
	ands r3, r0
	adds r0, r3, #0x0
	movs r1, #0x20
	ands r0, r1
	cmp r0, #0x00
	beq _08020096
	movs r0, #0x40
	negs r0, r0
	orrs r3, r0
_08020096:
	ldr r4, [sp, #0x024]
	movs r2, #0x3F
	ands r4, r2
	adds r0, r4, #0x0
	movs r7, #0x20
	ands r0, r7
	cmp r0, #0x00
	beq _080200AC
	movs r0, #0x40
	negs r0, r0
	orrs r4, r0
_080200AC:
	mov r1, r8
	movs r2, #0x04
	ldsh r0, [r1, r2]
	movs r7, #0x80
	lsls r7, r7, #0x01
	cmp r0, r7
	beq _080200E6
	lsls r5, r5, #0x08
	muls r3, r0
	muls r0, r5
	cmp r0, #0x00
	bge _080200C6
	adds r0, #0xFF
_080200C6:
	asrs r0, r0, #0x08
	subs r0, r5, r0
	lsrs r1, r0, #0x1F
	adds r0, r0, r1
	asrs r0, r0, #0x01
	subs r3, r3, r0
	adds r0, r3, #0x0
	cmp r3, #0x00
	bge _080200DA
	adds r0, #0xFF
_080200DA:
	asrs r3, r0, #0x08
	adds r0, r5, #0x0
	cmp r5, #0x00
	bge _080200E4
	adds r0, #0xFF
_080200E4:
	asrs r5, r0, #0x08
_080200E6:
	mov r7, r8
	ldrb r1, [r7, #0x11]
	movs r0, #0x40
	ands r0, r1
	adds r2, r1, #0x0
	cmp r0, #0x00
	beq _080200F8
	negs r0, r3
	subs r3, r0, r5
_080200F8:
	mov r1, r8
	movs r7, #0x06
	ldsh r0, [r1, r7]
	movs r1, #0x80
	lsls r1, r1, #0x01
	cmp r0, r1
	beq _08020138
	lsls r6, r6, #0x08
	mov r7, r8
	movs r1, #0x06
	ldsh r0, [r7, r1]
	muls r4, r0
	muls r0, r6
	cmp r0, #0x00
	bge _08020118
	adds r0, #0xFF
_08020118:
	asrs r0, r0, #0x08
	subs r0, r6, r0
	lsrs r1, r0, #0x1F
	adds r0, r0, r1
	asrs r0, r0, #0x01
	subs r4, r4, r0
	adds r0, r4, #0x0
	cmp r4, #0x00
	bge _0802012C
	adds r0, #0xFF
_0802012C:
	asrs r4, r0, #0x08
	adds r0, r6, #0x0
	cmp r6, #0x00
	bge _08020136
	adds r0, #0xFF
_08020136:
	asrs r6, r0, #0x08
_08020138:
	movs r0, #0x80
	ands r0, r2
	cmp r0, #0x00
	beq _08020144
	negs r0, r4
	subs r4, r0, r6
_08020144:
	mov r2, r8
	ldrh r0, [r2, #0x0C]
	lsls r1, r0, #0x10
	cmp r1, #0x00
	beq _080201AA
	lsrs r0, r5, #0x1F
	adds r0, r5, r0
	asrs r0, r0, #0x01
	mov r9, r0
	lsrs r0, r6, #0x1F
	adds r0, r6, r0
	asrs r0, r0, #0x01
	mov r10, r0
	lsrs r1, r1, #0x18
	mov r0, r9
	adds r7, r3, r0
	add r4, r10
	mov r12, r4
	lsls r1, r1, #0x01
	ldr r2, _0802030C @ =0x08198584
	adds r0, r1, r2
	movs r3, #0x00
	ldsh r4, [r0, r3]
	adds r2, r7, #0x0
	muls r2, r4
	ldr r0, _08020310 @ =0x08198504
	adds r1, r1, r0
	movs r3, #0x00
	ldsh r1, [r1, r3]
	mov r0, r12
	muls r0, r1
	adds r0, r2, r0
	cmp r0, #0x00
	bge _0802018C
	ldr r2, _08020314 @ =0x00003FFF
	adds r0, r0, r2
_0802018C:
	asrs r0, r0, #0x0E
	mov r2, r9
	subs r3, r0, r2
	negs r0, r7
	muls r1, r0
	mov r0, r12
	muls r0, r4
	adds r0, r1, r0
	cmp r0, #0x00
	bge _080201A4
	ldr r4, _08020314 @ =0x00003FFF
	adds r0, r0, r4
_080201A4:
	asrs r0, r0, #0x0E
	mov r7, r10
	subs r4, r0, r7
_080201AA:
	mov r0, r8
	ldr r1, [r0, #0x08]
	ldr r0, _08020304 @ =0x01000100
	cmp r1, r0
	beq _08020204
	mov r2, r8
	movs r7, #0x08
	ldsh r1, [r2, r7]
	adds r0, r3, #0x0
	muls r0, r1
	cmp r0, #0x00
	bge _080201C4
	adds r0, #0xFF
_080201C4:
	asrs r3, r0, #0x08
	adds r0, r5, #0x0
	muls r0, r1
	cmp r0, #0x00
	bge _080201D0
	adds r0, #0xFF
_080201D0:
	asrs r0, r0, #0x08
	subs r0, r5, r0
	lsrs r1, r0, #0x1F
	adds r0, r0, r1
	asrs r0, r0, #0x01
	subs r3, r3, r0
	mov r0, r8
	movs r2, #0x0A
	ldsh r1, [r0, r2]
	adds r0, r4, #0x0
	muls r0, r1
	cmp r0, #0x00
	bge _080201EC
	adds r0, #0xFF
_080201EC:
	asrs r4, r0, #0x08
	adds r0, r6, #0x0
	muls r0, r1
	cmp r0, #0x00
	bge _080201F8
	adds r0, #0xFF
_080201F8:
	asrs r0, r0, #0x08
	subs r0, r6, r0
	lsrs r1, r0, #0x1F
	adds r0, r0, r1
	asrs r0, r0, #0x01
	subs r4, r4, r0
_08020204:
	ldr r7, [sp, #0x010]
	cmp r7, #0x03
	bne _0802021E
	lsrs r0, r5, #0x1F
	adds r0, r5, r0
	asrs r0, r0, #0x01
	subs r3, r3, r0
	lsrs r0, r6, #0x1F
	adds r0, r6, r0
	asrs r0, r0, #0x01
	subs r4, r4, r0
	lsls r5, r5, #0x01
	lsls r6, r6, #0x01
_0802021E:
	mov r1, r8
	movs r2, #0x00
	ldsh r0, [r1, r2]
	adds r3, r3, r0
	movs r7, #0x02
	ldsh r0, [r1, r7]
	adds r4, r4, r0
	cmn r3, r5
	bge _08020232
	b _08020364
_08020232:
	cmp r3, #0xEF
	ble _08020238
	b _08020364
_08020238:
	cmn r4, r6
	bge _0802023E
	b _08020364
_0802023E:
	cmp r4, #0x9F
	ble _08020244
	b _08020364
_08020244:
	ldr r0, [sp, #0x014]
	lsls r1, r0, #0x14
	mov r2, r8
	ldrh r0, [r2, #0x0E]
	lsls r0, r0, #0x0E
	orrs r1, r0
	ldr r7, [sp, #0x058]
	ldrb r0, [r7, #0x00]
	lsls r0, r0, #0x07
	orrs r1, r0
	ldr r0, [sp, #0x01C]
	orrs r1, r0
	ldr r2, [sp, #0x000]
	str r1, [r2, #0x08]
	ldrb r0, [r7, #0x00]
	adds r0, #0x01
	strb r0, [r7, #0x00]
	ldr r7, [sp, #0x028]
	lsrs r5, r7, #0x07
	mov r1, r8
	ldrb r0, [r1, #0x11]
	lsls r1, r0, #0x19
	lsrs r1, r1, #0x1F
	lsrs r0, r0, #0x07
	lsls r0, r0, #0x01
	orrs r1, r0
	eors r5, r1
	ldr r2, [sp, #0x010]
	cmp r2, #0x00
	beq _080202B4
	ldr r7, [sp, #0x050]
	adds r2, r7, r5
	movs r1, #0x00
	ldsb r1, [r2, r1]
	movs r0, #0x01
	negs r0, r0
	cmp r1, r0
	bne _080202B4
	add r0, sp, #0x054
	ldrb r0, [r0, #0x00]
	strb r0, [r2, #0x00]
	ldr r1, [sp, #0x054]
	adds r1, #0x01
	str r1, [sp, #0x054]
	mov r7, r8
	ldrh r2, [r7, #0x10]
	lsls r1, r2, #0x16
	lsrs r1, r1, #0x1C
	adds r1, #0x01
	movs r0, #0x0F
	ands r1, r0
	lsls r1, r1, #0x06
	ldr r0, _08020318 @ =0xFFFFFC3F
	ands r0, r2
	orrs r0, r1
	strh r0, [r7, #0x10]
_080202B4:
	movs r0, #0x00
	ldr r1, [sp, #0x000]
	strh r0, [r1, #0x06]
	ldr r6, [sp, #0x000]
	mov r2, r8
	ldrh r0, [r2, #0x10]
	movs r1, #0xF0
	lsls r1, r1, #0x06
	ands r1, r0
	movs r2, #0xC0
	ldr r7, [sp, #0x020]
	ands r7, r2
	lsls r0, r7, #0x08
	orrs r1, r0
	ldr r7, [sp, #0x010]
	lsls r0, r7, #0x08
	orrs r1, r0
	movs r0, #0xFF
	ands r4, r0
	orrs r1, r4
	strh r1, [r6, #0x00]
	cmp r7, #0x00
	beq _08020320
	ldr r0, [sp, #0x024]
	ands r0, r2
	lsls r1, r0, #0x08
	ldr r2, [sp, #0x050]
	adds r0, r2, r5
	ldrb r0, [r0, #0x00]
	lsls r0, r0, #0x18
	asrs r0, r0, #0x18
	lsls r0, r0, #0x09
	orrs r1, r0
	ldr r4, _0802031C @ =0x000001FF
	adds r0, r4, #0x0
	ands r3, r0
	orrs r1, r3
	ldr r7, [sp, #0x000]
	strh r1, [r7, #0x02]
	b _08020336
_08020304: .4byte 0x01000100
_08020308: .4byte 0x0839EE04
_0802030C: .4byte 0x08198584
_08020310: .4byte 0x08198504
_08020314: .4byte 0x00003FFF
_08020318: .4byte 0xFFFFFC3F
_0802031C: .4byte 0x000001FF
_08020320:
	ldr r0, [sp, #0x024]
	ands r0, r2
	lsls r0, r0, #0x08
	lsls r1, r5, #0x0C
	orrs r0, r1
	ldr r2, _08020344 @ =0x000001FF
	adds r1, r2, #0x0
	ands r3, r1
	orrs r0, r3
	ldr r3, [sp, #0x000]
	strh r0, [r3, #0x02]
_08020336:
	ldr r4, [sp, #0x04C]
	cmp r4, #0x00
	bne _08020348
	movs r2, #0x7F
	ldr r7, [sp, #0x028]
	ands r2, r7
	b _0802034C
_08020344: .4byte 0x000001FF
_08020348:
	ldr r0, [sp, #0x04C]
	ldrb r2, [r0, #0x00]
_0802034C:
	ldr r1, [sp, #0x00C]
	ldr r3, [sp, #0x014]
	orrs r1, r3
	mov r4, r8
	ldrh r0, [r4, #0x2E]
	lsrs r0, r0, #0x05
	adds r0, r0, r2
	orrs r1, r0
	strh r1, [r6, #0x04]
	ldr r7, [sp, #0x000]
	ldr r7, [r7, #0x10]
	str r7, [sp, #0x000]
_08020364:
	ldr r0, [sp, #0x04C]
	cmp r0, #0x00
	beq _0802036E
	adds r0, #0x01
	str r0, [sp, #0x04C]
_0802036E:
	ldr r1, [sp, #0x01C]
	adds r1, #0x01
	str r1, [sp, #0x01C]
	ldr r2, [sp, #0x018]
	adds r2, #0x03
	str r2, [sp, #0x018]
	ldr r3, [sp, #0x008]
	cmp r1, r3
	bge _08020382
	b _0802005C
_08020382:
	ldr r4, [sp, #0x018]
	ldr r7, [sp, #0x004]
	str r4, [r7, #0x00]
	ldr r0, [sp, #0x000]
	add sp, #0x02C
	pop {r3, r4, r5}
	mov r8, r3
	mov r9, r4
	mov r10, r5
	pop {r4, r5, r6, r7}
	pop {r1}
	bx r1
	.byte 0x00, 0x00
	thumb_func_start sub_802039C
sub_802039C:
	push {r4, r5, r6, r7, lr}
	mov r7, r10
	mov r6, r9
	mov r5, r8
	push {r5, r6, r7}
	add sp, #-0x02C
	str r0, [sp, #0x000]
	mov r8, r1
	str r2, [sp, #0x004]
	str r3, [sp, #0x008]
	movs r0, #0x00
	str r0, [sp, #0x00C]
	ldrh r2, [r1, #0x14]
	movs r1, #0x01
	b _080203C2
_080203BA:
	ldr r3, [sp, #0x00C]
	adds r3, #0x01
	str r3, [sp, #0x00C]
	asrs r2, r2, #0x01
_080203C2:
	adds r0, r2, #0x0
	eors r0, r1
	ands r0, r1
	cmp r0, #0x00
	bne _080203BA
	ldr r4, [sp, #0x00C]
	lsls r4, r4, #0x0C
	str r4, [sp, #0x00C]
	mov r7, r8
	movs r0, #0x0C
	ldsh r2, [r7, r0]
	cmp r2, #0x00
	beq _080203EA
	mov r0, r8
	adds r0, #0x29
	ldrb r1, [r0, #0x00]
	movs r0, #0x80
	ands r0, r1
	cmp r0, #0x00
	beq _08020412
_080203EA:
	mov r1, r8
	movs r3, #0x04
	ldsh r0, [r1, r3]
	movs r1, #0x80
	lsls r1, r1, #0x01
	cmp r0, r1
	bgt _08020412
	mov r4, r8
	movs r7, #0x06
	ldsh r0, [r4, r7]
	cmp r0, r1
	bgt _08020412
	movs r3, #0x08
	ldsh r0, [r4, r3]
	cmp r0, r1
	bgt _08020412
	movs r7, #0x0A
	ldsh r0, [r4, r7]
	cmp r0, r1
	ble _08020416
_08020412:
	movs r0, #0x03
	b _08020432
_08020416:
	movs r1, #0x01
	str r1, [sp, #0x010]
	cmp r2, #0x00
	bne _08020434
	mov r3, r8
	ldr r2, [r3, #0x04]
	ldr r0, _080206F4 @ =0x01000100
	cmp r2, r0
	bne _08020434
	ldr r1, [r3, #0x08]
	eors r1, r2
	negs r0, r1
	orrs r0, r1
	lsrs r0, r0, #0x1F
_08020432:
	str r0, [sp, #0x010]
_08020434:
	mov r4, r8
	ldrb r0, [r4, #0x1F]
	lsls r0, r0, #0x1E
	lsrs r0, r0, #0x14
	str r0, [sp, #0x014]
	ldr r7, [sp, #0x004]
	ldr r7, [r7, #0x00]
	str r7, [sp, #0x018]
	movs r0, #0x00
	str r0, [sp, #0x01C]
	ldr r1, [sp, #0x008]
	cmp r0, r1
	blt _08020450
	b _08020768
_08020450:
	ldr r2, [sp, #0x018]
	ldrb r2, [r2, #0x00]
	str r2, [sp, #0x020]
	ldr r3, [sp, #0x018]
	ldrb r3, [r3, #0x01]
	str r3, [sp, #0x024]
	ldr r4, [sp, #0x018]
	ldrb r4, [r4, #0x02]
	str r4, [sp, #0x028]
	lsrs r0, r2, #0x06
	lsls r0, r0, #0x03
	lsrs r1, r3, #0x06
	lsls r1, r1, #0x01
	adds r0, r0, r1
	ldr r7, _080206F8 @ =0x0839EE04
	adds r0, r0, r7
	ldrb r5, [r0, #0x00]
	ldrb r6, [r0, #0x01]
	adds r3, r2, #0x0
	movs r0, #0x3F
	ands r3, r0
	adds r0, r3, #0x0
	movs r1, #0x20
	ands r0, r1
	cmp r0, #0x00
	beq _0802048A
	movs r0, #0x40
	negs r0, r0
	orrs r3, r0
_0802048A:
	ldr r4, [sp, #0x024]
	movs r2, #0x3F
	ands r4, r2
	adds r0, r4, #0x0
	movs r7, #0x20
	ands r0, r7
	cmp r0, #0x00
	beq _080204A0
	movs r0, #0x40
	negs r0, r0
	orrs r4, r0
_080204A0:
	mov r1, r8
	movs r2, #0x04
	ldsh r0, [r1, r2]
	movs r7, #0x80
	lsls r7, r7, #0x01
	cmp r0, r7
	beq _080204DA
	lsls r5, r5, #0x08
	muls r3, r0
	muls r0, r5
	cmp r0, #0x00
	bge _080204BA
	adds r0, #0xFF
_080204BA:
	asrs r0, r0, #0x08
	subs r0, r5, r0
	lsrs r1, r0, #0x1F
	adds r0, r0, r1
	asrs r0, r0, #0x01
	subs r3, r3, r0
	adds r0, r3, #0x0
	cmp r3, #0x00
	bge _080204CE
	adds r0, #0xFF
_080204CE:
	asrs r3, r0, #0x08
	adds r0, r5, #0x0
	cmp r5, #0x00
	bge _080204D8
	adds r0, #0xFF
_080204D8:
	asrs r5, r0, #0x08
_080204DA:
	mov r7, r8
	ldrb r1, [r7, #0x11]
	movs r0, #0x40
	ands r0, r1
	adds r2, r1, #0x0
	cmp r0, #0x00
	beq _080204EC
	negs r0, r3
	subs r3, r0, r5
_080204EC:
	mov r1, r8
	movs r7, #0x06
	ldsh r0, [r1, r7]
	movs r1, #0x80
	lsls r1, r1, #0x01
	cmp r0, r1
	beq _0802052C
	lsls r6, r6, #0x08
	mov r7, r8
	movs r1, #0x06
	ldsh r0, [r7, r1]
	muls r4, r0
	muls r0, r6
	cmp r0, #0x00
	bge _0802050C
	adds r0, #0xFF
_0802050C:
	asrs r0, r0, #0x08
	subs r0, r6, r0
	lsrs r1, r0, #0x1F
	adds r0, r0, r1
	asrs r0, r0, #0x01
	subs r4, r4, r0
	adds r0, r4, #0x0
	cmp r4, #0x00
	bge _08020520
	adds r0, #0xFF
_08020520:
	asrs r4, r0, #0x08
	adds r0, r6, #0x0
	cmp r6, #0x00
	bge _0802052A
	adds r0, #0xFF
_0802052A:
	asrs r6, r0, #0x08
_0802052C:
	movs r0, #0x80
	ands r0, r2
	cmp r0, #0x00
	beq _08020538
	negs r0, r4
	subs r4, r0, r6
_08020538:
	mov r2, r8
	ldrh r0, [r2, #0x0C]
	lsls r1, r0, #0x10
	cmp r1, #0x00
	beq _0802059E
	lsrs r0, r5, #0x1F
	adds r0, r5, r0
	asrs r0, r0, #0x01
	mov r9, r0
	lsrs r0, r6, #0x1F
	adds r0, r6, r0
	asrs r0, r0, #0x01
	mov r10, r0
	lsrs r1, r1, #0x18
	mov r0, r9
	adds r7, r3, r0
	add r4, r10
	mov r12, r4
	lsls r1, r1, #0x01
	ldr r2, _080206FC @ =0x08198584
	adds r0, r1, r2
	movs r3, #0x00
	ldsh r4, [r0, r3]
	adds r2, r7, #0x0
	muls r2, r4
	ldr r0, _08020700 @ =0x08198504
	adds r1, r1, r0
	movs r3, #0x00
	ldsh r1, [r1, r3]
	mov r0, r12
	muls r0, r1
	adds r0, r2, r0
	cmp r0, #0x00
	bge _08020580
	ldr r2, _08020704 @ =0x00003FFF
	adds r0, r0, r2
_08020580:
	asrs r0, r0, #0x0E
	mov r2, r9
	subs r3, r0, r2
	negs r0, r7
	muls r1, r0
	mov r0, r12
	muls r0, r4
	adds r0, r1, r0
	cmp r0, #0x00
	bge _08020598
	ldr r4, _08020704 @ =0x00003FFF
	adds r0, r0, r4
_08020598:
	asrs r0, r0, #0x0E
	mov r7, r10
	subs r4, r0, r7
_0802059E:
	mov r0, r8
	ldr r1, [r0, #0x08]
	ldr r0, _080206F4 @ =0x01000100
	cmp r1, r0
	beq _080205F8
	mov r2, r8
	movs r7, #0x08
	ldsh r1, [r2, r7]
	adds r0, r3, #0x0
	muls r0, r1
	cmp r0, #0x00
	bge _080205B8
	adds r0, #0xFF
_080205B8:
	asrs r3, r0, #0x08
	adds r0, r5, #0x0
	muls r0, r1
	cmp r0, #0x00
	bge _080205C4
	adds r0, #0xFF
_080205C4:
	asrs r0, r0, #0x08
	subs r0, r5, r0
	lsrs r1, r0, #0x1F
	adds r0, r0, r1
	asrs r0, r0, #0x01
	subs r3, r3, r0
	mov r0, r8
	movs r2, #0x0A
	ldsh r1, [r0, r2]
	adds r0, r4, #0x0
	muls r0, r1
	cmp r0, #0x00
	bge _080205E0
	adds r0, #0xFF
_080205E0:
	asrs r4, r0, #0x08
	adds r0, r6, #0x0
	muls r0, r1
	cmp r0, #0x00
	bge _080205EC
	adds r0, #0xFF
_080205EC:
	asrs r0, r0, #0x08
	subs r0, r6, r0
	lsrs r1, r0, #0x1F
	adds r0, r0, r1
	asrs r0, r0, #0x01
	subs r4, r4, r0
_080205F8:
	ldr r7, [sp, #0x010]
	cmp r7, #0x03
	bne _08020612
	lsrs r0, r5, #0x1F
	adds r0, r5, r0
	asrs r0, r0, #0x01
	subs r3, r3, r0
	lsrs r0, r6, #0x1F
	adds r0, r6, r0
	asrs r0, r0, #0x01
	subs r4, r4, r0
	lsls r5, r5, #0x01
	lsls r6, r6, #0x01
_08020612:
	mov r1, r8
	movs r2, #0x00
	ldsh r0, [r1, r2]
	adds r3, r3, r0
	movs r7, #0x02
	ldsh r0, [r1, r7]
	adds r4, r4, r0
	cmn r3, r5
	bge _08020626
	b _08020748
_08020626:
	cmp r3, #0xEF
	ble _0802062C
	b _08020748
_0802062C:
	cmn r4, r6
	bge _08020632
	b _08020748
_08020632:
	cmp r4, #0x9F
	ble _08020638
	b _08020748
_08020638:
	ldr r0, [sp, #0x014]
	lsls r1, r0, #0x14
	mov r2, r8
	ldrh r0, [r2, #0x0E]
	lsls r0, r0, #0x0E
	orrs r1, r0
	ldr r7, [sp, #0x058]
	ldrb r0, [r7, #0x00]
	lsls r0, r0, #0x07
	orrs r1, r0
	ldr r0, [sp, #0x01C]
	orrs r1, r0
	ldr r2, [sp, #0x000]
	str r1, [r2, #0x08]
	ldrb r0, [r7, #0x00]
	adds r0, #0x01
	strb r0, [r7, #0x00]
	mov r7, r8
	ldrb r0, [r7, #0x11]
	lsls r1, r0, #0x19
	lsrs r5, r1, #0x1F
	lsrs r0, r0, #0x07
	lsls r0, r0, #0x01
	orrs r5, r0
	ldr r0, [sp, #0x010]
	cmp r0, #0x00
	beq _080206A4
	ldr r1, [sp, #0x050]
	adds r2, r1, r5
	movs r1, #0x00
	ldsb r1, [r2, r1]
	movs r0, #0x01
	negs r0, r0
	cmp r1, r0
	bne _080206A4
	add r7, sp, #0x054
	ldrb r7, [r7, #0x00]
	strb r7, [r2, #0x00]
	ldr r0, [sp, #0x054]
	adds r0, #0x01
	str r0, [sp, #0x054]
	mov r1, r8
	ldrh r2, [r1, #0x10]
	lsls r1, r2, #0x16
	lsrs r1, r1, #0x1C
	adds r1, #0x01
	movs r0, #0x0F
	ands r1, r0
	lsls r1, r1, #0x06
	ldr r0, _08020708 @ =0xFFFFFC3F
	ands r0, r2
	orrs r0, r1
	mov r2, r8
	strh r0, [r2, #0x10]
_080206A4:
	movs r0, #0x00
	ldr r7, [sp, #0x000]
	strh r0, [r7, #0x06]
	ldr r6, [sp, #0x000]
	mov r1, r8
	ldrh r0, [r1, #0x10]
	movs r1, #0xF0
	lsls r1, r1, #0x06
	ands r1, r0
	movs r2, #0xC0
	ldr r7, [sp, #0x020]
	ands r7, r2
	lsls r0, r7, #0x08
	orrs r1, r0
	ldr r7, [sp, #0x010]
	lsls r0, r7, #0x08
	orrs r1, r0
	movs r0, #0xFF
	ands r4, r0
	orrs r1, r4
	strh r1, [r6, #0x00]
	cmp r7, #0x00
	beq _08020710
	ldr r0, [sp, #0x024]
	ands r0, r2
	lsls r1, r0, #0x08
	ldr r2, [sp, #0x050]
	adds r0, r2, r5
	ldrb r0, [r0, #0x00]
	lsls r0, r0, #0x18
	asrs r0, r0, #0x18
	lsls r0, r0, #0x09
	orrs r1, r0
	ldr r4, _0802070C @ =0x000001FF
	adds r0, r4, #0x0
	ands r3, r0
	orrs r1, r3
	ldr r7, [sp, #0x000]
	strh r1, [r7, #0x02]
	b _08020726
_080206F4: .4byte 0x01000100
_080206F8: .4byte 0x0839EE04
_080206FC: .4byte 0x08198584
_08020700: .4byte 0x08198504
_08020704: .4byte 0x00003FFF
_08020708: .4byte 0xFFFFFC3F
_0802070C: .4byte 0x000001FF
_08020710:
	ldr r0, [sp, #0x024]
	ands r0, r2
	lsls r0, r0, #0x08
	lsls r1, r5, #0x0C
	orrs r0, r1
	ldr r2, _08020780 @ =0x000001FF
	adds r1, r2, #0x0
	ands r3, r1
	orrs r0, r3
	ldr r3, [sp, #0x000]
	strh r0, [r3, #0x02]
_08020726:
	ldr r2, [sp, #0x028]
	ldr r4, [sp, #0x04C]
	cmp r4, #0x00
	beq _08020730
	ldrb r2, [r4, #0x00]
_08020730:
	ldr r1, [sp, #0x00C]
	ldr r7, [sp, #0x014]
	orrs r1, r7
	mov r3, r8
	ldrh r0, [r3, #0x2E]
	lsrs r0, r0, #0x05
	adds r0, r0, r2
	orrs r1, r0
	strh r1, [r6, #0x04]
	ldr r4, [sp, #0x000]
	ldr r4, [r4, #0x10]
	str r4, [sp, #0x000]
_08020748:
	ldr r7, [sp, #0x04C]
	cmp r7, #0x00
	beq _08020754
	adds r0, r7, #0x0
	adds r0, #0x01
	str r0, [sp, #0x04C]
_08020754:
	ldr r1, [sp, #0x01C]
	adds r1, #0x01
	str r1, [sp, #0x01C]
	ldr r2, [sp, #0x018]
	adds r2, #0x03
	str r2, [sp, #0x018]
	ldr r3, [sp, #0x008]
	cmp r1, r3
	bge _08020768
	b _08020450
_08020768:
	ldr r4, [sp, #0x018]
	ldr r7, [sp, #0x004]
	str r4, [r7, #0x00]
	ldr r0, [sp, #0x000]
	add sp, #0x02C
	pop {r3, r4, r5}
	mov r8, r3
	mov r9, r4
	mov r10, r5
	pop {r4, r5, r6, r7}
	pop {r1}
	bx r1
_08020780: .4byte 0x000001FF
	.byte 0x00, 0xB5, 0x02, 0x1C, 0x0B, 0x1C, 0x07, 0xE0, 0xD0, 0x88, 0x00, 0x28, 0x04, 0xD1, 0x10, 0x68
	.byte 0x91, 0x88, 0x18, 0x60, 0x99, 0x80, 0x08, 0x33, 0x12, 0x69, 0x00, 0x2A, 0xF4, 0xD1, 0x18, 0x1C
	.byte 0x02, 0xBC, 0x08, 0x47, 0x30, 0xB5, 0x0D, 0x1C, 0x03, 0x69, 0xDA, 0x68, 0x00, 0x21, 0x90, 0x68
	.byte 0x9C, 0x68, 0xA0, 0x42, 0x0C, 0xD9, 0xD0, 0x68, 0x19, 0x69, 0x03, 0x61, 0xCA, 0x60, 0xD8, 0x60
	.byte 0xD3, 0x60, 0x11, 0x61, 0x1A, 0x61, 0x11, 0x1C, 0xDA, 0x68, 0x90, 0x68, 0xA0, 0x42, 0xF2, 0xD8
	.byte 0x00, 0x29, 0x01, 0xD0, 0x0B, 0x69, 0x00, 0xE0, 0x1B, 0x69, 0xAB, 0x42, 0xE5, 0xD1, 0x30, 0xBC
	.byte 0x01, 0xBC, 0x00, 0x47, 0x10, 0xB5, 0x02, 0x1C, 0x01, 0x39, 0x00, 0x20, 0x90, 0x60, 0x14, 0x32
	.byte 0x00, 0x29, 0x1E, 0xD0, 0x01, 0x24, 0x4B, 0x42, 0x03, 0x20, 0x03, 0x40, 0x00, 0x2B, 0x0E, 0xD0
	.byte 0x03, 0x2B, 0x07, 0xDA, 0x02, 0x2B, 0x02, 0xDA, 0xD4, 0x80, 0x01, 0x39, 0x14, 0x32, 0xD4, 0x80
	.byte 0x01, 0x39, 0x14, 0x32, 0xD4, 0x80, 0x01, 0x39, 0x14, 0x32, 0x00, 0x29, 0x09, 0xD0, 0xD4, 0x80
	.byte 0x54, 0x83, 0xD4, 0x85, 0x10, 0x1C, 0x3C, 0x30, 0xC4, 0x80, 0x04, 0x39, 0x50, 0x32, 0x00, 0x29
	.byte 0xF5, 0xD1, 0x10, 0xBC, 0x01, 0xBC, 0x00, 0x47
	thumb_func_start sub_802083C
sub_802083C:
	push {r4, r5, r6, lr}
	adds r2, r0, #0x0
	adds r3, r1, #0x0
	movs r4, #0x00
	cmp r3, #0x00
	beq _080208D0
	movs r6, #0x01
	movs r5, #0x01
	negs r5, r5
	negs r1, r3
	movs r0, #0x03
	ands r1, r0
	cmp r1, #0x00
	beq _0802089A
	cmp r1, #0x03
	bge _08020884
	cmp r1, #0x02
	bge _08020872
	strh r6, [r2, #0x06]
	str r5, [r2, #0x08]
	str r4, [r2, #0x0C]
	adds r0, r2, #0x0
	adds r0, #0x14
	str r0, [r2, #0x10]
	adds r4, r2, #0x0
	subs r3, #0x01
	adds r2, r0, #0x0
_08020872:
	strh r6, [r2, #0x06]
	str r5, [r2, #0x08]
	str r4, [r2, #0x0C]
	adds r0, r2, #0x0
	adds r0, #0x14
	str r0, [r2, #0x10]
	adds r4, r2, #0x0
	subs r3, #0x01
	adds r2, r0, #0x0
_08020884:
	strh r6, [r2, #0x06]
	str r5, [r2, #0x08]
	str r4, [r2, #0x0C]
	adds r0, r2, #0x0
	adds r0, #0x14
	str r0, [r2, #0x10]
	adds r4, r2, #0x0
	subs r3, #0x01
	adds r2, r0, #0x0
	cmp r3, #0x00
	beq _080208D0
_0802089A:
	strh r6, [r2, #0x06]
	str r5, [r2, #0x08]
	str r4, [r2, #0x0C]
	adds r0, r2, #0x0
	adds r0, #0x14
	str r0, [r2, #0x10]
	strh r6, [r0, #0x06]
	str r5, [r0, #0x08]
	str r2, [r0, #0x0C]
	adds r1, r2, #0x0
	adds r1, #0x28
	str r1, [r0, #0x10]
	strh r6, [r1, #0x06]
	str r5, [r1, #0x08]
	str r0, [r1, #0x0C]
	adds r0, #0x28
	str r0, [r1, #0x10]
	strh r6, [r0, #0x06]
	str r5, [r0, #0x08]
	str r1, [r0, #0x0C]
	adds r1, #0x28
	str r1, [r0, #0x10]
	adds r4, r0, #0x0
	subs r3, #0x04
	adds r2, r1, #0x0
	cmp r3, #0x00
	bne _0802089A
_080208D0:
	adds r1, r2, #0x0
	subs r1, #0x14
	movs r0, #0x00
	str r0, [r1, #0x10]
	pop {r4, r5, r6}
	pop {r0}
	bx r0
	.byte 0x00, 0x00
