	.include "asm/macros.inc"

	.syntax unified
	.text

	thumb_func_start sub_80290E0
sub_80290E0:
	push {r4, r5, r6, lr}
	adds r1, r0, #0x0
	adds r2, r1, #0x0
	adds r2, #0xF0
	ldr r0, [r2, #0x00]
	cmp r0, #0x00
	beq _08029116
	ldr r5, [r1, #0x24]
	ldr r6, _0802911C @ =0x02000080
	adds r4, r2, #0x0
_080290F4:
	ldr r0, [r4, #0x00]
	movs r1, #0x01
	ands r0, r1
	cmp r0, #0x00
	beq _08029108
	adds r0, r5, #0x0
	adds r1, r6, #0x0
	movs r2, #0x08
	bl CpuFastSet
_08029108:
	adds r5, #0x20
	adds r6, #0x20
	ldr r0, [r4, #0x00]
	lsrs r0, r0, #0x01
	str r0, [r4, #0x00]
	cmp r0, #0x00
	bne _080290F4
_08029116:
	pop {r4, r5, r6}
	pop {r0}
	bx r0
_0802911C: .4byte 0x02000080
	thumb_func_start sub_8029120
sub_8029120:
	push {r4, r5, r6, r7, lr}
	add sp, #-0x004
	lsls r2, r2, #0x10
	lsrs r4, r2, #0x10
	lsls r1, r1, #0x10
	orrs r4, r1
	ldr r3, _0802916C @ =0x02000080
	ldr r5, [r0, #0x24]
	movs r7, #0x01
	cmp r4, #0x00
	beq _08029162
	adds r6, r0, #0x0
	adds r6, #0xF0
_0802913A:
	movs r0, #0x01
	ands r0, r4
	cmp r0, #0x00
	beq _08029156
	adds r0, r3, #0x0
	adds r1, r5, #0x0
	movs r2, #0x08
	str r3, [sp, #0x000]
	bl CpuFastSet
	ldr r0, [r6, #0x00]
	orrs r0, r7
	str r0, [r6, #0x00]
	ldr r3, [sp, #0x000]
_08029156:
	adds r3, #0x20
	adds r5, #0x20
	lsls r7, r7, #0x01
	lsrs r4, r4, #0x01
	cmp r4, #0x00
	bne _0802913A
_08029162:
	add sp, #0x004
	pop {r4, r5, r6, r7}
	pop {r0}
	bx r0
	.byte 0x00, 0x00
_0802916C: .4byte 0x02000080
	thumb_func_start sub_8029170
sub_8029170:
	push {r4, r5, lr}
	adds r2, r0, #0x0
	adds r4, r1, #0x0
	adds r5, r2, #0x0
	adds r5, #0xFC
	ldrb r0, [r5, #0x00]
	lsls r0, r0, #0x19
	lsrs r0, r0, #0x1C
	cmp r0, #0x01
	beq _0802918A
	cmp r0, #0x02
	beq _0802919C
	b _080291C0
_0802918A:
	movs r1, #0xC5
	lsls r1, r1, #0x02
	adds r0, r2, r1
	ldr r0, [r0, #0x00]
	adds r1, r4, #0x0
	bl sub_81165CC
	adds r1, r4, #0x1
	b _080291AE
_0802919C:
	movs r1, #0xC5
	lsls r1, r1, #0x02
	adds r0, r2, r1
	ldr r0, [r0, #0x00]
	adds r1, r4, #0x0
	bl sub_81165CC
	movs r1, #0x02
	subs r1, r1, r4
_080291AE:
	movs r0, #0x0F
	ands r1, r0
	lsls r1, r1, #0x03
	ldrb r2, [r5, #0x00]
	movs r0, #0x79
	negs r0, r0
	ands r0, r2
	orrs r0, r1
	strb r0, [r5, #0x00]
_080291C0:
	pop {r4, r5}
	pop {r0}
	bx r0
	.byte 0x00, 0x00
	thumb_func_start sub_80291C8
sub_80291C8:
	push {lr}
	adds r1, r0, #0x0
	adds r0, #0xFC
	ldrb r0, [r0, #0x00]
	lsls r0, r0, #0x19
	lsrs r0, r0, #0x1C
	cmp r0, #0x02
	bgt _080291E8
	cmp r0, #0x01
	blt _080291E8
	movs r2, #0xC5
	lsls r2, r2, #0x02
	adds r0, r1, r2
	ldr r0, [r0, #0x00]
	bl sub_8116610
_080291E8:
	pop {r0}
	bx r0
	thumb_func_start sub_80291EC
sub_80291EC:
	push {r4, r5, r6, r7, lr}
	mov r7, r9
	mov r6, r8
	push {r6, r7}
	add sp, #-0x010
	adds r4, r0, #0x0
	adds r7, r1, #0x0
	mov r8, r2
	ldr r0, [sp, #0x02C]
	ldr r2, [sp, #0x030]
	lsls r3, r3, #0x10
	lsrs r3, r3, #0x10
	mov r9, r3
	lsls r0, r0, #0x10
	lsrs r5, r0, #0x10
	lsls r2, r2, #0x10
	ldr r1, _08029234 @ =0x0300034C
	ldr r0, _08029238 @ =0x00000884
	adds r1, r1, r0
	lsrs r6, r2, #0x10
	orrs r2, r5
	ldr r0, [r1, #0x00]
	orrs r0, r2
	str r0, [r1, #0x00]
	cmp r7, #0x00
	bne _0802923C
	adds r0, r4, #0x0
	adds r0, #0xF0
	ldr r0, [r0, #0x00]
	cmp r0, #0x00
	beq _08029246
	adds r0, r4, #0x0
	bl sub_80290E0
	b _08029246
	.byte 0x00, 0x00
_08029234: .4byte 0x0300034C
_08029238: .4byte 0x00000884
_0802923C:
	adds r0, r4, #0x0
	adds r1, r6, #0x0
	adds r2, r5, #0x0
	bl sub_8029120
_08029246:
	adds r0, r4, #0x0
	adds r0, #0xF4
	strh r5, [r0, #0x00]
	adds r0, #0x02
	strh r6, [r0, #0x00]
	movs r1, #0xC5
	lsls r1, r1, #0x02
	adds r0, r4, r1
	ldr r2, [r0, #0x00]
	lsls r0, r7, #0x18
	lsrs r1, r0, #0x18
	mov r3, r8
	lsls r0, r3, #0x10
	lsrs r3, r0, #0x10
	str r5, [sp, #0x000]
	str r6, [sp, #0x004]
	movs r0, #0x01
	ands r0, r5
	cmp r0, #0x00
	beq _08029272
	ldr r0, _08029298 @ =0x03000E00
	ldr r0, [r0, #0x00]
_08029272:
	str r0, [sp, #0x008]
	movs r0, #0x01
	ands r0, r5
	cmp r0, #0x00
	beq _08029280
	ldr r0, _0802929C @ =0x03000E04
	ldr r0, [r0, #0x00]
_08029280:
	str r0, [sp, #0x00C]
	adds r0, r2, #0x0
	mov r2, r9
	bl sub_81151E4
	add sp, #0x010
	pop {r3, r4}
	mov r8, r3
	mov r9, r4
	pop {r4, r5, r6, r7}
	pop {r0}
	bx r0
_08029298: .4byte 0x03000E00
_0802929C: .4byte 0x03000E04
	thumb_func_start sub_80292A0
sub_80292A0:
	push {lr}
	ldr r2, _080292D4 @ =0x0300034C
	ldr r1, _080292D8 @ =0x00000888
	adds r2, r2, r1
	ldrb r3, [r2, #0x00]
	movs r1, #0x41
	negs r1, r1
	ands r1, r3
	strb r1, [r2, #0x00]
	movs r2, #0x06
	ldsh r0, [r0, r2]
	cmp r0, #0x06
	bne _080292D0
	ldr r0, _080292DC @ =0x03001034
	ldr r1, _080292E0 @ =0x0600C000
	ldr r3, [r0, #0x00]
	movs r0, #0x00
	movs r2, #0x20
	bl _call_via_r3
	ldr r1, _080292E4 @ =0x02000008
	ldr r2, _080292E8 @ =0x00001508
	adds r0, r2, #0x0
	strh r0, [r1, #0x00]
_080292D0:
	pop {r0}
	bx r0
_080292D4: .4byte 0x0300034C
_080292D8: .4byte 0x00000888
_080292DC: .4byte 0x03001034
_080292E0: .4byte 0x0600C000
_080292E4: .4byte 0x02000008
_080292E8: .4byte 0x00001508
	thumb_func_start sub_80292EC
sub_80292EC:
	push {r4, r5, lr}
	adds r4, r0, #0x0
	movs r5, #0x00
	b _0802931A
_080292F4:
	lsls r1, r5, #0x02
	adds r0, r4, #0x0
	adds r0, #0x28
	adds r0, r0, r1
	ldr r2, [r0, #0x00]
	cmp r2, #0x00
	beq _08029318
	movs r3, #0xCE
	lsls r3, r3, #0x02
	adds r0, r2, r3
	ldr r1, [r0, #0x00]
	movs r3, #0x08
	ldsh r0, [r1, r3]
	adds r0, r2, r0
	ldr r2, [r1, #0x0C]
	movs r1, #0x03
	bl _call_via_r2
_08029318:
	adds r5, #0x01
_0802931A:
	ldr r1, _0802937C @ =0x0000010B
	adds r0, r4, r1
	ldrb r0, [r0, #0x00]
	cmp r5, r0
	blt _080292F4
	adds r0, r4, #0x0
	adds r0, #0xA8
	ldr r0, [r0, #0x00]
	bl free_heap_8018DA8
	adds r0, r4, #0x0
	adds r0, #0xAC
	ldr r0, [r0, #0x00]
	bl free_heap_8018DA8
	adds r0, r4, #0x0
	adds r0, #0xB0
	ldr r0, [r0, #0x00]
	bl free_heap_8018DA8
	adds r0, r4, #0x0
	adds r0, #0xB4
	ldr r0, [r0, #0x00]
	bl free_heap_8018DA8
	adds r0, r4, #0x0
	adds r0, #0xB8
	ldr r0, [r0, #0x00]
	bl free_heap_8018DA8
	adds r0, r4, #0x0
	adds r0, #0xBC
	ldr r0, [r0, #0x00]
	bl free_heap_8018DA8
	adds r0, r4, #0x0
	adds r0, #0xC0
	ldr r0, [r0, #0x00]
	bl free_heap_8018DA8
	adds r0, r4, #0x0
	adds r0, #0xC4
	ldr r0, [r0, #0x00]
	bl free_heap_8018DA8
	pop {r4, r5}
	pop {r0}
	bx r0
	.byte 0x00, 0x00
_0802937C: .4byte 0x0000010B
	thumb_func_start sub_8029380
sub_8029380:
	push {r4, r5, r6, lr}
	adds r1, r0, #0x0
	movs r2, #0x89
	lsls r2, r2, #0x01
	adds r0, r1, r2
	ldrb r0, [r0, #0x00]
	cmp r0, #0x00
	beq _080293B0
	adds r6, r1, #0x0
	adds r6, #0x30
	movs r4, #0x00
	adds r2, #0x01
	adds r0, r1, r2
	ldrb r0, [r0, #0x00]
	cmp r4, r0
	bge _080293B0
	adds r5, r1, r2
_080293A2:
	ldm r6!, {r0}
	bl sub_80507E0
	adds r4, #0x01
	ldrb r0, [r5, #0x00]
	cmp r4, r0
	blt _080293A2
_080293B0:
	pop {r4, r5, r6}
	pop {r0}
	bx r0
	.byte 0x00, 0x00
	thumb_func_start sub_80293B8
sub_80293B8:
	push {r4, r5, r6, lr}
	adds r6, r0, #0x0
	adds r0, #0xC8
	ldr r5, [r0, #0x00]
	movs r4, #0x00
	b _080293E4
_080293C4:
	ldrh r1, [r5, #0x00]
	movs r0, #0x00
	movs r2, #0x01
	negs r2, r2
	movs r3, #0x01
	bl sub_80214A4
	ldr r1, [r6, #0x1C]
	lsls r2, r4, #0x02
	movs r3, #0xAE
	lsls r3, r3, #0x01
	adds r1, r1, r3
	adds r1, r1, r2
	str r0, [r1, #0x00]
	adds r4, #0x01
	adds r5, #0x02
_080293E4:
	movs r1, #0x86
	lsls r1, r1, #0x01
	adds r0, r6, r1
	ldrb r0, [r0, #0x00]
	cmp r4, r0
	blt _080293C4
	pop {r4, r5, r6}
	pop {r0}
	bx r0
	.byte 0x00, 0x00
	thumb_func_start sub_80293F8
sub_80293F8:
	push {r4, r5, r6, r7, lr}
	adds r7, r0, #0x0
	lsls r0, r1, #0x10
	lsrs r0, r0, #0x10
	movs r1, #0x86
	lsls r1, r1, #0x01
	adds r4, r7, r1
	adds r1, r4, #0x0
	bl sub_80FB7BC
	adds r1, r7, #0x0
	adds r1, #0xC8
	str r0, [r1, #0x00]
	ldr r2, _08029458 @ =0x03000C78
	movs r1, #0x00
	str r1, [r2, #0x00]
	adds r6, r0, #0x0
	movs r5, #0x00
	ldrb r4, [r4, #0x00]
	cmp r5, r4
	bge _0802944A
_08029422:
	ldrh r1, [r6, #0x00]
	movs r0, #0x00
	movs r2, #0x01
	negs r2, r2
	movs r3, #0x01
	bl sub_80213A0
	ldr r1, [r7, #0x1C]
	lsls r2, r5, #0x02
	adds r1, #0x5C
	adds r1, r1, r2
	str r0, [r1, #0x00]
	adds r5, #0x01
	adds r6, #0x02
	movs r1, #0x86
	lsls r1, r1, #0x01
	adds r0, r7, r1
	ldrb r0, [r0, #0x00]
	cmp r5, r0
	blt _08029422
_0802944A:
	ldr r1, _08029458 @ =0x03000C78
	ldr r0, _0802945C @ =0x0800063C
	str r0, [r1, #0x00]
	pop {r4, r5, r6, r7}
	pop {r0}
	bx r0
	.byte 0x00, 0x00
_08029458: .4byte 0x03000C78
_0802945C: .4byte 0x0800063C
	thumb_func_start sub_8029460
sub_8029460:
	push {r4, r5, lr}
	add sp, #-0x004
	adds r5, r0, #0x0
	ldr r0, [r5, #0x1C]
	ldr r0, [r0, #0x00]
	ldr r0, [r0, #0x08]
	ldr r1, _08029498 @ =0x06010400
	movs r2, #0x98
	lsls r2, r2, #0x03
	movs r4, #0x00
	str r4, [sp, #0x000]
	movs r3, #0x20
	bl sub_8018218
	ldr r0, [r5, #0x1C]
	ldr r0, [r0, #0x0C]
	ldr r0, [r0, #0x08]
	ldr r1, _0802949C @ =0x060108C0
	movs r2, #0xA0
	lsls r2, r2, #0x03
	str r4, [sp, #0x000]
	movs r3, #0x20
	bl sub_8018218
	add sp, #0x004
	pop {r4, r5}
	pop {r0}
	bx r0
_08029498: .4byte 0x06010400
_0802949C: .4byte 0x060108C0
	thumb_func_start sub_80294A0
sub_80294A0:
	push {r4, r5, r6, r7, lr}
	adds r6, r0, #0x0
	ldr r5, _08029558 @ =0x0839F5E2
	ldrh r1, [r5, #0x00]
	movs r0, #0x00
	movs r2, #0x01
	negs r2, r2
	movs r3, #0x01
	bl sub_80214A4
	ldr r1, [r6, #0x1C]
	str r0, [r1, #0x2C]
	adds r5, #0x02
	ldrh r1, [r5, #0x00]
	movs r0, #0x00
	movs r2, #0x01
	negs r2, r2
	movs r3, #0x01
	bl sub_80214A4
	ldr r1, [r6, #0x1C]
	str r0, [r1, #0x30]
	adds r5, #0x02
	ldrh r1, [r5, #0x00]
	movs r0, #0x00
	movs r2, #0x01
	negs r2, r2
	movs r3, #0x01
	bl sub_80214A4
	ldr r1, [r6, #0x1C]
	str r0, [r1, #0x34]
	adds r5, #0x02
	movs r7, #0x03
_080294E4:
	ldrh r1, [r5, #0x00]
	movs r0, #0x00
	movs r2, #0x01
	negs r2, r2
	movs r3, #0x01
	bl sub_80214A4
	ldr r1, [r6, #0x1C]
	lsls r2, r7, #0x02
	adds r1, #0x2C
	adds r1, r1, r2
	str r0, [r1, #0x00]
	adds r4, r7, #0x1
	ldrh r1, [r5, #0x02]
	movs r0, #0x00
	movs r2, #0x01
	negs r2, r2
	movs r3, #0x01
	bl sub_80214A4
	ldr r1, [r6, #0x1C]
	lsls r4, r4, #0x02
	adds r1, #0x2C
	adds r1, r1, r4
	str r0, [r1, #0x00]
	adds r4, r7, #0x2
	ldrh r1, [r5, #0x04]
	movs r0, #0x00
	movs r2, #0x01
	negs r2, r2
	movs r3, #0x01
	bl sub_80214A4
	ldr r1, [r6, #0x1C]
	lsls r4, r4, #0x02
	adds r1, #0x2C
	adds r1, r1, r4
	str r0, [r1, #0x00]
	adds r4, r7, #0x3
	ldrh r1, [r5, #0x06]
	movs r0, #0x00
	movs r2, #0x01
	negs r2, r2
	movs r3, #0x01
	bl sub_80214A4
	ldr r1, [r6, #0x1C]
	lsls r4, r4, #0x02
	adds r1, #0x2C
	adds r1, r1, r4
	str r0, [r1, #0x00]
	adds r5, #0x08
	adds r7, #0x04
	cmp r7, #0x0A
	ble _080294E4
	pop {r4, r5, r6, r7}
	pop {r0}
	bx r0
_08029558: .4byte 0x0839F5E2
	thumb_func_start sub_802955C
sub_802955C:
	push {r4, r5, r6, r7, lr}
	adds r7, r0, #0x0
	ldr r1, _08029618 @ =0x03000C78
	movs r0, #0x00
	str r0, [r1, #0x00]
	ldr r5, _0802961C @ =0x0839F5CC
	ldrh r1, [r5, #0x00]
	movs r2, #0x01
	negs r2, r2
	movs r3, #0x01
	bl sub_80213A0
	ldr r1, [r7, #0x1C]
	str r0, [r1, #0x00]
	adds r5, #0x02
	ldrh r1, [r5, #0x00]
	movs r0, #0x00
	movs r2, #0x01
	negs r2, r2
	movs r3, #0x01
	bl sub_80213A0
	ldr r1, [r7, #0x1C]
	str r0, [r1, #0x04]
	adds r5, #0x02
	ldrh r1, [r5, #0x00]
	movs r0, #0x00
	movs r2, #0x01
	negs r2, r2
	movs r3, #0x01
	bl sub_80213A0
	ldr r1, [r7, #0x1C]
	str r0, [r1, #0x08]
	adds r5, #0x02
	movs r6, #0x03
_080295A4:
	ldrh r1, [r5, #0x00]
	movs r0, #0x00
	movs r2, #0x01
	negs r2, r2
	movs r3, #0x01
	bl sub_80213A0
	ldr r1, [r7, #0x1C]
	lsls r2, r6, #0x02
	adds r1, r1, r2
	str r0, [r1, #0x00]
	adds r4, r6, #0x1
	ldrh r1, [r5, #0x02]
	movs r0, #0x00
	movs r2, #0x01
	negs r2, r2
	movs r3, #0x01
	bl sub_80213A0
	ldr r1, [r7, #0x1C]
	lsls r4, r4, #0x02
	adds r1, r1, r4
	str r0, [r1, #0x00]
	adds r4, r6, #0x2
	ldrh r1, [r5, #0x04]
	movs r0, #0x00
	movs r2, #0x01
	negs r2, r2
	movs r3, #0x01
	bl sub_80213A0
	ldr r1, [r7, #0x1C]
	lsls r4, r4, #0x02
	adds r1, r1, r4
	str r0, [r1, #0x00]
	adds r4, r6, #0x3
	ldrh r1, [r5, #0x06]
	movs r0, #0x00
	movs r2, #0x01
	negs r2, r2
	movs r3, #0x01
	bl sub_80213A0
	ldr r1, [r7, #0x1C]
	lsls r4, r4, #0x02
	adds r1, r1, r4
	str r0, [r1, #0x00]
	adds r5, #0x08
	adds r6, #0x04
	cmp r6, #0x0A
	ble _080295A4
	ldr r1, _08029618 @ =0x03000C78
	ldr r0, _08029620 @ =0x0800063C
	str r0, [r1, #0x00]
	pop {r4, r5, r6, r7}
	pop {r0}
	bx r0
	.byte 0x00, 0x00
_08029618: .4byte 0x03000C78
_0802961C: .4byte 0x0839F5CC
_08029620: .4byte 0x0800063C
	thumb_func_start sub_8029624
sub_8029624:
	push {r4, r5, r6, lr}
	ldr r1, [r0, #0x1C]
	mov r12, r1
	movs r3, #0x97
	lsls r3, r3, #0x02
	add r3, r12
	movs r6, #0x20
	ldr r1, _080296CC @ =0x0000027E
	adds r4, r0, r1
	adds r1, #0x02
	adds r5, r0, r1
	ldr r2, [r3, #0x00]
	ldrb r1, [r2, #0x12]
	adds r0, r6, #0x0
	ands r0, r1
	cmp r0, #0x00
	bne _08029658
	ldrh r0, [r3, #0x04]
	ldrh r1, [r4, #0x00]
	subs r0, r0, r1
	strh r0, [r2, #0x00]
	ldr r2, [r3, #0x00]
	ldrh r0, [r3, #0x06]
	ldrh r1, [r5, #0x00]
	subs r0, r0, r1
	strh r0, [r2, #0x02]
_08029658:
	movs r3, #0x99
	lsls r3, r3, #0x02
	add r3, r12
	ldr r2, [r3, #0x00]
	ldrb r1, [r2, #0x12]
	adds r0, r6, #0x0
	ands r0, r1
	cmp r0, #0x00
	bne _0802967C
	ldrh r0, [r3, #0x04]
	ldrh r1, [r4, #0x00]
	subs r0, r0, r1
	strh r0, [r2, #0x00]
	ldr r2, [r3, #0x00]
	ldrh r0, [r3, #0x06]
	ldrh r1, [r5, #0x00]
	subs r0, r0, r1
	strh r0, [r2, #0x02]
_0802967C:
	movs r3, #0x9B
	lsls r3, r3, #0x02
	add r3, r12
	ldr r2, [r3, #0x00]
	ldrb r1, [r2, #0x12]
	adds r0, r6, #0x0
	ands r0, r1
	cmp r0, #0x00
	bne _080296A0
	ldrh r0, [r3, #0x04]
	ldrh r1, [r4, #0x00]
	subs r0, r0, r1
	strh r0, [r2, #0x00]
	ldr r2, [r3, #0x00]
	ldrh r0, [r3, #0x06]
	ldrh r1, [r5, #0x00]
	subs r0, r0, r1
	strh r0, [r2, #0x02]
_080296A0:
	movs r3, #0x9D
	lsls r3, r3, #0x02
	add r3, r12
	ldr r2, [r3, #0x00]
	ldrb r1, [r2, #0x12]
	adds r0, r6, #0x0
	ands r0, r1
	cmp r0, #0x00
	bne _080296C4
	ldrh r0, [r3, #0x04]
	ldrh r1, [r4, #0x00]
	subs r0, r0, r1
	strh r0, [r2, #0x00]
	ldr r2, [r3, #0x00]
	ldrh r0, [r3, #0x06]
	ldrh r1, [r5, #0x00]
	subs r0, r0, r1
	strh r0, [r2, #0x02]
_080296C4:
	pop {r4, r5, r6}
	pop {r0}
	bx r0
	.byte 0x00, 0x00
_080296CC: .4byte 0x0000027E
	.byte 0x30, 0xB5, 0xC4, 0x69, 0x97, 0x21, 0x89, 0x00, 0x60, 0x18, 0x02, 0x68, 0x91, 0x7C, 0x20, 0x25
	.byte 0x28, 0x1C, 0x08, 0x40, 0x00, 0x28, 0x02, 0xD1, 0x10, 0x1C, 0xF7, 0xF7, 0x29, 0xFB, 0x99, 0x21
	.byte 0x89, 0x00, 0x60, 0x18, 0x02, 0x68, 0x91, 0x7C, 0x28, 0x1C, 0x08, 0x40, 0x00, 0x28, 0x02, 0xD1
	.byte 0x10, 0x1C, 0xF7, 0xF7, 0x1D, 0xFB, 0x9B, 0x21, 0x89, 0x00, 0x60, 0x18, 0x02, 0x68, 0x91, 0x7C
	.byte 0x28, 0x1C, 0x08, 0x40, 0x00, 0x28, 0x02, 0xD1, 0x10, 0x1C, 0xF7, 0xF7, 0x11, 0xFB, 0x9D, 0x21
	.byte 0x89, 0x00, 0x60, 0x18, 0x02, 0x68, 0x91, 0x7C, 0x28, 0x1C, 0x08, 0x40, 0x00, 0x28, 0x02, 0xD1
	.byte 0x10, 0x1C, 0xF7, 0xF7, 0x05, 0xFB, 0x30, 0xBC, 0x01, 0xBC, 0x00, 0x47
	thumb_func_start sub_802973C
sub_802973C:
	push {r4, r5, r6, r7, lr}
	mov r7, r9
	mov r6, r8
	push {r6, r7}
	add sp, #-0x010
	ldr r5, [sp, #0x02C]
	add r4, sp, #0x030
	ldrb r4, [r4, #0x00]
	ldr r6, [r1, #0x0C]
	ldr r7, [r1, #0x10]
	mov r8, r7
	ldr r7, [r1, #0x14]
	mov r9, r7
	lsls r5, r5, #0x08
	movs r7, #0xF0
	lsls r7, r7, #0x04
	adds r5, r5, r7
	ldr r1, [r1, #0x18]
	adds r1, r1, r5
	str r1, [sp, #0x000]
	str r2, [sp, #0x004]
	add r1, sp, #0x008
	strb r3, [r1, #0x00]
	add r1, sp, #0x00C
	strb r4, [r1, #0x00]
	adds r1, r6, #0x0
	mov r2, r8
	mov r3, r9
	bl sub_80262CC
	add sp, #0x010
	pop {r3, r4}
	mov r8, r3
	mov r9, r4
	pop {r4, r5, r6, r7}
	pop {r0}
	bx r0
	.byte 0x00, 0x00
	thumb_func_start sub_8029788
sub_8029788:
	push {r4, lr}
	adds r1, r0, #0x0
	adds r4, r1, #0x0
	adds r4, #0xFC
	ldrh r0, [r4, #0x00]
	lsls r0, r0, #0x15
	asrs r0, r0, #0x1C
	cmp r0, #0x00
	bne _080297A6
	movs r2, #0xC1
	lsls r2, r2, #0x02
	adds r0, r1, r2
	ldr r0, [r0, #0x00]
	bl sub_805C6B8
_080297A6:
	ldrh r0, [r4, #0x00]
	movs r2, #0xF0
	lsls r2, r2, #0x03
	adds r1, r2, #0x0
	orrs r0, r1
	strh r0, [r4, #0x00]
	pop {r4}
	pop {r0}
	bx r0
	thumb_func_start sub_80297B8
sub_80297B8:
	push {lr}
	adds r1, r0, #0x0
	adds r0, #0xFC
	ldrh r0, [r0, #0x00]
	lsls r0, r0, #0x15
	asrs r0, r0, #0x1C
	cmp r0, #0x00
	bne _080297D4
	movs r2, #0xC1
	lsls r2, r2, #0x02
	adds r0, r1, r2
	ldr r0, [r0, #0x00]
	bl sub_805BFF0
_080297D4:
	pop {r0}
	bx r0
	thumb_func_start sub_80297D8
sub_80297D8:
	push {r4, lr}
	adds r4, r0, #0x0
	cmp r1, #0x00
	bne _080297F8
	movs r1, #0xC1
	lsls r1, r1, #0x02
	adds r0, r4, r1
	ldr r0, [r0, #0x00]
	bl sub_805BED8
	adds r2, r4, #0x0
	adds r2, #0xFC
	ldrh r1, [r2, #0x00]
	ldr r0, _08029800 @ =0xFFFFF87F
	ands r0, r1
	strh r0, [r2, #0x00]
_080297F8:
	pop {r4}
	pop {r0}
	bx r0
	.byte 0x00, 0x00
_08029800: .4byte 0xFFFFF87F
	thumb_func_start sub_8029804
sub_8029804:
	adds r3, r0, #0x0
	movs r0, #0x82
	lsls r0, r0, #0x02
	adds r2, r3, r0
	ldrb r1, [r2, #0x00]
	movs r0, #0x03
	negs r0, r0
	ands r0, r1
	strb r0, [r2, #0x00]
	movs r1, #0x80
	lsls r1, r1, #0x02
	adds r0, r3, r1
	ldr r1, [r0, #0x00]
	ldr r0, _0802982C @ =0x00000351
	adds r1, r1, r0
	ldrb r0, [r1, #0x00]
	movs r2, #0x40
	orrs r0, r2
	strb r0, [r1, #0x00]
	bx lr
_0802982C: .4byte 0x00000351
	thumb_func_start sub_8029830
sub_8029830:
	push {r4, lr}
	adds r3, r0, #0x0
	movs r0, #0x82
	lsls r0, r0, #0x02
	adds r2, r3, r0
	ldrb r0, [r2, #0x00]
	movs r1, #0x02
	orrs r0, r1
	strb r0, [r2, #0x00]
	movs r4, #0x80
	lsls r4, r4, #0x02
	adds r2, r3, r4
	ldr r0, [r2, #0x00]
	movs r4, #0x80
	lsls r4, r4, #0x01
	adds r1, r3, r4
	ldrh r1, [r1, #0x00]
	ldr r3, _08029870 @ =0x0000023E
	adds r0, r0, r3
	strh r1, [r0, #0x00]
	ldr r1, [r2, #0x00]
	ldr r4, _08029874 @ =0x00000351
	adds r1, r1, r4
	ldrb r2, [r1, #0x00]
	movs r0, #0x41
	negs r0, r0
	ands r0, r2
	strb r0, [r1, #0x00]
	pop {r4}
	pop {r0}
	bx r0
	.byte 0x00, 0x00
_08029870: .4byte 0x0000023E
_08029874: .4byte 0x00000351
	thumb_func_start sub_8029878
sub_8029878:
	push {lr}
	movs r1, #0x01
	negs r1, r1
	movs r0, #0x50
	bl play_sfx_80195B4
	pop {r0}
	bx r0
	thumb_func_start sub_8029888
sub_8029888:
	push {lr}
	adds r3, r0, #0x0
	ldr r0, _080298A8 @ =0x03000D80
	lsls r1, r1, #0x02
	adds r2, r1, r0
	ldr r0, [r2, #0x00]
	cmp r0, r3
	beq _080298A4
	ldr r0, _080298AC @ =0x04000208
	movs r1, #0x00
	strh r1, [r0, #0x00]
	str r3, [r2, #0x00]
	movs r1, #0x01
	strh r1, [r0, #0x00]
_080298A4:
	pop {r0}
	bx r0
_080298A8: .4byte 0x03000D80
_080298AC: .4byte 0x04000208
	thumb_func_start sub_80298B0
sub_80298B0:
	push {r4, r5, r6, lr}
	ldr r6, _08029908 @ =0x08029911
	ldr r5, _0802990C @ =0x03000D80
	movs r4, #0x00
	adds r2, r5, #0x4
	subs r1, r5, #0x1
	subs r3, r1, r2
	movs r0, #0x0F
	ands r3, r0
	cmp r2, r1
	ble _080298DE
	cmp r3, #0x00
	beq _080298E6
	cmp r3, #0x0C
	bge _080298DE
	cmp r3, #0x08
	bge _080298DA
	cmp r3, #0x03
	ble _080298E6
	str r4, [r5, #0x04]
	adds r2, r5, #0x0
_080298DA:
	str r4, [r2, #0x00]
	subs r2, #0x04
_080298DE:
	str r4, [r2, #0x00]
	subs r2, #0x04
	cmp r2, r5
	blt _080298FA
_080298E6:
	str r4, [r2, #0x00]
	subs r0, r2, #0x4
	str r4, [r0, #0x00]
	subs r0, #0x04
	str r4, [r0, #0x00]
	subs r0, #0x04
	str r4, [r0, #0x00]
	subs r2, #0x10
	cmp r2, r5
	bge _080298E6
_080298FA:
	movs r0, #0x02
	adds r1, r6, #0x0
	bl sub_8018B78
	pop {r4, r5, r6}
	pop {r0}
	bx r0
_08029908: .4byte sub_8029910
_0802990C: .4byte 0x03000D80
	thumb_func_start sub_8029910
sub_8029910:
	push {r4, lr}
	ldr r4, _08029930 @ =0x03000D80
	ldr r0, [r4, #0x00]
	cmp r0, #0x00
	beq _0802991E
	bl _call_via_r0
_0802991E:
	ldr r0, [r4, #0x04]
	cmp r0, #0x00
	beq _08029928
	bl _call_via_r0
_08029928:
	pop {r4}
	pop {r0}
	bx r0
	.byte 0x00, 0x00
_08029930: .4byte 0x03000D80
	thumb_func_start sub_8029934
sub_8029934:
	push {r4, r5, r6, r7, lr}
	mov r7, r10
	mov r6, r9
	mov r5, r8
	push {r5, r6, r7}
	adds r4, r0, #0x0
	ldr r0, _080299F8 @ =0x03001034
	movs r2, #0x83
	lsls r2, r2, #0x02
	adds r1, r4, r2
	ldr r3, [r0, #0x00]
	movs r0, #0x00
	movs r2, #0x30
	bl _call_via_r3
	movs r7, #0x00
	movs r5, #0xFF
	ldr r6, _080299FC @ =0x0839F900
	movs r0, #0x85
	lsls r0, r0, #0x02
	adds r3, r4, r0
	movs r1, #0x00
	mov r8, r1
	movs r2, #0x86
	lsls r2, r2, #0x02
	adds r2, r2, r4
	mov r9, r2
	movs r0, #0x80
	negs r0, r0
	mov r10, r0
	movs r1, #0x01
	mov r12, r1
_08029974:
	movs r2, #0x83
	lsls r2, r2, #0x02
	adds r0, r4, r2
	strb r7, [r0, #0x00]
	ldr r0, [r6, #0x00]
	str r0, [r3, #0x00]
	mov r1, r9
	add r1, r8
	ldr r0, [r6, #0x04]
	str r0, [r1, #0x00]
	movs r1, #0x87
	lsls r1, r1, #0x02
	adds r0, r4, r1
	strb r7, [r0, #0x00]
	adds r2, #0x11
	adds r0, r4, r2
	strb r7, [r0, #0x00]
	ldr r0, _08029A00 @ =0x0000021E
	adds r1, r4, r0
	ldrb r0, [r1, #0x00]
	orrs r0, r5
	strb r0, [r1, #0x00]
	adds r2, #0x02
	adds r1, r4, r2
	ldrb r0, [r1, #0x00]
	orrs r0, r5
	strb r0, [r1, #0x00]
	movs r0, #0x88
	lsls r0, r0, #0x02
	adds r1, r4, r0
	ldrb r0, [r1, #0x00]
	orrs r0, r5
	strb r0, [r1, #0x00]
	adds r2, #0x02
	adds r1, r4, r2
	ldrb r0, [r1, #0x00]
	orrs r0, r5
	strb r0, [r1, #0x00]
	ldr r1, _08029A04 @ =0x0000020E
	adds r0, r4, r1
	strb r7, [r0, #0x00]
	ldr r0, _08029A08 @ =0x00000222
	adds r2, r4, r0
	ldrb r1, [r2, #0x00]
	mov r0, r10
	ands r0, r1
	strb r0, [r2, #0x00]
	adds r6, #0x08
	adds r3, #0x18
	adds r4, #0x18
	movs r1, #0x18
	add r8, r1
	movs r2, #0x01
	negs r2, r2
	add r12, r2
	mov r0, r12
	cmp r0, #0x00
	bge _08029974
	pop {r3, r4, r5}
	mov r8, r3
	mov r9, r4
	mov r10, r5
	pop {r4, r5, r6, r7}
	pop {r0}
	bx r0
	.byte 0x00, 0x00
_080299F8: .4byte 0x03001034
_080299FC: .4byte 0x0839F900
_08029A00: .4byte 0x0000021E
_08029A04: .4byte 0x0000020E
_08029A08: .4byte 0x00000222
	thumb_func_start sub_8029A0C
sub_8029A0C:
	push {r4, r5, r6, r7, lr}
	mov r7, r10
	mov r6, r9
	mov r5, r8
	push {r5, r6, r7}
	add sp, #-0x010
	adds r7, r0, #0x0
	adds r4, r1, #0x0
	mov r8, r2
	ldr r0, _08029A94 @ =0x00000246
	adds r3, r7, r0
	movs r0, #0x07
	ands r1, r0
	lsls r1, r1, #0x02
	ldrb r2, [r3, #0x00]
	movs r0, #0x1D
	negs r0, r0
	ands r0, r2
	orrs r0, r1
	strb r0, [r3, #0x00]
	movs r1, #0x82
	lsls r1, r1, #0x02
	adds r3, r7, r1
	ldrb r2, [r3, #0x00]
	lsls r1, r2, #0x1B
	lsrs r1, r1, #0x1F
	movs r0, #0x01
	eors r1, r0
	subs r0, #0x03
	ands r0, r2
	orrs r0, r1
	strb r0, [r3, #0x00]
	ldr r6, _08029A98 @ =0x0000020B
	adds r2, r7, r6
	ldrb r1, [r2, #0x00]
	movs r0, #0x7F
	ands r0, r1
	strb r0, [r2, #0x00]
	ldr r0, _08029A9C @ =0x00000209
	adds r2, r7, r0
	ldrb r1, [r2, #0x00]
	movs r0, #0x21
	negs r0, r0
	ands r0, r1
	strb r0, [r2, #0x00]
	movs r1, #0x80
	lsls r1, r1, #0x02
	adds r3, r7, r1
	ldr r1, [r3, #0x00]
	ldr r2, _08029AA0 @ =0x00000352
	adds r1, r1, r2
	ldrb r2, [r1, #0x00]
	movs r0, #0x41
	negs r0, r0
	ands r0, r2
	strb r0, [r1, #0x00]
	ldr r1, [r3, #0x00]
	adds r0, r1, #0x0
	adds r0, #0x54
	ldrb r0, [r0, #0x00]
	cmp r0, #0x00
	bne _08029AA4
	adds r5, r1, #0x0
	subs r6, #0x07
	adds r0, r7, r6
	ldr r6, [r0, #0x00]
	b _08029AAE
	.byte 0x00, 0x00
_08029A94: .4byte 0x00000246
_08029A98: .4byte 0x0000020B
_08029A9C: .4byte 0x00000209
_08029AA0: .4byte 0x00000352
_08029AA4:
	adds r6, r1, #0x0
	movs r1, #0x81
	lsls r1, r1, #0x02
	adds r0, r7, r1
	ldr r5, [r0, #0x00]
_08029AAE:
	ldr r0, _08029AD4 @ =0x0000026B
	adds r2, r7, r0
	ldrb r1, [r2, #0x00]
	movs r0, #0x1F
	ands r0, r1
	strb r0, [r2, #0x00]
	adds r0, r7, #0x0
	bl sub_803C610
	cmp r4, #0x04
	bls _08029AC8
	bl _0802A412
_08029AC8:
	lsls r0, r4, #0x02
	ldr r1, _08029AD8 @ =0x08029ADC
	adds r0, r0, r1
	ldr r0, [r0, #0x00]
	mov pc, r0
	.byte 0x00, 0x00
_08029AD4: .4byte 0x0000026B
_08029AD8: .4byte 0x08029ADC
	.byte 0xF0, 0x9A, 0x02, 0x08, 0xB0, 0x9E, 0x02, 0x08, 0x28, 0xA0, 0x02, 0x08, 0x28, 0xA1, 0x02, 0x08
	.byte 0xBC, 0xA2, 0x02, 0x08, 0x41, 0x46, 0x00, 0x29, 0x2C, 0xD0, 0x81, 0x22, 0x92, 0x00, 0xBC, 0x18
	.byte 0x21, 0x68, 0x38, 0x1C, 0x04, 0xF0, 0x84, 0xF8, 0x00, 0x06, 0x00, 0x28, 0x22, 0xD0, 0x22, 0x68
	.byte 0x80, 0x26, 0xB6, 0x00, 0xB9, 0x19, 0x08, 0x68, 0xC0, 0x68, 0xD0, 0x60, 0x22, 0x68, 0x08, 0x68
	.byte 0x00, 0x69, 0x10, 0x61, 0x22, 0x68, 0x08, 0x68, 0x40, 0x69, 0x50, 0x61, 0x22, 0x68, 0x08, 0x68
	.byte 0x80, 0x69, 0x90, 0x61, 0x22, 0x68, 0x08, 0x68, 0x40, 0x6B, 0x50, 0x63, 0x22, 0x68, 0x08, 0x68
	.byte 0x80, 0x6B, 0x90, 0x63, 0x22, 0x68, 0x08, 0x68, 0xC0, 0x6B, 0xD0, 0x63, 0x22, 0x68, 0x08, 0x68
	.byte 0x00, 0x6C, 0x10, 0x64, 0x80, 0x21, 0x89, 0x00, 0x78, 0x18, 0x00, 0x68, 0xDA, 0x22, 0x92, 0x00
	.byte 0x80, 0x18, 0x01, 0x68, 0x08, 0x78, 0x01, 0x38, 0x00, 0x06, 0x00, 0x0E, 0x01, 0x28, 0x02, 0xD8
	.byte 0x00, 0x20, 0x48, 0x70, 0x01, 0xE0, 0x00, 0x20, 0x08, 0x70, 0x80, 0x26, 0xB6, 0x00, 0xBC, 0x19
	.byte 0x21, 0x68, 0x80, 0x25, 0x6D, 0x00, 0x7A, 0x19, 0x13, 0x88, 0x40, 0x36, 0x88, 0x19, 0x00, 0x26
	.byte 0xB1, 0x46, 0x03, 0x80, 0x13, 0x88, 0x5A, 0x4E, 0x88, 0x19, 0x03, 0x80, 0x10, 0x88, 0x98, 0x22
	.byte 0x92, 0x00, 0x89, 0x18, 0x08, 0x80, 0x21, 0x68, 0xD6, 0x26, 0xB6, 0x00, 0x89, 0x19, 0x0A, 0x78
	.byte 0x09, 0x20, 0x40, 0x42, 0x82, 0x46, 0x10, 0x40, 0x08, 0x70, 0x21, 0x68, 0x51, 0x4A, 0x89, 0x18
	.byte 0x0A, 0x78, 0x41, 0x26, 0x76, 0x42, 0x30, 0x1C, 0x10, 0x40, 0x08, 0x70, 0x22, 0x68, 0x84, 0x23
	.byte 0x9B, 0x00, 0xD2, 0x18, 0x10, 0x78, 0x02, 0x21, 0x08, 0x43, 0x10, 0x70, 0x21, 0x68, 0xC9, 0x18
	.byte 0x08, 0x78, 0x04, 0x22, 0x10, 0x43, 0x08, 0x70, 0x21, 0x68, 0x03, 0x3B, 0xC9, 0x18, 0x0A, 0x78
	.byte 0x21, 0x20, 0x40, 0x42, 0x80, 0x46, 0x10, 0x40, 0x08, 0x70, 0x21, 0x68, 0xC9, 0x18, 0x08, 0x78
	.byte 0x40, 0x22, 0x10, 0x43, 0x08, 0x70, 0x22, 0x68, 0x10, 0x1C, 0x54, 0x30, 0x00, 0x78, 0x3E, 0x49
	.byte 0x00, 0x28, 0x00, 0xD1, 0x01, 0x39, 0x10, 0x1C, 0x1F, 0xF0, 0xF4, 0xF9, 0x20, 0x68, 0xA5, 0x21
	.byte 0x89, 0x00, 0x40, 0x18, 0x00, 0x68, 0xC5, 0x80, 0x85, 0x80, 0x21, 0x68, 0x37, 0x4A, 0x89, 0x18
	.byte 0x0A, 0x78, 0x30, 0x1C, 0x10, 0x40, 0x08, 0x70, 0x20, 0x68, 0x35, 0x49, 0x40, 0x18, 0x4A, 0x46
	.byte 0x02, 0x70, 0x21, 0x68, 0x33, 0x4B, 0xC9, 0x18, 0x0A, 0x78, 0x50, 0x46, 0x10, 0x40, 0x08, 0x70
	.byte 0x21, 0x68, 0xC9, 0x18, 0x0A, 0x78, 0x11, 0x20, 0x40, 0x42, 0x84, 0x46, 0x10, 0x40, 0x08, 0x70
	.byte 0x21, 0x68, 0xC9, 0x18, 0x0A, 0x78, 0x40, 0x46, 0x10, 0x40, 0x08, 0x70, 0x21, 0x68, 0xC9, 0x18
	.byte 0x0A, 0x78, 0x30, 0x1C, 0x10, 0x40, 0x08, 0x70, 0x21, 0x68, 0x22, 0x4A, 0x89, 0x18, 0x0A, 0x78
	.byte 0x7F, 0x20, 0x10, 0x40, 0x08, 0x70, 0x81, 0x26, 0xB6, 0x00, 0xBD, 0x19, 0x29, 0x68, 0x01, 0x3B
	.byte 0xC9, 0x18, 0x0A, 0x78, 0x02, 0x20, 0x40, 0x42, 0x10, 0x40, 0x08, 0x70, 0x29, 0x68, 0xC9, 0x18
	.byte 0x0A, 0x78, 0x03, 0x20, 0x40, 0x42, 0x10, 0x40, 0x08, 0x70, 0x20, 0x68, 0xDA, 0x26, 0xB6, 0x00
	.byte 0x80, 0x19, 0x02, 0x68, 0x93, 0x7C, 0x12, 0x21, 0x51, 0x56, 0x01, 0x20, 0x40, 0x42, 0x81, 0x42
	.byte 0x05, 0xD0, 0x13, 0x74, 0x20, 0x68, 0x80, 0x19, 0x01, 0x68, 0xFF, 0x20, 0x88, 0x74, 0x82, 0x20
	.byte 0x80, 0x00, 0x3A, 0x18, 0x10, 0x78, 0x01, 0x21, 0x08, 0x43, 0x10, 0x70, 0x0E, 0x49, 0x7A, 0x18
	.byte 0x11, 0x78, 0x60, 0x46, 0x08, 0x40, 0x10, 0x70, 0x28, 0x68, 0x80, 0x19, 0x01, 0x68, 0x08, 0x78
	.byte 0x01, 0x38, 0x00, 0x06, 0x00, 0x0E, 0x01, 0x28, 0x10, 0xD8, 0x4A, 0x46, 0x4A, 0x70, 0x0F, 0xE0
	.byte 0x3E, 0x02, 0x00, 0x00, 0x51, 0x03, 0x00, 0x00, 0x02, 0x10, 0x00, 0x00, 0x12, 0x02, 0x00, 0x00
	.byte 0x3B, 0x02, 0x00, 0x00, 0x5B, 0x03, 0x00, 0x00, 0x0B, 0x02, 0x00, 0x00, 0x4C, 0x46, 0x0C, 0x70
	.byte 0x81, 0x26, 0xB6, 0x00, 0xBC, 0x19, 0x21, 0x68, 0xD6, 0x20, 0x80, 0x00, 0x09, 0x18, 0x0A, 0x78
	.byte 0x09, 0x20, 0x40, 0x42, 0x10, 0x40, 0x08, 0x70, 0x21, 0x68, 0x2B, 0x4A, 0x89, 0x18, 0x0A, 0x78
	.byte 0x41, 0x25, 0x6D, 0x42, 0x28, 0x1C, 0x10, 0x40, 0x08, 0x70, 0x21, 0x68, 0x27, 0x4B, 0xC9, 0x18
	.byte 0x0A, 0x78, 0x21, 0x20, 0x40, 0x42, 0x10, 0x40, 0x08, 0x70, 0x21, 0x68, 0xC9, 0x18, 0x08, 0x78
	.byte 0x40, 0x22, 0x10, 0x43, 0x08, 0x70, 0x22, 0x68, 0x10, 0x1C, 0x54, 0x30, 0x00, 0x78, 0x20, 0x49
	.byte 0x00, 0x28, 0x00, 0xD1, 0x01, 0x39, 0x10, 0x1C, 0x1F, 0xF0, 0x44, 0xF9, 0x20, 0x68, 0xA5, 0x26
	.byte 0xB6, 0x00, 0x80, 0x19, 0x01, 0x68, 0x00, 0x23, 0x80, 0x20, 0x40, 0x00, 0xC8, 0x80, 0x88, 0x80
	.byte 0x21, 0x68, 0x18, 0x48, 0x09, 0x18, 0x0A, 0x78, 0x28, 0x1C, 0x10, 0x40, 0x08, 0x70, 0x20, 0x68
	.byte 0x15, 0x49, 0x40, 0x18, 0x03, 0x70, 0x21, 0x68, 0x14, 0x4A, 0x89, 0x18, 0x0A, 0x78, 0x03, 0x20
	.byte 0x40, 0x42, 0x10, 0x40, 0x08, 0x70, 0x8C, 0x3E, 0xB8, 0x19, 0x01, 0x78, 0x10, 0x20, 0x08, 0x40
	.byte 0x00, 0x28, 0x1D, 0xD0, 0x20, 0x68, 0xDA, 0x21, 0x89, 0x00, 0x40, 0x18, 0x02, 0x68, 0x93, 0x7C
	.byte 0x12, 0x21, 0x51, 0x56, 0x01, 0x20, 0x40, 0x42, 0x81, 0x42, 0x23, 0xD0, 0x13, 0x74, 0x20, 0x68
	.byte 0xDA, 0x22, 0x92, 0x00, 0x80, 0x18, 0x1A, 0xE0, 0x51, 0x03, 0x00, 0x00, 0x0D, 0x02, 0x00, 0x00
	.byte 0x02, 0x10, 0x00, 0x00, 0x12, 0x02, 0x00, 0x00, 0x3B, 0x02, 0x00, 0x00, 0x5A, 0x03, 0x00, 0x00
	.byte 0x20, 0x68, 0xDA, 0x26, 0xB6, 0x00, 0x80, 0x19, 0x02, 0x68, 0x93, 0x7C, 0x12, 0x21, 0x51, 0x56
	.byte 0x01, 0x20, 0x40, 0x42, 0x81, 0x42, 0x05, 0xD0, 0x13, 0x75, 0x20, 0x68, 0x80, 0x19, 0x01, 0x68
	.byte 0xFF, 0x20, 0x88, 0x74, 0x81, 0x20, 0x80, 0x00, 0x3C, 0x18, 0x21, 0x68, 0x1F, 0x4B, 0xC9, 0x18
	.byte 0x0A, 0x78, 0x09, 0x20, 0x40, 0x42, 0x10, 0x40, 0x08, 0x70, 0x21, 0x68, 0xC9, 0x18, 0x0A, 0x78
	.byte 0x11, 0x20, 0x40, 0x42, 0x10, 0x40, 0x08, 0x70, 0x21, 0x68, 0xC9, 0x18, 0x0A, 0x78, 0x21, 0x20
	.byte 0x40, 0x42, 0x10, 0x40, 0x08, 0x70, 0x21, 0x68, 0xC9, 0x18, 0x0A, 0x78, 0x41, 0x20, 0x40, 0x42
	.byte 0x10, 0x40, 0x08, 0x70, 0x21, 0x68, 0x12, 0x4A, 0x89, 0x18, 0x0A, 0x78, 0x7F, 0x20, 0x10, 0x40
	.byte 0x08, 0x70, 0x82, 0x26, 0xB6, 0x00, 0xB8, 0x19, 0x01, 0x78, 0x10, 0x20, 0x08, 0x40, 0x00, 0x28
	.byte 0x00, 0xD1, 0xC8, 0xE2, 0x21, 0x68, 0x80, 0x20, 0x40, 0x00, 0x3A, 0x18, 0x13, 0x88, 0x90, 0x24
	.byte 0xA4, 0x00, 0x08, 0x19, 0x03, 0x80, 0x13, 0x88, 0x36, 0x36, 0x88, 0x19, 0x03, 0x80, 0x10, 0x88
	.byte 0x98, 0x22, 0x92, 0x00, 0x89, 0x18, 0x08, 0x80, 0xB5, 0xE2, 0x00, 0x00, 0x5B, 0x03, 0x00, 0x00
	.byte 0x51, 0x03, 0x00, 0x00, 0x11, 0x4C, 0x28, 0x19, 0x01, 0x78, 0x04, 0x20, 0x08, 0x40, 0x00, 0x28
	.byte 0x02, 0xD0, 0x28, 0x1C, 0x1F, 0xF0, 0x0C, 0xFA, 0x0D, 0x49, 0x00, 0x20, 0x00, 0x90, 0x03, 0xA8
	.byte 0x01, 0x90, 0x0C, 0x20, 0x02, 0x90, 0x00, 0x20, 0x00, 0x22, 0x00, 0x23, 0xF7, 0xF7, 0x4C, 0xFB
	.byte 0xDA, 0x21, 0x89, 0x00, 0x68, 0x18, 0x01, 0x68, 0x08, 0x78, 0x01, 0x38, 0x00, 0x06, 0x00, 0x0E
	.byte 0x01, 0x28, 0x07, 0xD8, 0x05, 0x20, 0x48, 0x70, 0x06, 0xE0, 0x00, 0x00, 0x5A, 0x03, 0x00, 0x00
	.byte 0x04, 0x10, 0x00, 0x00, 0x05, 0x20, 0x08, 0x70, 0x3C, 0x1C, 0xFB, 0x34, 0x20, 0x78, 0x40, 0x07
	.byte 0xC0, 0x0F, 0x80, 0x21, 0x49, 0x00, 0x01, 0x41, 0x90, 0x22, 0x92, 0x00, 0xA8, 0x18, 0x01, 0x80
	.byte 0x02, 0x3A, 0xA8, 0x18, 0x01, 0x80, 0x22, 0x32, 0xA8, 0x18, 0x01, 0x80, 0x23, 0x48, 0x2A, 0x18
	.byte 0x11, 0x78, 0x09, 0x20, 0x40, 0x42, 0x08, 0x40, 0x20, 0x21, 0x08, 0x43, 0x10, 0x70, 0x20, 0x49
	.byte 0x28, 0x1C, 0x1F, 0xF0, 0x5F, 0xF8, 0x1F, 0x49, 0x7A, 0x18, 0x11, 0x78, 0xE0, 0x20, 0x08, 0x40
	.byte 0xA0, 0x46, 0x00, 0x28, 0x04, 0xD1, 0x1F, 0x20, 0x08, 0x40, 0x60, 0x21, 0x08, 0x43, 0x10, 0x70
	.byte 0x82, 0x22, 0x92, 0x00, 0xB8, 0x18, 0x01, 0x78, 0x10, 0x20, 0x08, 0x40, 0x00, 0x28, 0x0B, 0xD1
	.byte 0xB6, 0x24, 0xA4, 0x00, 0x38, 0x19, 0x01, 0x78, 0x1F, 0x20, 0x08, 0x40, 0x1F, 0x28, 0x03, 0xD1
	.byte 0x38, 0x1C, 0x00, 0x21, 0x04, 0xF0, 0xA2, 0xFA, 0xDA, 0x23, 0x9B, 0x00, 0xEA, 0x18, 0x15, 0x68
	.byte 0x12, 0x21, 0x69, 0x56, 0x01, 0x20, 0x40, 0x42, 0x81, 0x42, 0x01, 0xD1, 0x28, 0x7C, 0xA8, 0x74
	.byte 0x11, 0x68, 0x00, 0x20, 0x08, 0x74, 0xF0, 0x18, 0x01, 0x68, 0x08, 0x78, 0x01, 0x38, 0x00, 0x06
	.byte 0x00, 0x0E, 0x01, 0x28, 0x08, 0xD8, 0x05, 0x20, 0x48, 0x70, 0x07, 0xE0, 0x5B, 0x03, 0x00, 0x00
	.byte 0x2E, 0x10, 0x00, 0x00, 0x6B, 0x02, 0x00, 0x00, 0x05, 0x20, 0x08, 0x70, 0x14, 0x48, 0x32, 0x18
	.byte 0x11, 0x78, 0x11, 0x20, 0x40, 0x42, 0x08, 0x40, 0x41, 0x21, 0x49, 0x42, 0x08, 0x40, 0x10, 0x70
	.byte 0x10, 0x49, 0x72, 0x18, 0x11, 0x78, 0x7F, 0x20, 0x08, 0x40, 0x10, 0x70, 0x82, 0x22, 0x92, 0x00
	.byte 0xB8, 0x18, 0x01, 0x78, 0x10, 0x20, 0x08, 0x40, 0x00, 0x28, 0x00, 0xD1, 0x0B, 0xE2, 0x44, 0x46
	.byte 0x20, 0x78, 0x40, 0x07, 0xC0, 0x0F, 0x80, 0x21, 0x49, 0x00, 0x01, 0x41, 0x38, 0x32, 0xB0, 0x18
	.byte 0x01, 0x80, 0x05, 0x4C, 0x30, 0x19, 0x01, 0x80, 0x20, 0x32, 0xB0, 0x18, 0xFA, 0xE1, 0x00, 0x00
	.byte 0x5B, 0x03, 0x00, 0x00, 0x51, 0x03, 0x00, 0x00, 0x3E, 0x02, 0x00, 0x00, 0x0B, 0x4C, 0x28, 0x19
	.byte 0x01, 0x78, 0x04, 0x20, 0x08, 0x40, 0x00, 0x28, 0x02, 0xD0, 0x28, 0x1C, 0x1F, 0xF0, 0x50, 0xF9
	.byte 0xDA, 0x21, 0x89, 0x00, 0x68, 0x18, 0x01, 0x68, 0x08, 0x78, 0x01, 0x38, 0x00, 0x06, 0x00, 0x0E
	.byte 0x01, 0x28, 0x05, 0xD8, 0x0B, 0x20, 0x48, 0x70, 0x04, 0xE0, 0x00, 0x00, 0x5A, 0x03, 0x00, 0x00
	.byte 0x0B, 0x20, 0x08, 0x70, 0x3C, 0x1C, 0xFB, 0x34, 0x20, 0x78, 0x40, 0x07, 0xC0, 0x0F, 0x80, 0x21
	.byte 0x89, 0x00, 0x01, 0x41, 0x90, 0x22, 0x92, 0x00, 0xA8, 0x18, 0x01, 0x80, 0x02, 0x3A, 0xA8, 0x18
	.byte 0x01, 0x80, 0x22, 0x32, 0xA8, 0x18, 0x01, 0x80, 0x0D, 0x48, 0x2A, 0x18, 0x10, 0x78, 0x08, 0x21
	.byte 0x08, 0x43, 0x21, 0x21, 0x49, 0x42, 0x08, 0x40, 0x10, 0x70, 0x0A, 0x49, 0x28, 0x1C, 0x1E, 0xF0
	.byte 0xB1, 0xFF, 0xDA, 0x21, 0x89, 0x00, 0x70, 0x18, 0x01, 0x68, 0x08, 0x78, 0x01, 0x38, 0x00, 0x06
	.byte 0x00, 0x0E, 0xA0, 0x46, 0x01, 0x28, 0x07, 0xD8, 0x0B, 0x20, 0x48, 0x70, 0x06, 0xE0, 0x00, 0x00
	.byte 0x5B, 0x03, 0x00, 0x00, 0x28, 0x10, 0x00, 0x00, 0x0B, 0x20, 0x08, 0x70, 0x14, 0x4C, 0x32, 0x19
	.byte 0x11, 0x78, 0x11, 0x20, 0x40, 0x42, 0x08, 0x40, 0x41, 0x21, 0x49, 0x42, 0x08, 0x40, 0x10, 0x70
	.byte 0x10, 0x48, 0x32, 0x18, 0x11, 0x78, 0x7F, 0x20, 0x08, 0x40, 0x10, 0x70, 0x82, 0x21, 0x89, 0x00
	.byte 0x78, 0x18, 0x01, 0x78, 0x10, 0x20, 0x08, 0x40, 0x00, 0x28, 0x00, 0xD1, 0x8B, 0xE1, 0x42, 0x46
	.byte 0x10, 0x78, 0x40, 0x07, 0xC0, 0x0F, 0x80, 0x21, 0x89, 0x00, 0x01, 0x41, 0x90, 0x24, 0xA4, 0x00
	.byte 0x30, 0x19, 0x01, 0x80, 0x04, 0x4A, 0xB0, 0x18, 0x01, 0x80, 0x20, 0x34, 0x30, 0x19, 0x79, 0xE1
	.byte 0x5B, 0x03, 0x00, 0x00, 0x51, 0x03, 0x00, 0x00, 0x3E, 0x02, 0x00, 0x00, 0x0B, 0x49, 0x70, 0x18
	.byte 0x01, 0x78, 0x04, 0x20, 0x08, 0x40, 0x00, 0x28, 0x02, 0xD0, 0x30, 0x1C, 0x1F, 0xF0, 0xD0, 0xF8
	.byte 0xDA, 0x22, 0x92, 0x00, 0xB0, 0x18, 0x01, 0x68, 0x08, 0x78, 0x01, 0x38, 0x00, 0x06, 0x00, 0x0E
	.byte 0x01, 0x28, 0x05, 0xD8, 0x06, 0x20, 0x48, 0x70, 0x04, 0xE0, 0x00, 0x00, 0x5A, 0x03, 0x00, 0x00
	.byte 0x06, 0x20, 0x08, 0x70, 0x3C, 0x1C, 0xFB, 0x34, 0x20, 0x78, 0x40, 0x07, 0xC0, 0x0F, 0x80, 0x21
	.byte 0x49, 0x00, 0x01, 0x41, 0x90, 0x22, 0x92, 0x00, 0xB0, 0x18, 0x01, 0x80, 0x02, 0x3A, 0xB0, 0x18
	.byte 0x01, 0x80, 0x22, 0x32, 0xB0, 0x18, 0x01, 0x80, 0x22, 0x49, 0x30, 0x1C, 0x1E, 0xF0, 0x3A, 0xFF
	.byte 0x21, 0x48, 0x32, 0x18, 0x10, 0x78, 0x10, 0x21, 0x08, 0x43, 0x41, 0x21, 0x49, 0x42, 0x08, 0x40
	.byte 0x10, 0x70, 0x1E, 0x49, 0x72, 0x18, 0x10, 0x78, 0x20, 0x21, 0x08, 0x43, 0x10, 0x70, 0x84, 0x20
	.byte 0x80, 0x00, 0x32, 0x18, 0x11, 0x78, 0x03, 0x20, 0x40, 0x42, 0x08, 0x40, 0x05, 0x21, 0x49, 0x42
	.byte 0x08, 0x40, 0x10, 0x70, 0x16, 0x49, 0x73, 0x18, 0x18, 0x78, 0x40, 0x21, 0x08, 0x43, 0x18, 0x70
	.byte 0x14, 0x48, 0x32, 0x18, 0x11, 0x78, 0x7F, 0x20, 0x08, 0x40, 0x10, 0x70, 0x82, 0x21, 0x89, 0x00
	.byte 0x78, 0x18, 0x01, 0x78, 0x10, 0x20, 0x08, 0x40, 0xA0, 0x46, 0x00, 0x28, 0x04, 0xD1, 0x19, 0x78
	.byte 0x80, 0x20, 0x08, 0x40, 0x00, 0x28, 0x17, 0xD0, 0xDA, 0x22, 0x92, 0x00, 0xB0, 0x18, 0x02, 0x68
	.byte 0x12, 0x21, 0x51, 0x56, 0x01, 0x20, 0x40, 0x42, 0x81, 0x42, 0x1C, 0xD1, 0x10, 0x7C, 0x90, 0x74
	.byte 0x19, 0xE0, 0x00, 0x00, 0x43, 0x10, 0x00, 0x00, 0x5B, 0x03, 0x00, 0x00, 0x0D, 0x02, 0x00, 0x00
	.byte 0x52, 0x03, 0x00, 0x00, 0x51, 0x03, 0x00, 0x00, 0xDA, 0x24, 0xA4, 0x00, 0x33, 0x19, 0x1A, 0x68
	.byte 0x14, 0x7D, 0x14, 0x21, 0x51, 0x56, 0x01, 0x20, 0x40, 0x42, 0x81, 0x42, 0x00, 0xD0, 0x94, 0x74
	.byte 0x19, 0x68, 0x08, 0x7C, 0x08, 0x75, 0xDA, 0x21, 0x89, 0x00, 0x70, 0x18, 0x02, 0x68, 0x00, 0x20
	.byte 0x10, 0x74, 0x69, 0x18, 0x09, 0x68, 0x08, 0x78, 0x01, 0x38, 0x00, 0x06, 0x00, 0x0E, 0x01, 0x28
	.byte 0x02, 0xD8, 0x06, 0x20, 0x48, 0x70, 0x01, 0xE0, 0x06, 0x20, 0x08, 0x70, 0x12, 0x4E, 0xAA, 0x19
	.byte 0x11, 0x78, 0x09, 0x20, 0x40, 0x42, 0x08, 0x40, 0x21, 0x21, 0x49, 0x42, 0x08, 0x40, 0x10, 0x70
	.byte 0x82, 0x21, 0x89, 0x00, 0x78, 0x18, 0x01, 0x78, 0x10, 0x20, 0x08, 0x40, 0x00, 0x28, 0x00, 0xD1
	.byte 0xC1, 0xE0, 0x42, 0x46, 0x10, 0x78, 0x40, 0x07, 0xC0, 0x0F, 0x80, 0x21, 0x49, 0x00, 0x01, 0x41
	.byte 0x90, 0x24, 0xA4, 0x00, 0x28, 0x19, 0x01, 0x80, 0x04, 0x4E, 0xA8, 0x19, 0x01, 0x80, 0x98, 0x22
	.byte 0x92, 0x00, 0xA8, 0x18, 0xAE, 0xE0, 0x00, 0x00, 0x5B, 0x03, 0x00, 0x00, 0x3E, 0x02, 0x00, 0x00
	.byte 0x0B, 0x4C, 0x30, 0x19, 0x01, 0x78, 0x04, 0x20, 0x08, 0x40, 0x00, 0x28, 0x02, 0xD0, 0x30, 0x1C
	.byte 0x1F, 0xF0, 0x06, 0xF8, 0xDA, 0x21, 0x89, 0x00, 0x70, 0x18, 0x01, 0x68, 0x08, 0x78, 0x01, 0x38
	.byte 0x00, 0x06, 0x00, 0x0E, 0x01, 0x28, 0x05, 0xD8, 0x09, 0x20, 0x48, 0x70, 0x04, 0xE0, 0x00, 0x00
	.byte 0x5A, 0x03, 0x00, 0x00, 0x09, 0x20, 0x08, 0x70, 0x3C, 0x1C, 0xFB, 0x34, 0x20, 0x78, 0x40, 0x07
	.byte 0xC0, 0x0F, 0x80, 0x21, 0x49, 0x00, 0x01, 0x41, 0x90, 0x22, 0x92, 0x00, 0xB0, 0x18, 0x01, 0x80
	.byte 0x02, 0x3A, 0xB0, 0x18, 0x01, 0x80, 0x22, 0x32, 0xB0, 0x18, 0x01, 0x80, 0x17, 0x48, 0x32, 0x18
	.byte 0x11, 0x78, 0x11, 0x20, 0x40, 0x42, 0x08, 0x40, 0x40, 0x21, 0x08, 0x43, 0x10, 0x70, 0x14, 0x49
	.byte 0x72, 0x18, 0x10, 0x78, 0x80, 0x21, 0x08, 0x43, 0x10, 0x70, 0x12, 0x49, 0x30, 0x1C, 0x1E, 0xF0
	.byte 0x61, 0xFE, 0x82, 0x22, 0x92, 0x00, 0xB8, 0x18, 0x01, 0x78, 0x10, 0x20, 0x08, 0x40, 0xA0, 0x46
	.byte 0x00, 0x28, 0x06, 0xD1, 0x0C, 0x4C, 0x30, 0x19, 0x01, 0x78, 0x80, 0x20, 0x08, 0x40, 0x00, 0x28
	.byte 0x14, 0xD0, 0xDA, 0x21, 0x89, 0x00, 0x70, 0x18, 0x02, 0x68, 0x12, 0x21, 0x51, 0x56, 0x01, 0x20
	.byte 0x40, 0x42, 0x81, 0x42, 0x19, 0xD1, 0x10, 0x7C, 0x90, 0x74, 0x16, 0xE0, 0x5B, 0x03, 0x00, 0x00
	.byte 0x51, 0x03, 0x00, 0x00, 0x46, 0x10, 0x00, 0x00, 0x52, 0x03, 0x00, 0x00, 0xDA, 0x22, 0x92, 0x00
	.byte 0xB3, 0x18, 0x1A, 0x68, 0x14, 0x7D, 0x14, 0x21, 0x51, 0x56, 0x01, 0x20, 0x40, 0x42, 0x81, 0x42
	.byte 0x00, 0xD0, 0x94, 0x74, 0x19, 0x68, 0x08, 0x7C, 0x08, 0x75, 0xDA, 0x21, 0x89, 0x00, 0x70, 0x18
	.byte 0x02, 0x68, 0x00, 0x20, 0x10, 0x74, 0x69, 0x18, 0x09, 0x68, 0x08, 0x78, 0x01, 0x38, 0x00, 0x06
	.byte 0x00, 0x0E, 0x01, 0x28, 0x02, 0xD8, 0x09, 0x20, 0x48, 0x70, 0x01, 0xE0, 0x09, 0x20, 0x08, 0x70
	.byte 0x43, 0x4C, 0x2A, 0x19, 0x11, 0x78, 0x09, 0x20, 0x40, 0x42, 0x08, 0x40, 0x21, 0x21, 0x49, 0x42
	.byte 0x08, 0x40, 0x10, 0x70, 0x82, 0x26, 0xB6, 0x00, 0xB8, 0x19, 0x01, 0x78, 0x10, 0x20, 0x08, 0x40
	.byte 0x00, 0x28, 0x10, 0xD0, 0x41, 0x46, 0x08, 0x78, 0x40, 0x07, 0xC0, 0x0F, 0x80, 0x21, 0x49, 0x00
	.byte 0x01, 0x41, 0x90, 0x22, 0x92, 0x00, 0xA8, 0x18, 0x01, 0x80, 0x36, 0x4C, 0x28, 0x19, 0x01, 0x80
	.byte 0x58, 0x36, 0xA8, 0x19, 0x01, 0x80
_0802A412:
	.byte 0x34, 0x48, 0x3A, 0x18, 0x11, 0x78, 0x09, 0x20, 0x40, 0x42, 0x08, 0x40, 0x10, 0x70, 0x80, 0x22
	.byte 0x92, 0x00, 0xB9, 0x18, 0x08, 0x68, 0x00, 0x26, 0x86, 0x80, 0x09, 0x68, 0x85, 0x25, 0xAD, 0x00
	.byte 0x49, 0x19, 0x0A, 0x78, 0x08, 0x24, 0x64, 0x42, 0x20, 0x1C, 0x10, 0x40, 0x03, 0x23, 0x18, 0x43
	.byte 0x08, 0x70, 0x82, 0x21, 0x89, 0x00, 0x78, 0x18, 0x01, 0x78, 0x10, 0x20, 0x08, 0x40, 0x00, 0x28
	.byte 0x07, 0xD1, 0x81, 0x22, 0x92, 0x00, 0xB8, 0x18, 0x00, 0x68, 0x04, 0x21, 0x40, 0x5E, 0x0C, 0x28
	.byte 0x0B, 0xDD, 0x81, 0x22, 0x92, 0x00, 0xB9, 0x18, 0x08, 0x68, 0x86, 0x80, 0x09, 0x68, 0x49, 0x19
	.byte 0x0A, 0x78, 0x20, 0x1C, 0x10, 0x40, 0x18, 0x43, 0x08, 0x70, 0x80, 0x24, 0xA4, 0x00, 0x3E, 0x19
	.byte 0x30, 0x68, 0xDB, 0x24, 0xA4, 0x00, 0x00, 0x19, 0x00, 0x68, 0xF6, 0xF7, 0x58, 0xFC, 0x81, 0x20
	.byte 0x80, 0x00, 0x3D, 0x18, 0x28, 0x68, 0x00, 0x19, 0x00, 0x68, 0xF6, 0xF7, 0x50, 0xFC, 0x31, 0x68
	.byte 0x38, 0x1C, 0x00, 0x22, 0x00, 0x23, 0x03, 0xF0, 0x84, 0xFC, 0x29, 0x68, 0x82, 0x22, 0x92, 0x00
	.byte 0xB8, 0x18, 0x02, 0x78, 0xD2, 0x06, 0xD2, 0x0F, 0x38, 0x1C, 0x00, 0x23, 0x03, 0xF0, 0x79, 0xFC
	.byte 0x38, 0x1C, 0x00, 0x21, 0x03, 0xF0, 0x5B, 0xFD, 0x04, 0xB0, 0x38, 0xBC, 0x98, 0x46, 0xA1, 0x46
	.byte 0xAA, 0x46, 0xF0, 0xBC, 0x01, 0xBC, 0x00, 0x47, 0x00, 0x00, 0x5B, 0x03, 0x00, 0x00, 0x3E, 0x02
	.byte 0x00, 0x00, 0x0A, 0x02, 0x00, 0x00
	thumb_func_start sub_802A4E8
sub_802A4E8:
	push {r4, r5, r6, r7, lr}
	adds r1, r0, #0x0
	movs r2, #0x81
	lsls r2, r2, #0x02
	adds r0, r1, r2
	ldr r2, [r0, #0x00]
	ldrb r0, [r2, #0x02]
	lsrs r3, r0, #0x05
	mov r12, r3
	movs r4, #0x80
	lsls r4, r4, #0x02
	adds r0, r1, r4
	ldr r5, [r0, #0x00]
	ldr r7, _0802A558 @ =0x00000353
	adds r0, r5, r7
	ldrb r6, [r0, #0x00]
	movs r4, #0x30
	ands r4, r6
	cmp r4, #0x00
	beq _0802A5B8
	adds r0, r5, #0x0
	adds r0, #0x26
	ldrb r0, [r0, #0x00]
	movs r1, #0x0C
	ands r1, r0
	cmp r1, #0x0C
	bne _0802A5B0
	cmp r4, #0x10
	bne _0802A56C
	adds r0, r2, #0x0
	adds r0, #0x26
	ldrb r0, [r0, #0x00]
	ands r1, r0
	cmp r1, #0x0C
	bne _0802A5F4
	movs r1, #0x97
	lsls r1, r1, #0x02
	adds r0, r5, r1
	ldr r1, [r0, #0x00]
	movs r0, #0x01
	negs r0, r0
	cmp r1, r0
	bne _0802A55C
	cmp r3, #0x06
	beq _0802A5F4
	cmp r3, #0x02
	beq _0802A5F4
	adds r2, r2, r7
	ldrb r1, [r2, #0x00]
	movs r0, #0x31
	negs r0, r0
	ands r0, r1
	movs r1, #0x10
	orrs r0, r1
	b _0802A5FE
	.byte 0x00, 0x00
_0802A558: .4byte 0x00000353
_0802A55C:
	cmp r3, #0x06
	beq _0802A564
	cmp r3, #0x02
	bne _0802A5D8
_0802A564:
	adds r3, r2, r7
	movs r1, #0x30
	ands r1, r6
	b _0802A5E6
_0802A56C:
	adds r0, r2, #0x0
	adds r0, #0x26
	ldrb r0, [r0, #0x00]
	ands r1, r0
	cmp r1, #0x0C
	bne _0802A5A0
	cmp r3, #0x06
	beq _0802A580
	cmp r3, #0x02
	bne _0802A590
_0802A580:
	adds r2, r2, r7
	ldrb r1, [r2, #0x00]
	movs r0, #0x31
	negs r0, r0
	ands r0, r1
	movs r1, #0x10
	orrs r0, r1
	b _0802A5FE
_0802A590:
	adds r2, r2, r7
	ldrb r1, [r2, #0x00]
	movs r0, #0x31
	negs r0, r0
	ands r0, r1
	movs r1, #0x20
	orrs r0, r1
	b _0802A5FE
_0802A5A0:
	adds r2, r2, r7
	ldrb r1, [r2, #0x00]
	movs r0, #0x31
	negs r0, r0
	ands r0, r1
	movs r1, #0x10
	orrs r0, r1
	b _0802A5FE
_0802A5B0:
	adds r3, r2, r7
	movs r1, #0x30
	ands r1, r6
	b _0802A5E6
_0802A5B8:
	adds r0, r2, #0x0
	adds r0, #0x26
	ldrb r1, [r0, #0x00]
	movs r0, #0x0C
	ands r0, r1
	cmp r0, #0x0C
	bne _0802A5F4
	mov r4, r12
	cmp r4, #0x06
	beq _0802A5D0
	cmp r4, #0x02
	bne _0802A5D8
_0802A5D0:
	adds r3, r2, r7
	movs r1, #0x30
	ands r1, r6
	b _0802A5E6
_0802A5D8:
	lsls r1, r6, #0x1A
	lsrs r1, r1, #0x1E
	adds r1, #0x01
	adds r3, r2, r7
	movs r0, #0x03
	ands r1, r0
	lsls r1, r1, #0x04
_0802A5E6:
	ldrb r2, [r3, #0x00]
	movs r0, #0x31
	negs r0, r0
	ands r0, r2
	orrs r0, r1
	strb r0, [r3, #0x00]
	b _0802A600
_0802A5F4:
	adds r2, r2, r7
	ldrb r1, [r2, #0x00]
	movs r0, #0x31
	negs r0, r0
	ands r0, r1
_0802A5FE:
	strb r0, [r2, #0x00]
_0802A600:
	pop {r4, r5, r6, r7}
	pop {r0}
	bx r0
	.byte 0x00, 0x00
	thumb_func_start sub_802A608
sub_802A608:
	push {r4, r5, r6, lr}
	adds r4, r0, #0x0
	movs r1, #0x80
	lsls r1, r1, #0x02
	adds r0, r4, r1
	ldr r3, [r0, #0x00]
	movs r1, #0xD6
	lsls r1, r1, #0x02
	adds r0, r3, r1
	ldrb r1, [r0, #0x00]
	movs r0, #0x08
	ands r0, r1
	cmp r0, #0x00
	bne _0802A636
	ldr r0, _0802A668 @ =0x0300034C
	adds r0, #0x78
	ldrh r1, [r0, #0x00]
	lsls r1, r1, #0x16
	lsrs r1, r1, #0x16
	movs r0, #0xF3
	ands r0, r1
	cmp r0, #0xF3
	beq _0802A670
_0802A636:
	ldr r5, _0802A66C @ =0x0000035A
	adds r0, r3, r5
	ldrb r1, [r0, #0x00]
	movs r6, #0x04
	adds r0, r6, #0x0
	ands r0, r1
	cmp r0, #0x00
	beq _0802A64C
	adds r0, r3, #0x0
	bl sub_80492DC
_0802A64C:
	movs r1, #0x81
	lsls r1, r1, #0x02
	adds r0, r4, r1
	ldr r2, [r0, #0x00]
	adds r0, r2, r5
	ldrb r1, [r0, #0x00]
	adds r0, r6, #0x0
	ands r0, r1
	cmp r0, #0x00
	beq _0802A734
	adds r0, r2, #0x0
	bl sub_80492DC
	b _0802A734
_0802A668: .4byte 0x0300034C
_0802A66C: .4byte 0x0000035A
_0802A670:
	ldr r1, _0802A6A8 @ =0x0000035B
	adds r0, r3, r1
	ldrb r1, [r0, #0x00]
	movs r0, #0x78
	ands r0, r1
	cmp r0, #0x00
	bne _0802A6B0
	movs r1, #0x04
	ldsh r0, [r3, r1]
	cmp r0, #0x00
	bne _0802A6B0
	ldr r0, _0802A6AC @ =0x03000FF4
	ldr r2, [r0, #0x00]
	adds r0, r3, #0x0
	adds r0, #0x54
	ldrb r1, [r0, #0x00]
	lsls r0, r1, #0x04
	subs r0, r0, r1
	lsls r0, r0, #0x02
	adds r2, r2, r0
	ldrh r0, [r2, #0x0E]
	cmp r0, #0x01
	bhi _0802A6B0
	adds r0, r3, #0x0
	bl sub_804FD3C
	b _0802A6CC
	.byte 0x00, 0x00
_0802A6A8: .4byte 0x0000035B
_0802A6AC: .4byte 0x03000FF4
_0802A6B0:
	movs r1, #0x80
	lsls r1, r1, #0x02
	adds r0, r4, r1
	ldr r2, [r0, #0x00]
	ldr r1, _0802A70C @ =0x0000035A
	adds r0, r2, r1
	ldrb r1, [r0, #0x00]
	movs r0, #0x04
	ands r0, r1
	cmp r0, #0x00
	beq _0802A6CC
	adds r0, r2, #0x0
	bl sub_80492DC
_0802A6CC:
	movs r1, #0x81
	lsls r1, r1, #0x02
	adds r0, r4, r1
	ldr r3, [r0, #0x00]
	ldr r1, _0802A710 @ =0x0000035B
	adds r0, r3, r1
	ldrb r1, [r0, #0x00]
	movs r0, #0x78
	ands r0, r1
	cmp r0, #0x00
	bne _0802A718
	movs r1, #0x04
	ldsh r0, [r3, r1]
	cmp r0, #0x00
	bne _0802A718
	ldr r0, _0802A714 @ =0x03000FF4
	ldr r2, [r0, #0x00]
	adds r0, r3, #0x0
	adds r0, #0x54
	ldrb r1, [r0, #0x00]
	lsls r0, r1, #0x04
	subs r0, r0, r1
	lsls r0, r0, #0x02
	adds r2, r2, r0
	ldrh r0, [r2, #0x0E]
	cmp r0, #0x01
	bhi _0802A718
	adds r0, r3, #0x0
	bl sub_804FD3C
	b _0802A734
	.byte 0x00, 0x00
_0802A70C: .4byte 0x0000035A
_0802A710: .4byte 0x0000035B
_0802A714: .4byte 0x03000FF4
_0802A718:
	movs r1, #0x81
	lsls r1, r1, #0x02
	adds r0, r4, r1
	ldr r2, [r0, #0x00]
	ldr r1, _0802A73C @ =0x0000035A
	adds r0, r2, r1
	ldrb r1, [r0, #0x00]
	movs r0, #0x04
	ands r0, r1
	cmp r0, #0x00
	beq _0802A734
	adds r0, r2, #0x0
	bl sub_80492DC
_0802A734:
	pop {r4, r5, r6}
	pop {r0}
	bx r0
	.byte 0x00, 0x00
_0802A73C: .4byte 0x0000035A
	thumb_func_start sub_802A740
sub_802A740:
	push {r4, r5, r6, r7, lr}
	mov r7, r10
	mov r6, r9
	mov r5, r8
	push {r5, r6, r7}
	add sp, #-0x008
	adds r6, r0, #0x0
	ldr r0, _0802A79C @ =0x03000FC0
	ldr r0, [r0, #0x00]
	movs r1, #0xE3
	lsls r1, r1, #0x02
	adds r0, r0, r1
	ldr r2, _0802A7A0 @ =0x000002A2
	movs r1, #0x00
	bl sub_80E98C0
	lsls r0, r0, #0x18
	cmp r0, #0x00
	beq _0802A7A4
	movs r2, #0x80
	lsls r2, r2, #0x02
	adds r0, r6, r2
	ldr r0, [r0, #0x00]
	movs r4, #0xDA
	lsls r4, r4, #0x02
	adds r0, r0, r4
	ldr r3, [r0, #0x00]
	ldrb r2, [r3, #0x16]
	movs r5, #0x7F
	movs r1, #0x80
	negs r1, r1
	adds r0, r1, #0x0
	ands r0, r2
	orrs r0, r5
	strb r0, [r3, #0x16]
	movs r3, #0x81
	lsls r3, r3, #0x02
	adds r0, r6, r3
	ldr r0, [r0, #0x00]
	adds r0, r0, r4
	ldr r2, [r0, #0x00]
	ldrb r0, [r2, #0x16]
	ands r1, r0
	orrs r1, r5
	b _0802A7D0
	.byte 0x00, 0x00
_0802A79C: .4byte 0x03000FC0
_0802A7A0: .4byte 0x000002A2
_0802A7A4:
	movs r4, #0x80
	lsls r4, r4, #0x02
	adds r0, r6, r4
	ldr r0, [r0, #0x00]
	movs r4, #0xDA
	lsls r4, r4, #0x02
	adds r0, r0, r4
	ldr r3, [r0, #0x00]
	ldrb r2, [r3, #0x16]
	movs r1, #0x80
	negs r1, r1
	adds r0, r1, #0x0
	ands r0, r2
	strb r0, [r3, #0x16]
	movs r5, #0x81
	lsls r5, r5, #0x02
	adds r0, r6, r5
	ldr r0, [r0, #0x00]
	adds r0, r0, r4
	ldr r2, [r0, #0x00]
	ldrb r0, [r2, #0x16]
	ands r1, r0
_0802A7D0:
	strb r1, [r2, #0x16]
	movs r7, #0xAE
	lsls r7, r7, #0x02
	adds r0, r6, r7
	ldrb r1, [r0, #0x00]
	lsrs r0, r1, #0x04
	str r0, [sp, #0x004]
	movs r0, #0x01
	ldr r2, [sp, #0x004]
	ands r2, r0
	str r2, [sp, #0x004]
	movs r3, #0x95
	lsls r3, r3, #0x01
	adds r0, r6, r3
	ldrb r0, [r0, #0x00]
	movs r4, #0xFB
	adds r4, r4, r6
	mov r10, r4
	cmp r0, #0x00
	beq _0802A8DE
	movs r5, #0x10
	mov r8, r5
	mov r0, r8
	ands r0, r1
	adds r5, r6, #0x0
	adds r5, #0x28
	cmp r0, #0x00
	beq _0802A894
	adds r0, r6, #0x0
	bl sub_802F498
	subs r7, #0xB8
	adds r0, r6, r7
	ldr r2, [r0, #0x00]
	ldr r4, _0802A974 @ =0x00000353
	adds r0, r2, r4
	ldrb r1, [r0, #0x00]
	movs r7, #0x02
	adds r0, r7, #0x0
	ands r0, r1
	cmp r0, #0x00
	bne _0802A83A
	mov r0, r10
	ldrb r3, [r0, #0x00]
	lsrs r3, r3, #0x02
	movs r0, #0x01
	eors r3, r0
	ands r3, r0
	adds r0, r2, #0x0
	adds r1, r5, #0x0
	movs r2, #0x00
	bl sub_804FB64
_0802A83A:
	movs r1, #0x82
	lsls r1, r1, #0x02
	adds r0, r6, r1
	ldrb r1, [r0, #0x00]
	mov r0, r8
	ands r0, r1
	cmp r0, #0x00
	beq _0802A874
	movs r2, #0x81
	lsls r2, r2, #0x02
	adds r0, r6, r2
	ldr r2, [r0, #0x00]
	adds r0, r2, r4
	ldrb r1, [r0, #0x00]
	adds r0, r7, #0x0
	ands r0, r1
	cmp r0, #0x00
	bne _0802A874
	mov r4, r10
	ldrb r3, [r4, #0x00]
	lsrs r3, r3, #0x02
	movs r0, #0x01
	eors r3, r0
	ands r3, r0
	adds r0, r2, #0x0
	adds r1, r5, #0x0
	movs r2, #0x00
	bl sub_804FB64
_0802A874:
	movs r7, #0x81
	lsls r7, r7, #0x02
	adds r0, r6, r7
	ldr r1, [r0, #0x00]
	ldr r0, [r1, #0x40]
	cmp r0, #0x00
	bge _0802A894
	ldr r0, [r1, #0x18]
	cmp r0, #0x00
	bne _0802A894
	movs r2, #0x80
	lsls r2, r2, #0x02
	adds r0, r6, r2
	ldr r0, [r0, #0x00]
	ldr r0, [r0, #0x18]
	str r0, [r1, #0x18]
_0802A894:
	movs r4, #0x02
	ldr r3, _0802A978 @ =0x0000010B
	adds r0, r6, r3
	ldrb r0, [r0, #0x00]
	cmp r4, r0
	bge _0802A8C2
	mov r8, r5
	movs r7, #0x08
	adds r7, r7, r5
	mov r9, r7
	adds r7, r6, r3
_0802A8AA:
	mov r1, r9
	adds r1, #0x04
	mov r9, r1
	subs r1, #0x04
	ldm r1!, {r0}
	mov r1, r8
	bl sub_80418E8
	adds r4, #0x01
	ldrb r2, [r7, #0x00]
	cmp r4, r2
	blt _0802A8AA
_0802A8C2:
	adds r0, r6, #0x0
	bl sub_802563C
	adds r0, r6, #0x0
	bl sub_8025ACC
	ldr r0, [r5, #0x00]
	adds r1, r5, #0x0
	bl sub_80418E8
	ldr r0, [r5, #0x04]
	adds r1, r5, #0x0
	bl sub_80418E8
_0802A8DE:
	mov r3, r10
	ldrb r1, [r3, #0x00]
	movs r0, #0x04
	ands r0, r1
	cmp r0, #0x00
	bne _0802A8EC
	b _0802AA38
_0802A8EC:
	movs r7, #0x80
	lsls r7, r7, #0x02
	adds r5, r6, r7
	ldr r2, [r5, #0x00]
	ldr r4, _0802A97C @ =0x000002B5
	adds r0, r2, r4
	ldrb r1, [r0, #0x00]
	movs r4, #0x0F
	adds r0, r4, #0x0
	ands r0, r1
	cmp r0, #0x00
	beq _0802A906
	b _0802AA38
_0802A906:
	movs r0, #0x81
	lsls r0, r0, #0x02
	adds r3, r6, r0
	ldr r0, [r3, #0x00]
	ldr r1, _0802A97C @ =0x000002B5
	adds r0, r0, r1
	ldrb r1, [r0, #0x00]
	adds r0, r4, #0x0
	ands r0, r1
	cmp r0, #0x00
	beq _0802A91E
	b _0802AA38
_0802A91E:
	movs r4, #0x04
	ldsh r0, [r2, r4]
	cmp r0, #0x01
	bgt _0802A936
	movs r0, #0xD7
	lsls r0, r0, #0x02
	adds r1, r2, r0
	ldr r0, [r2, #0x14]
	movs r2, #0xF0
	lsls r2, r2, #0x05
	adds r0, r0, r2
	str r0, [r1, #0x00]
_0802A936:
	ldr r2, [r3, #0x00]
	movs r4, #0x04
	ldsh r0, [r2, r4]
	cmp r0, #0x01
	bgt _0802A950
	movs r0, #0xD7
	lsls r0, r0, #0x02
	adds r1, r2, r0
	ldr r0, [r2, #0x14]
	movs r2, #0xF0
	lsls r2, r2, #0x05
	adds r0, r0, r2
	str r0, [r1, #0x00]
_0802A950:
	ldr r2, [r5, #0x00]
	movs r4, #0x04
	ldsh r0, [r2, r4]
	cmp r0, #0x04
	bne _0802A980
	ldr r0, [r3, #0x00]
	movs r5, #0x04
	ldsh r0, [r0, r5]
	cmp r0, #0x04
	bne _0802A980
	movs r1, #0x98
	lsls r1, r1, #0x02
	adds r0, r2, r1
	strh r7, [r0, #0x00]
	ldr r0, [r3, #0x00]
	adds r0, r0, r1
	strh r7, [r0, #0x00]
	b _0802A9B8
_0802A974: .4byte 0x00000353
_0802A978: .4byte 0x0000010B
_0802A97C: .4byte 0x000002B5
_0802A980:
	movs r7, #0x80
	lsls r7, r7, #0x02
	adds r0, r6, r7
	ldr r1, [r0, #0x00]
	movs r2, #0x04
	ldsh r0, [r1, r2]
	cmp r0, #0x01
	ble _0802A9A0
	movs r3, #0x81
	lsls r3, r3, #0x02
	adds r0, r6, r3
	ldr r0, [r0, #0x00]
	movs r4, #0x04
	ldsh r0, [r0, r4]
	cmp r0, #0x01
	bgt _0802A9B8
_0802A9A0:
	movs r2, #0x98
	lsls r2, r2, #0x02
	adds r0, r1, r2
	movs r1, #0x80
	lsls r1, r1, #0x01
	strh r1, [r0, #0x00]
	movs r5, #0x81
	lsls r5, r5, #0x02
	adds r0, r6, r5
	ldr r0, [r0, #0x00]
	adds r0, r0, r2
	strh r1, [r0, #0x00]
_0802A9B8:
	movs r7, #0x80
	lsls r7, r7, #0x02
	adds r3, r6, r7
	ldr r0, [r3, #0x00]
	ldr r1, _0802A9F8 @ =0x0000023E
	mov r8, r1
	adds r1, r0, r1
	movs r5, #0x98
	lsls r5, r5, #0x02
	adds r0, r0, r5
	ldrh r4, [r1, #0x00]
	movs r7, #0x00
	ldsh r2, [r1, r7]
	movs r7, #0x00
	ldsh r0, [r0, r7]
	cmp r2, r0
	bge _0802A9FC
	adds r0, r4, #0x0
	adds r0, #0x10
	strh r0, [r1, #0x00]
	ldr r0, [r3, #0x00]
	ldr r1, _0802A9F8 @ =0x0000023E
	adds r2, r0, r1
	adds r0, r0, r5
	movs r3, #0x00
	ldsh r1, [r2, r3]
	ldrh r3, [r0, #0x00]
	movs r4, #0x00
	ldsh r0, [r0, r4]
	cmp r1, r0
	ble _0802AA1E
	b _0802AA1C
_0802A9F8: .4byte 0x0000023E
_0802A9FC:
	cmp r2, r0
	ble _0802AA1E
	adds r0, r4, #0x0
	subs r0, #0x08
	strh r0, [r1, #0x00]
	ldr r0, [r3, #0x00]
	mov r7, r8
	adds r2, r0, r7
	adds r0, r0, r5
	movs r3, #0x00
	ldsh r1, [r2, r3]
	ldrh r3, [r0, #0x00]
	movs r4, #0x00
	ldsh r0, [r0, r4]
	cmp r1, r0
	bge _0802AA1E
_0802AA1C:
	strh r3, [r2, #0x00]
_0802AA1E:
	movs r5, #0x81
	lsls r5, r5, #0x02
	adds r0, r6, r5
	ldr r1, [r0, #0x00]
	movs r7, #0x80
	lsls r7, r7, #0x02
	adds r0, r6, r7
	ldr r0, [r0, #0x00]
	ldr r2, _0802AA84 @ =0x0000023E
	adds r0, r0, r2
	ldrh r0, [r0, #0x00]
	adds r1, r1, r2
	strh r0, [r1, #0x00]
_0802AA38:
	movs r1, #0x95
	lsls r1, r1, #0x01
	adds r0, r6, r1
	ldrb r1, [r0, #0x00]
	subs r0, r1, #0x1
	lsls r0, r0, #0x18
	lsrs r0, r0, #0x18
	cmp r0, #0x04
	bls _0802AA64
	adds r0, r1, #0x0
	cmp r0, #0x0A
	beq _0802AA64
	cmp r0, #0x0B
	beq _0802AA64
	cmp r0, #0x0C
	beq _0802AA64
	cmp r0, #0x0D
	beq _0802AA64
	cmp r0, #0x0E
	beq _0802AA64
	bl _0802B57C
_0802AA64:
	movs r2, #0x80
	lsls r2, r2, #0x02
	adds r0, r6, r2
	ldr r0, [r0, #0x00]
	ldrh r0, [r0, #0x04]
	subs r0, #0x05
	lsls r0, r0, #0x10
	asrs r0, r0, #0x10
	cmp r0, #0x43
	bls _0802AA7A
	b _0802ABAC
_0802AA7A:
	lsls r0, r0, #0x02
	ldr r1, _0802AA88 @ =0x0802AA8C
	adds r0, r0, r1
	ldr r0, [r0, #0x00]
	mov pc, r0
_0802AA84: .4byte 0x0000023E
_0802AA88: .4byte 0x0802AA8C
	.byte 0x9C, 0xAB, 0x02, 0x08, 0x9C, 0xAB, 0x02, 0x08, 0x9C, 0xAB, 0x02, 0x08, 0x9C, 0xAB, 0x02, 0x08
	.byte 0x9C, 0xAB, 0x02, 0x08, 0x9C, 0xAB, 0x02, 0x08, 0x9C, 0xAB, 0x02, 0x08, 0x9C, 0xAB, 0x02, 0x08
	.byte 0xAC, 0xAB, 0x02, 0x08, 0xAC, 0xAB, 0x02, 0x08, 0xAC, 0xAB, 0x02, 0x08, 0xAC, 0xAB, 0x02, 0x08
	.byte 0xAC, 0xAB, 0x02, 0x08, 0xAC, 0xAB, 0x02, 0x08, 0xAC, 0xAB, 0x02, 0x08, 0xAC, 0xAB, 0x02, 0x08
	.byte 0xAC, 0xAB, 0x02, 0x08, 0xAC, 0xAB, 0x02, 0x08, 0xAC, 0xAB, 0x02, 0x08, 0xAC, 0xAB, 0x02, 0x08
	.byte 0xAC, 0xAB, 0x02, 0x08, 0xAC, 0xAB, 0x02, 0x08, 0xAC, 0xAB, 0x02, 0x08, 0xAC, 0xAB, 0x02, 0x08
	.byte 0xAC, 0xAB, 0x02, 0x08, 0xAC, 0xAB, 0x02, 0x08, 0xAC, 0xAB, 0x02, 0x08, 0xAC, 0xAB, 0x02, 0x08
	.byte 0xAC, 0xAB, 0x02, 0x08, 0xAC, 0xAB, 0x02, 0x08, 0xAC, 0xAB, 0x02, 0x08, 0xAC, 0xAB, 0x02, 0x08
	.byte 0xAC, 0xAB, 0x02, 0x08, 0xAC, 0xAB, 0x02, 0x08, 0xAC, 0xAB, 0x02, 0x08, 0xAC, 0xAB, 0x02, 0x08
	.byte 0xAC, 0xAB, 0x02, 0x08, 0xAC, 0xAB, 0x02, 0x08, 0xAC, 0xAB, 0x02, 0x08, 0xAC, 0xAB, 0x02, 0x08
	.byte 0xAC, 0xAB, 0x02, 0x08, 0xAC, 0xAB, 0x02, 0x08, 0xAC, 0xAB, 0x02, 0x08, 0xAC, 0xAB, 0x02, 0x08
	.byte 0xAC, 0xAB, 0x02, 0x08, 0xAC, 0xAB, 0x02, 0x08, 0xAC, 0xAB, 0x02, 0x08, 0xAC, 0xAB, 0x02, 0x08
	.byte 0xAC, 0xAB, 0x02, 0x08, 0xAC, 0xAB, 0x02, 0x08, 0xAC, 0xAB, 0x02, 0x08, 0xAC, 0xAB, 0x02, 0x08
	.byte 0xAC, 0xAB, 0x02, 0x08, 0x9C, 0xAB, 0x02, 0x08, 0xAC, 0xAB, 0x02, 0x08, 0xAC, 0xAB, 0x02, 0x08
	.byte 0xAC, 0xAB, 0x02, 0x08, 0x9C, 0xAB, 0x02, 0x08, 0x9C, 0xAB, 0x02, 0x08, 0xAC, 0xAB, 0x02, 0x08
	.byte 0xAC, 0xAB, 0x02, 0x08, 0xAC, 0xAB, 0x02, 0x08, 0xAC, 0xAB, 0x02, 0x08, 0xAC, 0xAB, 0x02, 0x08
	.byte 0xAC, 0xAB, 0x02, 0x08, 0x9C, 0xAB, 0x02, 0x08, 0x9C, 0xAB, 0x02, 0x08, 0x9C, 0xAB, 0x02, 0x08
	.byte 0x80, 0x23, 0x9B, 0x00, 0xF0, 0x18, 0x01, 0x68, 0x30, 0x1C, 0x01, 0xF0, 0xE5, 0xFD, 0x64, 0xE0
_0802ABAC:
	adds r0, r6, #0x0
	adds r0, #0xD0
	ldr r1, [r0, #0x00]
	adds r0, r6, #0x0
	bl sub_802C068
	movs r4, #0x80
	lsls r4, r4, #0x02
	adds r0, r6, r4
	ldr r3, [r0, #0x00]
	ldrh r0, [r3, #0x04]
	subs r0, #0x03
	lsls r0, r0, #0x10
	lsrs r0, r0, #0x10
	cmp r0, #0x01
	bhi _0802ABEE
	mov r5, r10
	ldrb r1, [r5, #0x00]
	movs r0, #0x04
	ands r0, r1
	movs r2, #0x00
	cmp r0, #0x00
	beq _0802ABDC
	ldr r2, _0802AD0C @ =0xFFFFFE00
_0802ABDC:
	cmp r2, #0x00
	beq _0802ABEE
	movs r7, #0x96
	lsls r7, r7, #0x02
	adds r1, r3, r7
	ldr r0, [r1, #0x00]
	cmp r0, r2
	bge _0802ABEE
	str r2, [r1, #0x00]
_0802ABEE:
	movs r0, #0x80
	lsls r0, r0, #0x02
	adds r4, r6, r0
	ldr r0, [r4, #0x00]
	adds r1, r6, #0x0
	adds r1, #0x28
	bl sub_804FE68
	ldr r2, [r4, #0x00]
	movs r1, #0x04
	ldsh r0, [r2, r1]
	cmp r0, #0x04
	bne _0802AC76
	ldr r3, _0802AD10 @ =0x000002B5
	adds r0, r2, r3
	ldrb r1, [r0, #0x00]
	movs r0, #0x0F
	ands r0, r1
	cmp r0, #0x00
	bne _0802AC76
	subs r3, #0xA1
	adds r0, r2, r3
	ldrb r1, [r0, #0x00]
	movs r0, #0x07
	ands r0, r1
	cmp r0, #0x04
	bne _0802AC58
	movs r5, #0xA5
	lsls r5, r5, #0x02
	adds r0, r2, r5
	ldr r0, [r0, #0x00]
	ldrb r1, [r0, #0x12]
	movs r0, #0x08
	ands r0, r1
	cmp r0, #0x00
	beq _0802AC58
	ldr r7, _0802AD14 @ =0x00000355
	adds r1, r2, r7
	ldrb r0, [r1, #0x00]
	subs r0, #0x01
	strb r0, [r1, #0x00]
	lsls r0, r0, #0x18
	cmp r0, #0x00
	bne _0802AC58
	ldr r2, [r4, #0x00]
	adds r2, r2, r3
	ldrb r1, [r2, #0x00]
	movs r0, #0x08
	negs r0, r0
	ands r0, r1
	movs r1, #0x05
	orrs r0, r1
	strb r0, [r2, #0x00]
_0802AC58:
	movs r1, #0x80
	lsls r1, r1, #0x02
	adds r0, r6, r1
	ldr r2, [r0, #0x00]
	ldr r3, [r2, #0x14]
	ldr r0, [r2, #0x18]
	adds r0, r3, r0
	movs r4, #0xD7
	lsls r4, r4, #0x02
	adds r1, r2, r4
	ldr r1, [r1, #0x00]
	cmp r0, r1
	ble _0802AC76
	subs r0, r1, r3
	str r0, [r2, #0x18]
_0802AC76:
	movs r5, #0xAE
	lsls r5, r5, #0x02
	adds r0, r6, r5
	ldrb r1, [r0, #0x00]
	movs r0, #0x10
	ands r0, r1
	cmp r0, #0x00
	bne _0802AC94
	movs r7, #0x80
	lsls r7, r7, #0x02
	adds r0, r6, r7
	ldr r1, [r0, #0x00]
	adds r0, r6, #0x0
	bl sub_802B654
_0802AC94:
	movs r0, #0x80
	lsls r0, r0, #0x02
	adds r4, r6, r0
	ldr r2, [r4, #0x00]
	ldr r1, _0802AD18 @ =0x0000035B
	adds r0, r2, r1
	ldrb r1, [r0, #0x00]
	movs r0, #0x08
	ands r0, r1
	cmp r0, #0x00
	beq _0802AD60
	movs r3, #0x04
	ldsh r0, [r2, r3]
	cmp r0, #0x04
	bgt _0802AD60
	adds r0, r6, #0x0
	adds r1, r2, #0x0
	bl sub_80261C0
	adds r5, r0, #0x0
	movs r0, #0x01
	negs r0, r0
	cmp r5, r0
	beq _0802AD3C
	ldr r3, [r4, #0x00]
	movs r4, #0xDB
	lsls r4, r4, #0x02
	adds r0, r3, r4
	ldr r2, [r0, #0x00]
	ldrb r1, [r2, #0x12]
	movs r0, #0x20
	ands r0, r1
	cmp r0, #0x00
	bne _0802ACDE
	ldrh r0, [r2, #0x16]
	cmp r0, #0x54
	beq _0802ACEE
_0802ACDE:
	adds r0, r3, #0x0
	bl sub_80497A8
	movs r0, #0x00
	movs r1, #0x1E
	movs r2, #0x00
	bl sub_801ABE8
_0802ACEE:
	movs r0, #0x80
	ands r0, r5
	cmp r0, #0x00
	beq _0802AD1C
	movs r5, #0x80
	lsls r5, r5, #0x02
	adds r3, r6, r5
	ldr r0, [r3, #0x00]
	movs r2, #0xDB
	lsls r2, r2, #0x02
	adds r0, r0, r2
	ldr r0, [r0, #0x00]
	movs r1, #0xB3
	b _0802AD30
	.byte 0x00, 0x00
_0802AD0C: .4byte 0xFFFFFE00
_0802AD10: .4byte 0x000002B5
_0802AD14: .4byte 0x00000355
_0802AD18: .4byte 0x0000035B
_0802AD1C:
	movs r7, #0x80
	lsls r7, r7, #0x02
	adds r3, r6, r7
	ldr r0, [r3, #0x00]
	movs r2, #0xDB
	lsls r2, r2, #0x02
	adds r0, r0, r2
	ldr r0, [r0, #0x00]
	movs r1, #0x80
	lsls r1, r1, #0x01
_0802AD30:
	strh r1, [r0, #0x04]
	ldr r0, [r3, #0x00]
	adds r0, r0, r2
	ldr r0, [r0, #0x00]
	strh r1, [r0, #0x06]
	b _0802AD60
_0802AD3C:
	ldr r0, [r4, #0x00]
	movs r1, #0xDB
	lsls r1, r1, #0x02
	adds r0, r0, r1
	ldr r2, [r0, #0x00]
	ldrb r1, [r2, #0x12]
	movs r0, #0x20
	ands r0, r1
	cmp r0, #0x00
	bne _0802AD60
	ldrh r0, [r2, #0x16]
	cmp r0, #0x54
	bne _0802AD60
	adds r0, r2, #0x0
	bl sub_8020D40
	bl sub_801AD3C
_0802AD60:
	movs r2, #0x80
	lsls r2, r2, #0x02
	adds r5, r6, r2
	ldr r1, [r5, #0x00]
	adds r0, r6, #0x0
	bl sub_803C7D8
	movs r3, #0xAE
	lsls r3, r3, #0x02
	adds r4, r6, r3
	ldrb r1, [r4, #0x00]
	movs r7, #0x10
	adds r0, r7, #0x0
	ands r0, r1
	cmp r0, #0x00
	bne _0802ADCA
	ldr r0, [sp, #0x004]
	cmp r0, #0x00
	bne _0802AD8C
	adds r0, r6, #0x0
	bl sub_802E2F4
_0802AD8C:
	ldrb r1, [r4, #0x00]
	adds r0, r7, #0x0
	ands r0, r1
	cmp r0, #0x00
	bne _0802ADCA
	ldr r2, [r5, #0x00]
	ldr r1, _0802AE18 @ =0x00000353
	adds r0, r2, r1
	ldrb r1, [r0, #0x00]
	movs r0, #0x08
	ands r0, r1
	cmp r0, #0x00
	beq _0802ADCA
	movs r3, #0x97
	lsls r3, r3, #0x02
	adds r0, r2, r3
	ldr r1, [r0, #0x00]
	movs r0, #0x01
	negs r0, r0
	cmp r1, r0
	bne _0802ADCA
	ldr r4, _0802AE1C @ =0x000002B5
	adds r0, r2, r4
	ldrb r1, [r0, #0x00]
	movs r0, #0x07
	ands r0, r1
	cmp r0, #0x00
	bne _0802ADCA
	adds r0, r2, #0x0
	bl sub_804FC30
_0802ADCA:
	movs r5, #0x82
	lsls r5, r5, #0x02
	adds r0, r6, r5
	ldrb r1, [r0, #0x00]
	movs r0, #0x10
	ands r0, r1
	cmp r0, #0x00
	beq _0802AE32
	movs r7, #0x81
	lsls r7, r7, #0x02
	adds r0, r6, r7
	ldr r2, [r0, #0x00]
	movs r1, #0x85
	lsls r1, r1, #0x02
	adds r0, r2, r1
	ldrh r1, [r0, #0x00]
	movs r0, #0xC0
	lsls r0, r0, #0x01
	ands r0, r1
	cmp r0, #0x00
	bne _0802AE32
	movs r3, #0xA5
	lsls r3, r3, #0x02
	adds r0, r2, r3
	ldr r3, [r0, #0x00]
	movs r4, #0x04
	ldsh r0, [r2, r4]
	cmp r0, #0x01
	bne _0802AE20
	adds r5, #0x36
	adds r0, r2, r5
	movs r7, #0x00
	ldsh r0, [r0, r7]
	cmp r0, #0x00
	bge _0802AE12
	adds r0, #0x1F
_0802AE12:
	lsrs r1, r0, #0x05
	b _0802AE26
	.byte 0x00, 0x00
_0802AE18: .4byte 0x00000353
_0802AE1C: .4byte 0x000002B5
_0802AE20:
	mov r1, r10
	ldrb r0, [r1, #0x00]
	lsrs r1, r0, #0x03
_0802AE26:
	adds r0, r3, #0x0
	adds r0, #0x20
	strb r1, [r0, #0x00]
	ldr r3, _0802AE54 @ =0x00000239
	adds r0, r2, r3
	strb r1, [r0, #0x00]
_0802AE32:
	movs r4, #0x81
	lsls r4, r4, #0x02
	adds r0, r6, r4
	ldr r0, [r0, #0x00]
	ldrh r0, [r0, #0x04]
	subs r0, #0x05
	lsls r0, r0, #0x10
	asrs r0, r0, #0x10
	cmp r0, #0x43
	bls _0802AE48
	b _0802AF7C
_0802AE48:
	lsls r0, r0, #0x02
	ldr r1, _0802AE58 @ =0x0802AE5C
	adds r0, r0, r1
	ldr r0, [r0, #0x00]
	mov pc, r0
	.byte 0x00, 0x00
_0802AE54: .4byte 0x00000239
_0802AE58: .4byte 0x0802AE5C
	.byte 0x6C, 0xAF, 0x02, 0x08, 0x6C, 0xAF, 0x02, 0x08, 0x6C, 0xAF, 0x02, 0x08, 0x6C, 0xAF, 0x02, 0x08
	.byte 0x6C, 0xAF, 0x02, 0x08, 0x6C, 0xAF, 0x02, 0x08, 0x6C, 0xAF, 0x02, 0x08, 0x6C, 0xAF, 0x02, 0x08
	.byte 0x7C, 0xAF, 0x02, 0x08, 0x7C, 0xAF, 0x02, 0x08, 0x7C, 0xAF, 0x02, 0x08, 0x7C, 0xAF, 0x02, 0x08
	.byte 0x7C, 0xAF, 0x02, 0x08, 0x7C, 0xAF, 0x02, 0x08, 0x7C, 0xAF, 0x02, 0x08, 0x7C, 0xAF, 0x02, 0x08
	.byte 0x7C, 0xAF, 0x02, 0x08, 0x7C, 0xAF, 0x02, 0x08, 0x7C, 0xAF, 0x02, 0x08, 0x7C, 0xAF, 0x02, 0x08
	.byte 0x7C, 0xAF, 0x02, 0x08, 0x7C, 0xAF, 0x02, 0x08, 0x7C, 0xAF, 0x02, 0x08, 0x7C, 0xAF, 0x02, 0x08
	.byte 0x7C, 0xAF, 0x02, 0x08, 0x7C, 0xAF, 0x02, 0x08, 0x7C, 0xAF, 0x02, 0x08, 0x7C, 0xAF, 0x02, 0x08
	.byte 0x7C, 0xAF, 0x02, 0x08, 0x7C, 0xAF, 0x02, 0x08, 0x7C, 0xAF, 0x02, 0x08, 0x7C, 0xAF, 0x02, 0x08
	.byte 0x7C, 0xAF, 0x02, 0x08, 0x7C, 0xAF, 0x02, 0x08, 0x7C, 0xAF, 0x02, 0x08, 0x7C, 0xAF, 0x02, 0x08
	.byte 0x7C, 0xAF, 0x02, 0x08, 0x7C, 0xAF, 0x02, 0x08, 0x7C, 0xAF, 0x02, 0x08, 0x7C, 0xAF, 0x02, 0x08
	.byte 0x7C, 0xAF, 0x02, 0x08, 0x7C, 0xAF, 0x02, 0x08, 0x7C, 0xAF, 0x02, 0x08, 0x7C, 0xAF, 0x02, 0x08
	.byte 0x7C, 0xAF, 0x02, 0x08, 0x7C, 0xAF, 0x02, 0x08, 0x7C, 0xAF, 0x02, 0x08, 0x7C, 0xAF, 0x02, 0x08
	.byte 0x7C, 0xAF, 0x02, 0x08, 0x7C, 0xAF, 0x02, 0x08, 0x7C, 0xAF, 0x02, 0x08, 0x7C, 0xAF, 0x02, 0x08
	.byte 0x7C, 0xAF, 0x02, 0x08, 0x6C, 0xAF, 0x02, 0x08, 0x7C, 0xAF, 0x02, 0x08, 0x7C, 0xAF, 0x02, 0x08
	.byte 0x7C, 0xAF, 0x02, 0x08, 0x6C, 0xAF, 0x02, 0x08, 0x6C, 0xAF, 0x02, 0x08, 0x7C, 0xAF, 0x02, 0x08
	.byte 0x7C, 0xAF, 0x02, 0x08, 0x7C, 0xAF, 0x02, 0x08, 0x7C, 0xAF, 0x02, 0x08, 0x7C, 0xAF, 0x02, 0x08
	.byte 0x7C, 0xAF, 0x02, 0x08, 0x6C, 0xAF, 0x02, 0x08, 0x6C, 0xAF, 0x02, 0x08, 0x6C, 0xAF, 0x02, 0x08
	.byte 0x81, 0x25, 0xAD, 0x00, 0x70, 0x19, 0x01, 0x68, 0x30, 0x1C, 0x01, 0xF0, 0xFD, 0xFB, 0x61, 0xE0
_0802AF7C:
	adds r0, r6, #0x0
	bl sub_802C208
	movs r7, #0x81
	lsls r7, r7, #0x02
	adds r0, r6, r7
	ldr r3, [r0, #0x00]
	ldrh r0, [r3, #0x04]
	subs r0, #0x03
	lsls r0, r0, #0x10
	lsrs r0, r0, #0x10
	cmp r0, #0x01
	bhi _0802AFB8
	mov r0, r10
	ldrb r1, [r0, #0x00]
	movs r0, #0x04
	ands r0, r1
	movs r2, #0x00
	cmp r0, #0x00
	beq _0802AFA6
	ldr r2, _0802B0A4 @ =0xFFFFFE00
_0802AFA6:
	cmp r2, #0x00
	beq _0802AFB8
	movs r4, #0x96
	lsls r4, r4, #0x02
	adds r1, r3, r4
	ldr r0, [r1, #0x00]
	cmp r0, r2
	bge _0802AFB8
	str r2, [r1, #0x00]
_0802AFB8:
	movs r5, #0x81
	lsls r5, r5, #0x02
	adds r4, r6, r5
	ldr r0, [r4, #0x00]
	adds r1, r6, #0x0
	adds r1, #0x28
	bl sub_804FE68
	ldr r2, [r4, #0x00]
	movs r7, #0x04
	ldsh r0, [r2, r7]
	cmp r0, #0x04
	bne _0802B040
	ldr r1, _0802B0A8 @ =0x000002B5
	adds r0, r2, r1
	ldrb r1, [r0, #0x00]
	movs r0, #0x0F
	ands r0, r1
	cmp r0, #0x00
	bne _0802B040
	movs r3, #0x85
	lsls r3, r3, #0x02
	adds r0, r2, r3
	ldrb r1, [r0, #0x00]
	movs r0, #0x07
	ands r0, r1
	cmp r0, #0x04
	bne _0802B022
	adds r5, #0x90
	adds r0, r2, r5
	ldr r0, [r0, #0x00]
	ldrb r1, [r0, #0x12]
	movs r0, #0x08
	ands r0, r1
	cmp r0, #0x00
	beq _0802B022
	ldr r7, _0802B0AC @ =0x00000355
	adds r1, r2, r7
	ldrb r0, [r1, #0x00]
	subs r0, #0x01
	strb r0, [r1, #0x00]
	lsls r0, r0, #0x18
	cmp r0, #0x00
	bne _0802B022
	ldr r2, [r4, #0x00]
	adds r2, r2, r3
	ldrb r1, [r2, #0x00]
	movs r0, #0x08
	negs r0, r0
	ands r0, r1
	movs r1, #0x05
	orrs r0, r1
	strb r0, [r2, #0x00]
_0802B022:
	movs r1, #0x81
	lsls r1, r1, #0x02
	adds r0, r6, r1
	ldr r2, [r0, #0x00]
	ldr r3, [r2, #0x14]
	ldr r0, [r2, #0x18]
	adds r0, r3, r0
	movs r4, #0xD7
	lsls r4, r4, #0x02
	adds r1, r2, r4
	ldr r1, [r1, #0x00]
	cmp r0, r1
	ble _0802B040
	subs r0, r1, r3
	str r0, [r2, #0x18]
_0802B040:
	movs r5, #0x82
	lsls r5, r5, #0x02
	adds r0, r6, r5
	ldrb r4, [r0, #0x00]
	movs r5, #0x10
	adds r0, r5, #0x0
	ands r0, r4
	cmp r0, #0x00
	bne _0802B0B4
	movs r7, #0x81
	lsls r7, r7, #0x02
	adds r4, r6, r7
	ldr r1, [r4, #0x00]
	adds r0, r6, #0x0
	bl sub_802B654
	movs r1, #0xAE
	lsls r1, r1, #0x02
	adds r0, r6, r1
	ldrb r1, [r0, #0x00]
	adds r0, r5, #0x0
	ands r0, r1
	cmp r0, #0x00
	bne _0802B086
	ldr r2, [r4, #0x00]
	ldr r3, _0802B0B0 @ =0x00000353
	adds r0, r2, r3
	ldrb r1, [r0, #0x00]
	movs r0, #0x08
	ands r0, r1
	cmp r0, #0x00
	beq _0802B086
	adds r0, r2, #0x0
	bl sub_804FC30
_0802B086:
	movs r4, #0x80
	lsls r4, r4, #0x02
	adds r0, r6, r4
	ldr r1, [r0, #0x00]
	adds r0, r6, #0x0
	bl sub_803C834
	movs r5, #0x81
	lsls r5, r5, #0x02
	adds r0, r6, r5
	ldr r1, [r0, #0x00]
	adds r0, r6, #0x0
	bl sub_803C834
	b _0802B37C
_0802B0A4: .4byte 0xFFFFFE00
_0802B0A8: .4byte 0x000002B5
_0802B0AC: .4byte 0x00000355
_0802B0B0: .4byte 0x00000353
_0802B0B4:
	movs r7, #0xAE
	lsls r7, r7, #0x02
	adds r0, r6, r7
	ldrb r1, [r0, #0x00]
	adds r0, r5, #0x0
	ands r0, r1
	cmp r0, #0x00
	beq _0802B0C6
	b _0802B37C
_0802B0C6:
	movs r0, #0x81
	lsls r0, r0, #0x02
	adds r5, r6, r0
	ldr r3, [r5, #0x00]
	movs r1, #0x83
	lsls r1, r1, #0x02
	adds r0, r3, r1
	ldrb r1, [r0, #0x00]
	movs r0, #0x60
	ands r0, r1
	cmp r0, #0x00
	beq _0802B100
	movs r2, #0xCE
	lsls r2, r2, #0x02
	adds r0, r3, r2
	ldr r2, [r0, #0x00]
	adds r2, #0x60
	movs r7, #0x00
	ldsh r0, [r2, r7]
	adds r0, r3, r0
	movs r1, #0x04
	ands r1, r4
	adds r1, #0x28
	adds r1, r6, r1
	ldr r4, [r2, #0x04]
	movs r2, #0x01
	movs r3, #0x00
	bl _call_via_r4
_0802B100:
	ldr r1, _0802B464 @ =0x00000246
	adds r0, r6, r1
	ldrb r1, [r0, #0x00]
	movs r0, #0x1C
	ands r0, r1
	cmp r0, #0x0C
	bne _0802B142
	movs r3, #0x87
	lsls r3, r3, #0x01
	adds r2, r6, r3
	ldrb r0, [r2, #0x00]
	cmp r0, #0x00
	beq _0802B142
	ldr r0, [r5, #0x00]
	movs r4, #0xCE
	lsls r4, r4, #0x02
	adds r1, r0, r4
	ldr r3, [r1, #0x00]
	adds r3, #0x60
	movs r5, #0x00
	ldsh r1, [r3, r5]
	adds r0, r0, r1
	ldrb r1, [r2, #0x00]
	lsls r1, r1, #0x02
	adds r1, #0x28
	adds r1, r6, r1
	ldr r7, _0802B468 @ =0x0000010F
	adds r2, r6, r7
	ldrb r2, [r2, #0x00]
	ldr r4, [r3, #0x04]
	movs r3, #0x00
	bl _call_via_r4
_0802B142:
	movs r0, #0x88
	lsls r0, r0, #0x01
	adds r2, r6, r0
	ldrb r0, [r2, #0x00]
	cmp r0, #0x00
	beq _0802B17C
	movs r1, #0x81
	lsls r1, r1, #0x02
	adds r0, r6, r1
	ldr r0, [r0, #0x00]
	movs r3, #0xCE
	lsls r3, r3, #0x02
	adds r1, r0, r3
	ldr r3, [r1, #0x00]
	adds r3, #0x60
	movs r4, #0x00
	ldsh r1, [r3, r4]
	adds r0, r0, r1
	ldrb r1, [r2, #0x00]
	lsls r1, r1, #0x02
	adds r1, #0x28
	adds r1, r6, r1
	ldr r5, _0802B46C @ =0x00000111
	adds r2, r6, r5
	ldrb r2, [r2, #0x00]
	ldr r4, [r3, #0x04]
	movs r3, #0x00
	bl _call_via_r4
_0802B17C:
	movs r7, #0x8A
	lsls r7, r7, #0x01
	adds r1, r6, r7
	ldrb r0, [r1, #0x00]
	cmp r0, #0x00
	bne _0802B1A2
	movs r0, #0x8B
	lsls r0, r0, #0x01
	adds r1, r6, r0
	ldrb r0, [r1, #0x00]
	cmp r0, #0x00
	bne _0802B1A2
	movs r2, #0x8D
	lsls r2, r2, #0x01
	adds r1, r6, r2
	ldrb r0, [r1, #0x00]
	movs r4, #0x00
	cmp r0, #0x00
	beq _0802B1A4
_0802B1A2:
	adds r4, r0, #0x0
_0802B1A4:
	cmp r4, #0x00
	ble _0802B1D6
	movs r3, #0x81
	lsls r3, r3, #0x02
	adds r0, r6, r3
	ldr r0, [r0, #0x00]
	movs r5, #0xCE
	lsls r5, r5, #0x02
	adds r1, r0, r5
	ldr r3, [r1, #0x00]
	adds r3, #0x60
	movs r7, #0x00
	ldsh r1, [r3, r7]
	adds r0, r0, r1
	lsls r1, r4, #0x02
	adds r1, #0x28
	adds r1, r6, r1
	ldr r5, _0802B470 @ =0x0000010B
	adds r2, r6, r5
	ldrb r2, [r2, #0x00]
	subs r2, r2, r4
	ldr r4, [r3, #0x04]
	movs r3, #0x00
	bl _call_via_r4
_0802B1D6:
	movs r7, #0x81
	lsls r7, r7, #0x02
	adds r4, r6, r7
	ldr r2, [r4, #0x00]
	ldr r1, _0802B474 @ =0x000002B5
	adds r0, r2, r1
	ldrb r1, [r0, #0x00]
	movs r0, #0x08
	ands r0, r1
	cmp r0, #0x00
	beq _0802B216
	movs r3, #0x97
	lsls r3, r3, #0x02
	adds r0, r2, r3
	ldr r1, [r0, #0x00]
	movs r0, #0x01
	negs r0, r0
	cmp r1, r0
	bne _0802B216
	adds r0, r2, #0x0
	bl sub_8046A10
	ldr r1, [r4, #0x00]
	movs r4, #0x80
	lsls r4, r4, #0x02
	adds r0, r6, r4
	ldr r0, [r0, #0x00]
	ldr r2, _0802B478 @ =0x0000023E
	adds r0, r0, r2
	ldrh r0, [r0, #0x00]
	adds r1, r1, r2
	strh r0, [r1, #0x00]
_0802B216:
	movs r5, #0x81
	lsls r5, r5, #0x02
	adds r4, r6, r5
	ldr r0, [r4, #0x00]
	movs r7, #0xCE
	lsls r7, r7, #0x02
	adds r1, r0, r7
	ldr r1, [r1, #0x00]
	adds r1, #0x68
	movs r3, #0x00
	ldsh r2, [r1, r3]
	adds r0, r0, r2
	ldr r1, [r1, #0x04]
	bl _call_via_r1
	adds r0, r6, #0x0
	bl sub_802BD2C
	lsls r0, r0, #0x18
	lsrs r7, r0, #0x18
	ldr r0, [r4, #0x00]
	adds r1, r6, #0x0
	adds r1, #0x28
	movs r2, #0x00
	movs r3, #0x00
	bl sub_804FB64
	subs r5, #0x04
	adds r0, r6, r5
	ldr r5, [r0, #0x00]
	adds r0, r5, #0x0
	adds r0, #0x26
	ldrb r1, [r0, #0x00]
	movs r3, #0x0C
	adds r0, r3, #0x0
	ands r0, r1
	cmp r0, #0x00
	bne _0802B2A0
	ldr r2, [r4, #0x00]
	adds r0, r2, #0x0
	adds r0, #0x26
	ldrb r1, [r0, #0x00]
	adds r0, r3, #0x0
	ands r0, r1
	cmp r0, #0x00
	bne _0802B2A0
	adds r0, r5, #0x0
	adds r0, #0x4E
	ldrb r1, [r0, #0x00]
	adds r0, r3, #0x0
	ands r0, r1
	cmp r0, #0x0C
	beq _0802B28E
	adds r0, r2, #0x0
	adds r0, #0x4E
	ldrb r1, [r0, #0x00]
	adds r0, r3, #0x0
	ands r0, r1
	cmp r0, #0x0C
	bne _0802B2A0
_0802B28E:
	ldr r0, [r2, #0x34]
	str r0, [r2, #0x0C]
	ldr r1, [r4, #0x00]
	ldr r0, [r1, #0x38]
	str r0, [r1, #0x10]
	adds r0, r6, #0x0
	movs r1, #0x00
	bl sub_802DF80
_0802B2A0:
	adds r0, r6, #0x0
	bl sub_802A4E8
	cmp r7, #0x00
	beq _0802B2B6
	movs r7, #0x81
	lsls r7, r7, #0x02
	adds r0, r6, r7
	ldr r1, [r0, #0x00]
	movs r0, #0x00
	str r0, [r1, #0x18]
_0802B2B6:
	movs r1, #0x82
	lsls r1, r1, #0x02
	adds r0, r6, r1
	ldrb r1, [r0, #0x00]
	movs r0, #0x20
	ands r0, r1
	cmp r0, #0x00
	beq _0802B30C
	movs r2, #0x81
	lsls r2, r2, #0x02
	adds r0, r6, r2
	ldr r1, [r0, #0x00]
	ldr r0, [r1, #0x40]
	cmp r0, #0x00
	bne _0802B2E4
	ldr r2, [r1, #0x18]
	cmp r2, #0x00
	ble _0802B2E4
	ldr r0, [r1, #0x14]
	adds r0, r0, r2
	ldr r1, [r1, #0x3C]
	cmp r0, r1
	ble _0802B2FC
_0802B2E4:
	movs r3, #0x80
	lsls r3, r3, #0x02
	adds r0, r6, r3
	ldr r1, [r0, #0x00]
	movs r4, #0x81
	lsls r4, r4, #0x02
	adds r0, r6, r4
	ldr r0, [r0, #0x00]
	ldr r1, [r1, #0x14]
	ldr r0, [r0, #0x14]
	cmp r1, r0
	bne _0802B30C
_0802B2FC:
	movs r5, #0x82
	lsls r5, r5, #0x02
	adds r2, r6, r5
	ldrb r1, [r2, #0x00]
	movs r0, #0x21
	negs r0, r0
	ands r0, r1
	strb r0, [r2, #0x00]
_0802B30C:
	movs r7, #0x82
	lsls r7, r7, #0x02
	adds r5, r6, r7
	ldrb r1, [r5, #0x00]
	movs r2, #0x10
	adds r0, r2, #0x0
	ands r0, r1
	cmp r0, #0x00
	beq _0802B36E
	movs r1, #0x80
	lsls r1, r1, #0x02
	adds r0, r6, r1
	ldr r4, [r0, #0x00]
	ldr r3, _0802B47C @ =0x00000359
	adds r0, r4, r3
	ldrb r1, [r0, #0x00]
	adds r0, r2, #0x0
	ands r0, r1
	cmp r0, #0x00
	bne _0802B36E
	subs r7, #0x04
	adds r0, r6, r7
	ldr r3, [r0, #0x00]
	movs r1, #0x97
	lsls r1, r1, #0x02
	adds r0, r3, r1
	ldr r1, [r0, #0x00]
	movs r0, #0x01
	negs r0, r0
	cmp r1, r0
	bne _0802B36E
	ldr r2, [r4, #0x14]
	ldr r0, [r4, #0x18]
	adds r2, r2, r0
	ldr r0, [r3, #0x14]
	ldr r1, [r3, #0x18]
	adds r0, r0, r1
	cmp r2, r0
	bge _0802B36E
	adds r0, r4, #0x0
	adds r1, r3, #0x0
	bl sub_8047C18
	cmp r0, #0x00
	beq _0802B36E
	ldrb r0, [r5, #0x00]
	movs r1, #0x20
	orrs r0, r1
	strb r0, [r5, #0x00]
_0802B36E:
	movs r2, #0x80
	lsls r2, r2, #0x02
	adds r0, r6, r2
	ldr r1, [r0, #0x00]
	adds r0, r6, #0x0
	bl sub_803C834
_0802B37C:
	adds r0, r6, #0x0
	adds r0, #0xF9
	ldrb r1, [r0, #0x00]
	movs r0, #0x30
	ands r0, r1
	cmp r0, #0x00
	bne _0802B3B8
	movs r3, #0x80
	lsls r3, r3, #0x02
	adds r0, r6, r3
	ldr r1, [r0, #0x00]
	ldr r4, _0802B480 @ =0x00000209
	adds r5, r6, r4
	ldrb r0, [r5, #0x00]
	movs r4, #0x01
	adds r2, r4, #0x0
	ands r2, r0
	adds r0, r6, #0x0
	bl sub_802B804
	movs r7, #0x81
	lsls r7, r7, #0x02
	adds r0, r6, r7
	ldr r1, [r0, #0x00]
	ldrb r0, [r5, #0x00]
	ands r4, r0
	adds r0, r6, #0x0
	adds r2, r4, #0x0
	bl sub_802B804
_0802B3B8:
	movs r1, #0x95
	lsls r1, r1, #0x01
	adds r0, r6, r1
	ldrb r0, [r0, #0x00]
	cmp r0, #0x02
	beq _0802B3C6
	b _0802B518
_0802B3C6:
	movs r2, #0x82
	lsls r2, r2, #0x02
	adds r2, r2, r6
	mov r9, r2
	ldrb r1, [r2, #0x00]
	movs r0, #0x18
	ands r0, r1
	cmp r0, #0x08
	beq _0802B3DA
	b _0802B518
_0802B3DA:
	ldr r3, _0802B464 @ =0x00000246
	adds r0, r6, r3
	ldrb r1, [r0, #0x00]
	movs r0, #0x1C
	ands r0, r1
	cmp r0, #0x0C
	bne _0802B3EA
	b _0802B518
_0802B3EA:
	movs r4, #0x81
	lsls r4, r4, #0x02
	adds r4, r4, r6
	mov r8, r4
	ldr r0, [r4, #0x00]
	bl sub_804D0EC
	lsls r0, r0, #0x18
	cmp r0, #0x00
	beq _0802B400
	b _0802B518
_0802B400:
	movs r5, #0x80
	lsls r5, r5, #0x02
	adds r7, r6, r5
	ldr r3, [r7, #0x00]
	ldr r5, [r3, #0x18]
	cmp r5, #0x00
	beq _0802B41C
	movs r1, #0x01
	ldsb r1, [r3, r1]
	movs r0, #0x01
	negs r0, r0
	cmp r1, r0
	bne _0802B41C
	b _0802B518
_0802B41C:
	mov r0, r8
	ldr r2, [r0, #0x00]
	ldr r4, [r2, #0x18]
	cmp r4, #0x00
	beq _0802B432
	movs r1, #0x01
	ldsb r1, [r2, r1]
	movs r0, #0x01
	negs r0, r0
	cmp r1, r0
	beq _0802B518
_0802B432:
	ldr r1, [r3, #0x14]
	adds r1, r1, r5
	ldr r0, [r2, #0x14]
	adds r0, r0, r4
	cmp r1, r0
	beq _0802B454
	adds r0, r3, #0x0
	adds r0, #0x26
	ldrb r0, [r0, #0x00]
	adds r1, r2, #0x0
	adds r1, #0x26
	ldrb r1, [r1, #0x00]
	ands r0, r1
	lsls r0, r0, #0x1A
	lsrs r0, r0, #0x1E
	cmp r0, #0x00
	beq _0802B518
_0802B454:
	movs r1, #0xCF
	lsls r1, r1, #0x02
	adds r0, r3, r1
	ldrb r0, [r0, #0x00]
	lsls r0, r0, #0x19
	asrs r2, r0, #0x19
	mov r4, r9
	b _0802B484
_0802B464: .4byte 0x00000246
_0802B468: .4byte 0x0000010F
_0802B46C: .4byte 0x00000111
_0802B470: .4byte 0x0000010B
_0802B474: .4byte 0x000002B5
_0802B478: .4byte 0x0000023E
_0802B47C: .4byte 0x00000359
_0802B480: .4byte 0x00000209
_0802B484:
	ldrb r0, [r4, #0x00]
	lsls r0, r0, #0x1D
	lsrs r0, r0, #0x1F
	movs r1, #0x01
	eors r0, r1
	cmp r2, r0
	bne _0802B518
	ldr r5, _0802B56C @ =0x0000033D
	adds r0, r3, r5
	ldrb r0, [r0, #0x00]
	lsls r0, r0, #0x19
	asrs r0, r0, #0x19
	cmp r0, r2
	bne _0802B518
	ldr r1, _0802B570 @ =0x00000342
	adds r0, r3, r1
	movs r4, #0x00
	ldsb r4, [r0, r4]
	movs r0, #0x01
	negs r0, r0
	cmp r4, r0
	bne _0802B518
	adds r0, r3, #0x0
	bl sub_804FC90
	mov r2, r8
	ldr r0, [r2, #0x00]
	movs r3, #0xDA
	lsls r3, r3, #0x02
	adds r0, r0, r3
	ldr r1, [r0, #0x00]
	ldr r0, [r7, #0x00]
	adds r0, r0, r3
	ldr r0, [r0, #0x00]
	ldrb r0, [r0, #0x00]
	strb r0, [r1, #0x00]
	ldr r0, [r7, #0x00]
	adds r0, r0, r3
	ldr r1, [r0, #0x00]
	ldrb r2, [r1, #0x14]
	movs r0, #0x14
	ldsb r0, [r1, r0]
	cmp r0, r4
	beq _0802B4E8
	strb r2, [r1, #0x10]
	ldr r0, [r7, #0x00]
	adds r0, r0, r3
	ldr r1, [r0, #0x00]
	movs r0, #0xFF
	strb r0, [r1, #0x14]
_0802B4E8:
	mov r5, r8
	ldr r0, [r5, #0x00]
	adds r0, r0, r3
	ldr r1, [r0, #0x00]
	ldrb r2, [r1, #0x14]
	movs r0, #0x14
	ldsb r0, [r1, r0]
	cmp r0, r4
	beq _0802B506
	strb r2, [r1, #0x10]
	ldr r0, [r5, #0x00]
	adds r0, r0, r3
	ldr r1, [r0, #0x00]
	movs r0, #0xFF
	strb r0, [r1, #0x14]
_0802B506:
	adds r0, r6, #0x0
	movs r1, #0x01
	movs r2, #0x01
	bl sub_802C4D4
	adds r0, r6, #0x0
	movs r1, #0x00
	bl sub_802E4C8
_0802B518:
	ldr r7, _0802B574 @ =0x00000209
	adds r0, r6, r7
	ldrb r0, [r0, #0x00]
	movs r2, #0x01
	movs r4, #0x01
	ands r4, r0
	cmp r4, #0x00
	bne _0802B59A
	movs r0, #0x80
	lsls r0, r0, #0x02
	adds r5, r6, r0
	ldr r1, [r5, #0x00]
	mov r7, r10
	ldrb r3, [r7, #0x00]
	lsrs r3, r3, #0x02
	eors r3, r2
	ands r3, r2
	mov r0, sp
	strb r4, [r0, #0x00]
	adds r0, r6, #0x0
	bl sub_802EDC4
	lsls r0, r0, #0x18
	cmp r0, #0x00
	beq _0802B59A
	ldr r1, [r5, #0x00]
	movs r2, #0x91
	lsls r2, r2, #0x02
	adds r0, r1, r2
	strh r4, [r0, #0x00]
	ldr r3, _0802B578 @ =0x00000242
	adds r1, r1, r3
	strh r4, [r1, #0x00]
	movs r1, #0x81
	lsls r1, r1, #0x02
	adds r0, r6, r1
	ldr r0, [r0, #0x00]
	adds r2, r0, r2
	strh r4, [r2, #0x00]
	adds r0, r0, r3
	strh r4, [r0, #0x00]
	b _0802B59A
_0802B56C: .4byte 0x0000033D
_0802B570: .4byte 0x00000342
_0802B574: .4byte 0x00000209
_0802B578: .4byte 0x00000242
_0802B57C:
	.byte 0x30, 0x1C, 0xFA, 0xF7, 0xA5, 0xFA, 0x80, 0x22, 0x92, 0x00, 0xB0, 0x18, 0x00, 0x68, 0x24, 0xF0
	.byte 0x81, 0xFB, 0x81, 0x23, 0x9B, 0x00, 0xF0, 0x18, 0x00, 0x68, 0x24, 0xF0, 0x7B, 0xFB
_0802B59A:
	movs r5, #0x80
	lsls r5, r5, #0x02
	adds r4, r6, r5
	ldr r2, [r4, #0x00]
	movs r7, #0x04
	ldsh r0, [r2, r7]
	cmp r0, #0x04
	bgt _0802B5BA
	mov r0, r10
	ldrb r1, [r0, #0x00]
	lsrs r1, r1, #0x02
	movs r0, #0x01
	ands r1, r0
	adds r0, r2, #0x0
	bl sub_80490CC
_0802B5BA:
	movs r1, #0x81
	lsls r1, r1, #0x02
	adds r5, r6, r1
	ldr r2, [r5, #0x00]
	movs r3, #0x04
	ldsh r0, [r2, r3]
	cmp r0, #0x04
	bgt _0802B5DA
	mov r7, r10
	ldrb r1, [r7, #0x00]
	lsrs r1, r1, #0x02
	movs r0, #0x01
	ands r1, r0
	adds r0, r2, #0x0
	bl sub_80490CC
_0802B5DA:
	mov r0, r10
	ldrb r1, [r0, #0x00]
	movs r0, #0x04
	ands r0, r1
	cmp r0, #0x00
	beq _0802B640
	movs r1, #0x82
	lsls r1, r1, #0x02
	adds r0, r6, r1
	ldrb r1, [r0, #0x00]
	movs r0, #0x10
	ands r0, r1
	cmp r0, #0x00
	beq _0802B640
	ldr r3, [r4, #0x00]
	ldr r2, _0802B650 @ =0x000002B5
	adds r0, r3, r2
	ldrb r1, [r0, #0x00]
	movs r4, #0x0F
	adds r0, r4, #0x0
	ands r0, r1
	cmp r0, #0x00
	bne _0802B640
	ldr r2, [r5, #0x00]
	ldr r5, _0802B650 @ =0x000002B5
	adds r0, r2, r5
	ldrb r1, [r0, #0x00]
	adds r0, r4, #0x0
	ands r0, r1
	cmp r0, #0x00
	bne _0802B640
	movs r7, #0x04
	ldsh r0, [r3, r7]
	cmp r0, #0x01
	bgt _0802B640
	movs r1, #0x04
	ldsh r0, [r2, r1]
	cmp r0, #0x01
	bgt _0802B640
	movs r4, #0x2C
	ldsh r0, [r3, r4]
	cmp r0, #0x04
	beq _0802B638
	movs r5, #0x2C
	ldsh r0, [r2, r5]
	cmp r0, #0x04
	bne _0802B640
_0802B638:
	adds r0, r6, #0x0
	movs r1, #0x00
	bl sub_802DF80
_0802B640:
	add sp, #0x008
	pop {r3, r4, r5}
	mov r8, r3
	mov r9, r4
	mov r10, r5
	pop {r4, r5, r6, r7}
	pop {r0}
	bx r0
_0802B650: .4byte 0x000002B5
	thumb_func_start sub_802B654
sub_802B654:
	push {r4, r5, r6, r7, lr}
	mov r7, r8
	push {r7}
	adds r6, r0, #0x0
	adds r7, r1, #0x0
	ldr r1, _0802B6BC @ =0x0000035B
	adds r0, r7, r1
	ldrb r1, [r0, #0x00]
	movs r0, #0x10
	ands r0, r1
	cmp r0, #0x00
	beq _0802B6C4
	movs r3, #0xE2
	lsls r3, r3, #0x02
	adds r2, r7, r3
	ldr r0, [r2, #0x00]
	cmp r0, #0x00
	beq _0802B694
	movs r4, #0xCE
	lsls r4, r4, #0x02
	adds r0, r7, r4
	ldr r1, [r0, #0x00]
	adds r1, #0x60
	movs r3, #0x00
	ldsh r0, [r1, r3]
	adds r0, r7, r0
	ldr r4, [r1, #0x04]
	adds r1, r2, #0x0
	movs r2, #0x01
	movs r3, #0x00
	bl _call_via_r4
_0802B694:
	movs r4, #0xCE
	lsls r4, r4, #0x02
	adds r0, r7, r4
	ldr r1, [r0, #0x00]
	adds r1, #0x60
	movs r2, #0x00
	ldsh r0, [r1, r2]
	adds r0, r7, r0
	adds r5, r6, #0x0
	adds r5, #0x28
	ldr r3, _0802B6C0 @ =0x0000010B
	adds r2, r6, r3
	ldrb r2, [r2, #0x00]
	ldr r4, [r1, #0x04]
	adds r1, r5, #0x0
	movs r3, #0x01
	bl _call_via_r4
	mov r8, r5
	b _0802B7C8
_0802B6BC: .4byte 0x0000035B
_0802B6C0: .4byte 0x0000010B
_0802B6C4:
	ldr r4, _0802B760 @ =0x00000209
	adds r0, r6, r4
	ldrb r1, [r0, #0x00]
	movs r0, #0x01
	ands r0, r1
	cmp r0, #0x00
	bne _0802B704
	movs r0, #0x87
	lsls r0, r0, #0x01
	adds r1, r6, r0
	ldrb r0, [r1, #0x00]
	cmp r0, #0x00
	beq _0802B704
	movs r2, #0xCE
	lsls r2, r2, #0x02
	adds r0, r7, r2
	ldr r3, [r0, #0x00]
	adds r3, #0x60
	movs r4, #0x00
	ldsh r0, [r3, r4]
	adds r0, r7, r0
	ldrb r1, [r1, #0x00]
	lsls r1, r1, #0x02
	adds r1, #0x28
	adds r1, r6, r1
	ldr r4, _0802B764 @ =0x0000010F
	adds r2, r6, r4
	ldrb r2, [r2, #0x00]
	ldr r4, [r3, #0x04]
	movs r3, #0x00
	bl _call_via_r4
_0802B704:
	movs r0, #0x88
	lsls r0, r0, #0x01
	adds r1, r6, r0
	ldrb r0, [r1, #0x00]
	cmp r0, #0x00
	beq _0802B736
	movs r2, #0xCE
	lsls r2, r2, #0x02
	adds r0, r7, r2
	ldr r3, [r0, #0x00]
	adds r3, #0x60
	movs r4, #0x00
	ldsh r0, [r3, r4]
	adds r0, r7, r0
	ldrb r1, [r1, #0x00]
	lsls r1, r1, #0x02
	adds r1, #0x28
	adds r1, r6, r1
	ldr r4, _0802B768 @ =0x00000111
	adds r2, r6, r4
	ldrb r2, [r2, #0x00]
	ldr r4, [r3, #0x04]
	movs r3, #0x00
	bl _call_via_r4
_0802B736:
	movs r0, #0x89
	lsls r0, r0, #0x01
	adds r2, r6, r0
	ldrb r0, [r2, #0x00]
	cmp r0, #0x00
	beq _0802B770
	adds r0, r7, #0x0
	adds r0, #0x54
	ldrb r0, [r0, #0x00]
	cmp r0, #0x01
	bne _0802B770
	ldr r1, _0802B76C @ =0x00000246
	adds r0, r6, r1
	ldrb r1, [r0, #0x00]
	movs r0, #0x1C
	ands r0, r1
	cmp r0, #0x10
	bne _0802B770
	ldrb r5, [r2, #0x00]
	b _0802B798
	.byte 0x00, 0x00
_0802B760: .4byte 0x00000209
_0802B764: .4byte 0x0000010F
_0802B768: .4byte 0x00000111
_0802B76C: .4byte 0x00000246
_0802B770:
	movs r2, #0x8A
	lsls r2, r2, #0x01
	adds r1, r6, r2
	ldrb r0, [r1, #0x00]
	cmp r0, #0x00
	bne _0802B796
	movs r3, #0x8B
	lsls r3, r3, #0x01
	adds r1, r6, r3
	ldrb r0, [r1, #0x00]
	cmp r0, #0x00
	bne _0802B796
	movs r4, #0x8D
	lsls r4, r4, #0x01
	adds r1, r6, r4
	ldrb r0, [r1, #0x00]
	movs r5, #0x00
	cmp r0, #0x00
	beq _0802B798
_0802B796:
	adds r5, r0, #0x0
_0802B798:
	movs r0, #0x28
	adds r0, r0, r6
	mov r8, r0
	cmp r5, #0x00
	ble _0802B7C8
	movs r1, #0xCE
	lsls r1, r1, #0x02
	adds r0, r7, r1
	ldr r3, [r0, #0x00]
	adds r3, #0x60
	movs r2, #0x00
	ldsh r0, [r3, r2]
	adds r0, r7, r0
	lsls r1, r5, #0x02
	adds r1, #0x28
	adds r1, r6, r1
	ldr r4, _0802B800 @ =0x0000010B
	adds r2, r6, r4
	ldrb r2, [r2, #0x00]
	subs r2, r2, r5
	ldr r4, [r3, #0x04]
	movs r3, #0x00
	bl _call_via_r4
_0802B7C8:
	adds r0, r7, #0x0
	bl sub_80465D8
	movs r1, #0xCE
	lsls r1, r1, #0x02
	adds r0, r7, r1
	ldr r1, [r0, #0x00]
	adds r1, #0x68
	movs r2, #0x00
	ldsh r0, [r1, r2]
	adds r0, r7, r0
	ldr r1, [r1, #0x04]
	bl _call_via_r1
	adds r0, r7, #0x0
	bl sub_804D2CC
	adds r0, r7, #0x0
	mov r1, r8
	movs r2, #0x00
	movs r3, #0x00
	bl sub_804FB64
	pop {r3}
	mov r8, r3
	pop {r4, r5, r6, r7}
	pop {r0}
	bx r0
_0802B800: .4byte 0x0000010B
	thumb_func_start sub_802B804
sub_802B804:
	push {r4, r5, r6, r7, lr}
	mov r7, r10
	mov r6, r9
	mov r5, r8
	push {r5, r6, r7}
	add sp, #-0x004
	mov r9, r0
	adds r5, r1, #0x0
	lsls r2, r2, #0x18
	lsrs r2, r2, #0x18
	mov r10, r2
	cmp r5, #0x00
	bne _0802B820
	b _0802BC32
_0802B820:
	movs r1, #0xCF
	lsls r1, r1, #0x02
	adds r0, r5, r1
	ldrb r1, [r0, #0x00]
	movs r0, #0x7F
	ands r0, r1
	cmp r0, #0x7F
	beq _0802B832
	b _0802BC32
_0802B832:
	movs r2, #0x83
	lsls r2, r2, #0x02
	adds r0, r5, r2
	ldrb r1, [r0, #0x00]
	movs r2, #0x01
	adds r0, r2, #0x0
	ands r0, r1
	cmp r0, #0x00
	bne _0802B846
	b _0802BC32
_0802B846:
	ldr r3, _0802B934 @ =0x00000216
	adds r0, r5, r3
	ldrb r1, [r0, #0x00]
	movs r0, #0x20
	ands r0, r1
	cmp r0, #0x00
	beq _0802B856
	b _0802BC32
_0802B856:
	ldr r7, _0802B938 @ =0x0000020F
	adds r0, r5, r7
	ldrb r1, [r0, #0x00]
	adds r0, r2, #0x0
	ands r0, r1
	cmp r0, #0x00
	bne _0802B866
	b _0802BC32
_0802B866:
	movs r0, #0xA1
	lsls r0, r0, #0x02
	adds r2, r5, r0
	ldr r1, _0802B93C @ =0x00000272
	adds r0, r5, r1
	ldrh r1, [r0, #0x00]
	lsrs r1, r1, #0x01
	ldr r0, [r5, #0x0C]
	subs r0, r0, r1
	str r0, [r2, #0x00]
	adds r3, #0x72
	adds r2, r5, r3
	adds r7, #0x61
	adds r0, r5, r7
	movs r3, #0x00
	ldsh r1, [r0, r3]
	ldr r0, [r5, #0x10]
	adds r0, r0, r1
	str r0, [r2, #0x00]
	adds r7, #0x1C
	adds r3, r5, r7
	ldr r2, [r5, #0x14]
	ldr r1, [r5, #0x18]
	cmp r1, #0x00
	bgt _0802B8A2
	cmp r1, #0x00
	bge _0802B8A4
	ldr r0, [r5, #0x40]
	cmp r0, #0x00
	bge _0802B8A4
_0802B8A2:
	adds r2, r2, r1
_0802B8A4:
	str r2, [r3, #0x00]
	movs r0, #0x82
	lsls r0, r0, #0x02
	add r0, r9
	ldrb r1, [r0, #0x00]
	movs r0, #0x10
	ands r0, r1
	cmp r0, #0x00
	bne _0802B8E0
	movs r1, #0x83
	lsls r1, r1, #0x02
	adds r0, r5, r1
	ldrb r1, [r0, #0x00]
	movs r0, #0x40
	ands r0, r1
	cmp r0, #0x00
	beq _0802B8E0
	adds r0, r5, #0x0
	adds r0, #0x54
	ldrb r0, [r0, #0x00]
	movs r1, #0x01
	eors r1, r0
	lsls r1, r1, #0x02
	mov r0, r9
	adds r0, #0x28
	adds r0, r0, r1
	ldr r1, [r0, #0x00]
	adds r0, r5, #0x0
	bl sub_804B028
_0802B8E0:
	ldr r2, _0802B940 @ =0x0000020D
	adds r0, r5, r2
	ldrb r1, [r0, #0x00]
	movs r0, #0x01
	ands r0, r1
	cmp r0, #0x00
	bne _0802B8F0
	b _0802BC32
_0802B8F0:
	ldr r3, _0802B944 @ =0x0000035B
	adds r0, r5, r3
	ldrb r1, [r0, #0x00]
	movs r0, #0x10
	ands r0, r1
	cmp r0, #0x00
	beq _0802B900
	b _0802BC32
_0802B900:
	movs r7, #0xCF
	lsls r7, r7, #0x02
	adds r0, r5, r7
	ldrb r1, [r0, #0x00]
	movs r0, #0x7F
	ands r0, r1
	cmp r0, #0x7F
	bne _0802B998
	movs r1, #0x89
	lsls r1, r1, #0x01
	add r1, r9
	ldrb r0, [r1, #0x00]
	cmp r0, #0x00
	beq _0802B998
	lsls r0, r0, #0x02
	adds r0, #0x28
	mov r1, r9
	adds r7, r1, r0
	ldr r0, _0802B948 @ =0x00000113
	add r0, r9
	ldrb r6, [r0, #0x00]
	movs r2, #0xCF
	lsls r2, r2, #0x02
	adds r2, r2, r5
	mov r8, r2
	b _0802B97A
_0802B934: .4byte 0x00000216
_0802B938: .4byte 0x0000020F
_0802B93C: .4byte 0x00000272
_0802B940: .4byte 0x0000020D
_0802B944: .4byte 0x0000035B
_0802B948: .4byte 0x00000113
_0802B94C:
	movs r3, #0xD1
	lsls r3, r3, #0x02
	adds r0, r4, r3
	ldr r2, [r0, #0x00]
	cmp r2, #0x00
	beq _0802B976
	movs r1, #0x83
	lsls r1, r1, #0x02
	adds r0, r2, r1
	ldrb r1, [r0, #0x00]
	movs r0, #0x01
	ands r0, r1
	cmp r0, #0x00
	beq _0802B976
	adds r0, r5, #0x0
	adds r1, r2, #0x0
	bl sub_804B028
	lsls r0, r0, #0x18
	cmp r0, #0x00
	bne _0802B9F8
_0802B976:
	subs r6, #0x01
	adds r7, #0x04
_0802B97A:
	cmp r6, #0x00
	beq _0802B998
	ldr r4, [r7, #0x00]
	adds r0, r5, #0x0
	adds r1, r4, #0x0
	bl sub_804B028
	lsls r0, r0, #0x18
	cmp r0, #0x00
	beq _0802B94C
	mov r2, r8
	ldrb r1, [r2, #0x00]
	movs r0, #0x7F
	ands r0, r1
	strb r0, [r2, #0x00]
_0802B998:
	mov r3, r10
	cmp r3, #0x00
	beq _0802B9A0
	b _0802BC32
_0802B9A0:
	movs r7, #0xCF
	lsls r7, r7, #0x02
	adds r0, r5, r7
	ldrb r1, [r0, #0x00]
	movs r0, #0x7F
	ands r0, r1
	cmp r0, #0x7F
	beq _0802B9B2
	b _0802BC32
_0802B9B2:
	movs r0, #0x82
	lsls r0, r0, #0x02
	add r0, r9
	ldrb r1, [r0, #0x00]
	movs r0, #0x10
	ands r0, r1
	cmp r0, #0x00
	beq _0802B9E2
	ldr r1, _0802B9F0 @ =0x00000352
	adds r0, r5, r1
	ldrb r1, [r0, #0x00]
	movs r0, #0x80
	ands r0, r1
	cmp r0, #0x00
	bne _0802B9E2
	ldr r0, _0802B9F4 @ =0x00000246
	add r0, r9
	ldrb r0, [r0, #0x00]
	movs r1, #0x1C
	ands r1, r0
	cmp r1, #0x0C
	beq _0802B9E2
	cmp r1, #0x18
	bne _0802BA08
_0802B9E2:
	movs r1, #0x87
	lsls r1, r1, #0x01
	add r1, r9
	ldrb r0, [r1, #0x00]
	cmp r0, #0x00
	beq _0802BA08
	b _0802BA16
_0802B9F0: .4byte 0x00000352
_0802B9F4: .4byte 0x00000246
_0802B9F8:
	movs r2, #0xCF
	lsls r2, r2, #0x02
	adds r0, r5, r2
	ldrb r1, [r0, #0x00]
	movs r2, #0x80
	orrs r1, r2
	strb r1, [r0, #0x00]
	b _0802B998
_0802BA08:
	movs r1, #0x88
	lsls r1, r1, #0x01
	add r1, r9
	ldrb r0, [r1, #0x00]
	movs r2, #0x00
	cmp r0, #0x00
	beq _0802BA18
_0802BA16:
	adds r2, r0, #0x0
_0802BA18:
	cmp r2, #0x00
	bgt _0802BA1E
	b _0802BBEA
_0802BA1E:
	lsls r0, r2, #0x02
	adds r0, #0x28
	mov r3, r9
	adds r7, r3, r0
	ldr r0, _0802BB58 @ =0x0000010F
	add r0, r9
	ldrb r0, [r0, #0x00]
	ldr r1, _0802BB5C @ =0x00000111
	add r1, r9
	ldrb r1, [r1, #0x00]
	adds r0, r0, r1
	subs r0, r0, r2
	adds r6, r0, #0x2
	cmp r6, #0x00
	bne _0802BA3E
	b _0802BBEA
_0802BA3E:
	ldr r0, _0802BB60 @ =0x00000272
	mov r8, r0
_0802BA42:
	ldr r1, [r7, #0x00]
	adds r0, r5, #0x0
	bl sub_804B028
	lsls r0, r0, #0x18
	cmp r0, #0x00
	bne _0802BA52
	b _0802BBE0
_0802BA52:
	movs r1, #0xD6
	lsls r1, r1, #0x02
	adds r0, r5, r1
	ldrb r1, [r0, #0x00]
	movs r0, #0x08
	ands r0, r1
	cmp r0, #0x00
	beq _0802BA64
	b _0802BBE0
_0802BA64:
	movs r2, #0xCF
	lsls r2, r2, #0x02
	adds r0, r5, r2
	ldrb r1, [r0, #0x00]
	lsls r1, r1, #0x19
	asrs r1, r1, #0x17
	mov r0, r9
	adds r0, #0x28
	adds r0, r0, r1
	ldr r4, [r0, #0x00]
	ldr r3, _0802BB64 @ =0x0000020E
	adds r0, r4, r3
	ldrb r0, [r0, #0x00]
	movs r2, #0x38
	ands r2, r0
	cmp r2, #0x08
	bne _0802BA94
	ldr r1, _0802BB68 @ =0x00000352
	adds r0, r5, r1
	ldrb r1, [r0, #0x00]
	movs r0, #0x01
	ands r0, r1
	cmp r0, #0x00
	bne _0802BAAA
_0802BA94:
	cmp r2, #0x10
	beq _0802BA9A
	b _0802BBE0
_0802BA9A:
	ldr r2, _0802BB68 @ =0x00000352
	adds r0, r5, r2
	ldrb r1, [r0, #0x00]
	movs r0, #0x02
	ands r0, r1
	cmp r0, #0x00
	bne _0802BAAA
	b _0802BBE0
_0802BAAA:
	ldr r3, _0802BB64 @ =0x0000020E
	adds r0, r4, r3
	ldrb r1, [r0, #0x00]
	movs r0, #0x38
	ands r0, r1
	cmp r0, #0x08
	beq _0802BABA
	b _0802BBEA
_0802BABA:
	movs r7, #0x83
	lsls r7, r7, #0x02
	adds r0, r4, r7
	ldrb r0, [r0, #0x00]
	lsls r0, r0, #0x1C
	lsrs r0, r0, #0x1D
	cmp r0, #0x01
	bhi _0802BACC
	b _0802BBEA
_0802BACC:
	ldr r0, [r5, #0x18]
	cmp r0, #0x00
	beq _0802BAD4
	b _0802BBEA
_0802BAD4:
	ldr r0, [r5, #0x0C]
	str r0, [sp, #0x000]
	movs r1, #0x9C
	lsls r1, r1, #0x02
	adds r0, r5, r1
	movs r3, #0x00
	ldsh r2, [r0, r3]
	ldr r0, [r5, #0x10]
	adds r3, r0, r2
	ldr r6, [r4, #0x0C]
	adds r1, r4, r1
	movs r7, #0x00
	ldsh r1, [r1, r7]
	ldr r0, [r4, #0x10]
	adds r2, r0, r1
	mov r1, r8
	adds r0, r5, r1
	ldrh r0, [r0, #0x00]
	mov r10, r0
	adds r0, r4, r1
	ldrh r0, [r0, #0x00]
	add r0, r10
	asrs r1, r0, #0x01
	movs r7, #0x00
	mov r12, r7
	ldr r7, [sp, #0x000]
	subs r0, r7, r1
	cmp r0, r6
	bge _0802BB2A
	adds r0, r7, r1
	cmp r0, r6
	ble _0802BB2A
	ldr r1, _0802BB6C @ =0x00000276
	adds r0, r5, r1
	ldrh r0, [r0, #0x00]
	subs r0, r3, r0
	cmp r0, r2
	bge _0802BB2A
	adds r0, r4, r1
	ldrh r0, [r0, #0x00]
	adds r0, r3, r0
	cmp r0, r2
	bgt _0802BBC4
_0802BB2A:
	ldr r1, _0802BB70 @ =0x0839F94C
	ldrb r0, [r5, #0x02]
	lsrs r0, r0, #0x05
	adds r0, r0, r1
	ldrb r1, [r0, #0x00]
	movs r7, #0xD4
	lsls r7, r7, #0x02
	ldrb r0, [r7, r5]
	mov r10, r0
	mov r7, r10
	lsls r7, r7, #0x1C
	lsrs r0, r7, #0x1C
	ands r1, r0
	cmp r1, #0x00
	beq _0802BBBE
	cmp r0, #0x02
	beq _0802BBA4
	cmp r0, #0x02
	bhi _0802BB74
	cmp r0, #0x01
	beq _0802BB7E
	b _0802BBBE
	.byte 0x00, 0x00
_0802BB58: .4byte 0x0000010F
_0802BB5C: .4byte 0x00000111
_0802BB60: .4byte 0x00000272
_0802BB64: .4byte 0x0000020E
_0802BB68: .4byte 0x00000352
_0802BB6C: .4byte 0x00000276
_0802BB70: .4byte 0x0839F94C
_0802BB74:
	cmp r0, #0x04
	beq _0802BB7E
	cmp r0, #0x08
	beq _0802BBA4
	b _0802BBBE
_0802BB7E:
	mov r1, r8
	adds r0, r5, r1
	ldrh r0, [r0, #0x00]
	lsrs r3, r0, #0x01
	ldr r2, [sp, #0x000]
	adds r1, r2, r3
	mov r7, r8
	adds r0, r4, r7
	ldrh r0, [r0, #0x00]
	lsrs r2, r0, #0x01
	subs r0, r6, r2
	cmp r1, r0
	ble _0802BBBE
	ldr r0, [sp, #0x000]
	subs r1, r0, r3
	adds r0, r6, r2
	cmp r1, r0
	bge _0802BBBE
	b _0802BBC4
_0802BBA4:
	ldr r1, _0802BBDC @ =0x00000276
	adds r0, r4, r1
	ldrh r0, [r0, #0x00]
	subs r0, r2, r0
	cmp r3, r0
	ble _0802BBBE
	adds r0, r5, r1
	ldrh r0, [r0, #0x00]
	subs r0, r3, r0
	cmp r0, r2
	bge _0802BBBE
	movs r2, #0x01
	mov r12, r2
_0802BBBE:
	mov r3, r12
	cmp r3, #0x00
	beq _0802BBEA
_0802BBC4:
	movs r7, #0x83
	lsls r7, r7, #0x02
	adds r0, r4, r7
	ldrb r0, [r0, #0x00]
	lsls r0, r0, #0x1C
	lsrs r0, r0, #0x1D
	movs r2, #0xD0
	lsls r2, r2, #0x02
	adds r1, r5, r2
	strb r0, [r1, #0x00]
	b _0802BBEA
	.byte 0x00, 0x00
_0802BBDC: .4byte 0x00000276
_0802BBE0:
	subs r6, #0x01
	adds r7, #0x04
	cmp r6, #0x00
	beq _0802BBEA
	b _0802BA42
_0802BBEA:
	movs r3, #0xCF
	lsls r3, r3, #0x02
	adds r0, r5, r3
	ldrb r1, [r0, #0x00]
	movs r0, #0x7F
	ands r0, r1
	cmp r0, #0x7F
	bne _0802BC32
	movs r1, #0x8D
	lsls r1, r1, #0x01
	add r1, r9
	ldrb r0, [r1, #0x00]
	cmp r0, #0x00
	beq _0802BC32
	lsls r0, r0, #0x02
	adds r0, #0x28
	mov r7, r9
	adds r6, r7, r0
	ldr r0, _0802BC18 @ =0x0000011B
	add r0, r9
	ldrb r4, [r0, #0x00]
	b _0802BC20
	.byte 0x00, 0x00
_0802BC18: .4byte 0x0000011B
_0802BC1C:
	subs r4, #0x01
	adds r6, #0x04
_0802BC20:
	cmp r4, #0x00
	beq _0802BC32
	ldr r1, [r6, #0x00]
	adds r0, r5, #0x0
	bl sub_804B028
	lsls r0, r0, #0x18
	cmp r0, #0x00
	beq _0802BC1C
_0802BC32:
	ldr r0, _0802BC94 @ =0x00000209
	add r0, r9
	ldrb r1, [r0, #0x00]
	movs r0, #0x01
	ands r0, r1
	cmp r0, #0x00
	bne _0802BD16
	movs r0, #0x95
	lsls r0, r0, #0x01
	add r0, r9
	ldrb r0, [r0, #0x00]
	cmp r0, #0x00
	beq _0802BD16
	cmp r0, #0x02
	bhi _0802BD16
	movs r6, #0x82
	lsls r6, r6, #0x02
	add r6, r9
	ldrb r1, [r6, #0x00]
	movs r0, #0x10
	ands r0, r1
	cmp r0, #0x00
	bne _0802BC6E
	ldr r1, _0802BC98 @ =0x00000352
	adds r0, r5, r1
	ldrb r1, [r0, #0x00]
	movs r0, #0x80
	ands r0, r1
	cmp r0, #0x00
	beq _0802BD16
_0802BC6E:
	movs r2, #0xD0
	lsls r2, r2, #0x02
	adds r0, r5, r2
	ldrb r2, [r0, #0x00]
	cmp r2, #0x02
	bne _0802BC9C
	adds r0, r5, #0x0
	movs r1, #0x01
	bl sub_8049BD8
	ldr r3, _0802BC98 @ =0x00000352
	adds r0, r5, r3
	ldrb r1, [r0, #0x00]
	movs r0, #0x80
	ands r0, r1
	cmp r0, #0x00
	bne _0802BD08
	ldrb r0, [r6, #0x00]
	b _0802BCFA
_0802BC94: .4byte 0x00000209
_0802BC98: .4byte 0x00000352
_0802BC9C:
	ldr r7, _0802BCC8 @ =0x00000352
	adds r4, r5, r7
	ldrb r1, [r4, #0x00]
	movs r7, #0x80
	adds r0, r7, #0x0
	ands r0, r1
	cmp r0, #0x00
	beq _0802BCCC
	cmp r2, #0x03
	bne _0802BCCC
	adds r0, r5, #0x0
	movs r1, #0x02
	bl sub_8049BD8
	ldrb r1, [r4, #0x00]
	adds r0, r7, #0x0
	ands r0, r1
	cmp r0, #0x00
	bne _0802BD08
	ldrb r0, [r6, #0x00]
	b _0802BCFA
	.byte 0x00, 0x00
_0802BCC8: .4byte 0x00000352
_0802BCCC:
	ldr r1, _0802BD00 @ =0x00000341
	adds r0, r5, r1
	movs r2, #0xD0
	lsls r2, r2, #0x02
	adds r1, r5, r2
	ldrb r0, [r0, #0x00]
	ldrb r1, [r1, #0x00]
	cmp r0, r1
	beq _0802BD1C
	adds r0, r5, #0x0
	bl sub_804FC90
	ldr r3, _0802BD04 @ =0x00000352
	adds r0, r5, r3
	ldrb r1, [r0, #0x00]
	movs r0, #0x80
	ands r0, r1
	cmp r0, #0x00
	bne _0802BD08
	movs r0, #0x82
	lsls r0, r0, #0x02
	add r0, r9
	ldrb r0, [r0, #0x00]
_0802BCFA:
	lsls r0, r0, #0x1B
	lsrs r2, r0, #0x1F
	b _0802BD0A
_0802BD00: .4byte 0x00000341
_0802BD04: .4byte 0x00000352
_0802BD08:
	movs r2, #0x00
_0802BD0A:
	mov r0, r9
	adds r1, r5, #0x0
	movs r3, #0x00
	bl sub_802DDB4
	b _0802BD1C
_0802BD16:
	adds r0, r5, #0x0
	bl sub_804FC90
_0802BD1C:
	add sp, #0x004
	pop {r3, r4, r5}
	mov r8, r3
	mov r9, r4
	mov r10, r5
	pop {r4, r5, r6, r7}
	pop {r0}
	bx r0
	thumb_func_start sub_802BD2C
sub_802BD2C:
	push {r4, r5, r6, r7, lr}
	mov r7, r10
	mov r6, r9
	mov r5, r8
	push {r5, r6, r7}
	adds r6, r0, #0x0
	movs r0, #0x00
	mov r10, r0
	movs r1, #0x82
	lsls r1, r1, #0x02
	adds r0, r6, r1
	ldrb r1, [r0, #0x00]
	movs r0, #0x10
	ands r0, r1
	cmp r0, #0x00
	bne _0802BD4E
	b _0802BF9E
_0802BD4E:
	movs r2, #0x80
	lsls r2, r2, #0x02
	adds r7, r6, r2
	ldr r3, [r7, #0x00]
	ldr r4, [r3, #0x0C]
	ldr r0, [r3, #0x34]
	cmp r4, r0
	bne _0802BD68
	ldr r1, [r3, #0x10]
	ldr r0, [r3, #0x38]
	cmp r1, r0
	bne _0802BD68
	b _0802BF56
_0802BD68:
	movs r0, #0x81
	lsls r0, r0, #0x02
	adds r5, r6, r0
	ldr r2, [r5, #0x00]
	ldr r0, [r2, #0x0C]
	subs r4, r4, r0
	mov r8, r4
	ldr r1, [r3, #0x10]
	ldr r0, [r2, #0x10]
	subs r1, r1, r0
	mov r9, r1
	ldr r1, _0802BF10 @ =0x0000020A
	adds r2, r6, r1
	ldrb r1, [r2, #0x00]
	lsrs r3, r1, #0x02
	movs r0, #0x01
	ands r3, r0
	mov r12, r3
	subs r0, #0x06
	ands r0, r1
	strb r0, [r2, #0x00]
	movs r0, #0x90
	lsls r0, r0, #0x02
	adds r4, r6, r0
	movs r1, #0x00
	ldsh r3, [r4, r1]
	cmp r8, r3
	ble _0802BDB2
	ldr r1, [r7, #0x00]
	ldr r0, [r5, #0x00]
	ldr r0, [r0, #0x0C]
	adds r0, r0, r3
	str r0, [r1, #0x0C]
	ldrb r0, [r2, #0x00]
	movs r1, #0x04
	orrs r0, r1
	strb r0, [r2, #0x00]
_0802BDB2:
	movs r0, #0x00
	ldsh r3, [r4, r0]
	mov r1, r8
	cmn r1, r3
	bge _0802BDCE
	ldr r1, [r7, #0x00]
	ldr r0, [r5, #0x00]
	ldr r0, [r0, #0x0C]
	subs r0, r0, r3
	str r0, [r1, #0x0C]
	ldrb r0, [r2, #0x00]
	movs r1, #0x04
	orrs r0, r1
	strb r0, [r2, #0x00]
_0802BDCE:
	movs r0, #0x00
	ldsh r3, [r4, r0]
	cmp r9, r3
	ble _0802BDE8
	ldr r1, [r7, #0x00]
	ldr r0, [r5, #0x00]
	ldr r0, [r0, #0x10]
	adds r0, r0, r3
	str r0, [r1, #0x10]
	ldrb r0, [r2, #0x00]
	movs r1, #0x04
	orrs r0, r1
	strb r0, [r2, #0x00]
_0802BDE8:
	movs r1, #0x00
	ldsh r3, [r4, r1]
	mov r0, r9
	cmn r0, r3
	bge _0802BE04
	ldr r1, [r7, #0x00]
	ldr r0, [r5, #0x00]
	ldr r0, [r0, #0x10]
	subs r0, r0, r3
	str r0, [r1, #0x10]
	ldrb r0, [r2, #0x00]
	movs r1, #0x04
	orrs r0, r1
	strb r0, [r2, #0x00]
_0802BE04:
	ldrb r1, [r2, #0x00]
	movs r0, #0x04
	ands r0, r1
	cmp r0, #0x00
	bne _0802BE10
	b _0802BF30
_0802BE10:
	adds r0, r6, #0x0
	movs r1, #0x00
	bl sub_802DF80
	ldr r2, [r7, #0x00]
	ldr r1, [r2, #0x0C]
	ldr r0, [r2, #0x34]
	cmp r1, r0
	beq _0802BE24
	b _0802BF24
_0802BE24:
	ldr r1, [r2, #0x10]
	ldr r0, [r2, #0x38]
	cmp r1, r0
	bne _0802BF24
	ldr r3, [r2, #0x14]
	ldr r0, [r2, #0x3C]
	cmp r3, r0
	bne _0802BF1C
	ldr r0, [r2, #0x18]
	cmp r0, #0x00
	bne _0802BF1C
	ldr r1, [r5, #0x00]
	ldr r0, [r1, #0x18]
	cmp r0, #0x00
	bne _0802BF1C
	ldr r0, [r1, #0x14]
	movs r1, #0x80
	lsls r1, r1, #0x05
	adds r0, r0, r1
	cmp r0, r3
	blt _0802BF1C
	movs r2, #0x9B
	lsls r2, r2, #0x02
	adds r1, r6, r2
	ldrb r0, [r1, #0x00]
	adds r2, r0, #0x1
	strb r2, [r1, #0x00]
	movs r4, #0x00
	ldr r3, _0802BF14 @ =0x00000246
	adds r0, r6, r3
	ldrb r0, [r0, #0x00]
	movs r1, #0x1C
	ands r1, r0
	cmp r1, #0x08
	beq _0802BE6E
	cmp r1, #0x0C
	bne _0802BE8E
_0802BE6E:
	lsls r0, r2, #0x18
	asrs r0, r0, #0x18
	cmp r0, #0x0A
	bne _0802BE8E
	movs r0, #0x08
	eors r0, r1
	negs r1, r0
	orrs r1, r0
	lsrs r1, r1, #0x1F
	adds r0, r6, #0x0
	bl sub_802E688
	lsls r0, r0, #0x18
	cmp r0, #0x00
	beq _0802BE8E
	movs r4, #0x01
_0802BE8E:
	cmp r4, #0x00
	beq _0802BF60
	adds r0, r6, #0x0
	movs r1, #0x00
	movs r2, #0x01
	movs r3, #0x01
	bl sub_802E754
	movs r5, #0x81
	lsls r5, r5, #0x02
	adds r4, r6, r5
	ldr r0, [r4, #0x00]
	movs r1, #0x80
	lsls r1, r1, #0x01
	adds r3, r6, r1
	ldrh r2, [r3, #0x00]
	adds r5, #0x5C
	adds r1, r0, r5
	movs r5, #0x00
	strh r2, [r1, #0x00]
	ldrh r1, [r3, #0x00]
	ldr r2, _0802BF18 @ =0x0000023E
	adds r0, r0, r2
	strh r1, [r0, #0x00]
	ldr r1, [r4, #0x00]
	movs r3, #0xA5
	lsls r3, r3, #0x02
	adds r0, r1, r3
	ldr r2, [r0, #0x00]
	adds r0, r6, #0x0
	adds r0, #0xFB
	ldrb r0, [r0, #0x00]
	lsrs r0, r0, #0x03
	subs r3, #0x5B
	adds r1, r1, r3
	strb r0, [r1, #0x00]
	adds r2, #0x20
	strb r0, [r2, #0x00]
	ldr r0, [r4, #0x00]
	movs r2, #0x91
	lsls r2, r2, #0x02
	adds r1, r0, r2
	strh r5, [r1, #0x00]
	adds r3, #0x09
	adds r0, r0, r3
	strh r5, [r0, #0x00]
	movs r5, #0x80
	lsls r5, r5, #0x02
	adds r0, r6, r5
	ldr r2, [r0, #0x00]
	ldr r1, [r4, #0x00]
	adds r5, #0x0C
	adds r1, r1, r5
	ldrb r0, [r1, #0x00]
	movs r4, #0x40
	orrs r0, r4
	movs r3, #0x80
	orrs r0, r3
	strb r0, [r1, #0x00]
	adds r2, r2, r5
	ldrb r0, [r2, #0x00]
	orrs r0, r4
	orrs r0, r3
	strb r0, [r2, #0x00]
	b _0802BF60
_0802BF10: .4byte 0x0000020A
_0802BF14: .4byte 0x00000246
_0802BF18: .4byte 0x0000023E
_0802BF1C:
	movs r0, #0x9B
	lsls r0, r0, #0x02
	adds r1, r6, r0
	b _0802BF2A
_0802BF24:
	movs r2, #0x9B
	lsls r2, r2, #0x02
	adds r1, r6, r2
_0802BF2A:
	movs r0, #0x00
	strb r0, [r1, #0x00]
	b _0802BF60
_0802BF30:
	movs r3, #0x9B
	lsls r3, r3, #0x02
	adds r0, r6, r3
	mov r1, r10
	strb r1, [r0, #0x00]
	mov r2, r12
	cmp r2, #0x00
	beq _0802BF60
	ldr r1, [r5, #0x00]
	ldr r0, [r1, #0x34]
	str r0, [r1, #0x0C]
	ldr r1, [r5, #0x00]
	ldr r0, [r1, #0x38]
	str r0, [r1, #0x10]
	adds r0, r6, #0x0
	movs r1, #0x00
	bl sub_802DF80
	b _0802BF60
_0802BF56:
	movs r3, #0x9B
	lsls r3, r3, #0x02
	adds r0, r6, r3
	mov r5, r10
	strb r5, [r0, #0x00]
_0802BF60:
	movs r1, #0x9B
	lsls r1, r1, #0x02
	adds r0, r6, r1
	ldrb r0, [r0, #0x00]
	lsls r0, r0, #0x18
	asrs r0, r0, #0x18
	cmp r0, #0x00
	bne _0802BF9E
	movs r2, #0x81
	lsls r2, r2, #0x02
	adds r3, r6, r2
	ldr r0, [r3, #0x00]
	movs r5, #0xDA
	lsls r5, r5, #0x02
	adds r0, r0, r5
	ldr r2, [r0, #0x00]
	ldrb r5, [r2, #0x15]
	movs r1, #0x15
	ldsb r1, [r2, r1]
	movs r0, #0x01
	negs r0, r0
	cmp r1, r0
	beq _0802BF9E
	strb r5, [r2, #0x11]
	ldr r0, [r3, #0x00]
	movs r1, #0xDA
	lsls r1, r1, #0x02
	adds r0, r0, r1
	ldr r1, [r0, #0x00]
	movs r0, #0xFF
	strb r0, [r1, #0x15]
_0802BF9E:
	mov r0, r10
	pop {r3, r4, r5}
	mov r8, r3
	mov r9, r4
	mov r10, r5
	pop {r4, r5, r6, r7}
	pop {r1}
	bx r1
	.byte 0x00, 0x00
	thumb_func_start sub_802BFB0
sub_802BFB0:
	push {r4, r5, lr}
	mov r12, r0
	lsls r2, r1, #0x18
	movs r3, #0x80
	lsls r3, r3, #0x02
	add r3, r12
	ldr r0, [r3, #0x00]
	strb r1, [r0, #0x02]
	lsrs r2, r2, #0x1D
	lsls r2, r2, #0x02
	ldr r0, _0802C00C @ =0x0839F584
	adds r4, r2, r0
	ldr r1, [r3, #0x00]
	ldr r2, _0802C010 @ =0x0000023E
	adds r0, r1, r2
	movs r3, #0x00
	ldsh r2, [r0, r3]
	movs r5, #0x00
	ldsh r0, [r4, r5]
	muls r0, r2
	cmp r0, #0x00
	bge _0802BFDE
	adds r0, #0xFF
_0802BFDE:
	asrs r3, r0, #0x08
	ldr r5, _0802C014 @ =0x00000353
	adds r0, r1, r5
	ldrb r0, [r0, #0x00]
	lsls r0, r0, #0x1A
	lsrs r1, r0, #0x1E
	asrs r3, r1
	movs r5, #0x02
	ldsh r0, [r4, r5]
	muls r2, r0
	cmp r2, #0x00
	bge _0802BFF8
	adds r2, #0xFF
_0802BFF8:
	asrs r2, r2, #0x08
	asrs r2, r1
	cmp r3, #0x00
	ble _0802C018
	adds r3, #0x3F
	movs r0, #0x40
	negs r0, r0
	ands r3, r0
	b _0802C028
	.byte 0x00, 0x00
_0802C00C: .4byte 0x0839F584
_0802C010: .4byte 0x0000023E
_0802C014: .4byte 0x00000353
_0802C018:
	cmp r3, #0x00
	bge _0802C028
	negs r3, r3
	adds r3, #0x3F
	movs r0, #0x40
	negs r0, r0
	ands r3, r0
	negs r3, r3
_0802C028:
	cmp r2, #0x00
	ble _0802C036
	adds r2, #0x3F
	movs r0, #0x40
	negs r0, r0
	ands r2, r0
	b _0802C046
_0802C036:
	cmp r2, #0x00
	bge _0802C046
	negs r2, r2
	adds r2, #0x3F
	movs r0, #0x40
	negs r0, r0
	ands r2, r0
	negs r2, r2
_0802C046:
	movs r0, #0x80
	lsls r0, r0, #0x02
	add r0, r12
	ldr r1, [r0, #0x00]
	ldr r4, _0802C064 @ =0x00000242
	adds r1, r1, r4
	strh r3, [r1, #0x00]
	ldr r0, [r0, #0x00]
	movs r5, #0x91
	lsls r5, r5, #0x02
	adds r0, r0, r5
	strh r2, [r0, #0x00]
	pop {r4, r5}
	pop {r0}
	bx r0
_0802C064: .4byte 0x00000242
	thumb_func_start sub_802C068
sub_802C068:
	push {r4, r5, r6, lr}
	mov r12, r0
	adds r4, r1, #0x0
	movs r0, #0xAE
	lsls r0, r0, #0x02
	add r0, r12
	ldrb r1, [r0, #0x00]
	movs r0, #0x10
	ands r0, r1
	cmp r0, #0x00
	beq _0802C080
	b _0802C1FE
_0802C080:
	movs r3, #0x80
	lsls r3, r3, #0x02
	add r3, r12
	ldr r2, [r3, #0x00]
	ldr r1, _0802C0DC @ =0x000002B5
	adds r0, r2, r1
	ldrb r1, [r0, #0x00]
	movs r0, #0x07
	ands r0, r1
	cmp r0, #0x00
	beq _0802C098
	b _0802C1FE
_0802C098:
	movs r0, #0x95
	lsls r0, r0, #0x01
	add r0, r12
	ldrb r0, [r0, #0x00]
	cmp r0, #0x02
	beq _0802C0A6
	b _0802C1E4
_0802C0A6:
	ldr r5, _0802C0E0 @ =0x00000351
	adds r0, r2, r5
	ldrb r1, [r0, #0x00]
	movs r0, #0x40
	ands r0, r1
	lsls r0, r0, #0x18
	lsrs r5, r0, #0x18
	cmp r5, #0x00
	beq _0802C0BA
	b _0802C1E4
_0802C0BA:
	cmp r4, #0x00
	bne _0802C0C0
	b _0802C1E4
_0802C0C0:
	ldrh r0, [r4, #0x00]
	movs r1, #0xF0
	ands r1, r0
	lsrs r1, r1, #0x04
	ldr r0, _0802C0E4 @ =0x0839F910
	adds r1, r1, r0
	ldrb r1, [r1, #0x00]
	cmp r1, #0xFF
	beq _0802C0E8
	mov r0, r12
	bl sub_802BFB0
	b _0802C1FE
	.byte 0x00, 0x00
_0802C0DC: .4byte 0x000002B5
_0802C0E0: .4byte 0x00000351
_0802C0E4: .4byte 0x0839F910
_0802C0E8:
	movs r6, #0x04
	ldsh r0, [r2, r6]
	cmp r0, #0x04
	bne _0802C1CC
	ldr r1, _0802C130 @ =0x00000362
	adds r0, r2, r1
	ldrh r1, [r0, #0x00]
	ldr r4, _0802C134 @ =0x00000242
	adds r0, r2, r4
	strh r1, [r0, #0x00]
	ldr r2, [r3, #0x00]
	movs r6, #0xD9
	lsls r6, r6, #0x02
	adds r0, r2, r6
	ldrh r1, [r0, #0x00]
	movs r6, #0x91
	lsls r6, r6, #0x02
	adds r0, r2, r6
	strh r1, [r0, #0x00]
	ldr r0, [r3, #0x00]
	adds r1, r0, r4
	ldrh r0, [r1, #0x00]
	movs r6, #0x00
	ldsh r2, [r1, r6]
	cmp r2, #0x00
	ble _0802C138
	subs r0, #0x08
	strh r0, [r1, #0x00]
	ldr r0, [r3, #0x00]
	adds r1, r0, r4
	movs r2, #0x00
	ldsh r0, [r1, r2]
	cmp r0, #0x00
	bge _0802C14E
	b _0802C14C
	.byte 0x00, 0x00
_0802C130: .4byte 0x00000362
_0802C134: .4byte 0x00000242
_0802C138:
	cmp r2, #0x00
	bge _0802C14E
	adds r0, #0x08
	strh r0, [r1, #0x00]
	ldr r0, [r3, #0x00]
	adds r1, r0, r4
	movs r4, #0x00
	ldsh r0, [r1, r4]
	cmp r0, #0x00
	ble _0802C14E
_0802C14C:
	strh r5, [r1, #0x00]
_0802C14E:
	movs r3, #0x80
	lsls r3, r3, #0x02
	add r3, r12
	ldr r0, [r3, #0x00]
	movs r4, #0x91
	lsls r4, r4, #0x02
	adds r2, r0, r4
	ldrh r0, [r2, #0x00]
	movs r5, #0x00
	ldsh r1, [r2, r5]
	cmp r1, #0x00
	ble _0802C178
	subs r0, #0x08
	strh r0, [r2, #0x00]
	ldr r0, [r3, #0x00]
	adds r1, r0, r4
	movs r6, #0x00
	ldsh r0, [r1, r6]
	cmp r0, #0x00
	bge _0802C190
	b _0802C18C
_0802C178:
	cmp r1, #0x00
	bge _0802C190
	adds r0, #0x08
	strh r0, [r2, #0x00]
	ldr r0, [r3, #0x00]
	adds r1, r0, r4
	movs r2, #0x00
	ldsh r0, [r1, r2]
	cmp r0, #0x00
	ble _0802C190
_0802C18C:
	movs r0, #0x00
	strh r0, [r1, #0x00]
_0802C190:
	movs r3, #0x80
	lsls r3, r3, #0x02
	add r3, r12
	ldr r1, [r3, #0x00]
	ldr r2, _0802C1C8 @ =0x0000023E
	adds r1, r1, r2
	ldrh r0, [r1, #0x00]
	subs r0, #0x08
	strh r0, [r1, #0x00]
	ldr r0, [r3, #0x00]
	adds r1, r0, r2
	movs r4, #0x00
	ldsh r0, [r1, r4]
	cmp r0, #0x00
	bge _0802C1B2
	movs r0, #0x00
	strh r0, [r1, #0x00]
_0802C1B2:
	movs r0, #0x81
	lsls r0, r0, #0x02
	add r0, r12
	ldr r1, [r0, #0x00]
	ldr r0, [r3, #0x00]
	adds r0, r0, r2
	ldrh r0, [r0, #0x00]
	adds r1, r1, r2
	strh r0, [r1, #0x00]
	b _0802C1FE
	.byte 0x00, 0x00
_0802C1C8: .4byte 0x0000023E
_0802C1CC:
	ldr r6, _0802C1E0 @ =0x00000242
	adds r0, r2, r6
	strh r5, [r0, #0x00]
	ldr r0, [r3, #0x00]
	movs r1, #0x91
	lsls r1, r1, #0x02
	adds r0, r0, r1
	strh r5, [r0, #0x00]
	b _0802C1FE
	.byte 0x00, 0x00
_0802C1E0: .4byte 0x00000242
_0802C1E4:
	movs r2, #0x80
	lsls r2, r2, #0x02
	add r2, r12
	ldr r0, [r2, #0x00]
	ldr r4, _0802C204 @ =0x00000242
	adds r0, r0, r4
	movs r1, #0x00
	strh r1, [r0, #0x00]
	ldr r0, [r2, #0x00]
	movs r5, #0x91
	lsls r5, r5, #0x02
	adds r0, r0, r5
	strh r1, [r0, #0x00]
_0802C1FE:
	pop {r4, r5, r6}
	pop {r0}
	bx r0
_0802C204: .4byte 0x00000242
	thumb_func_start sub_802C208
sub_802C208:
	push {r4, r5, r6, r7, lr}
	mov r7, r8
	push {r7}
	adds r2, r0, #0x0
	ldr r1, _0802C234 @ =0x0000020B
	adds r0, r2, r1
	ldrb r1, [r0, #0x00]
	movs r0, #0x04
	ands r0, r1
	cmp r0, #0x00
	bne _0802C238
	movs r3, #0x81
	lsls r3, r3, #0x02
	adds r0, r2, r3
	ldr r4, [r0, #0x00]
	movs r1, #0x80
	lsls r1, r1, #0x02
	adds r0, r2, r1
	ldr r6, [r0, #0x00]
	movs r7, #0x00
	b _0802C24A
	.byte 0x00, 0x00
_0802C234: .4byte 0x0000020B
_0802C238:
	movs r3, #0x81
	lsls r3, r3, #0x02
	adds r0, r2, r3
	ldr r6, [r0, #0x00]
	movs r1, #0x80
	lsls r1, r1, #0x02
	adds r0, r2, r1
	ldr r4, [r0, #0x00]
	movs r7, #0x04
_0802C24A:
	ldr r3, _0802C35C @ =0x000002B5
	adds r0, r4, r3
	ldrb r1, [r0, #0x00]
	movs r0, #0x07
	mov r8, r0
	ands r0, r1
	cmp r0, #0x00
	beq _0802C25C
	b _0802C386
_0802C25C:
	ldr r1, _0802C360 @ =0x00000351
	adds r0, r4, r1
	ldrb r1, [r0, #0x00]
	movs r0, #0x40
	ands r0, r1
	cmp r0, #0x00
	beq _0802C26C
	b _0802C37C
_0802C26C:
	subs r3, #0xAD
	adds r0, r2, r3
	ldrb r3, [r0, #0x00]
	movs r5, #0x10
	adds r0, r5, #0x0
	ands r0, r3
	cmp r0, #0x00
	bne _0802C27E
	b _0802C37C
_0802C27E:
	ldr r1, _0802C364 @ =0x00000359
	adds r0, r6, r1
	ldrb r1, [r0, #0x00]
	adds r0, r5, #0x0
	ands r0, r1
	cmp r0, #0x00
	bne _0802C294
	movs r0, #0x20
	ands r0, r3
	cmp r0, #0x00
	beq _0802C37C
_0802C294:
	movs r3, #0xD6
	lsls r3, r3, #0x02
	adds r5, r4, r3
	ldrh r6, [r5, #0x00]
	lsls r0, r6, #0x14
	lsrs r0, r0, #0x18
	mov r12, r0
	ldr r1, _0802C368 @ =0x0000023E
	adds r0, r4, r1
	movs r3, #0x00
	ldsh r1, [r0, r3]
	ldr r3, _0802C36C @ =0x00000353
	adds r0, r4, r3
	ldrb r0, [r0, #0x00]
	lsls r0, r0, #0x1A
	lsrs r0, r0, #0x1E
	asrs r1, r0
	cmp r1, #0x00
	bge _0802C2BC
	adds r1, #0x3F
_0802C2BC:
	asrs r1, r1, #0x06
	add r1, r12
	movs r0, #0xFF
	ands r1, r0
	lsls r1, r1, #0x04
	ldr r0, _0802C370 @ =0xFFFFF00F
	ands r0, r6
	orrs r0, r1
	strh r0, [r5, #0x00]
	lsls r0, r0, #0x14
	lsrs r0, r0, #0x18
	movs r1, #0x8F
	lsls r1, r1, #0x02
	adds r2, r2, r1
	ldr r1, [r2, #0x00]
	lsls r0, r0, #0x03
	adds r0, r0, r1
	ldr r0, [r0, #0x00]
	ldr r1, [r4, #0x0C]
	subs r0, r0, r1
	ldr r1, _0802C374 @ =0x00000242
	adds r3, r4, r1
	strh r0, [r3, #0x00]
	ldrh r0, [r5, #0x00]
	lsls r0, r0, #0x14
	lsrs r0, r0, #0x18
	ldr r1, [r2, #0x00]
	lsls r0, r0, #0x03
	adds r0, r0, r1
	ldr r1, [r0, #0x04]
	ldr r0, [r4, #0x10]
	subs r1, r1, r0
	movs r2, #0x91
	lsls r2, r2, #0x02
	adds r0, r4, r2
	strh r1, [r0, #0x00]
	movs r2, #0x00
	ldsh r0, [r3, r2]
	cmp r0, #0x00
	bne _0802C312
	lsls r0, r1, #0x10
	cmp r0, #0x00
	beq _0802C386
_0802C312:
	negs r0, r1
	lsls r0, r0, #0x10
	asrs r0, r0, #0x10
	movs r2, #0x00
	ldsh r1, [r3, r2]
	bl sub_81DA690
	ldr r1, _0802C378 @ =0x0839F620
	lsls r0, r0, #0x10
	lsrs r0, r0, #0x1C
	adds r0, r0, r1
	ldrb r0, [r0, #0x00]
	adds r7, r7, r0
	mov r3, r8
	ands r7, r3
	lsls r0, r7, #0x05
	strb r0, [r4, #0x02]
	movs r1, #0x85
	lsls r1, r1, #0x02
	adds r0, r4, r1
	ldrb r0, [r0, #0x00]
	lsls r0, r0, #0x1D
	lsrs r0, r0, #0x1D
	cmp r0, #0x02
	bls _0802C386
	adds r2, r4, #0x0
	adds r2, #0x24
	movs r0, #0x07
	ands r7, r0
	ldrb r1, [r2, #0x00]
	movs r0, #0x08
	negs r0, r0
	ands r0, r1
	orrs r0, r7
	strb r0, [r2, #0x00]
	b _0802C386
	.byte 0x00, 0x00
_0802C35C: .4byte 0x000002B5
_0802C360: .4byte 0x00000351
_0802C364: .4byte 0x00000359
_0802C368: .4byte 0x0000023E
_0802C36C: .4byte 0x00000353
_0802C370: .4byte 0xFFFFF00F
_0802C374: .4byte 0x00000242
_0802C378: .4byte 0x0839F620
_0802C37C:
	adds r0, r2, #0x0
	movs r1, #0x00
	movs r2, #0x01
	bl sub_802C4D4
_0802C386:
	pop {r3}
	mov r8, r3
	pop {r4, r5, r6, r7}
	pop {r0}
	bx r0
	thumb_func_start sub_802C390
sub_802C390:
	push {lr}
	adds r2, r0, #0x0
	ldr r1, _0802C3D8 @ =0x0000020A
	adds r0, r2, r1
	ldrh r0, [r0, #0x00]
	subs r1, #0x8A
	ands r1, r0
	movs r0, #0x80
	lsls r0, r0, #0x01
	cmp r1, r0
	beq _0802C3BC
	cmp r1, #0x00
	bne _0802C3E0
	ldr r0, _0802C3DC @ =0x0300034C
	adds r0, #0x78
	ldrh r1, [r0, #0x00]
	lsls r1, r1, #0x16
	lsrs r1, r1, #0x16
	movs r0, #0x33
	ands r0, r1
	cmp r0, #0x00
	bne _0802C3E0
_0802C3BC:
	movs r3, #0x91
	lsls r3, r3, #0x02
	adds r2, r2, r3
	ldrh r3, [r2, #0x00]
	movs r0, #0x00
	ldsh r1, [r2, r0]
	movs r0, #0x38
	negs r0, r0
	cmp r1, r0
	ble _0802C41A
	adds r0, r3, #0x0
	subs r0, #0x08
	strh r0, [r2, #0x00]
	b _0802C41A
_0802C3D8: .4byte 0x0000020A
_0802C3DC: .4byte 0x0300034C
_0802C3E0:
	ldr r1, _0802C420 @ =0x0000020A
	adds r0, r2, r1
	ldrh r0, [r0, #0x00]
	subs r1, #0x8A
	ands r1, r0
	cmp r1, #0x80
	beq _0802C404
	cmp r1, #0x00
	bne _0802C41A
	ldr r0, _0802C424 @ =0x0300034C
	adds r0, #0x78
	ldrh r1, [r0, #0x00]
	lsls r1, r1, #0x16
	lsrs r1, r1, #0x16
	movs r0, #0x33
	ands r0, r1
	cmp r0, #0x00
	beq _0802C41A
_0802C404:
	movs r3, #0x91
	lsls r3, r3, #0x02
	adds r1, r2, r3
	ldrh r2, [r1, #0x00]
	movs r3, #0x00
	ldsh r0, [r1, r3]
	cmp r0, #0x00
	bge _0802C41A
	adds r0, r2, #0x0
	adds r0, #0x08
	strh r0, [r1, #0x00]
_0802C41A:
	pop {r0}
	bx r0
	.byte 0x00, 0x00
_0802C420: .4byte 0x0000020A
_0802C424: .4byte 0x0300034C
	thumb_func_start sub_802C428
sub_802C428:
	push {r4, r5, lr}
	add sp, #-0x004
	adds r3, r0, #0x0
	lsls r1, r1, #0x02
	adds r0, #0x28
	adds r0, r0, r1
	ldr r5, [r0, #0x00]
	movs r1, #0xDA
	lsls r1, r1, #0x02
	adds r0, r5, r1
	ldr r4, [r0, #0x00]
	subs r1, #0x16
	adds r0, r5, r1
	ldrb r1, [r0, #0x00]
	movs r0, #0x80
	ands r0, r1
	cmp r0, #0x00
	beq _0802C452
	cmp r2, #0x00
	ble _0802C46E
	b _0802C46C
_0802C452:
	movs r1, #0x82
	lsls r1, r1, #0x02
	adds r0, r3, r1
	ldrb r1, [r0, #0x00]
	movs r0, #0x10
	ands r0, r1
	cmp r0, #0x00
	bne _0802C466
	cmp r2, #0x00
	bgt _0802C46C
_0802C466:
	ldrb r0, [r4, #0x00]
	cmp r0, #0x0A
	bne _0802C46E
_0802C46C:
	subs r2, #0x01
_0802C46E:
	ldr r1, _0802C4C4 @ =0x00000352
	adds r0, r5, r1
	ldrb r1, [r0, #0x00]
	lsrs r1, r1, #0x07
	movs r0, #0x01
	eors r1, r0
	adds r0, r4, #0x0
	adds r0, #0x10
	adds r0, r0, r1
	movs r4, #0x00
	strb r2, [r0, #0x00]
	ldr r0, [r3, #0x1C]
	ldr r2, [r0, #0x10]
	ldr r1, _0802C4C8 @ =0x0839F954
	movs r3, #0xDA
	lsls r3, r3, #0x02
	adds r0, r5, r3
	ldr r0, [r0, #0x00]
	ldrb r3, [r0, #0x02]
	adds r1, r3, r1
	ldrb r1, [r1, #0x00]
	lsls r1, r1, #0x05
	ldr r0, [r2, #0x08]
	adds r0, r0, r1
	adds r1, r5, #0x0
	adds r1, #0x54
	ldrb r1, [r1, #0x00]
	lsls r1, r1, #0x0A
	ldr r2, _0802C4CC @ =0x06010DC0
	adds r1, r1, r2
	ldr r2, _0802C4D0 @ =0x0839F962
	adds r3, r3, r2
	ldrb r2, [r3, #0x00]
	lsls r2, r2, #0x05
	str r4, [sp, #0x000]
	movs r3, #0x20
	bl sub_8018218
	add sp, #0x004
	pop {r4, r5}
	pop {r0}
	bx r0
	.byte 0x00, 0x00
_0802C4C4: .4byte 0x00000352
_0802C4C8: .4byte 0x0839F954
_0802C4CC: .4byte 0x06010DC0
_0802C4D0: .4byte 0x0839F962
	thumb_func_start sub_802C4D4
sub_802C4D4:
	push {r4, r5, lr}
	mov r12, r0
	lsls r1, r1, #0x18
	lsls r2, r2, #0x18
	lsrs r5, r2, #0x18
	movs r0, #0x81
	lsls r0, r0, #0x02
	add r0, r12
	ldr r4, [r0, #0x00]
	movs r0, #0x80
	lsls r0, r0, #0x02
	add r0, r12
	ldr r2, [r0, #0x00]
	movs r3, #0x00
	cmp r1, #0x00
	beq _0802C500
	ldr r1, _0802C580 @ =0x00000242
	adds r0, r2, r1
	strh r3, [r0, #0x00]
	adds r1, #0x02
	adds r0, r2, r1
	strh r3, [r0, #0x00]
_0802C500:
	cmp r4, #0x00
	beq _0802C578
	cmp r5, #0x00
	beq _0802C578
	ldr r1, _0802C580 @ =0x00000242
	adds r0, r4, r1
	strh r3, [r0, #0x00]
	adds r1, #0x02
	adds r0, r4, r1
	strh r3, [r0, #0x00]
	movs r0, #0x82
	lsls r0, r0, #0x02
	add r0, r12
	ldrb r1, [r0, #0x00]
	movs r0, #0x10
	ands r0, r1
	cmp r0, #0x00
	beq _0802C578
	ldr r1, [r2, #0x0C]
	ldr r0, [r4, #0x0C]
	subs r3, r1, r0
	ldr r1, [r2, #0x10]
	ldr r0, [r4, #0x10]
	subs r0, r1, r0
	cmp r3, #0x00
	bne _0802C538
	cmp r0, #0x00
	beq _0802C578
_0802C538:
	negs r0, r0
	lsls r0, r0, #0x10
	asrs r0, r0, #0x10
	lsls r1, r3, #0x10
	asrs r1, r1, #0x10
	bl sub_81DA690
	ldr r1, _0802C584 @ =0x0839F620
	lsls r0, r0, #0x10
	lsrs r0, r0, #0x1C
	adds r0, r0, r1
	ldrb r3, [r0, #0x00]
	movs r0, #0x07
	ands r3, r0
	lsls r0, r3, #0x05
	strb r0, [r4, #0x02]
	movs r1, #0x85
	lsls r1, r1, #0x02
	adds r0, r4, r1
	ldrb r0, [r0, #0x00]
	lsls r0, r0, #0x1D
	lsrs r0, r0, #0x1D
	cmp r0, #0x02
	bls _0802C578
	adds r2, r4, #0x0
	adds r2, #0x24
	ldrb r1, [r2, #0x00]
	movs r0, #0x08
	negs r0, r0
	ands r0, r1
	orrs r0, r3
	strb r0, [r2, #0x00]
_0802C578:
	pop {r4, r5}
	pop {r0}
	bx r0
	.byte 0x00, 0x00
_0802C580: .4byte 0x00000242
_0802C584: .4byte 0x0839F620
	thumb_func_start sub_802C588
sub_802C588:
	push {r4, lr}
	adds r2, r0, #0x0
	adds r4, r1, #0x0
	movs r1, #0xDA
	lsls r1, r1, #0x02
	adds r0, r4, r1
	ldr r0, [r0, #0x00]
	ldrb r0, [r0, #0x02]
	cmp r0, #0x0D
	bls _0802C59E
	b _0802C76C
_0802C59E:
	lsls r0, r0, #0x02
	ldr r1, _0802C5A8 @ =0x0802C5AC
	adds r0, r0, r1
	ldr r0, [r0, #0x00]
	mov pc, r0
_0802C5A8: .4byte 0x0802C5AC
	.byte 0xE4, 0xC5, 0x02, 0x08, 0x96, 0xC6, 0x02, 0x08, 0xBE, 0xC6, 0x02, 0x08, 0x6C, 0xC7, 0x02, 0x08
	.byte 0x6C, 0xC7, 0x02, 0x08, 0x6C, 0xC7, 0x02, 0x08, 0x6C, 0xC7, 0x02, 0x08, 0x6C, 0xC7, 0x02, 0x08
	.byte 0xE4, 0xC6, 0x02, 0x08, 0x6C, 0xC7, 0x02, 0x08, 0x42, 0xC7, 0x02, 0x08, 0x6C, 0xC7, 0x02, 0x08
	.byte 0x6C, 0xC7, 0x02, 0x08, 0x66, 0xC7, 0x02, 0x08, 0x0F, 0x4B, 0xD0, 0x18, 0x00, 0x78, 0x1C, 0x23
	.byte 0x03, 0x40, 0x00, 0x2B, 0x03, 0xD0, 0x11, 0x1C, 0xFB, 0x31, 0x08, 0x2B, 0x18, 0xD1, 0x11, 0x1C
	.byte 0xFB, 0x31, 0x0A, 0x78, 0x04, 0x20, 0x10, 0x40, 0x00, 0x28, 0x11, 0xD0, 0xA5, 0x21, 0x89, 0x00
	.byte 0x60, 0x18, 0x00, 0x68, 0xD1, 0x08, 0x20, 0x30, 0x01, 0x70, 0x04, 0x4A, 0xA0, 0x18, 0x01, 0x70
	.byte 0x20, 0x1C, 0x1C, 0xF0, 0x01, 0xFE, 0xA3, 0xE0, 0x46, 0x02, 0x00, 0x00, 0x39, 0x02, 0x00, 0x00
	.byte 0xA5, 0x23, 0x9B, 0x00, 0xE0, 0x18, 0x00, 0x68, 0x09, 0x78, 0xC9, 0x08, 0x20, 0x30, 0x01, 0x70
	.byte 0x10, 0x4A, 0xA0, 0x18, 0x01, 0x70, 0x30, 0x3B, 0xE0, 0x18, 0x00, 0x22, 0x81, 0x5E, 0x02, 0x33
	.byte 0xE0, 0x18, 0x00, 0x23, 0xC2, 0x5E, 0x01, 0x23, 0x5B, 0x42, 0x20, 0x1C, 0x13, 0xF0, 0xCA, 0xFD
	.byte 0x02, 0x20, 0xA0, 0x80, 0x20, 0x1C, 0x54, 0x30, 0x00, 0x78, 0x00, 0x28, 0x0E, 0xD1, 0x06, 0x49
	.byte 0x60, 0x18, 0x01, 0x78, 0x08, 0x20, 0x08, 0x40, 0x2B, 0x22, 0x00, 0x28, 0x07, 0xD0, 0x2F, 0x22
	.byte 0x05, 0xE0, 0x00, 0x00, 0x39, 0x02, 0x00, 0x00, 0x5B, 0x03, 0x00, 0x00, 0x2B, 0x22, 0x01, 0x21
	.byte 0x49, 0x42, 0x10, 0x1C, 0xEC, 0xF7, 0x90, 0xFF, 0x6A, 0xE0, 0xA5, 0x23, 0x9B, 0x00, 0xE0, 0x18
	.byte 0x01, 0x68, 0xFB, 0x32, 0x10, 0x78, 0xC0, 0x08, 0x20, 0x31, 0x08, 0x70, 0x5B, 0x3B, 0xE1, 0x18
	.byte 0x08, 0x70, 0x11, 0x78, 0x89, 0x08, 0x01, 0x20, 0x01, 0x40, 0x20, 0x1C, 0x1C, 0xF0, 0x5A, 0xFE
	.byte 0x56, 0xE0, 0xA5, 0x21, 0x89, 0x00, 0x60, 0x18, 0x01, 0x68, 0x10, 0x1C, 0xFB, 0x30, 0x00, 0x78
	.byte 0xC0, 0x08, 0x20, 0x31, 0x08, 0x70, 0x03, 0x4A, 0xA1, 0x18, 0x08, 0x70, 0x20, 0x1C, 0x1C, 0xF0
	.byte 0xA9, 0xFE, 0x45, 0xE0, 0x39, 0x02, 0x00, 0x00, 0xA5, 0x23, 0x9B, 0x00, 0xE0, 0x18, 0x01, 0x68
	.byte 0x10, 0x1C, 0xFB, 0x30, 0x00, 0x78, 0xC0, 0x08, 0x20, 0x31, 0x08, 0x70, 0x5B, 0x3B, 0xE1, 0x18
	.byte 0x08, 0x70, 0x0C, 0x48, 0x23, 0x18, 0x00, 0x21, 0x59, 0x56, 0x01, 0x20, 0x40, 0x42, 0x81, 0x42
	.byte 0x14, 0xD0, 0x89, 0x00, 0x10, 0x1C, 0x28, 0x30, 0x40, 0x18, 0x00, 0x68, 0x06, 0x49, 0x40, 0x18
	.byte 0x01, 0x78, 0x38, 0x20, 0x08, 0x40, 0x20, 0x28, 0x08, 0xD1, 0x10, 0x1C, 0x21, 0x1C, 0x07, 0xF0
	.byte 0xE7, 0xFF, 0x1D, 0xE0, 0x3E, 0x03, 0x00, 0x00, 0x0E, 0x02, 0x00, 0x00, 0x10, 0x1C, 0x21, 0x1C
	.byte 0x07, 0xF0, 0x2C, 0xFA, 0x14, 0xE0, 0xA5, 0x23, 0x9B, 0x00, 0xE0, 0x18, 0x01, 0x68, 0x10, 0x1C
	.byte 0xFB, 0x30, 0x00, 0x78, 0xC0, 0x08, 0x20, 0x31, 0x08, 0x70, 0x5B, 0x3B, 0xE1, 0x18, 0x08, 0x70
	.byte 0x10, 0x1C, 0x21, 0x1C, 0x08, 0xF0, 0x86, 0xF8, 0x02, 0xE0, 0x10, 0x1C, 0xFD, 0xF7, 0x86, 0xF8
_0802C76C:
	pop {r4}
	pop {r0}
	bx r0
	.byte 0x00, 0x00
	thumb_func_start sub_802C774
sub_802C774:
	push {r4, r5, r6, r7, lr}
	mov r7, r10
	mov r6, r9
	mov r5, r8
	push {r5, r6, r7}
	add sp, #-0x008
	adds r7, r0, #0x0
	adds r6, r1, #0x0
	ldrh r0, [r6, #0x04]
	subs r0, #0x05
	lsls r0, r0, #0x10
	asrs r0, r0, #0x10
	cmp r0, #0x43
	bls _0802C794
	bl _0802D2D2
_0802C794:
	lsls r0, r0, #0x02
	ldr r1, _0802C7A0 @ =0x0802C7A4
	adds r0, r0, r1
	ldr r0, [r0, #0x00]
	mov pc, r0
	.byte 0x00, 0x00
_0802C7A0: .4byte 0x0802C7A4
	.byte 0xAC, 0xC9, 0x02, 0x08, 0x5C, 0xCB, 0x02, 0x08, 0x5C, 0xCB, 0x02, 0x08, 0x5C, 0xCB, 0x02, 0x08
	.byte 0x5C, 0xCB, 0x02, 0x08, 0xA4, 0xCB, 0x02, 0x08, 0x4A, 0xCD, 0x02, 0x08, 0xDC, 0xCD, 0x02, 0x08
	.byte 0xD2, 0xD2, 0x02, 0x08, 0xD2, 0xD2, 0x02, 0x08, 0xD2, 0xD2, 0x02, 0x08, 0xD2, 0xD2, 0x02, 0x08
	.byte 0xD2, 0xD2, 0x02, 0x08, 0xD2, 0xD2, 0x02, 0x08, 0xD2, 0xD2, 0x02, 0x08, 0xD2, 0xD2, 0x02, 0x08
	.byte 0xD2, 0xD2, 0x02, 0x08, 0xD2, 0xD2, 0x02, 0x08, 0xD2, 0xD2, 0x02, 0x08, 0xD2, 0xD2, 0x02, 0x08
	.byte 0xD2, 0xD2, 0x02, 0x08, 0xD2, 0xD2, 0x02, 0x08, 0xD2, 0xD2, 0x02, 0x08, 0xD2, 0xD2, 0x02, 0x08
	.byte 0xD2, 0xD2, 0x02, 0x08, 0xD2, 0xD2, 0x02, 0x08, 0xD2, 0xD2, 0x02, 0x08, 0xD2, 0xD2, 0x02, 0x08
	.byte 0xD2, 0xD2, 0x02, 0x08, 0xD2, 0xD2, 0x02, 0x08, 0xD2, 0xD2, 0x02, 0x08, 0xD2, 0xD2, 0x02, 0x08
	.byte 0xD2, 0xD2, 0x02, 0x08, 0xD2, 0xD2, 0x02, 0x08, 0xD2, 0xD2, 0x02, 0x08, 0xD2, 0xD2, 0x02, 0x08
	.byte 0xD2, 0xD2, 0x02, 0x08, 0xD2, 0xD2, 0x02, 0x08, 0xD2, 0xD2, 0x02, 0x08, 0xD2, 0xD2, 0x02, 0x08
	.byte 0xD2, 0xD2, 0x02, 0x08, 0xD2, 0xD2, 0x02, 0x08, 0xD2, 0xD2, 0x02, 0x08, 0xD2, 0xD2, 0x02, 0x08
	.byte 0xD2, 0xD2, 0x02, 0x08, 0xD2, 0xD2, 0x02, 0x08, 0xD2, 0xD2, 0x02, 0x08, 0xD2, 0xD2, 0x02, 0x08
	.byte 0xD2, 0xD2, 0x02, 0x08, 0xD2, 0xD2, 0x02, 0x08, 0xD2, 0xD2, 0x02, 0x08, 0xD2, 0xD2, 0x02, 0x08
	.byte 0xD2, 0xD2, 0x02, 0x08, 0xB4, 0xC8, 0x02, 0x08, 0xD2, 0xD2, 0x02, 0x08, 0xD2, 0xD2, 0x02, 0x08
	.byte 0xD2, 0xD2, 0x02, 0x08, 0x4C, 0xCE, 0x02, 0x08, 0xD0, 0xCE, 0x02, 0x08, 0xD2, 0xD2, 0x02, 0x08
	.byte 0xD2, 0xD2, 0x02, 0x08, 0xD2, 0xD2, 0x02, 0x08, 0xD2, 0xD2, 0x02, 0x08, 0xD2, 0xD2, 0x02, 0x08
	.byte 0xD2, 0xD2, 0x02, 0x08, 0x04, 0xD1, 0x02, 0x08, 0x40, 0xD1, 0x02, 0x08, 0x00, 0xD2, 0x02, 0x08
	.byte 0x37, 0x48, 0x31, 0x18, 0x08, 0x78, 0x01, 0x38, 0x08, 0x70, 0x00, 0x06, 0x03, 0x16, 0x00, 0x2B
	.byte 0x01, 0xD0, 0x00, 0xF0, 0x04, 0xFD, 0xDA, 0x21, 0x89, 0x00, 0x70, 0x18, 0x02, 0x68, 0xE2, 0x20
	.byte 0x80, 0x00, 0x35, 0x18, 0x28, 0x68, 0x40, 0x18, 0x00, 0x68, 0x03, 0x70, 0x13, 0x70, 0x28, 0x68
	.byte 0x83, 0x80, 0xB3, 0x80, 0x2A, 0x68, 0x80, 0x21, 0x49, 0x00, 0x7B, 0x18, 0x1C, 0x88, 0x29, 0x48
	.byte 0x11, 0x18, 0x0C, 0x80, 0x19, 0x88, 0x30, 0x18, 0x01, 0x80, 0x98, 0x20, 0x80, 0x00, 0x12, 0x18
	.byte 0x11, 0x80, 0x19, 0x88, 0x30, 0x18, 0x01, 0x80, 0x2A, 0x68, 0xD6, 0x23, 0x9B, 0x00, 0xD2, 0x18
	.byte 0x14, 0x78, 0x09, 0x21, 0x49, 0x42, 0x08, 0x1C, 0x20, 0x40, 0x10, 0x70, 0xF3, 0x18, 0x18, 0x78
	.byte 0x01, 0x40, 0x19, 0x70, 0x2A, 0x68, 0x1C, 0x4B, 0xD2, 0x18, 0x14, 0x78, 0x41, 0x21, 0x49, 0x42
	.byte 0x08, 0x1C, 0x20, 0x40, 0x10, 0x70, 0xF3, 0x18, 0x18, 0x78, 0x01, 0x40, 0x19, 0x70, 0x17, 0x4B
	.byte 0xFA, 0x18, 0x11, 0x78, 0x1D, 0x20, 0x40, 0x42, 0x08, 0x40, 0x10, 0x70, 0x14, 0x48, 0x3A, 0x18
	.byte 0x11, 0x78, 0x7F, 0x20, 0x08, 0x40, 0x10, 0x70, 0x82, 0x21, 0x89, 0x00, 0x7A, 0x18, 0x10, 0x78
	.byte 0x01, 0x21, 0x08, 0x43, 0x10, 0x70, 0x32, 0x3B, 0xF2, 0x18, 0x11, 0x78, 0x08, 0x20, 0x40, 0x42
	.byte 0x08, 0x40, 0x03, 0x21, 0x08, 0x43, 0x10, 0x70, 0x0A, 0x49, 0x30, 0x1C, 0x1C, 0xF0, 0x3E, 0xFB
	.byte 0x38, 0x1C, 0xA8, 0x30, 0x00, 0x68, 0x23, 0xF0, 0xB5, 0xF8, 0x00, 0xF0, 0x2B, 0xFC, 0x00, 0x00
	.byte 0x55, 0x03, 0x00, 0x00, 0x3E, 0x02, 0x00, 0x00, 0x51, 0x03, 0x00, 0x00, 0x46, 0x02, 0x00, 0x00
	.byte 0x0B, 0x02, 0x00, 0x00, 0x01, 0x10, 0x00, 0x00, 0x00, 0x22, 0x2F, 0x48, 0x34, 0x18, 0x21, 0x78
	.byte 0x04, 0x25, 0x28, 0x1C, 0x08, 0x40, 0x00, 0x28, 0x1A, 0xD1, 0x3A, 0x1C, 0x28, 0x32, 0x2B, 0x49
	.byte 0x78, 0x18, 0x03, 0x78, 0x30, 0x1C, 0x00, 0x21, 0x20, 0xF0, 0xB2, 0xFE, 0x00, 0x06, 0x02, 0x0E
	.byte 0x21, 0x78, 0x28, 0x1C, 0x08, 0x40, 0x00, 0x28, 0x0A, 0xD1, 0x00, 0x2A, 0x08, 0xD1, 0x30, 0x1C
	.byte 0x00, 0x21, 0x01, 0x92, 0x21, 0xF0, 0xF2, 0xF8, 0x00, 0x06, 0x01, 0x9A, 0x00, 0x28, 0x74, 0xD0
	.byte 0x1F, 0x4B, 0xF0, 0x18, 0x01, 0x78, 0x08, 0x20, 0x08, 0x40, 0x00, 0x28, 0x3C, 0xD0, 0x1A, 0x48
	.byte 0x35, 0x18, 0x29, 0x78, 0x04, 0x20, 0x08, 0x40, 0x00, 0x28, 0x3B, 0xD1, 0x00, 0x2A, 0x59, 0xD0
	.byte 0xCF, 0x22, 0x92, 0x00, 0xB0, 0x18, 0x01, 0x78, 0x49, 0x06, 0xC9, 0x15, 0x38, 0x1C, 0x28, 0x30
	.byte 0x40, 0x18, 0x04, 0x68, 0x13, 0x4B, 0x1B, 0x19, 0x98, 0x46, 0x18, 0x78, 0x38, 0x21, 0x89, 0x46
	.byte 0x01, 0x40, 0x20, 0x29, 0x31, 0xD0, 0x28, 0x29, 0x0A, 0xD1, 0x38, 0x1C, 0x0F, 0xF0, 0x80, 0xFD
	.byte 0x8B, 0x22, 0x92, 0x00, 0xA1, 0x18, 0x09, 0x68, 0x03, 0x22, 0x11, 0x40, 0x88, 0x42, 0x24, 0xD8
	.byte 0xA5, 0x21, 0x89, 0x00, 0x70, 0x18, 0x00, 0x68, 0x23, 0x30, 0x00, 0x78, 0x09, 0x21, 0x03, 0x28
	.byte 0x3A, 0xD1, 0x08, 0x21, 0x38, 0xE0, 0x00, 0x00, 0x53, 0x03, 0x00, 0x00, 0x0B, 0x01, 0x00, 0x00
	.byte 0x5B, 0x03, 0x00, 0x00, 0x0E, 0x02, 0x00, 0x00, 0x01, 0x4B, 0xF5, 0x18, 0xC1, 0xE7, 0x00, 0x00
	.byte 0x53, 0x03, 0x00, 0x00, 0xA5, 0x21, 0x89, 0x00, 0x70, 0x18, 0x00, 0x68, 0x23, 0x30, 0x00, 0x78
	.byte 0x04, 0x28, 0x22, 0xD1, 0x09, 0x20, 0xB0, 0x80, 0x1F, 0xE0, 0x28, 0x78, 0x04, 0x21, 0x08, 0x43
	.byte 0x28, 0x70, 0x43, 0x46, 0x19, 0x78, 0x48, 0x46, 0x08, 0x40, 0x28, 0x28, 0x15, 0xD1, 0x00, 0x20
	.byte 0x0F, 0x21, 0x00, 0x22, 0xEE, 0xF7, 0x96, 0xF8, 0x01, 0x21, 0x49, 0x42, 0x46, 0x20, 0xEC, 0xF7
	.byte 0x77, 0xFD, 0x0A, 0xE0, 0xA5, 0x22, 0x92, 0x00, 0xB0, 0x18, 0x00, 0x68, 0x23, 0x30, 0x00, 0x78
	.byte 0x07, 0x21, 0x03, 0x28, 0x00, 0xD1, 0x06, 0x21, 0xB1, 0x80, 0xA5, 0x23, 0x9B, 0x00, 0xF2, 0x18
	.byte 0x10, 0x68, 0x81, 0x7C, 0x08, 0x24, 0x20, 0x1C, 0x08, 0x40, 0x00, 0x28, 0x01, 0xD0, 0x07, 0x20
	.byte 0xB0, 0x80, 0x04, 0x21, 0x70, 0x5E, 0x05, 0x28, 0x01, 0xD1, 0x00, 0xF0, 0xE8, 0xFB, 0x13, 0x68
	.byte 0x18, 0x1C, 0x21, 0x30, 0x02, 0x78, 0x06, 0x49, 0x70, 0x18, 0x01, 0x78, 0x20, 0x1C, 0x08, 0x40
	.byte 0x00, 0x28, 0x07, 0xD0, 0x18, 0x1C, 0x23, 0x30, 0x00, 0x78, 0x03, 0x28, 0x07, 0xD0, 0x08, 0xE0
	.byte 0x5B, 0x03, 0x00, 0x00, 0x18, 0x1C, 0x23, 0x30, 0x00, 0x78, 0x03, 0x28, 0x01, 0xD1, 0x0A, 0x32
	.byte 0x00, 0xE0, 0x05, 0x32, 0xA5, 0x23, 0x9B, 0x00, 0xF0, 0x18, 0x00, 0x68, 0x00, 0x21, 0x00, 0x91
	.byte 0x11, 0x1C, 0x00, 0x22, 0x00, 0x23, 0xF1, 0xF7, 0x01, 0xFB, 0x02, 0x48, 0x31, 0x18, 0x14, 0x20
	.byte 0x08, 0x70, 0xBC, 0xE3, 0x55, 0x03, 0x00, 0x00, 0xB1, 0x88, 0x04, 0x22, 0xB0, 0x5E, 0x07, 0x28
	.byte 0x01, 0xDD, 0x88, 0x1E, 0xB0, 0x80, 0x0C, 0x4B, 0xF1, 0x18, 0x0A, 0x78, 0x00, 0x20, 0x08, 0x56
	.byte 0x00, 0x28, 0x00, 0xD1, 0xAB, 0xE3, 0x50, 0x1E, 0x08, 0x70, 0x00, 0x06, 0x00, 0x28, 0x00, 0xD0
	.byte 0xA5, 0xE3, 0x30, 0x1C, 0x23, 0xF0, 0xA4, 0xF8, 0xE2, 0x21, 0x89, 0x00, 0x70, 0x18, 0x01, 0x68
	.byte 0x02, 0x4A, 0x89, 0x18, 0x4D, 0xE1, 0x00, 0x00, 0x55, 0x03, 0x00, 0x00, 0x51, 0x03, 0x00, 0x00
	.byte 0x4F, 0x4B, 0xF1, 0x18, 0x0A, 0x78, 0x00, 0x20, 0x08, 0x56, 0x28, 0x23, 0xDB, 0x19, 0x99, 0x46
	.byte 0xD0, 0x37, 0xBA, 0x46, 0x3B, 0x28, 0x5D, 0xDC, 0x50, 0x1C, 0x08, 0x70, 0x49, 0x4F, 0x00, 0x20
	.byte 0x80, 0x46, 0x47, 0x49, 0x75, 0x18, 0x39, 0x88, 0x00, 0x20, 0x28, 0x56, 0x81, 0x42, 0x22, 0xD1
	.byte 0xDB, 0x22, 0x92, 0x00, 0xB0, 0x18, 0x00, 0x68, 0x79, 0x88, 0x00, 0x22, 0x00, 0x92, 0x00, 0x23
	.byte 0xF1, 0xF7, 0xB4, 0xFA, 0x00, 0x20, 0x28, 0x56, 0x3B, 0x28, 0x14, 0xD1, 0x34, 0x1C, 0x54, 0x34
	.byte 0x20, 0x78, 0x87, 0x21, 0x00, 0x28, 0x00, 0xD1, 0xD0, 0x31, 0x08, 0x1C, 0xEC, 0xF7, 0xD2, 0xFC
	.byte 0x20, 0x78, 0xAB, 0x21, 0x49, 0x00, 0x00, 0x28, 0x00, 0xD1, 0x02, 0x31, 0x08, 0x1C, 0x01, 0x21
	.byte 0x49, 0x42, 0xEC, 0xF7, 0xCD, 0xFC, 0x3A, 0x1D, 0xB9, 0x88, 0x00, 0x20, 0x28, 0x56, 0x81, 0x42
	.byte 0x22, 0xD1, 0xDB, 0x23, 0x9B, 0x00, 0xF0, 0x18, 0x00, 0x68, 0x51, 0x88, 0x00, 0x22, 0x00, 0x92
	.byte 0x00, 0x23, 0xF1, 0xF7, 0x8B, 0xFA, 0x00, 0x20, 0x28, 0x56, 0x3B, 0x28, 0x14, 0xD1, 0x34, 0x1C
	.byte 0x54, 0x34, 0x20, 0x78, 0x87, 0x21, 0x00, 0x28, 0x00, 0xD1, 0xD0, 0x31, 0x08, 0x1C, 0xEC, 0xF7
	.byte 0xA9, 0xFC, 0x20, 0x78, 0xAB, 0x21, 0x49, 0x00, 0x00, 0x28, 0x00, 0xD1, 0x02, 0x31, 0x08, 0x1C
	.byte 0x01, 0x21, 0x49, 0x42, 0xEC, 0xF7, 0xA4, 0xFC, 0x02, 0x20, 0x80, 0x44, 0x08, 0x37, 0x41, 0x46
	.byte 0x03, 0x29, 0xA8, 0xD9, 0x30, 0x1C, 0x13, 0xF0, 0x23, 0xFB, 0x30, 0x1C, 0x49, 0x46, 0x00, 0x22
	.byte 0x00, 0x23, 0x22, 0xF0, 0x6D, 0xFF, 0x52, 0x46, 0x11, 0x68, 0xDA, 0x23, 0x9B, 0x00, 0xF0, 0x18
	.byte 0x00, 0x68, 0x09, 0x88, 0x80, 0x88, 0x08, 0x40, 0x00, 0x28, 0x08, 0xD0, 0x97, 0x21, 0x89, 0x00
	.byte 0x70, 0x18, 0x01, 0x68, 0x01, 0x20, 0x40, 0x42, 0x81, 0x42, 0x00, 0xD1, 0x0F, 0xE3, 0x97, 0x22
	.byte 0x92, 0x00, 0xB0, 0x18, 0x05, 0x68, 0x01, 0x20, 0x40, 0x42, 0x85, 0x42, 0x06, 0xD1, 0x08, 0x4B
	.byte 0xF0, 0x18, 0x00, 0x78, 0x00, 0x06, 0x00, 0x16, 0x3B, 0x28, 0x0F, 0xDC, 0x30, 0x1C, 0x1C, 0xF0
	.byte 0xFF, 0xFB, 0xE2, 0x21, 0x89, 0x00, 0x70, 0x18, 0x01, 0x68, 0x03, 0x4A, 0x89, 0x18, 0xA8, 0xE0
	.byte 0x55, 0x03, 0x00, 0x00, 0x74, 0xF9, 0x39, 0x08, 0x51, 0x03, 0x00, 0x00, 0x34, 0x1C, 0x54, 0x34
	.byte 0x20, 0x78, 0xAB, 0x21, 0x49, 0x00, 0x00, 0x28, 0x00, 0xD1, 0x02, 0x31, 0x08, 0x1C, 0xEC, 0xF7
	.byte 0x51, 0xFC, 0x0B, 0x20, 0xB0, 0x80, 0xCE, 0x23, 0x9B, 0x00, 0xF0, 0x18, 0x01, 0x68, 0x38, 0x22
	.byte 0x88, 0x5E, 0x30, 0x18, 0xCA, 0x6B, 0x01, 0x21, 0xAD, 0xF1, 0xA8, 0xFE, 0xA5, 0x23, 0x9B, 0x00
	.byte 0xF0, 0x18, 0x02, 0x68, 0x91, 0x7C, 0x07, 0x20, 0x40, 0x42, 0x08, 0x40, 0x02, 0x21, 0x08, 0x43
	.byte 0x90, 0x74, 0x20, 0x78, 0x9A, 0x21, 0x00, 0x28, 0x00, 0xD1, 0x9C, 0x21, 0x08, 0x1C, 0x29, 0x1C
	.byte 0xEC, 0xF7, 0x36, 0xFC, 0xC3, 0xE2, 0xA5, 0x21, 0x89, 0x00, 0x70, 0x18, 0x00, 0x68, 0x81, 0x7C
	.byte 0x08, 0x20, 0x08, 0x40, 0x00, 0x28, 0x00, 0xD1, 0xB9, 0xE2, 0x3A, 0x1C, 0x28, 0x32, 0x0A, 0x4B
	.byte 0xF8, 0x18, 0x03, 0x78, 0x30, 0x1C, 0x01, 0x21, 0x20, 0xF0, 0xE2, 0xFC, 0x00, 0x06, 0x00, 0x28
	.byte 0x06, 0xD1, 0x30, 0x1C, 0x01, 0x21, 0x20, 0xF0, 0x29, 0xFF, 0x00, 0x06, 0x00, 0x28, 0x07, 0xD0
	.byte 0x02, 0x48, 0x31, 0x18, 0x05, 0x20, 0x06, 0xE0, 0x0B, 0x01, 0x00, 0x00, 0x55, 0x03, 0x00, 0x00
	.byte 0x10, 0x4A, 0xB1, 0x18, 0x28, 0x20, 0x08, 0x70, 0x85, 0x23, 0x9B, 0x00, 0xF2, 0x18, 0x11, 0x78
	.byte 0x08, 0x20, 0x40, 0x42, 0x08, 0x40, 0x10, 0x70, 0x00, 0x21, 0x0C, 0x20, 0xB0, 0x80, 0xDB, 0x20
	.byte 0x80, 0x00, 0x34, 0x18, 0x20, 0x68, 0x00, 0x91, 0x05, 0x21, 0x00, 0x22, 0x00, 0x23, 0xF1, 0xF7
	.byte 0xC5, 0xF9, 0x22, 0x68, 0x91, 0x7C, 0x07, 0x20, 0x40, 0x42, 0x08, 0x40, 0x02, 0x21, 0x08, 0x43
	.byte 0x90, 0x74, 0x7C, 0xE2, 0x55, 0x03, 0x00, 0x00, 0xDB, 0x21, 0x89, 0x00, 0x70, 0x18, 0x02, 0x68
	.byte 0x10, 0x1C, 0x21, 0x30, 0x00, 0x78, 0x05, 0x28, 0x0C, 0xD1, 0x91, 0x7C, 0x08, 0x20, 0x08, 0x40
	.byte 0x00, 0x28, 0x07, 0xD0, 0x00, 0x20, 0x00, 0x90, 0x10, 0x1C, 0x06, 0x21, 0x00, 0x22, 0x00, 0x23
	.byte 0xF1, 0xF7, 0xA4, 0xF9, 0x0E, 0x4A, 0xB1, 0x18, 0x0A, 0x78, 0x00, 0x20, 0x08, 0x56, 0x00, 0x28
	.byte 0x00, 0xD1, 0x5C, 0xE2, 0x50, 0x1E, 0x08, 0x70, 0x00, 0x06, 0x00, 0x28, 0x00, 0xD0, 0x56, 0xE2
	.byte 0x30, 0x1C, 0x1C, 0xF0, 0x55, 0xFB, 0xE2, 0x23, 0x9B, 0x00, 0xF0, 0x18, 0x01, 0x68, 0x05, 0x48
	.byte 0x09, 0x18, 0x0A, 0x78, 0x41, 0x20, 0x40, 0x42, 0x10, 0x40, 0x08, 0x70, 0x47, 0xE2, 0x00, 0x00
	.byte 0x55, 0x03, 0x00, 0x00, 0x51, 0x03, 0x00, 0x00, 0xA5, 0x21, 0x89, 0x00, 0x70, 0x18, 0x00, 0x68
	.byte 0x81, 0x7C, 0x08, 0x20, 0x08, 0x40, 0x00, 0x28, 0x00, 0xD1, 0x38, 0xE2, 0x85, 0x22, 0x92, 0x00
	.byte 0xB3, 0x18, 0x1A, 0x78, 0x08, 0x21, 0x49, 0x42, 0x08, 0x1C, 0x10, 0x40, 0x02, 0x22, 0x10, 0x43
	.byte 0x18, 0x70, 0x32, 0x1C, 0x24, 0x32, 0x10, 0x78, 0x01, 0x40, 0x05, 0x20, 0x01, 0x43, 0x11, 0x70
	.byte 0x38, 0x1C, 0xFB, 0x30, 0x00, 0x78, 0x40, 0x07, 0xC0, 0x0F, 0x75, 0x22, 0x02, 0x41, 0x01, 0x23
	.byte 0x5B, 0x42, 0x30, 0x1C, 0x0C, 0x21, 0x13, 0xF0, 0x09, 0xF9, 0x09, 0x49, 0x30, 0x1C, 0x1C, 0xF0
	.byte 0xAD, 0xF8, 0x08, 0x4B, 0xF2, 0x18, 0x11, 0x78, 0x21, 0x20, 0x40, 0x42, 0x08, 0x40, 0x10, 0x70
	.byte 0x05, 0x48, 0x31, 0x18, 0x00, 0x20, 0x08, 0x70, 0x3F, 0x20, 0xB0, 0x80, 0x07, 0xE2, 0x00, 0x00
	.byte 0x02, 0x10, 0x00, 0x00, 0x0D, 0x02, 0x00, 0x00, 0x55, 0x03, 0x00, 0x00, 0x46, 0x4A, 0xB1, 0x18
	.byte 0x08, 0x78, 0x01, 0x30, 0x00, 0x23, 0x98, 0x46, 0x08, 0x70, 0x00, 0x22, 0x8A, 0x56, 0x38, 0x1C
	.byte 0xFB, 0x30, 0x00, 0x78, 0x40, 0x07, 0xC0, 0x0F, 0x02, 0x25, 0x29, 0x1C, 0x81, 0x40, 0x3F, 0x48
	.byte 0x3C, 0x18, 0x20, 0x78, 0x80, 0x07, 0xC0, 0x0F, 0x01, 0x41, 0x0A, 0x40, 0x00, 0x2A, 0x0C, 0xD0
	.byte 0x33, 0x1C, 0x24, 0x33, 0x1A, 0x78, 0x51, 0x07, 0x49, 0x0F, 0x01, 0x31, 0x07, 0x20, 0x01, 0x40
	.byte 0x08, 0x20, 0x40, 0x42, 0x10, 0x40, 0x08, 0x43, 0x18, 0x70, 0x30, 0x1C, 0x13, 0xF0, 0xD0, 0xF9
	.byte 0x21, 0x78, 0x28, 0x1C, 0x08, 0x40, 0x00, 0x28, 0x02, 0xD0, 0x30, 0x1C, 0x13, 0xF0, 0xC8, 0xF9
	.byte 0x39, 0x1C, 0x28, 0x31, 0x30, 0x1C, 0x00, 0x22, 0x00, 0x23, 0x22, 0xF0, 0x11, 0xFE, 0x97, 0x21
	.byte 0x89, 0x00, 0x70, 0x18, 0x01, 0x68, 0x01, 0x20, 0x40, 0x42, 0x81, 0x42, 0x00, 0xD0, 0xBE, 0xE1
	.byte 0x38, 0x1C, 0x01, 0x21, 0x01, 0x22, 0xFF, 0xF7, 0xBB, 0xFA, 0x85, 0x23, 0x9B, 0x00, 0xF2, 0x18
	.byte 0x11, 0x78, 0x08, 0x20, 0x40, 0x42, 0x08, 0x40, 0x03, 0x21, 0x08, 0x43, 0x10, 0x70, 0x20, 0x48
	.byte 0x3A, 0x18, 0x11, 0x78, 0x7F, 0x20, 0x08, 0x40, 0x10, 0x70, 0x82, 0x21, 0x89, 0x00, 0x7A, 0x18
	.byte 0x10, 0x78, 0x01, 0x21, 0x08, 0x43, 0x10, 0x70, 0x32, 0x33, 0xFA, 0x18, 0x11, 0x78, 0x1D, 0x20
	.byte 0x40, 0x42, 0x08, 0x40, 0x10, 0x70, 0xDA, 0x23, 0x9B, 0x00, 0xF0, 0x18, 0x00, 0x68, 0x41, 0x46
	.byte 0x01, 0x70, 0x00, 0x24, 0x42, 0x46, 0xB2, 0x80, 0x12, 0x48, 0x32, 0x18, 0x11, 0x78, 0x41, 0x20
	.byte 0x40, 0x42, 0x08, 0x40, 0x10, 0x70, 0x80, 0x21, 0x49, 0x00, 0x78, 0x18, 0x01, 0x88, 0x0E, 0x4A
	.byte 0xB0, 0x18, 0x01, 0x80, 0x22, 0x32, 0xB0, 0x18, 0x01, 0x80, 0xE2, 0x21, 0x89, 0x00, 0x70, 0x18
	.byte 0x00, 0x68, 0xC0, 0x18, 0x01, 0x68, 0x08, 0x78, 0x01, 0x38, 0x00, 0x06, 0x00, 0x0E, 0x01, 0x28
	.byte 0x0C, 0xD8, 0x4C, 0x70, 0x0B, 0xE0, 0x00, 0x00, 0x55, 0x03, 0x00, 0x00, 0x0A, 0x02, 0x00, 0x00
	.byte 0x0B, 0x02, 0x00, 0x00, 0x51, 0x03, 0x00, 0x00, 0x3E, 0x02, 0x00, 0x00, 0x0C, 0x70, 0xE2, 0x22
	.byte 0x92, 0x00, 0xB4, 0x18, 0x21, 0x68, 0x3A, 0x4B, 0xC9, 0x18, 0x0A, 0x78, 0x41, 0x20, 0x40, 0x42
	.byte 0x10, 0x40, 0x08, 0x70, 0x82, 0x20, 0x80, 0x00, 0x3D, 0x18, 0x29, 0x78, 0x10, 0x22, 0x90, 0x46
	.byte 0x40, 0x46, 0x08, 0x40, 0x00, 0x28, 0x02, 0xD0, 0x21, 0x68, 0x00, 0x20, 0x88, 0x80, 0x21, 0x68
	.byte 0x80, 0x20, 0x40, 0x00, 0x3B, 0x18, 0x1A, 0x88, 0x91, 0x46, 0x2E, 0x4A, 0x88, 0x18, 0x4A, 0x46
	.byte 0x02, 0x80, 0x18, 0x88, 0x98, 0x22, 0x92, 0x00, 0x89, 0x18, 0x08, 0x80, 0x22, 0x68, 0x97, 0x21
	.byte 0x89, 0x00, 0x50, 0x18, 0x01, 0x68, 0x01, 0x20, 0x40, 0x42, 0x81, 0x42, 0x04, 0xD0, 0x19, 0x88
	.byte 0x90, 0x23, 0x9B, 0x00, 0xD0, 0x18, 0x01, 0x80, 0x29, 0x78, 0x40, 0x46, 0x08, 0x40, 0x00, 0x28
	.byte 0x03, 0xD0, 0x38, 0x1C, 0x00, 0x21, 0x00, 0xF0, 0x81, 0xFF, 0xB1, 0x78, 0x33, 0x1C, 0x24, 0x33
	.byte 0x49, 0x09, 0x1A, 0x78, 0x08, 0x20, 0x40, 0x42, 0x10, 0x40, 0x08, 0x43, 0x18, 0x70, 0x1A, 0x48
	.byte 0x3A, 0x18, 0x11, 0x78, 0x11, 0x20, 0x40, 0x42, 0x08, 0x40, 0x10, 0x70, 0xDA, 0x21, 0x89, 0x00
	.byte 0x74, 0x18, 0x21, 0x68, 0x88, 0x7C, 0x08, 0x74, 0x21, 0x68, 0xFF, 0x20, 0x88, 0x74, 0x38, 0x1C
	.byte 0x31, 0x1C, 0x00, 0x22, 0x00, 0x23, 0x00, 0xF0, 0x7B, 0xFE, 0x29, 0x78, 0x40, 0x46, 0x08, 0x40
	.byte 0x00, 0x28, 0x00, 0xD0, 0x03, 0xE1, 0x0D, 0x4A, 0xB0, 0x18, 0x01, 0x78, 0x80, 0x20, 0x08, 0x40
	.byte 0x00, 0x28, 0x00, 0xD0, 0xFB, 0xE0, 0x21, 0x68, 0x08, 0x7C, 0x08, 0x75, 0x21, 0x68, 0x00, 0x20
	.byte 0x08, 0x74, 0x38, 0x1C, 0x31, 0x1C, 0x00, 0x22, 0x00, 0x23, 0x00, 0xF0, 0x61, 0xFE, 0xEE, 0xE0
	.byte 0x51, 0x03, 0x00, 0x00, 0x3E, 0x02, 0x00, 0x00, 0x0B, 0x02, 0x00, 0x00, 0x52, 0x03, 0x00, 0x00
	.byte 0x0C, 0x4B, 0xF1, 0x18, 0x08, 0x78, 0x01, 0x38, 0x08, 0x70, 0x00, 0x06, 0x00, 0x28, 0x00, 0xD0
	.byte 0xDD, 0xE0, 0x09, 0x49, 0x30, 0x1C, 0x1B, 0xF0, 0x71, 0xFF, 0x80, 0x21, 0x49, 0x00, 0x78, 0x18
	.byte 0x00, 0x22, 0x83, 0x5E, 0x30, 0x1C, 0x10, 0x21, 0x64, 0x22, 0x12, 0xF0, 0xBF, 0xFF, 0x47, 0x20
	.byte 0xB0, 0x80, 0xCC, 0xE0, 0x55, 0x03, 0x00, 0x00, 0x46, 0x10, 0x00, 0x00, 0x30, 0x1C, 0x13, 0xF0
	.byte 0xBF, 0xF8, 0x39, 0x1C, 0x28, 0x31, 0x30, 0x1C, 0x00, 0x22, 0x00, 0x23, 0x22, 0xF0, 0x08, 0xFD
	.byte 0x97, 0x23, 0x9B, 0x00, 0xF0, 0x18, 0x01, 0x68, 0x01, 0x20, 0x40, 0x42, 0x81, 0x42, 0x00, 0xD0
	.byte 0xB5, 0xE0, 0x00, 0x24, 0xB4, 0x80, 0x22, 0x4D, 0x73, 0x19, 0x19, 0x78, 0x41, 0x22, 0x52, 0x42
	.byte 0x10, 0x1C, 0x08, 0x40, 0x18, 0x70, 0xFB, 0x20, 0xC0, 0x19, 0x80, 0x46, 0x00, 0x78, 0x40, 0x07
	.byte 0xC0, 0x0F, 0x80, 0x21, 0x49, 0x00, 0x89, 0x46, 0x01, 0x41, 0x1A, 0x4B, 0xF0, 0x18, 0x01, 0x80
	.byte 0x22, 0x33, 0xF0, 0x18, 0x01, 0x80, 0xE2, 0x20, 0x80, 0x00, 0x33, 0x18, 0x18, 0x68, 0x84, 0x80
	.byte 0x18, 0x68, 0x40, 0x19, 0x01, 0x78, 0x0A, 0x40, 0x02, 0x70, 0x13, 0x49, 0x7A, 0x18, 0x11, 0x78
	.byte 0x7F, 0x20, 0x08, 0x40, 0x10, 0x70, 0x82, 0x22, 0x92, 0x00, 0xB8, 0x18, 0x01, 0x78, 0x10, 0x20
	.byte 0x08, 0x40, 0x00, 0x28, 0x00, 0xD1, 0x82, 0xE0, 0x1A, 0x68, 0x43, 0x46, 0x18, 0x78, 0x40, 0x07
	.byte 0xC0, 0x0F, 0x49, 0x46, 0x01, 0x41, 0x07, 0x4B, 0xD0, 0x18, 0x01, 0x80, 0x98, 0x20, 0x80, 0x00
	.byte 0x12, 0x18, 0x11, 0x80, 0x38, 0x1C, 0x00, 0x21, 0x00, 0xF0, 0xC8, 0xFE, 0x6F, 0xE0, 0x00, 0x00
	.byte 0x51, 0x03, 0x00, 0x00, 0x3E, 0x02, 0x00, 0x00, 0x0B, 0x02, 0x00, 0x00, 0x30, 0x1C, 0x13, 0xF0
	.byte 0x5F, 0xF8, 0x37, 0x49, 0x78, 0x18, 0x01, 0x78, 0x02, 0x20, 0x08, 0x40, 0x00, 0x28, 0x02, 0xD0
	.byte 0x30, 0x1C, 0x13, 0xF0, 0x55, 0xF8, 0x39, 0x1C, 0x28, 0x31, 0x30, 0x1C, 0x00, 0x22, 0x00, 0x23
	.byte 0x22, 0xF0, 0x9E, 0xFC, 0x82, 0x22, 0x92, 0x00, 0xB8, 0x18, 0x01, 0x78, 0x10, 0x20, 0x08, 0x40
	.byte 0x00, 0x28, 0x24, 0xD0, 0x2B, 0x4B, 0xF0, 0x18, 0x01, 0x78, 0x80, 0x20, 0x08, 0x40, 0x00, 0x28
	.byte 0x1D, 0xD0, 0xE2, 0x21, 0x89, 0x00, 0x70, 0x18, 0x03, 0x68, 0xF2, 0x68, 0xD8, 0x68, 0x12, 0x1A
	.byte 0x31, 0x69, 0x18, 0x69, 0x09, 0x1A, 0x24, 0x4B, 0x10, 0x1C, 0x50, 0x43, 0x0A, 0x1C, 0x4A, 0x43
	.byte 0x11, 0x1C, 0x40, 0x18, 0x19, 0x68, 0xAD, 0xF1, 0xFF, 0xFB, 0x80, 0x21, 0x49, 0x01, 0x88, 0x42
	.byte 0x05, 0xDD, 0x1E, 0x4B, 0xF8, 0x18, 0x01, 0x78, 0x08, 0x22, 0x11, 0x43, 0x01, 0x70, 0x97, 0x21
	.byte 0x89, 0x00, 0x70, 0x18, 0x04, 0x68, 0x01, 0x20, 0x40, 0x42, 0x84, 0x42, 0x1F, 0xD1, 0xCE, 0x22
	.byte 0x92, 0x00, 0xB0, 0x18, 0x01, 0x68, 0x38, 0x23, 0xC8, 0x5E, 0x30, 0x18, 0xCA, 0x6B, 0x01, 0x21
	.byte 0xAD, 0xF1, 0xE4, 0xFB, 0xE2, 0x21, 0x89, 0x00, 0x70, 0x18, 0x00, 0x68, 0x97, 0x22, 0x92, 0x00
	.byte 0x80, 0x18, 0x00, 0x68, 0xA0, 0x42, 0x0A, 0xD1, 0x38, 0x1C, 0x31, 0x1C, 0x00, 0xF0, 0x18, 0xF8
	.byte 0x0A, 0x4B, 0xFA, 0x18, 0x11, 0x78, 0x11, 0x20, 0x40, 0x42, 0x08, 0x40, 0x10, 0x70
_0802D2D2:
	.byte 0x02, 0xB0, 0x38, 0xBC, 0x98, 0x46, 0xA1, 0x46, 0xAA, 0x46, 0xF0, 0xBC, 0x01, 0xBC, 0x00, 0x47
	.byte 0x00, 0x00, 0x0A, 0x02, 0x00, 0x00, 0x52, 0x03, 0x00, 0x00, 0x38, 0x10, 0x00, 0x03, 0x0B, 0x02
	.byte 0x00, 0x00
	thumb_func_start sub_802D2F4
sub_802D2F4:
	push {r4, r5, r6, lr}
	adds r6, r0, #0x0
	adds r4, r1, #0x0
	movs r1, #0xDB
	lsls r1, r1, #0x02
	adds r0, r4, r1
	ldr r0, [r0, #0x00]
	bl sub_8020D40
	ldr r2, _0802D370 @ =0x0000020B
	adds r3, r6, r2
	ldrb r1, [r3, #0x00]
	movs r2, #0x7F
	adds r0, r2, #0x0
	ands r0, r1
	strb r0, [r3, #0x00]
	movs r0, #0x82
	lsls r0, r0, #0x02
	adds r3, r6, r0
	ldrb r0, [r3, #0x00]
	movs r1, #0x01
	orrs r0, r1
	strb r0, [r3, #0x00]
	ldr r1, _0802D374 @ =0x00000246
	adds r3, r6, r1
	ldrb r1, [r3, #0x00]
	movs r0, #0x1D
	negs r0, r0
	ands r0, r1
	strb r0, [r3, #0x00]
	ldr r0, _0802D378 @ =0x00000351
	adds r3, r4, r0
	ldrb r0, [r3, #0x00]
	ands r2, r0
	strb r2, [r3, #0x00]
	movs r2, #0xDA
	lsls r2, r2, #0x02
	adds r0, r4, r2
	ldr r0, [r0, #0x00]
	movs r1, #0x00
	strb r1, [r0, #0x00]
	movs r5, #0x00
	strh r1, [r4, #0x04]
	ldrb r1, [r3, #0x00]
	movs r0, #0x41
	negs r0, r0
	ands r0, r1
	strb r0, [r3, #0x00]
	movs r1, #0xE2
	lsls r1, r1, #0x02
	adds r0, r4, r1
	ldr r0, [r0, #0x00]
	adds r0, r0, r2
	ldr r1, [r0, #0x00]
	ldrb r0, [r1, #0x00]
	subs r0, #0x01
	lsls r0, r0, #0x18
	lsrs r0, r0, #0x18
	cmp r0, #0x01
	bhi _0802D37C
	strb r5, [r1, #0x01]
	b _0802D37E
_0802D370: .4byte 0x0000020B
_0802D374: .4byte 0x00000246
_0802D378: .4byte 0x00000351
_0802D37C:
	strb r5, [r1, #0x00]
_0802D37E:
	ldr r0, _0802D45C @ =0x0000035B
	adds r2, r4, r0
	ldrb r1, [r2, #0x00]
	movs r0, #0x41
	negs r0, r0
	ands r0, r1
	strb r0, [r2, #0x00]
	movs r1, #0x80
	lsls r1, r1, #0x01
	adds r0, r6, r1
	ldrh r1, [r0, #0x00]
	ldr r2, _0802D460 @ =0x0000023E
	adds r0, r4, r2
	strh r1, [r0, #0x00]
	adds r2, #0x22
	adds r0, r4, r2
	strh r1, [r0, #0x00]
	movs r0, #0xDA
	lsls r0, r0, #0x02
	adds r5, r4, r0
	ldr r1, [r5, #0x00]
	ldrb r0, [r1, #0x12]
	strb r0, [r1, #0x10]
	ldr r1, [r5, #0x00]
	movs r0, #0xFF
	strb r0, [r1, #0x12]
	adds r0, r6, #0x0
	adds r1, r4, #0x0
	movs r2, #0x00
	movs r3, #0x00
	bl sub_802DDB4
	movs r1, #0x82
	lsls r1, r1, #0x02
	adds r0, r6, r1
	ldrb r1, [r0, #0x00]
	movs r0, #0x10
	ands r0, r1
	cmp r0, #0x00
	bne _0802D3F4
	ldr r2, _0802D464 @ =0x00000352
	adds r0, r4, r2
	ldrb r1, [r0, #0x00]
	movs r0, #0x80
	ands r0, r1
	cmp r0, #0x00
	bne _0802D3F4
	ldr r1, [r5, #0x00]
	ldrb r0, [r1, #0x10]
	strb r0, [r1, #0x14]
	ldr r1, [r5, #0x00]
	movs r0, #0x00
	strb r0, [r1, #0x10]
	adds r0, r6, #0x0
	adds r1, r4, #0x0
	movs r2, #0x00
	movs r3, #0x00
	bl sub_802DDB4
_0802D3F4:
	movs r0, #0xE2
	lsls r0, r0, #0x02
	adds r5, r4, r0
	ldr r1, [r5, #0x00]
	ldr r2, _0802D468 @ =0x00000351
	adds r1, r1, r2
	ldrb r2, [r1, #0x00]
	movs r0, #0x41
	negs r0, r0
	ands r0, r2
	strb r0, [r1, #0x00]
	movs r1, #0x82
	lsls r1, r1, #0x02
	adds r0, r6, r1
	ldrb r1, [r0, #0x00]
	movs r0, #0x10
	ands r0, r1
	cmp r0, #0x00
	beq _0802D454
	ldr r1, [r5, #0x00]
	movs r0, #0x00
	strh r0, [r1, #0x04]
	ldr r1, [r5, #0x00]
	ldr r2, _0802D464 @ =0x00000352
	adds r0, r4, r2
	ldrb r2, [r0, #0x00]
	lsrs r2, r2, #0x07
	adds r0, r6, #0x0
	movs r3, #0x00
	bl sub_802DDB4
	ldr r1, [r5, #0x00]
	movs r4, #0x80
	lsls r4, r4, #0x01
	adds r3, r6, r4
	ldrh r2, [r3, #0x00]
	ldr r4, _0802D460 @ =0x0000023E
	adds r0, r1, r4
	strh r2, [r0, #0x00]
	ldrh r0, [r3, #0x00]
	movs r2, #0x98
	lsls r2, r2, #0x02
	adds r1, r1, r2
	strh r0, [r1, #0x00]
	adds r0, r6, #0x0
	movs r1, #0x00
	bl sub_802DF80
_0802D454:
	pop {r4, r5, r6}
	pop {r0}
	bx r0
	.byte 0x00, 0x00
_0802D45C: .4byte 0x0000035B
_0802D460: .4byte 0x0000023E
_0802D464: .4byte 0x00000352
_0802D468: .4byte 0x00000351
	thumb_func_start sub_802D46C
sub_802D46C:
	push {r4, r5, lr}
	adds r4, r0, #0x0
	adds r5, r1, #0x0
	movs r1, #0xAE
	lsls r1, r1, #0x02
	adds r0, r4, r1
	ldrb r1, [r0, #0x00]
	movs r0, #0x10
	ands r0, r1
	cmp r0, #0x00
	bne _0802D52A
	ldr r1, _0802D520 @ =0x00000291
	adds r0, r4, r1
	ldrb r1, [r0, #0x00]
	movs r0, #0x01
	ands r0, r1
	cmp r0, #0x00
	bne _0802D52A
	movs r1, #0x80
	lsls r1, r1, #0x02
	adds r0, r4, r1
	ldr r2, [r0, #0x00]
	adds r1, #0xB5
	adds r0, r2, r1
	ldrb r1, [r0, #0x00]
	movs r0, #0x08
	ands r0, r1
	cmp r0, #0x00
	bne _0802D52A
	cmp r5, #0x00
	beq _0802D52A
	movs r1, #0x81
	lsls r1, r1, #0x02
	adds r0, r4, r1
	ldr r0, [r0, #0x00]
	movs r1, #0x04
	ldsh r0, [r0, r1]
	cmp r0, #0x04
	bgt _0802D52A
	adds r0, r4, #0x0
	adds r0, #0xFB
	ldrb r1, [r0, #0x00]
	movs r0, #0x04
	ands r0, r1
	cmp r0, #0x00
	beq _0802D4DE
	movs r1, #0xDA
	lsls r1, r1, #0x02
	adds r0, r2, r1
	ldr r0, [r0, #0x00]
	ldrb r0, [r0, #0x02]
	cmp r0, #0x00
	bne _0802D4DE
	movs r1, #0x04
	ldsh r0, [r2, r1]
	cmp r0, #0x04
	ble _0802D4EE
_0802D4DE:
	movs r1, #0x80
	lsls r1, r1, #0x02
	adds r0, r4, r1
	ldr r0, [r0, #0x00]
	movs r1, #0x04
	ldsh r0, [r0, r1]
	cmp r0, #0x01
	bgt _0802D52A
_0802D4EE:
	adds r0, r4, #0x0
	movs r1, #0x00
	bl sub_8025D24
	lsls r0, r0, #0x18
	cmp r0, #0x00
	beq _0802D52A
	movs r1, #0x80
	lsls r1, r1, #0x02
	adds r0, r4, r1
	ldr r2, [r0, #0x00]
	movs r1, #0xDA
	lsls r1, r1, #0x02
	adds r0, r2, r1
	ldr r0, [r0, #0x00]
	ldrb r1, [r0, #0x16]
	movs r0, #0x80
	ands r0, r1
	cmp r0, #0x00
	bne _0802D524
	adds r0, r4, #0x0
	adds r1, r2, #0x0
	bl sub_802C588
	b _0802D52A
_0802D520: .4byte 0x00000291
_0802D524:
	adds r0, r4, #0x0
	bl sub_8029878
_0802D52A:
	movs r1, #0x80
	lsls r1, r1, #0x02
	adds r0, r4, r1
	ldr r1, [r0, #0x00]
	adds r0, r4, #0x0
	movs r2, #0x00
	adds r3, r5, #0x0
	bl sub_802DDB4
	pop {r4, r5}
	pop {r0}
	bx r0
	.byte 0x00, 0x00
	thumb_func_start sub_802D544
sub_802D544:
	push {r4, r5, r6, r7, lr}
	mov r7, r8
	push {r7}
	adds r5, r0, #0x0
	mov r8, r1
	movs r1, #0xAE
	lsls r1, r1, #0x02
	adds r0, r5, r1
	ldrb r1, [r0, #0x00]
	movs r0, #0x10
	ands r0, r1
	cmp r0, #0x00
	beq _0802D560
	b _0802D8D4
_0802D560:
	ldr r2, _0802D630 @ =0x00000291
	adds r0, r5, r2
	ldrb r1, [r0, #0x00]
	movs r0, #0x01
	ands r0, r1
	cmp r0, #0x00
	beq _0802D570
	b _0802D8D4
_0802D570:
	movs r3, #0x81
	lsls r3, r3, #0x02
	adds r0, r5, r3
	ldr r3, [r0, #0x00]
	ldr r4, _0802D634 @ =0x000002B5
	adds r0, r3, r4
	ldrb r1, [r0, #0x00]
	movs r0, #0x08
	ands r0, r1
	cmp r0, #0x00
	beq _0802D588
	b _0802D8D4
_0802D588:
	mov r6, r8
	cmp r6, #0x00
	bne _0802D590
	b _0802D8D4
_0802D590:
	adds r2, r5, #0x0
	adds r2, #0xFB
	ldrb r1, [r2, #0x00]
	movs r0, #0x04
	ands r0, r1
	adds r6, r2, #0x0
	cmp r0, #0x00
	beq _0802D5B6
	movs r1, #0xDA
	lsls r1, r1, #0x02
	adds r0, r3, r1
	ldr r0, [r0, #0x00]
	ldrb r0, [r0, #0x02]
	cmp r0, #0x00
	bne _0802D5B6
	movs r2, #0x04
	ldsh r0, [r3, r2]
	cmp r0, #0x04
	ble _0802D5C8
_0802D5B6:
	movs r3, #0x81
	lsls r3, r3, #0x02
	adds r0, r5, r3
	ldr r0, [r0, #0x00]
	movs r4, #0x04
	ldsh r0, [r0, r4]
	cmp r0, #0x01
	ble _0802D5C8
	b _0802D8D4
_0802D5C8:
	adds r0, r5, #0x0
	movs r1, #0x01
	bl sub_8025D24
	lsls r0, r0, #0x18
	cmp r0, #0x00
	bne _0802D5D8
	b _0802D8D4
_0802D5D8:
	movs r1, #0x82
	lsls r1, r1, #0x02
	adds r0, r5, r1
	ldrb r1, [r0, #0x00]
	movs r0, #0x10
	ands r0, r1
	cmp r0, #0x00
	bne _0802D644
	ldr r0, _0802D638 @ =0x0300034C
	adds r0, #0x78
	ldrh r1, [r0, #0x00]
	lsls r1, r1, #0x16
	lsrs r1, r1, #0x16
	movs r0, #0x08
	ands r0, r1
	cmp r0, #0x00
	beq _0802D63C
	movs r2, #0x81
	lsls r2, r2, #0x02
	adds r0, r5, r2
	ldr r2, [r0, #0x00]
	movs r3, #0x83
	lsls r3, r3, #0x02
	adds r0, r2, r3
	ldrb r1, [r0, #0x00]
	movs r0, #0x01
	ands r0, r1
	cmp r0, #0x00
	beq _0802D63C
	movs r4, #0xDA
	lsls r4, r4, #0x02
	adds r0, r2, r4
	ldr r0, [r0, #0x00]
	ldrb r1, [r0, #0x16]
	movs r0, #0x80
	ands r0, r1
	cmp r0, #0x00
	bne _0802D63C
	adds r0, r5, #0x0
	adds r1, r2, #0x0
	bl sub_802C588
	b _0802D8D4
	.byte 0x00, 0x00
_0802D630: .4byte 0x00000291
_0802D634: .4byte 0x000002B5
_0802D638: .4byte 0x0300034C
_0802D63C:
	adds r0, r5, #0x0
	bl sub_8029878
	b _0802D8D4
_0802D644:
	movs r1, #0x81
	lsls r1, r1, #0x02
	adds r0, r5, r1
	ldr r0, [r0, #0x00]
	movs r2, #0xDA
	lsls r2, r2, #0x02
	adds r0, r0, r2
	ldr r2, [r0, #0x00]
	ldrb r1, [r2, #0x16]
	movs r0, #0x80
	ands r0, r1
	cmp r0, #0x00
	bne _0802D664
	ldrb r0, [r2, #0x02]
	cmp r0, #0x00
	bne _0802D72E
_0802D664:
	ldr r3, _0802D6AC @ =0x00000246
	adds r0, r5, r3
	ldrb r0, [r0, #0x00]
	movs r1, #0x1C
	ands r1, r0
	cmp r1, #0x00
	beq _0802D67E
	cmp r1, #0x08
	beq _0802D67E
	cmp r1, #0x0C
	beq _0802D67E
	cmp r1, #0x10
	bne _0802D6B4
_0802D67E:
	ldrb r2, [r6, #0x00]
	movs r0, #0x04
	ands r0, r2
	cmp r0, #0x00
	beq _0802D6B4
	movs r4, #0x81
	lsls r4, r4, #0x02
	adds r3, r5, r4
	ldr r1, [r3, #0x00]
	movs r6, #0xA5
	lsls r6, r6, #0x02
	adds r0, r1, r6
	ldr r0, [r0, #0x00]
	lsrs r2, r2, #0x03
	adds r0, #0x20
	strb r2, [r0, #0x00]
	ldr r0, _0802D6B0 @ =0x00000239
	adds r1, r1, r0
	strb r2, [r1, #0x00]
	ldr r0, [r3, #0x00]
	bl sub_8049224
	b _0802D8D4
_0802D6AC: .4byte 0x00000246
_0802D6B0: .4byte 0x00000239
_0802D6B4:
	movs r1, #0x81
	lsls r1, r1, #0x02
	adds r4, r5, r1
	ldr r2, [r4, #0x00]
	movs r3, #0xA5
	lsls r3, r3, #0x02
	adds r0, r2, r3
	ldr r0, [r0, #0x00]
	ldrb r1, [r6, #0x00]
	lsrs r1, r1, #0x03
	adds r0, #0x20
	strb r1, [r0, #0x00]
	ldr r6, _0802D718 @ =0x00000239
	adds r2, r2, r6
	strb r1, [r2, #0x00]
	ldr r0, [r4, #0x00]
	movs r2, #0x99
	lsls r2, r2, #0x02
	adds r1, r0, r2
	movs r3, #0x00
	ldsh r1, [r1, r3]
	adds r6, #0x2D
	adds r2, r0, r6
	movs r3, #0x00
	ldsh r2, [r2, r3]
	subs r6, #0x28
	adds r3, r0, r6
	movs r6, #0x00
	ldsh r3, [r3, r6]
	bl sub_80401F0
	ldr r1, [r4, #0x00]
	movs r0, #0x02
	strh r0, [r1, #0x04]
	ldr r4, [r4, #0x00]
	adds r0, r4, #0x0
	adds r0, #0x54
	ldrb r0, [r0, #0x00]
	cmp r0, #0x00
	bne _0802D720
	ldr r1, _0802D71C @ =0x0000035B
	adds r0, r4, r1
	ldrb r1, [r0, #0x00]
	movs r0, #0x08
	ands r0, r1
	movs r2, #0x2B
	cmp r0, #0x00
	beq _0802D722
	movs r2, #0x2F
	b _0802D722
_0802D718: .4byte 0x00000239
_0802D71C: .4byte 0x0000035B
_0802D720:
	movs r2, #0x2B
_0802D722:
	movs r1, #0x01
	negs r1, r1
	adds r0, r2, #0x0
	bl play_sfx_80195B4
	b _0802D8D4
_0802D72E:
	movs r3, #0x80
	lsls r3, r3, #0x02
	adds r0, r5, r3
	ldr r0, [r0, #0x00]
	ldrh r0, [r0, #0x04]
	cmp r0, #0x01
	bls _0802D73E
	b _0802D8D4
_0802D73E:
	ldrb r0, [r2, #0x02]
	cmp r0, #0x07
	bls _0802D746
	b _0802D8D4
_0802D746:
	lsls r0, r0, #0x02
	ldr r1, _0802D750 @ =0x0802D754
	adds r0, r0, r1
	ldr r0, [r0, #0x00]
	mov pc, r0
_0802D750: .4byte 0x0802D754
	.byte 0xD4, 0xD8, 0x02, 0x08, 0x74, 0xD7, 0x02, 0x08, 0xC4, 0xD7, 0x02, 0x08, 0x6C, 0xD8, 0x02, 0x08
	.byte 0x1C, 0xD8, 0x02, 0x08, 0xD4, 0xD8, 0x02, 0x08, 0xD4, 0xD8, 0x02, 0x08, 0xB0, 0xD8, 0x02, 0x08
	.byte 0x81, 0x24, 0xA4, 0x00, 0x2B, 0x19, 0x1A, 0x68, 0xA5, 0x21, 0x89, 0x00, 0x50, 0x18, 0x00, 0x68
	.byte 0x31, 0x78, 0xC9, 0x08, 0x20, 0x30, 0x01, 0x70, 0x35, 0x34, 0x12, 0x19, 0x11, 0x70, 0x0A, 0x49
	.byte 0x68, 0x18, 0x01, 0x78, 0x1C, 0x20, 0x08, 0x40, 0x0C, 0x28, 0x39, 0xD1, 0x18, 0x68, 0x31, 0x78
	.byte 0x89, 0x08, 0x01, 0x22, 0x11, 0x40, 0x1B, 0xF0, 0xE1, 0xFD, 0x80, 0x22, 0x92, 0x00, 0xA8, 0x18
	.byte 0x01, 0x68, 0x02, 0x4B, 0xC9, 0x18, 0x22, 0xE0, 0x46, 0x02, 0x00, 0x00, 0x51, 0x03, 0x00, 0x00
	.byte 0x81, 0x24, 0xA4, 0x00, 0x2B, 0x19, 0x1A, 0x68, 0xA5, 0x21, 0x89, 0x00, 0x50, 0x18, 0x00, 0x68
	.byte 0x31, 0x78, 0xC9, 0x08, 0x20, 0x30, 0x01, 0x70, 0x35, 0x34, 0x12, 0x19, 0x11, 0x70, 0x0A, 0x4E
	.byte 0xA8, 0x19, 0x01, 0x78, 0x1C, 0x20, 0x08, 0x40, 0x0C, 0x28, 0x11, 0xD1, 0x18, 0x68, 0x1B, 0xF0
	.byte 0x1D, 0xFE, 0x80, 0x21, 0x89, 0x00, 0x68, 0x18, 0x01, 0x68, 0x04, 0x4A, 0x89, 0x18, 0x08, 0x78
	.byte 0x40, 0x22, 0x10, 0x43, 0x08, 0x70, 0x63, 0xE0, 0x46, 0x02, 0x00, 0x00, 0x51, 0x03, 0x00, 0x00
	.byte 0x28, 0x1C, 0x00, 0xF0, 0x89, 0xF8, 0x5B, 0xE0, 0x81, 0x23, 0x9B, 0x00, 0xE8, 0x18, 0x02, 0x68
	.byte 0xA5, 0x24, 0xA4, 0x00, 0x10, 0x19, 0x00, 0x68, 0x31, 0x78, 0xC9, 0x08, 0x20, 0x30, 0x01, 0x70
	.byte 0x06, 0x4E, 0x92, 0x19, 0x11, 0x70, 0x06, 0x49, 0x68, 0x18, 0x00, 0x78, 0x1C, 0x21, 0x01, 0x40
	.byte 0x04, 0x29, 0x07, 0xD1, 0x28, 0x1C, 0x03, 0xF0, 0xF3, 0xFC, 0x41, 0xE0, 0x39, 0x02, 0x00, 0x00
	.byte 0x46, 0x02, 0x00, 0x00, 0x08, 0x29, 0x03, 0xD1, 0x28, 0x1C, 0x08, 0xF0, 0x9B, 0xF9, 0x37, 0xE0
	.byte 0x28, 0x1C, 0x02, 0xF0, 0x0D, 0xFE, 0x33, 0xE0, 0x81, 0x22, 0x92, 0x00, 0xA8, 0x18, 0x02, 0x68
	.byte 0xA5, 0x23, 0x9B, 0x00, 0xD0, 0x18, 0x00, 0x68, 0x31, 0x78, 0xC9, 0x08, 0x20, 0x30, 0x01, 0x70
	.byte 0x06, 0x4C, 0x12, 0x19, 0x11, 0x70, 0x06, 0x4E, 0xA8, 0x19, 0x01, 0x78, 0x1C, 0x20, 0x08, 0x40
	.byte 0x0C, 0x28, 0x07, 0xD1, 0x28, 0x1C, 0x06, 0xF0, 0xC9, 0xFA, 0x19, 0xE0, 0x39, 0x02, 0x00, 0x00
	.byte 0x46, 0x02, 0x00, 0x00, 0x28, 0x1C, 0x04, 0xF0, 0x33, 0xFE, 0x11, 0xE0, 0x81, 0x21, 0x89, 0x00
	.byte 0x68, 0x18, 0x02, 0x68, 0xA5, 0x23, 0x9B, 0x00, 0xD0, 0x18, 0x00, 0x68, 0x31, 0x78, 0xC9, 0x08
	.byte 0x20, 0x30, 0x01, 0x70, 0x17, 0x4C, 0x12, 0x19, 0x11, 0x70, 0x28, 0x1C, 0x07, 0xF0, 0xC4, 0xF8
_0802D8D4:
	movs r6, #0x81
	lsls r6, r6, #0x02
	adds r0, r5, r6
	ldr r6, [r0, #0x00]
	movs r0, #0x82
	lsls r0, r0, #0x02
	adds r4, r5, r0
	ldrb r1, [r4, #0x00]
	lsls r0, r1, #0x1B
	lsrs r2, r0, #0x1F
	movs r7, #0x10
	adds r0, r7, #0x0
	ands r0, r1
	movs r3, #0x00
	cmp r0, #0x00
	beq _0802D8F6
	mov r3, r8
_0802D8F6:
	adds r0, r5, #0x0
	adds r1, r6, #0x0
	bl sub_802DDB4
	ldrb r1, [r4, #0x00]
	adds r0, r7, #0x0
	ands r0, r1
	cmp r0, #0x00
	bne _0802D91C
	adds r0, r5, #0x0
	movs r1, #0x03
	bl sub_8025D24
	lsls r0, r0, #0x18
	cmp r0, #0x00
	beq _0802D91C
	adds r0, r5, #0x0
	bl sub_8029878
_0802D91C:
	pop {r3}
	mov r8, r3
	pop {r4, r5, r6, r7}
	pop {r0}
	bx r0
	.byte 0x00, 0x00, 0x39, 0x02, 0x00, 0x00
	thumb_func_start sub_802D92C
sub_802D92C:
	push {r4, r5, r6, lr}
	adds r3, r0, #0x0
	ldr r1, _0802D9FC @ =0x00000209
	adds r0, r3, r1
	ldrb r1, [r0, #0x00]
	movs r0, #0x40
	ands r0, r1
	cmp r0, #0x00
	bne _0802D9AE
	movs r2, #0x81
	lsls r2, r2, #0x02
	adds r4, r3, r2
	ldr r2, [r4, #0x00]
	movs r1, #0xDA
	lsls r1, r1, #0x02
	adds r0, r2, r1
	ldr r0, [r0, #0x00]
	ldrb r0, [r0, #0x02]
	cmp r0, #0x01
	bne _0802D9AE
	movs r1, #0x80
	lsls r1, r1, #0x02
	adds r0, r3, r1
	ldr r0, [r0, #0x00]
	adds r0, #0x24
	ldrb r0, [r0, #0x00]
	lsls r0, r0, #0x1D
	lsrs r0, r0, #0x1D
	movs r1, #0x04
	eors r0, r1
	lsls r5, r0, #0x05
	ldr r0, [r2, #0x0C]
	cmp r0, #0x00
	bge _0802D972
	adds r0, #0xFF
_0802D972:
	asrs r0, r0, #0x08
	movs r2, #0x92
	lsls r2, r2, #0x02
	adds r1, r3, r2
	strh r0, [r1, #0x00]
	ldr r0, [r4, #0x00]
	ldr r0, [r0, #0x10]
	cmp r0, #0x00
	bge _0802D986
	adds r0, #0xFF
_0802D986:
	asrs r1, r0, #0x08
	ldr r4, _0802DA00 @ =0x0000024A
	adds r0, r3, r4
	strh r1, [r0, #0x00]
	movs r1, #0x90
	lsls r1, r1, #0x02
	adds r0, r3, r1
	movs r4, #0x00
	ldsh r2, [r0, r4]
	ldr r0, _0802DA04 @ =0x08198504
	lsls r1, r5, #0x01
	adds r0, r1, r0
	movs r4, #0x00
	ldsh r0, [r0, r4]
	muls r0, r2
	ldr r0, _0802DA08 @ =0x08198584
	adds r0, r1, r0
	movs r1, #0x00
	ldsh r0, [r0, r1]
	muls r0, r2
_0802D9AE:
	ldr r4, _0802DA0C @ =0x0000020B
	adds r2, r3, r4
	ldrb r0, [r2, #0x00]
	movs r1, #0x80
	orrs r0, r1
	strb r0, [r2, #0x00]
	ldr r0, _0802D9FC @ =0x00000209
	adds r2, r3, r0
	ldrb r0, [r2, #0x00]
	movs r1, #0x20
	orrs r0, r1
	strb r0, [r2, #0x00]
	movs r1, #0x81
	lsls r1, r1, #0x02
	adds r6, r3, r1
	ldr r2, [r6, #0x00]
	subs r4, #0x0B
	adds r5, r3, r4
	ldr r1, [r5, #0x00]
	movs r4, #0xD6
	lsls r4, r4, #0x02
	adds r1, r1, r4
	ldrb r0, [r1, #0x00]
	movs r3, #0x08
	orrs r0, r3
	strb r0, [r1, #0x00]
	adds r2, r2, r4
	ldrb r0, [r2, #0x00]
	orrs r0, r3
	strb r0, [r2, #0x00]
	ldr r2, [r6, #0x00]
	ldr r1, [r5, #0x00]
	movs r0, #0x0D
	strh r0, [r1, #0x04]
	strh r0, [r2, #0x04]
	pop {r4, r5, r6}
	pop {r0}
	bx r0
	.byte 0x00, 0x00
_0802D9FC: .4byte 0x00000209
_0802DA00: .4byte 0x0000024A
_0802DA04: .4byte 0x08198504
_0802DA08: .4byte 0x08198584
_0802DA0C: .4byte 0x0000020B
	thumb_func_start sub_802DA10
sub_802DA10:
	push {r4, r5, r6, lr}
	adds r4, r0, #0x0
	movs r0, #0x81
	lsls r0, r0, #0x02
	adds r5, r4, r0
	ldr r1, [r5, #0x00]
	movs r2, #0x04
	ldsh r0, [r1, r2]
	cmp r0, #0x0D
	bne _0802DA7A
	adds r6, r4, #0x0
	adds r6, #0x28
	adds r0, r1, #0x0
	adds r1, r6, #0x0
	bl sub_80461B4
	ldr r0, [r5, #0x00]
	bl sub_8047B78
	lsls r0, r0, #0x18
	cmp r0, #0x00
	bne _0802DA4A
	ldr r0, _0802DAA8 @ =0x00000209
	adds r2, r4, r0
	ldrb r1, [r2, #0x00]
	movs r0, #0x21
	negs r0, r0
	ands r0, r1
	strb r0, [r2, #0x00]
_0802DA4A:
	ldr r0, [r5, #0x00]
	bl sub_80465D8
	ldr r0, [r5, #0x00]
	adds r1, r6, #0x0
	movs r2, #0x00
	movs r3, #0x00
	bl sub_804FB64
	ldr r3, [r5, #0x00]
	ldr r5, [r3, #0x14]
	ldr r1, [r3, #0x18]
	adds r1, r5, r1
	movs r2, #0x80
	lsls r2, r2, #0x02
	adds r0, r4, r2
	ldr r0, [r0, #0x00]
	ldr r2, [r0, #0x14]
	ldr r0, [r0, #0x18]
	adds r0, r2, r0
	cmp r1, r0
	beq _0802DA7A
	subs r0, r0, r5
	str r0, [r3, #0x18]
_0802DA7A:
	ldr r1, _0802DAA8 @ =0x00000209
	adds r0, r4, r1
	ldrb r1, [r0, #0x00]
	movs r0, #0x20
	ands r0, r1
	cmp r0, #0x00
	beq _0802DA8A
	b _0802DC02
_0802DA8A:
	movs r2, #0x81
	lsls r2, r2, #0x02
	adds r0, r4, r2
	ldr r2, [r0, #0x00]
	movs r1, #0xDA
	lsls r1, r1, #0x02
	adds r0, r2, r1
	ldr r0, [r0, #0x00]
	ldrb r0, [r0, #0x02]
	cmp r0, #0x01
	beq _0802DAAC
	cmp r0, #0x02
	beq _0802DB50
	b _0802DC02
	.byte 0x00, 0x00
_0802DAA8: .4byte 0x00000209
_0802DAAC:
	ldr r1, _0802DAE8 @ =0x00000246
	adds r0, r4, r1
	ldrb r0, [r0, #0x00]
	movs r1, #0x1C
	ands r1, r0
	cmp r1, #0x00
	beq _0802DABE
	cmp r1, #0x08
	bne _0802DB24
_0802DABE:
	adds r0, r2, #0x0
	adds r0, #0x54
	ldrb r0, [r0, #0x00]
	cmp r0, #0x00
	bne _0802DAF4
	ldr r0, _0802DAEC @ =0x03000FC0
	ldr r0, [r0, #0x00]
	movs r2, #0xE3
	lsls r2, r2, #0x02
	adds r0, r0, r2
	ldr r2, _0802DAF0 @ =0x00000206
	movs r1, #0x00
	bl sub_80E98C0
	lsls r0, r0, #0x18
	cmp r0, #0x00
	beq _0802DB1C
	adds r0, r4, #0x0
	bl sub_80339B8
	b _0802DBEE
_0802DAE8: .4byte 0x00000246
_0802DAEC: .4byte 0x03000FC0
_0802DAF0: .4byte 0x00000206
_0802DAF4:
	ldr r0, _0802DB14 @ =0x03000FC0
	ldr r0, [r0, #0x00]
	movs r1, #0xE3
	lsls r1, r1, #0x02
	adds r0, r0, r1
	ldr r2, _0802DB18 @ =0x00000207
	movs r1, #0x00
	bl sub_80E98C0
	lsls r0, r0, #0x18
	cmp r0, #0x00
	beq _0802DB1C
	adds r0, r4, #0x0
	bl sub_8035974
	b _0802DBEE
_0802DB14: .4byte 0x03000FC0
_0802DB18: .4byte 0x00000207
_0802DB1C:
	adds r0, r4, #0x0
	bl sub_8039078
	b _0802DBEE
_0802DB24:
	cmp r1, #0x04
	bne _0802DB30
	adds r0, r4, #0x0
	bl sub_80313C0
	b _0802DBEE
_0802DB30:
	cmp r1, #0x10
	bne _0802DB3C
	adds r0, r4, #0x0
	bl sub_803495C
	b _0802DBEE
_0802DB3C:
	adds r0, r4, #0x0
	adds r0, #0xFB
	ldrb r1, [r0, #0x00]
	lsrs r1, r1, #0x02
	movs r0, #0x01
	ands r1, r0
	adds r0, r2, #0x0
	bl sub_8049370
	b _0802DBEE
_0802DB50:
	ldr r1, _0802DB88 @ =0x00000246
	adds r0, r4, r1
	ldrb r0, [r0, #0x00]
	movs r1, #0x1C
	ands r1, r0
	cmp r1, #0x00
	bne _0802DBCC
	adds r0, r2, #0x0
	adds r0, #0x54
	ldrb r0, [r0, #0x00]
	cmp r0, #0x00
	bne _0802DB9C
	ldr r0, _0802DB8C @ =0x03000FC0
	ldr r0, [r0, #0x00]
	movs r2, #0xE3
	lsls r2, r2, #0x02
	adds r0, r0, r2
	ldr r2, _0802DB90 @ =0x0000020A
	movs r1, #0x00
	bl sub_80E98C0
	lsls r0, r0, #0x18
	cmp r0, #0x00
	beq _0802DB94
	adds r0, r4, #0x0
	bl sub_8036E14
	b _0802DBEE
_0802DB88: .4byte 0x00000246
_0802DB8C: .4byte 0x03000FC0
_0802DB90: .4byte 0x0000020A
_0802DB94:
	adds r0, r4, #0x0
	bl sub_8039A00
	b _0802DBEE
_0802DB9C:
	ldr r0, _0802DBBC @ =0x03000FC0
	ldr r0, [r0, #0x00]
	movs r1, #0xE3
	lsls r1, r1, #0x02
	adds r0, r0, r1
	ldr r2, _0802DBC0 @ =0x0000020B
	movs r1, #0x00
	bl sub_80E98C0
	lsls r0, r0, #0x18
	cmp r0, #0x00
	beq _0802DBC4
	adds r0, r4, #0x0
	bl sub_8038140
	b _0802DBEE
_0802DBBC: .4byte 0x03000FC0
_0802DBC0: .4byte 0x0000020B
_0802DBC4:
	adds r0, r4, #0x0
	bl sub_8039B5C
	b _0802DBEE
_0802DBCC:
	cmp r1, #0x08
	beq _0802DBE0
	cmp r1, #0x04
	bne _0802DBDC
	adds r0, r4, #0x0
	bl sub_8031518
	b _0802DBEE
_0802DBDC:
	cmp r1, #0x10
	bne _0802DBE8
_0802DBE0:
	adds r0, r4, #0x0
	bl sub_803A438
	b _0802DBEE
_0802DBE8:
	adds r0, r2, #0x0
	bl sub_8049430
_0802DBEE:
	movs r2, #0x80
	lsls r2, r2, #0x02
	adds r0, r4, r2
	ldr r1, [r0, #0x00]
	ldr r0, _0802DC08 @ =0x00000351
	adds r1, r1, r0
	ldrb r0, [r1, #0x00]
	movs r2, #0x40
	orrs r0, r2
	strb r0, [r1, #0x00]
_0802DC02:
	pop {r4, r5, r6}
	pop {r0}
	bx r0
_0802DC08: .4byte 0x00000351
	thumb_func_start sub_802DC0C
sub_802DC0C:
	push {r4, r5, r6, r7, lr}
	adds r7, r0, #0x0
	adds r6, r1, #0x0
	adds r0, r6, #0x0
	bl sub_804D18C
	lsls r0, r0, #0x18
	cmp r0, #0x00
	beq _0802DC22
_0802DC1E:
	movs r0, #0x01
	b _0802DDA6
_0802DC22:
	movs r0, #0x88
	lsls r0, r0, #0x01
	adds r1, r7, r0
	ldrb r0, [r1, #0x00]
	cmp r0, #0x00
	beq _0802DCD2
	lsls r0, r0, #0x02
	adds r0, #0x28
	adds r4, r7, r0
	ldr r1, _0802DC88 @ =0x00000111
	adds r0, r7, r1
	ldrb r5, [r0, #0x00]
	cmp r5, #0x00
	beq _0802DCD2
	negs r1, r5
	movs r0, #0x03
	ands r1, r0
	cmp r1, #0x00
	beq _0802DC8C
	cmp r1, #0x03
	bge _0802DC74
	cmp r1, #0x02
	bge _0802DC62
	ldr r1, [r4, #0x00]
	adds r0, r6, #0x0
	bl sub_804B25C
	lsls r0, r0, #0x18
	cmp r0, #0x00
	bne _0802DC1E
	subs r5, #0x01
	adds r4, #0x04
_0802DC62:
	ldr r1, [r4, #0x00]
	adds r0, r6, #0x0
	bl sub_804B25C
	lsls r0, r0, #0x18
	cmp r0, #0x00
	bne _0802DC1E
	subs r5, #0x01
	adds r4, #0x04
_0802DC74:
	ldr r1, [r4, #0x00]
	adds r0, r6, #0x0
	bl sub_804B25C
	lsls r0, r0, #0x18
	cmp r0, #0x00
	bne _0802DC1E
	subs r5, #0x01
	b _0802DCCC
	.byte 0x00, 0x00
_0802DC88: .4byte 0x00000111
_0802DC8C:
	ldr r1, [r4, #0x00]
	adds r0, r6, #0x0
	bl sub_804B25C
	lsls r0, r0, #0x18
	cmp r0, #0x00
	bne _0802DC1E
	adds r4, #0x04
	ldr r1, [r4, #0x00]
	adds r0, r6, #0x0
	bl sub_804B25C
	lsls r0, r0, #0x18
	cmp r0, #0x00
	bne _0802DC1E
	adds r4, #0x04
	ldr r1, [r4, #0x00]
	adds r0, r6, #0x0
	bl sub_804B25C
	lsls r0, r0, #0x18
	cmp r0, #0x00
	bne _0802DC1E
	adds r4, #0x04
	ldr r1, [r4, #0x00]
	adds r0, r6, #0x0
	bl sub_804B25C
	lsls r0, r0, #0x18
	cmp r0, #0x00
	bne _0802DC1E
	subs r5, #0x04
_0802DCCC:
	adds r4, #0x04
	cmp r5, #0x00
	bne _0802DC8C
_0802DCD2:
	movs r2, #0x8A
	lsls r2, r2, #0x01
	adds r1, r7, r2
	ldrb r0, [r1, #0x00]
	cmp r0, #0x00
	bne _0802DCEC
	movs r0, #0x8B
	lsls r0, r0, #0x01
	adds r2, r7, r0
	ldrb r0, [r2, #0x00]
	movs r1, #0x00
	cmp r0, #0x00
	beq _0802DCEE
_0802DCEC:
	adds r1, r0, #0x0
_0802DCEE:
	cmp r1, #0x00
	ble _0802DDA4
	lsls r0, r1, #0x02
	adds r0, #0x28
	adds r4, r7, r0
	ldr r1, _0802DDAC @ =0x00000115
	adds r0, r7, r1
	ldrb r1, [r0, #0x00]
	ldr r2, _0802DDB0 @ =0x00000117
	adds r0, r7, r2
	ldrb r0, [r0, #0x00]
	adds r5, r1, r0
	cmp r5, #0x00
	beq _0802DDA4
	negs r1, r5
	movs r0, #0x03
	ands r1, r0
	cmp r1, #0x00
	beq _0802DD5C
	cmp r1, #0x03
	bge _0802DD44
	cmp r1, #0x02
	bge _0802DD30
	ldr r1, [r4, #0x00]
	adds r0, r6, #0x0
	bl sub_804B25C
	lsls r0, r0, #0x18
	cmp r0, #0x00
	beq _0802DD2C
	b _0802DC1E
_0802DD2C:
	subs r5, #0x01
	adds r4, #0x04
_0802DD30:
	ldr r1, [r4, #0x00]
	adds r0, r6, #0x0
	bl sub_804B25C
	lsls r0, r0, #0x18
	cmp r0, #0x00
	beq _0802DD40
	b _0802DC1E
_0802DD40:
	subs r5, #0x01
	adds r4, #0x04
_0802DD44:
	ldr r1, [r4, #0x00]
	adds r0, r6, #0x0
	bl sub_804B25C
	lsls r0, r0, #0x18
	cmp r0, #0x00
	beq _0802DD54
	b _0802DC1E
_0802DD54:
	subs r5, #0x01
	adds r4, #0x04
	cmp r5, #0x00
	beq _0802DDA4
_0802DD5C:
	ldr r1, [r4, #0x00]
	adds r0, r6, #0x0
	bl sub_804B25C
	lsls r0, r0, #0x18
	cmp r0, #0x00
	beq _0802DD6C
	b _0802DC1E
_0802DD6C:
	ldr r1, [r4, #0x04]
	adds r0, r6, #0x0
	bl sub_804B25C
	lsls r0, r0, #0x18
	cmp r0, #0x00
	beq _0802DD7C
	b _0802DC1E
_0802DD7C:
	ldr r1, [r4, #0x08]
	adds r0, r6, #0x0
	bl sub_804B25C
	lsls r0, r0, #0x18
	cmp r0, #0x00
	beq _0802DD8C
	b _0802DC1E
_0802DD8C:
	ldr r1, [r4, #0x0C]
	adds r0, r6, #0x0
	bl sub_804B25C
	lsls r0, r0, #0x18
	cmp r0, #0x00
	beq _0802DD9C
	b _0802DC1E
_0802DD9C:
	subs r5, #0x04
	adds r4, #0x10
	cmp r5, #0x00
	bne _0802DD5C
_0802DDA4:
	movs r0, #0x00
_0802DDA6:
	pop {r4, r5, r6, r7}
	pop {r1}
	bx r1
_0802DDAC: .4byte 0x00000115
_0802DDB0: .4byte 0x00000117
	thumb_func_start sub_802DDB4
sub_802DDB4:
	push {r4, r5, r6, r7, lr}
	mov r7, r10
	mov r6, r9
	mov r5, r8
	push {r5, r6, r7}
	add sp, #-0x010
	str r0, [sp, #0x004]
	mov r9, r1
	adds r5, r2, #0x0
	movs r0, #0xDA
	lsls r0, r0, #0x02
	add r0, r9
	ldr r7, [r0, #0x00]
	lsls r0, r5, #0x02
	adds r1, r7, #0x0
	adds r1, #0x08
	adds r1, r1, r0
	ldrb r0, [r7, #0x00]
	ldr r1, [r1, #0x00]
	lsls r0, r0, #0x02
	adds r0, r0, r1
	ldr r0, [r0, #0x00]
	mov r8, r0
	movs r1, #0x00
	ldsb r1, [r0, r1]
	movs r0, #0x01
	negs r0, r0
	cmp r1, r0
	bne _0802DDF0
	b _0802DF6E
_0802DDF0:
	ldrb r0, [r7, #0x02]
	str r0, [sp, #0x008]
	movs r6, #0x00
	ldr r0, _0802DE58 @ =0x000002B5
	add r0, r9
	ldrb r1, [r0, #0x00]
	movs r0, #0x0F
	ands r0, r1
	movs r1, #0x10
	adds r1, r1, r7
	mov r10, r1
	cmp r0, #0x00
	bne _0802DEC8
	cmp r3, #0x00
	beq _0802DEC8
	ldr r0, _0802DE5C @ =0x00000352
	add r0, r9
	ldrb r1, [r0, #0x00]
	lsrs r1, r1, #0x07
	movs r0, #0x01
	eors r1, r0
	adds r1, #0x02
	ldr r0, [sp, #0x004]
	bl sub_8025D24
	lsls r0, r0, #0x18
	cmp r0, #0x00
	beq _0802DEC8
	ldr r0, _0802DE60 @ =0x03000FC0
	ldr r0, [r0, #0x00]
	movs r2, #0xE3
	lsls r2, r2, #0x02
	adds r0, r0, r2
	ldr r2, _0802DE64 @ =0x0839F984
	mov r4, r9
	adds r4, #0x54
	ldrb r1, [r4, #0x00]
	lsls r1, r1, #0x01
	adds r1, r1, r5
	lsls r1, r1, #0x01
	adds r1, r1, r2
	ldrh r2, [r1, #0x00]
	movs r1, #0x00
	bl sub_80E98C0
	lsls r0, r0, #0x18
	str r4, [sp, #0x00C]
	cmp r0, #0x00
	beq _0802DEC8
	lsls r6, r5, #0x03
	b _0802DE7E
	.byte 0x00, 0x00
_0802DE58: .4byte 0x000002B5
_0802DE5C: .4byte 0x00000352
_0802DE60: .4byte 0x03000FC0
_0802DE64: .4byte 0x0839F984
_0802DE68:
	ldr r0, _0802DF4C @ =0x03000FC0
	ldr r0, [r0, #0x00]
	movs r1, #0xE3
	lsls r1, r1, #0x02
	adds r0, r0, r1
	movs r1, #0x00
	bl sub_80E98C0
	lsls r0, r0, #0x18
	cmp r0, #0x00
	bne _0802DEC6
_0802DE7E:
	mov r0, r10
	adds r2, r0, r5
	ldrb r0, [r2, #0x00]
	adds r0, #0x01
	movs r4, #0x00
	strb r0, [r2, #0x00]
	movs r0, #0x00
	ldsb r0, [r2, r0]
	add r0, r8
	ldrb r3, [r0, #0x00]
	movs r1, #0x00
	ldsb r1, [r0, r1]
	movs r0, #0x01
	negs r0, r0
	cmp r1, r0
	bne _0802DEA4
	strb r4, [r2, #0x00]
	mov r1, r8
	ldrb r3, [r1, #0x00]
_0802DEA4:
	ldr r2, _0802DF50 @ =0x0839F98C
	ldr r1, [sp, #0x00C]
	ldrb r0, [r1, #0x00]
	lsls r1, r0, #0x03
	subs r1, r1, r0
	lsls r1, r1, #0x02
	subs r0, r6, r5
	lsls r0, r0, #0x01
	adds r1, r1, r0
	lsls r0, r3, #0x18
	asrs r0, r0, #0x18
	adds r1, r1, r0
	lsls r1, r1, #0x01
	adds r1, r1, r2
	ldrh r2, [r1, #0x00]
	cmp r2, #0x00
	bne _0802DE68
_0802DEC6:
	movs r6, #0x01
_0802DEC8:
	mov r2, r10
	adds r0, r2, r5
	ldrb r0, [r0, #0x00]
	lsls r0, r0, #0x18
	asrs r0, r0, #0x18
	add r0, r8
	ldrb r0, [r0, #0x00]
	strb r0, [r7, #0x02]
	ldrb r1, [r7, #0x02]
	ldr r2, [sp, #0x008]
	lsls r0, r2, #0x18
	asrs r0, r0, #0x18
	cmp r1, r0
	beq _0802DF64
	ldr r1, [sp, #0x004]
	ldr r0, [r1, #0x1C]
	ldr r2, [r0, #0x10]
	ldr r1, _0802DF54 @ =0x0839F954
	movs r0, #0xDA
	lsls r0, r0, #0x02
	add r0, r9
	ldr r0, [r0, #0x00]
	ldrb r3, [r0, #0x02]
	adds r1, r3, r1
	ldrb r1, [r1, #0x00]
	lsls r1, r1, #0x05
	ldr r0, [r2, #0x08]
	adds r0, r0, r1
	mov r4, r9
	adds r4, #0x54
	ldrb r1, [r4, #0x00]
	lsls r1, r1, #0x0A
	ldr r2, _0802DF58 @ =0x06010DC0
	adds r1, r1, r2
	ldr r2, _0802DF5C @ =0x0839F962
	adds r3, r3, r2
	ldrb r2, [r3, #0x00]
	lsls r2, r2, #0x05
	movs r3, #0x00
	str r3, [sp, #0x000]
	movs r3, #0x20
	bl sub_8018218
	cmp r6, #0x00
	beq _0802DF6E
	ldr r2, _0802DF60 @ =0x0839F9FC
	ldrb r1, [r4, #0x00]
	lsls r0, r1, #0x03
	subs r0, r0, r1
	lsls r0, r0, #0x02
	lsls r1, r5, #0x03
	subs r1, r1, r5
	lsls r1, r1, #0x01
	adds r0, r0, r1
	ldrb r7, [r7, #0x02]
	adds r0, r0, r7
	adds r0, r0, r2
	ldrb r0, [r0, #0x00]
	cmp r0, #0x00
	beq _0802DF6E
	movs r1, #0x01
	negs r1, r1
	bl play_sfx_80195B4
	b _0802DF6E
	.byte 0x00, 0x00
_0802DF4C: .4byte 0x03000FC0
_0802DF50: .4byte 0x0839F98C
_0802DF54: .4byte 0x0839F954
_0802DF58: .4byte 0x06010DC0
_0802DF5C: .4byte 0x0839F962
_0802DF60: .4byte 0x0839F9FC
_0802DF64:
	cmp r6, #0x00
	beq _0802DF6E
	ldr r0, [sp, #0x004]
	bl sub_8029878
_0802DF6E:
	add sp, #0x010
	pop {r3, r4, r5}
	mov r8, r3
	mov r9, r4
	mov r10, r5
	pop {r4, r5, r6, r7}
	pop {r0}
	bx r0
	.byte 0x00, 0x00
	thumb_func_start sub_802DF80
sub_802DF80:
	push {r4, r5, r6, r7, lr}
	mov r7, r10
	mov r6, r9
	mov r5, r8
	push {r5, r6, r7}
	add sp, #-0x00C
	str r0, [sp, #0x000]
	adds r4, r1, #0x0
	movs r1, #0x82
	lsls r1, r1, #0x02
	adds r0, r0, r1
	ldrb r1, [r0, #0x00]
	movs r0, #0x10
	ands r0, r1
	cmp r0, #0x00
	bne _0802DFA2
	b _0802E2C2
_0802DFA2:
	ldr r2, [sp, #0x000]
	ldr r3, _0802DFFC @ =0x00000246
	adds r0, r2, r3
	ldrb r1, [r0, #0x00]
	movs r0, #0x1C
	ands r0, r1
	movs r2, #0x80
	lsls r2, r2, #0x05
	adds r1, r2, #0x0
	cmp r0, #0x10
	bne _0802DFBE
	movs r3, #0xA0
	lsls r3, r3, #0x05
	adds r1, r3, #0x0
_0802DFBE:
	ldr r2, [sp, #0x000]
	movs r3, #0x90
	lsls r3, r3, #0x02
	adds r0, r2, r3
	strh r1, [r0, #0x00]
	ldr r0, _0802E000 @ =0x0000020B
	adds r3, r2, r0
	movs r0, #0x01
	adds r1, r4, #0x0
	ands r1, r0
	lsls r1, r1, #0x02
	ldrb r2, [r3, #0x00]
	movs r0, #0x05
	negs r0, r0
	ands r0, r2
	orrs r0, r1
	strb r0, [r3, #0x00]
	cmp r4, #0x00
	bne _0802E004
	ldr r1, [sp, #0x000]
	movs r2, #0x81
	lsls r2, r2, #0x02
	adds r0, r1, r2
	ldr r0, [r0, #0x00]
	mov r9, r0
	movs r3, #0x80
	lsls r3, r3, #0x02
	adds r0, r1, r3
	ldr r0, [r0, #0x00]
	mov r10, r0
	b _0802E01A
_0802DFFC: .4byte 0x00000246
_0802E000: .4byte 0x0000020B
_0802E004:
	ldr r1, [sp, #0x000]
	movs r2, #0x81
	lsls r2, r2, #0x02
	adds r0, r1, r2
	ldr r0, [r0, #0x00]
	mov r10, r0
	movs r3, #0x80
	lsls r3, r3, #0x02
	adds r0, r1, r3
	ldr r0, [r0, #0x00]
	mov r9, r0
_0802E01A:
	mov r0, r10
	ldr r1, [r0, #0x0C]
	mov r2, r9
	ldr r0, [r2, #0x0C]
	subs r1, r1, r0
	str r1, [sp, #0x004]
	mov r3, r10
	ldr r1, [r3, #0x10]
	ldr r0, [r2, #0x10]
	subs r1, r1, r0
	mov r8, r1
	ldr r0, [sp, #0x004]
	cmp r0, #0x00
	bne _0802E03A
	cmp r1, #0x00
	beq _0802E080
_0802E03A:
	ldr r5, _0802E2D4 @ =0x0839F620
	mov r1, r8
	negs r0, r1
	lsls r0, r0, #0x10
	asrs r0, r0, #0x10
	ldr r2, [sp, #0x004]
	lsls r1, r2, #0x10
	asrs r1, r1, #0x10
	bl sub_81DA690
	lsls r0, r0, #0x10
	lsrs r0, r0, #0x1C
	adds r0, r0, r5
	ldrb r3, [r0, #0x00]
	lsls r0, r3, #0x05
	mov r1, r9
	strb r0, [r1, #0x02]
	movs r0, #0x85
	lsls r0, r0, #0x02
	add r0, r9
	ldrb r0, [r0, #0x00]
	lsls r0, r0, #0x1D
	lsrs r0, r0, #0x1D
	cmp r0, #0x02
	bls _0802E080
	mov r2, r9
	adds r2, #0x24
	movs r0, #0x07
	ands r3, r0
	ldrb r1, [r2, #0x00]
	movs r0, #0x08
	negs r0, r0
	ands r0, r1
	orrs r0, r3
	strb r0, [r2, #0x00]
_0802E080:
	movs r6, #0xD6
	lsls r6, r6, #0x02
	mov r3, r9
	adds r2, r3, r6
	ldrh r0, [r2, #0x00]
	movs r3, #0xFF
	lsls r3, r3, #0x04
	adds r1, r3, #0x0
	orrs r0, r1
	strh r0, [r2, #0x00]
	ldr r3, _0802E2D8 @ =0x00000359
	mov r0, r9
	adds r5, r0, r3
	ldrb r2, [r5, #0x00]
	movs r1, #0x11
	negs r1, r1
	adds r0, r1, #0x0
	ands r0, r2
	strb r0, [r5, #0x00]
	mov r2, r10
	adds r5, r2, r6
	ldrh r2, [r5, #0x00]
	ldr r0, _0802E2DC @ =0xFFFFF00F
	ands r0, r2
	strh r0, [r5, #0x00]
	add r3, r10
	ldrb r0, [r3, #0x00]
	ands r1, r0
	strb r1, [r3, #0x00]
	mov r3, r10
	ldr r4, [r3, #0x0C]
	ldr r7, [r3, #0x10]
	ldr r2, _0802E2E0 @ =0x0839F584
	mov r1, r9
	ldrb r0, [r1, #0x02]
	lsrs r1, r0, #0x05
	lsls r0, r1, #0x02
	adds r0, r0, r2
	movs r3, #0x00
	ldsh r0, [r0, r3]
	cmp r0, #0x00
	bge _0802E0D6
	adds r0, #0x03
_0802E0D6:
	asrs r6, r0, #0x02
	lsls r0, r1, #0x01
	adds r0, #0x01
	lsls r0, r0, #0x01
	adds r0, r0, r2
	movs r1, #0x00
	ldsh r0, [r0, r1]
	cmp r0, #0x00
	bge _0802E0EA
	adds r0, #0x03
_0802E0EA:
	asrs r5, r0, #0x02
	ldr r2, [sp, #0x004]
	adds r0, r2, #0x0
	muls r0, r2
	mov r3, r8
	mov r1, r8
	muls r1, r3
	adds r0, r0, r1
	ldr r2, _0802E2E4 @ =0x03001038
	ldr r1, [r2, #0x00]
	bl _call_via_r1
	str r0, [sp, #0x008]
	movs r3, #0x00
	mov r8, r3
	ldr r0, _0802E2E8 @ =0x0819832C
	ldr r1, _0802E2EC @ =0x08198220
	subs r0, r0, r1
	ldr r1, _0802E2E4 @ =0x03001038
	ldr r2, [r1, #0x00]
	adds r2, r2, r0
	ldr r3, [sp, #0x000]
	movs r1, #0x90
	lsls r1, r1, #0x02
	adds r0, r3, r1
	movs r3, #0x00
	ldsh r0, [r0, r3]
	movs r1, #0x40
	bl _call_via_r2
	adds r2, r0, #0x0
	movs r3, #0x00
	mov r0, r10
	adds r0, #0x26
	ldrb r0, [r0, #0x00]
	movs r1, #0x0C
	ands r1, r0
	cmp r1, #0x0C
	bne _0802E154
	mov r0, r9
	adds r0, #0x26
	ldrb r0, [r0, #0x00]
	ands r1, r0
	cmp r1, #0x0C
	bne _0802E154
	ldr r0, _0802E2F0 @ =0x00000353
	add r0, r10
	ldrb r0, [r0, #0x00]
	movs r1, #0x30
	ands r1, r0
	negs r0, r1
	orrs r0, r1
	lsrs r3, r0, #0x1F
_0802E154:
	asrs r2, r3
	movs r3, #0xD6
	lsls r3, r3, #0x02
	add r3, r10
	movs r0, #0xFF
	ands r2, r0
	lsls r2, r2, #0x04
	ldrh r1, [r3, #0x00]
	ldr r0, _0802E2DC @ =0xFFFFF00F
	ands r0, r1
	orrs r0, r2
	strh r0, [r3, #0x00]
	lsls r0, r0, #0x14
	lsrs r0, r0, #0x18
	subs r2, r0, #0x1
	cmp r2, #0x00
	bge _0802E178
	b _0802E2C2
_0802E178:
	ldr r0, [sp, #0x000]
	movs r1, #0x8F
	lsls r1, r1, #0x02
	adds r3, r0, r1
	movs r0, #0x03
	bics r0, r2
	cmp r2, #0x00
	blt _0802E1E8
	cmp r0, #0x00
	beq _0802E216
	cmp r0, #0x03
	bge _0802E1E8
	cmp r0, #0x02
	bge _0802E1BE
	ldr r0, [r3, #0x00]
	lsls r1, r2, #0x03
	adds r0, r1, r0
	str r4, [r0, #0x00]
	ldr r0, [r3, #0x00]
	adds r1, r1, r0
	str r7, [r1, #0x04]
	cmp r6, #0x00
	bne _0802E1AA
	cmp r5, #0x00
	beq _0802E1BC
_0802E1AA:
	movs r0, #0x40
	add r8, r0
	ldr r1, [sp, #0x008]
	cmp r8, r1
	ble _0802E1B8
	movs r5, #0x00
	movs r6, #0x00
_0802E1B8:
	subs r4, r4, r6
	subs r7, r7, r5
_0802E1BC:
	subs r2, #0x01
_0802E1BE:
	ldr r0, [r3, #0x00]
	lsls r1, r2, #0x03
	adds r0, r1, r0
	str r4, [r0, #0x00]
	ldr r0, [r3, #0x00]
	adds r1, r1, r0
	str r7, [r1, #0x04]
	cmp r6, #0x00
	bne _0802E1D4
	cmp r5, #0x00
	beq _0802E1E6
_0802E1D4:
	movs r0, #0x40
	add r8, r0
	ldr r1, [sp, #0x008]
	cmp r8, r1
	ble _0802E1E2
	movs r5, #0x00
	movs r6, #0x00
_0802E1E2:
	subs r4, r4, r6
	subs r7, r7, r5
_0802E1E6:
	subs r2, #0x01
_0802E1E8:
	ldr r0, [r3, #0x00]
	lsls r1, r2, #0x03
	adds r0, r1, r0
	str r4, [r0, #0x00]
	ldr r0, [r3, #0x00]
	adds r1, r1, r0
	str r7, [r1, #0x04]
	cmp r6, #0x00
	bne _0802E1FE
	cmp r5, #0x00
	beq _0802E210
_0802E1FE:
	movs r0, #0x40
	add r8, r0
	ldr r1, [sp, #0x008]
	cmp r8, r1
	ble _0802E20C
	movs r5, #0x00
	movs r6, #0x00
_0802E20C:
	subs r4, r4, r6
	subs r7, r7, r5
_0802E210:
	subs r2, #0x01
	cmp r2, #0x00
	blt _0802E2C2
_0802E216:
	ldr r0, [r3, #0x00]
	lsls r1, r2, #0x03
	adds r0, r1, r0
	str r4, [r0, #0x00]
	ldr r0, [r3, #0x00]
	adds r1, r1, r0
	str r7, [r1, #0x04]
	cmp r6, #0x00
	bne _0802E22C
	cmp r5, #0x00
	beq _0802E23E
_0802E22C:
	movs r0, #0x40
	add r8, r0
	ldr r1, [sp, #0x008]
	cmp r8, r1
	ble _0802E23A
	movs r5, #0x00
	movs r6, #0x00
_0802E23A:
	subs r4, r4, r6
	subs r7, r7, r5
_0802E23E:
	subs r0, r2, #0x1
	ldr r1, [r3, #0x00]
	lsls r0, r0, #0x03
	adds r1, r0, r1
	str r4, [r1, #0x00]
	ldr r1, [r3, #0x00]
	adds r0, r0, r1
	str r7, [r0, #0x04]
	cmp r6, #0x00
	bne _0802E256
	cmp r5, #0x00
	beq _0802E268
_0802E256:
	movs r0, #0x40
	add r8, r0
	ldr r1, [sp, #0x008]
	cmp r8, r1
	ble _0802E264
	movs r5, #0x00
	movs r6, #0x00
_0802E264:
	subs r4, r4, r6
	subs r7, r7, r5
_0802E268:
	subs r0, r2, #0x2
	ldr r1, [r3, #0x00]
	lsls r0, r0, #0x03
	adds r1, r0, r1
	str r4, [r1, #0x00]
	ldr r1, [r3, #0x00]
	adds r0, r0, r1
	str r7, [r0, #0x04]
	cmp r6, #0x00
	bne _0802E280
	cmp r5, #0x00
	beq _0802E292
_0802E280:
	movs r0, #0x40
	add r8, r0
	ldr r1, [sp, #0x008]
	cmp r8, r1
	ble _0802E28E
	movs r5, #0x00
	movs r6, #0x00
_0802E28E:
	subs r4, r4, r6
	subs r7, r7, r5
_0802E292:
	subs r0, r2, #0x3
	ldr r1, [r3, #0x00]
	lsls r0, r0, #0x03
	adds r1, r0, r1
	str r4, [r1, #0x00]
	ldr r1, [r3, #0x00]
	adds r0, r0, r1
	str r7, [r0, #0x04]
	cmp r6, #0x00
	bne _0802E2AA
	cmp r5, #0x00
	beq _0802E2BC
_0802E2AA:
	movs r0, #0x40
	add r8, r0
	ldr r1, [sp, #0x008]
	cmp r8, r1
	ble _0802E2B8
	movs r5, #0x00
	movs r6, #0x00
_0802E2B8:
	subs r4, r4, r6
	subs r7, r7, r5
_0802E2BC:
	subs r2, #0x04
	cmp r2, #0x00
	bge _0802E216
_0802E2C2:
	add sp, #0x00C
	pop {r3, r4, r5}
	mov r8, r3
	mov r9, r4
	mov r10, r5
	pop {r4, r5, r6, r7}
	pop {r0}
	bx r0
	.byte 0x00, 0x00
_0802E2D4: .4byte 0x0839F620
_0802E2D8: .4byte 0x00000359
_0802E2DC: .4byte 0xFFFFF00F
_0802E2E0: .4byte 0x0839F584
_0802E2E4: .4byte 0x03001038
_0802E2E8: .4byte 0x0819832C
_0802E2EC: .4byte 0x08198220
_0802E2F0: .4byte 0x00000353
	thumb_func_start sub_802E2F4
sub_802E2F4:
	push {r4, r5, r6, r7, lr}
	mov r7, r10
	mov r6, r9
	mov r5, r8
	push {r5, r6, r7}
	mov r10, r0
	movs r0, #0x82
	lsls r0, r0, #0x02
	add r0, r10
	ldrb r1, [r0, #0x00]
	movs r0, #0x10
	ands r0, r1
	cmp r0, #0x00
	bne _0802E312
	b _0802E4B6
_0802E312:
	ldr r0, _0802E334 @ =0x0000020B
	add r0, r10
	ldrb r1, [r0, #0x00]
	movs r0, #0x04
	ands r0, r1
	cmp r0, #0x00
	bne _0802E338
	movs r0, #0x81
	lsls r0, r0, #0x02
	add r0, r10
	ldr r2, [r0, #0x00]
	movs r0, #0x80
	lsls r0, r0, #0x02
	add r0, r10
	ldr r4, [r0, #0x00]
	b _0802E348
	.byte 0x00, 0x00
_0802E334: .4byte 0x0000020B
_0802E338:
	movs r0, #0x81
	lsls r0, r0, #0x02
	add r0, r10
	ldr r4, [r0, #0x00]
	movs r0, #0x80
	lsls r0, r0, #0x02
	add r0, r10
	ldr r2, [r0, #0x00]
_0802E348:
	ldr r1, _0802E3A4 @ =0x000002B5
	adds r0, r2, r1
	ldrb r1, [r0, #0x00]
	movs r0, #0x07
	ands r0, r1
	cmp r0, #0x00
	beq _0802E358
	b _0802E4B6
_0802E358:
	ldr r0, _0802E3A8 @ =0x0000020B
	add r0, r10
	ldrb r1, [r0, #0x00]
	movs r0, #0x08
	ands r0, r1
	cmp r0, #0x00
	bne _0802E384
	ldr r1, [r4, #0x0C]
	ldr r0, [r4, #0x34]
	cmp r1, r0
	bne _0802E384
	ldr r1, [r4, #0x10]
	ldr r0, [r4, #0x38]
	cmp r1, r0
	bne _0802E384
	adds r0, r4, #0x0
	adds r1, r2, #0x0
	bl sub_8047C18
	cmp r0, #0x00
	blt _0802E384
	b _0802E4A8
_0802E384:
	ldr r0, [r4, #0x0C]
	ldr r2, [r4, #0x34]
	subs r3, r0, r2
	ldr r0, [r4, #0x10]
	ldr r1, [r4, #0x38]
	subs r0, r0, r1
	cmp r3, #0x00
	bgt _0802E3AC
	movs r5, #0x00
	mov r8, r5
	cmp r3, #0x00
	bge _0802E3B0
	movs r3, #0x40
	negs r3, r3
	mov r8, r3
	b _0802E3B0
_0802E3A4: .4byte 0x000002B5
_0802E3A8: .4byte 0x0000020B
_0802E3AC:
	movs r5, #0x40
	mov r8, r5
_0802E3B0:
	cmp r0, #0x00
	bgt _0802E3C4
	movs r3, #0x00
	mov r12, r3
	cmp r0, #0x00
	bge _0802E3C8
	movs r5, #0x40
	negs r5, r5
	mov r12, r5
	b _0802E3C8
_0802E3C4:
	movs r0, #0x40
	mov r12, r0
_0802E3C8:
	adds r6, r2, #0x0
	adds r5, r1, #0x0
	ldr r1, _0802E410 @ =0x0000023E
	adds r0, r4, r1
	movs r2, #0x00
	ldsh r1, [r0, r2]
	ldr r3, _0802E414 @ =0x00000353
	adds r0, r4, r3
	ldrb r0, [r0, #0x00]
	lsls r0, r0, #0x1A
	lsrs r0, r0, #0x1E
	asrs r1, r0
	cmp r1, #0x00
	bge _0802E3E6
	adds r1, #0x3F
_0802E3E6:
	asrs r7, r1, #0x06
	cmp r7, #0x00
	beq _0802E484
	movs r0, #0xD6
	lsls r0, r0, #0x02
	adds r3, r4, r0
	movs r1, #0x8F
	lsls r1, r1, #0x02
	add r1, r10
	mov r9, r1
_0802E3FA:
	add r6, r8
	add r5, r12
	mov r2, r8
	cmp r2, #0x00
	ble _0802E418
	ldr r0, [r4, #0x0C]
	cmp r6, r0
	blt _0802E428
	movs r0, #0x00
	mov r8, r0
	b _0802E428
_0802E410: .4byte 0x0000023E
_0802E414: .4byte 0x00000353
_0802E418:
	mov r1, r8
	cmp r1, #0x00
	bge _0802E428
	ldr r0, [r4, #0x0C]
	cmp r6, r0
	bgt _0802E428
	movs r2, #0x00
	mov r8, r2
_0802E428:
	mov r0, r12
	cmp r0, #0x00
	ble _0802E43A
	ldr r0, [r4, #0x10]
	cmp r5, r0
	blt _0802E44A
	movs r1, #0x00
	mov r12, r1
	b _0802E44A
_0802E43A:
	mov r2, r12
	cmp r2, #0x00
	bge _0802E44A
	ldr r0, [r4, #0x10]
	cmp r5, r0
	bgt _0802E44A
	movs r0, #0x00
	mov r12, r0
_0802E44A:
	ldrh r0, [r3, #0x00]
	lsls r0, r0, #0x14
	lsrs r0, r0, #0x18
	mov r2, r9
	ldr r1, [r2, #0x00]
	lsls r0, r0, #0x03
	adds r0, r0, r1
	str r6, [r0, #0x00]
	ldrh r0, [r3, #0x00]
	lsls r0, r0, #0x14
	lsrs r0, r0, #0x18
	ldr r1, [r2, #0x00]
	lsls r0, r0, #0x03
	adds r0, r0, r1
	str r5, [r0, #0x04]
	ldrh r2, [r3, #0x00]
	lsls r1, r2, #0x14
	lsrs r1, r1, #0x18
	adds r1, #0x01
	movs r0, #0xFF
	ands r1, r0
	lsls r1, r1, #0x04
	ldr r0, _0802E49C @ =0xFFFFF00F
	ands r0, r2
	orrs r0, r1
	strh r0, [r3, #0x00]
	subs r7, #0x01
	cmp r7, #0x00
	bne _0802E3FA
_0802E484:
	ldr r3, _0802E4A0 @ =0x00000359
	adds r2, r4, r3
	ldrb r0, [r2, #0x00]
	movs r1, #0x10
	orrs r0, r1
	strb r0, [r2, #0x00]
	ldr r2, _0802E4A4 @ =0x0000020B
	add r2, r10
	ldrb r1, [r2, #0x00]
	movs r0, #0x09
	negs r0, r0
	b _0802E4B2
_0802E49C: .4byte 0xFFFFF00F
_0802E4A0: .4byte 0x00000359
_0802E4A4: .4byte 0x0000020B
_0802E4A8:
	ldr r5, _0802E4C4 @ =0x00000359
	adds r2, r4, r5
	ldrb r1, [r2, #0x00]
	movs r0, #0x11
	negs r0, r0
_0802E4B2:
	ands r0, r1
	strb r0, [r2, #0x00]
_0802E4B6:
	pop {r3, r4, r5}
	mov r8, r3
	mov r9, r4
	mov r10, r5
	pop {r4, r5, r6, r7}
	pop {r0}
	bx r0
_0802E4C4: .4byte 0x00000359
	thumb_func_start sub_802E4C8
sub_802E4C8:
	push {r4, r5, r6, r7, lr}
	mov r7, r10
	mov r6, r9
	mov r5, r8
	push {r5, r6, r7}
	add sp, #-0x00C
	mov r8, r0
	mov r9, r1
	movs r0, #0x82
	lsls r0, r0, #0x02
	add r0, r8
	mov r12, r0
	ldrb r1, [r0, #0x00]
	movs r0, #0x10
	ands r0, r1
	cmp r0, #0x00
	beq _0802E4EC
	b _0802E674
_0802E4EC:
	movs r0, #0x81
	lsls r0, r0, #0x02
	add r0, r8
	ldr r6, [r0, #0x00]
	movs r0, #0x80
	lsls r0, r0, #0x02
	add r0, r8
	ldr r7, [r0, #0x00]
	movs r2, #0x83
	lsls r2, r2, #0x02
	adds r4, r7, r2
	ldrb r3, [r4, #0x00]
	movs r1, #0x21
	negs r1, r1
	adds r0, r1, #0x0
	ands r0, r3
	movs r5, #0x7F
	ands r0, r5
	movs r3, #0x41
	negs r3, r3
	ands r0, r3
	strb r0, [r4, #0x00]
	adds r2, r6, r2
	ldrb r0, [r2, #0x00]
	ands r1, r0
	ands r1, r5
	ands r1, r3
	strb r1, [r2, #0x00]
	ldr r2, [r7, #0x0C]
	ldr r4, [r7, #0x10]
	adds r0, r7, #0x0
	adds r0, #0x24
	ldrb r0, [r0, #0x00]
	lsls r0, r0, #0x1D
	lsrs r0, r0, #0x1D
	movs r1, #0x04
	eors r0, r1
	movs r1, #0x90
	lsls r1, r1, #0x02
	add r1, r8
	movs r5, #0x00
	ldsh r3, [r1, r5]
	mov r10, r3
	ldr r1, _0802E594 @ =0x08198504
	lsls r3, r0, #0x06
	adds r1, r3, r1
	movs r5, #0x00
	ldsh r0, [r1, r5]
	mov r1, r10
	muls r1, r0
	adds r0, r1, #0x0
	cmp r0, #0x00
	bge _0802E55A
	ldr r5, _0802E598 @ =0x00003FFF
	adds r0, r0, r5
_0802E55A:
	asrs r0, r0, #0x0E
	adds r2, r2, r0
	ldr r0, _0802E59C @ =0x08198584
	adds r0, r3, r0
	movs r1, #0x00
	ldsh r0, [r0, r1]
	mov r3, r10
	muls r3, r0
	adds r0, r3, #0x0
	cmp r0, #0x00
	bge _0802E574
	ldr r5, _0802E598 @ =0x00003FFF
	adds r0, r0, r5
_0802E574:
	asrs r0, r0, #0x0E
	subs r4, r4, r0
	ldr r0, _0802E5A0 @ =0x00000246
	add r0, r8
	ldrb r1, [r0, #0x00]
	movs r0, #0x1C
	ands r0, r1
	cmp r0, #0x00
	bne _0802E5A4
	mov r1, r12
	ldrb r0, [r1, #0x00]
	movs r1, #0x01
	orrs r0, r1
	mov r3, r12
	strb r0, [r3, #0x00]
	b _0802E5B0
_0802E594: .4byte 0x08198504
_0802E598: .4byte 0x00003FFF
_0802E59C: .4byte 0x08198584
_0802E5A0: .4byte 0x00000246
_0802E5A4:
	mov r5, r12
	ldrb r1, [r5, #0x00]
	movs r0, #0x02
	negs r0, r0
	ands r0, r1
	strb r0, [r5, #0x00]
_0802E5B0:
	mov r0, r9
	cmp r0, #0x00
	bne _0802E63C
	ldr r1, [r6, #0x0C]
	movs r3, #0x80
	lsls r3, r3, #0x01
	adds r0, r1, r3
	cmp r2, r0
	bge _0802E5D8
	ldr r5, _0802E62C @ =0xFFFFFF00
	adds r0, r1, r5
	cmp r2, r0
	ble _0802E5D8
	ldr r1, [r6, #0x10]
	adds r0, r1, r3
	cmp r4, r0
	bge _0802E5D8
	adds r0, r1, r5
	cmp r4, r0
	bgt _0802E63C
_0802E5D8:
	adds r3, r2, #0x0
	cmp r2, #0x00
	bge _0802E5E0
	adds r3, #0xFF
_0802E5E0:
	asrs r3, r3, #0x08
	adds r0, r4, #0x0
	cmp r4, #0x00
	bge _0802E5EA
	adds r0, #0xFF
_0802E5EA:
	asrs r0, r0, #0x08
	str r0, [sp, #0x000]
	movs r0, #0x00
	str r0, [sp, #0x004]
	ldr r1, _0802E630 @ =0x0000023E
	adds r0, r6, r1
	ldrh r0, [r0, #0x00]
	str r0, [sp, #0x008]
	adds r0, r6, #0x0
	movs r1, #0x01
	movs r2, #0x00
	bl sub_8045A94
	ldr r2, _0802E634 @ =0x000002B6
	adds r3, r6, r2
	ldrb r0, [r3, #0x00]
	movs r1, #0x80
	orrs r0, r1
	movs r2, #0x40
	orrs r0, r2
	strb r0, [r3, #0x00]
	ldr r3, _0802E638 @ =0x00000351
	adds r1, r7, r3
	ldrb r0, [r1, #0x00]
	orrs r0, r2
	strb r0, [r1, #0x00]
	movs r1, #0x95
	lsls r1, r1, #0x01
	add r1, r8
	movs r0, #0x03
	strb r0, [r1, #0x00]
	b _0802E674
	.byte 0x00, 0x00
_0802E62C: .4byte 0xFFFFFF00
_0802E630: .4byte 0x0000023E
_0802E634: .4byte 0x000002B6
_0802E638: .4byte 0x00000351
_0802E63C:
	str r2, [r6, #0x34]
	str r2, [r6, #0x0C]
	str r4, [r6, #0x38]
	str r4, [r6, #0x10]
	ldr r0, [r7, #0x14]
	str r0, [r6, #0x3C]
	str r0, [r6, #0x14]
	ldr r0, [r7, #0x18]
	str r0, [r6, #0x40]
	str r0, [r6, #0x18]
	ldr r5, _0802E684 @ =0x00000242
	adds r0, r7, r5
	movs r1, #0x00
	strh r1, [r0, #0x00]
	movs r2, #0x91
	lsls r2, r2, #0x02
	adds r0, r7, r2
	strh r1, [r0, #0x00]
	subs r2, #0x3C
	add r2, r8
	ldrb r0, [r2, #0x00]
	movs r1, #0x10
	orrs r0, r1
	strb r0, [r2, #0x00]
	mov r0, r8
	movs r1, #0x00
	bl sub_802DF80
_0802E674:
	add sp, #0x00C
	pop {r3, r4, r5}
	mov r8, r3
	mov r9, r4
	mov r10, r5
	pop {r4, r5, r6, r7}
	pop {r0}
	bx r0
_0802E684: .4byte 0x00000242
	thumb_func_start sub_802E688
sub_802E688:
	push {r4, r5, lr}
	adds r4, r0, #0x0
	adds r5, r1, #0x0
	movs r1, #0x80
	lsls r1, r1, #0x02
	adds r0, r4, r1
	ldr r0, [r0, #0x00]
	mov r12, r0
	ldrb r0, [r0, #0x02]
	lsrs r3, r0, #0x05
	movs r1, #0x01
	adds r0, r3, #0x0
	eors r0, r1
	ands r0, r1
	cmp r0, #0x00
	beq _0802E74A
	mov r0, r12
	ldr r1, [r0, #0x34]
	ldr r2, [r0, #0x38]
	cmp r3, #0x02
	beq _0802E6CE
	cmp r3, #0x02
	bgt _0802E6BC
	cmp r3, #0x00
	beq _0802E6C6
	b _0802E6F8
_0802E6BC:
	cmp r3, #0x04
	beq _0802E6DC
	cmp r3, #0x06
	beq _0802E6E8
	b _0802E6F8
_0802E6C6:
	movs r3, #0x80
	lsls r3, r3, #0x01
	adds r2, r2, r3
	b _0802E6F8
_0802E6CE:
	movs r0, #0x9E
	lsls r0, r0, #0x02
	add r0, r12
	ldrh r0, [r0, #0x00]
	lsrs r0, r0, #0x01
	subs r1, r1, r0
	b _0802E6F8
_0802E6DC:
	movs r0, #0x9F
	lsls r0, r0, #0x02
	add r0, r12
	ldrh r0, [r0, #0x00]
	subs r2, r2, r0
	b _0802E6F8
_0802E6E8:
	ldr r0, _0802E734 @ =0xFFFFFF00
	adds r1, r1, r0
	movs r0, #0x9E
	lsls r0, r0, #0x02
	add r0, r12
	ldrh r0, [r0, #0x00]
	lsrs r0, r0, #0x01
	adds r1, r1, r0
_0802E6F8:
	movs r3, #0xC1
	lsls r3, r3, #0x02
	adds r0, r4, r3
	ldr r3, [r0, #0x00]
	adds r0, r1, #0x0
	cmp r0, #0x00
	bge _0802E70A
	ldr r1, _0802E738 @ =0x00000FFF
	adds r0, r0, r1
_0802E70A:
	lsls r0, r0, #0x04
	asrs r1, r0, #0x10
	cmp r2, #0x00
	bge _0802E716
	ldr r0, _0802E738 @ =0x00000FFF
	adds r2, r2, r0
_0802E716:
	lsls r2, r2, #0x04
	asrs r2, r2, #0x10
	adds r0, r3, #0x0
	bl get_coldef_ptr_by_xz
	cmp r5, #0x00
	bne _0802E73C
	ldrb r1, [r0, #0x00]
	movs r0, #0x78
	ands r0, r1
	cmp r0, #0x18
	bne _0802E74A
_0802E72E:
	movs r0, #0x01
	b _0802E74C
	.byte 0x00, 0x00
_0802E734: .4byte 0xFFFFFF00
_0802E738: .4byte 0x00000FFF
_0802E73C:
	ldrb r0, [r0, #0x00]
	movs r2, #0x78
	ands r2, r0
	cmp r2, #0x28
	beq _0802E72E
	cmp r2, #0x38
	beq _0802E72E
_0802E74A:
	movs r0, #0x00
_0802E74C:
	pop {r4, r5}
	pop {r1}
	bx r1
	.byte 0x00, 0x00
	thumb_func_start sub_802E754
sub_802E754:
	push {r4, r5, r6, r7, lr}
	mov r7, r8
	push {r7}
	adds r7, r0, #0x0
	lsls r1, r1, #0x18
	lsrs r4, r1, #0x18
	lsls r2, r2, #0x18
	lsrs r2, r2, #0x18
	mov r8, r2
	lsls r3, r3, #0x18
	lsrs r5, r3, #0x18
	movs r1, #0x82
	lsls r1, r1, #0x02
	adds r0, r7, r1
	ldrb r1, [r0, #0x00]
	movs r0, #0x10
	ands r0, r1
	cmp r0, #0x00
	beq _0802E840
	ldr r1, _0802E84C @ =0x00000246
	adds r0, r7, r1
	ldrb r0, [r0, #0x00]
	movs r1, #0x1C
	ands r1, r0
	cmp r1, #0x14
	beq _0802E790
	cmp r1, #0x18
	beq _0802E790
	cmp r1, #0x1C
	bne _0802E79A
_0802E790:
	adds r0, r7, #0x0
	movs r1, #0x00
	movs r2, #0x00
	bl sub_8029A0C
_0802E79A:
	movs r0, #0x82
	lsls r0, r0, #0x02
	adds r3, r7, r0
	ldrb r1, [r3, #0x00]
	movs r0, #0x11
	negs r0, r0
	ands r0, r1
	movs r2, #0x01
	adds r1, r4, #0x0
	ands r1, r2
	lsls r1, r1, #0x06
	movs r6, #0x41
	negs r6, r6
	ands r0, r6
	orrs r0, r1
	lsls r1, r5, #0x07
	movs r5, #0x7F
	ands r0, r5
	orrs r0, r1
	orrs r0, r2
	strb r0, [r3, #0x00]
	ldr r1, _0802E850 @ =0x0000020B
	adds r3, r7, r1
	mov r1, r8
	ands r1, r2
	lsls r1, r1, #0x01
	ldrb r2, [r3, #0x00]
	movs r0, #0x03
	negs r0, r0
	ands r0, r2
	orrs r0, r1
	strb r0, [r3, #0x00]
	movs r1, #0x80
	lsls r1, r1, #0x02
	adds r0, r7, r1
	ldr r2, [r0, #0x00]
	movs r4, #0x83
	lsls r4, r4, #0x02
	adds r2, r2, r4
	ldrb r3, [r2, #0x00]
	movs r1, #0x21
	negs r1, r1
	adds r0, r1, #0x0
	ands r0, r3
	ands r0, r5
	ands r0, r6
	strb r0, [r2, #0x00]
	movs r0, #0x81
	lsls r0, r0, #0x02
	adds r3, r7, r0
	ldr r0, [r3, #0x00]
	adds r0, r0, r4
	ldrb r2, [r0, #0x00]
	ands r1, r2
	ands r1, r5
	ands r1, r6
	strb r1, [r0, #0x00]
	ldr r0, [r3, #0x00]
	movs r1, #0xA5
	lsls r1, r1, #0x02
	adds r0, r0, r1
	ldr r0, [r0, #0x00]
	adds r0, #0x20
	movs r4, #0x00
	movs r1, #0x10
	strb r1, [r0, #0x00]
	ldr r0, [r3, #0x00]
	movs r2, #0xDA
	lsls r2, r2, #0x02
	adds r0, r0, r2
	ldr r1, [r0, #0x00]
	ldrb r0, [r1, #0x10]
	strb r0, [r1, #0x14]
	ldr r0, [r3, #0x00]
	adds r0, r0, r2
	ldr r0, [r0, #0x00]
	strb r4, [r0, #0x10]
	ldr r1, [r3, #0x00]
	adds r0, r7, #0x0
	movs r2, #0x00
	movs r3, #0x00
	bl sub_802DDB4
_0802E840:
	pop {r3}
	mov r8, r3
	pop {r4, r5, r6, r7}
	pop {r0}
	bx r0
	.byte 0x00, 0x00
_0802E84C: .4byte 0x00000246
_0802E850: .4byte 0x0000020B
	thumb_func_start sub_802E854
sub_802E854:
	push {r4, r5, r6, r7, lr}
	mov r7, r10
	mov r6, r9
	mov r5, r8
	push {r5, r6, r7}
	add sp, #-0x00C
	mov r9, r0
	mov r8, r1
	movs r4, #0x80
	lsls r4, r4, #0x02
	add r4, r9
	ldr r0, [r4, #0x00]
	bl sub_804FC90
	ldr r1, [r4, #0x00]
	mov r0, r9
	movs r2, #0x00
	movs r3, #0x00
	bl sub_802DDB4
	movs r5, #0x80
	lsls r5, r5, #0x02
	add r5, r9
	ldr r1, [r5, #0x00]
	ldr r2, _0802E9A4 @ =0x00000351
	adds r1, r1, r2
	ldrb r0, [r1, #0x00]
	movs r3, #0x40
	mov r10, r3
	mov r4, r10
	orrs r0, r4
	strb r0, [r1, #0x00]
	movs r7, #0x81
	lsls r7, r7, #0x02
	add r7, r9
	ldr r1, [r7, #0x00]
	adds r1, r1, r2
	ldrb r0, [r1, #0x00]
	orrs r0, r4
	strb r0, [r1, #0x00]
	ldr r2, [r5, #0x00]
	ldr r1, [r7, #0x00]
	ldr r3, _0802E9A8 @ =0x0000020D
	adds r1, r1, r3
	ldrb r0, [r1, #0x00]
	orrs r0, r4
	strb r0, [r1, #0x00]
	adds r2, r2, r3
	ldrb r0, [r2, #0x00]
	orrs r0, r4
	strb r0, [r2, #0x00]
	mov r0, r8
	cmp r0, #0x00
	bne _0802E9B4
	ldr r2, [r5, #0x00]
	movs r4, #0x85
	lsls r4, r4, #0x02
	adds r2, r2, r4
	ldrb r3, [r2, #0x00]
	movs r1, #0x08
	negs r1, r1
	adds r0, r1, #0x0
	ands r0, r3
	movs r3, #0x02
	orrs r0, r3
	strb r0, [r2, #0x00]
	ldr r0, [r7, #0x00]
	adds r0, r0, r4
	ldrb r2, [r0, #0x00]
	ands r1, r2
	orrs r1, r3
	strb r1, [r0, #0x00]
	ldr r2, [r5, #0x00]
	ldr r0, [r7, #0x00]
	ldr r3, [r0, #0x0C]
	cmp r3, #0x00
	bge _0802E8F0
	adds r3, #0xFF
_0802E8F0:
	asrs r3, r3, #0x08
	ldr r0, [r0, #0x10]
	cmp r0, #0x00
	bge _0802E8FA
	adds r0, #0xFF
_0802E8FA:
	asrs r0, r0, #0x08
	str r0, [sp, #0x000]
	mov r4, r8
	str r4, [sp, #0x004]
	mov r6, r9
	adds r6, #0xFB
	ldrb r1, [r6, #0x00]
	lsls r1, r1, #0x1D
	lsrs r1, r1, #0x1F
	movs r0, #0x80
	lsls r0, r0, #0x02
	asrs r0, r1
	lsls r0, r0, #0x10
	lsrs r0, r0, #0x10
	str r0, [sp, #0x008]
	adds r0, r2, #0x0
	movs r1, #0x01
	movs r2, #0x00
	bl sub_8045A94
	ldr r1, [r5, #0x00]
	ldr r4, _0802E9AC @ =0x000002B6
	adds r1, r1, r4
	ldrb r0, [r1, #0x00]
	mov r2, r10
	orrs r0, r2
	strb r0, [r1, #0x00]
	ldr r1, [r5, #0x00]
	adds r1, r1, r4
	ldrb r0, [r1, #0x00]
	movs r3, #0x80
	orrs r0, r3
	strb r0, [r1, #0x00]
	ldr r2, [r7, #0x00]
	ldr r0, [r5, #0x00]
	ldr r3, [r0, #0x0C]
	cmp r3, #0x00
	bge _0802E948
	adds r3, #0xFF
_0802E948:
	asrs r3, r3, #0x08
	ldr r0, [r0, #0x10]
	cmp r0, #0x00
	bge _0802E952
	adds r0, #0xFF
_0802E952:
	asrs r0, r0, #0x08
	str r0, [sp, #0x000]
	mov r0, r8
	str r0, [sp, #0x004]
	ldrb r1, [r6, #0x00]
	lsls r1, r1, #0x1D
	lsrs r1, r1, #0x1F
	movs r0, #0x80
	lsls r0, r0, #0x02
	asrs r0, r1
	lsls r0, r0, #0x10
	lsrs r0, r0, #0x10
	str r0, [sp, #0x008]
	adds r0, r2, #0x0
	movs r1, #0x01
	movs r2, #0x00
	bl sub_8045A94
	ldr r1, [r7, #0x00]
	adds r1, r1, r4
	ldrb r0, [r1, #0x00]
	mov r2, r10
	orrs r0, r2
	strb r0, [r1, #0x00]
	ldr r1, [r7, #0x00]
	adds r1, r1, r4
	ldrb r0, [r1, #0x00]
	movs r3, #0x80
	orrs r0, r3
	strb r0, [r1, #0x00]
	ldr r2, _0802E9B0 @ =0x00000209
	add r2, r9
	ldrb r1, [r2, #0x00]
	movs r0, #0x1F
	negs r0, r0
	ands r0, r1
	movs r4, #0x02
	orrs r0, r4
	strb r0, [r2, #0x00]
	b _0802E9E4
	.byte 0x00, 0x00
_0802E9A4: .4byte 0x00000351
_0802E9A8: .4byte 0x0000020D
_0802E9AC: .4byte 0x000002B6
_0802E9B0: .4byte 0x00000209
_0802E9B4:
	ldr r0, [r5, #0x00]
	ldr r5, [r0, #0x0C]
	ldr r6, [r0, #0x10]
	ldr r1, [r0, #0x14]
	mov r8, r1
	ldr r3, [r7, #0x00]
	ldr r1, [r3, #0x0C]
	ldr r2, [r3, #0x10]
	ldr r3, [r3, #0x14]
	movs r4, #0x01
	str r4, [sp, #0x000]
	movs r4, #0x00
	str r4, [sp, #0x004]
	bl sub_8047F60
	ldr r0, [r7, #0x00]
	movs r1, #0x01
	str r1, [sp, #0x000]
	str r4, [sp, #0x004]
	adds r1, r5, #0x0
	adds r2, r6, #0x0
	mov r3, r8
	bl sub_8047F60
_0802E9E4:
	mov r4, r9
	adds r4, #0xF8
	ldrb r1, [r4, #0x00]
	lsls r0, r1, #0x19
	lsrs r0, r0, #0x1F
	lsls r0, r0, #0x07
	movs r2, #0x7F
	ands r2, r1
	orrs r2, r0
	strb r2, [r4, #0x00]
	movs r0, #0x40
	ands r0, r2
	cmp r0, #0x00
	beq _0802EA36
	mov r3, r9
	adds r3, #0xFA
	ldrh r1, [r3, #0x00]
	lsls r1, r1, #0x16
	lsrs r1, r1, #0x1B
	movs r0, #0x82
	lsls r0, r0, #0x02
	add r0, r9
	ldrb r0, [r0, #0x00]
	lsls r0, r0, #0x1D
	lsrs r0, r0, #0x1F
	cmp r1, r0
	bne _0802EA36
	movs r0, #0x41
	negs r0, r0
	ands r2, r0
	strb r2, [r4, #0x00]
	ldrh r2, [r3, #0x00]
	lsls r1, r2, #0x16
	lsrs r1, r1, #0x1B
	movs r0, #0x01
	eors r1, r0
	lsls r1, r1, #0x05
	ldr r0, _0802EA68 @ =0xFFFFFC1F
	ands r0, r2
	orrs r0, r1
	strh r0, [r3, #0x00]
_0802EA36:
	movs r2, #0x82
	lsls r2, r2, #0x02
	add r2, r9
	ldrb r1, [r2, #0x00]
	movs r0, #0x11
	negs r0, r0
	ands r0, r1
	movs r1, #0x40
	orrs r0, r1
	strb r0, [r2, #0x00]
	ldr r2, _0802EA6C @ =0x00000209
	add r2, r9
	ldrb r0, [r2, #0x00]
	movs r1, #0x01
	orrs r0, r1
	strb r0, [r2, #0x00]
	add sp, #0x00C
	pop {r3, r4, r5}
	mov r8, r3
	mov r9, r4
	mov r10, r5
	pop {r4, r5, r6, r7}
	pop {r0}
	bx r0
	.byte 0x00, 0x00
_0802EA68: .4byte 0xFFFFFC1F
_0802EA6C: .4byte 0x00000209
	thumb_func_start sub_802EA70
sub_802EA70:
	push {r4, r5, r6, r7, lr}
	mov r7, r10
	mov r6, r9
	mov r5, r8
	push {r5, r6, r7}
	adds r7, r0, #0x0
	movs r0, #0x82
	lsls r0, r0, #0x02
	adds r3, r7, r0
	ldrb r2, [r3, #0x00]
	lsls r1, r2, #0x1D
	lsrs r1, r1, #0x1F
	movs r5, #0x01
	eors r1, r5
	lsls r1, r1, #0x02
	movs r0, #0x05
	negs r0, r0
	ands r0, r2
	orrs r0, r1
	strb r0, [r3, #0x00]
	ldr r1, _0802EC4C @ =0x00000209
	adds r2, r7, r1
	ldrb r1, [r2, #0x00]
	movs r0, #0x02
	negs r0, r0
	ands r0, r1
	strb r0, [r2, #0x00]
	ldrb r0, [r3, #0x00]
	movs r1, #0x10
	orrs r0, r1
	movs r2, #0x41
	negs r2, r2
	mov r9, r2
	ands r0, r2
	strb r0, [r3, #0x00]
	adds r4, r7, #0x0
	adds r4, #0xF8
	ldrb r2, [r4, #0x00]
	lsrs r1, r2, #0x07
	lsls r1, r1, #0x06
	mov r0, r9
	ands r0, r2
	orrs r0, r1
	strb r0, [r4, #0x00]
	ldr r0, _0802EC50 @ =0x03000FD0
	ldr r1, [r0, #0x00]
	movs r0, #0xA5
	lsls r0, r0, #0x03
	adds r2, r1, r0
	ldrb r0, [r3, #0x00]
	lsls r0, r0, #0x1D
	lsrs r0, r0, #0x1F
	str r0, [r2, #0x00]
	movs r2, #0xA6
	lsls r2, r2, #0x03
	adds r1, r1, r2
	adds r0, r7, #0x0
	adds r0, #0xFA
	ldrh r0, [r0, #0x00]
	lsls r0, r0, #0x16
	lsrs r0, r0, #0x1B
	str r0, [r1, #0x00]
	movs r4, #0x80
	lsls r4, r4, #0x02
	adds r0, r7, r4
	mov r8, r0
	ldrb r1, [r3, #0x00]
	movs r0, #0x04
	ands r0, r1
	adds r1, r7, #0x0
	adds r1, #0x28
	adds r0, r1, r0
	ldr r0, [r0, #0x00]
	mov r2, r8
	str r0, [r2, #0x00]
	movs r0, #0x81
	lsls r0, r0, #0x02
	adds r6, r7, r0
	ldrb r0, [r3, #0x00]
	lsls r0, r0, #0x1D
	lsrs r0, r0, #0x1F
	eors r0, r5
	lsls r0, r0, #0x02
	adds r1, r1, r0
	ldr r0, [r1, #0x00]
	str r0, [r6, #0x00]
	ldr r0, [r2, #0x00]
	movs r2, #0xDA
	lsls r2, r2, #0x02
	adds r0, r0, r2
	ldr r0, [r0, #0x00]
	movs r1, #0x00
	mov r10, r1
	strh r5, [r0, #0x04]
	mov r3, r8
	ldr r0, [r3, #0x00]
	adds r0, r0, r2
	ldr r1, [r0, #0x00]
	movs r0, #0x80
	lsls r0, r0, #0x01
	strh r0, [r1, #0x06]
	ldr r0, [r6, #0x00]
	adds r0, r0, r2
	ldr r1, [r0, #0x00]
	movs r0, #0x02
	strh r0, [r1, #0x04]
	ldr r0, [r6, #0x00]
	adds r0, r0, r2
	ldr r0, [r0, #0x00]
	strh r4, [r0, #0x06]
	ldr r3, [r3, #0x00]
	movs r4, #0xD6
	lsls r4, r4, #0x02
	adds r3, r3, r4
	ldrh r5, [r3, #0x00]
	ldr r0, [r6, #0x00]
	adds r0, r0, r4
	ldrh r0, [r0, #0x00]
	movs r2, #0xFF
	lsls r2, r2, #0x04
	ands r2, r0
	ldr r1, _0802EC54 @ =0xFFFFF00F
	adds r0, r1, #0x0
	ands r0, r5
	orrs r0, r2
	strh r0, [r3, #0x00]
	ldr r2, [r6, #0x00]
	adds r2, r2, r4
	movs r0, #0xFF
	lsls r0, r0, #0x04
	ands r0, r5
	ldrh r3, [r2, #0x00]
	ands r1, r3
	orrs r1, r0
	strh r1, [r2, #0x00]
	mov r0, r8
	ldr r2, [r0, #0x00]
	ldr r3, _0802EC58 @ =0x00000352
	adds r2, r2, r3
	ldrb r0, [r2, #0x00]
	movs r1, #0x80
	orrs r0, r1
	strb r0, [r2, #0x00]
	ldr r1, [r6, #0x00]
	adds r1, r1, r3
	ldrb r3, [r1, #0x00]
	movs r2, #0x7F
	adds r0, r2, #0x0
	ands r0, r3
	strb r0, [r1, #0x00]
	mov r1, r8
	ldr r4, [r1, #0x00]
	ldr r1, [r6, #0x00]
	ldr r5, _0802EC5C @ =0x000002B6
	adds r1, r1, r5
	ldrb r3, [r1, #0x00]
	adds r0, r2, #0x0
	ands r0, r3
	mov r3, r9
	ands r0, r3
	strb r0, [r1, #0x00]
	adds r4, r4, r5
	ldrb r0, [r4, #0x00]
	ands r2, r0
	ands r2, r3
	strb r2, [r4, #0x00]
	mov r0, r8
	ldr r2, [r0, #0x00]
	movs r4, #0x85
	lsls r4, r4, #0x02
	adds r2, r2, r4
	ldrb r3, [r2, #0x00]
	movs r1, #0x08
	negs r1, r1
	adds r0, r1, #0x0
	ands r0, r3
	movs r3, #0x03
	orrs r0, r3
	strb r0, [r2, #0x00]
	ldr r0, [r6, #0x00]
	adds r0, r0, r4
	ldrb r2, [r0, #0x00]
	ands r1, r2
	orrs r1, r3
	strb r1, [r0, #0x00]
	mov r2, r8
	ldr r1, [r2, #0x00]
	ldr r0, [r1, #0x0C]
	str r0, [r1, #0x34]
	ldr r1, [r2, #0x00]
	ldr r0, [r1, #0x10]
	str r0, [r1, #0x38]
	ldr r1, [r6, #0x00]
	ldr r0, [r1, #0x0C]
	str r0, [r1, #0x34]
	ldr r1, [r6, #0x00]
	ldr r0, [r1, #0x10]
	str r0, [r1, #0x38]
	ldr r1, [r2, #0x00]
	ldr r3, _0802EC60 @ =0x00000351
	adds r1, r1, r3
	ldrb r2, [r1, #0x00]
	mov r0, r9
	ands r0, r2
	strb r0, [r1, #0x00]
	ldr r0, [r6, #0x00]
	adds r0, r0, r3
	ldrb r1, [r0, #0x00]
	mov r3, r9
	ands r3, r1
	strb r3, [r0, #0x00]
	mov r0, r8
	ldr r1, [r0, #0x00]
	adds r0, r7, #0x0
	movs r2, #0x00
	movs r3, #0x00
	bl sub_802DDB4
	ldr r1, [r6, #0x00]
	adds r0, r7, #0x0
	movs r2, #0x01
	movs r3, #0x00
	bl sub_802DDB4
	adds r1, r7, #0x0
	adds r1, #0xE8
	adds r0, r7, #0x0
	adds r0, #0xEC
	mov r2, r10
	str r2, [r0, #0x00]
	str r2, [r1, #0x00]
	pop {r3, r4, r5}
	mov r8, r3
	mov r9, r4
	mov r10, r5
	pop {r4, r5, r6, r7}
	pop {r0}
	bx r0
_0802EC4C: .4byte 0x00000209
_0802EC50: .4byte 0x03000FD0
_0802EC54: .4byte 0xFFFFF00F
_0802EC58: .4byte 0x00000352
_0802EC5C: .4byte 0x000002B6
_0802EC60: .4byte 0x00000351
	thumb_func_start sub_802EC64
sub_802EC64:
	push {r4, r5, r6, r7, lr}
	add sp, #-0x008
	adds r5, r0, #0x0
	adds r7, r1, #0x0
	movs r0, #0x80
	lsls r0, r0, #0x02
	adds r4, r5, r0
	ldr r0, [r4, #0x00]
	bl sub_804FC90
	ldr r1, [r4, #0x00]
	adds r0, r5, #0x0
	movs r2, #0x00
	movs r3, #0x00
	bl sub_802DDB4
	movs r1, #0x80
	lsls r1, r1, #0x02
	adds r4, r5, r1
	ldr r1, [r4, #0x00]
	ldr r3, _0802ECE4 @ =0x00000351
	adds r1, r1, r3
	ldrb r0, [r1, #0x00]
	movs r2, #0x40
	orrs r0, r2
	strb r0, [r1, #0x00]
	movs r0, #0x81
	lsls r0, r0, #0x02
	adds r6, r5, r0
	ldr r1, [r6, #0x00]
	adds r1, r1, r3
	ldrb r0, [r1, #0x00]
	orrs r0, r2
	strb r0, [r1, #0x00]
	movs r1, #0xB6
	lsls r1, r1, #0x02
	adds r0, r5, r1
	ldrb r1, [r0, #0x00]
	movs r0, #0x1F
	ands r0, r1
	cmp r0, #0x1F
	bne _0802ED68
	cmp r7, #0x00
	bne _0802ED48
	ldr r3, [r6, #0x00]
	movs r0, #0x8E
	lsls r0, r0, #0x02
	adds r2, r3, r0
	movs r1, #0x00
	ldsb r1, [r2, r1]
	movs r0, #0x01
	negs r0, r0
	cmp r1, r0
	beq _0802ECE8
	lsls r1, r1, #0x02
	adds r0, r5, #0x0
	adds r0, #0x28
	adds r0, r0, r1
	ldr r0, [r0, #0x00]
	ldr r1, [r0, #0x14]
	ldr r0, [r0, #0x18]
	adds r1, r1, r0
	b _0802ECEA
	.byte 0x00, 0x00
_0802ECE4: .4byte 0x00000351
_0802ECE8:
	ldr r1, [r3, #0x14]
_0802ECEA:
	movs r2, #0x81
	lsls r2, r2, #0x02
	adds r0, r5, r2
	ldr r2, [r0, #0x00]
	ldr r0, [r2, #0x0C]
	cmp r0, #0x00
	bge _0802ECFA
	adds r0, #0xFF
_0802ECFA:
	asrs r0, r0, #0x08
	adds r3, r0, #0x0
	subs r3, #0x78
	ldr r0, [r2, #0x10]
	subs r0, r0, r1
	cmp r0, #0x00
	bge _0802ED0A
	adds r0, #0xFF
_0802ED0A:
	asrs r4, r0, #0x08
	movs r1, #0x97
	lsls r1, r1, #0x02
	adds r0, r2, r1
	ldr r1, [r0, #0x00]
	movs r0, #0x01
	negs r0, r0
	cmp r1, r0
	beq _0802ED28
	ldr r2, _0802ED24 @ =0x0000028D
	adds r0, r5, r2
	b _0802ED2C
	.byte 0x00, 0x00
_0802ED24: .4byte 0x0000028D
_0802ED28:
	ldr r1, _0802ED44 @ =0x0000028F
	adds r0, r5, r1
_0802ED2C:
	ldrb r0, [r0, #0x00]
	subs r0, r4, r0
	str r0, [sp, #0x000]
	movs r0, #0xC0
	lsls r0, r0, #0x04
	str r0, [sp, #0x004]
	adds r0, r5, #0x0
	movs r1, #0x01
	movs r2, #0x00
	bl sub_8028AFC
	b _0802ED5E
_0802ED44: .4byte 0x0000028F
_0802ED48:
	adds r0, r5, #0x0
	adds r0, #0xFA
	ldrh r1, [r0, #0x00]
	lsls r1, r1, #0x16
	lsrs r1, r1, #0x1B
	movs r0, #0x01
	eors r1, r0
	adds r0, r5, #0x0
	movs r2, #0x00
	bl sub_80284B0
_0802ED5E:
	movs r2, #0x95
	lsls r2, r2, #0x01
	adds r1, r5, r2
	movs r0, #0x04
	b _0802EDB2
_0802ED68:
	movs r2, #0x01
	cmp r7, #0x00
	bne _0802ED70
	movs r2, #0x10
_0802ED70:
	ldr r0, _0802EDBC @ =0x0000FFFF
	str r0, [sp, #0x000]
	str r0, [sp, #0x004]
	adds r0, r5, #0x0
	movs r1, #0x02
	movs r3, #0x00
	bl sub_8027030
	ldr r1, [r4, #0x00]
	ldr r3, _0802EDC0 @ =0x0000020D
	adds r1, r1, r3
	ldrb r2, [r1, #0x00]
	movs r0, #0x09
	negs r0, r0
	ands r0, r2
	strb r0, [r1, #0x00]
	ldr r1, [r4, #0x00]
	adds r1, r1, r3
	ldrb r2, [r1, #0x00]
	movs r0, #0x41
	negs r0, r0
	ands r0, r2
	strb r0, [r1, #0x00]
	adds r2, r5, #0x0
	adds r2, #0xF9
	ldrb r0, [r2, #0x00]
	movs r1, #0x20
	orrs r0, r1
	strb r0, [r2, #0x00]
	movs r0, #0x95
	lsls r0, r0, #0x01
	adds r1, r5, r0
	movs r0, #0x11
_0802EDB2:
	strb r0, [r1, #0x00]
	add sp, #0x008
	pop {r4, r5, r6, r7}
	pop {r0}
	bx r0
_0802EDBC: .4byte 0x0000FFFF
_0802EDC0: .4byte 0x0000020D
	thumb_func_start sub_802EDC4
sub_802EDC4:
	push {r4, r5, r6, r7, lr}
	mov r7, r9
	mov r6, r8
	push {r6, r7}
	add sp, #-0x008
	adds r4, r0, #0x0
	adds r5, r1, #0x0
	add r0, sp, #0x024
	lsls r2, r2, #0x18
	lsrs r2, r2, #0x18
	mov r9, r2
	lsls r3, r3, #0x18
	lsrs r6, r3, #0x18
	ldrb r7, [r0, #0x00]
	movs r0, #0x95
	lsls r0, r0, #0x01
	adds r0, r0, r4
	mov r8, r0
	ldrb r0, [r0, #0x00]
	subs r0, #0x01
	lsls r0, r0, #0x18
	lsrs r0, r0, #0x18
	cmp r0, #0x01
	bls _0802EDF6
	b _0802EF08
_0802EDF6:
	adds r0, r4, #0x0
	adds r0, #0xF9
	ldrb r1, [r0, #0x00]
	movs r0, #0x30
	ands r0, r1
	cmp r0, #0x00
	beq _0802EE06
	b _0802EF08
_0802EE06:
	ldr r1, _0802EEF4 @ =0x000002B5
	adds r0, r5, r1
	ldrb r1, [r0, #0x00]
	movs r0, #0x07
	ands r0, r1
	cmp r0, #0x00
	bne _0802EF08
	adds r0, r4, #0x0
	adds r0, #0xE0
	ldr r1, [r0, #0x00]
	movs r0, #0xB4
	lsls r0, r0, #0x02
	adds r2, r4, r0
	adds r0, #0x04
	adds r3, r4, r0
	mov r0, sp
	strb r6, [r0, #0x00]
	add r0, sp, #0x004
	strb r7, [r0, #0x00]
	adds r0, r5, #0x0
	bl sub_804A124
	adds r1, r4, #0x0
	adds r1, #0xE4
	str r0, [r1, #0x00]
	cmp r0, #0x00
	beq _0802EF08
	ldr r1, _0802EEF8 @ =0x00000353
	adds r2, r5, r1
	ldrb r0, [r2, #0x00]
	movs r1, #0x40
	orrs r0, r1
	strb r0, [r2, #0x00]
	movs r1, #0x80
	ands r0, r1
	cmp r0, #0x00
	bne _0802EF08
	mov r0, r9
	cmp r0, #0x00
	beq _0802EF08
	mov r1, r8
	ldrb r0, [r1, #0x00]
	cmp r0, #0x02
	bne _0802EF08
	movs r1, #0x80
	lsls r1, r1, #0x02
	adds r0, r4, r1
	ldr r0, [r0, #0x00]
	bl sub_804FC90
	movs r1, #0x81
	lsls r1, r1, #0x02
	adds r0, r4, r1
	ldr r0, [r0, #0x00]
	bl sub_804FC90
	movs r1, #0x82
	lsls r1, r1, #0x02
	adds r0, r4, r1
	ldrb r1, [r0, #0x00]
	movs r0, #0x10
	ands r0, r1
	cmp r0, #0x00
	beq _0802EEAE
	movs r1, #0xE2
	lsls r1, r1, #0x02
	adds r0, r5, r1
	ldr r1, [r0, #0x00]
	adds r0, r5, #0x0
	bl sub_8047C18
	cmp r0, #0x00
	beq _0802EEAE
	movs r0, #0xAE
	lsls r0, r0, #0x02
	adds r2, r4, r0
	ldrb r0, [r2, #0x00]
	movs r1, #0x20
	orrs r0, r1
	strb r0, [r2, #0x00]
	ldr r0, _0802EEFC @ =0x0000026E
	adds r1, r4, r0
	movs r0, #0x3C
	strh r0, [r1, #0x00]
_0802EEAE:
	ldr r0, _0802EF00 @ =0x0000FFFF
	str r0, [sp, #0x000]
	str r0, [sp, #0x004]
	adds r0, r4, #0x0
	movs r1, #0x02
	movs r2, #0x10
	movs r3, #0x00
	bl sub_8027030
	movs r1, #0x80
	lsls r1, r1, #0x02
	adds r0, r4, r1
	ldr r1, [r0, #0x00]
	ldr r3, _0802EF04 @ =0x00000351
	adds r1, r1, r3
	ldrb r0, [r1, #0x00]
	movs r2, #0x40
	orrs r0, r2
	strb r0, [r1, #0x00]
	movs r1, #0x81
	lsls r1, r1, #0x02
	adds r0, r4, r1
	ldr r1, [r0, #0x00]
	adds r1, r1, r3
	ldrb r0, [r1, #0x00]
	orrs r0, r2
	strb r0, [r1, #0x00]
	movs r0, #0x95
	lsls r0, r0, #0x01
	adds r1, r4, r0
	movs r0, #0x07
	strb r0, [r1, #0x00]
	movs r0, #0x01
	b _0802EF0A
	.byte 0x00, 0x00
_0802EEF4: .4byte 0x000002B5
_0802EEF8: .4byte 0x00000353
_0802EEFC: .4byte 0x0000026E
_0802EF00: .4byte 0x0000FFFF
_0802EF04: .4byte 0x00000351
_0802EF08:
	movs r0, #0x00
_0802EF0A:
	add sp, #0x008
	pop {r3, r4}
	mov r8, r3
	mov r9, r4
	pop {r4, r5, r6, r7}
	pop {r1}
	bx r1
	thumb_func_start sub_802EF18
sub_802EF18:
	push {r4, r5, r6, r7, lr}
	mov r7, r10
	mov r6, r9
	mov r5, r8
	push {r5, r6, r7}
	add sp, #-0x020
	adds r6, r0, #0x0
	ldr r0, _0802F058 @ =0x00000246
	adds r0, r0, r6
	mov r12, r0
	ldrb r1, [r0, #0x00]
	movs r2, #0x1C
	mov r9, r2
	mov r0, r9
	ands r0, r1
	cmp r0, #0x1C
	bne _0802EF48
	movs r3, #0x99
	lsls r3, r3, #0x02
	adds r0, r6, r3
	ldr r0, [r0, #0x00]
	cmp r0, #0x00
	beq _0802EF48
	b _0802F47C
_0802EF48:
	movs r7, #0x00
	mov r10, r7
	movs r1, #0x81
	lsls r1, r1, #0x02
	adds r0, r6, r1
	ldr r3, [r0, #0x00]
	movs r2, #0x80
	lsls r2, r2, #0x02
	adds r7, r6, r2
	ldr r2, [r7, #0x00]
	ldr r5, _0802F05C @ =0x0000020F
	adds r2, r2, r5
	ldrb r4, [r2, #0x00]
	movs r1, #0x05
	negs r1, r1
	adds r0, r1, #0x0
	ands r0, r4
	strb r0, [r2, #0x00]
	adds r3, r3, r5
	ldrb r0, [r3, #0x00]
	ands r1, r0
	strb r1, [r3, #0x00]
	mov r0, r12
	ldrb r3, [r0, #0x00]
	mov r0, r9
	ands r0, r3
	cmp r0, #0x14
	bne _0802F068
	adds r1, r6, #0x0
	adds r1, #0xFB
	ldrb r0, [r1, #0x00]
	lsls r0, r0, #0x1D
	lsrs r0, r0, #0x1F
	movs r3, #0x80
	lsls r3, r3, #0x03
	asrs r3, r0
	movs r5, #0x00
	movs r0, #0x00
	str r1, [sp, #0x018]
	adds r2, r1, #0x0
	movs r4, #0x80
	lsls r4, r4, #0x01
	movs r7, #0x0F
_0802EF9E:
	adds r5, r5, r3
	adds r0, #0x01
	cmp r0, #0x04
	bne _0802EFB8
	cmp r3, #0x00
	ble _0802EFB6
	ldrb r1, [r2, #0x00]
	lsls r1, r1, #0x1D
	lsrs r1, r1, #0x1F
	adds r0, r4, #0x0
	asrs r0, r1
	subs r3, r3, r0
_0802EFB6:
	movs r0, #0x00
_0802EFB8:
	adds r5, r5, r3
	adds r0, #0x01
	cmp r0, #0x04
	bne _0802EFD2
	cmp r3, #0x00
	ble _0802EFD0
	ldrb r1, [r2, #0x00]
	lsls r1, r1, #0x1D
	lsrs r1, r1, #0x1F
	adds r0, r4, #0x0
	asrs r0, r1
	subs r3, r3, r0
_0802EFD0:
	movs r0, #0x00
_0802EFD2:
	adds r5, r5, r3
	adds r0, #0x01
	cmp r0, #0x04
	bne _0802EFEC
	cmp r3, #0x00
	ble _0802EFEA
	ldrb r1, [r2, #0x00]
	lsls r1, r1, #0x1D
	lsrs r1, r1, #0x1F
	adds r0, r4, #0x0
	asrs r0, r1
	subs r3, r3, r0
_0802EFEA:
	movs r0, #0x00
_0802EFEC:
	adds r5, r5, r3
	adds r0, #0x01
	cmp r0, #0x04
	bne _0802F006
	cmp r3, #0x00
	ble _0802F004
	ldrb r1, [r2, #0x00]
	lsls r1, r1, #0x1D
	lsrs r1, r1, #0x1F
	adds r0, r4, #0x0
	asrs r0, r1
	subs r3, r3, r0
_0802F004:
	movs r0, #0x00
_0802F006:
	subs r7, #0x04
	cmp r7, #0x00
	bge _0802EF9E
	adds r0, r5, #0x0
	cmp r5, #0x00
	bge _0802F014
	adds r0, #0xFF
_0802F014:
	asrs r5, r0, #0x08
	ldr r1, _0802F060 @ =0x0000020B
	adds r2, r6, r1
	ldrb r0, [r2, #0x00]
	movs r1, #0x40
	orrs r0, r1
	strb r0, [r2, #0x00]
	movs r2, #0x81
	lsls r2, r2, #0x02
	adds r0, r6, r2
	ldr r4, [r0, #0x00]
	movs r3, #0x80
	lsls r3, r3, #0x02
	adds r0, r6, r3
	ldr r3, [r0, #0x00]
	ldr r7, [sp, #0x018]
	ldrb r0, [r7, #0x00]
	lsls r0, r0, #0x1D
	lsrs r0, r0, #0x1F
	movs r2, #0x80
	lsls r2, r2, #0x03
	asrs r2, r0
	ldr r0, _0802F064 @ =0x0000023E
	adds r1, r3, r0
	strh r2, [r1, #0x00]
	adds r0, r4, r0
	strh r2, [r0, #0x00]
	movs r0, #0x98
	lsls r0, r0, #0x02
	adds r3, r3, r0
	strh r2, [r3, #0x00]
	adds r4, r4, r0
	strh r2, [r4, #0x00]
	b _0802F0C4
_0802F058: .4byte 0x00000246
_0802F05C: .4byte 0x0000020F
_0802F060: .4byte 0x0000020B
_0802F064: .4byte 0x0000023E
_0802F068:
	ldr r0, [r7, #0x00]
	ldr r1, _0802F07C @ =0x0000035B
	adds r0, r0, r1
	ldrb r2, [r0, #0x00]
	movs r0, #0x08
	ands r0, r2
	cmp r0, #0x00
	beq _0802F080
	movs r5, #0x20
	b _0802F0A8
_0802F07C: .4byte 0x0000035B
_0802F080:
	movs r0, #0x20
	ands r0, r2
	cmp r0, #0x00
	bne _0802F098
	movs r0, #0x10
	ands r0, r2
	cmp r0, #0x00
	bne _0802F098
	movs r0, #0x40
	ands r0, r2
	cmp r0, #0x00
	beq _0802F09C
_0802F098:
	movs r5, #0x10
	b _0802F0A8
_0802F09C:
	ldr r1, _0802F0E0 @ =0x0839FA34
	lsls r0, r3, #0x1B
	lsrs r0, r0, #0x1D
	adds r0, r0, r1
	movs r5, #0x00
	ldsb r5, [r0, r5]
_0802F0A8:
	adds r2, r6, #0x0
	adds r2, #0xFB
	ldrb r1, [r2, #0x00]
	movs r0, #0x04
	ands r0, r1
	str r2, [sp, #0x018]
	cmp r0, #0x00
	beq _0802F0BE
	lsrs r0, r5, #0x1F
	adds r0, r5, r0
	asrs r5, r0, #0x01
_0802F0BE:
	cmp r5, #0x20
	ble _0802F0C4
	movs r5, #0x20
_0802F0C4:
	movs r2, #0xAE
	lsls r2, r2, #0x02
	adds r0, r6, r2
	ldrb r0, [r0, #0x00]
	lsls r0, r0, #0x1C
	lsrs r0, r0, #0x1D
	cmp r0, #0x02
	beq _0802F11C
	cmp r0, #0x02
	bgt _0802F0E4
	cmp r0, #0x00
	beq _0802F0EE
	b _0802F16A
	.byte 0x00, 0x00
_0802F0E0: .4byte 0x0839FA34
_0802F0E4:
	cmp r0, #0x04
	beq _0802F0FE
	cmp r0, #0x06
	beq _0802F142
	b _0802F16A
_0802F0EE:
	movs r3, #0x00
	str r3, [sp, #0x00C]
	negs r5, r5
	mov r8, r5
	movs r7, #0x80
	lsls r7, r7, #0x02
	adds r0, r6, r7
	b _0802F10A
_0802F0FE:
	movs r0, #0x00
	str r0, [sp, #0x00C]
	mov r8, r5
	movs r1, #0x80
	lsls r1, r1, #0x02
	adds r0, r6, r1
_0802F10A:
	ldr r0, [r0, #0x00]
	adds r0, #0x26
	ldrb r1, [r0, #0x00]
	movs r0, #0x0C
	ands r0, r1
	cmp r0, #0x0C
	bne _0802F16A
	mov r10, r8
	b _0802F16A
_0802F11C:
	str r5, [sp, #0x00C]
	movs r2, #0x00
	mov r8, r2
	movs r3, #0x80
	lsls r3, r3, #0x02
	adds r0, r6, r3
	ldr r0, [r0, #0x00]
	adds r0, #0x26
	ldrb r0, [r0, #0x00]
	movs r1, #0x0C
	ands r1, r0
	cmp r1, #0x04
	beq _0802F168
	cmp r1, #0x08
	bne _0802F16A
	ldr r7, [sp, #0x00C]
	negs r7, r7
	mov r10, r7
	b _0802F16A
_0802F142:
	negs r0, r5
	str r0, [sp, #0x00C]
	movs r1, #0x00
	mov r8, r1
	movs r2, #0x80
	lsls r2, r2, #0x02
	adds r0, r6, r2
	ldr r0, [r0, #0x00]
	adds r0, #0x26
	ldrb r0, [r0, #0x00]
	movs r1, #0x0C
	ands r1, r0
	cmp r1, #0x04
	bne _0802F164
	ldr r3, [sp, #0x00C]
	mov r10, r3
	b _0802F16A
_0802F164:
	cmp r1, #0x08
	bne _0802F16A
_0802F168:
	mov r10, r5
_0802F16A:
	movs r7, #0x80
	lsls r7, r7, #0x02
	adds r5, r6, r7
	ldr r1, [r5, #0x00]
	ldr r0, [sp, #0x00C]
	lsls r4, r0, #0x08
	ldr r0, [r1, #0x0C]
	subs r0, r0, r4
	str r0, [r1, #0x0C]
	ldr r1, [r5, #0x00]
	mov r2, r8
	lsls r3, r2, #0x08
	ldr r0, [r1, #0x10]
	subs r0, r0, r3
	str r0, [r1, #0x10]
	ldr r1, [r5, #0x00]
	mov r7, r10
	lsls r2, r7, #0x08
	ldr r0, [r1, #0x14]
	subs r0, r0, r2
	str r0, [r1, #0x14]
	ldr r0, _0802F21C @ =0x00000246
	adds r0, r6, r0
	str r0, [sp, #0x01C]
	ldrb r1, [r0, #0x00]
	movs r7, #0x1C
	mov r9, r7
	mov r0, r9
	ands r0, r1
	str r3, [sp, #0x010]
	str r2, [sp, #0x014]
	cmp r0, #0x1C
	beq _0802F1B6
	ldr r0, [r5, #0x00]
	movs r1, #0x01
	movs r2, #0x00
	bl sub_804B360
_0802F1B6:
	ldr r1, [r5, #0x00]
	ldr r0, [r1, #0x0C]
	str r0, [r1, #0x34]
	ldr r1, [r5, #0x00]
	ldr r0, [r1, #0x10]
	str r0, [r1, #0x38]
	ldr r1, [r5, #0x00]
	ldr r0, [r1, #0x14]
	str r0, [r1, #0x3C]
	ldr r1, [r5, #0x00]
	ldr r0, [r1, #0x18]
	str r0, [r1, #0x40]
	ldr r2, [r5, #0x00]
	movs r0, #0x4E
	adds r0, r0, r2
	mov r12, r0
	ldrb r3, [r0, #0x00]
	movs r1, #0x31
	negs r1, r1
	adds r0, r1, #0x0
	ands r0, r3
	movs r3, #0x0D
	negs r3, r3
	ands r0, r3
	mov r7, r12
	strb r0, [r7, #0x00]
	adds r2, #0x26
	ldrb r0, [r2, #0x00]
	ands r1, r0
	ands r1, r3
	strb r1, [r2, #0x00]
	ldr r0, [sp, #0x01C]
	ldrb r1, [r0, #0x00]
	mov r0, r9
	ands r0, r1
	cmp r0, #0x14
	bne _0802F224
	ldr r2, _0802F220 @ =0x0000026E
	adds r1, r6, r2
	movs r0, #0x04
	strh r0, [r1, #0x00]
	movs r3, #0x81
	lsls r3, r3, #0x02
	adds r0, r6, r3
	ldr r2, [r0, #0x00]
	ldr r1, [r5, #0x00]
	movs r0, #0x71
	strh r0, [r1, #0x04]
	strh r0, [r2, #0x04]
	b _0802F24C
	.byte 0x00, 0x00
_0802F21C: .4byte 0x00000246
_0802F220: .4byte 0x0000026E
_0802F224:
	ldr r1, [r5, #0x00]
	ldr r7, _0802F37C @ =0x0000020D
	adds r1, r1, r7
	ldrb r2, [r1, #0x00]
	movs r0, #0x41
	negs r0, r0
	ands r0, r2
	strb r0, [r1, #0x00]
	ldr r0, [r5, #0x00]
	mov r1, r8
	str r1, [sp, #0x000]
	mov r2, r10
	str r2, [sp, #0x004]
	movs r1, #0x10
	str r1, [sp, #0x008]
	movs r1, #0x02
	movs r2, #0x01
	ldr r3, [sp, #0x00C]
	bl sub_8045A94
_0802F24C:
	ldr r3, _0802F380 @ =0x00000246
	adds r7, r6, r3
	ldrb r1, [r7, #0x00]
	movs r0, #0x1C
	ands r0, r1
	cmp r0, #0x1C
	beq _0802F30C
	movs r1, #0x82
	lsls r1, r1, #0x02
	adds r0, r6, r1
	ldrb r1, [r0, #0x00]
	movs r2, #0x10
	mov r9, r2
	mov r0, r9
	ands r0, r1
	cmp r0, #0x00
	beq _0802F304
	subs r3, #0x42
	adds r5, r6, r3
	ldr r1, [r5, #0x00]
	ldr r0, [r1, #0x0C]
	subs r0, r0, r4
	str r0, [r1, #0x0C]
	ldr r1, [r5, #0x00]
	ldr r0, [r1, #0x10]
	ldr r2, [sp, #0x010]
	subs r0, r0, r2
	str r0, [r1, #0x10]
	ldr r1, [r5, #0x00]
	ldr r0, [r1, #0x14]
	ldr r3, [sp, #0x014]
	subs r0, r0, r3
	str r0, [r1, #0x14]
	ldr r0, [r5, #0x00]
	movs r1, #0x01
	movs r2, #0x00
	bl sub_804B360
	ldr r1, [r5, #0x00]
	ldr r0, [r1, #0x0C]
	str r0, [r1, #0x34]
	ldr r1, [r5, #0x00]
	ldr r0, [r1, #0x10]
	str r0, [r1, #0x38]
	ldr r1, [r5, #0x00]
	ldr r0, [r1, #0x14]
	str r0, [r1, #0x3C]
	ldr r1, [r5, #0x00]
	ldr r0, [r1, #0x18]
	str r0, [r1, #0x40]
	ldr r2, [r5, #0x00]
	adds r4, r2, #0x0
	adds r4, #0x4E
	ldrb r3, [r4, #0x00]
	movs r1, #0x31
	negs r1, r1
	adds r0, r1, #0x0
	ands r0, r3
	movs r3, #0x0D
	negs r3, r3
	ands r0, r3
	strb r0, [r4, #0x00]
	adds r2, #0x26
	ldrb r0, [r2, #0x00]
	ands r1, r0
	ands r1, r3
	strb r1, [r2, #0x00]
	ldrb r0, [r7, #0x00]
	lsls r0, r0, #0x1B
	lsrs r0, r0, #0x1D
	cmp r0, #0x04
	bhi _0802F304
	ldr r1, [r5, #0x00]
	ldr r7, _0802F37C @ =0x0000020D
	adds r1, r1, r7
	ldrb r2, [r1, #0x00]
	movs r0, #0x41
	negs r0, r0
	ands r0, r2
	strb r0, [r1, #0x00]
	ldr r0, [r5, #0x00]
	mov r1, r8
	str r1, [sp, #0x000]
	mov r2, r10
	str r2, [sp, #0x004]
	mov r3, r9
	str r3, [sp, #0x008]
	movs r1, #0x02
	movs r2, #0x01
	ldr r3, [sp, #0x00C]
	bl sub_8045A94
_0802F304:
	adds r0, r6, #0x0
	movs r1, #0x00
	bl sub_802DF80
_0802F30C:
	ldr r7, _0802F380 @ =0x00000246
	adds r0, r6, r7
	ldrb r0, [r0, #0x00]
	movs r3, #0x1C
	ands r3, r0
	cmp r3, #0x00
	beq _0802F31C
	b _0802F458
_0802F31C:
	ldr r0, [sp, #0x018]
	ldrb r1, [r0, #0x00]
	movs r0, #0x04
	ands r0, r1
	cmp r0, #0x00
	bne _0802F32A
	b _0802F458
_0802F32A:
	movs r1, #0x80
	lsls r1, r1, #0x02
	adds r0, r6, r1
	ldr r2, [r0, #0x00]
	ldr r0, [r2, #0x18]
	cmp r0, #0x00
	bgt _0802F33A
	b _0802F458
_0802F33A:
	cmp r0, #0xFF
	bgt _0802F384
	movs r4, #0x83
	lsls r4, r4, #0x02
	adds r0, r2, r4
	ldrb r1, [r0, #0x00]
	movs r5, #0x01
	adds r0, r5, #0x0
	ands r0, r1
	cmp r0, #0x00
	beq _0802F352
	str r3, [r2, #0x18]
_0802F352:
	movs r2, #0x82
	lsls r2, r2, #0x02
	adds r0, r6, r2
	ldrb r1, [r0, #0x00]
	movs r0, #0x10
	ands r0, r1
	cmp r0, #0x00
	beq _0802F458
	movs r7, #0x81
	lsls r7, r7, #0x02
	adds r0, r6, r7
	ldr r2, [r0, #0x00]
	adds r0, r2, r4
	ldrb r1, [r0, #0x00]
	adds r0, r5, #0x0
	ands r0, r1
	cmp r0, #0x00
	beq _0802F458
	str r3, [r2, #0x18]
	b _0802F458
	.byte 0x00, 0x00
_0802F37C: .4byte 0x0000020D
_0802F380: .4byte 0x00000246
_0802F384:
	movs r1, #0x83
	lsls r1, r1, #0x02
	adds r0, r2, r1
	ldrb r1, [r0, #0x00]
	movs r0, #0x01
	ands r0, r1
	cmp r0, #0x00
	beq _0802F3E0
	adds r0, r2, #0x0
	adds r0, #0x54
	ldrb r0, [r0, #0x00]
	cmp r0, #0x00
	bne _0802F3BC
	ldr r3, _0802F3B4 @ =0x0000035B
	adds r0, r2, r3
	ldrb r1, [r0, #0x00]
	movs r0, #0x08
	ands r0, r1
	ldr r1, _0802F3B8 @ =0x0000103B
	cmp r0, #0x00
	beq _0802F3BE
	adds r1, #0x01
	b _0802F3BE
	.byte 0x00, 0x00
_0802F3B4: .4byte 0x0000035B
_0802F3B8: .4byte 0x0000103B
_0802F3BC:
	ldr r1, _0802F428 @ =0x00001052
_0802F3BE:
	adds r0, r2, #0x0
	bl sub_8049000
	movs r7, #0x80
	lsls r7, r7, #0x02
	adds r0, r6, r7
	ldr r2, [r0, #0x00]
	movs r0, #0x85
	lsls r0, r0, #0x02
	adds r2, r2, r0
	ldrb r1, [r2, #0x00]
	movs r0, #0x08
	negs r0, r0
	ands r0, r1
	movs r1, #0x05
	orrs r0, r1
	strb r0, [r2, #0x00]
_0802F3E0:
	movs r1, #0x82
	lsls r1, r1, #0x02
	adds r0, r6, r1
	ldrb r1, [r0, #0x00]
	movs r0, #0x10
	ands r0, r1
	cmp r0, #0x00
	beq _0802F458
	movs r2, #0x81
	lsls r2, r2, #0x02
	adds r0, r6, r2
	ldr r2, [r0, #0x00]
	movs r3, #0x83
	lsls r3, r3, #0x02
	adds r0, r2, r3
	ldrb r1, [r0, #0x00]
	movs r0, #0x01
	ands r0, r1
	cmp r0, #0x00
	beq _0802F458
	adds r0, r2, #0x0
	adds r0, #0x54
	ldrb r0, [r0, #0x00]
	cmp r0, #0x00
	bne _0802F434
	ldr r7, _0802F42C @ =0x0000035B
	adds r0, r2, r7
	ldrb r1, [r0, #0x00]
	movs r0, #0x08
	ands r0, r1
	ldr r1, _0802F430 @ =0x0000103B
	cmp r0, #0x00
	beq _0802F436
	adds r1, #0x01
	b _0802F436
	.byte 0x00, 0x00
_0802F428: .4byte 0x00001052
_0802F42C: .4byte 0x0000035B
_0802F430: .4byte 0x0000103B
_0802F434:
	ldr r1, _0802F48C @ =0x00001052
_0802F436:
	adds r0, r2, #0x0
	bl sub_8049000
	movs r1, #0x81
	lsls r1, r1, #0x02
	adds r0, r6, r1
	ldr r2, [r0, #0x00]
	movs r3, #0x85
	lsls r3, r3, #0x02
	adds r2, r2, r3
	ldrb r1, [r2, #0x00]
	movs r0, #0x08
	negs r0, r0
	ands r0, r1
	movs r1, #0x05
	orrs r0, r1
	strb r0, [r2, #0x00]
_0802F458:
	movs r7, #0xAE
	lsls r7, r7, #0x02
	adds r0, r6, r7
	ldrb r1, [r0, #0x00]
	movs r0, #0x20
	ands r0, r1
	cmp r0, #0x00
	beq _0802F47C
	ldr r0, _0802F490 @ =0x0000020A
	adds r2, r6, r0
	ldrh r1, [r2, #0x00]
	ldr r0, _0802F494 @ =0xFFFFFE7F
	ands r0, r1
	movs r3, #0x80
	lsls r3, r3, #0x01
	adds r1, r3, #0x0
	orrs r0, r1
	strh r0, [r2, #0x00]
_0802F47C:
	add sp, #0x020
	pop {r3, r4, r5}
	mov r8, r3
	mov r9, r4
	mov r10, r5
	pop {r4, r5, r6, r7}
	pop {r0}
	bx r0
_0802F48C: .4byte 0x00001052
_0802F490: .4byte 0x0000020A
_0802F494: .4byte 0xFFFFFE7F
	thumb_func_start sub_802F498
sub_802F498:
	push {r4, r5, r6, r7, lr}
	mov r7, r10
	mov r6, r9
	mov r5, r8
	push {r5, r6, r7}
	adds r5, r0, #0x0
	movs r0, #0xAE
	lsls r0, r0, #0x02
	adds r6, r5, r0
	ldrb r1, [r6, #0x00]
	movs r2, #0x10
	mov r8, r2
	mov r0, r8
	ands r0, r1
	cmp r0, #0x00
	bne _0802F4BA
	b _0802F6DE
_0802F4BA:
	movs r0, #0x80
	lsls r0, r0, #0x02
	adds r4, r5, r0
	ldr r1, [r4, #0x00]
	ldr r2, _0802F574 @ =0x0000020D
	mov r10, r2
	add r1, r10
	ldrb r2, [r1, #0x00]
	movs r0, #0x09
	negs r0, r0
	mov r9, r0
	ands r0, r2
	strb r0, [r1, #0x00]
	ldr r0, [r4, #0x00]
	adds r7, r5, #0x0
	adds r7, #0x28
	adds r1, r7, #0x0
	bl sub_80461B4
	ldr r0, [r4, #0x00]
	bl sub_80465D8
	ldrb r1, [r6, #0x00]
	movs r0, #0x20
	ands r0, r1
	cmp r0, #0x00
	bne _0802F520
	movs r1, #0x82
	lsls r1, r1, #0x02
	adds r0, r5, r1
	ldrb r1, [r0, #0x00]
	mov r0, r8
	ands r0, r1
	cmp r0, #0x00
	beq _0802F57C
	movs r2, #0x81
	lsls r2, r2, #0x02
	adds r4, r5, r2
	ldr r1, [r4, #0x00]
	add r1, r10
	ldrb r2, [r1, #0x00]
	mov r0, r9
	ands r0, r2
	strb r0, [r1, #0x00]
	ldr r0, [r4, #0x00]
	adds r1, r7, #0x0
	bl sub_80461B4
	ldr r0, [r4, #0x00]
	bl sub_80465D8
_0802F520:
	movs r1, #0x82
	lsls r1, r1, #0x02
	adds r0, r5, r1
	ldrb r1, [r0, #0x00]
	mov r0, r8
	ands r0, r1
	cmp r0, #0x00
	beq _0802F57C
	movs r2, #0x81
	lsls r2, r2, #0x02
	adds r0, r5, r2
	ldr r0, [r0, #0x00]
	bl sub_8047B78
	movs r1, #0x01
	ands r1, r0
	lsls r1, r1, #0x04
	ldrb r2, [r6, #0x00]
	movs r0, #0x11
	negs r0, r0
	ands r0, r2
	orrs r0, r1
	strb r0, [r6, #0x00]
	movs r1, #0x20
	ands r0, r1
	cmp r0, #0x00
	beq _0802F5A0
	ldr r2, _0802F578 @ =0x0000026E
	adds r1, r5, r2
	ldrh r0, [r1, #0x00]
	subs r0, #0x01
	strh r0, [r1, #0x00]
	lsls r0, r0, #0x10
	cmp r0, #0x00
	bne _0802F5A0
	ldrb r1, [r6, #0x00]
	movs r0, #0x21
	negs r0, r0
	ands r0, r1
	strb r0, [r6, #0x00]
	b _0802F5A0
	.byte 0x00, 0x00
_0802F574: .4byte 0x0000020D
_0802F578: .4byte 0x0000026E
_0802F57C:
	movs r1, #0x80
	lsls r1, r1, #0x02
	adds r0, r5, r1
	ldr r0, [r0, #0x00]
	bl sub_8047B78
	movs r2, #0xAE
	lsls r2, r2, #0x02
	adds r3, r5, r2
	movs r1, #0x01
	ands r1, r0
	lsls r1, r1, #0x04
	ldrb r2, [r3, #0x00]
	movs r0, #0x11
	negs r0, r0
	ands r0, r2
	orrs r0, r1
	strb r0, [r3, #0x00]
_0802F5A0:
	movs r1, #0xAE
	lsls r1, r1, #0x02
	adds r0, r5, r1
	ldrb r1, [r0, #0x00]
	movs r0, #0x10
	ands r0, r1
	cmp r0, #0x00
	beq _0802F5B2
	b _0802F6D8
_0802F5B2:
	adds r7, r5, #0x0
	adds r7, #0xFB
	ldrb r1, [r7, #0x00]
	movs r0, #0x04
	ands r0, r1
	lsls r0, r0, #0x18
	lsrs r4, r0, #0x18
	cmp r4, #0x00
	bne _0802F5E6
	movs r2, #0x80
	lsls r2, r2, #0x02
	adds r3, r5, r2
	ldr r1, [r3, #0x00]
	ldr r0, [r1, #0x14]
	ldr r2, [r1, #0x18]
	adds r0, r0, r2
	str r0, [r1, #0x14]
	ldr r0, [r3, #0x00]
	str r4, [r0, #0x18]
	ldr r1, [r3, #0x00]
	ldr r0, [r1, #0x3C]
	ldr r2, [r1, #0x40]
	adds r0, r0, r2
	str r0, [r1, #0x3C]
	ldr r0, [r3, #0x00]
	str r4, [r0, #0x40]
_0802F5E6:
	movs r0, #0x80
	lsls r0, r0, #0x02
	adds r3, r5, r0
	ldr r1, [r3, #0x00]
	ldr r2, _0802F6C4 @ =0x00000353
	mov r12, r2
	add r1, r12
	ldrb r2, [r1, #0x00]
	movs r0, #0x03
	negs r0, r0
	mov r10, r0
	ands r0, r2
	strb r0, [r1, #0x00]
	ldr r1, [r3, #0x00]
	ldr r6, _0802F6C8 @ =0x0000020D
	adds r1, r1, r6
	ldrb r0, [r1, #0x00]
	movs r2, #0x08
	mov r9, r2
	mov r2, r9
	orrs r0, r2
	strb r0, [r1, #0x00]
	ldr r1, [r3, #0x00]
	adds r1, r1, r6
	ldrb r0, [r1, #0x00]
	movs r2, #0x40
	mov r8, r2
	mov r2, r8
	orrs r0, r2
	strb r0, [r1, #0x00]
	movs r1, #0x82
	lsls r1, r1, #0x02
	adds r0, r5, r1
	ldrb r1, [r0, #0x00]
	movs r0, #0x10
	ands r0, r1
	cmp r0, #0x00
	beq _0802F694
	ldrb r1, [r7, #0x00]
	movs r0, #0x04
	ands r0, r1
	lsls r0, r0, #0x18
	lsrs r4, r0, #0x18
	cmp r4, #0x00
	bne _0802F662
	movs r2, #0x81
	lsls r2, r2, #0x02
	adds r3, r5, r2
	ldr r1, [r3, #0x00]
	ldr r0, [r1, #0x14]
	ldr r2, [r1, #0x18]
	adds r0, r0, r2
	str r0, [r1, #0x14]
	ldr r0, [r3, #0x00]
	str r4, [r0, #0x18]
	ldr r1, [r3, #0x00]
	ldr r0, [r1, #0x3C]
	ldr r2, [r1, #0x40]
	adds r0, r0, r2
	str r0, [r1, #0x3C]
	ldr r0, [r3, #0x00]
	str r4, [r0, #0x40]
_0802F662:
	movs r0, #0x81
	lsls r0, r0, #0x02
	adds r3, r5, r0
	ldr r1, [r3, #0x00]
	add r1, r12
	ldrb r2, [r1, #0x00]
	mov r0, r10
	ands r0, r2
	strb r0, [r1, #0x00]
	ldr r1, [r3, #0x00]
	adds r1, r1, r6
	ldrb r0, [r1, #0x00]
	mov r2, r9
	orrs r0, r2
	strb r0, [r1, #0x00]
	ldr r1, [r3, #0x00]
	adds r1, r1, r6
	ldrb r0, [r1, #0x00]
	mov r2, r8
	orrs r0, r2
	strb r0, [r1, #0x00]
	adds r0, r5, #0x0
	movs r1, #0x00
	bl sub_802DF80
_0802F694:
	movs r1, #0x81
	lsls r1, r1, #0x02
	adds r0, r5, r1
	ldr r2, [r0, #0x00]
	subs r1, #0x04
	adds r0, r5, r1
	ldr r1, [r0, #0x00]
	ldr r4, _0802F6CC @ =0x0000020F
	adds r1, r1, r4
	ldrb r0, [r1, #0x00]
	movs r3, #0x04
	orrs r0, r3
	strb r0, [r1, #0x00]
	adds r2, r2, r4
	ldrb r0, [r2, #0x00]
	orrs r0, r3
	strb r0, [r2, #0x00]
	ldr r0, _0802F6D0 @ =0x0000020A
	adds r2, r5, r0
	ldrh r1, [r2, #0x00]
	ldr r0, _0802F6D4 @ =0xFFFFFE7F
	ands r0, r1
	strh r0, [r2, #0x00]
	b _0802F6DE
_0802F6C4: .4byte 0x00000353
_0802F6C8: .4byte 0x0000020D
_0802F6CC: .4byte 0x0000020F
_0802F6D0: .4byte 0x0000020A
_0802F6D4: .4byte 0xFFFFFE7F
_0802F6D8:
	adds r0, r5, #0x0
	bl sub_802F6EC
_0802F6DE:
	pop {r3, r4, r5}
	mov r8, r3
	mov r9, r4
	mov r10, r5
	pop {r4, r5, r6, r7}
	pop {r0}
	bx r0
	thumb_func_start sub_802F6EC
sub_802F6EC:
	push {r4, lr}
	mov r12, r0
	movs r4, #0x80
	lsls r4, r4, #0x02
	add r4, r12
	ldr r3, [r4, #0x00]
	ldr r0, [r3, #0x0C]
	cmp r0, #0x00
	bge _0802F700
	adds r0, #0xFF
_0802F700:
	asrs r2, r0, #0x08
	ldr r0, [r3, #0x10]
	ldr r1, [r3, #0x14]
	subs r0, r0, r1
	ldr r1, [r3, #0x18]
	subs r0, r0, r1
	cmp r0, #0x00
	bge _0802F712
	adds r0, #0xFF
_0802F712:
	asrs r1, r0, #0x08
	cmp r2, #0x00
	blt _0802F732
	cmp r1, #0x00
	blt _0802F732
	ldr r0, _0802F748 @ =0x00000286
	add r0, r12
	ldrh r0, [r0, #0x00]
	cmp r2, r0
	bge _0802F732
	movs r0, #0xA2
	lsls r0, r0, #0x02
	add r0, r12
	ldrh r0, [r0, #0x00]
	cmp r1, r0
	blt _0802F750
_0802F732:
	movs r0, #0x80
	lsls r0, r0, #0x02
	add r0, r12
	ldr r1, [r0, #0x00]
	ldr r0, _0802F74C @ =0x00000353
	adds r1, r1, r0
	ldrb r0, [r1, #0x00]
	movs r2, #0x02
	orrs r0, r2
	b _0802F77C
	.byte 0x00, 0x00
_0802F748: .4byte 0x00000286
_0802F74C: .4byte 0x00000353
_0802F750:
	mov r0, r12
	adds r0, #0xFB
	ldrb r1, [r0, #0x00]
	lsls r1, r1, #0x1D
	lsrs r1, r1, #0x1F
	movs r0, #0x01
	ldr r2, _0802F7EC @ =0x0000020D
	adds r3, r3, r2
	eors r1, r0
	lsls r1, r1, #0x06
	ldrb r2, [r3, #0x00]
	subs r0, #0x42
	ands r0, r2
	orrs r0, r1
	strb r0, [r3, #0x00]
	ldr r1, [r4, #0x00]
	ldr r0, _0802F7F0 @ =0x00000353
	adds r1, r1, r0
	ldrb r2, [r1, #0x00]
	movs r0, #0x03
	negs r0, r0
	ands r0, r2
_0802F77C:
	strb r0, [r1, #0x00]
	movs r0, #0x82
	lsls r0, r0, #0x02
	add r0, r12
	ldrb r1, [r0, #0x00]
	movs r0, #0x10
	ands r0, r1
	cmp r0, #0x00
	beq _0802F826
	movs r4, #0x81
	lsls r4, r4, #0x02
	add r4, r12
	ldr r3, [r4, #0x00]
	ldr r0, [r3, #0x0C]
	cmp r0, #0x00
	bge _0802F79E
	adds r0, #0xFF
_0802F79E:
	asrs r2, r0, #0x08
	ldr r1, [r3, #0x10]
	ldr r0, [r3, #0x14]
	subs r1, r1, r0
	movs r0, #0x80
	lsls r0, r0, #0x02
	add r0, r12
	ldr r0, [r0, #0x00]
	ldr r0, [r0, #0x18]
	subs r0, r1, r0
	cmp r0, #0x00
	bge _0802F7B8
	adds r0, #0xFF
_0802F7B8:
	asrs r1, r0, #0x08
	cmp r2, #0x00
	blt _0802F7D8
	cmp r1, #0x00
	blt _0802F7D8
	ldr r0, _0802F7F4 @ =0x00000286
	add r0, r12
	ldrh r0, [r0, #0x00]
	cmp r2, r0
	bge _0802F7D8
	movs r0, #0xA2
	lsls r0, r0, #0x02
	add r0, r12
	ldrh r0, [r0, #0x00]
	cmp r1, r0
	blt _0802F7F8
_0802F7D8:
	movs r0, #0x81
	lsls r0, r0, #0x02
	add r0, r12
	ldr r1, [r0, #0x00]
	ldr r2, _0802F7F0 @ =0x00000353
	adds r1, r1, r2
	ldrb r0, [r1, #0x00]
	movs r2, #0x02
	orrs r0, r2
	b _0802F824
_0802F7EC: .4byte 0x0000020D
_0802F7F0: .4byte 0x00000353
_0802F7F4: .4byte 0x00000286
_0802F7F8:
	mov r0, r12
	adds r0, #0xFB
	ldrb r1, [r0, #0x00]
	lsls r1, r1, #0x1D
	lsrs r1, r1, #0x1F
	movs r0, #0x01
	ldr r2, _0802F82C @ =0x0000020D
	adds r3, r3, r2
	eors r1, r0
	lsls r1, r1, #0x06
	ldrb r2, [r3, #0x00]
	subs r0, #0x42
	ands r0, r2
	orrs r0, r1
	strb r0, [r3, #0x00]
	ldr r1, [r4, #0x00]
	ldr r0, _0802F830 @ =0x00000353
	adds r1, r1, r0
	ldrb r2, [r1, #0x00]
	movs r0, #0x03
	negs r0, r0
	ands r0, r2
_0802F824:
	strb r0, [r1, #0x00]
_0802F826:
	pop {r4}
	pop {r0}
	bx r0
_0802F82C: .4byte 0x0000020D
_0802F830: .4byte 0x00000353
	thumb_func_start sub_802F834
sub_802F834:
	push {r4, r5, r6, lr}
	ldr r4, _0802F884 @ =0x03000FC0
	ldr r0, [r4, #0x00]
	movs r1, #0xE3
	lsls r1, r1, #0x02
	adds r0, r0, r1
	movs r1, #0x00
	ldr r2, _0802F888 @ =0x00000205
	bl sub_80E98C0
	lsls r0, r0, #0x18
	cmp r0, #0x00
	bne _0802F894
	ldr r0, [r4, #0x00]
	movs r1, #0xE3
	lsls r1, r1, #0x02
	adds r0, r0, r1
	movs r1, #0x00
	movs r2, #0x81
	lsls r2, r2, #0x02
	bl sub_80E98C0
	lsls r0, r0, #0x18
	cmp r0, #0x00
	bne _0802F890
	ldr r0, [r4, #0x00]
	movs r1, #0xE3
	lsls r1, r1, #0x02
	adds r0, r0, r1
	movs r1, #0x00
	ldr r2, _0802F88C @ =0x00000203
	bl sub_80E98C0
	lsls r0, r0, #0x18
	lsrs r0, r0, #0x18
	negs r1, r0
	orrs r1, r0
	lsrs r1, r1, #0x1F
	b _0802F896
	.byte 0x00, 0x00
_0802F884: .4byte 0x03000FC0
_0802F888: .4byte 0x00000205
_0802F88C: .4byte 0x00000203
_0802F890:
	movs r1, #0x02
	b _0802F896
_0802F894:
	movs r1, #0x03
_0802F896:
	adds r5, r1, #0x0
	cmp r5, #0x00
	ble _0802F916
	subs r5, #0x01
	ldr r0, _0802F91C @ =0x03000D74
	ldr r6, [r0, #0x00]
	ldrh r1, [r6, #0x0C]
	ldr r0, _0802F920 @ =0x000001FF
	ands r0, r1
	cmp r0, #0x01
	bne _0802F8DC
	lsrs r0, r1, #0x09
	movs r1, #0x0F
	ands r0, r1
	cmp r0, #0x00
	bne _0802F8DC
	ldr r4, _0802F924 @ =0x02000282
	ldr r3, _0802F928 @ =0x0839FA3C
	ldr r2, _0802F92C @ =0x0300034C
	ldr r1, _0802F930 @ =0x00000888
	adds r0, r2, r1
	ldrb r1, [r0, #0x00]
	lsls r1, r1, #0x1D
	lsrs r1, r1, #0x1E
	lsls r0, r1, #0x01
	adds r0, r0, r1
	adds r0, r0, r5
	lsls r0, r0, #0x01
	adds r0, r0, r3
	ldrh r0, [r0, #0x00]
	strh r0, [r4, #0x00]
	ldrh r1, [r2, #0x00]
	movs r0, #0x01
	orrs r0, r1
	strh r0, [r2, #0x00]
_0802F8DC:
	ldrh r1, [r6, #0x0E]
	ldr r0, _0802F920 @ =0x000001FF
	ands r0, r1
	cmp r0, #0x02
	bne _0802F916
	lsrs r0, r1, #0x09
	movs r1, #0x0F
	ands r0, r1
	cmp r0, #0x00
	bne _0802F916
	ldr r4, _0802F934 @ =0x020002A2
	ldr r3, _0802F928 @ =0x0839FA3C
	ldr r2, _0802F92C @ =0x0300034C
	ldr r1, _0802F930 @ =0x00000888
	adds r0, r2, r1
	ldrb r1, [r0, #0x00]
	lsls r1, r1, #0x1D
	lsrs r1, r1, #0x1E
	lsls r0, r1, #0x01
	adds r0, r0, r1
	adds r0, r0, r5
	lsls r0, r0, #0x01
	adds r0, r0, r3
	ldrh r0, [r0, #0x00]
	strh r0, [r4, #0x00]
	ldrh r1, [r2, #0x00]
	movs r0, #0x02
	orrs r0, r1
	strh r0, [r2, #0x00]
_0802F916:
	pop {r4, r5, r6}
	pop {r0}
	bx r0
_0802F91C: .4byte 0x03000D74
_0802F920: .4byte 0x000001FF
_0802F924: .4byte 0x02000282
_0802F928: .4byte 0x0839FA3C
_0802F92C: .4byte 0x0300034C
_0802F930: .4byte 0x00000888
_0802F934: .4byte 0x020002A2
	thumb_func_start sub_802F938
sub_802F938:
	push {r4, r5, r6, r7, lr}
	mov r7, r9
	mov r6, r8
	push {r6, r7}
	adds r5, r0, #0x0
	movs r1, #0x95
	lsls r1, r1, #0x01
	adds r0, r5, r1
	ldrb r0, [r0, #0x00]
	cmp r0, #0x00
	bne _0802F950
	b _0802FAD6
_0802F950:
	movs r6, #0x02
	subs r1, #0x1F
	adds r0, r5, r1
	adds r4, r5, #0x0
	adds r4, #0x28
	ldrb r0, [r0, #0x00]
	cmp r6, r0
	bge _0802F982
	mov r8, r4
	movs r0, #0x30
	adds r0, r0, r5
	mov r9, r0
	adds r7, r5, r1
_0802F96A:
	mov r1, r9
	adds r1, #0x04
	mov r9, r1
	subs r1, #0x04
	ldm r1!, {r0}
	mov r1, r8
	bl sub_80418E8
	adds r6, #0x01
	ldrb r0, [r7, #0x00]
	cmp r6, r0
	blt _0802F96A
_0802F982:
	adds r0, r5, #0x0
	bl sub_802563C
	adds r0, r5, #0x0
	bl sub_8025ACC
	ldr r0, [r4, #0x00]
	adds r1, r4, #0x0
	bl sub_80418E8
	ldr r0, [r4, #0x04]
	adds r1, r4, #0x0
	bl sub_80418E8
	ldr r1, _0802F9B4 @ =0x00000209
	adds r0, r5, r1
	ldrb r1, [r0, #0x00]
	movs r0, #0x20
	ands r0, r1
	cmp r0, #0x00
	beq _0802F9B8
	adds r0, r5, #0x0
	bl sub_802DA10
	b _0802FA82
_0802F9B4: .4byte 0x00000209
_0802F9B8:
	movs r1, #0x80
	lsls r1, r1, #0x02
	adds r0, r5, r1
	ldr r0, [r0, #0x00]
	movs r1, #0xDA
	lsls r1, r1, #0x02
	adds r0, r0, r1
	ldr r0, [r0, #0x00]
	ldrb r0, [r0, #0x00]
	subs r0, #0x03
	cmp r0, #0x10
	bhi _0802FA82
	lsls r0, r0, #0x02
	ldr r1, _0802F9DC @ =0x0802F9E0
	adds r0, r0, r1
	ldr r0, [r0, #0x00]
	mov pc, r0
	.byte 0x00, 0x00
_0802F9DC: .4byte 0x0802F9E0
	.byte 0x24, 0xFA, 0x02, 0x08, 0x2C, 0xFA, 0x02, 0x08, 0x34, 0xFA, 0x02, 0x08, 0x3C, 0xFA, 0x02, 0x08
	.byte 0x3C, 0xFA, 0x02, 0x08, 0x82, 0xFA, 0x02, 0x08, 0x44, 0xFA, 0x02, 0x08, 0x4C, 0xFA, 0x02, 0x08
	.byte 0x54, 0xFA, 0x02, 0x08, 0x5C, 0xFA, 0x02, 0x08, 0x64, 0xFA, 0x02, 0x08, 0x6C, 0xFA, 0x02, 0x08
	.byte 0x6C, 0xFA, 0x02, 0x08, 0x74, 0xFA, 0x02, 0x08, 0x74, 0xFA, 0x02, 0x08, 0x7C, 0xFA, 0x02, 0x08
	.byte 0x7C, 0xFA, 0x02, 0x08, 0x28, 0x1C, 0x00, 0xF0, 0x3B, 0xFE, 0x2A, 0xE0, 0x28, 0x1C, 0x03, 0xF0
	.byte 0x2F, 0xF8, 0x26, 0xE0, 0x28, 0x1C, 0x01, 0xF0, 0x97, 0xFE, 0x22, 0xE0, 0x28, 0x1C, 0x04, 0xF0
	.byte 0x8D, 0xFA, 0x1E, 0xE0, 0x28, 0x1C, 0x05, 0xF0, 0xD5, 0xF8, 0x1A, 0xE0, 0x28, 0x1C, 0x05, 0xF0
	.byte 0x31, 0xFB, 0x16, 0xE0, 0x28, 0x1C, 0x06, 0xF0, 0xAB, 0xF9, 0x12, 0xE0, 0x28, 0x1C, 0x07, 0xF0
	.byte 0x91, 0xFA, 0x0E, 0xE0, 0x28, 0x1C, 0x08, 0xF0, 0x31, 0xFC, 0x0A, 0xE0, 0x28, 0x1C, 0x09, 0xF0
	.byte 0xEF, 0xFB, 0x06, 0xE0, 0x28, 0x1C, 0x0A, 0xF0, 0x11, 0xF9, 0x02, 0xE0, 0x28, 0x1C, 0x0B, 0xF0
	.byte 0xA5, 0xFA
_0802FA82:
	movs r1, #0x95
	lsls r1, r1, #0x01
	adds r0, r5, r1
	ldrb r0, [r0, #0x00]
	cmp r0, #0x02
	bhi _0802FABE
	adds r0, r5, #0x0
	adds r0, #0xF9
	ldrb r1, [r0, #0x00]
	movs r0, #0x30
	ands r0, r1
	cmp r0, #0x00
	bne _0802FABE
	movs r1, #0x80
	lsls r1, r1, #0x02
	adds r0, r5, r1
	ldr r1, [r0, #0x00]
	adds r0, r5, #0x0
	movs r2, #0x00
	bl sub_802B804
	movs r1, #0x81
	lsls r1, r1, #0x02
	adds r0, r5, r1
	ldr r1, [r0, #0x00]
	adds r0, r5, #0x0
	movs r2, #0x00
	bl sub_802B804
	b _0802FAD6
_0802FABE:
	movs r1, #0x80
	lsls r1, r1, #0x02
	adds r0, r5, r1
	ldr r0, [r0, #0x00]
	bl sub_804FC90
	movs r1, #0x81
	lsls r1, r1, #0x02
	adds r0, r5, r1
	ldr r0, [r0, #0x00]
	bl sub_804FC90
_0802FAD6:
	pop {r3, r4}
	mov r8, r3
	mov r9, r4
	pop {r4, r5, r6, r7}
	pop {r0}
	bx r0
	.byte 0x00, 0x00
	thumb_func_start sub_802FAE4
sub_802FAE4:
	push {r4, r5, r6, r7, lr}
	adds r6, r0, #0x0
	adds r7, r2, #0x0
	cmp r1, #0x01
	bne _0802FBA0
	ldr r1, _0802FB94 @ =0x00000246
	adds r0, r6, r1
	ldrb r1, [r0, #0x00]
	movs r0, #0x1C
	ands r0, r1
	cmp r0, #0x08
	beq _0802FAFE
	b _0802FD64
_0802FAFE:
	ldr r0, _0802FB98 @ =0x0000020A
	adds r2, r6, r0
	ldrb r0, [r2, #0x00]
	movs r1, #0x02
	orrs r0, r1
	strb r0, [r2, #0x00]
	movs r1, #0x80
	lsls r1, r1, #0x02
	adds r5, r6, r1
	ldr r1, [r5, #0x00]
	ldr r3, _0802FB9C @ =0x00000351
	adds r1, r1, r3
	ldrb r0, [r1, #0x00]
	movs r2, #0x40
	orrs r0, r2
	strb r0, [r1, #0x00]
	movs r0, #0x81
	lsls r0, r0, #0x02
	adds r4, r6, r0
	ldr r1, [r4, #0x00]
	adds r1, r1, r3
	ldrb r0, [r1, #0x00]
	orrs r0, r2
	strb r0, [r1, #0x00]
	ldr r1, [r4, #0x00]
	movs r2, #0x04
	ldsh r0, [r1, r2]
	cmp r0, #0x64
	ble _0802FB3A
	b _0802FD64
_0802FB3A:
	cmp r7, #0x00
	beq _0802FB8A
	adds r0, r6, #0x0
	bl sub_802DC0C
	lsls r0, r0, #0x18
	cmp r0, #0x00
	beq _0802FB8A
	ldr r1, [r4, #0x00]
	ldr r0, [r5, #0x00]
	ldr r0, [r0, #0x0C]
	str r0, [r1, #0x0C]
	ldr r1, [r4, #0x00]
	ldr r0, [r5, #0x00]
	ldr r0, [r0, #0x10]
	str r0, [r1, #0x10]
	ldr r1, [r4, #0x00]
	ldr r0, [r5, #0x00]
	ldr r0, [r0, #0x14]
	str r0, [r1, #0x14]
	ldr r1, [r4, #0x00]
	ldr r0, [r5, #0x00]
	ldr r0, [r0, #0x18]
	str r0, [r1, #0x18]
	ldr r1, [r4, #0x00]
	ldr r0, [r5, #0x00]
	ldr r0, [r0, #0x34]
	str r0, [r1, #0x34]
	ldr r1, [r4, #0x00]
	ldr r0, [r5, #0x00]
	ldr r0, [r0, #0x38]
	str r0, [r1, #0x38]
	ldr r1, [r4, #0x00]
	ldr r0, [r5, #0x00]
	ldr r0, [r0, #0x3C]
	str r0, [r1, #0x3C]
	ldr r1, [r4, #0x00]
	ldr r0, [r5, #0x00]
	ldr r0, [r0, #0x40]
	str r0, [r1, #0x40]
_0802FB8A:
	adds r0, r6, #0x0
	bl sub_8035974
	b _0802FD64
	.byte 0x00, 0x00
_0802FB94: .4byte 0x00000246
_0802FB98: .4byte 0x0000020A
_0802FB9C: .4byte 0x00000351
_0802FBA0:
	ldr r0, _0802FC08 @ =0x00000246
	adds r4, r6, r0
	ldrb r1, [r4, #0x00]
	movs r0, #0x1C
	ands r0, r1
	cmp r0, #0x08
	bne _0802FBB0
	b _0802FD64
_0802FBB0:
	movs r1, #0x80
	lsls r1, r1, #0x02
	adds r3, r6, r1
	ldr r0, [r3, #0x00]
	movs r2, #0xDA
	lsls r2, r2, #0x02
	adds r0, r0, r2
	ldr r0, [r0, #0x00]
	ldrb r0, [r0, #0x00]
	cmp r0, #0x02
	bhi _0802FBC8
	b _0802FD64
_0802FBC8:
	ldr r0, _0802FC0C @ =0x0000020A
	adds r2, r6, r0
	ldrb r0, [r2, #0x00]
	movs r1, #0x02
	orrs r0, r1
	strb r0, [r2, #0x00]
	ldr r1, [r3, #0x00]
	ldr r3, _0802FC10 @ =0x00000351
	adds r1, r1, r3
	ldrb r0, [r1, #0x00]
	movs r2, #0x40
	orrs r0, r2
	strb r0, [r1, #0x00]
	movs r1, #0x81
	lsls r1, r1, #0x02
	adds r0, r6, r1
	ldr r1, [r0, #0x00]
	adds r1, r1, r3
	ldrb r0, [r1, #0x00]
	orrs r0, r2
	strb r0, [r1, #0x00]
	ldrb r0, [r4, #0x00]
	lsls r0, r0, #0x1B
	lsrs r0, r0, #0x1D
	cmp r0, #0x06
	bls _0802FBFE
	b _0802FD64
_0802FBFE:
	lsls r0, r0, #0x02
	ldr r1, _0802FC14 @ =0x0802FC18
	adds r0, r0, r1
	ldr r0, [r0, #0x00]
	mov pc, r0
_0802FC08: .4byte 0x00000246
_0802FC0C: .4byte 0x0000020A
_0802FC10: .4byte 0x00000351
_0802FC14: .4byte 0x0802FC18
	.byte 0x64, 0xFD, 0x02, 0x08, 0x34, 0xFC, 0x02, 0x08, 0x64, 0xFD, 0x02, 0x08, 0x58, 0xFC, 0x02, 0x08
	.byte 0x12, 0xFD, 0x02, 0x08, 0x46, 0xFD, 0x02, 0x08, 0x46, 0xFD, 0x02, 0x08, 0x80, 0x22, 0x92, 0x00
	.byte 0xB0, 0x18, 0x02, 0x68, 0xD6, 0x21, 0x89, 0x00, 0x50, 0x18, 0x01, 0x78, 0x08, 0x20, 0x08, 0x40
	.byte 0x00, 0x28, 0x00, 0xD0, 0x8A, 0xE0, 0x30, 0x1C, 0x11, 0x1C, 0x01, 0xF0, 0xFD, 0xFC, 0x85, 0xE0
	.byte 0x00, 0x2F, 0x2C, 0xD0, 0x81, 0x22, 0x92, 0x00, 0xB4, 0x18, 0x21, 0x68, 0x30, 0x1C, 0xFD, 0xF7
	.byte 0xD1, 0xFF, 0x00, 0x06, 0x00, 0x28, 0x22, 0xD0, 0x22, 0x68, 0x80, 0x20, 0x80, 0x00, 0x31, 0x18
	.byte 0x08, 0x68, 0xC0, 0x68, 0xD0, 0x60, 0x22, 0x68, 0x08, 0x68, 0x00, 0x69, 0x10, 0x61, 0x22, 0x68
	.byte 0x08, 0x68, 0x40, 0x69, 0x50, 0x61, 0x22, 0x68, 0x08, 0x68, 0x80, 0x69, 0x90, 0x61, 0x22, 0x68
	.byte 0x08, 0x68, 0x40, 0x6B, 0x50, 0x63, 0x22, 0x68, 0x08, 0x68, 0x80, 0x6B, 0x90, 0x63, 0x22, 0x68
	.byte 0x08, 0x68, 0xC0, 0x6B, 0xD0, 0x63, 0x22, 0x68, 0x08, 0x68, 0x00, 0x6C, 0x10, 0x64, 0xF1, 0x6A
	.byte 0x8A, 0x88, 0x10, 0x1C, 0x40, 0x38, 0x00, 0x04, 0x00, 0x0C, 0x05, 0x28, 0x08, 0xD9, 0x10, 0x1C
	.byte 0x3B, 0x38, 0x00, 0x04, 0x00, 0x0C, 0x02, 0x28, 0x02, 0xD9, 0x30, 0x1C, 0x03, 0xF0, 0x60, 0xFF
	.byte 0xB2, 0x6A, 0x83, 0x21, 0x89, 0x00, 0x50, 0x18, 0x01, 0x78, 0x01, 0x20, 0x08, 0x40, 0x00, 0x28
	.byte 0x3C, 0xD0, 0x91, 0x88, 0x48, 0x1F, 0x00, 0x04, 0x00, 0x0C, 0x04, 0x28, 0x03, 0xD8, 0x10, 0x1C
	.byte 0x1F, 0xF0, 0xEC, 0xFF, 0x32, 0xE0, 0x08, 0x1C, 0x0A, 0x38, 0x00, 0x04, 0x00, 0x0C, 0x02, 0x28
	.byte 0x2C, 0xD8, 0x10, 0x1C, 0x19, 0xF0, 0xE2, 0xFB, 0x28, 0xE0, 0x80, 0x22, 0x92, 0x00, 0xB0, 0x18
	.byte 0x01, 0x68, 0x88, 0x88, 0x49, 0x38, 0x00, 0x04, 0x00, 0x0C, 0x02, 0x28, 0x1E, 0xD9, 0xDA, 0x22
	.byte 0x92, 0x00, 0x88, 0x18, 0x00, 0x68, 0x00, 0x78, 0x0A, 0x28, 0x03, 0xD1, 0x30, 0x1C, 0x05, 0xF0
	.byte 0x57, 0xF9, 0x13, 0xE0, 0xF1, 0x6A, 0x30, 0x1C, 0x04, 0xF0, 0x96, 0xFD, 0x0E, 0xE0, 0x09, 0x48
	.byte 0xE9, 0xF7, 0x2E, 0xFC, 0x87, 0x20, 0xE9, 0xF7, 0x2B, 0xFC, 0xDB, 0x20, 0xE9, 0xF7, 0x28, 0xFC
	.byte 0xDA, 0x20, 0xE9, 0xF7, 0x25, 0xFC, 0xDA, 0x20, 0xE9, 0xF7, 0x22, 0xFC
_0802FD64:
	pop {r4, r5, r6, r7}
	pop {r0}
	bx r0
	.byte 0x00, 0x00, 0x57, 0x01, 0x00, 0x00
	thumb_func_start sub_802FD70
sub_802FD70:
	push {r4, r5, r6, r7, lr}
	mov r7, r10
	mov r6, r9
	mov r5, r8
	push {r5, r6, r7}
	add sp, #-0x02C
	adds r5, r0, #0x0
	movs r0, #0x80
	lsls r0, r0, #0x02
	adds r6, r5, r0
	ldr r2, [r6, #0x00]
	movs r1, #0xD6
	lsls r1, r1, #0x02
	adds r0, r2, r1
	ldrb r1, [r0, #0x00]
	movs r0, #0x08
	ands r0, r1
	cmp r0, #0x00
	beq _0802FD98
	b _080303AA
_0802FD98:
	movs r3, #0x81
	lsls r3, r3, #0x02
	adds r4, r5, r3
	ldr r1, [r4, #0x00]
	adds r0, r2, #0x0
	bl sub_8047C18
	cmp r0, #0x00
	bne _0802FDC8
	ldr r0, [r6, #0x00]
	adds r0, #0x26
	ldrb r1, [r0, #0x00]
	movs r2, #0x0C
	adds r0, r2, #0x0
	ands r0, r1
	cmp r0, #0x00
	bne _0802FDC8
	ldr r0, [r4, #0x00]
	adds r0, #0x26
	ldrb r1, [r0, #0x00]
	adds r0, r2, #0x0
	ands r0, r1
	cmp r0, #0x00
	beq _0802FDEC
_0802FDC8:
	movs r1, #0x81
	lsls r1, r1, #0x02
	adds r0, r5, r1
	ldr r0, [r0, #0x00]
	movs r2, #0xDA
	lsls r2, r2, #0x02
	adds r0, r0, r2
	ldr r3, [r0, #0x00]
	ldrb r2, [r3, #0x16]
	lsls r0, r2, #0x19
	lsrs r0, r0, #0x19
	movs r1, #0x60
	orrs r1, r0
	movs r0, #0x80
	negs r0, r0
	ands r0, r2
	orrs r0, r1
	strb r0, [r3, #0x16]
_0802FDEC:
	movs r3, #0x80
	lsls r3, r3, #0x02
	adds r4, r5, r3
	ldr r0, [r4, #0x00]
	movs r1, #0x81
	lsls r1, r1, #0x02
	adds r6, r5, r1
	ldr r1, [r6, #0x00]
	bl sub_8047C18
	cmp r0, #0x00
	beq _0802FE34
	ldr r0, [r4, #0x00]
	ldr r2, [r0, #0x14]
	ldr r0, [r0, #0x18]
	adds r2, r2, r0
	ldr r3, [r6, #0x00]
	ldr r0, [r3, #0x14]
	ldr r1, [r3, #0x18]
	adds r0, r0, r1
	cmp r2, r0
	beq _0802FE34
	movs r2, #0xDA
	lsls r2, r2, #0x02
	adds r0, r3, r2
	ldr r3, [r0, #0x00]
	ldrb r2, [r3, #0x16]
	lsls r0, r2, #0x19
	lsrs r0, r0, #0x19
	movs r1, #0x10
	orrs r1, r0
	movs r0, #0x80
	negs r0, r0
	ands r0, r2
	orrs r0, r1
	strb r0, [r3, #0x16]
_0802FE34:
	movs r3, #0x80
	lsls r3, r3, #0x02
	adds r0, r5, r3
	ldr r1, [r0, #0x00]
	adds r0, r1, #0x0
	adds r0, #0x54
	ldrb r0, [r0, #0x00]
	cmp r0, #0x01
	bne _0802FE78
	ldrb r1, [r1, #0x01]
	lsls r1, r1, #0x18
	asrs r1, r1, #0x18
	movs r0, #0x01
	negs r0, r0
	cmp r1, r0
	beq _0802FE78
	movs r1, #0x81
	lsls r1, r1, #0x02
	adds r0, r5, r1
	ldr r0, [r0, #0x00]
	movs r2, #0xDA
	lsls r2, r2, #0x02
	adds r0, r0, r2
	ldr r3, [r0, #0x00]
	ldrb r2, [r3, #0x16]
	lsls r0, r2, #0x19
	lsrs r0, r0, #0x19
	movs r1, #0x20
	orrs r1, r0
	movs r0, #0x80
	negs r0, r0
	ands r0, r2
	orrs r0, r1
	strb r0, [r3, #0x16]
_0802FE78:
	movs r3, #0x80
	lsls r3, r3, #0x02
	adds r4, r5, r3
	ldr r0, [r4, #0x00]
	bl sub_804D0EC
	lsls r0, r0, #0x18
	cmp r0, #0x00
	beq _0802FEAE
	movs r1, #0x81
	lsls r1, r1, #0x02
	adds r0, r5, r1
	ldr r0, [r0, #0x00]
	movs r2, #0xDA
	lsls r2, r2, #0x02
	adds r0, r0, r2
	ldr r3, [r0, #0x00]
	ldrb r2, [r3, #0x16]
	lsls r0, r2, #0x19
	lsrs r0, r0, #0x19
	movs r1, #0x20
	orrs r1, r0
	movs r0, #0x80
	negs r0, r0
	ands r0, r2
	orrs r0, r1
	strb r0, [r3, #0x16]
_0802FEAE:
	ldr r2, [r4, #0x00]
	ldr r3, _0802FEE8 @ =0x0000035B
	adds r0, r2, r3
	ldrb r1, [r0, #0x00]
	movs r0, #0x10
	ands r0, r1
	cmp r0, #0x00
	beq _0802FEC0
	b _080300C4
_0802FEC0:
	adds r0, r2, #0x0
	adds r0, #0x24
	ldrb r4, [r0, #0x00]
	movs r1, #0x07
	movs r2, #0x81
	lsls r2, r2, #0x02
	adds r0, r5, r2
	ldr r3, [r0, #0x00]
	adds r0, r3, #0x0
	adds r0, #0x24
	ldrb r2, [r0, #0x00]
	adds r0, r1, #0x0
	ands r0, r4
	ands r1, r2
	cmp r0, r1
	beq _0802FEEC
	movs r1, #0xDA
	lsls r1, r1, #0x02
	adds r0, r3, r1
	b _080300AE
_0802FEE8: .4byte 0x0000035B
_0802FEEC:
	lsls r0, r4, #0x1D
	lsrs r0, r0, #0x1D
	cmp r0, #0x07
	bls _0802FEF6
	b _080300C4
_0802FEF6:
	lsls r0, r0, #0x02
	ldr r1, _0802FF00 @ =0x0802FF04
	adds r0, r0, r1
	ldr r0, [r0, #0x00]
	mov pc, r0
_0802FF00: .4byte 0x0802FF04
	.byte 0x24, 0xFF, 0x02, 0x08, 0x50, 0xFF, 0x02, 0x08, 0x7C, 0xFF, 0x02, 0x08, 0xB0, 0xFF, 0x02, 0x08
	.byte 0xDC, 0xFF, 0x02, 0x08, 0x08, 0x00, 0x03, 0x08, 0x44, 0x00, 0x03, 0x08, 0x74, 0x00, 0x03, 0x08
	.byte 0x80, 0x22, 0x92, 0x00, 0xA8, 0x18, 0x04, 0x68, 0xE1, 0x68, 0x07, 0x4B, 0x19, 0x40, 0x04, 0x32
	.byte 0xA8, 0x18, 0x02, 0x68, 0xD0, 0x68, 0x18, 0x40, 0x81, 0x42, 0x00, 0xD0, 0xB2, 0xE0, 0x21, 0x69
	.byte 0x19, 0x40, 0x80, 0x20, 0x40, 0x01, 0xA8, 0xE0, 0x00, 0xFF, 0xFF, 0xFF, 0x80, 0x22, 0x92, 0x00
	.byte 0xA8, 0x18, 0x04, 0x68, 0xE1, 0x68, 0x06, 0x4B, 0x19, 0x40, 0x06, 0x48, 0x09, 0x18, 0x04, 0x32
	.byte 0xA8, 0x18, 0x02, 0x68, 0xD0, 0x68, 0x18, 0x40, 0x81, 0x42, 0x00, 0xDA, 0x9A, 0xE0, 0x90, 0xE0
	.byte 0x00, 0xFF, 0xFF, 0xFF, 0x00, 0xF4, 0xFF, 0xFF, 0x80, 0x22, 0x92, 0x00, 0xA8, 0x18, 0x04, 0x68
	.byte 0x21, 0x69, 0x08, 0x4B, 0x19, 0x40, 0x04, 0x32, 0xA8, 0x18, 0x02, 0x68, 0x10, 0x69, 0x18, 0x40
	.byte 0x81, 0x42, 0x00, 0xD0, 0x86, 0xE0, 0xE1, 0x68, 0x19, 0x40, 0x03, 0x48, 0x09, 0x18, 0xD0, 0x68
	.byte 0x46, 0xE0, 0x00, 0x00, 0x00, 0xFF, 0xFF, 0xFF, 0x00, 0xF0, 0xFF, 0xFF, 0x80, 0x22, 0x92, 0x00
	.byte 0xA8, 0x18, 0x04, 0x68, 0xE1, 0x68, 0x06, 0x4B, 0x19, 0x40, 0x06, 0x48, 0x09, 0x18, 0x04, 0x32
	.byte 0xA8, 0x18, 0x02, 0x68, 0xD0, 0x68, 0x18, 0x40, 0x81, 0x42, 0x6B, 0xDB, 0x2B, 0xE0, 0x00, 0x00
	.byte 0x00, 0xFF, 0xFF, 0xFF, 0x00, 0xF4, 0xFF, 0xFF, 0x80, 0x22, 0x92, 0x00, 0xA8, 0x18, 0x04, 0x68
	.byte 0xE1, 0x68, 0x06, 0x4B, 0x19, 0x40, 0x04, 0x32, 0xA8, 0x18, 0x02, 0x68, 0xD0, 0x68, 0x18, 0x40
	.byte 0x81, 0x42, 0x57, 0xD1, 0x21, 0x69, 0x19, 0x40, 0x01, 0x48, 0x17, 0xE0, 0x00, 0xFF, 0xFF, 0xFF
	.byte 0x00, 0xF0, 0xFF, 0xFF, 0x80, 0x22, 0x92, 0x00, 0xA8, 0x18, 0x04, 0x68, 0xE1, 0x68, 0x0A, 0x4B
	.byte 0x19, 0x40, 0xC0, 0x20, 0x00, 0x01, 0x09, 0x18, 0x04, 0x32, 0xA8, 0x18, 0x02, 0x68, 0xD0, 0x68
	.byte 0x18, 0x40, 0x81, 0x42, 0x3E, 0xDC, 0x21, 0x69, 0x19, 0x40, 0x04, 0x48, 0x09, 0x18, 0x10, 0x69
	.byte 0x18, 0x40, 0x81, 0x42, 0x44, 0xDA, 0x35, 0xE0, 0x00, 0xFF, 0xFF, 0xFF, 0x00, 0xF4, 0xFF, 0xFF
	.byte 0x80, 0x22, 0x92, 0x00, 0xA8, 0x18, 0x04, 0x68, 0x21, 0x69, 0x08, 0x4B, 0x19, 0x40, 0x04, 0x32
	.byte 0xA8, 0x18, 0x02, 0x68, 0x10, 0x69, 0x18, 0x40, 0x81, 0x42, 0x23, 0xD1, 0xE1, 0x68, 0x19, 0x40
	.byte 0x80, 0x20, 0x40, 0x01, 0x09, 0x18, 0xD0, 0x68, 0x19, 0xE0, 0x00, 0x00, 0x00, 0xFF, 0xFF, 0xFF
	.byte 0x80, 0x22, 0x92, 0x00, 0xA8, 0x18, 0x04, 0x68, 0xE1, 0x68, 0x50, 0x4B, 0x19, 0x40, 0xC0, 0x20
	.byte 0x00, 0x01, 0x09, 0x18, 0x04, 0x32, 0xA8, 0x18, 0x02, 0x68, 0xD0, 0x68, 0x18, 0x40, 0x81, 0x42
	.byte 0x08, 0xDC, 0x21, 0x69, 0x19, 0x40, 0xC0, 0x20, 0x00, 0x01, 0x09, 0x18, 0x10, 0x69, 0x18, 0x40
	.byte 0x81, 0x42, 0x0D, 0xDD, 0xDA, 0x21, 0x89, 0x00, 0x50, 0x18
_080300AE:
	ldr r3, [r0, #0x00]
	ldrb r2, [r3, #0x16]
	lsls r0, r2, #0x19
	lsrs r0, r0, #0x19
	movs r1, #0x60
	orrs r1, r0
	movs r0, #0x80
	negs r0, r0
	ands r0, r2
	orrs r0, r1
	strb r0, [r3, #0x16]
_080300C4:
	movs r2, #0x00
	mov r9, r2
	mov r3, sp
	adds r3, #0x14
	str r3, [sp, #0x01C]
	mov r0, sp
	adds r0, #0x18
	str r0, [sp, #0x020]
	add r1, sp, #0x008
	mov r10, r1
	mov r2, sp
	adds r2, #0x0C
	str r2, [sp, #0x024]
	movs r3, #0x80
	lsls r3, r3, #0x02
	adds r7, r5, r3
	movs r0, #0x81
	lsls r0, r0, #0x02
	adds r6, r5, r0
	movs r1, #0x80
	negs r1, r1
	mov r8, r1
_080300F0:
	movs r2, #0xC1
	lsls r2, r2, #0x02
	adds r0, r5, r2
	ldr r0, [r0, #0x00]
	ldr r4, [r7, #0x00]
	ldr r3, _080301C4 @ =0x0839FA48
	mov r2, r9
	lsls r1, r2, #0x02
	adds r1, r1, r3
	movs r2, #0x00
	ldsh r1, [r1, r2]
	mov r12, r1
	ldr r1, [r4, #0x0C]
	add r1, r12
	mov r2, r9
	lsls r2, r2, #0x01
	mov r12, r2
	adds r2, #0x01
	lsls r2, r2, #0x01
	adds r2, r2, r3
	mov r12, r2
	movs r3, #0x00
	ldsh r2, [r2, r3]
	mov r12, r2
	ldr r2, [r4, #0x10]
	add r2, r12
	str r2, [sp, #0x028]
	ldr r2, [sp, #0x01C]
	str r2, [sp, #0x000]
	ldr r3, [sp, #0x020]
	str r3, [sp, #0x004]
	movs r2, #0x00
	mov r3, r10
	strb r2, [r3, #0x00]
	ldr r2, _080301C8 @ =0x0000020D
	adds r4, r4, r2
	ldrb r3, [r4, #0x00]
	lsrs r3, r3, #0x03
	movs r4, #0x01
	ands r3, r4
	ldr r2, [sp, #0x024]
	strb r3, [r2, #0x00]
	ldr r2, [sp, #0x028]
	add r3, sp, #0x010
	bl sub_803FBA4
	adds r4, r0, #0x0
	ldr r2, [r7, #0x00]
	ldr r1, [r2, #0x14]
	ldr r0, [sp, #0x010]
	cmp r1, r0
	bne _080301D0
	ldr r0, [r4, #0x00]
	lsls r0, r0, #0x1D
	lsrs r0, r0, #0x1D
	cmp r0, #0x03
	bls _0803017E
	ldr r0, [r6, #0x00]
	movs r3, #0xDA
	lsls r3, r3, #0x02
	adds r0, r0, r3
	ldr r3, [r0, #0x00]
	ldrb r2, [r3, #0x16]
	lsls r0, r2, #0x19
	lsrs r0, r0, #0x19
	movs r1, #0x60
	orrs r1, r0
	mov r0, r8
	ands r2, r0
	orrs r2, r1
	strb r2, [r3, #0x16]
_0803017E:
	ldr r1, _080301CC @ =0x00000246
	adds r0, r5, r1
	ldrb r1, [r0, #0x00]
	movs r0, #0x1C
	ands r0, r1
	cmp r0, #0x00
	bne _08030264
	ldr r0, [r7, #0x00]
	adds r0, #0x54
	ldrb r0, [r0, #0x00]
	cmp r0, #0x01
	bne _08030264
	ldrb r1, [r4, #0x00]
	movs r4, #0x7F
	movs r0, #0x7F
	ands r0, r1
	cmp r0, #0x09
	bne _08030264
	ldr r0, [r6, #0x00]
	movs r2, #0xDA
	lsls r2, r2, #0x02
	adds r0, r0, r2
	ldr r3, [r0, #0x00]
	ldrb r2, [r3, #0x16]
	lsls r0, r2, #0x19
	lsrs r0, r0, #0x19
	movs r1, #0x20
	orrs r0, r1
	ands r0, r4
	mov r1, r8
	ands r2, r1
	orrs r2, r0
	b _08030262
	.byte 0x00, 0xFF, 0xFF, 0xFF
_080301C4: .4byte 0x0839FA48
_080301C8: .4byte 0x0000020D
_080301CC: .4byte 0x00000246
_080301D0:
	ldr r0, [sp, #0x018]
	cmp r1, r0
	bne _08030230
	ldr r0, [r4, #0x00]
	lsls r0, r0, #0x0C
	lsrs r0, r0, #0x1C
	subs r0, #0x04
	cmp r0, #0x02
	bhi _080301FE
	ldr r0, [r6, #0x00]
	movs r2, #0xDA
	lsls r2, r2, #0x02
	adds r0, r0, r2
	ldr r3, [r0, #0x00]
	ldrb r2, [r3, #0x16]
	lsls r0, r2, #0x19
	lsrs r0, r0, #0x19
	movs r1, #0x60
	orrs r1, r0
	mov r0, r8
	ands r2, r0
	orrs r2, r1
	strb r2, [r3, #0x16]
_080301FE:
	ldr r1, _08030224 @ =0x00000246
	adds r0, r5, r1
	ldrb r1, [r0, #0x00]
	movs r0, #0x1C
	ands r0, r1
	cmp r0, #0x00
	bne _08030264
	ldr r0, [r7, #0x00]
	adds r0, #0x54
	ldrb r0, [r0, #0x00]
	cmp r0, #0x01
	bne _08030264
	ldr r0, [r4, #0x00]
	ldr r1, _08030228 @ =0x000F0078
	ands r0, r1
	ldr r1, _0803022C @ =0x00010008
	cmp r0, r1
	bne _08030264
	b _08030248
_08030224: .4byte 0x00000246
_08030228: .4byte 0x000F0078
_0803022C: .4byte 0x00010008
_08030230:
	ldr r1, _080302B0 @ =0x00000246
	adds r0, r5, r1
	ldrb r1, [r0, #0x00]
	movs r0, #0x1C
	ands r0, r1
	cmp r0, #0x00
	bne _08030264
	adds r0, r2, #0x0
	adds r0, #0x54
	ldrb r0, [r0, #0x00]
	cmp r0, #0x01
	bne _08030264
_08030248:
	ldr r0, [r6, #0x00]
	movs r2, #0xDA
	lsls r2, r2, #0x02
	adds r0, r0, r2
	ldr r3, [r0, #0x00]
	ldrb r2, [r3, #0x16]
	lsls r0, r2, #0x19
	lsrs r0, r0, #0x19
	movs r1, #0x20
	orrs r1, r0
	mov r0, r8
	ands r2, r0
	orrs r2, r1
_08030262:
	strb r2, [r3, #0x16]
_08030264:
	movs r1, #0x01
	add r9, r1
	mov r2, r9
	cmp r2, #0x03
	bhi _08030270
	b _080300F0
_08030270:
	movs r3, #0xAE
	lsls r3, r3, #0x02
	adds r0, r5, r3
	ldrb r1, [r0, #0x00]
	movs r0, #0x10
	ands r0, r1
	cmp r0, #0x00
	beq _080302B4
	movs r1, #0x80
	lsls r1, r1, #0x02
	adds r0, r5, r1
	ldr r0, [r0, #0x00]
	movs r4, #0xDA
	lsls r4, r4, #0x02
	adds r0, r0, r4
	ldr r3, [r0, #0x00]
	ldrb r2, [r3, #0x16]
	movs r1, #0x7F
	adds r0, r1, #0x0
	ands r0, r2
	strb r0, [r3, #0x16]
	movs r2, #0x81
	lsls r2, r2, #0x02
	adds r0, r5, r2
	ldr r0, [r0, #0x00]
	adds r0, r0, r4
	ldr r2, [r0, #0x00]
	ldrb r0, [r2, #0x16]
	ands r1, r0
	strb r1, [r2, #0x16]
	b _080303AA
	.byte 0x00, 0x00
_080302B0: .4byte 0x00000246
_080302B4:
	ldr r3, _080303BC @ =0x0839F930
	movs r0, #0x80
	lsls r0, r0, #0x02
	adds r6, r5, r0
	ldr r0, [r6, #0x00]
	movs r1, #0xDA
	lsls r1, r1, #0x02
	mov r8, r1
	add r0, r8
	ldr r1, [r0, #0x00]
	ldrb r0, [r1, #0x02]
	lsls r0, r0, #0x01
	adds r0, r0, r3
	ldrb r4, [r0, #0x00]
	ldrb r2, [r1, #0x16]
	movs r0, #0x7F
	ands r0, r2
	strb r0, [r1, #0x16]
	ldr r7, [r6, #0x00]
	mov r2, r8
	adds r0, r7, r2
	ldr r1, [r0, #0x00]
	ldrb r0, [r1, #0x16]
	lsls r0, r0, #0x19
	lsrs r0, r0, #0x19
	ands r4, r0
	mov r9, r3
	cmp r4, #0x00
	beq _0803032C
	ldrb r1, [r1, #0x17]
	movs r0, #0x80
	ands r0, r1
	lsls r0, r0, #0x18
	lsrs r2, r0, #0x18
	cmp r2, #0x00
	bne _0803031E
	ldr r0, [r5, #0x1C]
	ldr r0, [r0, #0x10]
	ldr r0, [r0, #0x08]
	movs r3, #0x88
	lsls r3, r3, #0x05
	adds r0, r0, r3
	adds r1, r7, #0x0
	adds r1, #0x54
	ldrb r1, [r1, #0x00]
	lsls r1, r1, #0x0A
	ldr r3, _080303C0 @ =0x06010FC0
	adds r1, r1, r3
	str r2, [sp, #0x000]
	movs r2, #0x80
	movs r3, #0x20
	bl sub_8018218
_0803031E:
	ldr r0, [r6, #0x00]
	add r0, r8
	ldr r2, [r0, #0x00]
	ldrb r0, [r2, #0x16]
	movs r1, #0x80
	orrs r0, r1
	strb r0, [r2, #0x16]
_0803032C:
	movs r0, #0x81
	lsls r0, r0, #0x02
	adds r6, r5, r0
	ldr r0, [r6, #0x00]
	movs r7, #0xDA
	lsls r7, r7, #0x02
	adds r0, r0, r7
	ldr r2, [r0, #0x00]
	ldrb r1, [r2, #0x02]
	lsls r1, r1, #0x01
	movs r3, #0x82
	lsls r3, r3, #0x02
	adds r0, r5, r3
	ldrb r0, [r0, #0x00]
	lsls r0, r0, #0x1B
	lsrs r0, r0, #0x1F
	adds r1, r1, r0
	add r1, r9
	ldrb r4, [r1, #0x00]
	ldrb r1, [r2, #0x16]
	movs r0, #0x7F
	ands r0, r1
	strb r0, [r2, #0x16]
	ldr r3, [r6, #0x00]
	adds r0, r3, r7
	ldr r1, [r0, #0x00]
	ldrb r0, [r1, #0x16]
	lsls r0, r0, #0x19
	lsrs r0, r0, #0x19
	ands r4, r0
	cmp r4, #0x00
	beq _080303AA
	ldrb r1, [r1, #0x17]
	movs r0, #0x80
	ands r0, r1
	lsls r0, r0, #0x18
	lsrs r2, r0, #0x18
	cmp r2, #0x00
	bne _0803039C
	ldr r0, [r5, #0x1C]
	ldr r0, [r0, #0x10]
	ldr r0, [r0, #0x08]
	movs r1, #0x88
	lsls r1, r1, #0x05
	adds r0, r0, r1
	adds r1, r3, #0x0
	adds r1, #0x54
	ldrb r1, [r1, #0x00]
	lsls r1, r1, #0x0A
	ldr r3, _080303C0 @ =0x06010FC0
	adds r1, r1, r3
	str r2, [sp, #0x000]
	movs r2, #0x80
	movs r3, #0x20
	bl sub_8018218
_0803039C:
	ldr r0, [r6, #0x00]
	adds r0, r0, r7
	ldr r2, [r0, #0x00]
	ldrb r0, [r2, #0x16]
	movs r1, #0x80
	orrs r0, r1
	strb r0, [r2, #0x16]
_080303AA:
	add sp, #0x02C
	pop {r3, r4, r5}
	mov r8, r3
	mov r9, r4
	mov r10, r5
	pop {r4, r5, r6, r7}
	pop {r0}
	bx r0
	.byte 0x00, 0x00
_080303BC: .4byte 0x0839F930
_080303C0: .4byte 0x06010FC0
	thumb_func_start sub_80303C4
sub_80303C4:
	push {r4, r5, r6, r7, lr}
	adds r5, r0, #0x0
	adds r6, r1, #0x0
	movs r0, #0x87
	lsls r0, r0, #0x01
	adds r2, r5, r0
	ldrb r0, [r2, #0x00]
	cmp r0, #0x00
	beq _080303EC
	ldr r1, _080303E8 @ =0x00000352
	adds r0, r6, r1
	ldrb r1, [r0, #0x00]
	movs r0, #0x80
	ands r0, r1
	cmp r0, #0x00
	beq _080303EC
	ldrb r4, [r2, #0x00]
	b _080303FC
_080303E8: .4byte 0x00000352
_080303EC:
	movs r7, #0x88
	lsls r7, r7, #0x01
	adds r1, r5, r7
	ldrb r0, [r1, #0x00]
	movs r4, #0x00
	cmp r0, #0x00
	beq _080303FC
	adds r4, r0, #0x0
_080303FC:
	cmp r4, #0x00
	ble _08030426
	movs r1, #0xCE
	lsls r1, r1, #0x02
	adds r0, r6, r1
	ldr r3, [r0, #0x00]
	adds r3, #0x60
	movs r7, #0x00
	ldsh r0, [r3, r7]
	adds r0, r6, r0
	lsls r1, r4, #0x02
	adds r1, #0x28
	adds r1, r5, r1
	ldr r7, _08030480 @ =0x0000010B
	adds r2, r5, r7
	ldrb r2, [r2, #0x00]
	subs r2, r2, r4
	ldr r4, [r3, #0x04]
	movs r3, #0x00
	bl _call_via_r4
_08030426:
	movs r0, #0x8A
	lsls r0, r0, #0x01
	adds r1, r5, r0
	ldrb r0, [r1, #0x00]
	cmp r0, #0x00
	bne _0803044C
	movs r7, #0x8B
	lsls r7, r7, #0x01
	adds r1, r5, r7
	ldrb r0, [r1, #0x00]
	cmp r0, #0x00
	bne _0803044C
	movs r0, #0x8D
	lsls r0, r0, #0x01
	adds r1, r5, r0
	ldrb r0, [r1, #0x00]
	movs r4, #0x00
	cmp r0, #0x00
	beq _0803044E
_0803044C:
	adds r4, r0, #0x0
_0803044E:
	cmp r4, #0x00
	ble _08030478
	movs r1, #0xCE
	lsls r1, r1, #0x02
	adds r0, r6, r1
	ldr r3, [r0, #0x00]
	adds r3, #0x60
	movs r7, #0x00
	ldsh r0, [r3, r7]
	adds r0, r6, r0
	lsls r1, r4, #0x02
	adds r1, #0x28
	adds r1, r5, r1
	ldr r6, _08030480 @ =0x0000010B
	adds r2, r5, r6
	ldrb r2, [r2, #0x00]
	subs r2, r2, r4
	ldr r4, [r3, #0x04]
	movs r3, #0x00
	bl _call_via_r4
_08030478:
	pop {r4, r5, r6, r7}
	pop {r0}
	bx r0
	.byte 0x00, 0x00
_08030480: .4byte 0x0000010B
	thumb_func_start sub_8030484
sub_8030484:
	push {r4, r5, r6, r7, lr}
	mov r7, r9
	mov r6, r8
	push {r6, r7}
	add sp, #-0x00C
	adds r7, r0, #0x0
	movs r1, #0x01
	movs r2, #0x01
	bl sub_802C4D4
	movs r0, #0x80
	lsls r0, r0, #0x02
	adds r4, r7, r0
	ldr r0, [r4, #0x00]
	bl sub_804FC90
	ldr r1, [r4, #0x00]
	adds r0, r7, #0x0
	movs r2, #0x00
	movs r3, #0x00
	bl sub_802DDB4
	ldr r1, _08030654 @ =0x00000246
	adds r2, r7, r1
	ldrb r1, [r2, #0x00]
	movs r0, #0x03
	negs r0, r0
	ands r0, r1
	strb r0, [r2, #0x00]
	movs r2, #0x81
	lsls r2, r2, #0x02
	adds r4, r7, r2
	ldr r0, [r4, #0x00]
	ldr r0, [r0, #0x0C]
	cmp r0, #0x00
	bge _080304CE
	adds r0, #0xFF
_080304CE:
	asrs r0, r0, #0x08
	movs r3, #0x92
	lsls r3, r3, #0x02
	adds r1, r7, r3
	strh r0, [r1, #0x00]
	ldr r0, [r4, #0x00]
	ldr r1, [r0, #0x10]
	cmp r1, #0x00
	bge _080304E2
	adds r1, #0xFF
_080304E2:
	asrs r1, r1, #0x08
	ldr r6, _08030658 @ =0x0000024A
	adds r0, r7, r6
	strh r1, [r0, #0x00]
	ldr r1, [r4, #0x00]
	ldr r0, [r1, #0x0C]
	ldr r2, _0803065C @ =0xFFFFFF00
	ands r0, r2
	str r0, [r1, #0x0C]
	ldr r1, [r4, #0x00]
	ldr r0, [r1, #0x10]
	ands r0, r2
	str r0, [r1, #0x10]
	ldr r1, [r4, #0x00]
	ldr r0, [r1, #0x0C]
	str r0, [r1, #0x34]
	ldr r1, [r4, #0x00]
	ldr r0, [r1, #0x10]
	str r0, [r1, #0x38]
	ldr r6, [r4, #0x00]
	movs r0, #0x80
	lsls r0, r0, #0x02
	adds r0, r0, r7
	mov r12, r0
	ldr r3, [r0, #0x00]
	ldr r5, [r3, #0x0C]
	ldr r1, _08030660 @ =0xFFFFFC00
	adds r0, r5, r1
	ldr r2, [r6, #0x0C]
	cmp r2, r0
	blt _08030548
	movs r1, #0x80
	lsls r1, r1, #0x03
	adds r0, r5, r1
	cmp r2, r0
	bgt _08030548
	ldr r3, [r3, #0x10]
	ldr r2, _08030660 @ =0xFFFFFC00
	adds r0, r3, r2
	ldr r2, [r6, #0x10]
	cmp r2, r0
	blt _08030548
	adds r0, r3, r1
	cmp r2, r0
	bgt _08030548
	str r5, [r6, #0x0C]
	ldr r0, [r4, #0x00]
	mov r3, r12
	ldr r1, [r3, #0x00]
	ldr r1, [r1, #0x10]
	str r1, [r0, #0x10]
_08030548:
	movs r0, #0x81
	lsls r0, r0, #0x02
	adds r6, r7, r0
	ldr r0, [r6, #0x00]
	movs r1, #0xDA
	lsls r1, r1, #0x02
	adds r0, r0, r1
	ldr r2, [r0, #0x00]
	movs r3, #0x80
	lsls r3, r3, #0x02
	adds r5, r7, r3
	ldr r0, [r5, #0x00]
	adds r0, r0, r1
	ldr r1, [r0, #0x00]
	movs r0, #0x03
	strb r0, [r1, #0x00]
	strb r0, [r2, #0x00]
	ldr r2, [r6, #0x00]
	ldr r1, [r5, #0x00]
	movs r0, #0x10
	strh r0, [r1, #0x04]
	strh r0, [r2, #0x04]
	ldr r2, [r6, #0x00]
	ldr r1, [r5, #0x00]
	ldr r4, _08030664 @ =0x00000351
	adds r1, r1, r4
	ldrb r0, [r1, #0x00]
	movs r3, #0x40
	orrs r0, r3
	strb r0, [r1, #0x00]
	adds r2, r2, r4
	ldrb r0, [r2, #0x00]
	orrs r0, r3
	strb r0, [r2, #0x00]
	ldr r2, [r6, #0x00]
	ldr r1, [r5, #0x00]
	adds r4, #0x07
	adds r1, r1, r4
	ldrb r0, [r1, #0x00]
	movs r3, #0x08
	orrs r0, r3
	strb r0, [r1, #0x00]
	adds r2, r2, r4
	ldrb r0, [r2, #0x00]
	orrs r0, r3
	strb r0, [r2, #0x00]
	movs r0, #0x20
	mov r12, r0
	ldr r0, [r5, #0x00]
	ldr r1, [r6, #0x00]
	ldr r3, [r0, #0x14]
	ldr r2, [r1, #0x14]
	cmp r3, r2
	ble _080305CC
	adds r0, #0x26
	ldrb r0, [r0, #0x00]
	adds r1, #0x26
	ldrb r1, [r1, #0x00]
	ands r0, r1
	lsls r0, r0, #0x1A
	lsrs r0, r0, #0x1E
	cmp r0, #0x00
	beq _080305CC
	subs r0, r3, r2
	adds r0, #0x20
	mov r12, r0
_080305CC:
	movs r1, #0x80
	lsls r1, r1, #0x02
	adds r1, r1, r7
	mov r8, r1
	ldr r0, [r1, #0x00]
	ldr r2, [r0, #0x14]
	ldr r0, [r0, #0x18]
	adds r2, r2, r0
	movs r3, #0x81
	lsls r3, r3, #0x02
	adds r5, r7, r3
	ldr r4, [r5, #0x00]
	ldr r0, [r4, #0x14]
	ldr r1, [r4, #0x18]
	adds r0, r0, r1
	subs r0, r2, r0
	cmp r0, #0x00
	bge _080305F2
	adds r0, #0xFF
_080305F2:
	asrs r0, r0, #0x08
	adds r1, r0, #0x0
	adds r1, #0x20
	cmp r1, r12
	ble _080305FE
	mov r1, r12
_080305FE:
	movs r6, #0xFB
	adds r6, r6, r7
	mov r9, r6
	ldrb r0, [r6, #0x00]
	lsls r0, r0, #0x1D
	lsrs r0, r0, #0x1F
	movs r2, #0xEE
	asrs r2, r0
	movs r3, #0x80
	lsls r3, r3, #0x01
	adds r0, r7, r3
	movs r3, #0x00
	ldsh r6, [r0, r3]
	mov r12, r6
	adds r0, r4, #0x0
	mov r3, r12
	bl sub_80400B0
	ldr r2, [r5, #0x00]
	mov r6, r8
	ldr r0, [r6, #0x00]
	ldr r3, [r0, #0x0C]
	cmp r3, #0x00
	bge _08030630
	adds r3, #0xFF
_08030630:
	asrs r3, r3, #0x08
	ldr r0, [r0, #0x10]
	cmp r0, #0x00
	bge _0803063A
	adds r0, #0xFF
_0803063A:
	asrs r0, r0, #0x08
	str r0, [sp, #0x000]
	movs r0, #0x00
	str r0, [sp, #0x004]
	mov r0, r9
	ldrb r1, [r0, #0x00]
	movs r0, #0x04
	ands r0, r1
	cmp r0, #0x00
	beq _08030668
	movs r0, #0x0E
	b _0803066A
	.byte 0x00, 0x00
_08030654: .4byte 0x00000246
_08030658: .4byte 0x0000024A
_0803065C: .4byte 0xFFFFFF00
_08030660: .4byte 0xFFFFFC00
_08030664: .4byte 0x00000351
_08030668:
	movs r0, #0x08
_0803066A:
	str r0, [sp, #0x008]
	adds r0, r2, #0x0
	movs r1, #0x02
	movs r2, #0x00
	bl sub_8045A94
	ldr r1, _0803069C @ =0x0000020B
	adds r2, r7, r1
	ldrb r0, [r2, #0x00]
	movs r1, #0x80
	orrs r0, r1
	strb r0, [r2, #0x00]
	movs r1, #0x01
	negs r1, r1
	movs r0, #0x2B
	bl play_sfx_80195B4
	add sp, #0x00C
	pop {r3, r4}
	mov r8, r3
	mov r9, r4
	pop {r4, r5, r6, r7}
	pop {r0}
	bx r0
	.byte 0x00, 0x00
_0803069C: .4byte 0x0000020B
	thumb_func_start sub_80306A0
sub_80306A0:
	push {r4, r5, r6, r7, lr}
	mov r7, r9
	mov r6, r8
	push {r6, r7}
	add sp, #-0x00C
	adds r7, r0, #0x0
	movs r1, #0x81
	lsls r1, r1, #0x02
	adds r0, r7, r1
	ldr r0, [r0, #0x00]
	ldrh r0, [r0, #0x04]
	subs r0, #0x10
	lsls r0, r0, #0x10
	asrs r0, r0, #0x10
	cmp r0, #0x0C
	bhi _080307B0
	lsls r0, r0, #0x02
	ldr r1, _080306CC @ =0x080306D0
	adds r0, r0, r1
	ldr r0, [r0, #0x00]
	mov pc, r0
	.byte 0x00, 0x00
_080306CC: .4byte 0x080306D0
	.byte 0x04, 0x07, 0x03, 0x08, 0x04, 0x07, 0x03, 0x08, 0x04, 0x07, 0x03, 0x08, 0x04, 0x07, 0x03, 0x08
	.byte 0x40, 0x07, 0x03, 0x08, 0x40, 0x07, 0x03, 0x08, 0x40, 0x07, 0x03, 0x08, 0x04, 0x07, 0x03, 0x08
	.byte 0x04, 0x07, 0x03, 0x08, 0x94, 0x07, 0x03, 0x08, 0x94, 0x07, 0x03, 0x08, 0x04, 0x07, 0x03, 0x08
	.byte 0x04, 0x07, 0x03, 0x08, 0x81, 0x22, 0x92, 0x00, 0xBC, 0x18, 0x20, 0x68, 0x0F, 0xF0, 0xDA, 0xFD
	.byte 0x20, 0x68, 0x3D, 0x1C, 0x28, 0x35, 0x29, 0x1C, 0x15, 0xF0, 0x4C, 0xFD, 0x07, 0x4B, 0xF8, 0x18
	.byte 0x01, 0x78, 0x02, 0x20, 0x08, 0x40, 0x00, 0x28, 0x42, 0xD0, 0x20, 0x68, 0x0F, 0xF0, 0xCA, 0xFD
	.byte 0x20, 0x68, 0x29, 0x1C, 0x15, 0xF0, 0x3E, 0xFD, 0x3A, 0xE0, 0x00, 0x00, 0x0A, 0x02, 0x00, 0x00
	.byte 0x12, 0x49, 0x94, 0x24, 0xA4, 0x00, 0x38, 0x19, 0x00, 0x78, 0x00, 0x06, 0x00, 0x16, 0x40, 0x18
	.byte 0x00, 0x22, 0x82, 0x56, 0x12, 0x02, 0x81, 0x26, 0xB6, 0x00, 0xBB, 0x19, 0x1C, 0x68, 0x80, 0x20
	.byte 0x80, 0x00, 0x39, 0x18, 0x08, 0x68, 0x40, 0x69, 0x60, 0x61, 0x1B, 0x68, 0x08, 0x68, 0x80, 0x69
	.byte 0x80, 0x18, 0x07, 0x4C, 0x00, 0x19, 0x98, 0x61, 0x08, 0x68, 0x90, 0x36, 0x80, 0x19, 0x01, 0x68
	.byte 0x00, 0x2A, 0x00, 0xDA, 0x1F, 0x32, 0x50, 0x11, 0xC8, 0x80, 0x11, 0xE0, 0x30, 0xF6, 0x39, 0x08
	.byte 0x00, 0xFC, 0xFF, 0xFF, 0x38, 0x1C, 0xD0, 0x30, 0x01, 0x68, 0x38, 0x1C, 0xFB, 0xF7, 0x64, 0xFC
	.byte 0x80, 0x21, 0x89, 0x00, 0x78, 0x18, 0x00, 0x68, 0x39, 0x1C, 0x28, 0x31, 0x1F, 0xF0, 0x5C, 0xFB
_080307B0:
	movs r2, #0x80
	lsls r2, r2, #0x02
	adds r6, r7, r2
	ldr r1, [r6, #0x00]
	adds r0, r7, #0x0
	bl sub_80303C4
	ldr r0, [r6, #0x00]
	bl sub_80465D8
	ldr r0, [r6, #0x00]
	movs r3, #0xCE
	lsls r3, r3, #0x02
	adds r1, r0, r3
	ldr r1, [r1, #0x00]
	adds r1, #0x68
	movs r4, #0x00
	ldsh r2, [r1, r4]
	adds r0, r0, r2
	ldr r1, [r1, #0x04]
	bl _call_via_r1
	ldr r0, [r6, #0x00]
	adds r4, r7, #0x0
	adds r4, #0x28
	adds r1, r4, #0x0
	movs r2, #0x00
	movs r3, #0x00
	bl sub_804FB64
	movs r0, #0x81
	lsls r0, r0, #0x02
	adds r5, r7, r0
	ldr r1, [r5, #0x00]
	ldrh r0, [r1, #0x04]
	subs r0, #0x19
	lsls r0, r0, #0x10
	lsrs r0, r0, #0x10
	cmp r0, #0x01
	bhi _08030868
	ldr r0, [r6, #0x00]
	adds r0, #0x26
	ldrb r0, [r0, #0x00]
	adds r3, r1, #0x0
	adds r3, #0x26
	movs r1, #0x02
	ands r1, r0
	ldrb r2, [r3, #0x00]
	movs r0, #0x03
	negs r0, r0
	ands r0, r2
	orrs r0, r1
	strb r0, [r3, #0x00]
	ldr r1, [r5, #0x00]
	ldr r0, [r6, #0x00]
	ldrb r0, [r0, #0x02]
	strb r0, [r1, #0x02]
	ldr r1, [r5, #0x00]
	ldr r0, [r6, #0x00]
	ldr r0, [r0, #0x0C]
	str r0, [r1, #0x0C]
	ldr r1, [r5, #0x00]
	ldr r0, [r6, #0x00]
	ldr r0, [r0, #0x10]
	str r0, [r1, #0x10]
	ldr r1, [r5, #0x00]
	ldr r0, [r6, #0x00]
	ldr r0, [r0, #0x14]
	str r0, [r1, #0x14]
	ldr r1, [r5, #0x00]
	ldr r0, [r6, #0x00]
	ldr r0, [r0, #0x18]
	movs r2, #0xE0
	lsls r2, r2, #0x05
	adds r0, r0, r2
	str r0, [r1, #0x18]
	ldr r1, [r5, #0x00]
	movs r2, #0x8C
	lsls r2, r2, #0x02
	adds r1, r1, r2
	ldr r0, [r6, #0x00]
	adds r0, r0, r2
	ldr r0, [r0, #0x00]
	str r0, [r1, #0x00]
	ldr r1, [r5, #0x00]
	adds r2, #0x04
	adds r1, r1, r2
	ldr r0, [r6, #0x00]
	adds r0, r0, r2
	ldr r0, [r0, #0x00]
	str r0, [r1, #0x00]
	b _08030898
_08030868:
	adds r0, r7, #0x0
	bl sub_80303C4
	ldr r0, [r5, #0x00]
	bl sub_80465D8
	ldr r0, [r5, #0x00]
	movs r3, #0xCE
	lsls r3, r3, #0x02
	adds r1, r0, r3
	ldr r1, [r1, #0x00]
	adds r1, #0x68
	movs r6, #0x00
	ldsh r2, [r1, r6]
	adds r0, r0, r2
	ldr r1, [r1, #0x04]
	bl _call_via_r1
	ldr r0, [r5, #0x00]
	adds r1, r4, #0x0
	movs r2, #0x00
	movs r3, #0x00
	bl sub_804FB64
_08030898:
	movs r1, #0x81
	lsls r1, r1, #0x02
	adds r0, r7, r1
	ldr r0, [r0, #0x00]
	ldrh r0, [r0, #0x04]
	subs r0, #0x10
	lsls r0, r0, #0x10
	asrs r0, r0, #0x10
	cmp r0, #0x0C
	bls _080308B0
	bl _0803121A
_080308B0:
	lsls r0, r0, #0x02
	ldr r1, _080308BC @ =0x080308C0
	adds r0, r0, r1
	ldr r0, [r0, #0x00]
	mov pc, r0
	.byte 0x00, 0x00
_080308BC: .4byte 0x080308C0
	.byte 0xF4, 0x08, 0x03, 0x08, 0xCC, 0x09, 0x03, 0x08, 0x38, 0x10, 0x03, 0x08, 0xD6, 0x10, 0x03, 0x08
	.byte 0x94, 0x0A, 0x03, 0x08, 0x50, 0x0C, 0x03, 0x08, 0x50, 0x0C, 0x03, 0x08, 0x6C, 0x0D, 0x03, 0x08
	.byte 0x92, 0x0D, 0x03, 0x08, 0xC4, 0x0D, 0x03, 0x08, 0x24, 0x0E, 0x03, 0x08, 0xAE, 0x10, 0x03, 0x08
	.byte 0xD6, 0x10, 0x03, 0x08, 0x81, 0x22, 0x92, 0x00, 0xBE, 0x18, 0x32, 0x68, 0x96, 0x23, 0x9B, 0x00
	.byte 0xD0, 0x18, 0x00, 0x68, 0x00, 0x28, 0x42, 0xDA, 0x90, 0x8C, 0xC0, 0x05, 0x80, 0x0F, 0x01, 0x21
	.byte 0x08, 0x40, 0x00, 0x28, 0x05, 0xD1, 0x50, 0x6A, 0xC0, 0x03, 0x80, 0x0F, 0x08, 0x40, 0x00, 0x28
	.byte 0x2E, 0xD0, 0x80, 0x24, 0xA4, 0x00, 0x38, 0x19, 0x01, 0x68, 0x00, 0x25, 0x13, 0x20, 0x88, 0x80
	.byte 0x90, 0x80, 0x30, 0x68, 0x10, 0x4A, 0x81, 0x18, 0x0C, 0x88, 0x16, 0xF0, 0x21, 0xF8, 0x30, 0x68
	.byte 0x92, 0x23, 0x9B, 0x00, 0xF9, 0x18, 0x00, 0x22, 0x8B, 0x5E, 0x0C, 0x4A, 0xB9, 0x18, 0x00, 0x22
	.byte 0x89, 0x5E, 0x00, 0x91, 0x01, 0x95, 0x02, 0x94, 0x02, 0x21, 0x00, 0x22, 0x15, 0xF0, 0x9A, 0xF8
	.byte 0x32, 0x68, 0x85, 0x23, 0x9B, 0x00, 0xD2, 0x18, 0x11, 0x78, 0x08, 0x20, 0x40, 0x42, 0x08, 0x40
	.byte 0x02, 0x21, 0x08, 0x43, 0x10, 0x70, 0x0A, 0xE0, 0xDE, 0x02, 0x00, 0x00, 0x4A, 0x02, 0x00, 0x00
	.byte 0x80, 0x24, 0xA4, 0x00, 0x38, 0x19, 0x01, 0x68, 0x11, 0x20, 0x88, 0x80, 0x90, 0x80, 0x81, 0x26
	.byte 0xB6, 0x00, 0xBB, 0x19, 0x1A, 0x68, 0x04, 0x21, 0x50, 0x5E, 0x13, 0x28, 0x01, 0xD1, 0x00, 0xF0
	.byte 0x3C, 0xFC, 0x91, 0x8C, 0x08, 0x48, 0x08, 0x40, 0x00, 0x28, 0x01, 0xD1, 0x00, 0xF0, 0x35, 0xFC
	.byte 0x80, 0x24, 0xA4, 0x00, 0x38, 0x19, 0x01, 0x68, 0x12, 0x20, 0x88, 0x80, 0x90, 0x80, 0x18, 0x68
	.byte 0x15, 0xF0, 0xDE, 0xFF, 0x00, 0xF0, 0x29, 0xFC, 0x78, 0x78, 0x00, 0x00, 0x81, 0x26, 0xB6, 0x00
	.byte 0xBC, 0x19, 0x20, 0x68, 0x17, 0xF0, 0xD0, 0xF8, 0x00, 0x06, 0x00, 0x28, 0x01, 0xD0, 0x00, 0xF0
	.byte 0x1C, 0xFC, 0x20, 0x68, 0x1C, 0xF0, 0xD2, 0xFB, 0x00, 0x06, 0x00, 0x28, 0x06, 0xD1, 0x22, 0x68
	.byte 0x80, 0x21, 0x89, 0x00, 0x78, 0x18, 0x01, 0x68, 0x14, 0x20, 0x05, 0xE0, 0x22, 0x68, 0x80, 0x23
	.byte 0x9B, 0x00, 0xF8, 0x18, 0x01, 0x68, 0x16, 0x20, 0x88, 0x80, 0x90, 0x80, 0x80, 0x24, 0xA4, 0x00
	.byte 0x3D, 0x19, 0x28, 0x68, 0x1D, 0x4E, 0x80, 0x19, 0xFF, 0x21, 0x01, 0x70, 0x81, 0x20, 0x80, 0x00
	.byte 0x3C, 0x18, 0x21, 0x68, 0x83, 0x22, 0x92, 0x00, 0x89, 0x18, 0x08, 0x68, 0x18, 0x4A, 0x10, 0x40
	.byte 0x08, 0x60, 0x94, 0x23, 0x9B, 0x00, 0xF9, 0x18, 0x00, 0x20, 0x08, 0x70, 0x21, 0x68, 0x28, 0x68
	.byte 0x80, 0x78, 0x88, 0x70, 0x23, 0x68, 0x28, 0x68, 0x24, 0x30, 0x01, 0x78, 0x49, 0x07, 0x24, 0x33
	.byte 0x49, 0x0F, 0x1A, 0x78, 0x08, 0x20, 0x40, 0x42, 0x10, 0x40, 0x08, 0x43, 0x18, 0x70, 0x23, 0x68
	.byte 0x28, 0x68, 0x26, 0x30, 0x00, 0x78, 0x26, 0x33, 0x02, 0x21, 0x01, 0x40, 0x1A, 0x78, 0x03, 0x20
	.byte 0x40, 0x42, 0x10, 0x40, 0x08, 0x43, 0x18, 0x70, 0x21, 0x68, 0x28, 0x68, 0xC0, 0x68, 0xC8, 0x60
	.byte 0x21, 0x68, 0x28, 0x68, 0x00, 0x69, 0x08, 0x61, 0xC7, 0xE3, 0x00, 0x00, 0x3B, 0x02, 0x00, 0x00
	.byte 0xFF, 0x7F, 0xFC, 0xFF, 0x14, 0x4C, 0x38, 0x19, 0x01, 0x78, 0x02, 0x20, 0x08, 0x40, 0x00, 0x28
	.byte 0x17, 0xD1, 0x38, 0x1C, 0x00, 0x21, 0xF5, 0xF7, 0x3D, 0xF9, 0x00, 0x06, 0x00, 0x28, 0x10, 0xD1
	.byte 0x81, 0x26, 0xB6, 0x00, 0xBC, 0x19, 0x21, 0x68, 0x88, 0x8C, 0xC0, 0x05, 0x80, 0x0F, 0x01, 0x22
	.byte 0x10, 0x40, 0x00, 0x28, 0x05, 0xD1, 0x48, 0x6A, 0xC0, 0x03, 0x80, 0x0F, 0x10, 0x40, 0x00, 0x28
	.byte 0x0C, 0xD0, 0x81, 0x21, 0x89, 0x00, 0x78, 0x18, 0x02, 0x68, 0x80, 0x23, 0x9B, 0x00, 0xF8, 0x18
	.byte 0x01, 0x68, 0x16, 0x20, 0xB2, 0xE0, 0x00, 0x00, 0x0A, 0x02, 0x00, 0x00, 0x38, 0x1C, 0x01, 0x21
	.byte 0xF5, 0xF7, 0x18, 0xF9, 0x00, 0x06, 0x00, 0x28, 0x00, 0xD1, 0xA9, 0xE0, 0x94, 0x26, 0xB6, 0x00
	.byte 0xB8, 0x19, 0x00, 0x78, 0x04, 0x38, 0x00, 0x06, 0x00, 0x0E, 0x11, 0x28, 0x00, 0xD9, 0x97, 0xE0
	.byte 0x21, 0x68, 0x80, 0x20, 0x80, 0x00, 0x3E, 0x18, 0x30, 0x68, 0x80, 0x69, 0xE0, 0x22, 0x52, 0x01
	.byte 0x80, 0x18, 0x88, 0x61, 0x30, 0x68, 0xA5, 0x23, 0x9B, 0x00, 0xC0, 0x18, 0x00, 0x68, 0x00, 0x21
	.byte 0x80, 0x22, 0x52, 0x00, 0x90, 0x46, 0x43, 0x46, 0xC3, 0x80, 0x30, 0x68, 0x1A, 0x4A, 0x80, 0x18
	.byte 0x01, 0x70, 0x23, 0x68, 0x32, 0x68, 0x19, 0x4D, 0x52, 0x19, 0x14, 0x78, 0x41, 0x21, 0x49, 0x42
	.byte 0x08, 0x1C, 0x20, 0x40, 0x10, 0x70, 0x5B, 0x19, 0x18, 0x78, 0x01, 0x40, 0x19, 0x70, 0x31, 0x68
	.byte 0xC8, 0x68, 0x13, 0x4A, 0x10, 0x40, 0xC8, 0x60, 0x31, 0x68, 0x08, 0x69, 0x10, 0x40, 0x08, 0x61
	.byte 0x31, 0x68, 0xC8, 0x68, 0x48, 0x63, 0x31, 0x68, 0x08, 0x69, 0x88, 0x63, 0x38, 0x1C, 0xFB, 0x30
	.byte 0x01, 0x78, 0x04, 0x20, 0x08, 0x40, 0x00, 0x28, 0x16, 0xD0, 0x30, 0x68, 0xFA, 0x21, 0x89, 0x00
	.byte 0x01, 0x23, 0x5B, 0x42, 0x20, 0x22, 0x0F, 0xF0, 0x2B, 0xFB, 0x30, 0x68, 0x05, 0x4B, 0xC0, 0x18
	.byte 0x80, 0x21, 0x01, 0x80, 0x14, 0xE0, 0x00, 0x00, 0x3B, 0x02, 0x00, 0x00, 0x51, 0x03, 0x00, 0x00
	.byte 0x00, 0xFF, 0xFF, 0xFF, 0x3E, 0x02, 0x00, 0x00, 0x30, 0x68, 0x1D, 0x49, 0x01, 0x23, 0x5B, 0x42
	.byte 0x75, 0x22, 0x0F, 0xF0, 0x15, 0xFB, 0x30, 0x68, 0x1A, 0x4C, 0x00, 0x19, 0x46, 0x46, 0x06, 0x80
	.byte 0x80, 0x20, 0x80, 0x00, 0x3B, 0x18, 0x19, 0x68, 0x9D, 0x22, 0x92, 0x00, 0x89, 0x18, 0x81, 0x26
	.byte 0xB6, 0x00, 0xBC, 0x19, 0x20, 0x68, 0x80, 0x18, 0x00, 0x88, 0x0A, 0x88, 0x80, 0x18, 0x12, 0x4E
	.byte 0x35, 0x1C, 0x40, 0x19, 0x08, 0x80, 0x19, 0x68, 0x10, 0x4A, 0x89, 0x18, 0x20, 0x68, 0x80, 0x18
	.byte 0x00, 0x88, 0x0A, 0x88, 0x80, 0x18, 0x40, 0x19, 0x08, 0x80, 0x18, 0x68, 0xA5, 0x26, 0xB6, 0x00
	.byte 0x80, 0x19, 0x01, 0x68, 0x80, 0x20, 0x40, 0x00, 0x88, 0x80, 0x22, 0x68, 0x19, 0x68, 0x19, 0x20
	.byte 0x88, 0x80, 0x90, 0x80, 0x01, 0x21, 0x49, 0x42, 0xAC, 0x20, 0xE8, 0xF7, 0xC3, 0xFC, 0x0F, 0xE0
	.byte 0x5E, 0x07, 0x00, 0x00, 0x3E, 0x02, 0x00, 0x00, 0x00, 0xF8, 0xFF, 0xFF, 0x7A, 0x02, 0x00, 0x00
	.byte 0x22, 0x68, 0x80, 0x21, 0x89, 0x00, 0x78, 0x18, 0x01, 0x68, 0x15, 0x20, 0x88, 0x80, 0x90, 0x80
	.byte 0x94, 0x22, 0x92, 0x00, 0xB9, 0x18, 0x08, 0x78, 0x01, 0x30, 0x08, 0x70, 0x00, 0x06, 0x00, 0x0E
	.byte 0x19, 0x28, 0x00, 0xD0, 0xD9, 0xE2, 0x81, 0x23, 0x9B, 0x00, 0xFD, 0x18, 0x2C, 0x68, 0x04, 0x26
	.byte 0xA0, 0x5F, 0x16, 0x28, 0x54, 0xD1, 0x3E, 0x1C, 0xFB, 0x36, 0x30, 0x78, 0x40, 0x07, 0xC0, 0x0F
	.byte 0xEE, 0x22, 0x02, 0x41, 0x80, 0x21, 0x49, 0x00, 0x78, 0x18, 0x00, 0x21, 0x43, 0x5E, 0x20, 0x1C
	.byte 0x04, 0x21, 0x0F, 0xF0, 0x0D, 0xFA, 0x2A, 0x68, 0x92, 0x23, 0x9B, 0x00, 0xF8, 0x18, 0x00, 0x24
	.byte 0x03, 0x5F, 0x07, 0x49, 0x78, 0x18, 0x00, 0x24, 0x00, 0x5F, 0x00, 0x90, 0x00, 0x20, 0x01, 0x90
	.byte 0x31, 0x78, 0x04, 0x20, 0x08, 0x40, 0x00, 0x28, 0x04, 0xD0, 0x10, 0x20, 0x03, 0xE0, 0x00, 0x00
	.byte 0x4A, 0x02, 0x00, 0x00, 0x0A, 0x20, 0x02, 0x90, 0x10, 0x1C, 0x02, 0x21, 0x00, 0x22, 0x14, 0xF0
	.byte 0xE1, 0xFE, 0x80, 0x26, 0xB6, 0x00, 0xBC, 0x19, 0x20, 0x68, 0x0F, 0x49, 0x40, 0x18, 0x00, 0x21
	.byte 0x01, 0x70, 0x81, 0x22, 0x92, 0x00, 0xBB, 0x18, 0x1A, 0x68, 0x0C, 0x36, 0x92, 0x19, 0x10, 0x68
	.byte 0x0A, 0x49, 0x08, 0x40, 0x80, 0x21, 0x09, 0x02, 0x08, 0x43, 0x10, 0x60, 0x1A, 0x68, 0x85, 0x20
	.byte 0x80, 0x00, 0x12, 0x18, 0x11, 0x78, 0x08, 0x20, 0x40, 0x42, 0x08, 0x40, 0x02, 0x21, 0x08, 0x43
	.byte 0x10, 0x70, 0x1A, 0x68, 0x21, 0x68, 0x82, 0xE1, 0x3B, 0x02, 0x00, 0x00, 0xFF, 0x7F, 0xFC, 0xFF
	.byte 0x38, 0x1C, 0xFB, 0x30, 0x01, 0x78, 0x04, 0x20, 0x08, 0x40, 0x00, 0x28, 0x0A, 0xD0, 0x04, 0x49
	.byte 0x01, 0x23, 0x5B, 0x42, 0x20, 0x1C, 0x35, 0x22, 0x0F, 0xF0, 0x5A, 0xFA, 0x09, 0xE0, 0x00, 0x00
	.byte 0x87, 0x03, 0x00, 0x00, 0x08, 0x49, 0x01, 0x23, 0x5B, 0x42, 0x20, 0x1C, 0x75, 0x22, 0x0F, 0xF0
	.byte 0x4F, 0xFA, 0x81, 0x21, 0x89, 0x00, 0x78, 0x18, 0x02, 0x68, 0x80, 0x23, 0x9B, 0x00, 0xF8, 0x18
	.byte 0x01, 0x68, 0x17, 0x20, 0x5C, 0xE1, 0x00, 0x00, 0x2C, 0x05, 0x00, 0x00, 0x81, 0x24, 0xA4, 0x00
	.byte 0x38, 0x19, 0x02, 0x68, 0x96, 0x26, 0xB6, 0x00, 0x90, 0x19, 0x00, 0x68, 0x00, 0x28, 0x00, 0xDD
	.byte 0x4B, 0xE2, 0x80, 0x21, 0x89, 0x00, 0x78, 0x18, 0x01, 0x68, 0x18, 0x20, 0x88, 0x80, 0x90, 0x80
	.byte 0x43, 0xE2, 0x81, 0x22, 0x92, 0x00, 0xB8, 0x18, 0x03, 0x68, 0x80, 0x24, 0xA4, 0x00, 0x38, 0x19
	.byte 0x02, 0x68, 0x90, 0x69, 0xE0, 0x26, 0x76, 0x01, 0x80, 0x19, 0x99, 0x69, 0x81, 0x42, 0x00, 0xDD
	.byte 0x33, 0xE2, 0x00, 0x21, 0x14, 0x20, 0x90, 0x80, 0x98, 0x80, 0x94, 0x22, 0x92, 0x00, 0xB8, 0x18
	.byte 0x01, 0x70, 0x2A, 0xE2, 0x81, 0x23, 0x9B, 0x00, 0xF8, 0x18, 0x03, 0x68, 0x98, 0x8C, 0xC0, 0x05
	.byte 0x80, 0x0F, 0x01, 0x21, 0x08, 0x40, 0x00, 0x28, 0x05, 0xD1, 0x58, 0x6A, 0xC0, 0x03, 0x80, 0x0F
	.byte 0x08, 0x40, 0x00, 0x28, 0x0D, 0xD0, 0x80, 0x26, 0xB6, 0x00, 0xBA, 0x19, 0x11, 0x68, 0x98, 0x69
	.byte 0x3C, 0x4B, 0xC0, 0x18, 0x88, 0x61, 0x11, 0x68, 0x58, 0x36, 0x89, 0x19, 0x08, 0x68, 0x40, 0x42
	.byte 0x08, 0x60, 0x80, 0x21, 0x89, 0x00, 0x78, 0x18, 0x02, 0x68, 0x96, 0x23, 0x9B, 0x00, 0xD0, 0x18
	.byte 0x00, 0x68, 0x00, 0x28, 0x06, 0xDA, 0x81, 0x26, 0xB6, 0x00, 0xB8, 0x19, 0x01, 0x68, 0x1A, 0x20
	.byte 0x90, 0x80, 0x88, 0x80, 0x80, 0x20, 0x80, 0x00, 0x3D, 0x18, 0x2A, 0x68, 0x97, 0x21, 0x89, 0x00
	.byte 0x50, 0x18, 0x01, 0x68, 0x01, 0x20, 0x40, 0x42, 0x81, 0x42, 0x00, 0xD0, 0xED, 0xE1, 0x01, 0x20
	.byte 0x10, 0x56, 0x88, 0x42, 0x0A, 0xD0, 0x80, 0x00, 0x20, 0x18, 0x00, 0x68, 0x26, 0x4B, 0xC0, 0x18
	.byte 0x01, 0x78, 0x38, 0x20, 0x08, 0x40, 0x18, 0x28, 0x00, 0xD1, 0xDE, 0xE1, 0xD0, 0x68, 0x23, 0x4B
	.byte 0x18, 0x40, 0xD0, 0x60, 0x29, 0x68, 0x08, 0x69, 0x18, 0x40, 0x08, 0x61, 0x81, 0x24, 0xA4, 0x00
	.byte 0x3A, 0x19, 0x11, 0x68, 0xC8, 0x68, 0x18, 0x40, 0xC8, 0x60, 0x11, 0x68, 0x08, 0x69, 0x18, 0x40
	.byte 0x08, 0x61, 0x12, 0x68, 0xD0, 0x68, 0x00, 0x28, 0x00, 0xDA, 0xFF, 0x30, 0x03, 0x12, 0x18, 0x4C
	.byte 0x10, 0x1C, 0x24, 0x30, 0x00, 0x78, 0x40, 0x07, 0x41, 0x0F, 0x04, 0x20, 0x41, 0x40, 0x88, 0x00
	.byte 0x00, 0x19, 0x00, 0x26, 0x80, 0x5F, 0x00, 0x28, 0x00, 0xDA, 0x0F, 0x30, 0x00, 0x11, 0x1B, 0x18
	.byte 0x99, 0x46, 0x48, 0x00, 0x01, 0x30, 0x40, 0x00, 0x00, 0x19, 0x00, 0x21, 0x43, 0x5E, 0x10, 0x69
	.byte 0x00, 0x28, 0x00, 0xDA, 0xFF, 0x30, 0x02, 0x12, 0x28, 0x68, 0x0A, 0x4C, 0x00, 0x19, 0x01, 0x78
	.byte 0x30, 0x20, 0x08, 0x40, 0x00, 0x28, 0x0F, 0xD0, 0x18, 0x1C, 0x00, 0x2B, 0x00, 0xDA, 0x1F, 0x30
	.byte 0x40, 0x11, 0x0E, 0xE0, 0x00, 0xE4, 0xFF, 0xFF, 0x0E, 0x02, 0x00, 0x00, 0x00, 0xFF, 0xFF, 0xFF
	.byte 0x84, 0xF5, 0x39, 0x08, 0x53, 0x03, 0x00, 0x00, 0x18, 0x1C, 0x00, 0x28, 0x00, 0xDA, 0x0F, 0x30
	.byte 0x00, 0x11, 0x12, 0x18, 0x90, 0x46, 0x81, 0x20, 0x80, 0x00, 0x3E, 0x18, 0x32, 0x68, 0x80, 0x21
	.byte 0x89, 0x00, 0x7D, 0x18, 0x29, 0x68, 0x1C, 0x4C, 0x09, 0x19, 0x08, 0x78, 0x40, 0x23, 0x18, 0x43
	.byte 0x08, 0x70, 0x12, 0x19, 0x10, 0x78, 0x18, 0x43, 0x10, 0x70, 0x30, 0x68, 0x91, 0x21, 0x89, 0x00
	.byte 0x42, 0x18, 0x00, 0x24, 0x14, 0x80, 0x15, 0x4A, 0x80, 0x18, 0x04, 0x80, 0x28, 0x68, 0x41, 0x18
	.byte 0x0C, 0x80, 0x80, 0x18, 0x04, 0x80, 0x28, 0x68, 0x80, 0x22, 0x52, 0x00, 0xBB, 0x18, 0x19, 0x88
	.byte 0x0F, 0x4A, 0x80, 0x18, 0x01, 0x80, 0x30, 0x68, 0x3D, 0x1C, 0xFB, 0x35, 0x29, 0x78, 0x49, 0x07
	.byte 0xC9, 0x0F, 0xEE, 0x22, 0x0A, 0x41, 0x00, 0x21, 0x5B, 0x5E, 0x04, 0x21, 0x0F, 0xF0, 0xA0, 0xF8
	.byte 0x36, 0x68, 0x42, 0x46, 0x00, 0x92, 0x01, 0x94, 0x29, 0x78, 0x04, 0x20, 0x08, 0x40, 0x00, 0x28
	.byte 0x08, 0xD0, 0x0E, 0x20, 0x07, 0xE0, 0x00, 0x00, 0x51, 0x03, 0x00, 0x00, 0x42, 0x02, 0x00, 0x00
	.byte 0x3E, 0x02, 0x00, 0x00, 0x08, 0x20, 0x02, 0x90, 0x30, 0x1C, 0x02, 0x21, 0x00, 0x22, 0x4B, 0x46
	.byte 0x14, 0xF0, 0x78, 0xFD, 0x81, 0x23, 0x9B, 0x00, 0xFC, 0x18, 0x22, 0x68, 0x83, 0x26, 0xB6, 0x00
	.byte 0x92, 0x19, 0x10, 0x68, 0x1E, 0x49, 0x08, 0x40, 0x80, 0x21, 0x09, 0x02, 0x08, 0x43, 0x10, 0x60
	.byte 0x22, 0x68, 0x85, 0x20, 0x80, 0x00, 0x12, 0x18, 0x11, 0x78, 0x08, 0x20, 0x40, 0x42, 0x08, 0x40
	.byte 0x02, 0x21, 0x08, 0x43, 0x10, 0x70, 0x80, 0x21, 0x89, 0x00, 0x7B, 0x18, 0x1A, 0x68, 0x74, 0x31
	.byte 0x52, 0x18, 0x20, 0x68, 0x40, 0x18, 0x11, 0x88, 0x00, 0x88, 0x09, 0x1A, 0x80, 0x26, 0x36, 0x01
	.byte 0x35, 0x1C, 0x49, 0x19, 0x11, 0x80, 0x1A, 0x68, 0x0E, 0x48, 0x12, 0x18, 0x21, 0x68, 0x09, 0x18
	.byte 0x10, 0x88, 0x09, 0x88, 0x40, 0x1A, 0x40, 0x19, 0x10, 0x80, 0x21, 0x68, 0x18, 0x68, 0x8E, 0x22
	.byte 0x92, 0x00, 0x80, 0x18, 0x00, 0x78, 0x89, 0x18, 0x08, 0x70, 0x22, 0x68, 0x19, 0x68, 0x1B, 0x20
	.byte 0x88, 0x80, 0x90, 0x80, 0x01, 0x21, 0x49, 0x42, 0x2B, 0x20, 0xE8, 0xF7, 0xC3, 0xFA, 0xF4, 0xE0
	.byte 0xFF, 0x7F, 0xFC, 0xFF, 0x7A, 0x02, 0x00, 0x00, 0x81, 0x20, 0x80, 0x00, 0x3C, 0x18, 0x21, 0x68
	.byte 0x96, 0x22, 0x92, 0x00, 0x88, 0x18, 0x00, 0x68, 0x00, 0x28, 0x44, 0xDA, 0x08, 0x1C, 0x15, 0xF0
	.byte 0x97, 0xFC, 0x22, 0x68, 0x92, 0x23, 0x9B, 0x00, 0xF8, 0x18, 0x00, 0x24, 0x03, 0x5F, 0x08, 0x4E
	.byte 0xB8, 0x19, 0x00, 0x21, 0x40, 0x5E, 0x00, 0x90, 0x00, 0x20, 0x01, 0x90, 0x38, 0x1C, 0xFB, 0x30
	.byte 0x01, 0x78, 0x04, 0x20, 0x08, 0x40, 0x00, 0x28, 0x04, 0xD0, 0x0E, 0x20, 0x03, 0xE0, 0x00, 0x00
	.byte 0x4A, 0x02, 0x00, 0x00, 0x08, 0x20, 0x02, 0x90, 0x10, 0x1C, 0x02, 0x21, 0x00, 0x22, 0x14, 0xF0
	.byte 0x01, 0xFD, 0x81, 0x22, 0x92, 0x00, 0xB8, 0x18, 0x02, 0x68, 0x85, 0x23, 0x9B, 0x00, 0xD2, 0x18
	.byte 0x11, 0x78, 0x08, 0x20, 0x40, 0x42, 0x08, 0x40, 0x02, 0x21, 0x08, 0x43, 0x10, 0x70, 0x81, 0x24
	.byte 0xA4, 0x00, 0x38, 0x19, 0x01, 0x68, 0x96, 0x26, 0xB6, 0x00, 0x88, 0x19, 0x00, 0x68, 0x00, 0x28
	.byte 0x09, 0xDA, 0x88, 0x88, 0x01, 0x30, 0x88, 0x80, 0x80, 0x21, 0x89, 0x00, 0x78, 0x18, 0x01, 0x68
	.byte 0x88, 0x88, 0x01, 0x30, 0x88, 0x80, 0x54, 0x4A, 0xBD, 0x18, 0x29, 0x78, 0x02, 0x20, 0x08, 0x40
	.byte 0x00, 0x28, 0x31, 0xD1, 0x81, 0x23, 0x9B, 0x00, 0xFC, 0x18, 0x20, 0x68, 0x80, 0x26, 0xB6, 0x00
	.byte 0xB9, 0x19, 0x09, 0x68, 0x16, 0xF0, 0x90, 0xFD, 0x00, 0x28, 0x25, 0xD0, 0x21, 0x68, 0x48, 0x6B
	.byte 0x4A, 0x4A, 0x10, 0x40, 0xC8, 0x60, 0x21, 0x68, 0x88, 0x6B, 0x10, 0x40, 0x08, 0x61, 0x21, 0x68
	.byte 0x88, 0x69, 0x4A, 0x69, 0x80, 0x18, 0x88, 0x61, 0x21, 0x68, 0xC8, 0x6B, 0x48, 0x61, 0x21, 0x68
	.byte 0x88, 0x69, 0x4A, 0x69, 0x80, 0x1A, 0x88, 0x61, 0x20, 0x68, 0x15, 0xF0, 0x29, 0xFC, 0x22, 0x68
	.byte 0xD5, 0x21, 0x89, 0x00, 0x50, 0x18, 0x01, 0x78, 0x8E, 0x23, 0x9B, 0x00, 0xD0, 0x18, 0x01, 0x70
	.byte 0x28, 0x78, 0x02, 0x21, 0x08, 0x43, 0x28, 0x70, 0x81, 0x24, 0xA4, 0x00, 0xE4, 0x19, 0xA0, 0x46
	.byte 0x22, 0x68, 0x97, 0x26, 0xB6, 0x00, 0x90, 0x19, 0x01, 0x68, 0x01, 0x20, 0x40, 0x42, 0x81, 0x42
	.byte 0x5B, 0xD1, 0x00, 0x20, 0x81, 0x46, 0x04, 0x21, 0x50, 0x5E, 0x1C, 0x28, 0x01, 0xD1, 0x01, 0x23
	.byte 0x99, 0x46, 0xDA, 0x21, 0x89, 0x00, 0x50, 0x18, 0x02, 0x68, 0x80, 0x24, 0xA4, 0x00, 0x3E, 0x19
	.byte 0x30, 0x68, 0x40, 0x18, 0x00, 0x68, 0x00, 0x21, 0x01, 0x70, 0x11, 0x70, 0x40, 0x46, 0x02, 0x68
	.byte 0x30, 0x68, 0x81, 0x80, 0x91, 0x80, 0x41, 0x46, 0x0B, 0x68, 0x32, 0x68, 0xD6, 0x25, 0xAD, 0x00
	.byte 0x52, 0x19, 0x14, 0x78, 0x09, 0x21, 0x49, 0x42, 0x08, 0x1C, 0x20, 0x40, 0x10, 0x70, 0x5B, 0x19
	.byte 0x18, 0x78, 0x01, 0x40, 0x19, 0x70, 0x42, 0x46, 0x13, 0x68, 0x32, 0x68, 0x07, 0x3D, 0x52, 0x19
	.byte 0x14, 0x78, 0x41, 0x21, 0x49, 0x42, 0x08, 0x1C, 0x20, 0x40, 0x10, 0x70, 0x5B, 0x19, 0x18, 0x78
	.byte 0x01, 0x40, 0x19, 0x70, 0x43, 0x46, 0x1A, 0x68, 0x85, 0x24, 0xA4, 0x00, 0x12, 0x19, 0x11, 0x78
	.byte 0x08, 0x20, 0x40, 0x42, 0x08, 0x40, 0x03, 0x21, 0x08, 0x43, 0x10, 0x70, 0x18, 0x68, 0x15, 0xF0
	.byte 0xC7, 0xFB, 0x46, 0x46, 0x31, 0x68, 0x08, 0x1C, 0x24, 0x30, 0x00, 0x78, 0x40, 0x01, 0x88, 0x70
	.byte 0x0B, 0x48, 0x3A, 0x18, 0x11, 0x78, 0x7F, 0x20, 0x08, 0x40, 0x10, 0x70, 0x49, 0x46, 0x00, 0x29
	.byte 0x03, 0xD0, 0x38, 0x1C, 0x00, 0x21, 0xFC, 0xF7, 0xB3, 0xFE
_0803121A:
	.byte 0x03, 0xB0, 0x18, 0xBC, 0x98, 0x46, 0xA1, 0x46, 0xF0, 0xBC, 0x01, 0xBC, 0x00, 0x47, 0x46, 0x02
	.byte 0x00, 0x00, 0x00, 0xFF, 0xFF, 0xFF, 0x0B, 0x02, 0x00, 0x00
	thumb_func_start sub_8031234
sub_8031234:
	push {r4, r5, r6, r7, lr}
	mov r7, r9
	mov r6, r8
	push {r6, r7}
	add sp, #-0x00C
	adds r6, r0, #0x0
	movs r1, #0x01
	movs r2, #0x01
	bl sub_802C4D4
	movs r0, #0x80
	lsls r0, r0, #0x02
	adds r4, r6, r0
	ldr r0, [r4, #0x00]
	bl sub_804FC90
	ldr r1, [r4, #0x00]
	adds r0, r6, #0x0
	movs r2, #0x00
	movs r3, #0x00
	bl sub_802DDB4
	ldr r1, _08031348 @ =0x00000246
	adds r2, r6, r1
	ldrb r1, [r2, #0x00]
	movs r0, #0x03
	negs r0, r0
	ands r0, r1
	strb r0, [r2, #0x00]
	movs r2, #0x81
	lsls r2, r2, #0x02
	adds r5, r6, r2
	ldr r0, [r5, #0x00]
	ldr r0, [r0, #0x0C]
	cmp r0, #0x00
	bge _0803127E
	adds r0, #0xFF
_0803127E:
	asrs r0, r0, #0x08
	movs r3, #0x92
	lsls r3, r3, #0x02
	adds r1, r6, r3
	strh r0, [r1, #0x00]
	ldr r0, [r5, #0x00]
	ldr r1, [r0, #0x10]
	cmp r1, #0x00
	bge _08031292
	adds r1, #0xFF
_08031292:
	asrs r1, r1, #0x08
	ldr r2, _0803134C @ =0x0000024A
	adds r0, r6, r2
	strh r1, [r0, #0x00]
	ldr r2, [r5, #0x00]
	movs r3, #0x80
	lsls r3, r3, #0x02
	adds r7, r6, r3
	ldr r1, [r7, #0x00]
	movs r0, #0x2E
	strh r0, [r1, #0x04]
	strh r0, [r2, #0x04]
	ldr r2, [r5, #0x00]
	ldr r1, [r7, #0x00]
	ldr r4, _08031350 @ =0x00000351
	adds r1, r1, r4
	ldrb r0, [r1, #0x00]
	movs r3, #0x40
	orrs r0, r3
	strb r0, [r1, #0x00]
	adds r2, r2, r4
	ldrb r0, [r2, #0x00]
	orrs r0, r3
	strb r0, [r2, #0x00]
	ldr r2, [r5, #0x00]
	ldr r1, [r7, #0x00]
	adds r4, #0x07
	adds r1, r1, r4
	ldrb r0, [r1, #0x00]
	movs r3, #0x08
	orrs r0, r3
	strb r0, [r1, #0x00]
	adds r2, r2, r4
	ldrb r0, [r2, #0x00]
	orrs r0, r3
	strb r0, [r2, #0x00]
	ldr r0, [r5, #0x00]
	mov r12, r0
	ldr r0, [r7, #0x00]
	ldr r1, [r0, #0x14]
	mov r2, r12
	ldr r0, [r2, #0x14]
	subs r1, r1, r0
	cmp r1, #0x00
	bge _080312EE
	adds r1, #0xFF
_080312EE:
	asrs r1, r1, #0x08
	adds r1, #0x20
	mov r9, r1
	adds r4, r6, #0x0
	adds r4, #0xFB
	ldrb r0, [r4, #0x00]
	lsls r0, r0, #0x1D
	lsrs r0, r0, #0x1F
	movs r2, #0xEE
	asrs r2, r0
	movs r3, #0x80
	lsls r3, r3, #0x01
	adds r0, r6, r3
	movs r3, #0x00
	ldsh r1, [r0, r3]
	mov r8, r1
	mov r0, r12
	mov r1, r9
	mov r3, r8
	bl sub_80400B0
	ldr r2, [r5, #0x00]
	ldr r0, [r7, #0x00]
	ldr r3, [r0, #0x0C]
	adds r5, r4, #0x0
	cmp r3, #0x00
	bge _08031326
	adds r3, #0xFF
_08031326:
	asrs r3, r3, #0x08
	ldr r0, [r0, #0x10]
	cmp r0, #0x00
	bge _08031330
	adds r0, #0xFF
_08031330:
	asrs r0, r0, #0x08
	str r0, [sp, #0x000]
	movs r0, #0x00
	str r0, [sp, #0x004]
	ldrb r1, [r5, #0x00]
	movs r0, #0x04
	ands r0, r1
	cmp r0, #0x00
	beq _08031354
	movs r0, #0x10
	b _08031356
	.byte 0x00, 0x00
_08031348: .4byte 0x00000246
_0803134C: .4byte 0x0000024A
_08031350: .4byte 0x00000351
_08031354:
	movs r0, #0x0A
_08031356:
	str r0, [sp, #0x008]
	adds r0, r2, #0x0
	movs r1, #0x02
	movs r2, #0x00
	bl sub_8045A94
	movs r1, #0x80
	lsls r1, r1, #0x02
	adds r0, r6, r1
	ldr r4, [r0, #0x00]
	adds r1, #0x94
	adds r0, r4, r1
	ldr r3, [r0, #0x00]
	movs r2, #0x81
	lsls r2, r2, #0x02
	adds r0, r6, r2
	ldr r2, [r0, #0x00]
	adds r1, r2, r1
	ldr r0, [r1, #0x00]
	ldrb r1, [r5, #0x00]
	lsrs r1, r1, #0x03
	adds r0, #0x20
	strb r1, [r0, #0x00]
	ldr r0, _080313B8 @ =0x00000239
	adds r2, r2, r0
	strb r1, [r2, #0x00]
	adds r3, #0x20
	strb r1, [r3, #0x00]
	adds r4, r4, r0
	strb r1, [r4, #0x00]
	ldr r3, _080313BC @ =0x0000020B
	adds r2, r6, r3
	ldrb r0, [r2, #0x00]
	movs r1, #0x80
	orrs r0, r1
	strb r0, [r2, #0x00]
	movs r1, #0x01
	negs r1, r1
	movs r0, #0x2B
	bl play_sfx_80195B4
	add sp, #0x00C
	pop {r3, r4}
	mov r8, r3
	mov r9, r4
	pop {r4, r5, r6, r7}
	pop {r0}
	bx r0
	.byte 0x00, 0x00
_080313B8: .4byte 0x00000239
_080313BC: .4byte 0x0000020B
	thumb_func_start sub_80313C0
sub_80313C0:
	push {r4, r5, r6, r7, lr}
	mov r7, r8
	push {r7}
	adds r7, r0, #0x0
	movs r1, #0x01
	movs r2, #0x01
	bl sub_802C4D4
	movs r0, #0x80
	lsls r0, r0, #0x02
	adds r4, r7, r0
	ldr r0, [r4, #0x00]
	bl sub_804FC90
	ldr r1, [r4, #0x00]
	adds r0, r7, #0x0
	movs r2, #0x00
	movs r3, #0x00
	bl sub_802DDB4
	movs r1, #0x81
	lsls r1, r1, #0x02
	adds r6, r7, r1
	ldr r1, [r6, #0x00]
	ldr r2, _080314FC @ =0x00000212
	adds r1, r1, r2
	ldrb r0, [r1, #0x00]
	movs r4, #0x40
	orrs r0, r4
	strb r0, [r1, #0x00]
	ldr r2, [r6, #0x00]
	movs r3, #0x80
	lsls r3, r3, #0x02
	adds r5, r7, r3
	ldr r1, [r5, #0x00]
	movs r0, #0x37
	strh r0, [r1, #0x04]
	strh r0, [r2, #0x04]
	ldr r2, [r6, #0x00]
	ldr r1, [r5, #0x00]
	ldr r3, _08031500 @ =0x00000351
	adds r1, r1, r3
	ldrb r0, [r1, #0x00]
	orrs r0, r4
	strb r0, [r1, #0x00]
	adds r2, r2, r3
	ldrb r0, [r2, #0x00]
	orrs r0, r4
	strb r0, [r2, #0x00]
	ldr r2, [r6, #0x00]
	ldr r1, [r5, #0x00]
	movs r4, #0xD6
	lsls r4, r4, #0x02
	adds r1, r1, r4
	ldrb r0, [r1, #0x00]
	movs r3, #0x08
	orrs r0, r3
	strb r0, [r1, #0x00]
	adds r2, r2, r4
	ldrb r0, [r2, #0x00]
	orrs r0, r3
	strb r0, [r2, #0x00]
	ldr r1, [r6, #0x00]
	ldr r4, _08031504 @ =0x0000020D
	adds r1, r1, r4
	ldrb r0, [r1, #0x00]
	movs r2, #0x20
	orrs r0, r2
	strb r0, [r1, #0x00]
	ldr r1, [r6, #0x00]
	ldr r0, _08031508 @ =0x0000035A
	adds r1, r1, r0
	ldrb r2, [r1, #0x00]
	movs r0, #0x03
	negs r0, r0
	ands r0, r2
	strb r0, [r1, #0x00]
	ldr r2, [r6, #0x00]
	movs r1, #0x85
	lsls r1, r1, #0x02
	adds r2, r2, r1
	ldrb r1, [r2, #0x00]
	movs r0, #0x08
	negs r0, r0
	ands r0, r1
	movs r1, #0x04
	orrs r0, r1
	strb r0, [r2, #0x00]
	ldr r0, [r6, #0x00]
	ldr r1, _0803150C @ =0x0000103F
	bl sub_8049000
	ldr r0, [r6, #0x00]
	movs r2, #0xFB
	adds r2, r2, r7
	mov r8, r2
	ldrb r1, [r2, #0x00]
	lsls r1, r1, #0x1D
	lsrs r1, r1, #0x1F
	movs r2, #0xEE
	asrs r2, r1
	movs r3, #0x80
	lsls r3, r3, #0x01
	adds r1, r7, r3
	movs r4, #0x00
	ldsh r3, [r1, r4]
	movs r1, #0x10
	bl sub_80400B0
	ldr r4, [r5, #0x00]
	movs r5, #0xA5
	lsls r5, r5, #0x02
	adds r0, r4, r5
	ldr r0, [r0, #0x00]
	mov r12, r0
	ldr r2, [r6, #0x00]
	adds r0, r2, r5
	ldr r0, [r0, #0x00]
	mov r3, r8
	ldrb r1, [r3, #0x00]
	lsrs r1, r1, #0x03
	adds r0, #0x20
	strb r1, [r0, #0x00]
	ldr r0, _08031510 @ =0x00000239
	adds r2, r2, r0
	strb r1, [r2, #0x00]
	mov r3, r12
	adds r3, #0x20
	strb r1, [r3, #0x00]
	adds r4, r4, r0
	strb r1, [r4, #0x00]
	ldr r0, [r6, #0x00]
	adds r0, r0, r5
	ldr r2, [r0, #0x00]
	ldrb r1, [r2, #0x12]
	movs r0, #0x07
	negs r0, r0
	ands r0, r1
	movs r1, #0x02
	orrs r0, r1
	strb r0, [r2, #0x12]
	ldr r4, _08031514 @ =0x0000020B
	adds r2, r7, r4
	ldrb r0, [r2, #0x00]
	movs r1, #0x80
	orrs r0, r1
	strb r0, [r2, #0x00]
	movs r1, #0x01
	negs r1, r1
	movs r0, #0x3C
	bl play_sfx_80195B4
	pop {r3}
	mov r8, r3
	pop {r4, r5, r6, r7}
	pop {r0}
	bx r0
	.byte 0x00, 0x00
_080314FC: .4byte 0x00000212
_08031500: .4byte 0x00000351
_08031504: .4byte 0x0000020D
_08031508: .4byte 0x0000035A
_0803150C: .4byte 0x0000103F
_08031510: .4byte 0x00000239
_08031514: .4byte 0x0000020B
	thumb_func_start sub_8031518
sub_8031518:
	push {r4, r5, r6, lr}
	mov r6, r10
	mov r5, r9
	mov r4, r8
	push {r4, r5, r6}
	adds r5, r0, #0x0
	movs r1, #0x01
	movs r2, #0x01
	bl sub_802C4D4
	movs r0, #0x80
	lsls r0, r0, #0x02
	adds r4, r5, r0
	ldr r0, [r4, #0x00]
	bl sub_804FC90
	ldr r1, [r4, #0x00]
	adds r0, r5, #0x0
	movs r2, #0x00
	movs r3, #0x00
	bl sub_802DDB4
	movs r1, #0x81
	lsls r1, r1, #0x02
	adds r1, r1, r5
	mov r9, r1
	ldr r2, [r1, #0x00]
	movs r0, #0x80
	lsls r0, r0, #0x02
	adds r6, r5, r0
	ldr r1, [r6, #0x00]
	movs r0, #0x3A
	strh r0, [r1, #0x04]
	strh r0, [r2, #0x04]
	mov r1, r9
	ldr r2, [r1, #0x00]
	ldr r1, [r6, #0x00]
	ldr r4, _08031638 @ =0x00000351
	adds r1, r1, r4
	ldrb r0, [r1, #0x00]
	movs r3, #0x40
	orrs r0, r3
	strb r0, [r1, #0x00]
	adds r2, r2, r4
	ldrb r0, [r2, #0x00]
	orrs r0, r3
	strb r0, [r2, #0x00]
	mov r0, r9
	ldr r2, [r0, #0x00]
	ldr r1, [r6, #0x00]
	adds r4, #0x07
	adds r1, r1, r4
	ldrb r0, [r1, #0x00]
	movs r3, #0x08
	orrs r0, r3
	strb r0, [r1, #0x00]
	adds r2, r2, r4
	ldrb r0, [r2, #0x00]
	orrs r0, r3
	strb r0, [r2, #0x00]
	mov r2, r9
	ldr r1, [r2, #0x00]
	movs r0, #0x85
	lsls r0, r0, #0x02
	mov r10, r0
	add r1, r10
	ldrb r2, [r1, #0x00]
	movs r4, #0x08
	negs r4, r4
	adds r0, r4, #0x0
	ands r0, r2
	movs r2, #0x04
	mov r8, r2
	mov r2, r8
	orrs r0, r2
	strb r0, [r1, #0x00]
	mov r1, r9
	ldr r0, [r1, #0x00]
	ldr r1, _0803163C @ =0x00001041
	bl sub_8049000
	ldr r0, [r6, #0x00]
	add r0, r10
	ldrb r1, [r0, #0x00]
	ands r4, r1
	mov r2, r8
	orrs r4, r2
	strb r4, [r0, #0x00]
	ldr r0, [r6, #0x00]
	ldr r1, _08031640 @ =0x00001030
	bl sub_8049000
	ldr r4, [r6, #0x00]
	movs r0, #0xA5
	lsls r0, r0, #0x02
	adds r1, r4, r0
	ldr r3, [r1, #0x00]
	mov r1, r9
	ldr r2, [r1, #0x00]
	adds r0, r2, r0
	ldr r0, [r0, #0x00]
	adds r1, r5, #0x0
	adds r1, #0xFB
	ldrb r1, [r1, #0x00]
	lsrs r1, r1, #0x03
	adds r0, #0x20
	strb r1, [r0, #0x00]
	ldr r0, _08031644 @ =0x00000239
	adds r2, r2, r0
	strb r1, [r2, #0x00]
	adds r3, #0x20
	strb r1, [r3, #0x00]
	adds r4, r4, r0
	strb r1, [r4, #0x00]
	adds r0, r5, #0x0
	adds r0, #0xA8
	ldr r0, [r0, #0x00]
	ldr r2, [r6, #0x00]
	movs r1, #0x04
	movs r3, #0x00
	bl sub_804E0D8
	ldr r2, _08031648 @ =0x0000026E
	adds r1, r5, r2
	movs r0, #0x46
	strh r0, [r1, #0x00]
	ldr r0, _0803164C @ =0x0000020B
	adds r5, r5, r0
	ldrb r0, [r5, #0x00]
	movs r1, #0x80
	orrs r0, r1
	strb r0, [r5, #0x00]
	movs r1, #0x01
	negs r1, r1
	movs r0, #0x56
	bl play_sfx_80195B4
	pop {r3, r4, r5}
	mov r8, r3
	mov r9, r4
	mov r10, r5
	pop {r4, r5, r6}
	pop {r0}
	bx r0
_08031638: .4byte 0x00000351
_0803163C: .4byte 0x00001041
_08031640: .4byte 0x00001030
_08031644: .4byte 0x00000239
_08031648: .4byte 0x0000026E
_0803164C: .4byte 0x0000020B
	thumb_func_start sub_8031650
sub_8031650:
	push {r4, r5, lr}
	adds r5, r0, #0x0
	adds r4, r1, #0x0
	movs r1, #0x01
	movs r2, #0x01
	bl sub_802C4D4
	movs r3, #0x00
	movs r0, #0x3A
	strh r0, [r4, #0x04]
	ldr r0, _080316E4 @ =0x00000351
	adds r2, r4, r0
	ldrb r0, [r2, #0x00]
	movs r1, #0x40
	orrs r0, r1
	strb r0, [r2, #0x00]
	ldr r1, _080316E8 @ =0x0000023B
	adds r0, r4, r1
	strb r3, [r0, #0x00]
	movs r0, #0x85
	lsls r0, r0, #0x02
	adds r2, r4, r0
	ldrb r1, [r2, #0x00]
	movs r0, #0x08
	negs r0, r0
	ands r0, r1
	movs r1, #0x04
	orrs r0, r1
	strb r0, [r2, #0x00]
	ldr r1, _080316EC @ =0x00001030
	adds r0, r4, #0x0
	bl sub_8049000
	movs r1, #0xA5
	lsls r1, r1, #0x02
	adds r0, r4, r1
	ldr r1, [r0, #0x00]
	adds r0, r5, #0x0
	adds r0, #0xFB
	ldrb r0, [r0, #0x00]
	lsrs r0, r0, #0x03
	adds r1, #0x20
	strb r0, [r1, #0x00]
	ldr r2, _080316F0 @ =0x00000239
	adds r1, r4, r2
	strb r0, [r1, #0x00]
	adds r0, r5, #0x0
	adds r0, #0xA8
	ldr r0, [r0, #0x00]
	subs r2, #0x39
	adds r1, r5, r2
	ldr r2, [r1, #0x00]
	movs r1, #0x04
	movs r3, #0x00
	bl sub_804E0D8
	ldr r0, _080316F4 @ =0x00000355
	adds r4, r4, r0
	movs r0, #0x46
	strb r0, [r4, #0x00]
	ldr r1, _080316F8 @ =0x0000020B
	adds r5, r5, r1
	ldrb r0, [r5, #0x00]
	movs r1, #0x80
	orrs r0, r1
	strb r0, [r5, #0x00]
	movs r1, #0x01
	negs r1, r1
	movs r0, #0x56
	bl play_sfx_80195B4
	pop {r4, r5}
	pop {r0}
	bx r0
_080316E4: .4byte 0x00000351
_080316E8: .4byte 0x0000023B
_080316EC: .4byte 0x00001030
_080316F0: .4byte 0x00000239
_080316F4: .4byte 0x00000355
_080316F8: .4byte 0x0000020B
	thumb_func_start sub_80316FC
sub_80316FC:
	push {r4, lr}
	mov r12, r0
	movs r3, #0x00
_08031702:
	lsls r0, r3, #0x02
	mov r1, r12
	adds r1, #0xA8
	adds r0, r1, r0
	ldr r0, [r0, #0x00]
	ldrb r2, [r0, #0x00]
	movs r4, #0x40
	adds r0, r4, #0x0
	ands r0, r2
	cmp r0, #0x00
	beq _0803172A
_08031718:
	movs r1, #0x38
	ands r1, r2
	cmp r1, #0x10
	beq _0803173E
	movs r0, #0x04
	cmp r1, #0x18
	bne _0803175C
	movs r0, #0x03
	b _0803175C
_0803172A:
	adds r0, r3, #0x1
	lsls r0, r0, #0x02
	adds r0, r1, r0
	ldr r0, [r0, #0x00]
	ldrb r2, [r0, #0x00]
	adds r0, r4, #0x0
	ands r0, r2
	cmp r0, #0x00
	beq _08031742
	b _08031718
_0803173E:
	movs r0, #0x02
	b _0803175C
_08031742:
	adds r3, #0x02
	cmp r3, #0x07
	ble _08031702
	movs r2, #0x00
	ldr r0, _08031764 @ =0x00000246
	add r0, r12
	ldrb r1, [r0, #0x00]
	movs r0, #0x1C
	ands r0, r1
	cmp r0, #0x04
	bne _0803175A
	movs r2, #0x01
_0803175A:
	adds r0, r2, #0x0
_0803175C:
	pop {r4}
	pop {r1}
	bx r1
	.byte 0x00, 0x00
_08031764: .4byte 0x00000246
	thumb_func_start sub_8031768
sub_8031768:
	push {r4, r5, r6, r7, lr}
	mov r7, r10
	mov r6, r9
	mov r5, r8
	push {r5, r6, r7}
	add sp, #-0x00C
	adds r7, r0, #0x0
	movs r0, #0x81
	lsls r0, r0, #0x02
	adds r0, r0, r7
	mov r10, r0
	ldr r0, [r0, #0x00]
	ldrh r1, [r0, #0x04]
	movs r2, #0x04
	ldsh r0, [r0, r2]
	cmp r0, #0x3A
	beq _0803178C
	b _08031904
_0803178C:
	ldr r3, _080318E8 @ =0x0000026E
	adds r1, r7, r3
	ldrh r0, [r1, #0x00]
	subs r0, #0x01
	movs r3, #0x00
	strh r0, [r1, #0x00]
	lsls r0, r0, #0x10
	asrs r2, r0, #0x10
	cmp r2, #0x00
	beq _080317A4
	bl _080324FC
_080317A4:
	mov r4, r10
	ldr r0, [r4, #0x00]
	movs r6, #0xDA
	lsls r6, r6, #0x02
	mov r9, r6
	add r0, r9
	ldr r1, [r0, #0x00]
	movs r0, #0x80
	lsls r0, r0, #0x02
	adds r0, r0, r7
	mov r8, r0
	ldr r0, [r0, #0x00]
	add r0, r9
	ldr r0, [r0, #0x00]
	strb r3, [r0, #0x00]
	strb r3, [r1, #0x00]
	ldr r1, [r4, #0x00]
	mov r3, r8
	ldr r0, [r3, #0x00]
	strh r2, [r0, #0x04]
	strh r2, [r1, #0x04]
	ldr r5, [r4, #0x00]
	ldr r2, [r3, #0x00]
	movs r4, #0x80
	lsls r4, r4, #0x01
	adds r3, r7, r4
	ldrh r4, [r3, #0x00]
	ldr r0, _080318EC @ =0x0000023E
	adds r1, r2, r0
	strh r4, [r1, #0x00]
	ldrh r1, [r3, #0x00]
	adds r0, r5, r0
	strh r1, [r0, #0x00]
	ldrh r0, [r3, #0x00]
	movs r1, #0x98
	lsls r1, r1, #0x02
	adds r2, r2, r1
	strh r0, [r2, #0x00]
	ldrh r0, [r3, #0x00]
	adds r5, r5, r1
	strh r0, [r5, #0x00]
	mov r6, r10
	ldr r3, [r6, #0x00]
	mov r0, r8
	ldr r2, [r0, #0x00]
	movs r5, #0xD6
	lsls r5, r5, #0x02
	adds r2, r2, r5
	ldrb r4, [r2, #0x00]
	movs r1, #0x09
	negs r1, r1
	adds r0, r1, #0x0
	ands r0, r4
	strb r0, [r2, #0x00]
	adds r3, r3, r5
	ldrb r0, [r3, #0x00]
	ands r1, r0
	strb r1, [r3, #0x00]
	ldr r3, [r6, #0x00]
	mov r1, r8
	ldr r2, [r1, #0x00]
	subs r5, #0x07
	adds r2, r2, r5
	ldrb r4, [r2, #0x00]
	movs r1, #0x41
	negs r1, r1
	adds r0, r1, #0x0
	ands r0, r4
	strb r0, [r2, #0x00]
	adds r3, r3, r5
	ldrb r0, [r3, #0x00]
	ands r1, r0
	strb r1, [r3, #0x00]
	mov r2, r8
	ldr r1, [r2, #0x00]
	ldr r3, _080318F0 @ =0x0000035B
	adds r1, r1, r3
	ldrb r2, [r1, #0x00]
	movs r0, #0x21
	negs r0, r0
	ands r0, r2
	strb r0, [r1, #0x00]
	ldr r4, _080318F4 @ =0x00000246
	adds r2, r7, r4
	ldrb r1, [r2, #0x00]
	movs r0, #0x1D
	negs r0, r0
	ands r0, r1
	strb r0, [r2, #0x00]
	movs r6, #0x82
	lsls r6, r6, #0x02
	adds r2, r7, r6
	ldrb r0, [r2, #0x00]
	movs r1, #0x01
	orrs r0, r1
	strb r0, [r2, #0x00]
	ldr r0, _080318F8 @ =0x0000020B
	adds r2, r7, r0
	ldrb r1, [r2, #0x00]
	movs r0, #0x7F
	ands r0, r1
	strb r0, [r2, #0x00]
	mov r2, r10
	ldr r1, [r2, #0x00]
	movs r3, #0x85
	lsls r3, r3, #0x02
	adds r1, r1, r3
	ldrb r2, [r1, #0x00]
	movs r4, #0x08
	negs r4, r4
	adds r0, r4, #0x0
	ands r0, r2
	movs r5, #0x03
	orrs r0, r5
	strb r0, [r1, #0x00]
	mov r6, r10
	ldr r0, [r6, #0x00]
	ldr r1, _080318FC @ =0x00001002
	bl sub_8049000
	mov r1, r8
	ldr r0, [r1, #0x00]
	movs r2, #0x85
	lsls r2, r2, #0x02
	adds r0, r0, r2
	ldrb r1, [r0, #0x00]
	ands r4, r1
	orrs r4, r5
	strb r4, [r0, #0x00]
	mov r3, r8
	ldr r0, [r3, #0x00]
	ldr r1, _08031900 @ =0x00001001
	bl sub_8049000
	mov r4, r8
	ldr r0, [r4, #0x00]
	add r0, r9
	ldr r1, [r0, #0x00]
	ldrb r0, [r1, #0x12]
	strb r0, [r1, #0x10]
	ldr r0, [r4, #0x00]
	add r0, r9
	ldr r1, [r0, #0x00]
	movs r0, #0xFF
	strb r0, [r1, #0x12]
	ldr r1, [r4, #0x00]
	adds r0, r7, #0x0
	movs r2, #0x00
	movs r3, #0x00
	bl sub_802DDB4
	adds r0, r7, #0x0
	adds r0, #0xA8
	ldr r0, [r0, #0x00]
	bl sub_804FAF8
	adds r0, r7, #0x0
	movs r1, #0x00
	bl sub_802DF80
	bl _080324FC
_080318E8:
	lsls r6, r5, #0x09
	lsls r0, r0, #0x00
_080318EC:
	lsls r6, r7, #0x08
	lsls r0, r0, #0x00
_080318F0:
	lsls r3, r3, #0x0D
	lsls r0, r0, #0x00
_080318F4:
	lsls r6, r0, #0x09
	lsls r0, r0, #0x00
_080318F8:
	lsls r3, r1, #0x08
	lsls r0, r0, #0x00
_080318FC:
	asrs r2, r0, #0x20
	lsls r0, r0, #0x00
_08031900:
	asrs r1, r0, #0x20
	lsls r0, r0, #0x00
_08031904:
	adds r0, r1, #0x0
	subs r0, #0x37
	lsls r0, r0, #0x10
	lsrs r0, r0, #0x10
	cmp r0, #0x02
	bls _08031912
	b _08031D7C
_08031912:
	movs r0, #0x80
	lsls r0, r0, #0x02
	adds r6, r7, r0
	ldr r0, [r6, #0x00]
	bl sub_80465D8
	mov r2, r10
	ldr r1, [r2, #0x00]
	movs r3, #0x04
	ldsh r0, [r1, r3]
	cmp r0, #0x38
	bne _0803192C
	b _08031A74
_0803192C:
	cmp r0, #0x38
	bgt _08031938
	cmp r0, #0x37
	beq _08031942
	bl _080324FC
_08031938:
	cmp r0, #0x39
	bne _0803193E
	b _08031B80
_0803193E:
	bl _080324FC
_08031942:
	adds r0, r1, #0x0
	bl sub_80402C4
	ldr r4, _08031A60 @ =0x0000020A
	adds r0, r7, r4
	ldrb r1, [r0, #0x00]
	movs r0, #0x02
	ands r0, r1
	cmp r0, #0x00
	beq _0803195E
	mov r1, r10
	ldr r0, [r1, #0x00]
	bl sub_80402C4
_0803195E:
	ldr r2, _08031A64 @ =0x00000209
	adds r0, r7, r2
	ldrb r1, [r0, #0x00]
	movs r0, #0x40
	ands r0, r1
	cmp r0, #0x00
	bne _08031986
	mov r4, r10
	ldr r3, [r4, #0x00]
	ldr r4, [r3, #0x14]
	ldr r1, [r3, #0x18]
	adds r1, r4, r1
	ldr r0, [r6, #0x00]
	ldr r2, [r0, #0x14]
	ldr r0, [r0, #0x18]
	adds r0, r2, r0
	cmp r1, r0
	bge _08031986
	subs r0, r0, r4
	str r0, [r3, #0x18]
_08031986:
	movs r6, #0x81
	lsls r6, r6, #0x02
	adds r4, r7, r6
	ldr r0, [r4, #0x00]
	movs r1, #0xA5
	lsls r1, r1, #0x02
	adds r0, r0, r1
	ldr r3, [r0, #0x00]
	movs r2, #0x2A
	ldsh r1, [r3, r2]
	adds r0, r7, #0x0
	adds r0, #0xFB
	ldrb r0, [r0, #0x00]
	lsrs r0, r0, #0x03
	cmp r1, r0
	bhi _08031A0C
	subs r6, #0x04
	adds r5, r7, r6
	ldr r0, [r5, #0x00]
	movs r1, #0xA5
	lsls r1, r1, #0x02
	adds r0, r0, r1
	ldr r2, [r0, #0x00]
	ldr r1, _08031A68 @ =0x0839FA58
	adds r0, r3, #0x0
	adds r0, #0x23
	ldrb r0, [r0, #0x00]
	lsls r0, r0, #0x01
	adds r0, r0, r1
	ldrh r0, [r0, #0x00]
	strh r0, [r2, #0x06]
	ldr r0, [r4, #0x00]
	movs r2, #0xA5
	lsls r2, r2, #0x02
	adds r0, r0, r2
	ldr r0, [r0, #0x00]
	adds r0, #0x23
	ldrb r0, [r0, #0x00]
	cmp r0, #0x04
	bne _08031A0C
	ldr r4, _08031A6C @ =0x0000026B
	adds r3, r7, r4
	ldrb r2, [r3, #0x00]
	lsrs r1, r2, #0x05
	subs r1, #0x01
	lsls r1, r1, #0x05
	movs r0, #0x1F
	ands r0, r2
	orrs r0, r1
	strb r0, [r3, #0x00]
	lsls r0, r0, #0x18
	lsrs r0, r0, #0x1D
	lsls r0, r0, #0x02
	adds r1, r7, #0x0
	adds r1, #0xA8
	adds r1, r1, r0
	ldr r0, [r1, #0x00]
	ldr r2, [r5, #0x00]
	movs r1, #0x03
	movs r3, #0x00
	bl sub_804E0D8
	movs r1, #0x01
	negs r1, r1
	movs r0, #0x57
	bl play_sfx_80195B4
_08031A0C:
	movs r6, #0x81
	lsls r6, r6, #0x02
	adds r4, r7, r6
	ldr r0, [r4, #0x00]
	movs r1, #0xA5
	lsls r1, r1, #0x02
	adds r0, r0, r1
	ldr r0, [r0, #0x00]
	ldrb r1, [r0, #0x12]
	movs r0, #0x08
	ands r0, r1
	cmp r0, #0x00
	bne _08031A2A
	bl _080324FC
_08031A2A:
	ldr r2, _08031A70 @ =0x0000026E
	adds r1, r7, r2
	movs r2, #0x00
	movs r0, #0x14
	strh r0, [r1, #0x00]
	ldr r0, [r4, #0x00]
	movs r3, #0xA5
	lsls r3, r3, #0x02
	adds r0, r0, r3
	ldr r0, [r0, #0x00]
	adds r1, r0, #0x0
	adds r1, #0x21
	ldrb r1, [r1, #0x00]
	adds r1, #0x05
	str r2, [sp, #0x000]
	movs r3, #0x00
	bl sub_801E150
	ldr r2, [r4, #0x00]
	movs r4, #0x80
	lsls r4, r4, #0x02
	adds r0, r7, r4
	ldr r1, [r0, #0x00]
	movs r0, #0x38
	bl _0803228A
	lsls r0, r0, #0x00
_08031A60:
	lsls r2, r1, #0x08
	lsls r0, r0, #0x00
_08031A64:
	lsls r1, r1, #0x08
	lsls r0, r0, #0x00
_08031A68:
	.2byte 0xFA58 @ bl lr+1200
	lsrs r1, r7, #0x20
_08031A6C:
	lsls r3, r5, #0x09
	lsls r0, r0, #0x00
_08031A70:
	lsls r6, r5, #0x09
	lsls r0, r0, #0x00
_08031A74:
	ldr r0, _08031B64 @ =0x0000026E
	adds r2, r7, r0
	ldr r1, _08031B68 @ =0x0000020A
	adds r0, r7, r1
	ldrb r0, [r0, #0x00]
	lsls r0, r0, #0x1E
	lsrs r0, r0, #0x1F
	movs r1, #0x01
	lsls r1, r0
	ldrh r0, [r2, #0x00]
	subs r0, r0, r1
	strh r0, [r2, #0x00]
	lsls r0, r0, #0x10
	cmp r0, #0x00
	ble _08031A96
	bl _080324FC
_08031A96:
	movs r0, #0x00
	strh r0, [r2, #0x00]
	ldr r0, [r6, #0x00]
	movs r2, #0xA5
	lsls r2, r2, #0x02
	adds r0, r0, r2
	ldr r0, [r0, #0x00]
	movs r5, #0x80
	lsls r5, r5, #0x01
	strh r5, [r0, #0x06]
	mov r3, r10
	ldr r2, [r3, #0x00]
	movs r4, #0x85
	lsls r4, r4, #0x02
	adds r2, r2, r4
	ldrb r1, [r2, #0x00]
	movs r0, #0x08
	negs r0, r0
	ands r0, r1
	movs r1, #0x03
	orrs r0, r1
	strb r0, [r2, #0x00]
	ldr r0, [r3, #0x00]
	ldr r1, _08031B6C @ =0x00001002
	bl sub_8049000
	ldr r1, _08031B70 @ =0x00000209
	adds r0, r7, r1
	ldrb r1, [r0, #0x00]
	movs r0, #0x40
	ands r0, r1
	cmp r0, #0x00
	bne _08031B10
	mov r2, r10
	ldr r1, [r2, #0x00]
	ldr r4, [r6, #0x00]
	ldr r3, [r4, #0x0C]
	cmp r3, #0x00
	bge _08031AE6
	adds r3, #0xFF
_08031AE6:
	asrs r3, r3, #0x08
	ldr r0, [r4, #0x10]
	cmp r0, #0x00
	bge _08031AF0
	adds r0, #0xFF
_08031AF0:
	asrs r0, r0, #0x08
	str r0, [sp, #0x000]
	ldr r0, [r4, #0x14]
	cmp r0, #0x00
	bge _08031AFC
	adds r0, #0xFF
_08031AFC:
	asrs r0, r0, #0x08
	str r0, [sp, #0x004]
	adds r0, r7, r5
	ldrh r0, [r0, #0x00]
	str r0, [sp, #0x008]
	adds r0, r1, #0x0
	movs r1, #0x01
	movs r2, #0x00
	bl sub_8045A94
_08031B10:
	movs r3, #0x81
	lsls r3, r3, #0x02
	adds r2, r7, r3
	ldr r3, [r2, #0x00]
	movs r6, #0x80
	lsls r6, r6, #0x02
	adds r4, r7, r6
	ldr r1, [r4, #0x00]
	movs r0, #0x39
	strh r0, [r1, #0x04]
	strh r0, [r3, #0x04]
	ldr r1, [r2, #0x00]
	ldr r0, _08031B74 @ =0x00000212
	adds r1, r1, r0
	ldrb r2, [r1, #0x00]
	movs r0, #0x41
	negs r0, r0
	ands r0, r2
	strb r0, [r1, #0x00]
	ldr r1, _08031B78 @ =0x0000026B
	adds r0, r7, r1
	ldrb r1, [r0, #0x00]
	movs r0, #0xE0
	ands r0, r1
	cmp r0, #0x00
	beq _08031B48
	bl _080324FC
_08031B48:
	ldr r0, [r4, #0x00]
	ldr r1, _08031B7C @ =0x00001001
	bl sub_8049000
	ldr r0, [r4, #0x00]
	movs r2, #0xA5
	lsls r2, r2, #0x02
	adds r0, r0, r2
	ldr r1, [r0, #0x00]
	movs r0, #0x80
	lsls r0, r0, #0x01
	strh r0, [r1, #0x06]
	bl _080324FC
_08031B64:
	lsls r6, r5, #0x09
	lsls r0, r0, #0x00
_08031B68:
	lsls r2, r1, #0x08
	lsls r0, r0, #0x00
_08031B6C:
	asrs r2, r0, #0x20
	lsls r0, r0, #0x00
_08031B70:
	lsls r1, r1, #0x08
	lsls r0, r0, #0x00
_08031B74:
	lsls r2, r2, #0x08
	lsls r0, r0, #0x00
_08031B78:
	lsls r3, r5, #0x09
	lsls r0, r0, #0x00
_08031B7C:
	asrs r1, r0, #0x20
	lsls r0, r0, #0x00
_08031B80:
	adds r0, r7, #0x0
	bl sub_802DC0C
	lsls r0, r0, #0x18
	cmp r0, #0x00
	bne _08031B96
	mov r3, r10
	ldr r0, [r3, #0x00]
	ldr r0, [r0, #0x18]
	cmp r0, #0x00
	beq _08031BA6
_08031B96:
	mov r4, r10
	ldr r0, [r4, #0x00]
	bl sub_8047B78
	lsls r0, r0, #0x18
	cmp r0, #0x00
	beq _08031BA6
	b _08031D58
_08031BA6:
	movs r0, #0x81
	lsls r0, r0, #0x02
	adds r6, r7, r0
	ldr r0, [r6, #0x00]
	bl sub_8047B78
	lsls r0, r0, #0x18
	lsrs r0, r0, #0x18
	cmp r0, #0x01
	bne _08031BCC
	ldr r1, [r6, #0x00]
	ldr r0, [r1, #0x0C]
	ldr r2, _08031D18 @ =0xFFFFFF00
	ands r0, r2
	str r0, [r1, #0x0C]
	ldr r1, [r6, #0x00]
	ldr r0, [r1, #0x10]
	ands r0, r2
	str r0, [r1, #0x10]
_08031BCC:
	ldr r0, [r6, #0x00]
	bl sub_8046980
	ldr r2, [r6, #0x00]
	movs r1, #0x80
	lsls r1, r1, #0x02
	adds r1, r1, r7
	mov r8, r1
	ldr r1, [r1, #0x00]
	movs r0, #0x00
	strh r0, [r1, #0x04]
	strh r0, [r2, #0x04]
	ldr r3, [r6, #0x00]
	mov r4, r8
	ldr r2, [r4, #0x00]
	movs r5, #0xD6
	lsls r5, r5, #0x02
	adds r2, r2, r5
	ldrb r4, [r2, #0x00]
	movs r1, #0x09
	negs r1, r1
	adds r0, r1, #0x0
	ands r0, r4
	strb r0, [r2, #0x00]
	adds r3, r3, r5
	ldrb r0, [r3, #0x00]
	ands r1, r0
	strb r1, [r3, #0x00]
	ldr r3, [r6, #0x00]
	mov r0, r8
	ldr r2, [r0, #0x00]
	subs r5, #0x07
	adds r2, r2, r5
	ldrb r4, [r2, #0x00]
	movs r1, #0x41
	negs r1, r1
	adds r0, r1, #0x0
	ands r0, r4
	strb r0, [r2, #0x00]
	adds r3, r3, r5
	ldrb r0, [r3, #0x00]
	ands r1, r0
	strb r1, [r3, #0x00]
	ldr r1, [r6, #0x00]
	ldr r3, _08031D1C @ =0x0000020D
	adds r1, r1, r3
	ldrb r2, [r1, #0x00]
	movs r4, #0x21
	negs r4, r4
	mov r10, r4
	mov r0, r10
	ands r0, r2
	strb r0, [r1, #0x00]
	ldr r1, [r6, #0x00]
	adds r1, r1, r3
	ldrb r0, [r1, #0x00]
	movs r2, #0x40
	orrs r0, r2
	strb r0, [r1, #0x00]
	ldr r1, [r6, #0x00]
	ldr r0, _08031D20 @ =0x0000035A
	adds r1, r1, r0
	ldrb r2, [r1, #0x00]
	movs r0, #0x03
	negs r0, r0
	ands r0, r2
	strb r0, [r1, #0x00]
	adds r0, r7, #0x0
	movs r1, #0x00
	bl sub_802DF80
	ldr r1, _08031D24 @ =0x0000020B
	adds r2, r7, r1
	ldrb r1, [r2, #0x00]
	movs r0, #0x7F
	ands r0, r1
	strb r0, [r2, #0x00]
	ldr r2, _08031D28 @ =0x0000026B
	adds r0, r7, r2
	ldrb r1, [r0, #0x00]
	movs r0, #0xE0
	ands r0, r1
	cmp r0, #0x00
	bne _08031D38
	ldr r0, [r6, #0x00]
	movs r3, #0xDA
	lsls r3, r3, #0x02
	mov r9, r3
	add r0, r9
	ldr r1, [r0, #0x00]
	mov r4, r8
	ldr r0, [r4, #0x00]
	add r0, r9
	ldr r0, [r0, #0x00]
	movs r2, #0x00
	strb r2, [r0, #0x00]
	strb r2, [r1, #0x00]
	ldr r5, [r6, #0x00]
	ldr r4, [r4, #0x00]
	movs r3, #0x80
	lsls r3, r3, #0x01
	adds r2, r7, r3
	ldrh r3, [r2, #0x00]
	movs r0, #0x90
	lsls r0, r0, #0x02
	adds r1, r4, r0
	strh r3, [r1, #0x00]
	ldrh r1, [r2, #0x00]
	adds r0, r5, r0
	strh r1, [r0, #0x00]
	ldrh r3, [r2, #0x00]
	ldr r0, _08031D2C @ =0x0000023E
	adds r1, r4, r0
	strh r3, [r1, #0x00]
	ldrh r1, [r2, #0x00]
	adds r0, r5, r0
	strh r1, [r0, #0x00]
	ldrh r0, [r2, #0x00]
	movs r1, #0x98
	lsls r1, r1, #0x02
	adds r4, r4, r1
	strh r0, [r4, #0x00]
	ldrh r0, [r2, #0x00]
	adds r5, r5, r1
	strh r0, [r5, #0x00]
	mov r4, r8
	ldr r1, [r4, #0x00]
	ldr r6, _08031D30 @ =0x0000035B
	adds r1, r1, r6
	ldrb r2, [r1, #0x00]
	mov r0, r10
	ands r0, r2
	strb r0, [r1, #0x00]
	ldr r0, [r4, #0x00]
	add r0, r9
	ldr r1, [r0, #0x00]
	ldrb r0, [r1, #0x12]
	strb r0, [r1, #0x10]
	ldr r0, [r4, #0x00]
	add r0, r9
	ldr r1, [r0, #0x00]
	movs r0, #0xFF
	strb r0, [r1, #0x12]
	ldr r1, [r4, #0x00]
	adds r0, r7, #0x0
	movs r2, #0x00
	movs r3, #0x00
	bl sub_802DDB4
	movs r0, #0x82
	lsls r0, r0, #0x02
	adds r2, r7, r0
	ldrb r0, [r2, #0x00]
	movs r1, #0x01
	orrs r0, r1
	strb r0, [r2, #0x00]
	ldr r1, _08031D34 @ =0x00000246
	adds r2, r7, r1
	ldrb r1, [r2, #0x00]
	movs r0, #0x1D
	negs r0, r0
	ands r0, r1
	strb r0, [r2, #0x00]
	bl _080324FC
	lsls r0, r0, #0x00
_08031D18:
	.2byte 0xFF00 @ bl lr+3584
	.2byte 0xFFFF @ bl lr+4094
_08031D1C:
	lsls r5, r1, #0x08
	lsls r0, r0, #0x00
_08031D20:
	lsls r2, r3, #0x0D
	lsls r0, r0, #0x00
_08031D24:
	lsls r3, r1, #0x08
	lsls r0, r0, #0x00
_08031D28:
	lsls r3, r5, #0x09
	lsls r0, r0, #0x00
_08031D2C:
	lsls r6, r7, #0x08
	lsls r0, r0, #0x00
_08031D30:
	lsls r3, r3, #0x0D
	lsls r0, r0, #0x00
_08031D34:
	lsls r6, r0, #0x09
	lsls r0, r0, #0x00
_08031D38:
	ldr r2, _08031D54 @ =0x0000020A
	adds r0, r7, r2
	ldrb r1, [r0, #0x00]
	movs r0, #0x02
	ands r0, r1
	cmp r0, #0x00
	bne _08031D48
	b _080324FC
_08031D48:
	mov r3, r8
	ldr r1, [r3, #0x00]
	adds r0, r7, #0x0
	bl sub_8031650
	b _080324FC
_08031D54: .4byte 0x0000020A
_08031D58:
	mov r4, r10
	ldr r0, [r4, #0x00]
	adds r4, r7, #0x0
	adds r4, #0x28
	adds r1, r4, #0x0
	bl sub_80461B4
	mov r6, r10
	ldr r0, [r6, #0x00]
	bl sub_80465D8
	ldr r0, [r6, #0x00]
	adds r1, r4, #0x0
	movs r2, #0x00
	movs r3, #0x00
	bl sub_804FB64
	b _080324FC
_08031D7C:
	adds r0, r1, #0x0
	subs r0, #0x2E
	lsls r0, r0, #0x10
	asrs r0, r0, #0x10
	adds r6, r7, #0x0
	adds r6, #0x28
	cmp r0, #0x08
	bls _08031D8E
	b _08031EF4
_08031D8E:
	lsls r0, r0, #0x02
	ldr r1, _08031D98 @ =0x08031D9C
	adds r0, r0, r1
	ldr r0, [r0, #0x00]
	mov pc, r0
_08031D98: .4byte 0x08031D9C
	.byte 0xC0, 0x1D, 0x03, 0x08, 0xC0, 0x1D, 0x03, 0x08, 0xC0, 0x1D, 0x03, 0x08, 0xC0, 0x1D, 0x03, 0x08
	.byte 0x00, 0x1E, 0x03, 0x08, 0x84, 0x1E, 0x03, 0x08, 0x94, 0x1E, 0x03, 0x08, 0xC0, 0x1D, 0x03, 0x08
	.byte 0xC0, 0x1D, 0x03, 0x08, 0x81, 0x20, 0x80, 0x00, 0x3D, 0x18, 0x28, 0x68, 0x0E, 0xF0, 0x7C, 0xFA
	.byte 0x28, 0x68, 0x3C, 0x1C, 0x28, 0x34, 0x21, 0x1C, 0x14, 0xF0, 0xEE, 0xF9, 0x08, 0x49, 0x78, 0x18
	.byte 0x01, 0x78, 0x02, 0x20, 0x08, 0x40, 0x26, 0x1C, 0x00, 0x28, 0x00, 0xD1, 0x84, 0xE0, 0x28, 0x68
	.byte 0x0E, 0xF0, 0x6A, 0xFA, 0x28, 0x68, 0x31, 0x1C, 0x14, 0xF0, 0xDE, 0xF9, 0x7C, 0xE0, 0x00, 0x00
	.byte 0x0A, 0x02, 0x00, 0x00, 0x94, 0x22, 0x92, 0x00, 0xBB, 0x18, 0x18, 0x78, 0x01, 0x38, 0x18, 0x70
	.byte 0x1A, 0x4C, 0x39, 0x19, 0x08, 0x88, 0x01, 0x38, 0x08, 0x80, 0x00, 0x20, 0x18, 0x56, 0x3E, 0x1C
	.byte 0x28, 0x36, 0x00, 0x28, 0x68, 0xDB, 0x16, 0x48, 0x81, 0x46, 0x00, 0x20, 0x18, 0x56, 0x08, 0x21
	.byte 0x88, 0x46, 0x08, 0x1A, 0x80, 0x00, 0x48, 0x44, 0x00, 0x88, 0x02, 0x02, 0x6A, 0x3C, 0x38, 0x19
	.byte 0x01, 0x68, 0x10, 0x4C, 0x10, 0x19, 0x88, 0x61, 0x80, 0x20, 0x80, 0x00, 0x3C, 0x18, 0x20, 0x68
	.byte 0xA5, 0x25, 0xAD, 0x00, 0x40, 0x19, 0x01, 0x68, 0x10, 0x1C, 0x40, 0x11, 0xC8, 0x80, 0x20, 0x68
	.byte 0x40, 0x19, 0x01, 0x68, 0x00, 0x20, 0x18, 0x56, 0x42, 0x46, 0x10, 0x1A, 0x40, 0x00, 0x01, 0x30
	.byte 0x40, 0x00, 0x48, 0x44, 0x00, 0x88, 0x88, 0x80, 0x3E, 0xE0, 0x00, 0x00, 0x6E, 0x02, 0x00, 0x00
	.byte 0x78, 0xFA, 0x39, 0x08, 0x00, 0xFC, 0xFF, 0xFF, 0x02, 0x4B, 0xF9, 0x18, 0x08, 0x88, 0x01, 0x38
	.byte 0x08, 0x80, 0x2F, 0xE0, 0x6E, 0x02, 0x00, 0x00, 0x94, 0x24, 0xA4, 0x00, 0x3B, 0x19, 0x18, 0x78
	.byte 0x01, 0x30, 0x18, 0x70, 0x36, 0x4E, 0xB0, 0x46, 0x00, 0x20, 0x18, 0x56, 0x08, 0x26, 0x30, 0x1A
	.byte 0x80, 0x00, 0x40, 0x44, 0x00, 0x88, 0x02, 0x02, 0x81, 0x21, 0x89, 0x00, 0x78, 0x18, 0x01, 0x68
	.byte 0x30, 0x4C, 0x10, 0x19, 0x88, 0x61, 0x80, 0x20, 0x80, 0x00, 0x3C, 0x18, 0x20, 0x68, 0xA5, 0x25
	.byte 0xAD, 0x00, 0x40, 0x19, 0x01, 0x68, 0x10, 0x1C, 0x40, 0x11, 0xC8, 0x80, 0x20, 0x68, 0x40, 0x19
	.byte 0x01, 0x68, 0x00, 0x20, 0x18, 0x56, 0x30, 0x1A, 0x40, 0x00, 0x01, 0x30, 0x40, 0x00, 0x40, 0x44
	.byte 0x00, 0x88, 0x88, 0x80, 0x3E, 0x1C, 0x28, 0x36
_08031EF4:
	movs r1, #0x80
	lsls r1, r1, #0x02
	adds r4, r7, r1
	ldr r1, [r4, #0x00]
	adds r0, r7, #0x0
	bl sub_80303C4
	ldr r0, [r4, #0x00]
	bl sub_80465D8
	ldr r0, [r4, #0x00]
	movs r5, #0xCE
	lsls r5, r5, #0x02
	adds r1, r0, r5
	ldr r1, [r1, #0x00]
	adds r1, #0x68
	movs r3, #0x00
	ldsh r2, [r1, r3]
	adds r0, r0, r2
	ldr r1, [r1, #0x04]
	bl _call_via_r1
	ldr r0, [r4, #0x00]
	adds r1, r6, #0x0
	movs r2, #0x00
	movs r3, #0x00
	bl sub_804FB64
	movs r0, #0x81
	lsls r0, r0, #0x02
	adds r4, r7, r0
	ldr r1, [r4, #0x00]
	adds r0, r7, #0x0
	bl sub_80303C4
	ldr r0, [r4, #0x00]
	bl sub_80465D8
	ldr r0, [r4, #0x00]
	adds r5, r0, r5
	ldr r1, [r5, #0x00]
	adds r1, #0x68
	movs r3, #0x00
	ldsh r2, [r1, r3]
	adds r0, r0, r2
	ldr r1, [r1, #0x04]
	bl _call_via_r1
	ldr r0, [r4, #0x00]
	adds r1, r6, #0x0
	movs r2, #0x00
	movs r3, #0x00
	bl sub_804FB64
	ldr r0, [r4, #0x00]
	ldrh r0, [r0, #0x04]
	subs r0, #0x2E
	lsls r0, r0, #0x10
	asrs r0, r0, #0x10
	cmp r0, #0x08
	bls _08031F70
	b _080324FC
_08031F70:
	lsls r0, r0, #0x02
	ldr r1, _08031F84 @ =0x08031F88
	adds r0, r0, r1
	ldr r0, [r0, #0x00]
	mov pc, r0
	.byte 0x00, 0x00, 0x78, 0xFA, 0x39, 0x08, 0x00, 0xFC, 0xFF, 0xFF
_08031F84: .4byte 0x08031F88
	.byte 0xAC, 0x1F, 0x03, 0x08, 0x80, 0x20, 0x03, 0x08, 0x90, 0x22, 0x03, 0x08, 0x2E, 0x23, 0x03, 0x08
	.byte 0xE0, 0x20, 0x03, 0x08, 0x44, 0x21, 0x03, 0x08, 0xF0, 0x21, 0x03, 0x08, 0x06, 0x23, 0x03, 0x08
	.byte 0x2E, 0x23, 0x03, 0x08, 0x81, 0x24, 0xA4, 0x00, 0x3E, 0x19, 0x32, 0x68, 0x96, 0x21, 0x89, 0x00
	.byte 0x50, 0x18, 0x00, 0x68, 0x00, 0x28, 0x42, 0xDA, 0x90, 0x8C, 0xC0, 0x05, 0x80, 0x0F, 0x01, 0x21
	.byte 0x08, 0x40, 0x00, 0x28, 0x05, 0xD1, 0x50, 0x6A, 0xC0, 0x03, 0x80, 0x0F, 0x08, 0x40, 0x00, 0x28
	.byte 0x2E, 0xD0, 0x80, 0x23, 0x9B, 0x00, 0xF8, 0x18, 0x01, 0x68, 0x00, 0x25, 0x31, 0x20, 0x88, 0x80
	.byte 0x90, 0x80, 0x30, 0x68, 0x10, 0x4C, 0x01, 0x19, 0x0C, 0x88, 0x14, 0xF0, 0xC5, 0xFC, 0x30, 0x68
	.byte 0x92, 0x22, 0x92, 0x00, 0xB9, 0x18, 0x00, 0x22, 0x8B, 0x5E, 0x0C, 0x4A, 0xB9, 0x18, 0x00, 0x22
	.byte 0x89, 0x5E, 0x00, 0x91, 0x01, 0x95, 0x02, 0x94, 0x02, 0x21, 0x00, 0x22, 0x13, 0xF0, 0x3E, 0xFD
	.byte 0x32, 0x68, 0x85, 0x23, 0x9B, 0x00, 0xD2, 0x18, 0x11, 0x78, 0x08, 0x20, 0x40, 0x42, 0x08, 0x40
	.byte 0x02, 0x21, 0x08, 0x43, 0x10, 0x70, 0x0A, 0xE0, 0xDE, 0x02, 0x00, 0x00, 0x4A, 0x02, 0x00, 0x00
	.byte 0x80, 0x24, 0xA4, 0x00, 0x38, 0x19, 0x01, 0x68, 0x2F, 0x20, 0x88, 0x80, 0x90, 0x80, 0x81, 0x26
	.byte 0xB6, 0x00, 0xBB, 0x19, 0x1A, 0x68, 0x04, 0x21, 0x50, 0x5E, 0x31, 0x28, 0x00, 0xD1, 0x51, 0xE2
	.byte 0x91, 0x8C, 0x08, 0x48, 0x08, 0x40, 0x00, 0x28, 0x00, 0xD1, 0x4B, 0xE2, 0x80, 0x24, 0xA4, 0x00
	.byte 0x38, 0x19, 0x01, 0x68, 0x30, 0x20, 0x88, 0x80, 0x90, 0x80, 0x18, 0x68, 0x14, 0xF0, 0x84, 0xFC
	.byte 0x40, 0xE2, 0x00, 0x00, 0x78, 0x78, 0x00, 0x00, 0x81, 0x26, 0xB6, 0x00, 0xBC, 0x19, 0x20, 0x68
	.byte 0x15, 0xF0, 0x76, 0xFD, 0x00, 0x06, 0x00, 0x28, 0x00, 0xD0, 0x33, 0xE2, 0x23, 0x68, 0x80, 0x20
	.byte 0x80, 0x00, 0x3A, 0x18, 0x11, 0x68, 0x32, 0x20, 0x88, 0x80, 0x98, 0x80, 0x94, 0x23, 0x9B, 0x00
	.byte 0xF9, 0x18, 0x08, 0x20, 0x08, 0x70, 0x21, 0x68, 0x10, 0x68, 0x80, 0x78, 0x88, 0x70, 0x23, 0x68
	.byte 0x10, 0x68, 0x24, 0x30, 0x01, 0x78, 0x49, 0x07, 0x24, 0x33, 0x49, 0x0F, 0x1A, 0x78, 0x08, 0x20
	.byte 0x40, 0x42, 0x10, 0x40, 0x08, 0x43, 0x18, 0x70, 0x02, 0x4C, 0x39, 0x19, 0x04, 0x20, 0x08, 0x80
	.byte 0x10, 0xE2, 0x00, 0x00, 0x72, 0x02, 0x00, 0x00, 0x15, 0x4E, 0xB9, 0x19, 0x08, 0x88, 0x01, 0x38
	.byte 0x08, 0x80, 0x00, 0x04, 0x00, 0x28, 0x04, 0xD1, 0x01, 0x21, 0x49, 0x42, 0x56, 0x20, 0xE7, 0xF7
	.byte 0x5D, 0xFA, 0x94, 0x21, 0x89, 0x00, 0x78, 0x18, 0x00, 0x78, 0x00, 0x06, 0x00, 0x16, 0x00, 0x28
	.byte 0x00, 0xDB, 0xF7, 0xE1, 0x81, 0x22, 0x92, 0x00, 0xB8, 0x18, 0x02, 0x68, 0x80, 0x23, 0x9B, 0x00
	.byte 0xF8, 0x18, 0x01, 0x68, 0x33, 0x20, 0x88, 0x80, 0x90, 0x80, 0x06, 0x4C, 0x3A, 0x19, 0x11, 0x78
	.byte 0x1F, 0x20, 0x08, 0x40, 0x10, 0x70, 0x04, 0x4E, 0xB9, 0x19, 0x3C, 0x20, 0x08, 0x80, 0xE1, 0xE1
	.byte 0x72, 0x02, 0x00, 0x00, 0x6B, 0x02, 0x00, 0x00, 0x6E, 0x02, 0x00, 0x00, 0x17, 0x48, 0x3B, 0x18
	.byte 0x00, 0x21, 0x58, 0x5E, 0x00, 0x28, 0x2D, 0xDA, 0x82, 0x23, 0x9B, 0x00, 0xFA, 0x18, 0x10, 0x78
	.byte 0x01, 0x21, 0x08, 0x43, 0x10, 0x70, 0x80, 0x26, 0xB6, 0x00, 0xBC, 0x19, 0x20, 0x68, 0x10, 0x4D
	.byte 0x29, 0x1C, 0x16, 0xF0, 0x49, 0xFF, 0x20, 0x68, 0x86, 0x21, 0x89, 0x00, 0x40, 0x18, 0x05, 0x80
	.byte 0x21, 0x68, 0x85, 0x23, 0x9B, 0x00, 0xC9, 0x18, 0x0A, 0x78, 0x7F, 0x20, 0x10, 0x40, 0x08, 0x70
	.byte 0x21, 0x68, 0xC9, 0x18, 0x0A, 0x78, 0x41, 0x20, 0x40, 0x42, 0x10, 0x40, 0x08, 0x70, 0x81, 0x22
	.byte 0x92, 0x00, 0xB8, 0x18, 0x02, 0x68, 0x21, 0x68, 0x34, 0x20, 0x72, 0xE0, 0x6E, 0x02, 0x00, 0x00
	.byte 0x01, 0x10, 0x00, 0x00, 0x0F, 0x4C, 0x3D, 0x19, 0x28, 0x78, 0x40, 0x09, 0x80, 0x00, 0x39, 0x1C
	.byte 0xA8, 0x31, 0x09, 0x18, 0x09, 0x68, 0x80, 0x26, 0xB6, 0x00, 0xB8, 0x19, 0x02, 0x68, 0x00, 0x20
	.byte 0x1B, 0x5E, 0x00, 0x2B, 0x00, 0xDA, 0x03, 0x33, 0x9B, 0x10, 0x08, 0x1C, 0x02, 0x21, 0x1B, 0xF0
	.byte 0x7F, 0xFF, 0x2A, 0x78, 0x51, 0x09, 0x01, 0x31, 0x49, 0x01, 0x1F, 0x20, 0x10, 0x40, 0x08, 0x43
	.byte 0x28, 0x70, 0x87, 0xE1, 0x6B, 0x02, 0x00, 0x00, 0x94, 0x21, 0x89, 0x00, 0x78, 0x18, 0x00, 0x78
	.byte 0x00, 0x06, 0x00, 0x16, 0x08, 0x28, 0x00, 0xD0, 0x7C, 0xE1, 0x81, 0x22, 0x92, 0x00, 0xBC, 0x18
	.byte 0x20, 0x68, 0x3D, 0x1C, 0xFB, 0x35, 0x29, 0x78, 0x49, 0x07, 0xC9, 0x0F, 0xEE, 0x22, 0x0A, 0x41
	.byte 0x80, 0x23, 0x5B, 0x00, 0xF9, 0x18, 0x00, 0x26, 0x8B, 0x5F, 0x04, 0x21, 0x0D, 0xF0, 0x44, 0xFF
	.byte 0x24, 0x68, 0x92, 0x21, 0x89, 0x00, 0x78, 0x18, 0x00, 0x22, 0x83, 0x5E, 0x06, 0x4E, 0xB8, 0x19
	.byte 0x00, 0x21, 0x40, 0x5E, 0x00, 0x90, 0x00, 0x20, 0x01, 0x90, 0x29, 0x78, 0x04, 0x20, 0x08, 0x40
	.byte 0x00, 0x28, 0x03, 0xD0, 0x10, 0x20, 0x02, 0xE0, 0x4A, 0x02, 0x00, 0x00, 0x0A, 0x20, 0x02, 0x90
	.byte 0x20, 0x1C, 0x02, 0x21, 0x00, 0x22, 0x13, 0xF0, 0x19, 0xFC, 0x81, 0x22, 0x92, 0x00, 0xBB, 0x18
	.byte 0x1A, 0x68, 0x85, 0x24, 0xA4, 0x00, 0x12, 0x19, 0x11, 0x78, 0x08, 0x20, 0x40, 0x42, 0x08, 0x40
	.byte 0x02, 0x21, 0x08, 0x43, 0x10, 0x70, 0x1A, 0x68, 0x80, 0x26, 0xB6, 0x00, 0xB8, 0x19, 0x01, 0x68
	.byte 0x35, 0x20
_0803228A:
	.byte 0x88, 0x80, 0x90, 0x80, 0x35, 0xE1, 0x81, 0x20, 0x80, 0x00, 0x3C, 0x18, 0x21, 0x68, 0x96, 0x22
	.byte 0x92, 0x00, 0x88, 0x18, 0x00, 0x68, 0x00, 0x28, 0x44, 0xDA, 0x08, 0x1C, 0x14, 0xF0, 0x6B, 0xFB
	.byte 0x22, 0x68, 0x92, 0x23, 0x9B, 0x00, 0xF8, 0x18, 0x00, 0x24, 0x03, 0x5F, 0x08, 0x4E, 0xB8, 0x19
	.byte 0x00, 0x21, 0x40, 0x5E, 0x00, 0x90, 0x00, 0x20, 0x01, 0x90, 0x38, 0x1C, 0xFB, 0x30, 0x01, 0x78
	.byte 0x04, 0x20, 0x08, 0x40, 0x00, 0x28, 0x04, 0xD0, 0x0E, 0x20, 0x03, 0xE0, 0x00, 0x00, 0x4A, 0x02
	.byte 0x00, 0x00, 0x08, 0x20, 0x02, 0x90, 0x10, 0x1C, 0x02, 0x21, 0x00, 0x22, 0x13, 0xF0, 0xD5, 0xFB
	.byte 0x81, 0x22, 0x92, 0x00, 0xB8, 0x18, 0x02, 0x68, 0x85, 0x23, 0x9B, 0x00, 0xD2, 0x18, 0x11, 0x78
	.byte 0x08, 0x20, 0x40, 0x42, 0x08, 0x40, 0x02, 0x21, 0x08, 0x43, 0x10, 0x70, 0x81, 0x24, 0xA4, 0x00
	.byte 0x38, 0x19, 0x01, 0x68, 0x96, 0x26, 0xB6, 0x00, 0x88, 0x19, 0x00, 0x68, 0x00, 0x28, 0x09, 0xDA
	.byte 0x88, 0x88, 0x01, 0x30, 0x88, 0x80, 0x80, 0x21, 0x89, 0x00, 0x78, 0x18, 0x01, 0x68, 0x88, 0x88
	.byte 0x01, 0x30, 0x88, 0x80, 0x40, 0x4A, 0xBD, 0x18, 0x29, 0x78, 0x02, 0x20, 0x08, 0x40, 0x00, 0x28
	.byte 0x1E, 0xD1, 0x81, 0x23, 0x9B, 0x00, 0xFC, 0x18, 0x20, 0x68, 0x80, 0x26, 0xB6, 0x00, 0xB9, 0x19
	.byte 0x09, 0x68, 0x15, 0xF0, 0x64, 0xFC, 0x00, 0x28, 0x12, 0xD0, 0x21, 0x68, 0x48, 0x6B, 0xC8, 0x60
	.byte 0x21, 0x68, 0x88, 0x6B, 0x08, 0x61, 0x21, 0x68, 0xC8, 0x6B, 0x48, 0x61, 0x21, 0x68, 0x08, 0x6C
	.byte 0x88, 0x61, 0x20, 0x68, 0x14, 0xF0, 0x07, 0xFB, 0x28, 0x78, 0x02, 0x21, 0x08, 0x43, 0x28, 0x70
	.byte 0x81, 0x20, 0x80, 0x00, 0x3D, 0x18, 0x2A, 0x68, 0x97, 0x21, 0x89, 0x00, 0x50, 0x18, 0x01, 0x68
	.byte 0x01, 0x20, 0x40, 0x42, 0x81, 0x42, 0x00, 0xD0, 0xB3, 0xE0, 0x04, 0x23, 0xD0, 0x5E, 0x36, 0x28
	.byte 0x51, 0xD1, 0xDA, 0x24, 0xA4, 0x00, 0xA2, 0x46, 0x10, 0x19, 0x02, 0x68, 0x80, 0x26, 0xB6, 0x00
	.byte 0xF0, 0x59, 0x50, 0x44, 0x01, 0x68, 0x00, 0x20, 0x08, 0x70, 0x10, 0x70, 0x2D, 0x68, 0xF2, 0x59
	.byte 0x80, 0x20, 0x40, 0x00, 0x3B, 0x18, 0x1C, 0x88, 0x1C, 0x48, 0x11, 0x18, 0x0C, 0x80, 0x19, 0x88
	.byte 0x28, 0x18, 0x01, 0x80, 0x18, 0x88, 0x98, 0x21, 0x89, 0x00, 0x52, 0x18, 0x10, 0x80, 0x18, 0x88
	.byte 0x6D, 0x18, 0x28, 0x80, 0xF1, 0x59, 0x15, 0x4A, 0x89, 0x18, 0x0A, 0x78, 0x21, 0x20, 0x40, 0x42
	.byte 0x10, 0x40, 0x08, 0x70, 0xF0, 0x59, 0x50, 0x44, 0x01, 0x68, 0x88, 0x7C, 0x08, 0x74, 0xF0, 0x59
	.byte 0x50, 0x44, 0x01, 0x68, 0xFF, 0x20, 0x88, 0x74, 0xF1, 0x59, 0x38, 0x1C, 0x00, 0x22, 0x00, 0x23
	.byte 0xFB, 0xF7, 0xD3, 0xFC, 0x0B, 0x4B, 0xFA, 0x18, 0x11, 0x78, 0x1F, 0x20, 0x08, 0x40, 0x10, 0x70
	.byte 0x05, 0x4C, 0x3A, 0x19, 0x11, 0x78, 0x1D, 0x20, 0x40, 0x42, 0x08, 0x40, 0x10, 0x70, 0x01, 0x26
	.byte 0xB2, 0x46, 0x0A, 0xE0, 0x00, 0x00, 0x46, 0x02, 0x00, 0x00, 0x3E, 0x02, 0x00, 0x00, 0x5B, 0x03
	.byte 0x00, 0x00, 0x6B, 0x02, 0x00, 0x00, 0x00, 0x20, 0x82, 0x46, 0x81, 0x21, 0x89, 0x00, 0xC9, 0x19
	.byte 0x88, 0x46, 0x0A, 0x68, 0x80, 0x23, 0x9B, 0x00, 0xDB, 0x19, 0x99, 0x46, 0x19, 0x68, 0x00, 0x20
	.byte 0x88, 0x80, 0x90, 0x80, 0x44, 0x46, 0x23, 0x68, 0x4E, 0x46, 0x32, 0x68, 0xD6, 0x25, 0xAD, 0x00
	.byte 0x52, 0x19, 0x14, 0x78, 0x09, 0x21, 0x49, 0x42, 0x08, 0x1C, 0x20, 0x40, 0x10, 0x70, 0x5B, 0x19
	.byte 0x18, 0x78, 0x01, 0x40, 0x19, 0x70, 0x40, 0x46, 0x03, 0x68, 0x32, 0x68, 0x07, 0x3D, 0x52, 0x19
	.byte 0x14, 0x78, 0x41, 0x21, 0x49, 0x42, 0x08, 0x1C, 0x20, 0x40, 0x10, 0x70, 0x5B, 0x19, 0x18, 0x78
	.byte 0x01, 0x40, 0x19, 0x70, 0x41, 0x46, 0x0A, 0x68, 0x85, 0x23, 0x9B, 0x00, 0xD2, 0x18, 0x11, 0x78
	.byte 0x08, 0x20, 0x40, 0x42, 0x08, 0x40, 0x03, 0x21, 0x08, 0x43, 0x10, 0x70, 0x44, 0x46, 0x20, 0x68
	.byte 0x14, 0xF0, 0x61, 0xFA, 0x21, 0x68, 0x08, 0x1C, 0x24, 0x30, 0x00, 0x78, 0x40, 0x01, 0x88, 0x70
	.byte 0x10, 0x4E, 0xBA, 0x19, 0x11, 0x78, 0x7F, 0x20, 0x08, 0x40, 0x10, 0x70, 0x50, 0x46, 0x00, 0x28
	.byte 0x03, 0xD0, 0x38, 0x1C, 0x00, 0x21, 0xFB, 0xF7, 0x4E, 0xFD, 0x0A, 0x49, 0x78, 0x18, 0x01, 0x78
	.byte 0x02, 0x20, 0x08, 0x40, 0x00, 0x28, 0x04, 0xD0, 0x4A, 0x46, 0x11, 0x68, 0x38, 0x1C, 0xFF, 0xF7
	.byte 0xAA, 0xF8
_080324FC:
	add sp, #0x00C
	pop {r3, r4, r5}
	mov r8, r3
	mov r9, r4
	mov r10, r5
	pop {r4, r5, r6, r7}
	pop {r0}
	bx r0
	.byte 0x0B, 0x02, 0x00, 0x00, 0x0A, 0x02, 0x00, 0x00
	thumb_func_start sub_8032514
sub_8032514:
	push {r4, r5, r6, r7, lr}
	mov r7, r9
	mov r6, r8
	push {r6, r7}
	add sp, #-0x00C
	adds r7, r0, #0x0
	movs r1, #0x01
	movs r2, #0x01
	bl sub_802C4D4
	movs r0, #0x80
	lsls r0, r0, #0x02
	adds r4, r7, r0
	ldr r0, [r4, #0x00]
	bl sub_804FC90
	ldr r1, [r4, #0x00]
	adds r0, r7, #0x0
	movs r2, #0x00
	movs r3, #0x00
	bl sub_802DDB4
	ldr r1, _080326B0 @ =0x00000246
	adds r1, r1, r7
	mov r12, r1
	ldrb r1, [r1, #0x00]
	movs r0, #0x03
	negs r0, r0
	ands r0, r1
	mov r2, r12
	strb r0, [r2, #0x00]
	movs r3, #0x81
	lsls r3, r3, #0x02
	adds r6, r7, r3
	ldr r0, [r6, #0x00]
	ldr r0, [r0, #0x0C]
	cmp r0, #0x00
	bge _08032562
	adds r0, #0xFF
_08032562:
	asrs r0, r0, #0x08
	movs r2, #0x92
	lsls r2, r2, #0x02
	adds r1, r7, r2
	strh r0, [r1, #0x00]
	ldr r0, [r6, #0x00]
	ldr r1, [r0, #0x10]
	cmp r1, #0x00
	bge _08032576
	adds r1, #0xFF
_08032576:
	asrs r1, r1, #0x08
	ldr r3, _080326B4 @ =0x0000024A
	adds r0, r7, r3
	strh r1, [r0, #0x00]
	ldr r0, [r6, #0x00]
	movs r1, #0xDA
	lsls r1, r1, #0x02
	adds r0, r0, r1
	ldr r2, [r0, #0x00]
	movs r0, #0x80
	lsls r0, r0, #0x02
	adds r5, r7, r0
	ldr r0, [r5, #0x00]
	adds r0, r0, r1
	ldr r1, [r0, #0x00]
	movs r0, #0x04
	strb r0, [r1, #0x00]
	strb r0, [r2, #0x00]
	ldr r2, [r6, #0x00]
	ldr r1, [r5, #0x00]
	movs r0, #0x1D
	strh r0, [r1, #0x04]
	strh r0, [r2, #0x04]
	ldr r2, [r6, #0x00]
	ldr r1, [r5, #0x00]
	ldr r4, _080326B8 @ =0x00000351
	adds r1, r1, r4
	ldrb r0, [r1, #0x00]
	movs r3, #0x40
	orrs r0, r3
	strb r0, [r1, #0x00]
	adds r2, r2, r4
	ldrb r0, [r2, #0x00]
	orrs r0, r3
	strb r0, [r2, #0x00]
	ldr r2, [r6, #0x00]
	ldr r1, [r5, #0x00]
	adds r4, #0x07
	adds r1, r1, r4
	ldrb r0, [r1, #0x00]
	movs r3, #0x08
	orrs r0, r3
	strb r0, [r1, #0x00]
	adds r2, r2, r4
	ldrb r0, [r2, #0x00]
	orrs r0, r3
	strb r0, [r2, #0x00]
	movs r2, #0x96
	lsls r2, r2, #0x02
	adds r1, r7, r2
	movs r0, #0x00
	strh r0, [r1, #0x00]
	ldr r0, [r5, #0x00]
	adds r0, #0x24
	ldrb r1, [r0, #0x00]
	lsls r1, r1, #0x1D
	lsrs r1, r1, #0x18
	mov r3, r12
	ldrb r2, [r3, #0x00]
	movs r0, #0x1F
	ands r0, r2
	orrs r0, r1
	strb r0, [r3, #0x00]
	movs r0, #0x24
	mov r12, r0
	ldr r5, [r5, #0x00]
	ldr r4, [r5, #0x14]
	ldr r1, [r5, #0x18]
	adds r1, r4, r1
	ldr r2, [r6, #0x00]
	ldr r3, [r2, #0x14]
	ldr r0, [r2, #0x18]
	adds r0, r3, r0
	cmp r1, r0
	ble _08032628
	adds r0, r5, #0x0
	adds r0, #0x26
	ldrb r0, [r0, #0x00]
	adds r1, r2, #0x0
	adds r1, #0x26
	ldrb r1, [r1, #0x00]
	ands r0, r1
	lsls r0, r0, #0x1A
	lsrs r0, r0, #0x1E
	cmp r0, #0x00
	beq _08032628
	subs r0, r4, r3
	adds r0, #0x24
	mov r12, r0
_08032628:
	movs r1, #0x80
	lsls r1, r1, #0x02
	adds r1, r1, r7
	mov r8, r1
	ldr r0, [r1, #0x00]
	ldr r2, [r0, #0x14]
	ldr r0, [r0, #0x18]
	adds r2, r2, r0
	movs r3, #0x81
	lsls r3, r3, #0x02
	adds r5, r7, r3
	ldr r4, [r5, #0x00]
	ldr r0, [r4, #0x14]
	ldr r1, [r4, #0x18]
	adds r0, r0, r1
	subs r0, r2, r0
	cmp r0, #0x00
	bge _0803264E
	adds r0, #0xFF
_0803264E:
	asrs r0, r0, #0x08
	adds r1, r0, #0x0
	adds r1, #0x24
	cmp r1, r12
	ble _0803265A
	mov r1, r12
_0803265A:
	movs r6, #0xFB
	adds r6, r6, r7
	mov r9, r6
	ldrb r0, [r6, #0x00]
	lsls r0, r0, #0x1D
	lsrs r0, r0, #0x1F
	movs r2, #0xEE
	asrs r2, r0
	movs r3, #0x80
	lsls r3, r3, #0x01
	adds r0, r7, r3
	movs r3, #0x00
	ldsh r6, [r0, r3]
	mov r12, r6
	adds r0, r4, #0x0
	mov r3, r12
	bl sub_80400B0
	ldr r2, [r5, #0x00]
	mov r6, r8
	ldr r0, [r6, #0x00]
	ldr r3, [r0, #0x0C]
	cmp r3, #0x00
	bge _0803268C
	adds r3, #0xFF
_0803268C:
	asrs r3, r3, #0x08
	ldr r0, [r0, #0x10]
	cmp r0, #0x00
	bge _08032696
	adds r0, #0xFF
_08032696:
	asrs r0, r0, #0x08
	str r0, [sp, #0x000]
	movs r0, #0x00
	str r0, [sp, #0x004]
	mov r0, r9
	ldrb r1, [r0, #0x00]
	movs r0, #0x04
	ands r0, r1
	cmp r0, #0x00
	beq _080326BC
	movs r0, #0x0E
	b _080326BE
	.byte 0x00, 0x00
_080326B0: .4byte 0x00000246
_080326B4: .4byte 0x0000024A
_080326B8: .4byte 0x00000351
_080326BC:
	movs r0, #0x08
_080326BE:
	str r0, [sp, #0x008]
	adds r0, r2, #0x0
	movs r1, #0x02
	movs r2, #0x00
	bl sub_8045A94
	ldr r1, _080326F0 @ =0x0000020B
	adds r2, r7, r1
	ldrb r0, [r2, #0x00]
	movs r1, #0x80
	orrs r0, r1
	strb r0, [r2, #0x00]
	movs r1, #0x01
	negs r1, r1
	movs r0, #0x2B
	bl play_sfx_80195B4
	add sp, #0x00C
	pop {r3, r4}
	mov r8, r3
	mov r9, r4
	pop {r4, r5, r6, r7}
	pop {r0}
	bx r0
	.byte 0x00, 0x00
_080326F0: .4byte 0x0000020B
	thumb_func_start sub_80326F4
sub_80326F4:
	push {r4, r5, r6, r7, lr}
	mov r7, r10
	mov r6, r9
	mov r5, r8
	push {r5, r6, r7}
	add sp, #-0x010
	adds r5, r0, #0x0
	movs r0, #0x80
	lsls r0, r0, #0x02
	adds r7, r5, r0
	ldr r2, [r7, #0x00]
	movs r1, #0x04
	ldsh r0, [r2, r1]
	cmp r0, #0x23
	beq _08032718
	cmp r0, #0x29
	beq _08032718
	b _08032892
_08032718:
	ldr r1, [r2, #0x14]
	ldr r0, [r2, #0x18]
	adds r0, r1, r0
	cmp r0, #0x00
	bge _08032724
	adds r0, #0xFF
_08032724:
	asrs r3, r0, #0x08
	movs r1, #0xCF
	lsls r1, r1, #0x02
	adds r0, r2, r1
	ldrb r0, [r0, #0x00]
	lsls r0, r0, #0x19
	asrs r0, r0, #0x17
	adds r1, r5, #0x0
	adds r1, #0x28
	str r1, [sp, #0x00C]
	adds r0, r1, r0
	ldr r0, [r0, #0x00]
	ldr r1, [r0, #0x14]
	ldr r0, [r0, #0x18]
	adds r1, r1, r0
	cmp r1, #0x00
	bge _08032748
	adds r1, #0xFF
_08032748:
	asrs r1, r1, #0x08
	adds r0, r3, #0x0
	adds r0, #0x08
	cmp r0, r1
	bge _08032754
	b _08032892
_08032754:
	subs r0, #0x10
	cmp r0, r1
	ble _0803275C
	b _08032892
_0803275C:
	movs r0, #0x81
	lsls r0, r0, #0x02
	adds r0, r0, r5
	mov r10, r0
	ldr r1, [r0, #0x00]
	movs r0, #0x27
	strh r0, [r2, #0x04]
	strh r0, [r1, #0x04]
	mov r1, r10
	ldr r2, [r1, #0x00]
	ldr r1, [r7, #0x00]
	ldr r4, _080328A4 @ =0x00000351
	adds r1, r1, r4
	ldrb r0, [r1, #0x00]
	movs r3, #0x40
	orrs r0, r3
	strb r0, [r1, #0x00]
	adds r2, r2, r4
	ldrb r0, [r2, #0x00]
	orrs r0, r3
	strb r0, [r2, #0x00]
	ldr r2, [r7, #0x00]
	movs r1, #0xCF
	lsls r1, r1, #0x02
	adds r0, r2, r1
	ldrb r0, [r0, #0x00]
	lsls r0, r0, #0x19
	asrs r0, r0, #0x17
	ldr r1, [sp, #0x00C]
	adds r0, r1, r0
	ldr r0, [r0, #0x00]
	ldr r3, [r0, #0x0C]
	cmp r3, #0x00
	bge _080327A2
	adds r3, #0xFF
_080327A2:
	asrs r3, r3, #0x08
	ldr r0, [r0, #0x10]
	cmp r0, #0x00
	bge _080327AC
	adds r0, #0xFF
_080327AC:
	asrs r0, r0, #0x08
	str r0, [sp, #0x000]
	ldr r1, [r2, #0x14]
	ldr r0, [r2, #0x18]
	adds r0, r1, r0
	cmp r0, #0x00
	bge _080327BC
	adds r0, #0xFF
_080327BC:
	asrs r0, r0, #0x08
	str r0, [sp, #0x004]
	movs r0, #0x00
	str r0, [sp, #0x008]
	adds r0, r2, #0x0
	movs r1, #0x01
	movs r2, #0x00
	bl sub_8045A94
	ldr r0, _080328A8 @ =0x0000020A
	adds r2, r5, r0
	ldrh r1, [r2, #0x00]
	ldr r0, _080328AC @ =0xFFFFFE7F
	ands r0, r1
	movs r1, #0x80
	orrs r0, r1
	strh r0, [r2, #0x00]
	ldr r2, [r7, #0x00]
	ldr r1, _080328B0 @ =0x0000020D
	mov r8, r1
	add r2, r8
	ldrb r0, [r2, #0x00]
	movs r1, #0x01
	orrs r0, r1
	strb r0, [r2, #0x00]
	ldr r1, [r7, #0x00]
	add r1, r8
	ldrb r2, [r1, #0x00]
	movs r4, #0x11
	negs r4, r4
	adds r0, r4, #0x0
	ands r0, r2
	strb r0, [r1, #0x00]
	ldr r0, [r7, #0x00]
	movs r6, #0xA5
	lsls r6, r6, #0x02
	adds r1, r0, r6
	ldr r1, [r1, #0x00]
	mov r9, r1
	movs r1, #0xCF
	lsls r1, r1, #0x02
	adds r0, r0, r1
	ldrb r0, [r0, #0x00]
	lsls r0, r0, #0x19
	asrs r0, r0, #0x17
	ldr r1, [sp, #0x00C]
	adds r0, r1, r0
	ldr r0, [r0, #0x00]
	adds r0, r0, r6
	ldr r0, [r0, #0x00]
	ldrb r1, [r0, #0x1F]
	lsls r1, r1, #0x1C
	lsrs r1, r1, #0x1E
	lsls r5, r1, #0x02
	mov r0, r9
	ldrb r3, [r0, #0x1F]
	movs r2, #0x0D
	negs r2, r2
	adds r0, r2, #0x0
	ands r0, r3
	orrs r0, r5
	movs r5, #0x04
	negs r5, r5
	ands r0, r5
	orrs r1, r0
	mov r0, r9
	strb r1, [r0, #0x1F]
	mov r1, r10
	ldr r0, [r1, #0x00]
	add r0, r8
	ldrb r1, [r0, #0x00]
	ands r4, r1
	strb r4, [r0, #0x00]
	mov r1, r10
	ldr r0, [r1, #0x00]
	adds r0, r0, r6
	ldr r4, [r0, #0x00]
	ldr r0, [r7, #0x00]
	movs r1, #0xCF
	lsls r1, r1, #0x02
	adds r0, r0, r1
	ldrb r0, [r0, #0x00]
	lsls r0, r0, #0x19
	asrs r0, r0, #0x17
	ldr r1, [sp, #0x00C]
	adds r0, r1, r0
	ldr r0, [r0, #0x00]
	adds r0, r0, r6
	ldr r0, [r0, #0x00]
	ldrb r0, [r0, #0x1F]
	lsls r0, r0, #0x1E
	lsrs r0, r0, #0x1E
	lsls r3, r0, #0x02
	ldrb r1, [r4, #0x1F]
	ands r2, r1
	orrs r2, r3
	ands r2, r5
	orrs r2, r0
	strb r2, [r4, #0x1F]
	movs r0, #0x5D
	bl stop_sfx_80195A8
	movs r1, #0x01
	negs r1, r1
	movs r0, #0x8E
	bl play_sfx_80195B4
_08032892:
	add sp, #0x010
	pop {r3, r4, r5}
	mov r8, r3
	mov r9, r4
	mov r10, r5
	pop {r4, r5, r6, r7}
	pop {r0}
	bx r0
	.byte 0x00, 0x00
_080328A4: .4byte 0x00000351
_080328A8: .4byte 0x0000020A
_080328AC: .4byte 0xFFFFFE7F
_080328B0: .4byte 0x0000020D
	thumb_func_start sub_80328B4
sub_80328B4:
	push {r4, r5, r6, r7, lr}
	mov r7, r10
	mov r6, r9
	mov r5, r8
	push {r5, r6, r7}
	add sp, #-0x010
	adds r5, r0, #0x0
	movs r0, #0x80
	lsls r0, r0, #0x02
	adds r7, r5, r0
	ldr r2, [r7, #0x00]
	ldrh r1, [r2, #0x04]
	adds r0, r1, #0x0
	subs r0, #0x21
	lsls r0, r0, #0x10
	lsrs r0, r0, #0x10
	cmp r0, #0x03
	bls _080328DE
	cmp r1, #0x2C
	beq _080328DE
	b _08032A6A
_080328DE:
	movs r1, #0xCF
	lsls r1, r1, #0x02
	adds r0, r2, r1
	ldrb r1, [r0, #0x00]
	lsls r1, r1, #0x19
	asrs r1, r1, #0x19
	lsls r2, r1, #0x02
	adds r0, r5, #0x0
	adds r0, #0x28
	adds r0, r0, r2
	ldr r0, [r0, #0x00]
	mov r10, r0
	movs r2, #0x97
	lsls r2, r2, #0x02
	adds r0, r5, r2
	strb r1, [r0, #0x00]
	movs r3, #0x95
	lsls r3, r3, #0x02
	adds r2, r5, r3
	mov r4, r10
	ldr r0, [r4, #0x14]
	ldr r1, [r4, #0x18]
	adds r0, r0, r1
	movs r1, #0xC0
	lsls r1, r1, #0x07
	adds r0, r0, r1
	str r0, [r2, #0x00]
	movs r2, #0x81
	lsls r2, r2, #0x02
	adds r2, r5, r2
	str r2, [sp, #0x00C]
	ldr r2, [r2, #0x00]
	ldr r1, [r7, #0x00]
	movs r0, #0x2A
	strh r0, [r1, #0x04]
	strh r0, [r2, #0x04]
	ldr r3, [sp, #0x00C]
	ldr r2, [r3, #0x00]
	ldr r1, [r7, #0x00]
	ldr r4, _08032A7C @ =0x00000351
	adds r1, r1, r4
	ldrb r0, [r1, #0x00]
	movs r3, #0x40
	orrs r0, r3
	strb r0, [r1, #0x00]
	adds r2, r2, r4
	ldrb r0, [r2, #0x00]
	orrs r0, r3
	strb r0, [r2, #0x00]
	ldr r2, [r7, #0x00]
	mov r4, r10
	ldr r3, [r4, #0x0C]
	cmp r3, #0x00
	bge _0803294C
	adds r3, #0xFF
_0803294C:
	asrs r3, r3, #0x08
	mov r1, r10
	ldr r0, [r1, #0x10]
	cmp r0, #0x00
	bge _08032958
	adds r0, #0xFF
_08032958:
	asrs r0, r0, #0x08
	str r0, [sp, #0x000]
	ldr r1, [r2, #0x14]
	ldr r0, [r2, #0x18]
	adds r0, r1, r0
	cmp r0, #0x00
	bge _08032968
	adds r0, #0xFF
_08032968:
	asrs r0, r0, #0x08
	str r0, [sp, #0x004]
	movs r0, #0x00
	str r0, [sp, #0x008]
	adds r0, r2, #0x0
	movs r1, #0x01
	movs r2, #0x00
	bl sub_8045A94
	ldr r3, _08032A80 @ =0x0000020A
	adds r2, r5, r3
	ldrh r1, [r2, #0x00]
	ldr r0, _08032A84 @ =0xFFFFFE7F
	ands r0, r1
	movs r1, #0x80
	orrs r0, r1
	strh r0, [r2, #0x00]
	ldr r4, _08032A88 @ =0x00000252
	adds r1, r5, r4
	movs r0, #0x02
	strb r0, [r1, #0x00]
	ldr r2, [r7, #0x00]
	ldr r0, _08032A8C @ =0x0000020D
	mov r12, r0
	add r2, r12
	ldrb r0, [r2, #0x00]
	movs r1, #0x01
	orrs r0, r1
	strb r0, [r2, #0x00]
	ldr r1, [r7, #0x00]
	add r1, r12
	ldrb r2, [r1, #0x00]
	movs r5, #0x11
	negs r5, r5
	adds r0, r5, #0x0
	ands r0, r2
	strb r0, [r1, #0x00]
	ldr r0, [r7, #0x00]
	movs r6, #0xA5
	lsls r6, r6, #0x02
	adds r0, r0, r6
	ldr r0, [r0, #0x00]
	mov r9, r0
	mov r1, r10
	adds r1, r1, r6
	mov r8, r1
	ldr r0, [r1, #0x00]
	ldrb r1, [r0, #0x1F]
	lsls r1, r1, #0x1C
	lsrs r1, r1, #0x1E
	lsls r4, r1, #0x02
	mov r2, r9
	ldrb r3, [r2, #0x1F]
	movs r2, #0x0D
	negs r2, r2
	adds r0, r2, #0x0
	ands r0, r3
	orrs r0, r4
	movs r4, #0x04
	negs r4, r4
	ands r0, r4
	orrs r1, r0
	mov r3, r9
	strb r1, [r3, #0x1F]
	ldr r0, [sp, #0x00C]
	ldr r1, [r0, #0x00]
	add r1, r12
	ldrb r3, [r1, #0x00]
	adds r0, r5, #0x0
	ands r0, r3
	strb r0, [r1, #0x00]
	ldr r1, [sp, #0x00C]
	ldr r0, [r1, #0x00]
	adds r0, r0, r6
	ldr r6, [r0, #0x00]
	mov r3, r8
	ldr r0, [r3, #0x00]
	ldrb r0, [r0, #0x1F]
	lsls r0, r0, #0x1C
	lsrs r0, r0, #0x1E
	lsls r3, r0, #0x02
	ldrb r1, [r6, #0x1F]
	ands r2, r1
	orrs r2, r3
	movs r3, #0x03
	ands r2, r4
	orrs r0, r2
	strb r0, [r6, #0x1F]
	mov r0, r8
	ldr r2, [r0, #0x00]
	ldrb r1, [r2, #0x1F]
	lsls r0, r1, #0x1C
	lsrs r0, r0, #0x1E
	subs r0, #0x01
	ands r0, r3
	ands r4, r1
	orrs r4, r0
	strb r4, [r2, #0x1F]
	mov r1, r10
	add r1, r12
	ldrb r0, [r1, #0x00]
	ands r5, r0
	strb r5, [r1, #0x00]
	ldr r1, [r7, #0x00]
	add r1, r12
	ldrb r2, [r1, #0x00]
	movs r0, #0x41
	negs r0, r0
	ands r0, r2
	strb r0, [r1, #0x00]
	ldr r1, [sp, #0x00C]
	ldr r3, [r1, #0x00]
	ldr r2, [r7, #0x00]
	movs r5, #0x85
	lsls r5, r5, #0x02
	adds r2, r2, r5
	ldrb r4, [r2, #0x00]
	movs r1, #0x08
	negs r1, r1
	adds r0, r1, #0x0
	ands r0, r4
	movs r4, #0x02
	orrs r0, r4
	strb r0, [r2, #0x00]
	adds r3, r3, r5
	ldrb r0, [r3, #0x00]
	ands r1, r0
	orrs r1, r4
	strb r1, [r3, #0x00]
_08032A6A:
	add sp, #0x010
	pop {r3, r4, r5}
	mov r8, r3
	mov r9, r4
	mov r10, r5
	pop {r4, r5, r6, r7}
	pop {r0}
	bx r0
	.byte 0x00, 0x00
_08032A7C: .4byte 0x00000351
_08032A80: .4byte 0x0000020A
_08032A84: .4byte 0xFFFFFE7F
_08032A88: .4byte 0x00000252
_08032A8C: .4byte 0x0000020D
	thumb_func_start sub_8032A90
sub_8032A90:
	push {r4, r5, r6, r7, lr}
	mov r7, r10
	mov r6, r9
	mov r5, r8
	push {r5, r6, r7}
	add sp, #-0x010
	adds r7, r0, #0x0
	movs r1, #0x81
	lsls r1, r1, #0x02
	adds r0, r7, r1
	ldr r0, [r0, #0x00]
	ldrh r0, [r0, #0x04]
	subs r0, #0x1D
	lsls r0, r0, #0x10
	asrs r0, r0, #0x10
	cmp r0, #0x0F
	bls _08032AB4
	b _08032D12
_08032AB4:
	lsls r0, r0, #0x02
	ldr r1, _08032AC0 @ =0x08032AC4
	adds r0, r0, r1
	ldr r0, [r0, #0x00]
	mov pc, r0
	.byte 0x00, 0x00
_08032AC0: .4byte 0x08032AC4
	.byte 0x04, 0x2B, 0x03, 0x08, 0x04, 0x2B, 0x03, 0x08, 0x04, 0x2B, 0x03, 0x08, 0x04, 0x2B, 0x03, 0x08
	.byte 0x40, 0x2B, 0x03, 0x08, 0x74, 0x2B, 0x03, 0x08, 0x84, 0x2B, 0x03, 0x08, 0xA8, 0x2B, 0x03, 0x08
	.byte 0x04, 0x2B, 0x03, 0x08, 0x04, 0x2B, 0x03, 0x08, 0xB6, 0x2B, 0x03, 0x08, 0xC8, 0x2B, 0x03, 0x08
	.byte 0xBE, 0x2B, 0x03, 0x08, 0xB4, 0x2C, 0x03, 0x08, 0x12, 0x2D, 0x03, 0x08, 0xC6, 0x2C, 0x03, 0x08
	.byte 0x81, 0x22, 0x92, 0x00, 0xBC, 0x18, 0x20, 0x68, 0x0D, 0xF0, 0xDA, 0xFB, 0x20, 0x68, 0x3D, 0x1C
	.byte 0x28, 0x35, 0x29, 0x1C, 0x13, 0xF0, 0x4C, 0xFB, 0x07, 0x4B, 0xF8, 0x18, 0x01, 0x78, 0x02, 0x20
	.byte 0x08, 0x40, 0x00, 0x28, 0x00, 0xD1, 0xF2, 0xE0, 0x20, 0x68, 0x0D, 0xF0, 0xC9, 0xFB, 0x20, 0x68
	.byte 0x29, 0x1C, 0x13, 0xF0, 0x3D, 0xFB, 0xEA, 0xE0, 0x0A, 0x02, 0x00, 0x00, 0x38, 0x1C, 0xD0, 0x30
	.byte 0x00, 0x68, 0x01, 0x88, 0xF0, 0x20, 0x08, 0x40, 0x02, 0x09, 0x07, 0x48, 0x10, 0x18, 0x01, 0x78
	.byte 0xFF, 0x29, 0x00, 0xD1, 0xDB, 0xE0, 0x80, 0x24, 0xA4, 0x00, 0x38, 0x19, 0x00, 0x68, 0x81, 0x70
	.byte 0x49, 0x09, 0x02, 0x4D, 0x7B, 0x19, 0xCC, 0xE0, 0x10, 0xF9, 0x39, 0x08, 0x46, 0x02, 0x00, 0x00
	.byte 0x80, 0x22, 0x92, 0x00, 0xB8, 0x18, 0x01, 0x68, 0x88, 0x69, 0x80, 0x18, 0x88, 0x61, 0xC6, 0xE0
	.byte 0x07, 0x4E, 0xB9, 0x19, 0x08, 0x78, 0x01, 0x38, 0x08, 0x70, 0x38, 0x1C, 0xD0, 0x30, 0x01, 0x68
	.byte 0x38, 0x1C, 0xF9, 0xF7, 0x67, 0xFA, 0x80, 0x20, 0x80, 0x00, 0x3C, 0x18, 0x9A, 0xE0, 0x00, 0x00
	.byte 0x51, 0x02, 0x00, 0x00, 0x80, 0x21, 0x89, 0x00, 0x78, 0x18, 0x00, 0x68, 0x0D, 0xF0, 0x88, 0xFB
	.byte 0xAD, 0xE0, 0x80, 0x22, 0x92, 0x00, 0xB8, 0x18, 0x7D, 0xE0, 0x38, 0x4B, 0xF9, 0x18, 0x08, 0x78
	.byte 0x01, 0x38, 0x08, 0x70, 0x38, 0x1C, 0xD0, 0x30, 0x00, 0x68, 0x01, 0x88, 0xF0, 0x20, 0x08, 0x40
	.byte 0x02, 0x09, 0x33, 0x49, 0x90, 0x00, 0x40, 0x18, 0x00, 0x24, 0x00, 0x5F, 0x0E, 0x1C, 0x00, 0x28
	.byte 0x07, 0xD1, 0x50, 0x00, 0x01, 0x30, 0x40, 0x00, 0x80, 0x19, 0x00, 0x25, 0x40, 0x5F, 0x00, 0x28
	.byte 0x17, 0xD0, 0x96, 0x21, 0x89, 0x00, 0x78, 0x18, 0x02, 0x80, 0x81, 0x22, 0x92, 0x00, 0xB8, 0x18
	.byte 0x03, 0x68, 0x80, 0x24, 0xA4, 0x00, 0x38, 0x19, 0x02, 0x68, 0x26, 0x4D, 0x52, 0x19, 0x14, 0x78
	.byte 0x41, 0x21, 0x49, 0x42, 0x08, 0x1C, 0x20, 0x40, 0x10, 0x70, 0x5B, 0x19, 0x18, 0x78, 0x01, 0x40
	.byte 0x19, 0x70, 0x81, 0x25, 0xAD, 0x00, 0x78, 0x19, 0x00, 0x68, 0x04, 0x21, 0x40, 0x5E, 0x29, 0x28
	.byte 0x6D, 0xD1, 0x80, 0x23, 0x9B, 0x00, 0xFA, 0x18, 0x13, 0x68, 0x1B, 0x4C, 0xA0, 0x46, 0x18, 0x19
	.byte 0x00, 0x25, 0x41, 0x5F, 0x96, 0x20, 0x80, 0x00, 0x3C, 0x18, 0x20, 0x88, 0x80, 0x00, 0x80, 0x19
	.byte 0x00, 0x25, 0x40, 0x5F, 0x41, 0x43, 0x00, 0x29, 0x00, 0xDA, 0xFF, 0x31, 0x09, 0x12, 0x13, 0x4D
	.byte 0x58, 0x19, 0x01, 0x80, 0x13, 0x68, 0x41, 0x46, 0x58, 0x18, 0x00, 0x25, 0x41, 0x5F, 0x20, 0x88
	.byte 0x40, 0x00, 0x01, 0x30, 0x40, 0x00, 0x80, 0x19, 0x00, 0x26, 0x80, 0x5F, 0x41, 0x43, 0x00, 0x29
	.byte 0x00, 0xDA, 0xFF, 0x31, 0x09, 0x12, 0x91, 0x24, 0xA4, 0x00, 0x18, 0x19, 0x01, 0x80, 0x10, 0x68
	.byte 0x39, 0x1C, 0x28, 0x31, 0x1D, 0xF0, 0xE6, 0xF8, 0x39, 0xE0, 0x00, 0x00, 0x51, 0x02, 0x00, 0x00
	.byte 0x24, 0xF5, 0x39, 0x08, 0x51, 0x03, 0x00, 0x00, 0x3E, 0x02, 0x00, 0x00, 0x42, 0x02, 0x00, 0x00
	.byte 0x80, 0x25, 0xAD, 0x00, 0x78, 0x19, 0x00, 0x68, 0x39, 0x1C, 0x28, 0x31, 0x13, 0xF0, 0x78, 0xFA
	.byte 0x25, 0xE0, 0x38, 0x1C, 0xD0, 0x30, 0x01, 0x68, 0x38, 0x1C, 0xF9, 0xF7, 0xCB, 0xF9, 0x80, 0x26
	.byte 0xB6, 0x00, 0xBC, 0x19, 0x20, 0x68, 0x39, 0x1C, 0x28, 0x31, 0x1D, 0xF0, 0xC3, 0xF8, 0x24, 0x68
	.byte 0x3C, 0x49, 0x60, 0x18, 0x00, 0x22, 0x80, 0x5E, 0x00, 0x28, 0x06, 0xD1, 0x91, 0x23, 0x9B, 0x00
	.byte 0xE0, 0x18, 0x00, 0x25, 0x40, 0x5F, 0x00, 0x28, 0x09, 0xD0, 0xA1, 0x78, 0x49, 0x09, 0x36, 0x4E
	.byte 0xBB, 0x19, 0x49, 0x01, 0x1A, 0x78, 0x1F, 0x20, 0x10, 0x40, 0x08, 0x43, 0x18, 0x70
_08032D12:
	movs r0, #0x80
	lsls r0, r0, #0x02
	adds r4, r7, r0
	ldr r1, [r4, #0x00]
	adds r0, r7, #0x0
	bl sub_80303C4
	ldr r0, [r4, #0x00]
	bl sub_80465D8
	ldr r0, [r4, #0x00]
	movs r5, #0xCE
	lsls r5, r5, #0x02
	adds r1, r0, r5
	ldr r1, [r1, #0x00]
	adds r1, #0x68
	movs r3, #0x00
	ldsh r2, [r1, r3]
	adds r0, r0, r2
	ldr r1, [r1, #0x04]
	bl _call_via_r1
	ldr r4, [r4, #0x00]
	movs r6, #0x04
	ldsh r0, [r4, r6]
	cmp r0, #0x22
	beq _08032D56
	adds r1, r7, #0x0
	adds r1, #0x28
	adds r0, r4, #0x0
	movs r2, #0x00
	movs r3, #0x00
	bl sub_804FB64
_08032D56:
	movs r0, #0x81
	lsls r0, r0, #0x02
	adds r4, r7, r0
	ldr r1, [r4, #0x00]
	ldrh r2, [r1, #0x04]
	adds r0, r2, #0x0
	subs r0, #0x21
	lsls r0, r0, #0x10
	lsrs r0, r0, #0x10
	cmp r0, #0x03
	bls _08032D86
	adds r0, r2, #0x0
	subs r0, #0x27
	lsls r0, r0, #0x10
	lsrs r0, r0, #0x10
	cmp r0, #0x02
	bls _08032D86
	adds r0, r2, #0x0
	subs r0, #0x2A
	lsls r0, r0, #0x10
	lsrs r0, r0, #0x10
	cmp r0, #0x02
	bls _08032D86
	b _08032E92
_08032D86:
	movs r1, #0x81
	lsls r1, r1, #0x02
	adds r6, r7, r1
	ldr r0, [r6, #0x00]
	movs r2, #0x04
	ldsh r0, [r0, r2]
	cmp r0, #0x21
	ble _08032E04
	ldr r3, _08032DE0 @ =0x00000252
	adds r4, r7, r3
	ldrb r0, [r4, #0x00]
	subs r0, #0x01
	strb r0, [r4, #0x00]
	lsls r0, r0, #0x18
	cmp r0, #0x00
	bne _08032E04
	movs r0, #0x80
	lsls r0, r0, #0x02
	adds r5, r7, r0
	ldr r2, [r5, #0x00]
	adds r2, #0x24
	ldrb r3, [r2, #0x00]
	lsls r1, r3, #0x1D
	lsrs r1, r1, #0x1D
	adds r1, #0x01
	movs r0, #0x07
	ands r1, r0
	movs r0, #0x08
	negs r0, r0
	ands r0, r3
	orrs r0, r1
	strb r0, [r2, #0x00]
	ldr r0, [r6, #0x00]
	movs r1, #0x04
	ldsh r0, [r0, r1]
	cmp r0, #0x29
	ble _08032DE4
	movs r0, #0x02
	strb r0, [r4, #0x00]
	b _08032E04
	.byte 0x00, 0x00, 0x42, 0x02, 0x00, 0x00, 0x46, 0x02, 0x00, 0x00
_08032DE0: .4byte 0x00000252
_08032DE4:
	ldr r0, [r5, #0x00]
	movs r2, #0x04
	ldsh r0, [r0, r2]
	movs r1, #0x02
	cmp r0, #0x27
	ble _08032DF2
	movs r1, #0x01
_08032DF2:
	strb r1, [r4, #0x00]
	ldrb r1, [r4, #0x00]
	adds r0, r7, #0x0
	adds r0, #0xFB
	ldrb r0, [r0, #0x00]
	lsls r0, r0, #0x1D
	lsrs r0, r0, #0x1F
	lsls r1, r0
	strb r1, [r4, #0x00]
_08032E04:
	movs r3, #0x81
	lsls r3, r3, #0x02
	adds r4, r7, r3
	ldr r3, [r4, #0x00]
	movs r6, #0x80
	lsls r6, r6, #0x02
	adds r5, r7, r6
	ldr r0, [r5, #0x00]
	adds r0, #0x26
	ldrb r0, [r0, #0x00]
	adds r3, #0x26
	movs r1, #0x02
	ands r1, r0
	ldrb r2, [r3, #0x00]
	movs r0, #0x03
	negs r0, r0
	ands r0, r2
	orrs r0, r1
	strb r0, [r3, #0x00]
	ldr r1, [r4, #0x00]
	ldr r0, [r5, #0x00]
	ldrb r0, [r0, #0x02]
	strb r0, [r1, #0x02]
	ldr r3, [r4, #0x00]
	ldr r0, [r5, #0x00]
	adds r0, #0x24
	ldrb r1, [r0, #0x00]
	lsls r1, r1, #0x1D
	adds r3, #0x24
	lsrs r1, r1, #0x1D
	ldrb r2, [r3, #0x00]
	movs r0, #0x08
	negs r0, r0
	ands r0, r2
	orrs r0, r1
	strb r0, [r3, #0x00]
	ldr r1, [r4, #0x00]
	ldr r0, [r5, #0x00]
	ldr r0, [r0, #0x0C]
	str r0, [r1, #0x0C]
	ldr r1, [r4, #0x00]
	ldr r0, [r5, #0x00]
	ldr r0, [r0, #0x10]
	str r0, [r1, #0x10]
	ldr r1, [r4, #0x00]
	ldr r0, [r5, #0x00]
	ldr r0, [r0, #0x14]
	str r0, [r1, #0x14]
	ldr r1, [r4, #0x00]
	ldr r0, [r5, #0x00]
	ldr r0, [r0, #0x18]
	movs r2, #0x80
	lsls r2, r2, #0x06
	adds r0, r0, r2
	str r0, [r1, #0x18]
	ldr r1, [r4, #0x00]
	movs r2, #0x8C
	lsls r2, r2, #0x02
	adds r1, r1, r2
	ldr r0, [r5, #0x00]
	adds r0, r0, r2
	ldr r0, [r0, #0x00]
	str r0, [r1, #0x00]
	ldr r1, [r4, #0x00]
	adds r2, #0x04
	adds r1, r1, r2
	ldr r0, [r5, #0x00]
	adds r0, r0, r2
	ldr r0, [r0, #0x00]
	str r0, [r1, #0x00]
	b _08032EC0
_08032E92:
	adds r0, r7, #0x0
	bl sub_80303C4
	ldr r0, [r4, #0x00]
	bl sub_80465D8
	ldr r0, [r4, #0x00]
	adds r1, r0, r5
	ldr r1, [r1, #0x00]
	adds r1, #0x68
	movs r3, #0x00
	ldsh r2, [r1, r3]
	adds r0, r0, r2
	ldr r1, [r1, #0x04]
	bl _call_via_r1
	ldr r0, [r4, #0x00]
	adds r1, r7, #0x0
	adds r1, #0x28
	movs r2, #0x00
	movs r3, #0x00
	bl sub_804FB64
_08032EC0:
	movs r4, #0x81
	lsls r4, r4, #0x02
	adds r0, r7, r4
	ldr r0, [r0, #0x00]
	ldrh r0, [r0, #0x04]
	subs r0, #0x1D
	lsls r0, r0, #0x10
	asrs r0, r0, #0x10
	cmp r0, #0x0F
	bls _08032ED8
	bl _080339A2
_08032ED8:
	lsls r0, r0, #0x02
	ldr r1, _08032EE4 @ =0x08032EE8
	adds r0, r0, r1
	ldr r0, [r0, #0x00]
	mov pc, r0
	.byte 0x00, 0x00
_08032EE4: .4byte 0x08032EE8
	.byte 0x28, 0x2F, 0x03, 0x08, 0x00, 0x30, 0x03, 0x08, 0xC8, 0x35, 0x03, 0x08, 0x66, 0x36, 0x03, 0x08
	.byte 0x38, 0x30, 0x03, 0x08, 0x04, 0x32, 0x03, 0x08, 0x06, 0x33, 0x03, 0x08, 0x84, 0x33, 0x03, 0x08
	.byte 0x3E, 0x36, 0x03, 0x08, 0x66, 0x36, 0x03, 0x08, 0xB8, 0x37, 0x03, 0x08, 0xF8, 0x37, 0x03, 0x08
	.byte 0xD0, 0x32, 0x03, 0x08, 0x5C, 0x38, 0x03, 0x08, 0x98, 0x38, 0x03, 0x08, 0x84, 0x33, 0x03, 0x08
	.byte 0x81, 0x25, 0xAD, 0x00, 0x7E, 0x19, 0x32, 0x68, 0x96, 0x21, 0x89, 0x00, 0x50, 0x18, 0x00, 0x68
	.byte 0x00, 0x28, 0x42, 0xDA, 0x90, 0x8C, 0xC0, 0x05, 0x80, 0x0F, 0x01, 0x21, 0x08, 0x40, 0x00, 0x28
	.byte 0x05, 0xD1, 0x50, 0x6A, 0xC0, 0x03, 0x80, 0x0F, 0x08, 0x40, 0x00, 0x28, 0x2E, 0xD0, 0x80, 0x23
	.byte 0x9B, 0x00, 0xF8, 0x18, 0x01, 0x68, 0x00, 0x25, 0x20, 0x20, 0x88, 0x80, 0x90, 0x80, 0x30, 0x68
	.byte 0x10, 0x4C, 0x01, 0x19, 0x0C, 0x88, 0x13, 0xF0, 0x07, 0xFD, 0x30, 0x68, 0x92, 0x22, 0x92, 0x00
	.byte 0xB9, 0x18, 0x00, 0x22, 0x8B, 0x5E, 0x0C, 0x4A, 0xB9, 0x18, 0x00, 0x22, 0x89, 0x5E, 0x00, 0x91
	.byte 0x01, 0x95, 0x02, 0x94, 0x02, 0x21, 0x00, 0x22, 0x12, 0xF0, 0x80, 0xFD, 0x32, 0x68, 0x85, 0x23
	.byte 0x9B, 0x00, 0xD2, 0x18, 0x11, 0x78, 0x08, 0x20, 0x40, 0x42, 0x08, 0x40, 0x02, 0x21, 0x08, 0x43
	.byte 0x10, 0x70, 0x0A, 0xE0, 0xDE, 0x02, 0x00, 0x00, 0x4A, 0x02, 0x00, 0x00, 0x80, 0x24, 0xA4, 0x00
	.byte 0x38, 0x19, 0x01, 0x68, 0x1E, 0x20, 0x88, 0x80, 0x90, 0x80, 0x81, 0x25, 0xAD, 0x00, 0x7B, 0x19
	.byte 0x1A, 0x68, 0x04, 0x26, 0x90, 0x5F, 0x20, 0x28, 0x01, 0xD1, 0x00, 0xF0, 0xE6, 0xFC, 0x91, 0x8C
	.byte 0x08, 0x48, 0x08, 0x40, 0x00, 0x28, 0x01, 0xD1, 0x00, 0xF0, 0xDF, 0xFC, 0x80, 0x21, 0x89, 0x00
	.byte 0x78, 0x18, 0x01, 0x68, 0x1F, 0x20, 0x88, 0x80, 0x90, 0x80, 0x18, 0x68, 0x13, 0xF0, 0xC4, 0xFC
	.byte 0x00, 0xF0, 0xD3, 0xFC, 0x78, 0x78, 0x00, 0x00, 0x81, 0x22, 0x92, 0x00, 0xBC, 0x18, 0x20, 0x68
	.byte 0x14, 0xF0, 0xB6, 0xFD, 0x00, 0x06, 0x00, 0x28, 0x01, 0xD0, 0x00, 0xF0, 0xC6, 0xFC, 0x21, 0x68
	.byte 0x83, 0x23, 0x9B, 0x00, 0xC9, 0x18, 0x08, 0x68, 0x04, 0x4A, 0x10, 0x40, 0x08, 0x60, 0x22, 0x68
	.byte 0x80, 0x24, 0xA4, 0x00, 0x38, 0x19, 0x01, 0x68, 0x21, 0x20, 0x99, 0xE1, 0xFF, 0x7F, 0xFC, 0xFF
	.byte 0x1B, 0x4D, 0x78, 0x19, 0x01, 0x78, 0x02, 0x26, 0xB1, 0x46, 0x02, 0x24, 0x20, 0x1C, 0x08, 0x40
	.byte 0x00, 0x28, 0x06, 0xD1, 0x38, 0x1C, 0x00, 0x21, 0xF2, 0xF7, 0x68, 0xFE, 0x00, 0x06, 0x00, 0x28
	.byte 0x68, 0xD0, 0x81, 0x20, 0x80, 0x00, 0x3C, 0x18, 0x20, 0x68, 0x3D, 0x1C, 0xFB, 0x35, 0x29, 0x78
	.byte 0x49, 0x07, 0xC9, 0x0F, 0xEE, 0x22, 0x0A, 0x41, 0x80, 0x23, 0x5B, 0x00, 0xF9, 0x18, 0x00, 0x26
	.byte 0x8B, 0x5F, 0x04, 0x21, 0x0D, 0xF0, 0x18, 0xF8, 0x24, 0x68, 0x92, 0x21, 0x89, 0x00, 0x78, 0x18
	.byte 0x00, 0x22, 0x83, 0x5E, 0x07, 0x4E, 0xB8, 0x19, 0x00, 0x21, 0x40, 0x5E, 0x00, 0x90, 0x00, 0x20
	.byte 0x01, 0x90, 0x29, 0x78, 0x04, 0x20, 0x08, 0x40, 0x00, 0x28, 0x05, 0xD0, 0x0E, 0x20, 0x04, 0xE0
	.byte 0x0A, 0x02, 0x00, 0x00, 0x4A, 0x02, 0x00, 0x00, 0x08, 0x20, 0x02, 0x90, 0x20, 0x1C, 0x02, 0x21
	.byte 0x00, 0x22, 0x12, 0xF0, 0xEB, 0xFC, 0x81, 0x22, 0x92, 0x00, 0xBC, 0x18, 0x22, 0x68, 0x83, 0x23
	.byte 0x9B, 0x00, 0xD2, 0x18, 0x10, 0x68, 0x16, 0x49, 0x08, 0x40, 0x80, 0x21, 0x09, 0x02, 0x08, 0x43
	.byte 0x10, 0x60, 0x23, 0x68, 0x85, 0x25, 0xAD, 0x00, 0x5B, 0x19, 0x19, 0x78, 0x08, 0x22, 0x52, 0x42
	.byte 0x10, 0x1C, 0x08, 0x40, 0x02, 0x21, 0x08, 0x43, 0x18, 0x70, 0x80, 0x26, 0xB6, 0x00, 0xBB, 0x19
	.byte 0x19, 0x68, 0x08, 0x1C, 0x24, 0x30, 0x00, 0x78, 0x40, 0x01, 0x88, 0x70, 0x19, 0x68, 0x49, 0x19
	.byte 0x08, 0x78, 0x02, 0x40, 0x03, 0x20, 0x02, 0x43, 0x0A, 0x70, 0x21, 0x68, 0x18, 0x68, 0x8E, 0x22
	.byte 0x92, 0x00, 0x80, 0x18, 0x00, 0x78, 0x89, 0x18, 0x08, 0x70, 0x22, 0x68, 0x19, 0x68, 0x3D, 0xE2
	.byte 0xFF, 0x7F, 0xFC, 0xFF, 0x38, 0x1C, 0x01, 0x21, 0xF2, 0xF7, 0xF8, 0xFD, 0x00, 0x06, 0x00, 0x28
	.byte 0x01, 0xD1, 0x00, 0xF0, 0x32, 0xFC, 0x38, 0x1C, 0xFB, 0x30, 0x00, 0x78, 0x40, 0x07, 0xC0, 0x0F
	.byte 0x21, 0x1C, 0x81, 0x40, 0x2A, 0x4A, 0xB8, 0x18, 0x01, 0x70, 0x95, 0x23, 0x9B, 0x00, 0xFA, 0x18
	.byte 0x80, 0x24, 0xA4, 0x00, 0xE4, 0x19, 0xA4, 0x46, 0x21, 0x68, 0x48, 0x69, 0x89, 0x69, 0x40, 0x18
	.byte 0xC0, 0x25, 0x2D, 0x01, 0x40, 0x19, 0x10, 0x60, 0x21, 0x68, 0x22, 0x4E, 0x89, 0x19, 0x0A, 0x78
	.byte 0x41, 0x20, 0x40, 0x42, 0x10, 0x40, 0x08, 0x70, 0x81, 0x20, 0x80, 0x00, 0xC0, 0x19, 0x80, 0x46
	.byte 0x03, 0x68, 0x22, 0x68, 0x1C, 0x4D, 0x52, 0x19, 0x14, 0x78, 0x09, 0x21, 0x49, 0x42, 0x08, 0x1C
	.byte 0x20, 0x40, 0x10, 0x70, 0x5B, 0x19, 0x18, 0x78, 0x01, 0x40, 0x19, 0x70, 0x41, 0x46, 0x0B, 0x68
	.byte 0x64, 0x46, 0x22, 0x68, 0x52, 0x19, 0x14, 0x78, 0x31, 0x21, 0x49, 0x42, 0x08, 0x1C, 0x20, 0x40
	.byte 0x10, 0x70, 0x5B, 0x19, 0x18, 0x78, 0x01, 0x40, 0x19, 0x70, 0x45, 0x46, 0x2B, 0x68, 0x66, 0x46
	.byte 0x32, 0x68, 0x85, 0x25, 0xAD, 0x00, 0x52, 0x19, 0x14, 0x78, 0x08, 0x21, 0x49, 0x42, 0x08, 0x1C
	.byte 0x20, 0x40, 0x4C, 0x46, 0x20, 0x43, 0x10, 0x70, 0x5B, 0x19, 0x18, 0x78, 0x01, 0x40, 0x21, 0x43
	.byte 0x19, 0x70, 0x45, 0x46, 0x2A, 0x68, 0x31, 0x68, 0x22, 0x20, 0x88, 0x80, 0x90, 0x80, 0x24, 0xE3
	.byte 0x52, 0x02, 0x00, 0x00, 0x0D, 0x02, 0x00, 0x00, 0x53, 0x03, 0x00, 0x00, 0x80, 0x26, 0xB6, 0x00
	.byte 0xB1, 0x46, 0xBE, 0x19, 0x32, 0x68, 0x53, 0x69, 0x90, 0x69, 0x18, 0x18, 0x95, 0x24, 0xA4, 0x00
	.byte 0x39, 0x19, 0x09, 0x68, 0x88, 0x42, 0x00, 0xDA, 0xBF, 0xE3, 0xC8, 0x1A, 0x90, 0x61, 0xFB, 0x25
	.byte 0xED, 0x19, 0xA8, 0x46, 0x28, 0x78, 0x40, 0x07, 0xC0, 0x0F, 0x30, 0x21, 0x81, 0x40, 0x22, 0x4A
	.byte 0xB8, 0x18, 0x01, 0x70, 0x81, 0x23, 0x9B, 0x00, 0xFF, 0x18, 0x3B, 0x68, 0x32, 0x68, 0x1F, 0x4D
	.byte 0x52, 0x19, 0x14, 0x78, 0x41, 0x21, 0x49, 0x42, 0x08, 0x1C, 0x20, 0x40, 0x10, 0x70, 0x5B, 0x19
	.byte 0x18, 0x78, 0x01, 0x40, 0x19, 0x70, 0x30, 0x68, 0x93, 0x24, 0xA4, 0x00, 0x01, 0x19, 0x40, 0x69
	.byte 0x08, 0x60, 0x30, 0x68, 0x94, 0x25, 0xAD, 0x00, 0x41, 0x19, 0x80, 0x69, 0x08, 0x60, 0x32, 0x68
	.byte 0x41, 0x46, 0x08, 0x78, 0x40, 0x07, 0xC0, 0x0F, 0x49, 0x46, 0x01, 0x41, 0x10, 0x4B, 0xD2, 0x18
	.byte 0x11, 0x80, 0x31, 0x68, 0x9D, 0x22, 0x92, 0x00, 0x89, 0x18, 0x38, 0x68, 0x80, 0x18, 0x00, 0x88
	.byte 0x0C, 0x88, 0x00, 0x19, 0x0B, 0x4D, 0x2B, 0x1C, 0xC0, 0x18, 0x08, 0x80, 0x31, 0x68, 0x06, 0x32
	.byte 0x89, 0x18, 0x38, 0x68, 0x80, 0x18, 0x00, 0x88, 0x0A, 0x88, 0x80, 0x18, 0xC0, 0x18, 0x08, 0x80
	.byte 0x3A, 0x68, 0x31, 0x68, 0x23, 0x20, 0x53, 0xE0, 0x51, 0x02, 0x00, 0x00, 0x51, 0x03, 0x00, 0x00
	.byte 0x3E, 0x02, 0x00, 0x00, 0x00, 0xF8, 0xFF, 0xFF, 0x80, 0x23, 0x9B, 0x00, 0xFC, 0x18, 0x20, 0x68
	.byte 0xCF, 0x25, 0xAD, 0x00, 0x40, 0x19, 0x01, 0x78, 0x7F, 0x20, 0x08, 0x40, 0x7F, 0x28, 0x0E, 0xD1
	.byte 0x81, 0x26, 0xB6, 0x00, 0xB8, 0x19, 0x01, 0x68, 0x0D, 0x33, 0xC9, 0x18, 0x08, 0x78, 0x10, 0x22
	.byte 0x10, 0x43, 0x08, 0x70, 0x21, 0x68, 0xC9, 0x18, 0x08, 0x78, 0x10, 0x43, 0x08, 0x70, 0x1A, 0x49
	.byte 0x78, 0x18, 0x01, 0x78, 0x02, 0x20, 0x08, 0x40, 0x00, 0x28, 0x07, 0xD1, 0x17, 0x4A, 0xB8, 0x18
	.byte 0x00, 0x78, 0x00, 0x06, 0x00, 0x16, 0x00, 0x28, 0x00, 0xD0, 0x3E, 0xE3, 0x80, 0x23, 0x9B, 0x00
	.byte 0xFD, 0x18, 0x29, 0x68, 0x12, 0x4C, 0x09, 0x19, 0x08, 0x78, 0x40, 0x24, 0x20, 0x43, 0x08, 0x70
	.byte 0x28, 0x68, 0x80, 0x26, 0x76, 0x00, 0xB9, 0x19, 0x09, 0x88, 0x0E, 0x4A, 0x80, 0x18, 0x01, 0x80
	.byte 0x04, 0x33, 0xFF, 0x18, 0x3A, 0x68, 0x29, 0x68, 0x0B, 0x4B, 0xC9, 0x18, 0x08, 0x78, 0x20, 0x43
	.byte 0x08, 0x70, 0xD2, 0x18, 0x10, 0x78, 0x20, 0x43, 0x10, 0x70, 0x3A, 0x68, 0x29, 0x68, 0x24, 0x20
	.byte 0x88, 0x80, 0x90, 0x80, 0x19, 0xE3, 0x00, 0x00, 0x0A, 0x02, 0x00, 0x00, 0x51, 0x02, 0x00, 0x00
	.byte 0x0D, 0x02, 0x00, 0x00, 0x3E, 0x02, 0x00, 0x00, 0x51, 0x03, 0x00, 0x00, 0x80, 0x24, 0xA4, 0x00
	.byte 0xE4, 0x19, 0xA2, 0x46, 0x25, 0x68, 0x97, 0x26, 0xB6, 0x00, 0xA8, 0x19, 0x01, 0x68, 0x01, 0x20
	.byte 0x40, 0x42, 0x81, 0x42, 0x00, 0xD0, 0x00, 0xE3, 0x01, 0x20, 0x28, 0x56, 0x88, 0x42, 0x0D, 0xD0
	.byte 0x01, 0x1C, 0x89, 0x00, 0x38, 0x1C, 0x28, 0x30, 0x40, 0x18, 0x00, 0x68, 0x2E, 0x49, 0x40, 0x18
	.byte 0x01, 0x78, 0x38, 0x20, 0x08, 0x40, 0x18, 0x28, 0x00, 0xD1, 0xEE, 0xE2, 0x81, 0x22, 0x92, 0x00
	.byte 0xD2, 0x19, 0x91, 0x46, 0x14, 0x68, 0x29, 0x4B, 0xDB, 0x19, 0x98, 0x46, 0x1A, 0x78, 0x24, 0x35
	.byte 0x52, 0x09, 0x2B, 0x78, 0x08, 0x21, 0x49, 0x42, 0x08, 0x1C, 0x18, 0x40, 0x10, 0x43, 0x28, 0x70
	.byte 0x24, 0x34, 0x20, 0x78, 0x01, 0x40, 0x11, 0x43, 0x21, 0x70, 0x4C, 0x46, 0x22, 0x68, 0x55, 0x46
	.byte 0x29, 0x68, 0x46, 0x46, 0x30, 0x78, 0x40, 0x09, 0x40, 0x01, 0x88, 0x70, 0x90, 0x70, 0x28, 0x68
	.byte 0x1C, 0xF0, 0x12, 0xFC, 0x26, 0x68, 0xF0, 0x68, 0x00, 0x28, 0x00, 0xDA, 0xFF, 0x30, 0x03, 0x12
	.byte 0x17, 0x4A, 0x30, 0x1C, 0x24, 0x30, 0x00, 0x78, 0x40, 0x07, 0x41, 0x0F, 0x04, 0x20, 0x41, 0x40
	.byte 0x88, 0x00, 0x80, 0x18, 0x00, 0x24, 0x00, 0x5F, 0x00, 0x28, 0x00, 0xDA, 0x0F, 0x30, 0x00, 0x11
	.byte 0x1B, 0x18, 0x98, 0x46, 0x48, 0x00, 0x01, 0x30, 0x40, 0x00, 0x80, 0x18, 0x00, 0x25, 0x42, 0x5F
	.byte 0x30, 0x69, 0x00, 0x28, 0x00, 0xDA, 0xFF, 0x30, 0x06, 0x12, 0x51, 0x46, 0x08, 0x68, 0x09, 0x4B
	.byte 0xC0, 0x18, 0x01, 0x78, 0x30, 0x20, 0x08, 0x40, 0x00, 0x28, 0x0D, 0xD0, 0x10, 0x1C, 0x00, 0x2A
	.byte 0x00, 0xDA, 0x1F, 0x30, 0x40, 0x11, 0x0C, 0xE0, 0x0E, 0x02, 0x00, 0x00, 0x46, 0x02, 0x00, 0x00
	.byte 0x84, 0xF5, 0x39, 0x08, 0x53, 0x03, 0x00, 0x00, 0x10, 0x1C, 0x00, 0x28, 0x00, 0xDA, 0x0F, 0x30
	.byte 0x00, 0x11, 0x36, 0x18, 0xB2, 0x46, 0x81, 0x25, 0xAD, 0x00, 0x7C, 0x19, 0x20, 0x68, 0x3D, 0x1C
	.byte 0xFB, 0x35, 0x29, 0x78, 0x49, 0x07, 0xC9, 0x0F, 0xEE, 0x22, 0x0A, 0x41, 0x80, 0x26, 0x76, 0x00
	.byte 0xB9, 0x19, 0x00, 0x26, 0x8B, 0x5F, 0x99, 0x46, 0x04, 0x21, 0x0C, 0xF0, 0xFD, 0xFD, 0x24, 0x68
	.byte 0x50, 0x46, 0x00, 0x90, 0x00, 0x20, 0x01, 0x90, 0x29, 0x78, 0x04, 0x20, 0x08, 0x40, 0x00, 0x28
	.byte 0x01, 0xD0, 0x0E, 0x20, 0x00, 0xE0, 0x08, 0x20, 0x02, 0x90, 0x20, 0x1C, 0x02, 0x21, 0x00, 0x22
	.byte 0x43, 0x46, 0x12, 0xF0, 0xDB, 0xFA, 0x81, 0x21, 0x89, 0x00, 0xC9, 0x19, 0x88, 0x46, 0x0A, 0x68
	.byte 0x83, 0x23, 0x9B, 0x00, 0xD2, 0x18, 0x10, 0x68, 0x31, 0x49, 0x08, 0x40, 0x80, 0x21, 0x09, 0x02
	.byte 0x08, 0x43, 0x10, 0x60, 0x44, 0x46, 0x22, 0x68, 0x80, 0x26, 0xB6, 0x00, 0xBD, 0x19, 0x29, 0x68
	.byte 0x2C, 0x4C, 0x09, 0x19, 0x08, 0x78, 0x08, 0x23, 0x18, 0x43, 0x08, 0x70, 0x12, 0x19, 0x10, 0x78
	.byte 0x18, 0x43, 0x10, 0x70, 0x41, 0x46, 0x08, 0x68, 0x91, 0x21, 0x89, 0x00, 0x43, 0x18, 0x00, 0x22
	.byte 0x1A, 0x80, 0x25, 0x4B, 0xC0, 0x18, 0x02, 0x80, 0x28, 0x68, 0x41, 0x18, 0x0A, 0x80, 0xC0, 0x18
	.byte 0x02, 0x80, 0x2A, 0x68, 0x9D, 0x21, 0x89, 0x00, 0x52, 0x18, 0x43, 0x46, 0x18, 0x68, 0x40, 0x18
	.byte 0x11, 0x88, 0x00, 0x88, 0x09, 0x1A, 0x80, 0x24, 0x24, 0x01, 0x23, 0x1C, 0xC9, 0x18, 0x11, 0x80
	.byte 0x2A, 0x68, 0x1A, 0x48, 0x12, 0x18, 0x46, 0x46, 0x31, 0x68, 0x09, 0x18, 0x10, 0x88, 0x09, 0x88
	.byte 0x40, 0x1A, 0xC0, 0x18, 0x10, 0x80, 0x29, 0x68, 0x08, 0x1C, 0x24, 0x30, 0x00, 0x78, 0x40, 0x01
	.byte 0x88, 0x70, 0x2A, 0x68, 0x85, 0x20, 0x80, 0x00, 0x12, 0x18, 0x11, 0x78, 0x08, 0x20, 0x40, 0x42
	.byte 0x08, 0x40, 0x03, 0x21, 0x08, 0x43, 0x10, 0x70, 0x31, 0x68, 0x28, 0x68, 0x8E, 0x22, 0x92, 0x00
	.byte 0x80, 0x18, 0x00, 0x78, 0x89, 0x18, 0x08, 0x70, 0x32, 0x68, 0x29, 0x68, 0x25, 0x20, 0x88, 0x80
	.byte 0x90, 0x80, 0x01, 0x21, 0x49, 0x42, 0x2B, 0x20, 0xE6, 0xF7, 0x00, 0xF8, 0xF5, 0xE1, 0x00, 0x00
	.byte 0xFF, 0x7F, 0xFC, 0xFF, 0x53, 0x03, 0x00, 0x00, 0x42, 0x02, 0x00, 0x00, 0x7A, 0x02, 0x00, 0x00
	.byte 0x81, 0x21, 0x89, 0x00, 0x7C, 0x18, 0x21, 0x68, 0x96, 0x22, 0x92, 0x00, 0x88, 0x18, 0x00, 0x68
	.byte 0x00, 0x28, 0x44, 0xDA, 0x08, 0x1C, 0x13, 0xF0, 0xCF, 0xF9, 0x22, 0x68, 0x92, 0x23, 0x9B, 0x00
	.byte 0xF8, 0x18, 0x00, 0x24, 0x03, 0x5F, 0x08, 0x4D, 0x78, 0x19, 0x00, 0x26, 0x80, 0x5F, 0x00, 0x90
	.byte 0x00, 0x20, 0x01, 0x90, 0x38, 0x1C, 0xFB, 0x30, 0x01, 0x78, 0x04, 0x20, 0x08, 0x40, 0x00, 0x28
	.byte 0x04, 0xD0, 0x0E, 0x20, 0x03, 0xE0, 0x00, 0x00, 0x4A, 0x02, 0x00, 0x00, 0x08, 0x20, 0x02, 0x90
	.byte 0x10, 0x1C, 0x02, 0x21, 0x00, 0x22, 0x12, 0xF0, 0x39, 0xFA, 0x81, 0x21, 0x89, 0x00, 0x78, 0x18
	.byte 0x02, 0x68, 0x85, 0x23, 0x9B, 0x00, 0xD2, 0x18, 0x11, 0x78, 0x08, 0x20, 0x40, 0x42, 0x08, 0x40
	.byte 0x02, 0x21, 0x08, 0x43, 0x10, 0x70, 0x81, 0x24, 0xA4, 0x00, 0x38, 0x19, 0x01, 0x68, 0x96, 0x25
	.byte 0xAD, 0x00, 0x48, 0x19, 0x00, 0x68, 0x00, 0x28, 0x09, 0xDA, 0x88, 0x88, 0x01, 0x30, 0x88, 0x80
	.byte 0x80, 0x26, 0xB6, 0x00, 0xB8, 0x19, 0x01, 0x68, 0x88, 0x88, 0x01, 0x30, 0x88, 0x80, 0x51, 0x48
	.byte 0x3D, 0x18, 0x29, 0x78, 0x02, 0x20, 0x08, 0x40, 0x00, 0x28, 0x31, 0xD1, 0x81, 0x21, 0x89, 0x00
	.byte 0x7C, 0x18, 0x20, 0x68, 0x80, 0x22, 0x92, 0x00, 0xB9, 0x18, 0x09, 0x68, 0x14, 0xF0, 0xC8, 0xFA
	.byte 0x00, 0x28, 0x25, 0xD0, 0x21, 0x68, 0x48, 0x6B, 0x47, 0x4A, 0x10, 0x40, 0xC8, 0x60, 0x21, 0x68
	.byte 0x88, 0x6B, 0x10, 0x40, 0x08, 0x61, 0x21, 0x68, 0x88, 0x69, 0x4A, 0x69, 0x80, 0x18, 0x88, 0x61
	.byte 0x21, 0x68, 0xC8, 0x6B, 0x48, 0x61, 0x21, 0x68, 0x88, 0x69, 0x4A, 0x69, 0x80, 0x1A, 0x88, 0x61
	.byte 0x20, 0x68, 0x13, 0xF0, 0x61, 0xF9, 0x22, 0x68, 0xD5, 0x23, 0x9B, 0x00, 0xD0, 0x18, 0x01, 0x78
	.byte 0x8E, 0x24, 0xA4, 0x00, 0x10, 0x19, 0x01, 0x70, 0x28, 0x78, 0x02, 0x21, 0x08, 0x43, 0x28, 0x70
	.byte 0x81, 0x25, 0xAD, 0x00, 0xED, 0x19, 0xA8, 0x46, 0x2A, 0x68, 0x97, 0x26, 0xB6, 0x00, 0x90, 0x19
	.byte 0x01, 0x68, 0x01, 0x20, 0x40, 0x42, 0x81, 0x42, 0x00, 0xD0, 0x56, 0xE1, 0x00, 0x20, 0x81, 0x46
	.byte 0x04, 0x21, 0x50, 0x5E, 0x26, 0x28, 0x01, 0xD1, 0x01, 0x23, 0x99, 0x46, 0xDA, 0x21, 0x89, 0x00
	.byte 0x50, 0x18, 0x02, 0x68, 0x80, 0x24, 0xA4, 0x00, 0x3C, 0x19, 0x03, 0x94, 0x20, 0x68, 0x40, 0x18
	.byte 0x00, 0x68, 0x00, 0x21, 0x01, 0x70, 0x11, 0x70, 0x45, 0x46, 0x2A, 0x68, 0x20, 0x68, 0x81, 0x80
	.byte 0x91, 0x80, 0x2B, 0x68, 0x22, 0x68, 0xD6, 0x25, 0xAD, 0x00, 0x52, 0x19, 0x14, 0x78, 0x09, 0x39
	.byte 0x08, 0x1C, 0x20, 0x40, 0x10, 0x70, 0x5B, 0x19, 0x18, 0x78, 0x01, 0x40, 0x19, 0x70, 0x46, 0x46
	.byte 0x33, 0x68, 0x03, 0x98, 0x02, 0x68, 0x07, 0x3D, 0x52, 0x19, 0x14, 0x78, 0x41, 0x21, 0x49, 0x42
	.byte 0x08, 0x1C, 0x20, 0x40, 0x10, 0x70, 0x5B, 0x19, 0x18, 0x78, 0x01, 0x40, 0x19, 0x70, 0x32, 0x68
	.byte 0x85, 0x21, 0x89, 0x00, 0x52, 0x18, 0x11, 0x78, 0x08, 0x20, 0x40, 0x42, 0x08, 0x40, 0x03, 0x21
	.byte 0x08, 0x43, 0x10, 0x70, 0x30, 0x68, 0x13, 0xF0, 0xFF, 0xF8, 0x31, 0x68, 0x08, 0x1C, 0x24, 0x30
	.byte 0x00, 0x78, 0x40, 0x01, 0x88, 0x70, 0x09, 0x4B, 0xFA, 0x18, 0x11, 0x78, 0x7F, 0x20, 0x08, 0x40
	.byte 0x10, 0x70, 0x4C, 0x46, 0x00, 0x2C, 0x00, 0xD1, 0xFF, 0xE0, 0x38, 0x1C, 0x00, 0x21, 0xFA, 0xF7
	.byte 0xEB, 0xFB, 0xFA, 0xE0, 0x46, 0x02, 0x00, 0x00, 0x00, 0xFF, 0xFF, 0xFF, 0x0B, 0x02, 0x00, 0x00
	.byte 0x80, 0x25, 0xAD, 0x00, 0x7C, 0x19, 0x20, 0x68, 0x14, 0xF0, 0xDA, 0xF9, 0x00, 0x06, 0x00, 0x28
	.byte 0x00, 0xD0, 0xEA, 0xE0, 0x81, 0x26, 0xB6, 0x00, 0xB8, 0x19, 0x02, 0x68, 0x21, 0x68, 0x28, 0x20
	.byte 0x88, 0x80, 0x90, 0x80, 0x04, 0x48, 0x39, 0x18, 0x14, 0x20, 0x08, 0x70, 0x03, 0x4A, 0xB9, 0x18
	.byte 0x01, 0x20, 0x08, 0x70, 0xD9, 0xE0, 0x00, 0x00, 0x51, 0x02, 0x00, 0x00, 0x52, 0x02, 0x00, 0x00
	.byte 0x15, 0x48, 0x41, 0x8D, 0xF0, 0x20, 0x08, 0x40, 0x00, 0x28, 0x00, 0xD1, 0xCD, 0xE0, 0x81, 0x23
	.byte 0x9B, 0x00, 0xF8, 0x18, 0x03, 0x68, 0x80, 0x24, 0xA4, 0x00, 0x3A, 0x19, 0x11, 0x68, 0x29, 0x20
	.byte 0x88, 0x80, 0x98, 0x80, 0x12, 0x68, 0x38, 0x1C, 0xFB, 0x30, 0x00, 0x78, 0x40, 0x07, 0xC0, 0x0F
	.byte 0xC0, 0x21, 0x89, 0x00, 0x01, 0x41, 0x09, 0x4D, 0x52, 0x19, 0x11, 0x80, 0x08, 0x4E, 0xB9, 0x19
	.byte 0x40, 0x20, 0x08, 0x70, 0x8E, 0x20, 0xE5, 0xF7, 0xB3, 0xFE, 0x01, 0x21, 0x49, 0x42, 0x5D, 0x20
	.byte 0xE5, 0xF7, 0xB4, 0xFE, 0xA9, 0xE0, 0x00, 0x00, 0x4C, 0x03, 0x00, 0x03, 0x3E, 0x02, 0x00, 0x00
	.byte 0x51, 0x02, 0x00, 0x00, 0x80, 0x20, 0x80, 0x00, 0x3C, 0x18, 0x20, 0x68, 0x14, 0xF0, 0x88, 0xF9
	.byte 0x00, 0x06, 0x00, 0x28, 0x00, 0xD0, 0x98, 0xE0, 0x81, 0x21, 0x89, 0x00, 0x78, 0x18, 0x02, 0x68
	.byte 0x21, 0x68, 0x2B, 0x20, 0x88, 0x80, 0x90, 0x80, 0x03, 0x4A, 0xB9, 0x18, 0x08, 0x20, 0x08, 0x80
	.byte 0x02, 0x4B, 0xF9, 0x18, 0x80, 0x20, 0x87, 0xE0, 0x6E, 0x02, 0x00, 0x00, 0x5A, 0x02, 0x00, 0x00
	.byte 0x80, 0x24, 0xA4, 0x00, 0x3D, 0x19, 0xA8, 0x46, 0x2A, 0x68, 0x2C, 0x4E, 0xBB, 0x19, 0x00, 0x20
	.byte 0x19, 0x5E, 0x90, 0x69, 0x40, 0x18, 0x90, 0x61, 0x2A, 0x68, 0x51, 0x69, 0x90, 0x69, 0x09, 0x18
	.byte 0x95, 0x25, 0xAD, 0x00, 0x78, 0x19, 0x00, 0x68, 0x81, 0x42, 0x4D, 0xDB, 0x56, 0x3E, 0xF1, 0x59
	.byte 0x2C, 0x20, 0x90, 0x80, 0x88, 0x80, 0x40, 0x46, 0x02, 0x68, 0x0D, 0x34, 0x12, 0x19, 0x10, 0x78
	.byte 0x40, 0x21, 0x08, 0x43, 0x10, 0x70, 0x97, 0x21, 0x89, 0x00, 0x7D, 0x18, 0x28, 0x78, 0x80, 0x00
	.byte 0x3A, 0x1C, 0x28, 0x32, 0x10, 0x18, 0x01, 0x68, 0x09, 0x19, 0x08, 0x78, 0x10, 0x23, 0x18, 0x43
	.byte 0x08, 0x70, 0x28, 0x78, 0x80, 0x00, 0x12, 0x18, 0x11, 0x68, 0x15, 0x4A, 0x89, 0x18, 0x08, 0x78
	.byte 0x01, 0x22, 0x10, 0x43, 0x08, 0x70, 0xF1, 0x59, 0x09, 0x19, 0x08, 0x78, 0x18, 0x43, 0x08, 0x70
	.byte 0x45, 0x46, 0x29, 0x68, 0x09, 0x19, 0x08, 0x78, 0x18, 0x43, 0x08, 0x70, 0x28, 0x68, 0x8D, 0x21
	.byte 0x49, 0x00, 0x01, 0x23, 0x5B, 0x42, 0x0A, 0x22, 0x0C, 0xF0, 0x5E, 0xFC, 0xF3, 0x59, 0x2A, 0x68
	.byte 0x08, 0x4D, 0x52, 0x19, 0x14, 0x78, 0x41, 0x21, 0x49, 0x42, 0x08, 0x1C, 0x20, 0x40, 0x10, 0x70
	.byte 0x5B, 0x19, 0x18, 0x78, 0x01, 0x40, 0x19, 0x70, 0x27, 0xE0, 0x00, 0x00, 0x5A, 0x02, 0x00, 0x00
	.byte 0x17, 0x02, 0x00, 0x00, 0x51, 0x03, 0x00, 0x00, 0x00, 0x26, 0x99, 0x5F, 0x09, 0x48, 0x81, 0x42
	.byte 0x1B, 0xDC, 0x6F, 0x30, 0x39, 0x18, 0x08, 0x88, 0x01, 0x38, 0x08, 0x80, 0x00, 0x04, 0x00, 0x28
	.byte 0x13, 0xD1, 0x00, 0x22, 0x99, 0x5E, 0x80, 0x29, 0x06, 0xD0, 0x80, 0x20, 0x40, 0x00, 0x81, 0x42
	.byte 0x06, 0xD0, 0x06, 0xE0, 0xFF, 0x01, 0x00, 0x00, 0x80, 0x20, 0x40, 0x00, 0x18, 0x80, 0x00, 0xE0
	.byte 0x1C, 0x80, 0x06, 0x4B, 0xF9, 0x18, 0x08, 0x20, 0x08, 0x80
_080339A2:
	.byte 0x04, 0xB0, 0x38, 0xBC, 0x98, 0x46, 0xA1, 0x46, 0xAA, 0x46, 0xF0, 0xBC, 0x01, 0xBC, 0x00, 0x47
	.byte 0x00, 0x00, 0x6E, 0x02, 0x00, 0x00
	thumb_func_start sub_80339B8
sub_80339B8:
	push {r4, r5, r6, r7, lr}
	mov r7, r10
	mov r6, r9
	mov r5, r8
	push {r5, r6, r7}
	adds r7, r0, #0x0
	movs r1, #0x01
	movs r2, #0x01
	bl sub_802C4D4
	movs r0, #0x80
	lsls r0, r0, #0x02
	adds r4, r7, r0
	ldr r0, [r4, #0x00]
	bl sub_804FC90
	ldr r1, [r4, #0x00]
	adds r0, r7, #0x0
	movs r2, #0x00
	movs r3, #0x00
	bl sub_802DDB4
	movs r1, #0x81
	lsls r1, r1, #0x02
	adds r5, r7, r1
	ldr r0, [r5, #0x00]
	movs r2, #0xDA
	lsls r2, r2, #0x02
	mov r10, r2
	add r0, r10
	ldr r2, [r0, #0x00]
	movs r3, #0x80
	lsls r3, r3, #0x02
	adds r6, r7, r3
	ldr r0, [r6, #0x00]
	add r0, r10
	ldr r1, [r0, #0x00]
	movs r0, #0x06
	strb r0, [r1, #0x00]
	strb r0, [r2, #0x00]
	ldr r2, [r5, #0x00]
	ldr r1, [r6, #0x00]
	movs r0, #0x3B
	strh r0, [r1, #0x04]
	strh r0, [r2, #0x04]
	ldr r2, [r5, #0x00]
	ldr r1, [r6, #0x00]
	ldr r3, _08033B78 @ =0x00000351
	adds r1, r1, r3
	ldrb r0, [r1, #0x00]
	movs r4, #0x40
	mov r8, r4
	mov r4, r8
	orrs r0, r4
	strb r0, [r1, #0x00]
	adds r2, r2, r3
	ldrb r0, [r2, #0x00]
	orrs r0, r4
	strb r0, [r2, #0x00]
	ldr r2, [r5, #0x00]
	ldr r1, [r6, #0x00]
	movs r4, #0xD6
	lsls r4, r4, #0x02
	adds r1, r1, r4
	ldrb r0, [r1, #0x00]
	movs r3, #0x08
	orrs r0, r3
	strb r0, [r1, #0x00]
	adds r2, r2, r4
	ldrb r0, [r2, #0x00]
	orrs r0, r3
	strb r0, [r2, #0x00]
	ldr r1, [r6, #0x00]
	ldr r0, _08033B7C @ =0x0000035B
	adds r1, r1, r0
	ldrb r0, [r1, #0x00]
	movs r2, #0x10
	orrs r0, r2
	strb r0, [r1, #0x00]
	ldr r1, [r6, #0x00]
	ldr r2, _08033B80 @ =0x0000020D
	mov r9, r2
	add r1, r9
	ldrb r0, [r1, #0x00]
	movs r4, #0x20
	orrs r0, r4
	strb r0, [r1, #0x00]
	ldr r1, [r6, #0x00]
	movs r3, #0x84
	lsls r3, r3, #0x02
	adds r1, r1, r3
	ldrb r2, [r1, #0x00]
	movs r0, #0x03
	negs r0, r0
	ands r0, r2
	strb r0, [r1, #0x00]
	ldr r1, [r6, #0x00]
	adds r1, r1, r3
	ldrb r2, [r1, #0x00]
	movs r0, #0x05
	negs r0, r0
	ands r0, r2
	strb r0, [r1, #0x00]
	ldr r1, [r5, #0x00]
	adds r3, #0x02
	adds r1, r1, r3
	ldrb r0, [r1, #0x00]
	mov r2, r8
	orrs r0, r2
	strb r0, [r1, #0x00]
	ldr r1, [r5, #0x00]
	add r1, r9
	ldrb r0, [r1, #0x00]
	orrs r0, r4
	strb r0, [r1, #0x00]
	ldr r1, [r5, #0x00]
	ldr r3, _08033B84 @ =0x0000035A
	adds r1, r1, r3
	ldrb r0, [r1, #0x00]
	movs r4, #0x02
	orrs r0, r4
	strb r0, [r1, #0x00]
	movs r0, #0x82
	lsls r0, r0, #0x02
	adds r2, r7, r0
	ldrb r1, [r2, #0x00]
	movs r0, #0x02
	negs r0, r0
	ands r0, r1
	strb r0, [r2, #0x00]
	ldr r1, _08033B88 @ =0x0000020B
	adds r2, r7, r1
	ldrb r0, [r2, #0x00]
	movs r1, #0x80
	orrs r0, r1
	strb r0, [r2, #0x00]
	ldr r2, [r5, #0x00]
	movs r3, #0x85
	lsls r3, r3, #0x02
	adds r2, r2, r3
	ldrb r1, [r2, #0x00]
	movs r0, #0x08
	negs r0, r0
	ands r0, r1
	movs r1, #0x04
	orrs r0, r1
	strb r0, [r2, #0x00]
	ldr r0, [r5, #0x00]
	ldr r1, _08033B8C @ =0x00001025
	bl sub_8049000
	ldr r0, [r5, #0x00]
	movs r1, #0xFB
	adds r1, r1, r7
	mov r8, r1
	ldrb r1, [r1, #0x00]
	lsls r1, r1, #0x1D
	lsrs r1, r1, #0x1F
	movs r2, #0xEE
	asrs r2, r1
	movs r3, #0x80
	lsls r3, r3, #0x01
	adds r3, r3, r7
	mov r9, r3
	movs r1, #0x00
	ldsh r3, [r3, r1]
	mov r9, r3
	movs r1, #0x10
	bl sub_80400B0
	ldr r0, [r5, #0x00]
	movs r2, #0xA5
	lsls r2, r2, #0x02
	adds r0, r0, r2
	ldr r2, [r0, #0x00]
	ldrb r1, [r2, #0x12]
	movs r0, #0x07
	negs r0, r0
	ands r0, r1
	orrs r0, r4
	strb r0, [r2, #0x12]
	ldr r0, [r6, #0x00]
	add r0, r10
	ldr r1, [r0, #0x00]
	ldrb r0, [r1, #0x10]
	strb r0, [r1, #0x12]
	ldr r0, [r6, #0x00]
	add r0, r10
	ldr r0, [r0, #0x00]
	movs r3, #0x00
	strb r3, [r0, #0x10]
	ldr r4, _08033B90 @ =0x00000246
	adds r2, r7, r4
	ldrb r1, [r2, #0x00]
	movs r0, #0x1D
	negs r0, r0
	ands r0, r1
	movs r1, #0x0C
	orrs r0, r1
	strb r0, [r2, #0x00]
	movs r1, #0x01
	negs r1, r1
	movs r0, #0x3C
	bl play_sfx_80195B4
	mov r0, r8
	ldrb r1, [r0, #0x00]
	movs r0, #0x04
	ands r0, r1
	movs r1, #0x14
	cmp r0, #0x00
	bne _08033B62
	movs r1, #0x0A
_08033B62:
	ldr r2, _08033B94 @ =0x00000272
	adds r0, r7, r2
	strh r1, [r0, #0x00]
	pop {r3, r4, r5}
	mov r8, r3
	mov r9, r4
	mov r10, r5
	pop {r4, r5, r6, r7}
	pop {r0}
	bx r0
	.byte 0x00, 0x00
_08033B78: .4byte 0x00000351
_08033B7C: .4byte 0x0000035B
_08033B80: .4byte 0x0000020D
_08033B84: .4byte 0x0000035A
_08033B88: .4byte 0x0000020B
_08033B8C: .4byte 0x00001025
_08033B90: .4byte 0x00000246
_08033B94: .4byte 0x00000272
	thumb_func_start sub_8033B98
sub_8033B98:
	push {r4, r5, r6, r7, lr}
	mov r7, r10
	mov r6, r9
	mov r5, r8
	push {r5, r6, r7}
	add sp, #-0x014
	adds r6, r0, #0x0
	mov r8, r1
	movs r1, #0x01
	movs r2, #0x01
	bl sub_802C4D4
	ldr r2, _08033DE4 @ =0x0000035B
	add r2, r8
	ldrb r1, [r2, #0x00]
	movs r0, #0x11
	negs r0, r0
	ands r0, r1
	strb r0, [r2, #0x00]
	movs r2, #0x84
	lsls r2, r2, #0x02
	add r2, r8
	ldrb r0, [r2, #0x00]
	movs r1, #0x02
	orrs r0, r1
	movs r1, #0x04
	orrs r0, r1
	strb r0, [r2, #0x00]
	movs r0, #0x3E
	mov r1, r8
	strh r0, [r1, #0x04]
	ldr r7, _08033DE8 @ =0x00000351
	adds r1, r1, r7
	ldrb r0, [r1, #0x00]
	movs r5, #0x40
	orrs r0, r5
	strb r0, [r1, #0x00]
	movs r2, #0x82
	lsls r2, r2, #0x02
	adds r0, r6, r2
	ldrb r1, [r0, #0x00]
	movs r0, #0x10
	ands r0, r1
	cmp r0, #0x00
	beq _08033C32
	ldr r0, _08033DEC @ =0x00000352
	add r0, r8
	ldrb r1, [r0, #0x00]
	movs r0, #0x80
	ands r0, r1
	cmp r0, #0x00
	beq _08033C22
	movs r3, #0x81
	lsls r3, r3, #0x02
	adds r4, r6, r3
	ldr r0, [r4, #0x00]
	bl sub_804FC90
	ldr r1, [r4, #0x00]
	movs r2, #0x82
	lsls r2, r2, #0x02
	adds r0, r6, r2
	ldrb r2, [r0, #0x00]
	lsls r2, r2, #0x1B
	lsrs r2, r2, #0x1F
	adds r0, r6, #0x0
	movs r3, #0x00
	bl sub_802DDB4
_08033C22:
	movs r0, #0xE2
	lsls r0, r0, #0x02
	add r0, r8
	ldr r1, [r0, #0x00]
	adds r1, r1, r7
	ldrb r0, [r1, #0x00]
	orrs r0, r5
	strb r0, [r1, #0x00]
_08033C32:
	ldr r2, _08033DEC @ =0x00000352
	add r2, r8
	ldrb r1, [r2, #0x00]
	movs r0, #0x41
	negs r0, r0
	ands r0, r1
	strb r0, [r2, #0x00]
	movs r2, #0x85
	lsls r2, r2, #0x02
	add r2, r8
	ldrb r1, [r2, #0x00]
	movs r0, #0x08
	negs r0, r0
	ands r0, r1
	movs r1, #0x04
	orrs r0, r1
	strb r0, [r2, #0x00]
	ldr r1, _08033DF0 @ =0x00001044
	mov r0, r8
	bl sub_8049000
	movs r3, #0xA5
	lsls r3, r3, #0x02
	add r3, r8
	mov r10, r3
	ldr r2, [r3, #0x00]
	ldrb r1, [r2, #0x12]
	movs r0, #0x07
	negs r0, r0
	ands r0, r1
	movs r7, #0x02
	orrs r0, r7
	strb r0, [r2, #0x12]
	ldr r2, [r3, #0x00]
	adds r0, r6, #0x0
	adds r0, #0xFB
	ldrb r1, [r0, #0x00]
	lsrs r1, r1, #0x03
	ldr r0, _08033DF4 @ =0x0000020A
	adds r4, r6, r0
	ldrb r0, [r4, #0x00]
	lsls r0, r0, #0x1E
	lsrs r0, r0, #0x1F
	lsls r1, r0
	adds r2, #0x20
	strb r1, [r2, #0x00]
	ldr r1, _08033DF8 @ =0x0000020B
	adds r2, r6, r1
	ldrb r0, [r2, #0x00]
	movs r1, #0x80
	orrs r0, r1
	strb r0, [r2, #0x00]
	movs r5, #0x01
	negs r5, r5
	movs r0, #0x38
	adds r1, r5, #0x0
	bl play_sfx_80195B4
	ldrb r1, [r4, #0x00]
	movs r0, #0x02
	ands r0, r1
	cmp r0, #0x00
	beq _08033CB2
	b _08033E20
_08033CB2:
	adds r0, r6, #0x0
	mov r1, r8
	bl sub_80261C0
	adds r1, r0, #0x0
	cmp r1, r5
	beq _08033DAC
	movs r0, #0x80
	ands r0, r1
	cmp r0, #0x00
	bne _08033DAC
	lsls r0, r1, #0x01
	adds r0, r0, r1
	lsls r0, r0, #0x02
	movs r2, #0x9A
	lsls r2, r2, #0x01
	adds r0, r0, r2
	adds r5, r6, r0
	ldrb r0, [r5, #0x00]
	orrs r0, r7
	strb r0, [r5, #0x00]
	ldr r2, [r5, #0x08]
	ldrb r1, [r2, #0x07]
	lsls r1, r1, #0x08
	ldrb r0, [r2, #0x06]
	orrs r0, r1
	ldrb r1, [r2, #0x00]
	mov r2, r8
	adds r2, #0x54
	ldrb r2, [r2, #0x00]
	bl sub_8116A2C
	lsls r0, r0, #0x10
	movs r1, #0xF0
	lsls r1, r1, #0x0C
	ands r1, r0
	lsrs r1, r1, #0x10
	str r1, [sp, #0x010]
	lsrs r1, r0, #0x14
	movs r4, #0x01
	ands r1, r4
	mov r9, r1
	lsrs r7, r0, #0x15
	movs r0, #0x7F
	ands r7, r0
	ldrb r1, [r5, #0x01]
	lsls r1, r1, #0x0C
	movs r0, #0x80
	lsls r0, r0, #0x04
	adds r1, r1, r0
	ldrb r2, [r5, #0x02]
	lsls r2, r2, #0x0C
	ldr r3, _08033DFC @ =0xFFFFF800
	adds r2, r2, r3
	ldrb r3, [r5, #0x03]
	lsls r3, r3, #0x0B
	mov r12, r3
	movs r0, #0xC0
	lsls r0, r0, #0x04
	str r0, [sp, #0x000]
	ldr r0, [sp, #0x010]
	str r0, [sp, #0x004]
	add r0, sp, #0x008
	mov r3, r9
	strb r3, [r0, #0x00]
	add r0, sp, #0x00C
	strb r4, [r0, #0x00]
	adds r0, r6, #0x0
	mov r3, r12
	bl sub_80262CC
	movs r1, #0x00
	mov r2, r10
	ldr r0, [r2, #0x00]
	movs r3, #0x02
	ldsh r0, [r0, r3]
	cmp r0, #0x3F
	bgt _08033D50
	movs r1, #0x01
_08033D50:
	str r1, [sp, #0x000]
	adds r0, r6, #0x0
	movs r1, #0x01
	ldr r2, [sp, #0x010]
	adds r3, r7, #0x0
	bl sub_802641C
	mov r0, r9
	cmp r0, #0x00
	beq _08033DAC
	ldr r0, _08033E00 @ =0x03000FC0
	ldr r0, [r0, #0x00]
	movs r1, #0xE3
	lsls r1, r1, #0x02
	adds r0, r0, r1
	movs r3, #0x9B
	lsls r3, r3, #0x05
	adds r2, r3, #0x0
	ldrh r1, [r5, #0x04]
	adds r2, r2, r1
	lsls r2, r2, #0x10
	lsrs r2, r2, #0x10
	movs r1, #0x00
	movs r3, #0x01
	bl sub_80E9958
	ldrb r1, [r5, #0x00]
	movs r0, #0x01
	ands r0, r1
	cmp r0, #0x00
	bne _08033DAC
	movs r2, #0xC1
	lsls r2, r2, #0x02
	adds r4, r6, r2
	ldr r0, [r4, #0x00]
	ldrb r1, [r5, #0x01]
	ldrb r2, [r5, #0x02]
	bl get_coldef_ptr_by_xz
	ldr r2, [r4, #0x00]
	ldr r1, [r0, #0x00]
	lsls r1, r1, #0x01
	lsrs r1, r1, #0x1E
	adds r0, r2, #0x0
	bl sub_805C8A4
_08033DAC:
	ldr r1, _08033E04 @ =0x0000033E
	add r1, r8
	movs r0, #0x00
	ldsb r0, [r1, r0]
	movs r4, #0x01
	negs r4, r4
	cmp r0, r4
	beq _08033E20
	adds r1, r0, #0x0
	lsls r1, r1, #0x02
	adds r0, r6, #0x0
	adds r0, #0x28
	adds r0, r0, r1
	ldr r2, [r0, #0x00]
	ldr r3, _08033E08 @ =0x0000020E
	adds r0, r2, r3
	ldrb r1, [r0, #0x00]
	movs r0, #0x38
	ands r0, r1
	cmp r0, #0x18
	bne _08033E0C
	adds r0, r2, #0x0
	bl sub_804FFCC
	mov r0, r8
	bl sub_80499B8
	b _08033E20
_08033DE4: .4byte 0x0000035B
_08033DE8: .4byte 0x00000351
_08033DEC: .4byte 0x00000352
_08033DF0: .4byte 0x00001044
_08033DF4: .4byte 0x0000020A
_08033DF8: .4byte 0x0000020B
_08033DFC: .4byte 0xFFFFF800
_08033E00: .4byte 0x03000FC0
_08033E04: .4byte 0x0000033E
_08033E08: .4byte 0x0000020E
_08033E0C:
	movs r1, #0x80
	lsls r1, r1, #0x01
	adds r0, r6, r1
	movs r1, #0x00
	ldsh r3, [r0, r1]
	adds r0, r2, #0x0
	movs r1, #0x30
	adds r2, r4, #0x0
	bl sub_80400B0
_08033E20:
	add sp, #0x014
	pop {r3, r4, r5}
	mov r8, r3
	mov r9, r4
	mov r10, r5
	pop {r4, r5, r6, r7}
	pop {r0}
	bx r0
	thumb_func_start sub_8033E30
sub_8033E30:
	push {r4, r5, r6, r7, lr}
	mov r7, r9
	mov r6, r8
	push {r6, r7}
	add sp, #-0x00C
	adds r6, r0, #0x0
	movs r1, #0x01
	movs r2, #0x01
	bl sub_802C4D4
	movs r0, #0x81
	lsls r0, r0, #0x02
	adds r5, r6, r0
	ldr r0, [r5, #0x00]
	ldr r0, [r0, #0x0C]
	cmp r0, #0x00
	bge _08033E54
	adds r0, #0xFF
_08033E54:
	asrs r0, r0, #0x08
	movs r2, #0x92
	lsls r2, r2, #0x02
	adds r1, r6, r2
	strh r0, [r1, #0x00]
	ldr r0, [r5, #0x00]
	ldr r1, [r0, #0x10]
	cmp r1, #0x00
	bge _08033E68
	adds r1, #0xFF
_08033E68:
	asrs r1, r1, #0x08
	ldr r3, _08033F1C @ =0x0000024A
	adds r0, r6, r3
	strh r1, [r0, #0x00]
	ldr r2, [r5, #0x00]
	movs r0, #0x80
	lsls r0, r0, #0x02
	adds r7, r6, r0
	ldr r1, [r7, #0x00]
	movs r0, #0x40
	strh r0, [r1, #0x04]
	strh r0, [r2, #0x04]
	ldr r2, [r5, #0x00]
	ldr r1, [r7, #0x00]
	ldr r4, _08033F20 @ =0x00000351
	adds r1, r1, r4
	ldrb r0, [r1, #0x00]
	movs r3, #0x40
	orrs r0, r3
	strb r0, [r1, #0x00]
	adds r2, r2, r4
	ldrb r0, [r2, #0x00]
	orrs r0, r3
	strb r0, [r2, #0x00]
	ldr r2, [r5, #0x00]
	ldr r1, [r7, #0x00]
	adds r4, #0x07
	adds r1, r1, r4
	ldrb r0, [r1, #0x00]
	movs r3, #0x08
	orrs r0, r3
	strb r0, [r1, #0x00]
	adds r2, r2, r4
	ldrb r0, [r2, #0x00]
	orrs r0, r3
	strb r0, [r2, #0x00]
	ldr r4, [r5, #0x00]
	ldr r0, [r7, #0x00]
	ldr r1, [r0, #0x14]
	ldr r0, [r4, #0x14]
	subs r1, r1, r0
	cmp r1, #0x00
	bge _08033EC0
	adds r1, #0xFF
_08033EC0:
	asrs r1, r1, #0x08
	adds r1, #0x14
	mov r9, r1
	movs r1, #0xFB
	adds r1, r1, r6
	mov r8, r1
	ldrb r0, [r1, #0x00]
	lsls r0, r0, #0x1D
	lsrs r0, r0, #0x1F
	movs r2, #0xEE
	asrs r2, r0
	movs r3, #0x80
	lsls r3, r3, #0x01
	adds r0, r6, r3
	movs r3, #0x00
	ldsh r1, [r0, r3]
	mov r12, r1
	adds r0, r4, #0x0
	mov r1, r9
	mov r3, r12
	bl sub_80400B0
	ldr r2, [r5, #0x00]
	ldr r0, [r7, #0x00]
	ldr r3, [r0, #0x0C]
	cmp r3, #0x00
	bge _08033EF8
	adds r3, #0xFF
_08033EF8:
	asrs r3, r3, #0x08
	ldr r0, [r0, #0x10]
	cmp r0, #0x00
	bge _08033F02
	adds r0, #0xFF
_08033F02:
	asrs r0, r0, #0x08
	str r0, [sp, #0x000]
	movs r0, #0x00
	str r0, [sp, #0x004]
	mov r0, r8
	ldrb r1, [r0, #0x00]
	movs r0, #0x04
	ands r0, r1
	cmp r0, #0x00
	beq _08033F24
	movs r0, #0x12
	b _08033F26
	.byte 0x00, 0x00
_08033F1C: .4byte 0x0000024A
_08033F20: .4byte 0x00000351
_08033F24:
	movs r0, #0x0C
_08033F26:
	str r0, [sp, #0x008]
	adds r0, r2, #0x0
	movs r1, #0x02
	movs r2, #0x00
	bl sub_8045A94
	ldr r1, _08033F58 @ =0x0000020B
	adds r2, r6, r1
	ldrb r0, [r2, #0x00]
	movs r1, #0x80
	orrs r0, r1
	strb r0, [r2, #0x00]
	movs r1, #0x01
	negs r1, r1
	movs r0, #0x2B
	bl play_sfx_80195B4
	add sp, #0x00C
	pop {r3, r4}
	mov r8, r3
	mov r9, r4
	pop {r4, r5, r6, r7}
	pop {r0}
	bx r0
	.byte 0x00, 0x00
_08033F58: .4byte 0x0000020B
	thumb_func_start sub_8033F5C
sub_8033F5C:
	push {r4, r5, r6, r7, lr}
	mov r7, r9
	mov r6, r8
	push {r6, r7}
	add sp, #-0x00C
	mov r8, r0
	movs r0, #0x80
	lsls r0, r0, #0x02
	add r0, r8
	ldr r0, [r0, #0x00]
	ldrh r0, [r0, #0x04]
	subs r0, #0x3B
	lsls r0, r0, #0x10
	asrs r0, r0, #0x10
	cmp r0, #0x0A
	bls _08033F7E
	b _080346AE
_08033F7E:
	lsls r0, r0, #0x02
	ldr r1, _08033F88 @ =0x08033F8C
	adds r0, r0, r1
	ldr r0, [r0, #0x00]
	mov pc, r0
_08033F88: .4byte 0x08033F8C
	.byte 0xB8, 0x3F, 0x03, 0x08, 0x04, 0x41, 0x03, 0x08, 0x0C, 0x42, 0x03, 0x08, 0xAE, 0x46, 0x03, 0x08
	.byte 0xAE, 0x46, 0x03, 0x08, 0x7C, 0x43, 0x03, 0x08, 0x7C, 0x43, 0x03, 0x08, 0x7C, 0x43, 0x03, 0x08
	.byte 0x7C, 0x43, 0x03, 0x08, 0x7C, 0x43, 0x03, 0x08, 0x7C, 0x43, 0x03, 0x08, 0x81, 0x24, 0xA4, 0x00
	.byte 0x44, 0x44, 0x20, 0x68, 0x0C, 0xF0, 0x80, 0xF9, 0x49, 0x48, 0x40, 0x44, 0x01, 0x78, 0x40, 0x20
	.byte 0x08, 0x40, 0x00, 0x28, 0x0E, 0xD1, 0x23, 0x68, 0x5C, 0x69, 0x99, 0x69, 0x61, 0x18, 0x80, 0x20
	.byte 0x80, 0x00, 0x40, 0x44, 0x00, 0x68, 0x42, 0x69, 0x80, 0x69, 0x10, 0x18, 0x81, 0x42, 0x01, 0xDA
	.byte 0x00, 0x1B, 0x98, 0x61, 0x81, 0x25, 0xAD, 0x00, 0x45, 0x44, 0x28, 0x68, 0xA5, 0x26, 0xB6, 0x00
	.byte 0x80, 0x19, 0x02, 0x68, 0x2A, 0x20, 0x11, 0x5E, 0x40, 0x46, 0xFB, 0x30, 0x00, 0x78, 0xC0, 0x08
	.byte 0x81, 0x42, 0x46, 0xD1, 0x10, 0x1C, 0x23, 0x30, 0x00, 0x78, 0x03, 0x28, 0x11, 0xD1, 0x80, 0x23
	.byte 0x9B, 0x00, 0x43, 0x44, 0x1A, 0x68, 0x85, 0x21, 0x89, 0x00, 0x52, 0x18, 0x11, 0x78, 0x08, 0x20
	.byte 0x40, 0x42, 0x08, 0x40, 0x04, 0x21, 0x08, 0x43, 0x10, 0x70, 0x18, 0x68, 0x2D, 0x49, 0x14, 0xF0
	.byte 0xE1, 0xFF, 0x28, 0x68, 0x80, 0x19, 0x00, 0x68, 0x23, 0x30, 0x00, 0x78, 0x06, 0x28, 0x18, 0xD1
	.byte 0x80, 0x24, 0xA4, 0x00, 0x44, 0x44, 0x22, 0x68, 0x85, 0x23, 0x9B, 0x00, 0xD2, 0x18, 0x11, 0x78
	.byte 0x08, 0x20, 0x40, 0x42, 0x08, 0x40, 0x03, 0x21, 0x08, 0x43, 0x10, 0x70, 0x20, 0x68, 0x22, 0x49
	.byte 0x14, 0xF0, 0xC8, 0xFF, 0x21, 0x68, 0x21, 0x4F, 0xC9, 0x19, 0x08, 0x78, 0x40, 0x22, 0x10, 0x43
	.byte 0x08, 0x70, 0x80, 0x20, 0x80, 0x00, 0x40, 0x44, 0x00, 0x68, 0x80, 0x19, 0x02, 0x68, 0x1C, 0x49
	.byte 0x28, 0x68, 0x80, 0x19, 0x00, 0x68, 0x23, 0x30, 0x00, 0x78, 0x40, 0x00, 0x40, 0x18, 0x00, 0x88
	.byte 0xD0, 0x80, 0x81, 0x24, 0xA4, 0x00, 0x44, 0x44, 0x20, 0x68, 0xA5, 0x21, 0x89, 0x00, 0x40, 0x18
	.byte 0x00, 0x68, 0x81, 0x7C, 0x08, 0x20, 0x08, 0x40, 0x00, 0x28, 0x00, 0xD1, 0xF9, 0xE2, 0x11, 0x49
	.byte 0x41, 0x44, 0x00, 0x22, 0x14, 0x20, 0x08, 0x80, 0x20, 0x68, 0xA5, 0x23, 0x9B, 0x00, 0xC0, 0x18
	.byte 0x00, 0x68, 0x01, 0x1C, 0x21, 0x31, 0x09, 0x78, 0x05, 0x31, 0x00, 0x92, 0x00, 0x23, 0xEA, 0xF7
	.byte 0x39, 0xF8, 0x22, 0x68, 0x80, 0x20, 0x80, 0x00, 0x40, 0x44, 0x01, 0x68, 0x3C, 0x20, 0x5A, 0xE2
	.byte 0x09, 0x02, 0x00, 0x00, 0x42, 0x10, 0x00, 0x00, 0x43, 0x10, 0x00, 0x00, 0x52, 0x03, 0x00, 0x00
	.byte 0x9C, 0xFA, 0x39, 0x08, 0x6E, 0x02, 0x00, 0x00, 0x3B, 0x49, 0x41, 0x44, 0x08, 0x88, 0x01, 0x38
	.byte 0x08, 0x80, 0x00, 0x04, 0x00, 0x28, 0x00, 0xD0, 0xCB, 0xE2, 0x81, 0x26, 0xB6, 0x00, 0x46, 0x44
	.byte 0x32, 0x68, 0x85, 0x27, 0xBF, 0x00, 0xD2, 0x19, 0x11, 0x78, 0x08, 0x20, 0x40, 0x42, 0x08, 0x40
	.byte 0x03, 0x21, 0x08, 0x43, 0x10, 0x70, 0x30, 0x68, 0x30, 0x49, 0x14, 0xF0, 0x63, 0xFF, 0x34, 0x68
	.byte 0x14, 0x3F, 0x47, 0x44, 0x3B, 0x68, 0x80, 0x25, 0x6D, 0x00, 0x40, 0x46, 0x40, 0x19, 0x81, 0x46
	.byte 0x00, 0x21, 0x42, 0x5E, 0x40, 0x46, 0xFB, 0x30, 0x00, 0x78, 0x40, 0x07, 0xC0, 0x0F, 0x02, 0x41
	.byte 0x27, 0x48, 0x19, 0x18, 0x0A, 0x80, 0x20, 0x18, 0x02, 0x80, 0x98, 0x20, 0x80, 0x00, 0x1B, 0x18
	.byte 0x1A, 0x80, 0x24, 0x18, 0x22, 0x80, 0x31, 0x68, 0x22, 0x4A, 0x89, 0x18, 0x0B, 0x78, 0x41, 0x22
	.byte 0x52, 0x42, 0x10, 0x1C, 0x18, 0x40, 0x08, 0x70, 0x38, 0x68, 0xA5, 0x23, 0x9B, 0x00, 0xC0, 0x18
	.byte 0x00, 0x68, 0xC5, 0x80, 0x30, 0x68, 0x1C, 0x49, 0x40, 0x18, 0x01, 0x78, 0x0A, 0x40, 0x02, 0x70
	.byte 0x1A, 0x48, 0x40, 0x44, 0x01, 0x78, 0x40, 0x20, 0x08, 0x40, 0x00, 0x28, 0x1A, 0xD1, 0x31, 0x68
	.byte 0x3D, 0x68, 0xEB, 0x68, 0x00, 0x2B, 0x00, 0xDA, 0xFF, 0x33, 0x1B, 0x12, 0x28, 0x69, 0x00, 0x28
	.byte 0x00, 0xDA, 0xFF, 0x30, 0x00, 0x12, 0x00, 0x90, 0x68, 0x69, 0x00, 0x28, 0x00, 0xDA, 0xFF, 0x30
	.byte 0x00, 0x12, 0x01, 0x90, 0x4A, 0x46, 0x10, 0x88, 0x02, 0x90, 0x08, 0x1C, 0x01, 0x21, 0x00, 0x22
	.byte 0x11, 0xF0, 0x5A, 0xFC, 0x81, 0x20, 0x80, 0x00, 0x40, 0x44, 0x02, 0x68, 0x80, 0x20, 0x80, 0x00
	.byte 0x40, 0x44, 0x01, 0x68, 0x3D, 0x20, 0xD6, 0xE1, 0x6E, 0x02, 0x00, 0x00, 0x01, 0x10, 0x00, 0x00
	.byte 0x3E, 0x02, 0x00, 0x00, 0x12, 0x02, 0x00, 0x00, 0x0D, 0x02, 0x00, 0x00, 0x09, 0x02, 0x00, 0x00
	.byte 0x81, 0x25, 0xAD, 0x00, 0x45, 0x44, 0x29, 0x68, 0x40, 0x46, 0xF9, 0xF7, 0xF9, 0xFC, 0x00, 0x06
	.byte 0x00, 0x28, 0x03, 0xD1, 0x28, 0x68, 0x80, 0x69, 0x00, 0x28, 0x06, 0xD0, 0x28, 0x68, 0x13, 0xF0
	.byte 0xA5, 0xFC, 0x00, 0x06, 0x00, 0x28, 0x00, 0xD0, 0x92, 0xE0, 0x81, 0x27, 0xBF, 0x00, 0x47, 0x44
	.byte 0x38, 0x68, 0x13, 0xF0, 0x9B, 0xFC, 0x00, 0x06, 0x00, 0x0E, 0x01, 0x28, 0x08, 0xD1, 0x39, 0x68
	.byte 0xC8, 0x68, 0x3C, 0x4A, 0x10, 0x40, 0xC8, 0x60, 0x39, 0x68, 0x08, 0x69, 0x10, 0x40, 0x08, 0x61
	.byte 0x38, 0x68, 0x12, 0xF0, 0x8F, 0xFB, 0x3A, 0x68, 0x80, 0x23, 0x9B, 0x00, 0x43, 0x44, 0x99, 0x46
	.byte 0x19, 0x68, 0x00, 0x20, 0x88, 0x80, 0x90, 0x80, 0x3A, 0x68, 0x19, 0x68, 0xD6, 0x24, 0xA4, 0x00
	.byte 0x09, 0x19, 0x0B, 0x78, 0x09, 0x25, 0x6D, 0x42, 0x28, 0x1C, 0x18, 0x40, 0x08, 0x70, 0x12, 0x19
	.byte 0x11, 0x78, 0x28, 0x1C, 0x08, 0x40, 0x10, 0x70, 0x3B, 0x68, 0x48, 0x46, 0x02, 0x68, 0x2A, 0x4E
	.byte 0x92, 0x19, 0x14, 0x78, 0x41, 0x21, 0x49, 0x42, 0x08, 0x1C, 0x20, 0x40, 0x10, 0x70, 0x9B, 0x19
	.byte 0x18, 0x78, 0x01, 0x40, 0x19, 0x70, 0x39, 0x68, 0x24, 0x4B, 0xC9, 0x18, 0x0A, 0x78, 0x21, 0x20
	.byte 0x40, 0x42, 0x10, 0x40, 0x08, 0x70, 0x39, 0x68, 0xC9, 0x18, 0x08, 0x78, 0x40, 0x22, 0x10, 0x43
	.byte 0x08, 0x70, 0x39, 0x68, 0x1E, 0x4A, 0x89, 0x18, 0x0A, 0x78, 0x03, 0x20, 0x40, 0x42, 0x10, 0x40
	.byte 0x08, 0x70, 0x1C, 0x4E, 0x46, 0x44, 0x30, 0x78, 0x05, 0x40, 0x35, 0x70, 0x1A, 0x4A, 0x42, 0x44
	.byte 0x11, 0x78, 0x7F, 0x20, 0x08, 0x40, 0x10, 0x70, 0x3C, 0x68, 0x4F, 0x46, 0x3B, 0x68, 0x40, 0x46
	.byte 0xFB, 0x30, 0x00, 0x78, 0x40, 0x07, 0xC0, 0x0F, 0x80, 0x22, 0x52, 0x00, 0x02, 0x41, 0x13, 0x48
	.byte 0x19, 0x18, 0x0A, 0x80, 0x20, 0x18, 0x02, 0x80, 0x98, 0x20, 0x80, 0x00, 0x1B, 0x18, 0x1A, 0x80
	.byte 0x24, 0x18, 0x22, 0x80, 0x40, 0x46, 0x00, 0x21, 0xF9, 0xF7, 0x2C, 0xFE, 0x31, 0x78, 0x02, 0x20
	.byte 0x08, 0x40, 0x00, 0x28, 0x00, 0xD1, 0xBC, 0xE1, 0x39, 0x68, 0x40, 0x46, 0xFF, 0xF7, 0x2E, 0xFC
	.byte 0xB7, 0xE1, 0x00, 0x00, 0x00, 0xFF, 0xFF, 0xFF, 0x51, 0x03, 0x00, 0x00, 0x0D, 0x02, 0x00, 0x00
	.byte 0x5A, 0x03, 0x00, 0x00, 0x0A, 0x02, 0x00, 0x00, 0x0B, 0x02, 0x00, 0x00, 0x3E, 0x02, 0x00, 0x00
	.byte 0x28, 0x68, 0x44, 0x46, 0x28, 0x34, 0x21, 0x1C, 0x11, 0xF0, 0x26, 0xFF, 0x28, 0x68, 0x12, 0xF0
	.byte 0x35, 0xF9, 0x28, 0x68, 0x21, 0x1C, 0x00, 0x22, 0x00, 0x23, 0x1B, 0xF0, 0xF5, 0xFB, 0x98, 0xE1
	.byte 0x80, 0x20, 0x80, 0x00, 0x40, 0x44, 0x04, 0x68, 0x33, 0x49, 0x60, 0x18, 0x01, 0x78, 0x10, 0x20
	.byte 0x08, 0x40, 0x00, 0x28, 0x1F, 0xD0, 0x41, 0x46, 0x30, 0x31, 0x30, 0x48, 0x40, 0x44, 0x02, 0x78
	.byte 0x02, 0x3A, 0x20, 0x1C, 0x19, 0xF0, 0x28, 0xFD, 0x20, 0x1C, 0x11, 0xF0, 0x83, 0xFA, 0x00, 0x06
	.byte 0x00, 0x28, 0x10, 0xD0, 0xDA, 0x22, 0x92, 0x00, 0xA0, 0x18, 0x03, 0x68, 0x18, 0x78, 0x07, 0x28
	.byte 0x09, 0xD0, 0x9A, 0x7D, 0x50, 0x06, 0x40, 0x0E, 0x01, 0x21, 0x01, 0x43, 0x80, 0x20, 0x40, 0x42
	.byte 0x10, 0x40, 0x08, 0x43, 0x98, 0x75, 0x81, 0x24, 0xA4, 0x00, 0x44, 0x44, 0x20, 0x68, 0x0B, 0xF0
	.byte 0x73, 0xFF, 0x20, 0x68, 0x45, 0x46, 0x28, 0x35, 0x29, 0x1C, 0x11, 0xF0, 0xE5, 0xFE, 0x1C, 0x48
	.byte 0x40, 0x44, 0x01, 0x78, 0x02, 0x20, 0x08, 0x40, 0x00, 0x28, 0x06, 0xD0, 0x20, 0x68, 0x0B, 0xF0
	.byte 0x63, 0xFF, 0x20, 0x68, 0x29, 0x1C, 0x11, 0xF0, 0xD7, 0xFE, 0x21, 0x68, 0x40, 0x46, 0xFB, 0xF7
	.byte 0xDB, 0xFF, 0x20, 0x68, 0x12, 0xF0, 0xE2, 0xF8, 0x20, 0x68, 0xCE, 0x23, 0x9B, 0x00, 0xC1, 0x18
	.byte 0x09, 0x68, 0x68, 0x31, 0x00, 0x27, 0xCA, 0x5F, 0x80, 0x18, 0x49, 0x68, 0xA6, 0xF1, 0x20, 0xFB
	.byte 0x20, 0x68, 0x29, 0x1C, 0x00, 0x22, 0x00, 0x23, 0x1B, 0xF0, 0x96, 0xFB, 0x20, 0x68, 0x80, 0x88
	.byte 0x40, 0x38, 0x00, 0x04, 0x00, 0x14, 0x05, 0x28, 0x00, 0xD9, 0x32, 0xE1, 0x80, 0x00, 0x05, 0x49
	.byte 0x40, 0x18, 0x00, 0x68, 0x87, 0x46, 0x00, 0x00, 0x5B, 0x03, 0x00, 0x00, 0x0B, 0x01, 0x00, 0x00
	.byte 0x0A, 0x02, 0x00, 0x00, 0x64, 0x44, 0x03, 0x08, 0x7C, 0x44, 0x03, 0x08, 0xEC, 0x44, 0x03, 0x08
	.byte 0xB0, 0x45, 0x03, 0x08, 0xD8, 0x45, 0x03, 0x08, 0xB0, 0x45, 0x03, 0x08, 0xD8, 0x45, 0x03, 0x08
	.byte 0x81, 0x23, 0x9B, 0x00, 0x43, 0x44, 0x1A, 0x68, 0x96, 0x21, 0x89, 0x00, 0x50, 0x18, 0x00, 0x68
	.byte 0x00, 0x28, 0x06, 0xDA, 0x80, 0x20, 0x80, 0x00, 0x40, 0x44, 0x01, 0x68, 0x41, 0x20, 0x88, 0x80
	.byte 0x90, 0x80, 0x1A, 0x68, 0x91, 0x8C, 0xC8, 0x05, 0x80, 0x0F, 0x01, 0x24, 0x20, 0x40, 0x00, 0x28
	.byte 0x05, 0xD1, 0x50, 0x6A, 0xC0, 0x03, 0x80, 0x0F, 0x20, 0x40, 0x00, 0x28, 0x05, 0xD0, 0x80, 0x20
	.byte 0x80, 0x00, 0x40, 0x44, 0x01, 0x68, 0x43, 0x20, 0x09, 0xE0, 0x08, 0x48, 0x08, 0x40, 0x00, 0x28
	.byte 0x00, 0xD1, 0xEE, 0xE0, 0x80, 0x20, 0x80, 0x00, 0x40, 0x44, 0x01, 0x68, 0x42, 0x20, 0x88, 0x80
	.byte 0x90, 0x80, 0x18, 0x68, 0x12, 0xF0, 0x4E, 0xFA, 0xE3, 0xE0, 0x00, 0x00, 0x78, 0x78, 0x00, 0x00
	.byte 0x81, 0x24, 0xA4, 0x00, 0x44, 0x44, 0x20, 0x68, 0x13, 0xF0, 0x40, 0xFB, 0x00, 0x06, 0x06, 0x0E
	.byte 0x00, 0x2E, 0x00, 0xD0, 0xD5, 0xE0, 0x20, 0x68, 0x45, 0x46, 0xFB, 0x35, 0x29, 0x78, 0x49, 0x07
	.byte 0xC9, 0x0F, 0xEE, 0x22, 0x0A, 0x41, 0x80, 0x21, 0x49, 0x00, 0x41, 0x44, 0x00, 0x27, 0xCB, 0x5F
	.byte 0x14, 0x21, 0x0B, 0xF0, 0xC7, 0xFD, 0x22, 0x68, 0x92, 0x20, 0x80, 0x00, 0x40, 0x44, 0x00, 0x21
	.byte 0x43, 0x5E, 0x06, 0x48, 0x40, 0x44, 0x00, 0x27, 0xC0, 0x5F, 0x00, 0x90, 0x01, 0x96, 0x29, 0x78
	.byte 0x04, 0x20, 0x08, 0x40, 0x00, 0x28, 0x03, 0xD0, 0x12, 0x20, 0x02, 0xE0, 0x4A, 0x02, 0x00, 0x00
	.byte 0x0C, 0x20, 0x02, 0x90, 0x10, 0x1C, 0x02, 0x21, 0x00, 0x22, 0x11, 0xF0, 0x9D, 0xFA, 0x80, 0x24
	.byte 0xA4, 0x00, 0x44, 0x44, 0x20, 0x68, 0x11, 0x49, 0x40, 0x18, 0x00, 0x21, 0x01, 0x70, 0x81, 0x23
	.byte 0x9B, 0x00, 0x43, 0x44, 0x1A, 0x68, 0x83, 0x27, 0xBF, 0x00, 0xD2, 0x19, 0x10, 0x68, 0x0C, 0x49
	.byte 0x08, 0x40, 0x80, 0x21, 0x09, 0x02, 0x08, 0x43, 0x10, 0x60, 0x1A, 0x68, 0x85, 0x20, 0x80, 0x00
	.byte 0x12, 0x18, 0x11, 0x78, 0x08, 0x20, 0x40, 0x42, 0x08, 0x40, 0x02, 0x21, 0x08, 0x43, 0x10, 0x70
	.byte 0x1A, 0x68, 0x21, 0x68, 0x44, 0x20, 0x88, 0x80, 0x90, 0x80, 0x82, 0xE0, 0x3B, 0x02, 0x00, 0x00
	.byte 0xFF, 0x7F, 0xFC, 0xFF, 0x81, 0x20, 0x80, 0x00, 0x40, 0x44, 0x01, 0x68, 0x96, 0x22, 0x92, 0x00
	.byte 0x88, 0x18, 0x00, 0x68, 0x00, 0x28, 0x09, 0xDA, 0x88, 0x88, 0x01, 0x30, 0x88, 0x80, 0x80, 0x20
	.byte 0x80, 0x00, 0x40, 0x44, 0x01, 0x68, 0x88, 0x88, 0x01, 0x30, 0x88, 0x80, 0x81, 0x26, 0xB6, 0x00
	.byte 0x46, 0x44, 0x32, 0x68, 0x90, 0x69, 0x00, 0x28, 0x07, 0xDD, 0x10, 0x1C, 0x29, 0x30, 0x00, 0x21
	.byte 0x41, 0x56, 0x01, 0x20, 0x40, 0x42, 0x81, 0x42, 0x5B, 0xD0, 0x80, 0x27, 0xBF, 0x00, 0x47, 0x44
	.byte 0x39, 0x68, 0x00, 0x20, 0x88, 0x80, 0x90, 0x80, 0x33, 0x68, 0x3A, 0x68, 0xD6, 0x25, 0xAD, 0x00
	.byte 0x52, 0x19, 0x14, 0x78, 0x09, 0x21, 0x49, 0x42, 0x08, 0x1C, 0x20, 0x40, 0x10, 0x70, 0x5B, 0x19
	.byte 0x18, 0x78, 0x01, 0x40, 0x19, 0x70, 0x33, 0x68, 0x3A, 0x68, 0x07, 0x3D, 0x52, 0x19, 0x14, 0x78
	.byte 0x41, 0x21, 0x49, 0x42, 0x08, 0x1C, 0x20, 0x40, 0x10, 0x70, 0x5B, 0x19, 0x18, 0x78, 0x01, 0x40
	.byte 0x19, 0x70, 0x32, 0x68, 0x85, 0x23, 0x9B, 0x00, 0xD2, 0x18, 0x11, 0x78, 0x08, 0x20, 0x40, 0x42
	.byte 0x08, 0x40, 0x03, 0x21, 0x08, 0x43, 0x10, 0x70, 0x30, 0x68, 0x12, 0xF0, 0x93, 0xF9, 0x34, 0x68
	.byte 0x3B, 0x68, 0x40, 0x46, 0xFB, 0x30, 0x00, 0x78, 0x40, 0x07, 0xC0, 0x0F, 0x80, 0x22, 0x52, 0x00
	.byte 0x02, 0x41, 0x1F, 0x48, 0x19, 0x18, 0x0A, 0x80, 0x20, 0x18, 0x02, 0x80, 0x98, 0x20, 0x80, 0x00
	.byte 0x1B, 0x18, 0x1A, 0x80, 0x24, 0x18, 0x22, 0x80, 0x1A, 0x4A, 0x42, 0x44, 0x11, 0x78, 0x7F, 0x20
	.byte 0x08, 0x40, 0x10, 0x70, 0x40, 0x46, 0x00, 0x21, 0xF9, 0xF7, 0x74, 0xFC, 0x16, 0x48, 0x40, 0x44
	.byte 0x01, 0x78, 0x02, 0x20, 0x08, 0x40, 0x00, 0x28, 0x03, 0xD0, 0x39, 0x68, 0x40, 0x46, 0xFF, 0xF7
	.byte 0x75, 0xFA
_080346AE:
	movs r0, #0x80
	lsls r0, r0, #0x02
	add r0, r8
	ldr r0, [r0, #0x00]
	ldrh r0, [r0, #0x04]
	subs r0, #0x3B
	lsls r0, r0, #0x10
	lsrs r0, r0, #0x10
	cmp r0, #0x01
	bhi _080346DC
	ldr r1, _080346F8 @ =0x00000272
	add r1, r8
	ldrh r0, [r1, #0x00]
	subs r0, #0x01
	strh r0, [r1, #0x00]
	lsls r0, r0, #0x10
	cmp r0, #0x00
	bne _080346DC
	movs r1, #0x01
	negs r1, r1
	movs r0, #0x38
	bl play_sfx_80195B4
_080346DC:
	add sp, #0x00C
	pop {r3, r4}
	mov r8, r3
	mov r9, r4
	pop {r4, r5, r6, r7}
	pop {r0}
	bx r0
	.byte 0x00, 0x00, 0x3E, 0x02, 0x00, 0x00, 0x0B, 0x02, 0x00, 0x00, 0x0A, 0x02, 0x00, 0x00
_080346F8: .4byte 0x00000272
	thumb_func_start sub_80346FC
sub_80346FC:
	push {r4, r5, r6, r7, lr}
	mov r7, r8
	push {r7}
	adds r5, r0, #0x0
	adds r4, r1, #0x0
	ldr r0, _0803484C @ =0x0000033E
	adds r7, r4, r0
	movs r0, #0x00
	ldsb r0, [r7, r0]
	lsls r0, r0, #0x02
	movs r1, #0x28
	adds r1, r1, r5
	mov r8, r1
	add r0, r8
	ldr r0, [r0, #0x00]
	movs r1, #0x00
	bl sub_804776C
	movs r0, #0x00
	ldsb r0, [r7, r0]
	lsls r0, r0, #0x02
	add r0, r8
	ldr r0, [r0, #0x00]
	movs r1, #0x00
	bl sub_804761C
	movs r1, #0x00
	ldsb r1, [r7, r1]
	ldr r2, _08034850 @ =0x0000026A
	adds r3, r5, r2
	movs r0, #0x3F
	ands r1, r0
	lsls r1, r1, #0x07
	ldrh r2, [r3, #0x00]
	ldr r0, _08034854 @ =0xFFFFE07F
	ands r0, r2
	orrs r0, r1
	strh r0, [r3, #0x00]
	adds r0, r5, #0x0
	movs r1, #0x01
	movs r2, #0x01
	bl sub_802C4D4
	movs r6, #0xDA
	lsls r6, r6, #0x02
	adds r0, r4, r6
	ldr r0, [r0, #0x00]
	movs r2, #0x09
	strb r2, [r0, #0x00]
	movs r0, #0x46
	strh r0, [r4, #0x04]
	ldr r0, _08034858 @ =0x00000351
	adds r3, r4, r0
	ldrb r0, [r3, #0x00]
	movs r1, #0x40
	mov r12, r1
	mov r6, r12
	orrs r0, r6
	strb r0, [r3, #0x00]
	movs r1, #0x82
	lsls r1, r1, #0x02
	adds r0, r5, r1
	ldrb r1, [r0, #0x00]
	movs r0, #0x10
	ands r0, r1
	cmp r0, #0x00
	beq _080347A0
	movs r6, #0xE2
	lsls r6, r6, #0x02
	adds r1, r4, r6
	ldr r0, [r1, #0x00]
	subs r6, #0x20
	adds r0, r0, r6
	ldr r0, [r0, #0x00]
	strb r2, [r0, #0x00]
	ldr r1, [r1, #0x00]
	ldr r0, _08034858 @ =0x00000351
	adds r1, r1, r0
	ldrb r0, [r1, #0x00]
	mov r2, r12
	orrs r0, r2
	strb r0, [r1, #0x00]
_080347A0:
	ldr r6, _0803485C @ =0x0000035B
	adds r2, r4, r6
	ldrb r1, [r2, #0x00]
	movs r0, #0x11
	negs r0, r0
	ands r0, r1
	mov r1, r12
	orrs r0, r1
	strb r0, [r2, #0x00]
	ldr r6, _08034860 @ =0x0000020D
	adds r2, r4, r6
	ldrb r1, [r2, #0x00]
	movs r0, #0x21
	negs r0, r0
	ands r0, r1
	strb r0, [r2, #0x00]
	movs r0, #0x84
	lsls r0, r0, #0x02
	adds r2, r4, r0
	ldrb r0, [r2, #0x00]
	movs r1, #0x02
	orrs r0, r1
	movs r1, #0x04
	orrs r0, r1
	strb r0, [r2, #0x00]
	ldrb r0, [r3, #0x00]
	movs r2, #0x80
	orrs r0, r2
	strb r0, [r3, #0x00]
	subs r6, #0x02
	adds r1, r5, r6
	ldrb r0, [r1, #0x00]
	orrs r0, r2
	strb r0, [r1, #0x00]
	ldr r0, _08034864 @ =0x00000352
	adds r2, r4, r0
	ldrb r1, [r2, #0x00]
	movs r0, #0x41
	negs r0, r0
	ands r0, r1
	strb r0, [r2, #0x00]
	movs r0, #0x00
	ldsb r0, [r7, r0]
	lsls r0, r0, #0x02
	add r0, r8
	ldr r0, [r0, #0x00]
	ldr r0, [r0, #0x0C]
	str r0, [r4, #0x0C]
	movs r0, #0x00
	ldsb r0, [r7, r0]
	lsls r0, r0, #0x02
	add r0, r8
	ldr r0, [r0, #0x00]
	ldr r0, [r0, #0x10]
	str r0, [r4, #0x10]
	ldr r2, _08034868 @ =0x00000355
	adds r1, r4, r2
	movs r0, #0x04
	strb r0, [r1, #0x00]
	ldr r1, _0803486C @ =0x00001045
	adds r0, r4, #0x0
	bl sub_8049000
	adds r6, #0x3B
	adds r2, r5, r6
	ldrb r1, [r2, #0x00]
	movs r0, #0x1D
	negs r0, r0
	ands r0, r1
	movs r1, #0x10
	orrs r0, r1
	strb r0, [r2, #0x00]
	adds r0, r5, #0x0
	movs r1, #0x00
	bl sub_802DF80
	movs r1, #0x01
	negs r1, r1
	movs r0, #0x38
	bl play_sfx_80195B4
	pop {r3}
	mov r8, r3
	pop {r4, r5, r6, r7}
	pop {r0}
	bx r0
_0803484C: .4byte 0x0000033E
_08034850: .4byte 0x0000026A
_08034854: .4byte 0xFFFFE07F
_08034858: .4byte 0x00000351
_0803485C: .4byte 0x0000035B
_08034860: .4byte 0x0000020D
_08034864: .4byte 0x00000352
_08034868: .4byte 0x00000355
_0803486C: .4byte 0x00001045
	thumb_func_start sub_8034870
sub_8034870:
	push {r4, r5, r6, r7, lr}
	mov r7, r8
	push {r7}
	adds r6, r0, #0x0
	adds r5, r1, #0x0
	movs r1, #0x01
	movs r2, #0x01
	bl sub_802C4D4
	movs r0, #0x48
	strh r0, [r5, #0x04]
	ldr r0, _08034948 @ =0x00000351
	mov r8, r0
	adds r1, r5, r0
	ldrb r0, [r1, #0x00]
	movs r7, #0x40
	orrs r0, r7
	strb r0, [r1, #0x00]
	movs r1, #0x82
	lsls r1, r1, #0x02
	adds r0, r6, r1
	ldrb r1, [r0, #0x00]
	movs r0, #0x10
	ands r0, r1
	cmp r0, #0x00
	beq _080348E4
	ldr r2, _0803494C @ =0x00000352
	adds r0, r5, r2
	ldrb r1, [r0, #0x00]
	movs r0, #0x80
	ands r0, r1
	cmp r0, #0x00
	beq _080348D4
	movs r3, #0x81
	lsls r3, r3, #0x02
	adds r4, r6, r3
	ldr r0, [r4, #0x00]
	bl sub_804FC90
	ldr r1, [r4, #0x00]
	movs r2, #0x82
	lsls r2, r2, #0x02
	adds r0, r6, r2
	ldrb r2, [r0, #0x00]
	lsls r2, r2, #0x1B
	lsrs r2, r2, #0x1F
	adds r0, r6, #0x0
	movs r3, #0x00
	bl sub_802DDB4
_080348D4:
	movs r3, #0xE2
	lsls r3, r3, #0x02
	adds r0, r5, r3
	ldr r1, [r0, #0x00]
	add r1, r8
	ldrb r0, [r1, #0x00]
	orrs r0, r7
	strb r0, [r1, #0x00]
_080348E4:
	ldr r1, _08034950 @ =0x00001002
	adds r0, r5, #0x0
	bl sub_8049000
	movs r1, #0x80
	lsls r1, r1, #0x01
	adds r0, r6, r1
	movs r2, #0x00
	ldsh r3, [r0, r2]
	adds r0, r5, #0x0
	movs r1, #0x18
	movs r2, #0x75
	bl sub_80400B0
	adds r0, r5, #0x0
	bl sub_80496B4
	movs r3, #0xDB
	lsls r3, r3, #0x02
	adds r0, r5, r3
	ldr r2, [r0, #0x00]
	adds r0, r6, #0x0
	adds r0, #0xFB
	ldrb r1, [r0, #0x00]
	lsrs r1, r1, #0x03
	ldr r3, _08034954 @ =0x0000020A
	adds r0, r6, r3
	ldrb r0, [r0, #0x00]
	lsls r0, r0, #0x1E
	lsrs r0, r0, #0x1F
	lsls r1, r0
	adds r2, #0x20
	strb r1, [r2, #0x00]
	ldr r0, _08034958 @ =0x0000020B
	adds r2, r6, r0
	ldrb r0, [r2, #0x00]
	movs r1, #0x80
	orrs r0, r1
	strb r0, [r2, #0x00]
	movs r1, #0x01
	negs r1, r1
	movs r0, #0x46
	bl play_sfx_80195B4
	pop {r3}
	mov r8, r3
	pop {r4, r5, r6, r7}
	pop {r0}
	bx r0
	.byte 0x00, 0x00
_08034948: .4byte 0x00000351
_0803494C: .4byte 0x00000352
_08034950: .4byte 0x00001002
_08034954: .4byte 0x0000020A
_08034958: .4byte 0x0000020B
	thumb_func_start sub_803495C
sub_803495C:
	push {r4, r5, r6, r7, lr}
	mov r7, r8
	push {r7}
	adds r6, r0, #0x0
	movs r1, #0x01
	movs r2, #0x01
	bl sub_802C4D4
	movs r0, #0x81
	lsls r0, r0, #0x02
	adds r5, r6, r0
	ldr r2, [r5, #0x00]
	movs r1, #0x80
	lsls r1, r1, #0x02
	adds r4, r6, r1
	ldr r1, [r4, #0x00]
	movs r0, #0x49
	strh r0, [r1, #0x04]
	strh r0, [r2, #0x04]
	ldr r2, [r5, #0x00]
	ldr r1, [r4, #0x00]
	ldr r3, _08034A4C @ =0x00000351
	adds r1, r1, r3
	ldrb r0, [r1, #0x00]
	movs r7, #0x40
	mov r8, r7
	mov r7, r8
	orrs r0, r7
	strb r0, [r1, #0x00]
	adds r2, r2, r3
	ldrb r0, [r2, #0x00]
	mov r1, r8
	orrs r0, r1
	strb r0, [r2, #0x00]
	ldr r2, [r5, #0x00]
	ldr r1, [r4, #0x00]
	movs r4, #0xD6
	lsls r4, r4, #0x02
	adds r1, r1, r4
	ldrb r0, [r1, #0x00]
	movs r3, #0x08
	orrs r0, r3
	strb r0, [r1, #0x00]
	adds r2, r2, r4
	ldrb r0, [r2, #0x00]
	orrs r0, r3
	strb r0, [r2, #0x00]
	ldr r1, [r5, #0x00]
	ldr r2, _08034A50 @ =0x0000020D
	adds r1, r1, r2
	ldrb r0, [r1, #0x00]
	movs r2, #0x20
	orrs r0, r2
	strb r0, [r1, #0x00]
	ldr r2, [r5, #0x00]
	movs r3, #0x85
	lsls r3, r3, #0x02
	adds r2, r2, r3
	ldrb r1, [r2, #0x00]
	movs r0, #0x08
	negs r0, r0
	ands r0, r1
	movs r1, #0x04
	orrs r0, r1
	strb r0, [r2, #0x00]
	ldr r0, [r5, #0x00]
	ldr r1, _08034A54 @ =0x00001025
	bl sub_8049000
	ldr r0, [r5, #0x00]
	movs r3, #0xA5
	lsls r3, r3, #0x02
	adds r0, r0, r3
	ldr r2, [r0, #0x00]
	ldrb r1, [r2, #0x12]
	movs r0, #0x07
	negs r0, r0
	ands r0, r1
	movs r1, #0x02
	orrs r0, r1
	strb r0, [r2, #0x12]
	ldr r1, [r5, #0x00]
	ldr r7, _08034A58 @ =0x00000212
	adds r1, r1, r7
	ldrb r0, [r1, #0x00]
	mov r2, r8
	orrs r0, r2
	strb r0, [r1, #0x00]
	ldr r0, [r5, #0x00]
	adds r0, r0, r3
	ldr r2, [r0, #0x00]
	adds r0, r6, #0x0
	adds r0, #0xFB
	ldrb r1, [r0, #0x00]
	lsrs r1, r1, #0x03
	subs r3, #0x8A
	adds r0, r6, r3
	ldrb r0, [r0, #0x00]
	lsls r0, r0, #0x1E
	lsrs r0, r0, #0x1F
	lsls r1, r0
	adds r2, #0x20
	strb r1, [r2, #0x00]
	subs r7, #0x07
	adds r6, r6, r7
	ldrb r0, [r6, #0x00]
	movs r1, #0x80
	orrs r0, r1
	strb r0, [r6, #0x00]
	movs r1, #0x01
	negs r1, r1
	movs r0, #0x3C
	bl play_sfx_80195B4
	pop {r3}
	mov r8, r3
	pop {r4, r5, r6, r7}
	pop {r0}
	bx r0
	.byte 0x00, 0x00
_08034A4C: .4byte 0x00000351
_08034A50: .4byte 0x0000020D
_08034A54: .4byte 0x00001025
_08034A58: .4byte 0x00000212
	thumb_func_start sub_8034A5C
sub_8034A5C:
	push {r4, r5, r6, r7, lr}
	mov r7, r10
	mov r6, r9
	mov r5, r8
	push {r5, r6, r7}
	add sp, #-0x00C
	adds r7, r0, #0x0
	movs r1, #0x01
	movs r2, #0x01
	bl sub_802C4D4
	movs r0, #0x80
	lsls r0, r0, #0x02
	adds r6, r7, r0
	ldr r0, [r6, #0x00]
	ldr r1, _08034BA8 @ =0x00001045
	bl sub_8049000
	ldr r1, _08034BAC @ =0x00000246
	adds r2, r7, r1
	ldrb r1, [r2, #0x00]
	movs r0, #0x03
	negs r0, r0
	ands r0, r1
	strb r0, [r2, #0x00]
	movs r2, #0x81
	lsls r2, r2, #0x02
	adds r5, r7, r2
	ldr r0, [r5, #0x00]
	ldr r0, [r0, #0x0C]
	cmp r0, #0x00
	bge _08034A9E
	adds r0, #0xFF
_08034A9E:
	asrs r0, r0, #0x08
	movs r3, #0x92
	lsls r3, r3, #0x02
	adds r2, r7, r3
	strh r0, [r2, #0x00]
	ldr r0, [r5, #0x00]
	ldr r0, [r0, #0x10]
	cmp r0, #0x00
	bge _08034AB2
	adds r0, #0xFF
_08034AB2:
	asrs r0, r0, #0x08
	ldr r1, _08034BB0 @ =0x0000024A
	adds r3, r7, r1
	strh r0, [r3, #0x00]
	ldr r0, [r6, #0x00]
	ldr r1, [r0, #0x0C]
	cmp r1, #0x00
	bge _08034AC4
	adds r1, #0xFF
_08034AC4:
	asrs r1, r1, #0x08
	ldrh r0, [r2, #0x00]
	subs r0, r0, r1
	movs r2, #0x93
	lsls r2, r2, #0x02
	adds r1, r7, r2
	strh r0, [r1, #0x00]
	ldr r0, [r6, #0x00]
	ldr r1, [r0, #0x10]
	cmp r1, #0x00
	bge _08034ADC
	adds r1, #0xFF
_08034ADC:
	asrs r1, r1, #0x08
	ldrh r0, [r3, #0x00]
	subs r0, r0, r1
	ldr r3, _08034BB4 @ =0x0000024E
	adds r1, r7, r3
	strh r0, [r1, #0x00]
	ldr r0, [r5, #0x00]
	movs r1, #0xDA
	lsls r1, r1, #0x02
	adds r0, r0, r1
	ldr r2, [r0, #0x00]
	ldr r0, [r6, #0x00]
	adds r0, r0, r1
	ldr r0, [r0, #0x00]
	movs r1, #0x0A
	mov r9, r1
	mov r3, r9
	strb r3, [r0, #0x00]
	strb r3, [r2, #0x00]
	ldr r2, [r5, #0x00]
	ldr r1, [r6, #0x00]
	movs r0, #0x51
	strh r0, [r1, #0x04]
	strh r0, [r2, #0x04]
	ldr r2, [r5, #0x00]
	ldr r1, [r6, #0x00]
	ldr r4, _08034BB8 @ =0x00000351
	adds r1, r1, r4
	ldrb r0, [r1, #0x00]
	movs r3, #0x40
	orrs r0, r3
	strb r0, [r1, #0x00]
	adds r2, r2, r4
	ldrb r0, [r2, #0x00]
	orrs r0, r3
	strb r0, [r2, #0x00]
	ldr r2, [r5, #0x00]
	ldr r1, [r6, #0x00]
	adds r4, #0x07
	adds r1, r1, r4
	ldrb r0, [r1, #0x00]
	movs r3, #0x08
	orrs r0, r3
	strb r0, [r1, #0x00]
	adds r2, r2, r4
	ldrb r0, [r2, #0x00]
	orrs r0, r3
	strb r0, [r2, #0x00]
	ldr r4, [r5, #0x00]
	ldr r0, [r6, #0x00]
	ldr r1, [r0, #0x14]
	ldr r0, [r4, #0x14]
	subs r1, r1, r0
	cmp r1, #0x00
	bge _08034B4C
	adds r1, #0xFF
_08034B4C:
	asrs r1, r1, #0x08
	adds r1, #0x1A
	mov r10, r1
	movs r0, #0xFB
	adds r0, r0, r7
	mov r8, r0
	ldrb r0, [r0, #0x00]
	lsls r0, r0, #0x1D
	lsrs r0, r0, #0x1F
	movs r2, #0xEE
	asrs r2, r0
	movs r1, #0x80
	lsls r1, r1, #0x01
	adds r0, r7, r1
	movs r1, #0x00
	ldsh r3, [r0, r1]
	mov r12, r3
	adds r0, r4, #0x0
	mov r1, r10
	bl sub_80400B0
	ldr r2, [r5, #0x00]
	ldr r0, [r6, #0x00]
	ldr r3, [r0, #0x0C]
	cmp r3, #0x00
	bge _08034B82
	adds r3, #0xFF
_08034B82:
	asrs r3, r3, #0x08
	ldr r0, [r0, #0x10]
	cmp r0, #0x00
	bge _08034B8C
	adds r0, #0xFF
_08034B8C:
	asrs r0, r0, #0x08
	str r0, [sp, #0x000]
	movs r0, #0x00
	str r0, [sp, #0x004]
	mov r0, r8
	ldrb r1, [r0, #0x00]
	movs r0, #0x04
	ands r0, r1
	cmp r0, #0x00
	beq _08034BBC
	movs r0, #0x10
	str r0, [sp, #0x008]
	b _08034BC0
	.byte 0x00, 0x00
_08034BA8: .4byte 0x00001045
_08034BAC: .4byte 0x00000246
_08034BB0: .4byte 0x0000024A
_08034BB4: .4byte 0x0000024E
_08034BB8: .4byte 0x00000351
_08034BBC:
	mov r1, r9
	str r1, [sp, #0x008]
_08034BC0:
	adds r0, r2, #0x0
	movs r1, #0x02
	movs r2, #0x00
	bl sub_8045A94
	ldr r3, _08034BF0 @ =0x0000020B
	adds r2, r7, r3
	ldrb r0, [r2, #0x00]
	movs r1, #0x80
	orrs r0, r1
	strb r0, [r2, #0x00]
	movs r1, #0x01
	negs r1, r1
	movs r0, #0x2B
	bl play_sfx_80195B4
	add sp, #0x00C
	pop {r3, r4, r5}
	mov r8, r3
	mov r9, r4
	mov r10, r5
	pop {r4, r5, r6, r7}
	pop {r0}
	bx r0
_08034BF0: .4byte 0x0000020B
	thumb_func_start sub_8034BF4
sub_8034BF4:
	push {r4, r5, r6, r7, lr}
	mov r7, r10
	mov r6, r9
	mov r5, r8
	push {r5, r6, r7}
	add sp, #-0x00C
	mov r9, r0
	movs r0, #0x80
	lsls r0, r0, #0x02
	add r0, r9
	ldr r0, [r0, #0x00]
	ldrh r0, [r0, #0x04]
	subs r0, #0x49
	lsls r0, r0, #0x10
	asrs r0, r0, #0x10
	cmp r0, #0x07
	bls _08034C18
	b _08034FD6
_08034C18:
	lsls r0, r0, #0x02
	ldr r1, _08034C24 @ =0x08034C28
	adds r0, r0, r1
	ldr r0, [r0, #0x00]
	mov pc, r0
	.byte 0x00, 0x00
_08034C24: .4byte 0x08034C28
	.byte 0x48, 0x4C, 0x03, 0x08, 0x10, 0x4D, 0x03, 0x08, 0x58, 0x4E, 0x03, 0x08, 0xD6, 0x4F, 0x03, 0x08
	.byte 0xD0, 0x4F, 0x03, 0x08, 0xD0, 0x4F, 0x03, 0x08, 0xD0, 0x4F, 0x03, 0x08, 0xD0, 0x4F, 0x03, 0x08
	.byte 0x81, 0x24, 0xA4, 0x00, 0x4C, 0x44, 0x20, 0x68, 0x0B, 0xF0, 0x38, 0xFB, 0x2A, 0x48, 0x48, 0x44
	.byte 0x01, 0x78, 0x02, 0x20, 0x08, 0x40, 0x00, 0x28, 0x02, 0xD0, 0x20, 0x68, 0x0B, 0xF0, 0x2E, 0xFB
	.byte 0x26, 0x48, 0x48, 0x44, 0x01, 0x78, 0x40, 0x20, 0x08, 0x40, 0x00, 0x28, 0x0E, 0xD1, 0x23, 0x68
	.byte 0x5C, 0x69, 0x99, 0x69, 0x61, 0x18, 0x80, 0x20, 0x80, 0x00, 0x48, 0x44, 0x00, 0x68, 0x42, 0x69
	.byte 0x80, 0x69, 0x10, 0x18, 0x81, 0x42, 0x01, 0xDA, 0x00, 0x1B, 0x98, 0x61, 0x81, 0x25, 0xAD, 0x00
	.byte 0x4D, 0x44, 0x28, 0x68, 0xA5, 0x23, 0x9B, 0x00, 0xC0, 0x18, 0x01, 0x68, 0x08, 0x1C, 0x23, 0x30
	.byte 0x00, 0x78, 0x03, 0x28, 0x00, 0xD0, 0x92, 0xE1, 0x2A, 0x20, 0x09, 0x5E, 0x48, 0x46, 0xFB, 0x30
	.byte 0x00, 0x78, 0xC0, 0x08, 0x81, 0x42, 0x00, 0xD9, 0x89, 0xE1, 0x11, 0x49, 0x49, 0x44, 0x00, 0x22
	.byte 0x14, 0x20, 0x08, 0x80, 0x28, 0x68, 0xC0, 0x18, 0x00, 0x68, 0x01, 0x1C, 0x21, 0x31, 0x09, 0x78
	.byte 0x0A, 0x31, 0x00, 0x92, 0x00, 0x23, 0xE9, 0xF7, 0x37, 0xFA, 0x80, 0x24, 0xA4, 0x00, 0x4C, 0x44
	.byte 0x20, 0x68, 0x08, 0x49, 0x14, 0xF0, 0x88, 0xF9, 0x20, 0x68, 0x14, 0xF0, 0xDF, 0xFC, 0x2A, 0x68
	.byte 0x21, 0x68, 0x4A, 0x20, 0x99, 0xE0, 0x00, 0x00, 0x0A, 0x02, 0x00, 0x00, 0x09, 0x02, 0x00, 0x00
	.byte 0x6E, 0x02, 0x00, 0x00, 0x02, 0x10, 0x00, 0x00, 0x49, 0x4A, 0x4A, 0x44, 0x13, 0x88, 0x58, 0x1E
	.byte 0x10, 0x80, 0x48, 0x48, 0x48, 0x44, 0x01, 0x78, 0x02, 0x20, 0x08, 0x40, 0x00, 0x28, 0x01, 0xD0
	.byte 0x98, 0x1E, 0x10, 0x80, 0x00, 0x21, 0x50, 0x5E, 0x00, 0x28, 0x00, 0xDD, 0x4F, 0xE1, 0x81, 0x22
	.byte 0x92, 0x00, 0x4A, 0x44, 0x92, 0x46, 0x11, 0x68, 0x85, 0x20, 0x80, 0x00, 0x80, 0x46, 0x41, 0x44
	.byte 0x0A, 0x78, 0x08, 0x24, 0x64, 0x42, 0x20, 0x1C, 0x10, 0x40, 0x03, 0x26, 0x30, 0x43, 0x08, 0x70
	.byte 0x51, 0x46, 0x08, 0x68, 0x38, 0x49, 0x14, 0xF0, 0x4F, 0xF9, 0x52, 0x46, 0x11, 0x68, 0x37, 0x48
	.byte 0x09, 0x18, 0x0A, 0x78, 0x41, 0x25, 0x6D, 0x42, 0x28, 0x1C, 0x10, 0x40, 0x08, 0x70, 0x80, 0x27
	.byte 0xBF, 0x00, 0x4F, 0x44, 0x38, 0x68, 0x40, 0x44, 0x01, 0x78, 0x0C, 0x40, 0x34, 0x43, 0x04, 0x70
	.byte 0x38, 0x68, 0xDB, 0x21, 0x89, 0x00, 0x40, 0x18, 0x00, 0x68, 0xEB, 0xF7, 0xD5, 0xFF, 0x39, 0x68
	.byte 0x2B, 0x4A, 0x89, 0x18, 0x0A, 0x78, 0x7F, 0x20, 0x10, 0x40, 0x08, 0x70, 0x51, 0x46, 0x08, 0x68
	.byte 0x28, 0x4A, 0x80, 0x18, 0x01, 0x78, 0x0D, 0x40, 0x05, 0x70, 0x50, 0x46, 0x04, 0x68, 0x3A, 0x68
	.byte 0x80, 0x25, 0x6D, 0x00, 0x4D, 0x44, 0x2B, 0x88, 0x23, 0x48, 0x11, 0x18, 0x0B, 0x80, 0x29, 0x88
	.byte 0x20, 0x18, 0x01, 0x80, 0x28, 0x88, 0x98, 0x21, 0x89, 0x00, 0x52, 0x18, 0x10, 0x80, 0x28, 0x88
	.byte 0x64, 0x18, 0x20, 0x80, 0x1D, 0x48, 0x48, 0x44, 0x01, 0x78, 0x40, 0x20, 0x08, 0x40, 0x00, 0x28
	.byte 0x1A, 0xD1, 0x51, 0x46, 0x0C, 0x68, 0x39, 0x68, 0xCB, 0x68, 0x00, 0x2B, 0x00, 0xDA, 0xFF, 0x33
	.byte 0x1B, 0x12, 0x08, 0x69, 0x00, 0x28, 0x00, 0xDA, 0xFF, 0x30, 0x00, 0x12, 0x00, 0x90, 0x48, 0x69
	.byte 0x00, 0x28, 0x00, 0xDA, 0xFF, 0x30, 0x00, 0x12, 0x01, 0x90, 0x28, 0x88, 0x02, 0x90, 0x20, 0x1C
	.byte 0x01, 0x21, 0x00, 0x22, 0x10, 0xF0, 0x3A, 0xFE, 0x81, 0x20, 0x80, 0x00, 0x48, 0x44, 0x02, 0x68
	.byte 0x80, 0x20, 0x80, 0x00, 0x48, 0x44, 0x01, 0x68, 0x4B, 0x20, 0x88, 0x80, 0x90, 0x80, 0xCE, 0xE0
	.byte 0x6E, 0x02, 0x00, 0x00, 0x0A, 0x02, 0x00, 0x00, 0x01, 0x10, 0x00, 0x00, 0x12, 0x02, 0x00, 0x00
	.byte 0x51, 0x03, 0x00, 0x00, 0x0D, 0x02, 0x00, 0x00, 0x3E, 0x02, 0x00, 0x00, 0x09, 0x02, 0x00, 0x00
	.byte 0x81, 0x26, 0xB6, 0x00, 0x4E, 0x44, 0x31, 0x68, 0x48, 0x46, 0xF8, 0xF7, 0xD3, 0xFE, 0x00, 0x06
	.byte 0x00, 0x28, 0x03, 0xD1, 0x30, 0x68, 0x80, 0x69, 0x00, 0x28, 0x06, 0xD0, 0x30, 0x68, 0x12, 0xF0
	.byte 0x7F, 0xFE, 0x00, 0x06, 0x00, 0x28, 0x00, 0xD0, 0x96, 0xE0, 0x81, 0x27, 0xBF, 0x00, 0x4F, 0x44
	.byte 0x38, 0x68, 0x12, 0xF0, 0x75, 0xFE, 0x00, 0x06, 0x00, 0x0E, 0x01, 0x28, 0x08, 0xD1, 0x39, 0x68
	.byte 0xC8, 0x68, 0x3F, 0x4A, 0x10, 0x40, 0xC8, 0x60, 0x39, 0x68, 0x08, 0x69, 0x10, 0x40, 0x08, 0x61
	.byte 0x38, 0x68, 0x11, 0xF0, 0x69, 0xFD, 0x82, 0x22, 0x92, 0x00, 0x4A, 0x44, 0x10, 0x78, 0x01, 0x21
	.byte 0x08, 0x43, 0x10, 0x70, 0x37, 0x4A, 0x4A, 0x44, 0x11, 0x78, 0x1D, 0x20, 0x40, 0x42, 0x08, 0x40
	.byte 0x10, 0x70, 0x39, 0x68, 0x34, 0x4B, 0xC9, 0x18, 0x0A, 0x78, 0x21, 0x20, 0x40, 0x42, 0x10, 0x40
	.byte 0x08, 0x70, 0x39, 0x68, 0xC9, 0x18, 0x08, 0x78, 0x40, 0x22, 0x10, 0x43, 0x08, 0x70, 0x39, 0x68
	.byte 0x2E, 0x4A, 0x89, 0x18, 0x0A, 0x78, 0x03, 0x20, 0x40, 0x42, 0x10, 0x40, 0x08, 0x70, 0x2C, 0x4A
	.byte 0x4A, 0x44, 0x11, 0x78, 0x7F, 0x20, 0x08, 0x40, 0x10, 0x70, 0x48, 0x46, 0x00, 0x21, 0xF9, 0xF7
	.byte 0x3B, 0xF8, 0x38, 0x68, 0xDA, 0x21, 0x89, 0x00, 0x88, 0x46, 0x40, 0x44, 0x02, 0x68, 0x80, 0x25
	.byte 0xAD, 0x00, 0x4D, 0x44, 0x28, 0x68, 0x40, 0x44, 0x00, 0x68, 0x00, 0x21, 0x01, 0x70, 0x11, 0x70
	.byte 0x3A, 0x68, 0x28, 0x68, 0x81, 0x80, 0x91, 0x80, 0x3B, 0x68, 0x2A, 0x68, 0xD6, 0x26, 0xB6, 0x00
	.byte 0x92, 0x19, 0x14, 0x78, 0x09, 0x39, 0x08, 0x1C, 0x20, 0x40, 0x10, 0x70, 0x9B, 0x19, 0x18, 0x78
	.byte 0x01, 0x40, 0x19, 0x70, 0x3B, 0x68, 0x2A, 0x68, 0x07, 0x3E, 0x92, 0x19, 0x14, 0x78, 0x41, 0x21
	.byte 0x49, 0x42, 0x08, 0x1C, 0x20, 0x40, 0x10, 0x70, 0x9B, 0x19, 0x1A, 0x78, 0x08, 0x1C, 0x10, 0x40
	.byte 0x18, 0x70, 0x28, 0x68, 0x0F, 0x4A, 0x80, 0x18, 0x02, 0x78, 0x11, 0x40, 0x01, 0x70, 0x28, 0x68
	.byte 0x40, 0x44, 0x01, 0x68, 0x88, 0x7C, 0x08, 0x74, 0x28, 0x68, 0x40, 0x44, 0x01, 0x68, 0xFF, 0x20
	.byte 0x88, 0x74, 0x29, 0x68, 0x48, 0x46, 0x00, 0x22, 0x00, 0x23, 0xF8, 0xF7, 0x0F, 0xFF, 0x1E, 0xE0
	.byte 0x00, 0xFF, 0xFF, 0xFF, 0x46, 0x02, 0x00, 0x00, 0x0D, 0x02, 0x00, 0x00, 0x5A, 0x03, 0x00, 0x00
	.byte 0x0B, 0x02, 0x00, 0x00, 0x5B, 0x03, 0x00, 0x00, 0x30, 0x68, 0x4C, 0x46, 0x28, 0x34, 0x21, 0x1C
	.byte 0x11, 0xF0, 0xFC, 0xF8, 0x30, 0x68, 0x11, 0xF0, 0x0B, 0xFB, 0x30, 0x68, 0x21, 0x1C, 0x00, 0x22
	.byte 0x00, 0x23, 0x1A, 0xF0, 0xCB, 0xFD, 0x02, 0xE0, 0x48, 0x46, 0x05, 0xF0, 0xD7, 0xFA
_08034FD6:
	add sp, #0x00C
	pop {r3, r4, r5}
	mov r8, r3
	mov r9, r4
	mov r10, r5
	pop {r4, r5, r6, r7}
	pop {r0}
	bx r0
	.byte 0x00, 0x00
	thumb_func_start sub_8034FE8
sub_8034FE8:
	push {r4, r5, r6, r7, lr}
	add sp, #-0x00C
	adds r5, r0, #0x0
	movs r0, #0x81
	lsls r0, r0, #0x02
	adds r4, r5, r0
	ldr r0, [r4, #0x00]
	adds r6, r5, #0x0
	adds r6, #0xFB
	ldrb r1, [r6, #0x00]
	lsls r1, r1, #0x1D
	lsrs r1, r1, #0x1F
	movs r2, #0xEE
	asrs r2, r1
	movs r3, #0x80
	lsls r3, r3, #0x01
	adds r1, r5, r3
	movs r7, #0x00
	ldsh r3, [r1, r7]
	movs r1, #0x04
	bl sub_80400B0
	ldr r4, [r4, #0x00]
	movs r1, #0x93
	lsls r1, r1, #0x02
	adds r0, r5, r1
	movs r7, #0x00
	ldsh r3, [r0, r7]
	adds r1, #0x02
	adds r0, r5, r1
	movs r7, #0x00
	ldsh r0, [r0, r7]
	str r0, [sp, #0x000]
	movs r0, #0x00
	str r0, [sp, #0x004]
	ldrb r1, [r6, #0x00]
	movs r0, #0x04
	ands r0, r1
	cmp r0, #0x00
	beq _0803503C
	movs r0, #0x10
	b _0803503E
_0803503C:
	movs r0, #0x0A
_0803503E:
	str r0, [sp, #0x008]
	adds r0, r4, #0x0
	movs r1, #0x02
	movs r2, #0x01
	bl sub_8045A94
	movs r0, #0x80
	lsls r0, r0, #0x02
	adds r4, r5, r0
	ldr r0, [r4, #0x00]
	ldr r1, _080350A4 @ =0x0000023B
	adds r0, r0, r1
	movs r1, #0x00
	strb r1, [r0, #0x00]
	movs r7, #0x81
	lsls r7, r7, #0x02
	adds r3, r5, r7
	ldr r1, [r3, #0x00]
	ldr r0, _080350A8 @ =0x0000020F
	adds r1, r1, r0
	ldrb r0, [r1, #0x00]
	movs r2, #0x04
	orrs r0, r2
	strb r0, [r1, #0x00]
	ldr r2, [r3, #0x00]
	ldr r1, [r4, #0x00]
	movs r0, #0x56
	strh r0, [r1, #0x04]
	strh r0, [r2, #0x04]
	movs r1, #0x82
	lsls r1, r1, #0x02
	adds r2, r5, r1
	ldr r0, [r2, #0x00]
	ldr r1, _080350AC @ =0xFFFE7FFF
	ands r0, r1
	str r0, [r2, #0x00]
	ldr r3, _080350B0 @ =0x0000020B
	adds r2, r5, r3
	ldrb r0, [r2, #0x00]
	movs r1, #0x80
	orrs r0, r1
	strb r0, [r2, #0x00]
	movs r1, #0x01
	negs r1, r1
	movs r0, #0x2B
	bl play_sfx_80195B4
	add sp, #0x00C
	pop {r4, r5, r6, r7}
	pop {r0}
	bx r0
_080350A4: .4byte 0x0000023B
_080350A8: .4byte 0x0000020F
_080350AC: .4byte 0xFFFE7FFF
_080350B0: .4byte 0x0000020B
	thumb_func_start sub_80350B4
sub_80350B4:
	push {r4, r5, r6, r7, lr}
	mov r7, r10
	mov r6, r9
	mov r5, r8
	push {r5, r6, r7}
	add sp, #-0x004
	adds r6, r0, #0x0
	movs r1, #0x81
	lsls r1, r1, #0x02
	adds r0, r6, r1
	ldr r0, [r0, #0x00]
	ldrh r0, [r0, #0x04]
	subs r0, #0x51
	lsls r0, r0, #0x10
	asrs r0, r0, #0x10
	cmp r0, #0x06
	bhi _0803513A
	lsls r0, r0, #0x02
	ldr r1, _080350E0 @ =0x080350E4
	adds r0, r0, r1
	ldr r0, [r0, #0x00]
	mov pc, r0
_080350E0: .4byte 0x080350E4
	.byte 0x00, 0x51, 0x03, 0x08, 0x00, 0x51, 0x03, 0x08, 0x00, 0x51, 0x03, 0x08, 0x00, 0x51, 0x03, 0x08
	.byte 0x18, 0x51, 0x03, 0x08, 0x00, 0x51, 0x03, 0x08, 0x00, 0x51, 0x03, 0x08, 0x81, 0x22, 0x92, 0x00
	.byte 0xB4, 0x18, 0x20, 0x68, 0x0B, 0xF0, 0xDC, 0xF8, 0x20, 0x68, 0x31, 0x1C, 0x28, 0x31, 0x11, 0xF0
	.byte 0x4F, 0xF8, 0x10, 0xE0, 0x30, 0x1C, 0xD0, 0x30, 0x00, 0x68, 0x01, 0x88, 0xF0, 0x20, 0x08, 0x40
	.byte 0x00, 0x09, 0x1C, 0x49, 0x40, 0x18, 0x01, 0x78, 0xFF, 0x29, 0x04, 0xD0, 0x81, 0x23, 0x9B, 0x00
	.byte 0xF0, 0x18, 0x00, 0x68, 0x81, 0x70
_0803513A:
	movs r7, #0x80
	lsls r7, r7, #0x02
	adds r4, r6, r7
	ldr r1, [r4, #0x00]
	adds r0, r6, #0x0
	bl sub_80303C4
	ldr r0, [r4, #0x00]
	bl sub_80465D8
	ldr r0, [r4, #0x00]
	movs r2, #0xCE
	lsls r2, r2, #0x02
	adds r1, r0, r2
	ldr r1, [r1, #0x00]
	adds r1, #0x68
	movs r3, #0x00
	ldsh r2, [r1, r3]
	adds r0, r0, r2
	ldr r1, [r1, #0x04]
	bl _call_via_r1
	ldr r0, [r4, #0x00]
	adds r4, r6, #0x0
	adds r4, #0x28
	adds r1, r4, #0x0
	movs r2, #0x00
	movs r3, #0x00
	bl sub_804FB64
	adds r7, #0x04
	adds r0, r6, r7
	ldr r0, [r0, #0x00]
	ldrh r0, [r0, #0x04]
	subs r0, #0x05
	lsls r0, r0, #0x10
	asrs r0, r0, #0x10
	mov r9, r4
	cmp r0, #0x07
	bls _0803518C
	b _08035582
_0803518C:
	lsls r0, r0, #0x02
	ldr r1, _0803519C @ =0x080351A0
	adds r0, r0, r1
	ldr r0, [r0, #0x00]
	mov pc, r0
	.byte 0x00, 0x00, 0x10, 0xF9, 0x39, 0x08
_0803519C: .4byte 0x080351A0
	.byte 0xC0, 0x51, 0x03, 0x08, 0x80, 0x52, 0x03, 0x08, 0x80, 0x52, 0x03, 0x08, 0x80, 0x52, 0x03, 0x08
	.byte 0x80, 0x52, 0x03, 0x08, 0xC0, 0x52, 0x03, 0x08, 0x62, 0x54, 0x03, 0x08, 0x0C, 0x55, 0x03, 0x08
	.byte 0x81, 0x20, 0x80, 0x00, 0x34, 0x18, 0x20, 0x68, 0x0E, 0x4A, 0xB1, 0x18, 0x0B, 0x78, 0x00, 0x21
	.byte 0x4A, 0x46, 0x18, 0xF0, 0xAF, 0xFA, 0x00, 0x06, 0x00, 0x28, 0x15, 0xD1, 0x20, 0x68, 0x00, 0x21
	.byte 0x18, 0xF0, 0xF6, 0xFC, 0x00, 0x06, 0x00, 0x28, 0x1A, 0xD0, 0x22, 0x68, 0xA5, 0x23, 0x9B, 0x00
	.byte 0xD0, 0x18, 0x00, 0x68, 0x23, 0x30, 0x00, 0x78, 0x07, 0x21, 0x03, 0x28, 0x0F, 0xD1, 0x06, 0x21
	.byte 0x0D, 0xE0, 0x00, 0x00, 0x0B, 0x01, 0x00, 0x00, 0x22, 0x68, 0xA5, 0x27, 0xBF, 0x00, 0xD0, 0x19
	.byte 0x00, 0x68, 0x23, 0x30, 0x00, 0x78, 0x09, 0x21, 0x03, 0x28, 0x00, 0xD1, 0x08, 0x21, 0x91, 0x80
	.byte 0x81, 0x20, 0x80, 0x00, 0x34, 0x18, 0x22, 0x68, 0xA5, 0x23, 0x9B, 0x00, 0xD0, 0x18, 0x00, 0x68
	.byte 0x81, 0x7C, 0x08, 0x20, 0x08, 0x40, 0x00, 0x28, 0x01, 0xD0, 0x07, 0x20, 0x90, 0x80, 0x21, 0x68
	.byte 0x04, 0x22, 0x88, 0x5E, 0x05, 0x28, 0x00, 0xD1, 0x9B, 0xE1, 0xC8, 0x18, 0x02, 0x68, 0x10, 0x1C
	.byte 0x21, 0x30, 0x03, 0x78, 0x02, 0x30, 0x00, 0x78, 0x59, 0x1D, 0x03, 0x28, 0x00, 0xD1, 0x05, 0x31
	.byte 0x00, 0x20, 0x00, 0x90, 0x10, 0x1C, 0x00, 0x22, 0x00, 0x23, 0xE8, 0xF7, 0x71, 0xFF, 0x20, 0x68
	.byte 0x02, 0x4B, 0xC0, 0x18, 0x14, 0x21, 0x01, 0x70, 0x83, 0xE1, 0x00, 0x00, 0x55, 0x03, 0x00, 0x00
	.byte 0x81, 0x27, 0xBF, 0x00, 0xF4, 0x19, 0x21, 0x68, 0x8A, 0x88, 0x04, 0x23, 0xC8, 0x5E, 0x07, 0x28
	.byte 0x01, 0xDD, 0x90, 0x1E, 0x88, 0x80, 0x20, 0x68, 0x08, 0x4F, 0xC1, 0x19, 0x0A, 0x78, 0x00, 0x20
	.byte 0x08, 0x56, 0x00, 0x28, 0x00, 0xD1, 0x6C, 0xE1, 0x50, 0x1E, 0x08, 0x70, 0x00, 0x06, 0x00, 0x28
	.byte 0x00, 0xD0, 0x66, 0xE1, 0x20, 0x68, 0x1A, 0xF0, 0x0D, 0xFD, 0x54, 0xE1, 0x55, 0x03, 0x00, 0x00
	.byte 0x81, 0x23, 0x9B, 0x00, 0xF0, 0x18, 0x00, 0x68, 0x4A, 0x4F, 0xC1, 0x19, 0x0A, 0x78, 0x00, 0x20
	.byte 0x08, 0x56, 0xD0, 0x23, 0x9B, 0x19, 0x98, 0x46, 0x3B, 0x28, 0x72, 0xDC, 0x50, 0x1C, 0x08, 0x70
	.byte 0x45, 0x4D, 0x00, 0x27, 0xBA, 0x46, 0x81, 0x20, 0x80, 0x00, 0x34, 0x18, 0x28, 0x88, 0x22, 0x68
	.byte 0x40, 0x4B, 0xD1, 0x18, 0x09, 0x78, 0x09, 0x06, 0x09, 0x16, 0x88, 0x42, 0x28, 0xD1, 0xDB, 0x27
	.byte 0xBF, 0x00, 0xD0, 0x19, 0x00, 0x68, 0x69, 0x88, 0x00, 0x22, 0x00, 0x92, 0x00, 0x23, 0xE8, 0xF7
	.byte 0x1F, 0xFF, 0x21, 0x68, 0x37, 0x4A, 0x88, 0x18, 0x00, 0x78, 0x00, 0x06, 0x00, 0x16, 0x3B, 0x28
	.byte 0x16, 0xD1, 0x08, 0x1C, 0x54, 0x30, 0x00, 0x78, 0x87, 0x21, 0x00, 0x28, 0x00, 0xD1, 0xD0, 0x31
	.byte 0x08, 0x1C, 0xE4, 0xF7, 0x39, 0xF9, 0x20, 0x68, 0x54, 0x30, 0x00, 0x78, 0xAB, 0x21, 0x49, 0x00
	.byte 0x00, 0x28, 0x00, 0xD1, 0x02, 0x31, 0x08, 0x1C, 0x01, 0x21, 0x49, 0x42, 0xE4, 0xF7, 0x32, 0xF9
	.byte 0x2B, 0x1D, 0xA8, 0x88, 0x22, 0x68, 0x27, 0x4F, 0xD1, 0x19, 0x09, 0x78, 0x09, 0x06, 0x09, 0x16
	.byte 0x88, 0x42, 0x28, 0xD1, 0xDB, 0x21, 0x89, 0x00, 0x50, 0x18, 0x00, 0x68, 0x59, 0x88, 0x00, 0x22
	.byte 0x00, 0x92, 0x00, 0x23, 0xE8, 0xF7, 0xEC, 0xFE, 0x21, 0x68, 0x3A, 0x1C, 0x88, 0x18, 0x00, 0x78
	.byte 0x00, 0x06, 0x00, 0x16, 0x3B, 0x28, 0x16, 0xD1, 0x08, 0x1C, 0x54, 0x30, 0x00, 0x78, 0x87, 0x21
	.byte 0x00, 0x28, 0x00, 0xD1, 0xD0, 0x31, 0x08, 0x1C, 0xE4, 0xF7, 0x06, 0xF9, 0x20, 0x68, 0x54, 0x30
	.byte 0x00, 0x78, 0xAB, 0x21, 0x49, 0x00, 0x00, 0x28, 0x00, 0xD1, 0x02, 0x31, 0x08, 0x1C, 0x01, 0x21
	.byte 0x49, 0x42, 0xE4, 0xF7, 0xFF, 0xF8, 0x02, 0x23, 0x9A, 0x44, 0x08, 0x35, 0x57, 0x46, 0x03, 0x2F
	.byte 0x94, 0xD9, 0x40, 0x46, 0x01, 0x68, 0x81, 0x22, 0x92, 0x00, 0xB4, 0x18, 0x22, 0x68, 0xDA, 0x23
	.byte 0x9B, 0x00, 0xD0, 0x18, 0x00, 0x68, 0x09, 0x88, 0x80, 0x88, 0x08, 0x40, 0x00, 0x28, 0x00, 0xD0
	.byte 0xCF, 0xE0, 0x04, 0x4F, 0xD0, 0x19, 0x00, 0x78, 0x00, 0x06, 0x00, 0x16, 0x3B, 0x28, 0x05, 0xDC
	.byte 0x10, 0x1C, 0xB6, 0xE0, 0x55, 0x03, 0x00, 0x00, 0xBC, 0xFA, 0x39, 0x08, 0x10, 0x1C, 0x54, 0x30
	.byte 0x00, 0x78, 0xAB, 0x21, 0x49, 0x00, 0x00, 0x28, 0x00, 0xD1, 0x02, 0x31, 0x08, 0x1C, 0xE4, 0xF7
	.byte 0xCB, 0xF8, 0x21, 0x68, 0x0B, 0x20, 0x88, 0x80, 0x20, 0x68, 0xCE, 0x23, 0x9B, 0x00, 0xC1, 0x18
	.byte 0x0A, 0x68, 0x38, 0x27, 0xD1, 0x5F, 0x40, 0x18, 0xD2, 0x6B, 0x01, 0x21, 0xA5, 0xF1, 0x20, 0xFB
	.byte 0x20, 0x68, 0xA5, 0x21, 0x89, 0x00, 0x40, 0x18, 0x02, 0x68, 0x91, 0x7C, 0x07, 0x20, 0x40, 0x42
	.byte 0x08, 0x40, 0x02, 0x21, 0x08, 0x43, 0x90, 0x74, 0x20, 0x68, 0x54, 0x30, 0x00, 0x78, 0x9A, 0x22
	.byte 0x00, 0x28, 0x00, 0xD1, 0x9C, 0x22, 0x01, 0x21, 0x49, 0x42, 0x10, 0x1C, 0xE4, 0xF7, 0xAA, 0xF8
	.byte 0x8F, 0xE0, 0x81, 0x22, 0x92, 0x00, 0xB4, 0x18, 0x22, 0x68, 0xA5, 0x23, 0x9B, 0x00, 0xD0, 0x18
	.byte 0x00, 0x68, 0x81, 0x7C, 0x08, 0x20, 0x08, 0x40, 0x00, 0x28, 0x00, 0xD1, 0x81, 0xE0, 0x0B, 0x4F
	.byte 0xF0, 0x19, 0x03, 0x78, 0x10, 0x1C, 0x01, 0x21, 0x4A, 0x46, 0x18, 0xF0, 0x53, 0xF9, 0x00, 0x06
	.byte 0x00, 0x28, 0x06, 0xD1, 0x20, 0x68, 0x01, 0x21, 0x18, 0xF0, 0x9A, 0xFB, 0x00, 0x06, 0x00, 0x28
	.byte 0x08, 0xD0, 0x20, 0x68, 0x02, 0x49, 0x40, 0x18, 0x05, 0x21, 0x07, 0xE0, 0x0B, 0x01, 0x00, 0x00
	.byte 0x55, 0x03, 0x00, 0x00, 0x20, 0x68, 0x14, 0x4A, 0x80, 0x18, 0x28, 0x21, 0x01, 0x70, 0x81, 0x23
	.byte 0x9B, 0x00, 0xF4, 0x18, 0x21, 0x68, 0x85, 0x27, 0xBF, 0x00, 0xC9, 0x19, 0x0A, 0x78, 0x08, 0x20
	.byte 0x40, 0x42, 0x10, 0x40, 0x08, 0x70, 0x21, 0x68, 0x00, 0x22, 0x0C, 0x20, 0x88, 0x80, 0x20, 0x68
	.byte 0xDB, 0x25, 0xAD, 0x00, 0x40, 0x19, 0x00, 0x68, 0x00, 0x92, 0x05, 0x21, 0x00, 0x23, 0xE8, 0xF7
	.byte 0x2F, 0xFE, 0x20, 0x68, 0x40, 0x19, 0x02, 0x68, 0x91, 0x7C, 0x07, 0x20, 0x40, 0x42, 0x08, 0x40
	.byte 0x02, 0x21, 0x08, 0x43, 0x90, 0x74, 0x3C, 0xE0, 0x55, 0x03, 0x00, 0x00, 0x81, 0x21, 0x89, 0x00
	.byte 0x70, 0x18, 0x00, 0x68, 0xDB, 0x22, 0x92, 0x00, 0x80, 0x18, 0x02, 0x68, 0x10, 0x1C, 0x21, 0x30
	.byte 0x00, 0x78, 0x05, 0x28, 0x0C, 0xD1, 0x91, 0x7C, 0x08, 0x20, 0x08, 0x40, 0x00, 0x28, 0x07, 0xD0
	.byte 0x00, 0x20, 0x00, 0x90, 0x10, 0x1C, 0x06, 0x21, 0x00, 0x22, 0x00, 0x23, 0xE8, 0xF7, 0x08, 0xFE
	.byte 0x81, 0x23, 0x9B, 0x00, 0xF4, 0x18, 0x20, 0x68, 0x22, 0x4F, 0xC1, 0x19, 0x0A, 0x78, 0x00, 0x20
	.byte 0x08, 0x56, 0x00, 0x28, 0x15, 0xD0, 0x50, 0x1E, 0x08, 0x70, 0x00, 0x06, 0x00, 0x28, 0x10, 0xD1
	.byte 0x20, 0x68, 0x13, 0xF0, 0xB7, 0xFF, 0x21, 0x68, 0x55, 0x20, 0x88, 0x80, 0x80, 0x21, 0x89, 0x00
	.byte 0x70, 0x18, 0x01, 0x68, 0x18, 0x4A, 0x89, 0x18, 0x0A, 0x78, 0x41, 0x20, 0x40, 0x42, 0x10, 0x40
	.byte 0x08, 0x70
_08035582:
	movs r3, #0x81
	lsls r3, r3, #0x02
	adds r4, r6, r3
	ldr r1, [r4, #0x00]
	adds r0, r6, #0x0
	bl sub_80303C4
	ldr r0, [r4, #0x00]
	bl sub_80465D8
	ldr r0, [r4, #0x00]
	movs r7, #0xCE
	lsls r7, r7, #0x02
	adds r1, r0, r7
	ldr r1, [r1, #0x00]
	adds r1, #0x68
	movs r3, #0x00
	ldsh r2, [r1, r3]
	adds r0, r0, r2
	ldr r1, [r1, #0x04]
	bl _call_via_r1
	ldr r0, [r4, #0x00]
	mov r1, r9
	movs r2, #0x00
	movs r3, #0x00
	bl sub_804FB64
	ldr r0, [r4, #0x00]
	ldrh r0, [r0, #0x04]
	subs r0, #0x51
	lsls r0, r0, #0x10
	asrs r0, r0, #0x10
	cmp r0, #0x06
	bls _080355CA
	b _08035964
_080355CA:
	lsls r0, r0, #0x02
	ldr r1, _080355DC @ =0x080355E0
	adds r0, r0, r1
	ldr r0, [r0, #0x00]
	mov pc, r0
	.byte 0x55, 0x03, 0x00, 0x00, 0x51, 0x03, 0x00, 0x00
_080355DC: .4byte 0x080355E0
	.byte 0xFC, 0x55, 0x03, 0x08, 0x68, 0x56, 0x03, 0x08, 0xF4, 0x57, 0x03, 0x08, 0x1C, 0x58, 0x03, 0x08
	.byte 0x0C, 0x57, 0x03, 0x08, 0xF4, 0x57, 0x03, 0x08, 0x1C, 0x58, 0x03, 0x08, 0x81, 0x27, 0xBF, 0x00
	.byte 0xF3, 0x19, 0x1A, 0x68, 0x96, 0x21, 0x89, 0x00, 0x50, 0x18, 0x00, 0x68, 0x00, 0x28, 0x05, 0xDA
	.byte 0x04, 0x3F, 0xF0, 0x19, 0x01, 0x68, 0x52, 0x20, 0x88, 0x80, 0x90, 0x80, 0x1A, 0x68, 0x91, 0x8C
	.byte 0xC8, 0x05, 0x80, 0x0F, 0x01, 0x24, 0x20, 0x40, 0x00, 0x28, 0x05, 0xD1, 0x50, 0x6A, 0xC0, 0x03
	.byte 0x80, 0x0F, 0x20, 0x40, 0x00, 0x28, 0x05, 0xD0, 0x80, 0x21, 0x89, 0x00, 0x70, 0x18, 0x01, 0x68
	.byte 0x54, 0x20, 0x09, 0xE0, 0x07, 0x48, 0x08, 0x40, 0x00, 0x28, 0x00, 0xD1, 0x8A, 0xE1, 0x80, 0x27
	.byte 0xBF, 0x00, 0xF0, 0x19, 0x01, 0x68, 0x53, 0x20, 0x88, 0x80, 0x90, 0x80, 0x18, 0x68, 0x11, 0xF0
	.byte 0x8F, 0xF9, 0x7F, 0xE1, 0x78, 0x78, 0x00, 0x00, 0x81, 0x20, 0x80, 0x00, 0x34, 0x18, 0x23, 0x68
	.byte 0x5D, 0x69, 0x99, 0x69, 0x69, 0x18, 0x80, 0x22, 0x92, 0x00, 0x92, 0x19, 0x90, 0x46, 0x10, 0x68
	.byte 0x42, 0x69, 0x80, 0x69, 0x12, 0x18, 0xB0, 0x27, 0x7F, 0x01, 0xD0, 0x19, 0x81, 0x42, 0x03, 0xDC
	.byte 0x1A, 0x49, 0x68, 0x18, 0x10, 0x1A, 0x98, 0x61, 0x20, 0x68, 0x12, 0xF0, 0x6D, 0xFA, 0x00, 0x06
	.byte 0x00, 0x28, 0x00, 0xD0, 0x5E, 0xE1, 0x20, 0x68, 0x12, 0xF0, 0x06, 0xFC, 0x21, 0x68, 0x42, 0x46
	.byte 0x10, 0x68, 0x80, 0x69, 0xB8, 0x23, 0x5B, 0x01, 0xC0, 0x18, 0x88, 0x61, 0x10, 0x4F, 0xF2, 0x19
	.byte 0x11, 0x78, 0x7F, 0x20, 0x08, 0x40, 0x10, 0x70, 0x21, 0x68, 0x0E, 0x48, 0x09, 0x18, 0x0A, 0x78
	.byte 0x05, 0x20, 0x40, 0x42, 0x10, 0x40, 0x08, 0x70, 0x82, 0x21, 0x89, 0x00, 0x72, 0x18, 0x10, 0x68
	.byte 0x09, 0x49, 0x08, 0x40, 0x80, 0x21, 0x49, 0x02, 0x08, 0x43, 0x10, 0x60, 0x22, 0x68, 0x43, 0x46
	.byte 0x19, 0x68, 0x55, 0x20, 0x88, 0x80, 0x90, 0x80, 0x34, 0xE1, 0x00, 0x00, 0x00, 0xEA, 0xFF, 0xFF
	.byte 0x0B, 0x02, 0x00, 0x00, 0x0F, 0x02, 0x00, 0x00, 0xFF, 0x7F, 0xFE, 0xFF, 0x81, 0x27, 0xBF, 0x00
	.byte 0xF4, 0x19, 0x22, 0x68, 0x80, 0x20, 0x80, 0x00, 0x35, 0x18, 0x28, 0x68, 0xC1, 0x68, 0x40, 0x6B
	.byte 0x09, 0x1A, 0xD0, 0x68, 0x40, 0x18, 0xD0, 0x60, 0x22, 0x68, 0x28, 0x68, 0x01, 0x69, 0x80, 0x6B
	.byte 0x09, 0x1A, 0x10, 0x69, 0x40, 0x18, 0x10, 0x61, 0x22, 0x68, 0x28, 0x68, 0x41, 0x69, 0xC0, 0x6B
	.byte 0x09, 0x1A, 0x50, 0x69, 0x40, 0x18, 0x50, 0x61, 0x22, 0x68, 0x28, 0x68, 0x81, 0x69, 0x00, 0x6C
	.byte 0x09, 0x1A, 0x90, 0x69, 0x40, 0x18, 0x90, 0x61, 0x95, 0x21, 0x49, 0x00, 0x70, 0x18, 0x00, 0x78
	.byte 0x02, 0x28, 0x00, 0xD0, 0xFE, 0xE0, 0x30, 0x1C, 0x00, 0x21, 0xF0, 0xF7, 0xDB, 0xFA, 0x00, 0x06
	.byte 0x00, 0x28, 0x02, 0xD0, 0x30, 0x1C, 0xF4, 0xF7, 0x7F, 0xF8, 0x30, 0x1C, 0x01, 0x21, 0xF0, 0xF7
	.byte 0xD1, 0xFA, 0x00, 0x06, 0x00, 0x28, 0x00, 0xD1, 0xEC, 0xE0, 0x22, 0x68, 0xDA, 0x23, 0x9B, 0x00
	.byte 0xD0, 0x18, 0x00, 0x68, 0x80, 0x78, 0x02, 0x28, 0x1A, 0xD0, 0x02, 0x28, 0x02, 0xDC, 0x01, 0x28
	.byte 0x03, 0xD0, 0xDF, 0xE0, 0x09, 0x28, 0x21, 0xD0, 0xDC, 0xE0, 0x30, 0x1C, 0xFB, 0x30, 0x01, 0x78
	.byte 0x89, 0x08, 0x01, 0x20, 0x01, 0x40, 0x10, 0x1C, 0x13, 0xF0, 0xDA, 0xFD, 0x29, 0x68, 0x03, 0x4F
	.byte 0xC9, 0x19, 0x08, 0x78, 0x40, 0x22, 0x10, 0x43, 0x08, 0x70, 0xCB, 0xE0, 0x51, 0x03, 0x00, 0x00
	.byte 0x10, 0x1C, 0x13, 0xF0, 0x2D, 0xFE, 0x28, 0x68, 0x03, 0x49, 0x40, 0x18, 0x01, 0x78, 0x40, 0x22
	.byte 0x11, 0x43, 0x01, 0x70, 0xBE, 0xE0, 0x00, 0x00, 0x51, 0x03, 0x00, 0x00, 0x30, 0x1C, 0xFF, 0xF7
	.byte 0xFB, 0xFB, 0xB7, 0xE0, 0x81, 0x22, 0x92, 0x00, 0xB0, 0x18, 0x01, 0x68, 0x96, 0x23, 0x9B, 0x00
	.byte 0xC8, 0x18, 0x00, 0x68, 0x00, 0x28, 0x09, 0xDA, 0x88, 0x88, 0x01, 0x30, 0x88, 0x80, 0x80, 0x27
	.byte 0xBF, 0x00, 0xF0, 0x19, 0x01, 0x68, 0x88, 0x88, 0x01, 0x30, 0x88, 0x80, 0x4A, 0x48, 0x35, 0x18
	.byte 0x29, 0x78, 0x02, 0x20, 0x08, 0x40, 0x00, 0x28, 0x1E, 0xD1, 0x81, 0x21, 0x89, 0x00, 0x74, 0x18
	.byte 0x20, 0x68, 0x80, 0x22, 0x92, 0x00, 0xB1, 0x18, 0x09, 0x68, 0x12, 0xF0, 0xED, 0xF9, 0x00, 0x28
	.byte 0x12, 0xD0, 0x21, 0x68, 0x48, 0x6B, 0xC8, 0x60, 0x21, 0x68, 0x88, 0x6B, 0x08, 0x61, 0x21, 0x68
	.byte 0xC8, 0x6B, 0x48, 0x61, 0x21, 0x68, 0x08, 0x6C, 0x88, 0x61, 0x20, 0x68, 0x11, 0xF0, 0x90, 0xF8
	.byte 0x28, 0x78, 0x02, 0x21, 0x08, 0x43, 0x28, 0x70, 0x81, 0x23, 0x9B, 0x00, 0xF7, 0x18, 0x3A, 0x68
	.byte 0x90, 0x69, 0x00, 0x28, 0x07, 0xDD, 0x10, 0x1C, 0x29, 0x30, 0x00, 0x21, 0x41, 0x56, 0x01, 0x20
	.byte 0x40, 0x42, 0x81, 0x42, 0x6E, 0xD0, 0x10, 0x1C, 0x11, 0xF0, 0x7A, 0xF8, 0x38, 0x68, 0x12, 0xF0
	.byte 0x13, 0xFB, 0x38, 0x68, 0xDA, 0x21, 0x89, 0x00, 0x40, 0x18, 0x03, 0x68, 0x80, 0x20, 0x80, 0x00
	.byte 0x80, 0x19, 0x80, 0x46, 0x00, 0x68, 0x40, 0x18, 0x01, 0x68, 0x00, 0x22, 0x09, 0x20, 0x08, 0x70
	.byte 0x18, 0x70, 0x39, 0x68, 0x43, 0x46, 0x18, 0x68, 0x82, 0x80, 0x8A, 0x80, 0x3B, 0x68, 0x40, 0x46
	.byte 0x02, 0x68, 0xD6, 0x25, 0xAD, 0x00, 0x52, 0x19, 0x14, 0x78, 0x09, 0x21, 0x49, 0x42, 0x08, 0x1C
	.byte 0x20, 0x40, 0x10, 0x70, 0x5B, 0x19, 0x18, 0x78, 0x01, 0x40, 0x19, 0x70, 0x3B, 0x68, 0x41, 0x46
	.byte 0x0A, 0x68, 0x07, 0x3D, 0x52, 0x19, 0x14, 0x78, 0x41, 0x21, 0x49, 0x42, 0x08, 0x1C, 0x20, 0x40
	.byte 0x10, 0x70, 0x5B, 0x19, 0x18, 0x78, 0x01, 0x40, 0x19, 0x70, 0x3A, 0x68, 0x85, 0x23, 0x9B, 0x00
	.byte 0xD2, 0x18, 0x11, 0x78, 0x08, 0x20, 0x40, 0x42, 0x08, 0x40, 0x03, 0x21, 0x08, 0x43, 0x10, 0x70
	.byte 0x41, 0x46, 0x08, 0x68, 0x0D, 0x49, 0x13, 0xF0, 0x73, 0xFB, 0x0D, 0x4B, 0xF2, 0x18, 0x11, 0x78
	.byte 0x7F, 0x20, 0x08, 0x40, 0x10, 0x70, 0x30, 0x1C, 0x00, 0x21, 0xF8, 0xF7, 0x29, 0xFB, 0x09, 0x49
	.byte 0x70, 0x18, 0x01, 0x78, 0x02, 0x20, 0x08, 0x40, 0x00, 0x28, 0x0D, 0xD0, 0x42, 0x46, 0x11, 0x68
	.byte 0x30, 0x1C, 0xFE, 0xF7, 0x95, 0xFF, 0x0D, 0xE0, 0x46, 0x02, 0x00, 0x00, 0x46, 0x10, 0x00, 0x00
	.byte 0x0B, 0x02, 0x00, 0x00, 0x0A, 0x02, 0x00, 0x00, 0x39, 0x68, 0x30, 0x1C, 0x01, 0x22, 0x00, 0x23
	.byte 0xF8, 0xF7, 0x28, 0xFA
_08035964:
	add sp, #0x004
	pop {r3, r4, r5}
	mov r8, r3
	mov r9, r4
	mov r10, r5
	pop {r4, r5, r6, r7}
	pop {r0}
	bx r0
	thumb_func_start sub_8035974
sub_8035974:
	push {r4, r5, r6, r7, lr}
	mov r7, r9
	mov r6, r8
	push {r6, r7}
	adds r5, r0, #0x0
	movs r1, #0x80
	lsls r1, r1, #0x02
	adds r0, r5, r1
	ldr r1, [r0, #0x00]
	adds r0, r1, #0x0
	adds r0, #0x54
	ldrb r0, [r0, #0x00]
	cmp r0, #0x00
	bne _080359BE
	adds r7, r1, #0x0
	movs r2, #0x81
	lsls r2, r2, #0x02
	adds r0, r5, r2
	ldr r6, [r0, #0x00]
	adds r0, r5, #0x0
	movs r1, #0x01
	movs r2, #0x01
	bl sub_802C4D4
	movs r3, #0x80
	lsls r3, r3, #0x02
	adds r4, r5, r3
	ldr r0, [r4, #0x00]
	bl sub_804FC90
	ldr r1, [r4, #0x00]
	adds r0, r5, #0x0
	movs r2, #0x00
	movs r3, #0x00
	bl sub_802DDB4
	b _080359C8
_080359BE:
	movs r2, #0x81
	lsls r2, r2, #0x02
	adds r0, r5, r2
	ldr r7, [r0, #0x00]
	adds r6, r1, #0x0
_080359C8:
	ldr r3, _08035A14 @ =0x00000246
	adds r0, r5, r3
	ldrb r1, [r0, #0x00]
	movs r0, #0x1C
	ands r0, r1
	cmp r0, #0x08
	bne _08035A1C
	movs r0, #0x5C
	strh r0, [r7, #0x04]
	strh r0, [r6, #0x04]
	movs r1, #0xDB
	lsls r1, r1, #0x02
	adds r0, r7, r1
	ldr r2, [r0, #0x00]
	ldrb r1, [r2, #0x12]
	movs r0, #0x20
	ands r0, r1
	cmp r0, #0x00
	bne _080359FA
	ldrh r0, [r2, #0x16]
	cmp r0, #0x54
	bne _080359FA
	adds r0, r2, #0x0
	bl sub_8020D40
_080359FA:
	adds r2, r5, #0x0
	adds r2, #0xFB
	ldrb r1, [r2, #0x00]
	movs r0, #0x04
	ands r0, r1
	movs r1, #0x14
	mov r8, r2
	cmp r0, #0x00
	bne _08035A0E
	movs r1, #0x1E
_08035A0E:
	ldr r2, _08035A18 @ =0x00000272
	adds r0, r5, r2
	b _08035A3A
_08035A14: .4byte 0x00000246
_08035A18: .4byte 0x00000272
_08035A1C:
	movs r0, #0x59
	strh r0, [r7, #0x04]
	strh r0, [r6, #0x04]
	adds r2, r5, #0x0
	adds r2, #0xFB
	ldrb r1, [r2, #0x00]
	movs r0, #0x04
	ands r0, r1
	movs r1, #0x14
	mov r8, r2
	cmp r0, #0x00
	bne _08035A36
	movs r1, #0x0A
_08035A36:
	ldr r3, _08035B74 @ =0x00000272
	adds r0, r5, r3
_08035A3A:
	strh r1, [r0, #0x00]
	movs r0, #0xDA
	lsls r0, r0, #0x02
	adds r1, r6, r0
	ldr r2, [r1, #0x00]
	adds r0, r7, r0
	ldr r1, [r0, #0x00]
	movs r0, #0x0B
	strb r0, [r1, #0x00]
	strb r0, [r2, #0x00]
	ldr r1, _08035B78 @ =0x00000351
	adds r2, r7, r1
	ldrb r0, [r2, #0x00]
	movs r3, #0x40
	orrs r0, r3
	strb r0, [r2, #0x00]
	adds r1, r6, r1
	ldrb r0, [r1, #0x00]
	orrs r0, r3
	strb r0, [r1, #0x00]
	movs r1, #0xD6
	lsls r1, r1, #0x02
	adds r2, r7, r1
	ldrb r0, [r2, #0x00]
	movs r7, #0x08
	orrs r0, r7
	strb r0, [r2, #0x00]
	adds r1, r6, r1
	ldrb r0, [r1, #0x00]
	orrs r0, r7
	strb r0, [r1, #0x00]
	ldr r0, _08035B7C @ =0x0000020D
	adds r2, r6, r0
	ldrb r0, [r2, #0x00]
	movs r1, #0x20
	orrs r0, r1
	strb r0, [r2, #0x00]
	ldr r2, _08035B80 @ =0x0000035A
	adds r1, r6, r2
	ldrb r0, [r1, #0x00]
	movs r2, #0x02
	mov r9, r2
	mov r2, r9
	orrs r0, r2
	strb r0, [r1, #0x00]
	ldr r0, _08035B84 @ =0x00000212
	adds r1, r6, r0
	ldrb r0, [r1, #0x00]
	orrs r0, r3
	strb r0, [r1, #0x00]
	movs r1, #0x82
	lsls r1, r1, #0x02
	adds r2, r5, r1
	ldrb r1, [r2, #0x00]
	movs r0, #0x02
	negs r0, r0
	ands r0, r1
	strb r0, [r2, #0x00]
	ldr r3, _08035B88 @ =0x0000020B
	adds r2, r5, r3
	ldrb r0, [r2, #0x00]
	movs r1, #0x80
	orrs r0, r1
	strb r0, [r2, #0x00]
	movs r0, #0x85
	lsls r0, r0, #0x02
	adds r2, r6, r0
	ldrb r1, [r2, #0x00]
	movs r4, #0x08
	negs r4, r4
	adds r0, r4, #0x0
	ands r0, r1
	movs r1, #0x01
	orrs r0, r1
	strb r0, [r2, #0x00]
	movs r1, #0x80
	lsls r1, r1, #0x02
	adds r0, r5, r1
	ldr r0, [r0, #0x00]
	adds r0, #0x54
	ldrb r0, [r0, #0x00]
	cmp r0, #0x01
	bne _08035AF8
	adds r3, r6, #0x0
	adds r3, #0x24
	ldrb r2, [r3, #0x00]
	lsls r1, r2, #0x1D
	lsrs r1, r1, #0x1D
	adds r1, #0x04
	movs r0, #0x07
	ands r1, r0
	adds r0, r4, #0x0
	ands r0, r2
	orrs r0, r1
	strb r0, [r3, #0x00]
_08035AF8:
	ldr r1, _08035B8C @ =0x0000103F
	adds r0, r6, #0x0
	bl sub_8049000
	mov r2, r8
	ldrb r0, [r2, #0x00]
	lsls r0, r0, #0x1D
	lsrs r0, r0, #0x1F
	movs r2, #0xEE
	asrs r2, r0
	movs r3, #0x80
	lsls r3, r3, #0x01
	adds r0, r5, r3
	movs r1, #0x00
	ldsh r3, [r0, r1]
	adds r0, r6, #0x0
	movs r1, #0x10
	bl sub_80400B0
	movs r2, #0xA5
	lsls r2, r2, #0x02
	adds r3, r6, r2
	ldr r2, [r3, #0x00]
	ldrb r1, [r2, #0x12]
	movs r0, #0x07
	negs r0, r0
	ands r0, r1
	mov r1, r9
	orrs r0, r1
	strb r0, [r2, #0x12]
	ldr r2, [r3, #0x00]
	mov r3, r8
	ldrb r1, [r3, #0x00]
	lsrs r1, r1, #0x03
	ldr r3, _08035B90 @ =0x0000020A
	adds r0, r5, r3
	ldrb r0, [r0, #0x00]
	lsls r0, r0, #0x1E
	lsrs r0, r0, #0x1F
	lsls r1, r0
	adds r2, #0x20
	strb r1, [r2, #0x00]
	ldr r0, _08035B94 @ =0x00000246
	adds r2, r5, r0
	ldrb r1, [r2, #0x00]
	movs r0, #0x1D
	negs r0, r0
	ands r0, r1
	orrs r0, r7
	strb r0, [r2, #0x00]
	movs r1, #0x01
	negs r1, r1
	movs r0, #0x3C
	bl play_sfx_80195B4
	pop {r3, r4}
	mov r8, r3
	mov r9, r4
	pop {r4, r5, r6, r7}
	pop {r0}
	bx r0
	.byte 0x00, 0x00
_08035B74: .4byte 0x00000272
_08035B78: .4byte 0x00000351
_08035B7C: .4byte 0x0000020D
_08035B80: .4byte 0x0000035A
_08035B84: .4byte 0x00000212
_08035B88: .4byte 0x0000020B
_08035B8C: .4byte 0x0000103F
_08035B90: .4byte 0x0000020A
_08035B94: .4byte 0x00000246
	thumb_func_start sub_8035B98
sub_8035B98:
	push {r4, r5, r6, r7, lr}
	mov r7, r10
	mov r6, r9
	mov r5, r8
	push {r5, r6, r7}
	add sp, #-0x00C
	adds r7, r0, #0x0
	movs r1, #0x01
	movs r2, #0x01
	bl sub_802C4D4
	movs r0, #0x80
	lsls r0, r0, #0x02
	adds r4, r7, r0
	ldr r0, [r4, #0x00]
	bl sub_804FC90
	ldr r1, [r4, #0x00]
	adds r0, r7, #0x0
	movs r2, #0x00
	movs r3, #0x00
	bl sub_802DDB4
	ldr r1, _08035D64 @ =0x00000246
	adds r2, r7, r1
	ldrb r1, [r2, #0x00]
	movs r0, #0x03
	negs r0, r0
	ands r0, r1
	strb r0, [r2, #0x00]
	movs r2, #0x81
	lsls r2, r2, #0x02
	adds r4, r7, r2
	ldr r0, [r4, #0x00]
	ldr r0, [r0, #0x0C]
	cmp r0, #0x00
	bge _08035BE4
	adds r0, #0xFF
_08035BE4:
	asrs r0, r0, #0x08
	movs r2, #0x92
	lsls r2, r2, #0x02
	adds r1, r7, r2
	strh r0, [r1, #0x00]
	ldr r0, [r4, #0x00]
	ldr r1, [r0, #0x10]
	cmp r1, #0x00
	bge _08035BF8
	adds r1, #0xFF
_08035BF8:
	asrs r1, r1, #0x08
	ldr r2, _08035D68 @ =0x0000024A
	adds r0, r7, r2
	strh r1, [r0, #0x00]
	ldr r1, [r4, #0x00]
	ldr r0, [r1, #0x0C]
	ldr r2, _08035D6C @ =0xFFFFFF00
	ands r0, r2
	str r0, [r1, #0x0C]
	ldr r1, [r4, #0x00]
	ldr r0, [r1, #0x10]
	ands r0, r2
	str r0, [r1, #0x10]
	ldr r1, [r4, #0x00]
	ldr r0, [r1, #0x0C]
	str r0, [r1, #0x34]
	ldr r1, [r4, #0x00]
	ldr r0, [r1, #0x10]
	str r0, [r1, #0x38]
	ldr r6, [r4, #0x00]
	movs r0, #0x80
	lsls r0, r0, #0x02
	adds r0, r0, r7
	mov r12, r0
	ldr r3, [r0, #0x00]
	ldr r5, [r3, #0x0C]
	ldr r1, _08035D70 @ =0xFFFFFC00
	adds r0, r5, r1
	ldr r2, [r6, #0x0C]
	cmp r2, r0
	blt _08035C5E
	movs r1, #0x80
	lsls r1, r1, #0x03
	adds r0, r5, r1
	cmp r2, r0
	bgt _08035C5E
	ldr r3, [r3, #0x10]
	ldr r2, _08035D70 @ =0xFFFFFC00
	adds r0, r3, r2
	ldr r2, [r6, #0x10]
	cmp r2, r0
	blt _08035C5E
	adds r0, r3, r1
	cmp r2, r0
	bgt _08035C5E
	str r5, [r6, #0x0C]
	ldr r0, [r4, #0x00]
	mov r2, r12
	ldr r1, [r2, #0x00]
	ldr r1, [r1, #0x10]
	str r1, [r0, #0x10]
_08035C5E:
	movs r0, #0x81
	lsls r0, r0, #0x02
	adds r6, r7, r0
	ldr r2, [r6, #0x00]
	movs r1, #0x80
	lsls r1, r1, #0x02
	adds r5, r7, r1
	ldr r1, [r5, #0x00]
	movs r0, #0x65
	strh r0, [r1, #0x04]
	strh r0, [r2, #0x04]
	ldr r2, [r6, #0x00]
	ldr r1, [r5, #0x00]
	ldr r4, _08035D74 @ =0x00000351
	adds r1, r1, r4
	ldrb r0, [r1, #0x00]
	movs r3, #0x40
	orrs r0, r3
	strb r0, [r1, #0x00]
	adds r2, r2, r4
	ldrb r0, [r2, #0x00]
	orrs r0, r3
	strb r0, [r2, #0x00]
	ldr r2, [r6, #0x00]
	ldr r1, [r5, #0x00]
	adds r4, #0x07
	adds r1, r1, r4
	ldrb r0, [r1, #0x00]
	movs r3, #0x08
	orrs r0, r3
	strb r0, [r1, #0x00]
	adds r2, r2, r4
	ldrb r0, [r2, #0x00]
	orrs r0, r3
	strb r0, [r2, #0x00]
	movs r2, #0x30
	mov r12, r2
	ldr r5, [r5, #0x00]
	ldr r1, [r5, #0x14]
	ldr r0, [r5, #0x18]
	adds r3, r1, r0
	ldr r6, [r6, #0x00]
	ldr r1, [r6, #0x14]
	ldr r0, [r6, #0x18]
	adds r2, r1, r0
	cmp r3, r2
	ble _08035CD8
	adds r0, r5, #0x0
	adds r0, #0x26
	ldrb r0, [r0, #0x00]
	adds r1, r6, #0x0
	adds r1, #0x26
	ldrb r1, [r1, #0x00]
	ands r0, r1
	lsls r0, r0, #0x1A
	lsrs r0, r0, #0x1E
	cmp r0, #0x00
	beq _08035CD8
	subs r0, r3, r2
	adds r0, #0x30
	mov r12, r0
_08035CD8:
	movs r0, #0x80
	lsls r0, r0, #0x02
	adds r0, r0, r7
	mov r9, r0
	ldr r0, [r0, #0x00]
	ldr r2, [r0, #0x14]
	ldr r0, [r0, #0x18]
	adds r2, r2, r0
	movs r1, #0x81
	lsls r1, r1, #0x02
	adds r6, r7, r1
	ldr r4, [r6, #0x00]
	ldr r0, [r4, #0x14]
	ldr r1, [r4, #0x18]
	adds r0, r0, r1
	subs r0, r2, r0
	cmp r0, #0x00
	bge _08035CFE
	adds r0, #0xFF
_08035CFE:
	asrs r0, r0, #0x08
	adds r2, r0, #0x0
	adds r2, #0x30
	cmp r2, r12
	ble _08035D0A
	mov r2, r12
_08035D0A:
	movs r0, #0xFB
	adds r0, r0, r7
	mov r8, r0
	ldrb r1, [r0, #0x00]
	movs r0, #0x04
	mov r10, r0
	ands r0, r1
	movs r5, #0x6B
	cmp r0, #0x00
	beq _08035D20
	movs r5, #0x35
_08035D20:
	movs r1, #0x80
	lsls r1, r1, #0x01
	adds r0, r7, r1
	movs r1, #0x00
	ldsh r3, [r0, r1]
	adds r0, r4, #0x0
	adds r1, r2, #0x0
	adds r2, r5, #0x0
	bl sub_80400B0
	ldr r2, [r6, #0x00]
	mov r1, r9
	ldr r0, [r1, #0x00]
	ldr r3, [r0, #0x0C]
	cmp r3, #0x00
	bge _08035D42
	adds r3, #0xFF
_08035D42:
	asrs r3, r3, #0x08
	ldr r0, [r0, #0x10]
	cmp r0, #0x00
	bge _08035D4C
	adds r0, #0xFF
_08035D4C:
	asrs r0, r0, #0x08
	str r0, [sp, #0x000]
	movs r0, #0x00
	str r0, [sp, #0x004]
	mov r0, r8
	ldrb r1, [r0, #0x00]
	mov r0, r10
	ands r0, r1
	cmp r0, #0x00
	beq _08035D78
	movs r0, #0x10
	b _08035D7A
_08035D64: .4byte 0x00000246
_08035D68: .4byte 0x0000024A
_08035D6C: .4byte 0xFFFFFF00
_08035D70: .4byte 0xFFFFFC00
_08035D74: .4byte 0x00000351
_08035D78:
	movs r0, #0x0A
_08035D7A:
	str r0, [sp, #0x008]
	adds r0, r2, #0x0
	movs r1, #0x02
	movs r2, #0x00
	bl sub_8045A94
	ldr r1, _08035DAC @ =0x0000020B
	adds r2, r7, r1
	ldrb r0, [r2, #0x00]
	movs r1, #0x80
	orrs r0, r1
	strb r0, [r2, #0x00]
	movs r1, #0x01
	negs r1, r1
	movs r0, #0x2B
	bl play_sfx_80195B4
	add sp, #0x00C
	pop {r3, r4, r5}
	mov r8, r3
	mov r9, r4
	mov r10, r5
	pop {r4, r5, r6, r7}
	pop {r0}
	bx r0
_08035DAC: .4byte 0x0000020B
	thumb_func_start sub_8035DB0
sub_8035DB0:
	push {r4, r5, r6, r7, lr}
	mov r7, r10
	mov r6, r9
	mov r5, r8
	push {r5, r6, r7}
	add sp, #-0x010
	mov r9, r0
	movs r5, #0x81
	lsls r5, r5, #0x02
	add r5, r9
	ldr r2, [r5, #0x00]
	movs r1, #0x04
	ldsh r0, [r2, r1]
	cmp r0, #0x64
	bgt _08035DD0
	b _080363B0
_08035DD0:
	mov r6, r9
	adds r6, #0x28
	cmp r0, #0x65
	blt _08035E26
	cmp r0, #0x67
	ble _08035DE4
	cmp r0, #0x6A
	bgt _08035E26
	cmp r0, #0x69
	blt _08035E26
_08035DE4:
	adds r0, r2, #0x0
	bl sub_80402C4
	ldr r0, [r5, #0x00]
	mov r4, r9
	adds r4, #0x28
	adds r1, r4, #0x0
	bl sub_80461B4
	movs r7, #0x80
	lsls r7, r7, #0x02
	add r7, r9
	ldr r0, [r7, #0x00]
	bl sub_80402C4
	ldr r0, _08035EB0 @ =0x0000020A
	add r0, r9
	ldrb r1, [r0, #0x00]
	movs r0, #0x02
	ands r0, r1
	adds r6, r4, #0x0
	cmp r0, #0x00
	beq _08035E26
	ldr r0, [r5, #0x00]
	bl sub_80402C4
	ldr r0, [r5, #0x00]
	adds r1, r6, #0x0
	bl sub_80461B4
	ldr r0, [r7, #0x00]
	bl sub_80402C4
_08035E26:
	movs r4, #0x80
	lsls r4, r4, #0x02
	add r4, r9
	ldr r1, [r4, #0x00]
	mov r0, r9
	bl sub_80303C4
	ldr r0, [r4, #0x00]
	bl sub_80465D8
	ldr r0, [r4, #0x00]
	movs r5, #0xCE
	lsls r5, r5, #0x02
	adds r1, r0, r5
	ldr r1, [r1, #0x00]
	adds r1, #0x68
	movs r7, #0x00
	ldsh r2, [r1, r7]
	adds r0, r0, r2
	ldr r1, [r1, #0x04]
	bl _call_via_r1
	ldr r0, [r4, #0x00]
	adds r1, r6, #0x0
	movs r2, #0x00
	movs r3, #0x00
	bl sub_804FB64
	movs r4, #0x81
	lsls r4, r4, #0x02
	add r4, r9
	ldr r0, [r4, #0x00]
	bl sub_80465D8
	ldr r1, [r4, #0x00]
	mov r0, r9
	bl sub_80303C4
	ldr r0, [r4, #0x00]
	adds r5, r0, r5
	ldr r1, [r5, #0x00]
	adds r1, #0x68
	movs r3, #0x00
	ldsh r2, [r1, r3]
	adds r0, r0, r2
	ldr r1, [r1, #0x04]
	bl _call_via_r1
	ldr r0, [r4, #0x00]
	adds r1, r6, #0x0
	movs r2, #0x00
	movs r3, #0x00
	bl sub_804FB64
	ldr r0, [r4, #0x00]
	ldrh r0, [r0, #0x04]
	subs r0, #0x65
	lsls r0, r0, #0x10
	asrs r0, r0, #0x10
	cmp r0, #0x05
	bls _08035EA4
	bl _08036DFE
_08035EA4:
	lsls r0, r0, #0x02
	ldr r1, _08035EB4 @ =0x08035EB8
	adds r0, r0, r1
	ldr r0, [r0, #0x00]
	mov pc, r0
	.byte 0x00, 0x00
_08035EB0: .4byte 0x0000020A
_08035EB4: .4byte 0x08035EB8
	.byte 0xD0, 0x5E, 0x03, 0x08, 0x6C, 0x62, 0x03, 0x08, 0x94, 0x62, 0x03, 0x08, 0xC0, 0x61, 0x03, 0x08
	.byte 0x6C, 0x62, 0x03, 0x08, 0x94, 0x62, 0x03, 0x08, 0x81, 0x26, 0xB6, 0x00, 0x4E, 0x44, 0x32, 0x68
	.byte 0x96, 0x24, 0xA4, 0x00, 0x10, 0x19, 0x00, 0x68, 0x00, 0x28, 0x3A, 0xDA, 0x90, 0x8C, 0xC0, 0x05
	.byte 0x80, 0x0F, 0x01, 0x21, 0x08, 0x40, 0x00, 0x28, 0x05, 0xD1, 0x50, 0x6A, 0xC0, 0x03, 0x80, 0x0F
	.byte 0x08, 0x40, 0x00, 0x28, 0x2D, 0xD0, 0x80, 0x20, 0x80, 0x00, 0x48, 0x44, 0x01, 0x68, 0x00, 0x25
	.byte 0x67, 0x20, 0x88, 0x80, 0x90, 0x80, 0x30, 0x68, 0x74, 0x4F, 0xC1, 0x19, 0x0C, 0x88, 0x10, 0xF0
	.byte 0x33, 0xFD, 0x30, 0x68, 0x92, 0x21, 0x89, 0x00, 0x49, 0x44, 0x00, 0x22, 0x8B, 0x5E, 0x70, 0x49
	.byte 0x49, 0x44, 0x00, 0x27, 0xC9, 0x5F, 0x00, 0x91, 0x01, 0x95, 0x02, 0x94, 0x02, 0x21, 0x00, 0x22
	.byte 0x0F, 0xF0, 0xAC, 0xFD, 0x30, 0x68, 0x6B, 0x49, 0x13, 0xF0, 0x5E, 0xF8, 0x32, 0x68, 0x85, 0x20
	.byte 0x80, 0x00, 0x12, 0x18, 0x11, 0x78, 0x08, 0x20, 0x40, 0x42, 0x08, 0x40, 0x02, 0x21, 0x08, 0x43
	.byte 0x10, 0x70, 0x81, 0x24, 0xA4, 0x00, 0x4C, 0x44, 0x22, 0x68, 0x04, 0x21, 0x50, 0x5E, 0x67, 0x28
	.byte 0x12, 0xD0, 0x91, 0x8C, 0x60, 0x48, 0x08, 0x40, 0x00, 0x28, 0x0D, 0xD0, 0x80, 0x20, 0x80, 0x00
	.byte 0x48, 0x44, 0x01, 0x68, 0x66, 0x20, 0x88, 0x80, 0x90, 0x80, 0x20, 0x68, 0x10, 0xF0, 0xFC, 0xFC
	.byte 0x20, 0x68, 0x58, 0x49, 0x13, 0xF0, 0x38, 0xF8, 0x58, 0x48, 0x48, 0x44, 0x01, 0x78, 0x02, 0x20
	.byte 0x08, 0x40, 0x00, 0x28, 0x20, 0xD1, 0x80, 0x24, 0xA4, 0x00, 0x4C, 0x44, 0x20, 0x68, 0x97, 0x22
	.byte 0x92, 0x00, 0x80, 0x18, 0x05, 0x68, 0x01, 0x20, 0x40, 0x42, 0x85, 0x42, 0x14, 0xD1, 0x48, 0x46
	.byte 0x00, 0x21, 0xEF, 0xF7, 0xB3, 0xFE, 0x00, 0x06, 0x00, 0x28, 0x0D, 0xD0, 0x20, 0x68, 0x80, 0x21
	.byte 0x49, 0x00, 0x49, 0x44, 0x00, 0x24, 0x0B, 0x5F, 0x20, 0x21, 0x75, 0x22, 0x0A, 0xF0, 0x6C, 0xF8
	.byte 0x2F, 0x20, 0x29, 0x1C, 0xE3, 0xF7, 0xEA, 0xFA, 0x81, 0x26, 0xB6, 0x00, 0x4E, 0x44, 0x33, 0x68
	.byte 0x04, 0x25, 0x58, 0x5F, 0x65, 0x28, 0x01, 0xD0, 0x00, 0xF0, 0x05, 0xFF, 0x80, 0x27, 0xBF, 0x00
	.byte 0x4F, 0x44, 0x3C, 0x68, 0x97, 0x21, 0x89, 0x00, 0x60, 0x18, 0x00, 0x68, 0x01, 0x22, 0x52, 0x42
	.byte 0x90, 0x46, 0x40, 0x45, 0x00, 0xD1, 0x7E, 0xE0, 0x58, 0x18, 0x00, 0x68, 0x40, 0x45, 0x7A, 0xD0
	.byte 0x58, 0x69, 0x9D, 0x69, 0x40, 0x19, 0x61, 0x69, 0xA2, 0x69, 0x89, 0x18, 0x88, 0x42, 0x72, 0xDC
	.byte 0x94, 0x21, 0x89, 0x00, 0x60, 0x18, 0x00, 0x68, 0x29, 0x1A, 0x00, 0x29, 0x00, 0xDA, 0xFF, 0x31
	.byte 0x09, 0x12, 0x40, 0x20, 0x45, 0x1A, 0x20, 0x1C, 0x24, 0x30, 0x01, 0x78, 0x49, 0x07, 0x24, 0x33
	.byte 0x49, 0x0F, 0x1A, 0x78, 0x08, 0x20, 0x40, 0x42, 0x10, 0x40, 0x08, 0x43, 0x18, 0x70, 0x31, 0x68
	.byte 0x38, 0x68, 0x80, 0x78, 0x00, 0x22, 0x92, 0x46, 0x88, 0x70, 0x30, 0x68, 0x24, 0x49, 0x12, 0xF0
	.byte 0xCB, 0xFF, 0x34, 0x68, 0x48, 0x46, 0xFB, 0x30, 0x01, 0x78, 0x04, 0x20, 0x08, 0x40, 0x61, 0x22
	.byte 0x00, 0x28, 0x00, 0xD0, 0x30, 0x22, 0x80, 0x20, 0x40, 0x00, 0x48, 0x44, 0x00, 0x26, 0x83, 0x5F
	.byte 0x20, 0x1C, 0x29, 0x1C, 0x0A, 0xF0, 0x10, 0xF8, 0x38, 0x68, 0x96, 0x21, 0x89, 0x00, 0x40, 0x18
	.byte 0x52, 0x46, 0x02, 0x60, 0x17, 0x49, 0x0A, 0x68, 0x10, 0x1C, 0x4A, 0x30, 0x00, 0x88, 0x01, 0x28
	.byte 0x2C, 0xD9, 0x13, 0x1C, 0x88, 0x33, 0x1A, 0x88, 0x13, 0x48, 0x82, 0x42, 0x01, 0xD8, 0x50, 0x1C
	.byte 0x18, 0x80, 0x09, 0x68, 0x4A, 0x31, 0x08, 0x88, 0x01, 0x38, 0x00, 0x22, 0x08, 0x80, 0x39, 0x68
	.byte 0x53, 0x46, 0x00, 0x93, 0x01, 0xA8, 0x02, 0x70, 0x48, 0x46, 0x01, 0x22, 0x01, 0x23, 0xF3, 0xF7
	.byte 0x31, 0xFB, 0x2C, 0x20, 0x41, 0x46, 0xE3, 0xF7, 0x69, 0xFA, 0x14, 0xE0, 0xDE, 0x02, 0x00, 0x00
	.byte 0x4A, 0x02, 0x00, 0x00, 0x02, 0x10, 0x00, 0x00, 0x78, 0x78, 0x00, 0x00, 0x0A, 0x02, 0x00, 0x00
	.byte 0x4A, 0x10, 0x00, 0x00, 0xF4, 0x0F, 0x00, 0x03, 0x0E, 0x27, 0x00, 0x00, 0x82, 0x20, 0x40, 0x00
	.byte 0x41, 0x46, 0xE3, 0xF7, 0x53, 0xFA, 0x80, 0x25, 0xAD, 0x00, 0x4D, 0x44, 0x28, 0x68, 0xCE, 0x24
	.byte 0xA4, 0x00, 0x01, 0x19, 0x0A, 0x68, 0x38, 0x26, 0x91, 0x5F, 0x40, 0x18, 0xD2, 0x6B, 0x01, 0x21
	.byte 0xA4, 0xF1, 0xA2, 0xFC, 0x2B, 0x68, 0x97, 0x27, 0xBF, 0x00, 0xD8, 0x19, 0x01, 0x68, 0x01, 0x20
	.byte 0x40, 0x42, 0x81, 0x42, 0x01, 0xD0, 0x00, 0xF0, 0x5E, 0xFE, 0x81, 0x26, 0xB6, 0x00, 0x4E, 0x44
	.byte 0x34, 0x68, 0x96, 0x21, 0x89, 0x00, 0x60, 0x18, 0x00, 0x68, 0x00, 0x28, 0x01, 0xDB, 0x00, 0xF0
	.byte 0x52, 0xFE, 0x61, 0x69, 0xA0, 0x69, 0x09, 0x18, 0x58, 0x69, 0x9A, 0x69, 0x18, 0x37, 0xDB, 0x19
	.byte 0x80, 0x18, 0x1B, 0x88, 0xC0, 0x18, 0x81, 0x42, 0x01, 0xDD, 0x00, 0xF0, 0x44, 0xFE, 0x10, 0x49
	.byte 0x20, 0x1C, 0x12, 0xF0, 0x41, 0xFF, 0x33, 0x68, 0x29, 0x68, 0x48, 0x69, 0x8A, 0x69, 0x3C, 0x1C
	.byte 0x09, 0x19, 0x80, 0x18, 0x09, 0x88, 0x40, 0x18, 0x59, 0x69, 0x40, 0x1A, 0x98, 0x61, 0x32, 0x68
	.byte 0x29, 0x68, 0x08, 0x4C, 0x09, 0x19, 0x08, 0x78, 0x40, 0x23, 0x18, 0x43, 0x08, 0x70, 0x12, 0x19
	.byte 0x10, 0x78, 0x18, 0x43, 0x10, 0x70, 0x32, 0x68, 0x29, 0x68, 0x68, 0x20, 0x54, 0xE0, 0x00, 0x00
	.byte 0x02, 0x10, 0x00, 0x00, 0x51, 0x03, 0x00, 0x00, 0x81, 0x24, 0xA4, 0x00, 0x4C, 0x44, 0x20, 0x68
	.byte 0x4D, 0x46, 0xFB, 0x35, 0x29, 0x78, 0x49, 0x07, 0xC9, 0x0F, 0xEE, 0x22, 0x0A, 0x41, 0x80, 0x21
	.byte 0x49, 0x00, 0x49, 0x44, 0x00, 0x26, 0x8B, 0x5F, 0x04, 0x21, 0x09, 0xF0, 0x65, 0xFF, 0x24, 0x68
	.byte 0x92, 0x20, 0x80, 0x00, 0x48, 0x44, 0x00, 0x27, 0xC3, 0x5F, 0x07, 0x48, 0x48, 0x44, 0x00, 0x21
	.byte 0x40, 0x5E, 0x00, 0x90, 0x00, 0x20, 0x01, 0x90, 0x29, 0x78, 0x04, 0x20, 0x08, 0x40, 0x00, 0x28
	.byte 0x04, 0xD0, 0x10, 0x20, 0x03, 0xE0, 0x00, 0x00, 0x4A, 0x02, 0x00, 0x00, 0x0A, 0x20, 0x02, 0x90
	.byte 0x20, 0x1C, 0x02, 0x21, 0x00, 0x22, 0x0F, 0xF0, 0x39, 0xFC, 0x81, 0x23, 0x9B, 0x00, 0x4B, 0x44
	.byte 0x1A, 0x68, 0x83, 0x24, 0xA4, 0x00, 0x12, 0x19, 0x10, 0x68, 0x0D, 0x49, 0x08, 0x40, 0x80, 0x21
	.byte 0x09, 0x02, 0x08, 0x43, 0x10, 0x60, 0x1A, 0x68, 0x85, 0x25, 0xAD, 0x00, 0x52, 0x19, 0x11, 0x78
	.byte 0x08, 0x20, 0x40, 0x42, 0x08, 0x40, 0x02, 0x21, 0x08, 0x43, 0x10, 0x70, 0x1A, 0x68, 0x80, 0x20
	.byte 0x80, 0x00, 0x48, 0x44, 0x01, 0x68, 0x69, 0x20, 0x88, 0x80, 0x90, 0x80, 0x00, 0xF0, 0xCB, 0xFD
	.byte 0xFF, 0x7F, 0xFC, 0xFF, 0x81, 0x20, 0x80, 0x00, 0x48, 0x44, 0x01, 0x68, 0x96, 0x26, 0xB6, 0x00
	.byte 0x88, 0x19, 0x00, 0x68, 0x00, 0x28, 0x09, 0xDA, 0x88, 0x88, 0x01, 0x30, 0x88, 0x80, 0x80, 0x20
	.byte 0x80, 0x00, 0x48, 0x44, 0x01, 0x68, 0x88, 0x88, 0x01, 0x30, 0x88, 0x80, 0x43, 0x4D, 0x4D, 0x44
	.byte 0x29, 0x78, 0x02, 0x20, 0x08, 0x40, 0x00, 0x28, 0x1E, 0xD1, 0x81, 0x24, 0xA4, 0x00, 0x4C, 0x44
	.byte 0x20, 0x68, 0x80, 0x21, 0x89, 0x00, 0x49, 0x44, 0x09, 0x68, 0x11, 0xF0, 0xB1, 0xFC, 0x00, 0x28
	.byte 0x12, 0xD0, 0x21, 0x68, 0x48, 0x6B, 0xC8, 0x60, 0x21, 0x68, 0x88, 0x6B, 0x08, 0x61, 0x21, 0x68
	.byte 0xC8, 0x6B, 0x48, 0x61, 0x21, 0x68, 0x08, 0x6C, 0x88, 0x61, 0x20, 0x68, 0x10, 0xF0, 0x54, 0xFB
	.byte 0x28, 0x78, 0x02, 0x21, 0x08, 0x43, 0x28, 0x70, 0x81, 0x27, 0xBF, 0x00, 0x4F, 0x44, 0x3A, 0x68
	.byte 0x90, 0x69, 0x00, 0x28, 0x09, 0xDD, 0x10, 0x1C, 0x29, 0x30, 0x00, 0x21, 0x41, 0x56, 0x01, 0x20
	.byte 0x40, 0x42, 0x81, 0x42, 0x01, 0xD1, 0x00, 0xF0, 0x7E, 0xFD, 0x80, 0x26, 0xB6, 0x00, 0x4E, 0x44
	.byte 0x31, 0x68, 0x00, 0x20, 0x88, 0x80, 0x90, 0x80, 0x3B, 0x68, 0x32, 0x68, 0xD6, 0x25, 0xAD, 0x00
	.byte 0x52, 0x19, 0x14, 0x78, 0x09, 0x21, 0x49, 0x42, 0x08, 0x1C, 0x20, 0x40, 0x10, 0x70, 0x5B, 0x19
	.byte 0x18, 0x78, 0x01, 0x40, 0x19, 0x70, 0x3B, 0x68, 0x32, 0x68, 0x07, 0x3D, 0x52, 0x19, 0x14, 0x78
	.byte 0x41, 0x21, 0x49, 0x42, 0x08, 0x1C, 0x20, 0x40, 0x10, 0x70, 0x5B, 0x19, 0x18, 0x78, 0x01, 0x40
	.byte 0x19, 0x70, 0x3A, 0x68, 0x85, 0x20, 0x80, 0x00, 0x12, 0x18, 0x11, 0x78, 0x08, 0x20, 0x40, 0x42
	.byte 0x08, 0x40, 0x03, 0x21, 0x08, 0x43, 0x10, 0x70, 0x38, 0x68, 0x10, 0xF0, 0x0D, 0xFB, 0x39, 0x68
	.byte 0x08, 0x1C, 0x24, 0x30, 0x00, 0x78, 0x40, 0x01, 0x88, 0x70, 0x48, 0x46, 0x00, 0x21, 0xF7, 0xF7
	.byte 0x03, 0xFE, 0x0B, 0x4A, 0x4A, 0x44, 0x11, 0x78, 0x7F, 0x20, 0x08, 0x40, 0x10, 0x70, 0x09, 0x48
	.byte 0x48, 0x44, 0x01, 0x78, 0x02, 0x20, 0x08, 0x40, 0x00, 0x28, 0x01, 0xD1, 0x00, 0xF0, 0x33, 0xFD
	.byte 0x48, 0x46, 0xFF, 0xF7, 0xEB, 0xFA, 0x00, 0xF0, 0x2E, 0xFD, 0x00, 0x00, 0x46, 0x02, 0x00, 0x00
	.byte 0x0B, 0x02, 0x00, 0x00, 0x0A, 0x02, 0x00, 0x00
_080363B0:
	movs r0, #0x80
	lsls r0, r0, #0x02
	add r0, r9
	ldr r1, [r0, #0x00]
	adds r0, r1, #0x0
	adds r0, #0x54
	ldrb r0, [r0, #0x00]
	cmp r0, #0x00
	bne _080363C8
	mov r10, r1
	adds r7, r2, #0x0
	b _080363CC
_080363C8:
	mov r10, r2
	adds r7, r1, #0x0
_080363CC:
	mov r0, r9
	mov r1, r10
	bl sub_80303C4
	movs r1, #0x04
	ldsh r0, [r7, r1]
	cmp r0, #0x5E
	bne _080363F8
	ldr r0, _080363F4 @ =0x0000020A
	add r0, r9
	ldrb r0, [r0, #0x00]
	lsls r0, r0, #0x1E
	lsrs r0, r0, #0x1F
	movs r1, #0x80
	lsls r1, r1, #0x03
	lsls r1, r0
	ldr r0, [r7, #0x18]
	adds r0, r0, r1
	b _08036450
	.byte 0x00, 0x00
_080363F4: .4byte 0x0000020A
_080363F8:
	cmp r0, #0x59
	beq _08036414
	cmp r0, #0x5C
	beq _08036414
	cmp r0, #0x5F
	bne _08036452
	movs r2, #0x85
	lsls r2, r2, #0x02
	adds r0, r7, r2
	ldrb r1, [r0, #0x00]
	movs r0, #0x07
	ands r0, r1
	cmp r0, #0x00
	bne _08036452
_08036414:
	adds r0, r7, #0x0
	bl sub_80402C4
	ldr r0, _0803647C @ =0x0000020A
	add r0, r9
	ldrb r1, [r0, #0x00]
	movs r0, #0x02
	ands r0, r1
	cmp r0, #0x00
	beq _0803642E
	adds r0, r7, #0x0
	bl sub_80402C4
_0803642E:
	ldr r0, _08036480 @ =0x00000209
	add r0, r9
	ldrb r1, [r0, #0x00]
	movs r0, #0x40
	ands r0, r1
	cmp r0, #0x00
	bne _08036452
	ldr r3, [r7, #0x14]
	ldr r0, [r7, #0x18]
	adds r0, r3, r0
	mov r4, r10
	ldr r2, [r4, #0x14]
	ldr r1, [r4, #0x18]
	adds r2, r2, r1
	cmp r0, r2
	bge _08036452
	subs r0, r2, r3
_08036450:
	str r0, [r7, #0x18]
_08036452:
	mov r0, r9
	adds r1, r7, #0x0
	bl sub_80303C4
	movs r0, #0x81
	lsls r0, r0, #0x02
	add r0, r9
	ldr r0, [r0, #0x00]
	ldrh r0, [r0, #0x04]
	subs r0, #0x59
	lsls r0, r0, #0x10
	asrs r0, r0, #0x10
	cmp r0, #0x0B
	bls _08036472
	bl _08036DA2
_08036472:
	lsls r0, r0, #0x02
	ldr r1, _08036484 @ =0x08036488
	adds r0, r0, r1
	ldr r0, [r0, #0x00]
	mov pc, r0
_0803647C: .4byte 0x0000020A
_08036480: .4byte 0x00000209
_08036484: .4byte 0x08036488
	.byte 0xB8, 0x64, 0x03, 0x08, 0x78, 0x65, 0x03, 0x08, 0xA0, 0x66, 0x03, 0x08, 0xF2, 0x67, 0x03, 0x08
	.byte 0x08, 0x69, 0x03, 0x08, 0x88, 0x69, 0x03, 0x08, 0x54, 0x6A, 0x03, 0x08, 0x38, 0x6C, 0x03, 0x08
	.byte 0x9C, 0x6D, 0x03, 0x08, 0x9C, 0x6D, 0x03, 0x08, 0x9C, 0x6D, 0x03, 0x08, 0x9C, 0x6D, 0x03, 0x08
	.byte 0x81, 0x24, 0xA4, 0x00, 0x4C, 0x44, 0x22, 0x68, 0x8E, 0x25, 0xAD, 0x00, 0x53, 0x19, 0x00, 0x21
	.byte 0x59, 0x56, 0x01, 0x20, 0x40, 0x42, 0x81, 0x42, 0x04, 0xD1, 0xD5, 0x26, 0xB6, 0x00, 0x90, 0x19
	.byte 0x00, 0x78, 0x18, 0x70, 0x20, 0x68, 0xA5, 0x25, 0xAD, 0x00, 0x40, 0x19, 0x03, 0x68, 0x2A, 0x27
	.byte 0xD9, 0x5F, 0x48, 0x46, 0xFB, 0x30, 0x00, 0x78, 0xC0, 0x08, 0x81, 0x42, 0x0D, 0xD1, 0x80, 0x20
	.byte 0x80, 0x00, 0x48, 0x44, 0x00, 0x68, 0x40, 0x19, 0x02, 0x68, 0x1A, 0x49, 0x18, 0x1C, 0x23, 0x30
	.byte 0x00, 0x78, 0x40, 0x00, 0x40, 0x18, 0x00, 0x88, 0xD0, 0x80, 0x80, 0x26, 0xB6, 0x00, 0x4E, 0x44
	.byte 0x31, 0x68, 0x48, 0x19, 0x00, 0x68, 0x06, 0x22, 0x80, 0x5E, 0xFF, 0x28, 0x03, 0xDC, 0x12, 0x4B
	.byte 0xC9, 0x18, 0xFF, 0x20, 0x08, 0x70, 0x20, 0x68, 0x40, 0x19, 0x00, 0x68, 0x81, 0x7C, 0x08, 0x20
	.byte 0x08, 0x40, 0x00, 0x28, 0x01, 0xD1, 0x00, 0xF0, 0x30, 0xFC, 0x0C, 0x49, 0x49, 0x44, 0x00, 0x22
	.byte 0x14, 0x20, 0x08, 0x80, 0x20, 0x68, 0x40, 0x19, 0x00, 0x68, 0x01, 0x1C, 0x21, 0x31, 0x09, 0x78
	.byte 0x05, 0x31, 0x00, 0x92, 0x00, 0x23, 0xE7, 0xF7, 0xF7, 0xFD, 0x22, 0x68, 0x31, 0x68, 0x5A, 0x20
	.byte 0x86, 0xE0, 0x00, 0x00, 0xCC, 0xFA, 0x39, 0x08, 0x3B, 0x02, 0x00, 0x00, 0x6E, 0x02, 0x00, 0x00
	.byte 0x41, 0x49, 0x49, 0x44, 0x08, 0x88, 0x01, 0x38, 0x08, 0x80, 0x00, 0x04, 0x00, 0x28, 0x01, 0xD0
	.byte 0x00, 0xF0, 0x0B, 0xFC, 0x81, 0x26, 0xB6, 0x00, 0x4E, 0x44, 0x32, 0x68, 0x85, 0x24, 0xA4, 0x00
	.byte 0x12, 0x19, 0x11, 0x78, 0x08, 0x20, 0x40, 0x42, 0x08, 0x40, 0x03, 0x21, 0x08, 0x43, 0x10, 0x70
	.byte 0x30, 0x68, 0x36, 0x49, 0x12, 0xF0, 0x28, 0xFD, 0x14, 0x3C, 0x4F, 0x46, 0x3D, 0x19, 0x28, 0x68
	.byte 0x33, 0x49, 0x12, 0xF0, 0x21, 0xFD, 0x33, 0x68, 0x2A, 0x68, 0x48, 0x46, 0xFB, 0x30, 0x00, 0x78
	.byte 0x40, 0x07, 0xC0, 0x0F, 0x04, 0x41, 0x2F, 0x48, 0x11, 0x18, 0x0C, 0x80, 0x18, 0x18, 0x04, 0x80
	.byte 0x98, 0x20, 0x80, 0x00, 0x12, 0x18, 0x14, 0x80, 0x1B, 0x18, 0x1C, 0x80, 0x28, 0x68, 0xA5, 0x21
	.byte 0x89, 0x00, 0x40, 0x18, 0x00, 0x68, 0x80, 0x27, 0x7F, 0x00, 0xC7, 0x80, 0x28, 0x68, 0x26, 0x4A
	.byte 0x80, 0x18, 0x00, 0x21, 0x01, 0x70, 0x31, 0x68, 0x24, 0x4B, 0xC9, 0x18, 0x0B, 0x78, 0x41, 0x22
	.byte 0x52, 0x42, 0x10, 0x1C, 0x18, 0x40, 0x08, 0x70, 0x30, 0x68, 0x21, 0x4C, 0x00, 0x19, 0x01, 0x78
	.byte 0x0A, 0x40, 0x02, 0x70, 0x1F, 0x48, 0x48, 0x44, 0x01, 0x78, 0x40, 0x20, 0x08, 0x40, 0x00, 0x28
	.byte 0x1D, 0xD1, 0x34, 0x68, 0x2A, 0x68, 0xD3, 0x68, 0x00, 0x2B, 0x00, 0xDA, 0xFF, 0x33, 0x1B, 0x12
	.byte 0x10, 0x69, 0x00, 0x28, 0x00, 0xDA, 0xFF, 0x30, 0x00, 0x12, 0x00, 0x90, 0x51, 0x69, 0x90, 0x69
	.byte 0x08, 0x18, 0x00, 0x28, 0x00, 0xDA, 0xFF, 0x30, 0x00, 0x12, 0x01, 0x90, 0x4D, 0x46, 0xE8, 0x19
	.byte 0x00, 0x88, 0x02, 0x90, 0x20, 0x1C, 0x01, 0x21, 0x00, 0x22, 0x0F, 0xF0, 0x17, 0xFA, 0x81, 0x20
	.byte 0x80, 0x00, 0x48, 0x44, 0x02, 0x68, 0x80, 0x20, 0x80, 0x00, 0x48, 0x44, 0x01, 0x68, 0x5B, 0x20
	.byte 0x88, 0x80, 0x90, 0x80, 0x91, 0xE3, 0x00, 0x00, 0x6E, 0x02, 0x00, 0x00, 0x02, 0x10, 0x00, 0x00
	.byte 0x28, 0x10, 0x00, 0x00, 0x3E, 0x02, 0x00, 0x00, 0x3B, 0x02, 0x00, 0x00, 0x12, 0x02, 0x00, 0x00
	.byte 0x0D, 0x02, 0x00, 0x00, 0x09, 0x02, 0x00, 0x00, 0x81, 0x25, 0xAD, 0x00, 0x4D, 0x44, 0x29, 0x68
	.byte 0x48, 0x46, 0xF7, 0xF7, 0xAF, 0xFA, 0x00, 0x06, 0x00, 0x28, 0x0A, 0xD1, 0x29, 0x68, 0x88, 0x69
	.byte 0x00, 0x28, 0x0D, 0xD0, 0x49, 0x78, 0x09, 0x06, 0x09, 0x16, 0x01, 0x20, 0x40, 0x42, 0x81, 0x42
	.byte 0x06, 0xD1, 0x28, 0x68, 0x11, 0xF0, 0x54, 0xFA, 0x00, 0x06, 0x00, 0x28, 0x00, 0xD0, 0x81, 0xE0
	.byte 0x81, 0x27, 0xBF, 0x00, 0x4F, 0x44, 0x38, 0x68, 0x11, 0xF0, 0x4A, 0xFA, 0x00, 0x06, 0x00, 0x0E
	.byte 0x01, 0x28, 0x08, 0xD1, 0x39, 0x68, 0xC8, 0x68, 0x33, 0x4A, 0x10, 0x40, 0xC8, 0x60, 0x39, 0x68
	.byte 0x08, 0x69, 0x10, 0x40, 0x08, 0x61, 0x38, 0x68, 0x10, 0xF0, 0x3E, 0xF9, 0x3A, 0x68, 0x80, 0x26
	.byte 0xB6, 0x00, 0x4E, 0x44, 0x03, 0x96, 0x31, 0x68, 0x00, 0x20, 0x88, 0x80, 0x90, 0x80, 0x3A, 0x68
	.byte 0x31, 0x68, 0xD6, 0x24, 0xA4, 0x00, 0x09, 0x19, 0x0B, 0x78, 0x09, 0x26, 0x76, 0x42, 0x30, 0x1C
	.byte 0x18, 0x40, 0x08, 0x70, 0x12, 0x19, 0x11, 0x78, 0x30, 0x1C, 0x08, 0x40, 0x10, 0x70, 0x3B, 0x68
	.byte 0x03, 0x98, 0x02, 0x68, 0x21, 0x4D, 0x52, 0x19, 0x14, 0x78, 0x41, 0x21, 0x49, 0x42, 0x08, 0x1C
	.byte 0x20, 0x40, 0x10, 0x70, 0x5B, 0x19, 0x18, 0x78, 0x01, 0x40, 0x19, 0x70, 0x39, 0x68, 0x1C, 0x4B
	.byte 0xC9, 0x18, 0x0A, 0x78, 0x21, 0x20, 0x40, 0x42, 0x10, 0x40, 0x08, 0x70, 0x39, 0x68, 0xC9, 0x18
	.byte 0x08, 0x78, 0x40, 0x22, 0x10, 0x43, 0x08, 0x70, 0x39, 0x68, 0x16, 0x4A, 0x89, 0x18, 0x0A, 0x78
	.byte 0x03, 0x20, 0x40, 0x42, 0x10, 0x40, 0x08, 0x70, 0x03, 0x9B, 0x19, 0x68, 0x12, 0x4C, 0x09, 0x19
	.byte 0x08, 0x78, 0x08, 0x22, 0x10, 0x43, 0x08, 0x70, 0x10, 0x4A, 0x4A, 0x44, 0x11, 0x78, 0x7F, 0x20
	.byte 0x08, 0x40, 0x10, 0x70, 0x0E, 0x49, 0x49, 0x44, 0x08, 0x78, 0x06, 0x40, 0x0E, 0x70, 0x38, 0x68
	.byte 0x49, 0x46, 0x28, 0x31, 0x00, 0x22, 0x00, 0x23, 0x19, 0xF0, 0xD8, 0xF9, 0x48, 0x46, 0x00, 0x21
	.byte 0xF7, 0xF7, 0xE2, 0xFB, 0xF1, 0xE2, 0x00, 0x00, 0x00, 0xFF, 0xFF, 0xFF, 0x51, 0x03, 0x00, 0x00
	.byte 0x0D, 0x02, 0x00, 0x00, 0x5A, 0x03, 0x00, 0x00, 0x5B, 0x03, 0x00, 0x00, 0x0B, 0x02, 0x00, 0x00
	.byte 0x0A, 0x02, 0x00, 0x00, 0x28, 0x68, 0x4C, 0x46, 0x28, 0x34, 0x21, 0x1C, 0x0F, 0xF0, 0xE6, 0xFC
	.byte 0x28, 0x68, 0x0F, 0xF0, 0xF5, 0xFE, 0x28, 0x68, 0xCE, 0xE2, 0x8E, 0x25, 0xAD, 0x00, 0x7A, 0x19
	.byte 0x00, 0x21, 0x51, 0x56, 0x01, 0x20, 0x40, 0x42, 0x81, 0x42, 0x04, 0xD1, 0xD5, 0x26, 0xB6, 0x00
	.byte 0xB8, 0x19, 0x00, 0x78, 0x10, 0x70, 0xA5, 0x23, 0x9B, 0x00, 0xFD, 0x18, 0x28, 0x68, 0x2A, 0x21
	.byte 0x42, 0x5E, 0x48, 0x46, 0xFB, 0x30, 0x01, 0x78, 0xC9, 0x08, 0x32, 0x48, 0x48, 0x44, 0x00, 0x78
	.byte 0x80, 0x07, 0xC0, 0x0F, 0x81, 0x40, 0x8A, 0x42, 0x10, 0xD1, 0x18, 0x1C, 0x50, 0x44, 0x02, 0x68
	.byte 0x2D, 0x49, 0x81, 0x20, 0x80, 0x00, 0x48, 0x44, 0x00, 0x68, 0x1C, 0x1C, 0x00, 0x19, 0x00, 0x68
	.byte 0x23, 0x30, 0x00, 0x78, 0x40, 0x00, 0x40, 0x18, 0x00, 0x88, 0xD0, 0x80, 0x53, 0x44, 0x98, 0x46
	.byte 0x18, 0x68, 0x06, 0x26, 0x80, 0x5F, 0xFF, 0x28, 0x03, 0xDC, 0x24, 0x49, 0x51, 0x44, 0xFF, 0x20
	.byte 0x08, 0x70, 0x28, 0x68, 0x81, 0x7C, 0x08, 0x20, 0x08, 0x40, 0x00, 0x28, 0x00, 0xD1, 0x94, 0xE2
	.byte 0x5D, 0x20, 0x51, 0x46, 0x88, 0x80, 0xB8, 0x80, 0x85, 0x24, 0xA4, 0x00, 0x3B, 0x19, 0x19, 0x78
	.byte 0x08, 0x22, 0x52, 0x42, 0x10, 0x1C, 0x08, 0x40, 0x18, 0x70, 0x2D, 0x68, 0xAB, 0x7C, 0x07, 0x21
	.byte 0x49, 0x42, 0x08, 0x1C, 0x18, 0x40, 0x02, 0x26, 0x30, 0x43, 0xA8, 0x74, 0x45, 0x46, 0x2B, 0x68
	.byte 0x98, 0x7C, 0x01, 0x40, 0x31, 0x43, 0x99, 0x74, 0x54, 0x44, 0x20, 0x78, 0x02, 0x40, 0x03, 0x20
	.byte 0x02, 0x43, 0x22, 0x70, 0x0E, 0x49, 0x50, 0x46, 0x12, 0xF0, 0x9E, 0xFB, 0x29, 0x68, 0x0D, 0x48
	.byte 0x00, 0x78, 0x00, 0x06, 0x00, 0x16, 0x00, 0x01, 0xC8, 0x80, 0x29, 0x68, 0x0A, 0x48, 0x00, 0x78
	.byte 0x00, 0x06, 0x00, 0x16, 0x00, 0x01, 0x88, 0x80, 0x08, 0x48, 0x48, 0x44, 0x00, 0x26, 0x06, 0x80
	.byte 0x5B, 0xE2, 0x00, 0x00, 0x0A, 0x02, 0x00, 0x00, 0xEC, 0xFA, 0x39, 0x08, 0x3B, 0x02, 0x00, 0x00
	.byte 0x01, 0x10, 0x00, 0x00, 0x5A, 0xF6, 0x39, 0x08, 0x49, 0xF6, 0x39, 0x08, 0x6E, 0x02, 0x00, 0x00
	.byte 0xA5, 0x20, 0x80, 0x00, 0x50, 0x44, 0x02, 0x68, 0x19, 0x49, 0x1A, 0x4B, 0x4B, 0x44, 0x00, 0x24
	.byte 0x18, 0x5F, 0x40, 0x18, 0x00, 0x78, 0x00, 0x06, 0x00, 0x16, 0x00, 0x01, 0x00, 0x24, 0x90, 0x80
	.byte 0x15, 0x48, 0x48, 0x44, 0x00, 0x78, 0x80, 0x07, 0xC0, 0x0F, 0x01, 0x21, 0x81, 0x40, 0x18, 0x88
	.byte 0x40, 0x18, 0x18, 0x80, 0x00, 0x04, 0x00, 0x0C, 0x10, 0x28, 0x00, 0xD8, 0x2D, 0xE2, 0x5E, 0x20
	.byte 0x55, 0x46, 0xA8, 0x80, 0xB8, 0x80, 0x85, 0x26, 0xB6, 0x00, 0xBA, 0x19, 0x11, 0x78, 0x66, 0x38
	.byte 0x08, 0x40, 0x10, 0x70, 0x1C, 0x80, 0x9C, 0x20, 0x80, 0x00, 0x48, 0x44, 0x04, 0x80, 0x07, 0x48
	.byte 0x3A, 0x18, 0x11, 0x78, 0x41, 0x20, 0x40, 0x42, 0x08, 0x40, 0x10, 0x70, 0x15, 0xE2, 0x00, 0x00
	.byte 0x49, 0xF6, 0x39, 0x08, 0x6E, 0x02, 0x00, 0x00, 0x0A, 0x02, 0x00, 0x00, 0x0D, 0x02, 0x00, 0x00
	.byte 0xA5, 0x25, 0xAD, 0x00, 0x51, 0x46, 0x4A, 0x19, 0x13, 0x68, 0x2A, 0x49, 0x2A, 0x4C, 0x4C, 0x44
	.byte 0x00, 0x26, 0xA0, 0x5F, 0x40, 0x18, 0x00, 0x78, 0x00, 0x06, 0x00, 0x16, 0x00, 0x01, 0xD8, 0x80
	.byte 0x10, 0x68, 0x06, 0x21, 0x40, 0x5E, 0xFF, 0x28, 0x03, 0xDD, 0x24, 0x49, 0x51, 0x44, 0x00, 0x20
	.byte 0x08, 0x70, 0x22, 0x88, 0x10, 0x2A, 0x08, 0xD8, 0x21, 0x48, 0x48, 0x44, 0x01, 0x78, 0x89, 0x07
	.byte 0xC9, 0x0F, 0x01, 0x20, 0x88, 0x40, 0x10, 0x18, 0x20, 0x80, 0x9C, 0x22, 0x92, 0x00, 0x4A, 0x44
	.byte 0x1B, 0x4B, 0x4B, 0x44, 0x18, 0x78, 0x80, 0x07, 0xC0, 0x0F, 0x80, 0x21, 0xC9, 0x00, 0x81, 0x40
	.byte 0x10, 0x88, 0x40, 0x18, 0x10, 0x80, 0x00, 0x04, 0x16, 0x49, 0x88, 0x42, 0x00, 0xDC, 0xD4, 0xE1
	.byte 0x5F, 0x20, 0x52, 0x46, 0x90, 0x80, 0xB8, 0x80, 0x85, 0x24, 0xA4, 0x00, 0x3A, 0x19, 0x11, 0x78
	.byte 0x67, 0x38, 0x08, 0x40, 0x01, 0x21, 0x08, 0x43, 0x10, 0x70, 0x78, 0x19, 0x02, 0x68, 0x48, 0x46
	.byte 0xFB, 0x30, 0x01, 0x78, 0xC9, 0x08, 0x18, 0x78, 0x80, 0x07, 0xC0, 0x0F, 0x81, 0x40, 0x49, 0x42
	.byte 0x20, 0x32, 0x11, 0x70, 0x08, 0x4D, 0x7A, 0x19, 0x10, 0x78, 0x40, 0x21, 0x08, 0x43, 0x10, 0x70
	.byte 0xB3, 0xE1, 0x00, 0x00, 0x5A, 0xF6, 0x39, 0x08, 0x6E, 0x02, 0x00, 0x00, 0x3B, 0x02, 0x00, 0x00
	.byte 0x0A, 0x02, 0x00, 0x00, 0x00, 0x00, 0xFF, 0x11, 0x0D, 0x02, 0x00, 0x00, 0xA5, 0x22, 0x92, 0x00
	.byte 0x52, 0x44, 0x13, 0x68, 0x19, 0x49, 0x1A, 0x4C, 0x4C, 0x44, 0x00, 0x26, 0xA0, 0x5F, 0x40, 0x18
	.byte 0x00, 0x78, 0x00, 0x06, 0x00, 0x16, 0x00, 0x01, 0xD8, 0x80, 0x10, 0x68, 0x06, 0x21, 0x40, 0x5E
	.byte 0xFF, 0x28, 0x03, 0xDD, 0x13, 0x49, 0x51, 0x44, 0x00, 0x20, 0x08, 0x70, 0x85, 0x23, 0x9B, 0x00
	.byte 0xFA, 0x18, 0x11, 0x78, 0x07, 0x20, 0x08, 0x40, 0x00, 0x28, 0x1F, 0xD1, 0x0E, 0x48, 0x48, 0x44
	.byte 0x01, 0x78, 0x40, 0x20, 0x08, 0x40, 0x00, 0x28, 0x38, 0xD1, 0x54, 0x46, 0x60, 0x69, 0xA1, 0x69
	.byte 0x40, 0x18, 0x79, 0x69, 0x41, 0x1A, 0xB8, 0x69, 0x88, 0x42, 0x2F, 0xDC, 0xB9, 0x61, 0x97, 0x25
	.byte 0xAD, 0x00, 0x79, 0x19, 0x01, 0x20, 0x40, 0x42, 0x27, 0xE0, 0x00, 0x00, 0x5A, 0xF6, 0x39, 0x08
	.byte 0x6E, 0x02, 0x00, 0x00, 0x3B, 0x02, 0x00, 0x00, 0x09, 0x02, 0x00, 0x00, 0x00, 0x26, 0xA0, 0x5F
	.byte 0x0E, 0x28, 0x1B, 0xD1, 0x08, 0x20, 0x40, 0x42, 0x08, 0x40, 0x10, 0x70, 0x4C, 0x49, 0x38, 0x1C
	.byte 0x12, 0xF0, 0x8A, 0xFA, 0x4B, 0x48, 0x3A, 0x18, 0x11, 0x78, 0x41, 0x20, 0x40, 0x42, 0x08, 0x40
	.byte 0x10, 0x70, 0x01, 0x23, 0x5B, 0x42, 0x38, 0x1C, 0x00, 0x21, 0x1A, 0x1C, 0x09, 0xF0, 0x74, 0xFB
	.byte 0x93, 0x22, 0x92, 0x00, 0xB9, 0x18, 0x53, 0x46, 0x58, 0x69, 0x08, 0x60, 0x42, 0x4B, 0x4B, 0x44
	.byte 0x1A, 0x88, 0x10, 0x2A, 0x0D, 0xD8, 0x41, 0x48, 0x48, 0x44, 0x01, 0x78, 0x89, 0x07, 0xC9, 0x0F
	.byte 0x01, 0x20, 0x88, 0x40, 0x10, 0x18, 0x18, 0x80, 0x00, 0x04, 0x00, 0x0C, 0x10, 0x28, 0x00, 0xD8
	.byte 0x33, 0xE1, 0x97, 0x24, 0xA4, 0x00, 0x38, 0x19, 0x01, 0x68, 0x01, 0x20, 0x40, 0x42, 0x81, 0x42
	.byte 0x00, 0xD0, 0x2A, 0xE1, 0x85, 0x25, 0xAD, 0x00, 0x7A, 0x19, 0x11, 0x78, 0x07, 0x38, 0x08, 0x40
	.byte 0x03, 0x21, 0x08, 0x43, 0x10, 0x70, 0x81, 0x20, 0x80, 0x00, 0x48, 0x44, 0x03, 0x68, 0x80, 0x26
	.byte 0xB6, 0x00, 0x4E, 0x44, 0x32, 0x68, 0x80, 0x25, 0x6D, 0x00, 0x48, 0x46, 0x40, 0x19, 0x84, 0x46
	.byte 0x04, 0x88, 0x2B, 0x48, 0x11, 0x18, 0x0C, 0x80, 0x64, 0x46, 0x21, 0x88, 0x18, 0x18, 0x01, 0x80
	.byte 0x20, 0x88, 0x98, 0x21, 0x89, 0x00, 0x52, 0x18, 0x10, 0x80, 0x20, 0x88, 0x5B, 0x18, 0x18, 0x80
	.byte 0xA5, 0x20, 0x80, 0x00, 0x50, 0x44, 0x00, 0x68, 0xC5, 0x80, 0x22, 0x48, 0x50, 0x44, 0x00, 0x25
	.byte 0x05, 0x70, 0x30, 0x68, 0x54, 0x30, 0x00, 0x78, 0x00, 0x28, 0x2B, 0xD1, 0x1E, 0x48, 0x48, 0x44
	.byte 0x01, 0x78, 0x40, 0x20, 0x08, 0x40, 0x00, 0x28, 0x24, 0xD1, 0x1C, 0x4E, 0xBA, 0x19, 0x11, 0x78
	.byte 0x41, 0x20, 0x40, 0x42, 0x08, 0x40, 0x10, 0x70, 0x50, 0x46, 0xC3, 0x68, 0x00, 0x2B, 0x00, 0xDA
	.byte 0xFF, 0x33, 0x1B, 0x12, 0x51, 0x46, 0x08, 0x69, 0x00, 0x28, 0x00, 0xDA, 0xFF, 0x30, 0x00, 0x12
	.byte 0x00, 0x90, 0x52, 0x46, 0x51, 0x69, 0x90, 0x69, 0x08, 0x18, 0x00, 0x28, 0x00, 0xDA, 0xFF, 0x30
	.byte 0x00, 0x12, 0x01, 0x90, 0x64, 0x46, 0x20, 0x88, 0x02, 0x90, 0x38, 0x1C, 0x01, 0x21, 0x00, 0x22
	.byte 0x0E, 0xF0, 0x44, 0xFF, 0x60, 0x20, 0x55, 0x46, 0xA8, 0x80, 0xB8, 0x80, 0xC5, 0xE0, 0x00, 0x00
	.byte 0x02, 0x10, 0x00, 0x00, 0x12, 0x02, 0x00, 0x00, 0x6E, 0x02, 0x00, 0x00, 0x0A, 0x02, 0x00, 0x00
	.byte 0x3E, 0x02, 0x00, 0x00, 0x3B, 0x02, 0x00, 0x00, 0x09, 0x02, 0x00, 0x00, 0x0D, 0x02, 0x00, 0x00
	.byte 0x48, 0x46, 0x39, 0x1C, 0xF6, 0xF7, 0xE6, 0xFF, 0x00, 0x06, 0x00, 0x28, 0x08, 0xD1, 0xB8, 0x69
	.byte 0x00, 0x28, 0x0C, 0xD0, 0x01, 0x21, 0x79, 0x56, 0x01, 0x20, 0x40, 0x42, 0x81, 0x42, 0x06, 0xD1
	.byte 0x38, 0x1C, 0x10, 0xF0, 0x8D, 0xFF, 0x00, 0x06, 0x00, 0x28, 0x00, 0xD0, 0x8A, 0xE0, 0x38, 0x1C
	.byte 0x10, 0xF0, 0x86, 0xFF, 0x00, 0x06, 0x00, 0x0E, 0x01, 0x28, 0x06, 0xD1, 0xF8, 0x68, 0x3A, 0x49
	.byte 0x08, 0x40, 0xF8, 0x60, 0x38, 0x69, 0x08, 0x40, 0x38, 0x61, 0x38, 0x1C, 0x0F, 0xF0, 0x7C, 0xFE
	.byte 0xDA, 0x20, 0x80, 0x00, 0x39, 0x18, 0x09, 0x68, 0x50, 0x44, 0x00, 0x68, 0x00, 0x26, 0x06, 0x70
	.byte 0x0E, 0x70, 0x50, 0x46, 0x86, 0x80, 0xBE, 0x80, 0xD6, 0x21, 0x89, 0x00, 0x43, 0x18, 0x1A, 0x78
	.byte 0x09, 0x24, 0x64, 0x42, 0x20, 0x1C, 0x10, 0x40, 0x18, 0x70, 0x79, 0x18, 0x0A, 0x78, 0x20, 0x1C
	.byte 0x10, 0x40, 0x08, 0x70, 0x29, 0x4A, 0x51, 0x46, 0x8D, 0x18, 0x2B, 0x78, 0x41, 0x21, 0x49, 0x42
	.byte 0x08, 0x1C, 0x18, 0x40, 0x28, 0x70, 0xBA, 0x18, 0x10, 0x78, 0x01, 0x40, 0x11, 0x70, 0x24, 0x4B
	.byte 0xFA, 0x18, 0x11, 0x78, 0x21, 0x20, 0x40, 0x42, 0x08, 0x40, 0x40, 0x21, 0x08, 0x43, 0x10, 0x70
	.byte 0x20, 0x4D, 0x7A, 0x19, 0x11, 0x78, 0x03, 0x20, 0x40, 0x42, 0x08, 0x40, 0x10, 0x70, 0x1E, 0x4A
	.byte 0x52, 0x44, 0x11, 0x78, 0x20, 0x1C, 0x08, 0x40, 0x10, 0x70, 0x1C, 0x49, 0x49, 0x44, 0x08, 0x78
	.byte 0x04, 0x40, 0x0C, 0x70, 0x02, 0x3B, 0x4B, 0x44, 0x19, 0x78, 0x7F, 0x20, 0x08, 0x40, 0x18, 0x70
	.byte 0x82, 0x22, 0x92, 0x00, 0x4A, 0x44, 0x10, 0x78, 0x01, 0x21, 0x08, 0x43, 0x10, 0x70, 0x14, 0x4A
	.byte 0x4A, 0x44, 0x11, 0x78, 0x1D, 0x20, 0x40, 0x42, 0x08, 0x40, 0x10, 0x70, 0x19, 0x78, 0x11, 0x20
	.byte 0x40, 0x42, 0x08, 0x40, 0x18, 0x70, 0x49, 0x46, 0x28, 0x31, 0x38, 0x1C, 0x00, 0x22, 0x00, 0x23
	.byte 0x18, 0xF0, 0x0C, 0xFF, 0x48, 0x46, 0x00, 0x21, 0xF7, 0xF7, 0x16, 0xF9, 0xB8, 0x69, 0x00, 0x28
	.byte 0x23, 0xDA, 0xBE, 0x61, 0x21, 0xE0, 0x00, 0x00, 0x00, 0xFF, 0xFF, 0xFF, 0x51, 0x03, 0x00, 0x00
	.byte 0x0D, 0x02, 0x00, 0x00, 0x5A, 0x03, 0x00, 0x00, 0x5B, 0x03, 0x00, 0x00, 0x0A, 0x02, 0x00, 0x00
	.byte 0x46, 0x02, 0x00, 0x00, 0x4C, 0x46, 0x28, 0x34, 0x38, 0x1C, 0x21, 0x1C, 0x0F, 0xF0, 0x16, 0xFA
	.byte 0x38, 0x1C, 0x0F, 0xF0, 0x25, 0xFC, 0x38, 0x1C, 0x21, 0x1C, 0x00, 0x22, 0x00, 0x23, 0x18, 0xF0
	.byte 0xE5, 0xFE, 0x02, 0xE0, 0x48, 0x46, 0x03, 0xF0, 0xF1, 0xFB
_08036DA2:
	.byte 0x81, 0x20, 0x80, 0x00, 0x48, 0x44, 0x00, 0x68, 0x81, 0x88, 0x08, 0x1C, 0x59, 0x38, 0x00, 0x04
	.byte 0x00, 0x0C, 0x01, 0x28, 0x0F, 0xD8, 0x06, 0x49, 0x49, 0x44, 0x08, 0x88, 0x01, 0x38, 0x08, 0x80
	.byte 0x00, 0x04, 0x00, 0x28, 0x1A, 0xD1, 0x01, 0x21, 0x49, 0x42, 0x00, 0x20, 0xE2, 0xF7, 0xF1, 0xFB
	.byte 0x14, 0xE0, 0x72, 0x02, 0x00, 0x00, 0x08, 0x1C, 0x5C, 0x38, 0x00, 0x04, 0x00, 0x0C, 0x03, 0x28
	.byte 0x0C, 0xD8, 0x0A, 0x49, 0x49, 0x44, 0x08, 0x88, 0x01, 0x38, 0x08, 0x80, 0x00, 0x04, 0x00, 0x28
	.byte 0x04, 0xD1, 0x01, 0x21, 0x49, 0x42, 0xD6, 0x20, 0xE2, 0xF7, 0xDB, 0xFB
_08036DFE:
	.byte 0x04, 0xB0, 0x38, 0xBC, 0x98, 0x46, 0xA1, 0x46, 0xAA, 0x46, 0xF0, 0xBC, 0x01, 0xBC, 0x00, 0x47
	.byte 0x00, 0x00, 0x72, 0x02, 0x00, 0x00
	thumb_func_start sub_8036E14
sub_8036E14:
	push {r4, r5, r6, lr}
	mov r6, r10
	mov r5, r9
	mov r4, r8
	push {r4, r5, r6}
	adds r5, r0, #0x0
	movs r1, #0x01
	movs r2, #0x01
	bl sub_802C4D4
	movs r0, #0x80
	lsls r0, r0, #0x02
	adds r4, r5, r0
	ldr r0, [r4, #0x00]
	bl sub_804FC90
	ldr r1, [r4, #0x00]
	adds r0, r5, #0x0
	movs r2, #0x00
	movs r3, #0x00
	bl sub_802DDB4
	movs r1, #0x81
	lsls r1, r1, #0x02
	adds r6, r5, r1
	ldr r0, [r6, #0x00]
	movs r1, #0xDA
	lsls r1, r1, #0x02
	adds r0, r0, r1
	ldr r2, [r0, #0x00]
	movs r3, #0x80
	lsls r3, r3, #0x02
	adds r3, r3, r5
	mov r8, r3
	ldr r0, [r3, #0x00]
	adds r0, r0, r1
	ldr r1, [r0, #0x00]
	movs r0, #0x00
	mov r9, r0
	movs r0, #0x0C
	strb r0, [r1, #0x00]
	strb r0, [r2, #0x00]
	ldr r2, [r6, #0x00]
	ldr r1, [r3, #0x00]
	movs r0, #0x6C
	strh r0, [r1, #0x04]
	strh r0, [r2, #0x04]
	ldr r2, [r6, #0x00]
	ldr r1, [r3, #0x00]
	ldr r4, _08036F60 @ =0x00000351
	adds r1, r1, r4
	ldrb r0, [r1, #0x00]
	movs r3, #0x40
	orrs r0, r3
	strb r0, [r1, #0x00]
	adds r2, r2, r4
	ldrb r0, [r2, #0x00]
	orrs r0, r3
	strb r0, [r2, #0x00]
	ldr r2, [r6, #0x00]
	mov r3, r8
	ldr r1, [r3, #0x00]
	adds r4, #0x07
	adds r1, r1, r4
	ldrb r0, [r1, #0x00]
	movs r3, #0x08
	orrs r0, r3
	strb r0, [r1, #0x00]
	adds r2, r2, r4
	ldrb r0, [r2, #0x00]
	orrs r0, r3
	strb r0, [r2, #0x00]
	ldr r1, [r6, #0x00]
	ldr r0, _08036F64 @ =0x0000035A
	adds r1, r1, r0
	ldrb r0, [r1, #0x00]
	movs r2, #0x02
	orrs r0, r2
	strb r0, [r1, #0x00]
	ldr r0, [r6, #0x00]
	movs r1, #0x02
	bl sub_804955C
	ldr r1, _08036F68 @ =0x0000026E
	adds r0, r5, r1
	mov r2, r9
	strh r2, [r0, #0x00]
	movs r3, #0x82
	lsls r3, r3, #0x02
	adds r2, r5, r3
	ldrb r1, [r2, #0x00]
	movs r0, #0x02
	negs r0, r0
	ands r0, r1
	strb r0, [r2, #0x00]
	ldr r0, _08036F6C @ =0x0000020B
	adds r2, r5, r0
	ldrb r0, [r2, #0x00]
	movs r1, #0x80
	orrs r0, r1
	strb r0, [r2, #0x00]
	mov r2, r8
	ldr r1, [r2, #0x00]
	adds r3, #0x0C
	mov r10, r3
	add r1, r10
	ldrb r2, [r1, #0x00]
	movs r4, #0x08
	negs r4, r4
	adds r0, r4, #0x0
	ands r0, r2
	movs r2, #0x04
	mov r9, r2
	mov r3, r9
	orrs r0, r3
	strb r0, [r1, #0x00]
	mov r1, r8
	ldr r0, [r1, #0x00]
	ldr r1, _08036F70 @ =0x0000104D
	bl sub_8049000
	ldr r0, [r6, #0x00]
	add r0, r10
	ldrb r1, [r0, #0x00]
	ands r4, r1
	mov r2, r9
	orrs r4, r2
	strb r4, [r0, #0x00]
	ldr r0, [r6, #0x00]
	ldr r1, _08036F74 @ =0x00001026
	bl sub_8049000
	mov r3, r8
	ldr r1, [r3, #0x00]
	movs r2, #0xA5
	lsls r2, r2, #0x02
	adds r0, r1, r2
	ldr r0, [r0, #0x00]
	adds r0, #0x20
	movs r2, #0x08
	strb r2, [r0, #0x00]
	ldr r3, _08036F78 @ =0x00000239
	adds r1, r1, r3
	strb r2, [r1, #0x00]
	ldr r0, _08036F7C @ =0x00000246
	adds r5, r5, r0
	ldrb r1, [r5, #0x00]
	movs r0, #0x1D
	negs r0, r0
	ands r0, r1
	movs r1, #0x14
	orrs r0, r1
	strb r0, [r5, #0x00]
	ldr r0, _08036F80 @ =0x00000157
	movs r1, #0x01
	negs r1, r1
	bl play_sfx_80195B4
	pop {r3, r4, r5}
	mov r8, r3
	mov r9, r4
	mov r10, r5
	pop {r4, r5, r6}
	pop {r0}
	bx r0
	.byte 0x00, 0x00
_08036F60: .4byte 0x00000351
_08036F64: .4byte 0x0000035A
_08036F68: .4byte 0x0000026E
_08036F6C: .4byte 0x0000020B
_08036F70: .4byte 0x0000104D
_08036F74: .4byte 0x00001026
_08036F78: .4byte 0x00000239
_08036F7C: .4byte 0x00000246
_08036F80: .4byte 0x00000157
	thumb_func_start sub_8036F84
sub_8036F84:
	push {r4, r5, r6, r7, lr}
	mov r7, r10
	mov r6, r9
	mov r5, r8
	push {r5, r6, r7}
	add sp, #-0x00C
	adds r7, r0, #0x0
	movs r5, #0x00
	movs r1, #0xAE
	lsls r1, r1, #0x02
	adds r0, r7, r1
	ldrb r1, [r0, #0x00]
	movs r0, #0x10
	ands r0, r1
	cmp r0, #0x00
	beq _08036FCC
	movs r2, #0x80
	lsls r2, r2, #0x02
	adds r0, r7, r2
	ldr r1, [r0, #0x00]
	ldr r4, _08036FEC @ =0x0000020D
	adds r1, r1, r4
	ldrb r3, [r1, #0x00]
	movs r2, #0x09
	negs r2, r2
	adds r0, r2, #0x0
	ands r0, r3
	strb r0, [r1, #0x00]
	movs r3, #0x81
	lsls r3, r3, #0x02
	adds r0, r7, r3
	ldr r0, [r0, #0x00]
	adds r0, r0, r4
	ldrb r1, [r0, #0x00]
	ands r2, r1
	strb r2, [r0, #0x00]
_08036FCC:
	movs r4, #0x80
	lsls r4, r4, #0x02
	adds r0, r7, r4
	ldr r0, [r0, #0x00]
	ldrh r0, [r0, #0x04]
	subs r0, #0x6C
	lsls r0, r0, #0x10
	asrs r0, r0, #0x10
	cmp r0, #0x08
	bhi _0803704A
	lsls r0, r0, #0x02
	ldr r1, _08036FF0 @ =0x08036FF4
	adds r0, r0, r1
	ldr r0, [r0, #0x00]
	mov pc, r0
	.byte 0x00, 0x00
_08036FEC: .4byte 0x0000020D
_08036FF0: .4byte 0x08036FF4
	.byte 0x4A, 0x70, 0x03, 0x08, 0x4A, 0x70, 0x03, 0x08, 0x4A, 0x70, 0x03, 0x08, 0x18, 0x70, 0x03, 0x08
	.byte 0x18, 0x70, 0x03, 0x08, 0x18, 0x70, 0x03, 0x08, 0x4A, 0x70, 0x03, 0x08, 0x4A, 0x70, 0x03, 0x08
	.byte 0x2E, 0x70, 0x03, 0x08, 0x80, 0x26, 0xB6, 0x00, 0xB8, 0x19, 0x00, 0x68, 0x1A, 0x49, 0x40, 0x18
	.byte 0x01, 0x78, 0x40, 0x20, 0x08, 0x40, 0x00, 0x28, 0x0D, 0xD1, 0x80, 0x22, 0x92, 0x00, 0xBC, 0x18
	.byte 0x20, 0x68, 0x81, 0x78, 0x38, 0x1C, 0xF4, 0xF7, 0xB9, 0xFF, 0x20, 0x68, 0x39, 0x1C, 0x28, 0x31
	.byte 0x18, 0xF0, 0x10, 0xFF, 0x01, 0x25
_0803704A:
	movs r3, #0xAE
	lsls r3, r3, #0x02
	adds r0, r7, r3
	ldrb r1, [r0, #0x00]
	movs r0, #0x10
	ands r0, r1
	cmp r0, #0x00
	beq _08037094
	adds r0, r7, #0x0
	bl sub_802F6EC
	movs r4, #0x80
	lsls r4, r4, #0x02
	adds r0, r7, r4
	ldr r2, [r0, #0x00]
	ldr r5, _08037090 @ =0x00000353
	adds r0, r2, r5
	ldrb r1, [r0, #0x00]
	movs r0, #0x02
	ands r0, r1
	cmp r0, #0x00
	bne _08037084
	adds r1, r7, #0x0
	adds r1, #0x28
	adds r0, r2, #0x0
	movs r2, #0x00
	movs r3, #0x01
	bl sub_804FB64
_08037084:
	adds r0, r7, #0x0
	bl sub_802E2F4
	b _08037168
	.byte 0x51, 0x03, 0x00, 0x00
_08037090: .4byte 0x00000353
_08037094:
	movs r6, #0x80
	lsls r6, r6, #0x02
	adds r4, r7, r6
	ldr r1, [r4, #0x00]
	adds r0, r7, #0x0
	bl sub_80303C4
	ldr r0, [r4, #0x00]
	bl sub_80465D8
	ldr r0, [r4, #0x00]
	movs r2, #0xCE
	lsls r2, r2, #0x02
	adds r1, r0, r2
	ldr r1, [r1, #0x00]
	adds r1, #0x68
	movs r3, #0x00
	ldsh r2, [r1, r3]
	adds r0, r0, r2
	ldr r1, [r1, #0x04]
	bl _call_via_r1
	cmp r5, #0x00
	beq _08037150
	ldr r0, [r4, #0x00]
	bl sub_804D2CC
	ldr r0, [r4, #0x00]
	adds r1, r7, #0x0
	adds r1, #0x28
	movs r2, #0x00
	movs r3, #0x00
	bl sub_804FB64
	ldr r0, [r4, #0x00]
	bl sub_804FB3C
	adds r1, r0, #0x0
	cmp r1, #0x00
	blt _08037128
	adds r5, r7, #0x0
	adds r5, #0xFA
	ldrb r0, [r5, #0x00]
	lsls r0, r0, #0x1C
	lsrs r0, r0, #0x1C
	movs r4, #0x01
	lsls r4, r1
	ands r0, r4
	cmp r0, #0x00
	bne _08037128
	movs r6, #0xC1
	lsls r6, r6, #0x02
	adds r0, r7, r6
	ldr r0, [r0, #0x00]
	lsls r1, r1, #0x10
	lsrs r1, r1, #0x10
	bl sub_805C908
	ldrb r2, [r5, #0x00]
	lsls r1, r2, #0x1C
	lsrs r1, r1, #0x1C
	orrs r1, r4
	movs r0, #0x0F
	ands r1, r0
	movs r0, #0x10
	negs r0, r0
	ands r0, r2
	orrs r0, r1
	strb r0, [r5, #0x00]
	movs r0, #0x53
	movs r1, #0x01
	negs r1, r1
	bl play_sfx_80195B4
_08037128:
	adds r0, r7, #0x0
	bl sub_802E2F4
	movs r1, #0x80
	lsls r1, r1, #0x02
	adds r0, r7, r1
	ldr r2, [r0, #0x00]
	ldr r3, _0803714C @ =0x00000353
	adds r0, r2, r3
	ldrb r1, [r0, #0x00]
	movs r0, #0x08
	ands r0, r1
	cmp r0, #0x00
	beq _08037168
	adds r0, r2, #0x0
	bl sub_804FC30
	b _08037168
_0803714C: .4byte 0x00000353
_08037150:
	ldr r2, [r4, #0x00]
	movs r4, #0x04
	ldsh r0, [r2, r4]
	cmp r0, #0x75
	bne _08037168
	adds r1, r7, #0x0
	adds r1, #0x28
	adds r0, r2, #0x0
	movs r2, #0x00
	movs r3, #0x00
	bl sub_804FB64
_08037168:
	movs r5, #0x80
	lsls r5, r5, #0x02
	adds r3, r7, r5
	ldr r1, [r3, #0x00]
	ldrh r2, [r1, #0x04]
	adds r0, r2, #0x0
	subs r0, #0x6F
	lsls r0, r0, #0x10
	lsrs r0, r0, #0x10
	cmp r0, #0x02
	bls _08037182
	cmp r2, #0x75
	bne _080371D2
_08037182:
	movs r6, #0x97
	lsls r6, r6, #0x02
	adds r0, r1, r6
	ldr r0, [r0, #0x00]
	cmp r0, #0x00
	blt _080371D2
	movs r0, #0x85
	lsls r0, r0, #0x02
	adds r2, r1, r0
	ldrb r1, [r2, #0x00]
	movs r0, #0x08
	negs r0, r0
	ands r0, r1
	movs r1, #0x03
	orrs r0, r1
	strb r0, [r2, #0x00]
	ldr r1, [r3, #0x00]
	movs r0, #0x74
	strh r0, [r1, #0x04]
	ldr r0, [r3, #0x00]
	ldr r1, _08037228 @ =0x00001002
	bl sub_8049000
	movs r1, #0x81
	lsls r1, r1, #0x02
	adds r3, r7, r1
	ldr r1, [r3, #0x00]
	ldr r2, _0803722C @ =0x0000020D
	adds r1, r1, r2
	ldrb r0, [r1, #0x00]
	movs r2, #0x40
	orrs r0, r2
	strb r0, [r1, #0x00]
	ldr r0, [r3, #0x00]
	movs r3, #0xDB
	lsls r3, r3, #0x02
	adds r0, r0, r3
	ldr r0, [r0, #0x00]
	bl sub_8020D40
_080371D2:
	movs r4, #0x80
	lsls r4, r4, #0x02
	adds r3, r7, r4
	ldr r2, [r3, #0x00]
	movs r5, #0x04
	ldsh r0, [r2, r5]
	cmp r0, #0x74
	bne _08037208
	movs r6, #0x97
	lsls r6, r6, #0x02
	adds r0, r2, r6
	ldr r1, [r0, #0x00]
	movs r0, #0x01
	negs r0, r0
	cmp r1, r0
	bne _08037208
	movs r1, #0x91
	lsls r1, r1, #0x02
	adds r0, r2, r1
	movs r1, #0x00
	strh r1, [r0, #0x00]
	adds r4, #0x42
	adds r0, r2, r4
	strh r1, [r0, #0x00]
	ldr r1, [r3, #0x00]
	movs r0, #0x75
	strh r0, [r1, #0x04]
_08037208:
	movs r5, #0x81
	lsls r5, r5, #0x02
	adds r0, r7, r5
	ldr r0, [r0, #0x00]
	ldrh r0, [r0, #0x04]
	subs r0, #0x6C
	lsls r0, r0, #0x10
	asrs r0, r0, #0x10
	cmp r0, #0x08
	bhi _0803726E
	lsls r0, r0, #0x02
	ldr r1, _08037230 @ =0x08037234
	adds r0, r0, r1
	ldr r0, [r0, #0x00]
	mov pc, r0
	.byte 0x00, 0x00
_08037228: .4byte 0x00001002
_0803722C: .4byte 0x0000020D
_08037230: .4byte 0x08037234
	.byte 0x6E, 0x72, 0x03, 0x08, 0x6E, 0x72, 0x03, 0x08, 0x6E, 0x72, 0x03, 0x08, 0x58, 0x72, 0x03, 0x08
	.byte 0x58, 0x72, 0x03, 0x08, 0x58, 0x72, 0x03, 0x08, 0x6E, 0x72, 0x03, 0x08, 0x6E, 0x72, 0x03, 0x08
	.byte 0x58, 0x72, 0x03, 0x08, 0x38, 0x1C, 0xF4, 0xF7, 0xD5, 0xFF, 0x81, 0x26, 0xB6, 0x00, 0xB8, 0x19
	.byte 0x00, 0x68, 0x39, 0x1C, 0x28, 0x31, 0x18, 0xF0, 0xFD, 0xFD
_0803726E:
	movs r1, #0xAE
	lsls r1, r1, #0x02
	adds r0, r7, r1
	ldrb r1, [r0, #0x00]
	movs r0, #0x10
	ands r0, r1
	cmp r0, #0x00
	beq _080372A8
	movs r2, #0x81
	lsls r2, r2, #0x02
	adds r0, r7, r2
	ldr r2, [r0, #0x00]
	ldr r3, _080372A4 @ =0x00000353
	adds r0, r2, r3
	ldrb r1, [r0, #0x00]
	movs r0, #0x02
	ands r0, r1
	cmp r0, #0x00
	bne _0803730C
	adds r1, r7, #0x0
	adds r1, #0x28
	adds r0, r2, #0x0
	movs r2, #0x00
	movs r3, #0x01
	bl sub_804FB64
	b _0803730C
_080372A4: .4byte 0x00000353
_080372A8:
	movs r5, #0x81
	lsls r5, r5, #0x02
	adds r4, r7, r5
	ldr r1, [r4, #0x00]
	adds r0, r7, #0x0
	bl sub_80303C4
	ldr r0, [r4, #0x00]
	bl sub_80465D8
	ldr r0, [r4, #0x00]
	movs r6, #0xCE
	lsls r6, r6, #0x02
	adds r1, r0, r6
	ldr r1, [r1, #0x00]
	adds r1, #0x68
	movs r3, #0x00
	ldsh r2, [r1, r3]
	adds r0, r0, r2
	ldr r1, [r1, #0x04]
	bl _call_via_r1
	ldr r0, [r4, #0x00]
	adds r1, r7, #0x0
	adds r1, #0x28
	movs r2, #0x00
	movs r3, #0x00
	bl sub_804FB64
	adds r0, r7, #0x0
	bl sub_802A4E8
	subs r5, #0x04
	adds r0, r7, r5
	ldr r1, [r0, #0x00]
	movs r6, #0x04
	ldsh r0, [r1, r6]
	cmp r0, #0x73
	bgt _0803730C
	movs r2, #0x97
	lsls r2, r2, #0x02
	adds r0, r1, r2
	ldr r1, [r0, #0x00]
	movs r0, #0x01
	negs r0, r0
	cmp r1, r0
	bne _0803730C
	ldr r0, [r4, #0x00]
	adds r0, r0, r2
	str r1, [r0, #0x00]
_0803730C:
	movs r3, #0x00
	mov r10, r3
	movs r4, #0x81
	lsls r4, r4, #0x02
	adds r0, r7, r4
	ldr r0, [r0, #0x00]
	ldrh r0, [r0, #0x04]
	subs r0, #0x6C
	lsls r0, r0, #0x10
	asrs r0, r0, #0x10
	cmp r0, #0x0A
	bls _08037328
	bl _08037D56
_08037328:
	lsls r0, r0, #0x02
	ldr r1, _08037334 @ =0x08037338
	adds r0, r0, r1
	ldr r0, [r0, #0x00]
	mov pc, r0
	.byte 0x00, 0x00
_08037334: .4byte 0x08037338
	.byte 0x64, 0x73, 0x03, 0x08, 0x0A, 0x75, 0x03, 0x08, 0x76, 0x75, 0x03, 0x08, 0x88, 0x76, 0x03, 0x08
	.byte 0xAE, 0x77, 0x03, 0x08, 0x88, 0x76, 0x03, 0x08, 0x9C, 0x7B, 0x03, 0x08, 0x58, 0x7C, 0x03, 0x08
	.byte 0xAC, 0x7C, 0x03, 0x08, 0x56, 0x7D, 0x03, 0x08, 0xCA, 0x7C, 0x03, 0x08, 0x3D, 0x4D, 0x79, 0x19
	.byte 0x0A, 0x88, 0x00, 0x26, 0x88, 0x5F, 0x3B, 0x28, 0x68, 0xDC, 0x50, 0x1C, 0x08, 0x80, 0x3A, 0x4E
	.byte 0x00, 0x20, 0x80, 0x46, 0x0D, 0x1C, 0x31, 0x88, 0x00, 0x22, 0xA8, 0x5E, 0x81, 0x42, 0x28, 0xD1
	.byte 0x81, 0x23, 0x9B, 0x00, 0xF8, 0x18, 0x00, 0x68, 0xDB, 0x24, 0xA4, 0x00, 0x00, 0x19, 0x00, 0x68
	.byte 0x71, 0x88, 0x00, 0x22, 0x00, 0x92, 0x00, 0x23, 0xE6, 0xF7, 0xD6, 0xFE, 0x80, 0x21, 0x89, 0x00
	.byte 0x78, 0x18, 0x01, 0x68, 0xA5, 0x22, 0x92, 0x00, 0x88, 0x18, 0x00, 0x68, 0xB2, 0x88, 0x20, 0x30
	.byte 0x02, 0x70, 0x2A, 0x4B, 0xC9, 0x18, 0x0A, 0x70, 0x00, 0x24, 0x28, 0x5F, 0x3B, 0x28, 0x08, 0xD1
	.byte 0x27, 0x48, 0xE2, 0xF7, 0xED, 0xF8, 0xAC, 0x20, 0x40, 0x00, 0x01, 0x21, 0x49, 0x42, 0xE2, 0xF7
	.byte 0xED, 0xF8, 0xB4, 0x1D, 0xF1, 0x88, 0x00, 0x22, 0xA8, 0x5E, 0x81, 0x42, 0x28, 0xD1, 0x81, 0x23
	.byte 0x9B, 0x00, 0xF8, 0x18, 0x00, 0x68, 0xDB, 0x21, 0x89, 0x00, 0x40, 0x18, 0x00, 0x68, 0x61, 0x88
	.byte 0x00, 0x22, 0x00, 0x92, 0x00, 0x23, 0xE6, 0xF7, 0xA7, 0xFE, 0x80, 0x22, 0x92, 0x00, 0xB8, 0x18
	.byte 0x01, 0x68, 0xA5, 0x23, 0x9B, 0x00, 0xC8, 0x18, 0x00, 0x68, 0xA2, 0x88, 0x20, 0x30, 0x02, 0x70
	.byte 0x12, 0x4C, 0x09, 0x19, 0x0A, 0x70, 0x00, 0x21, 0x68, 0x5E, 0x3B, 0x28, 0x08, 0xD1, 0x10, 0x48
	.byte 0xE2, 0xF7, 0xBE, 0xF8, 0xAC, 0x20, 0x40, 0x00, 0x01, 0x21, 0x49, 0x42, 0xE2, 0xF7, 0xBE, 0xF8
	.byte 0x02, 0x22, 0x90, 0x44, 0x0C, 0x36, 0x43, 0x46, 0x03, 0x2B, 0x9C, 0xD9, 0x09, 0x4C, 0x38, 0x19
	.byte 0x01, 0x78, 0x02, 0x20, 0x08, 0x40, 0x00, 0x28, 0x0E, 0xD0, 0x03, 0x25, 0xAA, 0x46, 0x00, 0xF0
	.byte 0x7E, 0xFC, 0x00, 0x00, 0x6E, 0x02, 0x00, 0x00, 0x0C, 0xFB, 0x39, 0x08, 0x39, 0x02, 0x00, 0x00
	.byte 0x57, 0x01, 0x00, 0x00, 0x0A, 0x02, 0x00, 0x00, 0x38, 0x1C, 0xD0, 0x30, 0x01, 0x68, 0x81, 0x26
	.byte 0xB6, 0x00, 0xBC, 0x19, 0x20, 0x68, 0xDA, 0x22, 0x92, 0x00, 0x80, 0x18, 0x00, 0x68, 0x09, 0x88
	.byte 0x80, 0x88, 0x08, 0x40, 0x00, 0x28, 0x01, 0xD0, 0x00, 0xF0, 0x61, 0xFC, 0x05, 0x4B, 0xF8, 0x18
	.byte 0x00, 0x25, 0x40, 0x5F, 0x3B, 0x28, 0x09, 0xDC, 0x03, 0x48, 0xE2, 0xF7, 0x81, 0xF8, 0x00, 0xF0
	.byte 0x41, 0xFC, 0x00, 0x00, 0x6E, 0x02, 0x00, 0x00, 0x57, 0x01, 0x00, 0x00, 0xAC, 0x20, 0x40, 0x00
	.byte 0xE2, 0xF7, 0x76, 0xF8, 0x22, 0x68, 0x80, 0x21, 0x89, 0x00, 0x78, 0x18, 0x01, 0x68, 0x6D, 0x20
	.byte 0x88, 0x80, 0x90, 0x80, 0x20, 0x68, 0xCE, 0x22, 0x92, 0x00, 0x81, 0x18, 0x0A, 0x68, 0x38, 0x23
	.byte 0xD1, 0x5E, 0x40, 0x18, 0xD2, 0x6B, 0x01, 0x21, 0xA3, 0xF1, 0xC6, 0xFA, 0x20, 0x68, 0xA5, 0x24
	.byte 0xA4, 0x00, 0x00, 0x19, 0x02, 0x68, 0x91, 0x7C, 0x07, 0x20, 0x40, 0x42, 0x08, 0x40, 0x02, 0x21
	.byte 0x08, 0x43, 0x90, 0x74, 0x01, 0x21, 0x49, 0x42, 0x9C, 0x20, 0xE2, 0xF7, 0x57, 0xF8, 0x00, 0xF0
	.byte 0x26, 0xFC, 0x81, 0x26, 0xB6, 0x00, 0xBD, 0x19, 0x2A, 0x68, 0xA5, 0x21, 0x89, 0x00, 0x50, 0x18
	.byte 0x00, 0x68, 0x81, 0x7C, 0x08, 0x20, 0x08, 0x40, 0x00, 0x28, 0x01, 0xD1, 0x00, 0xF0, 0x17, 0xFC
	.byte 0x85, 0x23, 0x9B, 0x00, 0xD2, 0x18, 0x11, 0x78, 0x08, 0x20, 0x40, 0x42, 0x08, 0x40, 0x10, 0x70
	.byte 0x2A, 0x68, 0x80, 0x24, 0xA4, 0x00, 0x38, 0x19, 0x01, 0x68, 0x00, 0x23, 0x6E, 0x20, 0x88, 0x80
	.byte 0x90, 0x80, 0x28, 0x68, 0xDB, 0x24, 0xA4, 0x00, 0x00, 0x19, 0x00, 0x68, 0x00, 0x93, 0x05, 0x21
	.byte 0x00, 0x22, 0xE6, 0xF7, 0xF9, 0xFD, 0x28, 0x68, 0x00, 0x19, 0x02, 0x68, 0x91, 0x7C, 0x07, 0x20
	.byte 0x40, 0x42, 0x08, 0x40, 0x02, 0x21, 0x08, 0x43, 0x90, 0x74, 0x00, 0xF0, 0xF0, 0xFB, 0x81, 0x25
	.byte 0xAD, 0x00, 0xED, 0x19, 0xA9, 0x46, 0x2C, 0x68, 0xDB, 0x26, 0xB6, 0x00, 0xA0, 0x19, 0x01, 0x68
	.byte 0x08, 0x1C, 0x21, 0x30, 0x00, 0x78, 0x05, 0x28, 0x00, 0xD0, 0xE0, 0xE3, 0x89, 0x7C, 0x08, 0x20
	.byte 0x08, 0x40, 0x00, 0x28, 0x00, 0xD1, 0xDA, 0xE3, 0x80, 0x20, 0x80, 0x00, 0x3E, 0x18, 0x32, 0x68
	.byte 0x3E, 0x30, 0x13, 0x18, 0x00, 0x21, 0x88, 0x46, 0x80, 0x21, 0x49, 0x00, 0x19, 0x80, 0x20, 0x18
	.byte 0x01, 0x80, 0x98, 0x20, 0x80, 0x00, 0x12, 0x18, 0x11, 0x80, 0x20, 0x18, 0x01, 0x80, 0x2B, 0x68
	.byte 0x32, 0x68, 0x2A, 0x4D, 0x52, 0x19, 0x14, 0x78, 0x41, 0x21, 0x49, 0x42, 0x08, 0x1C, 0x20, 0x40
	.byte 0x10, 0x70, 0x5B, 0x19, 0x18, 0x78, 0x01, 0x40, 0x19, 0x70, 0x25, 0x4A, 0xB9, 0x18, 0x04, 0x20
	.byte 0x08, 0x80, 0x32, 0x68, 0x4B, 0x46, 0x19, 0x68, 0x6F, 0x20, 0x88, 0x80, 0x90, 0x80, 0x38, 0x1C
	.byte 0x00, 0x21, 0xF6, 0xF7, 0xC1, 0xFC, 0x4C, 0x46, 0x22, 0x68, 0x85, 0x25, 0xAD, 0x00, 0x52, 0x19
	.byte 0x11, 0x78, 0x08, 0x20, 0x40, 0x42, 0x08, 0x40, 0x04, 0x21, 0x08, 0x43, 0x10, 0x70, 0x20, 0x68
	.byte 0xDB, 0x21, 0x89, 0x00, 0x40, 0x18, 0x00, 0x68, 0x42, 0x46, 0x00, 0x92, 0x07, 0x21, 0x00, 0x22
	.byte 0x00, 0x23, 0xE6, 0xF7, 0x91, 0xFD, 0x30, 0x68, 0x12, 0x49, 0x11, 0xF0, 0xE5, 0xFC, 0x20, 0x68
	.byte 0x11, 0x49, 0x11, 0xF0, 0xE1, 0xFC, 0x11, 0x4B, 0xFA, 0x18, 0x11, 0x78, 0x09, 0x20, 0x40, 0x42
	.byte 0x08, 0x40, 0x10, 0x70, 0x32, 0x68, 0xA5, 0x24, 0xA4, 0x00, 0x10, 0x19, 0x01, 0x68, 0x38, 0x1C
	.byte 0xFB, 0x30, 0x00, 0x78, 0xC0, 0x08, 0x20, 0x31, 0x08, 0x70, 0x25, 0x35, 0x52, 0x19, 0x10, 0x70
	.byte 0x01, 0x21, 0x49, 0x42, 0xDB, 0x20, 0xE1, 0xF7, 0xA1, 0xFF, 0x70, 0xE3, 0x51, 0x03, 0x00, 0x00
	.byte 0x6E, 0x02, 0x00, 0x00, 0x4E, 0x10, 0x00, 0x00, 0x33, 0x10, 0x00, 0x00, 0x0A, 0x02, 0x00, 0x00
	.byte 0x80, 0x26, 0xB6, 0x00, 0xBA, 0x19, 0x14, 0x68, 0x04, 0x21, 0x60, 0x5E, 0x73, 0x28, 0x00, 0xDD
	.byte 0x89, 0xE0, 0x0C, 0x4B, 0xF8, 0x18, 0x01, 0x78, 0x02, 0x20, 0x08, 0x40, 0x00, 0x28, 0x15, 0xD0
	.byte 0x81, 0x25, 0xAD, 0x00, 0x78, 0x19, 0x03, 0x68, 0x07, 0x48, 0x22, 0x18, 0x00, 0x21, 0x11, 0x80
	.byte 0x18, 0x18, 0x01, 0x80, 0x98, 0x22, 0x92, 0x00, 0xA0, 0x18, 0x01, 0x80, 0x9B, 0x18, 0x19, 0x80
	.byte 0x54, 0xE0, 0x00, 0x00, 0x0A, 0x02, 0x00, 0x00, 0x3E, 0x02, 0x00, 0x00, 0x0E, 0x48, 0x39, 0x18
	.byte 0x08, 0x88, 0x01, 0x38, 0x08, 0x80, 0x00, 0x04, 0x00, 0x28, 0x64, 0xD1, 0x14, 0x68, 0x39, 0x1C
	.byte 0xFB, 0x31, 0x08, 0x78, 0x40, 0x07, 0xC3, 0x0F, 0x08, 0x4A, 0xA0, 0x18, 0x00, 0x25, 0x42, 0x5F
	.byte 0x81, 0x26, 0xB6, 0x00, 0xB8, 0x19, 0x00, 0x68, 0x04, 0x25, 0x40, 0x5F, 0x8C, 0x46, 0x6F, 0x28
	.byte 0x06, 0xD1, 0x80, 0x20, 0x40, 0x00, 0x04, 0xE0, 0x6E, 0x02, 0x00, 0x00, 0x3E, 0x02, 0x00, 0x00
	.byte 0x18, 0x48, 0x18, 0x41, 0x11, 0x18, 0x18, 0x4D, 0x60, 0x19, 0x00, 0x26, 0xB1, 0x46, 0x01, 0x80
	.byte 0x81, 0x20, 0x80, 0x00, 0xC0, 0x19, 0x80, 0x46, 0x04, 0x68, 0x80, 0x21, 0x89, 0x00, 0x7E, 0x18
	.byte 0x31, 0x68, 0x4A, 0x19, 0x13, 0x88, 0x60, 0x19, 0x03, 0x80, 0x10, 0x88, 0x98, 0x23, 0x9B, 0x00
	.byte 0xC9, 0x18, 0x08, 0x80, 0x10, 0x88, 0xE4, 0x18, 0x20, 0x80, 0x36, 0x68, 0x71, 0x19, 0x00, 0x22
	.byte 0x88, 0x5E, 0x00, 0x28, 0x12, 0xDC, 0x43, 0x46, 0x18, 0x68, 0x4C, 0x46, 0x0C, 0x80, 0x41, 0x19
	.byte 0x0C, 0x80, 0x22, 0x35, 0x71, 0x19, 0x0C, 0x80, 0x40, 0x19, 0x04, 0x80, 0x03, 0x26, 0xB2, 0x46
	.byte 0x19, 0xE0, 0x00, 0x00, 0x00, 0xFF, 0xFF, 0xFF, 0x3E, 0x02, 0x00, 0x00, 0x00, 0x20, 0x0A, 0x5E
	.byte 0x63, 0x46, 0x19, 0x78, 0x49, 0x07, 0xC9, 0x0F, 0x80, 0x20, 0xC0, 0x00, 0x08, 0x41, 0x82, 0x42
	.byte 0x05, 0xD1, 0x44, 0x46, 0x21, 0x68, 0x70, 0x20, 0x88, 0x80, 0xB0, 0x80, 0x03, 0xE0, 0x10, 0x4D
	.byte 0x79, 0x19, 0x04, 0x20, 0x08, 0x80, 0x81, 0x26, 0xB6, 0x00, 0xBB, 0x19, 0x19, 0x68, 0x97, 0x22
	.byte 0x92, 0x00, 0x88, 0x18, 0x00, 0x68, 0x00, 0x28, 0x16, 0xDB, 0x85, 0x24, 0xA4, 0x00, 0x0A, 0x19
	.byte 0x11, 0x78, 0x08, 0x20, 0x40, 0x42, 0x08, 0x40, 0x03, 0x21, 0x08, 0x43, 0x10, 0x70, 0x19, 0x68
	.byte 0x74, 0x20, 0x88, 0x80, 0x18, 0x68, 0x03, 0x49, 0x11, 0xF0, 0x0E, 0xFC, 0xB7, 0xE2, 0x00, 0x00
	.byte 0x6E, 0x02, 0x00, 0x00, 0x01, 0x10, 0x00, 0x00, 0x47, 0x4D, 0x78, 0x19, 0x01, 0x78, 0x02, 0x20
	.byte 0x08, 0x40, 0x00, 0x28, 0x00, 0xD0, 0x95, 0xE2, 0x95, 0x21, 0x49, 0x00, 0x78, 0x18, 0x00, 0x78
	.byte 0x02, 0x28, 0x00, 0xD9, 0xA3, 0xE2, 0x38, 0x1C, 0x04, 0x21, 0xEE, 0xF7, 0x87, 0xFA, 0x00, 0x06
	.byte 0x00, 0x28, 0x14, 0xD1, 0x38, 0x1C, 0x01, 0x21, 0xEE, 0xF7, 0x80, 0xFA, 0x00, 0x06, 0x00, 0x28
	.byte 0x0D, 0xD1, 0x38, 0x1C, 0x02, 0x21, 0xEE, 0xF7, 0x79, 0xFA, 0x00, 0x06, 0x00, 0x28, 0x06, 0xD1
	.byte 0x38, 0x1C, 0x03, 0x21, 0xEE, 0xF7, 0x72, 0xFA, 0x00, 0x06, 0x00, 0x28, 0x02, 0xD0, 0x38, 0x1C
	.byte 0xF2, 0xF7, 0x16, 0xF8, 0x80, 0x22, 0x92, 0x00, 0xB8, 0x18, 0x03, 0x68, 0x5A, 0x69, 0x9C, 0x69
	.byte 0x12, 0x19, 0xD8, 0x6B, 0x19, 0x6C, 0x40, 0x18, 0x82, 0x42, 0x00, 0xD0, 0x43, 0xE1, 0x00, 0x2C
	.byte 0x06, 0xD0, 0x01, 0x21, 0x59, 0x56, 0x01, 0x20, 0x40, 0x42, 0x81, 0x42, 0x00, 0xD1, 0x3A, 0xE1
	.byte 0x81, 0x24, 0xA4, 0x00, 0x38, 0x19, 0x01, 0x68, 0x88, 0x69, 0x00, 0x28, 0x07, 0xD0, 0x49, 0x78
	.byte 0x09, 0x06, 0x09, 0x16, 0x01, 0x20, 0x40, 0x42, 0x81, 0x42, 0x00, 0xD1, 0x2B, 0xE1, 0x99, 0x8C
	.byte 0x1E, 0x48, 0x08, 0x40, 0x00, 0x28, 0x00, 0xD1, 0x25, 0xE1, 0x1D, 0x4D, 0x58, 0x19, 0x00, 0x26
	.byte 0x80, 0x5F, 0x00, 0x28, 0x06, 0xD0, 0x91, 0x21, 0x89, 0x00, 0x58, 0x18, 0x00, 0x22, 0x80, 0x5E
	.byte 0x00, 0x28, 0x09, 0xD1, 0xD9, 0x68, 0x58, 0x6B, 0x81, 0x42, 0x00, 0xD0, 0x13, 0xE1, 0x19, 0x69
	.byte 0x98, 0x6B, 0x81, 0x42, 0x00, 0xD0, 0x0E, 0xE1, 0xDB, 0x20, 0xE1, 0xF7, 0x69, 0xFE, 0x80, 0x23
	.byte 0x9B, 0x00, 0xF8, 0x18, 0x02, 0x68, 0x04, 0x24, 0x10, 0x5F, 0x70, 0x28, 0x00, 0xD0, 0xFD, 0xE0
	.byte 0x00, 0x25, 0x0B, 0x4E, 0x93, 0x19, 0x00, 0x20, 0x1C, 0x5E, 0x00, 0x2C, 0x17, 0xD1, 0x10, 0x69
	.byte 0x91, 0x6B, 0x43, 0x1A, 0x91, 0x24, 0xA4, 0x00, 0x11, 0x19, 0x00, 0x26, 0x88, 0x5F, 0x00, 0x28
	.byte 0x08, 0xDA, 0x83, 0x42, 0x21, 0xDD, 0x1F, 0xE0, 0x0A, 0x02, 0x00, 0x00, 0x78, 0x78, 0x00, 0x00
	.byte 0x42, 0x02, 0x00, 0x00, 0x00, 0x24, 0x08, 0x5F, 0x83, 0x42, 0x16, 0xDA, 0x14, 0xE0, 0x91, 0x26
	.byte 0xB6, 0x00, 0x90, 0x19, 0x00, 0x21, 0x40, 0x5E, 0x00, 0x28, 0x0E, 0xD1, 0xD1, 0x68, 0x50, 0x6B
	.byte 0x09, 0x1A, 0x00, 0x2C, 0x04, 0xDA, 0x00, 0x22, 0x98, 0x5E, 0x81, 0x42, 0x05, 0xDD, 0x03, 0xE0
	.byte 0x00, 0x24, 0x18, 0x5F, 0x81, 0x42, 0x00, 0xDA, 0x01, 0x25, 0x80, 0x26, 0xB6, 0x00, 0xB8, 0x19
	.byte 0x02, 0x68, 0x10, 0x1C, 0x24, 0x30, 0x01, 0x78, 0x78, 0x20, 0x08, 0x40, 0x00, 0x28, 0x3F, 0xD0
	.byte 0x00, 0x2D, 0x23, 0xD0, 0xD1, 0x68, 0x50, 0x6B, 0x81, 0x42, 0x60, 0xD1, 0x11, 0x69, 0x90, 0x6B
	.byte 0x81, 0x42, 0x5C, 0xD1, 0xCF, 0x21, 0x89, 0x00, 0x50, 0x18, 0x01, 0x78, 0x49, 0x06, 0xC9, 0x15
	.byte 0x38, 0x1C, 0x28, 0x30, 0x40, 0x18, 0x00, 0x68, 0x07, 0x4B, 0xC0, 0x18, 0x01, 0x78, 0x38, 0x20
	.byte 0x08, 0x40, 0x28, 0x28, 0x1F, 0xD1, 0x81, 0x24, 0xA4, 0x00, 0x38, 0x19, 0x01, 0x68, 0x72, 0x20
	.byte 0x90, 0x80, 0x88, 0x80, 0x43, 0xE0, 0x00, 0x00, 0x0E, 0x02, 0x00, 0x00, 0xD1, 0x68, 0x50, 0x6B
	.byte 0x81, 0x42, 0x05, 0xD1, 0x09, 0x4E, 0x90, 0x19, 0x00, 0x21, 0x40, 0x5E, 0x00, 0x28, 0x0A, 0xD1
	.byte 0x11, 0x69, 0x90, 0x6B, 0x81, 0x42, 0x32, 0xD1, 0x91, 0x23, 0x9B, 0x00, 0xD0, 0x18, 0x00, 0x24
	.byte 0x00, 0x5F, 0x00, 0x28, 0x2B, 0xD0, 0x03, 0x25, 0xAA, 0x46, 0x28, 0xE0, 0x42, 0x02, 0x00, 0x00
	.byte 0x89, 0x26, 0xB6, 0x00, 0x90, 0x19, 0x02, 0x68, 0x11, 0x78, 0x80, 0x20, 0x08, 0x40, 0x00, 0x28
	.byte 0x0D, 0xD0, 0x10, 0x68, 0x02, 0x05, 0x12, 0x0F, 0x01, 0x04, 0x09, 0x0F, 0x52, 0x18, 0x00, 0x02
	.byte 0x00, 0x0F, 0x12, 0x18, 0x01, 0x2A, 0x02, 0xD8, 0x03, 0x20, 0x82, 0x46, 0x0F, 0xE0, 0x00, 0x2D
	.byte 0x0B, 0xD0, 0x81, 0x21, 0x89, 0x00, 0x78, 0x18, 0x02, 0x68, 0x80, 0x23, 0x9B, 0x00, 0xF8, 0x18
	.byte 0x01, 0x68, 0x72, 0x20, 0x88, 0x80, 0x90, 0x80, 0x01, 0xE0, 0x03, 0x24, 0xA2, 0x46, 0x81, 0x25
	.byte 0xAD, 0x00, 0x7E, 0x19, 0x30, 0x68, 0x04, 0x21, 0x40, 0x5E, 0x72, 0x28, 0x00, 0xD0, 0x8F, 0xE0
	.byte 0x80, 0x22, 0x92, 0x00, 0xBC, 0x18, 0x20, 0x68, 0x20, 0x49, 0x11, 0xF0, 0xD5, 0xFA, 0x30, 0x68
	.byte 0xDB, 0x23, 0x9B, 0x00, 0xC0, 0x18, 0x00, 0x68, 0xE9, 0xF7, 0x6E, 0xF9, 0x33, 0x68, 0x20, 0x68
	.byte 0x24, 0x30, 0x01, 0x78, 0x49, 0x07, 0x24, 0x33, 0x49, 0x0F, 0x1A, 0x78, 0x08, 0x20, 0x40, 0x42
	.byte 0x10, 0x40, 0x08, 0x43, 0x18, 0x70, 0x35, 0x68, 0xA8, 0x46, 0x22, 0x68, 0x14, 0x4D, 0x10, 0x1C
	.byte 0x24, 0x30, 0x00, 0x78, 0x40, 0x07, 0xC0, 0x0E, 0x40, 0x19, 0x00, 0x23, 0xC1, 0x5E, 0x89, 0x00
	.byte 0xD0, 0x68, 0x40, 0x1A, 0x41, 0x46, 0xC8, 0x60, 0x33, 0x68, 0x22, 0x68, 0x10, 0x1C, 0x24, 0x30
	.byte 0x00, 0x78, 0x40, 0x07, 0x00, 0x0F, 0x01, 0x30, 0x40, 0x00, 0x40, 0x19, 0x00, 0x24, 0x01, 0x5F
	.byte 0x89, 0x00, 0x10, 0x69, 0x40, 0x1A, 0x18, 0x61, 0x06, 0x4D, 0x79, 0x19, 0x0F, 0x20, 0x08, 0x80
	.byte 0x05, 0x4E, 0xB9, 0x19, 0x08, 0x20, 0x08, 0x80, 0x4A, 0xE0, 0x00, 0x00, 0x49, 0x10, 0x00, 0x00
	.byte 0x84, 0xF5, 0x39, 0x08, 0x6E, 0x02, 0x00, 0x00, 0x72, 0x02, 0x00, 0x00, 0x6F, 0x28, 0x3F, 0xD1
	.byte 0x03, 0x20, 0x82, 0x46, 0x3C, 0xE0, 0x81, 0x21, 0x89, 0x00, 0x78, 0x18, 0x00, 0x68, 0x04, 0x22
	.byte 0x80, 0x5E, 0x70, 0x28, 0x34, 0xD1, 0x38, 0x1C, 0xD0, 0x30, 0x01, 0x68, 0x09, 0x88, 0xF0, 0x22
	.byte 0x0A, 0x40, 0x03, 0x1C, 0x00, 0x2A, 0x1B, 0xD0, 0x80, 0x24, 0xA4, 0x00, 0x38, 0x19, 0x00, 0x68
	.byte 0x24, 0x30, 0x00, 0x78, 0x40, 0x07, 0x40, 0x0F, 0x41, 0x00, 0x09, 0x18, 0x49, 0x00, 0x1C, 0x48
	.byte 0x09, 0x18, 0x03, 0x20, 0x0D, 0x88, 0xAA, 0x42, 0x06, 0xD0, 0x01, 0x38, 0x02, 0x31, 0x00, 0x28
	.byte 0x04, 0xD0, 0x0E, 0x88, 0xB2, 0x42, 0xF8, 0xD1, 0x00, 0x28, 0x01, 0xD1, 0x01, 0x20, 0x82, 0x46
	.byte 0x19, 0x68, 0x80, 0x22, 0x92, 0x00, 0xB8, 0x18, 0x00, 0x68, 0xDA, 0x23, 0x9B, 0x00, 0xC0, 0x18
	.byte 0x00, 0x68, 0x09, 0x88, 0x80, 0x88, 0x08, 0x40, 0x00, 0x28, 0x01, 0xD0, 0x01, 0x24, 0xA2, 0x46
	.byte 0x81, 0x25, 0xAD, 0x00, 0x78, 0x19, 0x00, 0x68, 0x04, 0x26, 0x80, 0x5F, 0x70, 0x28, 0x00, 0xDD
	.byte 0xED, 0xE0, 0x80, 0x21, 0x89, 0x00, 0x78, 0x18, 0x00, 0x68, 0x26, 0x30, 0x01, 0x78, 0x0C, 0x20
	.byte 0x08, 0x40, 0x00, 0x28, 0x00, 0xD1, 0xE2, 0xE0, 0x01, 0x22, 0x92, 0x46, 0xDF, 0xE0, 0x00, 0x00
	.byte 0x24, 0xFB, 0x39, 0x08, 0x2B, 0x4B, 0xF9, 0x18, 0x08, 0x88, 0x01, 0x38, 0x08, 0x80, 0x00, 0x04
	.byte 0x00, 0x28, 0x04, 0xD1, 0x01, 0x21, 0x49, 0x42, 0x43, 0x20, 0xE1, 0xF7, 0xFF, 0xFC, 0x26, 0x4C
	.byte 0xE4, 0x19, 0xA0, 0x46, 0x20, 0x88, 0x01, 0x38, 0x20, 0x80, 0x00, 0x04, 0x00, 0x28, 0x00, 0xD0
	.byte 0xC5, 0xE0, 0x81, 0x25, 0xAD, 0x00, 0x7C, 0x19, 0x26, 0x68, 0xB1, 0x46, 0x80, 0x20, 0x80, 0x00
	.byte 0x3B, 0x18, 0x1A, 0x68, 0x1D, 0x4D, 0x10, 0x1C, 0x24, 0x30, 0x00, 0x78, 0x40, 0x07, 0xC0, 0x0E
	.byte 0x40, 0x19, 0x00, 0x26, 0x81, 0x5F, 0x09, 0x01, 0xD0, 0x68, 0x40, 0x1A, 0x49, 0x46, 0xC8, 0x60
	.byte 0x26, 0x68, 0x1A, 0x68, 0x10, 0x1C, 0x24, 0x30, 0x00, 0x78, 0x40, 0x07, 0x00, 0x0F, 0x01, 0x30
	.byte 0x40, 0x00, 0x40, 0x19, 0x00, 0x25, 0x41, 0x5F, 0x09, 0x01, 0x10, 0x69, 0x40, 0x1A, 0x30, 0x61
	.byte 0x22, 0x68, 0x19, 0x68, 0x73, 0x20, 0x88, 0x80, 0x90, 0x80, 0x14, 0x20, 0x46, 0x46, 0x30, 0x80
	.byte 0x18, 0x68, 0xCE, 0x22, 0x92, 0x00, 0x81, 0x18, 0x0A, 0x68, 0x38, 0x23, 0xD1, 0x5E, 0x40, 0x18
	.byte 0xD2, 0x6B, 0x01, 0x21, 0xA2, 0xF1, 0x18, 0xFF, 0x00, 0x20, 0x14, 0x21, 0x00, 0x22, 0xE2, 0xF7
	.byte 0xCF, 0xFF, 0x84, 0xE0, 0x72, 0x02, 0x00, 0x00, 0x6E, 0x02, 0x00, 0x00, 0x84, 0xF5, 0x39, 0x08
	.byte 0x12, 0x4C, 0x39, 0x19, 0x08, 0x88, 0x01, 0x38, 0x08, 0x80, 0x00, 0x04, 0x00, 0x28, 0x76, 0xD1
	.byte 0x81, 0x25, 0xAD, 0x00, 0x78, 0x19, 0x05, 0x68, 0x80, 0x26, 0xB6, 0x00, 0xB8, 0x19, 0x02, 0x68
	.byte 0x80, 0x20, 0x40, 0x00, 0x3B, 0x18, 0x1C, 0x88, 0x09, 0x48, 0x11, 0x18, 0x0C, 0x80, 0x19, 0x88
	.byte 0x28, 0x18, 0x01, 0x80, 0x18, 0x88, 0x98, 0x21, 0x89, 0x00, 0x52, 0x18, 0x10, 0x80, 0x18, 0x88
	.byte 0x6D, 0x18, 0x28, 0x80, 0x03, 0x21, 0x8A, 0x46, 0x59, 0xE0, 0x00, 0x00, 0x6E, 0x02, 0x00, 0x00
	.byte 0x3E, 0x02, 0x00, 0x00, 0x81, 0x22, 0x92, 0x00, 0xB8, 0x18, 0x02, 0x68, 0x97, 0x23, 0x9B, 0x00
	.byte 0xD0, 0x18, 0x01, 0x68, 0x01, 0x20, 0x40, 0x42, 0x81, 0x42, 0x48, 0xD1, 0x75, 0x20, 0x90, 0x80
	.byte 0x45, 0xE0, 0x81, 0x24, 0xA4, 0x00, 0x3D, 0x19, 0x29, 0x68, 0x38, 0x1C, 0xF5, 0xF7, 0x9A, 0xFF
	.byte 0x00, 0x06, 0x00, 0x28, 0x0A, 0xD1, 0x29, 0x68, 0x88, 0x69, 0x00, 0x28, 0x0C, 0xD0, 0x49, 0x78
	.byte 0x09, 0x06, 0x09, 0x16, 0x01, 0x20, 0x40, 0x42, 0x81, 0x42, 0x05, 0xD1, 0x28, 0x68, 0x0F, 0xF0
	.byte 0x3F, 0xFF, 0x00, 0x06, 0x00, 0x28, 0x1B, 0xD1, 0x81, 0x25, 0xAD, 0x00, 0x7C, 0x19, 0x20, 0x68
	.byte 0x0F, 0xF0, 0x36, 0xFF, 0x00, 0x06, 0x00, 0x0E, 0x01, 0x28, 0x08, 0xD1, 0x21, 0x68, 0xC8, 0x68
	.byte 0x06, 0x4A, 0x10, 0x40, 0xC8, 0x60, 0x21, 0x68, 0x08, 0x69, 0x10, 0x40, 0x08, 0x61, 0x20, 0x68
	.byte 0x0E, 0xF0, 0x2A, 0xFE, 0x03, 0x26, 0xB2, 0x46, 0x11, 0xE0, 0x00, 0x00, 0x00, 0xFF, 0xFF, 0xFF
	.byte 0x28, 0x68, 0x3C, 0x1C, 0x28, 0x34, 0x21, 0x1C, 0x0E, 0xF0, 0x38, 0xFA, 0x28, 0x68, 0x0E, 0xF0
	.byte 0x47, 0xFC, 0x28, 0x68, 0x21, 0x1C, 0x00, 0x22, 0x00, 0x23, 0x17, 0xF0, 0x07, 0xFF
_08037D56:
	.byte 0x80, 0x21, 0x89, 0x00, 0x78, 0x18, 0x01, 0x68, 0x04, 0x22, 0x88, 0x5E, 0x73, 0x28, 0x36, 0xDC
	.byte 0x81, 0x23, 0x9B, 0x00, 0xFD, 0x18, 0x28, 0x68, 0x04, 0x24, 0x00, 0x5F, 0x73, 0x28, 0x2E, 0xDC
	.byte 0x6A, 0x46, 0x00, 0x20, 0x10, 0x70, 0x38, 0x1C, 0x01, 0x22, 0x01, 0x23, 0xF7, 0xF7, 0x1F, 0xF8
	.byte 0x2A, 0x68, 0x35, 0x4E, 0x90, 0x19, 0x01, 0x78, 0x02, 0x20, 0x08, 0x40, 0x00, 0x28, 0x1E, 0xD0
	.byte 0x10, 0x1C, 0x15, 0xF0, 0xF8, 0xF9, 0x2B, 0x68, 0x00, 0x06, 0x00, 0x0E, 0x9B, 0x19, 0x01, 0x24
	.byte 0x20, 0x40, 0x40, 0x00, 0x1A, 0x78, 0x03, 0x21, 0x49, 0x42, 0x11, 0x40, 0x01, 0x43, 0x19, 0x70
	.byte 0x2A, 0x68, 0x90, 0x19, 0x01, 0x78, 0x89, 0x07, 0xC9, 0x0F, 0x28, 0x48, 0x12, 0x18, 0x21, 0x40
	.byte 0x49, 0x01, 0x13, 0x78, 0x21, 0x20, 0x40, 0x42, 0x18, 0x40, 0x08, 0x43, 0x10, 0x70, 0x80, 0x21
	.byte 0x89, 0x00, 0x78, 0x18, 0x00, 0x68, 0x04, 0x22, 0x80, 0x5E, 0x75, 0x28, 0x09, 0xD1, 0x81, 0x23
	.byte 0x9B, 0x00, 0xF8, 0x18, 0x00, 0x68, 0x04, 0x24, 0x00, 0x5F, 0x75, 0x28, 0x01, 0xD1, 0x03, 0x25
	.byte 0xAA, 0x46, 0x95, 0x26, 0x76, 0x00, 0xB8, 0x19, 0x00, 0x78, 0x02, 0x28, 0x02, 0xD9, 0x0B, 0x28
	.byte 0x00, 0xD0, 0x62, 0xE1, 0x50, 0x46, 0x00, 0x28, 0x00, 0xD1, 0x5E, 0xE1, 0x01, 0x28, 0x2C, 0xD1
	.byte 0x80, 0x21, 0x89, 0x00, 0x7D, 0x18, 0x29, 0x68, 0x12, 0x4A, 0x89, 0x18, 0x12, 0x4B, 0x18, 0x1C
	.byte 0x0C, 0x88, 0x00, 0x19, 0x08, 0x80, 0x81, 0x20, 0x80, 0x00, 0x3E, 0x18, 0x34, 0x68, 0x28, 0x68
	.byte 0x81, 0x18, 0x0B, 0x88, 0xA2, 0x18, 0x13, 0x80, 0x0B, 0x88, 0x98, 0x22, 0x92, 0x00, 0x80, 0x18
	.byte 0x03, 0x80, 0x08, 0x88, 0xA4, 0x18, 0x20, 0x80, 0x0E, 0x32, 0xB9, 0x18, 0x04, 0x20, 0x08, 0x80
	.byte 0x2A, 0x68, 0x31, 0x68, 0x71, 0x20, 0x96, 0xE0, 0x00, 0x00, 0x5A, 0x03, 0x00, 0x00, 0x0D, 0x02
	.byte 0x00, 0x00, 0x3E, 0x02, 0x00, 0x00, 0x00, 0xFF, 0xFF, 0xFF, 0x81, 0x23, 0x9B, 0x00, 0xFD, 0x18
	.byte 0x2C, 0x68, 0x80, 0x20, 0x80, 0x00, 0x3E, 0x18, 0x32, 0x68, 0x80, 0x21, 0x49, 0x00, 0xC9, 0x19
	.byte 0x88, 0x46, 0x0B, 0x88, 0x3E, 0x30, 0x11, 0x18, 0x0B, 0x80, 0x43, 0x46, 0x19, 0x88, 0x20, 0x18
	.byte 0x01, 0x80, 0x18, 0x88, 0x98, 0x21, 0x89, 0x00, 0x52, 0x18, 0x10, 0x80, 0x18, 0x88, 0x64, 0x18
	.byte 0x20, 0x80, 0x29, 0x68, 0x08, 0x1C, 0x24, 0x30, 0x00, 0x78, 0x40, 0x01, 0x88, 0x70, 0x31, 0x68
	.byte 0x08, 0x1C, 0x24, 0x30, 0x00, 0x78, 0x40, 0x01, 0x88, 0x70, 0x2A, 0x68, 0x85, 0x24, 0xA4, 0x00
	.byte 0x12, 0x19, 0x13, 0x78, 0x08, 0x21, 0x49, 0x42, 0x08, 0x1C, 0x18, 0x40, 0x03, 0x23, 0x18, 0x43
	.byte 0x10, 0x70, 0x30, 0x68, 0x00, 0x19, 0x02, 0x78, 0x11, 0x40, 0x19, 0x43, 0x01, 0x70, 0x28, 0x68
	.byte 0x2B, 0x49, 0x11, 0xF0, 0x8A, 0xF8, 0x30, 0x68, 0x2A, 0x49, 0x11, 0xF0, 0x86, 0xF8, 0x28, 0x68
	.byte 0xDB, 0x24, 0xA4, 0x00, 0x00, 0x19, 0x00, 0x68, 0xE8, 0xF7, 0x1F, 0xFF, 0x32, 0x68, 0xA5, 0x21
	.byte 0x89, 0x00, 0x50, 0x18, 0x01, 0x68, 0x38, 0x1C, 0xFB, 0x30, 0x00, 0x78, 0xC0, 0x08, 0x20, 0x31
	.byte 0x08, 0x70, 0x20, 0x4B, 0xD2, 0x18, 0x10, 0x70, 0xAC, 0x20, 0x40, 0x00, 0xE1, 0xF7, 0x41, 0xFB
	.byte 0xDB, 0x20, 0xE1, 0xF7, 0x3E, 0xFB, 0xB4, 0x3C, 0x38, 0x19, 0x01, 0x78, 0x10, 0x20, 0x08, 0x40
	.byte 0x00, 0x28, 0x34, 0xD1, 0x50, 0x46, 0x02, 0x28, 0x31, 0xD1, 0x28, 0x68, 0x17, 0x49, 0x40, 0x18
	.byte 0x02, 0x78, 0x41, 0x21, 0x49, 0x42, 0x11, 0x40, 0x01, 0x70, 0x2A, 0x68, 0x31, 0x68, 0xCB, 0x68
	.byte 0x00, 0x2B, 0x00, 0xDA, 0xFF, 0x33, 0x1B, 0x12, 0x08, 0x69, 0x00, 0x28, 0x00, 0xDA, 0xFF, 0x30
	.byte 0x00, 0x12, 0x00, 0x90, 0x48, 0x69, 0x00, 0x28, 0x00, 0xDA, 0xFF, 0x30, 0x00, 0x12, 0x01, 0x90
	.byte 0x44, 0x46, 0x20, 0x88, 0x02, 0x90, 0x10, 0x1C, 0x01, 0x21, 0x00, 0x22, 0x0D, 0xF0, 0x87, 0xFD
	.byte 0x2A, 0x68, 0x31, 0x68, 0x76, 0x20, 0x88, 0x80, 0x90, 0x80, 0x9E, 0xE0, 0x00, 0x00, 0x01, 0x10
	.byte 0x00, 0x00, 0x02, 0x10, 0x00, 0x00, 0x39, 0x02, 0x00, 0x00, 0x0D, 0x02, 0x00, 0x00, 0x81, 0x25
	.byte 0xAD, 0x00, 0x7E, 0x19, 0x30, 0x68, 0xDA, 0x21, 0x89, 0x00, 0x40, 0x18, 0x02, 0x68, 0x80, 0x20
	.byte 0x80, 0x00, 0xC0, 0x19, 0x80, 0x46, 0x00, 0x68, 0x40, 0x18, 0x00, 0x68, 0x00, 0x21, 0x01, 0x70
	.byte 0x11, 0x70, 0x32, 0x68, 0x43, 0x46, 0x18, 0x68, 0x81, 0x80, 0x91, 0x80, 0x32, 0x68, 0x19, 0x68
	.byte 0x4B, 0x4C, 0x09, 0x19, 0x0B, 0x78, 0x41, 0x25, 0x6D, 0x42, 0xA9, 0x46, 0x48, 0x46, 0x18, 0x40
	.byte 0x08, 0x70, 0x12, 0x19, 0x11, 0x78, 0x48, 0x46, 0x08, 0x40, 0x10, 0x70, 0x32, 0x68, 0x40, 0x46
	.byte 0x01, 0x68, 0xD6, 0x25, 0xAD, 0x00, 0x49, 0x19, 0x0B, 0x78, 0x09, 0x24, 0x64, 0x42, 0x20, 0x1C
	.byte 0x18, 0x40, 0x08, 0x70, 0x52, 0x19, 0x11, 0x78, 0x20, 0x1C, 0x08, 0x40, 0x10, 0x70, 0x31, 0x68
	.byte 0x3C, 0x4B, 0xC9, 0x18, 0x0A, 0x78, 0x21, 0x20, 0x40, 0x42, 0x10, 0x40, 0x08, 0x70, 0x31, 0x68
	.byte 0xC9, 0x18, 0x08, 0x78, 0x40, 0x22, 0x10, 0x43, 0x08, 0x70, 0x31, 0x68, 0x36, 0x4A, 0x89, 0x18
	.byte 0x0A, 0x78, 0x03, 0x20, 0x40, 0x42, 0x10, 0x40, 0x08, 0x70, 0x39, 0x33, 0xFA, 0x18, 0x11, 0x78
	.byte 0x1D, 0x20, 0x40, 0x42, 0x08, 0x40, 0x10, 0x70, 0x82, 0x25, 0xAD, 0x00, 0x7A, 0x19, 0x10, 0x78
	.byte 0x01, 0x21, 0x08, 0x43, 0x10, 0x70, 0x2C, 0x48, 0x3A, 0x18, 0x11, 0x78, 0x7F, 0x20, 0x08, 0x40
	.byte 0x10, 0x70, 0x3C, 0x3B, 0xF9, 0x18, 0x08, 0x78, 0x04, 0x40, 0x0C, 0x70, 0x11, 0x78, 0x40, 0x20
	.byte 0x08, 0x40, 0x00, 0x28, 0x18, 0xD0, 0x48, 0x46, 0x08, 0x40, 0x10, 0x70, 0xAE, 0x24, 0xA4, 0x00
	.byte 0x3A, 0x19, 0x11, 0x78, 0x11, 0x20, 0x40, 0x42, 0x08, 0x40, 0x10, 0x70, 0x45, 0x46, 0x29, 0x68
	.byte 0x1C, 0x48, 0x09, 0x18, 0x08, 0x78, 0x08, 0x22, 0x10, 0x43, 0x08, 0x70, 0x31, 0x68, 0x03, 0x33
	.byte 0xC9, 0x18, 0x08, 0x78, 0x10, 0x43, 0x08, 0x70, 0x32, 0x68, 0x44, 0x46, 0x21, 0x68, 0x17, 0x4C
	.byte 0x09, 0x19, 0x08, 0x78, 0x04, 0x23, 0x18, 0x43, 0x08, 0x70, 0x12, 0x19, 0x10, 0x78, 0x18, 0x43
	.byte 0x10, 0x70, 0x38, 0x1C, 0x00, 0x21, 0xF5, 0xF7, 0x58, 0xFF, 0x81, 0x25, 0xAD, 0x00, 0x78, 0x19
	.byte 0x01, 0x68, 0x88, 0x88, 0x6F, 0x38, 0x00, 0x04, 0x00, 0x0C, 0x02, 0x28, 0x1B, 0xD8, 0xA5, 0x26
	.byte 0xB6, 0x00, 0x88, 0x19, 0x02, 0x68, 0x0A, 0x4B, 0xC8, 0x18, 0x00, 0x24, 0x00, 0x5F, 0x00, 0x28
	.byte 0x00, 0xDA, 0x0F, 0x30, 0x01, 0x11, 0x10, 0x1C, 0x20, 0x30, 0x01, 0x70, 0x15, 0xE0, 0x51, 0x03
	.byte 0x00, 0x00, 0x0D, 0x02, 0x00, 0x00, 0x5A, 0x03, 0x00, 0x00, 0x0B, 0x02, 0x00, 0x00, 0x0F, 0x02
	.byte 0x00, 0x00, 0x3E, 0x02, 0x00, 0x00, 0xA5, 0x25, 0xAD, 0x00, 0x48, 0x19, 0x01, 0x68, 0x38, 0x1C
	.byte 0xFB, 0x30, 0x00, 0x78, 0xC0, 0x08, 0x20, 0x31, 0x08, 0x70, 0x03, 0xB0, 0x38, 0xBC, 0x98, 0x46
	.byte 0xA1, 0x46, 0xAA, 0x46, 0xF0, 0xBC, 0x01, 0xBC, 0x00, 0x47
	thumb_func_start sub_8038140
sub_8038140:
	push {r4, r5, r6, lr}
	mov r6, r10
	mov r5, r9
	mov r4, r8
	push {r4, r5, r6}
	adds r6, r0, #0x0
	movs r1, #0x01
	movs r2, #0x01
	bl sub_802C4D4
	movs r0, #0x01
	mov r9, r0
	movs r1, #0x80
	lsls r1, r1, #0x02
	adds r4, r6, r1
	ldr r0, [r4, #0x00]
	bl sub_804FC90
	ldr r1, [r4, #0x00]
	adds r0, r6, #0x0
	movs r2, #0x00
	movs r3, #0x00
	bl sub_802DDB4
	movs r2, #0x81
	lsls r2, r2, #0x02
	adds r5, r6, r2
	ldr r0, [r5, #0x00]
	movs r1, #0xDA
	lsls r1, r1, #0x02
	adds r0, r0, r1
	ldr r2, [r0, #0x00]
	movs r3, #0x80
	lsls r3, r3, #0x02
	adds r3, r3, r6
	mov r10, r3
	ldr r0, [r3, #0x00]
	adds r0, r0, r1
	ldr r1, [r0, #0x00]
	movs r0, #0x00
	mov r8, r0
	movs r0, #0x0D
	strb r0, [r1, #0x00]
	strb r0, [r2, #0x00]
	ldr r2, [r5, #0x00]
	ldr r1, [r3, #0x00]
	movs r0, #0x77
	strh r0, [r1, #0x04]
	strh r0, [r2, #0x04]
	ldr r2, [r5, #0x00]
	ldr r1, [r3, #0x00]
	ldr r4, _080382AC @ =0x00000351
	adds r1, r1, r4
	ldrb r0, [r1, #0x00]
	movs r3, #0x40
	orrs r0, r3
	strb r0, [r1, #0x00]
	adds r2, r2, r4
	ldrb r0, [r2, #0x00]
	orrs r0, r3
	strb r0, [r2, #0x00]
	ldr r2, [r5, #0x00]
	mov r3, r10
	ldr r1, [r3, #0x00]
	adds r4, #0x07
	adds r1, r1, r4
	ldrb r0, [r1, #0x00]
	movs r3, #0x08
	orrs r0, r3
	strb r0, [r1, #0x00]
	adds r2, r2, r4
	ldrb r0, [r2, #0x00]
	orrs r0, r3
	strb r0, [r2, #0x00]
	ldr r2, [r5, #0x00]
	ldr r3, _080382B0 @ =0x0000020D
	adds r2, r2, r3
	ldrb r0, [r2, #0x00]
	movs r1, #0x20
	orrs r0, r1
	strb r0, [r2, #0x00]
	ldr r1, [r5, #0x00]
	adds r1, r1, r3
	ldrb r2, [r1, #0x00]
	movs r4, #0x41
	negs r4, r4
	adds r0, r4, #0x0
	ands r0, r2
	strb r0, [r1, #0x00]
	ldr r1, [r5, #0x00]
	ldr r2, _080382B4 @ =0x0000035A
	adds r1, r1, r2
	ldrb r0, [r1, #0x00]
	mov r3, r9
	orrs r0, r3
	strb r0, [r1, #0x00]
	ldr r1, [r5, #0x00]
	adds r1, r1, r2
	ldrb r0, [r1, #0x00]
	movs r2, #0x02
	orrs r0, r2
	strb r0, [r1, #0x00]
	ldr r0, [r5, #0x00]
	movs r1, #0x02
	bl sub_804955C
	ldr r0, _080382B8 @ =0x0000026A
	adds r1, r6, r0
	ldrb r0, [r1, #0x00]
	ands r4, r0
	strb r4, [r1, #0x00]
	ldr r1, _080382BC @ =0x0000026E
	adds r0, r6, r1
	mov r2, r8
	strh r2, [r0, #0x00]
	movs r3, #0x82
	lsls r3, r3, #0x02
	adds r2, r6, r3
	ldrb r1, [r2, #0x00]
	movs r0, #0x02
	negs r0, r0
	ands r0, r1
	strb r0, [r2, #0x00]
	ldr r0, _080382C0 @ =0x0000020B
	adds r2, r6, r0
	ldrb r0, [r2, #0x00]
	movs r1, #0x80
	orrs r0, r1
	strb r0, [r2, #0x00]
	mov r2, r10
	ldr r1, [r2, #0x00]
	adds r3, #0x0C
	mov r9, r3
	add r1, r9
	ldrb r2, [r1, #0x00]
	movs r4, #0x08
	negs r4, r4
	adds r0, r4, #0x0
	ands r0, r2
	movs r2, #0x04
	mov r8, r2
	mov r3, r8
	orrs r0, r3
	strb r0, [r1, #0x00]
	mov r1, r10
	ldr r0, [r1, #0x00]
	ldr r1, _080382C4 @ =0x00001034
	bl sub_8049000
	ldr r0, [r5, #0x00]
	add r0, r9
	ldrb r1, [r0, #0x00]
	ands r4, r1
	mov r2, r8
	orrs r4, r2
	strb r4, [r0, #0x00]
	ldr r0, [r5, #0x00]
	movs r1, #0x82
	lsls r1, r1, #0x05
	bl sub_8049000
	ldr r3, _080382C8 @ =0x00000246
	adds r6, r6, r3
	ldrb r1, [r6, #0x00]
	movs r0, #0x1D
	negs r0, r0
	ands r0, r1
	movs r1, #0x18
	orrs r0, r1
	strb r0, [r6, #0x00]
	movs r1, #0x01
	negs r1, r1
	movs r0, #0x87
	bl play_sfx_80195B4
	pop {r3, r4, r5}
	mov r8, r3
	mov r9, r4
	mov r10, r5
	pop {r4, r5, r6}
	pop {r0}
	bx r0
_080382AC: .4byte 0x00000351
_080382B0: .4byte 0x0000020D
_080382B4: .4byte 0x0000035A
_080382B8: .4byte 0x0000026A
_080382BC: .4byte 0x0000026E
_080382C0: .4byte 0x0000020B
_080382C4: .4byte 0x00001034
_080382C8: .4byte 0x00000246
	thumb_func_start sub_80382CC
sub_80382CC:
	push {r4, r5, r6, r7, lr}
	mov r7, r10
	mov r6, r9
	mov r5, r8
	push {r5, r6, r7}
	add sp, #-0x010
	adds r7, r0, #0x0
	movs r1, #0x95
	lsls r1, r1, #0x01
	adds r0, r7, r1
	ldrb r0, [r0, #0x00]
	cmp r0, #0x01
	bhi _080382E8
	b _08038618
_080382E8:
	movs r2, #0x80
	lsls r2, r2, #0x02
	adds r0, r7, r2
	ldr r1, [r0, #0x00]
	ldrh r0, [r1, #0x04]
	subs r0, #0x7A
	lsls r0, r0, #0x10
	lsrs r0, r0, #0x10
	cmp r0, #0x01
	bhi _080383B4
	movs r3, #0x81
	lsls r3, r3, #0x02
	adds r0, r7, r3
	ldr r0, [r0, #0x00]
	movs r4, #0x04
	ldsh r0, [r0, r4]
	cmp r0, #0x79
	ble _080383B4
	cmp r0, #0x7B
	bgt _080383B4
	movs r6, #0x00
	movs r5, #0x00
	ldr r2, _08038398 @ =0x00000351
	adds r0, r1, r2
	ldrb r1, [r0, #0x00]
	movs r0, #0x40
	ands r0, r1
	cmp r0, #0x00
	bne _08038352
	adds r0, r7, #0x0
	adds r0, #0xD0
	ldr r0, [r0, #0x00]
	cmp r0, #0x00
	beq _08038352
	ldrh r0, [r0, #0x00]
	movs r1, #0xF0
	ands r1, r0
	lsrs r2, r1, #0x04
	ldr r0, _0803839C @ =0x0839F910
	adds r0, r2, r0
	ldrb r0, [r0, #0x00]
	mov r8, r0
	cmp r0, #0xFF
	beq _08038352
	ldr r1, _080383A0 @ =0x0839F524
	lsls r0, r2, #0x02
	adds r0, r0, r1
	ldrh r6, [r0, #0x00]
	lsls r0, r2, #0x01
	adds r0, #0x01
	lsls r0, r0, #0x01
	adds r0, r0, r1
	ldrh r5, [r0, #0x00]
_08038352:
	movs r3, #0x80
	lsls r3, r3, #0x02
	adds r4, r7, r3
	ldr r1, [r4, #0x00]
	movs r0, #0x81
	lsls r0, r0, #0x02
	adds r3, r7, r0
	ldr r0, [r3, #0x00]
	ldr r2, _080383A4 @ =0x00000242
	adds r0, r0, r2
	strh r6, [r0, #0x00]
	adds r1, r1, r2
	strh r6, [r1, #0x00]
	ldr r1, [r4, #0x00]
	ldr r0, [r3, #0x00]
	adds r2, #0x02
	adds r0, r0, r2
	strh r5, [r0, #0x00]
	adds r1, r1, r2
	strh r5, [r1, #0x00]
	cmp r6, #0x00
	bne _08038382
	cmp r5, #0x00
	beq _080383A8
_08038382:
	ldr r2, [r4, #0x00]
	ldr r1, [r3, #0x00]
	movs r0, #0x7B
	strh r0, [r1, #0x04]
	strh r0, [r2, #0x04]
	ldr r1, [r4, #0x00]
	ldr r0, [r3, #0x00]
	mov r2, r8
	strb r2, [r0, #0x02]
	strb r2, [r1, #0x02]
	b _080383DA
_08038398: .4byte 0x00000351
_0803839C: .4byte 0x0839F910
_080383A0: .4byte 0x0839F524
_080383A4: .4byte 0x00000242
_080383A8:
	ldr r2, [r4, #0x00]
	ldr r1, [r3, #0x00]
	movs r0, #0x7A
	strh r0, [r1, #0x04]
	strh r0, [r2, #0x04]
	b _080383DA
_080383B4:
	movs r3, #0x80
	lsls r3, r3, #0x02
	adds r0, r7, r3
	ldr r0, [r0, #0x00]
	movs r4, #0x04
	ldsh r0, [r0, r4]
	cmp r0, #0x7D
	beq _080383D4
	movs r1, #0x81
	lsls r1, r1, #0x02
	adds r0, r7, r1
	ldr r0, [r0, #0x00]
	movs r2, #0x04
	ldsh r0, [r0, r2]
	cmp r0, #0x7D
	bne _080383DA
_080383D4:
	adds r0, r7, #0x0
	bl sub_802C208
_080383DA:
	movs r3, #0x80
	lsls r3, r3, #0x02
	adds r5, r7, r3
	ldr r0, [r5, #0x00]
	adds r4, r7, #0x0
	adds r4, #0x28
	adds r1, r4, #0x0
	bl sub_804FE68
	movs r0, #0x81
	lsls r0, r0, #0x02
	adds r6, r7, r0
	ldr r0, [r6, #0x00]
	adds r1, r4, #0x0
	bl sub_804FE68
	ldr r0, [r5, #0x00]
	ldr r5, _080384A0 @ =0x00000353
	adds r2, r0, r5
	ldrb r1, [r2, #0x00]
	movs r3, #0x80
	mov r8, r3
	movs r3, #0x80
	adds r0, r3, #0x0
	ands r0, r1
	mov r10, r4
	cmp r0, #0x00
	bne _08038420
	ldr r0, [r6, #0x00]
	adds r0, r0, r5
	ldrb r1, [r0, #0x00]
	adds r0, r3, #0x0
	ands r0, r1
	cmp r0, #0x00
	beq _08038432
_08038420:
	ldr r0, [r6, #0x00]
	adds r0, r0, r5
	ldrb r1, [r0, #0x00]
	mov r4, r8
	orrs r1, r4
	strb r1, [r0, #0x00]
	ldrb r0, [r2, #0x00]
	orrs r0, r4
	strb r0, [r2, #0x00]
_08038432:
	movs r0, #0x80
	lsls r0, r0, #0x02
	adds r4, r7, r0
	ldr r1, [r4, #0x00]
	movs r2, #0x00
	movs r3, #0x04
	ldsh r0, [r1, r3]
	cmp r0, #0x7B
	bne _08038446
	movs r2, #0x01
_08038446:
	mov r3, sp
	movs r0, #0x00
	strb r0, [r3, #0x00]
	adds r0, r7, #0x0
	movs r3, #0x01
	bl sub_802EDC4
	lsls r0, r0, #0x18
	lsrs r3, r0, #0x18
	cmp r3, #0x00
	bne _0803847E
	movs r1, #0x81
	lsls r1, r1, #0x02
	adds r0, r7, r1
	ldr r1, [r0, #0x00]
	movs r2, #0x00
	ldr r0, [r4, #0x00]
	movs r4, #0x04
	ldsh r0, [r0, r4]
	cmp r0, #0x7B
	bne _08038472
	movs r2, #0x01
_08038472:
	mov r0, sp
	strb r3, [r0, #0x00]
	adds r0, r7, #0x0
	movs r3, #0x01
	bl sub_802EDC4
_0803847E:
	movs r1, #0x81
	lsls r1, r1, #0x02
	adds r0, r7, r1
	ldr r1, [r0, #0x00]
	movs r2, #0x04
	ldsh r0, [r1, r2]
	cmp r0, #0x7C
	beq _08038492
	cmp r0, #0x7D
	ble _080384A4
_08038492:
	adds r6, r1, #0x0
	movs r3, #0x80
	lsls r3, r3, #0x02
	adds r0, r7, r3
	ldr r5, [r0, #0x00]
	b _080384AE
	.byte 0x00, 0x00
_080384A0: .4byte 0x00000353
_080384A4:
	movs r4, #0x80
	lsls r4, r4, #0x02
	adds r0, r7, r4
	ldr r6, [r0, #0x00]
	adds r5, r1, #0x0
_080384AE:
	ldr r0, [r6, #0x0C]
	mov r8, r0
	ldr r1, [r6, #0x10]
	mov r9, r1
	adds r0, r7, #0x0
	adds r1, r6, #0x0
	bl sub_80303C4
	adds r0, r6, #0x0
	bl sub_80465D8
	adds r0, r5, #0x0
	bl sub_80465D8
	movs r4, #0xCE
	lsls r4, r4, #0x02
	adds r0, r6, r4
	ldr r1, [r0, #0x00]
	adds r1, #0x68
	movs r2, #0x00
	ldsh r0, [r1, r2]
	adds r0, r6, r0
	ldr r1, [r1, #0x04]
	bl _call_via_r1
	ldr r0, [r6, #0x0C]
	mov r3, r8
	subs r0, r3, r0
	ldr r2, [r5, #0x0C]
	subs r2, r2, r0
	str r2, [r5, #0x0C]
	ldr r0, [r6, #0x10]
	mov r1, r9
	subs r0, r1, r0
	ldr r1, [r5, #0x10]
	subs r1, r1, r0
	str r1, [r5, #0x10]
	mov r8, r2
	mov r9, r1
	adds r0, r7, #0x0
	adds r1, r5, #0x0
	bl sub_80303C4
	adds r4, r5, r4
	ldr r1, [r4, #0x00]
	adds r1, #0x68
	movs r2, #0x00
	ldsh r0, [r1, r2]
	adds r0, r5, r0
	ldr r1, [r1, #0x04]
	bl _call_via_r1
	movs r3, #0x04
	ldsh r0, [r5, r3]
	cmp r0, #0x7D
	bne _08038536
	adds r0, r5, #0x0
	adds r0, #0x25
	ldrb r1, [r0, #0x00]
	movs r0, #0x78
	ands r0, r1
	cmp r0, #0x00
	beq _08038536
	ldr r0, [r6, #0x0C]
	str r0, [r5, #0x0C]
	ldr r0, [r6, #0x10]
	str r0, [r5, #0x10]
	b _0803854E
_08038536:
	ldr r1, [r5, #0x0C]
	mov r4, r8
	subs r1, r4, r1
	ldr r0, [r6, #0x0C]
	subs r0, r0, r1
	str r0, [r6, #0x0C]
	ldr r1, [r5, #0x10]
	mov r0, r9
	subs r1, r0, r1
	ldr r0, [r6, #0x10]
	subs r0, r0, r1
	str r0, [r6, #0x10]
_0803854E:
	movs r1, #0x80
	lsls r1, r1, #0x02
	adds r4, r7, r1
	ldr r0, [r4, #0x00]
	mov r1, r10
	movs r2, #0x00
	movs r3, #0x00
	bl sub_804FB64
	movs r2, #0x81
	lsls r2, r2, #0x02
	adds r0, r7, r2
	ldr r0, [r0, #0x00]
	mov r1, r10
	movs r2, #0x00
	movs r3, #0x00
	bl sub_804FB64
	ldr r0, [r4, #0x00]
	bl sub_804FB3C
	adds r1, r0, #0x0
	cmp r1, #0x00
	blt _080385C2
	adds r5, r7, #0x0
	adds r5, #0xFA
	ldrb r0, [r5, #0x00]
	lsls r0, r0, #0x1C
	lsrs r0, r0, #0x1C
	movs r4, #0x01
	lsls r4, r1
	ands r0, r4
	cmp r0, #0x00
	bne _080385C2
	movs r3, #0xC1
	lsls r3, r3, #0x02
	adds r0, r7, r3
	ldr r0, [r0, #0x00]
	lsls r1, r1, #0x10
	lsrs r1, r1, #0x10
	bl sub_805C908
	ldrb r2, [r5, #0x00]
	lsls r1, r2, #0x1C
	lsrs r1, r1, #0x1C
	orrs r1, r4
	movs r0, #0x0F
	ands r1, r0
	movs r0, #0x10
	negs r0, r0
	ands r0, r2
	orrs r0, r1
	strb r0, [r5, #0x00]
	movs r0, #0x53
	movs r1, #0x01
	negs r1, r1
	bl play_sfx_80195B4
_080385C2:
	movs r4, #0x81
	lsls r4, r4, #0x02
	adds r0, r7, r4
	ldr r0, [r0, #0x00]
	bl sub_804FB3C
	adds r1, r0, #0x0
	cmp r1, #0x00
	blt _08038618
	adds r5, r7, #0x0
	adds r5, #0xFA
	ldrb r0, [r5, #0x00]
	lsls r0, r0, #0x1C
	lsrs r0, r0, #0x1C
	movs r4, #0x01
	lsls r4, r1
	ands r0, r4
	cmp r0, #0x00
	bne _08038618
	movs r2, #0xC1
	lsls r2, r2, #0x02
	adds r0, r7, r2
	ldr r0, [r0, #0x00]
	lsls r1, r1, #0x10
	lsrs r1, r1, #0x10
	bl sub_805C908
	ldrb r2, [r5, #0x00]
	lsls r1, r2, #0x1C
	lsrs r1, r1, #0x1C
	orrs r1, r4
	movs r0, #0x0F
	ands r1, r0
	movs r0, #0x10
	negs r0, r0
	ands r0, r2
	orrs r0, r1
	strb r0, [r5, #0x00]
	movs r0, #0x53
	movs r1, #0x01
	negs r1, r1
	bl play_sfx_80195B4
_08038618:
	movs r3, #0x00
	str r3, [sp, #0x00C]
	movs r4, #0x80
	lsls r4, r4, #0x02
	adds r1, r7, r4
	ldr r2, [r1, #0x00]
	movs r3, #0x04
	ldsh r0, [r2, r3]
	cmp r0, #0x7C
	beq _08038632
	cmp r0, #0x7D
	beq _08038660
	b _08038688
_08038632:
	movs r4, #0x97
	lsls r4, r4, #0x02
	adds r0, r2, r4
	ldr r1, [r0, #0x00]
	movs r0, #0x01
	negs r0, r0
	cmp r1, r0
	bne _08038648
	movs r0, #0x7E
	strh r0, [r2, #0x04]
	b _08038688
_08038648:
	movs r1, #0x81
	lsls r1, r1, #0x02
	adds r0, r7, r1
	ldr r0, [r0, #0x00]
	movs r2, #0x04
	ldsh r0, [r0, r2]
	cmp r0, #0x7D
	bne _08038688
	adds r0, r7, #0x0
	bl sub_802E2F4
	b _08038688
_08038660:
	movs r3, #0x97
	lsls r3, r3, #0x02
	adds r0, r2, r3
	ldr r0, [r0, #0x00]
	cmp r0, #0x00
	blt _08038688
	movs r0, #0x7C
	strh r0, [r2, #0x04]
	ldr r0, [r1, #0x00]
	movs r4, #0x91
	lsls r4, r4, #0x02
	adds r1, r0, r4
	mov r2, sp
	ldrh r2, [r2, #0x0C]
	strh r2, [r1, #0x00]
	subs r3, #0x1A
	adds r0, r0, r3
	mov r4, sp
	ldrh r4, [r4, #0x0C]
	strh r4, [r0, #0x00]
_08038688:
	movs r0, #0x81
	lsls r0, r0, #0x02
	adds r1, r7, r0
	ldr r3, [r1, #0x00]
	movs r2, #0x04
	ldsh r0, [r3, r2]
	cmp r0, #0x7C
	beq _0803869E
	cmp r0, #0x7D
	beq _080386CC
	b _080386EE
_0803869E:
	movs r4, #0x97
	lsls r4, r4, #0x02
	adds r0, r3, r4
	ldr r1, [r0, #0x00]
	movs r0, #0x01
	negs r0, r0
	cmp r1, r0
	bne _080386B4
	movs r0, #0x7E
	strh r0, [r3, #0x04]
	b _080386EE
_080386B4:
	movs r1, #0x80
	lsls r1, r1, #0x02
	adds r0, r7, r1
	ldr r0, [r0, #0x00]
	movs r2, #0x04
	ldsh r0, [r0, r2]
	cmp r0, #0x7D
	bne _080386EE
	adds r0, r7, #0x0
	bl sub_802E2F4
	b _080386EE
_080386CC:
	movs r4, #0x97
	lsls r4, r4, #0x02
	adds r0, r3, r4
	ldr r0, [r0, #0x00]
	cmp r0, #0x00
	blt _080386EE
	movs r2, #0x00
	movs r0, #0x7C
	strh r0, [r3, #0x04]
	ldr r0, [r1, #0x00]
	movs r3, #0x91
	lsls r3, r3, #0x02
	adds r1, r0, r3
	strh r2, [r1, #0x00]
	subs r4, #0x1A
	adds r0, r0, r4
	strh r2, [r0, #0x00]
_080386EE:
	movs r1, #0x80
	lsls r1, r1, #0x02
	adds r0, r7, r1
	ldr r0, [r0, #0x00]
	movs r2, #0x04
	ldsh r0, [r0, r2]
	cmp r0, #0x7E
	bne _08038714
	movs r3, #0x81
	lsls r3, r3, #0x02
	adds r0, r7, r3
	ldr r0, [r0, #0x00]
	movs r4, #0x04
	ldsh r0, [r0, r4]
	cmp r0, #0x7E
	bne _08038714
	movs r0, #0x02
	str r0, [sp, #0x00C]
	b _08038E3A
_08038714:
	movs r1, #0x80
	lsls r1, r1, #0x02
	adds r0, r7, r1
	ldr r0, [r0, #0x00]
	adds r0, #0x26
	ldrb r1, [r0, #0x00]
	movs r3, #0x0C
	adds r0, r3, #0x0
	ands r0, r1
	cmp r0, #0x00
	beq _0803872C
	b _08038846
_0803872C:
	movs r2, #0x81
	lsls r2, r2, #0x02
	adds r0, r7, r2
	ldr r2, [r0, #0x00]
	adds r0, r2, #0x0
	adds r0, #0x26
	ldrb r1, [r0, #0x00]
	adds r0, r3, #0x0
	ands r0, r1
	cmp r0, #0x00
	beq _08038744
	b _08038846
_08038744:
	movs r4, #0x95
	lsls r4, r4, #0x01
	adds r0, r7, r4
	ldrb r0, [r0, #0x00]
	cmp r0, #0x02
	bls _08038752
	b _08038E32
_08038752:
	ldrh r0, [r2, #0x04]
	subs r0, #0x77
	lsls r0, r0, #0x10
	asrs r0, r0, #0x10
	cmp r0, #0x08
	bls _08038760
	b _08038E32
_08038760:
	lsls r0, r0, #0x02
	ldr r1, _0803876C @ =0x08038770
	adds r0, r0, r1
	ldr r0, [r0, #0x00]
	mov pc, r0
	.byte 0x00, 0x00
_0803876C: .4byte 0x08038770
	.byte 0x94, 0x87, 0x03, 0x08, 0xE8, 0x88, 0x03, 0x08, 0x50, 0x89, 0x03, 0x08, 0xC8, 0x8A, 0x03, 0x08
	.byte 0xC8, 0x8A, 0x03, 0x08, 0x32, 0x8E, 0x03, 0x08, 0x32, 0x8E, 0x03, 0x08, 0x32, 0x8E, 0x03, 0x08
	.byte 0xA8, 0x8D, 0x03, 0x08, 0x2D, 0x48, 0x39, 0x18, 0x0A, 0x88, 0x00, 0x23, 0xC8, 0x5E, 0x3B, 0x28
	.byte 0x4A, 0xDC, 0x50, 0x1C, 0x08, 0x80, 0x2A, 0x4D, 0x00, 0x26, 0x28, 0x48, 0x3C, 0x18, 0x29, 0x88
	.byte 0x00, 0x22, 0xA0, 0x5E, 0x81, 0x42, 0x1A, 0xD1, 0x81, 0x23, 0x9B, 0x00, 0xF8, 0x18, 0x00, 0x68
	.byte 0xDB, 0x21, 0x89, 0x00, 0x40, 0x18, 0x00, 0x68, 0x69, 0x88, 0x00, 0x22, 0x00, 0x92, 0x00, 0x23
	.byte 0xE5, 0xF7, 0xBE, 0xFC, 0x00, 0x22, 0xA0, 0x5E, 0x3B, 0x28, 0x08, 0xD1, 0x87, 0x20, 0xE0, 0xF7
	.byte 0xE3, 0xFE, 0xAB, 0x20, 0x40, 0x00, 0x01, 0x21, 0x49, 0x42, 0xE0, 0xF7, 0xE3, 0xFE, 0x2A, 0x1D
	.byte 0xA9, 0x88, 0x00, 0x23, 0xE0, 0x5E, 0x81, 0x42, 0x1A, 0xD1, 0x81, 0x21, 0x89, 0x00, 0x78, 0x18
	.byte 0x00, 0x68, 0xDB, 0x23, 0x9B, 0x00, 0xC0, 0x18, 0x00, 0x68, 0x51, 0x88, 0x00, 0x22, 0x00, 0x92
	.byte 0x00, 0x23, 0xE5, 0xF7, 0x9D, 0xFC, 0x00, 0x21, 0x60, 0x5E, 0x3B, 0x28, 0x08, 0xD1, 0x87, 0x20
	.byte 0xE0, 0xF7, 0xC2, 0xFE, 0xAB, 0x20, 0x40, 0x00, 0x01, 0x21, 0x49, 0x42, 0xE0, 0xF7, 0xC2, 0xFE
	.byte 0x02, 0x36, 0x08, 0x35, 0x03, 0x2E, 0xBA, 0xD9, 0x06, 0x4A, 0xB8, 0x18, 0x01, 0x78, 0x02, 0x20
	.byte 0x08, 0x40, 0x00, 0x28, 0x08, 0xD0
_08038846:
	movs r3, #0x02
	str r3, [sp, #0x00C]
	b _08038E3A
	.byte 0x6E, 0x02, 0x00, 0x00, 0x54, 0xFB, 0x39, 0x08, 0x0A, 0x02, 0x00, 0x00, 0x38, 0x1C, 0xD0, 0x30
	.byte 0x01, 0x68, 0x81, 0x20, 0x80, 0x00, 0x3C, 0x18, 0x20, 0x68, 0xDA, 0x22, 0x92, 0x00, 0x80, 0x18
	.byte 0x00, 0x68, 0x09, 0x88, 0x80, 0x88, 0x08, 0x40, 0x00, 0x28, 0x00, 0xD0, 0xDB, 0xE2, 0x05, 0x4B
	.byte 0xF8, 0x18, 0x00, 0x21, 0x40, 0x5E, 0x3B, 0x28, 0x06, 0xDC, 0x87, 0x20, 0xE0, 0xF7, 0x8E, 0xFE
	.byte 0xBD, 0xE2, 0x00, 0x00, 0x6E, 0x02, 0x00, 0x00, 0xAB, 0x20, 0x40, 0x00, 0xE0, 0xF7, 0x86, 0xFE
	.byte 0x22, 0x68, 0x80, 0x23, 0x9B, 0x00, 0xF8, 0x18, 0x01, 0x68, 0x78, 0x20, 0x88, 0x80, 0x90, 0x80
	.byte 0x20, 0x68, 0xCE, 0x22, 0x92, 0x00, 0x81, 0x18, 0x0A, 0x68, 0x38, 0x23, 0xD1, 0x5E, 0x40, 0x18
	.byte 0xD2, 0x6B, 0x01, 0x21, 0xA2, 0xF1, 0xD6, 0xF8, 0x20, 0x68, 0xA5, 0x24, 0xA4, 0x00, 0x00, 0x19
	.byte 0x02, 0x68, 0x91, 0x7C, 0x07, 0x20, 0x40, 0x42, 0x08, 0x40, 0x02, 0x21, 0x08, 0x43, 0x90, 0x74
	.byte 0x01, 0x21, 0x49, 0x42, 0xDA, 0x20, 0xE0, 0xF7, 0x67, 0xFE, 0xA4, 0xE2, 0x81, 0x20, 0x80, 0x00
	.byte 0x3D, 0x18, 0x2A, 0x68, 0xA5, 0x21, 0x89, 0x00, 0x50, 0x18, 0x00, 0x68, 0x81, 0x7C, 0x08, 0x20
	.byte 0x08, 0x40, 0x00, 0x28, 0x00, 0xD1, 0x96, 0xE2, 0x85, 0x23, 0x9B, 0x00, 0xD2, 0x18, 0x11, 0x78
	.byte 0x08, 0x20, 0x40, 0x42, 0x08, 0x40, 0x10, 0x70, 0x2A, 0x68, 0x80, 0x24, 0xA4, 0x00, 0x38, 0x19
	.byte 0x01, 0x68, 0x00, 0x23, 0x79, 0x20, 0x88, 0x80, 0x90, 0x80, 0x28, 0x68, 0xDB, 0x24, 0xA4, 0x00
	.byte 0x00, 0x19, 0x00, 0x68, 0x00, 0x93, 0x05, 0x21, 0x00, 0x22, 0xE5, 0xF7, 0x0B, 0xFC, 0x28, 0x68
	.byte 0x00, 0x19, 0x02, 0x68, 0x91, 0x7C, 0x07, 0x20, 0x40, 0x42, 0x08, 0x40, 0x02, 0x21, 0x08, 0x43
	.byte 0x90, 0x74, 0x70, 0xE2, 0x81, 0x20, 0x80, 0x00, 0xC0, 0x19, 0x81, 0x46, 0x06, 0x68, 0xDB, 0x21
	.byte 0x89, 0x00, 0x8A, 0x46, 0x70, 0x18, 0x01, 0x68, 0x08, 0x1C, 0x21, 0x30, 0x00, 0x78, 0x05, 0x28
	.byte 0x00, 0xD0, 0x60, 0xE2, 0x89, 0x7C, 0x08, 0x20, 0x08, 0x40, 0x00, 0x28, 0x00, 0xD1, 0x5A, 0xE2
	.byte 0x80, 0x22, 0x92, 0x00, 0xBD, 0x18, 0x2A, 0x68, 0x35, 0x4B, 0xD2, 0x18, 0x14, 0x78, 0x41, 0x21
	.byte 0x49, 0x42, 0x08, 0x1C, 0x20, 0x40, 0x10, 0x70, 0xF3, 0x18, 0x18, 0x78, 0x01, 0x40, 0x19, 0x70
	.byte 0x2A, 0x68, 0x4B, 0x46, 0x19, 0x68, 0x00, 0x24, 0xA0, 0x46, 0x7A, 0x20, 0x88, 0x80, 0x90, 0x80
	.byte 0x38, 0x1C, 0x00, 0x21, 0xF5, 0xF7, 0xE6, 0xFA, 0x2A, 0x68, 0x85, 0x24, 0xA4, 0x00, 0x12, 0x19
	.byte 0x13, 0x78, 0x08, 0x21, 0x49, 0x42, 0x08, 0x1C, 0x18, 0x40, 0x01, 0x26, 0x30, 0x43, 0x10, 0x70
	.byte 0x48, 0x46, 0x02, 0x68, 0x12, 0x19, 0x10, 0x78, 0x01, 0x40, 0x02, 0x20, 0x01, 0x43, 0x11, 0x70
	.byte 0x49, 0x46, 0x08, 0x68, 0x50, 0x44, 0x00, 0x68, 0x42, 0x46, 0x00, 0x92, 0x06, 0x21, 0x00, 0x22
	.byte 0x00, 0x23, 0xE5, 0xF7, 0xAF, 0xFB, 0x28, 0x68, 0x1A, 0x49, 0x10, 0xF0, 0x03, 0xFB, 0x4B, 0x46
	.byte 0x18, 0x68, 0x19, 0x49, 0x10, 0xF0, 0xFE, 0xFA, 0x5A, 0x34, 0x39, 0x19, 0xF0, 0x20, 0x08, 0x80
	.byte 0x49, 0x46, 0x08, 0x68, 0x14, 0xF0, 0xBC, 0xFB, 0x4A, 0x46, 0x13, 0x68, 0x00, 0x06, 0x00, 0x0E
	.byte 0xEC, 0x34, 0x1B, 0x19, 0x30, 0x40, 0x40, 0x00, 0x1A, 0x78, 0x03, 0x21, 0x49, 0x42, 0x11, 0x40
	.byte 0x01, 0x43, 0x19, 0x70, 0x4B, 0x46, 0x1A, 0x68, 0x14, 0x19, 0x21, 0x78, 0x89, 0x07, 0xC9, 0x0F
	.byte 0x0A, 0x4C, 0x12, 0x19, 0x31, 0x40, 0x49, 0x01, 0x13, 0x78, 0x21, 0x20, 0x40, 0x42, 0x18, 0x40
	.byte 0x08, 0x43, 0x10, 0x70, 0x3C, 0x1C, 0x30, 0x34, 0x00, 0x25, 0x05, 0x48, 0x3E, 0x18, 0x0B, 0xE0
	.byte 0x51, 0x03, 0x00, 0x00, 0x35, 0x10, 0x00, 0x00, 0x4C, 0x10, 0x00, 0x00, 0x0D, 0x02, 0x00, 0x00
	.byte 0x0B, 0x01, 0x00, 0x00, 0x01, 0x35, 0x04, 0x34, 0x30, 0x78, 0x02, 0x38, 0x85, 0x42, 0x09, 0xDA
	.byte 0x81, 0x21, 0x89, 0x00, 0x78, 0x18, 0x00, 0x68, 0x21, 0x68, 0x12, 0xF0, 0xE9, 0xFB, 0x00, 0x06
	.byte 0x00, 0x28, 0xEF, 0xD0, 0x30, 0x78, 0x02, 0x38, 0x85, 0x42, 0x0A, 0xD1, 0x81, 0x22, 0x92, 0x00
	.byte 0xB8, 0x18, 0x01, 0x68, 0x07, 0x4B, 0xC9, 0x18, 0x0A, 0x78, 0x02, 0x20, 0x40, 0x42, 0x10, 0x40
	.byte 0x08, 0x70, 0x05, 0x4C, 0x3A, 0x19, 0x11, 0x78, 0x09, 0x20, 0x40, 0x42, 0x08, 0x40, 0x10, 0x70
	.byte 0xB9, 0xE1, 0x00, 0x00, 0x5A, 0x03, 0x00, 0x00, 0x0A, 0x02, 0x00, 0x00, 0x95, 0x21, 0x49, 0x00
	.byte 0x78, 0x18, 0x00, 0x78, 0x01, 0x28, 0x00, 0xD8, 0xAD, 0xE1, 0x38, 0x1C, 0x04, 0x21, 0xED, 0xF7
	.byte 0x23, 0xF9, 0x00, 0x06, 0x00, 0x28, 0x1B, 0xD1, 0x38, 0x1C, 0x00, 0x21, 0xED, 0xF7, 0x1C, 0xF9
	.byte 0x00, 0x06, 0x00, 0x28, 0x14, 0xD1, 0x38, 0x1C, 0x01, 0x21, 0xED, 0xF7, 0x15, 0xF9, 0x00, 0x06
	.byte 0x00, 0x28, 0x0D, 0xD1, 0x38, 0x1C, 0x02, 0x21, 0xED, 0xF7, 0x0E, 0xF9, 0x00, 0x06, 0x00, 0x28
	.byte 0x06, 0xD1, 0x38, 0x1C, 0x03, 0x21, 0xED, 0xF7, 0x07, 0xF9, 0x00, 0x06, 0x00, 0x28, 0x02, 0xD0
	.byte 0x38, 0x1C, 0xF0, 0xF7, 0xAB, 0xFE, 0x80, 0x22, 0x92, 0x00, 0xBC, 0x18, 0x21, 0x68, 0x97, 0x23
	.byte 0x9B, 0x00, 0xC8, 0x18, 0x00, 0x68, 0x00, 0x28, 0x02, 0xDB, 0x7C, 0x20, 0x88, 0x80, 0x17, 0xE0
	.byte 0x81, 0x21, 0x89, 0x00, 0x78, 0x18, 0x00, 0x68, 0x97, 0x22, 0x92, 0x00, 0x80, 0x18, 0x00, 0x68
	.byte 0x00, 0x28, 0x1A, 0xDB, 0x38, 0x1C, 0x01, 0x21, 0xF5, 0xF7, 0x14, 0xFA, 0x21, 0x68, 0x7D, 0x20
	.byte 0x88, 0x80, 0x82, 0x23, 0x9B, 0x00, 0xFA, 0x18, 0x10, 0x78, 0x20, 0x21, 0x08, 0x43, 0x10, 0x70
	.byte 0x81, 0x24, 0xA4, 0x00, 0x38, 0x19, 0x01, 0x68, 0x97, 0x22, 0x92, 0x00, 0x88, 0x18, 0x00, 0x68
	.byte 0x00, 0x28, 0x02, 0xDB, 0x7C, 0x20, 0x88, 0x80, 0x30, 0xE0, 0x80, 0x23, 0x9B, 0x00, 0xFD, 0x18
	.byte 0x28, 0x68, 0x97, 0x24, 0xA4, 0x00, 0x00, 0x19, 0x00, 0x68, 0x00, 0x28, 0x26, 0xDB, 0x81, 0x20
	.byte 0x80, 0x00, 0x3C, 0x18, 0x20, 0x68, 0x14, 0xF0, 0xF3, 0xFA, 0x00, 0x06, 0x00, 0x28, 0x0F, 0xD0
	.byte 0x21, 0x68, 0x28, 0x68, 0xC0, 0x68, 0xC8, 0x60, 0x21, 0x68, 0x28, 0x68, 0x00, 0x69, 0x08, 0x61
	.byte 0x21, 0x68, 0x28, 0x68, 0x40, 0x69, 0x48, 0x61, 0x21, 0x68, 0x28, 0x68, 0x80, 0x69, 0x88, 0x61
	.byte 0x38, 0x1C, 0x00, 0x21, 0xF5, 0xF7, 0xD6, 0xF9, 0x21, 0x68, 0x7D, 0x20, 0x88, 0x80, 0x82, 0x21
	.byte 0x89, 0x00, 0x7A, 0x18, 0x10, 0x78, 0x20, 0x21, 0x08, 0x43, 0x10, 0x70, 0x81, 0x22, 0x92, 0x00
	.byte 0xBD, 0x18, 0x29, 0x68, 0x88, 0x69, 0x00, 0x28, 0x05, 0xD1, 0x1D, 0x4B, 0xC8, 0x18, 0x01, 0x78
	.byte 0x40, 0x22, 0x11, 0x43, 0x01, 0x70, 0x2A, 0x68, 0x1A, 0x4E, 0x90, 0x19, 0x01, 0x78, 0x02, 0x20
	.byte 0x08, 0x40, 0x00, 0x28, 0x1E, 0xD0, 0x10, 0x1C, 0x14, 0xF0, 0xBA, 0xFA, 0x2B, 0x68, 0x00, 0x06
	.byte 0x00, 0x0E, 0x9B, 0x19, 0x01, 0x24, 0x20, 0x40, 0x40, 0x00, 0x1A, 0x78, 0x03, 0x21, 0x49, 0x42
	.byte 0x11, 0x40, 0x01, 0x43, 0x19, 0x70, 0x2A, 0x68, 0x90, 0x19, 0x01, 0x78, 0x89, 0x07, 0xC9, 0x0F
	.byte 0x0B, 0x48, 0x12, 0x18, 0x21, 0x40, 0x49, 0x01, 0x13, 0x78, 0x21, 0x20, 0x40, 0x42, 0x18, 0x40
	.byte 0x08, 0x43, 0x10, 0x70, 0x28, 0x68, 0x80, 0x19, 0x01, 0x78, 0x01, 0x20, 0x08, 0x40, 0x00, 0x28
	.byte 0x2B, 0xD0, 0x3C, 0x1C, 0x30, 0x34, 0x00, 0x25, 0x03, 0x49, 0x7E, 0x18, 0x08, 0xE0, 0x00, 0x00
	.byte 0x0D, 0x02, 0x00, 0x00, 0x5A, 0x03, 0x00, 0x00, 0x0B, 0x01, 0x00, 0x00, 0x01, 0x35, 0x04, 0x34
	.byte 0x30, 0x78, 0x02, 0x38, 0x85, 0x42, 0x09, 0xDA, 0x81, 0x22, 0x92, 0x00, 0xB8, 0x18, 0x00, 0x68
	.byte 0x21, 0x68, 0x12, 0xF0, 0xE5, 0xFA, 0x00, 0x06, 0x00, 0x28, 0xEF, 0xD0, 0x30, 0x78, 0x02, 0x38
	.byte 0x85, 0x42, 0x0A, 0xD1, 0x81, 0x23, 0x9B, 0x00, 0xF8, 0x18, 0x01, 0x68, 0x29, 0x4C, 0x09, 0x19
	.byte 0x0A, 0x78, 0x02, 0x20, 0x40, 0x42, 0x10, 0x40, 0x08, 0x70, 0x80, 0x20, 0x80, 0x00, 0x3E, 0x18
	.byte 0x30, 0x68, 0x04, 0x21, 0x40, 0x5E, 0x7B, 0x28, 0x07, 0xDC, 0x81, 0x22, 0x92, 0x00, 0xB8, 0x18
	.byte 0x00, 0x68, 0x04, 0x23, 0xC0, 0x5E, 0x7B, 0x28, 0x46, 0xDD, 0x81, 0x24, 0xA4, 0x00, 0x3D, 0x19
	.byte 0x28, 0x68, 0x1D, 0x49, 0x10, 0xF0, 0x8E, 0xF9, 0x30, 0x68, 0x1C, 0x49, 0x10, 0xF0, 0x8A, 0xF9
	.byte 0x2A, 0x68, 0x10, 0x34, 0x12, 0x19, 0x13, 0x78, 0x08, 0x21, 0x49, 0x42, 0x08, 0x1C, 0x18, 0x40
	.byte 0x02, 0x23, 0x18, 0x43, 0x10, 0x70, 0x30, 0x68, 0x00, 0x19, 0x02, 0x78, 0x11, 0x40, 0x19, 0x43
	.byte 0x01, 0x70, 0x28, 0x68, 0xDB, 0x21, 0x89, 0x00, 0x40, 0x18, 0x00, 0x68, 0xE8, 0xF7, 0x12, 0xF8
	.byte 0x29, 0x68, 0x0F, 0x4A, 0x89, 0x18, 0x08, 0x78, 0x40, 0x22, 0x10, 0x43, 0x08, 0x70, 0x34, 0x68
	.byte 0x28, 0x68, 0x91, 0x21, 0x89, 0x00, 0x43, 0x18, 0x00, 0x22, 0x1A, 0x80, 0x09, 0x4B, 0xC0, 0x18
	.byte 0x02, 0x80, 0x61, 0x18, 0x0A, 0x80, 0xE4, 0x18, 0x22, 0x80, 0xDA, 0x20, 0xE0, 0xF7, 0x2E, 0xFC
	.byte 0x71, 0xE0, 0x00, 0x00, 0x5A, 0x03, 0x00, 0x00, 0x02, 0x10, 0x00, 0x00, 0x01, 0x10, 0x00, 0x00
	.byte 0x0D, 0x02, 0x00, 0x00, 0x42, 0x02, 0x00, 0x00, 0x0D, 0x4B, 0xF8, 0x18, 0x01, 0x78, 0x40, 0x20
	.byte 0x08, 0x40, 0x00, 0x28, 0x04, 0xD1, 0x0B, 0x4C, 0x39, 0x19, 0x08, 0x88, 0x01, 0x38, 0x08, 0x80
	.byte 0x09, 0x49, 0x78, 0x18, 0x01, 0x78, 0x02, 0x20, 0x08, 0x40, 0x00, 0x28, 0x05, 0xD1, 0x05, 0x4A
	.byte 0xB8, 0x18, 0x00, 0x23, 0xC0, 0x5E, 0x00, 0x28, 0x4D, 0xDC, 0x02, 0x24, 0x03, 0x94, 0x4E, 0xE0
	.byte 0x6A, 0x02, 0x00, 0x00, 0x6E, 0x02, 0x00, 0x00, 0x0A, 0x02, 0x00, 0x00, 0x81, 0x20, 0x80, 0x00
	.byte 0x3D, 0x18, 0x29, 0x68, 0x38, 0x1C, 0xF4, 0xF7, 0x2B, 0xFF, 0x00, 0x06, 0x00, 0x28, 0x0A, 0xD1
	.byte 0x29, 0x68, 0x88, 0x69, 0x00, 0x28, 0x0C, 0xD0, 0x49, 0x78, 0x09, 0x06, 0x09, 0x16, 0x01, 0x20
	.byte 0x40, 0x42, 0x81, 0x42, 0x05, 0xD1, 0x28, 0x68, 0x0E, 0xF0, 0xD0, 0xFE, 0x00, 0x06, 0x00, 0x28
	.byte 0x1A, 0xD1, 0x81, 0x21, 0x89, 0x00, 0x7C, 0x18, 0x20, 0x68, 0x0E, 0xF0, 0xC7, 0xFE, 0x00, 0x06
	.byte 0x00, 0x0E, 0x01, 0x28, 0x08, 0xD1, 0x21, 0x68, 0xC8, 0x68, 0x06, 0x4A, 0x10, 0x40, 0xC8, 0x60
	.byte 0x21, 0x68, 0x08, 0x69, 0x10, 0x40, 0x08, 0x61, 0x20, 0x68, 0x0D, 0xF0, 0xBB, 0xFD, 0x02, 0x22
	.byte 0x03, 0x92, 0x14, 0xE0, 0x00, 0xFF, 0xFF, 0xFF, 0x28, 0x68, 0x3C, 0x1C, 0x28, 0x34, 0x21, 0x1C
	.byte 0x0D, 0xF0, 0xCA, 0xF9, 0x28, 0x68, 0x0D, 0xF0, 0xD9, 0xFB, 0x28, 0x68, 0x21, 0x1C, 0x00, 0x22
	.byte 0x00, 0x23, 0x16, 0xF0, 0x99, 0xFE
_08038E32:
	ldr r3, [sp, #0x00C]
	cmp r3, #0x00
	bne _08038E3A
	b _08039050
_08038E3A:
	movs r4, #0x81
	lsls r4, r4, #0x02
	adds r6, r7, r4
	ldr r3, [r6, #0x00]
	movs r0, #0x80
	lsls r0, r0, #0x02
	adds r0, r0, r7
	mov r8, r0
	ldr r2, [r0, #0x00]
	movs r1, #0x80
	lsls r1, r1, #0x01
	adds r5, r7, r1
	ldrh r4, [r5, #0x00]
	mov r12, r4
	ldr r0, _08038F68 @ =0x0000023E
	adds r1, r2, r0
	movs r4, #0x00
	mov r10, r4
	movs r4, #0x00
	mov r9, r4
	mov r4, r12
	strh r4, [r1, #0x00]
	ldrh r1, [r5, #0x00]
	adds r0, r3, r0
	strh r1, [r0, #0x00]
	ldrh r0, [r5, #0x00]
	movs r1, #0x98
	lsls r1, r1, #0x02
	adds r2, r2, r1
	strh r0, [r2, #0x00]
	ldrh r0, [r5, #0x00]
	adds r3, r3, r1
	strh r0, [r3, #0x00]
	ldr r1, [r6, #0x00]
	adds r0, r1, #0x0
	adds r0, #0x24
	ldrb r0, [r0, #0x00]
	lsls r0, r0, #0x05
	strb r0, [r1, #0x02]
	mov r0, r8
	ldr r1, [r0, #0x00]
	adds r0, r1, #0x0
	adds r0, #0x24
	ldrb r0, [r0, #0x00]
	lsls r0, r0, #0x05
	strb r0, [r1, #0x02]
	ldr r2, [r6, #0x00]
	movs r4, #0x85
	lsls r4, r4, #0x02
	adds r2, r2, r4
	ldrb r3, [r2, #0x00]
	movs r1, #0x08
	negs r1, r1
	adds r0, r1, #0x0
	ands r0, r3
	movs r3, #0x03
	orrs r0, r3
	strb r0, [r2, #0x00]
	mov r2, r8
	ldr r0, [r2, #0x00]
	adds r0, r0, r4
	ldrb r2, [r0, #0x00]
	ands r1, r2
	orrs r1, r3
	strb r1, [r0, #0x00]
	ldr r0, [r6, #0x00]
	ldr r1, _08038F6C @ =0x00001002
	bl sub_8049000
	mov r3, r8
	ldr r0, [r3, #0x00]
	ldr r1, _08038F70 @ =0x00001001
	bl sub_8049000
	ldr r0, [r6, #0x00]
	movs r4, #0xDB
	lsls r4, r4, #0x02
	adds r0, r0, r4
	ldr r0, [r0, #0x00]
	bl sub_8020D40
	movs r0, #0xAB
	lsls r0, r0, #0x01
	bl stop_sfx_80195A8
	movs r0, #0xDA
	bl stop_sfx_80195A8
	ldr r0, [sp, #0x00C]
	cmp r0, #0x01
	bne _08038F7C
	ldr r1, [r6, #0x00]
	ldr r2, _08038F74 @ =0x0000020D
	adds r1, r1, r2
	ldrb r2, [r1, #0x00]
	movs r0, #0x41
	negs r0, r0
	ands r0, r2
	strb r0, [r1, #0x00]
	mov r3, r8
	ldr r1, [r3, #0x00]
	ldr r0, [r6, #0x00]
	ldr r2, _08038F78 @ =0x00000242
	adds r0, r0, r2
	mov r4, r9
	strh r4, [r0, #0x00]
	adds r1, r1, r2
	strh r4, [r1, #0x00]
	ldr r1, [r3, #0x00]
	ldr r0, [r6, #0x00]
	adds r2, #0x02
	adds r0, r0, r2
	strh r4, [r0, #0x00]
	adds r1, r1, r2
	strh r4, [r1, #0x00]
	ldr r4, [r6, #0x00]
	ldr r2, [r3, #0x00]
	ldr r3, [r2, #0x0C]
	cmp r3, #0x00
	bge _08038F2C
	adds r3, #0xFF
_08038F2C:
	asrs r3, r3, #0x08
	ldr r0, [r2, #0x10]
	cmp r0, #0x00
	bge _08038F36
	adds r0, #0xFF
_08038F36:
	asrs r0, r0, #0x08
	str r0, [sp, #0x000]
	ldr r1, [r2, #0x14]
	ldr r0, [r2, #0x18]
	adds r0, r1, r0
	cmp r0, #0x00
	bge _08038F46
	adds r0, #0xFF
_08038F46:
	asrs r0, r0, #0x08
	str r0, [sp, #0x004]
	ldrh r0, [r5, #0x00]
	str r0, [sp, #0x008]
	adds r0, r4, #0x0
	movs r1, #0x01
	movs r2, #0x00
	bl sub_8045A94
	ldr r2, [r6, #0x00]
	mov r0, r8
	ldr r1, [r0, #0x00]
	movs r0, #0x7F
	strh r0, [r1, #0x04]
	strh r0, [r2, #0x04]
	b _08039050
	.byte 0x00, 0x00
_08038F68: .4byte 0x0000023E
_08038F6C: .4byte 0x00001002
_08038F70: .4byte 0x00001001
_08038F74: .4byte 0x0000020D
_08038F78: .4byte 0x00000242
_08038F7C:
	ldr r0, [r6, #0x00]
	movs r1, #0xDA
	lsls r1, r1, #0x02
	adds r0, r0, r1
	ldr r2, [r0, #0x00]
	mov r3, r8
	ldr r0, [r3, #0x00]
	adds r0, r0, r1
	ldr r0, [r0, #0x00]
	mov r4, r10
	strb r4, [r0, #0x00]
	strb r4, [r2, #0x00]
	ldr r1, [r6, #0x00]
	ldr r0, [r3, #0x00]
	mov r2, r9
	strh r2, [r0, #0x04]
	strh r2, [r1, #0x04]
	ldr r3, [r6, #0x00]
	mov r4, r8
	ldr r2, [r4, #0x00]
	ldr r5, _08039060 @ =0x00000351
	adds r2, r2, r5
	ldrb r4, [r2, #0x00]
	movs r1, #0x41
	negs r1, r1
	adds r0, r1, #0x0
	ands r0, r4
	strb r0, [r2, #0x00]
	adds r3, r3, r5
	ldrb r0, [r3, #0x00]
	ands r1, r0
	strb r1, [r3, #0x00]
	ldr r2, [r6, #0x00]
	mov r0, r8
	ldr r1, [r0, #0x00]
	adds r5, #0x07
	adds r1, r1, r5
	ldrb r3, [r1, #0x00]
	movs r4, #0x09
	negs r4, r4
	adds r0, r4, #0x0
	ands r0, r3
	strb r0, [r1, #0x00]
	adds r2, r2, r5
	ldrb r1, [r2, #0x00]
	adds r0, r4, #0x0
	ands r0, r1
	strb r0, [r2, #0x00]
	ldr r1, [r6, #0x00]
	ldr r3, _08039064 @ =0x0000020D
	adds r1, r1, r3
	ldrb r2, [r1, #0x00]
	movs r0, #0x21
	negs r0, r0
	ands r0, r2
	strb r0, [r1, #0x00]
	ldr r1, [r6, #0x00]
	adds r1, r1, r3
	ldrb r0, [r1, #0x00]
	movs r2, #0x40
	orrs r0, r2
	strb r0, [r1, #0x00]
	ldr r1, [r6, #0x00]
	ldr r3, _08039068 @ =0x0000035A
	adds r1, r1, r3
	ldrb r2, [r1, #0x00]
	movs r0, #0x02
	negs r0, r0
	ands r0, r2
	strb r0, [r1, #0x00]
	ldr r1, [r6, #0x00]
	adds r1, r1, r3
	ldrb r2, [r1, #0x00]
	movs r0, #0x03
	negs r0, r0
	ands r0, r2
	strb r0, [r1, #0x00]
	ldr r1, _0803906C @ =0x00000246
	adds r2, r7, r1
	ldrb r1, [r2, #0x00]
	movs r0, #0x1D
	negs r0, r0
	ands r0, r1
	strb r0, [r2, #0x00]
	ldr r3, _08039070 @ =0x0000020B
	adds r2, r7, r3
	ldrb r1, [r2, #0x00]
	movs r0, #0x7F
	ands r0, r1
	strb r0, [r2, #0x00]
	movs r0, #0x82
	lsls r0, r0, #0x02
	adds r2, r7, r0
	ldrb r0, [r2, #0x00]
	movs r1, #0x01
	orrs r0, r1
	strb r0, [r2, #0x00]
	ldr r2, _08039074 @ =0x0000020A
	adds r1, r7, r2
	ldrb r0, [r1, #0x00]
	ands r4, r0
	strb r4, [r1, #0x00]
	adds r0, r7, #0x0
	movs r1, #0x00
	bl sub_802DF80
_08039050:
	add sp, #0x010
	pop {r3, r4, r5}
	mov r8, r3
	mov r9, r4
	mov r10, r5
	pop {r4, r5, r6, r7}
	pop {r0}
	bx r0
_08039060: .4byte 0x00000351
_08039064: .4byte 0x0000020D
_08039068: .4byte 0x0000035A
_0803906C: .4byte 0x00000246
_08039070: .4byte 0x0000020B
_08039074: .4byte 0x0000020A
	thumb_func_start sub_8039078
sub_8039078:
	push {r4, r5, r6, r7, lr}
	mov r7, r9
	mov r6, r8
	push {r6, r7}
	adds r7, r0, #0x0
	movs r1, #0x01
	movs r2, #0x01
	bl sub_802C4D4
	movs r0, #0x80
	lsls r0, r0, #0x02
	adds r4, r7, r0
	ldr r0, [r4, #0x00]
	bl sub_804FC90
	ldr r1, [r4, #0x00]
	adds r0, r7, #0x0
	movs r2, #0x00
	movs r3, #0x00
	bl sub_802DDB4
	movs r1, #0x80
	lsls r1, r1, #0x02
	adds r5, r7, r1
	ldr r4, [r5, #0x00]
	adds r0, r4, #0x0
	adds r0, #0x54
	ldrb r0, [r0, #0x00]
	cmp r0, #0x00
	bne _080390D6
	movs r2, #0x81
	lsls r2, r2, #0x02
	adds r3, r7, r2
	ldr r0, [r3, #0x00]
	movs r1, #0xDA
	lsls r1, r1, #0x02
	adds r0, r0, r1
	ldr r2, [r0, #0x00]
	adds r1, r4, r1
	ldr r1, [r1, #0x00]
	movs r0, #0x0F
	strb r0, [r1, #0x00]
	strb r0, [r2, #0x00]
	ldr r2, [r3, #0x00]
	ldr r1, [r5, #0x00]
	movs r0, #0x88
	b _080390F6
_080390D6:
	movs r0, #0x81
	lsls r0, r0, #0x02
	adds r3, r7, r0
	ldr r0, [r3, #0x00]
	movs r1, #0xDA
	lsls r1, r1, #0x02
	adds r0, r0, r1
	ldr r2, [r0, #0x00]
	adds r1, r4, r1
	ldr r1, [r1, #0x00]
	movs r0, #0x0E
	strb r0, [r1, #0x00]
	strb r0, [r2, #0x00]
	ldr r2, [r3, #0x00]
	ldr r1, [r5, #0x00]
	movs r0, #0x80
_080390F6:
	strh r0, [r1, #0x04]
	strh r0, [r2, #0x04]
	movs r1, #0x81
	lsls r1, r1, #0x02
	adds r6, r7, r1
	ldr r2, [r6, #0x00]
	movs r3, #0x80
	lsls r3, r3, #0x02
	adds r3, r3, r7
	mov r8, r3
	ldr r1, [r3, #0x00]
	ldr r3, _08039230 @ =0x00000351
	adds r1, r1, r3
	ldrb r0, [r1, #0x00]
	movs r5, #0x40
	orrs r0, r5
	strb r0, [r1, #0x00]
	adds r2, r2, r3
	ldrb r0, [r2, #0x00]
	orrs r0, r5
	strb r0, [r2, #0x00]
	ldr r2, [r6, #0x00]
	mov r0, r8
	ldr r1, [r0, #0x00]
	movs r4, #0xD6
	lsls r4, r4, #0x02
	adds r1, r1, r4
	ldrb r0, [r1, #0x00]
	movs r3, #0x08
	orrs r0, r3
	strb r0, [r1, #0x00]
	adds r2, r2, r4
	ldrb r0, [r2, #0x00]
	orrs r0, r3
	strb r0, [r2, #0x00]
	ldr r1, [r6, #0x00]
	ldr r2, _08039234 @ =0x00000212
	adds r1, r1, r2
	ldrb r0, [r1, #0x00]
	orrs r0, r5
	strb r0, [r1, #0x00]
	ldr r1, [r6, #0x00]
	ldr r3, _08039238 @ =0x0000020D
	adds r1, r1, r3
	ldrb r0, [r1, #0x00]
	movs r2, #0x20
	orrs r0, r2
	strb r0, [r1, #0x00]
	ldr r1, [r6, #0x00]
	ldr r5, _0803923C @ =0x0000035A
	adds r1, r1, r5
	ldrb r0, [r1, #0x00]
	movs r2, #0x02
	mov r9, r2
	mov r3, r9
	orrs r0, r3
	strb r0, [r1, #0x00]
	movs r5, #0x82
	lsls r5, r5, #0x02
	adds r2, r7, r5
	ldrb r1, [r2, #0x00]
	movs r0, #0x02
	negs r0, r0
	ands r0, r1
	strb r0, [r2, #0x00]
	ldr r0, _08039240 @ =0x0000020B
	adds r2, r7, r0
	ldrb r0, [r2, #0x00]
	movs r1, #0x80
	orrs r0, r1
	strb r0, [r2, #0x00]
	ldr r2, [r6, #0x00]
	movs r1, #0x85
	lsls r1, r1, #0x02
	adds r2, r2, r1
	ldrb r1, [r2, #0x00]
	movs r0, #0x08
	negs r0, r0
	ands r0, r1
	movs r1, #0x04
	orrs r0, r1
	strb r0, [r2, #0x00]
	ldr r2, [r6, #0x00]
	adds r0, r2, #0x0
	adds r0, #0x54
	ldrb r0, [r0, #0x00]
	ldr r1, _08039244 @ =0x0000103F
	cmp r0, #0x00
	bne _080391AA
	subs r1, #0x1A
_080391AA:
	adds r0, r2, #0x0
	bl sub_8049000
	ldr r4, [r6, #0x00]
	mov r2, r8
	ldr r0, [r2, #0x00]
	ldr r2, [r0, #0x14]
	ldr r0, [r0, #0x18]
	adds r2, r2, r0
	ldr r0, [r4, #0x14]
	ldr r1, [r4, #0x18]
	adds r0, r0, r1
	subs r0, r2, r0
	cmp r0, #0x00
	bge _080391CA
	adds r0, #0xFF
_080391CA:
	asrs r1, r0, #0x08
	adds r1, #0x10
	adds r0, r7, #0x0
	adds r0, #0xFB
	ldrb r0, [r0, #0x00]
	lsls r0, r0, #0x1D
	lsrs r0, r0, #0x1F
	movs r2, #0xEE
	asrs r2, r0
	movs r3, #0x80
	lsls r3, r3, #0x01
	adds r0, r7, r3
	movs r3, #0x00
	ldsh r5, [r0, r3]
	mov r8, r5
	adds r0, r4, #0x0
	mov r3, r8
	bl sub_80400B0
	ldr r0, [r6, #0x00]
	movs r5, #0xA5
	lsls r5, r5, #0x02
	adds r0, r0, r5
	ldr r2, [r0, #0x00]
	ldrb r1, [r2, #0x12]
	movs r0, #0x07
	negs r0, r0
	ands r0, r1
	mov r1, r9
	orrs r0, r1
	strb r0, [r2, #0x12]
	ldr r2, _08039248 @ =0x0000026E
	adds r1, r7, r2
	movs r0, #0x00
	strh r0, [r1, #0x00]
	ldr r3, _0803924C @ =0x00000272
	adds r1, r7, r3
	movs r0, #0x1E
	strh r0, [r1, #0x00]
	movs r1, #0x01
	negs r1, r1
	movs r0, #0x3C
	bl play_sfx_80195B4
	pop {r3, r4}
	mov r8, r3
	mov r9, r4
	pop {r4, r5, r6, r7}
	pop {r0}
	bx r0
	.byte 0x00, 0x00
_08039230: .4byte 0x00000351
_08039234: .4byte 0x00000212
_08039238: .4byte 0x0000020D
_0803923C: .4byte 0x0000035A
_08039240: .4byte 0x0000020B
_08039244: .4byte 0x0000103F
_08039248: .4byte 0x0000026E
_0803924C: .4byte 0x00000272
	thumb_func_start sub_8039250
sub_8039250:
	push {r4, r5, r6, r7, lr}
	mov r7, r8
	push {r7}
	add sp, #-0x00C
	mov r8, r0
	movs r0, #0x81
	lsls r0, r0, #0x02
	add r0, r8
	ldr r0, [r0, #0x00]
	ldrh r1, [r0, #0x04]
	adds r0, r1, #0x0
	subs r0, #0x80
	lsls r0, r0, #0x10
	lsrs r0, r0, #0x10
	cmp r0, #0x03
	bls _0803927C
	adds r0, r1, #0x0
	subs r0, #0x88
	lsls r0, r0, #0x10
	lsrs r0, r0, #0x10
	cmp r0, #0x03
	bhi _08039300
_0803927C:
	movs r7, #0x80
	lsls r7, r7, #0x02
	add r7, r8
	ldr r1, [r7, #0x00]
	adds r0, r1, #0x0
	adds r0, #0x54
	ldrb r0, [r0, #0x00]
	ldr r2, _08039320 @ =0x0839F6CE
	cmp r0, #0x00
	bne _08039292
	ldr r2, _08039324 @ =0x0839F730
_08039292:
	movs r3, #0x24
	cmp r0, #0x00
	bne _0803929A
	movs r3, #0x20
_0803929A:
	movs r4, #0xA5
	lsls r4, r4, #0x02
	adds r0, r1, r4
	ldr r1, [r0, #0x00]
	ldr r6, _08039328 @ =0x0000026E
	add r6, r8
	movs r5, #0x00
	ldsh r0, [r6, r5]
	lsls r0, r0, #0x01
	adds r0, r0, r2
	ldrb r0, [r0, #0x00]
	lsls r0, r0, #0x18
	asrs r0, r0, #0x18
	lsls r0, r0, #0x04
	strh r0, [r1, #0x04]
	ldr r0, [r7, #0x00]
	adds r0, r0, r4
	ldr r5, [r0, #0x00]
	movs r1, #0x00
	ldsh r0, [r6, r1]
	lsls r0, r0, #0x01
	adds r0, r0, r2
	ldrb r0, [r0, #0x01]
	lsls r0, r0, #0x18
	asrs r0, r0, #0x18
	lsls r0, r0, #0x08
	adds r1, r3, #0x0
	bl __divsi3
	strh r0, [r5, #0x06]
	ldr r1, [r7, #0x00]
	adds r4, r1, r4
	ldr r0, [r4, #0x00]
	movs r2, #0x06
	ldsh r0, [r0, r2]
	movs r2, #0x00
	cmp r0, #0xFF
	bgt _080392EC
	movs r3, #0x01
	negs r3, r3
	adds r2, r3, #0x0
_080392EC:
	ldr r5, _0803932C @ =0x0000023B
	adds r0, r1, r5
	strb r2, [r0, #0x00]
	movs r1, #0x00
	ldsh r0, [r6, r1]
	cmp r0, #0x30
	bge _08039300
	ldrh r0, [r6, #0x00]
	adds r0, #0x01
	strh r0, [r6, #0x00]
_08039300:
	movs r0, #0x81
	lsls r0, r0, #0x02
	add r0, r8
	ldr r0, [r0, #0x00]
	ldrh r0, [r0, #0x04]
	subs r0, #0x80
	lsls r0, r0, #0x10
	asrs r0, r0, #0x10
	cmp r0, #0x0F
	bls _08039316
	b _080399D6
_08039316:
	lsls r0, r0, #0x02
	ldr r1, _08039330 @ =0x08039334
	adds r0, r0, r1
	ldr r0, [r0, #0x00]
	mov pc, r0
_08039320: .4byte 0x0839F6CE
_08039324: .4byte 0x0839F730
_08039328: .4byte 0x0000026E
_0803932C: .4byte 0x0000023B
_08039330: .4byte 0x08039334
	.byte 0x74, 0x93, 0x03, 0x08, 0x18, 0x94, 0x03, 0x08, 0x5C, 0x94, 0x03, 0x08, 0xC8, 0x94, 0x03, 0x08
	.byte 0x84, 0x96, 0x03, 0x08, 0xF8, 0x96, 0x03, 0x08, 0x80, 0x97, 0x03, 0x08, 0x90, 0x98, 0x03, 0x08
	.byte 0x74, 0x93, 0x03, 0x08, 0x18, 0x94, 0x03, 0x08, 0x5C, 0x94, 0x03, 0x08, 0xC8, 0x94, 0x03, 0x08
	.byte 0x84, 0x96, 0x03, 0x08, 0xF8, 0x96, 0x03, 0x08, 0x80, 0x97, 0x03, 0x08, 0x90, 0x98, 0x03, 0x08
	.byte 0x81, 0x24, 0xA4, 0x00, 0x44, 0x44, 0x20, 0x68, 0x06, 0xF0, 0xA2, 0xFF, 0x24, 0x48, 0x40, 0x44
	.byte 0x01, 0x78, 0x40, 0x20, 0x08, 0x40, 0x00, 0x28, 0x0E, 0xD1, 0x23, 0x68, 0x5C, 0x69, 0x99, 0x69
	.byte 0x61, 0x18, 0x80, 0x20, 0x80, 0x00, 0x40, 0x44, 0x00, 0x68, 0x42, 0x69, 0x80, 0x69, 0x10, 0x18
	.byte 0x81, 0x42, 0x01, 0xDA, 0x00, 0x1B, 0x98, 0x61, 0x81, 0x23, 0x9B, 0x00, 0x43, 0x44, 0x18, 0x68
	.byte 0xA5, 0x22, 0x92, 0x00, 0x80, 0x18, 0x00, 0x68, 0x81, 0x7C, 0x08, 0x20, 0x08, 0x40, 0x00, 0x28
	.byte 0x00, 0xD1, 0x06, 0xE3, 0x80, 0x20, 0x80, 0x00, 0x40, 0x44, 0x01, 0x68, 0x88, 0x88, 0x01, 0x30
	.byte 0x88, 0x80, 0x19, 0x68, 0x88, 0x88, 0x01, 0x30, 0x88, 0x80, 0x9C, 0x21, 0x89, 0x00, 0x41, 0x44
	.byte 0x10, 0x20, 0x08, 0x80, 0x19, 0x68, 0x85, 0x25, 0xAD, 0x00, 0x49, 0x19, 0x0A, 0x78, 0x18, 0x38
	.byte 0x10, 0x40, 0x08, 0x70, 0x18, 0x68, 0xA5, 0x21, 0x89, 0x00, 0x40, 0x18, 0x02, 0x68, 0x91, 0x7C
	.byte 0x07, 0x20, 0x40, 0x42, 0x08, 0x40, 0x02, 0x21, 0x08, 0x43, 0x90, 0x74, 0xE1, 0xE2, 0x00, 0x00
	.byte 0x09, 0x02, 0x00, 0x00, 0x9C, 0x21, 0x89, 0x00, 0x41, 0x44, 0x08, 0x88, 0x01, 0x38, 0x08, 0x80
	.byte 0x00, 0x04, 0x00, 0x28, 0x00, 0xD0, 0xD4, 0xE2, 0x80, 0x20, 0x80, 0x00, 0x40, 0x44, 0x01, 0x68
	.byte 0x88, 0x88, 0x01, 0x30, 0x88, 0x80, 0x81, 0x22, 0x92, 0x00, 0x42, 0x44, 0x11, 0x68, 0x88, 0x88
	.byte 0x01, 0x30, 0x88, 0x80, 0x11, 0x68, 0x85, 0x22, 0x92, 0x00, 0x89, 0x18, 0x0A, 0x78, 0x08, 0x20
	.byte 0x40, 0x42, 0x10, 0x40, 0x08, 0x70, 0xBC, 0xE2, 0x81, 0x23, 0x9B, 0x00, 0x43, 0x44, 0x19, 0x68
	.byte 0x88, 0x69, 0x80, 0x22, 0xD2, 0x00, 0x80, 0x18, 0x88, 0x61, 0x9C, 0x21, 0x89, 0x00, 0x41, 0x44
	.byte 0x08, 0x88, 0x80, 0x18, 0x08, 0x80, 0x00, 0x04, 0x11, 0x49, 0x88, 0x42, 0x00, 0xDC, 0xA8, 0xE2
	.byte 0x80, 0x20, 0x80, 0x00, 0x40, 0x44, 0x01, 0x68, 0x88, 0x88, 0x01, 0x30, 0x88, 0x80, 0x19, 0x68
	.byte 0x88, 0x88, 0x01, 0x30, 0x88, 0x80, 0x1A, 0x68, 0x85, 0x25, 0xAD, 0x00, 0x52, 0x19, 0x11, 0x78
	.byte 0x08, 0x20, 0x40, 0x42, 0x08, 0x40, 0x01, 0x21, 0x08, 0x43, 0x10, 0x70, 0x18, 0x68, 0xA5, 0x21
	.byte 0x89, 0x00, 0x40, 0x18, 0x00, 0x68, 0x20, 0x30, 0xF0, 0x21, 0x01, 0x70, 0x89, 0xE2, 0x00, 0x00
	.byte 0x00, 0x00, 0xFF, 0x11, 0x81, 0x24, 0xA4, 0x00, 0x44, 0x44, 0x21, 0x68, 0x85, 0x22, 0x92, 0x00
	.byte 0x8B, 0x18, 0x1A, 0x78, 0x07, 0x20, 0x10, 0x40, 0x00, 0x28, 0x23, 0xD1, 0x08, 0x1C, 0x06, 0xF0
	.byte 0xEF, 0xFE, 0x0F, 0x48, 0x40, 0x44, 0x01, 0x78, 0x40, 0x20, 0x08, 0x40, 0x00, 0x28, 0x49, 0xD1
	.byte 0x23, 0x68, 0x5D, 0x69, 0x99, 0x69, 0x69, 0x18, 0x80, 0x20, 0x80, 0x00, 0x40, 0x44, 0x00, 0x68
	.byte 0x42, 0x69, 0x80, 0x69, 0x10, 0x18, 0x81, 0x42, 0x3C, 0xDA, 0x40, 0x1B, 0x98, 0x61, 0x20, 0x68
	.byte 0x97, 0x23, 0x9B, 0x00, 0xC0, 0x18, 0x01, 0x21, 0x49, 0x42, 0x01, 0x60, 0x32, 0xE0, 0x00, 0x00
	.byte 0x09, 0x02, 0x00, 0x00, 0xA5, 0x25, 0xAD, 0x00, 0x48, 0x19, 0x00, 0x68, 0x23, 0x30, 0x00, 0x78
	.byte 0x00, 0x28, 0x27, 0xD1, 0x08, 0x20, 0x40, 0x42, 0x10, 0x40, 0x18, 0x70, 0x22, 0x68, 0x10, 0x1C
	.byte 0x54, 0x30, 0x00, 0x78, 0x3F, 0x49, 0x00, 0x28, 0x00, 0xD1, 0x01, 0x39, 0x10, 0x1C, 0x0F, 0xF0
	.byte 0x55, 0xFD, 0x21, 0x68, 0x3C, 0x48, 0x09, 0x18, 0x0A, 0x78, 0x41, 0x20, 0x40, 0x42, 0x10, 0x40
	.byte 0x08, 0x70, 0x20, 0x68, 0x01, 0x23, 0x5B, 0x42, 0x00, 0x21, 0x1A, 0x1C, 0x06, 0xF0, 0x3E, 0xFE
	.byte 0x21, 0x68, 0x93, 0x22, 0x92, 0x00, 0x89, 0x18, 0x80, 0x20, 0x80, 0x00, 0x40, 0x44, 0x00, 0x68
	.byte 0x40, 0x69, 0x08, 0x60, 0x31, 0x48, 0x40, 0x44, 0x00, 0x23, 0xC0, 0x5E, 0x30, 0x28, 0x00, 0xD0
	.byte 0x1F, 0xE2, 0x81, 0x26, 0xB6, 0x00, 0x46, 0x44, 0x30, 0x68, 0x97, 0x25, 0xAD, 0x00, 0x40, 0x19
	.byte 0x01, 0x68, 0x01, 0x20, 0x40, 0x42, 0x81, 0x42, 0x00, 0xD0, 0x12, 0xE2, 0x5C, 0x3D, 0x45, 0x44
	.byte 0x29, 0x68, 0x88, 0x88, 0x01, 0x30, 0x00, 0x23, 0x88, 0x80, 0x31, 0x68, 0x88, 0x88, 0x01, 0x30
	.byte 0x88, 0x80, 0x31, 0x68, 0x20, 0x48, 0x09, 0x18, 0x0A, 0x78, 0x41, 0x20, 0x40, 0x42, 0x10, 0x40
	.byte 0x08, 0x70, 0x82, 0x22, 0x92, 0x00, 0x42, 0x44, 0x10, 0x78, 0x01, 0x21, 0x08, 0x43, 0x10, 0x70
	.byte 0x28, 0x68, 0xA5, 0x22, 0x92, 0x00, 0x80, 0x18, 0x00, 0x68, 0x80, 0x21, 0x49, 0x00, 0x81, 0x80
	.byte 0x28, 0x68, 0x80, 0x18, 0x00, 0x68, 0xC1, 0x80, 0x28, 0x68, 0x15, 0x49, 0x40, 0x18, 0x03, 0x70
	.byte 0x32, 0x68, 0x85, 0x24, 0xA4, 0x00, 0x12, 0x19, 0x13, 0x78, 0x08, 0x21, 0x49, 0x42, 0x08, 0x1C
	.byte 0x18, 0x40, 0x03, 0x23, 0x18, 0x43, 0x10, 0x70, 0x28, 0x68, 0x00, 0x19, 0x02, 0x78, 0x11, 0x40
	.byte 0x19, 0x43, 0x01, 0x70, 0x32, 0x68, 0x10, 0x1C, 0x54, 0x30, 0x00, 0x78, 0x00, 0x28, 0x13, 0xD1
	.byte 0x08, 0x49, 0x10, 0x1C, 0x0F, 0xF0, 0xE2, 0xFC, 0x28, 0x68, 0x02, 0x49, 0x0F, 0xF0, 0xDE, 0xFC
	.byte 0x12, 0xE0, 0x00, 0x00, 0x02, 0x10, 0x00, 0x00, 0x12, 0x02, 0x00, 0x00, 0x6E, 0x02, 0x00, 0x00
	.byte 0x3B, 0x02, 0x00, 0x00, 0x01, 0x10, 0x00, 0x00, 0x06, 0x49, 0x10, 0x1C, 0x0F, 0xF0, 0xCE, 0xFC
	.byte 0x28, 0x68, 0x05, 0x49, 0x0F, 0xF0, 0xCA, 0xFC, 0x04, 0x49, 0x41, 0x44, 0x08, 0x20, 0x08, 0x80
	.byte 0xAF, 0xE1, 0x00, 0x00, 0x02, 0x10, 0x00, 0x00, 0x01, 0x10, 0x00, 0x00, 0x6E, 0x02, 0x00, 0x00
	.byte 0x1A, 0x49, 0x41, 0x44, 0x08, 0x88, 0x01, 0x38, 0x08, 0x80, 0x00, 0x04, 0x00, 0x28, 0x00, 0xD0
	.byte 0x9F, 0xE1, 0x80, 0x25, 0xAD, 0x00, 0x45, 0x44, 0x29, 0x68, 0x88, 0x88, 0x01, 0x30, 0x88, 0x80
	.byte 0x81, 0x20, 0x80, 0x00, 0x40, 0x44, 0x01, 0x68, 0x88, 0x88, 0x01, 0x30, 0x88, 0x80, 0x2A, 0x68
	.byte 0x24, 0x32, 0x13, 0x78, 0x59, 0x07, 0x49, 0x0F, 0x04, 0x31, 0x07, 0x20, 0x01, 0x40, 0x08, 0x24
	.byte 0x64, 0x42, 0x20, 0x1C, 0x18, 0x40, 0x08, 0x43, 0x10, 0x70, 0x28, 0x68, 0x08, 0x49, 0x01, 0x23
	.byte 0x5B, 0x42, 0x75, 0x22, 0x06, 0xF0, 0x8A, 0xFD, 0x29, 0x68, 0x85, 0x22, 0x92, 0x00, 0x89, 0x18
	.byte 0x08, 0x78, 0x04, 0x40, 0x01, 0x20, 0x04, 0x43, 0x0C, 0x70, 0x72, 0xE1, 0x6E, 0x02, 0x00, 0x00
	.byte 0x7A, 0x02, 0x00, 0x00, 0x80, 0x24, 0xA4, 0x00, 0x44, 0x44, 0x20, 0x68, 0x06, 0xF0, 0xE0, 0xFD
	.byte 0x20, 0x68, 0x0C, 0xF0, 0x67, 0xFF, 0x20, 0x68, 0x41, 0x46, 0x28, 0x31, 0x00, 0x22, 0x00, 0x23
	.byte 0x16, 0xF0, 0x26, 0xFA, 0x21, 0x68, 0x97, 0x23, 0x9B, 0x00, 0xC8, 0x18, 0x05, 0x68, 0x01, 0x20
	.byte 0x40, 0x42, 0x85, 0x42, 0x00, 0xD0, 0x54, 0xE1, 0x88, 0x88, 0x01, 0x30, 0x88, 0x80, 0x81, 0x20
	.byte 0x80, 0x00, 0x40, 0x44, 0x01, 0x68, 0x88, 0x88, 0x01, 0x30, 0x88, 0x80, 0x22, 0x68, 0x10, 0x1C
	.byte 0x54, 0x30, 0x00, 0x78, 0x0B, 0x49, 0x00, 0x28, 0x00, 0xD1, 0x1E, 0x39, 0x10, 0x1C, 0x0F, 0xF0
	.byte 0x55, 0xFC, 0x09, 0x49, 0x41, 0x44, 0x3C, 0x20, 0x08, 0x80, 0x20, 0x68, 0x54, 0x30, 0x00, 0x78
	.byte 0xFE, 0x21, 0x00, 0x28, 0x00, 0xD1, 0xF0, 0x21, 0x08, 0x1C, 0x29, 0x1C, 0xDF, 0xF7, 0x20, 0xFF
	.byte 0x2F, 0xE1, 0x00, 0x00, 0x84, 0x10, 0x00, 0x00, 0x6E, 0x02, 0x00, 0x00, 0x17, 0x49, 0x41, 0x44
	.byte 0x08, 0x88, 0x01, 0x38, 0x08, 0x80, 0x00, 0x04, 0x00, 0x28, 0x00, 0xD0, 0x21, 0xE1, 0x81, 0x26
	.byte 0xB6, 0x00, 0x46, 0x44, 0x34, 0x68, 0x80, 0x27, 0xBF, 0x00, 0x47, 0x44, 0x3A, 0x68, 0x85, 0x25
	.byte 0xAD, 0x00, 0x52, 0x19, 0x13, 0x78, 0x08, 0x21, 0x49, 0x42, 0x08, 0x1C, 0x18, 0x40, 0x03, 0x23
	.byte 0x18, 0x43, 0x10, 0x70, 0x64, 0x19, 0x20, 0x78, 0x01, 0x40, 0x19, 0x43, 0x21, 0x70, 0x36, 0x68
	.byte 0x30, 0x1C, 0x54, 0x30, 0x00, 0x78, 0x00, 0x28, 0x0E, 0xD1, 0x05, 0x49, 0x30, 0x1C, 0x0F, 0xF0
	.byte 0x15, 0xFC, 0x38, 0x68, 0x03, 0x49, 0x0F, 0xF0, 0x11, 0xFC, 0x0D, 0xE0, 0x6E, 0x02, 0x00, 0x00
	.byte 0x01, 0x10, 0x00, 0x00, 0x02, 0x10, 0x00, 0x00, 0x23, 0x49, 0x30, 0x1C, 0x0F, 0xF0, 0x06, 0xFC
	.byte 0x38, 0x68, 0x22, 0x49, 0x0F, 0xF0, 0x02, 0xFC, 0x81, 0x23, 0x9B, 0x00, 0x43, 0x44, 0x19, 0x68
	.byte 0x1F, 0x4D, 0x49, 0x19, 0x0A, 0x78, 0x41, 0x20, 0x40, 0x42, 0x10, 0x40, 0x08, 0x70, 0x1D, 0x48
	.byte 0x40, 0x44, 0x01, 0x78, 0x40, 0x20, 0x08, 0x40, 0x00, 0x28, 0x1E, 0xD1, 0x19, 0x68, 0x80, 0x20
	.byte 0x80, 0x00, 0x40, 0x44, 0x02, 0x68, 0xD3, 0x68, 0x00, 0x2B, 0x00, 0xDA, 0xFF, 0x33, 0x1B, 0x12
	.byte 0x10, 0x69, 0x00, 0x28, 0x00, 0xDA, 0xFF, 0x30, 0x00, 0x12, 0x00, 0x90, 0x50, 0x69, 0x00, 0x28
	.byte 0x00, 0xDA, 0xFF, 0x30, 0x00, 0x12, 0x01, 0x90, 0x0F, 0x4A, 0x88, 0x18, 0x00, 0x88, 0x02, 0x90
	.byte 0x08, 0x1C, 0x01, 0x21, 0x00, 0x22, 0x0C, 0xF0, 0x1B, 0xF9, 0x80, 0x20, 0x80, 0x00, 0x40, 0x44
	.byte 0x01, 0x68, 0x88, 0x88, 0x01, 0x30, 0x88, 0x80, 0x81, 0x20, 0x80, 0x00, 0x40, 0x44, 0x01, 0x68
	.byte 0x88, 0x88, 0x01, 0x30, 0x88, 0x80, 0xAC, 0xE0, 0x02, 0x10, 0x00, 0x00, 0x01, 0x10, 0x00, 0x00
	.byte 0x0D, 0x02, 0x00, 0x00, 0x09, 0x02, 0x00, 0x00, 0x3E, 0x02, 0x00, 0x00, 0x81, 0x25, 0xAD, 0x00
	.byte 0x45, 0x44, 0x29, 0x68, 0x40, 0x46, 0xF4, 0xF7, 0xB7, 0xF9, 0x00, 0x06, 0x00, 0x28, 0x0A, 0xD1
	.byte 0x29, 0x68, 0x88, 0x69, 0x00, 0x28, 0x0C, 0xD0, 0x49, 0x78, 0x09, 0x06, 0x09, 0x16, 0x01, 0x20
	.byte 0x40, 0x42, 0x81, 0x42, 0x05, 0xD1, 0x28, 0x68, 0x0E, 0xF0, 0x5C, 0xF9, 0x00, 0x06, 0x00, 0x28
	.byte 0x78, 0xD1, 0x81, 0x27, 0xBF, 0x00, 0x47, 0x44, 0x38, 0x68, 0x0E, 0xF0, 0x53, 0xF9, 0x00, 0x06
	.byte 0x00, 0x0E, 0x01, 0x28, 0x08, 0xD1, 0x39, 0x68, 0xC8, 0x68, 0x30, 0x4A, 0x10, 0x40, 0xC8, 0x60
	.byte 0x39, 0x68, 0x08, 0x69, 0x10, 0x40, 0x08, 0x61, 0x38, 0x68, 0x0D, 0xF0, 0x47, 0xF8, 0x38, 0x68
	.byte 0xDA, 0x21, 0x89, 0x00, 0x40, 0x18, 0x02, 0x68, 0x80, 0x26, 0xB6, 0x00, 0x46, 0x44, 0x30, 0x68
	.byte 0x40, 0x18, 0x00, 0x68, 0x00, 0x21, 0x01, 0x70, 0x11, 0x70, 0x3A, 0x68, 0x30, 0x68, 0x81, 0x80
	.byte 0x91, 0x80, 0x3A, 0x68, 0x31, 0x68, 0xD6, 0x24, 0xA4, 0x00, 0x09, 0x19, 0x0B, 0x78, 0x09, 0x25
	.byte 0x6D, 0x42, 0x28, 0x1C, 0x18, 0x40, 0x08, 0x70, 0x12, 0x19, 0x11, 0x78, 0x28, 0x1C, 0x08, 0x40
	.byte 0x10, 0x70, 0x3B, 0x68, 0x32, 0x68, 0x1A, 0x4E, 0x92, 0x19, 0x14, 0x78, 0x41, 0x21, 0x49, 0x42
	.byte 0x08, 0x1C, 0x20, 0x40, 0x10, 0x70, 0x9B, 0x19, 0x18, 0x78, 0x01, 0x40, 0x19, 0x70, 0x39, 0x68
	.byte 0x14, 0x4B, 0xC9, 0x18, 0x0A, 0x78, 0x21, 0x20, 0x40, 0x42, 0x10, 0x40, 0x08, 0x70, 0x39, 0x68
	.byte 0xC9, 0x18, 0x08, 0x78, 0x40, 0x22, 0x10, 0x43, 0x08, 0x70, 0x39, 0x68, 0x0E, 0x4B, 0xC9, 0x18
	.byte 0x0A, 0x78, 0x03, 0x20, 0x40, 0x42, 0x10, 0x40, 0x08, 0x70, 0x0C, 0x4A, 0x42, 0x44, 0x11, 0x78
	.byte 0x7F, 0x20, 0x08, 0x40, 0x10, 0x70, 0x0A, 0x49, 0x41, 0x44, 0x08, 0x78, 0x05, 0x40, 0x0D, 0x70
	.byte 0x40, 0x46, 0x00, 0x21, 0xF4, 0xF7, 0xF2, 0xFA, 0x1B, 0xE0, 0x00, 0x00, 0x00, 0xFF, 0xFF, 0xFF
	.byte 0x51, 0x03, 0x00, 0x00, 0x0D, 0x02, 0x00, 0x00, 0x5A, 0x03, 0x00, 0x00, 0x0B, 0x02, 0x00, 0x00
	.byte 0x0A, 0x02, 0x00, 0x00, 0x28, 0x68, 0x44, 0x46, 0x28, 0x34, 0x21, 0x1C, 0x0C, 0xF0, 0xF8, 0xFB
	.byte 0x28, 0x68, 0x0C, 0xF0, 0x07, 0xFE, 0x28, 0x68, 0x21, 0x1C, 0x00, 0x22, 0x00, 0x23, 0x16, 0xF0
	.byte 0xC7, 0xF8
_080399D6:
	ldr r1, _080399FC @ =0x00000272
	add r1, r8
	ldrh r0, [r1, #0x00]
	subs r0, #0x01
	strh r0, [r1, #0x00]
	lsls r0, r0, #0x10
	cmp r0, #0x00
	bne _080399F0
	movs r1, #0x01
	negs r1, r1
	movs r0, #0xD6
	bl play_sfx_80195B4
_080399F0:
	add sp, #0x00C
	pop {r3}
	mov r8, r3
	pop {r4, r5, r6, r7}
	pop {r0}
	bx r0
_080399FC: .4byte 0x00000272
	thumb_func_start sub_8039A00
sub_8039A00:
	push {r4, r5, r6, lr}
	mov r6, r9
	mov r5, r8
	push {r5, r6}
	adds r5, r0, #0x0
	movs r1, #0x01
	movs r2, #0x01
	bl sub_802C4D4
	movs r0, #0x80
	lsls r0, r0, #0x02
	adds r4, r5, r0
	ldr r0, [r4, #0x00]
	bl sub_804FC90
	ldr r1, [r4, #0x00]
	adds r0, r5, #0x0
	movs r2, #0x00
	movs r3, #0x00
	bl sub_802DDB4
	movs r1, #0x81
	lsls r1, r1, #0x02
	adds r6, r5, r1
	ldr r0, [r6, #0x00]
	movs r1, #0xDA
	lsls r1, r1, #0x02
	adds r0, r0, r1
	ldr r2, [r0, #0x00]
	movs r3, #0x80
	lsls r3, r3, #0x02
	adds r3, r3, r5
	mov r8, r3
	ldr r0, [r3, #0x00]
	adds r0, r0, r1
	ldr r1, [r0, #0x00]
	movs r0, #0x00
	mov r9, r0
	movs r0, #0x10
	strb r0, [r1, #0x00]
	strb r0, [r2, #0x00]
	ldr r2, [r6, #0x00]
	ldr r1, [r3, #0x00]
	movs r0, #0x90
	strh r0, [r1, #0x04]
	strh r0, [r2, #0x04]
	ldr r2, [r6, #0x00]
	ldr r1, [r3, #0x00]
	ldr r4, _08039B3C @ =0x00000351
	adds r1, r1, r4
	ldrb r0, [r1, #0x00]
	movs r3, #0x40
	orrs r0, r3
	strb r0, [r1, #0x00]
	adds r2, r2, r4
	ldrb r0, [r2, #0x00]
	orrs r0, r3
	strb r0, [r2, #0x00]
	ldr r2, [r6, #0x00]
	mov r3, r8
	ldr r1, [r3, #0x00]
	adds r4, #0x07
	adds r1, r1, r4
	ldrb r0, [r1, #0x00]
	movs r3, #0x08
	orrs r0, r3
	strb r0, [r1, #0x00]
	adds r2, r2, r4
	ldrb r0, [r2, #0x00]
	orrs r0, r3
	strb r0, [r2, #0x00]
	ldr r1, [r6, #0x00]
	ldr r0, _08039B40 @ =0x0000020D
	adds r1, r1, r0
	ldrb r0, [r1, #0x00]
	movs r2, #0x20
	orrs r0, r2
	strb r0, [r1, #0x00]
	ldr r1, [r6, #0x00]
	ldr r2, _08039B44 @ =0x0000035A
	adds r1, r1, r2
	ldrb r0, [r1, #0x00]
	movs r2, #0x02
	orrs r0, r2
	strb r0, [r1, #0x00]
	ldr r0, [r6, #0x00]
	movs r1, #0x02
	bl sub_804955C
	ldr r3, _08039B48 @ =0x0000026E
	adds r0, r5, r3
	mov r1, r9
	strh r1, [r0, #0x00]
	subs r3, #0x66
	adds r2, r5, r3
	ldrb r1, [r2, #0x00]
	movs r0, #0x02
	negs r0, r0
	ands r0, r1
	strb r0, [r2, #0x00]
	ldr r0, _08039B4C @ =0x0000020B
	adds r5, r5, r0
	ldrb r0, [r5, #0x00]
	movs r1, #0x80
	orrs r0, r1
	strb r0, [r5, #0x00]
	mov r2, r8
	ldr r1, [r2, #0x00]
	adds r3, #0x0C
	mov r9, r3
	add r1, r9
	ldrb r2, [r1, #0x00]
	movs r4, #0x08
	negs r4, r4
	adds r0, r4, #0x0
	ands r0, r2
	movs r5, #0x04
	orrs r0, r5
	strb r0, [r1, #0x00]
	mov r1, r8
	ldr r0, [r1, #0x00]
	ldr r1, _08039B50 @ =0x0000104D
	bl sub_8049000
	ldr r0, [r6, #0x00]
	add r0, r9
	ldrb r1, [r0, #0x00]
	ands r4, r1
	orrs r4, r5
	strb r4, [r0, #0x00]
	ldr r0, [r6, #0x00]
	ldr r1, _08039B54 @ =0x00001026
	bl sub_8049000
	mov r2, r8
	ldr r1, [r2, #0x00]
	movs r3, #0xA5
	lsls r3, r3, #0x02
	adds r0, r1, r3
	ldr r0, [r0, #0x00]
	adds r0, #0x20
	movs r2, #0x08
	strb r2, [r0, #0x00]
	ldr r0, _08039B58 @ =0x00000239
	adds r1, r1, r0
	strb r2, [r1, #0x00]
	subs r0, #0xE2
	movs r1, #0x01
	negs r1, r1
	bl play_sfx_80195B4
	pop {r3, r4}
	mov r8, r3
	mov r9, r4
	pop {r4, r5, r6}
	pop {r0}
	bx r0
	.byte 0x00, 0x00
_08039B3C: .4byte 0x00000351
_08039B40: .4byte 0x0000020D
_08039B44: .4byte 0x0000035A
_08039B48: .4byte 0x0000026E
_08039B4C: .4byte 0x0000020B
_08039B50: .4byte 0x0000104D
_08039B54: .4byte 0x00001026
_08039B58: .4byte 0x00000239
	thumb_func_start sub_8039B5C
sub_8039B5C:
	push {r4, r5, r6, lr}
	mov r6, r9
	mov r5, r8
	push {r5, r6}
	adds r5, r0, #0x0
	movs r1, #0x01
	movs r2, #0x01
	bl sub_802C4D4
	movs r0, #0x80
	lsls r0, r0, #0x02
	adds r4, r5, r0
	ldr r0, [r4, #0x00]
	bl sub_804FC90
	ldr r1, [r4, #0x00]
	adds r0, r5, #0x0
	movs r2, #0x00
	movs r3, #0x00
	bl sub_802DDB4
	movs r1, #0x81
	lsls r1, r1, #0x02
	adds r6, r5, r1
	ldr r0, [r6, #0x00]
	movs r1, #0xDA
	lsls r1, r1, #0x02
	adds r0, r0, r1
	ldr r2, [r0, #0x00]
	movs r3, #0x80
	lsls r3, r3, #0x02
	adds r3, r3, r5
	mov r9, r3
	ldr r0, [r3, #0x00]
	adds r0, r0, r1
	ldr r1, [r0, #0x00]
	movs r0, #0x00
	mov r8, r0
	movs r0, #0x11
	strb r0, [r1, #0x00]
	strb r0, [r2, #0x00]
	ldr r2, [r6, #0x00]
	ldr r1, [r3, #0x00]
	movs r0, #0x98
	strh r0, [r1, #0x04]
	strh r0, [r2, #0x04]
	ldr r2, [r6, #0x00]
	ldr r1, [r3, #0x00]
	ldr r4, _08039C84 @ =0x00000351
	adds r1, r1, r4
	ldrb r0, [r1, #0x00]
	movs r3, #0x40
	orrs r0, r3
	strb r0, [r1, #0x00]
	adds r2, r2, r4
	ldrb r0, [r2, #0x00]
	orrs r0, r3
	strb r0, [r2, #0x00]
	ldr r2, [r6, #0x00]
	mov r3, r9
	ldr r1, [r3, #0x00]
	adds r4, #0x07
	adds r1, r1, r4
	ldrb r0, [r1, #0x00]
	movs r3, #0x08
	orrs r0, r3
	strb r0, [r1, #0x00]
	adds r2, r2, r4
	ldrb r0, [r2, #0x00]
	orrs r0, r3
	strb r0, [r2, #0x00]
	ldr r1, [r6, #0x00]
	ldr r0, _08039C88 @ =0x0000020D
	adds r1, r1, r0
	ldrb r0, [r1, #0x00]
	movs r2, #0x20
	orrs r0, r2
	strb r0, [r1, #0x00]
	ldr r1, [r6, #0x00]
	ldr r3, _08039C8C @ =0x0000035A
	adds r1, r1, r3
	ldrb r0, [r1, #0x00]
	movs r2, #0x02
	orrs r0, r2
	strb r0, [r1, #0x00]
	ldr r0, [r6, #0x00]
	movs r1, #0x02
	bl sub_804955C
	ldr r1, _08039C90 @ =0x0000026E
	adds r0, r5, r1
	mov r3, r8
	strh r3, [r0, #0x00]
	movs r0, #0x82
	lsls r0, r0, #0x02
	adds r2, r5, r0
	ldrb r1, [r2, #0x00]
	movs r0, #0x02
	negs r0, r0
	ands r0, r1
	strb r0, [r2, #0x00]
	ldr r1, _08039C94 @ =0x0000020B
	adds r5, r5, r1
	ldrb r0, [r5, #0x00]
	movs r1, #0x80
	orrs r0, r1
	strb r0, [r5, #0x00]
	mov r3, r9
	ldr r1, [r3, #0x00]
	movs r0, #0x85
	lsls r0, r0, #0x02
	mov r8, r0
	add r1, r8
	ldrb r2, [r1, #0x00]
	movs r4, #0x08
	negs r4, r4
	adds r0, r4, #0x0
	ands r0, r2
	movs r5, #0x04
	orrs r0, r5
	strb r0, [r1, #0x00]
	ldr r0, [r3, #0x00]
	ldr r1, _08039C98 @ =0x00001034
	bl sub_8049000
	ldr r0, [r6, #0x00]
	add r0, r8
	ldrb r1, [r0, #0x00]
	ands r4, r1
	orrs r4, r5
	strb r4, [r0, #0x00]
	ldr r0, [r6, #0x00]
	movs r1, #0x82
	lsls r1, r1, #0x05
	bl sub_8049000
	movs r1, #0x01
	negs r1, r1
	movs r0, #0x87
	bl play_sfx_80195B4
	pop {r3, r4}
	mov r8, r3
	mov r9, r4
	pop {r4, r5, r6}
	pop {r0}
	bx r0
	.byte 0x00, 0x00
_08039C84: .4byte 0x00000351
_08039C88: .4byte 0x0000020D
_08039C8C: .4byte 0x0000035A
_08039C90: .4byte 0x0000026E
_08039C94: .4byte 0x0000020B
_08039C98: .4byte 0x00001034
	thumb_func_start sub_8039C9C
sub_8039C9C:
	push {r4, r5, r6, r7, lr}
	mov r7, r9
	mov r6, r8
	push {r6, r7}
	add sp, #-0x00C
	mov r8, r0
	movs r0, #0x80
	lsls r0, r0, #0x02
	add r0, r8
	ldr r1, [r0, #0x00]
	mov r0, r8
	bl sub_80303C4
	movs r4, #0x81
	lsls r4, r4, #0x02
	add r4, r8
	ldr r1, [r4, #0x00]
	mov r0, r8
	bl sub_80303C4
	ldr r0, [r4, #0x00]
	ldrh r0, [r0, #0x04]
	subs r0, #0x90
	lsls r0, r0, #0x10
	asrs r0, r0, #0x10
	cmp r0, #0x0F
	bls _08039CD4
	b _0803A2CE
_08039CD4:
	lsls r0, r0, #0x02
	ldr r1, _08039CE0 @ =0x08039CE4
	adds r0, r0, r1
	ldr r0, [r0, #0x00]
	mov pc, r0
	.byte 0x00, 0x00
_08039CE0: .4byte 0x08039CE4
	.byte 0x24, 0x9D, 0x03, 0x08, 0x9E, 0x9E, 0x03, 0x08, 0x0C, 0x9F, 0x03, 0x08, 0xB4, 0x9F, 0x03, 0x08
	.byte 0x70, 0xA0, 0x03, 0x08, 0xE4, 0xA0, 0x03, 0x08, 0x80, 0xA1, 0x03, 0x08, 0x98, 0xA1, 0x03, 0x08
	.byte 0x24, 0x9D, 0x03, 0x08, 0x9E, 0x9E, 0x03, 0x08, 0x0C, 0x9F, 0x03, 0x08, 0xB4, 0x9F, 0x03, 0x08
	.byte 0x70, 0xA0, 0x03, 0x08, 0xE4, 0xA0, 0x03, 0x08, 0x80, 0xA1, 0x03, 0x08, 0x98, 0xA1, 0x03, 0x08
	.byte 0x3C, 0x49, 0x41, 0x44, 0x0A, 0x88, 0x00, 0x23, 0xC8, 0x5E, 0xD0, 0x23, 0x43, 0x44, 0x99, 0x46
	.byte 0x3B, 0x28, 0x4E, 0xDC, 0x50, 0x1C, 0x08, 0x80, 0x81, 0x20, 0x80, 0x00, 0x40, 0x44, 0x00, 0x68
	.byte 0x04, 0x21, 0x40, 0x5E, 0x34, 0x4D, 0x90, 0x28, 0x00, 0xD1, 0x34, 0x4D, 0x31, 0x4E, 0x46, 0x44
	.byte 0x04, 0x27, 0x29, 0x88, 0x00, 0x22, 0xB0, 0x5E, 0x81, 0x42, 0x36, 0xD1, 0x81, 0x24, 0xA4, 0x00
	.byte 0x44, 0x44, 0x20, 0x68, 0xDB, 0x23, 0x9B, 0x00, 0xC0, 0x18, 0x00, 0x68, 0x69, 0x88, 0x00, 0x22
	.byte 0x00, 0x92, 0x00, 0x23, 0xE4, 0xF7, 0xEA, 0xF9, 0x80, 0x20, 0x80, 0x00, 0x40, 0x44, 0x01, 0x68
	.byte 0xA5, 0x22, 0x92, 0x00, 0x88, 0x18, 0x00, 0x68, 0xAA, 0x88, 0x20, 0x30, 0x02, 0x70, 0x24, 0x4B
	.byte 0xC9, 0x18, 0x0A, 0x70, 0x00, 0x21, 0x70, 0x5E, 0x3B, 0x28, 0x16, 0xD1, 0x20, 0x68, 0x54, 0x30
	.byte 0x00, 0x78, 0x87, 0x21, 0x00, 0x28, 0x00, 0xD1, 0xD0, 0x31, 0x08, 0x1C, 0xDF, 0xF7, 0xFA, 0xFB
	.byte 0x20, 0x68, 0x54, 0x30, 0x00, 0x78, 0xAB, 0x21, 0x49, 0x00, 0x00, 0x28, 0x00, 0xD1, 0x02, 0x31
	.byte 0x08, 0x1C, 0x01, 0x21, 0x49, 0x42, 0xDF, 0xF7, 0xF3, 0xFB, 0x01, 0x3F, 0x06, 0x35, 0x00, 0x2F
	.byte 0xBF, 0xD1, 0x4A, 0x46, 0x11, 0x68, 0x81, 0x24, 0xA4, 0x00, 0x44, 0x44, 0x22, 0x68, 0xDA, 0x23
	.byte 0x9B, 0x00, 0xD0, 0x18, 0x00, 0x68, 0x09, 0x88, 0x80, 0x88, 0x08, 0x40, 0x00, 0x28, 0x00, 0xD0
	.byte 0x6B, 0xE2, 0x08, 0x48, 0x40, 0x44, 0x00, 0x21, 0x40, 0x5E, 0x3B, 0x28, 0x12, 0xDC, 0x10, 0x1C
	.byte 0x54, 0x30, 0x00, 0x78, 0x87, 0x21, 0x00, 0x28, 0x00, 0xD1, 0xD0, 0x31, 0x08, 0x1C, 0xDF, 0xF7
	.byte 0xC9, 0xFB, 0x5E, 0xE2, 0x6E, 0x02, 0x00, 0x00, 0x7C, 0xFB, 0x39, 0x08, 0x64, 0xFB, 0x39, 0x08
	.byte 0x39, 0x02, 0x00, 0x00, 0x10, 0x1C, 0x54, 0x30, 0x00, 0x78, 0xAB, 0x21, 0x49, 0x00, 0x00, 0x28
	.byte 0x00, 0xD1, 0x02, 0x31, 0x08, 0x1C, 0xDF, 0xF7, 0xB5, 0xFB, 0x21, 0x68, 0x88, 0x88, 0x01, 0x30
	.byte 0x88, 0x80, 0x80, 0x20, 0x80, 0x00, 0x40, 0x44, 0x01, 0x68, 0x88, 0x88, 0x01, 0x30, 0x88, 0x80
	.byte 0x20, 0x68, 0xCE, 0x22, 0x92, 0x00, 0x81, 0x18, 0x0A, 0x68, 0x38, 0x23, 0xD1, 0x5E, 0x40, 0x18
	.byte 0xD2, 0x6B, 0x01, 0x21, 0xA0, 0xF1, 0x02, 0xFE, 0x20, 0x68, 0xA5, 0x21, 0x89, 0x00, 0x40, 0x18
	.byte 0x02, 0x68, 0x91, 0x7C, 0x07, 0x20, 0x40, 0x42, 0x08, 0x40, 0x02, 0x21, 0x08, 0x43, 0x90, 0x74
	.byte 0x20, 0x68, 0x54, 0x30, 0x00, 0x78, 0x9A, 0x22, 0x00, 0x28, 0x00, 0xD1, 0x9C, 0x22, 0x01, 0x21
	.byte 0x49, 0x42, 0x10, 0x1C, 0xDF, 0xF7, 0x8C, 0xFB, 0x17, 0xE2, 0x81, 0x25, 0xAD, 0x00, 0x45, 0x44
	.byte 0x2A, 0x68, 0xA5, 0x23, 0x9B, 0x00, 0xD0, 0x18, 0x00, 0x68, 0x81, 0x7C, 0x08, 0x20, 0x08, 0x40
	.byte 0x00, 0x28, 0x00, 0xD1, 0x09, 0xE2, 0x85, 0x20, 0x80, 0x00, 0x12, 0x18, 0x11, 0x78, 0x08, 0x20
	.byte 0x40, 0x42, 0x08, 0x40, 0x10, 0x70, 0x29, 0x68, 0x88, 0x88, 0x01, 0x30, 0x00, 0x22, 0x88, 0x80
	.byte 0x80, 0x20, 0x80, 0x00, 0x40, 0x44, 0x01, 0x68, 0x88, 0x88, 0x01, 0x30, 0x88, 0x80, 0x28, 0x68
	.byte 0xDB, 0x24, 0xA4, 0x00, 0x00, 0x19, 0x00, 0x68, 0x00, 0x92, 0x05, 0x21, 0x00, 0x23, 0xE4, 0xF7
	.byte 0x2D, 0xF9, 0x28, 0x68, 0x00, 0x19, 0x02, 0x68, 0x91, 0x7C, 0x07, 0x20, 0x40, 0x42, 0x08, 0x40
	.byte 0x02, 0x21, 0x08, 0x43, 0x90, 0x74, 0xE0, 0xE1, 0x81, 0x25, 0xAD, 0x00, 0x45, 0x44, 0x28, 0x68
	.byte 0xDB, 0x26, 0xB6, 0x00, 0x80, 0x19, 0x01, 0x68, 0x08, 0x1C, 0x21, 0x30, 0x00, 0x78, 0x05, 0x28
	.byte 0x00, 0xD0, 0xD2, 0xE1, 0x89, 0x7C, 0x08, 0x20, 0x08, 0x40, 0x00, 0x28, 0x00, 0xD1, 0xCC, 0xE1
	.byte 0x80, 0x24, 0xA4, 0x00, 0x44, 0x44, 0x21, 0x68, 0x88, 0x88, 0x01, 0x30, 0x88, 0x80, 0x29, 0x68
	.byte 0x88, 0x88, 0x01, 0x30, 0x88, 0x80, 0x22, 0x68, 0x10, 0x1C, 0x54, 0x30, 0x00, 0x78, 0x15, 0x49
	.byte 0x00, 0x28, 0x00, 0xD1, 0x19, 0x39, 0x10, 0x1C, 0x0F, 0xF0, 0x50, 0xF8, 0x28, 0x68, 0x80, 0x19
	.byte 0x00, 0x68, 0xE6, 0xF7, 0xEB, 0xFE, 0x22, 0x68, 0xA5, 0x21, 0x89, 0x00, 0x50, 0x18, 0x01, 0x68
	.byte 0x40, 0x46, 0xFB, 0x30, 0x00, 0x78, 0xC0, 0x08, 0x20, 0x31, 0x08, 0x70, 0x0A, 0x4B, 0xD2, 0x18
	.byte 0x10, 0x70, 0x20, 0x68, 0x09, 0x49, 0x01, 0x25, 0x6D, 0x42, 0x75, 0x22, 0x2B, 0x1C, 0x06, 0xF0
	.byte 0x2D, 0xF9, 0x20, 0x68, 0x54, 0x30, 0x00, 0x78, 0x23, 0x21, 0x00, 0x28, 0x00, 0xD0, 0xE3, 0xE0
	.byte 0x11, 0x21, 0xE1, 0xE0, 0x4E, 0x10, 0x00, 0x00, 0x39, 0x02, 0x00, 0x00, 0x2C, 0x05, 0x00, 0x00
	.byte 0x80, 0x25, 0xAD, 0x00, 0x45, 0x44, 0x28, 0x68, 0x06, 0xF0, 0x82, 0xF9, 0x28, 0x68, 0x0C, 0xF0
	.byte 0x09, 0xFB, 0x28, 0x68, 0x41, 0x46, 0x28, 0x31, 0x00, 0x22, 0x00, 0x23, 0x15, 0xF0, 0xC8, 0xFD
	.byte 0x2A, 0x68, 0x97, 0x21, 0x89, 0x00, 0x50, 0x18, 0x01, 0x68, 0x01, 0x20, 0x40, 0x42, 0x81, 0x42
	.byte 0x00, 0xD0, 0x72, 0xE1, 0x90, 0x88, 0x01, 0x30, 0x90, 0x80, 0x81, 0x26, 0xB6, 0x00, 0x46, 0x44
	.byte 0x31, 0x68, 0x88, 0x88, 0x01, 0x30, 0x88, 0x80, 0x32, 0x68, 0x85, 0x24, 0xA4, 0x00, 0x12, 0x19
	.byte 0x13, 0x78, 0x08, 0x21, 0x49, 0x42, 0x08, 0x1C, 0x18, 0x40, 0x03, 0x23, 0x18, 0x43, 0x10, 0x70
	.byte 0x28, 0x68, 0x00, 0x19, 0x02, 0x78, 0x11, 0x40, 0x19, 0x43, 0x01, 0x70, 0x2A, 0x68, 0x10, 0x1C
	.byte 0x54, 0x30, 0x00, 0x78, 0x00, 0x28, 0x0D, 0xD1, 0x04, 0x49, 0x10, 0x1C, 0x0E, 0xF0, 0xE6, 0xFF
	.byte 0x30, 0x68, 0x03, 0x49, 0x0E, 0xF0, 0xE2, 0xFF, 0x0C, 0xE0, 0x00, 0x00, 0x01, 0x10, 0x00, 0x00
	.byte 0x02, 0x10, 0x00, 0x00, 0x06, 0x49, 0x10, 0x1C, 0x0E, 0xF0, 0xD8, 0xFF, 0x30, 0x68, 0x05, 0x49
	.byte 0x0E, 0xF0, 0xD4, 0xFF, 0x04, 0x49, 0x41, 0x44, 0x08, 0x20, 0x08, 0x80, 0x35, 0xE1, 0x00, 0x00
	.byte 0x02, 0x10, 0x00, 0x00, 0x01, 0x10, 0x00, 0x00, 0x6E, 0x02, 0x00, 0x00, 0x1A, 0x49, 0x41, 0x44
	.byte 0x08, 0x88, 0x01, 0x38, 0x08, 0x80, 0x00, 0x04, 0x00, 0x28, 0x00, 0xD0, 0x25, 0xE1, 0x80, 0x25
	.byte 0xAD, 0x00, 0x45, 0x44, 0x2A, 0x68, 0x24, 0x32, 0x13, 0x78, 0x59, 0x07, 0x49, 0x0F, 0x04, 0x31
	.byte 0x07, 0x20, 0x01, 0x40, 0x08, 0x24, 0x64, 0x42, 0x20, 0x1C, 0x18, 0x40, 0x08, 0x43, 0x10, 0x70
	.byte 0x28, 0x68, 0x0E, 0x49, 0x01, 0x23, 0x5B, 0x42, 0x75, 0x22, 0x06, 0xF0, 0x9F, 0xF8, 0x29, 0x68
	.byte 0x85, 0x22, 0x92, 0x00, 0x89, 0x18, 0x08, 0x78, 0x04, 0x40, 0x01, 0x20, 0x04, 0x43, 0x0C, 0x70
	.byte 0x29, 0x68, 0x88, 0x88, 0x01, 0x30, 0x88, 0x80, 0x81, 0x20, 0x80, 0x00, 0x40, 0x44, 0x01, 0x68
	.byte 0x88, 0x88, 0x01, 0x30, 0x88, 0x80, 0xF8, 0xE0, 0x6E, 0x02, 0x00, 0x00, 0x7A, 0x02, 0x00, 0x00
	.byte 0x80, 0x24, 0xA4, 0x00, 0x44, 0x44, 0x20, 0x68, 0x06, 0xF0, 0xEA, 0xF8, 0x20, 0x68, 0x0C, 0xF0
	.byte 0x71, 0xFA, 0x20, 0x68, 0x41, 0x46, 0x28, 0x31, 0x00, 0x22, 0x00, 0x23, 0x15, 0xF0, 0x30, 0xFD
	.byte 0x22, 0x68, 0x97, 0x23, 0x9B, 0x00, 0xD0, 0x18, 0x05, 0x68, 0x01, 0x20, 0x40, 0x42, 0x85, 0x42
	.byte 0x00, 0xD0, 0xDA, 0xE0, 0x10, 0x1C, 0x54, 0x30, 0x00, 0x78, 0x16, 0x49, 0x00, 0x28, 0x00, 0xD1
	.byte 0x1E, 0x39, 0x10, 0x1C, 0x0E, 0xF0, 0x6A, 0xFF, 0x21, 0x68, 0x88, 0x88, 0x01, 0x30, 0x88, 0x80
	.byte 0x81, 0x22, 0x92, 0x00, 0x42, 0x44, 0x11, 0x68, 0x88, 0x88, 0x01, 0x30, 0x88, 0x80, 0x0E, 0x49
	.byte 0x41, 0x44, 0x3C, 0x20, 0x08, 0x80, 0x10, 0x68, 0x54, 0x30, 0x00, 0x78, 0x9A, 0x21, 0x00, 0x28
	.byte 0x00, 0xD1, 0x9C, 0x21, 0x08, 0x1C, 0xDF, 0xF7, 0x25, 0xFA, 0x20, 0x68, 0x54, 0x30, 0x00, 0x78
	.byte 0xFE, 0x21, 0x00, 0x28, 0x00, 0xD1, 0xF0, 0x21, 0x08, 0x1C, 0x29, 0x1C, 0xDF, 0xF7, 0x20, 0xFA
	.byte 0xAB, 0xE0, 0x00, 0x00, 0x84, 0x10, 0x00, 0x00, 0x6E, 0x02, 0x00, 0x00, 0x04, 0x49, 0x41, 0x44
	.byte 0x08, 0x88, 0x01, 0x38, 0x08, 0x80, 0x00, 0x04, 0x00, 0x28, 0x00, 0xD0, 0x9D, 0xE0, 0xA0, 0xE0
	.byte 0x6E, 0x02, 0x00, 0x00, 0x81, 0x25, 0xAD, 0x00, 0x45, 0x44, 0x29, 0x68, 0x40, 0x46, 0xF3, 0xF7
	.byte 0x33, 0xFD, 0x00, 0x06, 0x00, 0x28, 0x0A, 0xD1, 0x29, 0x68, 0x88, 0x69, 0x00, 0x28, 0x0C, 0xD0
	.byte 0x49, 0x78, 0x09, 0x06, 0x09, 0x16, 0x01, 0x20, 0x40, 0x42, 0x81, 0x42, 0x05, 0xD1, 0x28, 0x68
	.byte 0x0D, 0xF0, 0xD8, 0xFC, 0x00, 0x06, 0x00, 0x28, 0x70, 0xD1, 0x81, 0x27, 0xBF, 0x00, 0x47, 0x44
	.byte 0x38, 0x68, 0x0D, 0xF0, 0xCF, 0xFC, 0x00, 0x06, 0x00, 0x0E, 0x01, 0x28, 0x08, 0xD1, 0x39, 0x68
	.byte 0xC8, 0x68, 0x2D, 0x4A, 0x10, 0x40, 0xC8, 0x60, 0x39, 0x68, 0x08, 0x69, 0x10, 0x40, 0x08, 0x61
	.byte 0x38, 0x68, 0x0C, 0xF0, 0xC3, 0xFB, 0x38, 0x68, 0xDA, 0x21, 0x89, 0x00, 0x40, 0x18, 0x02, 0x68
	.byte 0x80, 0x26, 0xB6, 0x00, 0x46, 0x44, 0x30, 0x68, 0x40, 0x18, 0x00, 0x68, 0x00, 0x21, 0x01, 0x70
	.byte 0x11, 0x70, 0x3A, 0x68, 0x30, 0x68, 0x81, 0x80, 0x91, 0x80, 0x3A, 0x68, 0x31, 0x68, 0xD6, 0x24
	.byte 0xA4, 0x00, 0x09, 0x19, 0x0B, 0x78, 0x09, 0x25, 0x6D, 0x42, 0x28, 0x1C, 0x18, 0x40, 0x08, 0x70
	.byte 0x12, 0x19, 0x11, 0x78, 0x28, 0x1C, 0x08, 0x40, 0x10, 0x70, 0x3B, 0x68, 0x32, 0x68, 0x17, 0x4E
	.byte 0x92, 0x19, 0x14, 0x78, 0x41, 0x21, 0x49, 0x42, 0x08, 0x1C, 0x20, 0x40, 0x10, 0x70, 0x9B, 0x19
	.byte 0x18, 0x78, 0x01, 0x40, 0x19, 0x70, 0x39, 0x68, 0x11, 0x4B, 0xC9, 0x18, 0x0A, 0x78, 0x21, 0x20
	.byte 0x40, 0x42, 0x10, 0x40, 0x08, 0x70, 0x39, 0x68, 0xC9, 0x18, 0x08, 0x78, 0x40, 0x22, 0x10, 0x43
	.byte 0x08, 0x70, 0x39, 0x68, 0x0B, 0x48, 0x09, 0x18, 0x0A, 0x78, 0x03, 0x20, 0x40, 0x42, 0x10, 0x40
	.byte 0x08, 0x70, 0x09, 0x49, 0x41, 0x44, 0x08, 0x78, 0x05, 0x40, 0x0D, 0x70, 0x40, 0x46, 0x00, 0x21
	.byte 0xF3, 0xF7, 0x74, 0xFE, 0x19, 0xE0, 0x00, 0x00, 0x00, 0xFF, 0xFF, 0xFF, 0x51, 0x03, 0x00, 0x00
	.byte 0x0D, 0x02, 0x00, 0x00, 0x5A, 0x03, 0x00, 0x00, 0x0A, 0x02, 0x00, 0x00, 0x28, 0x68, 0x44, 0x46
	.byte 0x28, 0x34, 0x21, 0x1C, 0x0B, 0xF0, 0x7C, 0xFF, 0x28, 0x68, 0x0C, 0xF0, 0x8B, 0xF9, 0x28, 0x68
	.byte 0x21, 0x1C, 0x00, 0x22, 0x00, 0x23, 0x15, 0xF0, 0x4B, 0xFC
_0803A2CE:
	movs r0, #0x00
	cmp r0, #0x00
	bne _0803A2D6
	b _0803A416
_0803A2D6:
	movs r2, #0x82
	lsls r2, r2, #0x02
	add r2, r8
	ldrb r0, [r2, #0x00]
	movs r1, #0x01
	orrs r0, r1
	strb r0, [r2, #0x00]
	ldr r2, _0803A310 @ =0x0000020B
	add r2, r8
	ldrb r1, [r2, #0x00]
	movs r0, #0x7F
	ands r0, r1
	strb r0, [r2, #0x00]
	movs r0, #0x80
	lsls r0, r0, #0x02
	add r0, r8
	ldr r2, [r0, #0x00]
	adds r0, r2, #0x0
	adds r0, #0x54
	ldrb r0, [r0, #0x00]
	cmp r0, #0x00
	bne _0803A314
	movs r0, #0x81
	lsls r0, r0, #0x02
	add r0, r8
	ldr r1, [r0, #0x00]
	movs r0, #0x9F
	b _0803A31E
	.byte 0x00, 0x00
_0803A310: .4byte 0x0000020B
_0803A314:
	movs r0, #0x81
	lsls r0, r0, #0x02
	add r0, r8
	ldr r1, [r0, #0x00]
	movs r0, #0x97
_0803A31E:
	strh r0, [r1, #0x04]
	strh r0, [r2, #0x04]
	movs r6, #0x81
	lsls r6, r6, #0x02
	add r6, r8
	ldr r2, [r6, #0x00]
	movs r5, #0x85
	lsls r5, r5, #0x02
	adds r2, r2, r5
	ldrb r3, [r2, #0x00]
	movs r1, #0x08
	negs r1, r1
	adds r0, r1, #0x0
	ands r0, r3
	movs r4, #0x03
	orrs r0, r4
	strb r0, [r2, #0x00]
	movs r3, #0x80
	lsls r3, r3, #0x02
	add r3, r8
	ldr r0, [r3, #0x00]
	adds r0, r0, r5
	ldrb r2, [r0, #0x00]
	ands r1, r2
	orrs r1, r4
	strb r1, [r0, #0x00]
	ldr r3, [r3, #0x00]
	adds r0, r3, #0x0
	adds r0, #0x54
	ldrb r0, [r0, #0x00]
	cmp r0, #0x00
	bne _0803A378
	ldr r1, _0803A370 @ =0x00001001
	adds r0, r3, #0x0
	bl sub_8049000
	ldr r0, [r6, #0x00]
	ldr r1, _0803A374 @ =0x00001002
	bl sub_8049000
	b _0803A388
_0803A370: .4byte 0x00001001
_0803A374: .4byte 0x00001002
_0803A378:
	ldr r1, _0803A424 @ =0x00001002
	adds r0, r3, #0x0
	bl sub_8049000
	ldr r0, [r6, #0x00]
	ldr r1, _0803A428 @ =0x00001001
	bl sub_8049000
_0803A388:
	movs r4, #0x81
	lsls r4, r4, #0x02
	add r4, r8
	ldr r0, [r4, #0x00]
	movs r1, #0xDB
	lsls r1, r1, #0x02
	adds r0, r0, r1
	ldr r0, [r0, #0x00]
	bl sub_8020D40
	movs r3, #0x80
	lsls r3, r3, #0x02
	add r3, r8
	ldr r2, [r3, #0x00]
	movs r1, #0xA5
	lsls r1, r1, #0x02
	adds r0, r2, r1
	ldr r1, [r0, #0x00]
	mov r0, r8
	adds r0, #0xFB
	ldrb r0, [r0, #0x00]
	lsrs r0, r0, #0x03
	adds r1, #0x20
	strb r0, [r1, #0x00]
	ldr r1, _0803A42C @ =0x00000239
	adds r2, r2, r1
	strb r0, [r2, #0x00]
	ldr r1, [r4, #0x00]
	ldr r2, _0803A430 @ =0x0000020D
	adds r1, r1, r2
	ldrb r2, [r1, #0x00]
	movs r0, #0x41
	negs r0, r0
	ands r0, r2
	strb r0, [r1, #0x00]
	ldr r0, _0803A434 @ =0x00000209
	add r0, r8
	ldrb r1, [r0, #0x00]
	movs r0, #0x40
	ands r0, r1
	cmp r0, #0x00
	bne _0803A416
	ldr r1, [r4, #0x00]
	ldr r2, [r3, #0x00]
	ldr r3, [r2, #0x0C]
	cmp r3, #0x00
	bge _0803A3E8
	adds r3, #0xFF
_0803A3E8:
	asrs r3, r3, #0x08
	ldr r0, [r2, #0x10]
	cmp r0, #0x00
	bge _0803A3F2
	adds r0, #0xFF
_0803A3F2:
	asrs r0, r0, #0x08
	str r0, [sp, #0x000]
	ldr r0, [r2, #0x14]
	cmp r0, #0x00
	bge _0803A3FE
	adds r0, #0xFF
_0803A3FE:
	asrs r0, r0, #0x08
	str r0, [sp, #0x004]
	movs r0, #0x80
	lsls r0, r0, #0x01
	add r0, r8
	ldrh r0, [r0, #0x00]
	str r0, [sp, #0x008]
	adds r0, r1, #0x0
	movs r1, #0x01
	movs r2, #0x00
	bl sub_8045A94
_0803A416:
	add sp, #0x00C
	pop {r3, r4}
	mov r8, r3
	mov r9, r4
	pop {r4, r5, r6, r7}
	pop {r0}
	bx r0
_0803A424: .4byte 0x00001002
_0803A428: .4byte 0x00001001
_0803A42C: .4byte 0x00000239
_0803A430: .4byte 0x0000020D
_0803A434: .4byte 0x00000209
	thumb_func_start sub_803A438
sub_803A438:
	push {r4, r5, r6, r7, lr}
	adds r6, r0, #0x0
	movs r1, #0x01
	movs r2, #0x01
	bl sub_802C4D4
	movs r0, #0x80
	lsls r0, r0, #0x02
	adds r4, r6, r0
	ldr r0, [r4, #0x00]
	bl sub_804FC90
	ldr r1, [r4, #0x00]
	adds r0, r6, #0x0
	movs r2, #0x00
	movs r3, #0x00
	bl sub_802DDB4
	movs r1, #0x80
	lsls r1, r1, #0x02
	adds r0, r6, r1
	ldr r2, [r0, #0x00]
	adds r0, r2, #0x0
	adds r0, #0x54
	ldrb r0, [r0, #0x00]
	cmp r0, #0x00
	bne _0803A478
	adds r1, #0x04
	adds r0, r6, r1
	ldr r1, [r0, #0x00]
	movs r0, #0x61
	b _0803A482
_0803A478:
	movs r1, #0x81
	lsls r1, r1, #0x02
	adds r0, r6, r1
	ldr r1, [r0, #0x00]
	movs r0, #0x4D
_0803A482:
	strh r0, [r2, #0x04]
	strh r0, [r1, #0x04]
	movs r0, #0x81
	lsls r0, r0, #0x02
	adds r7, r6, r0
	ldr r2, [r7, #0x00]
	movs r1, #0x80
	lsls r1, r1, #0x02
	adds r5, r6, r1
	ldr r1, [r5, #0x00]
	ldr r4, _0803A568 @ =0x00000351
	adds r1, r1, r4
	ldrb r0, [r1, #0x00]
	movs r3, #0x40
	orrs r0, r3
	strb r0, [r1, #0x00]
	adds r2, r2, r4
	ldrb r0, [r2, #0x00]
	orrs r0, r3
	strb r0, [r2, #0x00]
	ldr r2, [r7, #0x00]
	ldr r1, [r5, #0x00]
	movs r3, #0xD6
	lsls r3, r3, #0x02
	adds r1, r1, r3
	ldrb r0, [r1, #0x00]
	movs r4, #0x08
	orrs r0, r4
	strb r0, [r1, #0x00]
	adds r2, r2, r3
	ldrb r0, [r2, #0x00]
	orrs r0, r4
	strb r0, [r2, #0x00]
	ldr r1, [r7, #0x00]
	ldr r0, _0803A56C @ =0x0000020D
	adds r1, r1, r0
	ldrb r0, [r1, #0x00]
	movs r2, #0x20
	orrs r0, r2
	strb r0, [r1, #0x00]
	ldr r1, [r7, #0x00]
	ldr r0, _0803A570 @ =0x0000035A
	adds r1, r1, r0
	ldrb r0, [r1, #0x00]
	movs r2, #0x02
	orrs r0, r2
	strb r0, [r1, #0x00]
	ldr r0, [r7, #0x00]
	movs r1, #0x02
	bl sub_804955C
	ldr r0, _0803A574 @ =0x0000026E
	adds r1, r6, r0
	movs r0, #0x00
	strh r0, [r1, #0x00]
	ldr r1, _0803A578 @ =0x0000020B
	adds r2, r6, r1
	ldrb r0, [r2, #0x00]
	movs r1, #0x80
	orrs r0, r1
	strb r0, [r2, #0x00]
	ldr r0, _0803A57C @ =0x0000020A
	adds r1, r6, r0
	ldrb r0, [r1, #0x00]
	orrs r0, r4
	strb r0, [r1, #0x00]
	ldr r3, [r5, #0x00]
	ldr r0, [r7, #0x00]
	adds r0, #0x24
	ldrb r2, [r0, #0x00]
	lsls r2, r2, #0x1D
	adds r3, #0x24
	lsrs r2, r2, #0x1D
	ldrb r4, [r3, #0x00]
	movs r1, #0x08
	negs r1, r1
	adds r0, r1, #0x0
	ands r0, r4
	orrs r0, r2
	strb r0, [r3, #0x00]
	ldr r2, [r7, #0x00]
	movs r0, #0x85
	lsls r0, r0, #0x02
	adds r2, r2, r0
	ldrb r0, [r2, #0x00]
	ands r1, r0
	movs r0, #0x04
	orrs r1, r0
	strb r1, [r2, #0x00]
	ldr r2, [r7, #0x00]
	ldr r0, [r5, #0x00]
	adds r0, #0x54
	ldrb r0, [r0, #0x00]
	ldr r1, _0803A580 @ =0x00001026
	cmp r0, #0x00
	bne _0803A544
	adds r1, #0x1A
_0803A544:
	adds r0, r2, #0x0
	bl sub_8049000
	ldr r0, [r7, #0x00]
	adds r0, #0x54
	ldrb r0, [r0, #0x00]
	movs r2, #0x87
	cmp r0, #0x00
	bne _0803A558
	adds r2, #0xD0
_0803A558:
	movs r1, #0x01
	negs r1, r1
	adds r0, r2, #0x0
	bl play_sfx_80195B4
	pop {r4, r5, r6, r7}
	pop {r0}
	bx r0
_0803A568: .4byte 0x00000351
_0803A56C: .4byte 0x0000020D
_0803A570: .4byte 0x0000035A
_0803A574: .4byte 0x0000026E
_0803A578: .4byte 0x0000020B
_0803A57C: .4byte 0x0000020A
_0803A580: .4byte 0x00001026
	thumb_func_start sub_803A584
sub_803A584:
	push {r4, r5, r6, r7, lr}
	mov r7, r9
	mov r6, r8
	push {r6, r7}
	add sp, #-0x00C
	mov r8, r0
	movs r0, #0x81
	lsls r0, r0, #0x02
	add r0, r8
	ldr r0, [r0, #0x00]
	ldrh r0, [r0, #0x04]
	subs r0, #0x4D
	lsls r0, r0, #0x10
	asrs r0, r0, #0x10
	cmp r0, #0x17
	bls _0803A5A6
	b _0803AAD6
_0803A5A6:
	lsls r0, r0, #0x02
	ldr r1, _0803A5B0 @ =0x0803A5B4
	adds r0, r0, r1
	ldr r0, [r0, #0x00]
	mov pc, r0
_0803A5B0: .4byte 0x0803A5B4
	.byte 0x14, 0xA6, 0x03, 0x08, 0x32, 0xA8, 0x03, 0x08, 0xB0, 0xA8, 0x03, 0x08, 0xA8, 0xA9, 0x03, 0x08
	.byte 0xD6, 0xAA, 0x03, 0x08, 0xD6, 0xAA, 0x03, 0x08, 0xD6, 0xAA, 0x03, 0x08, 0xD6, 0xAA, 0x03, 0x08
	.byte 0xD6, 0xAA, 0x03, 0x08, 0xD6, 0xAA, 0x03, 0x08, 0xD6, 0xAA, 0x03, 0x08, 0xD6, 0xAA, 0x03, 0x08
	.byte 0xD6, 0xAA, 0x03, 0x08, 0xD6, 0xAA, 0x03, 0x08, 0xD6, 0xAA, 0x03, 0x08, 0xD6, 0xAA, 0x03, 0x08
	.byte 0xD6, 0xAA, 0x03, 0x08, 0xD6, 0xAA, 0x03, 0x08, 0xD6, 0xAA, 0x03, 0x08, 0xD6, 0xAA, 0x03, 0x08
	.byte 0x14, 0xA6, 0x03, 0x08, 0x32, 0xA8, 0x03, 0x08, 0xB0, 0xA8, 0x03, 0x08, 0xA8, 0xA9, 0x03, 0x08
	.byte 0x62, 0x49, 0x41, 0x44, 0x0A, 0x88, 0x00, 0x23, 0xC8, 0x5E, 0xD0, 0x23, 0x43, 0x44, 0x99, 0x46
	.byte 0x3B, 0x28, 0x4E, 0xDC, 0x50, 0x1C, 0x08, 0x80, 0x81, 0x20, 0x80, 0x00, 0x40, 0x44, 0x00, 0x68
	.byte 0x04, 0x21, 0x40, 0x5E, 0x5A, 0x4D, 0x90, 0x28, 0x00, 0xD1, 0x5A, 0x4D, 0x57, 0x4E, 0x46, 0x44
	.byte 0x04, 0x27, 0x29, 0x88, 0x00, 0x22, 0xB0, 0x5E, 0x81, 0x42, 0x36, 0xD1, 0x81, 0x24, 0xA4, 0x00
	.byte 0x44, 0x44, 0x20, 0x68, 0xDB, 0x23, 0x9B, 0x00, 0xC0, 0x18, 0x00, 0x68, 0x69, 0x88, 0x00, 0x22
	.byte 0x00, 0x92, 0x00, 0x23, 0xE3, 0xF7, 0x72, 0xFD, 0x80, 0x20, 0x80, 0x00, 0x40, 0x44, 0x01, 0x68
	.byte 0xA5, 0x22, 0x92, 0x00, 0x88, 0x18, 0x00, 0x68, 0xAA, 0x88, 0x20, 0x30, 0x02, 0x70, 0x4A, 0x4B
	.byte 0xC9, 0x18, 0x0A, 0x70, 0x00, 0x21, 0x70, 0x5E, 0x3B, 0x28, 0x16, 0xD1, 0x20, 0x68, 0x54, 0x30
	.byte 0x00, 0x78, 0x87, 0x21, 0x00, 0x28, 0x00, 0xD1, 0xD0, 0x31, 0x08, 0x1C, 0xDE, 0xF7, 0x82, 0xFF
	.byte 0x20, 0x68, 0x54, 0x30, 0x00, 0x78, 0xAB, 0x21, 0x49, 0x00, 0x00, 0x28, 0x00, 0xD1, 0x02, 0x31
	.byte 0x08, 0x1C, 0x01, 0x21, 0x49, 0x42, 0xDE, 0xF7, 0x7B, 0xFF, 0x01, 0x3F, 0x06, 0x35, 0x00, 0x2F
	.byte 0xBF, 0xD1, 0x4A, 0x46, 0x11, 0x68, 0x81, 0x25, 0xAD, 0x00, 0x45, 0x44, 0x2A, 0x68, 0xDA, 0x23
	.byte 0x9B, 0x00, 0xD0, 0x18, 0x00, 0x68, 0x09, 0x88, 0x80, 0x88, 0x08, 0x40, 0x00, 0x28, 0x00, 0xD0
	.byte 0xF7, 0xE1, 0x2E, 0x48, 0x40, 0x44, 0x00, 0x21, 0x40, 0x5E, 0x3B, 0x28, 0x64, 0xDC, 0x10, 0x1C
	.byte 0x54, 0x30, 0x00, 0x78, 0x87, 0x21, 0x00, 0x28, 0x00, 0xD1, 0xD0, 0x31, 0x08, 0x1C, 0xDE, 0xF7
	.byte 0x51, 0xFF, 0x28, 0x68, 0xDB, 0x22, 0x92, 0x00, 0x80, 0x18, 0x00, 0x68, 0xE6, 0xF7, 0x16, 0xFB
	.byte 0x2A, 0x68, 0x85, 0x23, 0x9B, 0x00, 0xD2, 0x18, 0x11, 0x78, 0x08, 0x20, 0x40, 0x42, 0x08, 0x40
	.byte 0x03, 0x21, 0x08, 0x43, 0x10, 0x70, 0x2A, 0x68, 0x80, 0x24, 0xA4, 0x00, 0x44, 0x44, 0x20, 0x68
	.byte 0x54, 0x30, 0x00, 0x78, 0x1D, 0x49, 0x00, 0x28, 0x00, 0xD1, 0x01, 0x31, 0x10, 0x1C, 0x0E, 0xF0
	.byte 0x5D, 0xFC, 0x28, 0x68, 0x1A, 0x49, 0x40, 0x18, 0x02, 0x78, 0x41, 0x21, 0x49, 0x42, 0x11, 0x40
	.byte 0x01, 0x70, 0x2A, 0x68, 0x21, 0x68, 0xCB, 0x68, 0x00, 0x2B, 0x00, 0xDA, 0xFF, 0x33, 0x1B, 0x12
	.byte 0x08, 0x69, 0x00, 0x28, 0x00, 0xDA, 0xFF, 0x30, 0x00, 0x12, 0x00, 0x90, 0x48, 0x69, 0x00, 0x28
	.byte 0x00, 0xDA, 0xFF, 0x30, 0x00, 0x12, 0x01, 0x90, 0x0E, 0x49, 0x50, 0x18, 0x00, 0x88, 0x02, 0x90
	.byte 0x10, 0x1C, 0x01, 0x21, 0x00, 0x22, 0x0B, 0xF0, 0x83, 0xF9, 0x29, 0x68, 0x88, 0x88, 0x03, 0x30
	.byte 0x88, 0x80, 0x21, 0x68, 0x88, 0x88, 0x03, 0x30, 0x88, 0x80, 0x9A, 0xE1, 0x6E, 0x02, 0x00, 0x00
	.byte 0xAC, 0xFB, 0x39, 0x08, 0x94, 0xFB, 0x39, 0x08, 0x39, 0x02, 0x00, 0x00, 0x01, 0x10, 0x00, 0x00
	.byte 0x0D, 0x02, 0x00, 0x00, 0x3E, 0x02, 0x00, 0x00, 0x10, 0x1C, 0x54, 0x30, 0x00, 0x78, 0xAB, 0x21
	.byte 0x49, 0x00, 0x00, 0x28, 0x00, 0xD1, 0x02, 0x31, 0x08, 0x1C, 0xDE, 0xF7, 0xEB, 0xFE, 0x29, 0x68
	.byte 0x88, 0x88, 0x01, 0x30, 0x88, 0x80, 0x80, 0x20, 0x80, 0x00, 0x40, 0x44, 0x01, 0x68, 0x88, 0x88
	.byte 0x01, 0x30, 0x88, 0x80, 0x28, 0x68, 0xCE, 0x22, 0x92, 0x00, 0x81, 0x18, 0x0A, 0x68, 0x38, 0x23
	.byte 0xD1, 0x5E, 0x40, 0x18, 0xD2, 0x6B, 0x01, 0x21, 0xA0, 0xF1, 0x38, 0xF9, 0x28, 0x68, 0xA5, 0x21
	.byte 0x89, 0x00, 0x40, 0x18, 0x02, 0x68, 0x91, 0x7C, 0x07, 0x20, 0x40, 0x42, 0x08, 0x40, 0x02, 0x21
	.byte 0x08, 0x43, 0x90, 0x74, 0x28, 0x68, 0x54, 0x30, 0x00, 0x78, 0x9A, 0x22, 0x00, 0x28, 0x00, 0xD1
	.byte 0x9C, 0x22, 0x01, 0x21, 0x49, 0x42, 0x10, 0x1C, 0xDE, 0xF7, 0xC2, 0xFE, 0x51, 0xE1, 0x81, 0x25
	.byte 0xAD, 0x00, 0x45, 0x44, 0x28, 0x68, 0xA5, 0x22, 0x92, 0x00, 0x80, 0x18, 0x00, 0x68, 0x81, 0x7C
	.byte 0x08, 0x20, 0x08, 0x40, 0x00, 0x28, 0x00, 0xD1, 0x43, 0xE1, 0x17, 0x49, 0x41, 0x44, 0x00, 0x23
	.byte 0x28, 0x20, 0x08, 0x80, 0x29, 0x68, 0x85, 0x20, 0x80, 0x00, 0x09, 0x18, 0x0A, 0x78, 0x08, 0x20
	.byte 0x40, 0x42, 0x10, 0x40, 0x08, 0x70, 0x29, 0x68, 0x88, 0x88, 0x01, 0x30, 0x88, 0x80, 0x80, 0x20
	.byte 0x80, 0x00, 0x40, 0x44, 0x01, 0x68, 0x88, 0x88, 0x01, 0x30, 0x88, 0x80, 0x28, 0x68, 0xDB, 0x24
	.byte 0xA4, 0x00, 0x00, 0x19, 0x00, 0x68, 0x00, 0x93, 0x05, 0x21, 0x00, 0x22, 0xE3, 0xF7, 0x5E, 0xFC
	.byte 0x28, 0x68, 0x00, 0x19, 0x02, 0x68, 0x91, 0x7C, 0x07, 0x20, 0x40, 0x42, 0x08, 0x40, 0x02, 0x21
	.byte 0x08, 0x43, 0x90, 0x74, 0x15, 0xE1, 0x00, 0x00, 0x6E, 0x02, 0x00, 0x00, 0x81, 0x20, 0x80, 0x00
	.byte 0x40, 0x44, 0x00, 0x68, 0xDB, 0x21, 0x89, 0x00, 0x40, 0x18, 0x02, 0x68, 0x10, 0x1C, 0x21, 0x30
	.byte 0x00, 0x78, 0x05, 0x28, 0x0C, 0xD1, 0x91, 0x7C, 0x08, 0x20, 0x08, 0x40, 0x00, 0x28, 0x07, 0xD0
	.byte 0x00, 0x20, 0x00, 0x90, 0x10, 0x1C, 0x06, 0x21, 0x00, 0x22, 0x00, 0x23, 0xE3, 0xF7, 0x36, 0xFC
	.byte 0x2D, 0x49, 0x41, 0x44, 0x0A, 0x88, 0x00, 0x23, 0xC8, 0x5E, 0x00, 0x28, 0x00, 0xD1, 0xF0, 0xE0
	.byte 0x50, 0x1E, 0x08, 0x80, 0x00, 0x04, 0x06, 0x14, 0x00, 0x2E, 0x00, 0xD0, 0xE9, 0xE0, 0x81, 0x25
	.byte 0xAD, 0x00, 0x45, 0x44, 0x28, 0x68, 0xDB, 0x21, 0x89, 0x00, 0x40, 0x18, 0x00, 0x68, 0xE6, 0xF7
	.byte 0x15, 0xFA, 0x2A, 0x68, 0x85, 0x23, 0x9B, 0x00, 0xD2, 0x18, 0x11, 0x78, 0x08, 0x20, 0x40, 0x42
	.byte 0x08, 0x40, 0x03, 0x21, 0x08, 0x43, 0x10, 0x70, 0x2A, 0x68, 0x80, 0x24, 0xA4, 0x00, 0x44, 0x44
	.byte 0x20, 0x68, 0x54, 0x30, 0x00, 0x78, 0x19, 0x49, 0x00, 0x28, 0x00, 0xD1, 0x01, 0x31, 0x10, 0x1C
	.byte 0x0E, 0xF0, 0x5C, 0xFB, 0x29, 0x68, 0x20, 0x68, 0xC3, 0x68, 0x00, 0x2B, 0x00, 0xDA, 0xFF, 0x33
	.byte 0x1B, 0x12, 0x00, 0x69, 0x00, 0x28, 0x00, 0xDA, 0xFF, 0x30, 0x00, 0x12, 0x00, 0x90, 0x01, 0x96
	.byte 0x0F, 0x4A, 0x88, 0x18, 0x00, 0x88, 0x02, 0x90, 0x08, 0x1C, 0x01, 0x21, 0x00, 0x22, 0x0B, 0xF0
	.byte 0x8F, 0xF8, 0x29, 0x68, 0x88, 0x88, 0x01, 0x30, 0x88, 0x80, 0x21, 0x68, 0x88, 0x88, 0x01, 0x30
	.byte 0x88, 0x80, 0x28, 0x68, 0x54, 0x30, 0x00, 0x78, 0x87, 0x21, 0x00, 0x28, 0x00, 0xD1, 0xD0, 0x31
	.byte 0x08, 0x1C, 0xDE, 0xF7, 0x07, 0xFE, 0x9C, 0xE0, 0x6E, 0x02, 0x00, 0x00, 0x01, 0x10, 0x00, 0x00
	.byte 0x3E, 0x02, 0x00, 0x00, 0x81, 0x25, 0xAD, 0x00, 0x45, 0x44, 0x29, 0x68, 0x40, 0x46, 0xF3, 0xF7
	.byte 0x2B, 0xF9, 0x00, 0x06, 0x00, 0x28, 0x0A, 0xD1, 0x29, 0x68, 0x88, 0x69, 0x00, 0x28, 0x0C, 0xD0
	.byte 0x49, 0x78, 0x09, 0x06, 0x09, 0x16, 0x01, 0x20, 0x40, 0x42, 0x81, 0x42, 0x05, 0xD1, 0x28, 0x68
	.byte 0x0D, 0xF0, 0xD0, 0xF8, 0x00, 0x06, 0x00, 0x28, 0x6C, 0xD1, 0x81, 0x27, 0xBF, 0x00, 0x47, 0x44
	.byte 0x38, 0x68, 0x0D, 0xF0, 0xC7, 0xF8, 0x00, 0x06, 0x00, 0x0E, 0x01, 0x28, 0x08, 0xD1, 0x39, 0x68
	.byte 0xC8, 0x68, 0x2A, 0x4A, 0x10, 0x40, 0xC8, 0x60, 0x39, 0x68, 0x08, 0x69, 0x10, 0x40, 0x08, 0x61
	.byte 0x38, 0x68, 0x0B, 0xF0, 0xBB, 0xFF, 0x3A, 0x68, 0x80, 0x26, 0xB6, 0x00, 0x46, 0x44, 0x31, 0x68
	.byte 0x00, 0x20, 0x88, 0x80, 0x90, 0x80, 0x3B, 0x68, 0x32, 0x68, 0x21, 0x4D, 0x52, 0x19, 0x14, 0x78
	.byte 0x41, 0x21, 0x49, 0x42, 0x08, 0x1C, 0x20, 0x40, 0x10, 0x70, 0x5B, 0x19, 0x18, 0x78, 0x01, 0x40
	.byte 0x19, 0x70, 0x3A, 0x68, 0x31, 0x68, 0x07, 0x35, 0x49, 0x19, 0x0B, 0x78, 0x09, 0x24, 0x64, 0x42
	.byte 0x20, 0x1C, 0x18, 0x40, 0x08, 0x70, 0x52, 0x19, 0x11, 0x78, 0x20, 0x1C, 0x08, 0x40, 0x10, 0x70
	.byte 0x39, 0x68, 0x14, 0x4B, 0xC9, 0x18, 0x0A, 0x78, 0x21, 0x20, 0x40, 0x42, 0x10, 0x40, 0x08, 0x70
	.byte 0x39, 0x68, 0xC9, 0x18, 0x08, 0x78, 0x40, 0x22, 0x10, 0x43, 0x08, 0x70, 0x39, 0x68, 0x0E, 0x4B
	.byte 0xC9, 0x18, 0x0A, 0x78, 0x03, 0x20, 0x40, 0x42, 0x10, 0x40, 0x08, 0x70, 0x0B, 0x4A, 0x42, 0x44
	.byte 0x11, 0x78, 0x7F, 0x20, 0x08, 0x40, 0x10, 0x70, 0x09, 0x49, 0x41, 0x44, 0x08, 0x78, 0x04, 0x40
	.byte 0x0C, 0x70, 0x40, 0x46, 0x00, 0x21, 0xF3, 0xF7, 0x71, 0xFA, 0x1A, 0xE0, 0x00, 0xFF, 0xFF, 0xFF
	.byte 0x51, 0x03, 0x00, 0x00, 0x0D, 0x02, 0x00, 0x00, 0x5A, 0x03, 0x00, 0x00, 0x0B, 0x02, 0x00, 0x00
	.byte 0x0A, 0x02, 0x00, 0x00, 0x28, 0x68, 0x44, 0x46, 0x28, 0x34, 0x21, 0x1C, 0x0B, 0xF0, 0x78, 0xFB
	.byte 0x28, 0x68, 0x0B, 0xF0, 0x87, 0xFD, 0x28, 0x68, 0x21, 0x1C, 0x00, 0x22, 0x00, 0x23, 0x15, 0xF0
	.byte 0x47, 0xF8
_0803AAD6:
	add sp, #0x00C
	pop {r3, r4}
	mov r8, r3
	mov r9, r4
	pop {r4, r5, r6, r7}
	pop {r0}
	bx r0
	thumb_func_start sub_803AAE4
sub_803AAE4:
	push {r4, r5, r6, r7, lr}
	mov r7, r10
	mov r6, r9
	mov r5, r8
	push {r5, r6, r7}
	mov r9, r0
	movs r1, #0x01
	movs r2, #0x01
	bl sub_802C4D4
	movs r0, #0x81
	lsls r0, r0, #0x02
	add r0, r9
	mov r10, r0
	ldr r0, [r0, #0x00]
	movs r1, #0xDA
	lsls r1, r1, #0x02
	adds r0, r0, r1
	ldr r2, [r0, #0x00]
	movs r6, #0x80
	lsls r6, r6, #0x02
	add r6, r9
	ldr r0, [r6, #0x00]
	adds r0, r0, r1
	ldr r1, [r0, #0x00]
	movs r0, #0x13
	strb r0, [r1, #0x00]
	strb r0, [r2, #0x00]
	mov r1, r10
	ldr r2, [r1, #0x00]
	ldr r1, [r6, #0x00]
	movs r0, #0xA1
	strh r0, [r1, #0x04]
	strh r0, [r2, #0x04]
	mov r3, r10
	ldr r2, [r3, #0x00]
	ldr r1, [r6, #0x00]
	movs r4, #0xD6
	lsls r4, r4, #0x02
	adds r1, r1, r4
	ldrb r0, [r1, #0x00]
	movs r3, #0x08
	orrs r0, r3
	strb r0, [r1, #0x00]
	adds r2, r2, r4
	ldrb r0, [r2, #0x00]
	orrs r0, r3
	strb r0, [r2, #0x00]
	mov r5, r10
	ldr r4, [r5, #0x00]
	ldr r2, [r6, #0x00]
	movs r7, #0x85
	lsls r7, r7, #0x02
	adds r2, r2, r7
	ldrb r3, [r2, #0x00]
	movs r1, #0x08
	negs r1, r1
	adds r0, r1, #0x0
	ands r0, r3
	movs r3, #0x01
	orrs r0, r3
	strb r0, [r2, #0x00]
	adds r4, r4, r7
	ldrb r0, [r4, #0x00]
	ands r1, r0
	orrs r1, r3
	strb r1, [r4, #0x00]
	ldr r0, [r5, #0x00]
	ldr r1, _0803AC64 @ =0x00001037
	bl sub_8049000
	ldr r0, [r6, #0x00]
	ldr r1, _0803AC68 @ =0x0000104F
	bl sub_8049000
	ldr r0, [r5, #0x00]
	movs r1, #0x01
	negs r1, r1
	mov r8, r1
	movs r1, #0x01
	movs r2, #0x01
	mov r3, r8
	bl sub_8040804
	ldr r0, [r6, #0x00]
	movs r1, #0x01
	movs r2, #0x02
	mov r3, r8
	bl sub_8040804
	ldr r3, [r5, #0x00]
	ldr r2, [r6, #0x00]
	ldr r5, _0803AC6C @ =0x0000020D
	adds r2, r2, r5
	ldrb r4, [r2, #0x00]
	movs r1, #0x09
	negs r1, r1
	adds r0, r1, #0x0
	ands r0, r4
	strb r0, [r2, #0x00]
	adds r3, r3, r5
	ldrb r0, [r3, #0x00]
	ands r1, r0
	strb r1, [r3, #0x00]
	ldr r0, [r6, #0x00]
	ldr r3, _0803AC70 @ =0x00000242
	adds r0, r0, r3
	movs r1, #0x99
	strh r1, [r0, #0x00]
	ldr r0, [r6, #0x00]
	adds r5, #0x37
	adds r0, r0, r5
	movs r1, #0x00
	strh r1, [r0, #0x00]
	ldr r2, [r6, #0x00]
	movs r1, #0x8C
	lsls r1, r1, #0x02
	adds r4, r2, r1
	subs r3, #0x0E
	adds r2, r2, r3
	mov r5, r10
	ldr r0, [r5, #0x00]
	adds r1, r0, r1
	adds r0, r0, r3
	mov r3, r8
	str r3, [r0, #0x00]
	str r3, [r1, #0x00]
	str r3, [r2, #0x00]
	str r3, [r4, #0x00]
	ldr r2, [r5, #0x00]
	adds r2, r2, r7
	ldr r0, [r2, #0x00]
	ldr r1, _0803AC74 @ =0xFFFE1FFF
	ands r0, r1
	movs r1, #0xE0
	lsls r1, r1, #0x09
	orrs r0, r1
	str r0, [r2, #0x00]
	ldr r0, _0803AC78 @ =0x0000026E
	add r0, r9
	movs r5, #0x00
	strh r5, [r0, #0x00]
	movs r0, #0x99
	lsls r0, r0, #0x02
	add r0, r9
	movs r1, #0x00
	str r1, [r0, #0x00]
	movs r0, #0x9A
	lsls r0, r0, #0x02
	add r0, r9
	strh r1, [r0, #0x00]
	ldr r0, _0803AC7C @ =0x00000261
	add r0, r9
	movs r3, #0x00
	strb r3, [r0, #0x00]
	ldr r2, _0803AC80 @ =0x0000026A
	add r2, r9
	ldrb r1, [r2, #0x00]
	movs r0, #0x05
	negs r0, r0
	ands r0, r1
	strb r0, [r2, #0x00]
	movs r2, #0x82
	lsls r2, r2, #0x02
	add r2, r9
	ldr r0, [r2, #0x00]
	ldr r1, _0803AC84 @ =0xFFFE7FFF
	ands r0, r1
	movs r1, #0x80
	lsls r1, r1, #0x09
	orrs r0, r1
	str r0, [r2, #0x00]
	ldr r5, _0803AC88 @ =0x00000246
	add r9, r5
	mov r1, r9
	ldrb r0, [r1, #0x00]
	movs r1, #0x1C
	orrs r0, r1
	mov r3, r9
	strb r0, [r3, #0x00]
	movs r0, #0x59
	mov r1, r8
	bl play_sfx_80195B4
	pop {r3, r4, r5}
	mov r8, r3
	mov r9, r4
	mov r10, r5
	pop {r4, r5, r6, r7}
	pop {r0}
	bx r0
	.byte 0x00, 0x00
_0803AC64: .4byte 0x00001037
_0803AC68: .4byte 0x0000104F
_0803AC6C: .4byte 0x0000020D
_0803AC70: .4byte 0x00000242
_0803AC74: .4byte 0xFFFE1FFF
_0803AC78: .4byte 0x0000026E
_0803AC7C: .4byte 0x00000261
_0803AC80: .4byte 0x0000026A
_0803AC84: .4byte 0xFFFE7FFF
_0803AC88: .4byte 0x00000246
	thumb_func_start sub_803AC8C
sub_803AC8C:
	push {r4, r5, r6, r7, lr}
	mov r7, r10
	mov r6, r9
	mov r5, r8
	push {r5, r6, r7}
	adds r7, r0, #0x0
	movs r0, #0x82
	lsls r0, r0, #0x02
	adds r0, r0, r7
	mov r9, r0
	ldrb r0, [r0, #0x00]
	movs r1, #0x10
	orrs r0, r1
	mov r1, r9
	strb r0, [r1, #0x00]
	adds r0, r7, #0x0
	movs r1, #0x01
	movs r2, #0x01
	bl sub_802C4D4
	movs r2, #0x80
	lsls r2, r2, #0x02
	adds r4, r7, r2
	ldr r0, [r4, #0x00]
	bl sub_804FC90
	ldr r1, [r4, #0x00]
	adds r0, r7, #0x0
	movs r2, #0x00
	movs r3, #0x00
	bl sub_802DDB4
	movs r0, #0x81
	lsls r0, r0, #0x02
	adds r4, r7, r0
	ldr r0, [r4, #0x00]
	bl sub_804FC90
	ldr r1, [r4, #0x00]
	movs r2, #0x82
	lsls r2, r2, #0x02
	adds r0, r7, r2
	ldrb r2, [r0, #0x00]
	lsls r2, r2, #0x1B
	lsrs r2, r2, #0x1F
	adds r0, r7, #0x0
	movs r3, #0x00
	bl sub_802DDB4
	movs r0, #0x81
	lsls r0, r0, #0x02
	adds r0, r0, r7
	mov r8, r0
	ldr r0, [r0, #0x00]
	movs r6, #0xDA
	lsls r6, r6, #0x02
	adds r0, r0, r6
	ldr r2, [r0, #0x00]
	movs r1, #0x80
	lsls r1, r1, #0x02
	adds r5, r7, r1
	ldr r0, [r5, #0x00]
	adds r0, r0, r6
	ldr r1, [r0, #0x00]
	movs r0, #0x12
	strb r0, [r1, #0x00]
	strb r0, [r2, #0x00]
	mov r0, r8
	ldr r2, [r0, #0x00]
	ldr r1, [r5, #0x00]
	movs r0, #0x00
	mov r10, r0
	movs r0, #0xA0
	strh r0, [r1, #0x04]
	strh r0, [r2, #0x04]
	mov r1, r8
	ldr r2, [r1, #0x00]
	ldr r1, [r5, #0x00]
	movs r4, #0xD6
	lsls r4, r4, #0x02
	adds r1, r1, r4
	ldrb r0, [r1, #0x00]
	movs r3, #0x08
	orrs r0, r3
	strb r0, [r1, #0x00]
	adds r2, r2, r4
	ldrb r0, [r2, #0x00]
	orrs r0, r3
	strb r0, [r2, #0x00]
	ldr r0, [r5, #0x00]
	adds r0, r0, r6
	ldr r1, [r0, #0x00]
	ldrb r0, [r1, #0x10]
	strb r0, [r1, #0x12]
	ldr r0, [r5, #0x00]
	adds r0, r0, r6
	ldr r0, [r0, #0x00]
	mov r2, r10
	strb r2, [r0, #0x10]
	mov r1, r8
	ldr r0, [r1, #0x00]
	adds r0, r0, r6
	ldr r1, [r0, #0x00]
	ldrb r0, [r1, #0x11]
	strb r0, [r1, #0x15]
	mov r2, r8
	ldr r0, [r2, #0x00]
	adds r0, r0, r6
	ldr r0, [r0, #0x00]
	mov r1, r10
	strb r1, [r0, #0x11]
	mov r2, r9
	ldrb r1, [r2, #0x00]
	movs r0, #0x02
	negs r0, r0
	ands r0, r1
	strb r0, [r2, #0x00]
	ldr r0, [r2, #0x00]
	ldr r1, _0803ADA0 @ =0xFFFE7FFF
	ands r0, r1
	movs r1, #0x80
	lsls r1, r1, #0x09
	orrs r0, r1
	str r0, [r2, #0x00]
	ldr r0, _0803ADA4 @ =0x00000246
	adds r2, r7, r0
	ldrb r0, [r2, #0x00]
	movs r1, #0x1C
	orrs r0, r1
	strb r0, [r2, #0x00]
	pop {r3, r4, r5}
	mov r8, r3
	mov r9, r4
	mov r10, r5
	pop {r4, r5, r6, r7}
	pop {r0}
	bx r0
	.byte 0x00, 0x00
_0803ADA0: .4byte 0xFFFE7FFF
_0803ADA4: .4byte 0x00000246
	thumb_func_start sub_803ADA8
sub_803ADA8:
	push {r4, r5, r6, lr}
	add sp, #-0x00C
	adds r4, r0, #0x0
	lsls r1, r1, #0x18
	lsrs r5, r1, #0x18
	movs r1, #0x81
	lsls r1, r1, #0x02
	adds r0, r4, r1
	ldr r3, [r0, #0x00]
	movs r6, #0x80
	lsls r6, r6, #0x02
	adds r2, r4, r6
	ldr r1, [r2, #0x00]
	movs r0, #0xA8
	strh r0, [r1, #0x04]
	strh r0, [r3, #0x04]
	ldr r2, [r2, #0x00]
	movs r1, #0xCF
	lsls r1, r1, #0x02
	adds r0, r2, r1
	ldrb r1, [r0, #0x00]
	lsls r1, r1, #0x19
	asrs r1, r1, #0x17
	adds r0, r4, #0x0
	adds r0, #0x28
	adds r0, r0, r1
	ldr r0, [r0, #0x00]
	ldr r3, [r0, #0x0C]
	cmp r3, #0x00
	bge _0803ADE6
	adds r3, #0xFF
_0803ADE6:
	asrs r3, r3, #0x08
	ldr r0, [r0, #0x10]
	cmp r0, #0x00
	bge _0803ADF0
	adds r0, #0xFF
_0803ADF0:
	asrs r0, r0, #0x08
	str r0, [sp, #0x000]
	movs r0, #0x00
	str r0, [sp, #0x004]
	str r6, [sp, #0x008]
	adds r0, r2, #0x0
	movs r1, #0x01
	movs r2, #0x00
	bl sub_8045A94
	ldr r0, _0803AE30 @ =0x0000026A
	adds r3, r4, r0
	movs r0, #0x01
	ands r5, r0
	lsls r2, r5, #0x01
	ldrb r1, [r3, #0x00]
	movs r0, #0x03
	negs r0, r0
	ands r0, r1
	orrs r0, r2
	strb r0, [r3, #0x00]
	ldr r1, _0803AE34 @ =0x0000020B
	adds r2, r4, r1
	ldrb r0, [r2, #0x00]
	movs r1, #0x80
	orrs r0, r1
	strb r0, [r2, #0x00]
	add sp, #0x00C
	pop {r4, r5, r6}
	pop {r0}
	bx r0
	.byte 0x00, 0x00
_0803AE30: .4byte 0x0000026A
_0803AE34: .4byte 0x0000020B
	thumb_func_start sub_803AE38
sub_803AE38:
	push {r4, r5, r6, r7, lr}
	mov r7, r10
	mov r6, r9
	mov r5, r8
	push {r5, r6, r7}
	adds r7, r0, #0x0
	movs r0, #0x82
	lsls r0, r0, #0x02
	adds r0, r0, r7
	mov r9, r0
	ldrb r1, [r0, #0x00]
	movs r0, #0x11
	negs r0, r0
	ands r0, r1
	mov r1, r9
	strb r0, [r1, #0x00]
	movs r2, #0x81
	lsls r2, r2, #0x02
	adds r2, r2, r7
	mov r8, r2
	ldr r0, [r2, #0x00]
	movs r4, #0xDA
	lsls r4, r4, #0x02
	mov r10, r4
	add r0, r10
	ldr r2, [r0, #0x00]
	movs r0, #0x80
	lsls r0, r0, #0x02
	adds r6, r7, r0
	ldr r0, [r6, #0x00]
	add r0, r10
	ldr r0, [r0, #0x00]
	movs r1, #0x00
	strb r1, [r0, #0x00]
	strb r1, [r2, #0x00]
	mov r4, r8
	ldr r2, [r4, #0x00]
	ldr r0, [r6, #0x00]
	strh r1, [r0, #0x04]
	strh r1, [r2, #0x04]
	ldr r3, [r4, #0x00]
	ldr r2, [r6, #0x00]
	ldr r5, _0803AFB4 @ =0x00000351
	adds r2, r2, r5
	ldrb r4, [r2, #0x00]
	subs r1, #0x41
	adds r0, r1, #0x0
	ands r0, r4
	strb r0, [r2, #0x00]
	adds r3, r3, r5
	ldrb r0, [r3, #0x00]
	ands r1, r0
	strb r1, [r3, #0x00]
	mov r0, r8
	ldr r3, [r0, #0x00]
	ldr r2, [r6, #0x00]
	adds r5, #0x07
	adds r2, r2, r5
	ldrb r4, [r2, #0x00]
	movs r1, #0x09
	negs r1, r1
	adds r0, r1, #0x0
	ands r0, r4
	strb r0, [r2, #0x00]
	adds r3, r3, r5
	ldrb r0, [r3, #0x00]
	ands r1, r0
	strb r1, [r3, #0x00]
	mov r1, r8
	ldr r2, [r1, #0x00]
	ldr r1, [r6, #0x00]
	movs r4, #0x84
	lsls r4, r4, #0x02
	adds r1, r1, r4
	ldrb r0, [r1, #0x00]
	movs r3, #0x08
	orrs r0, r3
	strb r0, [r1, #0x00]
	adds r2, r2, r4
	ldrb r0, [r2, #0x00]
	orrs r0, r3
	strb r0, [r2, #0x00]
	mov r2, r8
	ldr r3, [r2, #0x00]
	ldr r2, [r6, #0x00]
	ldr r5, _0803AFB8 @ =0x0000020D
	adds r2, r2, r5
	ldrb r4, [r2, #0x00]
	movs r1, #0x21
	negs r1, r1
	adds r0, r1, #0x0
	ands r0, r4
	strb r0, [r2, #0x00]
	adds r3, r3, r5
	ldrb r0, [r3, #0x00]
	ands r1, r0
	strb r1, [r3, #0x00]
	ldr r1, [r6, #0x00]
	movs r4, #0x80
	lsls r4, r4, #0x01
	adds r3, r7, r4
	ldrh r2, [r3, #0x00]
	ldr r4, _0803AFBC @ =0x0000023E
	adds r0, r1, r4
	strh r2, [r0, #0x00]
	ldrh r0, [r3, #0x00]
	movs r2, #0x98
	lsls r2, r2, #0x02
	adds r1, r1, r2
	strh r0, [r1, #0x00]
	mov r4, r9
	ldrb r0, [r4, #0x00]
	movs r1, #0x01
	orrs r0, r1
	strb r0, [r4, #0x00]
	mov r0, r8
	ldr r2, [r0, #0x00]
	movs r4, #0x85
	lsls r4, r4, #0x02
	adds r2, r2, r4
	ldrb r3, [r2, #0x00]
	movs r1, #0x08
	negs r1, r1
	adds r0, r1, #0x0
	ands r0, r3
	movs r3, #0x03
	orrs r0, r3
	strb r0, [r2, #0x00]
	ldr r0, [r6, #0x00]
	adds r0, r0, r4
	ldrb r2, [r0, #0x00]
	ands r1, r2
	orrs r1, r3
	strb r1, [r0, #0x00]
	mov r1, r9
	ldr r0, [r1, #0x00]
	ldr r1, _0803AFC0 @ =0xFFFE7FFF
	ands r0, r1
	mov r2, r9
	str r0, [r2, #0x00]
	adds r4, #0x32
	adds r2, r7, r4
	ldrb r1, [r2, #0x00]
	movs r0, #0x1D
	negs r0, r0
	ands r0, r1
	strb r0, [r2, #0x00]
	ldr r0, [r6, #0x00]
	add r0, r10
	ldr r1, [r0, #0x00]
	ldrb r0, [r1, #0x12]
	strb r0, [r1, #0x10]
	ldr r0, [r6, #0x00]
	add r0, r10
	ldr r1, [r0, #0x00]
	movs r0, #0xFF
	strb r0, [r1, #0x12]
	mov r1, r8
	ldr r0, [r1, #0x00]
	add r0, r10
	ldr r1, [r0, #0x00]
	ldrb r0, [r1, #0x15]
	strb r0, [r1, #0x11]
	mov r2, r8
	ldr r0, [r2, #0x00]
	add r0, r10
	ldr r1, [r0, #0x00]
	movs r0, #0x01
	negs r0, r0
	strb r0, [r1, #0x15]
	ldr r0, [r2, #0x00]
	ldr r1, _0803AFC4 @ =0x00001001
	bl sub_8049000
	ldr r0, [r6, #0x00]
	ldr r1, _0803AFC8 @ =0x00001002
	bl sub_8049000
	adds r0, r7, #0x0
	movs r1, #0x01
	bl sub_802E4C8
	pop {r3, r4, r5}
	mov r8, r3
	mov r9, r4
	mov r10, r5
	pop {r4, r5, r6, r7}
	pop {r0}
	bx r0
	.byte 0x00, 0x00
_0803AFB4: .4byte 0x00000351
_0803AFB8: .4byte 0x0000020D
_0803AFBC: .4byte 0x0000023E
_0803AFC0: .4byte 0xFFFE7FFF
_0803AFC4: .4byte 0x00001001
_0803AFC8: .4byte 0x00001002
	thumb_func_start sub_803AFCC
sub_803AFCC:
	push {r4, r5, r6, r7, lr}
	mov r7, r10
	mov r6, r9
	mov r5, r8
	push {r5, r6, r7}
	add sp, #-0x00C
	mov r8, r0
	movs r7, #0x81
	lsls r7, r7, #0x02
	add r7, r8
	ldr r2, [r7, #0x00]
	movs r1, #0xDA
	lsls r1, r1, #0x02
	adds r0, r2, r1
	ldr r0, [r0, #0x00]
	ldrb r0, [r0, #0x00]
	cmp r0, #0x12
	bne _0803B01A
	movs r3, #0x97
	lsls r3, r3, #0x02
	adds r0, r2, r3
	ldr r0, [r0, #0x00]
	cmp r0, #0x00
	bge _0803B000
	bl _0803C3F6
_0803B000:
	movs r4, #0xCE
	lsls r4, r4, #0x02
	adds r0, r2, r4
	ldr r1, [r0, #0x00]
	movs r5, #0x38
	ldsh r0, [r1, r5]
	adds r0, r2, r0
	ldr r2, [r1, #0x3C]
	movs r1, #0x01
	bl _call_via_r2
	bl _0803C3F6
_0803B01A:
	movs r0, #0x95
	lsls r0, r0, #0x01
	add r0, r8
	ldrb r0, [r0, #0x00]
	cmp r0, #0x00
	beq _0803B0BE
	movs r5, #0xAE
	lsls r5, r5, #0x02
	add r5, r8
	ldrb r1, [r5, #0x00]
	movs r6, #0x10
	adds r0, r6, #0x0
	ands r0, r1
	cmp r0, #0x00
	beq _0803B0BE
	movs r4, #0x80
	lsls r4, r4, #0x02
	add r4, r8
	ldr r1, [r4, #0x00]
	ldr r0, _0803B0F0 @ =0x0000020D
	adds r1, r1, r0
	ldrb r2, [r1, #0x00]
	movs r0, #0x09
	negs r0, r0
	ands r0, r2
	strb r0, [r1, #0x00]
	ldr r0, [r4, #0x00]
	mov r1, r8
	adds r1, #0x28
	bl sub_80461B4
	ldr r0, [r4, #0x00]
	bl sub_80465D8
	ldr r0, [r4, #0x00]
	bl sub_8047B78
	movs r1, #0x01
	ands r1, r0
	lsls r1, r1, #0x04
	ldrb r2, [r5, #0x00]
	movs r0, #0x11
	negs r0, r0
	ands r0, r2
	orrs r0, r1
	strb r0, [r5, #0x00]
	ands r0, r6
	cmp r0, #0x00
	bne _0803B0BE
	ldr r1, [r4, #0x00]
	ldr r2, _0803B0F0 @ =0x0000020D
	adds r1, r1, r2
	ldrb r0, [r1, #0x00]
	movs r2, #0x08
	orrs r0, r2
	strb r0, [r1, #0x00]
	ldr r1, [r4, #0x00]
	ldr r3, _0803B0F0 @ =0x0000020D
	adds r1, r1, r3
	ldrb r0, [r1, #0x00]
	movs r2, #0x40
	orrs r0, r2
	strb r0, [r1, #0x00]
	ldr r1, [r4, #0x00]
	adds r1, r1, r3
	ldrb r2, [r1, #0x00]
	movs r0, #0x21
	negs r0, r0
	ands r0, r2
	strb r0, [r1, #0x00]
	ldr r2, [r7, #0x00]
	ldr r1, [r4, #0x00]
	ldr r4, _0803B0F4 @ =0x0000020F
	adds r1, r1, r4
	ldrb r0, [r1, #0x00]
	movs r3, #0x04
	orrs r0, r3
	strb r0, [r1, #0x00]
	adds r2, r2, r4
	ldrb r0, [r2, #0x00]
	orrs r0, r3
	strb r0, [r2, #0x00]
_0803B0BE:
	movs r0, #0x95
	lsls r0, r0, #0x01
	add r0, r8
	ldrb r0, [r0, #0x00]
	cmp r0, #0x01
	bhi _0803B0CE
	bl _0803C070
_0803B0CE:
	movs r0, #0x81
	lsls r0, r0, #0x02
	add r0, r8
	ldr r0, [r0, #0x00]
	ldrh r0, [r0, #0x04]
	subs r0, #0xA1
	lsls r0, r0, #0x10
	asrs r0, r0, #0x10
	cmp r0, #0x11
	bls _0803B0E6
	bl _0803C070
_0803B0E6:
	lsls r0, r0, #0x02
	ldr r1, _0803B0F8 @ =0x0803B0FC
	adds r0, r0, r1
	ldr r0, [r0, #0x00]
	mov pc, r0
_0803B0F0: .4byte 0x0000020D
_0803B0F4: .4byte 0x0000020F
_0803B0F8: .4byte 0x0803B0FC
	.byte 0x44, 0xB1, 0x03, 0x08, 0x30, 0xB2, 0x03, 0x08, 0x9A, 0xB2, 0x03, 0x08, 0xF4, 0xB2, 0x03, 0x08
	.byte 0xC8, 0xB3, 0x03, 0x08, 0xC8, 0xB3, 0x03, 0x08, 0xC8, 0xB3, 0x03, 0x08, 0x28, 0xB9, 0x03, 0x08
	.byte 0x60, 0xB9, 0x03, 0x08, 0x20, 0xBA, 0x03, 0x08, 0x38, 0xBB, 0x03, 0x08, 0xF0, 0xBC, 0x03, 0x08
	.byte 0x2A, 0xBD, 0x03, 0x08, 0xB4, 0xBD, 0x03, 0x08, 0x40, 0xBE, 0x03, 0x08, 0xDC, 0xBE, 0x03, 0x08
	.byte 0x40, 0xC0, 0x03, 0x08, 0x70, 0xC0, 0x03, 0x08, 0x80, 0x27, 0xBF, 0x00, 0x47, 0x44, 0x38, 0x68
	.byte 0x41, 0x46, 0x28, 0x31, 0x14, 0xF0, 0x8A, 0xFE, 0x32, 0x4C, 0x44, 0x44, 0xA1, 0x46, 0x38, 0x68
	.byte 0x31, 0x4D, 0x40, 0x19, 0x00, 0x88, 0x21, 0x88, 0x40, 0x18, 0x00, 0x22, 0x92, 0x46, 0x20, 0x80
	.byte 0x00, 0x04, 0x2E, 0x49, 0x88, 0x42, 0x01, 0xDC, 0x00, 0xF0, 0x7C, 0xFF, 0x81, 0x26, 0xB6, 0x00
	.byte 0x46, 0x44, 0x32, 0x68, 0x39, 0x68, 0x2A, 0x4C, 0x09, 0x19, 0x08, 0x78, 0x08, 0x23, 0x18, 0x43
	.byte 0x08, 0x70, 0x12, 0x19, 0x10, 0x78, 0x18, 0x43, 0x10, 0x70, 0x32, 0x68, 0x39, 0x68, 0x09, 0x19
	.byte 0x08, 0x78, 0x20, 0x23, 0x18, 0x43, 0x08, 0x70, 0x12, 0x19, 0x10, 0x78, 0x18, 0x43, 0x10, 0x70
	.byte 0x33, 0x68, 0x3A, 0x68, 0x32, 0x3D, 0x52, 0x19, 0x14, 0x78, 0x09, 0x21, 0x49, 0x42, 0x08, 0x1C
	.byte 0x20, 0x40, 0x10, 0x70, 0x5B, 0x19, 0x18, 0x78, 0x01, 0x40, 0x19, 0x70, 0x38, 0x68, 0x98, 0x23
	.byte 0x9B, 0x00, 0xC1, 0x18, 0x54, 0x46, 0x0C, 0x80, 0x2E, 0x35, 0x40, 0x19, 0x04, 0x80, 0x32, 0x68
	.byte 0x39, 0x68, 0xA2, 0x20, 0x88, 0x80, 0x90, 0x80, 0x30, 0x68, 0xCE, 0x27, 0xBF, 0x00, 0xC1, 0x19
	.byte 0x0A, 0x68, 0x38, 0x23, 0xD1, 0x5E, 0x40, 0x18, 0xD2, 0x6B, 0x01, 0x21, 0x9F, 0xF1, 0x3A, 0xFC
	.byte 0x30, 0x68, 0xA5, 0x24, 0xA4, 0x00, 0x00, 0x19, 0x02, 0x68, 0x91, 0x7C, 0x07, 0x20, 0x40, 0x42
	.byte 0x08, 0x40, 0x02, 0x21, 0x08, 0x43, 0x90, 0x74, 0x57, 0x46, 0x4D, 0x46, 0x2F, 0x80, 0x00, 0xF0
	.byte 0x29, 0xFF, 0x00, 0x00, 0x6E, 0x02, 0x00, 0x00, 0x42, 0x02, 0x00, 0x00, 0x00, 0x00, 0xFF, 0x1F
	.byte 0x0D, 0x02, 0x00, 0x00, 0x80, 0x20, 0x80, 0x00, 0x40, 0x44, 0x02, 0x68, 0xA5, 0x21, 0x89, 0x00
	.byte 0x50, 0x18, 0x00, 0x68, 0x81, 0x7C, 0x08, 0x20, 0x08, 0x40, 0x00, 0x28, 0x01, 0xD1, 0x00, 0xF0
	.byte 0x11, 0xFF, 0x81, 0x24, 0xA4, 0x00, 0x44, 0x44, 0x21, 0x68, 0xA3, 0x20, 0x90, 0x80, 0x88, 0x80
	.byte 0x20, 0x68, 0xCE, 0x22, 0x92, 0x00, 0x81, 0x18, 0x0A, 0x68, 0x38, 0x23, 0xD1, 0x5E, 0x40, 0x18
	.byte 0xD2, 0x6B, 0x01, 0x21, 0x9F, 0xF1, 0xFE, 0xFB, 0x20, 0x68, 0xA5, 0x24, 0xA4, 0x00, 0x00, 0x19
	.byte 0x02, 0x68, 0x91, 0x7C, 0x07, 0x20, 0x40, 0x42, 0x08, 0x40, 0x02, 0x21, 0x08, 0x43, 0x90, 0x74
	.byte 0x01, 0x21, 0x49, 0x42, 0x58, 0x20, 0xDE, 0xF7, 0x8F, 0xF9, 0x00, 0xF0, 0xEB, 0xFE, 0x80, 0x27
	.byte 0xBF, 0x00, 0x47, 0x44, 0x38, 0x68, 0xA5, 0x25, 0xAD, 0x00, 0x40, 0x19, 0x00, 0x68, 0x81, 0x7C
	.byte 0x08, 0x20, 0x08, 0x40, 0x00, 0x28, 0x01, 0xD1, 0x00, 0xF0, 0xDC, 0xFE, 0x81, 0x26, 0xB6, 0x00
	.byte 0x46, 0x44, 0x30, 0x68, 0x21, 0x49, 0x0D, 0xF0, 0x9D, 0xFE, 0x38, 0x68, 0x20, 0x49, 0x0D, 0xF0
	.byte 0x99, 0xFE, 0x33, 0x68, 0x3A, 0x68, 0x87, 0x3D, 0x52, 0x19, 0x14, 0x78, 0x21, 0x21, 0x49, 0x42
	.byte 0x08, 0x1C, 0x20, 0x40, 0x10, 0x70, 0x5B, 0x19, 0x18, 0x78, 0x01, 0x40, 0x19, 0x70, 0x32, 0x68
	.byte 0x39, 0x68, 0xA4, 0x20, 0x88, 0x80, 0x90, 0x80, 0x95, 0x20, 0x40, 0x00, 0x40, 0x44, 0x00, 0x78
	.byte 0x02, 0x28, 0x50, 0xD1, 0x80, 0x26, 0xB6, 0x00, 0x47, 0x46, 0xBC, 0x19, 0x20, 0x68, 0x80, 0x69
	.byte 0x00, 0x28, 0x37, 0xD1, 0x40, 0x46, 0x00, 0x21, 0xEA, 0xF7, 0x06, 0xFD, 0x00, 0x06, 0x00, 0x28
	.byte 0x30, 0xD0, 0x0C, 0x4D, 0x45, 0x44, 0x29, 0x78, 0x04, 0x20, 0x08, 0x40, 0x00, 0x28, 0x15, 0xD0
	.byte 0x20, 0x68, 0x09, 0x4A, 0x81, 0x18, 0x00, 0x24, 0x0B, 0x5F, 0x31, 0x1C, 0x3F, 0x22, 0x04, 0xF0
	.byte 0x59, 0xFF, 0x28, 0x78, 0x08, 0x21, 0x08, 0x43, 0x16, 0xE0, 0x00, 0x00, 0x38, 0x10, 0x00, 0x00
	.byte 0x50, 0x10, 0x00, 0x00, 0x6A, 0x02, 0x00, 0x00, 0x3E, 0x02, 0x00, 0x00, 0x20, 0x68, 0xFE, 0x21
	.byte 0x89, 0x00, 0x53, 0x4F, 0xC2, 0x19, 0x00, 0x24, 0x13, 0x5F, 0x3F, 0x22, 0x04, 0xF0, 0x42, 0xFF
	.byte 0x29, 0x78, 0x09, 0x20, 0x40, 0x42, 0x08, 0x40, 0x28, 0x70, 0x01, 0x21, 0x49, 0x42, 0x2B, 0x20
	.byte 0xDE, 0xF7, 0x1A, 0xF9, 0x40, 0x46, 0x04, 0x21, 0xEA, 0xF7, 0xCE, 0xFC, 0x00, 0x06, 0x00, 0x28
	.byte 0x06, 0xD1, 0x40, 0x46, 0x01, 0x21, 0xEA, 0xF7, 0xC7, 0xFC, 0x00, 0x06, 0x00, 0x28, 0x02, 0xD0
	.byte 0x40, 0x46, 0xEE, 0xF7, 0x6B, 0xFA, 0x80, 0x20, 0x80, 0x00, 0x40, 0x44, 0x02, 0x68, 0x97, 0x25
	.byte 0xAD, 0x00, 0x50, 0x19, 0x01, 0x68, 0x01, 0x20, 0x40, 0x42, 0x81, 0x42, 0x06, 0xD0, 0x81, 0x20
	.byte 0x80, 0x00, 0x40, 0x44, 0x01, 0x68, 0xA5, 0x20, 0x90, 0x80, 0x88, 0x80, 0x81, 0x20, 0x80, 0x00
	.byte 0x40, 0x44, 0x00, 0x68, 0x04, 0x27, 0xC0, 0x5F, 0xA7, 0x28, 0x1C, 0xD1, 0x80, 0x25, 0xAD, 0x00
	.byte 0x45, 0x44, 0x2A, 0x68, 0x32, 0x4E, 0x94, 0x19, 0x00, 0x20, 0x23, 0x5E, 0x10, 0x1C, 0x24, 0x30
	.byte 0x01, 0x78, 0x49, 0x07, 0x49, 0x0F, 0x90, 0x78, 0x40, 0x09, 0x1A, 0x1C, 0x80, 0x3A, 0x81, 0x42
	.byte 0x00, 0xD1, 0x74, 0x32, 0x22, 0x80, 0x28, 0x68, 0x82, 0x19, 0x00, 0x21, 0x50, 0x5E, 0x00, 0x28
	.byte 0x01, 0xDA, 0x00, 0x20, 0x10, 0x80, 0x27, 0x4B, 0x43, 0x44, 0x19, 0x88, 0x00, 0x22, 0x98, 0x5E
	.byte 0x00, 0x28, 0x01, 0xDD, 0x48, 0x1E, 0x18, 0x80, 0x95, 0x20, 0x40, 0x00, 0x40, 0x44, 0x00, 0x78
	.byte 0x28, 0x24, 0x44, 0x44, 0xA2, 0x46, 0x02, 0x28, 0x00, 0xD0, 0x0D, 0xE1, 0x80, 0x24, 0xA4, 0x00
	.byte 0x44, 0x44, 0x22, 0x68, 0x1C, 0x4D, 0x50, 0x19, 0x01, 0x78, 0x0F, 0x20, 0x08, 0x40, 0x00, 0x28
	.byte 0x00, 0xD0, 0x01, 0xE1, 0x00, 0x27, 0xD8, 0x5F, 0x00, 0x28, 0x70, 0xD1, 0x14, 0x49, 0x50, 0x18
	.byte 0x00, 0x23, 0xC0, 0x5E, 0x18, 0x28, 0x6A, 0xDD, 0x91, 0x88, 0x04, 0x25, 0x50, 0x5F, 0xA4, 0x28
	.byte 0x4B, 0xD1, 0x10, 0x1C, 0x24, 0x30, 0x00, 0x78, 0x40, 0x07, 0x80, 0x0E, 0x0F, 0x49, 0x42, 0x18
	.byte 0x00, 0x26, 0x47, 0x46, 0xD0, 0x37, 0x23, 0x1C, 0x08, 0x20, 0x40, 0x42, 0x81, 0x46, 0x38, 0x68
	.byte 0x00, 0x88, 0xF0, 0x21, 0x01, 0x40, 0x14, 0x88, 0xA1, 0x42, 0x13, 0xD1, 0x18, 0x68, 0x04, 0x1C
	.byte 0x24, 0x34, 0x22, 0x78, 0x50, 0x07, 0x43, 0x0F, 0x05, 0x48, 0x30, 0x18, 0x16, 0xE0, 0x00, 0x00
	.byte 0x3E, 0x02, 0x00, 0x00, 0x6E, 0x02, 0x00, 0x00, 0xB5, 0x02, 0x00, 0x00, 0xE4, 0xFB, 0x39, 0x08
	.byte 0x24, 0xFC, 0x39, 0x08, 0x75, 0x1C, 0x50, 0x88, 0x81, 0x42, 0x19, 0xD1, 0x18, 0x68, 0x04, 0x1C
	.byte 0x24, 0x34, 0x22, 0x78, 0x50, 0x07, 0x43, 0x0F, 0x08, 0x48, 0x28, 0x18, 0x00, 0x78, 0x00, 0x06
	.byte 0x00, 0x16, 0x00, 0x28, 0x00, 0xDA, 0x1F, 0x30, 0x41, 0x11, 0x59, 0x18, 0x07, 0x20, 0x01, 0x40
	.byte 0x48, 0x46, 0x10, 0x40, 0x08, 0x43, 0x20, 0x70, 0x21, 0xE0, 0x00, 0x00, 0x24, 0xFC, 0x39, 0x08
	.byte 0x02, 0x36, 0x04, 0x32, 0x03, 0x2E, 0xC2, 0xDD, 0x19, 0xE0, 0x08, 0x1C, 0xA5, 0x38, 0x00, 0x04
	.byte 0x00, 0x0C, 0x01, 0x28, 0x13, 0xD8, 0x40, 0x46, 0xD0, 0x30, 0x00, 0x68, 0x01, 0x88, 0xF0, 0x20
	.byte 0x08, 0x40, 0x00, 0x09, 0x27, 0x49, 0x40, 0x18, 0x03, 0x78, 0xFF, 0x2B, 0x07, 0xD0, 0x24, 0x32
	.byte 0x5B, 0x09, 0x11, 0x78, 0x08, 0x20, 0x40, 0x42, 0x08, 0x40, 0x18, 0x43, 0x10, 0x70, 0x80, 0x20
	.byte 0x80, 0x00, 0x40, 0x44, 0x01, 0x68, 0x04, 0x22, 0x88, 0x5E, 0xA4, 0x28, 0x0B, 0xD1, 0x1E, 0x48
	.byte 0x40, 0x44, 0x00, 0x78, 0x00, 0x06, 0x00, 0x16, 0x00, 0x28, 0x04, 0xD1, 0x08, 0x1C, 0x24, 0x30
	.byte 0x00, 0x78, 0x40, 0x01, 0x88, 0x70, 0x19, 0x4B, 0x43, 0x44, 0x18, 0x78, 0x05, 0x25, 0x6D, 0x42
	.byte 0x05, 0x40, 0x1D, 0x70, 0x80, 0x24, 0xA4, 0x00, 0x44, 0x44, 0x21, 0x68, 0x14, 0x4E, 0x88, 0x19
	.byte 0x00, 0x27, 0xC0, 0x5F, 0xFF, 0x28, 0x4A, 0xDD, 0x0F, 0x48, 0x40, 0x44, 0x00, 0x78, 0x00, 0x06
	.byte 0x00, 0x16, 0x00, 0x28, 0x43, 0xD1, 0x08, 0x1C, 0x24, 0x30, 0x00, 0x78, 0x40, 0x07, 0x40, 0x0F
	.byte 0x41, 0x00, 0x09, 0x18, 0x49, 0x00, 0x0B, 0x48, 0x0A, 0x18, 0x47, 0x46, 0xD0, 0x37, 0x38, 0x68
	.byte 0x01, 0x88, 0xF0, 0x20, 0x08, 0x40, 0x11, 0x88, 0x88, 0x42, 0x0D, 0xD1, 0x04, 0x21, 0x28, 0x1C
	.byte 0x18, 0xE0, 0x00, 0x00, 0x10, 0xF9, 0x39, 0x08, 0x61, 0x02, 0x00, 0x00, 0x6A, 0x02, 0x00, 0x00
	.byte 0x3E, 0x02, 0x00, 0x00, 0x28, 0xFC, 0x39, 0x08, 0x01, 0x25, 0x02, 0x32, 0x38, 0x68, 0x00, 0x88
	.byte 0xF0, 0x21, 0x01, 0x40, 0x10, 0x88, 0x81, 0x42, 0x02, 0xD0, 0x50, 0x88, 0x81, 0x42, 0x12, 0xD1
	.byte 0x18, 0x78, 0x04, 0x21, 0x08, 0x43, 0x18, 0x70, 0x21, 0x68, 0x89, 0x19, 0x08, 0x88, 0x0C, 0x38
	.byte 0x08, 0x80, 0x20, 0x68, 0x81, 0x19, 0x00, 0x22, 0x88, 0x5E, 0xFF, 0x28, 0x07, 0xDC, 0x80, 0x20
	.byte 0x40, 0x00, 0x08, 0x80, 0x03, 0xE0, 0x02, 0x35, 0x04, 0x32, 0x02, 0x2D, 0xDE, 0xDD, 0x80, 0x24
	.byte 0xA4, 0x00, 0x44, 0x44, 0x23, 0x68, 0x04, 0x25, 0x58, 0x5F, 0xA4, 0x28, 0x14, 0xD1, 0x2A, 0x48
	.byte 0x40, 0x44, 0x01, 0x78, 0x04, 0x20, 0x08, 0x40, 0x00, 0x28, 0x0D, 0xD1, 0x27, 0x4A, 0x99, 0x18
	.byte 0x08, 0x88, 0x19, 0x30, 0x08, 0x80, 0x20, 0x68, 0x82, 0x18, 0x00, 0x27, 0xD0, 0x5F, 0xC0, 0x21
	.byte 0x89, 0x00, 0x88, 0x42, 0x00, 0xDD, 0x11, 0x80, 0x21, 0x4E, 0x46, 0x44, 0x00, 0x20, 0x30, 0x56
	.byte 0x00, 0x28, 0x00, 0xD1, 0xA9, 0xE0, 0x80, 0x25, 0xAD, 0x00, 0x45, 0x44, 0x28, 0x68, 0x1B, 0x49
	.byte 0x40, 0x18, 0x00, 0x22, 0x80, 0x5E, 0x1D, 0x21, 0x9F, 0xF1, 0x0C, 0xF8, 0x02, 0x1C, 0x9A, 0x21
	.byte 0x89, 0x00, 0x41, 0x44, 0x0A, 0x80, 0x00, 0x20, 0x30, 0x56, 0x00, 0x28, 0x01, 0xDA, 0x50, 0x42
	.byte 0x08, 0x80, 0x99, 0x23, 0x9B, 0x00, 0x43, 0x44, 0x1A, 0x68, 0x00, 0x24, 0x08, 0x5F, 0x10, 0x18
	.byte 0x18, 0x60, 0x29, 0x68, 0x98, 0x24, 0xA4, 0x00, 0x44, 0x44, 0x00, 0x28, 0x00, 0xDA, 0xFF, 0x30
	.byte 0x00, 0x12, 0x27, 0x78, 0xC0, 0x19, 0x88, 0x70, 0x00, 0x20, 0x30, 0x56, 0x00, 0x28, 0x21, 0xDD
	.byte 0x08, 0x49, 0x8A, 0x42, 0x10, 0xDC, 0x18, 0x68, 0x88, 0x42, 0x3C, 0xDD, 0x2B, 0x68, 0x21, 0x78
	.byte 0x49, 0x09, 0x01, 0x31, 0x2E, 0xE0, 0x00, 0x00, 0x6A, 0x02, 0x00, 0x00, 0x3E, 0x02, 0x00, 0x00
	.byte 0x61, 0x02, 0x00, 0x00, 0x54, 0x15, 0x00, 0x00, 0x05, 0x49, 0x8A, 0x42, 0x2B, 0xDC, 0x18, 0x68
	.byte 0x88, 0x42, 0x28, 0xDD, 0x2B, 0x68, 0x21, 0x78, 0x49, 0x09, 0x02, 0x31, 0x1A, 0xE0, 0x00, 0x00
	.byte 0x54, 0x35, 0x00, 0x00, 0x05, 0x49, 0x8A, 0x42, 0x0A, 0xDD, 0x18, 0x68, 0x88, 0x42, 0x1A, 0xDC
	.byte 0x2B, 0x68, 0x21, 0x78, 0x49, 0x09, 0x01, 0x39, 0x0C, 0xE0, 0x00, 0x00, 0xAB, 0xEA, 0xFF, 0xFF
	.byte 0x45, 0x49, 0x8A, 0x42, 0x0F, 0xDD, 0x18, 0x68, 0x88, 0x42, 0x0C, 0xDC, 0x2B, 0x68, 0x21, 0x78
	.byte 0x49, 0x09, 0x02, 0x39, 0x24, 0x33, 0x07, 0x20, 0x01, 0x40, 0x1A, 0x78, 0x08, 0x20, 0x40, 0x42
	.byte 0x10, 0x40, 0x08, 0x43, 0x18, 0x70, 0x3D, 0x4A, 0x42, 0x44, 0x00, 0x23, 0xD3, 0x56, 0x00, 0x2B
	.byte 0x07, 0xDD, 0x18, 0x1C, 0x00, 0x02, 0x99, 0x21, 0x89, 0x00, 0x41, 0x44, 0x09, 0x68, 0x88, 0x42
	.byte 0x0A, 0xDD, 0x00, 0x2B, 0x29, 0xDA, 0x00, 0x20, 0x10, 0x56, 0x00, 0x02, 0x99, 0x21, 0x89, 0x00
	.byte 0x41, 0x44, 0x09, 0x68, 0x88, 0x42, 0x20, 0xDB, 0x80, 0x22, 0x92, 0x00, 0x42, 0x44, 0x13, 0x68
	.byte 0x98, 0x21, 0x89, 0x00, 0x41, 0x44, 0x2D, 0x4D, 0x45, 0x44, 0x28, 0x78, 0x09, 0x78, 0x40, 0x18
	.byte 0x00, 0x24, 0x98, 0x70, 0x11, 0x68, 0x8A, 0x78, 0x24, 0x31, 0x52, 0x09, 0x0B, 0x78, 0x08, 0x20
	.byte 0x40, 0x42, 0x18, 0x40, 0x10, 0x43, 0x08, 0x70, 0x2C, 0x70, 0x9A, 0x20, 0x80, 0x00, 0x40, 0x44
	.byte 0x04, 0x80, 0x99, 0x20, 0x80, 0x00, 0x40, 0x44, 0x04, 0x60, 0x80, 0x24, 0xA4, 0x00, 0x44, 0x44
	.byte 0x23, 0x68, 0x1F, 0x4D, 0x58, 0x19, 0x00, 0x21, 0x42, 0x5E, 0x1E, 0x49, 0x98, 0x78, 0x40, 0x00
	.byte 0x40, 0x18, 0x00, 0x27, 0xC0, 0x5F, 0x11, 0x1C, 0x41, 0x43, 0x00, 0x29, 0x01, 0xDA, 0x1A, 0x48
	.byte 0x09, 0x18, 0x89, 0x13, 0x19, 0x4A, 0x98, 0x18, 0x01, 0x80, 0x23, 0x68, 0x58, 0x19, 0x00, 0x25
	.byte 0x41, 0x5F, 0x49, 0x42, 0x16, 0x4A, 0x98, 0x78, 0x40, 0x00, 0x80, 0x18, 0x00, 0x27, 0xC0, 0x5F
	.byte 0x41, 0x43, 0x00, 0x29, 0x01, 0xDA, 0x10, 0x48, 0x09, 0x18, 0x89, 0x13, 0x91, 0x22, 0x92, 0x00
	.byte 0x98, 0x18, 0x01, 0x80, 0x20, 0x68, 0x51, 0x46, 0x14, 0xF0, 0x28, 0xFB, 0x81, 0x20, 0x80, 0x00
	.byte 0x40, 0x44, 0x03, 0x68, 0x04, 0x25, 0x58, 0x5F, 0xA6, 0x28, 0x20, 0xD0, 0xA6, 0x28, 0x11, 0xDC
	.byte 0xA5, 0x28, 0x12, 0xD0, 0x44, 0xE0, 0x00, 0x00, 0xAB, 0xCA, 0xFF, 0xFF, 0x61, 0x02, 0x00, 0x00
	.byte 0x3E, 0x02, 0x00, 0x00, 0x04, 0x85, 0x19, 0x08, 0xFF, 0x3F, 0x00, 0x00, 0x42, 0x02, 0x00, 0x00
	.byte 0x84, 0x85, 0x19, 0x08, 0xA7, 0x28, 0x1E, 0xD0, 0x32, 0xE0, 0x21, 0x68, 0x96, 0x27, 0xBF, 0x00
	.byte 0xC8, 0x19, 0x00, 0x68, 0x00, 0x28, 0x2B, 0xDA, 0xA6, 0x20, 0x88, 0x80, 0x27, 0xE0, 0x22, 0x68
	.byte 0x97, 0x21, 0x89, 0x00, 0x50, 0x18, 0x01, 0x68, 0x01, 0x20, 0x40, 0x42, 0x81, 0x42, 0x06, 0xD1
	.byte 0xA7, 0x20, 0x90, 0x80, 0x98, 0x80, 0x57, 0x20, 0xDD, 0xF7, 0x96, 0xFE, 0x18, 0xE0, 0x96, 0x24
	.byte 0xA4, 0x00, 0x10, 0x19, 0x0E, 0xE0, 0x22, 0x68, 0xA5, 0x25, 0xAD, 0x00, 0x50, 0x19, 0x00, 0x68
	.byte 0x81, 0x7C, 0x08, 0x20, 0x08, 0x40, 0x00, 0x28, 0x01, 0xD0, 0xA4, 0x20, 0x06, 0xE0, 0x96, 0x27
	.byte 0xBF, 0x00, 0xD0, 0x19, 0x00, 0x68, 0x00, 0x28, 0x02, 0xDD, 0xA5, 0x20, 0x90, 0x80, 0x98, 0x80
	.byte 0x80, 0x25, 0xAD, 0x00, 0x45, 0x44, 0x2A, 0x68, 0x04, 0x20, 0x11, 0x5E, 0x2C, 0x23, 0xD0, 0x5E
	.byte 0x81, 0x42, 0x09, 0xD1, 0x10, 0x1C, 0x24, 0x30, 0x01, 0x78, 0x49, 0x07, 0x28, 0x30, 0x00, 0x78
	.byte 0x40, 0x07, 0x81, 0x42, 0x00, 0xD1, 0xC5, 0xE3, 0xCE, 0x24, 0xA4, 0x00, 0x10, 0x19, 0x01, 0x68
	.byte 0x38, 0x27, 0xC8, 0x5F, 0x10, 0x18, 0xCA, 0x6B, 0x01, 0x21, 0x9F, 0xF1, 0xBB, 0xF8, 0x81, 0x26
	.byte 0xB6, 0x00, 0x46, 0x44, 0x30, 0x68, 0x04, 0x19, 0x22, 0x68, 0x38, 0x23, 0xD1, 0x5E, 0x40, 0x18
	.byte 0xD2, 0x6B, 0x01, 0x21, 0x9F, 0xF1, 0xAE, 0xF8, 0x29, 0x68, 0x04, 0x24, 0x08, 0x5F, 0xA7, 0x28
	.byte 0x00, 0xD0, 0xA7, 0xE3, 0xA5, 0x25, 0xAD, 0x00, 0x48, 0x19, 0x63, 0xE0, 0x80, 0x24, 0xA4, 0x00
	.byte 0x44, 0x44, 0x20, 0x68, 0x41, 0x46, 0x28, 0x31, 0x0A, 0xF0, 0x3E, 0xFC, 0x20, 0x68, 0x0C, 0xF0
	.byte 0x1D, 0xF9, 0x00, 0x06, 0x00, 0x28, 0x00, 0xD0, 0x94, 0xE3, 0x05, 0x49, 0x41, 0x44, 0x3C, 0x20
	.byte 0x08, 0x80, 0x81, 0x20, 0x80, 0x00, 0x40, 0x44, 0x02, 0x68, 0x21, 0x68, 0xA9, 0x20, 0x5B, 0xE3
	.byte 0x6E, 0x02, 0x00, 0x00, 0x2C, 0x4C, 0x44, 0x44, 0x20, 0x88, 0x01, 0x21, 0x08, 0x40, 0x00, 0x28
	.byte 0x0F, 0xD1, 0x80, 0x20, 0x80, 0x00, 0x40, 0x44, 0x02, 0x68, 0x24, 0x32, 0x13, 0x78, 0x59, 0x07
	.byte 0x49, 0x0F, 0x01, 0x31, 0x07, 0x20, 0x01, 0x40, 0x08, 0x20, 0x40, 0x42, 0x18, 0x40, 0x08, 0x43
	.byte 0x10, 0x70, 0x21, 0x88, 0x00, 0x25, 0x60, 0x5F, 0x00, 0x28, 0x01, 0xDD, 0x48, 0x1E, 0x20, 0x80
	.byte 0x00, 0x27, 0xE0, 0x5F, 0x00, 0x28, 0x00, 0xD0, 0x64, 0xE3, 0x81, 0x25, 0xAD, 0x00, 0x45, 0x44
	.byte 0x2A, 0x68, 0x80, 0x26, 0xB6, 0x00, 0x46, 0x44, 0x31, 0x68, 0xAA, 0x20, 0x88, 0x80, 0x90, 0x80
	.byte 0x28, 0x68, 0x16, 0x49, 0x0D, 0xF0, 0x1E, 0xFB, 0x30, 0x68, 0x15, 0x49, 0x0D, 0xF0, 0x1A, 0xFB
	.byte 0x28, 0x68, 0x01, 0x24, 0x64, 0x42, 0x01, 0x21, 0x22, 0x1C, 0x23, 0x1C, 0x04, 0xF0, 0x14, 0xFF
	.byte 0x30, 0x68, 0x01, 0x21, 0x22, 0x1C, 0x23, 0x1C, 0x04, 0xF0, 0x0E, 0xFF, 0x28, 0x68, 0xA5, 0x25
	.byte 0xAD, 0x00, 0x40, 0x19, 0x03, 0x68, 0x9A, 0x7C, 0x07, 0x21, 0x49, 0x42, 0x08, 0x1C, 0x10, 0x40
	.byte 0x02, 0x24, 0x20, 0x43, 0x98, 0x74, 0x30, 0x68, 0x40, 0x19, 0x02, 0x68, 0x90, 0x7C, 0x01, 0x40
	.byte 0x21, 0x43, 0x91, 0x74, 0x2E, 0xE3, 0x00, 0x00, 0x6E, 0x02, 0x00, 0x00, 0x39, 0x10, 0x00, 0x00
	.byte 0x51, 0x10, 0x00, 0x00, 0x80, 0x25, 0xAD, 0x00, 0x45, 0x44, 0x2A, 0x68, 0xA5, 0x26, 0xB6, 0x00
	.byte 0x90, 0x19, 0x00, 0x68, 0x81, 0x7C, 0x08, 0x27, 0x38, 0x1C, 0x08, 0x40, 0x00, 0x28, 0x07, 0xD0
	.byte 0x10, 0x1C, 0x00, 0x21, 0x0B, 0xF0, 0xEC, 0xFD, 0x28, 0x68, 0x00, 0x21, 0x0B, 0xF0, 0x90, 0xFE
	.byte 0x81, 0x24, 0xA4, 0x00, 0x44, 0x44, 0x22, 0x68, 0x90, 0x19, 0x00, 0x68, 0x81, 0x7C, 0x38, 0x1C
	.byte 0x08, 0x40, 0x00, 0x28, 0x07, 0xD0, 0x10, 0x1C, 0x00, 0x21, 0x0B, 0xF0, 0xD9, 0xFD, 0x20, 0x68
	.byte 0x00, 0x21, 0x0B, 0xF0, 0x7D, 0xFE, 0x28, 0x68, 0x2A, 0x49, 0x40, 0x18, 0x01, 0x78, 0x02, 0x22
	.byte 0x10, 0x1C, 0x08, 0x40, 0x00, 0x28, 0x00, 0xD0, 0xF4, 0xE2, 0x20, 0x68, 0x25, 0x4B, 0xC0, 0x18
	.byte 0x01, 0x78, 0x10, 0x1C, 0x08, 0x40, 0x00, 0x28, 0x00, 0xD0, 0xEB, 0xE2, 0x22, 0x48, 0x40, 0x44
	.byte 0x01, 0x78, 0x10, 0x1C, 0x08, 0x40, 0x00, 0x28, 0x00, 0xD1, 0xE3, 0xE2, 0x1F, 0x4A, 0x92, 0x20
	.byte 0x40, 0x00, 0x40, 0x44, 0x11, 0x88, 0x00, 0x88, 0x43, 0x46, 0xE4, 0x33, 0x81, 0x42, 0x04, 0xD0
	.byte 0x01, 0x1C, 0x10, 0x32, 0x10, 0x88, 0x88, 0x42, 0xFB, 0xD1, 0x10, 0x1D, 0x18, 0x60, 0x40, 0x46
	.byte 0xFF, 0xF7, 0xB4, 0xF9, 0x16, 0x48, 0x00, 0x90, 0x01, 0x90, 0x40, 0x46, 0x02, 0x21, 0x10, 0x22
	.byte 0x00, 0x23, 0xEB, 0xF7, 0xA7, 0xFA, 0x80, 0x20, 0x80, 0x00, 0x40, 0x44, 0x01, 0x68, 0x11, 0x4B
	.byte 0xC9, 0x18, 0x08, 0x78, 0x40, 0x22, 0x10, 0x43, 0x08, 0x70, 0x81, 0x20, 0x80, 0x00, 0x40, 0x44
	.byte 0x01, 0x68, 0xC9, 0x18, 0x08, 0x78, 0x10, 0x43, 0x08, 0x70, 0x0B, 0x4A, 0x42, 0x44, 0x11, 0x78
	.byte 0x7F, 0x20, 0x08, 0x40, 0x10, 0x70, 0x95, 0x21, 0x49, 0x00, 0x41, 0x44, 0x08, 0x20, 0x08, 0x70
	.byte 0xA8, 0xE2, 0x00, 0x00, 0x0F, 0x02, 0x00, 0x00, 0x6A, 0x02, 0x00, 0x00, 0xC4, 0xFB, 0x39, 0x08
	.byte 0xFF, 0xFF, 0x00, 0x00, 0x51, 0x03, 0x00, 0x00, 0x0B, 0x02, 0x00, 0x00, 0x63, 0x48, 0x40, 0x44
	.byte 0x00, 0x24, 0x01, 0x5F, 0x62, 0x48, 0x81, 0x42, 0x39, 0xDD, 0x80, 0x24, 0xA4, 0x00, 0x44, 0x44
	.byte 0x21, 0x68, 0x60, 0x4D, 0x49, 0x19, 0x08, 0x88, 0x08, 0x38, 0x08, 0x80, 0x20, 0x68, 0x41, 0x19
	.byte 0x00, 0x27, 0xC8, 0x5F, 0x07, 0x28, 0x01, 0xDC, 0x08, 0x20, 0x08, 0x80, 0x23, 0x68, 0x58, 0x19
	.byte 0x00, 0x21, 0x42, 0x5E, 0x58, 0x49, 0x98, 0x78, 0x40, 0x00, 0x40, 0x18, 0x00, 0x27, 0xC0, 0x5F
	.byte 0x11, 0x1C, 0x41, 0x43, 0x00, 0x29, 0x01, 0xDA, 0x54, 0x48, 0x09, 0x18, 0x89, 0x13, 0x54, 0x4A
	.byte 0x98, 0x18, 0x01, 0x80, 0x23, 0x68, 0x58, 0x19, 0x00, 0x24, 0x01, 0x5F, 0x49, 0x42, 0x51, 0x4A
	.byte 0x98, 0x78, 0x40, 0x00, 0x80, 0x18, 0x00, 0x25, 0x40, 0x5F, 0x41, 0x43, 0x00, 0x29, 0x01, 0xDA
	.byte 0x4A, 0x4F, 0xC9, 0x19, 0x89, 0x13, 0x91, 0x22, 0x92, 0x00, 0x98, 0x18, 0x01, 0x80, 0x43, 0x4C
	.byte 0x44, 0x44, 0x80, 0x27, 0xBF, 0x00, 0x47, 0x44, 0x38, 0x68, 0x42, 0x4B, 0xC0, 0x18, 0x00, 0x88
	.byte 0x25, 0x88, 0x40, 0x19, 0x20, 0x80, 0x38, 0x68, 0x41, 0x46, 0x28, 0x31, 0x14, 0xF0, 0x46, 0xF9
	.byte 0x00, 0x20, 0x21, 0x5E, 0x40, 0x48, 0x81, 0x42, 0x00, 0xDC, 0x43, 0xE2, 0x81, 0x26, 0xB6, 0x00
	.byte 0x46, 0x44, 0x32, 0x68, 0x39, 0x68, 0x84, 0x24, 0xA4, 0x00, 0x09, 0x19, 0x08, 0x78, 0x08, 0x23
	.byte 0x18, 0x43, 0x08, 0x70, 0x12, 0x19, 0x10, 0x78, 0x18, 0x43, 0x10, 0x70, 0x33, 0x68, 0x3A, 0x68
	.byte 0x36, 0x4D, 0x52, 0x19, 0x14, 0x78, 0x21, 0x21, 0x49, 0x42, 0x08, 0x1C, 0x20, 0x40, 0x10, 0x70
	.byte 0x5B, 0x19, 0x18, 0x78, 0x01, 0x40, 0x19, 0x70, 0x3A, 0x68, 0x85, 0x21, 0x89, 0x00, 0x52, 0x18
	.byte 0x11, 0x78, 0x08, 0x20, 0x40, 0x42, 0x08, 0x40, 0x03, 0x21, 0x08, 0x43, 0x10, 0x70, 0x30, 0x68
	.byte 0x2B, 0x49, 0x0D, 0xF0, 0xDF, 0xF9, 0x34, 0x68, 0x23, 0x49, 0x38, 0x68, 0x80, 0x78, 0x42, 0x00
	.byte 0x51, 0x18, 0x00, 0x23, 0xC9, 0x5E, 0x48, 0x00, 0x40, 0x18, 0xC0, 0x00, 0x40, 0x42, 0x00, 0x28
	.byte 0x01, 0xDA, 0x1E, 0x4D, 0x40, 0x19, 0x83, 0x13, 0x1E, 0x48, 0x10, 0x18, 0x00, 0x22, 0x81, 0x5E
	.byte 0x48, 0x00, 0x40, 0x18, 0xC0, 0x00, 0x00, 0x28, 0x01, 0xDA, 0x18, 0x4D, 0x40, 0x19, 0x80, 0x13
	.byte 0x00, 0x90, 0x00, 0x20, 0x01, 0x90, 0x19, 0x20, 0x02, 0x90, 0x20, 0x1C, 0x02, 0x21, 0x01, 0x22
	.byte 0x09, 0xF0, 0x02, 0xFF, 0x30, 0x68, 0x01, 0x21, 0x20, 0x22, 0x0B, 0xF0, 0x37, 0xFF, 0x32, 0x68
	.byte 0x39, 0x68, 0xAC, 0x20, 0x88, 0x80, 0x90, 0x80, 0x30, 0x68, 0xCE, 0x27, 0xBF, 0x00, 0xC1, 0x19
	.byte 0x0A, 0x68, 0x38, 0x23, 0xD1, 0x5E, 0x40, 0x18, 0xD2, 0x6B, 0x01, 0x21, 0x9E, 0xF1, 0xDA, 0xFE
	.byte 0x01, 0x21, 0x49, 0x42, 0x2B, 0x20, 0xDD, 0xF7, 0x77, 0xFC, 0xD3, 0xE1, 0x6E, 0x02, 0x00, 0x00
	.byte 0xFF, 0x0F, 0x00, 0x00, 0x3E, 0x02, 0x00, 0x00, 0x04, 0x85, 0x19, 0x08, 0xFF, 0x3F, 0x00, 0x00
	.byte 0x42, 0x02, 0x00, 0x00, 0x84, 0x85, 0x19, 0x08, 0xFF, 0x4F, 0x00, 0x00, 0x0D, 0x02, 0x00, 0x00
	.byte 0x01, 0x10, 0x00, 0x00, 0x81, 0x23, 0x9B, 0x00, 0x43, 0x44, 0x1A, 0x68, 0x96, 0x24, 0xA4, 0x00
	.byte 0x10, 0x19, 0x00, 0x68, 0x00, 0x28, 0x12, 0xDA, 0x80, 0x20, 0x80, 0x00, 0x40, 0x44, 0x01, 0x68
	.byte 0xAD, 0x20, 0x88, 0x80, 0x90, 0x80, 0x18, 0x68, 0xCE, 0x25, 0xAD, 0x00, 0x41, 0x19, 0x0A, 0x68
	.byte 0x38, 0x27, 0xD1, 0x5F, 0x40, 0x18, 0xD2, 0x6B, 0x01, 0x21, 0x9E, 0xF1, 0xA3, 0xFE, 0x81, 0x26
	.byte 0xB6, 0x00, 0x46, 0x44, 0x30, 0x68, 0x44, 0x46, 0x28, 0x34, 0x21, 0x1C, 0x0A, 0xF0, 0x3C, 0xFA
	.byte 0x30, 0x68, 0x0A, 0xF0, 0x4B, 0xFC, 0x30, 0x68, 0x21, 0x1C, 0x00, 0x22, 0x00, 0x23, 0x13, 0xF0
	.byte 0x0B, 0xFF, 0x32, 0x68, 0x97, 0x21, 0x89, 0x00, 0x50, 0x18, 0x01, 0x68, 0x01, 0x20, 0x40, 0x42
	.byte 0x81, 0x42, 0x00, 0xD0, 0x86, 0xE1, 0x10, 0x1C, 0x0A, 0xF0, 0x0C, 0xFE, 0x31, 0x68, 0x08, 0x1C
	.byte 0x24, 0x30, 0x00, 0x78, 0x40, 0x01, 0x88, 0x70, 0x33, 0x68, 0x85, 0x25, 0xAD, 0x00, 0x5B, 0x19
	.byte 0x19, 0x78, 0x08, 0x22, 0x52, 0x42, 0x10, 0x1C, 0x08, 0x40, 0x03, 0x21, 0x08, 0x43, 0x18, 0x70
	.byte 0x80, 0x24, 0xA4, 0x00, 0x44, 0x44, 0x21, 0x68, 0x49, 0x19, 0x08, 0x78, 0x02, 0x40, 0x01, 0x20
	.byte 0x02, 0x43, 0x0A, 0x70, 0x32, 0x68, 0x21, 0x68, 0xAE, 0x20, 0x88, 0x80, 0x90, 0x80, 0x20, 0x68
	.byte 0xCE, 0x22, 0x92, 0x00, 0x81, 0x18, 0x2D, 0xE0, 0x80, 0x26, 0xB6, 0x00, 0x46, 0x44, 0x30, 0x68
	.byte 0xA5, 0x25, 0xAD, 0x00, 0x40, 0x19, 0x00, 0x68, 0x81, 0x7C, 0x08, 0x20, 0x08, 0x40, 0x00, 0x28
	.byte 0x00, 0xD1, 0x4F, 0xE1, 0x81, 0x24, 0xA4, 0x00, 0x44, 0x44, 0x23, 0x68, 0x80, 0x3D, 0x5B, 0x19
	.byte 0x19, 0x78, 0x08, 0x22, 0x52, 0x42, 0x10, 0x1C, 0x08, 0x40, 0x01, 0x21, 0x08, 0x43, 0x18, 0x70
	.byte 0x30, 0x68, 0x40, 0x19, 0x01, 0x78, 0x0A, 0x40, 0x02, 0x70, 0x22, 0x68, 0x31, 0x68, 0xAF, 0x20
	.byte 0x88, 0x80, 0x90, 0x80, 0x20, 0x68, 0x0E, 0x49, 0x0D, 0xF0, 0xFC, 0xF8, 0x20, 0x68, 0xCE, 0x27
	.byte 0xBF, 0x00, 0xC1, 0x19, 0x0A, 0x68, 0x38, 0x23, 0xD1, 0x5E, 0x40, 0x18, 0xD2, 0x6B, 0x01, 0x21
	.byte 0x9E, 0xF1, 0x28, 0xFE, 0x20, 0x68, 0xA5, 0x24, 0xA4, 0x00, 0x00, 0x19, 0x02, 0x68, 0x91, 0x7C
	.byte 0x07, 0x20, 0x40, 0x42, 0x08, 0x40, 0x02, 0x21, 0x08, 0x43, 0x90, 0x74, 0x1A, 0xE1, 0x00, 0x00
	.byte 0x38, 0x10, 0x00, 0x00, 0x81, 0x27, 0xBF, 0x00, 0x47, 0x44, 0x3B, 0x68, 0xA5, 0x25, 0xAD, 0x00
	.byte 0x58, 0x19, 0x00, 0x68, 0x81, 0x7C, 0x08, 0x20, 0x08, 0x40, 0x00, 0x28, 0x00, 0xD1, 0x09, 0xE1
	.byte 0x85, 0x26, 0xB6, 0x00, 0x9B, 0x19, 0x1A, 0x78, 0x08, 0x21, 0x49, 0x42, 0x08, 0x1C, 0x10, 0x40
	.byte 0x01, 0x24, 0x20, 0x43, 0x18, 0x70, 0x94, 0x3D, 0x45, 0x44, 0x28, 0x68, 0x80, 0x19, 0x02, 0x78
	.byte 0x11, 0x40, 0x21, 0x43, 0x01, 0x70, 0x3A, 0x68, 0x29, 0x68, 0xB0, 0x20, 0x88, 0x80, 0x90, 0x80
	.byte 0x38, 0x68, 0xCE, 0x24, 0xA4, 0x00, 0x01, 0x19, 0x0A, 0x68, 0x38, 0x27, 0xD1, 0x5F, 0x40, 0x18
	.byte 0xD2, 0x6B, 0x01, 0x21, 0x9E, 0xF1, 0xE6, 0xFD, 0x28, 0x68, 0x04, 0x19, 0x22, 0x68, 0x38, 0x23
	.byte 0xD1, 0x5E, 0x40, 0x18, 0xD2, 0x6B, 0x01, 0x21, 0x9E, 0xF1, 0xDC, 0xFD, 0x28, 0x68, 0xA5, 0x24
	.byte 0xA4, 0x00, 0x00, 0x19, 0x02, 0x68, 0x91, 0x7C, 0x07, 0x20, 0x40, 0x42, 0x08, 0x40, 0x02, 0x21
	.byte 0x08, 0x43, 0x90, 0x74, 0x01, 0x21, 0x49, 0x42, 0xD7, 0x20, 0xDD, 0xF7, 0x6D, 0xFB, 0xC9, 0xE0
	.byte 0x80, 0x26, 0xB6, 0x00, 0x46, 0x44, 0x30, 0x68, 0xA5, 0x25, 0xAD, 0x00, 0x40, 0x19, 0x00, 0x68
	.byte 0x81, 0x7C, 0x08, 0x20, 0x08, 0x40, 0x00, 0x28, 0x00, 0xD1, 0xBB, 0xE0, 0x81, 0x27, 0xBF, 0x00
	.byte 0x47, 0x44, 0x39, 0x68, 0x80, 0x3D, 0x49, 0x19, 0x0B, 0x78, 0x08, 0x22, 0x52, 0x42, 0x10, 0x1C
	.byte 0x18, 0x40, 0x03, 0x24, 0x20, 0x43, 0x08, 0x70, 0x31, 0x68, 0x49, 0x19, 0x0B, 0x78, 0x10, 0x1C
	.byte 0x18, 0x40, 0x20, 0x43, 0x08, 0x70, 0x33, 0x68, 0x24, 0x33, 0x1C, 0x78, 0x60, 0x07, 0x40, 0x0F
	.byte 0x04, 0x30, 0x07, 0x21, 0x08, 0x40, 0x22, 0x40, 0x02, 0x43, 0x1A, 0x70, 0x31, 0x68, 0x08, 0x1C
	.byte 0x24, 0x30, 0x00, 0x78, 0x40, 0x01, 0x00, 0x22, 0x91, 0x46, 0x88, 0x70, 0x38, 0x68, 0x34, 0x49
	.byte 0x0D, 0xF0, 0x58, 0xF8, 0x30, 0x68, 0x33, 0x49, 0x0D, 0xF0, 0x54, 0xF8, 0xD7, 0x20, 0xDD, 0xF7
	.byte 0x25, 0xFB, 0x30, 0x68, 0xC3, 0x68, 0x04, 0x69, 0x24, 0x30, 0x00, 0x78, 0x40, 0x07, 0x40, 0x0F
	.byte 0x04, 0x21, 0x48, 0x40, 0x90, 0x21, 0x89, 0x00, 0x41, 0x44, 0x00, 0x22, 0x8D, 0x5E, 0xAA, 0x46
	.byte 0x29, 0x49, 0x82, 0x01, 0x51, 0x18, 0x00, 0x25, 0x48, 0x5F, 0x51, 0x46, 0x41, 0x43, 0x08, 0x1C
	.byte 0x00, 0x28, 0x01, 0xDA, 0x25, 0x4D, 0x40, 0x19, 0x80, 0x13, 0x1B, 0x18, 0x24, 0x48, 0x10, 0x18
	.byte 0x00, 0x21, 0x40, 0x5E, 0x52, 0x46, 0x42, 0x43, 0x10, 0x1C, 0x00, 0x28, 0x01, 0xDA, 0x1F, 0x4D
	.byte 0x40, 0x19, 0x80, 0x13, 0x24, 0x1A, 0x39, 0x68, 0x00, 0x2B, 0x00, 0xDA, 0xFF, 0x33, 0x1B, 0x12
	.byte 0x20, 0x1C, 0x00, 0x28, 0x00, 0xDA, 0xFF, 0x30, 0x00, 0x12, 0x00, 0x90, 0x48, 0x46, 0x01, 0x90
	.byte 0x18, 0x4A, 0x88, 0x18, 0x00, 0x88, 0x02, 0x90, 0x08, 0x1C, 0x01, 0x21, 0x00, 0x22, 0x09, 0xF0
	.byte 0x5B, 0xFD, 0x3A, 0x68, 0x14, 0x4B, 0xD2, 0x18, 0x10, 0x78, 0x80, 0x21, 0x08, 0x43, 0x40, 0x23
	.byte 0x18, 0x43, 0x10, 0x70, 0x31, 0x68, 0x11, 0x4C, 0x09, 0x19, 0x08, 0x78, 0x18, 0x43, 0x08, 0x70
	.byte 0x30, 0x68, 0x91, 0x25, 0xAD, 0x00, 0x41, 0x19, 0x4A, 0x46, 0x0A, 0x80, 0x0C, 0x4B, 0xC0, 0x18
	.byte 0x02, 0x80, 0x3A, 0x68, 0x31, 0x68, 0xB1, 0x20, 0x88, 0x80, 0x90, 0x80, 0x2A, 0xE0, 0x00, 0x00
	.byte 0x01, 0x10, 0x00, 0x00, 0x02, 0x10, 0x00, 0x00, 0x04, 0x85, 0x19, 0x08, 0xFF, 0x3F, 0x00, 0x00
	.byte 0x84, 0x85, 0x19, 0x08, 0x3E, 0x02, 0x00, 0x00, 0xB6, 0x02, 0x00, 0x00, 0x51, 0x03, 0x00, 0x00
	.byte 0x42, 0x02, 0x00, 0x00, 0x81, 0x24, 0xA4, 0x00, 0x44, 0x44, 0x20, 0x68, 0x41, 0x46, 0x28, 0x31
	.byte 0x0A, 0xF0, 0xB2, 0xF8, 0x20, 0x68, 0x0A, 0xF0, 0xC1, 0xFA, 0x20, 0x68, 0x0B, 0xF0, 0x8E, 0xFD
	.byte 0x00, 0x06, 0x00, 0x28, 0x06, 0xD1, 0x20, 0x68, 0x0A, 0xF0, 0x8C, 0xFC, 0x40, 0x46, 0xFE, 0xF7
	.byte 0xE5, 0xFE, 0xCE, 0xE1
_0803C070:
	.byte 0x95, 0x20, 0x40, 0x00, 0x40, 0x44, 0x00, 0x78, 0x02, 0x28, 0x04, 0xD9, 0x07, 0x28, 0x02, 0xD0
	.byte 0x0B, 0x28, 0x00, 0xD0, 0x8C, 0xE1, 0xAE, 0x20, 0x80, 0x00, 0x40, 0x44, 0x01, 0x78, 0x10, 0x20
	.byte 0x08, 0x40, 0x00, 0x06, 0x01, 0x0E, 0x00, 0x29, 0x00, 0xD0, 0x81, 0xE1, 0x81, 0x27, 0xBF, 0x00
	.byte 0x47, 0x44, 0x38, 0x68, 0x04, 0x24, 0x00, 0x5F, 0xA3, 0x28, 0x00, 0xDC, 0x78, 0xE1, 0xA7, 0x28
	.byte 0x00, 0xDD, 0x75, 0xE1, 0x80, 0x25, 0xAD, 0x00, 0x45, 0x44, 0x28, 0x68, 0x84, 0x69, 0x81, 0x61
	.byte 0x28, 0x68, 0xCE, 0x22, 0x92, 0x00, 0x81, 0x18, 0x09, 0x68, 0x68, 0x31, 0x00, 0x23, 0xCA, 0x5E
	.byte 0x80, 0x18, 0x49, 0x68, 0x9E, 0xF1, 0xCA, 0xFC, 0x00, 0x06, 0x06, 0x0E, 0x28, 0x68, 0x84, 0x61
	.byte 0x38, 0x68, 0x04, 0x24, 0x00, 0x5F, 0xA4, 0x28, 0x00, 0xD0, 0x43, 0xE1, 0x00, 0x2E, 0x00, 0xD1
	.byte 0x40, 0xE1, 0x2A, 0x68, 0x10, 0x1C, 0x24, 0x30, 0x04, 0x78, 0x63, 0x07, 0x58, 0x0F, 0x01, 0x21
	.byte 0x48, 0x40, 0x08, 0x40, 0x00, 0x28, 0x00, 0xD1, 0x30, 0xE1, 0x98, 0x0F, 0x31, 0x1C, 0x01, 0x41
	.byte 0x01, 0x20, 0x01, 0x40, 0x00, 0x29, 0x00, 0xD1, 0x22, 0xE1, 0x07, 0x20, 0x20, 0x40, 0x00, 0x28
	.byte 0x04, 0xD0, 0x06, 0x28, 0x02, 0xD0, 0x02, 0x28, 0x00, 0xD0, 0xA4, 0xE0, 0x80, 0x20, 0x80, 0x00
	.byte 0x40, 0x44, 0x02, 0x68, 0xD3, 0x68, 0x10, 0x1C, 0x24, 0x30, 0x01, 0x78, 0x07, 0x20, 0x08, 0x40
	.byte 0x02, 0x28, 0x04, 0xD1, 0x9E, 0x25, 0xAD, 0x00, 0x50, 0x19, 0x00, 0x88, 0x06, 0xE0, 0x9E, 0x27
	.byte 0xBF, 0x00, 0xD0, 0x19, 0x00, 0x88, 0x40, 0x42, 0xC1, 0x0F, 0x40, 0x18, 0x40, 0x10, 0x1C, 0x18
	.byte 0x80, 0x20, 0x80, 0x00, 0x40, 0x44, 0x02, 0x68, 0x9C, 0x21, 0x89, 0x00, 0x50, 0x18, 0x00, 0x23
	.byte 0xC1, 0x5E, 0x10, 0x69, 0x40, 0x18, 0x9F, 0x25, 0xAD, 0x00, 0x51, 0x19, 0x09, 0x88, 0x45, 0x1A
	.byte 0x10, 0x1C, 0x24, 0x30, 0x00, 0x78, 0x40, 0x07, 0x40, 0x0F, 0x02, 0x28, 0x12, 0xD0, 0x02, 0x28
	.byte 0x02, 0xD8, 0x00, 0x28, 0x03, 0xD0, 0x10, 0xE0, 0x06, 0x28, 0x05, 0xD0, 0x0D, 0xE0, 0x01, 0x4F
	.byte 0xED, 0x19, 0x0A, 0xE0, 0x00, 0xFF, 0xFF, 0xFF, 0x01, 0x48, 0x24, 0x18, 0x05, 0xE0, 0x00, 0x00
	.byte 0x00, 0xFF, 0xFF, 0xFF, 0x80, 0x21, 0x49, 0x00, 0x64, 0x18, 0x01, 0x27, 0xFF, 0x34, 0x27, 0x48
	.byte 0x04, 0x40, 0xFF, 0x35, 0x05, 0x40, 0x02, 0x26, 0xC1, 0x20, 0x80, 0x00, 0x40, 0x44, 0x03, 0x68
	.byte 0x20, 0x1C, 0x00, 0x2C, 0x01, 0xDA, 0x22, 0x4A, 0xA0, 0x18, 0x00, 0x01, 0x01, 0x14, 0x2A, 0x1C
	.byte 0x00, 0x2D, 0x01, 0xDA, 0x1E, 0x48, 0x2A, 0x18, 0x12, 0x01, 0x12, 0x14, 0x18, 0x1C, 0x1D, 0xF0
	.byte 0x93, 0xFF, 0x02, 0x78, 0x78, 0x20, 0x10, 0x40, 0x10, 0x28, 0x00, 0xD0, 0xA4, 0xE0, 0x80, 0x20
	.byte 0x80, 0x00, 0x40, 0x44, 0x00, 0x68, 0x24, 0x30, 0x00, 0x78, 0x07, 0x23, 0x19, 0x1C, 0x01, 0x40
	.byte 0x00, 0x29, 0x04, 0xD1, 0x18, 0x1C, 0x10, 0x40, 0x06, 0x28, 0x00, 0xD0, 0x94, 0xE0, 0x06, 0x29
	.byte 0x04, 0xD1, 0x18, 0x1C, 0x10, 0x40, 0x05, 0x28, 0x00, 0xD0, 0x8D, 0xE0, 0x02, 0x29, 0x04, 0xD1
	.byte 0x18, 0x1C, 0x10, 0x40, 0x04, 0x28, 0x00, 0xD0, 0x86, 0xE0, 0x80, 0x20, 0x80, 0x00, 0x40, 0x44
	.byte 0x02, 0x68, 0x10, 0x1C, 0x24, 0x30, 0x01, 0x78, 0x07, 0x20, 0x08, 0x40, 0x00, 0x28, 0x09, 0xD1
	.byte 0x9E, 0x21, 0x89, 0x00, 0x50, 0x18, 0x00, 0x88, 0x24, 0x18, 0x08, 0xE0, 0x00, 0xFF, 0xFF, 0xFF
	.byte 0xFF, 0x0F, 0x00, 0x00, 0x9F, 0x23, 0x9B, 0x00, 0xD0, 0x18, 0x00, 0x88, 0x2D, 0x18, 0x01, 0x3E
	.byte 0x00, 0x2E, 0xA9, 0xD1, 0x00, 0xE0, 0x00, 0x27, 0x00, 0x2F, 0x65, 0xD0, 0x2C, 0x49, 0x41, 0x44
	.byte 0x00, 0x20, 0x08, 0x80, 0x80, 0x23, 0x9B, 0x00, 0x44, 0x46, 0xE5, 0x18, 0x29, 0x68, 0x08, 0x1C
	.byte 0x24, 0x30, 0x00, 0x78, 0x40, 0x01, 0x88, 0x70, 0x2A, 0x68, 0x26, 0x49, 0x90, 0x78, 0x40, 0x00
	.byte 0x40, 0x18, 0x00, 0x27, 0xC1, 0x5F, 0x00, 0x29, 0x00, 0xDA, 0x1F, 0x31, 0x49, 0x11, 0x22, 0x4C
	.byte 0x10, 0x19, 0x01, 0x80, 0x2A, 0x68, 0x21, 0x49, 0x90, 0x78, 0x40, 0x00, 0x40, 0x18, 0x00, 0x27
	.byte 0xC0, 0x5F, 0x40, 0x02, 0x40, 0x42, 0x00, 0x28, 0x01, 0xDA, 0x1D, 0x49, 0x40, 0x18, 0x81, 0x13
	.byte 0x91, 0x24, 0xA4, 0x00, 0x10, 0x19, 0x01, 0x80, 0x28, 0x68, 0x1A, 0x4F, 0xC1, 0x19, 0x0B, 0x80
	.byte 0x98, 0x21, 0x89, 0x00, 0x40, 0x18, 0x03, 0x80, 0x81, 0x22, 0x92, 0x00, 0x42, 0x44, 0x13, 0x68
	.byte 0x29, 0x68, 0xAB, 0x20, 0x88, 0x80, 0x98, 0x80, 0x10, 0x68, 0xF4, 0x34, 0x01, 0x19, 0x0A, 0x68
	.byte 0x38, 0x23, 0xD1, 0x5E, 0x40, 0x18, 0xD2, 0x6B, 0x01, 0x21, 0x9E, 0xF1, 0xB1, 0xFB, 0x28, 0x68
	.byte 0x04, 0x19, 0x22, 0x68, 0x38, 0x24, 0x11, 0x5F, 0x40, 0x18, 0xD2, 0x6B, 0x01, 0x21, 0x9E, 0xF1
	.byte 0xA7, 0xFB, 0x01, 0x21, 0x49, 0x42, 0x8A, 0x20, 0xDD, 0xF7, 0x44, 0xF9, 0x22, 0xE0, 0x00, 0x00
	.byte 0x6E, 0x02, 0x00, 0x00, 0x04, 0x85, 0x19, 0x08, 0x42, 0x02, 0x00, 0x00, 0x84, 0x85, 0x19, 0x08
	.byte 0xFF, 0x3F, 0x00, 0x00, 0x3E, 0x02, 0x00, 0x00, 0x80, 0x20, 0x80, 0x00, 0x40, 0x44, 0x00, 0x68
	.byte 0x02, 0x4D, 0x40, 0x19, 0x19, 0x21, 0x01, 0x80, 0x0C, 0xE0, 0x00, 0x00, 0x3E, 0x02, 0x00, 0x00
	.byte 0x01, 0x4F, 0xD1, 0x19, 0x04, 0xE0, 0x00, 0x00, 0x3E, 0x02, 0x00, 0x00, 0x2C, 0x48, 0x11, 0x18
	.byte 0x19, 0x20, 0x08, 0x80, 0x80, 0x21, 0x89, 0x00, 0x41, 0x44, 0x0A, 0x68, 0x90, 0x69, 0x00, 0x28
	.byte 0x01, 0xDA, 0x00, 0x20, 0x90, 0x61, 0x09, 0x68, 0x04, 0x22, 0x88, 0x5E, 0xA4, 0x28, 0x07, 0xD1
	.byte 0x6A, 0x46, 0x01, 0x20, 0x10, 0x70, 0x40, 0x46, 0x01, 0x22, 0x01, 0x23, 0xF2, 0xF7, 0x12, 0xFD
	.byte 0x81, 0x25, 0xAD, 0x00, 0x45, 0x44, 0x29, 0x68, 0x04, 0x23, 0xC8, 0x5E, 0xAB, 0x28, 0x22, 0xDC
	.byte 0x80, 0x24, 0xA4, 0x00, 0x44, 0x44, 0x20, 0x68, 0xC0, 0x68, 0xC8, 0x60, 0x29, 0x68, 0x20, 0x68
	.byte 0x00, 0x69, 0x08, 0x61, 0x29, 0x68, 0x20, 0x68, 0x40, 0x69, 0x48, 0x61, 0x29, 0x68, 0x20, 0x68
	.byte 0x80, 0x69, 0x88, 0x61, 0x2B, 0x68, 0x20, 0x68, 0x24, 0x30, 0x01, 0x78, 0x49, 0x07, 0x24, 0x33
	.byte 0x49, 0x0F, 0x1A, 0x78, 0x08, 0x20, 0x40, 0x42, 0x10, 0x40, 0x08, 0x43, 0x18, 0x70, 0x29, 0x68
	.byte 0x20, 0x68, 0x80, 0x78, 0x88, 0x70
_0803C3F6:
	.byte 0x80, 0x20, 0x80, 0x00, 0x40, 0x44, 0x00, 0x68, 0x0A, 0xF0, 0xEB, 0xF8, 0x81, 0x20, 0x80, 0x00
	.byte 0x40, 0x44, 0x00, 0x68, 0x0A, 0xF0, 0xE5, 0xF8, 0x03, 0xB0, 0x38, 0xBC, 0x98, 0x46, 0xA1, 0x46
	.byte 0xAA, 0x46, 0xF0, 0xBC, 0x01, 0xBC, 0x00, 0x47, 0x00, 0x00, 0x3E, 0x02, 0x00, 0x00
