	.include "asm/macros.inc"

	.syntax unified
	.text

	thumb_func_start sub_80E19EC
sub_80E19EC:
	push {lr}
	adds r2, r0, #0x0
	ldrh r0, [r2, #0x12]
	ldrh r1, [r2, #0x10]
	adds r0, r0, r1
	strh r0, [r2, #0x10]
	ldrh r0, [r2, #0x14]
	ldrh r1, [r2, #0x18]
	adds r0, r0, r1
	strh r0, [r2, #0x18]
	movs r0, #0x10
	ldsh r1, [r2, r0]
	cmp r1, #0x00
	bge _080E1A0A
	adds r1, #0xFF
_080E1A0A:
	asrs r1, r1, #0x08
	ldr r0, _080E1A24 @ =0x02000018
	strh r1, [r0, #0x00]
	movs r1, #0x18
	ldsh r0, [r2, r1]
	cmp r0, #0x00
	bge _080E1A1A
	adds r0, #0xFF
_080E1A1A:
	asrs r1, r0, #0x08
	ldr r0, _080E1A28 @ =0x0200001A
	strh r1, [r0, #0x00]
	pop {r0}
	bx r0
_080E1A24: .4byte 0x02000018
_080E1A28: .4byte 0x0200001A
	thumb_func_start sub_80E1A2C
sub_80E1A2C:
	push {r4, r5, r6, lr}
	ldr r4, _080E1A90 @ =0x03000FD8
	ldr r0, [r4, #0x00]
	movs r1, #0x98
	lsls r1, r1, #0x02
	adds r0, r0, r1
	ldr r0, [r0, #0x00]
	bl _call_via_r0
	ldr r2, _080E1A94 @ =0x040000B0
	ldrh r1, [r2, #0x0A]
	ldr r0, _080E1A98 @ =0x0000C5FF
	ands r0, r1
	strh r0, [r2, #0x0A]
	ldrh r1, [r2, #0x0A]
	ldr r0, _080E1A9C @ =0x00007FFF
	ands r0, r1
	strh r0, [r2, #0x0A]
	ldrh r0, [r2, #0x0A]
	ldr r3, _080E1AA0 @ =0x03000FDC
	ldr r5, [r4, #0x00]
	ldrb r1, [r5, #0x0B]
	lsls r1, r1, #0x1A
	lsrs r1, r1, #0x1F
	lsls r0, r1, #0x02
	adds r0, r0, r1
	lsls r0, r0, #0x07
	ldr r6, _080E1AA4 @ =0x00003EF0
	adds r0, r0, r6
	ldr r3, [r3, #0x00]
	adds r0, r3, r0
	str r0, [r2, #0x00]
	ldr r4, _080E1AA8 @ =0x04000040
	str r4, [r2, #0x04]
	ldr r0, _080E1AAC @ =0xA6600001
	str r0, [r2, #0x08]
	ldr r0, [r2, #0x08]
	ldrb r1, [r5, #0x0B]
	lsls r1, r1, #0x1A
	lsrs r1, r1, #0x1F
	lsls r0, r1, #0x02
	adds r0, r0, r1
	lsls r0, r0, #0x07
	adds r0, r0, r3
	adds r0, r0, r6
	ldr r0, [r0, #0x00]
	str r0, [r4, #0x00]
	pop {r4, r5, r6}
	pop {r0}
	bx r0
_080E1A90: .4byte 0x03000FD8
_080E1A94: .4byte 0x040000B0
_080E1A98: .4byte 0x0000C5FF
_080E1A9C: .4byte 0x00007FFF
_080E1AA0: .4byte 0x03000FDC
_080E1AA4: .4byte 0x00003EF0
_080E1AA8: .4byte 0x04000040
_080E1AAC: .4byte 0xA6600001
	thumb_func_start sub_80E1AB0
sub_80E1AB0:
	push {r4, r5, r6, lr}
	add sp, #-0x004
	adds r4, r0, #0x0
	ldr r5, [r4, #0x08]
	ldrb r1, [r5, #0x12]
	movs r0, #0x08
	ands r0, r1
	lsls r0, r0, #0x18
	lsrs r0, r0, #0x18
	cmp r0, #0x00
	bne _080E1ADC
	movs r2, #0x12
	ldsh r1, [r4, r2]
	movs r3, #0x14
	ldsh r2, [r4, r3]
	movs r6, #0x16
	ldsh r3, [r4, r6]
	str r0, [sp, #0x000]
	adds r0, r5, #0x0
	bl sub_807FC54
	b _080E1AE6
_080E1ADC:
	adds r0, r5, #0x0
	bl sub_807FB34
	movs r0, #0x00
	str r0, [r4, #0x04]
_080E1AE6:
	add sp, #0x004
	pop {r4, r5, r6}
	pop {r0}
	bx r0
	.byte 0x00, 0x00
	thumb_func_start sub_80E1AF0
sub_80E1AF0:
	push {r4, r5, r6, lr}
	add sp, #-0x004
	adds r6, r0, #0x0
	movs r1, #0x10
	ldsh r0, [r6, r1]
	cmp r0, #0x00
	bne _080E1B24
_080E1AFE:
	ldr r5, [r6, #0x0C]
	ldrh r0, [r5, #0x00]
	movs r2, #0x12
	ldsh r1, [r6, r2]
	movs r3, #0x14
	ldsh r2, [r6, r3]
	movs r4, #0x16
	ldsh r3, [r6, r4]
	ldr r4, [r6, #0x08]
	str r4, [sp, #0x000]
	bl sub_80DF024
	ldrh r0, [r5, #0x02]
	strh r0, [r6, #0x10]
	adds r5, #0x04
	str r5, [r6, #0x0C]
	lsls r0, r0, #0x10
	cmp r0, #0x00
	beq _080E1AFE
_080E1B24:
	ldrh r1, [r6, #0x10]
	movs r2, #0x10
	ldsh r0, [r6, r2]
	cmp r0, #0x00
	bge _080E1B34
	movs r0, #0x00
	str r0, [r6, #0x04]
	b _080E1B38
_080E1B34:
	subs r0, r1, #0x1
	strh r0, [r6, #0x10]
_080E1B38:
	add sp, #0x004
	pop {r4, r5, r6}
	pop {r0}
	bx r0
	.byte 0xF0, 0xB5, 0x57, 0x46, 0x4E, 0x46, 0x45, 0x46, 0xE0, 0xB4, 0xA5, 0xB0, 0x07, 0x1C, 0x8A, 0x46
	.byte 0x21, 0x92, 0x22, 0x93, 0x00, 0x20, 0x20, 0xA9, 0x08, 0x60, 0x00, 0x22, 0x89, 0x46, 0x21, 0x98
	.byte 0x82, 0x42, 0x4E, 0xDA, 0x69, 0x46, 0x23, 0x91, 0x11, 0x01, 0x53, 0x46, 0xC8, 0x18, 0x05, 0x68
	.byte 0x00, 0x24, 0x88, 0x46, 0x01, 0x32, 0x24, 0x92, 0x20, 0x9B, 0x19, 0x1C, 0x23, 0x9A, 0x8C, 0x42
	.byte 0x05, 0xD0, 0x10, 0x68, 0xA8, 0x42, 0x08, 0xD0, 0x04, 0x32, 0x01, 0x34, 0xF7, 0xE7, 0x98, 0x00
	.byte 0x23, 0x99, 0x40, 0x18, 0x05, 0x60, 0x58, 0x1C, 0x20, 0x90, 0x40, 0x46, 0x50, 0x44, 0x6E, 0x46
	.byte 0x45, 0x68, 0xCC, 0x46, 0x00, 0x24, 0x4A, 0x46, 0x13, 0x68, 0x19, 0x1C, 0x6A, 0x46, 0x8C, 0x42
	.byte 0x05, 0xD0, 0x10, 0x68, 0xA8, 0x42, 0x08, 0xD0, 0x04, 0x32, 0x01, 0x34, 0xF7, 0xE7, 0x98, 0x00
	.byte 0x80, 0x19, 0x05, 0x60, 0x58, 0x1C, 0x63, 0x46, 0x18, 0x60, 0x40, 0x46, 0x50, 0x44, 0x6E, 0x46
	.byte 0x85, 0x68, 0xCC, 0x46, 0x00, 0x24, 0x48, 0x46, 0x03, 0x68, 0x19, 0x1C, 0x6A, 0x46, 0x8C, 0x42
	.byte 0x05, 0xD0, 0x10, 0x68, 0xA8, 0x42, 0x08, 0xD0, 0x04, 0x32, 0x01, 0x34, 0xF7, 0xE7, 0x98, 0x00
	.byte 0x80, 0x19, 0x05, 0x60, 0x58, 0x1C, 0x61, 0x46, 0x08, 0x60, 0x24, 0x9A, 0x21, 0x9B, 0x9A, 0x42
	.byte 0xB2, 0xDB, 0x48, 0x46, 0x01, 0x68, 0x09, 0x01, 0x01, 0x20, 0x3A, 0x4A, 0x37, 0xF7, 0x6E, 0xF8
	.byte 0x78, 0x60, 0x21, 0x9A, 0x11, 0x01, 0x01, 0x20, 0x36, 0x4A, 0x37, 0xF7, 0x67, 0xF8, 0xB8, 0x60
	.byte 0x00, 0x21, 0x21, 0xAB, 0x1B, 0x88, 0x7B, 0x80, 0x20, 0xA8, 0x02, 0x68, 0x3A, 0x80, 0x22, 0xA8
	.byte 0x00, 0x88, 0xB8, 0x81, 0x2D, 0x98, 0xB8, 0x73, 0x2E, 0x98, 0xF8, 0x73, 0x39, 0x61, 0x79, 0x61
	.byte 0xB9, 0x61, 0x80, 0x20, 0x40, 0x00, 0xF8, 0x61, 0x38, 0x62, 0xF0, 0x20, 0xC0, 0x01, 0x78, 0x62
	.byte 0xA0, 0x20, 0xC0, 0x01, 0xB8, 0x62, 0xF9, 0x62, 0x39, 0x63, 0xA0, 0x20, 0x00, 0x02, 0x78, 0x63
	.byte 0xB8, 0x63, 0x39, 0x1C, 0x3C, 0x31, 0x10, 0x20, 0x08, 0x70, 0x01, 0x31, 0xF0, 0x20, 0x08, 0x70
	.byte 0x00, 0x2A, 0x27, 0xDD, 0x7E, 0x68, 0x6C, 0x46, 0x33, 0x1C, 0x51, 0x42, 0x03, 0x20, 0x01, 0x40
	.byte 0x00, 0x29, 0x12, 0xD0, 0x03, 0x29, 0x0A, 0xDA, 0x02, 0x29, 0x04, 0xDA, 0x00, 0x98, 0xF0, 0x60
	.byte 0x01, 0xAC, 0x10, 0x33, 0x01, 0x3A, 0x01, 0xCC, 0xD8, 0x60, 0x10, 0x33, 0x01, 0x3A, 0x01, 0xCC
	.byte 0xD8, 0x60, 0x10, 0x33, 0x01, 0x3A, 0x00, 0x2A, 0x0C, 0xD0, 0x20, 0x68, 0xD8, 0x60, 0x60, 0x68
	.byte 0xD8, 0x61, 0xA0, 0x68, 0xD8, 0x62, 0xE0, 0x68, 0xD8, 0x63, 0x10, 0x34, 0x40, 0x33, 0x04, 0x3A
	.byte 0x00, 0x2A, 0xF2, 0xD1, 0x00, 0x22, 0x21, 0x99, 0x8A, 0x42, 0x3E, 0xDA, 0xEC, 0x46, 0xE8, 0x46
	.byte 0x11, 0x01, 0x53, 0x46, 0xC8, 0x18, 0x04, 0x68, 0x00, 0x23, 0x7E, 0x68, 0x0D, 0x1C, 0x01, 0x32
	.byte 0x91, 0x46, 0xBA, 0x68, 0x61, 0x46, 0x08, 0x68, 0xA0, 0x42, 0x05, 0xD0, 0x04, 0x31, 0x01, 0x33
	.byte 0xF9, 0xE7, 0x00, 0x00, 0xF0, 0x00, 0x20, 0x08, 0xA8, 0x18, 0x19, 0x01, 0x71, 0x18, 0x01, 0x60
	.byte 0x51, 0x46, 0x68, 0x18, 0x44, 0x68, 0x00, 0x21, 0x43, 0x46, 0x18, 0x68, 0xA0, 0x42, 0x02, 0xD0
	.byte 0x04, 0x33, 0x01, 0x31, 0xF9, 0xE7, 0xA8, 0x18, 0x09, 0x01, 0x71, 0x18, 0x41, 0x60, 0x53, 0x46
	.byte 0xE8, 0x18, 0x84, 0x68, 0x00, 0x21, 0x43, 0x46, 0x18, 0x68, 0xA0, 0x42, 0x02, 0xD0, 0x04, 0x33
	.byte 0x01, 0x31, 0xF9, 0xE7, 0xA8, 0x18, 0x09, 0x01, 0x71, 0x18, 0x81, 0x60, 0x52, 0x46, 0x91, 0x89
	.byte 0x81, 0x81, 0x4A, 0x46, 0x21, 0x9B, 0x9A, 0x42, 0xC2, 0xDB, 0x38, 0x1C, 0x25, 0xB0, 0x38, 0xBC
	.byte 0x98, 0x46, 0xA1, 0x46, 0xAA, 0x46, 0xF0, 0xBC, 0x02, 0xBC, 0x08, 0x47, 0xF0, 0xB5, 0x57, 0x46
	.byte 0x4E, 0x46, 0x45, 0x46, 0xE0, 0xB4, 0x91, 0xB0, 0x81, 0x46, 0x03, 0x91, 0xD3, 0x48, 0x00, 0x68
	.byte 0x80, 0x6B, 0x04, 0x90, 0x00, 0x20, 0x05, 0x90, 0x49, 0x46, 0x09, 0x88, 0x88, 0x42, 0x00, 0xDB
	.byte 0xDF, 0xE0, 0xCF, 0x4A, 0x92, 0x46, 0xCF, 0x4B, 0x98, 0x46, 0x05, 0x9D, 0x29, 0x01, 0x4F, 0x46
	.byte 0x78, 0x68, 0x42, 0x18, 0xD1, 0x68, 0x08, 0x68, 0x10, 0x60, 0x4F, 0x68, 0x57, 0x60, 0x8C, 0x68
	.byte 0x94, 0x60, 0x49, 0x46, 0x08, 0x69, 0x00, 0x28, 0x00, 0xDA, 0xFF, 0x30, 0x00, 0x12, 0x00, 0x06
	.byte 0x00, 0x0E, 0x00, 0x28, 0x2E, 0xD0, 0x41, 0x00, 0x53, 0x46, 0xCE, 0x18, 0x00, 0x25, 0x70, 0x5F
	.byte 0x00, 0x28, 0x00, 0xDA, 0x3F, 0x30, 0x80, 0x11, 0x3B, 0x1C, 0x43, 0x43, 0x40, 0x46, 0x0D, 0x18
	.byte 0x00, 0x21, 0x68, 0x5E, 0x00, 0x28, 0x00, 0xDA, 0x3F, 0x30, 0x80, 0x11, 0x60, 0x43, 0x18, 0x1A
	.byte 0x00, 0x28, 0x00, 0xDA, 0xFF, 0x30, 0x00, 0x12, 0x50, 0x60, 0x00, 0x23, 0xF0, 0x5E, 0x00, 0x28
	.byte 0x00, 0xDA, 0x3F, 0x30, 0x80, 0x11, 0x21, 0x1C, 0x41, 0x43, 0x00, 0x23, 0xE8, 0x5E, 0x00, 0x28
	.byte 0x00, 0xDA, 0x3F, 0x30, 0x80, 0x11, 0x78, 0x43, 0x08, 0x18, 0x00, 0x28, 0x00, 0xDA, 0xFF, 0x30
	.byte 0x00, 0x12, 0x90, 0x60, 0x4D, 0x46, 0x68, 0x69, 0x00, 0x28, 0x00, 0xDA, 0xFF, 0x30, 0x00, 0x12
	.byte 0x00, 0x06, 0x00, 0x0E, 0x00, 0x28, 0x2F, 0xD0, 0x96, 0x68, 0x41, 0x00, 0x57, 0x46, 0xCD, 0x19
	.byte 0x00, 0x23, 0xE8, 0x5E, 0x00, 0x28, 0x00, 0xDA, 0x3F, 0x30, 0x80, 0x11, 0x33, 0x1C, 0x43, 0x43
	.byte 0x47, 0x46, 0xCC, 0x19, 0x00, 0x21, 0x60, 0x5E, 0x00, 0x28, 0x00, 0xDA, 0x3F, 0x30, 0x80, 0x11
	.byte 0x11, 0x68, 0x48, 0x43, 0x18, 0x1A, 0x00, 0x28, 0x00, 0xDA, 0xFF, 0x30, 0x00, 0x12, 0x90, 0x60
	.byte 0x00, 0x23, 0xE8, 0x5E, 0x00, 0x28, 0x00, 0xDA, 0x3F, 0x30, 0x80, 0x11, 0x41, 0x43, 0x00, 0x25
	.byte 0x60, 0x5F, 0x00, 0x28, 0x00, 0xDA, 0x3F, 0x30, 0x80, 0x11, 0x70, 0x43, 0x08, 0x18, 0x00, 0x28
	.byte 0x00, 0xDA, 0xFF, 0x30, 0x00, 0x12, 0x10, 0x60, 0x4F, 0x46, 0xB8, 0x69, 0x00, 0x28, 0x00, 0xDA
	.byte 0xFF, 0x30, 0x00, 0x12, 0x00, 0x06, 0x00, 0x0E, 0x00, 0x28, 0x2F, 0xD0, 0x16, 0x68, 0x41, 0x00
	.byte 0x50, 0x46, 0x0D, 0x18, 0x00, 0x23, 0xE8, 0x5E, 0x00, 0x28, 0x00, 0xDA, 0x3F, 0x30, 0x80, 0x11
	.byte 0x33, 0x1C, 0x43, 0x43, 0x47, 0x46, 0xCC, 0x19, 0x00, 0x21, 0x60, 0x5E, 0x00, 0x28, 0x00, 0xDA
	.byte 0x3F, 0x30, 0x80, 0x11, 0x51, 0x68, 0x48, 0x43, 0x18, 0x1A, 0x00, 0x28, 0x00, 0xDA, 0xFF, 0x30
	.byte 0x00, 0x12, 0x10, 0x60, 0x00, 0x23, 0xE8, 0x5E, 0x00, 0x28, 0x00, 0xDA, 0x3F, 0x30, 0x80, 0x11
	.byte 0x41, 0x43, 0x00, 0x25, 0x60, 0x5F, 0x00, 0x28, 0x00, 0xDA, 0x3F, 0x30, 0x80, 0x11, 0x70, 0x43
	.byte 0x08, 0x18, 0x00, 0x28, 0x00, 0xDA, 0xFF, 0x30, 0x00, 0x12, 0x50, 0x60, 0x11, 0x68, 0x4F, 0x46
	.byte 0xF8, 0x69, 0x48, 0x43, 0x00, 0x28, 0x00, 0xDA, 0xFF, 0x30, 0x00, 0x12, 0x10, 0x60, 0x51, 0x68
	.byte 0x4B, 0x46, 0xD8, 0x69, 0x48, 0x43, 0x00, 0x28, 0x00, 0xDA, 0xFF, 0x30, 0x00, 0x12, 0x50, 0x60
	.byte 0x91, 0x68, 0x4D, 0x46, 0x28, 0x6A, 0x48, 0x43, 0x00, 0x28, 0x00, 0xDA, 0xFF, 0x30, 0x00, 0x12
	.byte 0x90, 0x60, 0x05, 0x9F, 0x01, 0x37, 0x05, 0x97, 0x48, 0x46, 0x00, 0x88, 0x87, 0x42, 0x00, 0xDA
	.byte 0x23, 0xE7, 0x03, 0x99, 0x09, 0x68, 0x06, 0x91, 0x4A, 0x46, 0xD0, 0x7B, 0x08, 0x18, 0x07, 0x90
	.byte 0x09, 0x01, 0x93, 0x89, 0xC9, 0x18, 0x90, 0x7B, 0x00, 0x03, 0x09, 0x18, 0x80, 0x25, 0x2D, 0x01
	.byte 0x4D, 0x19, 0x08, 0x95, 0x00, 0x27, 0x05, 0x97, 0x50, 0x88, 0x87, 0x42, 0x00, 0xDB, 0xE2, 0xE1
	.byte 0x05, 0x9A, 0x11, 0x01, 0x4B, 0x46, 0x98, 0x68, 0x40, 0x18, 0x09, 0x90, 0x05, 0x68, 0x0A, 0x95
	.byte 0x47, 0x68, 0x0B, 0x97, 0x80, 0x68, 0x0C, 0x90, 0x2A, 0x68, 0x00, 0x92, 0xA9, 0x68, 0x49, 0x42
	.byte 0x01, 0x91, 0x68, 0x68, 0x02, 0x90, 0x3C, 0x68, 0xB8, 0x68, 0x46, 0x42, 0x0C, 0x9D, 0x2B, 0x68
	.byte 0xA8, 0x68, 0x45, 0x42, 0xA7, 0x1A, 0x0D, 0x97, 0x70, 0x1A, 0x0E, 0x90, 0x9A, 0x1A, 0x0F, 0x92
	.byte 0x69, 0x1A, 0x88, 0x46, 0x41, 0x46, 0x79, 0x43, 0x07, 0x1C, 0x38, 0x1C, 0x50, 0x43, 0x09, 0x1A
	.byte 0x00, 0x29, 0x00, 0xDA, 0xFF, 0x31, 0x09, 0x12, 0x8A, 0x46, 0x00, 0x29, 0x00, 0xDC, 0xAA, 0xE1
	.byte 0xE0, 0x18, 0x00, 0x28, 0x01, 0xDA, 0x3C, 0x49, 0x40, 0x18, 0x40, 0x12, 0x01, 0x1C, 0x10, 0x39
	.byte 0x00, 0x91, 0x70, 0x19, 0x00, 0x28, 0x01, 0xDA, 0x37, 0x4A, 0x80, 0x18, 0x40, 0x12, 0x02, 0x1C
	.byte 0x10, 0x3A, 0x01, 0x92, 0x4B, 0x46, 0x58, 0x6A, 0x00, 0x28, 0x00, 0xDA, 0xFF, 0x30, 0x00, 0x12
	.byte 0x08, 0x18, 0x00, 0x90, 0x4D, 0x46, 0xA8, 0x6A, 0x00, 0x28, 0x00, 0xDA, 0xFF, 0x30, 0x00, 0x12
	.byte 0x10, 0x18, 0x01, 0x90, 0x4F, 0x46, 0xF8, 0x6A, 0x00, 0x28, 0x00, 0xDA, 0xFF, 0x30, 0x00, 0x12
	.byte 0x02, 0x90, 0x68, 0x46, 0x01, 0xA9, 0x02, 0xAA, 0x00, 0x23, 0x9D, 0xF7, 0xED, 0xFD, 0x00, 0x9A
	.byte 0x20, 0x20, 0x40, 0x42, 0x82, 0x42, 0x00, 0xDA, 0x75, 0xE1, 0x01, 0x99, 0x81, 0x42, 0x00, 0xDA
	.byte 0x71, 0xE1, 0x88, 0x20, 0x40, 0x00, 0x82, 0x42, 0x00, 0xDD, 0x6C, 0xE1, 0xC0, 0x29, 0x00, 0xDD
	.byte 0x69, 0xE1, 0x1E, 0x49, 0x1E, 0x48, 0x09, 0x1A, 0x10, 0x91, 0x1E, 0x48, 0x02, 0x68, 0x52, 0x18
	.byte 0x41, 0x46, 0x48, 0x03, 0x51, 0x46, 0xF8, 0xF0, 0x03, 0xFD, 0x06, 0x1C, 0x1A, 0x4A, 0x96, 0x42
	.byte 0x00, 0xDD, 0x58, 0xE1, 0x19, 0x4F, 0xBE, 0x42, 0x00, 0xDA, 0x54, 0xE1, 0x15, 0x4B, 0x1A, 0x68
	.byte 0x10, 0x9D, 0x52, 0x19, 0x0F, 0x99, 0x48, 0x42, 0x40, 0x03, 0x51, 0x46, 0xF8, 0xF0, 0xF0, 0xFC
	.byte 0x05, 0x1C, 0x11, 0x4A, 0x95, 0x42, 0x00, 0xDD, 0x45, 0xE1, 0xBD, 0x42, 0x00, 0xDA, 0x42, 0xE1
	.byte 0x0C, 0x4B, 0x1A, 0x68, 0x10, 0x98, 0x12, 0x18, 0x0E, 0x99, 0x48, 0x42, 0x40, 0x03, 0x51, 0x46
	.byte 0xF8, 0xF0, 0xDE, 0xFC, 0x04, 0x1C, 0x08, 0x4A, 0x12, 0xE0, 0x00, 0x00, 0x74, 0x0D, 0x00, 0x03
	.byte 0x84, 0x85, 0x19, 0x08, 0x04, 0x85, 0x19, 0x08, 0xFF, 0x01, 0x00, 0x00, 0x2C, 0x83, 0x19, 0x08
	.byte 0x20, 0x82, 0x19, 0x08, 0x38, 0x10, 0x00, 0x03, 0xFF, 0x7F, 0x00, 0x00, 0x01, 0x80, 0xFF, 0xFF
	.byte 0x94, 0x42, 0x00, 0xDD, 0x1F, 0xE1, 0xBC, 0x42, 0x00, 0xDA, 0x1C, 0xE1, 0x64, 0x4B, 0x1A, 0x68
	.byte 0x10, 0x98, 0x12, 0x18, 0x0D, 0x99, 0x48, 0x03, 0x51, 0x46, 0xF8, 0xF0, 0xB9, 0xFC, 0x03, 0x1C
	.byte 0x60, 0x4A, 0x93, 0x42, 0x00, 0xDD, 0x0E, 0xE1, 0xBB, 0x42, 0x00, 0xDA, 0x0B, 0xE1, 0x5E, 0x4A
	.byte 0x5E, 0x4F, 0xD0, 0x19, 0x00, 0x78, 0x00, 0x07, 0xC0, 0x0F, 0x80, 0x02, 0x07, 0x9F, 0x79, 0x01
	.byte 0x80, 0x32, 0x89, 0x18, 0x40, 0x18, 0xC1, 0x88, 0xC6, 0x80, 0xC1, 0x89, 0xC5, 0x81, 0xC1, 0x8A
	.byte 0xC4, 0x82, 0xC1, 0x8B, 0xC3, 0x83, 0x0B, 0x99, 0x08, 0x68, 0x0A, 0x9A, 0x11, 0x68, 0x40, 0x1A
	.byte 0x0D, 0x90, 0x0C, 0x9B, 0x18, 0x68, 0x40, 0x1A, 0x0F, 0x90, 0x0B, 0x9D, 0x68, 0x68, 0x51, 0x68
	.byte 0x40, 0x1A, 0x0E, 0x90, 0x58, 0x68, 0x40, 0x1A, 0x80, 0x46, 0xA8, 0x68, 0x91, 0x68, 0x43, 0x18
	.byte 0x0C, 0x9F, 0xB8, 0x68, 0x42, 0x18, 0x0E, 0x98, 0x01, 0x1C, 0x51, 0x43, 0x40, 0x46, 0x58, 0x43
	.byte 0x08, 0x1A, 0x00, 0x28, 0x01, 0xDA, 0x43, 0x49, 0x40, 0x18, 0xC0, 0x13, 0x84, 0x46, 0x0F, 0x9D
	.byte 0x19, 0x1C, 0x69, 0x43, 0x0D, 0x9F, 0x10, 0x1C, 0x78, 0x43, 0x08, 0x1A, 0x00, 0x28, 0x01, 0xDA
	.byte 0x3C, 0x49, 0x40, 0x18, 0xC7, 0x13, 0x0D, 0x9A, 0x41, 0x46, 0x51, 0x43, 0x0F, 0x9B, 0x0E, 0x9D
	.byte 0x18, 0x1C, 0x68, 0x43, 0x08, 0x1A, 0x00, 0x28, 0x01, 0xDA, 0x36, 0x49, 0x40, 0x18, 0xC6, 0x13
	.byte 0x4A, 0x46, 0x11, 0x6B, 0xF0, 0x20, 0xC0, 0x01, 0x40, 0x1A, 0x00, 0x28, 0x00, 0xDA, 0x7F, 0x30
	.byte 0xC4, 0x11, 0x4B, 0x46, 0x59, 0x6B, 0xA0, 0x20, 0xC0, 0x01, 0x40, 0x1A, 0x00, 0x28, 0x00, 0xDA
	.byte 0x7F, 0x30, 0xC2, 0x11, 0x4D, 0x46, 0xA8, 0x6B, 0x40, 0x42, 0x00, 0x28, 0x00, 0xDA, 0x7F, 0x30
	.byte 0xC5, 0x11, 0x61, 0x46, 0x60, 0x46, 0x48, 0x43, 0x39, 0x1C, 0x79, 0x43, 0x40, 0x18, 0x31, 0x1C
	.byte 0x71, 0x43, 0x40, 0x18, 0x00, 0x28, 0x00, 0xDA, 0xFF, 0x30, 0x03, 0x12, 0x20, 0x1C, 0x60, 0x43
	.byte 0x11, 0x1C, 0x51, 0x43, 0x40, 0x18, 0x29, 0x1C, 0x69, 0x43, 0x40, 0x18, 0x00, 0x28, 0x00, 0xDA
	.byte 0xFF, 0x30, 0x00, 0x12, 0x43, 0x43, 0x60, 0x46, 0x60, 0x43, 0x04, 0x1C, 0x38, 0x1C, 0x50, 0x43
	.byte 0x24, 0x18, 0x30, 0x1C, 0x68, 0x43, 0x24, 0x18, 0x15, 0x4A, 0x11, 0x68, 0x10, 0x9F, 0xCD, 0x19
	.byte 0x18, 0x1C, 0xF8, 0xF0, 0x1B, 0xFC, 0x01, 0x1C, 0x20, 0x1C, 0xF8, 0xF0, 0x1F, 0xFC, 0x01, 0x1C
	.byte 0x80, 0x20, 0x40, 0x00, 0x09, 0x18, 0x48, 0x46, 0x3C, 0x30, 0x00, 0x78, 0x00, 0x06, 0x00, 0x16
	.byte 0x4A, 0x46, 0x3D, 0x32, 0x12, 0x78, 0x12, 0x06, 0x12, 0x16, 0x80, 0x1A, 0x48, 0x43, 0x00, 0x28
	.byte 0x01, 0xDA, 0x0B, 0x49, 0x40, 0x18, 0x40, 0x12, 0x81, 0x18, 0x09, 0x9A, 0x94, 0x89, 0x00, 0x29
	.byte 0x27, 0xD0, 0x00, 0x29, 0x0E, 0xDA, 0x0D, 0x1C, 0x20, 0x35, 0x00, 0x26, 0x00, 0x27, 0x0F, 0xE0
	.byte 0x38, 0x10, 0x00, 0x03, 0xFF, 0x7F, 0x00, 0x00, 0x4C, 0x03, 0x00, 0x03, 0x88, 0x08, 0x00, 0x00
	.byte 0xFF, 0x01, 0x00, 0x00, 0x20, 0x20, 0x45, 0x1A, 0x4E, 0x01, 0xC8, 0x03, 0x06, 0x43, 0x8F, 0x02
	.byte 0x30, 0x4A, 0x20, 0x1C, 0x10, 0x40, 0xF8, 0x23, 0x9B, 0x00, 0x1C, 0x40, 0x01, 0x1C, 0x69, 0x43
	.byte 0x89, 0x19, 0x49, 0x09, 0x11, 0x40, 0x20, 0x1C, 0x68, 0x43, 0xC0, 0x19, 0x44, 0x09, 0x1C, 0x40
	.byte 0x0C, 0x43, 0x4B, 0x46, 0x98, 0x7B, 0x06, 0x9D, 0x01, 0x35, 0x06, 0x95, 0x00, 0x01, 0x40, 0x19
	.byte 0x40, 0x00, 0x25, 0x4F, 0xC0, 0x19, 0x04, 0x80, 0x01, 0x99, 0xFF, 0x20, 0x01, 0x40, 0x80, 0x22
	.byte 0x52, 0x00, 0x10, 0x1C, 0x00, 0x22, 0x01, 0x43, 0x04, 0x9B, 0x19, 0x80, 0x00, 0x98, 0x1F, 0x4D
	.byte 0x29, 0x1C, 0x08, 0x40, 0x1E, 0x4F, 0x39, 0x1C, 0x08, 0x43, 0x07, 0x9B, 0x59, 0x02, 0x08, 0x43
	.byte 0x04, 0x9D, 0x68, 0x80, 0x01, 0x33, 0x07, 0x93, 0x6F, 0x46, 0x3F, 0x8C, 0xAF, 0x80, 0x08, 0x98
	.byte 0x10, 0x30, 0x08, 0x90, 0x02, 0x98, 0x80, 0x03, 0x80, 0x21, 0x09, 0x06, 0x08, 0x43, 0xA8, 0x60
	.byte 0xEA, 0x80, 0x29, 0x69, 0x04, 0x91, 0x05, 0x9A, 0x01, 0x32, 0x05, 0x92, 0x4B, 0x46, 0x5B, 0x88
	.byte 0x9A, 0x42, 0x00, 0xDA, 0x1C, 0xE6, 0x06, 0x9D, 0x03, 0x9F, 0x3D, 0x60, 0x0D, 0x4A, 0x01, 0x20
	.byte 0x49, 0x46, 0x89, 0x7B, 0x88, 0x40, 0x11, 0x88, 0x08, 0x43, 0x10, 0x80, 0x0A, 0x48, 0x00, 0x68
	.byte 0x04, 0x9A, 0x82, 0x63, 0x11, 0xB0, 0x38, 0xBC, 0x98, 0x46, 0xA1, 0x46, 0xAA, 0x46, 0xF0, 0xBC
	.byte 0x01, 0xBC, 0x00, 0x47, 0x1F, 0x7C, 0x00, 0x00, 0x80, 0x02, 0x00, 0x02, 0xFF, 0x01, 0x00, 0x00
	.byte 0x00, 0x80, 0xFF, 0xFF, 0x4C, 0x03, 0x00, 0x03, 0x74, 0x0D, 0x00, 0x03, 0x30, 0xB5, 0x05, 0x1C
	.byte 0x0C, 0x1C, 0x68, 0x68, 0x36, 0xF7, 0x70, 0xFC, 0xA8, 0x68, 0x36, 0xF7, 0x6D, 0xFC, 0x01, 0x20
	.byte 0x20, 0x40, 0x00, 0x28, 0x02, 0xD0, 0x28, 0x1C, 0x36, 0xF7, 0x06, 0xFD, 0x30, 0xBC, 0x01, 0xBC
	.byte 0x00, 0x47, 0x00, 0x00, 0xF0, 0xB5, 0x57, 0x46, 0x4E, 0x46, 0x45, 0x46, 0xE0, 0xB4, 0xA5, 0xB0
	.byte 0x80, 0x46, 0x8A, 0x46, 0x21, 0x92, 0x22, 0x93, 0x00, 0x20, 0x20, 0xA9, 0x08, 0x60, 0x00, 0x22
	.byte 0x89, 0x46, 0x21, 0x98, 0x82, 0x42, 0x4C, 0xDA, 0x69, 0x46, 0x23, 0x91, 0x11, 0x01, 0x53, 0x46
	.byte 0xC8, 0x18, 0x05, 0x68, 0x00, 0x24, 0x8C, 0x46, 0x01, 0x32, 0x24, 0x92, 0x20, 0x9B, 0x19, 0x1C
	.byte 0x23, 0x9A, 0x8C, 0x42, 0x05, 0xD0, 0x10, 0x68, 0xA8, 0x42, 0x08, 0xD0, 0x04, 0x32, 0x01, 0x34
	.byte 0xF7, 0xE7, 0x98, 0x00, 0x23, 0x99, 0x40, 0x18, 0x05, 0x60, 0x58, 0x1C, 0x20, 0x90, 0x60, 0x46
	.byte 0x50, 0x44, 0x6E, 0x46, 0x45, 0x68, 0x4F, 0x46, 0x00, 0x24, 0x4A, 0x46, 0x13, 0x68, 0x19, 0x1C
	.byte 0x6A, 0x46, 0x8C, 0x42, 0x05, 0xD0, 0x10, 0x68, 0xA8, 0x42, 0x07, 0xD0, 0x04, 0x32, 0x01, 0x34
	.byte 0xF7, 0xE7, 0x98, 0x00, 0x80, 0x19, 0x05, 0x60, 0x58, 0x1C, 0x38, 0x60, 0x60, 0x46, 0x50, 0x44
	.byte 0x6E, 0x46, 0x85, 0x68, 0x4F, 0x46, 0x00, 0x24, 0x48, 0x46, 0x03, 0x68, 0x19, 0x1C, 0x6A, 0x46
	.byte 0x8C, 0x42, 0x05, 0xD0, 0x10, 0x68, 0xA8, 0x42, 0x07, 0xD0, 0x04, 0x32, 0x01, 0x34, 0xF7, 0xE7
	.byte 0x98, 0x00, 0x80, 0x19, 0x05, 0x60, 0x58, 0x1C, 0x38, 0x60, 0x24, 0x9A, 0x21, 0x99, 0x8A, 0x42
	.byte 0xB4, 0xDB, 0x4A, 0x46, 0x11, 0x68, 0x09, 0x01, 0x01, 0x20, 0x35, 0x4A, 0x36, 0xF7, 0x3E, 0xFC
	.byte 0x43, 0x46, 0x58, 0x60, 0x21, 0x98, 0x01, 0x01, 0x01, 0x20, 0x31, 0x4A, 0x36, 0xF7, 0x36, 0xFC
	.byte 0x41, 0x46, 0xC8, 0x60, 0x00, 0x21, 0x21, 0xAA, 0x13, 0x88, 0x42, 0x46, 0x53, 0x80, 0x20, 0xA8
	.byte 0x02, 0x68, 0x43, 0x46, 0x1A, 0x80, 0x22, 0xA8, 0x00, 0x78, 0x18, 0x72, 0x2D, 0x98, 0x58, 0x72
	.byte 0x19, 0x61, 0x59, 0x61, 0x99, 0x61, 0x80, 0x20, 0x40, 0x00, 0xD8, 0x61, 0x18, 0x62, 0xF0, 0x20
	.byte 0xC0, 0x01, 0x58, 0x62, 0xA0, 0x20, 0xC0, 0x01, 0x98, 0x62, 0xD9, 0x62, 0x00, 0x2A, 0x27, 0xDD
	.byte 0x5E, 0x68, 0x6C, 0x46, 0x33, 0x1C, 0x51, 0x42, 0x03, 0x20, 0x01, 0x40, 0x00, 0x29, 0x12, 0xD0
	.byte 0x03, 0x29, 0x0A, 0xDA, 0x02, 0x29, 0x04, 0xDA, 0x00, 0x98, 0xF0, 0x60, 0x01, 0xAC, 0x10, 0x33
	.byte 0x01, 0x3A, 0x01, 0xCC, 0xD8, 0x60, 0x10, 0x33, 0x01, 0x3A, 0x01, 0xCC, 0xD8, 0x60, 0x10, 0x33
	.byte 0x01, 0x3A, 0x00, 0x2A, 0x0C, 0xD0, 0x20, 0x68, 0xD8, 0x60, 0x60, 0x68, 0xD8, 0x61, 0xA0, 0x68
	.byte 0xD8, 0x62, 0xE0, 0x68, 0xD8, 0x63, 0x10, 0x34, 0x40, 0x33, 0x04, 0x3A, 0x00, 0x2A, 0xF2, 0xD1
	.byte 0x00, 0x22, 0x21, 0x99, 0x8A, 0x42, 0x3F, 0xDA, 0xEC, 0x46, 0x6F, 0x46, 0x11, 0x01, 0x53, 0x46
	.byte 0xC8, 0x18, 0x04, 0x68, 0x00, 0x23, 0x40, 0x46, 0x46, 0x68, 0x0D, 0x1C, 0x01, 0x32, 0x91, 0x46
	.byte 0xC2, 0x68, 0x61, 0x46, 0x08, 0x68, 0xA0, 0x42, 0x04, 0xD0, 0x04, 0x31, 0x01, 0x33, 0xF9, 0xE7
	.byte 0xF8, 0x00, 0x20, 0x08, 0xA8, 0x18, 0x19, 0x01, 0x71, 0x18, 0x01, 0x60, 0x51, 0x46, 0x68, 0x18
	.byte 0x44, 0x68, 0x00, 0x21, 0x3B, 0x1C, 0x18, 0x68, 0xA0, 0x42, 0x02, 0xD0, 0x04, 0x33, 0x01, 0x31
	.byte 0xF9, 0xE7, 0xA8, 0x18, 0x09, 0x01, 0x71, 0x18, 0x41, 0x60, 0x53, 0x46, 0xE8, 0x18, 0x84, 0x68
	.byte 0x00, 0x23, 0x39, 0x1C, 0x08, 0x68, 0xA0, 0x42, 0x02, 0xD0, 0x04, 0x31, 0x01, 0x33, 0xF9, 0xE7
	.byte 0xA9, 0x18, 0x18, 0x01, 0x30, 0x18, 0x88, 0x60, 0x52, 0x46, 0xA8, 0x18, 0x80, 0x89, 0x88, 0x81
	.byte 0x4A, 0x46, 0x21, 0x9B, 0x9A, 0x42, 0xC1, 0xDB, 0x40, 0x46, 0x25, 0xB0, 0x38, 0xBC, 0x98, 0x46
	.byte 0xA1, 0x46, 0xAA, 0x46, 0xF0, 0xBC, 0x02, 0xBC, 0x08, 0x47, 0x00, 0x00, 0xF0, 0xB5, 0x57, 0x46
	.byte 0x4E, 0x46, 0x45, 0x46, 0xE0, 0xB4, 0x8F, 0xB0, 0x03, 0x90, 0x04, 0x91, 0xD1, 0x48, 0x00, 0x68
	.byte 0x80, 0x6B, 0x05, 0x90, 0x00, 0x20, 0x06, 0x90, 0x03, 0x99, 0x09, 0x88, 0x88, 0x42, 0x00, 0xDB
	.byte 0xDE, 0xE0, 0xCD, 0x4A, 0x91, 0x46, 0xCD, 0x4B, 0x98, 0x46, 0x06, 0x9C, 0x21, 0x01, 0x03, 0x9D
	.byte 0x68, 0x68, 0x42, 0x18, 0xD1, 0x68, 0x0C, 0x68, 0x14, 0x60, 0x48, 0x68, 0x50, 0x60, 0x8F, 0x68
	.byte 0x97, 0x60, 0x68, 0x69, 0x00, 0x28, 0x00, 0xDA, 0xFF, 0x30, 0x00, 0x12, 0x00, 0x06, 0x00, 0x0E
	.byte 0x00, 0x28, 0x2E, 0xD0, 0x41, 0x00, 0x48, 0x46, 0x0E, 0x18, 0x00, 0x23, 0xF0, 0x5E, 0x00, 0x28
	.byte 0x00, 0xDA, 0x3F, 0x30, 0x80, 0x11, 0x3B, 0x1C, 0x43, 0x43, 0x40, 0x46, 0x0D, 0x18, 0x00, 0x21
	.byte 0x68, 0x5E, 0x00, 0x28, 0x00, 0xDA, 0x3F, 0x30, 0x80, 0x11, 0x60, 0x43, 0x18, 0x1A, 0x00, 0x28
	.byte 0x00, 0xDA, 0xFF, 0x30, 0x00, 0x12, 0x90, 0x60, 0x00, 0x23, 0xF0, 0x5E, 0x00, 0x28, 0x00, 0xDA
	.byte 0x3F, 0x30, 0x80, 0x11, 0x21, 0x1C, 0x41, 0x43, 0x00, 0x24, 0x28, 0x5F, 0x00, 0x28, 0x00, 0xDA
	.byte 0x3F, 0x30, 0x80, 0x11, 0x78, 0x43, 0x08, 0x18, 0x00, 0x28, 0x00, 0xDA, 0xFF, 0x30, 0x00, 0x12
	.byte 0x10, 0x60, 0x03, 0x9D, 0x28, 0x69, 0x00, 0x28, 0x00, 0xDA, 0xFF, 0x30, 0x00, 0x12, 0x00, 0x06
	.byte 0x00, 0x0E, 0x00, 0x28, 0x2F, 0xD0, 0x56, 0x68, 0x41, 0x00, 0x48, 0x46, 0x0D, 0x18, 0x00, 0x23
	.byte 0xE8, 0x5E, 0x00, 0x28, 0x00, 0xDA, 0x3F, 0x30, 0x80, 0x11, 0x33, 0x1C, 0x43, 0x43, 0x40, 0x46
	.byte 0x0C, 0x18, 0x00, 0x21, 0x60, 0x5E, 0x00, 0x28, 0x00, 0xDA, 0x3F, 0x30, 0x80, 0x11, 0x91, 0x68
	.byte 0x48, 0x43, 0x18, 0x1A, 0x00, 0x28, 0x00, 0xDA, 0xFF, 0x30, 0x00, 0x12, 0x50, 0x60, 0x00, 0x23
	.byte 0xE8, 0x5E, 0x00, 0x28, 0x00, 0xDA, 0x3F, 0x30, 0x80, 0x11, 0x41, 0x43, 0x00, 0x25, 0x60, 0x5F
	.byte 0x00, 0x28, 0x00, 0xDA, 0x3F, 0x30, 0x80, 0x11, 0x70, 0x43, 0x08, 0x18, 0x00, 0x28, 0x00, 0xDA
	.byte 0xFF, 0x30, 0x00, 0x12, 0x90, 0x60, 0x03, 0x99, 0x88, 0x69, 0x00, 0x28, 0x00, 0xDA, 0xFF, 0x30
	.byte 0x00, 0x12, 0x00, 0x06, 0x00, 0x0E, 0x00, 0x28, 0x2F, 0xD0, 0x16, 0x68, 0x41, 0x00, 0x4B, 0x46
	.byte 0xCD, 0x18, 0x00, 0x24, 0x28, 0x5F, 0x00, 0x28, 0x00, 0xDA, 0x3F, 0x30, 0x80, 0x11, 0x33, 0x1C
	.byte 0x43, 0x43, 0x40, 0x46, 0x0C, 0x18, 0x00, 0x21, 0x60, 0x5E, 0x00, 0x28, 0x00, 0xDA, 0x3F, 0x30
	.byte 0x80, 0x11, 0x51, 0x68, 0x48, 0x43, 0x18, 0x1A, 0x00, 0x28, 0x00, 0xDA, 0xFF, 0x30, 0x00, 0x12
	.byte 0x10, 0x60, 0x00, 0x23, 0xE8, 0x5E, 0x00, 0x28, 0x00, 0xDA, 0x3F, 0x30, 0x80, 0x11, 0x41, 0x43
	.byte 0x00, 0x25, 0x60, 0x5F, 0x00, 0x28, 0x00, 0xDA, 0x3F, 0x30, 0x80, 0x11, 0x70, 0x43, 0x08, 0x18
	.byte 0x00, 0x28, 0x00, 0xDA, 0xFF, 0x30, 0x00, 0x12, 0x50, 0x60, 0x11, 0x68, 0x03, 0x9B, 0xD8, 0x69
	.byte 0x48, 0x43, 0x00, 0x28, 0x00, 0xDA, 0xFF, 0x30, 0x00, 0x12, 0x10, 0x60, 0x51, 0x68, 0x03, 0x9C
	.byte 0xE0, 0x69, 0x48, 0x43, 0x00, 0x28, 0x00, 0xDA, 0xFF, 0x30, 0x00, 0x12, 0x50, 0x60, 0x91, 0x68
	.byte 0x03, 0x9D, 0x28, 0x6A, 0x48, 0x43, 0x00, 0x28, 0x00, 0xDA, 0xFF, 0x30, 0x00, 0x12, 0x90, 0x60
	.byte 0x06, 0x98, 0x01, 0x30, 0x06, 0x90, 0x03, 0x99, 0x09, 0x88, 0x88, 0x42, 0x00, 0xDA, 0x24, 0xE7
	.byte 0x04, 0x9A, 0x12, 0x68, 0x07, 0x92, 0x03, 0x9B, 0x58, 0x7A, 0x10, 0x18, 0x08, 0x90, 0x18, 0x7A
	.byte 0x00, 0x03, 0x80, 0x21, 0x09, 0x01, 0x40, 0x18, 0x09, 0x90, 0x00, 0x24, 0x06, 0x94, 0x5D, 0x88
	.byte 0xAC, 0x42, 0x00, 0xDB, 0x2C, 0xE1, 0x06, 0x98, 0x01, 0x01, 0x03, 0x9A, 0xD0, 0x68, 0x40, 0x18
	.byte 0x0A, 0x90, 0x01, 0x68, 0x42, 0x68, 0x83, 0x68, 0x0C, 0x68, 0x00, 0x94, 0x48, 0x68, 0x45, 0x42
	.byte 0x01, 0x95, 0x88, 0x68, 0x02, 0x90, 0x16, 0x68, 0x50, 0x68, 0x47, 0x42, 0x1A, 0x68, 0x58, 0x68
	.byte 0x43, 0x42, 0x31, 0x1B, 0x48, 0x01, 0x40, 0x1A, 0xC0, 0x00, 0x00, 0x28, 0x00, 0xDA, 0xFF, 0x30
	.byte 0x00, 0x12, 0x0B, 0x90, 0x79, 0x1B, 0x48, 0x01, 0x40, 0x1A, 0xC0, 0x00, 0x00, 0x28, 0x00, 0xDA
	.byte 0xFF, 0x30, 0x00, 0x12, 0x0C, 0x90, 0x11, 0x1B, 0x48, 0x01, 0x40, 0x1A, 0xC0, 0x00, 0x00, 0x28
	.byte 0x00, 0xDA, 0xFF, 0x30, 0x00, 0x12, 0x0D, 0x90, 0x59, 0x1B, 0x48, 0x01, 0x40, 0x1A, 0xC0, 0x00
	.byte 0x00, 0x28, 0x00, 0xDA, 0xFF, 0x30, 0x00, 0x12, 0x80, 0x46, 0x0B, 0x9C, 0x41, 0x46, 0x61, 0x43
	.byte 0x0C, 0x9D, 0x0D, 0x9C, 0x28, 0x1C, 0x60, 0x43, 0x09, 0x1A, 0x00, 0x29, 0x00, 0xDA, 0xFF, 0x31
	.byte 0x09, 0x12, 0x0E, 0x91, 0x00, 0x29, 0x00, 0xDC, 0xDA, 0xE0, 0xB1, 0x18, 0x80, 0x24, 0x64, 0x00
	.byte 0x08, 0x19, 0x00, 0x28, 0x01, 0xDA, 0x2E, 0x4D, 0x48, 0x19, 0x40, 0x12, 0x02, 0x1C, 0x10, 0x3A
	.byte 0x00, 0x92, 0xF9, 0x18, 0x08, 0x19, 0x00, 0x28, 0x01, 0xDA, 0x29, 0x4B, 0xC8, 0x18, 0x40, 0x12
	.byte 0x03, 0x1C, 0x10, 0x3B, 0x01, 0x93, 0x03, 0x9D, 0x69, 0x6A, 0x08, 0x1C, 0x80, 0x30, 0x00, 0x28
	.byte 0x01, 0xDA, 0x24, 0x4D, 0x48, 0x19, 0x00, 0x12, 0x10, 0x18, 0x00, 0x90, 0x03, 0x98, 0x81, 0x6A
	.byte 0x08, 0x1C, 0x80, 0x30, 0x00, 0x28, 0x01, 0xDA, 0x1E, 0x4A, 0x88, 0x18, 0x00, 0x12, 0x18, 0x18
	.byte 0x01, 0x90, 0x03, 0x9B, 0xD9, 0x6A, 0x08, 0x1C, 0x80, 0x30, 0x00, 0x28, 0x01, 0xDA, 0x19, 0x4D
	.byte 0x48, 0x19, 0x00, 0x12, 0x02, 0x90, 0x68, 0x46, 0x01, 0xA9, 0x02, 0xAA, 0x00, 0x23, 0x9D, 0xF7
	.byte 0xA3, 0xF9, 0x00, 0x99, 0x10, 0x22, 0x52, 0x42, 0x91, 0x42, 0x00, 0xDA, 0x98, 0xE0, 0x01, 0x98
	.byte 0x90, 0x42, 0x00, 0xDA, 0x94, 0xE0, 0xA1, 0x42, 0x00, 0xDD, 0x91, 0xE0, 0xB0, 0x28, 0x00, 0xDD
	.byte 0x8E, 0xE0, 0x0D, 0x48, 0x82, 0x46, 0x0D, 0x49, 0x0D, 0x48, 0x0D, 0x1A, 0x51, 0x46, 0x0A, 0x68
	.byte 0x52, 0x19, 0x43, 0x46, 0x18, 0x03, 0x0E, 0x99, 0xF8, 0xF0, 0xBA, 0xF8, 0x07, 0x1C, 0x09, 0x4C
	.byte 0x12, 0xE0, 0x00, 0x00, 0x74, 0x0D, 0x00, 0x03, 0x84, 0x85, 0x19, 0x08, 0x04, 0x85, 0x19, 0x08
	.byte 0xFF, 0x02, 0x00, 0x00, 0x7F, 0x01, 0x00, 0x00, 0x38, 0x10, 0x00, 0x03, 0x2C, 0x83, 0x19, 0x08
	.byte 0x20, 0x82, 0x19, 0x08, 0xFF, 0x7F, 0x00, 0x00, 0xA1, 0x46, 0x4F, 0x45, 0x68, 0xDC, 0x44, 0x48
	.byte 0x80, 0x46, 0x47, 0x45, 0x64, 0xDB, 0x51, 0x46, 0x0A, 0x68, 0x52, 0x19, 0x0D, 0x9B, 0x58, 0x42
	.byte 0x00, 0x03, 0x0E, 0x99, 0xF8, 0xF0, 0x94, 0xF8, 0x06, 0x1C, 0x4E, 0x45, 0x58, 0xDC, 0x46, 0x45
	.byte 0x56, 0xDB, 0x54, 0x46, 0x22, 0x68, 0x52, 0x19, 0x0C, 0x99, 0x48, 0x42, 0x00, 0x03, 0x0E, 0x99
	.byte 0xF8, 0xF0, 0x86, 0xF8, 0x04, 0x1C, 0x4C, 0x45, 0x4A, 0xDC, 0x44, 0x45, 0x48, 0xDB, 0x53, 0x46
	.byte 0x1A, 0x68, 0x52, 0x19, 0x0B, 0x9D, 0x28, 0x03, 0x0E, 0x99, 0xF8, 0xF0, 0x79, 0xF8, 0x02, 0x1C
	.byte 0x4A, 0x45, 0x3D, 0xDC, 0x42, 0x45, 0x3B, 0xDB, 0x2E, 0x49, 0x2F, 0x4B, 0xC8, 0x18, 0x00, 0x78
	.byte 0x00, 0x07, 0xC0, 0x0F, 0x80, 0x02, 0x08, 0x9D, 0x69, 0x01, 0x2C, 0x4B, 0xC9, 0x18, 0x40, 0x18
	.byte 0xC1, 0x88, 0xC7, 0x80, 0xC1, 0x89, 0xC6, 0x81, 0xC1, 0x8A, 0xC4, 0x82, 0xC1, 0x8B, 0xC2, 0x83
	.byte 0x01, 0x99, 0xFF, 0x20, 0x01, 0x40, 0xC0, 0x24, 0xA4, 0x00, 0x20, 0x1C, 0x01, 0x43, 0x05, 0x9D
	.byte 0x29, 0x80, 0x00, 0x98, 0x22, 0x4A, 0x11, 0x1C, 0x08, 0x40, 0x80, 0x23, 0xDB, 0x01, 0x19, 0x1C
	.byte 0x08, 0x43, 0x08, 0x9C, 0x61, 0x02, 0x08, 0x43, 0x68, 0x80, 0x01, 0x34, 0x08, 0x94, 0x0A, 0x9D
	.byte 0xA9, 0x89, 0x09, 0x98, 0x08, 0x43, 0x05, 0x99, 0x88, 0x80, 0x02, 0x98, 0x80, 0x03, 0x80, 0x21
	.byte 0x09, 0x06, 0x08, 0x43, 0x05, 0x9A, 0x90, 0x60, 0x00, 0x23, 0xD3, 0x80, 0x14, 0x69, 0x05, 0x94
	.byte 0x06, 0x9D, 0x01, 0x35, 0x06, 0x95, 0x03, 0x98, 0x40, 0x88, 0x85, 0x42, 0x00, 0xDA, 0xD2, 0xE6
	.byte 0x07, 0x99, 0x04, 0x9A, 0x11, 0x60, 0x0B, 0x4A, 0x01, 0x20, 0x03, 0x9B, 0x1B, 0x7A, 0x98, 0x40
	.byte 0x11, 0x88, 0x08, 0x43, 0x10, 0x80, 0x0B, 0x48, 0x00, 0x68, 0x05, 0x9C, 0x84, 0x63, 0x0F, 0xB0
	.byte 0x38, 0xBC, 0x98, 0x46, 0xA1, 0x46, 0xAA, 0x46, 0xF0, 0xBC, 0x01, 0xBC, 0x00, 0x47, 0x00, 0x00
	.byte 0x01, 0x80, 0xFF, 0xFF, 0x4C, 0x03, 0x00, 0x03, 0x88, 0x08, 0x00, 0x00, 0xCC, 0x03, 0x00, 0x03
	.byte 0xFF, 0x01, 0x00, 0x00, 0x74, 0x0D, 0x00, 0x03, 0x30, 0xB5, 0x05, 0x1C, 0x0C, 0x1C, 0x68, 0x68
	.byte 0x36, 0xF7, 0x02, 0xF9, 0xE8, 0x68, 0x36, 0xF7, 0xFF, 0xF8, 0x01, 0x20, 0x20, 0x40, 0x00, 0x28
	.byte 0x02, 0xD0, 0x28, 0x1C, 0x36, 0xF7, 0x98, 0xF9, 0x30, 0xBC, 0x01, 0xBC, 0x00, 0x47, 0x00, 0x00
	thumb_func_start sub_80E2A80
sub_80E2A80:
	push {r4, r5, r6, r7, lr}
	mov r7, r10
	mov r6, r9
	mov r5, r8
	push {r5, r6, r7}
	add sp, #-0x044
	str r0, [sp, #0x000]
	ldrh r0, [r0, #0x20]
	str r0, [sp, #0x004]
	ldr r1, [sp, #0x000]
	ldrh r1, [r1, #0x22]
	str r1, [sp, #0x008]
	ldr r0, [sp, #0x000]
	adds r0, #0x24
	ldrb r1, [r0, #0x00]
	lsls r0, r1, #0x1C
	lsrs r0, r0, #0x1C
	str r0, [sp, #0x00C]
	lsrs r1, r1, #0x04
	str r1, [sp, #0x010]
	ldr r0, [sp, #0x000]
	adds r0, #0x25
	ldrb r0, [r0, #0x00]
	lsls r0, r0, #0x1C
	lsrs r0, r0, #0x1C
	str r0, [sp, #0x014]
	ldr r2, [sp, #0x000]
	movs r3, #0x26
	ldsh r2, [r2, r3]
	str r2, [sp, #0x018]
	ldr r7, [sp, #0x000]
	movs r0, #0x28
	ldsh r7, [r7, r0]
	str r7, [sp, #0x01C]
	adds r0, r1, #0x0
	adds r0, #0xEF
	bl __divsi3
	mov r10, r0
	ldr r0, [sp, #0x014]
	adds r0, #0x9F
	ldr r1, [sp, #0x014]
	bl __divsi3
	str r0, [sp, #0x020]
	movs r1, #0x00
	str r1, [sp, #0x024]
	ldr r2, [sp, #0x018]
	cmp r2, #0x00
	beq _080E2AEC
	ldr r0, [sp, #0x004]
	adds r0, #0x01
	ldr r3, [sp, #0x000]
	strh r0, [r3, #0x20]
_080E2AEC:
	ldr r7, [sp, #0x010]
	ldr r0, [sp, #0x014]
	adds r1, r7, r0
	movs r0, #0x21
	subs r0, r0, r1
	mov r9, r0
	cmp r0, #0x1F
	ble _080E2AFE
	b _080E2CA0
_080E2AFE:
	ldr r1, _080E2B84 @ =0x0819832C
	ldr r0, _080E2B88 @ =0x08198220
	subs r1, r1, r0
	str r1, [sp, #0x028]
	mov r1, r9
	lsls r0, r1, #0x05
	adds r0, #0x80
	ldr r2, _080E2B8C @ =0x0300034C
	adds r0, r0, r2
	str r0, [sp, #0x038]
	ldr r7, [sp, #0x01C]
	mov r3, r9
	muls r3, r7
	str r3, [sp, #0x03C]
_080E2B1A:
	ldr r1, [sp, #0x004]
	ldr r2, [sp, #0x018]
	adds r0, r1, #0x0
	muls r0, r2
	ldr r3, [sp, #0x03C]
	adds r0, r0, r3
	ldr r7, [sp, #0x01C]
	lsls r1, r7, #0x05
	subs r2, r0, r1
	cmp r2, #0x00
	bgt _080E2B98
	ldr r1, _080E2B8C @ =0x0300034C
	ldr r2, _080E2B90 @ =0x00000888
	adds r0, r1, r2
	ldrb r4, [r0, #0x00]
	lsls r4, r4, #0x1C
	lsrs r4, r4, #0x1F
	lsls r4, r4, #0x0A
	ldr r3, [sp, #0x038]
	adds r4, r4, r3
	ldr r7, _080E2B94 @ =0x03001038
	ldr r2, [r7, #0x00]
	ldr r0, [sp, #0x028]
	adds r2, r2, r0
	movs r0, #0x80
	lsls r0, r0, #0x06
	mov r1, r10
	bl _call_via_r2
	ldrh r1, [r4, #0x06]
	movs r1, #0x00
	strh r0, [r4, #0x06]
	ldrh r0, [r4, #0x0E]
	strh r1, [r4, #0x0E]
	ldrh r0, [r4, #0x16]
	strh r1, [r4, #0x16]
	ldr r2, [r7, #0x00]
	ldr r1, [sp, #0x028]
	adds r2, r2, r1
	movs r0, #0x80
	lsls r0, r0, #0x06
	ldr r1, [sp, #0x020]
	bl _call_via_r2
	ldrh r1, [r4, #0x1E]
	strh r0, [r4, #0x1E]
	movs r0, #0x01
	mov r2, r9
	lsls r0, r2
	ldr r3, [sp, #0x024]
	orrs r3, r0
	str r3, [sp, #0x024]
	b _080E2C86
_080E2B84: .4byte 0x0819832C
_080E2B88: .4byte 0x08198220
_080E2B8C: .4byte 0x0300034C
_080E2B90: .4byte 0x00000888
_080E2B94: .4byte 0x03001038
_080E2B98:
	cmp r2, #0x3F
	bgt _080E2C86
	ldr r1, _080E2CC8 @ =0x08198584
	movs r0, #0xFF
	ands r2, r0
	lsls r0, r2, #0x01
	adds r0, r0, r1
	movs r7, #0x00
	ldsh r0, [r0, r7]
	cmp r0, #0x00
	bge _080E2BB0
	adds r0, #0x3F
_080E2BB0:
	asrs r4, r0, #0x06
	movs r0, #0x80
	lsls r0, r0, #0x01
	adds r3, r4, r0
	mov r0, r10
	muls r0, r3
	lsrs r1, r0, #0x1F
	adds r0, r0, r1
	asrs r0, r0, #0x01
	mov r8, r0
	ldr r1, _080E2CCC @ =0xFFFFFF00
	adds r2, r4, r1
	ldr r7, [sp, #0x020]
	adds r0, r2, #0x0
	muls r0, r7
	lsrs r1, r0, #0x1F
	adds r0, r0, r1
	asrs r7, r0, #0x01
	mov r0, r10
	muls r0, r2
	lsrs r1, r0, #0x1F
	adds r0, r0, r1
	asrs r6, r0, #0x01
	ldr r1, [sp, #0x020]
	adds r0, r3, #0x0
	muls r0, r1
	lsrs r1, r0, #0x1F
	adds r0, r0, r1
	asrs r5, r0, #0x01
	mov r1, r8
	muls r1, r5
	adds r0, r7, #0x0
	muls r0, r6
	subs r0, r1, r0
	cmp r0, #0x00
	bge _080E2BFA
	adds r0, #0xFF
_080E2BFA:
	asrs r4, r0, #0x08
	ldr r3, _080E2CD0 @ =0x03001038
	ldr r2, [r3, #0x00]
	ldr r0, [sp, #0x028]
	adds r2, r2, r0
	lsls r0, r5, #0x05
	subs r0, r0, r5
	lsls r0, r0, #0x08
	adds r1, r4, #0x0
	bl _call_via_r2
	adds r5, r0, #0x0
	ldr r1, _080E2CD0 @ =0x03001038
	ldr r2, [r1, #0x00]
	ldr r3, [sp, #0x028]
	adds r2, r2, r3
	lsls r0, r6, #0x05
	subs r0, r6, r0
	lsls r0, r0, #0x08
	adds r1, r4, #0x0
	bl _call_via_r2
	adds r6, r0, #0x0
	ldr r0, _080E2CD0 @ =0x03001038
	ldr r2, [r0, #0x00]
	ldr r1, [sp, #0x028]
	adds r2, r2, r1
	lsls r0, r7, #0x05
	subs r0, r7, r0
	lsls r0, r0, #0x08
	adds r1, r4, #0x0
	bl _call_via_r2
	adds r7, r0, #0x0
	ldr r3, _080E2CD0 @ =0x03001038
	ldr r2, [r3, #0x00]
	ldr r0, [sp, #0x028]
	adds r2, r2, r0
	mov r1, r8
	lsls r0, r1, #0x05
	subs r0, r0, r1
	lsls r0, r0, #0x08
	adds r1, r4, #0x0
	bl _call_via_r2
	mov r8, r0
	ldr r2, _080E2CD4 @ =0x0300034C
	ldr r3, _080E2CD8 @ =0x00000888
	adds r0, r2, r3
	ldrb r0, [r0, #0x00]
	lsls r0, r0, #0x1C
	lsrs r0, r0, #0x1F
	lsls r0, r0, #0x0A
	ldr r1, [sp, #0x038]
	adds r0, r0, r1
	ldrh r1, [r0, #0x06]
	strh r5, [r0, #0x06]
	ldrh r1, [r0, #0x0E]
	strh r6, [r0, #0x0E]
	ldrh r1, [r0, #0x16]
	strh r7, [r0, #0x16]
	ldrh r1, [r0, #0x1E]
	mov r2, r8
	strh r2, [r0, #0x1E]
	movs r0, #0x01
	mov r3, r9
	lsls r0, r3
	ldr r7, [sp, #0x024]
	orrs r7, r0
	str r7, [sp, #0x024]
_080E2C86:
	ldr r0, [sp, #0x038]
	adds r0, #0x20
	str r0, [sp, #0x038]
	ldr r1, [sp, #0x03C]
	ldr r2, [sp, #0x01C]
	adds r1, r1, r2
	str r1, [sp, #0x03C]
	movs r3, #0x01
	add r9, r3
	mov r7, r9
	cmp r7, #0x1F
	bgt _080E2CA0
	b _080E2B1A
_080E2CA0:
	ldr r0, [sp, #0x024]
	cmp r0, #0x00
	bne _080E2CE0
	ldr r1, [sp, #0x000]
	cmp r1, #0x00
	bne _080E2CAE
	b _080E2EC8
_080E2CAE:
	ldr r0, _080E2CDC @ =0x08CDC2E8
	str r0, [r1, #0x18]
	ldr r0, [r1, #0x1C]
	cmp r0, #0x00
	beq _080E2CBC
	ldr r2, [sp, #0x024]
	str r2, [r0, #0x00]
_080E2CBC:
	ldr r0, [sp, #0x000]
	movs r1, #0x03
	bl process_remove
	b _080E2EC8
	.byte 0x00, 0x00
_080E2CC8: .4byte 0x08198584
_080E2CCC: .4byte 0xFFFFFF00
_080E2CD0: .4byte 0x03001038
_080E2CD4: .4byte 0x0300034C
_080E2CD8: .4byte 0x00000888
_080E2CDC: .4byte 0x08CDC2E8
_080E2CE0:
	ldr r2, _080E2DE4 @ =0x0300034C
	movs r3, #0x88
	lsls r3, r3, #0x04
	adds r0, r2, r3
	ldr r5, [r0, #0x00]
	ldr r7, [sp, #0x00C]
	lsls r7, r7, #0x0C
	str r7, [sp, #0x040]
	adds r0, r7, #0x0
	ldr r1, [sp, #0x008]
	orrs r0, r1
	str r0, [sp, #0x040]
	movs r3, #0x00
	ldr r0, [sp, #0x020]
	subs r0, #0x20
	lsrs r1, r0, #0x1F
	adds r0, r0, r1
	asrs r0, r0, #0x01
	str r0, [sp, #0x02C]
	ldr r2, [sp, #0x014]
	cmp r3, r2
	blt _080E2D0E
	b _080E2EBE
_080E2D0E:
	mov r1, r10
	subs r1, #0x20
	lsrs r0, r1, #0x1F
	adds r1, r1, r0
	str r1, [sp, #0x030]
_080E2D18:
	movs r0, #0xFF
	ldr r7, [sp, #0x02C]
	ands r7, r0
	str r7, [sp, #0x02C]
	ldr r0, [sp, #0x030]
	asrs r4, r0, #0x01
	adds r1, r3, #0x1
	str r1, [sp, #0x034]
	ldr r2, [sp, #0x010]
	cmp r2, #0x00
	bne _080E2D30
	b _080E2EAC
_080E2D30:
	movs r7, #0x80
	lsls r7, r7, #0x01
	adds r0, r7, #0x0
	ldr r6, [sp, #0x02C]
	orrs r6, r0
	negs r3, r3
	mov r8, r3
	mov r1, r8
	adds r1, #0x1F
	ldr r0, _080E2DE8 @ =0x000001FF
	mov r9, r0
	ldr r2, _080E2DEC @ =0xFFFF8000
	mov r12, r2
	ldr r2, [sp, #0x010]
	negs r3, r2
	movs r0, #0x03
	ands r3, r0
	cmp r3, #0x00
	beq _080E2DF0
	cmp r3, #0x03
	bge _080E2DB8
	cmp r3, #0x02
	bge _080E2D8C
	movs r0, #0x01
	lsls r0, r1
	ldr r3, [sp, #0x024]
	ands r0, r3
	cmp r0, #0x00
	beq _080E2D84
	mov r7, r9
	ands r4, r7
	strh r6, [r5, #0x00]
	adds r0, r4, #0x0
	mov r3, r12
	orrs r0, r3
	lsls r3, r1, #0x09
	orrs r0, r3
	strh r0, [r5, #0x02]
	add r7, sp, #0x040
	ldrh r7, [r7, #0x00]
	strh r7, [r5, #0x04]
	adds r5, #0x08
_080E2D84:
	mov r1, r8
	adds r1, #0x1E
	subs r2, #0x01
	add r4, r10
_080E2D8C:
	movs r0, #0x01
	lsls r0, r1
	ldr r3, [sp, #0x024]
	ands r0, r3
	cmp r0, #0x00
	beq _080E2DB2
	mov r7, r9
	ands r4, r7
	strh r6, [r5, #0x00]
	adds r0, r4, #0x0
	mov r3, r12
	orrs r0, r3
	lsls r3, r1, #0x09
	orrs r0, r3
	strh r0, [r5, #0x02]
	add r7, sp, #0x040
	ldrh r7, [r7, #0x00]
	strh r7, [r5, #0x04]
	adds r5, #0x08
_080E2DB2:
	subs r1, #0x01
	subs r2, #0x01
	add r4, r10
_080E2DB8:
	movs r0, #0x01
	lsls r0, r1
	ldr r3, [sp, #0x024]
	ands r0, r3
	cmp r0, #0x00
	beq _080E2DDE
	mov r7, r9
	ands r4, r7
	strh r6, [r5, #0x00]
	adds r0, r4, #0x0
	mov r3, r12
	orrs r0, r3
	lsls r3, r1, #0x09
	orrs r0, r3
	strh r0, [r5, #0x02]
	add r7, sp, #0x040
	ldrh r7, [r7, #0x00]
	strh r7, [r5, #0x04]
	adds r5, #0x08
_080E2DDE:
	subs r1, #0x01
	subs r2, #0x01
	b _080E2EA6
_080E2DE4: .4byte 0x0300034C
_080E2DE8: .4byte 0x000001FF
_080E2DEC: .4byte 0xFFFF8000
_080E2DF0:
	movs r0, #0x01
	lsls r0, r1
	ldr r3, [sp, #0x024]
	ands r0, r3
	cmp r0, #0x00
	beq _080E2E16
	mov r7, r9
	ands r4, r7
	strh r6, [r5, #0x00]
	adds r0, r4, #0x0
	mov r3, r12
	orrs r0, r3
	lsls r3, r1, #0x09
	orrs r0, r3
	strh r0, [r5, #0x02]
	add r7, sp, #0x040
	ldrh r7, [r7, #0x00]
	strh r7, [r5, #0x04]
	adds r5, #0x08
_080E2E16:
	subs r0, r1, #0x1
	mov r8, r0
	add r4, r10
	movs r0, #0x01
	mov r3, r8
	lsls r0, r3
	ldr r7, [sp, #0x024]
	ands r0, r7
	cmp r0, #0x00
	beq _080E2E46
	mov r0, r9
	ands r4, r0
	strh r6, [r5, #0x00]
	adds r0, r4, #0x0
	mov r3, r12
	orrs r0, r3
	mov r7, r8
	lsls r3, r7, #0x09
	orrs r0, r3
	strh r0, [r5, #0x02]
	add r0, sp, #0x040
	ldrh r0, [r0, #0x00]
	strh r0, [r5, #0x04]
	adds r5, #0x08
_080E2E46:
	subs r3, r1, #0x2
	mov r8, r3
	add r4, r10
	movs r0, #0x01
	lsls r0, r3
	ldr r7, [sp, #0x024]
	ands r0, r7
	cmp r0, #0x00
	beq _080E2E74
	mov r0, r9
	ands r4, r0
	strh r6, [r5, #0x00]
	adds r0, r4, #0x0
	mov r3, r12
	orrs r0, r3
	mov r7, r8
	lsls r3, r7, #0x09
	orrs r0, r3
	strh r0, [r5, #0x02]
	add r0, sp, #0x040
	ldrh r0, [r0, #0x00]
	strh r0, [r5, #0x04]
	adds r5, #0x08
_080E2E74:
	subs r3, r1, #0x3
	mov r8, r3
	add r4, r10
	movs r0, #0x01
	lsls r0, r3
	ldr r7, [sp, #0x024]
	ands r0, r7
	cmp r0, #0x00
	beq _080E2EA2
	mov r0, r9
	ands r4, r0
	strh r6, [r5, #0x00]
	adds r0, r4, #0x0
	mov r3, r12
	orrs r0, r3
	mov r7, r8
	lsls r3, r7, #0x09
	orrs r0, r3
	strh r0, [r5, #0x02]
	add r0, sp, #0x040
	ldrh r0, [r0, #0x00]
	strh r0, [r5, #0x04]
	adds r5, #0x08
_080E2EA2:
	subs r1, #0x04
	subs r2, #0x04
_080E2EA6:
	add r4, r10
	cmp r2, #0x00
	bne _080E2DF0
_080E2EAC:
	ldr r3, [sp, #0x034]
	ldr r1, [sp, #0x02C]
	ldr r2, [sp, #0x020]
	adds r1, r1, r2
	str r1, [sp, #0x02C]
	ldr r7, [sp, #0x014]
	cmp r3, r7
	bge _080E2EBE
	b _080E2D18
_080E2EBE:
	ldr r1, _080E2ED8 @ =0x0300034C
	movs r2, #0x88
	lsls r2, r2, #0x04
	adds r0, r1, r2
	str r5, [r0, #0x00]
_080E2EC8:
	add sp, #0x044
	pop {r3, r4, r5}
	mov r8, r3
	mov r9, r4
	mov r10, r5
	pop {r4, r5, r6, r7}
	pop {r0}
	bx r0
_080E2ED8: .4byte 0x0300034C
	thumb_func_start sub_80E2EDC
sub_80E2EDC:
	push {lr}
	adds r2, r0, #0x0
	ldr r0, _080E2EF8 @ =0x08CDC2E8
	str r0, [r2, #0x18]
	ldr r3, [r2, #0x1C]
	cmp r3, #0x00
	beq _080E2EEE
	movs r0, #0x00
	str r0, [r3, #0x00]
_080E2EEE:
	adds r0, r2, #0x0
	bl process_remove
	pop {r0}
	bx r0
_080E2EF8: .4byte 0x08CDC2E8
	.byte 0x70, 0xB5, 0x04, 0x1C, 0x1E, 0x1C, 0x04, 0x9D, 0x09, 0x06, 0x09, 0x0E, 0x36, 0xF7, 0x4E, 0xFD
	.byte 0x0B, 0x48, 0xA0, 0x61, 0x00, 0x20, 0x20, 0x84, 0xE0, 0x61, 0x66, 0x84, 0x21, 0x1C, 0x24, 0x31
	.byte 0x0F, 0x20, 0x05, 0x40, 0xC0, 0x20, 0x05, 0x43, 0x0D, 0x70, 0x01, 0x31, 0x05, 0x20, 0x08, 0x70
	.byte 0x03, 0x20, 0xE0, 0x84, 0x06, 0x20, 0x20, 0x85, 0x20, 0x1C, 0x70, 0xBC, 0x02, 0xBC, 0x08, 0x47
	.byte 0xE8, 0xC2, 0xCD, 0x08
	thumb_func_start sub_80E2F40
sub_80E2F40:
	push {r4, r5, r6, r7, lr}
	add sp, #-0x004
	ldr r1, _080E2FF4 @ =0x0200000C
	ldr r2, _080E2FF8 @ =0x00001E04
	adds r0, r2, #0x0
	strh r0, [r1, #0x00]
	adds r1, #0x0C
	movs r0, #0x00
	strh r0, [r1, #0x00]
	adds r1, #0x02
	movs r0, #0x08
	strh r0, [r1, #0x00]
	movs r3, #0x00
	ldr r7, _080E2FFC @ =0x0000014F
	ldr r0, _080E3000 @ =0x03000FDC
	mov r12, r0
	mov r6, r12
	ldr r5, _080E3004 @ =0x00005470
	ldr r4, _080E3008 @ =0x80008000
	ldr r2, _080E300C @ =0x0839FFE8
_080E2F68:
	ldr r1, [r6, #0x00]
	lsls r0, r3, #0x02
	adds r1, r1, r5
	adds r1, r1, r0
	ldr r0, [r2, #0x00]
	adds r0, r0, r4
	str r0, [r1, #0x00]
	adds r0, r3, #0x1
	ldr r1, [r6, #0x00]
	lsls r0, r0, #0x02
	adds r1, r1, r5
	adds r1, r1, r0
	ldr r0, [r2, #0x04]
	adds r0, r0, r4
	str r0, [r1, #0x00]
	adds r0, r3, #0x2
	ldr r1, [r6, #0x00]
	lsls r0, r0, #0x02
	adds r1, r1, r5
	adds r1, r1, r0
	ldr r0, [r2, #0x08]
	adds r0, r0, r4
	str r0, [r1, #0x00]
	adds r0, r3, #0x3
	ldr r1, [r6, #0x00]
	lsls r0, r0, #0x02
	adds r1, r1, r5
	adds r1, r1, r0
	ldr r0, [r2, #0x0C]
	adds r0, r0, r4
	str r0, [r1, #0x00]
	adds r2, #0x10
	adds r3, #0x04
	cmp r3, r7
	ble _080E2F68
	mov r1, r12
	ldr r0, [r1, #0x00]
	ldr r2, _080E3004 @ =0x00005470
	adds r0, r0, r2
	ldr r1, _080E3010 @ =0x0600F000
	movs r2, #0xA8
	lsls r2, r2, #0x03
	movs r3, #0x00
	str r3, [sp, #0x000]
	movs r3, #0x20
	bl sub_8018218
	ldr r2, _080E3014 @ =0x03001034
	ldr r0, _080E3018 @ =0x08198154
	ldr r1, _080E301C @ =0x081980D8
	subs r0, r0, r1
	ldr r3, [r2, #0x00]
	adds r3, r3, r0
	ldr r0, _080E3020 @ =0x083A04E8
	ldr r1, _080E3024 @ =0x02000180
	movs r2, #0x20
	bl _call_via_r3
	ldr r0, _080E3028 @ =0x0300034C
	ldr r1, _080E302C @ =0x0000FFFF
	strh r1, [r0, #0x02]
	ldr r1, _080E3030 @ =0x00000884
	adds r0, r0, r1
	movs r1, #0x01
	negs r1, r1
	str r1, [r0, #0x00]
	add sp, #0x004
	pop {r4, r5, r6, r7}
	pop {r0}
	bx r0
_080E2FF4: .4byte 0x0200000C
_080E2FF8: .4byte 0x00001E04
_080E2FFC: .4byte 0x0000014F
_080E3000: .4byte 0x03000FDC
_080E3004: .4byte 0x00005470
_080E3008: .4byte 0x80008000
_080E300C: .4byte 0x0839FFE8
_080E3010: .4byte 0x0600F000
_080E3014: .4byte 0x03001034
_080E3018: .4byte 0x08198154
_080E301C: .4byte 0x081980D8
_080E3020: .4byte 0x083A04E8
_080E3024: .4byte 0x02000180
_080E3028: .4byte 0x0300034C
_080E302C: .4byte 0x0000FFFF
_080E3030: .4byte 0x00000884
	thumb_func_start sub_80E3034
sub_80E3034:
	push {r4, r5, lr}
	adds r5, r0, #0x0
	bl sub_80E2F40
	ldr r4, _080E3088 @ =0x03000FD8
	ldr r1, [r4, #0x00]
	movs r0, #0x98
	lsls r0, r0, #0x02
	adds r1, r1, r0
	ldr r0, _080E308C @ =0x0300034C
	ldr r2, _080E3090 @ =0x000008C4
	adds r0, r0, r2
	ldr r0, [r0, #0x00]
	str r0, [r1, #0x00]
	ldr r1, _080E3094 @ =0x080E30B1
	movs r0, #0x02
	bl sub_8018B78
	ldr r2, [r4, #0x00]
	ldrb r1, [r2, #0x0B]
	movs r0, #0x21
	negs r0, r0
	ands r0, r1
	strb r0, [r2, #0x0B]
	ldr r0, _080E3098 @ =0x080E3215
	movs r1, #0x00
	bl sub_807FF48
	adds r4, r0, #0x0
	movs r0, #0x00
	cmp r5, #0x00
	bgt _080E307A
	movs r1, #0x80
	lsls r1, r1, #0x07
	adds r0, r1, #0x0
_080E307A:
	strh r0, [r4, #0x12]
	strh r5, [r4, #0x14]
	cmp r5, #0x00
	bge _080E309C
	movs r0, #0x43
	b _080E309E
	.byte 0x00, 0x00
_080E3088: .4byte 0x03000FD8
_080E308C: .4byte 0x0300034C
_080E3090: .4byte 0x000008C4
_080E3094: .4byte sub_80E30B0
_080E3098: .4byte sub_80E3214
_080E309C:
	movs r0, #0x34
_080E309E:
	strh r0, [r4, #0x16]
	adds r0, r4, #0x0
	bl sub_80E3214
	adds r0, r4, #0x0
	pop {r4, r5}
	pop {r1}
	bx r1
	.byte 0x00, 0x00
	thumb_func_start sub_80E30B0
sub_80E30B0:
	push {r4, r5, r6, r7, lr}
	ldr r7, _080E312C @ =0x03000FD8
	ldr r0, [r7, #0x00]
	movs r1, #0x98
	lsls r1, r1, #0x02
	adds r0, r0, r1
	ldr r0, [r0, #0x00]
	cmp r0, #0x00
	beq _080E30C6
	bl _call_via_r0
_080E30C6:
	ldr r2, _080E3130 @ =0x03001034
	ldr r0, _080E3134 @ =0x08198154
	ldr r1, _080E3138 @ =0x081980D8
	subs r0, r0, r1
	ldr r3, [r2, #0x00]
	adds r3, r3, r0
	ldr r6, _080E313C @ =0x03000FDC
	ldr r0, [r7, #0x00]
	ldrb r0, [r0, #0x0B]
	lsls r0, r0, #0x1A
	lsrs r0, r0, #0x1F
	lsls r1, r0, #0x02
	adds r1, r1, r0
	lsls r1, r1, #0x09
	ldr r4, _080E3140 @ =0x00003EF0
	adds r1, r1, r4
	ldr r0, [r6, #0x00]
	adds r0, r0, r1
	ldr r5, _080E3144 @ =0x04000010
	adds r1, r5, #0x0
	movs r2, #0x10
	bl _call_via_r3
	ldr r2, _080E3148 @ =0x040000B0
	ldrh r1, [r2, #0x0A]
	ldr r0, _080E314C @ =0x0000C5FF
	ands r0, r1
	strh r0, [r2, #0x0A]
	ldrh r1, [r2, #0x0A]
	ldr r0, _080E3150 @ =0x00007FFF
	ands r0, r1
	strh r0, [r2, #0x0A]
	ldrh r0, [r2, #0x0A]
	ldr r0, [r7, #0x00]
	ldrb r1, [r0, #0x0B]
	lsls r1, r1, #0x1A
	lsrs r1, r1, #0x1F
	lsls r0, r1, #0x02
	adds r0, r0, r1
	lsls r0, r0, #0x09
	adds r0, r0, r4
	ldr r1, [r6, #0x00]
	adds r1, r1, r0
	str r1, [r2, #0x00]
	str r5, [r2, #0x04]
	ldr r0, _080E3154 @ =0xA6600004
	str r0, [r2, #0x08]
	ldr r0, [r2, #0x08]
	pop {r4, r5, r6, r7}
	pop {r0}
	bx r0
_080E312C: .4byte 0x03000FD8
_080E3130: .4byte 0x03001034
_080E3134: .4byte 0x08198154
_080E3138: .4byte 0x081980D8
_080E313C: .4byte 0x03000FDC
_080E3140: .4byte 0x00003EF0
_080E3144: .4byte 0x04000010
_080E3148: .4byte 0x040000B0
_080E314C: .4byte 0x0000C5FF
_080E3150: .4byte 0x00007FFF
_080E3154: .4byte 0xA6600004
	thumb_func_start sub_80E3158
sub_80E3158:
	push {r4, r5, r6, lr}
	ldr r1, _080E31E0 @ =0x040000B0
	ldrh r2, [r1, #0x0A]
	ldr r0, _080E31E4 @ =0x0000C5FF
	ands r0, r2
	strh r0, [r1, #0x0A]
	ldrh r2, [r1, #0x0A]
	ldr r0, _080E31E8 @ =0x00007FFF
	ands r0, r2
	strh r0, [r1, #0x0A]
	ldrh r0, [r1, #0x0A]
	ldr r4, _080E31EC @ =0x03000FD8
	ldr r0, [r4, #0x00]
	movs r5, #0x98
	lsls r5, r5, #0x02
	adds r0, r0, r5
	ldr r1, [r0, #0x00]
	movs r0, #0x02
	bl sub_8018B78
	ldr r6, _080E31F0 @ =0x0200001A
	movs r0, #0x00
	strh r0, [r6, #0x00]
	ldr r0, [r4, #0x00]
	movs r1, #0x94
	lsls r1, r1, #0x02
	adds r0, r0, r1
	ldr r0, [r0, #0x00]
	bl sub_80844C4
	ldr r0, [r4, #0x00]
	adds r0, r0, r5
	movs r1, #0x00
	str r1, [r0, #0x00]
	ldr r1, _080E31F4 @ =0x04000010
	ldr r0, _080E31F8 @ =0x02000010
	ldrh r0, [r0, #0x00]
	strh r0, [r1, #0x00]
	adds r1, #0x04
	ldr r0, _080E31FC @ =0x02000014
	ldrh r0, [r0, #0x00]
	strh r0, [r1, #0x00]
	adds r1, #0x04
	ldr r0, _080E3200 @ =0x02000018
	ldrh r0, [r0, #0x00]
	strh r0, [r1, #0x00]
	adds r1, #0x04
	ldr r0, _080E3204 @ =0x0200001C
	ldrh r0, [r0, #0x00]
	strh r0, [r1, #0x00]
	subs r1, #0x0A
	ldr r0, _080E3208 @ =0x02000012
	ldrh r0, [r0, #0x00]
	strh r0, [r1, #0x00]
	adds r1, #0x04
	ldr r0, _080E320C @ =0x02000016
	ldrh r0, [r0, #0x00]
	strh r0, [r1, #0x00]
	adds r1, #0x04
	ldrh r0, [r6, #0x00]
	strh r0, [r1, #0x00]
	adds r1, #0x04
	ldr r0, _080E3210 @ =0x0200001E
	ldrh r0, [r0, #0x00]
	strh r0, [r1, #0x00]
	pop {r4, r5, r6}
	pop {r0}
	bx r0
_080E31E0: .4byte 0x040000B0
_080E31E4: .4byte 0x0000C5FF
_080E31E8: .4byte 0x00007FFF
_080E31EC: .4byte 0x03000FD8
_080E31F0: .4byte 0x0200001A
_080E31F4: .4byte 0x04000010
_080E31F8: .4byte 0x02000010
_080E31FC: .4byte 0x02000014
_080E3200: .4byte 0x02000018
_080E3204: .4byte 0x0200001C
_080E3208: .4byte 0x02000012
_080E320C: .4byte 0x02000016
_080E3210: .4byte 0x0200001E
	thumb_func_start sub_80E3214
sub_80E3214:
	push {r4, r5, r6, r7, lr}
	mov r7, r10
	mov r6, r9
	mov r5, r8
	push {r5, r6, r7}
	add sp, #-0x058
	adds r4, r0, #0x0
	ldr r0, _080E3284 @ =0x03000FD8
	ldr r3, [r0, #0x00]
	ldrb r2, [r3, #0x0B]
	lsls r0, r2, #0x1A
	lsrs r0, r0, #0x1F
	movs r1, #0x01
	eors r1, r0
	lsls r1, r1, #0x05
	movs r0, #0x21
	negs r0, r0
	ands r0, r2
	orrs r0, r1
	strb r0, [r3, #0x0B]
	movs r1, #0x16
	ldsh r0, [r4, r1]
	str r0, [sp, #0x00C]
	ldrh r0, [r4, #0x16]
	lsls r0, r0, #0x10
	asrs r0, r0, #0x14
	str r0, [sp, #0x010]
	movs r3, #0x14
	ldsh r2, [r4, r3]
	str r2, [sp, #0x014]
	ldrh r0, [r4, #0x12]
	adds r0, r0, r2
	strh r0, [r4, #0x12]
	movs r5, #0x12
	ldsh r0, [r4, r5]
	cmp r0, #0x00
	bge _080E3260
	adds r0, #0xFF
_080E3260:
	asrs r2, r0, #0x08
	ldr r7, [sp, #0x014]
	cmp r7, #0x00
	ble _080E326C
	cmp r2, #0x3F
	bgt _080E3276
_080E326C:
	ldr r0, [sp, #0x014]
	cmp r0, #0x00
	bge _080E328C
	cmp r2, #0x00
	bgt _080E328C
_080E3276:
	ldr r1, _080E3288 @ =0x080E3159
	movs r0, #0x02
	bl sub_8018B78
	movs r0, #0x00
	str r0, [r4, #0x04]
	b _080E388C
_080E3284: .4byte 0x03000FD8
_080E3288: .4byte sub_80E3158
_080E328C:
	ldr r1, _080E33AC @ =0x08198504
	movs r0, #0xFF
	ands r2, r0
	lsls r2, r2, #0x01
	adds r1, r2, r1
	movs r3, #0x00
	ldsh r1, [r1, r3]
	cmp r1, #0x00
	bge _080E32A0
	adds r1, #0x3F
_080E32A0:
	asrs r1, r1, #0x06
	str r1, [sp, #0x018]
	ldr r0, _080E33B0 @ =0x08198584
	adds r0, r2, r0
	movs r4, #0x00
	ldsh r0, [r0, r4]
	cmp r0, #0x00
	bge _080E32B2
	adds r0, #0x3F
_080E32B2:
	asrs r0, r0, #0x06
	str r0, [sp, #0x01C]
	movs r1, #0x80
	lsls r1, r1, #0x01
	ldr r5, [sp, #0x018]
	subs r1, r1, r5
	subs r1, r1, r0
	lsls r0, r1, #0x02
	adds r0, r0, r1
	lsls r0, r0, #0x04
	cmp r0, #0x00
	bge _080E32CC
	adds r0, #0xFF
_080E32CC:
	asrs r0, r0, #0x08
	mov r10, r0
	ldr r7, [sp, #0x018]
	ldr r0, _080E33B4 @ =0xFFFFFF00
	adds r1, r7, r0
	ldr r2, [sp, #0x01C]
	subs r1, r2, r1
	lsls r0, r1, #0x02
	adds r0, r0, r1
	lsls r0, r0, #0x04
	cmp r0, #0x00
	bge _080E32E6
	adds r0, #0xFF
_080E32E6:
	asrs r6, r0, #0x08
	ldr r2, _080E33B8 @ =0x03001038
	ldr r0, _080E33BC @ =0x0819832C
	ldr r1, _080E33C0 @ =0x08198220
	subs r0, r0, r1
	ldr r2, [r2, #0x00]
	adds r2, r2, r0
	movs r0, #0x80
	lsls r0, r0, #0x09
	ldr r1, [sp, #0x01C]
	bl _call_via_r2
	ldr r3, _080E33B4 @ =0xFFFFFF00
	adds r3, r0, r3
	str r3, [sp, #0x020]
	ldr r2, _080E33C4 @ =0x03000FDC
	ldr r0, _080E33C8 @ =0x03000FD8
	ldr r0, [r0, #0x00]
	ldrb r1, [r0, #0x0B]
	lsls r1, r1, #0x1A
	lsrs r1, r1, #0x1F
	lsls r0, r1, #0x02
	adds r0, r0, r1
	lsls r0, r0, #0x09
	ldr r4, _080E33CC @ =0x00003EF0
	adds r0, r0, r4
	ldr r1, [r2, #0x00]
	adds r5, r1, r0
	ldr r0, _080E33D0 @ =0x02000010
	ldrh r0, [r0, #0x00]
	str r0, [sp, #0x024]
	ldr r0, _080E33D4 @ =0x02000014
	ldrh r0, [r0, #0x00]
	str r0, [sp, #0x028]
	ldr r0, _080E33D8 @ =0x02000018
	ldrh r0, [r0, #0x00]
	str r0, [sp, #0x02C]
	ldr r0, _080E33DC @ =0x0200001C
	ldrh r0, [r0, #0x00]
	str r0, [sp, #0x030]
	ldr r0, _080E33E0 @ =0x02000012
	ldrh r0, [r0, #0x00]
	str r0, [sp, #0x034]
	ldr r0, _080E33E4 @ =0x02000016
	ldrh r0, [r0, #0x00]
	str r0, [sp, #0x038]
	ldr r0, _080E33E8 @ =0x0200001A
	ldrh r0, [r0, #0x00]
	str r0, [sp, #0x03C]
	ldr r0, _080E33EC @ =0x0200001E
	ldrh r0, [r0, #0x00]
	str r0, [sp, #0x040]
	movs r4, #0x00
	cmp r4, r6
	bge _080E344E
	movs r7, #0x01
	mov r12, r7
	ldr r0, [sp, #0x00C]
	mov r1, r12
	ands r0, r1
	mov r12, r0
	ldr r3, _080E33F0 @ =0x0000FFFF
	movs r2, #0x80
	lsls r2, r2, #0x05
	movs r7, #0x02
	mov r9, r7
	ldr r0, [sp, #0x00C]
	mov r1, r9
	ands r0, r1
	mov r9, r0
	movs r7, #0x04
	mov r8, r7
	ldr r0, [sp, #0x00C]
	mov r1, r8
	ands r0, r1
	mov r8, r0
	movs r7, #0x08
	adds r0, r7, #0x0
	ldr r1, [sp, #0x00C]
	ands r0, r1
	str r0, [sp, #0x050]
_080E3388:
	mov r7, r10
	subs r0, r4, r7
	ldr r1, [sp, #0x020]
	muls r0, r1
	cmp r0, #0x00
	bge _080E3396
	adds r0, #0xFF
_080E3396:
	asrs r0, r0, #0x08
	mov r7, r10
	subs r1, r0, r7
	mov r0, r12
	cmp r0, #0x00
	beq _080E33F4
	ldr r7, [sp, #0x034]
	adds r0, r1, r7
	ands r0, r3
	b _080E33F6
	.byte 0x00, 0x00
_080E33AC: .4byte 0x08198504
_080E33B0: .4byte 0x08198584
_080E33B4: .4byte 0xFFFFFF00
_080E33B8: .4byte 0x03001038
_080E33BC: .4byte 0x0819832C
_080E33C0: .4byte 0x08198220
_080E33C4: .4byte 0x03000FDC
_080E33C8: .4byte 0x03000FD8
_080E33CC: .4byte 0x00003EF0
_080E33D0: .4byte 0x02000010
_080E33D4: .4byte 0x02000014
_080E33D8: .4byte 0x02000018
_080E33DC: .4byte 0x0200001C
_080E33E0: .4byte 0x02000012
_080E33E4: .4byte 0x02000016
_080E33E8: .4byte 0x0200001A
_080E33EC: .4byte 0x0200001E
_080E33F0: .4byte 0x0000FFFF
_080E33F4:
	subs r0, r2, r4
_080E33F6:
	lsls r0, r0, #0x10
	ldr r7, [sp, #0x024]
	orrs r0, r7
	str r0, [r5, #0x00]
	mov r0, r9
	cmp r0, #0x00
	beq _080E340C
	ldr r7, [sp, #0x038]
	adds r0, r1, r7
	ands r0, r3
	b _080E340E
_080E340C:
	subs r0, r2, r4
_080E340E:
	lsls r0, r0, #0x10
	ldr r7, [sp, #0x028]
	orrs r0, r7
	str r0, [r5, #0x04]
	mov r0, r8
	cmp r0, #0x00
	beq _080E3424
	ldr r7, [sp, #0x03C]
	adds r0, r1, r7
	ands r0, r3
	b _080E3426
_080E3424:
	subs r0, r2, r4
_080E3426:
	lsls r0, r0, #0x10
	ldr r7, [sp, #0x02C]
	orrs r0, r7
	str r0, [r5, #0x08]
	ldr r0, [sp, #0x050]
	cmp r0, #0x00
	beq _080E343C
	ldr r7, [sp, #0x040]
	adds r0, r1, r7
	ands r0, r3
	b _080E343E
_080E343C:
	subs r0, r2, r4
_080E343E:
	lsls r0, r0, #0x10
	ldr r1, [sp, #0x030]
	orrs r0, r1
	str r0, [r5, #0x0C]
	adds r5, #0x10
	adds r4, #0x01
	cmp r4, r6
	blt _080E3388
_080E344E:
	ldr r2, _080E34BC @ =0x03001038
	ldr r0, _080E34C0 @ =0x0819832C
	ldr r1, _080E34C4 @ =0x08198220
	subs r0, r0, r1
	ldr r2, [r2, #0x00]
	adds r2, r2, r0
	movs r0, #0x80
	lsls r0, r0, #0x09
	ldr r1, [sp, #0x018]
	bl _call_via_r2
	ldr r2, _080E34C8 @ =0xFFFFFF00
	adds r2, r2, r0
	mov r8, r2
	cmp r4, #0x9F
	bgt _080E352A
	movs r3, #0x01
	ldr r7, [sp, #0x010]
	ands r7, r3
	mov r10, r7
	ldr r3, _080E34CC @ =0x0000FFFF
	movs r2, #0x80
	lsls r2, r2, #0x05
	movs r0, #0x02
	ldr r1, [sp, #0x010]
	ands r1, r0
	mov r12, r1
	movs r7, #0x04
	mov r9, r7
	ldr r0, [sp, #0x010]
	mov r1, r9
	ands r0, r1
	mov r9, r0
	movs r7, #0x08
	adds r0, r7, #0x0
	ldr r1, [sp, #0x010]
	ands r0, r1
	str r0, [sp, #0x050]
_080E349A:
	subs r0, r4, r6
	mov r7, r8
	muls r7, r0
	adds r0, r7, #0x0
	cmp r0, #0x00
	bge _080E34A8
	adds r0, #0xFF
_080E34A8:
	asrs r0, r0, #0x08
	subs r1, r0, r6
	mov r0, r10
	cmp r0, #0x00
	beq _080E34D0
	ldr r7, [sp, #0x034]
	adds r0, r1, r7
	ands r0, r3
	b _080E34D2
	.byte 0x00, 0x00
_080E34BC: .4byte 0x03001038
_080E34C0: .4byte 0x0819832C
_080E34C4: .4byte 0x08198220
_080E34C8: .4byte 0xFFFFFF00
_080E34CC: .4byte 0x0000FFFF
_080E34D0:
	subs r0, r2, r4
_080E34D2:
	lsls r0, r0, #0x10
	ldr r7, [sp, #0x024]
	orrs r0, r7
	str r0, [r5, #0x00]
	mov r0, r12
	cmp r0, #0x00
	beq _080E34E8
	ldr r7, [sp, #0x038]
	adds r0, r1, r7
	ands r0, r3
	b _080E34EA
_080E34E8:
	subs r0, r2, r4
_080E34EA:
	lsls r0, r0, #0x10
	ldr r7, [sp, #0x028]
	orrs r0, r7
	str r0, [r5, #0x04]
	mov r0, r9
	cmp r0, #0x00
	beq _080E3500
	ldr r7, [sp, #0x03C]
	adds r0, r1, r7
	ands r0, r3
	b _080E3502
_080E3500:
	subs r0, r2, r4
_080E3502:
	lsls r0, r0, #0x10
	ldr r7, [sp, #0x02C]
	orrs r0, r7
	str r0, [r5, #0x08]
	ldr r0, [sp, #0x050]
	cmp r0, #0x00
	beq _080E3518
	ldr r7, [sp, #0x040]
	adds r0, r1, r7
	ands r0, r3
	b _080E351A
_080E3518:
	subs r0, r2, r4
_080E351A:
	lsls r0, r0, #0x10
	ldr r1, [sp, #0x030]
	orrs r0, r1
	str r0, [r5, #0x0C]
	adds r5, #0x10
	adds r4, #0x01
	cmp r4, #0x9F
	ble _080E349A
_080E352A:
	ldr r5, _080E3694 @ =0x0300034C
	ldr r2, _080E3698 @ =0x00000888
	adds r7, r5, r2
	ldrb r0, [r7, #0x00]
	lsls r0, r0, #0x1C
	lsrs r0, r0, #0x1F
	lsls r1, r0, #0x0A
	adds r0, r5, #0x0
	adds r0, #0x80
	adds r6, r1, r0
	str r6, [sp, #0x044]
	ldr r3, [sp, #0x014]
	cmp r3, #0x00
	bgt _080E3548
	b _080E36F4
_080E3548:
	movs r0, #0x80
	lsls r0, r0, #0x01
	add r0, r8
	lsls r0, r0, #0x10
	lsrs r0, r0, #0x10
	mov r10, r0
	movs r4, #0x80
	lsls r4, r4, #0x03
	adds r0, r5, r4
	adds r0, r1, r0
	ldrh r1, [r0, #0x06]
	movs r2, #0x00
	movs r3, #0x80
	lsls r3, r3, #0x01
	strh r3, [r0, #0x06]
	ldrh r1, [r0, #0x0E]
	strh r2, [r0, #0x0E]
	ldrh r1, [r0, #0x16]
	strh r2, [r0, #0x16]
	ldrh r1, [r0, #0x1E]
	mov r1, r10
	strh r1, [r0, #0x1E]
	ldrb r0, [r7, #0x00]
	lsls r0, r0, #0x1C
	lsrs r0, r0, #0x1F
	lsls r0, r0, #0x0A
	adds r4, #0x20
	adds r1, r5, r4
	adds r0, r0, r1
	ldrh r1, [r0, #0x06]
	movs r4, #0xFF
	lsls r4, r4, #0x08
	strh r4, [r0, #0x06]
	ldrh r1, [r0, #0x0E]
	strh r2, [r0, #0x0E]
	ldrh r1, [r0, #0x16]
	strh r2, [r0, #0x16]
	ldrh r1, [r0, #0x1E]
	mov r1, r10
	strh r1, [r0, #0x1E]
	ldrb r0, [r7, #0x00]
	lsls r0, r0, #0x1C
	lsrs r0, r0, #0x1F
	lsls r0, r0, #0x0A
	movs r1, #0x88
	lsls r1, r1, #0x03
	adds r1, r1, r5
	mov r8, r1
	add r0, r8
	ldrh r1, [r0, #0x06]
	strh r3, [r0, #0x06]
	ldrh r1, [r0, #0x0E]
	strh r2, [r0, #0x0E]
	ldrh r1, [r0, #0x16]
	strh r2, [r0, #0x16]
	mov r1, r10
	negs r3, r1
	ldrh r1, [r0, #0x1E]
	strh r3, [r0, #0x1E]
	ldrb r0, [r7, #0x00]
	lsls r0, r0, #0x1C
	lsrs r0, r0, #0x1F
	lsls r0, r0, #0x0A
	movs r7, #0x8C
	lsls r7, r7, #0x03
	adds r1, r5, r7
	adds r0, r0, r1
	ldrh r1, [r0, #0x06]
	strh r4, [r0, #0x06]
	ldrh r1, [r0, #0x0E]
	strh r2, [r0, #0x0E]
	ldrh r1, [r0, #0x16]
	strh r2, [r0, #0x16]
	ldrh r1, [r0, #0x1E]
	strh r3, [r0, #0x1E]
	movs r0, #0x7F
	str r0, [sp, #0x048]
_080E35E2:
	mov r0, sp
	ldr r1, _080E369C @ =0x08200100
	movs r2, #0x0C
	bl memcpy
	ldrh r1, [r6, #0x02]
	add r2, sp, #0x050
	strh r1, [r2, #0x00]
	adds r3, r1, #0x0
	lsls r3, r3, #0x10
	mov r8, r3
	lsrs r1, r3, #0x1E
	ldrh r0, [r6, #0x00]
	lsrs r0, r0, #0x0E
	lsls r0, r0, #0x02
	orrs r1, r0
	mov r4, sp
	adds r0, r4, r1
	ldrb r4, [r0, #0x00]
	ldrh r2, [r6, #0x00]
	adds r3, r2, #0x0
	movs r5, #0xC0
	lsls r5, r5, #0x02
	ands r3, r5
	movs r0, #0x80
	lsls r0, r0, #0x02
	cmp r3, r0
	beq _080E36DE
	cmp r3, r5
	bne _080E3620
	lsls r4, r4, #0x01
_080E3620:
	movs r7, #0xFF
	mov r9, r7
	movs r0, #0xFF
	ands r0, r2
	adds r0, r0, r4
	movs r1, #0x50
	subs r1, r1, r0
	str r1, [sp, #0x054]
	movs r0, #0x80
	lsls r0, r0, #0x01
	mov r12, r0
	ldr r1, [sp, #0x01C]
	add r1, r12
	lsls r0, r1, #0x02
	adds r0, r0, r1
	lsls r0, r0, #0x04
	cmp r0, #0x00
	bge _080E3646
	adds r0, #0xFF
_080E3646:
	asrs r1, r0, #0x08
	ldr r5, [sp, #0x054]
	ldr r7, [sp, #0x018]
	adds r0, r5, #0x0
	muls r0, r7
	cmp r0, #0x00
	bge _080E3656
	adds r0, #0xFF
_080E3656:
	asrs r0, r0, #0x08
	subs r0, r1, r0
	subs r1, r0, r4
	cmp r3, #0x00
	beq _080E36A0
	movs r3, #0xFF
	lsls r3, r3, #0x08
	adds r0, r3, #0x0
	ands r2, r0
	mov r4, r9
	ands r1, r4
	orrs r2, r1
	strh r2, [r6, #0x00]
	mov r5, r8
	lsrs r0, r5, #0x19
	movs r1, #0x1F
	ands r0, r1
	lsls r0, r0, #0x05
	ldr r7, [sp, #0x044]
	adds r1, r7, r0
	ldrh r0, [r1, #0x1E]
	mov r2, r10
	muls r2, r0
	adds r0, r2, #0x0
	cmp r0, #0x00
	bge _080E368C
	adds r0, #0xFF
_080E368C:
	asrs r0, r0, #0x08
	strh r0, [r1, #0x1E]
	b _080E36DE
	.byte 0x00, 0x00
_080E3694: .4byte 0x0300034C
_080E3698: .4byte 0x00000888
_080E369C: .4byte 0x08200100
_080E36A0:
	movs r3, #0xFF
	lsls r3, r3, #0x08
	adds r0, r3, #0x0
	ands r2, r0
	mov r4, r9
	ands r1, r4
	orrs r2, r1
	mov r5, r12
	orrs r2, r5
	strh r2, [r6, #0x00]
	movs r7, #0xC0
	lsls r7, r7, #0x06
	adds r0, r7, #0x0
	add r1, sp, #0x050
	ldrh r2, [r1, #0x00]
	ands r2, r0
	lsls r2, r2, #0x10
	ldr r3, _080E36F0 @ =0x0000CFFF
	adds r0, r3, #0x0
	ldrh r4, [r1, #0x00]
	ands r0, r4
	lsrs r1, r2, #0x13
	adds r0, r0, r1
	movs r5, #0xE0
	lsls r5, r5, #0x06
	adds r0, r0, r5
	lsrs r2, r2, #0x1C
	movs r1, #0x01
	ands r2, r1
	subs r0, r0, r2
	strh r0, [r6, #0x02]
_080E36DE:
	adds r6, #0x08
	ldr r7, [sp, #0x048]
	subs r7, #0x01
	str r7, [sp, #0x048]
	cmp r7, #0x00
	blt _080E36EC
	b _080E35E2
_080E36EC:
	b _080E388C
	.byte 0x00, 0x00
_080E36F0: .4byte 0x0000CFFF
_080E36F4:
	ldr r2, [sp, #0x020]
	movs r3, #0x80
	lsls r3, r3, #0x01
	adds r0, r2, r3
	lsls r0, r0, #0x10
	lsrs r0, r0, #0x10
	mov r10, r0
	movs r4, #0x80
	lsls r4, r4, #0x03
	adds r0, r5, r4
	adds r0, r1, r0
	ldrh r1, [r0, #0x06]
	movs r2, #0x00
	strh r3, [r0, #0x06]
	ldrh r1, [r0, #0x0E]
	strh r2, [r0, #0x0E]
	ldrh r1, [r0, #0x16]
	strh r2, [r0, #0x16]
	ldrh r1, [r0, #0x1E]
	mov r1, r10
	strh r1, [r0, #0x1E]
	ldrb r0, [r7, #0x00]
	lsls r0, r0, #0x1C
	lsrs r0, r0, #0x1F
	lsls r0, r0, #0x0A
	adds r4, #0x20
	adds r1, r5, r4
	adds r0, r0, r1
	ldrh r1, [r0, #0x06]
	movs r4, #0xFF
	lsls r4, r4, #0x08
	strh r4, [r0, #0x06]
	ldrh r1, [r0, #0x0E]
	strh r2, [r0, #0x0E]
	ldrh r1, [r0, #0x16]
	strh r2, [r0, #0x16]
	ldrh r1, [r0, #0x1E]
	mov r1, r10
	strh r1, [r0, #0x1E]
	ldrb r0, [r7, #0x00]
	lsls r0, r0, #0x1C
	lsrs r0, r0, #0x1F
	lsls r0, r0, #0x0A
	movs r1, #0x88
	lsls r1, r1, #0x03
	adds r1, r1, r5
	mov r8, r1
	add r0, r8
	ldrh r1, [r0, #0x06]
	strh r3, [r0, #0x06]
	ldrh r1, [r0, #0x0E]
	strh r2, [r0, #0x0E]
	ldrh r1, [r0, #0x16]
	strh r2, [r0, #0x16]
	mov r1, r10
	negs r3, r1
	ldrh r1, [r0, #0x1E]
	strh r3, [r0, #0x1E]
	ldrb r0, [r7, #0x00]
	lsls r0, r0, #0x1C
	lsrs r0, r0, #0x1F
	lsls r0, r0, #0x0A
	movs r7, #0x8C
	lsls r7, r7, #0x03
	adds r1, r5, r7
	adds r0, r0, r1
	ldrh r1, [r0, #0x06]
	strh r4, [r0, #0x06]
	ldrh r1, [r0, #0x0E]
	strh r2, [r0, #0x0E]
	ldrh r1, [r0, #0x16]
	strh r2, [r0, #0x16]
	ldrh r1, [r0, #0x1E]
	strh r3, [r0, #0x1E]
	movs r0, #0x7F
	str r0, [sp, #0x04C]
_080E378C:
	mov r0, sp
	ldr r1, _080E383C @ =0x08200100
	movs r2, #0x0C
	bl memcpy
	ldrh r1, [r6, #0x02]
	add r2, sp, #0x050
	strh r1, [r2, #0x00]
	adds r3, r1, #0x0
	lsls r3, r3, #0x10
	mov r8, r3
	lsrs r1, r3, #0x1E
	ldrh r0, [r6, #0x00]
	lsrs r0, r0, #0x0E
	lsls r0, r0, #0x02
	orrs r1, r0
	mov r4, sp
	adds r0, r4, r1
	ldrb r4, [r0, #0x00]
	ldrh r2, [r6, #0x00]
	adds r3, r2, #0x0
	movs r5, #0xC0
	lsls r5, r5, #0x02
	ands r3, r5
	movs r0, #0x80
	lsls r0, r0, #0x02
	cmp r3, r0
	beq _080E387E
	cmp r3, r5
	bne _080E37CA
	lsls r4, r4, #0x01
_080E37CA:
	movs r7, #0xFF
	mov r9, r7
	movs r0, #0xFF
	ands r0, r2
	adds r0, r0, r4
	movs r1, #0x50
	subs r1, r1, r0
	str r1, [sp, #0x054]
	movs r0, #0x80
	lsls r0, r0, #0x01
	mov r12, r0
	ldr r5, [sp, #0x018]
	subs r1, r0, r5
	lsls r0, r1, #0x02
	adds r0, r0, r1
	lsls r0, r0, #0x04
	cmp r0, #0x00
	bge _080E37F0
	adds r0, #0xFF
_080E37F0:
	asrs r1, r0, #0x08
	ldr r7, [sp, #0x054]
	ldr r5, [sp, #0x01C]
	adds r0, r7, #0x0
	muls r0, r5
	cmp r0, #0x00
	bge _080E3800
	adds r0, #0xFF
_080E3800:
	asrs r0, r0, #0x08
	subs r0, r1, r0
	subs r1, r0, r4
	cmp r3, #0x00
	beq _080E3840
	movs r7, #0xFF
	lsls r7, r7, #0x08
	adds r0, r7, #0x0
	ands r2, r0
	mov r0, r9
	ands r1, r0
	orrs r2, r1
	strh r2, [r6, #0x00]
	mov r1, r8
	lsrs r0, r1, #0x19
	movs r1, #0x1F
	ands r0, r1
	lsls r0, r0, #0x05
	ldr r2, [sp, #0x044]
	adds r1, r2, r0
	ldrh r0, [r1, #0x1E]
	mov r3, r10
	muls r3, r0
	adds r0, r3, #0x0
	cmp r0, #0x00
	bge _080E3836
	adds r0, #0xFF
_080E3836:
	asrs r0, r0, #0x08
	strh r0, [r1, #0x1E]
	b _080E387E
_080E383C: .4byte 0x08200100
_080E3840:
	movs r4, #0xFF
	lsls r4, r4, #0x08
	adds r0, r4, #0x0
	ands r2, r0
	mov r5, r9
	ands r1, r5
	orrs r2, r1
	mov r7, r12
	orrs r2, r7
	strh r2, [r6, #0x00]
	movs r1, #0xC0
	lsls r1, r1, #0x06
	adds r0, r1, #0x0
	add r3, sp, #0x050
	ldrh r2, [r3, #0x00]
	ands r2, r0
	lsls r2, r2, #0x10
	ldr r4, _080E389C @ =0x0000CFFF
	adds r0, r4, #0x0
	ldrh r5, [r3, #0x00]
	ands r0, r5
	lsrs r1, r2, #0x13
	adds r0, r0, r1
	movs r7, #0xE0
	lsls r7, r7, #0x06
	adds r0, r0, r7
	lsrs r2, r2, #0x1C
	movs r1, #0x01
	ands r2, r1
	subs r0, r0, r2
	strh r0, [r6, #0x02]
_080E387E:
	adds r6, #0x08
	ldr r0, [sp, #0x04C]
	subs r0, #0x01
	str r0, [sp, #0x04C]
	cmp r0, #0x00
	blt _080E388C
	b _080E378C
_080E388C:
	add sp, #0x058
	pop {r3, r4, r5}
	mov r8, r3
	mov r9, r4
	mov r10, r5
	pop {r4, r5, r6, r7}
	pop {r0}
	bx r0
_080E389C: .4byte 0x0000CFFF
	.byte 0x10, 0xB5, 0x04, 0x1C, 0xFF, 0xF7, 0xC6, 0xFB, 0x01, 0x1C, 0x00, 0x2C, 0x01, 0xDA, 0x34, 0x20
	.byte 0x00, 0xE0, 0x43, 0x20, 0xC8, 0x82, 0x08, 0x1C, 0x10, 0xBC, 0x02, 0xBC, 0x08, 0x47, 0x00, 0x00
	.byte 0x00, 0xB5, 0x82, 0xB0, 0x06, 0x49, 0x07, 0x4A, 0x01, 0x23, 0x5B, 0x42, 0x00, 0x20, 0x00, 0x90
	.byte 0x01, 0x90, 0x02, 0x20, 0x9E, 0xF7, 0x8C, 0xFF, 0x02, 0xB0, 0x01, 0xBC, 0x00, 0x47, 0x00, 0x00
	.byte 0x88, 0xFE, 0x39, 0x08, 0x00, 0x40, 0x00, 0x06
	thumb_func_start sub_80E38E8
sub_80E38E8:
	push {r4, r5, r6, r7, lr}
	mov r7, r10
	mov r6, r9
	mov r5, r8
	push {r5, r6, r7}
	add sp, #-0x01C
	str r0, [sp, #0x004]
	str r1, [sp, #0x008]
	str r2, [sp, #0x00C]
	adds r4, r3, #0x0
	ldr r0, _080E3974 @ =0x03000FD8
	ldr r0, [r0, #0x00]
	movs r1, #0x93
	lsls r1, r1, #0x02
	adds r0, r0, r1
	ldr r0, [r0, #0x00]
	add r2, sp, #0x008
	add r3, sp, #0x00C
	movs r1, #0x00
	str r1, [sp, #0x000]
	add r1, sp, #0x004
	bl sub_8082C58
	lsls r0, r4, #0x01
	ldr r2, _080E3978 @ =0x02000008
	adds r0, r0, r2
	ldrh r5, [r0, #0x00]
	lsls r4, r4, #0x02
	ldr r3, _080E397C @ =0x02000010
	adds r0, r4, r3
	ldrh r0, [r0, #0x00]
	adds r0, #0x04
	ldr r1, [sp, #0x004]
	adds r1, r1, r0
	cmp r1, #0x00
	bge _080E3932
	adds r1, #0x07
_080E3932:
	asrs r2, r1, #0x03
	ldr r6, _080E3980 @ =0x02000012
	adds r0, r4, r6
	ldrh r0, [r0, #0x00]
	adds r0, #0x04
	ldr r1, [sp, #0x008]
	adds r0, r1, r0
	cmp r0, #0x00
	bge _080E3946
	adds r0, #0x07
_080E3946:
	asrs r1, r0, #0x03
	movs r3, #0x1F
	ands r3, r2
	movs r0, #0x80
	lsls r0, r0, #0x07
	ands r0, r5
	cmp r0, #0x00
	beq _080E3964
	movs r0, #0x3F
	ands r2, r0
	cmp r2, #0x1F
	ble _080E3964
	movs r0, #0x80
	lsls r0, r0, #0x03
	adds r3, r3, r0
_080E3964:
	movs r0, #0x80
	lsls r0, r0, #0x08
	ands r0, r5
	cmp r0, #0x00
	beq _080E3984
	movs r0, #0x3F
	b _080E3986
	.byte 0x00, 0x00
_080E3974: .4byte 0x03000FD8
_080E3978: .4byte 0x02000008
_080E397C: .4byte 0x02000010
_080E3980: .4byte 0x02000012
_080E3984:
	movs r0, #0x1F
_080E3986:
	ands r0, r1
	lsls r0, r0, #0x05
	adds r3, r3, r0
	lsrs r0, r5, #0x08
	movs r1, #0x1F
	ands r0, r1
	lsls r0, r0, #0x0B
	movs r2, #0xC0
	lsls r2, r2, #0x13
	adds r0, r0, r2
	lsls r1, r3, #0x01
	adds r1, r1, r0
	ldrh r0, [r1, #0x00]
	str r0, [sp, #0x010]
	ldrh r6, [r1, #0x02]
	lsrs r4, r5, #0x02
	movs r0, #0x03
	ands r4, r0
	lsls r4, r4, #0x0E
	adds r4, r4, r2
	ldr r1, _080E3BF8 @ =0x06010000
	mov r10, r1
	ldr r2, _080E3BFC @ =0x03001034
	mov r9, r2
	ldr r5, _080E3C00 @ =0x08198154
	ldr r0, _080E3C04 @ =0x081980D8
	subs r5, r5, r0
	ldr r3, [r2, #0x00]
	adds r3, r3, r5
	ldr r0, _080E3C08 @ =0x000003FF
	mov r8, r0
	ldr r0, [sp, #0x010]
	mov r1, r8
	ands r0, r1
	lsls r0, r0, #0x05
	adds r0, r4, r0
	ldr r2, [sp, #0x03C]
	lsls r1, r2, #0x05
	add r1, r10
	movs r2, #0x20
	bl _call_via_r3
	mov r0, r9
	ldr r3, [r0, #0x00]
	adds r3, r3, r5
	mov r1, r8
	ands r6, r1
	lsls r6, r6, #0x05
	adds r4, r4, r6
	ldr r1, [sp, #0x03C]
	adds r1, #0x01
	lsls r1, r1, #0x05
	add r1, r10
	adds r0, r4, #0x0
	movs r2, #0x20
	bl _call_via_r3
	ldr r2, [sp, #0x010]
	lsrs r2, r2, #0x0C
	mov r8, r2
	movs r5, #0x00
	ldr r1, _080E3C0C @ =0x03000F78
_080E3A02:
	adds r0, r5, r1
	ldrb r0, [r0, #0x00]
	lsls r0, r0, #0x18
	asrs r0, r0, #0x18
	cmp r0, r8
	bne _080E3A10
	b _080E3B92
_080E3A10:
	adds r5, #0x01
	adds r0, r5, r1
	ldrb r0, [r0, #0x00]
	lsls r0, r0, #0x18
	asrs r0, r0, #0x18
	cmp r0, r8
	bne _080E3A20
	b _080E3B92
_080E3A20:
	adds r5, #0x01
	adds r0, r5, r1
	ldrb r0, [r0, #0x00]
	lsls r0, r0, #0x18
	asrs r0, r0, #0x18
	cmp r0, r8
	bne _080E3A30
	b _080E3B92
_080E3A30:
	adds r5, #0x01
	adds r0, r5, r1
	ldrb r0, [r0, #0x00]
	lsls r0, r0, #0x18
	asrs r0, r0, #0x18
	cmp r0, r8
	bne _080E3A40
	b _080E3B92
_080E3A40:
	adds r5, #0x01
	adds r0, r5, r1
	ldrb r0, [r0, #0x00]
	lsls r0, r0, #0x18
	asrs r0, r0, #0x18
	cmp r0, r8
	bne _080E3A50
	b _080E3B92
_080E3A50:
	adds r5, #0x01
	adds r0, r5, r1
	ldrb r0, [r0, #0x00]
	lsls r0, r0, #0x18
	asrs r0, r0, #0x18
	cmp r0, r8
	bne _080E3A60
	b _080E3B92
_080E3A60:
	adds r5, #0x01
	adds r0, r5, r1
	ldrb r0, [r0, #0x00]
	lsls r0, r0, #0x18
	asrs r0, r0, #0x18
	cmp r0, r8
	bne _080E3A70
	b _080E3B92
_080E3A70:
	adds r5, #0x01
	adds r0, r5, r1
	ldrb r0, [r0, #0x00]
	lsls r0, r0, #0x18
	asrs r0, r0, #0x18
	cmp r0, r8
	bne _080E3A80
	b _080E3B92
_080E3A80:
	adds r5, #0x01
	cmp r5, #0x0F
	ble _080E3A02
	movs r5, #0x0F
	ldr r3, _080E3C0C @ =0x03000F78
	movs r0, #0x0F
	ldsb r0, [r3, r0]
	movs r1, #0x01
	negs r1, r1
	mov r4, r8
	lsls r2, r4, #0x05
	cmp r0, r1
	beq _080E3AA8
_080E3A9A:
	subs r5, #0x01
	adds r0, r5, r3
	ldrb r0, [r0, #0x00]
	lsls r0, r0, #0x18
	asrs r0, r0, #0x18
	cmp r0, r1
	bne _080E3A9A
_080E3AA8:
	ldr r6, _080E3C10 @ =0x03000D74
	ldr r0, [r6, #0x00]
	lsls r1, r5, #0x01
	adds r0, #0x0C
	adds r0, r0, r1
	ldr r1, _080E3C14 @ =0x00001FFF
	strh r1, [r0, #0x00]
	lsls r0, r5, #0x05
	ldr r3, _080E3C18 @ =0x04430443
	ldr r7, _080E3C1C @ =0x3DEF3DEF
	ldr r1, _080E3C20 @ =0x02000280
	adds r1, r0, r1
	str r1, [sp, #0x018]
	ldr r6, _080E3C24 @ =0x02000080
	adds r4, r2, r6
	ldr r0, _080E3C28 @ =0x7BDE7BDE
	mov r10, r0
	ldr r1, _080E3C2C @ =0x84208420
	mov r9, r1
	movs r2, #0x07
	mov r12, r2
_080E3AD2:
	ldr r2, [r4, #0x00]
	adds r1, r2, #0x0
	ands r1, r3
	lsls r1, r1, #0x01
	adds r0, r2, #0x0
	eors r0, r3
	mov r6, r10
	ands r0, r6
	adds r1, r1, r0
	mov r0, r9
	ands r1, r0
	lsrs r1, r1, #0x05
	adds r1, r1, r7
	eors r1, r7
	adds r2, r2, r3
	subs r2, r2, r1
	orrs r2, r1
	ldr r1, [sp, #0x018]
	str r2, [r1, #0x00]
	ldr r2, [r4, #0x04]
	adds r1, r2, #0x0
	ands r1, r3
	lsls r1, r1, #0x01
	adds r0, r2, #0x0
	eors r0, r3
	ands r0, r6
	adds r1, r1, r0
	mov r6, r9
	ands r1, r6
	lsrs r1, r1, #0x05
	adds r1, r1, r7
	eors r1, r7
	adds r2, r2, r3
	subs r2, r2, r1
	orrs r2, r1
	ldr r0, [sp, #0x018]
	str r2, [r0, #0x04]
	ldr r2, [r4, #0x08]
	adds r1, r2, #0x0
	ands r1, r3
	lsls r1, r1, #0x01
	str r1, [sp, #0x014]
	adds r0, r2, #0x0
	eors r0, r3
	mov r1, r10
	ands r0, r1
	ldr r6, [sp, #0x014]
	adds r1, r6, r0
	mov r0, r9
	ands r1, r0
	lsrs r1, r1, #0x05
	adds r1, r1, r7
	eors r1, r7
	adds r2, r2, r3
	subs r2, r2, r1
	orrs r2, r1
	ldr r1, [sp, #0x018]
	str r2, [r1, #0x08]
	ldr r2, [r4, #0x0C]
	adds r1, r2, #0x0
	ands r1, r3
	lsls r1, r1, #0x01
	adds r0, r2, #0x0
	eors r0, r3
	mov r6, r10
	ands r0, r6
	adds r1, r1, r0
	mov r0, r9
	ands r1, r0
	lsrs r1, r1, #0x05
	adds r1, r1, r7
	eors r1, r7
	adds r2, r2, r3
	subs r2, r2, r1
	orrs r2, r1
	ldr r1, [sp, #0x018]
	str r2, [r1, #0x0C]
	adds r1, #0x10
	str r1, [sp, #0x018]
	adds r4, #0x10
	movs r2, #0x04
	negs r2, r2
	add r12, r2
	mov r6, r12
	cmp r6, #0x00
	bge _080E3AD2
	movs r0, #0x01
	lsls r0, r5
	ldr r2, _080E3C30 @ =0x0300034C
	ldrh r1, [r2, #0x00]
	orrs r0, r1
	strh r0, [r2, #0x00]
	ldr r3, _080E3C0C @ =0x03000F78
	adds r0, r5, r3
	mov r4, r8
	strb r4, [r0, #0x00]
_080E3B92:
	ldr r6, _080E3C10 @ =0x03000D74
	ldr r3, [r6, #0x00]
	ldr r2, [r3, #0x38]
	ldr r0, [sp, #0x008]
	movs r1, #0xFF
	ands r0, r1
	movs r4, #0x80
	lsls r4, r4, #0x07
	adds r1, r4, #0x0
	movs r4, #0x00
	orrs r0, r1
	strh r0, [r2, #0x00]
	ldr r1, [sp, #0x004]
	ldr r0, _080E3C34 @ =0x000001FF
	ands r1, r0
	movs r0, #0xC0
	lsls r0, r0, #0x04
	ldr r6, [sp, #0x010]
	ands r6, r0
	lsls r0, r6, #0x02
	orrs r1, r0
	strh r1, [r2, #0x02]
	ldr r1, _080E3C08 @ =0x000003FF
	adds r0, r1, #0x0
	ldr r6, [sp, #0x03C]
	ands r6, r0
	lsls r0, r5, #0x0C
	orrs r6, r0
	movs r1, #0x80
	lsls r1, r1, #0x04
	adds r0, r1, #0x0
	orrs r6, r0
	strh r6, [r2, #0x04]
	ldr r0, _080E3C38 @ =0x8FFFFFFF
	str r0, [r2, #0x08]
	strh r4, [r2, #0x06]
	ldrb r0, [r3, #0x02]
	adds r0, #0x02
	strb r0, [r3, #0x02]
	ldr r0, _080E3C10 @ =0x03000D74
	ldr r1, [r0, #0x00]
	ldr r0, [r2, #0x10]
	str r0, [r1, #0x38]
	add sp, #0x01C
	pop {r3, r4, r5}
	mov r8, r3
	mov r9, r4
	mov r10, r5
	pop {r4, r5, r6, r7}
	pop {r0}
	bx r0
_080E3BF8: .4byte 0x06010000
_080E3BFC: .4byte 0x03001034
_080E3C00: .4byte 0x08198154
_080E3C04: .4byte 0x081980D8
_080E3C08: .4byte 0x000003FF
_080E3C0C: .4byte 0x03000F78
_080E3C10: .4byte 0x03000D74
_080E3C14: .4byte 0x00001FFF
_080E3C18: .4byte 0x04430443
_080E3C1C: .4byte 0x3DEF3DEF
_080E3C20: .4byte 0x02000280
_080E3C24: .4byte 0x02000080
_080E3C28: .4byte 0x7BDE7BDE
_080E3C2C: .4byte 0x84208420
_080E3C30: .4byte 0x0300034C
_080E3C34: .4byte 0x000001FF
_080E3C38: .4byte 0x8FFFFFFF
	thumb_func_start sub_80E3C3C
sub_80E3C3C:
	push {r4, r5, r6, r7, lr}
	movs r3, #0x00
	ldr r7, _080E3C64 @ =0x0000FFFF
	ldr r6, _080E3C68 @ =0x00001FFF
	ldr r5, _080E3C6C @ =0x03000F78
	ldr r4, _080E3C70 @ =0x03000D74
_080E3C48:
	adds r2, r3, r5
	ldr r0, [r4, #0x00]
	lsls r1, r3, #0x01
	adds r0, #0x0C
	adds r0, r0, r1
	ldrh r0, [r0, #0x00]
	cmp r0, r7
	beq _080E3C5C
	cmp r0, r6
	bne _080E3C74
_080E3C5C:
	movs r1, #0x01
	negs r1, r1
	b _080E3C78
	.byte 0x00, 0x00
_080E3C64: .4byte 0x0000FFFF
_080E3C68: .4byte 0x00001FFF
_080E3C6C: .4byte 0x03000F78
_080E3C70: .4byte 0x03000D74
_080E3C74:
	movs r1, #0x02
	negs r1, r1
_080E3C78:
	adds r0, r1, #0x0
	strb r0, [r2, #0x00]
	adds r1, r3, #0x1
	adds r2, r1, r5
	ldr r0, [r4, #0x00]
	lsls r1, r1, #0x01
	adds r0, #0x0C
	adds r0, r0, r1
	ldrh r0, [r0, #0x00]
	cmp r0, r7
	beq _080E3C92
	cmp r0, r6
	bne _080E3C98
_080E3C92:
	movs r1, #0x01
	negs r1, r1
	b _080E3C9C
_080E3C98:
	movs r1, #0x02
	negs r1, r1
_080E3C9C:
	adds r0, r1, #0x0
	strb r0, [r2, #0x00]
	adds r1, r3, #0x2
	adds r2, r1, r5
	ldr r0, [r4, #0x00]
	lsls r1, r1, #0x01
	adds r0, #0x0C
	adds r0, r0, r1
	ldrh r0, [r0, #0x00]
	cmp r0, r7
	beq _080E3CB6
	cmp r0, r6
	bne _080E3CBC
_080E3CB6:
	movs r1, #0x01
	negs r1, r1
	b _080E3CC0
_080E3CBC:
	movs r1, #0x02
	negs r1, r1
_080E3CC0:
	adds r0, r1, #0x0
	strb r0, [r2, #0x00]
	adds r1, r3, #0x3
	adds r2, r1, r5
	ldr r0, [r4, #0x00]
	lsls r1, r1, #0x01
	adds r0, #0x0C
	adds r0, r0, r1
	ldrh r0, [r0, #0x00]
	cmp r0, r7
	beq _080E3CDA
	cmp r0, r6
	bne _080E3CE0
_080E3CDA:
	movs r1, #0x01
	negs r1, r1
	b _080E3CE4
_080E3CE0:
	movs r1, #0x02
	negs r1, r1
_080E3CE4:
	adds r0, r1, #0x0
	strb r0, [r2, #0x00]
	adds r3, #0x04
	cmp r3, #0x0F
	ble _080E3C48
	pop {r4, r5, r6, r7}
	pop {r0}
	bx r0
	thumb_func_start sub_80E3CF4
sub_80E3CF4:
	push {lr}
	ldr r0, _080E3D10 @ =0x03000FD8
	ldr r0, [r0, #0x00]
	movs r1, #0x92
	lsls r1, r1, #0x02
	adds r0, r0, r1
	ldr r0, [r0, #0x00]
	bl sub_8116620
	lsls r0, r0, #0x18
	cmp r0, #0x00
	bne _080E3D14
	movs r0, #0x00
	b _080E3D16
_080E3D10: .4byte 0x03000FD8
_080E3D14:
	movs r0, #0x01
_080E3D16:
	pop {r1}
	bx r1
	.byte 0x00, 0x00
	thumb_func_start sub_80E3D1C
sub_80E3D1C:
	push {lr}
	add sp, #-0x010
	ldr r0, _080E3D60 @ =0x03000FD8
	ldr r1, [r0, #0x00]
	movs r2, #0xB6
	lsls r2, r2, #0x02
	adds r0, r1, r2
	ldr r0, [r0, #0x00]
	movs r2, #0x00
	cmp r0, #0x00
	beq _080E3D34
	ldrh r2, [r0, #0x0A]
_080E3D34:
	movs r3, #0x92
	lsls r3, r3, #0x02
	adds r0, r1, r3
	ldr r0, [r0, #0x00]
	ldr r1, _080E3D64 @ =0x0000FFFF
	str r1, [sp, #0x000]
	str r1, [sp, #0x004]
	movs r1, #0x00
	str r1, [sp, #0x008]
	str r1, [sp, #0x00C]
	movs r3, #0x10
	bl sub_81151E4
	ldr r0, _080E3D68 @ =0x0300034C
	ldr r1, _080E3D6C @ =0x00000884
	adds r0, r0, r1
	movs r1, #0x01
	negs r1, r1
	str r1, [r0, #0x00]
	add sp, #0x010
	pop {r0}
	bx r0
_080E3D60: .4byte 0x03000FD8
_080E3D64: .4byte 0x0000FFFF
_080E3D68: .4byte 0x0300034C
_080E3D6C: .4byte 0x00000884
	thumb_func_start sub_80E3D70
sub_80E3D70:
	push {r4, lr}
	ldr r4, _080E3D98 @ =0x03001034
	ldr r1, _080E3D9C @ =0x06004000
	movs r2, #0x90
	lsls r2, r2, #0x08
	ldr r3, [r4, #0x00]
	movs r0, #0x00
	bl _call_via_r3
	ldr r1, _080E3DA0 @ =0x0600F000
	movs r2, #0x80
	lsls r2, r2, #0x05
	ldr r3, [r4, #0x00]
	movs r0, #0x00
	bl _call_via_r3
	pop {r4}
	pop {r0}
	bx r0
	.byte 0x00, 0x00
_080E3D98: .4byte 0x03001034
_080E3D9C: .4byte 0x06004000
_080E3DA0: .4byte 0x0600F000
	thumb_func_start sub_80E3DA4
sub_80E3DA4:
	push {lr}
	bl sub_8082B00
	lsls r0, r0, #0x18
	lsrs r1, r0, #0x18
	cmp r1, #0x00
	bne _080E3DC8
	ldr r0, _080E3DC0 @ =0x0300034C
	ldr r2, _080E3DC4 @ =0x00000884
	adds r0, r0, r2
	str r1, [r0, #0x00]
	movs r0, #0x00
	b _080E3DCA
	.byte 0x00, 0x00
_080E3DC0: .4byte 0x0300034C
_080E3DC4: .4byte 0x00000884
_080E3DC8:
	movs r0, #0x01
_080E3DCA:
	pop {r1}
	bx r1
	.byte 0x00, 0x00
	thumb_func_start sub_80E3DD0
sub_80E3DD0:
	push {r4, r5, r6, lr}
	ldr r0, _080E3E28 @ =0x03000FD8
	ldr r0, [r0, #0x00]
	movs r1, #0xB6
	lsls r1, r1, #0x02
	adds r0, r0, r1
	ldr r0, [r0, #0x00]
	movs r6, #0x00
	cmp r0, #0x00
	beq _080E3DE6
	ldrh r6, [r0, #0x0A]
_080E3DE6:
	ldr r4, _080E3E2C @ =0x03001034
	ldr r5, _080E3E30 @ =0x02000080
	movs r2, #0x80
	lsls r2, r2, #0x02
	ldr r3, [r4, #0x00]
	adds r0, r6, #0x0
	adds r1, r5, #0x0
	bl _call_via_r3
	lsls r0, r6, #0x10
	orrs r6, r0
	movs r2, #0x80
	lsls r2, r2, #0x03
	ldr r3, [r4, #0x00]
	adds r0, r6, #0x0
	adds r1, r5, #0x0
	bl _call_via_r3
	ldr r1, _080E3E34 @ =0x0300034C
	ldr r0, _080E3E38 @ =0x0000FFFF
	strh r0, [r1, #0x02]
	movs r0, #0x01
	negs r0, r0
	strh r0, [r1, #0x00]
	ldr r0, _080E3E3C @ =0x00000884
	adds r1, r1, r0
	movs r0, #0x01
	negs r0, r0
	str r0, [r1, #0x00]
	pop {r4, r5, r6}
	pop {r0}
	bx r0
	.byte 0x00, 0x00
_080E3E28: .4byte 0x03000FD8
_080E3E2C: .4byte 0x03001034
_080E3E30: .4byte 0x02000080
_080E3E34: .4byte 0x0300034C
_080E3E38: .4byte 0x0000FFFF
_080E3E3C: .4byte 0x00000884
	.byte 0xF0, 0xB5, 0x57, 0x46, 0x4E, 0x46, 0x45, 0x46, 0xE0, 0xB4, 0x81, 0xB0, 0x82, 0x46, 0x88, 0x46
	.byte 0x91, 0x46, 0x1C, 0x1C, 0x0B, 0x98, 0x0C, 0x9B, 0x00, 0x2B, 0x06, 0xDD, 0x25, 0x1A, 0x0A, 0x99
	.byte 0x0E, 0x1A, 0x00, 0x2D, 0x01, 0xDD, 0x00, 0x2E, 0x01, 0xDC, 0x00, 0x20, 0x3E, 0xE0, 0x13, 0x4F
	.byte 0x68, 0x00, 0x58, 0x43, 0x39, 0x68, 0x00, 0x93, 0xF6, 0xF0, 0xF8, 0xFD, 0x05, 0x1C, 0x68, 0x42
	.byte 0x41, 0x46, 0x08, 0x60, 0x0A, 0x98, 0x24, 0x1A, 0x00, 0x9B, 0x00, 0x2C, 0x1C, 0xD0, 0x70, 0x00
	.byte 0x58, 0x43, 0x39, 0x68, 0xF6, 0xF0, 0xEA, 0xFD, 0x06, 0x1C, 0x09, 0x48, 0x09, 0x49, 0x40, 0x1A
	.byte 0x3A, 0x68, 0x12, 0x18, 0x09, 0x9B, 0x48, 0x46, 0x19, 0x1A, 0xA8, 0x1B, 0x48, 0x43, 0x00, 0x1B
	.byte 0x61, 0x00, 0xF6, 0xF0, 0xDD, 0xFD, 0x51, 0x46, 0x08, 0x60, 0x16, 0xE0, 0x38, 0x10, 0x00, 0x03
	.byte 0x2C, 0x83, 0x19, 0x08, 0x20, 0x82, 0x19, 0x08, 0x0C, 0x48, 0x0D, 0x49, 0x40, 0x1A, 0x3A, 0x68
	.byte 0x12, 0x18, 0x09, 0x9C, 0x49, 0x46, 0x60, 0x1A, 0x58, 0x43, 0x29, 0x1C, 0xF6, 0xF0, 0xC8, 0xFD
	.byte 0xC1, 0x0F, 0x40, 0x18, 0x40, 0x10, 0x53, 0x46, 0x18, 0x60, 0x01, 0x20, 0x01, 0xB0, 0x38, 0xBC
	.byte 0x98, 0x46, 0xA1, 0x46, 0xAA, 0x46, 0xF0, 0xBC, 0x02, 0xBC, 0x08, 0x47, 0x2C, 0x83, 0x19, 0x08
	.byte 0x20, 0x82, 0x19, 0x08, 0xF0, 0xB5, 0x57, 0x46, 0x4E, 0x46, 0x45, 0x46, 0xE0, 0xB4, 0x86, 0xB0
	.byte 0x02, 0x90, 0x89, 0x46, 0x03, 0x93, 0x0E, 0x9F, 0x10, 0x9E, 0x00, 0x28, 0x54, 0xD0, 0x0F, 0x98
	.byte 0x00, 0x28, 0x51, 0xD0, 0x00, 0x2E, 0x4F, 0xD0, 0x00, 0x29, 0x4D, 0xDB, 0x00, 0x2A, 0x4B, 0xDB
	.byte 0xD2, 0x00, 0x05, 0x92, 0x97, 0x42, 0x47, 0xDA, 0x00, 0x21, 0x8A, 0x46, 0x01, 0x3F, 0x01, 0x37
	.byte 0x00, 0x2F, 0x0D, 0xDA, 0x30, 0x78, 0x01, 0x36, 0xFF, 0x28, 0xF8, 0xD0, 0x35, 0x78, 0x01, 0x36
	.byte 0x00, 0x2D, 0x39, 0xD0, 0xAA, 0x44, 0xF5, 0xE7, 0x01, 0x37, 0x05, 0x9A, 0x97, 0x42, 0x33, 0xDA
	.byte 0x07, 0x20, 0x38, 0x40, 0x80, 0x00, 0x02, 0x99, 0x08, 0x18, 0x08, 0x21, 0x49, 0x42, 0x39, 0x40
	.byte 0x4A, 0x46, 0x4A, 0x43, 0x11, 0x1C, 0x89, 0x00, 0x40, 0x18, 0x04, 0x90, 0x03, 0x98, 0x80, 0x46
	.byte 0x35, 0x78, 0x01, 0x36, 0xFF, 0x2D, 0xE7, 0xD0, 0xA8, 0x44, 0x35, 0x78, 0x01, 0x36, 0x00, 0x2D
	.byte 0x1A, 0xD0, 0x0A, 0x4A, 0x0A, 0x48, 0x0B, 0x49, 0x40, 0x1A, 0x14, 0x68, 0x24, 0x18, 0x4A, 0x46
	.byte 0x11, 0x06, 0x09, 0x0E, 0x0F, 0x98, 0x00, 0x90, 0x52, 0x46, 0x01, 0x92, 0x04, 0x98, 0x42, 0x46
	.byte 0x2B, 0x1C, 0xF6, 0xF0, 0x61, 0xFD, 0xAA, 0x44, 0xE2, 0xE7, 0x00, 0x00, 0x88, 0x0F, 0x00, 0x03
	.byte 0xE8, 0x0C, 0x00, 0x08, 0x70, 0x0B, 0x00, 0x08, 0x06, 0xB0, 0x38, 0xBC, 0x98, 0x46, 0xA1, 0x46
	.byte 0xAA, 0x46, 0xF0, 0xBC, 0x01, 0xBC, 0x00, 0x47
	thumb_func_start sub_80E3FD8
sub_80E3FD8:
	push {r4, r5, lr}
	cmp r0, #0x00
	beq _080E400C
	adds r4, r0, #0x3
	movs r0, #0x04
	negs r0, r0
	ands r4, r0
	ldr r0, _080E4000 @ =0x08000DB4
	ldr r5, _080E4004 @ =0x08000F9C
	subs r5, r5, r0
	lsls r2, r5, #0x0A
	lsrs r2, r2, #0x0B
	adds r1, r4, #0x0
	bl CpuSet
	ldr r0, _080E4008 @ =0x03000F8C
	str r4, [r0, #0x00]
	adds r4, r4, r5
	adds r0, r4, #0x0
	b _080E4014
_080E4000: .4byte 0x08000DB4
_080E4004: .4byte 0x08000F9C
_080E4008: .4byte 0x03000F8C
_080E400C:
	ldr r1, _080E401C @ =0x03000F8C
	ldr r0, _080E4020 @ =0x08000DB4
	str r0, [r1, #0x00]
	movs r0, #0x00
_080E4014:
	pop {r4, r5}
	pop {r1}
	bx r1
	.byte 0x00, 0x00
_080E401C: .4byte 0x03000F8C
_080E4020: .4byte 0x08000DB4
	.byte 0x70, 0xB5, 0x00, 0x28, 0x20, 0xD0, 0xC4, 0x1C, 0x04, 0x20, 0x40, 0x42, 0x04, 0x40, 0x09, 0x4E
	.byte 0x09, 0x4D, 0xAD, 0x1B, 0xAA, 0x02, 0xD2, 0x0A, 0x30, 0x1C, 0x21, 0x1C, 0xF6, 0xF0, 0x2C, 0xFB
	.byte 0x06, 0x48, 0x04, 0x60, 0x06, 0x49, 0x07, 0x48, 0x80, 0x1B, 0x20, 0x18, 0x08, 0x60, 0x64, 0x19
	.byte 0x20, 0x1C, 0x0D, 0xE0, 0x70, 0x0B, 0x00, 0x08, 0x9C, 0x0F, 0x00, 0x08, 0x88, 0x0F, 0x00, 0x03
	.byte 0x8C, 0x0F, 0x00, 0x03, 0xB4, 0x0D, 0x00, 0x08, 0x03, 0x49, 0x04, 0x48, 0x08, 0x60, 0x00, 0x20
	.byte 0x70, 0xBC, 0x02, 0xBC, 0x08, 0x47, 0x00, 0x00, 0x88, 0x0F, 0x00, 0x03, 0x70, 0x0B, 0x00, 0x08
	thumb_func_start sub_80E4084
sub_80E4084:
	push {r4, r5, r6, r7, lr}
	mov r7, r10
	mov r6, r9
	mov r5, r8
	push {r5, r6, r7}
	add sp, #-0x00C
	adds r6, r0, #0x0
	str r1, [sp, #0x000]
	cmp r6, #0x00
	bne _080E409A
	b _080E42E8
_080E409A:
	cmp r1, #0x00
	bgt _080E40A0
	b _080E42E8
_080E40A0:
	cmp r1, #0x00
	ble _080E4154
	adds r3, r6, #0x4
	adds r4, r6, #0x0
	str r1, [sp, #0x004]
	movs r0, #0x01
	ands r0, r1
	cmp r0, #0x00
	beq _080E40EA
	ldrb r2, [r6, #0x02]
	movs r0, #0x01
	ands r0, r2
	cmp r0, #0x00
	beq _080E40D6
	ldr r2, [r3, #0x0C]
	ldr r0, [r6, #0x04]
	adds r0, r2, r0
	str r0, [r3, #0x0C]
	ldr r2, [r3, #0x10]
	ldr r0, [r3, #0x04]
	adds r0, r2, r0
	str r0, [r3, #0x10]
	ldr r2, [r3, #0x14]
	ldr r0, [r3, #0x08]
	adds r0, r2, r0
	str r0, [r3, #0x14]
	b _080E40DC
_080E40D6:
	str r0, [r6, #0x04]
	str r0, [r3, #0x08]
	str r0, [r3, #0x04]
_080E40DC:
	adds r3, #0x28
	adds r4, #0x28
	ldr r0, [sp, #0x004]
	subs r0, #0x01
	str r0, [sp, #0x004]
	cmp r0, #0x00
	beq _080E4154
_080E40EA:
	ldrb r2, [r4, #0x02]
	movs r0, #0x01
	ands r0, r2
	cmp r0, #0x00
	beq _080E410E
	ldr r2, [r3, #0x0C]
	ldr r0, [r3, #0x00]
	adds r0, r2, r0
	str r0, [r3, #0x0C]
	ldr r2, [r3, #0x10]
	ldr r0, [r3, #0x04]
	adds r0, r2, r0
	str r0, [r3, #0x10]
	ldr r2, [r3, #0x14]
	ldr r0, [r3, #0x08]
	adds r0, r2, r0
	str r0, [r3, #0x14]
	b _080E4114
_080E410E:
	str r0, [r3, #0x00]
	str r0, [r3, #0x08]
	str r0, [r3, #0x04]
_080E4114:
	adds r1, r3, #0x0
	adds r1, #0x28
	adds r0, r4, #0x0
	adds r0, #0x28
	ldrb r2, [r0, #0x02]
	movs r0, #0x01
	ands r0, r2
	cmp r0, #0x00
	beq _080E4140
	ldr r2, [r1, #0x0C]
	ldr r0, [r3, #0x28]
	adds r0, r2, r0
	str r0, [r1, #0x0C]
	ldr r2, [r1, #0x10]
	ldr r0, [r1, #0x04]
	adds r0, r2, r0
	str r0, [r1, #0x10]
	ldr r2, [r1, #0x14]
	ldr r0, [r1, #0x08]
	adds r0, r2, r0
	str r0, [r1, #0x14]
	b _080E4146
_080E4140:
	str r0, [r3, #0x28]
	str r0, [r1, #0x08]
	str r0, [r1, #0x04]
_080E4146:
	adds r3, #0x50
	adds r4, #0x50
	ldr r1, [sp, #0x004]
	subs r1, #0x02
	str r1, [sp, #0x004]
	cmp r1, #0x00
	bne _080E40EA
_080E4154:
	movs r2, #0x00
	str r2, [sp, #0x004]
	ldr r0, [sp, #0x000]
	cmp r2, r0
	blt _080E4160
	b _080E42E8
_080E4160:
	ldr r1, _080E42F8 @ =0x0819832C
	ldr r0, _080E42FC @ =0x08198220
	subs r1, r1, r0
	str r1, [sp, #0x008]
	movs r1, #0x28
	adds r1, r1, r6
	mov r10, r1
	adds r5, r6, #0x0
	subs r5, #0x18
	subs r6, #0x28
	mov r9, r6
_080E4176:
	ldr r2, [sp, #0x004]
	cmp r2, #0x00
	ble _080E4222
	ldr r1, [r5, #0x00]
	ldr r0, [r5, #0x28]
	subs r6, r1, r0
	ldr r1, [r5, #0x04]
	ldr r0, [r5, #0x2C]
	subs r7, r1, r0
	ldr r1, [r5, #0x08]
	ldr r0, [r5, #0x30]
	subs r1, r1, r0
	mov r8, r1
	adds r1, r6, #0x0
	muls r1, r6
	adds r0, r7, #0x0
	muls r0, r7
	adds r1, r1, r0
	mov r2, r8
	mov r0, r8
	muls r0, r2
	adds r3, r1, r0
	movs r0, #0x18
	ldsh r4, [r5, r0]
	adds r0, r4, #0x0
	muls r0, r4
	cmp r0, r3
	bge _080E4222
	ldr r2, _080E4300 @ =0x03001038
	ldr r1, [r2, #0x00]
	adds r0, r3, #0x0
	bl _call_via_r1
	adds r3, r0, #0x0
	ldr r0, _080E4300 @ =0x03001038
	ldr r2, [r0, #0x00]
	ldr r1, [sp, #0x008]
	adds r2, r2, r1
	subs r0, r3, r4
	lsls r0, r0, #0x0C
	adds r1, r3, #0x0
	bl _call_via_r2
	adds r3, r0, #0x0
	adds r1, r6, #0x0
	muls r1, r3
	cmp r1, #0x00
	bge _080E41DA
	ldr r2, _080E4304 @ =0x0000FFFF
	adds r1, r1, r2
_080E41DA:
	asrs r6, r1, #0x10
	adds r0, r7, #0x0
	muls r0, r3
	cmp r0, #0x00
	bge _080E41E8
	ldr r1, _080E4304 @ =0x0000FFFF
	adds r0, r0, r1
_080E41E8:
	asrs r7, r0, #0x10
	mov r0, r8
	muls r0, r3
	cmp r0, #0x00
	bge _080E41F6
	ldr r2, _080E4304 @ =0x0000FFFF
	adds r0, r0, r2
_080E41F6:
	asrs r0, r0, #0x10
	mov r8, r0
	ldr r0, [r5, #0x1C]
	adds r0, r0, r6
	str r0, [r5, #0x1C]
	ldr r0, [r5, #0x20]
	adds r0, r0, r7
	str r0, [r5, #0x20]
	ldr r0, [r5, #0x24]
	add r0, r8
	str r0, [r5, #0x24]
	mov r1, r9
	ldr r0, [r1, #0x04]
	subs r0, r0, r6
	str r0, [r1, #0x04]
	ldr r0, [r1, #0x08]
	subs r0, r0, r7
	str r0, [r1, #0x08]
	ldr r0, [r1, #0x0C]
	mov r2, r8
	subs r0, r0, r2
	str r0, [r1, #0x0C]
_080E4222:
	ldr r0, [sp, #0x000]
	subs r0, #0x01
	ldr r1, [sp, #0x004]
	cmp r1, r0
	bge _080E42D2
	ldr r1, [r5, #0x50]
	ldr r0, [r5, #0x28]
	subs r6, r1, r0
	ldr r1, [r5, #0x54]
	ldr r0, [r5, #0x2C]
	subs r7, r1, r0
	ldr r1, [r5, #0x58]
	ldr r0, [r5, #0x30]
	subs r1, r1, r0
	mov r8, r1
	adds r1, r6, #0x0
	muls r1, r6
	adds r0, r7, #0x0
	muls r0, r7
	adds r1, r1, r0
	mov r2, r8
	mov r0, r8
	muls r0, r2
	adds r3, r1, r0
	movs r0, #0x18
	ldsh r4, [r5, r0]
	adds r0, r4, #0x0
	muls r0, r4
	cmp r0, r3
	bge _080E42D2
	ldr r2, _080E4300 @ =0x03001038
	ldr r1, [r2, #0x00]
	adds r0, r3, #0x0
	bl _call_via_r1
	adds r3, r0, #0x0
	ldr r0, _080E4300 @ =0x03001038
	ldr r2, [r0, #0x00]
	ldr r1, [sp, #0x008]
	adds r2, r2, r1
	subs r0, r3, r4
	lsls r0, r0, #0x0C
	adds r1, r3, #0x0
	bl _call_via_r2
	adds r3, r0, #0x0
	adds r1, r6, #0x0
	muls r1, r3
	cmp r1, #0x00
	bge _080E428A
	ldr r2, _080E4304 @ =0x0000FFFF
	adds r1, r1, r2
_080E428A:
	asrs r6, r1, #0x10
	adds r0, r7, #0x0
	muls r0, r3
	cmp r0, #0x00
	bge _080E4298
	ldr r1, _080E4304 @ =0x0000FFFF
	adds r0, r0, r1
_080E4298:
	asrs r7, r0, #0x10
	mov r0, r8
	muls r0, r3
	cmp r0, #0x00
	bge _080E42A6
	ldr r2, _080E4304 @ =0x0000FFFF
	adds r0, r0, r2
_080E42A6:
	asrs r0, r0, #0x10
	mov r8, r0
	ldr r0, [r5, #0x1C]
	adds r0, r0, r6
	str r0, [r5, #0x1C]
	ldr r0, [r5, #0x20]
	adds r0, r0, r7
	str r0, [r5, #0x20]
	ldr r0, [r5, #0x24]
	add r0, r8
	str r0, [r5, #0x24]
	mov r1, r10
	ldr r0, [r1, #0x04]
	subs r0, r0, r6
	str r0, [r1, #0x04]
	ldr r0, [r1, #0x08]
	subs r0, r0, r7
	str r0, [r1, #0x08]
	ldr r0, [r1, #0x0C]
	mov r2, r8
	subs r0, r0, r2
	str r0, [r1, #0x0C]
_080E42D2:
	movs r0, #0x28
	add r10, r0
	adds r5, #0x28
	add r9, r0
	ldr r1, [sp, #0x004]
	adds r1, #0x01
	str r1, [sp, #0x004]
	ldr r2, [sp, #0x000]
	cmp r1, r2
	bge _080E42E8
	b _080E4176
_080E42E8:
	add sp, #0x00C
	pop {r3, r4, r5}
	mov r8, r3
	mov r9, r4
	mov r10, r5
	pop {r4, r5, r6, r7}
	pop {r0}
	bx r0
_080E42F8: .4byte 0x0819832C
_080E42FC: .4byte 0x08198220
_080E4300: .4byte 0x03001038
_080E4304: .4byte 0x0000FFFF
	.byte 0xF0, 0xB5, 0x57, 0x46, 0x4E, 0x46, 0x45, 0x46, 0xE0, 0xB4, 0xA8, 0xB0, 0x21, 0x90, 0x22, 0x91
	.byte 0x92, 0x46, 0x23, 0x93, 0x00, 0x25, 0x00, 0x23, 0x0D, 0x48, 0x84, 0x46, 0x69, 0x46, 0x80, 0x31
	.byte 0x27, 0x91, 0x23, 0x9A, 0x95, 0x42, 0x48, 0xDA, 0xE8, 0x46, 0x6F, 0x46, 0x18, 0x01, 0x52, 0x46
	.byte 0x81, 0x18, 0x0C, 0x68, 0x29, 0x1C, 0x00, 0x25, 0x02, 0x1C, 0x01, 0x33, 0x99, 0x46, 0x88, 0x00
	.byte 0x43, 0x46, 0xC6, 0x18, 0x8D, 0x42, 0x05, 0xD1, 0x34, 0x60, 0x4D, 0x1C, 0x09, 0xE0, 0x00, 0x00
	.byte 0x0C, 0x01, 0x20, 0x08, 0x18, 0x68, 0xA0, 0x42, 0x02, 0xD0, 0x04, 0x33, 0x01, 0x35, 0xF1, 0xE7
	.byte 0x0D, 0x1C, 0x51, 0x46, 0x50, 0x18, 0x44, 0x68, 0x29, 0x1C, 0x00, 0x25, 0x88, 0x00, 0xC6, 0x19
	.byte 0x3B, 0x1C, 0x8D, 0x42, 0x02, 0xD1, 0x34, 0x60, 0x4D, 0x1C, 0x06, 0xE0, 0x18, 0x68, 0xA0, 0x42
	.byte 0x02, 0xD0, 0x04, 0x33, 0x01, 0x35, 0xF4, 0xE7, 0x0D, 0x1C, 0x53, 0x46, 0xD0, 0x18, 0x84, 0x68
	.byte 0x29, 0x1C, 0x00, 0x25, 0x88, 0x00, 0xC6, 0x19, 0x3B, 0x1C, 0x8D, 0x42, 0x02, 0xD1, 0x34, 0x60
	.byte 0x4D, 0x1C, 0x06, 0xE0, 0x18, 0x68, 0xA0, 0x42, 0x02, 0xD0, 0x04, 0x33, 0x01, 0x35, 0xF4, 0xE7
	.byte 0x0D, 0x1C, 0x4B, 0x46, 0x23, 0x98, 0x83, 0x42, 0xB8, 0xDB, 0x2C, 0x01, 0x23, 0x9A, 0x91, 0x00
	.byte 0x89, 0x18, 0x89, 0x00, 0x24, 0x31, 0x61, 0x18, 0x01, 0x20, 0x62, 0x46, 0x34, 0xF7, 0x8A, 0xFC
	.byte 0x07, 0x1C, 0x00, 0x23, 0x23, 0xA8, 0x00, 0x78, 0x38, 0x70, 0x0B, 0x49, 0x29, 0x40, 0x09, 0x02
	.byte 0x38, 0x68, 0x0A, 0x4A, 0x10, 0x40, 0x08, 0x43, 0x38, 0x60, 0x22, 0x99, 0xB9, 0x60, 0xFB, 0x60
	.byte 0x3B, 0x61, 0x7B, 0x61, 0xBB, 0x61, 0xFB, 0x61, 0x3B, 0x62, 0x21, 0x9A, 0x00, 0x2A, 0x07, 0xD0
	.byte 0x50, 0x68, 0x78, 0x60, 0x57, 0x60, 0x05, 0xE0, 0xFF, 0x03, 0x00, 0x00, 0xFF, 0x00, 0xFC, 0xFF
	.byte 0x21, 0x9B, 0x7B, 0x60, 0x24, 0x20, 0xC0, 0x19, 0x81, 0x46, 0x31, 0x49, 0x8C, 0x46, 0x00, 0x2D
	.byte 0x28, 0xDD, 0x69, 0x46, 0x4A, 0x46, 0x2E, 0x1C, 0x73, 0x42, 0x03, 0x20, 0x03, 0x40, 0x00, 0x2B
	.byte 0x13, 0xD0, 0x03, 0x2B, 0x0B, 0xDA, 0x02, 0x2B, 0x05, 0xDA, 0x00, 0x98, 0x78, 0x62, 0x01, 0xA9
	.byte 0x3A, 0x1C, 0x34, 0x32, 0x01, 0x3E, 0x01, 0xC9, 0x10, 0x60, 0x10, 0x32, 0x01, 0x3E, 0x01, 0xC9
	.byte 0x10, 0x60, 0x10, 0x32, 0x01, 0x3E, 0x00, 0x2E, 0x0C, 0xD0, 0x08, 0x68, 0x10, 0x60, 0x48, 0x68
	.byte 0x10, 0x61, 0x88, 0x68, 0x10, 0x62, 0xC8, 0x68, 0x10, 0x63, 0x10, 0x31, 0x40, 0x32, 0x04, 0x3E
	.byte 0x00, 0x2E, 0xF2, 0xD1, 0x4C, 0x44, 0xA0, 0x46, 0x27, 0x98, 0x61, 0x46, 0x04, 0x22, 0xF8, 0xF0
	.byte 0x57, 0xFC, 0x00, 0x26, 0x23, 0x9A, 0x96, 0x42, 0x5B, 0xDA, 0x27, 0x9B, 0x24, 0x93, 0x6D, 0x46
	.byte 0x25, 0x95, 0x68, 0x46, 0x26, 0x90, 0x31, 0x01, 0x8C, 0x46, 0x63, 0x46, 0x53, 0x44, 0xDA, 0x68
	.byte 0xB4, 0x00, 0xA1, 0x19, 0x89, 0x00, 0x41, 0x44, 0x50, 0x7A, 0x80, 0x07, 0x80, 0x0F, 0x24, 0x9D
	.byte 0x28, 0x18, 0x00, 0x78, 0x08, 0x70, 0x50, 0x7A, 0x80, 0x07, 0x80, 0x0F, 0x48, 0x70, 0x10, 0x68
	.byte 0x48, 0x80, 0x50, 0x68, 0x48, 0x60, 0x1B, 0x68, 0x00, 0x21, 0x65, 0x46, 0x70, 0x1C, 0x84, 0x46
	.byte 0x25, 0x9A, 0x10, 0x68, 0x98, 0x42, 0x05, 0xD0, 0x04, 0x32, 0x01, 0x31, 0xF9, 0xE7, 0x00, 0x00
	.byte 0x11, 0x01, 0x20, 0x08, 0xA0, 0x19, 0x80, 0x00, 0x40, 0x44, 0x09, 0x01, 0x49, 0x44, 0x04, 0x31
	.byte 0x81, 0x60, 0x51, 0x46, 0x68, 0x18, 0x43, 0x68, 0x00, 0x21, 0x26, 0x9A, 0x10, 0x68, 0x98, 0x42
	.byte 0x02, 0xD0, 0x04, 0x32, 0x01, 0x31, 0xF9, 0xE7, 0xA0, 0x19, 0x80, 0x00, 0x40, 0x44, 0x09, 0x01
	.byte 0x49, 0x44, 0x04, 0x31, 0xC1, 0x60, 0x52, 0x46, 0xA8, 0x18, 0x85, 0x68, 0x00, 0x22, 0x26, 0x99
	.byte 0x08, 0x68, 0xA8, 0x42, 0x02, 0xD0, 0x04, 0x31, 0x01, 0x32, 0xF9, 0xE7, 0xA1, 0x19, 0x89, 0x00
	.byte 0x41, 0x44, 0x10, 0x01, 0x48, 0x44, 0x04, 0x30, 0x08, 0x61, 0x66, 0x46, 0x23, 0x9B, 0x9E, 0x42
	.byte 0xA9, 0xDB, 0x38, 0x1C, 0x28, 0xB0, 0x38, 0xBC, 0x98, 0x46, 0xA1, 0x46, 0xAA, 0x46, 0xF0, 0xBC
	.byte 0x02, 0xBC, 0x08, 0x47, 0xF0, 0xB5, 0x57, 0x46, 0x4E, 0x46, 0x45, 0x46, 0xE0, 0xB4, 0x8F, 0xB0
	.byte 0x03, 0x90, 0x04, 0x91, 0x05, 0x92, 0x03, 0x48, 0x00, 0x68, 0x00, 0x28, 0x04, 0xD1, 0x08, 0x1C
	.byte 0x03, 0xE3, 0x00, 0x00, 0x90, 0x0F, 0x00, 0x03, 0x03, 0x98, 0x00, 0x28, 0x00, 0xD1, 0xFB, 0xE2
	.byte 0x03, 0x99, 0xC8, 0x68, 0x00, 0x90, 0x08, 0x69, 0x01, 0x90, 0x48, 0x69, 0x02, 0x90, 0x8F, 0x68
	.byte 0x00, 0x2F, 0x00, 0xD1, 0xBA, 0xE0, 0xC8, 0x4A, 0x90, 0x46, 0xC8, 0x4E, 0xB8, 0x69, 0x00, 0x28
	.byte 0x00, 0xDA, 0xFF, 0x30, 0x00, 0x12, 0x00, 0x06, 0x00, 0x0E, 0x00, 0x28, 0x2E, 0xD0, 0x01, 0x9D
	.byte 0x41, 0x00, 0x44, 0x46, 0x0B, 0x19, 0x00, 0x22, 0x98, 0x5E, 0x00, 0x28, 0x00, 0xDA, 0x3F, 0x30
	.byte 0x80, 0x11, 0x2C, 0x1C, 0x44, 0x43, 0x8A, 0x19, 0x00, 0x21, 0x50, 0x5E, 0x00, 0x28, 0x00, 0xDA
	.byte 0x3F, 0x30, 0x80, 0x11, 0x02, 0x99, 0x48, 0x43, 0x20, 0x1A, 0x00, 0x28, 0x00, 0xDA, 0xFF, 0x30
	.byte 0x00, 0x12, 0x01, 0x90, 0x00, 0x24, 0x18, 0x5F, 0x00, 0x28, 0x00, 0xDA, 0x3F, 0x30, 0x80, 0x11
	.byte 0x41, 0x43, 0x00, 0x23, 0xD0, 0x5E, 0x00, 0x28, 0x00, 0xDA, 0x3F, 0x30, 0x80, 0x11, 0x68, 0x43
	.byte 0x08, 0x18, 0x00, 0x28, 0x00, 0xDA, 0xFF, 0x30, 0x00, 0x12, 0x02, 0x90, 0xF8, 0x69, 0x00, 0x28
	.byte 0x00, 0xDA, 0xFF, 0x30, 0x00, 0x12, 0x00, 0x06, 0x00, 0x0E, 0x00, 0x28, 0x2E, 0xD0, 0x02, 0x9D
	.byte 0x41, 0x00, 0x44, 0x46, 0x0B, 0x19, 0x00, 0x22, 0x98, 0x5E, 0x00, 0x28, 0x00, 0xDA, 0x3F, 0x30
	.byte 0x80, 0x11, 0x2C, 0x1C, 0x44, 0x43, 0x8A, 0x19, 0x00, 0x21, 0x50, 0x5E, 0x00, 0x28, 0x00, 0xDA
	.byte 0x3F, 0x30, 0x80, 0x11, 0x00, 0x99, 0x48, 0x43, 0x20, 0x1A, 0x00, 0x28, 0x00, 0xDA, 0xFF, 0x30
	.byte 0x00, 0x12, 0x02, 0x90, 0x00, 0x24, 0x18, 0x5F, 0x00, 0x28, 0x00, 0xDA, 0x3F, 0x30, 0x80, 0x11
	.byte 0x41, 0x43, 0x00, 0x23, 0xD0, 0x5E, 0x00, 0x28, 0x00, 0xDA, 0x3F, 0x30, 0x80, 0x11, 0x68, 0x43
	.byte 0x08, 0x18, 0x00, 0x28, 0x00, 0xDA, 0xFF, 0x30, 0x00, 0x12, 0x00, 0x90, 0x38, 0x6A, 0x00, 0x28
	.byte 0x00, 0xDA, 0xFF, 0x30, 0x00, 0x12, 0x00, 0x06, 0x00, 0x0E, 0x00, 0x28, 0x2E, 0xD0, 0x00, 0x9D
	.byte 0x41, 0x00, 0x44, 0x46, 0x0B, 0x19, 0x00, 0x22, 0x98, 0x5E, 0x00, 0x28, 0x00, 0xDA, 0x3F, 0x30
	.byte 0x80, 0x11, 0x2C, 0x1C, 0x44, 0x43, 0x8A, 0x19, 0x00, 0x21, 0x50, 0x5E, 0x00, 0x28, 0x00, 0xDA
	.byte 0x3F, 0x30, 0x80, 0x11, 0x01, 0x99, 0x48, 0x43, 0x20, 0x1A, 0x00, 0x28, 0x00, 0xDA, 0xFF, 0x30
	.byte 0x00, 0x12, 0x00, 0x90, 0x00, 0x24, 0x18, 0x5F, 0x00, 0x28, 0x00, 0xDA, 0x3F, 0x30, 0x80, 0x11
	.byte 0x41, 0x43, 0x00, 0x23, 0xD0, 0x5E, 0x00, 0x28, 0x00, 0xDA, 0x3F, 0x30, 0x80, 0x11, 0x68, 0x43
	.byte 0x08, 0x18, 0x00, 0x28, 0x00, 0xDA, 0xFF, 0x30, 0x00, 0x12, 0x01, 0x90, 0x00, 0x98, 0xF9, 0x68
	.byte 0x40, 0x18, 0x00, 0x90, 0x01, 0x98, 0x39, 0x69, 0x40, 0x18, 0x01, 0x90, 0x02, 0x98, 0x79, 0x69
	.byte 0x40, 0x18, 0x02, 0x90, 0xBF, 0x68, 0x00, 0x2F, 0x00, 0xD0, 0x47, 0xE7, 0x02, 0x99, 0x6C, 0x48
	.byte 0x81, 0x42, 0x00, 0xDC, 0x2A, 0xE2, 0x80, 0x20, 0x40, 0x03, 0x81, 0x42, 0x00, 0xDD, 0x25, 0xE2
	.byte 0x03, 0x9C, 0x24, 0x34, 0xA2, 0x46, 0x03, 0x9D, 0x28, 0x68, 0x80, 0x03, 0x80, 0x0D, 0x06, 0x90
	.byte 0x06, 0x1C, 0x01, 0x3E, 0x06, 0x96, 0x00, 0x28, 0x00, 0xDC, 0xCB, 0xE0, 0x5E, 0x48, 0x81, 0x46
	.byte 0x5E, 0x49, 0x88, 0x46, 0x06, 0x9A, 0x10, 0x01, 0x54, 0x46, 0x23, 0x18, 0x19, 0x1C, 0x01, 0xC9
	.byte 0x64, 0xC8, 0x64, 0xC1, 0x03, 0x9F, 0x06, 0x9C, 0x01, 0x3C, 0xA4, 0x46, 0xB8, 0x69, 0x00, 0x28
	.byte 0x00, 0xDA, 0xFF, 0x30, 0x00, 0x12, 0x00, 0x06, 0x00, 0x0E, 0x00, 0x28, 0x2F, 0xD0, 0x9E, 0x68
	.byte 0x41, 0x00, 0x48, 0x46, 0x0D, 0x18, 0x00, 0x22, 0xA8, 0x5E, 0x00, 0x28, 0x00, 0xDA, 0x3F, 0x30
	.byte 0x80, 0x11, 0x32, 0x1C, 0x42, 0x43, 0x40, 0x46, 0x0C, 0x18, 0x00, 0x21, 0x60, 0x5E, 0x00, 0x28
	.byte 0x00, 0xDA, 0x3F, 0x30, 0x80, 0x11, 0xD9, 0x68, 0x48, 0x43, 0x10, 0x1A, 0x00, 0x28, 0x00, 0xDA
	.byte 0xFF, 0x30, 0x00, 0x12, 0x98, 0x60, 0x00, 0x22, 0xA8, 0x5E, 0x00, 0x28, 0x00, 0xDA, 0x3F, 0x30
	.byte 0x80, 0x11, 0x41, 0x43, 0x00, 0x25, 0x60, 0x5F, 0x00, 0x28, 0x00, 0xDA, 0x3F, 0x30, 0x80, 0x11
	.byte 0x70, 0x43, 0x08, 0x18, 0x00, 0x28, 0x00, 0xDA, 0xFF, 0x30, 0x00, 0x12, 0xD8, 0x60, 0xF8, 0x69
	.byte 0x00, 0x28, 0x00, 0xDA, 0xFF, 0x30, 0x00, 0x12, 0x00, 0x06, 0x00, 0x0E, 0x00, 0x28, 0x2F, 0xD0
	.byte 0xDE, 0x68, 0x41, 0x00, 0x48, 0x46, 0x0D, 0x18, 0x00, 0x22, 0xA8, 0x5E, 0x00, 0x28, 0x00, 0xDA
	.byte 0x3F, 0x30, 0x80, 0x11, 0x32, 0x1C, 0x42, 0x43, 0x40, 0x46, 0x0C, 0x18, 0x00, 0x21, 0x60, 0x5E
	.byte 0x00, 0x28, 0x00, 0xDA, 0x3F, 0x30, 0x80, 0x11, 0x59, 0x68, 0x48, 0x43, 0x10, 0x1A, 0x00, 0x28
	.byte 0x00, 0xDA, 0xFF, 0x30, 0x00, 0x12, 0xD8, 0x60, 0x00, 0x22, 0xA8, 0x5E, 0x00, 0x28, 0x00, 0xDA
	.byte 0x3F, 0x30, 0x80, 0x11, 0x41, 0x43, 0x00, 0x25, 0x60, 0x5F, 0x00, 0x28, 0x00, 0xDA, 0x3F, 0x30
	.byte 0x80, 0x11, 0x70, 0x43, 0x08, 0x18, 0x00, 0x28, 0x00, 0xDA, 0xFF, 0x30, 0x00, 0x12, 0x58, 0x60
	.byte 0x38, 0x6A, 0x00, 0x28, 0x00, 0xDA, 0xFF, 0x30, 0x00, 0x12, 0x00, 0x06, 0x00, 0x0E, 0x00, 0x28
	.byte 0x2F, 0xD0, 0x5E, 0x68, 0x41, 0x00, 0x48, 0x46, 0x0D, 0x18, 0x00, 0x22, 0xA8, 0x5E, 0x00, 0x28
	.byte 0x00, 0xDA, 0x3F, 0x30, 0x80, 0x11, 0x32, 0x1C, 0x42, 0x43, 0x40, 0x46, 0x0C, 0x18, 0x00, 0x21
	.byte 0x60, 0x5E, 0x00, 0x28, 0x00, 0xDA, 0x3F, 0x30, 0x80, 0x11, 0x99, 0x68, 0x48, 0x43, 0x10, 0x1A
	.byte 0x00, 0x28, 0x00, 0xDA, 0xFF, 0x30, 0x00, 0x12, 0x58, 0x60, 0x00, 0x22, 0xA8, 0x5E, 0x00, 0x28
	.byte 0x00, 0xDA, 0x3F, 0x30, 0x80, 0x11, 0x41, 0x43, 0x00, 0x25, 0x60, 0x5F, 0x00, 0x28, 0x00, 0xDA
	.byte 0x3F, 0x30, 0x80, 0x11, 0x70, 0x43, 0x08, 0x18, 0x00, 0x28, 0x00, 0xDA, 0xFF, 0x30, 0x00, 0x12
	.byte 0x98, 0x60, 0xBF, 0x68, 0x00, 0x2F, 0x05, 0xE0, 0x84, 0x85, 0x19, 0x08, 0x04, 0x85, 0x19, 0x08
	.byte 0xFF, 0x7F, 0x00, 0x00, 0x00, 0xD0, 0x49, 0xE7, 0x06, 0x98, 0x66, 0x46, 0x06, 0x96, 0x00, 0x28
	.byte 0x00, 0xDD, 0x37, 0xE7, 0x03, 0x98, 0x00, 0x78, 0x00, 0x06, 0x00, 0x16, 0x06, 0x90, 0x02, 0x1C
	.byte 0x03, 0x9B, 0x19, 0x68, 0x89, 0x03, 0x89, 0x0D, 0x09, 0x01, 0x51, 0x44, 0x80, 0x00, 0x80, 0x18
	.byte 0x80, 0x00, 0x09, 0x18, 0x89, 0x46, 0x14, 0x1C, 0x01, 0x3C, 0x06, 0x94, 0x00, 0x2A, 0x00, 0xDC
	.byte 0x34, 0xE1, 0x14, 0x25, 0x6D, 0x42, 0xA9, 0x44, 0x4E, 0x46, 0xB6, 0x68, 0x07, 0x96, 0x48, 0x46
	.byte 0xC0, 0x68, 0x08, 0x90, 0x49, 0x46, 0x09, 0x69, 0x09, 0x91, 0x35, 0x68, 0x76, 0x68, 0x03, 0x68
	.byte 0x47, 0x68, 0x0A, 0x68, 0x4C, 0x68, 0x58, 0x1B, 0xC1, 0x0F, 0x40, 0x18, 0x40, 0x10, 0x0A, 0x90
	.byte 0xB8, 0x1B, 0xC1, 0x0F, 0x40, 0x18, 0x40, 0x10, 0x0B, 0x90, 0x50, 0x1B, 0xC1, 0x0F, 0x40, 0x18
	.byte 0x40, 0x10, 0x0C, 0x90, 0xA0, 0x1B, 0xC1, 0x0F, 0x40, 0x18, 0x40, 0x10, 0x80, 0x46, 0x0A, 0x9D
	.byte 0x41, 0x46, 0x69, 0x43, 0x0B, 0x9E, 0x0C, 0x9D, 0x30, 0x1C, 0x68, 0x43, 0x08, 0x1A, 0x00, 0x28
	.byte 0x00, 0xDA, 0xFF, 0x30, 0x00, 0x12, 0x40, 0x01, 0x82, 0x46, 0x00, 0x28, 0x00, 0xDC, 0xF6, 0xE0
	.byte 0x98, 0x18, 0xC1, 0x0F, 0x40, 0x18, 0x40, 0x10, 0x4E, 0x46, 0x32, 0x78, 0x12, 0x02, 0x85, 0x1A
	.byte 0x38, 0x19, 0xC1, 0x0F, 0x40, 0x18, 0x40, 0x10, 0x86, 0x1A, 0x51, 0x49, 0x51, 0x48, 0x0B, 0x1A
	.byte 0x51, 0x48, 0x02, 0x68, 0xD2, 0x18, 0x00, 0x98, 0x28, 0x18, 0x50, 0x49, 0x40, 0x18, 0x00, 0x02
	.byte 0x02, 0x99, 0x0E, 0x93, 0xF6, 0xF0, 0x60, 0xF8, 0x05, 0x1C, 0x78, 0x35, 0x4A, 0x4C, 0x22, 0x68
	.byte 0x0E, 0x9B, 0xD2, 0x18, 0x01, 0x98, 0x30, 0x18, 0x49, 0x4E, 0x80, 0x19, 0x00, 0x02, 0x02, 0x99
	.byte 0xF6, 0xF0, 0x52, 0xF8, 0x06, 0x1C, 0x50, 0x36, 0x20, 0x20, 0x40, 0x42, 0x0E, 0x9B, 0x85, 0x42
	.byte 0x00, 0xDA, 0xC4, 0xE0, 0x86, 0x42, 0x00, 0xDA, 0xC1, 0xE0, 0x88, 0x20, 0x40, 0x00, 0x85, 0x42
	.byte 0x00, 0xDD, 0xBC, 0xE0, 0xC0, 0x2E, 0x00, 0xDD, 0xB9, 0xE0, 0x48, 0x46, 0x01, 0x78, 0x02, 0x98
	.byte 0x48, 0x43, 0x00, 0x28, 0x00, 0xDA, 0x0F, 0x30, 0x07, 0x11, 0x37, 0x49, 0x0A, 0x68, 0xD2, 0x18
	.byte 0x40, 0x46, 0x78, 0x43, 0x51, 0x46, 0x0E, 0x93, 0xF6, 0xF0, 0x2E, 0xF8, 0x0D, 0x90, 0x0E, 0x9B
	.byte 0x34, 0x4A, 0x90, 0x42, 0x00, 0xDD, 0xA2, 0xE0, 0x33, 0x4C, 0xA0, 0x42, 0x00, 0xDA, 0x9E, 0xE0
	.byte 0x2D, 0x48, 0x02, 0x68, 0xD2, 0x18, 0x0C, 0x99, 0x48, 0x42, 0x78, 0x43, 0x51, 0x46, 0xF6, 0xF0
	.byte 0x1B, 0xF8, 0x80, 0x46, 0x0E, 0x9B, 0x2B, 0x4A, 0x90, 0x45, 0x00, 0xDD, 0x8F, 0xE0, 0xA0, 0x45
	.byte 0x00, 0xDA, 0x8C, 0xE0, 0x24, 0x4C, 0x22, 0x68, 0xD2, 0x18, 0x0B, 0x99, 0x48, 0x42, 0x78, 0x43
	.byte 0x51, 0x46, 0xF6, 0xF0, 0x09, 0xF8, 0x04, 0x1C, 0x0E, 0x9B, 0x22, 0x4A, 0x94, 0x42, 0x00, 0xDD
	.byte 0x7D, 0xE0, 0x21, 0x48, 0x84, 0x42, 0x7A, 0xDB, 0x1B, 0x49, 0x0A, 0x68, 0xD2, 0x18, 0x0A, 0x9B
	.byte 0x18, 0x1C, 0x78, 0x43, 0x51, 0x46, 0xF5, 0xF0, 0xF7, 0xFF, 0x02, 0x1C, 0x19, 0x48, 0x82, 0x42
	.byte 0x6D, 0xDC, 0x19, 0x49, 0x8A, 0x42, 0x6A, 0xDB, 0x18, 0x4B, 0x19, 0x49, 0x58, 0x18, 0x00, 0x78
	.byte 0x00, 0x07, 0xC0, 0x0F, 0x80, 0x02, 0x05, 0x9B, 0x59, 0x01, 0x16, 0x4B, 0xC9, 0x18, 0x40, 0x18
	.byte 0xC1, 0x88, 0x69, 0x46, 0x89, 0x8E, 0xC1, 0x80, 0xC1, 0x89, 0x43, 0x46, 0xC3, 0x81, 0xC1, 0x8A
	.byte 0xC4, 0x82, 0xC1, 0x8B, 0xC2, 0x83, 0x03, 0x9C, 0xA1, 0x78, 0x04, 0x20, 0x08, 0x40, 0x00, 0x28
	.byte 0x1A, 0xD0, 0x48, 0x46, 0x44, 0x68, 0x00, 0xF0, 0x89, 0xF8, 0x01, 0x1C, 0x20, 0x1C, 0x16, 0xE0
	.byte 0x2C, 0x83, 0x19, 0x08, 0x20, 0x82, 0x19, 0x08, 0x38, 0x10, 0x00, 0x03, 0x00, 0x88, 0xFF, 0xFF
	.byte 0x00, 0xB0, 0xFF, 0xFF, 0xFF, 0x7F, 0x00, 0x00, 0x01, 0x80, 0xFF, 0xFF, 0x4C, 0x03, 0x00, 0x03
	.byte 0x88, 0x08, 0x00, 0x00, 0xCC, 0x03, 0x00, 0x03, 0x49, 0x46, 0x48, 0x68, 0x00, 0x21, 0x00, 0xF0
	.byte 0x25, 0xF9, 0x01, 0x1C, 0xFF, 0x20, 0x06, 0x40, 0xC0, 0x22, 0x92, 0x00, 0x10, 0x1C, 0x06, 0x43
	.byte 0x04, 0x9B, 0x1E, 0x80, 0x1D, 0x4C, 0x20, 0x1C, 0x05, 0x40, 0x4E, 0x46, 0x70, 0x78, 0x80, 0x03
	.byte 0x05, 0x43, 0x05, 0x9A, 0x50, 0x02, 0x05, 0x43, 0x5D, 0x80, 0x01, 0x32, 0x05, 0x92, 0x08, 0x03
	.byte 0x71, 0x88, 0x08, 0x43, 0x98, 0x80, 0x07, 0x9B, 0x99, 0x68, 0x08, 0x9C, 0xA0, 0x68, 0x09, 0x18
	.byte 0x09, 0x9D, 0xA8, 0x68, 0x09, 0x18, 0xC8, 0x0F, 0x09, 0x18, 0x49, 0x10, 0x02, 0x98, 0x40, 0x18
	.byte 0x00, 0x12, 0x04, 0x9E, 0xB0, 0x60, 0x00, 0x20, 0xF0, 0x80, 0x31, 0x69, 0x04, 0x91, 0x06, 0x98
	.byte 0x02, 0x1C, 0x01, 0x3A, 0x06, 0x92, 0x00, 0x28, 0x00, 0xDD, 0xCA, 0xE6, 0x03, 0x9B, 0x5B, 0x68
	.byte 0x03, 0x93, 0x00, 0x2B, 0x00, 0xD0, 0x03, 0xE5, 0x04, 0x98, 0x0F, 0xB0, 0x38, 0xBC, 0x98, 0x46
	.byte 0xA1, 0x46, 0xAA, 0x46, 0xF0, 0xBC, 0x02, 0xBC, 0x08, 0x47, 0x00, 0x00, 0xFF, 0x01, 0x00, 0x00
	.byte 0x30, 0xB5, 0x0F, 0x4C, 0x25, 0x68, 0x00, 0x2D, 0x16, 0xD1, 0x0E, 0x4A, 0x01, 0x20, 0x60, 0x21
	.byte 0x34, 0xF7, 0xA0, 0xF8, 0x01, 0x1C, 0x21, 0x60, 0x0B, 0x48, 0x03, 0x68, 0x00, 0x20, 0x60, 0x22
	.byte 0xF5, 0xF0, 0x5C, 0xFF, 0x21, 0x68, 0xF0, 0x20, 0x88, 0x70, 0x20, 0x68, 0x10, 0x21, 0xC1, 0x70
	.byte 0x20, 0x68, 0x05, 0x70, 0x20, 0x68, 0x41, 0x70, 0x20, 0x68, 0x30, 0xBC, 0x02, 0xBC, 0x08, 0x47
	.byte 0x90, 0x0F, 0x00, 0x03, 0x18, 0x01, 0x20, 0x08, 0x34, 0x10, 0x00, 0x03
	thumb_func_start sub_80E4BE4
sub_80E4BE4:
	push {r4, r5, r6, r7, lr}
	mov r7, r10
	mov r6, r9
	mov r5, r8
	push {r5, r6, r7}
	ldr r2, [r0, #0x08]
	ldr r1, [r0, #0x0C]
	ldr r3, [r0, #0x10]
	ldr r0, [r1, #0x00]
	ldr r5, [r2, #0x00]
	subs r0, r0, r5
	cmp r0, #0x00
	bge _080E4C00
	adds r0, #0x7F
_080E4C00:
	asrs r0, r0, #0x07
	mov r8, r0
	ldr r0, [r1, #0x04]
	ldr r4, [r2, #0x04]
	subs r0, r0, r4
	cmp r0, #0x00
	bge _080E4C10
	adds r0, #0x7F
_080E4C10:
	asrs r7, r0, #0x07
	ldr r0, [r1, #0x08]
	ldr r2, [r2, #0x08]
	subs r0, r0, r2
	cmp r0, #0x00
	bge _080E4C1E
	adds r0, #0x7F
_080E4C1E:
	asrs r6, r0, #0x07
	ldr r0, [r3, #0x00]
	subs r0, r0, r5
	cmp r0, #0x00
	bge _080E4C2A
	adds r0, #0x7F
_080E4C2A:
	asrs r5, r0, #0x07
	ldr r0, [r3, #0x04]
	subs r0, r0, r4
	cmp r0, #0x00
	bge _080E4C36
	adds r0, #0x7F
_080E4C36:
	asrs r4, r0, #0x07
	ldr r0, [r3, #0x08]
	subs r0, r0, r2
	cmp r0, #0x00
	bge _080E4C42
	adds r0, #0x7F
_080E4C42:
	asrs r2, r0, #0x07
	adds r0, r7, #0x0
	muls r0, r2
	adds r1, r4, #0x0
	muls r1, r6
	subs r0, r0, r1
	lsrs r1, r0, #0x1F
	adds r0, r0, r1
	asrs r0, r0, #0x01
	mov r10, r0
	adds r0, r6, #0x0
	muls r0, r5
	mov r1, r8
	muls r1, r2
	subs r0, r0, r1
	lsrs r1, r0, #0x1F
	adds r0, r0, r1
	asrs r0, r0, #0x01
	mov r9, r0
	mov r0, r8
	muls r0, r4
	adds r1, r5, #0x0
	muls r1, r7
	subs r0, r0, r1
	lsrs r1, r0, #0x1F
	adds r0, r0, r1
	asrs r0, r0, #0x01
	mov r8, r0
	ldr r0, _080E4D40 @ =0x03000F90
	ldr r2, [r0, #0x00]
	ldr r1, [r2, #0x04]
	movs r0, #0xF0
	lsls r0, r0, #0x07
	subs r0, r0, r1
	cmp r0, #0x00
	bge _080E4C8C
	adds r0, #0x7F
_080E4C8C:
	asrs r7, r0, #0x07
	ldr r1, [r2, #0x08]
	movs r0, #0xA0
	lsls r0, r0, #0x07
	subs r0, r0, r1
	cmp r0, #0x00
	bge _080E4C9C
	adds r0, #0x7F
_080E4C9C:
	asrs r6, r0, #0x07
	ldr r0, [r2, #0x0C]
	negs r0, r0
	cmp r0, #0x00
	bge _080E4CA8
	adds r0, #0x7F
_080E4CA8:
	asrs r5, r0, #0x07
	mov r1, r10
	mov r0, r10
	muls r0, r1
	mov r2, r9
	mov r1, r9
	muls r1, r2
	adds r0, r0, r1
	mov r3, r8
	mov r1, r8
	muls r1, r3
	adds r0, r0, r1
	cmp r0, #0x00
	bge _080E4CC6
	adds r0, #0xFF
_080E4CC6:
	asrs r3, r0, #0x08
	adds r0, r7, #0x0
	muls r0, r7
	adds r1, r6, #0x0
	muls r1, r6
	adds r0, r0, r1
	adds r1, r5, #0x0
	muls r1, r5
	adds r0, r0, r1
	cmp r0, #0x00
	bge _080E4CDE
	adds r0, #0xFF
_080E4CDE:
	asrs r0, r0, #0x08
	muls r3, r0
	ldr r4, _080E4D44 @ =0x03001038
	ldr r1, [r4, #0x00]
	adds r0, r3, #0x0
	bl _call_via_r1
	adds r3, r0, #0x0
	mov r0, r10
	muls r0, r7
	mov r1, r9
	muls r1, r6
	adds r0, r0, r1
	mov r1, r8
	muls r1, r5
	adds r0, r0, r1
	ldr r1, _080E4D48 @ =0x0819832C
	ldr r2, _080E4D4C @ =0x08198220
	subs r1, r1, r2
	ldr r2, [r4, #0x00]
	adds r2, r2, r1
	adds r1, r3, #0x0
	bl _call_via_r2
	ldr r2, _080E4D40 @ =0x03000F90
	ldr r1, [r2, #0x00]
	movs r2, #0x02
	ldsb r2, [r1, r2]
	ldrb r1, [r1, #0x03]
	lsls r1, r1, #0x18
	asrs r1, r1, #0x18
	movs r3, #0x80
	lsls r3, r3, #0x01
	adds r0, r0, r3
	subs r1, r1, r2
	muls r0, r1
	cmp r0, #0x00
	bge _080E4D2E
	ldr r1, _080E4D50 @ =0x000001FF
	adds r0, r0, r1
_080E4D2E:
	asrs r0, r0, #0x09
	adds r0, r0, r2
	pop {r3, r4, r5}
	mov r8, r3
	mov r9, r4
	mov r10, r5
	pop {r4, r5, r6, r7}
	pop {r1}
	bx r1
_080E4D40: .4byte 0x03000F90
_080E4D44: .4byte 0x03001038
_080E4D48: .4byte 0x0819832C
_080E4D4C: .4byte 0x08198220
_080E4D50: .4byte 0x000001FF
	thumb_func_start sub_80E4D54
sub_80E4D54:
	push {r4, r5, r6, r7, lr}
	mov r7, r10
	mov r6, r9
	mov r5, r8
	push {r5, r6, r7}
	mov r9, r0
	adds r4, r1, #0x0
	movs r0, #0x01
	negs r0, r0
	mov r10, r0
	ldr r1, _080E4DA0 @ =0x03000F90
	ldr r3, [r1, #0x00]
	ldrb r2, [r3, #0x01]
	ldrb r5, [r3, #0x00]
	adds r0, r2, #0x0
	subs r2, #0x01
	adds r7, r1, #0x0
	cmp r0, r5
	beq _080E4DB0
	adds r6, r3, #0x0
	adds r6, #0x50
	lsls r0, r2, #0x02
	adds r0, #0x10
	adds r1, r0, r3
_080E4D84:
	ldr r0, [r1, #0x00]
	cmp r0, #0x00
	beq _080E4DA4
	cmp r0, r9
	bne _080E4DA6
	adds r0, r6, r2
	ldrb r0, [r0, #0x00]
	lsls r0, r0, #0x18
	asrs r0, r0, #0x18
	cmp r0, r4
	bne _080E4DA6
	adds r0, r2, #0x0
	b _080E4EDA
	.byte 0x00, 0x00
_080E4DA0: .4byte 0x03000F90
_080E4DA4:
	mov r10, r2
_080E4DA6:
	adds r0, r2, #0x0
	subs r1, #0x04
	subs r2, #0x01
	cmp r0, r5
	bne _080E4D84
_080E4DB0:
	mov r1, r10
	cmp r1, #0x00
	bge _080E4DBC
	movs r0, #0x01
	negs r0, r0
	b _080E4EDA
_080E4DBC:
	mov r2, r10
	lsls r0, r2, #0x05
	ldr r1, _080E4E04 @ =0x02000280
	adds r5, r0, r1
	ldr r1, [r7, #0x00]
	lsls r2, r2, #0x02
	adds r0, r1, #0x0
	adds r0, #0x10
	adds r0, r0, r2
	mov r2, r9
	str r2, [r0, #0x00]
	adds r1, #0x50
	add r1, r10
	strb r4, [r1, #0x00]
	ldr r2, _080E4E08 @ =0x0300034C
	movs r0, #0x01
	mov r1, r10
	lsls r0, r1
	ldrh r1, [r2, #0x00]
	orrs r0, r1
	strh r0, [r2, #0x00]
	cmp r4, #0x00
	bne _080E4E18
	ldr r2, _080E4E0C @ =0x03001034
	ldr r0, _080E4E10 @ =0x08198154
	ldr r1, _080E4E14 @ =0x081980D8
	subs r0, r0, r1
	ldr r3, [r2, #0x00]
	adds r3, r3, r0
	mov r0, r9
	adds r1, r5, #0x0
	movs r2, #0x20
	bl _call_via_r3
	b _080E4ED8
	.byte 0x00, 0x00
_080E4E04: .4byte 0x02000280
_080E4E08: .4byte 0x0300034C
_080E4E0C: .4byte 0x03001034
_080E4E10: .4byte 0x08198154
_080E4E14: .4byte 0x081980D8
_080E4E18:
	cmp r4, #0x00
	bge _080E4E28
	adds r3, r4, #0x0
	adds r3, #0x20
	movs r2, #0x00
	mov r12, r2
	mov r8, r2
	b _080E4E3C
_080E4E28:
	movs r0, #0x20
	subs r3, r0, r4
	lsls r0, r4, #0x05
	mov r12, r0
	lsls r0, r4, #0x0F
	mov r1, r12
	orrs r1, r0
	mov r12, r1
	lsls r4, r4, #0x0A
	mov r8, r4
_080E4E3C:
	ldr r7, _080E4EE8 @ =0x00007C1F
	movs r6, #0xF8
	lsls r6, r6, #0x02
	mov r4, r9
	movs r2, #0x0F
	mov r9, r2
_080E4E48:
	ldrh r2, [r4, #0x00]
	adds r0, r2, #0x0
	ands r0, r7
	ands r2, r6
	adds r1, r0, #0x0
	muls r1, r3
	add r1, r12
	lsrs r1, r1, #0x05
	ands r1, r7
	adds r0, r2, #0x0
	muls r0, r3
	add r0, r8
	lsrs r0, r0, #0x05
	ands r0, r6
	orrs r1, r0
	strh r1, [r5, #0x00]
	ldrh r2, [r4, #0x02]
	adds r0, r2, #0x0
	ands r0, r7
	ands r2, r6
	adds r1, r0, #0x0
	muls r1, r3
	add r1, r12
	lsrs r1, r1, #0x05
	ands r1, r7
	adds r0, r2, #0x0
	muls r0, r3
	add r0, r8
	lsrs r0, r0, #0x05
	ands r0, r6
	orrs r1, r0
	strh r1, [r5, #0x02]
	ldrh r2, [r4, #0x04]
	adds r0, r2, #0x0
	ands r0, r7
	ands r2, r6
	adds r1, r0, #0x0
	muls r1, r3
	add r1, r12
	lsrs r1, r1, #0x05
	ands r1, r7
	adds r0, r2, #0x0
	muls r0, r3
	add r0, r8
	lsrs r0, r0, #0x05
	ands r0, r6
	orrs r1, r0
	strh r1, [r5, #0x04]
	ldrh r2, [r4, #0x06]
	adds r0, r2, #0x0
	ands r0, r7
	ands r2, r6
	adds r1, r0, #0x0
	muls r1, r3
	add r1, r12
	lsrs r1, r1, #0x05
	ands r1, r7
	adds r0, r2, #0x0
	muls r0, r3
	add r0, r8
	lsrs r0, r0, #0x05
	ands r0, r6
	orrs r1, r0
	strh r1, [r5, #0x06]
	adds r5, #0x08
	adds r4, #0x08
	movs r0, #0x04
	negs r0, r0
	add r9, r0
	mov r1, r9
	cmp r1, #0x00
	bge _080E4E48
_080E4ED8:
	mov r0, r10
_080E4EDA:
	pop {r3, r4, r5}
	mov r8, r3
	mov r9, r4
	mov r10, r5
	pop {r4, r5, r6, r7}
	pop {r1}
	bx r1
_080E4EE8: .4byte 0x00007C1F
	.byte 0x10, 0xB5, 0x04, 0x4C, 0x20, 0x68, 0x33, 0xF7, 0xB9, 0xFE, 0x00, 0x20, 0x20, 0x60, 0x10, 0xBC
	.byte 0x01, 0xBC, 0x00, 0x47, 0x90, 0x0F, 0x00, 0x03, 0x00, 0xB5, 0x05, 0x4A, 0x05, 0x48, 0x01, 0x68
	.byte 0x10, 0x31, 0x13, 0x68, 0x00, 0x20, 0x40, 0x22, 0xF5, 0xF0, 0xAE, 0xFD, 0x01, 0xBC, 0x00, 0x47
	.byte 0x34, 0x10, 0x00, 0x03, 0x90, 0x0F, 0x00, 0x03, 0x70, 0xB5, 0x05, 0x1C, 0x0E, 0x1C, 0x00, 0x2E
	.byte 0x09, 0xD1, 0x00, 0x28, 0x05, 0xD0, 0x44, 0x68, 0x33, 0xF7, 0x98, 0xFE, 0x20, 0x1C, 0x00, 0x28
	.byte 0xF9, 0xD1, 0x00, 0x20, 0x26, 0xE0, 0x2C, 0x1C, 0x00, 0x2D, 0x0E, 0xD0, 0xA0, 0x68, 0x86, 0x42
	.byte 0x04, 0xD1, 0x28, 0x1C, 0x21, 0x1C, 0x00, 0xF0, 0x21, 0xF8, 0x03, 0xE0, 0xA6, 0x42, 0x01, 0xD1
	.byte 0xFF, 0x20, 0x20, 0x70, 0x64, 0x68, 0x00, 0x2C, 0xF0, 0xD1, 0x00, 0x26, 0x29, 0x1C, 0x00, 0x2D
	.byte 0x0F, 0xD0, 0x4C, 0x68, 0x00, 0x20, 0x08, 0x56, 0x00, 0x28, 0x07, 0xDA, 0x00, 0x2E, 0x01, 0xD0
	.byte 0x74, 0x60, 0x00, 0xE0, 0x25, 0x1C, 0x08, 0x1C, 0x33, 0xF7, 0x70, 0xFE, 0x21, 0x1C, 0x00, 0x29
	.byte 0xEF, 0xD1, 0x28, 0x1C, 0x70, 0xBC, 0x02, 0xBC, 0x08, 0x47, 0x00, 0x00
	thumb_func_start sub_80E4F98
sub_80E4F98:
	push {r4, r5, r6, lr}
	adds r6, r0, #0x0
	adds r5, r1, #0x0
	adds r4, r6, #0x0
	cmp r4, #0x00
	beq _080E4FC2
_080E4FA4:
	ldr r0, [r4, #0x08]
	cmp r5, r0
	bne _080E4FB4
	adds r0, r6, #0x0
	adds r1, r4, #0x0
	bl sub_80E4F98
	b _080E4FBC
_080E4FB4:
	cmp r5, r4
	bne _080E4FBC
	movs r0, #0xFF
	strb r0, [r4, #0x00]
_080E4FBC:
	ldr r4, [r4, #0x04]
	cmp r4, #0x00
	bne _080E4FA4
_080E4FC2:
	pop {r4, r5, r6}
	pop {r0}
	bx r0
	thumb_func_start sub_80E4FC8
sub_80E4FC8:
	push {r4, lr}
	ldr r4, _080E4FE8 @ =0x03000F94
	ldr r0, [r4, #0x00]
	bl free_heap_memory_8018C68
	movs r0, #0x00
	str r0, [r4, #0x00]
	ldr r0, _080E4FEC @ =0x03000FA0
	ldr r0, [r0, #0x00]
	cmp r0, #0x01
	beq _080E5004
	cmp r0, #0x01
	bgt _080E4FF0
	cmp r0, #0x00
	beq _080E4FFA
	b _080E5028
_080E4FE8: .4byte 0x03000F94
_080E4FEC: .4byte 0x03000FA0
_080E4FF0:
	cmp r0, #0x02
	beq _080E500C
	cmp r0, #0x03
	beq _080E5014
	b _080E5028
_080E4FFA:
	ldr r1, _080E5000 @ =0x040000B0
	b _080E5016
	.byte 0x00, 0x00
_080E5000: .4byte 0x040000B0
_080E5004:
	ldr r1, _080E5008 @ =0x040000BC
	b _080E5016
_080E5008: .4byte 0x040000BC
_080E500C:
	ldr r1, _080E5010 @ =0x040000C8
	b _080E5016
_080E5010: .4byte 0x040000C8
_080E5014:
	ldr r1, _080E5044 @ =0x040000D4
_080E5016:
	ldrh r2, [r1, #0x0A]
	ldr r0, _080E5048 @ =0x0000C5FF
	ands r0, r2
	strh r0, [r1, #0x0A]
	ldrh r2, [r1, #0x0A]
	ldr r0, _080E504C @ =0x00007FFF
	ands r0, r2
	strh r0, [r1, #0x0A]
	ldrh r0, [r1, #0x0A]
_080E5028:
	ldr r0, _080E5050 @ =0x03000F9C
	ldr r1, [r0, #0x00]
	movs r0, #0x02
	bl sub_8018B78
	movs r2, #0x80
	lsls r2, r2, #0x12
	ldrh r1, [r2, #0x00]
	ldr r0, _080E5054 @ =0x00009FFF
	ands r0, r1
	strh r0, [r2, #0x00]
	pop {r4}
	pop {r0}
	bx r0
_080E5044: .4byte 0x040000D4
_080E5048: .4byte 0x0000C5FF
_080E504C: .4byte 0x00007FFF
_080E5050: .4byte 0x03000F9C
_080E5054: .4byte 0x00009FFF
	thumb_func_start sub_80E5058
sub_80E5058:
	push {r4, lr}
	ldr r0, _080E5074 @ =0x03000F9C
	ldr r0, [r0, #0x00]
	bl _call_via_r0
	ldr r0, _080E5078 @ =0x03000FA0
	ldr r0, [r0, #0x00]
	cmp r0, #0x01
	beq _080E509C
	cmp r0, #0x01
	bgt _080E507C
	cmp r0, #0x00
	beq _080E5094
	b _080E5084
_080E5074: .4byte 0x03000F9C
_080E5078: .4byte 0x03000FA0
_080E507C:
	cmp r0, #0x02
	beq _080E50A4
	cmp r0, #0x03
	beq _080E50AC
_080E5084:
	ldr r2, _080E508C @ =0x03000F94
	ldr r4, _080E5090 @ =0x03000F98
	b _080E50DE
	.byte 0x00, 0x00
_080E508C: .4byte 0x03000F94
_080E5090: .4byte 0x03000F98
_080E5094:
	ldr r2, _080E5098 @ =0x040000B0
	b _080E50AE
_080E5098: .4byte 0x040000B0
_080E509C:
	ldr r2, _080E50A0 @ =0x040000BC
	b _080E50AE
_080E50A0: .4byte 0x040000BC
_080E50A4:
	ldr r2, _080E50A8 @ =0x040000C8
	b _080E50AE
_080E50A8: .4byte 0x040000C8
_080E50AC:
	ldr r2, _080E50FC @ =0x040000D4
_080E50AE:
	ldrh r1, [r2, #0x0A]
	ldr r0, _080E5100 @ =0x0000C5FF
	ands r0, r1
	strh r0, [r2, #0x0A]
	ldrh r1, [r2, #0x0A]
	ldr r0, _080E5104 @ =0x00007FFF
	ands r0, r1
	strh r0, [r2, #0x0A]
	ldrh r0, [r2, #0x0A]
	ldr r3, _080E5108 @ =0x03000F94
	ldr r4, _080E510C @ =0x03000F98
	ldr r0, [r4, #0x00]
	lsls r1, r0, #0x02
	adds r1, r1, r0
	lsls r1, r1, #0x07
	ldr r0, [r3, #0x00]
	adds r0, r0, r1
	str r0, [r2, #0x00]
	ldr r0, _080E5110 @ =0x04000040
	str r0, [r2, #0x04]
	ldr r0, _080E5114 @ =0xA6600001
	str r0, [r2, #0x08]
	ldr r0, [r2, #0x08]
	adds r2, r3, #0x0
_080E50DE:
	ldr r3, _080E5110 @ =0x04000040
	ldr r1, [r4, #0x00]
	ldr r2, [r2, #0x00]
	lsls r0, r1, #0x02
	adds r0, r0, r1
	lsls r0, r0, #0x07
	adds r0, r0, r2
	ldr r0, [r0, #0x00]
	str r0, [r3, #0x00]
	movs r0, #0x01
	eors r1, r0
	str r1, [r4, #0x00]
	pop {r4}
	pop {r0}
	bx r0
_080E50FC: .4byte 0x040000D4
_080E5100: .4byte 0x0000C5FF
_080E5104: .4byte 0x00007FFF
_080E5108: .4byte 0x03000F94
_080E510C: .4byte 0x03000F98
_080E5110: .4byte 0x04000040
_080E5114: .4byte 0xA6600001
	thumb_func_start sub_80E5118
sub_80E5118:
	push {r4, r5, r6, r7, lr}
	mov r7, r10
	mov r6, r9
	mov r5, r8
	push {r5, r6, r7}
	add sp, #-0x00C
	str r0, [sp, #0x000]
	adds r7, r1, #0x0
	ldr r2, _080E51A0 @ =0x03000F94
	ldr r0, _080E51A4 @ =0x03000F98
	ldr r1, [r0, #0x00]
	lsls r0, r1, #0x02
	adds r0, r0, r1
	lsls r0, r0, #0x07
	ldr r1, [r2, #0x00]
	adds r1, r1, r0
	str r1, [sp, #0x004]
	ldr r0, _080E51A8 @ =0x03001034
	movs r4, #0x01
	negs r4, r4
	movs r2, #0xA0
	lsls r2, r2, #0x02
	ldr r3, [r0, #0x00]
	adds r0, r4, #0x0
	bl _call_via_r3
	lsls r0, r7, #0x03
	ldr r1, [sp, #0x000]
	adds r0, r1, r0
	subs r0, #0x08
	mov r10, r0
	subs r7, #0x01
	cmp r7, r4
	bne _080E515E
	b _080E5288
_080E515E:
	mov r2, r10
	ldr r4, [sp, #0x000]
	mov r10, r4
	mov r0, r10
	adds r0, #0x08
	str r0, [sp, #0x000]
	ldr r3, [r2, #0x04]
	ldr r1, [r4, #0x04]
	cmp r3, r1
	bge _080E51AC
	ldr r0, [r2, #0x00]
	cmp r0, #0x00
	bge _080E517A
	adds r0, #0xFF
_080E517A:
	asrs r5, r0, #0x08
	adds r0, r3, #0x0
	cmp r3, #0x00
	bge _080E5184
	adds r0, #0xFF
_080E5184:
	asrs r4, r0, #0x08
	mov r2, r10
	ldr r0, [r2, #0x00]
	cmp r0, #0x00
	bge _080E5190
	adds r0, #0xFF
_080E5190:
	asrs r2, r0, #0x08
	adds r0, r1, #0x0
	cmp r1, #0x00
	bge _080E519A
	adds r0, #0xFF
_080E519A:
	asrs r1, r0, #0x08
	ldr r3, [sp, #0x004]
	b _080E51DA
_080E51A0: .4byte 0x03000F94
_080E51A4: .4byte 0x03000F98
_080E51A8: .4byte 0x03001034
_080E51AC:
	mov r4, r10
	ldr r0, [r4, #0x00]
	cmp r0, #0x00
	bge _080E51B6
	adds r0, #0xFF
_080E51B6:
	asrs r5, r0, #0x08
	adds r0, r1, #0x0
	cmp r0, #0x00
	bge _080E51C0
	adds r0, #0xFF
_080E51C0:
	asrs r4, r0, #0x08
	ldr r0, [r2, #0x00]
	cmp r0, #0x00
	bge _080E51CA
	adds r0, #0xFF
_080E51CA:
	asrs r2, r0, #0x08
	adds r0, r3, #0x0
	cmp r0, #0x00
	bge _080E51D4
	adds r0, #0xFF
_080E51D4:
	asrs r1, r0, #0x08
	ldr r3, [sp, #0x004]
	adds r3, #0x01
_080E51DA:
	subs r0, r7, #0x1
	mov r8, r0
	cmp r1, #0x00
	ble _080E527C
	cmp r4, #0x9F
	bgt _080E527C
	subs r6, r2, r5
	adds r1, #0x01
	subs r2, r1, r4
	mov r12, r2
	cmp r6, #0x00
	bge _080E51FC
	movs r0, #0x01
	negs r0, r0
	str r0, [sp, #0x008]
	negs r6, r6
	b _080E5200
_080E51FC:
	movs r2, #0x01
	str r2, [sp, #0x008]
_080E5200:
	cmp r4, #0x00
	bge _080E521E
	adds r2, r6, #0x0
	muls r2, r4
	subs r7, #0x01
	mov r8, r7
	cmp r2, #0x00
	bge _080E521A
_080E5210:
	ldr r4, [sp, #0x008]
	adds r5, r5, r4
	add r2, r12
	cmp r2, #0x00
	blt _080E5210
_080E521A:
	movs r4, #0x00
	b _080E5228
_080E521E:
	movs r2, #0x00
	lsls r0, r4, #0x02
	adds r3, r3, r0
	subs r7, #0x01
	mov r8, r7
_080E5228:
	cmp r1, #0xA0
	ble _080E522E
	movs r1, #0xA0
_080E522E:
	subs r1, r1, r4
	subs r1, #0x01
	cmp r1, #0x00
	beq _080E527C
_080E5236:
	subs r2, r2, r6
	subs r1, #0x01
	mov r9, r1
	ldrb r4, [r3, #0x00]
	adds r7, r3, #0x4
	cmp r2, #0x00
	bge _080E524E
_080E5244:
	ldr r0, [sp, #0x008]
	adds r5, r5, r0
	add r2, r12
	cmp r2, #0x00
	blt _080E5244
_080E524E:
	cmp r5, #0x00
	bge _080E5256
	movs r0, #0x00
	b _080E5262
_080E5256:
	cmp r5, #0xEF
	bgt _080E5260
	lsls r0, r5, #0x18
	lsrs r0, r0, #0x18
	b _080E5262
_080E5260:
	movs r0, #0xF0
_080E5262:
	adds r1, r4, #0x0
	cmp r1, #0xFF
	beq _080E5272
	cmp r1, r0
	bcs _080E5270
	strb r0, [r3, #0x02]
	b _080E5274
_080E5270:
	strb r4, [r3, #0x02]
_080E5272:
	strb r0, [r3, #0x00]
_080E5274:
	adds r3, r7, #0x0
	mov r1, r9
	cmp r1, #0x00
	bne _080E5236
_080E527C:
	mov r7, r8
	movs r0, #0x01
	negs r0, r0
	cmp r7, r0
	beq _080E5288
	b _080E515E
_080E5288:
	add sp, #0x00C
	pop {r3, r4, r5}
	mov r8, r3
	mov r9, r4
	mov r10, r5
	pop {r4, r5, r6, r7}
	pop {r0}
	bx r0
	thumb_func_start sub_80E5298
sub_80E5298:
	push {r4, r5, r6, r7, lr}
	mov r7, r10
	mov r6, r9
	mov r5, r8
	push {r5, r6, r7}
	add sp, #-0x008
	adds r7, r0, #0x0
	adds r6, r1, #0x0
	str r2, [sp, #0x000]
	adds r4, r3, #0x0
	ldr r2, _080E533C @ =0x03000F94
	ldr r0, _080E5340 @ =0x03000F98
	ldr r1, [r0, #0x00]
	lsls r0, r1, #0x02
	adds r0, r0, r1
	lsls r0, r0, #0x07
	ldr r1, [r2, #0x00]
	adds r5, r1, r0
	ldr r1, _080E5344 @ =0x03001034
	movs r0, #0x01
	negs r0, r0
	movs r2, #0xA0
	lsls r2, r2, #0x02
	ldr r3, [r1, #0x00]
	adds r1, r5, #0x0
	bl _call_via_r3
	mov r10, r6
	adds r0, r4, #0x0
	muls r0, r4
	mov r8, r0
	ldr r2, _080E5348 @ =0x03001038
	ldr r0, _080E534C @ =0x0819832C
	ldr r1, _080E5350 @ =0x08198220
	subs r0, r0, r1
	ldr r2, [r2, #0x00]
	adds r2, r2, r0
	movs r0, #0x80
	lsls r0, r0, #0x17
	mov r1, r8
	bl _call_via_r2
	mov r9, r0
	movs r6, #0x00
	movs r3, #0x00
_080E52F2:
	mov r1, r10
	subs r0, r6, r1
	adds r1, r0, #0x0
	muls r1, r0
	adds r0, r1, #0x0
	cmp r0, r8
	bge _080E5368
	ldr r2, _080E5348 @ =0x03001038
	mov r1, r9
	muls r1, r0
	adds r0, r1, #0x0
	cmp r0, #0x00
	bge _080E5310
	ldr r1, _080E5354 @ =0x0000FFFF
	adds r0, r0, r1
_080E5310:
	asrs r1, r0, #0x10
	movs r0, #0x80
	lsls r0, r0, #0x07
	subs r0, r0, r1
	ldr r1, [r2, #0x00]
	str r3, [sp, #0x004]
	bl _call_via_r1
	ldr r1, [sp, #0x000]
	muls r0, r1
	ldr r3, [sp, #0x004]
	cmp r0, #0x00
	bge _080E532C
	adds r0, #0x7F
_080E532C:
	asrs r1, r0, #0x07
	subs r0, r7, r1
	cmp r0, #0xEF
	bgt _080E5368
	cmp r0, #0x00
	bge _080E5358
	strb r3, [r5, #0x01]
	b _080E535A
_080E533C: .4byte 0x03000F94
_080E5340: .4byte 0x03000F98
_080E5344: .4byte 0x03001034
_080E5348: .4byte 0x03001038
_080E534C: .4byte 0x0819832C
_080E5350: .4byte 0x08198220
_080E5354: .4byte 0x0000FFFF
_080E5358:
	strb r0, [r5, #0x01]
_080E535A:
	adds r0, r7, r1
	cmp r0, #0x00
	bge _080E5362
	strb r3, [r5, #0x00]
_080E5362:
	cmp r0, #0xEF
	bgt _080E5368
	strb r0, [r5, #0x00]
_080E5368:
	adds r4, r5, #0x4
	adds r0, r6, #0x1
	mov r1, r10
	subs r0, r0, r1
	adds r1, r0, #0x0
	muls r1, r0
	adds r0, r1, #0x0
	cmp r0, r8
	bge _080E53D0
	ldr r2, _080E53B8 @ =0x03001038
	mov r1, r9
	muls r1, r0
	adds r0, r1, #0x0
	cmp r0, #0x00
	bge _080E538A
	ldr r1, _080E53BC @ =0x0000FFFF
	adds r0, r0, r1
_080E538A:
	asrs r1, r0, #0x10
	movs r0, #0x80
	lsls r0, r0, #0x07
	subs r0, r0, r1
	ldr r1, [r2, #0x00]
	str r3, [sp, #0x004]
	bl _call_via_r1
	ldr r1, [sp, #0x000]
	muls r0, r1
	ldr r3, [sp, #0x004]
	cmp r0, #0x00
	bge _080E53A6
	adds r0, #0x7F
_080E53A6:
	asrs r1, r0, #0x07
	subs r0, r7, r1
	cmp r0, #0xEF
	bgt _080E53D0
	cmp r0, #0x00
	bge _080E53C0
	strb r3, [r4, #0x01]
	b _080E53C2
	.byte 0x00, 0x00
_080E53B8: .4byte 0x03001038
_080E53BC: .4byte 0x0000FFFF
_080E53C0:
	strb r0, [r4, #0x01]
_080E53C2:
	adds r0, r7, r1
	cmp r0, #0x00
	bge _080E53CA
	strb r3, [r4, #0x00]
_080E53CA:
	cmp r0, #0xEF
	bgt _080E53D0
	strb r0, [r4, #0x00]
_080E53D0:
	adds r5, #0x08
	adds r6, #0x02
	cmp r6, #0x9F
	ble _080E52F2
	add sp, #0x008
	pop {r3, r4, r5}
	mov r8, r3
	mov r9, r4
	mov r10, r5
	pop {r4, r5, r6, r7}
	pop {r0}
	bx r0
	thumb_func_start sub_80E53E8
sub_80E53E8:
	push {r4, r5, r6, r7, lr}
	adds r4, r0, #0x0
	adds r3, r1, #0x0
	ldr r6, _080E53FC @ =0x03000F94
	ldr r5, [r6, #0x00]
	cmp r5, #0x00
	beq _080E5400
	movs r0, #0x00
	b _080E5462
	.byte 0x00, 0x00
_080E53FC: .4byte 0x03000F94
_080E5400:
	movs r2, #0x80
	lsls r2, r2, #0x12
	ldrh r0, [r2, #0x00]
	movs r7, #0xC0
	lsls r7, r7, #0x07
	adds r1, r7, #0x0
	orrs r0, r1
	strh r0, [r2, #0x00]
	ldr r1, _080E5468 @ =0x02000048
	lsls r0, r3, #0x08
	orrs r0, r3
	strh r0, [r1, #0x00]
	adds r1, #0x02
	movs r0, #0x3F
	eors r3, r0
	strh r3, [r1, #0x00]
	ldr r0, _080E546C @ =0x02000044
	movs r1, #0xA0
	strh r1, [r0, #0x00]
	adds r0, #0x02
	strh r1, [r0, #0x00]
	movs r1, #0xA0
	lsls r1, r1, #0x03
	ldr r2, _080E5470 @ =0x08200120
	movs r0, #0x01
	bl alloc_heap_8018CEC
	str r0, [r6, #0x00]
	ldr r0, _080E5474 @ =0x03000F98
	str r5, [r0, #0x00]
	ldr r1, _080E5478 @ =0x03000F9C
	ldr r0, _080E547C @ =0x0300034C
	ldr r2, _080E5480 @ =0x000008C4
	adds r0, r0, r2
	ldr r0, [r0, #0x00]
	str r0, [r1, #0x00]
	ldr r1, _080E5484 @ =0x080E5059
	movs r0, #0x02
	bl sub_8018B78
	cmp r4, #0x03
	ble _080E5456
	movs r4, #0x03
_080E5456:
	cmp r4, #0x00
	bge _080E545C
	movs r4, #0x00
_080E545C:
	ldr r0, _080E5488 @ =0x03000FA0
	str r4, [r0, #0x00]
	movs r0, #0x01
_080E5462:
	pop {r4, r5, r6, r7}
	pop {r1}
	bx r1
_080E5468: .4byte 0x02000048
_080E546C: .4byte 0x02000044
_080E5470: .4byte 0x08200120
_080E5474: .4byte 0x03000F98
_080E5478: .4byte 0x03000F9C
_080E547C: .4byte 0x0300034C
_080E5480: .4byte 0x000008C4
_080E5484: .4byte sub_80E5058
_080E5488: .4byte 0x03000FA0
	.byte 0xF0, 0xB5, 0x57, 0x46, 0x4E, 0x46, 0x45, 0x46, 0xE0, 0xB4, 0x83, 0xB0, 0x00, 0x90, 0x0F, 0x1C
	.byte 0x92, 0x46, 0x01, 0x93, 0x81, 0x4A, 0x82, 0x4B, 0x19, 0x68, 0x88, 0x00, 0x40, 0x18, 0xC0, 0x01
	.byte 0x80, 0x49, 0x09, 0x68, 0x41, 0x43, 0x10, 0x68, 0x45, 0x18, 0xA0, 0x2F, 0x00, 0xDD, 0xA0, 0x27
	.byte 0x00, 0x26, 0x38, 0x02, 0x81, 0x46, 0xBE, 0x42, 0x35, 0xDA, 0x7B, 0x49, 0x8C, 0x46, 0x98, 0x46
	.byte 0x62, 0x46, 0x11, 0x68, 0x43, 0x46, 0x18, 0x68, 0x08, 0x18, 0x01, 0x36, 0x02, 0x96, 0x81, 0x42
	.byte 0x26, 0xDA, 0x8C, 0x00, 0x75, 0x4E, 0xA3, 0x19, 0x41, 0x1A, 0x4A, 0x42, 0x03, 0x20, 0x02, 0x40
	.byte 0x00, 0x2A, 0x10, 0xD0, 0x03, 0x2A, 0x09, 0xDA, 0x02, 0x2A, 0x04, 0xDA, 0x18, 0x68, 0x01, 0xC5
	.byte 0x6F, 0x48, 0x23, 0x18, 0x01, 0x39, 0x01, 0xCB, 0x01, 0xC5, 0x01, 0x39, 0x01, 0xCB, 0x01, 0xC5
	.byte 0x01, 0x39, 0x00, 0x29, 0x0C, 0xD0, 0x18, 0x68, 0x28, 0x60, 0x58, 0x68, 0x68, 0x60, 0x98, 0x68
	.byte 0xA8, 0x60, 0xD8, 0x68, 0xE8, 0x60, 0x10, 0x35, 0x10, 0x33, 0x04, 0x39, 0x00, 0x29, 0xF2, 0xD1
	.byte 0x02, 0x9E, 0xBE, 0x42, 0xCC, 0xDB, 0x00, 0x21, 0x88, 0x46, 0x3E, 0x1C, 0x9F, 0x2E, 0x00, 0xDD
	.byte 0x8F, 0xE0, 0x60, 0x49, 0x60, 0x48, 0x61, 0x4A, 0x10, 0x1A, 0x0A, 0x68, 0x12, 0x18, 0x44, 0x46
	.byte 0x54, 0x44, 0x0B, 0x9B, 0x18, 0x02, 0x21, 0x1C, 0xF5, 0xF0, 0x8C, 0xFA, 0x03, 0x1C, 0x40, 0x46
	.byte 0x47, 0x00, 0x01, 0x99, 0x4C, 0x43, 0x5A, 0x4A, 0x00, 0x99, 0x58, 0x18, 0xFF, 0x21, 0x08, 0x40
	.byte 0x40, 0x00, 0x80, 0x18, 0x00, 0x22, 0x80, 0x5E, 0x00, 0x28, 0x00, 0xDA, 0x3F, 0x30, 0x80, 0x11
	.byte 0x80, 0x23, 0x5B, 0x00, 0xC0, 0x18, 0x60, 0x43, 0x00, 0x28, 0x01, 0xDA, 0x51, 0x49, 0x40, 0x18
	.byte 0x00, 0x14, 0x3B, 0x18, 0x01, 0x22, 0x90, 0x44, 0x47, 0x48, 0x45, 0x49, 0x02, 0x68, 0x08, 0x68
	.byte 0x17, 0x18, 0x01, 0x36, 0x02, 0x96, 0xBA, 0x42, 0x57, 0xDA, 0x44, 0x4C, 0xB9, 0x1A, 0x03, 0x20
	.byte 0x01, 0x40, 0x00, 0x29, 0x29, 0xD0, 0x01, 0x29, 0x19, 0xDD, 0x02, 0x29, 0x0B, 0xDD, 0x91, 0x00
	.byte 0x08, 0x19, 0x00, 0x88, 0x28, 0x80, 0x44, 0x4E, 0x88, 0x19, 0x02, 0x35, 0x00, 0x88, 0xC0, 0x1A
	.byte 0x28, 0x80, 0x02, 0x35, 0x01, 0x32, 0x91, 0x00, 0x08, 0x19, 0x00, 0x88, 0x28, 0x80, 0x3E, 0x4E
	.byte 0x88, 0x19, 0x02, 0x35, 0x00, 0x88, 0xC0, 0x1A, 0x28, 0x80, 0x02, 0x35, 0x01, 0x32, 0x91, 0x00
	.byte 0x08, 0x19, 0x00, 0x88, 0x28, 0x80, 0x38, 0x4E, 0x88, 0x19, 0x02, 0x35, 0x00, 0x88, 0xC0, 0x1A
	.byte 0x28, 0x80, 0x02, 0x35, 0x01, 0x32, 0xBA, 0x42, 0x27, 0xDA, 0x91, 0x00, 0x08, 0x19, 0x00, 0x88
	.byte 0x28, 0x80, 0x31, 0x4E, 0x88, 0x19, 0x00, 0x88, 0xC0, 0x1A, 0x68, 0x80, 0x51, 0x1C, 0x89, 0x00
	.byte 0x08, 0x19, 0x00, 0x88, 0xA8, 0x80, 0x88, 0x19, 0x00, 0x88, 0xC0, 0x1A, 0xE8, 0x80, 0x91, 0x1C
	.byte 0x89, 0x00, 0x08, 0x19, 0x00, 0x88, 0x28, 0x81, 0x88, 0x19, 0x00, 0x88, 0xC0, 0x1A, 0x68, 0x81
	.byte 0xD1, 0x1C, 0x89, 0x00, 0x08, 0x19, 0x00, 0x88, 0xA8, 0x81, 0x88, 0x19, 0x00, 0x88, 0xC0, 0x1A
	.byte 0xE8, 0x81, 0x10, 0x35, 0x04, 0x32, 0xBA, 0x42, 0xD7, 0xDB, 0x02, 0x9E, 0x9F, 0x2E, 0x00, 0xDC
	.byte 0x6F, 0xE7, 0x80, 0x22, 0x92, 0x04, 0x10, 0x88, 0x80, 0x23, 0x9B, 0x01, 0x19, 0x1C, 0x08, 0x43
	.byte 0x10, 0x80, 0x1A, 0x49, 0x3F, 0x20, 0x08, 0x80, 0x02, 0x31, 0x1F, 0x20, 0x08, 0x80, 0x0A, 0x39
	.byte 0xF0, 0x20, 0x08, 0x80, 0x04, 0x31, 0xA0, 0x20, 0x4E, 0x46, 0x06, 0x43, 0x0E, 0x80, 0x0C, 0x31
	.byte 0xCE, 0x20, 0x08, 0x80, 0x04, 0x31, 0x02, 0x20, 0x08, 0x80, 0x03, 0xB0, 0x38, 0xBC, 0x98, 0x46
	.byte 0xA1, 0x46, 0xAA, 0x46, 0xF0, 0xBC, 0x01, 0xBC, 0x00, 0x47, 0x00, 0x00, 0xA4, 0x0F, 0x00, 0x03
	.byte 0xB0, 0x0F, 0x00, 0x03, 0xA8, 0x0F, 0x00, 0x03, 0xAC, 0x0F, 0x00, 0x03, 0x10, 0x00, 0x00, 0x02
	.byte 0x14, 0x00, 0x00, 0x02, 0x38, 0x10, 0x00, 0x03, 0x20, 0x82, 0x19, 0x08, 0x2C, 0x83, 0x19, 0x08
	.byte 0x04, 0x85, 0x19, 0x08, 0xFF, 0xFF, 0x00, 0x00, 0x12, 0x00, 0x00, 0x02, 0x48, 0x00, 0x00, 0x02
	.byte 0x00, 0xB5, 0x05, 0x48, 0x00, 0x68, 0x33, 0xF7, 0xC1, 0xFA, 0x02, 0x20, 0x00, 0x21, 0x33, 0xF7
	.byte 0x45, 0xFA, 0x01, 0xBC, 0x00, 0x47, 0x00, 0x00, 0xA4, 0x0F, 0x00, 0x03, 0x30, 0xB5, 0x02, 0x1C
	.byte 0x00, 0x2A, 0x01, 0xDA, 0x00, 0x22, 0x02, 0xE0, 0x03, 0x2A, 0x00, 0xDD, 0x03, 0x22, 0x00, 0x29
	.byte 0x01, 0xDA, 0x00, 0x21, 0x02, 0xE0, 0x03, 0x29, 0x00, 0xDD, 0x03, 0x21, 0x91, 0x42, 0x00, 0xDA
	.byte 0x11, 0x1C, 0x11, 0x48, 0x02, 0x60, 0x11, 0x4D, 0x88, 0x1A, 0x01, 0x30, 0x28, 0x60, 0x10, 0x4C
	.byte 0x81, 0x00, 0x09, 0x18, 0x09, 0x02, 0x0F, 0x4A, 0x01, 0x20, 0x33, 0xF7, 0xD9, 0xFA, 0x01, 0x1C
	.byte 0x21, 0x60, 0x0D, 0x4B, 0x28, 0x68, 0x82, 0x00, 0x12, 0x18, 0x12, 0x02, 0x1B, 0x68, 0x00, 0x20
	.byte 0xF5, 0xF0, 0x92, 0xF9, 0x09, 0x49, 0x00, 0x20, 0x08, 0x60, 0x09, 0x49, 0x02, 0x20, 0x33, 0xF7
	.byte 0x0D, 0xFA, 0x30, 0xBC, 0x01, 0xBC, 0x00, 0x47, 0xAC, 0x0F, 0x00, 0x03, 0xB0, 0x0F, 0x00, 0x03
	.byte 0xA4, 0x0F, 0x00, 0x03, 0x28, 0x01, 0x20, 0x08, 0x34, 0x10, 0x00, 0x03, 0xA8, 0x0F, 0x00, 0x03
	.byte 0x81, 0x57, 0x0E, 0x08
	thumb_func_start sub_80E5780
sub_80E5780:
	push {r4, r5, r6, lr}
	ldr r4, _080E57D8 @ =0x040000B0
	ldrh r1, [r4, #0x0A]
	ldr r0, _080E57DC @ =0x0000C5FF
	ands r0, r1
	strh r0, [r4, #0x0A]
	ldrh r1, [r4, #0x0A]
	ldr r0, _080E57E0 @ =0x00007FFF
	ands r0, r1
	strh r0, [r4, #0x0A]
	ldrh r0, [r4, #0x0A]
	ldr r1, _080E57E4 @ =0x03000FA4
	ldr r0, _080E57E8 @ =0x03000FB0
	ldr r0, [r0, #0x00]
	lsls r2, r0, #0x02
	adds r0, r2, r0
	lsls r0, r0, #0x07
	ldr r5, _080E57EC @ =0x03000FA8
	ldr r3, [r5, #0x00]
	muls r0, r3
	ldr r1, [r1, #0x00]
	adds r1, r1, r0
	ldr r0, _080E57F0 @ =0x03000FAC
	ldr r0, [r0, #0x00]
	lsls r0, r0, #0x02
	ldr r6, _080E57F4 @ =0x04000010
	adds r0, r0, r6
	str r1, [r4, #0x00]
	str r0, [r4, #0x04]
	cmp r2, #0x00
	bge _080E57C0
	adds r2, #0x03
_080E57C0:
	asrs r0, r2, #0x02
	ldr r1, _080E57F8 @ =0xA6600000
	orrs r0, r1
	str r0, [r4, #0x08]
	ldr r0, [r4, #0x08]
	movs r0, #0x01
	eors r3, r0
	str r3, [r5, #0x00]
	pop {r4, r5, r6}
	pop {r0}
	bx r0
	.byte 0x00, 0x00
_080E57D8: .4byte 0x040000B0
_080E57DC: .4byte 0x0000C5FF
_080E57E0: .4byte 0x00007FFF
_080E57E4: .4byte 0x03000FA4
_080E57E8: .4byte 0x03000FB0
_080E57EC: .4byte 0x03000FA8
_080E57F0: .4byte 0x03000FAC
_080E57F4: .4byte 0x04000010
_080E57F8: .4byte 0xA6600000
	thumb_func_start sub_80E57FC
sub_80E57FC:
	push {lr}
	ldr r0, _080E580C @ =0x03000FB4
	ldr r0, [r0, #0x00]
	bl free_heap_memory_8018C68
	pop {r0}
	bx r0
	.byte 0x00, 0x00
_080E580C: .4byte 0x03000FB4
	thumb_func_start sub_80E5810
sub_80E5810:
	push {r4, r5, r6, lr}
	mov r6, r8
	push {r6}
	ldr r6, _080E5868 @ =0x03000FB4
	ldr r5, _080E586C @ =0x08001AF8
	ldr r0, _080E5870 @ =0x08001010
	mov r8, r0
	subs r5, r5, r0
	ldr r4, _080E5874 @ =0x0819941C
	ldr r0, _080E5878 @ =0x08198784
	subs r4, r4, r0
	adds r4, r5, r4
	ldr r1, _080E587C @ =0x08000F9C
	ldr r0, _080E5880 @ =0x08000DB4
	subs r1, r1, r0
	adds r1, r4, r1
	ldr r2, _080E5884 @ =0x08200130
	movs r0, #0x00
	bl alloc_heap_8018CEC
	adds r1, r0, #0x0
	str r1, [r6, #0x00]
	lsls r2, r5, #0x09
	lsrs r2, r2, #0x0B
	movs r0, #0x80
	lsls r0, r0, #0x13
	orrs r2, r0
	mov r0, r8
	bl CpuSet
	ldr r0, [r6, #0x00]
	adds r0, r0, r5
	ldr r1, _080E5888 @ =0x0851F9E8
	bl sub_81994EC
	ldr r0, [r6, #0x00]
	adds r0, r0, r4
	bl sub_80E3FD8
	pop {r3}
	mov r8, r3
	pop {r4, r5, r6}
	pop {r0}
	bx r0
_080E5868: .4byte 0x03000FB4
_080E586C: .4byte 0x08001AF8
_080E5870: .4byte 0x08001010
_080E5874: .4byte 0x0819941C
_080E5878: .4byte 0x08198784
_080E587C: .4byte 0x08000F9C
_080E5880: .4byte 0x08000DB4
_080E5884: .4byte 0x08200130
_080E5888: .4byte 0x0851F9E8
	thumb_func_start sub_80E588C
sub_80E588C:
	push {r4, r5, r6, lr}
	mov r6, r10
	mov r5, r9
	mov r4, r8
	push {r4, r5, r6}
	mov r8, r0
	mov r9, r1
	adds r6, r2, #0x0
	mov r10, r3
	ldr r5, _080E594C @ =0x03001034
	ldr r4, _080E5950 @ =0x03000FB8
	ldr r1, [r4, #0x00]
	ldr r3, [r5, #0x00]
	movs r0, #0x00
	movs r2, #0x34
	bl _call_via_r3
	ldr r0, _080E5954 @ =0x03000FBC
	ldr r1, [r0, #0x00]
	ldr r3, [r5, #0x00]
	movs r0, #0x00
	movs r2, #0x34
	bl _call_via_r3
	ldr r0, [r4, #0x00]
	movs r3, #0x01
	movs r2, #0x01
	strh r2, [r0, #0x28]
	strh r2, [r0, #0x2A]
	movs r1, #0x02
	strh r1, [r0, #0x2C]
	strh r2, [r0, #0x2E]
	adds r0, #0x32
	strb r3, [r0, #0x00]
	movs r4, #0xDE
	lsls r4, r4, #0x01
	ldr r2, _080E5958 @ =0x08200148
	movs r0, #0x01
	adds r1, r4, #0x0
	bl alloc_heap_8018CEC
	adds r1, r0, #0x0
	mov r0, r8
	str r1, [r0, #0x04]
	ldr r3, [r5, #0x00]
	movs r0, #0x00
	adds r2, r4, #0x0
	bl _call_via_r3
	ldr r2, _080E595C @ =0x08200150
	movs r0, #0x10
	movs r1, #0x01
	movs r3, #0x00
	bl alloc_Zero
	mov r1, r9
	adds r2, r6, #0x0
	mov r3, r10
	bl sub_80E94AC
	mov r1, r8
	str r0, [r1, #0x00]
	adds r6, #0x20
	ldr r2, _080E5960 @ =0x08200158
	movs r0, #0x01
	adds r1, r6, #0x0
	bl alloc_heap_8018CEC
	mov r3, r8
	ldr r2, [r3, #0x04]
	movs r3, #0xBE
	lsls r3, r3, #0x01
	adds r1, r2, r3
	str r0, [r1, #0x00]
	adds r0, #0x1F
	movs r1, #0x20
	negs r1, r1
	ands r0, r1
	adds r3, #0x18
	adds r1, r2, r3
	mov r3, r9
	subs r0, r0, r3
	str r0, [r1, #0x00]
	movs r0, #0xC0
	lsls r0, r0, #0x01
	adds r1, r2, r0
	ldr r0, _080E5964 @ =0x083B8F64
	str r0, [r1, #0x00]
	mov r0, r8
	pop {r3, r4, r5}
	mov r8, r3
	mov r9, r4
	mov r10, r5
	pop {r4, r5, r6}
	pop {r1}
	bx r1
_080E594C: .4byte 0x03001034
_080E5950: .4byte 0x03000FB8
_080E5954: .4byte 0x03000FBC
_080E5958: .4byte 0x08200148
_080E595C: .4byte 0x08200150
_080E5960: .4byte 0x08200158
_080E5964: .4byte 0x083B8F64
	thumb_func_start sub_80E5968
sub_80E5968:
	push {r4, r5, r6, r7, lr}
	mov r7, r9
	mov r6, r8
	push {r6, r7}
	adds r7, r0, #0x0
	mov r9, r1
	ldr r0, [r7, #0x00]
	cmp r0, #0x00
	beq _080E5980
	movs r1, #0x03
	bl sub_80E9484
_080E5980:
	movs r0, #0x00
	str r0, [r7, #0x00]
	ldr r2, [r7, #0x04]
	cmp r2, #0x00
	beq _080E5A7E
	mov r8, r0
	adds r6, r2, #0x0
	movs r1, #0xD9
	lsls r1, r1, #0x01
	adds r0, r2, r1
	ldrb r0, [r0, #0x00]
	movs r1, #0x01
	eors r0, r1
	ands r0, r1
	cmp r0, #0x00
	bne _080E59C8
	ldr r5, _080E5A9C @ =0x083B9512
	adds r4, r2, #0x0
	adds r4, #0x41
	ldrb r0, [r4, #0x00]
	lsrs r0, r0, #0x05
	lsls r0, r0, #0x01
	adds r0, r0, r5
	ldrh r0, [r0, #0x00]
	bl sub_8019588
	lsls r0, r0, #0x18
	cmp r0, #0x00
	beq _080E59C8
	ldrb r0, [r4, #0x00]
	lsrs r0, r0, #0x05
	lsls r0, r0, #0x01
	adds r0, r0, r5
	ldrh r0, [r0, #0x00]
	bl stop_sfx_80195A8
_080E59C8:
	movs r2, #0x01
	add r8, r2
	adds r6, #0x4C
	mov r0, r8
	cmp r0, #0x04
	bgt _080E5A62
_080E59D4:
	ldr r0, [r7, #0x04]
	movs r1, #0xD9
	lsls r1, r1, #0x01
	adds r0, r0, r1
	ldrb r0, [r0, #0x00]
	mov r2, r8
	asrs r0, r2
	movs r1, #0x01
	eors r0, r1
	ands r0, r1
	cmp r0, #0x00
	bne _080E5A14
	ldr r5, _080E5A9C @ =0x083B9512
	adds r4, r6, #0x0
	adds r4, #0x41
	ldrb r0, [r4, #0x00]
	lsrs r0, r0, #0x05
	lsls r0, r0, #0x01
	adds r0, r0, r5
	ldrh r0, [r0, #0x00]
	bl sub_8019588
	lsls r0, r0, #0x18
	cmp r0, #0x00
	beq _080E5A14
	ldrb r0, [r4, #0x00]
	lsrs r0, r0, #0x05
	lsls r0, r0, #0x01
	adds r0, r0, r5
	ldrh r0, [r0, #0x00]
	bl stop_sfx_80195A8
_080E5A14:
	mov r1, r8
	adds r1, #0x01
	ldr r0, [r7, #0x04]
	movs r2, #0xD9
	lsls r2, r2, #0x01
	adds r0, r0, r2
	ldrb r0, [r0, #0x00]
	asrs r0, r1
	movs r1, #0x01
	eors r0, r1
	ands r0, r1
	cmp r0, #0x00
	bne _080E5A56
	ldr r5, _080E5A9C @ =0x083B9512
	adds r4, r6, #0x0
	adds r4, #0x8D
	ldrb r0, [r4, #0x00]
	lsrs r0, r0, #0x05
	lsls r0, r0, #0x01
	adds r0, r0, r5
	ldrh r0, [r0, #0x00]
	bl sub_8019588
	lsls r0, r0, #0x18
	cmp r0, #0x00
	beq _080E5A56
	ldrb r0, [r4, #0x00]
	lsrs r0, r0, #0x05
	lsls r0, r0, #0x01
	adds r0, r0, r5
	ldrh r0, [r0, #0x00]
	bl stop_sfx_80195A8
_080E5A56:
	movs r0, #0x02
	add r8, r0
	adds r6, #0x98
	mov r1, r8
	cmp r1, #0x04
	ble _080E59D4
_080E5A62:
	ldr r0, [r7, #0x04]
	movs r2, #0xBE
	lsls r2, r2, #0x01
	adds r0, r0, r2
	ldr r0, [r0, #0x00]
	cmp r0, #0x00
	beq _080E5A74
	bl free_heap_memory_8018C68
_080E5A74:
	ldr r0, [r7, #0x04]
	bl free_heap_memory_8018C68
	movs r0, #0x00
	str r0, [r7, #0x04]
_080E5A7E:
	movs r0, #0x01
	mov r1, r9
	ands r0, r1
	cmp r0, #0x00
	beq _080E5A8E
	adds r0, r7, #0x0
	bl free_heap_8018DA8
_080E5A8E:
	pop {r3, r4}
	mov r8, r3
	mov r9, r4
	pop {r4, r5, r6, r7}
	pop {r0}
	bx r0
	.byte 0x00, 0x00
_080E5A9C: .4byte 0x083B9512
	thumb_func_start sub_80E5AA0
sub_80E5AA0:
	push {r4, r5, r6, r7, lr}
	mov r7, r9
	mov r6, r8
	push {r6, r7}
	ldr r6, [sp, #0x01C]
	ldr r4, [sp, #0x020]
	mov r9, r4
	lsls r1, r1, #0x18
	lsrs r1, r1, #0x18
	lsls r2, r2, #0x18
	lsrs r2, r2, #0x18
	adds r7, r2, #0x0
	lsls r6, r6, #0x18
	mov r12, r6
	ldr r5, [r0, #0x04]
	mov r8, r5
	movs r4, #0xC4
	lsls r4, r4, #0x01
	add r4, r8
	lsls r2, r1, #0x01
	ldr r6, _080E5BA8 @ =0x02000008
	adds r2, r2, r6
	str r2, [r4, #0x00]
	movs r5, #0xC6
	lsls r5, r5, #0x01
	add r5, r8
	lsls r2, r1, #0x02
	adds r6, #0x08
	adds r4, r2, r6
	str r4, [r5, #0x00]
	movs r4, #0xC8
	lsls r4, r4, #0x01
	add r4, r8
	ldr r5, _080E5BAC @ =0x02000012
	adds r2, r2, r5
	str r2, [r4, #0x00]
	movs r5, #0xDB
	lsls r5, r5, #0x01
	add r5, r8
	movs r2, #0x03
	ands r1, r2
	lsls r1, r1, #0x07
	ldrh r4, [r5, #0x00]
	ldr r2, _080E5BB0 @ =0xFFFFFE7F
	ands r2, r4
	orrs r2, r1
	strh r2, [r5, #0x00]
	ldr r5, [r0, #0x04]
	ldr r6, _080E5BB4 @ =0x000001B7
	mov r8, r6
	add r5, r8
	movs r1, #0x0F
	adds r2, r7, #0x0
	ands r2, r1
	lsls r2, r2, #0x01
	ldrb r4, [r5, #0x00]
	movs r1, #0x1F
	negs r1, r1
	ands r1, r4
	orrs r1, r2
	strb r1, [r5, #0x00]
	ldr r2, [r0, #0x04]
	movs r4, #0xC2
	lsls r4, r4, #0x01
	adds r1, r2, r4
	str r3, [r1, #0x00]
	movs r5, #0xD8
	lsls r5, r5, #0x01
	adds r1, r2, r5
	movs r2, #0x00
	mov r6, r9
	strh r6, [r1, #0x00]
	ldr r3, [r0, #0x04]
	adds r4, #0x2F
	adds r1, r3, r4
	strb r2, [r1, #0x00]
	adds r5, #0x02
	adds r1, r3, r5
	strb r2, [r1, #0x00]
	ldr r1, [r0, #0x04]
	movs r6, #0xDA
	lsls r6, r6, #0x01
	adds r1, r1, r6
	strb r2, [r1, #0x00]
	ldr r1, [r0, #0x04]
	add r1, r8
	mov r0, r12
	lsrs r6, r0, #0x13
	ldrb r2, [r1, #0x00]
	movs r0, #0x1F
	ands r0, r2
	orrs r0, r6
	strb r0, [r1, #0x00]
	ldr r0, _080E5BB8 @ =0x03000FBC
	ldr r0, [r0, #0x00]
	ldr r1, [sp, #0x024]
	str r1, [r0, #0x00]
	ldr r2, [sp, #0x028]
	str r2, [r0, #0x04]
	ldr r3, [sp, #0x02C]
	str r3, [r0, #0x08]
	cmp r7, #0x0F
	bhi _080E5B9A
	ldr r2, _080E5BBC @ =0x083B8F24
	ldr r4, _080E5BC0 @ =0x0300034C
	ldr r5, _080E5BC4 @ =0x00000888
	adds r0, r4, r5
	ldrb r1, [r0, #0x00]
	movs r0, #0x06
	ands r0, r1
	cmp r0, #0x00
	beq _080E5B82
	adds r2, #0x20
_080E5B82:
	lsls r1, r7, #0x05
	ldr r6, _080E5BC8 @ =0x02000080
	adds r1, r1, r6
	adds r0, r2, #0x0
	movs r2, #0x08
	bl CpuFastSet
	movs r0, #0x01
	lsls r0, r7
	ldrh r1, [r4, #0x02]
	orrs r0, r1
	strh r0, [r4, #0x02]
_080E5B9A:
	pop {r3, r4}
	mov r8, r3
	mov r9, r4
	pop {r4, r5, r6, r7}
	pop {r0}
	bx r0
	.byte 0x00, 0x00
_080E5BA8: .4byte 0x02000008
_080E5BAC: .4byte 0x02000012
_080E5BB0: .4byte 0xFFFFFE7F
_080E5BB4: .4byte 0x000001B7
_080E5BB8: .4byte 0x03000FBC
_080E5BBC: .4byte 0x083B8F24
_080E5BC0: .4byte 0x0300034C
_080E5BC4: .4byte 0x00000888
_080E5BC8: .4byte 0x02000080
	thumb_func_start sub_80E5BCC
sub_80E5BCC:
	push {r4, r5, r6, r7, lr}
	mov r7, r10
	mov r6, r9
	mov r5, r8
	push {r5, r6, r7}
	add sp, #-0x03C
	str r0, [sp, #0x018]
	ldr r0, [sp, #0x05C]
	ldr r4, [sp, #0x060]
	ldr r5, [sp, #0x064]
	ldr r6, [sp, #0x068]
	ldr r7, [sp, #0x06C]
	mov r8, r7
	ldr r7, [sp, #0x070]
	lsls r1, r1, #0x18
	lsrs r1, r1, #0x18
	str r1, [sp, #0x01C]
	lsls r2, r2, #0x10
	lsrs r2, r2, #0x10
	str r2, [sp, #0x020]
	lsls r3, r3, #0x10
	lsrs r3, r3, #0x10
	str r3, [sp, #0x024]
	lsls r0, r0, #0x18
	lsrs r0, r0, #0x18
	mov r10, r0
	lsls r4, r4, #0x18
	lsrs r4, r4, #0x18
	mov r9, r4
	lsls r5, r5, #0x10
	lsrs r5, r5, #0x10
	str r5, [sp, #0x028]
	lsls r6, r6, #0x10
	lsrs r6, r6, #0x10
	str r6, [sp, #0x02C]
	mov r0, r8
	lsls r0, r0, #0x18
	lsrs r4, r0, #0x18
	mov r1, r10
	cmp r1, #0x00
	bne _080E5C2E
	ldr r0, [sp, #0x018]
	adds r1, r7, #0x0
	bl sub_80E9310
	lsrs r0, r0, #0x10
	lsls r0, r0, #0x18
	lsrs r0, r0, #0x18
	mov r10, r0
_080E5C2E:
	ldr r0, _080E5E2C @ =0x0300034C
	movs r2, #0x8C
	lsls r2, r2, #0x04
	adds r0, r0, r2
	ldrb r0, [r0, #0x00]
	lsls r0, r0, #0x02
	adds r0, r0, r7
	ldr r0, [r0, #0x00]
	str r0, [sp, #0x030]
	movs r0, #0x07
	ldr r7, [sp, #0x02C]
	ands r0, r7
	cmp r0, #0x02
	bne _080E5C7A
	mov r0, r9
	cmp r0, #0x03
	bhi _080E5C54
	movs r1, #0x04
	mov r9, r1
_080E5C54:
	mov r0, r10
	adds r0, #0x02
	movs r1, #0x03
	bl __divsi3
	lsls r1, r0, #0x01
	adds r1, r1, r0
	lsls r1, r1, #0x18
	lsrs r1, r1, #0x18
	mov r10, r1
	mov r0, r9
	adds r0, #0x01
	movs r2, #0x02
	negs r2, r2
	adds r1, r2, #0x0
	ands r0, r1
	lsls r0, r0, #0x18
	lsrs r0, r0, #0x18
	mov r9, r0
_080E5C7A:
	mov r0, r10
	adds r0, #0x04
	lsls r0, r0, #0x18
	lsrs r0, r0, #0x18
	mov r10, r0
	mov r0, r9
	adds r0, #0x02
	lsls r0, r0, #0x18
	lsrs r0, r0, #0x18
	mov r9, r0
	ldr r7, [sp, #0x01C]
	cmp r7, #0x04
	beq _080E5CA4
	ldr r0, [sp, #0x018]
	movs r1, #0x04
	bl sub_80E6FB8
	ldr r0, [sp, #0x018]
	movs r1, #0x10
	bl sub_80E7118
_080E5CA4:
	movs r0, #0x4C
	ldr r2, [sp, #0x01C]
	adds r1, r2, #0x0
	muls r1, r0
	ldr r7, [sp, #0x018]
	ldr r0, [r7, #0x04]
	adds r7, r0, r1
	mov r0, sp
	ldrh r0, [r0, #0x20]
	strh r0, [r7, #0x34]
	mov r1, sp
	ldrh r1, [r1, #0x24]
	strh r1, [r7, #0x36]
	adds r0, r7, #0x0
	adds r0, #0x38
	mov r2, r10
	strb r2, [r0, #0x00]
	adds r0, #0x01
	mov r1, r9
	strb r1, [r0, #0x00]
	mov r2, sp
	ldrh r2, [r2, #0x2C]
	strh r2, [r7, #0x3C]
	adds r3, r7, #0x0
	adds r3, #0x41
	lsls r2, r4, #0x05
	ldrb r1, [r3, #0x00]
	movs r0, #0x1F
	ands r0, r1
	orrs r0, r2
	movs r1, #0x19
	negs r1, r1
	ands r0, r1
	strb r0, [r3, #0x00]
	adds r4, r7, #0x0
	adds r4, #0x42
	ldrb r1, [r4, #0x00]
	movs r3, #0x02
	negs r3, r3
	adds r0, r3, #0x0
	ands r0, r1
	movs r1, #0x02
	orrs r0, r1
	movs r1, #0x05
	negs r1, r1
	ands r0, r1
	movs r2, #0x79
	negs r2, r2
	ands r0, r2
	strb r0, [r4, #0x00]
	movs r0, #0x00
	str r0, [r7, #0x28]
	strh r0, [r7, #0x3A]
	adds r2, r7, #0x0
	adds r2, #0x43
	ldrb r0, [r2, #0x00]
	ands r1, r0
	movs r0, #0x03
	negs r0, r0
	ands r1, r0
	ands r1, r3
	strb r1, [r2, #0x00]
	ldrb r1, [r4, #0x00]
	movs r0, #0x7F
	ands r0, r1
	strb r0, [r4, #0x00]
	movs r1, #0x00
	str r1, [r7, #0x48]
	str r1, [r7, #0x44]
	mov r6, r10
	adds r6, #0x01
	mov r5, r9
	adds r5, #0x01
	adds r4, r6, #0x0
	muls r4, r5
	lsls r4, r4, #0x05
	ldr r2, [sp, #0x018]
	ldr r0, [r2, #0x00]
	adds r1, r4, #0x0
	bl sub_80E9414
	ldr r2, [sp, #0x018]
	ldr r1, [r2, #0x04]
	movs r2, #0xCA
	lsls r2, r2, #0x01
	adds r1, r1, r2
	ldr r1, [r1, #0x00]
	adds r0, r0, r1
	str r0, [r7, #0x2C]
	mov r8, r0
	ldr r0, _080E5E30 @ =0x03001034
	ldr r3, [r0, #0x00]
	movs r0, #0x00
	mov r1, r8
	adds r2, r4, #0x0
	bl _call_via_r3
	ldr r0, [sp, #0x020]
	lsls r4, r0, #0x10
	lsrs r2, r4, #0x10
	ldr r1, [sp, #0x024]
	lsls r1, r1, #0x10
	str r1, [sp, #0x034]
	lsrs r3, r1, #0x10
	lsls r0, r6, #0x18
	lsrs r0, r0, #0x18
	str r0, [sp, #0x000]
	lsls r0, r5, #0x18
	lsrs r0, r0, #0x18
	str r0, [sp, #0x004]
	ldr r0, [sp, #0x018]
	adds r1, r7, #0x0
	bl sub_80E8FB8
	mov r2, r9
	str r2, [sp, #0x000]
	ldr r0, [sp, #0x028]
	str r0, [sp, #0x004]
	ldr r1, [sp, #0x02C]
	str r1, [sp, #0x008]
	ldr r0, [sp, #0x018]
	adds r1, r7, #0x0
	ldr r2, [sp, #0x01C]
	mov r3, r10
	bl sub_80E84BC
	ldr r2, [sp, #0x030]
	adds r2, #0x02
	str r2, [sp, #0x030]
	asrs r2, r4, #0x10
	adds r0, r2, #0x0
	str r5, [sp, #0x038]
	cmp r2, #0x00
	bge _080E5DB2
	adds r0, r2, #0x7
_080E5DB2:
	asrs r0, r0, #0x03
	lsls r0, r0, #0x03
	subs r0, r2, r0
	lsls r0, r0, #0x10
	lsrs r0, r0, #0x10
	str r0, [sp, #0x020]
	ldr r0, [sp, #0x034]
	asrs r3, r0, #0x10
	adds r0, r3, #0x0
	cmp r3, #0x00
	bge _080E5DCA
	adds r0, r3, #0x7
_080E5DCA:
	asrs r0, r0, #0x03
	lsls r0, r0, #0x03
	subs r0, r3, r0
	lsls r0, r0, #0x10
	lsrs r0, r0, #0x10
	str r0, [sp, #0x024]
	ldr r3, [sp, #0x020]
	adds r3, #0x10
	lsls r3, r3, #0x18
	lsrs r3, r3, #0x18
	movs r0, #0x18
	ldr r1, [sp, #0x020]
	subs r0, r0, r1
	lsls r0, r0, #0x18
	lsrs r0, r0, #0x18
	str r0, [sp, #0x000]
	movs r2, #0x00
	str r2, [sp, #0x004]
	str r2, [sp, #0x008]
	movs r0, #0x06
	str r0, [sp, #0x00C]
	movs r0, #0x01
	str r0, [sp, #0x010]
	ldr r1, [sp, #0x018]
	ldr r0, [r1, #0x04]
	ldr r2, _080E5E34 @ =0x000001B7
	adds r0, r0, r2
	ldrb r0, [r0, #0x00]
	lsrs r0, r0, #0x05
	str r0, [sp, #0x014]
	adds r0, r7, #0x0
	mov r1, r8
	adds r2, r6, #0x0
	bl sub_8199D78
	ldr r1, [sp, #0x024]
	lsls r0, r1, #0x10
	asrs r0, r0, #0x10
	adds r2, r0, #0x0
	adds r2, #0x09
	mov r1, r9
	subs r1, #0x04
	cmp r1, #0x05
	bgt _080E5E3C
	ldr r0, _080E5E38 @ =0x083B9530
	adds r0, r1, r0
	ldrb r0, [r0, #0x00]
	adds r0, r2, r0
	b _080E5E3E
_080E5E2C: .4byte 0x0300034C
_080E5E30: .4byte 0x03001034
_080E5E34: .4byte 0x000001B7
_080E5E38: .4byte 0x083B9530
_080E5E3C:
	adds r0, #0x0C
_080E5E3E:
	lsls r0, r0, #0x18
	lsrs r2, r0, #0x18
	adds r0, r7, #0x0
	movs r1, #0x00
	ldr r3, [sp, #0x030]
	bl sub_8199D5C
	ldr r2, [sp, #0x018]
	ldr r0, [r2, #0x04]
	movs r7, #0xDA
	lsls r7, r7, #0x01
	adds r2, r0, r7
	movs r1, #0xD9
	lsls r1, r1, #0x01
	adds r3, r0, r1
	movs r0, #0x01
	ldr r7, [sp, #0x01C]
	lsls r0, r7
	ldrb r1, [r3, #0x00]
	orrs r0, r1
	strb r0, [r3, #0x00]
	movs r1, #0xFF
	ands r0, r1
	ldrb r1, [r2, #0x00]
	orrs r0, r1
	strb r0, [r2, #0x00]
	movs r0, #0x07
	ldr r1, [sp, #0x02C]
	ands r0, r1
	cmp r0, #0x02
	beq _080E5EB4
	cmp r0, #0x02
	bgt _080E5E86
	cmp r0, #0x01
	beq _080E5E8C
	b _080E5F1C
_080E5E86:
	cmp r0, #0x03
	beq _080E5EE8
	b _080E5F1C
_080E5E8C:
	ldr r2, [sp, #0x020]
	lsls r5, r2, #0x10
	asrs r5, r5, #0x10
	ldr r7, [sp, #0x024]
	lsls r4, r7, #0x10
	asrs r4, r4, #0x10
	mov r0, r10
	str r0, [sp, #0x000]
	mov r1, r9
	str r1, [sp, #0x004]
	ldr r0, [sp, #0x018]
	mov r1, r8
	adds r2, r5, #0x0
	adds r3, r4, #0x0
	bl sub_80E7B48
	mov r2, r10
	str r2, [sp, #0x000]
	mov r7, r9
	b _080E5ED8
_080E5EB4:
	ldr r0, [sp, #0x020]
	lsls r5, r0, #0x10
	asrs r5, r5, #0x10
	ldr r1, [sp, #0x024]
	lsls r4, r1, #0x10
	asrs r4, r4, #0x10
	mov r2, r10
	str r2, [sp, #0x000]
	mov r7, r9
	str r7, [sp, #0x004]
	ldr r0, [sp, #0x018]
	mov r1, r8
	adds r2, r5, #0x0
	adds r3, r4, #0x0
	bl sub_80E7E0C
	mov r0, r10
	str r0, [sp, #0x000]
_080E5ED8:
	str r7, [sp, #0x004]
	ldr r0, [sp, #0x018]
	mov r1, r8
	adds r2, r5, #0x0
	adds r3, r4, #0x0
	bl sub_80E91B4
	b _080E5F32
_080E5EE8:
	ldr r1, [sp, #0x020]
	lsls r5, r1, #0x10
	asrs r5, r5, #0x10
	ldr r2, [sp, #0x024]
	lsls r4, r2, #0x10
	asrs r4, r4, #0x10
	mov r7, r10
	str r7, [sp, #0x000]
	mov r0, r9
	str r0, [sp, #0x004]
	ldr r0, [sp, #0x018]
	mov r1, r8
	adds r2, r5, #0x0
	adds r3, r4, #0x0
	bl sub_80E8228
	str r7, [sp, #0x000]
	mov r1, r9
	str r1, [sp, #0x004]
	ldr r0, [sp, #0x018]
	mov r1, r8
	adds r2, r5, #0x0
	adds r3, r4, #0x0
	bl sub_80E90CC
	b _080E5F32
_080E5F1C:
	ldr r1, _080E5F6C @ =0x03001034
	ldr r2, [sp, #0x038]
	lsls r0, r2, #0x02
	adds r2, r6, #0x0
	muls r2, r0
	lsls r2, r2, #0x03
	ldr r3, [r1, #0x00]
	movs r0, #0x00
	mov r1, r8
	bl _call_via_r3
_080E5F32:
	ldr r7, [sp, #0x018]
	ldr r3, [r7, #0x04]
	ldr r1, _080E5F70 @ =0x000001B3
	adds r0, r3, r1
	ldrb r0, [r0, #0x00]
	ldr r2, [sp, #0x01C]
	asrs r0, r2
	movs r1, #0x01
	ands r0, r1
	cmp r0, #0x00
	beq _080E5F74
	movs r7, #0xCA
	lsls r7, r7, #0x01
	adds r0, r3, r7
	ldr r1, [r0, #0x00]
	mov r0, r8
	subs r1, r0, r1
	ldr r2, [sp, #0x038]
	lsls r0, r2, #0x02
	adds r2, r6, #0x0
	muls r2, r0
	lsls r2, r2, #0x03
	movs r0, #0x00
	str r0, [sp, #0x000]
	mov r0, r8
	movs r3, #0x20
	bl sub_8018218
	b _080E5F9A
_080E5F6C: .4byte 0x03001034
_080E5F70: .4byte 0x000001B3
_080E5F74:
	ldr r2, _080E5FAC @ =0x040000D4
	mov r7, r8
	str r7, [r2, #0x00]
	movs r1, #0xCA
	lsls r1, r1, #0x01
	adds r0, r3, r1
	ldr r0, [r0, #0x00]
	subs r0, r7, r0
	str r0, [r2, #0x04]
	ldr r7, [sp, #0x038]
	lsls r0, r7, #0x02
	muls r0, r6
	lsls r0, r0, #0x03
	lsrs r0, r0, #0x02
	movs r1, #0x84
	lsls r1, r1, #0x18
	orrs r0, r1
	str r0, [r2, #0x08]
	ldr r0, [r2, #0x08]
_080E5F9A:
	add sp, #0x03C
	pop {r3, r4, r5}
	mov r8, r3
	mov r9, r4
	mov r10, r5
	pop {r4, r5, r6, r7}
	pop {r0}
	bx r0
	.byte 0x00, 0x00
_080E5FAC: .4byte 0x040000D4
	thumb_func_start sub_80E5FB0
sub_80E5FB0:
	push {r4, r5, r6, r7, lr}
	mov r7, r10
	mov r6, r9
	mov r5, r8
	push {r5, r6, r7}
	add sp, #-0x034
	mov r10, r0
	ldr r0, [sp, #0x054]
	ldr r4, [sp, #0x058]
	ldr r5, [sp, #0x05C]
	ldr r6, [sp, #0x060]
	ldr r7, [sp, #0x064]
	mov r8, r7
	lsls r1, r1, #0x18
	lsrs r1, r1, #0x18
	str r1, [sp, #0x018]
	lsls r2, r2, #0x10
	lsrs r2, r2, #0x10
	str r2, [sp, #0x01C]
	lsls r3, r3, #0x10
	lsrs r3, r3, #0x10
	str r3, [sp, #0x020]
	lsls r0, r0, #0x18
	lsrs r0, r0, #0x18
	mov r9, r0
	lsls r4, r4, #0x18
	lsrs r7, r4, #0x18
	lsls r5, r5, #0x10
	lsrs r5, r5, #0x10
	str r5, [sp, #0x024]
	lsls r6, r6, #0x10
	lsrs r6, r6, #0x10
	str r6, [sp, #0x028]
	mov r0, r8
	lsls r0, r0, #0x18
	lsrs r4, r0, #0x18
	mov r1, r9
	cmp r1, #0x00
	bne _080E6010
	mov r0, r10
	ldr r1, [sp, #0x068]
	movs r2, #0x00
	bl sub_80E92AC
	lsrs r0, r0, #0x10
	lsls r0, r0, #0x18
	lsrs r0, r0, #0x18
	mov r9, r0
_080E6010:
	movs r0, #0x07
	ldr r2, [sp, #0x028]
	ands r0, r2
	cmp r0, #0x02
	bne _080E6042
	cmp r7, #0x03
	bhi _080E6020
	movs r7, #0x04
_080E6020:
	mov r0, r9
	adds r0, #0x02
	movs r1, #0x03
	bl __divsi3
	lsls r1, r0, #0x01
	adds r1, r1, r0
	lsls r1, r1, #0x18
	lsrs r1, r1, #0x18
	mov r9, r1
	adds r0, r7, #0x1
	movs r7, #0x02
	negs r7, r7
	adds r1, r7, #0x0
	ands r0, r1
	lsls r0, r0, #0x18
	lsrs r7, r0, #0x18
_080E6042:
	mov r0, r9
	adds r0, #0x04
	lsls r0, r0, #0x18
	lsrs r0, r0, #0x18
	mov r9, r0
	adds r0, r7, #0x2
	lsls r0, r0, #0x18
	lsrs r7, r0, #0x18
	movs r0, #0x4C
	ldr r2, [sp, #0x018]
	adds r1, r2, #0x0
	muls r1, r0
	mov r2, r10
	ldr r0, [r2, #0x04]
	adds r6, r0, r1
	mov r0, sp
	ldrh r0, [r0, #0x1C]
	strh r0, [r6, #0x34]
	mov r1, sp
	ldrh r1, [r1, #0x20]
	strh r1, [r6, #0x36]
	adds r0, r6, #0x0
	adds r0, #0x38
	mov r2, r9
	strb r2, [r0, #0x00]
	adds r0, #0x01
	strb r7, [r0, #0x00]
	mov r0, sp
	ldrh r0, [r0, #0x28]
	strh r0, [r6, #0x3C]
	adds r3, r6, #0x0
	adds r3, #0x41
	lsls r2, r4, #0x05
	ldrb r1, [r3, #0x00]
	movs r0, #0x1F
	ands r0, r1
	orrs r0, r2
	movs r1, #0x19
	negs r1, r1
	ands r0, r1
	strb r0, [r3, #0x00]
	adds r4, r6, #0x0
	adds r4, #0x42
	ldrb r1, [r4, #0x00]
	movs r3, #0x02
	negs r3, r3
	adds r0, r3, #0x0
	ands r0, r1
	movs r1, #0x02
	orrs r0, r1
	movs r1, #0x05
	negs r1, r1
	ands r0, r1
	movs r2, #0x79
	negs r2, r2
	ands r0, r2
	strb r0, [r4, #0x00]
	movs r2, #0x00
	str r2, [r6, #0x28]
	strh r2, [r6, #0x3A]
	adds r2, r6, #0x0
	adds r2, #0x43
	ldrb r0, [r2, #0x00]
	ands r1, r0
	movs r0, #0x03
	negs r0, r0
	ands r1, r0
	ands r1, r3
	strb r1, [r2, #0x00]
	ldrb r1, [r4, #0x00]
	movs r0, #0x7F
	ands r0, r1
	strb r0, [r4, #0x00]
	movs r0, #0x00
	str r0, [r6, #0x48]
	str r0, [r6, #0x44]
	mov r1, r9
	adds r1, #0x01
	str r1, [sp, #0x02C]
	adds r5, r7, #0x1
	adds r4, r1, #0x0
	muls r4, r5
	lsls r4, r4, #0x05
	mov r2, r10
	ldr r0, [r2, #0x00]
	adds r1, r4, #0x0
	bl sub_80E9414
	mov r2, r10
	ldr r1, [r2, #0x04]
	movs r2, #0xCA
	lsls r2, r2, #0x01
	adds r1, r1, r2
	ldr r1, [r1, #0x00]
	adds r0, r0, r1
	str r0, [r6, #0x2C]
	mov r8, r0
	ldr r0, _080E61D4 @ =0x03001034
	ldr r3, [r0, #0x00]
	movs r0, #0x00
	mov r1, r8
	adds r2, r4, #0x0
	bl _call_via_r3
	ldr r0, [sp, #0x01C]
	lsls r4, r0, #0x10
	lsrs r2, r4, #0x10
	ldr r1, [sp, #0x020]
	lsls r1, r1, #0x10
	str r1, [sp, #0x030]
	lsrs r3, r1, #0x10
	ldr r1, [sp, #0x02C]
	lsls r0, r1, #0x18
	lsrs r0, r0, #0x18
	str r0, [sp, #0x000]
	lsls r5, r5, #0x18
	lsrs r5, r5, #0x18
	str r5, [sp, #0x004]
	mov r0, r10
	adds r1, r6, #0x0
	bl sub_80E8FB8
	str r7, [sp, #0x000]
	ldr r2, [sp, #0x024]
	str r2, [sp, #0x004]
	ldr r0, [sp, #0x028]
	str r0, [sp, #0x008]
	mov r0, r10
	adds r1, r6, #0x0
	ldr r2, [sp, #0x018]
	mov r3, r9
	bl sub_80E84BC
	ldr r1, [sp, #0x068]
	adds r1, #0x02
	str r1, [sp, #0x068]
	asrs r2, r4, #0x10
	adds r0, r2, #0x0
	cmp r2, #0x00
	bge _080E615C
	adds r0, r2, #0x7
_080E615C:
	asrs r0, r0, #0x03
	lsls r0, r0, #0x03
	subs r0, r2, r0
	lsls r0, r0, #0x10
	lsrs r0, r0, #0x10
	str r0, [sp, #0x01C]
	ldr r2, [sp, #0x030]
	asrs r3, r2, #0x10
	adds r0, r3, #0x0
	cmp r3, #0x00
	bge _080E6174
	adds r0, r3, #0x7
_080E6174:
	asrs r0, r0, #0x03
	lsls r0, r0, #0x03
	subs r0, r3, r0
	lsls r0, r0, #0x10
	lsrs r0, r0, #0x10
	str r0, [sp, #0x020]
	ldr r3, [sp, #0x01C]
	adds r3, #0x10
	lsls r3, r3, #0x18
	lsrs r3, r3, #0x18
	movs r0, #0x18
	ldr r1, [sp, #0x01C]
	subs r0, r0, r1
	lsls r0, r0, #0x18
	lsrs r0, r0, #0x18
	str r0, [sp, #0x000]
	movs r2, #0x00
	str r2, [sp, #0x004]
	str r2, [sp, #0x008]
	movs r0, #0x06
	str r0, [sp, #0x00C]
	movs r0, #0x01
	str r0, [sp, #0x010]
	mov r1, r10
	ldr r0, [r1, #0x04]
	ldr r2, _080E61D8 @ =0x000001B7
	adds r0, r0, r2
	ldrb r0, [r0, #0x00]
	lsrs r0, r0, #0x05
	str r0, [sp, #0x014]
	adds r0, r6, #0x0
	mov r1, r8
	ldr r2, [sp, #0x02C]
	bl sub_8199D78
	ldr r1, [sp, #0x020]
	lsls r0, r1, #0x10
	asrs r0, r0, #0x10
	adds r2, r0, #0x0
	adds r2, #0x09
	subs r1, r7, #0x4
	cmp r1, #0x05
	bgt _080E61E0
	ldr r0, _080E61DC @ =0x083B9530
	adds r0, r1, r0
	ldrb r0, [r0, #0x00]
	adds r0, r2, r0
	b _080E61E2
_080E61D4: .4byte 0x03001034
_080E61D8: .4byte 0x000001B7
_080E61DC: .4byte 0x083B9530
_080E61E0:
	adds r0, #0x0C
_080E61E2:
	lsls r0, r0, #0x18
	lsrs r2, r0, #0x18
	adds r0, r6, #0x0
	movs r1, #0x00
	ldr r3, [sp, #0x068]
	bl sub_8199D5C
	mov r2, r10
	ldr r0, [r2, #0x04]
	movs r1, #0xDA
	lsls r1, r1, #0x01
	adds r2, r0, r1
	subs r1, #0x02
	adds r3, r0, r1
	movs r0, #0x01
	ldr r1, [sp, #0x018]
	lsls r0, r1
	ldrb r1, [r3, #0x00]
	orrs r0, r1
	strb r0, [r3, #0x00]
	movs r1, #0xFF
	ands r0, r1
	ldrb r1, [r2, #0x00]
	orrs r0, r1
	strb r0, [r2, #0x00]
	movs r0, #0x07
	ldr r2, [sp, #0x028]
	ands r0, r2
	cmp r0, #0x02
	beq _080E6260
	cmp r0, #0x02
	bgt _080E6228
	cmp r0, #0x01
	beq _080E622E
	b _080E62CA
_080E6228:
	cmp r0, #0x03
	beq _080E6292
	b _080E62CA
_080E622E:
	ldr r0, [sp, #0x01C]
	lsls r5, r0, #0x10
	asrs r5, r5, #0x10
	ldr r1, [sp, #0x020]
	lsls r4, r1, #0x10
	asrs r4, r4, #0x10
	mov r2, r9
	str r2, [sp, #0x000]
	str r7, [sp, #0x004]
	mov r0, r10
	mov r1, r8
	adds r2, r5, #0x0
	adds r3, r4, #0x0
	bl sub_80E7B48
	mov r0, r9
	str r0, [sp, #0x000]
	str r7, [sp, #0x004]
	mov r0, r10
	mov r1, r8
	adds r2, r5, #0x0
	adds r3, r4, #0x0
	bl sub_80E91B4
	b _080E62C2
_080E6260:
	ldr r1, [sp, #0x01C]
	lsls r5, r1, #0x10
	asrs r5, r5, #0x10
	ldr r2, [sp, #0x020]
	lsls r4, r2, #0x10
	asrs r4, r4, #0x10
	mov r0, r9
	str r0, [sp, #0x000]
	str r7, [sp, #0x004]
	mov r0, r10
	mov r1, r8
	adds r2, r5, #0x0
	adds r3, r4, #0x0
	bl sub_80E7E0C
	mov r1, r9
	str r1, [sp, #0x000]
	str r7, [sp, #0x004]
	mov r0, r10
	mov r1, r8
	adds r2, r5, #0x0
	adds r3, r4, #0x0
	bl sub_80E91B4
	b _080E62C2
_080E6292:
	ldr r2, [sp, #0x01C]
	lsls r5, r2, #0x10
	asrs r5, r5, #0x10
	ldr r0, [sp, #0x020]
	lsls r4, r0, #0x10
	asrs r4, r4, #0x10
	mov r1, r9
	str r1, [sp, #0x000]
	str r7, [sp, #0x004]
	mov r0, r10
	mov r1, r8
	adds r2, r5, #0x0
	adds r3, r4, #0x0
	bl sub_80E8228
	mov r2, r9
	str r2, [sp, #0x000]
	str r7, [sp, #0x004]
	mov r0, r10
	mov r1, r8
	adds r2, r5, #0x0
	adds r3, r4, #0x0
	bl sub_80E90CC
_080E62C2:
	adds r4, r7, #0x1
	mov r5, r9
	adds r5, #0x01
	b _080E62E4
_080E62CA:
	ldr r1, _080E631C @ =0x03001034
	mov r5, r9
	adds r5, #0x01
	adds r4, r7, #0x1
	lsls r0, r4, #0x02
	adds r2, r5, #0x0
	muls r2, r0
	lsls r2, r2, #0x03
	ldr r3, [r1, #0x00]
	movs r0, #0x00
	mov r1, r8
	bl _call_via_r3
_080E62E4:
	mov r7, r10
	ldr r6, [r7, #0x04]
	ldr r1, _080E6320 @ =0x000001B3
	adds r0, r6, r1
	ldrb r0, [r0, #0x00]
	ldr r2, [sp, #0x018]
	asrs r0, r2
	movs r1, #0x01
	ands r0, r1
	cmp r0, #0x00
	beq _080E6324
	movs r7, #0xCA
	lsls r7, r7, #0x01
	adds r0, r6, r7
	ldr r1, [r0, #0x00]
	mov r0, r8
	subs r1, r0, r1
	lsls r0, r4, #0x02
	adds r2, r5, #0x0
	muls r2, r0
	lsls r2, r2, #0x03
	movs r0, #0x00
	str r0, [sp, #0x000]
	mov r0, r8
	movs r3, #0x20
	bl sub_8018218
	b _080E6348
_080E631C: .4byte 0x03001034
_080E6320: .4byte 0x000001B3
_080E6324:
	ldr r2, _080E6358 @ =0x040000D4
	mov r1, r8
	str r1, [r2, #0x00]
	movs r7, #0xCA
	lsls r7, r7, #0x01
	adds r0, r6, r7
	ldr r0, [r0, #0x00]
	subs r0, r1, r0
	str r0, [r2, #0x04]
	lsls r0, r4, #0x02
	muls r0, r5
	lsls r0, r0, #0x03
	lsrs r0, r0, #0x02
	movs r1, #0x84
	lsls r1, r1, #0x18
	orrs r0, r1
	str r0, [r2, #0x08]
	ldr r0, [r2, #0x08]
_080E6348:
	add sp, #0x034
	pop {r3, r4, r5}
	mov r8, r3
	mov r9, r4
	mov r10, r5
	pop {r4, r5, r6, r7}
	pop {r0}
	bx r0
_080E6358: .4byte 0x040000D4
	thumb_func_start sub_80E635C
sub_80E635C:
	push {r4, r5, r6, r7, lr}
	mov r7, r10
	mov r6, r9
	mov r5, r8
	push {r5, r6, r7}
	add sp, #-0x038
	mov r8, r0
	ldr r3, [r0, #0x04]
	movs r1, #0xD9
	lsls r1, r1, #0x01
	adds r0, r3, r1
	ldrb r0, [r0, #0x00]
	cmp r0, #0x00
	bne _080E637E
	movs r0, #0x00
	bl _080E6E52
_080E637E:
	movs r2, #0xDB
	lsls r2, r2, #0x01
	mov r10, r2
	add r3, r10
	ldrb r2, [r3, #0x00]
	lsls r1, r2, #0x1C
	lsrs r1, r1, #0x1D
	adds r1, #0x01
	movs r0, #0x07
	ands r1, r0
	lsls r1, r1, #0x01
	movs r0, #0x0F
	negs r0, r0
	ands r0, r2
	orrs r0, r1
	strb r0, [r3, #0x00]
	mov r3, r8
	ldr r2, [r3, #0x04]
	mov r0, r10
	adds r4, r2, r0
	ldrb r3, [r4, #0x00]
	movs r1, #0x10
	mov r9, r1
	mov r0, r9
	ands r0, r3
	cmp r0, #0x00
	beq _080E63E8
	ldr r3, _080E63E4 @ =0x03000FB8
	ldr r2, [r3, #0x00]
	ldrb r1, [r2, #0x04]
	movs r0, #0x07
	negs r0, r0
	ands r0, r1
	strb r0, [r2, #0x04]
	ldr r2, [r3, #0x00]
	ldrb r1, [r2, #0x04]
	movs r0, #0x02
	negs r0, r0
	ands r0, r1
	strb r0, [r2, #0x04]
	mov r2, r8
	ldr r0, [r2, #0x04]
	movs r3, #0xDB
	lsls r3, r3, #0x01
	adds r2, r0, r3
	ldrb r1, [r2, #0x00]
	movs r0, #0x11
	negs r0, r0
	ands r0, r1
	strb r0, [r2, #0x00]
	b _080E66A6
_080E63E4: .4byte 0x03000FB8
_080E63E8:
	movs r6, #0x40
	adds r0, r6, #0x0
	ands r0, r3
	cmp r0, #0x00
	bne _080E63F4
	b _080E6690
_080E63F4:
	ldr r0, _080E6428 @ =0x03000FB8
	ldr r7, [r0, #0x00]
	adds r5, r7, #0x0
	adds r5, #0x31
	ldrb r3, [r5, #0x00]
	adds r4, r3, #0x0
	cmp r4, #0x01
	bls _080E64F4
	ldr r2, _080E642C @ =0x0300034C
	ldrh r1, [r2, #0x28]
	adds r0, r6, #0x0
	ands r0, r1
	cmp r0, #0x00
	beq _080E6434
	ldrh r1, [r2, #0x2E]
	adds r0, r6, #0x0
	ands r0, r1
	cmp r0, #0x00
	beq _080E64CA
	adds r1, r7, #0x0
	adds r1, #0x30
	ldrb r0, [r1, #0x00]
	cmp r0, #0x00
	beq _080E6430
	subs r0, #0x01
	b _080E6486
_080E6428: .4byte 0x03000FB8
_080E642C: .4byte 0x0300034C
_080E6430:
	subs r0, r3, #0x1
	b _080E6486
_080E6434:
	movs r4, #0x20
	adds r0, r4, #0x0
	ands r0, r1
	lsls r0, r0, #0x10
	lsrs r6, r0, #0x10
	cmp r6, #0x00
	beq _080E645E
	ldrh r1, [r2, #0x2E]
	adds r0, r4, #0x0
	ands r0, r1
	cmp r0, #0x00
	beq _080E64CA
	adds r1, r7, #0x0
	adds r1, #0x30
	ldrb r0, [r1, #0x00]
	cmp r0, #0x00
	beq _080E645A
	subs r0, #0x01
	b _080E6486
_080E645A:
	subs r0, r3, #0x1
	b _080E6486
_080E645E:
	movs r3, #0x80
	adds r0, r3, #0x0
	ands r0, r1
	lsls r0, r0, #0x10
	lsrs r4, r0, #0x10
	cmp r4, #0x00
	beq _080E6498
	ldrh r1, [r2, #0x2E]
	adds r0, r3, #0x0
	ands r0, r1
	cmp r0, #0x00
	beq _080E64CA
	adds r1, r7, #0x0
	adds r1, #0x30
	ldrb r2, [r1, #0x00]
	ldrb r0, [r5, #0x00]
	subs r0, #0x01
	cmp r2, r0
	bge _080E648A
	adds r0, r2, #0x1
_080E6486:
	strb r0, [r1, #0x00]
	b _080E648C
_080E648A:
	strb r6, [r1, #0x00]
_080E648C:
	movs r1, #0x01
	negs r1, r1
	movs r0, #0x4E
	bl play_sfx_80195B4
	b _080E64CA
_080E6498:
	mov r0, r9
	ands r0, r1
	cmp r0, #0x00
	beq _080E64CA
	ldrh r1, [r2, #0x2E]
	mov r0, r9
	ands r0, r1
	cmp r0, #0x00
	beq _080E64CA
	adds r1, r7, #0x0
	adds r1, #0x30
	ldrb r2, [r1, #0x00]
	ldrb r0, [r5, #0x00]
	subs r0, #0x01
	cmp r2, r0
	bge _080E64BE
	adds r0, r2, #0x1
	strb r0, [r1, #0x00]
	b _080E64C0
_080E64BE:
	strb r4, [r1, #0x00]
_080E64C0:
	movs r1, #0x01
	negs r1, r1
	movs r0, #0x4E
	bl play_sfx_80195B4
_080E64CA:
	ldr r3, _080E64F0 @ =0x03000FB8
	ldr r4, [r3, #0x00]
	adds r2, r4, #0x0
	adds r2, #0x30
	ldrb r1, [r2, #0x00]
	lsls r1, r1, #0x01
	adds r0, r4, #0x0
	adds r0, #0x08
	adds r0, r0, r1
	ldrh r0, [r0, #0x00]
	strh r0, [r7, #0x00]
	ldrb r1, [r2, #0x00]
	lsls r1, r1, #0x01
	adds r0, r4, #0x0
	adds r0, #0x18
	adds r0, r0, r1
	ldrh r0, [r0, #0x00]
	strh r0, [r7, #0x02]
	b _080E654C
_080E64F0: .4byte 0x03000FB8
_080E64F4:
	cmp r4, #0x00
	bne _080E654C
	ldr r1, _080E6598 @ =0x000001B5
	adds r0, r2, r1
	ldrb r1, [r0, #0x00]
	movs r0, #0x4C
	muls r0, r1
	adds r5, r2, r0
	adds r0, r5, #0x0
	adds r0, #0x38
	ldrb r0, [r0, #0x00]
	lsls r0, r0, #0x03
	ldrh r2, [r5, #0x34]
	adds r0, r0, r2
	subs r0, #0x11
	strh r0, [r7, #0x00]
	adds r0, r5, #0x0
	adds r0, #0x39
	ldrb r0, [r0, #0x00]
	lsls r0, r0, #0x03
	ldrh r5, [r5, #0x36]
	adds r0, r0, r5
	subs r0, #0x14
	strh r0, [r7, #0x02]
	mov r3, r8
	ldr r2, [r3, #0x04]
	add r2, r10
	ldrb r3, [r2, #0x00]
	lsls r1, r3, #0x1F
	lsrs r1, r1, #0x1F
	adds r1, #0x01
	movs r0, #0x01
	ands r1, r0
	movs r0, #0x02
	negs r0, r0
	ands r0, r3
	orrs r0, r1
	strb r0, [r2, #0x00]
	ldr r0, _080E659C @ =0x03000FB8
	ldr r1, [r0, #0x00]
	adds r1, #0x31
	ldrb r0, [r1, #0x00]
	adds r0, #0x01
	strb r0, [r1, #0x00]
_080E654C:
	mov r1, r8
	ldr r0, [r1, #0x04]
	movs r2, #0xDB
	lsls r2, r2, #0x01
	mov r9, r2
	adds r6, r0, r2
	ldrb r2, [r6, #0x00]
	movs r3, #0x01
	mov r10, r3
	mov r5, r10
	ands r5, r2
	cmp r5, #0x00
	beq _080E65A4
	ldrb r0, [r7, #0x04]
	movs r1, #0x01
	orrs r0, r1
	movs r1, #0x39
	negs r1, r1
	ands r0, r1
	strb r0, [r7, #0x04]
	ldrh r1, [r7, #0x04]
	ldr r0, _080E65A0 @ =0xFFFFC03F
	ands r0, r1
	movs r1, #0x40
	orrs r0, r1
	strh r0, [r7, #0x04]
	mov r1, r8
	ldr r0, [r1, #0x04]
	movs r3, #0xDB
	lsls r3, r3, #0x01
	adds r2, r0, r3
	ldrb r1, [r2, #0x00]
	movs r0, #0x02
	negs r0, r0
	ands r0, r1
	strb r0, [r2, #0x00]
	b _080E667E
	.byte 0x00, 0x00
_080E6598: .4byte 0x000001B5
_080E659C: .4byte 0x03000FB8
_080E65A0: .4byte 0xFFFFC03F
_080E65A4:
	ldr r0, _080E65F4 @ =0x03000FB8
	ldr r3, [r0, #0x00]
	adds r0, r3, #0x0
	adds r0, #0x31
	ldrb r4, [r0, #0x00]
	cmp r4, #0x01
	bls _080E6654
	ldr r0, _080E65F8 @ =0x0300034C
	ldrh r1, [r3, #0x2A]
	ldrh r2, [r0, #0x2A]
	adds r0, r2, #0x0
	ands r0, r1
	cmp r0, #0x00
	beq _080E65FC
	movs r1, #0x01
	negs r1, r1
	movs r0, #0x60
	bl play_sfx_80195B4
	mov r2, r8
	ldr r1, [r2, #0x04]
	add r1, r9
	ldrb r2, [r1, #0x00]
	movs r0, #0x41
	negs r0, r0
	ands r0, r2
	strb r0, [r1, #0x00]
	mov r3, r8
	ldr r1, [r3, #0x04]
	add r1, r9
	ldrb r0, [r1, #0x00]
	movs r2, #0x10
	orrs r0, r2
	strb r0, [r1, #0x00]
	ldr r1, _080E65F4 @ =0x03000FB8
	ldr r0, [r1, #0x00]
	adds r0, #0x32
	mov r2, r10
	strb r2, [r0, #0x00]
	b _080E6678
_080E65F4: .4byte 0x03000FB8
_080E65F8: .4byte 0x0300034C
_080E65FC:
	adds r0, r3, #0x0
	adds r0, #0x32
	ldrb r0, [r0, #0x00]
	cmp r0, r4
	bcs _080E667E
	ldrh r0, [r3, #0x2C]
	ands r2, r0
	cmp r2, #0x00
	beq _080E667E
	movs r1, #0x01
	negs r1, r1
	movs r0, #0x61
	bl play_sfx_80195B4
	mov r3, r8
	ldr r1, [r3, #0x04]
	add r1, r9
	ldrb r2, [r1, #0x00]
	movs r0, #0x41
	negs r0, r0
	ands r0, r2
	strb r0, [r1, #0x00]
	ldr r1, [r3, #0x04]
	add r1, r9
	ldrb r0, [r1, #0x00]
	movs r2, #0x10
	orrs r0, r2
	strb r0, [r1, #0x00]
	ldr r1, _080E6650 @ =0x03000FB8
	ldr r0, [r1, #0x00]
	adds r1, r0, #0x0
	adds r1, #0x32
	ldrb r1, [r1, #0x00]
	adds r0, #0x30
	strb r1, [r0, #0x00]
	ldr r2, _080E6650 @ =0x03000FB8
	ldr r0, [r2, #0x00]
	adds r0, #0x32
	mov r3, r10
	strb r3, [r0, #0x00]
	ldr r0, [r2, #0x00]
	b _080E667A
_080E6650: .4byte 0x03000FB8
_080E6654:
	ldr r0, _080E6688 @ =0x0300034C
	ldrh r1, [r3, #0x28]
	ldrh r0, [r0, #0x2A]
	ands r0, r1
	cmp r0, #0x00
	beq _080E667E
	movs r0, #0x41
	negs r0, r0
	ands r0, r2
	strb r0, [r6, #0x00]
	mov r0, r8
	ldr r1, [r0, #0x04]
	add r1, r9
	ldrb r0, [r1, #0x00]
	movs r2, #0x10
	orrs r0, r2
	strb r0, [r1, #0x00]
	ldr r1, _080E668C @ =0x03000FB8
_080E6678:
	ldr r0, [r1, #0x00]
_080E667A:
	adds r0, #0x31
	strb r5, [r0, #0x00]
_080E667E:
	mov r0, r8
	adds r1, r7, #0x0
	bl sub_80E76B8
	b _080E66A6
_080E6688: .4byte 0x0300034C
_080E668C: .4byte 0x03000FB8
_080E6690:
	ldr r0, _080E6730 @ =0x03000FB8
	ldr r0, [r0, #0x00]
	ldr r1, _080E6734 @ =0x0300034C
	ldrh r2, [r0, #0x2E]
	ldrh r0, [r1, #0x2A]
	ands r0, r2
	cmp r0, #0x00
	beq _080E66A6
	movs r0, #0x20
	orrs r0, r3
	strb r0, [r4, #0x00]
_080E66A6:
	movs r2, #0x00
	str r2, [sp, #0x028]
	movs r3, #0x00
	str r3, [sp, #0x020]
	movs r0, #0x00
	str r0, [sp, #0x024]
	mov r1, r8
	ldr r0, [r1, #0x04]
	movs r2, #0xDA
	lsls r2, r2, #0x01
	adds r0, r0, r2
	movs r1, #0x7F
	strb r1, [r0, #0x00]
	mov r3, r8
	ldr r2, [r3, #0x04]
	movs r1, #0xDB
	lsls r1, r1, #0x01
	adds r0, r2, r1
	ldrb r1, [r0, #0x00]
	movs r0, #0x20
	ands r0, r1
	cmp r0, #0x00
	bne _080E66E4
	movs r0, #0x0E
	ands r0, r1
	movs r1, #0x02
	eors r0, r1
	negs r1, r0
	orrs r1, r0
	lsrs r1, r1, #0x1F
	str r1, [sp, #0x024]
_080E66E4:
	movs r3, #0x00
	str r3, [sp, #0x02C]
	adds r5, r2, #0x0
_080E66EA:
	mov r0, r8
	ldr r3, [r0, #0x04]
	movs r4, #0xD9
	lsls r4, r4, #0x01
	adds r0, r3, r4
	ldrb r0, [r0, #0x00]
	ldr r1, [sp, #0x02C]
	lsls r2, r1, #0x10
	asrs r6, r2, #0x10
	asrs r0, r6
	movs r1, #0x01
	eors r0, r1
	ands r0, r1
	str r2, [sp, #0x030]
	adds r2, r5, #0x0
	adds r2, #0x4C
	str r2, [sp, #0x034]
	cmp r0, #0x00
	beq _080E6712
	b _080E6DAC
_080E6712:
	ldr r0, [sp, #0x024]
	cmp r0, #0x00
	beq _080E6738
	ldr r1, [sp, #0x030]
	lsrs r2, r1, #0x10
	mov r0, r8
	adds r1, r5, #0x0
	bl sub_80E7A84
	movs r0, #0x01
	lsls r0, r6
	ldr r2, [sp, #0x020]
	orrs r2, r0
	lsls r0, r2, #0x10
	b _080E680A
_080E6730: .4byte 0x03000FB8
_080E6734: .4byte 0x0300034C
_080E6738:
	adds r1, r5, #0x0
	adds r1, #0x42
	ldrb r2, [r1, #0x00]
	movs r0, #0x02
	ands r0, r2
	mov r9, r1
	cmp r0, #0x00
	beq _080E67A4
	ldr r3, [sp, #0x030]
	lsrs r2, r3, #0x10
	mov r0, r8
	adds r1, r5, #0x0
	bl sub_80E7A84
	mov r0, r8
	ldr r1, [r0, #0x04]
	adds r1, r1, r4
	movs r3, #0x01
	lsls r3, r6
	ldrb r0, [r1, #0x00]
	bics r0, r3
	strb r0, [r1, #0x00]
	mov r1, r8
	ldr r0, [r1, #0x04]
	ldr r1, _080E67A0 @ =0x000001B3
	adds r2, r0, r1
	ldrb r1, [r2, #0x00]
	adds r0, r3, #0x0
	orrs r0, r1
	strb r0, [r2, #0x00]
	adds r2, r5, #0x0
	adds r2, #0x41
	ldrb r1, [r2, #0x00]
	movs r0, #0x19
	negs r0, r0
	ands r0, r1
	strb r0, [r2, #0x00]
	mov r2, r9
	ldrb r1, [r2, #0x00]
	movs r0, #0x03
	negs r0, r0
	ands r0, r1
	strb r0, [r2, #0x00]
	ldr r0, [sp, #0x028]
	orrs r0, r3
	lsls r0, r0, #0x10
	lsrs r0, r0, #0x10
	str r0, [sp, #0x028]
	ldr r1, [sp, #0x020]
	orrs r1, r3
	b _080E6808
	.byte 0x00, 0x00
_080E67A0: .4byte 0x000001B3
_080E67A4:
	movs r0, #0x04
	ands r0, r2
	cmp r0, #0x00
	beq _080E67CC
	ldr r3, [sp, #0x030]
	lsrs r2, r3, #0x10
	mov r0, r8
	adds r1, r5, #0x0
	bl sub_80E7A84
	adds r2, r5, #0x0
	adds r2, #0x41
	ldrb r1, [r2, #0x00]
	movs r0, #0x19
	negs r0, r0
	ands r0, r1
	strb r0, [r2, #0x00]
	movs r0, #0x01
	lsls r0, r6
	b _080E6804
_080E67CC:
	movs r2, #0xDB
	lsls r2, r2, #0x01
	adds r0, r3, r2
	ldrb r1, [r0, #0x00]
	movs r0, #0x40
	ands r0, r1
	cmp r0, #0x00
	beq _080E6814
	ldr r1, _080E6810 @ =0x000001B5
	adds r0, r3, r1
	ldrb r4, [r0, #0x00]
	cmp r4, r6
	bne _080E6814
	ldr r3, [sp, #0x030]
	lsrs r2, r3, #0x10
	mov r0, r8
	adds r1, r5, #0x0
	bl sub_80E7A84
	adds r2, r5, #0x0
	adds r2, #0x41
	ldrb r1, [r2, #0x00]
	movs r0, #0x19
	negs r0, r0
	ands r0, r1
	strb r0, [r2, #0x00]
	movs r0, #0x01
	lsls r0, r4
_080E6804:
	ldr r1, [sp, #0x020]
	orrs r1, r0
_080E6808:
	lsls r0, r1, #0x10
_080E680A:
	lsrs r0, r0, #0x10
	str r0, [sp, #0x020]
	b _080E6DAC
_080E6810: .4byte 0x000001B5
_080E6814:
	ldrh r0, [r5, #0x3A]
	cmp r0, #0x00
	beq _080E6852
	ldr r3, [sp, #0x030]
	lsrs r2, r3, #0x10
	mov r0, r8
	adds r1, r5, #0x0
	bl sub_80E7A84
	adds r2, r5, #0x0
	adds r2, #0x41
	ldrb r1, [r2, #0x00]
	movs r0, #0x19
	negs r0, r0
	ands r0, r1
	strb r0, [r2, #0x00]
	ldrh r0, [r5, #0x3A]
	subs r0, #0x01
	strh r0, [r5, #0x3A]
	ldr r0, [sp, #0x030]
	asrs r1, r0, #0x10
	movs r0, #0x01
	lsls r0, r1
	ldr r1, [sp, #0x020]
	orrs r1, r0
	lsls r0, r1, #0x10
	lsrs r0, r0, #0x10
	str r0, [sp, #0x020]
	adds r5, #0x4C
	str r5, [sp, #0x034]
	b _080E6DAC
_080E6852:
	adds r6, r5, #0x0
	strh r0, [r5, #0x32]
	adds r1, r5, #0x0
	adds r1, #0x41
	ldrb r0, [r1, #0x00]
	lsls r0, r0, #0x1B
	lsrs r7, r0, #0x1E
	mov r10, r1
	adds r2, r5, #0x0
	adds r2, #0x4C
	str r2, [sp, #0x034]
	adds r0, r6, #0x0
	bl sub_8199624
	lsls r0, r0, #0x10
	lsrs r4, r0, #0x10
	cmp r4, #0x00
	bne _080E6878
	b _080E6DAC
_080E6878:
	movs r1, #0xFF
	lsls r1, r1, #0x08
	cmp r4, r1
	bne _080E6882
	b _080E6D30
_080E6882:
	ldr r0, _080E6890 @ =0x0000FFE0
	ands r0, r4
	cmp r0, r1
	bne _080E6894
	movs r0, #0x1F
	ands r0, r4
	b _080E6896
_080E6890: .4byte 0x0000FFE0
_080E6894:
	movs r0, #0x00
_080E6896:
	cmp r0, #0x11
	bls _080E689C
	b _080E6D30
_080E689C:
	lsls r0, r0, #0x02
	ldr r1, _080E68A8 @ =0x080E68AC
	adds r0, r0, r1
	ldr r0, [r0, #0x00]
	mov pc, r0
	.byte 0x00, 0x00
_080E68A8: .4byte 0x080E68AC
	.byte 0xF4, 0x68, 0x0E, 0x08, 0x40, 0x69, 0x0E, 0x08, 0x30, 0x6D, 0x0E, 0x08, 0x88, 0x69, 0x0E, 0x08
	.byte 0x96, 0x69, 0x0E, 0x08, 0x58, 0x6A, 0x0E, 0x08, 0x30, 0x6D, 0x0E, 0x08, 0x30, 0x6D, 0x0E, 0x08
	.byte 0x30, 0x6D, 0x0E, 0x08, 0x30, 0x6D, 0x0E, 0x08, 0x48, 0x6C, 0x0E, 0x08, 0x90, 0x6A, 0x0E, 0x08
	.byte 0x32, 0x6B, 0x0E, 0x08, 0x48, 0x6B, 0x0E, 0x08, 0x78, 0x6B, 0x0E, 0x08, 0x98, 0x6B, 0x0E, 0x08
	.byte 0xB4, 0x6B, 0x0E, 0x08, 0xD8, 0x6B, 0x0E, 0x08, 0x4B, 0x46, 0x1A, 0x78, 0xD1, 0x07, 0xC9, 0x0F
	.byte 0x43, 0x46, 0x58, 0x68, 0xDB, 0x23, 0x5B, 0x00, 0xC0, 0x18, 0x00, 0x78, 0x80, 0x06, 0xC0, 0x0F
	.byte 0x01, 0x43, 0x02, 0x23, 0x5B, 0x42, 0x13, 0x40, 0x0B, 0x43, 0x48, 0x46, 0x03, 0x70, 0x00, 0x2F
	.byte 0x05, 0xD0, 0x01, 0x20, 0x03, 0x40, 0x00, 0x2B, 0x02, 0xD0, 0x02, 0x27, 0x00, 0xE0, 0x01, 0x27
	.byte 0x01, 0x20, 0x68, 0x86, 0x4A, 0x46, 0x11, 0x78, 0x08, 0x40, 0x00, 0x28, 0x96, 0xD1, 0xFF, 0x2C
	.byte 0x94, 0xD0, 0xF7, 0xE1, 0x40, 0x46, 0x29, 0x1C, 0x01, 0xF0, 0x3E, 0xFE, 0x4B, 0x46, 0x19, 0x78
	.byte 0x02, 0x20, 0x01, 0x43, 0x02, 0x20, 0x40, 0x42, 0x01, 0x40, 0x19, 0x70, 0x00, 0x27, 0x51, 0x46
	.byte 0x08, 0x78, 0x40, 0x09, 0x04, 0x28, 0x00, 0xD8, 0x80, 0xE7, 0x07, 0x49, 0x40, 0x00, 0x40, 0x18
	.byte 0x00, 0x88, 0x32, 0xF7, 0x1B, 0xFE, 0x52, 0x46, 0x11, 0x78, 0x1F, 0x20, 0x08, 0x40, 0x20, 0x21
	.byte 0x08, 0x43, 0x10, 0x70, 0x72, 0xE7, 0x00, 0x00, 0x12, 0x95, 0x3B, 0x08, 0x4B, 0x46, 0x18, 0x78
	.byte 0x01, 0x21, 0x08, 0x43, 0x18, 0x70, 0x02, 0x27, 0x68, 0xE7, 0x2E, 0x48, 0x01, 0x68, 0x31, 0x31
	.byte 0x09, 0x78, 0x00, 0x29, 0x31, 0xD1, 0x48, 0x46, 0x01, 0x78, 0x01, 0x22, 0x10, 0x1C, 0x08, 0x40
	.byte 0x00, 0x28, 0x04, 0xD0, 0x38, 0x1C, 0x10, 0x40, 0x00, 0x28, 0x00, 0xD0, 0x02, 0x27, 0x25, 0x49
	.byte 0x0A, 0x68, 0x11, 0x79, 0x07, 0x20, 0x40, 0x42, 0x08, 0x40, 0x04, 0x21, 0x08, 0x43, 0x10, 0x71
	.byte 0x20, 0x4A, 0x10, 0x68, 0x30, 0x30, 0x00, 0x21, 0x01, 0x70, 0x43, 0x46, 0x59, 0x68, 0xDB, 0x23
	.byte 0x5B, 0x00, 0xC9, 0x18, 0x0A, 0x78, 0x11, 0x20, 0x40, 0x42, 0x10, 0x40, 0x08, 0x70, 0x40, 0x46
	.byte 0x42, 0x68, 0xD2, 0x18, 0x13, 0x78, 0xD9, 0x07, 0xC9, 0x0F, 0x01, 0x31, 0x01, 0x20, 0x01, 0x40
	.byte 0x02, 0x20, 0x40, 0x42, 0x18, 0x40, 0x08, 0x43, 0x10, 0x70, 0x12, 0x49, 0x0C, 0x68, 0x31, 0x22
	.byte 0x12, 0x19, 0x94, 0x46, 0x10, 0x78, 0x40, 0x00, 0x22, 0x1C, 0x08, 0x32, 0x12, 0x18, 0xAB, 0x8E
	.byte 0x08, 0x21, 0x49, 0x42, 0x08, 0x1C, 0x18, 0x40, 0x33, 0x7B, 0xC0, 0x18, 0x0B, 0x30, 0x10, 0x80
	.byte 0x62, 0x46, 0x10, 0x78, 0x40, 0x00, 0x22, 0x1C, 0x18, 0x32, 0x12, 0x18, 0xE8, 0x8E, 0x01, 0x40
	.byte 0x73, 0x7B, 0xC9, 0x18, 0x04, 0x48, 0x09, 0x18, 0x11, 0x80, 0x61, 0x46, 0x08, 0x78, 0x01, 0x30
	.byte 0x08, 0x70, 0x0B, 0xE7, 0xB8, 0x0F, 0x00, 0x03, 0xF9, 0xFF, 0x00, 0x00, 0x4B, 0x46, 0x1A, 0x78
	.byte 0x78, 0x20, 0x10, 0x40, 0x00, 0x28, 0x0B, 0xD0, 0x50, 0x06, 0x00, 0x0F, 0x01, 0x38, 0x0F, 0x21
	.byte 0x08, 0x40, 0xC0, 0x00, 0x79, 0x21, 0x49, 0x42, 0x11, 0x40, 0x01, 0x43, 0x19, 0x70, 0xF5, 0xE6
	.byte 0x01, 0x20, 0x38, 0x40, 0x00, 0x28, 0x00, 0xD0, 0x00, 0x27, 0x04, 0x20, 0x10, 0x43, 0x49, 0x46
	.byte 0x08, 0x70, 0x4F, 0xE1, 0xB0, 0x68, 0x04, 0x78, 0x01, 0x30, 0xB0, 0x60, 0x36, 0x22, 0xA9, 0x5E
	.byte 0x08, 0x1C, 0x00, 0x29, 0x00, 0xDA, 0xC8, 0x1D, 0xC0, 0x10, 0xC0, 0x00, 0x08, 0x1A, 0x00, 0x04
	.byte 0x00, 0x0C, 0x09, 0x90, 0x02, 0xA8, 0x31, 0x1C, 0x14, 0x22, 0xF6, 0xF0, 0x3F, 0xF9, 0x00, 0x20
	.byte 0x01, 0x90, 0x06, 0x98, 0x00, 0x90, 0x02, 0x98, 0x03, 0x99, 0x04, 0x9A, 0x05, 0x9B, 0x01, 0xF0
	.byte 0x3B, 0xFF, 0x01, 0x1C, 0x04, 0x48, 0x01, 0x40, 0x01, 0x2C, 0x0D, 0xD0, 0x01, 0x2C, 0x05, 0xDC
	.byte 0x00, 0x2C, 0x06, 0xD0, 0x1C, 0xE0, 0x00, 0x00, 0xFF, 0xFF, 0x00, 0x00, 0x02, 0x2C, 0x0D, 0xD0
	.byte 0x16, 0xE0, 0x09, 0x23, 0x07, 0x93, 0x13, 0xE0, 0x28, 0x1C, 0x39, 0x30, 0x00, 0x78, 0x01, 0x38
	.byte 0xC0, 0x00, 0x40, 0x1A, 0x0A, 0x30, 0x00, 0x04, 0x40, 0x0C, 0x08, 0xE0, 0x28, 0x1C, 0x39, 0x30
	.byte 0x00, 0x78, 0x01, 0x38, 0xC0, 0x00, 0x40, 0x1A, 0x04, 0x38, 0x00, 0x04, 0x00, 0x0C, 0x07, 0x90
	.byte 0x09, 0x98, 0x07, 0x99, 0x42, 0x18, 0x12, 0x06, 0x12, 0x0E, 0xB3, 0x68, 0x30, 0x1C, 0x00, 0x21
	.byte 0xB3, 0xF0, 0x16, 0xF9, 0x9A, 0xE6, 0x01, 0x20, 0x38, 0x40, 0x00, 0x28, 0x00, 0xD0, 0x00, 0x27
	.byte 0xB1, 0x68, 0x08, 0x78, 0x68, 0x87, 0x01, 0x31, 0xB1, 0x60, 0xF3, 0xE0, 0xB0, 0x68, 0x04, 0x78
	.byte 0x01, 0x30, 0xB0, 0x60, 0xA8, 0x62, 0x04, 0x48, 0x00, 0x68, 0x80, 0x68, 0x00, 0x68, 0xA0, 0x42
	.byte 0x06, 0xD0, 0x02, 0x48, 0x05, 0xE0, 0x00, 0x00, 0xBC, 0x0F, 0x00, 0x03, 0x04, 0x95, 0x3B, 0x08
	.byte 0x01, 0x48, 0x00, 0x68, 0xB0, 0x60, 0x79, 0xE6, 0x08, 0x95, 0x3B, 0x08, 0xB0, 0x68, 0x01, 0x30
	.byte 0xB0, 0x60, 0xA8, 0x62, 0x28, 0x1C, 0x14, 0x30, 0x03, 0x49, 0x09, 0x68, 0x49, 0x68, 0x09, 0x88
	.byte 0x02, 0xF0, 0xC8, 0xF8, 0xB0, 0x60, 0x69, 0xE6, 0xBC, 0x0F, 0x00, 0x03, 0xB0, 0x68, 0x01, 0x30
	.byte 0xB0, 0x60, 0xA8, 0x62, 0x28, 0x1C, 0x14, 0x30, 0x02, 0x49, 0x09, 0x68, 0x09, 0x68, 0x0A, 0x68
	.byte 0x00, 0x21, 0x0D, 0xE0, 0xBC, 0x0F, 0x00, 0x03, 0xB0, 0x68, 0x04, 0x78, 0x01, 0x30, 0xB0, 0x60
	.byte 0xA8, 0x62, 0x28, 0x1C, 0x14, 0x30, 0x21, 0x1C, 0x03, 0x4A, 0x12, 0x68, 0x12, 0x68, 0x12, 0x68
	.byte 0x02, 0xF0, 0x2C, 0xF8, 0xB0, 0x60, 0x49, 0xE6, 0xBC, 0x0F, 0x00, 0x03, 0x0A, 0x48, 0x04, 0x68
	.byte 0x20, 0x1C, 0x31, 0x30, 0x00, 0x78, 0x00, 0x28, 0x10, 0xD1, 0xB3, 0x68, 0x19, 0x78, 0x03, 0x20
	.byte 0x01, 0x40, 0x49, 0x00, 0x22, 0x79, 0x07, 0x20, 0x40, 0x42, 0x10, 0x40, 0x08, 0x43, 0x20, 0x71
	.byte 0x01, 0x33, 0xB3, 0x60, 0x05, 0xE0, 0x00, 0x00, 0xB8, 0x0F, 0x00, 0x03, 0xB0, 0x68, 0x01, 0x30
	.byte 0xB0, 0x60, 0x01, 0x20, 0x38, 0x40, 0x00, 0x28, 0x00, 0xD0, 0x00, 0x27, 0x4A, 0x46, 0x11, 0x78
	.byte 0x02, 0x20, 0x40, 0x42, 0x08, 0x40, 0x10, 0x70, 0x43, 0x46, 0x58, 0x68, 0xDB, 0x21, 0x49, 0x00
	.byte 0x42, 0x18, 0x10, 0x78, 0x40, 0x21, 0x08, 0x43, 0x10, 0x70, 0x58, 0x68, 0x02, 0x4A, 0x80, 0x18
	.byte 0x0B, 0xAB, 0x1B, 0x78, 0x03, 0x70, 0x75, 0xE0, 0xB5, 0x01, 0x00, 0x00, 0x01, 0x23, 0x38, 0x1C
	.byte 0x18, 0x40, 0x00, 0x28, 0x00, 0xD0, 0x00, 0x27, 0xA8, 0x6A, 0x00, 0x28, 0x66, 0xD1, 0xA9, 0x8F
	.byte 0x80, 0x20, 0x00, 0x01, 0x08, 0x40, 0x00, 0x28, 0x2C, 0xD0, 0x40, 0x46, 0x42, 0x68, 0xDB, 0x21
	.byte 0x49, 0x00, 0x50, 0x18, 0x01, 0x78, 0x50, 0x20, 0x08, 0x40, 0x00, 0x28, 0x2E, 0xD1, 0xD9, 0x24
	.byte 0x64, 0x00, 0x12, 0x19, 0x11, 0x78, 0x0A, 0x98, 0x08, 0x43, 0x10, 0x70, 0x0C, 0x9A, 0x11, 0x0C
	.byte 0x40, 0x46, 0x00, 0xF0, 0x93, 0xF9, 0x43, 0x46, 0x59, 0x68, 0x09, 0x19, 0x08, 0x78, 0x0A, 0x9A
	.byte 0x90, 0x43, 0x08, 0x70, 0x00, 0x23, 0x0A, 0x93, 0x50, 0x46, 0x01, 0x78, 0x49, 0x09, 0x40, 0x46
	.byte 0x3A, 0x1C, 0x02, 0xF0, 0x43, 0xF9, 0x52, 0x46, 0x11, 0x78, 0x19, 0x20, 0x40, 0x42, 0x08, 0x40
	.byte 0x10, 0x70, 0x75, 0xE0, 0x40, 0x46, 0x42, 0x68, 0xDA, 0x21, 0x49, 0x00, 0x52, 0x18, 0x0C, 0x99
	.byte 0x08, 0x14, 0x19, 0x1C, 0x81, 0x40, 0x10, 0x78, 0x88, 0x43, 0x10, 0x70, 0xB0, 0x68, 0x02, 0x38
	.byte 0xB0, 0x60, 0x4A, 0x46, 0x10, 0x78, 0xC1, 0x07, 0xC9, 0x0F, 0x80, 0x07, 0xC0, 0x0F, 0x01, 0x43
	.byte 0x00, 0x29, 0x1F, 0xD1, 0x0C, 0x9B, 0x1A, 0x0C, 0x40, 0x46, 0x29, 0x1C, 0x00, 0xF0, 0xC4, 0xFE
	.byte 0x0C, 0x98, 0x01, 0x14, 0x01, 0x20, 0x88, 0x40, 0x08, 0x99, 0x01, 0x43, 0x08, 0x04, 0x00, 0x0C
	.byte 0x08, 0x90, 0x52, 0x46, 0x11, 0x78, 0x49, 0x09, 0x40, 0x46, 0x3A, 0x1C, 0x02, 0xF0, 0x0E, 0xF9
	.byte 0x53, 0x46, 0x19, 0x78, 0x19, 0x20, 0x40, 0x42, 0x08, 0x40, 0x40, 0xE0, 0xB0, 0x60, 0x00, 0x20
	.byte 0xA8, 0x62, 0x9B, 0xE5
_080E6D30:
	ldrh r0, [r5, #0x32]
	cmp r0, #0x00
	beq _080E6D64
	ldr r0, [r5, #0x2C]
	mov r2, r8
	ldr r1, [r2, #0x04]
	movs r3, #0xCA
	lsls r3, r3, #0x01
	adds r1, r1, r3
	ldr r1, [r1, #0x00]
	subs r1, r0, r1
	adds r2, r5, #0x0
	adds r2, #0x38
	ldrb r3, [r2, #0x00]
	adds r3, #0x01
	adds r2, #0x01
	ldrb r2, [r2, #0x00]
	adds r2, #0x01
	muls r2, r3
	lsls r2, r2, #0x05
	movs r4, #0x00
	str r4, [sp, #0x000]
	movs r3, #0x20
	bl sub_8018218
	strh r4, [r5, #0x32]
_080E6D64:
	ldr r0, [sp, #0x030]
	lsrs r2, r0, #0x10
	mov r0, r8
	adds r1, r5, #0x0
	bl sub_80E7A84
	ldr r2, [sp, #0x030]
	asrs r1, r2, #0x10
	movs r0, #0x01
	lsls r0, r1
	ldr r3, [sp, #0x020]
	orrs r3, r0
	lsls r0, r3, #0x10
	lsrs r0, r0, #0x10
	str r0, [sp, #0x020]
	mov r0, r10
	ldrb r1, [r0, #0x00]
	lsrs r1, r1, #0x05
	mov r0, r8
	adds r2, r7, #0x0
	bl sub_80E8F38
	movs r2, #0x00
	cmp r7, #0x00
	beq _080E6D9C
	cmp r7, #0x02
	beq _080E6D9C
	movs r2, #0x03
_080E6D9C:
	lsls r2, r2, #0x03
	mov r3, r10
	ldrb r1, [r3, #0x00]
	movs r0, #0x19
	negs r0, r0
	ands r0, r1
	orrs r0, r2
	strb r0, [r3, #0x00]
_080E6DAC:
	ldr r1, [sp, #0x030]
	movs r2, #0x80
	lsls r2, r2, #0x09
	adds r0, r1, r2
	ldr r5, [sp, #0x034]
	lsrs r3, r0, #0x10
	str r3, [sp, #0x02C]
	asrs r0, r0, #0x10
	cmp r0, #0x04
	bgt _080E6DC2
	b _080E66EA
_080E6DC2:
	ldr r0, [sp, #0x020]
	cmp r0, #0x00
	beq _080E6DDC
	mov r1, r8
	ldr r0, [r1, #0x04]
	movs r2, #0xDB
	lsls r2, r2, #0x01
	adds r0, r0, r2
	ldrb r0, [r0, #0x00]
	lsls r0, r0, #0x1C
	lsrs r0, r0, #0x1D
	cmp r0, #0x01
	bls _080E6DF0
_080E6DDC:
	mov r3, r8
	ldr r0, [r3, #0x04]
	movs r1, #0xDB
	lsls r1, r1, #0x01
	adds r2, r0, r1
	ldrb r1, [r2, #0x00]
	movs r0, #0x0F
	negs r0, r0
	ands r0, r1
	strb r0, [r2, #0x00]
_080E6DF0:
	mov r3, r8
	ldr r2, [r3, #0x04]
	movs r1, #0xDC
	lsls r1, r1, #0x01
	adds r0, r2, r1
	ldrb r1, [r0, #0x00]
	movs r0, #0x02
	ands r0, r1
	cmp r0, #0x00
	bne _080E6E1A
	movs r3, #0xD9
	lsls r3, r3, #0x01
	adds r0, r2, r3
	adds r3, #0x01
	adds r1, r2, r3
	ldrb r0, [r0, #0x00]
	ldrb r1, [r1, #0x00]
	eors r1, r0
	mov r0, r8
	bl sub_80E7118
_080E6E1A:
	mov r0, r8
	ldr r1, [r0, #0x04]
	movs r2, #0xD9
	lsls r2, r2, #0x01
	adds r0, r1, r2
	ldrb r0, [r0, #0x00]
	ldr r3, _080E6E64 @ =0x000001B3
	adds r1, r1, r3
	strb r0, [r1, #0x00]
	mov r0, r8
	ldr r1, [r0, #0x04]
	adds r2, #0x02
	adds r1, r1, r2
	ldrb r2, [r1, #0x00]
	ldr r0, [sp, #0x020]
	ands r0, r2
	strb r0, [r1, #0x00]
	mov r3, r8
	ldr r0, [r3, #0x04]
	movs r1, #0xDB
	lsls r1, r1, #0x01
	adds r2, r0, r1
	ldrb r1, [r2, #0x00]
	movs r0, #0x21
	negs r0, r0
	ands r0, r1
	strb r0, [r2, #0x00]
	ldr r0, [sp, #0x020]
_080E6E52:
	add sp, #0x038
	pop {r3, r4, r5}
	mov r8, r3
	mov r9, r4
	mov r10, r5
	pop {r4, r5, r6, r7}
	pop {r1}
	bx r1
	.byte 0x00, 0x00
_080E6E64: .4byte 0x000001B3
	thumb_func_start sub_80E6E68
sub_80E6E68:
	push {r4, r5, r6, r7, lr}
	mov r7, r10
	mov r6, r9
	mov r5, r8
	push {r5, r6, r7}
	add sp, #-0x00C
	mov r10, r0
	movs r3, #0x00
	ldr r0, [r0, #0x04]
	mov r8, r0
_080E6E7C:
	mov r2, r10
	ldr r1, [r2, #0x04]
	movs r6, #0xD9
	lsls r6, r6, #0x01
	adds r0, r1, r6
	ldrb r6, [r0, #0x00]
	asrs r6, r3
	movs r0, #0x01
	eors r6, r0
	ands r6, r0
	adds r3, #0x01
	str r3, [sp, #0x008]
	mov r0, r8
	adds r0, #0x4C
	str r0, [sp, #0x004]
	cmp r6, #0x00
	bne _080E6F38
	mov r2, r8
	ldrh r0, [r2, #0x34]
	lsls r0, r0, #0x10
	asrs r0, r0, #0x13
	lsls r0, r0, #0x10
	lsrs r0, r0, #0x10
	str r0, [sp, #0x000]
	ldrh r5, [r2, #0x36]
	lsls r5, r5, #0x10
	asrs r5, r5, #0x13
	lsls r5, r5, #0x10
	lsrs r5, r5, #0x10
	mov r0, r8
	adds r0, #0x38
	ldrb r0, [r0, #0x00]
	ldr r3, [sp, #0x000]
	adds r0, r0, r3
	adds r0, #0x01
	lsls r0, r0, #0x18
	lsrs r7, r0, #0x18
	mov r0, r8
	adds r0, #0x39
	ldrb r4, [r0, #0x00]
	adds r4, r4, r5
	adds r4, #0x01
	lsls r4, r4, #0x18
	lsrs r4, r4, #0x18
	mov r2, r10
	ldr r0, [r2, #0x00]
	movs r3, #0xCA
	lsls r3, r3, #0x01
	adds r2, r1, r3
	mov r3, r8
	ldr r1, [r3, #0x2C]
	ldr r2, [r2, #0x00]
	subs r1, r1, r2
	bl sub_80E9384
	mov r0, r8
	str r6, [r0, #0x2C]
	cmp r5, r4
	bcs _080E6F2E
	mov r9, r4
	mov r1, r10
	ldr r1, [r1, #0x04]
	mov r12, r1
_080E6EFA:
	ldr r2, [sp, #0x000]
	adds r4, r5, #0x1
	cmp r2, r7
	bcs _080E6F26
	lsls r5, r5, #0x05
	movs r6, #0xC2
	lsls r6, r6, #0x01
	add r6, r12
	movs r3, #0xD8
	lsls r3, r3, #0x01
	add r3, r12
_080E6F10:
	adds r1, r5, r2
	ldr r0, [r6, #0x00]
	lsls r1, r1, #0x01
	adds r1, r1, r0
	ldrh r0, [r3, #0x00]
	strh r0, [r1, #0x00]
	adds r0, r2, #0x1
	lsls r0, r0, #0x10
	lsrs r2, r0, #0x10
	cmp r2, r7
	bcc _080E6F10
_080E6F26:
	lsls r0, r4, #0x10
	lsrs r5, r0, #0x10
	cmp r5, r9
	bcc _080E6EFA
_080E6F2E:
	movs r0, #0x00
	mov r2, r8
	str r0, [r2, #0x08]
	mov r3, r10
	ldr r1, [r3, #0x04]
_080E6F38:
	ldr r6, [sp, #0x008]
	lsls r0, r6, #0x10
	lsrs r3, r0, #0x10
	ldr r0, [sp, #0x004]
	mov r8, r0
	cmp r3, #0x04
	bls _080E6E7C
	movs r2, #0xDA
	lsls r2, r2, #0x01
	adds r0, r1, r2
	movs r5, #0x00
	strb r5, [r0, #0x00]
	movs r3, #0xD9
	lsls r3, r3, #0x01
	adds r0, r1, r3
	strb r5, [r0, #0x00]
	mov r6, r10
	ldr r3, [r6, #0x04]
	movs r0, #0xDC
	lsls r0, r0, #0x01
	adds r4, r3, r0
	ldrb r1, [r4, #0x00]
	movs r0, #0x04
	ands r0, r1
	cmp r0, #0x00
	beq _080E6FA8
	movs r2, #0x80
	lsls r2, r2, #0x12
	ldrh r0, [r2, #0x00]
	movs r6, #0x80
	lsls r6, r6, #0x06
	adds r1, r6, #0x0
	eors r0, r1
	strh r0, [r2, #0x00]
	movs r1, #0xC6
	lsls r1, r1, #0x01
	adds r0, r3, r1
	ldr r0, [r0, #0x00]
	strh r5, [r0, #0x00]
	movs r2, #0xC8
	lsls r2, r2, #0x01
	adds r0, r3, r2
	ldr r0, [r0, #0x00]
	strh r5, [r0, #0x00]
	movs r6, #0xCD
	lsls r6, r6, #0x01
	adds r0, r3, r6
	strh r5, [r0, #0x00]
	adds r1, #0x0C
	adds r0, r3, r1
	strh r5, [r0, #0x00]
	ldrb r1, [r4, #0x00]
	movs r0, #0x05
	negs r0, r0
	ands r0, r1
	strb r0, [r4, #0x00]
_080E6FA8:
	add sp, #0x00C
	pop {r3, r4, r5}
	mov r8, r3
	mov r9, r4
	mov r10, r5
	pop {r4, r5, r6, r7}
	pop {r0}
	bx r0
	thumb_func_start sub_80E6FB8
sub_80E6FB8:
	push {r4, r5, r6, r7, lr}
	mov r7, r10
	mov r6, r9
	mov r5, r8
	push {r5, r6, r7}
	add sp, #-0x008
	mov r9, r0
	lsls r1, r1, #0x10
	lsrs r1, r1, #0x10
	str r1, [sp, #0x000]
	ldr r2, [r0, #0x04]
	movs r1, #0xD9
	lsls r1, r1, #0x01
	adds r0, r2, r1
	ldrb r6, [r0, #0x00]
	ldr r3, [sp, #0x000]
	asrs r6, r3
	movs r0, #0x01
	eors r6, r0
	ands r6, r0
	cmp r6, #0x00
	beq _080E6FE6
	b _080E7108
_080E6FE6:
	movs r0, #0x4C
	muls r0, r3
	adds r0, r0, r2
	mov r8, r0
	ldrh r0, [r0, #0x34]
	lsls r0, r0, #0x10
	asrs r0, r0, #0x13
	lsls r0, r0, #0x10
	lsrs r0, r0, #0x10
	mov r10, r0
	mov r0, r8
	ldrh r5, [r0, #0x36]
	lsls r5, r5, #0x10
	asrs r5, r5, #0x13
	lsls r5, r5, #0x10
	lsrs r5, r5, #0x10
	adds r0, #0x38
	ldrb r0, [r0, #0x00]
	add r0, r10
	adds r0, #0x01
	lsls r0, r0, #0x18
	lsrs r7, r0, #0x18
	mov r0, r8
	adds r0, #0x39
	ldrb r4, [r0, #0x00]
	adds r4, r4, r5
	adds r4, #0x01
	lsls r4, r4, #0x18
	lsrs r4, r4, #0x18
	mov r1, r9
	ldr r0, [r1, #0x00]
	movs r3, #0xCA
	lsls r3, r3, #0x01
	adds r2, r2, r3
	mov r3, r8
	ldr r1, [r3, #0x2C]
	ldr r2, [r2, #0x00]
	subs r1, r1, r2
	bl sub_80E9384
	mov r0, r8
	str r6, [r0, #0x2C]
	cmp r5, r4
	bcs _080E707E
	adds r6, r7, #0x0
	str r4, [sp, #0x004]
	mov r1, r9
	ldr r1, [r1, #0x04]
	mov r12, r1
_080E7048:
	mov r2, r10
	adds r7, r5, #0x1
	cmp r2, r6
	bcs _080E7074
	lsls r5, r5, #0x05
	movs r4, #0xC2
	lsls r4, r4, #0x01
	add r4, r12
	movs r3, #0xD8
	lsls r3, r3, #0x01
	add r3, r12
_080E705E:
	adds r0, r5, r2
	ldr r1, [r4, #0x00]
	lsls r0, r0, #0x01
	adds r0, r0, r1
	ldrh r1, [r3, #0x00]
	strh r1, [r0, #0x00]
	adds r0, r2, #0x1
	lsls r0, r0, #0x10
	lsrs r2, r0, #0x10
	cmp r2, r6
	bcc _080E705E
_080E7074:
	lsls r0, r7, #0x10
	lsrs r5, r0, #0x10
	ldr r3, [sp, #0x004]
	cmp r5, r3
	bcc _080E7048
_080E707E:
	mov r6, r9
	ldr r2, [r6, #0x04]
	movs r3, #0xD9
	lsls r3, r3, #0x01
	adds r2, r2, r3
	movs r6, #0x01
	adds r0, r6, #0x0
	ldr r1, [sp, #0x000]
	lsls r0, r1
	ldrb r1, [r2, #0x00]
	bics r1, r0
	movs r4, #0x00
	strb r1, [r2, #0x00]
	mov r1, r9
	ldr r0, [r1, #0x04]
	movs r1, #0xDA
	lsls r1, r1, #0x01
	adds r2, r0, r1
	adds r0, r0, r3
	ldrb r1, [r2, #0x00]
	ldrb r0, [r0, #0x00]
	ands r0, r1
	strb r0, [r2, #0x00]
	mov r0, r8
	str r4, [r0, #0x08]
	mov r1, r9
	ldr r4, [r1, #0x04]
	adds r3, r4, r3
	ldrb r3, [r3, #0x00]
	cmp r3, #0x00
	bne _080E7108
	movs r0, #0xDC
	lsls r0, r0, #0x01
	adds r5, r4, r0
	ldrb r0, [r5, #0x00]
	lsls r0, r0, #0x1D
	lsrs r0, r0, #0x1F
	ands r0, r6
	cmp r0, #0x00
	beq _080E7108
	movs r2, #0x80
	lsls r2, r2, #0x12
	ldrh r0, [r2, #0x00]
	movs r6, #0x80
	lsls r6, r6, #0x06
	adds r1, r6, #0x0
	eors r0, r1
	strh r0, [r2, #0x00]
	movs r1, #0xC6
	lsls r1, r1, #0x01
	adds r0, r4, r1
	ldr r0, [r0, #0x00]
	strh r3, [r0, #0x00]
	movs r6, #0xC8
	lsls r6, r6, #0x01
	adds r0, r4, r6
	ldr r0, [r0, #0x00]
	strh r3, [r0, #0x00]
	adds r1, #0x0E
	adds r0, r4, r1
	strh r3, [r0, #0x00]
	adds r6, #0x08
	adds r0, r4, r6
	strh r3, [r0, #0x00]
	ldrb r1, [r5, #0x00]
	movs r0, #0x05
	negs r0, r0
	ands r0, r1
	strb r0, [r5, #0x00]
_080E7108:
	add sp, #0x008
	pop {r3, r4, r5}
	mov r8, r3
	mov r9, r4
	mov r10, r5
	pop {r4, r5, r6, r7}
	pop {r0}
	bx r0
	thumb_func_start sub_80E7118
sub_80E7118:
	push {r4, r5, r6, r7, lr}
	mov r7, r10
	mov r6, r9
	mov r5, r8
	push {r5, r6, r7}
	add sp, #-0x008
	mov r10, r0
	lsls r1, r1, #0x18
	lsrs r1, r1, #0x18
	mov r9, r1
	cmp r1, #0x00
	beq _080E71C0
	ldr r2, [r0, #0x04]
	movs r1, #0xC4
	lsls r1, r1, #0x01
	adds r0, r2, r1
	ldr r0, [r0, #0x00]
	ldrh r1, [r0, #0x00]
	movs r0, #0xF8
	lsls r0, r0, #0x05
	ands r0, r1
	lsls r0, r0, #0x03
	movs r1, #0xC0
	lsls r1, r1, #0x13
	adds r0, r0, r1
	str r0, [sp, #0x004]
	movs r1, #0x00
	adds r7, r2, #0x0
	adds r7, #0x34
_080E7152:
	lsls r0, r1, #0x10
	asrs r0, r0, #0x10
	mov r8, r0
	mov r6, r9
	asrs r6, r0
	movs r0, #0x01
	eors r6, r0
	ands r6, r0
	cmp r6, #0x00
	bne _080E71B0
	ldrh r4, [r7, #0x00]
	lsls r4, r4, #0x10
	asrs r4, r4, #0x13
	lsls r4, r4, #0x10
	lsrs r4, r4, #0x10
	ldrh r3, [r7, #0x02]
	lsls r3, r3, #0x10
	asrs r3, r3, #0x13
	lsls r3, r3, #0x10
	lsrs r3, r3, #0x10
	lsls r0, r3, #0x05
	adds r1, r0, r4
	mov r2, r10
	ldr r0, [r2, #0x04]
	movs r2, #0xC2
	lsls r2, r2, #0x01
	adds r0, r0, r2
	lsls r5, r1, #0x01
	ldr r2, [r0, #0x00]
	adds r0, r2, r5
	ldrb r1, [r7, #0x05]
	adds r1, r1, r3
	adds r1, #0x01
	lsls r1, r1, #0x06
	adds r2, r2, r1
	ldrb r1, [r7, #0x04]
	adds r1, r1, r4
	lsls r1, r1, #0x01
	adds r1, #0x04
	adds r2, r2, r1
	subs r2, r2, r0
	ldr r3, [sp, #0x004]
	adds r1, r3, r5
	str r6, [sp, #0x000]
	movs r3, #0x20
	bl sub_8018218
_080E71B0:
	mov r0, r8
	adds r0, #0x01
	lsls r0, r0, #0x10
	adds r7, #0x4C
	lsrs r1, r0, #0x10
	asrs r0, r0, #0x10
	cmp r0, #0x04
	ble _080E7152
_080E71C0:
	add sp, #0x008
	pop {r3, r4, r5}
	mov r8, r3
	mov r9, r4
	mov r10, r5
	pop {r4, r5, r6, r7}
	pop {r0}
	bx r0
	thumb_func_start sub_80E71D0
sub_80E71D0:
	push {r4, r5, r6, r7, lr}
	mov r7, r9
	mov r6, r8
	push {r6, r7}
	add sp, #-0x004
	adds r7, r0, #0x0
	ldr r0, [sp, #0x020]
	lsls r5, r1, #0x18
	lsrs r1, r5, #0x18
	lsls r2, r2, #0x10
	lsrs r6, r2, #0x10
	lsls r3, r3, #0x10
	lsrs r3, r3, #0x10
	lsls r0, r0, #0x10
	lsrs r0, r0, #0x10
	mov r8, r0
	mov r4, r8
	movs r0, #0x01
	ands r1, r0
	cmp r1, #0x00
	beq _080E7202
	lsls r0, r6, #0x14
	lsrs r6, r0, #0x10
	lsls r0, r3, #0x14
	lsrs r3, r0, #0x10
_080E7202:
	lsrs r0, r5, #0x19
	movs r1, #0x03
	ands r0, r1
	cmp r0, #0x01
	bne _080E7280
	ldr r2, _080E7248 @ =0x03001038
	lsls r5, r6, #0x10
	asrs r0, r5, #0x10
	adds r1, r0, #0x0
	muls r1, r0
	adds r0, r1, #0x0
	lsls r4, r3, #0x10
	asrs r1, r4, #0x10
	adds r3, r1, #0x0
	muls r3, r1
	adds r1, r3, #0x0
	adds r0, r0, r1
	lsls r0, r0, #0x04
	ldr r1, [r2, #0x00]
	bl _call_via_r1
	mov r9, r0
	mov r6, r8
	lsls r0, r6, #0x10
	asrs r1, r0, #0x10
	movs r0, #0x40
	ands r0, r1
	adds r6, r5, #0x0
	mov r8, r4
	cmp r0, #0x00
	beq _080E724C
	movs r0, #0x0F
	ands r0, r1
	lsls r4, r0, #0x02
	b _080E7250
_080E7248: .4byte 0x03001038
_080E724C:
	lsls r0, r1, #0x16
	lsrs r4, r0, #0x10
_080E7250:
	ldr r5, [r7, #0x04]
	lsls r4, r4, #0x10
	asrs r4, r4, #0x10
	asrs r0, r6, #0x10
	muls r0, r4
	mov r1, r9
	bl __divsi3
	movs r1, #0xD0
	lsls r1, r1, #0x01
	adds r5, r5, r1
	strh r0, [r5, #0x00]
	ldr r5, [r7, #0x04]
	mov r2, r8
	asrs r0, r2, #0x10
	muls r0, r4
	mov r1, r9
	bl __divsi3
	movs r3, #0xD1
	lsls r3, r3, #0x01
	adds r1, r5, r3
	strh r0, [r1, #0x00]
	b _080E72B6
_080E7280:
	ldr r5, [r7, #0x04]
	lsls r6, r6, #0x10
	mov r8, r6
	asrs r0, r6, #0x0C
	lsls r4, r4, #0x10
	asrs r4, r4, #0x10
	adds r1, r4, #0x0
	str r3, [sp, #0x000]
	bl __divsi3
	movs r6, #0xD0
	lsls r6, r6, #0x01
	adds r5, r5, r6
	strh r0, [r5, #0x00]
	ldr r6, [r7, #0x04]
	ldr r3, [sp, #0x000]
	lsls r5, r3, #0x10
	asrs r0, r5, #0x0C
	adds r1, r4, #0x0
	bl __divsi3
	movs r2, #0xD1
	lsls r2, r2, #0x01
	adds r1, r6, r2
	strh r0, [r1, #0x00]
	mov r6, r8
	mov r8, r5
_080E72B6:
	ldr r0, [r7, #0x04]
	asrs r1, r6, #0x0C
	movs r3, #0xCE
	lsls r3, r3, #0x01
	adds r0, r0, r3
	strh r1, [r0, #0x00]
	ldr r0, [r7, #0x04]
	mov r4, r8
	asrs r1, r4, #0x0C
	movs r6, #0xCF
	lsls r6, r6, #0x01
	adds r0, r0, r6
	strh r1, [r0, #0x00]
	ldr r2, [r7, #0x04]
	movs r1, #0xDC
	lsls r1, r1, #0x01
	adds r0, r2, r1
	ldrb r1, [r0, #0x00]
	movs r0, #0x04
	ands r0, r1
	lsls r0, r0, #0x18
	lsrs r1, r0, #0x18
	cmp r1, #0x00
	beq _080E72E8
	b _080E7426
_080E72E8:
	adds r3, #0x0A
	adds r0, r2, r3
	strh r1, [r0, #0x00]
	movs r4, #0xD2
	lsls r4, r4, #0x01
	adds r0, r2, r4
	strh r1, [r0, #0x00]
	adds r6, #0x10
	adds r0, r2, r6
	strh r1, [r0, #0x00]
	adds r3, #0x06
	adds r0, r2, r3
	strh r1, [r0, #0x00]
	ldr r0, [r7, #0x04]
	adds r4, #0x04
	adds r0, r0, r4
	movs r1, #0xF0
	strh r1, [r0, #0x00]
	ldr r0, [r7, #0x04]
	subs r6, #0x04
	adds r1, r0, r6
	movs r0, #0xA0
	strh r0, [r1, #0x00]
	ldr r1, [r7, #0x04]
	movs r0, #0xDC
	lsls r0, r0, #0x01
	adds r1, r1, r0
	ldrb r0, [r1, #0x00]
	movs r2, #0x04
	orrs r0, r2
	strb r0, [r1, #0x00]
	movs r2, #0x00
	ldr r0, [r7, #0x04]
	adds r4, r0, #0x0
	adds r4, #0x34
_080E732E:
	ldr r3, [r7, #0x04]
	movs r1, #0xD9
	lsls r1, r1, #0x01
	adds r0, r3, r1
	ldrb r0, [r0, #0x00]
	lsls r2, r2, #0x10
	asrs r1, r2, #0x10
	asrs r0, r1
	movs r1, #0x01
	eors r0, r1
	ands r0, r1
	cmp r0, #0x00
	bne _080E73B6
	movs r6, #0xD4
	lsls r6, r6, #0x01
	adds r3, r3, r6
	ldrh r5, [r4, #0x00]
	movs r0, #0x00
	ldsh r1, [r4, r0]
	movs r6, #0x00
	ldsh r0, [r3, r6]
	cmp r1, r0
	bge _080E735E
	strh r5, [r3, #0x00]
_080E735E:
	ldr r0, [r7, #0x04]
	movs r1, #0xD5
	lsls r1, r1, #0x01
	adds r3, r0, r1
	ldrh r5, [r4, #0x02]
	movs r6, #0x02
	ldsh r1, [r4, r6]
	movs r6, #0x00
	ldsh r0, [r3, r6]
	cmp r1, r0
	bge _080E7376
	strh r5, [r3, #0x00]
_080E7376:
	movs r0, #0x00
	ldsh r1, [r4, r0]
	ldrb r0, [r4, #0x04]
	lsls r5, r0, #0x03
	adds r1, r1, r5
	ldr r0, [r7, #0x04]
	movs r6, #0xD6
	lsls r6, r6, #0x01
	adds r3, r0, r6
	movs r6, #0x00
	ldsh r0, [r3, r6]
	cmp r1, r0
	ble _080E7396
	ldrh r0, [r4, #0x00]
	adds r0, r0, r5
	strh r0, [r3, #0x00]
_080E7396:
	movs r0, #0x02
	ldsh r1, [r4, r0]
	ldrb r0, [r4, #0x05]
	lsls r5, r0, #0x03
	adds r1, r1, r5
	ldr r0, [r7, #0x04]
	movs r6, #0xD7
	lsls r6, r6, #0x01
	adds r3, r0, r6
	movs r6, #0x00
	ldsh r0, [r3, r6]
	cmp r1, r0
	ble _080E73B6
	ldrh r0, [r4, #0x02]
	adds r0, r0, r5
	strh r0, [r3, #0x00]
_080E73B6:
	movs r1, #0x80
	lsls r1, r1, #0x09
	adds r0, r2, r1
	adds r4, #0x4C
	lsrs r2, r0, #0x10
	asrs r0, r0, #0x10
	cmp r0, #0x04
	ble _080E732E
	ldr r3, [r7, #0x04]
	movs r2, #0xC6
	lsls r2, r2, #0x01
	adds r0, r3, r2
	ldr r0, [r0, #0x00]
	movs r1, #0x00
	strh r1, [r0, #0x00]
	movs r4, #0xC8
	lsls r4, r4, #0x01
	adds r0, r3, r4
	ldr r0, [r0, #0x00]
	strh r1, [r0, #0x00]
	movs r2, #0x80
	lsls r2, r2, #0x12
	ldrh r0, [r2, #0x00]
	movs r6, #0x80
	lsls r6, r6, #0x06
	adds r1, r6, #0x0
	orrs r0, r1
	strh r0, [r2, #0x00]
	adds r2, #0x40
	movs r1, #0xD4
	lsls r1, r1, #0x01
	adds r0, r3, r1
	ldrh r0, [r0, #0x00]
	lsls r0, r0, #0x08
	adds r4, #0x1C
	adds r1, r3, r4
	ldrh r1, [r1, #0x00]
	orrs r0, r1
	strh r0, [r2, #0x00]
	adds r2, #0x04
	movs r6, #0xD5
	lsls r6, r6, #0x01
	adds r0, r3, r6
	ldrh r0, [r0, #0x00]
	lsls r0, r0, #0x08
	adds r4, #0x02
	adds r1, r3, r4
	ldrh r1, [r1, #0x00]
	orrs r0, r1
	strh r0, [r2, #0x00]
	ldr r1, _080E7434 @ =0x02000048
	movs r0, #0x3F
	strh r0, [r1, #0x00]
	adds r1, #0x02
	movs r0, #0x3E
	strh r0, [r1, #0x00]
_080E7426:
	add sp, #0x004
	pop {r3, r4}
	mov r8, r3
	mov r9, r4
	pop {r4, r5, r6, r7}
	pop {r0}
	bx r0
_080E7434: .4byte 0x02000048
	thumb_func_start sub_80E7438
sub_80E7438:
	push {r4, r5, r6, r7, lr}
	mov r7, r8
	push {r7}
	adds r4, r0, #0x0
	ldr r2, [r4, #0x04]
	movs r1, #0xDC
	lsls r1, r1, #0x01
	adds r0, r2, r1
	ldrb r1, [r0, #0x00]
	movs r0, #0x04
	ands r0, r1
	cmp r0, #0x00
	bne _080E7454
	b _080E76A0
_080E7454:
	movs r6, #0xD2
	lsls r6, r6, #0x01
	adds r1, r2, r6
	movs r3, #0xD0
	lsls r3, r3, #0x01
	mov r12, r3
	adds r0, r2, r3
	ldrh r0, [r0, #0x00]
	ldrh r5, [r1, #0x00]
	adds r0, r0, r5
	movs r2, #0x00
	mov r8, r2
	strh r0, [r1, #0x00]
	ldr r0, [r4, #0x04]
	movs r2, #0xD3
	lsls r2, r2, #0x01
	adds r1, r0, r2
	adds r3, #0x02
	adds r0, r0, r3
	ldrh r0, [r0, #0x00]
	ldrh r5, [r1, #0x00]
	adds r0, r0, r5
	strh r0, [r1, #0x00]
	ldr r3, [r4, #0x04]
	adds r0, r3, r6
	movs r1, #0x00
	ldsh r0, [r0, r1]
	cmp r0, #0x00
	bge _080E7490
	adds r0, #0x0F
_080E7490:
	asrs r0, r0, #0x04
	movs r5, #0xCC
	lsls r5, r5, #0x01
	adds r1, r3, r5
	ldrh r1, [r1, #0x00]
	subs r0, r0, r1
	lsls r0, r0, #0x10
	lsrs r5, r0, #0x10
	adds r0, r3, r2
	movs r1, #0x00
	ldsh r2, [r0, r1]
	cmp r2, #0x00
	bge _080E74AC
	adds r2, #0x0F
_080E74AC:
	asrs r2, r2, #0x04
	movs r1, #0xCD
	lsls r1, r1, #0x01
	adds r0, r3, r1
	ldrh r0, [r0, #0x00]
	subs r2, r2, r0
	movs r7, #0xD4
	lsls r7, r7, #0x01
	adds r1, r3, r7
	ldrh r0, [r1, #0x00]
	lsls r3, r5, #0x10
	asrs r3, r3, #0x10
	adds r0, r3, r0
	strh r0, [r1, #0x00]
	ldr r0, [r4, #0x04]
	movs r5, #0xD5
	lsls r5, r5, #0x01
	adds r1, r0, r5
	ldrh r0, [r1, #0x00]
	lsls r2, r2, #0x10
	asrs r2, r2, #0x10
	adds r0, r2, r0
	strh r0, [r1, #0x00]
	ldr r0, [r4, #0x04]
	adds r5, #0x02
	adds r0, r0, r5
	ldrh r1, [r0, #0x00]
	adds r3, r3, r1
	strh r3, [r0, #0x00]
	ldr r0, [r4, #0x04]
	movs r3, #0xD7
	lsls r3, r3, #0x01
	adds r1, r0, r3
	ldrh r0, [r1, #0x00]
	adds r2, r2, r0
	strh r2, [r1, #0x00]
	ldr r1, [r4, #0x04]
	mov r2, r12
	adds r0, r1, r2
	movs r3, #0x00
	ldsh r0, [r0, r3]
	cmp r0, #0x00
	blt _080E7544
	adds r2, r1, r6
	movs r6, #0xCE
	lsls r6, r6, #0x01
	adds r0, r1, r6
	movs r3, #0x00
	ldsh r1, [r2, r3]
	ldrh r3, [r0, #0x00]
	movs r6, #0x00
	ldsh r0, [r0, r6]
	cmp r1, r0
	blt _080E7522
	strh r3, [r2, #0x00]
	ldr r0, [r4, #0x04]
	add r0, r12
	mov r1, r8
	strh r1, [r0, #0x00]
_080E7522:
	ldr r0, [r4, #0x04]
	adds r1, r0, r7
	movs r2, #0x00
	ldsh r0, [r1, r2]
	cmp r0, #0xF0
	ble _080E7532
	movs r0, #0xF0
	strh r0, [r1, #0x00]
_080E7532:
	ldr r0, [r4, #0x04]
	adds r1, r0, r5
	movs r3, #0x00
	ldsh r0, [r1, r3]
	cmp r0, #0xF0
	ble _080E7584
	movs r0, #0xF0
	strh r0, [r1, #0x00]
	b _080E7584
_080E7544:
	adds r2, r1, r6
	movs r6, #0xCE
	lsls r6, r6, #0x01
	adds r0, r1, r6
	movs r3, #0x00
	ldsh r1, [r2, r3]
	ldrh r3, [r0, #0x00]
	movs r6, #0x00
	ldsh r0, [r0, r6]
	cmp r1, r0
	bgt _080E7564
	strh r3, [r2, #0x00]
	ldr r0, [r4, #0x04]
	add r0, r12
	mov r1, r8
	strh r1, [r0, #0x00]
_080E7564:
	ldr r0, [r4, #0x04]
	adds r1, r0, r7
	movs r2, #0x00
	ldsh r0, [r1, r2]
	cmp r0, #0x00
	bge _080E7574
	mov r3, r8
	strh r3, [r1, #0x00]
_080E7574:
	ldr r0, [r4, #0x04]
	adds r1, r0, r5
	movs r5, #0x00
	ldsh r0, [r1, r5]
	cmp r0, #0x00
	bge _080E7584
	mov r6, r8
	strh r6, [r1, #0x00]
_080E7584:
	ldr r1, [r4, #0x04]
	movs r5, #0xD1
	lsls r5, r5, #0x01
	adds r0, r1, r5
	movs r2, #0x00
	ldsh r0, [r0, r2]
	cmp r0, #0x00
	blt _080E75E0
	movs r3, #0xD3
	lsls r3, r3, #0x01
	adds r2, r1, r3
	movs r6, #0xCF
	lsls r6, r6, #0x01
	adds r0, r1, r6
	movs r3, #0x00
	ldsh r1, [r2, r3]
	ldrh r3, [r0, #0x00]
	movs r6, #0x00
	ldsh r0, [r0, r6]
	cmp r1, r0
	blt _080E75B8
	movs r1, #0x00
	strh r3, [r2, #0x00]
	ldr r0, [r4, #0x04]
	adds r0, r0, r5
	strh r1, [r0, #0x00]
_080E75B8:
	ldr r0, [r4, #0x04]
	movs r2, #0xD5
	lsls r2, r2, #0x01
	adds r1, r0, r2
	movs r3, #0x00
	ldsh r0, [r1, r3]
	cmp r0, #0xA0
	ble _080E75CC
	movs r0, #0xA0
	strh r0, [r1, #0x00]
_080E75CC:
	ldr r0, [r4, #0x04]
	movs r5, #0xD7
	lsls r5, r5, #0x01
	adds r1, r0, r5
	movs r6, #0x00
	ldsh r0, [r1, r6]
	cmp r0, #0xA0
	ble _080E762C
	movs r0, #0xA0
	b _080E762A
_080E75E0:
	movs r0, #0xD3
	lsls r0, r0, #0x01
	adds r2, r1, r0
	movs r3, #0xCF
	lsls r3, r3, #0x01
	adds r0, r1, r3
	movs r6, #0x00
	ldsh r1, [r2, r6]
	ldrh r3, [r0, #0x00]
	movs r6, #0x00
	ldsh r0, [r0, r6]
	cmp r1, r0
	bgt _080E7604
	movs r1, #0x00
	strh r3, [r2, #0x00]
	ldr r0, [r4, #0x04]
	adds r0, r0, r5
	strh r1, [r0, #0x00]
_080E7604:
	ldr r0, [r4, #0x04]
	movs r2, #0xD5
	lsls r2, r2, #0x01
	adds r1, r0, r2
	movs r3, #0x00
	ldsh r0, [r1, r3]
	cmp r0, #0x00
	bge _080E7618
	movs r0, #0x00
	strh r0, [r1, #0x00]
_080E7618:
	ldr r0, [r4, #0x04]
	movs r5, #0xD7
	lsls r5, r5, #0x01
	adds r1, r0, r5
	movs r6, #0x00
	ldsh r0, [r1, r6]
	cmp r0, #0x00
	bge _080E762C
	movs r0, #0x00
_080E762A:
	strh r0, [r1, #0x00]
_080E762C:
	ldr r1, [r4, #0x04]
	movs r2, #0xD2
	lsls r2, r2, #0x01
	adds r0, r1, r2
	movs r3, #0x00
	ldsh r0, [r0, r3]
	cmp r0, #0x00
	bge _080E763E
	adds r0, #0x0F
_080E763E:
	asrs r0, r0, #0x04
	movs r5, #0xCC
	lsls r5, r5, #0x01
	adds r1, r1, r5
	strh r0, [r1, #0x00]
	negs r0, r0
	ldr r1, _080E76AC @ =0x02000010
	strh r0, [r1, #0x00]
	ldr r1, [r4, #0x04]
	movs r6, #0xD3
	lsls r6, r6, #0x01
	adds r0, r1, r6
	movs r2, #0x00
	ldsh r0, [r0, r2]
	cmp r0, #0x00
	bge _080E7660
	adds r0, #0x0F
_080E7660:
	asrs r0, r0, #0x04
	movs r3, #0xCD
	lsls r3, r3, #0x01
	adds r1, r1, r3
	strh r0, [r1, #0x00]
	negs r0, r0
	ldr r1, _080E76B0 @ =0x02000012
	strh r0, [r1, #0x00]
	ldr r2, _080E76B4 @ =0x02000040
	ldr r3, [r4, #0x04]
	movs r4, #0xD4
	lsls r4, r4, #0x01
	adds r0, r3, r4
	ldrh r0, [r0, #0x00]
	lsls r0, r0, #0x08
	movs r5, #0xD6
	lsls r5, r5, #0x01
	adds r1, r3, r5
	ldrh r1, [r1, #0x00]
	orrs r0, r1
	strh r0, [r2, #0x00]
	adds r2, #0x04
	movs r6, #0xD5
	lsls r6, r6, #0x01
	adds r0, r3, r6
	ldrh r0, [r0, #0x00]
	lsls r0, r0, #0x08
	adds r4, #0x06
	adds r1, r3, r4
	ldrh r1, [r1, #0x00]
	orrs r0, r1
	strh r0, [r2, #0x00]
_080E76A0:
	pop {r3}
	mov r8, r3
	pop {r4, r5, r6, r7}
	pop {r0}
	bx r0
	.byte 0x00, 0x00
_080E76AC: .4byte 0x02000010
_080E76B0: .4byte 0x02000012
_080E76B4: .4byte 0x02000040
	thumb_func_start sub_80E76B8
sub_80E76B8:
	push {r4, r5, r6, r7, lr}
	adds r3, r1, #0x0
	ldr r2, _080E7724 @ =0x0300034C
	movs r4, #0x88
	lsls r4, r4, #0x04
	adds r1, r2, r4
	ldr r4, [r1, #0x00]
	ldr r0, [r0, #0x04]
	movs r5, #0xCC
	lsls r5, r5, #0x01
	adds r7, r0, r5
	ldrh r1, [r7, #0x00]
	ldrh r5, [r3, #0x00]
	adds r1, r1, r5
	lsls r1, r1, #0x10
	movs r5, #0xCD
	lsls r5, r5, #0x01
	adds r0, r0, r5
	ldrh r0, [r0, #0x00]
	ldrh r5, [r3, #0x02]
	adds r0, r0, r5
	lsls r0, r0, #0x10
	lsrs r6, r0, #0x10
	lsrs r5, r1, #0x10
	movs r0, #0xC0
	lsls r0, r0, #0x0C
	adds r1, r1, r0
	movs r0, #0x84
	lsls r0, r0, #0x11
	mov r12, r2
	cmp r1, r0
	bls _080E76FA
	b _080E7A74
_080E76FA:
	lsls r0, r6, #0x10
	asrs r1, r0, #0x10
	movs r0, #0x0C
	negs r0, r0
	cmp r1, r0
	bge _080E7708
	b _080E7A74
_080E7708:
	cmp r1, #0xAC
	ble _080E770E
	b _080E7A74
_080E770E:
	ldrb r2, [r3, #0x04]
	lsls r0, r2, #0x1D
	lsrs r0, r0, #0x1E
	cmp r0, #0x01
	beq _080E778C
	cmp r0, #0x01
	bcc _080E7728
	cmp r0, #0x02
	beq _080E7804
	b _080E7A54
	.byte 0x00, 0x00
_080E7724: .4byte 0x0300034C
_080E7728:
	lsls r0, r2, #0x1A
	lsrs r0, r0, #0x1D
	cmp r0, #0x00
	beq _080E7736
	cmp r0, #0x01
	beq _080E773A
	b _080E7744
_080E7736:
	adds r0, r1, #0x3
	b _080E773C
_080E773A:
	adds r0, r1, #0x6
_080E773C:
	movs r1, #0xFF
	ands r0, r1
	strh r0, [r4, #0x00]
	adds r4, #0x02
_080E7744:
	lsls r0, r5, #0x10
	asrs r0, r0, #0x10
	adds r0, #0x01
	ldr r2, _080E7780 @ =0x000001FF
	adds r1, r2, #0x0
	ands r0, r1
	strh r0, [r4, #0x00]
	adds r4, #0x02
	ldrh r0, [r3, #0x04]
	lsls r0, r0, #0x12
	lsrs r0, r0, #0x18
	cmp r0, #0x14
	bls _080E777A
	ldrb r2, [r3, #0x04]
	lsls r1, r2, #0x1A
	lsrs r1, r1, #0x1D
	movs r0, #0x01
	eors r1, r0
	lsls r1, r1, #0x03
	subs r0, #0x3A
	ands r0, r2
	orrs r0, r1
	strb r0, [r3, #0x04]
	ldrh r1, [r3, #0x04]
	ldr r0, _080E7784 @ =0xFFFFC03F
	ands r0, r1
	strh r0, [r3, #0x04]
_080E777A:
	ldr r5, _080E7788 @ =0x0000F004
	b _080E7A4E
	.byte 0x00, 0x00
_080E7780: .4byte 0x000001FF
_080E7784: .4byte 0xFFFFC03F
_080E7788: .4byte 0x0000F004
_080E778C:
	adds r0, r1, #0x3
	ldr r2, _080E77B8 @ =0x000001FF
	adds r1, r2, #0x0
	ands r0, r1
	strh r0, [r4, #0x00]
	adds r4, #0x02
	ldrh r0, [r7, #0x00]
	ldrh r5, [r3, #0x00]
	adds r0, r0, r5
	adds r0, #0x01
	movs r1, #0xFF
	ands r0, r1
	strh r0, [r4, #0x00]
	adds r4, #0x02
	ldrb r1, [r3, #0x04]
	lsls r0, r1, #0x1A
	lsrs r0, r0, #0x1D
	cmp r0, #0x00
	beq _080E77BC
	cmp r0, #0x01
	beq _080E77D2
	b _080E77EC
_080E77B8: .4byte 0x000001FF
_080E77BC:
	ldrh r0, [r3, #0x04]
	lsls r0, r0, #0x12
	lsrs r0, r0, #0x18
	cmp r0, #0x28
	bls _080E77EC
	movs r0, #0x39
	negs r0, r0
	ands r0, r1
	movs r1, #0x08
	orrs r0, r1
	b _080E77E2
_080E77D2:
	ldrh r0, [r3, #0x04]
	lsls r0, r0, #0x12
	lsrs r0, r0, #0x18
	cmp r0, #0x14
	bls _080E77EC
	movs r0, #0x39
	negs r0, r0
	ands r0, r1
_080E77E2:
	strb r0, [r3, #0x04]
	ldrh r1, [r3, #0x04]
	ldr r0, _080E7800 @ =0xFFFFC03F
	ands r0, r1
	strh r0, [r3, #0x04]
_080E77EC:
	ldrb r0, [r3, #0x04]
	lsls r0, r0, #0x1A
	lsrs r0, r0, #0x1D
	adds r0, #0x11
	movs r2, #0xF0
	lsls r2, r2, #0x08
	adds r1, r2, #0x0
	orrs r0, r1
	b _080E7A50
	.byte 0x00, 0x00
_080E7800: .4byte 0xFFFFC03F
_080E7804:
	adds r0, r1, #0x0
	subs r0, #0x08
	movs r1, #0xFF
	ands r0, r1
	strh r0, [r4, #0x00]
	adds r4, #0x02
	ldrb r0, [r3, #0x04]
	lsls r0, r0, #0x1A
	lsrs r0, r0, #0x1D
	cmp r0, #0x07
	bls _080E781C
	b _080E7A4A
_080E781C:
	lsls r0, r0, #0x02
	ldr r1, _080E7828 @ =0x080E782C
	adds r0, r0, r1
	ldr r0, [r0, #0x00]
	mov pc, r0
	.byte 0x00, 0x00
_080E7828: .4byte 0x080E782C
	.byte 0x4C, 0x78, 0x0E, 0x08, 0x90, 0x78, 0x0E, 0x08, 0xD4, 0x78, 0x0E, 0x08, 0x14, 0x79, 0x0E, 0x08
	.byte 0x54, 0x79, 0x0E, 0x08, 0x94, 0x79, 0x0E, 0x08, 0xD4, 0x79, 0x0E, 0x08, 0x14, 0x7A, 0x0E, 0x08
	.byte 0x28, 0x04, 0x00, 0x14, 0x10, 0x38, 0x0E, 0x4D, 0x29, 0x1C, 0x08, 0x40, 0x80, 0x22, 0xD2, 0x01
	.byte 0x11, 0x1C, 0x08, 0x43, 0x20, 0x80, 0x02, 0x34, 0x99, 0x88, 0xFF, 0x20, 0x80, 0x01, 0x08, 0x40
	.byte 0x00, 0x28, 0x00, 0xD1, 0xEB, 0xE0, 0x1A, 0x79, 0x91, 0x06, 0x49, 0x0F, 0x01, 0x31, 0x07, 0x20
	.byte 0x01, 0x40, 0xC9, 0x00, 0x39, 0x20, 0x40, 0x42, 0x10, 0x40, 0x08, 0x43, 0xDA, 0xE0, 0x00, 0x00
	.byte 0xFF, 0x01, 0x00, 0x00, 0x28, 0x04, 0x00, 0x14, 0x0F, 0x38, 0x0E, 0x4D, 0x29, 0x1C, 0x08, 0x40
	.byte 0x80, 0x22, 0xD2, 0x01, 0x11, 0x1C, 0x08, 0x43, 0x20, 0x80, 0x02, 0x34, 0x99, 0x88, 0xFF, 0x20
	.byte 0x80, 0x01, 0x08, 0x40, 0x00, 0x28, 0x00, 0xD1, 0xC9, 0xE0, 0x1A, 0x79, 0x91, 0x06, 0x49, 0x0F
	.byte 0x01, 0x31, 0x07, 0x20, 0x01, 0x40, 0xC9, 0x00, 0x39, 0x20, 0x40, 0x42, 0x10, 0x40, 0x08, 0x43
	.byte 0xB8, 0xE0, 0x00, 0x00, 0xFF, 0x01, 0x00, 0x00, 0x28, 0x04, 0x00, 0x14, 0x0E, 0x38, 0x0D, 0x4D
	.byte 0x29, 0x1C, 0x08, 0x40, 0x80, 0x22, 0xD2, 0x01, 0x11, 0x1C, 0x08, 0x43, 0x20, 0x80, 0x02, 0x34
	.byte 0x98, 0x88, 0x80, 0x04, 0x00, 0x0E, 0x02, 0x28, 0x00, 0xD8, 0xA8, 0xE0, 0x1A, 0x79, 0x91, 0x06
	.byte 0x49, 0x0F, 0x01, 0x31, 0x07, 0x20, 0x01, 0x40, 0xC9, 0x00, 0x39, 0x20, 0x40, 0x42, 0x10, 0x40
	.byte 0x08, 0x43, 0x97, 0xE0, 0xFF, 0x01, 0x00, 0x00, 0x28, 0x04, 0x00, 0x14, 0x0D, 0x38, 0x0D, 0x4D
	.byte 0x29, 0x1C, 0x08, 0x40, 0x80, 0x22, 0xD2, 0x01, 0x11, 0x1C, 0x08, 0x43, 0x20, 0x80, 0x02, 0x34
	.byte 0x98, 0x88, 0x80, 0x04, 0x00, 0x0E, 0x04, 0x28, 0x00, 0xD8, 0x88, 0xE0, 0x1A, 0x79, 0x91, 0x06
	.byte 0x49, 0x0F, 0x01, 0x31, 0x07, 0x20, 0x01, 0x40, 0xC9, 0x00, 0x39, 0x20, 0x40, 0x42, 0x10, 0x40
	.byte 0x08, 0x43, 0x77, 0xE0, 0xFF, 0x01, 0x00, 0x00, 0x28, 0x04, 0x00, 0x14, 0x0C, 0x38, 0x0D, 0x4D
	.byte 0x29, 0x1C, 0x08, 0x40, 0x80, 0x22, 0xD2, 0x01, 0x11, 0x1C, 0x08, 0x43, 0x20, 0x80, 0x02, 0x34
	.byte 0x98, 0x88, 0x80, 0x04, 0x00, 0x0E, 0x06, 0x28, 0x69, 0xD9, 0x1A, 0x79, 0x91, 0x06, 0x49, 0x0F
	.byte 0x01, 0x31, 0x07, 0x20, 0x01, 0x40, 0xC9, 0x00, 0x39, 0x20, 0x40, 0x42, 0x10, 0x40, 0x08, 0x43
	.byte 0x58, 0xE0, 0x00, 0x00, 0xFF, 0x01, 0x00, 0x00, 0x28, 0x04, 0x00, 0x14, 0x0D, 0x38, 0x0D, 0x4D
	.byte 0x29, 0x1C, 0x08, 0x40, 0x80, 0x22, 0xD2, 0x01, 0x11, 0x1C, 0x08, 0x43, 0x20, 0x80, 0x02, 0x34
	.byte 0x98, 0x88, 0x80, 0x04, 0x00, 0x0E, 0x04, 0x28, 0x49, 0xD9, 0x1A, 0x79, 0x91, 0x06, 0x49, 0x0F
	.byte 0x01, 0x31, 0x07, 0x20, 0x01, 0x40, 0xC9, 0x00, 0x39, 0x20, 0x40, 0x42, 0x10, 0x40, 0x08, 0x43
	.byte 0x38, 0xE0, 0x00, 0x00, 0xFF, 0x01, 0x00, 0x00, 0x28, 0x04, 0x00, 0x14, 0x0E, 0x38, 0x0D, 0x4D
	.byte 0x29, 0x1C, 0x08, 0x40, 0x80, 0x22, 0xD2, 0x01, 0x11, 0x1C, 0x08, 0x43, 0x20, 0x80, 0x02, 0x34
	.byte 0x98, 0x88, 0x80, 0x04, 0x00, 0x0E, 0x02, 0x28, 0x29, 0xD9, 0x1A, 0x79, 0x91, 0x06, 0x49, 0x0F
	.byte 0x01, 0x31, 0x07, 0x20, 0x01, 0x40, 0xC9, 0x00, 0x39, 0x20, 0x40, 0x42, 0x10, 0x40, 0x08, 0x43
	.byte 0x18, 0xE0, 0x00, 0x00, 0xFF, 0x01, 0x00, 0x00, 0x28, 0x04, 0x00, 0x14, 0x0F, 0x38, 0x18, 0x4D
	.byte 0x29, 0x1C, 0x08, 0x40, 0x80, 0x22, 0xD2, 0x01, 0x11, 0x1C, 0x08, 0x43, 0x20, 0x80, 0x02, 0x34
	.byte 0x99, 0x88, 0xFF, 0x20, 0x80, 0x01, 0x08, 0x40, 0x00, 0x28, 0x08, 0xD0, 0x19, 0x79, 0x39, 0x20
	.byte 0x40, 0x42, 0x08, 0x40, 0x18, 0x71, 0x99, 0x88, 0x0E, 0x48, 0x08, 0x40, 0x98, 0x80
_080E7A4A:
	movs r5, #0xF0
	lsls r5, r5, #0x08
_080E7A4E:
	adds r0, r5, #0x0
_080E7A50:
	strh r0, [r4, #0x00]
	adds r4, #0x02
_080E7A54:
	ldrh r2, [r3, #0x04]
	lsls r1, r2, #0x12
	lsrs r1, r1, #0x18
	adds r1, #0x01
	movs r0, #0xFF
	ands r1, r0
	lsls r1, r1, #0x06
	ldr r0, _080E7A80 @ =0xFFFFC03F
	ands r0, r2
	orrs r0, r1
	strh r0, [r3, #0x04]
	adds r4, #0x02
	movs r0, #0x88
	lsls r0, r0, #0x04
	add r0, r12
	str r4, [r0, #0x00]
_080E7A74:
	pop {r4, r5, r6, r7}
	pop {r0}
	bx r0
	.byte 0x00, 0x00, 0xFF, 0x01, 0x00, 0x00
_080E7A80: .4byte 0xFFFFC03F
	thumb_func_start sub_80E7A84
sub_80E7A84:
	push {r4, r5, r6, lr}
	adds r3, r0, #0x0
	adds r5, r1, #0x0
	ldrh r1, [r5, #0x3C]
	movs r0, #0x38
	ands r0, r1
	cmp r0, #0x00
	beq _080E7B38
	ldr r2, [r5, #0x44]
	ldrh r1, [r5, #0x34]
	ldr r3, [r3, #0x04]
	movs r4, #0xCC
	lsls r4, r4, #0x01
	adds r0, r3, r4
	adds r1, r1, r2
	ldrh r0, [r0, #0x00]
	adds r1, r1, r0
	ldr r2, [r5, #0x48]
	ldrh r0, [r5, #0x36]
	adds r4, #0x02
	adds r3, r3, r4
	adds r0, r0, r2
	ldrh r3, [r3, #0x00]
	adds r0, r0, r3
	lsls r0, r0, #0x10
	lsrs r2, r0, #0x10
	lsls r1, r1, #0x10
	asrs r6, r1, #0x10
	movs r0, #0xC0
	lsls r0, r0, #0x0C
	adds r1, r1, r0
	movs r0, #0x84
	lsls r0, r0, #0x11
	cmp r1, r0
	bhi _080E7B38
	lsls r0, r2, #0x10
	asrs r2, r0, #0x10
	movs r0, #0x0C
	negs r0, r0
	cmp r2, r0
	blt _080E7B38
	cmp r2, #0xAC
	bgt _080E7B38
	ldr r4, _080E7B40 @ =0x0300034C
	movs r1, #0x88
	lsls r1, r1, #0x04
	adds r4, r4, r1
	ldr r3, [r4, #0x00]
	movs r0, #0x43
	adds r0, r0, r5
	mov r12, r0
	ldrb r0, [r0, #0x00]
	lsls r0, r0, #0x1D
	lsrs r0, r0, #0x1F
	lsls r0, r0, #0x0F
	movs r1, #0xFF
	ands r1, r2
	orrs r0, r1
	strh r0, [r3, #0x00]
	adds r3, #0x02
	mov r1, r12
	ldrb r2, [r1, #0x00]
	lsls r1, r2, #0x1E
	lsrs r1, r1, #0x1F
	lsls r1, r1, #0x0E
	ldr r0, _080E7B44 @ =0x000001FF
	ands r6, r0
	orrs r1, r6
	adds r0, r5, #0x0
	adds r0, #0x42
	ldrb r0, [r0, #0x00]
	lsrs r0, r0, #0x07
	lsls r0, r0, #0x0D
	orrs r1, r0
	lsls r2, r2, #0x1F
	lsrs r2, r2, #0x1F
	lsls r2, r2, #0x0C
	orrs r1, r2
	strh r1, [r3, #0x00]
	adds r3, #0x02
	mov r2, r12
	ldrb r0, [r2, #0x00]
	lsrs r0, r0, #0x03
	movs r2, #0xF0
	lsls r2, r2, #0x08
	adds r1, r2, #0x0
	orrs r0, r1
	strh r0, [r3, #0x00]
	adds r3, #0x04
	str r3, [r4, #0x00]
_080E7B38:
	pop {r4, r5, r6}
	pop {r0}
	bx r0
	.byte 0x00, 0x00
_080E7B40: .4byte 0x0300034C
_080E7B44: .4byte 0x000001FF
	thumb_func_start sub_80E7B48
sub_80E7B48:
	push {r4, r5, r6, r7, lr}
	mov r7, r10
	mov r6, r9
	mov r5, r8
	push {r5, r6, r7}
	add sp, #-0x058
	str r1, [sp, #0x008]
	str r2, [sp, #0x00C]
	adds r6, r3, #0x0
	ldr r1, [sp, #0x078]
	ldr r2, [sp, #0x07C]
	ldr r3, [sp, #0x00C]
	lsls r3, r3, #0x10
	str r3, [sp, #0x014]
	lsrs r3, r3, #0x10
	str r3, [sp, #0x010]
	lsls r6, r6, #0x10
	lsrs r6, r6, #0x10
	lsls r1, r1, #0x18
	lsls r2, r2, #0x18
	lsrs r2, r2, #0x18
	str r2, [sp, #0x01C]
	ldr r0, [r0, #0x04]
	movs r2, #0xC0
	lsls r2, r2, #0x01
	adds r0, r0, r2
	ldr r7, [r0, #0x00]
	lsrs r3, r1, #0x18
	str r3, [sp, #0x018]
	movs r2, #0x80
	lsls r2, r2, #0x11
	adds r0, r1, r2
	lsrs r0, r0, #0x18
	str r0, [sp, #0x024]
	ldr r2, _080E7DEC @ =0x08200160
	movs r0, #0x01
	movs r1, #0x80
	bl alloc_heap_8018CEC
	str r0, [sp, #0x020]
	ldr r4, _080E7DF0 @ =0x040000D4
	adds r0, r7, #0x0
	adds r0, #0xC0
	str r0, [r4, #0x00]
	ldr r3, [sp, #0x020]
	str r3, [r4, #0x04]
	ldr r0, _080E7DF4 @ =0x84000008
	str r0, [r4, #0x08]
	ldr r0, [r4, #0x08]
	adds r0, r7, #0x0
	adds r0, #0xE0
	str r0, [r4, #0x00]
	adds r3, #0x20
	str r3, [sp, #0x028]
	str r3, [r4, #0x04]
	ldr r1, _080E7DF4 @ =0x84000008
	str r1, [r4, #0x08]
	ldr r0, [r4, #0x08]
	movs r2, #0x40
	adds r2, r2, r7
	mov r8, r2
	str r2, [r4, #0x00]
	ldr r3, [sp, #0x020]
	adds r3, #0x40
	str r3, [sp, #0x02C]
	str r3, [r4, #0x04]
	str r1, [r4, #0x08]
	ldr r0, [r4, #0x08]
	ldr r0, _080E7DF8 @ =0x0800112C
	ldr r1, _080E7DFC @ =0x08001010
	subs r0, r0, r1
	str r0, [sp, #0x030]
	ldr r2, _080E7E00 @ =0x03000FB4
	ldr r5, [r2, #0x00]
	adds r5, r5, r0
	ldr r3, [sp, #0x010]
	lsls r3, r3, #0x10
	str r3, [sp, #0x038]
	lsrs r0, r3, #0x10
	str r0, [sp, #0x034]
	lsls r6, r6, #0x10
	asrs r1, r6, #0x10
	str r1, [sp, #0x03C]
	movs r2, #0x80
	lsls r2, r2, #0x0B
	adds r6, r6, r2
	lsrs r6, r6, #0x10
	ldr r3, [sp, #0x024]
	str r3, [sp, #0x000]
	movs r0, #0x03
	str r0, [sp, #0x004]
	ldr r0, [sp, #0x008]
	ldr r1, [sp, #0x020]
	ldr r2, [sp, #0x034]
	adds r3, r6, #0x0
	bl _call_via_r5
	mov r1, r8
	str r1, [r4, #0x00]
	ldr r2, [sp, #0x020]
	str r2, [r4, #0x04]
	ldr r3, _080E7DF4 @ =0x84000008
	str r3, [r4, #0x08]
	ldr r0, [r4, #0x08]
	movs r1, #0x80
	lsls r1, r1, #0x01
	adds r0, r7, r1
	str r0, [r4, #0x00]
	ldr r2, [sp, #0x028]
	str r2, [r4, #0x04]
	str r3, [r4, #0x08]
	ldr r0, [r4, #0x08]
	movs r3, #0x90
	lsls r3, r3, #0x01
	adds r0, r7, r3
	str r0, [r4, #0x00]
	ldr r0, [sp, #0x02C]
	str r0, [r4, #0x04]
	ldr r1, _080E7DF4 @ =0x84000008
	str r1, [r4, #0x08]
	ldr r0, [r4, #0x08]
	ldr r2, _080E7E00 @ =0x03000FB4
	ldr r5, [r2, #0x00]
	ldr r3, [sp, #0x030]
	adds r5, r5, r3
	ldr r0, [sp, #0x018]
	subs r0, #0x03
	lsls r0, r0, #0x03
	mov r8, r0
	ldr r1, [sp, #0x038]
	asrs r1, r1, #0x10
	str r1, [sp, #0x040]
	add r8, r1
	mov r2, r8
	lsls r2, r2, #0x10
	lsrs r2, r2, #0x10
	mov r8, r2
	ldr r3, [sp, #0x024]
	str r3, [sp, #0x000]
	movs r0, #0x03
	str r0, [sp, #0x004]
	ldr r0, [sp, #0x008]
	ldr r1, [sp, #0x020]
	adds r3, r6, #0x0
	bl _call_via_r5
	ldr r0, _080E7E04 @ =0x08001778
	ldr r1, _080E7DFC @ =0x08001010
	subs r0, r0, r1
	str r0, [sp, #0x044]
	ldr r2, _080E7E00 @ =0x03000FB4
	ldr r5, [r2, #0x00]
	adds r5, r5, r0
	ldr r3, [sp, #0x024]
	str r3, [sp, #0x000]
	ldr r0, [sp, #0x018]
	subs r0, #0x05
	lsls r0, r0, #0x10
	lsrs r0, r0, #0x10
	str r0, [sp, #0x048]
	str r0, [sp, #0x004]
	ldr r0, [sp, #0x008]
	ldr r1, [sp, #0x020]
	movs r2, #0x18
	adds r3, r6, #0x0
	bl _call_via_r5
	movs r1, #0xA0
	lsls r1, r1, #0x01
	adds r0, r7, r1
	str r0, [r4, #0x00]
	ldr r2, [sp, #0x020]
	str r2, [r4, #0x04]
	ldr r3, _080E7DF4 @ =0x84000008
	str r3, [r4, #0x08]
	ldr r0, [r4, #0x08]
	adds r1, #0x20
	adds r0, r7, r1
	str r0, [r4, #0x00]
	ldr r2, [sp, #0x028]
	str r2, [r4, #0x04]
	str r3, [r4, #0x08]
	ldr r0, [r4, #0x08]
	movs r3, #0x60
	adds r3, r3, r7
	mov r10, r3
	str r3, [r4, #0x00]
	ldr r0, [sp, #0x02C]
	str r0, [r4, #0x04]
	ldr r1, _080E7DF4 @ =0x84000008
	str r1, [r4, #0x08]
	ldr r0, [r4, #0x08]
	ldr r2, _080E7E00 @ =0x03000FB4
	ldr r5, [r2, #0x00]
	ldr r3, [sp, #0x030]
	adds r5, r5, r3
	ldr r6, [sp, #0x01C]
	subs r6, #0x01
	lsls r6, r6, #0x03
	ldr r0, [sp, #0x03C]
	adds r6, r0, r6
	subs r6, #0x04
	lsls r6, r6, #0x10
	lsrs r6, r6, #0x10
	ldr r1, [sp, #0x024]
	str r1, [sp, #0x000]
	movs r2, #0x03
	str r2, [sp, #0x004]
	ldr r0, [sp, #0x008]
	ldr r1, [sp, #0x020]
	ldr r2, [sp, #0x034]
	adds r3, r6, #0x0
	bl _call_via_r5
	mov r3, r10
	str r3, [r4, #0x00]
	ldr r0, [sp, #0x020]
	str r0, [r4, #0x04]
	ldr r1, _080E7DF4 @ =0x84000008
	str r1, [r4, #0x08]
	ldr r0, [r4, #0x08]
	movs r2, #0xC0
	lsls r2, r2, #0x01
	adds r0, r7, r2
	str r0, [r4, #0x00]
	ldr r3, [sp, #0x028]
	str r3, [r4, #0x04]
	str r1, [r4, #0x08]
	ldr r0, [r4, #0x08]
	movs r1, #0xD0
	lsls r1, r1, #0x01
	adds r0, r7, r1
	str r0, [r4, #0x00]
	ldr r2, [sp, #0x02C]
	str r2, [r4, #0x04]
	ldr r3, _080E7DF4 @ =0x84000008
	str r3, [r4, #0x08]
	ldr r0, [r4, #0x08]
	ldr r0, _080E7E00 @ =0x03000FB4
	ldr r5, [r0, #0x00]
	ldr r1, [sp, #0x030]
	adds r5, r5, r1
	ldr r2, [sp, #0x024]
	str r2, [sp, #0x000]
	movs r3, #0x03
	str r3, [sp, #0x004]
	ldr r0, [sp, #0x008]
	ldr r1, [sp, #0x020]
	mov r2, r8
	adds r3, r6, #0x0
	bl _call_via_r5
	ldr r0, _080E7E00 @ =0x03000FB4
	ldr r5, [r0, #0x00]
	ldr r1, [sp, #0x044]
	adds r5, r5, r1
	ldr r2, [sp, #0x024]
	str r2, [sp, #0x000]
	ldr r3, [sp, #0x048]
	str r3, [sp, #0x004]
	ldr r0, [sp, #0x008]
	ldr r1, [sp, #0x020]
	movs r2, #0x18
	adds r3, r6, #0x0
	bl _call_via_r5
	adds r0, r7, #0x0
	adds r0, #0x80
	str r0, [r4, #0x00]
	ldr r0, [sp, #0x020]
	str r0, [r4, #0x04]
	ldr r1, _080E7DF4 @ =0x84000008
	str r1, [r4, #0x08]
	ldr r0, [r4, #0x08]
	ldr r6, _080E7E08 @ =0x080018A8
	ldr r2, _080E7DFC @ =0x08001010
	subs r6, r6, r2
	ldr r3, _080E7E00 @ =0x03000FB4
	ldr r5, [r3, #0x00]
	adds r5, r5, r6
	ldr r0, [sp, #0x03C]
	adds r0, #0x0C
	lsls r3, r0, #0x10
	lsrs r3, r3, #0x10
	mov r9, r3
	ldr r0, [sp, #0x024]
	str r0, [sp, #0x000]
	ldr r0, [sp, #0x01C]
	subs r0, #0x03
	lsls r0, r0, #0x10
	lsrs r0, r0, #0x10
	mov r8, r0
	str r0, [sp, #0x004]
	ldr r0, [sp, #0x008]
	ldr r1, [sp, #0x020]
	ldr r2, [sp, #0x034]
	bl _call_via_r5
	adds r0, r7, #0x0
	adds r0, #0xA0
	str r0, [r4, #0x00]
	ldr r1, [sp, #0x020]
	str r1, [r4, #0x04]
	ldr r2, _080E7DF4 @ =0x84000008
	str r2, [r4, #0x08]
	ldr r0, [r4, #0x08]
	ldr r3, _080E7E00 @ =0x03000FB4
	ldr r4, [r3, #0x00]
	adds r4, r4, r6
	ldr r0, [sp, #0x018]
	subs r0, #0x01
	lsls r0, r0, #0x03
	ldr r1, [sp, #0x040]
	adds r0, r1, r0
	lsls r2, r0, #0x10
	lsrs r3, r2, #0x10
	str r3, [sp, #0x050]
	ldr r0, [sp, #0x024]
	str r0, [sp, #0x000]
	mov r1, r8
	str r1, [sp, #0x004]
	ldr r0, [sp, #0x008]
	ldr r1, [sp, #0x020]
	adds r2, r3, #0x0
	mov r3, r9
	bl _call_via_r4
	ldr r0, [sp, #0x020]
	bl free_heap_memory_8018C68
	add sp, #0x058
	pop {r3, r4, r5}
	mov r8, r3
	mov r9, r4
	mov r10, r5
	pop {r4, r5, r6, r7}
	pop {r0}
	bx r0
_080E7DEC: .4byte 0x08200160
_080E7DF0: .4byte 0x040000D4
_080E7DF4: .4byte 0x84000008
_080E7DF8: .4byte 0x0800112C
_080E7DFC: .4byte 0x08001010
_080E7E00: .4byte 0x03000FB4
_080E7E04: .4byte 0x08001778
_080E7E08: .4byte 0x080018A8
	thumb_func_start sub_80E7E0C
sub_80E7E0C:
	push {r4, r5, r6, r7, lr}
	mov r7, r10
	mov r6, r9
	mov r5, r8
	push {r5, r6, r7}
	add sp, #-0x064
	str r1, [sp, #0x00C]
	ldr r1, [sp, #0x084]
	ldr r4, [sp, #0x088]
	lsls r2, r2, #0x10
	lsrs r6, r2, #0x10
	lsls r3, r3, #0x10
	lsrs r3, r3, #0x10
	mov r10, r3
	lsls r1, r1, #0x18
	lsls r2, r4, #0x18
	lsrs r2, r2, #0x18
	str r2, [sp, #0x014]
	ldr r0, [r0, #0x04]
	movs r2, #0xC0
	lsls r2, r2, #0x01
	adds r0, r0, r2
	ldr r7, [r0, #0x00]
	lsrs r0, r1, #0x18
	str r0, [sp, #0x010]
	movs r2, #0x80
	lsls r2, r2, #0x11
	adds r0, r1, r2
	lsrs r0, r0, #0x18
	str r0, [sp, #0x018]
	ldr r2, _080E8208 @ =0x08200160
	movs r0, #0x01
	movs r1, #0x80
	bl alloc_heap_8018CEC
	mov r9, r0
	ldr r4, _080E820C @ =0x040000D4
	movs r1, #0xC8
	lsls r1, r1, #0x02
	adds r0, r7, r1
	str r0, [r4, #0x00]
	mov r2, r9
	str r2, [r4, #0x04]
	ldr r0, _080E8210 @ =0x84000008
	str r0, [r4, #0x08]
	ldr r0, [r4, #0x08]
	adds r1, #0x20
	adds r0, r7, r1
	str r0, [r4, #0x00]
	adds r2, #0x20
	str r2, [sp, #0x01C]
	str r2, [r4, #0x04]
	ldr r2, _080E8210 @ =0x84000008
	str r2, [r4, #0x08]
	ldr r0, [r4, #0x08]
	movs r0, #0xE0
	lsls r0, r0, #0x01
	adds r0, r7, r0
	str r0, [sp, #0x020]
	str r0, [r4, #0x00]
	mov r1, r9
	adds r1, #0x40
	str r1, [sp, #0x024]
	str r1, [r4, #0x04]
	str r2, [r4, #0x08]
	ldr r0, [r4, #0x08]
	ldr r0, _080E8214 @ =0x0800112C
	ldr r2, _080E8218 @ =0x08001010
	subs r0, r0, r2
	str r0, [sp, #0x028]
	ldr r0, _080E821C @ =0x03000FB4
	ldr r5, [r0, #0x00]
	ldr r1, [sp, #0x028]
	adds r5, r5, r1
	lsls r6, r6, #0x10
	str r6, [sp, #0x030]
	lsrs r2, r6, #0x10
	str r2, [sp, #0x02C]
	mov r0, r10
	lsls r6, r0, #0x10
	lsrs r1, r6, #0x10
	str r1, [sp, #0x034]
	ldr r2, [sp, #0x018]
	str r2, [sp, #0x000]
	movs r0, #0x03
	str r0, [sp, #0x004]
	ldr r0, [sp, #0x00C]
	mov r1, r9
	ldr r2, [sp, #0x02C]
	ldr r3, [sp, #0x034]
	bl _call_via_r5
	movs r1, #0xC0
	lsls r1, r1, #0x02
	adds r0, r7, r1
	str r0, [r4, #0x00]
	mov r2, r9
	str r2, [r4, #0x04]
	ldr r0, _080E8210 @ =0x84000008
	str r0, [r4, #0x08]
	ldr r0, [r4, #0x08]
	asrs r1, r6, #0x10
	str r1, [sp, #0x038]
	movs r2, #0x80
	lsls r2, r2, #0x0C
	adds r3, r6, r2
	lsrs r3, r3, #0x10
	str r3, [sp, #0x03C]
	ldr r0, [sp, #0x018]
	str r0, [sp, #0x000]
	ldr r1, _080E821C @ =0x03000FB4
	ldr r5, [r1, #0x00]
	ldr r0, [sp, #0x00C]
	mov r1, r9
	ldr r2, [sp, #0x02C]
	bl _call_via_r5
	movs r2, #0xF8
	lsls r2, r2, #0x02
	adds r0, r7, r2
	str r0, [r4, #0x00]
	mov r0, r9
	str r0, [r4, #0x04]
	ldr r1, _080E8210 @ =0x84000008
	str r1, [r4, #0x08]
	ldr r0, [r4, #0x08]
	adds r2, #0x20
	adds r0, r7, r2
	str r0, [r4, #0x00]
	ldr r0, [sp, #0x01C]
	str r0, [r4, #0x04]
	str r1, [r4, #0x08]
	ldr r0, [r4, #0x08]
	movs r1, #0x88
	lsls r1, r1, #0x02
	adds r1, r7, r1
	str r1, [sp, #0x040]
	str r1, [r4, #0x00]
	ldr r2, [sp, #0x024]
	str r2, [r4, #0x04]
	ldr r0, _080E8210 @ =0x84000008
	str r0, [r4, #0x08]
	ldr r0, [r4, #0x08]
	ldr r1, _080E821C @ =0x03000FB4
	ldr r5, [r1, #0x00]
	ldr r2, [sp, #0x028]
	adds r5, r5, r2
	ldr r0, [sp, #0x014]
	subs r0, #0x01
	lsls r0, r0, #0x03
	ldr r1, [sp, #0x038]
	adds r0, r1, r0
	lsls r3, r0, #0x10
	lsrs r3, r3, #0x10
	str r3, [sp, #0x044]
	ldr r2, [sp, #0x018]
	str r2, [sp, #0x000]
	movs r0, #0x03
	str r0, [sp, #0x004]
	ldr r0, [sp, #0x00C]
	mov r1, r9
	ldr r2, [sp, #0x02C]
	bl _call_via_r5
	movs r1, #0xF0
	lsls r1, r1, #0x02
	adds r0, r7, r1
	str r0, [r4, #0x00]
	mov r2, r9
	str r2, [r4, #0x04]
	ldr r0, _080E8210 @ =0x84000008
	str r0, [r4, #0x08]
	ldr r0, [r4, #0x08]
	ldr r1, [sp, #0x014]
	subs r1, #0x02
	lsls r1, r1, #0x03
	mov r10, r1
	ldr r2, [sp, #0x038]
	add r10, r2
	mov r0, r10
	lsls r0, r0, #0x10
	lsrs r0, r0, #0x10
	mov r10, r0
	ldr r1, [sp, #0x018]
	str r1, [sp, #0x000]
	ldr r2, _080E821C @ =0x03000FB4
	ldr r5, [r2, #0x00]
	ldr r0, [sp, #0x00C]
	mov r1, r9
	ldr r2, [sp, #0x02C]
	mov r3, r10
	bl _call_via_r5
	movs r0, #0x80
	lsls r0, r0, #0x02
	adds r0, r7, r0
	str r0, [sp, #0x048]
	str r0, [r4, #0x00]
	mov r1, r9
	str r1, [r4, #0x04]
	ldr r2, _080E8210 @ =0x84000008
	str r2, [r4, #0x08]
	ldr r0, [r4, #0x08]
	movs r1, #0xD8
	lsls r1, r1, #0x02
	adds r0, r7, r1
	str r0, [r4, #0x00]
	ldr r2, [sp, #0x01C]
	str r2, [r4, #0x04]
	ldr r0, _080E8210 @ =0x84000008
	str r0, [r4, #0x08]
	ldr r0, [r4, #0x08]
	adds r1, #0x20
	adds r0, r7, r1
	str r0, [r4, #0x00]
	ldr r2, [sp, #0x024]
	str r2, [r4, #0x04]
	ldr r0, _080E8210 @ =0x84000008
	str r0, [r4, #0x08]
	ldr r0, [r4, #0x08]
	ldr r1, _080E821C @ =0x03000FB4
	ldr r5, [r1, #0x00]
	ldr r2, [sp, #0x028]
	adds r5, r5, r2
	ldr r6, [sp, #0x010]
	subs r6, #0x03
	lsls r6, r6, #0x03
	ldr r0, [sp, #0x030]
	asrs r0, r0, #0x10
	str r0, [sp, #0x04C]
	adds r6, r0, r6
	lsls r6, r6, #0x10
	lsrs r6, r6, #0x10
	ldr r1, [sp, #0x018]
	str r1, [sp, #0x000]
	movs r2, #0x03
	str r2, [sp, #0x004]
	ldr r0, [sp, #0x00C]
	mov r1, r9
	adds r2, r6, #0x0
	ldr r3, [sp, #0x034]
	bl _call_via_r5
	movs r1, #0xE8
	lsls r1, r1, #0x02
	adds r0, r7, r1
	str r0, [r4, #0x00]
	mov r2, r9
	str r2, [r4, #0x04]
	ldr r0, _080E8210 @ =0x84000008
	str r0, [r4, #0x08]
	ldr r0, [r4, #0x08]
	ldr r0, [sp, #0x010]
	subs r0, #0x01
	lsls r0, r0, #0x03
	ldr r1, [sp, #0x04C]
	adds r0, r1, r0
	lsls r2, r0, #0x10
	lsrs r2, r2, #0x10
	str r2, [sp, #0x050]
	ldr r2, [sp, #0x018]
	str r2, [sp, #0x000]
	ldr r0, _080E821C @ =0x03000FB4
	ldr r5, [r0, #0x00]
	ldr r0, [sp, #0x00C]
	mov r1, r9
	ldr r2, [sp, #0x050]
	ldr r3, [sp, #0x03C]
	bl _call_via_r5
	movs r1, #0x98
	lsls r1, r1, #0x02
	adds r1, r7, r1
	str r1, [sp, #0x054]
	str r1, [r4, #0x00]
	mov r2, r9
	str r2, [r4, #0x04]
	ldr r0, _080E8210 @ =0x84000008
	str r0, [r4, #0x08]
	ldr r0, [r4, #0x08]
	movs r1, #0x84
	lsls r1, r1, #0x03
	adds r0, r7, r1
	str r0, [r4, #0x00]
	ldr r2, [sp, #0x01C]
	str r2, [r4, #0x04]
	ldr r0, _080E8210 @ =0x84000008
	str r0, [r4, #0x08]
	ldr r0, [r4, #0x08]
	adds r1, #0x20
	adds r0, r7, r1
	str r0, [r4, #0x00]
	ldr r2, [sp, #0x024]
	str r2, [r4, #0x04]
	ldr r0, _080E8210 @ =0x84000008
	str r0, [r4, #0x08]
	ldr r0, [r4, #0x08]
	ldr r1, _080E821C @ =0x03000FB4
	ldr r5, [r1, #0x00]
	ldr r2, [sp, #0x028]
	adds r5, r5, r2
	ldr r0, [sp, #0x018]
	str r0, [sp, #0x000]
	movs r1, #0x03
	str r1, [sp, #0x004]
	ldr r0, [sp, #0x00C]
	mov r1, r9
	adds r2, r6, #0x0
	ldr r3, [sp, #0x044]
	bl _call_via_r5
	movs r2, #0x8C
	lsls r2, r2, #0x03
	adds r0, r7, r2
	str r0, [r4, #0x00]
	mov r0, r9
	str r0, [r4, #0x04]
	ldr r1, _080E8210 @ =0x84000008
	str r1, [r4, #0x08]
	ldr r0, [r4, #0x08]
	ldr r2, [sp, #0x018]
	str r2, [sp, #0x000]
	ldr r0, _080E821C @ =0x03000FB4
	ldr r5, [r0, #0x00]
	ldr r0, [sp, #0x00C]
	mov r1, r9
	ldr r2, [sp, #0x050]
	mov r3, r10
	bl _call_via_r5
	movs r1, #0xA0
	lsls r1, r1, #0x02
	adds r0, r7, r1
	str r0, [r4, #0x00]
	mov r2, r9
	str r2, [r4, #0x04]
	ldr r0, _080E8210 @ =0x84000008
	str r0, [r4, #0x08]
	ldr r0, [r4, #0x08]
	adds r1, #0x20
	adds r0, r7, r1
	str r0, [r4, #0x00]
	ldr r2, [sp, #0x01C]
	str r2, [r4, #0x04]
	ldr r0, _080E8210 @ =0x84000008
	str r0, [r4, #0x08]
	ldr r0, [r4, #0x08]
	ldr r0, _080E8220 @ =0x08001A60
	ldr r1, _080E8218 @ =0x08001010
	subs r0, r0, r1
	str r0, [sp, #0x058]
	ldr r2, _080E821C @ =0x03000FB4
	ldr r5, [r2, #0x00]
	adds r5, r5, r0
	ldr r0, [sp, #0x038]
	adds r0, #0x10
	lsls r3, r0, #0x10
	lsrs r3, r3, #0x10
	str r3, [sp, #0x05C]
	ldr r0, [sp, #0x018]
	str r0, [sp, #0x000]
	movs r1, #0x02
	str r1, [sp, #0x004]
	ldr r0, [sp, #0x014]
	subs r0, #0x03
	lsls r0, r0, #0x0F
	lsrs r0, r0, #0x10
	str r0, [sp, #0x060]
	str r0, [sp, #0x008]
	ldr r0, [sp, #0x00C]
	mov r1, r9
	ldr r2, [sp, #0x02C]
	bl _call_via_r5
	ldr r2, [sp, #0x020]
	str r2, [r4, #0x00]
	mov r0, r9
	str r0, [r4, #0x04]
	ldr r1, _080E8210 @ =0x84000008
	str r1, [r4, #0x08]
	ldr r0, [r4, #0x08]
	movs r2, #0xF0
	lsls r2, r2, #0x01
	adds r0, r7, r2
	str r0, [r4, #0x00]
	ldr r0, [sp, #0x01C]
	str r0, [r4, #0x04]
	str r1, [r4, #0x08]
	ldr r0, [r4, #0x08]
	ldr r1, [sp, #0x048]
	str r1, [r4, #0x00]
	ldr r2, [sp, #0x024]
	str r2, [r4, #0x04]
	ldr r0, _080E8210 @ =0x84000008
	str r0, [r4, #0x08]
	ldr r0, [r4, #0x08]
	ldr r1, _080E8224 @ =0x080013E4
	mov r10, r1
	mov r2, r10
	ldr r0, _080E8218 @ =0x08001010
	subs r2, r2, r0
	mov r10, r2
	ldr r1, _080E821C @ =0x03000FB4
	ldr r5, [r1, #0x00]
	add r5, r10
	ldr r2, [sp, #0x04C]
	adds r2, #0x18
	lsls r2, r2, #0x10
	lsrs r2, r2, #0x10
	mov r8, r2
	ldr r2, [sp, #0x018]
	str r2, [sp, #0x000]
	movs r0, #0x03
	str r0, [sp, #0x004]
	ldr r0, [sp, #0x010]
	subs r0, #0x04
	movs r1, #0x03
	bl __divsi3
	adds r6, r0, #0x0
	lsls r6, r6, #0x10
	lsrs r6, r6, #0x10
	str r6, [sp, #0x008]
	ldr r0, [sp, #0x00C]
	mov r1, r9
	mov r2, r8
	ldr r3, [sp, #0x034]
	bl _call_via_r5
	ldr r1, [sp, #0x040]
	str r1, [r4, #0x00]
	mov r2, r9
	str r2, [r4, #0x04]
	ldr r0, _080E8210 @ =0x84000008
	str r0, [r4, #0x08]
	ldr r0, [r4, #0x08]
	movs r1, #0x90
	lsls r1, r1, #0x02
	adds r0, r7, r1
	str r0, [r4, #0x00]
	ldr r2, [sp, #0x01C]
	str r2, [r4, #0x04]
	ldr r0, _080E8210 @ =0x84000008
	str r0, [r4, #0x08]
	ldr r0, [r4, #0x08]
	ldr r1, [sp, #0x054]
	str r1, [r4, #0x00]
	ldr r2, [sp, #0x024]
	str r2, [r4, #0x04]
	ldr r0, _080E8210 @ =0x84000008
	str r0, [r4, #0x08]
	ldr r0, [r4, #0x08]
	ldr r1, _080E821C @ =0x03000FB4
	ldr r5, [r1, #0x00]
	add r5, r10
	ldr r2, [sp, #0x018]
	str r2, [sp, #0x000]
	movs r0, #0x03
	str r0, [sp, #0x004]
	str r6, [sp, #0x008]
	ldr r0, [sp, #0x00C]
	mov r1, r9
	mov r2, r8
	ldr r3, [sp, #0x044]
	bl _call_via_r5
	movs r1, #0xB0
	lsls r1, r1, #0x02
	adds r0, r7, r1
	str r0, [r4, #0x00]
	mov r2, r9
	str r2, [r4, #0x04]
	ldr r0, _080E8210 @ =0x84000008
	str r0, [r4, #0x08]
	ldr r0, [r4, #0x08]
	adds r1, #0x20
	adds r0, r7, r1
	str r0, [r4, #0x00]
	ldr r2, [sp, #0x01C]
	str r2, [r4, #0x04]
	ldr r0, _080E8210 @ =0x84000008
	str r0, [r4, #0x08]
	ldr r0, [r4, #0x08]
	ldr r1, _080E821C @ =0x03000FB4
	ldr r4, [r1, #0x00]
	ldr r2, [sp, #0x058]
	adds r4, r4, r2
	ldr r0, [sp, #0x018]
	str r0, [sp, #0x000]
	movs r1, #0x02
	str r1, [sp, #0x004]
	ldr r2, [sp, #0x060]
	str r2, [sp, #0x008]
	ldr r0, [sp, #0x00C]
	mov r1, r9
	ldr r2, [sp, #0x050]
	ldr r3, [sp, #0x05C]
	bl _call_via_r4
	mov r0, r9
	bl free_heap_memory_8018C68
	add sp, #0x064
	pop {r3, r4, r5}
	mov r8, r3
	mov r9, r4
	mov r10, r5
	pop {r4, r5, r6, r7}
	pop {r0}
	bx r0
_080E8208: .4byte 0x08200160
_080E820C: .4byte 0x040000D4
_080E8210: .4byte 0x84000008
_080E8214: .4byte 0x0800112C
_080E8218: .4byte 0x08001010
_080E821C: .4byte 0x03000FB4
_080E8220: .4byte 0x08001A60
_080E8224: .4byte 0x080013E4
	thumb_func_start sub_80E8228
sub_80E8228:
	push {r4, r5, r6, r7, lr}
	mov r7, r10
	mov r6, r9
	mov r5, r8
	push {r5, r6, r7}
	add sp, #-0x040
	str r1, [sp, #0x008]
	mov r9, r3
	ldr r1, [sp, #0x060]
	ldr r3, [sp, #0x064]
	lsls r2, r2, #0x10
	lsrs r2, r2, #0x10
	str r2, [sp, #0x00C]
	mov r2, r9
	lsls r2, r2, #0x10
	lsrs r2, r2, #0x10
	mov r9, r2
	lsls r1, r1, #0x18
	lsls r6, r3, #0x18
	lsrs r6, r6, #0x18
	str r6, [sp, #0x014]
	ldr r0, [r0, #0x04]
	movs r4, #0xC0
	lsls r4, r4, #0x01
	adds r0, r0, r4
	ldr r7, [r0, #0x00]
	lsrs r0, r1, #0x18
	str r0, [sp, #0x010]
	movs r2, #0x80
	lsls r2, r2, #0x11
	adds r0, r1, r2
	lsrs r0, r0, #0x18
	str r0, [sp, #0x01C]
	ldr r2, _080E849C @ =0x08200160
	movs r0, #0x01
	movs r1, #0x80
	bl alloc_heap_8018CEC
	str r0, [sp, #0x018]
	movs r4, #0x90
	lsls r4, r4, #0x03
	adds r0, r7, r4
	ldr r1, _080E84A0 @ =0x040000D4
	str r0, [r1, #0x00]
	ldr r2, [sp, #0x018]
	str r2, [r1, #0x04]
	ldr r4, _080E84A4 @ =0x84000008
	str r4, [r1, #0x08]
	ldr r0, [r1, #0x08]
	movs r0, #0x94
	lsls r0, r0, #0x03
	adds r0, r0, r7
	mov r8, r0
	str r0, [r1, #0x00]
	adds r2, #0x20
	str r2, [sp, #0x020]
	str r2, [r1, #0x04]
	str r4, [r1, #0x08]
	ldr r0, [r1, #0x08]
	ldr r0, _080E84A8 @ =0x0800112C
	ldr r1, _080E84AC @ =0x08001010
	subs r0, r0, r1
	str r0, [sp, #0x024]
	ldr r2, _080E84B0 @ =0x03000FB4
	ldr r5, [r2, #0x00]
	adds r5, r5, r0
	ldr r4, [sp, #0x00C]
	lsls r4, r4, #0x10
	mov r10, r4
	lsrs r4, r4, #0x10
	str r4, [sp, #0x028]
	mov r0, r9
	lsls r0, r0, #0x10
	mov r9, r0
	lsrs r6, r0, #0x10
	ldr r1, [sp, #0x01C]
	str r1, [sp, #0x000]
	movs r2, #0x02
	str r2, [sp, #0x004]
	ldr r0, [sp, #0x008]
	ldr r1, [sp, #0x018]
	adds r2, r4, #0x0
	adds r3, r6, #0x0
	bl _call_via_r5
	mov r4, r8
	ldr r0, _080E84A0 @ =0x040000D4
	str r4, [r0, #0x00]
	ldr r1, [sp, #0x018]
	str r1, [r0, #0x04]
	ldr r2, _080E84A4 @ =0x84000008
	str r2, [r0, #0x08]
	ldr r0, [r0, #0x08]
	movs r4, #0x98
	lsls r4, r4, #0x03
	adds r0, r7, r4
	ldr r1, _080E84A0 @ =0x040000D4
	str r0, [r1, #0x00]
	ldr r2, [sp, #0x020]
	str r2, [r1, #0x04]
	ldr r4, _080E84A4 @ =0x84000008
	str r4, [r1, #0x08]
	ldr r0, [r1, #0x08]
	ldr r0, _080E84B0 @ =0x03000FB4
	ldr r5, [r0, #0x00]
	ldr r1, [sp, #0x024]
	adds r5, r5, r1
	ldr r2, [sp, #0x010]
	subs r2, #0x02
	lsls r2, r2, #0x03
	mov r8, r2
	mov r4, r10
	asrs r4, r4, #0x10
	str r4, [sp, #0x02C]
	add r8, r4
	mov r0, r8
	lsls r0, r0, #0x10
	lsrs r0, r0, #0x10
	mov r8, r0
	ldr r1, [sp, #0x01C]
	str r1, [sp, #0x000]
	movs r2, #0x02
	str r2, [sp, #0x004]
	ldr r0, [sp, #0x008]
	ldr r1, [sp, #0x018]
	mov r2, r8
	adds r3, r6, #0x0
	bl _call_via_r5
	ldr r0, _080E84B4 @ =0x08001778
	ldr r4, _080E84AC @ =0x08001010
	subs r0, r0, r4
	str r0, [sp, #0x030]
	ldr r0, _080E84B0 @ =0x03000FB4
	ldr r5, [r0, #0x00]
	ldr r1, [sp, #0x030]
	adds r5, r5, r1
	ldr r2, [sp, #0x01C]
	str r2, [sp, #0x000]
	ldr r0, [sp, #0x010]
	subs r0, #0x03
	lsls r0, r0, #0x10
	lsrs r0, r0, #0x10
	str r0, [sp, #0x034]
	str r0, [sp, #0x004]
	ldr r0, [sp, #0x008]
	ldr r1, [sp, #0x018]
	movs r2, #0x10
	adds r3, r6, #0x0
	bl _call_via_r5
	movs r4, #0xA8
	lsls r4, r4, #0x03
	adds r0, r7, r4
	ldr r1, _080E84A0 @ =0x040000D4
	str r0, [r1, #0x00]
	ldr r2, [sp, #0x018]
	str r2, [r1, #0x04]
	ldr r4, _080E84A4 @ =0x84000008
	str r4, [r1, #0x08]
	ldr r0, [r1, #0x08]
	movs r0, #0xAC
	lsls r0, r0, #0x03
	adds r4, r7, r0
	str r4, [r1, #0x00]
	ldr r2, [sp, #0x020]
	str r2, [r1, #0x04]
	ldr r0, _080E84A4 @ =0x84000008
	str r0, [r1, #0x08]
	ldr r0, [r1, #0x08]
	ldr r1, _080E84B0 @ =0x03000FB4
	ldr r5, [r1, #0x00]
	ldr r2, [sp, #0x024]
	adds r5, r5, r2
	ldr r6, [sp, #0x014]
	subs r6, #0x01
	lsls r6, r6, #0x03
	mov r0, r9
	asrs r0, r0, #0x10
	mov r9, r0
	add r6, r9
	lsls r6, r6, #0x10
	lsrs r6, r6, #0x10
	ldr r1, [sp, #0x01C]
	str r1, [sp, #0x000]
	movs r2, #0x02
	str r2, [sp, #0x004]
	ldr r0, [sp, #0x008]
	ldr r1, [sp, #0x018]
	ldr r2, [sp, #0x028]
	adds r3, r6, #0x0
	bl _call_via_r5
	ldr r0, _080E84A0 @ =0x040000D4
	str r4, [r0, #0x00]
	ldr r1, [sp, #0x018]
	str r1, [r0, #0x04]
	ldr r2, _080E84A4 @ =0x84000008
	str r2, [r0, #0x08]
	ldr r0, [r0, #0x08]
	movs r4, #0xB0
	lsls r4, r4, #0x03
	adds r0, r7, r4
	ldr r1, _080E84A0 @ =0x040000D4
	str r0, [r1, #0x00]
	ldr r2, [sp, #0x020]
	str r2, [r1, #0x04]
	ldr r4, _080E84A4 @ =0x84000008
	str r4, [r1, #0x08]
	ldr r0, [r1, #0x08]
	ldr r0, _080E84B0 @ =0x03000FB4
	ldr r5, [r0, #0x00]
	ldr r1, [sp, #0x024]
	adds r5, r5, r1
	ldr r2, [sp, #0x01C]
	str r2, [sp, #0x000]
	movs r4, #0x02
	str r4, [sp, #0x004]
	ldr r0, [sp, #0x008]
	ldr r1, [sp, #0x018]
	mov r2, r8
	adds r3, r6, #0x0
	bl _call_via_r5
	ldr r0, _080E84B0 @ =0x03000FB4
	ldr r5, [r0, #0x00]
	ldr r1, [sp, #0x030]
	adds r5, r5, r1
	ldr r2, [sp, #0x01C]
	str r2, [sp, #0x000]
	ldr r4, [sp, #0x034]
	str r4, [sp, #0x004]
	ldr r0, [sp, #0x008]
	ldr r1, [sp, #0x018]
	movs r2, #0x10
	adds r3, r6, #0x0
	bl _call_via_r5
	movs r1, #0x9C
	lsls r1, r1, #0x03
	adds r0, r7, r1
	ldr r2, _080E84A0 @ =0x040000D4
	str r0, [r2, #0x00]
	ldr r4, [sp, #0x018]
	str r4, [r2, #0x04]
	ldr r0, _080E84A4 @ =0x84000008
	str r0, [r2, #0x08]
	ldr r0, [r2, #0x08]
	ldr r6, _080E84B8 @ =0x080018A8
	ldr r1, _080E84AC @ =0x08001010
	subs r6, r6, r1
	ldr r2, _080E84B0 @ =0x03000FB4
	ldr r5, [r2, #0x00]
	adds r5, r5, r6
	movs r4, #0x08
	add r9, r4
	mov r0, r9
	lsls r0, r0, #0x10
	lsrs r0, r0, #0x10
	mov r9, r0
	ldr r1, [sp, #0x01C]
	str r1, [sp, #0x000]
	ldr r0, [sp, #0x014]
	subs r0, #0x02
	lsls r0, r0, #0x10
	lsrs r0, r0, #0x10
	mov r8, r0
	str r0, [sp, #0x004]
	ldr r0, [sp, #0x008]
	ldr r1, [sp, #0x018]
	ldr r2, [sp, #0x028]
	mov r3, r9
	bl _call_via_r5
	movs r2, #0xA4
	lsls r2, r2, #0x03
	adds r0, r7, r2
	ldr r4, _080E84A0 @ =0x040000D4
	str r0, [r4, #0x00]
	ldr r0, [sp, #0x018]
	str r0, [r4, #0x04]
	ldr r1, _080E84A4 @ =0x84000008
	str r1, [r4, #0x08]
	ldr r0, [r4, #0x08]
	ldr r2, _080E84B0 @ =0x03000FB4
	ldr r2, [r2, #0x00]
	adds r6, r2, r6
	ldr r0, [sp, #0x010]
	subs r0, #0x01
	lsls r2, r0, #0x03
	ldr r4, [sp, #0x02C]
	adds r2, r4, r2
	lsls r2, r2, #0x10
	lsrs r2, r2, #0x10
	ldr r0, [sp, #0x01C]
	str r0, [sp, #0x000]
	mov r1, r8
	str r1, [sp, #0x004]
	ldr r0, [sp, #0x008]
	ldr r1, [sp, #0x018]
	mov r3, r9
	bl _call_via_r6
	ldr r0, [sp, #0x018]
	bl free_heap_memory_8018C68
	add sp, #0x040
	pop {r3, r4, r5}
	mov r8, r3
	mov r9, r4
	mov r10, r5
	pop {r4, r5, r6, r7}
	pop {r0}
	bx r0
_080E849C: .4byte 0x08200160
_080E84A0: .4byte 0x040000D4
_080E84A4: .4byte 0x84000008
_080E84A8: .4byte 0x0800112C
_080E84AC: .4byte 0x08001010
_080E84B0: .4byte 0x03000FB4
_080E84B4: .4byte 0x08001778
_080E84B8: .4byte 0x080018A8
	thumb_func_start sub_80E84BC
sub_80E84BC:
	push {r4, r5, r6, lr}
	mov r12, r1
	ldr r0, [sp, #0x010]
	ldr r1, [sp, #0x014]
	ldr r2, [sp, #0x018]
	lsls r0, r0, #0x18
	lsrs r6, r0, #0x18
	lsls r1, r1, #0x10
	lsrs r1, r1, #0x10
	lsls r2, r2, #0x10
	lsrs r5, r2, #0x10
	movs r0, #0x38
	ands r0, r5
	cmp r0, #0x00
	beq _080E85BE
	movs r0, #0xE0
	lsls r0, r0, #0x03
	ands r0, r5
	lsrs r4, r0, #0x08
	cmp r4, #0x01
	bgt _080E85BE
	cmp r4, #0x00
	blt _080E85BE
	mov r0, r12
	str r1, [r0, #0x44]
	movs r1, #0x80
	ands r1, r5
	lsls r1, r1, #0x10
	mov r2, r12
	adds r2, #0x43
	lsrs r1, r1, #0x17
	ldrb r3, [r2, #0x00]
	movs r0, #0x02
	negs r0, r0
	ands r0, r3
	orrs r0, r1
	strb r0, [r2, #0x00]
	cmp r4, #0x00
	bne _080E8518
	mov r3, r12
	adds r3, #0x42
	ldrb r0, [r3, #0x00]
	movs r1, #0x80
	orrs r0, r1
	strb r0, [r3, #0x00]
	b _080E851E
_080E8518:
	lsls r0, r6, #0x03
	mov r1, r12
	str r0, [r1, #0x48]
_080E851E:
	mov r1, r12
	ldr r0, [r1, #0x48]
	subs r0, #0x08
	str r0, [r1, #0x48]
	movs r0, #0x78
	ands r0, r5
	lsrs r0, r0, #0x03
	subs r0, #0x01
	cmp r0, #0x0A
	bhi _080E85BE
	lsls r0, r0, #0x02
	ldr r1, _080E853C @ =0x080E8540
	adds r0, r0, r1
	ldr r0, [r0, #0x00]
	mov pc, r0
_080E853C: .4byte 0x080E8540
	.byte 0x6C, 0x85, 0x0E, 0x08, 0x8E, 0x85, 0x0E, 0x08, 0x6C, 0x85, 0x0E, 0x08, 0xBE, 0x85, 0x0E, 0x08
	.byte 0xBE, 0x85, 0x0E, 0x08, 0xBE, 0x85, 0x0E, 0x08, 0xBE, 0x85, 0x0E, 0x08, 0xBE, 0x85, 0x0E, 0x08
	.byte 0x84, 0x85, 0x0E, 0x08, 0xA6, 0x85, 0x0E, 0x08, 0x84, 0x85, 0x0E, 0x08, 0x11, 0x78, 0x07, 0x20
	.byte 0x08, 0x40, 0x28, 0x21, 0x08, 0x43, 0x04, 0x21, 0x08, 0x43, 0x10, 0x70, 0x61, 0x46, 0x48, 0x6C
	.byte 0x04, 0x38, 0x1B, 0xE0, 0x11, 0x78, 0x07, 0x20, 0x08, 0x40, 0x48, 0x21, 0x0F, 0xE0, 0x11, 0x78
	.byte 0x07, 0x20, 0x08, 0x40, 0x38, 0x21, 0x08, 0x43, 0x04, 0x21, 0x08, 0x43, 0x10, 0x70, 0x61, 0x46
	.byte 0x48, 0x6C, 0x04, 0x38, 0x0A, 0xE0, 0x11, 0x78, 0x07, 0x20, 0x08, 0x40, 0x68, 0x21, 0x08, 0x43
	.byte 0x02, 0x21, 0x08, 0x43, 0x10, 0x70, 0x61, 0x46, 0x48, 0x6C, 0x08, 0x38, 0x48, 0x64
_080E85BE:
	pop {r4, r5, r6}
	pop {r0}
	bx r0
	thumb_func_start sub_80E85C4
sub_80E85C4:
	push {r4, r5, r6, r7, lr}
	mov r7, r10
	mov r6, r9
	mov r5, r8
	push {r5, r6, r7}
	add sp, #-0x014
	str r0, [sp, #0x00C]
	adds r7, r1, #0x0
	ldrh r0, [r7, #0x3C]
	movs r1, #0x07
	ands r1, r0
	cmp r1, #0x01
	bge _080E85E0
	b _080E86EC
_080E85E0:
	cmp r1, #0x02
	ble _080E85EA
	cmp r1, #0x03
	beq _080E866C
	b _080E86EC
_080E85EA:
	movs r0, #0x34
	ldsh r1, [r7, r0]
	adds r0, r1, #0x0
	cmp r1, #0x00
	bge _080E85F6
	adds r0, r1, #0x7
_080E85F6:
	asrs r0, r0, #0x03
	lsls r0, r0, #0x03
	subs r0, r1, r0
	lsls r0, r0, #0x10
	asrs r2, r0, #0x10
	movs r1, #0x36
	ldsh r0, [r7, r1]
	adds r5, r0, #0x0
	cmp r0, #0x00
	bge _080E860C
	adds r5, r0, #0x7
_080E860C:
	asrs r5, r5, #0x03
	lsls r5, r5, #0x03
	subs r5, r0, r5
	movs r3, #0x38
	adds r3, r3, r7
	mov r10, r3
	ldrb r4, [r3, #0x00]
	movs r0, #0x39
	adds r0, r0, r7
	mov r9, r0
	ldrb r6, [r0, #0x00]
	ldr r0, [r7, #0x2C]
	ldr r1, _080E8664 @ =0x03000F8C
	mov r12, r1
	adds r1, r4, #0x1
	lsls r1, r1, #0x18
	lsrs r1, r1, #0x18
	mov r8, r2
	adds r2, #0x08
	lsls r5, r5, #0x10
	asrs r5, r5, #0x10
	adds r3, r5, #0x0
	adds r3, #0x08
	subs r4, #0x01
	lsls r4, r4, #0x10
	lsrs r4, r4, #0x0D
	add r8, r4
	mov r4, r8
	str r4, [sp, #0x000]
	subs r6, #0x01
	lsls r6, r6, #0x10
	lsrs r6, r6, #0x0D
	adds r5, r5, r6
	str r5, [sp, #0x004]
	ldr r4, _080E8668 @ =0x55555555
	str r4, [sp, #0x008]
	mov r5, r12
	ldr r4, [r5, #0x00]
	bl _call_via_r4
	mov r2, r10
	mov r5, r9
	b _080E874C
	.byte 0x00, 0x00
_080E8664: .4byte 0x03000F8C
_080E8668: .4byte 0x55555555
_080E866C:
	movs r0, #0x34
	ldsh r1, [r7, r0]
	adds r0, r1, #0x0
	cmp r1, #0x00
	bge _080E8678
	adds r0, r1, #0x7
_080E8678:
	asrs r0, r0, #0x03
	lsls r0, r0, #0x03
	subs r0, r1, r0
	lsls r0, r0, #0x10
	asrs r2, r0, #0x10
	movs r1, #0x36
	ldsh r0, [r7, r1]
	adds r5, r0, #0x0
	cmp r0, #0x00
	bge _080E868E
	adds r5, r0, #0x7
_080E868E:
	asrs r5, r5, #0x03
	lsls r5, r5, #0x03
	subs r5, r0, r5
	adds r3, r7, #0x0
	adds r3, #0x38
	str r3, [sp, #0x010]
	ldrb r4, [r3, #0x00]
	movs r0, #0x39
	adds r0, r0, r7
	mov r9, r0
	ldrb r6, [r0, #0x00]
	ldr r0, [r7, #0x2C]
	ldr r1, _080E86E4 @ =0x03000F8C
	mov r12, r1
	adds r1, r4, #0x1
	lsls r1, r1, #0x18
	lsrs r1, r1, #0x18
	mov r8, r2
	adds r2, #0x08
	lsls r5, r5, #0x10
	asrs r5, r5, #0x10
	adds r3, r5, #0x0
	adds r3, #0x08
	subs r4, #0x01
	lsls r4, r4, #0x10
	lsrs r4, r4, #0x0D
	add r8, r4
	mov r4, r8
	str r4, [sp, #0x000]
	subs r6, #0x01
	lsls r6, r6, #0x10
	lsrs r6, r6, #0x0D
	adds r5, r5, r6
	str r5, [sp, #0x004]
	ldr r4, _080E86E8 @ =0x88888888
	str r4, [sp, #0x008]
	mov r5, r12
	ldr r4, [r5, #0x00]
	bl _call_via_r4
	ldr r2, [sp, #0x010]
	mov r5, r9
	b _080E874C
_080E86E4: .4byte 0x03000F8C
_080E86E8: .4byte 0x88888888
_080E86EC:
	movs r0, #0x34
	ldsh r1, [r7, r0]
	adds r0, r1, #0x0
	cmp r1, #0x00
	bge _080E86F8
	adds r0, r1, #0x7
_080E86F8:
	asrs r0, r0, #0x03
	lsls r0, r0, #0x03
	subs r0, r1, r0
	lsls r0, r0, #0x10
	asrs r2, r0, #0x10
	movs r1, #0x36
	ldsh r0, [r7, r1]
	adds r3, r0, #0x0
	cmp r0, #0x00
	bge _080E870E
	adds r3, r0, #0x7
_080E870E:
	asrs r3, r3, #0x03
	lsls r3, r3, #0x03
	subs r3, r0, r3
	movs r4, #0x38
	adds r4, r4, r7
	mov r9, r4
	ldrb r4, [r4, #0x00]
	movs r5, #0x39
	adds r5, r5, r7
	mov r8, r5
	ldrb r5, [r5, #0x00]
	ldr r0, [r7, #0x2C]
	ldr r6, _080E87A4 @ =0x03000F8C
	adds r1, r4, #0x1
	lsls r1, r1, #0x18
	lsrs r1, r1, #0x18
	lsls r3, r3, #0x10
	asrs r3, r3, #0x10
	lsls r4, r4, #0x03
	adds r4, r2, r4
	str r4, [sp, #0x000]
	lsls r5, r5, #0x03
	adds r5, r3, r5
	str r5, [sp, #0x004]
	movs r4, #0x00
	str r4, [sp, #0x008]
	ldr r4, [r6, #0x00]
	bl _call_via_r4
	mov r2, r9
	mov r5, r8
_080E874C:
	ldr r0, [r7, #0x2C]
	ldr r3, [sp, #0x00C]
	ldr r1, [r3, #0x04]
	movs r4, #0xCA
	lsls r4, r4, #0x01
	adds r1, r1, r4
	ldr r1, [r1, #0x00]
	subs r1, r0, r1
	ldrb r3, [r2, #0x00]
	adds r3, #0x01
	ldrb r2, [r5, #0x00]
	adds r2, #0x01
	lsls r2, r2, #0x02
	muls r2, r3
	lsls r2, r2, #0x03
	movs r4, #0x00
	str r4, [sp, #0x000]
	movs r3, #0x20
	bl sub_8018218
	adds r2, r7, #0x0
	strb r4, [r2, #0x0C]
	movs r0, #0x36
	ldsh r1, [r2, r0]
	adds r0, r1, #0x0
	cmp r1, #0x00
	bge _080E8784
	adds r0, r1, #0x7
_080E8784:
	asrs r0, r0, #0x03
	lsls r0, r0, #0x03
	subs r0, r1, r0
	lsls r0, r0, #0x10
	asrs r3, r0, #0x10
	adds r4, r3, #0x0
	adds r4, #0x09
	ldrb r0, [r5, #0x00]
	subs r1, r0, #0x4
	cmp r1, #0x05
	bgt _080E87AC
	ldr r0, _080E87A8 @ =0x083B9530
	adds r0, r1, r0
	ldrb r0, [r0, #0x00]
	adds r0, r4, r0
	b _080E87B0
_080E87A4: .4byte 0x03000F8C
_080E87A8: .4byte 0x083B9530
_080E87AC:
	adds r0, r3, #0x0
	adds r0, #0x0C
_080E87B0:
	strb r0, [r2, #0x0D]
	ldrb r0, [r2, #0x12]
	movs r1, #0x21
	negs r1, r1
	ands r1, r0
	ldr r0, [r2, #0x08]
	adds r0, #0x01
	str r0, [r2, #0x08]
	movs r0, #0x02
	negs r0, r0
	ands r1, r0
	subs r0, #0x01
	ands r1, r0
	subs r0, #0x0A
	ands r1, r0
	movs r0, #0x10
	orrs r1, r0
	strb r1, [r2, #0x12]
	add sp, #0x014
	pop {r3, r4, r5}
	mov r8, r3
	mov r9, r4
	mov r10, r5
	pop {r4, r5, r6, r7}
	pop {r0}
	bx r0
	thumb_func_start sub_80E87E4
sub_80E87E4:
	push {r4, r5, r6, r7, lr}
	add sp, #-0x010
	adds r7, r0, #0x0
	ldr r2, _080E8864 @ =0x08200168
	movs r0, #0x01
	movs r1, #0x40
	bl alloc_heap_8018CEC
	str r0, [r7, #0x00]
	adds r4, r0, #0x0
	ldr r0, _080E8868 @ =0x03001034
	ldr r3, [r0, #0x00]
	movs r0, #0x00
	adds r1, r4, #0x0
	movs r2, #0x40
	bl _call_via_r3
	ldr r1, _080E886C @ =0x00008001
	movs r0, #0x00
	str r0, [sp, #0x000]
	add r0, sp, #0x00C
	str r0, [sp, #0x004]
	movs r0, #0x0F
	str r0, [sp, #0x008]
	movs r0, #0x07
	movs r2, #0x01
	movs r3, #0x00
	bl sub_8021574
	movs r6, #0x04
	movs r5, #0x01
	negs r5, r5
_080E8824:
	movs r0, #0xFF
	strb r0, [r4, #0x0C]
	str r5, [sp, #0x000]
	str r5, [sp, #0x004]
	str r5, [sp, #0x008]
	movs r0, #0x00
	ldr r1, _080E8870 @ =0x00008004
	movs r2, #0x01
	adds r3, r5, #0x0
	bl sub_8020DD0
	str r0, [r4, #0x00]
	movs r1, #0x00
	strb r1, [r0, #0x1F]
	str r1, [sp, #0x000]
	adds r2, r5, #0x0
	movs r3, #0x00
	bl sub_801E150
	lsls r0, r6, #0x10
	ldr r1, _080E8874 @ =0xFFFF0000
	adds r0, r0, r1
	adds r4, #0x10
	lsrs r6, r0, #0x10
	cmp r0, #0x00
	bgt _080E8824
	adds r0, r7, #0x0
	add sp, #0x010
	pop {r4, r5, r6, r7}
	pop {r1}
	bx r1
	.byte 0x00, 0x00
_080E8864: .4byte 0x08200168
_080E8868: .4byte 0x03001034
_080E886C: .4byte 0x00008001
_080E8870: .4byte 0x00008004
_080E8874: .4byte 0xFFFF0000
	thumb_func_start sub_80E8878
sub_80E8878:
	push {r4, r5, r6, r7, lr}
	mov r7, r10
	mov r6, r9
	mov r5, r8
	push {r5, r6, r7}
	add sp, #-0x00C
	ldr r4, [sp, #0x02C]
	ldr r5, [sp, #0x030]
	ldr r6, [sp, #0x034]
	lsls r1, r1, #0x18
	lsrs r1, r1, #0x18
	str r1, [sp, #0x004]
	lsls r2, r2, #0x18
	lsrs r1, r2, #0x18
	lsls r3, r3, #0x18
	lsrs r3, r3, #0x18
	str r3, [sp, #0x008]
	lsls r4, r4, #0x10
	lsrs r4, r4, #0x10
	mov r9, r4
	lsls r5, r5, #0x10
	lsrs r5, r5, #0x10
	mov r8, r5
	lsls r6, r6, #0x18
	lsrs r6, r6, #0x18
	mov r10, r6
	movs r7, #0x00
	ldr r5, [r0, #0x00]
_080E88B0:
	ldrb r6, [r5, #0x0F]
	cmp r6, #0x00
	bne _080E8920
	ldr r4, [r5, #0x00]
	str r6, [sp, #0x000]
	adds r0, r4, #0x0
	movs r2, #0x01
	negs r2, r2
	movs r3, #0x00
	bl sub_801E150
	mov r0, sp
	ldrb r0, [r0, #0x04]
	strb r0, [r5, #0x0C]
	mov r1, sp
	ldrb r1, [r1, #0x08]
	strb r1, [r5, #0x0E]
	mov r2, r9
	strh r2, [r5, #0x04]
	mov r0, r8
	strh r0, [r5, #0x06]
	strh r6, [r5, #0x08]
	strh r6, [r5, #0x0A]
	mov r1, r10
	strb r1, [r5, #0x0D]
	movs r0, #0x01
	strb r0, [r5, #0x0F]
	ldrb r1, [r4, #0x1F]
	movs r0, #0x3F
	ands r0, r1
	movs r1, #0x40
	orrs r0, r1
	movs r2, #0x31
	negs r2, r2
	adds r1, r2, #0x0
	ands r0, r1
	movs r1, #0x10
	orrs r0, r1
	adds r2, #0x24
	adds r1, r2, #0x0
	ands r0, r1
	movs r1, #0x04
	orrs r0, r1
	adds r2, #0x09
	adds r1, r2, #0x0
	ands r0, r1
	movs r1, #0x01
	orrs r0, r1
	strb r0, [r4, #0x1F]
	strh r6, [r4, #0x0E]
	adds r0, r4, #0x0
	bl sprite_show_8020CBC
	lsls r0, r7, #0x18
	lsrs r0, r0, #0x18
	b _080E8934
_080E8920:
	lsls r0, r7, #0x10
	movs r2, #0x80
	lsls r2, r2, #0x09
	adds r0, r0, r2
	adds r5, #0x10
	lsrs r7, r0, #0x10
	asrs r0, r0, #0x10
	cmp r0, #0x03
	ble _080E88B0
	movs r0, #0xFF
_080E8934:
	add sp, #0x00C
	pop {r3, r4, r5}
	mov r8, r3
	mov r9, r4
	mov r10, r5
	pop {r4, r5, r6, r7}
	pop {r1}
	bx r1
	thumb_func_start sub_80E8944
sub_80E8944:
	add sp, #-0x010
	push {r4, r5, r6, r7, lr}
	mov r7, r10
	mov r6, r9
	mov r5, r8
	push {r5, r6, r7}
	add sp, #-0x014
	str r0, [sp, #0x034]
	str r1, [sp, #0x038]
	str r2, [sp, #0x03C]
	str r3, [sp, #0x040]
	adds r0, r2, #0x0
	cmp r0, #0x00
	bne _080E8964
	movs r0, #0x00
	b _080E8B72
_080E8964:
	movs r0, #0x00
	mov r8, r0
	movs r1, #0x00
	str r1, [sp, #0x000]
	movs r2, #0x00
	str r2, [sp, #0x008]
	str r0, [sp, #0x004]
	ldr r0, [sp, #0x038]
	ldr r0, [r0, #0x00]
	ldr r0, [r0, #0x00]
	movs r1, #0x0F
	ands r0, r1
	lsls r0, r0, #0x02
	mov r9, r0
	add r1, sp, #0x034
	movs r2, #0x20
	movs r0, #0x20
	strb r0, [r1, #0x0D]
	adds r0, r1, #0x0
	ldrb r0, [r0, #0x0C]
	str r0, [sp, #0x00C]
	adds r0, r1, #0x0
	ldrb r0, [r0, #0x0D]
	str r0, [sp, #0x010]
	ldrb r0, [r1, #0x12]
	orrs r0, r2
	strb r0, [r1, #0x12]
_080E899A:
	ldr r0, [sp, #0x03C]
	ldrb r4, [r0, #0x00]
_080E899E:
	add r0, sp, #0x034
	ldrb r0, [r0, #0x0C]
	ldr r1, [sp, #0x000]
	cmp r1, r0
	bcs _080E89AA
	str r0, [sp, #0x000]
_080E89AA:
	add r0, sp, #0x034
	ldrb r1, [r0, #0x12]
	movs r3, #0x20
	movs r0, #0x20
	ands r0, r1
	lsls r0, r0, #0x18
	lsrs r1, r0, #0x18
	cmp r1, #0x00
	bne _080E89E8
	add r0, sp, #0x034
	strb r1, [r0, #0x0C]
	adds r2, r0, #0x0
	adds r1, r0, #0x0
	ldrb r0, [r0, #0x10]
	lsls r0, r0, #0x18
	asrs r0, r0, #0x1C
	add r0, r9
	ldrb r1, [r1, #0x0D]
	adds r0, r0, r1
	strb r0, [r2, #0x0D]
	ldr r0, [sp, #0x038]
	ldr r0, [r0, #0x00]
	ldr r0, [r0, #0x00]
	movs r1, #0x0F
	ands r0, r1
	lsls r0, r0, #0x02
	mov r9, r0
	adds r1, r2, #0x0
	ldrb r0, [r1, #0x12]
	orrs r0, r3
	strb r0, [r1, #0x12]
_080E89E8:
	add r0, sp, #0x034
	ldrb r0, [r0, #0x0D]
	add r0, r9
	cmp r8, r0
	bcs _080E89F4
	mov r8, r0
_080E89F4:
	cmp r4, #0x00
	bne _080E8A24
	movs r2, #0x20
	negs r2, r2
	add r8, r2
	ldr r0, [sp, #0x004]
	ldr r1, [sp, #0x000]
	cmp r0, r1
	bcs _080E8A08
	str r1, [sp, #0x004]
_080E8A08:
	ldr r2, [sp, #0x008]
	cmp r2, r8
	bcs _080E8A12
	mov r0, r8
	str r0, [sp, #0x008]
_080E8A12:
	ldr r1, _080E8A20 @ =0x0000FFFF
	ldr r2, [sp, #0x008]
	ands r1, r2
	ldr r2, [sp, #0x004]
	lsls r0, r2, #0x10
	orrs r0, r1
	b _080E8B72
_080E8A20: .4byte 0x0000FFFF
_080E8A24:
	cmp r4, #0xFF
	bne _080E8A9E
	ldr r1, [sp, #0x03C]
	ldrb r2, [r1, #0x01]
	movs r0, #0xE0
	ands r0, r2
	cmp r0, #0x00
	bne _080E8A3A
	movs r5, #0x1F
	ands r5, r2
	b _080E8A3C
_080E8A3A:
	movs r5, #0x00
_080E8A3C:
	ldrb r4, [r1, #0x02]
	adds r0, r1, #0x2
	str r0, [sp, #0x03C]
	add r0, sp, #0x034
	movs r1, #0x01
	bl sub_8199888
	cmp r5, #0x11
	beq _080E8A50
	b _080E8B5C
_080E8A50:
	cmp r4, #0x01
	beq _080E8A56
	b _080E8B5C
_080E8A56:
	ldr r0, [sp, #0x048]
	ands r4, r0
	cmp r4, #0x00
	beq _080E8A9A
	add r0, sp, #0x034
	mov r1, sp
	ldrb r1, [r1, #0x0C]
	strb r1, [r0, #0x0C]
	mov r2, sp
	ldrb r2, [r2, #0x10]
	strb r2, [r0, #0x0D]
	adds r2, r0, #0x0
	ldrb r0, [r2, #0x12]
	movs r1, #0x20
	orrs r0, r1
	strb r0, [r2, #0x12]
	movs r0, #0x20
	negs r0, r0
	add r8, r0
	ldr r1, [sp, #0x004]
	ldr r2, [sp, #0x000]
	cmp r1, r2
	bcs _080E8A86
	str r2, [sp, #0x004]
_080E8A86:
	ldr r0, [sp, #0x008]
	cmp r0, r8
	bcs _080E8A90
	mov r1, r8
	str r1, [sp, #0x008]
_080E8A90:
	movs r2, #0x00
	mov r8, r2
	movs r0, #0x00
	str r0, [sp, #0x000]
	b _080E8B5C
_080E8A9A:
	movs r4, #0x00
	b _080E899E
_080E8A9E:
	cmp r4, #0x20
	bne _080E8AB6
	add r2, sp, #0x034
	adds r1, r2, #0x0
	adds r0, r1, #0x0
	ldrh r0, [r0, #0x12]
	lsls r0, r0, #0x16
	lsrs r0, r0, #0x1C
	ldrb r1, [r1, #0x0C]
	adds r0, r0, r1
	strb r0, [r2, #0x0C]
	b _080E8B56
_080E8AB6:
	movs r0, #0xFF
	subs r0, r0, r4
	ldr r2, [sp, #0x038]
	cmp r0, #0x05
	bgt _080E8AD4
	lsls r0, r0, #0x02
	adds r0, r0, r2
	ldr r1, [r0, #0x00]
	cmp r1, #0x00
	beq _080E8AD4
	ldr r0, [sp, #0x03C]
	adds r0, #0x01
	str r0, [sp, #0x03C]
	adds r7, r1, #0x0
	b _080E8AD6
_080E8AD4:
	ldr r7, [r2, #0x00]
_080E8AD6:
	ldr r0, [r7, #0x00]
	lsls r0, r0, #0x18
	mov r12, r0
	ldr r0, [sp, #0x03C]
	ldrb r4, [r0, #0x00]
	movs r1, #0x0F
	mov r10, r1
	mov r0, r12
	lsrs r2, r0, #0x18
	ands r2, r1
	lsls r3, r2, #0x02
	add r0, sp, #0x034
	ldrb r1, [r0, #0x12]
	movs r0, #0x01
	ands r0, r1
	cmp r0, #0x00
	beq _080E8AFA
	lsls r3, r2, #0x03
_080E8AFA:
	cmp r9, r3
	bcs _080E8B00
	mov r9, r3
_080E8B00:
	add r2, sp, #0x034
	adds r1, r2, #0x0
	adds r0, r1, #0x0
	ldrb r0, [r0, #0x10]
	lsls r0, r0, #0x1C
	lsrs r0, r0, #0x1C
	ldrb r1, [r1, #0x0C]
	adds r6, r0, r1
	strb r6, [r2, #0x0C]
	adds r0, r2, #0x0
	ldrb r5, [r0, #0x12]
	movs r0, #0x10
	ands r0, r5
	cmp r0, #0x00
	beq _080E8B42
	adds r3, r2, #0x0
	lsrs r1, r4, #0x03
	lsls r1, r1, #0x02
	adds r1, r1, r7
	movs r0, #0x07
	ands r4, r0
	lsls r2, r4, #0x02
	ldr r0, [r1, #0x04]
	lsrs r0, r2
	mov r1, r10
	ands r0, r1
	adds r0, #0x01
	lsls r1, r5, #0x1E
	lsrs r1, r1, #0x1F
	lsls r0, r1
	adds r0, r6, r0
	strb r0, [r3, #0x0C]
	b _080E8B56
_080E8B42:
	add r2, sp, #0x034
	mov r0, r12
	lsrs r1, r0, #0x1A
	movs r0, #0xFC
	ands r1, r0
	lsls r0, r5, #0x1E
	lsrs r0, r0, #0x1F
	lsls r1, r0
	adds r1, r6, r1
	strb r1, [r2, #0x0C]
_080E8B56:
	ldr r0, [sp, #0x03C]
	adds r0, #0x01
	str r0, [sp, #0x03C]
_080E8B5C:
	movs r1, #0x00
	cmp r1, #0x00
	bne _080E8B64
	b _080E899A
_080E8B64:
	ldr r0, [sp, #0x03C]
	ldrb r0, [r0, #0x00]
	cmp r0, #0x00
	beq _080E8B6E
	b _080E899A
_080E8B6E:
	str r1, [sp, #0x03C]
	b _080E899A
_080E8B72:
	add sp, #0x014
	pop {r3, r4, r5}
	mov r8, r3
	mov r9, r4
	mov r10, r5
	pop {r4, r5, r6, r7}
	pop {r3}
	add sp, #0x010
	bx r3
	thumb_func_start sub_80E8B84
sub_80E8B84:
	push {r4, r5, r6, lr}
	adds r4, r0, #0x0
	ldr r3, [r4, #0x08]
	subs r0, r3, #0x1
	ldrb r2, [r0, #0x00]
	adds r5, r2, #0x0
	ldrb r6, [r3, #0x00]
	cmp r1, #0x00
	beq _080E8C1C
	cmp r2, #0x0A
	bls _080E8B9E
	adds r0, r3, #0x1
	str r0, [r4, #0x08]
_080E8B9E:
	cmp r2, #0x0E
	beq _080E8BB6
	cmp r2, #0x0E
	bgt _080E8BAC
	cmp r2, #0x0A
	beq _080E8C0C
	b _080E8C1C
_080E8BAC:
	cmp r5, #0x0F
	beq _080E8BD4
	cmp r5, #0x10
	beq _080E8BEC
	b _080E8C1C
_080E8BB6:
	ldr r0, _080E8BD0 @ =0x03000FBC
	ldr r1, [r0, #0x00]
	ldr r0, [r4, #0x08]
	str r0, [r1, #0x0C]
	adds r0, r1, #0x0
	adds r0, #0x10
	ldr r1, [r1, #0x04]
	ldrh r1, [r1, #0x00]
	bl sub_80E8D20
	str r0, [r4, #0x08]
	b _080E8C1C
	.byte 0x00, 0x00
_080E8BD0: .4byte 0x03000FBC
_080E8BD4:
	ldr r0, _080E8BE8 @ =0x03000FBC
	ldr r1, [r0, #0x00]
	ldr r0, [r4, #0x08]
	str r0, [r1, #0x0C]
	adds r0, r1, #0x0
	adds r0, #0x10
	ldr r1, [r1, #0x00]
	ldr r2, [r1, #0x00]
	movs r1, #0x00
	b _080E8BFE
_080E8BE8: .4byte 0x03000FBC
_080E8BEC:
	ldr r0, _080E8C08 @ =0x03000FBC
	ldr r1, [r0, #0x00]
	ldr r0, [r4, #0x08]
	str r0, [r1, #0x0C]
	adds r0, r1, #0x0
	adds r0, #0x10
	ldr r1, [r1, #0x00]
	ldr r2, [r1, #0x00]
	adds r1, r6, #0x0
_080E8BFE:
	bl sub_80E8C28
	str r0, [r4, #0x08]
	b _080E8C1C
	.byte 0x00, 0x00
_080E8C08: .4byte 0x03000FBC
_080E8C0C:
	ldr r0, _080E8C24 @ =0x03000FBC
	ldr r1, [r0, #0x00]
	ldr r0, [r1, #0x0C]
	cmp r0, #0x00
	beq _080E8C1C
	str r0, [r4, #0x08]
	movs r0, #0x00
	str r0, [r1, #0x0C]
_080E8C1C:
	pop {r4, r5, r6}
	pop {r0}
	bx r0
	.byte 0x00, 0x00
_080E8C24: .4byte 0x03000FBC
	thumb_func_start sub_80E8C28
sub_80E8C28:
	push {r4, r5, r6, r7, lr}
	mov r7, r10
	mov r6, r9
	mov r5, r8
	push {r5, r6, r7}
	adds r7, r0, #0x0
	adds r5, r2, #0x0
	lsls r1, r1, #0x10
	lsrs r6, r1, #0x10
	adds r4, r7, #0x0
	movs r0, #0x00
	mov r10, r0
	cmp r5, #0x00
	bge _080E8C56
	cmp r6, #0x00
	beq _080E8C4E
	movs r1, #0x01
	mov r10, r1
	b _080E8C54
_080E8C4E:
	movs r0, #0x2D
	strb r0, [r7, #0x00]
	adds r4, r7, #0x1
_080E8C54:
	negs r5, r5
_080E8C56:
	ldr r1, _080E8C78 @ =0x000F4240
	adds r0, r5, #0x0
	bl __modsi3
	adds r5, r0, #0x0
	movs r0, #0x00
	mov r12, r0
	lsls r0, r6, #0x10
	asrs r2, r0, #0x10
	adds r3, r0, #0x0
	cmp r2, #0x00
	beq _080E8C7C
	movs r0, #0x06
	subs r0, r0, r2
	lsls r0, r0, #0x10
	lsrs r0, r0, #0x10
	b _080E8C7E
_080E8C78: .4byte 0x000F4240
_080E8C7C:
	movs r0, #0x00
_080E8C7E:
	adds r2, r0, #0x0
	lsls r1, r2, #0x10
	lsrs r0, r1, #0x10
	cmp r0, #0x05
	bhi _080E8CEC
	ldr r0, _080E8CCC @ =0x083B9538
	mov r9, r0
	asrs r3, r3, #0x10
	mov r8, r3
_080E8C90:
	movs r6, #0x00
	asrs r0, r1, #0x0E
	add r0, r9
	ldr r3, [r0, #0x00]
	lsrs r0, r1, #0x10
	cmp r0, #0x05
	bne _080E8CA2
	movs r1, #0x01
	mov r12, r1
_080E8CA2:
	lsls r2, r2, #0x10
	cmp r5, r3
	bcc _080E8CB4
_080E8CA8:
	subs r5, r5, r3
	adds r0, r6, #0x1
	lsls r0, r0, #0x10
	lsrs r6, r0, #0x10
	cmp r5, r3
	bcs _080E8CA8
_080E8CB4:
	cmp r6, #0x00
	bne _080E8CBE
	mov r0, r12
	cmp r0, #0x00
	beq _080E8CD0
_080E8CBE:
	adds r0, r6, #0x0
	adds r0, #0x30
	strb r0, [r4, #0x00]
	movs r1, #0x01
	mov r12, r1
	b _080E8CDA
	.byte 0x00, 0x00
_080E8CCC: .4byte 0x083B9538
_080E8CD0:
	movs r0, #0x20
	strb r0, [r4, #0x00]
	mov r0, r8
	cmp r0, #0x00
	beq _080E8CDC
_080E8CDA:
	adds r4, #0x01
_080E8CDC:
	movs r1, #0x80
	lsls r1, r1, #0x09
	adds r0, r2, r1
	lsrs r2, r0, #0x10
	lsls r1, r2, #0x10
	lsrs r0, r1, #0x10
	cmp r0, #0x05
	bls _080E8C90
_080E8CEC:
	movs r0, #0xFF
	strb r0, [r4, #0x00]
	movs r0, #0x0A
	strb r0, [r4, #0x01]
	movs r0, #0x00
	strb r0, [r4, #0x02]
	mov r0, r10
	cmp r0, #0x00
	beq _080E8D0E
_080E8CFE:
	subs r4, #0x01
	cmp r4, r7
	beq _080E8D0A
	ldrb r0, [r4, #0x00]
	cmp r0, #0x20
	bne _080E8CFE
_080E8D0A:
	movs r0, #0x2D
	strb r0, [r4, #0x00]
_080E8D0E:
	adds r0, r7, #0x0
	pop {r3, r4, r5}
	mov r8, r3
	mov r9, r4
	mov r10, r5
	pop {r4, r5, r6, r7}
	pop {r1}
	bx r1
	.byte 0x00, 0x00
	thumb_func_start sub_80E8D20
sub_80E8D20:
	push {lr}
	adds r3, r0, #0x0
	lsls r1, r1, #0x10
	ldr r0, _080E8D4C @ =0x083BBDD0
	movs r2, #0xFF
	lsls r2, r2, #0x10
	ands r2, r1
	lsrs r2, r2, #0x0C
	adds r0, #0x0C
	adds r2, r2, r0
	ldr r0, _080E8D50 @ =0x0300034C
	movs r1, #0x8C
	lsls r1, r1, #0x04
	adds r0, r0, r1
	ldrb r0, [r0, #0x00]
	ldr r1, [r2, #0x00]
	lsls r0, r0, #0x02
	adds r0, r0, r1
	ldr r0, [r0, #0x00]
	ldr r0, [r0, #0x00]
	adds r2, r3, #0x0
	b _080E8D5A
_080E8D4C: .4byte 0x083BBDD0
_080E8D50: .4byte 0x0300034C
_080E8D54:
	strb r1, [r2, #0x00]
	adds r0, #0x01
	adds r2, #0x01
_080E8D5A:
	ldrb r1, [r0, #0x00]
	cmp r1, #0x00
	bne _080E8D54
	movs r0, #0xFF
	strb r0, [r2, #0x00]
	movs r0, #0x0A
	strb r0, [r2, #0x01]
	movs r0, #0x00
	strb r0, [r2, #0x02]
	adds r0, r3, #0x0
	pop {r1}
	bx r1
	.byte 0x00, 0x00
	thumb_func_start sub_80E8D74
sub_80E8D74:
	push {r4, lr}
	ldr r4, _080E8D8C @ =0x03000FBC
	ldr r0, [r4, #0x00]
	cmp r0, #0x00
	beq _080E8D86
	bl free_heap_memory_8018C68
	movs r0, #0x00
	str r0, [r4, #0x00]
_080E8D86:
	pop {r4}
	pop {r0}
	bx r0
_080E8D8C: .4byte 0x03000FBC
	thumb_func_start sub_80E8D90
sub_80E8D90:
	push {r4, lr}
	ldr r4, _080E8DB4 @ =0x03000FBC
	ldr r2, _080E8DB8 @ =0x08200180
	movs r0, #0x01
	movs r1, #0x34
	bl alloc_heap_8018CEC
	adds r1, r0, #0x0
	str r1, [r4, #0x00]
	ldr r0, _080E8DBC @ =0x03001034
	ldr r3, [r0, #0x00]
	movs r0, #0x00
	movs r2, #0x34
	bl _call_via_r3
	pop {r4}
	pop {r0}
	bx r0
_080E8DB4: .4byte 0x03000FBC
_080E8DB8: .4byte 0x08200180
_080E8DBC: .4byte 0x03001034
	thumb_func_start sub_80E8DC0
sub_80E8DC0:
	push {r4, lr}
	bl sub_80E57FC
	ldr r4, _080E8DE0 @ =0x03000FB8
	ldr r0, [r4, #0x00]
	cmp r0, #0x00
	beq _080E8DD6
	bl free_heap_memory_8018C68
	movs r0, #0x00
	str r0, [r4, #0x00]
_080E8DD6:
	bl sub_80E8D74
	pop {r4}
	pop {r0}
	bx r0
_080E8DE0: .4byte 0x03000FB8
	thumb_func_start sub_80E8DE4
sub_80E8DE4:
	push {r4, r5, lr}
	bl sub_80E5810
	ldr r0, _080E8E50 @ =0x080E8B85
	bl sub_8199F24
	ldr r4, _080E8E54 @ =0x03000FB8
	ldr r2, _080E8E58 @ =0x08200170
	movs r0, #0x01
	movs r1, #0x34
	bl alloc_heap_8018CEC
	adds r1, r0, #0x0
	str r1, [r4, #0x00]
	ldr r0, _080E8E5C @ =0x03001034
	ldr r3, [r0, #0x00]
	movs r0, #0x00
	movs r2, #0x34
	bl _call_via_r3
	bl sub_80E8D90
	ldr r0, _080E8E60 @ =0x0839EEB8
	ldr r4, [r0, #0x1C]
	ldr r0, [r4, #0x0C]
	adds r4, r4, r0
	adds r0, r4, #0x0
	bl sub_80198B0
	adds r1, r0, #0x0
	ldr r2, _080E8E64 @ =0x08200178
	movs r0, #0x01
	bl alloc_heap_8018CEC
	adds r5, r0, #0x0
	ldr r0, _080E8E68 @ =0x03000C84
	ldr r2, [r0, #0x00]
	adds r0, r4, #0x0
	adds r1, r5, #0x0
	bl _call_via_r2
	ldr r1, _080E8E6C @ =0x040000D4
	str r5, [r1, #0x00]
	ldr r0, _080E8E70 @ =0x06010000
	str r0, [r1, #0x04]
	ldr r0, _080E8E74 @ =0x840000A0
	str r0, [r1, #0x08]
	ldr r0, [r1, #0x08]
	adds r0, r5, #0x0
	bl free_heap_memory_8018C68
	pop {r4, r5}
	pop {r0}
	bx r0
_080E8E50: .4byte sub_80E8B84
_080E8E54: .4byte 0x03000FB8
_080E8E58: .4byte 0x08200170
_080E8E5C: .4byte 0x03001034
_080E8E60: .4byte 0x0839EEB8
_080E8E64: .4byte 0x08200178
_080E8E68: .4byte 0x03000C84
_080E8E6C: .4byte 0x040000D4
_080E8E70: .4byte 0x06010000
_080E8E74: .4byte 0x840000A0
