	.syntax unified
	.text

	thumb_func_start sub_819BABC
sub_819BABC:
	push {r4, r5, r6, lr}
	adds r4, r0, #0x0
	movs r6, #0x00
	ldr r0, _0819BB24 @ =0x03007FF0
	ldr r2, [r0, #0x00]
	ldr r1, _0819BB28 @ =0x00000494
	adds r0, r2, r1
	ldrb r1, [r0, #0x00]
	movs r5, #0x01
	adds r0, r5, #0x0
	ands r0, r1
	cmp r0, #0x00
	beq _0819BB1C
	movs r3, #0x00
	ldrh r1, [r2, #0x00]
	adds r0, r5, #0x0
	ands r0, r1
	cmp r0, #0x00
	beq _0819BAF4
	movs r5, #0x96
	lsls r5, r5, #0x03
	adds r0, r2, r5
	ldrh r0, [r0, #0x00]
	cmp r0, r4
	bne _0819BB1C
_0819BAEE:
	movs r0, #0x01
	lsls r0, r3
	orrs r6, r0
_0819BAF4:
	adds r3, #0x01
	cmp r3, #0x0B
	bgt _0819BB1C
	ldr r0, _0819BB24 @ =0x03007FF0
	ldr r2, [r0, #0x00]
	lsls r0, r3, #0x05
	adds r0, r2, r0
	ldrh r1, [r0, #0x00]
	movs r0, #0x01
	ands r0, r1
	cmp r0, #0x00
	beq _0819BAF4
	lsls r0, r3, #0x01
	movs r5, #0x96
	lsls r5, r5, #0x03
	adds r1, r2, r5
	adds r1, r1, r0
	ldrh r0, [r1, #0x00]
	cmp r0, r4
	beq _0819BAEE
_0819BB1C:
	adds r0, r6, #0x0
	pop {r4, r5, r6}
	pop {r1}
	bx r1
_0819BB24: .4byte 0x03007FF0
_0819BB28: .4byte 0x00000494
unk_819BB2C: @ real still-unclassified data (confirmed via probe_code_region.py: ARM 20-40% bad throughout, Thumb prologue density 0.604/KB vs real code's 3.4-6.9/KB) len={DATA_LEN}
	.byte 0x00, 0x00, 0xFF, 0x00, 0x00, 0x00, 0xFF, 0x00, 0x7C, 0x00, 0x0C, 0x00, 0x90, 0x01, 0xE4, 0x02
	.byte 0x08, 0x04, 0x7E, 0x04, 0xF9, 0xA8, 0xF0, 0x0C, 0xF1, 0x96, 0x18, 0x42, 0x18, 0x42, 0xF1, 0x28
	.byte 0x18, 0x42, 0xF1, 0x96, 0x18, 0x42, 0xF1, 0x28, 0x18, 0x42, 0xF1, 0x96, 0x18, 0x3E, 0x18, 0x42
	.byte 0xF1, 0x28, 0x18, 0x42, 0xF1, 0x96, 0x18, 0x43, 0x18, 0x43, 0xF1, 0x28, 0x18, 0x43, 0xF1, 0x96
	.byte 0x18, 0x43, 0xF1, 0x28, 0x18, 0x43, 0xF1, 0x96, 0x18, 0x3E, 0x18, 0x43, 0xF1, 0x28, 0x18, 0x43
	.byte 0xF1, 0x96, 0x18, 0x44, 0x18, 0x44, 0xF1, 0x28, 0x18, 0x44, 0xF1, 0x78, 0x18, 0x44, 0xF1, 0x28
	.byte 0x18, 0x44, 0xF1, 0x96, 0x18, 0x3E, 0x18, 0x44, 0xF1, 0x28, 0x18, 0x44, 0xF1, 0x96, 0x18, 0x45
	.byte 0xF1, 0x28, 0x18, 0x45, 0xF1, 0x96, 0xF6, 0x30, 0x30, 0x51, 0xF6, 0x30, 0xF0, 0x0C, 0x10, 0x4A
	.byte 0xF6, 0x20, 0x08, 0x45, 0xF6, 0x18, 0x10, 0x4E, 0xF6, 0x20, 0x08, 0x45, 0xF6, 0x08, 0x10, 0x51
	.byte 0xF6, 0x10, 0x08, 0x42, 0xF6, 0x08, 0x10, 0x4F, 0xF6, 0x10, 0x08, 0x47, 0xF6, 0x08, 0x08, 0x4E
	.byte 0xF6, 0x18, 0x40, 0x4C, 0xF6, 0x30, 0xF6, 0x30, 0x10, 0x49, 0xF6, 0x10, 0x10, 0x4A, 0x10, 0x4C
	.byte 0xF6, 0x10, 0x10, 0x49, 0x10, 0x47, 0xF6, 0x10, 0x10, 0x46, 0x10, 0x45, 0xF6, 0x10, 0x10, 0x47
	.byte 0x10, 0x45, 0xF6, 0x10, 0x40, 0x42, 0xF6, 0x30, 0x10, 0x4A, 0xF6, 0x20, 0x08, 0x45, 0xF6, 0x18
	.byte 0x10, 0x4E, 0xF6, 0x20, 0x08, 0x45, 0xF6, 0x08, 0x10, 0x51, 0xF6, 0x20, 0x20, 0x51, 0xF6, 0x10
	.byte 0x08, 0x4A, 0xF6, 0x18, 0x40, 0x53, 0x10, 0x56, 0xF6, 0x20, 0x10, 0x55, 0xF6, 0x10, 0x10, 0x53
	.byte 0x10, 0x50, 0xF6, 0x10, 0x10, 0x51, 0xF6, 0x20, 0x10, 0x4F, 0x10, 0x4C, 0xF6, 0x10, 0x10, 0x49
	.byte 0x40, 0x4A, 0xF6, 0x20, 0x10, 0x56, 0xF6, 0x50, 0xF0, 0x6D, 0x10, 0x56, 0xF6, 0x10, 0x08, 0x56
	.byte 0xF6, 0x28, 0x10, 0x56, 0xF6, 0x20, 0x08, 0x56, 0xF6, 0x08, 0x10, 0x56, 0xF6, 0x20, 0x30, 0x56
	.byte 0x20, 0x55, 0x08, 0x53, 0x08, 0x55, 0x30, 0x53, 0x30, 0x51, 0x10, 0x53, 0xF6, 0x10, 0x08, 0x53
	.byte 0xF6, 0x28, 0x10, 0x53, 0xF6, 0x20, 0x08, 0x53, 0xF6, 0x08, 0x10, 0x53, 0xF6, 0x20, 0x30, 0x53
	.byte 0x10, 0x51, 0xF6, 0x20, 0x48, 0x51, 0xF6, 0x18, 0x10, 0x4F, 0xF6, 0x10, 0x08, 0x4F, 0xF6, 0x28
	.byte 0x10, 0x4F, 0xF6, 0x20, 0x08, 0x4F, 0xF6, 0x08, 0x10, 0x4F, 0xF6, 0x20, 0x30, 0x4F, 0x08, 0x4E
	.byte 0x08, 0x4F, 0x20, 0x4E, 0xF0, 0x0C, 0x30, 0x55, 0x30, 0x56, 0x10, 0x55, 0xF6, 0x20, 0x10, 0x53
	.byte 0xF6, 0x10, 0x10, 0x58, 0xF6, 0x20, 0x10, 0x58, 0x10, 0x56, 0xF6, 0x10, 0x10, 0x51, 0x10, 0x55
	.byte 0xF6, 0x10, 0x10, 0x53, 0x10, 0x58, 0xF6, 0x10, 0x10, 0x56, 0xF6, 0x20, 0x10, 0x55, 0x10, 0x50
	.byte 0xF6, 0x10, 0x10, 0x51, 0xF8, 0xE5, 0xFE, 0xFF, 0xF9, 0xA8, 0xF0, 0x0C, 0xF2, 0xC8, 0xF1, 0x64
	.byte 0x19, 0x3E, 0x18, 0x3E, 0xF1, 0x14, 0x18, 0x3E, 0xF1, 0x64, 0x18, 0x3E, 0xF1, 0x14, 0x18, 0x3E
	.byte 0xF1, 0x64, 0x18, 0x39, 0x18, 0x3E, 0xF1, 0x14, 0x18, 0x3E, 0xF1, 0x64, 0x18, 0x3E, 0x18, 0x3E
	.byte 0xF1, 0x14, 0x18, 0x3E, 0xF1, 0x64, 0x18, 0x3E, 0xF1, 0x14, 0x18, 0x3E, 0xF1, 0x64, 0x18, 0x3B
	.byte 0x18, 0x3E, 0xF1, 0x14, 0x18, 0x3E, 0xF1, 0x64, 0x18, 0x3E, 0x18, 0x3E, 0xF1, 0x14, 0x18, 0x3E
	.byte 0xF1, 0x64, 0x18, 0x3E, 0xF1, 0x14, 0x18, 0x3E, 0xF1, 0x64, 0x18, 0x3A, 0x18, 0x3E, 0xF1, 0x14
	.byte 0x18, 0x3E, 0xF1, 0x64, 0x18, 0x40, 0xF1, 0x14, 0x18, 0x40, 0xF1, 0x64, 0xF6, 0x30, 0x30, 0x4C
	.byte 0xF6, 0x2F, 0xF0, 0x0C, 0xF6, 0x31, 0x08, 0x42, 0xF6, 0x48, 0x08, 0x42, 0xF6, 0x28, 0x08, 0x3E
	.byte 0xF6, 0x08, 0xF6, 0x20, 0x08, 0x43, 0xF6, 0x28, 0x40, 0x43, 0xF6, 0x30, 0xF6, 0x50, 0x10, 0x47
	.byte 0xF6, 0x20, 0x10, 0x45, 0x10, 0x43, 0xF6, 0x10, 0x10, 0x43, 0x10, 0x42, 0xF6, 0x20, 0x10, 0x42
	.byte 0xF6, 0x10, 0x40, 0x3E, 0xF6, 0x30, 0xF6, 0x30, 0x08, 0x42, 0xF6, 0x48, 0x08, 0x42, 0xF6, 0x38
	.byte 0xF6, 0x20, 0x08, 0x43, 0xF6, 0x08, 0x08, 0x43, 0xF6, 0x58, 0x10, 0x4F, 0xF6, 0x20, 0xF6, 0x20
	.byte 0x10, 0x4F, 0xF6, 0x20, 0x10, 0x4C, 0xF6, 0x20, 0x10, 0x4C, 0x10, 0x49, 0xF6, 0x10, 0x10, 0x43
	.byte 0x40, 0x42, 0xF6, 0x20, 0x10, 0x4E, 0xF6, 0x50, 0xF0, 0x6D, 0x10, 0x53, 0xF6, 0x10, 0x08, 0x53
	.byte 0xF6, 0x28, 0x10, 0x53, 0xF6, 0x20, 0x08, 0x53, 0xF6, 0x08, 0x10, 0x53, 0xF6, 0x20, 0x30, 0x53
	.byte 0x30, 0x51, 0x30, 0x4F, 0x30, 0x4E, 0x10, 0x4F, 0xF6, 0x10, 0x08, 0x4F, 0xF6, 0x28, 0x10, 0x4F
	.byte 0xF6, 0x20, 0x08, 0x50, 0xF6, 0x08, 0x10, 0x50, 0xF6, 0x20, 0x30, 0x50, 0x10, 0x4E, 0xF6, 0x20
	.byte 0x48, 0x4E, 0xF6, 0x18, 0x10, 0x4C, 0xF6, 0x10, 0x08, 0x4C, 0xF6, 0x28, 0x10, 0x4C, 0xF6, 0x20
	.byte 0x08, 0x4C, 0xF6, 0x08, 0x10, 0x4C, 0xF6, 0x20, 0x30, 0x4C, 0x30, 0x4A, 0xF0, 0x0C, 0x30, 0x51
	.byte 0x30, 0x53, 0x10, 0x51, 0xF6, 0x20, 0x10, 0x4F, 0xF6, 0x10, 0x10, 0x53, 0xF6, 0x20, 0x10, 0x53
	.byte 0x10, 0x53, 0xF6, 0x10, 0x10, 0x4C, 0xF6, 0x20, 0x10, 0x4F, 0xF6, 0x20, 0x10, 0x51, 0xF6, 0x20
	.byte 0x10, 0x51, 0x10, 0x4D, 0xF6, 0x10, 0x0F, 0x4C, 0xF8, 0x17, 0xFF, 0xFF, 0xF9, 0xA8, 0xF0, 0x0C
	.byte 0xF1, 0x64, 0x18, 0x3C, 0x18, 0x3C, 0xF1, 0x14, 0x18, 0x3C, 0xF1, 0x50, 0x18, 0x3C, 0xF1, 0x14
	.byte 0x30, 0x3C, 0xF1, 0x50, 0x18, 0x3C, 0xF1, 0x14, 0x18, 0x3C, 0xF1, 0x50, 0x18, 0x3B, 0x18, 0x3B
	.byte 0xF1, 0x14, 0x18, 0x3B, 0xF1, 0x50, 0x18, 0x3B, 0xF1, 0x14, 0x30, 0x3B, 0xF1, 0x50, 0x18, 0x3B
	.byte 0xF1, 0x14, 0x18, 0x3B, 0xF1, 0x50, 0x18, 0x3A, 0x18, 0x3A, 0xF1, 0x14, 0x18, 0x3A, 0xF1, 0x50
	.byte 0x18, 0x3A, 0xF1, 0x14, 0x30, 0x3A, 0xF1, 0x50, 0x18, 0x3A, 0xF1, 0x14, 0x18, 0x3A, 0xF1, 0x50
	.byte 0x18, 0x3D, 0xF1, 0x14, 0x18, 0x3D, 0xF1, 0x50, 0xF6, 0x30, 0xF0, 0x27, 0xF1, 0xB4, 0x30, 0x2D
	.byte 0xF6, 0x30, 0xF1, 0xB4, 0x10, 0x32, 0xF6, 0x20, 0x08, 0x3E, 0xF6, 0x28, 0x10, 0x32, 0xF6, 0x20
	.byte 0x08, 0x3E, 0xF6, 0x28, 0x10, 0x34, 0xF6, 0x20, 0x08, 0x40, 0xF6, 0x28, 0x10, 0x34, 0xF6, 0x20
	.byte 0x08, 0x40, 0xF6, 0x28, 0x10, 0x39, 0xF6, 0x20, 0x08, 0x45, 0xF6, 0x28, 0x10, 0x39, 0xF6, 0x20
	.byte 0x08, 0x45, 0xF6, 0x28, 0x10, 0x32, 0xF6, 0x20, 0x08, 0x3E, 0xF6, 0x28, 0x10, 0x32, 0xF6, 0x20
	.byte 0x10, 0x40, 0xF6, 0x20, 0x10, 0x36, 0xF6, 0x20, 0x08, 0x42, 0xF6, 0x28, 0x10, 0x36, 0xF6, 0x20
	.byte 0x08, 0x42, 0xF6, 0x28, 0x10, 0x37, 0xF6, 0x20, 0x08, 0x43, 0xF6, 0x28, 0x10, 0x37, 0xF6, 0x20
	.byte 0x08, 0x43, 0xF6, 0x28, 0x10, 0x39, 0xF6, 0x20, 0x08, 0x45, 0xF6, 0x28, 0x10, 0x39, 0xF6, 0x20
	.byte 0x08, 0x45, 0xF6, 0x28, 0x10, 0x32, 0xF6, 0x20, 0x08, 0x3E, 0xF6, 0x28, 0x10, 0x32, 0xF6, 0x20
	.byte 0x20, 0x3E, 0xF6, 0x10, 0xF0, 0x27, 0x60, 0x37, 0x60, 0x38, 0xC0, 0x39, 0x60, 0x34, 0x60, 0x35
	.byte 0xC0, 0x36, 0x60, 0x39, 0x60, 0x3A, 0x60, 0x3B, 0x60, 0x39, 0xF0, 0x27, 0x10, 0x34, 0xF6, 0x20
	.byte 0x08, 0x40, 0xF6, 0x28, 0x10, 0x34, 0xF6, 0x20, 0x08, 0x40, 0xF6, 0x28, 0x10, 0x39, 0xF6, 0x20
	.byte 0x08, 0x45, 0xF6, 0x28, 0x10, 0x39, 0xF6, 0x20, 0x08, 0x45, 0xF6, 0x28, 0xF8, 0x43, 0xFF, 0xFF
	.byte 0xF9, 0xA8, 0xF0, 0x00, 0xF1, 0x50, 0xF6, 0xC0, 0xF6, 0xC0, 0xF6, 0xC0, 0xF6, 0xC0, 0xF6, 0xC1
	.byte 0xF6, 0x80, 0x0C, 0x35, 0xF6, 0x04, 0x0C, 0x37, 0xF6, 0x24, 0xF6, 0xC0, 0xF6, 0x80, 0x08, 0x30
	.byte 0xF6, 0x08, 0x0C, 0x35, 0xF6, 0x14, 0x0C, 0x37, 0xF6, 0x04, 0xF6, 0xC0, 0xF6, 0x80, 0x0C, 0x35
	.byte 0xF6, 0x04, 0x0C, 0x37, 0xF6, 0x24, 0xF6, 0xC0, 0xF6, 0x80, 0x08, 0x30, 0xF6, 0x08, 0x0C, 0x35
	.byte 0xF6, 0x14, 0x0C, 0x37, 0xF6, 0x04, 0xF6, 0xC0, 0xF6, 0xC0, 0xF6, 0xC0, 0xF6, 0x80, 0x0C, 0x35
	.byte 0xF6, 0x04, 0x0C, 0x37, 0xF6, 0x24, 0xF6, 0xC0, 0xF6, 0x80, 0x0C, 0x35, 0xF6, 0x04, 0x0C, 0x37
	.byte 0xF6, 0x24, 0xF6, 0xC0, 0xF6, 0x80, 0x08, 0x30, 0xF6, 0x08, 0x0C, 0x35, 0xF6, 0x14, 0x0C, 0x37
	.byte 0xF6, 0x03, 0xF8, 0x99, 0xFF, 0xFF, 0xF9, 0xA8, 0xF0, 0x00, 0xF2, 0x3C, 0xF1, 0x3C, 0xF6, 0xC0
	.byte 0xF6, 0xC0, 0xF6, 0xC0, 0xF6, 0xC0, 0x20, 0x43, 0xF6, 0x10, 0x0C, 0x41, 0xF6, 0x14, 0x0C, 0x41
	.byte 0xF6, 0x04, 0x20, 0x43, 0xF6, 0x10, 0x0C, 0x41, 0xF6, 0x24, 0x20, 0x43, 0xF6, 0x10, 0x0C, 0x41
	.byte 0xF6, 0x14, 0x0C, 0x41, 0xF6, 0x04, 0x20, 0x43, 0x0C, 0x41, 0xF6, 0x34, 0x20, 0x43, 0xF6, 0x10
	.byte 0x0C, 0x41, 0xF6, 0x14, 0x0C, 0x41, 0xF6, 0x04, 0x20, 0x43, 0xF6, 0x10, 0x0C, 0x41, 0xF6, 0x24
	.byte 0x20, 0x43, 0xF6, 0x10, 0x0C, 0x41, 0xF6, 0x14, 0x0C, 0x41, 0xF6, 0x04, 0x20, 0x43, 0xF6, 0x10
	.byte 0x0C, 0x41, 0xF6, 0x24, 0x20, 0x43, 0xF6, 0x10, 0x0C, 0x41, 0xF6, 0x14, 0x0C, 0x41, 0xF6, 0x04
	.byte 0x20, 0x43, 0xF6, 0x10, 0x0C, 0x41, 0xF6, 0x24, 0x20, 0x43, 0xF6, 0x10, 0x0C, 0x41, 0xF6, 0x14
	.byte 0x0C, 0x41, 0xF6, 0x04, 0x20, 0x43, 0x0C, 0x41, 0xF6, 0x34, 0x20, 0x43, 0xF6, 0x10, 0x0C, 0x41
	.byte 0xF6, 0x14, 0x0C, 0x41, 0xF6, 0x04, 0x20, 0x43, 0xF6, 0x10, 0x0C, 0x41, 0xF6, 0x24, 0x20, 0x43
	.byte 0xF6, 0x10, 0x0C, 0x41, 0xF6, 0x14, 0x0C, 0x41, 0xF6, 0x04, 0x20, 0x43, 0xF6, 0x10, 0x0C, 0x41
	.byte 0xF6, 0x24, 0x20, 0x43, 0xF6, 0x10, 0x0C, 0x41, 0xF6, 0x14, 0x0C, 0x41, 0xF6, 0x04, 0x20, 0x43
	.byte 0xF6, 0x10, 0x0C, 0x41, 0xF6, 0x24, 0x20, 0x43, 0xF6, 0x10, 0x0C, 0x41, 0xF6, 0x14, 0x0C, 0x41
	.byte 0xF6, 0x04, 0x20, 0x43, 0xF6, 0x10, 0x0C, 0x41, 0xF6, 0x24, 0x20, 0x43, 0xF6, 0x10, 0x0C, 0x41
	.byte 0xF6, 0x14, 0x0C, 0x41, 0xF6, 0x04, 0x20, 0x43, 0xF6, 0x10, 0x0C, 0x41, 0xF6, 0x24, 0x20, 0x43
	.byte 0xF6, 0x10, 0x0C, 0x41, 0xF6, 0x14, 0x0C, 0x41, 0xF6, 0x04, 0x20, 0x43, 0x0C, 0x41, 0xF6, 0x34
	.byte 0x20, 0x43, 0xF6, 0x10, 0x0C, 0x41, 0xF6, 0x14, 0x0C, 0x41, 0xF6, 0x04, 0x20, 0x43, 0xF6, 0x10
	.byte 0x0C, 0x41, 0xF6, 0x24, 0x20, 0x43, 0xF6, 0x10, 0x0C, 0x41, 0xF6, 0x14, 0x0C, 0x41, 0xF6, 0x04
	.byte 0x20, 0x43, 0x0C, 0x41, 0xF6, 0x34, 0x20, 0x43, 0xF6, 0x10, 0x0C, 0x41, 0xF6, 0x14, 0x0C, 0x41
	.byte 0xF6, 0x04, 0x20, 0x43, 0xF6, 0x10, 0x0C, 0x41, 0xF6, 0x24, 0x20, 0x43, 0xF6, 0x10, 0x0C, 0x41
	.byte 0xF6, 0x14, 0x0C, 0x41, 0xF6, 0x04, 0x20, 0x43, 0xF6, 0x10, 0x0C, 0x41, 0xF6, 0x24, 0xF8, 0xC5
	.byte 0xFE, 0xFF, 0x00, 0x00, 0x7C, 0x00, 0x0C, 0x00, 0xB0, 0x03, 0x7C, 0x07, 0x4B, 0x08, 0xDD, 0x0C
	.byte 0xF9, 0x8A, 0xF0, 0x0D, 0xF1, 0x3C, 0x08, 0x44, 0xF6, 0x10, 0x08, 0x44, 0xF6, 0x10, 0x08, 0x44
	.byte 0xF6, 0x04, 0x08, 0x44, 0xF6, 0x10, 0x08, 0x47, 0xF6, 0x10, 0x08, 0x47, 0xF6, 0x10, 0x08, 0x47
	.byte 0xF6, 0x10, 0x08, 0x46, 0xF6, 0x04, 0x08, 0x46, 0xF6, 0x10, 0x08, 0x44, 0xF6, 0x10, 0x08, 0x44
	.byte 0xF6, 0x10, 0x08, 0x44, 0xF6, 0x04, 0x08, 0x44, 0xF6, 0x10, 0x08, 0x47, 0xF6, 0x10, 0x08, 0x47
	.byte 0xF6, 0x10, 0x08, 0x47, 0xF6, 0x10, 0x08, 0x4B, 0xF6, 0x04, 0x08, 0x4B, 0xF6, 0x10, 0x08, 0x44
	.byte 0xF6, 0x10, 0x08, 0x44, 0xF6, 0x10, 0x08, 0x44, 0xF6, 0x04, 0x08, 0x44, 0xF6, 0x10, 0x08, 0x47
	.byte 0xF6, 0x10, 0x08, 0x47, 0xF6, 0x10, 0x08, 0x47, 0xF6, 0x10, 0x08, 0x46, 0xF6, 0x04, 0x08, 0x46
	.byte 0xF6, 0x10, 0x08, 0x44, 0xF6, 0x10, 0x08, 0x44, 0xF6, 0x10, 0x08, 0x44, 0xF6, 0x04, 0x08, 0x44
	.byte 0xF6, 0x10, 0x08, 0x47, 0xF6, 0x10, 0x08, 0x47, 0xF6, 0x10, 0x08, 0x47, 0xF6, 0x10, 0x08, 0x4B
	.byte 0xF6, 0x04, 0x08, 0x4B, 0xF6, 0x10, 0xF0, 0x06, 0xF1, 0xB4, 0x0C, 0x31, 0x0A, 0x38, 0xF6, 0x02
	.byte 0x0A, 0x31, 0xF6, 0x0E, 0x0C, 0x3A, 0xF6, 0x0C, 0x0A, 0x31, 0xF6, 0x02, 0x0E, 0x3B, 0xF6, 0x22
	.byte 0xF0, 0x0D, 0xF1, 0x3C, 0x08, 0x47, 0xF6, 0x10, 0x08, 0x46, 0xF6, 0x04, 0x08, 0x46, 0xF6, 0x10
	.byte 0xF0, 0x06, 0xF1, 0xB4, 0x0C, 0x31, 0x0A, 0x38, 0xF6, 0x02, 0x0A, 0x31, 0xF6, 0x0E, 0x0C, 0x3A
	.byte 0xF6, 0x0C, 0x0A, 0x31, 0xF6, 0x02, 0x0E, 0x3B, 0xF6, 0x0A, 0xF0, 0x0D, 0xF1, 0x3C, 0x08, 0x47
	.byte 0xF6, 0x10, 0x08, 0x47, 0xF6, 0x10, 0x08, 0x4B, 0xF6, 0x04, 0x08, 0x4B, 0xF6, 0x10, 0xF0, 0x06
	.byte 0xF1, 0xB4, 0x0C, 0x31, 0x0A, 0x38, 0xF6, 0x02, 0x0A, 0x31, 0xF6, 0x0E, 0x0C, 0x3A, 0xF6, 0x0C
	.byte 0x0A, 0x31, 0xF6, 0x02, 0x0E, 0x3B, 0xF6, 0x0A, 0x0A, 0x3B, 0xF6, 0x0E, 0x0A, 0x3B, 0xF6, 0x02
	.byte 0x0A, 0x3A, 0xF6, 0x0E, 0x0A, 0x36, 0xF6, 0x0E, 0x0C, 0x38, 0xF6, 0x0C, 0x0A, 0x35, 0xF6, 0x02
	.byte 0x3C, 0x31, 0xF6, 0x0C, 0xF0, 0x0D, 0xF1, 0x3C, 0x08, 0x47, 0xF6, 0x10, 0x08, 0x47, 0xF6, 0x10
	.byte 0x08, 0x4B, 0xF6, 0x04, 0x08, 0x4B, 0xF6, 0x10, 0x08, 0x44, 0xF6, 0x10, 0x08, 0x44, 0xF6, 0x10
	.byte 0x08, 0x44, 0xF6, 0x04, 0x08, 0x44, 0xF6, 0x10, 0x08, 0x47, 0xF6, 0x10, 0x08, 0x47, 0xF6, 0x10
	.byte 0x08, 0x47, 0xF6, 0x10, 0x08, 0x46, 0xF6, 0x04, 0x08, 0x46, 0xF6, 0x10, 0x08, 0x44, 0xF6, 0x10
	.byte 0x08, 0x44, 0xF6, 0x10, 0x08, 0x44, 0xF6, 0x04, 0x08, 0x44, 0xF6, 0x10, 0x08, 0x47, 0xF6, 0x10
	.byte 0x08, 0x47, 0xF6, 0x10, 0x08, 0x47, 0xF6, 0x10, 0x08, 0x4B, 0xF6, 0x04, 0x08, 0x4B, 0xF6, 0x10
	.byte 0x08, 0x44, 0xF6, 0x10, 0x08, 0x44, 0xF6, 0x10, 0x08, 0x44, 0xF6, 0x04, 0x08, 0x44, 0xF6, 0x10
	.byte 0x08, 0x47, 0xF6, 0x10, 0x08, 0x47, 0xF6, 0x10, 0x08, 0x47, 0xF6, 0x10, 0x08, 0x46, 0xF6, 0x04
	.byte 0x08, 0x46, 0xF6, 0x10, 0x08, 0x44, 0xF6, 0x10, 0x08, 0x44, 0xF6, 0x10, 0x08, 0x44, 0xF6, 0x04
	.byte 0x08, 0x44, 0xF6, 0x10, 0x08, 0x47, 0xF6, 0x10, 0x08, 0x47, 0xF6, 0x10, 0x08, 0x47, 0xF6, 0x10
	.byte 0x08, 0x4B, 0xF6, 0x04, 0x08, 0x4B, 0xF6, 0x10, 0xF0, 0x06, 0xF1, 0xB4, 0x0C, 0x31, 0x0A, 0x38
	.byte 0xF6, 0x02, 0x0A, 0x31, 0xF6, 0x0E, 0x0C, 0x3A, 0xF6, 0x0C, 0x0A, 0x31, 0xF6, 0x02, 0x0E, 0x3B
	.byte 0xF6, 0x22, 0xF0, 0x0D, 0xF1, 0x3C, 0x08, 0x47, 0xF6, 0x10, 0x08, 0x46, 0xF6, 0x04, 0x08, 0x46
	.byte 0xF6, 0x10, 0xF0, 0x06, 0xF1, 0xB4, 0x0C, 0x31, 0x0A, 0x38, 0xF6, 0x02, 0x0A, 0x31, 0xF6, 0x0E
	.byte 0x0C, 0x3A, 0xF6, 0x0C, 0x0A, 0x31, 0xF6, 0x02, 0x0E, 0x3B, 0xF6, 0x0A, 0xF0, 0x0D, 0xF1, 0x3C
	.byte 0x08, 0x47, 0xF6, 0x10, 0x08, 0x47, 0xF6, 0x10, 0x08, 0x4B, 0xF6, 0x04, 0x08, 0x4B, 0xF6, 0x10
	.byte 0xF0, 0x06, 0xF1, 0xB4, 0x0C, 0x31, 0x0A, 0x38, 0xF6, 0x02, 0x0A, 0x31, 0xF6, 0x0E, 0x0C, 0x3A
	.byte 0xF6, 0x0C, 0x0A, 0x31, 0xF6, 0x02, 0x0E, 0x3B, 0xF6, 0x0A, 0x0A, 0x3B, 0xF6, 0x0E, 0x0A, 0x3F
	.byte 0xF6, 0x02, 0x0A, 0x3D, 0xF6, 0x0E, 0x0A, 0x3B, 0xF6, 0x0E, 0x0C, 0x3D, 0xF6, 0x0C, 0x0A, 0x41
	.byte 0xF6, 0x02, 0x3C, 0x41, 0xF6, 0x0C, 0xF0, 0x0D, 0xF1, 0x3C, 0x08, 0x47, 0xF6, 0x10, 0x08, 0x47
	.byte 0xF6, 0x10, 0x08, 0x4B, 0xF6, 0x04, 0x08, 0x4B, 0xF6, 0x10, 0xF0, 0x0C, 0xF1, 0xB4, 0x08, 0x44
	.byte 0xF6, 0x10, 0x08, 0x44, 0xF6, 0x10, 0x08, 0x44, 0xF6, 0x04, 0x08, 0x44, 0xF6, 0x10, 0x08, 0x47
	.byte 0xF6, 0x10, 0x08, 0x47, 0xF6, 0x10, 0x08, 0x47, 0xF6, 0x10, 0x08, 0x46, 0xF6, 0x04, 0x08, 0x46
	.byte 0xF6, 0x10, 0x08, 0x44, 0xF6, 0x10, 0x08, 0x44, 0xF6, 0x10, 0x08, 0x44, 0xF6, 0x04, 0x08, 0x44
	.byte 0xF6, 0x10, 0x08, 0x47, 0xF6, 0x10, 0x08, 0x47, 0xF6, 0x10, 0x08, 0x47, 0xF6, 0x10, 0x08, 0x4B
	.byte 0xF6, 0x04, 0x08, 0x4B, 0xF6, 0x10, 0x08, 0x44, 0xF6, 0x10, 0x08, 0x44, 0xF6, 0x10, 0x08, 0x44
	.byte 0xF6, 0x04, 0x08, 0x44, 0xF6, 0x10, 0x08, 0x47, 0xF6, 0x10, 0x08, 0x47, 0xF6, 0x10, 0x08, 0x47
	.byte 0xF6, 0x10, 0x08, 0x46, 0xF6, 0x04, 0x08, 0x46, 0xF6, 0x10, 0x08, 0x44, 0xF6, 0x10, 0x08, 0x44
	.byte 0xF6, 0x10, 0x08, 0x44, 0xF6, 0x04, 0x08, 0x44, 0xF6, 0x10, 0x08, 0x47, 0xF6, 0x10, 0x08, 0x47
	.byte 0xF6, 0x10, 0x08, 0x47, 0xF6, 0x10, 0x08, 0x4B, 0xF6, 0x04, 0x08, 0x4B, 0xF6, 0x10, 0xF0, 0x06
	.byte 0xF1, 0xB4, 0x0C, 0x31, 0x0A, 0x38, 0xF6, 0x02, 0x0A, 0x31, 0xF6, 0x0E, 0x0C, 0x3A, 0xF6, 0x0C
	.byte 0x0A, 0x31, 0xF6, 0x02, 0x0E, 0x3B, 0xF6, 0x22, 0xF0, 0x0D, 0xF1, 0x3C, 0x08, 0x47, 0xF6, 0x10
	.byte 0x08, 0x46, 0xF6, 0x04, 0x08, 0x46, 0xF6, 0x10, 0xF0, 0x06, 0xF1, 0xB4, 0x0C, 0x31, 0x0A, 0x38
	.byte 0xF6, 0x02, 0x0A, 0x31, 0xF6, 0x0E, 0x0C, 0x3A, 0xF6, 0x0C, 0x0A, 0x31, 0xF6, 0x02, 0x0E, 0x3B
	.byte 0xF6, 0x0A, 0xF0, 0x0D, 0xF1, 0x3C, 0x08, 0x47, 0xF6, 0x10, 0x08, 0x47, 0xF6, 0x10, 0x08, 0x4B
	.byte 0xF6, 0x04, 0x08, 0x4B, 0xF6, 0x10, 0xF0, 0x06, 0xF1, 0xB4, 0x0C, 0x31, 0x0A, 0x38, 0xF6, 0x02
	.byte 0x0A, 0x31, 0xF6, 0x0E, 0x0C, 0x3A, 0xF6, 0x0C, 0x0A, 0x31, 0xF6, 0x02, 0x0E, 0x3B, 0xF6, 0x0A
	.byte 0x0A, 0x3B, 0xF6, 0x0E, 0x0A, 0x3B, 0xF6, 0x02, 0x0A, 0x3A, 0xF6, 0x0E, 0x0A, 0x36, 0xF6, 0x0E
	.byte 0x0C, 0x38, 0xF6, 0x0C, 0x0A, 0x35, 0xF6, 0x02, 0x3C, 0x31, 0xF6, 0x0C, 0xF0, 0x0D, 0xF1, 0x3C
	.byte 0x08, 0x47, 0xF6, 0x10, 0x08, 0x47, 0xF6, 0x10, 0x08, 0x4B, 0xF6, 0x04, 0x08, 0x4B, 0xF6, 0x10
	.byte 0xF8, 0x95, 0xFD, 0xFF, 0xF9, 0x8A, 0xF0, 0x0D, 0xF2, 0xF0, 0xF1, 0x50, 0x09, 0x41, 0xF6, 0x10
	.byte 0x08, 0x41, 0xF6, 0x10, 0x08, 0x41, 0xF6, 0x04, 0x08, 0x41, 0xF6, 0x10, 0x08, 0x42, 0xF6, 0x10
	.byte 0x08, 0x42, 0xF6, 0x10, 0x08, 0x42, 0xF6, 0x10, 0x08, 0x42, 0xF6, 0x04, 0x08, 0x42, 0xF6, 0x10
	.byte 0x08, 0x41, 0xF6, 0x10, 0x08, 0x41, 0xF6, 0x10, 0x08, 0x41, 0xF6, 0x04, 0x08, 0x41, 0xF6, 0x10
	.byte 0x08, 0x42, 0xF6, 0x10, 0x08, 0x42, 0xF6, 0x10, 0x08, 0x42, 0xF6, 0x10, 0x08, 0x42, 0xF6, 0x04
	.byte 0x08, 0x42, 0xF6, 0x10, 0x08, 0x41, 0xF6, 0x10, 0x08, 0x41, 0xF6, 0x10, 0x08, 0x41, 0xF6, 0x04
	.byte 0x08, 0x41, 0xF6, 0x10, 0x08, 0x42, 0xF6, 0x10, 0x08, 0x42, 0xF6, 0x10, 0x08, 0x42, 0xF6, 0x10
	.byte 0x08, 0x42, 0xF6, 0x04, 0x08, 0x42, 0xF6, 0x10, 0x08, 0x41, 0xF6, 0x10, 0x08, 0x41, 0xF6, 0x10
	.byte 0x08, 0x41, 0xF6, 0x04, 0x08, 0x41, 0xF6, 0x10, 0x08, 0x42, 0xF6, 0x10, 0x08, 0x42, 0xF6, 0x10
	.byte 0x08, 0x42, 0xF6, 0x10, 0x08, 0x42, 0xF6, 0x04, 0x08, 0x42, 0xF6, 0x10, 0xF0, 0x06, 0xF2, 0x0F
	.byte 0xF1, 0x8C, 0x0C, 0x38, 0x0A, 0x41, 0xF6, 0x02, 0x0A, 0x38, 0xF6, 0x0E, 0x0C, 0x42, 0xF6, 0x0C
	.byte 0x0A, 0x38, 0xF6, 0x02, 0x0E, 0x44, 0xF6, 0x22, 0xF0, 0x0D, 0xF2, 0xF0, 0xF1, 0x50, 0x08, 0x42
	.byte 0xF6, 0x10, 0x08, 0x42, 0xF6, 0x04, 0x08, 0x42, 0xF6, 0x10, 0xF0, 0x06, 0xF2, 0x0F, 0xF1, 0x8C
	.byte 0x0C, 0x38, 0x0A, 0x41, 0xF6, 0x02, 0x0A, 0x38, 0xF6, 0x0E, 0x0C, 0x42, 0xF6, 0x0C, 0x0A, 0x38
	.byte 0xF6, 0x02, 0x0E, 0x44, 0xF6, 0x0A, 0xF0, 0x0D, 0xF2, 0xF0, 0xF1, 0x50, 0x08, 0x42, 0xF6, 0x10
	.byte 0x08, 0x42, 0xF6, 0x10, 0x08, 0x42, 0xF6, 0x04, 0x08, 0x42, 0xF6, 0x10, 0xF0, 0x06, 0xF2, 0x0F
	.byte 0xF1, 0x8C, 0x0C, 0x38, 0x0A, 0x41, 0xF6, 0x02, 0x0A, 0x38, 0xF6, 0x0E, 0x0C, 0x42, 0xF6, 0x0C
	.byte 0x0A, 0x38, 0xF6, 0x02, 0x0E, 0x44, 0xF6, 0x0A, 0x0A, 0x44, 0xF6, 0x0E, 0x0A, 0x44, 0xF6, 0x02
	.byte 0x0A, 0x42, 0xF6, 0x0E, 0x0A, 0x3F, 0xF6, 0x0E, 0x0C, 0x41, 0xF6, 0x0C, 0x0A, 0x3D, 0xF6, 0x02
	.byte 0x3C, 0x38, 0xF6, 0x0C, 0xF0, 0x0D, 0xF2, 0xF0, 0xF1, 0x50, 0x08, 0x42, 0xF6, 0x10, 0x08, 0x42
	.byte 0xF6, 0x10, 0x08, 0x42, 0xF6, 0x04, 0x08, 0x42, 0xF6, 0x0F, 0x09, 0x41, 0xF6, 0x10, 0x08, 0x41
	.byte 0xF6, 0x10, 0x08, 0x41, 0xF6, 0x04, 0x08, 0x41, 0xF6, 0x10, 0x08, 0x42, 0xF6, 0x10, 0x08, 0x42
	.byte 0xF6, 0x10, 0x08, 0x42, 0xF6, 0x10, 0x08, 0x42, 0xF6, 0x04, 0x08, 0x42, 0xF6, 0x10, 0x08, 0x41
	.byte 0xF6, 0x10, 0x08, 0x41, 0xF6, 0x10, 0x08, 0x41, 0xF6, 0x04, 0x08, 0x41, 0xF6, 0x10, 0x08, 0x42
	.byte 0xF6, 0x10, 0x08, 0x42, 0xF6, 0x10, 0x08, 0x42, 0xF6, 0x10, 0x08, 0x42, 0xF6, 0x04, 0x08, 0x42
	.byte 0xF6, 0x10, 0x08, 0x41, 0xF6, 0x10, 0x08, 0x41, 0xF6, 0x10, 0x08, 0x41, 0xF6, 0x04, 0x08, 0x41
	.byte 0xF6, 0x10, 0x08, 0x42, 0xF6, 0x10, 0x08, 0x42, 0xF6, 0x10, 0x08, 0x42, 0xF6, 0x10, 0x08, 0x42
	.byte 0xF6, 0x04, 0x08, 0x42, 0xF6, 0x10, 0x08, 0x41, 0xF6, 0x10, 0x08, 0x41, 0xF6, 0x10, 0x08, 0x41
	.byte 0xF6, 0x04, 0x08, 0x41, 0xF6, 0x10, 0x08, 0x42, 0xF6, 0x10, 0x08, 0x42, 0xF6, 0x10, 0x08, 0x42
	.byte 0xF6, 0x10, 0x08, 0x42, 0xF6, 0x04, 0x08, 0x42, 0xF6, 0x10, 0xF0, 0x06, 0xF2, 0x0F, 0xF1, 0x8C
	.byte 0x0C, 0x38, 0x0A, 0x41, 0xF6, 0x02, 0x0A, 0x38, 0xF6, 0x0E, 0x0C, 0x42, 0xF6, 0x0C, 0x0A, 0x38
	.byte 0xF6, 0x02, 0x0E, 0x44, 0xF6, 0x22, 0xF0, 0x0D, 0xF2, 0xF0, 0xF1, 0x50, 0x08, 0x42, 0xF6, 0x10
	.byte 0x08, 0x42, 0xF6, 0x04, 0x08, 0x42, 0xF6, 0x10, 0xF0, 0x06, 0xF2, 0x0F, 0xF1, 0x8C, 0x0C, 0x38
	.byte 0x0A, 0x41, 0xF6, 0x02, 0x0A, 0x38, 0xF6, 0x0E, 0x0C, 0x42, 0xF6, 0x0C, 0x0A, 0x38, 0xF6, 0x02
	.byte 0x0E, 0x44, 0xF6, 0x0A, 0xF0, 0x0D, 0xF2, 0xF0, 0xF1, 0x50, 0x08, 0x42, 0xF6, 0x10, 0x08, 0x42
	.byte 0xF6, 0x10, 0x08, 0x42, 0xF6, 0x04, 0x08, 0x42, 0xF6, 0x10, 0xF0, 0x06, 0xF2, 0x0F, 0xF1, 0x8C
	.byte 0x0C, 0x38, 0x0A, 0x41, 0xF6, 0x02, 0x0A, 0x38, 0xF6, 0x0E, 0x0C, 0x42, 0xF6, 0x0C, 0x0A, 0x38
	.byte 0xF6, 0x02, 0x0E, 0x44, 0xF6, 0x0A, 0x0A, 0x44, 0xF6, 0x0E, 0x0A, 0x44, 0xF6, 0x02, 0x0A, 0x44
	.byte 0xF6, 0x0E, 0x0A, 0x44, 0xF6, 0x0E, 0x0C, 0x44, 0xF6, 0x0C, 0x0A, 0x49, 0xF6, 0x02, 0x3C, 0x49
	.byte 0xF6, 0x0C, 0xF0, 0x0D, 0xF2, 0xF0, 0xF1, 0x50, 0x08, 0x42, 0xF6, 0x10, 0x08, 0x42, 0xF6, 0x10
	.byte 0x08, 0x42, 0xF6, 0x04, 0x08, 0x42, 0xF6, 0x10, 0xF0, 0x0C, 0xF2, 0xC8, 0xF1, 0x8C, 0x08, 0x41
	.byte 0xF6, 0x10, 0x08, 0x41, 0xF6, 0x10, 0x08, 0x41, 0xF6, 0x04, 0x08, 0x41, 0xF6, 0x10, 0x08, 0x42
	.byte 0xF6, 0x10, 0x08, 0x42, 0xF6, 0x10, 0x08, 0x42, 0xF6, 0x10, 0x08, 0x42, 0xF6, 0x04, 0x08, 0x42
	.byte 0xF6, 0x10, 0x08, 0x41, 0xF6, 0x10, 0x08, 0x41, 0xF6, 0x10, 0x08, 0x41, 0xF6, 0x04, 0x08, 0x41
	.byte 0xF6, 0x10, 0x08, 0x42, 0xF6, 0x10, 0x08, 0x42, 0xF6, 0x10, 0x08, 0x42, 0xF6, 0x10, 0x08, 0x42
	.byte 0xF6, 0x04, 0x08, 0x42, 0xF6, 0x10, 0x08, 0x41, 0xF6, 0x10, 0x08, 0x41, 0xF6, 0x10, 0x08, 0x41
	.byte 0xF6, 0x04, 0x08, 0x41, 0xF6, 0x10, 0x08, 0x42, 0xF6, 0x10, 0x08, 0x42, 0xF6, 0x10, 0x08, 0x42
	.byte 0xF6, 0x10, 0x08, 0x42, 0xF6, 0x04, 0x08, 0x42, 0xF6, 0x10, 0x08, 0x41, 0xF6, 0x10, 0x08, 0x41
	.byte 0xF6, 0x10, 0x08, 0x41, 0xF6, 0x04, 0x08, 0x41, 0xF6, 0x10, 0x08, 0x42, 0xF6, 0x10, 0x08, 0x42
	.byte 0xF6, 0x10, 0x08, 0x42, 0xF6, 0x10, 0x08, 0x42, 0xF6, 0x04, 0x08, 0x42, 0xF6, 0x10, 0xF0, 0x06
	.byte 0xF2, 0x0F, 0xF1, 0x8C, 0x0C, 0x38, 0x0A, 0x41, 0xF6, 0x02, 0x0A, 0x38, 0xF6, 0x0E, 0x0C, 0x42
	.byte 0xF6, 0x0C, 0x0A, 0x38, 0xF6, 0x02, 0x0E, 0x44, 0xF6, 0x22, 0xF0, 0x0D, 0xF2, 0xF0, 0xF1, 0x50
	.byte 0x08, 0x42, 0xF6, 0x10, 0x08, 0x42, 0xF6, 0x04, 0x08, 0x42, 0xF6, 0x10, 0xF0, 0x06, 0xF2, 0x0F
	.byte 0xF1, 0x8C, 0x0C, 0x38, 0x0A, 0x41, 0xF6, 0x02, 0x0A, 0x38, 0xF6, 0x0E, 0x0C, 0x42, 0xF6, 0x0C
	.byte 0x0A, 0x38, 0xF6, 0x02, 0x0E, 0x44, 0xF6, 0x0A, 0xF0, 0x0D, 0xF2, 0xF0, 0xF1, 0x50, 0x08, 0x42
	.byte 0xF6, 0x10, 0x08, 0x42, 0xF6, 0x10, 0x08, 0x42, 0xF6, 0x04, 0x08, 0x42, 0xF6, 0x10, 0xF0, 0x06
	.byte 0xF2, 0x0F, 0xF1, 0x8C, 0x0C, 0x38, 0x0A, 0x41, 0xF6, 0x02, 0x0A, 0x38, 0xF6, 0x0E, 0x0C, 0x42
	.byte 0xF6, 0x0C, 0x0A, 0x38, 0xF6, 0x02, 0x0E, 0x44, 0xF6, 0x0A, 0x0A, 0x44, 0xF6, 0x0E, 0x0A, 0x44
	.byte 0xF6, 0x02, 0x0A, 0x42, 0xF6, 0x0E, 0x0A, 0x3F, 0xF6, 0x0E, 0x0C, 0x41, 0xF6, 0x0C, 0x0A, 0x3D
	.byte 0xF6, 0x02, 0x3C, 0x38, 0xF6, 0x0C, 0xF0, 0x0D, 0xF2, 0xF0, 0xF1, 0x50, 0x08, 0x42, 0xF6, 0x10
	.byte 0x08, 0x42, 0xF6, 0x10, 0x08, 0x42, 0xF6, 0x04, 0x08, 0x42, 0xF6, 0x0F, 0xF8, 0x7B, 0xFD, 0xFF
	.byte 0xF9, 0x8A, 0xF0, 0x26, 0xF1, 0xB4, 0x24, 0x49, 0x24, 0x3D, 0x18, 0x44, 0x00, 0xC9, 0x60, 0x24
	.byte 0x49, 0x24, 0x3B, 0x18, 0x42, 0x60, 0x47, 0x24, 0x49, 0x24, 0x3D, 0x3C, 0x44, 0x24, 0x42, 0x18
	.byte 0x47, 0x24, 0x3D, 0x24, 0x49, 0x3C, 0x44, 0x24, 0x3B, 0x18, 0x42, 0x24, 0x49, 0x24, 0x3D, 0x3C
	.byte 0x44, 0x24, 0x42, 0x18, 0x47, 0x24, 0x3D, 0x24, 0x49, 0x3C, 0x44, 0x24, 0x3B, 0x18, 0x42, 0x24
	.byte 0x49, 0x24, 0x3D, 0x3C, 0x44, 0x24, 0x42, 0x18, 0x47, 0x24, 0x3D, 0x24, 0x49, 0x3C, 0x44, 0x24
	.byte 0x3B, 0x18, 0x42, 0x24, 0x49, 0x24, 0x3D, 0x3C, 0x44, 0x24, 0x42, 0x18, 0x47, 0x24, 0x3D, 0x24
	.byte 0x49, 0x3C, 0x44, 0x24, 0x3B, 0x18, 0x42, 0x24, 0x49, 0x24, 0x3D, 0x3C, 0x44, 0x24, 0x42, 0x18
	.byte 0x47, 0x24, 0x3D, 0x24, 0x49, 0x3C, 0x44, 0x24, 0x3B, 0x18, 0x42, 0x24, 0x49, 0x24, 0x3D, 0x3C
	.byte 0x44, 0x24, 0x42, 0x18, 0x47, 0x24, 0x3D, 0x24, 0x49, 0x3C, 0x44, 0x24, 0x3B, 0x18, 0x42, 0x24
	.byte 0x49, 0x24, 0x3D, 0x3C, 0x44, 0x24, 0x42, 0x18, 0x47, 0x24, 0x3D, 0x24, 0x49, 0x3C, 0x44, 0x24
	.byte 0x3B, 0x18, 0x42, 0x00, 0xBD, 0xC0, 0x90, 0x3D, 0xF6, 0x0C, 0x24, 0x3D, 0x00, 0xBD, 0xC0, 0x90
	.byte 0x3D, 0xF6, 0x0C, 0x24, 0x3D, 0x00, 0xBD, 0xC0, 0x90, 0x3D, 0xF6, 0x0C, 0x24, 0x3D, 0x00, 0xBD
	.byte 0xC0, 0x24, 0x3D, 0x24, 0x49, 0x3C, 0x44, 0x24, 0x3B, 0x18, 0x42, 0xF8, 0x85, 0xFF, 0xFF, 0xF9
	.byte 0x8A, 0xF0, 0x07, 0xF1, 0x28, 0x30, 0x24, 0x30, 0x24, 0x30, 0x24, 0x30, 0x24, 0x30, 0x24, 0x30
	.byte 0x24, 0x30, 0x24, 0x30, 0x24, 0x0C, 0x24, 0xF6, 0x0C, 0x08, 0x40, 0xF6, 0x04, 0x08, 0x40, 0xF6
	.byte 0x04, 0x0C, 0x24, 0x08, 0x40, 0xF6, 0x04, 0x08, 0x40, 0xF6, 0x04, 0x08, 0x40, 0xF6, 0x04, 0x0C
	.byte 0x24, 0x08, 0x40, 0xF6, 0x10, 0x08, 0x40, 0xF6, 0x04, 0x0C, 0x24, 0x08, 0x40, 0xF6, 0x04, 0x08
	.byte 0x40, 0xF6, 0x04, 0x08, 0x40, 0xF6, 0x04, 0x0C, 0x24, 0xF6, 0x0C, 0x08, 0x40, 0xF6, 0x04, 0x08
	.byte 0x40, 0xF6, 0x04, 0x0C, 0x24, 0x08, 0x40, 0xF6, 0x04, 0x08, 0x40, 0xF6, 0x04, 0x08, 0x40, 0xF6
	.byte 0x04, 0x0C, 0x24, 0x08, 0x40, 0xF6, 0x04, 0x08, 0x40, 0xF6, 0x04, 0x08, 0x40, 0xF6, 0x04, 0x0C
	.byte 0x24, 0x08, 0x40, 0xF6, 0x04, 0x08, 0x40, 0xF6, 0x04, 0x08, 0x40, 0xF6, 0x04, 0x0C, 0x24, 0xF6
	.byte 0x0C, 0x08, 0x40, 0xF6, 0x04, 0x08, 0x40, 0xF6, 0x04, 0x0C, 0x24, 0x08, 0x40, 0xF6, 0x04, 0x08
	.byte 0x40, 0xF6, 0x04, 0x08, 0x40, 0xF6, 0x04, 0x0C, 0x24, 0x08, 0x40, 0xF6, 0x10, 0x08, 0x40, 0xF6
	.byte 0x04, 0x0C, 0x24, 0x08, 0x40, 0xF6, 0x04, 0x08, 0x40, 0xF6, 0x04, 0x08, 0x40, 0xF6, 0x04, 0x0C
	.byte 0x24, 0xF6, 0x0C, 0x08, 0x40, 0xF6, 0x04, 0x08, 0x40, 0xF6, 0x04, 0x0C, 0x24, 0x08, 0x40, 0xF6
	.byte 0x04, 0x08, 0x40, 0xF6, 0x04, 0x08, 0x40, 0xF6, 0x04, 0x0C, 0x24, 0x08, 0x40, 0xF6, 0x04, 0x08
	.byte 0x40, 0xF6, 0x04, 0x08, 0x40, 0xF6, 0x04, 0x0C, 0x24, 0x08, 0x40, 0xF6, 0x04, 0x08, 0x40, 0xF6
	.byte 0x04, 0x08, 0x40, 0xF6, 0x04, 0x0C, 0x24, 0xF6, 0x0C, 0x08, 0x40, 0xF6, 0x04, 0x08, 0x40, 0xF6
	.byte 0x04, 0x0C, 0x24, 0x08, 0x40, 0xF6, 0x04, 0x08, 0x40, 0xF6, 0x04, 0x08, 0x40, 0xF6, 0x04, 0x0C
	.byte 0x24, 0x08, 0x40, 0xF6, 0x10, 0x08, 0x40, 0xF6, 0x04, 0x0C, 0x24, 0x08, 0x40, 0xF6, 0x04, 0x08
	.byte 0x40, 0xF6, 0x04, 0x08, 0x40, 0xF6, 0x04, 0x0C, 0x24, 0xF6, 0x0C, 0x08, 0x40, 0xF6, 0x04, 0x08
	.byte 0x40, 0xF6, 0x04, 0x0C, 0x24, 0x08, 0x40, 0xF6, 0x04, 0x08, 0x40, 0xF6, 0x04, 0x08, 0x40, 0xF6
	.byte 0x04, 0x0C, 0x24, 0x08, 0x40, 0xF6, 0x04, 0x08, 0x40, 0xF6, 0x04, 0x08, 0x40, 0xF6, 0x04, 0x0C
	.byte 0x24, 0x08, 0x40, 0xF6, 0x04, 0x08, 0x40, 0xF6, 0x04, 0x08, 0x40, 0xF6, 0x04, 0x0C, 0x24, 0xF6
	.byte 0x0C, 0x08, 0x40, 0xF6, 0x04, 0x08, 0x40, 0xF6, 0x04, 0x0C, 0x24, 0x08, 0x40, 0xF6, 0x04, 0x08
	.byte 0x40, 0xF6, 0x04, 0x08, 0x40, 0xF6, 0x04, 0x0C, 0x24, 0x08, 0x40, 0xF6, 0x10, 0x08, 0x40, 0xF6
	.byte 0x04, 0x0C, 0x24, 0x08, 0x40, 0xF6, 0x04, 0x08, 0x40, 0xF6, 0x04, 0x08, 0x40, 0xF6, 0x04, 0x0C
	.byte 0x24, 0xF6, 0x0C, 0x08, 0x40, 0xF6, 0x04, 0x08, 0x40, 0xF6, 0x04, 0x0C, 0x24, 0x08, 0x40, 0xF6
	.byte 0x04, 0x08, 0x40, 0xF6, 0x04, 0x08, 0x40, 0xF6, 0x04, 0x0C, 0x24, 0x08, 0x40, 0xF6, 0x04, 0x08
	.byte 0x40, 0xF6, 0x04, 0x08, 0x40, 0xF6, 0x04, 0x0C, 0x24, 0x08, 0x40, 0xF6, 0x04, 0x08, 0x40, 0xF6
	.byte 0x04, 0x08, 0x40, 0xF6, 0x04, 0x0C, 0x24, 0xF6, 0x0C, 0x08, 0x40, 0xF6, 0x04, 0x08, 0x40, 0xF6
	.byte 0x04, 0x0C, 0x24, 0x08, 0x40, 0xF6, 0x04, 0x08, 0x40, 0xF6, 0x04, 0x08, 0x40, 0xF6, 0x04, 0x0C
	.byte 0x24, 0x08, 0x40, 0xF6, 0x10, 0x08, 0x40, 0xF6, 0x04, 0x0C, 0x24, 0x08, 0x40, 0xF6, 0x04, 0x08
	.byte 0x40, 0xF6, 0x04, 0x08, 0x40, 0xF6, 0x04, 0x0C, 0x24, 0xF6, 0x0C, 0x08, 0x40, 0xF6, 0x04, 0x08
	.byte 0x40, 0xF6, 0x04, 0x0C, 0x24, 0x08, 0x40, 0xF6, 0x04, 0x08, 0x40, 0xF6, 0x04, 0x08, 0x40, 0xF6
	.byte 0x04, 0x0C, 0x24, 0x08, 0x40, 0xF6, 0x04, 0x08, 0x40, 0xF6, 0x04, 0x08, 0x40, 0xF6, 0x04, 0x0C
	.byte 0x24, 0x08, 0x40, 0xF6, 0x04, 0x08, 0x40, 0xF6, 0x04, 0x08, 0x40, 0xF6, 0x04, 0x0C, 0x24, 0xF6
	.byte 0x0C, 0x08, 0x40, 0xF6, 0x04, 0x08, 0x40, 0xF6, 0x04, 0x0C, 0x24, 0x08, 0x40, 0xF6, 0x04, 0x08
	.byte 0x40, 0xF6, 0x04, 0x08, 0x40, 0xF6, 0x04, 0x0C, 0x24, 0x08, 0x40, 0xF6, 0x10, 0x08, 0x40, 0xF6
	.byte 0x04, 0x0C, 0x24, 0x08, 0x40, 0xF6, 0x04, 0x08, 0x40, 0xF6, 0x04, 0x08, 0x40, 0xF6, 0x04, 0x0C
	.byte 0x24, 0xF6, 0x0C, 0x08, 0x40, 0xF6, 0x04, 0x08, 0x40, 0xF6, 0x04, 0x0C, 0x24, 0x08, 0x40, 0xF6
	.byte 0x04, 0x08, 0x40, 0xF6, 0x04, 0x08, 0x40, 0xF6, 0x04, 0x0C, 0x24, 0x08, 0x40, 0xF6, 0x04, 0x08
	.byte 0x40, 0xF6, 0x04, 0x08, 0x40, 0xF6, 0x04, 0x0C, 0x24, 0x08, 0x40, 0xF6, 0x04, 0x08, 0x40, 0xF6
	.byte 0x04, 0x08, 0x40, 0xF6, 0x04, 0x0C, 0x24, 0xF6, 0x0C, 0x08, 0x40, 0xF6, 0x04, 0x08, 0x40, 0xF6
	.byte 0x04, 0x0C, 0x24, 0x08, 0x40, 0xF6, 0x04, 0x08, 0x40, 0xF6, 0x04, 0x08, 0x40, 0xF6, 0x04, 0x0C
	.byte 0x24, 0x08, 0x40, 0xF6, 0x10, 0x08, 0x40, 0xF6, 0x04, 0x0C, 0x24, 0x08, 0x40, 0xF6, 0x04, 0x08
	.byte 0x40, 0xF6, 0x04, 0x08, 0x40, 0xF6, 0x04, 0x0C, 0x24, 0xF6, 0x0C, 0x08, 0x40, 0xF6, 0x04, 0x08
	.byte 0x40, 0xF6, 0x04, 0x0C, 0x24, 0x08, 0x40, 0xF6, 0x04, 0x08, 0x40, 0xF6, 0x04, 0x08, 0x40, 0xF6
	.byte 0x04, 0x0C, 0x24, 0x08, 0x40, 0xF6, 0x04, 0x08, 0x40, 0xF6, 0x04, 0x08, 0x40, 0xF6, 0x04, 0x0C
	.byte 0x24, 0x08, 0x40, 0xF6, 0x04, 0x08, 0x40, 0xF6, 0x04, 0x08, 0x40, 0xF6, 0x04, 0x0C, 0x24, 0xF6
	.byte 0x0C, 0x08, 0x40, 0xF6, 0x04, 0x08, 0x40, 0xF6, 0x04, 0x0C, 0x24, 0x08, 0x40, 0xF6, 0x04, 0x08
	.byte 0x40, 0xF6, 0x04, 0x08, 0x40, 0xF6, 0x04, 0x0C, 0x24, 0x08, 0x40, 0xF6, 0x10, 0x08, 0x40, 0xF6
	.byte 0x04, 0x0C, 0x24, 0x08, 0x40, 0xF6, 0x04, 0x08, 0x40, 0xF6, 0x04, 0x08, 0x40, 0xF6, 0x04, 0x0C
	.byte 0x24, 0xF6, 0x0C, 0x08, 0x40, 0xF6, 0x04, 0x08, 0x40, 0xF6, 0x04, 0x0C, 0x24, 0x08, 0x40, 0xF6
	.byte 0x04, 0x08, 0x40, 0xF6, 0x04, 0x08, 0x40, 0xF6, 0x04, 0x0C, 0x24, 0x08, 0x40, 0xF6, 0x04, 0x08
	.byte 0x40, 0xF6, 0x04, 0x08, 0x40, 0xF6, 0x04, 0x0C, 0x24, 0x08, 0x40, 0xF6, 0x04, 0x08, 0x40, 0xF6
	.byte 0x04, 0x08, 0x40, 0xF6, 0x04, 0x0C, 0x24, 0xF6, 0x0C, 0x08, 0x40, 0xF6, 0x04, 0x08, 0x40, 0xF6
	.byte 0x04, 0x0C, 0x24, 0x08, 0x40, 0xF6, 0x04, 0x08, 0x40, 0xF6, 0x04, 0x08, 0x40, 0xF6, 0x04, 0x0C
	.byte 0x24, 0x08, 0x40, 0xF6, 0x10, 0x08, 0x40, 0xF6, 0x04, 0x0C, 0x24, 0x08, 0x40, 0xF6, 0x04, 0x08
	.byte 0x40, 0xF6, 0x04, 0x08, 0x40, 0xF6, 0x04, 0x0C, 0x24, 0xF6, 0x0C, 0x08, 0x40, 0xF6, 0x04, 0x08
	.byte 0x40, 0xF6, 0x04, 0x0C, 0x24, 0x08, 0x40, 0xF6, 0x04, 0x08, 0x40, 0xF6, 0x04, 0x08, 0x40, 0xF6
	.byte 0x04, 0x0C, 0x24, 0x08, 0x40, 0xF6, 0x04, 0x08, 0x40, 0xF6, 0x04, 0x08, 0x40, 0xF6, 0x04, 0x0C
	.byte 0x24, 0x08, 0x40, 0xF6, 0x04, 0x08, 0x40, 0xF6, 0x04, 0x08, 0x40, 0xF6, 0x04, 0x0C, 0x24, 0xF6
	.byte 0x0C, 0x08, 0x40, 0xF6, 0x04, 0x08, 0x40, 0xF6, 0x04, 0x0C, 0x24, 0x08, 0x40, 0xF6, 0x04, 0x08
	.byte 0x40, 0xF6, 0x04, 0x08, 0x40, 0xF6, 0x04, 0x0C, 0x24, 0x08, 0x40, 0xF6, 0x10, 0x08, 0x40, 0xF6
	.byte 0x04, 0x0C, 0x24, 0x08, 0x40, 0xF6, 0x04, 0x08, 0x40, 0xF6, 0x04, 0x08, 0x40, 0xF6, 0x04, 0x0C
	.byte 0x24, 0xF6, 0x0C, 0x08, 0x40, 0xF6, 0x04, 0x08, 0x40, 0xF6, 0x04, 0x0C, 0x24, 0x08, 0x40, 0xF6
	.byte 0x04, 0x08, 0x40, 0xF6, 0x04, 0x08, 0x40, 0xF6, 0x04, 0x0C, 0x24, 0x08, 0x40, 0xF6, 0x04, 0x08
	.byte 0x40, 0xF6, 0x04, 0x08, 0x40, 0xF6, 0x04, 0x0C, 0x24, 0x08, 0x40, 0xF6, 0x04, 0x08, 0x40, 0xF6
	.byte 0x04, 0x08, 0x40, 0xF6, 0x04, 0x0C, 0x24, 0xF6, 0x0C, 0x08, 0x40, 0xF6, 0x04, 0x08, 0x40, 0xF6
	.byte 0x04, 0x0C, 0x24, 0x08, 0x40, 0xF6, 0x04, 0x08, 0x40, 0xF6, 0x04, 0x08, 0x40, 0xF6, 0x04, 0x0C
	.byte 0x24, 0x08, 0x40, 0xF6, 0x10, 0x08, 0x40, 0xF6, 0x04, 0x0C, 0x24, 0x08, 0x40, 0xF6, 0x04, 0x08
	.byte 0x40, 0xF6, 0x04, 0x08, 0x40, 0xF6, 0x04, 0x0C, 0x24, 0xF6, 0x0C, 0x08, 0x40, 0xF6, 0x04, 0x08
	.byte 0x40, 0xF6, 0x04, 0x0C, 0x24, 0x08, 0x40, 0xF6, 0x04, 0x08, 0x40, 0xF6, 0x04, 0x08, 0x40, 0xF6
	.byte 0x04, 0x0C, 0x24, 0x08, 0x40, 0xF6, 0x04, 0x08, 0x40, 0xF6, 0x04, 0x08, 0x40, 0xF6, 0x04, 0x0C
	.byte 0x24, 0x08, 0x40, 0xF6, 0x04, 0x08, 0x40, 0xF6, 0x04, 0x08, 0x40, 0xF6, 0x04, 0xF8, 0xBD, 0xFC
	.byte 0xFF, 0xF9, 0x8A, 0xF0, 0x07, 0xF2, 0x50, 0xF1, 0x50, 0x09, 0x40, 0xF6, 0x10, 0x08, 0x40, 0xF6
	.byte 0x04, 0x08, 0x40, 0xF6, 0x04, 0x08, 0x40, 0xF6, 0x04, 0x08, 0x40, 0xF6, 0x04, 0x08, 0x40, 0xF6
	.byte 0x04, 0x08, 0x40, 0xF6, 0x04, 0x08, 0x40, 0xF6, 0x04, 0x08, 0x40, 0xF6, 0x10, 0x08, 0x40, 0xF6
	.byte 0x10, 0x08, 0x40, 0xF6, 0x04, 0x08, 0x40, 0xF6, 0x04, 0x08, 0x40, 0xF6, 0x04, 0x08, 0x40, 0xF6
	.byte 0x10, 0x08, 0x40, 0xF6, 0x04, 0x08, 0x40, 0xF6, 0x04, 0x08, 0x40, 0xF6, 0x04, 0x08, 0x40, 0xF6
	.byte 0x04, 0x08, 0x40, 0xF6, 0x04, 0x08, 0x40, 0xF6, 0x04, 0x08, 0x40, 0xF6, 0x04, 0x08, 0x40, 0xF6
	.byte 0x04, 0x08, 0x40, 0xF6, 0x04, 0x08, 0x40, 0xF6, 0x10, 0x08, 0x40, 0xF6, 0x04, 0x08, 0x40, 0xF6
	.byte 0x04, 0x08, 0x40, 0xF6, 0x04, 0xF1, 0x5A, 0x18, 0x3C, 0x0C, 0x35, 0x18, 0x3C, 0x18, 0x3B, 0x18
	.byte 0x3C, 0x0C, 0x3C, 0x0C, 0x35, 0x18, 0x3C, 0x0C, 0x3B, 0x18, 0x3C, 0x18, 0x3C, 0x0C, 0x35, 0x18
	.byte 0x3C, 0x18, 0x3B, 0x18, 0x3C, 0x0C, 0x3C, 0x0C, 0x35, 0x18, 0x3C, 0x06, 0x30, 0xF6, 0x06, 0x18
	.byte 0x40, 0x18, 0x3C, 0x0C, 0x35, 0x18, 0x3C, 0x18, 0x3B, 0x18, 0x3C, 0x0C, 0x3C, 0x0C, 0x35, 0x18
	.byte 0x3C, 0x0C, 0x3B, 0x18, 0x3C, 0x18, 0x3C, 0x0C, 0x35, 0x18, 0x3C, 0x18, 0x3B, 0x18, 0x3C, 0x0C
	.byte 0x3C, 0x0C, 0x35, 0x18, 0x3C, 0x18, 0x3B, 0x0C, 0x3C, 0x18, 0x3C, 0x0C, 0x35, 0x18, 0x3C, 0x18
	.byte 0x3B, 0x18, 0x3C, 0x0C, 0x3C, 0x0C, 0x35, 0x18, 0x3C, 0x0C, 0x3B, 0x18, 0x3C, 0x18, 0x3C, 0x0C
	.byte 0x35, 0x18, 0x3C, 0x18, 0x3B, 0x18, 0x3C, 0x0C, 0x3C, 0x0C, 0x35, 0x18, 0x3C, 0x06, 0x30, 0xF6
	.byte 0x06, 0x17, 0x40, 0x19, 0x3C, 0x0C, 0x35, 0x18, 0x3C, 0x18, 0x3B, 0x18, 0x3C, 0x0C, 0x3C, 0x0C
	.byte 0x35, 0x18, 0x3C, 0x0C, 0x3B, 0x18, 0x3C, 0x18, 0x3C, 0x0C, 0x35, 0x18, 0x3C, 0x18, 0x3B, 0x18
	.byte 0x3C, 0x0C, 0x3C, 0x0C, 0x35, 0x18, 0x3C, 0x18, 0x3B, 0x0C, 0x3C, 0x18, 0x3C, 0x0C, 0x35, 0x18
	.byte 0x3C, 0x18, 0x3B, 0x18, 0x3C, 0x0C, 0x3C, 0x0C, 0x35, 0x18, 0x3C, 0x0C, 0x3B, 0x18, 0x3C, 0x18
	.byte 0x3C, 0x0C, 0x35, 0x18, 0x3C, 0x18, 0x3B, 0x18, 0x3C, 0x0C, 0x3C, 0x0C, 0x35, 0x18, 0x3C, 0x06
	.byte 0x30, 0xF6, 0x06, 0x18, 0x40, 0x18, 0x3C, 0x0C, 0x35, 0x18, 0x3C, 0x18, 0x3B, 0x18, 0x3C, 0x0C
	.byte 0x3C, 0x0C, 0x35, 0x18, 0x3C, 0x0C, 0x3B, 0x18, 0x3C, 0x18, 0x3C, 0x0C, 0x35, 0x18, 0x3C, 0x18
	.byte 0x3B, 0x18, 0x3C, 0x0C, 0x3C, 0x0C, 0x35, 0x18, 0x3C, 0x18, 0x3B, 0x0C, 0x3C, 0x18, 0x3C, 0x0C
	.byte 0x35, 0x18, 0x3C, 0x18, 0x3B, 0x18, 0x3C, 0x0C, 0x3C, 0x0C, 0x35, 0x18, 0x3C, 0x0C, 0x3B, 0x18
	.byte 0x3C, 0x18, 0x3C, 0x0C, 0x35, 0x18, 0x3C, 0x18, 0x3B, 0x18, 0x3C, 0x0C, 0x3C, 0x0C, 0x35, 0x18
	.byte 0x3C, 0x06, 0x30, 0xF6, 0x06, 0x18, 0x40, 0x18, 0x3C, 0x0C, 0x35, 0x18, 0x3C, 0x18, 0x3B, 0x18
	.byte 0x3C, 0x0C, 0x3C, 0x0C, 0x35, 0x18, 0x3C, 0x0C, 0x3B, 0x18, 0x3C, 0x18, 0x3C, 0x0C, 0x35, 0x18
	.byte 0x3C, 0x18, 0x3B, 0x18, 0x3C, 0x0C, 0x3C, 0x0C, 0x35, 0x18, 0x3C, 0x18, 0x3B, 0x0C, 0x3C, 0x18
	.byte 0x3C, 0x0C, 0x35, 0x18, 0x3C, 0x18, 0x3B, 0x18, 0x3C, 0x0C, 0x3C, 0x0C, 0x35, 0x18, 0x3C, 0x0C
	.byte 0x3B, 0x18, 0x3C, 0x18, 0x3C, 0x0C, 0x35, 0x18, 0x3C, 0x18, 0x3B, 0x18, 0x3C, 0x0C, 0x3C, 0x0C
	.byte 0x35, 0x18, 0x3C, 0x06, 0x30, 0xF6, 0x06, 0x18, 0x40, 0x18, 0x3C, 0x0C, 0x35, 0x18, 0x3C, 0x18
	.byte 0x3B, 0x18, 0x3C, 0x0C, 0x3C, 0x0C, 0x35, 0x18, 0x3C, 0x0C, 0x3B, 0x18, 0x3C, 0x18, 0x3C, 0x0C
	.byte 0x35, 0x18, 0x3C, 0x18, 0x3B, 0x18, 0x3C, 0x0C, 0x3C, 0x0C, 0x35, 0x18, 0x3C, 0x18, 0x3B, 0x0C
	.byte 0x3C, 0x18, 0x3C, 0x0C, 0x35, 0x18, 0x3C, 0x18, 0x3B, 0x18, 0x3C, 0x0C, 0x3C, 0x0C, 0x35, 0x18
	.byte 0x3C, 0x0C, 0x3B, 0x18, 0x3C, 0x18, 0x3C, 0x0C, 0x35, 0x18, 0x3C, 0x18, 0x3B, 0x18, 0x3C, 0x0C
	.byte 0x3C, 0x0C, 0x35, 0x18, 0x3C, 0x06, 0x30, 0xF6, 0x06, 0x17, 0x40, 0xF8, 0xB5, 0xFE, 0xFF, 0x00
	.byte 0xFC, 0x03, 0x12, 0x00, 0xC3, 0x01, 0xE2, 0x03, 0x91, 0x08, 0x0A, 0x0A, 0xE3, 0x0A, 0x93, 0x05
	.byte 0x12, 0x07, 0xF9, 0x69, 0xF6, 0x01, 0xF0, 0x01, 0xF1, 0x50, 0x0C, 0x43, 0xF1, 0x28, 0x0C, 0x43
	.byte 0xF1, 0x50, 0x0C, 0x43, 0xF1, 0x28, 0x0C, 0x43, 0xF1, 0x50, 0x0C, 0x43, 0xF1, 0x28, 0x0C, 0x43
	.byte 0xF1, 0x50, 0x0C, 0x43, 0xF1, 0x28, 0x0C, 0x43, 0xF1, 0x50, 0x0C, 0x43, 0xF1, 0x28, 0x0C, 0x43
	.byte 0xF1, 0x50, 0xF6, 0x18, 0x0C, 0x43, 0xF1, 0x28, 0x0C, 0x43, 0xF6, 0x0C, 0xF0, 0x6D, 0xF1, 0xB4
	.byte 0xF6, 0x0C, 0x0C, 0x4C, 0xF1, 0x50, 0x0C, 0x4C, 0xF1, 0xB4, 0xF6, 0x18, 0x0C, 0x48, 0xF1, 0x50
	.byte 0x0C, 0x48, 0xF1, 0xB4, 0xF6, 0x10, 0x08, 0x43, 0x0C, 0x45, 0xF1, 0x50, 0x04, 0x45, 0xF1, 0xB4
	.byte 0x0C, 0x48, 0xF1, 0x50, 0x0C, 0x48, 0xF1, 0xB4, 0x0C, 0x48, 0xF1, 0x50, 0x0C, 0x48, 0xF1, 0xB4
	.byte 0xF6, 0x18, 0x08, 0x45, 0x0C, 0x43, 0xF1, 0x50, 0x0C, 0x43, 0xF1, 0xB4, 0x0C, 0x48, 0xF1, 0x50
	.byte 0x0C, 0x48, 0xF1, 0xB4, 0x0C, 0x48, 0xF1, 0x50, 0x0C, 0x48, 0xF1, 0xB4, 0x0C, 0x4F, 0xF1, 0x50
	.byte 0x0C, 0x4F, 0xF1, 0xB4, 0x0C, 0x4C, 0xF1, 0x50, 0x0C, 0x4C, 0xF1, 0xB4, 0xF6, 0x10, 0x18, 0x4A
	.byte 0xF1, 0x50, 0x0C, 0x4A, 0xF1, 0xB4, 0xF6, 0x14, 0x0C, 0x4C, 0xF1, 0x50, 0x0C, 0x4C, 0xF1, 0xB4
	.byte 0xF6, 0x18, 0x0C, 0x48, 0xF1, 0x50, 0x0C, 0x48, 0xF1, 0xB4, 0xF6, 0x10, 0x08, 0x43, 0x0C, 0x45
	.byte 0xF1, 0x50, 0x04, 0x45, 0xF1, 0xB4, 0x0C, 0x48, 0xF1, 0x50, 0x0C, 0x48, 0xF1, 0xB4, 0x0C, 0x48
	.byte 0xF1, 0x50, 0x0C, 0x48, 0xF1, 0xB4, 0xF6, 0x18, 0x08, 0x45, 0x0C, 0x43, 0xF1, 0x50, 0x0C, 0x43
	.byte 0xF1, 0xB4, 0x0C, 0x48, 0xF1, 0x50, 0x0C, 0x48, 0xF1, 0xB4, 0x10, 0x4D, 0x08, 0x4C, 0x10, 0x4A
	.byte 0x18, 0x48, 0xF1, 0x50, 0x0C, 0x48, 0xF1, 0xB4, 0xF6, 0x44, 0x0C, 0x4C, 0xF1, 0x50, 0x0C, 0x4C
	.byte 0xF1, 0xB4, 0xF6, 0x18, 0x0C, 0x48, 0xF1, 0x50, 0x0C, 0x48, 0xF1, 0xB4, 0xF6, 0x10, 0x08, 0x43
	.byte 0x0C, 0x45, 0xF1, 0x50, 0x04, 0x45, 0xF1, 0xB4, 0x0C, 0x48, 0xF1, 0x50, 0x0C, 0x48, 0xF1, 0xB4
	.byte 0x0C, 0x48, 0xF1, 0x50, 0x0C, 0x48, 0xF1, 0xB4, 0xF6, 0x18, 0x08, 0x45, 0x0C, 0x43, 0xF1, 0x50
	.byte 0x0C, 0x43, 0xF1, 0xB4, 0x0C, 0x48, 0xF1, 0x50, 0x0C, 0x48, 0xF1, 0xB4, 0x0C, 0x48, 0xF1, 0x50
	.byte 0x0C, 0x48, 0xF1, 0xB4, 0x0C, 0x4F, 0xF1, 0x50, 0x0C, 0x4F, 0xF1, 0xB4, 0x0C, 0x4C, 0xF1, 0x50
	.byte 0x0C, 0x4C, 0xF1, 0xB4, 0xF6, 0x10, 0x18, 0x4A, 0xF1, 0x50, 0x0C, 0x4A, 0xF1, 0xB4, 0xF6, 0x14
	.byte 0x0C, 0x4C, 0xF1, 0x50, 0x0C, 0x4C, 0xF1, 0xB4, 0xF6, 0x18, 0x0C, 0x48, 0xF1, 0x50, 0x0C, 0x48
	.byte 0xF1, 0xB4, 0xF6, 0x10, 0x08, 0x43, 0x0C, 0x45, 0xF1, 0x50, 0x04, 0x45, 0xF1, 0xB4, 0x0C, 0x48
	.byte 0xF1, 0x50, 0x0C, 0x48, 0xF1, 0xB4, 0x0C, 0x48, 0xF1, 0x50, 0x0C, 0x48, 0xF1, 0xB4, 0xF6, 0x18
	.byte 0x08, 0x45, 0x0C, 0x43, 0xF1, 0x50, 0x0C, 0x43, 0xF1, 0xB4, 0x0C, 0x48, 0xF1, 0x50, 0x0C, 0x48
	.byte 0xF1, 0xB4, 0x10, 0x4D, 0x08, 0x4C, 0x10, 0x4A, 0x18, 0x48, 0xF1, 0x50, 0x0C, 0x48, 0xF6, 0x43
	.byte 0xF8, 0x4F, 0xFE, 0xF9, 0x69, 0xF0, 0x03, 0xF1, 0xDC, 0x0C, 0x37, 0xF1, 0x3C, 0x0C, 0x37, 0xF1
	.byte 0xDC, 0x0C, 0x37, 0xF1, 0x3C, 0x0C, 0x37, 0xF1, 0xDC, 0x0C, 0x37, 0xF1, 0x3C, 0x0C, 0x37, 0xF1
	.byte 0xDC, 0x0C, 0x37, 0xF1, 0x3C, 0x0C, 0x37, 0xF1, 0xDC, 0x0C, 0x37, 0xF1, 0x3C, 0x0C, 0x37, 0xF1
	.byte 0xDC, 0xF6, 0x18, 0x0C, 0x2B, 0xF1, 0x3C, 0x0C, 0x2B, 0xF1, 0xDC, 0xF6, 0x18, 0x0C, 0x30, 0xF1
	.byte 0x3C, 0x0C, 0x30, 0xF1, 0xDC, 0x0C, 0x3C, 0xF1, 0x3C, 0x0C, 0x30, 0xF1, 0xDC, 0x0C, 0x34, 0xF1
	.byte 0x3C, 0x0C, 0x34, 0xF1, 0xDC, 0x0C, 0x40, 0xF1, 0x3C, 0x0C, 0x40, 0xF1, 0xDC, 0x0C, 0x35, 0xF1
	.byte 0x3C, 0x0C, 0x35, 0xF1, 0xDC, 0x0C, 0x41, 0xF1, 0x3C, 0x0C, 0x41, 0xF1, 0xDC, 0x0C, 0x35, 0xF1
	.byte 0x3C, 0x0C, 0x35, 0xF1, 0xDC, 0x0C, 0x41, 0xF1, 0x3C, 0x0C, 0x41, 0xF1, 0xDC, 0x0C, 0x34, 0xF1
	.byte 0x3C, 0x0C, 0x34, 0xF1, 0xDC, 0x0C, 0x40, 0xF1, 0x3C, 0x0C, 0x40, 0xF1, 0xDC, 0x0C, 0x33, 0xF1
	.byte 0x3C, 0x0C, 0x33, 0xF1, 0xDC, 0x0C, 0x3F, 0xF1, 0x3C, 0x0C, 0x3F, 0xF1, 0xDC, 0x0C, 0x32, 0xF1
	.byte 0x3C, 0x0C, 0x32, 0xF1, 0xDC, 0x0C, 0x3E, 0xF1, 0x3C, 0x0C, 0x3E, 0xF1, 0xDC, 0x0C, 0x37, 0xF1
	.byte 0x3C, 0x0C, 0x37, 0xF1, 0xDC, 0x0C, 0x43, 0xF1, 0x3C, 0x0C, 0x43, 0xF1, 0xDC, 0x0C, 0x30, 0xF1
	.byte 0x3C, 0x0C, 0x30, 0xF1, 0xDC, 0x0C, 0x3C, 0xF1, 0x3C, 0x0C, 0x3C, 0xF1, 0xDC, 0x0C, 0x34, 0xF1
	.byte 0x3C, 0x0C, 0x34, 0xF1, 0xDC, 0x0C, 0x40, 0xF1, 0x3C, 0x0C, 0x40, 0xF1, 0xDC, 0x0C, 0x35, 0xF1
	.byte 0x3C, 0x0C, 0x35, 0xF1, 0xDC, 0x0C, 0x41, 0xF1, 0x3C, 0x0C, 0x41, 0xF1, 0xDC, 0x0C, 0x36, 0xF1
	.byte 0x3C, 0x0C, 0x36, 0xF1, 0xDC, 0x0C, 0x42, 0xF1, 0x3C, 0x0C, 0x42, 0xF1, 0xDC, 0x0C, 0x43, 0xF1
	.byte 0x3C, 0x0C, 0x43, 0xF1, 0xDC, 0xF6, 0x18, 0x0C, 0x37, 0xF1, 0x3C, 0x0C, 0x37, 0xF1, 0xDC, 0xF6
	.byte 0x10, 0x08, 0x3C, 0xF1, 0x3C, 0x08, 0x3C, 0xF1, 0xDC, 0xF6, 0x08, 0x08, 0x3C, 0x0C, 0x37, 0xF1
	.byte 0x3C, 0x0C, 0x37, 0xF1, 0xDC, 0x0C, 0x30, 0xF1, 0x3C, 0x0C, 0x30, 0xF1, 0xDC, 0xF6, 0x18, 0x0C
	.byte 0x30, 0xF1, 0x3C, 0x0C, 0x30, 0xF1, 0xDC, 0x0C, 0x3C, 0xF1, 0x3C, 0x0C, 0x30, 0xF1, 0xDC, 0x0C
	.byte 0x34, 0xF1, 0x3C, 0x0C, 0x34, 0xF1, 0xDC, 0x0C, 0x40, 0xF1, 0x3C, 0x0C, 0x40, 0xF1, 0xDC, 0x0C
	.byte 0x35, 0xF1, 0x3C, 0x0C, 0x35, 0xF1, 0xDC, 0x0C, 0x41, 0xF1, 0x3C, 0x0C, 0x41, 0xF1, 0xDC, 0x0C
	.byte 0x35, 0xF1, 0x3C, 0x0C, 0x35, 0xF1, 0xDC, 0x0C, 0x41, 0xF1, 0x3C, 0x0C, 0x41, 0xF1, 0xDC, 0x0C
	.byte 0x34, 0xF1, 0x3C, 0x0C, 0x34, 0xF1, 0xDC, 0x0C, 0x40, 0xF1, 0x3C, 0x0C, 0x40, 0xF1, 0xDC, 0x0C
	.byte 0x33, 0xF1, 0x3C, 0x0C, 0x33, 0xF1, 0xDC, 0x0C, 0x3F, 0xF1, 0x3C, 0x0C, 0x3F, 0xF1, 0xDC, 0x0C
	.byte 0x32, 0xF1, 0x3C, 0x0C, 0x32, 0xF1, 0xDC, 0x0C, 0x3E, 0xF1, 0x3C, 0x0C, 0x3E, 0xF1, 0xDC, 0x0C
	.byte 0x37, 0xF1, 0x3C, 0x0C, 0x37, 0xF1, 0xDC, 0x0C, 0x43, 0xF1, 0x3C, 0x0C, 0x43, 0xF1, 0xDC, 0x0C
	.byte 0x30, 0xF1, 0x3C, 0x0C, 0x30, 0xF1, 0xDC, 0x0C, 0x3C, 0xF1, 0x3C, 0x0C, 0x3C, 0xF1, 0xDC, 0x0C
	.byte 0x34, 0xF1, 0x3C, 0x0C, 0x34, 0xF1, 0xDC, 0x0C, 0x40, 0xF1, 0x3C, 0x0C, 0x40, 0xF1, 0xDC, 0x0C
	.byte 0x35, 0xF1, 0x3C, 0x0C, 0x35, 0xF1, 0xDC, 0x0C, 0x41, 0xF1, 0x3C, 0x0C, 0x41, 0xF1, 0xDC, 0x0C
	.byte 0x36, 0xF1, 0x3C, 0x0C, 0x36, 0xF1, 0xDC, 0x0C, 0x42, 0xF1, 0x3C, 0x0C, 0x42, 0xF1, 0xDC, 0x0C
	.byte 0x43, 0xF1, 0x3C, 0x0C, 0x43, 0xF1, 0xDC, 0xF6, 0x18, 0x0C, 0x37, 0xF1, 0x3C, 0x0C, 0x37, 0xF1
	.byte 0xDC, 0xF6, 0x10, 0x08, 0x3C, 0xF1, 0x3C, 0x08, 0x3C, 0xF1, 0xDC, 0xF6, 0x08, 0x08, 0x3C, 0x0C
	.byte 0x37, 0xF1, 0x3C, 0x0C, 0x37, 0xF1, 0xDC, 0x0C, 0x30, 0xF1, 0x3C, 0x0C, 0x30, 0xF6, 0x18, 0xF8
	.byte 0xE1, 0xFD, 0xF9, 0x69, 0xF2, 0xBC, 0xF0, 0x01, 0xF1, 0x50, 0x0C, 0x41, 0xF1, 0x28, 0x0C, 0x41
	.byte 0xF1, 0x50, 0x0C, 0x41, 0xF1, 0x28, 0x0C, 0x41, 0xF1, 0x50, 0x0C, 0x41, 0xF1, 0x28, 0x0C, 0x41
	.byte 0xF1, 0x50, 0x0C, 0x41, 0xF1, 0x28, 0x0C, 0x41, 0xF1, 0x50, 0x0C, 0x41, 0xF1, 0x28, 0x0C, 0x41
	.byte 0xF1, 0x50, 0xF6, 0x18, 0x0C, 0x41, 0xF1, 0x28, 0x0C, 0x41, 0xF6, 0x0C, 0xF0, 0x6D, 0xF1, 0xB4
	.byte 0xF6, 0x0C, 0x0C, 0x43, 0xF1, 0x50, 0x0C, 0x43, 0xF1, 0xB4, 0xF6, 0x18, 0x0C, 0x40, 0xF1, 0x50
	.byte 0x0C, 0x40, 0xF1, 0xB4, 0xF6, 0x10, 0x08, 0x3C, 0x0C, 0x41, 0xF1, 0x50, 0x04, 0x41, 0xF1, 0xB4
	.byte 0x0C, 0x45, 0xF1, 0x50, 0x0C, 0x45, 0xF1, 0xB4, 0x0C, 0x45, 0xF1, 0x50, 0x0C, 0x45, 0xF1, 0xB4
	.byte 0xF6, 0x18, 0x08, 0x41, 0x0C, 0x40, 0xF1, 0x50, 0x0C, 0x40, 0xF1, 0xB4, 0x0C, 0x43, 0xF1, 0x50
	.byte 0x0C, 0x43, 0xF1, 0xB4, 0x0C, 0x43, 0xF1, 0x50, 0x0C, 0x43, 0xF1, 0xB4, 0x0C, 0x48, 0xF1, 0x50
	.byte 0x0C, 0x48, 0xF1, 0xB4, 0x0C, 0x42, 0xF1, 0x50, 0x0C, 0x42, 0xF1, 0xB4, 0xF6, 0x10, 0x18, 0x41
	.byte 0xF1, 0x50, 0x0C, 0x41, 0xF1, 0xB4, 0xF6, 0x14, 0x0C, 0x43, 0xF1, 0x50, 0x0C, 0x43, 0xF1, 0xB4
	.byte 0xF6, 0x18, 0x0C, 0x40, 0xF1, 0x50, 0x0C, 0x40, 0xF1, 0xB4, 0xF6, 0x10, 0x08, 0x3C, 0x0C, 0x41
	.byte 0xF1, 0x50, 0x04, 0x41, 0xF1, 0xB4, 0x0C, 0x45, 0xF1, 0x50, 0x0C, 0x45, 0xF1, 0xB4, 0x0C, 0x45
	.byte 0xF1, 0x50, 0x0C, 0x45, 0xF1, 0xB4, 0xF6, 0x18, 0x08, 0x42, 0x0C, 0x40, 0xF1, 0x50, 0x0C, 0x40
	.byte 0xF1, 0xB4, 0x0C, 0x43, 0xF1, 0x50, 0x0C, 0x43, 0xF1, 0xB4, 0x10, 0x45, 0x08, 0x43, 0x10, 0x41
	.byte 0x18, 0x40, 0xF1, 0x50, 0x0C, 0x40, 0xF1, 0xB4, 0xF6, 0x44, 0x0C, 0x43, 0xF1, 0x50, 0x0C, 0x43
	.byte 0xF1, 0xB4, 0xF6, 0x18, 0x0C, 0x40, 0xF1, 0x50, 0x0C, 0x40, 0xF1, 0xB4, 0xF6, 0x10, 0x08, 0x3C
	.byte 0x0C, 0x41, 0xF1, 0x50, 0x04, 0x41, 0xF1, 0xB4, 0x0C, 0x45, 0xF1, 0x50, 0x0C, 0x45, 0xF1, 0xB4
	.byte 0x0C, 0x45, 0xF1, 0x50, 0x0C, 0x45, 0xF1, 0xB4, 0xF6, 0x18, 0x08, 0x41, 0x0C, 0x40, 0xF1, 0x50
	.byte 0x0C, 0x40, 0xF1, 0xB4, 0x0C, 0x43, 0xF1, 0x50, 0x0C, 0x43, 0xF1, 0xB4, 0x0C, 0x43, 0xF1, 0x50
	.byte 0x0C, 0x43, 0xF1, 0xB4, 0x0C, 0x48, 0xF1, 0x50, 0x0C, 0x48, 0xF1, 0xB4, 0x0C, 0x42, 0xF1, 0x50
	.byte 0x0C, 0x42, 0xF1, 0xB4, 0xF6, 0x10, 0x18, 0x41, 0xF1, 0x50, 0x0C, 0x41, 0xF1, 0xB4, 0xF6, 0x14
	.byte 0x0C, 0x43, 0xF1, 0x50, 0x0C, 0x43, 0xF1, 0xB4, 0xF6, 0x18, 0x0C, 0x40, 0xF1, 0x50, 0x0C, 0x40
	.byte 0xF1, 0xB4, 0xF6, 0x10, 0x08, 0x3C, 0x0C, 0x41, 0xF1, 0x50, 0x04, 0x41, 0xF1, 0xB4, 0x0C, 0x45
	.byte 0xF1, 0x50, 0x0C, 0x45, 0xF1, 0xB4, 0x0C, 0x45, 0xF1, 0x50, 0x0C, 0x45, 0xF1, 0xB4, 0xF6, 0x18
	.byte 0x08, 0x42, 0x0C, 0x40, 0xF1, 0x50, 0x0C, 0x40, 0xF1, 0xB4, 0x0C, 0x43, 0xF1, 0x50, 0x0C, 0x43
	.byte 0xF1, 0xB4, 0x10, 0x45, 0x08, 0x43, 0x10, 0x41, 0x18, 0x40, 0xF1, 0x50, 0x0C, 0x40, 0xF6, 0x44
	.byte 0xF8, 0x4F, 0xFE, 0xF9, 0x69, 0xF6, 0x01, 0xF2, 0xB4, 0xF0, 0xC2, 0xF1, 0x3C, 0x0C, 0x3B, 0xF1
	.byte 0x14, 0x0C, 0x3B, 0xF1, 0x3C, 0x0C, 0x3B, 0xF1, 0x14, 0x0C, 0x3B, 0xF1, 0x3C, 0x0C, 0x3B, 0xF1
	.byte 0x14, 0x0C, 0x3B, 0xF1, 0x3C, 0x0C, 0x3B, 0xF1, 0x14, 0x0C, 0x3B, 0xF1, 0x3C, 0x0C, 0x3B, 0xF1
	.byte 0x14, 0x0C, 0x3B, 0xF1, 0x3C, 0xF6, 0x18, 0x0C, 0x3B, 0xF1, 0x14, 0x0C, 0x3B, 0xF1, 0x3C, 0xF6
	.byte 0x18, 0xF6, 0x18, 0x0C, 0x37, 0xF1, 0x14, 0x0C, 0x37, 0xF1, 0x3C, 0xF6, 0x18, 0x0C, 0x37, 0xF1
	.byte 0x14, 0x0C, 0x37, 0xF1, 0x3C, 0xF6, 0x18, 0x0C, 0x39, 0xF1, 0x14, 0x0C, 0x39, 0xF1, 0x3C, 0xF6
	.byte 0x18, 0x0C, 0x39, 0xF1, 0x14, 0x0C, 0x39, 0xF1, 0x3C, 0xF6, 0x18, 0x0C, 0x37, 0xF1, 0x14, 0x0C
	.byte 0x37, 0xF1, 0x3C, 0xF6, 0x18, 0x0C, 0x37, 0xF1, 0x14, 0x0C, 0x37, 0xF1, 0x3C, 0xF6, 0x18, 0x0C
	.byte 0x39, 0xF1, 0x14, 0x0C, 0x39, 0xF1, 0x3C, 0xF6, 0x18, 0x0C, 0x3B, 0xF1, 0x14, 0x0C, 0x3B, 0xF1
	.byte 0x3C, 0xF6, 0x18, 0x0C, 0x37, 0xF1, 0x14, 0x0C, 0x37, 0xF1, 0x3C, 0xF6, 0x18, 0x0C, 0x37, 0xF1
	.byte 0x14, 0x0C, 0x37, 0xF1, 0x3C, 0xF6, 0x18, 0x0C, 0x39, 0xF1, 0x14, 0x0C, 0x39, 0xF1, 0x3C, 0xF6
	.byte 0x18, 0x0C, 0x39, 0xF1, 0x14, 0x0C, 0x39, 0xF1, 0x3C, 0x0C, 0x3C, 0xF1, 0x14, 0x0C, 0x3C, 0xF1
	.byte 0x3C, 0xF6, 0x18, 0x0C, 0x3B, 0xF1, 0x14, 0x0C, 0x3B, 0xF1, 0x3C, 0xF6, 0x10, 0x0C, 0x37, 0xF1
	.byte 0x14, 0x0C, 0x3B, 0xF1, 0x3C, 0xF6, 0x20, 0x0C, 0x37, 0xF1, 0x14, 0x0C, 0x3B, 0xF1, 0x3C, 0xF6
	.byte 0x18, 0xF6, 0x18, 0x0C, 0x37, 0xF1, 0x14, 0x0C, 0x37, 0xF1, 0x3C, 0xF6, 0x18, 0x0C, 0x37, 0xF1
	.byte 0x14, 0x0C, 0x37, 0xF1, 0x3C, 0xF6, 0x18, 0x0C, 0x39, 0xF1, 0x14, 0x0C, 0x39, 0xF1, 0x3C, 0xF6
	.byte 0x18, 0x0C, 0x39, 0xF1, 0x14, 0x0C, 0x39, 0xF1, 0x3C, 0xF6, 0x18, 0x0C, 0x37, 0xF1, 0x14, 0x0C
	.byte 0x37, 0xF1, 0x3C, 0xF6, 0x18, 0x0C, 0x37, 0xF1, 0x14, 0x0C, 0x37, 0xF1, 0x3C, 0xF6, 0x18, 0x0C
	.byte 0x39, 0xF1, 0x14, 0x0C, 0x39, 0xF1, 0x3C, 0xF6, 0x18, 0x0C, 0x3B, 0xF1, 0x14, 0x0C, 0x3B, 0xF1
	.byte 0x3C, 0xF6, 0x18, 0x0C, 0x37, 0xF1, 0x14, 0x0C, 0x37, 0xF1, 0x3C, 0xF6, 0x18, 0x0C, 0x37, 0xF1
	.byte 0x14, 0x0C, 0x37, 0xF1, 0x3C, 0xF6, 0x18, 0x0C, 0x39, 0xF1, 0x14, 0x0C, 0x39, 0xF1, 0x3C, 0xF6
	.byte 0x18, 0x0C, 0x39, 0xF1, 0x14, 0x0C, 0x39, 0xF1, 0x3C, 0x0C, 0x3C, 0xF1, 0x14, 0x0C, 0x3C, 0xF1
	.byte 0x3C, 0xF6, 0x18, 0x0C, 0x3B, 0xF1, 0x14, 0x0C, 0x3B, 0xF1, 0x3C, 0xF6, 0x10, 0x0C, 0x37, 0xF1
	.byte 0x14, 0x0C, 0x3B, 0xF1, 0x3C, 0xF6, 0x20, 0x0C, 0x37, 0xF1, 0x14, 0x0C, 0x3B, 0xF6, 0x17, 0xF8
	.byte 0x81, 0xFE, 0xF9, 0x69, 0xF6, 0x01, 0xF2, 0x3C, 0xF0, 0xC2, 0xF1, 0x3C, 0x0C, 0x3E, 0xF1, 0x14
	.byte 0x0C, 0x3E, 0xF1, 0x3C, 0x0C, 0x3E, 0xF1, 0x14, 0x0C, 0x3E, 0xF1, 0x3C, 0x0C, 0x3E, 0xF1, 0x14
	.byte 0x0C, 0x3E, 0xF1, 0x3C, 0x0C, 0x3E, 0xF1, 0x14, 0x0C, 0x3E, 0xF1, 0x3C, 0x0C, 0x3E, 0xF1, 0x14
	.byte 0x0C, 0x3E, 0xF1, 0x3C, 0xF6, 0x18, 0x0C, 0x3F, 0xF1, 0x14, 0x0C, 0x3F, 0xF1, 0x3C, 0xF6, 0x18
	.byte 0xF6, 0x18, 0x0C, 0x40, 0xF1, 0x14, 0x0C, 0x40, 0xF1, 0x3C, 0xF6, 0x18, 0x0C, 0x3C, 0xF1, 0x14
	.byte 0x0C, 0x3C, 0xF1, 0x3C, 0xF6, 0x18, 0x0C, 0x3C, 0xF1, 0x14, 0x0C, 0x3C, 0xF1, 0x3C, 0xF6, 0x18
	.byte 0x0C, 0x3C, 0xF1, 0x14, 0x0C, 0x3C, 0xF1, 0x3C, 0xF6, 0x18, 0x0C, 0x3C, 0xF1, 0x14, 0x0C, 0x3C
	.byte 0xF1, 0x3C, 0xF6, 0x18, 0x0C, 0x3C, 0xF1, 0x14, 0x0C, 0x3C, 0xF1, 0x3C, 0xF6, 0x18, 0x0C, 0x3C
	.byte 0xF1, 0x14, 0x0C, 0x3C, 0xF1, 0x3C, 0xF6, 0x18, 0x0C, 0x3E, 0xF1, 0x14, 0x0C, 0x3E, 0xF1, 0x3C
	.byte 0xF6, 0x18, 0x0C, 0x40, 0xF1, 0x14, 0x0C, 0x40, 0xF1, 0x3C, 0xF6, 0x18, 0x0C, 0x3C, 0xF1, 0x14
	.byte 0x0C, 0x3C, 0xF1, 0x3C, 0xF6, 0x18, 0x0C, 0x3C, 0xF1, 0x14, 0x0C, 0x3C, 0xF1, 0x3C, 0xF6, 0x18
	.byte 0x0C, 0x3C, 0xF1, 0x14, 0x0C, 0x3C, 0xF1, 0x3C, 0x0C, 0x40, 0xF1, 0x14, 0x0C, 0x40, 0xF1, 0x3C
	.byte 0xF6, 0x18, 0x0C, 0x3E, 0xF1, 0x14, 0x0C, 0x3E, 0xF1, 0x3C, 0xF6, 0x10, 0x0C, 0x40, 0xF1, 0x14
	.byte 0x0C, 0x40, 0xF1, 0x3C, 0xF6, 0x20, 0x0C, 0x40, 0xF1, 0x14, 0x0C, 0x40, 0xF1, 0x3C, 0xF6, 0x18
	.byte 0xF6, 0x18, 0x0C, 0x40, 0xF1, 0x14, 0x0C, 0x40, 0xF1, 0x3C, 0xF6, 0x18, 0x0C, 0x3C, 0xF1, 0x14
	.byte 0x0C, 0x3C, 0xF1, 0x3C, 0xF6, 0x18, 0x0C, 0x3C, 0xF1, 0x14, 0x0C, 0x3C, 0xF1, 0x3C, 0xF6, 0x18
	.byte 0x0C, 0x3C, 0xF1, 0x14, 0x0C, 0x3C, 0xF1, 0x3C, 0xF6, 0x18, 0x0C, 0x3C, 0xF1, 0x14, 0x0C, 0x3C
	.byte 0xF1, 0x3C, 0xF6, 0x18, 0x0C, 0x3C, 0xF1, 0x14, 0x0C, 0x3C, 0xF1, 0x3C, 0xF6, 0x18, 0x0C, 0x3C
	.byte 0xF1, 0x14, 0x0C, 0x3C, 0xF1, 0x3C, 0xF6, 0x18, 0x0C, 0x3E, 0xF1, 0x14, 0x0C, 0x3E, 0xF1, 0x3C
	.byte 0xF6, 0x18, 0x0C, 0x40, 0xF1, 0x14, 0x0C, 0x40, 0xF1, 0x3C, 0xF6, 0x18, 0x0C, 0x3C, 0xF1, 0x14
	.byte 0x0C, 0x3C, 0xF1, 0x3C, 0xF6, 0x18, 0x0C, 0x3C, 0xF1, 0x14, 0x0C, 0x3C, 0xF1, 0x3C, 0xF6, 0x18
	.byte 0x0C, 0x3C, 0xF1, 0x14, 0x0C, 0x3C, 0xF1, 0x3C, 0x0C, 0x40, 0xF1, 0x14, 0x0C, 0x40, 0xF1, 0x3C
	.byte 0xF6, 0x18, 0x0C, 0x3E, 0xF1, 0x14, 0x0C, 0x3E, 0xF1, 0x3C, 0xF6, 0x10, 0x0C, 0x40, 0xF1, 0x14
	.byte 0x0C, 0x40, 0xF1, 0x3C, 0xF6, 0x20, 0x0C, 0x40, 0xF1, 0x14, 0x0C, 0x40, 0xF6, 0x17, 0xF8, 0x81
	.byte 0xFE, 0xF9, 0x69, 0xF2, 0x8C, 0xF0, 0x13, 0xF1, 0x50, 0x10, 0x43, 0x08, 0x42, 0x10, 0x41, 0x08
	.byte 0x40, 0x10, 0x3F, 0x08, 0x3E, 0x10, 0x3D, 0x08, 0x3C, 0x10, 0x3B, 0x08, 0x3A, 0x10, 0x39, 0x08
	.byte 0x38, 0x14, 0x37, 0xF1, 0x28, 0x08, 0x3C, 0xF1, 0x50, 0xF6, 0x14, 0x10, 0x43, 0x08, 0x3F, 0x10
	.byte 0x40, 0x10, 0x3C, 0xF1, 0x28, 0x08, 0x3C, 0xF1, 0x50, 0x08, 0x37, 0x10, 0x39, 0x10, 0x3C, 0xF1
	.byte 0x28, 0x08, 0x3C, 0xF1, 0x50, 0x08, 0x3C, 0x10, 0x3E, 0x10, 0x3C, 0xF1, 0x28, 0x08, 0x3C, 0xF1
	.byte 0x50, 0x08, 0x3C, 0x10, 0x3E, 0x08, 0x3F, 0x10, 0x40, 0xF1, 0x28, 0x08, 0x40, 0xF1, 0x50, 0x10
	.byte 0x43, 0xF1, 0x28, 0x08, 0x43, 0xF1, 0x50, 0x10, 0x40, 0x10, 0x3F, 0xF1, 0x28, 0x08, 0x3F, 0xF1
	.byte 0x50, 0x10, 0x3E, 0xF1, 0x28, 0x08, 0x3E, 0xF1, 0x50, 0x08, 0x3E, 0x10, 0x40, 0x08, 0x43, 0x10
	.byte 0x45, 0x08, 0x40, 0x10, 0x43, 0x08, 0x45, 0x40, 0x48, 0x08, 0x42, 0x10, 0x43, 0x10, 0x48, 0xF1
	.byte 0x28, 0x08, 0x48, 0xF1, 0x50, 0x08, 0x43, 0x10, 0x45, 0x10, 0x4A, 0xF1, 0x28, 0x08, 0x4A, 0xF1
	.byte 0x50, 0x08, 0x45, 0x10, 0x48, 0x08, 0x4A, 0x10, 0x4B, 0x08, 0x4A, 0x10, 0x48, 0x08, 0x45, 0x10
	.byte 0x48, 0x10, 0x4A, 0xF1, 0x28, 0x08, 0x4A, 0xF1, 0x50, 0x10, 0x48, 0xF1, 0x28, 0x08, 0x48, 0xF1
	.byte 0x50, 0xF6, 0x02, 0x06, 0x4B, 0x10, 0x4C, 0x08, 0x4F, 0x10, 0x4B, 0x08, 0x4A, 0x10, 0x48, 0x08
	.byte 0x45, 0x10, 0x43, 0x08, 0x3F, 0x10, 0x40, 0x10, 0x3C, 0xF1, 0x28, 0x08, 0x3C, 0xF1, 0x50, 0x08
	.byte 0x37, 0x10, 0x39, 0x10, 0x3C, 0xF1, 0x28, 0x08, 0x3C, 0xF1, 0x50, 0x08, 0x3C, 0x10, 0x3E, 0x10
	.byte 0x3C, 0xF1, 0x28, 0x08, 0x3C, 0xF1, 0x50, 0x08, 0x3C, 0x10, 0x3E, 0x08, 0x3F, 0x10, 0x40, 0xF1
	.byte 0x28, 0x08, 0x40, 0xF1, 0x50, 0x10, 0x43, 0xF1, 0x28, 0x08, 0x43, 0xF1, 0x50, 0x10, 0x40, 0x10
	.byte 0x3F, 0xF1, 0x28, 0x08, 0x3F, 0xF1, 0x50, 0x10, 0x3E, 0xF1, 0x28, 0x08, 0x3E, 0xF1, 0x50, 0x08
	.byte 0x3E, 0x10, 0x40, 0x08, 0x43, 0x10, 0x45, 0x08, 0x40, 0x10, 0x43, 0x08, 0x45, 0x40, 0x48, 0x08
	.byte 0x42, 0x10, 0x43, 0x10, 0x48, 0xF1, 0x28, 0x08, 0x48, 0xF1, 0x50, 0x08, 0x43, 0x10, 0x45, 0x10
	.byte 0x4A, 0xF1, 0x28, 0x08, 0x4A, 0xF1, 0x50, 0x08, 0x45, 0x10, 0x48, 0x08, 0x4A, 0x10, 0x4B, 0x08
	.byte 0x4A, 0x10, 0x48, 0x08, 0x45, 0x10, 0x48, 0x10, 0x4A, 0xF1, 0x28, 0x08, 0x4A, 0xF1, 0x50, 0x10
	.byte 0x48, 0xF1, 0x28, 0x08, 0x48, 0xF1, 0x50, 0xF6, 0x02, 0x06, 0x4B, 0x10, 0x4C, 0x08, 0x4F, 0x10
	.byte 0x4B, 0x08, 0x4A, 0x10, 0x48, 0x08, 0x45, 0xF8, 0x87, 0xFE, 0xF9, 0x69, 0xF0, 0x00, 0xF1, 0x82
	.byte 0x18, 0x29, 0x18, 0x29, 0x18, 0x29, 0x18, 0x29, 0x08, 0x29, 0xF6, 0x08, 0x08, 0x29, 0x18, 0x24
	.byte 0x18, 0x29, 0x08, 0x29, 0xF6, 0x08, 0x08, 0x29, 0x18, 0x24, 0xF6, 0x10, 0x08, 0x24, 0x18, 0x29
	.byte 0x18, 0x24, 0xF6, 0x10, 0x08, 0x29, 0x18, 0x24, 0x18, 0x29, 0x18, 0x24, 0x18, 0x24, 0xF6, 0x10
	.byte 0x08, 0x24, 0x18, 0x29, 0x18, 0x24, 0xF6, 0x10, 0x08, 0x29, 0x18, 0x24, 0x18, 0x29, 0x08, 0x24
	.byte 0xF6, 0x08, 0x08, 0x29, 0x18, 0x24, 0xF6, 0x10, 0x08, 0x24, 0x18, 0x29, 0x18, 0x24, 0xF6, 0x10
	.byte 0x08, 0x29, 0x18, 0x24, 0x18, 0x29, 0x18, 0x24, 0x18, 0x24, 0xF6, 0x10, 0x08, 0x24, 0x18, 0x29
	.byte 0x08, 0x24, 0xF6, 0x08, 0x08, 0x29, 0xF6, 0x10, 0x08, 0x29, 0x18, 0x24, 0x18, 0x29, 0x08, 0x29
	.byte 0xF6, 0x08, 0x08, 0x29, 0x18, 0x24, 0xF6, 0x10, 0x08, 0x24, 0x18, 0x29, 0x18, 0x24, 0xF6, 0x10
	.byte 0x08, 0x29, 0x18, 0x24, 0x18, 0x29, 0x18, 0x24, 0x18, 0x24, 0xF6, 0x10, 0x08, 0x24, 0x18, 0x29
	.byte 0x18, 0x24, 0xF6, 0x10, 0x08, 0x29, 0x18, 0x24, 0x18, 0x29, 0x08, 0x24, 0xF6, 0x08, 0x08, 0x29
	.byte 0x18, 0x24, 0xF6, 0x10, 0x08, 0x24, 0x18, 0x29, 0x18, 0x24, 0xF6, 0x10, 0x08, 0x29, 0x18, 0x24
	.byte 0x18, 0x29, 0x18, 0x24, 0x18, 0x24, 0xF6, 0x10, 0x08, 0x24, 0x18, 0x29, 0x08, 0x24, 0xF6, 0x08
	.byte 0x08, 0x29, 0xF6, 0x10, 0x08, 0x29, 0x18, 0x24, 0x18, 0x29, 0x08, 0x29, 0xF6, 0x08, 0x08, 0x29
	.byte 0xF8, 0x27, 0xFF, 0xF9, 0x69, 0xF6, 0x91, 0xF2, 0x44, 0xF0, 0x00, 0xF1, 0x46, 0x18, 0x2E, 0x18
	.byte 0x2C, 0x18, 0x2C, 0x18, 0x2C, 0x18, 0x2C, 0x18, 0x2C, 0x18, 0x2C, 0x18, 0x2E, 0x18, 0x2C, 0x18
	.byte 0x2C, 0x18, 0x2C, 0x18, 0x2C, 0x18, 0x2C, 0x18, 0x2C, 0x18, 0x2C, 0x18, 0x2E, 0x18, 0x2C, 0x18
	.byte 0x2C, 0x18, 0x2C, 0x18, 0x2C, 0x18, 0x2C, 0x18, 0x2C, 0x18, 0x2C, 0x18, 0x2E, 0x18, 0x2C, 0x18
	.byte 0x2C, 0x18, 0x2C, 0x18, 0x2C, 0x18, 0x2C, 0x18, 0x2C, 0x18, 0x2C, 0x18, 0x2E, 0x18, 0x2C, 0x18
	.byte 0x2E, 0x18, 0x2C, 0x18, 0x2C, 0x18, 0x2C, 0x18, 0x2C, 0x18, 0x2C, 0x18, 0x2E, 0x18, 0x2C, 0x18
	.byte 0x2C, 0x18, 0x2C, 0x18, 0x2C, 0x18, 0x2C, 0x18, 0x2C, 0x18, 0x2C, 0x18, 0x2E, 0x18, 0x2C, 0x18
	.byte 0x2C, 0x18, 0x2C, 0x18, 0x2C, 0x18, 0x2C, 0x18, 0x2C, 0x18, 0x2C, 0x18, 0x2E, 0x18, 0x2C, 0x18
	.byte 0x2C, 0x18, 0x2C, 0x18, 0x2C, 0x18, 0x2C, 0x18, 0x2C, 0x18, 0x2C, 0x18, 0x2E, 0x18, 0x2C, 0x17
	.byte 0x2E, 0xF8, 0x6F, 0xFF, 0xFC, 0x00, 0x0E, 0x00, 0x53, 0x03, 0x80, 0x06, 0xCF, 0x09, 0x28, 0x0D
	.byte 0xD5, 0x10, 0xF9, 0xC8, 0xF6, 0x01, 0xF2, 0x82, 0xF0, 0x0C, 0xF1, 0xB4, 0x18, 0x4C, 0x18, 0x4C
	.byte 0xF6, 0x18, 0x18, 0x4C, 0xF6, 0x18, 0x18, 0x48, 0x18, 0x4C, 0xF6, 0x18, 0x18, 0x4F, 0xF6, 0x48
	.byte 0x18, 0x43, 0xF6, 0x48, 0x18, 0x48, 0xF6, 0x30, 0x18, 0x43, 0xF6, 0x30, 0x18, 0x40, 0xF6, 0x18
	.byte 0xF6, 0x18, 0x18, 0x45, 0xF6, 0x18, 0x18, 0x47, 0xF6, 0x18, 0x18, 0x46, 0x18, 0x45, 0xF6, 0x18
	.byte 0x20, 0x43, 0x20, 0x4C, 0x20, 0x4F, 0x18, 0x51, 0xF6, 0x18, 0x18, 0x4D, 0x18, 0x4F, 0xF6, 0x18
	.byte 0x18, 0x4C, 0xF6, 0x18, 0x18, 0x48, 0x18, 0x4A, 0x18, 0x47, 0xF6, 0x30, 0x18, 0x48, 0xF6, 0x30
	.byte 0x18, 0x43, 0xF6, 0x30, 0x18, 0x40, 0xF6, 0x18, 0xF6, 0x18, 0x18, 0x45, 0xF6, 0x18, 0x18, 0x47
	.byte 0xF6, 0x18, 0x18, 0x46, 0x18, 0x45, 0xF6, 0x18, 0x20, 0x43, 0x20, 0x4C, 0x20, 0x4F, 0x18, 0x51
	.byte 0xF6, 0x18, 0x18, 0x4D, 0x18, 0x4F, 0xF6, 0x18, 0x18, 0x4C, 0xF6, 0x18, 0x18, 0x48, 0x18, 0x4A
	.byte 0x18, 0x47, 0xF6, 0x30, 0xF6, 0x30, 0x18, 0x4F, 0x18, 0x4E, 0x18, 0x4D, 0x18, 0x4B, 0xF6, 0x18
	.byte 0x18, 0x4C, 0xF6, 0x18, 0x18, 0x44, 0x18, 0x45, 0x18, 0x48, 0xF6, 0x18, 0x18, 0x45, 0x18, 0x48
	.byte 0x18, 0x4A, 0xF6, 0x30, 0x18, 0x4F, 0x18, 0x4E, 0x18, 0x4D, 0x18, 0x4B, 0xF6, 0x18, 0x18, 0x4C
	.byte 0xF6, 0x18, 0x18, 0x54, 0xF6, 0x18, 0x18, 0x54, 0x18, 0x54, 0xF6, 0x48, 0xF6, 0x30, 0x18, 0x4F
	.byte 0x18, 0x4E, 0x18, 0x4D, 0x18, 0x4B, 0xF6, 0x18, 0x18, 0x4C, 0xF6, 0x18, 0x18, 0x44, 0x18, 0x45
	.byte 0x18, 0x48, 0xF6, 0x18, 0x18, 0x45, 0x18, 0x48, 0x18, 0x4A, 0xF6, 0x30, 0x18, 0x4B, 0xF6, 0x30
	.byte 0x18, 0x4A, 0xF6, 0x30, 0x18, 0x48, 0xF6, 0xA8, 0xF6, 0x30, 0x18, 0x4F, 0x18, 0x4E, 0x18, 0x4D
	.byte 0x18, 0x4B, 0xF6, 0x18, 0x18, 0x4C, 0xF6, 0x18, 0x18, 0x44, 0x18, 0x45, 0x18, 0x48, 0xF6, 0x18
	.byte 0x18, 0x45, 0x18, 0x48, 0x18, 0x4A, 0xF6, 0x30, 0x18, 0x4F, 0x18, 0x4E, 0x18, 0x4D, 0x18, 0x4B
	.byte 0xF6, 0x18, 0x18, 0x4C, 0xF6, 0x18, 0x18, 0x54, 0xF6, 0x18, 0x18, 0x54, 0x18, 0x54, 0xF6, 0x48
	.byte 0xF6, 0x30, 0x18, 0x4F, 0x18, 0x4E, 0x18, 0x4D, 0x18, 0x4B, 0xF6, 0x18, 0x18, 0x4C, 0xF6, 0x18
	.byte 0x18, 0x44, 0x18, 0x45, 0x18, 0x48, 0xF6, 0x18, 0x18, 0x45, 0x18, 0x48, 0x18, 0x4A, 0xF6, 0x30
	.byte 0x18, 0x4B, 0xF6, 0x30, 0x18, 0x4A, 0xF6, 0x30, 0x18, 0x48, 0xF6, 0xA8, 0x18, 0x48, 0x18, 0x48
	.byte 0xF6, 0x18, 0x18, 0x48, 0xF6, 0x18, 0x18, 0x48, 0x18, 0x4A, 0xF6, 0x18, 0x18, 0x4C, 0x18, 0x48
	.byte 0xF6, 0x18, 0x18, 0x45, 0x18, 0x43, 0xF6, 0x48, 0x18, 0x48, 0x18, 0x48, 0xF6, 0x18, 0x18, 0x48
	.byte 0xF6, 0x18, 0x18, 0x48, 0x18, 0x4A, 0x18, 0x4C, 0xF6, 0xC0, 0x18, 0x48, 0x18, 0x48, 0xF6, 0x18
	.byte 0x18, 0x48, 0xF6, 0x18, 0x18, 0x48, 0x18, 0x4A, 0xF6, 0x18, 0x18, 0x4C, 0x18, 0x48, 0xF6, 0x18
	.byte 0x18, 0x45, 0x18, 0x43, 0xF6, 0x48, 0x18, 0x4C, 0x18, 0x4C, 0xF6, 0x18, 0x18, 0x4C, 0xF6, 0x18
	.byte 0x18, 0x48, 0x18, 0x4C, 0xF6, 0x18, 0x18, 0x4F, 0xF6, 0x48, 0x18, 0x43, 0xF6, 0x48, 0x18, 0x48
	.byte 0xF6, 0x30, 0x18, 0x43, 0xF6, 0x30, 0x18, 0x40, 0xF6, 0x18, 0xF6, 0x18, 0x18, 0x45, 0xF6, 0x18
	.byte 0x18, 0x47, 0xF6, 0x18, 0x18, 0x46, 0x18, 0x45, 0xF6, 0x18, 0x20, 0x43, 0x20, 0x4C, 0x20, 0x4F
	.byte 0x18, 0x51, 0xF6, 0x18, 0x18, 0x4D, 0x18, 0x4F, 0xF6, 0x18, 0x18, 0x4C, 0xF6, 0x18, 0x18, 0x48
	.byte 0x18, 0x4A, 0x18, 0x47, 0xF6, 0x30, 0x18, 0x48, 0xF6, 0x30, 0x18, 0x43, 0xF6, 0x30, 0x18, 0x40
	.byte 0xF6, 0x18, 0xF6, 0x18, 0x18, 0x45, 0xF6, 0x18, 0x18, 0x47, 0xF6, 0x18, 0x18, 0x46, 0x18, 0x45
	.byte 0xF6, 0x18, 0x20, 0x43, 0x20, 0x4C, 0x20, 0x4F, 0x18, 0x51, 0xF6, 0x18, 0x18, 0x4D, 0x18, 0x4F
	.byte 0xF6, 0x18, 0x18, 0x4C, 0xF6, 0x18, 0x18, 0x48, 0x18, 0x4A, 0x18, 0x47, 0xF6, 0x30, 0x18, 0x4C
	.byte 0x18, 0x48, 0xF6, 0x18, 0x18, 0x43, 0xF6, 0x30, 0x18, 0x44, 0xF6, 0x18, 0x18, 0x45, 0x18, 0x4D
	.byte 0xF6, 0x18, 0x18, 0x4D, 0x18, 0x45, 0xF6, 0x48, 0x20, 0x47, 0x20, 0x51, 0x20, 0x51, 0x20, 0x51
	.byte 0x20, 0x4F, 0x20, 0x4D, 0x18, 0x4C, 0x18, 0x48, 0xF6, 0x18, 0x18, 0x45, 0x18, 0x43, 0xF6, 0x48
	.byte 0x18, 0x4C, 0x18, 0x48, 0xF6, 0x18, 0x18, 0x43, 0xF6, 0x30, 0x18, 0x44, 0xF6, 0x18, 0x18, 0x45
	.byte 0x18, 0x4D, 0xF6, 0x18, 0x18, 0x4D, 0x18, 0x45, 0xF6, 0x48, 0x18, 0x47, 0x18, 0x4D, 0xF6, 0x18
	.byte 0x18, 0x4D, 0x20, 0x4D, 0x20, 0x4C, 0x20, 0x4A, 0x18, 0x48, 0x18, 0x40, 0xF6, 0x18, 0x18, 0x40
	.byte 0x18, 0x3C, 0xF6, 0x48, 0x18, 0x4C, 0x18, 0x48, 0xF6, 0x18, 0x18, 0x43, 0xF6, 0x30, 0x18, 0x44
	.byte 0xF6, 0x18, 0x18, 0x45, 0x18, 0x4D, 0xF6, 0x18, 0x18, 0x4D, 0x18, 0x45, 0xF6, 0x48, 0x20, 0x47
	.byte 0x20, 0x51, 0x20, 0x51, 0x20, 0x51, 0x20, 0x4F, 0x20, 0x4D, 0x18, 0x4C, 0x18, 0x48, 0xF6, 0x18
	.byte 0x18, 0x45, 0x18, 0x43, 0xF6, 0x48, 0x18, 0x4C, 0x18, 0x48, 0xF6, 0x18, 0x18, 0x43, 0xF6, 0x30
	.byte 0x18, 0x44, 0xF6, 0x18, 0x18, 0x45, 0x18, 0x4D, 0xF6, 0x18, 0x18, 0x4D, 0x18, 0x45, 0xF6, 0x48
	.byte 0x18, 0x47, 0x18, 0x4D, 0xF6, 0x18, 0x18, 0x4D, 0x20, 0x4D, 0x20, 0x4C, 0x20, 0x4A, 0x18, 0x48
	.byte 0x18, 0x40, 0xF6, 0x18, 0x18, 0x40, 0x18, 0x3C, 0xF6, 0x48, 0x18, 0x48, 0x18, 0x48, 0xF6, 0x18
	.byte 0x18, 0x48, 0xF6, 0x18, 0x18, 0x48, 0x18, 0x4A, 0xF6, 0x18, 0x18, 0x4C, 0x18, 0x48, 0xF6, 0x18
	.byte 0x18, 0x45, 0x18, 0x43, 0xF6, 0x48, 0x18, 0x48, 0x18, 0x48, 0xF6, 0x18, 0x18, 0x48, 0xF6, 0x18
	.byte 0x18, 0x48, 0x18, 0x4A, 0x18, 0x4C, 0xF6, 0xC0, 0x18, 0x48, 0x18, 0x48, 0xF6, 0x18, 0x18, 0x48
	.byte 0xF6, 0x18, 0x18, 0x48, 0x18, 0x4A, 0xF6, 0x18, 0x18, 0x4C, 0x18, 0x48, 0xF6, 0x18, 0x18, 0x45
	.byte 0x18, 0x43, 0xF6, 0x47, 0xF8, 0xBB, 0xFC, 0xF9, 0xC8, 0xF2, 0xDC, 0xF0, 0x0C, 0xF1, 0x64, 0x18
	.byte 0x42, 0x18, 0x42, 0xF6, 0x18, 0x18, 0x42, 0xF6, 0x18, 0x18, 0x42, 0x18, 0x42, 0xF6, 0x18, 0x18
	.byte 0x47, 0xF6, 0xA8, 0x18, 0x40, 0xF6, 0x30, 0x18, 0x3C, 0xF6, 0x30, 0x18, 0x37, 0xF6, 0x18, 0xF6
	.byte 0x18, 0x18, 0x3C, 0xF6, 0x18, 0x18, 0x3E, 0xF6, 0x18, 0x18, 0x3D, 0x18, 0x3C, 0xF6, 0x18, 0x20
	.byte 0x3C, 0x20, 0x43, 0x20, 0x47, 0x18, 0x48, 0xF6, 0x18, 0x18, 0x45, 0x18, 0x47, 0xF6, 0x18, 0x18
	.byte 0x45, 0xF6, 0x18, 0x18, 0x40, 0x18, 0x41, 0x18, 0x3E, 0xF6, 0x30, 0x18, 0x40, 0xF6, 0x30, 0x18
	.byte 0x3C, 0xF6, 0x30, 0x18, 0x37, 0xF6, 0x18, 0xF6, 0x18, 0x18, 0x3C, 0xF6, 0x18, 0x18, 0x3E, 0xF6
	.byte 0x18, 0x18, 0x3D, 0x18, 0x3C, 0xF6, 0x18, 0x20, 0x3C, 0x20, 0x43, 0x20, 0x47, 0x18, 0x48, 0xF6
	.byte 0x18, 0x18, 0x45, 0x18, 0x47, 0xF6, 0x18, 0x18, 0x45, 0xF6, 0x18, 0x18, 0x40, 0x18, 0x41, 0x18
	.byte 0x3E, 0xF6, 0x30, 0xF6, 0x30, 0x18, 0x4C, 0x18, 0x4B, 0x18, 0x4A, 0x18, 0x47, 0xF6, 0x18, 0x18
	.byte 0x48, 0xF6, 0x18, 0x18, 0x40, 0x18, 0x41, 0x18, 0x43, 0xF6, 0x18, 0x18, 0x3C, 0x18, 0x40, 0x18
	.byte 0x41, 0xF6, 0x30, 0x18, 0x4C, 0x18, 0x4B, 0x18, 0x4A, 0x18, 0x47, 0xF6, 0x18, 0x18, 0x48, 0xF6
	.byte 0x18, 0x18, 0x4D, 0xF6, 0x18, 0x18, 0x4D, 0x18, 0x4D, 0xF6, 0x48, 0xF6, 0x30, 0x18, 0x4C, 0x18
	.byte 0x4B, 0x18, 0x4A, 0x18, 0x47, 0xF6, 0x18, 0x18, 0x48, 0xF6, 0x18, 0x18, 0x40, 0x18, 0x41, 0x18
	.byte 0x43, 0xF6, 0x18, 0x18, 0x3C, 0x18, 0x40, 0x18, 0x41, 0xF6, 0x30, 0x18, 0x44, 0xF6, 0x30, 0x18
	.byte 0x41, 0xF6, 0x30, 0x18, 0x40, 0xF6, 0xA8, 0xF6, 0x30, 0x18, 0x4C, 0x18, 0x4B, 0x18, 0x4A, 0x18
	.byte 0x47, 0xF6, 0x18, 0x18, 0x48, 0xF6, 0x18, 0x18, 0x40, 0x18, 0x41, 0x18, 0x43, 0xF6, 0x18, 0x18
	.byte 0x3C, 0x18, 0x40, 0x18, 0x41, 0xF6, 0x30, 0x18, 0x4C, 0x18, 0x4B, 0x18, 0x4A, 0x18, 0x47, 0xF6
	.byte 0x18, 0x18, 0x48, 0xF6, 0x18, 0x18, 0x4D, 0xF6, 0x18, 0x18, 0x4D, 0x18, 0x4D, 0xF6, 0x48, 0xF6
	.byte 0x30, 0x18, 0x4C, 0x18, 0x4B, 0x18, 0x4A, 0x18, 0x47, 0xF6, 0x18, 0x18, 0x48, 0xF6, 0x18, 0x18
	.byte 0x40, 0x18, 0x41, 0x18, 0x43, 0xF6, 0x18, 0x18, 0x3C, 0x18, 0x40, 0x18, 0x41, 0xF6, 0x30, 0x18
	.byte 0x44, 0xF6, 0x30, 0x18, 0x41, 0xF6, 0x30, 0x18, 0x40, 0xF6, 0xA8, 0x18, 0x44, 0x18, 0x44, 0xF6
	.byte 0x18, 0x18, 0x44, 0xF6, 0x18, 0x18, 0x44, 0x18, 0x46, 0xF6, 0x18, 0x18, 0x43, 0x18, 0x40, 0xF6
	.byte 0x18, 0x18, 0x40, 0x18, 0x3C, 0xF6, 0x48, 0x18, 0x44, 0x18, 0x44, 0xF6, 0x18, 0x18, 0x44, 0xF6
	.byte 0x18, 0x18, 0x44, 0x18, 0x46, 0x18, 0x43, 0xF6, 0xC0, 0x18, 0x44, 0x18, 0x44, 0xF6, 0x18, 0x18
	.byte 0x44, 0xF6, 0x18, 0x18, 0x44, 0x18, 0x46, 0xF6, 0x18, 0x18, 0x43, 0x18, 0x40, 0xF6, 0x18, 0x18
	.byte 0x40, 0x18, 0x3C, 0xF6, 0x48, 0x18, 0x42, 0x18, 0x42, 0xF6, 0x18, 0x18, 0x42, 0xF6, 0x18, 0x18
	.byte 0x42, 0x18, 0x42, 0xF6, 0x18, 0x18, 0x47, 0xF6, 0xA8, 0x18, 0x40, 0xF6, 0x30, 0x18, 0x3C, 0xF6
	.byte 0x30, 0x18, 0x37, 0xF6, 0x18, 0xF6, 0x18, 0x18, 0x3C, 0xF6, 0x18, 0x18, 0x3E, 0xF6, 0x18, 0x18
	.byte 0x3D, 0x18, 0x3C, 0xF6, 0x18, 0x20, 0x3C, 0x20, 0x43, 0x20, 0x47, 0x18, 0x48, 0xF6, 0x18, 0x18
	.byte 0x45, 0x18, 0x47, 0xF6, 0x18, 0x18, 0x45, 0xF6, 0x18, 0x18, 0x40, 0x18, 0x41, 0x18, 0x3E, 0xF6
	.byte 0x30, 0x18, 0x40, 0xF6, 0x30, 0x18, 0x3C, 0xF6, 0x30, 0x18, 0x37, 0xF6, 0x18, 0xF6, 0x18, 0x18
	.byte 0x3C, 0xF6, 0x18, 0x18, 0x3E, 0xF6, 0x18, 0x18, 0x3D, 0x18, 0x3C, 0xF6, 0x18, 0x20, 0x3C, 0x20
	.byte 0x43, 0x20, 0x47, 0x18, 0x48, 0xF6, 0x18, 0x18, 0x45, 0x18, 0x47, 0xF6, 0x18, 0x18, 0x45, 0xF6
	.byte 0x18, 0x18, 0x40, 0x18, 0x41, 0x18, 0x3E, 0xF6, 0x30, 0x18, 0x48, 0x18, 0x45, 0xF6, 0x18, 0x18
	.byte 0x40, 0xF6, 0x30, 0x18, 0x40, 0xF6, 0x18, 0x18, 0x41, 0x18, 0x48, 0xF6, 0x18, 0x18, 0x48, 0x18
	.byte 0x41, 0xF6, 0x48, 0x20, 0x43, 0x20, 0x4D, 0x20, 0x4D, 0x20, 0x4D, 0x20, 0x4C, 0x20, 0x4A, 0x18
	.byte 0x48, 0x18, 0x45, 0xF6, 0x18, 0x18, 0x41, 0x18, 0x40, 0xF6, 0x48, 0x18, 0x48, 0x18, 0x45, 0xF6
	.byte 0x18, 0x18, 0x40, 0xF6, 0x30, 0x18, 0x40, 0xF6, 0x18, 0x18, 0x41, 0x18, 0x48, 0xF6, 0x18, 0x18
	.byte 0x48, 0x18, 0x41, 0xF6, 0x48, 0x18, 0x43, 0x18, 0x4A, 0xF6, 0x18, 0x18, 0x4A, 0x20, 0x4A, 0x20
	.byte 0x48, 0x20, 0x47, 0x18, 0x43, 0xF6, 0xA8, 0x18, 0x48, 0x18, 0x45, 0xF6, 0x18, 0x18, 0x40, 0xF6
	.byte 0x30, 0x18, 0x40, 0xF6, 0x18, 0x18, 0x41, 0x18, 0x48, 0xF6, 0x18, 0x18, 0x48, 0x18, 0x41, 0xF6
	.byte 0x48, 0x20, 0x43, 0x20, 0x4D, 0x20, 0x4D, 0x20, 0x4D, 0x20, 0x4C, 0x20, 0x4A, 0x18, 0x48, 0x18
	.byte 0x45, 0xF6, 0x18, 0x18, 0x41, 0x18, 0x40, 0xF6, 0x48, 0x18, 0x48, 0x18, 0x45, 0xF6, 0x18, 0x18
	.byte 0x40, 0xF6, 0x30, 0x18, 0x40, 0xF6, 0x18, 0x18, 0x41, 0x18, 0x48, 0xF6, 0x18, 0x18, 0x48, 0x18
	.byte 0x41, 0xF6, 0x48, 0x18, 0x43, 0x18, 0x4A, 0xF6, 0x18, 0x18, 0x4A, 0x20, 0x4A, 0x20, 0x48, 0x20
	.byte 0x47, 0x18, 0x43, 0xF6, 0xA8, 0x18, 0x44, 0x18, 0x44, 0xF6, 0x18, 0x18, 0x44, 0xF6, 0x18, 0x18
	.byte 0x44, 0x18, 0x46, 0xF6, 0x18, 0x18, 0x43, 0x18, 0x40, 0xF6, 0x18, 0x18, 0x40, 0x18, 0x3C, 0xF6
	.byte 0x48, 0x18, 0x44, 0x18, 0x44, 0xF6, 0x18, 0x18, 0x44, 0xF6, 0x18, 0x18, 0x44, 0x18, 0x46, 0x18
	.byte 0x43, 0xF6, 0xC0, 0x18, 0x44, 0x18, 0x44, 0xF6, 0x18, 0x18, 0x44, 0xF6, 0x18, 0x18, 0x44, 0x18
	.byte 0x46, 0xF6, 0x18, 0x18, 0x43, 0x18, 0x40, 0xF6, 0x18, 0x18, 0x40, 0x18, 0x3C, 0xF6, 0x30, 0xF6
	.byte 0x18, 0xF8, 0xD3, 0xFC, 0xF9, 0xC8, 0xF2, 0x80, 0xF0, 0x27, 0xF1, 0xB4, 0x18, 0x32, 0x18, 0x32
	.byte 0xF6, 0x18, 0x18, 0x32, 0xF6, 0x18, 0x18, 0x32, 0x18, 0x32, 0xF6, 0x18, 0x18, 0x43, 0xF6, 0x48
	.byte 0x18, 0x37, 0xF6, 0x48, 0x18, 0x37, 0xF6, 0x30, 0x18, 0x34, 0xF6, 0x30, 0x18, 0x30, 0xF6, 0x18
	.byte 0xF6, 0x18, 0x18, 0x35, 0xF6, 0x18, 0x18, 0x37, 0xF6, 0x18, 0x18, 0x36, 0x18, 0x35, 0xF6, 0x18
	.byte 0x20, 0x34, 0x20, 0x3C, 0x20, 0x40, 0x18, 0x41, 0xF6, 0x18, 0x18, 0x3E, 0x18, 0x40, 0xF6, 0x18
	.byte 0x18, 0x3C, 0xF6, 0x18, 0x18, 0x39, 0x18, 0x3B, 0x18, 0x37, 0xF6, 0x30, 0x18, 0x37, 0xF6, 0x30
	.byte 0x18, 0x34, 0xF6, 0x30, 0x18, 0x30, 0xF6, 0x18, 0xF6, 0x18, 0x18, 0x35, 0xF6, 0x18, 0x18, 0x37
	.byte 0xF6, 0x18, 0x18, 0x36, 0x18, 0x35, 0xF6, 0x18, 0x20, 0x34, 0x20, 0x3C, 0x20, 0x40, 0x18, 0x41
	.byte 0xF6, 0x18, 0x18, 0x3E, 0x18, 0x40, 0xF6, 0x18, 0x18, 0x3C, 0xF6, 0x18, 0x18, 0x39, 0x18, 0x3B
	.byte 0x18, 0x37, 0xF6, 0x30, 0x18, 0x30, 0xF6, 0x30, 0x18, 0x37, 0xF6, 0x30, 0x18, 0x3C, 0xF6, 0x18
	.byte 0x18, 0x35, 0xF6, 0x30, 0x18, 0x3C, 0x18, 0x3C, 0xF6, 0x18, 0x18, 0x35, 0xF6, 0x18, 0x18, 0x30
	.byte 0xF6, 0x30, 0x18, 0x34, 0xF6, 0x30, 0x18, 0x37, 0x18, 0x3C, 0xF6, 0x90, 0x18, 0x37, 0xF6, 0x18
	.byte 0x18, 0x30, 0xF6, 0x30, 0x18, 0x37, 0xF6, 0x30, 0x18, 0x3C, 0xF6, 0x18, 0x18, 0x35, 0xF6, 0x30
	.byte 0x18, 0x3C, 0x18, 0x3C, 0xF6, 0x18, 0x18, 0x35, 0xF6, 0x18, 0x18, 0x30, 0xF6, 0x18, 0x18, 0x38
	.byte 0xF6, 0x30, 0x18, 0x3A, 0xF6, 0x30, 0x18, 0x3C, 0xF6, 0x30, 0x18, 0x37, 0x18, 0x37, 0xF6, 0x18
	.byte 0x18, 0x30, 0xF6, 0x18, 0x18, 0x30, 0xF6, 0x30, 0x18, 0x37, 0xF6, 0x30, 0x18, 0x3C, 0xF6, 0x18
	.byte 0x18, 0x35, 0xF6, 0x30, 0x18, 0x3C, 0x18, 0x3C, 0xF6, 0x18, 0x18, 0x35, 0xF6, 0x18, 0x18, 0x30
	.byte 0xF6, 0x30, 0x18, 0x34, 0xF6, 0x30, 0x18, 0x37, 0x18, 0x3C, 0xF6, 0x90, 0x18, 0x37, 0xF6, 0x18
	.byte 0x18, 0x30, 0xF6, 0x30, 0x18, 0x37, 0xF6, 0x30, 0x18, 0x3C, 0xF6, 0x18, 0x18, 0x35, 0xF6, 0x30
	.byte 0x18, 0x3C, 0x18, 0x3C, 0xF6, 0x18, 0x18, 0x35, 0xF6, 0x18, 0x18, 0x30, 0xF6, 0x18, 0x18, 0x38
	.byte 0xF6, 0x30, 0x18, 0x3A, 0xF6, 0x30, 0x18, 0x3C, 0xF6, 0x30, 0x18, 0x37, 0x18, 0x37, 0xF6, 0x18
	.byte 0x18, 0x30, 0xF6, 0x18, 0x18, 0x2C, 0xF6, 0x30, 0x18, 0x33, 0xF6, 0x30, 0x18, 0x38, 0xF6, 0x18
	.byte 0x18, 0x37, 0xF6, 0x30, 0x18, 0x30, 0xF6, 0x30, 0x18, 0x2B, 0xF6, 0x18, 0x18, 0x2C, 0xF6, 0x30
	.byte 0x18, 0x33, 0xF6, 0x30, 0x18, 0x38, 0xF6, 0x18, 0x18, 0x37, 0xF6, 0x30, 0x18, 0x30, 0xF6, 0x30
	.byte 0x18, 0x2B, 0xF6, 0x18, 0x18, 0x2C, 0xF6, 0x30, 0x18, 0x33, 0xF6, 0x30, 0x18, 0x38, 0xF6, 0x18
	.byte 0x18, 0x37, 0xF6, 0x30, 0x18, 0x30, 0xF6, 0x30, 0x18, 0x2B, 0xF6, 0x18, 0x18, 0x32, 0x18, 0x32
	.byte 0xF6, 0x18, 0x18, 0x32, 0xF6, 0x18, 0x18, 0x32, 0x18, 0x32, 0xF6, 0x18, 0x18, 0x43, 0xF6, 0x48
	.byte 0x18, 0x37, 0xF6, 0x48, 0x18, 0x37, 0xF6, 0x30, 0x18, 0x34, 0xF6, 0x30, 0x18, 0x30, 0xF6, 0x18
	.byte 0xF6, 0x18, 0x18, 0x35, 0xF6, 0x18, 0x18, 0x37, 0xF6, 0x18, 0x18, 0x36, 0x18, 0x35, 0xF6, 0x18
	.byte 0x20, 0x34, 0x20, 0x3C, 0x20, 0x40, 0x18, 0x41, 0xF6, 0x18, 0x18, 0x3E, 0x18, 0x40, 0xF6, 0x18
	.byte 0x18, 0x3C, 0xF6, 0x18, 0x18, 0x39, 0x18, 0x3B, 0x18, 0x37, 0xF6, 0x30, 0x18, 0x37, 0xF6, 0x30
	.byte 0x18, 0x34, 0xF6, 0x30, 0x18, 0x30, 0xF6, 0x18, 0xF6, 0x18, 0x18, 0x35, 0xF6, 0x18, 0x18, 0x37
	.byte 0xF6, 0x18, 0x18, 0x36, 0x18, 0x35, 0xF6, 0x18, 0x20, 0x34, 0x20, 0x3C, 0x20, 0x40, 0x18, 0x41
	.byte 0xF6, 0x18, 0x18, 0x3E, 0x18, 0x40, 0xF6, 0x18, 0x18, 0x3C, 0xF6, 0x18, 0x18, 0x39, 0x18, 0x3B
	.byte 0x18, 0x37, 0xF6, 0x30, 0x18, 0x30, 0xF6, 0x30, 0x18, 0x36, 0x18, 0x37, 0xF6, 0x18, 0x18, 0x3C
	.byte 0xF6, 0x18, 0x18, 0x35, 0xF6, 0x18, 0x18, 0x35, 0xF6, 0x18, 0x18, 0x3C, 0x18, 0x3C, 0x18, 0x35
	.byte 0xF6, 0x18, 0x18, 0x32, 0xF6, 0x30, 0x18, 0x35, 0x18, 0x37, 0xF6, 0x18, 0x18, 0x3B, 0xF6, 0x18
	.byte 0x18, 0x37, 0xF6, 0x18, 0x18, 0x37, 0xF6, 0x18, 0x18, 0x3C, 0x18, 0x3C, 0x18, 0x37, 0xF6, 0x18
	.byte 0x18, 0x30, 0xF6, 0x30, 0x18, 0x36, 0x18, 0x37, 0xF6, 0x18, 0x18, 0x3C, 0xF6, 0x18, 0x18, 0x35
	.byte 0xF6, 0x18, 0x18, 0x35, 0xF6, 0x18, 0x18, 0x3C, 0x18, 0x3C, 0x18, 0x35, 0xF6, 0x18, 0x18, 0x37
	.byte 0xF6, 0x30, 0x18, 0x37, 0x20, 0x37, 0x20, 0x39, 0x20, 0x3B, 0x18, 0x3C, 0xF6, 0x18, 0x18, 0x37
	.byte 0xF6, 0x18, 0x18, 0x30, 0xF6, 0x48, 0x18, 0x30, 0xF6, 0x30, 0x18, 0x36, 0x18, 0x37, 0xF6, 0x18
	.byte 0x18, 0x3C, 0xF6, 0x18, 0x18, 0x35, 0xF6, 0x18, 0x18, 0x35, 0xF6, 0x18, 0x18, 0x3C, 0x18, 0x3C
	.byte 0x18, 0x35, 0xF6, 0x18, 0x18, 0x32, 0xF6, 0x30, 0x18, 0x35, 0x18, 0x37, 0xF6, 0x18, 0x18, 0x3B
	.byte 0xF6, 0x18, 0x18, 0x37, 0xF6, 0x18, 0x18, 0x37, 0xF6, 0x18, 0x18, 0x3C, 0x18, 0x3C, 0x18, 0x37
	.byte 0xF6, 0x18, 0x18, 0x30, 0xF6, 0x30, 0x18, 0x36, 0x18, 0x37, 0xF6, 0x18, 0x18, 0x3C, 0xF6, 0x18
	.byte 0x18, 0x35, 0xF6, 0x18, 0x18, 0x35, 0xF6, 0x18, 0x18, 0x3C, 0x18, 0x3C, 0x18, 0x35, 0xF6, 0x18
	.byte 0x18, 0x37, 0xF6, 0x30, 0x18, 0x37, 0x20, 0x37, 0x20, 0x39, 0x20, 0x3B, 0x18, 0x3C, 0xF6, 0x18
	.byte 0x18, 0x37, 0xF6, 0x18, 0x18, 0x30, 0xF6, 0x48, 0x18, 0x2C, 0xF6, 0x30, 0x18, 0x33, 0xF6, 0x30
	.byte 0x18, 0x38, 0xF6, 0x18, 0x18, 0x37, 0xF6, 0x30, 0x18, 0x30, 0xF6, 0x30, 0x18, 0x2B, 0xF6, 0x18
	.byte 0x18, 0x2C, 0xF6, 0x30, 0x18, 0x33, 0xF6, 0x30, 0x18, 0x38, 0xF6, 0x18, 0x18, 0x37, 0xF6, 0x30
	.byte 0x18, 0x30, 0xF6, 0x30, 0x18, 0x2B, 0xF6, 0x18, 0x18, 0x2C, 0xF6, 0x30, 0x18, 0x33, 0xF6, 0x30
	.byte 0x18, 0x38, 0xF6, 0x18, 0x18, 0x37, 0xF6, 0x30, 0x18, 0x30, 0xF6, 0x30, 0x18, 0x2B, 0xF6, 0x18
	.byte 0xF8, 0xB1, 0xFC, 0xF9, 0xC8, 0xF0, 0x07, 0xF1, 0x64, 0x18, 0x29, 0x18, 0x29, 0xF6, 0x18, 0x18
	.byte 0x29, 0xF6, 0x18, 0x0C, 0x29, 0x0C, 0x29, 0x18, 0x29, 0x18, 0x29, 0x18, 0x29, 0xF6, 0x30, 0x18
	.byte 0x29, 0x18, 0x24, 0xF6, 0x18, 0x18, 0x29, 0x18, 0x24, 0x18, 0x24, 0xF6, 0x30, 0x18, 0x24, 0x18
	.byte 0x29, 0xF6, 0x30, 0x18, 0x29, 0xF6, 0x18, 0x18, 0x29, 0x18, 0x24, 0x18, 0x24, 0x18, 0x29, 0xF6
	.byte 0x30, 0x18, 0x29, 0x20, 0x24, 0x20, 0x24, 0x20, 0x24, 0x18, 0x29, 0xF6, 0x30, 0x18, 0x29, 0xF6
	.byte 0x18, 0x18, 0x29, 0x18, 0x24, 0xF6, 0x18, 0x18, 0x29, 0x18, 0x24, 0xF6, 0x18, 0x18, 0x29, 0x18
	.byte 0x24, 0xF6, 0x30, 0x18, 0x24, 0x18, 0x29, 0xF6, 0x30, 0x18, 0x29, 0xF6, 0x18, 0x18, 0x29, 0x18
	.byte 0x24, 0x18, 0x24, 0x18, 0x29, 0xF6, 0x30, 0x18, 0x29, 0x20, 0x24, 0x20, 0x24, 0x20, 0x24, 0x18
	.byte 0x29, 0xF6, 0x30, 0x18, 0x29, 0xF6, 0x18, 0x18, 0x29, 0x18, 0x24, 0xF6, 0x18, 0x18, 0x29, 0x18
	.byte 0x24, 0xF6, 0x18, 0x18, 0x29, 0x18, 0x24, 0xF6, 0x30, 0x18, 0x24, 0x18, 0x29, 0xF6, 0x48, 0xF6
	.byte 0x30, 0x18, 0x24, 0x18, 0x24, 0x18, 0x29, 0xF6, 0x18, 0x18, 0x24, 0x18, 0x29, 0x18, 0x24, 0xF6
	.byte 0x30, 0x18, 0x24, 0x18, 0x29, 0xF6, 0x48, 0xF6, 0x90, 0x18, 0x24, 0xF6, 0x18, 0x18, 0x24, 0xF6
	.byte 0x30, 0x18, 0x24, 0x18, 0x29, 0xF6, 0x48, 0xF6, 0x30, 0x18, 0x24, 0x18, 0x24, 0x18, 0x29, 0xF6
	.byte 0x18, 0x18, 0x24, 0x18, 0x29, 0x18, 0x24, 0xF6, 0x18, 0x18, 0x29, 0xF6, 0x18, 0x18, 0x24, 0x18
	.byte 0x29, 0xF6, 0x18, 0x18, 0x24, 0x18, 0x24, 0xF6, 0x30, 0x18, 0x29, 0x18, 0x24, 0x18, 0x24, 0x18
	.byte 0x29, 0xF6, 0x18, 0x18, 0x24, 0xF6, 0x30, 0x18, 0x24, 0x18, 0x29, 0xF6, 0x48, 0xF6, 0x30, 0x18
	.byte 0x24, 0x18, 0x24, 0x18, 0x29, 0xF6, 0x18, 0x18, 0x24, 0x18, 0x29, 0x18, 0x24, 0xF6, 0x30, 0x18
	.byte 0x24, 0x18, 0x29, 0xF6, 0x48, 0xF6, 0x90, 0x18, 0x24, 0xF6, 0x18, 0x18, 0x24, 0xF6, 0x30, 0x18
	.byte 0x24, 0x18, 0x29, 0xF6, 0x48, 0xF6, 0x30, 0x18, 0x24, 0x18, 0x24, 0x18, 0x29, 0xF6, 0x18, 0x18
	.byte 0x24, 0x18, 0x29, 0x18, 0x24, 0xF6, 0x18, 0x18, 0x29, 0xF6, 0x18, 0x18, 0x24, 0x18, 0x29, 0xF6
	.byte 0x18, 0x18, 0x24, 0x18, 0x24, 0xF6, 0x30, 0x18, 0x29, 0x18, 0x24, 0x18, 0x24, 0x18, 0x29, 0xF6
	.byte 0x18, 0x18, 0x24, 0xF6, 0x30, 0x18, 0x29, 0xF6, 0x30, 0x18, 0x24, 0xF6, 0x18, 0xF6, 0x18, 0x18
	.byte 0x29, 0xF6, 0x18, 0x18, 0x29, 0x18, 0x24, 0x18, 0x24, 0x18, 0x29, 0xF6, 0x18, 0x18, 0x24, 0xF6
	.byte 0x30, 0x18, 0x29, 0xF6, 0x30, 0x18, 0x24, 0xF6, 0x18, 0xF6, 0x18, 0x18, 0x29, 0xF6, 0x18, 0x18
	.byte 0x29, 0x18, 0x24, 0x18, 0x24, 0x18, 0x29, 0xF6, 0x18, 0x18, 0x24, 0xF6, 0x30, 0x18, 0x29, 0xF6
	.byte 0x30, 0x18, 0x24, 0xF6, 0x18, 0xF6, 0x18, 0x18, 0x29, 0xF6, 0x18, 0x18, 0x29, 0x18, 0x24, 0x18
	.byte 0x24, 0x18, 0x29, 0xF6, 0x18, 0x18, 0x29, 0x18, 0x29, 0xF6, 0x18, 0x18, 0x29, 0xF6, 0x18, 0x0C
	.byte 0x29, 0x0C, 0x29, 0x18, 0x29, 0x18, 0x29, 0x18, 0x29, 0xF6, 0x30, 0x18, 0x29, 0x18, 0x24, 0xF6
	.byte 0x18, 0x18, 0x29, 0x18, 0x24, 0x18, 0x24, 0xF6, 0x30, 0x18, 0x24, 0x18, 0x29, 0xF6, 0x30, 0x18
	.byte 0x29, 0xF6, 0x18, 0x18, 0x29, 0x18, 0x24, 0x18, 0x24, 0x18, 0x29, 0xF6, 0x30, 0x18, 0x29, 0x20
	.byte 0x24, 0x20, 0x24, 0x20, 0x24, 0x18, 0x29, 0xF6, 0x30, 0x18, 0x29, 0xF6, 0x18, 0x18, 0x29, 0x18
	.byte 0x24, 0xF6, 0x18, 0x18, 0x29, 0x18, 0x24, 0xF6, 0x18, 0x18, 0x29, 0x18, 0x24, 0xF6, 0x30, 0x18
	.byte 0x24, 0x18, 0x29, 0xF6, 0x30, 0x18, 0x29, 0xF6, 0x18, 0x18, 0x29, 0x18, 0x24, 0x18, 0x24, 0x18
	.byte 0x29, 0xF6, 0x30, 0x18, 0x29, 0x20, 0x24, 0x20, 0x24, 0x20, 0x24, 0x18, 0x29, 0xF6, 0x30, 0x18
	.byte 0x29, 0xF6, 0x18, 0x18, 0x29, 0x18, 0x24, 0xF6, 0x18, 0x18, 0x29, 0x18, 0x24, 0xF6, 0x18, 0x18
	.byte 0x29, 0x18, 0x24, 0xF6, 0x30, 0x18, 0x24, 0x18, 0x29, 0xF6, 0x30, 0x18, 0x29, 0xF6, 0x18, 0x18
	.byte 0x29, 0x18, 0x24, 0x18, 0x24, 0x18, 0x29, 0xF6, 0x30, 0x18, 0x29, 0x18, 0x24, 0xF6, 0x30, 0x18
	.byte 0x24, 0x18, 0x29, 0xF6, 0x30, 0x18, 0x29, 0xF6, 0x30, 0x18, 0x24, 0xF6, 0x18, 0x18, 0x29, 0x18
	.byte 0x29, 0x18, 0x24, 0xF6, 0x18, 0x18, 0x24, 0xF6, 0x30, 0x18, 0x24, 0x18, 0x29, 0xF6, 0x30, 0x18
	.byte 0x29, 0xF6, 0x18, 0x18, 0x29, 0x18, 0x24, 0x18, 0x24, 0x18, 0x29, 0xF6, 0x30, 0x18, 0x29, 0x18
	.byte 0x24, 0xF6, 0x30, 0x18, 0x29, 0x20, 0x24, 0x20, 0x29, 0x20, 0x29, 0x20, 0x29, 0xF6, 0x10, 0x18
	.byte 0x24, 0xF6, 0x18, 0x18, 0x29, 0x18, 0x29, 0x18, 0x24, 0xF6, 0x18, 0x18, 0x24, 0xF6, 0x30, 0x18
	.byte 0x24, 0x18, 0x29, 0xF6, 0x30, 0x18, 0x29, 0xF6, 0x18, 0x18, 0x29, 0x18, 0x24, 0x18, 0x24, 0x18
	.byte 0x29, 0xF6, 0x30, 0x18, 0x29, 0x18, 0x24, 0xF6, 0x30, 0x18, 0x24, 0x18, 0x29, 0xF6, 0x30, 0x18
	.byte 0x29, 0xF6, 0x30, 0x18, 0x24, 0xF6, 0x18, 0x18, 0x29, 0x18, 0x29, 0x18, 0x24, 0xF6, 0x18, 0x18
	.byte 0x24, 0xF6, 0x30, 0x18, 0x24, 0x18, 0x29, 0xF6, 0x30, 0x18, 0x29, 0xF6, 0x18, 0x18, 0x29, 0x18
	.byte 0x24, 0x18, 0x24, 0x18, 0x29, 0xF6, 0x30, 0x18, 0x29, 0x18, 0x24, 0xF6, 0x30, 0x18, 0x29, 0x20
	.byte 0x24, 0x20, 0x29, 0x20, 0x29, 0x20, 0x29, 0xF6, 0x10, 0x18, 0x24, 0xF6, 0x18, 0x18, 0x29, 0x18
	.byte 0x29, 0x18, 0x24, 0xF6, 0x18, 0x18, 0x24, 0xF6, 0x30, 0x18, 0x29, 0xF6, 0x30, 0x18, 0x24, 0xF6
	.byte 0x18, 0xF6, 0x18, 0x18, 0x29, 0xF6, 0x18, 0x18, 0x29, 0x18, 0x24, 0x18, 0x24, 0x18, 0x29, 0xF6
	.byte 0x18, 0x18, 0x24, 0xF6, 0x30, 0x18, 0x29, 0xF6, 0x30, 0x18, 0x24, 0xF6, 0x18, 0xF6, 0x18, 0x18
	.byte 0x29, 0xF6, 0x18, 0x18, 0x29, 0x18, 0x24, 0x18, 0x24, 0x18, 0x29, 0xF6, 0x18, 0x18, 0x24, 0xF6
	.byte 0x30, 0x18, 0x29, 0xF6, 0x30, 0x18, 0x24, 0xF6, 0x18, 0xF6, 0x18, 0x18, 0x29, 0xF6, 0x18, 0x18
	.byte 0x29, 0x18, 0x24, 0x18, 0x24, 0x18, 0x29, 0xF6, 0x18, 0xF8, 0xA7, 0xFC, 0xF9, 0xC8, 0xF6, 0xC0
	.byte 0xF6, 0x19, 0xF0, 0x00, 0xF1, 0x28, 0x18, 0x2C, 0x18, 0x2C, 0x18, 0x2E, 0x18, 0x2C, 0x18, 0x2C
	.byte 0x18, 0x2E, 0xF6, 0x18, 0x18, 0x2C, 0x18, 0x2C, 0x18, 0x2C, 0x18, 0x2C, 0x18, 0x2C, 0x18, 0x2C
	.byte 0x18, 0x2C, 0x18, 0x2C, 0x18, 0x2C, 0x18, 0x2C, 0x18, 0x2C, 0x18, 0x2C, 0x18, 0x2C, 0x18, 0x2C
	.byte 0x18, 0x2C, 0x18, 0x2E, 0x20, 0x2C, 0x20, 0x2C, 0x20, 0x2C, 0x18, 0x2C, 0x18, 0x2C, 0x18, 0x2C
	.byte 0x18, 0x2C, 0x18, 0x2C, 0x18, 0x2C, 0x18, 0x2C, 0x18, 0x2C, 0x18, 0x2C, 0x18, 0x2C, 0x18, 0x2C
	.byte 0x18, 0x2E, 0x18, 0x2C, 0x18, 0x2C, 0x18, 0x2C, 0x18, 0x2C, 0x18, 0x2C, 0x18, 0x2C, 0x18, 0x2C
	.byte 0x18, 0x2C, 0x18, 0x2C, 0x18, 0x2C, 0x18, 0x2C, 0x18, 0x2C, 0x18, 0x2C, 0x18, 0x2C, 0x18, 0x2C
	.byte 0x18, 0x2E, 0x20, 0x2C, 0x20, 0x2C, 0x20, 0x2C, 0x18, 0x2C, 0x18, 0x2C, 0x18, 0x2C, 0x18, 0x2C
	.byte 0x18, 0x2C, 0x18, 0x2C, 0x18, 0x2C, 0x18, 0x2C, 0x18, 0x2C, 0x18, 0x2C, 0x18, 0x2C, 0x18, 0x2E
	.byte 0x18, 0x2C, 0xF6, 0x18, 0x18, 0x2C, 0xF6, 0x18, 0x18, 0x2C, 0xF6, 0x18, 0x18, 0x2C, 0xF6, 0x18
	.byte 0x18, 0x2C, 0xF6, 0x18, 0x18, 0x2E, 0xF6, 0x18, 0x18, 0x2C, 0xF6, 0x18, 0x18, 0x2C, 0xF6, 0x18
	.byte 0x18, 0x2C, 0xF6, 0x18, 0x18, 0x2C, 0xF6, 0x18, 0x18, 0x2C, 0xF6, 0x18, 0x18, 0x2C, 0xF6, 0x18
	.byte 0x18, 0x2C, 0x18, 0x2E, 0xF6, 0x18, 0x18, 0x2E, 0x18, 0x2E, 0xF6, 0x30, 0x18, 0x2C, 0x18, 0x2C
	.byte 0xF6, 0x18, 0x18, 0x2C, 0xF6, 0x18, 0x18, 0x2C, 0xF6, 0x18, 0x18, 0x2C, 0xF6, 0x18, 0x18, 0x2C
	.byte 0xF6, 0x18, 0x18, 0x2E, 0xF6, 0x18, 0x18, 0x2C, 0xF6, 0x18, 0x18, 0x2C, 0xF6, 0x18, 0x18, 0x2C
	.byte 0xF6, 0x18, 0x18, 0x2C, 0xF6, 0x18, 0x18, 0x2C, 0xF6, 0x18, 0x18, 0x2C, 0xF6, 0x18, 0x18, 0x2C
	.byte 0xF6, 0x18, 0x18, 0x2E, 0xF6, 0x18, 0x18, 0x2C, 0xF6, 0x18, 0x18, 0x2C, 0xF6, 0x18, 0x18, 0x2C
	.byte 0xF6, 0x18, 0x18, 0x2C, 0xF6, 0x18, 0x18, 0x2C, 0xF6, 0x18, 0x18, 0x2C, 0xF6, 0x18, 0x18, 0x2C
	.byte 0xF6, 0x18, 0x18, 0x2E, 0xF6, 0x18, 0x18, 0x2C, 0xF6, 0x18, 0x18, 0x2C, 0xF6, 0x18, 0x18, 0x2C
	.byte 0xF6, 0x18, 0x18, 0x2C, 0xF6, 0x18, 0x18, 0x2C, 0xF6, 0x18, 0x18, 0x2C, 0xF6, 0x18, 0x18, 0x2C
	.byte 0x18, 0x2E, 0xF6, 0x18, 0x18, 0x2E, 0x18, 0x2E, 0xF6, 0x30, 0x18, 0x2C, 0x18, 0x2C, 0xF6, 0x18
	.byte 0x18, 0x2C, 0xF6, 0x18, 0x18, 0x2C, 0xF6, 0x18, 0x18, 0x2C, 0xF6, 0x18, 0x18, 0x2C, 0xF6, 0x18
	.byte 0x18, 0x2E, 0xF6, 0x18, 0x18, 0x2C, 0xF6, 0x18, 0x18, 0x2C, 0xF6, 0x18, 0x18, 0x2C, 0xF6, 0x18
	.byte 0x18, 0x2C, 0xF6, 0x18, 0x18, 0x2C, 0xF6, 0x18, 0x18, 0x2C, 0xF6, 0x18, 0x18, 0x2C, 0xF6, 0x18
	.byte 0x18, 0x2E, 0xF6, 0x18, 0x18, 0x2C, 0xF6, 0x18, 0x18, 0x2C, 0xF6, 0x18, 0x18, 0x2E, 0xF6, 0x30
	.byte 0x18, 0x2E, 0xF6, 0x30, 0x18, 0x2E, 0xF6, 0x18, 0xF6, 0x18, 0x18, 0x2E, 0xF6, 0x30, 0x18, 0x2E
	.byte 0xF6, 0x18, 0x18, 0x2E, 0xF6, 0x18, 0x18, 0x2E, 0xF6, 0x30, 0x18, 0x2E, 0xF6, 0x30, 0x18, 0x2E
	.byte 0xF6, 0x18, 0xF6, 0x18, 0x18, 0x2E, 0xF6, 0x30, 0x18, 0x2E, 0xF6, 0x18, 0x18, 0x2E, 0xF6, 0x18
	.byte 0x18, 0x2E, 0xF6, 0x30, 0x18, 0x2E, 0xF6, 0x30, 0x18, 0x2E, 0xF6, 0x18, 0xF6, 0x18, 0x18, 0x2E
	.byte 0xF6, 0x30, 0x18, 0x2E, 0xF6, 0x18, 0x18, 0x2E, 0xF6, 0x18, 0xF6, 0xC0, 0xF6, 0x18, 0x18, 0x2C
	.byte 0x18, 0x2C, 0x18, 0x2E, 0x18, 0x2C, 0x18, 0x2C, 0x18, 0x2E, 0xF6, 0x18, 0x18, 0x2C, 0x18, 0x2C
	.byte 0x18, 0x2C, 0x18, 0x2C, 0x18, 0x2C, 0x18, 0x2C, 0x18, 0x2C, 0x18, 0x2C, 0x18, 0x2C, 0x18, 0x2C
	.byte 0x18, 0x2C, 0x18, 0x2C, 0x18, 0x2C, 0x18, 0x2C, 0x18, 0x2C, 0x18, 0x2E, 0x20, 0x2C, 0x20, 0x2C
	.byte 0x20, 0x2C, 0x18, 0x2C, 0x18, 0x2C, 0x18, 0x2C, 0x18, 0x2C, 0x18, 0x2C, 0x18, 0x2C, 0x18, 0x2C
	.byte 0x18, 0x2C, 0x18, 0x2C, 0x18, 0x2C, 0x18, 0x2C, 0x18, 0x2E, 0x18, 0x2C, 0x18, 0x2C, 0x18, 0x2C
	.byte 0x18, 0x2C, 0x18, 0x2C, 0x18, 0x2C, 0x18, 0x2C, 0x18, 0x2C, 0x18, 0x2C, 0x18, 0x2C, 0x18, 0x2C
	.byte 0x18, 0x2C, 0x18, 0x2C, 0x18, 0x2C, 0x18, 0x2C, 0x18, 0x2E, 0x20, 0x2C, 0x20, 0x2C, 0x20, 0x2C
	.byte 0x18, 0x2C, 0x18, 0x2C, 0x18, 0x2C, 0x18, 0x2C, 0x18, 0x2C, 0x18, 0x2C, 0x18, 0x2C, 0x18, 0x2C
	.byte 0x18, 0x2C, 0x18, 0x2C, 0x18, 0x2C, 0x18, 0x2E, 0x18, 0x2C, 0xF6, 0x18, 0x18, 0x2C, 0xF6, 0x18
	.byte 0x18, 0x2C, 0xF6, 0x18, 0x18, 0x2C, 0xF6, 0x18, 0x18, 0x2C, 0xF6, 0x18, 0x18, 0x2E, 0xF6, 0x18
	.byte 0x18, 0x2C, 0xF6, 0x18, 0x18, 0x2E, 0xF6, 0x18, 0x18, 0x2C, 0xF6, 0x18, 0x18, 0x2C, 0xF6, 0x18
	.byte 0x18, 0x2C, 0xF6, 0x18, 0x18, 0x2C, 0xF6, 0x18, 0x18, 0x2C, 0xF6, 0x18, 0x18, 0x2E, 0xF6, 0x18
	.byte 0x18, 0x2C, 0xF6, 0x18, 0x18, 0x2E, 0xF6, 0x18, 0x18, 0x2C, 0xF6, 0x18, 0x18, 0x2C, 0xF6, 0x18
	.byte 0x18, 0x2C, 0xF6, 0x18, 0x18, 0x2C, 0xF6, 0x18, 0x18, 0x2C, 0xF6, 0x18, 0x18, 0x2E, 0xF6, 0x18
	.byte 0x18, 0x2C, 0xF6, 0x18, 0x18, 0x2E, 0xF6, 0x18, 0x18, 0x2C, 0xF6, 0x18, 0x18, 0x2C, 0xF6, 0x78
	.byte 0x18, 0x2C, 0xF6, 0x18, 0x18, 0x2E, 0xF6, 0x18, 0x18, 0x2C, 0xF6, 0x18, 0x18, 0x2E, 0xF6, 0x18
	.byte 0x18, 0x2C, 0xF6, 0x18, 0x18, 0x2C, 0xF6, 0x18, 0x18, 0x2C, 0xF6, 0x18, 0x18, 0x2C, 0xF6, 0x18
	.byte 0x18, 0x2C, 0xF6, 0x18, 0x18, 0x2E, 0xF6, 0x18, 0x18, 0x2C, 0xF6, 0x18, 0x18, 0x2E, 0xF6, 0x18
	.byte 0x18, 0x2C, 0xF6, 0x18, 0x18, 0x2C, 0xF6, 0x18, 0x18, 0x2C, 0xF6, 0x18, 0x18, 0x2C, 0xF6, 0x18
	.byte 0x18, 0x2C, 0xF6, 0x18, 0x18, 0x2E, 0xF6, 0x18, 0x18, 0x2C, 0xF6, 0x18, 0x18, 0x2E, 0xF6, 0x18
	.byte 0x18, 0x2C, 0xF6, 0x18, 0x18, 0x2C, 0xF6, 0x18, 0x18, 0x2C, 0xF6, 0x18, 0x18, 0x2C, 0xF6, 0x18
	.byte 0x18, 0x2C, 0xF6, 0x18, 0x18, 0x2E, 0xF6, 0x18, 0x18, 0x2C, 0xF6, 0x18, 0x18, 0x2E, 0xF6, 0x18
	.byte 0x18, 0x2C, 0xF6, 0x18, 0x18, 0x2C, 0xF6, 0x78, 0x18, 0x2C, 0xF6, 0x18, 0x18, 0x2E, 0xF6, 0x18
	.byte 0x18, 0x2C, 0xF6, 0x18, 0x18, 0x2E, 0xF6, 0x18, 0x18, 0x2E, 0xF6, 0x30, 0x18, 0x2E, 0xF6, 0x30
	.byte 0x18, 0x2E, 0xF6, 0x18, 0xF6, 0x18, 0x18, 0x2E, 0xF6, 0x30, 0x18, 0x2E, 0xF6, 0x18, 0x18, 0x2E
	.byte 0xF6, 0x18, 0x18, 0x2E, 0xF6, 0x30, 0x18, 0x2E, 0xF6, 0x30, 0x18, 0x2E, 0xF6, 0x18, 0xF6, 0x18
	.byte 0x18, 0x2E, 0xF6, 0x30, 0x18, 0x2E, 0xF6, 0x18, 0x18, 0x2E, 0xF6, 0x18, 0x18, 0x2E, 0xF6, 0x30
	.byte 0x18, 0x2E, 0xF6, 0x30, 0x18, 0x2E, 0xF6, 0x18, 0xF6, 0x18, 0x18, 0x2E, 0xF6, 0x30, 0x18, 0x2E
	.byte 0xF6, 0x18, 0x18, 0x2E, 0xF6, 0x17, 0xF8, 0x53, 0xFC, 0xF9, 0xC8, 0xF6, 0x01, 0xF2, 0x3C, 0xF0
	.byte 0x0C, 0xF1, 0x50, 0x18, 0x48, 0x18, 0x48, 0xF6, 0x18, 0x18, 0x48, 0xF6, 0x18, 0x18, 0x45, 0x18
	.byte 0x48, 0xF6, 0x18, 0x18, 0x4A, 0xF6, 0xA8, 0x18, 0x43, 0xF6, 0x30, 0x18, 0x40, 0xF6, 0x30, 0x18
	.byte 0x3C, 0xF6, 0x18, 0xF6, 0x18, 0x18, 0x41, 0xF6, 0x18, 0x18, 0x43, 0xF6, 0x18, 0x18, 0x42, 0x18
	.byte 0x41, 0xF6, 0x18, 0x20, 0x40, 0x20, 0x48, 0x20, 0x4C, 0x18, 0x4D, 0xF6, 0x18, 0x18, 0x4A, 0x18
	.byte 0x4C, 0xF6, 0x18, 0x18, 0x48, 0xF6, 0x18, 0x18, 0x45, 0x18, 0x47, 0x18, 0x43, 0xF6, 0x30, 0x18
	.byte 0x43, 0xF6, 0x30, 0x18, 0x40, 0xF6, 0x30, 0x18, 0x3C, 0xF6, 0x18, 0xF6, 0x18, 0x18, 0x41, 0xF6
	.byte 0x18, 0x18, 0x43, 0xF6, 0x18, 0x18, 0x42, 0x18, 0x41, 0xF6, 0x18, 0x20, 0x40, 0x20, 0x48, 0x20
	.byte 0x4C, 0x18, 0x4D, 0xF6, 0x18, 0x18, 0x4A, 0x18, 0x4C, 0xF6, 0x18, 0x18, 0x48, 0xF6, 0x18, 0x18
	.byte 0x45, 0x18, 0x47, 0x18, 0x43, 0xF6, 0x30, 0xF6, 0x30, 0x18, 0x48, 0xF6, 0x18, 0x18, 0x43, 0x18
	.byte 0x45, 0xF6, 0x18, 0x18, 0x43, 0xF6, 0x30, 0x18, 0x48, 0xF6, 0x18, 0x18, 0x40, 0x18, 0x41, 0xF6
	.byte 0x18, 0x18, 0x43, 0xF6, 0x30, 0x18, 0x48, 0xF6, 0x18, 0x18, 0x43, 0x18, 0x45, 0xF6, 0x18, 0x18
	.byte 0x43, 0xF6, 0x18, 0x18, 0x4F, 0xF6, 0x18, 0x18, 0x4F, 0x18, 0x4F, 0xF6, 0x48, 0xF6, 0x30, 0x18
	.byte 0x48, 0xF6, 0x18, 0x18, 0x43, 0x18, 0x45, 0xF6, 0x18, 0x18, 0x43, 0xF6, 0x30, 0x18, 0x48, 0xF6
	.byte 0x18, 0x18, 0x40, 0x18, 0x41, 0xF6, 0x18, 0x18, 0x43, 0xF6, 0x30, 0x18, 0x48, 0xF6, 0x30, 0x18
	.byte 0x44, 0xF6, 0x30, 0x18, 0x43, 0xF6, 0xA8, 0xF6, 0x30, 0x18, 0x48, 0xF6, 0x18, 0x18, 0x43, 0x18
	.byte 0x45, 0xF6, 0x18, 0x18, 0x43, 0xF6, 0x30, 0x18, 0x48, 0xF6, 0x18, 0x18, 0x40, 0x18, 0x41, 0xF6
	.byte 0x18, 0x18, 0x43, 0xF6, 0x30, 0x18, 0x48, 0xF6, 0x18, 0x18, 0x43, 0x18, 0x45, 0xF6, 0x18, 0x18
	.byte 0x43, 0xF6, 0x18, 0x18, 0x4F, 0xF6, 0x18, 0x18, 0x4F, 0x18, 0x4F, 0xF6, 0x48, 0xF6, 0x30, 0x18
	.byte 0x48, 0xF6, 0x18, 0x18, 0x43, 0x18, 0x45, 0xF6, 0x18, 0x18, 0x43, 0xF6, 0x30, 0x18, 0x48, 0xF6
	.byte 0x18, 0x18, 0x40, 0x18, 0x41, 0xF6, 0x18, 0x18, 0x43, 0xF6, 0x30, 0x18, 0x48, 0xF6, 0x30, 0x18
	.byte 0x44, 0xF6, 0x30, 0x18, 0x43, 0xF6, 0xA8, 0x18, 0x3F, 0x18, 0x3F, 0xF6, 0x18, 0x18, 0x3F, 0xF6
	.byte 0x18, 0x18, 0x3F, 0x18, 0x44, 0xF6, 0x18, 0x18, 0x48, 0x18, 0x43, 0xF6, 0x18, 0x18, 0x43, 0x18
	.byte 0x3E, 0x18, 0x40, 0x18, 0x3C, 0x18, 0x37, 0x18, 0x3F, 0x18, 0x3F, 0xF6, 0x18, 0x18, 0x3F, 0xF6
	.byte 0x18, 0x18, 0x3F, 0x18, 0x44, 0x18, 0x48, 0xF6, 0xC0, 0x18, 0x3F, 0x18, 0x3F, 0xF6, 0x18, 0x18
	.byte 0x3F, 0xF6, 0x18, 0x18, 0x3F, 0x18, 0x44, 0xF6, 0x18, 0x18, 0x48, 0x18, 0x43, 0xF6, 0x18, 0x18
	.byte 0x43, 0x18, 0x3E, 0x18, 0x40, 0x18, 0x3C, 0xF6, 0x18, 0x18, 0x48, 0x18, 0x48, 0xF6, 0x18, 0x18
	.byte 0x48, 0xF6, 0x18, 0x18, 0x45, 0x18, 0x48, 0xF6, 0x18, 0x18, 0x4A, 0xF6, 0xA8, 0x18, 0x43, 0xF6
	.byte 0x30, 0x18, 0x40, 0xF6, 0x30, 0x18, 0x3C, 0xF6, 0x18, 0xF6, 0x18, 0x18, 0x41, 0xF6, 0x18, 0x18
	.byte 0x43, 0xF6, 0x18, 0x18, 0x42, 0x18, 0x41, 0xF6, 0x18, 0x20, 0x40, 0x20, 0x48, 0x20, 0x4C, 0x18
	.byte 0x4D, 0xF6, 0x18, 0x18, 0x4A, 0x18, 0x4C, 0xF6, 0x18, 0x18, 0x48, 0xF6, 0x18, 0x18, 0x45, 0x18
	.byte 0x47, 0x18, 0x43, 0xF6, 0x30, 0x18, 0x43, 0xF6, 0x30, 0x18, 0x40, 0xF6, 0x30, 0x18, 0x3C, 0xF6
	.byte 0x18, 0xF6, 0x18, 0x18, 0x41, 0xF6, 0x18, 0x18, 0x43, 0xF6, 0x18, 0x18, 0x42, 0x18, 0x41, 0xF6
	.byte 0x18, 0x20, 0x40, 0x20, 0x48, 0x20, 0x4C, 0x18, 0x4D, 0xF6, 0x18, 0x18, 0x4A, 0x18, 0x4C, 0xF6
	.byte 0x18, 0x18, 0x48, 0xF6, 0x18, 0x18, 0x45, 0x18, 0x47, 0x18, 0x43, 0xF6, 0x30, 0x18, 0x43, 0x18
	.byte 0x40, 0xF6, 0x18, 0x18, 0x3C, 0xF6, 0x30, 0x18, 0x3C, 0xF6, 0x18, 0x18, 0x3C, 0x18, 0x45, 0xF6
	.byte 0x18, 0x18, 0x45, 0x18, 0x3C, 0xF6, 0x48, 0x20, 0x3E, 0x20, 0x47, 0x20, 0x47, 0x20, 0x4A, 0x20
	.byte 0x48, 0x20, 0x47, 0x18, 0x43, 0x18, 0x43, 0xF6, 0x18, 0x18, 0x3C, 0x18, 0x3C, 0xF6, 0x48, 0x18
	.byte 0x43, 0x18, 0x40, 0xF6, 0x18, 0x18, 0x3C, 0xF6, 0x30, 0x18, 0x3C, 0xF6, 0x18, 0x18, 0x3C, 0x18
	.byte 0x45, 0xF6, 0x18, 0x18, 0x45, 0x18, 0x3C, 0xF6, 0x48, 0x18, 0x3E, 0x18, 0x47, 0xF6, 0x18, 0x18
	.byte 0x47, 0x20, 0x47, 0x20, 0x45, 0x20, 0x43, 0x18, 0x40, 0x18, 0x37, 0xF6, 0x18, 0x18, 0x37, 0x18
	.byte 0x34, 0xF6, 0x48, 0x18, 0x43, 0x18, 0x40, 0xF6, 0x18, 0x18, 0x3C, 0xF6, 0x30, 0x18, 0x3C, 0xF6
	.byte 0x18, 0x18, 0x3C, 0x18, 0x45, 0xF6, 0x18, 0x18, 0x45, 0x18, 0x3C, 0xF6, 0x48, 0x20, 0x3E, 0x20
	.byte 0x47, 0x20, 0x47, 0x20, 0x4A, 0x20, 0x48, 0x20, 0x47, 0x18, 0x43, 0x18, 0x43, 0xF6, 0x18, 0x18
	.byte 0x3C, 0x18, 0x3C, 0xF6, 0x48, 0x18, 0x43, 0x18, 0x40, 0xF6, 0x18, 0x18, 0x3C, 0xF6, 0x30, 0x18
	.byte 0x3C, 0xF6, 0x18, 0x18, 0x3C, 0x18, 0x45, 0xF6, 0x18, 0x18, 0x45, 0x18, 0x3C, 0xF6, 0x48, 0x18
	.byte 0x3E, 0x18, 0x47, 0xF6, 0x18, 0x18, 0x47, 0x20, 0x47, 0x20, 0x45, 0x20, 0x43, 0x18, 0x40, 0x18
	.byte 0x37, 0xF6, 0x18, 0x18, 0x37, 0x18, 0x34, 0xF6, 0x48, 0x18, 0x3F, 0x18, 0x3F, 0xF6, 0x18, 0x18
	.byte 0x3F, 0xF6, 0x18, 0x18, 0x3F, 0x18, 0x44, 0xF6, 0x18, 0x18, 0x48, 0x18, 0x43, 0xF6, 0x18, 0x18
	.byte 0x43, 0x18, 0x3E, 0x18, 0x40, 0x18, 0x3C, 0x18, 0x37, 0x18, 0x3F, 0x18, 0x3F, 0xF6, 0x18, 0x18
	.byte 0x3F, 0xF6, 0x18, 0x18, 0x3F, 0x18, 0x44, 0x18, 0x48, 0xF6, 0xC0, 0x18, 0x3F, 0x18, 0x3F, 0xF6
	.byte 0x18, 0x18, 0x3F, 0xF6, 0x18, 0x18, 0x3F, 0x18, 0x44, 0xF6, 0x18, 0x18, 0x48, 0x18, 0x43, 0xF6
	.byte 0x18, 0x18, 0x43, 0x18, 0x3E, 0x18, 0x40, 0x18, 0x3C, 0xF6, 0x17, 0xF8, 0xBB, 0xFC, 0xF9, 0xC8
	.byte 0xF6, 0xC0, 0xF6, 0xC0, 0xF6, 0xC0, 0xF6, 0xC0, 0xF6, 0xC0, 0xF6, 0xC0, 0xF6, 0xC0, 0xF6, 0xC0
	.byte 0xF6, 0xC0, 0xF6, 0xC0, 0xF6, 0xC0, 0xF6, 0xC0, 0xF6, 0xC0, 0xF6, 0xC0, 0xF6, 0xC0, 0xF6, 0xC0
	.byte 0xF6, 0xC0, 0xF6, 0xC0, 0xF6, 0xC0, 0xF6, 0xC0, 0xF6, 0xC0, 0xF6, 0xC0, 0xF6, 0xC0, 0xF6, 0xC0
	.byte 0xF6, 0xC0, 0xF6, 0xC0, 0xF6, 0xC0, 0xF6, 0xC0, 0xF6, 0xC0, 0xF6, 0xC0, 0xF6, 0xC0, 0xF6, 0xC0
	.byte 0xF6, 0xC0, 0xF6, 0xC0, 0xF6, 0xC0, 0xF6, 0xC0, 0xF6, 0xC0, 0xF6, 0xC0, 0xF6, 0xC0, 0xF6, 0xC0
	.byte 0xF6, 0xC0, 0xF6, 0xC0, 0xF6, 0xC0, 0xF6, 0xC0, 0xF6, 0xC0, 0xF6, 0xC0, 0xF6, 0xC0, 0xF6, 0xC0
	.byte 0xF6, 0xC0, 0xF6, 0xC0, 0xF6, 0xC0, 0xF6, 0xC0, 0xF6, 0xC0, 0xF6, 0xC0, 0xF6, 0xC0, 0xF6, 0xC0
	.byte 0xF6, 0xC0, 0xF6, 0xC0, 0xF6, 0xC0, 0xF6, 0xC0, 0xF6, 0xC0, 0xF6, 0xC0, 0xF6, 0xC0, 0xF6, 0xC0
	.byte 0xF8, 0x7B, 0xFF, 0xF9, 0xC8, 0xF6, 0xC0, 0xF6, 0xC0, 0xF6, 0xC0, 0xF6, 0xC0, 0xF6, 0xC0, 0xF6
	.byte 0xC0, 0xF6, 0xC0, 0xF6, 0xC0, 0xF6, 0xC0, 0xF6, 0xC0, 0xF6, 0xC0, 0xF6, 0xC0, 0xF6, 0xC0, 0xF6
	.byte 0xC0, 0xF6, 0xC0, 0xF6, 0xC0, 0xF6, 0xC0, 0xF6, 0xC0, 0xF6, 0xC0, 0xF6, 0xC0, 0xF6, 0xC0, 0xF6
	.byte 0xC0, 0xF6, 0xC0, 0xF6, 0xC0, 0xF6, 0xC0, 0xF6, 0xC0, 0xF6, 0xC0, 0xF6, 0xC0, 0xF6, 0xC0, 0xF6
	.byte 0xC0, 0xF6, 0xC0, 0xF6, 0xC0, 0xF6, 0xC0, 0xF6, 0xC0, 0xF6, 0xC0, 0xF6, 0xC0, 0xF6, 0xC0, 0xF6
	.byte 0xC0, 0xF6, 0xC0, 0xF6, 0xC0, 0xF6, 0xC0, 0xF6, 0xC0, 0xF6, 0xC0, 0xF6, 0xC0, 0xF6, 0xC0, 0xF6
	.byte 0xC0, 0xF6, 0xC0, 0xF6, 0xC0, 0xF6, 0xC0, 0xF6, 0xC0, 0xF6, 0xC0, 0xF6, 0xC0, 0xF6, 0xC0, 0xF6
	.byte 0xC0, 0xF6, 0xC0, 0xF6, 0xC0, 0xF6, 0xC0, 0xF6, 0xC0, 0xF6, 0xC0, 0xF6, 0xC0, 0xF6, 0xC0, 0xF6
	.byte 0xC0, 0xF6, 0xC0, 0xF6, 0xC0, 0xF8, 0x7B, 0xFF, 0xFC, 0x03, 0x12, 0x00, 0xC9, 0x02, 0x10, 0x05
	.byte 0x83, 0x08, 0xAE, 0x09, 0xDF, 0x0B, 0x49, 0x07, 0xF1, 0x07, 0xF9, 0xB6, 0xF6, 0x01, 0xF2, 0x80
	.byte 0xF0, 0x6D, 0xF1, 0xC8, 0x0C, 0x43, 0xF6, 0x0C, 0x0C, 0x43, 0xF6, 0x0C, 0xF1, 0x3C, 0x0C, 0x43
	.byte 0xF6, 0x0C, 0xF1, 0xC8, 0x0C, 0x44, 0xF6, 0x0C, 0xF1, 0x3C, 0x0C, 0x44, 0xF6, 0x0C, 0xF1, 0xC8
	.byte 0x0C, 0x46, 0xF6, 0x0C, 0xF1, 0x3C, 0x0C, 0x46, 0xF6, 0x0C, 0xF1, 0xC8, 0x0C, 0x4B, 0xF6, 0x0C
	.byte 0x0C, 0x43, 0xF6, 0x0C, 0x0C, 0x43, 0xF6, 0x0C, 0xF1, 0x3C, 0x0C, 0x43, 0xF6, 0x0C, 0xF1, 0xC8
	.byte 0x0C, 0x44, 0xF6, 0x0C, 0xF1, 0x3C, 0x0C, 0x44, 0xF6, 0x0C, 0xF1, 0xC8, 0x0C, 0x46, 0xF6, 0x0C
	.byte 0xF1, 0x3C, 0x0C, 0x46, 0xF6, 0x0C, 0xF1, 0xC8, 0x0C, 0x4B, 0xF6, 0x0C, 0x0C, 0x4B, 0xF6, 0x0C
	.byte 0x0C, 0x4B, 0xF6, 0x0C, 0xF1, 0x3C, 0x0C, 0x4B, 0xF6, 0x0C, 0xF1, 0xC8, 0x0C, 0x49, 0xF6, 0x0C
	.byte 0xF1, 0x3C, 0x0C, 0x49, 0xF6, 0x0C, 0xF1, 0xC8, 0x0C, 0x48, 0xF6, 0x0C, 0x0C, 0x49, 0xF6, 0x0C
	.byte 0x0C, 0x48, 0xF6, 0x0C, 0x0C, 0x46, 0xF6, 0x0C, 0x0C, 0x44, 0xF6, 0x0C, 0x0C, 0x43, 0xF6, 0x0C
	.byte 0x0C, 0x41, 0xF6, 0x0C, 0xF1, 0x3C, 0x0C, 0x41, 0xF6, 0x0C, 0xF1, 0xC8, 0x0C, 0x41, 0xF6, 0x0C
	.byte 0xF1, 0x3C, 0x0C, 0x41, 0xF6, 0x0C, 0xF1, 0xC8, 0x0C, 0x3F, 0xF6, 0x0C, 0x0C, 0x43, 0xF6, 0x0C
	.byte 0x0C, 0x43, 0xF6, 0x0C, 0xF1, 0x3C, 0x0C, 0x43, 0xF6, 0x0C, 0xF1, 0xC8, 0x0C, 0x44, 0xF6, 0x0C
	.byte 0xF1, 0x3C, 0x0C, 0x44, 0xF6, 0x0C, 0xF1, 0xC8, 0x0C, 0x46, 0xF6, 0x0C, 0xF1, 0x3C, 0x0C, 0x46
	.byte 0xF6, 0x0C, 0xF1, 0xC8, 0x0C, 0x4B, 0xF6, 0x0C, 0x0C, 0x43, 0xF6, 0x0C, 0x0C, 0x43, 0xF6, 0x0C
	.byte 0xF1, 0x3C, 0x0C, 0x43, 0xF6, 0x0C, 0xF1, 0xC8, 0x0C, 0x44, 0xF6, 0x0C, 0xF1, 0x3C, 0x0C, 0x44
	.byte 0xF6, 0x0C, 0xF1, 0xC8, 0x0C, 0x46, 0xF6, 0x0C, 0xF1, 0x3C, 0x0C, 0x46, 0xF6, 0x0C, 0xF1, 0xC8
	.byte 0x0C, 0x4B, 0xF6, 0x0C, 0x0C, 0x4B, 0xF6, 0x0C, 0x0C, 0x4B, 0xF6, 0x0C, 0xF1, 0x3C, 0x0C, 0x4B
	.byte 0xF6, 0x0C, 0xF1, 0xC8, 0x0C, 0x49, 0xF6, 0x0C, 0xF1, 0x3C, 0x0C, 0x49, 0xF6, 0x0C, 0xF1, 0xC8
	.byte 0x0C, 0x48, 0xF6, 0x0C, 0x0C, 0x49, 0xF6, 0x0C, 0x0C, 0x48, 0xF6, 0x0C, 0x0C, 0x46, 0xF6, 0x0C
	.byte 0x0C, 0x44, 0xF6, 0x0C, 0x0C, 0x43, 0xF6, 0x0C, 0x0C, 0x41, 0xF6, 0x0C, 0xF1, 0x3C, 0x0C, 0x41
	.byte 0xF6, 0x0C, 0xF1, 0xC8, 0x0C, 0x41, 0xF6, 0x0C, 0xF1, 0x3C, 0x0C, 0x41, 0xF6, 0x0C, 0xF1, 0xC8
	.byte 0x0C, 0x3F, 0xF6, 0x0C, 0xF6, 0xC0, 0xF6, 0xC0, 0xF6, 0xC0, 0xF6, 0xC0, 0xF6, 0xC0, 0xF6, 0xC0
	.byte 0xF6, 0xC0, 0xF6, 0xC0, 0x0C, 0x43, 0xF6, 0x0C, 0x0C, 0x43, 0xF6, 0x0C, 0xF1, 0x3C, 0x0C, 0x43
	.byte 0xF6, 0x0C, 0xF1, 0xC8, 0x0C, 0x44, 0xF6, 0x0C, 0xF1, 0x3C, 0x0C, 0x44, 0xF6, 0x0C, 0xF1, 0xC8
	.byte 0x0C, 0x46, 0xF6, 0x0C, 0xF1, 0x3C, 0x0C, 0x46, 0xF6, 0x0C, 0xF1, 0xC8, 0x0C, 0x4B, 0xF6, 0x0C
	.byte 0x0C, 0x43, 0xF6, 0x0C, 0x0C, 0x43, 0xF6, 0x0C, 0xF1, 0x3C, 0x0C, 0x43, 0xF6, 0x0C, 0xF1, 0xC8
	.byte 0x0C, 0x44, 0xF6, 0x0C, 0xF1, 0x3C, 0x0C, 0x44, 0xF6, 0x0C, 0xF1, 0xC8, 0x0C, 0x46, 0xF6, 0x0C
	.byte 0xF1, 0x3C, 0x0C, 0x46, 0xF6, 0x0C, 0xF1, 0xC8, 0x0C, 0x4B, 0xF6, 0x0C, 0x0C, 0x4B, 0xF6, 0x0C
	.byte 0x0C, 0x4B, 0xF6, 0x0C, 0xF1, 0x3C, 0x0C, 0x4B, 0xF6, 0x0C, 0xF1, 0xC8, 0x0C, 0x49, 0xF6, 0x0C
	.byte 0xF1, 0x3C, 0x0C, 0x49, 0xF6, 0x0C, 0xF1, 0xC8, 0x0C, 0x48, 0xF6, 0x0C, 0x0C, 0x49, 0xF6, 0x0C
	.byte 0x0C, 0x48, 0xF6, 0x0C, 0x0C, 0x46, 0xF6, 0x0C, 0x0C, 0x44, 0xF6, 0x0C, 0x0C, 0x43, 0xF6, 0x0C
	.byte 0x0C, 0x41, 0xF6, 0x0C, 0xF1, 0x3C, 0x0C, 0x41, 0xF6, 0x0C, 0xF1, 0xC8, 0x0C, 0x41, 0xF6, 0x0C
	.byte 0xF1, 0x3C, 0x0C, 0x41, 0xF6, 0x0C, 0xF1, 0xC8, 0x0C, 0x3F, 0xF6, 0x0C, 0x0C, 0x43, 0xF6, 0x0C
	.byte 0x0C, 0x43, 0xF6, 0x0C, 0xF1, 0x3C, 0x0C, 0x43, 0xF6, 0x0C, 0xF1, 0xC8, 0x0C, 0x44, 0xF6, 0x0C
	.byte 0xF1, 0x3C, 0x0C, 0x44, 0xF6, 0x0C, 0xF1, 0xC8, 0x0C, 0x46, 0xF6, 0x0C, 0xF1, 0x3C, 0x0C, 0x46
	.byte 0xF6, 0x0C, 0xF1, 0xC8, 0x0C, 0x4B, 0xF6, 0x0C, 0x0C, 0x43, 0xF6, 0x0C, 0x0C, 0x43, 0xF6, 0x0C
	.byte 0xF1, 0x3C, 0x0C, 0x43, 0xF6, 0x0C, 0xF1, 0xC8, 0x0C, 0x44, 0xF6, 0x0C, 0xF1, 0x3C, 0x0C, 0x44
	.byte 0xF6, 0x0C, 0xF1, 0xC8, 0x0C, 0x46, 0xF6, 0x0C, 0xF1, 0x3C, 0x0C, 0x46, 0xF6, 0x0C, 0xF1, 0xC8
	.byte 0x0C, 0x4B, 0xF6, 0x0C, 0x0C, 0x4B, 0xF6, 0x0C, 0x0C, 0x4B, 0xF6, 0x0C, 0xF1, 0x3C, 0x0C, 0x4B
	.byte 0xF6, 0x0C, 0xF1, 0xC8, 0x0C, 0x49, 0xF6, 0x0C, 0xF1, 0x3C, 0x0C, 0x49, 0xF6, 0x0C, 0xF1, 0xC8
	.byte 0x0C, 0x48, 0xF6, 0x0C, 0x0C, 0x49, 0xF6, 0x0C, 0x0C, 0x48, 0xF6, 0x0C, 0x0C, 0x46, 0xF6, 0x0C
	.byte 0x0C, 0x44, 0xF6, 0x0C, 0x0C, 0x43, 0xF6, 0x0C, 0x0C, 0x41, 0xF6, 0x0C, 0x0C, 0x41, 0xF6, 0x0C
	.byte 0x0C, 0x4B, 0xF6, 0x0C, 0xF1, 0x3C, 0x0C, 0x4B, 0xF6, 0x0C, 0xF1, 0xC8, 0x17, 0x4B, 0xF8, 0x49
	.byte 0xFD, 0xF9, 0xB6, 0xF1, 0xA0, 0xF2, 0x80, 0xF0, 0x27, 0x16, 0x33, 0xF6, 0x1A, 0x16, 0x33, 0xF6
	.byte 0x02, 0x16, 0x3A, 0xF6, 0x1A, 0x16, 0x3A, 0xF6, 0x02, 0x16, 0x37, 0xF6, 0x02, 0x16, 0x3F, 0xF6
	.byte 0x02, 0x16, 0x33, 0xF6, 0x1A, 0x16, 0x33, 0xF6, 0x02, 0x16, 0x3A, 0xF6, 0x1A, 0x16, 0x3A, 0xF6
	.byte 0x02, 0x16, 0x37, 0xF6, 0x02, 0x16, 0x3F, 0xF6, 0x02, 0x16, 0x31, 0xF6, 0x1A, 0x16, 0x31, 0xF6
	.byte 0x02, 0x16, 0x38, 0xF6, 0x1A, 0x16, 0x38, 0xF6, 0x02, 0x16, 0x35, 0xF6, 0x02, 0x16, 0x3D, 0xF6
	.byte 0x02, 0x16, 0x31, 0xF6, 0x1A, 0x16, 0x31, 0xF6, 0x02, 0x16, 0x38, 0xF6, 0x1A, 0x16, 0x38, 0xF6
	.byte 0x02, 0x16, 0x35, 0xF6, 0x02, 0x16, 0x3D, 0xF6, 0x02, 0x16, 0x33, 0xF6, 0x1A, 0x16, 0x33, 0xF6
	.byte 0x02, 0x16, 0x3A, 0xF6, 0x1A, 0x16, 0x3A, 0xF6, 0x02, 0x16, 0x37, 0xF6, 0x02, 0x16, 0x3F, 0xF6
	.byte 0x02, 0x16, 0x33, 0xF6, 0x1A, 0x16, 0x33, 0xF6, 0x02, 0x16, 0x3A, 0xF6, 0x1A, 0x16, 0x3A, 0xF6
	.byte 0x02, 0x16, 0x37, 0xF6, 0x02, 0x16, 0x3F, 0xF6, 0x02, 0x16, 0x31, 0xF6, 0x1A, 0x16, 0x31, 0xF6
	.byte 0x02, 0x16, 0x38, 0xF6, 0x1A, 0x16, 0x38, 0xF6, 0x02, 0x16, 0x35, 0xF6, 0x02, 0x16, 0x3D, 0xF6
	.byte 0x02, 0x16, 0x31, 0xF6, 0x1A, 0x16, 0x31, 0xF6, 0x02, 0x16, 0x38, 0xF6, 0x1A, 0x16, 0x38, 0xF6
	.byte 0x02, 0x16, 0x35, 0xF6, 0x02, 0x16, 0x3D, 0xF6, 0x02, 0x16, 0x38, 0xF6, 0x1A, 0x16, 0x38, 0xF6
	.byte 0x02, 0x16, 0x41, 0xF6, 0x1A, 0x16, 0x44, 0xF6, 0x02, 0x16, 0x41, 0xF6, 0x02, 0x16, 0x48, 0xF6
	.byte 0x02, 0x16, 0x37, 0xF6, 0x1A, 0x16, 0x37, 0xF6, 0x02, 0x16, 0x3F, 0xF6, 0x1A, 0x16, 0x43, 0xF6
	.byte 0x02, 0x16, 0x3F, 0xF6, 0x02, 0x16, 0x46, 0xF6, 0x02, 0x16, 0x36, 0xF6, 0x1A, 0x16, 0x36, 0xF6
	.byte 0x02, 0x16, 0x3F, 0xF6, 0x1A, 0x16, 0x42, 0xF6, 0x02, 0x16, 0x3F, 0xF6, 0x02, 0x16, 0x46, 0xF6
	.byte 0x02, 0x16, 0x3A, 0xF6, 0x1A, 0x16, 0x3A, 0xF6, 0x02, 0x16, 0x41, 0xF6, 0x1A, 0x16, 0x46, 0xF6
	.byte 0x02, 0x16, 0x41, 0xF6, 0x02, 0x16, 0x4A, 0xF6, 0x02, 0x16, 0x38, 0xF6, 0x1A, 0x16, 0x38, 0xF6
	.byte 0x02, 0x16, 0x41, 0xF6, 0x1A, 0x16, 0x44, 0xF6, 0x02, 0x16, 0x41, 0xF6, 0x02, 0x16, 0x48, 0xF6
	.byte 0x02, 0x16, 0x37, 0xF6, 0x1A, 0x16, 0x37, 0xF6, 0x02, 0x16, 0x3F, 0xF6, 0x1A, 0x16, 0x43, 0xF6
	.byte 0x02, 0x16, 0x3F, 0xF6, 0x02, 0x16, 0x46, 0xF6, 0x02, 0x16, 0x36, 0xF6, 0x1A, 0x16, 0x36, 0xF6
	.byte 0x02, 0x16, 0x3F, 0xF6, 0x1A, 0x16, 0x42, 0xF6, 0x02, 0x16, 0x3F, 0xF6, 0x02, 0x16, 0x46, 0xF6
	.byte 0x02, 0x16, 0x3A, 0xF6, 0x1A, 0x16, 0x3A, 0xF6, 0x02, 0x16, 0x41, 0xF6, 0x1A, 0x16, 0x46, 0xF6
	.byte 0x02, 0x16, 0x44, 0xF6, 0x02, 0x16, 0x4A, 0xF6, 0x02, 0x16, 0x33, 0xF6, 0x1A, 0x16, 0x33, 0xF6
	.byte 0x02, 0x16, 0x3A, 0xF6, 0x1A, 0x16, 0x3A, 0xF6, 0x02, 0x16, 0x37, 0xF6, 0x02, 0x16, 0x3F, 0xF6
	.byte 0x02, 0x16, 0x33, 0xF6, 0x1A, 0x16, 0x33, 0xF6, 0x02, 0x16, 0x3A, 0xF6, 0x1A, 0x16, 0x3A, 0xF6
	.byte 0x02, 0x16, 0x37, 0xF6, 0x02, 0x16, 0x3F, 0xF6, 0x02, 0x16, 0x31, 0xF6, 0x1A, 0x16, 0x31, 0xF6
	.byte 0x02, 0x16, 0x38, 0xF6, 0x1A, 0x16, 0x38, 0xF6, 0x02, 0x16, 0x35, 0xF6, 0x02, 0x16, 0x3D, 0xF6
	.byte 0x02, 0x16, 0x31, 0xF6, 0x1A, 0x16, 0x31, 0xF6, 0x02, 0x16, 0x38, 0xF6, 0x1A, 0x16, 0x38, 0xF6
	.byte 0x02, 0x16, 0x35, 0xF6, 0x02, 0x16, 0x3D, 0xF6, 0x02, 0x16, 0x33, 0xF6, 0x1A, 0x16, 0x33, 0xF6
	.byte 0x02, 0x16, 0x3A, 0xF6, 0x1A, 0x16, 0x3A, 0xF6, 0x02, 0x16, 0x37, 0xF6, 0x02, 0x16, 0x3F, 0xF6
	.byte 0x02, 0x16, 0x33, 0xF6, 0x1A, 0x16, 0x33, 0xF6, 0x02, 0x16, 0x3A, 0xF6, 0x1A, 0x16, 0x3A, 0xF6
	.byte 0x02, 0x16, 0x37, 0xF6, 0x02, 0x16, 0x3F, 0xF6, 0x02, 0x16, 0x31, 0xF6, 0x1A, 0x16, 0x31, 0xF6
	.byte 0x02, 0x16, 0x38, 0xF6, 0x1A, 0x16, 0x38, 0xF6, 0x02, 0x16, 0x35, 0xF6, 0x02, 0x16, 0x3D, 0xF6
	.byte 0x02, 0x2E, 0x33, 0xF6, 0x02, 0x16, 0x37, 0xF6, 0x02, 0x16, 0x3A, 0xF6, 0x1A, 0x16, 0x33, 0xF6
	.byte 0x1A, 0x16, 0x33, 0xF6, 0x02, 0xF8, 0xB9, 0xFD, 0xF9, 0xB6, 0xF2, 0xD0, 0xF0, 0x6D, 0xF1, 0x64
	.byte 0x0C, 0x3F, 0xF6, 0x0C, 0x0C, 0x3F, 0xF6, 0x0C, 0x0C, 0x3F, 0xF6, 0x0C, 0x0C, 0x41, 0xF6, 0x0C
	.byte 0x0C, 0x41, 0xF6, 0x0C, 0x0C, 0x43, 0xF6, 0x0C, 0x0C, 0x43, 0xF6, 0x0C, 0x0C, 0x43, 0xF6, 0x0C
	.byte 0xF2, 0x30, 0x0C, 0x3F, 0xF6, 0x0C, 0x0C, 0x3F, 0xF6, 0x0C, 0x0C, 0x3F, 0xF6, 0x0C, 0x0C, 0x41
	.byte 0xF6, 0x0C, 0x0C, 0x41, 0xF6, 0x0C, 0x0C, 0x43, 0xF6, 0x0C, 0x0C, 0x43, 0xF6, 0x0C, 0x0C, 0x43
	.byte 0xF6, 0x0C, 0xF2, 0xD0, 0x0C, 0x44, 0xF6, 0x0C, 0x0C, 0x44, 0xF6, 0x0C, 0x0C, 0x44, 0xF6, 0x0C
	.byte 0x0C, 0x44, 0xF6, 0x0C, 0x0C, 0x44, 0xF6, 0x0C, 0x0C, 0x44, 0xF6, 0x0C, 0x0C, 0x44, 0xF6, 0x0C
	.byte 0x0C, 0x44, 0xF6, 0x0C, 0xF2, 0x30, 0x0C, 0x3D, 0xF6, 0x0C, 0x0C, 0x3D, 0xF6, 0x0C, 0x0C, 0x3F
	.byte 0xF6, 0x0C, 0x0C, 0x3D, 0xF6, 0x0C, 0x0C, 0x3D, 0xF6, 0x0C, 0x0C, 0x3D, 0xF6, 0x0C, 0x0C, 0x3D
	.byte 0xF6, 0x0C, 0x0C, 0x38, 0xF6, 0x0C, 0xF2, 0xD0, 0x0C, 0x3F, 0xF6, 0x0C, 0x0C, 0x3F, 0xF6, 0x0C
	.byte 0x0C, 0x3F, 0xF6, 0x0C, 0x0C, 0x41, 0xF6, 0x0C, 0x0C, 0x41, 0xF6, 0x0C, 0x0C, 0x43, 0xF6, 0x0C
	.byte 0x0C, 0x43, 0xF6, 0x0C, 0x0C, 0x43, 0xF6, 0x0C, 0xF2, 0x30, 0x0C, 0x3F, 0xF6, 0x0C, 0x0C, 0x3F
	.byte 0xF6, 0x0C, 0x0C, 0x3F, 0xF6, 0x0C, 0x0C, 0x41, 0xF6, 0x0C, 0x0C, 0x41, 0xF6, 0x0C, 0x0C, 0x43
	.byte 0xF6, 0x0C, 0x0C, 0x43, 0xF6, 0x0C, 0x0C, 0x43, 0xF6, 0x0C, 0xF2, 0xD0, 0x0C, 0x44, 0xF6, 0x0C
	.byte 0x0C, 0x44, 0xF6, 0x0C, 0x0C, 0x44, 0xF6, 0x0C, 0x0C, 0x44, 0xF6, 0x0C, 0x0C, 0x44, 0xF6, 0x0C
	.byte 0x0C, 0x44, 0xF6, 0x0C, 0x0C, 0x44, 0xF6, 0x0C, 0x0C, 0x44, 0xF6, 0x0C, 0xF2, 0x30, 0x0C, 0x3D
	.byte 0xF6, 0x0C, 0x0C, 0x3D, 0xF6, 0x0C, 0x0C, 0x3F, 0xF6, 0x0C, 0x0C, 0x3D, 0xF6, 0x0C, 0x0C, 0x3D
	.byte 0xF6, 0x0C, 0x0C, 0x49, 0xF6, 0x0C, 0x0C, 0x49, 0xF6, 0x0C, 0x18, 0x44, 0xF6, 0xC0, 0xF6, 0xC0
	.byte 0xF6, 0xC0, 0xF6, 0xC0, 0xF6, 0xC0, 0xF6, 0xC0, 0xF6, 0xC0, 0xF6, 0xC0, 0xF2, 0xD0, 0x0C, 0x3F
	.byte 0xF6, 0x0C, 0x0C, 0x3F, 0xF6, 0x0C, 0x0C, 0x3F, 0xF6, 0x0C, 0x0C, 0x41, 0xF6, 0x0C, 0x0C, 0x41
	.byte 0xF6, 0x0C, 0x0C, 0x43, 0xF6, 0x0C, 0x0C, 0x43, 0xF6, 0x0C, 0x0C, 0x43, 0xF6, 0x0C, 0xF2, 0x30
	.byte 0x0C, 0x3F, 0xF6, 0x0C, 0x0C, 0x3F, 0xF6, 0x0C, 0x0C, 0x3F, 0xF6, 0x0C, 0x0C, 0x41, 0xF6, 0x0C
	.byte 0x0C, 0x41, 0xF6, 0x0C, 0x0C, 0x43, 0xF6, 0x0C, 0x0C, 0x43, 0xF6, 0x0C, 0x0C, 0x43, 0xF6, 0x0C
	.byte 0xF2, 0xD0, 0x0C, 0x44, 0xF6, 0x0C, 0x0C, 0x44, 0xF6, 0x0C, 0x0C, 0x44, 0xF6, 0x0C, 0x0C, 0x44
	.byte 0xF6, 0x0C, 0x0C, 0x44, 0xF6, 0x0C, 0x0C, 0x44, 0xF6, 0x0C, 0x0C, 0x44, 0xF6, 0x0C, 0x0C, 0x44
	.byte 0xF6, 0x0C, 0xF2, 0x30, 0x0C, 0x3D, 0xF6, 0x0C, 0x0C, 0x3D, 0xF6, 0x0C, 0x0C, 0x3F, 0xF6, 0x0C
	.byte 0x0C, 0x3D, 0xF6, 0x0C, 0x0C, 0x3D, 0xF6, 0x0C, 0x0C, 0x3D, 0xF6, 0x0C, 0x0C, 0x3D, 0xF6, 0x0C
	.byte 0x0C, 0x38, 0xF6, 0x0C, 0xF2, 0xD0, 0x0C, 0x3F, 0xF6, 0x0C, 0x0C, 0x3F, 0xF6, 0x0C, 0x0C, 0x3F
	.byte 0xF6, 0x0C, 0x0C, 0x41, 0xF6, 0x0C, 0x0C, 0x41, 0xF6, 0x0C, 0x0C, 0x43, 0xF6, 0x0C, 0x0C, 0x43
	.byte 0xF6, 0x0C, 0x0C, 0x43, 0xF6, 0x0C, 0xF2, 0x30, 0x0C, 0x3F, 0xF6, 0x0C, 0x0C, 0x3F, 0xF6, 0x0C
	.byte 0x0C, 0x3F, 0xF6, 0x0C, 0x0C, 0x41, 0xF6, 0x0C, 0x0C, 0x41, 0xF6, 0x0C, 0x0C, 0x43, 0xF6, 0x0C
	.byte 0x0C, 0x43, 0xF6, 0x0C, 0x0C, 0x43, 0xF6, 0x0C, 0xF2, 0xD0, 0x0C, 0x44, 0xF6, 0x0C, 0x0C, 0x44
	.byte 0xF6, 0x0C, 0x0C, 0x44, 0xF6, 0x0C, 0x0C, 0x44, 0xF6, 0x0C, 0x0C, 0x44, 0xF6, 0x0C, 0x0C, 0x44
	.byte 0xF6, 0x0C, 0x0C, 0x44, 0xF6, 0x0C, 0x0C, 0x44, 0xF6, 0x0C, 0xF2, 0x30, 0x0C, 0x43, 0xF6, 0x0C
	.byte 0x0C, 0x41, 0xF6, 0x0C, 0x0C, 0x3F, 0xF6, 0x0C, 0x0C, 0x3E, 0xF6, 0x0C, 0x0C, 0x3E, 0xF6, 0x0C
	.byte 0xF2, 0xD0, 0x0C, 0x43, 0xF6, 0x0C, 0x0C, 0x43, 0xF6, 0x0C, 0xF2, 0x30, 0x18, 0x43, 0xF8, 0xC7
	.byte 0xFD, 0xF9, 0xB6, 0xF6, 0x01, 0xF2, 0x80, 0xF0, 0xC7, 0xF1, 0x28, 0x00, 0xBA, 0xC0, 0x60, 0x3A
	.byte 0x60, 0x3C, 0x00, 0xBD, 0xC0, 0x60, 0x3D, 0x30, 0x3C, 0x30, 0x38, 0x30, 0x3A, 0x30, 0x37, 0x00
	.byte 0xB3, 0x60, 0x60, 0x33, 0x60, 0x3C, 0x00, 0xBD, 0xC0, 0xF1, 0x50, 0xA8, 0x3D, 0xF6, 0x18, 0xF2
	.byte 0x76, 0x15, 0x4A, 0xF6, 0x03, 0x15, 0x4A, 0xF6, 0x1B, 0x30, 0x48, 0x18, 0x48, 0x30, 0x4A, 0x30
	.byte 0x4B, 0xF6, 0x18, 0x60, 0x46, 0xF6, 0x18, 0xF6, 0x48, 0x30, 0x46, 0x18, 0x46, 0x18, 0x48, 0xF6
	.byte 0x18, 0x90, 0x4A, 0xF6, 0x30, 0x18, 0x4A, 0x18, 0x4A, 0xF6, 0x18, 0x30, 0x48, 0x18, 0x48, 0x30
	.byte 0x4A, 0x30, 0x4B, 0xF6, 0x18, 0x60, 0x46, 0xF6, 0x18, 0x18, 0x4B, 0x18, 0x4B, 0xF6, 0x18, 0x30
	.byte 0x4B, 0xF6, 0x18, 0x30, 0x4D, 0x30, 0x4B, 0xF6, 0x18, 0x60, 0x4A, 0xF6, 0x18, 0xF1, 0x28, 0x00
	.byte 0xBA, 0xC0, 0x60, 0x3A, 0x60, 0x3C, 0x00, 0xBD, 0xC0, 0x60, 0x3D, 0x30, 0x3C, 0x30, 0x38, 0x30
	.byte 0x3A, 0x30, 0x37, 0x00, 0xB3, 0x60, 0x60, 0x33, 0x60, 0x3C, 0xC0, 0x3D, 0x60, 0x3A, 0xF6, 0x18
	.byte 0x18, 0x3F, 0xF6, 0x18, 0x17, 0x3F, 0xF8, 0x58, 0xFF, 0xF9, 0xB6, 0xF6, 0xC0, 0xF6, 0xC0, 0xF6
	.byte 0xC0, 0xF6, 0xC0, 0xF6, 0xC0, 0xF6, 0xC0, 0xF6, 0xC0, 0xF6, 0xC0, 0xF2, 0x8A, 0xF0, 0xC7, 0xF1
	.byte 0x28, 0x15, 0x41, 0xF6, 0x03, 0x15, 0x41, 0xF6, 0x1B, 0x30, 0x41, 0x18, 0x41, 0x30, 0x41, 0x30
	.byte 0x43, 0xF6, 0x18, 0x60, 0x43, 0xF6, 0x18, 0xF6, 0x48, 0x30, 0x3F, 0x18, 0x3F, 0x18, 0x3F, 0xF6
	.byte 0x18, 0x90, 0x41, 0xF6, 0x30, 0x15, 0x41, 0xF6, 0x03, 0x15, 0x41, 0xF6, 0x1B, 0x30, 0x41, 0x18
	.byte 0x41, 0x30, 0x41, 0x30, 0x43, 0xF6, 0x18, 0x60, 0x43, 0xF6, 0x18, 0x18, 0x42, 0x18, 0x42, 0xF6
	.byte 0x18, 0x30, 0x42, 0xF6, 0x18, 0x30, 0x44, 0x30, 0x46, 0xF6, 0x18, 0x60, 0x41, 0xF6, 0x18, 0xF1
	.byte 0x14, 0x00, 0xB7, 0xC0, 0x60, 0x37, 0x60, 0x38, 0x00, 0xB8, 0xC0, 0x60, 0x38, 0x30, 0x38, 0x30
	.byte 0x35, 0x30, 0x37, 0x30, 0x33, 0x00, 0xAE, 0x60, 0x60, 0x2E, 0x60, 0x38, 0xC0, 0x38, 0x60, 0x37
	.byte 0xF6, 0x18, 0x18, 0x37, 0xF6, 0x18, 0x18, 0x37, 0xF8, 0x6E, 0xFF, 0xF9, 0xB6, 0xF2, 0x80, 0xF0
	.byte 0x00, 0xF1, 0x78, 0x30, 0x24, 0x18, 0x29, 0x30, 0x24, 0x18, 0x24, 0x30, 0x29, 0x18, 0x24, 0x18
	.byte 0x24, 0x18, 0x29, 0x30, 0x24, 0x18, 0x24, 0x18, 0x29, 0x18, 0x24, 0x30, 0x24, 0x18, 0x29, 0x30
	.byte 0x24, 0x18, 0x24, 0x30, 0x29, 0x18, 0x29, 0x18, 0x24, 0x18, 0x29, 0x30, 0x24, 0x18, 0x24, 0x18
	.byte 0x29, 0x18, 0x24, 0x30, 0x24, 0x18, 0x29, 0x30, 0x24, 0x18, 0x24, 0x30, 0x29, 0x18, 0x24, 0x18
	.byte 0x24, 0x18, 0x29, 0x30, 0x24, 0x18, 0x24, 0x18, 0x29, 0x18, 0x24, 0x30, 0x24, 0x18, 0x29, 0x30
	.byte 0x24, 0x18, 0x24, 0x30, 0x29, 0x18, 0x29, 0x18, 0x24, 0x18, 0x29, 0x30, 0x24, 0x18, 0x29, 0x30
	.byte 0x29, 0x30, 0x24, 0x18, 0x29, 0x30, 0x24, 0x18, 0x24, 0x30, 0x29, 0x18, 0x29, 0x18, 0x24, 0x18
	.byte 0x29, 0x30, 0x24, 0x18, 0x24, 0x18, 0x29, 0x18, 0x24, 0x30, 0x24, 0x18, 0x29, 0x30, 0x24, 0x18
	.byte 0x24, 0x30, 0x29, 0x18, 0x29, 0x18, 0x24, 0x18, 0x29, 0x30, 0x24, 0x18, 0x24, 0x18, 0x29, 0x18
	.byte 0x24, 0x30, 0x24, 0x18, 0x29, 0x30, 0x24, 0x18, 0x24, 0x30, 0x29, 0x18, 0x29, 0x18, 0x24, 0x18
	.byte 0x29, 0x30, 0x24, 0x18, 0x24, 0x18, 0x29, 0x18, 0x24, 0x30, 0x24, 0x18, 0x29, 0x30, 0x24, 0x18
	.byte 0x24, 0x30, 0x29, 0x18, 0x24, 0x18, 0x29, 0x18, 0x24, 0x18, 0x29, 0x18, 0x29, 0x18, 0x24, 0x18
	.byte 0x29, 0x18, 0x29, 0x30, 0x24, 0x18, 0x29, 0x30, 0x24, 0x18, 0x24, 0x30, 0x29, 0x18, 0x24, 0x18
	.byte 0x24, 0x18, 0x29, 0x30, 0x24, 0x18, 0x24, 0x18, 0x29, 0x18, 0x24, 0x30, 0x24, 0x18, 0x29, 0x30
	.byte 0x24, 0x18, 0x24, 0x30, 0x29, 0x18, 0x29, 0x18, 0x24, 0x18, 0x29, 0x30, 0x24, 0x18, 0x24, 0x18
	.byte 0x29, 0x18, 0x24, 0x30, 0x24, 0x18, 0x29, 0x30, 0x24, 0x18, 0x24, 0x30, 0x29, 0x18, 0x24, 0x18
	.byte 0x24, 0x18, 0x29, 0x30, 0x24, 0x18, 0x24, 0x18, 0x29, 0x18, 0x24, 0x30, 0x24, 0x18, 0x29, 0x30
	.byte 0x24, 0x18, 0x24, 0x30, 0x29, 0x18, 0x29, 0x18, 0x24, 0x18, 0x29, 0x30, 0x24, 0x18, 0x29, 0x18
	.byte 0x24, 0x18, 0x29, 0xF8, 0xD5, 0xFE, 0xF9, 0xB6, 0xF6, 0xC0, 0xF6, 0xC0, 0xF6, 0xC0, 0xF6, 0xC0
	.byte 0xF6, 0xC0, 0xF6, 0xC0, 0xF6, 0xC0, 0xF6, 0xC0, 0xF2, 0xE4, 0xF0, 0x0C, 0xF1, 0x64, 0x08, 0x4D
	.byte 0xF6, 0x04, 0x08, 0x4D, 0xF6, 0x04, 0x08, 0x54, 0xF6, 0x04, 0x08, 0x54, 0xF6, 0x04, 0x08, 0x50
	.byte 0xF6, 0x04, 0x08, 0x50, 0xF6, 0x04, 0x08, 0x59, 0xF6, 0x04, 0x08, 0x59, 0xF6, 0x04, 0x08, 0x4D
	.byte 0xF6, 0x04, 0x08, 0x4D, 0xF6, 0x04, 0x08, 0x54, 0xF6, 0x04, 0x08, 0x54, 0xF6, 0x04, 0x08, 0x4D
	.byte 0xF6, 0x04, 0x08, 0x4D, 0xF6, 0x04, 0x08, 0x50, 0xF6, 0x04, 0x08, 0x50, 0xF6, 0x04, 0x08, 0x52
	.byte 0xF6, 0x04, 0x08, 0x52, 0xF6, 0x04, 0x08, 0x5B, 0xF6, 0x04, 0x08, 0x5B, 0xF6, 0x04, 0x08, 0x57
	.byte 0xF6, 0x04, 0x08, 0x57, 0xF6, 0x04, 0x08, 0x5E, 0xF6, 0x04, 0x08, 0x5E, 0xF6, 0x04, 0x08, 0x52
	.byte 0xF6, 0x04, 0x08, 0x52, 0xF6, 0x04, 0x08, 0x5B, 0xF6, 0x04, 0x08, 0x5B, 0xF6, 0x04, 0x08, 0x52
	.byte 0xF6, 0x04, 0x08, 0x52, 0xF6, 0x04, 0x08, 0x57, 0xF6, 0x04, 0x08, 0x57, 0xF6, 0x04, 0xF2, 0x1C
	.byte 0x08, 0x52, 0xF6, 0x04, 0x08, 0x52, 0xF6, 0x04, 0x08, 0x5A, 0xF6, 0x04, 0x08, 0x5A, 0xF6, 0x04
	.byte 0x08, 0x57, 0xF6, 0x04, 0x08, 0x57, 0xF6, 0x04, 0x08, 0x5E, 0xF6, 0x04, 0x08, 0x5E, 0xF6, 0x04
	.byte 0x08, 0x52, 0xF6, 0x04, 0x08, 0x52, 0xF6, 0x04, 0x08, 0x5A, 0xF6, 0x04, 0x08, 0x5A, 0xF6, 0x04
	.byte 0x08, 0x52, 0xF6, 0x04, 0x08, 0x52, 0xF6, 0x04, 0x08, 0x57, 0xF6, 0x04, 0x08, 0x57, 0xF6, 0x04
	.byte 0x08, 0x4D, 0xF6, 0x04, 0x08, 0x4D, 0xF6, 0x04, 0x08, 0x56, 0xF6, 0x04, 0x08, 0x56, 0xF6, 0x04
	.byte 0x08, 0x52, 0xF6, 0x04, 0x08, 0x52, 0xF6, 0x04, 0x08, 0x59, 0xF6, 0x04, 0x08, 0x59, 0xF6, 0x04
	.byte 0x08, 0x4D, 0xF6, 0x04, 0x08, 0x4D, 0xF6, 0x04, 0x08, 0x56, 0xF6, 0x04, 0x08, 0x56, 0xF6, 0x04
	.byte 0x08, 0x4D, 0xF6, 0x04, 0x08, 0x4D, 0xF6, 0x04, 0x08, 0x52, 0xF6, 0x04, 0x08, 0x52, 0xF6, 0x04
	.byte 0xF2, 0xE4, 0x08, 0x4D, 0xF6, 0x04, 0x08, 0x4D, 0xF6, 0x04, 0x08, 0x54, 0xF6, 0x04, 0x08, 0x54
	.byte 0xF6, 0x04, 0x08, 0x50, 0xF6, 0x04, 0x08, 0x50, 0xF6, 0x04, 0x08, 0x59, 0xF6, 0x04, 0x08, 0x59
	.byte 0xF6, 0x04, 0x08, 0x4D, 0xF6, 0x04, 0x08, 0x4D, 0xF6, 0x04, 0x08, 0x54, 0xF6, 0x04, 0x08, 0x54
	.byte 0xF6, 0x04, 0x08, 0x4D, 0xF6, 0x04, 0x08, 0x4D, 0xF6, 0x04, 0x08, 0x50, 0xF6, 0x04, 0x08, 0x50
	.byte 0xF6, 0x04, 0x08, 0x52, 0xF6, 0x04, 0x08, 0x52, 0xF6, 0x04, 0x08, 0x5B, 0xF6, 0x04, 0x08, 0x5B
	.byte 0xF6, 0x04, 0x08, 0x57, 0xF6, 0x04, 0x08, 0x57, 0xF6, 0x04, 0x08, 0x5E, 0xF6, 0x04, 0x08, 0x5E
	.byte 0xF6, 0x04, 0x08, 0x52, 0xF6, 0x04, 0x08, 0x52, 0xF6, 0x04, 0x08, 0x5B, 0xF6, 0x04, 0x08, 0x5B
	.byte 0xF6, 0x04, 0x08, 0x52, 0xF6, 0x04, 0x08, 0x52, 0xF6, 0x04, 0x08, 0x57, 0xF6, 0x04, 0x08, 0x57
	.byte 0xF6, 0x04, 0xF2, 0x1C, 0x08, 0x52, 0xF6, 0x04, 0x08, 0x52, 0xF6, 0x04, 0x08, 0x5A, 0xF6, 0x04
	.byte 0x08, 0x5A, 0xF6, 0x04, 0x08, 0x57, 0xF6, 0x04, 0x08, 0x57, 0xF6, 0x04, 0x08, 0x5E, 0xF6, 0x04
	.byte 0x08, 0x5E, 0xF6, 0x04, 0x08, 0x52, 0xF6, 0x04, 0x08, 0x52, 0xF6, 0x04, 0x08, 0x5A, 0xF6, 0x04
	.byte 0x08, 0x5A, 0xF6, 0x04, 0x08, 0x52, 0xF6, 0x04, 0x08, 0x52, 0xF6, 0x04, 0x08, 0x57, 0xF6, 0x04
	.byte 0x08, 0x57, 0xF6, 0x04, 0x08, 0x52, 0xF6, 0x04, 0x08, 0x52, 0xF6, 0x04, 0x08, 0x56, 0xF6, 0x04
	.byte 0x08, 0x56, 0xF6, 0x04, 0x08, 0x52, 0xF6, 0x04, 0x08, 0x52, 0xF6, 0x04, 0x08, 0x5C, 0xF6, 0x04
	.byte 0x08, 0x5C, 0xF6, 0x04, 0x08, 0x4D, 0xF6, 0x04, 0x08, 0x4D, 0xF6, 0x04, 0x08, 0x59, 0xF6, 0x04
	.byte 0x08, 0x59, 0xF6, 0x04, 0x08, 0x4D, 0xF6, 0x04, 0x08, 0x4D, 0xF6, 0x04, 0x08, 0x52, 0xF6, 0x04
	.byte 0x08, 0x52, 0xF6, 0x04, 0xF6, 0xC0, 0xF6, 0xC0, 0xF6, 0xC0, 0xF6, 0xC0, 0xF6, 0xC0, 0xF6, 0xC0
	.byte 0xF6, 0xC0, 0xF6, 0xC0, 0xF8, 0xCF, 0xFD, 0xF9, 0xB6, 0xF2, 0x44, 0xF0, 0x00, 0xF1, 0x3C, 0x0C
	.byte 0x2C, 0xF6, 0x0C, 0x18, 0x2E, 0x0C, 0x2C, 0xF6, 0x0C, 0x0C, 0x2C, 0xF6, 0x0C, 0x18, 0x2E, 0x0C
	.byte 0x2C, 0xF6, 0x0C, 0x0C, 0x2C, 0xF6, 0x0C, 0x18, 0x2E, 0x0C, 0x2C, 0xF6, 0x0C, 0x18, 0x2E, 0x0C
	.byte 0x2C, 0xF6, 0x0C, 0x0C, 0x2C, 0xF6, 0x0C, 0x18, 0x2E, 0x0C, 0x2C, 0xF6, 0x0C, 0x0C, 0x2C, 0xF6
	.byte 0x0C, 0x18, 0x2E, 0x06, 0x2C, 0xF6, 0x06, 0x06, 0x2C, 0xF6, 0x06, 0x18, 0x2E, 0x0C, 0x2C, 0xF6
	.byte 0x0C, 0x0C, 0x2C, 0xF6, 0x0C, 0x18, 0x2E, 0x0C, 0x2C, 0xF6, 0x0C, 0x0C, 0x2C, 0xF6, 0x0C, 0x18
	.byte 0x2E, 0x0C, 0x2C, 0xF6, 0x0C, 0x18, 0x2E, 0x0C, 0x2C, 0xF6, 0x0C, 0x18, 0x2E, 0x0C, 0x2C, 0xF6
	.byte 0x0C, 0x0C, 0x2C, 0xF6, 0x0C, 0x06, 0x2C, 0xF6, 0x06, 0x06, 0x2C, 0xF6, 0x06, 0x18, 0x2E, 0x0C
	.byte 0x2C, 0xF6, 0x0C, 0x18, 0x2E, 0x0C, 0x2C, 0xF6, 0x0C, 0x0C, 0x2C, 0xF6, 0x0C, 0x18, 0x2E, 0x0C
	.byte 0x2C, 0xF6, 0x0C, 0x0C, 0x2C, 0xF6, 0x0C, 0x18, 0x2E, 0x0C, 0x2C, 0xF6, 0x0C, 0x18, 0x2E, 0x0C
	.byte 0x2C, 0xF6, 0x0C, 0x0C, 0x2C, 0xF6, 0x0C, 0x18, 0x2E, 0x0C, 0x2C, 0xF6, 0x0C, 0x0C, 0x2C, 0xF6
	.byte 0x0C, 0x18, 0x2E, 0x06, 0x2C, 0xF6, 0x06, 0x06, 0x2C, 0xF6, 0x06, 0x18, 0x2E, 0x0C, 0x2C, 0xF6
	.byte 0x0C, 0x0C, 0x2C, 0xF6, 0x0C, 0x18, 0x2E, 0x0C, 0x2C, 0xF6, 0x0C, 0x0C, 0x2C, 0xF6, 0x0C, 0x18
	.byte 0x2E, 0x0C, 0x2C, 0xF6, 0x0C, 0x18, 0x2E, 0x0C, 0x2C, 0xF6, 0x0C, 0x18, 0x2E, 0x0C, 0x2C, 0xF6
	.byte 0x0C, 0x0C, 0x2C, 0xF6, 0x0C, 0x06, 0x2C, 0xF6, 0x06, 0x06, 0x2C, 0xF6, 0x06, 0x18, 0x2E, 0x0C
	.byte 0x2C, 0xF6, 0x0C, 0x18, 0x2E, 0x0C, 0x2C, 0xF6, 0x0C, 0x0C, 0x2C, 0xF6, 0x0C, 0x18, 0x2E, 0x0C
	.byte 0x2C, 0xF6, 0x0C, 0x0C, 0x2C, 0xF6, 0x0C, 0x18, 0x2E, 0x0C, 0x2C, 0xF6, 0x0C, 0x18, 0x2E, 0x0C
	.byte 0x2C, 0xF6, 0x0C, 0x18, 0x2E, 0x0C, 0x2C, 0xF6, 0x0C, 0x0C, 0x2C, 0xF6, 0x0C, 0x0C, 0x2C, 0xF6
	.byte 0x0C, 0x18, 0x2E, 0x06, 0x2C, 0xF6, 0x06, 0x06, 0x2C, 0xF6, 0x06, 0x18, 0x2E, 0x0C, 0x2C, 0xF6
	.byte 0x0C, 0x0C, 0x2C, 0xF6, 0x0C, 0x18, 0x2E, 0x0C, 0x2C, 0xF6, 0x0C, 0x0C, 0x2C, 0xF6, 0x0C, 0x18
	.byte 0x2E, 0x0C, 0x2C, 0xF6, 0x0C, 0x18, 0x2E, 0x0C, 0x2C, 0xF6, 0x0C, 0x18, 0x2E, 0x0C, 0x2C, 0xF6
	.byte 0x0C, 0x0C, 0x2C, 0xF6, 0x0C, 0x06, 0x2C, 0xF6, 0x06, 0x06, 0x2C, 0xF6, 0x06, 0x18, 0x2E, 0x0C
	.byte 0x2C, 0xF6, 0x0C, 0x18, 0x2E, 0x0C, 0x2C, 0xF6, 0x0C, 0x0C, 0x2C, 0xF6, 0x0C, 0x18, 0x2E, 0x0C
	.byte 0x2C, 0xF6, 0x0C, 0x0C, 0x2C, 0xF6, 0x0C, 0x18, 0x2E, 0x0C, 0x2C, 0xF6, 0x0C, 0x18, 0x2E, 0x0C
	.byte 0x2C, 0xF6, 0x0C, 0x18, 0x2E, 0x0C, 0x2C, 0xF6, 0x0C, 0x0C, 0x2C, 0xF6, 0x0C, 0x0C, 0x2C, 0xF6
	.byte 0x0C, 0x18, 0x2E, 0x06, 0x2C, 0xF6, 0x06, 0x06, 0x2C, 0xF6, 0x06, 0x18, 0x2E, 0x0C, 0x2C, 0xF6
	.byte 0x0C, 0x0C, 0x2C, 0xF6, 0x0C, 0x18, 0x2E, 0x0C, 0x2C, 0xF6, 0x0C, 0x0C, 0x2C, 0xF6, 0x0C, 0x18
	.byte 0x2E, 0x0C, 0x2C, 0xF6, 0x0C, 0x18, 0x2E, 0x0C, 0x2C, 0xF6, 0x0C, 0x0C, 0x2C, 0xF6, 0x0C, 0x18
	.byte 0x2E, 0x0C, 0x2C, 0xF6, 0x0C, 0x06, 0x2C, 0xF6, 0x06, 0x06, 0x2C, 0xF6, 0x06, 0x18, 0x2E, 0x0C
	.byte 0x2C, 0xF6, 0x0C, 0x18, 0x2E, 0x0C, 0x2C, 0xF6, 0x0C, 0x0C, 0x2C, 0xF6, 0x0C, 0x18, 0x2E, 0x0C
	.byte 0x2C, 0xF6, 0x0C, 0x0C, 0x2C, 0xF6, 0x0C, 0x18, 0x2E, 0x0C, 0x2C, 0xF6, 0x0C, 0x18, 0x2E, 0x0C
	.byte 0x2C, 0xF6, 0x0C, 0x0C, 0x2C, 0xF6, 0x0C, 0x18, 0x2E, 0x0C, 0x2C, 0xF6, 0x0C, 0x0C, 0x2C, 0xF6
	.byte 0x0C, 0x18, 0x2E, 0x06, 0x2C, 0xF6, 0x06, 0x06, 0x2C, 0xF6, 0x06, 0x18, 0x2E, 0x0C, 0x2C, 0xF6
	.byte 0x0C, 0x0C, 0x2C, 0xF6, 0x0C, 0x18, 0x2E, 0x0C, 0x2C, 0xF6, 0x0C, 0x0C, 0x2C, 0xF6, 0x0C, 0x18
	.byte 0x2E, 0x0C, 0x2C, 0xF6, 0x0C, 0x18, 0x2E, 0x0C, 0x2C, 0xF6, 0x0C, 0x18, 0x2E, 0x0C, 0x2C, 0xF6
	.byte 0x0C, 0x0C, 0x2C, 0xF6, 0x0C, 0x06, 0x2C, 0xF6, 0x06, 0x06, 0x2C, 0xF6, 0x06, 0x18, 0x2E, 0x0C
	.byte 0x2C, 0xF6, 0x0C, 0x18, 0x2E, 0x0C, 0x2C, 0xF6, 0x0C, 0x0C, 0x2C, 0xF6, 0x0C, 0x18, 0x2E, 0x0C
	.byte 0x2C, 0xF6, 0x0C, 0x0C, 0x2C, 0xF6, 0x0C, 0x18, 0x2E, 0x0C, 0x2C, 0xF6, 0x0C, 0x18, 0x2E, 0x0C
	.byte 0x2C, 0xF6, 0x0C, 0x0C, 0x2C, 0xF6, 0x0C, 0x18, 0x2E, 0x0C, 0x2C, 0xF6, 0x0C, 0x0C, 0x2C, 0xF6
	.byte 0x0C, 0x18, 0x2E, 0x06, 0x2C, 0xF6, 0x06, 0x06, 0x2C, 0xF6, 0x06, 0x18, 0x2E, 0x0C, 0x2C, 0xF6
	.byte 0x0C, 0x0C, 0x2C, 0xF6, 0x0C, 0x18, 0x2E, 0x0C, 0x2C, 0xF6, 0x0C, 0x0C, 0x2C, 0xF6, 0x0C, 0x18
	.byte 0x2E, 0x0C, 0x2C, 0xF6, 0x0C, 0x18, 0x2E, 0x0C, 0x2C, 0xF6, 0x0C, 0x0C, 0x2C, 0xF6, 0x0C, 0x18
	.byte 0x2E, 0x18, 0x2E, 0x0C, 0x2C, 0xF6, 0x0C, 0x18, 0x2E, 0xF8, 0x5B, 0xFD, 0xFF, 0x00, 0x12, 0x00
	.byte 0xC5, 0x02, 0x0A, 0x05, 0x41, 0x07, 0xE1, 0x07, 0x6F, 0x08, 0x98, 0x09, 0xC9, 0x0B, 0xF9, 0xB6
	.byte 0xF2, 0x80, 0xF0, 0x6D, 0xF1, 0xC8, 0x0C, 0x43, 0xF6, 0x0C, 0x0C, 0x43, 0xF6, 0x0C, 0xF1, 0x3C
	.byte 0x0C, 0x43, 0xF6, 0x0C, 0xF1, 0xC8, 0x0C, 0x44, 0xF6, 0x0C, 0xF1, 0x3C, 0x0C, 0x44, 0xF6, 0x0C
	.byte 0xF1, 0xC8, 0x0C, 0x46, 0xF6, 0x0C, 0xF1, 0x3C, 0x0C, 0x46, 0xF6, 0x0C, 0xF1, 0xC8, 0x0C, 0x4B
	.byte 0xF6, 0x0C, 0x0C, 0x43, 0xF6, 0x0C, 0x0C, 0x43, 0xF6, 0x0C, 0xF1, 0x3C, 0x0C, 0x43, 0xF6, 0x0C
	.byte 0xF1, 0xC8, 0x0C, 0x44, 0xF6, 0x0C, 0xF1, 0x3C, 0x0C, 0x44, 0xF6, 0x0C, 0xF1, 0xC8, 0x0C, 0x46
	.byte 0xF6, 0x0C, 0xF1, 0x3C, 0x0C, 0x46, 0xF6, 0x0C, 0xF1, 0xC8, 0x0C, 0x4B, 0xF6, 0x0C, 0x0C, 0x4B
	.byte 0xF6, 0x0C, 0x0C, 0x4B, 0xF6, 0x0C, 0xF1, 0x3C, 0x0C, 0x4B, 0xF6, 0x0C, 0xF1, 0xC8, 0x0C, 0x49
	.byte 0xF6, 0x0C, 0xF1, 0x3C, 0x0C, 0x49, 0xF6, 0x0C, 0xF1, 0xC8, 0x0C, 0x48, 0xF6, 0x0C, 0x0C, 0x49
	.byte 0xF6, 0x0C, 0x0C, 0x48, 0xF6, 0x0C, 0x0C, 0x46, 0xF6, 0x0C, 0x0C, 0x44, 0xF6, 0x0C, 0x0C, 0x43
	.byte 0xF6, 0x0C, 0x0C, 0x41, 0xF6, 0x0C, 0xF1, 0x3C, 0x0C, 0x41, 0xF6, 0x0C, 0xF1, 0xC8, 0x0C, 0x41
	.byte 0xF6, 0x0C, 0xF1, 0x3C, 0x0C, 0x41, 0xF6, 0x0C, 0xF1, 0xC8, 0x0C, 0x3F, 0xF6, 0x0C, 0x0C, 0x43
	.byte 0xF6, 0x0C, 0x0C, 0x43, 0xF6, 0x0C, 0xF1, 0x3C, 0x0C, 0x43, 0xF6, 0x0C, 0xF1, 0xC8, 0x0C, 0x44
	.byte 0xF6, 0x0C, 0xF1, 0x3C, 0x0C, 0x44, 0xF6, 0x0C, 0xF1, 0xC8, 0x0C, 0x46, 0xF6, 0x0C, 0xF1, 0x3C
	.byte 0x0C, 0x46, 0xF6, 0x0C, 0xF1, 0xC8, 0x0C, 0x4B, 0xF6, 0x0C, 0x0C, 0x43, 0xF6, 0x0C, 0x0C, 0x43
	.byte 0xF6, 0x0C, 0xF1, 0x3C, 0x0C, 0x43, 0xF6, 0x0C, 0xF1, 0xC8, 0x0C, 0x44, 0xF6, 0x0C, 0xF1, 0x3C
	.byte 0x0C, 0x44, 0xF6, 0x0C, 0xF1, 0xC8, 0x0C, 0x46, 0xF6, 0x0C, 0xF1, 0x3C, 0x0C, 0x46, 0xF6, 0x0C
	.byte 0xF1, 0xC8, 0x0C, 0x4B, 0xF6, 0x0C, 0x0C, 0x4B, 0xF6, 0x0C, 0x0C, 0x4B, 0xF6, 0x0C, 0xF1, 0x3C
	.byte 0x0C, 0x4B, 0xF6, 0x0C, 0xF1, 0xC8, 0x0C, 0x49, 0xF6, 0x0C, 0xF1, 0x3C, 0x0C, 0x49, 0xF6, 0x0C
	.byte 0xF1, 0xC8, 0x0C, 0x48, 0xF6, 0x0C, 0x0C, 0x49, 0xF6, 0x0C, 0x0C, 0x48, 0xF6, 0x0C, 0x0C, 0x46
	.byte 0xF6, 0x0C, 0x0C, 0x44, 0xF6, 0x0C, 0x0C, 0x43, 0xF6, 0x0C, 0x0C, 0x41, 0xF6, 0x0C, 0xF1, 0x3C
	.byte 0x0C, 0x41, 0xF6, 0x0C, 0xF1, 0xC8, 0x0C, 0x41, 0xF6, 0x0C, 0xF1, 0x3C, 0x0C, 0x41, 0xF6, 0x0C
	.byte 0xF1, 0xC8, 0x0C, 0x3F, 0xF6, 0x0C, 0xF6, 0xC0, 0xF6, 0xC0, 0xF6, 0xC0, 0xF6, 0xC0, 0xF6, 0xC0
	.byte 0xF6, 0xC0, 0xF6, 0xC0, 0xF6, 0xC0, 0x0C, 0x43, 0xF6, 0x0C, 0x0C, 0x43, 0xF6, 0x0C, 0xF1, 0x3C
	.byte 0x0C, 0x43, 0xF6, 0x0C, 0xF1, 0xC8, 0x0C, 0x44, 0xF6, 0x0C, 0xF1, 0x3C, 0x0C, 0x44, 0xF6, 0x0C
	.byte 0xF1, 0xC8, 0x0C, 0x46, 0xF6, 0x0C, 0xF1, 0x3C, 0x0C, 0x46, 0xF6, 0x0C, 0xF1, 0xC8, 0x0C, 0x4B
	.byte 0xF6, 0x0C, 0x0C, 0x43, 0xF6, 0x0C, 0x0C, 0x43, 0xF6, 0x0C, 0xF1, 0x3C, 0x0C, 0x43, 0xF6, 0x0C
	.byte 0xF1, 0xC8, 0x0C, 0x44, 0xF6, 0x0C, 0xF1, 0x3C, 0x0C, 0x44, 0xF6, 0x0C, 0xF1, 0xC8, 0x0C, 0x46
	.byte 0xF6, 0x0C, 0xF1, 0x3C, 0x0C, 0x46, 0xF6, 0x0C, 0xF1, 0xC8, 0x0C, 0x4B, 0xF6, 0x0C, 0x0C, 0x4B
	.byte 0xF6, 0x0C, 0x0C, 0x4B, 0xF6, 0x0C, 0xF1, 0x3C, 0x0C, 0x4B, 0xF6, 0x0C, 0xF1, 0xC8, 0x0C, 0x49
	.byte 0xF6, 0x0C, 0xF1, 0x3C, 0x0C, 0x49, 0xF6, 0x0C, 0xF1, 0xC8, 0x0C, 0x48, 0xF6, 0x0C, 0x0C, 0x49
	.byte 0xF6, 0x0C, 0x0C, 0x48, 0xF6, 0x0C, 0x0C, 0x46, 0xF6, 0x0C, 0x0C, 0x44, 0xF6, 0x0C, 0x0C, 0x43
	.byte 0xF6, 0x0C, 0x0C, 0x41, 0xF6, 0x0C, 0xF1, 0x3C, 0x0C, 0x41, 0xF6, 0x0C, 0xF1, 0xC8, 0x0C, 0x41
	.byte 0xF6, 0x0C, 0xF1, 0x3C, 0x0C, 0x41, 0xF6, 0x0C, 0xF1, 0xC8, 0x0C, 0x3F, 0xF6, 0x0C, 0x0C, 0x43
	.byte 0xF6, 0x0C, 0x0C, 0x43, 0xF6, 0x0C, 0xF1, 0x3C, 0x0C, 0x43, 0xF6, 0x0C, 0xF1, 0xC8, 0x0C, 0x44
	.byte 0xF6, 0x0C, 0xF1, 0x3C, 0x0C, 0x44, 0xF6, 0x0C, 0xF1, 0xC8, 0x0C, 0x46, 0xF6, 0x0C, 0xF1, 0x3C
	.byte 0x0C, 0x46, 0xF6, 0x0C, 0xF1, 0xC8, 0x0C, 0x4B, 0xF6, 0x0C, 0x0C, 0x43, 0xF6, 0x0C, 0x0C, 0x43
	.byte 0xF6, 0x0C, 0xF1, 0x3C, 0x0C, 0x43, 0xF6, 0x0C, 0xF1, 0xC8, 0x0C, 0x44, 0xF6, 0x0C, 0xF1, 0x3C
	.byte 0x0C, 0x44, 0xF6, 0x0C, 0xF1, 0xC8, 0x0C, 0x46, 0xF6, 0x0C, 0xF1, 0x3C, 0x0C, 0x46, 0xF6, 0x0C
	.byte 0xF1, 0xC8, 0x0C, 0x4B, 0xF6, 0x0C, 0x0C, 0x4B, 0xF6, 0x0C, 0x0C, 0x4B, 0xF6, 0x0C, 0xF1, 0x3C
	.byte 0x0C, 0x4B, 0xF6, 0x0C, 0xF1, 0xC8, 0x0C, 0x49, 0xF6, 0x0C, 0xF1, 0x3C, 0x0C, 0x49, 0xF6, 0x0C
	.byte 0xF1, 0xC8, 0x0C, 0x48, 0xF6, 0x0C, 0x0C, 0x49, 0xF6, 0x0C, 0x0C, 0x48, 0xF6, 0x0C, 0x0C, 0x46
	.byte 0xF6, 0x0C, 0x0C, 0x44, 0xF6, 0x0C, 0x0C, 0x43, 0xF6, 0x0C, 0x0C, 0x41, 0xF6, 0x0C, 0x0C, 0x41
	.byte 0xF6, 0x0C, 0x0C, 0x4B, 0xF6, 0x0C, 0xF1, 0x3C, 0x0C, 0x4B, 0xF6, 0x0C, 0xF1, 0xC8, 0x18, 0x4B
	.byte 0xFF, 0xF9, 0xB6, 0xF1, 0xA0, 0xF2, 0x80, 0xF0, 0x27, 0x16, 0x33, 0xF6, 0x1A, 0x16, 0x33, 0xF6
	.byte 0x02, 0x16, 0x3A, 0xF6, 0x1A, 0x16, 0x3A, 0xF6, 0x02, 0x16, 0x37, 0xF6, 0x02, 0x16, 0x3F, 0xF6
	.byte 0x02, 0x16, 0x33, 0xF6, 0x1A, 0x16, 0x33, 0xF6, 0x02, 0x16, 0x3A, 0xF6, 0x1A, 0x16, 0x3A, 0xF6
	.byte 0x02, 0x16, 0x37, 0xF6, 0x02, 0x16, 0x3F, 0xF6, 0x02, 0x16, 0x31, 0xF6, 0x1A, 0x16, 0x31, 0xF6
	.byte 0x02, 0x16, 0x38, 0xF6, 0x1A, 0x16, 0x38, 0xF6, 0x02, 0x16, 0x35, 0xF6, 0x02, 0x16, 0x3D, 0xF6
	.byte 0x02, 0x16, 0x31, 0xF6, 0x1A, 0x16, 0x31, 0xF6, 0x02, 0x16, 0x38, 0xF6, 0x1A, 0x16, 0x38, 0xF6
	.byte 0x02, 0x16, 0x35, 0xF6, 0x02, 0x16, 0x3D, 0xF6, 0x02, 0x16, 0x33, 0xF6, 0x1A, 0x16, 0x33, 0xF6
	.byte 0x02, 0x16, 0x3A, 0xF6, 0x1A, 0x16, 0x3A, 0xF6, 0x02, 0x16, 0x37, 0xF6, 0x02, 0x16, 0x3F, 0xF6
	.byte 0x02, 0x16, 0x33, 0xF6, 0x1A, 0x16, 0x33, 0xF6, 0x02, 0x16, 0x3A, 0xF6, 0x1A, 0x16, 0x3A, 0xF6
	.byte 0x02, 0x16, 0x37, 0xF6, 0x02, 0x16, 0x3F, 0xF6, 0x02, 0x16, 0x31, 0xF6, 0x1A, 0x16, 0x31, 0xF6
	.byte 0x02, 0x16, 0x38, 0xF6, 0x1A, 0x16, 0x38, 0xF6, 0x02, 0x16, 0x35, 0xF6, 0x02, 0x16, 0x3D, 0xF6
	.byte 0x02, 0x16, 0x31, 0xF6, 0x1A, 0x16, 0x31, 0xF6, 0x02, 0x16, 0x38, 0xF6, 0x1A, 0x16, 0x38, 0xF6
	.byte 0x02, 0x16, 0x35, 0xF6, 0x02, 0x16, 0x3D, 0xF6, 0x02, 0x16, 0x38, 0xF6, 0x1A, 0x16, 0x38, 0xF6
	.byte 0x02, 0x16, 0x41, 0xF6, 0x1A, 0x16, 0x44, 0xF6, 0x02, 0x16, 0x41, 0xF6, 0x02, 0x16, 0x48, 0xF6
	.byte 0x02, 0x16, 0x37, 0xF6, 0x1A, 0x16, 0x37, 0xF6, 0x02, 0x16, 0x3F, 0xF6, 0x1A, 0x16, 0x43, 0xF6
	.byte 0x02, 0x16, 0x3F, 0xF6, 0x02, 0x16, 0x46, 0xF6, 0x02, 0x16, 0x36, 0xF6, 0x1A, 0x16, 0x36, 0xF6
	.byte 0x02, 0x16, 0x3F, 0xF6, 0x1A, 0x16, 0x42, 0xF6, 0x02, 0x16, 0x3F, 0xF6, 0x02, 0x16, 0x46, 0xF6
	.byte 0x02, 0x16, 0x3A, 0xF6, 0x1A, 0x16, 0x3A, 0xF6, 0x02, 0x16, 0x41, 0xF6, 0x1A, 0x16, 0x46, 0xF6
	.byte 0x02, 0x16, 0x41, 0xF6, 0x02, 0x16, 0x4A, 0xF6, 0x02, 0x16, 0x38, 0xF6, 0x1A, 0x16, 0x38, 0xF6
	.byte 0x02, 0x16, 0x41, 0xF6, 0x1A, 0x16, 0x44, 0xF6, 0x02, 0x16, 0x41, 0xF6, 0x02, 0x16, 0x48, 0xF6
	.byte 0x02, 0x16, 0x37, 0xF6, 0x1A, 0x16, 0x37, 0xF6, 0x02, 0x16, 0x3F, 0xF6, 0x1A, 0x16, 0x43, 0xF6
	.byte 0x02, 0x16, 0x3F, 0xF6, 0x02, 0x16, 0x46, 0xF6, 0x02, 0x16, 0x36, 0xF6, 0x1A, 0x16, 0x36, 0xF6
	.byte 0x02, 0x16, 0x3F, 0xF6, 0x1A, 0x16, 0x42, 0xF6, 0x02, 0x16, 0x3F, 0xF6, 0x02, 0x16, 0x46, 0xF6
	.byte 0x02, 0x16, 0x3A, 0xF6, 0x1A, 0x16, 0x3A, 0xF6, 0x02, 0x16, 0x41, 0xF6, 0x1A, 0x16, 0x46, 0xF6
	.byte 0x02, 0x16, 0x44, 0xF6, 0x02, 0x16, 0x4A, 0xF6, 0x02, 0x16, 0x33, 0xF6, 0x1A, 0x16, 0x33, 0xF6
	.byte 0x02, 0x16, 0x3A, 0xF6, 0x1A, 0x16, 0x3A, 0xF6, 0x02, 0x16, 0x37, 0xF6, 0x02, 0x16, 0x3F, 0xF6
	.byte 0x02, 0x16, 0x33, 0xF6, 0x1A, 0x16, 0x33, 0xF6, 0x02, 0x16, 0x3A, 0xF6, 0x1A, 0x16, 0x3A, 0xF6
	.byte 0x02, 0x16, 0x37, 0xF6, 0x02, 0x16, 0x3F, 0xF6, 0x02, 0x16, 0x31, 0xF6, 0x1A, 0x16, 0x31, 0xF6
	.byte 0x02, 0x16, 0x38, 0xF6, 0x1A, 0x16, 0x38, 0xF6, 0x02, 0x16, 0x35, 0xF6, 0x02, 0x16, 0x3D, 0xF6
	.byte 0x02, 0x16, 0x31, 0xF6, 0x1A, 0x16, 0x31, 0xF6, 0x02, 0x16, 0x38, 0xF6, 0x1A, 0x16, 0x38, 0xF6
	.byte 0x02, 0x16, 0x35, 0xF6, 0x02, 0x16, 0x3D, 0xF6, 0x02, 0x16, 0x33, 0xF6, 0x1A, 0x16, 0x33, 0xF6
	.byte 0x02, 0x16, 0x3A, 0xF6, 0x1A, 0x16, 0x3A, 0xF6, 0x02, 0x16, 0x37, 0xF6, 0x02, 0x16, 0x3F, 0xF6
	.byte 0x02, 0x16, 0x33, 0xF6, 0x1A, 0x16, 0x33, 0xF6, 0x02, 0x16, 0x3A, 0xF6, 0x1A, 0x16, 0x3A, 0xF6
	.byte 0x02, 0x16, 0x37, 0xF6, 0x02, 0x16, 0x3F, 0xF6, 0x02, 0x16, 0x31, 0xF6, 0x1A, 0x16, 0x31, 0xF6
	.byte 0x02, 0x16, 0x38, 0xF6, 0x1A, 0x16, 0x38, 0xF6, 0x02, 0x16, 0x35, 0xF6, 0x02, 0x16, 0x3D, 0xF6
	.byte 0x02, 0x2E, 0x33, 0xF6, 0x02, 0x16, 0x37, 0xF6, 0x02, 0x16, 0x3A, 0xF6, 0x1A, 0x16, 0x33, 0xF6
	.byte 0x1A, 0x16, 0x33, 0xF6, 0x02, 0xFF, 0xF9, 0xB6, 0xF2, 0xD0, 0xF0, 0x6D, 0xF1, 0x64, 0x0C, 0x3F
	.byte 0xF6, 0x0C, 0x0C, 0x3F, 0xF6, 0x0C, 0x0C, 0x3F, 0xF6, 0x0C, 0x0C, 0x41, 0xF6, 0x0C, 0x0C, 0x41
	.byte 0xF6, 0x0C, 0x0C, 0x43, 0xF6, 0x0C, 0x0C, 0x43, 0xF6, 0x0C, 0x0C, 0x43, 0xF6, 0x0C, 0xF2, 0x30
	.byte 0x0C, 0x3F, 0xF6, 0x0C, 0x0C, 0x3F, 0xF6, 0x0C, 0x0C, 0x3F, 0xF6, 0x0C, 0x0C, 0x41, 0xF6, 0x0C
	.byte 0x0C, 0x41, 0xF6, 0x0C, 0x0C, 0x43, 0xF6, 0x0C, 0x0C, 0x43, 0xF6, 0x0C, 0x0C, 0x43, 0xF6, 0x0C
	.byte 0xF2, 0xD0, 0x0C, 0x44, 0xF6, 0x0C, 0x0C, 0x44, 0xF6, 0x0C, 0x0C, 0x44, 0xF6, 0x0C, 0x0C, 0x44
	.byte 0xF6, 0x0C, 0x0C, 0x44, 0xF6, 0x0C, 0x0C, 0x44, 0xF6, 0x0C, 0x0C, 0x44, 0xF6, 0x0C, 0x0C, 0x44
	.byte 0xF6, 0x0C, 0xF2, 0x30, 0x0C, 0x3D, 0xF6, 0x0C, 0x0C, 0x3D, 0xF6, 0x0C, 0x0C, 0x3F, 0xF6, 0x0C
	.byte 0x0C, 0x3D, 0xF6, 0x0C, 0x0C, 0x3D, 0xF6, 0x0C, 0x0C, 0x3D, 0xF6, 0x0C, 0x0C, 0x3D, 0xF6, 0x0C
	.byte 0x0C, 0x38, 0xF6, 0x0C, 0xF2, 0xD0, 0x0C, 0x3F, 0xF6, 0x0C, 0x0C, 0x3F, 0xF6, 0x0C, 0x0C, 0x3F
	.byte 0xF6, 0x0C, 0x0C, 0x41, 0xF6, 0x0C, 0x0C, 0x41, 0xF6, 0x0C, 0x0C, 0x43, 0xF6, 0x0C, 0x0C, 0x43
	.byte 0xF6, 0x0C, 0x0C, 0x43, 0xF6, 0x0C, 0xF2, 0x30, 0x0C, 0x3F, 0xF6, 0x0C, 0x0C, 0x3F, 0xF6, 0x0C
	.byte 0x0C, 0x3F, 0xF6, 0x0C, 0x0C, 0x41, 0xF6, 0x0C, 0x0C, 0x41, 0xF6, 0x0C, 0x0C, 0x43, 0xF6, 0x0C
	.byte 0x0C, 0x43, 0xF6, 0x0C, 0x0C, 0x43, 0xF6, 0x0C, 0xF2, 0xD0, 0x0C, 0x44, 0xF6, 0x0C, 0x0C, 0x44
	.byte 0xF6, 0x0C, 0x0C, 0x44, 0xF6, 0x0C, 0x0C, 0x44, 0xF6, 0x0C, 0x0C, 0x44, 0xF6, 0x0C, 0x0C, 0x44
	.byte 0xF6, 0x0C, 0x0C, 0x44, 0xF6, 0x0C, 0x0C, 0x44, 0xF6, 0x0C, 0xF2, 0x30, 0x0C, 0x3D, 0xF6, 0x0C
	.byte 0x0C, 0x3D, 0xF6, 0x0C, 0x0C, 0x3F, 0xF6, 0x0C, 0x0C, 0x3D, 0xF6, 0x0C, 0x0C, 0x3D, 0xF6, 0x0C
	.byte 0x0C, 0x49, 0xF6, 0x0C, 0x0C, 0x49, 0xF6, 0x0C, 0x18, 0x44, 0xF6, 0xC0, 0xF6, 0xC0, 0xF6, 0xC0
	.byte 0xF6, 0xC0, 0xF6, 0xC0, 0xF6, 0xC0, 0xF6, 0xC0, 0xF6, 0xC0, 0xF2, 0xD0, 0x0C, 0x3F, 0xF6, 0x0C
	.byte 0x0C, 0x3F, 0xF6, 0x0C, 0x0C, 0x3F, 0xF6, 0x0C, 0x0C, 0x41, 0xF6, 0x0C, 0x0C, 0x41, 0xF6, 0x0C
	.byte 0x0C, 0x43, 0xF6, 0x0C, 0x0C, 0x43, 0xF6, 0x0C, 0x0C, 0x43, 0xF6, 0x0C, 0xF2, 0x30, 0x0C, 0x3F
	.byte 0xF6, 0x0C, 0x0C, 0x3F, 0xF6, 0x0C, 0x0C, 0x3F, 0xF6, 0x0C, 0x0C, 0x41, 0xF6, 0x0C, 0x0C, 0x41
	.byte 0xF6, 0x0C, 0x0C, 0x43, 0xF6, 0x0C, 0x0C, 0x43, 0xF6, 0x0C, 0x0C, 0x43, 0xF6, 0x0C, 0xF2, 0xD0
	.byte 0x0C, 0x44, 0xF6, 0x0C, 0x0C, 0x44, 0xF6, 0x0C, 0x0C, 0x44, 0xF6, 0x0C, 0x0C, 0x44, 0xF6, 0x0C
	.byte 0x0C, 0x44, 0xF6, 0x0C, 0x0C, 0x44, 0xF6, 0x0C, 0x0C, 0x44, 0xF6, 0x0C, 0x0C, 0x44, 0xF6, 0x0C
	.byte 0xF2, 0x30, 0x0C, 0x3D, 0xF6, 0x0C, 0x0C, 0x3D, 0xF6, 0x0C, 0x0C, 0x3F, 0xF6, 0x0C, 0x0C, 0x3D
	.byte 0xF6, 0x0C, 0x0C, 0x3D, 0xF6, 0x0C, 0x0C, 0x3D, 0xF6, 0x0C, 0x0C, 0x3D, 0xF6, 0x0C, 0x0C, 0x38
	.byte 0xF6, 0x0C, 0xF2, 0xD0, 0x0C, 0x3F, 0xF6, 0x0C, 0x0C, 0x3F, 0xF6, 0x0C, 0x0C, 0x3F, 0xF6, 0x0C
	.byte 0x0C, 0x41, 0xF6, 0x0C, 0x0C, 0x41, 0xF6, 0x0C, 0x0C, 0x43, 0xF6, 0x0C, 0x0C, 0x43, 0xF6, 0x0C
	.byte 0x0C, 0x43, 0xF6, 0x0C, 0xF2, 0x30, 0x0C, 0x3F, 0xF6, 0x0C, 0x0C, 0x3F, 0xF6, 0x0C, 0x0C, 0x3F
	.byte 0xF6, 0x0C, 0x0C, 0x41, 0xF6, 0x0C, 0x0C, 0x41, 0xF6, 0x0C, 0x0C, 0x43, 0xF6, 0x0C, 0x0C, 0x43
	.byte 0xF6, 0x0C, 0x0C, 0x43, 0xF6, 0x0C, 0xF2, 0xD0, 0x0C, 0x44, 0xF6, 0x0C, 0x0C, 0x44, 0xF6, 0x0C
	.byte 0x0C, 0x44, 0xF6, 0x0C, 0x0C, 0x44, 0xF6, 0x0C, 0x0C, 0x44, 0xF6, 0x0C, 0x0C, 0x44, 0xF6, 0x0C
	.byte 0x0C, 0x44, 0xF6, 0x0C, 0x0C, 0x44, 0xF6, 0x0C, 0xF2, 0x30, 0x0C, 0x43, 0xF6, 0x0C, 0x0C, 0x41
	.byte 0xF6, 0x0C, 0x0C, 0x3F, 0xF6, 0x0C, 0x0C, 0x3E, 0xF6, 0x0C, 0x0C, 0x3E, 0xF6, 0x0C, 0xF2, 0xD0
	.byte 0x0C, 0x43, 0xF6, 0x0C, 0x0C, 0x43, 0xF6, 0x0C, 0xF2, 0x30, 0x18, 0x43, 0xFF, 0xF9, 0xB6, 0xF2
	.byte 0x80, 0xF0, 0x49, 0xF1, 0x8C, 0x00, 0xBA, 0xC0, 0x60, 0x3A, 0x60, 0x3C, 0x00, 0xBD, 0xC0, 0x60
	.byte 0x3D, 0x30, 0x3C, 0x30, 0x38, 0x30, 0x3A, 0x30, 0x37, 0x00, 0xB3, 0x60, 0x60, 0x33, 0x60, 0x3C
	.byte 0x00, 0xBD, 0xC0, 0xA8, 0x3D, 0xF6, 0x18, 0xF2, 0x76, 0x15, 0x4A, 0xF6, 0x03, 0x15, 0x4A, 0xF6
	.byte 0x1B, 0x30, 0x48, 0x18, 0x48, 0x30, 0x4A, 0x30, 0x4B, 0xF6, 0x18, 0x60, 0x46, 0xF6, 0x18, 0xF6
	.byte 0x48, 0x30, 0x46, 0x18, 0x46, 0x18, 0x48, 0xF6, 0x18, 0x90, 0x4A, 0xF6, 0x30, 0x18, 0x4A, 0x18
	.byte 0x4A, 0xF6, 0x18, 0x30, 0x48, 0x18, 0x48, 0x30, 0x4A, 0x30, 0x4B, 0xF6, 0x18, 0x60, 0x46, 0xF6
	.byte 0x18, 0x18, 0x4B, 0x18, 0x4B, 0xF6, 0x18, 0x30, 0x4B, 0xF6, 0x18, 0x30, 0x4D, 0x30, 0x4B, 0xF6
	.byte 0x18, 0x60, 0x4A, 0xF6, 0x18, 0x00, 0xBA, 0xC0, 0x60, 0x3A, 0x60, 0x3C, 0x00, 0xBD, 0xC0, 0x60
	.byte 0x3D, 0x30, 0x3C, 0x30, 0x38, 0x30, 0x3A, 0x30, 0x37, 0x00, 0xB3, 0x60, 0x60, 0x33, 0x60, 0x3C
	.byte 0xC0, 0x3D, 0x60, 0x3A, 0xF6, 0x18, 0x18, 0x3F, 0xF6, 0x18, 0x18, 0x3F, 0xFF, 0xF9, 0xB6, 0xF2
	.byte 0x8A, 0xF0, 0x49, 0xF1, 0x64, 0xF6, 0xC0, 0xF6, 0xC0, 0xF6, 0xC0, 0xF6, 0xC0, 0xF6, 0xC0, 0xF6
	.byte 0xC0, 0xF6, 0xC0, 0xF6, 0xC0, 0x15, 0x41, 0xF6, 0x03, 0x15, 0x41, 0xF6, 0x1B, 0x30, 0x41, 0x18
	.byte 0x41, 0x30, 0x41, 0x30, 0x43, 0xF6, 0x18, 0x60, 0x43, 0xF6, 0x18, 0xF6, 0x48, 0x30, 0x3F, 0x18
	.byte 0x3F, 0x18, 0x3F, 0xF6, 0x18, 0x90, 0x41, 0xF6, 0x30, 0x15, 0x41, 0xF6, 0x03, 0x15, 0x41, 0xF6
	.byte 0x1B, 0x30, 0x41, 0x18, 0x41, 0x30, 0x41, 0x30, 0x43, 0xF6, 0x18, 0x60, 0x43, 0xF6, 0x18, 0x18
	.byte 0x42, 0x18, 0x42, 0xF6, 0x18, 0x30, 0x42, 0xF6, 0x18, 0x30, 0x44, 0x30, 0x46, 0xF6, 0x18, 0x60
	.byte 0x41, 0xF6, 0x18, 0x00, 0xB7, 0xC0, 0x60, 0x37, 0x60, 0x38, 0x00, 0xB8, 0xC0, 0x60, 0x38, 0x30
	.byte 0x38, 0x30, 0x35, 0x30, 0x37, 0x30, 0x33, 0x00, 0xAE, 0x60, 0x60, 0x2E, 0x60, 0x38, 0xC0, 0x38
	.byte 0x60, 0x37, 0xF6, 0x18, 0x18, 0x37, 0xF6, 0x18, 0x18, 0x37, 0xFF, 0xF9, 0xB6, 0xF2, 0x80, 0xF0
	.byte 0x00, 0xF1, 0x78, 0x30, 0x24, 0x18, 0x29, 0x30, 0x24, 0x18, 0x24, 0x30, 0x29, 0x18, 0x24, 0x18
	.byte 0x24, 0x18, 0x29, 0x30, 0x24, 0x18, 0x24, 0x18, 0x29, 0x18, 0x24, 0x30, 0x24, 0x18, 0x29, 0x30
	.byte 0x24, 0x18, 0x24, 0x30, 0x29, 0x18, 0x29, 0x18, 0x24, 0x18, 0x29, 0x30, 0x24, 0x18, 0x24, 0x18
	.byte 0x29, 0x18, 0x24, 0x30, 0x24, 0x18, 0x29, 0x30, 0x24, 0x18, 0x24, 0x30, 0x29, 0x18, 0x24, 0x18
	.byte 0x24, 0x18, 0x29, 0x30, 0x24, 0x18, 0x24, 0x18, 0x29, 0x18, 0x24, 0x30, 0x24, 0x18, 0x29, 0x30
	.byte 0x24, 0x18, 0x24, 0x30, 0x29, 0x18, 0x29, 0x18, 0x24, 0x18, 0x29, 0x30, 0x24, 0x18, 0x29, 0x30
	.byte 0x29, 0x30, 0x24, 0x18, 0x29, 0x30, 0x24, 0x18, 0x24, 0x30, 0x29, 0x18, 0x29, 0x18, 0x24, 0x18
	.byte 0x29, 0x30, 0x24, 0x18, 0x24, 0x18, 0x29, 0x18, 0x24, 0x30, 0x24, 0x18, 0x29, 0x30, 0x24, 0x18
	.byte 0x24, 0x30, 0x29, 0x18, 0x29, 0x18, 0x24, 0x18, 0x29, 0x30, 0x24, 0x18, 0x24, 0x18, 0x29, 0x18
	.byte 0x24, 0x30, 0x24, 0x18, 0x29, 0x30, 0x24, 0x18, 0x24, 0x30, 0x29, 0x18, 0x29, 0x18, 0x24, 0x18
	.byte 0x29, 0x30, 0x24, 0x18, 0x24, 0x18, 0x29, 0x18, 0x24, 0x30, 0x24, 0x18, 0x29, 0x30, 0x24, 0x18
	.byte 0x24, 0x30, 0x29, 0x18, 0x24, 0x18, 0x29, 0x18, 0x24, 0x18, 0x29, 0x18, 0x29, 0x18, 0x24, 0x18
	.byte 0x29, 0x18, 0x29, 0x30, 0x24, 0x18, 0x29, 0x30, 0x24, 0x18, 0x24, 0x30, 0x29, 0x18, 0x24, 0x18
	.byte 0x24, 0x18, 0x29, 0x30, 0x24, 0x18, 0x24, 0x18, 0x29, 0x18, 0x24, 0x30, 0x24, 0x18, 0x29, 0x30
	.byte 0x24, 0x18, 0x24, 0x30, 0x29, 0x18, 0x29, 0x18, 0x24, 0x18, 0x29, 0x30, 0x24, 0x18, 0x24, 0x18
	.byte 0x29, 0x18, 0x24, 0x30, 0x24, 0x18, 0x29, 0x30, 0x24, 0x18, 0x24, 0x30, 0x29, 0x18, 0x24, 0x18
	.byte 0x24, 0x18, 0x29, 0x30, 0x24, 0x18, 0x24, 0x18, 0x29, 0x18, 0x24, 0x30, 0x24, 0x18, 0x29, 0x30
	.byte 0x24, 0x18, 0x24, 0x30, 0x29, 0x18, 0x29, 0x18, 0x24, 0x18, 0x29, 0x30, 0x24, 0x18, 0x29, 0x18
	.byte 0x24, 0x18, 0x29, 0xFF, 0xF9, 0xB6, 0xF2, 0x80, 0xF0, 0x0C, 0xF1, 0x64, 0xF6, 0xC0, 0xF6, 0xC0
	.byte 0xF6, 0xC0, 0xF6, 0xC0, 0xF6, 0xC0, 0xF6, 0xC0, 0xF6, 0xC0, 0xF6, 0xC0, 0xF2, 0xE4, 0x08, 0x4D
	.byte 0xF6, 0x04, 0x08, 0x4D, 0xF6, 0x04, 0x08, 0x54, 0xF6, 0x04, 0x08, 0x54, 0xF6, 0x04, 0x08, 0x50
	.byte 0xF6, 0x04, 0x08, 0x50, 0xF6, 0x04, 0x08, 0x59, 0xF6, 0x04, 0x08, 0x59, 0xF6, 0x04, 0x08, 0x4D
	.byte 0xF6, 0x04, 0x08, 0x4D, 0xF6, 0x04, 0x08, 0x54, 0xF6, 0x04, 0x08, 0x54, 0xF6, 0x04, 0x08, 0x4D
	.byte 0xF6, 0x04, 0x08, 0x4D, 0xF6, 0x04, 0x08, 0x50, 0xF6, 0x04, 0x08, 0x50, 0xF6, 0x04, 0x08, 0x52
	.byte 0xF6, 0x04, 0x08, 0x52, 0xF6, 0x04, 0x08, 0x5B, 0xF6, 0x04, 0x08, 0x5B, 0xF6, 0x04, 0x08, 0x57
	.byte 0xF6, 0x04, 0x08, 0x57, 0xF6, 0x04, 0x08, 0x5E, 0xF6, 0x04, 0x08, 0x5E, 0xF6, 0x04, 0x08, 0x52
	.byte 0xF6, 0x04, 0x08, 0x52, 0xF6, 0x04, 0x08, 0x5B, 0xF6, 0x04, 0x08, 0x5B, 0xF6, 0x04, 0x08, 0x52
	.byte 0xF6, 0x04, 0x08, 0x52, 0xF6, 0x04, 0x08, 0x57, 0xF6, 0x04, 0x08, 0x57, 0xF6, 0x04, 0xF2, 0x1C
	.byte 0x08, 0x52, 0xF6, 0x04, 0x08, 0x52, 0xF6, 0x04, 0x08, 0x5A, 0xF6, 0x04, 0x08, 0x5A, 0xF6, 0x04
	.byte 0x08, 0x57, 0xF6, 0x04, 0x08, 0x57, 0xF6, 0x04, 0x08, 0x5E, 0xF6, 0x04, 0x08, 0x5E, 0xF6, 0x04
	.byte 0x08, 0x52, 0xF6, 0x04, 0x08, 0x52, 0xF6, 0x04, 0x08, 0x5A, 0xF6, 0x04, 0x08, 0x5A, 0xF6, 0x04
	.byte 0x08, 0x52, 0xF6, 0x04, 0x08, 0x52, 0xF6, 0x04, 0x08, 0x57, 0xF6, 0x04, 0x08, 0x57, 0xF6, 0x04
	.byte 0x08, 0x4D, 0xF6, 0x04, 0x08, 0x4D, 0xF6, 0x04, 0x08, 0x56, 0xF6, 0x04, 0x08, 0x56, 0xF6, 0x04
	.byte 0x08, 0x52, 0xF6, 0x04, 0x08, 0x52, 0xF6, 0x04, 0x08, 0x59, 0xF6, 0x04, 0x08, 0x59, 0xF6, 0x04
	.byte 0x08, 0x4D, 0xF6, 0x04, 0x08, 0x4D, 0xF6, 0x04, 0x08, 0x56, 0xF6, 0x04, 0x08, 0x56, 0xF6, 0x04
	.byte 0x08, 0x4D, 0xF6, 0x04, 0x08, 0x4D, 0xF6, 0x04, 0x08, 0x52, 0xF6, 0x04, 0x08, 0x52, 0xF6, 0x04
	.byte 0xF2, 0xE4, 0x08, 0x4D, 0xF6, 0x04, 0x08, 0x4D, 0xF6, 0x04, 0x08, 0x54, 0xF6, 0x04, 0x08, 0x54
	.byte 0xF6, 0x04, 0x08, 0x50, 0xF6, 0x04, 0x08, 0x50, 0xF6, 0x04, 0x08, 0x59, 0xF6, 0x04, 0x08, 0x59
	.byte 0xF6, 0x04, 0x08, 0x4D, 0xF6, 0x04, 0x08, 0x4D, 0xF6, 0x04, 0x08, 0x54, 0xF6, 0x04, 0x08, 0x54
	.byte 0xF6, 0x04, 0x08, 0x4D, 0xF6, 0x04, 0x08, 0x4D, 0xF6, 0x04, 0x08, 0x50, 0xF6, 0x04, 0x08, 0x50
	.byte 0xF6, 0x04, 0x08, 0x52, 0xF6, 0x04, 0x08, 0x52, 0xF6, 0x04, 0x08, 0x5B, 0xF6, 0x04, 0x08, 0x5B
	.byte 0xF6, 0x04, 0x08, 0x57, 0xF6, 0x04, 0x08, 0x57, 0xF6, 0x04, 0x08, 0x5E, 0xF6, 0x04, 0x08, 0x5E
	.byte 0xF6, 0x04, 0x08, 0x52, 0xF6, 0x04, 0x08, 0x52, 0xF6, 0x04, 0x08, 0x5B, 0xF6, 0x04, 0x08, 0x5B
	.byte 0xF6, 0x04, 0x08, 0x52, 0xF6, 0x04, 0x08, 0x52, 0xF6, 0x04, 0x08, 0x57, 0xF6, 0x04, 0x08, 0x57
	.byte 0xF6, 0x04, 0xF2, 0x1C, 0x08, 0x52, 0xF6, 0x04, 0x08, 0x52, 0xF6, 0x04, 0x08, 0x5A, 0xF6, 0x04
	.byte 0x08, 0x5A, 0xF6, 0x04, 0x08, 0x57, 0xF6, 0x04, 0x08, 0x57, 0xF6, 0x04, 0x08, 0x5E, 0xF6, 0x04
	.byte 0x08, 0x5E, 0xF6, 0x04, 0x08, 0x52, 0xF6, 0x04, 0x08, 0x52, 0xF6, 0x04, 0x08, 0x5A, 0xF6, 0x04
	.byte 0x08, 0x5A, 0xF6, 0x04, 0x08, 0x52, 0xF6, 0x04, 0x08, 0x52, 0xF6, 0x04, 0x08, 0x57, 0xF6, 0x04
	.byte 0x08, 0x57, 0xF6, 0x04, 0x08, 0x52, 0xF6, 0x04, 0x08, 0x52, 0xF6, 0x04, 0x08, 0x56, 0xF6, 0x04
	.byte 0x08, 0x56, 0xF6, 0x04, 0x08, 0x52, 0xF6, 0x04, 0x08, 0x52, 0xF6, 0x04, 0x08, 0x5C, 0xF6, 0x04
	.byte 0x08, 0x5C, 0xF6, 0x04, 0x08, 0x4D, 0xF6, 0x04, 0x08, 0x4D, 0xF6, 0x04, 0x08, 0x59, 0xF6, 0x04
	.byte 0x08, 0x59, 0xF6, 0x04, 0x08, 0x4D, 0xF6, 0x04, 0x08, 0x4D, 0xF6, 0x04, 0x08, 0x52, 0xF6, 0x04
	.byte 0x08, 0x52, 0xF6, 0x04, 0xF6, 0xC0, 0xF6, 0xC0, 0xF6, 0xC0, 0xF6, 0xC0, 0xF6, 0xC0, 0xF6, 0xC0
	.byte 0xF6, 0xC0, 0xF6, 0xC0, 0xFF, 0xF9, 0xB6, 0xF2, 0x44, 0xF0, 0x00, 0xF1, 0x3C, 0x0C, 0x2C, 0xF6
	.byte 0x0C, 0x18, 0x2E, 0x0C, 0x2C, 0xF6, 0x0C, 0x0C, 0x2C, 0xF6, 0x0C, 0x18, 0x2E, 0x0C, 0x2C, 0xF6
	.byte 0x0C, 0x0C, 0x2C, 0xF6, 0x0C, 0x18, 0x2E, 0x0C, 0x2C, 0xF6, 0x0C, 0x18, 0x2E, 0x0C, 0x2C, 0xF6
	.byte 0x0C, 0x0C, 0x2C, 0xF6, 0x0C, 0x18, 0x2E, 0x0C, 0x2C, 0xF6, 0x0C, 0x0C, 0x2C, 0xF6, 0x0C, 0x18
	.byte 0x2E, 0x06, 0x2C, 0xF6, 0x06, 0x06, 0x2C, 0xF6, 0x06, 0x18, 0x2E, 0x0C, 0x2C, 0xF6, 0x0C, 0x0C
	.byte 0x2C, 0xF6, 0x0C, 0x18, 0x2E, 0x0C, 0x2C, 0xF6, 0x0C, 0x0C, 0x2C, 0xF6, 0x0C, 0x18, 0x2E, 0x0C
	.byte 0x2C, 0xF6, 0x0C, 0x18, 0x2E, 0x0C, 0x2C, 0xF6, 0x0C, 0x18, 0x2E, 0x0C, 0x2C, 0xF6, 0x0C, 0x0C
	.byte 0x2C, 0xF6, 0x0C, 0x06, 0x2C, 0xF6, 0x06, 0x06, 0x2C, 0xF6, 0x06, 0x18, 0x2E, 0x0C, 0x2C, 0xF6
	.byte 0x0C, 0x18, 0x2E, 0x0C, 0x2C, 0xF6, 0x0C, 0x0C, 0x2C, 0xF6, 0x0C, 0x18, 0x2E, 0x0C, 0x2C, 0xF6
	.byte 0x0C, 0x0C, 0x2C, 0xF6, 0x0C, 0x18, 0x2E, 0x0C, 0x2C, 0xF6, 0x0C, 0x18, 0x2E, 0x0C, 0x2C, 0xF6
	.byte 0x0C, 0x0C, 0x2C, 0xF6, 0x0C, 0x18, 0x2E, 0x0C, 0x2C, 0xF6, 0x0C, 0x0C, 0x2C, 0xF6, 0x0C, 0x18
	.byte 0x2E, 0x06, 0x2C, 0xF6, 0x06, 0x06, 0x2C, 0xF6, 0x06, 0x18, 0x2E, 0x0C, 0x2C, 0xF6, 0x0C, 0x0C
	.byte 0x2C, 0xF6, 0x0C, 0x18, 0x2E, 0x0C, 0x2C, 0xF6, 0x0C, 0x0C, 0x2C, 0xF6, 0x0C, 0x18, 0x2E, 0x0C
	.byte 0x2C, 0xF6, 0x0C, 0x18, 0x2E, 0x0C, 0x2C, 0xF6, 0x0C, 0x18, 0x2E, 0x0C, 0x2C, 0xF6, 0x0C, 0x0C
	.byte 0x2C, 0xF6, 0x0C, 0x06, 0x2C, 0xF6, 0x06, 0x06, 0x2C, 0xF6, 0x06, 0x18, 0x2E, 0x0C, 0x2C, 0xF6
	.byte 0x0C, 0x18, 0x2E, 0x0C, 0x2C, 0xF6, 0x0C, 0x0C, 0x2C, 0xF6, 0x0C, 0x18, 0x2E, 0x0C, 0x2C, 0xF6
	.byte 0x0C, 0x0C, 0x2C, 0xF6, 0x0C, 0x18, 0x2E, 0x0C, 0x2C, 0xF6, 0x0C, 0x18, 0x2E, 0x0C, 0x2C, 0xF6
	.byte 0x0C, 0x18, 0x2E, 0x0C, 0x2C, 0xF6, 0x0C, 0x0C, 0x2C, 0xF6, 0x0C, 0x0C, 0x2C, 0xF6, 0x0C, 0x18
	.byte 0x2E, 0x06, 0x2C, 0xF6, 0x06, 0x06, 0x2C, 0xF6, 0x06, 0x18, 0x2E, 0x0C, 0x2C, 0xF6, 0x0C, 0x0C
	.byte 0x2C, 0xF6, 0x0C, 0x18, 0x2E, 0x0C, 0x2C, 0xF6, 0x0C, 0x0C, 0x2C, 0xF6, 0x0C, 0x18, 0x2E, 0x0C
	.byte 0x2C, 0xF6, 0x0C, 0x18, 0x2E, 0x0C, 0x2C, 0xF6, 0x0C, 0x18, 0x2E, 0x0C, 0x2C, 0xF6, 0x0C, 0x0C
	.byte 0x2C, 0xF6, 0x0C, 0x06, 0x2C, 0xF6, 0x06, 0x06, 0x2C, 0xF6, 0x06, 0x18, 0x2E, 0x0C, 0x2C, 0xF6
	.byte 0x0C, 0x18, 0x2E, 0x0C, 0x2C, 0xF6, 0x0C, 0x0C, 0x2C, 0xF6, 0x0C, 0x18, 0x2E, 0x0C, 0x2C, 0xF6
	.byte 0x0C, 0x0C, 0x2C, 0xF6, 0x0C, 0x18, 0x2E, 0x0C, 0x2C, 0xF6, 0x0C, 0x18, 0x2E, 0x0C, 0x2C, 0xF6
	.byte 0x0C, 0x18, 0x2E, 0x0C, 0x2C, 0xF6, 0x0C, 0x0C, 0x2C, 0xF6, 0x0C, 0x0C, 0x2C, 0xF6, 0x0C, 0x18
	.byte 0x2E, 0x06, 0x2C, 0xF6, 0x06, 0x06, 0x2C, 0xF6, 0x06, 0x18, 0x2E, 0x0C, 0x2C, 0xF6, 0x0C, 0x0C
	.byte 0x2C, 0xF6, 0x0C, 0x18, 0x2E, 0x0C, 0x2C, 0xF6, 0x0C, 0x0C, 0x2C, 0xF6, 0x0C, 0x18, 0x2E, 0x0C
	.byte 0x2C, 0xF6, 0x0C, 0x18, 0x2E, 0x0C, 0x2C, 0xF6, 0x0C, 0x0C, 0x2C, 0xF6, 0x0C, 0x18, 0x2E, 0x0C
	.byte 0x2C, 0xF6, 0x0C, 0x06, 0x2C, 0xF6, 0x06, 0x06, 0x2C, 0xF6, 0x06, 0x18, 0x2E, 0x0C, 0x2C, 0xF6
	.byte 0x0C, 0x18, 0x2E, 0x0C, 0x2C, 0xF6, 0x0C, 0x0C, 0x2C, 0xF6, 0x0C, 0x18, 0x2E, 0x0C, 0x2C, 0xF6
	.byte 0x0C, 0x0C, 0x2C, 0xF6, 0x0C, 0x18, 0x2E, 0x0C, 0x2C, 0xF6, 0x0C, 0x18, 0x2E, 0x0C, 0x2C, 0xF6
	.byte 0x0C, 0x0C, 0x2C, 0xF6, 0x0C, 0x18, 0x2E, 0x0C, 0x2C, 0xF6, 0x0C, 0x0C, 0x2C, 0xF6, 0x0C, 0x18
	.byte 0x2E, 0x06, 0x2C, 0xF6, 0x06, 0x06, 0x2C, 0xF6, 0x06, 0x18, 0x2E, 0x0C, 0x2C, 0xF6, 0x0C, 0x0C
	.byte 0x2C, 0xF6, 0x0C, 0x18, 0x2E, 0x0C, 0x2C, 0xF6, 0x0C, 0x0C, 0x2C, 0xF6, 0x0C, 0x18, 0x2E, 0x0C
	.byte 0x2C, 0xF6, 0x0C, 0x18, 0x2E, 0x0C, 0x2C, 0xF6, 0x0C, 0x18, 0x2E, 0x0C, 0x2C, 0xF6, 0x0C, 0x0C
	.byte 0x2C, 0xF6, 0x0C, 0x06, 0x2C, 0xF6, 0x06, 0x06, 0x2C, 0xF6, 0x06, 0x18, 0x2E, 0x0C, 0x2C, 0xF6
	.byte 0x0C, 0x18, 0x2E, 0x0C, 0x2C, 0xF6, 0x0C, 0x0C, 0x2C, 0xF6, 0x0C, 0x18, 0x2E, 0x0C, 0x2C, 0xF6
	.byte 0x0C, 0x0C, 0x2C, 0xF6, 0x0C, 0x18, 0x2E, 0x0C, 0x2C, 0xF6, 0x0C, 0x18, 0x2E, 0x0C, 0x2C, 0xF6
	.byte 0x0C, 0x0C, 0x2C, 0xF6, 0x0C, 0x18, 0x2E, 0x0C, 0x2C, 0xF6, 0x0C, 0x0C, 0x2C, 0xF6, 0x0C, 0x18
	.byte 0x2E, 0x06, 0x2C, 0xF6, 0x06, 0x06, 0x2C, 0xF6, 0x06, 0x18, 0x2E, 0x0C, 0x2C, 0xF6, 0x0C, 0x0C
	.byte 0x2C, 0xF6, 0x0C, 0x18, 0x2E, 0x0C, 0x2C, 0xF6, 0x0C, 0x0C, 0x2C, 0xF6, 0x0C, 0x18, 0x2E, 0x0C
	.byte 0x2C, 0xF6, 0x0C, 0x18, 0x2E, 0x0C, 0x2C, 0xF6, 0x0C, 0x0C, 0x2C, 0xF6, 0x0C, 0x18, 0x2E, 0x18
	.byte 0x2E, 0x0C, 0x2C, 0xF6, 0x0C, 0x18, 0x2E, 0xFF, 0x00, 0x04, 0x04, 0x00, 0xF0, 0xC6, 0xF1, 0x64
	.byte 0x02, 0x53, 0x02, 0x58, 0x02, 0x54, 0x02, 0x59, 0x02, 0x56, 0x02, 0x5B, 0x02, 0x58, 0x02, 0x5D
	.byte 0x02, 0x5A, 0x02, 0x5F, 0x02, 0x5B, 0x08, 0x60, 0xF1, 0x3C, 0x04, 0x60, 0xF1, 0x28, 0x04, 0x60
	.byte 0xFF, 0x00, 0x00, 0x00, 0x02, 0x00, 0x04, 0x00, 0xF0, 0xDE, 0xF1, 0xDC, 0x60, 0x3C, 0xFF, 0x00
	.byte 0x02, 0x00, 0x04, 0x00, 0xF0, 0xDF, 0xF1, 0xDC, 0x60, 0x3C, 0xFF, 0x00, 0x02, 0x00, 0x04, 0x00
	.byte 0xF0, 0xE0, 0xF1, 0xDC, 0x8C, 0x3C, 0xFF, 0x00, 0x02, 0x00, 0x04, 0x00, 0xF0, 0xE1, 0xF1, 0xDC
	.byte 0x30, 0x3C, 0xFF, 0x00, 0x02, 0x00, 0x04, 0x00, 0xF0, 0xE2, 0xF1, 0xDC, 0x60, 0x3C, 0xFF, 0x00
	.byte 0x02, 0x00, 0x04, 0x00, 0xF0, 0xE3, 0xF1, 0xDC, 0x60, 0x3C, 0xFF, 0x00, 0x02, 0x00, 0x04, 0x00
	.byte 0xF0, 0x7B, 0xF1, 0xDC, 0x60, 0x3C, 0xFF, 0x00, 0x01, 0x00, 0x04, 0x00, 0xF0, 0xE5, 0xF1, 0xDC
	.byte 0x60, 0x3C, 0xFF, 0x00, 0x02, 0x00, 0x04, 0x00, 0xF0, 0xE6, 0xF1, 0xDC, 0x60, 0x3C, 0xFF, 0x00
	.byte 0x01, 0x00, 0x04, 0x00, 0xF0, 0xE7, 0xF1, 0xF0, 0x60, 0x3C, 0xFF, 0x00, 0x01, 0x00, 0x04, 0x00
	.byte 0xF0, 0xE8, 0xF1, 0xF0, 0xC0, 0x3C, 0xFF, 0x00, 0x01, 0x00, 0x04, 0x00, 0xF0, 0xE9, 0xF1, 0xDC
	.byte 0x30, 0x3C, 0xFF, 0x00, 0x01, 0x00, 0x04, 0x00, 0xF0, 0xEA, 0xF1, 0xDC, 0xC0, 0x3C, 0xFF, 0x00
	.byte 0x02, 0x00, 0x04, 0x00, 0xF0, 0xEC, 0xF1, 0xFA, 0x60, 0x3C, 0xFF, 0x00, 0x02, 0x00, 0x04, 0x00
	.byte 0xF0, 0xED, 0xF1, 0xDC, 0xC0, 0x3C, 0xFF, 0x00, 0x02, 0x00, 0x04, 0x00, 0xF0, 0xEE, 0xF1, 0xDC
	.byte 0xC0, 0x3C, 0xFF, 0x00, 0x02, 0x00, 0x04, 0x00, 0xF0, 0xEF, 0xF1, 0xDC, 0x56, 0x3C, 0xFF, 0x00
	.byte 0x02, 0x00, 0x04, 0x00, 0xF0, 0xF0, 0xF1, 0xDC, 0x60, 0x3C, 0xFF, 0x00, 0x01, 0x00, 0x04, 0x00
	.byte 0xF9, 0x78, 0xF0, 0xCA, 0xF1, 0xDC, 0x60, 0x3C, 0xFF, 0x00, 0x00, 0x00, 0x01, 0x00, 0x04, 0x00
	.byte 0xF9, 0x78, 0xF0, 0xCB, 0xF1, 0xDC, 0x60, 0x3C, 0xFF, 0x00, 0x00, 0x00, 0x01, 0x00, 0x04, 0x00
	.byte 0xF9, 0x78, 0xF0, 0xCC, 0xF1, 0xB4, 0x60, 0x3C, 0xFF, 0x00, 0x00, 0x00, 0x01, 0x00, 0x04, 0x00
	.byte 0xF0, 0xCD, 0xF1, 0xDC, 0x60, 0x3C, 0xFF, 0x00, 0x01, 0x00, 0x04, 0x00, 0xF0, 0xCE, 0xF1, 0xC8
	.byte 0x20, 0x3C, 0xFF, 0x00, 0x01, 0x00, 0x04, 0x00, 0xF0, 0xCF, 0xF1, 0xA0, 0x60, 0x3C, 0xFF, 0x00
	.byte 0x01, 0x00, 0x04, 0x00, 0xF0, 0xD0, 0xF1, 0x96, 0x60, 0x3C, 0xFF, 0x00, 0x01, 0x00, 0x04, 0x00
	.byte 0xF0, 0xD1, 0xF1, 0xC8, 0x60, 0x3C, 0xFF, 0x00, 0x01, 0x00, 0x04, 0x00, 0xF0, 0xD2, 0xF1, 0xC8
	.byte 0x60, 0x3C, 0xFF, 0x00, 0x01, 0x00, 0x04, 0x00, 0xF0, 0xD3, 0xF1, 0xDC, 0x20, 0x3C, 0xFF, 0x00
	.byte 0x01, 0x00, 0x04, 0x00, 0xF0, 0xD4, 0xF1, 0xC8, 0x40, 0x3C, 0xFF, 0x00, 0x01, 0x00, 0x04, 0x00
	.byte 0xF0, 0xD5, 0xF1, 0xE6, 0x60, 0x3C, 0xFF, 0x00, 0x01, 0x00, 0x04, 0x00, 0xF0, 0xD6, 0xF1, 0xC8
	.byte 0x20, 0x3C, 0xFF, 0x00, 0x01, 0x00, 0x04, 0x00, 0xF0, 0xD7, 0xF1, 0xC8, 0x30, 0x3C, 0xFF, 0x00
	.byte 0x01, 0x00, 0x04, 0x00, 0xF0, 0xD8, 0xF1, 0xC8, 0x60, 0x3C, 0xFF, 0x00, 0x01, 0x00, 0x04, 0x00
	.byte 0xF0, 0xDA, 0xF1, 0xC8, 0x60, 0x3C, 0xFF, 0x00, 0x01, 0x00, 0x04, 0x00, 0xF0, 0xDB, 0xF1, 0xC8
	.byte 0x60, 0x3C, 0xFF, 0x00, 0x01, 0x00, 0x04, 0x00, 0xF0, 0xDC, 0xF1, 0xC8, 0x00, 0xBC, 0xC0, 0x00
	.byte 0xBC, 0xC0, 0x00, 0xBC, 0xC0, 0x00, 0xBC, 0xC0, 0xF8, 0xED, 0xFF, 0x00, 0x01, 0x00, 0x04, 0x00
	.byte 0xF0, 0xC8, 0xF1, 0xFA, 0xC0, 0x3C, 0xFF, 0x00, 0x01, 0x00, 0x04, 0x00, 0xF0, 0xC9, 0xF1, 0xFA
	.byte 0xC0, 0x3C, 0xFF, 0x00, 0x00, 0x0C, 0x06, 0x00, 0x15, 0x00, 0xF0, 0xC6, 0xF1, 0x50, 0xF6, 0x04
	.byte 0x02, 0x60, 0x04, 0x6C, 0xF1, 0x14, 0x06, 0x6C, 0xFF, 0xF0, 0xC3, 0xF1, 0x50, 0x02, 0x45, 0xF6
	.byte 0x02, 0xF1, 0x14, 0x02, 0x51, 0xFF, 0x00, 0x00, 0x00, 0x0C, 0x06, 0x00, 0x38, 0x00, 0xF0, 0xC6
	.byte 0xF1, 0x50, 0xF6, 0x04, 0xF4, 0x30, 0xF5, 0x00, 0x00, 0xC5, 0x01, 0xF5, 0x08, 0x00, 0xC5, 0x01
	.byte 0xF5, 0x10, 0x00, 0xC5, 0x01, 0xF5, 0x18, 0x00, 0xC5, 0x01, 0xF5, 0x20, 0x00, 0xC5, 0x01, 0xF5
	.byte 0x28, 0x00, 0xC5, 0x01, 0xF5, 0x30, 0x00, 0xC5, 0x01, 0xF5, 0x38, 0x01, 0x45, 0xF5, 0x40, 0xFF
	.byte 0xF0, 0xC3, 0xF1, 0x64, 0x02, 0x3C, 0xF6, 0x02, 0xFF, 0x00, 0x00, 0x00, 0x00, 0x04, 0x04, 0x00
	.byte 0xF9, 0x82, 0xF0, 0xC6, 0xF1, 0x46, 0xF4, 0x1C, 0xF5, 0x00, 0x00, 0xC3, 0x01, 0xF5, 0x08, 0x00
	.byte 0xC3, 0x01, 0xF5, 0x10, 0x00, 0xC3, 0x01, 0xF5, 0x18, 0x00, 0xC3, 0x01, 0xF5, 0x20, 0x00, 0xC3
	.byte 0x01, 0xF5, 0x28, 0x00, 0xC3, 0x01, 0xF5, 0x30, 0x01, 0x43, 0xF5, 0x38, 0xF6, 0x02, 0xF1, 0x50
	.byte 0xF5, 0x00, 0x00, 0xCA, 0x01, 0xF5, 0x08, 0x00, 0xCA, 0x01, 0xF5, 0x10, 0x00, 0xCA, 0x01, 0xF5
	.byte 0x18, 0x00, 0xCA, 0x01, 0xF5, 0x20, 0x00, 0xCA, 0x01, 0xF5, 0x28, 0x00, 0xCA, 0x01, 0xF5, 0x30
	.byte 0x00, 0xCA, 0x01, 0xF5, 0x38, 0x01, 0x4A, 0xF1, 0x14, 0x01, 0x4A, 0xFF, 0x01, 0x00, 0x04, 0x00
	.byte 0xF0, 0xF3, 0xF1, 0xB4, 0xC0, 0x3C, 0xFF, 0xF0, 0xC5, 0xF1, 0xC8, 0xF4, 0x0C, 0xF5, 0x80, 0x00
	.byte 0xC5, 0x04, 0xF5, 0x88, 0x00, 0xC5, 0x04, 0xF5, 0x90, 0xF1, 0xA0, 0x00, 0xC5, 0x04, 0xF5, 0x98
	.byte 0x04, 0x45, 0xF5, 0xA0, 0xF1, 0x8C, 0x00, 0xC5, 0x02, 0xF5, 0xA8, 0x00, 0xC5, 0x02, 0xF5, 0xB0
	.byte 0x00, 0xC5, 0x02, 0xF5, 0xB8, 0xF1, 0x50, 0x00, 0xC5, 0x02, 0xF5, 0xC0, 0x00, 0xC5, 0x02, 0xF5
	.byte 0xC8, 0x00, 0xC5, 0x02, 0xF5, 0xD0, 0x00, 0xC5, 0x02, 0xF5, 0xD8, 0x02, 0x45, 0xF5, 0xE0, 0xF1
	.byte 0x32, 0x00, 0xC5, 0x01, 0xF5, 0xE8, 0x00, 0xC5, 0x01, 0xF5, 0xF0, 0x00, 0xC5, 0x01, 0xF5, 0xF8
	.byte 0x01, 0x45, 0xF1, 0x14, 0xF5, 0x00, 0x00, 0xC5, 0x01, 0xF5, 0x08, 0x00, 0xC5, 0x01, 0xF5, 0x10
	.byte 0x00, 0xC5, 0x02, 0xF5, 0x18, 0x02, 0x45, 0xF5, 0x20, 0xFF, 0x00, 0x00, 0x00, 0x04, 0x04, 0x00
	.byte 0xF0, 0xC6, 0xF1, 0x41, 0x08, 0x53, 0x18, 0x58, 0xF1, 0x14, 0x08, 0x58, 0xFF, 0x00, 0x00, 0x00
	.byte 0x00, 0x04, 0x04, 0x00, 0xF0, 0xC6, 0xF1, 0x46, 0xF4, 0x10, 0xF5, 0x68, 0x00, 0xDD, 0x04, 0xF5
	.byte 0x60, 0x00, 0xDD, 0x04, 0xF5, 0x58, 0x00, 0xDD, 0x04, 0xF5, 0x50, 0x00, 0xDD, 0x02, 0xF5, 0x48
	.byte 0x00, 0xDD, 0x02, 0xF5, 0x40, 0x00, 0xDD, 0x02, 0xF5, 0x38, 0x00, 0xDD, 0x01, 0xF5, 0x30, 0x00
	.byte 0xDD, 0x01, 0xF5, 0x28, 0x00, 0xDD, 0x01, 0xF5, 0x20, 0x00, 0xDD, 0x01, 0xF5, 0x18, 0x00, 0xDD
	.byte 0x01, 0xF5, 0x10, 0x00, 0xDD, 0x01, 0xF5, 0x00, 0x00, 0xDD, 0x01, 0xF5, 0xF0, 0x00, 0xDD, 0x01
	.byte 0xF5, 0xE8, 0x00, 0xDD, 0x01, 0xF5, 0xE0, 0x00, 0xDD, 0x01, 0xF5, 0xD8, 0x00, 0xDD, 0x01, 0xF5
	.byte 0xD0, 0x00, 0xDD, 0x01, 0xF5, 0xC8, 0x00, 0xDD, 0x01, 0xF5, 0xC0, 0x00, 0xDD, 0x01, 0xF5, 0xB8
	.byte 0x00, 0xDD, 0x01, 0xF5, 0xB0, 0x00, 0xDD, 0x01, 0xF5, 0xA8, 0x00, 0xDD, 0x01, 0xF5, 0xA0, 0xF1
	.byte 0x14, 0xF5, 0x98, 0x00, 0xDD, 0x01, 0xF5, 0x90, 0x00, 0xDD, 0x01, 0xF5, 0x88, 0x00, 0xDD, 0x01
	.byte 0xF5, 0x80, 0x01, 0x5D, 0xF5, 0x78, 0xFF, 0x00, 0x00, 0x08, 0x04, 0x00, 0xF0, 0xC3, 0xF1, 0x64
	.byte 0x04, 0x3B, 0xF6, 0x02, 0x02, 0x58, 0xFF, 0x00, 0x00, 0x04, 0x04, 0x00, 0xF0, 0xC5, 0xF1, 0x46
	.byte 0xF4, 0x18, 0xF5, 0x00, 0x00, 0xD1, 0x04, 0xF5, 0x10, 0x00, 0xD1, 0x04, 0xF5, 0x18, 0x00, 0xD1
	.byte 0x04, 0xF5, 0x20, 0x00, 0xD1, 0x02, 0xF5, 0x28, 0x00, 0xD1, 0x02, 0xF5, 0x30, 0x00, 0xD1, 0x02
	.byte 0xF5, 0x38, 0x02, 0x51, 0xF5, 0x40, 0xF1, 0x14, 0x00, 0xD1, 0x02, 0xF5, 0x48, 0x00, 0xD1, 0x02
	.byte 0xF5, 0x50, 0x00, 0xD1, 0x02, 0xF5, 0x58, 0x02, 0x51, 0xF5, 0x60, 0xFF, 0x00, 0x04, 0x04, 0x00
	.byte 0xF0, 0xC5, 0xF1, 0x46, 0xF4, 0x10, 0xF5, 0x00, 0x00, 0xC5, 0x04, 0xF5, 0x10, 0x00, 0xC5, 0x04
	.byte 0xF5, 0x18, 0x00, 0xC5, 0x02, 0xF5, 0x20, 0x00, 0xC5, 0x02, 0xF5, 0x28, 0x00, 0xC5, 0x01, 0xF5
	.byte 0x30, 0x00, 0xC5, 0x01, 0xF5, 0x38, 0x01, 0x45, 0xF5, 0x40, 0xF1, 0x28, 0x00, 0xC5, 0x01, 0xF5
	.byte 0x48, 0x00, 0xC5, 0x01, 0xF5, 0x50, 0x01, 0x45, 0xF5, 0x58, 0x01, 0x45, 0xF5, 0x60, 0xF1, 0x14
	.byte 0x00, 0xC5, 0x01, 0xF5, 0x68, 0x00, 0xC5, 0x01, 0xF5, 0x70, 0x00, 0xC5, 0x01, 0xF5, 0x78, 0x01
	.byte 0x45, 0xF5, 0x80, 0xFF, 0x00, 0x0C, 0x06, 0x00, 0x11, 0x00, 0xF0, 0xC6, 0xF1, 0x50, 0xF6, 0x04
	.byte 0x01, 0x51, 0x01, 0x4A, 0xFF, 0xF0, 0xC3, 0xF1, 0x64, 0x02, 0x48, 0xF6, 0x02, 0x01, 0x54, 0xFF
	.byte 0x00, 0x04, 0x04, 0x00, 0xF9, 0x82, 0xF0, 0xC6, 0xF4, 0x18, 0xF1, 0x46, 0xF5, 0x00, 0x00, 0xCA
	.byte 0x01, 0xF5, 0x08, 0x00, 0xCA, 0x01, 0xF5, 0x10, 0x00, 0xCA, 0x01, 0xF5, 0x18, 0x00, 0xCA, 0x01
	.byte 0xF5, 0x20, 0x00, 0xCA, 0x01, 0xF5, 0x28, 0x01, 0x4A, 0xF5, 0x30, 0xF6, 0x02, 0xF1, 0x50, 0xF5
	.byte 0x00, 0x00, 0xCA, 0x01, 0xF5, 0xF8, 0x00, 0xCA, 0x01, 0xF5, 0xF0, 0x00, 0xCA, 0x01, 0xF5, 0xE8
	.byte 0x00, 0xCA, 0x01, 0xF5, 0xE0, 0x00, 0xCA, 0x01, 0xF5, 0xD8, 0x00, 0xCA, 0x01, 0xF5, 0xD0, 0x01
	.byte 0x4A, 0xF5, 0xC8, 0xF1, 0x14, 0x02, 0x4A, 0xFF, 0x00, 0x04, 0x04, 0x00, 0xF0, 0xC6, 0xF1, 0x50
	.byte 0x01, 0x54, 0x01, 0x4F, 0x01, 0x48, 0xF6, 0x01, 0x01, 0x43, 0x01, 0x3C, 0x01, 0x37, 0xF6, 0x01
	.byte 0x01, 0x43, 0x01, 0x3C, 0x01, 0x37, 0xF6, 0x01, 0xF1, 0x28, 0x01, 0x43, 0x01, 0x3C, 0x01, 0x37
	.byte 0xF6, 0x01, 0x01, 0x43, 0x01, 0x3C, 0x01, 0x37, 0xF6, 0x04, 0xF1, 0x50, 0x01, 0x54, 0x01, 0x4F
	.byte 0x01, 0x48, 0xF6, 0x01, 0x01, 0x43, 0x01, 0x3C, 0x01, 0x37, 0xF6, 0x01, 0x01, 0x43, 0x01, 0x3C
	.byte 0x01, 0x37, 0xF6, 0x01, 0xF1, 0x28, 0x01, 0x43, 0x01, 0x3C, 0x01, 0x37, 0xF6, 0x01, 0x01, 0x43
	.byte 0x01, 0x3C, 0x01, 0x37, 0xF6, 0x04, 0xF1, 0x50, 0x01, 0x54, 0x01, 0x4F, 0x01, 0x48, 0xF6, 0x01
	.byte 0x01, 0x43, 0x01, 0x3C, 0x01, 0x37, 0xF6, 0x01, 0x01, 0x43, 0x01, 0x3C, 0x01, 0x37, 0xF6, 0x01
	.byte 0xF1, 0x28, 0x01, 0x43, 0x01, 0x3C, 0x01, 0x37, 0xF6, 0x01, 0x01, 0x43, 0x01, 0x3C, 0x01, 0x37
	.byte 0xFF, 0x00, 0x00, 0x00, 0x00, 0x0C, 0x06, 0x00, 0xAD, 0x00, 0xF9, 0x64, 0xF0, 0xC6, 0xF4, 0x18
	.byte 0xF1, 0x20, 0xF5, 0x00, 0x01, 0x54, 0xF5, 0x08, 0x01, 0x54, 0xF5, 0x10, 0x01, 0x54, 0xF5, 0x18
	.byte 0x01, 0x54, 0xF5, 0x20, 0x01, 0x54, 0xF5, 0x28, 0x01, 0x54, 0xF5, 0x00, 0xF6, 0x02, 0xF1, 0x40
	.byte 0xF5, 0x00, 0x01, 0x54, 0xF5, 0x08, 0x01, 0x54, 0xF5, 0x10, 0x01, 0x54, 0xF5, 0x18, 0x01, 0x54
	.byte 0xF5, 0x00, 0x01, 0x54, 0xF5, 0x08, 0x01, 0x54, 0xF5, 0x10, 0x01, 0x54, 0xF5, 0x18, 0x01, 0x54
	.byte 0xF5, 0x00, 0x01, 0x54, 0xF5, 0x08, 0x01, 0x54, 0xF5, 0x10, 0x01, 0x54, 0xF5, 0x18, 0x01, 0x54
	.byte 0xF9, 0x64, 0xF5, 0x00, 0x01, 0x54, 0xF5, 0x08, 0x01, 0x54, 0xF5, 0x10, 0x01, 0x54, 0xF5, 0x18
	.byte 0x01, 0x54, 0xF5, 0x20, 0xF5, 0x00, 0x01, 0x54, 0xF5, 0x08, 0x01, 0x54, 0xF5, 0x10, 0x01, 0x54
	.byte 0xF5, 0x18, 0x01, 0x54, 0xF5, 0x20, 0xF9, 0x50, 0xF5, 0x00, 0x01, 0x54, 0xF5, 0x08, 0x01, 0x54
	.byte 0xF5, 0x10, 0x01, 0x54, 0xF5, 0x18, 0x01, 0x54, 0xF5, 0x20, 0xF9, 0x3C, 0xF1, 0x20, 0xF5, 0x00
	.byte 0x01, 0x54, 0xF5, 0x08, 0x01, 0x54, 0xF5, 0x10, 0x01, 0x54, 0xF5, 0x18, 0x01, 0x54, 0xF5, 0x20
	.byte 0xFF, 0xF0, 0xC3, 0xF1, 0x1E, 0x06, 0x48, 0xF6, 0x02, 0xF1, 0x3C, 0x18, 0x48, 0xF1, 0x28, 0x08
	.byte 0x48, 0xF1, 0x14, 0x08, 0x48, 0xFF, 0x00, 0x00, 0x00, 0x04, 0x04, 0x00, 0xF0, 0xC6, 0xF1, 0x41
	.byte 0x0C, 0x58, 0x0C, 0x5B, 0x0C, 0x64, 0x0C, 0x60, 0x0C, 0x62, 0x0C, 0x67, 0xF1, 0x19, 0x06, 0x67
	.byte 0xFF, 0x00, 0x00, 0x00, 0x00, 0x04, 0x04, 0x00, 0xF0, 0xC6, 0xF1, 0x46, 0x02, 0x64, 0x02, 0x60
	.byte 0xFF, 0x00, 0x00, 0x00, 0x00, 0x04, 0x04, 0x00, 0xF0, 0xC6, 0xF1, 0x50, 0x02, 0x37, 0x02, 0x3C
	.byte 0x02, 0x43, 0x02, 0x48, 0x02, 0x4F, 0x02, 0x54, 0xF1, 0x1E, 0x02, 0x37, 0x02, 0x3C, 0x02, 0x43
	.byte 0x02, 0x48, 0x02, 0x4F, 0x02, 0x54, 0xFF, 0x00, 0x00, 0x0C, 0x06, 0x00, 0x15, 0x00, 0xF0, 0xC5
	.byte 0xF1, 0x5A, 0x02, 0x21, 0x02, 0x28, 0x02, 0x2D, 0x01, 0x34, 0x01, 0x39, 0xFF, 0xF0, 0xC3, 0xF1
	.byte 0x5A, 0xF6, 0x08, 0x02, 0x2D, 0x02, 0x45, 0x02, 0x39, 0xF6, 0x04, 0x02, 0x39, 0xF6, 0x04, 0x02
	.byte 0x39, 0xF6, 0x02, 0xF1, 0x14, 0x02, 0x39, 0xFF, 0x00, 0x04, 0x04, 0x00, 0xF0, 0xC6, 0xF4, 0x30
	.byte 0xF1, 0x46, 0xF5, 0x00, 0x00, 0xC8, 0x01, 0xF5, 0x08, 0x00, 0xC8, 0x01, 0xF5, 0x10, 0x00, 0xC8
	.byte 0x01, 0xF5, 0x18, 0x00, 0xC8, 0x01, 0xF5, 0x20, 0x00, 0xC8, 0x01, 0xF5, 0x28, 0x00, 0xC8, 0x01
	.byte 0xF5, 0x30, 0x00, 0xC8, 0x01, 0xF5, 0x38, 0x01, 0x48, 0xF5, 0x40, 0xF1, 0x1E, 0xF2, 0x96, 0xF5
	.byte 0x00, 0x00, 0xC8, 0x01, 0xF5, 0x08, 0x00, 0xC8, 0x01, 0xF5, 0x10, 0x00, 0xC8, 0x01, 0xF5, 0x18
	.byte 0x00, 0xC8, 0x01, 0xF5, 0x20, 0x00, 0xC8, 0x01, 0xF5, 0x28, 0x00, 0xC8, 0x01, 0xF5, 0x30, 0x00
	.byte 0xC8, 0x01, 0xF5, 0x38, 0x01, 0x48, 0xF5, 0x40, 0xF1, 0x0A, 0xF2, 0x64, 0xF5, 0x00, 0x00, 0xC8
	.byte 0x01, 0xF5, 0x08, 0x00, 0xC8, 0x01, 0xF5, 0x10, 0x00, 0xC8, 0x01, 0xF5, 0x18, 0x00, 0xC8, 0x01
	.byte 0xF5, 0x20, 0x00, 0xC8, 0x01, 0xF5, 0x28, 0x00, 0xC8, 0x01, 0xF5, 0x30, 0x00, 0xC8, 0x01, 0xF5
	.byte 0x38, 0x01, 0x48, 0xF5, 0x40, 0xFF, 0x00, 0x00, 0x00, 0x04, 0x04, 0x00, 0xF0, 0xC6, 0xF1, 0x50
	.byte 0x04, 0x60, 0xF1, 0x1E, 0x04, 0x60, 0xF1, 0x50, 0x04, 0x60, 0xF1, 0x1E, 0x04, 0x60, 0xF1, 0x28
	.byte 0x04, 0x60, 0xF1, 0x0A, 0x04, 0x60, 0xF1, 0x50, 0x04, 0x60, 0xF1, 0x1E, 0x04, 0x60, 0xF1, 0x50
	.byte 0x04, 0x60, 0xF1, 0x1E, 0x04, 0x60, 0xF1, 0x50, 0x04, 0x60, 0xF1, 0x1E, 0x04, 0x60, 0xF1, 0x28
	.byte 0x04, 0x60, 0xF1, 0x0A, 0x04, 0x60, 0xF1, 0x28, 0x04, 0x60, 0xF1, 0x0A, 0x04, 0x60, 0xFF, 0x00
	.byte 0x00, 0x0C, 0x06, 0x00, 0x43, 0x00, 0xF0, 0xC6, 0xF1, 0x50, 0x04, 0x1F, 0x02, 0x67, 0x02, 0x6C
	.byte 0x02, 0x73, 0x02, 0x6C, 0x02, 0x73, 0x02, 0x78, 0xF1, 0x14, 0x02, 0x67, 0x02, 0x6C, 0x02, 0x73
	.byte 0x02, 0x6C, 0x02, 0x73, 0x02, 0x78, 0xF1, 0x0A, 0x02, 0x67, 0x02, 0x6C, 0x02, 0x73, 0x02, 0x6C
	.byte 0x02, 0x73, 0x02, 0x78, 0xF1, 0x05, 0x02, 0x67, 0x02, 0x6C, 0x02, 0x73, 0x02, 0x6C, 0x02, 0x73
	.byte 0x02, 0x78, 0xFF, 0xF0, 0xC3, 0xF1, 0x50, 0x08, 0x43, 0xFF, 0x00, 0x00, 0x00, 0x0C, 0x06, 0x00
	.byte 0x5F, 0x00, 0xF0, 0xC6, 0xF1, 0x28, 0xF4, 0x14, 0xF5, 0x00, 0x00, 0xD3, 0x01, 0xF5, 0xF0, 0x00
	.byte 0xD3, 0x01, 0xF5, 0xE8, 0x00, 0xD3, 0x01, 0xF5, 0xE0, 0x00, 0xD3, 0x01, 0xF5, 0xD8, 0x00, 0xD3
	.byte 0x01, 0xF5, 0xD0, 0x00, 0xD3, 0x01, 0xF5, 0xC8, 0x00, 0xD3, 0x01, 0xF5, 0xC0, 0x00, 0xD3, 0x01
	.byte 0xF5, 0xB8, 0x00, 0xD3, 0x01, 0xF5, 0xB0, 0x00, 0xD3, 0x01, 0xF5, 0xA8, 0x00, 0xD3, 0x01, 0xF5
	.byte 0xA0, 0x00, 0xD3, 0x01, 0xF5, 0x98, 0x01, 0x53, 0xF1, 0x8C, 0xF5, 0x00, 0x02, 0x2B, 0x02, 0x32
	.byte 0xF6, 0x02, 0x02, 0x4F, 0xF6, 0x02, 0xF1, 0x0A, 0x02, 0x4F, 0xFF, 0xF0, 0xC3, 0xF1, 0x64, 0xF6
	.byte 0x0D, 0x03, 0x48, 0xFF, 0x00, 0x0C, 0x06, 0x00, 0x4D, 0x00, 0xF0, 0xC6, 0xF1, 0x50, 0xF4, 0x14
	.byte 0x00, 0xB7, 0x01, 0xF5, 0x10, 0x01, 0x37, 0xF5, 0x20, 0x01, 0x37, 0xF5, 0x28, 0x01, 0x37, 0xF5
	.byte 0x00, 0xF6, 0x14, 0x00, 0xBC, 0x01, 0xF5, 0xF0, 0x00, 0xBC, 0x01, 0xF5, 0xE0, 0x01, 0x3C, 0xF6
	.byte 0x08, 0x00, 0xB7, 0x01, 0xF5, 0x10, 0x01, 0x37, 0xF5, 0x20, 0x01, 0x37, 0xF5, 0x28, 0x01, 0x37
	.byte 0xF5, 0x00, 0xF6, 0x14, 0x00, 0xBC, 0x01, 0xF5, 0xF0, 0x00, 0xBC, 0x01, 0xF5, 0xE0, 0x01, 0x3C
	.byte 0xFF, 0xF0, 0xC3, 0xF1, 0x64, 0x04, 0x39, 0xF6, 0x14, 0x02, 0x45, 0xF6, 0x08, 0x04, 0x39, 0xF6
	.byte 0x14, 0x02, 0x45, 0xFF, 0x00, 0x0C, 0x06, 0x00, 0x15, 0x00, 0xF0, 0xC6, 0xF1, 0x50, 0xF6, 0x0C
	.byte 0x02, 0x60, 0x16, 0x6C, 0xF1, 0x14, 0x08, 0x6C, 0xFF, 0xF0, 0xC3, 0xF1, 0x50, 0x04, 0x45, 0x08
	.byte 0x39, 0xF1, 0x14, 0x20, 0x51, 0xFF, 0x00, 0x00, 0x00, 0x08, 0x04, 0x00, 0xF0, 0xC3, 0xF1, 0x50
	.byte 0x04, 0x60, 0xF6, 0x04, 0x04, 0x54, 0xF6, 0x04, 0x04, 0x48, 0xF6, 0x04, 0x04, 0x3C, 0xF6, 0x04
	.byte 0xF1, 0x28, 0x04, 0x60, 0xF6, 0x04, 0x04, 0x54, 0xF6, 0x04, 0x04, 0x48, 0xF6, 0x04, 0x04, 0x3C
	.byte 0xF6, 0x04, 0xFF, 0x00, 0x00, 0x0C, 0x06, 0x00, 0x19, 0x00, 0xF0, 0xC5, 0xF1, 0x64, 0x03, 0x18
	.byte 0xF6, 0x03, 0x03, 0x1F, 0xF6, 0x03, 0x03, 0x24, 0xF6, 0x03, 0x03, 0x2B, 0xFF, 0xF0, 0xC3, 0xF1
	.byte 0x78, 0x03, 0x39, 0xF6, 0x03, 0x03, 0x39, 0xF6, 0x03, 0x03, 0x39, 0xF6, 0x03, 0x04, 0x40, 0x0C
	.byte 0x3C, 0x04, 0x3B, 0x04, 0x39, 0x04, 0x37, 0xF1, 0x3C, 0x04, 0x3B, 0x04, 0x39, 0x04, 0x37, 0xF1
	.byte 0x14, 0x04, 0x3B, 0x04, 0x39, 0x04, 0x37, 0xFF, 0x00, 0x08, 0x04, 0x00, 0xF0, 0xC3, 0xF1, 0x78
	.byte 0x02, 0x43, 0xF6, 0x02, 0x02, 0x40, 0xF6, 0x02, 0x02, 0x3C, 0xF6, 0x02, 0x02, 0x39, 0xF6, 0x08
	.byte 0x02, 0x43, 0xF6, 0x02, 0x02, 0x40, 0xF6, 0x02, 0x02, 0x3C, 0xF6, 0x02, 0x02, 0x39, 0xFF, 0x00
	.byte 0x00, 0x0C, 0x06, 0x00, 0x1B, 0x00, 0xF0, 0xC6, 0xF1, 0x64, 0x02, 0x2F, 0x02, 0x28, 0x01, 0x6B
	.byte 0xF6, 0x02, 0x01, 0x77, 0x04, 0x78, 0xF1, 0x14, 0x04, 0x78, 0xFF, 0xF0, 0xC3, 0xF1, 0x78, 0x03
	.byte 0x48, 0xF6, 0x02, 0x02, 0x39, 0xF1, 0x1E, 0x0A, 0x5B, 0xFF, 0x00, 0x00, 0x00, 0x0C, 0x06, 0x00
	.byte 0x5F, 0x00, 0xF0, 0xC6, 0xF1, 0x50, 0xF4, 0x10, 0x00, 0xB0, 0x01, 0xF5, 0x08, 0x00, 0xB0, 0x01
	.byte 0xF5, 0x10, 0x00, 0xB0, 0x01, 0xF5, 0x18, 0x01, 0x30, 0xF5, 0x00, 0xF6, 0x08, 0x00, 0xCF, 0x01
	.byte 0xF5, 0xF8, 0x00, 0xCF, 0x01, 0xF5, 0xF0, 0x00, 0xCF, 0x01, 0xF5, 0xE8, 0x01, 0x4F, 0xF5, 0x00
	.byte 0xF1, 0x1E, 0x00, 0xB0, 0x01, 0xF5, 0x08, 0x00, 0xB0, 0x01, 0xF5, 0x10, 0x00, 0xB0, 0x01, 0xF5
	.byte 0x18, 0x01, 0x30, 0xF5, 0x00, 0xF6, 0x08, 0x00, 0xCF, 0x01, 0xF5, 0xF8, 0x00, 0xCF, 0x01, 0xF5
	.byte 0xF0, 0x00, 0xCF, 0x01, 0xF5, 0xE8, 0x01, 0x4F, 0xF5, 0x00, 0xFF, 0xF0, 0xC3, 0xF1, 0x50, 0x02
	.byte 0x39, 0xF6, 0x0A, 0x02, 0x45, 0xF1, 0x14, 0x02, 0x39, 0xF6, 0x0A, 0x02, 0x45, 0xFF, 0x00, 0x00
	.byte 0x00, 0x0C, 0x06, 0x00, 0x13, 0x00, 0xF0, 0xC5, 0xF1, 0x0A, 0xF6, 0x0A, 0x04, 0x73, 0x04, 0x74
	.byte 0x04, 0x75, 0xFF, 0xF0, 0xC3, 0xF1, 0x50, 0x02, 0x5D, 0xF6, 0x02, 0x04, 0x45, 0xF6, 0x02, 0x04
	.byte 0x69, 0x04, 0x51, 0xF1, 0x1E, 0x04, 0x51, 0xFF, 0x00, 0x0C, 0x06, 0x00, 0x0F, 0x00, 0xF0, 0xC6
	.byte 0xF1, 0xC8, 0x02, 0x2B, 0x02, 0x24, 0xFF, 0xF0, 0xC3, 0xF1, 0xC8, 0x02, 0x2B, 0x02, 0x24, 0x02
	.byte 0x43, 0xF6, 0x02, 0x02, 0x40, 0xF6, 0x02, 0x02, 0x43, 0xF6, 0x02, 0x02, 0x40, 0xF6, 0x02, 0x02
	.byte 0x3C, 0xF6, 0x02, 0x02, 0x3C, 0xF6, 0x02, 0x02, 0x39, 0xF6, 0x02, 0x02, 0x39, 0xF6, 0x02, 0xF1
	.byte 0x3C, 0x02, 0x3C, 0xF6, 0x02, 0x02, 0x3C, 0xF6, 0x02, 0x02, 0x39, 0xF6, 0x02, 0x02, 0x39, 0xF6
	.byte 0x02, 0xFF, 0x00, 0x00, 0x00, 0x04, 0x04, 0x00, 0xF0, 0xC6, 0xF1, 0xB4, 0xF4, 0x10, 0xF5, 0x00
	.byte 0x00, 0xAD, 0x04, 0xF5, 0xE0, 0x00, 0xAD, 0x04, 0xF5, 0xC8, 0x02, 0x2D, 0xFF, 0x00, 0x00, 0x00
	.byte 0x00, 0x04, 0x04, 0x00, 0xF0, 0xC6, 0xF1, 0x50, 0x01, 0x4A, 0xF6, 0x01, 0x01, 0x4C, 0xF6, 0x01
	.byte 0x01, 0x4E, 0xF6, 0x01, 0x01, 0x50, 0xF6, 0x01, 0x01, 0x52, 0xF6, 0x01, 0x01, 0x54, 0xF6, 0x01
	.byte 0x01, 0x56, 0xF6, 0x01, 0x01, 0x58, 0xF6, 0x01, 0x01, 0x5A, 0xF1, 0x28, 0x01, 0x4C, 0xF6, 0x01
	.byte 0x01, 0x4E, 0xF6, 0x01, 0x01, 0x50, 0xF6, 0x01, 0x01, 0x52, 0xF6, 0x01, 0x01, 0x54, 0xF6, 0x01
	.byte 0x01, 0x56, 0xF6, 0x01, 0x01, 0x58, 0xF6, 0x01, 0x01, 0x5A, 0xF1, 0x14, 0x01, 0x4C, 0xF6, 0x01
	.byte 0x01, 0x4E, 0xF6, 0x01, 0x01, 0x50, 0xF6, 0x01, 0x01, 0x52, 0xF6, 0x01, 0x01, 0x54, 0xF6, 0x01
	.byte 0x01, 0x56, 0xF6, 0x01, 0x01, 0x58, 0xF6, 0x01, 0x01, 0x5A, 0xFF, 0x00, 0x00, 0x04, 0x04, 0x00
	.byte 0xF0, 0xC6, 0xF1, 0x50, 0x01, 0x47, 0x01, 0x48, 0x01, 0x49, 0x01, 0x4A, 0x01, 0x4B, 0x01, 0x4C
	.byte 0x01, 0x4D, 0x01, 0x4E, 0x01, 0x4F, 0x01, 0x50, 0x01, 0x51, 0x01, 0x52, 0x01, 0x53, 0x01, 0x54
	.byte 0x01, 0x55, 0x01, 0x56, 0xF1, 0x32, 0x01, 0x49, 0x01, 0x4A, 0x01, 0x4B, 0x01, 0x4C, 0x01, 0x4D
	.byte 0x01, 0x4E, 0x01, 0x4F, 0x01, 0x50, 0x01, 0x51, 0x01, 0x52, 0x01, 0x53, 0x01, 0x54, 0x01, 0x55
	.byte 0x01, 0x56, 0x01, 0x57, 0x01, 0x58, 0xF1, 0x1E, 0x01, 0x4B, 0x01, 0x4C, 0x01, 0x4D, 0x01, 0x4E
	.byte 0x01, 0x4F, 0x01, 0x50, 0x01, 0x51, 0x01, 0x52, 0x01, 0x53, 0x01, 0x54, 0x01, 0x55, 0x01, 0x56
	.byte 0x01, 0x57, 0x01, 0x58, 0x01, 0x59, 0x01, 0x5A, 0xF1, 0x0A, 0x01, 0x4D, 0x01, 0x4E, 0x01, 0x4F
	.byte 0x01, 0x50, 0x01, 0x51, 0x01, 0x52, 0x01, 0x53, 0x01, 0x54, 0x01, 0x55, 0x01, 0x56, 0x01, 0x57
	.byte 0x01, 0x58, 0x01, 0x59, 0x01, 0x5A, 0x01, 0x5B, 0x01, 0x5C, 0xFF, 0x00, 0x00, 0x04, 0x04, 0x00
	.byte 0xF0, 0xC6, 0xF1, 0x50, 0xF4, 0x0C, 0x00, 0xBC, 0x01, 0xF5, 0x10, 0x00, 0xBC, 0x01, 0xF5, 0x20
	.byte 0x00, 0xBC, 0x01, 0xF5, 0x40, 0x00, 0xBC, 0x01, 0xF5, 0x80, 0x00, 0xBC, 0x01, 0xF5, 0xFF, 0x00
	.byte 0xBC, 0x01, 0xF5, 0x80, 0x00, 0xBC, 0x01, 0xF5, 0x40, 0x01, 0x3C, 0xF5, 0x20, 0x01, 0x3C, 0xF5
	.byte 0x10, 0x01, 0x3C, 0x00, 0xBE, 0x01, 0xF5, 0x10, 0x00, 0xBE, 0x01, 0xF5, 0x20, 0x00, 0xBE, 0x01
	.byte 0xF5, 0x40, 0x00, 0xBE, 0x01, 0xF5, 0x80, 0x00, 0xBE, 0x01, 0xF5, 0xFF, 0x00, 0xBE, 0x01, 0xF5
	.byte 0x80, 0x00, 0xBE, 0x01, 0xF5, 0x40, 0x01, 0x3E, 0xF5, 0x20, 0x01, 0x3E, 0xF5, 0x10, 0x01, 0x3E
	.byte 0x00, 0xC0, 0x01, 0xF5, 0x10, 0x00, 0xC0, 0x01, 0xF5, 0x20, 0x00, 0xC0, 0x01, 0xF5, 0x40, 0x00
	.byte 0xC0, 0x01, 0xF5, 0x80, 0x00, 0xC0, 0x01, 0xF5, 0xFF, 0x00, 0xC0, 0x01, 0xF5, 0x80, 0x00, 0xC0
	.byte 0x01, 0xF5, 0x40, 0x01, 0x40, 0xF5, 0x20, 0x01, 0x40, 0xF5, 0x10, 0x01, 0x40, 0x00, 0xC1, 0x01
	.byte 0xF5, 0x10, 0x00, 0xC1, 0x01, 0xF5, 0x20, 0x00, 0xC1, 0x01, 0xF5, 0x40, 0x00, 0xC1, 0x01, 0xF5
	.byte 0x80, 0x00, 0xC1, 0x01, 0xF5, 0xFF, 0x00, 0xC1, 0x01, 0xF5, 0x80, 0x00, 0xC1, 0x01, 0xF5, 0x40
	.byte 0x01, 0x41, 0xF5, 0x20, 0x01, 0x41, 0xF5, 0x10, 0x01, 0x41, 0xF1, 0x1E, 0x00, 0xC3, 0x01, 0xF5
	.byte 0x10, 0x00, 0xC3, 0x01, 0xF5, 0x20, 0x00, 0xC3, 0x01, 0xF5, 0x40, 0x00, 0xC3, 0x01, 0xF5, 0x80
	.byte 0x00, 0xC3, 0x01, 0xF5, 0xFF, 0x00, 0xC3, 0x01, 0xF5, 0x80, 0x00, 0xC3, 0x01, 0xF5, 0x40, 0x01
	.byte 0x43, 0xF5, 0x20, 0x01, 0x43, 0xF5, 0x10, 0x01, 0x43, 0xFF, 0x00, 0x00, 0x00, 0x04, 0x04, 0x00
	.byte 0xF0, 0xC6, 0xF1, 0x50, 0x01, 0x35, 0x01, 0x36, 0x01, 0x37, 0x01, 0x38, 0x01, 0x39, 0x01, 0x3A
	.byte 0x01, 0x3B, 0x01, 0x3C, 0x01, 0x3D, 0x01, 0x3E, 0x01, 0x3F, 0x01, 0x40, 0x01, 0x41, 0x01, 0x42
	.byte 0x01, 0x43, 0x01, 0x44, 0x01, 0x45, 0x01, 0x46, 0x01, 0x37, 0x01, 0x38, 0x01, 0x39, 0x01, 0x3A
	.byte 0x01, 0x3B, 0x01, 0x3C, 0x01, 0x3D, 0x01, 0x3E, 0x01, 0x3F, 0x01, 0x40, 0x01, 0x41, 0x01, 0x42
	.byte 0x01, 0x43, 0x01, 0x44, 0x01, 0x45, 0x01, 0x46, 0x01, 0x47, 0x01, 0x48, 0xF1, 0x32, 0x01, 0x39
	.byte 0x01, 0x3A, 0x01, 0x3B, 0x01, 0x3C, 0x01, 0x3D, 0x01, 0x3E, 0x01, 0x3F, 0x01, 0x40, 0x01, 0x41
	.byte 0x01, 0x42, 0x01, 0x43, 0x01, 0x44, 0x01, 0x45, 0x01, 0x46, 0x01, 0x47, 0x01, 0x48, 0x01, 0x49
	.byte 0x01, 0x4A, 0xF1, 0x1E, 0x01, 0x3B, 0x01, 0x3C, 0x01, 0x3D, 0x01, 0x3E, 0x01, 0x3F, 0x01, 0x40
	.byte 0x01, 0x41, 0x01, 0x42, 0x01, 0x43, 0x01, 0x44, 0x01, 0x45, 0x01, 0x46, 0x01, 0x47, 0x01, 0x48
	.byte 0x01, 0x49, 0x01, 0x4A, 0x01, 0x4B, 0x01, 0x4C, 0xFF, 0x00, 0x00, 0x00, 0x00, 0x04, 0x04, 0x00
	.byte 0xF0, 0xC6, 0xF1, 0x50, 0x01, 0x5B, 0x01, 0x5A, 0x01, 0x59, 0x01, 0x58, 0x01, 0x57, 0x01, 0x56
	.byte 0x01, 0x55, 0x01, 0x54, 0x01, 0x53, 0x01, 0x52, 0x01, 0x51, 0x01, 0x50, 0x01, 0x4F, 0x01, 0x4E
	.byte 0x01, 0x4D, 0x01, 0x4C, 0x01, 0x4B, 0x01, 0x4A, 0xF1, 0x32, 0x01, 0x59, 0x01, 0x58, 0x01, 0x57
	.byte 0x01, 0x56, 0x01, 0x55, 0x01, 0x54, 0x01, 0x53, 0x01, 0x52, 0x01, 0x51, 0x01, 0x50, 0x01, 0x4F
	.byte 0x01, 0x4E, 0x01, 0x4D, 0x01, 0x4C, 0x01, 0x4B, 0x01, 0x4A, 0x01, 0x49, 0x01, 0x48, 0xF1, 0x14
	.byte 0x01, 0x57, 0x01, 0x56, 0x01, 0x55, 0x01, 0x54, 0x01, 0x53, 0x01, 0x52, 0x01, 0x51, 0x01, 0x50
	.byte 0x01, 0x4F, 0x01, 0x4E, 0x01, 0x4D, 0x01, 0x4C, 0x01, 0x4B, 0x01, 0x4A, 0x01, 0x49, 0x01, 0x48
	.byte 0x01, 0x47, 0x01, 0x46, 0xFF, 0x00, 0x00, 0x00, 0x00, 0x04, 0x04, 0x00, 0xF0, 0xC6, 0xF1, 0x50
	.byte 0x03, 0x75, 0xF6, 0x03, 0x03, 0x6E, 0xF6, 0x03, 0x03, 0x69, 0xF6, 0x03, 0x03, 0x62, 0xF6, 0x03
	.byte 0x03, 0x5D, 0xF6, 0x03, 0xF1, 0x32, 0x03, 0x75, 0xF6, 0x03, 0x03, 0x6E, 0xF6, 0x03, 0x03, 0x69
	.byte 0xF6, 0x03, 0x03, 0x62, 0xF6, 0x03, 0x03, 0x5D, 0xF6, 0x03, 0xF1, 0x14, 0x03, 0x75, 0xF6, 0x03
	.byte 0x03, 0x6E, 0xF6, 0x03, 0x03, 0x69, 0xF6, 0x03, 0x03, 0x62, 0xF6, 0x03, 0x03, 0x5D, 0xFF, 0x00
	.byte 0x00, 0x04, 0x04, 0x00, 0xF0, 0xC6, 0xF1, 0x64, 0xF4, 0x30, 0xF5, 0x00, 0x00, 0xC8, 0x01, 0xF5
	.byte 0x08, 0x00, 0xC8, 0x01, 0xF5, 0x10, 0x00, 0xC8, 0x01, 0xF5, 0x18, 0x00, 0xC8, 0x01, 0xF5, 0x20
	.byte 0x00, 0xC8, 0x01, 0xF5, 0x28, 0x00, 0xC8, 0x01, 0xF5, 0x30, 0xFF, 0x00, 0x00, 0x0C, 0x06, 0x00
	.byte 0x1B, 0x00, 0xF0, 0xC6, 0xF1, 0x50, 0x01, 0x54, 0x0B, 0x53, 0x01, 0x5C, 0x17, 0x4F, 0xF1, 0x28
	.byte 0x08, 0x4F, 0xF1, 0x14, 0x08, 0x4F, 0xFF, 0xF0, 0xC3, 0xF1, 0x3C, 0x03, 0x54, 0xF6, 0x09, 0x03
	.byte 0x54, 0xFF, 0x00, 0x00, 0x00, 0x0C, 0x06, 0x00, 0x23, 0x00, 0xF0, 0xC4, 0xF1, 0xB4, 0x01, 0x2D
	.byte 0x03, 0x2B, 0xF1, 0x32, 0x02, 0x2B, 0xF6, 0x04, 0xF1, 0xB4, 0x01, 0x2D, 0x13, 0x2B, 0xF1, 0x32
	.byte 0x04, 0x2B, 0xF1, 0x1E, 0x04, 0x2B, 0xFF, 0xF0, 0xC3, 0xF1, 0x14, 0x01, 0x45, 0x03, 0x43, 0xF1
	.byte 0x0A, 0x02, 0x43, 0xF6, 0x04, 0xF1, 0x14, 0x01, 0x45, 0x13, 0x43, 0xF1, 0x0A, 0x04, 0x43, 0xF1
	.byte 0x05, 0x04, 0x43, 0xFF, 0x00, 0x0C, 0x06, 0x00, 0x2F, 0x00, 0xF0, 0xC6, 0xF1, 0x50, 0x01, 0x54
	.byte 0x07, 0x4D, 0xF1, 0x14, 0x01, 0x54, 0x07, 0x4D, 0xF6, 0x08, 0xF1, 0x50, 0x01, 0x5B, 0x07, 0x54
	.byte 0x01, 0x5A, 0x07, 0x53, 0x01, 0x5B, 0x07, 0x54, 0xF1, 0x14, 0x01, 0x5A, 0x07, 0x53, 0x01, 0x5B
	.byte 0x07, 0x54, 0xFF, 0xF0, 0xC3, 0xF1, 0x28, 0x08, 0x4D, 0xF1, 0x14, 0x08, 0x4D, 0xF6, 0x08, 0xF1
	.byte 0x28, 0x08, 0x54, 0x08, 0x53, 0x08, 0x54, 0xF1, 0x14, 0x08, 0x53, 0x08, 0x54, 0xFF, 0x00, 0x00
	.byte 0x00, 0x04, 0x04, 0x00, 0xF0, 0xC6, 0xF1, 0x50, 0x02, 0x34, 0xF6, 0x01, 0x02, 0x37, 0xF6, 0x01
	.byte 0x02, 0x3C, 0xF6, 0x01, 0x02, 0x40, 0xF6, 0x01, 0x02, 0x43, 0xF6, 0x01, 0x02, 0x48, 0xF6, 0x01
	.byte 0x02, 0x4C, 0xF6, 0x01, 0x02, 0x4F, 0xF6, 0x01, 0x02, 0x54, 0xF6, 0x01, 0x02, 0x58, 0x01, 0x35
	.byte 0xF6, 0x01, 0x02, 0x39, 0xF6, 0x01, 0x02, 0x3C, 0xF6, 0x01, 0x02, 0x41, 0xF6, 0x01, 0x02, 0x45
	.byte 0xF6, 0x01, 0x02, 0x48, 0xF6, 0x01, 0x02, 0x4D, 0xF6, 0x01, 0x02, 0x51, 0xF6, 0x01, 0x02, 0x54
	.byte 0xF6, 0x01, 0x01, 0x59, 0x01, 0x37, 0xF6, 0x01, 0x02, 0x3B, 0xF6, 0x01, 0x02, 0x3E, 0xF6, 0x01
	.byte 0x02, 0x43, 0xF6, 0x01, 0x02, 0x47, 0xF6, 0x01, 0x02, 0x4A, 0xF6, 0x01, 0x02, 0x4F, 0xF6, 0x01
	.byte 0x02, 0x53, 0xF6, 0x01, 0x02, 0x56, 0xF6, 0x01, 0x01, 0x5B, 0xFF, 0x00, 0x00, 0x08, 0x04, 0x00
	.byte 0xF0, 0xC3, 0xF1, 0x28, 0x04, 0x51, 0xF1, 0x64, 0x01, 0x5D, 0x02, 0x45, 0xF6, 0x04, 0xF1, 0x28
	.byte 0x04, 0x51, 0xF1, 0x64, 0x01, 0x5D, 0x02, 0x45, 0xFF, 0x00, 0x00, 0x00, 0x00, 0x08, 0x04, 0x00
	.byte 0xF0, 0xC3, 0xF1, 0x64, 0x02, 0x3C, 0xF6, 0x03, 0x03, 0x5D, 0xFF, 0x00, 0x00, 0x0C, 0x06, 0x00
	.byte 0x13, 0x00, 0xF0, 0xC4, 0xF1, 0x50, 0x01, 0x2B, 0x01, 0x2D, 0x01, 0x2F, 0x01, 0x30, 0xFF, 0xF0
	.byte 0xC3, 0xF1, 0x64, 0x04, 0x45, 0xF6, 0x04, 0x04, 0x3C, 0x18, 0x39, 0xF1, 0x28, 0x08, 0x39, 0xF1
	.byte 0x14, 0x08, 0x39, 0xFF, 0x00, 0x08, 0x04, 0x00, 0xF0, 0xC3, 0xF1, 0x50, 0x04, 0x45, 0x04, 0x32
	.byte 0xF6, 0x10, 0x04, 0x39, 0x04, 0x51, 0x10, 0x45, 0xF1, 0x32, 0x10, 0x45, 0xF1, 0x19, 0x08, 0x45
	.byte 0xF1, 0x0A, 0x08, 0x45, 0xFF, 0x00, 0x00, 0x00, 0xFC, 0x03, 0x12, 0x00, 0x22, 0x02, 0x0E, 0x04
	.byte 0x8E, 0x0A, 0x0A, 0x08, 0xA8, 0x09, 0x06, 0x0A, 0x44, 0x0A, 0xF9, 0x78, 0xF6, 0x01, 0xF0, 0x01
	.byte 0xF1, 0x64, 0xF2, 0xC0, 0x10, 0x48, 0xF6, 0x08, 0x10, 0x48, 0xF6, 0x08, 0x10, 0x48, 0xF6, 0x14
	.byte 0x10, 0x48, 0xF6, 0x08, 0x10, 0x48, 0xF6, 0x08, 0x08, 0x48, 0xF6, 0x04, 0x10, 0x48, 0xF6, 0x08
	.byte 0x10, 0x48, 0xF6, 0x08, 0x10, 0x47, 0xF6, 0x08, 0x10, 0x47, 0xF6, 0x08, 0x10, 0x47, 0xF6, 0x14
	.byte 0x10, 0x47, 0xF6, 0x08, 0x10, 0x47, 0xF6, 0x08, 0x08, 0x47, 0xF6, 0x04, 0x10, 0x47, 0xF6, 0x08
	.byte 0x10, 0x47, 0xF6, 0x08, 0x10, 0x48, 0xF6, 0x08, 0x10, 0x48, 0xF6, 0x08, 0x10, 0x48, 0xF6, 0x14
	.byte 0x10, 0x48, 0xF6, 0x08, 0x10, 0x48, 0xF6, 0x08, 0x08, 0x48, 0xF6, 0x04, 0x10, 0x48, 0xF6, 0x08
	.byte 0x10, 0x48, 0xF6, 0x08, 0x10, 0x47, 0xF6, 0x08, 0x10, 0x47, 0xF6, 0x08, 0x10, 0x47, 0xF6, 0x14
	.byte 0x10, 0x47, 0xF6, 0x08, 0x10, 0x47, 0xF6, 0x08, 0x08, 0x47, 0xF6, 0x04, 0x10, 0x47, 0xF6, 0x08
	.byte 0x10, 0x47, 0xF6, 0x08, 0x10, 0x48, 0xF6, 0x08, 0x10, 0x48, 0xF6, 0x08, 0x10, 0x48, 0xF6, 0x14
	.byte 0x10, 0x48, 0xF6, 0x08, 0x10, 0x48, 0xF6, 0x08, 0x08, 0x48, 0xF6, 0x04, 0x10, 0x48, 0xF6, 0x08
	.byte 0x10, 0x48, 0xF6, 0x08, 0x10, 0x47, 0xF6, 0x08, 0x10, 0x47, 0xF6, 0x08, 0x10, 0x47, 0xF6, 0x14
	.byte 0x10, 0x47, 0xF6, 0x08, 0x10, 0x47, 0xF6, 0x08, 0x08, 0x47, 0xF6, 0x04, 0x10, 0x47, 0xF6, 0x08
	.byte 0x10, 0x47, 0xF6, 0x08, 0x10, 0x48, 0xF6, 0x08, 0x10, 0x48, 0xF6, 0x08, 0x10, 0x48, 0xF6, 0x14
	.byte 0x10, 0x48, 0xF6, 0x08, 0x10, 0x48, 0xF6, 0x08, 0x08, 0x48, 0xF6, 0x04, 0x10, 0x48, 0xF6, 0x08
	.byte 0x10, 0x48, 0xF6, 0x08, 0x10, 0x47, 0xF6, 0x08, 0x10, 0x47, 0xF6, 0x08, 0x10, 0x47, 0xF6, 0x14
	.byte 0x10, 0x47, 0xF6, 0x08, 0x10, 0x47, 0xF6, 0x08, 0x08, 0x47, 0xF6, 0x04, 0x10, 0x47, 0xF6, 0x08
	.byte 0x10, 0x47, 0xF6, 0x07, 0xF6, 0x01, 0x10, 0x48, 0xF6, 0x08, 0x10, 0x48, 0xF6, 0x08, 0x10, 0x48
	.byte 0xF6, 0x14, 0x10, 0x48, 0xF6, 0x08, 0x10, 0x48, 0xF6, 0x08, 0x08, 0x48, 0xF6, 0x04, 0x10, 0x48
	.byte 0xF6, 0x08, 0x10, 0x48, 0xF6, 0x08, 0x10, 0x47, 0xF6, 0x08, 0x10, 0x47, 0xF6, 0x08, 0x10, 0x47
	.byte 0xF6, 0x14, 0x10, 0x47, 0xF6, 0x08, 0x10, 0x47, 0xF6, 0x08, 0x08, 0x47, 0xF6, 0x04, 0x10, 0x47
	.byte 0xF6, 0x08, 0x10, 0x47, 0xF6, 0x08, 0x10, 0x48, 0xF6, 0x08, 0x10, 0x48, 0xF6, 0x08, 0x10, 0x48
	.byte 0xF6, 0x14, 0x10, 0x48, 0xF6, 0x08, 0x10, 0x48, 0xF6, 0x08, 0x08, 0x48, 0xF6, 0x04, 0x10, 0x48
	.byte 0xF6, 0x08, 0x10, 0x48, 0xF6, 0x08, 0x10, 0x47, 0xF6, 0x08, 0x10, 0x47, 0xF6, 0x08, 0x10, 0x47
	.byte 0xF6, 0x14, 0x10, 0x47, 0xF6, 0x08, 0x10, 0x47, 0xF6, 0x08, 0x08, 0x47, 0xF6, 0x04, 0x10, 0x47
	.byte 0xF6, 0x08, 0x10, 0x47, 0xF6, 0x08, 0x10, 0x48, 0xF6, 0x08, 0x10, 0x48, 0xF6, 0x08, 0x10, 0x48
	.byte 0xF6, 0x14, 0x10, 0x48, 0xF6, 0x08, 0x10, 0x48, 0xF6, 0x08, 0x08, 0x48, 0xF6, 0x04, 0x10, 0x48
	.byte 0xF6, 0x08, 0x10, 0x48, 0xF6, 0x08, 0x10, 0x47, 0xF6, 0x08, 0x10, 0x47, 0xF6, 0x08, 0x10, 0x47
	.byte 0xF6, 0x14, 0x10, 0x47, 0xF6, 0x08, 0x10, 0x47, 0xF6, 0x08, 0x08, 0x47, 0xF6, 0x04, 0x10, 0x47
	.byte 0xF6, 0x08, 0x10, 0x47, 0xF6, 0x08, 0x10, 0x48, 0xF6, 0x08, 0x10, 0x48, 0xF6, 0x08, 0x10, 0x48
	.byte 0xF6, 0x14, 0x10, 0x48, 0xF6, 0x08, 0x10, 0x48, 0xF6, 0x08, 0x08, 0x48, 0xF6, 0x04, 0x10, 0x48
	.byte 0xF6, 0x08, 0x10, 0x48, 0xF6, 0x08, 0x10, 0x47, 0xF6, 0x08, 0x10, 0x47, 0xF6, 0x08, 0x10, 0x47
	.byte 0xF6, 0x14, 0x10, 0x47, 0xF6, 0x08, 0x10, 0x47, 0xF6, 0x08, 0x08, 0x47, 0xF6, 0x04, 0x10, 0x47
	.byte 0xF6, 0x08, 0x10, 0x47, 0xF6, 0x07, 0xF8, 0xFB, 0xFE, 0xFF, 0xF9, 0x78, 0xF0, 0x01, 0xF1, 0x64
	.byte 0xF2, 0x40, 0x0C, 0x45, 0xF6, 0x0C, 0x0C, 0x45, 0xF6, 0x0C, 0x0C, 0x45, 0xF6, 0x0C, 0x0C, 0x45
	.byte 0x10, 0x45, 0xF6, 0x08, 0x10, 0x45, 0xF6, 0x14, 0x0C, 0x45, 0x0C, 0x45, 0x10, 0x45, 0xF6, 0x08
	.byte 0x0C, 0x43, 0xF6, 0x0C, 0x0C, 0x43, 0xF6, 0x0C, 0x0C, 0x43, 0xF6, 0x0C, 0x0C, 0x43, 0x10, 0x43
	.byte 0xF6, 0x08, 0x10, 0x43, 0xF6, 0x14, 0x0C, 0x43, 0x0C, 0x43, 0x10, 0x43, 0xF6, 0x08, 0x0C, 0x45
	.byte 0xF6, 0x0C, 0x0C, 0x45, 0xF6, 0x0C, 0x0C, 0x45, 0xF6, 0x0C, 0x0C, 0x45, 0x10, 0x45, 0xF6, 0x08
	.byte 0x10, 0x45, 0xF6, 0x14, 0x0C, 0x45, 0x0C, 0x45, 0x10, 0x45, 0xF6, 0x08, 0x0C, 0x43, 0xF6, 0x0C
	.byte 0x0C, 0x43, 0xF6, 0x0C, 0x0C, 0x43, 0xF6, 0x0C, 0x0C, 0x43, 0x10, 0x43, 0xF6, 0x08, 0x10, 0x43
	.byte 0xF6, 0x14, 0x0C, 0x43, 0x0C, 0x43, 0x10, 0x43, 0xF6, 0x08, 0x0C, 0x45, 0xF6, 0x0C, 0x0C, 0x45
	.byte 0xF6, 0x0C, 0x0C, 0x45, 0xF6, 0x0C, 0x0C, 0x45, 0x10, 0x45, 0xF6, 0x08, 0x10, 0x45, 0xF6, 0x14
	.byte 0x0C, 0x45, 0x0C, 0x45, 0x10, 0x45, 0xF6, 0x08, 0x0C, 0x43, 0xF6, 0x0C, 0x0C, 0x43, 0xF6, 0x0C
	.byte 0x0C, 0x43, 0xF6, 0x0C, 0x0C, 0x43, 0x10, 0x43, 0xF6, 0x08, 0x10, 0x43, 0xF6, 0x14, 0x0C, 0x43
	.byte 0x0C, 0x43, 0x10, 0x43, 0xF6, 0x08, 0x0C, 0x45, 0xF6, 0x0C, 0x0C, 0x45, 0xF6, 0x0C, 0x0C, 0x45
	.byte 0xF6, 0x0C, 0x0C, 0x45, 0x10, 0x45, 0xF6, 0x08, 0x10, 0x45, 0xF6, 0x14, 0x0C, 0x45, 0x0C, 0x45
	.byte 0x10, 0x45, 0xF6, 0x08, 0x0C, 0x43, 0xF6, 0x0C, 0x0C, 0x43, 0xF6, 0x0C, 0x0C, 0x43, 0xF6, 0x0C
	.byte 0x0C, 0x43, 0x10, 0x43, 0xF6, 0x08, 0x10, 0x43, 0xF6, 0x14, 0x0C, 0x43, 0x0C, 0x43, 0x10, 0x43
	.byte 0xF6, 0x08, 0x0C, 0x45, 0xF6, 0x0C, 0x0C, 0x45, 0xF6, 0x0C, 0x0C, 0x45, 0xF6, 0x0C, 0x0C, 0x45
	.byte 0x10, 0x45, 0xF6, 0x08, 0x10, 0x45, 0xF6, 0x14, 0x0C, 0x45, 0x0C, 0x45, 0x10, 0x45, 0xF6, 0x08
	.byte 0x0C, 0x43, 0xF6, 0x0C, 0x0C, 0x43, 0xF6, 0x0C, 0x0C, 0x43, 0xF6, 0x0C, 0x0C, 0x43, 0x10, 0x43
	.byte 0xF6, 0x08, 0x10, 0x43, 0xF6, 0x14, 0x0C, 0x43, 0x0C, 0x43, 0x10, 0x43, 0xF6, 0x08, 0x0C, 0x45
	.byte 0xF6, 0x0C, 0x0C, 0x45, 0xF6, 0x0C, 0x0C, 0x45, 0xF6, 0x0C, 0x0C, 0x45, 0x10, 0x45, 0xF6, 0x08
	.byte 0x10, 0x45, 0xF6, 0x14, 0x0C, 0x45, 0x0C, 0x45, 0x10, 0x45, 0xF6, 0x08, 0x0C, 0x43, 0xF6, 0x0C
	.byte 0x0C, 0x43, 0xF6, 0x0C, 0x0C, 0x43, 0xF6, 0x0C, 0x0C, 0x43, 0x10, 0x43, 0xF6, 0x08, 0x10, 0x43
	.byte 0xF6, 0x14, 0x0C, 0x43, 0x0C, 0x43, 0x10, 0x43, 0xF6, 0x08, 0x0C, 0x45, 0xF6, 0x0C, 0x0C, 0x45
	.byte 0xF6, 0x0C, 0x0C, 0x45, 0xF6, 0x0C, 0x0C, 0x45, 0x10, 0x45, 0xF6, 0x08, 0x10, 0x45, 0xF6, 0x14
	.byte 0x0C, 0x45, 0x0C, 0x45, 0x10, 0x45, 0xF6, 0x08, 0x0C, 0x43, 0xF6, 0x0C, 0x0C, 0x43, 0xF6, 0x0C
	.byte 0x0C, 0x43, 0xF6, 0x0C, 0x0C, 0x43, 0x10, 0x43, 0xF6, 0x08, 0x10, 0x43, 0xF6, 0x14, 0x0C, 0x43
	.byte 0x0C, 0x43, 0x10, 0x43, 0xF6, 0x08, 0x0C, 0x45, 0xF6, 0x0C, 0x0C, 0x45, 0xF6, 0x0C, 0x0C, 0x45
	.byte 0xF6, 0x0C, 0x0C, 0x45, 0x10, 0x45, 0xF6, 0x08, 0x10, 0x45, 0xF6, 0x14, 0x0C, 0x45, 0x0C, 0x45
	.byte 0x10, 0x45, 0xF6, 0x08, 0x0C, 0x43, 0xF6, 0x0C, 0x0C, 0x43, 0xF6, 0x0C, 0x0C, 0x43, 0xF6, 0x0C
	.byte 0x0C, 0x43, 0x10, 0x43, 0xF6, 0x08, 0x10, 0x43, 0xF6, 0x14, 0x0C, 0x43, 0x0C, 0x43, 0x10, 0x43
	.byte 0xF6, 0x08, 0xF8, 0x0D, 0xFF, 0xFF, 0xF9, 0x78, 0xF6, 0x01, 0xF0, 0x01, 0xF1, 0x64, 0xF2, 0xC0
	.byte 0x10, 0x41, 0xF6, 0x08, 0x10, 0x41, 0xF6, 0x08, 0x10, 0x41, 0xF6, 0x14, 0x10, 0x41, 0xF6, 0x08
	.byte 0x10, 0x41, 0xF6, 0x08, 0x08, 0x41, 0xF6, 0x04, 0x10, 0x41, 0xF6, 0x08, 0x10, 0x41, 0xF6, 0x08
	.byte 0x10, 0x40, 0xF6, 0x08, 0x10, 0x40, 0xF6, 0x08, 0x10, 0x40, 0xF6, 0x14, 0x10, 0x40, 0xF6, 0x08
	.byte 0x10, 0x40, 0xF6, 0x08, 0x08, 0x40, 0xF6, 0x04, 0x10, 0x40, 0xF6, 0x08, 0x10, 0x40, 0xF6, 0x08
	.byte 0x10, 0x41, 0xF6, 0x08, 0x10, 0x41, 0xF6, 0x08, 0x10, 0x41, 0xF6, 0x14, 0x10, 0x41, 0xF6, 0x08
	.byte 0x10, 0x41, 0xF6, 0x08, 0x08, 0x41, 0xF6, 0x04, 0x10, 0x41, 0xF6, 0x08, 0x10, 0x41, 0xF6, 0x08
	.byte 0x10, 0x40, 0xF6, 0x08, 0x10, 0x40, 0xF6, 0x08, 0x10, 0x40, 0xF6, 0x14, 0x10, 0x40, 0xF6, 0x08
	.byte 0x10, 0x40, 0xF6, 0x08, 0x08, 0x40, 0xF6, 0x04, 0x10, 0x40, 0xF6, 0x08, 0x10, 0x40, 0xF6, 0x08
	.byte 0x10, 0x41, 0xF6, 0x08, 0x10, 0x41, 0xF6, 0x08, 0x10, 0x41, 0xF6, 0x14, 0x10, 0x41, 0xF6, 0x08
	.byte 0x10, 0x41, 0xF6, 0x08, 0x08, 0x41, 0xF6, 0x04, 0x10, 0x41, 0xF6, 0x08, 0x10, 0x41, 0xF6, 0x08
	.byte 0x10, 0x40, 0xF6, 0x08, 0x10, 0x40, 0xF6, 0x08, 0x10, 0x40, 0xF6, 0x14, 0x10, 0x40, 0xF6, 0x08
	.byte 0x10, 0x40, 0xF6, 0x08, 0x08, 0x40, 0xF6, 0x04, 0x10, 0x40, 0xF6, 0x08, 0x10, 0x40, 0xF6, 0x08
	.byte 0x10, 0x41, 0xF6, 0x08, 0x10, 0x41, 0xF6, 0x08, 0x10, 0x41, 0xF6, 0x14, 0x10, 0x41, 0xF6, 0x08
	.byte 0x10, 0x41, 0xF6, 0x08, 0x08, 0x41, 0xF6, 0x04, 0x10, 0x41, 0xF6, 0x08, 0x10, 0x41, 0xF6, 0x08
	.byte 0x10, 0x40, 0xF6, 0x08, 0x10, 0x40, 0xF6, 0x08, 0x10, 0x40, 0xF6, 0x14, 0x10, 0x40, 0xF6, 0x08
	.byte 0x10, 0x40, 0xF6, 0x08, 0x08, 0x40, 0xF6, 0x04, 0x10, 0x40, 0xF6, 0x08, 0x10, 0x40, 0xF6, 0x07
	.byte 0xF6, 0x01, 0x10, 0x41, 0xF6, 0x08, 0x10, 0x41, 0xF6, 0x08, 0x10, 0x41, 0xF6, 0x14, 0x10, 0x41
	.byte 0xF6, 0x08, 0x10, 0x41, 0xF6, 0x08, 0x08, 0x41, 0xF6, 0x04, 0x10, 0x41, 0xF6, 0x08, 0x10, 0x41
	.byte 0xF6, 0x08, 0x10, 0x40, 0xF6, 0x08, 0x10, 0x40, 0xF6, 0x08, 0x10, 0x40, 0xF6, 0x14, 0x10, 0x40
	.byte 0xF6, 0x08, 0x10, 0x40, 0xF6, 0x08, 0x08, 0x40, 0xF6, 0x04, 0x10, 0x40, 0xF6, 0x08, 0x10, 0x40
	.byte 0xF6, 0x08, 0x10, 0x41, 0xF6, 0x08, 0x10, 0x41, 0xF6, 0x08, 0x10, 0x41, 0xF6, 0x14, 0x10, 0x41
	.byte 0xF6, 0x08, 0x10, 0x41, 0xF6, 0x08, 0x08, 0x41, 0xF6, 0x04, 0x10, 0x41, 0xF6, 0x08, 0x10, 0x41
	.byte 0xF6, 0x08, 0x10, 0x40, 0xF6, 0x08, 0x10, 0x40, 0xF6, 0x08, 0x10, 0x40, 0xF6, 0x14, 0x10, 0x40
	.byte 0xF6, 0x08, 0x10, 0x40, 0xF6, 0x08, 0x08, 0x40, 0xF6, 0x04, 0x10, 0x40, 0xF6, 0x08, 0x10, 0x40
	.byte 0xF6, 0x08, 0x10, 0x41, 0xF6, 0x08, 0x10, 0x41, 0xF6, 0x08, 0x10, 0x41, 0xF6, 0x14, 0x10, 0x41
	.byte 0xF6, 0x08, 0x10, 0x41, 0xF6, 0x08, 0x08, 0x41, 0xF6, 0x04, 0x10, 0x41, 0xF6, 0x08, 0x10, 0x41
	.byte 0xF6, 0x08, 0x10, 0x40, 0xF6, 0x08, 0x10, 0x40, 0xF6, 0x08, 0x10, 0x40, 0xF6, 0x14, 0x10, 0x40
	.byte 0xF6, 0x08, 0x10, 0x40, 0xF6, 0x08, 0x08, 0x40, 0xF6, 0x04, 0x10, 0x40, 0xF6, 0x08, 0x10, 0x40
	.byte 0xF6, 0x08, 0x10, 0x41, 0xF6, 0x08, 0x10, 0x41, 0xF6, 0x08, 0x10, 0x41, 0xF6, 0x14, 0x10, 0x41
	.byte 0xF6, 0x08, 0x10, 0x41, 0xF6, 0x08, 0x08, 0x41, 0xF6, 0x04, 0x10, 0x41, 0xF6, 0x08, 0x10, 0x41
	.byte 0xF6, 0x08, 0x10, 0x40, 0xF6, 0x08, 0x10, 0x40, 0xF6, 0x08, 0x10, 0x40, 0xF6, 0x14, 0x10, 0x40
	.byte 0xF6, 0x08, 0x10, 0x40, 0xF6, 0x08, 0x08, 0x40, 0xF6, 0x04, 0x10, 0x40, 0xF6, 0x08, 0x10, 0x40
	.byte 0xF6, 0x07, 0xF8, 0xFB, 0xFE, 0xFF, 0xF9, 0x78, 0xF0, 0x01, 0xF1, 0x64, 0xF2, 0x40, 0x0C, 0x3E
	.byte 0xF6, 0x0C, 0x0C, 0x3E, 0xF6, 0x0C, 0x0C, 0x3E, 0xF6, 0x0C, 0x0C, 0x3E, 0x10, 0x3E, 0xF6, 0x08
	.byte 0x10, 0x3E, 0xF6, 0x14, 0x0C, 0x3E, 0x0C, 0x3E, 0x10, 0x3E, 0xF6, 0x08, 0x0C, 0x3C, 0xF6, 0x0C
	.byte 0x0C, 0x3C, 0xF6, 0x0C, 0x0C, 0x3C, 0xF6, 0x0C, 0x0C, 0x3C, 0x10, 0x3C, 0xF6, 0x08, 0x10, 0x3C
	.byte 0xF6, 0x14, 0x0C, 0x3C, 0x0C, 0x3C, 0x10, 0x3C, 0xF6, 0x08, 0x0C, 0x3E, 0xF6, 0x0C, 0x0C, 0x3E
	.byte 0xF6, 0x0C, 0x0C, 0x3E, 0xF6, 0x0C, 0x0C, 0x3E, 0x10, 0x3E, 0xF6, 0x08, 0x10, 0x3E, 0xF6, 0x14
	.byte 0x0C, 0x3E, 0x0C, 0x3E, 0x10, 0x3E, 0xF6, 0x08, 0x0C, 0x3C, 0xF6, 0x0C, 0x0C, 0x3C, 0xF6, 0x0C
	.byte 0x0C, 0x3C, 0xF6, 0x0C, 0x0C, 0x3C, 0x10, 0x3C, 0xF6, 0x08, 0x10, 0x3C, 0xF6, 0x14, 0x0C, 0x3C
	.byte 0x0C, 0x3C, 0x10, 0x3C, 0xF6, 0x08, 0x0C, 0x3E, 0xF6, 0x0C, 0x0C, 0x3E, 0xF6, 0x0C, 0x0C, 0x3E
	.byte 0xF6, 0x0C, 0x0C, 0x3E, 0x10, 0x3E, 0xF6, 0x08, 0x10, 0x3E, 0xF6, 0x14, 0x0C, 0x3E, 0x0C, 0x3E
	.byte 0x10, 0x3E, 0xF6, 0x08, 0x0C, 0x3C, 0xF6, 0x0C, 0x0C, 0x3C, 0xF6, 0x0C, 0x0C, 0x3C, 0xF6, 0x0C
	.byte 0x0C, 0x3C, 0x10, 0x3C, 0xF6, 0x08, 0x10, 0x3C, 0xF6, 0x14, 0x0C, 0x3C, 0x0C, 0x3C, 0x10, 0x3C
	.byte 0xF6, 0x08, 0x0C, 0x3E, 0xF6, 0x0C, 0x0C, 0x3E, 0xF6, 0x0C, 0x0C, 0x3E, 0xF6, 0x0C, 0x0C, 0x3E
	.byte 0x10, 0x3E, 0xF6, 0x08, 0x10, 0x3E, 0xF6, 0x14, 0x0C, 0x3E, 0x0C, 0x3E, 0x10, 0x3E, 0xF6, 0x08
	.byte 0x0C, 0x3C, 0xF6, 0x0C, 0x0C, 0x3C, 0xF6, 0x0C, 0x0C, 0x3C, 0xF6, 0x0C, 0x0C, 0x3C, 0x10, 0x3C
	.byte 0xF6, 0x08, 0x10, 0x3C, 0xF6, 0x14, 0x0C, 0x3C, 0x0C, 0x3C, 0x10, 0x3C, 0xF6, 0x08, 0x0C, 0x3E
	.byte 0xF6, 0x0C, 0x0C, 0x3E, 0xF6, 0x0C, 0x0C, 0x3E, 0xF6, 0x0C, 0x0C, 0x3E, 0x10, 0x3E, 0xF6, 0x08
	.byte 0x10, 0x3E, 0xF6, 0x14, 0x0C, 0x3E, 0x0C, 0x3E, 0x10, 0x3E, 0xF6, 0x08, 0x0C, 0x3C, 0xF6, 0x0C
	.byte 0x0C, 0x3C, 0xF6, 0x0C, 0x0C, 0x3C, 0xF6, 0x0C, 0x0C, 0x3C, 0x10, 0x3C, 0xF6, 0x08, 0x10, 0x3C
	.byte 0xF6, 0x14, 0x0C, 0x3C, 0x0C, 0x3C, 0x10, 0x3C, 0xF6, 0x08, 0x0C, 0x3E, 0xF6, 0x0C, 0x0C, 0x3E
	.byte 0xF6, 0x0C, 0x0C, 0x3E, 0xF6, 0x0C, 0x0C, 0x3E, 0x10, 0x3E, 0xF6, 0x08, 0x10, 0x3E, 0xF6, 0x14
	.byte 0x0C, 0x3E, 0x0C, 0x3E, 0x10, 0x3E, 0xF6, 0x08, 0x0C, 0x3C, 0xF6, 0x0C, 0x0C, 0x3C, 0xF6, 0x0C
	.byte 0x0C, 0x3C, 0xF6, 0x0C, 0x0C, 0x3C, 0x10, 0x3C, 0xF6, 0x08, 0x10, 0x3C, 0xF6, 0x14, 0x0C, 0x3C
	.byte 0x0C, 0x3C, 0x10, 0x3C, 0xF6, 0x08, 0x0C, 0x3E, 0xF6, 0x0C, 0x0C, 0x3E, 0xF6, 0x0C, 0x0C, 0x3E
	.byte 0xF6, 0x0C, 0x0C, 0x3E, 0x10, 0x3E, 0xF6, 0x08, 0x10, 0x3E, 0xF6, 0x14, 0x0C, 0x3E, 0x0C, 0x3E
	.byte 0x10, 0x3E, 0xF6, 0x08, 0x0C, 0x3C, 0xF6, 0x0C, 0x0C, 0x3C, 0xF6, 0x0C, 0x0C, 0x3C, 0xF6, 0x0C
	.byte 0x0C, 0x3C, 0x10, 0x3C, 0xF6, 0x08, 0x10, 0x3C, 0xF6, 0x14, 0x0C, 0x3C, 0x0C, 0x3C, 0x10, 0x3C
	.byte 0xF6, 0x08, 0x0C, 0x3E, 0xF6, 0x0C, 0x0C, 0x3E, 0xF6, 0x0C, 0x0C, 0x3E, 0xF6, 0x0C, 0x0C, 0x3E
	.byte 0x10, 0x3E, 0xF6, 0x08, 0x10, 0x3E, 0xF6, 0x14, 0x0C, 0x3E, 0x0C, 0x3E, 0x10, 0x3E, 0xF6, 0x08
	.byte 0x0C, 0x3C, 0xF6, 0x0C, 0x0C, 0x3C, 0xF6, 0x0C, 0x0C, 0x3C, 0xF6, 0x0C, 0x0C, 0x3C, 0x10, 0x3C
	.byte 0xF6, 0x08, 0x10, 0x3C, 0xF6, 0x14, 0x0C, 0x3C, 0x0C, 0x3C, 0x10, 0x3C, 0xF6, 0x08, 0xF8, 0x0D
	.byte 0xFF, 0xFF, 0xF9, 0x78, 0xF0, 0x27, 0xF1, 0xB4, 0xF2, 0x80, 0x20, 0x3E, 0xF6, 0x04, 0x08, 0x3E
	.byte 0xF6, 0x04, 0x2C, 0x3E, 0xF6, 0x04, 0x20, 0x3E, 0xF6, 0x04, 0x08, 0x3E, 0xF6, 0x04, 0x2C, 0x3E
	.byte 0xF6, 0x04, 0x20, 0x3C, 0xF6, 0x04, 0x08, 0x3C, 0xF6, 0x04, 0x2C, 0x3C, 0xF6, 0x04, 0x20, 0x3C
	.byte 0xF6, 0x04, 0x08, 0x3C, 0xF6, 0x04, 0x2C, 0x3C, 0xF6, 0x04, 0x20, 0x3E, 0xF6, 0x04, 0x08, 0x3E
	.byte 0xF6, 0x04, 0x2C, 0x3E, 0xF6, 0x04, 0x20, 0x3E, 0xF6, 0x04, 0x08, 0x3E, 0xF6, 0x04, 0x2C, 0x3E
	.byte 0xF6, 0x04, 0x20, 0x3C, 0xF6, 0x04, 0x08, 0x3C, 0xF6, 0x04, 0x2C, 0x3C, 0xF6, 0x04, 0x20, 0x3C
	.byte 0xF6, 0x04, 0x08, 0x3C, 0xF6, 0x04, 0x2C, 0x3C, 0xF6, 0x04, 0x20, 0x3E, 0xF6, 0x04, 0x08, 0x3E
	.byte 0xF6, 0x04, 0x2C, 0x3E, 0xF6, 0x04, 0x20, 0x3E, 0xF6, 0x04, 0x08, 0x3E, 0xF6, 0x04, 0x2C, 0x3E
	.byte 0xF6, 0x04, 0x20, 0x3C, 0xF6, 0x04, 0x08, 0x3C, 0xF6, 0x04, 0x2C, 0x3C, 0xF6, 0x04, 0x20, 0x3C
	.byte 0xF6, 0x04, 0x08, 0x3C, 0xF6, 0x04, 0x2C, 0x3C, 0xF6, 0x04, 0x20, 0x3E, 0xF6, 0x04, 0x08, 0x3E
	.byte 0xF6, 0x04, 0x2C, 0x3E, 0xF6, 0x04, 0x20, 0x3E, 0xF6, 0x04, 0x08, 0x3E, 0xF6, 0x04, 0x2C, 0x3E
	.byte 0xF6, 0x04, 0x20, 0x3C, 0xF6, 0x04, 0x08, 0x3C, 0xF6, 0x04, 0x2C, 0x3C, 0xF6, 0x04, 0x20, 0x3C
	.byte 0xF6, 0x04, 0x08, 0x3C, 0xF6, 0x04, 0x2C, 0x3C, 0xF6, 0x04, 0xF1, 0xF0, 0x20, 0x32, 0xF6, 0x04
	.byte 0x20, 0x2D, 0xF6, 0x04, 0x38, 0x32, 0xF6, 0x04, 0x08, 0x32, 0xF6, 0x04, 0x08, 0x2D, 0xF6, 0x10
	.byte 0x08, 0x32, 0xF6, 0x10, 0x20, 0x30, 0xF6, 0x04, 0x20, 0x2B, 0xF6, 0x04, 0x38, 0x30, 0xF6, 0x04
	.byte 0x08, 0x30, 0xF6, 0x04, 0x08, 0x2B, 0xF6, 0x10, 0x08, 0x30, 0xF6, 0x10, 0x20, 0x32, 0xF6, 0x04
	.byte 0x20, 0x2D, 0xF6, 0x04, 0x38, 0x32, 0xF6, 0x04, 0x08, 0x32, 0xF6, 0x04, 0x08, 0x2D, 0xF6, 0x10
	.byte 0x08, 0x32, 0xF6, 0x10, 0x20, 0x30, 0xF6, 0x04, 0x20, 0x2B, 0xF6, 0x04, 0x38, 0x30, 0xF6, 0x04
	.byte 0x08, 0x30, 0xF6, 0x04, 0x08, 0x2B, 0xF6, 0x10, 0x08, 0x30, 0xF6, 0x10, 0x20, 0x32, 0xF6, 0x04
	.byte 0x20, 0x2D, 0xF6, 0x04, 0x38, 0x32, 0xF6, 0x04, 0x08, 0x32, 0xF6, 0x04, 0x08, 0x2D, 0xF6, 0x10
	.byte 0x08, 0x32, 0xF6, 0x10, 0x20, 0x30, 0xF6, 0x04, 0x20, 0x2B, 0xF6, 0x04, 0x38, 0x30, 0xF6, 0x04
	.byte 0x08, 0x37, 0xF6, 0x04, 0x08, 0x2B, 0xF6, 0x04, 0x08, 0x37, 0xF6, 0x04, 0x14, 0x2B, 0xF6, 0x04
	.byte 0x20, 0x32, 0xF6, 0x04, 0x20, 0x2D, 0xF6, 0x04, 0x38, 0x32, 0xF6, 0x04, 0x08, 0x32, 0xF6, 0x04
	.byte 0x08, 0x2D, 0xF6, 0x10, 0x08, 0x32, 0xF6, 0x10, 0x20, 0x30, 0xF6, 0x04, 0x20, 0x2B, 0xF6, 0x04
	.byte 0x14, 0x30, 0xF6, 0x10, 0x08, 0x37, 0xF6, 0x10, 0x08, 0x37, 0xF6, 0x04, 0x08, 0x2B, 0xF6, 0x04
	.byte 0x08, 0x37, 0xF6, 0x04, 0x08, 0x2B, 0xF6, 0x04, 0x08, 0x2B, 0xF6, 0x04, 0xF8, 0x2B, 0xFF, 0xFF
	.byte 0xF9, 0x78, 0xF6, 0xC0, 0xF6, 0xC0, 0xF6, 0xC0, 0xF0, 0x49, 0xF1, 0x8C, 0xF2, 0x40, 0xF6, 0x90
	.byte 0x18, 0x43, 0x18, 0x44, 0x90, 0x45, 0x30, 0x4C, 0x90, 0x47, 0x30, 0x43, 0x90, 0x45, 0x30, 0x4C
	.byte 0x5C, 0x47, 0xF6, 0x04, 0x24, 0x47, 0x24, 0x48, 0x18, 0x49, 0x90, 0x4A, 0x30, 0x51, 0x90, 0x4C
	.byte 0x30, 0x48, 0x90, 0x4A, 0x30, 0x51, 0x60, 0x4C, 0x30, 0x53, 0x30, 0x4F, 0x48, 0x51, 0x18, 0x4D
	.byte 0x24, 0x4C, 0x24, 0x4A, 0x18, 0x48, 0x60, 0x47, 0x30, 0x43, 0x30, 0x44, 0x90, 0x45, 0x30, 0x4C
	.byte 0x5C, 0x47, 0xF6, 0x04, 0x24, 0x47, 0x24, 0x48, 0x18, 0x49, 0xF8, 0xCD, 0xFF, 0xFF, 0xF9, 0x78
	.byte 0xF6, 0xC0, 0xF6, 0xC0, 0xF6, 0xC0, 0xF6, 0xC0, 0xF6, 0xC0, 0xF6, 0xC0, 0xF6, 0xC0, 0xF6, 0xC0
	.byte 0xF6, 0xC1, 0xF0, 0xC7, 0xF1, 0x28, 0xF2, 0x80, 0x60, 0x47, 0x60, 0x43, 0x90, 0x45, 0x30, 0x47
	.byte 0x60, 0x43, 0x60, 0x4C, 0x60, 0x4A, 0x30, 0x41, 0x30, 0x40, 0x60, 0x3E, 0x60, 0x40, 0xC0, 0x41
	.byte 0x60, 0x40, 0xF6, 0x18, 0x24, 0x43, 0x23, 0x42, 0xF8, 0xD5, 0xFF, 0xFF, 0xF9, 0x78, 0xF6, 0xC1
	.byte 0xF6, 0xC0, 0xF6, 0xC0, 0xF6, 0xC0, 0xF0, 0xC7, 0xF1, 0x28, 0xF2, 0xC1, 0xC0, 0x41, 0xC0, 0x40
	.byte 0xC0, 0x41, 0xBF, 0x40, 0xF6, 0x01, 0x60, 0x41, 0x60, 0x3E, 0x60, 0x3C, 0x60, 0x40, 0x48, 0x41
	.byte 0x18, 0x40, 0x18, 0x3E, 0x18, 0x3C, 0x18, 0x3B, 0x18, 0x37, 0x60, 0x39, 0x30, 0x43, 0x30, 0x40
	.byte 0x60, 0x41, 0x24, 0x3C, 0x24, 0x3B, 0x18, 0x39, 0x60, 0x37, 0x60, 0x3B, 0x60, 0x3E, 0x60, 0x3C
	.byte 0xBF, 0x37, 0xF8, 0xCF, 0xFF, 0xFF, 0xF9, 0x78, 0xF6, 0x18, 0xF0, 0x07, 0xF1, 0x64, 0x18, 0x40
	.byte 0xF6, 0x18, 0x18, 0x40, 0xF6, 0x18, 0x18, 0x40, 0xF6, 0x18, 0x18, 0x40, 0xF6, 0x18, 0x18, 0x40
	.byte 0xF6, 0x18, 0x18, 0x40, 0xF6, 0x18, 0x18, 0x40, 0xF6, 0x18, 0x18, 0x40, 0xF6, 0x18, 0x18, 0x40
	.byte 0xF6, 0x18, 0x18, 0x40, 0xF6, 0x18, 0x18, 0x40, 0xF6, 0x18, 0x18, 0x40, 0xF6, 0x18, 0x18, 0x40
	.byte 0xF6, 0x18, 0x18, 0x40, 0xF6, 0x18, 0x18, 0x40, 0xF6, 0x18, 0x18, 0x40, 0xF6, 0x18, 0x18, 0x40
	.byte 0xF6, 0x18, 0x18, 0x40, 0xF6, 0x18, 0x18, 0x40, 0xF6, 0x18, 0x18, 0x40, 0xF6, 0x18, 0x18, 0x40
	.byte 0xF6, 0x18, 0x18, 0x40, 0xF6, 0x18, 0x18, 0x40, 0xF6, 0x18, 0x18, 0x40, 0xF6, 0x18, 0x18, 0x40
	.byte 0xF6, 0x18, 0x18, 0x40, 0xF6, 0x18, 0x18, 0x40, 0xF6, 0x18, 0x18, 0x40, 0xF6, 0x18, 0x18, 0x40
	.byte 0xF6, 0x18, 0x18, 0x40, 0xF6, 0x18, 0x18, 0x40, 0xF6, 0x18, 0x18, 0x40, 0x18, 0x24, 0x0C, 0x3C
	.byte 0x0C, 0x35, 0x18, 0x24, 0x0C, 0x40, 0x0C, 0x35, 0x18, 0x24, 0x0C, 0x3C, 0x0C, 0x35, 0x18, 0x24
	.byte 0x0C, 0x40, 0x0C, 0x35, 0x18, 0x24, 0x0C, 0x3C, 0x0C, 0x35, 0x18, 0x24, 0x0C, 0x40, 0x0C, 0x35
	.byte 0x18, 0x24, 0x0C, 0x3C, 0x0C, 0x35, 0x18, 0x24, 0x0C, 0x3E, 0x0C, 0x35, 0x18, 0x24, 0x0C, 0x3C
	.byte 0x0C, 0x35, 0x18, 0x24, 0x0C, 0x40, 0x0C, 0x35, 0x18, 0x24, 0x0C, 0x3C, 0x0C, 0x35, 0x18, 0x24
	.byte 0x0C, 0x40, 0x0C, 0x35, 0x18, 0x24, 0x0C, 0x3C, 0x0C, 0x35, 0x18, 0x24, 0x0C, 0x40, 0x0C, 0x35
	.byte 0x18, 0x24, 0x0C, 0x3C, 0x0C, 0x35, 0x18, 0x24, 0x0C, 0x3E, 0x0C, 0x35, 0x18, 0x24, 0x0C, 0x3C
	.byte 0x0C, 0x35, 0x18, 0x24, 0x0C, 0x40, 0x0C, 0x35, 0x18, 0x24, 0x0C, 0x3C, 0x0C, 0x35, 0x18, 0x24
	.byte 0x0C, 0x40, 0x0C, 0x35, 0x18, 0x24, 0x0C, 0x3C, 0x0C, 0x35, 0x18, 0x24, 0x0C, 0x40, 0x0C, 0x35
	.byte 0x18, 0x24, 0x0C, 0x3C, 0x0C, 0x35, 0x18, 0x24, 0x0C, 0x3E, 0x0C, 0x35, 0x18, 0x24, 0x0C, 0x3C
	.byte 0x0C, 0x35, 0x18, 0x24, 0x0C, 0x40, 0x0C, 0x35, 0x18, 0x24, 0x0C, 0x3C, 0x0C, 0x35, 0x18, 0x24
	.byte 0x0C, 0x40, 0x0C, 0x35, 0x18, 0x24, 0x0C, 0x3C, 0x0C, 0x35, 0x18, 0x24, 0x0C, 0x40, 0x0C, 0x35
	.byte 0x18, 0x24, 0x0C, 0x3C, 0x0C, 0x35, 0x18, 0x24, 0x0C, 0x3E, 0x0C, 0x35, 0xF8, 0x3D, 0xFF, 0xFF
	.byte 0x00, 0x08, 0x04, 0x00, 0xF0, 0xC3, 0xF1, 0x64, 0x04, 0x40, 0xF6, 0x04, 0x0C, 0x48, 0x0C, 0x47
	.byte 0x0C, 0x45, 0xF1, 0x28, 0x0A, 0x48, 0x0A, 0x47, 0x0A, 0x45, 0xF1, 0x14, 0x08, 0x48, 0x08, 0x47
	.byte 0x08, 0x45, 0xFF, 0x00, 0x00, 0x08, 0x04, 0x00, 0xF0, 0xC3, 0xF1, 0x64, 0x02, 0x3C, 0x02, 0x3E
	.byte 0x02, 0x40, 0xF6, 0x04, 0x04, 0x48, 0x04, 0x47, 0x04, 0x45, 0xF1, 0x28, 0x04, 0x48, 0x04, 0x47
	.byte 0x04, 0x45, 0xF1, 0x14, 0x02, 0x3C, 0x02, 0x3E, 0x02, 0x40, 0xF6, 0x04, 0x04, 0x48, 0x04, 0x47
	.byte 0x04, 0x45, 0xFF, 0x00, 0x00, 0x08, 0x04, 0x00, 0xF0, 0xC3, 0xF1, 0x64, 0x02, 0x3C, 0x02, 0x54
	.byte 0x02, 0x48, 0xF1, 0x28, 0x02, 0x4F, 0x02, 0x4D, 0x02, 0x4C, 0xF1, 0x14, 0x02, 0x4F, 0x02, 0x4D
	.byte 0x02, 0x4C, 0xFF, 0x00, 0x00, 0x08, 0x04, 0x00, 0xF0, 0xC3, 0xF1, 0x28, 0x08, 0x41, 0xF1, 0x64
	.byte 0x08, 0x41, 0xF1, 0x28, 0x08, 0x41, 0xF1, 0x64, 0x20, 0x41, 0xF1, 0x28, 0x18, 0x41, 0xF1, 0x14
	.byte 0x0C, 0x41, 0xFF, 0x00, 0x00, 0x08, 0x04, 0x00, 0xF0, 0xC3, 0xF1, 0x64, 0x02, 0x4F, 0x02, 0x4D
	.byte 0x02, 0x4C, 0xF6, 0x02, 0xF1, 0x28, 0x02, 0x43, 0x02, 0x41, 0x02, 0x40, 0xF6, 0x02, 0xF8, 0xE7
	.byte 0xFF, 0xFF, 0x00, 0x00, 0x00, 0x0C, 0x06, 0x00, 0x4C, 0x00, 0xF0, 0xC6, 0xF1, 0x46, 0xF6, 0x04
	.byte 0xF4, 0x0C, 0xF5, 0x00, 0x00, 0xB0, 0x02, 0xF5, 0x08, 0x00, 0xB0, 0x02, 0xF5, 0x10, 0x00, 0xB0
	.byte 0x02, 0xF5, 0x18, 0x00, 0xB0, 0x02, 0xF5, 0x20, 0x00, 0xB0, 0x02, 0xF5, 0x28, 0x00, 0xB0, 0x02
	.byte 0xF5, 0x30, 0x00, 0xB0, 0x02, 0xF5, 0x38, 0x00, 0xB0, 0x02, 0xF5, 0x40, 0x00, 0xB0, 0x02, 0xF5
	.byte 0x48, 0x00, 0xB0, 0x02, 0xF5, 0x50, 0x00, 0xB0, 0x02, 0xF5, 0x58, 0x02, 0x30, 0xF5, 0x60, 0xFF
	.byte 0xF0, 0xC3, 0xF1, 0x46, 0x04, 0x3C, 0x02, 0x54, 0x18, 0x48, 0xF1, 0x28, 0x0C, 0x48, 0xF1, 0x28
	.byte 0x0C, 0x48, 0xFF, 0x00, 0x00, 0x0C, 0x06, 0x00, 0x71, 0x00, 0xF0, 0xC6, 0xF1, 0x46, 0xF6, 0x04
	.byte 0xF4, 0x0C, 0xF5, 0x00, 0x01, 0x30, 0x01, 0x37, 0xF5, 0x08, 0x01, 0x30, 0x01, 0x37, 0xF5, 0x10
	.byte 0x01, 0x30, 0x01, 0x37, 0xF5, 0x18, 0x01, 0x30, 0x01, 0x37, 0xF5, 0x20, 0x01, 0x30, 0x01, 0x37
	.byte 0xF5, 0x28, 0x01, 0x30, 0x01, 0x37, 0xF5, 0x30, 0x01, 0x30, 0x01, 0x37, 0xF5, 0x38, 0x01, 0x30
	.byte 0x01, 0x37, 0xF5, 0x40, 0x01, 0x30, 0x01, 0x37, 0xF5, 0x48, 0x01, 0x30, 0x01, 0x37, 0xF5, 0x50
	.byte 0x01, 0x30, 0x01, 0x37, 0xF5, 0x58, 0x01, 0x30, 0x01, 0x37, 0xF5, 0x60, 0x01, 0x30, 0x01, 0x37
	.byte 0xF5, 0x68, 0x01, 0x30, 0x01, 0x37, 0xF5, 0x70, 0x01, 0x30, 0x01, 0x37, 0xF5, 0x78, 0x01, 0x30
	.byte 0x01, 0x37, 0xF5, 0x80, 0xFF, 0xF0, 0xC3, 0xF1, 0x46, 0x04, 0x3C, 0x02, 0x54, 0x18, 0x48, 0xF1
	.byte 0x28, 0x0C, 0x48, 0xF1, 0x28, 0x0C, 0x48, 0xFF, 0x00, 0x04, 0x04, 0x00, 0xF0, 0xC6, 0xF1, 0x64
	.byte 0xF4, 0x30, 0xF5, 0x00, 0x00, 0xC8, 0x01, 0xF5, 0x08, 0x00, 0xC8, 0x01, 0xF5, 0x10, 0x00, 0xC8
	.byte 0x01, 0xF5, 0x18, 0x00, 0xC8, 0x01, 0xF5, 0x20, 0x00, 0xC8, 0x01, 0xF5, 0x28, 0x00, 0xC8, 0x01
	.byte 0xF5, 0x30, 0xFF, 0x00, 0x00, 0x04, 0x04, 0x00, 0xF9, 0xB4, 0xF0, 0xC6, 0xF1, 0x78, 0x02, 0x48
	.byte 0x02, 0x4D, 0x02, 0x57, 0x02, 0x5C, 0xF1, 0x28, 0x02, 0x48, 0x02, 0x4D, 0x02, 0x57, 0x02, 0x5C
	.byte 0xF1, 0x14, 0x02, 0x48, 0x02, 0x4D, 0x02, 0x57, 0x02, 0x5C, 0xFF, 0x00, 0x00, 0x04, 0x04, 0x00
	.byte 0xF0, 0xC6, 0xF1, 0x64, 0xF4, 0x30, 0xF5, 0x00, 0x04, 0x45, 0xF5, 0xF8, 0x04, 0x45, 0xF5, 0xF0
	.byte 0x04, 0x45, 0xF5, 0xE8, 0xF1, 0x3C, 0x02, 0x45, 0xF5, 0xE0, 0xF1, 0x14, 0x02, 0x45, 0xF5, 0xD8
	.byte 0xFF, 0x00, 0x00, 0x00, 0x00, 0x04, 0x04, 0x00, 0xF0, 0xC6, 0xF1, 0x50, 0xF4, 0x18, 0xF5, 0x00
	.byte 0x01, 0x48, 0xF5, 0x08, 0x01, 0x48, 0xF5, 0x10, 0x01, 0x48, 0xF5, 0x18, 0x01, 0x48, 0xF1, 0x14
	.byte 0xF5, 0x10, 0x01, 0x48, 0xF5, 0x18, 0x01, 0x48, 0xF1, 0x50, 0xF5, 0x00, 0x01, 0x4C, 0xF5, 0x08
	.byte 0x01, 0x4C, 0xF5, 0x10, 0x01, 0x4C, 0xF5, 0x18, 0x01, 0x4C, 0xF5, 0x20, 0x01, 0x4C, 0xF5, 0x28
	.byte 0x01, 0x4C, 0xF5, 0x00, 0x01, 0x4C, 0xF5, 0x08, 0x01, 0x4C, 0xF5, 0x10, 0x01, 0x4C, 0xF5, 0x18
	.byte 0x01, 0x4C, 0xF5, 0x20, 0x01, 0x4C, 0xF5, 0x28, 0x01, 0x4C, 0xF5, 0x00, 0x01, 0x4C, 0xF5, 0x08
	.byte 0x01, 0x4C, 0xF5, 0x10, 0x01, 0x4C, 0xF5, 0x18, 0x01, 0x4C, 0xF5, 0x20, 0x01, 0x4C, 0xF5, 0x28
	.byte 0x01, 0x4C, 0xF5, 0x00, 0x01, 0x4C, 0xF5, 0x08, 0x01, 0x4C, 0xF5, 0x10, 0x01, 0x4C, 0xF5, 0x18
	.byte 0x01, 0x4C, 0xF5, 0x20, 0x01, 0x4C, 0xF5, 0x28, 0x01, 0x4C, 0xF5, 0x00, 0x01, 0x4C, 0xF5, 0x08
	.byte 0x01, 0x4C, 0xF5, 0x10, 0x01, 0x4C, 0xF5, 0x18, 0x01, 0x4C, 0xF5, 0x20, 0x01, 0x4C, 0xF5, 0x28
	.byte 0x01, 0x4C, 0xF5, 0x00, 0x01, 0x4C, 0xF5, 0x08, 0x01, 0x4C, 0xF5, 0x10, 0x01, 0x4C, 0xF5, 0x18
	.byte 0x01, 0x4C, 0xF5, 0x20, 0x01, 0x4C, 0xF5, 0x28, 0x01, 0x4C, 0xF5, 0x00, 0x01, 0x4C, 0xF5, 0x08
	.byte 0x01, 0x4C, 0xF5, 0x10, 0x01, 0x4C, 0xF5, 0x18, 0x01, 0x4C, 0xF5, 0x20, 0x01, 0x4C, 0xF5, 0x28
	.byte 0x01, 0x4C, 0xF5, 0x00, 0x01, 0x4C, 0xF5, 0x08, 0x01, 0x4C, 0xF5, 0x10, 0x01, 0x4C, 0xF5, 0x18
	.byte 0x01, 0x4C, 0xF5, 0x20, 0x01, 0x4C, 0xF5, 0x28, 0x01, 0x4C, 0xF1, 0x28, 0xF5, 0x00, 0x01, 0x4C
	.byte 0xF5, 0x08, 0x01, 0x4C, 0xF5, 0x10, 0x01, 0x4C, 0xF5, 0x18, 0x01, 0x4C, 0xF5, 0x20, 0x01, 0x4C
	.byte 0xF5, 0x28, 0x01, 0x4C, 0xF5, 0x00, 0x01, 0x4C, 0xF5, 0x08, 0x01, 0x4C, 0xF5, 0x10, 0x01, 0x4C
	.byte 0xF5, 0x18, 0x01, 0x4C, 0xF5, 0x20, 0x01, 0x4C, 0xF5, 0x28, 0x01, 0x4C, 0xF1, 0x14, 0xF5, 0x00
	.byte 0x01, 0x4C, 0xF5, 0x08, 0x01, 0x4C, 0xF5, 0x10, 0x01, 0x4C, 0xF5, 0x18, 0x01, 0x4C, 0xF5, 0x20
	.byte 0x01, 0x4C, 0xF5, 0x28, 0x01, 0x4C, 0xF5, 0x00, 0x01, 0x4C, 0xF5, 0x08, 0x01, 0x4C, 0xF5, 0x10
	.byte 0x01, 0x4C, 0xF5, 0x18, 0x01, 0x4C, 0xF5, 0x20, 0x01, 0x4C, 0xF5, 0x28, 0x01, 0x4C, 0xFF, 0x00
	.byte 0x00, 0x04, 0x04, 0x00, 0xF0, 0xC6, 0xF1, 0x3C, 0xF4, 0x18, 0xF5, 0x00, 0x00, 0xD1, 0x01, 0xF5
	.byte 0x08, 0x00, 0xD1, 0x01, 0xF5, 0x10, 0x00, 0xD1, 0x01, 0xF5, 0x18, 0x01, 0x51, 0xF5, 0x00, 0x00
	.byte 0xD1, 0x01, 0xF5, 0x08, 0x00, 0xD1, 0x01, 0xF5, 0x10, 0x00, 0xD1, 0x01, 0xF5, 0x18, 0x01, 0x51
	.byte 0xF8, 0xD1, 0xFF, 0xFF, 0x00, 0x0C, 0x06, 0x00, 0xBD, 0x00, 0xF0, 0xC6, 0xF1, 0x50, 0xF4, 0x18
	.byte 0xF5, 0x00, 0x01, 0x4A, 0xF5, 0x08, 0x01, 0x4A, 0xF5, 0x10, 0x01, 0x4A, 0xF5, 0x18, 0x01, 0x4A
	.byte 0xF1, 0x14, 0xF5, 0x10, 0x01, 0x4A, 0xF5, 0x18, 0x01, 0x4A, 0xF1, 0x46, 0xF5, 0x00, 0x01, 0x4A
	.byte 0xF5, 0x08, 0x01, 0x4A, 0xF5, 0x10, 0x01, 0x4A, 0xF5, 0x18, 0x01, 0x4A, 0xF5, 0x20, 0x01, 0x4A
	.byte 0xF5, 0x28, 0x01, 0x4A, 0xF5, 0x00, 0x01, 0x4A, 0xF5, 0x08, 0x01, 0x4A, 0xF5, 0x10, 0x01, 0x4A
	.byte 0xF5, 0x18, 0x01, 0x4A, 0xF5, 0x20, 0x01, 0x4A, 0xF5, 0x28, 0x01, 0x4A, 0xF5, 0x00, 0x01, 0x4A
	.byte 0xF5, 0x08, 0x01, 0x4A, 0xF5, 0x10, 0x01, 0x4A, 0xF5, 0x18, 0x01, 0x4A, 0xF5, 0x20, 0x01, 0x4A
	.byte 0xF5, 0x28, 0x01, 0x4A, 0xF5, 0x00, 0x01, 0x4A, 0xF5, 0x08, 0x01, 0x4A, 0xF5, 0x10, 0x01, 0x4A
	.byte 0xF5, 0x18, 0x01, 0x4A, 0xF5, 0x20, 0x01, 0x4A, 0xF5, 0x28, 0x01, 0x4A, 0xF1, 0x28, 0xF5, 0x00
	.byte 0x01, 0x4A, 0xF5, 0x08, 0x01, 0x4A, 0xF5, 0x10, 0x01, 0x4A, 0xF5, 0x18, 0x01, 0x4A, 0xF5, 0x20
	.byte 0x01, 0x4A, 0xF5, 0x28, 0x01, 0x4A, 0xF1, 0x14, 0xF5, 0x00, 0x01, 0x4A, 0xF5, 0x08, 0x01, 0x4A
	.byte 0xF5, 0x10, 0x01, 0x4A, 0xF5, 0x18, 0x01, 0x4A, 0xF5, 0x20, 0x01, 0x4A, 0xF5, 0x28, 0x01, 0x4A
	.byte 0xFF, 0xF0, 0xC3, 0xF1, 0x50, 0x04, 0x54, 0xF6, 0x02, 0x02, 0x60, 0xF6, 0x02, 0x02, 0x5B, 0xF6
	.byte 0x02, 0x02, 0x54, 0xF6, 0x02, 0x02, 0x4F, 0xF6, 0x02, 0x02, 0x60, 0xF6, 0x02, 0x02, 0x5B, 0xF6
	.byte 0x02, 0x02, 0x54, 0xF6, 0x02, 0x02, 0x4F, 0xF6, 0x02, 0xF1, 0x1E, 0x02, 0x60, 0xF6, 0x02, 0x02
	.byte 0x5B, 0xF6, 0x02, 0x02, 0x54, 0xF6, 0x02, 0x02, 0x4F, 0xFF, 0x00, 0x00, 0x00, 0x0C, 0x06, 0x00
	.byte 0x2A, 0x00, 0xF0, 0xC6, 0xF1, 0xC8, 0xF4, 0x20, 0xF5, 0x00, 0x00, 0xB0, 0x01, 0xF5, 0x08, 0x00
	.byte 0xB0, 0x01, 0xF5, 0x10, 0x00, 0xB0, 0x01, 0xF5, 0x18, 0x01, 0x30, 0xF5, 0x20, 0xF5, 0x00, 0xF6
	.byte 0x05, 0xF1, 0x96, 0x02, 0x4E, 0xFF, 0xF0, 0xC3, 0xF1, 0x78, 0xF6, 0x02, 0x02, 0x43, 0xF6, 0x02
	.byte 0x03, 0x5D, 0xFF, 0xF0, 0xC6, 0xF1, 0x50, 0x02, 0x3E, 0x02, 0x43, 0xF6, 0x02, 0x02, 0x4A, 0x02
	.byte 0x4F, 0xF1, 0x46, 0xF4, 0x18, 0xF5, 0x00, 0x00, 0xDB, 0x01, 0xF5, 0xF8, 0x00, 0xDB, 0x01, 0xF5
	.byte 0xF0, 0x00, 0xDB, 0x01, 0xF5, 0xE8, 0x00, 0xDB, 0x01, 0xF5, 0xE0, 0x00, 0xDB, 0x01, 0xF5, 0xD8
	.byte 0x00, 0xDB, 0x01, 0xF5, 0xD0, 0x00, 0xDB, 0x01, 0xF5, 0xC8, 0x00, 0xDB, 0x01, 0xF5, 0xC0, 0x00
	.byte 0xDB, 0x01, 0xF5, 0xB8, 0x00, 0xDB, 0x01, 0xF5, 0xB0, 0x00, 0xDB, 0x01, 0xF5, 0xA8, 0x01, 0x5B
	.byte 0xF5, 0xA0, 0xFF, 0xF0, 0xC3, 0xF1, 0x50, 0x02, 0x3E, 0x02, 0x4F, 0x02, 0x37, 0x04, 0x56, 0x04
	.byte 0x5B, 0xF1, 0x1E, 0x04, 0x5B, 0xF1, 0x0A, 0x04, 0x5B, 0xFF, 0x00, 0x00, 0x00, 0x0C, 0x06, 0x00
	.byte 0x2F, 0x00, 0xF0, 0xC6, 0xF1, 0x50, 0xF4, 0x20, 0xF5, 0x00, 0x01, 0x30, 0xF5, 0xF8, 0x01, 0x30
	.byte 0xF5, 0xF0, 0x01, 0x30, 0xF5, 0xE8, 0x01, 0x30, 0xF5, 0xE0, 0x01, 0x30, 0xF5, 0xD8, 0x01, 0x30
	.byte 0xF5, 0xD0, 0x01, 0x30, 0xF5, 0xC8, 0x01, 0x30, 0xF5, 0xC0, 0xFF, 0xF0, 0xC3, 0xF1, 0x50, 0x04
	.byte 0x4D, 0x04, 0x41, 0xF6, 0x02, 0x04, 0x35, 0x02, 0x41, 0xF6, 0x10, 0x04, 0x59, 0xFF, 0x00, 0x00
	.byte 0x00, 0x08, 0x04, 0x00, 0xF0, 0xC3, 0xF1, 0x50, 0x04, 0x39, 0x02, 0x5D, 0x04, 0x45, 0xFF, 0x00
	.byte 0x00, 0x0C, 0x06, 0x00, 0x21, 0x00, 0xF0, 0xC6, 0xF1, 0x50, 0xF6, 0x06, 0x04, 0x4F, 0x04, 0x54
	.byte 0x04, 0x59, 0x04, 0x5B, 0x04, 0x60, 0x08, 0x6C, 0xF1, 0x28, 0x08, 0x6C, 0xF1, 0x14, 0x08, 0x6C
	.byte 0xFF, 0xF0, 0xC3, 0xF1, 0x50, 0x02, 0x40, 0x02, 0x4C, 0x02, 0x58, 0xFF, 0x00, 0x04, 0x04, 0x00
	.byte 0xF0, 0xC6, 0xF1, 0x50, 0x01, 0x56, 0x03, 0x4F, 0x01, 0x58, 0x03, 0x51, 0x01, 0x59, 0x03, 0x53
	.byte 0x01, 0x5B, 0x03, 0x54, 0x04, 0x5B, 0x02, 0x60, 0xF1, 0x14, 0x01, 0x56, 0x03, 0x4F, 0x01, 0x58
	.byte 0x03, 0x51, 0x01, 0x59, 0x03, 0x53, 0x01, 0x5B, 0x03, 0x54, 0x04, 0x5B, 0x02, 0x60, 0xFF, 0x00
	.byte 0x00, 0x04, 0x04, 0x00, 0xF0, 0xC6, 0xF1, 0x50, 0xF4, 0x18, 0xF5, 0xD8, 0x02, 0x45, 0x02, 0x3E
	.byte 0x02, 0x43, 0xF1, 0x14, 0xF5, 0xE0, 0x02, 0x45, 0x02, 0x3E, 0x02, 0x43, 0xF1, 0x50, 0xF5, 0x00
	.byte 0x02, 0x45, 0x02, 0x3E, 0x02, 0x43, 0xF5, 0x08, 0x02, 0x45, 0x02, 0x3E, 0x02, 0x43, 0xF5, 0x10
	.byte 0x02, 0x45, 0x02, 0x3E, 0x02, 0x43, 0xF5, 0x18, 0x02, 0x45, 0x02, 0x3E, 0x02, 0x43, 0xF1, 0x28
	.byte 0xF5, 0x20, 0x02, 0x45, 0x02, 0x3E, 0x02, 0x43, 0xF1, 0x14, 0xF5, 0x28, 0x02, 0x45, 0x02, 0x3E
	.byte 0x02, 0x43, 0xFF, 0x00, 0x00, 0x04, 0x04, 0x00, 0xF0, 0xC5, 0xF1, 0x46, 0xF4, 0x10, 0xF5, 0x00
	.byte 0x00, 0xB9, 0x04, 0xF5, 0x10, 0x00, 0xB9, 0x04, 0xF5, 0x18, 0x00, 0xB9, 0x02, 0xF5, 0x20, 0x00
	.byte 0xB9, 0x02, 0xF5, 0x28, 0x00, 0xB9, 0x01, 0xF5, 0x30, 0x00, 0xB9, 0x01, 0xF5, 0x38, 0x01, 0x39
	.byte 0xF5, 0x40, 0xF1, 0x28, 0x00, 0xB9, 0x01, 0xF5, 0x48, 0x00, 0xB9, 0x01, 0xF5, 0x50, 0x01, 0x39
	.byte 0xF5, 0x58, 0x01, 0x39, 0xF5, 0x60, 0xF1, 0x14, 0x00, 0xB9, 0x01, 0xF5, 0x68, 0x00, 0xB9, 0x01
	.byte 0xF5, 0x70, 0x00, 0xB9, 0x01, 0xF5, 0x78, 0x01, 0x39, 0xF5, 0x80, 0xFF, 0x00, 0x04, 0x04, 0x00
	.byte 0xF9, 0xB4, 0xF0, 0xC6, 0xF1, 0xA0, 0x03, 0x3B, 0x01, 0x40, 0xF6, 0x04, 0x03, 0x4F, 0x01, 0x48
	.byte 0xFF, 0x00, 0x00, 0x00, 0x00, 0x04, 0x04, 0x00, 0xF0, 0xC6, 0xF1, 0x41, 0x01, 0x5B, 0x03, 0x67
	.byte 0x02, 0x60, 0x18, 0x6C, 0xF1, 0x19, 0x08, 0x6C, 0xFF, 0x00, 0x00, 0x00, 0x00, 0x0C, 0x06, 0x00
	.byte 0x6D, 0x00, 0xF0, 0xC6, 0xF4, 0x38, 0xF1, 0x3C, 0xF5, 0x00, 0x00, 0xAB, 0x01, 0xF5, 0x08, 0x00
	.byte 0xAB, 0x01, 0xF5, 0x10, 0x00, 0xAB, 0x01, 0xF5, 0x18, 0x00, 0xAB, 0x01, 0xF5, 0x20, 0x00, 0xAB
	.byte 0x01, 0xF5, 0x28, 0x00, 0xAB, 0x01, 0xF5, 0x30, 0x00, 0xAB, 0x01, 0xF5, 0x38, 0x00, 0xAB, 0x01
	.byte 0xF5, 0x40, 0x00, 0xAB, 0x01, 0xF5, 0x48, 0x00, 0xAB, 0x01, 0xF5, 0x40, 0x00, 0xAB, 0x01, 0xF5
	.byte 0x38, 0x00, 0xAB, 0x01, 0xF5, 0x30, 0x00, 0xAB, 0x01, 0xF5, 0x28, 0x00, 0xAB, 0x01, 0xF5, 0x20
	.byte 0x00, 0xAB, 0x01, 0xF5, 0x18, 0x00, 0xAB, 0x01, 0xF5, 0x10, 0x00, 0xAB, 0x01, 0xF5, 0x08, 0x01
	.byte 0x2B, 0xF5, 0x00, 0xF6, 0x06, 0xF8, 0x9A, 0xFF, 0xFF, 0xF0, 0xC3, 0xF1, 0x46, 0x02, 0x40, 0x04
	.byte 0x39, 0xF6, 0x04, 0x02, 0x3C, 0x04, 0x37, 0xF6, 0x08, 0xF8, 0xED, 0xFF, 0xFF, 0xF0, 0xC6, 0xF4
	.byte 0x30, 0xF1, 0x0A, 0xF5, 0x00, 0x00, 0xAB, 0x01, 0xF5, 0x10, 0x00, 0xAB, 0x01, 0xF5, 0x20, 0x00
	.byte 0xAB, 0x01, 0xF5, 0x30, 0x00, 0xAB, 0x01, 0xF5, 0x40, 0x00, 0xAB, 0x01, 0xF5, 0x50, 0x00, 0xAB
	.byte 0x01, 0xF5, 0x60, 0x00, 0xAB, 0x01, 0xF5, 0x70, 0x00, 0xAB, 0x01, 0xF5, 0x80, 0x00, 0xAB, 0x01
	.byte 0xF5, 0x90, 0x00, 0xAB, 0x01, 0xF5, 0xA0, 0x00, 0xAB, 0x01, 0xF5, 0xB0, 0x00, 0xAB, 0x01, 0xF5
	.byte 0xC0, 0x00, 0xAB, 0x01, 0xF5, 0xD0, 0x00, 0xAB, 0x01, 0xF5, 0xE0, 0x00, 0xAB, 0x01, 0xF5, 0xF0
	.byte 0x00, 0xAB, 0x01, 0xF5, 0xFF, 0xF6, 0x08, 0xF8, 0xA3, 0xFF, 0xFF, 0xF0, 0xC3, 0xF1, 0x28, 0x04
	.byte 0x40, 0x04, 0x39, 0xF6, 0x08, 0x04, 0x3C, 0x04, 0x37, 0xF6, 0x08, 0xF8, 0xED, 0xFF, 0xFF, 0x00
	.byte 0x00, 0x0C, 0x06, 0x00, 0xA3, 0x00, 0xF0, 0xC6, 0xF1, 0x78, 0xF4, 0x30, 0xF5, 0x00, 0x01, 0x32
	.byte 0xF5, 0x08, 0x01, 0x32, 0xF5, 0x10, 0x01, 0x32, 0xF5, 0x20, 0xF6, 0x08, 0xF5, 0x00, 0x01, 0x34
	.byte 0xF5, 0x08, 0x01, 0x34, 0xF5, 0x10, 0x01, 0x34, 0xF5, 0x20, 0xF6, 0x08, 0xF5, 0x00, 0x01, 0x37
	.byte 0xF5, 0x08, 0x01, 0x37, 0xF5, 0x10, 0x01, 0x37, 0xF5, 0x20, 0xF1, 0x64, 0xF6, 0x08, 0xF5, 0x00
	.byte 0x01, 0x3B, 0xF5, 0x08, 0x01, 0x3B, 0xF5, 0x10, 0x01, 0x3B, 0xF5, 0x20, 0xF6, 0x08, 0xF5, 0x00
	.byte 0x01, 0x3E, 0xF5, 0x08, 0x01, 0x3E, 0xF5, 0x10, 0x01, 0x3E, 0xF5, 0x20, 0xF1, 0x3C, 0xF6, 0x08
	.byte 0xF5, 0x00, 0x01, 0x41, 0xF5, 0x08, 0x01, 0x41, 0xF5, 0x10, 0x01, 0x41, 0xF5, 0x20, 0xF1, 0x28
	.byte 0xF6, 0x08, 0xF5, 0x00, 0x01, 0x3B, 0xF5, 0x08, 0x01, 0x3B, 0xF5, 0x10, 0x01, 0x3B, 0xF5, 0x20
	.byte 0xF6, 0x08, 0xF5, 0x00, 0x01, 0x3E, 0xF5, 0x08, 0x01, 0x3E, 0xF5, 0x10, 0x01, 0x3E, 0xF5, 0x20
	.byte 0xF1, 0x14, 0xF6, 0x08, 0xF5, 0x00, 0x01, 0x41, 0xF5, 0x08, 0x01, 0x41, 0xF5, 0x10, 0x01, 0x41
	.byte 0xF5, 0x20, 0xFF, 0xF0, 0xC3, 0xF1, 0x14, 0x08, 0x48, 0xF1, 0x28, 0x08, 0x48, 0xF1, 0x3C, 0x18
	.byte 0x48, 0xF1, 0x28, 0x10, 0x48, 0xF1, 0x14, 0x10, 0x48, 0xFF, 0x00, 0x00, 0x00, 0x04, 0x04, 0x00
	.byte 0xF0, 0xC6, 0xF1, 0x28, 0xF4, 0x14, 0xF5, 0x00, 0x00, 0xD1, 0x01, 0xF5, 0x08, 0x00, 0xD1, 0x01
	.byte 0xF5, 0x10, 0x00, 0xD1, 0x01, 0xF5, 0x18, 0x01, 0x51, 0xF6, 0x01, 0xF5, 0x00, 0x00, 0xD1, 0x01
	.byte 0xF5, 0x08, 0x00, 0xD1, 0x01, 0xF5, 0x10, 0x00, 0xD1, 0x01, 0xF5, 0x18, 0x00, 0xD1, 0x01, 0xF5
	.byte 0x20, 0x00, 0xD1, 0x01, 0xF5, 0x28, 0x00, 0xD1, 0x01, 0xF5, 0x30, 0x00, 0xD1, 0x01, 0xF5, 0x38
	.byte 0x00, 0xD1, 0x01, 0xF5, 0x00, 0x00, 0xD1, 0x01, 0xF5, 0x08, 0x00, 0xD1, 0x01, 0xF5, 0x10, 0x00
	.byte 0xD1, 0x01, 0xF5, 0x18, 0x00, 0xD1, 0x01, 0xF5, 0x20, 0x00, 0xD1, 0x01, 0xF5, 0x28, 0x00, 0xD1
	.byte 0x01, 0xF5, 0x30, 0x00, 0xD1, 0x01, 0xF5, 0x38, 0x00, 0xD1, 0x01, 0xF5, 0x00, 0x00, 0xD1, 0x01
	.byte 0xF5, 0x08, 0x00, 0xD1, 0x01, 0xF5, 0x10, 0x00, 0xD1, 0x01, 0xF5, 0x18, 0x00, 0xD1, 0x01, 0xF5
	.byte 0x20, 0x00, 0xD1, 0x01, 0xF5, 0x28, 0x00, 0xD1, 0x01, 0xF5, 0x30, 0x00, 0xD1, 0x01, 0xF5, 0x38
	.byte 0x01, 0x51, 0xF5, 0x40, 0xF6, 0x02, 0xF5, 0x00, 0x00, 0xD1, 0x01, 0xF5, 0x08, 0x00, 0xD1, 0x01
	.byte 0xF5, 0x10, 0x00, 0xD1, 0x01, 0xF5, 0x18, 0x01, 0x51, 0xF5, 0x20, 0xF6, 0x02, 0xF5, 0x00, 0x00
	.byte 0xD1, 0x01, 0xF5, 0x08, 0x00, 0xD1, 0x01, 0xF5, 0x10, 0x00, 0xD1, 0x01, 0xF5, 0x18, 0x01, 0x51
	.byte 0xF5, 0x20, 0xF6, 0x02, 0xF5, 0x00, 0x00, 0xD1, 0x01, 0xF5, 0x08, 0x00, 0xD1, 0x01, 0xF5, 0x10
	.byte 0x00, 0xD1, 0x01, 0xF5, 0x18, 0x01, 0x51, 0xF5, 0x20, 0xF6, 0x02, 0xF5, 0x40, 0x00, 0xD1, 0x01
	.byte 0xF5, 0x38, 0x00, 0xD1, 0x01, 0xF5, 0x30, 0x00, 0xD1, 0x01, 0xF5, 0x28, 0x00, 0xD1, 0x01, 0xF5
	.byte 0x20, 0x00, 0xD1, 0x01, 0xF5, 0x18, 0x00, 0xD1, 0x01, 0xF5, 0x10, 0x00, 0xD1, 0x01, 0xF5, 0x08
	.byte 0x01, 0x51, 0xF5, 0x00, 0xF8, 0xF9, 0xFE, 0xFF, 0xF0, 0xC6, 0xF1, 0x28, 0x01, 0x4F, 0x01, 0x54
	.byte 0xFF, 0x00, 0x00, 0x00, 0x00, 0x04, 0x04, 0x00, 0xF0, 0xC6, 0xF1, 0x50, 0xF4, 0x14, 0xF5, 0x00
	.byte 0x00, 0xC5, 0x01, 0xF5, 0x08, 0x00, 0xC5, 0x01, 0xF5, 0x10, 0x00, 0xC5, 0x01, 0xF5, 0x18, 0x01
	.byte 0x45, 0xF6, 0x01, 0xF5, 0x00, 0x00, 0xC5, 0x01, 0xF5, 0x08, 0x00, 0xC5, 0x01, 0xF5, 0x10, 0x00
	.byte 0xC5, 0x01, 0xF5, 0x18, 0x00, 0xC5, 0x01, 0xF5, 0x20, 0x00, 0xC5, 0x01, 0xF5, 0x28, 0x00, 0xC5
	.byte 0x01, 0xF5, 0x30, 0x00, 0xC5, 0x01, 0xF5, 0x38, 0x00, 0xC5, 0x01, 0xF5, 0x00, 0x00, 0xC5, 0x01
	.byte 0xF5, 0x08, 0x00, 0xC5, 0x01, 0xF5, 0x10, 0x00, 0xC5, 0x01, 0xF5, 0x18, 0x00, 0xC5, 0x01, 0xF5
	.byte 0x20, 0x00, 0xC5, 0x01, 0xF5, 0x28, 0x00, 0xC5, 0x01, 0xF5, 0x30, 0x00, 0xC5, 0x01, 0xF5, 0x38
	.byte 0x00, 0xC5, 0x01, 0xF5, 0x00, 0x00, 0xC5, 0x01, 0xF5, 0x08, 0x00, 0xC5, 0x01, 0xF5, 0x10, 0x00
	.byte 0xC5, 0x01, 0xF5, 0x18, 0x00, 0xC5, 0x01, 0xF5, 0x20, 0x00, 0xC5, 0x01, 0xF5, 0x28, 0x00, 0xC5
	.byte 0x01, 0xF5, 0x30, 0x00, 0xC5, 0x01, 0xF5, 0x38, 0x01, 0x45, 0xF5, 0x40, 0xF6, 0x02, 0xF5, 0x00
	.byte 0x00, 0xC5, 0x01, 0xF5, 0x08, 0x00, 0xC5, 0x01, 0xF5, 0x10, 0x00, 0xC5, 0x01, 0xF5, 0x18, 0x01
	.byte 0x45, 0xF5, 0x20, 0xF6, 0x02, 0xF5, 0x00, 0x00, 0xC5, 0x01, 0xF5, 0x08, 0x00, 0xC5, 0x01, 0xF5
	.byte 0x10, 0x00, 0xC5, 0x01, 0xF5, 0x18, 0x01, 0x45, 0xF5, 0x20, 0xF6, 0x02, 0xF5, 0x00, 0x00, 0xC5
	.byte 0x01, 0xF5, 0x08, 0x00, 0xC5, 0x01, 0xF5, 0x10, 0x00, 0xC5, 0x01, 0xF5, 0x18, 0x01, 0x45, 0xF5
	.byte 0x20, 0xF6, 0x02, 0xF5, 0x40, 0x00, 0xC5, 0x01, 0xF5, 0x38, 0x00, 0xC5, 0x01, 0xF5, 0x30, 0x00
	.byte 0xC5, 0x01, 0xF5, 0x28, 0x00, 0xC5, 0x01, 0xF5, 0x20, 0x00, 0xC5, 0x01, 0xF5, 0x18, 0x00, 0xC5
	.byte 0x01, 0xF5, 0x10, 0x00, 0xC5, 0x01, 0xF5, 0x08, 0x01, 0x45, 0xF5, 0x00, 0xF8, 0xF9, 0xFE, 0xFF
	.byte 0xF0, 0xC6, 0xF1, 0x50, 0x01, 0x43, 0x01, 0x48, 0xFF, 0x00, 0x00, 0x00, 0x00, 0x04, 0x04, 0x00
	.byte 0xF0, 0xC6, 0xF1, 0x78, 0x02, 0x40, 0x02, 0x4C, 0x02, 0x51, 0x02, 0x3E, 0xF6, 0x04, 0x02, 0x3E
	.byte 0x02, 0x37, 0xF6, 0x08, 0x02, 0x39, 0x02, 0x51, 0xF6, 0x04, 0x02, 0x5D, 0x02, 0x4C, 0x02, 0x40
	.byte 0x02, 0x48, 0x02, 0x47, 0xF6, 0x04, 0x02, 0x37, 0x02, 0x3E, 0xF6, 0x08, 0x02, 0x4D, 0x02, 0x41
	.byte 0xF6, 0x04, 0x02, 0x41, 0xF6, 0x08, 0x02, 0x40, 0x02, 0x4C, 0x02, 0x51, 0x02, 0x3E, 0xF6, 0x04
	.byte 0x02, 0x3E, 0x02, 0x37, 0xF6, 0x08, 0x02, 0x40, 0x02, 0x48, 0x02, 0x47, 0xF6, 0x04, 0x02, 0x37
	.byte 0x02, 0x3E, 0xF6, 0x08, 0x02, 0x4D, 0x02, 0x41, 0xF6, 0x04, 0x02, 0x41, 0xF6, 0x08, 0xF8, 0x9F
	.byte 0xFF, 0xFF, 0xF0, 0xC5, 0xF1, 0x0A, 0x01, 0x56, 0x01, 0x51, 0x01, 0x4C, 0xFF, 0x00, 0x00, 0x00
	.byte 0xFC, 0x03, 0x12, 0x00, 0xB5, 0x03, 0xEF, 0x04, 0x2A, 0x06, 0xBE, 0x09, 0x0A, 0x0D, 0x32, 0x10
	.byte 0xEE, 0x11, 0xF9, 0x6C, 0xF6, 0xC0, 0xF2, 0x64, 0xF0, 0x13, 0xF1, 0xB4, 0xF6, 0xC0, 0x0C, 0x43
	.byte 0x0C, 0x44, 0x00, 0xC5, 0x0C, 0xF1, 0x3C, 0x0C, 0x45, 0xF1, 0xB4, 0x00, 0xC4, 0x30, 0xF1, 0x3C
	.byte 0x0C, 0x44, 0xF6, 0x0C, 0xF1, 0xB4, 0x00, 0xC9, 0x10, 0xF1, 0x3C, 0x08, 0x49, 0xF1, 0xB4, 0x00
	.byte 0xC7, 0x0C, 0xF1, 0x3C, 0x0C, 0x47, 0xF1, 0xB4, 0x00, 0xC6, 0x0C, 0xF1, 0x3C, 0x0C, 0x46, 0xF1
	.byte 0xB4, 0x00, 0xC4, 0x0C, 0xF1, 0x3C, 0x0C, 0x44, 0xF1, 0xB4, 0x00, 0xC3, 0x0C, 0xF1, 0x3C, 0x0C
	.byte 0x43, 0xF1, 0xB4, 0x00, 0xC4, 0x0C, 0xF1, 0x3C, 0x0C, 0x44, 0xF1, 0xB4, 0x00, 0xC6, 0x0C, 0xF1
	.byte 0x3C, 0x0A, 0x46, 0xF1, 0xB4, 0x04, 0x43, 0x00, 0xC4, 0x0A, 0xF1, 0x3C, 0x0C, 0x44, 0xF1, 0xB4
	.byte 0x00, 0xC1, 0x0C, 0xF1, 0x3C, 0x0C, 0x41, 0xF1, 0xB4, 0x00, 0xC3, 0x24, 0xF1, 0x3C, 0x0C, 0x43
	.byte 0xF1, 0xB4, 0x0C, 0x44, 0x0C, 0x46, 0x0C, 0x44, 0x0C, 0x43, 0x00, 0xC1, 0x10, 0xF1, 0x3C, 0x08
	.byte 0x41, 0xF1, 0xB4, 0x0C, 0x44, 0x0C, 0x46, 0x0C, 0x44, 0x0C, 0x43, 0x00, 0xC1, 0x12, 0xF1, 0x3C
	.byte 0x0C, 0x41, 0xF1, 0x1E, 0x0C, 0x41, 0xF6, 0x1E, 0xF1, 0xB4, 0xF6, 0x18, 0x00, 0xC1, 0x12, 0xF1
	.byte 0x3C, 0x06, 0x41, 0xF1, 0xB4, 0x00, 0xC3, 0x0C, 0xF1, 0x3C, 0x0C, 0x43, 0xF1, 0xB4, 0x00, 0xBF
	.byte 0x0C, 0xF1, 0x3C, 0x0C, 0x3F, 0xF1, 0xB4, 0x00, 0xC1, 0x0C, 0xF1, 0x3C, 0x0C, 0x41, 0xF1, 0xB4
	.byte 0x00, 0xC3, 0x0C, 0xF1, 0x3C, 0x0C, 0x43, 0xF1, 0xB4, 0x0C, 0x44, 0x0C, 0x46, 0x00, 0xC8, 0x0C
	.byte 0xF1, 0x3C, 0x0C, 0x48, 0xF1, 0xB4, 0x00, 0xC4, 0x0C, 0xF1, 0x3C, 0x0C, 0x44, 0xF1, 0xB4, 0x00
	.byte 0xC1, 0x0C, 0xF1, 0x3C, 0x0C, 0x41, 0xF1, 0xB4, 0x00, 0xC3, 0x24, 0xF1, 0x3C, 0x0A, 0x43, 0xF1
	.byte 0xB4, 0x04, 0x43, 0x00, 0xC4, 0x0A, 0xF1, 0x3C, 0x0C, 0x44, 0xF1, 0xB4, 0x00, 0xC1, 0x0C, 0xF1
	.byte 0x3C, 0x0C, 0x41, 0xF1, 0xB4, 0x00, 0xC3, 0x24, 0xF1, 0x3C, 0x0C, 0x43, 0xF1, 0xB4, 0xF6, 0x18
	.byte 0x00, 0xC9, 0x12, 0xF1, 0x3C, 0x06, 0x49, 0xF1, 0xB4, 0x00, 0xC8, 0x0C, 0xF1, 0x3C, 0x0C, 0x48
	.byte 0xF1, 0xB4, 0x00, 0xC4, 0x0C, 0xF1, 0x3C, 0x0C, 0x44, 0xF1, 0xB4, 0x00, 0xC6, 0x0C, 0xF1, 0x3C
	.byte 0x0C, 0x46, 0xF1, 0xB4, 0x00, 0xC4, 0x0C, 0xF1, 0x3C, 0x0C, 0x44, 0xF1, 0xB4, 0x00, 0xC3, 0x24
	.byte 0xF1, 0x3C, 0x0C, 0x43, 0xF1, 0xB4, 0x00, 0xC4, 0x0C, 0xF1, 0x3C, 0x0C, 0x44, 0xF1, 0xB4, 0x00
	.byte 0xC4, 0x0C, 0xF1, 0x3C, 0x0C, 0x44, 0xF1, 0xB4, 0x00, 0xB8, 0x0C, 0xF1, 0x3C, 0x0C, 0x38, 0xF1
	.byte 0xB4, 0x00, 0xB8, 0x0C, 0xF1, 0x3C, 0x0C, 0x38, 0xF1, 0xB4, 0x00, 0xC4, 0x18, 0xF1, 0x3C, 0x00
	.byte 0xC4, 0x0C, 0xF1, 0x1E, 0x0C, 0x44, 0xF1, 0xB4, 0x00, 0xB8, 0x18, 0xF1, 0x3C, 0x00, 0xB8, 0x0C
	.byte 0xF1, 0x1E, 0x0C, 0x38, 0xF1, 0xB4, 0xF6, 0x18, 0x00, 0xB8, 0x0C, 0xF1, 0x3C, 0x0C, 0x38, 0xF1
	.byte 0xB4, 0x00, 0xBA, 0x0C, 0xF1, 0x3C, 0x0C, 0x3A, 0xF1, 0xB4, 0x00, 0xBC, 0x0C, 0xF1, 0x3C, 0x0C
	.byte 0x3C, 0xF1, 0xB4, 0x00, 0xBD, 0x0C, 0xF1, 0x3C, 0x0C, 0x3D, 0xF1, 0xB4, 0x00, 0xBF, 0x0C, 0xF1
	.byte 0x3C, 0x0C, 0x3F, 0xF1, 0xB4, 0x00, 0xC0, 0x0C, 0xF1, 0x3C, 0x0C, 0x40, 0xF1, 0xB4, 0x00, 0xC2
	.byte 0x0C, 0xF1, 0x3C, 0x0C, 0x42, 0xF1, 0xB4, 0x0C, 0x43, 0x0C, 0x44, 0x00, 0xC5, 0x0C, 0xF1, 0x3C
	.byte 0x0C, 0x45, 0xF1, 0xB4, 0x00, 0xC4, 0x30, 0xF1, 0x3C, 0x06, 0x44, 0xF1, 0xB4, 0xF6, 0x12, 0x00
	.byte 0xC9, 0x10, 0xF1, 0x3C, 0x08, 0x49, 0xF1, 0xB4, 0x00, 0xC7, 0x0C, 0xF1, 0x3C, 0x0C, 0x47, 0xF1
	.byte 0xB4, 0x00, 0xC6, 0x0C, 0xF1, 0x3C, 0x0C, 0x46, 0xF1, 0xB4, 0x00, 0xC4, 0x0C, 0xF1, 0x3C, 0x0C
	.byte 0x44, 0xF1, 0xB4, 0x00, 0xC3, 0x0C, 0xF1, 0x3C, 0x0C, 0x43, 0xF1, 0xB4, 0x00, 0xC4, 0x0C, 0xF1
	.byte 0x3C, 0x0C, 0x44, 0xF1, 0xB4, 0x00, 0xC6, 0x0C, 0xF1, 0x3C, 0x0A, 0x46, 0xF1, 0xB4, 0x04, 0x43
	.byte 0x00, 0xC4, 0x0A, 0xF1, 0x3C, 0x0C, 0x44, 0xF1, 0xB4, 0x00, 0xC1, 0x0C, 0xF1, 0x3C, 0x0C, 0x41
	.byte 0xF1, 0xB4, 0x00, 0xC3, 0x24, 0xF1, 0x3C, 0x0C, 0x43, 0xF1, 0xB4, 0x0C, 0x44, 0x0C, 0x46, 0x0C
	.byte 0x44, 0x0C, 0x43, 0x00, 0xC1, 0x10, 0xF1, 0x3C, 0x08, 0x41, 0xF1, 0xB4, 0x0C, 0x44, 0x0C, 0x46
	.byte 0x0C, 0x44, 0x0C, 0x43, 0x00, 0xC1, 0x12, 0xF1, 0x3C, 0x00, 0xC1, 0x0C, 0xF1, 0x1E, 0x0C, 0x41
	.byte 0xF1, 0xB4, 0xF6, 0x1E, 0xF6, 0x18, 0x00, 0xC1, 0x12, 0xF1, 0x3C, 0x06, 0x41, 0xF1, 0xB4, 0x00
	.byte 0xC3, 0x0C, 0xF1, 0x3C, 0x0C, 0x43, 0xF1, 0xB4, 0x00, 0xBF, 0x0C, 0xF1, 0x3C, 0x0C, 0x3F, 0xF1
	.byte 0xB4, 0x00, 0xC1, 0x0C, 0xF1, 0x3C, 0x0C, 0x41, 0xF1, 0xB4, 0x00, 0xC3, 0x0C, 0xF1, 0x3C, 0x0C
	.byte 0x43, 0xF1, 0xB4, 0x0C, 0x44, 0x0C, 0x46, 0x00, 0xC8, 0x0C, 0xF1, 0x3C, 0x0C, 0x48, 0xF1, 0xB4
	.byte 0x00, 0xC4, 0x0C, 0xF1, 0x3C, 0x0C, 0x44, 0xF1, 0xB4, 0x00, 0xC1, 0x0C, 0xF1, 0x3C, 0x0C, 0x41
	.byte 0xF1, 0xB4, 0x00, 0xC3, 0x24, 0xF1, 0x3C, 0x0A, 0x43, 0xF1, 0xB4, 0x04, 0x43, 0x00, 0xC4, 0x0A
	.byte 0xF1, 0x3C, 0x0C, 0x44, 0xF1, 0xB4, 0x00, 0xC1, 0x0C, 0xF1, 0x3C, 0x0C, 0x41, 0xF1, 0xB4, 0x00
	.byte 0xC3, 0x24, 0xF1, 0x3C, 0x0C, 0x43, 0xF1, 0xB4, 0xF6, 0x18, 0x00, 0xC9, 0x12, 0xF1, 0x3C, 0x06
	.byte 0x49, 0xF1, 0xB4, 0x00, 0xC8, 0x0C, 0xF1, 0x3C, 0x0C, 0x48, 0xF1, 0xB4, 0x00, 0xC4, 0x0C, 0xF1
	.byte 0x3C, 0x0C, 0x44, 0xF1, 0xB4, 0x00, 0xC6, 0x0C, 0xF1, 0x3C, 0x0C, 0x46, 0xF1, 0xB4, 0x00, 0xC4
	.byte 0x0C, 0xF1, 0x3C, 0x0C, 0x44, 0xF1, 0xB4, 0x00, 0xC3, 0x24, 0xF1, 0x3C, 0x0C, 0x43, 0xF1, 0xB4
	.byte 0x00, 0xC4, 0x0C, 0xF1, 0x3C, 0x0C, 0x44, 0xF1, 0xB4, 0x00, 0xC4, 0x0C, 0xF1, 0x3C, 0x0C, 0x44
	.byte 0xF1, 0xB4, 0x00, 0xB8, 0x0C, 0xF1, 0x3C, 0x0C, 0x38, 0xF1, 0xB4, 0x00, 0xB8, 0x0C, 0xF1, 0x3C
	.byte 0x0C, 0x38, 0xF1, 0xB4, 0x00, 0xC4, 0x18, 0xF1, 0x3C, 0x00, 0xC4, 0x0C, 0xF1, 0x1E, 0x0C, 0x44
	.byte 0xF1, 0xB4, 0x00, 0xB8, 0x18, 0xF1, 0x3C, 0x00, 0xB8, 0x0C, 0xF1, 0x1E, 0x0C, 0x38, 0xF1, 0xB4
	.byte 0xF6, 0x18, 0x00, 0xB8, 0x0C, 0xF1, 0x3C, 0x0C, 0x38, 0xF1, 0xB4, 0x00, 0xBA, 0x0C, 0xF1, 0x3C
	.byte 0x0C, 0x3A, 0xF1, 0xB4, 0x00, 0xBC, 0x0C, 0xF1, 0x3C, 0x0C, 0x3C, 0xF1, 0xB4, 0x00, 0xBD, 0x0C
	.byte 0xF1, 0x3C, 0x0C, 0x3D, 0xF1, 0xB4, 0x00, 0xBF, 0x0C, 0xF1, 0x3C, 0x0C, 0x3F, 0xF1, 0xB4, 0x00
	.byte 0xC0, 0x0C, 0xF1, 0x3C, 0x0C, 0x40, 0xF1, 0xB4, 0x00, 0xC2, 0x0C, 0xF1, 0x3C, 0x0C, 0x42, 0xF1
	.byte 0xB4, 0xF8, 0x6A, 0xFC, 0xFF, 0xF9, 0x6C, 0xF6, 0x90, 0xF0, 0x00, 0xF1, 0x3C, 0x30, 0x30, 0xF6
	.byte 0x90, 0x30, 0x30, 0xF0, 0x17, 0xF1, 0xF0, 0x0C, 0x3D, 0xF1, 0x28, 0x06, 0x3D, 0xF6, 0x1E, 0xF1
	.byte 0xF0, 0x0C, 0x38, 0xF1, 0x28, 0x06, 0x38, 0xF6, 0x1E, 0xF1, 0xF0, 0x0C, 0x3D, 0xF1, 0x28, 0x06
	.byte 0x3D, 0xF6, 0x1E, 0xF1, 0xF0, 0x0C, 0x38, 0xF1, 0x28, 0x06, 0x38, 0xF6, 0x1E, 0xF1, 0xF0, 0x0C
	.byte 0x3D, 0xF1, 0x28, 0x06, 0x3D, 0xF6, 0x1E, 0xF1, 0xF0, 0x0C, 0x38, 0xF1, 0x28, 0x06, 0x38, 0xF6
	.byte 0x1E, 0xF1, 0xF0, 0x0C, 0x3D, 0xF1, 0x28, 0x06, 0x3D, 0xF6, 0x1E, 0xF1, 0xF0, 0x18, 0x38, 0xF1
	.byte 0x28, 0x06, 0x38, 0xF6, 0x12, 0xF1, 0xF0, 0x0C, 0x3D, 0xF1, 0x28, 0x06, 0x3D, 0xF6, 0x1E, 0xF1
	.byte 0xF0, 0x0C, 0x38, 0xF1, 0x28, 0x06, 0x38, 0xF6, 0x1E, 0xF1, 0xF0, 0x0C, 0x3D, 0xF1, 0x28, 0x06
	.byte 0x3D, 0xF6, 0x1E, 0xF1, 0xF0, 0x0C, 0x38, 0xF1, 0x28, 0x06, 0x38, 0xF6, 0x1E, 0xF1, 0xF0, 0x0C
	.byte 0x3D, 0xF1, 0x28, 0x06, 0x3D, 0xF6, 0x1E, 0xF1, 0xF0, 0x0C, 0x38, 0xF1, 0x28, 0x06, 0x38, 0xF6
	.byte 0x1E, 0xF1, 0xF0, 0x0C, 0x3D, 0xF1, 0x28, 0x06, 0x3D, 0xF6, 0x1E, 0xF1, 0xF0, 0x18, 0x38, 0xF1
	.byte 0x28, 0x06, 0x38, 0xF6, 0x12, 0xF1, 0xF0, 0x0C, 0x3D, 0xF1, 0x28, 0x06, 0x3D, 0xF6, 0x1E, 0xF1
	.byte 0xF0, 0x0C, 0x38, 0xF1, 0x28, 0x06, 0x38, 0xF6, 0x1E, 0xF1, 0xF0, 0x0C, 0x3D, 0xF1, 0x28, 0x06
	.byte 0x3D, 0xF6, 0x1E, 0xF1, 0xF0, 0x0C, 0x38, 0xF1, 0x28, 0x06, 0x38, 0xF6, 0x1E, 0xF1, 0xF0, 0x0C
	.byte 0x3D, 0xF1, 0x28, 0x06, 0x3D, 0xF6, 0x1E, 0xF1, 0xF0, 0x0C, 0x38, 0xF1, 0x28, 0x06, 0x38, 0xF6
	.byte 0x1E, 0xF1, 0xF0, 0x0C, 0x3D, 0xF1, 0x28, 0x06, 0x3D, 0xF6, 0x1E, 0xF1, 0xF0, 0x18, 0x33, 0xF1
	.byte 0x28, 0x06, 0x33, 0xF6, 0x12, 0xF1, 0xF0, 0x0C, 0x38, 0xF1, 0x28, 0x06, 0x38, 0xF6, 0x4E, 0xF1
	.byte 0xF0, 0x0C, 0x38, 0xF1, 0x28, 0x06, 0x38, 0xF6, 0x4E, 0xF1, 0xF0, 0xF6, 0x30, 0x0C, 0x38, 0xF1
	.byte 0x28, 0x06, 0x38, 0xF6, 0x1E, 0xF1, 0xF0, 0x0C, 0x38, 0xF1, 0x28, 0x06, 0x38, 0xF6, 0x1E, 0xF1
	.byte 0xF0, 0x18, 0x38, 0xF1, 0x28, 0x06, 0x38, 0xF6, 0x12, 0xF1, 0xF0, 0xF8, 0xD7, 0xFE, 0xFF, 0xF9
	.byte 0x6C, 0xF6, 0xC0, 0xF6, 0xC0, 0xF6, 0xC1, 0xF6, 0xC0, 0xF6, 0xC0, 0xF6, 0xC0, 0xF6, 0xC0, 0xF6
	.byte 0xC0, 0xF6, 0xC0, 0xF6, 0xC0, 0xF2, 0xB4, 0xF0, 0x16, 0xF1, 0x28, 0x00, 0xD0, 0x1C, 0xF1, 0x14
	.byte 0x08, 0x50, 0xF1, 0x28, 0x0C, 0x4F, 0x00, 0xD0, 0x1C, 0xF1, 0x14, 0x08, 0x50, 0xF1, 0x28, 0x0C
	.byte 0x4F, 0x00, 0xD0, 0x0C, 0xF1, 0x14, 0x0C, 0x50, 0xF1, 0x28, 0x00, 0xD2, 0x0C, 0xF1, 0x14, 0x0C
	.byte 0x52, 0xF1, 0x28, 0x00, 0xD0, 0x24, 0xF1, 0x14, 0x0C, 0x50, 0xF1, 0x28, 0x00, 0xCF, 0x0C, 0xF1
	.byte 0x14, 0x0C, 0x4F, 0xF1, 0x28, 0x00, 0xCB, 0x0C, 0xF1, 0x14, 0x0C, 0x4B, 0xF1, 0x28, 0x00, 0xCD
	.byte 0x3C, 0xF1, 0x14, 0x0C, 0x4D, 0xF1, 0x28, 0x00, 0xCB, 0x0C, 0xF1, 0x14, 0x0C, 0x4B, 0xF1, 0x28
	.byte 0x00, 0xC9, 0x30, 0x00, 0xC9, 0x0C, 0xF1, 0x14, 0x0C, 0x49, 0xF1, 0x28, 0xF6, 0x30, 0x0C, 0x4D
	.byte 0x0C, 0x4F, 0x0C, 0x4D, 0x0C, 0x4B, 0x00, 0xC9, 0x10, 0xF1, 0x14, 0x08, 0x49, 0xF1, 0x28, 0x0C
	.byte 0x50, 0x0C, 0x4F, 0x00, 0xD0, 0x10, 0xF1, 0x14, 0x08, 0x50, 0xF1, 0x28, 0xF6, 0x18, 0x00, 0xC9
	.byte 0x12, 0xF1, 0x14, 0x06, 0x49, 0xF1, 0x28, 0x00, 0xCB, 0x0C, 0xF1, 0x14, 0x0C, 0x4B, 0xF1, 0x28
	.byte 0x00, 0xC8, 0x0C, 0xF1, 0x14, 0x0C, 0x48, 0xF1, 0x28, 0x00, 0xC9, 0x0C, 0xF1, 0x14, 0x0C, 0x49
	.byte 0xF1, 0x28, 0x00, 0xCB, 0x0C, 0xF1, 0x14, 0x0C, 0x4B, 0xF1, 0x28, 0x0C, 0x4D, 0x0C, 0x43, 0x00
	.byte 0xD0, 0x0C, 0xF1, 0x14, 0x0C, 0x50, 0xF1, 0x28, 0x00, 0xD0, 0x1C, 0xF1, 0x14, 0x00, 0xD0, 0x08
	.byte 0xF1, 0x28, 0x0C, 0x4F, 0x00, 0xD0, 0x1C, 0xF1, 0x14, 0x08, 0x50, 0xF1, 0x28, 0x0C, 0x4F, 0x00
	.byte 0xD0, 0x0C, 0xF1, 0x14, 0x0C, 0x50, 0xF1, 0x28, 0x00, 0xD2, 0x0C, 0xF1, 0x14, 0x0C, 0x52, 0xF1
	.byte 0x28, 0x00, 0xD0, 0x24, 0xF1, 0x14, 0x0C, 0x50, 0xF1, 0x28, 0x00, 0xCF, 0x0C, 0xF1, 0x14, 0x0C
	.byte 0x4F, 0xF1, 0x28, 0x00, 0xCB, 0x0C, 0xF1, 0x14, 0x0C, 0x4B, 0xF1, 0x28, 0x00, 0xCD, 0x3C, 0xF1
	.byte 0x14, 0x0C, 0x4D, 0xF1, 0x28, 0x00, 0xCC, 0x08, 0xF1, 0x14, 0x08, 0x4C, 0xF1, 0x28, 0xF6, 0x08
	.byte 0x30, 0x4B, 0xF6, 0xC0, 0xF6, 0xBF, 0xF8, 0xCC, 0xFE, 0xFF, 0xF9, 0x6C, 0xF6, 0x02, 0xF2, 0xFE
	.byte 0xF0, 0x07, 0xF1, 0x3C, 0x18, 0x28, 0x18, 0x28, 0xF1, 0x28, 0x04, 0x28, 0x04, 0x28, 0x04, 0x28
	.byte 0xF1, 0x14, 0x04, 0x28, 0x04, 0x28, 0x04, 0x28, 0xF1, 0x0A, 0x04, 0x28, 0x04, 0x28, 0x04, 0x28
	.byte 0xF1, 0x14, 0x04, 0x28, 0x04, 0x28, 0x04, 0x28, 0xF1, 0x3C, 0x18, 0x28, 0x18, 0x28, 0x30, 0x24
	.byte 0x18, 0x28, 0x18, 0x28, 0xF1, 0x14, 0x06, 0x28, 0x06, 0x28, 0xF1, 0x3C, 0x0C, 0x28, 0x0C, 0x28
	.byte 0x0C, 0x28, 0x18, 0x28, 0x18, 0x28, 0x24, 0x24, 0xF1, 0x14, 0x04, 0x28, 0x04, 0x28, 0xF1, 0x28
	.byte 0x02, 0x28, 0xF0, 0x0C, 0xF1, 0xF0, 0xF6, 0x32, 0x0C, 0x41, 0xF1, 0x64, 0x0C, 0x41, 0xF1, 0xF0
	.byte 0x0C, 0x44, 0xF1, 0x64, 0x0C, 0x44, 0xF1, 0x28, 0x0C, 0x44, 0xF6, 0x24, 0xF1, 0xF0, 0x0C, 0x44
	.byte 0xF1, 0x64, 0x0C, 0x44, 0xF1, 0xF0, 0x0C, 0x47, 0xF1, 0x64, 0x0C, 0x47, 0xF1, 0x28, 0x0C, 0x47
	.byte 0xF6, 0x24, 0xF1, 0xF0, 0x0C, 0x41, 0xF1, 0x64, 0x0C, 0x41, 0xF1, 0xF0, 0x0C, 0x44, 0xF1, 0x64
	.byte 0x0C, 0x44, 0xF1, 0x28, 0x0C, 0x44, 0xF6, 0x24, 0xF1, 0xF0, 0x0C, 0x44, 0xF1, 0x64, 0x0C, 0x44
	.byte 0xF1, 0xF0, 0x0C, 0x47, 0xF1, 0x64, 0x0C, 0x47, 0xF1, 0xF0, 0x0C, 0x41, 0x0C, 0x43, 0x0C, 0x41
	.byte 0x0C, 0x3F, 0x0C, 0x3D, 0xF1, 0x64, 0x0C, 0x3D, 0xF1, 0xF0, 0x0C, 0x41, 0x0C, 0x43, 0x0C, 0x41
	.byte 0x0C, 0x3F, 0x0C, 0x3D, 0xF1, 0x64, 0x0C, 0x3D, 0xF1, 0xF0, 0x0C, 0x3D, 0xF1, 0x64, 0x0C, 0x3D
	.byte 0xF1, 0xF0, 0x0C, 0x41, 0xF1, 0x64, 0x0C, 0x41, 0xF1, 0x28, 0x0C, 0x41, 0xF6, 0x0C, 0xF1, 0xF0
	.byte 0x0C, 0x41, 0xF1, 0x64, 0x0C, 0x41, 0xF1, 0xF0, 0x0C, 0x41, 0xF1, 0x64, 0x0C, 0x41, 0xF1, 0xF0
	.byte 0x0C, 0x44, 0xF1, 0x64, 0x0C, 0x44, 0xF1, 0x28, 0x0C, 0x44, 0xF6, 0x24, 0xF1, 0xF0, 0x0C, 0x44
	.byte 0xF1, 0x64, 0x0C, 0x44, 0xF1, 0xF0, 0x0C, 0x49, 0xF1, 0x64, 0x0C, 0x49, 0xF1, 0xF0, 0x0C, 0x44
	.byte 0xF1, 0x64, 0x0C, 0x44, 0xF1, 0xF0, 0x0C, 0x41, 0xF1, 0x64, 0x0C, 0x41, 0xF1, 0xF0, 0x0C, 0x43
	.byte 0xF1, 0x64, 0x0C, 0x43, 0xF1, 0xF0, 0x0C, 0x46, 0xF1, 0x64, 0x0C, 0x46, 0xF1, 0x28, 0x0C, 0x46
	.byte 0xF6, 0x24, 0xF1, 0xF0, 0x0C, 0x44, 0xF1, 0x64, 0x0C, 0x44, 0xF1, 0xF0, 0x0C, 0x49, 0xF1, 0x64
	.byte 0x0C, 0x49, 0xF1, 0x28, 0x0C, 0x49, 0xF6, 0x24, 0xF1, 0xF0, 0x0C, 0x41, 0xF1, 0x64, 0x0C, 0x41
	.byte 0xF1, 0xF0, 0x0C, 0x44, 0xF1, 0x64, 0x0C, 0x44, 0xF1, 0x28, 0x0C, 0x44, 0xF6, 0x24, 0xF1, 0xF0
	.byte 0x0C, 0x43, 0xF1, 0x64, 0x0C, 0x43, 0xF1, 0xF0, 0x0C, 0x46, 0xF1, 0x64, 0x0C, 0x46, 0xF1, 0xF0
	.byte 0x0C, 0x3F, 0xF1, 0x64, 0x0C, 0x3F, 0xF1, 0xF0, 0x0C, 0x3F, 0xF1, 0x64, 0x0C, 0x3F, 0xF1, 0xF0
	.byte 0x0C, 0x38, 0xF1, 0x64, 0x0C, 0x38, 0xF1, 0xF0, 0x0C, 0x38, 0xF1, 0x64, 0x0C, 0x38, 0xF1, 0xF0
	.byte 0x0C, 0x3F, 0xF1, 0x64, 0x0C, 0x3F, 0xF1, 0xF0, 0x0C, 0x3F, 0xF1, 0x64, 0x0C, 0x3F, 0xF1, 0xF0
	.byte 0x0C, 0x38, 0xF1, 0x64, 0x0C, 0x38, 0xF1, 0xF0, 0x0C, 0x38, 0xF1, 0x64, 0x0C, 0x38, 0xF1, 0x28
	.byte 0x0C, 0x38, 0xF6, 0x0C, 0xF1, 0xF0, 0x0C, 0x44, 0xF1, 0x64, 0x0C, 0x44, 0xF1, 0xF0, 0x0C, 0x44
	.byte 0xF1, 0x64, 0x0C, 0x44, 0xF1, 0xF0, 0x0C, 0x44, 0xF1, 0x64, 0x0C, 0x44, 0xF1, 0xF0, 0x0C, 0x44
	.byte 0xF1, 0x64, 0x0C, 0x44, 0xF1, 0xF0, 0x0C, 0x44, 0xF1, 0x64, 0x0C, 0x44, 0xF1, 0xF0, 0x0C, 0x44
	.byte 0xF1, 0x64, 0x0C, 0x44, 0xF1, 0xF0, 0x0C, 0x44, 0xF1, 0x64, 0x0C, 0x44, 0xF1, 0x28, 0x0C, 0x44
	.byte 0xF6, 0x24, 0xF1, 0xF0, 0x0C, 0x41, 0xF1, 0x64, 0x0C, 0x41, 0xF1, 0xF0, 0x0C, 0x44, 0xF1, 0x64
	.byte 0x0C, 0x44, 0xF1, 0x28, 0x0C, 0x44, 0xF6, 0x24, 0xF1, 0xF0, 0x0C, 0x44, 0xF1, 0x64, 0x0C, 0x44
	.byte 0xF1, 0xF0, 0x0C, 0x47, 0xF1, 0x64, 0x0C, 0x47, 0xF1, 0x28, 0x0C, 0x47, 0xF6, 0x24, 0xF1, 0xF0
	.byte 0x0C, 0x41, 0xF1, 0x64, 0x0C, 0x41, 0xF1, 0xF0, 0x0C, 0x44, 0xF1, 0x64, 0x0C, 0x44, 0xF1, 0x28
	.byte 0x0C, 0x44, 0xF6, 0x24, 0xF1, 0xF0, 0x0C, 0x44, 0xF1, 0x64, 0x0C, 0x44, 0xF1, 0xF0, 0x0C, 0x47
	.byte 0xF1, 0x64, 0x0C, 0x47, 0xF1, 0xF0, 0x0C, 0x41, 0x0C, 0x43, 0x0C, 0x41, 0x0C, 0x3F, 0x0C, 0x3D
	.byte 0xF1, 0x64, 0x0C, 0x3D, 0xF1, 0xF0, 0x0C, 0x41, 0x0C, 0x43, 0x0C, 0x41, 0x0C, 0x3F, 0x0C, 0x3D
	.byte 0xF1, 0x64, 0x0C, 0x3D, 0xF1, 0xF0, 0x0C, 0x3D, 0xF1, 0x64, 0x0C, 0x3D, 0xF1, 0xF0, 0x0C, 0x41
	.byte 0xF1, 0x64, 0x0C, 0x41, 0xF1, 0x28, 0x0C, 0x41, 0xF6, 0x0C, 0xF1, 0xF0, 0x0C, 0x41, 0xF1, 0x64
	.byte 0x0C, 0x41, 0xF1, 0xF0, 0x0C, 0x41, 0xF1, 0x64, 0x0C, 0x41, 0xF1, 0xF0, 0x0C, 0x44, 0xF1, 0x64
	.byte 0x0C, 0x44, 0xF1, 0x28, 0x0C, 0x44, 0xF6, 0x24, 0xF1, 0xF0, 0x0C, 0x44, 0xF1, 0x64, 0x0C, 0x44
	.byte 0xF1, 0xF0, 0x0C, 0x49, 0xF1, 0x64, 0x0C, 0x49, 0xF1, 0xF0, 0x0C, 0x44, 0xF1, 0x64, 0x0C, 0x44
	.byte 0xF1, 0xF0, 0x0C, 0x41, 0xF1, 0x64, 0x0C, 0x41, 0xF1, 0xF0, 0x0C, 0x43, 0xF1, 0x64, 0x0C, 0x43
	.byte 0xF1, 0xF0, 0x0C, 0x46, 0xF1, 0x64, 0x0C, 0x46, 0xF1, 0x28, 0x0C, 0x46, 0xF6, 0x24, 0xF1, 0xF0
	.byte 0x0C, 0x44, 0xF1, 0x64, 0x0C, 0x44, 0xF1, 0xF0, 0x0C, 0x49, 0xF1, 0x64, 0x0C, 0x49, 0xF1, 0x28
	.byte 0x0C, 0x49, 0xF6, 0x24, 0xF1, 0xF0, 0x0C, 0x41, 0xF1, 0x64, 0x0C, 0x41, 0xF1, 0xF0, 0x0C, 0x44
	.byte 0xF1, 0x64, 0x0C, 0x44, 0xF1, 0x28, 0x0C, 0x44, 0xF6, 0x24, 0xF1, 0xF0, 0x0C, 0x43, 0xF1, 0x64
	.byte 0x0C, 0x43, 0xF1, 0xF0, 0x0C, 0x46, 0xF1, 0x64, 0x0C, 0x46, 0xF1, 0xF0, 0x0C, 0x3F, 0xF1, 0x64
	.byte 0x0C, 0x3F, 0xF1, 0xF0, 0x0C, 0x3F, 0xF1, 0x64, 0x0C, 0x3F, 0xF1, 0xF0, 0x0C, 0x38, 0xF1, 0x64
	.byte 0x0C, 0x38, 0xF1, 0xF0, 0x0C, 0x38, 0xF1, 0x64, 0x0C, 0x38, 0xF1, 0xF0, 0x0C, 0x3F, 0xF1, 0x64
	.byte 0x0C, 0x3F, 0xF1, 0xF0, 0x0C, 0x3F, 0xF1, 0x64, 0x0C, 0x3F, 0xF1, 0xF0, 0x0C, 0x38, 0xF1, 0x64
	.byte 0x0C, 0x38, 0xF1, 0xF0, 0x0C, 0x38, 0xF1, 0x64, 0x0C, 0x38, 0xF1, 0x28, 0x0C, 0x38, 0xF6, 0x0C
	.byte 0xF1, 0xF0, 0x0C, 0x44, 0xF1, 0x64, 0x0C, 0x44, 0xF1, 0xF0, 0x0C, 0x44, 0xF1, 0x64, 0x0C, 0x44
	.byte 0xF1, 0xF0, 0x0C, 0x44, 0xF1, 0x64, 0x0C, 0x44, 0xF1, 0xF0, 0x0C, 0x44, 0xF1, 0x64, 0x0C, 0x44
	.byte 0xF1, 0xF0, 0x0C, 0x44, 0xF1, 0x64, 0x0C, 0x44, 0xF1, 0xF0, 0x0C, 0x44, 0xF1, 0x64, 0x0C, 0x44
	.byte 0xF1, 0xF0, 0x0C, 0x44, 0xF1, 0x64, 0x0A, 0x44, 0xF1, 0xF0, 0xF8, 0xC9, 0xFC, 0xFF, 0xF9, 0x6C
	.byte 0xF6, 0x90, 0xF2, 0x08, 0xF0, 0x00, 0xF1, 0x78, 0x30, 0x32, 0xF6, 0x90, 0x30, 0x32, 0xF0, 0x0C
	.byte 0xF1, 0xC8, 0xF6, 0x31, 0x0C, 0x3D, 0xF1, 0x50, 0x0C, 0x3D, 0xF1, 0xC8, 0x0C, 0x41, 0xF1, 0x50
	.byte 0x0C, 0x41, 0xF1, 0x1E, 0x0C, 0x41, 0xF6, 0x24, 0xF1, 0xC8, 0x0C, 0x41, 0xF1, 0x50, 0x0C, 0x41
	.byte 0xF1, 0xC8, 0x0C, 0x44, 0xF1, 0x50, 0x0C, 0x44, 0xF1, 0x1E, 0x0C, 0x44, 0xF6, 0x24, 0xF1, 0xC8
	.byte 0x0C, 0x3D, 0xF1, 0x50, 0x0C, 0x3D, 0xF1, 0xC8, 0x0C, 0x41, 0xF1, 0x50, 0x0C, 0x41, 0xF1, 0x1E
	.byte 0x0C, 0x41, 0xF6, 0x24, 0xF1, 0xC8, 0x0C, 0x41, 0xF1, 0x50, 0x0C, 0x41, 0xF1, 0xC8, 0x0C, 0x44
	.byte 0xF1, 0x50, 0x0C, 0x44, 0xF1, 0xC8, 0x0C, 0x3D, 0x0C, 0x3F, 0x0C, 0x3D, 0x0C, 0x3A, 0x0C, 0x38
	.byte 0xF1, 0x50, 0x0C, 0x38, 0xF1, 0xC8, 0x0C, 0x3D, 0x0C, 0x3F, 0x0C, 0x3D, 0x0C, 0x3A, 0x0C, 0x38
	.byte 0xF1, 0x50, 0x0C, 0x38, 0xF1, 0xC8, 0x0C, 0x38, 0xF1, 0x50, 0x0C, 0x38, 0xF1, 0xC8, 0x0C, 0x3D
	.byte 0xF1, 0x50, 0x0C, 0x3D, 0xF1, 0x1E, 0x0C, 0x3D, 0xF6, 0x0C, 0xF1, 0xC8, 0x0C, 0x3D, 0xF1, 0x50
	.byte 0x0C, 0x3D, 0xF1, 0xC8, 0x0C, 0x3D, 0xF1, 0x50, 0x0C, 0x3D, 0xF1, 0xC8, 0x0C, 0x41, 0xF1, 0x50
	.byte 0x0C, 0x41, 0xF1, 0x1E, 0x0C, 0x41, 0xF6, 0x24, 0xF1, 0xC8, 0x0C, 0x41, 0xF1, 0x50, 0x0C, 0x41
	.byte 0xF1, 0xC8, 0x0C, 0x44, 0xF1, 0x50, 0x0C, 0x44, 0xF1, 0xC8, 0x0C, 0x41, 0xF1, 0x50, 0x0C, 0x41
	.byte 0xF1, 0xC8, 0x0C, 0x3D, 0xF1, 0x50, 0x0C, 0x3D, 0xF1, 0xC8, 0x0C, 0x3D, 0xF1, 0x50, 0x0C, 0x3D
	.byte 0xF1, 0xC8, 0x0C, 0x43, 0xF1, 0x50, 0x0C, 0x43, 0xF1, 0x1E, 0x0C, 0x43, 0xF6, 0x24, 0xF1, 0xC8
	.byte 0x0C, 0x41, 0xF1, 0x50, 0x0C, 0x41, 0xF1, 0xC8, 0x0C, 0x46, 0xF1, 0x50, 0x0C, 0x46, 0xF1, 0x1E
	.byte 0x0C, 0x46, 0xF6, 0x24, 0xF1, 0xC8, 0x0C, 0x3D, 0xF1, 0x50, 0x0C, 0x3D, 0xF1, 0xC8, 0x0C, 0x41
	.byte 0xF1, 0x50, 0x0C, 0x41, 0xF1, 0x1E, 0x0C, 0x41, 0xF6, 0x24, 0xF1, 0xC8, 0x0C, 0x3F, 0xF1, 0x50
	.byte 0x0C, 0x3F, 0xF1, 0xC8, 0x0C, 0x43, 0xF1, 0x50, 0x0C, 0x43, 0xF1, 0xC8, 0x0C, 0x3C, 0xF1, 0x50
	.byte 0x0C, 0x3C, 0xF1, 0xC8, 0x0C, 0x3C, 0xF1, 0x50, 0x0C, 0x3C, 0xF1, 0xC8, 0x0C, 0x33, 0xF1, 0x50
	.byte 0x0C, 0x33, 0xF1, 0xC8, 0x0C, 0x33, 0xF1, 0x50, 0x0C, 0x33, 0xF1, 0xC8, 0x0C, 0x3C, 0xF1, 0x50
	.byte 0x0C, 0x3C, 0xF1, 0xC8, 0x0C, 0x3C, 0xF1, 0x50, 0x0C, 0x3C, 0xF1, 0xC8, 0x0C, 0x33, 0xF1, 0x50
	.byte 0x0C, 0x33, 0xF1, 0xC8, 0x0C, 0x33, 0xF1, 0x50, 0x0C, 0x33, 0xF1, 0x1E, 0x0C, 0x33, 0xF6, 0x0C
	.byte 0xF1, 0xF0, 0x0C, 0x44, 0xF1, 0x50, 0x0C, 0x44, 0xF1, 0xC8, 0x0C, 0x43, 0xF1, 0x50, 0x0C, 0x43
	.byte 0xF1, 0xC8, 0x0C, 0x43, 0xF1, 0x50, 0x0C, 0x43, 0xF1, 0xC8, 0x0C, 0x42, 0xF1, 0x50, 0x0C, 0x42
	.byte 0xF1, 0xC8, 0x0C, 0x42, 0xF1, 0x50, 0x0C, 0x42, 0xF1, 0xC8, 0x0C, 0x40, 0xF1, 0x50, 0x0C, 0x40
	.byte 0xF1, 0xC8, 0x0C, 0x3F, 0xF1, 0x50, 0x0C, 0x3F, 0xF1, 0x1E, 0x0C, 0x3F, 0xF6, 0x24, 0xF1, 0xC8
	.byte 0x0C, 0x3D, 0xF1, 0x50, 0x0C, 0x3D, 0xF1, 0xC8, 0x0C, 0x41, 0xF1, 0x50, 0x0C, 0x41, 0xF1, 0x1E
	.byte 0x0C, 0x41, 0xF6, 0x24, 0xF1, 0xC8, 0x0C, 0x41, 0xF1, 0x50, 0x0C, 0x41, 0xF1, 0xC8, 0x0C, 0x44
	.byte 0xF1, 0x50, 0x0C, 0x44, 0xF1, 0x1E, 0x0C, 0x44, 0xF6, 0x24, 0xF1, 0xC8, 0x0C, 0x3D, 0xF1, 0x50
	.byte 0x0C, 0x3D, 0xF1, 0xC8, 0x0C, 0x41, 0xF1, 0x50, 0x0C, 0x41, 0xF1, 0x1E, 0x0C, 0x41, 0xF6, 0x24
	.byte 0xF1, 0xC8, 0x0C, 0x41, 0xF1, 0x50, 0x0C, 0x41, 0xF1, 0xC8, 0x0C, 0x44, 0xF1, 0x50, 0x0C, 0x44
	.byte 0xF1, 0xC8, 0x0C, 0x3D, 0x0C, 0x3F, 0x0C, 0x3D, 0x0C, 0x3A, 0x0C, 0x38, 0xF1, 0x50, 0x0C, 0x38
	.byte 0xF1, 0xC8, 0x0C, 0x3D, 0x0C, 0x3F, 0x0C, 0x3D, 0x0C, 0x3A, 0x0C, 0x38, 0xF1, 0x50, 0x0C, 0x38
	.byte 0xF1, 0xC8, 0x0C, 0x38, 0xF1, 0x50, 0x0C, 0x38, 0xF1, 0xC8, 0x0C, 0x3D, 0xF1, 0x50, 0x0C, 0x3D
	.byte 0xF1, 0x1E, 0x0C, 0x3D, 0xF6, 0x0C, 0xF1, 0xC8, 0x0C, 0x3D, 0xF1, 0x50, 0x0C, 0x3D, 0xF1, 0xC8
	.byte 0x0C, 0x3D, 0xF1, 0x50, 0x0C, 0x3D, 0xF1, 0xC8, 0x0C, 0x41, 0xF1, 0x50, 0x0C, 0x41, 0xF1, 0x28
	.byte 0x0C, 0x41, 0xF6, 0x24, 0xF1, 0xC8, 0x0C, 0x41, 0xF1, 0x50, 0x0C, 0x41, 0xF1, 0xC8, 0x0C, 0x44
	.byte 0xF1, 0x50, 0x0C, 0x44, 0xF1, 0xC8, 0x0C, 0x41, 0xF1, 0x50, 0x0C, 0x41, 0xF1, 0xC8, 0x0C, 0x3D
	.byte 0xF1, 0x50, 0x0C, 0x3D, 0xF1, 0xC8, 0x0C, 0x3D, 0xF1, 0x50, 0x0C, 0x3D, 0xF1, 0xC8, 0x0C, 0x43
	.byte 0xF1, 0x50, 0x0C, 0x43, 0xF1, 0x1E, 0x0C, 0x43, 0xF6, 0x24, 0xF1, 0xC8, 0x0C, 0x41, 0xF1, 0x50
	.byte 0x0C, 0x41, 0xF1, 0xC8, 0x0C, 0x46, 0xF1, 0x50, 0x0C, 0x46, 0xF1, 0x1E, 0x0C, 0x46, 0xF6, 0x24
	.byte 0xF1, 0xC8, 0x0C, 0x3D, 0xF1, 0x50, 0x0C, 0x3D, 0xF1, 0xC8, 0x0C, 0x41, 0xF1, 0x50, 0x0C, 0x41
	.byte 0xF1, 0x1E, 0x0C, 0x41, 0xF6, 0x24, 0xF1, 0xC8, 0x0C, 0x3F, 0xF1, 0x50, 0x0C, 0x3F, 0xF1, 0xC8
	.byte 0x0C, 0x43, 0xF1, 0x50, 0x0C, 0x43, 0xF1, 0xC8, 0x0C, 0x3C, 0xF1, 0x50, 0x0C, 0x3C, 0xF1, 0xC8
	.byte 0x0C, 0x3C, 0xF1, 0x50, 0x0C, 0x3C, 0xF1, 0xC8, 0x0C, 0x33, 0xF1, 0x50, 0x0C, 0x33, 0xF1, 0xC8
	.byte 0x0C, 0x33, 0xF1, 0x50, 0x0C, 0x33, 0xF1, 0xC8, 0x0C, 0x3C, 0xF1, 0x50, 0x0C, 0x3C, 0xF1, 0xC8
	.byte 0x0C, 0x3C, 0xF1, 0x50, 0x0C, 0x3C, 0xF1, 0xC8, 0x0C, 0x33, 0xF1, 0x50, 0x0C, 0x33, 0xF1, 0xC8
	.byte 0x0C, 0x33, 0xF1, 0x50, 0x0C, 0x33, 0xF1, 0x1E, 0x0C, 0x33, 0xF6, 0x0C, 0xF1, 0xC8, 0x0C, 0x44
	.byte 0xF1, 0x50, 0x0C, 0x44, 0xF1, 0xC8, 0x0C, 0x43, 0xF1, 0x50, 0x0C, 0x43, 0xF1, 0xC8, 0x0C, 0x43
	.byte 0xF1, 0x50, 0x0C, 0x43, 0xF1, 0xC8, 0x0C, 0x42, 0xF1, 0x50, 0x0C, 0x42, 0xF1, 0xC8, 0x0C, 0x42
	.byte 0xF1, 0x50, 0x0C, 0x42, 0xF1, 0xC8, 0x0C, 0x40, 0xF1, 0x50, 0x0C, 0x40, 0xF1, 0xC8, 0x0C, 0x3F
	.byte 0xF1, 0x50, 0x0B, 0x3F, 0xF1, 0xC8, 0xF8, 0xC7, 0xFC, 0xFF, 0xF9, 0x6C, 0xF0, 0x07, 0xF1, 0x64
	.byte 0x18, 0x28, 0x18, 0x28, 0xF1, 0x50, 0x04, 0x28, 0x04, 0x28, 0x04, 0x28, 0xF1, 0x3C, 0x04, 0x28
	.byte 0x04, 0x28, 0x04, 0x28, 0xF1, 0x28, 0x04, 0x28, 0x04, 0x28, 0x04, 0x28, 0xF1, 0x3C, 0x04, 0x28
	.byte 0x04, 0x28, 0x04, 0x28, 0xF1, 0x64, 0x18, 0x28, 0x18, 0x28, 0x30, 0x24, 0x18, 0x28, 0x18, 0x28
	.byte 0xF1, 0x3C, 0x06, 0x28, 0x06, 0x28, 0xF1, 0x64, 0x0C, 0x28, 0x0C, 0x28, 0x0C, 0x28, 0x18, 0x28
	.byte 0x18, 0x28, 0x24, 0x24, 0xF1, 0x3C, 0x04, 0x28, 0x04, 0x28, 0xF1, 0x50, 0x04, 0x28, 0xF1, 0x3C
	.byte 0x05, 0x28, 0xF1, 0x64, 0x14, 0x28, 0x18, 0x28, 0xF1, 0x3C, 0x06, 0x28, 0x06, 0x28, 0xF1, 0x64
	.byte 0x0C, 0x28, 0x0C, 0x28, 0x0C, 0x28, 0x18, 0x28, 0x18, 0x28, 0xF1, 0x50, 0x04, 0x28, 0x04, 0x28
	.byte 0x04, 0x28, 0xF1, 0x3C, 0x04, 0x28, 0x04, 0x28, 0x04, 0x28, 0xF1, 0x28, 0x04, 0x28, 0x04, 0x28
	.byte 0x04, 0x28, 0xF1, 0x3C, 0x04, 0x28, 0x04, 0x28, 0x04, 0x28, 0xF1, 0x64, 0x18, 0x28, 0x18, 0x28
	.byte 0xF1, 0x3C, 0x06, 0x28, 0x06, 0x28, 0xF1, 0x64, 0x0C, 0x28, 0x0C, 0x28, 0x0C, 0x28, 0x18, 0x28
	.byte 0x18, 0x28, 0x0C, 0x28, 0x0C, 0x28, 0x18, 0x28, 0xF1, 0x3C, 0x04, 0x28, 0xF1, 0x64, 0x14, 0x28
	.byte 0x18, 0x28, 0xF1, 0x3C, 0x06, 0x28, 0x06, 0x28, 0xF1, 0x64, 0x0C, 0x28, 0x0C, 0x28, 0x0C, 0x28
	.byte 0x18, 0x28, 0x18, 0x28, 0xF1, 0x50, 0x04, 0x28, 0x04, 0x28, 0x04, 0x28, 0xF1, 0x3C, 0x04, 0x28
	.byte 0x04, 0x28, 0x04, 0x28, 0xF1, 0x28, 0x04, 0x28, 0x04, 0x28, 0x04, 0x28, 0xF1, 0x3C, 0x04, 0x28
	.byte 0x04, 0x28, 0x04, 0x28, 0xF1, 0x64, 0x18, 0x28, 0x18, 0x28, 0xF1, 0x3C, 0x06, 0x28, 0x06, 0x28
	.byte 0xF1, 0x64, 0x0C, 0x28, 0x0C, 0x28, 0x0C, 0x28, 0x18, 0x28, 0x18, 0x28, 0x0C, 0x28, 0x0C, 0x28
	.byte 0x18, 0x28, 0xF1, 0x3C, 0x04, 0x28, 0xF1, 0x64, 0x14, 0x28, 0x18, 0x28, 0xF1, 0x3C, 0x06, 0x28
	.byte 0x06, 0x28, 0xF1, 0x64, 0x0C, 0x28, 0x0C, 0x28, 0x0C, 0x28, 0x18, 0x28, 0x18, 0x28, 0xF1, 0x50
	.byte 0x04, 0x28, 0x04, 0x28, 0x04, 0x28, 0xF1, 0x3C, 0x04, 0x28, 0x04, 0x28, 0x04, 0x28, 0xF1, 0x28
	.byte 0x04, 0x28, 0x04, 0x28, 0x04, 0x28, 0xF1, 0x3C, 0x04, 0x28, 0x04, 0x28, 0x04, 0x28, 0xF1, 0x64
	.byte 0x18, 0x28, 0x18, 0x28, 0xF1, 0x3C, 0x06, 0x28, 0x06, 0x28, 0xF1, 0x64, 0x0C, 0x28, 0x0C, 0x28
	.byte 0x0C, 0x28, 0x18, 0x28, 0x18, 0x28, 0x0C, 0x28, 0x0C, 0x28, 0x18, 0x28, 0xF1, 0x3C, 0x04, 0x28
	.byte 0xF1, 0x64, 0x14, 0x28, 0x18, 0x28, 0xF1, 0x3C, 0x06, 0x28, 0x06, 0x28, 0xF1, 0x64, 0x0C, 0x28
	.byte 0x0C, 0x28, 0x0C, 0x28, 0x18, 0x28, 0x18, 0x28, 0xF1, 0x50, 0x04, 0x28, 0x04, 0x28, 0x04, 0x28
	.byte 0xF1, 0x3C, 0x04, 0x28, 0x04, 0x28, 0x04, 0x28, 0xF1, 0x28, 0x04, 0x28, 0x04, 0x28, 0x04, 0x28
	.byte 0xF1, 0x3C, 0x04, 0x28, 0x04, 0x28, 0x04, 0x28, 0xF1, 0x64, 0x18, 0x28, 0x18, 0x28, 0xF1, 0x3C
	.byte 0x06, 0x28, 0x06, 0x28, 0xF1, 0x64, 0x0C, 0x28, 0x0C, 0x28, 0x0C, 0x28, 0x18, 0x28, 0x18, 0x28
	.byte 0x0C, 0x28, 0x0C, 0x28, 0x18, 0x28, 0xF1, 0x3C, 0x04, 0x28, 0xF1, 0x64, 0x14, 0x28, 0x18, 0x28
	.byte 0xF1, 0x3C, 0x06, 0x28, 0x06, 0x28, 0xF1, 0x64, 0x0C, 0x28, 0x0C, 0x28, 0x0C, 0x28, 0x18, 0x28
	.byte 0x18, 0x28, 0xF1, 0x50, 0x04, 0x28, 0x04, 0x28, 0x04, 0x28, 0xF1, 0x3C, 0x04, 0x28, 0x04, 0x28
	.byte 0x04, 0x28, 0xF1, 0x28, 0x04, 0x28, 0x04, 0x28, 0x04, 0x28, 0xF1, 0x3C, 0x04, 0x28, 0x04, 0x28
	.byte 0x04, 0x28, 0xF1, 0x64, 0x18, 0x28, 0x18, 0x28, 0xF1, 0x3C, 0x06, 0x28, 0x06, 0x28, 0xF1, 0x64
	.byte 0x0C, 0x28, 0x0C, 0x28, 0x0C, 0x28, 0x18, 0x28, 0x18, 0x28, 0x0C, 0x28, 0x0C, 0x28, 0x18, 0x28
	.byte 0xF1, 0x3C, 0x04, 0x28, 0xF1, 0x64, 0x14, 0x28, 0x18, 0x28, 0xF1, 0x3C, 0x06, 0x28, 0x06, 0x28
	.byte 0xF1, 0x64, 0x0C, 0x28, 0x0C, 0x28, 0x0C, 0x28, 0x18, 0x28, 0x18, 0x28, 0xF1, 0x50, 0x04, 0x28
	.byte 0x04, 0x28, 0x04, 0x28, 0xF1, 0x3C, 0x04, 0x28, 0x04, 0x28, 0x04, 0x28, 0xF1, 0x28, 0x04, 0x28
	.byte 0x04, 0x28, 0x04, 0x28, 0xF1, 0x3C, 0x04, 0x28, 0x04, 0x28, 0x04, 0x28, 0xF1, 0x64, 0x18, 0x28
	.byte 0x18, 0x28, 0xF1, 0x3C, 0x06, 0x28, 0x06, 0x28, 0xF1, 0x64, 0x0C, 0x28, 0x0C, 0x28, 0x0C, 0x28
	.byte 0x18, 0x28, 0x18, 0x28, 0x0C, 0x28, 0x0C, 0x28, 0x18, 0x28, 0xF1, 0x3C, 0x04, 0x28, 0xF1, 0x64
	.byte 0x14, 0x28, 0x18, 0x28, 0xF1, 0x3C, 0x06, 0x28, 0x06, 0x28, 0xF1, 0x64, 0x0C, 0x28, 0x0C, 0x28
	.byte 0x0C, 0x28, 0x18, 0x28, 0x18, 0x28, 0xF1, 0x50, 0x04, 0x28, 0x04, 0x28, 0x04, 0x28, 0xF1, 0x3C
	.byte 0x04, 0x28, 0x04, 0x28, 0x04, 0x28, 0xF1, 0x28, 0x04, 0x28, 0x04, 0x28, 0x04, 0x28, 0xF1, 0x3C
	.byte 0x04, 0x28, 0x04, 0x28, 0x04, 0x28, 0xF1, 0x64, 0x18, 0x28, 0x18, 0x28, 0xF1, 0x3C, 0x06, 0x28
	.byte 0x06, 0x28, 0xF1, 0x64, 0x0C, 0x28, 0x0C, 0x28, 0x0C, 0x28, 0x18, 0x28, 0x18, 0x28, 0x0C, 0x28
	.byte 0x0C, 0x28, 0x18, 0x28, 0xF1, 0x3C, 0x04, 0x28, 0xF1, 0x64, 0x14, 0x28, 0x18, 0x28, 0xF1, 0x3C
	.byte 0x06, 0x28, 0x06, 0x28, 0xF1, 0x64, 0x0C, 0x28, 0x0C, 0x28, 0x0C, 0x28, 0x18, 0x28, 0x18, 0x28
	.byte 0xF1, 0x50, 0x04, 0x28, 0x04, 0x28, 0x04, 0x28, 0xF1, 0x3C, 0x04, 0x28, 0x04, 0x28, 0x04, 0x28
	.byte 0xF1, 0x28, 0x04, 0x28, 0x04, 0x28, 0x04, 0x28, 0xF1, 0x3C, 0x04, 0x28, 0x04, 0x28, 0x04, 0x28
	.byte 0xF1, 0x64, 0x18, 0x28, 0x18, 0x28, 0xF1, 0x3C, 0x06, 0x28, 0x06, 0x28, 0xF1, 0x64, 0x0C, 0x28
	.byte 0x0C, 0x28, 0x0C, 0x28, 0x18, 0x28, 0x18, 0x28, 0x0C, 0x28, 0x0C, 0x28, 0x17, 0x28, 0xF8, 0x2D
	.byte 0xFD, 0xFF, 0xF9, 0x6C, 0xF6, 0xC0, 0xF6, 0xC0, 0xF6, 0x0C, 0xF2, 0xF0, 0xF0, 0xC6, 0xF1, 0x1E
	.byte 0x0C, 0x43, 0x0C, 0x44, 0x0C, 0x45, 0xF6, 0x0C, 0x30, 0x44, 0xF6, 0x18, 0x10, 0x49, 0xF6, 0x08
	.byte 0x0C, 0x47, 0xF6, 0x0C, 0x0C, 0x46, 0xF6, 0x0C, 0x0C, 0x44, 0xF6, 0x0C, 0x0C, 0x43, 0xF6, 0x0C
	.byte 0x0C, 0x44, 0xF6, 0x0C, 0x0C, 0x46, 0xF6, 0x0A, 0x04, 0x43, 0x0A, 0x44, 0xF6, 0x0C, 0x0C, 0x41
	.byte 0xF6, 0x0C, 0x24, 0x43, 0xF6, 0x0C, 0x0C, 0x44, 0x0C, 0x46, 0x0C, 0x44, 0x0C, 0x43, 0x10, 0x41
	.byte 0xF6, 0x08, 0x0C, 0x44, 0x0C, 0x46, 0x0C, 0x44, 0x0C, 0x43, 0x12, 0x41, 0xF6, 0x36, 0xF6, 0x18
	.byte 0x12, 0x41, 0xF6, 0x06, 0x0C, 0x43, 0xF6, 0x0C, 0x0C, 0x3F, 0xF6, 0x0C, 0x0C, 0x41, 0xF6, 0x0C
	.byte 0x0C, 0x43, 0xF6, 0x0C, 0x0C, 0x44, 0x0C, 0x46, 0x0C, 0x48, 0xF6, 0x0C, 0x0C, 0x44, 0xF6, 0x0C
	.byte 0x0C, 0x41, 0xF6, 0x0C, 0x24, 0x43, 0xF6, 0x0A, 0x04, 0x43, 0x0A, 0x44, 0xF6, 0x0C, 0x0C, 0x41
	.byte 0xF6, 0x0C, 0x24, 0x43, 0xF6, 0x0C, 0xF6, 0x18, 0x12, 0x49, 0xF6, 0x06, 0x0C, 0x48, 0xF6, 0x0C
	.byte 0x0C, 0x44, 0xF6, 0x0C, 0x0C, 0x46, 0xF6, 0x0C, 0x0C, 0x44, 0xF6, 0x0C, 0x24, 0x43, 0xF6, 0x0C
	.byte 0x0C, 0x44, 0xF6, 0x0C, 0x0C, 0x44, 0xF6, 0x0C, 0x0C, 0x38, 0xF6, 0x0C, 0x0C, 0x38, 0xF6, 0x0C
	.byte 0x18, 0x44, 0xF6, 0x18, 0x18, 0x38, 0xF6, 0x18, 0xF6, 0x18, 0x0C, 0x38, 0xF6, 0x0C, 0x0C, 0x3A
	.byte 0xF6, 0x0C, 0x0C, 0x3C, 0xF6, 0x0C, 0x0C, 0x3D, 0xF6, 0x0C, 0x0C, 0x3F, 0xF6, 0x0C, 0x0C, 0x40
	.byte 0xF6, 0x0C, 0x0C, 0x42, 0xF6, 0x0C, 0x0C, 0x43, 0x0C, 0x44, 0x0C, 0x45, 0xF6, 0x0C, 0x30, 0x44
	.byte 0xF6, 0x18, 0x10, 0x49, 0xF6, 0x08, 0x0C, 0x47, 0xF6, 0x0C, 0x0C, 0x46, 0xF6, 0x0C, 0x0C, 0x44
	.byte 0xF6, 0x0C, 0x0C, 0x43, 0xF6, 0x0C, 0x0C, 0x44, 0xF6, 0x0C, 0x0C, 0x46, 0xF6, 0x0A, 0x04, 0x43
	.byte 0x0A, 0x44, 0xF6, 0x0C, 0x0C, 0x41, 0xF6, 0x0C, 0x24, 0x43, 0xF6, 0x0C, 0x0C, 0x44, 0x0C, 0x46
	.byte 0x0C, 0x44, 0x0C, 0x43, 0x10, 0x41, 0xF6, 0x08, 0x0C, 0x44, 0x0C, 0x46, 0x0C, 0x44, 0x0C, 0x43
	.byte 0x12, 0x41, 0xF6, 0x36, 0xF6, 0x18, 0x12, 0x41, 0xF6, 0x06, 0x0C, 0x43, 0xF6, 0x0C, 0x0C, 0x3F
	.byte 0xF6, 0x0C, 0x0C, 0x41, 0xF6, 0x0C, 0x0C, 0x43, 0xF6, 0x0C, 0x0C, 0x44, 0x0C, 0x46, 0x0C, 0x48
	.byte 0xF6, 0x0C, 0x0C, 0x44, 0xF6, 0x0C, 0x0C, 0x41, 0xF6, 0x0C, 0x24, 0x43, 0xF6, 0x0A, 0x04, 0x43
	.byte 0x0A, 0x44, 0xF6, 0x0C, 0x0C, 0x41, 0xF6, 0x0C, 0x24, 0x43, 0xF6, 0x0C, 0xF6, 0x18, 0x12, 0x49
	.byte 0xF6, 0x06, 0x0C, 0x48, 0xF6, 0x0C, 0x0C, 0x44, 0xF6, 0x0C, 0x0C, 0x46, 0xF6, 0x0C, 0x0C, 0x44
	.byte 0xF6, 0x0C, 0x24, 0x43, 0xF6, 0x0C, 0x0C, 0x44, 0xF6, 0x0C, 0x0C, 0x44, 0xF6, 0x0C, 0x0C, 0x38
	.byte 0xF6, 0x0C, 0x0C, 0x38, 0xF6, 0x0C, 0x18, 0x44, 0xF6, 0x18, 0x18, 0x38, 0xF6, 0x18, 0xF6, 0x18
	.byte 0x0C, 0x38, 0xF6, 0x0C, 0x0C, 0x3A, 0xF6, 0x0C, 0x0C, 0x3C, 0xF6, 0x0C, 0x0C, 0x3D, 0xF6, 0x0C
	.byte 0x0C, 0x3F, 0xF6, 0x0C, 0x0C, 0x40, 0xF6, 0x0C, 0x0C, 0x42, 0xF8, 0x4B, 0xFE, 0xFF, 0xF9, 0x6C
	.byte 0xF6, 0xC0, 0xF6, 0xC0, 0xF6, 0xC0, 0xF6, 0xC0, 0xF6, 0xC0, 0xF6, 0xC0, 0xF6, 0xC0, 0xF6, 0xC0
	.byte 0xF6, 0xC0, 0xF6, 0xC0, 0xF2, 0x00, 0xF0, 0xC5, 0xF1, 0x28, 0x18, 0x50, 0xF1, 0x14, 0x0C, 0x50
	.byte 0xF1, 0x28, 0x0C, 0x4F, 0x18, 0x50, 0xF1, 0x14, 0x0C, 0x50, 0xF1, 0x28, 0x0C, 0x4F, 0x0C, 0x50
	.byte 0xF1, 0x14, 0x0C, 0x50, 0xF1, 0x28, 0x0C, 0x52, 0xF1, 0x14, 0x0C, 0x52, 0xF1, 0x28, 0x24, 0x50
	.byte 0xF1, 0x14, 0x0C, 0x50, 0xF1, 0x28, 0x0C, 0x4F, 0xF1, 0x14, 0x0C, 0x4F, 0xF1, 0x28, 0x0C, 0x4B
	.byte 0xF1, 0x14, 0x0C, 0x4B, 0xF1, 0x28, 0x3C, 0x4D, 0xF1, 0x14, 0x0C, 0x4D, 0xF1, 0x28, 0x0C, 0x4B
	.byte 0xF1, 0x14, 0x0C, 0x4B, 0xF1, 0x28, 0x00, 0xC9, 0x30, 0x0C, 0x49, 0xF6, 0x3C, 0x0C, 0x4D, 0x0C
	.byte 0x4F, 0x0C, 0x4D, 0x0C, 0x4B, 0x0C, 0x49, 0xF1, 0x14, 0x0C, 0x49, 0xF1, 0x28, 0x0C, 0x50, 0x0C
	.byte 0x4F, 0x0C, 0x50, 0xF1, 0x14, 0x0C, 0x50, 0xF1, 0x28, 0xF6, 0x18, 0x10, 0x49, 0xF1, 0x14, 0x08
	.byte 0x49, 0xF1, 0x28, 0x0C, 0x4B, 0xF1, 0x14, 0x0C, 0x4B, 0xF1, 0x28, 0x0C, 0x48, 0xF1, 0x14, 0x0C
	.byte 0x48, 0xF1, 0x28, 0x0C, 0x49, 0xF1, 0x14, 0x0C, 0x49, 0xF1, 0x28, 0x0C, 0x4B, 0xF1, 0x14, 0x0C
	.byte 0x4B, 0xF1, 0x28, 0x0C, 0x4D, 0x0C, 0x4F, 0x0C, 0x50, 0xF1, 0x14, 0x0C, 0x50, 0xF1, 0x28, 0x18
	.byte 0x50, 0xF1, 0x14, 0x0C, 0x50, 0xF1, 0x28, 0x0C, 0x4F, 0x18, 0x50, 0xF1, 0x14, 0x0C, 0x50, 0xF1
	.byte 0x28, 0x0C, 0x4F, 0x0C, 0x50, 0xF1, 0x14, 0x0C, 0x50, 0xF1, 0x28, 0x0C, 0x52, 0xF1, 0x14, 0x0C
	.byte 0x52, 0xF1, 0x28, 0x24, 0x50, 0xF1, 0x14, 0x0C, 0x50, 0xF1, 0x28, 0x0C, 0x4F, 0xF1, 0x14, 0x0C
	.byte 0x4F, 0xF1, 0x28, 0x0C, 0x4B, 0xF1, 0x14, 0x0C, 0x4B, 0xF1, 0x28, 0x3C, 0x4D, 0xF1, 0x14, 0x0C
	.byte 0x4D, 0xF1, 0x28, 0x0C, 0x4C, 0xF1, 0x14, 0x0C, 0x4C, 0xF1, 0x28, 0x30, 0x4B, 0xF1, 0x14, 0x0C
	.byte 0x4B, 0xF6, 0xB4, 0xF6, 0xC0, 0xF8, 0xEC, 0xFE, 0xFF, 0x00, 0x00, 0x00, 0xFC, 0x03, 0x12, 0x00
	.byte 0x9B, 0x00, 0xB9, 0x08, 0x0D, 0x04, 0xA1, 0x04, 0x6F, 0x07, 0x1F, 0x01, 0xAB, 0x09, 0xF9, 0x8A
	.byte 0xF6, 0xC1, 0xF6, 0x60, 0xF2, 0xD0, 0xF0, 0x12, 0xF1, 0xB4, 0x5F, 0x46, 0xF6, 0x01, 0x00, 0xC4
	.byte 0xC0, 0x60, 0x44, 0x60, 0x48, 0x60, 0x4B, 0x60, 0x48, 0x00, 0xCA, 0xC0, 0x00, 0xCA, 0xC0, 0x48
	.byte 0x4A, 0xF1, 0x3C, 0x18, 0x4A, 0xF1, 0xB4, 0x60, 0x4A, 0x60, 0x50, 0x00, 0xCE, 0x60, 0x60, 0x4E
	.byte 0x60, 0x4B, 0x60, 0x48, 0x00, 0xC2, 0x60, 0x60, 0x42, 0x60, 0x44, 0x00, 0xC1, 0xC0, 0x00, 0xC1
	.byte 0xC0, 0x00, 0xC1, 0xC0, 0x90, 0x41, 0xF1, 0x3C, 0x18, 0x41, 0xF1, 0x1E, 0x18, 0x41, 0xF1, 0xB4
	.byte 0x00, 0xBF, 0xC0, 0x00, 0xBF, 0xC0, 0x00, 0xBF, 0xC0, 0xC0, 0x3F, 0x00, 0xBE, 0xC0, 0x00, 0xBE
	.byte 0xC0, 0x00, 0xBE, 0xC0, 0xC0, 0x3E, 0xC0, 0x47, 0x00, 0xCB, 0xC0, 0x00, 0xCB, 0xC0, 0xC0, 0x4B
	.byte 0x00, 0xCD, 0xC0, 0x00, 0xCD, 0xC0, 0x00, 0xCD, 0xC0, 0x48, 0x4D, 0xF1, 0x3C, 0x18, 0x4D, 0xF1
	.byte 0xB4, 0x5F, 0x46, 0xF8, 0x86, 0xFF, 0xFF, 0xF9, 0x8A, 0xF6, 0xC0, 0xF6, 0x60, 0xF2, 0x30, 0xF0
	.byte 0x12, 0xF1, 0x78, 0x60, 0x41, 0x00, 0xBF, 0xC1, 0x60, 0x3F, 0x60, 0x3F, 0x60, 0x44, 0x60, 0x3F
	.byte 0x00, 0xC1, 0xC0, 0x00, 0xC1, 0xC0, 0x48, 0x41, 0xF1, 0x28, 0x18, 0x41, 0xF1, 0x78, 0x60, 0x41
	.byte 0x60, 0x4B, 0x00, 0xCB, 0x60, 0x60, 0x4B, 0x60, 0x48, 0x60, 0x42, 0x00, 0xBF, 0x60, 0x60, 0x3F
	.byte 0x60, 0x41, 0x00, 0xBA, 0xC0, 0x00, 0xBA, 0xC0, 0x00, 0xBA, 0xC0, 0x90, 0x3A, 0xF1, 0x28, 0x18
	.byte 0x3A, 0xF1, 0x14, 0x18, 0x3A, 0xF1, 0x78, 0x00, 0xBB, 0xC0, 0xC0, 0x3B, 0x00, 0xB8, 0xC0, 0xC0
	.byte 0x38, 0x00, 0xB5, 0xC0, 0xC0, 0x35, 0xC0, 0x38, 0xC0, 0x3A, 0xC0, 0x41, 0x00, 0xC4, 0xC0, 0x00
	.byte 0xC4, 0xC0, 0xC0, 0x44, 0x00, 0xC6, 0xC0, 0x00, 0xC6, 0xC0, 0x00, 0xC6, 0xC0, 0x48, 0x46, 0xF1
	.byte 0x28, 0x18, 0x46, 0xF1, 0x78, 0x5F, 0x41, 0xF8, 0x8B, 0xFF, 0xFF, 0xF9, 0x8A, 0xF0, 0xC5, 0xF1
	.byte 0xA0, 0x0A, 0x2E, 0xF6, 0x0E, 0x0A, 0x2E, 0xF6, 0x26, 0x0A, 0x2E, 0xF6, 0x0E, 0x0A, 0x2E, 0xF6
	.byte 0x0E, 0x0A, 0x2E, 0xF6, 0x26, 0x0A, 0x2E, 0xF6, 0x0E, 0x0A, 0x2E, 0xF6, 0x0E, 0x0A, 0x2E, 0xF6
	.byte 0x26, 0x0A, 0x2E, 0xF6, 0x0E, 0x0A, 0x2E, 0xF6, 0x0E, 0x0A, 0x2E, 0xF6, 0x26, 0x0A, 0x2E, 0xF6
	.byte 0x0E, 0x0A, 0x2E, 0xF6, 0x0E, 0x0A, 0x2E, 0xF6, 0x26, 0x0A, 0x2E, 0xF6, 0x0E, 0x0A, 0x2E, 0xF6
	.byte 0x0E, 0x0A, 0x2E, 0xF6, 0x26, 0x0A, 0x2E, 0xF6, 0x0E, 0x0A, 0x2E, 0xF6, 0x0E, 0x0A, 0x2E, 0xF6
	.byte 0x26, 0x0A, 0x2E, 0xF6, 0x26, 0x0A, 0x2E, 0xF6, 0x26, 0x0A, 0x2E, 0xF6, 0x0E, 0x0A, 0x2E, 0xF6
	.byte 0x0E, 0x0A, 0x2E, 0xF6, 0x26, 0x0A, 0x2E, 0xF6, 0x0E, 0x0A, 0x2E, 0xF6, 0x0E, 0x0A, 0x2E, 0xF6
	.byte 0x26, 0x0A, 0x2E, 0xF6, 0x0E, 0x0A, 0x2E, 0xF6, 0x0E, 0x0A, 0x2E, 0xF6, 0x26, 0x0A, 0x2E, 0xF6
	.byte 0x0E, 0x0A, 0x2E, 0xF6, 0x0E, 0x0A, 0x2E, 0xF6, 0x26, 0x0A, 0x2E, 0xF6, 0x0E, 0x0A, 0x2E, 0xF6
	.byte 0x0E, 0x0A, 0x2E, 0xF6, 0x26, 0x0A, 0x2E, 0xF6, 0x26, 0x0A, 0x2E, 0xF6, 0x26, 0x0A, 0x2E, 0xF6
	.byte 0x0E, 0x0A, 0x2E, 0xF6, 0x0E, 0x0A, 0x2E, 0xF6, 0x26, 0x0A, 0x2E, 0xF6, 0x0E, 0x0A, 0x2E, 0xF6
	.byte 0x0E, 0x0A, 0x2E, 0xF6, 0x26, 0x0A, 0x2E, 0xF6, 0x0E, 0x0A, 0x2E, 0xF6, 0x0E, 0x0A, 0x2E, 0xF6
	.byte 0x26, 0x0A, 0x2E, 0xF6, 0x0E, 0x0A, 0x2E, 0xF6, 0x0E, 0x0A, 0x2E, 0xF6, 0x26, 0x0A, 0x2E, 0xF6
	.byte 0x0E, 0x0A, 0x2E, 0xF6, 0x0E, 0x0A, 0x2E, 0xF6, 0x26, 0x0A, 0x2E, 0xF6, 0x26, 0x0A, 0x2E, 0xF6
	.byte 0x26, 0x0A, 0x2E, 0xF6, 0x0E, 0x0A, 0x2E, 0xF6, 0x0E, 0x0A, 0x2E, 0xF6, 0x26, 0x0A, 0x2E, 0xF6
	.byte 0x0E, 0x0A, 0x2E, 0xF6, 0x0E, 0x0A, 0x2E, 0xF6, 0x26, 0x0A, 0x2E, 0xF6, 0x0E, 0x0A, 0x2E, 0xF6
	.byte 0x0E, 0x0A, 0x2E, 0xF6, 0x26, 0x0A, 0x2E, 0xF6, 0x0E, 0x0A, 0x2E, 0xF6, 0x0E, 0x0A, 0x2E, 0xF6
	.byte 0x26, 0x0A, 0x2E, 0xF6, 0x0E, 0x0A, 0x2E, 0xF6, 0x0E, 0x0A, 0x2E, 0xF6, 0x26, 0x0A, 0x2E, 0xF6
	.byte 0x0E, 0x0A, 0x2E, 0xF6, 0x0E, 0x0A, 0x2E, 0xF6, 0x26, 0x0A, 0x2E, 0xF6, 0x0E, 0x0A, 0x2E, 0xF6
	.byte 0x0E, 0x0A, 0x2E, 0xF6, 0x26, 0x0A, 0x2E, 0xF6, 0x26, 0x0A, 0x2E, 0xF6, 0x26, 0x0A, 0x2E, 0xF6
	.byte 0x0E, 0x0A, 0x2E, 0xF6, 0x0E, 0x0A, 0x2E, 0xF6, 0x26, 0x0A, 0x2E, 0xF6, 0x0E, 0x0A, 0x2E, 0xF6
	.byte 0x0E, 0x0A, 0x2E, 0xF6, 0x26, 0x0A, 0x2E, 0xF6, 0x0E, 0x0A, 0x2E, 0xF6, 0x0E, 0x0A, 0x2E, 0xF6
	.byte 0x26, 0x0A, 0x2E, 0xF6, 0x26, 0x0A, 0x2E, 0xF6, 0x26, 0x0A, 0x2E, 0xF6, 0x0E, 0x0A, 0x2E, 0xF6
	.byte 0x0E, 0x0A, 0x2E, 0xF6, 0x26, 0x0A, 0x2E, 0xF6, 0x0E, 0x0A, 0x2E, 0xF6, 0x0E, 0x0A, 0x2E, 0xF6
	.byte 0x26, 0x0A, 0x2E, 0xF6, 0x0E, 0x0A, 0x2E, 0xF6, 0x0E, 0x0A, 0x2E, 0xF6, 0x26, 0x0A, 0x2E, 0xF6
	.byte 0x0E, 0x0A, 0x2E, 0xF6, 0x0E, 0x0A, 0x2E, 0xF6, 0x26, 0x0A, 0x2E, 0xF6, 0x0E, 0x0A, 0x2E, 0xF6
	.byte 0x0E, 0x0A, 0x2E, 0xF6, 0x26, 0x0A, 0x2E, 0xF6, 0x0E, 0x0A, 0x2E, 0xF6, 0x0E, 0x0A, 0x2E, 0xF6
	.byte 0x26, 0x0A, 0x2E, 0xF6, 0x0E, 0x0A, 0x2E, 0xF6, 0x0E, 0x0A, 0x2E, 0xF6, 0x26, 0x0A, 0x2E, 0xF6
	.byte 0x0E, 0x0A, 0x2E, 0xF6, 0x0E, 0x0A, 0x2E, 0xF6, 0x26, 0x0A, 0x2E, 0xF6, 0x0E, 0x0A, 0x2E, 0xF6
	.byte 0x0E, 0x0A, 0x2E, 0xF6, 0x26, 0x0A, 0x2E, 0xF6, 0x0E, 0x0A, 0x2E, 0xF6, 0x0E, 0x0A, 0x2E, 0xF6
	.byte 0x26, 0x0A, 0x2E, 0xF6, 0x0E, 0x0A, 0x2E, 0xF6, 0x0E, 0x0A, 0x2E, 0xF6, 0x26, 0x0A, 0x2E, 0xF6
	.byte 0x26, 0x0A, 0x2E, 0xF6, 0x26, 0x0A, 0x2E, 0xF6, 0x0E, 0x0A, 0x2E, 0xF6, 0x0E, 0x0A, 0x2E, 0xF6
	.byte 0x26, 0x0A, 0x2E, 0xF6, 0x0E, 0x0A, 0x2E, 0xF6, 0x0E, 0x0A, 0x2E, 0xF6, 0x26, 0x0A, 0x2E, 0xF6
	.byte 0x0E, 0x0A, 0x2E, 0xF6, 0x0E, 0x0A, 0x2E, 0xF6, 0x26, 0x0A, 0x2E, 0xF6, 0x0E, 0x0A, 0x2E, 0xF6
	.byte 0x0E, 0x0A, 0x2E, 0xF6, 0x26, 0x0A, 0x2E, 0xF6, 0x0E, 0x0A, 0x2E, 0xF6, 0x0E, 0x0A, 0x2E, 0xF6
	.byte 0x26, 0x0A, 0x2E, 0xF6, 0x0E, 0x0A, 0x2E, 0xF6, 0x0E, 0x0A, 0x2E, 0xF6, 0x26, 0x0A, 0x2E, 0xF6
	.byte 0x0E, 0x0A, 0x2E, 0xF6, 0x0E, 0x0A, 0x2E, 0xF6, 0x26, 0x0A, 0x2E, 0xF6, 0x0E, 0x0A, 0x2E, 0xF6
	.byte 0x0E, 0x0A, 0x2E, 0xF6, 0x26, 0x0A, 0x2E, 0xF6, 0x0E, 0x0A, 0x2E, 0xF6, 0x0E, 0x0A, 0x2E, 0xF6
	.byte 0x26, 0x0A, 0x2E, 0xF6, 0x0E, 0x0A, 0x2E, 0xF6, 0x0E, 0x0A, 0x2E, 0xF6, 0x26, 0x0A, 0x2E, 0xF6
	.byte 0x0E, 0x0A, 0x2E, 0xF6, 0x0E, 0x0A, 0x2E, 0xF6, 0x26, 0x0A, 0x2E, 0xF6, 0x0E, 0x0A, 0x2E, 0xF6
	.byte 0x0E, 0x0A, 0x2E, 0xF6, 0x26, 0x0A, 0x2E, 0xF6, 0x0E, 0x0A, 0x2E, 0xF6, 0x0E, 0x0A, 0x2E, 0xF6
	.byte 0x26, 0x0A, 0x2E, 0xF6, 0x0E, 0x0A, 0x2E, 0xF6, 0x0E, 0x0A, 0x2E, 0xF6, 0x26, 0x0A, 0x2E, 0xF6
	.byte 0x0E, 0x0A, 0x2E, 0xF6, 0x0E, 0x0A, 0x2E, 0xF6, 0x26, 0x0A, 0x2E, 0xF6, 0x0E, 0x0A, 0x2E, 0xF6
	.byte 0x0E, 0x0A, 0x2E, 0xF6, 0x26, 0x0A, 0x2E, 0xF6, 0x0E, 0x0A, 0x2E, 0xF6, 0x0E, 0x0A, 0x2E, 0xF6
	.byte 0x26, 0x0A, 0x2E, 0xF6, 0x0E, 0x0A, 0x2E, 0xF6, 0x0E, 0x0A, 0x2E, 0xF6, 0x26, 0x0A, 0x2E, 0xF6
	.byte 0x0E, 0x0A, 0x2E, 0xF6, 0x0E, 0x0A, 0x2E, 0xF6, 0x26, 0x0A, 0x2E, 0xF6, 0x26, 0x0A, 0x2E, 0xF6
	.byte 0x26, 0x0A, 0x2E, 0xF6, 0x0E, 0xF8, 0x49, 0xFD, 0xFF, 0xF9, 0x8A, 0xF6, 0xC0, 0xF6, 0xC0, 0xF6
	.byte 0xC1, 0xF6, 0xC0, 0xF6, 0xC0, 0xF6, 0x30, 0xF2, 0x3C, 0xF0, 0x11, 0xF1, 0x50, 0x18, 0x3A, 0x18
	.byte 0x3B, 0x30, 0x3E, 0x30, 0x3F, 0x30, 0x44, 0x10, 0x42, 0x10, 0x44, 0x10, 0x42, 0x30, 0x41, 0x30
	.byte 0x3F, 0x08, 0x3E, 0x08, 0x3F, 0x08, 0x41, 0x18, 0x42, 0x90, 0x41, 0xF6, 0xC0, 0xF6, 0xC0, 0xF6
	.byte 0xC0, 0xF6, 0xC0, 0xF6, 0x60, 0x20, 0x46, 0x20, 0x47, 0x20, 0x4D, 0x20, 0x4A, 0x20, 0x47, 0x00
	.byte 0xC6, 0x80, 0x88, 0x46, 0xF6, 0x08, 0x10, 0x44, 0x10, 0x46, 0x10, 0x47, 0xC0, 0x46, 0xF6, 0xC0
	.byte 0xF6, 0xC0, 0xF6, 0xC0, 0xF6, 0xC0, 0xF6, 0xC0, 0xF6, 0xC0, 0xF6, 0xC0, 0xF6, 0x60, 0x0C, 0x50
	.byte 0x0C, 0x52, 0x0C, 0x50, 0x0C, 0x4E, 0x0C, 0x4D, 0x0C, 0x4B, 0x0C, 0x4A, 0x0C, 0x47, 0xC0, 0x44
	.byte 0xF6, 0xC0, 0xF6, 0xC0, 0xF6, 0xC0, 0x0C, 0x46, 0x0C, 0x47, 0x00, 0xC6, 0xA8, 0xA8, 0x46, 0xF6
	.byte 0x18, 0x40, 0x4D, 0x40, 0x4B, 0x40, 0x47, 0xBF, 0x46, 0xF8, 0x73, 0xFF, 0xFF, 0xF9, 0x8A, 0xF6
	.byte 0x01, 0xF2, 0xB4, 0xF0, 0x00, 0xF1, 0x64, 0x30, 0x28, 0x08, 0x28, 0x08, 0x28, 0x10, 0x28, 0x10
	.byte 0x28, 0x18, 0x28, 0x30, 0x28, 0xF6, 0x18, 0xF6, 0x18, 0x03, 0x28, 0x15, 0x28, 0x0C, 0x28, 0x0C
	.byte 0x28, 0x0C, 0x28, 0x0C, 0x28, 0x18, 0x28, 0x18, 0x28, 0xF6, 0x18, 0x04, 0x28, 0x04, 0x28, 0x08
	.byte 0x28, 0x07, 0x28, 0x31, 0x28, 0x08, 0x28, 0x08, 0x28, 0x10, 0x28, 0x10, 0x28, 0x18, 0x28, 0x30
	.byte 0x28, 0xF6, 0x18, 0xF6, 0x18, 0x03, 0x28, 0x15, 0x28, 0x0C, 0x28, 0x0C, 0x28, 0x0C, 0x28, 0x0C
	.byte 0x28, 0x18, 0x28, 0x18, 0x28, 0xF6, 0x18, 0x04, 0x28, 0x04, 0x28, 0x08, 0x28, 0x08, 0x28, 0x30
	.byte 0x28, 0x08, 0x28, 0x08, 0x28, 0x10, 0x28, 0x10, 0x28, 0x18, 0x28, 0x30, 0x28, 0xF6, 0x18, 0xF6
	.byte 0x18, 0x03, 0x28, 0x15, 0x28, 0x0C, 0x28, 0x0C, 0x28, 0x0C, 0x28, 0x0C, 0x28, 0x18, 0x28, 0x18
	.byte 0x28, 0xF6, 0x18, 0x04, 0x28, 0x04, 0x28, 0x08, 0x28, 0x08, 0x28, 0x30, 0x28, 0x08, 0x28, 0x08
	.byte 0x28, 0x10, 0x28, 0x10, 0x28, 0x18, 0x28, 0x30, 0x28, 0xF6, 0x18, 0xF6, 0x18, 0x03, 0x28, 0x15
	.byte 0x28, 0x0C, 0x28, 0x0C, 0x28, 0x0C, 0x28, 0x0C, 0x28, 0x18, 0x28, 0x18, 0x28, 0xF6, 0x18, 0x04
	.byte 0x28, 0x04, 0x28, 0x08, 0x28, 0x08, 0x28, 0x30, 0x28, 0x08, 0x28, 0x08, 0x28, 0x10, 0x28, 0x10
	.byte 0x28, 0x18, 0x28, 0x30, 0x28, 0xF6, 0x18, 0xF6, 0x18, 0x03, 0x28, 0x15, 0x28, 0x0C, 0x28, 0x0C
	.byte 0x28, 0x0C, 0x28, 0x0C, 0x28, 0x18, 0x28, 0x18, 0x28, 0xF6, 0x18, 0x04, 0x28, 0x04, 0x28, 0x08
	.byte 0x28, 0x08, 0x28, 0x30, 0x28, 0x08, 0x28, 0x08, 0x28, 0x10, 0x28, 0x10, 0x28, 0x18, 0x28, 0x30
	.byte 0x28, 0xF6, 0x18, 0xF6, 0x18, 0x03, 0x28, 0x15, 0x28, 0x0C, 0x28, 0x0C, 0x28, 0x0C, 0x28, 0x0C
	.byte 0x28, 0x18, 0x28, 0x18, 0x28, 0xF6, 0x18, 0x04, 0x28, 0x04, 0x28, 0x08, 0x28, 0x08, 0x28, 0x30
	.byte 0x28, 0x08, 0x28, 0x08, 0x28, 0x10, 0x28, 0x10, 0x28, 0x18, 0x28, 0x30, 0x28, 0xF6, 0x18, 0xF6
	.byte 0x18, 0x03, 0x28, 0x15, 0x28, 0x0C, 0x28, 0x0C, 0x28, 0x0C, 0x28, 0x0C, 0x28, 0x18, 0x28, 0x18
	.byte 0x28, 0xF6, 0x18, 0x04, 0x28, 0x04, 0x28, 0x08, 0x28, 0x08, 0x28, 0x30, 0x28, 0x08, 0x28, 0x08
	.byte 0x28, 0x10, 0x28, 0x10, 0x28, 0x18, 0x28, 0x30, 0x28, 0xF6, 0x18, 0xF6, 0x18, 0x03, 0x28, 0x15
	.byte 0x28, 0x0C, 0x28, 0x0C, 0x28, 0x0C, 0x28, 0x0C, 0x28, 0x18, 0x28, 0x18, 0x28, 0xF6, 0x18, 0x04
	.byte 0x28, 0x04, 0x28, 0x08, 0x28, 0x08, 0x28, 0x30, 0x28, 0x08, 0x28, 0x08, 0x28, 0x10, 0x28, 0x10
	.byte 0x28, 0x18, 0x28, 0x30, 0x28, 0xF6, 0x18, 0xF6, 0x18, 0x03, 0x28, 0x15, 0x28, 0x0C, 0x28, 0x0C
	.byte 0x28, 0x0C, 0x28, 0x0C, 0x28, 0x18, 0x28, 0x18, 0x28, 0xF6, 0x18, 0x04, 0x28, 0x04, 0x28, 0x08
	.byte 0x28, 0x08, 0x28, 0x30, 0x28, 0x08, 0x28, 0x08, 0x28, 0x10, 0x28, 0x10, 0x28, 0x18, 0x28, 0x30
	.byte 0x28, 0xF6, 0x18, 0xF6, 0x18, 0x03, 0x28, 0x15, 0x28, 0x0C, 0x28, 0x0C, 0x28, 0x0C, 0x28, 0x0C
	.byte 0x28, 0x18, 0x28, 0x18, 0x28, 0xF6, 0x18, 0x04, 0x28, 0x04, 0x28, 0x08, 0x28, 0x08, 0x28, 0x30
	.byte 0x28, 0x08, 0x28, 0x08, 0x28, 0x10, 0x28, 0x10, 0x28, 0x18, 0x28, 0x30, 0x28, 0xF6, 0x18, 0xF6
	.byte 0x18, 0x03, 0x28, 0x15, 0x28, 0x0C, 0x28, 0x0C, 0x28, 0x0C, 0x28, 0x0C, 0x28, 0x18, 0x28, 0x18
	.byte 0x28, 0xF6, 0x18, 0x04, 0x28, 0x04, 0x28, 0x08, 0x28, 0x08, 0x28, 0x30, 0x28, 0x08, 0x28, 0x08
	.byte 0x28, 0x10, 0x28, 0x10, 0x28, 0x18, 0x28, 0x30, 0x28, 0xF6, 0x18, 0xF6, 0x18, 0x03, 0x28, 0x15
	.byte 0x28, 0x0C, 0x28, 0x0C, 0x28, 0x0C, 0x28, 0x0C, 0x28, 0x18, 0x28, 0x18, 0x28, 0xF6, 0x18, 0x04
	.byte 0x28, 0x04, 0x28, 0x08, 0x28, 0x08, 0x28, 0x30, 0x28, 0x08, 0x28, 0x08, 0x28, 0x10, 0x28, 0x10
	.byte 0x28, 0x18, 0x28, 0x30, 0x28, 0xF6, 0x18, 0xF6, 0x18, 0x03, 0x28, 0x15, 0x28, 0x0C, 0x28, 0x0C
	.byte 0x28, 0x0C, 0x28, 0x0C, 0x28, 0x18, 0x28, 0x18, 0x28, 0xF6, 0x18, 0x04, 0x28, 0x04, 0x28, 0x08
	.byte 0x28, 0x08, 0x28, 0x30, 0x28, 0x08, 0x28, 0x08, 0x28, 0x10, 0x28, 0x10, 0x28, 0x18, 0x28, 0x30
	.byte 0x28, 0xF6, 0x18, 0xF6, 0x18, 0x03, 0x28, 0x15, 0x28, 0x0C, 0x28, 0x0C, 0x28, 0x0C, 0x28, 0x0C
	.byte 0x28, 0x18, 0x28, 0x18, 0x28, 0xF6, 0x18, 0x04, 0x28, 0x04, 0x28, 0x08, 0x28, 0x08, 0x28, 0x30
	.byte 0x28, 0x08, 0x28, 0x08, 0x28, 0x10, 0x28, 0x10, 0x28, 0x18, 0x28, 0x30, 0x28, 0xF6, 0x18, 0xF6
	.byte 0x18, 0x03, 0x28, 0x15, 0x28, 0x0C, 0x28, 0x0C, 0x28, 0x0C, 0x28, 0x0C, 0x28, 0x18, 0x28, 0x18
	.byte 0x28, 0xF6, 0x18, 0x04, 0x28, 0x04, 0x28, 0x08, 0x28, 0x08, 0x28, 0x30, 0x28, 0x08, 0x28, 0x08
	.byte 0x28, 0x10, 0x28, 0x10, 0x28, 0x18, 0x28, 0x30, 0x28, 0xF6, 0x18, 0xF6, 0x18, 0x03, 0x28, 0x15
	.byte 0x28, 0x0C, 0x28, 0x0C, 0x28, 0x0C, 0x28, 0x0C, 0x28, 0x18, 0x28, 0x18, 0x28, 0xF6, 0x18, 0x04
	.byte 0x28, 0x04, 0x28, 0x08, 0x28, 0x07, 0x28, 0xF8, 0x69, 0xFD, 0xFF, 0xF9, 0x8A, 0xF0, 0x10, 0xF1
	.byte 0xA0, 0x30, 0x3A, 0x18, 0x33, 0x30, 0x33, 0x18, 0x33, 0x30, 0x3A, 0x18, 0x3A, 0x30, 0x33, 0x30
	.byte 0x33, 0x18, 0x33, 0x30, 0x3A, 0x30, 0x3A, 0x18, 0x3A, 0x30, 0x33, 0x18, 0x33, 0x30, 0x3A, 0x18
	.byte 0x3A, 0x30, 0x33, 0x30, 0x33, 0x18, 0x33, 0x30, 0x3A, 0x30, 0x3A, 0x18, 0x3A, 0x30, 0x33, 0x18
	.byte 0x33, 0x30, 0x3A, 0x18, 0x3A, 0x30, 0x33, 0x30, 0x33, 0x18, 0x33, 0x30, 0x3A, 0x30, 0x3A, 0x18
	.byte 0x3A, 0x30, 0x33, 0x18, 0x33, 0x30, 0x3A, 0x18, 0x3A, 0x30, 0x33, 0x30, 0x33, 0x18, 0x33, 0x30
	.byte 0x3A, 0x30, 0x3A, 0x18, 0x3A, 0x30, 0x33, 0x18, 0x33, 0x30, 0x3A, 0x18, 0x3A, 0x30, 0x33, 0x30
	.byte 0x33, 0x18, 0x33, 0x30, 0x3A, 0x30, 0x3A, 0x18, 0x3A, 0x30, 0x33, 0x18, 0x33, 0x30, 0x3A, 0x18
	.byte 0x3A, 0x30, 0x33, 0x30, 0x33, 0x18, 0x33, 0x30, 0x3A, 0x30, 0x3A, 0x18, 0x3A, 0x30, 0x33, 0x18
	.byte 0x33, 0x30, 0x3A, 0x18, 0x3A, 0x30, 0x33, 0x30, 0x33, 0x18, 0x33, 0x30, 0x3A, 0x30, 0x3A, 0x18
	.byte 0x3A, 0x30, 0x33, 0x18, 0x33, 0x30, 0x3A, 0x18, 0x3A, 0x30, 0x33, 0x30, 0x33, 0x18, 0x33, 0x30
	.byte 0x3A, 0x30, 0x3A, 0x18, 0x3A, 0x30, 0x33, 0x18, 0x33, 0x30, 0x3A, 0x18, 0x3A, 0x30, 0x33, 0x30
	.byte 0x33, 0x18, 0x33, 0x30, 0x3A, 0x30, 0x3A, 0x18, 0x3A, 0x30, 0x33, 0x18, 0x33, 0x30, 0x3A, 0x18
	.byte 0x3A, 0x30, 0x33, 0x30, 0x33, 0x18, 0x33, 0x30, 0x3A, 0x30, 0x3A, 0x18, 0x3A, 0x30, 0x33, 0x18
	.byte 0x33, 0x30, 0x3A, 0x18, 0x3A, 0x30, 0x33, 0x30, 0x33, 0x18, 0x33, 0x30, 0x3A, 0x30, 0x3A, 0x18
	.byte 0x3A, 0x30, 0x33, 0x18, 0x33, 0x30, 0x3A, 0x18, 0x3A, 0x30, 0x33, 0x30, 0x33, 0x18, 0x33, 0x30
	.byte 0x3A, 0x30, 0x3A, 0x18, 0x3A, 0x30, 0x33, 0x18, 0x33, 0x30, 0x3A, 0x18, 0x3A, 0x30, 0x33, 0x30
	.byte 0x33, 0x18, 0x33, 0x30, 0x3A, 0x30, 0x3A, 0x18, 0x3A, 0x30, 0x33, 0x18, 0x33, 0x30, 0x3A, 0x18
	.byte 0x3A, 0x30, 0x33, 0x30, 0x33, 0x18, 0x33, 0x30, 0x3A, 0x30, 0x3A, 0x18, 0x3A, 0x30, 0x33, 0x18
	.byte 0x33, 0x30, 0x3A, 0x18, 0x3A, 0x30, 0x33, 0x30, 0x33, 0x18, 0x33, 0x30, 0x3A, 0x30, 0x3A, 0x18
	.byte 0x3A, 0x30, 0x33, 0x18, 0x33, 0x30, 0x3A, 0x18, 0x3A, 0x30, 0x33, 0x30, 0x33, 0x18, 0x33, 0x30
	.byte 0x3A, 0xF8, 0xD1, 0xFE, 0xFF, 0xF9, 0x8A, 0xF0, 0x00, 0xF1, 0x8C, 0x10, 0x24, 0x10, 0x24, 0x10
	.byte 0x24, 0x10, 0x24, 0x10, 0x24, 0x10, 0x24, 0x18, 0x24, 0x18, 0x24, 0x30, 0x24, 0xF6, 0x18, 0x18
	.byte 0x24, 0x0C, 0x24, 0x0C, 0x24, 0x0C, 0x24, 0x0C, 0x24, 0x18, 0x24, 0x18, 0x24, 0xF6, 0x30, 0xF6
	.byte 0xC0, 0xF6, 0xC0, 0xF6, 0xC0, 0xF6, 0xC0, 0x10, 0x24, 0x10, 0x24, 0x10, 0x24, 0x10, 0x24, 0x10
	.byte 0x24, 0x10, 0x24, 0x18, 0x24, 0x30, 0x24, 0xF6, 0x18, 0xF6, 0x18, 0x18, 0x24, 0x0C, 0x24, 0x0C
	.byte 0x24, 0x0C, 0x24, 0x0C, 0x24, 0x18, 0x24, 0x18, 0x24, 0xF6, 0x30, 0xF6, 0xC0, 0xF6, 0xC0, 0xF6
	.byte 0xC0, 0xF6, 0xC0, 0xF6, 0xC0, 0xF6, 0xC0, 0x10, 0x24, 0x10, 0x24, 0x10, 0x24, 0x10, 0x24, 0x10
	.byte 0x24, 0x10, 0x24, 0x18, 0x24, 0x18, 0x24, 0x30, 0x24, 0xF6, 0x18, 0x18, 0x24, 0x0C, 0x24, 0x0C
	.byte 0x24, 0x0C, 0x24, 0x0C, 0x24, 0x18, 0x24, 0x18, 0x24, 0xF1, 0x50, 0x30, 0x32, 0xF1, 0x8C, 0xF6
	.byte 0xC0, 0xF6, 0xC0, 0xF6, 0xC0, 0xF6, 0xC0, 0xF6, 0xC0, 0xF6, 0xC0, 0x10, 0x24, 0x10, 0x24, 0x10
	.byte 0x24, 0x10, 0x24, 0x10, 0x24, 0x10, 0x24, 0x18, 0x24, 0x30, 0x24, 0xF6, 0x18, 0xF6, 0x18, 0x18
	.byte 0x24, 0x0C, 0x24, 0x0C, 0x24, 0x0C, 0x24, 0x0C, 0x24, 0x18, 0x24, 0x18, 0x24, 0xF1, 0x50, 0x30
	.byte 0x32, 0xF1, 0x8C, 0xF6, 0xC0, 0xF6, 0xC0, 0xF6, 0xC0, 0xF6, 0xC0, 0xF6, 0xC0, 0xF6, 0xC0, 0x10
	.byte 0x24, 0x10, 0x24, 0x10, 0x24, 0x10, 0x24, 0x10, 0x24, 0x10, 0x24, 0x18, 0x24, 0x30, 0x24, 0xF6
	.byte 0x18, 0xF6, 0x18, 0x18, 0x24, 0x0C, 0x24, 0x0C, 0x24, 0x0C, 0x24, 0x0C, 0x24, 0x18, 0x24, 0x18
	.byte 0x24, 0xF6, 0x30, 0xF8, 0x39, 0xFF, 0xFF, 0xF9, 0x8A, 0xF6, 0xC2, 0xF6, 0x60, 0xF2, 0x00, 0xF0
	.byte 0xBF, 0xF1, 0x28, 0x5E, 0x3A, 0xF6, 0x02, 0x00, 0xB8, 0xCC, 0x60, 0x38, 0x60, 0x3C, 0x60, 0x3F
	.byte 0x60, 0x3C, 0x00, 0xBE, 0xC0, 0x00, 0xBE, 0xC0, 0x48, 0x3E, 0xF6, 0x18, 0x60, 0x3E, 0x60, 0x44
	.byte 0x00, 0xC2, 0x60, 0x60, 0x42, 0x60, 0x3F, 0x60, 0x3C, 0x00, 0xB6, 0x60, 0x60, 0x36, 0x60, 0x38
	.byte 0x00, 0xB5, 0xC0, 0x00, 0xB5, 0xC0, 0x00, 0xB5, 0xC0, 0x90, 0x35, 0xF6, 0x30, 0x00, 0xB3, 0xC0
	.byte 0x00, 0xB3, 0xC0, 0x00, 0xB3, 0xC0, 0xC0, 0x33, 0x00, 0xB2, 0xC0, 0x00, 0xB2, 0xC0, 0x00, 0xB2
	.byte 0xC0, 0xC0, 0x32, 0xC0, 0x3B, 0x00, 0xBF, 0xC0, 0x00, 0xBF, 0xC0, 0xC0, 0x3F, 0x00, 0xC1, 0xC0
	.byte 0x00, 0xC1, 0xC0, 0x00, 0xC1, 0xC0, 0x48, 0x41, 0xF6, 0x18, 0x52, 0x3A, 0xF8, 0x96, 0xFF, 0xFF
	.byte 0xFC, 0x03, 0x12, 0x00, 0x47, 0x08, 0x78, 0x10, 0xC1, 0x12, 0xE9, 0x13, 0x94, 0x15, 0x6D, 0x19
	.byte 0xBA, 0x1B, 0xF9, 0x8A, 0xF6, 0x01, 0xF0, 0x08, 0xF2, 0xBC, 0xF1, 0x78, 0x08, 0x44, 0xF1, 0x23
	.byte 0x08, 0x43, 0xF6, 0x08, 0xF1, 0x78, 0x08, 0x44, 0xF1, 0x23, 0x08, 0x44, 0xF6, 0x08, 0xF1, 0x78
	.byte 0x08, 0x44, 0xF1, 0x23, 0x04, 0x44, 0xF1, 0x78, 0x08, 0x44, 0xF1, 0x23, 0x08, 0x44, 0xF6, 0x08
	.byte 0xF1, 0x78, 0x08, 0x47, 0xF1, 0x23, 0x08, 0x47, 0xF6, 0x08, 0xF1, 0x78, 0x08, 0x47, 0xF1, 0x23
	.byte 0x08, 0x47, 0xF6, 0x08, 0xF1, 0x78, 0x08, 0x47, 0xF1, 0x23, 0x08, 0x47, 0xF6, 0x08, 0xF1, 0x78
	.byte 0x08, 0x46, 0xF1, 0x23, 0x04, 0x46, 0xF1, 0x78, 0x08, 0x46, 0xF1, 0x23, 0x08, 0x46, 0xF6, 0x08
	.byte 0xF1, 0x78, 0x08, 0x44, 0xF1, 0x23, 0x08, 0x44, 0xF6, 0x08, 0xF1, 0x78, 0x08, 0x44, 0xF1, 0x23
	.byte 0x08, 0x44, 0xF6, 0x08, 0xF1, 0x78, 0x08, 0x44, 0xF1, 0x23, 0x04, 0x44, 0xF1, 0x78, 0x08, 0x44
	.byte 0xF1, 0x23, 0x08, 0x44, 0xF6, 0x08, 0xF1, 0x78, 0x08, 0x47, 0xF1, 0x23, 0x08, 0x47, 0xF6, 0x08
	.byte 0xF1, 0x78, 0x08, 0x47, 0xF1, 0x23, 0x08, 0x47, 0xF6, 0x08, 0xF1, 0x78, 0x08, 0x47, 0xF1, 0x23
	.byte 0x08, 0x47, 0xF6, 0x08, 0xF1, 0x78, 0x08, 0x4B, 0xF1, 0x23, 0x04, 0x4B, 0xF1, 0x78, 0x08, 0x4B
	.byte 0xF1, 0x23, 0x08, 0x4B, 0xF6, 0x07, 0xF6, 0x01, 0xF1, 0x78, 0x08, 0x44, 0xF1, 0x23, 0x08, 0x43
	.byte 0xF6, 0x08, 0xF1, 0x78, 0x08, 0x44, 0xF1, 0x23, 0x08, 0x44, 0xF6, 0x08, 0xF1, 0x78, 0x08, 0x44
	.byte 0xF1, 0x23, 0x04, 0x44, 0xF1, 0x78, 0x08, 0x44, 0xF1, 0x23, 0x08, 0x44, 0xF6, 0x08, 0xF1, 0x78
	.byte 0x08, 0x47, 0xF1, 0x23, 0x08, 0x47, 0xF6, 0x08, 0xF1, 0x78, 0x08, 0x47, 0xF1, 0x23, 0x08, 0x47
	.byte 0xF6, 0x08, 0xF1, 0x78, 0x08, 0x47, 0xF1, 0x23, 0x08, 0x47, 0xF6, 0x08, 0xF1, 0x78, 0x08, 0x46
	.byte 0xF1, 0x23, 0x04, 0x46, 0xF1, 0x78, 0x08, 0x46, 0xF1, 0x23, 0x08, 0x46, 0xF6, 0x08, 0xF1, 0x78
	.byte 0x08, 0x44, 0xF1, 0x23, 0x08, 0x44, 0xF6, 0x08, 0xF1, 0x78, 0x08, 0x44, 0xF1, 0x23, 0x08, 0x44
	.byte 0xF6, 0x08, 0xF1, 0x78, 0x08, 0x44, 0xF1, 0x23, 0x04, 0x44, 0xF1, 0x78, 0x08, 0x44, 0xF1, 0x23
	.byte 0x08, 0x44, 0xF6, 0x08, 0xF1, 0x78, 0x08, 0x47, 0xF1, 0x23, 0x08, 0x47, 0xF6, 0x08, 0xF1, 0x78
	.byte 0x08, 0x47, 0xF1, 0x23, 0x08, 0x47, 0xF6, 0x08, 0xF1, 0x78, 0x08, 0x47, 0xF1, 0x23, 0x08, 0x47
	.byte 0xF6, 0x08, 0xF1, 0x78, 0x08, 0x4B, 0xF1, 0x23, 0x04, 0x4B, 0xF1, 0x78, 0x08, 0x4B, 0xF1, 0x23
	.byte 0x08, 0x4B, 0xF6, 0x08, 0xF0, 0x09, 0xF1, 0x78, 0x0C, 0x31, 0x0A, 0x38, 0xF6, 0x02, 0x0A, 0x31
	.byte 0xF1, 0x23, 0x06, 0x31, 0xF6, 0x08, 0xF1, 0x78, 0x0C, 0x3A, 0xF1, 0x23, 0x06, 0x3A, 0xF6, 0x06
	.byte 0xF1, 0x78, 0x0A, 0x31, 0xF6, 0x02, 0x0E, 0x3B, 0xF1, 0x23, 0x06, 0x3B, 0xF6, 0x1C, 0xF0, 0x08
	.byte 0xF1, 0x78, 0x08, 0x47, 0xF1, 0x23, 0x08, 0x47, 0xF6, 0x08, 0xF1, 0x78, 0x08, 0x46, 0xF1, 0x23
	.byte 0x04, 0x46, 0xF1, 0x78, 0x08, 0x46, 0xF1, 0x23, 0x08, 0x46, 0xF6, 0x08, 0xF0, 0x09, 0xF1, 0x78
	.byte 0x0C, 0x31, 0x0A, 0x38, 0xF6, 0x02, 0x0A, 0x31, 0xF1, 0x23, 0x06, 0x31, 0xF6, 0x08, 0xF1, 0x78
	.byte 0x0C, 0x3A, 0xF1, 0x23, 0x06, 0x3A, 0xF6, 0x06, 0xF1, 0x78, 0x0A, 0x31, 0xF6, 0x02, 0x0E, 0x3B
	.byte 0xF1, 0x23, 0x06, 0x3B, 0xF6, 0x04, 0xF0, 0x08, 0xF1, 0x78, 0x08, 0x47, 0xF1, 0x23, 0x08, 0x47
	.byte 0xF6, 0x08, 0xF1, 0x78, 0x08, 0x47, 0xF1, 0x23, 0x08, 0x47, 0xF6, 0x08, 0xF1, 0x78, 0x08, 0x4B
	.byte 0xF1, 0x23, 0x04, 0x4B, 0xF1, 0x78, 0x08, 0x4B, 0xF1, 0x23, 0x08, 0x4B, 0xF6, 0x08, 0xF0, 0x09
	.byte 0xF1, 0x78, 0x0C, 0x31, 0x0A, 0x38, 0xF6, 0x02, 0x0A, 0x31, 0xF1, 0x23, 0x06, 0x31, 0xF6, 0x08
	.byte 0xF1, 0x78, 0x0C, 0x3A, 0xF1, 0x23, 0x06, 0x3A, 0xF6, 0x06, 0xF1, 0x78, 0x0A, 0x31, 0xF6, 0x02
	.byte 0x0E, 0x3B, 0xF1, 0x23, 0x06, 0x3B, 0xF6, 0x04, 0xF1, 0x78, 0x0A, 0x3B, 0xF1, 0x23, 0x06, 0x3B
	.byte 0xF6, 0x08, 0xF1, 0x78, 0x0A, 0x3B, 0xF6, 0x02, 0x0A, 0x3A, 0xF1, 0x23, 0x06, 0x3A, 0xF6, 0x08
	.byte 0xF1, 0x78, 0x0A, 0x36, 0xF1, 0x23, 0x06, 0x36, 0xF6, 0x08, 0xF1, 0x78, 0x0C, 0x38, 0xF1, 0x23
	.byte 0x06, 0x38, 0xF6, 0x06, 0xF1, 0x78, 0x0A, 0x35, 0xF6, 0x02, 0x3C, 0x31, 0xF1, 0x23, 0x06, 0x31
	.byte 0xF6, 0x06, 0xF0, 0x08, 0xF1, 0x78, 0x08, 0x47, 0xF1, 0x23, 0x08, 0x47, 0xF6, 0x08, 0xF1, 0x78
	.byte 0x08, 0x47, 0xF1, 0x23, 0x08, 0x47, 0xF6, 0x08, 0xF1, 0x78, 0x08, 0x4B, 0xF1, 0x23, 0x04, 0x4B
	.byte 0xF1, 0x78, 0x08, 0x4B, 0xF1, 0x23, 0x08, 0x4B, 0xF6, 0x08, 0xF1, 0x78, 0x08, 0x44, 0xF1, 0x23
	.byte 0x08, 0x43, 0xF6, 0x08, 0xF1, 0x78, 0x08, 0x44, 0xF1, 0x23, 0x08, 0x44, 0xF6, 0x08, 0xF1, 0x78
	.byte 0x08, 0x44, 0xF1, 0x23, 0x04, 0x44, 0xF1, 0x78, 0x08, 0x44, 0xF1, 0x23, 0x08, 0x44, 0xF6, 0x08
	.byte 0xF1, 0x78, 0x08, 0x47, 0xF1, 0x23, 0x08, 0x47, 0xF6, 0x08, 0xF1, 0x78, 0x08, 0x47, 0xF1, 0x23
	.byte 0x08, 0x47, 0xF6, 0x08, 0xF1, 0x78, 0x08, 0x47, 0xF1, 0x23, 0x08, 0x47, 0xF6, 0x08, 0xF1, 0x78
	.byte 0x08, 0x46, 0xF1, 0x23, 0x04, 0x46, 0xF1, 0x78, 0x08, 0x46, 0xF1, 0x23, 0x08, 0x46, 0xF6, 0x08
	.byte 0xF1, 0x78, 0x08, 0x44, 0xF1, 0x23, 0x08, 0x44, 0xF6, 0x08, 0xF1, 0x78, 0x08, 0x44, 0xF1, 0x23
	.byte 0x08, 0x44, 0xF6, 0x08, 0xF1, 0x78, 0x08, 0x44, 0xF1, 0x23, 0x04, 0x44, 0xF1, 0x78, 0x08, 0x44
	.byte 0xF1, 0x23, 0x08, 0x44, 0xF6, 0x08, 0xF1, 0x78, 0x08, 0x47, 0xF1, 0x23, 0x08, 0x47, 0xF6, 0x08
	.byte 0xF1, 0x78, 0x08, 0x47, 0xF1, 0x23, 0x08, 0x47, 0xF6, 0x08, 0xF1, 0x78, 0x08, 0x47, 0xF1, 0x23
	.byte 0x08, 0x47, 0xF6, 0x08, 0xF1, 0x78, 0x08, 0x4B, 0xF1, 0x23, 0x04, 0x4B, 0xF1, 0x78, 0x08, 0x4B
	.byte 0xF1, 0x23, 0x08, 0x4B, 0xF6, 0x08, 0xF1, 0x78, 0x08, 0x44, 0xF1, 0x23, 0x08, 0x43, 0xF6, 0x08
	.byte 0xF1, 0x78, 0x08, 0x44, 0xF1, 0x23, 0x08, 0x44, 0xF6, 0x08, 0xF1, 0x78, 0x08, 0x44, 0xF1, 0x23
	.byte 0x04, 0x44, 0xF1, 0x78, 0x08, 0x44, 0xF1, 0x23, 0x08, 0x44, 0xF6, 0x08, 0xF1, 0x78, 0x08, 0x47
	.byte 0xF1, 0x23, 0x08, 0x47, 0xF6, 0x08, 0xF1, 0x78, 0x08, 0x47, 0xF1, 0x23, 0x08, 0x47, 0xF6, 0x08
	.byte 0xF1, 0x78, 0x08, 0x47, 0xF1, 0x23, 0x08, 0x47, 0xF6, 0x08, 0xF1, 0x78, 0x08, 0x46, 0xF1, 0x23
	.byte 0x04, 0x46, 0xF1, 0x78, 0x08, 0x46, 0xF1, 0x23, 0x08, 0x46, 0xF6, 0x08, 0xF1, 0x78, 0x08, 0x44
	.byte 0xF1, 0x23, 0x08, 0x44, 0xF6, 0x08, 0xF1, 0x78, 0x08, 0x44, 0xF1, 0x23, 0x08, 0x44, 0xF6, 0x08
	.byte 0xF1, 0x78, 0x08, 0x44, 0xF1, 0x23, 0x04, 0x44, 0xF1, 0x78, 0x08, 0x44, 0xF1, 0x23, 0x08, 0x44
	.byte 0xF6, 0x08, 0xF1, 0x78, 0x08, 0x47, 0xF1, 0x23, 0x08, 0x47, 0xF6, 0x08, 0xF1, 0x78, 0x08, 0x47
	.byte 0xF1, 0x23, 0x08, 0x47, 0xF6, 0x08, 0xF1, 0x78, 0x08, 0x47, 0xF1, 0x23, 0x08, 0x47, 0xF6, 0x08
	.byte 0xF1, 0x78, 0x08, 0x4B, 0xF1, 0x23, 0x04, 0x4B, 0xF1, 0x78, 0x08, 0x4B, 0xF1, 0x23, 0x08, 0x4B
	.byte 0xF6, 0x08, 0xF0, 0x09, 0xF1, 0x78, 0x0C, 0x31, 0x0A, 0x38, 0xF6, 0x02, 0x0A, 0x31, 0xF1, 0x23
	.byte 0x06, 0x31, 0xF6, 0x08, 0xF1, 0x78, 0x0C, 0x3A, 0xF1, 0x23, 0x06, 0x3A, 0xF6, 0x06, 0xF1, 0x78
	.byte 0x0A, 0x31, 0xF6, 0x02, 0x0E, 0x3B, 0xF1, 0x23, 0x06, 0x3B, 0xF6, 0x1C, 0xF0, 0x08, 0xF1, 0x78
	.byte 0x08, 0x47, 0xF1, 0x23, 0x08, 0x47, 0xF6, 0x08, 0xF1, 0x78, 0x08, 0x46, 0xF1, 0x23, 0x04, 0x46
	.byte 0xF1, 0x78, 0x08, 0x46, 0xF1, 0x23, 0x08, 0x46, 0xF6, 0x08, 0xF0, 0x09, 0xF1, 0x78, 0x0C, 0x31
	.byte 0x0A, 0x38, 0xF6, 0x02, 0x0A, 0x31, 0xF1, 0x23, 0x06, 0x31, 0xF6, 0x08, 0xF1, 0x78, 0x0C, 0x3A
	.byte 0xF1, 0x23, 0x06, 0x3A, 0xF6, 0x06, 0xF1, 0x78, 0x0A, 0x31, 0xF6, 0x02, 0x0E, 0x3B, 0xF1, 0x23
	.byte 0x06, 0x3B, 0xF6, 0x04, 0xF0, 0x08, 0xF1, 0x78, 0x08, 0x47, 0xF1, 0x23, 0x08, 0x47, 0xF6, 0x08
	.byte 0xF1, 0x78, 0x08, 0x47, 0xF1, 0x23, 0x08, 0x47, 0xF6, 0x08, 0xF1, 0x78, 0x08, 0x4B, 0xF1, 0x23
	.byte 0x04, 0x4B, 0xF1, 0x78, 0x08, 0x4B, 0xF1, 0x23, 0x08, 0x4B, 0xF6, 0x08, 0xF0, 0x09, 0xF1, 0x78
	.byte 0x0C, 0x31, 0x0A, 0x38, 0xF6, 0x02, 0x0A, 0x31, 0xF1, 0x23, 0x06, 0x31, 0xF6, 0x08, 0xF1, 0x78
	.byte 0x0C, 0x3A, 0xF1, 0x23, 0x06, 0x3A, 0xF6, 0x06, 0xF1, 0x78, 0x0A, 0x31, 0xF6, 0x02, 0x0E, 0x3B
	.byte 0xF1, 0x23, 0x06, 0x3B, 0xF6, 0x04, 0xF1, 0x78, 0x0A, 0x3B, 0xF1, 0x23, 0x06, 0x3B, 0xF6, 0x08
	.byte 0xF1, 0x78, 0x0A, 0x3F, 0xF6, 0x02, 0x0A, 0x3D, 0xF1, 0x23, 0x06, 0x3D, 0xF6, 0x08, 0xF1, 0x78
	.byte 0x0A, 0x3B, 0xF1, 0x23, 0x06, 0x3B, 0xF6, 0x08, 0xF1, 0x78, 0x0C, 0x3D, 0xF1, 0x23, 0x06, 0x3D
	.byte 0xF6, 0x06, 0xF1, 0x78, 0x0A, 0x41, 0xF6, 0x02, 0x3C, 0x41, 0xF1, 0x23, 0x06, 0x41, 0xF6, 0x06
	.byte 0xF0, 0x08, 0xF1, 0x78, 0x08, 0x47, 0xF1, 0x23, 0x08, 0x47, 0xF6, 0x08, 0xF1, 0x78, 0x08, 0x47
	.byte 0xF1, 0x23, 0x08, 0x47, 0xF6, 0x08, 0xF1, 0x78, 0x08, 0x4B, 0xF1, 0x23, 0x04, 0x4B, 0xF1, 0x78
	.byte 0x08, 0x4B, 0xF1, 0x23, 0x08, 0x4B, 0xF6, 0x08, 0xF0, 0x0A, 0xF1, 0xC8, 0x08, 0x44, 0xF1, 0x3C
	.byte 0x08, 0x44, 0xF6, 0x08, 0xF1, 0x78, 0x08, 0x44, 0xF1, 0x3C, 0x08, 0x44, 0xF6, 0x08, 0xF1, 0xA0
	.byte 0x08, 0x44, 0xF1, 0x3C, 0x04, 0x44, 0xF1, 0x78, 0x08, 0x44, 0xF1, 0x3C, 0x08, 0x44, 0xF6, 0x08
	.byte 0xF1, 0x78, 0x08, 0x47, 0xF1, 0x3C, 0x08, 0x47, 0xF6, 0x08, 0xF1, 0x78, 0x08, 0x47, 0xF1, 0x3C
	.byte 0x08, 0x47, 0xF6, 0x08, 0xF1, 0x78, 0x08, 0x47, 0xF1, 0x3C, 0x08, 0x47, 0xF6, 0x08, 0xF1, 0xA0
	.byte 0x08, 0x46, 0xF1, 0x3C, 0x04, 0x46, 0xF1, 0x78, 0x08, 0x46, 0xF1, 0x3C, 0x08, 0x46, 0xF6, 0x08
	.byte 0xF1, 0xC8, 0x08, 0x44, 0xF1, 0x3C, 0x08, 0x44, 0xF6, 0x08, 0xF1, 0x78, 0x08, 0x44, 0xF1, 0x3C
	.byte 0x08, 0x44, 0xF6, 0x08, 0xF1, 0xA0, 0x08, 0x44, 0xF1, 0x3C, 0x04, 0x44, 0xF1, 0x78, 0x08, 0x44
	.byte 0xF1, 0x3C, 0x08, 0x44, 0xF6, 0x08, 0xF1, 0x78, 0x08, 0x47, 0xF1, 0x3C, 0x08, 0x47, 0xF6, 0x08
	.byte 0xF1, 0x78, 0x08, 0x47, 0xF1, 0x3C, 0x08, 0x47, 0xF6, 0x08, 0xF1, 0x78, 0x08, 0x47, 0xF1, 0x3C
	.byte 0x08, 0x47, 0xF6, 0x08, 0xF1, 0xA0, 0x08, 0x4B, 0xF1, 0x3C, 0x04, 0x4B, 0xF1, 0x78, 0x08, 0x4B
	.byte 0xF1, 0x3C, 0x08, 0x4B, 0xF6, 0x08, 0xF1, 0xC8, 0x08, 0x44, 0xF1, 0x3C, 0x08, 0x44, 0xF6, 0x08
	.byte 0xF1, 0x78, 0x08, 0x44, 0xF1, 0x3C, 0x08, 0x44, 0xF6, 0x08, 0xF1, 0xA0, 0x08, 0x44, 0xF1, 0x3C
	.byte 0x04, 0x44, 0xF1, 0x78, 0x08, 0x44, 0xF1, 0x3C, 0x08, 0x44, 0xF6, 0x08, 0xF1, 0x78, 0x08, 0x47
	.byte 0xF1, 0x3C, 0x08, 0x47, 0xF6, 0x08, 0xF1, 0x78, 0x08, 0x47, 0xF1, 0x3C, 0x08, 0x47, 0xF6, 0x08
	.byte 0xF1, 0x78, 0x08, 0x47, 0xF1, 0x3C, 0x08, 0x47, 0xF6, 0x08, 0xF1, 0xA0, 0x08, 0x46, 0xF1, 0x3C
	.byte 0x04, 0x46, 0xF1, 0x78, 0x08, 0x46, 0xF1, 0x3C, 0x08, 0x46, 0xF6, 0x08, 0xF1, 0xC8, 0x08, 0x44
	.byte 0xF1, 0x3C, 0x08, 0x44, 0xF6, 0x08, 0xF1, 0x78, 0x08, 0x44, 0xF1, 0x3C, 0x08, 0x44, 0xF6, 0x08
	.byte 0xF1, 0xA0, 0x08, 0x44, 0xF1, 0x3C, 0x04, 0x44, 0xF1, 0x78, 0x08, 0x44, 0xF1, 0x3C, 0x08, 0x44
	.byte 0xF6, 0x08, 0xF1, 0x78, 0x08, 0x47, 0xF1, 0x3C, 0x08, 0x47, 0xF6, 0x08, 0xF1, 0x78, 0x08, 0x47
	.byte 0xF1, 0x3C, 0x08, 0x47, 0xF6, 0x08, 0xF1, 0x78, 0x08, 0x47, 0xF1, 0x3C, 0x08, 0x47, 0xF6, 0x08
	.byte 0xF1, 0xA0, 0x08, 0x4B, 0xF1, 0x3C, 0x04, 0x4B, 0xF1, 0x78, 0x08, 0x4B, 0xF1, 0x3C, 0x08, 0x4B
	.byte 0xF6, 0x08, 0xF0, 0x09, 0xF1, 0x78, 0x0C, 0x31, 0x0A, 0x38, 0xF6, 0x02, 0x0A, 0x31, 0xF1, 0x23
	.byte 0x06, 0x31, 0xF6, 0x08, 0xF1, 0x78, 0x0C, 0x3A, 0xF1, 0x23, 0x06, 0x3A, 0xF6, 0x06, 0xF1, 0x78
	.byte 0x0A, 0x31, 0xF6, 0x02, 0x0E, 0x3B, 0xF1, 0x23, 0x06, 0x3B, 0xF6, 0x1C, 0xF0, 0x08, 0xF1, 0x78
	.byte 0x08, 0x47, 0xF1, 0x23, 0x08, 0x47, 0xF6, 0x08, 0xF1, 0x78, 0x08, 0x46, 0xF1, 0x23, 0x04, 0x46
	.byte 0xF1, 0x78, 0x08, 0x46, 0xF1, 0x23, 0x08, 0x46, 0xF6, 0x08, 0xF0, 0x09, 0xF1, 0x78, 0x0C, 0x31
	.byte 0x0A, 0x38, 0xF6, 0x02, 0x0A, 0x31, 0xF1, 0x23, 0x06, 0x31, 0xF6, 0x08, 0xF1, 0x78, 0x0C, 0x3A
	.byte 0xF1, 0x23, 0x06, 0x3A, 0xF6, 0x06, 0xF1, 0x78, 0x0A, 0x31, 0xF6, 0x02, 0x0E, 0x3B, 0xF1, 0x23
	.byte 0x06, 0x3B, 0xF6, 0x04, 0xF0, 0x08, 0xF1, 0x78, 0x08, 0x47, 0xF1, 0x23, 0x08, 0x47, 0xF6, 0x08
	.byte 0xF1, 0x78, 0x08, 0x47, 0xF1, 0x23, 0x08, 0x47, 0xF6, 0x08, 0xF1, 0x78, 0x08, 0x4B, 0xF1, 0x23
	.byte 0x04, 0x4B, 0xF1, 0x78, 0x08, 0x4B, 0xF1, 0x23, 0x08, 0x4B, 0xF6, 0x08, 0xF0, 0x09, 0xF1, 0x78
	.byte 0x0C, 0x31, 0x0A, 0x38, 0xF6, 0x02, 0x0A, 0x31, 0xF1, 0x23, 0x06, 0x31, 0xF6, 0x08, 0xF1, 0x78
	.byte 0x0C, 0x3A, 0xF1, 0x23, 0x06, 0x3A, 0xF6, 0x06, 0xF1, 0x78, 0x0A, 0x31, 0xF6, 0x02, 0x0E, 0x3B
	.byte 0xF1, 0x23, 0x06, 0x3B, 0xF6, 0x04, 0xF1, 0x78, 0x0A, 0x3B, 0xF1, 0x23, 0x06, 0x3B, 0xF6, 0x08
	.byte 0xF1, 0x78, 0x0A, 0x3B, 0xF6, 0x02, 0x0A, 0x3A, 0xF1, 0x23, 0x06, 0x3A, 0xF6, 0x08, 0xF1, 0x78
	.byte 0x0A, 0x36, 0xF1, 0x23, 0x06, 0x36, 0xF6, 0x08, 0xF1, 0x78, 0x0C, 0x38, 0xF1, 0x23, 0x06, 0x38
	.byte 0xF6, 0x06, 0xF1, 0x78, 0x0A, 0x35, 0xF6, 0x02, 0x3C, 0x31, 0xF1, 0x23, 0x06, 0x31, 0xF6, 0x06
	.byte 0xF0, 0x08, 0xF1, 0x78, 0x08, 0x47, 0xF1, 0x23, 0x08, 0x47, 0xF6, 0x08, 0xF1, 0x78, 0x08, 0x47
	.byte 0xF1, 0x23, 0x08, 0x47, 0xF6, 0x08, 0xF1, 0x78, 0x08, 0x4B, 0xF1, 0x23, 0x04, 0x4B, 0xF1, 0x78
	.byte 0x08, 0x4B, 0xF1, 0x23, 0x08, 0x4B, 0xF6, 0x08, 0xF1, 0x78, 0x08, 0x44, 0xF1, 0x23, 0x08, 0x43
	.byte 0xF6, 0x08, 0xF1, 0x78, 0x08, 0x44, 0xF1, 0x23, 0x08, 0x44, 0xF6, 0x08, 0xF1, 0x78, 0x08, 0x44
	.byte 0xF1, 0x23, 0x04, 0x44, 0xF1, 0x78, 0x08, 0x44, 0xF1, 0x23, 0x08, 0x44, 0xF6, 0x08, 0xF1, 0x78
	.byte 0x08, 0x47, 0xF1, 0x23, 0x08, 0x47, 0xF6, 0x08, 0xF1, 0x78, 0x08, 0x47, 0xF1, 0x23, 0x08, 0x47
	.byte 0xF6, 0x08, 0xF1, 0x78, 0x08, 0x47, 0xF1, 0x23, 0x08, 0x47, 0xF6, 0x08, 0xF1, 0x78, 0x08, 0x46
	.byte 0xF1, 0x23, 0x04, 0x46, 0xF1, 0x78, 0x08, 0x46, 0xF1, 0x23, 0x08, 0x46, 0xF6, 0x08, 0xF1, 0x78
	.byte 0x08, 0x44, 0xF1, 0x23, 0x08, 0x44, 0xF6, 0x08, 0xF1, 0x78, 0x08, 0x44, 0xF1, 0x23, 0x08, 0x44
	.byte 0xF6, 0x08, 0xF1, 0x78, 0x08, 0x44, 0xF1, 0x23, 0x04, 0x44, 0xF1, 0x78, 0x08, 0x44, 0xF1, 0x23
	.byte 0x08, 0x44, 0xF6, 0x08, 0xF1, 0x78, 0x08, 0x47, 0xF1, 0x23, 0x08, 0x47, 0xF6, 0x08, 0xF1, 0x78
	.byte 0x08, 0x47, 0xF1, 0x23, 0x08, 0x47, 0xF6, 0x08, 0xF1, 0x78, 0x08, 0x47, 0xF1, 0x23, 0x08, 0x47
	.byte 0xF6, 0x08, 0xF1, 0x78, 0x08, 0x4B, 0xF1, 0x23, 0x04, 0x4B, 0xF1, 0x78, 0x08, 0x4B, 0xF1, 0x23
	.byte 0x08, 0x4B, 0xF6, 0x07, 0xF8, 0x7F, 0xF8, 0xF9, 0x8A, 0xF0, 0x08, 0xF2, 0x44, 0xF1, 0x64, 0x08
	.byte 0x41, 0xF1, 0x19, 0x08, 0x41, 0xF6, 0x08, 0xF1, 0x64, 0x08, 0x41, 0xF1, 0x19, 0x08, 0x41, 0xF6
	.byte 0x08, 0xF1, 0x64, 0x08, 0x41, 0xF1, 0x19, 0x04, 0x41, 0xF1, 0x64, 0x08, 0x41, 0xF1, 0x19, 0x08
	.byte 0x41, 0xF6, 0x08, 0xF1, 0x64, 0x08, 0x42, 0xF1, 0x19, 0x08, 0x42, 0xF6, 0x08, 0xF1, 0x64, 0x08
	.byte 0x42, 0xF1, 0x19, 0x08, 0x42, 0xF1, 0x64, 0xF6, 0x08, 0x08, 0x42, 0xF1, 0x19, 0x08, 0x42, 0xF6
	.byte 0x08, 0xF1, 0x64, 0x08, 0x42, 0xF1, 0x19, 0x04, 0x42, 0xF1, 0x64, 0x08, 0x42, 0xF1, 0x19, 0x08
	.byte 0x42, 0xF6, 0x08, 0xF1, 0x64, 0x08, 0x41, 0xF1, 0x19, 0x08, 0x41, 0xF6, 0x08, 0xF1, 0x64, 0x08
	.byte 0x41, 0xF1, 0x19, 0x08, 0x41, 0xF6, 0x08, 0xF1, 0x64, 0x08, 0x41, 0xF1, 0x19, 0x04, 0x41, 0xF1
	.byte 0x64, 0x08, 0x41, 0xF1, 0x19, 0x08, 0x41, 0xF6, 0x08, 0xF1, 0x64, 0x08, 0x42, 0xF1, 0x19, 0x08
	.byte 0x42, 0xF6, 0x08, 0xF1, 0x64, 0x08, 0x42, 0xF1, 0x19, 0x08, 0x42, 0xF6, 0x08, 0xF1, 0x64, 0x08
	.byte 0x42, 0xF1, 0x19, 0x08, 0x42, 0xF6, 0x08, 0xF1, 0x64, 0x08, 0x42, 0xF1, 0x19, 0x04, 0x42, 0xF1
	.byte 0x64, 0x08, 0x42, 0xF1, 0x19, 0x08, 0x42, 0xF6, 0x08, 0xF1, 0x64, 0x08, 0x41, 0xF1, 0x19, 0x08
	.byte 0x41, 0xF6, 0x08, 0xF1, 0x64, 0x08, 0x41, 0xF1, 0x19, 0x08, 0x41, 0xF6, 0x08, 0xF1, 0x64, 0x08
	.byte 0x41, 0xF1, 0x19, 0x04, 0x41, 0xF1, 0x64, 0x08, 0x41, 0xF1, 0x19, 0x08, 0x41, 0xF6, 0x08, 0xF1
	.byte 0x64, 0x08, 0x42, 0xF1, 0x19, 0x08, 0x42, 0xF6, 0x08, 0xF1, 0x64, 0x08, 0x42, 0xF1, 0x19, 0x08
	.byte 0x42, 0xF1, 0x64, 0xF6, 0x08, 0x08, 0x42, 0xF1, 0x19, 0x08, 0x42, 0xF6, 0x08, 0xF1, 0x64, 0x08
	.byte 0x42, 0xF1, 0x19, 0x04, 0x42, 0xF1, 0x64, 0x08, 0x42, 0xF1, 0x19, 0x08, 0x42, 0xF6, 0x08, 0xF1
	.byte 0x64, 0x08, 0x41, 0xF1, 0x19, 0x08, 0x41, 0xF6, 0x08, 0xF1, 0x64, 0x08, 0x41, 0xF1, 0x19, 0x08
	.byte 0x41, 0xF6, 0x08, 0xF1, 0x64, 0x08, 0x41, 0xF1, 0x19, 0x04, 0x41, 0xF1, 0x64, 0x08, 0x41, 0xF1
	.byte 0x19, 0x08, 0x41, 0xF6, 0x08, 0xF1, 0x64, 0x08, 0x42, 0xF1, 0x19, 0x08, 0x42, 0xF6, 0x08, 0xF1
	.byte 0x64, 0x08, 0x42, 0xF1, 0x19, 0x08, 0x42, 0xF6, 0x08, 0xF1, 0x64, 0x08, 0x42, 0xF1, 0x14, 0x08
	.byte 0x42, 0xF6, 0x08, 0xF1, 0x64, 0x08, 0x42, 0xF1, 0x19, 0x04, 0x42, 0xF1, 0x64, 0x08, 0x42, 0xF1
	.byte 0x19, 0x08, 0x42, 0xF6, 0x08, 0xF0, 0x09, 0xF1, 0x64, 0x0C, 0x38, 0x0A, 0x41, 0xF6, 0x02, 0x0A
	.byte 0x38, 0xF1, 0x19, 0x06, 0x38, 0xF6, 0x08, 0xF1, 0x64, 0x0C, 0x42, 0xF1, 0x19, 0x06, 0x42, 0xF6
	.byte 0x06, 0xF1, 0x64, 0x0A, 0x38, 0xF6, 0x02, 0x0E, 0x44, 0xF1, 0x19, 0x06, 0x44, 0xF6, 0x1C, 0xF0
	.byte 0x08, 0xF1, 0x64, 0x08, 0x42, 0xF1, 0x19, 0x08, 0x42, 0xF6, 0x08, 0xF1, 0x64, 0x08, 0x42, 0xF1
	.byte 0x19, 0x04, 0x42, 0xF1, 0x64, 0x08, 0x42, 0xF1, 0x19, 0x08, 0x42, 0xF6, 0x08, 0xF0, 0x09, 0xF1
	.byte 0x64, 0x0C, 0x38, 0x0A, 0x41, 0xF6, 0x02, 0x0A, 0x38, 0xF1, 0x19, 0x06, 0x38, 0xF6, 0x08, 0xF1
	.byte 0x64, 0x0C, 0x42, 0xF1, 0x19, 0x06, 0x42, 0xF6, 0x06, 0xF1, 0x64, 0x0A, 0x38, 0xF6, 0x02, 0x0E
	.byte 0x44, 0xF1, 0x19, 0x06, 0x44, 0xF6, 0x04, 0xF0, 0x08, 0xF1, 0x64, 0x08, 0x42, 0xF1, 0x19, 0x08
	.byte 0x42, 0xF6, 0x08, 0xF1, 0x64, 0x08, 0x42, 0xF1, 0x19, 0x08, 0x42, 0xF6, 0x08, 0xF1, 0x64, 0x08
	.byte 0x42, 0xF1, 0x19, 0x04, 0x42, 0xF1, 0x64, 0x08, 0x42, 0xF1, 0x19, 0x08, 0x42, 0xF6, 0x08, 0xF0
	.byte 0x09, 0xF1, 0x64, 0x0C, 0x38, 0x0A, 0x41, 0xF6, 0x02, 0x0A, 0x38, 0xF1, 0x19, 0x06, 0x38, 0xF6
	.byte 0x08, 0xF1, 0x64, 0x0C, 0x42, 0xF1, 0x19, 0x06, 0x42, 0xF6, 0x06, 0xF1, 0x64, 0x0A, 0x38, 0xF6
	.byte 0x02, 0x0E, 0x44, 0xF1, 0x19, 0x06, 0x44, 0xF6, 0x04, 0xF1, 0x64, 0x0A, 0x44, 0xF1, 0x19, 0x06
	.byte 0x44, 0xF6, 0x08, 0xF1, 0x64, 0x0A, 0x44, 0xF6, 0x02, 0x0A, 0x42, 0xF1, 0x19, 0x06, 0x42, 0xF6
	.byte 0x08, 0xF1, 0x64, 0x0A, 0x3F, 0xF1, 0x19, 0x06, 0x3F, 0xF6, 0x08, 0xF1, 0x64, 0x0C, 0x41, 0xF1
	.byte 0x19, 0x06, 0x41, 0xF6, 0x06, 0xF1, 0x64, 0x0A, 0x3D, 0xF6, 0x02, 0x3C, 0x38, 0xF1, 0x19, 0x06
	.byte 0x38, 0xF6, 0x06, 0xF0, 0x08, 0xF1, 0x64, 0x08, 0x42, 0xF1, 0x19, 0x08, 0x42, 0xF6, 0x08, 0xF1
	.byte 0x64, 0x08, 0x42, 0xF1, 0x19, 0x08, 0x42, 0xF6, 0x08, 0xF1, 0x64, 0x08, 0x42, 0xF1, 0x19, 0x04
	.byte 0x42, 0xF1, 0x64, 0x08, 0x42, 0xF1, 0x19, 0x08, 0x42, 0xF6, 0x08, 0xF1, 0x64, 0x08, 0x41, 0xF1
	.byte 0x19, 0x08, 0x41, 0xF6, 0x08, 0xF1, 0x64, 0x08, 0x41, 0xF1, 0x19, 0x08, 0x41, 0xF6, 0x08, 0xF1
	.byte 0x64, 0x08, 0x41, 0xF1, 0x19, 0x04, 0x41, 0xF1, 0x64, 0x08, 0x41, 0xF1, 0x19, 0x08, 0x41, 0xF6
	.byte 0x08, 0xF1, 0x64, 0x08, 0x42, 0xF1, 0x19, 0x08, 0x42, 0xF6, 0x08, 0xF1, 0x64, 0x08, 0x42, 0xF1
	.byte 0x19, 0x08, 0x42, 0xF1, 0x64, 0xF6, 0x08, 0x08, 0x42, 0xF1, 0x19, 0x08, 0x42, 0xF6, 0x08, 0xF1
	.byte 0x64, 0x08, 0x42, 0xF1, 0x19, 0x04, 0x42, 0xF1, 0x64, 0x08, 0x42, 0xF1, 0x19, 0x08, 0x42, 0xF6
	.byte 0x08, 0xF1, 0x64, 0x08, 0x41, 0xF1, 0x19, 0x08, 0x41, 0xF6, 0x08, 0xF1, 0x64, 0x08, 0x41, 0xF1
	.byte 0x19, 0x08, 0x41, 0xF6, 0x08, 0xF1, 0x64, 0x08, 0x41, 0xF1, 0x19, 0x04, 0x41, 0xF1, 0x64, 0x08
	.byte 0x41, 0xF1, 0x19, 0x08, 0x41, 0xF6, 0x08, 0xF1, 0x64, 0x08, 0x42, 0xF1, 0x19, 0x08, 0x42, 0xF6
	.byte 0x08, 0xF1, 0x64, 0x08, 0x42, 0xF1, 0x19, 0x08, 0x42, 0xF6, 0x08, 0xF1, 0x64, 0x08, 0x42, 0xF1
	.byte 0x19, 0x08, 0x42, 0xF6, 0x08, 0xF1, 0x64, 0x08, 0x42, 0xF1, 0x19, 0x04, 0x42, 0xF1, 0x64, 0x08
	.byte 0x42, 0xF1, 0x19, 0x08, 0x42, 0xF6, 0x08, 0xF1, 0x64, 0x08, 0x41, 0xF1, 0x19, 0x08, 0x41, 0xF6
	.byte 0x08, 0xF1, 0x64, 0x08, 0x41, 0xF1, 0x19, 0x08, 0x41, 0xF6, 0x08, 0xF1, 0x64, 0x08, 0x41, 0xF1
	.byte 0x19, 0x04, 0x41, 0xF1, 0x64, 0x08, 0x41, 0xF1, 0x19, 0x08, 0x41, 0xF6, 0x08, 0xF1, 0x64, 0x08
	.byte 0x42, 0xF1, 0x19, 0x08, 0x42, 0xF6, 0x08, 0xF1, 0x64, 0x08, 0x42, 0xF1, 0x19, 0x08, 0x42, 0xF1
	.byte 0x64, 0xF6, 0x08, 0x08, 0x42, 0xF1, 0x19, 0x08, 0x42, 0xF6, 0x08, 0xF1, 0x64, 0x08, 0x42, 0xF1
	.byte 0x19, 0x04, 0x42, 0xF1, 0x64, 0x08, 0x42, 0xF1, 0x19, 0x08, 0x42, 0xF6, 0x08, 0xF1, 0x64, 0x08
	.byte 0x41, 0xF1, 0x19, 0x08, 0x41, 0xF6, 0x08, 0xF1, 0x64, 0x08, 0x41, 0xF1, 0x19, 0x08, 0x41, 0xF6
	.byte 0x08, 0xF1, 0x64, 0x08, 0x41, 0xF1, 0x19, 0x04, 0x41, 0xF1, 0x64, 0x08, 0x41, 0xF1, 0x19, 0x08
	.byte 0x41, 0xF6, 0x08, 0xF1, 0x64, 0x08, 0x42, 0xF1, 0x19, 0x08, 0x42, 0xF6, 0x08, 0xF1, 0x64, 0x08
	.byte 0x42, 0xF1, 0x19, 0x08, 0x42, 0xF6, 0x08, 0xF1, 0x64, 0x08, 0x42, 0xF1, 0x19, 0x08, 0x42, 0xF6
	.byte 0x08, 0xF1, 0x64, 0x08, 0x42, 0xF1, 0x19, 0x04, 0x42, 0xF1, 0x64, 0x08, 0x42, 0xF1, 0x19, 0x08
	.byte 0x42, 0xF6, 0x08, 0xF0, 0x09, 0xF1, 0x64, 0x0C, 0x38, 0x0A, 0x41, 0xF6, 0x02, 0x0A, 0x38, 0xF1
	.byte 0x19, 0x06, 0x38, 0xF6, 0x08, 0xF1, 0x64, 0x0C, 0x42, 0xF1, 0x19, 0x06, 0x42, 0xF6, 0x06, 0xF1
	.byte 0x64, 0x0A, 0x38, 0xF6, 0x02, 0x0E, 0x44, 0xF1, 0x19, 0x06, 0x44, 0xF6, 0x1C, 0xF0, 0x08, 0xF1
	.byte 0x64, 0x08, 0x42, 0xF1, 0x19, 0x08, 0x42, 0xF6, 0x08, 0xF1, 0x64, 0x08, 0x42, 0xF1, 0x19, 0x04
	.byte 0x42, 0xF1, 0x64, 0x08, 0x42, 0xF1, 0x19, 0x08, 0x42, 0xF6, 0x08, 0xF0, 0x09, 0xF1, 0x64, 0x0C
	.byte 0x38, 0x0A, 0x41, 0xF6, 0x02, 0x0A, 0x38, 0xF1, 0x19, 0x06, 0x38, 0xF6, 0x08, 0xF1, 0x64, 0x0C
	.byte 0x42, 0xF1, 0x19, 0x06, 0x42, 0xF6, 0x06, 0xF1, 0x64, 0x0A, 0x38, 0xF6, 0x02, 0x0E, 0x44, 0xF1
	.byte 0x19, 0x06, 0x44, 0xF6, 0x04, 0xF0, 0x08, 0xF1, 0x64, 0x08, 0x42, 0xF1, 0x19, 0x08, 0x42, 0xF6
	.byte 0x08, 0xF1, 0x64, 0x08, 0x42, 0xF1, 0x19, 0x08, 0x42, 0xF6, 0x08, 0xF1, 0x64, 0x08, 0x42, 0xF1
	.byte 0x19, 0x04, 0x42, 0xF1, 0x64, 0x08, 0x42, 0xF1, 0x19, 0x08, 0x42, 0xF6, 0x08, 0xF0, 0x09, 0xF1
	.byte 0x64, 0x0C, 0x38, 0x0A, 0x41, 0xF6, 0x02, 0x0A, 0x38, 0xF1, 0x19, 0x06, 0x38, 0xF6, 0x08, 0xF1
	.byte 0x64, 0x0C, 0x42, 0xF1, 0x19, 0x06, 0x42, 0xF6, 0x06, 0xF1, 0x64, 0x0A, 0x38, 0xF6, 0x02, 0x0E
	.byte 0x44, 0xF1, 0x19, 0x06, 0x44, 0xF6, 0x04, 0xF1, 0x64, 0x0A, 0x44, 0xF1, 0x19, 0x06, 0x44, 0xF6
	.byte 0x08, 0xF1, 0x64, 0x0A, 0x44, 0xF6, 0x02, 0x0A, 0x44, 0xF1, 0x19, 0x06, 0x44, 0xF6, 0x08, 0xF1
	.byte 0x64, 0x0A, 0x44, 0xF1, 0x19, 0x06, 0x44, 0xF6, 0x08, 0xF1, 0x64, 0x0C, 0x44, 0xF1, 0x19, 0x06
	.byte 0x44, 0xF6, 0x06, 0xF1, 0x64, 0x0A, 0x49, 0xF6, 0x02, 0x3C, 0x49, 0xF1, 0x19, 0x06, 0x49, 0xF6
	.byte 0x06, 0xF0, 0x08, 0xF1, 0x64, 0x08, 0x42, 0xF1, 0x19, 0x08, 0x42, 0xF6, 0x08, 0xF1, 0x64, 0x08
	.byte 0x42, 0xF1, 0x19, 0x08, 0x42, 0xF6, 0x08, 0xF1, 0x64, 0x08, 0x42, 0xF1, 0x19, 0x04, 0x42, 0xF1
	.byte 0x64, 0x08, 0x42, 0xF1, 0x19, 0x08, 0x42, 0xF6, 0x08, 0xF0, 0x0A, 0xF1, 0xB4, 0x09, 0x41, 0xF1
	.byte 0x28, 0x08, 0x41, 0xF6, 0x08, 0xF1, 0x64, 0x08, 0x41, 0xF1, 0x28, 0x08, 0x41, 0xF6, 0x08, 0xF1
	.byte 0x8C, 0x08, 0x41, 0xF1, 0x28, 0x04, 0x41, 0xF1, 0x64, 0x08, 0x41, 0xF1, 0x28, 0x08, 0x41, 0xF6
	.byte 0x08, 0xF1, 0x64, 0x08, 0x42, 0xF1, 0x28, 0x08, 0x42, 0xF6, 0x08, 0xF1, 0x64, 0x08, 0x42, 0xF1
	.byte 0x28, 0x08, 0x42, 0xF6, 0x08, 0xF1, 0x64, 0x08, 0x42, 0xF1, 0x28, 0x08, 0x42, 0xF6, 0x08, 0xF1
	.byte 0x8C, 0x08, 0x42, 0xF1, 0x28, 0x04, 0x42, 0xF1, 0x64, 0x08, 0x42, 0xF1, 0x28, 0x08, 0x42, 0xF6
	.byte 0x08, 0xF1, 0xB4, 0x08, 0x41, 0xF1, 0x28, 0x08, 0x41, 0xF6, 0x08, 0xF1, 0x64, 0x08, 0x41, 0xF1
	.byte 0x28, 0x08, 0x41, 0xF6, 0x08, 0xF1, 0x8C, 0x08, 0x41, 0xF1, 0x28, 0x04, 0x41, 0xF1, 0x64, 0x08
	.byte 0x41, 0xF1, 0x28, 0x08, 0x41, 0xF6, 0x08, 0xF1, 0x64, 0x08, 0x42, 0xF1, 0x28, 0x08, 0x42, 0xF6
	.byte 0x08, 0xF1, 0x64, 0x08, 0x42, 0xF1, 0x28, 0x08, 0x42, 0xF6, 0x08, 0xF1, 0x64, 0x08, 0x42, 0xF1
	.byte 0x28, 0x08, 0x42, 0xF6, 0x08, 0xF1, 0x8C, 0x08, 0x42, 0xF1, 0x28, 0x04, 0x42, 0xF1, 0x64, 0x08
	.byte 0x42, 0xF1, 0x28, 0x08, 0x42, 0xF6, 0x08, 0xF1, 0xB4, 0x08, 0x41, 0xF1, 0x28, 0x08, 0x41, 0xF6
	.byte 0x08, 0xF1, 0x64, 0x08, 0x41, 0xF1, 0x28, 0x08, 0x41, 0xF6, 0x08, 0xF1, 0x8C, 0x08, 0x41, 0xF1
	.byte 0x28, 0x04, 0x41, 0xF1, 0x64, 0x08, 0x41, 0xF1, 0x28, 0x08, 0x41, 0xF6, 0x08, 0xF1, 0x64, 0x08
	.byte 0x42, 0xF1, 0x28, 0x08, 0x42, 0xF6, 0x08, 0xF1, 0x64, 0x08, 0x42, 0xF1, 0x28, 0x08, 0x42, 0xF6
	.byte 0x08, 0xF1, 0x64, 0x08, 0x42, 0xF1, 0x28, 0x08, 0x42, 0xF6, 0x08, 0xF1, 0x8C, 0x08, 0x42, 0xF1
	.byte 0x28, 0x04, 0x42, 0xF1, 0x64, 0x08, 0x42, 0xF1, 0x28, 0x08, 0x42, 0xF6, 0x08, 0xF1, 0xB4, 0x08
	.byte 0x41, 0xF1, 0x28, 0x08, 0x41, 0xF6, 0x08, 0xF1, 0x64, 0x08, 0x41, 0xF1, 0x28, 0x08, 0x41, 0xF6
	.byte 0x08, 0xF1, 0x8C, 0x08, 0x41, 0xF1, 0x28, 0x04, 0x41, 0xF1, 0x64, 0x08, 0x41, 0xF1, 0x28, 0x08
	.byte 0x41, 0xF6, 0x08, 0xF1, 0x64, 0x08, 0x42, 0xF1, 0x28, 0x08, 0x42, 0xF6, 0x08, 0xF1, 0x64, 0x08
	.byte 0x42, 0xF1, 0x28, 0x08, 0x42, 0xF6, 0x08, 0xF1, 0x64, 0x08, 0x42, 0xF1, 0x28, 0x08, 0x42, 0xF6
	.byte 0x08, 0xF1, 0x8C, 0x08, 0x42, 0xF1, 0x28, 0x04, 0x42, 0xF1, 0x64, 0x08, 0x42, 0xF1, 0x28, 0x08
	.byte 0x42, 0xF6, 0x07, 0xF0, 0x09, 0xF1, 0x64, 0x0C, 0x38, 0x0A, 0x41, 0xF6, 0x02, 0x0A, 0x38, 0xF1
	.byte 0x19, 0x06, 0x38, 0xF6, 0x08, 0xF1, 0x64, 0x0C, 0x42, 0xF1, 0x19, 0x06, 0x42, 0xF6, 0x06, 0xF1
	.byte 0x64, 0x0A, 0x38, 0xF6, 0x02, 0x0E, 0x44, 0xF1, 0x19, 0x06, 0x44, 0xF6, 0x1C, 0xF0, 0x08, 0xF1
	.byte 0x64, 0x08, 0x42, 0xF1, 0x19, 0x08, 0x42, 0xF6, 0x08, 0xF1, 0x64, 0x08, 0x42, 0xF1, 0x19, 0x04
	.byte 0x42, 0xF1, 0x64, 0x08, 0x42, 0xF1, 0x19, 0x08, 0x42, 0xF6, 0x08, 0xF0, 0x09, 0xF1, 0x64, 0x0C
	.byte 0x38, 0x0A, 0x41, 0xF6, 0x02, 0x0A, 0x38, 0xF1, 0x19, 0x06, 0x38, 0xF6, 0x08, 0xF1, 0x64, 0x0C
	.byte 0x42, 0xF1, 0x19, 0x06, 0x42, 0xF6, 0x06, 0xF1, 0x64, 0x0A, 0x38, 0xF6, 0x02, 0x0E, 0x44, 0xF1
	.byte 0x19, 0x06, 0x44, 0xF6, 0x04, 0xF0, 0x08, 0xF1, 0x64, 0x08, 0x42, 0xF1, 0x19, 0x08, 0x42, 0xF6
	.byte 0x08, 0xF1, 0x64, 0x08, 0x42, 0xF1, 0x19, 0x08, 0x42, 0xF6, 0x08, 0xF1, 0x64, 0x08, 0x42, 0xF1
	.byte 0x19, 0x04, 0x42, 0xF1, 0x64, 0x08, 0x42, 0xF1, 0x19, 0x08, 0x42, 0xF6, 0x08, 0xF0, 0x09, 0xF1
	.byte 0x64, 0x0C, 0x38, 0x0A, 0x41, 0xF6, 0x02, 0x0A, 0x38, 0xF1, 0x19, 0x06, 0x38, 0xF6, 0x08, 0xF1
	.byte 0x64, 0x0C, 0x42, 0xF1, 0x19, 0x06, 0x42, 0xF6, 0x06, 0xF1, 0x64, 0x0A, 0x38, 0xF6, 0x02, 0x0E
	.byte 0x44, 0xF1, 0x19, 0x06, 0x44, 0xF6, 0x04, 0xF1, 0x64, 0x0A, 0x44, 0xF1, 0x19, 0x06, 0x44, 0xF6
	.byte 0x08, 0xF1, 0x64, 0x0A, 0x44, 0xF6, 0x02, 0x0A, 0x42, 0xF1, 0x19, 0x06, 0x42, 0xF6, 0x08, 0xF1
	.byte 0x64, 0x0A, 0x3F, 0xF1, 0x19, 0x06, 0x3F, 0xF6, 0x08, 0xF1, 0x64, 0x0C, 0x41, 0xF1, 0x19, 0x06
	.byte 0x41, 0xF6, 0x06, 0xF1, 0x64, 0x0A, 0x3D, 0xF6, 0x02, 0x3C, 0x38, 0xF1, 0x19, 0x06, 0x38, 0xF6
	.byte 0x06, 0xF0, 0x08, 0xF1, 0x64, 0x08, 0x42, 0xF1, 0x19, 0x08, 0x42, 0xF6, 0x08, 0xF1, 0x64, 0x08
	.byte 0x42, 0xF1, 0x19, 0x08, 0x42, 0xF6, 0x08, 0xF1, 0x64, 0x08, 0x42, 0xF1, 0x19, 0x04, 0x42, 0xF1
	.byte 0x64, 0x08, 0x42, 0xF1, 0x19, 0x08, 0x42, 0xF6, 0x08, 0xF1, 0x64, 0x08, 0x41, 0xF1, 0x19, 0x08
	.byte 0x41, 0xF6, 0x08, 0xF1, 0x64, 0x08, 0x41, 0xF1, 0x19, 0x08, 0x41, 0xF6, 0x08, 0xF1, 0x64, 0x08
	.byte 0x41, 0xF1, 0x19, 0x04, 0x41, 0xF1, 0x64, 0x08, 0x41, 0xF1, 0x19, 0x08, 0x41, 0xF6, 0x08, 0xF1
	.byte 0x64, 0x08, 0x42, 0xF1, 0x19, 0x08, 0x42, 0xF6, 0x08, 0xF1, 0x64, 0x08, 0x42, 0xF1, 0x19, 0x08
	.byte 0x42, 0xF1, 0x64, 0xF6, 0x08, 0x08, 0x42, 0xF1, 0x19, 0x08, 0x42, 0xF6, 0x08, 0xF1, 0x64, 0x08
	.byte 0x42, 0xF1, 0x19, 0x04, 0x42, 0xF1, 0x64, 0x08, 0x42, 0xF1, 0x19, 0x08, 0x42, 0xF6, 0x08, 0xF1
	.byte 0x64, 0x08, 0x41, 0xF1, 0x19, 0x08, 0x41, 0xF6, 0x08, 0xF1, 0x64, 0x08, 0x41, 0xF1, 0x19, 0x08
	.byte 0x41, 0xF6, 0x08, 0xF1, 0x64, 0x08, 0x41, 0xF1, 0x19, 0x04, 0x41, 0xF1, 0x64, 0x08, 0x41, 0xF1
	.byte 0x19, 0x08, 0x41, 0xF6, 0x08, 0xF1, 0x64, 0x08, 0x42, 0xF1, 0x19, 0x08, 0x42, 0xF6, 0x08, 0xF1
	.byte 0x64, 0x08, 0x42, 0xF1, 0x19, 0x08, 0x42, 0xF6, 0x08, 0xF1, 0x64, 0x08, 0x42, 0xF1, 0x19, 0x08
	.byte 0x42, 0xF6, 0x08, 0xF1, 0x64, 0x08, 0x42, 0xF1, 0x19, 0x04, 0x42, 0xF1, 0x64, 0x08, 0x42, 0xF1
	.byte 0x19, 0x08, 0x42, 0xF6, 0x08, 0xF8, 0x81, 0xF8, 0xF9, 0x8A, 0xF2, 0xA0, 0xF0, 0x0B, 0xF1, 0x78
	.byte 0x08, 0x25, 0xF6, 0x04, 0x08, 0x25, 0xF6, 0x04, 0x06, 0x31, 0xF6, 0x06, 0x06, 0x31, 0xF6, 0x06
	.byte 0x0C, 0x3D, 0x0C, 0x3D, 0x0C, 0x49, 0x04, 0x49, 0xF1, 0x28, 0x04, 0x49, 0xF6, 0x64, 0xF1, 0x78
	.byte 0x08, 0x23, 0xF6, 0x04, 0x08, 0x23, 0xF6, 0x04, 0x06, 0x2F, 0xF6, 0x06, 0x06, 0x2F, 0xF6, 0x06
	.byte 0x0C, 0x3B, 0x0C, 0x3B, 0x0C, 0x47, 0x04, 0x47, 0xF1, 0x28, 0x04, 0x47, 0xF6, 0x64, 0xF1, 0x78
	.byte 0x08, 0x25, 0xF6, 0x04, 0x08, 0x25, 0xF6, 0x04, 0x06, 0x31, 0xF6, 0x06, 0x06, 0x31, 0xF6, 0x06
	.byte 0x0C, 0x3D, 0x0C, 0x3D, 0x0C, 0x49, 0x04, 0x49, 0xF1, 0x28, 0x04, 0x49, 0xF6, 0x64, 0xF1, 0x78
	.byte 0x08, 0x25, 0xF6, 0x04, 0x08, 0x25, 0xF6, 0x04, 0x06, 0x31, 0xF6, 0x06, 0x06, 0x31, 0xF6, 0x06
	.byte 0x0C, 0x3D, 0x0C, 0x3D, 0x0C, 0x49, 0x04, 0x49, 0xF1, 0x28, 0x04, 0x49, 0xF6, 0x64, 0xF6, 0xC0
	.byte 0xF6, 0xC0, 0xF6, 0xC0, 0xF6, 0xC0, 0xF1, 0x78, 0x08, 0x25, 0xF6, 0x04, 0x08, 0x25, 0xF6, 0x04
	.byte 0x06, 0x31, 0xF6, 0x06, 0x06, 0x31, 0xF6, 0x06, 0x0C, 0x3D, 0x0C, 0x3D, 0x0C, 0x49, 0x04, 0x49
	.byte 0xF1, 0x28, 0x04, 0x49, 0xF6, 0x64, 0xF1, 0x78, 0x08, 0x25, 0xF6, 0x04, 0x08, 0x25, 0xF6, 0x04
	.byte 0x06, 0x31, 0xF6, 0x06, 0x06, 0x31, 0xF6, 0x06, 0x0C, 0x3D, 0x0C, 0x3D, 0x0C, 0x49, 0x04, 0x49
	.byte 0xF1, 0x28, 0x04, 0x49, 0xF6, 0x64, 0xF1, 0x78, 0x08, 0x25, 0xF6, 0x04, 0x08, 0x25, 0xF6, 0x04
	.byte 0x06, 0x31, 0xF6, 0x06, 0x06, 0x31, 0xF6, 0x06, 0x0C, 0x3D, 0x0C, 0x3D, 0x0C, 0x49, 0x04, 0x49
	.byte 0xF1, 0x28, 0x04, 0x49, 0xF6, 0x64, 0xF1, 0x78, 0x08, 0x25, 0xF6, 0x04, 0x08, 0x25, 0xF6, 0x04
	.byte 0x06, 0x31, 0xF6, 0x06, 0x06, 0x31, 0xF6, 0x06, 0x0C, 0x3D, 0x0C, 0x3D, 0x0C, 0x49, 0x04, 0x49
	.byte 0xF1, 0x28, 0x04, 0x49, 0xF6, 0x64, 0xF6, 0xC0, 0xF6, 0xC0, 0xF6, 0xC0, 0xF6, 0xC0, 0xF1, 0x78
	.byte 0x08, 0x25, 0xF6, 0x04, 0x08, 0x25, 0xF6, 0x04, 0x06, 0x31, 0xF6, 0x06, 0x06, 0x31, 0xF6, 0x06
	.byte 0x0C, 0x3D, 0x0C, 0x3D, 0x0C, 0x49, 0x04, 0x49, 0xF1, 0x28, 0x04, 0x49, 0xF6, 0x64, 0xF1, 0x78
	.byte 0xF6, 0x90, 0x08, 0x25, 0xF6, 0x04, 0x08, 0x25, 0xF6, 0x04, 0x06, 0x31, 0xF6, 0x06, 0x06, 0x31
	.byte 0xF1, 0x28, 0x06, 0x31, 0xF1, 0x78, 0x08, 0x25, 0xF6, 0x04, 0x08, 0x25, 0xF6, 0x04, 0x06, 0x31
	.byte 0xF6, 0x06, 0x06, 0x31, 0xF6, 0x06, 0x0C, 0x3D, 0x0C, 0x3D, 0x0C, 0x49, 0x04, 0x49, 0xF1, 0x28
	.byte 0x04, 0x49, 0xF6, 0x64, 0xF1, 0x78, 0xF6, 0x90, 0x08, 0x25, 0xF6, 0x04, 0x08, 0x25, 0xF6, 0x04
	.byte 0x06, 0x31, 0xF6, 0x06, 0x06, 0x31, 0xF1, 0x28, 0x06, 0x31, 0xF1, 0x78, 0x08, 0x25, 0xF6, 0x04
	.byte 0x08, 0x25, 0xF6, 0x04, 0x06, 0x31, 0xF6, 0x06, 0x06, 0x31, 0xF6, 0x06, 0x0C, 0x3D, 0x0C, 0x3D
	.byte 0x0C, 0x49, 0x04, 0x49, 0xF1, 0x28, 0x04, 0x49, 0xF6, 0x64, 0xF1, 0x78, 0x08, 0x25, 0xF6, 0x04
	.byte 0x08, 0x25, 0xF6, 0x04, 0x06, 0x31, 0xF6, 0x06, 0x06, 0x31, 0xF6, 0x06, 0x0C, 0x3D, 0x0C, 0x3D
	.byte 0x0C, 0x49, 0x04, 0x49, 0xF6, 0x38, 0x08, 0x25, 0xF6, 0x04, 0x08, 0x25, 0xF6, 0x04, 0x06, 0x31
	.byte 0xF6, 0x06, 0x06, 0x31, 0xF1, 0x28, 0x06, 0x31, 0xF1, 0x78, 0x08, 0x25, 0xF6, 0x04, 0x08, 0x25
	.byte 0xF6, 0x04, 0x06, 0x31, 0xF6, 0x06, 0x06, 0x31, 0xF6, 0x06, 0x0C, 0x3D, 0x0C, 0x3D, 0x0C, 0x49
	.byte 0x04, 0x49, 0xF1, 0x28, 0x04, 0x49, 0xF6, 0x64, 0xF1, 0x78, 0xF6, 0x90, 0x08, 0x25, 0xF6, 0x04
	.byte 0x08, 0x25, 0xF6, 0x04, 0x06, 0x31, 0xF6, 0x06, 0x06, 0x31, 0xF1, 0x28, 0x06, 0x31, 0xF1, 0x78
	.byte 0x08, 0x25, 0xF6, 0x04, 0x08, 0x25, 0xF6, 0x04, 0x06, 0x31, 0xF6, 0x06, 0x06, 0x31, 0xF6, 0x06
	.byte 0x0C, 0x3D, 0x0C, 0x3D, 0x0C, 0x49, 0x04, 0x49, 0xF1, 0x28, 0x04, 0x49, 0xF6, 0x64, 0xF1, 0x78
	.byte 0x08, 0x25, 0xF6, 0x04, 0x08, 0x25, 0xF6, 0x04, 0x06, 0x31, 0xF6, 0x06, 0x06, 0x31, 0xF6, 0x06
	.byte 0x0C, 0x3D, 0x0C, 0x3D, 0x0C, 0x49, 0x04, 0x49, 0xF1, 0x28, 0x04, 0x49, 0xF6, 0x64, 0xF8, 0xFD
	.byte 0xFD, 0xF9, 0x8A, 0xF0, 0x27, 0xF1, 0xC8, 0xF2, 0x7D, 0x24, 0x3D, 0x24, 0x31, 0x18, 0x38, 0x00
	.byte 0xBD, 0x60, 0x24, 0x3D, 0x24, 0x2F, 0x18, 0x36, 0x60, 0x3B, 0x24, 0x3D, 0x24, 0x31, 0x30, 0x38
	.byte 0x0C, 0x36, 0x0C, 0x2A, 0x18, 0x36, 0x18, 0x3B, 0x24, 0x31, 0x24, 0x3D, 0x30, 0x38, 0x0C, 0x36
	.byte 0x0C, 0x2F, 0x18, 0x36, 0x18, 0x2A, 0x24, 0x3D, 0x24, 0x31, 0x30, 0x38, 0x0C, 0x36, 0x0C, 0x2A
	.byte 0x18, 0x36, 0x18, 0x3B, 0x24, 0x31, 0x24, 0x3D, 0x30, 0x38, 0x0C, 0x36, 0x0C, 0x2F, 0x18, 0x36
	.byte 0x18, 0x2A, 0x24, 0x3D, 0x24, 0x31, 0x30, 0x38, 0x0C, 0x36, 0x0C, 0x2A, 0x18, 0x36, 0x18, 0x3B
	.byte 0x24, 0x31, 0x24, 0x3D, 0x30, 0x38, 0x0C, 0x36, 0x0C, 0x2F, 0x18, 0x36, 0x18, 0x2A, 0x24, 0x3D
	.byte 0x24, 0x31, 0x30, 0x38, 0x0C, 0x36, 0x0C, 0x2A, 0x18, 0x36, 0x18, 0x3B, 0x24, 0x31, 0x24, 0x3D
	.byte 0x30, 0x38, 0x0C, 0x36, 0x0C, 0x2F, 0x18, 0x36, 0x18, 0x2A, 0x24, 0x3D, 0x24, 0x31, 0x30, 0x38
	.byte 0x0C, 0x36, 0x0C, 0x2A, 0x18, 0x36, 0x18, 0x3B, 0x24, 0x31, 0x24, 0x3D, 0x30, 0x38, 0x0C, 0x36
	.byte 0x0C, 0x2F, 0x18, 0x36, 0x18, 0x2A, 0x24, 0x3D, 0x24, 0x31, 0x30, 0x38, 0x0C, 0x36, 0x0C, 0x2A
	.byte 0x18, 0x36, 0x18, 0x3B, 0x24, 0x31, 0x24, 0x3D, 0x30, 0x38, 0x0C, 0x36, 0x0C, 0x2F, 0x18, 0x36
	.byte 0x18, 0x2A, 0x24, 0x3D, 0x24, 0x31, 0x30, 0x38, 0x0C, 0x36, 0x0C, 0x2A, 0x18, 0x36, 0x18, 0x3B
	.byte 0x24, 0x31, 0x24, 0x3D, 0x30, 0x38, 0x0C, 0x36, 0x0C, 0x2F, 0x18, 0x36, 0x18, 0x2A, 0x00, 0xB1
	.byte 0xC0, 0x90, 0x31, 0xF6, 0x0C, 0x24, 0x31, 0x00, 0xB1, 0xC0, 0x90, 0x31, 0xF6, 0x0C, 0x24, 0x31
	.byte 0x00, 0xB1, 0xC0, 0x90, 0x31, 0xF6, 0x0C, 0x24, 0x31, 0x00, 0xB1, 0xC0, 0x24, 0x31, 0x24, 0x3D
	.byte 0x30, 0x38, 0x0C, 0x36, 0x0C, 0x2F, 0x18, 0x36, 0x18, 0x2A, 0x24, 0x3D, 0x24, 0x31, 0x30, 0x38
	.byte 0x0C, 0x36, 0x0C, 0x2A, 0x18, 0x36, 0x18, 0x3B, 0x24, 0x31, 0x24, 0x3D, 0x30, 0x38, 0x0C, 0x36
	.byte 0x0C, 0x2F, 0x18, 0x36, 0x18, 0x2A, 0xF8, 0xF1, 0xFE, 0xF9, 0x8A, 0xF0, 0x07, 0xF1, 0xC8, 0xF2
	.byte 0x7D, 0x18, 0x24, 0xF6, 0x18, 0x18, 0x24, 0xF6, 0x18, 0x18, 0x24, 0xF6, 0x18, 0x18, 0x24, 0xF6
	.byte 0x18, 0x18, 0x24, 0xF6, 0x18, 0x18, 0x24, 0xF6, 0x18, 0x18, 0x24, 0xF6, 0x18, 0x18, 0x24, 0x18
	.byte 0x24, 0x18, 0x24, 0xF6, 0x18, 0x18, 0x24, 0xF6, 0x18, 0x18, 0x24, 0xF6, 0x18, 0x18, 0x24, 0xF6
	.byte 0x18, 0x18, 0x24, 0xF6, 0x18, 0x18, 0x24, 0xF6, 0x18, 0x18, 0x24, 0xF6, 0x18, 0x18, 0x24, 0x18
	.byte 0x24, 0x18, 0x24, 0xF6, 0x18, 0x18, 0x24, 0xF6, 0x18, 0x18, 0x24, 0xF6, 0x18, 0x18, 0x24, 0xF6
	.byte 0x18, 0x18, 0x24, 0xF6, 0x18, 0x18, 0x24, 0xF6, 0x18, 0x18, 0x24, 0xF6, 0x18, 0x18, 0x24, 0x18
	.byte 0x24, 0x18, 0x24, 0xF6, 0x18, 0x18, 0x24, 0xF6, 0x18, 0x18, 0x24, 0xF6, 0x18, 0x18, 0x24, 0xF6
	.byte 0x18, 0x18, 0x24, 0xF6, 0x18, 0x18, 0x24, 0xF6, 0x18, 0x18, 0x24, 0xF6, 0x18, 0x18, 0x24, 0x18
	.byte 0x24, 0x18, 0x24, 0xF6, 0x18, 0x18, 0x24, 0xF6, 0x18, 0x18, 0x24, 0xF6, 0x18, 0x18, 0x24, 0xF6
	.byte 0x18, 0x18, 0x24, 0xF6, 0x18, 0x18, 0x24, 0xF6, 0x18, 0x18, 0x24, 0xF6, 0x18, 0x18, 0x24, 0x18
	.byte 0x24, 0x18, 0x24, 0xF6, 0x18, 0x18, 0x24, 0xF6, 0x18, 0x18, 0x24, 0xF6, 0x18, 0x18, 0x24, 0xF6
	.byte 0x18, 0x18, 0x24, 0xF6, 0x18, 0x18, 0x24, 0xF6, 0x18, 0x18, 0x24, 0xF6, 0x18, 0x18, 0x24, 0x18
	.byte 0x24, 0x18, 0x24, 0xF6, 0x18, 0x18, 0x24, 0xF6, 0x18, 0x18, 0x24, 0xF6, 0x18, 0x18, 0x24, 0xF6
	.byte 0x18, 0x18, 0x24, 0xF6, 0x18, 0x18, 0x24, 0xF6, 0x18, 0x18, 0x24, 0xF6, 0x18, 0x18, 0x24, 0x18
	.byte 0x24, 0x18, 0x24, 0xF6, 0x18, 0x18, 0x24, 0xF6, 0x18, 0x18, 0x24, 0xF6, 0x18, 0x18, 0x24, 0xF6
	.byte 0x18, 0x18, 0x24, 0xF6, 0x18, 0x18, 0x24, 0xF6, 0x18, 0x18, 0x24, 0xF6, 0x18, 0x18, 0x24, 0x18
	.byte 0x24, 0x18, 0x24, 0xF6, 0x18, 0x18, 0x24, 0xF6, 0x18, 0x18, 0x24, 0xF6, 0x18, 0x18, 0x24, 0xF6
	.byte 0x18, 0x18, 0x24, 0xF6, 0x18, 0x18, 0x24, 0xF6, 0x18, 0x18, 0x24, 0xF6, 0x18, 0x18, 0x24, 0x18
	.byte 0x24, 0x18, 0x24, 0xF6, 0x18, 0x18, 0x24, 0xF6, 0x18, 0x18, 0x24, 0xF6, 0x18, 0x18, 0x24, 0xF6
	.byte 0x18, 0x18, 0x24, 0xF6, 0x18, 0x18, 0x24, 0xF6, 0x18, 0x18, 0x24, 0xF6, 0x18, 0x18, 0x24, 0x18
	.byte 0x24, 0x18, 0x24, 0xF6, 0x18, 0x18, 0x24, 0xF6, 0x18, 0x18, 0x24, 0xF6, 0x18, 0x18, 0x24, 0xF6
	.byte 0x18, 0x18, 0x24, 0xF6, 0x18, 0x18, 0x24, 0xF6, 0x18, 0x18, 0x24, 0xF6, 0x18, 0x18, 0x24, 0x18
	.byte 0x24, 0x18, 0x24, 0xF6, 0x18, 0x18, 0x24, 0xF6, 0x18, 0x18, 0x24, 0xF6, 0x18, 0x18, 0x24, 0xF6
	.byte 0x18, 0x18, 0x24, 0xF6, 0x18, 0x18, 0x24, 0xF6, 0x18, 0x18, 0x24, 0xF6, 0x18, 0x18, 0x24, 0x18
	.byte 0x24, 0x18, 0x24, 0xF6, 0x18, 0x18, 0x24, 0xF6, 0x18, 0x18, 0x24, 0xF6, 0x18, 0x18, 0x24, 0xF6
	.byte 0x18, 0x18, 0x24, 0xF6, 0x18, 0x18, 0x24, 0xF6, 0x18, 0x18, 0x24, 0xF6, 0x18, 0x18, 0x24, 0x18
	.byte 0x24, 0xF8, 0x7D, 0xFE, 0xF9, 0x8A, 0xF6, 0xC0, 0xF6, 0xC0, 0xF0, 0x00, 0xF1, 0x3C, 0xF2, 0x8C
	.byte 0xF6, 0x01, 0x0C, 0x2C, 0x0C, 0x2C, 0xF6, 0x0C, 0x0C, 0x2C, 0xF1, 0xC8, 0x0C, 0x29, 0xF6, 0x0C
	.byte 0xF1, 0x3C, 0x0C, 0x2C, 0x0C, 0x2C, 0xF6, 0x0C, 0x0C, 0x2C, 0x0C, 0x2C, 0xF6, 0x0C, 0xF1, 0xC8
	.byte 0x0C, 0x29, 0xF6, 0x0C, 0xF1, 0x3C, 0x0C, 0x2C, 0x0C, 0x2C, 0xF6, 0x0C, 0x0C, 0x2C, 0xF6, 0x0C
	.byte 0x0C, 0x2C, 0xF1, 0xC8, 0x0C, 0x29, 0xF6, 0x0C, 0xF1, 0x3C, 0x0C, 0x2C, 0x0C, 0x2C, 0xF6, 0x0C
	.byte 0x0C, 0x2C, 0x0C, 0x2C, 0xF6, 0x0C, 0xF1, 0xC8, 0x0C, 0x29, 0xF6, 0x0C, 0xF1, 0x3C, 0x0C, 0x2C
	.byte 0x0C, 0x2C, 0x0C, 0x2C, 0x0C, 0x2C, 0xF6, 0x0C, 0x0C, 0x2C, 0xF1, 0xC8, 0x0C, 0x29, 0xF6, 0x0C
	.byte 0xF1, 0x3C, 0x0C, 0x2C, 0x0C, 0x2C, 0xF6, 0x0C, 0x0C, 0x2C, 0x0C, 0x2C, 0xF6, 0x0C, 0xF1, 0xC8
	.byte 0x0C, 0x29, 0xF6, 0x0C, 0xF1, 0x3C, 0x0C, 0x2C, 0x0C, 0x2C, 0xF6, 0x0C, 0x0C, 0x2C, 0xF6, 0x0C
	.byte 0x0C, 0x2C, 0xF1, 0xC8, 0x0C, 0x29, 0xF6, 0x0C, 0xF1, 0x3C, 0x0C, 0x2C, 0x0C, 0x2C, 0xF6, 0x0C
	.byte 0x0C, 0x2C, 0x0C, 0x2C, 0xF6, 0x0C, 0xF1, 0xC8, 0x0C, 0x29, 0xF6, 0x0C, 0xF1, 0x3C, 0x0C, 0x2C
	.byte 0x0C, 0x2C, 0x0C, 0x2C, 0x0C, 0x2C, 0xF6, 0x0C, 0x0C, 0x2C, 0xF1, 0xC8, 0x0C, 0x29, 0xF6, 0x0C
	.byte 0xF1, 0x3C, 0x0C, 0x2C, 0x0C, 0x2C, 0xF6, 0x0C, 0x0C, 0x2C, 0x0C, 0x2C, 0xF6, 0x0C, 0xF1, 0xC8
	.byte 0x0C, 0x29, 0xF6, 0x0C, 0xF1, 0x3C, 0x0C, 0x2C, 0x0C, 0x2C, 0xF6, 0x0C, 0x0C, 0x2C, 0xF6, 0x0C
	.byte 0x0C, 0x2C, 0xF1, 0xC8, 0x0C, 0x29, 0xF6, 0x0C, 0xF1, 0x3C, 0x0C, 0x2C, 0x0C, 0x2C, 0xF6, 0x0C
	.byte 0x0C, 0x2C, 0x0C, 0x2C, 0xF6, 0x0C, 0xF1, 0xC8, 0x0C, 0x29, 0xF6, 0x0C, 0xF1, 0x3C, 0x0C, 0x2C
	.byte 0x0C, 0x2C, 0x0C, 0x2C, 0x0C, 0x2C, 0xF6, 0x0C, 0x0C, 0x2C, 0xF1, 0xC8, 0x0C, 0x29, 0xF6, 0x0C
	.byte 0xF1, 0x3C, 0x0C, 0x2C, 0x0C, 0x2C, 0xF6, 0x0C, 0x0C, 0x2C, 0x0C, 0x2C, 0xF6, 0x0C, 0xF1, 0xC8
	.byte 0x0C, 0x29, 0xF6, 0x0C, 0xF1, 0x3C, 0x0C, 0x2C, 0x0C, 0x2C, 0xF6, 0x0C, 0x0C, 0x2C, 0xF6, 0x0C
	.byte 0x0C, 0x2C, 0xF1, 0xC8, 0x0C, 0x29, 0xF6, 0x0C, 0xF1, 0x3C, 0x0C, 0x2C, 0x0C, 0x2C, 0xF6, 0x0C
	.byte 0x0C, 0x2C, 0x0C, 0x2C, 0xF6, 0x0C, 0xF1, 0xC8, 0x0C, 0x29, 0xF6, 0x0C, 0xF1, 0x3C, 0x0C, 0x2C
	.byte 0x0C, 0x2C, 0x0C, 0x2C, 0x0C, 0x2C, 0xF6, 0x0C, 0x0C, 0x2C, 0xF1, 0xC8, 0x0C, 0x29, 0xF6, 0x0C
	.byte 0xF1, 0x3C, 0x0C, 0x2C, 0x0C, 0x2C, 0xF6, 0x0C, 0x0C, 0x2C, 0x0C, 0x2C, 0xF6, 0x0C, 0xF1, 0xC8
	.byte 0x0C, 0x29, 0xF6, 0x0C, 0xF1, 0x3C, 0x0C, 0x2C, 0x0C, 0x2C, 0xF6, 0x0C, 0x0C, 0x2C, 0xF6, 0x0C
	.byte 0x0C, 0x2C, 0xF1, 0xC8, 0x0C, 0x29, 0xF6, 0x0C, 0xF1, 0x3C, 0x0C, 0x2C, 0x0C, 0x2C, 0xF6, 0x0C
	.byte 0x0C, 0x2C, 0x0C, 0x2C, 0xF6, 0x0C, 0xF1, 0xC8, 0x0C, 0x29, 0xF6, 0x0C, 0xF1, 0x3C, 0x0C, 0x2C
	.byte 0x0C, 0x2C, 0x0C, 0x2C, 0x0C, 0x2C, 0xF6, 0x0C, 0x0C, 0x2C, 0xF1, 0xC8, 0x0C, 0x29, 0xF6, 0x0C
	.byte 0xF1, 0x3C, 0x0C, 0x2C, 0x0C, 0x2C, 0xF6, 0x0C, 0x0C, 0x2C, 0x0C, 0x2C, 0xF6, 0x0C, 0xF1, 0xC8
	.byte 0x0C, 0x29, 0xF6, 0x0C, 0xF1, 0x3C, 0x0C, 0x2C, 0x0C, 0x2C, 0xF6, 0x0C, 0x0C, 0x2C, 0xF6, 0x0C
	.byte 0x0C, 0x2C, 0xF1, 0xC8, 0x0C, 0x29, 0xF6, 0x0C, 0xF1, 0x3C, 0x0C, 0x2C, 0x0C, 0x2C, 0xF6, 0x0C
	.byte 0x0C, 0x2C, 0x0C, 0x2C, 0xF6, 0x0C, 0xF1, 0xC8, 0x0C, 0x29, 0xF6, 0x0C, 0xF1, 0x3C, 0x0C, 0x2C
	.byte 0x0C, 0x2C, 0x0C, 0x2C, 0x0C, 0x2C, 0xF6, 0x0C, 0x0C, 0x2C, 0xF1, 0xC8, 0x0C, 0x29, 0xF6, 0x0C
	.byte 0xF1, 0x3C, 0x0C, 0x2C, 0x0C, 0x2C, 0xF6, 0x0C, 0x0C, 0x2C, 0x0C, 0x2C, 0xF6, 0x0C, 0xF1, 0xC8
	.byte 0x0C, 0x29, 0xF6, 0x0C, 0xF1, 0x3C, 0x0C, 0x2C, 0x0C, 0x2C, 0xF6, 0x0C, 0x0C, 0x2C, 0xF6, 0x0C
	.byte 0x0C, 0x2C, 0xF1, 0xC8, 0x0C, 0x29, 0xF6, 0x0C, 0xF1, 0x3C, 0x0C, 0x2C, 0x0C, 0x2C, 0xF6, 0x0C
	.byte 0x0C, 0x2C, 0x0C, 0x2C, 0xF6, 0x0C, 0xF1, 0xC8, 0x0C, 0x29, 0xF6, 0x0C, 0xF1, 0x3C, 0x0C, 0x2C
	.byte 0x0C, 0x2C, 0x0C, 0x2C, 0x0C, 0x2C, 0xF6, 0x0C, 0x0C, 0x2C, 0xF1, 0xC8, 0x0C, 0x29, 0xF6, 0x0C
	.byte 0xF1, 0x3C, 0x0C, 0x2C, 0x0C, 0x2C, 0xF6, 0x0C, 0x0C, 0x2C, 0x0C, 0x2C, 0xF6, 0x0C, 0xF1, 0xC8
	.byte 0x0C, 0x29, 0xF6, 0x0C, 0xF1, 0x3C, 0x0C, 0x2C, 0x0C, 0x2C, 0xF6, 0x0C, 0x0C, 0x2C, 0xF6, 0x0C
	.byte 0x0C, 0x2C, 0xF1, 0xC8, 0x0C, 0x29, 0xF6, 0x0C, 0xF1, 0x3C, 0x0C, 0x2C, 0x0C, 0x2C, 0xF6, 0x0C
	.byte 0x0C, 0x2C, 0x0C, 0x2C, 0xF6, 0x0C, 0xF1, 0xC8, 0x0C, 0x29, 0xF6, 0x0C, 0xF1, 0x3C, 0x0C, 0x2C
	.byte 0x0C, 0x2C, 0x0C, 0x2C, 0x0C, 0x2C, 0xF6, 0x0C, 0x0C, 0x2C, 0xF1, 0xC8, 0x0C, 0x29, 0xF6, 0x0C
	.byte 0xF1, 0x3C, 0x0C, 0x2C, 0x0C, 0x2C, 0xF6, 0x0C, 0x0C, 0x2C, 0x0C, 0x2C, 0xF6, 0x0C, 0xF1, 0xC8
	.byte 0x0C, 0x29, 0xF6, 0x0C, 0xF1, 0x3C, 0x0C, 0x2C, 0x0C, 0x2C, 0xF6, 0x0C, 0x0C, 0x2C, 0xF6, 0x0C
	.byte 0x0C, 0x2C, 0xF1, 0xC8, 0x0C, 0x29, 0xF6, 0x0C, 0xF1, 0x3C, 0x0C, 0x2C, 0x0C, 0x2C, 0xF6, 0x0C
	.byte 0x0C, 0x2C, 0x0C, 0x2C, 0xF6, 0x0C, 0xF1, 0xC8, 0x0C, 0x29, 0xF6, 0x0C, 0xF1, 0x3C, 0x0C, 0x2C
	.byte 0x0C, 0x2C, 0x0C, 0x2C, 0x0C, 0x2C, 0xF6, 0x0C, 0x0C, 0x2C, 0xF1, 0xC8, 0x0C, 0x29, 0xF6, 0x0C
	.byte 0xF1, 0x3C, 0x0C, 0x2C, 0x0C, 0x2C, 0xF6, 0x0C, 0x0C, 0x2C, 0x0C, 0x2C, 0xF6, 0x0C, 0xF1, 0xC8
	.byte 0x0C, 0x29, 0xF6, 0x0C, 0xF1, 0x3C, 0x0C, 0x2C, 0x0C, 0x2C, 0xF6, 0x0C, 0x0C, 0x2C, 0xF6, 0x0C
	.byte 0x0C, 0x2C, 0xF1, 0xC8, 0x0C, 0x29, 0xF6, 0x0C, 0xF1, 0x3C, 0x0C, 0x2C, 0x0C, 0x2C, 0xF6, 0x0C
	.byte 0x0C, 0x2C, 0x0C, 0x2C, 0xF6, 0x0C, 0xF1, 0xC8, 0x0C, 0x29, 0xF6, 0x0C, 0xF1, 0x3C, 0x0C, 0x2C
	.byte 0x0C, 0x2C, 0x0C, 0x2C, 0x0C, 0x2C, 0xF6, 0x0C, 0x0C, 0x2C, 0xF1, 0xC8, 0x0C, 0x29, 0xF6, 0x0C
	.byte 0xF1, 0x3C, 0x0C, 0x2C, 0x0C, 0x2C, 0xF6, 0x0C, 0x0C, 0x2C, 0x0C, 0x2C, 0xF6, 0x0C, 0xF1, 0xC8
	.byte 0x0C, 0x29, 0xF6, 0x0C, 0xF1, 0x3C, 0x0C, 0x2C, 0x0C, 0x2C, 0xF6, 0x0C, 0x0C, 0x2C, 0xF6, 0x0C
	.byte 0x0C, 0x2C, 0xF1, 0xC8, 0x0C, 0x29, 0xF6, 0x0C, 0xF1, 0x3C, 0x0C, 0x2C, 0x0C, 0x2C, 0x0C, 0x2C
	.byte 0xF1, 0xC8, 0x0C, 0x29, 0xF1, 0x3C, 0x0C, 0x2C, 0xF1, 0xC8, 0x0C, 0x29, 0xF1, 0x3C, 0x0C, 0x2C
	.byte 0xF1, 0xC8, 0x0C, 0x29, 0x0C, 0x29, 0xF1, 0x3C, 0x0C, 0x2C, 0x0C, 0x2C, 0x0C, 0x2C, 0xF6, 0x0C
	.byte 0x0C, 0x2C, 0xF1, 0xC8, 0x0C, 0x29, 0xF6, 0x0C, 0xF1, 0x3C, 0x0C, 0x2C, 0x0C, 0x2C, 0xF6, 0x0C
	.byte 0x0C, 0x2C, 0x0C, 0x2C, 0xF6, 0x0C, 0xF1, 0xC8, 0x0C, 0x29, 0xF6, 0x0C, 0xF1, 0x3C, 0x0C, 0x2C
	.byte 0x0C, 0x2C, 0xF6, 0x0C, 0x0C, 0x2C, 0xF6, 0x0C, 0x0C, 0x2C, 0xF1, 0xC8, 0x0C, 0x29, 0xF6, 0x0C
	.byte 0xF1, 0x3C, 0x0C, 0x2C, 0x0C, 0x2C, 0xF6, 0x0C, 0x0C, 0x2C, 0x0C, 0x2C, 0xF6, 0x0C, 0xF1, 0xC8
	.byte 0x0C, 0x29, 0xF6, 0x0C, 0xF1, 0x3C, 0x0C, 0x2C, 0x0B, 0x2C, 0xF8, 0x33, 0xFC, 0xF9, 0x8A, 0xF6
	.byte 0x0C, 0xF2, 0x1E, 0xF0, 0xC2, 0xF1, 0x1E, 0x08, 0x25, 0xF6, 0x04, 0x08, 0x25, 0xF6, 0x04, 0x06
	.byte 0x31, 0xF6, 0x06, 0x06, 0x31, 0xF6, 0x06, 0x0C, 0x3D, 0x0C, 0x3D, 0x0C, 0x49, 0x04, 0x49, 0xF1
	.byte 0x0A, 0x04, 0x49, 0xF6, 0x64, 0xF1, 0x1E, 0x08, 0x23, 0xF6, 0x04, 0x08, 0x23, 0xF6, 0x04, 0x06
	.byte 0x2F, 0xF6, 0x06, 0x06, 0x2F, 0xF6, 0x06, 0x0C, 0x3B, 0x0C, 0x3B, 0x0C, 0x47, 0x04, 0x47, 0xF1
	.byte 0x0A, 0x04, 0x47, 0xF6, 0x58, 0xF6, 0x0C, 0xF1, 0x1E, 0x08, 0x25, 0xF6, 0x04, 0x08, 0x25, 0xF6
	.byte 0x04, 0x06, 0x31, 0xF6, 0x06, 0x06, 0x31, 0xF6, 0x06, 0x0C, 0x3D, 0x0C, 0x3D, 0x0C, 0x49, 0x04
	.byte 0x49, 0xF1, 0x0A, 0x04, 0x49, 0xF6, 0x64, 0xF1, 0x1E, 0x08, 0x25, 0xF6, 0x04, 0x08, 0x25, 0xF6
	.byte 0x04, 0x06, 0x31, 0xF6, 0x06, 0x06, 0x31, 0xF6, 0x06, 0x0C, 0x3D, 0x0C, 0x3D, 0x0C, 0x49, 0x04
	.byte 0x49, 0xF1, 0x0A, 0x04, 0x49, 0xF6, 0x64, 0xF6, 0xC0, 0xF6, 0xC0, 0xF6, 0xC0, 0xF6, 0xC0, 0xF1
	.byte 0x1E, 0x08, 0x25, 0xF6, 0x04, 0x08, 0x25, 0xF6, 0x04, 0x06, 0x31, 0xF6, 0x06, 0x06, 0x31, 0xF6
	.byte 0x06, 0x0C, 0x3D, 0x0C, 0x3D, 0x0C, 0x49, 0x04, 0x49, 0xF1, 0x0A, 0x04, 0x49, 0xF6, 0x64, 0xF1
	.byte 0x1E, 0x08, 0x25, 0xF6, 0x04, 0x08, 0x25, 0xF6, 0x04, 0x06, 0x31, 0xF6, 0x06, 0x06, 0x31, 0xF6
	.byte 0x06, 0x0C, 0x3D, 0x0C, 0x3D, 0x0C, 0x49, 0x04, 0x49, 0xF1, 0x0A, 0x04, 0x49, 0xF6, 0x64, 0xF1
	.byte 0x1E, 0x08, 0x25, 0xF6, 0x04, 0x08, 0x25, 0xF6, 0x04, 0x06, 0x31, 0xF6, 0x06, 0x06, 0x31, 0xF6
	.byte 0x06, 0x0C, 0x3D, 0x0C, 0x3D, 0x0C, 0x49, 0x04, 0x49, 0xF1, 0x0A, 0x04, 0x49, 0xF6, 0x64, 0xF1
	.byte 0x1E, 0x08, 0x25, 0xF6, 0x04, 0x08, 0x25, 0xF6, 0x04, 0x06, 0x31, 0xF6, 0x06, 0x06, 0x31, 0xF6
	.byte 0x06, 0x0C, 0x3D, 0x0C, 0x3D, 0x0C, 0x49, 0x04, 0x49, 0xF1, 0x0A, 0x04, 0x49, 0xF6, 0x64, 0xF6
	.byte 0xC0, 0xF6, 0xC0, 0xF6, 0xC0, 0xF6, 0xC0, 0xF1, 0x1E, 0x08, 0x25, 0xF6, 0x04, 0x08, 0x25, 0xF6
	.byte 0x04, 0x06, 0x31, 0xF6, 0x06, 0x06, 0x31, 0xF6, 0x06, 0x0C, 0x3D, 0x0C, 0x3D, 0x0C, 0x49, 0x04
	.byte 0x49, 0xF1, 0x0A, 0x04, 0x49, 0xF6, 0x64, 0xF1, 0x1E, 0xF6, 0x90, 0x08, 0x25, 0xF6, 0x04, 0x08
	.byte 0x25, 0xF6, 0x04, 0x06, 0x31, 0xF6, 0x06, 0x06, 0x31, 0xF1, 0x0A, 0x06, 0x31, 0xF1, 0x1E, 0x08
	.byte 0x25, 0xF6, 0x04, 0x08, 0x25, 0xF6, 0x04, 0x06, 0x31, 0xF6, 0x06, 0x06, 0x31, 0xF6, 0x06, 0x0C
	.byte 0x3D, 0x0C, 0x3D, 0x0C, 0x49, 0x04, 0x49, 0xF1, 0x0A, 0x04, 0x49, 0xF6, 0x64, 0xF1, 0x1E, 0xF6
	.byte 0x90, 0x08, 0x25, 0xF6, 0x04, 0x08, 0x25, 0xF6, 0x04, 0x06, 0x31, 0xF6, 0x06, 0x06, 0x31, 0xF1
	.byte 0x0A, 0x06, 0x31, 0xF1, 0x1E, 0x08, 0x25, 0xF6, 0x04, 0x08, 0x25, 0xF6, 0x04, 0x06, 0x31, 0xF6
	.byte 0x06, 0x06, 0x31, 0xF6, 0x06, 0x0C, 0x3D, 0x0C, 0x3D, 0x0C, 0x49, 0x04, 0x49, 0xF1, 0x0A, 0x04
	.byte 0x49, 0xF6, 0x64, 0xF1, 0x1E, 0x08, 0x25, 0xF6, 0x04, 0x08, 0x25, 0xF6, 0x04, 0x06, 0x31, 0xF6
	.byte 0x06, 0x06, 0x31, 0xF6, 0x06, 0x0C, 0x3D, 0x0C, 0x3D, 0x0C, 0x49, 0x04, 0x49, 0xF6, 0x38, 0x08
	.byte 0x25, 0xF6, 0x04, 0x08, 0x25, 0xF6, 0x04, 0x06, 0x31, 0xF6, 0x06, 0x06, 0x31, 0xF1, 0x0A, 0x06
	.byte 0x31, 0xF1, 0x1E, 0x08, 0x25, 0xF6, 0x04, 0x08, 0x25, 0xF6, 0x04, 0x06, 0x31, 0xF6, 0x06, 0x06
	.byte 0x31, 0xF6, 0x06, 0x0C, 0x3D, 0x0C, 0x3D, 0x0C, 0x49, 0x04, 0x49, 0xF1, 0x0A, 0x04, 0x49, 0xF6
	.byte 0x64, 0xF1, 0x1E, 0xF6, 0x90, 0x08, 0x25, 0xF6, 0x04, 0x08, 0x25, 0xF6, 0x04, 0x06, 0x31, 0xF6
	.byte 0x06, 0x06, 0x31, 0xF1, 0x0A, 0x06, 0x31, 0xF1, 0x1E, 0x08, 0x25, 0xF6, 0x04, 0x08, 0x25, 0xF6
	.byte 0x04, 0x06, 0x31, 0xF6, 0x06, 0x06, 0x31, 0xF6, 0x06, 0x0C, 0x3D, 0x0C, 0x3D, 0x0C, 0x49, 0x04
	.byte 0x49, 0xF1, 0x0A, 0x04, 0x49, 0xF6, 0x64, 0xF1, 0x1E, 0x08, 0x25, 0xF6, 0x04, 0x08, 0x25, 0xF6
	.byte 0x04, 0x06, 0x31, 0xF6, 0x06, 0x06, 0x31, 0xF6, 0x06, 0x0C, 0x3D, 0x0C, 0x3D, 0x0C, 0x49, 0x04
	.byte 0x49, 0xF1, 0x0A, 0x04, 0x49, 0xF6, 0x58, 0xF8, 0xFB, 0xFD, 0xF9, 0x8A, 0xF6, 0x01, 0xF0, 0xC2
	.byte 0xF2, 0x44, 0xF1, 0x3C, 0x08, 0x41, 0xF1, 0x19, 0x08, 0x41, 0xF6, 0x08, 0xF1, 0x3C, 0x08, 0x41
	.byte 0xF1, 0x19, 0x08, 0x41, 0xF6, 0x08, 0xF1, 0x3C, 0x08, 0x41, 0xF1, 0x19, 0x04, 0x41, 0xF1, 0x3C
	.byte 0x08, 0x41, 0xF1, 0x19, 0x08, 0x41, 0xF6, 0x08, 0xF1, 0x3C, 0x08, 0x42, 0xF1, 0x19, 0x08, 0x42
	.byte 0xF6, 0x08, 0xF1, 0x3C, 0x08, 0x42, 0xF1, 0x19, 0x08, 0x42, 0xF1, 0x3C, 0xF6, 0x08, 0x08, 0x42
	.byte 0xF1, 0x19, 0x08, 0x42, 0xF6, 0x08, 0xF1, 0x3C, 0x08, 0x42, 0xF1, 0x19, 0x04, 0x42, 0xF1, 0x3C
	.byte 0x08, 0x42, 0xF1, 0x19, 0x08, 0x42, 0xF6, 0x08, 0xF1, 0x3C, 0x08, 0x41, 0xF1, 0x19, 0x08, 0x41
	.byte 0xF6, 0x08, 0xF1, 0x3C, 0x08, 0x41, 0xF1, 0x19, 0x08, 0x41, 0xF6, 0x08, 0xF1, 0x3C, 0x08, 0x41
	.byte 0xF1, 0x19, 0x04, 0x41, 0xF1, 0x3C, 0x08, 0x41, 0xF1, 0x19, 0x08, 0x41, 0xF6, 0x08, 0xF1, 0x3C
	.byte 0x08, 0x42, 0xF1, 0x19, 0x08, 0x42, 0xF6, 0x08, 0xF1, 0x3C, 0x08, 0x42, 0xF1, 0x19, 0x08, 0x42
	.byte 0xF6, 0x08, 0xF1, 0x3C, 0x08, 0x42, 0xF1, 0x19, 0x08, 0x42, 0xF6, 0x08, 0xF1, 0x3C, 0x08, 0x42
	.byte 0xF1, 0x19, 0x04, 0x42, 0xF1, 0x3C, 0x08, 0x42, 0xF1, 0x19, 0x08, 0x42, 0xF6, 0x07, 0xF6, 0x01
	.byte 0xF1, 0x3C, 0x08, 0x41, 0xF1, 0x19, 0x08, 0x41, 0xF6, 0x08, 0xF1, 0x3C, 0x08, 0x41, 0xF1, 0x19
	.byte 0x08, 0x41, 0xF6, 0x08, 0xF1, 0x3C, 0x08, 0x41, 0xF1, 0x19, 0x04, 0x41, 0xF1, 0x3C, 0x08, 0x41
	.byte 0xF1, 0x19, 0x08, 0x41, 0xF6, 0x08, 0xF1, 0x3C, 0x08, 0x42, 0xF1, 0x19, 0x08, 0x42, 0xF6, 0x08
	.byte 0xF1, 0x3C, 0x08, 0x42, 0xF1, 0x19, 0x08, 0x42, 0xF1, 0x3C, 0xF6, 0x08, 0x08, 0x42, 0xF1, 0x19
	.byte 0x08, 0x42, 0xF6, 0x08, 0xF1, 0x3C, 0x08, 0x42, 0xF1, 0x19, 0x04, 0x42, 0xF1, 0x3C, 0x08, 0x42
	.byte 0xF1, 0x19, 0x08, 0x42, 0xF6, 0x08, 0xF1, 0x3C, 0x08, 0x41, 0xF1, 0x19, 0x08, 0x41, 0xF6, 0x08
	.byte 0xF1, 0x3C, 0x08, 0x41, 0xF1, 0x19, 0x08, 0x41, 0xF6, 0x08, 0xF1, 0x3C, 0x08, 0x41, 0xF1, 0x19
	.byte 0x04, 0x41, 0xF1, 0x3C, 0x08, 0x41, 0xF1, 0x19, 0x08, 0x41, 0xF6, 0x08, 0xF1, 0x3C, 0x08, 0x42
	.byte 0xF1, 0x19, 0x08, 0x42, 0xF6, 0x08, 0xF1, 0x3C, 0x08, 0x42, 0xF1, 0x19, 0x08, 0x42, 0xF6, 0x08
	.byte 0xF1, 0x3C, 0x08, 0x42, 0xF1, 0x14, 0x08, 0x42, 0xF6, 0x08, 0xF1, 0x3C, 0x08, 0x42, 0xF1, 0x19
	.byte 0x04, 0x42, 0xF1, 0x3C, 0x08, 0x42, 0xF1, 0x19, 0x08, 0x42, 0xF6, 0x08, 0xF1, 0x3C, 0x0C, 0x38
	.byte 0x0A, 0x41, 0xF6, 0x02, 0x0A, 0x38, 0xF1, 0x19, 0x06, 0x38, 0xF6, 0x08, 0xF1, 0x3C, 0x0C, 0x42
	.byte 0xF1, 0x19, 0x06, 0x42, 0xF6, 0x06, 0xF1, 0x3C, 0x0A, 0x38, 0xF6, 0x02, 0x0E, 0x44, 0xF1, 0x19
	.byte 0x06, 0x44, 0xF6, 0x1C, 0xF1, 0x3C, 0x08, 0x42, 0xF1, 0x19, 0x08, 0x42, 0xF6, 0x08, 0xF1, 0x3C
	.byte 0x08, 0x42, 0xF1, 0x19, 0x04, 0x42, 0xF1, 0x3C, 0x08, 0x42, 0xF1, 0x19, 0x08, 0x42, 0xF6, 0x08
	.byte 0xF1, 0x3C, 0x0C, 0x38, 0x0A, 0x41, 0xF6, 0x02, 0x0A, 0x38, 0xF1, 0x19, 0x06, 0x38, 0xF6, 0x08
	.byte 0xF1, 0x3C, 0x0C, 0x42, 0xF1, 0x19, 0x06, 0x42, 0xF6, 0x06, 0xF1, 0x3C, 0x0A, 0x38, 0xF6, 0x02
	.byte 0x0E, 0x44, 0xF1, 0x19, 0x06, 0x44, 0xF6, 0x04, 0xF1, 0x3C, 0x08, 0x42, 0xF1, 0x19, 0x08, 0x42
	.byte 0xF6, 0x08, 0xF1, 0x3C, 0x08, 0x42, 0xF1, 0x19, 0x08, 0x42, 0xF6, 0x08, 0xF1, 0x3C, 0x08, 0x42
	.byte 0xF1, 0x19, 0x04, 0x42, 0xF1, 0x3C, 0x08, 0x42, 0xF1, 0x19, 0x08, 0x42, 0xF6, 0x08, 0xF1, 0x3C
	.byte 0x0C, 0x38, 0x0A, 0x41, 0xF6, 0x02, 0x0A, 0x38, 0xF1, 0x19, 0x06, 0x38, 0xF6, 0x08, 0xF1, 0x3C
	.byte 0x0C, 0x42, 0xF1, 0x19, 0x06, 0x42, 0xF6, 0x06, 0xF1, 0x3C, 0x0A, 0x38, 0xF6, 0x02, 0x0E, 0x44
	.byte 0xF1, 0x19, 0x06, 0x44, 0xF6, 0x04, 0xF1, 0x3C, 0x0A, 0x44, 0xF1, 0x19, 0x06, 0x44, 0xF6, 0x08
	.byte 0xF1, 0x3C, 0x0A, 0x44, 0xF6, 0x02, 0x0A, 0x42, 0xF1, 0x19, 0x06, 0x42, 0xF6, 0x08, 0xF1, 0x3C
	.byte 0x0A, 0x3F, 0xF1, 0x19, 0x06, 0x3F, 0xF6, 0x08, 0xF1, 0x3C, 0x0C, 0x41, 0xF1, 0x19, 0x06, 0x41
	.byte 0xF6, 0x06, 0xF1, 0x3C, 0x0A, 0x3D, 0xF6, 0x02, 0x3C, 0x38, 0xF1, 0x19, 0x06, 0x38, 0xF6, 0x06
	.byte 0xF1, 0x3C, 0x08, 0x42, 0xF1, 0x19, 0x08, 0x42, 0xF6, 0x08, 0xF1, 0x3C, 0x08, 0x42, 0xF1, 0x19
	.byte 0x08, 0x42, 0xF6, 0x08, 0xF1, 0x3C, 0x08, 0x42, 0xF1, 0x19, 0x04, 0x42, 0xF1, 0x3C, 0x08, 0x42
	.byte 0xF1, 0x19, 0x08, 0x42, 0xF6, 0x08, 0xF1, 0x3C, 0x08, 0x41, 0xF1, 0x19, 0x08, 0x41, 0xF6, 0x08
	.byte 0xF1, 0x3C, 0x08, 0x41, 0xF1, 0x19, 0x08, 0x41, 0xF6, 0x08, 0xF1, 0x3C, 0x08, 0x41, 0xF1, 0x19
	.byte 0x04, 0x41, 0xF1, 0x3C, 0x08, 0x41, 0xF1, 0x19, 0x08, 0x41, 0xF6, 0x08, 0xF1, 0x3C, 0x08, 0x42
	.byte 0xF1, 0x19, 0x08, 0x42, 0xF6, 0x08, 0xF1, 0x3C, 0x08, 0x42, 0xF1, 0x19, 0x08, 0x42, 0xF1, 0x3C
	.byte 0xF6, 0x08, 0x08, 0x42, 0xF1, 0x19, 0x08, 0x42, 0xF6, 0x08, 0xF1, 0x3C, 0x08, 0x42, 0xF1, 0x19
	.byte 0x04, 0x42, 0xF1, 0x3C, 0x08, 0x42, 0xF1, 0x19, 0x08, 0x42, 0xF6, 0x08, 0xF1, 0x3C, 0x08, 0x41
	.byte 0xF1, 0x19, 0x08, 0x41, 0xF6, 0x08, 0xF1, 0x3C, 0x08, 0x41, 0xF1, 0x19, 0x08, 0x41, 0xF6, 0x08
	.byte 0xF1, 0x3C, 0x08, 0x41, 0xF1, 0x19, 0x04, 0x41, 0xF1, 0x3C, 0x08, 0x41, 0xF1, 0x19, 0x08, 0x41
	.byte 0xF6, 0x08, 0xF1, 0x3C, 0x08, 0x42, 0xF1, 0x19, 0x08, 0x42, 0xF6, 0x08, 0xF1, 0x3C, 0x08, 0x42
	.byte 0xF1, 0x19, 0x08, 0x42, 0xF6, 0x08, 0xF1, 0x3C, 0x08, 0x42, 0xF1, 0x19, 0x08, 0x42, 0xF6, 0x08
	.byte 0xF1, 0x3C, 0x08, 0x42, 0xF1, 0x19, 0x04, 0x42, 0xF1, 0x3C, 0x08, 0x42, 0xF1, 0x19, 0x08, 0x42
	.byte 0xF6, 0x08, 0xF1, 0x3C, 0x08, 0x41, 0xF1, 0x19, 0x08, 0x41, 0xF6, 0x08, 0xF1, 0x3C, 0x08, 0x41
	.byte 0xF1, 0x19, 0x08, 0x41, 0xF6, 0x08, 0xF1, 0x3C, 0x08, 0x41, 0xF1, 0x19, 0x04, 0x41, 0xF1, 0x3C
	.byte 0x08, 0x41, 0xF1, 0x19, 0x08, 0x41, 0xF6, 0x08, 0xF1, 0x3C, 0x08, 0x42, 0xF1, 0x19, 0x08, 0x42
	.byte 0xF6, 0x08, 0xF1, 0x3C, 0x08, 0x42, 0xF1, 0x19, 0x08, 0x42, 0xF1, 0x3C, 0xF6, 0x08, 0x08, 0x42
	.byte 0xF1, 0x19, 0x08, 0x42, 0xF6, 0x08, 0xF1, 0x3C, 0x08, 0x42, 0xF1, 0x19, 0x04, 0x42, 0xF1, 0x3C
	.byte 0x08, 0x42, 0xF1, 0x19, 0x08, 0x42, 0xF6, 0x08, 0xF1, 0x3C, 0x08, 0x41, 0xF1, 0x19, 0x08, 0x41
	.byte 0xF6, 0x08, 0xF1, 0x3C, 0x08, 0x41, 0xF1, 0x19, 0x08, 0x41, 0xF6, 0x08, 0xF1, 0x3C, 0x08, 0x41
	.byte 0xF1, 0x19, 0x04, 0x41, 0xF1, 0x3C, 0x08, 0x41, 0xF1, 0x19, 0x08, 0x41, 0xF6, 0x08, 0xF1, 0x3C
	.byte 0x08, 0x42, 0xF1, 0x19, 0x08, 0x42, 0xF6, 0x08, 0xF1, 0x3C, 0x08, 0x42, 0xF1, 0x19, 0x08, 0x42
	.byte 0xF6, 0x08, 0xF1, 0x3C, 0x08, 0x42, 0xF1, 0x19, 0x08, 0x42, 0xF6, 0x08, 0xF1, 0x3C, 0x08, 0x42
	.byte 0xF1, 0x19, 0x04, 0x42, 0xF1, 0x3C, 0x08, 0x42, 0xF1, 0x19, 0x08, 0x42, 0xF6, 0x08, 0xF1, 0x3C
	.byte 0x0C, 0x38, 0x0A, 0x41, 0xF6, 0x02, 0x0A, 0x38, 0xF1, 0x19, 0x06, 0x38, 0xF6, 0x08, 0xF1, 0x3C
	.byte 0x0C, 0x42, 0xF1, 0x19, 0x06, 0x42, 0xF6, 0x06, 0xF1, 0x3C, 0x0A, 0x38, 0xF6, 0x02, 0x0E, 0x44
	.byte 0xF1, 0x19, 0x06, 0x44, 0xF6, 0x1C, 0xF1, 0x3C, 0x08, 0x42, 0xF1, 0x19, 0x08, 0x42, 0xF6, 0x08
	.byte 0xF1, 0x3C, 0x08, 0x42, 0xF1, 0x19, 0x04, 0x42, 0xF1, 0x3C, 0x08, 0x42, 0xF1, 0x19, 0x08, 0x42
	.byte 0xF6, 0x08, 0xF1, 0x3C, 0x0C, 0x38, 0x0A, 0x41, 0xF6, 0x02, 0x0A, 0x38, 0xF1, 0x19, 0x06, 0x38
	.byte 0xF6, 0x08, 0xF1, 0x3C, 0x0C, 0x42, 0xF1, 0x19, 0x06, 0x42, 0xF6, 0x06, 0xF1, 0x3C, 0x0A, 0x38
	.byte 0xF6, 0x02, 0x0E, 0x44, 0xF1, 0x19, 0x06, 0x44, 0xF6, 0x04, 0xF1, 0x3C, 0x08, 0x42, 0xF1, 0x19
	.byte 0x08, 0x42, 0xF6, 0x08, 0xF1, 0x3C, 0x08, 0x42, 0xF1, 0x19, 0x08, 0x42, 0xF6, 0x08, 0xF1, 0x3C
	.byte 0x08, 0x42, 0xF1, 0x19, 0x04, 0x42, 0xF1, 0x3C, 0x08, 0x42, 0xF1, 0x19, 0x08, 0x42, 0xF6, 0x08
	.byte 0xF1, 0x3C, 0x0C, 0x38, 0x0A, 0x41, 0xF6, 0x02, 0x0A, 0x38, 0xF1, 0x19, 0x06, 0x38, 0xF6, 0x08
	.byte 0xF1, 0x3C, 0x0C, 0x42, 0xF1, 0x19, 0x06, 0x42, 0xF6, 0x06, 0xF1, 0x3C, 0x0A, 0x38, 0xF6, 0x02
	.byte 0x0E, 0x44, 0xF1, 0x19, 0x06, 0x44, 0xF6, 0x04, 0xF1, 0x46, 0x0A, 0x44, 0xF1, 0x19, 0x06, 0x44
	.byte 0xF6, 0x08, 0xF1, 0x3C, 0x0A, 0x44, 0xF6, 0x02, 0x0A, 0x44, 0xF1, 0x19, 0x06, 0x44, 0xF6, 0x08
	.byte 0xF1, 0x3C, 0x0A, 0x44, 0xF1, 0x19, 0x06, 0x44, 0xF6, 0x08, 0xF1, 0x3C, 0x0C, 0x44, 0xF1, 0x19
	.byte 0x06, 0x44, 0xF6, 0x06, 0xF1, 0x3C, 0x0A, 0x49, 0xF6, 0x02, 0x3C, 0x49, 0xF1, 0x19, 0x06, 0x49
	.byte 0xF6, 0x06, 0xF1, 0x3C, 0x08, 0x42, 0xF1, 0x19, 0x08, 0x42, 0xF6, 0x08, 0xF1, 0x3C, 0x08, 0x42
	.byte 0xF1, 0x19, 0x08, 0x42, 0xF6, 0x08, 0xF1, 0x3C, 0x08, 0x42, 0xF1, 0x19, 0x04, 0x42, 0xF1, 0x3C
	.byte 0x08, 0x42, 0xF1, 0x19, 0x08, 0x42, 0xF6, 0x08, 0xF6, 0xC0, 0xF6, 0xC0, 0xF6, 0xC0, 0xF6, 0xC0
	.byte 0xF1, 0x3C, 0x0C, 0x38, 0x0A, 0x41, 0xF6, 0x02, 0x0A, 0x38, 0xF1, 0x19, 0x06, 0x38, 0xF6, 0x08
	.byte 0xF1, 0x3C, 0x0C, 0x42, 0xF1, 0x19, 0x06, 0x42, 0xF6, 0x06, 0xF1, 0x3C, 0x0A, 0x38, 0xF6, 0x02
	.byte 0x0E, 0x44, 0xF1, 0x19, 0x06, 0x44, 0xF6, 0x1C, 0xF1, 0x3C, 0x08, 0x42, 0xF1, 0x19, 0x08, 0x42
	.byte 0xF6, 0x08, 0xF1, 0x3C, 0x08, 0x42, 0xF1, 0x19, 0x04, 0x42, 0xF1, 0x3C, 0x08, 0x42, 0xF1, 0x19
	.byte 0x08, 0x42, 0xF6, 0x08, 0xF1, 0x3C, 0x0C, 0x38, 0x0A, 0x41, 0xF6, 0x02, 0x0A, 0x38, 0xF1, 0x19
	.byte 0x06, 0x38, 0xF6, 0x08, 0xF1, 0x3C, 0x0C, 0x42, 0xF1, 0x19, 0x06, 0x42, 0xF6, 0x06, 0xF1, 0x3C
	.byte 0x0A, 0x38, 0xF6, 0x02, 0x0E, 0x44, 0xF1, 0x19, 0x06, 0x44, 0xF6, 0x04, 0xF1, 0x3C, 0x08, 0x42
	.byte 0xF1, 0x19, 0x08, 0x42, 0xF6, 0x08, 0xF1, 0x3C, 0x08, 0x42, 0xF1, 0x19, 0x08, 0x42, 0xF6, 0x08
	.byte 0xF1, 0x3C, 0x08, 0x42, 0xF1, 0x19, 0x04, 0x42, 0xF1, 0x3C, 0x08, 0x42, 0xF1, 0x19, 0x08, 0x42
	.byte 0xF6, 0x08, 0xF1, 0x3C, 0x0C, 0x38, 0x0A, 0x41, 0xF6, 0x02, 0x0A, 0x38, 0xF1, 0x19, 0x06, 0x38
	.byte 0xF6, 0x08, 0xF1, 0x3C, 0x0C, 0x42, 0xF1, 0x19, 0x06, 0x42, 0xF6, 0x06, 0xF1, 0x3C, 0x0A, 0x38
	.byte 0xF6, 0x02, 0x0E, 0x44, 0xF1, 0x19, 0x06, 0x44, 0xF6, 0x04, 0xF1, 0x3C, 0x0A, 0x44, 0xF1, 0x19
	.byte 0x06, 0x44, 0xF6, 0x08, 0xF1, 0x3C, 0x0A, 0x44, 0xF6, 0x02, 0x0A, 0x42, 0xF1, 0x19, 0x06, 0x42
	.byte 0xF6, 0x08, 0xF1, 0x3C, 0x0A, 0x3F, 0xF1, 0x19, 0x06, 0x3F, 0xF6, 0x08, 0xF1, 0x3C, 0x0C, 0x41
	.byte 0xF1, 0x19, 0x06, 0x41, 0xF6, 0x06, 0xF1, 0x3C, 0x0A, 0x3D, 0xF6, 0x02, 0x3C, 0x38, 0xF1, 0x19
	.byte 0x06, 0x38, 0xF6, 0x06, 0xF1, 0x64, 0x08, 0x42, 0xF1, 0x19, 0x08, 0x42, 0xF6, 0x08, 0xF1, 0x3C
	.byte 0x08, 0x42, 0xF1, 0x19, 0x08, 0x42, 0xF6, 0x08, 0xF1, 0x3C, 0x08, 0x42, 0xF1, 0x19, 0x04, 0x42
	.byte 0xF1, 0x3C, 0x08, 0x42, 0xF1, 0x19, 0x08, 0x42, 0xF6, 0x08, 0xF1, 0x3C, 0x08, 0x41, 0xF1, 0x19
	.byte 0x08, 0x41, 0xF6, 0x08, 0xF1, 0x3C, 0x08, 0x41, 0xF1, 0x19, 0x08, 0x41, 0xF6, 0x08, 0xF1, 0x3C
	.byte 0x08, 0x41, 0xF1, 0x19, 0x04, 0x41, 0xF1, 0x3C, 0x08, 0x41, 0xF1, 0x19, 0x08, 0x41, 0xF6, 0x08
	.byte 0xF1, 0x3C, 0x08, 0x42, 0xF1, 0x19, 0x08, 0x42, 0xF6, 0x08, 0xF1, 0x3C, 0x08, 0x42, 0xF1, 0x19
	.byte 0x08, 0x42, 0xF1, 0x3C, 0xF6, 0x08, 0x08, 0x42, 0xF1, 0x19, 0x08, 0x42, 0xF6, 0x08, 0xF1, 0x3C
	.byte 0x08, 0x42, 0xF1, 0x19, 0x04, 0x42, 0xF1, 0x3C, 0x08, 0x42, 0xF1, 0x19, 0x08, 0x42, 0xF6, 0x08
	.byte 0xF1, 0x3C, 0x08, 0x41, 0xF1, 0x19, 0x08, 0x41, 0xF6, 0x08, 0xF1, 0x3C, 0x08, 0x41, 0xF1, 0x19
	.byte 0x08, 0x41, 0xF6, 0x08, 0xF1, 0x3C, 0x08, 0x41, 0xF1, 0x19, 0x04, 0x41, 0xF1, 0x3C, 0x08, 0x41
	.byte 0xF1, 0x19, 0x08, 0x41, 0xF6, 0x08, 0xF1, 0x46, 0x08, 0x42, 0xF1, 0x19, 0x08, 0x42, 0xF6, 0x08
	.byte 0xF1, 0x3C, 0x08, 0x42, 0xF1, 0x19, 0x08, 0x42, 0xF6, 0x08, 0xF1, 0x3C, 0x08, 0x42, 0xF1, 0x19
	.byte 0x08, 0x42, 0xF6, 0x08, 0xF1, 0x3C, 0x08, 0x42, 0xF1, 0x19, 0x04, 0x42, 0xF1, 0x3C, 0x08, 0x42
	.byte 0xF1, 0x19, 0x08, 0x42, 0xF6, 0x07, 0xF8, 0xF5, 0xF9, 0x00, 0x00, 0x00, 0x01, 0x00, 0x04, 0x00
	.byte 0xF0, 0x8B, 0xF1, 0xDC, 0x18, 0x3C, 0xFF, 0x00, 0x01, 0x00, 0x04, 0x00, 0xF0, 0x8C, 0xF1, 0xDC
	.byte 0x18, 0x3C, 0xFF, 0x00, 0x00, 0x0C, 0x06, 0x00, 0x3D, 0x00, 0xF0, 0xC6, 0xF1, 0xB4, 0xF4, 0x10
	.byte 0xF5, 0x00, 0x00, 0xAD, 0x02, 0xF5, 0xE0, 0x00, 0xAD, 0x02, 0xF5, 0xC0, 0x02, 0x2D, 0xF5, 0xD0
	.byte 0xF5, 0x00, 0xF1, 0x78, 0x02, 0x48, 0x02, 0x4D, 0x02, 0x57, 0x02, 0x5C, 0xF1, 0x28, 0x02, 0x48
	.byte 0x02, 0x4D, 0x02, 0x57, 0x02, 0x5C, 0xF1, 0x14, 0x02, 0x48, 0x02, 0x4D, 0x02, 0x57, 0x02, 0x5C
	.byte 0xFF, 0xF0, 0xC3, 0xF1, 0x64, 0x02, 0x2B, 0x02, 0x37, 0xFF, 0xF4, 0x18, 0xF5, 0x00, 0x00, 0xAD
	.byte 0x04, 0xF5, 0xE0, 0x00, 0xAD, 0x04, 0xF5, 0xC0, 0x02, 0x2D, 0xF5, 0xD0, 0xF5, 0x00, 0xF1, 0x50
	.byte 0x01, 0x49, 0x01, 0x4D, 0x01, 0x4E, 0x01, 0x50, 0x01, 0x55, 0x01, 0x59, 0x01, 0x5A, 0x01, 0x5C
	.byte 0xF1, 0x14, 0x01, 0x49, 0x01, 0x4D, 0x01, 0x4E, 0x01, 0x50, 0x01, 0x55, 0x01, 0x59, 0x01, 0x5A
	.byte 0x01, 0x5C, 0xFF, 0x00, 0x00, 0x04, 0x04, 0x00, 0xF0, 0xC5, 0xF1, 0x41, 0x02, 0x4F, 0x02, 0x53
	.byte 0x02, 0x56, 0x02, 0x59, 0x02, 0x5D, 0xF1, 0x0F, 0x02, 0x4F, 0x02, 0x53, 0x02, 0x56, 0x02, 0x59
	.byte 0x02, 0x5D, 0xF1, 0x05, 0x02, 0x4F, 0x02, 0x53, 0x02, 0x56, 0x02, 0x59, 0x02, 0x5D, 0xFF, 0x00
	.byte 0x00, 0x04, 0x04, 0x00, 0xF0, 0xC6, 0xF1, 0x46, 0x02, 0x64, 0x02, 0x60, 0x02, 0x64, 0x02, 0x60
	.byte 0xF8, 0xF1, 0xFF, 0xFF, 0x00, 0x08, 0x09, 0x00, 0xF0, 0xC6, 0xF1, 0x8C, 0xFF, 0xF0, 0xC3, 0xF1
	.byte 0x3C, 0x02, 0x39, 0x02, 0x47, 0xF6, 0x02, 0x02, 0x30, 0x02, 0x3E, 0xFF, 0x00, 0x0C, 0x06, 0x00
	.byte 0x67, 0x00, 0xF0, 0xC6, 0xF1, 0xB4, 0xF4, 0x20, 0xF5, 0x00, 0x00, 0xBC, 0x01, 0xF5, 0x08, 0x00
	.byte 0xBC, 0x01, 0xF5, 0x10, 0x00, 0xBC, 0x01, 0xF5, 0x18, 0x01, 0x3C, 0xF5, 0x00, 0xF6, 0x02, 0xF5
	.byte 0x00, 0x00, 0xCD, 0x01, 0xF5, 0x08, 0x00, 0xCD, 0x01, 0xF5, 0x10, 0x00, 0xCD, 0x01, 0xF5, 0x08
	.byte 0x01, 0x4D, 0xF5, 0x00, 0xF6, 0x01, 0xF1, 0x28, 0x00, 0xCD, 0x01, 0xF5, 0x08, 0x00, 0xCD, 0x01
	.byte 0xF5, 0x10, 0x00, 0xCD, 0x01, 0xF5, 0x08, 0x01, 0x4D, 0xF5, 0x00, 0xF6, 0x01, 0xF1, 0x0A, 0x00
	.byte 0xCD, 0x01, 0xF5, 0x08, 0x00, 0xCD, 0x01, 0xF5, 0x10, 0x00, 0xCD, 0x01, 0xF5, 0x08, 0x01, 0x4D
	.byte 0xF5, 0x00, 0xFF, 0xF0, 0xC3, 0xF1, 0x64, 0x02, 0x34, 0xF6, 0x04, 0x04, 0x4C, 0xF1, 0x1E, 0x04
	.byte 0x4C, 0xFF, 0xF0, 0xC6, 0xF1, 0x8C, 0x02, 0x3C, 0x02, 0x3E, 0xF6, 0x02, 0xF1, 0x64, 0x03, 0x50
	.byte 0xF1, 0x50, 0x03, 0x50, 0xF1, 0x28, 0x03, 0x50, 0xF1, 0x14, 0x03, 0x50, 0xF1, 0x0A, 0x03, 0x50
	.byte 0xFF, 0xF0, 0xC3, 0xF1, 0x28, 0x02, 0x45, 0x02, 0x53, 0xF6, 0x02, 0x02, 0x30, 0x02, 0x3E, 0xFF
	.byte 0x00, 0x0C, 0x06, 0x00, 0x11, 0x00, 0xF0, 0xC6, 0xF1, 0x28, 0x02, 0x3C, 0x02, 0x39, 0x02, 0x36
	.byte 0xFF, 0xF0, 0xC3, 0xF1, 0x64, 0x02, 0x45, 0x02, 0x53, 0xF6, 0x02, 0x02, 0x3E, 0x02, 0x53, 0xFF
	.byte 0x00, 0x0C, 0x06, 0x00, 0x3F, 0x00, 0xF0, 0xC6, 0xF1, 0x50, 0xF4, 0x18, 0xF5, 0x00, 0x01, 0x43
	.byte 0xF5, 0x08, 0x01, 0x43, 0xF5, 0x10, 0x01, 0x43, 0xF5, 0x18, 0x01, 0x43, 0xF5, 0x20, 0xF6, 0x01
	.byte 0xF5, 0x00, 0x01, 0x43, 0xF5, 0x08, 0x01, 0x43, 0xF5, 0x10, 0x01, 0x43, 0xF5, 0x18, 0x01, 0x43
	.byte 0xF5, 0x20, 0xF6, 0x01, 0xF5, 0x00, 0x01, 0x43, 0xF5, 0x08, 0x01, 0x43, 0xF5, 0x10, 0xFF, 0xF0
	.byte 0xC3, 0xF1, 0x50, 0xFF, 0x01, 0x0C, 0x72, 0x00, 0x08, 0x00, 0x47, 0x00, 0xF0, 0xC5, 0xF1, 0x64
	.byte 0x03, 0x38, 0x03, 0x44, 0xF6, 0x02, 0x03, 0x42, 0x03, 0x4E, 0xF6, 0x0C, 0x03, 0x42, 0x03, 0x4E
	.byte 0xF6, 0x04, 0x04, 0x42, 0x04, 0x4E, 0xF6, 0x04, 0x04, 0x41, 0x04, 0x4D, 0xF6, 0x04, 0x04, 0x3F
	.byte 0x04, 0x4B, 0xF6, 0x04, 0x03, 0x3D, 0x03, 0x49, 0xF6, 0x04, 0x03, 0x38, 0x03, 0x44, 0xF6, 0x0A
	.byte 0x03, 0x38, 0x03, 0x44, 0xF6, 0x04, 0x04, 0x31, 0x04, 0x3D, 0xFF, 0xF0, 0xC3, 0xF1, 0x3C, 0x02
	.byte 0x43, 0xF6, 0x06, 0x02, 0x43, 0xF6, 0x10, 0x02, 0x43, 0xF6, 0x0E, 0x02, 0x43, 0xF6, 0x0E, 0x02
	.byte 0x43, 0xF6, 0x06, 0x02, 0x43, 0xF6, 0x06, 0x02, 0x43, 0xF6, 0x06, 0x02, 0x43, 0xF6, 0x06, 0x02
	.byte 0x43, 0xF6, 0x06, 0x02, 0x43, 0xFF, 0xF0, 0xDA, 0xF1, 0xC8, 0xC0, 0x3C, 0xFF, 0x00, 0x00, 0x00
	.byte 0x01, 0x0C, 0x72, 0x00, 0x08, 0x00, 0x47, 0x00, 0xF0, 0xC5, 0xF1, 0x64, 0x03, 0x38, 0x03, 0x44
	.byte 0xF6, 0x02, 0x03, 0x42, 0x03, 0x4E, 0xF6, 0x0C, 0x03, 0x42, 0x03, 0x4E, 0xF6, 0x04, 0x04, 0x42
	.byte 0x04, 0x4E, 0xF6, 0x04, 0x04, 0x41, 0x04, 0x4D, 0xF6, 0x04, 0x04, 0x3F, 0x04, 0x4B, 0xF6, 0x04
	.byte 0x03, 0x3D, 0x03, 0x49, 0xF6, 0x04, 0x03, 0x38, 0x03, 0x44, 0xF6, 0x0A, 0x03, 0x38, 0x03, 0x44
	.byte 0xF6, 0x04, 0x04, 0x31, 0x04, 0x3D, 0xFF, 0xF0, 0xC3, 0xF1, 0x3C, 0x02, 0x43, 0xF6, 0x06, 0x02
	.byte 0x43, 0xF6, 0x10, 0x02, 0x43, 0xF6, 0x0E, 0x02, 0x43, 0xF6, 0x0E, 0x02, 0x43, 0xF6, 0x06, 0x02
	.byte 0x43, 0xF6, 0x06, 0x02, 0x43, 0xF6, 0x06, 0x02, 0x43, 0xF6, 0x06, 0x02, 0x43, 0xF6, 0x06, 0x02
	.byte 0x43, 0xFF, 0xF0, 0xEF, 0xF1, 0xDC, 0xC0, 0x3C, 0xFF, 0x00, 0x00, 0x00, 0x00, 0x0C, 0x06, 0x00
	.byte 0x67, 0x00, 0xF0, 0xC6, 0xF1, 0x64, 0x01, 0x37, 0x01, 0x38, 0x01, 0x39, 0x01, 0x3A, 0x01, 0x3B
	.byte 0x01, 0x3C, 0x01, 0x3D, 0x01, 0x3E, 0xF1, 0xA0, 0x01, 0x4F, 0x01, 0x4E, 0x01, 0x4D, 0x01, 0x4C
	.byte 0x01, 0x4B, 0x01, 0x4A, 0x01, 0x49, 0x01, 0x48, 0x01, 0x47, 0x01, 0x46, 0x01, 0x45, 0x01, 0x44
	.byte 0x01, 0x43, 0x01, 0x42, 0x01, 0x41, 0x01, 0x40, 0x01, 0x3F, 0x01, 0x3E, 0xF1, 0x14, 0x01, 0x4F
	.byte 0x01, 0x4E, 0x01, 0x4D, 0x01, 0x4C, 0x01, 0x4B, 0x01, 0x4A, 0x01, 0x49, 0x01, 0x48, 0x01, 0x47
	.byte 0x01, 0x46, 0x01, 0x45, 0x01, 0x44, 0x01, 0x43, 0x01, 0x42, 0x01, 0x41, 0x01, 0x40, 0x01, 0x3F
	.byte 0x01, 0x3E, 0xFF, 0xF0, 0xC3, 0xF1, 0x3C, 0x04, 0x40, 0x04, 0x43, 0x08, 0x48, 0x08, 0x47, 0x08
	.byte 0x45, 0xF1, 0x1E, 0x08, 0x48, 0x08, 0x47, 0x08, 0x45, 0xF1, 0x0A, 0x08, 0x48, 0x08, 0x47, 0x08
	.byte 0x45, 0xFF, 0x00, 0x00, 0x00, 0x0C, 0x06, 0x00, 0x8D, 0x00, 0xF0, 0xC5, 0xF1, 0x64, 0x02, 0x28
	.byte 0x02, 0x39, 0xF6, 0x02, 0x02, 0x4C, 0x02, 0x5D, 0xF6, 0x14, 0xF0, 0xC5, 0xF1, 0x50, 0x02, 0x34
	.byte 0xF6, 0x01, 0x02, 0x37, 0xF6, 0x01, 0x02, 0x3C, 0xF6, 0x01, 0x02, 0x40, 0xF6, 0x01, 0x02, 0x43
	.byte 0xF6, 0x01, 0x02, 0x48, 0xF6, 0x01, 0x02, 0x4C, 0xF6, 0x01, 0x02, 0x4F, 0xF6, 0x01, 0x02, 0x54
	.byte 0xF6, 0x01, 0x02, 0x58, 0x01, 0x35, 0xF6, 0x01, 0x02, 0x39, 0xF6, 0x01, 0x02, 0x3C, 0xF6, 0x01
	.byte 0x02, 0x41, 0xF6, 0x01, 0x02, 0x45, 0xF6, 0x01, 0x02, 0x48, 0xF6, 0x01, 0x02, 0x4D, 0xF6, 0x01
	.byte 0x02, 0x51, 0xF6, 0x01, 0x02, 0x54, 0xF6, 0x01, 0x01, 0x59, 0x01, 0x37, 0xF6, 0x01, 0x02, 0x3B
	.byte 0xF6, 0x01, 0x02, 0x3E, 0xF6, 0x01, 0x02, 0x43, 0xF6, 0x01, 0x02, 0x47, 0xF6, 0x01, 0x02, 0x4A
	.byte 0xF6, 0x01, 0x02, 0x4F, 0xF6, 0x01, 0x02, 0x53, 0xF6, 0x01, 0x02, 0x56, 0xF6, 0x01, 0x01, 0x5B
	.byte 0xFF, 0xF0, 0xC3, 0xF1, 0x64, 0x04, 0x34, 0xF6, 0x02, 0x04, 0x58, 0xF6, 0x08, 0xFF, 0x00, 0x00
	.byte 0x00, 0x0C, 0x06, 0x00, 0x83, 0x00, 0xF0, 0xC6, 0xF1, 0x20, 0xF6, 0x18, 0xF4, 0x10, 0xF5, 0x68
	.byte 0x00, 0xD8, 0x02, 0xF5, 0x60, 0x00, 0xD8, 0x02, 0xF5, 0x58, 0x00, 0xD8, 0x04, 0xF5, 0x50, 0x00
	.byte 0xD8, 0x02, 0xF5, 0x48, 0x00, 0xD8, 0x01, 0xF5, 0x40, 0x00, 0xD8, 0x01, 0xF5, 0x38, 0x00, 0xD8
	.byte 0x01, 0xF5, 0x30, 0x00, 0xD8, 0x01, 0xF5, 0x28, 0x00, 0xD8, 0x01, 0xF5, 0x20, 0x00, 0xD8, 0x01
	.byte 0xF5, 0x18, 0x00, 0xD8, 0x01, 0xF5, 0x10, 0x00, 0xD8, 0x01, 0xF5, 0x00, 0x00, 0xD8, 0x01, 0xF5
	.byte 0xF0, 0x00, 0xD8, 0x01, 0xF5, 0xE8, 0x00, 0xD8, 0x01, 0xF5, 0xE0, 0x00, 0xD8, 0x01, 0xF5, 0xD8
	.byte 0x00, 0xD8, 0x01, 0xF5, 0xD0, 0x00, 0xD8, 0x01, 0xF5, 0xC8, 0x00, 0xD8, 0x01, 0xF5, 0xC0, 0x00
	.byte 0xD8, 0x01, 0xF5, 0xB8, 0x00, 0xD8, 0x01, 0xF5, 0xB0, 0x00, 0xD8, 0x01, 0xF5, 0xA8, 0x01, 0x58
	.byte 0xF5, 0xA0, 0xFF, 0xF0, 0xC3, 0xF1, 0x50, 0x02, 0x4C, 0x02, 0x58, 0xF6, 0x04, 0x02, 0x4C, 0x02
	.byte 0x58, 0xF6, 0x0C, 0x02, 0x58, 0xF6, 0x02, 0x02, 0x58, 0xF6, 0x02, 0x02, 0x58, 0xF6, 0x02, 0x02
	.byte 0x58, 0xF6, 0x02, 0x02, 0x58, 0xF6, 0x02, 0x02, 0x58, 0xF6, 0x02, 0x02, 0x58, 0xF6, 0x02, 0x02
	.byte 0x58, 0xF6, 0x02, 0xF1, 0x28, 0x02, 0x58, 0xF6, 0x02, 0x02, 0x58, 0xF6, 0x02, 0x02, 0x58, 0xF6
	.byte 0x02, 0x02, 0x58, 0xF6, 0x02, 0x02, 0x58, 0xF6, 0x02, 0x02, 0x58, 0xF6, 0x02, 0x02, 0x58, 0xF6
	.byte 0x02, 0x02, 0x58, 0xFF, 0x01, 0x0C, 0x66, 0x00, 0x08, 0x00, 0x27, 0x00, 0xF0, 0xC5, 0xF1, 0x50
	.byte 0x02, 0x50, 0x06, 0x49, 0xF6, 0x03, 0x02, 0x53, 0x06, 0x4E, 0xF6, 0x03, 0x02, 0x55, 0x06, 0x50
	.byte 0xF6, 0x03, 0x02, 0x5C, 0x1E, 0x55, 0xF1, 0x14, 0x08, 0x55, 0xFF, 0xF0, 0xC3, 0xF1, 0x50, 0x03
	.byte 0x4F, 0xF6, 0x03, 0x03, 0x4F, 0xF6, 0x03, 0x03, 0x4F, 0xF6, 0x03, 0x03, 0x4F, 0xF6, 0x03, 0x03
	.byte 0x4F, 0xF6, 0x03, 0x03, 0x4F, 0xF6, 0x03, 0x03, 0x4F, 0xF6, 0x03, 0x03, 0x4F, 0xF6, 0x03, 0x03
	.byte 0x4F, 0xF6, 0x03, 0x03, 0x4F, 0xF6, 0x03, 0x03, 0x4F, 0xF6, 0x03, 0x03, 0x4F, 0xF6, 0x03, 0x03
	.byte 0x4F, 0xF6, 0x03, 0x03, 0x4F, 0xF6, 0x03, 0x03, 0x4F, 0xFF, 0xF0, 0xCF, 0xF1, 0xDC, 0xC0, 0x3C
	.byte 0xFF, 0x00, 0x00, 0x00, 0x01, 0x0C, 0x66, 0x00, 0x08, 0x00, 0x27, 0x00, 0xF0, 0xC5, 0xF1, 0x50
	.byte 0x02, 0x50, 0x06, 0x49, 0xF6, 0x03, 0x02, 0x53, 0x06, 0x4E, 0xF6, 0x03, 0x02, 0x55, 0x06, 0x50
	.byte 0xF6, 0x03, 0x02, 0x5C, 0x1E, 0x55, 0xF1, 0x14, 0x08, 0x55, 0xFF, 0xF0, 0xC3, 0xF1, 0x50, 0x03
	.byte 0x4F, 0xF6, 0x03, 0x03, 0x4F, 0xF6, 0x03, 0x03, 0x4F, 0xF6, 0x03, 0x03, 0x4F, 0xF6, 0x03, 0x03
	.byte 0x4F, 0xF6, 0x03, 0x03, 0x4F, 0xF6, 0x03, 0x03, 0x4F, 0xF6, 0x03, 0x03, 0x4F, 0xF6, 0x03, 0x03
	.byte 0x4F, 0xF6, 0x03, 0x03, 0x4F, 0xF6, 0x03, 0x03, 0x4F, 0xF6, 0x03, 0x03, 0x4F, 0xF6, 0x03, 0x03
	.byte 0x4F, 0xF6, 0x03, 0x03, 0x4F, 0xF6, 0x03, 0x03, 0x4F, 0xFF, 0xF0, 0xE3, 0xF1, 0xDC, 0xC0, 0x3C
	.byte 0xFF, 0x00, 0x00, 0x00, 0x00, 0x0C, 0x06, 0x00, 0x1A, 0x00, 0xF0, 0xC6, 0xF1, 0x14, 0x01, 0x58
	.byte 0x01, 0x5D, 0xF6, 0x08, 0x01, 0x4F, 0x01, 0x54, 0xF6, 0x04, 0xF8, 0xED, 0xFF, 0xFF, 0xF0, 0xC3
	.byte 0xF1, 0x28, 0x02, 0x39, 0xF6, 0x08, 0x02, 0x51, 0xF6, 0x04, 0xF8, 0xF1, 0xFF, 0xFF, 0x00, 0x00
	.byte 0x00, 0x0C, 0x06, 0x00, 0x7D, 0x00, 0xF0, 0xC6, 0xF1, 0x28, 0xF4, 0x18, 0xF5, 0x00, 0x00, 0xDD
	.byte 0x01, 0xF5, 0x06, 0x00, 0xDD, 0x01, 0xF5, 0x0C, 0x00, 0xDD, 0x01, 0xF5, 0x12, 0x00, 0xDD, 0x01
	.byte 0xF5, 0x18, 0x00, 0xDD, 0x01, 0xF5, 0x20, 0x01, 0x5D, 0xF5, 0x26, 0xF6, 0x04, 0xF5, 0x00, 0x00
	.byte 0xDF, 0x01, 0xF5, 0x06, 0x00, 0xDF, 0x01, 0xF5, 0x0C, 0x00, 0xDF, 0x01, 0xF5, 0x12, 0x00, 0xDF
	.byte 0x01, 0xF5, 0x18, 0x00, 0xDF, 0x01, 0xF5, 0x20, 0x01, 0x5F, 0xF5, 0x26, 0xF6, 0x02, 0xF5, 0x00
	.byte 0x00, 0xDF, 0x01, 0xF5, 0x06, 0x00, 0xDF, 0x01, 0xF5, 0x0C, 0x00, 0xDF, 0x01, 0xF5, 0x18, 0x00
	.byte 0xDF, 0x01, 0xF5, 0x20, 0x00, 0xDF, 0x01, 0xF5, 0x26, 0x00, 0xDF, 0x01, 0xF5, 0x2C, 0x00, 0xDF
	.byte 0x01, 0xF5, 0x32, 0x00, 0xDF, 0x01, 0xF5, 0x38, 0x01, 0x5F, 0xF5, 0x3E, 0xFF, 0xF0, 0xC3, 0xF1
	.byte 0x50, 0x01, 0x43, 0x01, 0x4F, 0xF6, 0x0C, 0x01, 0x43, 0x01, 0x4F, 0xF6, 0x0C, 0x01, 0x43, 0x01
	.byte 0x4F, 0xF6, 0x0A, 0x01, 0x43, 0x01, 0x4F, 0xF6, 0x08, 0x01, 0x43, 0x01, 0x4F, 0xF6, 0x06, 0x01
	.byte 0x43, 0x01, 0x4F, 0xF6, 0x04, 0x01, 0x43, 0x01, 0x4F, 0xF6, 0x02, 0x01, 0x43, 0x01, 0x4F, 0xF6
	.byte 0x02, 0x01, 0x43, 0x01, 0x4F, 0xF6, 0x02, 0x01, 0x43, 0x01, 0x4F, 0xF6, 0x02, 0x01, 0x43, 0x01
	.byte 0x4F, 0xF6, 0x02, 0x01, 0x43, 0x01, 0x4F, 0xF6, 0x02, 0x01, 0x43, 0x01, 0x4F, 0xF6, 0x02, 0x01
	.byte 0x43, 0x01, 0x4F, 0xF6, 0x02, 0x01, 0x43, 0x01, 0x4F, 0xF6, 0x02, 0x01, 0x43, 0x01, 0x4F, 0xF1
	.byte 0x1E, 0xF6, 0x02, 0x01, 0x43, 0x01, 0x4F, 0xF6, 0x02, 0x01, 0x43, 0x01, 0x4F, 0xFF, 0x00, 0x00
	.byte 0x00, 0x0C, 0x06, 0x00, 0x13, 0x00, 0xF0, 0xC6, 0xF1, 0x64, 0xF6, 0x0C, 0x02, 0x70, 0xF1, 0x28
	.byte 0x04, 0x70, 0xFF, 0xF0, 0xC3, 0xF1, 0x50, 0x02, 0x34, 0x02, 0x39, 0x02, 0x3E, 0x02, 0x43, 0xF6
	.byte 0x02, 0x02, 0x4C, 0x02, 0x51, 0x02, 0x56, 0xF1, 0x1E, 0x02, 0x4C, 0x02, 0x51, 0x02, 0x56, 0xFF
	.byte 0x00, 0x0C, 0x06, 0x00, 0x1F, 0x00, 0xF9, 0xB4, 0xF0, 0xC6, 0xF1, 0x64, 0x03, 0x4A, 0x01, 0x4F
	.byte 0xF6, 0x04, 0x03, 0x51, 0x01, 0x56, 0xF6, 0x04, 0xF1, 0x28, 0x01, 0x48, 0x01, 0x4D, 0xFF, 0xF0
	.byte 0xC3, 0xF1, 0x28, 0x02, 0x3B, 0x02, 0x40, 0xF6, 0x04, 0x02, 0x4F, 0x02, 0x48, 0xF1, 0x14, 0x02
	.byte 0x48, 0xFF, 0x00, 0x00, 0x00, 0x0C, 0x06, 0x00, 0x65, 0x00, 0xF9, 0xB4, 0xF0, 0xC6, 0xF1, 0x78
	.byte 0xF4, 0x40, 0xF5, 0x00, 0x00, 0xB7, 0x02, 0xF5, 0x20, 0x00, 0xB7, 0x01, 0xF5, 0x40, 0x00, 0xB7
	.byte 0x01, 0xF5, 0x20, 0x00, 0xB7, 0x01, 0xF5, 0x00, 0x00, 0xB7, 0x02, 0xF5, 0xF8, 0x00, 0xB7, 0x01
	.byte 0xF5, 0xF0, 0x00, 0xB7, 0x01, 0xF5, 0xE8, 0x00, 0xB7, 0x01, 0xF5, 0xE0, 0x00, 0xB7, 0x01, 0xF5
	.byte 0xD8, 0x00, 0xB7, 0x01, 0xF5, 0xD0, 0x00, 0xB7, 0x01, 0xF5, 0xC8, 0x00, 0xB7, 0x01, 0xF5, 0xC0
	.byte 0x01, 0x37, 0xF5, 0xB8, 0xF5, 0x00, 0x00, 0xBB, 0x02, 0xF5, 0x20, 0x00, 0xBB, 0x01, 0xF5, 0x40
	.byte 0x00, 0xBB, 0x01, 0xF5, 0x20, 0x00, 0xBB, 0x01, 0xFF, 0xF0, 0xC3, 0xF1, 0x50, 0x04, 0x3C, 0xF6
	.byte 0x04, 0x04, 0x41, 0x04, 0x40, 0x04, 0x3E, 0x04, 0x3C, 0xF1, 0x1E, 0x04, 0x41, 0x04, 0x40, 0x04
	.byte 0x3E, 0x04, 0x3C, 0xFF, 0x00, 0x0C, 0x06, 0x00, 0xD6, 0x00, 0xF9, 0xB4, 0xF0, 0xC6, 0xF1, 0x78
	.byte 0xF4, 0x40, 0xF5, 0x00, 0x00, 0xB4, 0x02, 0xF5, 0x20, 0x00, 0xB4, 0x01, 0xF5, 0x40, 0x00, 0xB4
	.byte 0x01, 0xF5, 0x20, 0x00, 0xB4, 0x01, 0xF5, 0x00, 0x00, 0xB4, 0x02, 0xF5, 0xF8, 0x00, 0xB4, 0x01
	.byte 0xF5, 0xF0, 0x00, 0xB4, 0x01, 0xF5, 0xE8, 0x00, 0xB4, 0x01, 0xF5, 0xE0, 0x00, 0xB4, 0x01, 0xF5
	.byte 0xD8, 0x00, 0xB4, 0x01, 0xF5, 0xD0, 0x00, 0xB4, 0x01, 0xF5, 0xC8, 0x00, 0xB4, 0x01, 0xF5, 0xC0
	.byte 0x01, 0x34, 0xF5, 0xB8, 0xF6, 0x02, 0xF5, 0x00, 0x00, 0xB4, 0x02, 0xF5, 0x20, 0x00, 0xB4, 0x01
	.byte 0xF5, 0x40, 0x00, 0xB4, 0x01, 0xF5, 0x20, 0x00, 0xB4, 0x01, 0xF5, 0x00, 0x00, 0xB4, 0x02, 0xF5
	.byte 0xF8, 0x00, 0xB4, 0x01, 0xF5, 0xF0, 0x00, 0xB4, 0x01, 0xF5, 0xE8, 0x00, 0xB4, 0x01, 0xF5, 0xE0
	.byte 0x00, 0xB4, 0x01, 0xF5, 0xD8, 0x00, 0xB4, 0x01, 0xF5, 0xD0, 0x00, 0xB4, 0x01, 0xF5, 0xC8, 0x00
	.byte 0xB4, 0x01, 0xF5, 0xC0, 0x01, 0x34, 0xF5, 0xB8, 0x01, 0x34, 0xF5, 0xB0, 0x01, 0x34, 0xF5, 0xA8
	.byte 0x01, 0x34, 0xF5, 0xA0, 0x01, 0x34, 0xF5, 0x8E, 0x01, 0x34, 0xF5, 0x86, 0xF6, 0x02, 0xF1, 0x14
	.byte 0xF5, 0xD8, 0x00, 0xB4, 0x01, 0xF5, 0xD0, 0x00, 0xB4, 0x01, 0xF5, 0xC8, 0x00, 0xB4, 0x01, 0xF5
	.byte 0xC0, 0x01, 0x34, 0xF5, 0xB8, 0x01, 0x34, 0xF5, 0xB0, 0x01, 0x34, 0xF5, 0xA8, 0x01, 0x34, 0xF5
	.byte 0xA0, 0x01, 0x34, 0xF5, 0x8E, 0x01, 0x34, 0xF5, 0x86, 0xFF, 0xF0, 0xC3, 0xF1, 0x28, 0x04, 0x40
	.byte 0xF6, 0x04, 0x04, 0x4C, 0xF1, 0x14, 0x08, 0x4C, 0xFF, 0x00, 0x00, 0x00, 0x00, 0x04, 0x04, 0x00
	.byte 0xF9, 0x5A, 0xF0, 0x03, 0xF1, 0x46, 0xF4, 0x18, 0xF5, 0x00, 0x00, 0xB9, 0x01, 0xF5, 0x08, 0x00
	.byte 0xB9, 0x01, 0xF5, 0x10, 0x00, 0xB9, 0x01, 0xF5, 0x18, 0x00, 0xB9, 0x01, 0xF5, 0x20, 0x00, 0xB9
	.byte 0x01, 0xF5, 0x28, 0x00, 0xB9, 0x01, 0xF5, 0x30, 0x00, 0xB9, 0x01, 0xF5, 0x38, 0x00, 0xB9, 0x01
	.byte 0xF5, 0x40, 0x00, 0xB9, 0x01, 0xF5, 0x48, 0x00, 0xB9, 0x01, 0xF5, 0x50, 0x00, 0xB9, 0x01, 0xF5
	.byte 0x58, 0x00, 0xB9, 0x01, 0xF5, 0x60, 0x00, 0xB9, 0x01, 0xF5, 0x68, 0x00, 0xB9, 0x01, 0xF5, 0x70
	.byte 0x00, 0xB9, 0x01, 0xF5, 0x78, 0x00, 0xB9, 0x01, 0xF5, 0x80, 0x00, 0xB9, 0x01, 0xF5, 0x88, 0x00
	.byte 0xB9, 0x01, 0xF5, 0x90, 0x00, 0xB9, 0x01, 0xF5, 0x98, 0x00, 0xB9, 0x01, 0xF5, 0xA0, 0x00, 0xB9
	.byte 0x01, 0xF5, 0xA8, 0x00, 0xB9, 0x01, 0xF5, 0xAE, 0x01, 0x39, 0xF8, 0x83, 0xFF, 0xFF, 0x00, 0x00
	.byte 0x00, 0x0C, 0x06, 0x00, 0x4F, 0x00, 0xF0, 0xC6, 0xF1, 0x78, 0xF4, 0x20, 0xF5, 0x00, 0x00, 0xA8
	.byte 0x02, 0xF5, 0x20, 0x00, 0xA8, 0x01, 0xF5, 0x40, 0x00, 0xA8, 0x01, 0xF5, 0x20, 0x00, 0xA8, 0x01
	.byte 0xF6, 0x02, 0xF1, 0x3C, 0xF5, 0x00, 0x00, 0xA8, 0x02, 0xF5, 0x20, 0x00, 0xA8, 0x01, 0xF5, 0x40
	.byte 0x00, 0xA8, 0x01, 0xF5, 0x20, 0x00, 0xA8, 0x01, 0xF1, 0x14, 0xF5, 0x00, 0x00, 0xA8, 0x02, 0xF5
	.byte 0x20, 0x00, 0xA8, 0x01, 0xF5, 0x40, 0x00, 0xA8, 0x01, 0xF5, 0x20, 0x00, 0xA8, 0x01, 0xFF, 0xF0
	.byte 0xC3, 0xF1, 0x50, 0x03, 0x34, 0x02, 0x32, 0xF6, 0x02, 0x08, 0x3C, 0x04, 0x3B, 0x04, 0x39, 0x02
	.byte 0x37, 0xF1, 0x1E, 0x08, 0x3C, 0x04, 0x3B, 0x04, 0x39, 0x02, 0x37, 0xFF, 0x00, 0x0C, 0x06, 0x00
	.byte 0xB1, 0x00, 0xF0, 0xC6, 0xF1, 0xA0, 0x02, 0x28, 0x02, 0x29, 0x02, 0x2A, 0x02, 0x2B, 0x01, 0x2C
	.byte 0x01, 0x2D, 0x01, 0x2E, 0x01, 0x2F, 0x01, 0x30, 0x01, 0x31, 0x01, 0x32, 0x01, 0x33, 0x01, 0x34
	.byte 0xF1, 0x50, 0x02, 0x28, 0x02, 0x29, 0x02, 0x2A, 0x02, 0x2B, 0x01, 0x2C, 0x01, 0x2D, 0x01, 0x2E
	.byte 0x01, 0x2F, 0x01, 0x30, 0x01, 0x31, 0x01, 0x32, 0x01, 0x33, 0x01, 0x34, 0xF1, 0xA0, 0x02, 0x28
	.byte 0x02, 0x29, 0x02, 0x2A, 0x02, 0x2B, 0x01, 0x2C, 0x01, 0x2D, 0x01, 0x2E, 0x01, 0x2F, 0x01, 0x30
	.byte 0x01, 0x31, 0x01, 0x32, 0x01, 0x33, 0x01, 0x34, 0xF1, 0x50, 0x02, 0x28, 0x02, 0x29, 0x02, 0x2A
	.byte 0x02, 0x2B, 0x01, 0x2C, 0x01, 0x2D, 0x01, 0x2E, 0x01, 0x2F, 0x01, 0x30, 0x01, 0x31, 0x01, 0x32
	.byte 0x01, 0x33, 0x01, 0x34, 0xF1, 0x1E, 0x02, 0x28, 0x02, 0x29, 0x02, 0x2A, 0x02, 0x2B, 0x01, 0x2C
	.byte 0x01, 0x2D, 0x01, 0x2E, 0x01, 0x2F, 0x01, 0x30, 0x01, 0x31, 0x01, 0x32, 0x01, 0x33, 0x01, 0x34
	.byte 0xF1, 0x0A, 0x02, 0x28, 0x02, 0x29, 0x02, 0x2A, 0x02, 0x2B, 0x01, 0x2C, 0x01, 0x2D, 0x01, 0x2E
	.byte 0x01, 0x2F, 0x01, 0x30, 0x01, 0x31, 0x01, 0x32, 0x01, 0x33, 0x01, 0x34, 0xFF, 0xF0, 0xC3, 0xF1
	.byte 0x78, 0x02, 0x34, 0x02, 0x35, 0x02, 0x37, 0x02, 0x34, 0x02, 0x35, 0x02, 0x37, 0xF1, 0x3C, 0x02
	.byte 0x34, 0x02, 0x35, 0x02, 0x37, 0xF1, 0x14, 0x02, 0x34, 0x02, 0x35, 0x02, 0x37, 0xF1, 0x78, 0x02
	.byte 0x34, 0x02, 0x35, 0x02, 0x37, 0x02, 0x34, 0x02, 0x35, 0x02, 0x37, 0xF1, 0x3C, 0x02, 0x34, 0x02
	.byte 0x35, 0x02, 0x37, 0xF1, 0x14, 0x02, 0x34, 0x02, 0x35, 0x02, 0x37, 0xFF, 0x00, 0x04, 0x04, 0x00
	.byte 0xF9, 0xB4, 0xF0, 0xC5, 0xF1, 0x3C, 0xF4, 0x40, 0xF5, 0x00, 0x00, 0xD1, 0x02, 0xF5, 0x08, 0x00
	.byte 0xD1, 0x02, 0xF5, 0x10, 0x00, 0xD1, 0x02, 0xF5, 0x18, 0x00, 0xD1, 0x02, 0xF5, 0x20, 0xF6, 0x04
	.byte 0xF1, 0x1E, 0xF5, 0x00, 0x00, 0xD1, 0x02, 0xF5, 0x08, 0x00, 0xD1, 0x02, 0xF5, 0x10, 0x00, 0xD1
	.byte 0x02, 0xF5, 0x18, 0x00, 0xD1, 0x02, 0xF5, 0x20, 0xF1, 0x0A, 0xF5, 0x00, 0x00, 0xD1, 0x02, 0xF5
	.byte 0x08, 0x00, 0xD1, 0x02, 0xF5, 0x10, 0x00, 0xD1, 0x02, 0xF5, 0x18, 0x00, 0xD1, 0x02, 0xF5, 0x20
	.byte 0xFF, 0x00, 0x00, 0x00, 0x00, 0x04, 0x04, 0x00, 0xF0, 0xC5, 0xF1, 0x50, 0xF4, 0x18, 0xF6, 0x02
	.byte 0xF5, 0x00, 0x00, 0xC5, 0x01, 0xF5, 0x08, 0x00, 0xC5, 0x01, 0xF5, 0x10, 0x00, 0xC5, 0x01, 0xF5
	.byte 0x18, 0x00, 0xC5, 0x01, 0xF5, 0x20, 0x00, 0xC5, 0x01, 0xF5, 0x28, 0x00, 0xC5, 0x01, 0xF5, 0x30
	.byte 0x00, 0xC5, 0x01, 0xF5, 0x38, 0x00, 0xC5, 0x01, 0xF5, 0x40, 0x00, 0xC5, 0x01, 0xF5, 0x48, 0x00
	.byte 0xC5, 0x01, 0xF5, 0x50, 0x00, 0xC5, 0x01, 0xF5, 0x58, 0x00, 0xC5, 0x01, 0xF5, 0x60, 0x00, 0xC5
	.byte 0x01, 0xF5, 0x68, 0x00, 0xC5, 0x01, 0xF5, 0x70, 0x00, 0xC5, 0x01, 0xF5, 0x78, 0x01, 0x45, 0xF5
	.byte 0xB4, 0xF1, 0x1E, 0xF5, 0x00, 0x00, 0xC5, 0x01, 0xF5, 0x08, 0x00, 0xC5, 0x01, 0xF5, 0x10, 0x00
	.byte 0xC5, 0x01, 0xF5, 0x18, 0x00, 0xC5, 0x01, 0xF5, 0x20, 0x00, 0xC5, 0x01, 0xF5, 0x28, 0x00, 0xC5
	.byte 0x01, 0xF5, 0x30, 0x00, 0xC5, 0x01, 0xF5, 0x38, 0x00, 0xC5, 0x01, 0xF5, 0x40, 0x00, 0xC5, 0x01
	.byte 0xF5, 0x48, 0x00, 0xC5, 0x01, 0xF5, 0x50, 0x00, 0xC5, 0x01, 0xF5, 0x58, 0x00, 0xC5, 0x01, 0xF5
	.byte 0x60, 0x00, 0xC5, 0x01, 0xF5, 0x68, 0x00, 0xC5, 0x01, 0xF5, 0x70, 0x00, 0xC5, 0x01, 0xF5, 0x78
	.byte 0x01, 0x45, 0xF5, 0xB4, 0xF1, 0x0A, 0xF5, 0x00, 0x00, 0xC5, 0x01, 0xF5, 0x08, 0x00, 0xC5, 0x01
	.byte 0xF5, 0x10, 0x00, 0xC5, 0x01, 0xF5, 0x18, 0x00, 0xC5, 0x01, 0xF5, 0x20, 0x00, 0xC5, 0x01, 0xF5
	.byte 0x28, 0x00, 0xC5, 0x01, 0xF5, 0x30, 0x00, 0xC5, 0x01, 0xF5, 0x38, 0x00, 0xC5, 0x01, 0xF5, 0x40
	.byte 0x00, 0xC5, 0x01, 0xF5, 0x48, 0x00, 0xC5, 0x01, 0xF5, 0x50, 0x00, 0xC5, 0x01, 0xF5, 0x58, 0x00
	.byte 0xC5, 0x01, 0xF5, 0x60, 0x00, 0xC5, 0x01, 0xF5, 0x68, 0x00, 0xC5, 0x01, 0xF5, 0x70, 0x00, 0xC5
	.byte 0x01, 0xF5, 0x78, 0x01, 0x45, 0xF5, 0xB4, 0xFF, 0x00, 0x0C, 0x06, 0x00, 0x57, 0x00, 0xF0, 0xC5
	.byte 0xF1, 0x64, 0xF4, 0x18, 0xF5, 0x00, 0x01, 0x37, 0x01, 0x3C, 0xF5, 0x08, 0x01, 0x37, 0x01, 0x3C
	.byte 0xF5, 0x10, 0x01, 0x37, 0x01, 0x3C, 0xF5, 0x18, 0x01, 0x37, 0x01, 0x3C, 0xF5, 0x20, 0x01, 0x37
	.byte 0x01, 0x3C, 0xF5, 0x28, 0x01, 0x37, 0x01, 0x3C, 0xF5, 0x30, 0x01, 0x37, 0x01, 0x3C, 0xF5, 0x38
	.byte 0x01, 0x37, 0x01, 0x3C, 0xF5, 0x40, 0x01, 0x37, 0x01, 0x3C, 0xF5, 0x48, 0x01, 0x37, 0x01, 0x3C
	.byte 0xF5, 0x50, 0x01, 0x37, 0x01, 0x3C, 0xF5, 0x58, 0x01, 0x37, 0x01, 0x3C, 0xF5, 0x60, 0xFF, 0xF0
	.byte 0xC3, 0xF1, 0x3C, 0xF6, 0x08, 0x04, 0x41, 0x04, 0x43, 0xF1, 0x14, 0x04, 0x43, 0x04, 0x45, 0xF1
	.byte 0x3C, 0x08, 0x41, 0x08, 0x43, 0x0C, 0x45, 0xF1, 0x14, 0x08, 0x41, 0x08, 0x43, 0x0C, 0x45, 0xFF
	.byte 0x00, 0x08, 0x04, 0x00, 0xF0, 0xC3, 0xF1, 0x50, 0x01, 0x43, 0x01, 0x4F, 0xF6, 0x04, 0x01, 0x43
	.byte 0x01, 0x4F, 0xF6, 0x06, 0x01, 0x43, 0x01, 0x4F, 0xF6, 0x08, 0x01, 0x43, 0x01, 0x4F, 0xF6, 0x08
	.byte 0x01, 0x43, 0x01, 0x4F, 0xF6, 0x06, 0x01, 0x43, 0x01, 0x4F, 0xF6, 0x04, 0x01, 0x43, 0x01, 0x4F
	.byte 0xF6, 0x02, 0x01, 0x43, 0x01, 0x4F, 0xF6, 0x02, 0x01, 0x43, 0x01, 0x4F, 0xF6, 0x02, 0x01, 0x43
	.byte 0x01, 0x4F, 0xF6, 0x02, 0x01, 0x43, 0x01, 0x4F, 0xF6, 0x02, 0xF1, 0x3C, 0x01, 0x43, 0x01, 0x4F
	.byte 0xF6, 0x02, 0xF1, 0x28, 0x01, 0x43, 0x01, 0x4F, 0xF6, 0x02, 0xF1, 0x1E, 0x01, 0x43, 0x01, 0x4F
	.byte 0xF6, 0x02, 0xF1, 0x14, 0x01, 0x43, 0x01, 0x4F, 0xF6, 0x02, 0xF1, 0x0A, 0x01, 0x43, 0x01, 0x4F
	.byte 0xF6, 0x02, 0xFF, 0xF0, 0xC3, 0xF1, 0x50, 0x01, 0x43, 0x01, 0x4F, 0xF6, 0x04, 0x01, 0x43, 0x01
	.byte 0x4F, 0xF6, 0x06, 0x01, 0x43, 0x01, 0x4F, 0xF6, 0x08, 0x01, 0x43, 0x01, 0x4F, 0xF6, 0x08, 0x01
	.byte 0x43, 0x01, 0x4F, 0xF6, 0x06, 0x01, 0x43, 0x01, 0x4F, 0xF6, 0x04, 0x01, 0x43, 0x01, 0x4F, 0xF6
	.byte 0x02, 0x01, 0x43, 0x01, 0x4F, 0xF6, 0x02, 0x01, 0x43, 0x01, 0x4F, 0xF6, 0x02, 0x01, 0x43, 0x01
	.byte 0x4F, 0xF6, 0x02, 0x01, 0x43, 0x01, 0x4F, 0xF6, 0x02, 0x01, 0x43, 0x01, 0x4F, 0xF6, 0x02, 0x01
	.byte 0x43, 0x01, 0x4F, 0xF6, 0x02, 0x01, 0x43, 0x01, 0x4F, 0xF6, 0x02, 0x01, 0x43, 0x01, 0x4F, 0xF6
	.byte 0x02, 0x01, 0x43, 0x01, 0x4F, 0xF6, 0x02, 0xF8, 0x99, 0xFF, 0xFF, 0x00, 0x00, 0x0C, 0x06, 0x00
	.byte 0xE5, 0x00, 0xF0, 0xC5, 0xF1, 0xA0, 0xF4, 0x20, 0xF1, 0xA0, 0xF5, 0x00, 0x01, 0x39, 0xF5, 0x08
	.byte 0x01, 0x39, 0xF5, 0x10, 0x01, 0x39, 0xF5, 0x18, 0x01, 0x39, 0xF5, 0x20, 0x01, 0x39, 0xF5, 0x28
	.byte 0x01, 0x39, 0xF5, 0x30, 0x01, 0x39, 0xF5, 0x38, 0x01, 0x39, 0xF5, 0x40, 0x01, 0x39, 0xF5, 0x48
	.byte 0x01, 0x39, 0xF5, 0x50, 0x01, 0x39, 0xF5, 0x58, 0x01, 0x39, 0xF5, 0x60, 0x01, 0x39, 0xF5, 0x68
	.byte 0x01, 0x39, 0xF5, 0x70, 0x01, 0x39, 0xF5, 0x78, 0x01, 0x39, 0xF5, 0x80, 0x01, 0x39, 0xF5, 0x88
	.byte 0xF1, 0x32, 0xF5, 0x00, 0x01, 0x3B, 0xF5, 0x08, 0x01, 0x3B, 0xF5, 0x10, 0x01, 0x3B, 0xF5, 0x18
	.byte 0x01, 0x3B, 0xF5, 0x20, 0x01, 0x3B, 0xF5, 0x28, 0x01, 0x3B, 0xF5, 0x30, 0x01, 0x3B, 0xF5, 0x38
	.byte 0x01, 0x3B, 0xF5, 0x40, 0x01, 0x3B, 0xF5, 0x48, 0x01, 0x3B, 0xF5, 0x50, 0x01, 0x3B, 0xF5, 0x58
	.byte 0x01, 0x3B, 0xF5, 0x60, 0x01, 0x3B, 0xF5, 0x68, 0x01, 0x3B, 0xF5, 0x70, 0x01, 0x3B, 0xF5, 0x78
	.byte 0x01, 0x3B, 0xF5, 0x80, 0x01, 0x3B, 0xF5, 0x88, 0xF1, 0x14, 0xF5, 0x00, 0x01, 0x3C, 0xF5, 0x08
	.byte 0x01, 0x3C, 0xF5, 0x10, 0x01, 0x3C, 0xF5, 0x18, 0x01, 0x3C, 0xF5, 0x20, 0x01, 0x3C, 0xF5, 0x28
	.byte 0x01, 0x3C, 0xF5, 0x30, 0x01, 0x3C, 0xF5, 0x38, 0x01, 0x3C, 0xF5, 0x40, 0x01, 0x3C, 0xF5, 0x48
	.byte 0x01, 0x3C, 0xF5, 0x50, 0x01, 0x3C, 0xF5, 0x58, 0x01, 0x3C, 0xF5, 0x60, 0x01, 0x3C, 0xF5, 0x68
	.byte 0x01, 0x3C, 0xF5, 0x70, 0x01, 0x3C, 0xF5, 0x78, 0x01, 0x3C, 0xF5, 0x80, 0x01, 0x3C, 0xF5, 0x88
	.byte 0xFF, 0xF0, 0xC3, 0xF1, 0x3C, 0x02, 0x45, 0x02, 0x47, 0x02, 0x48, 0xF6, 0x04, 0x02, 0x45, 0x02
	.byte 0x47, 0x02, 0x48, 0xF6, 0x04, 0xF1, 0x28, 0x02, 0x45, 0x02, 0x47, 0x02, 0x48, 0xF6, 0x04, 0x02
	.byte 0x45, 0x02, 0x47, 0x02, 0x48, 0xF6, 0x04, 0xF1, 0x14, 0x02, 0x45, 0x02, 0x47, 0x02, 0x48, 0xF6
	.byte 0x04, 0x02, 0x45, 0x02, 0x47, 0x02, 0x48, 0xFF, 0x02, 0x00, 0x04, 0x00, 0xF0, 0x7A, 0xF1, 0xFA
	.byte 0x30, 0x3C, 0xFF, 0x00, 0x02, 0x00, 0x04, 0x00, 0xF0, 0x8A, 0xF1, 0xFA, 0x40, 0x3C, 0xFF, 0x00
	.byte 0xFC, 0x03, 0x12, 0x00, 0xA6, 0x00, 0x4C, 0x03, 0x50, 0x04, 0x5C, 0x05, 0x22, 0x06, 0x98, 0x06
	.byte 0x30, 0x07, 0xF9, 0x84, 0xF6, 0x18, 0xF2, 0x7F, 0xF0, 0x15, 0xF1, 0x64, 0x30, 0x44, 0x0C, 0x46
	.byte 0x0C, 0x48, 0x0C, 0x49, 0xF1, 0x28, 0x0C, 0x49, 0xF1, 0x64, 0x0C, 0x50, 0xF1, 0x28, 0x0C, 0x50
	.byte 0xF9, 0x77, 0xF1, 0x64, 0x0C, 0x55, 0xF1, 0x28, 0x0C, 0x55, 0xF6, 0x18, 0xF9, 0x88, 0xF0, 0x15
	.byte 0xF1, 0x64, 0x18, 0x3D, 0xF1, 0x28, 0x0C, 0x3D, 0xF6, 0x24, 0xF1, 0x64, 0x18, 0x3B, 0xF1, 0x28
	.byte 0x0C, 0x3B, 0xF6, 0x24, 0xF1, 0x64, 0x18, 0x39, 0x18, 0x3B, 0x18, 0x40, 0xF1, 0x28, 0x0C, 0x40
	.byte 0xF6, 0x24, 0xF1, 0x64, 0x18, 0x3E, 0xF1, 0x28, 0x0C, 0x3E, 0xF6, 0x24, 0xF1, 0x64, 0x18, 0x3C
	.byte 0x18, 0x3E, 0x18, 0x39, 0xF1, 0x28, 0x0C, 0x39, 0xF6, 0x24, 0xF1, 0x64, 0x18, 0x37, 0xF1, 0x28
	.byte 0x0C, 0x37, 0xF6, 0x24, 0xF1, 0x64, 0x18, 0x35, 0x18, 0x37, 0x18, 0x3F, 0xF1, 0x28, 0x0C, 0x3F
	.byte 0xF6, 0x24, 0xF1, 0x64, 0x18, 0x3D, 0xF1, 0x28, 0x0C, 0x3D, 0xF6, 0x24, 0xF1, 0x64, 0x18, 0x3B
	.byte 0x18, 0x3D, 0xF8, 0x99, 0xFF, 0xFF, 0xF9, 0x84, 0xF2, 0x7F, 0xF0, 0x26, 0xF1, 0xDC, 0x0C, 0x44
	.byte 0xF6, 0x0C, 0x24, 0x50, 0x0C, 0x4E, 0x0C, 0x41, 0x0C, 0x4B, 0x0C, 0x49, 0xF1, 0x28, 0x0C, 0x49
	.byte 0xF1, 0x8C, 0x0C, 0x44, 0xF1, 0x28, 0x0C, 0x44, 0xF9, 0x77, 0xF1, 0x8C, 0x0C, 0x3D, 0xF1, 0x28
	.byte 0x0C, 0x3D, 0xF6, 0x18, 0xF9, 0x88, 0xF0, 0x03, 0xF1, 0xB4, 0x0C, 0x31, 0xF6, 0x02, 0xF1, 0x50
	.byte 0x02, 0x31, 0xF6, 0x08, 0xF0, 0x0B, 0xF1, 0xB4, 0x02, 0x3D, 0xF6, 0x02, 0xF1, 0x50, 0x02, 0x3D
	.byte 0xF6, 0x06, 0xF1, 0xB4, 0x02, 0x31, 0xF6, 0x02, 0xF1, 0x50, 0x02, 0x31, 0xF6, 0x06, 0xF1, 0xB4
	.byte 0x02, 0x31, 0xF6, 0x02, 0xF1, 0x50, 0x02, 0x31, 0xF6, 0x06, 0xF1, 0xB4, 0x02, 0x3D, 0xF6, 0x02
	.byte 0xF1, 0x50, 0x02, 0x3D, 0xF6, 0x06, 0xF1, 0xB4, 0x02, 0x3B, 0xF6, 0x02, 0xF1, 0x50, 0x02, 0x3B
	.byte 0xF6, 0x06, 0xF1, 0xB4, 0xF0, 0x03, 0x10, 0x2F, 0xF6, 0x02, 0xF1, 0x50, 0x02, 0x2F, 0xF6, 0x04
	.byte 0xF0, 0x0B, 0xF1, 0xB4, 0x02, 0x2F, 0xF6, 0x02, 0xF1, 0x50, 0x02, 0x2F, 0xF6, 0x06, 0xF1, 0xB4
	.byte 0x02, 0x47, 0xF6, 0x02, 0xF1, 0x50, 0x02, 0x3B, 0xF6, 0x06, 0xF0, 0x03, 0xF1, 0xB4, 0x0A, 0x2F
	.byte 0xF6, 0x02, 0x08, 0x2D, 0xF6, 0x04, 0xF0, 0x0B, 0x02, 0x39, 0xF6, 0x02, 0xF1, 0x50, 0x02, 0x39
	.byte 0xF6, 0x06, 0xF0, 0x03, 0xF1, 0xB4, 0x08, 0x2F, 0xF6, 0x04, 0xF0, 0x0B, 0x02, 0x3B, 0xF6, 0x02
	.byte 0xF1, 0x50, 0x02, 0x3B, 0xF6, 0x06, 0xF0, 0x03, 0xF1, 0xB4, 0x0C, 0x34, 0xF6, 0x02, 0xF1, 0x50
	.byte 0x02, 0x34, 0xF6, 0x08, 0xF0, 0x0B, 0xF1, 0xB4, 0x02, 0x40, 0xF6, 0x02, 0xF1, 0x50, 0x02, 0x40
	.byte 0xF6, 0x06, 0xF1, 0xB4, 0x02, 0x34, 0xF6, 0x02, 0xF1, 0x50, 0x02, 0x34, 0xF6, 0x06, 0xF1, 0xB4
	.byte 0x02, 0x34, 0xF6, 0x02, 0xF1, 0x50, 0x02, 0x34, 0xF6, 0x06, 0xF1, 0xB4, 0x02, 0x40, 0xF6, 0x02
	.byte 0xF1, 0x50, 0x02, 0x40, 0xF6, 0x06, 0xF1, 0xB4, 0x02, 0x3E, 0xF6, 0x02, 0xF1, 0x50, 0x02, 0x3E
	.byte 0xF6, 0x06, 0xF0, 0x03, 0xF1, 0xB4, 0x10, 0x32, 0xF6, 0x02, 0xF1, 0x50, 0x02, 0x32, 0xF6, 0x04
	.byte 0xF0, 0x0B, 0xF1, 0xB4, 0x02, 0x32, 0xF6, 0x02, 0xF1, 0x50, 0x02, 0x32, 0xF6, 0x06, 0xF1, 0xB4
	.byte 0x02, 0x3E, 0xF6, 0x02, 0xF1, 0x50, 0x02, 0x3E, 0xF6, 0x06, 0xF0, 0x03, 0xF1, 0xB4, 0x0A, 0x32
	.byte 0xF6, 0x02, 0x08, 0x30, 0xF6, 0x04, 0xF0, 0x0B, 0x02, 0x3C, 0xF6, 0x02, 0xF1, 0x50, 0x02, 0x3C
	.byte 0xF6, 0x06, 0xF0, 0x03, 0xF1, 0xB4, 0x08, 0x32, 0xF6, 0x04, 0xF0, 0x0B, 0x02, 0x3E, 0xF6, 0x02
	.byte 0xF1, 0x50, 0x02, 0x3E, 0xF6, 0x06, 0xF0, 0x03, 0xF1, 0xB4, 0x08, 0x39, 0xF6, 0x02, 0xF1, 0x50
	.byte 0x02, 0x39, 0xF6, 0x0C, 0xF0, 0x0B, 0xF1, 0xB4, 0x02, 0x45, 0xF6, 0x02, 0xF1, 0x50, 0x02, 0x45
	.byte 0xF6, 0x06, 0xF1, 0xB4, 0x02, 0x39, 0xF6, 0x02, 0xF1, 0x50, 0x02, 0x39, 0xF6, 0x06, 0xF1, 0xB4
	.byte 0x02, 0x39, 0xF6, 0x02, 0xF1, 0x50, 0x02, 0x39, 0xF6, 0x06, 0xF1, 0xB4, 0x02, 0x45, 0xF6, 0x02
	.byte 0xF1, 0x50, 0x02, 0x45, 0xF6, 0x06, 0xF1, 0xB4, 0x02, 0x43, 0xF6, 0x02, 0xF1, 0x50, 0x02, 0x43
	.byte 0xF6, 0x06, 0xF0, 0x03, 0xF1, 0xB4, 0x10, 0x37, 0xF6, 0x02, 0xF1, 0x50, 0x02, 0x37, 0xF6, 0x04
	.byte 0xF0, 0x0B, 0xF1, 0xB4, 0x02, 0x37, 0xF6, 0x02, 0xF1, 0x50, 0x02, 0x37, 0xF6, 0x06, 0xF1, 0xB4
	.byte 0x02, 0x43, 0xF6, 0x02, 0xF1, 0x50, 0x02, 0x43, 0xF6, 0x06, 0xF0, 0x03, 0xF1, 0xB4, 0x08, 0x37
	.byte 0xF6, 0x04, 0x06, 0x35, 0xF6, 0x06, 0xF0, 0x0B, 0x02, 0x41, 0xF6, 0x02, 0xF1, 0x50, 0x02, 0x41
	.byte 0xF6, 0x06, 0xF0, 0x03, 0xF1, 0xB4, 0x06, 0x37, 0xF6, 0x06, 0xF0, 0x0B, 0x02, 0x43, 0xF6, 0x02
	.byte 0xF1, 0x50, 0x02, 0x43, 0xF6, 0x06, 0xF0, 0x03, 0xF1, 0xB4, 0x0C, 0x33, 0xF6, 0x02, 0xF1, 0x50
	.byte 0x02, 0x33, 0xF6, 0x08, 0xF0, 0x0B, 0xF1, 0xB4, 0x02, 0x3F, 0xF6, 0x02, 0xF1, 0x50, 0x02, 0x3F
	.byte 0xF6, 0x06, 0xF1, 0xB4, 0x02, 0x33, 0xF6, 0x02, 0xF1, 0x50, 0x02, 0x33, 0xF6, 0x06, 0xF1, 0xB4
	.byte 0x02, 0x33, 0xF6, 0x02, 0xF1, 0x50, 0x02, 0x33, 0xF6, 0x06, 0xF1, 0xB4, 0x02, 0x3F, 0xF6, 0x02
	.byte 0xF1, 0x50, 0x02, 0x3F, 0xF6, 0x06, 0xF1, 0xB4, 0x02, 0x3D, 0xF6, 0x02, 0xF1, 0x50, 0x02, 0x3D
	.byte 0xF6, 0x06, 0xF0, 0x03, 0xF1, 0xB4, 0x10, 0x31, 0xF6, 0x02, 0xF1, 0x50, 0x02, 0x31, 0xF6, 0x04
	.byte 0xF0, 0x0B, 0xF1, 0xB4, 0x02, 0x31, 0xF6, 0x02, 0xF1, 0x50, 0x02, 0x31, 0xF6, 0x06, 0xF1, 0xB4
	.byte 0x02, 0x3D, 0xF6, 0x02, 0xF1, 0x50, 0x02, 0x3D, 0xF6, 0x06, 0xF0, 0x03, 0xF1, 0xB4, 0x0A, 0x31
	.byte 0xF6, 0x02, 0x08, 0x2F, 0xF6, 0x04, 0xF0, 0x0B, 0x02, 0x3B, 0xF6, 0x0A, 0xF0, 0x03, 0x08, 0x31
	.byte 0xF6, 0x04, 0xF0, 0x0B, 0x02, 0x3D, 0xF6, 0x0A, 0xF8, 0x8B, 0xFD, 0xFF, 0xF9, 0x84, 0xF6, 0x79
	.byte 0xF2, 0xC8, 0xF0, 0x0C, 0xF1, 0xB4, 0x0C, 0x50, 0xF1, 0x3C, 0x0C, 0x50, 0xF1, 0xB4, 0xF9, 0x77
	.byte 0x0C, 0x55, 0xF1, 0x3C, 0x0C, 0x55, 0xF6, 0x17, 0xF9, 0x88, 0xF1, 0xB4, 0x0D, 0x41, 0xF1, 0x3C
	.byte 0x0C, 0x41, 0xF1, 0xB4, 0x0C, 0x44, 0xF1, 0x3C, 0x0C, 0x44, 0xF1, 0xB4, 0x0C, 0x49, 0xF1, 0x3C
	.byte 0x0C, 0x49, 0xF1, 0xB4, 0x0C, 0x3F, 0x0C, 0x42, 0xF1, 0x3C, 0x0C, 0x42, 0xF1, 0xB4, 0x0C, 0x47
	.byte 0xF1, 0x3C, 0x0C, 0x47, 0xF1, 0xB4, 0x0C, 0x3D, 0x0C, 0x40, 0xF1, 0x3C, 0x0C, 0x40, 0xF1, 0xB4
	.byte 0x0C, 0x3F, 0x0C, 0x42, 0x0C, 0x44, 0xF1, 0x3C, 0x0C, 0x44, 0xF1, 0xB4, 0x0C, 0x47, 0xF1, 0x3C
	.byte 0x0C, 0x47, 0xF1, 0xB4, 0x0C, 0x4C, 0xF1, 0x3C, 0x0C, 0x4C, 0xF1, 0xB4, 0x0C, 0x42, 0x0C, 0x45
	.byte 0xF1, 0x3C, 0x0C, 0x45, 0xF1, 0xB4, 0x0C, 0x4A, 0xF1, 0x3C, 0x0C, 0x4A, 0xF1, 0xB4, 0x0C, 0x40
	.byte 0x0C, 0x43, 0xF1, 0x3C, 0x0C, 0x43, 0xF1, 0xB4, 0x0C, 0x42, 0x0C, 0x45, 0x0C, 0x3D, 0xF1, 0x3C
	.byte 0x0C, 0x3D, 0xF1, 0xB4, 0x0C, 0x40, 0xF1, 0x3C, 0x0C, 0x40, 0xF1, 0xB4, 0x0C, 0x45, 0xF1, 0x3C
	.byte 0x0C, 0x45, 0xF1, 0xB4, 0x0C, 0x3B, 0x0C, 0x3E, 0xF1, 0x3C, 0x0C, 0x3E, 0xF1, 0xB4, 0x0C, 0x43
	.byte 0xF1, 0x3C, 0x0C, 0x43, 0xF1, 0xB4, 0x0C, 0x39, 0x0C, 0x3C, 0xF1, 0x3C, 0x0C, 0x3C, 0xF1, 0xB4
	.byte 0x0C, 0x3B, 0x0C, 0x3E, 0x0C, 0x43, 0xF1, 0x3C, 0x0C, 0x43, 0xF1, 0xB4, 0x0C, 0x46, 0xF1, 0x3C
	.byte 0x0C, 0x46, 0xF1, 0xB4, 0x0C, 0x4B, 0xF1, 0x3C, 0x0C, 0x4B, 0xF1, 0xB4, 0x0C, 0x41, 0x0C, 0x44
	.byte 0xF1, 0x3C, 0x0C, 0x44, 0xF1, 0xB4, 0x0C, 0x49, 0xF1, 0x3C, 0x0C, 0x49, 0xF1, 0xB4, 0x0C, 0x3F
	.byte 0x0C, 0x42, 0xF1, 0x3C, 0x0C, 0x42, 0xF1, 0xB4, 0x0C, 0x41, 0x0B, 0x44, 0xF8, 0x1B, 0xFF, 0xFF
	.byte 0xF9, 0x84, 0xF6, 0x78, 0xF2, 0x1E, 0xF0, 0x0C, 0xF1, 0x64, 0x0C, 0x4D, 0xF1, 0x28, 0x0C, 0x4D
	.byte 0xF1, 0x78, 0xF9, 0x77, 0x0C, 0x50, 0xF1, 0x28, 0x0C, 0x50, 0xF6, 0x18, 0xF9, 0x88, 0xF6, 0x12
	.byte 0x0C, 0x41, 0xF1, 0x28, 0x0C, 0x41, 0xF1, 0x64, 0x0C, 0x44, 0xF1, 0x28, 0x0C, 0x44, 0xF1, 0x64
	.byte 0x0C, 0x49, 0xF1, 0x28, 0x0C, 0x49, 0xF1, 0x64, 0x0C, 0x3F, 0x0C, 0x42, 0xF1, 0x28, 0x0C, 0x42
	.byte 0xF1, 0x64, 0x0C, 0x47, 0xF1, 0x28, 0x0C, 0x47, 0xF1, 0x64, 0x0C, 0x3D, 0x0C, 0x40, 0xF1, 0x28
	.byte 0x0C, 0x40, 0xF1, 0x64, 0x00, 0xBF, 0x06, 0x06, 0x3F, 0x0C, 0x42, 0x0C, 0x44, 0xF1, 0x28, 0x0C
	.byte 0x44, 0xF1, 0x64, 0x0C, 0x47, 0xF1, 0x28, 0x0C, 0x47, 0xF1, 0x64, 0x0C, 0x4C, 0xF1, 0x28, 0x0C
	.byte 0x4C, 0xF1, 0x64, 0x0C, 0x42, 0x0C, 0x45, 0xF1, 0x28, 0x0C, 0x45, 0xF1, 0x64, 0x0C, 0x4A, 0xF1
	.byte 0x28, 0x0C, 0x4A, 0xF1, 0x64, 0x0C, 0x40, 0x0C, 0x43, 0xF1, 0x28, 0x0C, 0x43, 0xF1, 0x64, 0x00
	.byte 0xC2, 0x06, 0x06, 0x42, 0x0C, 0x45, 0x0C, 0x3D, 0xF1, 0x28, 0x0C, 0x3D, 0xF1, 0x64, 0x0C, 0x40
	.byte 0xF1, 0x28, 0x0C, 0x40, 0xF1, 0x64, 0x0C, 0x45, 0xF1, 0x28, 0x0C, 0x45, 0xF1, 0x64, 0x0C, 0x3B
	.byte 0x0C, 0x3E, 0xF1, 0x28, 0x0C, 0x3E, 0xF1, 0x64, 0x0C, 0x43, 0xF1, 0x28, 0x0C, 0x43, 0xF1, 0x64
	.byte 0x0C, 0x39, 0x0C, 0x3C, 0xF1, 0x28, 0x0C, 0x3C, 0xF1, 0x64, 0x00, 0xBB, 0x06, 0x06, 0x3B, 0x0C
	.byte 0x3E, 0x0C, 0x43, 0xF1, 0x28, 0x0C, 0x43, 0xF1, 0x64, 0x0C, 0x46, 0xF1, 0x28, 0x0C, 0x46, 0xF1
	.byte 0x64, 0x0C, 0x4B, 0xF1, 0x28, 0x0C, 0x4B, 0xF1, 0x64, 0x0C, 0x41, 0x0C, 0x44, 0xF1, 0x28, 0x0C
	.byte 0x44, 0xF1, 0x64, 0x0C, 0x49, 0xF1, 0x28, 0x0C, 0x49, 0xF1, 0x64, 0x0C, 0x3F, 0x0C, 0x42, 0xF1
	.byte 0x28, 0x0C, 0x42, 0xF1, 0x64, 0x00, 0xC1, 0x06, 0xF8, 0x13, 0xFF, 0xFF, 0xF9, 0x84, 0xF6, 0x01
	.byte 0xF2, 0x50, 0xF0, 0x07, 0xF1, 0x78, 0x06, 0x28, 0xF1, 0x50, 0x06, 0x28, 0x04, 0x28, 0xF1, 0x28
	.byte 0x04, 0x28, 0x04, 0x28, 0x06, 0x28, 0x06, 0x28, 0xF1, 0x3C, 0x06, 0x28, 0x06, 0x28, 0x06, 0x28
	.byte 0xF1, 0x5A, 0x06, 0x28, 0x06, 0x28, 0x06, 0x28, 0xF1, 0x78, 0x06, 0x28, 0x06, 0x28, 0x06, 0x28
	.byte 0x06, 0x28, 0x18, 0x28, 0xF6, 0x18, 0xF9, 0x77, 0x2F, 0x32, 0xF9, 0x88, 0xF1, 0x8C, 0xF6, 0x0D
	.byte 0x0C, 0x29, 0x0C, 0x29, 0xF6, 0x0C, 0x0C, 0x29, 0xF6, 0x0C, 0x0C, 0x29, 0x0C, 0x29, 0x0C, 0x29
	.byte 0x0C, 0x29, 0xF6, 0x0C, 0x0C, 0x29, 0x0C, 0x29, 0xF6, 0x0C, 0x0C, 0x29, 0x0C, 0x29, 0xF6, 0x0C
	.byte 0x0C, 0x29, 0x0C, 0x29, 0xF6, 0x0C, 0x0C, 0x29, 0xF6, 0x0C, 0x0C, 0x29, 0x0C, 0x29, 0xF6, 0x0C
	.byte 0x0C, 0x29, 0xF6, 0x0C, 0x0C, 0x29, 0x0C, 0x29, 0xF6, 0x0C, 0x0C, 0x29, 0x0C, 0x29, 0xF6, 0x0C
	.byte 0x0C, 0x29, 0x0C, 0x29, 0xF6, 0x0C, 0x0C, 0x29, 0xF6, 0x0C, 0x0C, 0x29, 0x0C, 0x29, 0x0C, 0x29
	.byte 0x0C, 0x29, 0xF6, 0x0C, 0x0C, 0x29, 0x0C, 0x29, 0xF6, 0x0C, 0x0C, 0x29, 0x0C, 0x29, 0xF6, 0x0C
	.byte 0x0C, 0x29, 0x0C, 0x29, 0xF6, 0x0C, 0x0C, 0x29, 0xF6, 0x0C, 0x0C, 0x29, 0x0C, 0x29, 0xF6, 0x0C
	.byte 0x0C, 0x29, 0xF6, 0x0C, 0x0C, 0x29, 0x0C, 0x29, 0xF6, 0x0C, 0x0C, 0x29, 0x0B, 0x29, 0xF8, 0x7B
	.byte 0xFF, 0xFF, 0xF9, 0x84, 0xF6, 0x18, 0xF2, 0xAA, 0xF0, 0x15, 0xF1, 0x50, 0x48, 0x41, 0x0C, 0x44
	.byte 0xF1, 0x1E, 0x0C, 0x44, 0xF1, 0x64, 0x0C, 0x41, 0xF1, 0x1E, 0x0C, 0x41, 0xF9, 0x77, 0xF1, 0x64
	.byte 0x0C, 0x4D, 0xF1, 0x1E, 0x0C, 0x4D, 0xF6, 0x18, 0xF9, 0x88, 0xF2, 0x7F, 0xF0, 0x07, 0xF1, 0xA0
	.byte 0x18, 0x24, 0xF6, 0x18, 0x18, 0x24, 0xF6, 0x0C, 0x18, 0x24, 0x18, 0x24, 0xF6, 0x0C, 0x18, 0x24
	.byte 0x18, 0x24, 0x18, 0x24, 0xF6, 0x18, 0x18, 0x24, 0xF6, 0x18, 0x18, 0x24, 0xF6, 0x18, 0x18, 0x24
	.byte 0x18, 0x24, 0x18, 0x24, 0xF6, 0x18, 0x18, 0x24, 0xF6, 0x0C, 0x18, 0x24, 0x18, 0x24, 0xF6, 0x0C
	.byte 0x18, 0x24, 0x18, 0x24, 0x18, 0x24, 0xF6, 0x18, 0x18, 0x24, 0xF6, 0x18, 0x18, 0x24, 0xF6, 0x18
	.byte 0x18, 0x24, 0x18, 0x24, 0xF8, 0xB3, 0xFF, 0xFF, 0xF9, 0x84, 0xF6, 0x01, 0xF2, 0x7F, 0xF0, 0xC0
	.byte 0xF1, 0x28, 0xF6, 0x18, 0x30, 0x44, 0x0C, 0x46, 0x0C, 0x48, 0x0C, 0x49, 0xF1, 0x14, 0x0C, 0x49
	.byte 0xF1, 0x28, 0x0C, 0x50, 0xF1, 0x14, 0x0C, 0x50, 0xF9, 0x77, 0xF1, 0x28, 0x0C, 0x55, 0xF1, 0x14
	.byte 0x0C, 0x55, 0xF6, 0x17, 0xF9, 0x88, 0xF6, 0x01, 0xF0, 0xC7, 0xF1, 0x3C, 0x18, 0x3D, 0xF1, 0x14
	.byte 0x0C, 0x3D, 0xF6, 0x24, 0xF1, 0x3C, 0x18, 0x3B, 0xF1, 0x14, 0x0C, 0x3B, 0xF6, 0x24, 0xF1, 0x3C
	.byte 0x18, 0x39, 0x18, 0x3B, 0x18, 0x40, 0xF1, 0x14, 0x0C, 0x40, 0xF6, 0x24, 0xF1, 0x3C, 0x18, 0x3E
	.byte 0xF1, 0x14, 0x0C, 0x3E, 0xF6, 0x24, 0xF1, 0x3C, 0x18, 0x3C, 0x18, 0x3E, 0x18, 0x39, 0xF1, 0x14
	.byte 0x0C, 0x39, 0xF6, 0x24, 0xF1, 0x3C, 0x18, 0x37, 0xF1, 0x14, 0x0C, 0x37, 0xF6, 0x24, 0xF1, 0x3C
	.byte 0x18, 0x35, 0x18, 0x37, 0x18, 0x3F, 0xF1, 0x14, 0x0C, 0x3F, 0xF6, 0x24, 0xF1, 0x3C, 0x18, 0x3D
	.byte 0xF1, 0x14, 0x0C, 0x3D, 0xF6, 0x24, 0xF1, 0x3C, 0x18, 0x3B, 0x17, 0x3D, 0xF8, 0x97, 0xFF, 0xFF
	.byte 0xF9, 0x84, 0xF2, 0x7F, 0xF0, 0xC0, 0xF1, 0x1E, 0xF6, 0x18, 0x48, 0x41, 0x0C, 0x44, 0xF1, 0x0A
	.byte 0x0C, 0x44, 0xF1, 0x1E, 0x0C, 0x41, 0xF1, 0x0A, 0x0C, 0x41, 0xF9, 0x77, 0xF1, 0x1E, 0x0C, 0x4D
	.byte 0xF1, 0x0A, 0x0C, 0x4D, 0xF6, 0x18, 0xF9, 0x88, 0xF6, 0x01, 0xF0, 0xC2, 0xF1, 0x50, 0x02, 0x31
	.byte 0xF6, 0x02, 0xF1, 0x28, 0x02, 0x31, 0xF6, 0x12, 0xF1, 0x50, 0x02, 0x3D, 0xF6, 0x02, 0xF1, 0x28
	.byte 0x02, 0x3D, 0xF6, 0x06, 0xF1, 0x50, 0x02, 0x31, 0xF6, 0x02, 0xF1, 0x28, 0x02, 0x31, 0xF6, 0x06
	.byte 0xF1, 0x50, 0x02, 0x31, 0xF6, 0x02, 0xF1, 0x28, 0x02, 0x31, 0xF6, 0x06, 0xF1, 0x50, 0x02, 0x3D
	.byte 0xF6, 0x02, 0xF1, 0x28, 0x02, 0x3D, 0xF6, 0x06, 0xF1, 0x50, 0x02, 0x3B, 0xF6, 0x02, 0xF1, 0x28
	.byte 0x02, 0x3B, 0xF6, 0x06, 0xF1, 0x50, 0x02, 0x2F, 0xF6, 0x10, 0xF1, 0x28, 0x02, 0x2F, 0xF6, 0x04
	.byte 0xF1, 0x50, 0x02, 0x2F, 0xF6, 0x02, 0xF1, 0x28, 0x02, 0x2F, 0xF6, 0x06, 0xF1, 0x50, 0x02, 0x47
	.byte 0xF6, 0x02, 0xF1, 0x28, 0x02, 0x3B, 0xF6, 0x06, 0xF1, 0x50, 0x02, 0x2F, 0xF6, 0x0A, 0x02, 0x2D
	.byte 0xF6, 0x0A, 0x02, 0x39, 0xF6, 0x02, 0xF1, 0x28, 0x02, 0x39, 0xF6, 0x06, 0xF1, 0x50, 0x02, 0x2F
	.byte 0xF6, 0x0A, 0x02, 0x3B, 0xF6, 0x02, 0xF1, 0x28, 0x02, 0x3B, 0xF6, 0x06, 0xF1, 0x50, 0x02, 0x34
	.byte 0xF6, 0x0C, 0xF1, 0x28, 0x02, 0x34, 0xF6, 0x08, 0xF1, 0x50, 0x02, 0x40, 0xF6, 0x02, 0xF1, 0x28
	.byte 0x02, 0x40, 0xF6, 0x06, 0xF1, 0x50, 0x02, 0x34, 0xF6, 0x02, 0xF1, 0x28, 0x02, 0x34, 0xF6, 0x06
	.byte 0xF1, 0x50, 0x02, 0x34, 0xF6, 0x02, 0xF1, 0x28, 0x02, 0x34, 0xF6, 0x06, 0xF1, 0x50, 0x02, 0x40
	.byte 0xF6, 0x02, 0xF1, 0x28, 0x02, 0x40, 0xF6, 0x06, 0xF1, 0x50, 0x02, 0x3E, 0xF6, 0x02, 0xF1, 0x28
	.byte 0x02, 0x3E, 0xF6, 0x06, 0xF1, 0x50, 0x02, 0x32, 0xF6, 0x10, 0xF1, 0x28, 0x02, 0x32, 0xF6, 0x04
	.byte 0xF1, 0x50, 0x02, 0x32, 0xF6, 0x02, 0xF1, 0x28, 0x02, 0x32, 0xF6, 0x06, 0xF1, 0x50, 0x02, 0x3E
	.byte 0xF6, 0x02, 0xF1, 0x28, 0x02, 0x3E, 0xF6, 0x06, 0xF1, 0x50, 0x02, 0x32, 0xF6, 0x0A, 0x02, 0x30
	.byte 0xF6, 0x0A, 0x02, 0x3C, 0xF6, 0x02, 0xF1, 0x28, 0x02, 0x3C, 0xF6, 0x06, 0xF1, 0x50, 0x02, 0x32
	.byte 0xF6, 0x0A, 0x02, 0x3E, 0xF6, 0x02, 0xF1, 0x28, 0x02, 0x3E, 0xF6, 0x06, 0xF1, 0x50, 0x02, 0x39
	.byte 0xF6, 0x08, 0xF1, 0x28, 0x02, 0x39, 0xF6, 0x0C, 0xF1, 0x50, 0x02, 0x45, 0xF6, 0x02, 0xF1, 0x28
	.byte 0x02, 0x45, 0xF6, 0x06, 0xF1, 0x50, 0x02, 0x39, 0xF6, 0x02, 0xF1, 0x28, 0x02, 0x39, 0xF6, 0x06
	.byte 0xF1, 0x50, 0x02, 0x39, 0xF6, 0x02, 0xF1, 0x28, 0x02, 0x39, 0xF6, 0x06, 0xF1, 0x50, 0x02, 0x45
	.byte 0xF6, 0x02, 0xF1, 0x28, 0x02, 0x45, 0xF6, 0x06, 0xF1, 0x50, 0x02, 0x43, 0xF6, 0x02, 0xF1, 0x28
	.byte 0x02, 0x43, 0xF6, 0x06, 0xF1, 0x50, 0x02, 0x37, 0xF6, 0x10, 0xF1, 0x28, 0x02, 0x37, 0xF6, 0x04
	.byte 0xF1, 0x50, 0x02, 0x37, 0xF6, 0x02, 0xF1, 0x28, 0x02, 0x37, 0xF6, 0x06, 0xF1, 0x50, 0x02, 0x43
	.byte 0xF6, 0x02, 0xF1, 0x28, 0x02, 0x43, 0xF6, 0x06, 0xF1, 0x50, 0x02, 0x37, 0xF6, 0x0A, 0x02, 0x35
	.byte 0xF6, 0x0A, 0x02, 0x41, 0xF6, 0x02, 0xF1, 0x28, 0x02, 0x41, 0xF6, 0x06, 0xF1, 0x50, 0x02, 0x37
	.byte 0xF6, 0x0A, 0x02, 0x43, 0xF6, 0x02, 0xF1, 0x28, 0x02, 0x43, 0xF6, 0x06, 0xF1, 0x50, 0x02, 0x33
	.byte 0xF6, 0x0C, 0xF1, 0x28, 0x02, 0x33, 0xF6, 0x08, 0xF1, 0x50, 0x02, 0x3F, 0xF6, 0x02, 0xF1, 0x28
	.byte 0x02, 0x3F, 0xF6, 0x06, 0xF1, 0x50, 0x02, 0x33, 0xF6, 0x02, 0xF1, 0x28, 0x02, 0x33, 0xF6, 0x06
	.byte 0xF1, 0x50, 0x02, 0x33, 0xF6, 0x02, 0xF1, 0x28, 0x02, 0x33, 0xF6, 0x06, 0xF1, 0x50, 0x02, 0x3F
	.byte 0xF6, 0x02, 0xF1, 0x28, 0x02, 0x3F, 0xF6, 0x06, 0xF1, 0x50, 0x02, 0x3D, 0xF6, 0x02, 0xF1, 0x28
	.byte 0x02, 0x3D, 0xF6, 0x06, 0xF1, 0x50, 0x02, 0x31, 0xF6, 0x10, 0xF1, 0x28, 0x02, 0x31, 0xF6, 0x04
	.byte 0xF1, 0x50, 0x02, 0x31, 0xF6, 0x02, 0xF1, 0x28, 0x02, 0x31, 0xF6, 0x06, 0xF1, 0x50, 0x02, 0x3D
	.byte 0xF6, 0x02, 0xF1, 0x28, 0x02, 0x3D, 0xF6, 0x06, 0xF1, 0x50, 0x02, 0x31, 0xF6, 0x0A, 0x02, 0x2F
	.byte 0xF6, 0x0A, 0x02, 0x3B, 0xF6, 0x0A, 0x02, 0x31, 0xF6, 0x0A, 0x02, 0x3D, 0xF6, 0x09, 0xF8, 0xC7
	.byte 0xFD, 0x00, 0x00, 0x00, 0x03, 0x0C, 0x0A, 0x00, 0x13, 0x00, 0x1C, 0x00, 0xDD, 0x00, 0xF0, 0xD2
	.byte 0xF1, 0xDC, 0xF6, 0x20, 0xC0, 0x3C, 0xFF, 0xF0, 0xE5, 0xF1, 0xDC, 0xF6, 0x60, 0xC0, 0x3C, 0xFF
	.byte 0xF0, 0xC5, 0xF0, 0xC6, 0xF1, 0x64, 0x01, 0x35, 0x01, 0x36, 0x01, 0x37, 0x01, 0x38, 0x01, 0x39
	.byte 0x01, 0x3A, 0x01, 0x3B, 0x01, 0x3C, 0x01, 0x3D, 0x01, 0x3E, 0x01, 0x3F, 0x01, 0x40, 0x01, 0x41
	.byte 0x01, 0x42, 0x01, 0x43, 0x01, 0x44, 0x01, 0x45, 0x01, 0x46, 0x01, 0x37, 0x01, 0x38, 0x01, 0x39
	.byte 0x01, 0x3A, 0x01, 0x3B, 0x01, 0x3C, 0x01, 0x3D, 0x01, 0x3E, 0x01, 0x3F, 0x01, 0x40, 0x01, 0x41
	.byte 0x01, 0x42, 0x01, 0x43, 0x01, 0x44, 0x01, 0x45, 0x01, 0x46, 0x01, 0x47, 0x01, 0x48, 0xF1, 0x3C
	.byte 0x01, 0x39, 0x01, 0x3A, 0x01, 0x3B, 0x01, 0x3C, 0x01, 0x3D, 0x01, 0x3E, 0x01, 0x3F, 0x01, 0x40
	.byte 0x01, 0x41, 0x01, 0x42, 0x01, 0x43, 0x01, 0x44, 0x01, 0x45, 0x01, 0x46, 0x01, 0x47, 0x01, 0x48
	.byte 0x01, 0x49, 0x01, 0x4A, 0xF1, 0x1E, 0x01, 0x3B, 0x01, 0x3C, 0x01, 0x3D, 0x01, 0x3E, 0x01, 0x3F
	.byte 0x01, 0x40, 0x01, 0x41, 0x01, 0x42, 0x01, 0x43, 0x01, 0x44, 0x01, 0x45, 0x01, 0x46, 0x01, 0x47
	.byte 0x01, 0x48, 0x01, 0x49, 0x01, 0x4A, 0x01, 0x4B, 0x01, 0x4C, 0xF1, 0x0A, 0x01, 0x3B, 0x01, 0x3C
	.byte 0x01, 0x3D, 0x01, 0x3E, 0x01, 0x3F, 0x01, 0x40, 0x01, 0x41, 0x01, 0x42, 0x01, 0x43, 0x01, 0x44
	.byte 0x01, 0x45, 0x01, 0x46, 0x01, 0x47, 0x01, 0x48, 0x01, 0x49, 0x01, 0x4A, 0x01, 0x4B, 0x01, 0x4C
	.byte 0xFF, 0xF0, 0xC5, 0xF1, 0xC8, 0xFF, 0x00, 0x00, 0x00, 0x0C, 0x06, 0x00, 0x2F, 0x01, 0xF0, 0xC5
	.byte 0xF1, 0xB4, 0xF4, 0x20, 0xF5, 0x00, 0x01, 0x35, 0x01, 0x37, 0x01, 0x39, 0x01, 0x3B, 0xF5, 0x08
	.byte 0x01, 0x35, 0x01, 0x37, 0x01, 0x39, 0x01, 0x3B, 0xF5, 0x10, 0x01, 0x35, 0x01, 0x37, 0x01, 0x39
	.byte 0x01, 0x3B, 0xF5, 0x18, 0x01, 0x35, 0x01, 0x37, 0x01, 0x39, 0x01, 0x3B, 0xF5, 0x20, 0x01, 0x35
	.byte 0x01, 0x37, 0x01, 0x39, 0x01, 0x3B, 0xF5, 0x28, 0x01, 0x35, 0x01, 0x37, 0x01, 0x39, 0x01, 0x3B
	.byte 0xF5, 0x30, 0x01, 0x35, 0x01, 0x37, 0x01, 0x39, 0x01, 0x3B, 0x01, 0x35, 0x01, 0x37, 0x01, 0x39
	.byte 0x01, 0x3B, 0x01, 0x35, 0x01, 0x37, 0x01, 0x39, 0x01, 0x3B, 0x01, 0x35, 0x01, 0x37, 0x01, 0x39
	.byte 0x01, 0x3B, 0x01, 0x35, 0x01, 0x37, 0x01, 0x39, 0x01, 0x3B, 0x01, 0x35, 0x01, 0x37, 0x01, 0x39
	.byte 0x01, 0x3B, 0x01, 0x35, 0x01, 0x37, 0x01, 0x39, 0x01, 0x3B, 0x01, 0x35, 0x01, 0x37, 0x01, 0x39
	.byte 0x01, 0x3B, 0x01, 0x35, 0x01, 0x37, 0x01, 0x39, 0x01, 0x3B, 0xF5, 0x28, 0x01, 0x35, 0x01, 0x37
	.byte 0x01, 0x39, 0x01, 0x3B, 0xF5, 0x20, 0x01, 0x35, 0x01, 0x37, 0x01, 0x39, 0x01, 0x3B, 0xF5, 0x18
	.byte 0x01, 0x35, 0x01, 0x37, 0x01, 0x39, 0x01, 0x3B, 0xF5, 0x10, 0x01, 0x35, 0x01, 0x37, 0x01, 0x39
	.byte 0x01, 0x3B, 0xF5, 0x08, 0x01, 0x35, 0x01, 0x37, 0x01, 0x39, 0x01, 0x3B, 0xF1, 0x50, 0x01, 0x35
	.byte 0x01, 0x37, 0x01, 0x39, 0x01, 0x3B, 0xF0, 0xC6, 0xF1, 0x64, 0x01, 0x37, 0x01, 0x38, 0x01, 0x39
	.byte 0x01, 0x3A, 0x01, 0x3B, 0x01, 0x3C, 0x01, 0x3D, 0x01, 0x3E, 0xF1, 0xA0, 0x01, 0x4F, 0x01, 0x4E
	.byte 0x01, 0x4D, 0x01, 0x4C, 0x01, 0x4B, 0x01, 0x4A, 0x01, 0x49, 0x01, 0x48, 0x01, 0x47, 0x01, 0x46
	.byte 0x01, 0x45, 0x01, 0x44, 0x01, 0x43, 0x01, 0x42, 0x01, 0x41, 0x01, 0x40, 0x01, 0x3F, 0x01, 0x3E
	.byte 0xF1, 0x14, 0x01, 0x4F, 0x01, 0x4E, 0x01, 0x4D, 0x01, 0x4C, 0x01, 0x4B, 0x01, 0x4A, 0x01, 0x49
	.byte 0x01, 0x48, 0x01, 0x47, 0x01, 0x46, 0x01, 0x45, 0x01, 0x44, 0x01, 0x43, 0x01, 0x42, 0x01, 0x41
	.byte 0x01, 0x40, 0x01, 0x3F, 0x01, 0x3E, 0xFF, 0xF0, 0xC3, 0xF1, 0x50, 0x02, 0x34, 0x02, 0x3B, 0xF6
	.byte 0x02, 0x02, 0x40, 0x02, 0x47, 0xF1, 0x28, 0x02, 0x47, 0xF6, 0x04, 0xF1, 0x50, 0x02, 0x34, 0x02
	.byte 0x3B, 0xF6, 0x02, 0x02, 0x40, 0x02, 0x47, 0xF1, 0x28, 0x02, 0x47, 0xF6, 0x04, 0xF1, 0x50, 0x02
	.byte 0x3B, 0x02, 0x3E, 0x02, 0x43, 0x02, 0x34, 0x02, 0x3B, 0x02, 0x3E, 0x02, 0x43, 0xF6, 0x04, 0x04
	.byte 0x34, 0x04, 0x3B, 0xF6, 0x02, 0x04, 0x40, 0x04, 0x47, 0xF1, 0x28, 0x04, 0x47, 0xF6, 0x04, 0xF1
	.byte 0x50, 0x02, 0x34, 0x02, 0x3B, 0xF6, 0x02, 0xF1, 0x28, 0x02, 0x47, 0xF6, 0x04, 0xF1, 0x3C, 0x04
	.byte 0x40, 0x04, 0x43, 0x08, 0x48, 0x08, 0x47, 0x08, 0x45, 0xF1, 0x1E, 0x08, 0x48, 0x08, 0x47, 0x08
	.byte 0x45, 0xF1, 0x0A, 0x08, 0x48, 0x08, 0x47, 0x08, 0x45, 0xFF, 0x00, 0x00, 0x00, 0x04, 0x04, 0x00
	.byte 0xF0, 0x03, 0xF1, 0xA0, 0xF4, 0x18, 0xF5, 0x00, 0x00, 0xB0, 0x01, 0xF5, 0x08, 0x00, 0xB0, 0x01
	.byte 0xF5, 0x10, 0x00, 0xB0, 0x01, 0xF5, 0x18, 0x00, 0xB0, 0x01, 0xF5, 0x20, 0x00, 0xB0, 0x01, 0xF5
	.byte 0x28, 0x00, 0xB0, 0x01, 0xF5, 0x30, 0x00, 0xB0, 0x01, 0xF5, 0x38, 0x00, 0xB0, 0x01, 0xF5, 0x40
	.byte 0x00, 0xB0, 0x01, 0xF5, 0x48, 0x01, 0x30, 0xF5, 0x50, 0xF5, 0x00, 0xF6, 0x02, 0xF5, 0x00, 0x00
	.byte 0xAD, 0x01, 0xF5, 0x08, 0x00, 0xAD, 0x01, 0xF5, 0x10, 0x00, 0xAD, 0x01, 0xF5, 0x18, 0x01, 0x2D
	.byte 0xF5, 0x20, 0xF5, 0x00, 0xF6, 0x0C, 0xF5, 0x00, 0x00, 0xAD, 0x01, 0xF5, 0x08, 0x00, 0xAD, 0x01
	.byte 0xF5, 0x10, 0x00, 0xAD, 0x01, 0xF5, 0x18, 0x01, 0x2D, 0xF5, 0x20, 0xF5, 0x00, 0xF6, 0x02, 0xF5
	.byte 0x00, 0x00, 0xAD, 0x01, 0xF5, 0x08, 0x00, 0xAD, 0x01, 0xF5, 0x10, 0x00, 0xAD, 0x01, 0xF5, 0x18
	.byte 0x01, 0x2D, 0xF5, 0x20, 0xF5, 0x00, 0xF6, 0x02, 0xF5, 0x00, 0x00, 0xAF, 0x01, 0xF5, 0x08, 0x00
	.byte 0xAF, 0x01, 0xF5, 0x10, 0x00, 0xAF, 0x01, 0xF5, 0x18, 0x00, 0xAF, 0x01, 0xF5, 0x20, 0x00, 0xAF
	.byte 0x01, 0xF5, 0x28, 0x00, 0xAF, 0x01, 0xF5, 0x30, 0x00, 0xAF, 0x01, 0xF5, 0x38, 0x00, 0xAF, 0x01
	.byte 0xF5, 0x40, 0x00, 0xAF, 0x01, 0xF5, 0x48, 0x00, 0xAF, 0x01, 0xF5, 0x50, 0x00, 0xAF, 0x01, 0xF5
	.byte 0x58, 0x00, 0xAF, 0x01, 0xF5, 0x60, 0x00, 0xAF, 0x01, 0xF5, 0x68, 0x00, 0xAF, 0x01, 0xF5, 0x70
	.byte 0xF5, 0x00, 0xF6, 0x02, 0xF5, 0x00, 0x00, 0xAD, 0x01, 0xF5, 0x08, 0x00, 0xAD, 0x01, 0xF5, 0x10
	.byte 0x00, 0xAD, 0x01, 0xF5, 0x18, 0x01, 0x2D, 0xF5, 0x20, 0xF5, 0x00, 0xF6, 0x0C, 0xF5, 0x00, 0x00
	.byte 0xAD, 0x01, 0xF5, 0x08, 0x00, 0xAD, 0x01, 0xF5, 0x10, 0x00, 0xAD, 0x01, 0xF5, 0x18, 0x01, 0x2D
	.byte 0xF5, 0x20, 0xF5, 0x00, 0xF6, 0x02, 0xF5, 0x00, 0x00, 0xB0, 0x01, 0xF5, 0x08, 0x00, 0xB0, 0x01
	.byte 0xF5, 0x10, 0x00, 0xB0, 0x01, 0xF5, 0x18, 0x00, 0xB0, 0x01, 0xF5, 0x20, 0x00, 0xB0, 0x01, 0xF5
	.byte 0x28, 0x00, 0xB0, 0x01, 0xF5, 0x30, 0x00, 0xB0, 0x01, 0xF5, 0x38, 0x00, 0xB0, 0x01, 0xF5, 0x48
	.byte 0x01, 0x30, 0xF5, 0x50, 0xF5, 0x00, 0xF6, 0x02, 0xF5, 0x00, 0x00, 0xB0, 0x01, 0xF5, 0x08, 0x00
	.byte 0xB0, 0x01, 0xF5, 0x10, 0x00, 0xB0, 0x01, 0xF5, 0x18, 0x00, 0xB0, 0x01, 0xF5, 0x20, 0x00, 0xB0
	.byte 0x01, 0xF5, 0x28, 0x00, 0xB0, 0x01, 0xF5, 0x30, 0x00, 0xB0, 0x01, 0xF5, 0x38, 0x00, 0xB0, 0x01
	.byte 0xF5, 0x48, 0x01, 0x30, 0xF5, 0x50, 0xF5, 0x00, 0xF6, 0x02, 0xF5, 0x00, 0x00, 0xAD, 0x01, 0xF5
	.byte 0x08, 0x00, 0xAD, 0x01, 0xF5, 0x10, 0x00, 0xAD, 0x01, 0xF5, 0x18, 0x01, 0x2D, 0xF5, 0x20, 0xF5
	.byte 0x00, 0xF6, 0x0C, 0xF8, 0x7A, 0xFE, 0xFF, 0xF0, 0x03, 0xF1, 0x78, 0xF4, 0x30, 0xF5, 0x00, 0x00
	.byte 0xB2, 0x01, 0xF5, 0x08, 0x00, 0xB2, 0x01, 0xF5, 0x10, 0x00, 0xB2, 0x01, 0xF5, 0x18, 0x01, 0x32
	.byte 0xF5, 0x20, 0xFF, 0x00, 0x00, 0x0C, 0x06, 0x00, 0xEF, 0x00, 0xF0, 0xC5, 0xF1, 0x64, 0xF4, 0x18
	.byte 0xF5, 0x00, 0x00, 0xAB, 0x01, 0xF5, 0x08, 0x00, 0xAB, 0x01, 0xF5, 0x10, 0x00, 0xAB, 0x01, 0xF5
	.byte 0x18, 0x00, 0xAB, 0x01, 0xF5, 0x20, 0x00, 0xAB, 0x01, 0xF5, 0x28, 0x00, 0xAB, 0x01, 0xF5, 0x30
	.byte 0x00, 0xAB, 0x01, 0xF5, 0x38, 0x01, 0x2B, 0xF5, 0x40, 0xF6, 0x01, 0xF5, 0x00, 0x00, 0xAB, 0x01
	.byte 0xF5, 0x08, 0x00, 0xAB, 0x01, 0xF5, 0x10, 0x00, 0xAB, 0x01, 0xF5, 0x18, 0x00, 0xAB, 0x01, 0xF5
	.byte 0x20, 0x00, 0xAB, 0x01, 0xF5, 0x28, 0x00, 0xAB, 0x01, 0xF5, 0x30, 0x00, 0xAB, 0x01, 0xF5, 0x38
	.byte 0x01, 0x2B, 0xF5, 0x40, 0xF6, 0x01, 0xF5, 0x00, 0x00, 0xAB, 0x01, 0xF5, 0x08, 0x00, 0xAB, 0x01
	.byte 0xF5, 0x10, 0x00, 0xAB, 0x01, 0xF5, 0x18, 0x00, 0xAB, 0x01, 0xF5, 0x20, 0x00, 0xAB, 0x01, 0xF5
	.byte 0x28, 0x00, 0xAB, 0x01, 0xF5, 0x30, 0x00, 0xAB, 0x01, 0xF5, 0x38, 0x01, 0x2B, 0xF5, 0x40, 0xF5
	.byte 0x00, 0xF6, 0x01, 0xF6, 0x12, 0xF5, 0x00, 0x00, 0xAB, 0x01, 0xF5, 0x08, 0x00, 0xAB, 0x01, 0xF5
	.byte 0x10, 0x00, 0xAB, 0x01, 0xF5, 0x18, 0x00, 0xAB, 0x01, 0xF5, 0x20, 0x00, 0xAB, 0x01, 0xF5, 0x28
	.byte 0x00, 0xAB, 0x01, 0xF5, 0x30, 0x00, 0xAB, 0x01, 0xF5, 0x38, 0x01, 0x2B, 0xF5, 0x40, 0xF6, 0x01
	.byte 0xF5, 0x00, 0x00, 0xAB, 0x01, 0xF5, 0x08, 0x00, 0xAB, 0x01, 0xF5, 0x10, 0x00, 0xAB, 0x01, 0xF5
	.byte 0x18, 0x00, 0xAB, 0x01, 0xF5, 0x20, 0x00, 0xAB, 0x01, 0xF5, 0x28, 0x00, 0xAB, 0x01, 0xF5, 0x30
	.byte 0x00, 0xAB, 0x01, 0xF5, 0x38, 0x01, 0x2B, 0xF5, 0x40, 0xF5, 0x00, 0xF6, 0x01, 0xF6, 0x12, 0xF8
	.byte 0x18, 0xFF, 0xFF, 0xF0, 0xC3, 0xF1, 0x78, 0x02, 0x36, 0x02, 0x35, 0x02, 0x38, 0x02, 0x37, 0xF6
	.byte 0x01, 0x02, 0x36, 0x02, 0x35, 0x02, 0x38, 0x02, 0x37, 0xF6, 0x01, 0x02, 0x36, 0x02, 0x35, 0x02
	.byte 0x38, 0x02, 0x37, 0xF6, 0x01, 0x06, 0x3A, 0x06, 0x39, 0x03, 0x38, 0x02, 0x37, 0xF6, 0x01, 0x02
	.byte 0x36, 0x02, 0x35, 0x02, 0x38, 0x02, 0x37, 0xF6, 0x01, 0x02, 0x36, 0x02, 0x35, 0x02, 0x38, 0x02
	.byte 0x37, 0xF6, 0x01, 0x06, 0x3A, 0x06, 0x39, 0x03, 0x38, 0x02, 0x37, 0xF6, 0x01, 0xF8, 0xB3, 0xFF
	.byte 0xFF, 0x00, 0x00, 0x00, 0xFC, 0x01, 0x10, 0x00, 0x8F, 0x02, 0xD7, 0x05, 0xF3, 0x08, 0xED, 0x0F
	.byte 0x91, 0x15, 0x2F, 0x1C, 0xF9, 0x6E, 0xF6, 0xC0, 0xF6, 0xC0, 0xF6, 0xBE, 0xF6, 0xA8, 0xF0, 0x15
	.byte 0xF1, 0x64, 0x0C, 0x46, 0x0C, 0x4F, 0x54, 0x4D, 0x00, 0xCB, 0x0C, 0xF1, 0x28, 0x0C, 0x4B, 0xF1
	.byte 0x64, 0x0C, 0x4B, 0x0C, 0x4A, 0x0C, 0x48, 0x0C, 0x4A, 0x0C, 0x48, 0x0C, 0x46, 0x0C, 0x43, 0x00
	.byte 0xC1, 0x90, 0xF1, 0x28, 0x0C, 0x41, 0xF6, 0x0C, 0xF1, 0x64, 0x0C, 0x46, 0x0C, 0x4F, 0x54, 0x4D
	.byte 0x00, 0xCB, 0x0C, 0xF1, 0x28, 0x0C, 0x4B, 0xF1, 0x64, 0x0C, 0x4B, 0x0C, 0x4A, 0x0C, 0x4B, 0x0C
	.byte 0x4D, 0x0C, 0x4B, 0x0C, 0x4A, 0x0C, 0x48, 0x0C, 0x46, 0x00, 0xCD, 0x0C, 0xF1, 0x28, 0x0C, 0x4D
	.byte 0xF1, 0x64, 0x00, 0xCD, 0x90, 0xF1, 0x28, 0x0C, 0x4D, 0xF1, 0x64, 0x0C, 0x45, 0x0C, 0x46, 0x0C
	.byte 0x48, 0x00, 0xC6, 0x0C, 0xF1, 0x28, 0x0C, 0x46, 0xF1, 0x64, 0x0C, 0x45, 0x0C, 0x43, 0x30, 0x41
	.byte 0x00, 0xC6, 0x0C, 0xF1, 0x28, 0x0C, 0x46, 0xF1, 0x64, 0xF6, 0x24, 0x0C, 0x46, 0x0C, 0x48, 0x0C
	.byte 0x49, 0x00, 0xC8, 0x0C, 0xF1, 0x28, 0x0C, 0x48, 0xF1, 0x64, 0x0C, 0x46, 0x0C, 0x45, 0x30, 0x44
	.byte 0x00, 0xC9, 0x0C, 0xF1, 0x28, 0x0C, 0x49, 0xF1, 0x64, 0xF6, 0x24, 0x0C, 0x49, 0x0C, 0x4B, 0x0C
	.byte 0x4C, 0x00, 0xCB, 0x0C, 0xF1, 0x28, 0x0C, 0x4B, 0xF1, 0x64, 0x00, 0xC9, 0x0C, 0xF1, 0x28, 0x0C
	.byte 0x49, 0xF1, 0x64, 0x00, 0xC7, 0x0C, 0xF1, 0x28, 0x0C, 0x47, 0xF1, 0x64, 0x00, 0xC7, 0x0C, 0xF1
	.byte 0x28, 0x0C, 0x47, 0xF1, 0x64, 0x0C, 0x46, 0x18, 0x4B, 0x00, 0xC9, 0x0C, 0xF1, 0x28, 0x0C, 0x49
	.byte 0xF1, 0x64, 0x0C, 0x48, 0x0C, 0x4A, 0x0C, 0x4B, 0x00, 0xCA, 0x0C, 0xF1, 0x28, 0x0C, 0x4A, 0xF1
	.byte 0x64, 0x00, 0xC8, 0x0C, 0xF1, 0x28, 0x0C, 0x48, 0xF1, 0x64, 0x00, 0xC6, 0x0C, 0xF1, 0x28, 0x0C
	.byte 0x46, 0xF1, 0x64, 0x00, 0xC6, 0x0C, 0xF1, 0x28, 0x0C, 0x46, 0xF1, 0x64, 0x0C, 0x45, 0x00, 0xC3
	.byte 0x0C, 0xF1, 0x28, 0x0C, 0x43, 0xF1, 0x64, 0x0C, 0x46, 0x0C, 0x4F, 0x54, 0x4D, 0x00, 0xCB, 0x0C
	.byte 0xF1, 0x28, 0x0C, 0x4B, 0xF1, 0x64, 0x0C, 0x4B, 0x0C, 0x4A, 0x0C, 0x48, 0x0C, 0x4A, 0x0C, 0x48
	.byte 0x0C, 0x46, 0x0C, 0x43, 0x00, 0xC1, 0x90, 0xF1, 0x28, 0x0C, 0x41, 0xF1, 0x64, 0xF6, 0x0C, 0x0C
	.byte 0x46, 0x0C, 0x4F, 0x54, 0x4D, 0x00, 0xCB, 0x0C, 0xF1, 0x28, 0x0C, 0x4B, 0xF1, 0x64, 0x0C, 0x4B
	.byte 0x0C, 0x4A, 0x0C, 0x4B, 0x0C, 0x4D, 0x0C, 0x4B, 0x0C, 0x4A, 0x0C, 0x48, 0x0C, 0x46, 0x00, 0xCD
	.byte 0x0C, 0xF1, 0x28, 0x0C, 0x4D, 0xF1, 0x64, 0x00, 0xCD, 0x84, 0xF1, 0x28, 0x0C, 0x4D, 0xF1, 0x64
	.byte 0xF6, 0x0C, 0x24, 0x43, 0x24, 0x45, 0x0C, 0x46, 0x30, 0x48, 0x00, 0xCA, 0x18, 0xF1, 0x28, 0x0C
	.byte 0x4A, 0xF1, 0x64, 0x18, 0x4B, 0x24, 0x4D, 0x00, 0xC5, 0x18, 0xF1, 0x28, 0x0C, 0x45, 0xF1, 0x64
	.byte 0x0C, 0x45, 0x30, 0x48, 0x00, 0xC6, 0x18, 0xF1, 0x28, 0x0C, 0x46, 0xF1, 0x64, 0xF6, 0x18, 0x24
	.byte 0x43, 0x24, 0x45, 0x0C, 0x46, 0x30, 0x45, 0x00, 0xC6, 0x18, 0xF1, 0x28, 0x0C, 0x46, 0xF1, 0x64
	.byte 0x18, 0x48, 0x24, 0x46, 0x24, 0x48, 0x0C, 0x49, 0x30, 0x48, 0x00, 0xC9, 0x18, 0xF1, 0x28, 0x0C
	.byte 0x49, 0xF1, 0x64, 0x18, 0x4B, 0x78, 0x4D, 0x00, 0xD2, 0x0C, 0xF1, 0x28, 0x0C, 0x52, 0xF1, 0x64
	.byte 0x0C, 0x54, 0x24, 0x52, 0x24, 0x51, 0x00, 0xCF, 0x18, 0xF1, 0x28, 0x0C, 0x4F, 0xF1, 0x64, 0x0C
	.byte 0x4F, 0x30, 0x51, 0x00, 0xCF, 0x24, 0xF1, 0x28, 0x0C, 0x4F, 0xF1, 0x64, 0xF6, 0x0C, 0x78, 0x4D
	.byte 0x00, 0xD2, 0x0C, 0xF1, 0x28, 0x0C, 0x52, 0xF1, 0x64, 0x0C, 0x54, 0x24, 0x52, 0x24, 0x51, 0x00
	.byte 0xCF, 0x18, 0xF1, 0x28, 0x0C, 0x4F, 0xF1, 0x64, 0x0C, 0x4F, 0x30, 0x52, 0x00, 0xD1, 0x18, 0xF1
	.byte 0x28, 0x0C, 0x51, 0xF1, 0x64, 0x18, 0x4F, 0x78, 0x4D, 0x00, 0xD2, 0x0C, 0xF1, 0x28, 0x0C, 0x52
	.byte 0xF1, 0x64, 0x0C, 0x54, 0x24, 0x52, 0x24, 0x51, 0x00, 0xCF, 0x18, 0xF1, 0x28, 0x0C, 0x4F, 0xF1
	.byte 0x64, 0x0C, 0x4F, 0x30, 0x51, 0x00, 0xCF, 0x24, 0xF1, 0x28, 0x0C, 0x4F, 0xF1, 0x64, 0xF6, 0x0C
	.byte 0x78, 0x4D, 0x00, 0xD2, 0x0C, 0xF1, 0x28, 0x0C, 0x52, 0xF1, 0x64, 0x0C, 0x54, 0x24, 0x52, 0x24
	.byte 0x51, 0x00, 0xCF, 0x18, 0xF1, 0x28, 0x0C, 0x4F, 0xF1, 0x64, 0x0C, 0x4F, 0x30, 0x52, 0x00, 0xD1
	.byte 0x18, 0xF1, 0x28, 0x0C, 0x51, 0xF1, 0x64, 0x18, 0x4F, 0x00, 0xCD, 0xC0, 0x00, 0xCD, 0x0C, 0xF1
	.byte 0x50, 0x00, 0xCD, 0x0C, 0xF1, 0x3C, 0x00, 0xCD, 0x0C, 0xF1, 0x28, 0x0C, 0x4D, 0xF6, 0x92, 0xF8
	.byte 0x88, 0xFD, 0xFF, 0xF9, 0x6E, 0xF2, 0x82, 0xF0, 0x03, 0xF1, 0xDC, 0x24, 0x2E, 0x06, 0x35, 0xF6
	.byte 0x06, 0x18, 0x35, 0xF6, 0x0C, 0x0C, 0x2E, 0xF6, 0x0C, 0x0C, 0x2E, 0xF6, 0x0C, 0x06, 0x37, 0xF6
	.byte 0x06, 0x18, 0x37, 0x0C, 0x2E, 0xF6, 0x0C, 0x24, 0x2E, 0x06, 0x35, 0xF6, 0x06, 0x18, 0x35, 0xF6
	.byte 0x0C, 0x0C, 0x2E, 0xF6, 0x0C, 0x0C, 0x2E, 0xF6, 0x0C, 0x06, 0x33, 0xF6, 0x06, 0x18, 0x33, 0x0C
	.byte 0x2E, 0xF6, 0x0C, 0x23, 0x2E, 0x06, 0x35, 0xF6, 0x06, 0x18, 0x35, 0xF6, 0x0C, 0x0C, 0x2E, 0xF6
	.byte 0x0C, 0x0C, 0x2E, 0xF6, 0x0C, 0x06, 0x37, 0xF6, 0x06, 0x18, 0x37, 0x0C, 0x2E, 0xF6, 0x0C, 0x24
	.byte 0x2E, 0x06, 0x35, 0xF6, 0x06, 0x18, 0x35, 0xF6, 0x0C, 0x0C, 0x2E, 0xF6, 0x0C, 0x0C, 0x33, 0xF6
	.byte 0x0C, 0x06, 0x33, 0xF6, 0x06, 0x0C, 0x33, 0xF6, 0x0C, 0x16, 0x2E, 0xF6, 0x02, 0x24, 0x2E, 0x06
	.byte 0x35, 0xF6, 0x06, 0x18, 0x35, 0xF6, 0x0C, 0x0C, 0x2E, 0xF6, 0x0C, 0x0C, 0x2E, 0xF6, 0x0C, 0x06
	.byte 0x37, 0xF6, 0x06, 0x18, 0x37, 0x0C, 0x2E, 0xF6, 0x0C, 0x24, 0x2E, 0x06, 0x35, 0xF6, 0x06, 0x18
	.byte 0x35, 0xF6, 0x0C, 0x0C, 0x2E, 0xF6, 0x0C, 0x0C, 0x2E, 0xF6, 0x0C, 0x06, 0x33, 0xF6, 0x06, 0x18
	.byte 0x33, 0x0C, 0x2E, 0xF6, 0x0C, 0x24, 0x2E, 0x06, 0x35, 0xF6, 0x06, 0x18, 0x35, 0xF6, 0x0C, 0x0C
	.byte 0x2E, 0xF6, 0x0C, 0x0C, 0x2E, 0xF6, 0x0C, 0x06, 0x37, 0xF6, 0x06, 0x18, 0x37, 0x0C, 0x2E, 0xF6
	.byte 0x0C, 0x24, 0x2E, 0x06, 0x35, 0xF6, 0x06, 0x18, 0x35, 0xF6, 0x0C, 0x0C, 0x2E, 0xF6, 0x0C, 0x0C
	.byte 0x2E, 0xF6, 0x0C, 0x06, 0x33, 0xF6, 0x06, 0x18, 0x33, 0x0C, 0x2E, 0xF6, 0x0C, 0x24, 0x33, 0x06
	.byte 0x3A, 0xF6, 0x06, 0x18, 0x3A, 0xF6, 0x0C, 0x0C, 0x32, 0xF6, 0x0C, 0x0C, 0x32, 0xF6, 0x0C, 0x06
	.byte 0x3A, 0xF6, 0x06, 0x18, 0x3A, 0x0C, 0x32, 0xF6, 0x0C, 0x24, 0x36, 0x06, 0x3D, 0xF6, 0x06, 0x18
	.byte 0x3D, 0xF6, 0x0C, 0x0C, 0x31, 0xF6, 0x0C, 0x0C, 0x31, 0xF6, 0x0C, 0x06, 0x38, 0xF6, 0x06, 0x18
	.byte 0x38, 0x0C, 0x31, 0xF6, 0x0C, 0x24, 0x34, 0x06, 0x3D, 0xF6, 0x06, 0x18, 0x3D, 0xF6, 0x0C, 0x0C
	.byte 0x34, 0xF6, 0x0C, 0x0C, 0x34, 0xF6, 0x0C, 0x06, 0x3D, 0xF6, 0x06, 0x18, 0x3D, 0x0C, 0x34, 0xF6
	.byte 0x0C, 0x24, 0x35, 0x06, 0x3C, 0xF6, 0x06, 0x18, 0x3C, 0xF6, 0x0C, 0x0C, 0x35, 0xF6, 0x0C, 0x0C
	.byte 0x3C, 0xF6, 0x0C, 0x06, 0x3C, 0xF6, 0x06, 0x0C, 0x3C, 0xF6, 0x0C, 0x16, 0x35, 0xF6, 0x02, 0x24
	.byte 0x2E, 0x06, 0x35, 0xF6, 0x06, 0x18, 0x35, 0xF6, 0x0C, 0x0C, 0x2E, 0xF6, 0x0C, 0x0C, 0x2E, 0xF6
	.byte 0x0C, 0x06, 0x37, 0xF6, 0x06, 0x18, 0x37, 0x0C, 0x2E, 0xF6, 0x0C, 0x24, 0x2E, 0x06, 0x35, 0xF6
	.byte 0x06, 0x18, 0x35, 0xF6, 0x0C, 0x0C, 0x2E, 0xF6, 0x0C, 0x0C, 0x2E, 0xF6, 0x0C, 0x06, 0x33, 0xF6
	.byte 0x06, 0x18, 0x33, 0x0C, 0x2E, 0xF6, 0x0C, 0x24, 0x2E, 0x06, 0x35, 0xF6, 0x06, 0x18, 0x35, 0xF6
	.byte 0x0C, 0x0C, 0x2E, 0xF6, 0x0C, 0x0C, 0x2E, 0xF6, 0x0C, 0x06, 0x37, 0xF6, 0x06, 0x18, 0x37, 0x0C
	.byte 0x2E, 0xF6, 0x0C, 0x24, 0x2E, 0x06, 0x35, 0xF6, 0x06, 0x18, 0x35, 0xF6, 0x0C, 0x0C, 0x2E, 0xF6
	.byte 0x0C, 0x0C, 0x2E, 0xF6, 0x0C, 0x06, 0x33, 0xF6, 0x06, 0x18, 0x33, 0x0C, 0x2E, 0xF6, 0x0C, 0x24
	.byte 0x33, 0x06, 0x3A, 0xF6, 0x06, 0x18, 0x3A, 0xF6, 0x0C, 0x0C, 0x35, 0xF6, 0x0C, 0x0C, 0x35, 0xF6
	.byte 0x0C, 0x06, 0x3C, 0xF6, 0x06, 0x18, 0x3C, 0x0C, 0x35, 0xF6, 0x0C, 0x24, 0x32, 0x06, 0x3C, 0xF6
	.byte 0x06, 0x18, 0x3C, 0xF6, 0x0C, 0x0C, 0x33, 0xF6, 0x0C, 0x0C, 0x33, 0xF6, 0x0C, 0x06, 0x3A, 0xF6
	.byte 0x06, 0x18, 0x3A, 0x0C, 0x33, 0xF6, 0x0C, 0x24, 0x30, 0x06, 0x37, 0xF6, 0x06, 0x18, 0x37, 0xF6
	.byte 0x0C, 0x0C, 0x29, 0xF6, 0x0C, 0x0C, 0x29, 0xF6, 0x0C, 0x06, 0x30, 0xF6, 0x06, 0x18, 0x30, 0x0C
	.byte 0x29, 0xF6, 0x0C, 0x24, 0x2A, 0x06, 0x31, 0xF6, 0x06, 0x18, 0x31, 0xF6, 0x0C, 0x0C, 0x2C, 0xF6
	.byte 0x0C, 0x0C, 0x2C, 0xF6, 0x0C, 0x06, 0x33, 0xF6, 0x06, 0x18, 0x33, 0x0C, 0x2C, 0xF6, 0x0C, 0x24
	.byte 0x2E, 0x06, 0x35, 0xF6, 0x06, 0x18, 0x35, 0xF6, 0x0C, 0x0C, 0x32, 0xF6, 0x0C, 0x0C, 0x32, 0xF6
	.byte 0x0C, 0x06, 0x3A, 0xF6, 0x06, 0x18, 0x3A, 0x0C, 0x32, 0xF6, 0x0C, 0x24, 0x33, 0x06, 0x3A, 0xF6
	.byte 0x06, 0x18, 0x3A, 0xF6, 0x0C, 0x0C, 0x35, 0xF6, 0x0C, 0x0C, 0x35, 0xF6, 0x0C, 0x06, 0x3C, 0xF6
	.byte 0x06, 0x18, 0x3C, 0x0C, 0x35, 0xF6, 0x0C, 0x24, 0x2E, 0x06, 0x35, 0xF6, 0x06, 0x18, 0x35, 0xF6
	.byte 0x0C, 0x0C, 0x32, 0xF6, 0x0C, 0x0C, 0x32, 0xF6, 0x0C, 0x06, 0x3A, 0xF6, 0x06, 0x18, 0x3A, 0x0C
	.byte 0x32, 0xF6, 0x0C, 0x24, 0x33, 0x06, 0x3A, 0xF6, 0x06, 0x18, 0x3A, 0xF6, 0x0C, 0x18, 0x35, 0xF6
	.byte 0x18, 0x0C, 0x3C, 0xF6, 0x18, 0x18, 0x3C, 0x24, 0x2E, 0x06, 0x35, 0xF6, 0x06, 0x18, 0x35, 0xF6
	.byte 0x0C, 0x0C, 0x32, 0xF6, 0x0C, 0x0C, 0x32, 0xF6, 0x0C, 0x06, 0x3A, 0xF6, 0x06, 0x18, 0x3A, 0x0C
	.byte 0x32, 0xF6, 0x0C, 0x24, 0x33, 0x06, 0x3A, 0xF6, 0x06, 0x18, 0x3A, 0xF6, 0x0C, 0x0C, 0x35, 0xF6
	.byte 0x0C, 0x0C, 0x35, 0xF6, 0x0C, 0x06, 0x3C, 0xF6, 0x06, 0x18, 0x3C, 0x0C, 0x35, 0xF6, 0x0C, 0x24
	.byte 0x2E, 0x06, 0x35, 0xF6, 0x06, 0x18, 0x35, 0xF6, 0x0C, 0x0C, 0x32, 0xF6, 0x0C, 0x0C, 0x32, 0xF6
	.byte 0x0C, 0x06, 0x3A, 0xF6, 0x06, 0x18, 0x3A, 0x0C, 0x32, 0xF6, 0x0C, 0x24, 0x33, 0x06, 0x3A, 0xF6
	.byte 0x06, 0x18, 0x3A, 0xF6, 0x0C, 0x18, 0x35, 0xF6, 0x18, 0x0C, 0x3C, 0xF6, 0x18, 0x18, 0x3C, 0x24
	.byte 0x2E, 0x06, 0x35, 0xF6, 0x06, 0x18, 0x35, 0xF6, 0x0C, 0x0C, 0x2E, 0xF6, 0x0C, 0x0C, 0x2E, 0xF6
	.byte 0x0C, 0x06, 0x37, 0xF6, 0x06, 0x18, 0x37, 0x0C, 0x2E, 0xF6, 0x0C, 0x24, 0x2E, 0x06, 0x35, 0xF6
	.byte 0x06, 0x18, 0x35, 0xF6, 0x0C, 0x0C, 0x2E, 0xF6, 0x0C, 0x0C, 0x2E, 0xF6, 0x0C, 0x06, 0x33, 0xF6
	.byte 0x06, 0x18, 0x33, 0x0C, 0x2E, 0xF6, 0x0D, 0xF8, 0xF9, 0xFC, 0xFF, 0xF9, 0x6E, 0xF6, 0x01, 0xF2
	.byte 0x64, 0xF0, 0x14, 0xF1, 0x78, 0x18, 0x2E, 0x0C, 0x30, 0x0C, 0x32, 0x0C, 0x35, 0x0C, 0x3A, 0x0C
	.byte 0x32, 0x18, 0x2E, 0x0C, 0x33, 0x0C, 0x35, 0x18, 0x3A, 0x0C, 0x33, 0x0C, 0x35, 0x0C, 0x3A, 0x18
	.byte 0x2E, 0x0C, 0x35, 0x0C, 0x39, 0x0C, 0x3A, 0x0C, 0x35, 0x0C, 0x39, 0x18, 0x2E, 0x0C, 0x33, 0x0C
	.byte 0x35, 0x18, 0x3A, 0x0C, 0x33, 0x0C, 0x35, 0x0B, 0x3A, 0xF6, 0x01, 0x18, 0x2E, 0x0C, 0x30, 0x0C
	.byte 0x32, 0x0C, 0x35, 0x0C, 0x3A, 0x0C, 0x32, 0x18, 0x2E, 0x0C, 0x33, 0x0C, 0x35, 0x18, 0x3A, 0x0C
	.byte 0x33, 0x0C, 0x35, 0x0C, 0x3A, 0x18, 0x2E, 0x0C, 0x35, 0x0C, 0x39, 0x0C, 0x3A, 0x0C, 0x35, 0x0C
	.byte 0x39, 0x18, 0x2E, 0x0C, 0x35, 0x0C, 0x37, 0x18, 0x3A, 0x0C, 0x35, 0x0C, 0x37, 0x0C, 0x3A, 0x18
	.byte 0x2E, 0x0C, 0x30, 0x0C, 0x32, 0x0C, 0x35, 0x0C, 0x3A, 0x0C, 0x32, 0x18, 0x2E, 0x0C, 0x33, 0x0C
	.byte 0x35, 0x18, 0x3A, 0x0C, 0x33, 0x0C, 0x35, 0x0C, 0x3A, 0x18, 0x2E, 0x0C, 0x35, 0x0C, 0x39, 0x0C
	.byte 0x3A, 0x0C, 0x35, 0x0C, 0x39, 0x18, 0x2E, 0x0C, 0x33, 0x0C, 0x35, 0x18, 0x3A, 0x0C, 0x33, 0x0C
	.byte 0x35, 0x0C, 0x3A, 0x18, 0x2E, 0x0C, 0x30, 0x0C, 0x32, 0x0C, 0x35, 0x0C, 0x3A, 0x0C, 0x32, 0x18
	.byte 0x2E, 0x0C, 0x33, 0x0C, 0x35, 0x18, 0x3A, 0x0C, 0x33, 0x0C, 0x35, 0x0C, 0x3A, 0x18, 0x2E, 0x0C
	.byte 0x35, 0x0C, 0x39, 0x0C, 0x3A, 0x0C, 0x35, 0x0C, 0x39, 0x18, 0x2E, 0x0C, 0x33, 0x0C, 0x35, 0x18
	.byte 0x3A, 0x0C, 0x33, 0x0C, 0x35, 0x0C, 0x3A, 0x18, 0x37, 0x0C, 0x39, 0x0C, 0x3A, 0x0C, 0x3F, 0x0C
	.byte 0x39, 0x0C, 0x3A, 0x18, 0x35, 0x0C, 0x39, 0x0C, 0x3A, 0x18, 0x3E, 0x0C, 0x39, 0x0C, 0x3A, 0x0C
	.byte 0x3E, 0x18, 0x31, 0x0C, 0x35, 0x0C, 0x36, 0x0C, 0x3A, 0x0C, 0x35, 0x0C, 0x36, 0x18, 0x31, 0x0C
	.byte 0x33, 0x0C, 0x35, 0x18, 0x38, 0x0C, 0x33, 0x0C, 0x35, 0x0C, 0x38, 0x18, 0x31, 0x0C, 0x33, 0x0C
	.byte 0x34, 0x0C, 0x38, 0x0C, 0x33, 0x0C, 0x34, 0x18, 0x31, 0x0C, 0x33, 0x0C, 0x34, 0x18, 0x38, 0x0C
	.byte 0x33, 0x0C, 0x34, 0x0C, 0x38, 0x18, 0x29, 0x0C, 0x2D, 0x0C, 0x30, 0x0C, 0x33, 0x0C, 0x35, 0x0C
	.byte 0x2D, 0x18, 0x29, 0x0C, 0x2D, 0x0C, 0x30, 0x18, 0x33, 0x0C, 0x35, 0x0C, 0x30, 0x0C, 0x33, 0x18
	.byte 0x2E, 0x0C, 0x30, 0x0C, 0x32, 0x0C, 0x35, 0x0C, 0x3A, 0x0C, 0x32, 0x18, 0x2E, 0x0C, 0x33, 0x0C
	.byte 0x35, 0x18, 0x3A, 0x0C, 0x33, 0x0C, 0x35, 0x0C, 0x3A, 0x18, 0x2E, 0x0C, 0x35, 0x0C, 0x39, 0x0C
	.byte 0x3A, 0x0C, 0x35, 0x0C, 0x39, 0x18, 0x2E, 0x0C, 0x33, 0x0C, 0x35, 0x18, 0x3A, 0x0C, 0x33, 0x0C
	.byte 0x35, 0x0C, 0x3A, 0x18, 0x2E, 0x0C, 0x30, 0x0C, 0x32, 0x0C, 0x35, 0x0C, 0x3A, 0x0C, 0x32, 0x18
	.byte 0x2E, 0x0C, 0x33, 0x0C, 0x35, 0x18, 0x3A, 0x0C, 0x33, 0x0C, 0x35, 0x0C, 0x3A, 0x18, 0x2E, 0x0C
	.byte 0x35, 0x0C, 0x39, 0x0C, 0x3A, 0x0C, 0x35, 0x0C, 0x39, 0x18, 0x2E, 0x0C, 0x33, 0x0C, 0x35, 0x18
	.byte 0x3A, 0x0C, 0x33, 0x0C, 0x35, 0x0C, 0x3A, 0x18, 0x2E, 0x0C, 0x32, 0x0C, 0x33, 0x0C, 0x37, 0x0C
	.byte 0x3A, 0x0C, 0x32, 0x18, 0x30, 0x0C, 0x33, 0x0C, 0x35, 0x18, 0x39, 0x0C, 0x33, 0x0C, 0x35, 0x0C
	.byte 0x39, 0x18, 0x30, 0x0C, 0x32, 0x0C, 0x35, 0x0C, 0x39, 0x0C, 0x3C, 0x0C, 0x32, 0x18, 0x33, 0x0C
	.byte 0x35, 0x0C, 0x37, 0x18, 0x3A, 0x0C, 0x35, 0x0C, 0x37, 0x0C, 0x3A, 0x18, 0x30, 0x0C, 0x32, 0x0C
	.byte 0x33, 0x0C, 0x37, 0x0C, 0x3A, 0x0C, 0x32, 0x18, 0x30, 0x0C, 0x33, 0x0C, 0x35, 0x18, 0x39, 0x0C
	.byte 0x33, 0x0C, 0x35, 0x0C, 0x39, 0x18, 0x2E, 0x0C, 0x30, 0x0C, 0x31, 0x0C, 0x36, 0x0C, 0x3A, 0x0C
	.byte 0x31, 0x18, 0x30, 0x0C, 0x33, 0x0C, 0x38, 0x18, 0x3C, 0x0C, 0x33, 0x0C, 0x38, 0x0C, 0x3C, 0x18
	.byte 0x2E, 0x0C, 0x30, 0x0C, 0x32, 0x0C, 0x35, 0x0C, 0x3A, 0x0C, 0x32, 0x18, 0x2E, 0x0C, 0x32, 0x0C
	.byte 0x35, 0x18, 0x3A, 0x0C, 0x32, 0x0C, 0x35, 0x0C, 0x3A, 0x18, 0x2E, 0x0C, 0x33, 0x0C, 0x35, 0x0C
	.byte 0x37, 0x0C, 0x3A, 0x0C, 0x33, 0x18, 0x30, 0x0C, 0x35, 0x0C, 0x39, 0x18, 0x3C, 0x0C, 0x35, 0x0C
	.byte 0x39, 0x0C, 0x3C, 0x18, 0x2E, 0x0C, 0x30, 0x0C, 0x32, 0x0C, 0x35, 0x0C, 0x3A, 0x0C, 0x32, 0x18
	.byte 0x2E, 0x0C, 0x32, 0x0C, 0x35, 0x18, 0x3A, 0x0C, 0x32, 0x0C, 0x35, 0x0C, 0x3A, 0x18, 0x2E, 0x0C
	.byte 0x33, 0x0C, 0x35, 0x0C, 0x37, 0x0C, 0x3A, 0x0C, 0x33, 0x18, 0x30, 0x0C, 0x35, 0x0C, 0x39, 0x18
	.byte 0x3C, 0x0C, 0x35, 0x0C, 0x3C, 0x0C, 0x39, 0x18, 0x2E, 0x0C, 0x30, 0x0C, 0x32, 0x0C, 0x35, 0x0C
	.byte 0x3A, 0x0C, 0x32, 0x18, 0x2E, 0x0C, 0x32, 0x0C, 0x35, 0x18, 0x3A, 0x0C, 0x32, 0x0C, 0x35, 0x0C
	.byte 0x3A, 0x18, 0x2E, 0x0C, 0x33, 0x0C, 0x35, 0x0C, 0x37, 0x0C, 0x3A, 0x0C, 0x33, 0x18, 0x30, 0x0C
	.byte 0x35, 0x0C, 0x39, 0x18, 0x3C, 0x0C, 0x35, 0x0C, 0x39, 0x0C, 0x3C, 0x18, 0x2E, 0x0C, 0x30, 0x0C
	.byte 0x32, 0x0C, 0x35, 0x0C, 0x3A, 0x0C, 0x32, 0x18, 0x2E, 0x0C, 0x32, 0x0C, 0x35, 0x18, 0x3A, 0x0C
	.byte 0x32, 0x0C, 0x35, 0x0C, 0x3A, 0x18, 0x2E, 0x0C, 0x33, 0x0C, 0x35, 0x0C, 0x37, 0x0C, 0x3A, 0x0C
	.byte 0x33, 0x18, 0x30, 0x0C, 0x35, 0x0C, 0x39, 0x18, 0x3C, 0x0C, 0x35, 0x0C, 0x3C, 0x0C, 0x39, 0x18
	.byte 0x2E, 0x0C, 0x30, 0x0C, 0x32, 0x0C, 0x35, 0x0C, 0x3A, 0x0C, 0x32, 0x18, 0x2E, 0x0C, 0x33, 0x0C
	.byte 0x35, 0x18, 0x3A, 0x0C, 0x33, 0x0C, 0x35, 0x0C, 0x3A, 0x18, 0x2E, 0x0C, 0x35, 0x0C, 0x39, 0x0C
	.byte 0x3A, 0x0C, 0x35, 0x0C, 0x39, 0x18, 0x2E, 0x0C, 0x33, 0x0C, 0x35, 0x18, 0x3A, 0x0C, 0x33, 0x0C
	.byte 0x35, 0x0B, 0x3A, 0xF8, 0x23, 0xFD, 0xFF, 0xF9, 0x6E, 0xF6, 0x01, 0xF2, 0x3C, 0xF0, 0x0C, 0xF1
	.byte 0x78, 0x0C, 0x41, 0xF1, 0x28, 0x0C, 0x41, 0xF1, 0x78, 0x0C, 0x41, 0xF1, 0x28, 0x0C, 0x41, 0xF1
	.byte 0x78, 0x0C, 0x41, 0xF1, 0x28, 0x0C, 0x41, 0xF1, 0x78, 0x0C, 0x41, 0x0C, 0x43, 0xF1, 0x28, 0x0C
	.byte 0x43, 0xF1, 0x78, 0x0C, 0x43, 0xF1, 0x28, 0x0C, 0x43, 0xF1, 0x78, 0x0C, 0x43, 0x0C, 0x43, 0xF1
	.byte 0x28, 0x0C, 0x43, 0xF1, 0x78, 0x0C, 0x43, 0xF1, 0x28, 0x0C, 0x43, 0xF1, 0x78, 0x0C, 0x45, 0xF1
	.byte 0x28, 0x0C, 0x45, 0xF1, 0x78, 0x0C, 0x45, 0xF1, 0x28, 0x0C, 0x45, 0xF1, 0x78, 0x0C, 0x45, 0xF1
	.byte 0x28, 0x0C, 0x45, 0xF1, 0x78, 0x0C, 0x45, 0x0C, 0x43, 0xF1, 0x28, 0x0C, 0x43, 0xF1, 0x78, 0x0C
	.byte 0x43, 0xF6, 0x0C, 0x0C, 0x43, 0x0C, 0x43, 0xF1, 0x28, 0x0C, 0x43, 0xF1, 0x78, 0x0C, 0x43, 0xF1
	.byte 0x28, 0x0B, 0x43, 0xF1, 0x78, 0xF6, 0x01, 0x0C, 0x41, 0xF1, 0x28, 0x0C, 0x41, 0xF1, 0x78, 0x0C
	.byte 0x41, 0xF1, 0x28, 0x0C, 0x41, 0xF1, 0x78, 0x0C, 0x41, 0xF1, 0x28, 0x0C, 0x41, 0xF1, 0x78, 0x0C
	.byte 0x41, 0x0C, 0x43, 0xF1, 0x28, 0x0C, 0x43, 0xF1, 0x78, 0x0C, 0x43, 0xF1, 0x28, 0x0C, 0x43, 0xF1
	.byte 0x78, 0x0C, 0x43, 0x0C, 0x43, 0xF1, 0x28, 0x0C, 0x43, 0xF1, 0x78, 0x0C, 0x43, 0xF1, 0x28, 0x0C
	.byte 0x43, 0xF1, 0x78, 0x0C, 0x45, 0xF1, 0x28, 0x0C, 0x45, 0xF1, 0x78, 0x0C, 0x45, 0xF1, 0x28, 0x0C
	.byte 0x45, 0xF1, 0x78, 0x0C, 0x45, 0x0C, 0x46, 0x0C, 0x48, 0x0C, 0x46, 0xF1, 0x28, 0x0C, 0x46, 0xF1
	.byte 0x78, 0x0C, 0x46, 0xF1, 0x28, 0x0C, 0x46, 0xF1, 0x78, 0x0C, 0x46, 0x0C, 0x46, 0xF1, 0x28, 0x0C
	.byte 0x46, 0xF1, 0x78, 0x0C, 0x46, 0xF1, 0x28, 0x0C, 0x46, 0xF1, 0x78, 0x0C, 0x41, 0xF1, 0x28, 0x0C
	.byte 0x41, 0xF1, 0x78, 0x0C, 0x41, 0xF1, 0x28, 0x0C, 0x41, 0xF1, 0x78, 0x0C, 0x41, 0xF1, 0x28, 0x0C
	.byte 0x41, 0xF1, 0x78, 0x0C, 0x41, 0x0C, 0x43, 0xF1, 0x28, 0x0C, 0x43, 0xF1, 0x78, 0x0C, 0x43, 0xF1
	.byte 0x28, 0x0C, 0x43, 0xF1, 0x78, 0x0C, 0x43, 0x0C, 0x43, 0xF1, 0x28, 0x0C, 0x43, 0xF1, 0x78, 0x0C
	.byte 0x43, 0xF1, 0x28, 0x0C, 0x43, 0xF1, 0x78, 0x0C, 0x45, 0xF1, 0x28, 0x0C, 0x45, 0xF1, 0x78, 0x0C
	.byte 0x45, 0xF1, 0x28, 0x0C, 0x45, 0xF1, 0x78, 0x0C, 0x45, 0xF1, 0x28, 0x0C, 0x45, 0xF1, 0x78, 0x0C
	.byte 0x45, 0x0C, 0x43, 0xF1, 0x28, 0x0C, 0x43, 0xF1, 0x78, 0x0C, 0x43, 0xF1, 0x28, 0x0C, 0x43, 0xF1
	.byte 0x78, 0x0C, 0x43, 0x0C, 0x43, 0xF1, 0x28, 0x0C, 0x43, 0xF1, 0x78, 0x0C, 0x43, 0xF1, 0x28, 0x0C
	.byte 0x43, 0xF1, 0x78, 0x0C, 0x41, 0xF1, 0x28, 0x0C, 0x41, 0xF1, 0x78, 0x0C, 0x41, 0xF1, 0x28, 0x0C
	.byte 0x41, 0xF1, 0x78, 0x0C, 0x41, 0xF1, 0x28, 0x0C, 0x41, 0xF1, 0x78, 0x0C, 0x41, 0x0C, 0x43, 0xF1
	.byte 0x28, 0x0C, 0x43, 0xF1, 0x78, 0x0C, 0x43, 0xF1, 0x28, 0x0C, 0x43, 0xF1, 0x78, 0x0C, 0x43, 0x0C
	.byte 0x43, 0xF1, 0x28, 0x0C, 0x43, 0xF1, 0x78, 0x0C, 0x43, 0xF1, 0x28, 0x0C, 0x43, 0xF1, 0x78, 0x0C
	.byte 0x45, 0xF1, 0x28, 0x0C, 0x45, 0xF1, 0x78, 0x0C, 0x45, 0xF1, 0x28, 0x0C, 0x45, 0xF1, 0x78, 0x0C
	.byte 0x45, 0x0C, 0x46, 0x0C, 0x48, 0x0C, 0x46, 0xF1, 0x28, 0x0C, 0x46, 0xF1, 0x78, 0x0C, 0x46, 0xF1
	.byte 0x28, 0x0C, 0x46, 0xF1, 0x78, 0x0C, 0x46, 0x0C, 0x46, 0xF1, 0x28, 0x0C, 0x46, 0xF1, 0x78, 0x0C
	.byte 0x46, 0xF1, 0x28, 0x0C, 0x46, 0xF1, 0x78, 0x0C, 0x43, 0xF1, 0x28, 0x0C, 0x43, 0xF1, 0x78, 0x0C
	.byte 0x43, 0xF1, 0x28, 0x0C, 0x43, 0xF1, 0x78, 0x0C, 0x43, 0xF1, 0x28, 0x0C, 0x43, 0xF1, 0x78, 0x0C
	.byte 0x43, 0x0C, 0x41, 0xF1, 0x28, 0x0C, 0x41, 0xF1, 0x78, 0x0C, 0x41, 0xF1, 0x28, 0x0C, 0x41, 0xF1
	.byte 0x78, 0x0C, 0x41, 0x0C, 0x41, 0xF1, 0x28, 0x0C, 0x41, 0xF1, 0x78, 0x0C, 0x41, 0xF1, 0x28, 0x0C
	.byte 0x41, 0xF1, 0x78, 0x0C, 0x46, 0xF1, 0x28, 0x0C, 0x46, 0xF1, 0x78, 0x0C, 0x46, 0xF1, 0x28, 0x0C
	.byte 0x46, 0xF1, 0x78, 0x0C, 0x46, 0xF1, 0x28, 0x0C, 0x46, 0xF1, 0x78, 0x0C, 0x46, 0x0C, 0x44, 0xF1
	.byte 0x28, 0x0C, 0x44, 0xF1, 0x78, 0x0C, 0x44, 0xF1, 0x28, 0x0C, 0x44, 0xF1, 0x78, 0x0C, 0x44, 0x0C
	.byte 0x44, 0xF1, 0x28, 0x0C, 0x44, 0xF1, 0x78, 0x0C, 0x44, 0xF1, 0x28, 0x0C, 0x44, 0xF1, 0x78, 0x0C
	.byte 0x44, 0xF1, 0x28, 0x0C, 0x44, 0xF1, 0x78, 0x0C, 0x44, 0xF1, 0x28, 0x0C, 0x44, 0xF1, 0x78, 0x0C
	.byte 0x44, 0xF1, 0x28, 0x0C, 0x44, 0xF1, 0x78, 0x0C, 0x44, 0x0C, 0x44, 0xF1, 0x28, 0x0C, 0x44, 0xF1
	.byte 0x78, 0x0C, 0x44, 0xF1, 0x28, 0x0C, 0x44, 0xF1, 0x78, 0x0C, 0x44, 0x0C, 0x44, 0xF1, 0x28, 0x0C
	.byte 0x44, 0xF1, 0x78, 0x0C, 0x44, 0xF1, 0x28, 0x0C, 0x44, 0xF1, 0x78, 0x0C, 0x45, 0xF1, 0x28, 0x0C
	.byte 0x45, 0xF1, 0x78, 0x0C, 0x45, 0xF1, 0x28, 0x0C, 0x45, 0xF1, 0x78, 0x0C, 0x45, 0xF1, 0x28, 0x0C
	.byte 0x45, 0xF1, 0x78, 0x0C, 0x45, 0x0C, 0x45, 0xF1, 0x28, 0x0C, 0x45, 0xF1, 0x78, 0x0C, 0x45, 0xF1
	.byte 0x28, 0x0C, 0x45, 0xF1, 0x78, 0x0C, 0x45, 0x0C, 0x45, 0xF1, 0x28, 0x0C, 0x45, 0xF1, 0x78, 0x0C
	.byte 0x45, 0xF1, 0x28, 0x0C, 0x45, 0xF1, 0x78, 0x0C, 0x41, 0xF1, 0x28, 0x0C, 0x41, 0xF1, 0x78, 0x0C
	.byte 0x41, 0xF1, 0x28, 0x0C, 0x41, 0xF1, 0x78, 0x0C, 0x41, 0xF1, 0x28, 0x0C, 0x41, 0xF1, 0x78, 0x0C
	.byte 0x41, 0x0C, 0x43, 0xF1, 0x28, 0x0C, 0x43, 0xF1, 0x78, 0x0C, 0x43, 0xF1, 0x28, 0x0C, 0x43, 0xF1
	.byte 0x78, 0x0C, 0x43, 0x0C, 0x43, 0xF1, 0x28, 0x0C, 0x43, 0xF1, 0x78, 0x0C, 0x43, 0xF1, 0x28, 0x0C
	.byte 0x43, 0xF1, 0x78, 0x0C, 0x45, 0xF1, 0x28, 0x0C, 0x45, 0xF1, 0x78, 0x0C, 0x45, 0xF1, 0x28, 0x0C
	.byte 0x45, 0xF1, 0x78, 0x0C, 0x45, 0xF1, 0x28, 0x0C, 0x45, 0xF1, 0x78, 0x0C, 0x45, 0x0C, 0x43, 0xF1
	.byte 0x28, 0x0C, 0x43, 0xF1, 0x78, 0x0C, 0x43, 0xF1, 0x28, 0x0C, 0x43, 0xF1, 0x78, 0x0C, 0x43, 0x0C
	.byte 0x43, 0xF1, 0x28, 0x0C, 0x43, 0xF1, 0x78, 0x0C, 0x43, 0xF1, 0x28, 0x0C, 0x43, 0xF1, 0x78, 0x0C
	.byte 0x41, 0xF1, 0x28, 0x0C, 0x41, 0xF1, 0x78, 0x0C, 0x41, 0xF1, 0x28, 0x0C, 0x41, 0xF1, 0x78, 0x0C
	.byte 0x41, 0xF1, 0x28, 0x0C, 0x41, 0xF1, 0x78, 0x0C, 0x41, 0x0C, 0x43, 0xF1, 0x28, 0x0C, 0x43, 0xF1
	.byte 0x78, 0x0C, 0x43, 0xF1, 0x28, 0x0C, 0x43, 0xF1, 0x78, 0x0C, 0x43, 0x0C, 0x43, 0xF1, 0x28, 0x0C
	.byte 0x43, 0xF1, 0x78, 0x0C, 0x43, 0xF1, 0x28, 0x0C, 0x43, 0xF1, 0x78, 0x0C, 0x45, 0xF1, 0x28, 0x0C
	.byte 0x45, 0xF1, 0x78, 0x0C, 0x45, 0xF1, 0x28, 0x0C, 0x45, 0xF1, 0x78, 0x0C, 0x45, 0x0C, 0x46, 0x0C
	.byte 0x48, 0x0C, 0x46, 0xF1, 0x28, 0x0C, 0x46, 0xF1, 0x78, 0x0C, 0x46, 0xF1, 0x28, 0x0C, 0x46, 0xF1
	.byte 0x78, 0x0C, 0x46, 0x0C, 0x46, 0xF1, 0x28, 0x0C, 0x46, 0xF1, 0x78, 0x0C, 0x46, 0xF1, 0x28, 0x0C
	.byte 0x46, 0xF1, 0x78, 0x0C, 0x43, 0xF1, 0x28, 0x0C, 0x43, 0xF1, 0x78, 0x0C, 0x43, 0xF1, 0x28, 0x0C
	.byte 0x43, 0xF1, 0x78, 0x0C, 0x43, 0xF1, 0x28, 0x0C, 0x43, 0xF1, 0x78, 0x0C, 0x43, 0x0C, 0x45, 0xF1
	.byte 0x28, 0x0C, 0x45, 0xF1, 0x78, 0x0C, 0x45, 0xF1, 0x28, 0x0C, 0x45, 0xF1, 0x78, 0x0C, 0x45, 0x0C
	.byte 0x45, 0xF1, 0x28, 0x0C, 0x45, 0xF1, 0x78, 0x0C, 0x45, 0xF1, 0x28, 0x0C, 0x45, 0xF1, 0x78, 0x0C
	.byte 0x45, 0xF1, 0x28, 0x0C, 0x45, 0xF1, 0x78, 0x0C, 0x45, 0xF1, 0x28, 0x0C, 0x45, 0xF1, 0x78, 0x0C
	.byte 0x45, 0xF1, 0x28, 0x0C, 0x45, 0xF1, 0x78, 0x0C, 0x45, 0x0C, 0x43, 0xF1, 0x28, 0x0C, 0x43, 0xF1
	.byte 0x78, 0x0C, 0x43, 0xF1, 0x28, 0x0C, 0x43, 0xF1, 0x78, 0x0C, 0x43, 0x0C, 0x43, 0xF1, 0x28, 0x0C
	.byte 0x43, 0xF1, 0x78, 0x0C, 0x43, 0xF1, 0x28, 0x0C, 0x43, 0xF1, 0x78, 0x0C, 0x43, 0xF1, 0x28, 0x0C
	.byte 0x43, 0xF1, 0x78, 0x0C, 0x43, 0xF1, 0x28, 0x0C, 0x43, 0xF1, 0x78, 0x0C, 0x43, 0xF1, 0x28, 0x0C
	.byte 0x43, 0xF1, 0x78, 0x0C, 0x43, 0x0C, 0x45, 0xF1, 0x28, 0x0C, 0x45, 0xF1, 0x78, 0x0C, 0x45, 0xF1
	.byte 0x28, 0x0C, 0x45, 0xF1, 0x78, 0x0C, 0x45, 0x0C, 0x45, 0xF1, 0x28, 0x0C, 0x45, 0xF1, 0x78, 0x0C
	.byte 0x45, 0xF1, 0x28, 0x0C, 0x45, 0xF1, 0x78, 0x0C, 0x46, 0xF1, 0x28, 0x0C, 0x46, 0xF1, 0x78, 0x0C
	.byte 0x46, 0xF1, 0x28, 0x0C, 0x46, 0xF1, 0x78, 0x0C, 0x46, 0xF1, 0x28, 0x0C, 0x46, 0xF1, 0x78, 0x0C
	.byte 0x46, 0x0C, 0x44, 0xF1, 0x28, 0x0C, 0x44, 0xF1, 0x78, 0x0C, 0x44, 0xF1, 0x28, 0x0C, 0x44, 0xF1
	.byte 0x78, 0x0C, 0x44, 0x0C, 0x44, 0xF1, 0x28, 0x0C, 0x44, 0xF1, 0x78, 0x0C, 0x44, 0xF1, 0x28, 0x0C
	.byte 0x44, 0xF1, 0x78, 0x0C, 0x41, 0xF1, 0x28, 0x0C, 0x41, 0xF1, 0x78, 0x0C, 0x41, 0xF1, 0x28, 0x0C
	.byte 0x41, 0xF1, 0x78, 0x0C, 0x41, 0xF1, 0x28, 0x0C, 0x41, 0xF1, 0x78, 0x0C, 0x41, 0x0C, 0x41, 0xF1
	.byte 0x28, 0x0C, 0x41, 0xF1, 0x78, 0x0C, 0x41, 0xF1, 0x28, 0x0C, 0x41, 0xF1, 0x78, 0x0C, 0x41, 0x0C
	.byte 0x41, 0xF1, 0x28, 0x0C, 0x41, 0xF1, 0x78, 0x0C, 0x41, 0xF1, 0x28, 0x0C, 0x41, 0xF1, 0x78, 0x0C
	.byte 0x3F, 0xF1, 0x28, 0x0C, 0x3F, 0xF1, 0x78, 0x0C, 0x3F, 0xF1, 0x28, 0x0C, 0x3F, 0xF1, 0x78, 0x0C
	.byte 0x3F, 0xF1, 0x28, 0x0C, 0x3F, 0xF1, 0x78, 0x0C, 0x3F, 0x0C, 0x3F, 0xF1, 0x28, 0x0C, 0x3F, 0xF1
	.byte 0x78, 0x0C, 0x3F, 0xF1, 0x28, 0x0C, 0x3F, 0xF1, 0x78, 0x0C, 0x3F, 0x0C, 0x3F, 0xF1, 0x28, 0x0C
	.byte 0x3F, 0xF1, 0x78, 0x0C, 0x3F, 0xF1, 0x28, 0x0C, 0x3F, 0xF1, 0x78, 0x0C, 0x41, 0xF1, 0x28, 0x0C
	.byte 0x41, 0xF1, 0x78, 0x0C, 0x41, 0xF1, 0x28, 0x0C, 0x41, 0xF1, 0x78, 0x0C, 0x41, 0xF1, 0x28, 0x0C
	.byte 0x41, 0xF1, 0x78, 0x0C, 0x41, 0x0C, 0x41, 0xF1, 0x28, 0x0C, 0x41, 0xF1, 0x78, 0x0C, 0x41, 0xF1
	.byte 0x28, 0x0C, 0x41, 0xF1, 0x78, 0x0C, 0x41, 0x0C, 0x41, 0xF1, 0x28, 0x0C, 0x41, 0xF1, 0x78, 0x0C
	.byte 0x41, 0xF1, 0x28, 0x0C, 0x41, 0xF1, 0x78, 0x0C, 0x3F, 0xF1, 0x28, 0x0C, 0x3F, 0xF1, 0x78, 0x0C
	.byte 0x3F, 0xF1, 0x28, 0x0C, 0x3F, 0xF1, 0x78, 0x0C, 0x3F, 0xF1, 0x28, 0x0C, 0x3F, 0xF1, 0x78, 0x0C
	.byte 0x3F, 0x0C, 0x3F, 0xF1, 0x28, 0x0C, 0x3F, 0xF6, 0x18, 0xF1, 0x78, 0x0C, 0x3F, 0x0C, 0x3F, 0xF1
	.byte 0x28, 0x0C, 0x3F, 0xF1, 0x78, 0x0C, 0x3F, 0xF1, 0x28, 0x0C, 0x3F, 0xF1, 0x78, 0x0C, 0x41, 0xF1
	.byte 0x28, 0x0C, 0x41, 0xF1, 0x78, 0x0C, 0x41, 0xF1, 0x28, 0x0C, 0x41, 0xF1, 0x78, 0x0C, 0x41, 0xF1
	.byte 0x28, 0x0C, 0x41, 0xF1, 0x78, 0x0C, 0x41, 0x0C, 0x41, 0xF1, 0x28, 0x0C, 0x41, 0xF1, 0x78, 0x0C
	.byte 0x41, 0xF1, 0x28, 0x0C, 0x41, 0xF1, 0x78, 0x0C, 0x41, 0x0C, 0x41, 0xF1, 0x28, 0x0C, 0x41, 0xF1
	.byte 0x78, 0x0C, 0x41, 0xF1, 0x28, 0x0C, 0x41, 0xF1, 0x78, 0x0C, 0x3F, 0xF1, 0x28, 0x0C, 0x3F, 0xF1
	.byte 0x78, 0x0C, 0x3F, 0xF1, 0x28, 0x0C, 0x3F, 0xF1, 0x78, 0x0C, 0x3F, 0xF1, 0x28, 0x0C, 0x3F, 0xF1
	.byte 0x78, 0x0C, 0x3F, 0x0C, 0x3F, 0xF1, 0x28, 0x0C, 0x3F, 0xF1, 0x78, 0x0C, 0x3F, 0xF1, 0x28, 0x0C
	.byte 0x3F, 0xF1, 0x78, 0x0C, 0x3F, 0x0C, 0x3F, 0xF1, 0x28, 0x0C, 0x3F, 0xF1, 0x78, 0x0C, 0x3F, 0xF1
	.byte 0x28, 0x0C, 0x3F, 0xF1, 0x78, 0x0C, 0x41, 0xF1, 0x28, 0x0C, 0x41, 0xF1, 0x78, 0x0C, 0x41, 0xF1
	.byte 0x28, 0x0C, 0x41, 0xF1, 0x78, 0x0C, 0x41, 0xF1, 0x28, 0x0C, 0x41, 0xF1, 0x78, 0x0C, 0x41, 0x0C
	.byte 0x41, 0xF1, 0x28, 0x0C, 0x41, 0xF1, 0x78, 0x0C, 0x41, 0xF1, 0x28, 0x0C, 0x41, 0xF1, 0x78, 0x0C
	.byte 0x41, 0x0C, 0x41, 0xF1, 0x28, 0x0C, 0x41, 0xF1, 0x78, 0x0C, 0x41, 0xF1, 0x28, 0x0C, 0x41, 0xF1
	.byte 0x78, 0x0C, 0x3F, 0xF1, 0x28, 0x0C, 0x3F, 0xF1, 0x78, 0x0C, 0x3F, 0xF1, 0x28, 0x0C, 0x3F, 0xF1
	.byte 0x78, 0x0C, 0x3F, 0xF1, 0x28, 0x0C, 0x3F, 0xF1, 0x78, 0x0C, 0x3F, 0x0C, 0x3F, 0xF1, 0x28, 0x0C
	.byte 0x3F, 0xF6, 0x18, 0xF1, 0x78, 0x0C, 0x3F, 0x0C, 0x3F, 0xF1, 0x28, 0x0C, 0x3F, 0xF1, 0x78, 0x0C
	.byte 0x3F, 0xF1, 0x28, 0x0C, 0x3F, 0xF1, 0x78, 0x0C, 0x41, 0xF1, 0x28, 0x0C, 0x41, 0xF1, 0x78, 0x0C
	.byte 0x41, 0xF1, 0x28, 0x0C, 0x41, 0xF1, 0x78, 0x0C, 0x41, 0xF1, 0x28, 0x0C, 0x41, 0xF1, 0x78, 0x0C
	.byte 0x41, 0x0C, 0x43, 0xF1, 0x28, 0x0C, 0x43, 0xF1, 0x78, 0x0C, 0x43, 0xF1, 0x28, 0x0C, 0x43, 0xF1
	.byte 0x78, 0x0C, 0x43, 0x0C, 0x43, 0xF1, 0x28, 0x0C, 0x43, 0xF1, 0x78, 0x0C, 0x43, 0xF1, 0x28, 0x0C
	.byte 0x43, 0xF1, 0x78, 0x0C, 0x45, 0xF1, 0x28, 0x0C, 0x45, 0xF1, 0x78, 0x0C, 0x45, 0xF1, 0x28, 0x0C
	.byte 0x45, 0xF1, 0x78, 0x0C, 0x45, 0xF1, 0x28, 0x0C, 0x45, 0xF1, 0x78, 0x0C, 0x45, 0x0C, 0x43, 0xF1
	.byte 0x28, 0x0C, 0x43, 0xF1, 0x78, 0x0C, 0x43, 0xF1, 0x28, 0x0C, 0x43, 0xF1, 0x78, 0x0C, 0x43, 0x0C
	.byte 0x43, 0xF1, 0x28, 0x0C, 0x43, 0xF1, 0x78, 0x0C, 0x43, 0xF1, 0x28, 0x0B, 0x43, 0xF8, 0x85, 0xF9
	.byte 0xFF, 0xF9, 0x6E, 0xF2, 0xF0, 0xF0, 0x0C, 0xF1, 0x78, 0x0C, 0x3E, 0xF1, 0x28, 0x0C, 0x3E, 0xF1
	.byte 0x78, 0x0C, 0x3E, 0xF1, 0x28, 0x0C, 0x3E, 0xF1, 0x78, 0x0C, 0x3E, 0x0C, 0x3A, 0x0C, 0x3E, 0x0C
	.byte 0x3F, 0xF1, 0x28, 0x0C, 0x3E, 0xF1, 0x78, 0x0C, 0x3F, 0x0C, 0x3A, 0x0C, 0x3F, 0x0C, 0x3F, 0x0C
	.byte 0x3A, 0x0C, 0x3F, 0xF1, 0x28, 0x0C, 0x3F, 0xF1, 0x78, 0x0C, 0x41, 0xF1, 0x28, 0x0C, 0x41, 0xF1
	.byte 0x78, 0x0C, 0x41, 0xF1, 0x28, 0x0C, 0x41, 0xF1, 0x78, 0x0C, 0x41, 0x0C, 0x3A, 0x0C, 0x41, 0x0C
	.byte 0x3F, 0xF1, 0x28, 0x0C, 0x3F, 0xF1, 0x78, 0x0C, 0x3F, 0x0C, 0x3A, 0x0C, 0x3F, 0x0C, 0x3F, 0x0C
	.byte 0x3A, 0x0C, 0x3F, 0xF1, 0x28, 0x0C, 0x3F, 0xF1, 0x78, 0x0C, 0x3E, 0xF1, 0x28, 0x0C, 0x3E, 0xF1
	.byte 0x78, 0x0C, 0x3E, 0xF1, 0x28, 0x0C, 0x3E, 0xF1, 0x78, 0x0C, 0x3E, 0x0C, 0x3A, 0x0C, 0x3E, 0x0C
	.byte 0x3F, 0xF1, 0x28, 0x0C, 0x3F, 0xF1, 0x78, 0x0C, 0x3F, 0x0C, 0x3A, 0x0C, 0x3F, 0x0C, 0x3F, 0x0C
	.byte 0x3A, 0x0C, 0x3F, 0xF1, 0x28, 0x0C, 0x3F, 0xF1, 0x78, 0x0C, 0x41, 0xF1, 0x28, 0x0C, 0x41, 0xF1
	.byte 0x78, 0x0C, 0x41, 0xF1, 0x28, 0x0C, 0x41, 0xF1, 0x78, 0x0C, 0x41, 0x0C, 0x41, 0x0C, 0x41, 0x0C
	.byte 0x43, 0xF1, 0x28, 0x0C, 0x43, 0xF1, 0x78, 0x0C, 0x43, 0x0C, 0x3A, 0x0C, 0x43, 0x0C, 0x43, 0x0C
	.byte 0x3A, 0x0C, 0x43, 0xF1, 0x28, 0x0C, 0x43, 0xF1, 0x78, 0x0C, 0x3E, 0xF1, 0x28, 0x0C, 0x3E, 0xF1
	.byte 0x78, 0x0C, 0x3E, 0xF1, 0x28, 0x0C, 0x3E, 0xF1, 0x78, 0x0C, 0x3E, 0x0C, 0x3A, 0x0C, 0x3E, 0x0C
	.byte 0x3F, 0xF1, 0x28, 0x0C, 0x3F, 0xF1, 0x78, 0x0C, 0x3F, 0x0C, 0x3A, 0x0C, 0x3F, 0x0C, 0x3F, 0x0C
	.byte 0x3A, 0x0C, 0x3F, 0xF1, 0x28, 0x0C, 0x3F, 0xF1, 0x78, 0x0C, 0x41, 0xF1, 0x28, 0x0C, 0x41, 0xF1
	.byte 0x78, 0x0C, 0x41, 0xF1, 0x28, 0x0C, 0x41, 0xF1, 0x78, 0x0C, 0x41, 0x0C, 0x3A, 0x0C, 0x41, 0x0C
	.byte 0x3F, 0xF1, 0x28, 0x0C, 0x3F, 0xF1, 0x78, 0x0C, 0x3F, 0x0C, 0x3A, 0x0C, 0x3F, 0x0C, 0x3F, 0x0C
	.byte 0x3A, 0x0C, 0x3F, 0xF1, 0x28, 0x0C, 0x3F, 0xF1, 0x78, 0x0C, 0x3E, 0xF1, 0x28, 0x0C, 0x3E, 0xF1
	.byte 0x78, 0x0C, 0x3E, 0xF1, 0x28, 0x0C, 0x3E, 0xF1, 0x78, 0x0C, 0x3E, 0x0C, 0x3A, 0x0C, 0x3E, 0x0C
	.byte 0x3F, 0xF1, 0x28, 0x0C, 0x3F, 0xF1, 0x78, 0x0C, 0x3F, 0x0C, 0x3A, 0x0C, 0x3F, 0x0C, 0x3F, 0x0C
	.byte 0x3A, 0x0C, 0x3F, 0xF1, 0x28, 0x0C, 0x3F, 0xF1, 0x78, 0x0C, 0x41, 0xF1, 0x28, 0x0C, 0x41, 0xF1
	.byte 0x78, 0x0C, 0x41, 0xF1, 0x28, 0x0C, 0x41, 0xF1, 0x78, 0x0C, 0x41, 0x0C, 0x41, 0x0C, 0x41, 0x0C
	.byte 0x43, 0xF1, 0x28, 0x0C, 0x43, 0xF1, 0x78, 0x0C, 0x43, 0x0C, 0x3A, 0x0C, 0x43, 0x0C, 0x43, 0x0C
	.byte 0x3A, 0x0C, 0x43, 0xF1, 0x28, 0x0C, 0x43, 0xF1, 0x78, 0x0C, 0x3F, 0xF1, 0x28, 0x0C, 0x3F, 0xF1
	.byte 0x78, 0x0C, 0x3F, 0xF6, 0x0C, 0x0C, 0x3F, 0x0C, 0x3A, 0x0C, 0x3F, 0x0C, 0x3E, 0xF1, 0x28, 0x0C
	.byte 0x3E, 0xF1, 0x78, 0x0C, 0x3E, 0x0C, 0x3A, 0x0C, 0x3E, 0x0C, 0x3E, 0x0C, 0x3A, 0x0C, 0x3E, 0xF1
	.byte 0x28, 0x0C, 0x3E, 0xF1, 0x78, 0x0C, 0x42, 0xF1, 0x28, 0x0C, 0x42, 0xF1, 0x78, 0x0C, 0x42, 0xF1
	.byte 0x28, 0x0C, 0x42, 0xF1, 0x78, 0x0C, 0x42, 0x0C, 0x3D, 0x0C, 0x42, 0x0C, 0x41, 0xF1, 0x28, 0x0C
	.byte 0x41, 0xF1, 0x78, 0x0C, 0x41, 0x0C, 0x3D, 0x0C, 0x41, 0x0C, 0x41, 0x0C, 0x3D, 0x0C, 0x41, 0xF1
	.byte 0x28, 0x0C, 0x41, 0xF1, 0x78, 0x0C, 0x40, 0xF1, 0x28, 0x0C, 0x40, 0xF1, 0x78, 0x0C, 0x40, 0xF1
	.byte 0x28, 0x0C, 0x40, 0xF1, 0x78, 0x0C, 0x40, 0x0C, 0x3D, 0x0C, 0x40, 0x0C, 0x40, 0xF1, 0x28, 0x0C
	.byte 0x40, 0xF1, 0x78, 0x0C, 0x40, 0x0C, 0x3D, 0x0C, 0x40, 0x0C, 0x40, 0x0C, 0x3D, 0x0C, 0x40, 0xF1
	.byte 0x28, 0x0C, 0x40, 0xF1, 0x78, 0x0C, 0x41, 0xF1, 0x28, 0x0C, 0x41, 0xF1, 0x78, 0x0C, 0x41, 0xF1
	.byte 0x28, 0x0C, 0x41, 0xF1, 0x78, 0x0C, 0x41, 0x0C, 0x3C, 0x0C, 0x41, 0x0C, 0x41, 0xF1, 0x28, 0x0C
	.byte 0x41, 0xF1, 0x78, 0x0C, 0x41, 0x0C, 0x3C, 0x0C, 0x41, 0x0C, 0x41, 0x0C, 0x3C, 0x0C, 0x41, 0xF1
	.byte 0x28, 0x0C, 0x41, 0xF1, 0x78, 0x0C, 0x3E, 0xF1, 0x28, 0x0C, 0x3E, 0xF1, 0x78, 0x0C, 0x3E, 0xF1
	.byte 0x28, 0x0C, 0x3E, 0xF1, 0x78, 0x0C, 0x3E, 0x0C, 0x3A, 0x0C, 0x3E, 0x0C, 0x3F, 0xF1, 0x28, 0x0C
	.byte 0x3F, 0xF1, 0x78, 0x0C, 0x3F, 0x0C, 0x3A, 0x0C, 0x3F, 0x0C, 0x3F, 0x0C, 0x3A, 0x0C, 0x3F, 0xF1
	.byte 0x28, 0x0C, 0x3F, 0xF1, 0x78, 0x0C, 0x41, 0xF1, 0x28, 0x0C, 0x41, 0xF1, 0x78, 0x0C, 0x41, 0xF1
	.byte 0x28, 0x0C, 0x41, 0xF1, 0x78, 0x0C, 0x41, 0x0C, 0x3A, 0x0C, 0x41, 0x0C, 0x3F, 0xF1, 0x28, 0x0C
	.byte 0x3F, 0xF1, 0x78, 0x0C, 0x3F, 0x0C, 0x3A, 0x0C, 0x3F, 0x0C, 0x3F, 0x0C, 0x3A, 0x0C, 0x3F, 0xF1
	.byte 0x28, 0x0C, 0x3F, 0xF1, 0x78, 0x0C, 0x3E, 0xF1, 0x28, 0x0C, 0x3E, 0xF1, 0x78, 0x0C, 0x3E, 0xF1
	.byte 0x28, 0x0C, 0x3E, 0xF1, 0x78, 0x0C, 0x3E, 0x0C, 0x3A, 0x0C, 0x3E, 0x0C, 0x3F, 0xF1, 0x28, 0x0C
	.byte 0x3F, 0xF1, 0x78, 0x0C, 0x3F, 0x0C, 0x3A, 0x0C, 0x3F, 0x0C, 0x3F, 0x0C, 0x3A, 0x0C, 0x3F, 0xF1
	.byte 0x28, 0x0C, 0x3F, 0xF1, 0x78, 0x0C, 0x41, 0xF1, 0x28, 0x0C, 0x41, 0xF1, 0x78, 0x0C, 0x41, 0xF1
	.byte 0x28, 0x0C, 0x41, 0xF1, 0x78, 0x0C, 0x41, 0x0C, 0x41, 0x0C, 0x41, 0x0C, 0x43, 0xF1, 0x28, 0x0C
	.byte 0x43, 0xF1, 0x78, 0x0C, 0x43, 0x0C, 0x3A, 0x0C, 0x43, 0x0C, 0x43, 0x0C, 0x3A, 0x0C, 0x43, 0xF1
	.byte 0x28, 0x0C, 0x43, 0xF1, 0x78, 0x0C, 0x3F, 0xF1, 0x28, 0x0C, 0x3F, 0xF1, 0x78, 0x0C, 0x3F, 0xF1
	.byte 0x28, 0x0C, 0x3F, 0xF1, 0x78, 0x0C, 0x3F, 0x0C, 0x3A, 0x0C, 0x3F, 0x0C, 0x41, 0xF1, 0x28, 0x0C
	.byte 0x41, 0xF1, 0x78, 0x0C, 0x41, 0x0C, 0x3C, 0x0C, 0x41, 0x0C, 0x41, 0x0C, 0x3C, 0x0C, 0x41, 0xF1
	.byte 0x28, 0x0C, 0x41, 0xF1, 0x78, 0x0C, 0x41, 0xF1, 0x28, 0x0C, 0x41, 0xF1, 0x78, 0x0C, 0x41, 0xF1
	.byte 0x28, 0x0C, 0x41, 0xF1, 0x78, 0x0C, 0x41, 0x0C, 0x3C, 0x0C, 0x41, 0x0C, 0x3F, 0xF1, 0x28, 0x0C
	.byte 0x3F, 0xF1, 0x78, 0x0C, 0x3F, 0x0C, 0x3A, 0x0C, 0x3F, 0x0C, 0x3F, 0x0C, 0x3A, 0x0C, 0x3F, 0xF1
	.byte 0x28, 0x0C, 0x3F, 0xF1, 0x78, 0x0C, 0x3F, 0xF1, 0x28, 0x0C, 0x3F, 0xF1, 0x78, 0x0C, 0x3F, 0xF1
	.byte 0x28, 0x0C, 0x3F, 0xF1, 0x78, 0x0C, 0x3F, 0x0C, 0x3C, 0x0C, 0x3F, 0x0C, 0x41, 0xF1, 0x28, 0x0C
	.byte 0x41, 0xF1, 0x78, 0x0C, 0x41, 0x0C, 0x3C, 0x0C, 0x41, 0x0C, 0x41, 0x0C, 0x3C, 0x0C, 0x41, 0xF1
	.byte 0x28, 0x0C, 0x41, 0xF1, 0x78, 0x0C, 0x42, 0xF1, 0x28, 0x0C, 0x42, 0xF1, 0x78, 0x0C, 0x42, 0xF1
	.byte 0x28, 0x0C, 0x42, 0xF1, 0x78, 0x0C, 0x42, 0x0C, 0x3D, 0xF1, 0x28, 0x0C, 0x3D, 0xF1, 0x78, 0x0C
	.byte 0x3F, 0xF1, 0x28, 0x0C, 0x3F, 0xF1, 0x78, 0x0C, 0x3F, 0x0C, 0x3C, 0x0C, 0x3F, 0x0C, 0x3F, 0x0C
	.byte 0x3C, 0x0C, 0x3F, 0xF1, 0x28, 0x0C, 0x3F, 0xF1, 0x78, 0x0C, 0x3E, 0xF1, 0x28, 0x0C, 0x3E, 0xF1
	.byte 0x78, 0x0C, 0x3E, 0xF1, 0x28, 0x0C, 0x3E, 0xF1, 0x78, 0x0C, 0x3E, 0x0C, 0x3A, 0x0C, 0x3E, 0x0C
	.byte 0x3E, 0xF1, 0x28, 0x0C, 0x3E, 0xF1, 0x78, 0x0C, 0x3E, 0x0C, 0x3A, 0x0C, 0x3E, 0x0C, 0x3E, 0x0C
	.byte 0x3A, 0x0C, 0x3E, 0xF1, 0x28, 0x0C, 0x3E, 0xF1, 0x78, 0x0C, 0x3A, 0xF1, 0x28, 0x0C, 0x3A, 0xF1
	.byte 0x78, 0x0C, 0x3A, 0xF1, 0x28, 0x0C, 0x3A, 0xF1, 0x78, 0x0C, 0x3A, 0x0C, 0x37, 0x0C, 0x3A, 0x0C
	.byte 0x3C, 0xF1, 0x28, 0x0C, 0x3C, 0xF1, 0x78, 0x0C, 0x3C, 0x0C, 0x39, 0x0C, 0x3C, 0x0C, 0x3C, 0x0C
	.byte 0x39, 0x0C, 0x3C, 0xF1, 0x28, 0x0C, 0x3C, 0xF1, 0x78, 0x0C, 0x3E, 0xF1, 0x28, 0x0C, 0x3E, 0xF1
	.byte 0x78, 0x0C, 0x3E, 0xF1, 0x28, 0x0C, 0x3E, 0xF1, 0x78, 0x0C, 0x3E, 0x0C, 0x3A, 0x0C, 0x3E, 0x0C
	.byte 0x3E, 0xF1, 0x28, 0x0C, 0x3E, 0xF1, 0x78, 0x0C, 0x3E, 0x0C, 0x3A, 0x0C, 0x3E, 0x0C, 0x3E, 0x0C
	.byte 0x3A, 0x0C, 0x3E, 0xF1, 0x28, 0x0C, 0x3E, 0xF1, 0x78, 0x0C, 0x3A, 0xF1, 0x28, 0x0C, 0x3A, 0xF1
	.byte 0x78, 0x0C, 0x3A, 0xF1, 0x28, 0x0C, 0x3A, 0xF1, 0x78, 0x0C, 0x3A, 0x0C, 0x37, 0x0C, 0x3A, 0x0C
	.byte 0x3C, 0xF1, 0x28, 0x0C, 0x3C, 0xF6, 0x0C, 0xF1, 0x78, 0x0C, 0x39, 0x0C, 0x3C, 0x0C, 0x3C, 0x0C
	.byte 0x39, 0x0C, 0x3C, 0x0C, 0x39, 0x0C, 0x3E, 0xF1, 0x28, 0x0C, 0x3E, 0xF1, 0x78, 0x0C, 0x3E, 0xF1
	.byte 0x28, 0x0C, 0x3E, 0xF1, 0x78, 0x0C, 0x3E, 0x0C, 0x3A, 0x0C, 0x3E, 0x0C, 0x3E, 0xF1, 0x28, 0x0C
	.byte 0x3E, 0xF1, 0x78, 0x0C, 0x3E, 0x0C, 0x3A, 0x0C, 0x3E, 0x0C, 0x3E, 0x0C, 0x3A, 0x0C, 0x3E, 0xF1
	.byte 0x28, 0x0C, 0x3E, 0xF1, 0x78, 0x0C, 0x3A, 0xF1, 0x28, 0x0C, 0x3A, 0xF1, 0x78, 0x0C, 0x3A, 0xF1
	.byte 0x28, 0x0C, 0x3A, 0xF1, 0x78, 0x0C, 0x3A, 0x0C, 0x37, 0x0C, 0x3A, 0x0C, 0x3C, 0xF1, 0x28, 0x0C
	.byte 0x3C, 0xF1, 0x78, 0x0C, 0x3C, 0x0C, 0x39, 0x0C, 0x3C, 0x0C, 0x3C, 0x0C, 0x39, 0x0C, 0x3C, 0xF1
	.byte 0x28, 0x0C, 0x3C, 0xF1, 0x78, 0x0C, 0x3E, 0xF1, 0x28, 0x0C, 0x3E, 0xF1, 0x78, 0x0C, 0x3E, 0xF1
	.byte 0x28, 0x0C, 0x3E, 0xF1, 0x78, 0x0C, 0x3E, 0x0C, 0x3A, 0x0C, 0x3E, 0x0C, 0x3E, 0xF1, 0x28, 0x0C
	.byte 0x3E, 0xF1, 0x78, 0x0C, 0x3E, 0x0C, 0x3A, 0x0C, 0x3E, 0x0C, 0x3E, 0x0C, 0x3A, 0x0C, 0x3E, 0xF1
	.byte 0x28, 0x0C, 0x3E, 0xF1, 0x78, 0x0C, 0x3A, 0xF1, 0x28, 0x0C, 0x3A, 0xF1, 0x78, 0x0C, 0x3A, 0xF1
	.byte 0x28, 0x0C, 0x3A, 0xF1, 0x78, 0x0C, 0x3A, 0x0C, 0x37, 0x0C, 0x3A, 0x0C, 0x3C, 0xF1, 0x28, 0x0C
	.byte 0x3C, 0xF6, 0x0C, 0xF1, 0x78, 0x0C, 0x39, 0x0C, 0x3C, 0x0C, 0x3C, 0x0C, 0x39, 0x0C, 0x3C, 0x0C
	.byte 0x39, 0x0C, 0x3E, 0xF1, 0x28, 0x0C, 0x3E, 0xF1, 0x78, 0x0C, 0x3E, 0xF1, 0x28, 0x0C, 0x3E, 0xF1
	.byte 0x78, 0x0C, 0x3E, 0x0C, 0x3A, 0x0C, 0x3E, 0x0C, 0x3F, 0xF1, 0x28, 0x0C, 0x3F, 0xF1, 0x78, 0x0C
	.byte 0x3F, 0x0C, 0x3A, 0x0C, 0x3F, 0x0C, 0x3F, 0x0C, 0x3A, 0x0C, 0x3F, 0xF1, 0x28, 0x0C, 0x3F, 0xF1
	.byte 0x78, 0x0C, 0x41, 0xF1, 0x28, 0x0C, 0x41, 0xF1, 0x78, 0x0C, 0x41, 0xF1, 0x28, 0x0C, 0x41, 0xF1
	.byte 0x78, 0x0C, 0x41, 0x0C, 0x3A, 0x0C, 0x41, 0x0C, 0x3F, 0xF1, 0x28, 0x0C, 0x3F, 0xF1, 0x78, 0x0C
	.byte 0x3F, 0x0C, 0x3A, 0x0C, 0x3F, 0x0C, 0x3F, 0x0C, 0x3A, 0x0C, 0x3F, 0xF1, 0x28, 0x0C, 0x3F, 0xF1
	.byte 0x78, 0xF8, 0xC5, 0xFA, 0xFF, 0xF9, 0x6E, 0xF6, 0x01, 0xF0, 0x00, 0xF1, 0x50, 0x0C, 0x3C, 0xF1
	.byte 0x6E, 0x0C, 0x29, 0xF1, 0x50, 0x0C, 0x3C, 0xF1, 0x6E, 0x0C, 0x29, 0xF6, 0x0C, 0xF1, 0x50, 0x0C
	.byte 0x3C, 0xF1, 0x6E, 0x0C, 0x29, 0xF1, 0x50, 0x0C, 0x3C, 0xF6, 0x0C, 0xF1, 0x6E, 0x0C, 0x29, 0xF6
	.byte 0x0C, 0xF1, 0x50, 0x0C, 0x3C, 0xF1, 0x6E, 0x0C, 0x29, 0xF1, 0x50, 0x0C, 0x3C, 0xF1, 0x6E, 0x0C
	.byte 0x29, 0xF1, 0x50, 0x0C, 0x3C, 0x0C, 0x3C, 0xF1, 0x6E, 0x0C, 0x29, 0xF1, 0x50, 0x0C, 0x3C, 0xF1
	.byte 0x6E, 0x0C, 0x29, 0xF6, 0x0C, 0xF1, 0x50, 0x0C, 0x3C, 0xF1, 0x6E, 0x0C, 0x29, 0xF1, 0x50, 0x0C
	.byte 0x3C, 0xF6, 0x0C, 0xF1, 0x6E, 0x0C, 0x29, 0xF6, 0x0C, 0xF1, 0x50, 0x0C, 0x3C, 0xF1, 0x6E, 0x0C
	.byte 0x29, 0xF1, 0x50, 0x0C, 0x3C, 0xF1, 0x6E, 0x0C, 0x29, 0xF1, 0x50, 0x0C, 0x3C, 0xF6, 0x01, 0x0C
	.byte 0x3C, 0xF1, 0x6E, 0x0C, 0x29, 0xF1, 0x50, 0x0C, 0x3C, 0xF1, 0x6E, 0x0C, 0x29, 0xF6, 0x0C, 0xF1
	.byte 0x50, 0x0C, 0x3C, 0xF1, 0x6E, 0x0C, 0x29, 0xF1, 0x50, 0x0C, 0x3C, 0xF6, 0x0C, 0xF1, 0x6E, 0x0C
	.byte 0x29, 0xF6, 0x0C, 0xF1, 0x50, 0x0C, 0x3C, 0xF1, 0x6E, 0x0C, 0x29, 0xF1, 0x50, 0x0C, 0x3C, 0xF1
	.byte 0x6E, 0x0C, 0x29, 0xF1, 0x50, 0x0C, 0x3C, 0x0C, 0x3C, 0xF1, 0x6E, 0x0C, 0x29, 0xF1, 0x50, 0x0C
	.byte 0x3C, 0xF1, 0x6E, 0x0C, 0x29, 0xF6, 0x0C, 0xF1, 0x50, 0x0C, 0x3C, 0xF1, 0x6E, 0x0C, 0x29, 0xF1
	.byte 0x50, 0x0C, 0x3C, 0xF6, 0x0C, 0xF1, 0x6E, 0x0C, 0x29, 0xF6, 0x0C, 0xF1, 0x50, 0x0C, 0x3C, 0xF1
	.byte 0x6E, 0x0C, 0x29, 0xF1, 0x50, 0x0C, 0x3C, 0xF1, 0x6E, 0x0C, 0x29, 0xF1, 0x50, 0x0C, 0x3C, 0x0C
	.byte 0x3C, 0xF1, 0x6E, 0x0C, 0x29, 0xF1, 0x50, 0x0C, 0x3C, 0xF1, 0x6E, 0x0C, 0x29, 0xF6, 0x0C, 0xF1
	.byte 0x50, 0x0C, 0x3C, 0xF1, 0x6E, 0x0C, 0x29, 0xF1, 0x50, 0x0C, 0x3C, 0xF6, 0x0C, 0xF1, 0x6E, 0x0C
	.byte 0x29, 0xF6, 0x0C, 0xF1, 0x50, 0x0C, 0x3C, 0xF1, 0x6E, 0x0C, 0x29, 0xF1, 0x50, 0x0C, 0x3C, 0xF1
	.byte 0x6E, 0x0C, 0x29, 0xF1, 0x50, 0x0C, 0x3C, 0x0C, 0x3C, 0xF1, 0x6E, 0x0C, 0x29, 0xF1, 0x50, 0x0C
	.byte 0x3C, 0xF1, 0x6E, 0x0C, 0x29, 0xF6, 0x0C, 0xF1, 0x50, 0x0C, 0x3C, 0xF1, 0x6E, 0x0C, 0x29, 0xF1
	.byte 0x50, 0x0C, 0x3C, 0xF6, 0x0C, 0xF1, 0x6E, 0x0C, 0x29, 0xF6, 0x0C, 0xF1, 0x50, 0x0C, 0x3C, 0xF1
	.byte 0x6E, 0x0C, 0x29, 0xF1, 0x50, 0x0C, 0x3C, 0xF1, 0x6E, 0x0C, 0x29, 0xF1, 0x50, 0x0C, 0x3C, 0x0C
	.byte 0x3C, 0xF1, 0x6E, 0x0C, 0x29, 0xF1, 0x50, 0x0C, 0x3C, 0xF1, 0x6E, 0x0C, 0x29, 0xF6, 0x0C, 0xF1
	.byte 0x50, 0x0C, 0x3C, 0xF1, 0x6E, 0x0C, 0x29, 0xF1, 0x50, 0x0C, 0x3C, 0xF6, 0x0C, 0xF1, 0x6E, 0x0C
	.byte 0x29, 0xF6, 0x0C, 0xF1, 0x50, 0x0C, 0x3C, 0xF1, 0x6E, 0x0C, 0x29, 0xF1, 0x50, 0x0C, 0x3C, 0xF1
	.byte 0x6E, 0x0C, 0x29, 0xF1, 0x50, 0x0C, 0x3C, 0x0C, 0x3C, 0xF1, 0x6E, 0x0C, 0x29, 0xF1, 0x50, 0x0C
	.byte 0x3C, 0xF1, 0x6E, 0x0C, 0x29, 0xF6, 0x0C, 0xF1, 0x50, 0x0C, 0x3C, 0xF1, 0x6E, 0x0C, 0x29, 0xF1
	.byte 0x50, 0x0C, 0x3C, 0xF6, 0x0C, 0xF1, 0x6E, 0x0C, 0x29, 0xF6, 0x0C, 0xF1, 0x50, 0x0C, 0x3C, 0xF1
	.byte 0x6E, 0x0C, 0x29, 0xF1, 0x50, 0x0C, 0x3C, 0xF1, 0x6E, 0x0C, 0x29, 0xF1, 0x50, 0x0C, 0x3C, 0x0C
	.byte 0x3C, 0xF1, 0x6E, 0x0C, 0x29, 0xF1, 0x50, 0x0C, 0x3C, 0xF1, 0x6E, 0x0C, 0x29, 0xF6, 0x0C, 0xF1
	.byte 0x50, 0x0C, 0x3C, 0xF1, 0x6E, 0x0C, 0x29, 0xF1, 0x50, 0x0C, 0x3C, 0xF6, 0x0C, 0xF1, 0x6E, 0x0C
	.byte 0x29, 0xF6, 0x0C, 0xF1, 0x50, 0x0C, 0x3C, 0xF1, 0x6E, 0x0C, 0x29, 0xF1, 0x50, 0x0C, 0x3C, 0xF1
	.byte 0x6E, 0x0C, 0x29, 0xF1, 0x50, 0x0C, 0x3C, 0x0C, 0x3C, 0xF1, 0x6E, 0x0C, 0x29, 0xF1, 0x50, 0x0C
	.byte 0x3C, 0xF1, 0x6E, 0x0C, 0x29, 0xF6, 0x0C, 0xF1, 0x50, 0x0C, 0x3C, 0xF1, 0x6E, 0x0C, 0x29, 0xF1
	.byte 0x50, 0x0C, 0x3C, 0xF6, 0x0C, 0xF1, 0x6E, 0x0C, 0x29, 0xF6, 0x0C, 0xF1, 0x50, 0x0C, 0x3C, 0xF1
	.byte 0x6E, 0x0C, 0x29, 0xF1, 0x50, 0x0C, 0x3C, 0xF1, 0x6E, 0x0C, 0x29, 0xF1, 0x50, 0x0C, 0x3C, 0x0C
	.byte 0x3C, 0xF1, 0x6E, 0x0C, 0x29, 0xF1, 0x50, 0x0C, 0x3C, 0xF1, 0x6E, 0x0C, 0x29, 0xF6, 0x0C, 0xF1
	.byte 0x50, 0x0C, 0x3C, 0xF1, 0x6E, 0x0C, 0x29, 0xF1, 0x50, 0x0C, 0x3C, 0xF6, 0x0C, 0xF1, 0x6E, 0x0C
	.byte 0x29, 0xF6, 0x0C, 0xF1, 0x50, 0x0C, 0x3C, 0xF1, 0x6E, 0x0C, 0x29, 0xF1, 0x50, 0x0C, 0x3C, 0xF1
	.byte 0x6E, 0x0C, 0x29, 0xF1, 0x50, 0x0C, 0x3C, 0x0C, 0x3C, 0xF1, 0x6E, 0x0C, 0x29, 0xF1, 0x50, 0x0C
	.byte 0x3C, 0xF1, 0x6E, 0x0C, 0x29, 0xF6, 0x0C, 0xF1, 0x50, 0x0C, 0x3C, 0xF1, 0x6E, 0x0C, 0x29, 0xF1
	.byte 0x50, 0x0C, 0x3C, 0xF6, 0x0C, 0xF1, 0x6E, 0x0C, 0x29, 0xF6, 0x0C, 0xF1, 0x50, 0x0C, 0x3C, 0xF1
	.byte 0x6E, 0x0C, 0x29, 0xF1, 0x50, 0x0C, 0x3C, 0xF1, 0x6E, 0x0C, 0x29, 0xF1, 0x50, 0x0C, 0x3C, 0x0C
	.byte 0x3C, 0xF1, 0x6E, 0x0C, 0x29, 0xF1, 0x50, 0x0C, 0x3C, 0xF1, 0x6E, 0x0C, 0x29, 0xF6, 0x0C, 0xF1
	.byte 0x50, 0x0C, 0x3C, 0xF1, 0x6E, 0x0C, 0x29, 0xF1, 0x50, 0x0C, 0x3C, 0xF6, 0x0C, 0xF1, 0x6E, 0x0C
	.byte 0x29, 0xF6, 0x0C, 0xF1, 0x50, 0x0C, 0x3C, 0xF1, 0x6E, 0x0C, 0x29, 0xF1, 0x50, 0x0C, 0x3C, 0xF1
	.byte 0x6E, 0x0C, 0x29, 0xF1, 0x50, 0x0C, 0x3C, 0x0C, 0x3C, 0xF1, 0x6E, 0x0C, 0x29, 0xF1, 0x50, 0x0C
	.byte 0x3C, 0xF1, 0x6E, 0x0C, 0x29, 0xF6, 0x0C, 0xF1, 0x50, 0x0C, 0x3C, 0xF1, 0x6E, 0x0C, 0x29, 0xF1
	.byte 0x50, 0x0C, 0x3C, 0xF6, 0x0C, 0xF1, 0x6E, 0x0C, 0x29, 0xF6, 0x0C, 0xF1, 0x50, 0x0C, 0x3C, 0xF1
	.byte 0x6E, 0x0C, 0x29, 0xF1, 0x50, 0x0C, 0x3C, 0xF1, 0x6E, 0x0C, 0x29, 0xF1, 0x50, 0x0C, 0x3C, 0x0C
	.byte 0x3C, 0xF1, 0x6E, 0x0C, 0x29, 0xF1, 0x50, 0x0C, 0x3C, 0xF1, 0x6E, 0x0C, 0x29, 0xF6, 0x0C, 0xF1
	.byte 0x50, 0x0C, 0x3C, 0xF1, 0x6E, 0x0C, 0x29, 0xF1, 0x50, 0x0C, 0x3C, 0xF6, 0x0C, 0xF1, 0x6E, 0x0C
	.byte 0x29, 0xF6, 0x0C, 0xF1, 0x50, 0x0C, 0x3C, 0xF1, 0x6E, 0x0C, 0x29, 0xF1, 0x50, 0x0C, 0x3C, 0xF1
	.byte 0x6E, 0x0C, 0x29, 0xF1, 0x50, 0x0C, 0x3C, 0x0C, 0x3C, 0xF1, 0x6E, 0x0C, 0x29, 0xF1, 0x50, 0x0C
	.byte 0x3C, 0xF1, 0x6E, 0x0C, 0x29, 0xF6, 0x0C, 0xF1, 0x50, 0x0C, 0x3C, 0xF1, 0x6E, 0x0C, 0x29, 0xF1
	.byte 0x50, 0x0C, 0x3C, 0xF6, 0x0C, 0xF1, 0x6E, 0x0C, 0x29, 0xF6, 0x0C, 0xF1, 0x50, 0x0C, 0x3C, 0xF1
	.byte 0x6E, 0x0C, 0x29, 0xF1, 0x50, 0x0C, 0x3C, 0xF1, 0x6E, 0x0C, 0x29, 0xF1, 0x50, 0x0C, 0x3C, 0x0C
	.byte 0x3C, 0xF1, 0x6E, 0x0C, 0x29, 0xF1, 0x50, 0x0C, 0x3C, 0xF1, 0x6E, 0x0C, 0x29, 0xF6, 0x0C, 0xF1
	.byte 0x50, 0x0C, 0x3C, 0xF1, 0x6E, 0x0C, 0x29, 0xF1, 0x50, 0x0C, 0x3C, 0xF6, 0x0C, 0xF1, 0x6E, 0x0C
	.byte 0x29, 0xF6, 0x0C, 0xF1, 0x50, 0x0C, 0x3C, 0xF1, 0x6E, 0x0C, 0x29, 0xF1, 0x50, 0x0C, 0x3C, 0xF1
	.byte 0x6E, 0x0C, 0x29, 0xF1, 0x50, 0x0C, 0x3C, 0x0C, 0x3C, 0xF1, 0x6E, 0x0C, 0x29, 0xF1, 0x50, 0x0C
	.byte 0x3C, 0xF1, 0x6E, 0x0C, 0x29, 0xF6, 0x0C, 0xF1, 0x50, 0x0C, 0x3C, 0xF1, 0x6E, 0x0C, 0x29, 0xF1
	.byte 0x50, 0x0C, 0x3C, 0xF6, 0x0C, 0xF1, 0x6E, 0x0C, 0x29, 0xF6, 0x0C, 0xF1, 0x50, 0x0C, 0x3C, 0xF1
	.byte 0x6E, 0x0C, 0x29, 0xF1, 0x50, 0x0C, 0x3C, 0xF1, 0x6E, 0x0C, 0x29, 0xF1, 0x50, 0x0C, 0x3C, 0x0C
	.byte 0x3C, 0xF1, 0x6E, 0x0C, 0x29, 0xF1, 0x50, 0x0C, 0x3C, 0xF1, 0x6E, 0x0C, 0x29, 0xF6, 0x0C, 0xF1
	.byte 0x50, 0x0C, 0x3C, 0xF1, 0x6E, 0x0C, 0x29, 0xF1, 0x50, 0x0C, 0x3C, 0xF6, 0x0C, 0xF1, 0x6E, 0x0C
	.byte 0x29, 0xF6, 0x0C, 0xF1, 0x50, 0x0C, 0x3C, 0xF1, 0x6E, 0x0C, 0x29, 0xF1, 0x50, 0x0C, 0x3C, 0xF1
	.byte 0x6E, 0x0C, 0x29, 0xF1, 0x50, 0x0C, 0x3C, 0x0C, 0x3C, 0xF1, 0x6E, 0x0C, 0x29, 0xF1, 0x50, 0x0C
	.byte 0x3C, 0xF1, 0x6E, 0x0C, 0x29, 0xF6, 0x0C, 0xF1, 0x50, 0x0C, 0x3C, 0xF1, 0x6E, 0x0C, 0x29, 0xF1
	.byte 0x50, 0x0C, 0x3C, 0xF6, 0x0C, 0xF1, 0x6E, 0x0C, 0x29, 0xF6, 0x0C, 0xF1, 0x50, 0x0C, 0x3C, 0xF1
	.byte 0x6E, 0x0C, 0x29, 0xF1, 0x50, 0x0C, 0x3C, 0xF1, 0x6E, 0x0C, 0x29, 0xF1, 0x50, 0x0C, 0x3C, 0x0C
	.byte 0x3C, 0xF1, 0x6E, 0x0C, 0x29, 0xF1, 0x50, 0x0C, 0x3C, 0xF1, 0x6E, 0x0C, 0x29, 0xF6, 0x0C, 0xF1
	.byte 0x50, 0x0C, 0x3C, 0xF1, 0x6E, 0x0C, 0x29, 0xF1, 0x50, 0x0C, 0x3C, 0xF6, 0x0C, 0xF1, 0x6E, 0x0C
	.byte 0x29, 0xF6, 0x0C, 0xF1, 0x50, 0x0C, 0x3C, 0xF1, 0x6E, 0x0C, 0x29, 0xF1, 0x50, 0x0C, 0x3C, 0xF1
	.byte 0x6E, 0x0C, 0x29, 0xF1, 0x50, 0x0C, 0x3C, 0x0C, 0x3C, 0xF1, 0x6E, 0x0C, 0x29, 0xF1, 0x50, 0x0C
	.byte 0x3C, 0xF1, 0x6E, 0x0C, 0x29, 0xF6, 0x0C, 0xF1, 0x50, 0x0C, 0x3C, 0xF1, 0x6E, 0x0C, 0x29, 0xF1
	.byte 0x50, 0x0C, 0x3C, 0xF6, 0x0C, 0xF1, 0x6E, 0x0C, 0x29, 0xF6, 0x0C, 0xF1, 0x50, 0x0C, 0x3C, 0xF1
	.byte 0x6E, 0x0C, 0x29, 0xF1, 0x50, 0x0C, 0x3C, 0xF1, 0x6E, 0x0C, 0x29, 0xF1, 0x50, 0x0C, 0x3C, 0x0C
	.byte 0x3C, 0xF1, 0x6E, 0x0C, 0x29, 0xF1, 0x50, 0x0C, 0x3C, 0xF1, 0x6E, 0x0C, 0x29, 0xF6, 0x0C, 0xF1
	.byte 0x50, 0x0C, 0x3C, 0xF1, 0x6E, 0x0C, 0x29, 0xF1, 0x50, 0x0C, 0x3C, 0xF6, 0x0C, 0xF1, 0x6E, 0x0C
	.byte 0x29, 0xF6, 0x0C, 0xF1, 0x50, 0x0C, 0x3C, 0xF1, 0x6E, 0x0C, 0x29, 0xF1, 0x50, 0x0C, 0x3C, 0xF1
	.byte 0x6E, 0x0C, 0x29, 0xF1, 0x50, 0x0C, 0x3C, 0x0C, 0x3C, 0xF1, 0x6E, 0x0C, 0x29, 0xF1, 0x50, 0x0C
	.byte 0x3C, 0xF1, 0x6E, 0x0C, 0x29, 0xF6, 0x0C, 0xF1, 0x50, 0x0C, 0x3C, 0xF1, 0x6E, 0x0C, 0x29, 0xF1
	.byte 0x50, 0x0C, 0x3C, 0xF6, 0x0C, 0xF1, 0x6E, 0x0C, 0x29, 0xF6, 0x0C, 0xF1, 0x50, 0x0C, 0x3C, 0xF1
	.byte 0x6E, 0x0C, 0x29, 0xF1, 0x50, 0x0C, 0x3C, 0xF1, 0x6E, 0x0C, 0x29, 0xF1, 0x50, 0x0C, 0x3C, 0x0C
	.byte 0x3C, 0xF1, 0x6E, 0x0C, 0x29, 0xF1, 0x50, 0x0C, 0x3C, 0xF1, 0x6E, 0x0C, 0x29, 0xF6, 0x0C, 0xF1
	.byte 0x50, 0x0C, 0x3C, 0xF1, 0x6E, 0x0C, 0x29, 0xF1, 0x50, 0x0C, 0x3C, 0xF6, 0x0C, 0xF1, 0x6E, 0x0C
	.byte 0x29, 0xF6, 0x0C, 0xF1, 0x50, 0x0C, 0x3C, 0xF1, 0x6E, 0x0C, 0x29, 0xF1, 0x50, 0x0C, 0x3C, 0xF1
	.byte 0x6E, 0x0C, 0x29, 0xF1, 0x50, 0x0C, 0x3C, 0x0C, 0x3C, 0xF1, 0x6E, 0x0C, 0x29, 0xF1, 0x50, 0x0C
	.byte 0x3C, 0xF1, 0x6E, 0x0C, 0x29, 0xF6, 0x0C, 0xF1, 0x50, 0x0C, 0x3C, 0xF1, 0x6E, 0x0C, 0x29, 0xF1
	.byte 0x50, 0x0C, 0x3C, 0xF6, 0x0C, 0xF1, 0x6E, 0x0C, 0x29, 0xF6, 0x0C, 0xF1, 0x50, 0x0C, 0x3C, 0xF1
	.byte 0x6E, 0x0C, 0x29, 0xF1, 0x50, 0x0C, 0x3C, 0xF1, 0x6E, 0x0C, 0x29, 0xF1, 0x50, 0x0C, 0x3C, 0x0C
	.byte 0x3C, 0xF1, 0x6E, 0x0C, 0x29, 0xF1, 0x50, 0x0C, 0x3C, 0xF1, 0x6E, 0x0C, 0x29, 0xF6, 0x0C, 0xF1
	.byte 0x50, 0x0C, 0x3C, 0xF1, 0x6E, 0x0C, 0x29, 0xF1, 0x50, 0x0C, 0x3C, 0xF6, 0x0C, 0xF1, 0x6E, 0x0C
	.byte 0x29, 0xF6, 0x0C, 0xF1, 0x50, 0x0C, 0x3C, 0xF1, 0x6E, 0x0C, 0x29, 0xF1, 0x50, 0x0C, 0x3C, 0xF1
	.byte 0x6E, 0x0C, 0x29, 0xF1, 0x50, 0x0C, 0x3C, 0x0C, 0x3C, 0xF1, 0x6E, 0x0C, 0x29, 0xF1, 0x50, 0x0C
	.byte 0x3C, 0xF1, 0x6E, 0x0C, 0x29, 0xF6, 0x0C, 0xF1, 0x50, 0x0C, 0x3C, 0xF1, 0x6E, 0x0C, 0x29, 0xF1
	.byte 0x50, 0x0C, 0x3C, 0xF6, 0x0C, 0xF1, 0x6E, 0x0C, 0x29, 0xF6, 0x0C, 0xF1, 0x50, 0x0C, 0x3C, 0xF1
	.byte 0x6E, 0x0C, 0x29, 0xF1, 0x50, 0x0C, 0x3C, 0xF1, 0x6E, 0x0C, 0x29, 0xF1, 0x50, 0x0C, 0x3C, 0x0C
	.byte 0x3C, 0xF1, 0x6E, 0x0C, 0x29, 0xF1, 0x50, 0x0C, 0x3C, 0xF1, 0x6E, 0x0C, 0x29, 0xF6, 0x0C, 0xF1
	.byte 0x50, 0x0C, 0x3C, 0xF1, 0x6E, 0x0C, 0x29, 0xF1, 0x50, 0x0C, 0x3C, 0xF6, 0x0C, 0xF1, 0x6E, 0x0C
	.byte 0x29, 0xF6, 0x0C, 0xF1, 0x50, 0x0C, 0x3C, 0xF1, 0x6E, 0x0C, 0x29, 0xF1, 0x50, 0x0C, 0x3C, 0xF1
	.byte 0x6E, 0x0C, 0x29, 0xF1, 0x50, 0x0C, 0x3C, 0x0C, 0x3C, 0xF1, 0x6E, 0x0C, 0x29, 0xF1, 0x50, 0x0C
	.byte 0x3C, 0xF1, 0x6E, 0x0C, 0x29, 0xF6, 0x0C, 0xF1, 0x50, 0x0C, 0x3C, 0xF1, 0x6E, 0x0C, 0x29, 0xF1
	.byte 0x50, 0x0C, 0x3C, 0xF6, 0x0C, 0xF1, 0x6E, 0x0C, 0x29, 0xF6, 0x0C, 0xF1, 0x50, 0x0C, 0x3C, 0xF1
	.byte 0x6E, 0x0C, 0x29, 0xF1, 0x50, 0x0C, 0x3C, 0xF1, 0x6E, 0x0C, 0x29, 0xF1, 0x50, 0x0B, 0x3C, 0xF8
	.byte 0xDB, 0xF9, 0xFF, 0xF9, 0x6E, 0xF6, 0xC0, 0xF6, 0xC0, 0xF6, 0xC8, 0xF6, 0xA8, 0xF0, 0xC6, 0xF2
	.byte 0xC8, 0xF1, 0x1E, 0x0C, 0x46, 0x0C, 0x4F, 0x54, 0x4D, 0x0C, 0x4B, 0xF6, 0x0C, 0x0C, 0x4B, 0x0C
	.byte 0x4A, 0x0C, 0x48, 0x0C, 0x4A, 0x0C, 0x48, 0x0C, 0x46, 0x0C, 0x43, 0x90, 0x41, 0xF6, 0x18, 0x0C
	.byte 0x46, 0x0C, 0x4F, 0x54, 0x4D, 0x0C, 0x4B, 0xF6, 0x0C, 0x0C, 0x4B, 0x0C, 0x4A, 0x0C, 0x4B, 0x0C
	.byte 0x4D, 0x0C, 0x4B, 0x0C, 0x4A, 0x0C, 0x48, 0x0C, 0x46, 0x0C, 0x4D, 0xF6, 0x0C, 0x90, 0x4D, 0xF6
	.byte 0x0C, 0x0C, 0x45, 0x0C, 0x46, 0x0C, 0x48, 0x0C, 0x46, 0xF6, 0x0C, 0x0C, 0x45, 0x0C, 0x43, 0x30
	.byte 0x41, 0x0C, 0x46, 0xF6, 0x30, 0x0C, 0x46, 0x0C, 0x48, 0x0C, 0x49, 0x0C, 0x48, 0xF6, 0x0C, 0x0C
	.byte 0x46, 0x0C, 0x45, 0x30, 0x44, 0x0C, 0x49, 0xF6, 0x30, 0x0C, 0x49, 0x0C, 0x4B, 0x0C, 0x4C, 0x0C
	.byte 0x4B, 0xF6, 0x0C, 0x0C, 0x49, 0xF6, 0x0C, 0x0C, 0x47, 0xF6, 0x0C, 0x0C, 0x47, 0xF6, 0x0C, 0x0C
	.byte 0x46, 0x18, 0x4B, 0x0C, 0x49, 0xF6, 0x0C, 0x0C, 0x48, 0x0C, 0x4A, 0x0C, 0x4B, 0x0C, 0x4A, 0xF6
	.byte 0x0C, 0x0C, 0x48, 0xF6, 0x0C, 0x0C, 0x46, 0xF6, 0x0C, 0x0C, 0x46, 0xF6, 0x0C, 0x0C, 0x45, 0x0C
	.byte 0x43, 0xF6, 0x0C, 0x0C, 0x46, 0x0C, 0x4F, 0x54, 0x4D, 0x0C, 0x4B, 0xF6, 0x0C, 0x0C, 0x4B, 0x0C
	.byte 0x4A, 0x0C, 0x48, 0x0C, 0x4A, 0x0C, 0x48, 0x0C, 0x46, 0x0C, 0x43, 0x90, 0x41, 0xF6, 0x18, 0x0C
	.byte 0x46, 0x0C, 0x4F, 0x54, 0x4D, 0x0C, 0x4B, 0xF6, 0x0C, 0x0C, 0x4B, 0x0C, 0x4A, 0x0C, 0x4B, 0x0C
	.byte 0x4D, 0x0C, 0x4B, 0x0C, 0x4A, 0x0C, 0x48, 0x0C, 0x46, 0x0C, 0x4D, 0xF6, 0x0C, 0x84, 0x4D, 0xF6
	.byte 0x18, 0x24, 0x43, 0x24, 0x45, 0x0C, 0x46, 0x30, 0x48, 0x18, 0x4A, 0xF6, 0x0C, 0x18, 0x4B, 0x24
	.byte 0x4D, 0x18, 0x45, 0xF6, 0x0C, 0x0C, 0x45, 0x30, 0x48, 0x18, 0x46, 0xF6, 0x24, 0x24, 0x43, 0x24
	.byte 0x45, 0x0C, 0x46, 0x30, 0x45, 0x18, 0x46, 0xF6, 0x0C, 0x18, 0x48, 0x24, 0x46, 0x24, 0x48, 0x0C
	.byte 0x49, 0x30, 0x48, 0x18, 0x49, 0xF6, 0x0C, 0x18, 0x4B, 0x78, 0x4D, 0x0C, 0x52, 0xF6, 0x0C, 0x0C
	.byte 0x54, 0x24, 0x52, 0x24, 0x51, 0x18, 0x4F, 0xF6, 0x0C, 0x0C, 0x4F, 0x30, 0x51, 0x24, 0x4F, 0xF6
	.byte 0x18, 0x78, 0x4D, 0x0C, 0x52, 0xF6, 0x0C, 0x0C, 0x54, 0x24, 0x52, 0x24, 0x51, 0x18, 0x4F, 0xF6
	.byte 0x0C, 0x0C, 0x4F, 0x30, 0x52, 0x18, 0x51, 0xF6, 0x0C, 0x18, 0x4F, 0x78, 0x4D, 0x0C, 0x52, 0xF6
	.byte 0x0C, 0x0C, 0x54, 0x24, 0x52, 0x24, 0x51, 0x18, 0x4F, 0xF6, 0x0C, 0x0C, 0x4F, 0x30, 0x51, 0x24
	.byte 0x4F, 0xF6, 0x18, 0x78, 0x4D, 0x0C, 0x52, 0xF6, 0x0C, 0x0C, 0x54, 0x24, 0x52, 0x24, 0x51, 0x18
	.byte 0x4F, 0xF6, 0x0C, 0x0C, 0x4F, 0x30, 0x52, 0x18, 0x51, 0xF6, 0x0C, 0x18, 0x4F, 0x00, 0xCD, 0xC0
	.byte 0x32, 0x4D, 0xF6, 0x86, 0xF8, 0x72, 0xFE, 0xFF, 0x00, 0x0C, 0x06, 0x00, 0x5B, 0x00, 0xF0, 0xC6
	.byte 0xF1, 0xB4, 0xF4, 0x10, 0xF5, 0x00, 0x00, 0xAD, 0x02, 0xF5, 0xE0, 0x00, 0xAD, 0x02, 0xF5, 0xC0
	.byte 0x02, 0x2D, 0xF5, 0xD0, 0xF5, 0x00, 0xF1, 0x78, 0x01, 0x48, 0x01, 0x54, 0xF1, 0x1E, 0x01, 0x48
	.byte 0x01, 0x54, 0xF6, 0x04, 0xF1, 0x78, 0x01, 0x49, 0x01, 0x55, 0xF1, 0x1E, 0x01, 0x49, 0x01, 0x55
	.byte 0xF6, 0x04, 0xF1, 0x64, 0x01, 0x4C, 0x01, 0x58, 0xF1, 0x14, 0x01, 0x4C, 0x01, 0x58, 0xF6, 0x04
	.byte 0xF1, 0x50, 0x01, 0x4F, 0x01, 0x5B, 0xF1, 0x14, 0x01, 0x4F, 0x01, 0x5B, 0xF6, 0x02, 0xF1, 0x0A
	.byte 0x02, 0x4F, 0xFF, 0xF0, 0xC3, 0xF1, 0x64, 0x02, 0x2B, 0x02, 0x37, 0xFF, 0x00, 0x0C, 0x06, 0x00
	.byte 0x45, 0x00, 0xF0, 0xC6, 0xF1, 0xB4, 0xF4, 0x10, 0xF5, 0x00, 0x00, 0xAD, 0x02, 0xF5, 0xE0, 0x00
	.byte 0xAD, 0x02, 0xF5, 0xC0, 0x02, 0x2D, 0xF5, 0xD0, 0xF5, 0x00, 0xF1, 0x8C, 0x01, 0x4F, 0x01, 0x43
	.byte 0xF6, 0x01, 0x01, 0x4C, 0x01, 0x40, 0xF6, 0x01, 0x01, 0x48, 0x01, 0x3C, 0xF6, 0x01, 0xF1, 0x3C
	.byte 0x01, 0x4F, 0x01, 0x43, 0xF6, 0x01, 0x01, 0x4C, 0x01, 0x40, 0xF6, 0x01, 0x01, 0x48, 0x01, 0x3C
	.byte 0xFF, 0xF0, 0xC3, 0xF1, 0x64, 0x02, 0x2B, 0x02, 0x37, 0xFF, 0x00, 0x00, 0x00, 0x04, 0x04, 0x00
	.byte 0xF0, 0xC6, 0xF1, 0x3C, 0xF4, 0x18, 0xF5, 0x00, 0x00, 0xB9, 0x01, 0xF5, 0x08, 0x00, 0xB9, 0x01
	.byte 0xF5, 0x10, 0x00, 0xB9, 0x01, 0xF5, 0x18, 0x01, 0x39, 0xF5, 0x00, 0x00, 0xB9, 0x01, 0xF5, 0x08
	.byte 0x00, 0xB9, 0x01, 0xF5, 0x10, 0x00, 0xB9, 0x01, 0xF5, 0x18, 0x01, 0x39, 0xF8, 0xD1, 0xFF, 0xFF
	.byte 0x00, 0x0C, 0x06, 0x00, 0x21, 0x00, 0xF0, 0xC6, 0xF1, 0x3C, 0xF6, 0x0C, 0x02, 0x54, 0x02, 0x59
	.byte 0x02, 0x5B, 0xF1, 0x50, 0x02, 0x60, 0x1E, 0x6C, 0xF1, 0x14, 0x08, 0x6C, 0xF1, 0x0A, 0x08, 0x6C
	.byte 0xFF, 0xF0, 0xC3, 0xF1, 0x50, 0x04, 0x45, 0x10, 0x39, 0xF1, 0x28, 0x20, 0x51, 0xF1, 0x14, 0x20
	.byte 0x51, 0xF1, 0x0A, 0x20, 0x51, 0xFF, 0x00, 0x00, 0x00, 0x04, 0x04, 0x00, 0xF0, 0xC6, 0xF4, 0x0C
	.byte 0xF1, 0x14, 0xF5, 0x00, 0x00, 0xBE, 0x01, 0xF5, 0x08, 0x00, 0xBE, 0x01, 0xF5, 0x10, 0x00, 0xBE
	.byte 0x01, 0xF5, 0x18, 0x00, 0xBE, 0x01, 0xF5, 0x10, 0x00, 0xBE, 0x01, 0xF5, 0x08, 0x01, 0x3E, 0xF1
	.byte 0x28, 0xF5, 0x00, 0x00, 0xBE, 0x01, 0xF5, 0x08, 0x00, 0xBE, 0x01, 0xF5, 0x10, 0x00, 0xBE, 0x01
	.byte 0xF5, 0x18, 0x00, 0xBE, 0x01, 0xF5, 0x10, 0x00, 0xBE, 0x01, 0xF5, 0x08, 0x01, 0x3E, 0xF1, 0x3C
	.byte 0xF5, 0x00, 0x00, 0xBE, 0x01, 0xF5, 0x08, 0x00, 0xBE, 0x01, 0xF5, 0x10, 0x00, 0xBE, 0x01, 0xF5
	.byte 0x18, 0x00, 0xBE, 0x01, 0xF5, 0x10, 0x00, 0xBE, 0x01, 0xF5, 0x08, 0x01, 0x3E, 0xF1, 0x50, 0xF5
	.byte 0x00, 0x00, 0xBE, 0x01, 0xF5, 0x08, 0x00, 0xBE, 0x01, 0xF5, 0x10, 0x00, 0xBE, 0x01, 0xF5, 0x18
	.byte 0x00, 0xBE, 0x01, 0xF5, 0x10, 0x00, 0xBE, 0x01, 0xF5, 0x08, 0x01, 0x3E, 0xF1, 0x64, 0xF5, 0x00
	.byte 0x00, 0xBE, 0x01, 0xF5, 0x08, 0x00, 0xBE, 0x01, 0xF5, 0x10, 0x00, 0xBE, 0x01, 0xF5, 0x18, 0x00
	.byte 0xBE, 0x01, 0xF5, 0x10, 0x00, 0xBE, 0x01, 0xF5, 0x08, 0x01, 0x3E, 0xF1, 0x78, 0xF5, 0x00, 0x00
	.byte 0xBE, 0x01, 0xF5, 0x08, 0x00, 0xBE, 0x01, 0xF5, 0x10, 0x00, 0xBE, 0x01, 0xF5, 0x18, 0x00, 0xBE
	.byte 0x01, 0xF5, 0x10, 0x00, 0xBE, 0x01, 0xF5, 0x08, 0x01, 0x3E, 0xF1, 0x8C, 0xF5, 0x00, 0x00, 0xBE
	.byte 0x01, 0xF5, 0x08, 0x00, 0xBE, 0x01, 0xF5, 0x10, 0x00, 0xBE, 0x01, 0xF5, 0x18, 0x00, 0xBE, 0x01
	.byte 0xF5, 0x10, 0x00, 0xBE, 0x01, 0xF5, 0x08, 0x01, 0x3E, 0xF1, 0x78, 0xF5, 0x00, 0x00, 0xBE, 0x01
	.byte 0xF5, 0x08, 0x00, 0xBE, 0x01, 0xF5, 0x10, 0x00, 0xBE, 0x01, 0xF5, 0x18, 0x00, 0xBE, 0x01, 0xF5
	.byte 0x10, 0x00, 0xBE, 0x01, 0xF5, 0x08, 0x01, 0x3E, 0xF1, 0x64, 0xF5, 0x00, 0x00, 0xBE, 0x01, 0xF5
	.byte 0x08, 0x00, 0xBE, 0x01, 0xF5, 0x10, 0x00, 0xBE, 0x01, 0xF5, 0x18, 0x00, 0xBE, 0x01, 0xF5, 0x10
	.byte 0x00, 0xBE, 0x01, 0xF5, 0x08, 0x01, 0x3E, 0xF1, 0x50, 0xF5, 0x00, 0x00, 0xBE, 0x01, 0xF5, 0x08
	.byte 0x00, 0xBE, 0x01, 0xF5, 0x10, 0x00, 0xBE, 0x01, 0xF5, 0x18, 0x00, 0xBE, 0x01, 0xF5, 0x10, 0x00
	.byte 0xBE, 0x01, 0xF5, 0x08, 0x01, 0x3E, 0xF1, 0x3C, 0xF5, 0x00, 0x00, 0xBE, 0x01, 0xF5, 0x08, 0x00
	.byte 0xBE, 0x01, 0xF5, 0x10, 0x00, 0xBE, 0x01, 0xF5, 0x18, 0x00, 0xBE, 0x01, 0xF5, 0x10, 0x00, 0xBE
	.byte 0x01, 0xF5, 0x08, 0x01, 0x3E, 0xF1, 0x28, 0xF5, 0x00, 0x00, 0xBE, 0x01, 0xF5, 0x08, 0x00, 0xBE
	.byte 0x01, 0xF5, 0x10, 0x00, 0xBE, 0x01, 0xF5, 0x18, 0x00, 0xBE, 0x01, 0xF5, 0x10, 0x00, 0xBE, 0x01
	.byte 0xF5, 0x08, 0x01, 0x3E, 0xF1, 0x14, 0xF5, 0x00, 0x00, 0xBE, 0x01, 0xF5, 0x08, 0x00, 0xBE, 0x01
	.byte 0xF5, 0x10, 0x00, 0xBE, 0x01, 0xF5, 0x18, 0x00, 0xBE, 0x01, 0xF5, 0x10, 0x00, 0xBE, 0x01, 0xF5
	.byte 0x08, 0x01, 0x3E, 0xFF, 0x00, 0x04, 0x04, 0x00, 0xF0, 0x03, 0xF1, 0xB4, 0x04, 0x40, 0xF6, 0x02
	.byte 0x04, 0x40, 0xF6, 0x08, 0x04, 0x40, 0xF6, 0x02, 0x04, 0x40, 0xF6, 0x08, 0x04, 0x40, 0xF6, 0x02
	.byte 0x02, 0x40, 0xF6, 0x02, 0x02, 0x40, 0xF6, 0x02, 0x02, 0x40, 0xF6, 0x02, 0x02, 0x40, 0xF6, 0x02
	.byte 0xF1, 0x50, 0x04, 0x40, 0xF6, 0x02, 0x02, 0x40, 0xF6, 0x02, 0x02, 0x40, 0xF6, 0x02, 0x02, 0x40
	.byte 0xF6, 0x02, 0x02, 0x40, 0xF6, 0x02, 0xF1, 0x28, 0x04, 0x40, 0xF6, 0x02, 0x02, 0x40, 0xF6, 0x02
	.byte 0x02, 0x40, 0xF6, 0x02, 0x02, 0x40, 0xF6, 0x02, 0x02, 0x40, 0xF6, 0x02, 0xF1, 0x14, 0x04, 0x40
	.byte 0xF6, 0x02, 0x02, 0x40, 0xF6, 0x02, 0x02, 0x40, 0xF6, 0x02, 0x02, 0x40, 0xF6, 0x02, 0x02, 0x40
	.byte 0xFF, 0x00, 0x00, 0x00, 0x00, 0x08, 0x04, 0x00, 0xF0, 0xC3, 0xF1, 0x78, 0x04, 0x3C, 0xF6, 0x01
	.byte 0x04, 0x3C, 0xF6, 0x01, 0x04, 0x3C, 0xF6, 0x08, 0x04, 0x3C, 0xF6, 0x01, 0x04, 0x3C, 0xF6, 0x01
	.byte 0x04, 0x3C, 0xF6, 0x10, 0x04, 0x3C, 0xF6, 0x01, 0x04, 0x3C, 0xF6, 0x01, 0x04, 0x3C, 0xF6, 0x01
	.byte 0x04, 0x3C, 0xF6, 0x01, 0x04, 0x3C, 0xF6, 0x01, 0x04, 0x3C, 0xF6, 0x01, 0x04, 0x3C, 0xF6, 0x01
	.byte 0x04, 0x3C, 0xF1, 0x50, 0xF6, 0x08, 0x04, 0x3C, 0xF6, 0x01, 0x04, 0x3C, 0xF6, 0x01, 0x04, 0x3C
	.byte 0xF6, 0x01, 0x04, 0x3C, 0xF6, 0x01, 0x04, 0x3C, 0xF6, 0x01, 0x04, 0x3C, 0xF6, 0x08, 0xF1, 0x28
	.byte 0x04, 0x3C, 0xF6, 0x01, 0x04, 0x3C, 0xF6, 0x08, 0xF1, 0x14, 0x04, 0x3C, 0xF6, 0x01, 0x04, 0x3C
	.byte 0xFF, 0x00, 0x00, 0x00, 0x00, 0x08, 0x04, 0x00, 0xF0, 0xC6, 0xF1, 0xB4, 0x10, 0x37, 0x08, 0x3C
	.byte 0x08, 0x3C, 0xF1, 0x28, 0x08, 0x3E, 0x08, 0x41, 0xF1, 0x14, 0x08, 0x3E, 0x08, 0x41, 0xFF, 0x00
	.byte 0x00, 0x0C, 0x06, 0x00, 0x1B, 0x00, 0xF0, 0xC7, 0xF1, 0x8C, 0xF4, 0x24, 0xF5, 0x00, 0x02, 0x2B
	.byte 0xF5, 0x08, 0x02, 0x2B, 0xF5, 0x10, 0x02, 0x2B, 0xF5, 0x18, 0xFF, 0xF0, 0xC6, 0xF1, 0x8C, 0x38
	.byte 0x39, 0xF1, 0x28, 0x0C, 0x39, 0xF1, 0x14, 0x0C, 0x39, 0xFF, 0x00, 0x00, 0x00, 0x08, 0x04, 0x00
	.byte 0xF9, 0x50, 0xF0, 0xC6, 0xF1, 0xFA, 0x08, 0x37, 0x08, 0x38, 0x06, 0x39, 0x06, 0x3A, 0x06, 0x3B
	.byte 0x04, 0x3C, 0x04, 0x3D, 0x04, 0x3E, 0x04, 0x3F, 0x04, 0x40, 0xF1, 0xB4, 0x04, 0x3C, 0x04, 0x3D
	.byte 0x04, 0x3E, 0x04, 0x3F, 0x04, 0x40, 0xF1, 0x78, 0x04, 0x3C, 0x04, 0x3D, 0x04, 0x3E, 0x04, 0x3F
	.byte 0x04, 0x40, 0x04, 0x41, 0xF1, 0x3C, 0x04, 0x41, 0xF1, 0x14, 0x04, 0x41, 0xFF, 0x00, 0x00, 0x00
	.byte 0x00, 0x04, 0x04, 0x00, 0xF0, 0xC7, 0xF1, 0xB4, 0xF4, 0x40, 0xF5, 0x00, 0x00, 0xA4, 0x01, 0xF5
	.byte 0x08, 0x00, 0xA4, 0x01, 0xF5, 0x10, 0x00, 0xA4, 0x01, 0xF5, 0x18, 0x00, 0xA4, 0x01, 0xF5, 0x20
	.byte 0x00, 0xA4, 0x01, 0xF5, 0x28, 0x00, 0xA4, 0x01, 0xF5, 0x30, 0x00, 0xA4, 0x01, 0xF5, 0x38, 0x01
	.byte 0x24, 0xF6, 0x0A, 0xF5, 0x00, 0x00, 0xAD, 0x02, 0xF5, 0x08, 0x00, 0xAD, 0x02, 0xF5, 0x10, 0x00
	.byte 0xAD, 0x01, 0xF5, 0x18, 0x00, 0xAD, 0x01, 0xF5, 0x10, 0x00, 0xAD, 0x01, 0xF5, 0x08, 0x00, 0xAD
	.byte 0x01, 0xF5, 0x00, 0x01, 0x2D, 0xF1, 0x64, 0xF5, 0xF8, 0x02, 0x2D, 0xF1, 0x28, 0xF5, 0xF0, 0x02
	.byte 0x2D, 0xFF, 0x00, 0x00, 0x00, 0x04, 0x04, 0x00, 0xF9, 0x82, 0xF0, 0x03, 0xF1, 0xC8, 0xF4, 0x20
	.byte 0xF5, 0x00, 0x00, 0xAB, 0x04, 0xF5, 0xF0, 0x00, 0xAB, 0x04, 0xF5, 0xE0, 0x00, 0xAB, 0x04, 0xF5
	.byte 0xF0, 0x00, 0xAB, 0x04, 0xF5, 0xF8, 0x04, 0x2B, 0xF1, 0x50, 0xF5, 0x00, 0x04, 0x2B, 0xF1, 0x28
	.byte 0x04, 0x2B, 0xFF, 0x00, 0x00, 0x08, 0x04, 0x00, 0xF9, 0x64, 0xF0, 0xC3, 0xF1, 0x28, 0x01, 0x45
	.byte 0xF6, 0x01, 0x01, 0x47, 0xF6, 0x01, 0x01, 0x48, 0xF6, 0x01, 0x01, 0x4A, 0xF6, 0x01, 0x01, 0x4C
	.byte 0xF6, 0x01, 0x01, 0x4D, 0xF6, 0x10, 0x01, 0x45, 0xF6, 0x01, 0x01, 0x47, 0xF6, 0x08, 0x01, 0x45
	.byte 0xF6, 0x01, 0x01, 0x47, 0xF6, 0x01, 0x01, 0x48, 0xF6, 0x01, 0x01, 0x4A, 0xF6, 0x10, 0x01, 0x45
	.byte 0xF6, 0x01, 0x01, 0x47, 0xF6, 0x01, 0x01, 0x48, 0xF6, 0x01, 0x01, 0x4A, 0xF6, 0x01, 0x01, 0x4C
	.byte 0xF6, 0x01, 0x01, 0x4D, 0xF6, 0x10, 0x01, 0x45, 0xF6, 0x01, 0x01, 0x47, 0xF6, 0x01, 0x01, 0x48
	.byte 0xF6, 0x01, 0x01, 0x4A, 0xF6, 0x08, 0xF8, 0xA5, 0xFF, 0xFF, 0x00, 0x00, 0x00, 0x0C, 0x06, 0x00
	.byte 0x70, 0x00, 0xF0, 0xC6, 0xF1, 0xDC, 0xF4, 0x30, 0xF6, 0x02, 0xF5, 0x00, 0x00, 0xAB, 0x01, 0xF5
	.byte 0xF8, 0x00, 0xAB, 0x01, 0xF5, 0xF0, 0x00, 0xAB, 0x01, 0xF5, 0xE8, 0x00, 0xAB, 0x01, 0xF5, 0xE0
	.byte 0x00, 0xAB, 0x01, 0xF5, 0xD8, 0x01, 0x2B, 0xF5, 0x00, 0xF6, 0x02, 0xF1, 0x78, 0xF5, 0x00, 0x00
	.byte 0xAB, 0x01, 0xF5, 0xF8, 0x00, 0xAB, 0x01, 0xF5, 0xF0, 0x00, 0xAB, 0x01, 0xF5, 0xE8, 0x00, 0xAB
	.byte 0x01, 0xF5, 0xE0, 0x00, 0xAB, 0x01, 0xF5, 0xD8, 0x01, 0x2B, 0xF1, 0x28, 0xF5, 0x00, 0x00, 0xAB
	.byte 0x01, 0xF5, 0xF8, 0x00, 0xAB, 0x01, 0xF5, 0xF0, 0x00, 0xAB, 0x01, 0xF5, 0xE8, 0x00, 0xAB, 0x01
	.byte 0xF5, 0xE0, 0x00, 0xAB, 0x01, 0xF5, 0xD8, 0x01, 0x2B, 0xF5, 0x00, 0xFF, 0xF0, 0xC3, 0xF1, 0x50
	.byte 0x02, 0x45, 0x06, 0x39, 0xF6, 0x02, 0x04, 0x45, 0xF1, 0x28, 0x04, 0x45, 0xFF, 0x00, 0x00, 0x00
	.byte 0x00, 0x04, 0x04, 0x00, 0xF0, 0x03, 0xF4, 0x30, 0xF1, 0xA0, 0xF5, 0x00, 0x01, 0x43, 0x01, 0x48
	.byte 0x01, 0x4D, 0x01, 0x4A, 0x01, 0x45, 0xF5, 0xF8, 0x01, 0x43, 0x01, 0x48, 0x01, 0x4D, 0x01, 0x4A
	.byte 0x01, 0x45, 0xF5, 0xF0, 0x01, 0x43, 0x01, 0x48, 0x01, 0x4D, 0x01, 0x4A, 0x01, 0x45, 0xF1, 0x64
	.byte 0xF5, 0xE8, 0x01, 0x43, 0x01, 0x48, 0x01, 0x4D, 0x01, 0x4A, 0x01, 0x45, 0xF5, 0xE0, 0x01, 0x43
	.byte 0x01, 0x48, 0x01, 0x4D, 0x01, 0x4A, 0x01, 0x45, 0xF1, 0x3C, 0xF5, 0xD8, 0x01, 0x43, 0x01, 0x48
	.byte 0x01, 0x4D, 0x01, 0x4A, 0x01, 0x45, 0xF5, 0xD0, 0x01, 0x43, 0x01, 0x48, 0x01, 0x4D, 0x01, 0x4A
	.byte 0x01, 0x45, 0xF1, 0x1E, 0xF5, 0xC8, 0x01, 0x43, 0x01, 0x48, 0x01, 0x4D, 0x01, 0x4A, 0x01, 0x45
	.byte 0xF5, 0xB6, 0x01, 0x43, 0x01, 0x48, 0x01, 0x4D, 0x01, 0x4A, 0x01, 0x45, 0xFF, 0x00, 0x00, 0x00
	.byte 0x00, 0x08, 0x04, 0x00, 0xF0, 0xC3, 0xF1, 0x78, 0x48, 0x34, 0xF1, 0x50, 0x48, 0x35, 0xF1, 0x28
	.byte 0x48, 0x32, 0xF1, 0x14, 0x24, 0x30, 0xF1, 0x0A, 0x24, 0x30, 0xFF, 0x00, 0x00, 0x0C, 0x06, 0x00
	.byte 0x93, 0x00, 0xF0, 0xC6, 0xF1, 0x28, 0xF4, 0x14, 0xF5, 0x00, 0x00, 0xD3, 0x01, 0xF5, 0xF0, 0x00
	.byte 0xD3, 0x01, 0xF5, 0xE8, 0x00, 0xD3, 0x01, 0xF5, 0xE0, 0x00, 0xD3, 0x01, 0xF5, 0xD8, 0x00, 0xD3
	.byte 0x01, 0xF5, 0xD0, 0x00, 0xD3, 0x01, 0xF5, 0xC8, 0x00, 0xD3, 0x01, 0xF5, 0xC0, 0x00, 0xD3, 0x01
	.byte 0xF5, 0xB8, 0x00, 0xD3, 0x01, 0xF5, 0xB0, 0x00, 0xD3, 0x01, 0xF5, 0xA8, 0x00, 0xD3, 0x01, 0xF5
	.byte 0xA0, 0x00, 0xD3, 0x01, 0xF5, 0x98, 0x01, 0x53, 0xF1, 0x8C, 0xF5, 0x00, 0x02, 0x2B, 0x02, 0x30
	.byte 0xF6, 0x02, 0xF1, 0x78, 0x01, 0x48, 0x01, 0x54, 0xF1, 0x1E, 0x01, 0x48, 0x01, 0x54, 0xF6, 0x04
	.byte 0xF1, 0x78, 0x01, 0x49, 0x01, 0x55, 0xF1, 0x1E, 0x01, 0x49, 0x01, 0x55, 0xF6, 0x04, 0xF1, 0x64
	.byte 0x01, 0x4C, 0x01, 0x58, 0xF1, 0x14, 0x01, 0x4C, 0x01, 0x58, 0xF6, 0x04, 0xF1, 0x50, 0x01, 0x4F
	.byte 0x01, 0x5B, 0xF1, 0x14, 0x01, 0x4F, 0x01, 0x5B, 0xF6, 0x02, 0xF1, 0x0A, 0x02, 0x4F, 0xFF, 0xF0
	.byte 0xC3, 0xF1, 0x64, 0xF6, 0x0D, 0x03, 0x48, 0xFF, 0x00, 0x04, 0x04, 0x00, 0xF9, 0x50, 0xF0, 0xC6
	.byte 0xF1, 0x3C, 0xF4, 0x10, 0xF5, 0x68, 0x00, 0xDD, 0x02, 0xF5, 0x60, 0x00, 0xDD, 0x02, 0xF5, 0x5F
	.byte 0x00, 0xDD, 0x02, 0xF5, 0x5E, 0x00, 0xDD, 0x02, 0xF5, 0x5D, 0x00, 0xDD, 0x02, 0xF5, 0x5C, 0x00
	.byte 0xDD, 0x02, 0xF5, 0x5B, 0x00, 0xDD, 0x02, 0xF5, 0x5A, 0x00, 0xDD, 0x02, 0xF5, 0x59, 0x00, 0xDD
	.byte 0x02, 0xF5, 0x58, 0x00, 0xDD, 0x02, 0xF5, 0x57, 0x00, 0xDD, 0x02, 0xF5, 0x56, 0x00, 0xDD, 0x02
	.byte 0xF5, 0x55, 0x00, 0xDD, 0x02, 0xF5, 0x54, 0x00, 0xDD, 0x02, 0xF5, 0x53, 0x00, 0xDD, 0x02, 0xF5
	.byte 0x52, 0x00, 0xDD, 0x02, 0xF5, 0x51, 0x00, 0xDD, 0x02, 0xF5, 0x50, 0x00, 0xDD, 0x02, 0xF5, 0x4F
	.byte 0x00, 0xDD, 0x02, 0xF5, 0x4E, 0x00, 0xDD, 0x02, 0xF5, 0x4D, 0x00, 0xDD, 0x02, 0xF5, 0x4C, 0x00
	.byte 0xDD, 0x02, 0xF5, 0x4B, 0x00, 0xDD, 0x02, 0xF5, 0x4A, 0x00, 0xDD, 0x02, 0xF5, 0x49, 0x00, 0xDD
	.byte 0x02, 0xF5, 0x48, 0x00, 0xDD, 0x02, 0xF5, 0x47, 0x00, 0xDD, 0x02, 0xF5, 0x46, 0x00, 0xDD, 0x02
	.byte 0xF5, 0x45, 0x00, 0xDD, 0x02, 0xF5, 0x44, 0x00, 0xDD, 0x02, 0xF5, 0x43, 0x00, 0xDD, 0x02, 0xF5
	.byte 0x42, 0x00, 0xDD, 0x02, 0xF5, 0x41, 0x00, 0xDD, 0x02, 0xF5, 0x40, 0x00, 0xDD, 0x02, 0xF5, 0x3F
	.byte 0x00, 0xDD, 0x02, 0xF5, 0x3E, 0x00, 0xDD, 0x02, 0xF5, 0x3D, 0x00, 0xDD, 0x02, 0xF5, 0x3C, 0x00
	.byte 0xDD, 0x02, 0xF5, 0x3B, 0x00, 0xDD, 0x02, 0xF5, 0x3A, 0x00, 0xDD, 0x02, 0xF5, 0x39, 0x00, 0xDD
	.byte 0x02, 0xF5, 0x38, 0x00, 0xDD, 0x02, 0xF5, 0x37, 0x00, 0xDD, 0x02, 0xF5, 0x36, 0x00, 0xDD, 0x02
	.byte 0xF5, 0x35, 0x00, 0xDD, 0x02, 0xF5, 0x34, 0x00, 0xDD, 0x02, 0xF5, 0x33, 0x00, 0xDD, 0x02, 0xF5
	.byte 0x32, 0x00, 0xDD, 0x02, 0xF5, 0x31, 0x00, 0xDD, 0x02, 0xF5, 0x30, 0x00, 0xDD, 0x02, 0xF5, 0x2F
	.byte 0x00, 0xDD, 0x02, 0xF5, 0x2E, 0x00, 0xDD, 0x02, 0xF5, 0x2D, 0x00, 0xDD, 0x02, 0xF5, 0x2C, 0x00
	.byte 0xDD, 0x02, 0xF5, 0x2B, 0x00, 0xDD, 0x02, 0xF5, 0x2A, 0x00, 0xDD, 0x02, 0xF5, 0x29, 0x00, 0xDD
	.byte 0x02, 0xF5, 0x28, 0x00, 0xDD, 0x02, 0xF5, 0x27, 0x00, 0xDD, 0x02, 0xF5, 0x26, 0x00, 0xDD, 0x02
	.byte 0xF5, 0x25, 0x00, 0xDD, 0x02, 0xF5, 0x24, 0x00, 0xDD, 0x02, 0xF5, 0x23, 0x00, 0xDD, 0x02, 0xF5
	.byte 0x22, 0x00, 0xDD, 0x02, 0xF5, 0x21, 0x00, 0xDD, 0x02, 0xF5, 0x20, 0x00, 0xDD, 0x02, 0xF5, 0x1F
	.byte 0x00, 0xDD, 0x02, 0xF5, 0x1E, 0x00, 0xDD, 0x02, 0xF5, 0x1D, 0x00, 0xDD, 0x02, 0xF5, 0x1C, 0x00
	.byte 0xDD, 0x02, 0xF5, 0x1B, 0x00, 0xDD, 0x02, 0xF5, 0x1A, 0x00, 0xDD, 0x02, 0xF5, 0x19, 0x00, 0xDD
	.byte 0x02, 0xF5, 0x18, 0x00, 0xDD, 0x02, 0xF5, 0x17, 0x00, 0xDD, 0x02, 0xF5, 0x16, 0x00, 0xDD, 0x02
	.byte 0xF5, 0x15, 0x00, 0xDD, 0x02, 0xF5, 0x14, 0x00, 0xDD, 0x02, 0xF5, 0x13, 0x00, 0xDD, 0x02, 0xF5
	.byte 0x12, 0x00, 0xDD, 0x02, 0xF5, 0x11, 0x00, 0xDD, 0x02, 0xF5, 0x10, 0x00, 0xDD, 0x02, 0xF5, 0x0F
	.byte 0x00, 0xDD, 0x02, 0xF5, 0x0E, 0x00, 0xDD, 0x02, 0xF5, 0x0D, 0x00, 0xDD, 0x02, 0xF5, 0x0C, 0x00
	.byte 0xDD, 0x02, 0xF5, 0x0B, 0x00, 0xDD, 0x02, 0xF5, 0x0A, 0x00, 0xDD, 0x02, 0xF5, 0x09, 0x00, 0xDD
	.byte 0x02, 0xF5, 0x08, 0x00, 0xDD, 0x02, 0xF5, 0x07, 0x00, 0xDD, 0x02, 0xF5, 0x06, 0x00, 0xDD, 0x02
	.byte 0xF5, 0x05, 0x00, 0xDD, 0x02, 0xF5, 0x04, 0x00, 0xDD, 0x02, 0xF5, 0x03, 0x00, 0xDD, 0x02, 0xF5
	.byte 0x02, 0x00, 0xDD, 0x02, 0xF5, 0x01, 0x00, 0xDD, 0x02, 0xF5, 0x00, 0x00, 0xDD, 0x02, 0xF5, 0xFF
	.byte 0x00, 0xDD, 0x02, 0xF5, 0xFE, 0x00, 0xDD, 0x02, 0xF5, 0xFD, 0x00, 0xDD, 0x02, 0xF5, 0xFC, 0x00
	.byte 0xDD, 0x02, 0xF5, 0xFB, 0x00, 0xDD, 0x02, 0xF5, 0xFA, 0x00, 0xDD, 0x02, 0xF5, 0xF9, 0x00, 0xDD
	.byte 0x02, 0xF5, 0xF8, 0x00, 0xDD, 0x02, 0xF5, 0xF7, 0x00, 0xDD, 0x02, 0xF5, 0xF6, 0x00, 0xDD, 0x02
	.byte 0xF5, 0xF5, 0x00, 0xDD, 0x02, 0xF5, 0xF4, 0x00, 0xDD, 0x02, 0xF5, 0xF3, 0x00, 0xDD, 0x02, 0xF5
	.byte 0xF2, 0x00, 0xDD, 0x02, 0xF5, 0xF1, 0x00, 0xDD, 0x02, 0xF5, 0xF0, 0x00, 0xDD, 0x02, 0xF5, 0xEF
	.byte 0x00, 0xDD, 0x02, 0xF5, 0xEE, 0x00, 0xDD, 0x02, 0xF5, 0xED, 0x00, 0xDD, 0x02, 0xF5, 0xEC, 0x00
	.byte 0xDD, 0x02, 0xF5, 0xEB, 0x00, 0xDD, 0x02, 0xF5, 0xEA, 0x00, 0xDD, 0x02, 0xF5, 0xE9, 0x00, 0xDD
	.byte 0x02, 0xF5, 0xE8, 0x00, 0xDD, 0x02, 0xF5, 0xE7, 0x00, 0xDD, 0x02, 0xF5, 0xE6, 0x00, 0xDD, 0x02
	.byte 0xF5, 0xE5, 0x00, 0xDD, 0x02, 0xF5, 0xE4, 0x00, 0xDD, 0x02, 0xF5, 0xE3, 0x00, 0xDD, 0x02, 0xF5
	.byte 0xE2, 0x00, 0xDD, 0x02, 0xF5, 0xE1, 0x00, 0xDD, 0x02, 0xF5, 0xE0, 0x00, 0xDD, 0x02, 0xF5, 0xDF
	.byte 0x00, 0xDD, 0x02, 0xF5, 0xDE, 0x00, 0xDD, 0x02, 0xF5, 0xDD, 0x00, 0xDD, 0x02, 0xF5, 0xDC, 0x00
	.byte 0xDD, 0x02, 0xF5, 0xDB, 0x00, 0xDD, 0x02, 0xF5, 0xDA, 0x00, 0xDD, 0x02, 0xF5, 0xD9, 0x00, 0xDD
	.byte 0x02, 0xF5, 0xD8, 0x00, 0xDD, 0x02, 0xF5, 0xD7, 0x00, 0xDD, 0x02, 0xF5, 0xD6, 0x00, 0xDD, 0x02
	.byte 0xF5, 0xD5, 0x00, 0xDD, 0x02, 0xF5, 0xD4, 0x00, 0xDD, 0x02, 0xF5, 0xD3, 0x00, 0xDD, 0x02, 0xF5
	.byte 0xD2, 0x00, 0xDD, 0x02, 0xF5, 0xD1, 0x00, 0xDD, 0x02, 0xF5, 0xD0, 0x00, 0xDD, 0x02, 0xF5, 0xCF
	.byte 0x00, 0xDD, 0x02, 0xF5, 0xCE, 0x00, 0xDD, 0x02, 0xF5, 0xCD, 0x00, 0xDD, 0x02, 0xF5, 0xCC, 0x00
	.byte 0xDD, 0x02, 0xF5, 0xCB, 0x00, 0xDD, 0x02, 0xF5, 0xCA, 0x00, 0xDD, 0x02, 0xF5, 0xC9, 0x00, 0xDD
	.byte 0x02, 0xF5, 0xC8, 0x00, 0xDD, 0x02, 0xF5, 0xC7, 0x00, 0xDD, 0x02, 0xF5, 0xC6, 0x00, 0xDD, 0x02
	.byte 0xF5, 0xC5, 0x00, 0xDD, 0x02, 0xF5, 0xC4, 0x00, 0xDD, 0x02, 0xF5, 0xC3, 0x00, 0xDD, 0x02, 0xF5
	.byte 0xC2, 0x00, 0xDD, 0x02, 0xF5, 0xC1, 0x00, 0xDD, 0x02, 0xF5, 0xC0, 0x00, 0xDD, 0x02, 0xF5, 0xBF
	.byte 0x00, 0xDD, 0x02, 0xF5, 0xBE, 0x00, 0xDD, 0x02, 0xF5, 0xBD, 0x00, 0xDD, 0x02, 0xF5, 0xBC, 0x00
	.byte 0xDD, 0x02, 0xF5, 0xBB, 0x00, 0xDD, 0x02, 0xF5, 0xBA, 0x00, 0xDD, 0x02, 0xF5, 0xB9, 0x00, 0xDD
	.byte 0x02, 0xF5, 0xB8, 0x00, 0xDD, 0x02, 0xF5, 0xB7, 0x00, 0xDD, 0x02, 0xF5, 0xB6, 0x00, 0xDD, 0x02
	.byte 0xF5, 0xB5, 0x00, 0xDD, 0x02, 0xF5, 0xB4, 0x00, 0xDD, 0x02, 0xF5, 0xB3, 0x00, 0xDD, 0x02, 0xF5
	.byte 0xB2, 0x00, 0xDD, 0x02, 0xF5, 0xB1, 0x00, 0xDD, 0x02, 0xF5, 0xB0, 0x00, 0xDD, 0x02, 0xF5, 0xAF
	.byte 0x00, 0xDD, 0x02, 0xF5, 0xAE, 0x00, 0xDD, 0x02, 0xF5, 0xAD, 0x00, 0xDD, 0x02, 0xF5, 0xAC, 0x00
	.byte 0xDD, 0x02, 0xF5, 0xAB, 0x00, 0xDD, 0x02, 0xF5, 0xAA, 0x00, 0xDD, 0x02, 0xF5, 0xA9, 0x00, 0xDD
	.byte 0x02, 0xF5, 0xA8, 0x00, 0xDD, 0x02, 0xF5, 0xA7, 0x00, 0xDD, 0x02, 0xF5, 0xA6, 0x00, 0xDD, 0x02
	.byte 0xF5, 0xA5, 0x00, 0xDD, 0x02, 0xF5, 0xA4, 0x00, 0xDD, 0x02, 0xF5, 0xA3, 0x00, 0xDD, 0x02, 0xF5
	.byte 0xA2, 0x00, 0xDD, 0x02, 0xF5, 0xA1, 0x00, 0xDD, 0x02, 0xF5, 0xA0, 0x00, 0xDD, 0x02, 0xF5, 0x9F
	.byte 0x00, 0xDD, 0x02, 0xF5, 0x9E, 0x00, 0xDD, 0x02, 0xF5, 0x9D, 0x00, 0xDD, 0x02, 0xF5, 0x9C, 0x00
	.byte 0xDD, 0x02, 0xF5, 0x9B, 0x00, 0xDD, 0x02, 0xF5, 0x9A, 0x00, 0xDD, 0x02, 0xF5, 0x99, 0x00, 0xDD
	.byte 0x02, 0xF5, 0x98, 0x00, 0xDD, 0x02, 0xF5, 0x97, 0x00, 0xDD, 0x02, 0xF5, 0x96, 0x00, 0xDD, 0x02
	.byte 0xF5, 0x95, 0x00, 0xDD, 0x02, 0xF5, 0x94, 0x00, 0xDD, 0x02, 0xF5, 0x93, 0x00, 0xDD, 0x02, 0xF5
	.byte 0x92, 0x00, 0xDD, 0x02, 0xF5, 0x91, 0x00, 0xDD, 0x02, 0xF5, 0x90, 0x00, 0xDD, 0x02, 0xF5, 0x8F
	.byte 0x00, 0xDD, 0x02, 0xF5, 0x8E, 0x00, 0xDD, 0x02, 0xF5, 0x8D, 0x00, 0xDD, 0x02, 0xF5, 0x8C, 0x00
	.byte 0xDD, 0x02, 0xF5, 0x8B, 0x00, 0xDD, 0x02, 0xF5, 0x8A, 0x00, 0xDD, 0x02, 0xF5, 0x89, 0x00, 0xDD
	.byte 0x02, 0xF5, 0x88, 0x00, 0xDD, 0x02, 0xF5, 0x87, 0x00, 0xDD, 0x02, 0xF5, 0x86, 0x00, 0xDD, 0x02
	.byte 0xF5, 0x85, 0x00, 0xDD, 0x02, 0xF5, 0x84, 0x00, 0xDD, 0x02, 0xF5, 0x83, 0x00, 0xDD, 0x02, 0xF5
	.byte 0x82, 0x00, 0xDD, 0x02, 0xF5, 0x81, 0x00, 0xDD, 0x02, 0xF5, 0x80, 0x02, 0x5D, 0xF5, 0x7F, 0xFF
	.byte 0x00, 0x04, 0x04, 0x00, 0xF9, 0x78, 0xF0, 0xC6, 0xF1, 0x1E, 0xF4, 0xF0, 0xF5, 0x00, 0x00, 0xD1
	.byte 0x01, 0xF5, 0x02, 0x00, 0xD1, 0x01, 0xF5, 0x04, 0x00, 0xD1, 0x01, 0xF5, 0x06, 0x00, 0xD1, 0x01
	.byte 0xF5, 0x08, 0x00, 0xD1, 0x01, 0xF5, 0x0A, 0x00, 0xD1, 0x01, 0xF5, 0x0C, 0x00, 0xD1, 0x01, 0xF5
	.byte 0x0E, 0x00, 0xD1, 0x01, 0xF5, 0x10, 0x00, 0xD1, 0x01, 0xF5, 0x12, 0x00, 0xD1, 0x01, 0xF5, 0x14
	.byte 0x00, 0xD1, 0x03, 0xF5, 0x13, 0x00, 0xD1, 0x03, 0xF5, 0x12, 0x00, 0xD1, 0x03, 0xF5, 0x11, 0x00
	.byte 0xD1, 0x03, 0xF5, 0x10, 0x03, 0x51, 0xF1, 0x05, 0xF5, 0x0F, 0x00, 0xD1, 0x03, 0xF5, 0x0E, 0x00
	.byte 0xD1, 0x03, 0xF5, 0x0D, 0x00, 0xD1, 0x03, 0xF5, 0x0C, 0x00, 0xD1, 0x03, 0xF5, 0x0B, 0x00, 0xD1
	.byte 0x03, 0xF5, 0x0A, 0xFF, 0x00, 0x04, 0x04, 0x00, 0xF0, 0xC5, 0xF1, 0x64, 0xF4, 0x0C, 0xF5, 0x00
	.byte 0x01, 0x4F, 0x00, 0xC3, 0x01, 0xF5, 0x08, 0x00, 0xC3, 0x01, 0xF5, 0x10, 0x01, 0x43, 0xF5, 0x00
	.byte 0x00, 0xC3, 0x01, 0xF5, 0x08, 0x00, 0xC3, 0x01, 0xF5, 0x10, 0x01, 0x43, 0xF1, 0x3C, 0xF5, 0x00
	.byte 0x00, 0xC3, 0x01, 0xF5, 0x08, 0x00, 0xC3, 0x01, 0xF5, 0x10, 0x01, 0x43, 0xF1, 0x28, 0xF5, 0x00
	.byte 0x00, 0xC3, 0x01, 0xF5, 0x08, 0x00, 0xC3, 0x01, 0xF5, 0x10, 0x01, 0x43, 0xF1, 0x14, 0xF5, 0x00
	.byte 0x00, 0xC3, 0x01, 0xF5, 0x08, 0x00, 0xC3, 0x01, 0xF5, 0x10, 0x01, 0x43, 0xFF, 0x00, 0x00, 0x00
	.byte 0x00, 0x04, 0x04, 0x00, 0xF0, 0xC5, 0xF1, 0x64, 0xF4, 0x0C, 0xF5, 0x00, 0x01, 0x5B, 0x00, 0xCF
	.byte 0x01, 0xF5, 0x08, 0x00, 0xCF, 0x01, 0xF5, 0x10, 0x01, 0x4F, 0xF5, 0x00, 0x00, 0xCF, 0x01, 0xF5
	.byte 0x08, 0x00, 0xCF, 0x01, 0xF5, 0x10, 0x01, 0x4F, 0xF5, 0x00, 0x00, 0xCF, 0x01, 0xF5, 0x08, 0x00
	.byte 0xCF, 0x01, 0xF5, 0x10, 0x04, 0x4F, 0xF1, 0x28, 0x08, 0x4F, 0xF1, 0x14, 0x08, 0x4F, 0xFF, 0x00
	.byte 0x00, 0x08, 0x04, 0x00, 0xF0, 0xC3, 0xF1, 0x78, 0x18, 0x35, 0xF6, 0x01, 0x20, 0x35, 0xF6, 0x01
	.byte 0x0C, 0x35, 0xF6, 0x01, 0x30, 0x35, 0xF6, 0x01, 0xF8, 0xE9, 0xFF, 0xFF, 0x00, 0x04, 0x04, 0x00
	.byte 0xF0, 0xC6, 0xF1, 0x50, 0x03, 0x75, 0xF6, 0x03, 0x03, 0x6E, 0xF6, 0x03, 0x03, 0x69, 0xF6, 0x03
	.byte 0x03, 0x62, 0xF6, 0x03, 0x03, 0x5D, 0xF6, 0x03, 0xF1, 0x32, 0x03, 0x75, 0xF6, 0x03, 0x03, 0x6E
	.byte 0xF6, 0x03, 0x03, 0x69, 0xF6, 0x03, 0x03, 0x62, 0xF6, 0x03, 0x03, 0x5D, 0xF6, 0x03, 0xF1, 0x14
	.byte 0x03, 0x75, 0xF6, 0x03, 0x03, 0x6E, 0xF6, 0x03, 0x03, 0x69, 0xF6, 0x03, 0x03, 0x62, 0xF6, 0x03
	.byte 0x03, 0x5D, 0xF1, 0x32, 0x03, 0x75, 0xF6, 0x03, 0x03, 0x6E, 0xF6, 0x03, 0x03, 0x69, 0xF6, 0x03
	.byte 0x03, 0x62, 0xF6, 0x03, 0x03, 0x5D, 0xF6, 0x03, 0xF8, 0xA5, 0xFF, 0xFF, 0x00, 0x0C, 0x06, 0x00
	.byte 0x8C, 0x00, 0xF0, 0xC5, 0xF1, 0x50, 0xF4, 0x18, 0xF5, 0x80, 0x00, 0xC8, 0x04, 0xF5, 0x88, 0x00
	.byte 0xC8, 0x04, 0xF5, 0x90, 0xF1, 0x8C, 0x00, 0xC8, 0x02, 0xF5, 0x9A, 0x02, 0x48, 0xF5, 0xA0, 0xF1
	.byte 0x6E, 0x00, 0xC8, 0x02, 0xF5, 0xA8, 0x00, 0xC8, 0x02, 0xF5, 0xB0, 0x00, 0xC8, 0x02, 0xF5, 0xB8
	.byte 0xF1, 0x50, 0x00, 0xC8, 0x01, 0xF5, 0xC0, 0x00, 0xC8, 0x01, 0xF5, 0xC8, 0x00, 0xC8, 0x01, 0xF5
	.byte 0xD0, 0x00, 0xC8, 0x01, 0xF5, 0xD8, 0x01, 0x48, 0xF5, 0xE0, 0xF1, 0x28, 0x00, 0xC8, 0x01, 0xF5
	.byte 0xE8, 0x00, 0xC8, 0x01, 0xF5, 0xF0, 0x00, 0xC8, 0x01, 0xF5, 0xF8, 0x01, 0x48, 0xF5, 0x00, 0x00
	.byte 0xC8, 0x01, 0xF5, 0x08, 0x00, 0xC8, 0x01, 0xF5, 0x10, 0x00, 0xC8, 0x01, 0xF5, 0x18, 0x01, 0x48
	.byte 0xF5, 0x20, 0xF1, 0x14, 0x00, 0xC8, 0x01, 0xF5, 0x28, 0x00, 0xC8, 0x01, 0xF5, 0x30, 0x00, 0xC8
	.byte 0x01, 0xF5, 0x38, 0x01, 0x48, 0xF5, 0x40, 0xFF, 0xF0, 0xC3, 0xF1, 0x3C, 0x04, 0x3E, 0x0C, 0x4F
	.byte 0xF1, 0x28, 0x08, 0x50, 0xF1, 0x14, 0x08, 0x51, 0xF1, 0x0A, 0x08, 0x52, 0xFF, 0x00, 0x00, 0x00
	.byte 0x00, 0x08, 0x04, 0x00, 0xF0, 0xC3, 0xF1, 0x64, 0x08, 0x37, 0x06, 0x40, 0xF1, 0x50, 0x02, 0x41
	.byte 0xF1, 0x3C, 0x02, 0x40, 0xF1, 0x28, 0x02, 0x41, 0xF1, 0x14, 0x02, 0x40, 0xFF, 0x00, 0x00, 0x00
	.byte 0xFC, 0x03, 0x12, 0x00, 0x42, 0x02, 0x9C, 0x04, 0x26, 0x08, 0x54, 0x08, 0xFC, 0x0B, 0x80, 0x0F
	.byte 0x2C, 0x12, 0xF9, 0x58, 0xF6, 0x01, 0xF0, 0x0C, 0xF2, 0x8C, 0xF1, 0x78, 0x0C, 0x3B, 0x0C, 0x3F
	.byte 0x0C, 0x3D, 0x0C, 0x3F, 0x0C, 0x3B, 0x0C, 0x3F, 0x0C, 0x3D, 0x0C, 0x3F, 0x0C, 0x41, 0x0C, 0x3F
	.byte 0x0C, 0x3D, 0x0C, 0x3B, 0x0C, 0x39, 0x0C, 0x3B, 0x0C, 0x3D, 0x0C, 0x3F, 0x0C, 0x43, 0x0C, 0x41
	.byte 0x0C, 0x43, 0xF1, 0x3C, 0x0C, 0x43, 0xF1, 0x78, 0x0C, 0x43, 0x0C, 0x41, 0x0C, 0x43, 0xF1, 0x3C
	.byte 0x0C, 0x43, 0xF1, 0x78, 0x0C, 0x43, 0x0C, 0x41, 0x0C, 0x43, 0x0C, 0x45, 0x0C, 0x43, 0x0C, 0x41
	.byte 0x0C, 0x43, 0xF1, 0x3C, 0x0C, 0x43, 0xF1, 0x6E, 0x0C, 0x47, 0x0C, 0x45, 0x0C, 0x47, 0xF1, 0x3C
	.byte 0x0C, 0x47, 0xF1, 0x6E, 0x0C, 0x47, 0x0C, 0x45, 0x0C, 0x47, 0xF1, 0x3C, 0x0C, 0x47, 0xF1, 0x6E
	.byte 0x0C, 0x47, 0x0C, 0x45, 0x0C, 0x47, 0x0C, 0x49, 0x0C, 0x47, 0x0C, 0x45, 0x0C, 0x47, 0xF1, 0x3C
	.byte 0x0C, 0x47, 0xF1, 0x6E, 0x0C, 0x3B, 0x0C, 0x3F, 0x0C, 0x3D, 0x0C, 0x3F, 0x0C, 0x3B, 0x0C, 0x3F
	.byte 0x0C, 0x3D, 0x0C, 0x3F, 0x0C, 0x41, 0x0C, 0x3F, 0x0C, 0x3D, 0x0C, 0x3B, 0x0C, 0x39, 0x0C, 0x3B
	.byte 0x0C, 0x3D, 0x0C, 0x3F, 0xF1, 0x78, 0x0C, 0x43, 0x0C, 0x41, 0x0C, 0x43, 0xF1, 0x3C, 0x0C, 0x43
	.byte 0xF1, 0x78, 0x0C, 0x43, 0x0C, 0x41, 0x0C, 0x43, 0xF1, 0x3C, 0x0C, 0x43, 0xF1, 0x78, 0x0C, 0x43
	.byte 0x0C, 0x41, 0x0C, 0x43, 0x0C, 0x45, 0x0C, 0x43, 0x0C, 0x41, 0x0C, 0x43, 0xF1, 0x3C, 0x0C, 0x43
	.byte 0xF1, 0x6E, 0x0C, 0x47, 0x0C, 0x45, 0x0C, 0x47, 0xF1, 0x3C, 0x0C, 0x47, 0xF1, 0x6E, 0x0C, 0x47
	.byte 0x0C, 0x45, 0x0C, 0x47, 0xF1, 0x3C, 0x0C, 0x47, 0xF1, 0x6E, 0x0C, 0x47, 0x0C, 0x45, 0x0C, 0x47
	.byte 0x0C, 0x49, 0x0C, 0x47, 0x0C, 0x45, 0x0C, 0x47, 0xF1, 0x3C, 0x0C, 0x47, 0xF1, 0x6E, 0x0C, 0x3B
	.byte 0x0C, 0x3F, 0x0C, 0x3D, 0x0C, 0x3F, 0x0C, 0x3B, 0x0C, 0x3F, 0x0C, 0x3D, 0x0C, 0x3F, 0x0C, 0x41
	.byte 0x0C, 0x3F, 0x0C, 0x3D, 0x0C, 0x3B, 0x0C, 0x39, 0x0C, 0x3B, 0x0C, 0x3D, 0x0C, 0x3F, 0xF1, 0x6E
	.byte 0x0C, 0x43, 0x0C, 0x41, 0x0C, 0x43, 0xF1, 0x3C, 0x0C, 0x43, 0xF1, 0x6E, 0x0C, 0x43, 0x0C, 0x41
	.byte 0x0C, 0x43, 0xF1, 0x3C, 0x0C, 0x43, 0xF1, 0x6E, 0x0C, 0x43, 0x0C, 0x41, 0x0C, 0x43, 0x0C, 0x45
	.byte 0x0C, 0x43, 0x0C, 0x41, 0x0C, 0x43, 0xF1, 0x3C, 0x0C, 0x43, 0xF1, 0x6E, 0x0C, 0x3B, 0x0C, 0x3F
	.byte 0x0C, 0x3D, 0x0C, 0x3F, 0x0C, 0x3B, 0x0C, 0x3F, 0x0C, 0x3D, 0x0C, 0x3F, 0x0C, 0x41, 0x0C, 0x3F
	.byte 0x0C, 0x3D, 0x0C, 0x3B, 0x0C, 0x39, 0x0C, 0x3B, 0x0C, 0x3D, 0x0C, 0x3F, 0x0C, 0x43, 0x0C, 0x41
	.byte 0x0C, 0x43, 0xF1, 0x3C, 0x0C, 0x43, 0xF1, 0x6E, 0x0C, 0x43, 0x0C, 0x41, 0x0C, 0x43, 0xF1, 0x3C
	.byte 0x0C, 0x43, 0xF1, 0x6E, 0x0C, 0x43, 0x0C, 0x41, 0x0C, 0x43, 0x0C, 0x45, 0x0C, 0x43, 0x0C, 0x41
	.byte 0x0C, 0x43, 0xF1, 0x3C, 0x0C, 0x43, 0xF1, 0x64, 0x0C, 0x3D, 0x0C, 0x41, 0x0C, 0x3F, 0x0C, 0x41
	.byte 0x0C, 0x3D, 0x0C, 0x41, 0x0C, 0x3F, 0x0C, 0x41, 0x0C, 0x43, 0x0C, 0x41, 0x0C, 0x3F, 0x0C, 0x3D
	.byte 0x0C, 0x3B, 0x0C, 0x3D, 0x0C, 0x3F, 0x0C, 0x41, 0x0C, 0x43, 0x0C, 0x41, 0x0C, 0x43, 0xF1, 0x3C
	.byte 0x0C, 0x43, 0xF1, 0x6E, 0x0C, 0x43, 0x0C, 0x41, 0x0C, 0x43, 0xF1, 0x3C, 0x0C, 0x43, 0xF1, 0x6E
	.byte 0x0C, 0x43, 0x0C, 0x41, 0x0C, 0x43, 0x0C, 0x45, 0x0C, 0x43, 0x0C, 0x41, 0x0C, 0x43, 0xF1, 0x3C
	.byte 0x0C, 0x43, 0xF1, 0x64, 0x0C, 0x3D, 0x0C, 0x41, 0x0C, 0x3F, 0x0C, 0x41, 0x0C, 0x3D, 0x0C, 0x41
	.byte 0x0C, 0x3F, 0x0C, 0x41, 0x0C, 0x43, 0x0C, 0x41, 0x0C, 0x3F, 0x0C, 0x3D, 0x0C, 0x3B, 0x0C, 0x3D
	.byte 0x0C, 0x3F, 0x0C, 0x41, 0x0C, 0x43, 0x0C, 0x41, 0x0C, 0x43, 0xF1, 0x3C, 0x0C, 0x43, 0xF1, 0x6E
	.byte 0x0C, 0x43, 0x0C, 0x41, 0x0C, 0x43, 0xF1, 0x3C, 0x0C, 0x43, 0xF1, 0x6E, 0x0C, 0x43, 0x0C, 0x41
	.byte 0x0C, 0x43, 0x0C, 0x45, 0x0C, 0x43, 0x0C, 0x41, 0x0C, 0x43, 0xF1, 0x3C, 0x0C, 0x43, 0xF8, 0xD5
	.byte 0xFD, 0xFF, 0xF9, 0x58, 0xF6, 0x01, 0xF6, 0xC0, 0xF0, 0x0C, 0xF2, 0x50, 0xF1, 0x82, 0x0C, 0x3B
	.byte 0xF1, 0x3C, 0x0C, 0x3B, 0xF1, 0x82, 0x0C, 0x3D, 0x0C, 0x3B, 0x0C, 0x3B, 0xF1, 0x3C, 0x0C, 0x3B
	.byte 0xF1, 0x82, 0x0C, 0x3D, 0x0C, 0x3F, 0x0C, 0x3B, 0xF1, 0x3C, 0x0C, 0x3B, 0xF1, 0x82, 0x0C, 0x3D
	.byte 0xF1, 0x3C, 0x0C, 0x3D, 0xF1, 0x82, 0x0C, 0x3B, 0xF1, 0x3C, 0x0C, 0x3B, 0xF1, 0x82, 0x0C, 0x3D
	.byte 0x0C, 0x3F, 0x0C, 0x3B, 0xF1, 0x3C, 0x0C, 0x3B, 0xF1, 0x82, 0x0C, 0x3D, 0x0C, 0x3B, 0x0C, 0x3B
	.byte 0xF1, 0x3C, 0x0C, 0x3B, 0xF1, 0x82, 0x0C, 0x3D, 0x0C, 0x3F, 0x0C, 0x3B, 0xF1, 0x3C, 0x0C, 0x3B
	.byte 0xF1, 0x82, 0x0C, 0x3D, 0xF1, 0x3C, 0x0C, 0x3D, 0xF1, 0x82, 0x0C, 0x3B, 0xF1, 0x3C, 0x0C, 0x3B
	.byte 0xF1, 0x82, 0x0C, 0x3D, 0x0C, 0x3F, 0xF1, 0x6E, 0x0C, 0x3F, 0x0C, 0x43, 0x0C, 0x41, 0x0C, 0x43
	.byte 0x0C, 0x3F, 0x0C, 0x43, 0x0C, 0x41, 0x0C, 0x43, 0x0C, 0x45, 0x0C, 0x43, 0x0C, 0x41, 0x0C, 0x3F
	.byte 0x0C, 0x3D, 0x0C, 0x3F, 0x0C, 0x41, 0x0C, 0x43, 0xF1, 0x82, 0x0C, 0x3B, 0xF1, 0x3C, 0x0C, 0x3B
	.byte 0xF1, 0x82, 0x0C, 0x3D, 0x0C, 0x3B, 0x0C, 0x3B, 0xF1, 0x3C, 0x0C, 0x3B, 0xF1, 0x82, 0x0C, 0x3D
	.byte 0x0C, 0x3F, 0x0C, 0x3B, 0xF1, 0x3C, 0x0C, 0x3B, 0xF1, 0x82, 0x0C, 0x3D, 0xF1, 0x3C, 0x0C, 0x3D
	.byte 0xF1, 0x82, 0x0C, 0x3B, 0xF1, 0x3C, 0x0C, 0x3B, 0xF1, 0x82, 0x0C, 0x3D, 0x0C, 0x3F, 0x0C, 0x3B
	.byte 0xF1, 0x3C, 0x0C, 0x3B, 0xF1, 0x82, 0x0C, 0x3D, 0x0C, 0x3B, 0x0C, 0x3B, 0xF1, 0x3C, 0x0C, 0x3B
	.byte 0xF1, 0x82, 0x0C, 0x3D, 0x0C, 0x3F, 0x0C, 0x3B, 0xF1, 0x3C, 0x0C, 0x3B, 0xF1, 0x82, 0x0C, 0x3D
	.byte 0xF1, 0x3C, 0x0C, 0x3D, 0xF1, 0x82, 0x0C, 0x3B, 0xF1, 0x3C, 0x0C, 0x3B, 0xF1, 0x82, 0x0C, 0x3D
	.byte 0x0C, 0x3F, 0xF1, 0x6E, 0x0C, 0x3F, 0x0C, 0x43, 0x0C, 0x41, 0x0C, 0x43, 0x0C, 0x3F, 0x0C, 0x43
	.byte 0x0C, 0x41, 0x0C, 0x43, 0x0C, 0x45, 0x0C, 0x43, 0x0C, 0x41, 0x0C, 0x3F, 0x0C, 0x3D, 0x0C, 0x3F
	.byte 0x0C, 0x41, 0x0C, 0x43, 0x0C, 0x3B, 0xF1, 0x3C, 0x0C, 0x3B, 0xF1, 0x6E, 0x0C, 0x3D, 0x0C, 0x3B
	.byte 0x0C, 0x3B, 0xF1, 0x3C, 0x0C, 0x3B, 0xF1, 0x6E, 0x0C, 0x3D, 0x0C, 0x3F, 0x0C, 0x3B, 0xF1, 0x3C
	.byte 0x0C, 0x3B, 0xF1, 0x6E, 0x0C, 0x3D, 0xF1, 0x3C, 0x0C, 0x3D, 0xF1, 0x6E, 0x0C, 0x3B, 0xF1, 0x3C
	.byte 0x0C, 0x3B, 0xF1, 0x6E, 0x0C, 0x3D, 0x0C, 0x3F, 0x0C, 0x3F, 0x0C, 0x43, 0x0C, 0x41, 0x0C, 0x43
	.byte 0x0C, 0x3F, 0x0C, 0x43, 0x0C, 0x41, 0x0C, 0x43, 0x0C, 0x45, 0x0C, 0x43, 0x0C, 0x41, 0x0C, 0x3F
	.byte 0x0C, 0x3D, 0x0C, 0x3F, 0x0C, 0x41, 0x0C, 0x43, 0x0C, 0x3B, 0xF1, 0x3C, 0x0C, 0x3B, 0xF1, 0x6E
	.byte 0x0C, 0x3D, 0x0C, 0x3B, 0x0C, 0x3B, 0xF1, 0x3C, 0x0C, 0x3B, 0xF1, 0x6E, 0x0C, 0x3D, 0x0C, 0x3F
	.byte 0x0C, 0x3B, 0xF1, 0x3C, 0x0C, 0x3B, 0xF1, 0x6E, 0x0C, 0x3D, 0xF1, 0x3C, 0x0C, 0x3D, 0xF1, 0x6E
	.byte 0x0C, 0x3B, 0xF1, 0x3C, 0x0C, 0x3B, 0xF1, 0x6E, 0x0C, 0x3D, 0x0C, 0x3F, 0xF1, 0x64, 0x0C, 0x41
	.byte 0x0C, 0x45, 0x0C, 0x43, 0x0C, 0x45, 0x0C, 0x41, 0x0C, 0x45, 0x0C, 0x43, 0x0C, 0x45, 0x0C, 0x47
	.byte 0x0C, 0x45, 0x0C, 0x43, 0x0C, 0x41, 0x0C, 0x3F, 0x0C, 0x41, 0x0C, 0x43, 0x0C, 0x45, 0x0C, 0x3B
	.byte 0xF1, 0x3C, 0x0C, 0x3B, 0xF1, 0x6E, 0x0C, 0x3D, 0x0C, 0x3B, 0x0C, 0x3B, 0xF1, 0x3C, 0x0C, 0x3B
	.byte 0xF1, 0x6E, 0x0C, 0x3D, 0x0C, 0x3F, 0x0C, 0x3B, 0xF1, 0x3C, 0x0C, 0x3B, 0xF1, 0x6E, 0x0C, 0x3D
	.byte 0xF1, 0x3C, 0x0C, 0x3D, 0xF1, 0x6E, 0x0C, 0x3B, 0xF1, 0x3C, 0x0C, 0x3B, 0xF1, 0x6E, 0x0C, 0x3D
	.byte 0x0C, 0x3F, 0xF1, 0x64, 0x0C, 0x41, 0x0C, 0x45, 0x0C, 0x43, 0x0C, 0x45, 0x0C, 0x41, 0x0C, 0x45
	.byte 0x0C, 0x43, 0x0C, 0x45, 0x0C, 0x47, 0x0C, 0x45, 0x0C, 0x43, 0x0C, 0x41, 0x0C, 0x3F, 0x0C, 0x41
	.byte 0x0C, 0x43, 0x0C, 0x45, 0x0C, 0x3B, 0xF1, 0x3C, 0x0C, 0x3B, 0xF1, 0x6E, 0x0C, 0x3D, 0x0C, 0x3B
	.byte 0x0C, 0x3B, 0xF1, 0x3C, 0x0C, 0x3B, 0xF1, 0x6E, 0x0C, 0x3D, 0x0C, 0x3F, 0x0C, 0x3B, 0xF1, 0x3C
	.byte 0x0C, 0x3B, 0xF1, 0x6E, 0x0C, 0x3D, 0xF1, 0x3C, 0x0C, 0x3D, 0xF1, 0x6E, 0x0C, 0x3B, 0xF1, 0x3C
	.byte 0x0C, 0x3B, 0xF1, 0x6E, 0x0C, 0x3D, 0x0C, 0x3F, 0xF8, 0xAB, 0xFD, 0xFF, 0xF9, 0x58, 0xF0, 0x0C
	.byte 0xF2, 0x78, 0xF1, 0x8C, 0x0C, 0x37, 0xF1, 0x3C, 0x0C, 0x37, 0xF1, 0x8C, 0x0C, 0x39, 0xF1, 0x3C
	.byte 0x0C, 0x39, 0xF1, 0x8C, 0x0C, 0x37, 0xF1, 0x3C, 0x0C, 0x37, 0xF1, 0x8C, 0x0C, 0x39, 0xF1, 0x3C
	.byte 0x0C, 0x39, 0xF1, 0x8C, 0x0C, 0x37, 0xF1, 0x3C, 0x0C, 0x37, 0xF1, 0x8C, 0x0C, 0x39, 0xF1, 0x3C
	.byte 0x0C, 0x39, 0xF1, 0x8C, 0x0C, 0x37, 0xF1, 0x3C, 0x0C, 0x39, 0xF1, 0x8C, 0x0C, 0x39, 0xF1, 0x3C
	.byte 0x0C, 0x39, 0xF1, 0x8C, 0x0C, 0x37, 0xF1, 0x3C, 0x0C, 0x37, 0xF1, 0x8C, 0x0C, 0x39, 0xF1, 0x3C
	.byte 0x0C, 0x39, 0xF1, 0x8C, 0x0C, 0x37, 0xF1, 0x3C, 0x0C, 0x37, 0xF1, 0x8C, 0x0C, 0x39, 0xF1, 0x3C
	.byte 0x0C, 0x39, 0xF1, 0x8C, 0x0C, 0x37, 0xF1, 0x3C, 0x0C, 0x37, 0xF1, 0x8C, 0x0C, 0x39, 0xF1, 0x3C
	.byte 0x0C, 0x39, 0xF1, 0x8C, 0x0C, 0x37, 0xF1, 0x3C, 0x0C, 0x39, 0xF1, 0x8C, 0x0C, 0x39, 0xF1, 0x3C
	.byte 0x0C, 0x39, 0xF1, 0x8C, 0x0C, 0x37, 0xF1, 0x3C, 0x0C, 0x37, 0xF1, 0x8C, 0x0C, 0x39, 0xF1, 0x3C
	.byte 0x0C, 0x39, 0xF1, 0x8C, 0x0C, 0x37, 0xF1, 0x3C, 0x0C, 0x37, 0xF1, 0x8C, 0x0C, 0x39, 0xF1, 0x3C
	.byte 0x0C, 0x39, 0xF1, 0x8C, 0x0C, 0x37, 0xF1, 0x3C, 0x0C, 0x37, 0xF1, 0x8C, 0x0C, 0x39, 0xF1, 0x3C
	.byte 0x0C, 0x39, 0xF1, 0x8C, 0x0C, 0x37, 0xF1, 0x3C, 0x0C, 0x39, 0xF1, 0x8C, 0x0C, 0x39, 0xF1, 0x3C
	.byte 0x0C, 0x39, 0xF1, 0x78, 0x0C, 0x37, 0xF1, 0x3C, 0x0C, 0x37, 0xF1, 0x78, 0x0C, 0x39, 0xF1, 0x3C
	.byte 0x0C, 0x39, 0xF1, 0x78, 0x0C, 0x37, 0xF1, 0x3C, 0x0C, 0x37, 0xF1, 0x78, 0x0C, 0x39, 0xF1, 0x3C
	.byte 0x0C, 0x39, 0xF1, 0x78, 0x0C, 0x37, 0xF1, 0x3C, 0x0C, 0x37, 0xF1, 0x78, 0x0C, 0x39, 0xF1, 0x3C
	.byte 0x0C, 0x39, 0xF1, 0x78, 0x0C, 0x37, 0xF1, 0x3C, 0x0C, 0x39, 0xF1, 0x78, 0x0C, 0x39, 0xF1, 0x3C
	.byte 0x0C, 0x39, 0xF1, 0x8C, 0x0C, 0x37, 0xF1, 0x3C, 0x0C, 0x37, 0xF1, 0x8C, 0x0C, 0x39, 0xF1, 0x3C
	.byte 0x0C, 0x39, 0xF1, 0x8C, 0x0C, 0x37, 0xF1, 0x3C, 0x0C, 0x37, 0xF1, 0x8C, 0x0C, 0x39, 0xF1, 0x3C
	.byte 0x0C, 0x39, 0xF1, 0x8C, 0x0C, 0x37, 0xF1, 0x3C, 0x0C, 0x37, 0xF1, 0x8C, 0x0C, 0x39, 0xF1, 0x3C
	.byte 0x0C, 0x39, 0xF1, 0x8C, 0x0C, 0x37, 0xF1, 0x3C, 0x0C, 0x39, 0xF1, 0x8C, 0x0C, 0x39, 0xF1, 0x3C
	.byte 0x0C, 0x39, 0xF1, 0x8C, 0x0C, 0x37, 0xF1, 0x3C, 0x0C, 0x37, 0xF1, 0x8C, 0x0C, 0x39, 0xF1, 0x3C
	.byte 0x0C, 0x39, 0xF1, 0x8C, 0x0C, 0x37, 0xF1, 0x3C, 0x0C, 0x37, 0xF1, 0x8C, 0x0C, 0x39, 0xF1, 0x3C
	.byte 0x0C, 0x39, 0xF1, 0x8C, 0x0C, 0x37, 0xF1, 0x3C, 0x0C, 0x37, 0xF1, 0x8C, 0x0C, 0x39, 0xF1, 0x3C
	.byte 0x0C, 0x39, 0xF1, 0x8C, 0x0C, 0x37, 0xF1, 0x3C, 0x0C, 0x39, 0xF1, 0x8C, 0x0C, 0x39, 0xF1, 0x3C
	.byte 0x0C, 0x39, 0xF1, 0x6E, 0x0C, 0x37, 0xF1, 0x3C, 0x0C, 0x37, 0xF1, 0x6E, 0x0C, 0x39, 0xF1, 0x3C
	.byte 0x0C, 0x39, 0xF1, 0x6E, 0x0C, 0x37, 0xF1, 0x3C, 0x0C, 0x37, 0xF1, 0x6E, 0x0C, 0x39, 0xF1, 0x3C
	.byte 0x0C, 0x39, 0xF1, 0x6E, 0x0C, 0x37, 0xF1, 0x3C, 0x0C, 0x37, 0xF1, 0x6E, 0x0C, 0x39, 0xF1, 0x3C
	.byte 0x0C, 0x39, 0xF1, 0x6E, 0x0C, 0x37, 0xF1, 0x3C, 0x0C, 0x39, 0xF1, 0x6E, 0x0C, 0x39, 0xF1, 0x3C
	.byte 0x0C, 0x39, 0xF1, 0x6E, 0x0C, 0x37, 0xF1, 0x3C, 0x0C, 0x37, 0xF1, 0x6E, 0x0C, 0x39, 0xF1, 0x3C
	.byte 0x0C, 0x39, 0xF1, 0x6E, 0x0C, 0x37, 0xF1, 0x3C, 0x0C, 0x37, 0xF1, 0x6E, 0x0C, 0x39, 0xF1, 0x3C
	.byte 0x0C, 0x39, 0xF1, 0x6E, 0x0C, 0x37, 0xF1, 0x3C, 0x0C, 0x37, 0xF1, 0x6E, 0x0C, 0x39, 0xF1, 0x3C
	.byte 0x0C, 0x39, 0xF1, 0x6E, 0x0C, 0x37, 0xF1, 0x3C, 0x0C, 0x39, 0xF1, 0x6E, 0x0C, 0x39, 0xF1, 0x3C
	.byte 0x0C, 0x39, 0xF1, 0x6E, 0x0C, 0x37, 0xF1, 0x3C, 0x0C, 0x37, 0xF1, 0x6E, 0x0C, 0x39, 0xF1, 0x3C
	.byte 0x0C, 0x39, 0xF1, 0x6E, 0x0C, 0x37, 0xF1, 0x3C, 0x0C, 0x37, 0xF1, 0x6E, 0x0C, 0x39, 0xF1, 0x3C
	.byte 0x0C, 0x39, 0xF1, 0x6E, 0x0C, 0x37, 0xF1, 0x3C, 0x0C, 0x37, 0xF1, 0x6E, 0x0C, 0x39, 0xF1, 0x3C
	.byte 0x0C, 0x39, 0xF1, 0x6E, 0x0C, 0x37, 0xF1, 0x3C, 0x0C, 0x39, 0xF1, 0x6E, 0x0C, 0x39, 0xF1, 0x3C
	.byte 0x0C, 0x39, 0xF1, 0x6E, 0x0C, 0x37, 0xF1, 0x3C, 0x0C, 0x37, 0xF1, 0x6E, 0x0C, 0x39, 0xF1, 0x3C
	.byte 0x0C, 0x39, 0xF1, 0x6E, 0x0C, 0x37, 0xF1, 0x3C, 0x0C, 0x37, 0xF1, 0x6E, 0x0C, 0x39, 0xF1, 0x3C
	.byte 0x0C, 0x39, 0xF1, 0x6E, 0x0C, 0x37, 0xF1, 0x3C, 0x0C, 0x37, 0xF1, 0x6E, 0x0C, 0x39, 0xF1, 0x3C
	.byte 0x0C, 0x39, 0xF1, 0x6E, 0x0C, 0x37, 0xF1, 0x3C, 0x0C, 0x39, 0xF1, 0x6E, 0x0C, 0x39, 0xF1, 0x3C
	.byte 0x0C, 0x39, 0xF1, 0x64, 0x0C, 0x39, 0xF1, 0x3C, 0x0C, 0x39, 0xF1, 0x64, 0x0C, 0x3B, 0xF1, 0x3C
	.byte 0x0C, 0x3B, 0xF1, 0x64, 0x0C, 0x39, 0xF1, 0x3C, 0x0C, 0x39, 0xF1, 0x64, 0x0C, 0x3B, 0xF1, 0x3C
	.byte 0x0C, 0x3B, 0xF1, 0x64, 0x0C, 0x39, 0xF1, 0x3C, 0x0C, 0x39, 0xF1, 0x64, 0x0C, 0x3B, 0xF1, 0x3C
	.byte 0x0C, 0x3B, 0xF1, 0x64, 0x0C, 0x39, 0xF1, 0x3C, 0x0C, 0x39, 0xF1, 0x64, 0x0C, 0x3B, 0xF1, 0x3C
	.byte 0x0C, 0x3B, 0xF1, 0x6E, 0x0C, 0x37, 0xF1, 0x3C, 0x0C, 0x37, 0xF1, 0x6E, 0x0C, 0x39, 0xF1, 0x3C
	.byte 0x0C, 0x39, 0xF1, 0x6E, 0x0C, 0x37, 0xF1, 0x3C, 0x0C, 0x37, 0xF1, 0x6E, 0x0C, 0x39, 0xF1, 0x3C
	.byte 0x0C, 0x39, 0xF1, 0x6E, 0x0C, 0x37, 0xF1, 0x3C, 0x0C, 0x37, 0xF1, 0x6E, 0x0C, 0x39, 0xF1, 0x3C
	.byte 0x0C, 0x39, 0xF1, 0x6E, 0x0C, 0x37, 0xF1, 0x3C, 0x0C, 0x39, 0xF1, 0x6E, 0x0C, 0x39, 0xF1, 0x3C
	.byte 0x0C, 0x39, 0xF1, 0x6E, 0x0C, 0x39, 0xF1, 0x3C, 0x0C, 0x39, 0xF1, 0x6E, 0x0C, 0x3B, 0xF1, 0x3C
	.byte 0x0C, 0x3B, 0xF1, 0x6E, 0x0C, 0x39, 0xF1, 0x3C, 0x0C, 0x39, 0xF1, 0x6E, 0x0C, 0x3B, 0xF1, 0x3C
	.byte 0x0C, 0x3B, 0xF1, 0x6E, 0x0C, 0x39, 0xF1, 0x3C, 0x0C, 0x39, 0xF1, 0x6E, 0x0C, 0x3B, 0xF1, 0x3C
	.byte 0x0C, 0x3B, 0xF1, 0x6E, 0x0C, 0x39, 0xF1, 0x3C, 0x0C, 0x39, 0xF1, 0x6E, 0x0C, 0x3B, 0xF1, 0x3C
	.byte 0x0C, 0x3B, 0xF1, 0x6E, 0x0C, 0x37, 0xF1, 0x3C, 0x0C, 0x37, 0xF1, 0x6E, 0x0C, 0x39, 0xF1, 0x3C
	.byte 0x0C, 0x39, 0xF1, 0x6E, 0x0C, 0x37, 0xF1, 0x3C, 0x0C, 0x37, 0xF1, 0x6E, 0x0C, 0x39, 0xF1, 0x3C
	.byte 0x0C, 0x39, 0xF1, 0x6E, 0x0C, 0x37, 0xF1, 0x3C, 0x0C, 0x37, 0xF1, 0x6E, 0x0C, 0x39, 0xF1, 0x3C
	.byte 0x0C, 0x39, 0xF1, 0x6E, 0x0C, 0x37, 0xF1, 0x3C, 0x0C, 0x39, 0xF1, 0x6E, 0x0C, 0x39, 0xF1, 0x3C
	.byte 0x0C, 0x39, 0xF8, 0x79, 0xFC, 0xFF, 0xF9, 0x58, 0xF0, 0x17, 0xF1, 0x78, 0x00, 0xB7, 0xC0, 0x00
	.byte 0xB7, 0xC0, 0x00, 0xB7, 0xC0, 0x00, 0xB7, 0xC0, 0x00, 0xB7, 0xC0, 0xC0, 0x37, 0x00, 0xB7, 0xC0
	.byte 0x00, 0xB7, 0xC0, 0x00, 0xB7, 0xC0, 0xC0, 0x37, 0xC0, 0x39, 0xC0, 0x37, 0xC0, 0x39, 0xC0, 0x37
	.byte 0xF8, 0xD5, 0xFF, 0xFF, 0xF9, 0x58, 0xF6, 0x01, 0xF6, 0x07, 0xF0, 0x0C, 0xF2, 0x00, 0xF1, 0x3C
	.byte 0x0C, 0x3B, 0x0C, 0x3F, 0x0C, 0x3D, 0x0C, 0x3F, 0x0C, 0x3B, 0x0C, 0x3F, 0x0C, 0x3D, 0x0C, 0x3F
	.byte 0x0C, 0x41, 0x0C, 0x3F, 0x0C, 0x3D, 0x0C, 0x3B, 0x0C, 0x39, 0x0C, 0x3B, 0x0C, 0x3D, 0x0C, 0x3F
	.byte 0x0C, 0x43, 0x0C, 0x41, 0x0C, 0x43, 0xF1, 0x1E, 0x0C, 0x43, 0xF1, 0x3C, 0x0C, 0x43, 0x0C, 0x41
	.byte 0x0C, 0x43, 0xF1, 0x1E, 0x0C, 0x43, 0xF1, 0x3C, 0x0C, 0x43, 0x0C, 0x41, 0x0C, 0x43, 0x0C, 0x45
	.byte 0x0C, 0x43, 0x0C, 0x41, 0x11, 0x43, 0xF0, 0x49, 0xF2, 0xB4, 0xF1, 0x78, 0x02, 0x4E, 0x06, 0x4F
	.byte 0xF1, 0x3C, 0x04, 0x4F, 0xF1, 0x78, 0x02, 0x4E, 0x06, 0x4F, 0xF1, 0x3C, 0x04, 0x4F, 0xF1, 0x78
	.byte 0xF6, 0x18, 0x02, 0x4E, 0x06, 0x4F, 0xF1, 0x3C, 0x04, 0x4F, 0xF1, 0x78, 0x02, 0x4E, 0x06, 0x4F
	.byte 0xF1, 0x3C, 0x04, 0x4F, 0xF1, 0x78, 0xF6, 0x18, 0x02, 0x4E, 0x06, 0x4F, 0xF1, 0x3C, 0x04, 0x4F
	.byte 0xF1, 0x78, 0x02, 0x4E, 0x06, 0x4F, 0xF1, 0x3C, 0x04, 0x4F, 0xF1, 0x78, 0x04, 0x4D, 0xF1, 0x3C
	.byte 0x04, 0x4D, 0xF1, 0x78, 0xF6, 0x10, 0x02, 0x4E, 0x06, 0x4F, 0xF1, 0x3C, 0x04, 0x4F, 0xF1, 0x78
	.byte 0xF6, 0x24, 0xF0, 0x0C, 0xF2, 0x00, 0xF1, 0x3C, 0x0C, 0x3B, 0x0C, 0x3F, 0x0C, 0x3D, 0x0C, 0x3F
	.byte 0x0C, 0x3B, 0x0C, 0x3F, 0x0C, 0x3D, 0x0C, 0x3F, 0x0C, 0x41, 0x0C, 0x3F, 0x0C, 0x3D, 0x0C, 0x3B
	.byte 0x0C, 0x39, 0x0C, 0x3B, 0x0C, 0x3D, 0x0C, 0x3F, 0xF0, 0x01, 0xF2, 0xA0, 0xF1, 0xC8, 0x08, 0x2B
	.byte 0xF1, 0x3C, 0x08, 0x2B, 0xF1, 0xC8, 0xF6, 0x08, 0x08, 0x37, 0xF1, 0x3C, 0x08, 0x37, 0xF1, 0xC8
	.byte 0xF6, 0x08, 0x08, 0x2B, 0xF1, 0x3C, 0x04, 0x2B, 0xF1, 0xC8, 0x08, 0x2B, 0xF1, 0x3C, 0x04, 0x2B
	.byte 0xF1, 0xC8, 0x08, 0x37, 0xF1, 0x3C, 0x08, 0x37, 0xF1, 0xC8, 0xF6, 0x68, 0xF0, 0x49, 0xF2, 0xB4
	.byte 0xF1, 0x78, 0x02, 0x4E, 0x06, 0x4F, 0xF1, 0x3C, 0x04, 0x4F, 0xF1, 0x78, 0x02, 0x4E, 0x06, 0x4F
	.byte 0xF1, 0x3C, 0x04, 0x4F, 0xF1, 0x78, 0xF6, 0x18, 0x02, 0x4E, 0x06, 0x4F, 0xF1, 0x3C, 0x04, 0x4F
	.byte 0xF1, 0x78, 0x02, 0x4E, 0x06, 0x4F, 0xF1, 0x3C, 0x04, 0x4F, 0xF1, 0x78, 0xF6, 0x18, 0x02, 0x4E
	.byte 0x06, 0x4F, 0xF1, 0x3C, 0x04, 0x4F, 0xF1, 0x78, 0x02, 0x4E, 0x06, 0x4F, 0xF1, 0x3C, 0x04, 0x4F
	.byte 0xF1, 0x78, 0x04, 0x4D, 0xF1, 0x3C, 0x04, 0x4D, 0xF1, 0x78, 0xF6, 0x10, 0x02, 0x4E, 0x06, 0x4F
	.byte 0xF1, 0x3C, 0x04, 0x4F, 0xF1, 0x78, 0xF6, 0x24, 0x04, 0x4F, 0xF1, 0x3C, 0x04, 0x4F, 0xF1, 0x78
	.byte 0xF6, 0x10, 0x04, 0x4D, 0xF1, 0x3C, 0x04, 0x4D, 0xF1, 0x78, 0xF6, 0x04, 0x04, 0x4F, 0xF1, 0x3C
	.byte 0x04, 0x4F, 0xF1, 0x78, 0xF6, 0x04, 0x04, 0x4D, 0xF1, 0x3C, 0x04, 0x4D, 0xF1, 0x78, 0xF6, 0x10
	.byte 0x04, 0x4B, 0xF1, 0x3C, 0x04, 0x4B, 0xF1, 0x78, 0xF6, 0x10, 0x04, 0x49, 0xF1, 0x3C, 0x04, 0x49
	.byte 0xF1, 0x78, 0xF6, 0x10, 0x04, 0x4B, 0xF1, 0x3C, 0x04, 0x4B, 0xF1, 0x78, 0xF6, 0x04, 0x04, 0x4D
	.byte 0xF1, 0x3C, 0x04, 0x4D, 0xF1, 0x78, 0xF6, 0x04, 0x04, 0x47, 0xF1, 0x3C, 0x04, 0x47, 0xF1, 0x78
	.byte 0xF6, 0x28, 0x04, 0x43, 0xF1, 0x3C, 0x04, 0x43, 0xF1, 0x78, 0xF6, 0x04, 0x04, 0x45, 0xF1, 0x3C
	.byte 0x04, 0x45, 0xF1, 0x78, 0xF6, 0x04, 0x04, 0x47, 0xF1, 0x3C, 0x04, 0x47, 0xF1, 0x78, 0xF6, 0x10
	.byte 0x04, 0x43, 0xF1, 0x3C, 0x04, 0x43, 0xF1, 0x78, 0xF6, 0x04, 0x04, 0x45, 0xF1, 0x50, 0x04, 0x45
	.byte 0xF1, 0x78, 0xF6, 0x04, 0x04, 0x47, 0xF1, 0x50, 0x04, 0x47, 0xF1, 0x78, 0xF6, 0x10, 0x04, 0x41
	.byte 0xF1, 0x50, 0x04, 0x41, 0xF1, 0x78, 0xF6, 0x10, 0x04, 0x45, 0xF1, 0x3C, 0x04, 0x45, 0xF1, 0x78
	.byte 0xF6, 0x10, 0x04, 0x43, 0xF1, 0x3C, 0x04, 0x43, 0xF1, 0x78, 0xF6, 0x28, 0x04, 0x4F, 0xF1, 0x3C
	.byte 0x04, 0x4F, 0xF1, 0x78, 0xF6, 0x10, 0x04, 0x4D, 0xF1, 0x3C, 0x04, 0x4D, 0xF1, 0x78, 0xF6, 0x04
	.byte 0x04, 0x4F, 0xF1, 0x3C, 0x04, 0x4F, 0xF1, 0x78, 0xF6, 0x04, 0x04, 0x4D, 0xF1, 0x3C, 0x04, 0x4D
	.byte 0xF1, 0x78, 0xF6, 0x10, 0x04, 0x4B, 0xF1, 0x3C, 0x04, 0x4B, 0xF1, 0x78, 0xF6, 0x10, 0x04, 0x49
	.byte 0xF1, 0x3C, 0x04, 0x49, 0xF1, 0x78, 0xF6, 0x10, 0x04, 0x4B, 0xF1, 0x3C, 0x04, 0x4B, 0xF1, 0x78
	.byte 0xF6, 0x04, 0x04, 0x4D, 0xF1, 0x3C, 0x04, 0x4D, 0xF1, 0x78, 0xF6, 0x04, 0x04, 0x47, 0xF1, 0x3C
	.byte 0x04, 0x47, 0xF1, 0x78, 0xF6, 0x28, 0x04, 0x43, 0xF1, 0x3C, 0x04, 0x43, 0xF1, 0x78, 0xF6, 0x04
	.byte 0x04, 0x45, 0xF1, 0x3C, 0x04, 0x45, 0xF1, 0x78, 0xF6, 0x04, 0x04, 0x47, 0xF1, 0x3C, 0x04, 0x47
	.byte 0xF1, 0x78, 0xF6, 0x10, 0x04, 0x43, 0xF1, 0x3C, 0x04, 0x43, 0xF1, 0x78, 0xF6, 0x04, 0x04, 0x45
	.byte 0xF1, 0x3C, 0x04, 0x45, 0xF1, 0x78, 0xF6, 0x04, 0x04, 0x47, 0xF1, 0x3C, 0x04, 0x47, 0xF1, 0x78
	.byte 0xF6, 0x10, 0x04, 0x41, 0xF1, 0x3C, 0x04, 0x41, 0xF1, 0x78, 0xF6, 0x10, 0x04, 0x45, 0xF1, 0x3C
	.byte 0x04, 0x45, 0xF1, 0x78, 0xF6, 0x10, 0x04, 0x43, 0xF1, 0x3C, 0x04, 0x43, 0xF1, 0x78, 0xF6, 0x28
	.byte 0xF0, 0x0C, 0xF2, 0x00, 0xF1, 0x3C, 0x0C, 0x3D, 0x0C, 0x41, 0x0C, 0x3F, 0x0C, 0x41, 0x0C, 0x3D
	.byte 0x0C, 0x41, 0x0C, 0x3F, 0x0C, 0x41, 0x0C, 0x43, 0x0C, 0x41, 0x0C, 0x3F, 0x0C, 0x3D, 0x0C, 0x3B
	.byte 0x0C, 0x3D, 0x0C, 0x3F, 0x0C, 0x41, 0xF0, 0x49, 0xF2, 0xB4, 0xF1, 0x78, 0x02, 0x4E, 0x06, 0x4F
	.byte 0xF1, 0x3C, 0x04, 0x4F, 0xF1, 0x78, 0x02, 0x4E, 0x06, 0x4F, 0xF1, 0x3C, 0x04, 0x4F, 0xF1, 0x78
	.byte 0xF6, 0x18, 0x02, 0x4E, 0x06, 0x4F, 0xF1, 0x3C, 0x04, 0x4F, 0xF1, 0x78, 0x02, 0x4E, 0x06, 0x4F
	.byte 0xF1, 0x3C, 0x04, 0x4F, 0xF1, 0x78, 0xF6, 0x78, 0xF0, 0x0C, 0xF2, 0x00, 0xF1, 0x3C, 0x0C, 0x3D
	.byte 0x0C, 0x41, 0x0C, 0x3F, 0x0C, 0x41, 0x0C, 0x3D, 0x0C, 0x41, 0x0C, 0x3F, 0x0C, 0x41, 0x0C, 0x43
	.byte 0x0C, 0x41, 0x0C, 0x3F, 0x0C, 0x3D, 0x0C, 0x3B, 0x0C, 0x3D, 0x0C, 0x3F, 0x0C, 0x41, 0xF0, 0x49
	.byte 0xF2, 0xB4, 0xF1, 0x78, 0x02, 0x4E, 0x06, 0x4F, 0xF1, 0x3C, 0x04, 0x4F, 0xF1, 0x78, 0x02, 0x4E
	.byte 0x06, 0x4F, 0xF1, 0x3C, 0x04, 0x4F, 0xF1, 0x78, 0xF6, 0x18, 0x02, 0x4E, 0x06, 0x4F, 0xF1, 0x3C
	.byte 0x04, 0x4F, 0xF1, 0x78, 0x02, 0x4E, 0x06, 0x4F, 0xF1, 0x3C, 0x04, 0x4F, 0xF1, 0x78, 0xF6, 0x18
	.byte 0x02, 0x4E, 0x06, 0x4F, 0xF1, 0x3C, 0x04, 0x4F, 0xF1, 0x78, 0x02, 0x4E, 0x06, 0x4F, 0xF1, 0x3C
	.byte 0x04, 0x4F, 0xF1, 0x78, 0x04, 0x4D, 0xF1, 0x3C, 0x04, 0x4D, 0xF1, 0x78, 0xF6, 0x10, 0x02, 0x4E
	.byte 0x06, 0x4F, 0xF1, 0x3C, 0x04, 0x4F, 0xF6, 0x24, 0xF8, 0x5D, 0xFC, 0xFF, 0xF9, 0x58, 0xF6, 0x08
	.byte 0xF0, 0x0C, 0xF2, 0xFF, 0xF1, 0x3C, 0x0C, 0x37, 0xF1, 0x1E, 0x0C, 0x37, 0xF1, 0x3C, 0x0C, 0x39
	.byte 0xF1, 0x1E, 0x0C, 0x39, 0xF1, 0x3C, 0x0C, 0x37, 0xF1, 0x1E, 0x0C, 0x37, 0xF1, 0x3C, 0x0C, 0x39
	.byte 0xF1, 0x1E, 0x0C, 0x39, 0xF1, 0x3C, 0x0C, 0x37, 0xF1, 0x1E, 0x0C, 0x37, 0xF1, 0x3C, 0x0C, 0x39
	.byte 0xF1, 0x1E, 0x0C, 0x39, 0xF1, 0x3C, 0x0C, 0x37, 0xF1, 0x1E, 0x0C, 0x39, 0xF1, 0x3C, 0x0C, 0x39
	.byte 0xF1, 0x1E, 0x04, 0x39, 0xF0, 0x18, 0xF2, 0x46, 0xF1, 0xDC, 0x0C, 0x43, 0x0C, 0x47, 0x0C, 0x49
	.byte 0xF1, 0x50, 0x0C, 0x49, 0xF1, 0xDC, 0x0C, 0x47, 0xF1, 0x50, 0x0C, 0x47, 0xF1, 0xDC, 0x0C, 0x45
	.byte 0xF1, 0x50, 0x0C, 0x45, 0xF1, 0xDC, 0x0C, 0x47, 0xF1, 0x50, 0x0C, 0x47, 0xF1, 0xDC, 0x0C, 0x45
	.byte 0x0C, 0x43, 0x0C, 0x41, 0xF1, 0x50, 0x0C, 0x41, 0xF6, 0x18, 0xF0, 0x0C, 0xF2, 0xFF, 0xF1, 0x3C
	.byte 0x0C, 0x47, 0x0C, 0x45, 0x0C, 0x47, 0xF1, 0x1E, 0x0C, 0x47, 0xF1, 0x3C, 0x0C, 0x47, 0x0C, 0x45
	.byte 0x0C, 0x47, 0xF1, 0x1E, 0x0C, 0x47, 0xF1, 0x3C, 0x0C, 0x47, 0x0C, 0x45, 0x0C, 0x47, 0x0C, 0x49
	.byte 0x0C, 0x47, 0x0C, 0x45, 0x0C, 0x47, 0xF1, 0x1E, 0x0C, 0x47, 0xF0, 0x01, 0xF2, 0xA0, 0xF1, 0xC8
	.byte 0x08, 0x2B, 0xF1, 0x50, 0x08, 0x2B, 0xF1, 0xC8, 0xF6, 0x08, 0x08, 0x37, 0xF1, 0x50, 0x08, 0x37
	.byte 0xF1, 0xC8, 0xF6, 0x08, 0x08, 0x2B, 0xF1, 0x50, 0x04, 0x2B, 0xF1, 0xC8, 0x08, 0x2B, 0xF1, 0x50
	.byte 0x04, 0x2B, 0xF1, 0xC8, 0x08, 0x37, 0xF1, 0x50, 0x08, 0x37, 0xF6, 0x68, 0xF0, 0x18, 0xF2, 0x46
	.byte 0xF1, 0xDC, 0x0C, 0x43, 0x0C, 0x41, 0x0C, 0x43, 0xF1, 0x50, 0x0C, 0x43, 0xF1, 0xDC, 0x0C, 0x41
	.byte 0xF1, 0x50, 0x0C, 0x41, 0xF1, 0xDC, 0x0C, 0x3D, 0xF1, 0x50, 0x0C, 0x3D, 0xF1, 0xDC, 0x0C, 0x3B
	.byte 0xF1, 0x50, 0x0C, 0x3B, 0xF1, 0xDC, 0x0C, 0x3D, 0x0C, 0x3F, 0x0C, 0x39, 0xF1, 0x50, 0x0C, 0x39
	.byte 0xF6, 0x18, 0xF0, 0x01, 0xF2, 0xA0, 0xF1, 0xC8, 0x08, 0x2B, 0xF1, 0x50, 0x08, 0x2B, 0xF1, 0xC8
	.byte 0xF6, 0x08, 0x08, 0x37, 0xF1, 0x50, 0x08, 0x37, 0xF1, 0xC8, 0xF6, 0x08, 0x08, 0x2B, 0xF1, 0x50
	.byte 0x04, 0x2B, 0xF1, 0xC8, 0x08, 0x2B, 0xF1, 0x50, 0x04, 0x2B, 0xF1, 0xC8, 0x08, 0x37, 0xF1, 0x50
	.byte 0x08, 0x37, 0xF6, 0x68, 0x08, 0x2B, 0xF1, 0x50, 0x08, 0x2B, 0xF1, 0xC8, 0xF6, 0x08, 0x08, 0x37
	.byte 0xF1, 0x50, 0x08, 0x37, 0xF1, 0xC8, 0xF6, 0x08, 0x08, 0x2B, 0xF1, 0x50, 0x04, 0x2B, 0xF1, 0xC8
	.byte 0x08, 0x2B, 0xF1, 0x50, 0x04, 0x2B, 0xF1, 0xC8, 0x08, 0x37, 0xF1, 0x50, 0x08, 0x37, 0xF6, 0x08
	.byte 0xF0, 0x19, 0xF2, 0x46, 0xF1, 0xB4, 0x0C, 0x43, 0xF1, 0x3C, 0x0C, 0x43, 0xF1, 0xB4, 0x0C, 0x4F
	.byte 0xF1, 0x3C, 0x0C, 0x4F, 0xF1, 0xB4, 0x0C, 0x43, 0x0C, 0x43, 0x0C, 0x4F, 0xF1, 0x3C, 0x0C, 0x4F
	.byte 0xF0, 0x01, 0xF2, 0xA0, 0xF1, 0xC8, 0x08, 0x2B, 0xF1, 0x50, 0x08, 0x2B, 0xF1, 0xC8, 0xF6, 0x08
	.byte 0x08, 0x37, 0xF1, 0x50, 0x08, 0x37, 0xF1, 0xC8, 0xF6, 0x08, 0x08, 0x2B, 0xF1, 0x50, 0x04, 0x2B
	.byte 0xF1, 0xC8, 0x08, 0x2B, 0xF1, 0x50, 0x04, 0x2B, 0xF1, 0xC8, 0x08, 0x37, 0xF1, 0x50, 0x08, 0x37
	.byte 0xF6, 0x08, 0xF0, 0x19, 0xF2, 0x46, 0xF1, 0xB4, 0x0C, 0x43, 0xF1, 0x3C, 0x0C, 0x43, 0xF1, 0xB4
	.byte 0x0C, 0x4F, 0xF1, 0x3C, 0x0C, 0x4F, 0xF1, 0xB4, 0x0C, 0x43, 0x0C, 0x43, 0x0C, 0x4F, 0xF1, 0x3C
	.byte 0x0C, 0x4F, 0xF0, 0x01, 0xF2, 0xA0, 0xF1, 0xC8, 0x08, 0x2B, 0xF1, 0x50, 0x08, 0x2B, 0xF1, 0xC8
	.byte 0xF6, 0x08, 0x08, 0x37, 0xF1, 0x50, 0x08, 0x37, 0xF1, 0xC8, 0xF6, 0x08, 0x08, 0x2B, 0xF1, 0x50
	.byte 0x04, 0x2B, 0xF1, 0xC8, 0x08, 0x2B, 0xF1, 0x50, 0x04, 0x2B, 0xF1, 0xC8, 0x08, 0x37, 0xF1, 0x50
	.byte 0x08, 0x37, 0xF1, 0xC8, 0xF6, 0x08, 0xF0, 0x19, 0xF2, 0x46, 0xF1, 0xB4, 0x0C, 0x43, 0xF1, 0x3C
	.byte 0x0C, 0x43, 0xF1, 0xB4, 0x0C, 0x4F, 0xF1, 0x3C, 0x0C, 0x4F, 0xF1, 0xB4, 0x0C, 0x43, 0x0C, 0x43
	.byte 0x0C, 0x4F, 0xF1, 0x3C, 0x0C, 0x4F, 0xF0, 0x01, 0xF2, 0xA0, 0xF1, 0xC8, 0x08, 0x2B, 0xF1, 0x50
	.byte 0x08, 0x2B, 0xF1, 0xC8, 0xF6, 0x08, 0x08, 0x37, 0xF1, 0x50, 0x08, 0x37, 0xF1, 0xC8, 0xF6, 0x08
	.byte 0x08, 0x2B, 0xF1, 0x50, 0x04, 0x2B, 0xF1, 0xC8, 0x08, 0x2B, 0xF1, 0x50, 0x04, 0x2B, 0xF1, 0xC8
	.byte 0x08, 0x37, 0xF1, 0x50, 0x08, 0x37, 0xF1, 0xC8, 0xF6, 0x08, 0xF0, 0x19, 0xF2, 0x46, 0xF1, 0xB4
	.byte 0x0C, 0x43, 0xF1, 0x3C, 0x0C, 0x43, 0xF1, 0xB4, 0x0C, 0x4F, 0xF1, 0x3C, 0x0C, 0x4F, 0xF1, 0xB4
	.byte 0x0C, 0x43, 0x0C, 0x43, 0x0C, 0x4F, 0xF1, 0x3C, 0x0C, 0x4F, 0xF0, 0x18, 0xF2, 0x46, 0xF1, 0xDC
	.byte 0x0C, 0x45, 0x0C, 0x49, 0x0C, 0x4B, 0xF1, 0x50, 0x0C, 0x4B, 0xF1, 0xDC, 0x0C, 0x49, 0xF1, 0x50
	.byte 0x0C, 0x49, 0xF1, 0xDC, 0x0C, 0x47, 0xF1, 0x50, 0x0C, 0x47, 0xF1, 0xDC, 0x0C, 0x49, 0xF1, 0x50
	.byte 0x0C, 0x49, 0xF1, 0xDC, 0x0C, 0x47, 0x0C, 0x45, 0x0C, 0x43, 0xF1, 0x50, 0x0C, 0x43, 0xF6, 0x18
	.byte 0xF6, 0x60, 0xF0, 0x01, 0xF2, 0xA0, 0xF1, 0xC8, 0x08, 0x2B, 0xF1, 0x50, 0x08, 0x2B, 0xF1, 0xC8
	.byte 0xF6, 0x08, 0x08, 0x37, 0xF1, 0x50, 0x08, 0x37, 0xF1, 0xC8, 0xF6, 0x08, 0x08, 0x2B, 0xF1, 0x50
	.byte 0x04, 0x2B, 0xF1, 0xC8, 0x08, 0x2B, 0xF1, 0x50, 0x04, 0x2B, 0xF1, 0xC8, 0x08, 0x37, 0xF1, 0x50
	.byte 0x08, 0x37, 0xF6, 0x08, 0xF0, 0x18, 0xF2, 0x46, 0xF1, 0xDC, 0x0C, 0x45, 0x0C, 0x43, 0x0C, 0x45
	.byte 0xF1, 0x50, 0x0C, 0x45, 0xF1, 0xDC, 0x0C, 0x43, 0xF1, 0x50, 0x0C, 0x43, 0xF1, 0xDC, 0x0C, 0x3F
	.byte 0xF1, 0x50, 0x0C, 0x3F, 0xF1, 0xDC, 0x0C, 0x3D, 0xF1, 0x50, 0x0C, 0x3D, 0xF1, 0xDC, 0x0C, 0x3F
	.byte 0x0C, 0x41, 0x0C, 0x3B, 0xF1, 0x50, 0x0C, 0x3B, 0xF6, 0x18, 0xF0, 0x01, 0xF2, 0xA0, 0xF1, 0xC8
	.byte 0x08, 0x2B, 0xF1, 0x50, 0x08, 0x2B, 0xF1, 0xC8, 0xF6, 0x08, 0x08, 0x37, 0xF1, 0x50, 0x08, 0x37
	.byte 0xF1, 0xC8, 0xF6, 0x08, 0x08, 0x2B, 0xF1, 0x50, 0x04, 0x2B, 0xF1, 0xC8, 0x08, 0x2B, 0xF1, 0x50
	.byte 0x04, 0x2B, 0xF1, 0xC8, 0x08, 0x37, 0xF1, 0x50, 0x08, 0x37, 0xF6, 0x08, 0xF0, 0x19, 0xF2, 0x46
	.byte 0xF1, 0xB4, 0x0C, 0x43, 0xF1, 0x3C, 0x0C, 0x43, 0xF1, 0xB4, 0x0C, 0x4F, 0xF1, 0x3C, 0x0C, 0x4F
	.byte 0xF1, 0xB4, 0x0C, 0x43, 0x0C, 0x43, 0x0C, 0x4F, 0xF1, 0x3C, 0x0C, 0x4F, 0xF8, 0x7F, 0xFC, 0xFF
	.byte 0xF9, 0x58, 0xF6, 0xC4, 0xF6, 0xC0, 0xF0, 0xC0, 0xF2, 0x3C, 0xF1, 0x28, 0x04, 0x4E, 0x04, 0x4F
	.byte 0xF1, 0x14, 0x04, 0x4F, 0xF1, 0x28, 0x04, 0x4E, 0x04, 0x4F, 0xF1, 0x14, 0x04, 0x4F, 0xF1, 0x28
	.byte 0xF6, 0x18, 0x04, 0x4E, 0x04, 0x4F, 0xF1, 0x14, 0x04, 0x4F, 0xF1, 0x28, 0x04, 0x4E, 0x04, 0x4F
	.byte 0xF1, 0x14, 0x04, 0x4F, 0xF1, 0x28, 0xF6, 0x18, 0x04, 0x4E, 0x04, 0x4F, 0xF1, 0x14, 0x04, 0x4F
	.byte 0xF1, 0x28, 0x04, 0x4E, 0x04, 0x4F, 0xF1, 0x14, 0x04, 0x4F, 0xF1, 0x28, 0x04, 0x4D, 0xF1, 0x14
	.byte 0x04, 0x4D, 0xF1, 0x28, 0xF6, 0x10, 0x04, 0x4E, 0x04, 0x4F, 0xF1, 0x14, 0x04, 0x4F, 0xF6, 0x24
	.byte 0xF6, 0xC0, 0xF6, 0xC0, 0xF1, 0x28, 0x04, 0x4E, 0x04, 0x4F, 0xF1, 0x14, 0x04, 0x4F, 0xF1, 0x28
	.byte 0x04, 0x4E, 0x04, 0x4F, 0xF1, 0x14, 0x04, 0x4F, 0xF1, 0x28, 0xF6, 0x18, 0x04, 0x4E, 0x04, 0x4F
	.byte 0xF1, 0x14, 0x04, 0x4F, 0xF1, 0x28, 0x04, 0x4E, 0x04, 0x4F, 0xF1, 0x14, 0x04, 0x4F, 0xF1, 0x28
	.byte 0xF6, 0x18, 0x04, 0x4E, 0x04, 0x4F, 0xF1, 0x14, 0x04, 0x4F, 0xF1, 0x28, 0x04, 0x4E, 0x04, 0x4F
	.byte 0xF1, 0x14, 0x04, 0x4F, 0xF1, 0x28, 0x04, 0x4D, 0xF1, 0x14, 0x04, 0x4D, 0xF1, 0x28, 0xF6, 0x10
	.byte 0x04, 0x4E, 0x04, 0x4F, 0xF1, 0x14, 0x04, 0x4F, 0xF1, 0x28, 0xF6, 0x24, 0x04, 0x4F, 0xF1, 0x14
	.byte 0x04, 0x4F, 0xF1, 0x28, 0xF6, 0x10, 0x04, 0x4D, 0xF1, 0x14, 0x04, 0x4D, 0xF1, 0x28, 0xF6, 0x04
	.byte 0x04, 0x4F, 0xF1, 0x14, 0x04, 0x4F, 0xF1, 0x28, 0xF6, 0x04, 0x04, 0x4D, 0xF1, 0x14, 0x04, 0x4D
	.byte 0xF1, 0x28, 0xF6, 0x10, 0x04, 0x4B, 0xF1, 0x14, 0x04, 0x4B, 0xF1, 0x28, 0xF6, 0x10, 0x04, 0x49
	.byte 0xF1, 0x14, 0x04, 0x49, 0xF1, 0x28, 0xF6, 0x10, 0x04, 0x4B, 0xF1, 0x14, 0x04, 0x4B, 0xF1, 0x28
	.byte 0xF6, 0x04, 0x04, 0x4D, 0xF1, 0x14, 0x04, 0x4D, 0xF1, 0x28, 0xF6, 0x04, 0x04, 0x47, 0xF1, 0x14
	.byte 0x04, 0x47, 0xF1, 0x28, 0xF6, 0x28, 0x04, 0x43, 0xF1, 0x14, 0x04, 0x43, 0xF1, 0x28, 0xF6, 0x04
	.byte 0x04, 0x45, 0xF1, 0x14, 0x04, 0x45, 0xF1, 0x28, 0xF6, 0x04, 0x04, 0x47, 0xF1, 0x14, 0x04, 0x47
	.byte 0xF1, 0x28, 0xF6, 0x10, 0x04, 0x43, 0xF1, 0x14, 0x04, 0x43, 0xF1, 0x28, 0xF6, 0x04, 0x04, 0x45
	.byte 0xF1, 0x14, 0x04, 0x45, 0xF1, 0x28, 0xF6, 0x04, 0x04, 0x47, 0xF1, 0x14, 0x04, 0x47, 0xF1, 0x28
	.byte 0xF6, 0x10, 0x04, 0x41, 0xF1, 0x14, 0x04, 0x41, 0xF1, 0x28, 0xF6, 0x10, 0x04, 0x45, 0xF1, 0x14
	.byte 0x04, 0x45, 0xF1, 0x28, 0xF6, 0x10, 0x04, 0x43, 0xF1, 0x14, 0x04, 0x43, 0xF1, 0x28, 0xF6, 0x28
	.byte 0x04, 0x4F, 0xF1, 0x14, 0x04, 0x4F, 0xF1, 0x28, 0xF6, 0x10, 0x04, 0x4D, 0xF1, 0x14, 0x04, 0x4D
	.byte 0xF1, 0x28, 0xF6, 0x04, 0x04, 0x4F, 0xF1, 0x14, 0x04, 0x4F, 0xF1, 0x28, 0xF6, 0x04, 0x04, 0x4D
	.byte 0xF1, 0x14, 0x04, 0x4D, 0xF1, 0x28, 0xF6, 0x10, 0x04, 0x4B, 0xF1, 0x14, 0x04, 0x4B, 0xF1, 0x28
	.byte 0xF6, 0x10, 0x04, 0x49, 0xF1, 0x14, 0x04, 0x49, 0xF1, 0x28, 0xF6, 0x10, 0x04, 0x4B, 0xF1, 0x14
	.byte 0x04, 0x4B, 0xF1, 0x28, 0xF6, 0x04, 0x04, 0x4D, 0xF1, 0x14, 0x04, 0x4D, 0xF1, 0x28, 0xF6, 0x04
	.byte 0x04, 0x47, 0xF1, 0x14, 0x04, 0x47, 0xF1, 0x28, 0xF6, 0x28, 0x04, 0x43, 0xF1, 0x14, 0x04, 0x43
	.byte 0xF1, 0x28, 0xF6, 0x04, 0x04, 0x45, 0xF1, 0x14, 0x04, 0x45, 0xF1, 0x28, 0xF6, 0x04, 0x04, 0x47
	.byte 0xF1, 0x14, 0x04, 0x47, 0xF1, 0x28, 0xF6, 0x10, 0x04, 0x43, 0xF1, 0x14, 0x04, 0x43, 0xF1, 0x28
	.byte 0xF6, 0x04, 0x04, 0x45, 0xF1, 0x14, 0x04, 0x45, 0xF1, 0x28, 0xF6, 0x04, 0x04, 0x47, 0xF1, 0x14
	.byte 0x04, 0x47, 0xF1, 0x28, 0xF6, 0x10, 0x04, 0x41, 0xF1, 0x14, 0x04, 0x41, 0xF1, 0x28, 0xF6, 0x10
	.byte 0x04, 0x45, 0xF1, 0x14, 0x04, 0x45, 0xF1, 0x28, 0xF6, 0x10, 0x04, 0x43, 0xF1, 0x14, 0x04, 0x43
	.byte 0xF6, 0x28, 0xF6, 0xC0, 0xF1, 0x28, 0x04, 0x4E, 0x04, 0x4F, 0xF1, 0x14, 0x04, 0x4F, 0xF1, 0x28
	.byte 0x04, 0x4E, 0x04, 0x4F, 0xF1, 0x14, 0x04, 0x4F, 0xF1, 0x28, 0xF6, 0x18, 0x04, 0x4E, 0x04, 0x4F
	.byte 0xF1, 0x14, 0x04, 0x4F, 0xF1, 0x28, 0x04, 0x4E, 0x04, 0x4F, 0xF1, 0x14, 0x04, 0x4F, 0xF6, 0x78
	.byte 0xF6, 0xC0, 0xF1, 0x28, 0x04, 0x4E, 0x04, 0x4F, 0xF1, 0x14, 0x04, 0x4F, 0xF1, 0x28, 0x04, 0x4E
	.byte 0x04, 0x4F, 0xF1, 0x14, 0x04, 0x4F, 0xF1, 0x28, 0xF6, 0x18, 0x04, 0x4E, 0x04, 0x4F, 0xF1, 0x14
	.byte 0x04, 0x4F, 0xF1, 0x28, 0x04, 0x4E, 0x04, 0x4F, 0xF1, 0x14, 0x04, 0x4F, 0xF1, 0x28, 0xF6, 0x18
	.byte 0x04, 0x4E, 0x04, 0x4F, 0xF1, 0x14, 0x04, 0x4F, 0xF1, 0x28, 0x04, 0x4E, 0x04, 0x4F, 0xF1, 0x14
	.byte 0x04, 0x4F, 0xF1, 0x28, 0x04, 0x4D, 0xF1, 0x14, 0x04, 0x4D, 0xF1, 0x28, 0xF6, 0x10, 0x04, 0x4E
	.byte 0x04, 0x4F, 0xF1, 0x14, 0x04, 0x4F, 0xF6, 0x20, 0xF8, 0x57, 0xFD, 0xFF, 0xF9, 0x58, 0xF6, 0xD0
	.byte 0xF6, 0xC0, 0xF0, 0xC0, 0xF2, 0xB4, 0xF1, 0x14, 0x02, 0x4E, 0x06, 0x4F, 0xF1, 0x0A, 0x04, 0x4F
	.byte 0xF1, 0x14, 0x02, 0x4E, 0x06, 0x4F, 0xF1, 0x0A, 0x04, 0x4F, 0xF1, 0x14, 0xF6, 0x18, 0x02, 0x4E
	.byte 0x06, 0x4F, 0xF1, 0x0A, 0x04, 0x4F, 0xF1, 0x14, 0x02, 0x4E, 0x06, 0x4F, 0xF1, 0x0A, 0x04, 0x4F
	.byte 0xF1, 0x14, 0xF6, 0x18, 0x02, 0x4E, 0x06, 0x4F, 0xF1, 0x0A, 0x04, 0x4F, 0xF1, 0x14, 0x02, 0x4E
	.byte 0x06, 0x4F, 0xF1, 0x0A, 0x04, 0x4F, 0xF1, 0x14, 0x04, 0x4D, 0xF1, 0x0A, 0x04, 0x4D, 0xF1, 0x14
	.byte 0xF6, 0x10, 0x02, 0x4E, 0x06, 0x4F, 0xF1, 0x0A, 0x04, 0x4F, 0xF6, 0x24, 0xF6, 0xC0, 0xF6, 0xC0
	.byte 0xF1, 0x14, 0x02, 0x4E, 0x06, 0x4F, 0xF1, 0x0A, 0x04, 0x4F, 0xF1, 0x14, 0x02, 0x4E, 0x06, 0x4F
	.byte 0xF1, 0x0A, 0x04, 0x4F, 0xF1, 0x14, 0xF6, 0x18, 0x02, 0x4E, 0x06, 0x4F, 0xF1, 0x0A, 0x04, 0x4F
	.byte 0xF1, 0x14, 0x02, 0x4E, 0x06, 0x4F, 0xF1, 0x0A, 0x04, 0x4F, 0xF1, 0x14, 0xF6, 0x18, 0x02, 0x4E
	.byte 0x06, 0x4F, 0xF1, 0x0A, 0x04, 0x4F, 0xF1, 0x14, 0x02, 0x4E, 0x06, 0x4F, 0xF1, 0x0A, 0x04, 0x4F
	.byte 0xF1, 0x14, 0x04, 0x4D, 0xF1, 0x0A, 0x04, 0x4D, 0xF1, 0x14, 0xF6, 0x10, 0x02, 0x4E, 0x06, 0x4F
	.byte 0xF1, 0x0A, 0x04, 0x4F, 0xF1, 0x14, 0xF6, 0x24, 0x04, 0x4F, 0xF1, 0x0A, 0x04, 0x4F, 0xF1, 0x14
	.byte 0xF6, 0x10, 0x04, 0x4D, 0xF1, 0x0A, 0x04, 0x4D, 0xF1, 0x14, 0xF6, 0x04, 0x04, 0x4F, 0xF1, 0x0A
	.byte 0x04, 0x4F, 0xF1, 0x14, 0xF6, 0x04, 0x04, 0x4D, 0xF1, 0x0A, 0x04, 0x4D, 0xF1, 0x14, 0xF6, 0x10
	.byte 0x04, 0x4B, 0xF1, 0x0A, 0x04, 0x4B, 0xF1, 0x14, 0xF6, 0x10, 0x04, 0x49, 0xF1, 0x0A, 0x04, 0x49
	.byte 0xF1, 0x14, 0xF6, 0x10, 0x04, 0x4B, 0xF1, 0x0A, 0x04, 0x4B, 0xF1, 0x14, 0xF6, 0x04, 0x04, 0x4D
	.byte 0xF1, 0x0A, 0x04, 0x4D, 0xF1, 0x14, 0xF6, 0x04, 0x04, 0x47, 0xF1, 0x0A, 0x04, 0x47, 0xF1, 0x14
	.byte 0xF6, 0x28, 0x04, 0x43, 0xF1, 0x0A, 0x04, 0x43, 0xF1, 0x14, 0xF6, 0x04, 0x04, 0x45, 0xF1, 0x0A
	.byte 0x04, 0x45, 0xF1, 0x14, 0xF6, 0x04, 0x04, 0x47, 0xF1, 0x0A, 0x04, 0x47, 0xF1, 0x14, 0xF6, 0x10
	.byte 0x04, 0x43, 0xF1, 0x0A, 0x04, 0x43, 0xF1, 0x14, 0xF6, 0x04, 0x04, 0x45, 0xF1, 0x0A, 0x04, 0x45
	.byte 0xF1, 0x14, 0xF6, 0x04, 0x04, 0x47, 0xF1, 0x0A, 0x04, 0x47, 0xF1, 0x14, 0xF6, 0x10, 0x04, 0x41
	.byte 0xF1, 0x0A, 0x04, 0x41, 0xF1, 0x14, 0xF6, 0x10, 0x04, 0x45, 0xF1, 0x0A, 0x04, 0x45, 0xF1, 0x14
	.byte 0xF6, 0x10, 0x04, 0x43, 0xF1, 0x0A, 0x04, 0x43, 0xF1, 0x14, 0xF6, 0x28, 0x04, 0x4F, 0xF1, 0x0A
	.byte 0x04, 0x4F, 0xF1, 0x14, 0xF6, 0x10, 0x04, 0x4D, 0xF1, 0x0A, 0x04, 0x4D, 0xF1, 0x14, 0xF6, 0x04
	.byte 0x04, 0x4F, 0xF1, 0x0A, 0x04, 0x4F, 0xF1, 0x14, 0xF6, 0x04, 0x04, 0x4D, 0xF1, 0x0A, 0x04, 0x4D
	.byte 0xF1, 0x14, 0xF6, 0x10, 0x04, 0x4B, 0xF1, 0x0A, 0x04, 0x4B, 0xF1, 0x14, 0xF6, 0x10, 0x04, 0x49
	.byte 0xF1, 0x0A, 0x04, 0x49, 0xF1, 0x14, 0xF6, 0x10, 0x04, 0x4B, 0xF1, 0x0A, 0x04, 0x4B, 0xF1, 0x14
	.byte 0xF6, 0x04, 0x04, 0x4D, 0xF1, 0x0A, 0x04, 0x4D, 0xF1, 0x14, 0xF6, 0x04, 0x04, 0x47, 0xF1, 0x0A
	.byte 0x04, 0x47, 0xF1, 0x14, 0xF6, 0x28, 0x04, 0x43, 0xF1, 0x0A, 0x04, 0x43, 0xF1, 0x14, 0xF6, 0x04
	.byte 0x04, 0x45, 0xF1, 0x0A, 0x04, 0x45, 0xF1, 0x14, 0xF6, 0x04, 0x04, 0x47, 0xF1, 0x0A, 0x04, 0x47
	.byte 0xF1, 0x14, 0xF6, 0x10, 0x04, 0x43, 0xF1, 0x0A, 0x04, 0x43, 0xF1, 0x14, 0xF6, 0x04, 0x04, 0x45
	.byte 0xF1, 0x0A, 0x04, 0x45, 0xF1, 0x14, 0xF6, 0x04, 0x04, 0x47, 0xF1, 0x0A, 0x04, 0x47, 0xF1, 0x14
	.byte 0xF6, 0x10, 0x04, 0x41, 0xF1, 0x0A, 0x04, 0x41, 0xF1, 0x14, 0xF6, 0x10, 0x04, 0x45, 0xF1, 0x0A
	.byte 0x04, 0x45, 0xF1, 0x14, 0xF6, 0x10, 0x04, 0x43, 0xF1, 0x0A, 0x04, 0x43, 0xF6, 0x28, 0xF6, 0xC0
	.byte 0xF1, 0x14, 0x02, 0x4E, 0x06, 0x4F, 0xF1, 0x0A, 0x04, 0x4F, 0xF1, 0x14, 0x02, 0x4E, 0x06, 0x4F
	.byte 0xF1, 0x0A, 0x04, 0x4F, 0xF1, 0x14, 0xF6, 0x18, 0x02, 0x4E, 0x06, 0x4F, 0xF1, 0x0A, 0x04, 0x4F
	.byte 0xF1, 0x14, 0x02, 0x4E, 0x06, 0x4F, 0xF1, 0x0A, 0x04, 0x4F, 0xF6, 0x78, 0xF6, 0xC0, 0xF1, 0x14
	.byte 0x02, 0x4E, 0x06, 0x4F, 0xF1, 0x0A, 0x04, 0x4F, 0xF1, 0x14, 0x02, 0x4E, 0x06, 0x4F, 0xF1, 0x0A
	.byte 0x04, 0x4F, 0xF1, 0x14, 0xF6, 0x18, 0x02, 0x4E, 0x06, 0x4F, 0xF1, 0x0A, 0x04, 0x4F, 0xF1, 0x14
	.byte 0x02, 0x4E, 0x06, 0x4F, 0xF1, 0x0A, 0x04, 0x4F, 0xF1, 0x14, 0xF6, 0x18, 0x02, 0x4E, 0x06, 0x4F
	.byte 0xF1, 0x0A, 0x04, 0x4F, 0xF1, 0x14, 0x02, 0x4E, 0x06, 0x4F, 0xF1, 0x0A, 0x04, 0x4F, 0xF1, 0x14
	.byte 0x04, 0x4D, 0xF1, 0x0A, 0x04, 0x4D, 0xF1, 0x14, 0xF6, 0x10, 0x02, 0x4E, 0x06, 0x4F, 0xF1, 0x0A
	.byte 0x04, 0x4F, 0xF6, 0x14, 0xF8, 0x57, 0xFD, 0xFF, 0xFC, 0x03, 0x12, 0x00, 0x41, 0x03, 0x99, 0x04
	.byte 0x2D, 0x06, 0x0B, 0x07, 0x31, 0x09, 0xF7, 0x0D, 0x2D, 0x0E, 0xF9, 0x38, 0xF6, 0x90, 0xF6, 0x90
	.byte 0xF6, 0x0C, 0xF0, 0x16, 0xF2, 0x8C, 0xF1, 0xA0, 0x0C, 0x34, 0x0C, 0x39, 0x0C, 0x3B, 0x0C, 0x3C
	.byte 0x0C, 0x3E, 0x00, 0xC0, 0x16, 0xF1, 0x50, 0x02, 0x40, 0xF1, 0xA0, 0x00, 0xB9, 0x10, 0xF1, 0x50
	.byte 0x00, 0xB9, 0x10, 0xF1, 0x28, 0x10, 0x39, 0xF1, 0xA0, 0x00, 0xBF, 0x16, 0xF1, 0x50, 0x02, 0x3F
	.byte 0xF1, 0xA0, 0x00, 0xB9, 0x10, 0xF1, 0x50, 0x00, 0xB9, 0x10, 0xF1, 0x28, 0x10, 0x39, 0xF1, 0xA0
	.byte 0x00, 0xBE, 0x16, 0xF1, 0x50, 0x02, 0x3E, 0xF1, 0xA0, 0x00, 0xB9, 0x10, 0xF1, 0x50, 0x00, 0xB9
	.byte 0x10, 0xF1, 0x28, 0x10, 0x39, 0xF1, 0xA0, 0xF6, 0x0C, 0x0C, 0x34, 0x0C, 0x39, 0x0C, 0x3B, 0x0C
	.byte 0x3C, 0x0C, 0x3E, 0x00, 0xC0, 0x16, 0xF1, 0x50, 0x02, 0x40, 0xF1, 0xA0, 0x00, 0xC5, 0x0A, 0xF1
	.byte 0x50, 0x0E, 0x45, 0xF1, 0xA0, 0x00, 0xC0, 0x0A, 0xF1, 0x50, 0x0E, 0x40, 0xF1, 0xA0, 0x00, 0xBF
	.byte 0x16, 0xF1, 0x50, 0x02, 0x3F, 0xF1, 0xA0, 0x00, 0xBB, 0x0A, 0xF1, 0x50, 0x0E, 0x3B, 0xF1, 0xA0
	.byte 0x00, 0xBF, 0x0A, 0xF1, 0x50, 0x0E, 0x3F, 0xF1, 0xA0, 0x0C, 0x3E, 0x00, 0xBC, 0x0A, 0xF1, 0x50
	.byte 0x02, 0x3C, 0xF1, 0xA0, 0x18, 0x3B, 0x00, 0xB9, 0x0A, 0xF1, 0x50, 0x0E, 0x39, 0xF1, 0xA0, 0xF6
	.byte 0x0C, 0xF0, 0x0C, 0xF2, 0x5A, 0xF1, 0xC8, 0x0A, 0x34, 0xF1, 0x50, 0x02, 0x34, 0xF1, 0xC8, 0x08
	.byte 0x39, 0xF1, 0x50, 0x04, 0x39, 0xF1, 0xC8, 0x0A, 0x3B, 0xF1, 0x50, 0x02, 0x3B, 0xF1, 0xC8, 0x0A
	.byte 0x3C, 0xF1, 0x50, 0x02, 0x3C, 0xF1, 0xC8, 0x0A, 0x3E, 0xF1, 0x50, 0x02, 0x3E, 0xF1, 0x32, 0x03
	.byte 0x40, 0x03, 0x40, 0xF1, 0x64, 0x03, 0x40, 0x03, 0x40, 0xF1, 0x96, 0x03, 0x40, 0x03, 0x40, 0xF1
	.byte 0xC8, 0x03, 0x40, 0xF1, 0x50, 0x03, 0x40, 0xF1, 0x32, 0x03, 0x39, 0x03, 0x39, 0xF1, 0x64, 0x03
	.byte 0x39, 0x03, 0x39, 0xF1, 0x96, 0x03, 0x39, 0x03, 0x39, 0xF1, 0xC8, 0x03, 0x39, 0x03, 0x39, 0x0C
	.byte 0x39, 0xF1, 0x50, 0x0C, 0x39, 0xF1, 0x32, 0x03, 0x3F, 0x03, 0x3F, 0xF1, 0x64, 0x03, 0x3F, 0x03
	.byte 0x3F, 0xF1, 0x96, 0x03, 0x3F, 0x03, 0x3F, 0xF1, 0xC8, 0x03, 0x3F, 0xF1, 0x50, 0x03, 0x3F, 0xF1
	.byte 0x32, 0x03, 0x39, 0x03, 0x39, 0xF1, 0x64, 0x03, 0x39, 0x03, 0x39, 0xF1, 0x96, 0x03, 0x39, 0x03
	.byte 0x39, 0xF1, 0xC8, 0x03, 0x39, 0x03, 0x39, 0x0C, 0x39, 0xF1, 0x50, 0x0C, 0x39, 0xF1, 0x32, 0x03
	.byte 0x3E, 0x03, 0x3E, 0xF1, 0x64, 0x03, 0x3E, 0x03, 0x3E, 0xF1, 0x96, 0x03, 0x3E, 0x03, 0x3E, 0xF1
	.byte 0xC8, 0x03, 0x3E, 0xF1, 0x50, 0x03, 0x3E, 0xF1, 0x32, 0x03, 0x39, 0x03, 0x39, 0xF1, 0x64, 0x03
	.byte 0x39, 0x03, 0x39, 0xF1, 0x96, 0x03, 0x39, 0x03, 0x39, 0xF1, 0xC8, 0x03, 0x39, 0x03, 0x39, 0x0C
	.byte 0x39, 0xF1, 0x50, 0x0C, 0x39, 0xF1, 0xC8, 0xF6, 0x0C, 0x0C, 0x34, 0x0A, 0x39, 0xF1, 0x50, 0x02
	.byte 0x39, 0xF1, 0xC8, 0x0C, 0x3B, 0x0C, 0x3C, 0x0C, 0x3E, 0xF1, 0x32, 0x03, 0x40, 0x03, 0x40, 0xF1
	.byte 0x64, 0x03, 0x40, 0x03, 0x40, 0xF1, 0x96, 0x03, 0x40, 0x03, 0x40, 0xF1, 0xC8, 0x03, 0x40, 0xF1
	.byte 0x50, 0x03, 0x40, 0xF1, 0x96, 0x0A, 0x45, 0xF1, 0x50, 0x0E, 0x45, 0xF1, 0x96, 0x0A, 0x40, 0xF1
	.byte 0x50, 0x0E, 0x40, 0xF1, 0x32, 0x03, 0x3F, 0x03, 0x3F, 0xF1, 0x64, 0x03, 0x3F, 0x03, 0x3F, 0xF1
	.byte 0x96, 0x03, 0x3F, 0x03, 0x3F, 0xF1, 0xC8, 0x03, 0x3F, 0xF1, 0x50, 0x03, 0x3F, 0xF1, 0xC8, 0x0A
	.byte 0x3B, 0xF1, 0x50, 0x0E, 0x3B, 0xF1, 0xC8, 0x0A, 0x3F, 0xF1, 0x50, 0x0E, 0x3F, 0xF1, 0xC8, 0x0C
	.byte 0x3E, 0x0A, 0x3C, 0xF1, 0x50, 0x02, 0x3C, 0xF1, 0x32, 0x03, 0x3B, 0x03, 0x3B, 0xF1, 0x64, 0x03
	.byte 0x3B, 0x03, 0x3B, 0xF1, 0x96, 0x03, 0x3B, 0x03, 0x3B, 0xF1, 0xC8, 0x03, 0x3B, 0xF1, 0x50, 0x03
	.byte 0x3B, 0xF1, 0xC8, 0x0C, 0x39, 0xF1, 0x3C, 0x0C, 0x39, 0xF0, 0x16, 0xF2, 0x8C, 0xF1, 0xA0, 0x0C
	.byte 0x38, 0x0C, 0x39, 0x0C, 0x38, 0x0C, 0x39, 0x0C, 0x3B, 0x00, 0xB8, 0x0A, 0xF1, 0x50, 0x02, 0x38
	.byte 0xF1, 0xA0, 0x00, 0xB9, 0x10, 0xF1, 0x50, 0x00, 0xB9, 0x10, 0xF1, 0x28, 0x10, 0x39, 0xF1, 0xA0
	.byte 0xF6, 0x18, 0x0C, 0x39, 0x0C, 0x3B, 0x0C, 0x39, 0x0C, 0x3B, 0x0C, 0x3C, 0x00, 0xB9, 0x0A, 0xF1
	.byte 0x50, 0x02, 0x39, 0xF1, 0xA0, 0x0C, 0x3B, 0x00, 0xB9, 0x0A, 0xF1, 0x50, 0x02, 0x39, 0xF1, 0xA0
	.byte 0x0C, 0x3E, 0x0C, 0x3C, 0x0C, 0x3B, 0x0C, 0x39, 0xF0, 0x0C, 0xF2, 0x5A, 0xF1, 0x96, 0x03, 0x38
	.byte 0x03, 0x38, 0xF1, 0xC8, 0x06, 0x38, 0x0C, 0x39, 0x0C, 0x38, 0x0C, 0x39, 0xF1, 0x64, 0x03, 0x3B
	.byte 0x03, 0x3B, 0xF1, 0x96, 0x03, 0x3B, 0x03, 0x3B, 0xF1, 0xC8, 0x0C, 0x38, 0xF1, 0x64, 0x03, 0x39
	.byte 0x03, 0x39, 0xF1, 0x96, 0x06, 0x39, 0x0C, 0x3B, 0xF1, 0xC8, 0x0C, 0x39, 0x0C, 0x3B, 0xF1, 0x64
	.byte 0x03, 0x3C, 0x03, 0x3C, 0xF1, 0x96, 0x03, 0x3C, 0x03, 0x3C, 0xF1, 0xC8, 0x0C, 0x39, 0xF1, 0x32
	.byte 0x03, 0x3B, 0x03, 0x3B, 0xF1, 0x50, 0x03, 0x3B, 0x03, 0x3B, 0xF1, 0x64, 0x03, 0x3B, 0x03, 0x3B
	.byte 0xF1, 0x78, 0x03, 0x3B, 0x03, 0x3B, 0xF1, 0x96, 0x03, 0x3B, 0x03, 0x3B, 0xF1, 0xB4, 0x03, 0x3B
	.byte 0x03, 0x3B, 0xF1, 0xC8, 0x03, 0x3B, 0x03, 0x3B, 0x03, 0x3B, 0x03, 0x3B, 0xF1, 0xB4, 0x03, 0x3B
	.byte 0x03, 0x3B, 0xF1, 0x96, 0x03, 0x3B, 0x03, 0x3B, 0xF1, 0x78, 0x03, 0x3B, 0x03, 0x3B, 0xF1, 0x96
	.byte 0x03, 0x3B, 0x03, 0x3B, 0xF1, 0xC8, 0x18, 0x3B, 0xF1, 0x3C, 0x18, 0x3B, 0xF6, 0x18, 0xF6, 0x0C
	.byte 0xF0, 0x16, 0xF2, 0x8C, 0xF1, 0xA0, 0x0C, 0x34, 0x0C, 0x39, 0x0C, 0x3B, 0x0C, 0x3C, 0x0C, 0x3E
	.byte 0x00, 0xC0, 0x16, 0xF1, 0x50, 0x02, 0x40, 0xF1, 0xA0, 0x00, 0xB9, 0x10, 0xF1, 0x50, 0x00, 0xB9
	.byte 0x10, 0xF1, 0x28, 0x10, 0x39, 0xF8, 0xFF, 0xFC, 0xFF, 0xF9, 0x38, 0xF6, 0x01, 0xF0, 0x19, 0xF1
	.byte 0xFA, 0x00, 0xB9, 0x0D, 0xF1, 0x64, 0x0D, 0x39, 0xF1, 0xFA, 0xF6, 0x2E, 0x00, 0xB9, 0x0D, 0xF1
	.byte 0x64, 0x0D, 0x39, 0xF1, 0xFA, 0xF6, 0x2E, 0x00, 0xB9, 0x0D, 0xF1, 0x64, 0x0D, 0x39, 0xF1, 0xFA
	.byte 0xF6, 0x2E, 0x00, 0xB9, 0x0D, 0xF1, 0x64, 0x0D, 0x39, 0xF1, 0xFA, 0xF6, 0x2E, 0x00, 0xB9, 0x0D
	.byte 0xF1, 0x64, 0x0D, 0x39, 0xF1, 0xFA, 0xF6, 0x2E, 0x00, 0xB9, 0x0D, 0xF1, 0x64, 0x0D, 0x39, 0xF1
	.byte 0xFA, 0xF6, 0x2D, 0xF6, 0x01, 0x00, 0xB9, 0x0D, 0xF1, 0x64, 0x0D, 0x39, 0xF1, 0xFA, 0xF6, 0x2E
	.byte 0x00, 0xB9, 0x0D, 0xF1, 0x64, 0x0D, 0x39, 0xF1, 0xFA, 0xF6, 0x2E, 0x00, 0xB9, 0x0D, 0xF1, 0x64
	.byte 0x0D, 0x39, 0xF1, 0xFA, 0xF6, 0x2E, 0x00, 0xB9, 0x0D, 0xF1, 0x64, 0x0D, 0x39, 0xF1, 0xFA, 0xF6
	.byte 0x2E, 0x00, 0xB9, 0x0D, 0xF1, 0x64, 0x0D, 0x39, 0xF1, 0xFA, 0xF6, 0x2E, 0x00, 0xB9, 0x0D, 0xF1
	.byte 0x64, 0x0D, 0x39, 0xF1, 0xFA, 0xF6, 0x2E, 0x00, 0xB9, 0x0D, 0xF1, 0x64, 0x0D, 0x39, 0xF1, 0xFA
	.byte 0xF6, 0x2E, 0x00, 0xB9, 0x0D, 0xF1, 0x64, 0x0D, 0x39, 0xF1, 0xFA, 0xF6, 0x2E, 0x00, 0xB9, 0x0D
	.byte 0xF1, 0x64, 0x0D, 0x39, 0xF1, 0xFA, 0xF6, 0x2E, 0x00, 0xB9, 0x0D, 0xF1, 0x64, 0x0D, 0x39, 0xF1
	.byte 0xFA, 0xF6, 0x2E, 0x00, 0xB9, 0x0D, 0xF1, 0x64, 0x0D, 0x39, 0xF1, 0xFA, 0xF6, 0x2E, 0x00, 0xB9
	.byte 0x0D, 0xF1, 0x64, 0x0D, 0x39, 0xF1, 0xFA, 0xF6, 0x2E, 0x00, 0xB9, 0x0D, 0xF1, 0x64, 0x0D, 0x39
	.byte 0xF1, 0xFA, 0xF6, 0x2E, 0x00, 0xB9, 0x0D, 0xF1, 0x64, 0x0D, 0x39, 0xF1, 0xFA, 0xF6, 0x2E, 0x00
	.byte 0xC0, 0x0C, 0xF1, 0x64, 0x0C, 0x40, 0xF1, 0xFF, 0xF6, 0x30, 0x00, 0xBF, 0x0C, 0xF1, 0x64, 0x0C
	.byte 0x3F, 0xF1, 0xFF, 0xF6, 0x30, 0x00, 0xBF, 0x0C, 0xF1, 0x64, 0x0C, 0x3F, 0xF1, 0xFF, 0xF6, 0x30
	.byte 0x00, 0xBE, 0x0C, 0xF1, 0x64, 0x0C, 0x3E, 0xF1, 0xFF, 0xF6, 0x30, 0x00, 0xC0, 0x0C, 0xF1, 0x64
	.byte 0x0C, 0x40, 0xF1, 0xFF, 0xF6, 0x30, 0x00, 0xBF, 0x0C, 0xF1, 0x64, 0x0C, 0x3F, 0xF1, 0xFF, 0xF6
	.byte 0x30, 0x00, 0xC0, 0x0C, 0xF1, 0x64, 0x0C, 0x40, 0xF1, 0xFF, 0xF6, 0x30, 0x00, 0xC0, 0x0C, 0xF1
	.byte 0x64, 0x0C, 0x40, 0xF1, 0xFF, 0xF6, 0x30, 0x00, 0xB9, 0x0D, 0xF1, 0x64, 0x0D, 0x39, 0xF1, 0xFA
	.byte 0xF6, 0x2E, 0x00, 0xB9, 0x0D, 0xF1, 0x64, 0x0D, 0x39, 0xF1, 0xFA, 0xF6, 0x2D, 0xF8, 0xF3, 0xFE
	.byte 0xFF, 0xF9, 0x38, 0xF6, 0x17, 0xF0, 0x0F, 0xF2, 0x50, 0xF1, 0xDC, 0x18, 0x3F, 0x00, 0xC0, 0x0C
	.byte 0xF1, 0x3C, 0x0C, 0x40, 0xF6, 0x18, 0xF1, 0xDC, 0x18, 0x3F, 0x00, 0xC0, 0x0C, 0xF1, 0x3C, 0x0C
	.byte 0x40, 0xF6, 0x18, 0xF1, 0xDC, 0x18, 0x3F, 0x00, 0xC0, 0x0C, 0xF1, 0x3C, 0x0C, 0x40, 0xF6, 0x18
	.byte 0xF1, 0xDC, 0x18, 0x3F, 0x00, 0xC0, 0x0C, 0xF1, 0x3C, 0x0C, 0x40, 0xF6, 0x18, 0xF1, 0xDC, 0x18
	.byte 0x3F, 0x00, 0xC0, 0x0C, 0xF1, 0x3C, 0x0C, 0x40, 0xF6, 0x18, 0xF1, 0xDC, 0x18, 0x3F, 0x00, 0xC0
	.byte 0x0C, 0xF1, 0x3C, 0x0C, 0x40, 0xF6, 0x01, 0xF6, 0x17, 0xF1, 0xDC, 0x18, 0x3F, 0x00, 0xBF, 0x0C
	.byte 0xF1, 0x3C, 0x0C, 0x3F, 0xF6, 0x18, 0xF1, 0xDC, 0x18, 0x3E, 0x00, 0xBE, 0x0C, 0xF1, 0x3C, 0x0C
	.byte 0x3E, 0xF6, 0x18, 0xF1, 0xDC, 0x18, 0x3F, 0x00, 0xC0, 0x0C, 0xF1, 0x3C, 0x0C, 0x40, 0xF6, 0x18
	.byte 0xF1, 0xDC, 0x18, 0x3F, 0x00, 0xC0, 0x0C, 0xF1, 0x3C, 0x0C, 0x40, 0xF6, 0x18, 0xF1, 0xDC, 0x18
	.byte 0x3F, 0x00, 0xBF, 0x0C, 0xF1, 0x3C, 0x0C, 0x3F, 0xF6, 0x18, 0xF1, 0xDC, 0x18, 0x3E, 0x00, 0xBE
	.byte 0x0C, 0xF1, 0x3C, 0x0C, 0x3E, 0xF6, 0x18, 0xF1, 0xDC, 0x18, 0x3F, 0x00, 0xC0, 0x0C, 0xF1, 0x3C
	.byte 0x0C, 0x40, 0xF6, 0x18, 0xF1, 0xDC, 0x18, 0x3F, 0x00, 0xC0, 0x0C, 0xF1, 0x3C, 0x0C, 0x40, 0xF6
	.byte 0x18, 0xF1, 0xDC, 0x18, 0x3F, 0x00, 0xBF, 0x0C, 0xF1, 0x3C, 0x0C, 0x3F, 0xF6, 0x18, 0xF1, 0xDC
	.byte 0x18, 0x3E, 0x00, 0xBE, 0x0C, 0xF1, 0x3C, 0x0C, 0x3E, 0xF6, 0x18, 0xF1, 0xDC, 0x18, 0x3F, 0x00
	.byte 0xC0, 0x0C, 0xF1, 0x3C, 0x0C, 0x40, 0xF6, 0x18, 0xF1, 0xDC, 0x18, 0x3F, 0x00, 0xC0, 0x0C, 0xF1
	.byte 0x3C, 0x0C, 0x40, 0xF6, 0x18, 0xF1, 0xDC, 0x18, 0x3F, 0x00, 0xBF, 0x0C, 0xF1, 0x3C, 0x0C, 0x3F
	.byte 0xF6, 0x18, 0xF1, 0xDC, 0x18, 0x3E, 0x00, 0xBE, 0x0C, 0xF1, 0x3C, 0x0C, 0x3E, 0xF6, 0x18, 0xF1
	.byte 0xDC, 0x18, 0x3B, 0x00, 0xBB, 0x0C, 0xF1, 0x3C, 0x0C, 0x3B, 0xF6, 0x18, 0xF1, 0xDC, 0x18, 0x39
	.byte 0x00, 0xBC, 0x0C, 0xF1, 0x3C, 0x0C, 0x3C, 0xF6, 0x18, 0xF1, 0xDC, 0x18, 0x39, 0x00, 0xB9, 0x0C
	.byte 0xF1, 0x3C, 0x0C, 0x39, 0xF6, 0x18, 0xF1, 0xDC, 0x18, 0x39, 0x00, 0xBE, 0x0C, 0xF1, 0x3C, 0x0C
	.byte 0x3E, 0xF6, 0x18, 0xF1, 0xDC, 0x18, 0x38, 0x00, 0xBB, 0x0C, 0xF1, 0x3C, 0x0C, 0x3B, 0xF6, 0x18
	.byte 0xF1, 0xDC, 0x18, 0x39, 0x00, 0xBC, 0x0C, 0xF1, 0x3C, 0x0C, 0x3C, 0xF6, 0x18, 0xF1, 0xDC, 0x18
	.byte 0x38, 0x00, 0xBB, 0x0C, 0xF1, 0x3C, 0x0C, 0x3B, 0xF6, 0x18, 0xF1, 0xDC, 0x18, 0x3B, 0x00, 0xBE
	.byte 0x0C, 0xF1, 0x3C, 0x0C, 0x3E, 0xF6, 0x18, 0xF1, 0xDC, 0x18, 0x3F, 0x00, 0xC0, 0x0C, 0xF1, 0x3C
	.byte 0x0C, 0x40, 0xF6, 0x18, 0xF1, 0xDC, 0x18, 0x3F, 0x00, 0xC0, 0x0C, 0xF1, 0x3C, 0x0C, 0x40, 0xF6
	.byte 0x01, 0xF8, 0xC3, 0xFE, 0xFF, 0xF9, 0x38, 0xF6, 0x16, 0xF0, 0x0F, 0xF2, 0xC8, 0xF1, 0xC8, 0x18
	.byte 0x3B, 0x0C, 0x3C, 0xF6, 0x24, 0x18, 0x3B, 0x0C, 0x3C, 0xF6, 0x0C, 0xF6, 0x18, 0x18, 0x3B, 0x0C
	.byte 0x3C, 0xF6, 0x24, 0x18, 0x3B, 0x0C, 0x3C, 0xF6, 0x0C, 0xF6, 0x18, 0x18, 0x3B, 0x0C, 0x3C, 0xF6
	.byte 0x24, 0x18, 0x3B, 0x0C, 0x3C, 0xF6, 0x0E, 0xF6, 0x16, 0x18, 0x39, 0x0C, 0x3B, 0xF6, 0x24, 0x18
	.byte 0x39, 0x0C, 0x3B, 0xF6, 0x0C, 0xF6, 0x18, 0x18, 0x3B, 0x0C, 0x3C, 0xF6, 0x24, 0x18, 0x3B, 0x0C
	.byte 0x3C, 0xF6, 0x0C, 0xF6, 0x18, 0x18, 0x39, 0x0C, 0x3B, 0xF6, 0x24, 0x18, 0x35, 0x0C, 0x35, 0xF6
	.byte 0x0C, 0xF6, 0x18, 0x18, 0x3B, 0x0C, 0x3C, 0xF6, 0x24, 0x18, 0x3B, 0x0C, 0x3C, 0xF6, 0x0C, 0xF6
	.byte 0x18, 0x18, 0x39, 0x0C, 0x3B, 0xF6, 0x24, 0x18, 0x39, 0x0C, 0x3B, 0xF6, 0x0C, 0xF6, 0x18, 0x18
	.byte 0x3B, 0x0C, 0x3C, 0xF6, 0x24, 0x18, 0x3B, 0x0C, 0x3C, 0xF6, 0x0C, 0xF6, 0x18, 0x18, 0x39, 0x0C
	.byte 0x3B, 0xF6, 0x24, 0x18, 0x35, 0x0C, 0x35, 0xF6, 0x0C, 0xF6, 0x18, 0x18, 0x38, 0x0C, 0x38, 0xF6
	.byte 0x24, 0x18, 0x36, 0x0C, 0x39, 0xF6, 0x0C, 0xF6, 0x18, 0x18, 0x36, 0x0C, 0x36, 0xF6, 0x24, 0x18
	.byte 0x35, 0x0C, 0x39, 0xF6, 0x0C, 0xF6, 0x18, 0x18, 0x34, 0x0C, 0x38, 0xF6, 0x24, 0x18, 0x36, 0x0C
	.byte 0x33, 0xF6, 0x0C, 0xF6, 0x18, 0x18, 0x34, 0x0C, 0x38, 0xF6, 0x24, 0x18, 0x38, 0x0C, 0x3B, 0xF6
	.byte 0x0C, 0xF6, 0x18, 0x18, 0x3B, 0x0C, 0x3C, 0xF6, 0x24, 0x18, 0x3B, 0x0C, 0x3C, 0xF6, 0x0E, 0xF8
	.byte 0x55, 0xFF, 0xFF, 0xF9, 0x38, 0xF6, 0x19, 0xF0, 0x00, 0xF2, 0x82, 0xF1, 0x50, 0x0C, 0x37, 0xF1
	.byte 0x14, 0x0C, 0x37, 0xF1, 0x50, 0x0C, 0x35, 0xF1, 0x14, 0x0C, 0x35, 0xF1, 0x50, 0xF6, 0x18, 0x0C
	.byte 0x37, 0xF1, 0x14, 0x0C, 0x37, 0xF1, 0x50, 0x0C, 0x35, 0x0C, 0x35, 0xF1, 0x14, 0x0C, 0x35, 0xF1
	.byte 0x50, 0xF6, 0x0C, 0x0C, 0x37, 0xF1, 0x14, 0x0C, 0x37, 0xF1, 0x50, 0x0C, 0x35, 0xF1, 0x14, 0x0C
	.byte 0x35, 0xF1, 0x50, 0xF6, 0x18, 0x0C, 0x37, 0xF1, 0x14, 0x0C, 0x37, 0xF1, 0x50, 0x0C, 0x35, 0x0C
	.byte 0x35, 0xF1, 0x14, 0x0C, 0x35, 0xF1, 0x50, 0xF6, 0x0C, 0x0C, 0x37, 0xF1, 0x14, 0x0C, 0x37, 0xF1
	.byte 0x50, 0x0C, 0x35, 0xF1, 0x14, 0x0C, 0x35, 0xF1, 0x50, 0xF6, 0x18, 0x0C, 0x37, 0xF1, 0x14, 0x0C
	.byte 0x37, 0xF1, 0x50, 0x0C, 0x35, 0x0C, 0x35, 0xF1, 0x14, 0x0C, 0x35, 0xF1, 0x50, 0xF6, 0x0C, 0x0C
	.byte 0x37, 0xF1, 0x14, 0x0C, 0x37, 0xF1, 0x50, 0x0C, 0x35, 0xF1, 0x14, 0x0C, 0x35, 0xF1, 0x50, 0xF6
	.byte 0x18, 0x0C, 0x37, 0xF1, 0x14, 0x0C, 0x37, 0xF1, 0x50, 0x0C, 0x35, 0x0C, 0x35, 0xF1, 0x14, 0x0C
	.byte 0x35, 0xF1, 0x50, 0xF6, 0x0C, 0x0C, 0x37, 0xF1, 0x14, 0x0C, 0x37, 0xF1, 0x50, 0x0C, 0x35, 0xF1
	.byte 0x14, 0x0C, 0x35, 0xF1, 0x50, 0xF6, 0x18, 0x0C, 0x37, 0xF1, 0x14, 0x0C, 0x37, 0xF1, 0x50, 0x0C
	.byte 0x35, 0x0C, 0x35, 0xF1, 0x14, 0x0C, 0x35, 0xF1, 0x50, 0xF6, 0x0C, 0x0C, 0x37, 0xF1, 0x14, 0x0C
	.byte 0x37, 0xF1, 0x50, 0x0C, 0x35, 0xF1, 0x14, 0x0C, 0x35, 0xF1, 0x50, 0xF6, 0x18, 0x0C, 0x37, 0xF1
	.byte 0x14, 0x0C, 0x37, 0xF1, 0x50, 0x0C, 0x35, 0x0C, 0x35, 0xF1, 0x14, 0x0C, 0x35, 0xF1, 0x50, 0xF6
	.byte 0x0C, 0x0C, 0x37, 0xF1, 0x14, 0x0C, 0x37, 0xF1, 0x50, 0x0C, 0x35, 0xF1, 0x14, 0x0C, 0x35, 0xF1
	.byte 0x50, 0xF6, 0x18, 0x0C, 0x37, 0xF1, 0x14, 0x0C, 0x37, 0xF1, 0x50, 0x0C, 0x35, 0x0C, 0x35, 0xF1
	.byte 0x14, 0x0C, 0x35, 0xF1, 0x50, 0xF6, 0x0C, 0x0C, 0x37, 0xF1, 0x14, 0x0C, 0x37, 0xF1, 0x50, 0x0C
	.byte 0x35, 0xF1, 0x14, 0x0C, 0x35, 0xF1, 0x50, 0xF6, 0x18, 0x0C, 0x37, 0xF1, 0x14, 0x0C, 0x37, 0xF1
	.byte 0x50, 0x0C, 0x35, 0x0C, 0x35, 0xF1, 0x14, 0x0C, 0x35, 0xF1, 0x50, 0xF6, 0x0C, 0x0C, 0x37, 0xF1
	.byte 0x14, 0x0C, 0x37, 0xF1, 0x50, 0x0C, 0x35, 0xF1, 0x14, 0x0C, 0x35, 0xF1, 0x50, 0xF6, 0x18, 0x0C
	.byte 0x37, 0xF1, 0x14, 0x0C, 0x37, 0xF1, 0x50, 0x0C, 0x35, 0x0C, 0x35, 0xF1, 0x14, 0x0C, 0x35, 0xF1
	.byte 0x50, 0xF6, 0x0C, 0x0C, 0x37, 0xF1, 0x14, 0x0C, 0x37, 0xF1, 0x50, 0x0C, 0x35, 0xF1, 0x14, 0x0C
	.byte 0x35, 0xF1, 0x50, 0xF6, 0x18, 0x0C, 0x37, 0xF1, 0x14, 0x0C, 0x37, 0xF1, 0x50, 0x0C, 0x35, 0x0C
	.byte 0x35, 0xF6, 0x01, 0xF1, 0x14, 0x0C, 0x35, 0xF1, 0x50, 0xF6, 0x0C, 0x0C, 0x37, 0xF1, 0x14, 0x0C
	.byte 0x37, 0xF1, 0x50, 0x0C, 0x35, 0xF1, 0x14, 0x0C, 0x35, 0xF1, 0x50, 0xF6, 0x48, 0xF6, 0x18, 0x0C
	.byte 0x37, 0xF1, 0x14, 0x0C, 0x37, 0xF1, 0x50, 0x0C, 0x35, 0x0C, 0x35, 0xF1, 0x14, 0x0C, 0x35, 0xF1
	.byte 0x50, 0xF6, 0x3C, 0xF1, 0x14, 0x0C, 0x35, 0xF1, 0x50, 0xF6, 0x0C, 0x0C, 0x37, 0xF1, 0x14, 0x0C
	.byte 0x37, 0xF1, 0x50, 0x0C, 0x35, 0xF1, 0x14, 0x0C, 0x35, 0xF1, 0x50, 0xF6, 0x18, 0x0C, 0x37, 0xF1
	.byte 0x14, 0x0C, 0x37, 0xF1, 0x50, 0x0C, 0x35, 0x0C, 0x35, 0xF1, 0x14, 0x0C, 0x35, 0xF1, 0x50, 0xF6
	.byte 0x0C, 0x0C, 0x37, 0xF1, 0x14, 0x0C, 0x37, 0xF1, 0x50, 0x0C, 0x35, 0xF1, 0x14, 0x0C, 0x35, 0xF1
	.byte 0x50, 0xF6, 0x18, 0x0C, 0x37, 0xF1, 0x14, 0x0C, 0x37, 0xF1, 0x50, 0x0C, 0x35, 0x0C, 0x35, 0xF1
	.byte 0x14, 0x0C, 0x35, 0xF1, 0x50, 0xF6, 0x0C, 0x0C, 0x37, 0xF1, 0x14, 0x0C, 0x37, 0xF1, 0x50, 0x0C
	.byte 0x35, 0xF1, 0x14, 0x0C, 0x35, 0xF1, 0x50, 0xF6, 0x18, 0x0C, 0x37, 0xF1, 0x14, 0x0C, 0x37, 0xF1
	.byte 0x50, 0x0C, 0x35, 0x0B, 0x35, 0xF8, 0x4F, 0xFE, 0xFF, 0xF9, 0x38, 0xF6, 0x18, 0xF0, 0x00, 0xF2
	.byte 0x50, 0xF1, 0x14, 0x02, 0x40, 0x02, 0x40, 0x02, 0x40, 0xF1, 0x28, 0x02, 0x40, 0x02, 0x40, 0x02
	.byte 0x40, 0xF1, 0x3C, 0x02, 0x40, 0x02, 0x40, 0x02, 0x40, 0xF1, 0x50, 0x02, 0x40, 0x02, 0x40, 0x02
	.byte 0x40, 0xF1, 0x64, 0x18, 0x40, 0xF1, 0x1E, 0x0C, 0x40, 0xF1, 0x14, 0xF6, 0x0C, 0x02, 0x40, 0x02
	.byte 0x40, 0x02, 0x40, 0xF1, 0x28, 0x02, 0x40, 0x02, 0x40, 0x02, 0x40, 0xF1, 0x3C, 0x02, 0x40, 0x02
	.byte 0x40, 0x02, 0x40, 0xF1, 0x50, 0x02, 0x40, 0x02, 0x40, 0x02, 0x40, 0xF1, 0x64, 0x0C, 0x40, 0x0C
	.byte 0x40, 0xF1, 0x1E, 0x0C, 0x40, 0xF6, 0x0C, 0xF1, 0x14, 0x02, 0x40, 0x02, 0x40, 0x02, 0x40, 0xF1
	.byte 0x28, 0x02, 0x40, 0x02, 0x40, 0x02, 0x40, 0xF1, 0x3C, 0x02, 0x40, 0x02, 0x40, 0x02, 0x40, 0xF1
	.byte 0x50, 0x02, 0x40, 0x02, 0x40, 0x02, 0x40, 0xF1, 0x64, 0x18, 0x40, 0xF1, 0x1E, 0x0C, 0x40, 0xF1
	.byte 0x14, 0xF6, 0x0C, 0x02, 0x40, 0x02, 0x40, 0x02, 0x40, 0xF1, 0x28, 0x02, 0x40, 0x02, 0x40, 0x02
	.byte 0x40, 0xF1, 0x3C, 0x02, 0x40, 0x02, 0x40, 0x02, 0x40, 0xF1, 0x50, 0x02, 0x40, 0x02, 0x40, 0x02
	.byte 0x40, 0xF1, 0x64, 0x0C, 0x40, 0x0C, 0x40, 0xF1, 0x1E, 0x0C, 0x40, 0xF6, 0x0C, 0xF1, 0x14, 0x02
	.byte 0x40, 0x02, 0x40, 0x02, 0x40, 0xF1, 0x28, 0x02, 0x40, 0x02, 0x40, 0x02, 0x40, 0xF1, 0x3C, 0x02
	.byte 0x40, 0x02, 0x40, 0x02, 0x40, 0xF1, 0x50, 0x02, 0x40, 0x02, 0x40, 0x02, 0x40, 0xF1, 0x64, 0x18
	.byte 0x40, 0xF1, 0x1E, 0x0C, 0x40, 0xF1, 0x14, 0xF6, 0x0C, 0x02, 0x40, 0x02, 0x40, 0x02, 0x40, 0xF1
	.byte 0x28, 0x02, 0x40, 0x02, 0x40, 0x02, 0x40, 0xF1, 0x3C, 0x02, 0x40, 0x02, 0x40, 0x02, 0x40, 0xF1
	.byte 0x50, 0x02, 0x40, 0x02, 0x40, 0x02, 0x40, 0xF1, 0x64, 0x0C, 0x40, 0x0C, 0x40, 0xF1, 0x1E, 0x0C
	.byte 0x40, 0xF6, 0x0C, 0xF1, 0x14, 0x02, 0x40, 0x02, 0x40, 0x02, 0x40, 0xF1, 0x28, 0x02, 0x40, 0x02
	.byte 0x40, 0x02, 0x40, 0xF1, 0x3C, 0x02, 0x40, 0x02, 0x40, 0x02, 0x40, 0xF1, 0x50, 0x02, 0x40, 0x02
	.byte 0x40, 0x02, 0x40, 0xF1, 0x64, 0x18, 0x40, 0xF1, 0x1E, 0x0C, 0x40, 0xF1, 0x14, 0xF6, 0x0C, 0x02
	.byte 0x40, 0x02, 0x40, 0x02, 0x40, 0xF1, 0x28, 0x02, 0x40, 0x02, 0x40, 0x02, 0x40, 0xF1, 0x3C, 0x02
	.byte 0x40, 0x02, 0x40, 0x02, 0x40, 0xF1, 0x50, 0x02, 0x40, 0x02, 0x40, 0x02, 0x40, 0xF1, 0x64, 0x0C
	.byte 0x40, 0x0C, 0x40, 0xF1, 0x1E, 0x0C, 0x40, 0xF6, 0x0C, 0xF1, 0x14, 0x02, 0x40, 0x02, 0x40, 0x02
	.byte 0x40, 0xF1, 0x28, 0x02, 0x40, 0x02, 0x40, 0x02, 0x40, 0xF1, 0x3C, 0x02, 0x40, 0x02, 0x40, 0x02
	.byte 0x40, 0xF1, 0x50, 0x02, 0x40, 0x02, 0x40, 0x02, 0x40, 0xF1, 0x64, 0x18, 0x40, 0xF1, 0x1E, 0x0C
	.byte 0x40, 0xF1, 0x14, 0x0C, 0x40, 0x02, 0x40, 0x02, 0x40, 0x02, 0x40, 0xF1, 0x28, 0x02, 0x40, 0x02
	.byte 0x40, 0x02, 0x40, 0xF1, 0x3C, 0x02, 0x40, 0x02, 0x40, 0x02, 0x40, 0xF1, 0x50, 0x02, 0x40, 0x02
	.byte 0x40, 0x02, 0x40, 0xF1, 0x64, 0x0C, 0x40, 0x0C, 0x40, 0xF1, 0x1E, 0x0C, 0x40, 0xF6, 0x0C, 0xF1
	.byte 0x14, 0x02, 0x40, 0x02, 0x40, 0x02, 0x40, 0xF1, 0x28, 0x02, 0x40, 0x02, 0x40, 0x02, 0x40, 0xF1
	.byte 0x3C, 0x02, 0x40, 0x02, 0x40, 0x02, 0x40, 0xF1, 0x50, 0x02, 0x40, 0x02, 0x40, 0x02, 0x40, 0xF1
	.byte 0x64, 0x18, 0x40, 0xF1, 0x1E, 0x0C, 0x40, 0xF1, 0x14, 0x0C, 0x40, 0x02, 0x40, 0x02, 0x40, 0x02
	.byte 0x40, 0xF1, 0x28, 0x02, 0x40, 0x02, 0x40, 0x02, 0x40, 0xF1, 0x3C, 0x02, 0x40, 0x02, 0x40, 0x02
	.byte 0x40, 0xF1, 0x50, 0x02, 0x40, 0x02, 0x40, 0x02, 0x40, 0xF1, 0x64, 0x0C, 0x40, 0x0C, 0x40, 0xF1
	.byte 0x1E, 0x0C, 0x40, 0xF6, 0x0C, 0xF1, 0x14, 0x02, 0x40, 0x02, 0x40, 0x02, 0x40, 0xF1, 0x28, 0x02
	.byte 0x40, 0x02, 0x40, 0x02, 0x40, 0xF1, 0x3C, 0x02, 0x40, 0x02, 0x40, 0x02, 0x40, 0xF1, 0x50, 0x02
	.byte 0x40, 0x02, 0x40, 0x02, 0x40, 0xF1, 0x64, 0x0C, 0x40, 0xF1, 0x1E, 0x0C, 0x40, 0xF1, 0x14, 0xF6
	.byte 0x18, 0x02, 0x40, 0x02, 0x40, 0x02, 0x40, 0xF1, 0x28, 0x02, 0x40, 0x02, 0x40, 0x02, 0x40, 0xF1
	.byte 0x3C, 0x02, 0x40, 0x02, 0x40, 0x02, 0x40, 0xF1, 0x50, 0x02, 0x40, 0x02, 0x40, 0x02, 0x40, 0xF1
	.byte 0x64, 0x0C, 0x40, 0x0C, 0x40, 0xF1, 0x1E, 0x0C, 0x40, 0xF6, 0x0C, 0xF1, 0x14, 0x02, 0x40, 0x02
	.byte 0x40, 0x02, 0x40, 0xF1, 0x28, 0x02, 0x40, 0x02, 0x40, 0x02, 0x40, 0xF1, 0x3C, 0x02, 0x40, 0x02
	.byte 0x40, 0x02, 0x40, 0xF1, 0x50, 0x02, 0x40, 0x02, 0x40, 0x02, 0x40, 0xF1, 0x64, 0x0C, 0x40, 0xF1
	.byte 0x1E, 0x0C, 0x40, 0xF1, 0x14, 0xF6, 0x18, 0x02, 0x40, 0x02, 0x40, 0x02, 0x40, 0xF1, 0x28, 0x02
	.byte 0x40, 0x02, 0x40, 0x02, 0x40, 0xF1, 0x3C, 0x02, 0x40, 0x02, 0x40, 0x02, 0x40, 0xF1, 0x50, 0x02
	.byte 0x40, 0x02, 0x40, 0x02, 0x40, 0xF1, 0x64, 0x0C, 0x40, 0x0C, 0x40, 0xF1, 0x1E, 0x0C, 0x40, 0xF6
	.byte 0x0C, 0xF1, 0x14, 0x02, 0x40, 0x02, 0x40, 0x02, 0x40, 0xF1, 0x28, 0x02, 0x40, 0x02, 0x40, 0x02
	.byte 0x40, 0xF1, 0x3C, 0x02, 0x40, 0x02, 0x40, 0x02, 0x40, 0xF1, 0x50, 0x02, 0x40, 0x02, 0x40, 0x02
	.byte 0x40, 0xF1, 0x64, 0x0C, 0x40, 0xF1, 0x1E, 0x0C, 0x40, 0xF1, 0x14, 0xF6, 0x18, 0x02, 0x40, 0x02
	.byte 0x40, 0x02, 0x40, 0xF1, 0x28, 0x02, 0x40, 0x02, 0x40, 0x02, 0x40, 0xF1, 0x3C, 0x02, 0x40, 0x02
	.byte 0x40, 0x02, 0x40, 0xF1, 0x50, 0x02, 0x40, 0x02, 0x40, 0x02, 0x40, 0xF1, 0x64, 0x0C, 0x40, 0x0C
	.byte 0x40, 0xF1, 0x1E, 0x0C, 0x40, 0xF6, 0x0C, 0xF1, 0x14, 0x02, 0x40, 0x02, 0x40, 0x02, 0x40, 0xF1
	.byte 0x28, 0x02, 0x40, 0x02, 0x40, 0x02, 0x40, 0xF1, 0x3C, 0x02, 0x40, 0x02, 0x40, 0x02, 0x40, 0xF1
	.byte 0x50, 0x02, 0x40, 0x02, 0x40, 0x02, 0x40, 0xF1, 0x64, 0x0C, 0x40, 0xF1, 0x1E, 0x0C, 0x40, 0xF1
	.byte 0x14, 0xF6, 0x18, 0x02, 0x40, 0x02, 0x40, 0x02, 0x40, 0xF1, 0x28, 0x02, 0x40, 0x02, 0x40, 0x02
	.byte 0x40, 0xF1, 0x3C, 0x02, 0x40, 0x02, 0x40, 0x02, 0x40, 0xF1, 0x50, 0x02, 0x40, 0x02, 0x40, 0x02
	.byte 0x40, 0xF1, 0x64, 0x0C, 0x40, 0x0C, 0x40, 0xF1, 0x1E, 0x0C, 0x40, 0xF6, 0x54, 0xF1, 0x14, 0x02
	.byte 0x40, 0x02, 0x40, 0x02, 0x40, 0xF1, 0x28, 0x02, 0x40, 0x02, 0x40, 0x02, 0x40, 0xF1, 0x3C, 0x02
	.byte 0x40, 0x02, 0x40, 0x02, 0x40, 0xF1, 0x50, 0x02, 0x40, 0x02, 0x40, 0x02, 0x40, 0xF1, 0x64, 0x0C
	.byte 0x40, 0xF6, 0x0C, 0xF1, 0x1E, 0x0C, 0x40, 0xF6, 0x54, 0xF1, 0x14, 0x02, 0x40, 0x02, 0x40, 0x02
	.byte 0x40, 0xF1, 0x28, 0x02, 0x40, 0x02, 0x40, 0x02, 0x40, 0xF1, 0x3C, 0x02, 0x40, 0x02, 0x40, 0x02
	.byte 0x40, 0xF1, 0x50, 0x02, 0x40, 0x02, 0x40, 0x02, 0x40, 0xF1, 0x64, 0x0C, 0x40, 0x0C, 0x40, 0xF1
	.byte 0x1E, 0x0C, 0x40, 0xF6, 0x0C, 0xF1, 0x14, 0x02, 0x40, 0x02, 0x40, 0x02, 0x40, 0xF1, 0x28, 0x02
	.byte 0x40, 0x02, 0x40, 0x02, 0x40, 0xF1, 0x3C, 0x02, 0x40, 0x02, 0x40, 0x02, 0x40, 0xF1, 0x50, 0x02
	.byte 0x40, 0x02, 0x40, 0x02, 0x40, 0xF1, 0x64, 0x18, 0x40, 0xF6, 0x18, 0xF1, 0x14, 0x02, 0x40, 0x02
	.byte 0x40, 0x02, 0x40, 0xF1, 0x1E, 0x02, 0x40, 0x02, 0x40, 0x02, 0x40, 0xF1, 0x3C, 0x02, 0x40, 0x02
	.byte 0x40, 0x02, 0x40, 0xF1, 0x50, 0x02, 0x40, 0x02, 0x40, 0x02, 0x40, 0xF1, 0x64, 0x0C, 0x40, 0x0C
	.byte 0x40, 0xF1, 0x1E, 0x0C, 0x40, 0xF6, 0x0C, 0xF1, 0x14, 0x02, 0x40, 0x02, 0x40, 0x02, 0x40, 0xF1
	.byte 0x28, 0x02, 0x40, 0x02, 0x40, 0x02, 0x40, 0xF1, 0x3C, 0x02, 0x40, 0x02, 0x40, 0x02, 0x40, 0xF1
	.byte 0x50, 0x02, 0x40, 0x02, 0x40, 0x02, 0x40, 0xF1, 0x64, 0x18, 0x40, 0xF6, 0x18, 0xF1, 0x14, 0x02
	.byte 0x40, 0x02, 0x40, 0x02, 0x40, 0xF1, 0x28, 0x02, 0x40, 0x02, 0x40, 0x02, 0x40, 0xF1, 0x3C, 0x02
	.byte 0x40, 0x02, 0x40, 0x02, 0x40, 0xF1, 0x50, 0x02, 0x40, 0x02, 0x40, 0x02, 0x40, 0xF1, 0x64, 0x02
	.byte 0x40, 0x02, 0x40, 0x02, 0x40, 0x02, 0x40, 0x02, 0x40, 0x02, 0x40, 0xF1, 0x50, 0x02, 0x40, 0x02
	.byte 0x40, 0x02, 0x40, 0x02, 0x40, 0x02, 0x40, 0x02, 0x40, 0x18, 0x40, 0xF1, 0x14, 0x02, 0x40, 0x02
	.byte 0x40, 0x02, 0x40, 0xF1, 0x28, 0x02, 0x40, 0x02, 0x40, 0x02, 0x40, 0xF1, 0x3C, 0x02, 0x40, 0x02
	.byte 0x40, 0x02, 0x40, 0xF1, 0x50, 0x02, 0x40, 0x02, 0x40, 0x02, 0x40, 0xF1, 0x64, 0x0C, 0x40, 0xF1
	.byte 0x1E, 0x0C, 0x40, 0xF6, 0x18, 0xF1, 0x14, 0x02, 0x40, 0x02, 0x40, 0x02, 0x40, 0xF1, 0x28, 0x02
	.byte 0x40, 0x02, 0x40, 0x02, 0x40, 0xF1, 0x3C, 0x02, 0x40, 0x02, 0x40, 0x02, 0x40, 0xF1, 0x50, 0x02
	.byte 0x40, 0x02, 0x40, 0x02, 0x40, 0xF1, 0x64, 0x0C, 0x40, 0x0C, 0x40, 0xF8, 0x3F, 0xFC, 0xFF, 0xF9
	.byte 0x38, 0xF6, 0x90, 0xF6, 0x90, 0xF6, 0x90, 0xF6, 0x90, 0xF6, 0x90, 0xF6, 0x90, 0xF6, 0x90, 0xF6
	.byte 0x90, 0xF6, 0x90, 0xF6, 0x90, 0xF6, 0x01, 0xF0, 0xBE, 0xF2, 0x3C, 0xF1, 0x46, 0x48, 0x3B, 0x18
	.byte 0x39, 0xF6, 0x30, 0x48, 0x39, 0x18, 0x39, 0xF6, 0x30, 0x48, 0x3B, 0x48, 0x3C, 0x90, 0x3B, 0xF6
	.byte 0x8F, 0xF8, 0xD3, 0xFF, 0xFF, 0xF9, 0x38, 0xF6, 0x90, 0xF6, 0x90, 0xF6, 0x90, 0xF6, 0x90, 0xF6
	.byte 0x90, 0xF6, 0x90, 0xF6, 0x90, 0xF6, 0x90, 0xF6, 0x90, 0xF6, 0x90, 0xF0, 0xBE, 0xF2, 0xDC, 0xF1
	.byte 0x46, 0x48, 0x34, 0x18, 0x33, 0xF6, 0x30, 0x48, 0x33, 0x18, 0x32, 0xF6, 0x30, 0x48, 0x34, 0x48
	.byte 0x33, 0x90, 0x34, 0xF6, 0x90, 0xF8, 0xD5, 0xFF, 0xFF, 0x00, 0x00, 0x00, 0x00, 0x04, 0x04, 0x00
	.byte 0xF0, 0xC5, 0xF1, 0x64, 0x02, 0x28, 0x02, 0x39, 0xF6, 0x02, 0x02, 0x4C, 0x02, 0x5D, 0xF6, 0x14
	.byte 0xFF, 0x00, 0x00, 0x00, 0x00, 0x04, 0x04, 0x00, 0xF9, 0x82, 0xF0, 0xC6, 0xF1, 0x3C, 0xF4, 0x1C
	.byte 0xF5, 0x00, 0x00, 0xC5, 0x01, 0xF5, 0x08, 0x00, 0xC5, 0x01, 0xF5, 0x10, 0x00, 0xC5, 0x01, 0xF5
	.byte 0x18, 0x00, 0xC5, 0x01, 0xF5, 0x20, 0x00, 0xC5, 0x01, 0xF5, 0x28, 0x00, 0xC5, 0x01, 0xF5, 0x30
	.byte 0x01, 0x45, 0xF5, 0x38, 0xF6, 0x01, 0xF1, 0x50, 0xF5, 0x00, 0x00, 0xCC, 0x01, 0xF5, 0xF8, 0x00
	.byte 0xCC, 0x01, 0xF5, 0xF0, 0x00, 0xCC, 0x01, 0xF5, 0xE8, 0x00, 0xCC, 0x01, 0xF5, 0xE0, 0x01, 0x4C
	.byte 0xF1, 0x64, 0xF5, 0x28, 0x00, 0xCC, 0x01, 0xF5, 0x20, 0x00, 0xCC, 0x01, 0xF5, 0x18, 0x01, 0x4C
	.byte 0xF1, 0x28, 0xF5, 0x10, 0x00, 0xCC, 0x01, 0xF5, 0x00, 0x01, 0x4C, 0xFF, 0x00, 0x04, 0x04, 0x00
	.byte 0xF0, 0xC5, 0xF1, 0xB4, 0xF4, 0x20, 0xF5, 0x00, 0x01, 0x35, 0x01, 0x37, 0x01, 0x39, 0x01, 0x3B
	.byte 0xF5, 0x08, 0x01, 0x35, 0x01, 0x37, 0x01, 0x39, 0x01, 0x3B, 0xF5, 0x10, 0x01, 0x35, 0x01, 0x37
	.byte 0x01, 0x39, 0x01, 0x3B, 0xF5, 0x18, 0x01, 0x35, 0x01, 0x37, 0x01, 0x39, 0x01, 0x3B, 0xF5, 0x20
	.byte 0x01, 0x35, 0x01, 0x37, 0x01, 0x39, 0x01, 0x3B, 0xF5, 0x28, 0x01, 0x35, 0x01, 0x37, 0x01, 0x39
	.byte 0x01, 0x3B, 0xF5, 0x30, 0x01, 0x35, 0x01, 0x37, 0x01, 0x39, 0x01, 0x3B, 0x01, 0x35, 0x01, 0x37
	.byte 0x01, 0x39, 0x01, 0x3B, 0x01, 0x35, 0x01, 0x37, 0x01, 0x39, 0x01, 0x3B, 0x01, 0x35, 0x01, 0x37
	.byte 0x01, 0x39, 0x01, 0x3B, 0x01, 0x35, 0x01, 0x37, 0x01, 0x39, 0x01, 0x3B, 0x01, 0x35, 0x01, 0x37
	.byte 0x01, 0x39, 0x01, 0x3B, 0x01, 0x35, 0x01, 0x37, 0x01, 0x39, 0x01, 0x3B, 0x01, 0x35, 0x01, 0x37
	.byte 0x01, 0x39, 0x01, 0x3B, 0x01, 0x35, 0x01, 0x37, 0x01, 0x39, 0x01, 0x3B, 0xF5, 0x28, 0x01, 0x35
	.byte 0x01, 0x37, 0x01, 0x39, 0x01, 0x3B, 0xF5, 0x20, 0x01, 0x35, 0x01, 0x37, 0x01, 0x39, 0x01, 0x3B
	.byte 0xF1, 0x64, 0xF5, 0x18, 0x01, 0x35, 0x01, 0x37, 0x01, 0x39, 0x01, 0x3B, 0xF5, 0x10, 0x01, 0x35
	.byte 0x01, 0x37, 0x01, 0x39, 0x01, 0x3B, 0xF1, 0x32, 0xF5, 0x08, 0x01, 0x35, 0x01, 0x37, 0x01, 0x39
	.byte 0x01, 0x3B, 0x01, 0x35, 0x01, 0x37, 0x01, 0x39, 0x01, 0x3B, 0xF1, 0x14, 0x01, 0x35, 0x01, 0x37
	.byte 0x01, 0x39, 0x01, 0x3B, 0xFF, 0x00, 0x00, 0x00, 0x00, 0x0C, 0x06, 0x00, 0x47, 0x00, 0xF0, 0xC6
	.byte 0xF4, 0x18, 0xF6, 0x08, 0xF1, 0x1E, 0xF5, 0x00, 0x00, 0xCF, 0x04, 0xF5, 0x08, 0x00, 0xCF, 0x04
	.byte 0xF5, 0x10, 0x00, 0xCF, 0x04, 0xF5, 0x18, 0x04, 0x4F, 0xF1, 0x3C, 0xF5, 0x20, 0x00, 0xCF, 0x04
	.byte 0xF5, 0x28, 0x00, 0xCF, 0x04, 0xF5, 0x30, 0x00, 0xCF, 0x04, 0xF5, 0x38, 0x04, 0x4F, 0xF1, 0x1E
	.byte 0xF5, 0x40, 0x00, 0xCF, 0x04, 0xF5, 0x48, 0x04, 0x4F, 0xF6, 0xB0, 0xF8, 0xC0, 0xFF, 0xFF, 0xF0
	.byte 0xC3, 0xF1, 0x28, 0x08, 0x37, 0xF6, 0x04, 0xF1, 0x3C, 0x08, 0x37, 0xF6, 0x04, 0xF1, 0x50, 0x08
	.byte 0x38, 0xF6, 0x04, 0x08, 0x38, 0xF6, 0x04, 0x08, 0x39, 0xF6, 0x04, 0xF1, 0x3C, 0x08, 0x39, 0xF6
	.byte 0x0C, 0xF1, 0x1E, 0x10, 0x45, 0x10, 0x43, 0xF1, 0x28, 0x10, 0x41, 0xF1, 0x14, 0x10, 0x40, 0xF6
	.byte 0x50, 0xF8, 0xCB, 0xFF, 0xFF, 0x00, 0x00, 0x00, 0xFC, 0x03, 0x12, 0x00, 0xD8, 0x03, 0x85, 0x05
	.byte 0x4D, 0x09, 0xE9, 0x09, 0xD9, 0x0A, 0x03, 0x0C, 0xEB, 0x0E, 0xF9, 0x50, 0xF6, 0x01, 0xF0, 0x1A
	.byte 0xF2, 0x90, 0xF1, 0x8C, 0x0C, 0x3E, 0x00, 0xC0, 0x08, 0xF1, 0x3C, 0x04, 0x40, 0xF1, 0x8C, 0x00
	.byte 0xC2, 0x08, 0xF1, 0x3C, 0x04, 0x42, 0xF1, 0x8C, 0x00, 0xC3, 0x08, 0xF1, 0x3C, 0x04, 0x43, 0xF1
	.byte 0x8C, 0x00, 0xC5, 0x10, 0xF1, 0x3C, 0x08, 0x45, 0xF1, 0x8C, 0x00, 0xBE, 0x10, 0xF1, 0x3C, 0x08
	.byte 0x3E, 0xF1, 0x8C, 0x00, 0xC0, 0x0C, 0xF1, 0x3C, 0x0C, 0x40, 0xF1, 0x8C, 0x00, 0xBE, 0x0C, 0xF1
	.byte 0x3C, 0x0C, 0x3E, 0xF1, 0x8C, 0x18, 0x3D, 0x00, 0xB9, 0x10, 0xF1, 0x3C, 0x08, 0x39, 0xF1, 0x8C
	.byte 0x0C, 0x3E, 0x08, 0x3D, 0xF1, 0x3C, 0x04, 0x3D, 0xF1, 0x8C, 0x08, 0x3E, 0xF1, 0x3C, 0x04, 0x3E
	.byte 0xF1, 0x8C, 0x08, 0x40, 0xF1, 0x3C, 0x04, 0x40, 0xF1, 0x8C, 0x0C, 0x41, 0xF1, 0x3C, 0x0C, 0x41
	.byte 0xF1, 0x8C, 0x10, 0x43, 0xF1, 0x3C, 0x08, 0x43, 0xF1, 0x8C, 0x0C, 0x41, 0xF1, 0x3C, 0x0C, 0x41
	.byte 0xF1, 0x8C, 0x0C, 0x3C, 0xF1, 0x3C, 0x0C, 0x3C, 0xF1, 0x8C, 0x18, 0x45, 0xF1, 0x3C, 0x0C, 0x45
	.byte 0xF1, 0x8C, 0xF6, 0x0C, 0x0C, 0x3E, 0x0C, 0x41, 0x0C, 0x40, 0x0C, 0x41, 0x0C, 0x45, 0x0C, 0x41
	.byte 0x0C, 0x40, 0x0C, 0x41, 0x0C, 0x3C, 0x0C, 0x41, 0x0C, 0x40, 0x0C, 0x41, 0x0C, 0x45, 0x0C, 0x41
	.byte 0x0C, 0x40, 0x0C, 0x41, 0x0C, 0x3E, 0x0C, 0x40, 0x0C, 0x41, 0x0C, 0x3E, 0x0C, 0x43, 0x0C, 0x41
	.byte 0x0C, 0x40, 0x0C, 0x3E, 0x0A, 0x3D, 0xF1, 0x3C, 0x02, 0x3D, 0xF1, 0x8C, 0x08, 0x3B, 0xF1, 0x3C
	.byte 0x04, 0x3B, 0xF1, 0x8C, 0x0C, 0x39, 0xF1, 0x3C, 0x0C, 0x39, 0xF1, 0x8C, 0x18, 0x45, 0x0C, 0x3E
	.byte 0x0C, 0x40, 0x0C, 0x41, 0x08, 0x43, 0xF1, 0x3C, 0x04, 0x43, 0xF1, 0x8C, 0x08, 0x45, 0xF1, 0x3C
	.byte 0x04, 0x45, 0xF1, 0x8C, 0x08, 0x46, 0xF1, 0x3C, 0x04, 0x46, 0xF1, 0x8C, 0x0C, 0x48, 0xF1, 0x3C
	.byte 0x0C, 0x48, 0xF1, 0x8C, 0x10, 0x41, 0xF1, 0x3C, 0x08, 0x41, 0xF1, 0x8C, 0x0A, 0x43, 0xF1, 0x3C
	.byte 0x0E, 0x43, 0xF1, 0x8C, 0x0A, 0x41, 0xF1, 0x3C, 0x0E, 0x41, 0xF1, 0x8C, 0x14, 0x40, 0xF1, 0x3C
	.byte 0x04, 0x40, 0xF1, 0x8C, 0x0C, 0x3C, 0xF1, 0x3C, 0x0C, 0x3C, 0xF1, 0x8C, 0x0C, 0x41, 0x08, 0x40
	.byte 0xF1, 0x3C, 0x04, 0x40, 0xF1, 0x8C, 0x08, 0x41, 0xF1, 0x3C, 0x04, 0x41, 0xF1, 0x8C, 0x08, 0x43
	.byte 0xF1, 0x3C, 0x04, 0x43, 0xF1, 0x8C, 0x0C, 0x44, 0xF1, 0x3C, 0x0C, 0x44, 0xF1, 0x8C, 0x10, 0x46
	.byte 0xF1, 0x3C, 0x08, 0x46, 0xF1, 0x8C, 0x0C, 0x44, 0xF1, 0x3C, 0x0C, 0x44, 0xF1, 0x8C, 0x0C, 0x3F
	.byte 0xF1, 0x3C, 0x0C, 0x3F, 0xF1, 0x8C, 0x18, 0x48, 0xF1, 0x3C, 0x0C, 0x48, 0xF1, 0x8C, 0xF6, 0x0C
	.byte 0x0C, 0x41, 0x0C, 0x44, 0x0C, 0x43, 0x0C, 0x44, 0x0C, 0x48, 0x0C, 0x44, 0x0C, 0x43, 0x0C, 0x44
	.byte 0x0C, 0x3F, 0x0C, 0x44, 0x0C, 0x43, 0x0C, 0x44, 0x0C, 0x48, 0x0C, 0x44, 0x0C, 0x43, 0x0C, 0x44
	.byte 0x0C, 0x41, 0x0C, 0x43, 0x0C, 0x44, 0x0C, 0x41, 0x0C, 0x46, 0x0C, 0x44, 0x0C, 0x43, 0x0C, 0x41
	.byte 0x0C, 0x40, 0x0C, 0x41, 0x0C, 0x43, 0x0C, 0x3C, 0x0C, 0x3E, 0x0C, 0x40, 0x0C, 0x41, 0x0C, 0x43
	.byte 0x0C, 0x45, 0xF1, 0x3C, 0x0C, 0x45, 0xF1, 0x8C, 0x0C, 0x3C, 0xF1, 0x3C, 0x0C, 0x3C, 0xF1, 0x8C
	.byte 0x10, 0x43, 0xF1, 0x3C, 0x08, 0x43, 0xF1, 0x8C, 0x08, 0x3C, 0xF1, 0x3C, 0x08, 0x3C, 0xF1, 0x8C
	.byte 0xF6, 0x08, 0x0C, 0x45, 0xF1, 0x3C, 0x0C, 0x45, 0xF1, 0x8C, 0x0C, 0x3C, 0xF1, 0x3C, 0x0C, 0x3C
	.byte 0xF1, 0x8C, 0x10, 0x43, 0xF1, 0x3C, 0x08, 0x43, 0xF1, 0x8C, 0x08, 0x3C, 0xF1, 0x3C, 0x08, 0x3C
	.byte 0xF1, 0x8C, 0xF6, 0x08, 0x0C, 0x45, 0xF1, 0x3C, 0x0C, 0x45, 0xF1, 0x8C, 0x0C, 0x3C, 0xF1, 0x3C
	.byte 0x0C, 0x3C, 0xF1, 0x8C, 0x0C, 0x43, 0x0C, 0x45, 0x10, 0x46, 0xF1, 0x3C, 0x08, 0x46, 0xF1, 0x8C
	.byte 0x0C, 0x45, 0xF1, 0x3C, 0x0C, 0x45, 0xF1, 0x8C, 0x0C, 0x3C, 0xF1, 0x3C, 0x0C, 0x3C, 0xF1, 0x8C
	.byte 0x10, 0x43, 0xF1, 0x3C, 0x08, 0x43, 0xF1, 0x8C, 0x08, 0x3C, 0xF1, 0x3C, 0x08, 0x3C, 0xF1, 0x8C
	.byte 0xF6, 0x08, 0x0C, 0x45, 0xF1, 0x3C, 0x0C, 0x45, 0xF1, 0x8C, 0x0C, 0x3C, 0xF1, 0x3C, 0x0C, 0x3C
	.byte 0xF1, 0x8C, 0x10, 0x43, 0xF1, 0x3C, 0x08, 0x43, 0xF1, 0x8C, 0x08, 0x3C, 0xF1, 0x3C, 0x08, 0x3C
	.byte 0xF1, 0x8C, 0xF6, 0x08, 0x0C, 0x45, 0xF1, 0x3C, 0x0C, 0x45, 0xF1, 0x8C, 0x0C, 0x3C, 0xF1, 0x3C
	.byte 0x0C, 0x3C, 0xF1, 0x8C, 0x10, 0x43, 0xF1, 0x3C, 0x08, 0x43, 0xF1, 0x8C, 0x08, 0x3C, 0xF1, 0x3C
	.byte 0x08, 0x3C, 0xF1, 0x8C, 0xF6, 0x08, 0x0C, 0x45, 0xF1, 0x3C, 0x0C, 0x45, 0xF1, 0x8C, 0x0C, 0x3C
	.byte 0xF1, 0x3C, 0x0C, 0x3C, 0xF1, 0x8C, 0x0C, 0x43, 0x0C, 0x45, 0x10, 0x46, 0xF1, 0x3C, 0x08, 0x46
	.byte 0xF1, 0x8C, 0x0C, 0x45, 0xF1, 0x3C, 0x0C, 0x45, 0xF1, 0x8C, 0x0C, 0x3C, 0xF1, 0x3C, 0x0C, 0x3C
	.byte 0xF1, 0x8C, 0x10, 0x43, 0xF1, 0x3C, 0x08, 0x43, 0xF1, 0x8C, 0x08, 0x3C, 0xF1, 0x3C, 0x08, 0x3C
	.byte 0xF1, 0x8C, 0xF6, 0x08, 0x0C, 0x42, 0xF1, 0x3C, 0x0C, 0x42, 0xF1, 0x8C, 0x0C, 0x39, 0xF1, 0x3C
	.byte 0x0C, 0x39, 0xF1, 0x8C, 0x10, 0x40, 0xF1, 0x3C, 0x08, 0x40, 0xF1, 0x8C, 0x08, 0x39, 0xF1, 0x3C
	.byte 0x08, 0x39, 0xF1, 0x8C, 0xF6, 0x08, 0x0C, 0x42, 0xF1, 0x3C, 0x0C, 0x42, 0xF1, 0x8C, 0x0C, 0x39
	.byte 0xF1, 0x3C, 0x0C, 0x39, 0xF1, 0x8C, 0x10, 0x40, 0xF1, 0x3C, 0x08, 0x40, 0xF1, 0x8C, 0x08, 0x39
	.byte 0xF1, 0x3C, 0x08, 0x39, 0xF1, 0x8C, 0xF6, 0x08, 0x0C, 0x42, 0xF1, 0x3C, 0x0C, 0x42, 0xF1, 0x8C
	.byte 0x0C, 0x39, 0xF1, 0x3C, 0x0C, 0x39, 0xF1, 0x8C, 0x0C, 0x40, 0x0C, 0x42, 0x10, 0x43, 0xF1, 0x3C
	.byte 0x08, 0x43, 0xF1, 0x8C, 0x0C, 0x42, 0xF1, 0x3C, 0x0C, 0x42, 0xF1, 0x8C, 0x0C, 0x39, 0xF1, 0x3C
	.byte 0x0C, 0x39, 0xF1, 0x8C, 0x10, 0x40, 0xF1, 0x3C, 0x08, 0x40, 0xF1, 0x8C, 0x08, 0x39, 0xF1, 0x3C
	.byte 0x08, 0x39, 0xF1, 0x8C, 0xF6, 0x08, 0x0C, 0x42, 0xF1, 0x3C, 0x0C, 0x42, 0xF1, 0x8C, 0x0C, 0x39
	.byte 0xF1, 0x3C, 0x0C, 0x39, 0xF1, 0x8C, 0x10, 0x40, 0xF1, 0x3C, 0x08, 0x40, 0xF1, 0x8C, 0x08, 0x39
	.byte 0xF1, 0x3C, 0x08, 0x39, 0xF1, 0x8C, 0xF6, 0x08, 0x0C, 0x42, 0xF1, 0x3C, 0x0C, 0x42, 0xF1, 0x8C
	.byte 0x0C, 0x39, 0xF1, 0x3C, 0x0C, 0x39, 0xF1, 0x8C, 0x10, 0x40, 0xF1, 0x3C, 0x08, 0x40, 0xF1, 0x8C
	.byte 0x08, 0x39, 0xF1, 0x3C, 0x08, 0x39, 0xF1, 0x8C, 0xF6, 0x08, 0x0C, 0x42, 0xF1, 0x3C, 0x0C, 0x42
	.byte 0xF1, 0x8C, 0x0C, 0x39, 0xF1, 0x3C, 0x0C, 0x39, 0xF1, 0x8C, 0x0C, 0x40, 0x0C, 0x42, 0x10, 0x43
	.byte 0xF1, 0x3C, 0x08, 0x43, 0xF1, 0x8C, 0x0C, 0x42, 0xF1, 0x3C, 0x0C, 0x42, 0xF1, 0x8C, 0x0C, 0x39
	.byte 0xF1, 0x3C, 0x0C, 0x39, 0xF1, 0x8C, 0x10, 0x40, 0xF1, 0x3C, 0x08, 0x40, 0xF1, 0x8C, 0x08, 0x3B
	.byte 0xF1, 0x3C, 0x04, 0x3B, 0xF1, 0x8C, 0x08, 0x3D, 0xF1, 0x3C, 0x03, 0x3D, 0xF8, 0x3B, 0xFC, 0xFF
	.byte 0xF9, 0x50, 0xF0, 0x1A, 0xF1, 0x64, 0x00, 0xA6, 0x10, 0xF1, 0x28, 0x10, 0x26, 0xF1, 0x64, 0xF6
	.byte 0x28, 0x00, 0xA6, 0x10, 0xF1, 0x28, 0x08, 0x26, 0xF1, 0x64, 0x00, 0xA1, 0x18, 0xF1, 0x28, 0x00
	.byte 0xA1, 0x0C, 0xF1, 0x14, 0x0C, 0x21, 0xF1, 0x64, 0xF6, 0x30, 0x00, 0xA2, 0x10, 0xF1, 0x28, 0x10
	.byte 0x22, 0xF1, 0x64, 0xF6, 0x10, 0x00, 0xA2, 0x10, 0xF1, 0x28, 0x10, 0x22, 0xF1, 0x64, 0xF6, 0x10
	.byte 0x00, 0x9D, 0x20, 0xF1, 0x28, 0x10, 0x1D, 0xF1, 0x64, 0xF6, 0x30, 0x10, 0x22, 0xF1, 0x28, 0x10
	.byte 0x22, 0xF1, 0x64, 0xF6, 0x28, 0x10, 0x22, 0xF1, 0x28, 0x08, 0x22, 0xF1, 0x64, 0x18, 0x21, 0xF1
	.byte 0x28, 0x10, 0x21, 0xF1, 0x64, 0xF6, 0x38, 0x10, 0x1F, 0xF1, 0x28, 0x10, 0x1F, 0xF1, 0x64, 0xF6
	.byte 0x10, 0x10, 0x20, 0xF1, 0x28, 0x10, 0x1F, 0xF1, 0x64, 0xF6, 0x10, 0x20, 0x21, 0xF1, 0x28, 0x10
	.byte 0x21, 0xF1, 0x64, 0xF6, 0x30, 0x10, 0x29, 0xF1, 0x28, 0x10, 0x29, 0xF1, 0x64, 0xF6, 0x28, 0x10
	.byte 0x29, 0xF1, 0x28, 0x08, 0x29, 0xF1, 0x64, 0x18, 0x24, 0xF1, 0x28, 0x10, 0x24, 0xF1, 0x64, 0xF6
	.byte 0x38, 0x10, 0x25, 0xF1, 0x28, 0x10, 0x25, 0xF1, 0x64, 0xF6, 0x10, 0x10, 0x25, 0xF1, 0x28, 0x10
	.byte 0x25, 0xF1, 0x64, 0xF6, 0x10, 0x20, 0x20, 0xF1, 0x28, 0x10, 0x20, 0xF1, 0x64, 0xF6, 0x30, 0x10
	.byte 0x25, 0xF1, 0x28, 0x10, 0x25, 0xF1, 0x64, 0xF6, 0x28, 0x10, 0x25, 0xF1, 0x28, 0x08, 0x25, 0xF1
	.byte 0x64, 0x18, 0x24, 0xF1, 0x28, 0x10, 0x24, 0xF1, 0x64, 0xF6, 0x38, 0x10, 0x22, 0xF1, 0x64, 0x10
	.byte 0x22, 0xF1, 0x64, 0xF6, 0x10, 0x10, 0x23, 0xF1, 0x28, 0x10, 0x23, 0xF1, 0x64, 0xF6, 0x10, 0x20
	.byte 0x24, 0xF1, 0x28, 0x10, 0x24, 0xF1, 0x64, 0x20, 0x22, 0xF1, 0x28, 0x10, 0x22, 0xF1, 0x64, 0x20
	.byte 0x29, 0xF1, 0x28, 0x10, 0x29, 0xF1, 0x64, 0xF6, 0x30, 0x20, 0x29, 0xF1, 0x28, 0x10, 0x29, 0xF1
	.byte 0x64, 0xF6, 0x30, 0x20, 0x29, 0xF1, 0x28, 0x10, 0x29, 0xF1, 0x64, 0xF6, 0x30, 0x20, 0x29, 0xF1
	.byte 0x28, 0x10, 0x29, 0xF1, 0x64, 0xF6, 0x30, 0x20, 0x29, 0xF1, 0x28, 0x10, 0x29, 0xF1, 0x64, 0xF6
	.byte 0x30, 0x20, 0x29, 0xF1, 0x28, 0x10, 0x29, 0xF1, 0x64, 0xF6, 0x30, 0x20, 0x29, 0xF1, 0x28, 0x10
	.byte 0x29, 0xF1, 0x64, 0xF6, 0x30, 0x20, 0x29, 0xF1, 0x28, 0x10, 0x29, 0xF1, 0x64, 0x20, 0x28, 0xF1
	.byte 0x28, 0x10, 0x28, 0xF1, 0x64, 0x20, 0x26, 0xF1, 0x28, 0x10, 0x26, 0xF1, 0x64, 0xF6, 0x30, 0x20
	.byte 0x26, 0xF1, 0x28, 0x10, 0x26, 0xF1, 0x64, 0xF6, 0x30, 0x20, 0x26, 0xF1, 0x28, 0x10, 0x26, 0xF1
	.byte 0x64, 0xF6, 0x30, 0x20, 0x26, 0xF1, 0x28, 0x10, 0x26, 0xF1, 0x64, 0xF6, 0x30, 0x20, 0x26, 0xF1
	.byte 0x28, 0x10, 0x26, 0xF1, 0x64, 0xF6, 0x30, 0x20, 0x26, 0xF1, 0x28, 0x10, 0x26, 0xF1, 0x64, 0xF6
	.byte 0x30, 0x20, 0x26, 0xF1, 0x28, 0x10, 0x26, 0xF1, 0x64, 0xF6, 0x30, 0x20, 0x26, 0xF1, 0x28, 0x10
	.byte 0x26, 0xF1, 0x64, 0x20, 0x21, 0xF1, 0x28, 0x10, 0x21, 0xF8, 0x54, 0xFE, 0xFF, 0xF9, 0x50, 0xF6
	.byte 0xC0, 0xF6, 0xC0, 0xF6, 0xC0, 0xF6, 0xC0, 0xF6, 0xC0, 0xF6, 0xC0, 0xF6, 0xC0, 0xF6, 0xC0, 0xF6
	.byte 0x0C, 0xF0, 0x1A, 0xF2, 0x50, 0xF1, 0x8C, 0x00, 0xB9, 0x08, 0xF1, 0x3C, 0x04, 0x39, 0xF1, 0x8C
	.byte 0x00, 0xB7, 0x08, 0xF1, 0x3C, 0x04, 0x37, 0xF1, 0x8C, 0x00, 0xB9, 0x08, 0xF1, 0x3C, 0x04, 0x39
	.byte 0xF1, 0x8C, 0x00, 0xBA, 0x0A, 0xF1, 0x3C, 0x02, 0x3A, 0xF1, 0x8C, 0x00, 0xB9, 0x08, 0xF1, 0x3C
	.byte 0x04, 0x39, 0xF1, 0x8C, 0x00, 0xB7, 0x08, 0xF1, 0x3C, 0x04, 0x37, 0xF1, 0x8C, 0x00, 0xB9, 0x08
	.byte 0xF1, 0x3C, 0x08, 0x39, 0xF1, 0x8C, 0xF6, 0x08, 0x00, 0xB9, 0x08, 0xF1, 0x3C, 0x04, 0x39, 0xF1
	.byte 0x8C, 0x00, 0xB7, 0x08, 0xF1, 0x3C, 0x04, 0x37, 0xF1, 0x8C, 0x00, 0xB9, 0x08, 0xF1, 0x3C, 0x04
	.byte 0x39, 0xF1, 0x8C, 0x00, 0xBA, 0x0A, 0xF1, 0x3C, 0x02, 0x3A, 0xF1, 0x8C, 0x00, 0xB9, 0x08, 0xF1
	.byte 0x3C, 0x04, 0x39, 0xF1, 0x8C, 0x00, 0xB7, 0x08, 0xF1, 0x3C, 0x04, 0x37, 0xF1, 0x8C, 0x00, 0xB9
	.byte 0x08, 0xF1, 0x3C, 0x04, 0x39, 0xF1, 0x8C, 0xF6, 0x0C, 0x08, 0x39, 0xF1, 0x3C, 0x04, 0x39, 0xF1
	.byte 0x8C, 0x08, 0x37, 0xF1, 0x3C, 0x04, 0x37, 0xF1, 0x8C, 0x08, 0x39, 0xF1, 0x3C, 0x04, 0x39, 0xF1
	.byte 0x8C, 0x0A, 0x3A, 0xF1, 0x3C, 0x02, 0x3A, 0xF1, 0x8C, 0x08, 0x3C, 0xF1, 0x3C, 0x04, 0x3C, 0xF1
	.byte 0x8C, 0x08, 0x3E, 0xF1, 0x3C, 0x04, 0x3E, 0xF1, 0x8C, 0x08, 0x40, 0xF1, 0x3C, 0x04, 0x40, 0xF1
	.byte 0x8C, 0x0C, 0x41, 0x08, 0x39, 0xF1, 0x3C, 0x04, 0x39, 0xF1, 0x8C, 0x08, 0x37, 0xF1, 0x3C, 0x04
	.byte 0x37, 0xF1, 0x8C, 0x08, 0x39, 0xF1, 0x3C, 0x04, 0x39, 0xF1, 0x8C, 0x0A, 0x3A, 0xF1, 0x3C, 0x02
	.byte 0x3A, 0xF1, 0x8C, 0x08, 0x39, 0xF1, 0x3C, 0x04, 0x39, 0xF1, 0x8C, 0x08, 0x37, 0xF1, 0x3C, 0x04
	.byte 0x37, 0xF1, 0x8C, 0x08, 0x39, 0xF1, 0x3C, 0x04, 0x39, 0xF1, 0x8C, 0xF6, 0x0C, 0x08, 0x39, 0xF1
	.byte 0x3C, 0x04, 0x39, 0xF1, 0x8C, 0x08, 0x37, 0xF1, 0x3C, 0x04, 0x37, 0xF1, 0x8C, 0x08, 0x39, 0xF1
	.byte 0x3C, 0x04, 0x39, 0xF1, 0x8C, 0x0A, 0x3A, 0xF1, 0x8C, 0x02, 0x3A, 0xF1, 0x8C, 0x08, 0x39, 0xF1
	.byte 0x3C, 0x04, 0x39, 0xF1, 0x8C, 0x08, 0x37, 0xF1, 0x3C, 0x04, 0x37, 0xF1, 0x8C, 0x08, 0x39, 0xF1
	.byte 0x3C, 0x08, 0x39, 0xF1, 0x8C, 0xF6, 0x08, 0x08, 0x39, 0xF1, 0x3C, 0x04, 0x39, 0xF1, 0x8C, 0x08
	.byte 0x37, 0xF1, 0x3C, 0x04, 0x37, 0xF1, 0x8C, 0x08, 0x39, 0xF1, 0x3C, 0x04, 0x39, 0xF1, 0x8C, 0x0A
	.byte 0x3A, 0xF1, 0x3C, 0x02, 0x3A, 0xF1, 0x8C, 0x08, 0x39, 0xF1, 0x3C, 0x04, 0x39, 0xF1, 0x8C, 0x08
	.byte 0x37, 0xF1, 0x3C, 0x04, 0x37, 0xF1, 0x8C, 0x08, 0x39, 0xF1, 0x3C, 0x04, 0x39, 0xF1, 0x8C, 0xF6
	.byte 0x0C, 0x08, 0x39, 0xF1, 0x3C, 0x04, 0x39, 0xF1, 0x8C, 0x08, 0x37, 0xF1, 0x3C, 0x04, 0x37, 0xF1
	.byte 0x8C, 0x08, 0x39, 0xF1, 0x3C, 0x04, 0x39, 0xF1, 0x8C, 0x0A, 0x3A, 0xF1, 0x3C, 0x02, 0x3A, 0xF1
	.byte 0x8C, 0x08, 0x3C, 0xF1, 0x3C, 0x04, 0x3C, 0xF1, 0x8C, 0x08, 0x3E, 0xF1, 0x3C, 0x04, 0x3E, 0xF1
	.byte 0x8C, 0x08, 0x40, 0xF1, 0x3C, 0x04, 0x40, 0xF1, 0x8C, 0x0C, 0x41, 0x08, 0x39, 0xF1, 0x3C, 0x04
	.byte 0x39, 0xF1, 0x8C, 0x08, 0x37, 0xF1, 0x3C, 0x04, 0x37, 0xF1, 0x8C, 0x08, 0x39, 0xF1, 0x3C, 0x04
	.byte 0x39, 0xF1, 0x8C, 0x0A, 0x3A, 0xF1, 0x3C, 0x02, 0x3A, 0xF1, 0x8C, 0x08, 0x39, 0xF1, 0x3C, 0x04
	.byte 0x39, 0xF1, 0x8C, 0x08, 0x37, 0xF1, 0x3C, 0x04, 0x37, 0xF1, 0x8C, 0x08, 0x34, 0xF1, 0x3C, 0x04
	.byte 0x34, 0xF1, 0x8C, 0xF6, 0x0C, 0x08, 0x36, 0xF1, 0x3C, 0x04, 0x36, 0xF1, 0x8C, 0x08, 0x34, 0xF1
	.byte 0x3C, 0x04, 0x34, 0xF1, 0x8C, 0x08, 0x36, 0xF1, 0x3C, 0x04, 0x36, 0xF1, 0x8C, 0x0A, 0x37, 0xF1
	.byte 0x3C, 0x02, 0x37, 0xF1, 0x8C, 0x08, 0x36, 0xF1, 0x3C, 0x04, 0x36, 0xF1, 0x8C, 0x08, 0x34, 0xF1
	.byte 0x3C, 0x04, 0x34, 0xF1, 0x8C, 0x08, 0x36, 0xF1, 0x3C, 0x08, 0x36, 0xF1, 0x8C, 0xF6, 0x08, 0x08
	.byte 0x36, 0xF1, 0x3C, 0x04, 0x36, 0xF1, 0x8C, 0x08, 0x34, 0xF1, 0x3C, 0x04, 0x34, 0xF1, 0x8C, 0x08
	.byte 0x36, 0xF1, 0x3C, 0x04, 0x36, 0xF1, 0x8C, 0x0A, 0x37, 0xF1, 0x3C, 0x02, 0x37, 0xF1, 0x8C, 0x08
	.byte 0x36, 0xF1, 0x3C, 0x04, 0x36, 0xF1, 0x8C, 0x08, 0x34, 0xF1, 0x3C, 0x04, 0x34, 0xF1, 0x8C, 0x08
	.byte 0x36, 0xF1, 0x3C, 0x04, 0x36, 0xF1, 0x8C, 0xF6, 0x0C, 0x08, 0x36, 0xF1, 0x3C, 0x04, 0x36, 0xF1
	.byte 0x8C, 0x08, 0x34, 0xF1, 0x3C, 0x04, 0x34, 0xF1, 0x8C, 0x08, 0x36, 0xF1, 0x3C, 0x04, 0x36, 0xF1
	.byte 0x8C, 0x0A, 0x37, 0xF1, 0x3C, 0x02, 0x37, 0xF1, 0x8C, 0x08, 0x39, 0xF1, 0x3C, 0x04, 0x39, 0xF1
	.byte 0x8C, 0x08, 0x3B, 0xF1, 0x3C, 0x04, 0x3B, 0xF1, 0x8C, 0x08, 0x3D, 0xF1, 0x3C, 0x04, 0x3D, 0xF1
	.byte 0x8C, 0x0C, 0x3E, 0x08, 0x36, 0xF1, 0x3C, 0x04, 0x36, 0xF1, 0x8C, 0x08, 0x34, 0xF1, 0x3C, 0x04
	.byte 0x34, 0xF1, 0x8C, 0x08, 0x36, 0xF1, 0x3C, 0x04, 0x36, 0xF1, 0x8C, 0x0A, 0x37, 0xF1, 0x3C, 0x02
	.byte 0x37, 0xF1, 0x8C, 0x08, 0x36, 0xF1, 0x3C, 0x04, 0x36, 0xF1, 0x8C, 0x08, 0x34, 0xF1, 0x3C, 0x04
	.byte 0x34, 0xF1, 0x8C, 0x08, 0x36, 0xF1, 0x3C, 0x04, 0x36, 0xF1, 0x8C, 0xF6, 0x0C, 0x08, 0x36, 0xF1
	.byte 0x3C, 0x04, 0x36, 0xF1, 0x8C, 0x08, 0x34, 0xF1, 0x3C, 0x04, 0x36, 0xF1, 0x8C, 0x08, 0x36, 0xF1
	.byte 0x3C, 0x04, 0x36, 0xF1, 0x8C, 0x0A, 0x37, 0xF1, 0x3C, 0x02, 0x37, 0xF1, 0x8C, 0x08, 0x36, 0xF1
	.byte 0x3C, 0x04, 0x36, 0xF1, 0x8C, 0x08, 0x34, 0xF1, 0x3C, 0x04, 0x34, 0xF1, 0x8C, 0x08, 0x36, 0xF1
	.byte 0x3C, 0x08, 0x36, 0xF1, 0x8C, 0xF6, 0x08, 0x08, 0x36, 0xF1, 0x3C, 0x04, 0x36, 0xF1, 0x8C, 0x08
	.byte 0x34, 0xF1, 0x3C, 0x04, 0x34, 0xF1, 0x8C, 0x08, 0x36, 0xF1, 0x3C, 0x04, 0x36, 0xF1, 0x8C, 0x0A
	.byte 0x37, 0xF1, 0x3C, 0x02, 0x37, 0xF1, 0x8C, 0x08, 0x36, 0xF1, 0x3C, 0x04, 0x36, 0xF1, 0x8C, 0x08
	.byte 0x34, 0xF1, 0x3C, 0x04, 0x34, 0xF1, 0x8C, 0x08, 0x36, 0xF1, 0x3C, 0x04, 0x36, 0xF1, 0x8C, 0xF6
	.byte 0x0C, 0x08, 0x36, 0xF1, 0x3C, 0x04, 0x36, 0xF1, 0x8C, 0x08, 0x34, 0xF1, 0x3C, 0x04, 0x34, 0xF1
	.byte 0x8C, 0x08, 0x36, 0xF1, 0x3C, 0x04, 0x36, 0xF1, 0x8C, 0x0A, 0x37, 0xF1, 0x3C, 0x02, 0x37, 0xF1
	.byte 0x8C, 0x08, 0x39, 0xF1, 0x3C, 0x04, 0x39, 0xF1, 0x8C, 0x08, 0x3B, 0xF1, 0x3C, 0x04, 0x3B, 0xF1
	.byte 0x8C, 0x08, 0x3D, 0xF1, 0x3C, 0x04, 0x3D, 0xF1, 0x8C, 0x0C, 0x3E, 0x08, 0x36, 0xF1, 0x3C, 0x04
	.byte 0x36, 0xF1, 0x8C, 0x08, 0x34, 0xF1, 0x3C, 0x04, 0x34, 0xF1, 0x8C, 0x08, 0x36, 0xF1, 0x3C, 0x04
	.byte 0x36, 0xF1, 0x8C, 0x0A, 0x37, 0xF1, 0x3C, 0x02, 0x37, 0xF1, 0x8C, 0x08, 0x36, 0xF1, 0x3C, 0x04
	.byte 0x36, 0xF1, 0x8C, 0x08, 0x34, 0xF1, 0x3C, 0x04, 0x34, 0xF1, 0x8C, 0x08, 0x31, 0xF1, 0x3C, 0x04
	.byte 0x31, 0xF8, 0x39, 0xFC, 0xFF, 0xF9, 0x50, 0xF6, 0x02, 0xF0, 0x16, 0xF2, 0xA0, 0xF1, 0x64, 0xC0
	.byte 0x45, 0x00, 0xC1, 0xBE, 0xF1, 0x28, 0x02, 0x41, 0xF1, 0x64, 0x00, 0xC1, 0xBE, 0xF1, 0x28, 0x02
	.byte 0x41, 0xF1, 0x64, 0x00, 0xC1, 0x5E, 0xF1, 0x28, 0x02, 0x41, 0xF1, 0x64, 0x00, 0xC0, 0x5E, 0xF1
	.byte 0x28, 0x02, 0x40, 0xF1, 0x64, 0x00, 0xC8, 0xBE, 0xF1, 0x28, 0x02, 0x3C, 0xF1, 0x64, 0x00, 0xC4
	.byte 0xBE, 0xF1, 0x28, 0x02, 0x44, 0xF1, 0x64, 0x00, 0xC4, 0xBE, 0xF1, 0x28, 0x02, 0x44, 0xF1, 0x64
	.byte 0x00, 0xC4, 0x5E, 0xF1, 0x28, 0x02, 0x44, 0xF1, 0x64, 0x00, 0xC3, 0x5E, 0xF1, 0x28, 0x02, 0x43
	.byte 0xF1, 0x64, 0x00, 0xC8, 0xBE, 0xF1, 0x28, 0x02, 0x48, 0xF1, 0x64, 0xBE, 0x48, 0xF1, 0x28, 0x02
	.byte 0x48, 0xF1, 0x64, 0xBE, 0x48, 0xF1, 0x28, 0x02, 0x48, 0xF1, 0x64, 0xBE, 0x48, 0xF1, 0x28, 0x02
	.byte 0x48, 0xF1, 0x64, 0xBE, 0x45, 0xF1, 0x28, 0x02, 0x48, 0xF1, 0x64, 0xBE, 0x45, 0xF1, 0x28, 0x02
	.byte 0x45, 0xF1, 0x64, 0xBE, 0x45, 0xF1, 0x28, 0x02, 0x45, 0xF1, 0x64, 0xBE, 0x45, 0xF8, 0x65, 0xFF
	.byte 0xFF, 0xF9, 0x50, 0xF6, 0x01, 0xF0, 0x16, 0xF2, 0x3C, 0xF1, 0x78, 0x00, 0xBE, 0x5E, 0xF1, 0x28
	.byte 0x02, 0x3E, 0xF1, 0x78, 0x00, 0xC0, 0x5E, 0xF1, 0x28, 0x02, 0x40, 0xF1, 0x78, 0x00, 0xBA, 0x5E
	.byte 0xF1, 0x28, 0x02, 0x3A, 0xF1, 0x78, 0x00, 0xB9, 0x5E, 0xF1, 0x28, 0x02, 0x39, 0xF1, 0x78, 0x00
	.byte 0xBA, 0x5E, 0xF1, 0x28, 0x02, 0x3A, 0xF1, 0x78, 0x00, 0xB9, 0x5E, 0xF1, 0x28, 0x02, 0x39, 0xF1
	.byte 0x78, 0x00, 0xBE, 0x5E, 0xF1, 0x28, 0x02, 0x3E, 0xF1, 0x78, 0x00, 0xB9, 0x5E, 0xF1, 0x28, 0x02
	.byte 0x45, 0xF1, 0x78, 0x00, 0xC1, 0x5E, 0xF1, 0x28, 0x02, 0x41, 0xF1, 0x78, 0x00, 0xC3, 0x5E, 0xF1
	.byte 0x28, 0x02, 0x43, 0xF1, 0x78, 0x5E, 0x3D, 0xF1, 0x28, 0x02, 0x3D, 0xF1, 0x78, 0x5E, 0x3C, 0xF1
	.byte 0x28, 0x02, 0x3C, 0xF1, 0x78, 0x5E, 0x3D, 0xF1, 0x28, 0x02, 0x3D, 0xF1, 0x78, 0x5E, 0x3C, 0xF1
	.byte 0x28, 0x02, 0x3C, 0xF1, 0x78, 0x5E, 0x41, 0xF1, 0x28, 0x02, 0x41, 0xF1, 0x78, 0x2E, 0x3C, 0xF1
	.byte 0x28, 0x02, 0x3C, 0xF1, 0x78, 0x2E, 0x3A, 0xF1, 0x28, 0x02, 0x3A, 0xF1, 0x78, 0xBE, 0x41, 0xF1
	.byte 0x28, 0x02, 0x41, 0xF1, 0x78, 0xBE, 0x41, 0xF1, 0x28, 0x02, 0x41, 0xF1, 0x78, 0xBE, 0x41, 0xF1
	.byte 0x28, 0x02, 0x41, 0xF1, 0x78, 0x8E, 0x41, 0xF1, 0x28, 0x02, 0x41, 0xF1, 0x78, 0x2E, 0x40, 0xF1
	.byte 0x28, 0x02, 0x40, 0xF1, 0x78, 0xBE, 0x3E, 0xF1, 0x28, 0x02, 0x3E, 0xF1, 0x78, 0xBE, 0x3E, 0xF1
	.byte 0x28, 0x02, 0x3E, 0xF1, 0x78, 0xBE, 0x3E, 0xF1, 0x28, 0x02, 0x3E, 0xF1, 0x78, 0x8E, 0x3E, 0xF1
	.byte 0x28, 0x02, 0x3E, 0xF1, 0x78, 0x2D, 0x3D, 0xF1, 0x28, 0x02, 0x3D, 0xF1, 0x78, 0xF8, 0x11, 0xFF
	.byte 0xFF, 0xF9, 0x50, 0xF6, 0x30, 0xF0, 0x00, 0xF1, 0x8C, 0x0C, 0x28, 0xF1, 0x28, 0x0C, 0x28, 0xF1
	.byte 0x8C, 0xF6, 0x48, 0x0C, 0x28, 0xF1, 0x28, 0x0C, 0x28, 0xF1, 0x8C, 0xF6, 0x18, 0xF6, 0x30, 0x0C
	.byte 0x28, 0xF1, 0x28, 0x0C, 0x28, 0xF1, 0x8C, 0xF6, 0x48, 0x30, 0x32, 0xF6, 0x30, 0x0C, 0x28, 0xF1
	.byte 0x28, 0x0C, 0x28, 0xF1, 0x8C, 0xF6, 0x48, 0x0C, 0x28, 0xF1, 0x28, 0x0C, 0x28, 0xF1, 0x8C, 0xF6
	.byte 0x18, 0xF6, 0x30, 0x0C, 0x28, 0xF1, 0x28, 0x0C, 0x28, 0xF1, 0x8C, 0xF6, 0x48, 0x30, 0x32, 0xF6
	.byte 0x30, 0x0C, 0x28, 0xF1, 0x28, 0x0C, 0x28, 0xF1, 0x8C, 0xF6, 0x48, 0x0C, 0x28, 0xF1, 0x28, 0x0C
	.byte 0x28, 0xF1, 0x8C, 0xF6, 0x18, 0xF6, 0x30, 0x0C, 0x28, 0xF1, 0x28, 0x0C, 0x28, 0xF1, 0x8C, 0xF6
	.byte 0x48, 0x30, 0x32, 0xF6, 0x30, 0x0C, 0x28, 0xF1, 0x28, 0x0C, 0x28, 0xF1, 0x8C, 0xF6, 0x48, 0x0C
	.byte 0x28, 0xF1, 0x28, 0x0C, 0x28, 0xF1, 0x8C, 0xF6, 0x18, 0xF6, 0x30, 0x0C, 0x28, 0xF1, 0x28, 0x0C
	.byte 0x28, 0xF1, 0x8C, 0xF6, 0x48, 0x30, 0x32, 0xF6, 0x30, 0x0C, 0x28, 0xF1, 0x28, 0x0C, 0x28, 0xF1
	.byte 0x8C, 0xF6, 0x48, 0x0C, 0x28, 0xF1, 0x28, 0x0C, 0x28, 0xF1, 0x8C, 0xF6, 0x18, 0xF6, 0x30, 0x0C
	.byte 0x28, 0xF1, 0x28, 0x0C, 0x28, 0xF1, 0x8C, 0xF6, 0x48, 0x30, 0x32, 0xF6, 0x30, 0x0C, 0x28, 0xF1
	.byte 0x28, 0x0C, 0x28, 0xF1, 0x8C, 0xF6, 0x48, 0x0C, 0x28, 0xF1, 0x28, 0x0C, 0x28, 0xF1, 0x8C, 0xF6
	.byte 0x18, 0xF6, 0x30, 0x0C, 0x28, 0xF1, 0x28, 0x0C, 0x28, 0xF1, 0x8C, 0xF6, 0x48, 0x30, 0x32, 0xF6
	.byte 0x30, 0x0C, 0x28, 0xF1, 0x28, 0x0C, 0x28, 0xF1, 0x8C, 0xF6, 0x48, 0x0C, 0x28, 0xF1, 0x28, 0x0C
	.byte 0x28, 0xF1, 0x8C, 0xF6, 0x18, 0xF6, 0x30, 0x0C, 0x28, 0xF1, 0x28, 0x0C, 0x28, 0xF1, 0x8C, 0xF6
	.byte 0x48, 0x30, 0x32, 0xF6, 0x30, 0x0C, 0x28, 0xF1, 0x28, 0x0C, 0x28, 0xF1, 0x8C, 0xF6, 0x48, 0x0C
	.byte 0x28, 0xF1, 0x28, 0x0C, 0x28, 0xF1, 0x8C, 0xF6, 0x18, 0xF6, 0x30, 0x0C, 0x28, 0xF1, 0x28, 0x0C
	.byte 0x28, 0xF1, 0x8C, 0xF6, 0x48, 0x30, 0x32, 0xF8, 0xD7, 0xFE, 0xFF, 0xF9, 0x50, 0xF6, 0x02, 0xF0
	.byte 0xC1, 0xF2, 0x28, 0xF1, 0x28, 0x0C, 0x3E, 0x08, 0x40, 0xF1, 0x14, 0x04, 0x40, 0xF1, 0x28, 0x08
	.byte 0x42, 0xF1, 0x14, 0x04, 0x42, 0xF1, 0x28, 0x08, 0x43, 0xF1, 0x14, 0x04, 0x43, 0xF1, 0x28, 0x0C
	.byte 0x45, 0xF6, 0x0C, 0x10, 0x3E, 0xF1, 0x14, 0x08, 0x3E, 0xF1, 0x28, 0x0C, 0x40, 0xF1, 0x14, 0x0C
	.byte 0x40, 0xF1, 0x28, 0x0C, 0x3E, 0xF1, 0x14, 0x0C, 0x3E, 0xF1, 0x28, 0x14, 0x3D, 0xF1, 0x14, 0x04
	.byte 0x3D, 0xF1, 0x28, 0x0C, 0x39, 0xF1, 0x14, 0x0C, 0x39, 0xF1, 0x28, 0x0C, 0x3E, 0x08, 0x3D, 0xF1
	.byte 0x14, 0x04, 0x3D, 0xF1, 0x28, 0x08, 0x3E, 0xF1, 0x14, 0x04, 0x3E, 0xF1, 0x28, 0x08, 0x40, 0xF1
	.byte 0x14, 0x04, 0x40, 0xF1, 0x28, 0x0C, 0x41, 0xF1, 0x14, 0x0C, 0x41, 0xF1, 0x28, 0x10, 0x43, 0xF1
	.byte 0x14, 0x08, 0x43, 0xF1, 0x28, 0x0C, 0x41, 0xF1, 0x14, 0x0C, 0x41, 0xF1, 0x28, 0x0C, 0x3C, 0xF1
	.byte 0x14, 0x0C, 0x3C, 0xF1, 0x28, 0x18, 0x45, 0xF1, 0x14, 0x0C, 0x45, 0xF1, 0x28, 0xF6, 0x0C, 0x0C
	.byte 0x3E, 0x0C, 0x41, 0x0C, 0x40, 0x0C, 0x41, 0x0C, 0x45, 0x0C, 0x41, 0x0C, 0x40, 0x0C, 0x41, 0x0C
	.byte 0x3C, 0x0C, 0x41, 0x0C, 0x40, 0x0C, 0x41, 0x0C, 0x45, 0x0C, 0x41, 0x0C, 0x40, 0x0C, 0x41, 0x0C
	.byte 0x3E, 0x0C, 0x40, 0x0C, 0x41, 0x0C, 0x3E, 0x0C, 0x43, 0x0C, 0x41, 0x0C, 0x40, 0x0C, 0x3E, 0x0A
	.byte 0x3D, 0xF1, 0x14, 0x02, 0x3D, 0xF1, 0x28, 0x08, 0x3B, 0xF1, 0x14, 0x04, 0x3B, 0xF1, 0x28, 0x0C
	.byte 0x39, 0xF1, 0x14, 0x0C, 0x39, 0xF1, 0x28, 0x18, 0x45, 0x0C, 0x3E, 0x0A, 0x40, 0xF6, 0x01, 0xF0
	.byte 0xBE, 0xF2, 0x3C, 0xF1, 0x64, 0xF6, 0x30, 0x10, 0x51, 0xF6, 0x50, 0x10, 0x4F, 0xF6, 0x20, 0xF6
	.byte 0x30, 0x10, 0x50, 0xF6, 0x50, 0x14, 0x50, 0xF6, 0x1C, 0xF6, 0x30, 0x10, 0x50, 0xF6, 0x50, 0x10
	.byte 0x50, 0xF6, 0x20, 0xF6, 0x30, 0x10, 0x50, 0xF6, 0x50, 0x2A, 0x52, 0xF6, 0x06, 0x0C, 0x54, 0xF6
	.byte 0xB3, 0xF0, 0xC1, 0xF6, 0x02, 0xF1, 0x28, 0x0C, 0x45, 0xF1, 0x14, 0x0C, 0x45, 0xF1, 0x28, 0x0C
	.byte 0x3C, 0xF1, 0x14, 0x0C, 0x3C, 0xF1, 0x28, 0x0C, 0x43, 0x0C, 0x45, 0x10, 0x46, 0xF1, 0x14, 0x08
	.byte 0x46, 0xF1, 0x28, 0x0C, 0x45, 0xF1, 0x14, 0x0C, 0x45, 0xF1, 0x28, 0x0C, 0x3C, 0xF1, 0x14, 0x0C
	.byte 0x3C, 0xF1, 0x28, 0x10, 0x43, 0xF1, 0x14, 0x08, 0x43, 0xF1, 0x28, 0x08, 0x3C, 0xF1, 0x14, 0x08
	.byte 0x3C, 0xF1, 0x28, 0xF6, 0x08, 0x0C, 0x45, 0xF1, 0x14, 0x0C, 0x45, 0xF1, 0x28, 0x0C, 0x3C, 0xF1
	.byte 0x14, 0x0C, 0x3C, 0xF1, 0x28, 0x10, 0x43, 0xF1, 0x14, 0x08, 0x43, 0xF1, 0x28, 0x08, 0x3C, 0xF1
	.byte 0x14, 0x08, 0x3C, 0xF1, 0x28, 0xF6, 0x08, 0x0C, 0x45, 0xF1, 0x14, 0x0C, 0x45, 0xF1, 0x28, 0x0C
	.byte 0x3C, 0xF1, 0x14, 0x0C, 0x3C, 0xF1, 0x28, 0x10, 0x43, 0xF1, 0x14, 0x08, 0x43, 0xF1, 0x28, 0x08
	.byte 0x3C, 0xF1, 0x14, 0x08, 0x3C, 0xF1, 0x28, 0xF6, 0x08, 0x0C, 0x45, 0xF1, 0x14, 0x0C, 0x45, 0xF1
	.byte 0x28, 0x0C, 0x3C, 0xF1, 0x14, 0x0C, 0x3C, 0xF1, 0x28, 0x0C, 0x43, 0x0C, 0x45, 0x10, 0x46, 0xF1
	.byte 0x14, 0x08, 0x46, 0xF1, 0x28, 0x0C, 0x45, 0xF1, 0x14, 0x0C, 0x45, 0xF1, 0x28, 0x0C, 0x3C, 0xF1
	.byte 0x14, 0x0C, 0x3C, 0xF1, 0x28, 0x10, 0x43, 0xF1, 0x14, 0x08, 0x43, 0xF1, 0x28, 0x08, 0x3C, 0xF1
	.byte 0x14, 0x08, 0x3C, 0xF1, 0x28, 0xF6, 0x08, 0x0C, 0x42, 0xF1, 0x14, 0x0C, 0x42, 0xF1, 0x28, 0x0C
	.byte 0x39, 0xF1, 0x38, 0x0C, 0x39, 0xF1, 0x28, 0x10, 0x40, 0xF1, 0x14, 0x08, 0x40, 0xF1, 0x28, 0x08
	.byte 0x39, 0xF1, 0x14, 0x08, 0x39, 0xF1, 0x28, 0xF6, 0x08, 0x0C, 0x42, 0xF1, 0x14, 0x0C, 0x42, 0xF1
	.byte 0x28, 0x0C, 0x39, 0xF1, 0x14, 0x0C, 0x39, 0xF1, 0x28, 0x10, 0x40, 0xF1, 0x14, 0x08, 0x40, 0xF1
	.byte 0x28, 0x08, 0x39, 0xF1, 0x14, 0x08, 0x39, 0xF1, 0x28, 0xF6, 0x08, 0x0C, 0x42, 0xF1, 0x14, 0x0C
	.byte 0x42, 0xF1, 0x28, 0x0C, 0x39, 0xF1, 0x14, 0x0C, 0x39, 0xF1, 0x28, 0x0C, 0x40, 0x0C, 0x42, 0x10
	.byte 0x43, 0xF1, 0x14, 0x08, 0x43, 0xF1, 0x28, 0x0C, 0x42, 0xF1, 0x14, 0x0C, 0x42, 0xF1, 0x28, 0x0C
	.byte 0x39, 0xF1, 0x14, 0x0C, 0x39, 0xF1, 0x28, 0x10, 0x40, 0xF1, 0x14, 0x08, 0x40, 0xF1, 0x28, 0x08
	.byte 0x39, 0xF1, 0x14, 0x08, 0x39, 0xF1, 0x28, 0xF6, 0x08, 0x0C, 0x42, 0xF1, 0x14, 0x0C, 0x42, 0xF1
	.byte 0x28, 0x0C, 0x39, 0xF1, 0x14, 0x0C, 0x39, 0xF1, 0x28, 0x10, 0x40, 0xF1, 0x14, 0x08, 0x40, 0xF1
	.byte 0x28, 0x08, 0x39, 0xF1, 0x14, 0x08, 0x39, 0xF1, 0x28, 0xF6, 0x08, 0x0C, 0x42, 0xF1, 0x14, 0x0C
	.byte 0x42, 0xF1, 0x28, 0x0C, 0x39, 0xF1, 0x14, 0x0C, 0x39, 0xF1, 0x28, 0x10, 0x40, 0xF1, 0x14, 0x08
	.byte 0x40, 0xF1, 0x28, 0x08, 0x39, 0xF1, 0x14, 0x08, 0x39, 0xF1, 0x28, 0xF6, 0x08, 0x0C, 0x42, 0xF1
	.byte 0x14, 0x0C, 0x42, 0xF1, 0x28, 0x0C, 0x39, 0xF1, 0x14, 0x0C, 0x39, 0xF1, 0x28, 0x0C, 0x40, 0x0C
	.byte 0x42, 0x10, 0x43, 0xF1, 0x14, 0x08, 0x43, 0xF1, 0x28, 0x0C, 0x42, 0xF1, 0x14, 0x0C, 0x42, 0xF1
	.byte 0x28, 0x0C, 0x39, 0xF1, 0x14, 0x0C, 0x39, 0xF1, 0x28, 0x10, 0x40, 0xF1, 0x14, 0x08, 0x40, 0xF1
	.byte 0x28, 0x08, 0x3B, 0xF1, 0x14, 0x04, 0x3B, 0xF1, 0x28, 0x08, 0x3D, 0xF1, 0x14, 0x02, 0x3D, 0xF8
	.byte 0x19, 0xFD, 0xFF, 0xF9, 0x50, 0xF6, 0x01, 0xF0, 0xC1, 0xF1, 0x28, 0x10, 0x32, 0xF1, 0x14, 0x10
	.byte 0x32, 0xF1, 0x28, 0xF6, 0x28, 0x10, 0x32, 0xF1, 0x14, 0x08, 0x32, 0xF1, 0x28, 0x18, 0x2D, 0xF1
	.byte 0x14, 0x10, 0x2D, 0xF1, 0x28, 0xF6, 0x38, 0x10, 0x2E, 0xF1, 0x14, 0x10, 0x2E, 0xF1, 0x28, 0xF6
	.byte 0x10, 0x10, 0x2E, 0xF1, 0x14, 0x10, 0x2E, 0xF1, 0x28, 0xF6, 0x10, 0x20, 0x29, 0xF1, 0x14, 0x10
	.byte 0x29, 0xF1, 0x28, 0xF6, 0x30, 0x10, 0x2E, 0xF1, 0x14, 0x10, 0x2E, 0xF1, 0x28, 0xF6, 0x28, 0x10
	.byte 0x2E, 0xF1, 0x14, 0x08, 0x2E, 0xF1, 0x28, 0x18, 0x2D, 0xF1, 0x14, 0x10, 0x2D, 0xF1, 0x28, 0xF6
	.byte 0x38, 0x10, 0x2B, 0xF1, 0x14, 0x10, 0x2B, 0xF1, 0x28, 0xF6, 0x10, 0x10, 0x2C, 0xF1, 0x14, 0x10
	.byte 0x2B, 0xF1, 0x28, 0xF6, 0x10, 0x20, 0x2D, 0xF1, 0x14, 0x10, 0x2D, 0xF1, 0x28, 0xF6, 0x2F, 0xF6
	.byte 0x30, 0xF0, 0xBE, 0xF2, 0xB4, 0xF1, 0x64, 0x10, 0x4D, 0xF6, 0x50, 0x10, 0x4C, 0xF6, 0x20, 0xF6
	.byte 0x30, 0x10, 0x4D, 0xF6, 0x50, 0x14, 0x4B, 0xF6, 0x1C, 0xF6, 0x30, 0x10, 0x4D, 0xF6, 0x50, 0x10
	.byte 0x4B, 0xF6, 0x20, 0xF6, 0x30, 0x10, 0x4D, 0xF6, 0x50, 0x2A, 0x4F, 0xF6, 0x06, 0x0C, 0x51, 0xF6
	.byte 0x24, 0xF6, 0x01, 0xF0, 0xC1, 0xF1, 0x28, 0xF6, 0x30, 0x20, 0x35, 0xF1, 0x14, 0x10, 0x35, 0xF1
	.byte 0x28, 0xF6, 0x30, 0xF1, 0x28, 0x20, 0x35, 0xF1, 0x14, 0x10, 0x35, 0xF1, 0x28, 0xF6, 0x30, 0x20
	.byte 0x35, 0xF1, 0x14, 0x10, 0x35, 0xF1, 0x28, 0xF6, 0x30, 0x20, 0x35, 0xF1, 0x14, 0x10, 0x35, 0xF1
	.byte 0x28, 0xF6, 0x30, 0x20, 0x35, 0xF1, 0x14, 0x10, 0x35, 0xF1, 0x28, 0xF6, 0x30, 0x20, 0x35, 0xF1
	.byte 0x14, 0x10, 0x35, 0xF1, 0x28, 0xF6, 0x30, 0x20, 0x35, 0xF1, 0x14, 0x10, 0x35, 0xF1, 0x28, 0x20
	.byte 0x34, 0xF1, 0x14, 0x10, 0x34, 0xF1, 0x28, 0x20, 0x32, 0xF1, 0x14, 0x10, 0x32, 0xF1, 0x28, 0xF6
	.byte 0x30, 0x20, 0x32, 0xF1, 0x14, 0x10, 0x32, 0xF1, 0x28, 0xF6, 0x30, 0x20, 0x32, 0xF1, 0x14, 0x10
	.byte 0x32, 0xF1, 0x28, 0xF6, 0x30, 0x20, 0x32, 0xF1, 0x14, 0x10, 0x32, 0xF1, 0x28, 0xF6, 0x30, 0x20
	.byte 0x32, 0xF1, 0x14, 0x10, 0x32, 0xF1, 0x28, 0xF6, 0x30, 0x20, 0x32, 0xF1, 0x14, 0x10, 0x32, 0xF1
	.byte 0x28, 0xF6, 0x30, 0x20, 0x32, 0xF1, 0x14, 0x10, 0x32, 0xF1, 0x28, 0xF6, 0x30, 0x20, 0x32, 0xF1
	.byte 0x14, 0x10, 0x32, 0xF1, 0x28, 0x20, 0x2D, 0xF1, 0x14, 0x0F, 0x2D, 0xF8, 0xA5, 0xFE, 0xFF, 0x00
	.byte 0xFC, 0x03, 0x12, 0x00, 0x46, 0x04, 0x76, 0x08, 0xBC, 0x0C, 0xF2, 0x15, 0xA0, 0x18, 0x4C, 0x1B
	.byte 0x8E, 0x0F, 0xF9, 0xC8, 0xF6, 0x01, 0xF0, 0x0A, 0xF2, 0x68, 0xF1, 0x78, 0x08, 0x43, 0xF1, 0x3C
	.byte 0x08, 0x43, 0xF1, 0x78, 0xF6, 0x08, 0x0C, 0x43, 0xF1, 0x3C, 0x0C, 0x43, 0xF1, 0x78, 0x14, 0x45
	.byte 0xF1, 0x3C, 0x04, 0x45, 0xF1, 0x78, 0x0C, 0x46, 0xF1, 0x3C, 0x0C, 0x46, 0xF1, 0x78, 0xF6, 0x18
	.byte 0x0C, 0x43, 0xF1, 0x3C, 0x0C, 0x43, 0xF1, 0x78, 0x0C, 0x45, 0xF1, 0x3C, 0x0C, 0x45, 0xF1, 0x78
	.byte 0x00, 0xC6, 0x18, 0x90, 0x46, 0xF1, 0x3C, 0x0C, 0x46, 0xF1, 0x78, 0xF6, 0x24, 0xF6, 0x18, 0x0C
	.byte 0x48, 0x0C, 0x46, 0x0C, 0x45, 0xF1, 0x3C, 0x0C, 0x45, 0xF1, 0x78, 0x0C, 0x46, 0xF1, 0x3C, 0x0C
	.byte 0x46, 0xF1, 0x78, 0x24, 0x45, 0xF1, 0x3C, 0x0C, 0x45, 0xF1, 0x78, 0x0C, 0x42, 0xF1, 0x3C, 0x0C
	.byte 0x42, 0xF1, 0x78, 0x00, 0xC3, 0x18, 0xA8, 0x43, 0xF1, 0x78, 0x0C, 0x43, 0xF1, 0x78, 0xF6, 0x0C
	.byte 0xF6, 0x18, 0x0C, 0x4A, 0x0C, 0x48, 0x0C, 0x46, 0xF1, 0x3C, 0x0C, 0x46, 0xF1, 0x78, 0x0C, 0x48
	.byte 0xF1, 0x3C, 0x0C, 0x48, 0xF1, 0x78, 0x24, 0x46, 0xF1, 0x3C, 0x0C, 0x46, 0xF1, 0x78, 0x0C, 0x42
	.byte 0xF1, 0x3C, 0x0C, 0x42, 0xF1, 0x78, 0xF6, 0x18, 0xF6, 0x18, 0x0C, 0x43, 0xF1, 0x3C, 0x0C, 0x43
	.byte 0xF1, 0x78, 0xF6, 0x18, 0x0C, 0x45, 0xF1, 0x3C, 0x0C, 0x45, 0xF1, 0x78, 0xF6, 0x18, 0x0C, 0x46
	.byte 0xF1, 0x3C, 0x0C, 0x46, 0xF1, 0x78, 0xF6, 0x18, 0x0C, 0x48, 0xF1, 0x3C, 0x0C, 0x48, 0xF1, 0x78
	.byte 0xF6, 0x18, 0x0C, 0x48, 0xF1, 0x3C, 0x0C, 0x48, 0xF1, 0x78, 0xF6, 0x18, 0x0C, 0x4A, 0xF1, 0x3C
	.byte 0x0C, 0x4A, 0xF1, 0x78, 0xF6, 0x18, 0x0C, 0x4B, 0xF1, 0x3C, 0x0C, 0x4B, 0xF1, 0x78, 0xF6, 0x18
	.byte 0x0C, 0x4D, 0xF1, 0x3C, 0x0C, 0x4D, 0xF1, 0x78, 0xF6, 0x18, 0x0C, 0x4F, 0xF1, 0x3C, 0x0C, 0x4F
	.byte 0xF1, 0x78, 0xF6, 0x18, 0x0C, 0x51, 0xF1, 0x3C, 0x0C, 0x51, 0xF1, 0x78, 0xF6, 0x18, 0x0C, 0x52
	.byte 0xF1, 0x3C, 0x0C, 0x52, 0xF1, 0x78, 0xF6, 0x18, 0x0C, 0x54, 0xF1, 0x3C, 0x0C, 0x54, 0xF1, 0x78
	.byte 0x08, 0x43, 0xF1, 0x3C, 0x08, 0x43, 0xF1, 0x78, 0xF6, 0x08, 0x0C, 0x43, 0xF1, 0x3C, 0x0C, 0x43
	.byte 0xF1, 0x78, 0x14, 0x45, 0xF1, 0x3C, 0x04, 0x45, 0xF1, 0x78, 0x0C, 0x46, 0xF1, 0x3C, 0x0C, 0x46
	.byte 0xF1, 0x78, 0xF6, 0x18, 0x0C, 0x43, 0xF1, 0x3C, 0x0C, 0x43, 0xF1, 0x78, 0x0C, 0x45, 0xF1, 0x3C
	.byte 0x0C, 0x45, 0xF1, 0x78, 0x00, 0xC6, 0x18, 0x90, 0x46, 0xF1, 0x3C, 0x0C, 0x46, 0xF1, 0x78, 0xF6
	.byte 0x24, 0xF6, 0x18, 0x0C, 0x48, 0x0C, 0x46, 0x0C, 0x45, 0xF1, 0x3C, 0x0C, 0x45, 0xF1, 0x78, 0x0C
	.byte 0x46, 0xF1, 0x3C, 0x0C, 0x46, 0xF1, 0x78, 0x24, 0x45, 0xF1, 0x3C, 0x0C, 0x45, 0xF1, 0x78, 0x0C
	.byte 0x42, 0xF1, 0x3C, 0x0C, 0x42, 0xF1, 0x78, 0x00, 0xC3, 0x18, 0xA8, 0x43, 0xF1, 0x3C, 0x0C, 0x43
	.byte 0xF1, 0x78, 0xF6, 0x0C, 0xF6, 0x18, 0x0C, 0x4A, 0x0C, 0x48, 0x0C, 0x46, 0xF1, 0x3C, 0x0C, 0x46
	.byte 0xF1, 0x78, 0x0C, 0x48, 0xF1, 0x3C, 0x0C, 0x48, 0xF1, 0x78, 0x24, 0x46, 0xF1, 0x3C, 0x0C, 0x46
	.byte 0xF1, 0x78, 0x0C, 0x42, 0xF1, 0x3C, 0x0C, 0x42, 0xF1, 0x78, 0xF6, 0x18, 0xF6, 0x18, 0x0C, 0x43
	.byte 0xF1, 0x3C, 0x0C, 0x43, 0xF1, 0x78, 0xF6, 0x18, 0x0C, 0x45, 0xF1, 0x3C, 0x0C, 0x45, 0xF1, 0x78
	.byte 0xF6, 0x18, 0x0C, 0x46, 0xF1, 0x3C, 0x0C, 0x46, 0xF1, 0x78, 0xF6, 0x18, 0x0C, 0x48, 0xF1, 0x78
	.byte 0xF6, 0x0C, 0xF1, 0x78, 0xF6, 0x18, 0x0C, 0x48, 0xF1, 0x3C, 0x0C, 0x48, 0xF1, 0x78, 0xF6, 0x18
	.byte 0x0C, 0x4A, 0xF1, 0x3C, 0x0C, 0x4A, 0xF1, 0x78, 0xF6, 0x18, 0x0C, 0x4B, 0xF1, 0x3C, 0x0C, 0x4B
	.byte 0xF1, 0x78, 0xF6, 0x18, 0x0C, 0x4D, 0xF1, 0x3C, 0x0C, 0x4D, 0xF1, 0x78, 0xF6, 0x18, 0x0C, 0x4F
	.byte 0xF1, 0x3C, 0x0C, 0x4F, 0xF1, 0x78, 0xF6, 0x18, 0x0C, 0x51, 0xF1, 0x3C, 0x0C, 0x51, 0xF1, 0x78
	.byte 0xF6, 0x18, 0x0C, 0x52, 0xF1, 0x3C, 0x0C, 0x52, 0xF1, 0x78, 0xF6, 0x18, 0x0C, 0x54, 0xF1, 0x3C
	.byte 0x0C, 0x54, 0xF1, 0x78, 0xF0, 0x02, 0xF1, 0x8C, 0x24, 0x3E, 0x0C, 0x3C, 0x24, 0x3E, 0x0C, 0x3C
	.byte 0x24, 0x3E, 0x0C, 0x3F, 0x18, 0x41, 0x18, 0x3F, 0x24, 0x3E, 0x0C, 0x3C, 0x24, 0x3E, 0x0C, 0x3F
	.byte 0x24, 0x41, 0x0C, 0x43, 0x18, 0x41, 0x18, 0x3F, 0x24, 0x41, 0x0C, 0x3F, 0x24, 0x41, 0x0C, 0x3F
	.byte 0x24, 0x41, 0x0C, 0x42, 0x18, 0x44, 0x18, 0x42, 0x24, 0x41, 0x0C, 0x3F, 0x24, 0x41, 0x0C, 0x42
	.byte 0x24, 0x44, 0x0C, 0x46, 0x18, 0x44, 0x18, 0x42, 0x24, 0x3E, 0x0C, 0x3C, 0x24, 0x3E, 0x0C, 0x3C
	.byte 0x24, 0x3E, 0x0C, 0x3F, 0x18, 0x41, 0x18, 0x3F, 0x24, 0x3E, 0x0C, 0x3C, 0x24, 0x3E, 0x0C, 0x3F
	.byte 0x24, 0x41, 0x0C, 0x43, 0x18, 0x41, 0x18, 0x3F, 0x24, 0x41, 0x0C, 0x3F, 0x24, 0x41, 0x0C, 0x3F
	.byte 0x24, 0x41, 0x0C, 0x42, 0x18, 0x44, 0x18, 0x42, 0x24, 0x41, 0x0C, 0x3F, 0x24, 0x41, 0x0C, 0x42
	.byte 0x24, 0x44, 0x0C, 0x46, 0x18, 0x44, 0x18, 0x42, 0x18, 0x39, 0x18, 0x39, 0xF1, 0x8C, 0x0C, 0x39
	.byte 0xF1, 0x8C, 0xF6, 0x24, 0x18, 0x39, 0x18, 0x39, 0xF1, 0x3C, 0x0C, 0x39, 0xF1, 0x8C, 0xF6, 0x24
	.byte 0x18, 0x39, 0x18, 0x39, 0xF1, 0x3C, 0x0C, 0x39, 0xF1, 0x8C, 0xF6, 0x0C, 0x30, 0x39, 0xF1, 0x3C
	.byte 0x0C, 0x39, 0xF1, 0x8C, 0xF6, 0x3C, 0x18, 0x3A, 0x18, 0x3A, 0xF1, 0x3C, 0x0C, 0x3A, 0xF1, 0x8C
	.byte 0xF6, 0x24, 0x18, 0x3A, 0x18, 0x3A, 0xF1, 0x3C, 0x0C, 0x3A, 0xF1, 0x8C, 0xF6, 0x24, 0x18, 0x3A
	.byte 0x18, 0x3A, 0xF1, 0x3C, 0x0C, 0x3A, 0xF1, 0x8C, 0xF6, 0x0C, 0x30, 0x3A, 0xF1, 0x3C, 0x0C, 0x3A
	.byte 0xF1, 0x8C, 0xF6, 0x3C, 0x18, 0x39, 0x18, 0x39, 0xF1, 0x8C, 0x0C, 0x39, 0xF1, 0x8C, 0xF6, 0x24
	.byte 0x18, 0x39, 0x18, 0x39, 0xF1, 0x3C, 0x0C, 0x39, 0xF1, 0x8C, 0xF6, 0x24, 0x18, 0x39, 0x18, 0x39
	.byte 0xF1, 0x3C, 0x0C, 0x39, 0xF1, 0x8C, 0xF6, 0x0C, 0x30, 0x39, 0xF1, 0x3C, 0x0C, 0x39, 0xF1, 0x8C
	.byte 0xF6, 0x3C, 0x18, 0x3A, 0x18, 0x3A, 0xF1, 0x3C, 0x0C, 0x3A, 0xF1, 0x8C, 0xF6, 0x24, 0x18, 0x3A
	.byte 0x18, 0x3A, 0xF1, 0x3C, 0x0C, 0x3A, 0xF1, 0x8C, 0xF6, 0x24, 0x18, 0x3A, 0x18, 0x3A, 0xF1, 0x3C
	.byte 0x0C, 0x3A, 0xF1, 0x8C, 0xF6, 0x0C, 0x30, 0x3A, 0xF1, 0x3C, 0x0C, 0x3A, 0xF1, 0x8C, 0xF6, 0x3C
	.byte 0x24, 0x39, 0x0C, 0x37, 0x24, 0x39, 0x0C, 0x37, 0x24, 0x39, 0x0C, 0x3A, 0x18, 0x3C, 0x18, 0x3A
	.byte 0x24, 0x39, 0x0C, 0x37, 0x24, 0x39, 0x0C, 0x3A, 0x24, 0x3C, 0x0C, 0x3E, 0x18, 0x3C, 0x18, 0x3A
	.byte 0x24, 0x3E, 0x0C, 0x3C, 0x24, 0x3E, 0x0C, 0x3C, 0x24, 0x3E, 0x0C, 0x3F, 0x18, 0x41, 0x18, 0x3F
	.byte 0x24, 0x3E, 0x0C, 0x3C, 0x24, 0x3E, 0x0C, 0x3F, 0x24, 0x41, 0x0C, 0x43, 0x18, 0x41, 0x18, 0x3F
	.byte 0x24, 0x39, 0x0C, 0x37, 0x24, 0x39, 0x0C, 0x37, 0x24, 0x39, 0x0C, 0x3A, 0x18, 0x3C, 0x18, 0x3A
	.byte 0x24, 0x39, 0x0C, 0x37, 0x24, 0x39, 0x0C, 0x3A, 0x24, 0x3C, 0x0C, 0x3E, 0x18, 0x3C, 0x18, 0x3A
	.byte 0x24, 0x3E, 0x0C, 0x3C, 0x24, 0x3E, 0x0C, 0x3C, 0x24, 0x3E, 0x0C, 0x3F, 0x18, 0x41, 0x18, 0x3F
	.byte 0x24, 0x3E, 0x0C, 0x3C, 0x24, 0x3E, 0x0C, 0x3F, 0x24, 0x41, 0x0C, 0x43, 0x18, 0x41, 0x18, 0x3F
	.byte 0x18, 0x39, 0x18, 0x39, 0xF1, 0x3C, 0x0C, 0x39, 0xF1, 0x8C, 0xF6, 0x24, 0x18, 0x39, 0x18, 0x39
	.byte 0xF1, 0x3C, 0x0C, 0x39, 0xF1, 0x8C, 0xF6, 0x24, 0xF0, 0x0A, 0xF6, 0x18, 0x0C, 0x43, 0xF1, 0x3C
	.byte 0x0C, 0x43, 0xF1, 0x78, 0xF6, 0x18, 0x0C, 0x45, 0xF1, 0x3C, 0x0C, 0x45, 0xF1, 0x78, 0xF6, 0x18
	.byte 0x0C, 0x46, 0xF1, 0x3C, 0x0C, 0x46, 0xF1, 0x78, 0xF6, 0x18, 0x0C, 0x48, 0xF1, 0x3C, 0x0B, 0x48
	.byte 0xF1, 0x78, 0xF8, 0xCD, 0xFB, 0xFF, 0xF9, 0xC8, 0xF0, 0x0A, 0xF2, 0x94, 0xF1, 0x8C, 0x08, 0x30
	.byte 0xF1, 0x46, 0x08, 0x30, 0xF1, 0x8C, 0xF6, 0x08, 0x0C, 0x30, 0xF1, 0x46, 0x0C, 0x30, 0xF1, 0x8C
	.byte 0x14, 0x36, 0xF1, 0x46, 0x04, 0x36, 0xF1, 0x8C, 0x0C, 0x37, 0xF1, 0x46, 0x0C, 0x37, 0xF1, 0x8C
	.byte 0xF6, 0x18, 0x0C, 0x30, 0xF1, 0x46, 0x0C, 0x30, 0xF1, 0x8C, 0x0C, 0x36, 0xF1, 0x46, 0x0C, 0x36
	.byte 0xF1, 0x8C, 0x00, 0xB7, 0x18, 0x90, 0x37, 0xF1, 0x46, 0x0C, 0x37, 0xF1, 0x8C, 0xF6, 0x24, 0xF6
	.byte 0x18, 0x0C, 0x39, 0x0C, 0x37, 0x0C, 0x36, 0xF1, 0x46, 0x0C, 0x36, 0xF1, 0x8C, 0x0C, 0x37, 0xF1
	.byte 0x46, 0x0C, 0x37, 0xF1, 0x8C, 0x24, 0x36, 0xF1, 0x46, 0x0C, 0x36, 0xF1, 0x8C, 0x0C, 0x30, 0xF1
	.byte 0x46, 0x0C, 0x30, 0xF1, 0x8C, 0x00, 0xB0, 0x18, 0xA8, 0x30, 0xF1, 0x46, 0x0C, 0x30, 0xF1, 0x8C
	.byte 0xF6, 0x0C, 0xF6, 0x18, 0x0C, 0x3A, 0x0C, 0x39, 0x0C, 0x37, 0xF1, 0x46, 0x0C, 0x37, 0xF1, 0x8C
	.byte 0x0C, 0x39, 0xF1, 0x46, 0x0C, 0x39, 0xF1, 0x8C, 0x24, 0x37, 0xF1, 0x3C, 0x0C, 0x37, 0xF1, 0x8C
	.byte 0x0C, 0x30, 0xF1, 0x46, 0x0C, 0x30, 0xF1, 0x8C, 0xF6, 0x18, 0xF6, 0x18, 0x0C, 0x32, 0xF1, 0x46
	.byte 0x0C, 0x32, 0xF1, 0x8C, 0xF6, 0x18, 0x0C, 0x32, 0xF1, 0x46, 0x0C, 0x32, 0xF1, 0x8C, 0xF6, 0x18
	.byte 0x0C, 0x32, 0xF1, 0x46, 0x0C, 0x32, 0xF1, 0x8C, 0xF6, 0x18, 0x0C, 0x32, 0xF1, 0x46, 0x0C, 0x32
	.byte 0xF1, 0x8C, 0xF6, 0x18, 0x0C, 0x37, 0xF1, 0x46, 0x0C, 0x37, 0xF1, 0x8C, 0xF6, 0x18, 0x0C, 0x37
	.byte 0xF1, 0x46, 0x0C, 0x37, 0xF1, 0x8C, 0xF6, 0x18, 0x0C, 0x37, 0xF1, 0x46, 0x0C, 0x37, 0xF1, 0x8C
	.byte 0xF6, 0x18, 0x0C, 0x37, 0xF1, 0x46, 0x0C, 0x37, 0xF1, 0x8C, 0xF6, 0x18, 0x0C, 0x3E, 0xF1, 0x46
	.byte 0x0C, 0x3E, 0xF1, 0x8C, 0xF6, 0x18, 0x0C, 0x3E, 0xF1, 0x46, 0x0C, 0x3E, 0xF1, 0x8C, 0xF6, 0x18
	.byte 0x0C, 0x3E, 0xF1, 0x46, 0x0C, 0x3E, 0xF1, 0x8C, 0xF6, 0x18, 0x0C, 0x3E, 0xF1, 0x46, 0x0C, 0x3E
	.byte 0xF1, 0x8C, 0x08, 0x30, 0xF1, 0x46, 0x08, 0x30, 0xF1, 0x8C, 0xF6, 0x08, 0x0C, 0x30, 0xF1, 0x46
	.byte 0x0C, 0x30, 0xF1, 0x8C, 0x14, 0x36, 0xF1, 0x46, 0x04, 0x36, 0xF1, 0x8C, 0x0C, 0x37, 0xF1, 0x46
	.byte 0x0C, 0x37, 0xF1, 0x8C, 0xF6, 0x18, 0x0C, 0x30, 0xF1, 0x46, 0x0C, 0x30, 0xF1, 0x8C, 0x0C, 0x36
	.byte 0xF1, 0x46, 0x0C, 0x36, 0xF1, 0x8C, 0x00, 0xB7, 0x18, 0x90, 0x37, 0xF1, 0x46, 0x0C, 0x37, 0xF1
	.byte 0x8C, 0xF6, 0x24, 0xF6, 0x18, 0x0C, 0x39, 0x0C, 0x37, 0x0C, 0x36, 0xF1, 0x46, 0x0C, 0x36, 0xF1
	.byte 0x8C, 0x0C, 0x37, 0xF1, 0x46, 0x0C, 0x37, 0xF1, 0x8C, 0x24, 0x36, 0xF1, 0x46, 0x0C, 0x36, 0xF1
	.byte 0x8C, 0x0C, 0x30, 0xF1, 0x46, 0x0C, 0x30, 0xF1, 0x8C, 0x00, 0xB0, 0x18, 0xA8, 0x30, 0xF1, 0x46
	.byte 0x0C, 0x30, 0xF1, 0x8C, 0xF6, 0x0C, 0xF6, 0x18, 0x0C, 0x3A, 0x0C, 0x39, 0x0C, 0x37, 0xF1, 0x46
	.byte 0x0C, 0x37, 0xF1, 0x8C, 0x0C, 0x39, 0xF1, 0x46, 0x0C, 0x39, 0xF1, 0x8C, 0x24, 0x37, 0xF1, 0x46
	.byte 0x0C, 0x37, 0xF1, 0x8C, 0x0C, 0x30, 0xF1, 0x46, 0x0C, 0x30, 0xF1, 0x8C, 0xF6, 0x18, 0xF6, 0x18
	.byte 0x0C, 0x32, 0xF1, 0x46, 0x0C, 0x32, 0xF1, 0x8C, 0xF6, 0x18, 0x0C, 0x32, 0xF1, 0x46, 0x0C, 0x32
	.byte 0xF1, 0x8C, 0xF6, 0x18, 0x0C, 0x32, 0xF1, 0x46, 0x0C, 0x32, 0xF1, 0x8C, 0xF6, 0x18, 0x0C, 0x32
	.byte 0xF1, 0x46, 0x0C, 0x32, 0xF1, 0x8C, 0xF6, 0x18, 0x0C, 0x37, 0xF1, 0x46, 0x0C, 0x37, 0xF1, 0x8C
	.byte 0xF6, 0x18, 0x0C, 0x37, 0xF1, 0x46, 0x0C, 0x37, 0xF1, 0x8C, 0xF6, 0x18, 0x0C, 0x37, 0xF1, 0x46
	.byte 0x0C, 0x37, 0xF1, 0x8C, 0xF6, 0x18, 0x0C, 0x37, 0xF1, 0x46, 0x0C, 0x37, 0xF1, 0x8C, 0xF6, 0x18
	.byte 0x0C, 0x3E, 0xF1, 0x46, 0x0C, 0x32, 0xF1, 0x8C, 0xF6, 0x18, 0x0C, 0x3E, 0xF1, 0x46, 0x0C, 0x32
	.byte 0xF1, 0x8C, 0xF6, 0x18, 0x0C, 0x3E, 0xF1, 0x46, 0x0C, 0x32, 0xF1, 0x8C, 0xF6, 0x18, 0x0C, 0x3E
	.byte 0xF1, 0x46, 0x0C, 0x32, 0xF1, 0x8C, 0xF0, 0x02, 0xF1, 0xA0, 0x24, 0x2B, 0x0C, 0x2B, 0x24, 0x2B
	.byte 0x0C, 0x2B, 0x24, 0x2B, 0x0C, 0x30, 0x18, 0x32, 0x18, 0x30, 0x24, 0x2B, 0x0C, 0x2B, 0x24, 0x2B
	.byte 0x0C, 0x30, 0x24, 0x32, 0x0C, 0x33, 0x18, 0x32, 0x18, 0x30, 0x24, 0x2E, 0x0C, 0x2E, 0x24, 0x2E
	.byte 0x0C, 0x2E, 0x24, 0x2E, 0x0C, 0x33, 0x18, 0x35, 0x18, 0x33, 0x24, 0x2E, 0x0C, 0x2E, 0x24, 0x2E
	.byte 0x0C, 0x33, 0x24, 0x35, 0x0C, 0x36, 0x18, 0x35, 0x18, 0x33, 0x24, 0x2B, 0x0C, 0x2B, 0x24, 0x2B
	.byte 0x0C, 0x2B, 0x24, 0x2B, 0x0C, 0x30, 0x18, 0x32, 0x18, 0x30, 0x24, 0x2B, 0x0C, 0x2B, 0x24, 0x2B
	.byte 0x0C, 0x30, 0x24, 0x32, 0x0C, 0x33, 0x18, 0x32, 0x18, 0x30, 0x24, 0x2E, 0x0C, 0x2E, 0x24, 0x2E
	.byte 0x0C, 0x2E, 0x24, 0x2E, 0x0C, 0x33, 0x18, 0x35, 0x18, 0x33, 0x24, 0x2E, 0x0C, 0x2E, 0x24, 0x2E
	.byte 0x0C, 0x33, 0x24, 0x35, 0x0C, 0x36, 0x18, 0x35, 0x18, 0x33, 0x18, 0x35, 0x18, 0x35, 0xF1, 0x50
	.byte 0x0C, 0x35, 0xF1, 0xA0, 0xF6, 0x24, 0x18, 0x35, 0x18, 0x35, 0xF1, 0x50, 0x0C, 0x35, 0xF1, 0xA0
	.byte 0xF6, 0x24, 0x18, 0x35, 0x18, 0x35, 0xF1, 0x50, 0x0C, 0x35, 0xF1, 0xA0, 0xF6, 0x0C, 0x30, 0x35
	.byte 0xF1, 0x50, 0x0C, 0x35, 0xF1, 0xA0, 0xF6, 0x3C, 0x18, 0x36, 0x18, 0x36, 0xF1, 0x50, 0x0C, 0x36
	.byte 0xF1, 0xA0, 0xF6, 0x24, 0x18, 0x36, 0x18, 0x36, 0xF1, 0x50, 0x0C, 0x36, 0xF1, 0xA0, 0xF6, 0x24
	.byte 0x18, 0x36, 0x18, 0x36, 0xF1, 0x50, 0x0C, 0x36, 0xF1, 0xA0, 0xF6, 0x0C, 0x30, 0x36, 0xF1, 0x50
	.byte 0x0C, 0x36, 0xF1, 0xA0, 0xF6, 0x3C, 0x18, 0x35, 0x18, 0x35, 0xF1, 0x50, 0x0C, 0x35, 0xF1, 0xA0
	.byte 0xF6, 0x24, 0x18, 0x35, 0x18, 0x35, 0xF1, 0x50, 0x0C, 0x35, 0xF1, 0xA0, 0xF6, 0x24, 0x18, 0x35
	.byte 0x18, 0x35, 0xF1, 0x50, 0x0C, 0x35, 0xF1, 0xA0, 0xF6, 0x0C, 0x30, 0x35, 0xF1, 0x50, 0x0C, 0x35
	.byte 0xF1, 0xA0, 0xF6, 0x3C, 0x18, 0x36, 0x18, 0x36, 0xF1, 0x50, 0x0C, 0x36, 0xF1, 0xA0, 0xF6, 0x24
	.byte 0x18, 0x36, 0x18, 0x36, 0xF1, 0x50, 0x0C, 0x36, 0xF1, 0xA0, 0xF6, 0x24, 0x18, 0x36, 0x18, 0x36
	.byte 0xF1, 0x50, 0x0C, 0x36, 0xF1, 0xA0, 0xF6, 0x0C, 0x30, 0x36, 0xF1, 0x50, 0x0C, 0x36, 0xF1, 0xA0
	.byte 0xF6, 0x3C, 0x24, 0x26, 0x0C, 0x26, 0x24, 0x26, 0x0C, 0x26, 0x24, 0x26, 0x0C, 0x2B, 0x18, 0x2D
	.byte 0x18, 0x2B, 0x24, 0x26, 0x0C, 0x26, 0x24, 0x26, 0x0C, 0x2B, 0x24, 0x2D, 0x0C, 0x2E, 0x18, 0x2D
	.byte 0x18, 0x2B, 0x24, 0x2B, 0x0C, 0x2B, 0x24, 0x2B, 0x0C, 0x2B, 0x24, 0x2B, 0x0C, 0x30, 0x18, 0x32
	.byte 0x18, 0x30, 0x24, 0x2B, 0x0C, 0x2B, 0x24, 0x2B, 0x0C, 0x30, 0x24, 0x32, 0x0C, 0x33, 0x18, 0x32
	.byte 0x18, 0x30, 0x24, 0x26, 0x0C, 0x26, 0x24, 0x26, 0x0C, 0x26, 0x24, 0x26, 0x0C, 0x2B, 0x18, 0x2D
	.byte 0x18, 0x2B, 0x24, 0x26, 0x0C, 0x26, 0x24, 0x26, 0x0C, 0x2B, 0x24, 0x2D, 0x0C, 0x2E, 0x18, 0x2D
	.byte 0x18, 0x2B, 0x24, 0x2B, 0x0C, 0x2B, 0x24, 0x2B, 0x0C, 0x2B, 0x24, 0x2B, 0x0C, 0x30, 0x18, 0x32
	.byte 0x18, 0x30, 0x24, 0x2B, 0x0C, 0x2B, 0x24, 0x2B, 0x0C, 0x30, 0x24, 0x32, 0x0C, 0x33, 0x18, 0x32
	.byte 0x18, 0x30, 0x18, 0x35, 0x18, 0x35, 0xF1, 0x50, 0x0C, 0x35, 0xF1, 0xA0, 0xF6, 0x24, 0x18, 0x35
	.byte 0x18, 0x35, 0xF1, 0x50, 0x0C, 0x35, 0xF1, 0xA0, 0xF6, 0x24, 0xF0, 0x0A, 0xF6, 0x18, 0x0C, 0x3E
	.byte 0xF1, 0x50, 0x0C, 0x3E, 0xF1, 0xA0, 0xF6, 0x18, 0x0C, 0x3E, 0xF1, 0x50, 0x0C, 0x3E, 0xF1, 0xA0
	.byte 0xF6, 0x18, 0x0C, 0x3E, 0xF1, 0x50, 0x0C, 0x3E, 0xF1, 0xA0, 0xF6, 0x18, 0x0C, 0x3E, 0xF1, 0x50
	.byte 0x0C, 0x3E, 0xF8, 0xD1, 0xFB, 0xFF, 0xF9, 0xC8, 0xF0, 0x03, 0xF1, 0xF0, 0x0C, 0x30, 0xF6, 0x0C
	.byte 0x0A, 0x30, 0xF6, 0x0E, 0x0A, 0x36, 0xF6, 0x0E, 0x0A, 0x37, 0xF6, 0x0E, 0x0C, 0x30, 0xF6, 0x0C
	.byte 0x0A, 0x30, 0xF6, 0x0E, 0x0A, 0x36, 0xF6, 0x0E, 0x0A, 0x37, 0xF6, 0x0E, 0x0C, 0x30, 0xF6, 0x0C
	.byte 0x0A, 0x36, 0xF6, 0x0E, 0x0A, 0x37, 0xF6, 0x0E, 0x0A, 0x2B, 0xF6, 0x0E, 0x0C, 0x30, 0xF6, 0x0C
	.byte 0x0A, 0x30, 0xF6, 0x0E, 0x0A, 0x36, 0xF6, 0x0E, 0x0A, 0x37, 0xF6, 0x0E, 0x0C, 0x30, 0xF6, 0x0C
	.byte 0x0A, 0x30, 0xF6, 0x0E, 0x0A, 0x36, 0xF6, 0x0E, 0x0A, 0x37, 0xF6, 0x0E, 0x0C, 0x30, 0xF6, 0x0C
	.byte 0x0A, 0x30, 0xF6, 0x0E, 0x0A, 0x36, 0xF6, 0x0E, 0x0A, 0x37, 0xF6, 0x0E, 0x0C, 0x30, 0xF6, 0x0C
	.byte 0x0A, 0x36, 0xF6, 0x0E, 0x0A, 0x37, 0xF6, 0x0E, 0x0A, 0x2B, 0xF6, 0x0E, 0x0C, 0x30, 0xF6, 0x0C
	.byte 0x0A, 0x30, 0xF6, 0x0E, 0x0A, 0x36, 0xF6, 0x0E, 0x0A, 0x37, 0xF6, 0x0E, 0x0C, 0x30, 0xF6, 0x0C
	.byte 0x0A, 0x30, 0xF6, 0x0E, 0x0A, 0x36, 0xF6, 0x0E, 0x0A, 0x37, 0xF6, 0x0E, 0x0C, 0x30, 0xF6, 0x0C
	.byte 0x0A, 0x30, 0xF6, 0x0E, 0x0A, 0x36, 0xF6, 0x0E, 0x0A, 0x37, 0xF6, 0x0E, 0x0C, 0x30, 0xF6, 0x0C
	.byte 0x10, 0x2B, 0xF6, 0x20, 0x10, 0x2B, 0xF6, 0x20, 0x10, 0x2B, 0xF6, 0x08, 0x0A, 0x37, 0xF6, 0x0E
	.byte 0x0C, 0x2B, 0xF6, 0x0C, 0x0C, 0x37, 0xF6, 0x0C, 0x10, 0x30, 0xF6, 0x20, 0x10, 0x30, 0xF6, 0x20
	.byte 0x10, 0x30, 0xF6, 0x08, 0x0A, 0x3C, 0xF6, 0x0E, 0x0C, 0x30, 0xF6, 0x0C, 0x0C, 0x30, 0xF6, 0x0C
	.byte 0x10, 0x2B, 0xF6, 0x20, 0x10, 0x2B, 0xF6, 0x20, 0x10, 0x2B, 0xF6, 0x08, 0x0A, 0x37, 0xF6, 0x0E
	.byte 0x0C, 0x2B, 0xF6, 0x0C, 0x0C, 0x30, 0xF6, 0x0C, 0x0A, 0x30, 0xF6, 0x0E, 0x0A, 0x36, 0xF6, 0x0E
	.byte 0x0A, 0x37, 0xF6, 0x0E, 0x0C, 0x30, 0xF6, 0x0C, 0x0A, 0x30, 0xF6, 0x0E, 0x0A, 0x36, 0xF6, 0x0E
	.byte 0x0A, 0x37, 0xF6, 0x0E, 0x0C, 0x30, 0xF6, 0x0C, 0x0A, 0x36, 0xF6, 0x0E, 0x0A, 0x37, 0xF6, 0x0E
	.byte 0x0A, 0x2B, 0xF6, 0x0E, 0x0C, 0x30, 0xF6, 0x0C, 0x0A, 0x30, 0xF6, 0x0E, 0x0A, 0x36, 0xF6, 0x0E
	.byte 0x0A, 0x37, 0xF6, 0x0E, 0x0C, 0x30, 0xF6, 0x0C, 0x0A, 0x30, 0xF6, 0x0E, 0x0A, 0x36, 0xF6, 0x0E
	.byte 0x0A, 0x37, 0xF6, 0x0E, 0x0C, 0x30, 0xF6, 0x0C, 0x0A, 0x30, 0xF6, 0x0E, 0x0A, 0x36, 0xF6, 0x0E
	.byte 0x0A, 0x37, 0xF6, 0x0E, 0x0C, 0x30, 0xF6, 0x0C, 0x0A, 0x36, 0xF6, 0x0E, 0x0A, 0x37, 0xF6, 0x0E
	.byte 0x0A, 0x2B, 0xF6, 0x0E, 0x0C, 0x30, 0xF6, 0x0C, 0x0A, 0x30, 0xF6, 0x0E, 0x0A, 0x36, 0xF6, 0x0E
	.byte 0x0A, 0x37, 0xF6, 0x0E, 0x0C, 0x30, 0xF6, 0x0C, 0x0A, 0x30, 0xF6, 0x0E, 0x0A, 0x36, 0xF6, 0x0E
	.byte 0x0A, 0x37, 0xF6, 0x0E, 0x0C, 0x30, 0xF6, 0x0C, 0x0A, 0x30, 0xF6, 0x0E, 0x0A, 0x36, 0xF6, 0x0E
	.byte 0x0A, 0x37, 0xF6, 0x0E, 0x0C, 0x30, 0xF6, 0x0C, 0x10, 0x2B, 0xF6, 0x20, 0x10, 0x2B, 0xF6, 0x20
	.byte 0x10, 0x2B, 0xF6, 0x08, 0x0A, 0x37, 0xF6, 0x0E, 0x0C, 0x2B, 0xF6, 0x0C, 0x0C, 0x37, 0xF6, 0x0C
	.byte 0x10, 0x30, 0xF6, 0x20, 0x10, 0x30, 0xF6, 0x20, 0x10, 0x30, 0xF6, 0x08, 0x0A, 0x3C, 0xF6, 0x0E
	.byte 0x0C, 0x30, 0xF6, 0x0C, 0x0C, 0x30, 0xF6, 0x0C, 0x10, 0x2B, 0xF6, 0x20, 0x10, 0x2B, 0xF6, 0x20
	.byte 0x10, 0x2B, 0xF6, 0x08, 0x0A, 0x37, 0xF6, 0x0E, 0x0C, 0x2B, 0xF6, 0x0C, 0x0C, 0x30, 0xF6, 0x0C
	.byte 0x0A, 0x30, 0xF6, 0x0E, 0x0A, 0x36, 0xF6, 0x0E, 0x0A, 0x37, 0xF6, 0x0E, 0x0C, 0x30, 0xF6, 0x0C
	.byte 0x0A, 0x30, 0xF6, 0x0E, 0x0A, 0x36, 0xF6, 0x0E, 0x0A, 0x37, 0xF6, 0x0E, 0x0C, 0x30, 0xF6, 0x0C
	.byte 0x0A, 0x36, 0xF6, 0x0E, 0x0A, 0x37, 0xF6, 0x0E, 0x0A, 0x2B, 0xF6, 0x0E, 0x0C, 0x30, 0xF6, 0x0C
	.byte 0x0A, 0x30, 0xF6, 0x0E, 0x0A, 0x36, 0xF6, 0x0E, 0x0A, 0x37, 0xF6, 0x0E, 0x0C, 0x33, 0xF6, 0x0C
	.byte 0x0A, 0x33, 0xF6, 0x0E, 0x0A, 0x39, 0xF6, 0x0E, 0x0A, 0x3A, 0xF6, 0x0E, 0x0C, 0x33, 0xF6, 0x0C
	.byte 0x0A, 0x33, 0xF6, 0x0E, 0x0A, 0x39, 0xF6, 0x0E, 0x0A, 0x3A, 0xF6, 0x0E, 0x0C, 0x33, 0xF6, 0x0C
	.byte 0x0A, 0x39, 0xF6, 0x0E, 0x0A, 0x3A, 0xF6, 0x0E, 0x0A, 0x2E, 0xF6, 0x0E, 0x0C, 0x33, 0xF6, 0x0C
	.byte 0x0A, 0x33, 0xF6, 0x0E, 0x0A, 0x39, 0xF6, 0x0E, 0x0A, 0x3A, 0xF6, 0x0E, 0x0C, 0x30, 0xF6, 0x0C
	.byte 0x0A, 0x30, 0xF6, 0x0E, 0x0A, 0x36, 0xF6, 0x0E, 0x0A, 0x37, 0xF6, 0x0E, 0x0C, 0x30, 0xF6, 0x0C
	.byte 0x0A, 0x30, 0xF6, 0x0E, 0x0A, 0x36, 0xF6, 0x0E, 0x0A, 0x37, 0xF6, 0x0E, 0x0C, 0x30, 0xF6, 0x0C
	.byte 0x0A, 0x36, 0xF6, 0x0E, 0x0A, 0x37, 0xF6, 0x0E, 0x0A, 0x2B, 0xF6, 0x0E, 0x0C, 0x30, 0xF6, 0x0C
	.byte 0x0A, 0x30, 0xF6, 0x0E, 0x0A, 0x36, 0xF6, 0x0E, 0x0A, 0x37, 0xF6, 0x0E, 0x0C, 0x33, 0xF6, 0x0C
	.byte 0x0A, 0x33, 0xF6, 0x0E, 0x0A, 0x39, 0xF6, 0x0E, 0x0A, 0x3A, 0xF6, 0x0E, 0x0C, 0x33, 0xF6, 0x0C
	.byte 0x0A, 0x33, 0xF6, 0x0E, 0x0A, 0x39, 0xF6, 0x0E, 0x0A, 0x3A, 0xF6, 0x0E, 0x0C, 0x33, 0xF6, 0x0C
	.byte 0x0A, 0x39, 0xF6, 0x0E, 0x0A, 0x3A, 0xF6, 0x0E, 0x0A, 0x2E, 0xF6, 0x0E, 0x0C, 0x33, 0xF6, 0x0C
	.byte 0x0A, 0x33, 0xF6, 0x0E, 0x0A, 0x39, 0xF6, 0x0E, 0x0A, 0x3A, 0xF6, 0x0E, 0x0C, 0x2B, 0xF6, 0x24
	.byte 0x0C, 0x2B, 0xF6, 0x24, 0x0C, 0x2B, 0xF6, 0x0C, 0x0A, 0x2B, 0xF6, 0x0E, 0x0A, 0x31, 0xF6, 0x0E
	.byte 0x0A, 0x32, 0xF6, 0x0E, 0x0C, 0x2B, 0xF6, 0x0C, 0x0A, 0x2B, 0xF6, 0x0E, 0x0A, 0x31, 0xF6, 0x0E
	.byte 0x0A, 0x32, 0xF6, 0x0E, 0x0C, 0x2B, 0xF6, 0x0C, 0x0A, 0x2B, 0xF6, 0x0E, 0x20, 0x32, 0xF6, 0x10
	.byte 0x0C, 0x2C, 0xF6, 0x24, 0x0C, 0x2C, 0xF6, 0x24, 0x0C, 0x2C, 0xF6, 0x0C, 0x0A, 0x2C, 0xF6, 0x0E
	.byte 0x0A, 0x32, 0xF6, 0x0E, 0x0A, 0x33, 0xF6, 0x0E, 0x0C, 0x2C, 0xF6, 0x0C, 0x0A, 0x2C, 0xF6, 0x0E
	.byte 0x0A, 0x32, 0xF6, 0x0E, 0x0A, 0x33, 0xF6, 0x0E, 0x0C, 0x2C, 0xF6, 0x0C, 0x0A, 0x2C, 0xF6, 0x0E
	.byte 0x20, 0x33, 0xF6, 0x10, 0x0C, 0x2B, 0xF6, 0x24, 0x0C, 0x2B, 0xF6, 0x24, 0x0C, 0x2B, 0xF6, 0x0C
	.byte 0x0A, 0x2B, 0xF6, 0x0E, 0x0A, 0x31, 0xF6, 0x0E, 0x0A, 0x32, 0xF6, 0x0E, 0x0C, 0x2B, 0xF6, 0x0C
	.byte 0x0A, 0x2B, 0xF6, 0x0E, 0x0A, 0x31, 0xF6, 0x0E, 0x0A, 0x32, 0xF6, 0x0E, 0x0C, 0x2B, 0xF6, 0x0C
	.byte 0x0A, 0x2B, 0xF6, 0x0E, 0x20, 0x32, 0xF6, 0x10, 0x0C, 0x2C, 0xF6, 0x24, 0x0C, 0x2C, 0xF6, 0x24
	.byte 0x0C, 0x2C, 0xF6, 0x0C, 0x0A, 0x2C, 0xF6, 0x0E, 0x0A, 0x32, 0xF6, 0x0E, 0x0A, 0x33, 0xF6, 0x0E
	.byte 0x0C, 0x2C, 0xF6, 0x0C, 0x0A, 0x2C, 0xF6, 0x0E, 0x0A, 0x32, 0xF6, 0x0E, 0x0A, 0x33, 0xF6, 0x0E
	.byte 0x0C, 0x2C, 0xF6, 0x0C, 0x0A, 0x2C, 0xF6, 0x0E, 0x20, 0x33, 0xF6, 0x10, 0x00, 0xAB, 0xC0, 0x18
	.byte 0x2B, 0xF6, 0x18, 0x0C, 0x2B, 0xF6, 0x24, 0x0C, 0x2B, 0xF6, 0x0C, 0x0A, 0x2B, 0xF6, 0x0E, 0x0A
	.byte 0x31, 0xF6, 0x0E, 0x0A, 0x32, 0xF6, 0x0E, 0x00, 0xB0, 0xC0, 0x18, 0x30, 0xF6, 0x18, 0x0C, 0x30
	.byte 0xF6, 0x24, 0x0C, 0x30, 0xF6, 0x0C, 0x0A, 0x30, 0xF6, 0x0E, 0x0A, 0x36, 0xF6, 0x0E, 0x0A, 0x37
	.byte 0xF6, 0x0E, 0x00, 0xAB, 0xC0, 0x18, 0x2B, 0xF6, 0x18, 0x0C, 0x2B, 0xF6, 0x24, 0x0C, 0x2B, 0xF6
	.byte 0x0C, 0x0A, 0x2B, 0xF6, 0x0E, 0x0A, 0x31, 0xF6, 0x0E, 0x0A, 0x32, 0xF6, 0x0E, 0x00, 0xB0, 0xC0
	.byte 0x18, 0x30, 0xF6, 0x18, 0x0C, 0x30, 0xF6, 0x24, 0x0C, 0x30, 0xF6, 0x0C, 0x0A, 0x30, 0xF6, 0x0E
	.byte 0x0A, 0x36, 0xF6, 0x0E, 0x0A, 0x37, 0xF6, 0x0E, 0x0C, 0x2B, 0xF6, 0x24, 0x0C, 0x2B, 0xF6, 0x24
	.byte 0x0C, 0x2B, 0xF6, 0x0C, 0x0A, 0x2B, 0xF6, 0x0E, 0x0A, 0x31, 0xF6, 0x0E, 0x0A, 0x32, 0xF6, 0x0E
	.byte 0x0C, 0x2B, 0xF6, 0x24, 0x0C, 0x2B, 0xF6, 0x24, 0x0C, 0x2B, 0xF6, 0x0C, 0x0A, 0x2B, 0xF6, 0x0E
	.byte 0x0A, 0x31, 0xF6, 0x0E, 0x0A, 0x32, 0xF6, 0x0E, 0xF8, 0xBB, 0xFB, 0xFF, 0xF9, 0xC8, 0xF6, 0x19
	.byte 0xF0, 0x0B, 0xF2, 0x50, 0xF1, 0xB4, 0x0C, 0x43, 0xF6, 0x24, 0x0C, 0x43, 0xF6, 0x24, 0x0C, 0x43
	.byte 0xF6, 0x0C, 0x08, 0x42, 0xF6, 0x10, 0x0E, 0x43, 0xF6, 0x0A, 0xF6, 0x18, 0x0C, 0x43, 0xF6, 0x24
	.byte 0x0C, 0x43, 0xF6, 0x24, 0x0C, 0x43, 0xF6, 0x0C, 0x08, 0x42, 0xF6, 0x10, 0x0E, 0x43, 0xF6, 0x0A
	.byte 0xF6, 0x18, 0x0C, 0x43, 0xF6, 0x24, 0x0C, 0x43, 0xF6, 0x24, 0x0C, 0x43, 0xF6, 0x0C, 0x08, 0x42
	.byte 0xF6, 0x10, 0x0E, 0x43, 0xF6, 0x0A, 0xF6, 0x18, 0x0C, 0x43, 0xF6, 0x24, 0x0C, 0x43, 0xF6, 0x24
	.byte 0x0C, 0x43, 0xF6, 0x0C, 0x08, 0x42, 0xF6, 0x10, 0x0E, 0x43, 0xF6, 0x0A, 0xF6, 0x18, 0x0C, 0x43
	.byte 0xF6, 0x24, 0x0C, 0x43, 0xF6, 0x24, 0x0C, 0x43, 0xF6, 0x0C, 0x08, 0x42, 0xF6, 0x10, 0x0E, 0x43
	.byte 0xF6, 0x0A, 0xF6, 0x18, 0x10, 0x3E, 0xF6, 0x20, 0x10, 0x3E, 0xF6, 0x20, 0x10, 0x3E, 0xF6, 0x20
	.byte 0x10, 0x3E, 0xF6, 0x08, 0xF6, 0x18, 0x10, 0x43, 0xF6, 0x20, 0x10, 0x43, 0xF6, 0x20, 0x10, 0x43
	.byte 0xF6, 0x20, 0x10, 0x43, 0xF6, 0x08, 0xF6, 0x18, 0x10, 0x3E, 0xF6, 0x20, 0x10, 0x3E, 0xF6, 0x20
	.byte 0x10, 0x3E, 0xF6, 0x20, 0x10, 0x3E, 0xF6, 0x08, 0xF6, 0x18, 0x0C, 0x43, 0xF6, 0x24, 0x0C, 0x43
	.byte 0xF6, 0x24, 0x0C, 0x43, 0xF6, 0x0C, 0x08, 0x42, 0xF6, 0x10, 0x0E, 0x43, 0xF6, 0x0A, 0xF6, 0x18
	.byte 0x0C, 0x43, 0xF6, 0x24, 0x0C, 0x43, 0xF6, 0x24, 0x0C, 0x43, 0xF6, 0x0C, 0x08, 0x42, 0xF6, 0x10
	.byte 0x0E, 0x43, 0xF6, 0x0A, 0xF6, 0x18, 0x0C, 0x43, 0xF6, 0x24, 0x0C, 0x43, 0xF6, 0x24, 0x0C, 0x43
	.byte 0xF6, 0x0C, 0x08, 0x42, 0xF6, 0x10, 0x0E, 0x43, 0xF6, 0x0A, 0xF6, 0x18, 0x0C, 0x43, 0xF6, 0x24
	.byte 0x0C, 0x43, 0xF6, 0x24, 0x0C, 0x43, 0xF6, 0x0C, 0x08, 0x42, 0xF6, 0x10, 0x0E, 0x43, 0xF6, 0x0A
	.byte 0xF6, 0x18, 0x0C, 0x43, 0xF6, 0x24, 0x0C, 0x43, 0xF6, 0x24, 0x0C, 0x43, 0xF6, 0x0C, 0x08, 0x42
	.byte 0xF6, 0x10, 0x0E, 0x43, 0xF6, 0x0A, 0xF6, 0x18, 0x10, 0x3E, 0xF6, 0x20, 0x10, 0x3E, 0xF6, 0x20
	.byte 0x10, 0x3E, 0xF6, 0x20, 0x10, 0x3E, 0xF6, 0x08, 0xF6, 0x18, 0x10, 0x43, 0xF6, 0x20, 0x10, 0x43
	.byte 0xF6, 0x20, 0x10, 0x43, 0xF6, 0x20, 0x10, 0x43, 0xF6, 0x08, 0xF6, 0x18, 0x10, 0x3E, 0xF6, 0x20
	.byte 0x10, 0x3E, 0xF6, 0x20, 0x10, 0x3E, 0xF6, 0x20, 0x10, 0x3E, 0xF6, 0x08, 0xF6, 0x18, 0x0C, 0x43
	.byte 0xF6, 0x24, 0x0C, 0x43, 0xF6, 0x24, 0x0C, 0x43, 0xF6, 0x0C, 0x08, 0x43, 0xF6, 0x10, 0x0E, 0x43
	.byte 0xF6, 0x0A, 0xF6, 0x18, 0x0C, 0x43, 0xF6, 0x24, 0x0C, 0x43, 0xF6, 0x24, 0x0C, 0x43, 0xF6, 0x0C
	.byte 0x08, 0x44, 0xF6, 0x10, 0x0E, 0x43, 0xF6, 0x0A, 0xF6, 0x18, 0x0C, 0x46, 0xF6, 0x24, 0x0C, 0x46
	.byte 0xF6, 0x24, 0x0C, 0x46, 0xF6, 0x0C, 0x08, 0x46, 0xF6, 0x10, 0x0E, 0x46, 0xF6, 0x0A, 0xF6, 0x18
	.byte 0x0C, 0x46, 0xF6, 0x24, 0x0C, 0x46, 0xF6, 0x24, 0x0C, 0x46, 0xF6, 0x0C, 0x08, 0x47, 0xF6, 0x10
	.byte 0x0E, 0x46, 0xF6, 0x0A, 0xF6, 0x18, 0x0C, 0x43, 0xF6, 0x24, 0x0C, 0x43, 0xF6, 0x24, 0x0C, 0x43
	.byte 0xF6, 0x0C, 0x08, 0x43, 0xF6, 0x10, 0x0E, 0x43, 0xF6, 0x0A, 0xF6, 0x18, 0x0C, 0x43, 0xF6, 0x24
	.byte 0x0C, 0x43, 0xF6, 0x24, 0x0C, 0x43, 0xF6, 0x0C, 0x08, 0x44, 0xF6, 0x10, 0x0E, 0x43, 0xF6, 0x0A
	.byte 0xF6, 0x18, 0x0C, 0x46, 0xF6, 0x24, 0x0C, 0x46, 0xF6, 0x24, 0x0C, 0x46, 0xF6, 0x0C, 0x08, 0x46
	.byte 0xF6, 0x10, 0x0E, 0x46, 0xF6, 0x0A, 0xF6, 0x18, 0x0C, 0x46, 0xF6, 0x24, 0x0C, 0x46, 0xF6, 0x24
	.byte 0x0C, 0x46, 0xF6, 0x0C, 0x08, 0x47, 0xF6, 0x10, 0x0E, 0x46, 0xF6, 0x0A, 0x18, 0x3E, 0x18, 0x3E
	.byte 0xF6, 0x30, 0x18, 0x3E, 0x18, 0x3E, 0xF6, 0x30, 0x18, 0x3E, 0x18, 0x3E, 0xF6, 0x18, 0x30, 0x3E
	.byte 0xF6, 0x48, 0x18, 0x3F, 0x18, 0x3F, 0xF6, 0x30, 0x18, 0x3F, 0x18, 0x3F, 0xF6, 0x30, 0x18, 0x3F
	.byte 0x18, 0x3F, 0xF6, 0x18, 0x30, 0x3F, 0xF6, 0x48, 0x18, 0x3E, 0x18, 0x3E, 0xF6, 0x30, 0x18, 0x3E
	.byte 0x18, 0x3E, 0xF6, 0x30, 0x18, 0x3E, 0x18, 0x3E, 0xF6, 0x18, 0x30, 0x3E, 0xF6, 0x48, 0x18, 0x3F
	.byte 0x18, 0x3F, 0xF6, 0x30, 0x18, 0x3F, 0x18, 0x3F, 0xF6, 0x30, 0x18, 0x3F, 0x18, 0x3F, 0xF6, 0x18
	.byte 0x30, 0x3F, 0xF6, 0x48, 0xF6, 0xC0, 0xF6, 0xC0, 0xF6, 0xC0, 0xF6, 0xC0, 0xF6, 0x18, 0x0C, 0x3E
	.byte 0xF6, 0x24, 0x0C, 0x3E, 0xF6, 0x24, 0x0C, 0x3E, 0xF6, 0x0C, 0x08, 0x3E, 0xF6, 0x10, 0x0E, 0x3E
	.byte 0xF6, 0x0A, 0xF6, 0x18, 0x0C, 0x3E, 0xF6, 0x24, 0x0C, 0x3E, 0xF6, 0x24, 0x0C, 0x3E, 0xF6, 0x0C
	.byte 0x08, 0x3F, 0xF6, 0x10, 0x0E, 0x3E, 0xF6, 0x0A, 0xF6, 0x18, 0x0C, 0x43, 0xF6, 0x24, 0x0C, 0x43
	.byte 0xF6, 0x24, 0x0C, 0x43, 0xF6, 0x0C, 0x08, 0x43, 0xF6, 0x10, 0x0E, 0x43, 0xF6, 0x0A, 0xF6, 0x18
	.byte 0x0C, 0x43, 0xF6, 0x24, 0x0C, 0x43, 0xF6, 0x24, 0x0C, 0x43, 0xF6, 0x0C, 0x08, 0x44, 0xF6, 0x10
	.byte 0x0E, 0x43, 0xF6, 0x0A, 0x18, 0x3E, 0x18, 0x3E, 0xF6, 0x30, 0x18, 0x3E, 0x18, 0x3E, 0xF6, 0x30
	.byte 0x18, 0x3E, 0x18, 0x3E, 0xF6, 0x18, 0x30, 0x3E, 0xF6, 0x47, 0xF8, 0x2F, 0xFD, 0xFF, 0xF9, 0xC8
	.byte 0xF6, 0x18, 0xF0, 0xC2, 0xF2, 0x64, 0xF1, 0x3C, 0x0C, 0x3C, 0xF1, 0x1E, 0x0C, 0x3C, 0xF1, 0x3C
	.byte 0xF6, 0x18, 0x0C, 0x3C, 0xF1, 0x1E, 0x0C, 0x3C, 0xF1, 0x3C, 0xF6, 0x18, 0x0C, 0x3C, 0xF1, 0x1E
	.byte 0x0C, 0x3C, 0xF1, 0x3C, 0x08, 0x3C, 0xF1, 0x1E, 0x08, 0x3C, 0xF1, 0x3C, 0xF6, 0x08, 0x0C, 0x3C
	.byte 0xF1, 0x1E, 0x0C, 0x3C, 0xF1, 0x3C, 0xF6, 0x18, 0x0C, 0x3C, 0xF1, 0x1E, 0x0C, 0x3C, 0xF1, 0x3C
	.byte 0xF6, 0x18, 0x0C, 0x3C, 0xF1, 0x1E, 0x0C, 0x3C, 0xF1, 0x3C, 0xF6, 0x18, 0x0C, 0x3C, 0xF1, 0x1E
	.byte 0x0C, 0x3C, 0xF1, 0x3C, 0x08, 0x3C, 0xF1, 0x1E, 0x08, 0x3C, 0xF1, 0x3C, 0xF6, 0x08, 0x0C, 0x3C
	.byte 0xF1, 0x1E, 0x0C, 0x3C, 0xF1, 0x3C, 0xF6, 0x18, 0x0C, 0x3C, 0xF1, 0x1E, 0x0C, 0x3C, 0xF1, 0x3C
	.byte 0xF6, 0x18, 0x0C, 0x3C, 0xF1, 0x1E, 0x0C, 0x3C, 0xF1, 0x3C, 0xF6, 0x18, 0x0C, 0x3C, 0xF1, 0x1E
	.byte 0x0C, 0x3C, 0xF1, 0x3C, 0x08, 0x3C, 0xF1, 0x1E, 0x08, 0x3C, 0xF1, 0x3C, 0xF6, 0x08, 0x0C, 0x3C
	.byte 0xF1, 0x1E, 0x0C, 0x3C, 0xF1, 0x3C, 0xF6, 0x18, 0x0C, 0x3C, 0xF1, 0x1E, 0x0C, 0x3C, 0xF1, 0x3C
	.byte 0xF6, 0x18, 0x0C, 0x3C, 0xF1, 0x1E, 0x0C, 0x3C, 0xF1, 0x3C, 0xF6, 0x18, 0x0C, 0x3C, 0xF1, 0x1E
	.byte 0x0C, 0x3C, 0xF1, 0x3C, 0x08, 0x3C, 0xF1, 0x1E, 0x08, 0x3C, 0xF1, 0x3C, 0xF6, 0x08, 0x0C, 0x3C
	.byte 0xF1, 0x1E, 0x0C, 0x3C, 0xF1, 0x3C, 0xF6, 0x18, 0x0C, 0x3C, 0xF1, 0x1E, 0x0C, 0x3C, 0xF1, 0x3C
	.byte 0xF6, 0x18, 0x0C, 0x3C, 0xF1, 0x1E, 0x0C, 0x3C, 0xF1, 0x3C, 0xF6, 0x18, 0x0C, 0x3C, 0xF1, 0x1E
	.byte 0x0C, 0x3C, 0xF1, 0x3C, 0x08, 0x3C, 0xF1, 0x1E, 0x08, 0x3C, 0xF1, 0x3C, 0xF6, 0x08, 0x0C, 0x3C
	.byte 0xF1, 0x1E, 0x0C, 0x3C, 0xF1, 0x3C, 0xF6, 0x18, 0x10, 0x3A, 0xF1, 0x1E, 0x10, 0x3A, 0xF1, 0x3C
	.byte 0xF6, 0x10, 0x10, 0x3A, 0xF1, 0x1E, 0x10, 0x3A, 0xF1, 0x3C, 0xF6, 0x10, 0x10, 0x3A, 0xF1, 0x1E
	.byte 0x10, 0x3A, 0xF1, 0x3C, 0xF6, 0x10, 0x10, 0x3A, 0xF1, 0x1E, 0x08, 0x3A, 0xF1, 0x3C, 0xF6, 0x18
	.byte 0x10, 0x3F, 0xF1, 0x1E, 0x10, 0x3F, 0xF1, 0x3C, 0xF6, 0x10, 0x10, 0x3F, 0xF1, 0x1E, 0x10, 0x3F
	.byte 0xF1, 0x3C, 0xF6, 0x10, 0x10, 0x3F, 0xF1, 0x1E, 0x10, 0x3F, 0xF1, 0x3C, 0xF6, 0x10, 0x10, 0x3F
	.byte 0xF1, 0x1E, 0x08, 0x3F, 0xF1, 0x3C, 0xF6, 0x18, 0x10, 0x3A, 0xF1, 0x1E, 0x10, 0x3A, 0xF1, 0x3C
	.byte 0xF6, 0x10, 0x10, 0x3A, 0xF1, 0x1E, 0x10, 0x3A, 0xF1, 0x3C, 0xF6, 0x10, 0x10, 0x3A, 0xF1, 0x1E
	.byte 0x10, 0x3A, 0xF1, 0x3C, 0xF6, 0x10, 0x10, 0x3A, 0xF1, 0x1E, 0x08, 0x3A, 0xF1, 0x3C, 0xF6, 0x18
	.byte 0x0C, 0x3C, 0xF1, 0x1E, 0x0C, 0x3C, 0xF1, 0x3C, 0xF6, 0x18, 0x0C, 0x3C, 0xF1, 0x1E, 0x0C, 0x3C
	.byte 0xF1, 0x3C, 0xF6, 0x18, 0x0C, 0x3C, 0xF1, 0x1E, 0x0C, 0x3C, 0xF1, 0x3C, 0x08, 0x3C, 0xF1, 0x1E
	.byte 0x08, 0x3C, 0xF1, 0x3C, 0xF6, 0x08, 0x0C, 0x3C, 0xF1, 0x1E, 0x0C, 0x3C, 0xF1, 0x3C, 0xF6, 0x18
	.byte 0x0C, 0x3C, 0xF1, 0x1E, 0x0C, 0x3C, 0xF1, 0x3C, 0xF6, 0x18, 0x0C, 0x3C, 0xF1, 0x1E, 0x0C, 0x3C
	.byte 0xF1, 0x3C, 0xF6, 0x18, 0x0C, 0x3C, 0xF1, 0x1E, 0x0C, 0x3C, 0xF1, 0x3C, 0x08, 0x3C, 0xF1, 0x1E
	.byte 0x08, 0x3C, 0xF1, 0x3C, 0xF6, 0x08, 0x0C, 0x3C, 0xF1, 0x1E, 0x0C, 0x3C, 0xF1, 0x3C, 0xF6, 0x18
	.byte 0x0C, 0x3C, 0xF1, 0x1E, 0x0C, 0x3C, 0xF1, 0x3C, 0xF6, 0x18, 0x0C, 0x3C, 0xF1, 0x1E, 0x0C, 0x3C
	.byte 0xF1, 0x3C, 0xF6, 0x18, 0x0C, 0x3C, 0xF1, 0x1E, 0x0C, 0x3C, 0xF1, 0x3C, 0x08, 0x3C, 0xF1, 0x1E
	.byte 0x08, 0x3C, 0xF1, 0x3C, 0xF6, 0x08, 0x0C, 0x3C, 0xF1, 0x1E, 0x0C, 0x3C, 0xF1, 0x3C, 0xF6, 0x18
	.byte 0x0C, 0x3C, 0xF1, 0x1E, 0x0C, 0x3C, 0xF1, 0x3C, 0xF6, 0x18, 0x0C, 0x3C, 0xF1, 0x1E, 0x0C, 0x3C
	.byte 0xF1, 0x3C, 0xF6, 0x18, 0x0C, 0x3C, 0xF1, 0x1E, 0x0C, 0x3C, 0xF1, 0x3C, 0x08, 0x3C, 0xF1, 0x1E
	.byte 0x08, 0x3C, 0xF1, 0x3C, 0xF6, 0x08, 0x0C, 0x3C, 0xF1, 0x1E, 0x0C, 0x3C, 0xF1, 0x3C, 0xF6, 0x18
	.byte 0x0C, 0x3C, 0xF1, 0x1E, 0x0C, 0x3C, 0xF1, 0x3C, 0xF6, 0x18, 0x0C, 0x3C, 0xF1, 0x1E, 0x0C, 0x3C
	.byte 0xF1, 0x3C, 0xF6, 0x18, 0x0C, 0x3C, 0xF1, 0x1E, 0x0C, 0x3C, 0xF1, 0x3C, 0x08, 0x3C, 0xF1, 0x1E
	.byte 0x08, 0x3C, 0xF1, 0x3C, 0xF6, 0x08, 0x0C, 0x3C, 0xF1, 0x1E, 0x0C, 0x3C, 0xF1, 0x3C, 0xF6, 0x18
	.byte 0x10, 0x3A, 0xF1, 0x1E, 0x10, 0x3A, 0xF1, 0x3C, 0xF6, 0x10, 0x10, 0x3A, 0xF1, 0x1E, 0x10, 0x3A
	.byte 0xF1, 0x3C, 0xF6, 0x10, 0x10, 0x3A, 0xF1, 0x1E, 0x10, 0x3A, 0xF1, 0x3C, 0xF6, 0x10, 0x10, 0x3A
	.byte 0xF1, 0x1E, 0x08, 0x3A, 0xF1, 0x3C, 0xF6, 0x18, 0x10, 0x3F, 0xF1, 0x1E, 0x10, 0x3F, 0xF1, 0x3C
	.byte 0xF6, 0x10, 0x10, 0x3F, 0xF1, 0x1E, 0x10, 0x3F, 0xF1, 0x3C, 0xF6, 0x10, 0x10, 0x3F, 0xF1, 0x1E
	.byte 0x10, 0x3F, 0xF1, 0x3C, 0xF6, 0x10, 0x10, 0x3F, 0xF1, 0x1E, 0x08, 0x3F, 0xF1, 0x3C, 0xF6, 0x18
	.byte 0x10, 0x3A, 0xF1, 0x1E, 0x10, 0x3A, 0xF1, 0x3C, 0xF6, 0x10, 0x10, 0x3A, 0xF1, 0x1E, 0x10, 0x3A
	.byte 0xF1, 0x3C, 0xF6, 0x10, 0x10, 0x3A, 0xF1, 0x1E, 0x10, 0x3A, 0xF1, 0x3C, 0xF6, 0x10, 0x10, 0x3A
	.byte 0xF1, 0x1E, 0x08, 0x3A, 0xF1, 0x3C, 0xF6, 0x18, 0x0C, 0x3C, 0xF1, 0x1E, 0x0C, 0x3C, 0xF1, 0x3C
	.byte 0xF6, 0x18, 0x0C, 0x3C, 0xF1, 0x1E, 0x0C, 0x3C, 0xF1, 0x3C, 0xF6, 0x18, 0x0C, 0x3C, 0xF1, 0x1E
	.byte 0x0C, 0x3C, 0xF1, 0x3C, 0x08, 0x3C, 0xF1, 0x1E, 0x08, 0x3C, 0xF1, 0x3C, 0xF6, 0x08, 0x0C, 0x3C
	.byte 0xF1, 0x1E, 0x0C, 0x3C, 0xF1, 0x3C, 0xF6, 0x18, 0x0C, 0x3C, 0xF1, 0x1E, 0x0C, 0x3C, 0xF1, 0x3C
	.byte 0xF6, 0x18, 0x0C, 0x3C, 0xF1, 0x1E, 0x0C, 0x3C, 0xF1, 0x3C, 0xF6, 0x18, 0x0C, 0x3C, 0xF1, 0x1E
	.byte 0x0C, 0x3C, 0xF1, 0x3C, 0x08, 0x3C, 0xF1, 0x1E, 0x08, 0x3C, 0xF1, 0x3C, 0xF6, 0x08, 0x0C, 0x3C
	.byte 0xF1, 0x1E, 0x0C, 0x3C, 0xF1, 0x3C, 0xF6, 0x18, 0x0C, 0x3F, 0xF1, 0x1E, 0x0C, 0x3F, 0xF1, 0x3C
	.byte 0xF6, 0x18, 0x0C, 0x3F, 0xF1, 0x1E, 0x0C, 0x3F, 0xF1, 0x3C, 0xF6, 0x18, 0x0C, 0x3F, 0xF1, 0x1E
	.byte 0x0C, 0x3F, 0xF1, 0x3C, 0x08, 0x3F, 0xF1, 0x1E, 0x08, 0x3F, 0xF1, 0x3C, 0xF6, 0x08, 0x0C, 0x3F
	.byte 0xF1, 0x1E, 0x0C, 0x3F, 0xF1, 0x3C, 0xF6, 0x18, 0x0C, 0x3F, 0xF1, 0x1E, 0x0C, 0x3F, 0xF1, 0x3C
	.byte 0xF6, 0x18, 0x0C, 0x3F, 0xF1, 0x1E, 0x0C, 0x3F, 0xF1, 0x3C, 0xF6, 0x18, 0x0C, 0x3F, 0xF1, 0x1E
	.byte 0x0C, 0x3F, 0xF1, 0x3C, 0x08, 0x3F, 0xF1, 0x1E, 0x08, 0x3F, 0xF1, 0x3C, 0xF6, 0x08, 0x0C, 0x3F
	.byte 0xF1, 0x1E, 0x0C, 0x3F, 0xF1, 0x3C, 0xF6, 0x18, 0x0C, 0x3C, 0xF1, 0x1E, 0x0C, 0x3C, 0xF1, 0x3C
	.byte 0xF6, 0x18, 0x0C, 0x3C, 0xF1, 0x1E, 0x0C, 0x3C, 0xF1, 0x3C, 0xF6, 0x18, 0x0C, 0x3C, 0xF1, 0x1E
	.byte 0x0C, 0x3C, 0xF1, 0x3C, 0x08, 0x3C, 0xF1, 0x1E, 0x08, 0x3C, 0xF1, 0x3C, 0xF6, 0x08, 0x0C, 0x3C
	.byte 0xF1, 0x1E, 0x0C, 0x3C, 0xF1, 0x3C, 0xF6, 0x18, 0x0C, 0x3C, 0xF1, 0x1E, 0x0C, 0x3C, 0xF1, 0x3C
	.byte 0xF6, 0x18, 0x0C, 0x3C, 0xF1, 0x1E, 0x0C, 0x3C, 0xF1, 0x3C, 0xF6, 0x18, 0x0C, 0x3C, 0xF1, 0x1E
	.byte 0x0C, 0x3C, 0xF1, 0x3C, 0x08, 0x3C, 0xF1, 0x1E, 0x08, 0x3C, 0xF1, 0x3C, 0xF6, 0x08, 0x0C, 0x3C
	.byte 0xF1, 0x1E, 0x0C, 0x3C, 0xF1, 0x3C, 0xF6, 0x18, 0x0C, 0x3F, 0xF1, 0x1E, 0x0C, 0x3F, 0xF1, 0x3C
	.byte 0xF6, 0x18, 0x0C, 0x3F, 0xF1, 0x1E, 0x0C, 0x3F, 0xF1, 0x3C, 0xF6, 0x18, 0x0C, 0x3F, 0xF1, 0x1E
	.byte 0x0C, 0x3F, 0xF1, 0x3C, 0x08, 0x3F, 0xF1, 0x1E, 0x08, 0x3F, 0xF1, 0x3C, 0xF6, 0x08, 0x0C, 0x3F
	.byte 0xF1, 0x1E, 0x0C, 0x3F, 0xF1, 0x3C, 0xF6, 0x18, 0x0C, 0x3F, 0xF1, 0x1E, 0x0C, 0x3F, 0xF1, 0x3C
	.byte 0xF6, 0x18, 0x0C, 0x3F, 0xF1, 0x1E, 0x0C, 0x3F, 0xF1, 0x3C, 0xF6, 0x18, 0x0C, 0x3F, 0xF1, 0x1E
	.byte 0x0C, 0x3F, 0xF1, 0x3C, 0x08, 0x3F, 0xF1, 0x1E, 0x08, 0x3F, 0xF1, 0x3C, 0xF6, 0x08, 0x0C, 0x3F
	.byte 0xF1, 0x1E, 0x0C, 0x3F, 0xF1, 0x3C, 0x0C, 0x37, 0xF1, 0x1E, 0x0C, 0x37, 0xF1, 0x3C, 0x0C, 0x37
	.byte 0xF1, 0x1E, 0x0C, 0x37, 0xF1, 0x3C, 0xF6, 0x30, 0x0C, 0x37, 0xF1, 0x1E, 0x0C, 0x37, 0xF1, 0x3C
	.byte 0x0C, 0x37, 0xF1, 0x1E, 0x0C, 0x37, 0xF1, 0x3C, 0xF6, 0x30, 0x0C, 0x37, 0xF1, 0x1E, 0x0C, 0x37
	.byte 0xF1, 0x3C, 0x0C, 0x37, 0xF1, 0x1E, 0x0C, 0x37, 0xF1, 0x3C, 0xF6, 0x18, 0x30, 0x37, 0xF1, 0x1E
	.byte 0x18, 0x37, 0xF1, 0x3C, 0xF6, 0x30, 0x0C, 0x38, 0xF1, 0x1E, 0x0C, 0x38, 0xF1, 0x3C, 0x0C, 0x38
	.byte 0xF1, 0x1E, 0x0C, 0x38, 0xF1, 0x3C, 0xF6, 0x30, 0x0C, 0x38, 0xF1, 0x1E, 0x0C, 0x38, 0xF1, 0x3C
	.byte 0x0C, 0x38, 0xF1, 0x1E, 0x0C, 0x38, 0xF1, 0x3C, 0xF6, 0x30, 0x0C, 0x38, 0xF1, 0x1E, 0x0C, 0x38
	.byte 0xF1, 0x3C, 0x0C, 0x38, 0xF1, 0x1E, 0x0C, 0x38, 0xF1, 0x3C, 0xF6, 0x18, 0x30, 0x38, 0xF1, 0x1E
	.byte 0x18, 0x38, 0xF1, 0x3C, 0xF6, 0x30, 0x0C, 0x37, 0xF1, 0x1E, 0x0C, 0x37, 0xF1, 0x3C, 0x0C, 0x37
	.byte 0xF1, 0x1E, 0x0C, 0x37, 0xF1, 0x3C, 0xF6, 0x30, 0x0C, 0x37, 0xF1, 0x1E, 0x0C, 0x37, 0xF1, 0x3C
	.byte 0x0C, 0x37, 0xF1, 0x1E, 0x0C, 0x37, 0xF1, 0x3C, 0xF6, 0x30, 0x0C, 0x37, 0xF1, 0x1E, 0x0C, 0x37
	.byte 0xF1, 0x3C, 0x0C, 0x37, 0xF1, 0x1E, 0x0C, 0x37, 0xF1, 0x3C, 0xF6, 0x18, 0x30, 0x37, 0xF1, 0x1E
	.byte 0x18, 0x37, 0xF1, 0x3C, 0xF6, 0x30, 0x0C, 0x38, 0xF1, 0x1E, 0x0C, 0x38, 0xF1, 0x3C, 0x0C, 0x38
	.byte 0xF1, 0x1E, 0x0C, 0x38, 0xF1, 0x3C, 0xF6, 0x30, 0x0C, 0x38, 0xF1, 0x1E, 0x0C, 0x38, 0xF1, 0x3C
	.byte 0x0C, 0x38, 0xF1, 0x1E, 0x0C, 0x38, 0xF1, 0x3C, 0xF6, 0x30, 0x0C, 0x38, 0xF1, 0x1E, 0x0C, 0x38
	.byte 0xF1, 0x3C, 0x0C, 0x38, 0xF1, 0x1E, 0x0C, 0x38, 0xF1, 0x3C, 0xF6, 0x18, 0x30, 0x38, 0xF1, 0x1E
	.byte 0x18, 0x38, 0xF1, 0x3C, 0xF6, 0x30, 0xF6, 0xC0, 0xF6, 0xC0, 0xF6, 0xC0, 0xF6, 0xC0, 0xF6, 0x18
	.byte 0x0C, 0x37, 0xF1, 0x1E, 0x0C, 0x37, 0xF1, 0x3C, 0xF6, 0x18, 0x0C, 0x37, 0xF1, 0x1E, 0x0C, 0x37
	.byte 0xF1, 0x3C, 0xF6, 0x18, 0x0C, 0x37, 0xF1, 0x1E, 0x0C, 0x37, 0xF1, 0x3C, 0x08, 0x37, 0xF1, 0x1E
	.byte 0x08, 0x37, 0xF1, 0x3C, 0xF6, 0x08, 0x0C, 0x37, 0xF1, 0x1E, 0x0C, 0x37, 0xF1, 0x3C, 0xF6, 0x18
	.byte 0x0C, 0x37, 0xF1, 0x1E, 0x0C, 0x37, 0xF1, 0x3C, 0xF6, 0x18, 0x0C, 0x37, 0xF1, 0x1E, 0x0C, 0x37
	.byte 0xF1, 0x3C, 0xF6, 0x18, 0x0C, 0x37, 0xF1, 0x1E, 0x0C, 0x37, 0xF1, 0x3C, 0x08, 0x37, 0xF1, 0x1E
	.byte 0x08, 0x37, 0xF1, 0x3C, 0xF6, 0x08, 0x0C, 0x37, 0xF1, 0x1E, 0x0C, 0x37, 0xF1, 0x3C, 0xF6, 0x18
	.byte 0x0C, 0x3C, 0xF1, 0x1E, 0x0C, 0x3C, 0xF1, 0x3C, 0xF6, 0x18, 0x0C, 0x3C, 0xF1, 0x1E, 0x0C, 0x3C
	.byte 0xF1, 0x3C, 0xF6, 0x18, 0x0C, 0x3C, 0xF1, 0x1E, 0x0C, 0x3C, 0xF1, 0x3C, 0x08, 0x3C, 0xF1, 0x1E
	.byte 0x08, 0x3C, 0xF1, 0x3C, 0xF6, 0x08, 0x0C, 0x3C, 0xF1, 0x1E, 0x0C, 0x3C, 0xF1, 0x3C, 0xF6, 0x18
	.byte 0x0C, 0x3C, 0xF1, 0x1E, 0x0C, 0x3C, 0xF1, 0x3C, 0xF6, 0x18, 0x0C, 0x3C, 0xF1, 0x1E, 0x0C, 0x3C
	.byte 0xF1, 0x3C, 0xF6, 0x18, 0x0C, 0x3C, 0xF1, 0x1E, 0x0C, 0x3C, 0xF1, 0x3C, 0x08, 0x3C, 0xF1, 0x1E
	.byte 0x08, 0x3C, 0xF1, 0x3C, 0xF6, 0x08, 0x0C, 0x3C, 0xF1, 0x1E, 0x0C, 0x3C, 0xF1, 0x3C, 0x0C, 0x37
	.byte 0xF1, 0x1E, 0x0C, 0x37, 0xF1, 0x3C, 0x0C, 0x37, 0xF1, 0x1E, 0x0C, 0x37, 0xF1, 0x3C, 0xF6, 0x30
	.byte 0x0C, 0x37, 0xF1, 0x1E, 0x0C, 0x37, 0xF1, 0x3C, 0x0C, 0x37, 0xF1, 0x1E, 0x0C, 0x37, 0xF1, 0x3C
	.byte 0xF6, 0x30, 0x0C, 0x37, 0xF1, 0x1E, 0x0C, 0x37, 0xF1, 0x3C, 0x0C, 0x37, 0xF1, 0x1E, 0x0C, 0x37
	.byte 0xF1, 0x3C, 0xF6, 0x18, 0x30, 0x37, 0xF1, 0x1E, 0x18, 0x37, 0xF1, 0x3C, 0xF6, 0x30, 0xF8, 0x9D
	.byte 0xF9, 0xFF, 0xF9, 0xC8, 0xF0, 0x00, 0xF1, 0xA0, 0x18, 0x24, 0xF6, 0x18, 0x18, 0x29, 0xF6, 0x18
	.byte 0x18, 0x24, 0x18, 0x24, 0x18, 0x29, 0x18, 0x24, 0xF6, 0x18, 0x18, 0x24, 0x18, 0x29, 0xF6, 0x18
	.byte 0x18, 0x24, 0x18, 0x24, 0x30, 0x29, 0x18, 0x24, 0xF6, 0x18, 0x18, 0x29, 0xF6, 0x18, 0x18, 0x24
	.byte 0x18, 0x24, 0x18, 0x29, 0x18, 0x24, 0xF6, 0x18, 0x18, 0x24, 0x18, 0x29, 0xF6, 0x18, 0x18, 0x24
	.byte 0x18, 0x24, 0x30, 0x29, 0x18, 0x24, 0xF6, 0x18, 0x18, 0x29, 0xF6, 0x18, 0x18, 0x24, 0x18, 0x24
	.byte 0x18, 0x29, 0x18, 0x24, 0xF6, 0x18, 0x18, 0x24, 0x18, 0x29, 0x18, 0x24, 0x18, 0x29, 0x18, 0x24
	.byte 0x18, 0x29, 0x18, 0x29, 0x18, 0x24, 0x18, 0x24, 0x18, 0x29, 0x18, 0x24, 0x18, 0x29, 0x18, 0x24
	.byte 0x18, 0x29, 0x18, 0x29, 0xF6, 0x18, 0x18, 0x24, 0x18, 0x29, 0x18, 0x24, 0x18, 0x29, 0x18, 0x24
	.byte 0x18, 0x29, 0x0C, 0x29, 0x0C, 0x29, 0x18, 0x24, 0xF6, 0x18, 0x18, 0x29, 0xF6, 0x18, 0x18, 0x24
	.byte 0x18, 0x24, 0x18, 0x29, 0x18, 0x24, 0xF6, 0x18, 0x18, 0x24, 0x18, 0x29, 0xF6, 0x18, 0x18, 0x24
	.byte 0x18, 0x24, 0x18, 0x29, 0xF6, 0x18, 0x18, 0x24, 0xF6, 0x18, 0x18, 0x29, 0xF6, 0x18, 0x18, 0x24
	.byte 0x18, 0x24, 0x18, 0x29, 0x18, 0x24, 0xF6, 0x18, 0x18, 0x24, 0x18, 0x29, 0xF6, 0x18, 0x18, 0x24
	.byte 0x18, 0x24, 0x18, 0x29, 0xF6, 0x18, 0x18, 0x24, 0xF6, 0x18, 0x18, 0x29, 0xF6, 0x18, 0x18, 0x24
	.byte 0x18, 0x24, 0x18, 0x29, 0x18, 0x24, 0xF6, 0x18, 0x18, 0x24, 0x18, 0x29, 0x18, 0x24, 0x18, 0x29
	.byte 0x18, 0x24, 0x18, 0x29, 0x18, 0x29, 0x18, 0x24, 0x18, 0x24, 0x18, 0x29, 0x18, 0x24, 0x18, 0x29
	.byte 0x18, 0x24, 0x18, 0x29, 0x18, 0x29, 0xF6, 0x18, 0x18, 0x24, 0x18, 0x29, 0x18, 0x24, 0x18, 0x29
	.byte 0x18, 0x24, 0x18, 0x29, 0x0C, 0x29, 0x0C, 0x29, 0x18, 0x24, 0xF6, 0x18, 0x18, 0x29, 0xF6, 0x18
	.byte 0x18, 0x24, 0x18, 0x24, 0x18, 0x29, 0x18, 0x24, 0xF6, 0x18, 0x18, 0x24, 0x18, 0x29, 0xF6, 0x18
	.byte 0x18, 0x24, 0x18, 0x24, 0x18, 0x29, 0xF6, 0x18, 0x18, 0x24, 0xF6, 0x18, 0x18, 0x29, 0xF6, 0x18
	.byte 0x18, 0x24, 0x18, 0x24, 0x18, 0x29, 0x18, 0x24, 0xF6, 0x18, 0x18, 0x24, 0x18, 0x29, 0xF6, 0x18
	.byte 0x18, 0x24, 0x18, 0x24, 0x18, 0x29, 0xF6, 0x18, 0x18, 0x24, 0xF6, 0x18, 0x18, 0x29, 0xF6, 0x18
	.byte 0x18, 0x24, 0x18, 0x24, 0x18, 0x29, 0x18, 0x24, 0xF6, 0x18, 0x18, 0x24, 0x18, 0x29, 0x18, 0x24
	.byte 0x18, 0x29, 0x18, 0x24, 0x18, 0x29, 0x18, 0x29, 0x18, 0x24, 0x18, 0x24, 0x18, 0x29, 0x18, 0x24
	.byte 0x18, 0x29, 0x18, 0x24, 0x18, 0x29, 0x18, 0x24, 0xF1, 0x82, 0x0C, 0x29, 0x0C, 0x29, 0x18, 0x24
	.byte 0x18, 0x29, 0x18, 0x24, 0x18, 0x29, 0x18, 0x24, 0x18, 0x29, 0x0C, 0x29, 0x0C, 0x29, 0xF1, 0xA0
	.byte 0x18, 0x24, 0xF6, 0x18, 0x18, 0x29, 0xF6, 0x18, 0x18, 0x24, 0x18, 0x24, 0x18, 0x29, 0x18, 0x24
	.byte 0xF6, 0x18, 0x18, 0x24, 0x18, 0x29, 0xF6, 0x18, 0x18, 0x24, 0x18, 0x24, 0x18, 0x29, 0x0C, 0x29
	.byte 0x0C, 0x29, 0x18, 0x24, 0xF6, 0x18, 0x18, 0x29, 0xF6, 0x18, 0x18, 0x24, 0x18, 0x24, 0x18, 0x29
	.byte 0x18, 0x24, 0xF6, 0x18, 0x18, 0x24, 0x18, 0x29, 0xF6, 0x18, 0x18, 0x24, 0x18, 0x24, 0x18, 0x29
	.byte 0x0C, 0x29, 0x0C, 0x29, 0x18, 0x24, 0xF6, 0x18, 0x18, 0x29, 0xF6, 0x18, 0x18, 0x24, 0x18, 0x24
	.byte 0x18, 0x29, 0x18, 0x24, 0xF6, 0x18, 0x18, 0x24, 0x18, 0x29, 0xF6, 0x18, 0x18, 0x24, 0x18, 0x24
	.byte 0x18, 0x29, 0x0C, 0x29, 0x0C, 0x29, 0x18, 0x24, 0xF6, 0x18, 0x18, 0x29, 0xF6, 0x18, 0x18, 0x24
	.byte 0x18, 0x24, 0x18, 0x29, 0x18, 0x24, 0xF6, 0x18, 0x18, 0x24, 0x18, 0x29, 0xF6, 0x18, 0x18, 0x24
	.byte 0x18, 0x24, 0x18, 0x29, 0x0C, 0x29, 0x0C, 0x29, 0x18, 0x24, 0xF6, 0x48, 0x18, 0x24, 0x18, 0x24
	.byte 0xF6, 0x18, 0x18, 0x24, 0xF6, 0x18, 0x18, 0x24, 0xF6, 0x48, 0x18, 0x24, 0x18, 0x29, 0x18, 0x29
	.byte 0x18, 0x24, 0xF6, 0x48, 0x18, 0x24, 0x18, 0x24, 0xF6, 0x18, 0x18, 0x24, 0xF6, 0x18, 0x18, 0x24
	.byte 0xF6, 0x48, 0x18, 0x24, 0x18, 0x29, 0x0C, 0x29, 0x0C, 0x29, 0x18, 0x24, 0xF6, 0x18, 0x18, 0x29
	.byte 0xF6, 0x18, 0x18, 0x24, 0x18, 0x24, 0x18, 0x29, 0x18, 0x24, 0xF6, 0x18, 0x18, 0x24, 0x18, 0x29
	.byte 0xF6, 0x18, 0x18, 0x24, 0x18, 0x24, 0x18, 0x29, 0xF6, 0x18, 0x18, 0x24, 0xF6, 0x18, 0x18, 0x29
	.byte 0xF6, 0x18, 0x18, 0x24, 0x18, 0x24, 0x18, 0x29, 0x18, 0x24, 0xF6, 0x18, 0x18, 0x24, 0x18, 0x29
	.byte 0xF6, 0x18, 0x18, 0x24, 0x18, 0x24, 0x18, 0x29, 0x18, 0x29, 0x18, 0x24, 0xF6, 0x18, 0x18, 0x24
	.byte 0xF6, 0x18, 0x18, 0x24, 0xF6, 0x18, 0x18, 0x24, 0xF6, 0x18, 0x18, 0x24, 0xF6, 0x18, 0x18, 0x24
	.byte 0xF6, 0x18, 0x18, 0x24, 0xF6, 0x18, 0x18, 0x29, 0x0C, 0x29, 0x0C, 0x29, 0xF8, 0x53, 0xFD, 0xFF
	.byte 0xF9, 0xC8, 0xF6, 0x01, 0xF0, 0x07, 0xF1, 0x46, 0x18, 0x2C, 0x18, 0x2C, 0x18, 0x2E, 0x18, 0x2C
	.byte 0x18, 0x2C, 0x18, 0x2E, 0x18, 0x2C, 0x18, 0x2C, 0x18, 0x2C, 0x18, 0x2C, 0x18, 0x2E, 0x18, 0x2C
	.byte 0x18, 0x2C, 0x18, 0x2E, 0x18, 0x2C, 0x18, 0x2E, 0x18, 0x2C, 0x18, 0x2C, 0x18, 0x2E, 0x18, 0x2C
	.byte 0x18, 0x2C, 0x18, 0x2E, 0x18, 0x2C, 0x18, 0x2C, 0x18, 0x2C, 0x18, 0x2C, 0x18, 0x2E, 0x18, 0x2C
	.byte 0x18, 0x2C, 0x18, 0x2E, 0x18, 0x2C, 0x18, 0x2E, 0x18, 0x2C, 0x18, 0x2C, 0x18, 0x2E, 0x18, 0x2C
	.byte 0x18, 0x2C, 0x18, 0x2E, 0x18, 0x2C, 0x18, 0x2C, 0x18, 0x2C, 0x18, 0x2E, 0x18, 0x2C, 0x18, 0x2E
	.byte 0x18, 0x2C, 0x18, 0x2C, 0x18, 0x2C, 0x18, 0x2E, 0x18, 0x2C, 0x18, 0x2E, 0x18, 0x2C, 0x18, 0x2E
	.byte 0x18, 0x2C, 0x18, 0x2C, 0x18, 0x2C, 0x18, 0x2E, 0x18, 0x2C, 0x18, 0x2E, 0x18, 0x2C, 0x18, 0x2E
	.byte 0x18, 0x2C, 0x18, 0x2C, 0x18, 0x2C, 0x18, 0x2E, 0x18, 0x2C, 0x18, 0x2C, 0x18, 0x2E, 0x18, 0x2C
	.byte 0x18, 0x2C, 0x18, 0x2E, 0x18, 0x2C, 0x18, 0x2C, 0x18, 0x2C, 0x18, 0x2C, 0x18, 0x2E, 0x18, 0x2C
	.byte 0x18, 0x2C, 0x18, 0x2E, 0x18, 0x2C, 0x18, 0x2E, 0x18, 0x2C, 0x18, 0x2C, 0x18, 0x2E, 0x18, 0x2C
	.byte 0x18, 0x2C, 0x18, 0x2E, 0x18, 0x2C, 0x18, 0x2C, 0x18, 0x2C, 0x18, 0x2C, 0x18, 0x2E, 0x18, 0x2C
	.byte 0x18, 0x2C, 0x18, 0x2E, 0x18, 0x2C, 0x18, 0x2E, 0x18, 0x2C, 0x18, 0x2C, 0x18, 0x2E, 0x18, 0x2C
	.byte 0x18, 0x2C, 0x18, 0x2E, 0x18, 0x2C, 0x18, 0x2C, 0x18, 0x2C, 0x18, 0x2E, 0x18, 0x2C, 0x18, 0x2E
	.byte 0x18, 0x2C, 0x18, 0x2C, 0x18, 0x2C, 0x18, 0x2E, 0x18, 0x2C, 0x18, 0x2E, 0x18, 0x2C, 0x18, 0x2E
	.byte 0x18, 0x2C, 0x18, 0x2C, 0x18, 0x2C, 0x18, 0x2E, 0x18, 0x2C, 0x18, 0x2E, 0x18, 0x2C, 0x18, 0x2E
	.byte 0x18, 0x2C, 0x18, 0x2C, 0x18, 0x2C, 0x18, 0x2E, 0x18, 0x2C, 0x18, 0x2C, 0x18, 0x2E, 0x18, 0x2C
	.byte 0x18, 0x2C, 0x18, 0x2E, 0x18, 0x2C, 0x18, 0x2C, 0x18, 0x2C, 0x18, 0x2C, 0x18, 0x2E, 0x18, 0x2C
	.byte 0x18, 0x2C, 0x18, 0x2E, 0x18, 0x2C, 0x18, 0x2E, 0x18, 0x2C, 0x18, 0x2C, 0x18, 0x2E, 0x18, 0x2C
	.byte 0x18, 0x2C, 0x18, 0x2E, 0x18, 0x2C, 0x18, 0x2C, 0x18, 0x2C, 0x18, 0x2C, 0x18, 0x2E, 0x18, 0x2C
	.byte 0x18, 0x2C, 0x18, 0x2E, 0x18, 0x2C, 0x18, 0x2E, 0x18, 0x2C, 0x18, 0x2C, 0x18, 0x2E, 0x18, 0x2C
	.byte 0x18, 0x2C, 0x18, 0x2E, 0x18, 0x2C, 0x18, 0x2C, 0x18, 0x2C, 0x18, 0x2E, 0x18, 0x2C, 0x18, 0x2E
	.byte 0x18, 0x2C, 0x18, 0x2C, 0x18, 0x2C, 0x18, 0x2E, 0x18, 0x2C, 0x18, 0x2E, 0x18, 0x2C, 0x18, 0x2E
	.byte 0x18, 0x2C, 0x18, 0x2C, 0x18, 0x2C, 0x18, 0x2E, 0x18, 0x2C, 0x18, 0x2E, 0x18, 0x2C, 0x18, 0x2E
	.byte 0x18, 0x2C, 0x18, 0x2C, 0x18, 0x2C, 0x18, 0x2E, 0x18, 0x2C, 0x18, 0x2C, 0x18, 0x2E, 0x18, 0x2C
	.byte 0x18, 0x2C, 0x18, 0x2E, 0x18, 0x2C, 0x18, 0x2C, 0x18, 0x2C, 0x18, 0x2C, 0x18, 0x2E, 0x18, 0x2C
	.byte 0x18, 0x2C, 0x18, 0x2E, 0x18, 0x2C, 0x18, 0x2E, 0x18, 0x2C, 0x18, 0x2C, 0x18, 0x2E, 0x18, 0x2C
	.byte 0x18, 0x2C, 0x18, 0x2E, 0x18, 0x2C, 0x18, 0x2C, 0x18, 0x2C, 0x18, 0x2C, 0x18, 0x2E, 0x18, 0x2C
	.byte 0x18, 0x2C, 0x18, 0x2E, 0x18, 0x2C, 0x18, 0x2E, 0x18, 0x2C, 0x18, 0x2C, 0x18, 0x2E, 0x18, 0x2C
	.byte 0x18, 0x2C, 0x18, 0x2E, 0x18, 0x2C, 0x18, 0x2C, 0x18, 0x2C, 0x18, 0x2C, 0x18, 0x2E, 0x18, 0x2C
	.byte 0x18, 0x2C, 0x18, 0x2E, 0x18, 0x2C, 0x18, 0x2E, 0x18, 0x2C, 0x18, 0x2C, 0x18, 0x2E, 0x18, 0x2C
	.byte 0x18, 0x2C, 0x18, 0x2E, 0x18, 0x2C, 0x18, 0x2C, 0x18, 0x2C, 0x18, 0x2C, 0x18, 0x2E, 0x18, 0x2C
	.byte 0x18, 0x2C, 0x18, 0x2E, 0x18, 0x2C, 0x18, 0x2E, 0x18, 0x2C, 0x18, 0x2C, 0x18, 0x2E, 0x18, 0x2C
	.byte 0x18, 0x2C, 0x18, 0x2E, 0x18, 0x2C, 0x18, 0x2C, 0x18, 0x2C, 0x18, 0x2C, 0x18, 0x2E, 0x18, 0x2C
	.byte 0x18, 0x2C, 0x18, 0x2E, 0x18, 0x2C, 0x18, 0x2E, 0x18, 0x2C, 0x18, 0x2C, 0x18, 0x2E, 0x18, 0x2C
	.byte 0x18, 0x2C, 0x18, 0x2E, 0x18, 0x2C, 0x18, 0x2C, 0x18, 0x2C, 0x18, 0x2C, 0x18, 0x2E, 0x18, 0x2C
	.byte 0x18, 0x2C, 0x18, 0x2E, 0x18, 0x2C, 0x18, 0x2E, 0x18, 0x2C, 0x18, 0x2C, 0x18, 0x2E, 0x18, 0x2C
	.byte 0x18, 0x2C, 0x18, 0x2E, 0x18, 0x2C, 0x18, 0x2C, 0x18, 0x2C, 0x18, 0x2C, 0x18, 0x2E, 0x18, 0x2C
	.byte 0x18, 0x2C, 0x18, 0x2E, 0x18, 0x2C, 0x18, 0x2E, 0x18, 0x2C, 0x18, 0x2C, 0x18, 0x2E, 0x18, 0x2C
	.byte 0x18, 0x2C, 0x18, 0x2E, 0x18, 0x2C, 0x18, 0x2C, 0x18, 0x2C, 0x18, 0x2C, 0x18, 0x2E, 0x18, 0x2C
	.byte 0x18, 0x2C, 0x18, 0x2E, 0x18, 0x2C, 0x18, 0x2E, 0x18, 0x2C, 0x18, 0x2C, 0x18, 0x2E, 0x18, 0x2C
	.byte 0x18, 0x2C, 0x18, 0x2E, 0x18, 0x2C, 0x18, 0x2C, 0x18, 0x2C, 0x18, 0x2C, 0x18, 0x2E, 0x18, 0x2C
	.byte 0x18, 0x2C, 0x18, 0x2E, 0x18, 0x2C, 0x17, 0x2E, 0xF8, 0x55, 0xFD, 0xFF, 0xF9, 0xC8, 0xF6, 0x19
	.byte 0xF0, 0xC2, 0xF2, 0xDC, 0xF1, 0x28, 0x0C, 0x43, 0xF1, 0x14, 0x0C, 0x43, 0xF1, 0x28, 0xF6, 0x18
	.byte 0x0C, 0x43, 0xF1, 0x14, 0x0C, 0x43, 0xF1, 0x28, 0xF6, 0x18, 0x0C, 0x43, 0xF1, 0x14, 0x0C, 0x43
	.byte 0xF1, 0x28, 0x08, 0x42, 0xF1, 0x14, 0x08, 0x42, 0xF1, 0x28, 0xF6, 0x08, 0x0C, 0x43, 0xF1, 0x14
	.byte 0x0C, 0x43, 0xF1, 0x28, 0xF6, 0x18, 0x0C, 0x43, 0xF1, 0x14, 0x0C, 0x43, 0xF1, 0x28, 0xF6, 0x18
	.byte 0x0C, 0x43, 0xF1, 0x14, 0x0C, 0x43, 0xF1, 0x28, 0xF6, 0x18, 0x0C, 0x43, 0xF1, 0x14, 0x0C, 0x43
	.byte 0xF1, 0x28, 0x08, 0x42, 0xF1, 0x14, 0x08, 0x42, 0xF1, 0x28, 0xF6, 0x08, 0x0C, 0x43, 0xF1, 0x14
	.byte 0x0C, 0x43, 0xF1, 0x28, 0xF6, 0x18, 0x0C, 0x43, 0xF1, 0x14, 0x0C, 0x43, 0xF1, 0x28, 0xF6, 0x18
	.byte 0x0C, 0x43, 0xF1, 0x14, 0x0C, 0x43, 0xF1, 0x28, 0xF6, 0x18, 0x0C, 0x43, 0xF1, 0x14, 0x0C, 0x43
	.byte 0xF1, 0x28, 0x08, 0x42, 0xF1, 0x14, 0x08, 0x42, 0xF1, 0x28, 0xF6, 0x08, 0x0C, 0x43, 0xF1, 0x14
	.byte 0x0C, 0x43, 0xF1, 0x28, 0xF6, 0x18, 0x0C, 0x43, 0xF1, 0x14, 0x0C, 0x43, 0xF1, 0x28, 0xF6, 0x18
	.byte 0x0C, 0x43, 0xF1, 0x14, 0x0C, 0x43, 0xF1, 0x28, 0xF6, 0x18, 0x0C, 0x43, 0xF1, 0x14, 0x0C, 0x43
	.byte 0xF1, 0x28, 0x08, 0x42, 0xF1, 0x14, 0x08, 0x42, 0xF1, 0x28, 0xF6, 0x08, 0x0C, 0x43, 0xF1, 0x14
	.byte 0x0C, 0x43, 0xF1, 0x28, 0xF6, 0x18, 0x0C, 0x43, 0xF1, 0x14, 0x0C, 0x43, 0xF1, 0x28, 0xF6, 0x18
	.byte 0x0C, 0x43, 0xF1, 0x14, 0x0C, 0x43, 0xF1, 0x28, 0xF6, 0x18, 0x0C, 0x43, 0xF1, 0x14, 0x0C, 0x43
	.byte 0xF1, 0x28, 0x08, 0x42, 0xF1, 0x14, 0x08, 0x42, 0xF1, 0x28, 0xF6, 0x08, 0x0C, 0x43, 0xF1, 0x14
	.byte 0x0C, 0x43, 0xF1, 0x28, 0xF6, 0x18, 0x10, 0x3E, 0xF1, 0x1E, 0x10, 0x3E, 0xF1, 0x3C, 0xF6, 0x10
	.byte 0x10, 0x3E, 0xF1, 0x1E, 0x10, 0x3E, 0xF1, 0x3C, 0xF6, 0x10, 0x10, 0x3E, 0xF1, 0x1E, 0x10, 0x3E
	.byte 0xF1, 0x3C, 0xF6, 0x10, 0x10, 0x3E, 0xF1, 0x1E, 0x08, 0x3E, 0xF1, 0x3C, 0xF6, 0x18, 0x10, 0x43
	.byte 0xF1, 0x1E, 0x10, 0x43, 0xF1, 0x3C, 0xF6, 0x10, 0x10, 0x43, 0xF1, 0x1E, 0x10, 0x43, 0xF1, 0x3C
	.byte 0xF6, 0x10, 0x10, 0x43, 0xF1, 0x1E, 0x10, 0x43, 0xF1, 0x3C, 0xF6, 0x10, 0x10, 0x43, 0xF1, 0x1E
	.byte 0x08, 0x43, 0xF1, 0x3C, 0xF6, 0x18, 0x10, 0x3E, 0xF1, 0x1E, 0x10, 0x3E, 0xF1, 0x3C, 0xF6, 0x10
	.byte 0x10, 0x3E, 0xF1, 0x1E, 0x10, 0x3E, 0xF1, 0x3C, 0xF6, 0x10, 0x10, 0x3E, 0xF1, 0x1E, 0x10, 0x3E
	.byte 0xF1, 0x3C, 0xF6, 0x10, 0x10, 0x3E, 0xF1, 0x1E, 0x08, 0x3E, 0xF1, 0x3C, 0xF6, 0x18, 0x10, 0x43
	.byte 0xF1, 0x1E, 0x10, 0x43, 0xF1, 0x3C, 0xF6, 0x10, 0x10, 0x43, 0xF1, 0x1E, 0x10, 0x43, 0xF1, 0x3C
	.byte 0xF6, 0x10, 0x10, 0x43, 0xF1, 0x1E, 0x10, 0x43, 0xF1, 0x3C, 0xF6, 0x10, 0x10, 0x43, 0xF1, 0x1E
	.byte 0x08, 0x43, 0xF1, 0x3C, 0xF6, 0x18, 0x0C, 0x43, 0xF1, 0x14, 0x0C, 0x43, 0xF1, 0x28, 0xF6, 0x18
	.byte 0x0C, 0x43, 0xF1, 0x14, 0x0C, 0x43, 0xF1, 0x28, 0xF6, 0x18, 0x0C, 0x43, 0xF1, 0x14, 0x0C, 0x43
	.byte 0xF1, 0x28, 0x08, 0x42, 0xF1, 0x14, 0x08, 0x42, 0xF1, 0x28, 0xF6, 0x08, 0x0C, 0x43, 0xF1, 0x14
	.byte 0x0C, 0x43, 0xF1, 0x28, 0xF6, 0x18, 0x0C, 0x43, 0xF1, 0x14, 0x0C, 0x43, 0xF1, 0x28, 0xF6, 0x18
	.byte 0x0C, 0x43, 0xF1, 0x14, 0x0C, 0x43, 0xF1, 0x28, 0xF6, 0x18, 0x0C, 0x43, 0xF1, 0x14, 0x0C, 0x43
	.byte 0xF1, 0x28, 0x08, 0x42, 0xF1, 0x14, 0x08, 0x42, 0xF1, 0x28, 0xF6, 0x08, 0x0C, 0x43, 0xF1, 0x14
	.byte 0x0C, 0x43, 0xF1, 0x28, 0xF6, 0x18, 0x0C, 0x43, 0xF1, 0x14, 0x0C, 0x43, 0xF1, 0x28, 0xF6, 0x18
	.byte 0x0C, 0x43, 0xF1, 0x14, 0x0C, 0x43, 0xF1, 0x28, 0xF6, 0x18, 0x0C, 0x43, 0xF1, 0x14, 0x0C, 0x43
	.byte 0xF1, 0x28, 0x08, 0x42, 0xF1, 0x14, 0x08, 0x42, 0xF1, 0x28, 0xF6, 0x08, 0x0C, 0x43, 0xF1, 0x14
	.byte 0x0C, 0x43, 0xF1, 0x28, 0xF6, 0x18, 0x0C, 0x43, 0xF1, 0x14, 0x0C, 0x43, 0xF1, 0x28, 0xF6, 0x18
	.byte 0x0C, 0x43, 0xF1, 0x14, 0x0C, 0x43, 0xF1, 0x28, 0xF6, 0x18, 0x0C, 0x43, 0xF1, 0x14, 0x0C, 0x43
	.byte 0xF1, 0x28, 0x08, 0x42, 0xF1, 0x14, 0x08, 0x42, 0xF1, 0x28, 0xF6, 0x08, 0x0C, 0x43, 0xF1, 0x14
	.byte 0x0C, 0x43, 0xF1, 0x28, 0xF6, 0x18, 0x10, 0x3E, 0xF1, 0x1E, 0x10, 0x3E, 0xF1, 0x3C, 0xF6, 0x10
	.byte 0x10, 0x3E, 0xF1, 0x1E, 0x10, 0x3E, 0xF1, 0x3C, 0xF6, 0x10, 0x10, 0x3E, 0xF1, 0x1E, 0x10, 0x3E
	.byte 0xF1, 0x3C, 0xF6, 0x10, 0x10, 0x3E, 0xF1, 0x1E, 0x08, 0x3E, 0xF1, 0x3C, 0xF6, 0x18, 0x10, 0x43
	.byte 0xF1, 0x1E, 0x10, 0x43, 0xF1, 0x3C, 0xF6, 0x10, 0x10, 0x43, 0xF1, 0x1E, 0x10, 0x43, 0xF1, 0x3C
	.byte 0xF6, 0x10, 0x10, 0x43, 0xF1, 0x1E, 0x10, 0x43, 0xF1, 0x3C, 0xF6, 0x10, 0x10, 0x43, 0xF1, 0x1E
	.byte 0x08, 0x43, 0xF1, 0x3C, 0xF6, 0x18, 0x10, 0x3E, 0xF1, 0x1E, 0x10, 0x3E, 0xF1, 0x3C, 0xF6, 0x10
	.byte 0x10, 0x3E, 0xF1, 0x1E, 0x10, 0x3E, 0xF1, 0x3C, 0xF6, 0x10, 0x10, 0x3E, 0xF1, 0x1E, 0x10, 0x3E
	.byte 0xF1, 0x3C, 0xF6, 0x10, 0x10, 0x3E, 0xF1, 0x1E, 0x08, 0x3E, 0xF1, 0x3C, 0xF6, 0x18, 0x10, 0x43
	.byte 0xF1, 0x1E, 0x10, 0x43, 0xF1, 0x3C, 0xF6, 0x10, 0x10, 0x43, 0xF1, 0x1E, 0x10, 0x43, 0xF1, 0x3C
	.byte 0xF6, 0x10, 0x10, 0x43, 0xF1, 0x1E, 0x10, 0x43, 0xF1, 0x3C, 0xF6, 0x10, 0x10, 0x43, 0xF1, 0x1E
	.byte 0x08, 0x43, 0xF1, 0x3C, 0xF6, 0x18, 0x0C, 0x43, 0xF1, 0x14, 0x0C, 0x43, 0xF1, 0x28, 0xF6, 0x18
	.byte 0x0C, 0x43, 0xF1, 0x14, 0x0C, 0x43, 0xF1, 0x28, 0xF6, 0x18, 0x0C, 0x43, 0xF1, 0x14, 0x0C, 0x43
	.byte 0xF1, 0x28, 0x08, 0x42, 0xF1, 0x14, 0x08, 0x42, 0xF1, 0x28, 0xF6, 0x08, 0x0C, 0x43, 0xF1, 0x14
	.byte 0x0C, 0x43, 0xF1, 0x28, 0xF6, 0x18, 0x0C, 0x46, 0xF1, 0x14, 0x0C, 0x46, 0xF1, 0x28, 0xF6, 0x18
	.byte 0x0C, 0x46, 0xF1, 0x14, 0x0C, 0x46, 0xF1, 0x28, 0xF6, 0x18, 0x0C, 0x46, 0xF1, 0x14, 0x0C, 0x46
	.byte 0xF1, 0x28, 0x08, 0x47, 0xF1, 0x14, 0x08, 0x47, 0xF1, 0x28, 0xF6, 0x08, 0x0C, 0x46, 0xF1, 0x14
	.byte 0x0C, 0x46, 0xF1, 0x28, 0xF6, 0x18, 0x0C, 0x46, 0xF1, 0x14, 0x0C, 0x46, 0xF1, 0x28, 0xF6, 0x18
	.byte 0x0C, 0x46, 0xF1, 0x14, 0x0C, 0x46, 0xF1, 0x28, 0xF6, 0x18, 0x0C, 0x46, 0xF1, 0x14, 0x0C, 0x46
	.byte 0xF1, 0x28, 0x08, 0x47, 0xF1, 0x14, 0x08, 0x47, 0xF1, 0x28, 0xF6, 0x08, 0x0C, 0x46, 0xF1, 0x14
	.byte 0x0C, 0x46, 0xF1, 0x28, 0xF6, 0x18, 0x0C, 0x43, 0xF1, 0x14, 0x0C, 0x43, 0xF1, 0x28, 0xF6, 0x18
	.byte 0x0C, 0x43, 0xF1, 0x14, 0x0C, 0x43, 0xF1, 0x28, 0xF6, 0x18, 0x0C, 0x43, 0xF1, 0x14, 0x0C, 0x43
	.byte 0xF1, 0x28, 0x08, 0x42, 0xF1, 0x14, 0x08, 0x42, 0xF1, 0x28, 0xF6, 0x08, 0x0C, 0x43, 0xF1, 0x14
	.byte 0x0C, 0x43, 0xF1, 0x28, 0xF6, 0x18, 0x0C, 0x43, 0xF1, 0x14, 0x0C, 0x43, 0xF1, 0x28, 0xF6, 0x18
	.byte 0x0C, 0x43, 0xF1, 0x14, 0x0C, 0x43, 0xF1, 0x28, 0xF6, 0x18, 0x0C, 0x43, 0xF1, 0x14, 0x0C, 0x43
	.byte 0xF1, 0x28, 0x08, 0x42, 0xF1, 0x14, 0x08, 0x42, 0xF1, 0x28, 0xF6, 0x08, 0x0C, 0x43, 0xF1, 0x14
	.byte 0x0C, 0x43, 0xF1, 0x28, 0xF6, 0x18, 0x0C, 0x46, 0xF1, 0x14, 0x0C, 0x46, 0xF1, 0x28, 0xF6, 0x18
	.byte 0x0C, 0x46, 0xF1, 0x14, 0x0C, 0x46, 0xF1, 0x28, 0xF6, 0x18, 0x0C, 0x46, 0xF1, 0x14, 0x0C, 0x46
	.byte 0xF1, 0x28, 0x08, 0x47, 0xF1, 0x14, 0x08, 0x47, 0xF1, 0x28, 0xF6, 0x08, 0x0C, 0x46, 0xF1, 0x14
	.byte 0x0C, 0x46, 0xF1, 0x28, 0xF6, 0x18, 0x0C, 0x46, 0xF1, 0x14, 0x0C, 0x46, 0xF1, 0x28, 0xF6, 0x18
	.byte 0x0C, 0x46, 0xF1, 0x14, 0x0C, 0x46, 0xF1, 0x28, 0xF6, 0x18, 0x0C, 0x46, 0xF1, 0x14, 0x0C, 0x46
	.byte 0xF1, 0x28, 0x08, 0x47, 0xF1, 0x14, 0x08, 0x47, 0xF1, 0x28, 0xF6, 0x08, 0x0C, 0x46, 0xF1, 0x14
	.byte 0x0C, 0x46, 0xF1, 0x28, 0x0C, 0x3E, 0xF1, 0x1E, 0x0C, 0x3E, 0xF1, 0x3C, 0x0C, 0x3E, 0xF1, 0x1E
	.byte 0x0C, 0x3E, 0xF1, 0x3C, 0xF6, 0x30, 0x0C, 0x3E, 0xF1, 0x1E, 0x0C, 0x3E, 0xF1, 0x3C, 0x0C, 0x3E
	.byte 0xF1, 0x1E, 0x0C, 0x3E, 0xF1, 0x3C, 0xF6, 0x30, 0x0C, 0x3E, 0xF1, 0x1E, 0x0C, 0x3E, 0xF1, 0x3C
	.byte 0x0C, 0x3E, 0xF1, 0x1E, 0x0C, 0x3E, 0xF1, 0x3C, 0xF6, 0x18, 0x30, 0x3E, 0xF1, 0x1E, 0x18, 0x3E
	.byte 0xF1, 0x3C, 0xF6, 0x30, 0x0C, 0x3F, 0xF1, 0x1E, 0x0C, 0x3F, 0xF1, 0x3C, 0x0C, 0x3F, 0xF1, 0x1E
	.byte 0x0C, 0x3F, 0xF1, 0x3C, 0xF6, 0x30, 0x0C, 0x3F, 0xF1, 0x1E, 0x0C, 0x3F, 0xF1, 0x3C, 0x0C, 0x3F
	.byte 0xF1, 0x1E, 0x0C, 0x3F, 0xF1, 0x3C, 0xF6, 0x30, 0x0C, 0x3F, 0xF1, 0x1E, 0x0C, 0x3F, 0xF1, 0x3C
	.byte 0x0C, 0x3F, 0xF1, 0x1E, 0x0C, 0x3F, 0xF1, 0x3C, 0xF6, 0x18, 0x30, 0x3F, 0xF1, 0x1E, 0x18, 0x3F
	.byte 0xF1, 0x3C, 0xF6, 0x30, 0x0C, 0x3E, 0xF1, 0x1E, 0x0C, 0x3E, 0xF1, 0x3C, 0x0C, 0x3E, 0xF1, 0x1E
	.byte 0x0C, 0x3E, 0xF1, 0x3C, 0xF6, 0x30, 0x0C, 0x3E, 0xF1, 0x1E, 0x0C, 0x3E, 0xF1, 0x3C, 0x0C, 0x3E
	.byte 0xF1, 0x1E, 0x0C, 0x3E, 0xF1, 0x3C, 0xF6, 0x30, 0x0C, 0x3E, 0xF1, 0x1E, 0x0C, 0x3E, 0xF1, 0x3C
	.byte 0x0C, 0x3E, 0xF1, 0x1E, 0x0C, 0x3E, 0xF1, 0x3C, 0xF6, 0x18, 0x30, 0x3E, 0xF1, 0x1E, 0x18, 0x3E
	.byte 0xF1, 0x3C, 0xF6, 0x30, 0x0C, 0x3F, 0xF1, 0x1E, 0x0C, 0x3F, 0xF1, 0x3C, 0x0C, 0x3F, 0xF1, 0x1E
	.byte 0x0C, 0x3F, 0xF1, 0x3C, 0xF6, 0x30, 0x18, 0x3F, 0x18, 0x3F, 0xF1, 0x1E, 0x18, 0x3F, 0xF1, 0x3C
	.byte 0xF6, 0x18, 0x0C, 0x3F, 0xF1, 0x1E, 0x0C, 0x3F, 0xF1, 0x3C, 0x0C, 0x3F, 0xF1, 0x1E, 0x0C, 0x3F
	.byte 0xF1, 0x3C, 0xF6, 0x18, 0x30, 0x3F, 0xF1, 0x1E, 0x18, 0x3F, 0xF1, 0x3C, 0xF6, 0x30, 0xF6, 0xC0
	.byte 0xF6, 0xC0, 0xF6, 0xC0, 0xF6, 0xC0, 0xF6, 0x18, 0x0C, 0x3E, 0xF1, 0x1E, 0x0C, 0x3E, 0xF1, 0x3C
	.byte 0xF6, 0x18, 0x0C, 0x3E, 0xF1, 0x1E, 0x0C, 0x3E, 0xF1, 0x3C, 0xF6, 0x18, 0x0C, 0x3E, 0xF1, 0x1E
	.byte 0x0C, 0x3E, 0xF1, 0x3C, 0x08, 0x3E, 0xF1, 0x1E, 0x08, 0x3E, 0xF1, 0x3C, 0xF6, 0x08, 0x0C, 0x3E
	.byte 0xF1, 0x1E, 0x0C, 0x3E, 0xF1, 0x3C, 0xF6, 0x18, 0x0C, 0x3E, 0xF1, 0x1E, 0x0C, 0x3E, 0xF1, 0x3C
	.byte 0xF6, 0x18, 0x0C, 0x3E, 0xF1, 0x1E, 0x0C, 0x3E, 0xF1, 0x3C, 0xF6, 0x18, 0x0C, 0x3E, 0xF1, 0x1E
	.byte 0x0C, 0x3E, 0xF1, 0x3C, 0x08, 0x3E, 0xF1, 0x1E, 0x08, 0x3E, 0xF1, 0x3C, 0xF6, 0x08, 0x0C, 0x3E
	.byte 0xF1, 0x1E, 0x0C, 0x3E, 0xF1, 0x3C, 0xF6, 0x18, 0x0C, 0x43, 0xF1, 0x1E, 0x0C, 0x43, 0xF1, 0x3C
	.byte 0xF6, 0x18, 0x0C, 0x43, 0xF1, 0x1E, 0x0C, 0x43, 0xF1, 0x3C, 0xF6, 0x18, 0x0C, 0x43, 0xF1, 0x1E
	.byte 0x0C, 0x43, 0xF1, 0x3C, 0x08, 0x43, 0xF1, 0x1E, 0x08, 0x43, 0xF1, 0x3C, 0xF6, 0x08, 0x0C, 0x43
	.byte 0xF1, 0x1E, 0x0C, 0x43, 0xF1, 0x3C, 0xF6, 0x18, 0x0C, 0x43, 0xF1, 0x1E, 0x0C, 0x43, 0xF1, 0x3C
	.byte 0xF6, 0x18, 0x0C, 0x43, 0xF1, 0x1E, 0x0C, 0x43, 0xF1, 0x3C, 0xF6, 0x18, 0x0C, 0x43, 0xF1, 0x1E
	.byte 0x0C, 0x43, 0xF1, 0x3C, 0x08, 0x43, 0xF1, 0x1E, 0x08, 0x43, 0xF1, 0x3C, 0xF6, 0x08, 0x0C, 0x43
	.byte 0xF1, 0x1E, 0x0C, 0x43, 0xF1, 0x3C, 0x0C, 0x3E, 0xF1, 0x1E, 0x0C, 0x3E, 0xF1, 0x3C, 0x0C, 0x3E
	.byte 0xF1, 0x1E, 0x0C, 0x3E, 0xF1, 0x3C, 0xF6, 0x30, 0x0C, 0x3E, 0xF1, 0x1E, 0x0C, 0x3E, 0xF1, 0x3C
	.byte 0x0C, 0x3E, 0xF1, 0x1E, 0x0C, 0x3E, 0xF1, 0x3C, 0xF6, 0x30, 0x0C, 0x3E, 0xF1, 0x1E, 0x0C, 0x3E
	.byte 0xF1, 0x3C, 0x0C, 0x3E, 0xF1, 0x1E, 0x0C, 0x3E, 0xF1, 0x3C, 0xF6, 0x18, 0x30, 0x3E, 0xF1, 0x1E
	.byte 0x18, 0x3E, 0xF1, 0x3C, 0xF6, 0x2F, 0xF8, 0xB3, 0xF9, 0xFF, 0x00, 0x00, 0xFC, 0x03, 0x12, 0x00
	.byte 0xF6, 0x00, 0x41, 0x02, 0x1F, 0x03, 0x0D, 0x06, 0x43, 0x09, 0xC6, 0x09, 0x68, 0x0A, 0xF9, 0x78
	.byte 0xF6, 0x02, 0xF0, 0x31, 0xF2, 0x3C, 0xF1, 0x0A, 0x00, 0xD4, 0x30, 0xF1, 0x14, 0x00, 0xD4, 0x18
	.byte 0xF1, 0x1E, 0x00, 0xD4, 0x18, 0xF1, 0x28, 0x00, 0xD4, 0x18, 0xF1, 0x32, 0x00, 0xD4, 0x18, 0xF1
	.byte 0x3C, 0x00, 0xD4, 0x18, 0xF1, 0x46, 0x00, 0xD4, 0x18, 0xF1, 0x50, 0xBE, 0x54, 0xF6, 0x02, 0xF1
	.byte 0x50, 0x00, 0xD3, 0xC0, 0xC0, 0x53, 0x00, 0xD2, 0xC0, 0xC0, 0x52, 0x00, 0xD1, 0xC0, 0xF1, 0x46
	.byte 0x00, 0xD1, 0x18, 0xF1, 0x3C, 0x00, 0xD1, 0x18, 0xF1, 0x32, 0x00, 0xD1, 0x18, 0xF1, 0x28, 0x00
	.byte 0xD1, 0x18, 0xF1, 0x1E, 0x00, 0xD1, 0x18, 0xF1, 0x14, 0x00, 0xD1, 0x18, 0xF1, 0x0A, 0x30, 0x51
	.byte 0xF6, 0xC0, 0xF1, 0x14, 0x00, 0xD3, 0x18, 0xF1, 0x1E, 0x00, 0xD3, 0x18, 0xF1, 0x28, 0x00, 0xD3
	.byte 0x18, 0xF1, 0x32, 0x00, 0xD3, 0x18, 0xF1, 0x3C, 0x00, 0xD3, 0x18, 0xF1, 0x46, 0x00, 0xD3, 0x18
	.byte 0xF1, 0x50, 0x00, 0xD3, 0x18, 0xF1, 0x46, 0x18, 0x53, 0xF6, 0xC0, 0xF1, 0x14, 0x00, 0xD5, 0x18
	.byte 0xF1, 0x1E, 0x00, 0xD5, 0x18, 0xF1, 0x28, 0x00, 0xD5, 0x18, 0xF1, 0x32, 0x00, 0xD5, 0x18, 0xF1
	.byte 0x3C, 0x00, 0xD5, 0x18, 0xF1, 0x46, 0x00, 0xD5, 0x18, 0xF1, 0x50, 0x00, 0xD5, 0x18, 0xF1, 0x46
	.byte 0x18, 0x55, 0xF1, 0x3C, 0x00, 0xD4, 0x18, 0xF1, 0x32, 0x00, 0xD4, 0x18, 0xF1, 0x28, 0x00, 0xD4
	.byte 0x18, 0xF1, 0x1E, 0x00, 0xD4, 0x18, 0xF1, 0x28, 0x00, 0xD4, 0x18, 0xF1, 0x32, 0x00, 0xD4, 0x18
	.byte 0xF1, 0x3C, 0x00, 0xD4, 0x18, 0xF1, 0x46, 0x00, 0xD4, 0x18, 0xF1, 0x50, 0xBE, 0x54, 0xF8, 0x4C
	.byte 0xFF, 0xFF, 0xF9, 0x78, 0xF6, 0x01, 0xF0, 0x33, 0xF2, 0x50, 0xF1, 0xDC, 0x00, 0xC3, 0xC0, 0xBF
	.byte 0x43, 0xF6, 0x01, 0xC0, 0x42, 0xC0, 0x3E, 0x00, 0xC1, 0xC0, 0xC0, 0x41, 0xC0, 0x40, 0xF1, 0xC8
	.byte 0x00, 0xBC, 0x18, 0xF1, 0xB4, 0x00, 0xBC, 0x18, 0xF1, 0xA0, 0x00, 0xBC, 0x18, 0xF1, 0x8C, 0x00
	.byte 0xBC, 0x18, 0xF1, 0x78, 0x00, 0xBC, 0x18, 0xF1, 0x64, 0x00, 0xBC, 0x18, 0xF1, 0x50, 0x00, 0xBC
	.byte 0x18, 0xF1, 0x28, 0x17, 0x3C, 0xF6, 0x04, 0xF0, 0x0C, 0xF2, 0xC8, 0xF1, 0x1E, 0x08, 0x35, 0x08
	.byte 0x3A, 0x08, 0x35, 0x08, 0x3A, 0xF1, 0x28, 0x08, 0x35, 0x08, 0x3A, 0x08, 0x35, 0x08, 0x3A, 0xF1
	.byte 0x32, 0x08, 0x35, 0x08, 0x3A, 0x08, 0x35, 0x08, 0x3A, 0xF1, 0x3C, 0x08, 0x35, 0x08, 0x3A, 0x08
	.byte 0x35, 0x08, 0x3A, 0x08, 0x35, 0x08, 0x3A, 0x08, 0x35, 0x08, 0x3A, 0xF1, 0x32, 0x08, 0x35, 0x08
	.byte 0x3A, 0x08, 0x35, 0x04, 0x3A, 0xF6, 0x01, 0xF0, 0x33, 0xF2, 0x50, 0xF1, 0x80, 0x00, 0xC2, 0x18
	.byte 0xF1, 0x98, 0x00, 0xC2, 0x18, 0xF1, 0xB0, 0x00, 0xC2, 0x18, 0xF1, 0xC8, 0x00, 0xC2, 0x18, 0xF1
	.byte 0xE0, 0x00, 0xC2, 0x18, 0xF1, 0xF0, 0x00, 0xC2, 0x18, 0xF1, 0xE0, 0x00, 0xC2, 0x18, 0xF1, 0xC8
	.byte 0x17, 0x42, 0xF6, 0x04, 0xF0, 0x0C, 0xF2, 0xC8, 0xF1, 0x1E, 0x08, 0x37, 0x08, 0x3C, 0x08, 0x37
	.byte 0x08, 0x3C, 0xF1, 0x28, 0x08, 0x37, 0x08, 0x3C, 0x08, 0x37, 0x08, 0x3C, 0xF1, 0x32, 0x08, 0x37
	.byte 0x08, 0x3C, 0x08, 0x37, 0x08, 0x3C, 0x08, 0x37, 0x08, 0x3C, 0x08, 0x37, 0x08, 0x3C, 0x08, 0x37
	.byte 0xF1, 0x28, 0x08, 0x3C, 0x08, 0x37, 0x08, 0x3C, 0x08, 0x37, 0x08, 0x3C, 0x08, 0x37, 0x04, 0x3C
	.byte 0xF6, 0x01, 0xF0, 0x33, 0xF2, 0x50, 0xF1, 0x78, 0x00, 0xC4, 0x18, 0xF1, 0x8C, 0x00, 0xC4, 0x18
	.byte 0xF1, 0xA0, 0x00, 0xC4, 0x18, 0xF1, 0xB4, 0x00, 0xC4, 0x18, 0xF1, 0xC8, 0x00, 0xC4, 0x18, 0xF1
	.byte 0xDC, 0x00, 0xC4, 0x18, 0xF1, 0xE0, 0x00, 0xC4, 0x18, 0xF1, 0xC8, 0x18, 0x44, 0xF1, 0x3C, 0x00
	.byte 0xC3, 0x18, 0xF1, 0x50, 0x00, 0xC3, 0x18, 0xF1, 0x64, 0x00, 0xC3, 0x18, 0xF1, 0x78, 0x00, 0xC3
	.byte 0x18, 0xF1, 0x8C, 0x00, 0xC3, 0x18, 0xF1, 0xA0, 0x00, 0xC3, 0x18, 0xF1, 0xB4, 0x00, 0xC3, 0x18
	.byte 0xF1, 0xC8, 0x00, 0xC3, 0x18, 0xF1, 0xF0, 0xBF, 0x43, 0xF8, 0xC5, 0xFE, 0xFF, 0xF9, 0x78, 0xF0
	.byte 0x33, 0xF2, 0xC8, 0xF1, 0xFE, 0xC0, 0x37, 0x60, 0x36, 0x60, 0x31, 0x00, 0xB0, 0xC0, 0xC0, 0x30
	.byte 0xC0, 0x35, 0x60, 0x34, 0x60, 0x2F, 0x00, 0xAE, 0xC0, 0xF1, 0xC8, 0x00, 0xAE, 0x18, 0xF1, 0xB4
	.byte 0x00, 0xAE, 0x18, 0xF1, 0xA0, 0x00, 0xAE, 0x18, 0xF1, 0x8C, 0x00, 0xAE, 0x18, 0xF1, 0x78, 0x00
	.byte 0xAE, 0x18, 0xF1, 0x64, 0x00, 0xAE, 0x18, 0xF1, 0x50, 0x00, 0xAE, 0x18, 0xF1, 0x3C, 0x18, 0x2E
	.byte 0xF0, 0x19, 0xF2, 0xF0, 0xF1, 0x78, 0xF6, 0x06, 0x30, 0x33, 0x30, 0x34, 0x30, 0x35, 0xF6, 0x2A
	.byte 0xF0, 0x33, 0xF2, 0xC8, 0xF1, 0x8C, 0x00, 0xB0, 0x18, 0xF1, 0xA0, 0x00, 0xB0, 0x18, 0xF1, 0xB4
	.byte 0x00, 0xB0, 0x18, 0xF1, 0xC8, 0x00, 0xB0, 0x18, 0xF1, 0xDC, 0x00, 0xB0, 0x18, 0xF1, 0xC8, 0x00
	.byte 0xB0, 0x18, 0xF1, 0xB4, 0x00, 0xB0, 0x18, 0xF1, 0xA0, 0x18, 0x30, 0xF0, 0x19, 0xF2, 0xF0, 0xF1
	.byte 0xA0, 0xF6, 0x06, 0x30, 0x35, 0x30, 0x36, 0x30, 0x37, 0xF6, 0x2A, 0xF0, 0x33, 0xF2, 0xC8, 0xF1
	.byte 0x8C, 0x00, 0xB2, 0x18, 0xF1, 0xA0, 0x00, 0xB2, 0x18, 0xF1, 0xB4, 0x00, 0xB2, 0x18, 0xF1, 0xC8
	.byte 0x00, 0xB2, 0x18, 0xF1, 0xDC, 0x00, 0xB2, 0x18, 0xF1, 0xC8, 0x00, 0xB2, 0x18, 0xF1, 0xB4, 0x00
	.byte 0xB2, 0x18, 0xF1, 0xA0, 0x18, 0x32, 0xF1, 0x8C, 0x00, 0xB7, 0x18, 0xF1, 0x78, 0x00, 0xB7, 0x18
	.byte 0xF1, 0x8C, 0x00, 0xB7, 0x18, 0xF1, 0xA0, 0x00, 0xB7, 0x18, 0xF1, 0xB4, 0x00, 0xB7, 0x18, 0xF1
	.byte 0xC8, 0x48, 0x37, 0x60, 0x36, 0x60, 0x31, 0xF8, 0x31, 0xFF, 0xFF, 0xF9, 0x78, 0xF6, 0x04, 0xF0
	.byte 0x0C, 0xF2, 0xC8, 0xF1, 0x14, 0x08, 0x37, 0x08, 0x3C, 0x08, 0x37, 0x08, 0x3C, 0xF1, 0x1E, 0x08
	.byte 0x37, 0x08, 0x3C, 0x08, 0x37, 0x08, 0x3C, 0xF1, 0x28, 0x08, 0x37, 0x08, 0x3C, 0x08, 0x37, 0x08
	.byte 0x3C, 0xF1, 0x32, 0x08, 0x37, 0x08, 0x3C, 0x08, 0x37, 0x08, 0x3C, 0xF1, 0x3C, 0x08, 0x37, 0x08
	.byte 0x3C, 0x08, 0x37, 0x08, 0x3C, 0xF1, 0x46, 0x08, 0x37, 0x08, 0x3C, 0x08, 0x37, 0x08, 0x3C, 0xF1
	.byte 0x50, 0x08, 0x37, 0x08, 0x3C, 0x08, 0x37, 0x08, 0x3C, 0xF1, 0x46, 0x08, 0x37, 0x08, 0x3C, 0x08
	.byte 0x37, 0x08, 0x3C, 0xF1, 0x3C, 0x08, 0x37, 0x08, 0x3C, 0x08, 0x37, 0x08, 0x3C, 0xF1, 0x32, 0x08
	.byte 0x37, 0x08, 0x3C, 0x08, 0x37, 0x08, 0x3C, 0xF1, 0x28, 0x08, 0x37, 0x08, 0x3C, 0x08, 0x37, 0x08
	.byte 0x3C, 0xF1, 0x1E, 0x08, 0x37, 0x08, 0x3C, 0x08, 0x37, 0x04, 0x3C, 0xF6, 0x04, 0xF1, 0x32, 0x08
	.byte 0x36, 0x08, 0x3B, 0x08, 0x36, 0x08, 0x3B, 0xF1, 0x3C, 0x08, 0x36, 0x08, 0x3B, 0x08, 0x36, 0x08
	.byte 0x3B, 0xF1, 0x46, 0x08, 0x36, 0x08, 0x3B, 0x08, 0x36, 0x08, 0x3B, 0xF1, 0x50, 0x08, 0x36, 0x08
	.byte 0x3B, 0x08, 0x36, 0x08, 0x3B, 0x08, 0x36, 0x08, 0x3B, 0x08, 0x36, 0x08, 0x3B, 0xF1, 0x46, 0x08
	.byte 0x36, 0x08, 0x3B, 0x08, 0x36, 0x08, 0x3B, 0xF1, 0x3C, 0x08, 0x36, 0x08, 0x3B, 0x08, 0x36, 0x08
	.byte 0x3B, 0xF1, 0x32, 0x08, 0x36, 0x08, 0x3B, 0x08, 0x36, 0x08, 0x3B, 0xF1, 0x28, 0x08, 0x36, 0x08
	.byte 0x3B, 0x08, 0x36, 0x08, 0x3B, 0x08, 0x36, 0x08, 0x3B, 0x08, 0x36, 0x08, 0x3B, 0xF1, 0x1E, 0x08
	.byte 0x36, 0x08, 0x3B, 0x08, 0x36, 0x08, 0x3B, 0x08, 0x36, 0x08, 0x3B, 0x08, 0x36, 0x08, 0x3B, 0xF1
	.byte 0x14, 0x08, 0x35, 0x08, 0x3A, 0x08, 0x35, 0x08, 0x3A, 0xF1, 0x1E, 0x08, 0x35, 0x08, 0x3A, 0x08
	.byte 0x35, 0x08, 0x3A, 0xF1, 0x28, 0x08, 0x35, 0x08, 0x3A, 0x08, 0x35, 0x08, 0x3A, 0xF1, 0x32, 0x08
	.byte 0x35, 0x08, 0x3A, 0x08, 0x35, 0x08, 0x3A, 0xF1, 0x3C, 0x08, 0x35, 0x08, 0x3A, 0x08, 0x35, 0x08
	.byte 0x3A, 0xF1, 0x46, 0x08, 0x35, 0x08, 0x3A, 0x08, 0x35, 0x08, 0x3A, 0xF1, 0x50, 0x08, 0x35, 0x08
	.byte 0x3A, 0x08, 0x35, 0x08, 0x3A, 0xF1, 0x46, 0x08, 0x35, 0x08, 0x3A, 0x08, 0x35, 0x08, 0x3A, 0xF1
	.byte 0x3C, 0x08, 0x35, 0x08, 0x3A, 0x08, 0x35, 0x08, 0x3A, 0xF1, 0x32, 0x08, 0x35, 0x08, 0x3A, 0x08
	.byte 0x35, 0x08, 0x3A, 0xF1, 0x28, 0x08, 0x35, 0x08, 0x3A, 0x08, 0x35, 0x08, 0x3A, 0xF1, 0x1E, 0x08
	.byte 0x35, 0x08, 0x3A, 0x08, 0x35, 0x08, 0x3A, 0xF1, 0x28, 0x08, 0x34, 0x08, 0x39, 0x08, 0x34, 0x08
	.byte 0x39, 0xF1, 0x32, 0x08, 0x34, 0x08, 0x39, 0x08, 0x34, 0x08, 0x39, 0xF1, 0x3C, 0x08, 0x34, 0x08
	.byte 0x39, 0x08, 0x34, 0x08, 0x39, 0xF1, 0x46, 0x08, 0x34, 0x08, 0x39, 0x08, 0x34, 0x08, 0x39, 0x08
	.byte 0x34, 0x08, 0x39, 0x08, 0x34, 0x08, 0x39, 0xF1, 0x3C, 0x08, 0x34, 0x08, 0x39, 0x08, 0x34, 0x08
	.byte 0x39, 0xF1, 0x32, 0x08, 0x34, 0x08, 0x39, 0x08, 0x34, 0x08, 0x39, 0xF1, 0x28, 0x08, 0x34, 0x08
	.byte 0x39, 0x08, 0x34, 0x08, 0x39, 0xF1, 0x1E, 0x08, 0x34, 0x08, 0x39, 0x08, 0x34, 0x08, 0x39, 0x08
	.byte 0x34, 0x08, 0x39, 0x08, 0x34, 0x08, 0x39, 0xF1, 0x0A, 0x08, 0x34, 0x08, 0x39, 0x08, 0x34, 0x08
	.byte 0x39, 0x08, 0x34, 0x08, 0x39, 0x08, 0x34, 0x04, 0x39, 0xF0, 0x19, 0xF1, 0xF0, 0x30, 0x33, 0x30
	.byte 0x34, 0x30, 0x35, 0xF6, 0x30, 0xF6, 0x04, 0xF0, 0x0C, 0xF2, 0xC8, 0xF1, 0x28, 0x08, 0x35, 0x08
	.byte 0x3A, 0x08, 0x35, 0x08, 0x3A, 0xF1, 0x1E, 0x08, 0x35, 0x08, 0x3A, 0x08, 0x35, 0x08, 0x3A, 0x08
	.byte 0x35, 0x08, 0x3A, 0x08, 0x35, 0x08, 0x3A, 0xF1, 0x14, 0x08, 0x35, 0x08, 0x3A, 0x08, 0x35, 0x08
	.byte 0x3A, 0x08, 0x35, 0x08, 0x3A, 0x08, 0x35, 0x08, 0x3A, 0xF1, 0x0A, 0x08, 0x35, 0x08, 0x3A, 0xF1
	.byte 0x14, 0x08, 0x35, 0x04, 0x3A, 0xF0, 0x19, 0xF1, 0xF0, 0x30, 0x35, 0x30, 0x36, 0x30, 0x37, 0xF6
	.byte 0x30, 0xF6, 0x04, 0xF0, 0x0C, 0xF2, 0xC8, 0xF1, 0x1E, 0x08, 0x37, 0x08, 0x3C, 0x08, 0x37, 0x08
	.byte 0x3C, 0xF1, 0x14, 0x08, 0x37, 0x08, 0x3C, 0x08, 0x37, 0x08, 0x3C, 0x08, 0x37, 0x08, 0x3C, 0x08
	.byte 0x37, 0x08, 0x3C, 0xF1, 0x0A, 0x08, 0x37, 0x08, 0x3C, 0x08, 0x37, 0x08, 0x3C, 0x08, 0x37, 0x08
	.byte 0x3C, 0x08, 0x37, 0x08, 0x3C, 0xF1, 0x14, 0x08, 0x37, 0x08, 0x3C, 0x08, 0x37, 0x08, 0x3C, 0x08
	.byte 0x37, 0x08, 0x3C, 0x08, 0x37, 0x08, 0x3C, 0xF1, 0x1E, 0x08, 0x37, 0x08, 0x3C, 0x08, 0x37, 0x08
	.byte 0x3C, 0xF1, 0x28, 0x08, 0x37, 0x08, 0x3C, 0x08, 0x37, 0x08, 0x3C, 0xF1, 0x32, 0x08, 0x37, 0x08
	.byte 0x3C, 0x08, 0x37, 0x08, 0x3C, 0xF1, 0x3C, 0x08, 0x37, 0x08, 0x3C, 0x08, 0x37, 0x08, 0x3C, 0xF1
	.byte 0x46, 0x08, 0x37, 0x08, 0x3C, 0x08, 0x37, 0x08, 0x3C, 0xF1, 0x50, 0x08, 0x37, 0x08, 0x3C, 0x08
	.byte 0x37, 0x08, 0x3C, 0xF1, 0x46, 0x08, 0x37, 0x08, 0x3C, 0x08, 0x37, 0x08, 0x3C, 0xF1, 0x3C, 0x08
	.byte 0x37, 0x08, 0x3C, 0x08, 0x37, 0x08, 0x3C, 0xF1, 0x32, 0x08, 0x37, 0x08, 0x3C, 0x08, 0x37, 0x08
	.byte 0x3C, 0xF1, 0x28, 0x08, 0x37, 0x08, 0x3C, 0x08, 0x37, 0x08, 0x3C, 0xF1, 0x1E, 0x08, 0x37, 0x08
	.byte 0x3C, 0x08, 0x37, 0x04, 0x3C, 0xF8, 0x93, 0xFD, 0xFF, 0xF9, 0x78, 0xF0, 0x0C, 0xF2, 0x50, 0xF1
	.byte 0x3C, 0x08, 0x37, 0x08, 0x3C, 0x08, 0x37, 0x08, 0x3C, 0xF1, 0x50, 0x08, 0x37, 0x08, 0x3C, 0x08
	.byte 0x37, 0x08, 0x3C, 0xF1, 0x64, 0x08, 0x37, 0x08, 0x3C, 0x08, 0x37, 0x08, 0x3C, 0xF1, 0x78, 0x08
	.byte 0x37, 0x08, 0x3C, 0x08, 0x37, 0x08, 0x3C, 0xF1, 0x8C, 0x08, 0x37, 0x08, 0x3C, 0x08, 0x37, 0x08
	.byte 0x3C, 0xF1, 0xA0, 0x08, 0x37, 0x08, 0x3C, 0x08, 0x37, 0x08, 0x3C, 0xF1, 0xB4, 0x08, 0x37, 0x08
	.byte 0x3C, 0x08, 0x37, 0x08, 0x3C, 0xF1, 0xA0, 0x08, 0x37, 0x08, 0x3C, 0x08, 0x37, 0x08, 0x3C, 0xF1
	.byte 0x8C, 0x08, 0x37, 0x08, 0x3C, 0x08, 0x37, 0x08, 0x3C, 0xF1, 0x78, 0x08, 0x37, 0x08, 0x3C, 0x08
	.byte 0x37, 0x08, 0x3C, 0xF1, 0x64, 0x08, 0x37, 0x08, 0x3C, 0x08, 0x37, 0x08, 0x3C, 0xF1, 0x50, 0x08
	.byte 0x37, 0x08, 0x3C, 0x08, 0x37, 0x08, 0x3C, 0xF1, 0x64, 0x08, 0x36, 0x08, 0x3B, 0x08, 0x36, 0x08
	.byte 0x3B, 0xF1, 0x78, 0x08, 0x36, 0x08, 0x3B, 0x08, 0x36, 0x08, 0x3B, 0xF1, 0x8C, 0x08, 0x36, 0x08
	.byte 0x3B, 0x08, 0x36, 0x08, 0x3B, 0xF1, 0xA0, 0x08, 0x36, 0x08, 0x3B, 0x08, 0x36, 0x08, 0x3B, 0x08
	.byte 0x36, 0x08, 0x3B, 0x08, 0x36, 0x08, 0x3B, 0xF1, 0x8C, 0x08, 0x36, 0x08, 0x3B, 0x08, 0x36, 0x08
	.byte 0x3B, 0xF1, 0x78, 0x08, 0x36, 0x08, 0x3B, 0x08, 0x36, 0x08, 0x3B, 0xF1, 0x64, 0x08, 0x36, 0x08
	.byte 0x3B, 0x08, 0x36, 0x08, 0x3B, 0xF1, 0x50, 0x08, 0x36, 0x08, 0x3B, 0x08, 0x36, 0x08, 0x3B, 0x08
	.byte 0x36, 0x08, 0x3B, 0x08, 0x36, 0x08, 0x3B, 0xF1, 0x3C, 0x08, 0x36, 0x08, 0x3B, 0x08, 0x36, 0x08
	.byte 0x3B, 0x08, 0x36, 0x08, 0x3B, 0x08, 0x36, 0x08, 0x3B, 0x08, 0x35, 0x08, 0x3A, 0x08, 0x35, 0x08
	.byte 0x3A, 0xF1, 0x50, 0x08, 0x35, 0x08, 0x3A, 0x08, 0x35, 0x08, 0x3A, 0xF1, 0x64, 0x08, 0x35, 0x08
	.byte 0x3A, 0x08, 0x35, 0x08, 0x3A, 0xF1, 0x78, 0x08, 0x35, 0x08, 0x3A, 0x08, 0x35, 0x08, 0x3A, 0xF1
	.byte 0x8C, 0x08, 0x35, 0x08, 0x3A, 0x08, 0x35, 0x08, 0x3A, 0xF1, 0xA0, 0x08, 0x35, 0x08, 0x3A, 0x08
	.byte 0x35, 0x08, 0x3A, 0xF1, 0xB4, 0x08, 0x35, 0x08, 0x3A, 0x08, 0x35, 0x08, 0x3A, 0xF1, 0xA0, 0x08
	.byte 0x35, 0x08, 0x3A, 0x08, 0x35, 0x08, 0x3A, 0xF1, 0x8C, 0x08, 0x35, 0x08, 0x3A, 0x08, 0x35, 0x08
	.byte 0x3A, 0xF1, 0x78, 0x08, 0x35, 0x08, 0x3A, 0x08, 0x35, 0x08, 0x3A, 0xF1, 0x64, 0x08, 0x35, 0x08
	.byte 0x3A, 0x08, 0x35, 0x08, 0x3A, 0xF1, 0x50, 0x08, 0x35, 0x08, 0x3A, 0x08, 0x35, 0x08, 0x3A, 0xF1
	.byte 0x64, 0x08, 0x34, 0x08, 0x39, 0x08, 0x34, 0x08, 0x39, 0xF1, 0x78, 0x08, 0x34, 0x08, 0x39, 0x08
	.byte 0x34, 0x08, 0x39, 0xF1, 0x8C, 0x08, 0x34, 0x08, 0x39, 0x08, 0x34, 0x08, 0x39, 0xF1, 0xA0, 0x08
	.byte 0x34, 0x08, 0x39, 0x08, 0x34, 0x08, 0x39, 0x08, 0x34, 0x08, 0x39, 0x08, 0x34, 0x08, 0x39, 0xF1
	.byte 0x8C, 0x08, 0x34, 0x08, 0x39, 0x08, 0x34, 0x08, 0x39, 0xF1, 0x78, 0x08, 0x34, 0x08, 0x39, 0x08
	.byte 0x34, 0x08, 0x39, 0xF1, 0x64, 0x08, 0x34, 0x08, 0x39, 0x08, 0x34, 0x08, 0x39, 0xF1, 0x50, 0x08
	.byte 0x34, 0x08, 0x39, 0x08, 0x34, 0x08, 0x39, 0x08, 0x34, 0x08, 0x39, 0x08, 0x34, 0x08, 0x39, 0xF1
	.byte 0x3C, 0x08, 0x34, 0x08, 0x39, 0x08, 0x34, 0x08, 0x39, 0x08, 0x34, 0x08, 0x39, 0x08, 0x34, 0x08
	.byte 0x39, 0xF1, 0x28, 0x08, 0x35, 0x08, 0x3A, 0x08, 0x35, 0x08, 0x3A, 0xF1, 0x64, 0x08, 0x35, 0x08
	.byte 0x3A, 0x08, 0x35, 0x08, 0x3A, 0xF1, 0x78, 0x08, 0x35, 0x08, 0x3A, 0x08, 0x35, 0x08, 0x3A, 0xF1
	.byte 0x8C, 0x08, 0x35, 0x08, 0x3A, 0x08, 0x35, 0x08, 0x3A, 0x08, 0x35, 0x08, 0x3A, 0x08, 0x35, 0x08
	.byte 0x3A, 0xF1, 0x78, 0x08, 0x35, 0x08, 0x3A, 0x08, 0x35, 0x08, 0x3A, 0xF1, 0x64, 0x08, 0x35, 0x08
	.byte 0x3A, 0x08, 0x35, 0x08, 0x3A, 0xF1, 0x50, 0x08, 0x35, 0x08, 0x3A, 0x08, 0x35, 0x08, 0x3A, 0x08
	.byte 0x35, 0x08, 0x3A, 0x08, 0x35, 0x08, 0x3A, 0xF1, 0x3C, 0x08, 0x35, 0x08, 0x3A, 0x08, 0x35, 0x08
	.byte 0x3A, 0x08, 0x35, 0x08, 0x3A, 0x08, 0x35, 0x08, 0x3A, 0xF1, 0x28, 0x08, 0x35, 0x08, 0x3A, 0xF1
	.byte 0x3C, 0x08, 0x35, 0x08, 0x3A, 0xF1, 0x50, 0x08, 0x37, 0x08, 0x3C, 0x08, 0x37, 0x08, 0x3C, 0xF1
	.byte 0x64, 0x08, 0x37, 0x08, 0x3C, 0x08, 0x37, 0x08, 0x3C, 0xF1, 0x78, 0x08, 0x37, 0x08, 0x3C, 0x08
	.byte 0x37, 0x08, 0x3C, 0x08, 0x37, 0x08, 0x3C, 0x08, 0x37, 0x08, 0x3C, 0x08, 0x37, 0xF1, 0x64, 0x08
	.byte 0x3C, 0x08, 0x37, 0x08, 0x3C, 0x08, 0x37, 0x08, 0x3C, 0x08, 0x37, 0x08, 0x3C, 0xF1, 0x50, 0x08
	.byte 0x37, 0x08, 0x3C, 0x08, 0x37, 0x08, 0x3C, 0xF1, 0x3C, 0x08, 0x37, 0x08, 0x3C, 0x08, 0x37, 0x08
	.byte 0x3C, 0x08, 0x37, 0x08, 0x3C, 0x08, 0x37, 0x08, 0x3C, 0xF1, 0x28, 0x08, 0x37, 0x08, 0x3C, 0x08
	.byte 0x37, 0x08, 0x3C, 0x08, 0x37, 0x08, 0x3C, 0x08, 0x37, 0x08, 0x3C, 0xF1, 0x3C, 0x08, 0x37, 0x08
	.byte 0x3C, 0x08, 0x37, 0x08, 0x3C, 0x08, 0x37, 0x08, 0x3C, 0x08, 0x37, 0x08, 0x3C, 0xF1, 0x50, 0x08
	.byte 0x37, 0x08, 0x3C, 0x08, 0x37, 0x08, 0x3C, 0xF1, 0x64, 0x08, 0x37, 0x08, 0x3C, 0x08, 0x37, 0x08
	.byte 0x3C, 0xF1, 0x78, 0x08, 0x37, 0x08, 0x3C, 0x08, 0x37, 0x08, 0x3C, 0xF1, 0x8C, 0x08, 0x37, 0x08
	.byte 0x3C, 0x08, 0x37, 0x08, 0x3C, 0xF1, 0xA0, 0x08, 0x37, 0x08, 0x3C, 0x08, 0x37, 0x08, 0x3C, 0xF1
	.byte 0xB4, 0x08, 0x37, 0x08, 0x3C, 0x08, 0x37, 0x08, 0x3C, 0xF1, 0xA0, 0x08, 0x37, 0x08, 0x3C, 0x08
	.byte 0x37, 0x08, 0x3C, 0xF1, 0x8C, 0x08, 0x37, 0x08, 0x3C, 0x08, 0x37, 0x08, 0x3C, 0xF1, 0x78, 0x08
	.byte 0x37, 0x08, 0x3C, 0x08, 0x37, 0x08, 0x3C, 0xF1, 0x64, 0x08, 0x37, 0x08, 0x3C, 0x08, 0x37, 0x08
	.byte 0x3C, 0xF1, 0x50, 0x08, 0x37, 0x08, 0x3C, 0x08, 0x37, 0x08, 0x3C, 0xF8, 0x49, 0xFD, 0xFF, 0xF9
	.byte 0x78, 0xF6, 0x04, 0xF0, 0x0F, 0xF2, 0xB4, 0xF1, 0x0A, 0x00, 0xD4, 0x60, 0xF1, 0x14, 0x00, 0xD4
	.byte 0x30, 0xF1, 0x1E, 0x00, 0xD4, 0x30, 0xF1, 0x28, 0xBC, 0x54, 0xF6, 0x04, 0xF1, 0x28, 0x00, 0xD3
	.byte 0xC0, 0xC0, 0x53, 0x00, 0xD2, 0xC0, 0xC0, 0x52, 0x00, 0xD1, 0xC0, 0xF1, 0x1E, 0x00, 0xD1, 0x30
	.byte 0xF1, 0x14, 0x00, 0xD1, 0x30, 0xF1, 0x0A, 0x60, 0x51, 0xF6, 0xC0, 0x00, 0xD3, 0x30, 0xF1, 0x14
	.byte 0x00, 0xD3, 0x30, 0xF1, 0x1E, 0x00, 0xD3, 0x30, 0xF1, 0x28, 0x30, 0x53, 0xF6, 0xC0, 0xF1, 0x0A
	.byte 0x00, 0xD5, 0x30, 0xF1, 0x14, 0x00, 0xD5, 0x30, 0xF1, 0x1E, 0x00, 0xD5, 0x30, 0xF1, 0x28, 0x00
	.byte 0xD5, 0x18, 0xF1, 0x1E, 0x18, 0x55, 0xF1, 0x14, 0x00, 0xD4, 0x30, 0xF1, 0x0A, 0x00, 0xD4, 0x30
	.byte 0xF1, 0x14, 0x00, 0xD4, 0x30, 0xF1, 0x1E, 0x00, 0xD4, 0x30, 0xF1, 0x28, 0xBC, 0x54, 0xF8, 0x99
	.byte 0xFF, 0xFF, 0xF9, 0x78, 0xF6, 0x03, 0xF0, 0xBE, 0xF2, 0x00, 0xF1, 0x3C, 0x00, 0xB7, 0xC0, 0xBD
	.byte 0x37, 0xF6, 0x03, 0xC0, 0x36, 0xC0, 0x32, 0x00, 0xB5, 0xC0, 0xC0, 0x35, 0xC0, 0x34, 0xF1, 0x32
	.byte 0x00, 0xB0, 0x18, 0xF1, 0x28, 0x00, 0xB0, 0x18, 0xF1, 0x1E, 0x00, 0xB0, 0x18, 0xF1, 0x14, 0x00
	.byte 0xB0, 0x18, 0xF1, 0x0A, 0x30, 0x30, 0xF6, 0x30, 0xF6, 0xC0, 0x00, 0xB6, 0x30, 0xF1, 0x14, 0x00
	.byte 0xB6, 0x18, 0xF1, 0x1E, 0x00, 0xB6, 0x18, 0xF1, 0x28, 0x00, 0xB6, 0x18, 0xF1, 0x32, 0x00, 0xB6
	.byte 0x18, 0xF1, 0x3C, 0x00, 0xB6, 0x18, 0xF1, 0x32, 0x18, 0x36, 0xF6, 0xC0, 0xF1, 0x0A, 0x00, 0xB8
	.byte 0x18, 0xF1, 0x14, 0x00, 0xB8, 0x18, 0xF1, 0x1E, 0x00, 0xB8, 0x18, 0xF1, 0x28, 0x00, 0xB8, 0x18
	.byte 0xF1, 0x32, 0x00, 0xB8, 0x18, 0xF1, 0x3C, 0x00, 0xB8, 0x18, 0xF1, 0x32, 0x00, 0xB8, 0x18, 0xF1
	.byte 0x28, 0x18, 0x38, 0xF1, 0x0A, 0x00, 0xB7, 0x60, 0xF1, 0x14, 0x00, 0xB7, 0x18, 0xF1, 0x1E, 0x00
	.byte 0xB7, 0x18, 0xF1, 0x28, 0x00, 0xB7, 0x18, 0xF1, 0x32, 0x00, 0xB7, 0x18, 0xF1, 0x3C, 0xBD, 0x37
	.byte 0xF8, 0x6E, 0xFF, 0xFF, 0xF9, 0x78, 0xF6, 0x04, 0xF0, 0xBE, 0xF2, 0xF4, 0xF1, 0x3C, 0xC0, 0x2B
	.byte 0x60, 0x2A, 0x5C, 0x25, 0xF6, 0x04, 0x00, 0xA4, 0xC0, 0xC0, 0x24, 0xC0, 0x29, 0x60, 0x28, 0x60
	.byte 0x23, 0x00, 0xA2, 0xC0, 0xF1, 0x32, 0x00, 0xA2, 0x18, 0xF1, 0x28, 0x00, 0xA2, 0x18, 0xF1, 0x1E
	.byte 0x00, 0xA2, 0x18, 0xF1, 0x14, 0x00, 0xA2, 0x18, 0xF1, 0x0A, 0x30, 0x22, 0xF6, 0x30, 0xF6, 0xC0
	.byte 0xF1, 0x14, 0x00, 0xA4, 0x18, 0xF1, 0x1E, 0x00, 0xA4, 0x18, 0xF1, 0x28, 0x00, 0xA4, 0x18, 0xF1
	.byte 0x32, 0x00, 0xA4, 0x18, 0xF1, 0x3C, 0x00, 0xA4, 0x18, 0xF1, 0x32, 0x00, 0xA4, 0x18, 0xF1, 0x28
	.byte 0x00, 0xA4, 0x18, 0xF1, 0x1E, 0x18, 0x24, 0xF6, 0xC0, 0xF1, 0x14, 0x00, 0xA6, 0x18, 0xF1, 0x1E
	.byte 0x00, 0xA6, 0x18, 0xF1, 0x28, 0x00, 0xA6, 0x18, 0xF1, 0x32, 0x00, 0xA6, 0x18, 0xF1, 0x3C, 0x00
	.byte 0xA6, 0x18, 0xF1, 0x32, 0x00, 0xA6, 0x18, 0xF1, 0x28, 0x00, 0xA6, 0x18, 0xF1, 0x1E, 0x18, 0x26
	.byte 0xF1, 0x0A, 0x00, 0xAB, 0x18, 0xF1, 0x14, 0x00, 0xAB, 0x18, 0xF1, 0x1E, 0x00, 0xAB, 0x18, 0xF1
	.byte 0x28, 0x00, 0xAB, 0x18, 0xF1, 0x32, 0x00, 0xAB, 0x18, 0xF1, 0x3C, 0x48, 0x2B, 0x60, 0x2A, 0x5C
	.byte 0x25, 0xF8, 0x60, 0xFF, 0xFF, 0x00, 0x00, 0x00, 0xFC, 0x03, 0x12, 0x00, 0x8C, 0x01, 0x4F, 0x04
	.byte 0x93, 0x07, 0xE5, 0x0A, 0x9D, 0x0C, 0xE1, 0x0D, 0x61, 0x0F, 0xF9, 0x60, 0xF6, 0xC1, 0xF6, 0xA8
	.byte 0xF0, 0x15, 0xF1, 0x78, 0x0C, 0x3E, 0xF1, 0x3C, 0x0C, 0x3E, 0xF1, 0x78, 0x48, 0x43, 0x12, 0x46
	.byte 0xF1, 0x3C, 0x06, 0x46, 0xF1, 0x78, 0x48, 0x4A, 0x17, 0x46, 0x49, 0x4D, 0x18, 0x4B, 0x3C, 0x4A
	.byte 0xF1, 0x3C, 0x0C, 0x4A, 0xF1, 0x78, 0x12, 0x4A, 0xF1, 0x3C, 0x06, 0x4A, 0xF1, 0x78, 0x48, 0x48
	.byte 0x18, 0x4A, 0x30, 0x48, 0x18, 0x46, 0x12, 0x45, 0xF1, 0x3C, 0x06, 0x45, 0xF1, 0x78, 0x18, 0x46
	.byte 0x18, 0x45, 0x60, 0x43, 0xF6, 0x18, 0x0C, 0x3E, 0xF1, 0x3C, 0x0C, 0x3E, 0xF1, 0x78, 0x48, 0x43
	.byte 0x12, 0x46, 0xF1, 0x3C, 0x06, 0x46, 0xF1, 0x78, 0x48, 0x4A, 0x18, 0x46, 0x48, 0x4D, 0x18, 0x4B
	.byte 0x3C, 0x4A, 0xF1, 0x3C, 0xF6, 0x0C, 0xF1, 0x78, 0x12, 0x4A, 0xF1, 0x3C, 0x06, 0x4A, 0xF1, 0x78
	.byte 0x48, 0x48, 0x18, 0x4A, 0x30, 0x48, 0x18, 0x46, 0x12, 0x45, 0xF1, 0x3C, 0x06, 0x45, 0xF1, 0x78
	.byte 0x18, 0x46, 0x18, 0x45, 0x78, 0x43, 0xF1, 0x3C, 0x0C, 0x43, 0xF1, 0x78, 0xF6, 0x0C, 0x18, 0x48
	.byte 0x18, 0x46, 0x78, 0x45, 0xF1, 0x3C, 0x0C, 0x45, 0xF1, 0x78, 0xF6, 0x0C, 0x24, 0x43, 0x0A, 0x42
	.byte 0xF1, 0x3C, 0x02, 0x42, 0xF1, 0x78, 0x24, 0x43, 0x0A, 0x45, 0xF1, 0x3C, 0x02, 0x45, 0xF1, 0x78
	.byte 0x30, 0x46, 0x12, 0x48, 0xF1, 0x3C, 0x06, 0x48, 0xF1, 0x78, 0x18, 0x46, 0x0C, 0x45, 0x0A, 0x43
	.byte 0xF1, 0x3C, 0x02, 0x43, 0xF1, 0x78, 0x0C, 0x41, 0xF1, 0x3C, 0x0C, 0x41, 0xF1, 0x78, 0x6C, 0x48
	.byte 0xF1, 0x3C, 0x0C, 0x48, 0xF1, 0x78, 0x0C, 0x48, 0xF1, 0x3C, 0x0C, 0x48, 0xF1, 0x78, 0x0C, 0x48
	.byte 0x0A, 0x46, 0xF1, 0x3C, 0x02, 0x46, 0xF1, 0x78, 0x0C, 0x43, 0xF1, 0x3C, 0x0C, 0x43, 0xF1, 0x78
	.byte 0x00, 0xCA, 0x90, 0x90, 0x4A, 0xF1, 0x3C, 0x0C, 0x4A, 0xF1, 0x78, 0xF6, 0x24, 0x24, 0x43, 0x0A
	.byte 0x42, 0xF1, 0x3C, 0x02, 0x42, 0xF1, 0x78, 0x24, 0x43, 0x0A, 0x45, 0xF1, 0x3C, 0x02, 0x45, 0xF1
	.byte 0x78, 0x30, 0x46, 0x12, 0x48, 0xF1, 0x3C, 0x06, 0x48, 0xF1, 0x78, 0x18, 0x46, 0x24, 0x45, 0x0A
	.byte 0x43, 0xF1, 0x3C, 0x02, 0x43, 0xF1, 0x78, 0x24, 0x45, 0x0A, 0x46, 0xF1, 0x3C, 0x02, 0x46, 0xF1
	.byte 0x78, 0x30, 0x48, 0x12, 0x4A, 0xF1, 0x3C, 0x06, 0x4A, 0xF1, 0x78, 0x18, 0x48, 0x12, 0x48, 0xF1
	.byte 0x3C, 0x06, 0x48, 0xF1, 0x78, 0x0C, 0x46, 0xF1, 0x3C, 0x0C, 0x46, 0xF1, 0x78, 0x00, 0xC3, 0x90
	.byte 0x60, 0x43, 0xF1, 0x3C, 0x0C, 0x43, 0xF1, 0x78, 0xF6, 0x3C, 0x0C, 0x3E, 0xF1, 0x3C, 0x0C, 0x3E
	.byte 0xF1, 0x78, 0x48, 0x43, 0x12, 0x46, 0xF1, 0x3C, 0x06, 0x46, 0xF1, 0x78, 0x48, 0x4A, 0x17, 0x46
	.byte 0xF8, 0xA7, 0xFE, 0xFF, 0xF9, 0x60, 0xF0, 0x03, 0xF1, 0xFF, 0x10, 0x37, 0xF1, 0x78, 0x10, 0x37
	.byte 0xF1, 0xFF, 0xF6, 0x10, 0x10, 0x32, 0xF1, 0x78, 0x10, 0x32, 0xF1, 0xFF, 0xF6, 0x10, 0x10, 0x37
	.byte 0xF1, 0x78, 0x10, 0x37, 0xF1, 0xFF, 0xF6, 0x10, 0x10, 0x32, 0xF1, 0x78, 0x10, 0x32, 0xF1, 0xFF
	.byte 0xF6, 0x10, 0x10, 0x37, 0xF1, 0x78, 0x10, 0x37, 0xF1, 0xFF, 0xF6, 0x10, 0x10, 0x32, 0xF1, 0x78
	.byte 0x10, 0x32, 0xF1, 0xFF, 0xF6, 0x10, 0x12, 0x37, 0xF6, 0x06, 0x12, 0x32, 0xF6, 0x06, 0x12, 0x34
	.byte 0xF6, 0x06, 0x12, 0x36, 0xF6, 0x06, 0x10, 0x37, 0xF1, 0x78, 0x10, 0x37, 0xF1, 0xFF, 0xF6, 0x10
	.byte 0x10, 0x32, 0xF1, 0x78, 0x10, 0x32, 0xF1, 0xFF, 0xF6, 0x10, 0x10, 0x37, 0xF1, 0x78, 0x10, 0x37
	.byte 0xF1, 0xFF, 0xF6, 0x10, 0x10, 0x32, 0xF1, 0x78, 0x10, 0x32, 0xF1, 0xFF, 0xF6, 0x10, 0x10, 0x3A
	.byte 0xF1, 0x78, 0x10, 0x3A, 0xF1, 0xFF, 0xF6, 0x10, 0x10, 0x35, 0xF1, 0x78, 0x10, 0x35, 0xF1, 0xFF
	.byte 0xF6, 0x10, 0x10, 0x3A, 0xF1, 0x78, 0x10, 0x3A, 0xF1, 0xFF, 0xF6, 0x10, 0x10, 0x35, 0xF1, 0x78
	.byte 0x10, 0x35, 0xF1, 0xFF, 0xF6, 0x10, 0x12, 0x35, 0xF6, 0x1E, 0x12, 0x30, 0xF6, 0x1E, 0x12, 0x35
	.byte 0xF6, 0x1E, 0x12, 0x30, 0xF6, 0x1E, 0x10, 0x37, 0xF1, 0x78, 0x10, 0x37, 0xF1, 0xFF, 0xF6, 0x10
	.byte 0x10, 0x32, 0xF1, 0x78, 0x10, 0x32, 0xF1, 0xFF, 0xF6, 0x10, 0x10, 0x37, 0xF1, 0x78, 0x08, 0x37
	.byte 0xF1, 0xFF, 0x0C, 0x32, 0xF1, 0x78, 0x0C, 0x32, 0xF1, 0xFF, 0x0C, 0x34, 0xF1, 0x78, 0x0C, 0x34
	.byte 0xF1, 0xFF, 0x0C, 0x36, 0xF1, 0x78, 0x0C, 0x36, 0xF1, 0xFF, 0x10, 0x37, 0xF1, 0x78, 0x10, 0x37
	.byte 0xF1, 0xFF, 0xF6, 0x10, 0x10, 0x32, 0xF1, 0x78, 0x10, 0x32, 0xF1, 0xFF, 0xF6, 0x10, 0x10, 0x37
	.byte 0xF1, 0x78, 0x10, 0x37, 0xF1, 0xFF, 0xF6, 0x10, 0x10, 0x32, 0xF1, 0x78, 0x10, 0x32, 0xF1, 0xFF
	.byte 0xF6, 0x10, 0x10, 0x3A, 0xF1, 0x78, 0x10, 0x3A, 0xF1, 0xFF, 0xF6, 0x10, 0x10, 0x35, 0xF1, 0x78
	.byte 0x10, 0x35, 0xF1, 0xFF, 0xF6, 0x10, 0x10, 0x3A, 0xF1, 0x78, 0x10, 0x3A, 0xF1, 0xFF, 0xF6, 0x10
	.byte 0x10, 0x35, 0xF1, 0x78, 0x10, 0x35, 0xF1, 0xFF, 0xF6, 0x10, 0x12, 0x35, 0xF6, 0x1E, 0x12, 0x30
	.byte 0xF6, 0x1E, 0x12, 0x35, 0xF6, 0x1E, 0x12, 0x30, 0xF6, 0x1E, 0x10, 0x33, 0xF1, 0x78, 0x10, 0x33
	.byte 0xF1, 0xFF, 0xF6, 0x10, 0x10, 0x2E, 0xF1, 0x78, 0x10, 0x2E, 0xF1, 0xFF, 0xF6, 0x10, 0x10, 0x33
	.byte 0xF1, 0x78, 0x10, 0x33, 0xF1, 0xFF, 0xF6, 0x10, 0x10, 0x2E, 0xF1, 0x78, 0x10, 0x2E, 0xF1, 0xFF
	.byte 0xF6, 0x10, 0x12, 0x35, 0xF6, 0x1E, 0x12, 0x30, 0xF6, 0x1E, 0x12, 0x35, 0xF6, 0x06, 0x12, 0x30
	.byte 0xF6, 0x06, 0x12, 0x35, 0xF6, 0x06, 0x12, 0x34, 0xF6, 0x06, 0x10, 0x33, 0xF1, 0x78, 0x10, 0x33
	.byte 0xF1, 0xFF, 0xF6, 0x10, 0x10, 0x2E, 0xF1, 0x78, 0x10, 0x2E, 0xF1, 0xFF, 0xF6, 0x10, 0x10, 0x33
	.byte 0xF1, 0x78, 0x10, 0x33, 0xF1, 0xFF, 0xF6, 0x10, 0x10, 0x2E, 0xF1, 0x78, 0x10, 0x2E, 0xF1, 0xFF
	.byte 0xF6, 0x10, 0x12, 0x35, 0xF6, 0x1E, 0x12, 0x30, 0xF6, 0x1E, 0x12, 0x35, 0xF6, 0x1E, 0x12, 0x30
	.byte 0xF6, 0x1E, 0x10, 0x37, 0xF1, 0x78, 0x10, 0x37, 0xF1, 0xFF, 0xF6, 0x10, 0x10, 0x32, 0xF1, 0x78
	.byte 0x10, 0x32, 0xF1, 0xFF, 0xF6, 0x10, 0x10, 0x37, 0xF1, 0x78, 0x10, 0x37, 0xF1, 0xFF, 0xF6, 0x10
	.byte 0x10, 0x32, 0xF1, 0x78, 0x10, 0x32, 0xF1, 0xFF, 0xF6, 0x10, 0x10, 0x37, 0xF1, 0x78, 0x10, 0x37
	.byte 0xF1, 0xFF, 0xF6, 0x10, 0x10, 0x32, 0xF1, 0x78, 0x10, 0x32, 0xF1, 0xFF, 0xF6, 0x10, 0x10, 0x37
	.byte 0xF1, 0x78, 0x08, 0x37, 0xF1, 0xFF, 0x12, 0x32, 0xF6, 0x06, 0x12, 0x37, 0xF6, 0x06, 0x12, 0x35
	.byte 0xF6, 0x06, 0x10, 0x33, 0xF1, 0x78, 0x10, 0x33, 0xF1, 0xFF, 0xF6, 0x10, 0x10, 0x2E, 0xF1, 0x78
	.byte 0x10, 0x2E, 0xF1, 0xFF, 0xF6, 0x10, 0x10, 0x33, 0xF1, 0x78, 0x10, 0x33, 0xF1, 0xFF, 0xF6, 0x10
	.byte 0x10, 0x2E, 0xF1, 0x78, 0x10, 0x2E, 0xF1, 0xFF, 0xF6, 0x10, 0x12, 0x35, 0xF6, 0x1E, 0x12, 0x30
	.byte 0xF6, 0x1E, 0x12, 0x35, 0xF6, 0x1E, 0x12, 0x30, 0xF6, 0x1E, 0x10, 0x37, 0xF1, 0x78, 0x10, 0x37
	.byte 0xF1, 0xFF, 0xF6, 0x10, 0x10, 0x32, 0xF1, 0x78, 0x10, 0x32, 0xF1, 0xFF, 0xF6, 0x10, 0x10, 0x37
	.byte 0xF1, 0x78, 0x10, 0x37, 0xF1, 0xFF, 0xF6, 0x10, 0x10, 0x32, 0xF1, 0x78, 0x10, 0x32, 0xF1, 0xFF
	.byte 0xF6, 0x10, 0x10, 0x37, 0xF1, 0x78, 0x10, 0x37, 0xF1, 0xFF, 0xF6, 0x10, 0x10, 0x32, 0xF1, 0x78
	.byte 0x10, 0x32, 0xF1, 0xFF, 0xF6, 0x10, 0x10, 0x37, 0xF1, 0x78, 0x08, 0x37, 0xF1, 0xFF, 0x0C, 0x32
	.byte 0xF1, 0x78, 0x0C, 0x32, 0xF1, 0xFF, 0x0C, 0x34, 0xF1, 0x78, 0x0C, 0x34, 0xF1, 0xFF, 0x0C, 0x36
	.byte 0xF1, 0x78, 0x0C, 0x36, 0xF1, 0xFF, 0x00, 0xB7, 0x24, 0xF1, 0xDC, 0x00, 0xB7, 0x24, 0xF1, 0xB4
	.byte 0x00, 0xB7, 0x24, 0xF1, 0x50, 0x24, 0x37, 0xF6, 0x18, 0xF1, 0xFF, 0x10, 0x32, 0xF1, 0x78, 0x08
	.byte 0x32, 0xF1, 0xFF, 0xF8, 0xB8, 0xFD, 0xFF, 0xF9, 0x60, 0xF6, 0x19, 0xF0, 0x14, 0xF2, 0x64, 0xF1
	.byte 0xA0, 0x0C, 0x3E, 0x0C, 0x3E, 0xF1, 0x3C, 0x0C, 0x3E, 0xF1, 0xA0, 0xF6, 0x0C, 0x18, 0x3E, 0xF1
	.byte 0x3C, 0x0C, 0x3E, 0xF1, 0xA0, 0xF6, 0x0C, 0x0C, 0x3E, 0x0C, 0x3E, 0xF1, 0x3C, 0x0C, 0x3E, 0xF1
	.byte 0xA0, 0xF6, 0x0C, 0x18, 0x3E, 0xF6, 0x18, 0x0C, 0x3E, 0x0C, 0x3E, 0xF1, 0x3C, 0x0C, 0x3E, 0xF1
	.byte 0xA0, 0xF6, 0x0C, 0x18, 0x3E, 0xF1, 0x3C, 0x0C, 0x3E, 0xF1, 0xA0, 0xF6, 0x0C, 0x0C, 0x3E, 0x0C
	.byte 0x3E, 0xF1, 0x3C, 0x0C, 0x3E, 0xF1, 0xA0, 0xF6, 0x0C, 0x18, 0x3E, 0xF6, 0x18, 0x0C, 0x3E, 0x0C
	.byte 0x3E, 0xF1, 0x3C, 0x0C, 0x3E, 0xF1, 0xA0, 0xF6, 0x0C, 0x18, 0x3E, 0xF1, 0x3C, 0x0C, 0x3E, 0xF1
	.byte 0xA0, 0xF6, 0x0C, 0x0C, 0x3E, 0x0C, 0x3E, 0xF1, 0x3C, 0x0C, 0x3E, 0xF1, 0xA0, 0xF6, 0x0C, 0x17
	.byte 0x3E, 0xF6, 0x01, 0xF1, 0x3C, 0x0C, 0x3E, 0xF1, 0xA0, 0xF6, 0x0C, 0x0C, 0x41, 0x0C, 0x41, 0xF1
	.byte 0x3C, 0x0C, 0x41, 0xF1, 0xA0, 0xF6, 0x0C, 0x18, 0x41, 0xF1, 0x3C, 0x0C, 0x41, 0xF1, 0xA0, 0xF6
	.byte 0x0C, 0x0C, 0x41, 0x0C, 0x41, 0xF1, 0x3C, 0x0C, 0x41, 0xF1, 0xA0, 0xF6, 0x0C, 0x18, 0x41, 0xF1
	.byte 0x3C, 0x0C, 0x41, 0xF1, 0xA0, 0xF6, 0x0C, 0x0C, 0x3C, 0x0C, 0x3C, 0xF1, 0x3C, 0x0C, 0x3C, 0xF1
	.byte 0xA0, 0xF6, 0x0C, 0x18, 0x3C, 0xF1, 0x3C, 0x0C, 0x3C, 0xF1, 0xA0, 0xF6, 0x0C, 0x0C, 0x3C, 0x0C
	.byte 0x3C, 0xF1, 0x3C, 0x0C, 0x3C, 0xF1, 0xA0, 0xF6, 0x0C, 0x18, 0x3C, 0xF1, 0x3C, 0x0C, 0x3C, 0xF1
	.byte 0xA0, 0xF6, 0x0C, 0x0C, 0x3E, 0x0C, 0x3E, 0xF1, 0x3C, 0x0C, 0x3E, 0xF1, 0xA0, 0xF6, 0x0C, 0x18
	.byte 0x3E, 0xF1, 0x3C, 0x0C, 0x3E, 0xF1, 0xA0, 0xF6, 0x0C, 0x0C, 0x3E, 0x0C, 0x3E, 0xF1, 0x3C, 0x0C
	.byte 0x3E, 0xF1, 0xA0, 0xF6, 0x0C, 0x18, 0x3E, 0xF1, 0x3C, 0x0C, 0x3E, 0xF1, 0xA0, 0xF6, 0x0C, 0x0C
	.byte 0x3E, 0x0C, 0x3E, 0xF1, 0x3C, 0x0C, 0x3E, 0xF1, 0xA0, 0xF6, 0x0C, 0x18, 0x3E, 0xF1, 0x3C, 0x0C
	.byte 0x3E, 0xF1, 0xA0, 0xF6, 0x0C, 0x0C, 0x3E, 0x0C, 0x3E, 0xF1, 0x3C, 0x0C, 0x3E, 0xF1, 0xA0, 0xF6
	.byte 0x0C, 0x18, 0x3E, 0xF6, 0x18, 0x0C, 0x41, 0x0C, 0x41, 0xF1, 0x3C, 0x0C, 0x41, 0xF1, 0xA0, 0xF6
	.byte 0x0C, 0x18, 0x41, 0xF1, 0x3C, 0x0C, 0x41, 0xF1, 0xA0, 0xF6, 0x0C, 0x0C, 0x41, 0x0C, 0x41, 0xF1
	.byte 0x3C, 0x0C, 0x41, 0xF1, 0xA0, 0xF6, 0x0C, 0x18, 0x41, 0xF1, 0x3C, 0x0C, 0x41, 0xF1, 0xA0, 0xF6
	.byte 0x0C, 0x0C, 0x3C, 0x0C, 0x3C, 0xF1, 0x3C, 0x0C, 0x3C, 0xF1, 0xA0, 0xF6, 0x0C, 0x18, 0x3C, 0xF1
	.byte 0x3C, 0x0C, 0x3C, 0xF1, 0xA0, 0xF6, 0x0C, 0x0C, 0x3C, 0x0C, 0x3C, 0xF1, 0x3C, 0x0C, 0x3C, 0xF1
	.byte 0xA0, 0xF6, 0x0C, 0x18, 0x3C, 0xF1, 0x3C, 0x0C, 0x3C, 0xF1, 0xA0, 0xF6, 0x0C, 0x0C, 0x3A, 0x0C
	.byte 0x3A, 0xF1, 0x3C, 0x0C, 0x3A, 0xF1, 0xA0, 0xF6, 0x0C, 0x18, 0x3A, 0xF1, 0x3C, 0x0C, 0x3A, 0xF1
	.byte 0xA0, 0xF6, 0x0C, 0x0C, 0x3A, 0x0C, 0x3A, 0xF1, 0x3C, 0x0C, 0x3A, 0xF1, 0xA0, 0xF6, 0x0C, 0x18
	.byte 0x3A, 0xF1, 0x3C, 0x0C, 0x3A, 0xF1, 0xA0, 0xF6, 0x0C, 0x0C, 0x3C, 0x0C, 0x3C, 0xF1, 0x3C, 0x0C
	.byte 0x3C, 0xF1, 0xA0, 0xF6, 0x0C, 0x18, 0x3C, 0xF1, 0x3C, 0x0C, 0x3C, 0xF1, 0xA0, 0xF6, 0x0C, 0x0C
	.byte 0x3C, 0x0C, 0x3C, 0xF1, 0x3C, 0x0C, 0x3C, 0xF1, 0xA0, 0xF6, 0x0C, 0x18, 0x3C, 0xF1, 0x3C, 0x0C
	.byte 0x3C, 0xF1, 0xA0, 0xF6, 0x0C, 0x0C, 0x3A, 0x0C, 0x3A, 0xF1, 0x3C, 0x0C, 0x3A, 0xF1, 0xA0, 0xF6
	.byte 0x0C, 0x18, 0x3A, 0xF1, 0x3C, 0x0C, 0x3A, 0xF1, 0xA0, 0xF6, 0x0C, 0x0C, 0x3A, 0x0C, 0x3A, 0xF1
	.byte 0x3C, 0x0C, 0x3A, 0xF1, 0xA0, 0xF6, 0x0C, 0x18, 0x3A, 0xF1, 0x3C, 0x0C, 0x3A, 0xF1, 0xA0, 0xF6
	.byte 0x0C, 0x0C, 0x3C, 0x0C, 0x3C, 0xF1, 0x3C, 0x0C, 0x3C, 0xF1, 0xA0, 0xF6, 0x0C, 0x18, 0x3C, 0xF1
	.byte 0x3C, 0x0C, 0x3C, 0xF1, 0xA0, 0xF6, 0x0C, 0x0C, 0x3C, 0x0C, 0x3C, 0xF1, 0x3C, 0x0C, 0x3C, 0xF1
	.byte 0xA0, 0xF6, 0x0C, 0x18, 0x3C, 0xF1, 0x3C, 0x0C, 0x3C, 0xF1, 0xA0, 0xF6, 0x0C, 0x0C, 0x3E, 0x0C
	.byte 0x3E, 0xF1, 0x3C, 0x0C, 0x3E, 0xF1, 0xA0, 0xF6, 0x0C, 0x18, 0x3E, 0xF1, 0x3C, 0x0C, 0x3E, 0xF1
	.byte 0xA0, 0xF6, 0x0C, 0x0C, 0x3E, 0x0C, 0x3E, 0xF1, 0x3C, 0x0C, 0x3E, 0xF1, 0xA0, 0xF6, 0x0C, 0x18
	.byte 0x3E, 0xF1, 0x3C, 0x0C, 0x3E, 0xF1, 0xA0, 0xF6, 0x0C, 0x0C, 0x3E, 0x0C, 0x3E, 0xF1, 0x3C, 0x0C
	.byte 0x3E, 0xF1, 0xA0, 0xF6, 0x0C, 0x18, 0x3E, 0xF1, 0x3C, 0x0C, 0x3E, 0xF1, 0xA0, 0xF6, 0x0C, 0x0C
	.byte 0x3E, 0x0C, 0x3E, 0xF1, 0x3C, 0x0C, 0x3E, 0xF1, 0xA0, 0xF6, 0x0C, 0x18, 0x3E, 0xF1, 0x3C, 0x0C
	.byte 0x3E, 0xF1, 0xA0, 0xF6, 0x0C, 0x0C, 0x3A, 0x0C, 0x3A, 0xF1, 0x3C, 0x0C, 0x3A, 0xF1, 0xA0, 0xF6
	.byte 0x0C, 0x18, 0x3A, 0xF1, 0x3C, 0x0C, 0x3A, 0xF1, 0xA0, 0xF6, 0x0C, 0x0C, 0x3A, 0x0C, 0x3A, 0xF1
	.byte 0x3C, 0x0C, 0x3A, 0xF1, 0xA0, 0xF6, 0x0C, 0x18, 0x3A, 0xF1, 0x3C, 0x0C, 0x3A, 0xF1, 0xA0, 0xF6
	.byte 0x0C, 0x0C, 0x3C, 0x0C, 0x3C, 0xF1, 0x3C, 0x0C, 0x3C, 0xF1, 0xA0, 0xF6, 0x0C, 0x18, 0x3C, 0xF1
	.byte 0x3C, 0x0C, 0x3C, 0xF1, 0xA0, 0xF6, 0x0C, 0x0C, 0x3C, 0x0C, 0x3C, 0xF1, 0x3C, 0x0C, 0x3C, 0xF1
	.byte 0xA0, 0xF6, 0x0C, 0x18, 0x3C, 0xF1, 0x3C, 0x0C, 0x3C, 0xF1, 0xA0, 0xF6, 0x0C, 0x0C, 0x3E, 0x0C
	.byte 0x3E, 0xF1, 0x3C, 0x0C, 0x3E, 0xF1, 0xA0, 0xF6, 0x0C, 0x18, 0x3E, 0xF1, 0x3C, 0x0C, 0x3E, 0xF1
	.byte 0xA0, 0xF6, 0x0C, 0x0C, 0x3E, 0x0C, 0x3E, 0xF1, 0x3C, 0x0C, 0x3E, 0xF1, 0xA0, 0xF6, 0x0C, 0x18
	.byte 0x3E, 0xF1, 0x3C, 0x0C, 0x3E, 0xF1, 0xA0, 0xF6, 0x0C, 0x0C, 0x3E, 0x0C, 0x3E, 0xF1, 0x3C, 0x0C
	.byte 0x3E, 0xF1, 0xA0, 0xF6, 0x0C, 0x18, 0x3E, 0xF1, 0x3C, 0x0C, 0x3E, 0xF1, 0xA0, 0xF6, 0x0C, 0x0C
	.byte 0x3E, 0x0C, 0x3E, 0xF1, 0x3C, 0x0C, 0x3E, 0xF1, 0xA0, 0xF6, 0x0C, 0x18, 0x3E, 0xF1, 0x3C, 0x10
	.byte 0x3E, 0xF1, 0xA0, 0xA4, 0x3E, 0xF6, 0x0B, 0xF8, 0x37, 0xFD, 0xFF, 0xF9, 0x60, 0xF0, 0x14, 0xF2
	.byte 0x96, 0xF1, 0x8C, 0x12, 0x37, 0xF1, 0x3C, 0x06, 0x37, 0xF1, 0x8C, 0x0C, 0x3A, 0x0C, 0x3A, 0x12
	.byte 0x32, 0xF1, 0x3C, 0x06, 0x32, 0xF1, 0x8C, 0x18, 0x3A, 0x12, 0x37, 0xF1, 0x3C, 0x06, 0x37, 0xF1
	.byte 0x8C, 0x0C, 0x3A, 0x0C, 0x3A, 0x12, 0x32, 0xF1, 0x3C, 0x06, 0x32, 0xF1, 0x8C, 0x18, 0x3A, 0x12
	.byte 0x37, 0xF1, 0x3C, 0x06, 0x37, 0xF1, 0x8C, 0x0C, 0x3A, 0x0C, 0x3A, 0x12, 0x32, 0xF1, 0x3C, 0x06
	.byte 0x32, 0xF1, 0x8C, 0x18, 0x3A, 0x12, 0x37, 0xF1, 0x3C, 0x06, 0x37, 0xF1, 0x8C, 0x0C, 0x3A, 0x0C
	.byte 0x3A, 0x12, 0x32, 0xF1, 0x3C, 0x06, 0x32, 0xF1, 0x8C, 0x18, 0x3A, 0x12, 0x37, 0xF1, 0x3C, 0x06
	.byte 0x37, 0xF1, 0x8C, 0x0C, 0x3A, 0x0C, 0x3A, 0x12, 0x32, 0xF1, 0x3C, 0x06, 0x32, 0xF1, 0x8C, 0x18
	.byte 0x3A, 0x12, 0x37, 0xF1, 0x3C, 0x06, 0x37, 0xF1, 0x8C, 0x0C, 0x3A, 0x0C, 0x3A, 0x12, 0x32, 0xF1
	.byte 0x3C, 0x06, 0x32, 0xF1, 0x8C, 0x18, 0x3A, 0x12, 0x3A, 0xF6, 0x06, 0x0C, 0x3E, 0x0C, 0x3E, 0x12
	.byte 0x35, 0xF1, 0x3C, 0x06, 0x35, 0xF1, 0x8C, 0x18, 0x3E, 0x12, 0x3A, 0xF1, 0x3C, 0x06, 0x3A, 0xF1
	.byte 0x8C, 0x0C, 0x3E, 0x0C, 0x3E, 0x12, 0x35, 0xF1, 0x3C, 0x06, 0x35, 0xF1, 0x8C, 0x18, 0x3E, 0x12
	.byte 0x35, 0xF1, 0x3C, 0x06, 0x35, 0xF1, 0x8C, 0x0C, 0x39, 0x0C, 0x39, 0x12, 0x30, 0xF1, 0x3C, 0x06
	.byte 0x30, 0xF1, 0x8C, 0x18, 0x39, 0x12, 0x35, 0xF1, 0x3C, 0x06, 0x35, 0xF1, 0x8C, 0x0C, 0x39, 0x0C
	.byte 0x39, 0x12, 0x30, 0xF1, 0x3C, 0x06, 0x30, 0xF1, 0x8C, 0x18, 0x39, 0x12, 0x37, 0xF1, 0x3C, 0x06
	.byte 0x37, 0xF1, 0x8C, 0x0C, 0x3A, 0x0C, 0x3A, 0x12, 0x32, 0xF1, 0x3C, 0x06, 0x32, 0xF1, 0x8C, 0x18
	.byte 0x3A, 0x12, 0x37, 0xF1, 0x3C, 0x06, 0x37, 0xF1, 0x8C, 0x0C, 0x3A, 0x0C, 0x3A, 0x12, 0x32, 0xF1
	.byte 0x3C, 0x06, 0x32, 0xF1, 0x8C, 0x18, 0x3A, 0x12, 0x37, 0xF1, 0x3C, 0x06, 0x37, 0xF1, 0x8C, 0x0C
	.byte 0x3A, 0x0C, 0x3A, 0x12, 0x32, 0xF1, 0x3C, 0x06, 0x32, 0xF1, 0x8C, 0x18, 0x3A, 0x12, 0x37, 0xF1
	.byte 0x3C, 0x06, 0x37, 0xF1, 0x8C, 0x0C, 0x3A, 0x0C, 0x3A, 0x12, 0x32, 0xF1, 0x3C, 0x06, 0x32, 0xF1
	.byte 0x8C, 0x18, 0x3A, 0x12, 0x3A, 0xF1, 0x3C, 0x06, 0x3A, 0xF1, 0x8C, 0x0C, 0x3E, 0x0C, 0x3E, 0x12
	.byte 0x35, 0xF1, 0x3C, 0x06, 0x35, 0xF1, 0x8C, 0x18, 0x3E, 0x12, 0x3A, 0xF1, 0x3C, 0x06, 0x3A, 0xF1
	.byte 0x8C, 0x0C, 0x3E, 0x0C, 0x3E, 0x12, 0x35, 0xF1, 0x3C, 0x06, 0x35, 0xF1, 0x8C, 0x18, 0x3E, 0x12
	.byte 0x35, 0xF1, 0x3C, 0x06, 0x35, 0xF1, 0x8C, 0x0C, 0x39, 0x0C, 0x39, 0x12, 0x30, 0xF1, 0x3C, 0x06
	.byte 0x30, 0xF1, 0x8C, 0x18, 0x39, 0x12, 0x35, 0xF1, 0x3C, 0x06, 0x35, 0xF1, 0x8C, 0x0C, 0x39, 0x0C
	.byte 0x39, 0x12, 0x30, 0xF1, 0x3C, 0x06, 0x30, 0xF1, 0x8C, 0x18, 0x39, 0x12, 0x33, 0xF1, 0x3C, 0x06
	.byte 0x33, 0xF1, 0x8C, 0x0C, 0x37, 0x0C, 0x37, 0x12, 0x2E, 0xF1, 0x3C, 0x06, 0x2E, 0xF1, 0x8C, 0x18
	.byte 0x37, 0x12, 0x33, 0xF1, 0x3C, 0x06, 0x33, 0xF1, 0x8C, 0x0C, 0x37, 0x0C, 0x37, 0x12, 0x2E, 0xF1
	.byte 0x3C, 0x06, 0x2E, 0xF1, 0x8C, 0x18, 0x37, 0x12, 0x35, 0xF1, 0x3C, 0x06, 0x35, 0xF1, 0x8C, 0x0C
	.byte 0x39, 0x0C, 0x39, 0x12, 0x30, 0xF1, 0x3C, 0x06, 0x30, 0xF1, 0x8C, 0x18, 0x39, 0x12, 0x35, 0xF1
	.byte 0x3C, 0x06, 0x35, 0xF1, 0x8C, 0x0C, 0x39, 0x0C, 0x39, 0x12, 0x35, 0xF1, 0x3C, 0x06, 0x35, 0xF1
	.byte 0x8C, 0x18, 0x39, 0x12, 0x33, 0xF1, 0x3C, 0x06, 0x33, 0xF1, 0x8C, 0x0C, 0x37, 0x0C, 0x37, 0x12
	.byte 0x2E, 0xF1, 0x3C, 0x06, 0x2E, 0xF1, 0x8C, 0x18, 0x37, 0x12, 0x33, 0xF1, 0x3C, 0x06, 0x33, 0xF1
	.byte 0x8C, 0x0C, 0x37, 0x0C, 0x37, 0x12, 0x2E, 0xF1, 0x3C, 0x06, 0x2E, 0xF1, 0x8C, 0x18, 0x37, 0x12
	.byte 0x35, 0xF1, 0x3C, 0x06, 0x35, 0xF1, 0x8C, 0x0C, 0x39, 0x0C, 0x39, 0x12, 0x30, 0xF1, 0x3C, 0x06
	.byte 0x30, 0xF1, 0x8C, 0x18, 0x39, 0x12, 0x35, 0xF1, 0x3C, 0x06, 0x35, 0xF1, 0x8C, 0x0C, 0x39, 0x0C
	.byte 0x39, 0x12, 0x30, 0xF1, 0x3C, 0x06, 0x30, 0xF1, 0x8C, 0x18, 0x39, 0x12, 0x37, 0xF1, 0x3C, 0x06
	.byte 0x37, 0xF1, 0x8C, 0x0C, 0x3A, 0x0C, 0x3A, 0x12, 0x32, 0xF1, 0x3C, 0x06, 0x32, 0xF1, 0x8C, 0x18
	.byte 0x3A, 0x12, 0x37, 0xF1, 0x3C, 0x06, 0x39, 0xF1, 0x8C, 0x0C, 0x3A, 0x0C, 0x3A, 0x12, 0x32, 0xF1
	.byte 0x3C, 0x06, 0x32, 0xF1, 0x8C, 0x18, 0x3A, 0x12, 0x37, 0xF1, 0x3C, 0x06, 0x37, 0xF1, 0x8C, 0x0C
	.byte 0x3A, 0x0C, 0x3A, 0x12, 0x32, 0xF1, 0x3C, 0x06, 0x32, 0xF1, 0x8C, 0x18, 0x3A, 0x12, 0x37, 0xF1
	.byte 0x3C, 0x06, 0x37, 0xF1, 0x8C, 0x0C, 0x3A, 0x0C, 0x3A, 0x12, 0x37, 0xF1, 0x3C, 0x06, 0x37, 0xF1
	.byte 0x8C, 0x18, 0x3A, 0x12, 0x33, 0xF1, 0x3C, 0x06, 0x33, 0xF1, 0x8C, 0x0C, 0x37, 0x0C, 0x37, 0x12
	.byte 0x2E, 0xF1, 0x3C, 0x06, 0x2E, 0xF1, 0x8C, 0x18, 0x37, 0x12, 0x33, 0xF1, 0x3C, 0x06, 0x33, 0xF1
	.byte 0x8C, 0x0C, 0x37, 0x0C, 0x37, 0x12, 0x2E, 0xF1, 0x3C, 0x06, 0x2E, 0xF1, 0x8C, 0x18, 0x37, 0x12
	.byte 0x35, 0xF1, 0x3C, 0x06, 0x35, 0xF1, 0x8C, 0x0C, 0x39, 0x0C, 0x39, 0x12, 0x30, 0xF1, 0x3C, 0x06
	.byte 0x30, 0xF1, 0x8C, 0x18, 0x39, 0x12, 0x35, 0xF1, 0x3C, 0x06, 0x35, 0xF1, 0x8C, 0x0C, 0x39, 0x0C
	.byte 0x39, 0x12, 0x30, 0xF1, 0x3C, 0x06, 0x30, 0xF1, 0x8C, 0x18, 0x39, 0x12, 0x37, 0xF1, 0x3C, 0x06
	.byte 0x37, 0xF1, 0x8C, 0x0C, 0x3A, 0x0C, 0x3A, 0x12, 0x32, 0xF1, 0x3C, 0x06, 0x32, 0xF1, 0x8C, 0x18
	.byte 0x3A, 0x12, 0x37, 0xF1, 0x3C, 0x06, 0x37, 0xF1, 0x8C, 0x0C, 0x3A, 0x0C, 0x3A, 0x12, 0x32, 0xF1
	.byte 0x3C, 0x06, 0x32, 0xF1, 0x8C, 0x18, 0x3A, 0x12, 0x37, 0xF1, 0x3C, 0x06, 0x37, 0xF1, 0x8C, 0x0C
	.byte 0x3A, 0x0C, 0x3A, 0x12, 0x32, 0xF1, 0x3C, 0x06, 0x32, 0xF1, 0x8C, 0x18, 0x3A, 0x12, 0x37, 0xF1
	.byte 0x3C, 0x06, 0x37, 0xF1, 0x8C, 0x0C, 0x3A, 0x0C, 0x3A, 0x12, 0x32, 0xF1, 0x3C, 0x06, 0x32, 0xF1
	.byte 0x8C, 0x18, 0x3A, 0x08, 0x37, 0xAC, 0x3A, 0xF6, 0x0C, 0xF8, 0x3B, 0xFD, 0xFF, 0xF9, 0x60, 0xF0
	.byte 0x00, 0xF2, 0xA0, 0xF1, 0x50, 0x18, 0x3C, 0x0C, 0x35, 0x0C, 0x35, 0x18, 0x3C, 0x18, 0x35, 0x18
	.byte 0x3C, 0x0C, 0x35, 0x0C, 0x35, 0x0C, 0x3C, 0x0C, 0x3C, 0x18, 0x35, 0x18, 0x3C, 0x0C, 0x35, 0x0C
	.byte 0x35, 0x18, 0x3C, 0x18, 0x35, 0x18, 0x3C, 0x0C, 0x35, 0x0C, 0x35, 0x0C, 0x3C, 0x0C, 0x3C, 0x18
	.byte 0x35, 0x18, 0x37, 0x0C, 0x35, 0x0C, 0x35, 0x18, 0x37, 0x18, 0x35, 0x18, 0x37, 0x0C, 0x35, 0x0C
	.byte 0x35, 0x0C, 0x37, 0x0C, 0x37, 0x18, 0x35, 0x18, 0x37, 0x0C, 0x35, 0x0C, 0x35, 0x18, 0x37, 0x18
	.byte 0x35, 0x18, 0x37, 0x0C, 0x35, 0x0C, 0x35, 0x0C, 0x37, 0x0C, 0x37, 0x18, 0x35, 0x18, 0x37, 0x0C
	.byte 0x35, 0x0C, 0x35, 0x18, 0x37, 0x18, 0x35, 0x18, 0x37, 0x0C, 0x35, 0x0C, 0x35, 0x0C, 0x37, 0x0C
	.byte 0x37, 0x18, 0x35, 0x18, 0x37, 0x0C, 0x35, 0x0C, 0x35, 0x18, 0x37, 0x18, 0x35, 0x18, 0x37, 0x0C
	.byte 0x35, 0x0C, 0x35, 0x0C, 0x37, 0x0C, 0x37, 0x18, 0x35, 0x18, 0x37, 0x0C, 0x35, 0x0C, 0x35, 0x18
	.byte 0x37, 0x18, 0x35, 0x18, 0x37, 0x0C, 0x35, 0x0C, 0x35, 0x0C, 0x37, 0x0C, 0x37, 0x18, 0x35, 0x18
	.byte 0x37, 0x0C, 0x35, 0x0C, 0x35, 0x18, 0x37, 0x18, 0x35, 0x18, 0x37, 0x0C, 0x35, 0x0C, 0x35, 0x0C
	.byte 0x37, 0x0C, 0x37, 0x18, 0x35, 0x18, 0x37, 0x0C, 0x35, 0x0C, 0x35, 0x18, 0x37, 0x18, 0x35, 0x18
	.byte 0x37, 0x0C, 0x35, 0x0C, 0x35, 0x0C, 0x37, 0x0C, 0x37, 0x18, 0x35, 0x18, 0x37, 0x0C, 0x35, 0x0C
	.byte 0x35, 0x18, 0x37, 0x18, 0x35, 0x18, 0x37, 0x0C, 0x35, 0x0C, 0x35, 0x0C, 0x37, 0x0C, 0x37, 0x18
	.byte 0x35, 0x18, 0x37, 0x0C, 0x35, 0x0C, 0x35, 0x18, 0x37, 0x18, 0x35, 0x18, 0x37, 0x0C, 0x35, 0x0C
	.byte 0x35, 0x0C, 0x37, 0x0C, 0x37, 0x18, 0x35, 0x18, 0x37, 0x0C, 0x35, 0x0C, 0x35, 0x18, 0x37, 0x18
	.byte 0x35, 0x18, 0x37, 0x0C, 0x35, 0x0C, 0x35, 0x0C, 0x37, 0x0C, 0x37, 0x18, 0x35, 0x18, 0x37, 0x0C
	.byte 0x35, 0x0C, 0x35, 0x18, 0x37, 0x18, 0x35, 0x18, 0x37, 0x0C, 0x35, 0x0C, 0x35, 0x0C, 0x37, 0x0C
	.byte 0x37, 0x18, 0x35, 0x18, 0x37, 0x0C, 0x35, 0x0C, 0x35, 0x18, 0x37, 0x18, 0x35, 0x18, 0x37, 0x0C
	.byte 0x35, 0x0C, 0x35, 0x0C, 0x37, 0x0C, 0x37, 0x18, 0x35, 0x18, 0x37, 0x0C, 0x35, 0x0C, 0x35, 0x18
	.byte 0x37, 0x18, 0x35, 0x18, 0x37, 0x0C, 0x35, 0x0C, 0x35, 0x0C, 0x37, 0x0C, 0x37, 0x18, 0x35, 0x18
	.byte 0x37, 0x0C, 0x35, 0x0C, 0x35, 0x18, 0x37, 0x18, 0x35, 0x18, 0x37, 0x0C, 0x35, 0x0C, 0x35, 0x0C
	.byte 0x37, 0x0C, 0x37, 0x18, 0x35, 0x18, 0x37, 0x0C, 0x35, 0x0C, 0x35, 0x18, 0x37, 0x18, 0x35, 0x18
	.byte 0x37, 0x0C, 0x35, 0x0C, 0x35, 0x0C, 0x37, 0x0C, 0x37, 0x18, 0x35, 0x18, 0x37, 0x0C, 0x35, 0x0C
	.byte 0x35, 0x18, 0x37, 0x18, 0x35, 0x18, 0x37, 0x0C, 0x35, 0x0C, 0x35, 0x0C, 0x37, 0x0C, 0x37, 0x18
	.byte 0x35, 0x18, 0x37, 0x0C, 0x35, 0x0C, 0x35, 0x18, 0x37, 0x18, 0x35, 0x18, 0x37, 0x0C, 0x35, 0x0C
	.byte 0x35, 0x0C, 0x37, 0x0C, 0x37, 0x18, 0x35, 0x0C, 0x37, 0xF6, 0x84, 0x0C, 0x37, 0x0C, 0x37, 0x18
	.byte 0x35, 0xF8, 0x93, 0xFE, 0xFF, 0xF9, 0x60, 0xF6, 0x18, 0xF0, 0x00, 0xF2, 0x64, 0xF1, 0x50, 0x18
	.byte 0x40, 0xF6, 0x18, 0x18, 0x40, 0xF6, 0x18, 0x18, 0x40, 0xF6, 0x18, 0x18, 0x40, 0xF6, 0x18, 0x18
	.byte 0x40, 0xF6, 0x18, 0x18, 0x40, 0xF6, 0x18, 0x18, 0x40, 0xF6, 0x18, 0x18, 0x40, 0xF6, 0x18, 0x18
	.byte 0x40, 0xF6, 0x18, 0x18, 0x40, 0xF6, 0x18, 0x18, 0x40, 0xF6, 0x18, 0x18, 0x40, 0xF6, 0x18, 0x18
	.byte 0x40, 0xF6, 0x18, 0x18, 0x40, 0xF6, 0x18, 0x18, 0x40, 0xF6, 0x18, 0x18, 0x40, 0xF6, 0x18, 0x18
	.byte 0x40, 0xF6, 0x18, 0x18, 0x40, 0xF6, 0x18, 0x18, 0x40, 0xF6, 0x18, 0x18, 0x40, 0xF6, 0x18, 0x18
	.byte 0x40, 0xF6, 0x18, 0x18, 0x40, 0xF6, 0x18, 0x18, 0x40, 0xF6, 0x18, 0x18, 0x40, 0xF6, 0x18, 0x18
	.byte 0x40, 0xF6, 0x18, 0x18, 0x40, 0xF6, 0x18, 0x18, 0x40, 0xF6, 0x18, 0x18, 0x40, 0xF6, 0x18, 0x18
	.byte 0x40, 0xF6, 0x18, 0x18, 0x40, 0xF6, 0x18, 0x18, 0x40, 0xF6, 0x18, 0x18, 0x40, 0xF6, 0x18, 0x18
	.byte 0x40, 0xF6, 0x18, 0x18, 0x40, 0xF6, 0x18, 0x18, 0x40, 0xF6, 0x18, 0x18, 0x40, 0xF6, 0x18, 0x18
	.byte 0x40, 0xF6, 0x18, 0x18, 0x40, 0xF6, 0x18, 0x18, 0x40, 0xF6, 0x18, 0x18, 0x40, 0xF6, 0x18, 0x18
	.byte 0x40, 0xF6, 0x18, 0x18, 0x40, 0xF6, 0x18, 0x18, 0x40, 0xF6, 0x18, 0x18, 0x40, 0xF6, 0x18, 0x18
	.byte 0x40, 0xF6, 0x18, 0x18, 0x40, 0xF6, 0x18, 0x18, 0x40, 0xF6, 0x18, 0x18, 0x40, 0xF6, 0x18, 0x18
	.byte 0x40, 0xF6, 0x18, 0x18, 0x40, 0xF6, 0x18, 0x18, 0x40, 0xF6, 0x18, 0x18, 0x40, 0xF6, 0x18, 0x18
	.byte 0x40, 0xF6, 0x18, 0x18, 0x40, 0xF6, 0x18, 0x18, 0x40, 0xF6, 0x18, 0x18, 0x40, 0xF6, 0x18, 0x18
	.byte 0x40, 0xF6, 0x18, 0x18, 0x40, 0xF6, 0x18, 0x18, 0x40, 0xF6, 0x18, 0x18, 0x40, 0xF6, 0x18, 0x18
	.byte 0x40, 0xF6, 0x18, 0x18, 0x40, 0xF6, 0x18, 0x18, 0x40, 0xF6, 0x18, 0x18, 0x40, 0xF6, 0x18, 0x18
	.byte 0x40, 0xF6, 0x18, 0x18, 0x40, 0xF6, 0x18, 0x18, 0x40, 0xF6, 0x18, 0x18, 0x40, 0xF6, 0x18, 0x18
	.byte 0x40, 0xF6, 0x18, 0x18, 0x40, 0xF6, 0x18, 0x18, 0x40, 0xF6, 0x18, 0x18, 0x40, 0xF6, 0x18, 0x18
	.byte 0x40, 0xF6, 0x18, 0x18, 0x40, 0xF6, 0x18, 0x18, 0x40, 0xF6, 0x18, 0x18, 0x40, 0xF6, 0x78, 0x18
	.byte 0x40, 0xF6, 0x18, 0x18, 0x40, 0xF8, 0xF5, 0xFE, 0xFF, 0xF9, 0x60, 0xF6, 0xC0, 0xF6, 0xA8, 0xF0
	.byte 0xC6, 0xF2, 0x00, 0xF1, 0x28, 0xF6, 0x08, 0x0C, 0x3E, 0xF1, 0x14, 0x0C, 0x3E, 0xF1, 0x28, 0x48
	.byte 0x43, 0x12, 0x46, 0xF1, 0x14, 0x06, 0x46, 0xF1, 0x28, 0x48, 0x4A, 0x10, 0x46, 0xF6, 0x08, 0x48
	.byte 0x4D, 0x18, 0x4B, 0x3C, 0x4A, 0xF1, 0x14, 0x0C, 0x4A, 0xF1, 0x28, 0x12, 0x4A, 0xF1, 0x14, 0x06
	.byte 0x4A, 0xF1, 0x28, 0x48, 0x48, 0x18, 0x4A, 0x30, 0x48, 0x18, 0x46, 0x12, 0x45, 0xF1, 0x14, 0x06
	.byte 0x45, 0xF1, 0x28, 0x18, 0x46, 0x18, 0x45, 0x60, 0x43, 0xF6, 0x18, 0x0C, 0x3E, 0xF1, 0x14, 0x0C
	.byte 0x3E, 0xF1, 0x28, 0x48, 0x43, 0x12, 0x46, 0xF1, 0x14, 0x06, 0x46, 0xF1, 0x28, 0x48, 0x4A, 0x18
	.byte 0x46, 0x48, 0x4D, 0x18, 0x4B, 0x3C, 0x4A, 0xF1, 0x14, 0xF6, 0x0C, 0xF1, 0x28, 0x12, 0x4A, 0xF1
	.byte 0x14, 0x06, 0x4A, 0xF1, 0x28, 0x48, 0x48, 0x18, 0x4A, 0x30, 0x48, 0x18, 0x46, 0x12, 0x45, 0xF1
	.byte 0x14, 0x06, 0x45, 0xF1, 0x28, 0x18, 0x46, 0x18, 0x45, 0x78, 0x43, 0xF1, 0x14, 0x0C, 0x43, 0xF1
	.byte 0x28, 0xF6, 0x0C, 0x18, 0x48, 0x18, 0x46, 0x78, 0x45, 0xF1, 0x14, 0x0C, 0x45, 0xF1, 0x28, 0xF6
	.byte 0x0C, 0x24, 0x43, 0x0A, 0x42, 0xF1, 0x14, 0x02, 0x42, 0xF1, 0x28, 0x24, 0x43, 0x0A, 0x45, 0xF1
	.byte 0x14, 0x02, 0x45, 0xF1, 0x28, 0x30, 0x46, 0x12, 0x48, 0xF1, 0x14, 0x06, 0x48, 0xF1, 0x28, 0x18
	.byte 0x46, 0x0C, 0x45, 0x0A, 0x43, 0xF1, 0x14, 0x02, 0x43, 0xF1, 0x28, 0x0C, 0x41, 0xF1, 0x14, 0x0C
	.byte 0x41, 0xF1, 0x28, 0x6C, 0x48, 0xF1, 0x14, 0x0C, 0x48, 0xF1, 0x28, 0x0C, 0x48, 0xF1, 0x14, 0x0C
	.byte 0x48, 0xF1, 0x28, 0x0C, 0x48, 0x0A, 0x46, 0xF1, 0x14, 0x02, 0x46, 0xF1, 0x28, 0x0C, 0x43, 0xF1
	.byte 0x14, 0x0C, 0x43, 0xF1, 0x28, 0x00, 0xCA, 0x90, 0x90, 0x4A, 0xF1, 0x14, 0x0C, 0x4A, 0xF1, 0x28
	.byte 0xF6, 0x24, 0x24, 0x43, 0x0A, 0x42, 0xF1, 0x14, 0x02, 0x42, 0xF1, 0x28, 0x24, 0x43, 0x0A, 0x45
	.byte 0xF1, 0x14, 0x02, 0x45, 0xF1, 0x28, 0x30, 0x46, 0x12, 0x48, 0xF1, 0x14, 0x06, 0x48, 0xF1, 0x28
	.byte 0x18, 0x46, 0x24, 0x45, 0x0A, 0x43, 0xF1, 0x14, 0x02, 0x43, 0xF1, 0x28, 0x24, 0x45, 0x0A, 0x46
	.byte 0xF1, 0x14, 0x02, 0x46, 0xF1, 0x28, 0x30, 0x48, 0x12, 0x4A, 0xF1, 0x14, 0x06, 0x4A, 0xF1, 0x28
	.byte 0x18, 0x48, 0x12, 0x48, 0xF1, 0x14, 0x06, 0x48, 0xF1, 0x28, 0x0C, 0x46, 0xF1, 0x14, 0x0C, 0x46
	.byte 0xF1, 0x28, 0x00, 0xC3, 0x90, 0x60, 0x43, 0xF1, 0x14, 0x0C, 0x43, 0xF1, 0x28, 0xF6, 0x3C, 0x0C
	.byte 0x3E, 0xF1, 0x14, 0x0C, 0x3E, 0xF1, 0x28, 0x48, 0x43, 0x12, 0x46, 0xF1, 0x14, 0x06, 0x46, 0xF1
	.byte 0x28, 0x48, 0x4A, 0x10, 0x46, 0xF8, 0xA5, 0xFE, 0xFF, 0xF9, 0x60, 0xF6, 0xC0, 0xF6, 0xA8, 0xF0
	.byte 0xC6, 0xF2, 0xFF, 0xF1, 0x28, 0xF6, 0x18, 0x0C, 0x3E, 0xF1, 0x14, 0x0C, 0x3E, 0xF1, 0x28, 0x48
	.byte 0x43, 0x12, 0x46, 0xF1, 0x14, 0x06, 0x46, 0xF1, 0x28, 0x48, 0x4A, 0x10, 0x46, 0xF6, 0x08, 0x48
	.byte 0x4D, 0x18, 0x4B, 0x3C, 0x4A, 0xF1, 0x14, 0x0C, 0x4A, 0xF1, 0x28, 0x12, 0x4A, 0xF1, 0x14, 0x06
	.byte 0x4A, 0xF1, 0x28, 0x48, 0x48, 0x18, 0x4A, 0x30, 0x48, 0x18, 0x46, 0x12, 0x45, 0xF1, 0x14, 0x06
	.byte 0x45, 0xF1, 0x28, 0x18, 0x46, 0x18, 0x45, 0x60, 0x43, 0xF6, 0x18, 0x0C, 0x3E, 0xF1, 0x14, 0x0C
	.byte 0x3E, 0xF1, 0x28, 0x48, 0x43, 0x12, 0x46, 0xF1, 0x14, 0x06, 0x46, 0xF1, 0x28, 0x48, 0x4A, 0x18
	.byte 0x46, 0x48, 0x4D, 0x18, 0x4B, 0x3C, 0x4A, 0xF1, 0x14, 0xF6, 0x0C, 0xF1, 0x28, 0x12, 0x4A, 0xF1
	.byte 0x14, 0x06, 0x4A, 0xF1, 0x28, 0x48, 0x48, 0x18, 0x4A, 0x30, 0x48, 0x18, 0x46, 0x12, 0x45, 0xF1
	.byte 0x14, 0x06, 0x45, 0xF1, 0x28, 0x18, 0x46, 0x18, 0x45, 0x78, 0x43, 0xF1, 0x14, 0x0C, 0x43, 0xF1
	.byte 0x28, 0xF6, 0x0C, 0x18, 0x48, 0x18, 0x46, 0x78, 0x45, 0xF1, 0x14, 0x0C, 0x45, 0xF1, 0x28, 0xF6
	.byte 0x0C, 0x24, 0x43, 0x0A, 0x42, 0xF1, 0x14, 0x02, 0x42, 0xF1, 0x28, 0x24, 0x43, 0x0A, 0x45, 0xF1
	.byte 0x14, 0x02, 0x45, 0xF1, 0x28, 0x30, 0x46, 0x12, 0x48, 0xF1, 0x14, 0x06, 0x48, 0xF1, 0x28, 0x18
	.byte 0x46, 0x0C, 0x45, 0x0A, 0x43, 0xF1, 0x14, 0x02, 0x43, 0xF1, 0x28, 0x0C, 0x41, 0xF1, 0x14, 0x0C
	.byte 0x41, 0xF1, 0x28, 0x6C, 0x48, 0xF1, 0x14, 0x0C, 0x48, 0xF1, 0x28, 0x0C, 0x48, 0xF1, 0x14, 0x0C
	.byte 0x48, 0xF1, 0x28, 0x0C, 0x48, 0x0A, 0x46, 0xF1, 0x14, 0x02, 0x46, 0xF1, 0x28, 0x0C, 0x43, 0xF1
	.byte 0x14, 0x0C, 0x43, 0xF1, 0x28, 0x00, 0xCA, 0x90, 0x90, 0x4A, 0xF1, 0x14, 0x0C, 0x4A, 0xF1, 0x28
	.byte 0xF6, 0x24, 0x24, 0x43, 0x0A, 0x42, 0xF1, 0x14, 0x02, 0x42, 0xF1, 0x28, 0x24, 0x43, 0x0A, 0x45
	.byte 0xF1, 0x14, 0x02, 0x45, 0xF1, 0x28, 0x30, 0x46, 0x12, 0x48, 0xF1, 0x14, 0x06, 0x48, 0xF1, 0x28
	.byte 0x18, 0x46, 0x24, 0x45, 0x0A, 0x43, 0xF1, 0x14, 0x02, 0x43, 0xF1, 0x28, 0x24, 0x45, 0x0A, 0x46
	.byte 0xF1, 0x14, 0x02, 0x46, 0xF1, 0x28, 0x30, 0x48, 0x12, 0x4A, 0xF1, 0x14, 0x06, 0x4A, 0xF1, 0x28
	.byte 0x18, 0x48, 0x12, 0x48, 0xF1, 0x14, 0x06, 0x48, 0xF1, 0x28, 0x0C, 0x46, 0xF1, 0x14, 0x0C, 0x46
	.byte 0xF1, 0x28, 0x00, 0xC3, 0x90, 0x60, 0x43, 0xF1, 0x14, 0x0C, 0x43, 0xF1, 0x28, 0xF6, 0x3C, 0x0C
	.byte 0x3E, 0xF1, 0x14, 0x0C, 0x3E, 0xF1, 0x28, 0x48, 0x43, 0x12, 0x46, 0xF1, 0x14, 0x06, 0x46, 0xF1
	.byte 0x28, 0x48, 0x4A, 0xF8, 0xA5, 0xFE, 0xFF, 0x00, 0xFC, 0x03, 0x12, 0x00, 0x88, 0x00, 0xFE, 0x00
	.byte 0x9E, 0x02, 0x04, 0x05, 0x6A, 0x07, 0x9B, 0x07, 0xC3, 0x07, 0xF9, 0x3C, 0xF6, 0x01, 0xF0, 0x0F
	.byte 0xF2, 0x50, 0xF1, 0x14, 0x00, 0xC3, 0x18, 0xF1, 0x1E, 0x00, 0xC3, 0x18, 0xF1, 0x28, 0x00, 0xC3
	.byte 0x18, 0xF1, 0x32, 0x00, 0xC3, 0x18, 0xF1, 0x3C, 0x00, 0xC3, 0x18, 0xF1, 0x46, 0x00, 0xC3, 0x18
	.byte 0xF1, 0x50, 0x00, 0xC3, 0x18, 0xF1, 0x5A, 0x00, 0xC3, 0x18, 0xF1, 0x64, 0x00, 0xC3, 0xC0, 0x00
	.byte 0xC3, 0xC0, 0x00, 0xC3, 0xC0, 0x00, 0xC3, 0xC0, 0x00, 0xC3, 0xC0, 0x00, 0xC3, 0xC0, 0x00, 0xC3
	.byte 0x18, 0xF1, 0x5A, 0x00, 0xC3, 0x18, 0xF1, 0x50, 0x00, 0xC3, 0x18, 0xF1, 0x46, 0x00, 0xC3, 0x18
	.byte 0xF1, 0x3C, 0x00, 0xC3, 0x18, 0xF1, 0x32, 0x00, 0xC3, 0x18, 0xF1, 0x28, 0x00, 0xC3, 0x18, 0xF1
	.byte 0x1E, 0x00, 0xC3, 0x18, 0xF1, 0x14, 0x30, 0x43, 0xF6, 0x90, 0xF6, 0xC0, 0xF8, 0x8B, 0xFF, 0xFF
	.byte 0xF9, 0x3C, 0xF0, 0x0F, 0xF2, 0xA0, 0xF1, 0x28, 0x00, 0xB7, 0x18, 0xF1, 0x32, 0x00, 0xB7, 0x18
	.byte 0xF1, 0x3C, 0x00, 0xB7, 0x18, 0xF1, 0x46, 0x00, 0xB7, 0x18, 0xF1, 0x50, 0x00, 0xB7, 0x18, 0xF1
	.byte 0x5A, 0x00, 0xB7, 0x18, 0xF1, 0x64, 0x00, 0xB7, 0x18, 0xF1, 0x6E, 0x00, 0xB7, 0x18, 0xF1, 0x78
	.byte 0x00, 0xB7, 0xC0, 0x00, 0xB7, 0xC0, 0x00, 0xB7, 0xC0, 0x00, 0xB7, 0xC0, 0x00, 0xB7, 0xC0, 0x00
	.byte 0xB7, 0xC0, 0xF1, 0x6E, 0x00, 0xB7, 0x18, 0xF1, 0x64, 0x00, 0xB7, 0x18, 0xF1, 0x5A, 0x00, 0xB7
	.byte 0x18, 0xF1, 0x50, 0x00, 0xB7, 0x18, 0xF1, 0x46, 0x00, 0xB7, 0x18, 0xF1, 0x3C, 0x00, 0xB7, 0x18
	.byte 0xF1, 0x32, 0x00, 0xB7, 0x18, 0xF1, 0x28, 0x00, 0xB7, 0x18, 0xF1, 0x1E, 0x30, 0x37, 0xF6, 0x90
	.byte 0xF6, 0xC0, 0xF8, 0x8B, 0xFF, 0xFF, 0xF9, 0x3C, 0xF6, 0x01, 0xF0, 0x6E, 0xF2, 0x3C, 0xF1, 0xA0
	.byte 0x0C, 0x46, 0x0C, 0x47, 0xF1, 0x3C, 0x18, 0x47, 0xF1, 0xA0, 0x0C, 0x46, 0x0C, 0x47, 0xF1, 0x3C
	.byte 0x18, 0x47, 0xF1, 0xA0, 0x0C, 0x46, 0x0C, 0x47, 0xF1, 0x3C, 0x0C, 0x47, 0xF1, 0xA0, 0x0C, 0x47
	.byte 0x0C, 0x46, 0x0C, 0x47, 0xF1, 0x3C, 0x18, 0x47, 0xF1, 0xA0, 0xF2, 0x00, 0x0C, 0x46, 0x0C, 0x47
	.byte 0xF1, 0x3C, 0x18, 0x47, 0xF1, 0xA0, 0x0C, 0x46, 0x0C, 0x47, 0xF1, 0x3C, 0x18, 0x47, 0xF1, 0xA0
	.byte 0x0C, 0x46, 0x0C, 0x47, 0xF1, 0x3C, 0x0C, 0x47, 0xF1, 0xA0, 0x0C, 0x47, 0x0C, 0x46, 0x0C, 0x47
	.byte 0xF1, 0x3C, 0x18, 0x47, 0xF1, 0xA0, 0xF2, 0x3C, 0x0C, 0x46, 0x0C, 0x47, 0xF1, 0x3C, 0x18, 0x47
	.byte 0xF1, 0xA0, 0x0C, 0x46, 0x0C, 0x47, 0xF1, 0x3C, 0x18, 0x47, 0xF1, 0xA0, 0x0C, 0x46, 0x0C, 0x47
	.byte 0xF1, 0x3C, 0x0C, 0x47, 0xF1, 0xA0, 0x0C, 0x47, 0x0C, 0x46, 0x0C, 0x47, 0xF1, 0x3C, 0x18, 0x47
	.byte 0xF1, 0xA0, 0xF2, 0x78, 0x0C, 0x46, 0x0C, 0x47, 0xF1, 0x3C, 0x18, 0x47, 0xF1, 0xA0, 0x0C, 0x46
	.byte 0x0C, 0x47, 0xF1, 0x3C, 0x18, 0x47, 0xF1, 0xA0, 0x0C, 0x46, 0x0C, 0x47, 0xF1, 0x3C, 0x0C, 0x47
	.byte 0xF1, 0xA0, 0x0C, 0x47, 0x0C, 0x46, 0x0C, 0x47, 0xF1, 0x3C, 0x18, 0x47, 0xF1, 0xA0, 0xF2, 0xB4
	.byte 0x0C, 0x46, 0x0C, 0x47, 0xF1, 0x3C, 0x18, 0x47, 0xF1, 0xA0, 0x0C, 0x46, 0x0C, 0x47, 0xF1, 0x3C
	.byte 0x18, 0x47, 0xF1, 0xA0, 0x0C, 0x46, 0x0C, 0x47, 0xF1, 0x3C, 0x0C, 0x47, 0xF1, 0xA0, 0x0C, 0x47
	.byte 0x0C, 0x46, 0x0C, 0x47, 0xF1, 0x3C, 0x18, 0x47, 0xF1, 0xA0, 0xF2, 0xF0, 0x0C, 0x46, 0x0C, 0x47
	.byte 0xF1, 0x3C, 0x18, 0x47, 0xF1, 0xA0, 0x0C, 0x46, 0x0C, 0x47, 0xF1, 0x3C, 0x18, 0x47, 0xF1, 0xA0
	.byte 0x0C, 0x46, 0x0C, 0x47, 0xF1, 0x3C, 0x0C, 0x47, 0xF1, 0xA0, 0x0C, 0x47, 0x0C, 0x46, 0x0C, 0x47
	.byte 0xF1, 0x3C, 0x18, 0x47, 0xF1, 0xA0, 0xF2, 0xB4, 0x0C, 0x46, 0x0C, 0x47, 0xF1, 0x3C, 0x18, 0x47
	.byte 0xF1, 0xA0, 0x0C, 0x46, 0x0C, 0x47, 0xF1, 0x3C, 0x18, 0x47, 0xF1, 0xA0, 0x0C, 0x46, 0x0C, 0x47
	.byte 0xF1, 0x3C, 0x0C, 0x47, 0xF1, 0xA0, 0x0C, 0x47, 0x0C, 0x46, 0x0C, 0x47, 0xF1, 0x3C, 0x18, 0x47
	.byte 0xF1, 0xA0, 0xF2, 0x78, 0x0C, 0x46, 0x0C, 0x47, 0xF1, 0x3C, 0x18, 0x47, 0xF1, 0xA0, 0x0C, 0x46
	.byte 0x0C, 0x47, 0xF1, 0x3C, 0x18, 0x47, 0xF1, 0xA0, 0x0C, 0x46, 0x0C, 0x47, 0xF1, 0x3C, 0x0C, 0x47
	.byte 0xF1, 0xA0, 0x0C, 0x47, 0x0C, 0x46, 0x0C, 0x47, 0xF1, 0x3C, 0x18, 0x47, 0xF1, 0xA0, 0xF2, 0x3C
	.byte 0x0C, 0x46, 0x0C, 0x47, 0xF1, 0x3C, 0x18, 0x47, 0xF1, 0xA0, 0x0C, 0x46, 0x0C, 0x47, 0xF1, 0x3C
	.byte 0x18, 0x47, 0xF1, 0xC8, 0x60, 0x2C, 0xF1, 0xA0, 0xF2, 0x00, 0x0C, 0x46, 0x0C, 0x47, 0xF1, 0x3C
	.byte 0x18, 0x47, 0xF1, 0xA0, 0x0C, 0x46, 0x0C, 0x47, 0xF1, 0x3C, 0x18, 0x47, 0xF1, 0xC8, 0x5F, 0x2C
	.byte 0xF1, 0xA0, 0xF8, 0x61, 0xFE, 0xFF, 0xF9, 0x3C, 0xF0, 0x6E, 0xF2, 0xB4, 0xF1, 0xA0, 0x0C, 0x43
	.byte 0xF1, 0x3C, 0x0C, 0x43, 0xF1, 0xA0, 0x0C, 0x44, 0xF1, 0x3C, 0x0C, 0x44, 0xF1, 0xA0, 0x0C, 0x43
	.byte 0xF1, 0x3C, 0x0C, 0x43, 0xF1, 0xA0, 0x0C, 0x44, 0xF1, 0x3C, 0x0C, 0x44, 0xF1, 0xA0, 0x0C, 0x43
	.byte 0xF1, 0x3C, 0x0C, 0x43, 0xF1, 0xA0, 0x0C, 0x44, 0xF1, 0x3C, 0x0C, 0x44, 0xF1, 0xA0, 0x0C, 0x43
	.byte 0xF1, 0x3C, 0x0C, 0x43, 0xF1, 0xA0, 0x0C, 0x44, 0xF1, 0x3C, 0x0C, 0x44, 0xF1, 0xA0, 0xF2, 0xF0
	.byte 0x0C, 0x43, 0xF1, 0x3C, 0x0C, 0x43, 0xF1, 0xA0, 0x0C, 0x44, 0xF1, 0x3C, 0x0C, 0x44, 0xF1, 0xA0
	.byte 0x0C, 0x43, 0xF1, 0x3C, 0x0C, 0x43, 0xF1, 0xA0, 0x0C, 0x44, 0xF1, 0x3C, 0x0C, 0x44, 0xF1, 0xA0
	.byte 0x0C, 0x43, 0xF1, 0x3C, 0x0C, 0x43, 0xF1, 0xA0, 0x0C, 0x44, 0xF1, 0x3C, 0x0C, 0x44, 0xF1, 0xA0
	.byte 0x0C, 0x43, 0xF1, 0x3C, 0x0C, 0x43, 0xF1, 0xA0, 0x0C, 0x44, 0xF1, 0x3C, 0x0C, 0x44, 0xF1, 0xA0
	.byte 0xF2, 0xB4, 0x0C, 0x43, 0xF1, 0x3C, 0x0C, 0x43, 0xF1, 0xA0, 0x0C, 0x44, 0xF1, 0x3C, 0x0C, 0x44
	.byte 0xF1, 0xA0, 0x0C, 0x43, 0xF1, 0x3C, 0x0C, 0x43, 0xF1, 0xA0, 0x0C, 0x44, 0xF1, 0x3C, 0x0C, 0x44
	.byte 0xF1, 0xA0, 0x0C, 0x43, 0xF1, 0x3C, 0x0C, 0x43, 0xF1, 0xA0, 0x0C, 0x44, 0xF1, 0x3C, 0x0C, 0x44
	.byte 0xF1, 0xA0, 0x0C, 0x43, 0xF1, 0x3C, 0x0C, 0x43, 0xF1, 0xA0, 0x0C, 0x44, 0xF1, 0x3C, 0x0C, 0x44
	.byte 0xF1, 0xA0, 0xF2, 0x78, 0x0C, 0x43, 0xF1, 0x3C, 0x0C, 0x43, 0xF1, 0xA0, 0x0C, 0x44, 0xF1, 0x3C
	.byte 0x0C, 0x44, 0xF1, 0xA0, 0x0C, 0x43, 0xF1, 0x3C, 0x0C, 0x43, 0xF1, 0xA0, 0x0C, 0x44, 0xF1, 0x3C
	.byte 0x0C, 0x44, 0xF1, 0xA0, 0x0C, 0x43, 0xF1, 0x3C, 0x0C, 0x43, 0xF1, 0xA0, 0x0C, 0x44, 0xF1, 0x3C
	.byte 0x0C, 0x44, 0xF1, 0xA0, 0x0C, 0x43, 0xF1, 0x3C, 0x0C, 0x43, 0xF1, 0xA0, 0x0C, 0x44, 0xF1, 0x3C
	.byte 0x0C, 0x44, 0xF1, 0xA0, 0xF2, 0x3C, 0x0C, 0x43, 0xF1, 0x3C, 0x0C, 0x43, 0xF1, 0xA0, 0x0C, 0x44
	.byte 0xF1, 0x3C, 0x0C, 0x44, 0xF1, 0xA0, 0x0C, 0x43, 0xF1, 0x3C, 0x0C, 0x43, 0xF1, 0xA0, 0x0C, 0x44
	.byte 0xF1, 0x3C, 0x0C, 0x44, 0xF1, 0xA0, 0x0C, 0x43, 0xF1, 0x3C, 0x0C, 0x43, 0xF1, 0xA0, 0x0C, 0x44
	.byte 0xF1, 0x3C, 0x0C, 0x44, 0xF1, 0xA0, 0x0C, 0x43, 0xF1, 0x3C, 0x0C, 0x43, 0xF1, 0xA0, 0x0C, 0x44
	.byte 0xF1, 0x3C, 0x0C, 0x44, 0xF1, 0xA0, 0xF2, 0x00, 0x0C, 0x43, 0xF1, 0x3C, 0x0C, 0x43, 0xF1, 0xA0
	.byte 0x0C, 0x44, 0xF1, 0x3C, 0x0C, 0x44, 0xF1, 0xA0, 0x0C, 0x43, 0xF1, 0x3C, 0x0C, 0x43, 0xF1, 0xA0
	.byte 0x0C, 0x44, 0xF1, 0x3C, 0x0C, 0x44, 0xF1, 0xA0, 0x0C, 0x43, 0xF1, 0x3C, 0x0C, 0x43, 0xF1, 0xA0
	.byte 0x0C, 0x44, 0xF1, 0x3C, 0x0C, 0x44, 0xF1, 0xA0, 0x0C, 0x43, 0xF1, 0x3C, 0x0C, 0x43, 0xF1, 0xA0
	.byte 0x0C, 0x44, 0xF1, 0x3C, 0x0C, 0x44, 0xF1, 0xA0, 0xF2, 0x3C, 0x0C, 0x43, 0xF1, 0x3C, 0x0C, 0x43
	.byte 0xF1, 0xA0, 0x0C, 0x44, 0xF1, 0x3C, 0x0C, 0x44, 0xF1, 0xA0, 0x0C, 0x43, 0xF1, 0x3C, 0x0C, 0x43
	.byte 0xF1, 0xA0, 0x0C, 0x44, 0xF1, 0x3C, 0x0C, 0x44, 0xF1, 0xA0, 0x0C, 0x43, 0xF1, 0x3C, 0x0C, 0x43
	.byte 0xF1, 0xA0, 0x0C, 0x44, 0xF1, 0x3C, 0x0C, 0x44, 0xF1, 0xA0, 0x0C, 0x43, 0xF1, 0x3C, 0x0C, 0x43
	.byte 0xF1, 0xA0, 0x0C, 0x44, 0xF1, 0x3C, 0x0C, 0x44, 0xF1, 0xA0, 0xF2, 0x78, 0x0C, 0x43, 0xF1, 0x3C
	.byte 0x0C, 0x43, 0xF1, 0xA0, 0x0C, 0x44, 0xF1, 0x3C, 0x0C, 0x44, 0xF1, 0xA0, 0x0C, 0x43, 0xF1, 0x3C
	.byte 0x0C, 0x43, 0xF1, 0xA0, 0x0C, 0x44, 0xF1, 0x3C, 0x0C, 0x44, 0xF1, 0xA0, 0x0C, 0x43, 0xF1, 0x3C
	.byte 0x0C, 0x43, 0xF1, 0xA0, 0x0C, 0x44, 0xF1, 0x3C, 0x0C, 0x44, 0xF1, 0xA0, 0x0C, 0x43, 0xF1, 0x3C
	.byte 0x0C, 0x43, 0xF1, 0xA0, 0x0C, 0x44, 0xF1, 0x3C, 0x0C, 0x44, 0xF1, 0xA0, 0xF2, 0xB4, 0x0C, 0x43
	.byte 0xF1, 0x3C, 0x0C, 0x43, 0xF1, 0xA0, 0x0C, 0x44, 0xF1, 0x3C, 0x0C, 0x44, 0xF1, 0xA0, 0x0C, 0x43
	.byte 0xF1, 0x3C, 0x0C, 0x43, 0xF1, 0xA0, 0x0C, 0x44, 0xF1, 0x3C, 0x0C, 0x44, 0xF1, 0x78, 0x60, 0x44
	.byte 0xF1, 0xA0, 0xF2, 0xF0, 0x0C, 0x43, 0xF1, 0x3C, 0x0C, 0x43, 0xF1, 0xA0, 0x0C, 0x44, 0xF1, 0x3C
	.byte 0x0C, 0x44, 0xF1, 0xA0, 0x0C, 0x43, 0xF1, 0x3C, 0x0C, 0x43, 0xF1, 0xA0, 0x0C, 0x44, 0xF1, 0x3C
	.byte 0x0C, 0x44, 0xF1, 0x78, 0x60, 0x44, 0xF1, 0xA0, 0xF8, 0x9B, 0xFD, 0xFF, 0xF9, 0x3C, 0xF0, 0x6E
	.byte 0xF2, 0xB4, 0xF1, 0xB4, 0x0C, 0x44, 0xF1, 0x50, 0x0C, 0x44, 0xF1, 0xB4, 0x0C, 0x42, 0xF1, 0x50
	.byte 0x0C, 0x42, 0xF1, 0xB4, 0x0C, 0x44, 0xF1, 0x50, 0x0C, 0x44, 0xF1, 0xB4, 0x0C, 0x42, 0xF1, 0x50
	.byte 0x0C, 0x42, 0xF1, 0xB4, 0x0C, 0x44, 0xF1, 0x50, 0x0C, 0x44, 0xF1, 0xB4, 0x0C, 0x42, 0xF1, 0x50
	.byte 0x0C, 0x42, 0xF1, 0xB4, 0x0C, 0x44, 0xF1, 0x50, 0x0C, 0x44, 0xF1, 0xB4, 0x0C, 0x42, 0xF1, 0x50
	.byte 0x0C, 0x42, 0xF1, 0xB4, 0xF2, 0x78, 0x0C, 0x44, 0xF1, 0x50, 0x0C, 0x44, 0xF1, 0xB4, 0x0C, 0x42
	.byte 0xF1, 0x50, 0x0C, 0x42, 0xF1, 0xB4, 0x0C, 0x44, 0xF1, 0x50, 0x0C, 0x44, 0xF1, 0xB4, 0x0C, 0x42
	.byte 0xF1, 0x50, 0x0C, 0x42, 0xF1, 0xB4, 0x0C, 0x44, 0xF1, 0x50, 0x0C, 0x44, 0xF1, 0xB4, 0x0C, 0x42
	.byte 0xF1, 0x50, 0x0C, 0x42, 0xF1, 0xB4, 0x0C, 0x44, 0xF1, 0x50, 0x0C, 0x44, 0xF1, 0xB4, 0x0C, 0x42
	.byte 0xF1, 0x50, 0x0C, 0x42, 0xF1, 0xB4, 0xF2, 0x3C, 0x0C, 0x44, 0xF1, 0x50, 0x0C, 0x44, 0xF1, 0xB4
	.byte 0x0C, 0x42, 0xF1, 0x50, 0x0C, 0x42, 0xF1, 0xB4, 0x0C, 0x44, 0xF1, 0x50, 0x0C, 0x44, 0xF1, 0xB4
	.byte 0x0C, 0x42, 0xF1, 0x50, 0x0C, 0x42, 0xF1, 0xB4, 0x0C, 0x44, 0xF1, 0x50, 0x0C, 0x44, 0xF1, 0xB4
	.byte 0x0C, 0x42, 0xF1, 0x50, 0x0C, 0x42, 0xF1, 0xB4, 0x0C, 0x44, 0xF1, 0x50, 0x0C, 0x44, 0xF1, 0xB4
	.byte 0x0C, 0x42, 0xF1, 0x50, 0x0C, 0x42, 0xF1, 0xB4, 0xF2, 0x00, 0x0C, 0x44, 0xF1, 0x50, 0x0C, 0x44
	.byte 0xF1, 0xB4, 0x0C, 0x42, 0xF1, 0x50, 0x0C, 0x42, 0xF1, 0xB4, 0x0C, 0x44, 0xF1, 0x50, 0x0C, 0x44
	.byte 0xF1, 0xB4, 0x0C, 0x42, 0xF1, 0x50, 0x0C, 0x42, 0xF1, 0xB4, 0x0C, 0x44, 0xF1, 0x50, 0x0C, 0x44
	.byte 0xF1, 0xB4, 0x0C, 0x42, 0xF1, 0x50, 0x0C, 0x42, 0xF1, 0xB4, 0x0C, 0x44, 0xF1, 0x50, 0x0C, 0x44
	.byte 0xF1, 0xB4, 0x0C, 0x42, 0xF1, 0x50, 0x0C, 0x42, 0xF1, 0xB4, 0xF2, 0x3C, 0x0C, 0x44, 0xF1, 0x50
	.byte 0x0C, 0x44, 0xF1, 0xB4, 0x0C, 0x42, 0xF1, 0x50, 0x0C, 0x42, 0xF1, 0xB4, 0x0C, 0x44, 0xF1, 0x50
	.byte 0x0C, 0x44, 0xF1, 0xB4, 0x0C, 0x42, 0xF1, 0x50, 0x0C, 0x42, 0xF1, 0xB4, 0x0C, 0x44, 0xF1, 0x50
	.byte 0x0C, 0x44, 0xF1, 0xB4, 0x0C, 0x42, 0xF1, 0x50, 0x0C, 0x42, 0xF1, 0xB4, 0x0C, 0x44, 0xF1, 0x50
	.byte 0x0C, 0x44, 0xF1, 0xB4, 0x0C, 0x42, 0xF1, 0x50, 0x0C, 0x42, 0xF1, 0xB4, 0xF2, 0x78, 0x0C, 0x44
	.byte 0xF1, 0x50, 0x0C, 0x44, 0xF1, 0xB4, 0x0C, 0x42, 0xF1, 0x50, 0x0C, 0x42, 0xF1, 0xB4, 0x0C, 0x44
	.byte 0xF1, 0x50, 0x0C, 0x44, 0xF1, 0xB4, 0x0C, 0x42, 0xF1, 0x50, 0x0C, 0x42, 0xF1, 0xB4, 0x0C, 0x44
	.byte 0xF1, 0x50, 0x0C, 0x44, 0xF1, 0xB4, 0x0C, 0x42, 0xF1, 0x50, 0x0C, 0x42, 0xF1, 0xB4, 0x0C, 0x44
	.byte 0xF1, 0x50, 0x0C, 0x44, 0xF1, 0xB4, 0x0C, 0x42, 0xF1, 0x50, 0x0C, 0x42, 0xF1, 0xB4, 0xF2, 0xB4
	.byte 0x0C, 0x44, 0xF1, 0x50, 0x0C, 0x44, 0xF1, 0xB4, 0x0C, 0x42, 0xF1, 0x50, 0x0C, 0x42, 0xF1, 0xB4
	.byte 0x0C, 0x44, 0xF1, 0x50, 0x0C, 0x44, 0xF1, 0xB4, 0x0C, 0x42, 0xF1, 0x50, 0x0C, 0x42, 0xF1, 0xB4
	.byte 0x0C, 0x44, 0xF1, 0x50, 0x0C, 0x44, 0xF1, 0xB4, 0x0C, 0x42, 0xF1, 0x50, 0x0C, 0x42, 0xF1, 0xB4
	.byte 0x0C, 0x44, 0xF1, 0x50, 0x0C, 0x44, 0xF1, 0xB4, 0x0C, 0x42, 0xF1, 0x50, 0x0C, 0x42, 0xF1, 0xB4
	.byte 0xF2, 0xF0, 0x0C, 0x44, 0xF1, 0x50, 0x0C, 0x44, 0xF1, 0xB4, 0x0C, 0x42, 0xF1, 0x50, 0x0C, 0x42
	.byte 0xF1, 0xB4, 0x0C, 0x44, 0xF1, 0x50, 0x0C, 0x44, 0xF1, 0xB4, 0x0C, 0x42, 0xF1, 0x50, 0x0C, 0x42
	.byte 0xF1, 0xB4, 0x0C, 0x44, 0xF1, 0x50, 0x0C, 0x44, 0xF1, 0xB4, 0x0C, 0x42, 0xF1, 0x50, 0x0C, 0x42
	.byte 0xF1, 0xB4, 0x0C, 0x44, 0xF1, 0x50, 0x0C, 0x44, 0xF1, 0xB4, 0x0C, 0x42, 0xF1, 0x50, 0x0C, 0x42
	.byte 0xF1, 0xB4, 0xF2, 0xB4, 0x0C, 0x44, 0xF1, 0x50, 0x0C, 0x44, 0xF1, 0xB4, 0x0C, 0x42, 0xF1, 0x50
	.byte 0x0C, 0x42, 0xF1, 0xB4, 0x0C, 0x44, 0xF1, 0x50, 0x0C, 0x44, 0xF1, 0xB4, 0x0C, 0x42, 0xF1, 0x50
	.byte 0x0C, 0x42, 0xF1, 0x78, 0x60, 0x44, 0xF1, 0xB4, 0xF2, 0x78, 0x0C, 0x44, 0xF1, 0x50, 0x0C, 0x44
	.byte 0xF1, 0xB4, 0x0C, 0x42, 0xF1, 0x50, 0x0C, 0x42, 0xF1, 0xB4, 0x0C, 0x44, 0xF1, 0x50, 0x0C, 0x44
	.byte 0xF1, 0xB4, 0x0C, 0x42, 0xF1, 0x50, 0x0C, 0x42, 0xF1, 0x78, 0x60, 0x44, 0xF1, 0xB4, 0xF8, 0x9B
	.byte 0xFD, 0xFF, 0xF9, 0x3C, 0xF6, 0x60, 0xF0, 0x6D, 0xF1, 0xFF, 0x00, 0xAF, 0x60, 0x60, 0x2F, 0x60
	.byte 0x2C, 0xC0, 0x2B, 0xC0, 0x33, 0x60, 0x34, 0x30, 0x33, 0x30, 0x2F, 0xC0, 0x2C, 0xC0, 0x2B, 0x00
	.byte 0xA7, 0xC0, 0x30, 0x27, 0xF6, 0x30, 0x00, 0xAC, 0x60, 0x30, 0x2C, 0xF6, 0x30, 0x60, 0x2C, 0xF8
	.byte 0xD0, 0xFF, 0xFF, 0xF9, 0x3C, 0xF0, 0xBE, 0xF2, 0xA0, 0xF6, 0xC0, 0xF1, 0x10, 0x00, 0xCA, 0xC0
	.byte 0x00, 0xCA, 0xC0, 0x00, 0xCA, 0xC0, 0x00, 0xCA, 0xC0, 0x00, 0xCA, 0xC0, 0x00, 0xCA, 0xC0, 0x30
	.byte 0x4A, 0xF6, 0x90, 0xF6, 0xC0, 0xF6, 0xC0, 0xF8, 0xD9, 0xFF, 0xFF, 0xF9, 0x3C, 0xF6, 0xC0, 0xF6
	.byte 0xC0, 0xF6, 0xC0, 0xF6, 0xC0, 0xF6, 0xC0, 0xF6, 0xC0, 0xF6, 0xC0, 0xF6, 0xC0, 0xF6, 0xC0, 0xF6
	.byte 0xC0, 0xF8, 0xE7, 0xFF, 0xFF, 0x00, 0x00, 0x00, 0xFC, 0x03, 0x12, 0x00, 0x94, 0x02, 0xFE, 0x04
	.byte 0x7E, 0x05, 0x71, 0x07, 0xDF, 0x09, 0xFF, 0x09, 0x1F, 0x0A, 0xF9, 0x50, 0xF6, 0x01, 0xF0, 0x6D
	.byte 0xF2, 0xA0, 0xF1, 0xA0, 0x0C, 0x4C, 0x0C, 0x4C, 0xF1, 0x3C, 0x0C, 0x4C, 0xF1, 0xA0, 0x0C, 0x4C
	.byte 0xF1, 0x3C, 0x0C, 0x4C, 0xF1, 0xA0, 0x0C, 0x48, 0x0C, 0x4C, 0xF1, 0x3C, 0x0C, 0x4C, 0xF1, 0xA0
	.byte 0x0C, 0x4F, 0xF1, 0x3C, 0x24, 0x4F, 0xF1, 0xA0, 0x0C, 0x43, 0xF1, 0x3C, 0x0C, 0x43, 0xF1, 0xA0
	.byte 0xF6, 0x17, 0xF6, 0x01, 0x0C, 0x48, 0xF1, 0x3C, 0x0C, 0x48, 0xF1, 0xA0, 0xF6, 0x0C, 0x0C, 0x43
	.byte 0xF1, 0x3C, 0x0C, 0x43, 0xF1, 0xA0, 0xF6, 0x0C, 0x0C, 0x40, 0xF1, 0x3C, 0x0C, 0x40, 0xF1, 0xA0
	.byte 0xF6, 0x0C, 0x0C, 0x45, 0xF1, 0x3C, 0x0C, 0x45, 0xF1, 0xA0, 0x0C, 0x47, 0xF1, 0x3C, 0x0C, 0x47
	.byte 0xF1, 0xA0, 0x0C, 0x46, 0x0C, 0x45, 0xF1, 0x3C, 0x0C, 0x45, 0xF1, 0xA0, 0x0C, 0x43, 0xF1, 0x3C
	.byte 0x04, 0x43, 0xF1, 0xA0, 0x0C, 0x4C, 0xF1, 0x3C, 0x04, 0x4C, 0xF1, 0xA0, 0x0C, 0x4F, 0xF1, 0x3C
	.byte 0x04, 0x4F, 0xF1, 0xA0, 0x0C, 0x51, 0xF1, 0x3C, 0x0C, 0x51, 0xF1, 0xA0, 0x0C, 0x4D, 0x0C, 0x4F
	.byte 0xF1, 0x3C, 0x0C, 0x4F, 0xF1, 0xA0, 0x0C, 0x4C, 0xF1, 0x3C, 0x0C, 0x4C, 0xF1, 0xA0, 0x0C, 0x48
	.byte 0x0C, 0x4A, 0x0C, 0x47, 0xF1, 0x3C, 0x0C, 0x47, 0xF1, 0xA0, 0xF6, 0x0C, 0x0C, 0x48, 0xF1, 0x3C
	.byte 0x0C, 0x48, 0xF1, 0xA0, 0xF6, 0x0C, 0x0C, 0x43, 0xF1, 0x3C, 0x0C, 0x43, 0xF1, 0xA0, 0xF6, 0x0C
	.byte 0x0C, 0x40, 0xF1, 0x3C, 0x0C, 0x40, 0xF1, 0xA0, 0xF6, 0x0C, 0x0C, 0x45, 0xF1, 0x3C, 0x0C, 0x45
	.byte 0xF1, 0xA0, 0x0C, 0x47, 0xF1, 0x3C, 0x0C, 0x47, 0xF1, 0xA0, 0x0C, 0x46, 0x0C, 0x45, 0xF1, 0x3C
	.byte 0x0C, 0x45, 0xF1, 0xA0, 0x0C, 0x43, 0xF1, 0x3C, 0x04, 0x43, 0xF1, 0xA0, 0x0C, 0x4C, 0xF1, 0x3C
	.byte 0x04, 0x4C, 0xF1, 0xA0, 0x0C, 0x4F, 0xF1, 0x3C, 0x04, 0x4F, 0xF1, 0xA0, 0x0C, 0x51, 0xF1, 0x3C
	.byte 0x0C, 0x51, 0xF1, 0xA0, 0x0C, 0x4D, 0x0C, 0x4F, 0xF1, 0x3C, 0x0C, 0x4F, 0xF1, 0xA0, 0x0C, 0x4C
	.byte 0xF1, 0x3C, 0x0C, 0x4C, 0xF1, 0xA0, 0x0C, 0x48, 0x0C, 0x4A, 0x0C, 0x47, 0xF1, 0x3C, 0x0C, 0x47
	.byte 0xF1, 0xA0, 0xF6, 0x0C, 0xF6, 0x18, 0x0C, 0x4F, 0x0C, 0x4E, 0x0C, 0x4D, 0x0C, 0x4B, 0xF1, 0x3C
	.byte 0x0C, 0x4B, 0xF1, 0xA0, 0x0C, 0x4C, 0xF1, 0x3C, 0x0C, 0x4C, 0xF1, 0xA0, 0x0C, 0x44, 0x0C, 0x45
	.byte 0x0C, 0x48, 0xF1, 0x3C, 0x0C, 0x48, 0xF1, 0xA0, 0x0C, 0x45, 0x0C, 0x48, 0x0C, 0x4A, 0xF6, 0x18
	.byte 0x0C, 0x4F, 0x0C, 0x4E, 0x0C, 0x4D, 0x0C, 0x4B, 0xF1, 0x3C, 0x0C, 0x4B, 0xF1, 0xA0, 0x0C, 0x4C
	.byte 0xF1, 0x3C, 0x0C, 0x4C, 0xF1, 0xA0, 0x0C, 0x54, 0xF1, 0x3C, 0x0C, 0x54, 0xF1, 0xA0, 0x0C, 0x54
	.byte 0x0C, 0x54, 0xF1, 0x3C, 0x0C, 0x54, 0xF1, 0xA0, 0xF6, 0x18, 0xF6, 0x18, 0x0C, 0x4F, 0x0C, 0x4E
	.byte 0x0C, 0x4D, 0x0C, 0x4B, 0xF1, 0x3C, 0x0C, 0x4B, 0xF1, 0xA0, 0x0C, 0x4C, 0xF1, 0x3C, 0x0C, 0x4C
	.byte 0xF1, 0xA0, 0x0C, 0x44, 0x0C, 0x45, 0x0C, 0x48, 0xF1, 0x3C, 0x0C, 0x48, 0xF1, 0xA0, 0x0C, 0x45
	.byte 0x0C, 0x48, 0x0C, 0x4A, 0xF6, 0x18, 0x0C, 0x4B, 0xF1, 0x3C, 0x0C, 0x4B, 0xF1, 0xA0, 0xF6, 0x0C
	.byte 0x0C, 0x4A, 0xF1, 0x3C, 0x0C, 0x4A, 0xF1, 0xA0, 0xF6, 0x0C, 0x0C, 0x48, 0xF1, 0x3C, 0x0C, 0x48
	.byte 0xF1, 0xA0, 0xF6, 0x48, 0x0C, 0x48, 0x0C, 0x48, 0xF1, 0x3C, 0x0C, 0x48, 0xF1, 0xA0, 0x0C, 0x48
	.byte 0xF1, 0x3C, 0x0C, 0x48, 0xF1, 0xA0, 0x0C, 0x48, 0x0C, 0x4A, 0xF1, 0x3C, 0x0C, 0x4A, 0xF1, 0xA0
	.byte 0x0C, 0x4C, 0x0C, 0x48, 0xF1, 0x3C, 0x0C, 0x48, 0xF1, 0xA0, 0x0C, 0x45, 0x0C, 0x43, 0xF1, 0x3C
	.byte 0x0C, 0x43, 0xF1, 0xA0, 0xF6, 0x18, 0x0C, 0x48, 0x0C, 0x48, 0xF1, 0x3C, 0x0C, 0x48, 0xF1, 0xA0
	.byte 0x0C, 0x48, 0xF1, 0x3C, 0x0C, 0x48, 0xF1, 0xA0, 0x0C, 0x48, 0x0C, 0x4A, 0x0C, 0x4C, 0xF1, 0x3C
	.byte 0x0C, 0x4C, 0xF1, 0xA0, 0xF6, 0x54, 0x0C, 0x48, 0x0C, 0x48, 0xF1, 0x3C, 0x0C, 0x48, 0xF1, 0xA0
	.byte 0x0C, 0x48, 0xF1, 0x3C, 0x0C, 0x48, 0xF1, 0xA0, 0x0C, 0x48, 0x0C, 0x4A, 0xF1, 0x3C, 0x0C, 0x4A
	.byte 0xF1, 0xA0, 0x0C, 0x4C, 0x0C, 0x48, 0xF1, 0x3C, 0x0C, 0x48, 0xF1, 0xA0, 0x0C, 0x45, 0x0C, 0x43
	.byte 0xF1, 0x3C, 0x0C, 0x43, 0xF1, 0xA0, 0xF6, 0x18, 0x0C, 0x4C, 0x0C, 0x4C, 0xF1, 0x3C, 0x0C, 0x4C
	.byte 0xF1, 0xA0, 0x0C, 0x4C, 0xF1, 0x3C, 0x0C, 0x4C, 0xF1, 0xA0, 0x0C, 0x48, 0x0C, 0x4C, 0xF1, 0x3C
	.byte 0x0C, 0x4C, 0xF1, 0xA0, 0x0C, 0x4F, 0xF1, 0x3C, 0x0C, 0x4F, 0xF1, 0xA0, 0xF6, 0x18, 0x12, 0x43
	.byte 0xF1, 0x3C, 0x0C, 0x43, 0xF1, 0xA0, 0xF6, 0x11, 0xF8, 0xB7, 0xFD, 0xFF, 0xF9, 0x50, 0xF6, 0x01
	.byte 0xF0, 0x6D, 0xF2, 0x8C, 0xF1, 0xB4, 0x0C, 0x42, 0x0C, 0x42, 0xF1, 0x50, 0x0C, 0x42, 0xF1, 0xB4
	.byte 0x0C, 0x42, 0xF1, 0x50, 0x0C, 0x42, 0xF1, 0xB4, 0x0C, 0x42, 0x0C, 0x42, 0xF1, 0x50, 0x0C, 0x42
	.byte 0xF1, 0xB4, 0x0C, 0x47, 0xF1, 0x50, 0x0C, 0x47, 0xF1, 0xB4, 0xF6, 0x47, 0xF6, 0x01, 0x0C, 0x40
	.byte 0xF1, 0x50, 0x0C, 0x40, 0xF1, 0xB4, 0xF6, 0x0C, 0x0C, 0x3C, 0xF1, 0x50, 0x0C, 0x3C, 0xF1, 0xB4
	.byte 0xF6, 0x0C, 0x0C, 0x37, 0xF1, 0x50, 0x0C, 0x37, 0xF1, 0xB4, 0xF6, 0x0C, 0x0C, 0x3C, 0xF1, 0x50
	.byte 0x0C, 0x3C, 0xF1, 0xB4, 0x0C, 0x3E, 0xF1, 0x50, 0x0C, 0x3E, 0xF1, 0xB4, 0x0C, 0x3D, 0x0C, 0x3C
	.byte 0xF1, 0x50, 0x0C, 0x3C, 0xF1, 0xB4, 0x0C, 0x3C, 0xF1, 0x50, 0x04, 0x30, 0xF1, 0xB4, 0x0C, 0x43
	.byte 0xF1, 0x50, 0x04, 0x37, 0xF1, 0xB4, 0x0C, 0x47, 0xF1, 0x50, 0x04, 0x47, 0xF1, 0xB4, 0x0C, 0x48
	.byte 0xF1, 0x50, 0x0C, 0x48, 0xF1, 0xB4, 0x0C, 0x45, 0x0C, 0x47, 0xF1, 0x50, 0x0C, 0x47, 0xF1, 0xB4
	.byte 0x0C, 0x45, 0xF1, 0x50, 0x0C, 0x45, 0xF1, 0xB4, 0x0C, 0x40, 0x0C, 0x41, 0x0C, 0x3E, 0xF1, 0x50
	.byte 0x0C, 0x3E, 0xF1, 0xB4, 0xF6, 0x0C, 0x0C, 0x40, 0xF1, 0x50, 0x0C, 0x40, 0xF1, 0xB4, 0xF6, 0x0C
	.byte 0x0C, 0x3C, 0xF1, 0x50, 0x0C, 0x3C, 0xF1, 0xB4, 0xF6, 0x0C, 0x0C, 0x37, 0xF1, 0x50, 0x0C, 0x37
	.byte 0xF1, 0xB4, 0xF6, 0x0C, 0x0C, 0x3C, 0xF1, 0x50, 0x0C, 0x30, 0xF1, 0xB4, 0x0C, 0x3E, 0xF1, 0x50
	.byte 0x0C, 0x3E, 0xF1, 0xB4, 0x0C, 0x3D, 0x0C, 0x3C, 0xF1, 0x50, 0x0C, 0x3C, 0xF1, 0xB4, 0x0C, 0x3C
	.byte 0xF1, 0x50, 0x04, 0x3C, 0xF1, 0xB4, 0x0C, 0x43, 0xF1, 0x50, 0x04, 0x43, 0xF1, 0xB4, 0x0C, 0x47
	.byte 0xF1, 0x50, 0x04, 0x47, 0xF1, 0xB4, 0x0C, 0x48, 0xF1, 0x50, 0x0C, 0x48, 0xF1, 0xB4, 0x0C, 0x45
	.byte 0x0C, 0x47, 0xF1, 0x50, 0x0C, 0x47, 0xF1, 0xB4, 0x0C, 0x45, 0xF1, 0x50, 0x0C, 0x45, 0xF1, 0xB4
	.byte 0x0C, 0x40, 0x0C, 0x41, 0x0C, 0x3E, 0xF1, 0x50, 0x0C, 0x3E, 0xF1, 0xB4, 0xF6, 0x0C, 0xF6, 0x18
	.byte 0x0C, 0x4C, 0x0C, 0x4B, 0x0C, 0x4A, 0x0C, 0x47, 0xF1, 0x50, 0x0C, 0x47, 0xF1, 0xB4, 0x0C, 0x48
	.byte 0xF1, 0x50, 0x0C, 0x48, 0xF1, 0xB4, 0x0C, 0x40, 0x0C, 0x41, 0x0C, 0x43, 0xF1, 0x50, 0x0C, 0x43
	.byte 0xF1, 0xB4, 0x0C, 0x3C, 0x0C, 0x40, 0x0C, 0x41, 0xF6, 0x18, 0x0C, 0x4C, 0x0C, 0x4B, 0x0C, 0x4A
	.byte 0x0C, 0x47, 0xF1, 0x50, 0x0C, 0x47, 0xF1, 0xB4, 0x0C, 0x48, 0xF1, 0x50, 0x0C, 0x48, 0xF1, 0xB4
	.byte 0x0C, 0x4D, 0xF1, 0x50, 0x0C, 0x4D, 0xF1, 0xB4, 0x0C, 0x4D, 0x0C, 0x4D, 0xF6, 0x24, 0xF6, 0x18
	.byte 0x0C, 0x4C, 0x0C, 0x4B, 0x0C, 0x4A, 0x0C, 0x47, 0xF1, 0x50, 0x0C, 0x47, 0xF1, 0xB4, 0x0C, 0x48
	.byte 0xF1, 0x50, 0x0C, 0x48, 0xF1, 0xB4, 0x0C, 0x40, 0x0C, 0x41, 0x0C, 0x43, 0xF1, 0x50, 0x0C, 0x43
	.byte 0xF1, 0xB4, 0x0C, 0x3C, 0x0C, 0x40, 0x0C, 0x41, 0xF6, 0x18, 0x0C, 0x44, 0xF1, 0x50, 0x0C, 0x44
	.byte 0xF1, 0xB4, 0xF6, 0x0C, 0x0C, 0x41, 0xF1, 0x50, 0x0C, 0x41, 0xF1, 0xB4, 0xF6, 0x0C, 0x0C, 0x40
	.byte 0xF1, 0x50, 0x0C, 0x40, 0xF1, 0xB4, 0xF6, 0x48, 0x0C, 0x44, 0x0C, 0x44, 0xF1, 0x50, 0x0C, 0x44
	.byte 0xF1, 0xB4, 0x0C, 0x44, 0xF1, 0x50, 0x0C, 0x44, 0xF1, 0xB4, 0x0C, 0x44, 0x0C, 0x46, 0xF1, 0x50
	.byte 0x0C, 0x46, 0xF1, 0xB4, 0x0C, 0x43, 0x0C, 0x40, 0xF1, 0x50, 0x0C, 0x40, 0xF1, 0xB4, 0x0C, 0x40
	.byte 0x0C, 0x3C, 0xF1, 0x50, 0x0C, 0x3C, 0xF1, 0xB4, 0xF6, 0x18, 0x0C, 0x44, 0x0C, 0x44, 0xF1, 0x50
	.byte 0x0C, 0x44, 0xF1, 0xB4, 0x0C, 0x44, 0xF1, 0x50, 0x0C, 0x44, 0xF1, 0xB4, 0x0C, 0x44, 0x0C, 0x46
	.byte 0x0C, 0x43, 0xF1, 0x50, 0x0C, 0x43, 0xF1, 0xB4, 0xF6, 0x54, 0x0C, 0x44, 0x0C, 0x44, 0xF1, 0x50
	.byte 0x0C, 0x44, 0xF1, 0xB4, 0x0C, 0x44, 0xF1, 0x50, 0x0C, 0x44, 0xF1, 0xB4, 0x0C, 0x44, 0x0C, 0x46
	.byte 0xF1, 0x50, 0x0C, 0x46, 0xF1, 0xB4, 0x0C, 0x43, 0x0C, 0x40, 0xF1, 0x50, 0x0C, 0x40, 0xF1, 0xB4
	.byte 0x0C, 0x40, 0x0C, 0x3C, 0xF1, 0x50, 0x0C, 0x3C, 0xF1, 0xB4, 0xF6, 0x18, 0x0C, 0x42, 0x0C, 0x42
	.byte 0xF1, 0x50, 0x0C, 0x42, 0xF1, 0xB4, 0x0C, 0x42, 0xF1, 0x50, 0x0C, 0x42, 0xF1, 0xB4, 0x0C, 0x42
	.byte 0x0C, 0x42, 0xF1, 0x50, 0x0C, 0x42, 0xF1, 0xB4, 0x0C, 0x47, 0xF1, 0x50, 0x0C, 0x47, 0xF1, 0xB4
	.byte 0xF6, 0x47, 0xF8, 0xC7, 0xFD, 0xFF, 0xF9, 0x50, 0xF0, 0x6D, 0xF2, 0x64, 0xF1, 0xB4, 0x0C, 0x32
	.byte 0x0C, 0x32, 0xF1, 0x50, 0x0C, 0x32, 0xF1, 0xB4, 0x0C, 0x32, 0xF1, 0x50, 0x0C, 0x32, 0xF1, 0xB4
	.byte 0x0C, 0x32, 0x0C, 0x32, 0xF1, 0x50, 0x0C, 0x32, 0xF1, 0xB4, 0x0C, 0x43, 0xF1, 0x50, 0x0C, 0x43
	.byte 0xF1, 0xB4, 0xF6, 0x18, 0x0C, 0x2B, 0xF1, 0x50, 0x0C, 0x2B, 0xF1, 0xB4, 0xF6, 0x18, 0xF6, 0xC0
	.byte 0xF6, 0xC0, 0xF6, 0xC0, 0xF6, 0xC0, 0xF6, 0xC0, 0xF6, 0x6C, 0x0C, 0x4F, 0xF6, 0x0C, 0x0C, 0x4F
	.byte 0x0C, 0x4F, 0xF6, 0x24, 0xF6, 0xC0, 0xF6, 0x18, 0x0C, 0x38, 0xF6, 0x18, 0x0C, 0x3A, 0xF6, 0x18
	.byte 0x0C, 0x3C, 0xF6, 0x54, 0xF6, 0xC0, 0xF6, 0xC0, 0xF6, 0xC0, 0x0C, 0x32, 0x0C, 0x32, 0xF6, 0x0C
	.byte 0x0C, 0x32, 0xF6, 0x0C, 0x0C, 0x32, 0x0C, 0x32, 0xF6, 0x0C, 0x0C, 0x43, 0xF6, 0x24, 0x12, 0x2B
	.byte 0xF6, 0x1E, 0xF8, 0xB9, 0xFF, 0xFF, 0xF9, 0x50, 0xF6, 0x01, 0xF0, 0x14, 0xF2, 0x50, 0xF1, 0xA0
	.byte 0x0C, 0x3C, 0x0C, 0x3C, 0xF1, 0x3C, 0x0C, 0x3C, 0xF1, 0xA0, 0x0C, 0x3C, 0xF1, 0x3C, 0x0C, 0x3C
	.byte 0xF1, 0xA0, 0x0C, 0x3C, 0x0C, 0x3C, 0xF1, 0x3C, 0x0C, 0x3C, 0xF1, 0xA0, 0x00, 0xBB, 0x0C, 0xF1
	.byte 0x50, 0x00, 0xBB, 0x0C, 0xF1, 0x28, 0x0C, 0x3B, 0xF1, 0xA0, 0xF6, 0x3B, 0xF6, 0x19, 0x0C, 0x3C
	.byte 0xF1, 0x3C, 0x0C, 0x3C, 0xF1, 0xA0, 0xF6, 0x0C, 0x0C, 0x3C, 0xF1, 0x3C, 0x0C, 0x3C, 0xF1, 0xA0
	.byte 0x0C, 0x3C, 0xF1, 0x3C, 0x0C, 0x3C, 0xF1, 0xA0, 0x0C, 0x39, 0xF1, 0x3C, 0x0C, 0x39, 0xF1, 0xA0
	.byte 0x0C, 0x39, 0xF1, 0x3C, 0x0C, 0x39, 0xF1, 0xA0, 0x0C, 0x39, 0x0C, 0x39, 0xF1, 0x3C, 0x0C, 0x39
	.byte 0xF1, 0xA0, 0xF6, 0x18, 0x0C, 0x3C, 0xF1, 0x3C, 0x0C, 0x3C, 0xF1, 0xA0, 0xF6, 0x0C, 0x0C, 0x3C
	.byte 0xF1, 0x3C, 0x0C, 0x3C, 0xF1, 0xA0, 0xF6, 0x30, 0x0C, 0x3C, 0xF1, 0x3C, 0x0C, 0x3C, 0xF1, 0xA0
	.byte 0x0C, 0x3B, 0x0C, 0x3B, 0xF1, 0x3C, 0x0C, 0x3B, 0xF1, 0xA0, 0xF6, 0x18, 0x0C, 0x3C, 0xF1, 0x3C
	.byte 0x0C, 0x3C, 0xF1, 0xA0, 0xF6, 0x0C, 0x0C, 0x3C, 0xF1, 0x3C, 0x0C, 0x3C, 0xF1, 0xA0, 0x0C, 0x3C
	.byte 0xF1, 0x3C, 0x0C, 0x3C, 0xF1, 0xA0, 0x0C, 0x39, 0xF1, 0x3C, 0x0C, 0x39, 0xF1, 0xA0, 0x0C, 0x39
	.byte 0xF1, 0x3C, 0x0C, 0x39, 0xF1, 0xA0, 0x0C, 0x39, 0x0C, 0x39, 0xF1, 0x3C, 0x0C, 0x39, 0xF1, 0xA0
	.byte 0xF6, 0x18, 0x0C, 0x3C, 0xF1, 0x3C, 0x0C, 0x3C, 0xF1, 0xA0, 0xF6, 0x0C, 0x0C, 0x3C, 0xF1, 0x3C
	.byte 0x0C, 0x3C, 0xF1, 0xA0, 0xF6, 0x30, 0x0C, 0x3C, 0xF1, 0x3C, 0x0C, 0x3C, 0xF1, 0xA0, 0x0C, 0x3B
	.byte 0x0C, 0x3B, 0xF1, 0x3C, 0x0C, 0x3B, 0xF1, 0xA0, 0xF6, 0x0C, 0x0C, 0x37, 0x0C, 0x3C, 0x00, 0xC0
	.byte 0x3C, 0xF1, 0x3C, 0x0C, 0x40, 0xF1, 0xA0, 0x0C, 0x30, 0x0C, 0x35, 0x3C, 0x39, 0xF6, 0x0C, 0x0C
	.byte 0x37, 0x0C, 0x3C, 0x00, 0xC0, 0x3C, 0xF1, 0x3C, 0x0C, 0x40, 0xF1, 0xA0, 0xF6, 0x0C, 0x0C, 0x30
	.byte 0x3C, 0x35, 0xF1, 0x3C, 0x0C, 0x35, 0xF1, 0xA0, 0x0C, 0x37, 0x0C, 0x3C, 0x00, 0xC0, 0x3C, 0xF1
	.byte 0x3C, 0x0C, 0x40, 0xF1, 0xA0, 0x0C, 0x30, 0x0C, 0x35, 0x00, 0xB9, 0x3C, 0xF1, 0x3C, 0x0C, 0x39
	.byte 0xF1, 0xA0, 0xF6, 0x60, 0x0C, 0x37, 0x0C, 0x3C, 0x00, 0xC0, 0x3C, 0xF1, 0x3C, 0x0C, 0x40, 0xF1
	.byte 0xA0, 0xF6, 0x0C, 0x0C, 0x38, 0xF1, 0x3C, 0x0C, 0x38, 0xF1, 0xA0, 0xF6, 0x0C, 0x0C, 0x38, 0xF1
	.byte 0x3C, 0x0C, 0x38, 0xF1, 0xA0, 0xF6, 0x30, 0x0C, 0x3C, 0xF1, 0x3C, 0x0C, 0x3C, 0xF1, 0xA0, 0xF6
	.byte 0x0C, 0x0C, 0x3C, 0xF1, 0x3C, 0x0C, 0x3C, 0xF1, 0xA0, 0xF6, 0x18, 0x0C, 0x38, 0xF1, 0x3C, 0x0C
	.byte 0x38, 0xF1, 0xA0, 0xF6, 0x0C, 0x0C, 0x38, 0xF1, 0x3C, 0x0C, 0x38, 0xF1, 0xA0, 0xF6, 0x30, 0x0C
	.byte 0x3C, 0xF1, 0x3C, 0x0C, 0x3C, 0xF1, 0xA0, 0xF6, 0x0C, 0x0C, 0x3C, 0xF1, 0x3C, 0x0C, 0x3C, 0xF1
	.byte 0xA0, 0xF6, 0x18, 0x0C, 0x38, 0xF1, 0x3C, 0x0C, 0x38, 0xF1, 0xA0, 0xF6, 0x0C, 0x0C, 0x38, 0xF1
	.byte 0x3C, 0x0C, 0x38, 0xF1, 0xA0, 0xF6, 0x30, 0x0C, 0x3C, 0xF1, 0x3C, 0x0C, 0x3C, 0xF1, 0xA0, 0xF6
	.byte 0x0C, 0x0C, 0x3C, 0xF1, 0x3C, 0x0C, 0x3C, 0xF1, 0xA0, 0x0C, 0x3C, 0x0C, 0x3C, 0xF1, 0x3C, 0x0C
	.byte 0x3C, 0xF1, 0xA0, 0x0C, 0x3C, 0xF1, 0x3C, 0x0C, 0x3C, 0xF1, 0xA0, 0x0C, 0x3C, 0x0C, 0x3C, 0xF1
	.byte 0x3C, 0x0C, 0x3C, 0xF1, 0xA0, 0x00, 0xBB, 0x0C, 0xF1, 0x50, 0x00, 0xBB, 0x0C, 0xF1, 0x28, 0x0C
	.byte 0x3B, 0xF1, 0xA0, 0xF6, 0x3B, 0xF8, 0x44, 0xFE, 0xFF, 0xF9, 0x50, 0xF0, 0x14, 0xF2, 0xA0, 0xF1
	.byte 0xA0, 0x0C, 0x36, 0x0C, 0x36, 0xF1, 0x3C, 0x0C, 0x36, 0xF1, 0xA0, 0x0C, 0x36, 0xF1, 0x3C, 0x0C
	.byte 0x36, 0xF1, 0xA0, 0x0C, 0x36, 0x0C, 0x36, 0xF1, 0x3C, 0x0C, 0x36, 0xF1, 0xA0, 0x00, 0xB7, 0x0C
	.byte 0xF1, 0x50, 0x00, 0xB7, 0x0C, 0xF1, 0x28, 0x0C, 0x37, 0xF1, 0xA0, 0xF6, 0x3C, 0x0C, 0x30, 0xF1
	.byte 0x3C, 0x0C, 0x30, 0xF1, 0xA0, 0x0C, 0x37, 0xF1, 0x3C, 0x0C, 0x37, 0xF1, 0xA0, 0x0C, 0x30, 0x0C
	.byte 0x37, 0xF1, 0x3C, 0x0C, 0x37, 0xF1, 0xA0, 0x0C, 0x37, 0xF1, 0x3C, 0x0C, 0x37, 0xF1, 0xA0, 0x0C
	.byte 0x35, 0xF1, 0x3C, 0x0C, 0x35, 0xF1, 0xA0, 0x0C, 0x35, 0xF1, 0x3C, 0x0C, 0x35, 0xF1, 0xA0, 0x0C
	.byte 0x35, 0x0C, 0x35, 0xF1, 0x3C, 0x0C, 0x35, 0xF1, 0xA0, 0x0C, 0x30, 0xF1, 0x3C, 0x0C, 0x30, 0xF1
	.byte 0xA0, 0x0C, 0x37, 0xF1, 0x3C, 0x0C, 0x37, 0xF1, 0xA0, 0x0C, 0x30, 0x0C, 0x39, 0xF1, 0x3C, 0x0C
	.byte 0x39, 0xF1, 0xA0, 0x0C, 0x30, 0xF1, 0x3C, 0x0C, 0x30, 0xF1, 0xA0, 0x0C, 0x30, 0xF1, 0x3C, 0x0C
	.byte 0x30, 0xF1, 0xA0, 0x0C, 0x37, 0xF1, 0x3C, 0x0C, 0x37, 0xF1, 0xA0, 0x0C, 0x37, 0x0C, 0x37, 0xF1
	.byte 0x3C, 0x0C, 0x37, 0xF1, 0xA0, 0x0C, 0x30, 0xF1, 0x3C, 0x0C, 0x30, 0xF1, 0xA0, 0x0C, 0x37, 0xF1
	.byte 0x3C, 0x0C, 0x37, 0xF1, 0xA0, 0x0C, 0x30, 0x0C, 0x37, 0xF1, 0x3C, 0x0C, 0x37, 0xF1, 0xA0, 0x0C
	.byte 0x37, 0xF1, 0x3C, 0x0C, 0x37, 0xF1, 0xA0, 0x0C, 0x35, 0xF1, 0x3C, 0x0C, 0x35, 0xF1, 0xA0, 0x0C
	.byte 0x35, 0xF1, 0x3C, 0x0C, 0x35, 0xF1, 0xA0, 0x0C, 0x35, 0x0C, 0x35, 0xF1, 0x3C, 0x0C, 0x35, 0xF1
	.byte 0xA0, 0x0C, 0x30, 0xF1, 0x3C, 0x0C, 0x30, 0xF1, 0xA0, 0x0C, 0x37, 0xF1, 0x3C, 0x0C, 0x37, 0xF1
	.byte 0xA0, 0x0C, 0x30, 0x0C, 0x39, 0xF1, 0x3C, 0x0C, 0x39, 0xF1, 0xA0, 0x0C, 0x30, 0xF1, 0x3C, 0x0C
	.byte 0x30, 0xF1, 0xA0, 0x0C, 0x30, 0xF1, 0x3C, 0x0C, 0x30, 0xF1, 0xA0, 0x0C, 0x37, 0xF1, 0x3C, 0x0C
	.byte 0x37, 0xF1, 0xA0, 0x0C, 0x37, 0x0C, 0x37, 0xF1, 0x3C, 0x0C, 0x37, 0xF1, 0xA0, 0x00, 0xB0, 0x30
	.byte 0xF1, 0x3C, 0x0C, 0x30, 0xF1, 0xA0, 0x18, 0x3C, 0x0C, 0x37, 0x00, 0xA9, 0x30, 0xF1, 0x3C, 0x0C
	.byte 0x29, 0xF1, 0xA0, 0x18, 0x35, 0x0C, 0x3C, 0x00, 0xB0, 0x30, 0xF1, 0x3C, 0x0C, 0x30, 0xF1, 0xA0
	.byte 0x18, 0x3C, 0x0C, 0x37, 0x00, 0xA9, 0x30, 0xF1, 0x3C, 0x0C, 0x35, 0xF1, 0xA0, 0x18, 0x39, 0x0C
	.byte 0x35, 0x00, 0xB0, 0x30, 0xF1, 0x3C, 0x0C, 0x30, 0xF1, 0xA0, 0x18, 0x3C, 0x0C, 0x37, 0x00, 0xA9
	.byte 0x30, 0xF1, 0x3C, 0x0C, 0x35, 0xF1, 0xA0, 0x18, 0x35, 0x0C, 0x3C, 0x00, 0xB0, 0x30, 0xF1, 0x3C
	.byte 0x0C, 0x30, 0xF1, 0xA0, 0xF6, 0x24, 0x00, 0xB0, 0x30, 0xF1, 0x3C, 0x0C, 0x30, 0xF1, 0xA0, 0x18
	.byte 0x37, 0x0C, 0x3C, 0x0C, 0x2C, 0xF1, 0x3C, 0x0C, 0x2C, 0xF1, 0xA0, 0x0C, 0x33, 0xF1, 0x3C, 0x0C
	.byte 0x33, 0xF1, 0xA0, 0x0C, 0x2C, 0x0C, 0x33, 0xF1, 0x3C, 0x0C, 0x33, 0xF1, 0xA0, 0x0C, 0x30, 0xF1
	.byte 0x3C, 0x0C, 0x30, 0xF1, 0xA0, 0x0C, 0x30, 0xF1, 0x3C, 0x0C, 0x30, 0xF1, 0xA0, 0x0C, 0x37, 0x0C
	.byte 0x30, 0xF1, 0x3C, 0x0C, 0x30, 0xF1, 0xA0, 0x0C, 0x37, 0xF1, 0x3C, 0x0C, 0x37, 0xF1, 0xA0, 0x0C
	.byte 0x2C, 0xF1, 0x3C, 0x0C, 0x2C, 0xF1, 0xA0, 0x0C, 0x33, 0xF1, 0x3C, 0x0C, 0x33, 0xF1, 0xA0, 0x0C
	.byte 0x2C, 0x0C, 0x33, 0xF1, 0x3C, 0x0C, 0x33, 0xF1, 0xA0, 0x0C, 0x30, 0xF1, 0x3C, 0x0C, 0x30, 0xF1
	.byte 0xA0, 0x0C, 0x30, 0xF1, 0x3C, 0x0C, 0x30, 0xF1, 0xA0, 0x0C, 0x37, 0x0C, 0x30, 0xF1, 0x3C, 0x0C
	.byte 0x30, 0xF1, 0xA0, 0x0C, 0x37, 0xF1, 0x3C, 0x0C, 0x37, 0xF1, 0xA0, 0x0C, 0x2C, 0xF1, 0x3C, 0x0C
	.byte 0x2C, 0xF1, 0xA0, 0x0C, 0x33, 0xF1, 0x3C, 0x0C, 0x33, 0xF1, 0xA0, 0x0C, 0x2C, 0x0C, 0x33, 0xF1
	.byte 0x3C, 0x0C, 0x33, 0xF1, 0xA0, 0x0C, 0x30, 0xF1, 0x3C, 0x0C, 0x30, 0xF1, 0xA0, 0x0C, 0x30, 0xF1
	.byte 0x3C, 0x0C, 0x30, 0xF1, 0xA0, 0x0C, 0x37, 0x0C, 0x30, 0xF1, 0x3C, 0x0C, 0x30, 0xF1, 0xA0, 0x0C
	.byte 0x37, 0xF1, 0x3C, 0x0C, 0x37, 0xF1, 0xA0, 0x0C, 0x36, 0x0C, 0x36, 0xF1, 0x3C, 0x0C, 0x36, 0xF1
	.byte 0xA0, 0x0C, 0x36, 0xF1, 0x3C, 0x0C, 0x36, 0xF1, 0xA0, 0x0C, 0x36, 0x0C, 0x36, 0xF1, 0x3C, 0x0C
	.byte 0x36, 0xF1, 0xA0, 0x00, 0xB7, 0x0C, 0xF1, 0x50, 0x00, 0xB7, 0x0C, 0xF1, 0x28, 0x0C, 0x37, 0xF1
	.byte 0xA0, 0xF6, 0x3C, 0xF8, 0xC7, 0xFD, 0xFF, 0xF9, 0x50, 0xF6, 0xC0, 0xF6, 0xC0, 0xF6, 0xC0, 0xF6
	.byte 0xC0, 0xF6, 0xC0, 0xF6, 0xC0, 0xF6, 0xC0, 0xF6, 0xC0, 0xF6, 0xC0, 0xF6, 0xC0, 0xF6, 0xC0, 0xF6
	.byte 0xC0, 0xF6, 0xC0, 0xF8, 0xE5, 0xFF, 0xFF, 0xF9, 0x50, 0xF6, 0xC0, 0xF6, 0xC0, 0xF6, 0xC0, 0xF6
	.byte 0xC0, 0xF6, 0xC0, 0xF6, 0xC0, 0xF6, 0xC0, 0xF6, 0xC0, 0xF6, 0xC0, 0xF6, 0xC0, 0xF6, 0xC0, 0xF6
	.byte 0xC0, 0xF6, 0xC0, 0xF8, 0xE5, 0xFF, 0xFF, 0xF9, 0x50, 0xF6, 0xC0, 0xF6, 0xC0, 0xF6, 0xC0, 0xF6
	.byte 0xC0, 0xF6, 0xC0, 0xF6, 0xC0, 0xF6, 0xC0, 0xF6, 0xC0, 0xF6, 0xC0, 0xF6, 0xC0, 0xF6, 0xC0, 0xF6
	.byte 0xC0, 0xF6, 0xC0, 0xF8, 0xE5, 0xFF, 0xFF, 0x00, 0xFC, 0x03, 0x12, 0x00, 0xBB, 0x02, 0x81, 0x05
	.byte 0xB1, 0x06, 0xDD, 0x07, 0xE9, 0x09, 0xD7, 0x0B, 0x07, 0x0E, 0xF9, 0x70, 0xF6, 0xC0, 0xF6, 0xC0
	.byte 0xF6, 0xC0, 0xF6, 0xC0, 0xF6, 0x01, 0xF0, 0x09, 0xF2, 0x8C, 0xF1, 0x50, 0x0C, 0x3D, 0xF1, 0x28
	.byte 0x0C, 0x3D, 0xF1, 0x50, 0x0C, 0x3F, 0xF1, 0x28, 0x0C, 0x3F, 0xF1, 0x50, 0x0C, 0x41, 0x12, 0x42
	.byte 0xF1, 0x28, 0x06, 0x42, 0xF1, 0x50, 0x18, 0x44, 0xF1, 0x28, 0x0C, 0x44, 0xF1, 0x50, 0x0C, 0x42
	.byte 0xF1, 0x28, 0x0C, 0x42, 0xF1, 0x50, 0x0C, 0x41, 0xF1, 0x28, 0x0C, 0x41, 0xF1, 0x50, 0x0C, 0x42
	.byte 0xF1, 0x28, 0x0C, 0x42, 0xF1, 0x50, 0x18, 0x44, 0xF1, 0x28, 0x0C, 0x44, 0xF1, 0x50, 0x18, 0x49
	.byte 0xF1, 0x28, 0x0C, 0x49, 0xF1, 0x50, 0x0C, 0x44, 0x12, 0x42, 0xF1, 0x28, 0x06, 0x42, 0xF1, 0x50
	.byte 0x0A, 0x42, 0xF1, 0x28, 0x02, 0x42, 0xF1, 0x50, 0x0A, 0x41, 0xF1, 0x28, 0x02, 0x41, 0xF1, 0x50
	.byte 0x24, 0x3F, 0xF1, 0x28, 0x0C, 0x3F, 0xF1, 0x50, 0xF6, 0x0C, 0x18, 0x41, 0xF1, 0x28, 0x0C, 0x41
	.byte 0xF1, 0x50, 0x18, 0x3D, 0xF1, 0x28, 0x0C, 0x3D, 0xF1, 0x50, 0x0C, 0x41, 0x0C, 0x42, 0xF1, 0x28
	.byte 0x0C, 0x42, 0xF1, 0x50, 0x18, 0x42, 0xF1, 0x28, 0x0C, 0x42, 0xF1, 0x50, 0x0C, 0x3F, 0xF1, 0x28
	.byte 0x0C, 0x3F, 0xF1, 0x50, 0x12, 0x3B, 0xF1, 0x28, 0x06, 0x3B, 0xF1, 0x50, 0x0C, 0x3D, 0xF1, 0x28
	.byte 0x0C, 0x3D, 0xF1, 0x50, 0x0A, 0x41, 0xF1, 0x28, 0x02, 0x41, 0xF1, 0x50, 0x78, 0x44, 0xF1, 0x28
	.byte 0x0C, 0x44, 0xF1, 0x50, 0xF6, 0x18, 0x0C, 0x3D, 0xF1, 0x28, 0x0C, 0x3D, 0xF1, 0x50, 0x0A, 0x3F
	.byte 0xF1, 0x28, 0x0E, 0x3F, 0xF1, 0x50, 0x0C, 0x41, 0x12, 0x42, 0xF1, 0x28, 0x06, 0x42, 0xF1, 0x50
	.byte 0x18, 0x44, 0xF1, 0x28, 0x0C, 0x44, 0xF1, 0x50, 0x0A, 0x42, 0xF1, 0x28, 0x0E, 0x42, 0xF1, 0x50
	.byte 0x0C, 0x41, 0xF1, 0x28, 0x0C, 0x41, 0xF1, 0x50, 0x0C, 0x42, 0xF1, 0x28, 0x0C, 0x42, 0xF1, 0x50
	.byte 0x18, 0x44, 0xF1, 0x28, 0x0C, 0x44, 0xF1, 0x50, 0x18, 0x49, 0xF1, 0x28, 0x0C, 0x44, 0xF1, 0x50
	.byte 0x0C, 0x44, 0x12, 0x42, 0xF1, 0x28, 0x06, 0x42, 0xF1, 0x50, 0x0A, 0x42, 0xF1, 0x28, 0x02, 0x42
	.byte 0xF1, 0x50, 0x0A, 0x41, 0xF1, 0x28, 0x02, 0x41, 0xF1, 0x50, 0x24, 0x3F, 0xF1, 0x28, 0x0C, 0x3F
	.byte 0xF1, 0x50, 0xF6, 0x0C, 0x18, 0x41, 0xF1, 0x28, 0x0C, 0x41, 0xF1, 0x50, 0x18, 0x3D, 0xF1, 0x28
	.byte 0x0C, 0x3D, 0xF1, 0x50, 0x0C, 0x41, 0x12, 0x3F, 0xF1, 0x28, 0x06, 0x41, 0xF1, 0x50, 0x0A, 0x3F
	.byte 0xF1, 0x28, 0x02, 0x3F, 0xF1, 0x50, 0x0C, 0x42, 0xF1, 0x28, 0x0C, 0x42, 0xF1, 0x50, 0x0C, 0x47
	.byte 0xF1, 0x28, 0x0C, 0x47, 0xF1, 0x50, 0x0C, 0x4B, 0xF1, 0x28, 0x0C, 0x4B, 0xF1, 0x50, 0xA8, 0x49
	.byte 0xF1, 0x28, 0x0C, 0x49, 0xF1, 0x50, 0xF6, 0x0C, 0xF0, 0x49, 0xF2, 0x64, 0xF1, 0xB4, 0xF6, 0xA8
	.byte 0x0C, 0x4D, 0x0C, 0x4E, 0x0C, 0x50, 0xF1, 0x50, 0x0C, 0x50, 0xF1, 0xB4, 0xF6, 0x0C, 0x0C, 0x4E
	.byte 0xF1, 0x50, 0x0C, 0x4E, 0xF1, 0xB4, 0xF6, 0x0C, 0x0C, 0x4D, 0xF1, 0x50, 0x0C, 0x4D, 0xF1, 0xB4
	.byte 0x0C, 0x4B, 0x04, 0x4D, 0xF4, 0x78, 0xF5, 0x00, 0xF1, 0x64, 0x00, 0xCB, 0x04, 0xF5, 0x02, 0x00
	.byte 0xCB, 0x04, 0xF5, 0x00, 0x00, 0xCB, 0x04, 0xF5, 0x02, 0x00, 0xCB, 0x04, 0xF5, 0x00, 0x00, 0xCB
	.byte 0x04, 0xF5, 0x02, 0x00, 0xCB, 0x04, 0xF5, 0x00, 0x00, 0xCB, 0x04, 0xF5, 0x02, 0x00, 0xCB, 0x04
	.byte 0xF5, 0x00, 0x00, 0xCB, 0x04, 0xF5, 0x02, 0x00, 0xCB, 0x04, 0xF5, 0x00, 0x00, 0xCB, 0x04, 0xF5
	.byte 0x02, 0x00, 0xCB, 0x04, 0xF5, 0x00, 0x00, 0xCB, 0x04, 0xF5, 0x02, 0x00, 0xCB, 0x04, 0xF5, 0x00
	.byte 0x00, 0xCB, 0x04, 0xF5, 0x02, 0x00, 0xCB, 0x04, 0xF5, 0x00, 0x00, 0xCB, 0x08, 0xF1, 0x28, 0x08
	.byte 0x4B, 0xF1, 0xB4, 0x0C, 0x49, 0xF1, 0x50, 0x0C, 0x49, 0xF1, 0xB4, 0x0C, 0x4B, 0xF1, 0x50, 0x0C
	.byte 0x4B, 0xF1, 0xB4, 0x0C, 0x4D, 0x0C, 0x4E, 0xF1, 0x50, 0x0C, 0x4E, 0xF1, 0xB4, 0x0C, 0x50, 0x04
	.byte 0x52, 0xF1, 0x64, 0xF5, 0x00, 0x00, 0xD0, 0x04, 0xF5, 0x02, 0x00, 0xD0, 0x04, 0xF5, 0x00, 0x00
	.byte 0xD0, 0x04, 0xF5, 0x02, 0x00, 0xD0, 0x04, 0xF5, 0x00, 0x00, 0xD0, 0x04, 0xF5, 0x02, 0x00, 0xD0
	.byte 0x04, 0xF5, 0x00, 0x00, 0xD0, 0x04, 0xF5, 0x02, 0x00, 0xD0, 0x04, 0xF5, 0x00, 0x00, 0xD0, 0x04
	.byte 0xF5, 0x02, 0x00, 0xD0, 0x04, 0xF5, 0x00, 0x00, 0xD0, 0x04, 0xF5, 0x02, 0x00, 0xD0, 0x04, 0xF5
	.byte 0x00, 0x00, 0xD0, 0x04, 0xF5, 0x02, 0x00, 0xD0, 0x04, 0xF5, 0x00, 0x00, 0xD0, 0x04, 0xF5, 0x02
	.byte 0x00, 0xD0, 0x04, 0xF5, 0x00, 0x00, 0xD0, 0x04, 0xF5, 0x02, 0x00, 0xD0, 0x04, 0xF5, 0x00, 0x00
	.byte 0xD0, 0x04, 0xF5, 0x02, 0x00, 0xD0, 0x04, 0xF5, 0x00, 0x00, 0xD0, 0x04, 0xF5, 0x02, 0x00, 0xD0
	.byte 0x04, 0xF5, 0x00, 0x04, 0x50, 0x18, 0x50, 0xF1, 0x28, 0x0C, 0x50, 0xF1, 0xB4, 0xF6, 0x9B, 0xF8
	.byte 0x5E, 0xFD, 0xFF, 0xF9, 0x70, 0xF0, 0x26, 0xF1, 0xFF, 0x60, 0x49, 0xF6, 0x24, 0x0C, 0x47, 0x0C
	.byte 0x4E, 0xF1, 0x64, 0x0C, 0x4E, 0xF1, 0xFF, 0x0C, 0x4E, 0xF1, 0x64, 0x0C, 0x4E, 0xF1, 0xFF, 0x18
	.byte 0x49, 0xF1, 0x64, 0x0C, 0x49, 0xF1, 0xFF, 0x0C, 0x49, 0xF1, 0x64, 0x0C, 0x49, 0xF1, 0xFF, 0xF6
	.byte 0x30, 0x0C, 0x47, 0xF1, 0x64, 0x0C, 0x47, 0xF1, 0xFF, 0x0C, 0x4B, 0x0C, 0x4E, 0xF1, 0x64, 0x0C
	.byte 0x4E, 0xF1, 0xFF, 0x0C, 0x42, 0xF1, 0x64, 0x0C, 0x42, 0xF1, 0xFF, 0x0C, 0x49, 0xF1, 0x64, 0x0C
	.byte 0x49, 0xF1, 0xFF, 0xF6, 0x0C, 0x0C, 0x50, 0xF1, 0x64, 0x0C, 0x50, 0xF1, 0xFF, 0xF6, 0x0C, 0x0C
	.byte 0x44, 0xF1, 0x64, 0x0C, 0x44, 0xF1, 0xFF, 0xF6, 0x0C, 0x0C, 0x47, 0xF1, 0x64, 0x0C, 0x47, 0xF1
	.byte 0xFF, 0x0C, 0x4B, 0x0C, 0x4E, 0xF1, 0x64, 0x0C, 0x4E, 0xF1, 0xFF, 0x0C, 0x42, 0xF1, 0x64, 0x0C
	.byte 0x42, 0xF1, 0xFF, 0x0C, 0x49, 0xF1, 0x64, 0x0C, 0x49, 0xF1, 0xFF, 0xF6, 0x0C, 0x0C, 0x50, 0xF1
	.byte 0x64, 0x0C, 0x50, 0xF1, 0xFF, 0xF6, 0x0C, 0x0C, 0x44, 0xF1, 0x64, 0x0C, 0x44, 0xF1, 0xFF, 0xF6
	.byte 0x0C, 0x0C, 0x47, 0xF1, 0x64, 0x0C, 0x47, 0xF1, 0xFF, 0x0C, 0x4E, 0x0C, 0x4E, 0xF1, 0x64, 0x0C
	.byte 0x4E, 0xF1, 0xFF, 0x0C, 0x42, 0xF1, 0x64, 0x0C, 0x42, 0xF1, 0xFF, 0x0C, 0x49, 0xF1, 0x64, 0x0C
	.byte 0x49, 0xF1, 0xFF, 0xF6, 0x0C, 0x0C, 0x50, 0xF1, 0x64, 0x0C, 0x50, 0xF1, 0xFF, 0xF6, 0x0C, 0x0C
	.byte 0x44, 0xF1, 0x64, 0x0C, 0x44, 0xF1, 0xFF, 0xF6, 0x0C, 0x0C, 0x47, 0xF1, 0x64, 0x0C, 0x47, 0xF1
	.byte 0xFF, 0x0C, 0x4B, 0x0C, 0x4E, 0xF1, 0x64, 0x0C, 0x4E, 0xF1, 0xFF, 0x0C, 0x42, 0xF1, 0x64, 0x0C
	.byte 0x42, 0xF1, 0xFF, 0x0C, 0x49, 0xF1, 0x64, 0x0C, 0x49, 0xF1, 0xFF, 0xF6, 0x0C, 0x0C, 0x50, 0xF1
	.byte 0x64, 0x0C, 0x50, 0xF1, 0xFF, 0xF6, 0x0C, 0x0C, 0x44, 0xF1, 0x64, 0x0C, 0x44, 0xF1, 0xFF, 0xF6
	.byte 0x0C, 0x0C, 0x47, 0xF1, 0x64, 0x0C, 0x47, 0xF1, 0xFF, 0x0C, 0x4E, 0x0C, 0x4E, 0xF1, 0x64, 0x0C
	.byte 0x4E, 0xF1, 0xFF, 0x0C, 0x42, 0xF1, 0x64, 0x0C, 0x42, 0xF1, 0xFF, 0x0C, 0x49, 0xF1, 0x64, 0x0C
	.byte 0x49, 0xF1, 0xFF, 0xF6, 0x0C, 0x0C, 0x50, 0xF1, 0x64, 0x0C, 0x50, 0xF1, 0xFF, 0xF6, 0x0C, 0x0C
	.byte 0x44, 0xF1, 0x64, 0x0C, 0x44, 0xF1, 0xFF, 0xF6, 0x0C, 0x0C, 0x47, 0xF1, 0x64, 0x0C, 0x47, 0xF1
	.byte 0xFF, 0x0C, 0x4B, 0x0C, 0x4E, 0xF1, 0x64, 0x0C, 0x4E, 0xF1, 0xFF, 0x0C, 0x42, 0xF1, 0x64, 0x0C
	.byte 0x42, 0xF1, 0xFF, 0x0C, 0x49, 0xF1, 0x64, 0x0C, 0x49, 0xF1, 0xFF, 0xF6, 0x0C, 0x0C, 0x50, 0xF1
	.byte 0x64, 0x0C, 0x50, 0xF1, 0xFF, 0xF6, 0x0C, 0x0C, 0x44, 0xF1, 0x64, 0x0C, 0x44, 0xF1, 0xFF, 0xF6
	.byte 0x0C, 0x0C, 0x47, 0xF1, 0x64, 0x0C, 0x47, 0xF1, 0xFF, 0x0C, 0x4E, 0x0C, 0x4E, 0xF1, 0x64, 0x0C
	.byte 0x4E, 0xF1, 0xFF, 0x0C, 0x42, 0xF1, 0x64, 0x0C, 0x42, 0xF1, 0xFF, 0x0C, 0x49, 0xF1, 0x64, 0x0C
	.byte 0x49, 0xF1, 0xFF, 0xF6, 0x0C, 0x0C, 0x50, 0xF1, 0x64, 0x0C, 0x50, 0xF1, 0xFF, 0xF6, 0x0C, 0x0C
	.byte 0x44, 0xF1, 0x64, 0x0C, 0x44, 0xF1, 0xFF, 0xF6, 0x0C, 0x0C, 0x47, 0xF1, 0x64, 0x0C, 0x47, 0xF1
	.byte 0xFF, 0x0C, 0x4B, 0x0C, 0x4E, 0xF1, 0x64, 0x0C, 0x4E, 0xF1, 0xFF, 0x0C, 0x42, 0xF1, 0x64, 0x0C
	.byte 0x42, 0xF1, 0xFF, 0x0C, 0x49, 0xF1, 0x64, 0x0C, 0x49, 0xF1, 0xFF, 0xF6, 0x0C, 0x0C, 0x50, 0xF1
	.byte 0x64, 0x0C, 0x50, 0xF1, 0xFF, 0xF6, 0x0C, 0x0C, 0x44, 0xF1, 0x64, 0x0C, 0x44, 0xF1, 0xFF, 0xF6
	.byte 0x0C, 0x0C, 0x47, 0xF1, 0x64, 0x0C, 0x47, 0xF1, 0xFF, 0x0C, 0x4E, 0x0C, 0x4E, 0xF1, 0x64, 0x0C
	.byte 0x4E, 0xF1, 0xFF, 0x0C, 0x42, 0xF1, 0x64, 0x0C, 0x42, 0xF1, 0xFF, 0x0C, 0x49, 0xF1, 0x64, 0x0C
	.byte 0x49, 0xF1, 0xFF, 0xF6, 0x0C, 0x0C, 0x50, 0xF1, 0x64, 0x0C, 0x50, 0xF1, 0xFF, 0xF6, 0x0C, 0x0C
	.byte 0x44, 0xF1, 0x64, 0x0C, 0x44, 0xF1, 0xFF, 0xF6, 0x0C, 0x0C, 0x47, 0xF1, 0x64, 0x0C, 0x47, 0xF1
	.byte 0xFF, 0x0C, 0x4B, 0x0C, 0x4E, 0xF1, 0x64, 0x0C, 0x4E, 0xF1, 0xFF, 0x0C, 0x42, 0xF1, 0x64, 0x0C
	.byte 0x42, 0xF1, 0xFF, 0x0C, 0x49, 0xF1, 0x64, 0x0C, 0x49, 0xF1, 0xFF, 0xF6, 0x0C, 0x0C, 0x50, 0xF1
	.byte 0x64, 0x0C, 0x50, 0xF1, 0xFF, 0xF6, 0x0C, 0x0C, 0x44, 0xF1, 0x64, 0x0C, 0x44, 0xF1, 0xFF, 0xF6
	.byte 0x0C, 0x0C, 0x47, 0xF1, 0x64, 0x0C, 0x47, 0xF1, 0xFF, 0x0C, 0x4E, 0x0C, 0x4E, 0xF1, 0x64, 0x0C
	.byte 0x4E, 0xF1, 0xFF, 0x0C, 0x42, 0xF1, 0x64, 0x0C, 0x42, 0xF1, 0xFF, 0x0C, 0x49, 0xF1, 0x64, 0x0C
	.byte 0x49, 0xF1, 0xFF, 0xF6, 0x90, 0x0C, 0x47, 0xF1, 0x64, 0x0C, 0x47, 0xF1, 0xFF, 0x18, 0x49, 0xF1
	.byte 0x64, 0x0C, 0x49, 0xF1, 0xFF, 0x0C, 0x49, 0xF1, 0x64, 0x0C, 0x49, 0xF1, 0xFF, 0xF6, 0x84, 0x0C
	.byte 0x49, 0xF1, 0x64, 0x0C, 0x49, 0xF1, 0xFF, 0xF6, 0x90, 0x0C, 0x47, 0xF1, 0x64, 0x0C, 0x47, 0xF1
	.byte 0xFF, 0x18, 0x49, 0xF1, 0x64, 0x0C, 0x49, 0xF1, 0xFF, 0x0C, 0x49, 0xF1, 0x64, 0x0C, 0x49, 0xF1
	.byte 0xFF, 0xF6, 0x6C, 0x18, 0x47, 0xF8, 0x83, 0xFD, 0xFF, 0xF9, 0x70, 0xF6, 0x01, 0xF0, 0x0E, 0xF2
	.byte 0x50, 0xF1, 0x6E, 0x18, 0x35, 0x0C, 0x38, 0x18, 0x31, 0x18, 0x35, 0x18, 0x33, 0x18, 0x33, 0x0C
	.byte 0x36, 0x18, 0x2F, 0x18, 0x33, 0x18, 0x35, 0x0C, 0x38, 0x18, 0x31, 0x18, 0x35, 0x18, 0x33, 0x18
	.byte 0x33, 0x0C, 0x36, 0x18, 0x3B, 0x17, 0x36, 0xF6, 0x01, 0x18, 0x35, 0x0C, 0x38, 0x18, 0x31, 0x18
	.byte 0x35, 0x18, 0x33, 0x18, 0x33, 0x0C, 0x36, 0x18, 0x2F, 0x18, 0x33, 0x18, 0x35, 0x0C, 0x38, 0x18
	.byte 0x31, 0x18, 0x35, 0x18, 0x33, 0x18, 0x33, 0x0C, 0x36, 0x18, 0x3B, 0x18, 0x36, 0x18, 0x35, 0x0C
	.byte 0x38, 0x18, 0x31, 0x18, 0x35, 0x18, 0x33, 0x18, 0x33, 0x0C, 0x36, 0x18, 0x2F, 0x18, 0x33, 0x18
	.byte 0x35, 0x0C, 0x38, 0x18, 0x31, 0x18, 0x35, 0x18, 0x33, 0x18, 0x33, 0x0C, 0x36, 0x18, 0x3B, 0x18
	.byte 0x36, 0x18, 0x35, 0x0C, 0x38, 0x18, 0x31, 0x18, 0x35, 0x18, 0x33, 0x18, 0x33, 0x0C, 0x36, 0x18
	.byte 0x2F, 0x18, 0x33, 0x18, 0x35, 0x0C, 0x38, 0x18, 0x31, 0x18, 0x35, 0x18, 0x33, 0x18, 0x33, 0x0C
	.byte 0x36, 0x18, 0x3B, 0x18, 0x36, 0x18, 0x35, 0x0C, 0x38, 0x18, 0x31, 0x18, 0x35, 0x18, 0x33, 0x18
	.byte 0x33, 0x0C, 0x36, 0x18, 0x2F, 0x18, 0x33, 0x18, 0x35, 0x0C, 0x38, 0x18, 0x31, 0x18, 0x35, 0x18
	.byte 0x33, 0x18, 0x33, 0x0C, 0x36, 0x18, 0x3B, 0x18, 0x36, 0x18, 0x35, 0x0C, 0x38, 0x18, 0x31, 0x18
	.byte 0x35, 0x18, 0x33, 0x18, 0x33, 0x0C, 0x36, 0x18, 0x2F, 0x18, 0x33, 0x18, 0x35, 0x0C, 0x38, 0x18
	.byte 0x31, 0x18, 0x35, 0x18, 0x33, 0x18, 0x33, 0x0C, 0x36, 0x18, 0x3B, 0x18, 0x36, 0x18, 0x35, 0x0C
	.byte 0x38, 0x18, 0x31, 0x18, 0x35, 0x18, 0x33, 0x18, 0x33, 0x0C, 0x36, 0x18, 0x2F, 0x18, 0x33, 0x18
	.byte 0x35, 0x0C, 0x38, 0x18, 0x31, 0x18, 0x35, 0x18, 0x33, 0x18, 0x33, 0x0C, 0x36, 0x18, 0x3B, 0x18
	.byte 0x36, 0x18, 0x35, 0x0C, 0x38, 0x18, 0x31, 0x18, 0x35, 0x18, 0x33, 0x18, 0x33, 0x0C, 0x36, 0x18
	.byte 0x2F, 0x18, 0x33, 0x18, 0x35, 0x0C, 0x38, 0x18, 0x31, 0x18, 0x35, 0x18, 0x33, 0x18, 0x33, 0x0C
	.byte 0x36, 0x18, 0x3B, 0x17, 0x36, 0xF8, 0xFF, 0xFE, 0xFF, 0xF9, 0x70, 0xF0, 0x0E, 0xF2, 0x8C, 0xF1
	.byte 0x6E, 0x18, 0x31, 0x0C, 0x35, 0x18, 0x2C, 0x18, 0x31, 0x18, 0x2F, 0x18, 0x2F, 0x0C, 0x33, 0x18
	.byte 0x2A, 0x18, 0x2F, 0x18, 0x31, 0x0C, 0x35, 0x18, 0x2C, 0x18, 0x31, 0x18, 0x2F, 0x18, 0x2F, 0x0C
	.byte 0x33, 0x18, 0x36, 0x18, 0x33, 0x18, 0x31, 0x0C, 0x35, 0x18, 0x2C, 0x18, 0x31, 0x18, 0x2F, 0x18
	.byte 0x2F, 0x0C, 0x33, 0x18, 0x2A, 0x18, 0x2F, 0x18, 0x31, 0x0C, 0x35, 0x18, 0x2C, 0x18, 0x31, 0x18
	.byte 0x2F, 0x18, 0x2F, 0x0C, 0x33, 0x18, 0x36, 0x18, 0x33, 0x18, 0x31, 0x0C, 0x35, 0x18, 0x2C, 0x18
	.byte 0x31, 0x18, 0x2F, 0x18, 0x2F, 0x0C, 0x33, 0x18, 0x2A, 0x18, 0x2F, 0x18, 0x31, 0x0C, 0x35, 0x18
	.byte 0x2C, 0x18, 0x31, 0x18, 0x2F, 0x18, 0x2F, 0x0C, 0x33, 0x18, 0x36, 0x18, 0x33, 0x18, 0x31, 0x0C
	.byte 0x35, 0x18, 0x2C, 0x18, 0x31, 0x18, 0x2F, 0x18, 0x2F, 0x0C, 0x33, 0x18, 0x2A, 0x18, 0x2F, 0x18
	.byte 0x31, 0x0C, 0x35, 0x18, 0x2C, 0x18, 0x31, 0x18, 0x2F, 0x18, 0x2F, 0x0C, 0x33, 0x18, 0x36, 0x18
	.byte 0x33, 0x18, 0x31, 0x0C, 0x35, 0x18, 0x2C, 0x18, 0x31, 0x18, 0x2F, 0x18, 0x2F, 0x0C, 0x33, 0x18
	.byte 0x2A, 0x18, 0x2F, 0x18, 0x31, 0x0C, 0x35, 0x18, 0x2C, 0x18, 0x31, 0x18, 0x2F, 0x18, 0x2F, 0x0C
	.byte 0x33, 0x18, 0x36, 0x18, 0x33, 0x18, 0x31, 0x0C, 0x35, 0x18, 0x2C, 0x18, 0x31, 0x18, 0x2F, 0x18
	.byte 0x2F, 0x0C, 0x33, 0x18, 0x2A, 0x18, 0x2F, 0x18, 0x31, 0x0C, 0x35, 0x18, 0x2C, 0x18, 0x31, 0x18
	.byte 0x2F, 0x18, 0x2F, 0x0C, 0x33, 0x18, 0x36, 0x18, 0x33, 0x18, 0x31, 0x0C, 0x35, 0x18, 0x2C, 0x18
	.byte 0x31, 0x18, 0x2F, 0x18, 0x2F, 0x0C, 0x33, 0x18, 0x2A, 0x18, 0x2F, 0x18, 0x31, 0x0C, 0x35, 0x18
	.byte 0x2C, 0x18, 0x31, 0x18, 0x2F, 0x18, 0x2F, 0x0C, 0x33, 0x18, 0x36, 0x18, 0x33, 0x18, 0x31, 0x0C
	.byte 0x35, 0x18, 0x2C, 0x18, 0x31, 0x18, 0x2F, 0x18, 0x2F, 0x0C, 0x33, 0x18, 0x2A, 0x18, 0x2F, 0x18
	.byte 0x31, 0x0C, 0x35, 0x18, 0x2C, 0x18, 0x31, 0x18, 0x2F, 0x18, 0x2F, 0x0C, 0x33, 0x18, 0x36, 0x18
	.byte 0x33, 0xF8, 0x01, 0xFF, 0xFF, 0xF9, 0x70, 0xF0, 0x07, 0xF1, 0x50, 0x0C, 0x3C, 0x0C, 0x37, 0x0C
	.byte 0x35, 0x0C, 0x39, 0x0C, 0x3C, 0x0C, 0x37, 0x0C, 0x3B, 0x0C, 0x35, 0x0C, 0x3C, 0x0C, 0x37, 0x0C
	.byte 0x35, 0x0C, 0x39, 0x0C, 0x3C, 0x0C, 0x37, 0x0C, 0x3B, 0x0C, 0x35, 0x0C, 0x3C, 0x0C, 0x37, 0x0C
	.byte 0x3E, 0x0C, 0x39, 0x0C, 0x3C, 0x0C, 0x37, 0x0C, 0x3E, 0x0C, 0x35, 0x0C, 0x3C, 0x0C, 0x37, 0x0C
	.byte 0x3E, 0x0C, 0x39, 0x0C, 0x3C, 0x0C, 0x37, 0x0C, 0x3E, 0x0C, 0x35, 0xF1, 0xB4, 0x18, 0x24, 0xF1
	.byte 0x50, 0x18, 0x3E, 0xF1, 0xB4, 0x18, 0x24, 0xF1, 0x50, 0x18, 0x3E, 0xF1, 0xB4, 0x18, 0x24, 0xF1
	.byte 0x50, 0x18, 0x3E, 0xF1, 0xB4, 0x18, 0x24, 0xF1, 0x50, 0x18, 0x3E, 0xF1, 0xB4, 0x18, 0x24, 0xF1
	.byte 0x50, 0x18, 0x3E, 0xF1, 0xB4, 0x18, 0x24, 0xF1, 0x50, 0x18, 0x3E, 0xF1, 0xB4, 0x18, 0x24, 0xF1
	.byte 0x50, 0x18, 0x3E, 0xF1, 0xB4, 0x18, 0x24, 0xF1, 0x50, 0x18, 0x3E, 0xF1, 0xB4, 0x18, 0x24, 0xF1
	.byte 0x50, 0x18, 0x3E, 0xF1, 0xB4, 0x18, 0x24, 0xF1, 0x50, 0x18, 0x3E, 0xF1, 0xB4, 0x18, 0x24, 0xF1
	.byte 0x50, 0x18, 0x3E, 0xF1, 0xB4, 0x18, 0x24, 0xF1, 0x50, 0x18, 0x3E, 0xF1, 0xB4, 0x18, 0x24, 0xF1
	.byte 0x50, 0x18, 0x3E, 0xF1, 0xB4, 0x18, 0x24, 0xF1, 0x50, 0x18, 0x3E, 0xF1, 0xB4, 0x18, 0x24, 0xF1
	.byte 0x50, 0x18, 0x3E, 0xF1, 0xB4, 0x18, 0x24, 0xF1, 0x50, 0x18, 0x3E, 0xF1, 0xB4, 0x18, 0x24, 0xF1
	.byte 0x50, 0x18, 0x3E, 0xF1, 0xB4, 0x18, 0x24, 0xF1, 0x50, 0x18, 0x3E, 0xF1, 0xB4, 0x18, 0x24, 0xF1
	.byte 0x50, 0x18, 0x3E, 0xF1, 0xB4, 0x18, 0x24, 0xF1, 0x50, 0x18, 0x3E, 0xF1, 0xB4, 0x18, 0x24, 0xF1
	.byte 0x50, 0x18, 0x3E, 0xF1, 0xB4, 0x18, 0x24, 0xF1, 0x50, 0x18, 0x3E, 0xF1, 0xB4, 0x18, 0x24, 0xF1
	.byte 0x50, 0x18, 0x3E, 0xF1, 0xB4, 0x18, 0x24, 0xF1, 0x50, 0x18, 0x3E, 0xF1, 0xB4, 0x18, 0x24, 0xF1
	.byte 0x50, 0x18, 0x3E, 0xF1, 0xB4, 0x18, 0x24, 0xF1, 0x50, 0x18, 0x3E, 0xF1, 0xB4, 0x18, 0x24, 0xF1
	.byte 0x50, 0x18, 0x3E, 0xF1, 0xB4, 0x18, 0x24, 0xF1, 0x50, 0x18, 0x3E, 0xF1, 0xB4, 0x18, 0x24, 0xF1
	.byte 0x50, 0x18, 0x3E, 0xF1, 0xB4, 0x18, 0x24, 0xF1, 0x50, 0x18, 0x3E, 0xF1, 0xB4, 0x18, 0x24, 0xF1
	.byte 0x50, 0x18, 0x3E, 0xF1, 0xB4, 0x18, 0x24, 0xF1, 0x50, 0x18, 0x3E, 0xF1, 0xB4, 0x18, 0x24, 0xF1
	.byte 0x50, 0x18, 0x3E, 0xF1, 0xB4, 0x18, 0x24, 0xF1, 0x50, 0x18, 0x3E, 0xF1, 0xB4, 0x18, 0x24, 0xF1
	.byte 0x50, 0x18, 0x3E, 0xF1, 0xB4, 0x18, 0x24, 0xF1, 0x50, 0x18, 0x3E, 0xF1, 0xB4, 0x18, 0x24, 0xF1
	.byte 0x50, 0x18, 0x3E, 0xF1, 0xB4, 0x18, 0x24, 0xF1, 0x50, 0x18, 0x3E, 0xF1, 0xB4, 0x18, 0x24, 0xF1
	.byte 0x50, 0x18, 0x3E, 0xF1, 0xB4, 0x18, 0x24, 0xF1, 0x50, 0x18, 0x3E, 0xF1, 0x50, 0x0C, 0x3C, 0x0C
	.byte 0x37, 0x0C, 0x35, 0x0C, 0x39, 0x0C, 0x3C, 0x0C, 0x37, 0x0C, 0x3B, 0x0C, 0x35, 0x0C, 0x3C, 0x0C
	.byte 0x37, 0x0C, 0x35, 0x0C, 0x39, 0x0C, 0x3C, 0x0C, 0x37, 0x0C, 0x3B, 0x0C, 0x35, 0x0C, 0x3C, 0x0C
	.byte 0x37, 0x0C, 0x35, 0x0C, 0x39, 0x0C, 0x3C, 0x0C, 0x37, 0x0C, 0x3B, 0x0C, 0x35, 0x0C, 0x3C, 0x0C
	.byte 0x37, 0x0C, 0x35, 0x0C, 0x39, 0x0C, 0x3C, 0x0C, 0x37, 0x0C, 0x3B, 0x0C, 0x35, 0x0C, 0x3C, 0x0C
	.byte 0x37, 0x0C, 0x3E, 0x0C, 0x39, 0x0C, 0x3C, 0x0C, 0x37, 0x0C, 0x3E, 0x0C, 0x35, 0x0C, 0x3C, 0x0C
	.byte 0x37, 0x0C, 0x3E, 0x0C, 0x39, 0x0C, 0x3C, 0x0C, 0x37, 0x0C, 0x3E, 0x0C, 0x35, 0x0C, 0x3C, 0x0C
	.byte 0x37, 0x0C, 0x3E, 0x0C, 0x39, 0x0C, 0x3C, 0x0C, 0x37, 0x0C, 0x3E, 0x0C, 0x35, 0x0C, 0x3C, 0x0C
	.byte 0x37, 0x0C, 0x3E, 0x0C, 0x39, 0x0C, 0x3C, 0x0C, 0x37, 0x0C, 0x3E, 0x0C, 0x35, 0xF8, 0x3B, 0xFE
	.byte 0xFF, 0xF9, 0x70, 0xF0, 0x07, 0xF1, 0x3C, 0x06, 0x30, 0xF6, 0x12, 0x06, 0x30, 0xF6, 0x12, 0x0C
	.byte 0x40, 0x18, 0x40, 0x06, 0x30, 0xF6, 0x12, 0x06, 0x30, 0xF6, 0x06, 0x06, 0x30, 0xF6, 0x12, 0x18
	.byte 0x40, 0x18, 0x40, 0x06, 0x30, 0xF6, 0x12, 0x06, 0x30, 0xF6, 0x12, 0x0C, 0x40, 0x18, 0x40, 0x06
	.byte 0x30, 0xF6, 0x12, 0x06, 0x30, 0xF6, 0x06, 0x06, 0x30, 0xF6, 0x12, 0x0C, 0x40, 0x0C, 0x41, 0x0C
	.byte 0x40, 0x0C, 0x40, 0xF6, 0x0C, 0xF1, 0x64, 0x0C, 0x29, 0x18, 0x29, 0x0C, 0x29, 0xF6, 0x0C, 0x0C
	.byte 0x29, 0x0C, 0x29, 0xF6, 0x0C, 0x0C, 0x29, 0xF6, 0x0C, 0x0C, 0x29, 0x0C, 0x29, 0xF6, 0x0C, 0x0C
	.byte 0x29, 0x0C, 0x29, 0xF6, 0x0C, 0x0C, 0x29, 0x18, 0x29, 0x0C, 0x29, 0xF6, 0x0C, 0x0C, 0x29, 0x0C
	.byte 0x29, 0xF6, 0x0C, 0x0C, 0x29, 0xF6, 0x0C, 0x0C, 0x29, 0x0C, 0x29, 0xF6, 0x0C, 0x0C, 0x29, 0x0C
	.byte 0x29, 0xF6, 0x0C, 0x0C, 0x29, 0x18, 0x29, 0x0C, 0x29, 0xF6, 0x0C, 0x0C, 0x29, 0x0C, 0x29, 0xF6
	.byte 0x0C, 0x0C, 0x29, 0xF6, 0x0C, 0x0C, 0x29, 0x0C, 0x29, 0xF6, 0x0C, 0x0C, 0x29, 0x0C, 0x29, 0xF6
	.byte 0x0C, 0x0C, 0x29, 0x18, 0x29, 0x0C, 0x29, 0xF6, 0x0C, 0x0C, 0x29, 0x0C, 0x29, 0xF6, 0x0C, 0x0C
	.byte 0x29, 0xF6, 0x0C, 0x0C, 0x29, 0x0C, 0x29, 0xF6, 0x0C, 0x0C, 0x29, 0x0C, 0x29, 0xF6, 0x0C, 0x0C
	.byte 0x29, 0x18, 0x29, 0x0C, 0x29, 0xF6, 0x0C, 0x0C, 0x29, 0x0C, 0x29, 0xF6, 0x0C, 0x0C, 0x29, 0xF6
	.byte 0x0C, 0x0C, 0x29, 0x0C, 0x29, 0xF6, 0x0C, 0x0C, 0x29, 0x0C, 0x29, 0xF6, 0x0C, 0x0C, 0x29, 0x18
	.byte 0x29, 0x0C, 0x29, 0xF6, 0x0C, 0x0C, 0x29, 0x0C, 0x29, 0xF6, 0x0C, 0x0C, 0x29, 0xF6, 0x0C, 0x0C
	.byte 0x29, 0x0C, 0x29, 0xF6, 0x0C, 0x0C, 0x29, 0x0C, 0x29, 0xF6, 0x0C, 0x0C, 0x29, 0x18, 0x29, 0x0C
	.byte 0x29, 0xF6, 0x0C, 0x0C, 0x29, 0x0C, 0x29, 0xF6, 0x0C, 0x0C, 0x29, 0xF6, 0x0C, 0x0C, 0x29, 0x0C
	.byte 0x29, 0xF6, 0x0C, 0x0C, 0x29, 0x0C, 0x29, 0xF6, 0x0C, 0x0C, 0x29, 0x18, 0x29, 0x0C, 0x29, 0xF6
	.byte 0x0C, 0x0C, 0x29, 0x0C, 0x29, 0xF6, 0x0C, 0x0C, 0x29, 0xF6, 0x0C, 0x0C, 0x29, 0x0C, 0x29, 0xF6
	.byte 0x0C, 0x0C, 0x29, 0x0C, 0x29, 0xF6, 0x0C, 0x0C, 0x29, 0x18, 0x29, 0x0C, 0x29, 0xF6, 0x0C, 0x0C
	.byte 0x29, 0x0C, 0x29, 0xF6, 0x0C, 0x0C, 0x29, 0xF6, 0x0C, 0x0C, 0x29, 0x0C, 0x29, 0xF6, 0x0C, 0x0C
	.byte 0x29, 0x0C, 0x29, 0xF6, 0x0C, 0x0C, 0x29, 0x18, 0x29, 0x0C, 0x29, 0xF6, 0x0C, 0x0C, 0x29, 0x0C
	.byte 0x29, 0xF6, 0x0C, 0x0C, 0x29, 0xF6, 0x0C, 0x0C, 0x29, 0x0C, 0x29, 0xF6, 0x0C, 0x0C, 0x29, 0x0C
	.byte 0x29, 0xF1, 0x28, 0x06, 0x30, 0xF6, 0x12, 0x06, 0x30, 0xF6, 0x12, 0x0C, 0x40, 0x18, 0x40, 0x06
	.byte 0x30, 0xF6, 0x12, 0x06, 0x30, 0xF6, 0x06, 0x06, 0x30, 0xF6, 0x12, 0x18, 0x40, 0x18, 0x40, 0x06
	.byte 0x30, 0xF6, 0x12, 0x06, 0x30, 0xF6, 0x12, 0x0C, 0x40, 0x18, 0x40, 0x06, 0x30, 0xF6, 0x12, 0x06
	.byte 0x30, 0xF6, 0x06, 0x06, 0x30, 0xF6, 0x12, 0x0C, 0x40, 0x0C, 0x41, 0x0C, 0x40, 0x0C, 0x40, 0x06
	.byte 0x30, 0xF6, 0x12, 0x06, 0x30, 0xF6, 0x12, 0x0C, 0x40, 0x18, 0x40, 0x06, 0x30, 0xF6, 0x12, 0x06
	.byte 0x30, 0xF6, 0x06, 0x06, 0x30, 0xF6, 0x12, 0x18, 0x40, 0x18, 0x40, 0x06, 0x30, 0xF6, 0x12, 0x06
	.byte 0x30, 0xF6, 0x12, 0x0C, 0x40, 0x18, 0x40, 0x06, 0x30, 0xF6, 0x12, 0x06, 0x30, 0xF6, 0x06, 0x06
	.byte 0x30, 0xF6, 0x12, 0x0C, 0x40, 0x0C, 0x41, 0x0C, 0x40, 0x0C, 0x40, 0xF8, 0x55, 0xFE, 0xFF, 0xF9
	.byte 0x70, 0xF6, 0xC0, 0xF6, 0xC0, 0xF6, 0xC0, 0xF6, 0xC0, 0xF6, 0x06, 0xF0, 0xC2, 0xF2, 0x3C, 0xF1
	.byte 0x28, 0x0C, 0x3D, 0xF1, 0x14, 0x0C, 0x3D, 0xF1, 0x28, 0x0C, 0x3F, 0xF1, 0x14, 0x0C, 0x3F, 0xF1
	.byte 0x28, 0x0C, 0x41, 0x12, 0x42, 0xF1, 0x14, 0x06, 0x42, 0xF1, 0x28, 0x18, 0x44, 0xF1, 0x14, 0x0C
	.byte 0x44, 0xF1, 0x28, 0x0C, 0x42, 0xF1, 0x14, 0x0C, 0x42, 0xF1, 0x28, 0x0C, 0x41, 0xF1, 0x14, 0x0C
	.byte 0x41, 0xF1, 0x28, 0x0C, 0x42, 0xF1, 0x14, 0x0C, 0x42, 0xF1, 0x28, 0x18, 0x44, 0xF1, 0x14, 0x0C
	.byte 0x44, 0xF1, 0x28, 0x18, 0x49, 0xF1, 0x14, 0x0C, 0x49, 0xF1, 0x28, 0x0C, 0x44, 0x12, 0x42, 0xF1
	.byte 0x14, 0x06, 0x42, 0xF1, 0x28, 0x0A, 0x42, 0xF1, 0x14, 0x02, 0x42, 0xF1, 0x28, 0x0A, 0x41, 0xF1
	.byte 0x14, 0x02, 0x41, 0xF1, 0x28, 0x24, 0x3F, 0xF1, 0x14, 0x0C, 0x3F, 0xF1, 0x28, 0xF6, 0x0C, 0x18
	.byte 0x41, 0xF1, 0x14, 0x0C, 0x41, 0xF1, 0x28, 0x18, 0x3D, 0xF1, 0x14, 0x0C, 0x3D, 0xF1, 0x28, 0x0C
	.byte 0x41, 0x0C, 0x42, 0xF1, 0x14, 0x0C, 0x42, 0xF1, 0x28, 0x18, 0x42, 0xF1, 0x14, 0x0C, 0x42, 0xF1
	.byte 0x28, 0x0C, 0x3F, 0xF1, 0x14, 0x0C, 0x3F, 0xF1, 0x28, 0x12, 0x3B, 0xF1, 0x14, 0x06, 0x3B, 0xF1
	.byte 0x28, 0x0C, 0x3D, 0xF1, 0x14, 0x0C, 0x3D, 0xF1, 0x28, 0x0A, 0x41, 0xF1, 0x14, 0x02, 0x41, 0xF1
	.byte 0x28, 0x78, 0x44, 0xF1, 0x14, 0x0C, 0x44, 0xF1, 0x28, 0xF6, 0x18, 0x0C, 0x3D, 0xF1, 0x14, 0x0C
	.byte 0x3D, 0xF1, 0x28, 0x0A, 0x3F, 0xF1, 0x14, 0x0E, 0x3F, 0xF1, 0x28, 0x0C, 0x41, 0x12, 0x42, 0xF1
	.byte 0x14, 0x06, 0x42, 0xF1, 0x28, 0x18, 0x44, 0xF1, 0x14, 0x0C, 0x44, 0xF1, 0x28, 0x0A, 0x42, 0xF1
	.byte 0x14, 0x0E, 0x42, 0xF1, 0x28, 0x0C, 0x41, 0xF1, 0x14, 0x0C, 0x41, 0xF1, 0x28, 0x0C, 0x42, 0xF1
	.byte 0x14, 0x0C, 0x42, 0xF1, 0x28, 0x18, 0x44, 0xF1, 0x14, 0x0C, 0x44, 0xF1, 0x28, 0x18, 0x49, 0xF1
	.byte 0x14, 0x0C, 0x44, 0xF1, 0x28, 0x0C, 0x44, 0x12, 0x42, 0xF1, 0x14, 0x06, 0x42, 0xF1, 0x28, 0x0A
	.byte 0x42, 0xF1, 0x14, 0x02, 0x42, 0xF1, 0x28, 0x0A, 0x41, 0xF1, 0x14, 0x02, 0x41, 0xF1, 0x28, 0x24
	.byte 0x3F, 0xF1, 0x14, 0x0C, 0x3F, 0xF1, 0x28, 0xF6, 0x0C, 0x18, 0x41, 0xF1, 0x14, 0x0C, 0x41, 0xF1
	.byte 0x28, 0x18, 0x3D, 0xF1, 0x14, 0x0C, 0x3D, 0xF1, 0x28, 0x0C, 0x41, 0x12, 0x3F, 0xF1, 0x14, 0x06
	.byte 0x41, 0xF1, 0x28, 0x0A, 0x3F, 0xF1, 0x14, 0x02, 0x3F, 0xF1, 0x28, 0x0C, 0x42, 0xF1, 0x14, 0x0C
	.byte 0x42, 0xF1, 0x28, 0x0C, 0x47, 0xF1, 0x14, 0x0C, 0x47, 0xF1, 0x28, 0x0C, 0x4B, 0xF1, 0x14, 0x0C
	.byte 0x4B, 0xF1, 0x28, 0xA8, 0x49, 0xF1, 0x14, 0x0C, 0x49, 0xF1, 0x28, 0xF6, 0x0C, 0xF0, 0xC0, 0xF2
	.byte 0xC8, 0xF1, 0x28, 0xF6, 0xA8, 0x0C, 0x4D, 0x0C, 0x4E, 0x0C, 0x50, 0xF1, 0x14, 0x0C, 0x50, 0xF1
	.byte 0x28, 0xF6, 0x0C, 0x0C, 0x4E, 0xF1, 0x14, 0x0C, 0x4E, 0xF1, 0x28, 0xF6, 0x0C, 0x0C, 0x4D, 0xF1
	.byte 0x14, 0x0C, 0x4D, 0xF1, 0x28, 0x0C, 0x4B, 0x04, 0x4D, 0xF1, 0x1E, 0x04, 0x4B, 0x04, 0x4D, 0x04
	.byte 0x4B, 0x04, 0x4D, 0x04, 0x4B, 0x04, 0x4D, 0x04, 0x4B, 0x04, 0x4D, 0x04, 0x4B, 0x04, 0x4D, 0x04
	.byte 0x4B, 0x04, 0x4D, 0x04, 0x4B, 0x04, 0x4D, 0x04, 0x4B, 0x04, 0x4D, 0x08, 0x4B, 0xF1, 0x14, 0x08
	.byte 0x4B, 0xF1, 0x28, 0x0C, 0x49, 0xF1, 0x14, 0x0C, 0x49, 0xF1, 0x28, 0x0C, 0x4B, 0xF1, 0x14, 0x0C
	.byte 0x4B, 0xF1, 0x28, 0x0C, 0x4D, 0x0C, 0x4E, 0xF1, 0x14, 0x0C, 0x4E, 0xF1, 0x28, 0x0C, 0x50, 0x04
	.byte 0x52, 0xF1, 0x1E, 0x04, 0x50, 0x04, 0x52, 0x04, 0x50, 0x04, 0x52, 0x04, 0x50, 0x04, 0x52, 0x04
	.byte 0x50, 0x04, 0x52, 0x04, 0x50, 0x04, 0x52, 0x04, 0x50, 0x04, 0x52, 0x04, 0x50, 0x04, 0x52, 0x04
	.byte 0x50, 0x04, 0x52, 0x04, 0x50, 0x04, 0x52, 0x04, 0x50, 0x04, 0x52, 0x04, 0x50, 0x04, 0x52, 0x04
	.byte 0x50, 0x18, 0x50, 0xF1, 0x14, 0x0C, 0x50, 0xF1, 0x28, 0xF6, 0x96, 0xF8, 0xD7, 0xFD, 0xFF, 0xF9
	.byte 0x70, 0xF6, 0xC0, 0xF6, 0xC0, 0xF6, 0xC0, 0xF6, 0xC0, 0xF6, 0x02, 0xF0, 0xC2, 0xF2, 0x64, 0xF1
	.byte 0x50, 0x0C, 0x3D, 0xF1, 0x28, 0x0C, 0x3D, 0xF1, 0x50, 0x0C, 0x3F, 0xF1, 0x28, 0x0C, 0x3F, 0xF1
	.byte 0x50, 0x0C, 0x41, 0x12, 0x42, 0xF1, 0x28, 0x06, 0x42, 0xF1, 0x50, 0x18, 0x44, 0xF1, 0x28, 0x0C
	.byte 0x44, 0xF1, 0x50, 0x0C, 0x42, 0xF1, 0x28, 0x0C, 0x42, 0xF1, 0x50, 0x0C, 0x41, 0xF1, 0x28, 0x0C
	.byte 0x41, 0xF1, 0x50, 0x0C, 0x42, 0xF1, 0x28, 0x0C, 0x42, 0xF1, 0x50, 0x18, 0x44, 0xF1, 0x28, 0x0C
	.byte 0x44, 0xF1, 0x50, 0x18, 0x49, 0xF1, 0x28, 0x0C, 0x49, 0xF1, 0x50, 0x0C, 0x44, 0x12, 0x42, 0xF1
	.byte 0x28, 0x06, 0x42, 0xF1, 0x50, 0x0A, 0x42, 0xF1, 0x28, 0x02, 0x42, 0xF1, 0x50, 0x0A, 0x41, 0xF1
	.byte 0x28, 0x02, 0x41, 0xF1, 0x50, 0x24, 0x3F, 0xF1, 0x28, 0x0C, 0x3F, 0xF1, 0x50, 0xF6, 0x0C, 0x18
	.byte 0x41, 0xF1, 0x28, 0x0C, 0x41, 0xF1, 0x50, 0x18, 0x3D, 0xF1, 0x28, 0x0C, 0x3D, 0xF1, 0x50, 0x0C
	.byte 0x41, 0x0C, 0x42, 0xF1, 0x28, 0x0C, 0x42, 0xF1, 0x50, 0x18, 0x42, 0xF1, 0x28, 0x0C, 0x42, 0xF1
	.byte 0x50, 0x0C, 0x3F, 0xF1, 0x28, 0x0C, 0x3F, 0xF1, 0x50, 0x12, 0x3B, 0xF1, 0x28, 0x06, 0x3B, 0xF1
	.byte 0x50, 0x0C, 0x3D, 0xF1, 0x28, 0x0C, 0x3D, 0xF1, 0x50, 0x0A, 0x41, 0xF1, 0x28, 0x02, 0x41, 0xF1
	.byte 0x50, 0x78, 0x44, 0xF1, 0x28, 0x0C, 0x44, 0xF1, 0x50, 0xF6, 0x18, 0x0C, 0x3D, 0xF1, 0x28, 0x0C
	.byte 0x3D, 0xF1, 0x50, 0x0A, 0x3F, 0xF1, 0x28, 0x0E, 0x3F, 0xF1, 0x50, 0x0C, 0x41, 0x12, 0x42, 0xF1
	.byte 0x28, 0x06, 0x42, 0xF1, 0x50, 0x18, 0x44, 0xF1, 0x28, 0x0C, 0x44, 0xF1, 0x50, 0x0A, 0x42, 0xF1
	.byte 0x28, 0x0E, 0x42, 0xF1, 0x50, 0x0C, 0x41, 0xF1, 0x28, 0x0C, 0x41, 0xF1, 0x50, 0x0C, 0x42, 0xF1
	.byte 0x28, 0x0C, 0x42, 0xF1, 0x50, 0x18, 0x44, 0xF1, 0x28, 0x0C, 0x44, 0xF1, 0x50, 0x18, 0x49, 0xF1
	.byte 0x28, 0x0C, 0x44, 0xF1, 0x50, 0x0C, 0x44, 0x12, 0x42, 0xF1, 0x28, 0x06, 0x42, 0xF1, 0x50, 0x0A
	.byte 0x42, 0xF1, 0x28, 0x02, 0x42, 0xF1, 0x50, 0x0A, 0x41, 0xF1, 0x28, 0x02, 0x41, 0xF1, 0x50, 0x24
	.byte 0x3F, 0xF1, 0x28, 0x0C, 0x3F, 0xF1, 0x50, 0xF6, 0x0C, 0x18, 0x41, 0xF1, 0x28, 0x0C, 0x41, 0xF1
	.byte 0x50, 0x18, 0x3D, 0xF1, 0x28, 0x0C, 0x3D, 0xF1, 0x50, 0x0C, 0x41, 0x12, 0x3F, 0xF1, 0x28, 0x06
	.byte 0x41, 0xF1, 0x50, 0x0A, 0x3F, 0xF1, 0x28, 0x02, 0x3F, 0xF1, 0x50, 0x0C, 0x42, 0xF1, 0x28, 0x0C
	.byte 0x42, 0xF1, 0x50, 0x0C, 0x47, 0xF1, 0x28, 0x0C, 0x47, 0xF1, 0x50, 0x0C, 0x4B, 0xF1, 0x28, 0x0C
	.byte 0x4B, 0xF1, 0x50, 0xA8, 0x49, 0xF1, 0x28, 0x0C, 0x49, 0xF1, 0x50, 0xF6, 0x0A, 0xF6, 0xC0, 0xF6
	.byte 0xC0, 0xF6, 0xC0, 0xF6, 0xC0, 0xF8, 0x7D, 0xFE, 0xFF, 0x00, 0x00, 0x00, 0xFC, 0x03, 0x12, 0x00
	.byte 0xF6, 0x01, 0xFE, 0x03, 0xE8, 0x09, 0x6A, 0x0B, 0xBC, 0x0D, 0x48, 0x0F, 0x2C, 0x11, 0xF9, 0x64
	.byte 0xF0, 0x6D, 0xF2, 0x64, 0xF1, 0xA0, 0x0C, 0x30, 0x0C, 0x3C, 0x0C, 0x2D, 0x0C, 0x39, 0x0C, 0x2E
	.byte 0x0C, 0x3A, 0xF1, 0x3C, 0x0C, 0x3A, 0xF1, 0xA0, 0xF6, 0x6C, 0x0C, 0x30, 0x0C, 0x3C, 0x0C, 0x2D
	.byte 0x0C, 0x39, 0x0C, 0x2E, 0x0C, 0x3A, 0xF1, 0x3C, 0x0C, 0x3A, 0xF1, 0xA0, 0xF6, 0x6C, 0x0C, 0x29
	.byte 0x0C, 0x35, 0x0C, 0x26, 0x0C, 0x32, 0x0C, 0x27, 0x0C, 0x33, 0xF1, 0x3C, 0x0C, 0x33, 0xF1, 0xA0
	.byte 0xF6, 0x6C, 0x0C, 0x29, 0x0C, 0x35, 0x0C, 0x26, 0x0C, 0x32, 0x0C, 0x27, 0x0C, 0x33, 0xF1, 0x3C
	.byte 0x0C, 0x33, 0xF1, 0xA0, 0xF6, 0x54, 0x08, 0x33, 0x08, 0x32, 0x08, 0x31, 0x0C, 0x30, 0xF1, 0x3C
	.byte 0x0C, 0x30, 0xF1, 0xA0, 0x0C, 0x33, 0xF1, 0x3C, 0x0C, 0x33, 0xF1, 0xA0, 0x0C, 0x32, 0xF1, 0x3C
	.byte 0x0C, 0x32, 0xF1, 0xA0, 0x0C, 0x2C, 0xF1, 0x3C, 0x0C, 0x2C, 0xF1, 0xA0, 0x0C, 0x2B, 0xF1, 0x3C
	.byte 0x0C, 0x2B, 0xF1, 0xA0, 0x0C, 0x31, 0xF1, 0x3C, 0x0C, 0x31, 0xF1, 0xA0, 0x08, 0x30, 0x08, 0x36
	.byte 0x08, 0x35, 0x08, 0x34, 0x08, 0x3A, 0x08, 0x39, 0x08, 0x38, 0xF1, 0x3C, 0x08, 0x38, 0xF1, 0xA0
	.byte 0x08, 0x33, 0xF1, 0x3C, 0x08, 0x33, 0xF1, 0xA0, 0x08, 0x2F, 0xF1, 0x3C, 0x08, 0x2F, 0xF1, 0xA0
	.byte 0x08, 0x2E, 0xF1, 0x3C, 0x08, 0x2E, 0xF1, 0xA0, 0x08, 0x2D, 0xF1, 0x3C, 0x08, 0x2D, 0xF1, 0xA0
	.byte 0x08, 0x2C, 0xF1, 0x3C, 0x08, 0x2C, 0xF1, 0xA0, 0xF6, 0x60, 0x0C, 0x30, 0x0C, 0x3C, 0x0C, 0x2D
	.byte 0x0C, 0x39, 0x0C, 0x2E, 0x0C, 0x3A, 0xF1, 0x3C, 0x0C, 0x3A, 0xF1, 0xA0, 0xF6, 0x6C, 0x0C, 0x30
	.byte 0x0C, 0x3C, 0x0C, 0x2D, 0x0C, 0x39, 0x0C, 0x2E, 0x0C, 0x3A, 0xF1, 0x3C, 0x0C, 0x3A, 0xF1, 0xA0
	.byte 0xF6, 0x6C, 0x0C, 0x29, 0x0C, 0x35, 0x0C, 0x26, 0x0C, 0x32, 0x0C, 0x27, 0x0C, 0x33, 0xF1, 0x3C
	.byte 0x0C, 0x33, 0xF1, 0xA0, 0xF6, 0x6C, 0x0C, 0x29, 0x0C, 0x35, 0x0C, 0x26, 0x0C, 0x32, 0x0C, 0x27
	.byte 0x0C, 0x33, 0xF1, 0x3C, 0x0C, 0x33, 0xF1, 0xA0, 0xF6, 0x6C, 0x0C, 0x30, 0x0C, 0x3C, 0x0C, 0x2D
	.byte 0x0C, 0x39, 0x0C, 0x2E, 0x0C, 0x3A, 0xF1, 0x3C, 0x0C, 0x3A, 0xF1, 0xA0, 0xF6, 0x6C, 0x0C, 0x30
	.byte 0x0C, 0x3C, 0x0C, 0x2D, 0x0C, 0x39, 0x0C, 0x2E, 0x0C, 0x3A, 0xF1, 0x3C, 0x0C, 0x3A, 0xF1, 0xA0
	.byte 0xF6, 0x6C, 0x0C, 0x29, 0x0C, 0x35, 0x0C, 0x26, 0x0C, 0x32, 0x0C, 0x27, 0x0C, 0x33, 0xF1, 0x3C
	.byte 0x0C, 0x33, 0xF1, 0xA0, 0xF6, 0x6C, 0x0C, 0x29, 0x0C, 0x35, 0x0C, 0x26, 0x0C, 0x32, 0x0C, 0x27
	.byte 0x0C, 0x33, 0xF1, 0x3C, 0x0C, 0x33, 0xF1, 0xA0, 0xF6, 0x54, 0x08, 0x33, 0x08, 0x32, 0x08, 0x31
	.byte 0x0C, 0x30, 0xF1, 0x3C, 0x0C, 0x30, 0xF1, 0xA0, 0x0C, 0x33, 0xF1, 0x3C, 0x0C, 0x33, 0xF1, 0xA0
	.byte 0x0C, 0x32, 0xF1, 0x3C, 0x0C, 0x32, 0xF1, 0xA0, 0x0C, 0x2C, 0xF1, 0x3C, 0x0C, 0x2C, 0xF1, 0xA0
	.byte 0x0C, 0x2B, 0xF1, 0x3C, 0x0C, 0x2B, 0xF1, 0xA0, 0x0C, 0x31, 0xF1, 0x3C, 0x0C, 0x31, 0xF1, 0xA0
	.byte 0x08, 0x30, 0x08, 0x36, 0x08, 0x35, 0x08, 0x34, 0x08, 0x3A, 0x08, 0x39, 0x08, 0x38, 0xF1, 0x3C
	.byte 0x08, 0x38, 0xF1, 0xA0, 0x08, 0x33, 0xF1, 0x3C, 0x08, 0x33, 0xF1, 0xA0, 0x08, 0x2F, 0xF1, 0x3C
	.byte 0x08, 0x2F, 0xF1, 0xA0, 0x08, 0x2E, 0xF1, 0x3C, 0x08, 0x2E, 0xF1, 0xA0, 0x08, 0x2D, 0xF1, 0x3C
	.byte 0x08, 0x2D, 0xF1, 0xA0, 0x08, 0x2C, 0xF1, 0x3C, 0x08, 0x2C, 0xF1, 0xA0, 0xF6, 0x60, 0xF8, 0xE9
	.byte 0xFE, 0xFF, 0xF9, 0x64, 0xF0, 0x16, 0xF2, 0x8C, 0xF1, 0x78, 0x0C, 0x30, 0x0C, 0x3C, 0x0C, 0x2D
	.byte 0x0C, 0x39, 0x0C, 0x2E, 0x00, 0xBA, 0x0C, 0xF1, 0x3C, 0x0C, 0x3A, 0xF1, 0x78, 0xF6, 0x6C, 0x0C
	.byte 0x30, 0x0C, 0x3C, 0x0C, 0x2D, 0x0C, 0x39, 0x0C, 0x2E, 0x00, 0xBA, 0x0C, 0xF1, 0x3C, 0x0C, 0x3A
	.byte 0xF1, 0x78, 0xF6, 0x6C, 0x0C, 0x35, 0x0C, 0x41, 0x0C, 0x32, 0x0C, 0x3E, 0x0C, 0x33, 0x00, 0xBF
	.byte 0x0C, 0xF1, 0x3C, 0x0C, 0x3A, 0xF1, 0x78, 0xF6, 0x6C, 0x0C, 0x35, 0x0C, 0x41, 0x0C, 0x32, 0x0C
	.byte 0x3E, 0x0C, 0x33, 0x00, 0xBF, 0x0C, 0xF1, 0x3C, 0x0C, 0x3F, 0xF1, 0x78, 0xF6, 0x54, 0x08, 0x3F
	.byte 0x08, 0x3E, 0x08, 0x3D, 0x00, 0xBC, 0x0C, 0xF1, 0x3C, 0x0C, 0x3C, 0xF1, 0x78, 0x00, 0xBF, 0x0C
	.byte 0xF1, 0x3C, 0x0C, 0x3F, 0xF1, 0x78, 0x00, 0xBE, 0x0C, 0xF1, 0x3C, 0x0C, 0x3E, 0xF1, 0x78, 0x00
	.byte 0xB8, 0x0C, 0xF1, 0x3C, 0x0C, 0x38, 0xF1, 0x78, 0x00, 0xB7, 0x0C, 0xF1, 0x3C, 0x0C, 0x37, 0xF1
	.byte 0x78, 0x00, 0xBD, 0x0C, 0xF1, 0x3C, 0x0C, 0x3D, 0xF1, 0x78, 0x08, 0x3C, 0x08, 0x42, 0x08, 0x41
	.byte 0x08, 0x40, 0x08, 0x46, 0x08, 0x45, 0x00, 0xC4, 0x08, 0xF1, 0x3C, 0x08, 0x44, 0xF1, 0x78, 0x00
	.byte 0xBF, 0x08, 0xF1, 0x3C, 0x08, 0x3F, 0xF1, 0x78, 0x00, 0xBB, 0x08, 0xF1, 0x3C, 0x08, 0x3B, 0xF1
	.byte 0x78, 0x00, 0xBA, 0x08, 0xF1, 0x3C, 0x08, 0x3A, 0xF1, 0x78, 0x00, 0xB9, 0x08, 0xF1, 0x3C, 0x08
	.byte 0x39, 0xF1, 0x78, 0x00, 0xB8, 0x08, 0xF1, 0x3C, 0x08, 0x2C, 0xF1, 0x78, 0xF6, 0x60, 0x0C, 0x30
	.byte 0x0C, 0x3C, 0x0C, 0x2D, 0x0C, 0x39, 0x0C, 0x2E, 0x00, 0xBA, 0x0C, 0xF1, 0x3C, 0x0C, 0x3A, 0xF1
	.byte 0x78, 0xF6, 0x6C, 0x0C, 0x30, 0x0C, 0x3C, 0x0C, 0x2D, 0x0C, 0x39, 0x0C, 0x2E, 0x00, 0xBA, 0x0C
	.byte 0xF1, 0x3C, 0x0C, 0x3A, 0xF1, 0x78, 0xF6, 0x6C, 0x0C, 0x35, 0x0C, 0x41, 0x0C, 0x32, 0x0C, 0x3E
	.byte 0x0C, 0x33, 0x00, 0xBF, 0x0C, 0xF1, 0x3C, 0x0C, 0x3F, 0xF1, 0x78, 0xF6, 0x6C, 0x0C, 0x35, 0x0C
	.byte 0x41, 0x0C, 0x32, 0x0C, 0x3E, 0x0C, 0x33, 0x00, 0xBF, 0x0C, 0xF1, 0x3C, 0x0C, 0x3F, 0xF1, 0x78
	.byte 0xF6, 0x6C, 0x0C, 0x30, 0x0C, 0x3C, 0x0C, 0x2D, 0x0C, 0x39, 0x0C, 0x2E, 0x00, 0xBA, 0x0C, 0xF1
	.byte 0x3C, 0x0C, 0x3A, 0xF1, 0x78, 0xF6, 0x6C, 0x0C, 0x30, 0x0C, 0x3C, 0x0C, 0x2D, 0x0C, 0x39, 0x0C
	.byte 0x2E, 0x00, 0xBA, 0x0C, 0xF1, 0x3C, 0x0C, 0x3A, 0xF1, 0x78, 0xF6, 0x6C, 0x0C, 0x35, 0x0C, 0x41
	.byte 0x0C, 0x32, 0x0C, 0x3E, 0x0C, 0x33, 0x00, 0xBF, 0x0C, 0xF1, 0x3C, 0x0C, 0x3F, 0xF1, 0x78, 0xF6
	.byte 0x6C, 0x0C, 0x35, 0x0C, 0x41, 0x0C, 0x32, 0x0C, 0x3E, 0x0C, 0x33, 0x00, 0xBF, 0x0C, 0xF1, 0x3C
	.byte 0x0C, 0x3F, 0xF1, 0x78, 0xF6, 0x54, 0x08, 0x3F, 0x08, 0x3E, 0x08, 0x3D, 0x00, 0xBC, 0x0C, 0xF1
	.byte 0x3C, 0x0C, 0x3C, 0xF1, 0x78, 0x00, 0xBF, 0x0C, 0xF1, 0x3C, 0x0C, 0x3F, 0xF1, 0x78, 0x00, 0xBE
	.byte 0x0C, 0xF1, 0x3C, 0x0C, 0x3E, 0xF1, 0x78, 0x00, 0xB8, 0x0C, 0xF1, 0x3C, 0x0C, 0x38, 0xF1, 0x78
	.byte 0x00, 0xB7, 0x0C, 0xF1, 0x3C, 0x0C, 0x37, 0xF1, 0x78, 0x00, 0xBD, 0x0C, 0xF1, 0x3C, 0x0C, 0x3D
	.byte 0xF1, 0x78, 0x08, 0x3C, 0x08, 0x42, 0x08, 0x41, 0x08, 0x40, 0x08, 0x46, 0x08, 0x45, 0x00, 0xC4
	.byte 0x08, 0xF1, 0x3C, 0x08, 0x44, 0xF1, 0x78, 0x00, 0xBF, 0x08, 0xF1, 0x3C, 0x08, 0x3F, 0xF1, 0x78
	.byte 0x00, 0xBB, 0x08, 0xF1, 0x3C, 0x08, 0x3B, 0xF1, 0x78, 0x00, 0xBA, 0x08, 0xF1, 0x3C, 0x08, 0x3A
	.byte 0xF1, 0x78, 0x00, 0xB9, 0x08, 0xF1, 0x3C, 0x08, 0x39, 0xF1, 0x78, 0x00, 0xB8, 0x08, 0xF1, 0x3C
	.byte 0x08, 0x38, 0xF1, 0x78, 0xF6, 0x60, 0xF8, 0xD5, 0xFE, 0xFF, 0xF9, 0x64, 0xF6, 0xC0, 0xF6, 0xC0
	.byte 0xF6, 0xC0, 0xF0, 0x27, 0xF1, 0xFF, 0xF6, 0xA8, 0x08, 0x33, 0x08, 0x32, 0x08, 0x31, 0x0C, 0x30
	.byte 0xF1, 0x8C, 0x0C, 0x30, 0xF1, 0xFF, 0x0C, 0x33, 0xF1, 0x8C, 0x0C, 0x33, 0xF1, 0xFF, 0x0C, 0x32
	.byte 0xF1, 0x8C, 0x0C, 0x32, 0xF1, 0xFF, 0x0C, 0x2C, 0xF1, 0x8C, 0x0C, 0x2C, 0xF1, 0xFF, 0x0C, 0x2B
	.byte 0xF1, 0x8C, 0x0C, 0x2B, 0xF1, 0xFF, 0x0C, 0x31, 0xF1, 0x8C, 0x0C, 0x31, 0xF1, 0xFF, 0x08, 0x30
	.byte 0x08, 0x36, 0x08, 0x35, 0x08, 0x34, 0x08, 0x3A, 0x08, 0x39, 0x08, 0x38, 0xF1, 0x8C, 0x08, 0x38
	.byte 0xF1, 0xFF, 0x08, 0x33, 0xF1, 0x8C, 0x08, 0x33, 0xF1, 0xFF, 0x08, 0x2F, 0xF1, 0x8C, 0x08, 0x2F
	.byte 0xF1, 0xFF, 0x08, 0x2E, 0xF1, 0x8C, 0x08, 0x2E, 0xF1, 0xFF, 0x08, 0x2D, 0xF1, 0x8C, 0x08, 0x2D
	.byte 0xF1, 0xFF, 0x08, 0x2C, 0xF1, 0x8C, 0x08, 0x2C, 0xF1, 0xFF, 0xF6, 0x60, 0xF0, 0x26, 0xF1, 0xB4
	.byte 0x04, 0x3C, 0xF1, 0x50, 0x04, 0x3C, 0xF1, 0xB4, 0xF6, 0x04, 0x04, 0x3C, 0xF1, 0x50, 0x04, 0x3C
	.byte 0xF1, 0xB4, 0xF6, 0x04, 0x04, 0x48, 0xF1, 0x50, 0x04, 0x48, 0xF1, 0xB4, 0xF6, 0x04, 0x04, 0x3C
	.byte 0xF1, 0x50, 0x04, 0x3C, 0xF1, 0xB4, 0xF6, 0x04, 0x04, 0x3C, 0xF1, 0x50, 0x04, 0x3C, 0xF1, 0xB4
	.byte 0xF6, 0x04, 0x04, 0x48, 0xF1, 0x50, 0x04, 0x48, 0xF1, 0xB4, 0xF6, 0x04, 0x04, 0x48, 0xF1, 0x50
	.byte 0x04, 0x48, 0xF1, 0xB4, 0xF6, 0x04, 0x04, 0x3C, 0xF1, 0x50, 0x04, 0x3C, 0xF1, 0xB4, 0xF6, 0x04
	.byte 0x04, 0x3C, 0xF1, 0x50, 0x04, 0x3C, 0xF1, 0xB4, 0xF6, 0x04, 0x04, 0x3C, 0xF1, 0x50, 0x04, 0x3C
	.byte 0xF1, 0xB4, 0xF6, 0x04, 0x04, 0x48, 0xF1, 0x50, 0x04, 0x48, 0xF1, 0xB4, 0xF6, 0x04, 0x04, 0x3C
	.byte 0xF1, 0x50, 0x04, 0x3C, 0xF1, 0xB4, 0xF6, 0x04, 0x04, 0x3C, 0xF1, 0x50, 0x04, 0x3C, 0xF1, 0xB4
	.byte 0xF6, 0x04, 0x04, 0x48, 0xF1, 0x50, 0x04, 0x48, 0xF1, 0xB4, 0xF6, 0x04, 0x04, 0x3C, 0xF1, 0x50
	.byte 0x04, 0x3C, 0xF1, 0xB4, 0xF6, 0x04, 0x04, 0x48, 0xF1, 0x50, 0x04, 0x48, 0xF1, 0xB4, 0xF6, 0x04
	.byte 0x04, 0x3C, 0xF1, 0x50, 0x04, 0x3C, 0xF1, 0xB4, 0xF6, 0x04, 0x04, 0x3C, 0xF1, 0x50, 0x04, 0x3C
	.byte 0xF1, 0xB4, 0xF6, 0x04, 0x04, 0x48, 0xF1, 0x50, 0x04, 0x48, 0xF1, 0xB4, 0xF6, 0x04, 0x04, 0x3C
	.byte 0xF1, 0x50, 0x04, 0x3C, 0xF1, 0xB4, 0xF6, 0x04, 0x04, 0x3C, 0xF1, 0x50, 0x04, 0x3C, 0xF1, 0xB4
	.byte 0xF6, 0x04, 0x04, 0x48, 0xF1, 0x50, 0x04, 0x48, 0xF1, 0xB4, 0xF6, 0x04, 0x04, 0x48, 0xF1, 0x50
	.byte 0x04, 0x48, 0xF1, 0xB4, 0xF6, 0x04, 0x04, 0x3C, 0xF1, 0x50, 0x04, 0x3C, 0xF1, 0xB4, 0xF6, 0x04
	.byte 0x04, 0x3C, 0xF1, 0x50, 0x04, 0x3C, 0xF1, 0xB4, 0xF6, 0x04, 0x04, 0x3C, 0xF1, 0x50, 0x04, 0x3C
	.byte 0xF1, 0xB4, 0xF6, 0x04, 0x04, 0x48, 0xF1, 0x50, 0x04, 0x48, 0xF1, 0xB4, 0xF6, 0x04, 0x04, 0x3C
	.byte 0xF1, 0x50, 0x04, 0x3C, 0xF1, 0xB4, 0xF6, 0x04, 0x04, 0x3C, 0xF1, 0x50, 0x04, 0x3C, 0xF1, 0xB4
	.byte 0xF6, 0x04, 0x04, 0x48, 0xF1, 0x50, 0x04, 0x48, 0xF1, 0xB4, 0xF6, 0x04, 0x04, 0x3C, 0xF1, 0x50
	.byte 0x04, 0x3C, 0xF1, 0xB4, 0xF6, 0x04, 0x04, 0x48, 0xF1, 0x50, 0x04, 0x48, 0xF1, 0xB4, 0xF6, 0x04
	.byte 0x04, 0x41, 0xF1, 0x50, 0x04, 0x41, 0xF1, 0xB4, 0xF6, 0x04, 0x04, 0x41, 0xF1, 0x50, 0x04, 0x41
	.byte 0xF1, 0xB4, 0xF6, 0x04, 0x04, 0x4D, 0xF1, 0x50, 0x04, 0x4D, 0xF1, 0xB4, 0xF6, 0x04, 0x04, 0x41
	.byte 0xF1, 0x50, 0x04, 0x41, 0xF1, 0xB4, 0xF6, 0x04, 0x04, 0x41, 0xF1, 0x50, 0x04, 0x41, 0xF1, 0xB4
	.byte 0xF6, 0x04, 0x04, 0x4D, 0xF1, 0x50, 0x04, 0x4D, 0xF1, 0xB4, 0xF6, 0x04, 0x04, 0x4D, 0xF1, 0x50
	.byte 0x04, 0x4D, 0xF1, 0xB4, 0xF6, 0x04, 0x04, 0x41, 0xF1, 0x50, 0x04, 0x41, 0xF1, 0xB4, 0xF6, 0x04
	.byte 0x04, 0x41, 0xF1, 0x50, 0x04, 0x41, 0xF1, 0xB4, 0xF6, 0x04, 0x04, 0x3C, 0xF1, 0x50, 0x04, 0x41
	.byte 0xF1, 0xB4, 0xF6, 0x04, 0x04, 0x4D, 0xF1, 0x50, 0x04, 0x4D, 0xF1, 0xB4, 0xF6, 0x04, 0x04, 0x41
	.byte 0xF1, 0x50, 0x04, 0x41, 0xF1, 0xB4, 0xF6, 0x04, 0x04, 0x41, 0xF1, 0x50, 0x04, 0x41, 0xF1, 0xB4
	.byte 0xF6, 0x04, 0x04, 0x4D, 0xF1, 0x50, 0x04, 0x4D, 0xF1, 0xB4, 0xF6, 0x04, 0x04, 0x41, 0xF1, 0x50
	.byte 0x04, 0x41, 0xF1, 0xB4, 0xF6, 0x04, 0x04, 0x4D, 0xF1, 0x50, 0x04, 0x4D, 0xF1, 0xB4, 0xF6, 0x04
	.byte 0x04, 0x41, 0xF1, 0x50, 0x04, 0x41, 0xF1, 0xB4, 0xF6, 0x04, 0x04, 0x41, 0xF1, 0x50, 0x04, 0x41
	.byte 0xF1, 0xB4, 0xF6, 0x04, 0x04, 0x4D, 0xF1, 0x50, 0x04, 0x4D, 0xF1, 0xB4, 0xF6, 0x04, 0x04, 0x41
	.byte 0xF1, 0x50, 0x04, 0x41, 0xF1, 0xB4, 0xF6, 0x04, 0x04, 0x41, 0xF1, 0x50, 0x04, 0x41, 0xF1, 0xB4
	.byte 0xF6, 0x04, 0x04, 0x4D, 0xF1, 0x50, 0x04, 0x4D, 0xF1, 0xB4, 0xF6, 0x04, 0x04, 0x4D, 0xF1, 0x50
	.byte 0x04, 0x4D, 0xF1, 0xB4, 0xF6, 0x04, 0x04, 0x41, 0xF1, 0x50, 0x04, 0x41, 0xF1, 0xB4, 0xF6, 0x04
	.byte 0x04, 0x41, 0xF1, 0x50, 0x04, 0x41, 0xF1, 0xB4, 0xF6, 0x04, 0x04, 0x3C, 0xF1, 0x50, 0x04, 0x41
	.byte 0xF1, 0xB4, 0xF6, 0x04, 0x04, 0x4D, 0xF1, 0x50, 0x04, 0x4D, 0xF1, 0xB4, 0xF6, 0x04, 0x04, 0x41
	.byte 0xF1, 0x50, 0x04, 0x41, 0xF1, 0xB4, 0xF6, 0x04, 0x04, 0x41, 0xF1, 0x50, 0x04, 0x41, 0xF1, 0xB4
	.byte 0xF6, 0x04, 0x04, 0x4D, 0xF1, 0x50, 0x04, 0x4D, 0xF1, 0xB4, 0xF6, 0x04, 0x04, 0x41, 0xF1, 0x50
	.byte 0x04, 0x41, 0xF1, 0xB4, 0xF6, 0x04, 0x04, 0x4D, 0xF1, 0x50, 0x04, 0x4D, 0xF1, 0xB4, 0xF6, 0x04
	.byte 0x04, 0x3C, 0xF1, 0x50, 0x04, 0x3C, 0xF1, 0xB4, 0xF6, 0x04, 0x04, 0x3C, 0xF1, 0x50, 0x04, 0x3C
	.byte 0xF1, 0xB4, 0xF6, 0x04, 0x04, 0x48, 0xF1, 0x50, 0x04, 0x48, 0xF1, 0xB4, 0xF6, 0x04, 0x04, 0x3C
	.byte 0xF1, 0x50, 0x04, 0x3C, 0xF1, 0xB4, 0xF6, 0x04, 0x04, 0x3C, 0xF1, 0x50, 0x04, 0x3C, 0xF1, 0xB4
	.byte 0xF6, 0x04, 0x04, 0x48, 0xF1, 0x50, 0x04, 0x48, 0xF1, 0xB4, 0xF6, 0x04, 0x04, 0x48, 0xF1, 0x50
	.byte 0x04, 0x48, 0xF1, 0xB4, 0xF6, 0x04, 0x04, 0x3C, 0xF1, 0x50, 0x04, 0x3C, 0xF1, 0xB4, 0xF6, 0x04
	.byte 0x04, 0x3C, 0xF1, 0x50, 0x04, 0x3C, 0xF1, 0xB4, 0xF6, 0x04, 0x04, 0x3C, 0xF1, 0x50, 0x04, 0x3C
	.byte 0xF1, 0xB4, 0xF6, 0x04, 0x04, 0x48, 0xF1, 0x50, 0x04, 0x48, 0xF1, 0xB4, 0xF6, 0x04, 0x04, 0x3C
	.byte 0xF1, 0x50, 0x04, 0x3C, 0xF1, 0xB4, 0xF6, 0x04, 0x04, 0x3C, 0xF1, 0x50, 0x04, 0x3C, 0xF1, 0xB4
	.byte 0xF6, 0x04, 0x04, 0x48, 0xF1, 0x50, 0x04, 0x48, 0xF1, 0xB4, 0xF6, 0x04, 0x04, 0x3C, 0xF1, 0x50
	.byte 0x04, 0x3C, 0xF1, 0xB4, 0xF6, 0x04, 0x04, 0x48, 0xF1, 0x50, 0x04, 0x48, 0xF1, 0xB4, 0xF6, 0x04
	.byte 0x04, 0x3C, 0xF1, 0x50, 0x04, 0x3C, 0xF1, 0xB4, 0xF6, 0x04, 0x04, 0x3C, 0xF1, 0x50, 0x04, 0x3C
	.byte 0xF1, 0xB4, 0xF6, 0x04, 0x04, 0x48, 0xF1, 0x50, 0x04, 0x48, 0xF1, 0xB4, 0xF6, 0x04, 0x04, 0x3C
	.byte 0xF1, 0x50, 0x04, 0x3C, 0xF1, 0xB4, 0xF6, 0x04, 0x04, 0x3C, 0xF1, 0x50, 0x04, 0x3C, 0xF1, 0xB4
	.byte 0xF6, 0x04, 0x04, 0x48, 0xF1, 0x50, 0x04, 0x48, 0xF1, 0xB4, 0xF6, 0x04, 0x04, 0x48, 0xF1, 0x50
	.byte 0x04, 0x48, 0xF1, 0xB4, 0xF6, 0x04, 0x04, 0x3C, 0xF1, 0x50, 0x04, 0x3C, 0xF1, 0xB4, 0xF6, 0x04
	.byte 0x04, 0x3C, 0xF1, 0x50, 0x04, 0x3C, 0xF1, 0xB4, 0xF6, 0x04, 0x04, 0x3C, 0xF1, 0x50, 0x04, 0x3C
	.byte 0xF1, 0xB4, 0xF6, 0x04, 0x04, 0x48, 0xF1, 0x50, 0x04, 0x48, 0xF1, 0xB4, 0xF6, 0x04, 0x04, 0x3C
	.byte 0xF1, 0x50, 0x04, 0x3C, 0xF1, 0xB4, 0xF6, 0x04, 0x04, 0x3C, 0xF1, 0x50, 0x04, 0x3C, 0xF1, 0xB4
	.byte 0xF6, 0x04, 0x04, 0x48, 0xF1, 0x50, 0x04, 0x48, 0xF1, 0xB4, 0xF6, 0x04, 0x04, 0x3C, 0xF1, 0x50
	.byte 0x04, 0x3C, 0xF1, 0xB4, 0xF6, 0x04, 0x04, 0x48, 0xF1, 0x50, 0x04, 0x48, 0xF1, 0xB4, 0xF6, 0x04
	.byte 0x04, 0x41, 0xF1, 0x50, 0x04, 0x41, 0xF1, 0xB4, 0xF6, 0x04, 0x04, 0x41, 0xF1, 0x50, 0x04, 0x41
	.byte 0xF1, 0xB4, 0xF6, 0x04, 0x04, 0x4D, 0xF1, 0x50, 0x04, 0x4D, 0xF1, 0xB4, 0xF6, 0x04, 0x04, 0x41
	.byte 0xF1, 0x50, 0x04, 0x41, 0xF1, 0xB4, 0xF6, 0x04, 0x04, 0x41, 0xF1, 0x50, 0x04, 0x41, 0xF1, 0xB4
	.byte 0xF6, 0x04, 0x04, 0x4D, 0xF1, 0x50, 0x04, 0x4D, 0xF1, 0xB4, 0xF6, 0x04, 0x04, 0x4D, 0xF1, 0x50
	.byte 0x04, 0x4D, 0xF1, 0xB4, 0xF6, 0x04, 0x04, 0x41, 0xF1, 0x50, 0x04, 0x41, 0xF1, 0xB4, 0xF6, 0x04
	.byte 0x04, 0x41, 0xF1, 0x50, 0x04, 0x41, 0xF1, 0xB4, 0xF6, 0x04, 0x04, 0x3C, 0xF1, 0x50, 0x04, 0x41
	.byte 0xF1, 0xB4, 0xF6, 0x04, 0x04, 0x4D, 0xF1, 0x50, 0x04, 0x4D, 0xF1, 0xB4, 0xF6, 0x04, 0x04, 0x41
	.byte 0xF1, 0x50, 0x04, 0x41, 0xF1, 0xB4, 0xF6, 0x04, 0x04, 0x41, 0xF1, 0x50, 0x04, 0x41, 0xF1, 0xB4
	.byte 0xF6, 0x04, 0x04, 0x4D, 0xF1, 0x50, 0x04, 0x4D, 0xF1, 0xB4, 0xF6, 0x04, 0x04, 0x41, 0xF1, 0x50
	.byte 0x04, 0x41, 0xF1, 0xB4, 0xF6, 0x04, 0x04, 0x4D, 0xF1, 0x50, 0x04, 0x4D, 0xF1, 0xB4, 0xF6, 0x04
	.byte 0x04, 0x41, 0xF1, 0x50, 0x04, 0x41, 0xF1, 0xB4, 0xF6, 0x04, 0x04, 0x41, 0xF1, 0x50, 0x04, 0x41
	.byte 0xF1, 0xB4, 0xF6, 0x04, 0x04, 0x4D, 0xF1, 0x50, 0x04, 0x4D, 0xF1, 0xB4, 0xF6, 0x04, 0x04, 0x41
	.byte 0xF1, 0x50, 0x04, 0x41, 0xF1, 0xB4, 0xF6, 0x04, 0x04, 0x41, 0xF1, 0x50, 0x04, 0x41, 0xF1, 0xB4
	.byte 0xF6, 0x04, 0x04, 0x4D, 0xF1, 0x50, 0x04, 0x4D, 0xF1, 0xB4, 0xF6, 0x04, 0x04, 0x4D, 0xF1, 0x50
	.byte 0x04, 0x4D, 0xF1, 0xB4, 0xF6, 0x04, 0x04, 0x41, 0xF1, 0x50, 0x04, 0x41, 0xF1, 0xB4, 0xF6, 0x04
	.byte 0x04, 0x41, 0xF1, 0x50, 0x04, 0x41, 0xF1, 0xB4, 0xF6, 0x04, 0x04, 0x41, 0xF1, 0x50, 0x04, 0x41
	.byte 0xF1, 0xB4, 0xF6, 0x04, 0x04, 0x4D, 0xF1, 0x50, 0x04, 0x4D, 0xF1, 0xB4, 0xF6, 0x04, 0x04, 0x41
	.byte 0xF1, 0x50, 0x04, 0x41, 0xF1, 0xB4, 0xF6, 0x04, 0x04, 0x41, 0xF1, 0x50, 0x04, 0x41, 0xF1, 0xB4
	.byte 0xF6, 0x04, 0x04, 0x4D, 0xF1, 0x50, 0x04, 0x4D, 0xF1, 0xB4, 0xF6, 0x04, 0x08, 0x4B, 0x08, 0x4A
	.byte 0x08, 0x49, 0x0C, 0x48, 0xF1, 0x50, 0x0C, 0x48, 0xF1, 0xB4, 0x0C, 0x4B, 0xF1, 0x50, 0x0C, 0x4B
	.byte 0xF1, 0xB4, 0x0C, 0x4A, 0xF1, 0x50, 0x0C, 0x4A, 0xF1, 0xB4, 0x0C, 0x44, 0xF1, 0x50, 0x0C, 0x44
	.byte 0xF1, 0xB4, 0x0C, 0x43, 0xF1, 0x50, 0x0C, 0x43, 0xF1, 0xB4, 0x0C, 0x49, 0xF1, 0x50, 0x0C, 0x49
	.byte 0xF1, 0xB4, 0x08, 0x48, 0x08, 0x4E, 0x08, 0x4D, 0x08, 0x4C, 0x08, 0x52, 0x08, 0x51, 0x08, 0x50
	.byte 0xF1, 0x50, 0x08, 0x50, 0xF1, 0xB4, 0x08, 0x4B, 0xF1, 0x50, 0x08, 0x4B, 0xF1, 0xB4, 0x08, 0x47
	.byte 0xF1, 0x50, 0x08, 0x47, 0xF1, 0xB4, 0x08, 0x46, 0xF1, 0x50, 0x08, 0x46, 0xF1, 0xB4, 0x08, 0x45
	.byte 0xF1, 0x50, 0x08, 0x45, 0xF1, 0xB4, 0x08, 0x44, 0xF1, 0x50, 0x08, 0x44, 0xF1, 0xB4, 0xF6, 0x60
	.byte 0xF8, 0x99, 0xFA, 0xFF, 0xF9, 0x64, 0xF6, 0x02, 0xF0, 0x1B, 0xF2, 0x3C, 0xF1, 0x14, 0x00, 0xC6
	.byte 0x0C, 0xF1, 0x1E, 0x00, 0xC6, 0x0C, 0xF1, 0x28, 0x00, 0xC6, 0x0C, 0xF1, 0x32, 0x00, 0xC6, 0x0C
	.byte 0xF1, 0x3C, 0x00, 0xC6, 0x0C, 0xF1, 0x46, 0x00, 0xC6, 0x0C, 0xF1, 0x50, 0x00, 0xC6, 0x78, 0x00
	.byte 0xC6, 0x78, 0xF1, 0x46, 0x00, 0xC6, 0x0C, 0xF1, 0x3C, 0x00, 0xC6, 0x0C, 0xF1, 0x32, 0x00, 0xC6
	.byte 0x0C, 0xF1, 0x28, 0x00, 0xC6, 0x0C, 0xF1, 0x1E, 0x00, 0xC6, 0x0C, 0xF1, 0x14, 0x0C, 0x46, 0x00
	.byte 0xC6, 0x0C, 0xF1, 0x1E, 0x00, 0xC6, 0x0C, 0xF1, 0x28, 0x00, 0xC6, 0x0C, 0xF1, 0x32, 0x00, 0xC6
	.byte 0x0C, 0xF1, 0x3C, 0x00, 0xC6, 0x0C, 0xF1, 0x46, 0x00, 0xC6, 0x0C, 0xF1, 0x50, 0x00, 0xC6, 0x78
	.byte 0x00, 0xC6, 0x78, 0xF1, 0x46, 0x00, 0xC6, 0x0C, 0xF1, 0x3C, 0x00, 0xC6, 0x0C, 0xF1, 0x32, 0x00
	.byte 0xC6, 0x0C, 0xF1, 0x28, 0x00, 0xC6, 0x0C, 0xF1, 0x1E, 0x00, 0xC6, 0x0C, 0xF1, 0x14, 0x0C, 0x46
	.byte 0xF6, 0xBE, 0xF0, 0x07, 0xF2, 0x7F, 0xF1, 0xA0, 0xF6, 0x60, 0x30, 0x24, 0xF6, 0x0C, 0x0C, 0x24
	.byte 0xF6, 0x0C, 0x0C, 0x24, 0x18, 0x24, 0x0C, 0x24, 0x0C, 0x24, 0x18, 0x24, 0xF6, 0x0C, 0x0C, 0x24
	.byte 0x18, 0x24, 0x18, 0x24, 0x18, 0x24, 0x0C, 0x24, 0x0C, 0x24, 0x18, 0x24, 0x0C, 0x24, 0x0C, 0x24
	.byte 0x18, 0x24, 0xF6, 0x0C, 0x0C, 0x24, 0x18, 0x24, 0x18, 0x24, 0x18, 0x24, 0x0C, 0x24, 0x0C, 0x24
	.byte 0x18, 0x24, 0x0C, 0x24, 0x0C, 0x24, 0x18, 0x24, 0xF6, 0x0C, 0x0C, 0x24, 0x18, 0x24, 0x18, 0x24
	.byte 0x18, 0x24, 0x0C, 0x24, 0x0C, 0x24, 0x18, 0x24, 0x0C, 0x24, 0x0C, 0x24, 0x18, 0x24, 0xF6, 0x0C
	.byte 0x0C, 0x24, 0x18, 0x24, 0x18, 0x24, 0x18, 0x24, 0x0C, 0x24, 0x0C, 0x24, 0x18, 0x24, 0x0C, 0x24
	.byte 0x0C, 0x24, 0x18, 0x24, 0xF6, 0x0C, 0x0C, 0x24, 0x18, 0x24, 0x18, 0x24, 0x18, 0x24, 0x0C, 0x24
	.byte 0x0C, 0x24, 0x18, 0x24, 0x18, 0x24, 0x0C, 0x24, 0x0C, 0x24, 0x18, 0x24, 0xF6, 0x0C, 0x0C, 0x24
	.byte 0x18, 0x24, 0x18, 0x24, 0x18, 0x24, 0x0C, 0x24, 0x0C, 0x24, 0x18, 0x24, 0x0C, 0x24, 0x0C, 0x24
	.byte 0x18, 0x24, 0xF6, 0x0C, 0x0C, 0x24, 0x18, 0x24, 0x18, 0x24, 0x18, 0x24, 0x0C, 0x24, 0x0C, 0x24
	.byte 0x18, 0x24, 0x0C, 0x24, 0x0C, 0x24, 0x18, 0x24, 0xF6, 0x0C, 0x0C, 0x24, 0x18, 0x24, 0x18, 0x24
	.byte 0x18, 0x24, 0x0C, 0x24, 0x0C, 0x24, 0x18, 0x24, 0x0C, 0x24, 0x0C, 0x24, 0x18, 0x24, 0xF6, 0x0C
	.byte 0x0C, 0x24, 0x18, 0x24, 0x18, 0x24, 0x18, 0x24, 0x0C, 0x24, 0x0C, 0x24, 0x18, 0x24, 0x0C, 0x24
	.byte 0x0C, 0x24, 0x18, 0x24, 0xF6, 0x0C, 0x0C, 0x24, 0x18, 0x24, 0x18, 0x24, 0x18, 0x24, 0x0C, 0x24
	.byte 0x0C, 0x24, 0xF8, 0x1F, 0xFF, 0xFF, 0xF9, 0x64, 0xF6, 0x01, 0xF0, 0x1B, 0xF2, 0x8C, 0xF1, 0x14
	.byte 0x00, 0xC1, 0x0C, 0xF1, 0x1E, 0x00, 0xC1, 0x0C, 0xF1, 0x28, 0x00, 0xC1, 0x0C, 0xF1, 0x32, 0x00
	.byte 0xC1, 0x0C, 0xF1, 0x3C, 0x00, 0xC1, 0x0C, 0xF1, 0x46, 0x00, 0xC1, 0x0C, 0xF1, 0x50, 0x00, 0xC1
	.byte 0x78, 0x00, 0xC1, 0x78, 0xF1, 0x3C, 0x00, 0xC1, 0x0C, 0xF1, 0x32, 0x00, 0xC1, 0x0C, 0xF1, 0x28
	.byte 0x00, 0xC1, 0x0C, 0xF1, 0x1E, 0x00, 0xC1, 0x0C, 0xF1, 0x14, 0x00, 0xC1, 0x0C, 0xF1, 0x0A, 0x0C
	.byte 0x41, 0xF1, 0x14, 0x00, 0xC1, 0x0C, 0xF1, 0x1E, 0x00, 0xC1, 0x0C, 0xF1, 0x28, 0x00, 0xC1, 0x0C
	.byte 0xF1, 0x32, 0x00, 0xC1, 0x0C, 0xF1, 0x3C, 0x00, 0xC1, 0x0C, 0xF1, 0x46, 0x00, 0xC1, 0x0C, 0xF1
	.byte 0x50, 0x00, 0xC1, 0x78, 0x00, 0xC1, 0x78, 0xF1, 0x3C, 0x00, 0xC1, 0x0C, 0xF1, 0x32, 0x00, 0xC1
	.byte 0x0C, 0xF1, 0x28, 0x00, 0xC1, 0x0C, 0xF1, 0x1E, 0x00, 0xC1, 0x0C, 0xF1, 0x14, 0x00, 0xC1, 0x0C
	.byte 0xF1, 0x0A, 0x0C, 0x41, 0xF6, 0xC0, 0xF0, 0x07, 0xF2, 0x64, 0xF1, 0x8C, 0xF6, 0x6C, 0x06, 0x29
	.byte 0x06, 0x29, 0x18, 0x29, 0x18, 0x29, 0x0C, 0x29, 0x0B, 0x29, 0xF6, 0x01, 0xF1, 0x78, 0x0C, 0x29
	.byte 0x0C, 0x28, 0x18, 0x28, 0xF1, 0x8C, 0x0C, 0x29, 0xF1, 0x78, 0x0C, 0x28, 0x0C, 0x28, 0xF1, 0x8C
	.byte 0x06, 0x29, 0x06, 0x29, 0x0C, 0x29, 0xF1, 0x78, 0x18, 0x28, 0x0C, 0x28, 0xF1, 0x8C, 0x0C, 0x29
	.byte 0xF1, 0x78, 0x0C, 0x28, 0x18, 0x28, 0xF1, 0x78, 0x0C, 0x29, 0x0C, 0x28, 0x18, 0x28, 0xF1, 0x8C
	.byte 0x0C, 0x29, 0xF1, 0x78, 0x0C, 0x28, 0x0C, 0x28, 0xF1, 0x8C, 0x06, 0x29, 0x06, 0x29, 0x0C, 0x29
	.byte 0xF1, 0x78, 0x18, 0x28, 0x0C, 0x28, 0xF1, 0x8C, 0x0C, 0x29, 0xF1, 0x78, 0x0C, 0x28, 0x18, 0x28
	.byte 0xF1, 0x78, 0x0C, 0x29, 0x0C, 0x28, 0x18, 0x28, 0xF1, 0x8C, 0x0C, 0x29, 0xF1, 0x78, 0x0C, 0x28
	.byte 0x0C, 0x28, 0xF1, 0x8C, 0x06, 0x29, 0x06, 0x29, 0x0C, 0x29, 0xF1, 0x78, 0x18, 0x28, 0x0C, 0x28
	.byte 0xF1, 0x8C, 0x0C, 0x29, 0xF1, 0x78, 0x0C, 0x28, 0x18, 0x28, 0xF1, 0x78, 0x0C, 0x29, 0x0C, 0x28
	.byte 0x18, 0x28, 0xF1, 0x8C, 0x0C, 0x29, 0xF1, 0x78, 0x0C, 0x28, 0x0C, 0x28, 0xF1, 0x8C, 0x06, 0x29
	.byte 0x06, 0x29, 0x0C, 0x29, 0xF1, 0x78, 0x18, 0x28, 0x0C, 0x28, 0xF1, 0x8C, 0x0C, 0x29, 0xF1, 0x78
	.byte 0x0C, 0x28, 0x18, 0x28, 0xF1, 0x78, 0x0C, 0x29, 0x0C, 0x28, 0x18, 0x28, 0xF1, 0x8C, 0x0C, 0x29
	.byte 0xF1, 0x78, 0x0C, 0x28, 0x0C, 0x28, 0xF1, 0x8C, 0x06, 0x29, 0x06, 0x29, 0x0C, 0x29, 0xF1, 0x78
	.byte 0x18, 0x28, 0x0C, 0x28, 0xF1, 0x8C, 0x0C, 0x29, 0xF1, 0x78, 0x0C, 0x28, 0x18, 0x28, 0xF1, 0x78
	.byte 0x0C, 0x29, 0x0C, 0x28, 0x18, 0x28, 0xF1, 0x8C, 0x0C, 0x29, 0xF1, 0x78, 0x0C, 0x28, 0x0C, 0x28
	.byte 0xF1, 0x8C, 0x06, 0x29, 0x06, 0x29, 0x0C, 0x29, 0xF1, 0x78, 0x18, 0x28, 0x0C, 0x28, 0xF1, 0x8C
	.byte 0x0C, 0x29, 0xF1, 0x78, 0x0C, 0x28, 0x18, 0x28, 0xF1, 0x78, 0x0C, 0x29, 0x0C, 0x28, 0x18, 0x28
	.byte 0xF1, 0x8C, 0x0C, 0x29, 0xF1, 0x78, 0x0C, 0x28, 0x0C, 0x28, 0xF1, 0x8C, 0x06, 0x29, 0x06, 0x29
	.byte 0x0C, 0x29, 0xF1, 0x78, 0x18, 0x28, 0x0C, 0x28, 0xF1, 0x8C, 0x0C, 0x29, 0xF1, 0x78, 0x0C, 0x28
	.byte 0x18, 0x28, 0x0C, 0x29, 0x0C, 0x28, 0x18, 0x28, 0xF1, 0x8C, 0x0C, 0x29, 0xF1, 0x78, 0x0C, 0x28
	.byte 0x0C, 0x28, 0xF1, 0x8C, 0x06, 0x29, 0x06, 0x29, 0x0C, 0x29, 0xF1, 0x78, 0x18, 0x28, 0x0C, 0x28
	.byte 0xF1, 0x8C, 0x0C, 0x29, 0xF1, 0x78, 0x0C, 0x28, 0x0C, 0x28, 0xF1, 0x8C, 0x06, 0x29, 0x06, 0x29
	.byte 0xF1, 0x78, 0x0C, 0x29, 0x0C, 0x28, 0x18, 0x28, 0xF1, 0x8C, 0x0C, 0x29, 0xF1, 0x78, 0x0C, 0x28
	.byte 0x0C, 0x28, 0xF1, 0x8C, 0x06, 0x29, 0x06, 0x29, 0x0C, 0x29, 0xF1, 0x78, 0x18, 0x28, 0x0C, 0x28
	.byte 0xF1, 0x8C, 0x0C, 0x29, 0xF1, 0x78, 0x0C, 0x28, 0x18, 0x28, 0xF1, 0x78, 0x0C, 0x29, 0x0C, 0x28
	.byte 0x18, 0x28, 0xF1, 0x8C, 0x0C, 0x29, 0xF1, 0x78, 0x0C, 0x28, 0x0C, 0x28, 0xF1, 0x8C, 0x06, 0x29
	.byte 0x06, 0x29, 0x0C, 0x29, 0xF1, 0x78, 0x18, 0x28, 0x0C, 0x28, 0xF1, 0x8C, 0x0C, 0x29, 0xF1, 0x78
	.byte 0x0C, 0x28, 0x17, 0x28, 0xF8, 0x53, 0xFE, 0xFF, 0xF9, 0x64, 0xF0, 0x1B, 0xF2, 0xB4, 0xF1, 0x14
	.byte 0x00, 0xBC, 0x0C, 0xF1, 0x1E, 0x00, 0xBC, 0x0C, 0xF1, 0x28, 0x00, 0xBC, 0x0C, 0xF1, 0x32, 0x00
	.byte 0xBC, 0x0C, 0xF1, 0x3C, 0x00, 0xBC, 0x0C, 0xF1, 0x46, 0x00, 0xBC, 0x0C, 0xF1, 0x50, 0x00, 0xBC
	.byte 0x78, 0x00, 0xBC, 0x78, 0xF1, 0x3C, 0x00, 0xBC, 0x0C, 0xF1, 0x32, 0x00, 0xBC, 0x0C, 0xF1, 0x28
	.byte 0x00, 0xBC, 0x0C, 0xF1, 0x1E, 0x00, 0xBC, 0x0C, 0xF1, 0x14, 0x00, 0xBC, 0x0C, 0xF1, 0x0A, 0x0C
	.byte 0x3C, 0xF1, 0x14, 0x00, 0xBF, 0x0C, 0xF1, 0x1E, 0x00, 0xBF, 0x0C, 0xF1, 0x28, 0x00, 0xBF, 0x0C
	.byte 0xF1, 0x32, 0x00, 0xBF, 0x0C, 0xF1, 0x3C, 0x00, 0xBF, 0x0C, 0xF1, 0x46, 0x00, 0xBF, 0x0C, 0xF1
	.byte 0x50, 0x00, 0xBF, 0x78, 0x00, 0xBF, 0x78, 0xF1, 0x3C, 0x00, 0xBF, 0x0C, 0xF1, 0x32, 0x00, 0xBF
	.byte 0x0C, 0xF1, 0x28, 0x00, 0xBF, 0x0C, 0xF1, 0x1E, 0x00, 0xBF, 0x0C, 0xF1, 0x14, 0x00, 0xBF, 0x0C
	.byte 0xF1, 0x0A, 0x0C, 0x3F, 0xF6, 0xC0, 0xF0, 0x07, 0xF2, 0x96, 0xF1, 0x3C, 0xF6, 0xB4, 0x0C, 0x2A
	.byte 0x0C, 0x2A, 0x0C, 0x2A, 0x18, 0x2E, 0x0C, 0x2A, 0x0C, 0x2A, 0x18, 0x2E, 0x0C, 0x2A, 0x0C, 0x2A
	.byte 0x18, 0x2E, 0x0C, 0x2A, 0x0C, 0x2A, 0x18, 0x2E, 0x0C, 0x2A, 0x0C, 0x2A, 0x18, 0x2E, 0x0C, 0x2A
	.byte 0x0C, 0x2A, 0x18, 0x2E, 0x0C, 0x2A, 0x0C, 0x2A, 0x18, 0x2E, 0x0C, 0x2A, 0x0C, 0x2A, 0x18, 0x2E
	.byte 0x0C, 0x2A, 0x0C, 0x2A, 0x18, 0x2E, 0x0C, 0x2A, 0x0C, 0x2A, 0x18, 0x2E, 0x0C, 0x2A, 0x0C, 0x2A
	.byte 0x18, 0x2E, 0x0C, 0x2A, 0x0C, 0x2A, 0x18, 0x2E, 0x0C, 0x2A, 0x0C, 0x2A, 0x18, 0x2E, 0x0C, 0x2A
	.byte 0x0C, 0x2A, 0x18, 0x2E, 0x0C, 0x2A, 0x0C, 0x2A, 0x18, 0x2E, 0x0C, 0x2A, 0x0C, 0x2A, 0x18, 0x2E
	.byte 0x0C, 0x2A, 0x0C, 0x2A, 0x18, 0x2E, 0x0C, 0x2A, 0x0C, 0x2A, 0x18, 0x2E, 0x0C, 0x2A, 0x0C, 0x2A
	.byte 0x18, 0x2E, 0x0C, 0x2A, 0x0C, 0x2A, 0x18, 0x2E, 0x0C, 0x2A, 0x0C, 0x2A, 0x18, 0x2E, 0x0C, 0x2A
	.byte 0x0C, 0x2A, 0x18, 0x2E, 0x0C, 0x2A, 0x0C, 0x2A, 0x18, 0x2E, 0x0C, 0x2A, 0x0C, 0x2A, 0x18, 0x2E
	.byte 0x0C, 0x2A, 0x0C, 0x2A, 0x18, 0x2E, 0x0C, 0x2A, 0x0C, 0x2A, 0x18, 0x2E, 0x0C, 0x2A, 0x0C, 0x2A
	.byte 0x18, 0x2E, 0x0C, 0x2A, 0x0C, 0x2A, 0x18, 0x2E, 0x0C, 0x2A, 0x0C, 0x2A, 0x18, 0x2E, 0x0C, 0x2A
	.byte 0x0C, 0x2A, 0x18, 0x2E, 0x0C, 0x2A, 0x0C, 0x2A, 0x18, 0x2E, 0x0C, 0x2A, 0x0C, 0x2A, 0x18, 0x2E
	.byte 0x0C, 0x2A, 0x0C, 0x2A, 0x18, 0x2E, 0x0C, 0x2A, 0x0C, 0x2A, 0x18, 0x2E, 0x0C, 0x2A, 0x0C, 0x2A
	.byte 0x18, 0x2E, 0x0C, 0x2A, 0x0C, 0x2A, 0x18, 0x2E, 0x0C, 0x2A, 0x0C, 0x2A, 0x18, 0x2E, 0x0C, 0x2A
	.byte 0x0C, 0x2A, 0x18, 0x2E, 0x0C, 0x2A, 0x0C, 0x2A, 0x18, 0x2E, 0x0C, 0x2A, 0x0C, 0x2A, 0x18, 0x2E
	.byte 0xF8, 0x0D, 0xFF, 0xFF, 0xF9, 0x64, 0xF0, 0xC2, 0xF2, 0x78, 0xF1, 0x50, 0x0C, 0x30, 0x0C, 0x3C
	.byte 0x0C, 0x2D, 0x0C, 0x39, 0x0C, 0x2E, 0x0C, 0x3A, 0xF1, 0x28, 0x0C, 0x3A, 0xF1, 0x50, 0xF6, 0x6C
	.byte 0x0C, 0x30, 0x0C, 0x3C, 0x0C, 0x2D, 0x0C, 0x39, 0x0C, 0x2E, 0x0C, 0x3A, 0xF1, 0x28, 0x0C, 0x3A
	.byte 0xF1, 0x50, 0xF6, 0x6C, 0x0C, 0x35, 0x0C, 0x41, 0x0C, 0x32, 0x0C, 0x3E, 0x0C, 0x33, 0x0C, 0x3F
	.byte 0xF1, 0x28, 0x0C, 0x3A, 0xF1, 0x50, 0xF6, 0x6C, 0x0C, 0x35, 0x0C, 0x41, 0x0C, 0x32, 0x0C, 0x3E
	.byte 0x0C, 0x33, 0x0C, 0x3F, 0xF1, 0x28, 0x0C, 0x3F, 0xF1, 0x50, 0xF6, 0x54, 0x08, 0x3F, 0x08, 0x3E
	.byte 0x08, 0x3D, 0x0C, 0x3C, 0xF1, 0x28, 0x0C, 0x3C, 0xF1, 0x50, 0x0C, 0x3F, 0xF1, 0x28, 0x0C, 0x3F
	.byte 0xF1, 0x50, 0x0C, 0x3E, 0xF1, 0x28, 0x0C, 0x3E, 0xF1, 0x50, 0x0C, 0x38, 0xF1, 0x28, 0x0C, 0x38
	.byte 0xF1, 0x50, 0x0C, 0x37, 0xF1, 0x28, 0x0C, 0x37, 0xF1, 0x50, 0x0C, 0x3D, 0xF1, 0x28, 0x0C, 0x3D
	.byte 0xF1, 0x50, 0x08, 0x3C, 0x08, 0x42, 0x08, 0x41, 0x08, 0x40, 0x08, 0x46, 0x08, 0x45, 0x08, 0x44
	.byte 0xF1, 0x28, 0x08, 0x44, 0xF1, 0x50, 0x08, 0x3F, 0xF1, 0x28, 0x08, 0x3F, 0xF1, 0x50, 0x08, 0x3B
	.byte 0xF1, 0x28, 0x08, 0x3B, 0xF1, 0x50, 0x08, 0x3A, 0xF1, 0x28, 0x08, 0x3A, 0xF1, 0x50, 0x08, 0x39
	.byte 0xF1, 0x28, 0x08, 0x39, 0xF1, 0x50, 0x08, 0x38, 0xF1, 0x28, 0x08, 0x2C, 0xF1, 0x50, 0xF6, 0x60
	.byte 0x0C, 0x30, 0x0C, 0x3C, 0x0C, 0x2D, 0x0C, 0x39, 0x0C, 0x2E, 0x0C, 0x3A, 0xF1, 0x28, 0x0C, 0x3A
	.byte 0xF1, 0x50, 0xF6, 0x6C, 0x0C, 0x30, 0x0C, 0x3C, 0x0C, 0x2D, 0x0C, 0x39, 0x0C, 0x2E, 0x0C, 0x3A
	.byte 0xF1, 0x28, 0x0C, 0x3A, 0xF1, 0x50, 0xF6, 0x6C, 0x0C, 0x35, 0x0C, 0x41, 0x0C, 0x32, 0x0C, 0x3E
	.byte 0x0C, 0x33, 0x0C, 0x3F, 0xF1, 0x28, 0x0C, 0x3F, 0xF1, 0x50, 0xF6, 0x6C, 0x0C, 0x35, 0x0C, 0x41
	.byte 0x0C, 0x32, 0x0C, 0x3E, 0x0C, 0x33, 0x0C, 0x3F, 0xF1, 0x28, 0x0C, 0x3F, 0xF1, 0x50, 0xF6, 0x6C
	.byte 0x0C, 0x30, 0x0C, 0x3C, 0x0C, 0x2D, 0x0C, 0x39, 0x0C, 0x2E, 0x0C, 0x3A, 0xF1, 0x28, 0x0C, 0x3A
	.byte 0xF1, 0x50, 0xF6, 0x6C, 0x0C, 0x30, 0x0C, 0x3C, 0x0C, 0x2D, 0x0C, 0x39, 0x0C, 0x2E, 0x0C, 0x3A
	.byte 0xF1, 0x28, 0x0C, 0x3A, 0xF1, 0x50, 0xF6, 0x6C, 0x0C, 0x35, 0x0C, 0x41, 0x0C, 0x32, 0x0C, 0x3E
	.byte 0x0C, 0x33, 0x0C, 0x3F, 0xF1, 0x28, 0x0C, 0x3F, 0xF1, 0x50, 0xF6, 0x6C, 0x0C, 0x35, 0x0C, 0x41
	.byte 0x0C, 0x32, 0x0C, 0x3E, 0x0C, 0x33, 0x0C, 0x3F, 0xF1, 0x28, 0x0C, 0x3F, 0xF1, 0x50, 0xF6, 0x54
	.byte 0x08, 0x3F, 0x08, 0x3E, 0x08, 0x3D, 0x0C, 0x3C, 0xF1, 0x28, 0x0C, 0x3C, 0xF1, 0x50, 0x0C, 0x3F
	.byte 0xF1, 0x28, 0x0C, 0x3F, 0xF1, 0x50, 0x0C, 0x3E, 0xF1, 0x28, 0x0C, 0x3E, 0xF1, 0x50, 0x0C, 0x38
	.byte 0xF1, 0x28, 0x0C, 0x38, 0xF1, 0x50, 0x0C, 0x37, 0xF1, 0x28, 0x0C, 0x37, 0xF1, 0x50, 0x0C, 0x3D
	.byte 0xF1, 0x28, 0x0C, 0x3D, 0xF1, 0x50, 0x08, 0x3C, 0x08, 0x42, 0x08, 0x41, 0x08, 0x40, 0x08, 0x46
	.byte 0x08, 0x45, 0x08, 0x44, 0xF1, 0x28, 0x08, 0x44, 0xF1, 0x50, 0x08, 0x3F, 0xF1, 0x28, 0x08, 0x3F
	.byte 0xF1, 0x50, 0x08, 0x3B, 0xF1, 0x28, 0x08, 0x3B, 0xF1, 0x50, 0x08, 0x3A, 0xF1, 0x28, 0x08, 0x3A
	.byte 0xF1, 0x50, 0x08, 0x39, 0xF1, 0x28, 0x08, 0x39, 0xF1, 0x50, 0x08, 0x38, 0xF1, 0x28, 0x08, 0x38
	.byte 0xF1, 0x50, 0xF6, 0x60, 0xF8, 0xE9, 0xFE, 0xFF, 0xF9, 0x64, 0xF6, 0xC0, 0xF6, 0xC0, 0xF6, 0xC0
	.byte 0xF6, 0xC0, 0xF6, 0xC0, 0xF6, 0xC0, 0xF6, 0xC0, 0xF6, 0xC0, 0xF6, 0xC0, 0xF6, 0xC0, 0xF6, 0xC0
	.byte 0xF6, 0xC0, 0xF6, 0xC0, 0xF6, 0xC0, 0xF6, 0xC0, 0xF6, 0xC0, 0xF8, 0xE9, 0xFF, 0xFF, 0x00, 0x00
	.byte 0xFC, 0x02, 0x10, 0x00, 0xDB, 0x01, 0xDE, 0x04, 0xEF, 0x07, 0xBF, 0x09, 0x21, 0x0D, 0xC5, 0x11
	.byte 0xF9, 0x91, 0xF0, 0x18, 0xF2, 0x8C, 0xF1, 0x8C, 0x18, 0x3C, 0xF1, 0x28, 0x18, 0x3C, 0xF1, 0x8C
	.byte 0xF6, 0x18, 0x18, 0x3B, 0xF1, 0x28, 0x18, 0x3B, 0xF1, 0x8C, 0x18, 0x3A, 0xF1, 0x28, 0x18, 0x3A
	.byte 0xF1, 0x8C, 0x18, 0x39, 0x18, 0x37, 0x18, 0x36, 0x18, 0x37, 0xF1, 0x28, 0x18, 0x37, 0xF1, 0x8C
	.byte 0xF6, 0x60, 0x18, 0x3B, 0xF1, 0x28, 0x18, 0x3B, 0xF1, 0x8C, 0xF6, 0x18, 0x18, 0x3A, 0xF1, 0x28
	.byte 0x18, 0x3A, 0xF1, 0x8C, 0x18, 0x39, 0xF1, 0x28, 0x18, 0x39, 0xF1, 0x8C, 0x18, 0x38, 0x18, 0x37
	.byte 0x18, 0x36, 0x18, 0x37, 0xF1, 0x28, 0x18, 0x37, 0xF1, 0x8C, 0xF6, 0x60, 0x18, 0x39, 0xF1, 0x28
	.byte 0x18, 0x39, 0xF1, 0x8C, 0xF6, 0x18, 0x18, 0x38, 0xF1, 0x28, 0x18, 0x38, 0xF1, 0x8C, 0x18, 0x37
	.byte 0xF1, 0x28, 0x18, 0x37, 0xF1, 0x8C, 0x18, 0x36, 0x18, 0x37, 0x18, 0x36, 0x18, 0x37, 0xF1, 0x28
	.byte 0x18, 0x37, 0xF1, 0x8C, 0xF6, 0x18, 0xF0, 0x31, 0xF2, 0x6E, 0xF1, 0x8C, 0x18, 0x48, 0x18, 0x4A
	.byte 0x18, 0x4C, 0x18, 0x4A, 0x18, 0x48, 0x18, 0x45, 0x30, 0x42, 0x18, 0x40, 0x18, 0x3F, 0x18, 0x3E
	.byte 0x18, 0x3C, 0x18, 0x39, 0x18, 0x36, 0x00, 0xB2, 0x6C, 0xF1, 0x3C, 0x0C, 0x32, 0xF0, 0x18, 0xF2
	.byte 0x8C, 0xF1, 0x8C, 0x0C, 0x3C, 0xF6, 0x3C, 0x0C, 0x3B, 0xF6, 0x24, 0x0C, 0x3A, 0xF6, 0x24, 0x0C
	.byte 0x39, 0xF6, 0x0C, 0x0C, 0x37, 0xF6, 0x0C, 0x0C, 0x36, 0xF6, 0x0C, 0x0C, 0x37, 0xF6, 0x84, 0x0C
	.byte 0x3B, 0xF6, 0x3C, 0x0C, 0x3A, 0xF6, 0x24, 0x0C, 0x39, 0xF6, 0x24, 0x0C, 0x38, 0xF6, 0x0C, 0x0C
	.byte 0x37, 0xF6, 0x0C, 0x0C, 0x36, 0xF6, 0x0C, 0x0C, 0x37, 0xF6, 0x84, 0x0C, 0x39, 0xF6, 0x3C, 0x0C
	.byte 0x38, 0xF6, 0x24, 0x0C, 0x37, 0xF6, 0x24, 0x0C, 0x36, 0xF6, 0x0C, 0x0C, 0x37, 0xF6, 0x0C, 0x0C
	.byte 0x36, 0xF6, 0x0C, 0x0C, 0x37, 0xF6, 0x3C, 0xF0, 0x31, 0xF2, 0x6E, 0xF1, 0x8C, 0x18, 0x45, 0x18
	.byte 0x47, 0x18, 0x48, 0x18, 0x4A, 0x18, 0x48, 0x18, 0x4A, 0x30, 0x45, 0x18, 0x47, 0x18, 0x45, 0x18
	.byte 0x47, 0x00, 0xC8, 0x0C, 0xF1, 0x3C, 0x00, 0xC8, 0x0C, 0xF1, 0x1E, 0x0C, 0x48, 0xF1, 0x8C, 0xF6
	.byte 0x9C, 0xF6, 0xC0, 0xF6, 0xC0, 0xF6, 0xC0, 0xF6, 0xC0, 0xF6, 0xC0, 0xF6, 0xC0, 0xF6, 0x78, 0x18
	.byte 0x4A, 0x18, 0x48, 0x18, 0x4C, 0x18, 0x4A, 0x18, 0x48, 0x18, 0x4A, 0x30, 0x45, 0x18, 0x4A, 0x18
	.byte 0x48, 0x18, 0x4C, 0x18, 0x4A, 0x18, 0x48, 0x18, 0x4A, 0x30, 0x45, 0x18, 0x4A, 0x18, 0x48, 0x18
	.byte 0x4C, 0x18, 0x4A, 0x18, 0x48, 0x18, 0x4A, 0x30, 0x43, 0x18, 0x43, 0x18, 0x48, 0x18, 0x4F, 0x18
	.byte 0x4F, 0x30, 0x4D, 0x30, 0x4C, 0x18, 0x4A, 0x18, 0x45, 0x00, 0xC7, 0x18, 0xF1, 0x3C, 0x00, 0xC7
	.byte 0x0C, 0xF1, 0x1E, 0x0C, 0x47, 0xF1, 0x8C, 0xF6, 0xA8, 0xF6, 0xC0, 0xF6, 0xC0, 0xF6, 0xC0, 0xF6
	.byte 0xC0, 0xF6, 0x78, 0x18, 0x4A, 0x18, 0x48, 0x18, 0x4C, 0x18, 0x4A, 0x18, 0x48, 0x18, 0x4A, 0x30
	.byte 0x45, 0x18, 0x4A, 0x18, 0x48, 0x18, 0x4C, 0x18, 0x4A, 0x18, 0x48, 0x18, 0x4A, 0x30, 0x45, 0x18
	.byte 0x47, 0x18, 0x45, 0x18, 0x47, 0x00, 0xC8, 0x0C, 0xF1, 0x3C, 0x00, 0xC8, 0x0C, 0xF1, 0x1E, 0x0C
	.byte 0x48, 0xF1, 0x8C, 0xF6, 0x9C, 0xF6, 0xC0, 0xF8, 0x36, 0xFE, 0xFF, 0xF9, 0x91, 0xF6, 0x01, 0xF0
	.byte 0x18, 0xF2, 0x5A, 0xF1, 0xA0, 0x18, 0x43, 0xF1, 0x28, 0x18, 0x43, 0xF1, 0xA0, 0xF6, 0x18, 0x18
	.byte 0x45, 0xF1, 0x28, 0x18, 0x45, 0xF1, 0xA0, 0x18, 0x43, 0xF1, 0x28, 0x18, 0x43, 0xF1, 0xA0, 0x18
	.byte 0x42, 0x18, 0x43, 0x18, 0x48, 0x18, 0x4C, 0xF1, 0x28, 0x18, 0x4C, 0xF1, 0xA0, 0xF6, 0x60, 0x18
	.byte 0x41, 0xF1, 0x28, 0x18, 0x41, 0xF1, 0xA0, 0xF6, 0x18, 0x18, 0x43, 0xF1, 0x28, 0x18, 0x43, 0xF1
	.byte 0xA0, 0x18, 0x41, 0xF1, 0x28, 0x18, 0x41, 0xF1, 0xA0, 0x18, 0x40, 0x18, 0x41, 0x18, 0x45, 0x18
	.byte 0x4A, 0xF1, 0x28, 0x18, 0x4A, 0xF1, 0xA0, 0xF6, 0x60, 0x18, 0x40, 0xF1, 0x28, 0x18, 0x40, 0xF1
	.byte 0xA0, 0xF6, 0x18, 0x18, 0x41, 0xF1, 0x28, 0x18, 0x41, 0xF1, 0xA0, 0x18, 0x40, 0xF1, 0x28, 0x18
	.byte 0x40, 0xF1, 0xA0, 0x18, 0x3F, 0x18, 0x40, 0x18, 0x45, 0x18, 0x48, 0xF1, 0x28, 0x18, 0x48, 0xF1
	.byte 0xA0, 0xF6, 0x18, 0x18, 0x48, 0x18, 0x4A, 0x18, 0x4C, 0xF0, 0x0F, 0xF1, 0x8C, 0x18, 0x4A, 0x18
	.byte 0x48, 0x18, 0x45, 0x30, 0x42, 0x18, 0x41, 0x18, 0x40, 0x18, 0x3F, 0x18, 0x3E, 0x18, 0x3C, 0x18
	.byte 0x39, 0x00, 0xB6, 0x6C, 0xF1, 0x3C, 0x0C, 0x36, 0xF0, 0x18, 0xF1, 0xA0, 0x18, 0x43, 0xF1, 0x28
	.byte 0x18, 0x43, 0xF1, 0xA0, 0xF6, 0x18, 0x18, 0x45, 0xF1, 0x28, 0x18, 0x45, 0xF1, 0xA0, 0x18, 0x43
	.byte 0xF1, 0x28, 0x18, 0x43, 0xF1, 0xA0, 0x18, 0x42, 0x18, 0x43, 0x18, 0x48, 0x18, 0x4C, 0xF1, 0x28
	.byte 0x18, 0x4C, 0xF1, 0xA0, 0xF6, 0x60, 0x18, 0x41, 0xF1, 0x28, 0x18, 0x41, 0xF1, 0xA0, 0xF6, 0x18
	.byte 0x18, 0x43, 0xF1, 0x28, 0x18, 0x43, 0xF1, 0xA0, 0x18, 0x41, 0xF1, 0x28, 0x18, 0x41, 0xF1, 0xA0
	.byte 0x18, 0x40, 0x18, 0x41, 0x18, 0x45, 0x18, 0x4A, 0xF1, 0x28, 0x18, 0x4A, 0xF1, 0xA0, 0xF6, 0x60
	.byte 0x18, 0x40, 0xF1, 0x28, 0x18, 0x40, 0xF1, 0xA0, 0xF6, 0x18, 0x18, 0x41, 0xF1, 0x28, 0x18, 0x41
	.byte 0xF1, 0xA0, 0x18, 0x40, 0xF1, 0x28, 0x18, 0x40, 0xF1, 0xA0, 0x18, 0x3F, 0x18, 0x40, 0x18, 0x45
	.byte 0x18, 0x48, 0xF1, 0x28, 0x18, 0x48, 0xF1, 0xA0, 0xF6, 0x18, 0x18, 0x45, 0x18, 0x47, 0x18, 0x48
	.byte 0xF0, 0x0F, 0xF1, 0x8C, 0x18, 0x4A, 0x18, 0x48, 0x18, 0x4A, 0x30, 0x45, 0x18, 0x47, 0x18, 0x45
	.byte 0x18, 0x47, 0xF0, 0x31, 0xF1, 0x64, 0x00, 0xC8, 0x0C, 0xF1, 0x28, 0x00, 0xC8, 0x0C, 0xF1, 0x14
	.byte 0x0C, 0x48, 0xF1, 0x64, 0xF6, 0x0C, 0x00, 0xC8, 0x0C, 0xF1, 0x28, 0x00, 0xC8, 0x0C, 0xF1, 0x28
	.byte 0x0C, 0x48, 0xF1, 0x64, 0xF6, 0x24, 0x00, 0xC8, 0x0C, 0xF1, 0x1E, 0x0C, 0x48, 0xF1, 0x64, 0x00
	.byte 0xC8, 0x0C, 0xF1, 0x28, 0x0C, 0x48, 0xF1, 0x64, 0x00, 0xC8, 0x0C, 0xF1, 0x28, 0x00, 0xC8, 0x0C
	.byte 0xF1, 0x14, 0x0C, 0x48, 0xF6, 0xB4, 0xF6, 0x30, 0xF0, 0x18, 0xF1, 0xA0, 0x18, 0x40, 0x18, 0x43
	.byte 0xF1, 0x28, 0x18, 0x43, 0xF1, 0xA0, 0xF6, 0x18, 0x18, 0x43, 0x18, 0x48, 0xF1, 0x28, 0x18, 0x48
	.byte 0xF1, 0xA0, 0x18, 0x3E, 0x18, 0x41, 0x18, 0x45, 0x18, 0x4A, 0x18, 0x45, 0x18, 0x41, 0x18, 0x3E
	.byte 0xF1, 0x28, 0x18, 0x3E, 0xF1, 0xA0, 0xF6, 0x18, 0x18, 0x3E, 0x18, 0x41, 0xF1, 0x28, 0x18, 0x41
	.byte 0xF1, 0xA0, 0xF6, 0x18, 0x18, 0x41, 0x18, 0x45, 0xF1, 0x28, 0x18, 0x45, 0xF1, 0xA0, 0x18, 0x3B
	.byte 0x18, 0x3E, 0x18, 0x43, 0x18, 0x47, 0x18, 0x43, 0x18, 0x3E, 0x18, 0x3B, 0x18, 0x37, 0xF1, 0x28
	.byte 0x18, 0x37, 0xF1, 0xA0, 0x18, 0x3B, 0x18, 0x40, 0xF1, 0x28, 0x18, 0x40, 0xF1, 0xA0, 0xF6, 0x18
	.byte 0x18, 0x40, 0x18, 0x47, 0xF1, 0x28, 0x18, 0x47, 0xF1, 0xA0, 0x18, 0x3C, 0x18, 0x40, 0x18, 0x45
	.byte 0x18, 0x48, 0x18, 0x45, 0x18, 0x40, 0x18, 0x3C, 0xF0, 0x0F, 0xF1, 0x8C, 0xC0, 0x3E, 0xC0, 0x3C
	.byte 0xC0, 0x3C, 0x60, 0x3C, 0x00, 0xBB, 0x60, 0xF1, 0x3C, 0x00, 0xBB, 0x0C, 0xF1, 0x1E, 0x0C, 0x3B
	.byte 0xF6, 0x18, 0xF0, 0x18, 0xF1, 0xA0, 0x18, 0x40, 0x18, 0x43, 0xF1, 0x28, 0x18, 0x43, 0xF1, 0xA0
	.byte 0xF6, 0x18, 0x18, 0x43, 0x18, 0x48, 0xF1, 0x28, 0x18, 0x48, 0xF1, 0xA0, 0x18, 0x3E, 0x18, 0x41
	.byte 0x18, 0x45, 0x18, 0x4A, 0x18, 0x45, 0x18, 0x41, 0x18, 0x3E, 0xF1, 0x28, 0x18, 0x3E, 0xF1, 0xA0
	.byte 0xF6, 0x18, 0x18, 0x3E, 0x18, 0x41, 0xF1, 0x28, 0x18, 0x41, 0xF1, 0xA0, 0xF6, 0x18, 0x18, 0x41
	.byte 0x18, 0x45, 0xF1, 0x28, 0x18, 0x45, 0xF1, 0xA0, 0x18, 0x3B, 0x18, 0x3E, 0x18, 0x43, 0x18, 0x47
	.byte 0x18, 0x43, 0x18, 0x3E, 0x18, 0x3B, 0x18, 0x37, 0xF1, 0x28, 0x18, 0x37, 0xF1, 0xA0, 0x18, 0x3B
	.byte 0x18, 0x40, 0xF1, 0x28, 0x18, 0x40, 0xF1, 0xA0, 0xF6, 0x18, 0x18, 0x40, 0x18, 0x47, 0xF1, 0x28
	.byte 0x18, 0x47, 0xF1, 0xA0, 0x18, 0x3C, 0x18, 0x40, 0x18, 0x45, 0x18, 0x48, 0x18, 0x45, 0x18, 0x40
	.byte 0x18, 0x3C, 0xF0, 0x0F, 0xF1, 0x8C, 0xC0, 0x3E, 0x60, 0x3E, 0x60, 0x3E, 0xF0, 0x31, 0xF1, 0x64
	.byte 0x00, 0xC8, 0x0C, 0xF1, 0x28, 0x00, 0xC8, 0x0C, 0xF1, 0x14, 0x0C, 0x48, 0xF1, 0x64, 0xF6, 0x0C
	.byte 0x00, 0xC8, 0x0C, 0xF1, 0x28, 0x00, 0xC8, 0x0C, 0xF1, 0x14, 0x0C, 0x48, 0xF1, 0x64, 0xF6, 0x24
	.byte 0x00, 0xC8, 0x0C, 0xF1, 0x28, 0x0C, 0x48, 0xF1, 0x64, 0x00, 0xC8, 0x0C, 0xF1, 0x28, 0x0C, 0x48
	.byte 0xF1, 0x64, 0x00, 0xC8, 0x0C, 0xF1, 0x28, 0x00, 0xC8, 0x0C, 0xF1, 0x14, 0x0C, 0x48, 0xF6, 0x6C
	.byte 0xF0, 0x18, 0xF1, 0xA0, 0x18, 0x43, 0x18, 0x43, 0x17, 0x43, 0xF8, 0xFE, 0xFC, 0xFF, 0xF9, 0x91
	.byte 0xF0, 0x18, 0xF2, 0x8C, 0xF1, 0xB4, 0x18, 0x40, 0xF1, 0x3C, 0x18, 0x40, 0xF1, 0xB4, 0xF6, 0x18
	.byte 0x18, 0x41, 0xF1, 0x3C, 0x18, 0x41, 0xF1, 0xB4, 0x18, 0x40, 0xF1, 0x3C, 0x18, 0x40, 0xF1, 0xB4
	.byte 0x18, 0x3F, 0x18, 0x40, 0x18, 0x43, 0x18, 0x48, 0xF1, 0x3C, 0x18, 0x48, 0xF1, 0xB4, 0xF6, 0x60
	.byte 0x18, 0x3E, 0xF1, 0x3C, 0x18, 0x3E, 0xF1, 0xB4, 0xF6, 0x18, 0x18, 0x40, 0xF1, 0x3C, 0x18, 0x40
	.byte 0xF1, 0xB4, 0x18, 0x3E, 0xF1, 0x3C, 0x18, 0x3E, 0xF1, 0xB4, 0x18, 0x3D, 0x18, 0x3E, 0x18, 0x41
	.byte 0x18, 0x45, 0xF1, 0x3C, 0x18, 0x45, 0xF1, 0xB4, 0xF6, 0x60, 0x18, 0x3C, 0xF1, 0x3C, 0x18, 0x3C
	.byte 0xF1, 0xB4, 0xF6, 0x18, 0x18, 0x3E, 0xF1, 0x3C, 0x18, 0x3E, 0xF1, 0xB4, 0x18, 0x3C, 0xF1, 0x3C
	.byte 0x18, 0x3C, 0xF1, 0xB4, 0x18, 0x3B, 0x18, 0x3C, 0x18, 0x40, 0x18, 0x45, 0xF1, 0x3C, 0x18, 0x45
	.byte 0xF1, 0xB4, 0xF6, 0x18, 0x18, 0x45, 0x18, 0x47, 0x18, 0x48, 0xF0, 0x31, 0xF1, 0xA0, 0x18, 0x45
	.byte 0x18, 0x42, 0x18, 0x3E, 0x30, 0x39, 0x18, 0x38, 0x18, 0x37, 0x18, 0x36, 0x18, 0x39, 0x18, 0x36
	.byte 0x18, 0x32, 0x00, 0xAD, 0x6C, 0xF1, 0x3C, 0x0C, 0x2D, 0xF0, 0x18, 0xF1, 0xB4, 0x18, 0x40, 0xF1
	.byte 0x3C, 0x18, 0x40, 0xF1, 0xB4, 0xF6, 0x18, 0x18, 0x41, 0xF1, 0x3C, 0x18, 0x41, 0xF1, 0xB4, 0x18
	.byte 0x40, 0xF1, 0x3C, 0x18, 0x40, 0xF1, 0xB4, 0x18, 0x3F, 0x18, 0x40, 0x18, 0x43, 0x18, 0x48, 0xF1
	.byte 0x3C, 0x18, 0x48, 0xF1, 0xB4, 0xF6, 0x60, 0x18, 0x3E, 0xF1, 0x3C, 0x18, 0x3E, 0xF1, 0xB4, 0xF6
	.byte 0x18, 0x18, 0x40, 0xF1, 0x3C, 0x18, 0x40, 0xF1, 0xB4, 0x18, 0x3E, 0xF1, 0x3C, 0x18, 0x3E, 0xF1
	.byte 0xB4, 0x18, 0x3D, 0x18, 0x3E, 0x18, 0x41, 0x18, 0x45, 0xF1, 0x3C, 0x18, 0x45, 0xF1, 0xB4, 0xF6
	.byte 0x60, 0x18, 0x3C, 0xF1, 0x3C, 0x18, 0x3C, 0xF1, 0xB4, 0xF6, 0x18, 0x18, 0x3E, 0xF1, 0x3C, 0x18
	.byte 0x3E, 0xF1, 0xB4, 0x18, 0x3C, 0xF1, 0x3C, 0x18, 0x3C, 0xF1, 0xB4, 0x18, 0x3B, 0x18, 0x3C, 0x18
	.byte 0x40, 0x18, 0x45, 0xF1, 0x3C, 0x18, 0x45, 0xF1, 0xB4, 0xF6, 0x18, 0x18, 0x42, 0x18, 0x42, 0x18
	.byte 0x42, 0xF0, 0x0F, 0xF1, 0xA0, 0x48, 0x45, 0x00, 0xC2, 0x30, 0xF1, 0x3C, 0x00, 0xC2, 0x0C, 0xF1
	.byte 0x1E, 0x0C, 0x42, 0xF1, 0xA0, 0x00, 0xC2, 0x18, 0xF1, 0x3C, 0x00, 0xC2, 0x0C, 0xF1, 0x1E, 0x0C
	.byte 0x42, 0xF1, 0xA0, 0xF0, 0x31, 0xF1, 0x64, 0x00, 0xC0, 0x0C, 0xF1, 0x28, 0x00, 0xC0, 0x0C, 0xF1
	.byte 0x14, 0x0C, 0x40, 0xF1, 0x64, 0xF6, 0x0C, 0x00, 0xC0, 0x0C, 0xF1, 0x28, 0x00, 0xC0, 0x0C, 0xF1
	.byte 0x14, 0x0C, 0x40, 0xF1, 0x64, 0xF6, 0x24, 0x00, 0xC1, 0x0C, 0xF1, 0x28, 0x0C, 0x41, 0xF1, 0x64
	.byte 0x00, 0xC1, 0x0C, 0xF1, 0x28, 0x0C, 0x41, 0xF1, 0x64, 0x00, 0xC0, 0x0C, 0xF1, 0x28, 0x00, 0xC0
	.byte 0x0C, 0xF1, 0x14, 0x0C, 0x40, 0xF6, 0xB4, 0xF6, 0x30, 0xF0, 0x18, 0xF1, 0xB4, 0x18, 0x3C, 0x18
	.byte 0x40, 0xF1, 0x3C, 0x18, 0x40, 0xF1, 0xB4, 0xF6, 0x18, 0x18, 0x40, 0x18, 0x43, 0xF1, 0x3C, 0x18
	.byte 0x43, 0xF1, 0xB4, 0x18, 0x39, 0x18, 0x3E, 0x18, 0x41, 0x18, 0x45, 0x18, 0x41, 0x18, 0x3E, 0x18
	.byte 0x39, 0xF1, 0x3C, 0x18, 0x39, 0xF1, 0xB4, 0xF6, 0x18, 0x18, 0x39, 0x18, 0x3E, 0xF1, 0x3C, 0x18
	.byte 0x3E, 0xF1, 0xB4, 0xF6, 0x18, 0x18, 0x3E, 0x18, 0x41, 0xF1, 0x3C, 0x18, 0x41, 0xF1, 0xB4, 0x18
	.byte 0x37, 0x18, 0x3B, 0x18, 0x3E, 0x18, 0x43, 0x18, 0x3E, 0x18, 0x3B, 0x18, 0x37, 0x18, 0x34, 0xF1
	.byte 0x3C, 0x18, 0x34, 0xF1, 0xB4, 0x18, 0x37, 0x18, 0x3B, 0xF1, 0x3C, 0x18, 0x3B, 0xF1, 0xB4, 0xF6
	.byte 0x18, 0x18, 0x3B, 0x18, 0x40, 0xF1, 0x3C, 0x18, 0x40, 0xF1, 0xB4, 0x18, 0x39, 0x18, 0x3C, 0x18
	.byte 0x40, 0x18, 0x45, 0x18, 0x40, 0x18, 0x3C, 0x18, 0x39, 0xF0, 0x0F, 0xF1, 0xA0, 0xC0, 0x39, 0xC0
	.byte 0x39, 0xC0, 0x37, 0x60, 0x37, 0x00, 0xB7, 0x60, 0xF1, 0x3C, 0x00, 0xB7, 0x0C, 0xF1, 0x1E, 0x0C
	.byte 0x37, 0xF6, 0x18, 0xF0, 0x18, 0xF1, 0xB4, 0x18, 0x3C, 0x18, 0x40, 0xF1, 0x3C, 0x18, 0x40, 0xF1
	.byte 0xB4, 0xF6, 0x18, 0x18, 0x40, 0x18, 0x43, 0xF1, 0x3C, 0x18, 0x43, 0xF1, 0xB4, 0x18, 0x39, 0x18
	.byte 0x3E, 0x18, 0x41, 0x18, 0x45, 0x18, 0x41, 0x18, 0x3E, 0x18, 0x39, 0xF1, 0x3C, 0x18, 0x39, 0xF1
	.byte 0xB4, 0xF6, 0x18, 0x18, 0x39, 0x18, 0x3E, 0xF1, 0x3C, 0x18, 0x3E, 0xF1, 0xB4, 0xF6, 0x18, 0x18
	.byte 0x3E, 0x18, 0x41, 0xF1, 0x3C, 0x18, 0x41, 0xF1, 0xB4, 0x18, 0x37, 0x18, 0x3B, 0x18, 0x3E, 0x18
	.byte 0x43, 0x18, 0x3E, 0x18, 0x3B, 0x18, 0x37, 0x18, 0x34, 0xF1, 0x3C, 0x18, 0x34, 0xF1, 0xB4, 0x18
	.byte 0x37, 0x18, 0x3B, 0xF1, 0x3C, 0x18, 0x3B, 0xF1, 0xB4, 0xF6, 0x18, 0x18, 0x3B, 0x18, 0x40, 0xF1
	.byte 0x3C, 0x18, 0x40, 0xF1, 0xB4, 0x18, 0x39, 0x18, 0x3C, 0x18, 0x40, 0x18, 0x45, 0x18, 0x40, 0x18
	.byte 0x3C, 0x18, 0x39, 0xF0, 0x0F, 0xF1, 0xA0, 0xC0, 0x39, 0x60, 0x39, 0x60, 0x3B, 0xF0, 0x31, 0xF1
	.byte 0x64, 0x00, 0xC0, 0x0C, 0xF1, 0x28, 0x00, 0xC0, 0x0C, 0xF1, 0x14, 0x0C, 0x40, 0xF1, 0x64, 0xF6
	.byte 0x0C, 0x00, 0xC0, 0x0C, 0xF1, 0x28, 0x00, 0xC0, 0x0C, 0xF1, 0x14, 0x0C, 0x40, 0xF1, 0x64, 0xF6
	.byte 0x24, 0x00, 0xC1, 0x0C, 0xF1, 0x28, 0x0C, 0x41, 0xF1, 0x64, 0x00, 0xC1, 0x0C, 0xF1, 0x28, 0x0C
	.byte 0x41, 0xF1, 0x64, 0x00, 0xC0, 0x0C, 0xF1, 0x28, 0x00, 0xC0, 0x0C, 0xF1, 0x14, 0x0C, 0x40, 0xF6
	.byte 0x6C, 0xF0, 0x18, 0xF1, 0xB4, 0x18, 0x43, 0x18, 0x42, 0x18, 0x41, 0xF8, 0xF0, 0xFC, 0xFF, 0xF9
	.byte 0x91, 0xF0, 0x19, 0xF2, 0x64, 0xF1, 0xB4, 0x18, 0x3C, 0xF1, 0x50, 0x18, 0x3C, 0xF1, 0xB4, 0xF6
	.byte 0x90, 0xF6, 0x18, 0x00, 0xB0, 0x0C, 0xF1, 0x50, 0x0C, 0x30, 0xF1, 0xB4, 0x00, 0xB7, 0x0C, 0xF1
	.byte 0x50, 0x0C, 0x37, 0xF1, 0xB4, 0x00, 0xBC, 0x0C, 0xF1, 0x50, 0x0C, 0x3C, 0xF1, 0xB4, 0x00, 0xC3
	.byte 0x0C, 0xF1, 0x50, 0x0C, 0x43, 0xF1, 0xB4, 0x18, 0x48, 0xF1, 0x50, 0x18, 0x48, 0xF1, 0xB4, 0xF6
	.byte 0x18, 0xF6, 0xC0, 0xF6, 0x18, 0x00, 0xAF, 0x0C, 0xF1, 0x50, 0x0C, 0x2F, 0xF1, 0xB4, 0x00, 0xB7
	.byte 0x0C, 0xF1, 0x50, 0x0C, 0x37, 0xF1, 0xB4, 0x00, 0xBB, 0x0C, 0xF1, 0x50, 0x0C, 0x3B, 0xF1, 0xB4
	.byte 0x00, 0xC3, 0x0C, 0xF1, 0x50, 0x0C, 0x43, 0xF1, 0xB4, 0x18, 0x47, 0xF1, 0x50, 0x18, 0x47, 0xF1
	.byte 0xB4, 0xF6, 0x18, 0xF6, 0xC0, 0xF6, 0x18, 0x00, 0xB0, 0x0C, 0xF1, 0x50, 0x0C, 0x30, 0xF1, 0xB4
	.byte 0x00, 0xB9, 0x0C, 0xF1, 0x50, 0x0C, 0x39, 0xF1, 0xB4, 0x00, 0xBC, 0x0C, 0xF1, 0x50, 0x0C, 0x3C
	.byte 0xF1, 0xB4, 0x00, 0xC5, 0x0C, 0xF1, 0x50, 0x0C, 0x45, 0xF1, 0xB4, 0x18, 0x48, 0xF1, 0x50, 0x18
	.byte 0x48, 0xF1, 0xB4, 0xF6, 0x18, 0xF0, 0x31, 0xF1, 0xF0, 0x48, 0x39, 0x78, 0x36, 0x48, 0x32, 0xF0
	.byte 0x32, 0xF1, 0xDC, 0x78, 0x32, 0xF0, 0x19, 0xF1, 0xB4, 0x18, 0x3C, 0xF6, 0xA8, 0xF6, 0x18, 0x00
	.byte 0xB0, 0x0C, 0xF1, 0x50, 0x0C, 0x30, 0xF1, 0xB4, 0x00, 0xB7, 0x0C, 0xF1, 0x50, 0x0C, 0x37, 0xF1
	.byte 0xB4, 0x00, 0xBC, 0x0C, 0xF1, 0x50, 0x0C, 0x3C, 0xF1, 0xB4, 0x00, 0xC3, 0x0C, 0xF1, 0x50, 0x0C
	.byte 0x43, 0xF1, 0xB4, 0x18, 0x48, 0xF1, 0x50, 0x18, 0x48, 0xF1, 0xB4, 0xF6, 0x18, 0xF6, 0xC0, 0xF6
	.byte 0x18, 0x00, 0xAF, 0x0C, 0xF1, 0x50, 0x0C, 0x2F, 0xF1, 0xB4, 0x00, 0xB7, 0x0C, 0xF1, 0x50, 0x0C
	.byte 0x37, 0xF1, 0xB4, 0x00, 0xBB, 0x0C, 0xF1, 0x50, 0x0C, 0x3B, 0xF1, 0xB4, 0x00, 0xC3, 0x0C, 0xF1
	.byte 0x50, 0x0C, 0x43, 0xF1, 0xB4, 0x18, 0x47, 0xF1, 0x50, 0x18, 0x47, 0xF1, 0xB4, 0xF6, 0x18, 0xF6
	.byte 0xC0, 0xF6, 0x18, 0x00, 0xB0, 0x0C, 0xF1, 0x50, 0x0C, 0x30, 0xF1, 0xB4, 0x00, 0xB9, 0x0C, 0xF1
	.byte 0x50, 0x0C, 0x39, 0xF1, 0xB4, 0x00, 0xBC, 0x0C, 0xF1, 0x50, 0x0C, 0x3C, 0xF1, 0xB4, 0x00, 0xC5
	.byte 0x0C, 0xF1, 0x50, 0x0C, 0x45, 0xF1, 0xB4, 0x18, 0x48, 0xF1, 0x50, 0x18, 0x48, 0xF1, 0xB4, 0xF6
	.byte 0x18, 0xF0, 0x31, 0xF1, 0xF0, 0x48, 0x39, 0x48, 0x36, 0xF0, 0x32, 0xF1, 0xDC, 0x30, 0x3B, 0x18
	.byte 0x3C, 0xF6, 0x18, 0x18, 0x3C, 0xF6, 0x30, 0x18, 0x35, 0x18, 0x35, 0x18, 0x30, 0xF6, 0x78, 0x48
	.byte 0x30, 0x60, 0x30, 0x60, 0x34, 0x60, 0x35, 0x60, 0x34, 0xC0, 0x32, 0x60, 0x37, 0x60, 0x35, 0x60
	.byte 0x34, 0x60, 0x38, 0x60, 0x39, 0x60, 0x37, 0xC0, 0x36, 0xC0, 0x35, 0xC0, 0x34, 0x60, 0x32, 0x60
	.byte 0x37, 0x60, 0x30, 0x60, 0x34, 0x60, 0x35, 0x60, 0x34, 0xC0, 0x32, 0x60, 0x37, 0x60, 0x35, 0x60
	.byte 0x34, 0x60, 0x38, 0x60, 0x39, 0x60, 0x37, 0xC0, 0x36, 0x60, 0x35, 0x60, 0x37, 0x18, 0x30, 0xF6
	.byte 0x18, 0x18, 0x30, 0xF6, 0x30, 0x18, 0x31, 0x18, 0x31, 0x18, 0x30, 0xF0, 0x19, 0xF1, 0xB4, 0xF6
	.byte 0x78, 0x18, 0x30, 0xF1, 0x50, 0x18, 0x30, 0xF1, 0xB4, 0xF6, 0x18, 0xF8, 0x31, 0xFE, 0xFF, 0xF9
	.byte 0x91, 0xF6, 0xC0, 0xF6, 0x79, 0xF0, 0x05, 0xF2, 0x50, 0xF1, 0x64, 0x0C, 0x54, 0xF1, 0x28, 0x0C
	.byte 0x54, 0xF1, 0x64, 0x0C, 0x5B, 0xF1, 0x28, 0x0C, 0x5B, 0xF1, 0x64, 0x0C, 0x60, 0xF1, 0x28, 0x0C
	.byte 0x60, 0xF1, 0x64, 0xF6, 0xC0, 0xF6, 0x78, 0x0C, 0x53, 0xF1, 0x28, 0x0C, 0x53, 0xF1, 0x64, 0x0C
	.byte 0x5B, 0xF1, 0x28, 0x0C, 0x5B, 0xF1, 0x64, 0x0C, 0x5F, 0xF1, 0x28, 0x0C, 0x5F, 0xF1, 0x64, 0xF6
	.byte 0xC0, 0xF6, 0x78, 0x0C, 0x54, 0xF1, 0x28, 0x0C, 0x54, 0xF1, 0x64, 0x0C, 0x5D, 0xF1, 0x28, 0x0C
	.byte 0x5D, 0xF1, 0x64, 0x0C, 0x60, 0xF1, 0x28, 0x0C, 0x60, 0xF1, 0x64, 0xF6, 0xC0, 0xF6, 0xC0, 0xF6
	.byte 0xC0, 0xF6, 0x78, 0x0C, 0x54, 0xF1, 0x28, 0x0C, 0x54, 0xF1, 0x64, 0x0C, 0x5B, 0xF1, 0x28, 0x0C
	.byte 0x5B, 0xF1, 0x64, 0x0C, 0x60, 0xF1, 0x28, 0x0C, 0x60, 0xF1, 0x64, 0xF6, 0xC0, 0xF6, 0x78, 0x0C
	.byte 0x53, 0xF1, 0x28, 0x0C, 0x53, 0xF1, 0x64, 0x0C, 0x5B, 0xF1, 0x28, 0x0C, 0x5B, 0xF1, 0x64, 0x0C
	.byte 0x5F, 0xF1, 0x28, 0x0C, 0x5F, 0xF1, 0x64, 0xF6, 0xC0, 0xF6, 0x78, 0x0C, 0x54, 0xF1, 0x28, 0x0C
	.byte 0x54, 0xF1, 0x64, 0x0C, 0x5D, 0xF1, 0x28, 0x0C, 0x5D, 0xF1, 0x64, 0x0C, 0x60, 0xF1, 0x28, 0x0C
	.byte 0x60, 0xF1, 0x64, 0xF6, 0xBF, 0xF6, 0x30, 0xF0, 0x6D, 0xF2, 0x50, 0xF1, 0x50, 0x0C, 0x48, 0xF1
	.byte 0x28, 0x0C, 0x48, 0xF1, 0x50, 0xF6, 0x30, 0x0C, 0x48, 0xF1, 0x28, 0x0C, 0x48, 0xF1, 0x50, 0x0C
	.byte 0x48, 0xF1, 0x28, 0x0C, 0x48, 0xF1, 0x50, 0x0C, 0x48, 0xF1, 0x28, 0x0C, 0x48, 0xF6, 0x78, 0xF1
	.byte 0x78, 0x18, 0x37, 0x18, 0x36, 0x18, 0x37, 0xF1, 0x8C, 0x18, 0x34, 0x18, 0x37, 0x18, 0x3C, 0xF1
	.byte 0x50, 0x06, 0x40, 0xF6, 0x06, 0x06, 0x40, 0xF6, 0x06, 0x0C, 0x40, 0xF6, 0x0C, 0xF1, 0x8C, 0x18
	.byte 0x3C, 0x18, 0x3B, 0x18, 0x3C, 0x18, 0x3B, 0x24, 0x39, 0xF1, 0x3C, 0x0C, 0x39, 0xF1, 0x50, 0x06
	.byte 0x39, 0xF6, 0x06, 0x06, 0x39, 0xF6, 0x06, 0x06, 0x39, 0xF6, 0x06, 0x0C, 0x39, 0xF1, 0x8C, 0x18
	.byte 0x39, 0x18, 0x38, 0x18, 0x39, 0x18, 0x35, 0x18, 0x39, 0x18, 0x40, 0x06, 0x41, 0xF6, 0x06, 0xF1
	.byte 0x50, 0x06, 0x41, 0xF6, 0x06, 0x0C, 0x41, 0xF1, 0x3C, 0x0C, 0x41, 0xF1, 0x8C, 0x18, 0x40, 0x18
	.byte 0x3E, 0x18, 0x41, 0x18, 0x3C, 0x24, 0x3B, 0xF1, 0x3C, 0x0C, 0x3B, 0xF1, 0x50, 0x06, 0x3B, 0xF6
	.byte 0x06, 0x06, 0x3B, 0xF6, 0x06, 0x06, 0x3B, 0xF6, 0x06, 0x0C, 0x3B, 0xF1, 0x8C, 0x18, 0x3B, 0x18
	.byte 0x3A, 0x18, 0x3B, 0x18, 0x37, 0x18, 0x3B, 0x18, 0x40, 0x06, 0x43, 0xF1, 0x50, 0xF6, 0x06, 0x06
	.byte 0x43, 0xF6, 0x06, 0x0C, 0x43, 0xF1, 0x3C, 0x0C, 0x43, 0xF1, 0x8C, 0x18, 0x41, 0x18, 0x40, 0x18
	.byte 0x43, 0x18, 0x41, 0x06, 0x40, 0xF1, 0x50, 0xF6, 0x06, 0x06, 0x40, 0xF6, 0x06, 0x06, 0x40, 0xF1
	.byte 0x8C, 0x0C, 0x3C, 0xF6, 0x06, 0xF1, 0x50, 0x06, 0x40, 0xF6, 0x06, 0x06, 0x40, 0xF6, 0x06, 0x06
	.byte 0x40, 0xF6, 0x06, 0x0C, 0x40, 0xF1, 0x8C, 0x18, 0x3E, 0x18, 0x3C, 0x18, 0x40, 0x18, 0x3E, 0x18
	.byte 0x3C, 0x18, 0x3E, 0x06, 0x39, 0xF1, 0x50, 0xF6, 0x06, 0x06, 0x39, 0xF6, 0x06, 0x06, 0x39, 0xF6
	.byte 0x06, 0x0C, 0x39, 0xF1, 0x8C, 0x18, 0x3E, 0x18, 0x3C, 0x18, 0x40, 0x18, 0x3E, 0x18, 0x3C, 0x18
	.byte 0x3E, 0x06, 0x39, 0xF1, 0x50, 0xF6, 0x06, 0x06, 0x39, 0xF6, 0x06, 0x06, 0x39, 0xF6, 0x06, 0x0C
	.byte 0x39, 0xF1, 0x8C, 0x18, 0x3E, 0x18, 0x3C, 0x18, 0x40, 0x18, 0x3E, 0x18, 0x3C, 0x18, 0x3E, 0x06
	.byte 0x37, 0xF1, 0x50, 0xF6, 0x06, 0x06, 0x37, 0xF6, 0x06, 0x06, 0x37, 0xF6, 0x06, 0x0C, 0x37, 0xF1
	.byte 0x8C, 0x18, 0x37, 0x18, 0x3C, 0x18, 0x43, 0x18, 0x43, 0x24, 0x41, 0xF1, 0x3C, 0x0C, 0x41, 0xF1
	.byte 0x8C, 0x24, 0x40, 0xF1, 0x3C, 0x0C, 0x40, 0xF1, 0x8C, 0x18, 0x3E, 0x06, 0x39, 0xF1, 0x50, 0xF6
	.byte 0x06, 0x06, 0x39, 0xF1, 0x8C, 0xF6, 0x06, 0x18, 0x3B, 0x18, 0x34, 0x18, 0x37, 0x18, 0x3C, 0x06
	.byte 0x40, 0xF1, 0x50, 0xF6, 0x06, 0x06, 0x40, 0xF6, 0x06, 0x0C, 0x40, 0xF1, 0x3C, 0x0C, 0x40, 0xF1
	.byte 0x8C, 0x18, 0x3C, 0x18, 0x3B, 0x18, 0x3C, 0x18, 0x3B, 0x24, 0x39, 0xF1, 0x3C, 0x0C, 0x39, 0xF1
	.byte 0x50, 0x06, 0x39, 0xF6, 0x06, 0x06, 0x39, 0xF6, 0x06, 0x06, 0x39, 0xF6, 0x06, 0x0C, 0x39, 0xF1
	.byte 0x8C, 0x18, 0x39, 0x18, 0x38, 0x18, 0x39, 0x18, 0x35, 0x18, 0x39, 0x18, 0x40, 0x06, 0x41, 0xF6
	.byte 0x06, 0xF1, 0x50, 0x06, 0x41, 0xF6, 0x06, 0x0C, 0x41, 0xF1, 0x3C, 0x0C, 0x41, 0xF1, 0x8C, 0x18
	.byte 0x40, 0x18, 0x3E, 0x18, 0x41, 0x18, 0x3C, 0x24, 0x3B, 0xF1, 0x3C, 0x0C, 0x3B, 0xF1, 0x50, 0x06
	.byte 0x3B, 0xF6, 0x06, 0x06, 0x3B, 0xF6, 0x06, 0x06, 0x3B, 0xF6, 0x06, 0x0C, 0x3B, 0xF1, 0x8C, 0x18
	.byte 0x3B, 0x18, 0x3A, 0x18, 0x3B, 0x18, 0x37, 0x18, 0x3B, 0x18, 0x40, 0x06, 0x43, 0xF1, 0x50, 0xF6
	.byte 0x06, 0x06, 0x43, 0xF6, 0x06, 0x0C, 0x43, 0xF1, 0x3C, 0x0C, 0x43, 0xF1, 0x8C, 0x18, 0x41, 0x18
	.byte 0x40, 0x18, 0x43, 0x18, 0x41, 0x06, 0x40, 0xF1, 0x50, 0xF6, 0x06, 0x06, 0x40, 0xF6, 0x06, 0x06
	.byte 0x40, 0xF1, 0x8C, 0x0C, 0x3C, 0xF6, 0x06, 0xF1, 0x50, 0x06, 0x40, 0xF6, 0x06, 0x06, 0x40, 0xF6
	.byte 0x06, 0x06, 0x40, 0xF6, 0x06, 0x0C, 0x40, 0xF1, 0x8C, 0x18, 0x3E, 0x18, 0x3C, 0x18, 0x40, 0x18
	.byte 0x3E, 0x18, 0x3C, 0x18, 0x3E, 0x06, 0x39, 0xF1, 0x50, 0xF6, 0x06, 0x06, 0x39, 0xF6, 0x06, 0x06
	.byte 0x39, 0xF6, 0x06, 0x0C, 0x39, 0xF1, 0x8C, 0x18, 0x3E, 0x18, 0x3C, 0x18, 0x40, 0x18, 0x3E, 0x18
	.byte 0x3C, 0x18, 0x3E, 0x06, 0x39, 0xF1, 0x50, 0xF6, 0x06, 0x06, 0x39, 0xF6, 0x06, 0x06, 0x39, 0xF6
	.byte 0x06, 0x0C, 0x39, 0xF1, 0x8C, 0x18, 0x3B, 0x18, 0x39, 0x18, 0x3B, 0xF6, 0x01, 0xF1, 0x64, 0x0C
	.byte 0x3C, 0xF1, 0x3C, 0x0C, 0x3C, 0xF1, 0x64, 0xF6, 0x18, 0x0C, 0x3C, 0xF1, 0x3C, 0x0C, 0x3C, 0xF1
	.byte 0x64, 0xF6, 0x30, 0x0C, 0x3C, 0xF1, 0x3C, 0x0C, 0x3C, 0xF1, 0x64, 0x0C, 0x3C, 0xF1, 0x3C, 0x0C
	.byte 0x3C, 0xF1, 0x64, 0x0C, 0x3C, 0xF1, 0x3C, 0x0C, 0x3C, 0xF1, 0x64, 0xF6, 0xBF, 0xF8, 0x9F, 0xFC
	.byte 0xFF, 0xF9, 0x91, 0xF6, 0xC0, 0xF0, 0x6D, 0xF2, 0x64, 0xF1, 0x8C, 0xF6, 0x18, 0x0C, 0x24, 0xF1
	.byte 0x3C, 0x0C, 0x24, 0xF1, 0x8C, 0x0C, 0x2B, 0xF1, 0x3C, 0x0C, 0x2B, 0xF1, 0x8C, 0x0C, 0x30, 0xF1
	.byte 0x3C, 0x0C, 0x30, 0xF1, 0x8C, 0x0C, 0x37, 0xF1, 0x3C, 0x0C, 0x37, 0xF1, 0x8C, 0x0C, 0x3C, 0xF1
	.byte 0x3C, 0x0C, 0x3C, 0xF1, 0x8C, 0x0C, 0x43, 0xF1, 0x3C, 0x0C, 0x43, 0xF1, 0x8C, 0x18, 0x48, 0xF1
	.byte 0x3C, 0x0C, 0x48, 0xF1, 0x8C, 0xF6, 0xB4, 0xF6, 0x18, 0x0C, 0x23, 0xF1, 0x3C, 0x0C, 0x23, 0xF1
	.byte 0x8C, 0x0C, 0x2B, 0xF1, 0x3C, 0x0C, 0x2B, 0xF1, 0x8C, 0x0C, 0x2F, 0xF1, 0x3C, 0x0C, 0x2F, 0xF1
	.byte 0x8C, 0x0C, 0x37, 0xF1, 0x3C, 0x0C, 0x37, 0xF1, 0x8C, 0x0C, 0x3B, 0xF1, 0x3C, 0x0C, 0x3B, 0xF1
	.byte 0x8C, 0x0C, 0x43, 0xF1, 0x3C, 0x0C, 0x43, 0xF1, 0x8C, 0x18, 0x47, 0xF1, 0x3C, 0x0C, 0x47, 0xF1
	.byte 0x8C, 0xF6, 0xB4, 0xF6, 0x18, 0x0C, 0x24, 0xF1, 0x3C, 0x0C, 0x24, 0xF1, 0x8C, 0x0C, 0x2D, 0xF1
	.byte 0x3C, 0x0C, 0x2D, 0xF1, 0x8C, 0x0C, 0x30, 0xF1, 0x3C, 0x0C, 0x30, 0xF1, 0x8C, 0x0C, 0x39, 0xF1
	.byte 0x3C, 0x0C, 0x39, 0xF1, 0x8C, 0x0C, 0x3C, 0xF1, 0x3C, 0x0C, 0x3C, 0xF1, 0x8C, 0x0C, 0x45, 0xF1
	.byte 0x3C, 0x0C, 0x45, 0xF1, 0x8C, 0x18, 0x48, 0xF1, 0x3C, 0x0C, 0x48, 0xF1, 0x8C, 0xF6, 0xB4, 0xF6
	.byte 0xC0, 0xF6, 0xC0, 0xF6, 0x18, 0x0C, 0x24, 0xF1, 0x3C, 0x0C, 0x24, 0xF1, 0x8C, 0x0C, 0x2B, 0xF1
	.byte 0x3C, 0x0C, 0x2B, 0xF1, 0x8C, 0x0C, 0x30, 0xF1, 0x3C, 0x0C, 0x30, 0xF1, 0x8C, 0x0C, 0x37, 0xF1
	.byte 0x3C, 0x0C, 0x37, 0xF1, 0x8C, 0x0C, 0x3C, 0xF1, 0x3C, 0x0C, 0x3C, 0xF1, 0x8C, 0x0C, 0x43, 0xF1
	.byte 0x3C, 0x0C, 0x43, 0xF1, 0x8C, 0x18, 0x48, 0xF1, 0x3C, 0x0C, 0x48, 0xF1, 0x8C, 0xF6, 0xB4, 0xF6
	.byte 0x18, 0x0C, 0x23, 0xF1, 0x3C, 0x0C, 0x23, 0xF1, 0x8C, 0x0C, 0x2B, 0xF1, 0x3C, 0x0C, 0x2B, 0xF1
	.byte 0x8C, 0x0C, 0x2F, 0xF1, 0x3C, 0x0C, 0x2F, 0xF1, 0x8C, 0x0C, 0x37, 0xF1, 0x3C, 0x0C, 0x37, 0xF1
	.byte 0x8C, 0x0C, 0x3B, 0xF1, 0x3C, 0x0C, 0x3B, 0xF1, 0x8C, 0x0C, 0x43, 0xF1, 0x3C, 0x0C, 0x43, 0xF1
	.byte 0x8C, 0x18, 0x47, 0xF1, 0x3C, 0x0C, 0x47, 0xF1, 0x8C, 0xF6, 0xB4, 0xF6, 0x18, 0x0C, 0x24, 0xF1
	.byte 0x3C, 0x0C, 0x2B, 0xF1, 0x8C, 0x0C, 0x2D, 0xF1, 0x3C, 0x0C, 0x2D, 0xF1, 0x8C, 0x0C, 0x30, 0xF1
	.byte 0x3C, 0x0C, 0x30, 0xF1, 0x8C, 0x0C, 0x39, 0xF1, 0x3C, 0x0C, 0x39, 0xF1, 0x8C, 0x0C, 0x3C, 0xF1
	.byte 0x3C, 0x0C, 0x3C, 0xF1, 0x8C, 0x0C, 0x45, 0xF1, 0x3C, 0x0C, 0x45, 0xF1, 0x8C, 0x18, 0x48, 0xF1
	.byte 0x3C, 0x0C, 0x48, 0xF1, 0x8C, 0xF6, 0xB4, 0xF6, 0x30, 0x0C, 0x40, 0xF1, 0x3C, 0x0C, 0x40, 0xF1
	.byte 0x64, 0xF6, 0x30, 0x0C, 0x41, 0xF1, 0x3C, 0x0C, 0x41, 0xF1, 0x64, 0x0C, 0x41, 0xF1, 0x3C, 0x0C
	.byte 0x41, 0xF1, 0x64, 0x0C, 0x40, 0xF1, 0x3C, 0x0C, 0x40, 0xF1, 0x64, 0xF6, 0x78, 0x18, 0x34, 0x18
	.byte 0x33, 0x18, 0x34, 0x18, 0x30, 0x18, 0x34, 0x18, 0x37, 0xF6, 0x06, 0xF1, 0x50, 0x06, 0x3C, 0xF6
	.byte 0x06, 0x06, 0x3C, 0xF1, 0x3C, 0x0C, 0x3C, 0xF1, 0x8C, 0xF6, 0x0C, 0x18, 0x37, 0x18, 0x37, 0x18
	.byte 0x37, 0x18, 0x35, 0x24, 0x35, 0xF1, 0x3C, 0x0C, 0x35, 0xF1, 0x8C, 0xF6, 0x06, 0xF1, 0x50, 0x06
	.byte 0x35, 0xF6, 0x06, 0x06, 0x35, 0xF6, 0x06, 0x06, 0x35, 0xF1, 0x3C, 0x0C, 0x35, 0xF1, 0x8C, 0xF6
	.byte 0x18, 0x18, 0x34, 0x18, 0x35, 0x18, 0x32, 0x18, 0x35, 0x18, 0x3D, 0xF6, 0x06, 0xF1, 0x50, 0x06
	.byte 0x3E, 0xF6, 0x06, 0x06, 0x3E, 0xF1, 0x3C, 0x0C, 0x3E, 0xF1, 0x8C, 0xF6, 0x0C, 0x18, 0x3C, 0x18
	.byte 0x3B, 0x18, 0x3E, 0x18, 0x39, 0x24, 0x37, 0xF1, 0x3C, 0x0C, 0x37, 0xF1, 0x8C, 0xF6, 0x06, 0xF1
	.byte 0x50, 0x06, 0x37, 0xF6, 0x06, 0x06, 0x37, 0xF6, 0x06, 0x06, 0x37, 0xF1, 0x3C, 0x0C, 0x37, 0xF1
	.byte 0x8C, 0xF6, 0x18, 0x18, 0x36, 0x18, 0x37, 0x18, 0x34, 0x18, 0x37, 0x18, 0x3B, 0xF6, 0x06, 0xF1
	.byte 0x50, 0x06, 0x40, 0xF6, 0x06, 0x06, 0x40, 0xF1, 0x3C, 0x0C, 0x40, 0xF1, 0x8C, 0xF6, 0x0C, 0x18
	.byte 0x3B, 0x18, 0x3B, 0x18, 0x3B, 0x18, 0x3E, 0xF6, 0x06, 0xF1, 0x50, 0x06, 0x3C, 0xF6, 0x06, 0x06
	.byte 0x3C, 0xF6, 0x12, 0x06, 0x3C, 0xF6, 0x06, 0x06, 0x3C, 0xF6, 0x06, 0x06, 0x3C, 0xF6, 0x06, 0x06
	.byte 0x3C, 0xF1, 0x3C, 0x0C, 0x3C, 0xF1, 0x8C, 0x18, 0x3B, 0x18, 0x39, 0x18, 0x3C, 0x18, 0x39, 0x18
	.byte 0x39, 0x18, 0x39, 0xF6, 0x06, 0xF1, 0x50, 0x06, 0x36, 0xF6, 0x06, 0x06, 0x36, 0xF6, 0x06, 0x06
	.byte 0x36, 0xF1, 0x8C, 0x0C, 0x39, 0x18, 0x39, 0x18, 0x39, 0x18, 0x3C, 0x18, 0x39, 0x18, 0x39, 0x18
	.byte 0x39, 0xF6, 0x06, 0xF1, 0x50, 0x06, 0x35, 0xF6, 0x06, 0x06, 0x35, 0xF6, 0x06, 0x06, 0x35, 0xF1
	.byte 0x8C, 0x0C, 0x39, 0x18, 0x39, 0x18, 0x39, 0x18, 0x3C, 0x18, 0x37, 0x18, 0x37, 0x18, 0x37, 0xF6
	.byte 0x06, 0xF1, 0x50, 0x06, 0x34, 0xF6, 0x06, 0x06, 0x34, 0xF6, 0x06, 0x2A, 0x34, 0xF1, 0x8C, 0x18
	.byte 0x37, 0x18, 0x40, 0x18, 0x40, 0x24, 0x3E, 0xF1, 0x3C, 0x0C, 0x3E, 0xF1, 0x8C, 0x24, 0x3C, 0xF1
	.byte 0x3C, 0x0C, 0x3C, 0xF1, 0x8C, 0x18, 0x3B, 0xF6, 0x06, 0xF1, 0x50, 0x06, 0x36, 0xF6, 0x06, 0x06
	.byte 0x36, 0xF1, 0xA0, 0x18, 0x37, 0x18, 0x30, 0x18, 0x34, 0x18, 0x37, 0xF6, 0x06, 0xF1, 0x50, 0x06
	.byte 0x3C, 0xF6, 0x06, 0x06, 0x3C, 0xF1, 0x3C, 0x0C, 0x3C, 0xF1, 0x8C, 0xF6, 0x0C, 0x18, 0x37, 0x18
	.byte 0x37, 0x18, 0x37, 0x18, 0x35, 0x24, 0x35, 0xF1, 0x3C, 0x0C, 0x35, 0xF1, 0x8C, 0xF6, 0x06, 0xF1
	.byte 0x50, 0x06, 0x35, 0xF6, 0x06, 0x06, 0x35, 0xF6, 0x06, 0x06, 0x35, 0xF1, 0x3C, 0x0C, 0x34, 0xF1
	.byte 0x8C, 0x18, 0x35, 0xF1, 0x8C, 0x18, 0x34, 0x18, 0x35, 0x18, 0x32, 0x18, 0x35, 0x18, 0x3D, 0xF6
	.byte 0x06, 0xF1, 0x50, 0x06, 0x3E, 0xF6, 0x06, 0x06, 0x3E, 0xF6, 0x18, 0xF1, 0x8C, 0x18, 0x3C, 0x18
	.byte 0x3B, 0x18, 0x3E, 0x18, 0x39, 0x24, 0x37, 0xF1, 0x3C, 0x0C, 0x37, 0xF1, 0x8C, 0xF6, 0x06, 0xF1
	.byte 0x50, 0x06, 0x37, 0xF6, 0x06, 0x06, 0x37, 0xF6, 0x06, 0x06, 0x37, 0xF6, 0x0C, 0x18, 0x37, 0xF1
	.byte 0xA0, 0x18, 0x36, 0x18, 0x37, 0x18, 0x34, 0x18, 0x37, 0x18, 0x3B, 0xF6, 0x06, 0xF1, 0x50, 0x06
	.byte 0x40, 0xF6, 0x06, 0x06, 0x40, 0xF1, 0x3C, 0x0C, 0x40, 0xF1, 0x8C, 0xF6, 0x0C, 0x18, 0x3B, 0x18
	.byte 0x3B, 0x18, 0x3B, 0x18, 0x3E, 0xF6, 0x06, 0xF1, 0x50, 0x06, 0x3C, 0xF6, 0x06, 0x06, 0x3C, 0xF6
	.byte 0x1E, 0x06, 0x3C, 0xF6, 0x06, 0x06, 0x3C, 0xF1, 0x3C, 0x0C, 0x3C, 0xF1, 0x8C, 0xF6, 0x0C, 0x18
	.byte 0x3B, 0x18, 0x39, 0x18, 0x3C, 0x18, 0x39, 0x18, 0x39, 0x18, 0x39, 0xF6, 0x06, 0xF1, 0x50, 0x06
	.byte 0x36, 0xF6, 0x06, 0x06, 0x36, 0xF6, 0x06, 0x06, 0x36, 0xF1, 0x3C, 0x0C, 0x36, 0xF1, 0x8C, 0x18
	.byte 0x39, 0x18, 0x39, 0x18, 0x3C, 0x18, 0x3B, 0x18, 0x39, 0x18, 0x3B, 0xF6, 0x06, 0xF1, 0x50, 0x06
	.byte 0x35, 0xF6, 0x06, 0x06, 0x35, 0xF6, 0x06, 0x06, 0x35, 0xF1, 0x3C, 0x0C, 0x35, 0xF1, 0x8C, 0x18
	.byte 0x37, 0x18, 0x35, 0x18, 0x37, 0x0C, 0x34, 0xF1, 0x3C, 0x0C, 0x34, 0xF1, 0x64, 0xF6, 0x18, 0x0C
	.byte 0x34, 0xF1, 0x3C, 0x0C, 0x34, 0xF1, 0x64, 0xF6, 0x30, 0x0C, 0x35, 0xF1, 0x3C, 0x0C, 0x35, 0xF1
	.byte 0x64, 0x0C, 0x35, 0xF1, 0x3C, 0x0C, 0x35, 0xF1, 0x64, 0x0C, 0x34, 0xF1, 0x3C, 0x0C, 0x34, 0xF1
	.byte 0x64, 0xF6, 0xC0, 0xF8, 0xEB, 0xFB, 0xFF, 0xF9, 0x91, 0xF6, 0xC0, 0xF6, 0xC0, 0xF6, 0xC0, 0xF6
	.byte 0xC0, 0xF6, 0xC0, 0xF6, 0xC0, 0xF0, 0xC6, 0xF1, 0x28, 0x48, 0x39, 0x78, 0x36, 0x48, 0x32, 0x78
	.byte 0x26, 0xF6, 0xC0, 0xF6, 0xC0, 0xF6, 0xC0, 0xF6, 0xC0, 0xF6, 0xC0, 0xF6, 0xC0, 0x48, 0x39, 0x48
	.byte 0x36, 0x30, 0x2F, 0x18, 0x30, 0xF6, 0x18, 0x18, 0x30, 0xF6, 0x30, 0x18, 0x29, 0x18, 0x29, 0x18
	.byte 0x24, 0xF6, 0x78, 0x48, 0x24, 0x60, 0x24, 0x60, 0x28, 0x60, 0x29, 0x60, 0x28, 0xC0, 0x26, 0x60
	.byte 0x2B, 0x60, 0x29, 0x60, 0x28, 0x60, 0x2C, 0x60, 0x2D, 0x60, 0x2B, 0xC0, 0x2A, 0xC0, 0x29, 0xC0
	.byte 0x28, 0x60, 0x26, 0x60, 0x2B, 0x60, 0x24, 0x60, 0x28, 0x60, 0x29, 0x60, 0x28, 0xC0, 0x26, 0x60
	.byte 0x2B, 0x60, 0x29, 0x60, 0x28, 0x60, 0x2C, 0x60, 0x2D, 0x60, 0x2B, 0xC0, 0x2A, 0x60, 0x29, 0x60
	.byte 0x2B, 0x18, 0x24, 0xF6, 0x18, 0x18, 0x24, 0xF6, 0x30, 0x18, 0x25, 0x18, 0x25, 0x18, 0x24, 0xF6
	.byte 0xC0, 0xF8, 0x73, 0xFF, 0xFF, 0xF9, 0x91, 0xF6, 0xC0, 0xF6, 0xC0, 0xF6, 0xC0, 0xF6, 0xC0, 0xF6
	.byte 0xC0, 0xF6, 0x80, 0xF0, 0xC7, 0xF2, 0xA0, 0xF1, 0x14, 0x18, 0x48, 0x18, 0x4A, 0x18, 0x4C, 0x18
	.byte 0x4A, 0x18, 0x48, 0x18, 0x45, 0x30, 0x42, 0x18, 0x41, 0x18, 0x40, 0x18, 0x3F, 0x18, 0x3E, 0x18
	.byte 0x3C, 0x18, 0x39, 0x6C, 0x36, 0xF6, 0x0C, 0xF6, 0xC0, 0xF6, 0xC0, 0xF6, 0xC0, 0xF6, 0xC0, 0xF6
	.byte 0xC0, 0xF6, 0x78, 0x18, 0x45, 0x18, 0x47, 0x18, 0x48, 0x18, 0x4A, 0x18, 0x48, 0x18, 0x4A, 0x30
	.byte 0x45, 0x18, 0x47, 0x18, 0x45, 0x18, 0x47, 0x0C, 0x48, 0xF6, 0xB4, 0xF6, 0xC0, 0xF6, 0xC0, 0xF6
	.byte 0xC0, 0xF6, 0xC0, 0xF6, 0xC0, 0xF6, 0xC0, 0xF6, 0x78, 0x18, 0x4A, 0x18, 0x48, 0x18, 0x4C, 0x18
	.byte 0x4A, 0x18, 0x48, 0x18, 0x4A, 0x30, 0x45, 0x18, 0x4A, 0x18, 0x48, 0x18, 0x4C, 0x18, 0x4A, 0x18
	.byte 0x48, 0x18, 0x4A, 0x30, 0x45, 0x18, 0x4A, 0x18, 0x48, 0x18, 0x4C, 0x18, 0x4A, 0x18, 0x48, 0x18
	.byte 0x4A, 0x30, 0x43, 0x18, 0x43, 0x18, 0x48, 0x18, 0x4F, 0x18, 0x4F, 0x30, 0x4D, 0x30, 0x4C, 0x18
	.byte 0x4A, 0x18, 0x45, 0x18, 0x47, 0xF6, 0xC0, 0xF6, 0xC0, 0xF6, 0xC0, 0xF6, 0xC0, 0xF6, 0xC0, 0xF6
	.byte 0x78, 0x18, 0x4A, 0x18, 0x48, 0x18, 0x4C, 0x18, 0x4A, 0x18, 0x48, 0x18, 0x4A, 0x30, 0x45, 0x18
	.byte 0x4A, 0x18, 0x48, 0x18, 0x4C, 0x18, 0x4A, 0x18, 0x48, 0x18, 0x4A, 0x30, 0x45, 0x18, 0x47, 0x18
	.byte 0x45, 0x18, 0x47, 0x0C, 0x48, 0xF6, 0xAC, 0xF6, 0xC0, 0xF8, 0x29, 0xFF, 0xFF, 0x00, 0x00, 0x00
	.byte 0xFC, 0x03, 0x12, 0x00, 0x66, 0x05, 0x4A, 0x08, 0xF5, 0x0B, 0xB7, 0x0F, 0x5D, 0x11, 0x8B, 0x14
	.byte 0x1F, 0x15, 0xF9, 0x2A, 0xF6, 0xA8, 0xF6, 0xA8, 0xF9, 0x6C, 0xF0, 0x19, 0xF1, 0xE6, 0x00, 0xB5
	.byte 0x20, 0xF1, 0x64, 0x04, 0x35, 0xF1, 0xE6, 0x18, 0x41, 0x0C, 0x3F, 0x18, 0x41, 0x00, 0xBC, 0x0C
	.byte 0xF1, 0x64, 0x0C, 0x3C, 0xF1, 0xE6, 0x10, 0x3F, 0xF1, 0x64, 0x08, 0x3F, 0xF1, 0xE6, 0x00, 0xC1
	.byte 0x10, 0xF1, 0x64, 0x08, 0x41, 0xF1, 0xE6, 0x0C, 0x35, 0x00, 0xB5, 0x10, 0xF1, 0x64, 0x08, 0x35
	.byte 0xF1, 0xE6, 0x00, 0xC1, 0x10, 0xF1, 0x64, 0x08, 0x41, 0xF1, 0xE6, 0x0C, 0x3F, 0x18, 0x41, 0x00
	.byte 0xBC, 0x0C, 0xF1, 0x64, 0x0C, 0x3C, 0xF1, 0xE6, 0x00, 0xBF, 0x10, 0xF1, 0x64, 0x08, 0x3F, 0xF1
	.byte 0xE6, 0x0C, 0x41, 0x0C, 0x33, 0x00, 0xB5, 0x20, 0xF1, 0x64, 0x04, 0x35, 0xF1, 0xE6, 0x00, 0xC1
	.byte 0x10, 0xF1, 0x64, 0x08, 0x41, 0xF1, 0xE6, 0x0C, 0x3F, 0x18, 0x41, 0x00, 0xBC, 0x0C, 0xF1, 0x64
	.byte 0x0C, 0x3C, 0xF1, 0xE6, 0x00, 0xBF, 0x10, 0xF1, 0x64, 0x08, 0x3F, 0xF1, 0xE6, 0x00, 0xC1, 0x10
	.byte 0xF1, 0x64, 0x08, 0x41, 0xF1, 0xE6, 0x0C, 0x35, 0x00, 0xB5, 0x10, 0xF1, 0x64, 0x08, 0x35, 0xF1
	.byte 0xE6, 0x00, 0xC1, 0x10, 0xF1, 0x64, 0x08, 0x41, 0xF1, 0xE6, 0x0C, 0x3F, 0x18, 0x41, 0x00, 0xBC
	.byte 0x0C, 0xF1, 0x64, 0x0C, 0x3C, 0xF1, 0xE6, 0x00, 0xBF, 0x10, 0xF1, 0x64, 0x08, 0x3F, 0xF1, 0xE6
	.byte 0x0C, 0x41, 0x0C, 0x33, 0x00, 0xB5, 0x20, 0xF1, 0x64, 0x04, 0x35, 0xF1, 0xE6, 0x00, 0xC1, 0x10
	.byte 0xF1, 0x64, 0x08, 0x41, 0xF1, 0xE6, 0x0C, 0x3F, 0x18, 0x41, 0x00, 0xBC, 0x0C, 0xF1, 0x64, 0x0C
	.byte 0x3C, 0xF1, 0xE6, 0x00, 0xBF, 0x10, 0xF1, 0x64, 0x08, 0x3F, 0xF1, 0xE6, 0x00, 0xC1, 0x10, 0xF1
	.byte 0x64, 0x08, 0x41, 0xF1, 0xE6, 0x0C, 0x35, 0x00, 0xB5, 0x10, 0xF1, 0x64, 0x08, 0x35, 0xF1, 0xE6
	.byte 0x00, 0xC1, 0x10, 0xF1, 0x64, 0x08, 0x41, 0xF1, 0xE6, 0x0C, 0x3F, 0x18, 0x41, 0x00, 0xBC, 0x0C
	.byte 0xF1, 0x64, 0x0C, 0x3C, 0xF1, 0xE6, 0x00, 0xBF, 0x10, 0xF1, 0x64, 0x08, 0x3F, 0xF1, 0xE6, 0x0C
	.byte 0x41, 0x0C, 0x33, 0x00, 0xB5, 0x20, 0xF1, 0x64, 0x04, 0x35, 0xF1, 0xE6, 0x00, 0xC1, 0x10, 0xF1
	.byte 0x64, 0x08, 0x41, 0xF1, 0xE6, 0x0C, 0x3F, 0x18, 0x41, 0x00, 0xBC, 0x0C, 0xF1, 0x64, 0x0C, 0x3C
	.byte 0xF1, 0xE6, 0x00, 0xBF, 0x10, 0xF1, 0x64, 0x08, 0x3F, 0xF1, 0xE6, 0x00, 0xC1, 0x10, 0xF1, 0x64
	.byte 0x08, 0x41, 0xF1, 0xE6, 0x0C, 0x35, 0x00, 0xB5, 0x10, 0xF1, 0x64, 0x08, 0x35, 0xF1, 0xE6, 0x00
	.byte 0xC1, 0x10, 0xF1, 0x64, 0x08, 0x41, 0xF1, 0xE6, 0x0C, 0x3F, 0x18, 0x41, 0x00, 0xBC, 0x0C, 0xF1
	.byte 0x64, 0x0C, 0x3C, 0xF1, 0xE6, 0x00, 0xBF, 0x10, 0xF1, 0x64, 0x08, 0x3F, 0xF1, 0xE6, 0x0C, 0x41
	.byte 0x0C, 0x33, 0x00, 0xB5, 0x20, 0xF1, 0x64, 0x04, 0x35, 0xF1, 0xE6, 0x00, 0xC1, 0x10, 0xF1, 0x64
	.byte 0x08, 0x41, 0xF1, 0xE6, 0x0C, 0x3F, 0x18, 0x41, 0x00, 0xBC, 0x0C, 0xF1, 0x64, 0x0C, 0x3C, 0xF1
	.byte 0xE6, 0x00, 0xBF, 0x10, 0xF1, 0x64, 0x08, 0x3F, 0xF1, 0xE6, 0x00, 0xC1, 0x10, 0xF1, 0x64, 0x08
	.byte 0x41, 0xF1, 0xE6, 0x0C, 0x35, 0x00, 0xB5, 0x10, 0xF1, 0x64, 0x08, 0x35, 0xF1, 0xE6, 0x00, 0xC1
	.byte 0x10, 0xF1, 0x64, 0x08, 0x41, 0xF1, 0xE6, 0x0C, 0x3F, 0x18, 0x41, 0x00, 0xBC, 0x0C, 0xF1, 0x64
	.byte 0x0C, 0x3C, 0xF1, 0xE6, 0x00, 0xBF, 0x10, 0xF1, 0x64, 0x08, 0x3F, 0xF1, 0xE6, 0x0C, 0x41, 0x0C
	.byte 0x33, 0x00, 0xB5, 0x20, 0xF1, 0x64, 0x04, 0x35, 0xF1, 0xE6, 0x00, 0xC1, 0x10, 0xF1, 0x64, 0x08
	.byte 0x41, 0xF1, 0xE6, 0x0C, 0x3F, 0x18, 0x41, 0x00, 0xBC, 0x0C, 0xF1, 0x64, 0x0C, 0x3C, 0xF1, 0xE6
	.byte 0x00, 0xBF, 0x10, 0xF1, 0x64, 0x08, 0x3F, 0xF1, 0xE6, 0x00, 0xC1, 0x10, 0xF1, 0x64, 0x08, 0x41
	.byte 0xF1, 0xE6, 0x0C, 0x35, 0x00, 0xB5, 0x10, 0xF1, 0x64, 0x08, 0x35, 0xF1, 0xE6, 0x00, 0xC1, 0x10
	.byte 0xF1, 0x64, 0x08, 0x41, 0xF1, 0xE6, 0x0C, 0x3F, 0x18, 0x41, 0x00, 0xBC, 0x0C, 0xF1, 0x64, 0x0C
	.byte 0x3C, 0xF1, 0xE6, 0x00, 0xBF, 0x10, 0xF1, 0x64, 0x08, 0x3F, 0xF1, 0xE6, 0x0C, 0x41, 0x0C, 0x33
	.byte 0x00, 0xB5, 0x1E, 0xF1, 0x64, 0x06, 0x35, 0xF1, 0xE6, 0x00, 0xC1, 0x12, 0xF1, 0x64, 0x06, 0x41
	.byte 0xF1, 0xE6, 0x0C, 0x3F, 0x18, 0x41, 0x00, 0xBC, 0x0C, 0xF1, 0x64, 0x0C, 0x3C, 0xF1, 0xE6, 0x00
	.byte 0xBF, 0x12, 0xF1, 0x64, 0x06, 0x3F, 0xF1, 0xE6, 0x00, 0xC1, 0x12, 0xF1, 0x64, 0x06, 0x41, 0xF1
	.byte 0xE6, 0x00, 0xB5, 0x06, 0xF1, 0x64, 0x06, 0x35, 0xF1, 0xE6, 0x00, 0xB5, 0x12, 0xF1, 0x64, 0x06
	.byte 0x35, 0xF1, 0xE6, 0x00, 0xC1, 0x12, 0xF1, 0x64, 0x06, 0x41, 0xF1, 0xE6, 0x0C, 0x3F, 0x18, 0x41
	.byte 0x00, 0xBC, 0x0C, 0xF1, 0x64, 0x0C, 0x3C, 0xF1, 0xE6, 0x00, 0xBF, 0x12, 0xF1, 0x64, 0x06, 0x3F
	.byte 0xF1, 0xE6, 0x0C, 0x41, 0x00, 0xB3, 0x06, 0xF1, 0x64, 0x06, 0x33, 0xF1, 0xE6, 0x00, 0xB5, 0x1E
	.byte 0xF1, 0x64, 0x06, 0x35, 0xF1, 0xE6, 0x00, 0xC1, 0x12, 0xF1, 0x64, 0x06, 0x41, 0xF1, 0xE6, 0x0C
	.byte 0x3F, 0x18, 0x41, 0x00, 0xBC, 0x0C, 0xF1, 0x64, 0x0C, 0x3C, 0xF1, 0xE6, 0x00, 0xBF, 0x12, 0xF1
	.byte 0x64, 0x06, 0x3F, 0xF1, 0xE6, 0x00, 0xC1, 0x12, 0xF1, 0x64, 0x06, 0x41, 0xF1, 0xE6, 0x00, 0xB5
	.byte 0x06, 0xF1, 0x64, 0x06, 0x35, 0xF1, 0xE6, 0x00, 0xB5, 0x12, 0xF1, 0x64, 0x06, 0x35, 0xF1, 0xE6
	.byte 0x00, 0xC1, 0x12, 0xF1, 0x64, 0x06, 0x41, 0xF1, 0xE6, 0x0C, 0x3F, 0x18, 0x41, 0x00, 0xBC, 0x0C
	.byte 0xF1, 0x64, 0x0C, 0x3C, 0xF1, 0xE6, 0x00, 0xBF, 0x12, 0xF1, 0x64, 0x06, 0x3F, 0xF1, 0xE6, 0x0C
	.byte 0x41, 0x00, 0xB3, 0x06, 0xF1, 0x64, 0x06, 0x33, 0xF1, 0xE6, 0x00, 0xB3, 0x1E, 0xF1, 0x64, 0x06
	.byte 0x33, 0xF1, 0xE6, 0x00, 0xBF, 0x12, 0xF1, 0x64, 0x06, 0x3F, 0xF1, 0xE6, 0x0C, 0x3D, 0x18, 0x3F
	.byte 0x00, 0xBA, 0x0C, 0xF1, 0x64, 0x0C, 0x3A, 0xF1, 0xE6, 0x00, 0xBD, 0x12, 0xF1, 0x64, 0x06, 0x3D
	.byte 0xF1, 0xE6, 0x00, 0xBF, 0x12, 0xF1, 0x64, 0x06, 0x3F, 0xF1, 0xE6, 0x00, 0xB3, 0x06, 0xF1, 0x64
	.byte 0x06, 0x33, 0xF1, 0xE6, 0x00, 0xB3, 0x12, 0xF1, 0x64, 0x06, 0x33, 0xF1, 0xE6, 0x00, 0xBF, 0x12
	.byte 0xF1, 0x64, 0x06, 0x3F, 0xF1, 0xE6, 0x0C, 0x3D, 0x18, 0x3F, 0x00, 0xBA, 0x0C, 0xF1, 0x64, 0x0C
	.byte 0x3A, 0xF1, 0xE6, 0x00, 0xBD, 0x12, 0xF1, 0x64, 0x06, 0x3D, 0xF1, 0xE6, 0x0C, 0x3F, 0x00, 0xB1
	.byte 0x06, 0xF1, 0x64, 0x06, 0x31, 0xF1, 0xE6, 0x00, 0xB5, 0x1E, 0xF1, 0x64, 0x06, 0x35, 0xF1, 0xE6
	.byte 0x00, 0xC1, 0x12, 0xF1, 0x64, 0x06, 0x41, 0xF1, 0xE6, 0x0C, 0x3F, 0x18, 0x41, 0x00, 0xBC, 0x0C
	.byte 0xF1, 0x64, 0x0C, 0x3C, 0xF1, 0xE6, 0x00, 0xBF, 0x12, 0xF1, 0x64, 0x06, 0x3F, 0xF1, 0xE6, 0x00
	.byte 0xC1, 0x12, 0xF1, 0x64, 0x06, 0x41, 0xF1, 0xE6, 0x00, 0xB5, 0x06, 0xF1, 0x64, 0x06, 0x35, 0xF1
	.byte 0xE6, 0x00, 0xB5, 0x12, 0xF1, 0x64, 0x06, 0x35, 0xF1, 0xE6, 0x00, 0xC1, 0x12, 0xF1, 0x64, 0x06
	.byte 0x41, 0xF1, 0xE6, 0x0C, 0x3F, 0x18, 0x41, 0x00, 0xBC, 0x0C, 0xF1, 0x64, 0x0C, 0x3C, 0xF1, 0xE6
	.byte 0x00, 0xBF, 0x12, 0xF1, 0x64, 0x06, 0x3F, 0xF1, 0xE6, 0x0C, 0x41, 0x00, 0xB3, 0x06, 0xF1, 0x64
	.byte 0x06, 0x33, 0xF1, 0xE6, 0x00, 0xB5, 0x1E, 0xF1, 0x64, 0x06, 0x35, 0xF1, 0xE6, 0x00, 0xB5, 0x78
	.byte 0xF1, 0x64, 0x0C, 0x35, 0xF1, 0xE6, 0x00, 0xB5, 0x06, 0xF1, 0x64, 0x06, 0x35, 0xF1, 0xE6, 0x00
	.byte 0xB5, 0x12, 0xF1, 0x64, 0x06, 0x35, 0xF1, 0xE6, 0x00, 0xC1, 0x12, 0xF1, 0x64, 0x06, 0x41, 0xF1
	.byte 0xE6, 0x0C, 0x3F, 0x18, 0x41, 0x00, 0xBC, 0x0C, 0xF1, 0x64, 0x0C, 0x3C, 0xF1, 0xE6, 0x00, 0xBF
	.byte 0x12, 0xF1, 0x64, 0x06, 0x3F, 0xF1, 0xE6, 0x0C, 0x41, 0x00, 0xB3, 0x06, 0xF1, 0x64, 0x06, 0x33
	.byte 0xF1, 0xE6, 0x00, 0xB5, 0x1E, 0xF1, 0x64, 0x06, 0x35, 0xF1, 0xE6, 0x3C, 0x35, 0x00, 0xB0, 0x0C
	.byte 0xF1, 0x64, 0x0C, 0x30, 0xF1, 0xE6, 0x00, 0xBF, 0x12, 0xF1, 0x64, 0x06, 0x3F, 0xF1, 0xE6, 0x00
	.byte 0xC1, 0x12, 0xF1, 0x64, 0x06, 0x41, 0xF1, 0xE6, 0x00, 0xB5, 0x06, 0xF1, 0x64, 0x06, 0x35, 0xF1
	.byte 0xE6, 0x00, 0xB5, 0x12, 0xF1, 0x64, 0x06, 0x35, 0xF1, 0xE6, 0x00, 0xC1, 0x12, 0xF1, 0x64, 0x06
	.byte 0x41, 0xF1, 0xE6, 0x0C, 0x3F, 0x18, 0x41, 0x00, 0xBC, 0x0C, 0xF1, 0x64, 0x0C, 0x3C, 0xF1, 0xE6
	.byte 0x00, 0xBF, 0x12, 0xF1, 0x64, 0x06, 0x3F, 0xF1, 0xE6, 0x0C, 0x41, 0x00, 0xB3, 0x06, 0xF1, 0x64
	.byte 0x06, 0x33, 0xF1, 0xE6, 0x00, 0xB5, 0x1E, 0xF1, 0x64, 0x06, 0x35, 0xF1, 0xE6, 0x00, 0xB5, 0x78
	.byte 0xF1, 0x64, 0x0C, 0x35, 0xF1, 0xE6, 0x00, 0xB5, 0x06, 0xF1, 0x64, 0x06, 0x35, 0xF1, 0xE6, 0x00
	.byte 0xB5, 0x12, 0xF1, 0x64, 0x06, 0x35, 0xF1, 0xE6, 0x00, 0xC1, 0x12, 0xF1, 0x64, 0x06, 0x41, 0xF1
	.byte 0xE6, 0x0C, 0x3F, 0x18, 0x41, 0x00, 0xBC, 0x0C, 0xF1, 0x64, 0x0C, 0x3C, 0xF1, 0xE6, 0x00, 0xBF
	.byte 0x12, 0xF1, 0x64, 0x06, 0x3F, 0xF1, 0xE6, 0x0C, 0x41, 0x00, 0xB3, 0x06, 0xF1, 0x64, 0x06, 0x33
	.byte 0xF1, 0xE6, 0x00, 0xB5, 0x1E, 0xF1, 0x64, 0x06, 0x35, 0xF1, 0xE6, 0x3C, 0x35, 0x00, 0xB0, 0x0C
	.byte 0xF1, 0x64, 0x0C, 0x30, 0xF1, 0xE6, 0x00, 0xBF, 0x12, 0xF1, 0x64, 0x06, 0x3F, 0xF1, 0xE6, 0x00
	.byte 0xC1, 0x12, 0xF1, 0x64, 0x06, 0x41, 0xF1, 0xE6, 0x00, 0xB5, 0x06, 0xF1, 0x64, 0x06, 0x35, 0xF1
	.byte 0xE6, 0x00, 0xB5, 0x12, 0xF1, 0x64, 0x06, 0x35, 0xF1, 0xE6, 0x00, 0xC1, 0x12, 0xF1, 0x64, 0x06
	.byte 0x41, 0xF1, 0xE6, 0x0C, 0x3F, 0x18, 0x41, 0x00, 0xBC, 0x0C, 0xF1, 0x64, 0x0C, 0x3C, 0xF1, 0xE6
	.byte 0x00, 0xBF, 0x12, 0xF1, 0x64, 0x06, 0x3F, 0xF1, 0xE6, 0x0C, 0x41, 0x00, 0xB3, 0x06, 0xF1, 0x64
	.byte 0x06, 0x33, 0xF8, 0x6F, 0xFB, 0xFF, 0xF9, 0x2A, 0xF0, 0x32, 0xF2, 0x96, 0xF1, 0xB4, 0x0C, 0x3C
	.byte 0x0C, 0x3B, 0x30, 0x37, 0x0C, 0x3A, 0x0C, 0x38, 0x48, 0x35, 0x0C, 0x34, 0x0C, 0x35, 0x30, 0x3D
	.byte 0x0C, 0x3C, 0x0C, 0x37, 0x3C, 0x3A, 0x0C, 0x38, 0xF9, 0x6C, 0x00, 0xB5, 0xA8, 0x00, 0xB5, 0xA8
	.byte 0x00, 0xB5, 0xA8, 0xF1, 0x78, 0x00, 0xB5, 0x84, 0xF1, 0x50, 0x00, 0xB5, 0x0C, 0xF1, 0x28, 0x00
	.byte 0xB5, 0x0C, 0xF1, 0x14, 0x0C, 0x35, 0xF0, 0x31, 0xF2, 0x78, 0xF1, 0x78, 0xF6, 0x0C, 0x0C, 0x43
	.byte 0x00, 0xC1, 0x0A, 0xF1, 0x3C, 0x02, 0x41, 0xF1, 0x8C, 0x00, 0xC3, 0x0A, 0xF1, 0x3C, 0x02, 0x43
	.byte 0xF1, 0x8C, 0x0C, 0x44, 0x00, 0xC6, 0x0A, 0xF1, 0x3C, 0x02, 0x46, 0xF1, 0x8C, 0x00, 0xC4, 0x0A
	.byte 0xF1, 0x3C, 0x02, 0x44, 0xF1, 0x8C, 0x00, 0xC3, 0x0A, 0xF1, 0x3C, 0x02, 0x43, 0xF1, 0x8C, 0x00
	.byte 0xC1, 0x18, 0xF1, 0x3C, 0x00, 0xC1, 0x18, 0xF1, 0x1E, 0x00, 0xC1, 0x18, 0xF1, 0x8C, 0x18, 0x48
	.byte 0x18, 0x46, 0x0C, 0x44, 0x18, 0x46, 0x18, 0x44, 0x00, 0xBF, 0x0A, 0xF1, 0x3C, 0x02, 0x3F, 0xF1
	.byte 0x8C, 0x00, 0xC1, 0x24, 0xF1, 0x3C, 0x0C, 0x41, 0xF1, 0x8C, 0xF6, 0x0C, 0x0C, 0x43, 0x00, 0xC1
	.byte 0x0A, 0xF1, 0x3C, 0x02, 0x41, 0xF1, 0x8C, 0x00, 0xC3, 0x0A, 0xF1, 0x3C, 0x02, 0x43, 0xF1, 0x8C
	.byte 0x0C, 0x44, 0x00, 0xC6, 0x0A, 0xF1, 0x3C, 0x02, 0x46, 0xF1, 0x8C, 0x0C, 0x4B, 0x00, 0xC9, 0x0A
	.byte 0xF1, 0x3C, 0x02, 0x49, 0xF1, 0x8C, 0x00, 0xC8, 0x18, 0xF1, 0x3C, 0x00, 0xC8, 0x18, 0xF1, 0x1E
	.byte 0x0C, 0x48, 0xF1, 0x8C, 0x00, 0xC3, 0x0A, 0xF1, 0x3C, 0x02, 0x43, 0xF1, 0x8C, 0x18, 0x48, 0x18
	.byte 0x46, 0x0C, 0x44, 0x18, 0x46, 0x18, 0x48, 0x00, 0xCB, 0x0A, 0xF1, 0x3C, 0x02, 0x4B, 0xF1, 0x8C
	.byte 0x00, 0xCD, 0x24, 0xF1, 0x3C, 0x0C, 0x4D, 0xF1, 0x8C, 0xF0, 0x32, 0xF2, 0x96, 0xF1, 0xB4, 0x00
	.byte 0xA9, 0xA8, 0x00, 0xA9, 0xA8, 0x00, 0xA9, 0xA8, 0x00, 0xA9, 0xA8, 0xF1, 0x3C, 0x0C, 0x29, 0xF1
	.byte 0x8C, 0xF0, 0x31, 0xF2, 0x78, 0xF1, 0x78, 0x0C, 0x43, 0x00, 0xC1, 0x0A, 0xF1, 0x3C, 0x02, 0x41
	.byte 0xF1, 0x8C, 0x00, 0xC3, 0x0A, 0xF1, 0x3C, 0x02, 0x43, 0xF1, 0x8C, 0x0C, 0x44, 0x00, 0xC6, 0x0A
	.byte 0xF1, 0x3C, 0x02, 0x46, 0xF1, 0x8C, 0x00, 0xC4, 0x0A, 0xF1, 0x3C, 0x02, 0x44, 0xF1, 0x8C, 0x00
	.byte 0xC3, 0x0A, 0xF1, 0x3C, 0x02, 0x43, 0xF1, 0x8C, 0x00, 0xC1, 0x18, 0xF1, 0x3C, 0x00, 0xC1, 0x18
	.byte 0xF1, 0x1E, 0x18, 0x41, 0xF1, 0x8C, 0x18, 0x48, 0x18, 0x46, 0x0C, 0x44, 0x18, 0x46, 0x18, 0x44
	.byte 0x00, 0xBF, 0x0A, 0xF1, 0x3C, 0x02, 0x3F, 0xF1, 0x8C, 0x00, 0xC1, 0x24, 0xF1, 0x3C, 0x00, 0xC1
	.byte 0x0C, 0xF1, 0x1E, 0x0C, 0x41, 0xF1, 0x8C, 0x0C, 0x43, 0x00, 0xC1, 0x0A, 0xF1, 0x3C, 0x02, 0x41
	.byte 0xF1, 0x8C, 0x00, 0xC3, 0x0A, 0xF1, 0x3C, 0x02, 0x43, 0xF1, 0x8C, 0x0C, 0x44, 0x00, 0xC6, 0x0A
	.byte 0xF1, 0x3C, 0x02, 0x46, 0xF1, 0x8C, 0x0C, 0x4B, 0x00, 0xC9, 0x0A, 0xF1, 0x3C, 0x02, 0x49, 0xF1
	.byte 0x8C, 0x00, 0xC8, 0x18, 0xF1, 0x3C, 0x00, 0xC8, 0x18, 0xF1, 0x1E, 0x0C, 0x48, 0xF1, 0x8C, 0x00
	.byte 0xC3, 0x0A, 0xF1, 0x3C, 0x02, 0x43, 0xF1, 0x8C, 0x18, 0x48, 0x18, 0x46, 0x0C, 0x44, 0x18, 0x46
	.byte 0x18, 0x48, 0x00, 0xCB, 0x0A, 0xF1, 0x3C, 0x02, 0x4B, 0xF1, 0x8C, 0x00, 0xCD, 0x24, 0xF1, 0x3C
	.byte 0x0C, 0x4D, 0xF1, 0x8C, 0xF6, 0x0C, 0x0C, 0x48, 0x00, 0xC6, 0x0A, 0xF1, 0x3C, 0x02, 0x46, 0xF1
	.byte 0x8C, 0x00, 0xC8, 0x0A, 0xF1, 0x3C, 0x02, 0x48, 0xF1, 0x8C, 0x0C, 0x49, 0x00, 0xCB, 0x0A, 0xF1
	.byte 0x3C, 0x02, 0x4B, 0xF1, 0x8C, 0x00, 0xC9, 0x0A, 0xF1, 0x3C, 0x02, 0x49, 0xF1, 0x8C, 0x00, 0xC8
	.byte 0x0A, 0xF1, 0x3C, 0x02, 0x48, 0xF1, 0x8C, 0x00, 0xC6, 0x18, 0xF1, 0x3C, 0x00, 0xC6, 0x18, 0xF1
	.byte 0x1E, 0x18, 0x46, 0xF1, 0x8C, 0x18, 0x4B, 0x18, 0x49, 0x0C, 0x48, 0x18, 0x49, 0x18, 0x48, 0x00
	.byte 0xC4, 0x0A, 0xF1, 0x3C, 0x02, 0x44, 0xF1, 0x8C, 0x00, 0xC6, 0x24, 0xF1, 0x3C, 0x00, 0xC6, 0x0C
	.byte 0xF1, 0x1E, 0x0C, 0x46, 0xF1, 0x8C, 0x0C, 0x43, 0x00, 0xC1, 0x0A, 0xF1, 0x3C, 0x02, 0x41, 0xF1
	.byte 0x8C, 0x00, 0xC3, 0x0A, 0xF1, 0x3C, 0x02, 0x43, 0xF1, 0x8C, 0x0C, 0x44, 0x00, 0xC6, 0x0A, 0xF1
	.byte 0x3C, 0x02, 0x46, 0xF1, 0x8C, 0x0C, 0x44, 0x00, 0xC3, 0x0A, 0xF1, 0x3C, 0x02, 0x43, 0xF1, 0x8C
	.byte 0x00, 0xC1, 0x18, 0xF1, 0x3C, 0x00, 0xC1, 0x18, 0xF1, 0x1E, 0x0C, 0x41, 0xF1, 0x8C, 0x00, 0xC3
	.byte 0x0A, 0xF1, 0x3C, 0x02, 0x43, 0xF1, 0x8C, 0x18, 0x48, 0x18, 0x46, 0x0C, 0x44, 0x18, 0x46, 0x18
	.byte 0x44, 0x0A, 0x3F, 0xF1, 0x3C, 0x02, 0x3F, 0xF1, 0x8C, 0x00, 0xC1, 0x24, 0xF1, 0x3C, 0x0C, 0x41
	.byte 0xF1, 0x8C, 0xF0, 0x32, 0xF2, 0x96, 0xF1, 0xB4, 0x00, 0xA9, 0xA8, 0x00, 0xA9, 0xA8, 0x00, 0xA9
	.byte 0xA8, 0xA8, 0x29, 0xF0, 0x1B, 0xF2, 0x50, 0xF1, 0x28, 0x00, 0xC1, 0x15, 0xF1, 0x3C, 0x00, 0xC1
	.byte 0x15, 0xF1, 0x50, 0x00, 0xC1, 0x15, 0xF1, 0x64, 0x00, 0xC1, 0x69, 0xF1, 0x78, 0x00, 0xC1, 0xA8
	.byte 0x00, 0xC1, 0xA8, 0xF1, 0x64, 0x00, 0xC1, 0x69, 0xF1, 0x50, 0x00, 0xC1, 0x15, 0xF1, 0x3C, 0x00
	.byte 0xC1, 0x15, 0xF1, 0x28, 0x15, 0x41, 0xF8, 0x5D, 0xFD, 0xFF, 0xF9, 0x2A, 0xF6, 0xA8, 0xF6, 0x9C
	.byte 0xF0, 0x10, 0xF2, 0x8C, 0xF1, 0xB4, 0x04, 0x35, 0x04, 0x35, 0x04, 0x35, 0xF9, 0x6C, 0x18, 0x35
	.byte 0xF6, 0x90, 0xF6, 0xA8, 0xF6, 0xA8, 0xF6, 0x90, 0x08, 0x35, 0x08, 0x35, 0x08, 0x35, 0xF6, 0x01
	.byte 0x18, 0x29, 0xF6, 0x30, 0xF0, 0x1D, 0xF2, 0x50, 0xF1, 0x78, 0x00, 0xC4, 0x04, 0xF1, 0x28, 0x08
	.byte 0x44, 0xF1, 0x78, 0x00, 0xC4, 0x04, 0xF1, 0x28, 0x08, 0x44, 0xF1, 0x78, 0xF6, 0x18, 0x00, 0xC4
	.byte 0x04, 0xF1, 0x28, 0x08, 0x44, 0xF1, 0x78, 0xF6, 0x24, 0xF6, 0x18, 0x00, 0xC4, 0x04, 0xF1, 0x28
	.byte 0x08, 0x44, 0xF1, 0x78, 0x00, 0xC4, 0x04, 0xF1, 0x28, 0x08, 0x44, 0xF1, 0x78, 0xF6, 0x18, 0x00
	.byte 0xC4, 0x04, 0xF1, 0x28, 0x08, 0x44, 0xF1, 0x78, 0xF6, 0x24, 0x00, 0xC4, 0x04, 0xF1, 0x28, 0x08
	.byte 0x44, 0xF1, 0x78, 0x00, 0xC4, 0x04, 0xF1, 0x28, 0x08, 0x44, 0xF0, 0x10, 0xF2, 0x8C, 0xF1, 0xB4
	.byte 0x08, 0x35, 0x08, 0x35, 0x08, 0x35, 0x18, 0x29, 0xF6, 0x30, 0xF0, 0x1D, 0xF2, 0x50, 0xF1, 0x78
	.byte 0x00, 0xC4, 0x04, 0xF1, 0x28, 0x08, 0x44, 0xF1, 0x78, 0x00, 0xC4, 0x04, 0xF1, 0x28, 0x08, 0x44
	.byte 0xF1, 0x78, 0xF6, 0x18, 0x00, 0xC4, 0x04, 0xF1, 0x28, 0x08, 0x44, 0xF1, 0x78, 0xF6, 0x24, 0xF6
	.byte 0x18, 0x00, 0xC4, 0x04, 0xF1, 0x28, 0x08, 0x44, 0xF1, 0x78, 0x00, 0xC4, 0x04, 0xF1, 0x28, 0x08
	.byte 0x44, 0xF1, 0x78, 0xF6, 0x18, 0x00, 0xC4, 0x04, 0xF1, 0x28, 0x08, 0x44, 0xF1, 0x78, 0xF6, 0x24
	.byte 0x00, 0xC4, 0x04, 0xF1, 0x28, 0x08, 0x44, 0xF1, 0x78, 0x00, 0xC4, 0x04, 0xF1, 0x28, 0x08, 0x44
	.byte 0xF0, 0x10, 0xF2, 0x8C, 0xF1, 0xB4, 0x08, 0x35, 0x08, 0x35, 0x08, 0x35, 0x18, 0x29, 0xF6, 0x0C
	.byte 0x18, 0x29, 0xF6, 0x24, 0xF0, 0x6D, 0xF2, 0x50, 0xF1, 0x78, 0x0C, 0x24, 0x0C, 0x29, 0x0C, 0x30
	.byte 0x0C, 0x35, 0x0C, 0x3C, 0x0C, 0x41, 0x0C, 0x48, 0x0C, 0x41, 0x0C, 0x3C, 0x0C, 0x35, 0x0C, 0x30
	.byte 0x0C, 0x29, 0x0C, 0x24, 0xF1, 0x28, 0x0C, 0x24, 0xF6, 0x30, 0xF0, 0x10, 0xF2, 0x8C, 0xF1, 0xB4
	.byte 0x08, 0x35, 0x08, 0x35, 0x08, 0x35, 0x18, 0x29, 0xF6, 0x0C, 0x18, 0x29, 0xF6, 0x24, 0xF0, 0x6D
	.byte 0xF2, 0x50, 0xF1, 0x78, 0x0C, 0x24, 0x0C, 0x29, 0x0C, 0x30, 0x0C, 0x35, 0x0C, 0x3C, 0x0C, 0x41
	.byte 0x0C, 0x48, 0x0C, 0x41, 0x0C, 0x3C, 0x0C, 0x35, 0x0C, 0x30, 0x0C, 0x29, 0x0C, 0x24, 0xF1, 0x28
	.byte 0x0C, 0x24, 0xF6, 0x30, 0xF0, 0x10, 0xF2, 0x8C, 0xF1, 0xB4, 0x08, 0x35, 0x08, 0x35, 0x08, 0x35
	.byte 0x18, 0x29, 0xF6, 0x30, 0xF0, 0x1D, 0xF2, 0x50, 0xF1, 0x78, 0x00, 0xC4, 0x04, 0xF1, 0x28, 0x08
	.byte 0x44, 0xF1, 0x78, 0x00, 0xC4, 0x04, 0xF1, 0x28, 0x08, 0x44, 0xF1, 0x78, 0xF6, 0x18, 0x00, 0xC4
	.byte 0x04, 0xF1, 0x28, 0x08, 0x44, 0xF1, 0x78, 0xF6, 0x24, 0xF6, 0x18, 0x00, 0xC4, 0x04, 0xF1, 0x28
	.byte 0x08, 0x44, 0xF1, 0x78, 0x00, 0xC4, 0x04, 0xF1, 0x28, 0x08, 0x44, 0xF1, 0x78, 0xF6, 0x18, 0x00
	.byte 0xC4, 0x04, 0xF1, 0x28, 0x08, 0x44, 0xF1, 0x78, 0xF6, 0x24, 0x00, 0xC4, 0x04, 0xF1, 0x28, 0x08
	.byte 0x44, 0xF1, 0x78, 0x00, 0xC4, 0x04, 0xF1, 0x28, 0x08, 0x44, 0xF0, 0x10, 0xF2, 0x64, 0xF1, 0x78
	.byte 0x08, 0x35, 0x08, 0x35, 0x08, 0x35, 0x18, 0x29, 0xF6, 0x30, 0xF0, 0x1D, 0xF2, 0x50, 0xF1, 0x78
	.byte 0x04, 0x44, 0xF6, 0x08, 0x04, 0x44, 0xF6, 0x20, 0x04, 0x44, 0xF6, 0x2C, 0xF6, 0x18, 0x00, 0xC4
	.byte 0x04, 0xF1, 0x28, 0x08, 0x44, 0xF1, 0x78, 0x00, 0xC4, 0x04, 0xF1, 0x28, 0x08, 0x44, 0xF1, 0x78
	.byte 0xF6, 0x18, 0x00, 0xC4, 0x04, 0xF1, 0x28, 0x08, 0x44, 0xF1, 0x78, 0xF6, 0x24, 0x00, 0xC4, 0x04
	.byte 0xF1, 0x28, 0x08, 0x44, 0xF1, 0x78, 0x00, 0xC4, 0x04, 0xF1, 0x28, 0x08, 0x44, 0xF1, 0x78, 0xF0
	.byte 0x10, 0xF2, 0x8C, 0xF1, 0xB4, 0x08, 0x35, 0x08, 0x35, 0x08, 0x35, 0x18, 0x27, 0xF6, 0x30, 0xF0
	.byte 0x1D, 0xF2, 0x50, 0xF1, 0x78, 0x00, 0xC3, 0x04, 0xF1, 0x28, 0x08, 0x43, 0xF1, 0x78, 0x00, 0xC3
	.byte 0x04, 0xF1, 0x28, 0x08, 0x43, 0xF1, 0x78, 0xF6, 0x18, 0x00, 0xC3, 0x04, 0xF1, 0x28, 0x08, 0x43
	.byte 0xF1, 0x78, 0xF6, 0x24, 0xF6, 0x18, 0x00, 0xC3, 0x04, 0xF1, 0x28, 0x08, 0x43, 0xF1, 0x78, 0x00
	.byte 0xC3, 0x04, 0xF1, 0x28, 0x08, 0x43, 0xF1, 0x78, 0xF6, 0x18, 0x00, 0xC3, 0x04, 0xF1, 0x28, 0x08
	.byte 0x43, 0xF1, 0x78, 0xF6, 0x24, 0x00, 0xC3, 0x04, 0xF1, 0x28, 0x08, 0x43, 0xF1, 0x78, 0x00, 0xC3
	.byte 0x04, 0xF1, 0x28, 0x08, 0x43, 0xF0, 0x10, 0xF2, 0x8C, 0xF1, 0xB4, 0x08, 0x33, 0x08, 0x33, 0x08
	.byte 0x33, 0x18, 0x29, 0xF6, 0x30, 0xF0, 0x1D, 0xF2, 0x50, 0xF1, 0x78, 0x00, 0xC4, 0x04, 0xF1, 0x28
	.byte 0x08, 0x44, 0xF1, 0x78, 0x00, 0xC4, 0x04, 0xF1, 0x28, 0x08, 0x44, 0xF1, 0x78, 0xF6, 0x18, 0x00
	.byte 0xC4, 0x04, 0xF1, 0x28, 0x08, 0x44, 0xF1, 0x78, 0xF6, 0x24, 0xF6, 0x18, 0x00, 0xC4, 0x04, 0xF1
	.byte 0x28, 0x08, 0x44, 0xF1, 0x78, 0x00, 0xC4, 0x04, 0xF1, 0x28, 0x08, 0x44, 0xF1, 0x78, 0xF6, 0x18
	.byte 0x00, 0xC4, 0x04, 0xF1, 0x28, 0x08, 0x44, 0xF1, 0x78, 0xF6, 0x24, 0x00, 0xC4, 0x04, 0xF1, 0x28
	.byte 0x08, 0x44, 0xF1, 0x78, 0x00, 0xC4, 0x04, 0xF1, 0x28, 0x08, 0x44, 0xF0, 0x10, 0xF2, 0x8C, 0xF1
	.byte 0xB4, 0x08, 0x35, 0x08, 0x35, 0x08, 0x35, 0x18, 0x29, 0xF6, 0x0C, 0x18, 0x29, 0xF6, 0x0C, 0xF0
	.byte 0x1D, 0xF2, 0x50, 0xF1, 0x78, 0x00, 0xC4, 0x04, 0xF1, 0x28, 0x08, 0x44, 0xF1, 0x78, 0x00, 0xC4
	.byte 0x04, 0xF1, 0x28, 0x08, 0x44, 0xF1, 0x78, 0xF0, 0x6D, 0xF2, 0x50, 0xF1, 0x78, 0x0C, 0x24, 0x0C
	.byte 0x29, 0x0C, 0x30, 0x0C, 0x35, 0x0C, 0x3C, 0x0C, 0x41, 0x0C, 0x48, 0x0C, 0x41, 0x0C, 0x3C, 0x0C
	.byte 0x35, 0x0C, 0x30, 0x0C, 0x29, 0x18, 0x24, 0xF6, 0x30, 0xF0, 0x10, 0xF2, 0x8C, 0xF1, 0xB4, 0x08
	.byte 0x35, 0x08, 0x35, 0x08, 0x35, 0x18, 0x29, 0xF6, 0x0C, 0x18, 0x29, 0xF6, 0x0C, 0xF0, 0x1D, 0xF2
	.byte 0x50, 0xF1, 0x78, 0x00, 0xC4, 0x04, 0xF1, 0x28, 0x08, 0x44, 0xF1, 0x78, 0x00, 0xC4, 0x04, 0xF1
	.byte 0x28, 0x08, 0x44, 0xF0, 0x6D, 0xF2, 0x50, 0xF1, 0x78, 0x0C, 0x24, 0x0C, 0x29, 0x0C, 0x30, 0x0C
	.byte 0x35, 0x0C, 0x3C, 0x0C, 0x41, 0x0C, 0x48, 0x0C, 0x41, 0x0C, 0x3C, 0x0C, 0x35, 0x0C, 0x30, 0x0C
	.byte 0x29, 0x18, 0x24, 0xF6, 0x30, 0xF0, 0x10, 0xF2, 0x8C, 0xF1, 0xB4, 0x08, 0x35, 0x08, 0x35, 0x08
	.byte 0x35, 0x18, 0x35, 0xF6, 0x0C, 0x18, 0x35, 0xF6, 0x6C, 0xF6, 0x90, 0x08, 0x35, 0x08, 0x35, 0x08
	.byte 0x35, 0x18, 0x35, 0xF6, 0x0C, 0x18, 0x35, 0xF6, 0x6C, 0xF6, 0x90, 0x08, 0x35, 0x08, 0x35, 0x07
	.byte 0x35, 0xF8, 0x7A, 0xFC, 0xFF, 0xF9, 0x2A, 0xF6, 0x01, 0xF0, 0x31, 0xF2, 0x50, 0xF1, 0xB4, 0x0C
	.byte 0x30, 0x0C, 0x2F, 0x30, 0x2B, 0x0C, 0x2E, 0x0C, 0x2C, 0x48, 0x29, 0x0C, 0x28, 0x0C, 0x29, 0x30
	.byte 0x31, 0x0C, 0x30, 0x0C, 0x2B, 0x3C, 0x2E, 0x0B, 0x2C, 0xF9, 0x6C, 0x00, 0xA9, 0xA8, 0x00, 0xA9
	.byte 0xA8, 0x00, 0xA9, 0xA8, 0xF1, 0x78, 0x00, 0xA9, 0x84, 0xF1, 0x50, 0x00, 0xA9, 0x0C, 0xF1, 0x28
	.byte 0x00, 0xA9, 0x0C, 0xF1, 0x14, 0x0C, 0x29, 0xF6, 0x01, 0xF6, 0x48, 0xF0, 0x1D, 0xF2, 0x96, 0xF1
	.byte 0x78, 0x00, 0xC1, 0x04, 0xF1, 0x28, 0x08, 0x41, 0xF1, 0x78, 0x00, 0xC1, 0x04, 0xF1, 0x28, 0x08
	.byte 0x41, 0xF1, 0x78, 0xF6, 0x18, 0x00, 0xC1, 0x04, 0xF1, 0x28, 0x08, 0x41, 0xF1, 0x78, 0xF6, 0x24
	.byte 0xF6, 0x18, 0x00, 0xC1, 0x04, 0xF1, 0x28, 0x08, 0x41, 0xF1, 0x78, 0x00, 0xC1, 0x04, 0xF1, 0x28
	.byte 0x08, 0x41, 0xF1, 0x78, 0xF6, 0x18, 0x00, 0xC1, 0x04, 0xF1, 0x28, 0x08, 0x41, 0xF1, 0x78, 0xF6
	.byte 0x24, 0x00, 0xC1, 0x04, 0xF1, 0x28, 0x08, 0x41, 0xF1, 0x78, 0x00, 0xC1, 0x04, 0xF1, 0x28, 0x08
	.byte 0x41, 0xF1, 0x78, 0xF6, 0x18, 0xF6, 0x48, 0x00, 0xC1, 0x04, 0xF1, 0x28, 0x08, 0x41, 0xF1, 0x78
	.byte 0x00, 0xC1, 0x04, 0xF1, 0x28, 0x08, 0x41, 0xF1, 0x78, 0xF6, 0x18, 0x00, 0xC1, 0x04, 0xF1, 0x28
	.byte 0x08, 0x41, 0xF1, 0x78, 0xF6, 0x24, 0xF6, 0x18, 0x00, 0xC1, 0x04, 0xF1, 0x28, 0x08, 0x41, 0xF1
	.byte 0x78, 0x00, 0xC1, 0x04, 0xF1, 0x28, 0x08, 0x41, 0xF1, 0x78, 0xF6, 0x18, 0x00, 0xC1, 0x04, 0xF1
	.byte 0x28, 0x08, 0x41, 0xF1, 0x78, 0xF6, 0x24, 0x00, 0xC1, 0x04, 0xF1, 0x28, 0x08, 0x41, 0xF1, 0x78
	.byte 0x00, 0xC1, 0x04, 0xF1, 0x28, 0x08, 0x41, 0xF1, 0x78, 0xF6, 0x18, 0xF6, 0x60, 0xF0, 0x6D, 0xF2
	.byte 0x96, 0xF1, 0x78, 0x0C, 0x29, 0x0C, 0x30, 0x0C, 0x35, 0x0C, 0x3C, 0x0C, 0x41, 0x0C, 0x48, 0x0C
	.byte 0x4D, 0x0C, 0x48, 0x0C, 0x41, 0x0C, 0x3C, 0x0C, 0x35, 0x0C, 0x30, 0x0C, 0x29, 0xF1, 0x28, 0x0C
	.byte 0x29, 0xF6, 0x48, 0xF6, 0x60, 0xF1, 0x78, 0x0C, 0x29, 0x0C, 0x30, 0x0C, 0x35, 0x0C, 0x3C, 0x0C
	.byte 0x41, 0x0C, 0x48, 0x0C, 0x4D, 0x0C, 0x48, 0x0C, 0x41, 0x0C, 0x3C, 0x0C, 0x35, 0x0C, 0x30, 0x0C
	.byte 0x29, 0xF1, 0x28, 0x0C, 0x29, 0xF6, 0x48, 0xF6, 0x48, 0xF0, 0x1D, 0xF2, 0x96, 0xF1, 0x78, 0x00
	.byte 0xC1, 0x04, 0xF1, 0x28, 0x08, 0x41, 0xF1, 0x78, 0x00, 0xC1, 0x04, 0xF1, 0x28, 0x08, 0x41, 0xF1
	.byte 0x78, 0xF6, 0x18, 0x00, 0xC1, 0x04, 0xF1, 0x28, 0x08, 0x41, 0xF1, 0x78, 0xF6, 0x24, 0xF6, 0x18
	.byte 0x00, 0xC1, 0x04, 0xF1, 0x28, 0x08, 0x41, 0xF1, 0x78, 0x00, 0xC1, 0x04, 0xF1, 0x28, 0x08, 0x41
	.byte 0xF1, 0x78, 0xF6, 0x18, 0x00, 0xC1, 0x04, 0xF1, 0x28, 0x08, 0x41, 0xF1, 0x78, 0xF6, 0x24, 0x00
	.byte 0xC1, 0x04, 0xF1, 0x28, 0x08, 0x41, 0xF1, 0x78, 0x00, 0xC1, 0x04, 0xF1, 0x28, 0x08, 0x41, 0xF1
	.byte 0x78, 0xF6, 0x18, 0xF6, 0x48, 0x00, 0xC1, 0x04, 0xF1, 0x28, 0x08, 0x41, 0xF1, 0x78, 0x00, 0xC1
	.byte 0x04, 0xF1, 0x28, 0x08, 0x41, 0xF1, 0x78, 0xF6, 0x18, 0x00, 0xC1, 0x04, 0xF1, 0x28, 0x08, 0x41
	.byte 0xF1, 0x78, 0xF6, 0x24, 0xF6, 0x18, 0x00, 0xC1, 0x04, 0xF1, 0x28, 0x08, 0x41, 0xF1, 0x78, 0x00
	.byte 0xC1, 0x04, 0xF1, 0x28, 0x08, 0x41, 0xF1, 0x78, 0xF6, 0x18, 0x00, 0xC1, 0x04, 0xF1, 0x28, 0x08
	.byte 0x41, 0xF1, 0x78, 0xF6, 0x24, 0x00, 0xC1, 0x04, 0xF1, 0x28, 0x08, 0x41, 0xF1, 0x78, 0x00, 0xC1
	.byte 0x04, 0xF1, 0x28, 0x08, 0x41, 0xF1, 0x78, 0xF6, 0x18, 0xF6, 0x48, 0x00, 0xBF, 0x04, 0xF1, 0x28
	.byte 0x08, 0x3F, 0xF1, 0x78, 0x00, 0xBF, 0x04, 0xF1, 0x28, 0x08, 0x3F, 0xF1, 0x78, 0xF6, 0x18, 0x00
	.byte 0xBF, 0x04, 0xF1, 0x28, 0x08, 0x3F, 0xF1, 0x78, 0xF6, 0x24, 0xF6, 0x18, 0x00, 0xBF, 0x04, 0xF1
	.byte 0x28, 0x08, 0x3F, 0xF1, 0x78, 0x00, 0xBF, 0x04, 0xF1, 0x28, 0x08, 0x3F, 0xF1, 0x78, 0xF6, 0x18
	.byte 0x00, 0xBF, 0x04, 0xF1, 0x28, 0x08, 0x3F, 0xF1, 0x78, 0xF6, 0x24, 0x00, 0xBF, 0x04, 0xF1, 0x28
	.byte 0x08, 0x3F, 0xF1, 0x78, 0x00, 0xBF, 0x04, 0xF1, 0x28, 0x08, 0x3F, 0xF1, 0x78, 0xF6, 0x18, 0xF6
	.byte 0x48, 0x00, 0xC1, 0x04, 0xF1, 0x28, 0x08, 0x41, 0xF1, 0x78, 0x00, 0xC1, 0x04, 0xF1, 0x28, 0x08
	.byte 0x41, 0xF1, 0x78, 0xF6, 0x18, 0x00, 0xC1, 0x04, 0xF1, 0x28, 0x08, 0x41, 0xF1, 0x78, 0xF6, 0x24
	.byte 0xF6, 0x18, 0x00, 0xC1, 0x04, 0xF1, 0x28, 0x08, 0x41, 0xF1, 0x78, 0x00, 0xC1, 0x04, 0xF1, 0x28
	.byte 0x08, 0x41, 0xF1, 0x78, 0xF6, 0x18, 0x00, 0xC1, 0x04, 0xF1, 0x28, 0x08, 0x41, 0xF1, 0x78, 0xF6
	.byte 0x24, 0x00, 0xC1, 0x04, 0xF1, 0x28, 0x08, 0x41, 0xF1, 0x78, 0x00, 0xC1, 0x04, 0xF1, 0x28, 0x08
	.byte 0x41, 0xF1, 0x78, 0xF6, 0x18, 0xF6, 0x48, 0x00, 0xC1, 0x04, 0xF1, 0x28, 0x08, 0x41, 0xF1, 0x78
	.byte 0x00, 0xC1, 0x04, 0xF1, 0x28, 0x08, 0x41, 0xF0, 0x6D, 0xF2, 0x96, 0xF1, 0x78, 0x0C, 0x29, 0x0C
	.byte 0x30, 0x0C, 0x35, 0x0C, 0x3C, 0x0C, 0x41, 0x0C, 0x48, 0x0C, 0x4D, 0x0C, 0x48, 0x0C, 0x41, 0x0C
	.byte 0x3C, 0x0C, 0x35, 0x0C, 0x30, 0x0C, 0x29, 0xF1, 0x3C, 0x0C, 0x29, 0xF6, 0x48, 0xF6, 0x48, 0xF0
	.byte 0x1D, 0xF2, 0x96, 0xF1, 0x78, 0x03, 0x41, 0xF6, 0x09, 0x03, 0x41, 0xF6, 0x09, 0xF0, 0x6D, 0xF2
	.byte 0x96, 0xF1, 0x78, 0x0C, 0x29, 0x0C, 0x30, 0x0C, 0x35, 0x0C, 0x3C, 0x0C, 0x41, 0x0C, 0x48, 0x0C
	.byte 0x4D, 0x0C, 0x48, 0x0C, 0x41, 0x0C, 0x3C, 0x0C, 0x35, 0x0C, 0x30, 0x0C, 0x29, 0xF1, 0x3C, 0x0C
	.byte 0x29, 0xF6, 0x48, 0xF1, 0x8C, 0x00, 0xA9, 0x06, 0xF1, 0x3C, 0x06, 0x29, 0xF1, 0x8C, 0x00, 0xA9
	.byte 0x12, 0xF1, 0x3C, 0x06, 0x29, 0xF1, 0x8C, 0x00, 0xB5, 0x12, 0xF1, 0x3C, 0x06, 0x35, 0xF1, 0x8C
	.byte 0x0C, 0x33, 0x18, 0x35, 0x00, 0xB0, 0x0C, 0xF1, 0x3C, 0x0C, 0x30, 0xF1, 0x8C, 0x12, 0x33, 0xF1
	.byte 0x3C, 0x06, 0x33, 0xF1, 0x8C, 0x00, 0xB5, 0x12, 0xF1, 0x3C, 0x06, 0x35, 0xF1, 0x8C, 0xF6, 0xA8
	.byte 0x00, 0xA9, 0x06, 0xF1, 0x3C, 0x06, 0x29, 0xF1, 0x8C, 0x00, 0xA9, 0x12, 0xF1, 0x3C, 0x06, 0x29
	.byte 0xF1, 0x8C, 0x00, 0xB5, 0x12, 0xF1, 0x3C, 0x06, 0x35, 0xF1, 0x8C, 0x0C, 0x33, 0x18, 0x35, 0x00
	.byte 0xB0, 0x0C, 0xF1, 0x3C, 0x0C, 0x30, 0xF1, 0x8C, 0x00, 0xB3, 0x12, 0xF1, 0x3C, 0x06, 0x33, 0xF1
	.byte 0x8C, 0x00, 0xB5, 0x12, 0xF1, 0x3C, 0x06, 0x35, 0xF1, 0x8C, 0x00, 0xA9, 0x06, 0xF1, 0x3C, 0x06
	.byte 0x29, 0xF1, 0x8C, 0x00, 0xA9, 0x12, 0xF1, 0x3C, 0x06, 0x29, 0xF1, 0x8C, 0x00, 0xB5, 0x12, 0xF1
	.byte 0x3C, 0x06, 0x35, 0xF1, 0x8C, 0x0C, 0x33, 0x18, 0x35, 0x0C, 0x30, 0xF1, 0x3C, 0x0C, 0x30, 0xF1
	.byte 0x8C, 0x00, 0xB3, 0x12, 0xF1, 0x3C, 0x06, 0x33, 0xF1, 0x8C, 0x0C, 0x35, 0x00, 0xA7, 0x06, 0xF1
	.byte 0x3C, 0x05, 0x27, 0xF8, 0x81, 0xFC, 0xFF, 0xF9, 0x2A, 0xF6, 0xA8, 0xF6, 0xA8, 0xF9, 0x6C, 0xF6
	.byte 0x01, 0xF0, 0x07, 0xF2, 0x82, 0xF1, 0x64, 0x18, 0x29, 0xF6, 0x0C, 0x18, 0x29, 0xF6, 0x0C, 0x18
	.byte 0x29, 0x18, 0x29, 0x18, 0x29, 0x18, 0x29, 0x18, 0x29, 0xF6, 0x0C, 0x18, 0x29, 0xF6, 0x0C, 0x18
	.byte 0x29, 0x18, 0x29, 0x18, 0x29, 0x0C, 0x29, 0x0C, 0x29, 0x18, 0x29, 0xF6, 0x0C, 0x18, 0x29, 0xF6
	.byte 0x0C, 0x18, 0x29, 0x18, 0x29, 0x18, 0x29, 0x18, 0x29, 0x18, 0x29, 0xF6, 0x0C, 0x18, 0x29, 0xF6
	.byte 0x0C, 0x18, 0x29, 0x18, 0x29, 0x18, 0x29, 0x0C, 0x29, 0x0B, 0x29, 0xF6, 0x01, 0x18, 0x29, 0xF6
	.byte 0x0C, 0x18, 0x29, 0xF6, 0x0C, 0x18, 0x29, 0x18, 0x29, 0x18, 0x29, 0x18, 0x29, 0x18, 0x29, 0xF6
	.byte 0x0C, 0x18, 0x29, 0xF6, 0x0C, 0x18, 0x29, 0x18, 0x29, 0x18, 0x29, 0x0C, 0x29, 0x0C, 0x29, 0x18
	.byte 0x29, 0xF6, 0x0C, 0x18, 0x29, 0xF6, 0x0C, 0x18, 0x29, 0x18, 0x29, 0x18, 0x29, 0x18, 0x29, 0x18
	.byte 0x29, 0xF6, 0x0C, 0x18, 0x29, 0xF6, 0x0C, 0x18, 0x29, 0x18, 0x29, 0x18, 0x29, 0x0C, 0x29, 0x0C
	.byte 0x29, 0x18, 0x29, 0xF6, 0x0C, 0x18, 0x29, 0xF6, 0x0C, 0x18, 0x29, 0x18, 0x29, 0x18, 0x29, 0x18
	.byte 0x29, 0x18, 0x29, 0xF6, 0x0C, 0x18, 0x29, 0xF6, 0x0C, 0x18, 0x29, 0x18, 0x29, 0x18, 0x29, 0x0C
	.byte 0x29, 0x0C, 0x29, 0x18, 0x29, 0xF6, 0x0C, 0x18, 0x29, 0xF6, 0x0C, 0x18, 0x29, 0x18, 0x29, 0x18
	.byte 0x29, 0x18, 0x29, 0x18, 0x29, 0xF6, 0x0C, 0x18, 0x29, 0xF6, 0x0C, 0x18, 0x29, 0x18, 0x29, 0x18
	.byte 0x29, 0x0C, 0x29, 0x0C, 0x29, 0x18, 0x29, 0xF6, 0x0C, 0x18, 0x29, 0xF6, 0x0C, 0x18, 0x29, 0x18
	.byte 0x29, 0x18, 0x29, 0x18, 0x29, 0x18, 0x29, 0xF6, 0x0C, 0x18, 0x29, 0xF6, 0x0C, 0x18, 0x29, 0x18
	.byte 0x29, 0x18, 0x29, 0x0C, 0x29, 0x0C, 0x29, 0x18, 0x29, 0xF6, 0x0C, 0x18, 0x29, 0xF6, 0x0C, 0x18
	.byte 0x29, 0x18, 0x29, 0x18, 0x29, 0x18, 0x29, 0x18, 0x29, 0xF6, 0x0C, 0x18, 0x29, 0xF6, 0x0C, 0x18
	.byte 0x29, 0x18, 0x29, 0x18, 0x29, 0x0C, 0x29, 0x0C, 0x29, 0x18, 0x29, 0xF6, 0x0C, 0x18, 0x29, 0xF6
	.byte 0x0C, 0x18, 0x29, 0x18, 0x29, 0x18, 0x29, 0x18, 0x29, 0x18, 0x29, 0xF6, 0x0C, 0x18, 0x29, 0xF6
	.byte 0x0C, 0x18, 0x29, 0x18, 0x29, 0x18, 0x29, 0x0C, 0x29, 0x0C, 0x29, 0x18, 0x29, 0xF6, 0x0C, 0x18
	.byte 0x29, 0xF6, 0x0C, 0x18, 0x29, 0x18, 0x29, 0x18, 0x29, 0x18, 0x29, 0x18, 0x29, 0xF6, 0x0C, 0x18
	.byte 0x29, 0xF6, 0x0C, 0x18, 0x29, 0x18, 0x29, 0x18, 0x29, 0x0C, 0x29, 0x0C, 0x29, 0x18, 0x29, 0xF6
	.byte 0x90, 0x18, 0x29, 0xF6, 0x0C, 0x18, 0x29, 0xF6, 0x54, 0x0C, 0x29, 0x0C, 0x29, 0x18, 0x29, 0xF6
	.byte 0x0C, 0x18, 0x29, 0xF6, 0x6C, 0xF6, 0x90, 0x0C, 0x29, 0x0C, 0x29, 0x18, 0x29, 0xF6, 0x90, 0x18
	.byte 0x29, 0xF6, 0x0C, 0x18, 0x29, 0xF6, 0x54, 0x0C, 0x29, 0x0C, 0x29, 0x18, 0x29, 0xF6, 0x0C, 0x18
	.byte 0x29, 0xF6, 0x6C, 0xF6, 0x90, 0x0C, 0x29, 0x0B, 0x29, 0xF8, 0xAF, 0xFE, 0xFF, 0xF9, 0x2A, 0xF6
	.byte 0xA8, 0xF6, 0xA8, 0xF9, 0x6C, 0xF6, 0x0C, 0xF0, 0x00, 0xF1, 0xB4, 0x0C, 0x24, 0x0C, 0x24, 0xF6
	.byte 0x0C, 0x0C, 0x24, 0xF1, 0x8C, 0x0C, 0x29, 0xF1, 0xB4, 0x0C, 0x24, 0xF1, 0x8C, 0x0C, 0x29, 0xF6
	.byte 0x0C, 0xF1, 0xB4, 0x0C, 0x24, 0xF1, 0x8C, 0x0C, 0x29, 0xF6, 0x0C, 0xF1, 0xB4, 0x0C, 0x24, 0xF1
	.byte 0x8C, 0x0C, 0x29, 0xF6, 0x0C, 0xF1, 0xB4, 0x0C, 0x24, 0xF1, 0x8C, 0x0C, 0x29, 0xF6, 0x0C, 0xF1
	.byte 0xB4, 0x0C, 0x24, 0xF1, 0x8C, 0x0C, 0x29, 0xF1, 0xB4, 0x04, 0x24, 0x04, 0x24, 0x04, 0x24, 0xF1
	.byte 0x8C, 0x0C, 0x29, 0xF6, 0x0C, 0xF1, 0xB4, 0x0C, 0x24, 0xF1, 0x8C, 0x0C, 0x29, 0xF6, 0x0C, 0x0C
	.byte 0x29, 0x0C, 0x29, 0xF6, 0x0C, 0xF1, 0x8C, 0x0C, 0x24, 0x0C, 0x24, 0xF6, 0x0C, 0x0C, 0x24, 0xF1
	.byte 0xB4, 0x0C, 0x29, 0xF1, 0x8C, 0x0C, 0x24, 0xF1, 0xB4, 0x0C, 0x29, 0xF6, 0x0C, 0xF1, 0x8C, 0x0C
	.byte 0x24, 0xF1, 0xB4, 0x0C, 0x29, 0xF6, 0x0C, 0xF1, 0x8C, 0x0C, 0x24, 0xF1, 0xB4, 0x0C, 0x29, 0xF6
	.byte 0x0C, 0xF1, 0xB4, 0x0C, 0x24, 0xF1, 0x8C, 0x0C, 0x29, 0xF6, 0x0C, 0xF1, 0xB4, 0x0C, 0x24, 0xF1
	.byte 0x8C, 0x0C, 0x29, 0xF1, 0xB4, 0x04, 0x24, 0x04, 0x24, 0x04, 0x24, 0xF1, 0x8C, 0x0C, 0x29, 0xF6
	.byte 0x0C, 0xF1, 0xB4, 0x0C, 0x24, 0xF1, 0x8C, 0x0C, 0x29, 0xF6, 0x0C, 0x0C, 0x29, 0x0C, 0x29, 0xF6
	.byte 0x0C, 0x0C, 0x24, 0x0C, 0x24, 0xF6, 0x0C, 0x0C, 0x24, 0x0C, 0x29, 0x0C, 0x24, 0x0C, 0x29, 0xF6
	.byte 0x0C, 0x0C, 0x24, 0x0C, 0x29, 0xF6, 0x0C, 0x0C, 0x24, 0x0C, 0x29, 0xF6, 0x0C, 0x0C, 0x24, 0x0C
	.byte 0x29, 0xF6, 0x0C, 0x0C, 0x24, 0x0C, 0x29, 0x04, 0x24, 0x04, 0x24, 0x04, 0x24, 0x0C, 0x29, 0xF6
	.byte 0x0C, 0x0C, 0x24, 0x0C, 0x29, 0xF6, 0x0C, 0x0C, 0x29, 0x0C, 0x29, 0xF6, 0x0C, 0x0C, 0x24, 0x0C
	.byte 0x24, 0xF6, 0x0C, 0x0C, 0x24, 0x0C, 0x29, 0x0C, 0x24, 0x0C, 0x28, 0xF6, 0x0C, 0x0C, 0x24, 0x0C
	.byte 0x29, 0xF6, 0x0C, 0x0C, 0x24, 0x0C, 0x29, 0xF6, 0x0C, 0x0C, 0x24, 0x0C, 0x29, 0xF6, 0x0C, 0x0C
	.byte 0x24, 0x0C, 0x29, 0x04, 0x24, 0x04, 0x24, 0x04, 0x24, 0x0C, 0x29, 0xF6, 0x0C, 0x0C, 0x24, 0x0C
	.byte 0x29, 0xF6, 0x0C, 0x0C, 0x29, 0x0C, 0x29, 0xF6, 0x0C, 0x0C, 0x24, 0x0C, 0x24, 0xF6, 0x0C, 0x0C
	.byte 0x24, 0x0C, 0x29, 0x0C, 0x24, 0x0C, 0x29, 0xF6, 0x0C, 0x0C, 0x24, 0x0C, 0x29, 0xF6, 0x0C, 0x0C
	.byte 0x24, 0x0C, 0x29, 0xF6, 0x0C, 0x0C, 0x24, 0x0C, 0x29, 0xF6, 0x0C, 0x0C, 0x24, 0x0C, 0x29, 0x04
	.byte 0x24, 0x04, 0x24, 0x04, 0x24, 0x0C, 0x29, 0xF6, 0x0C, 0x0C, 0x24, 0x0C, 0x29, 0xF6, 0x0C, 0x0C
	.byte 0x29, 0x0C, 0x29, 0xF6, 0x0C, 0x0C, 0x24, 0x0C, 0x24, 0xF6, 0x0C, 0x0C, 0x24, 0x0C, 0x29, 0x0C
	.byte 0x24, 0x0C, 0x29, 0xF6, 0x0C, 0x0C, 0x24, 0x0C, 0x29, 0xF6, 0x0C, 0x0C, 0x24, 0x0C, 0x29, 0xF6
	.byte 0x0C, 0x0C, 0x24, 0x0C, 0x29, 0xF6, 0x0C, 0x0C, 0x24, 0x0C, 0x29, 0x04, 0x24, 0x04, 0x24, 0x04
	.byte 0x24, 0x0C, 0x29, 0xF6, 0x0C, 0x0C, 0x24, 0x0C, 0x29, 0xF6, 0x0C, 0x0C, 0x29, 0x0C, 0x29, 0xF6
	.byte 0x0C, 0x0C, 0x24, 0x0C, 0x24, 0xF6, 0x0C, 0x0C, 0x24, 0x0C, 0x29, 0x0C, 0x24, 0x0C, 0x29, 0xF6
	.byte 0x0C, 0x0C, 0x24, 0x0C, 0x29, 0xF6, 0x0C, 0x0C, 0x24, 0x0C, 0x29, 0xF6, 0x0C, 0x0C, 0x24, 0x0C
	.byte 0x29, 0xF6, 0x0C, 0x0C, 0x24, 0x0C, 0x29, 0x04, 0x24, 0x04, 0x24, 0x04, 0x24, 0x0C, 0x29, 0xF6
	.byte 0x0C, 0x0C, 0x24, 0x0C, 0x29, 0xF6, 0x0C, 0x0C, 0x29, 0x0C, 0x29, 0xF6, 0x0C, 0x0C, 0x24, 0x0C
	.byte 0x24, 0xF6, 0x0C, 0x0C, 0x24, 0x0C, 0x29, 0x0C, 0x24, 0x0C, 0x29, 0xF6, 0x0C, 0x0C, 0x24, 0x0C
	.byte 0x29, 0xF6, 0x0C, 0x0C, 0x24, 0x0C, 0x29, 0xF6, 0x0C, 0x0C, 0x24, 0x0C, 0x29, 0xF6, 0x0C, 0x0C
	.byte 0x24, 0x0C, 0x29, 0x04, 0x24, 0x04, 0x24, 0x04, 0x24, 0x0C, 0x29, 0xF6, 0x0C, 0x0C, 0x24, 0x0C
	.byte 0x29, 0xF6, 0x0C, 0x0C, 0x29, 0x0C, 0x29, 0xF6, 0x0C, 0x0C, 0x24, 0x0C, 0x24, 0xF6, 0x0C, 0x0C
	.byte 0x24, 0x0C, 0x29, 0x0C, 0x24, 0x0C, 0x29, 0xF6, 0x0C, 0x0C, 0x24, 0x0C, 0x29, 0xF6, 0x0C, 0x0C
	.byte 0x24, 0x0C, 0x29, 0xF6, 0x0C, 0x0C, 0x24, 0x0C, 0x29, 0xF6, 0x0C, 0x0C, 0x24, 0x0C, 0x29, 0x04
	.byte 0x24, 0x04, 0x24, 0x04, 0x24, 0x0C, 0x29, 0xF6, 0x0C, 0x0C, 0x24, 0x0C, 0x29, 0xF6, 0x0C, 0x0C
	.byte 0x29, 0x0C, 0x29, 0xF6, 0x0C, 0x0C, 0x24, 0x0C, 0x24, 0xF6, 0x0C, 0x0C, 0x24, 0x0C, 0x29, 0x0C
	.byte 0x24, 0x0C, 0x29, 0xF6, 0x0C, 0x0C, 0x24, 0x0C, 0x29, 0xF6, 0x0C, 0x0C, 0x24, 0x0C, 0x29, 0xF6
	.byte 0x0C, 0x0C, 0x24, 0x0C, 0x29, 0xF6, 0x0C, 0x0C, 0x24, 0x0C, 0x29, 0x04, 0x24, 0x04, 0x24, 0x04
	.byte 0x24, 0x0C, 0x29, 0xF6, 0x0C, 0x0C, 0x24, 0x0C, 0x29, 0xF6, 0x0C, 0x0C, 0x29, 0x0C, 0x29, 0xF6
	.byte 0xA8, 0xF6, 0x48, 0x04, 0x24, 0x04, 0x24, 0x04, 0x24, 0x0C, 0x29, 0xF6, 0x0C, 0x0C, 0x24, 0x0C
	.byte 0x29, 0xF6, 0x0C, 0x0C, 0x29, 0x0C, 0x29, 0xF6, 0x0C, 0x0C, 0x24, 0x0C, 0x29, 0xF6, 0x0C, 0x0C
	.byte 0x29, 0xF6, 0x6C, 0xF6, 0x0C, 0x0C, 0x24, 0x0C, 0x29, 0xF6, 0x0C, 0x0C, 0x24, 0x0C, 0x29, 0x04
	.byte 0x24, 0x04, 0x24, 0x04, 0x24, 0x0C, 0x29, 0xF6, 0x0C, 0x0C, 0x24, 0x0C, 0x29, 0xF6, 0x0C, 0x0C
	.byte 0x29, 0x0C, 0x29, 0xF6, 0xA8, 0xF6, 0x48, 0x04, 0x24, 0x04, 0x24, 0x04, 0x24, 0x0C, 0x29, 0xF6
	.byte 0x0C, 0x0C, 0x24, 0x0C, 0x29, 0xF6, 0x0C, 0x0C, 0x29, 0x0C, 0x29, 0xF6, 0x0C, 0x0C, 0x24, 0x0C
	.byte 0x29, 0xF6, 0x0C, 0x0C, 0x29, 0xF6, 0x6C, 0xF6, 0x0C, 0x0C, 0x24, 0x0C, 0x29, 0xF6, 0x0C, 0x0C
	.byte 0x24, 0x0C, 0x29, 0x04, 0x24, 0x04, 0x24, 0x04, 0x24, 0x0C, 0x29, 0xF6, 0x0C, 0x0C, 0x24, 0x0C
	.byte 0x29, 0xF6, 0x0C, 0x0C, 0x29, 0x0C, 0x29, 0xF8, 0x95, 0xFD, 0xFF, 0xF9, 0x2A, 0xF0, 0xC6, 0xF1
	.byte 0x28, 0x0C, 0x30, 0x0C, 0x2F, 0x30, 0x2B, 0x0C, 0x2E, 0x0C, 0x2C, 0x48, 0x29, 0x0C, 0x28, 0x0C
	.byte 0x29, 0x30, 0x31, 0x0C, 0x30, 0x0C, 0x2B, 0x3C, 0x2E, 0x0C, 0x2C, 0xF9, 0x6C, 0x00, 0xA9, 0xA8
	.byte 0x00, 0xA9, 0xA8, 0x00, 0xA9, 0xA8, 0xA8, 0x29, 0xF6, 0x01, 0xF0, 0xC6, 0xF1, 0x28, 0x00, 0xA9
	.byte 0xA8, 0x00, 0xA9, 0xA8, 0x00, 0xA9, 0xA8, 0xA8, 0x29, 0x00, 0xA9, 0xA8, 0x00, 0xA9, 0xA8, 0x00
	.byte 0xA9, 0xA8, 0xA8, 0x29, 0x00, 0xA9, 0xA8, 0x00, 0xA9, 0xA8, 0x00, 0xA9, 0xA8, 0xA8, 0x29, 0x00
	.byte 0xA7, 0xA8, 0xA8, 0x27, 0x00, 0xA9, 0xA8, 0xA8, 0x29, 0xF6, 0xA8, 0xF6, 0xA8, 0xF6, 0xA8, 0xF6
	.byte 0xA8, 0xF0, 0xC6, 0xF2, 0x64, 0xF1, 0x0A, 0x2A, 0x3C, 0xF1, 0x14, 0x2A, 0x3C, 0xF1, 0x1E, 0x2A
	.byte 0x3C, 0xF1, 0x28, 0x00, 0xBC, 0x2A, 0x00, 0xBC, 0xA8, 0x00, 0xBC, 0xA8, 0x2A, 0x3C, 0xF1, 0x1E
	.byte 0x2A, 0x3C, 0xF1, 0x14, 0x2A, 0x3C, 0xF1, 0x0A, 0x00, 0xBC, 0x29, 0xF8, 0x9A, 0xFF, 0xFF, 0xF9
	.byte 0x2A, 0xF6, 0xA8, 0xF6, 0xA8, 0xF9, 0x6C, 0xF6, 0xA8, 0xF6, 0xA8, 0xF6, 0xA8, 0xF6, 0xA8, 0xF6
	.byte 0x01, 0xF0, 0xC0, 0xF2, 0xB4, 0xF1, 0x14, 0xF6, 0x0C, 0x0C, 0x43, 0x0A, 0x41, 0xF1, 0x0A, 0x02
	.byte 0x41, 0xF1, 0x14, 0x0A, 0x43, 0xF1, 0x0A, 0x02, 0x43, 0xF1, 0x14, 0x0C, 0x44, 0x0A, 0x46, 0xF1
	.byte 0x0A, 0x02, 0x46, 0xF1, 0x14, 0x0A, 0x44, 0xF1, 0x0A, 0x02, 0x44, 0xF1, 0x14, 0x0A, 0x43, 0xF1
	.byte 0x0A, 0x02, 0x43, 0xF1, 0x14, 0x18, 0x41, 0xF1, 0x0A, 0xF6, 0x18, 0x18, 0x41, 0xF1, 0x14, 0x18
	.byte 0x48, 0x18, 0x46, 0x0C, 0x44, 0x18, 0x46, 0x18, 0x44, 0x0A, 0x3F, 0xF1, 0x0A, 0x02, 0x3F, 0xF1
	.byte 0x14, 0x24, 0x41, 0xF1, 0x0A, 0x0C, 0x41, 0xF1, 0x14, 0xF6, 0x0C, 0x0C, 0x43, 0x0A, 0x41, 0xF1
	.byte 0x0A, 0x02, 0x41, 0xF1, 0x14, 0x0A, 0x43, 0xF1, 0x0A, 0x02, 0x43, 0xF1, 0x14, 0x0C, 0x44, 0x0A
	.byte 0x46, 0xF1, 0x0A, 0x02, 0x46, 0xF1, 0x14, 0x0C, 0x4B, 0x0A, 0x49, 0xF1, 0x0A, 0x02, 0x49, 0xF1
	.byte 0x14, 0x18, 0x48, 0xF1, 0x0A, 0x18, 0x48, 0xF6, 0x0C, 0xF1, 0x14, 0x0A, 0x43, 0xF1, 0x0A, 0x02
	.byte 0x43, 0xF1, 0x14, 0x18, 0x48, 0x18, 0x46, 0x0C, 0x44, 0x18, 0x46, 0x18, 0x48, 0x0A, 0x4B, 0xF1
	.byte 0x0A, 0x02, 0x4B, 0xF1, 0x14, 0x24, 0x4D, 0xF1, 0x0A, 0x0C, 0x4D, 0xF6, 0xA8, 0xF6, 0xA8, 0xF6
	.byte 0xA8, 0xF6, 0xA8, 0xF6, 0x0C, 0xF1, 0x14, 0x0C, 0x43, 0x0A, 0x41, 0xF1, 0x0A, 0x02, 0x41, 0xF1
	.byte 0x14, 0x0A, 0x43, 0xF1, 0x0A, 0x02, 0x43, 0xF1, 0x14, 0x0C, 0x44, 0x0A, 0x46, 0xF1, 0x0A, 0x02
	.byte 0x46, 0xF1, 0x14, 0x0A, 0x44, 0xF1, 0x0A, 0x02, 0x44, 0xF1, 0x14, 0x0A, 0x43, 0xF1, 0x0A, 0x02
	.byte 0x43, 0xF1, 0x14, 0x18, 0x41, 0xF1, 0x0A, 0x18, 0x41, 0xF6, 0x18, 0xF1, 0x14, 0x18, 0x48, 0x18
	.byte 0x46, 0x0C, 0x44, 0x18, 0x46, 0x18, 0x44, 0x0A, 0x3F, 0xF1, 0x0A, 0x02, 0x3F, 0xF1, 0x14, 0x24
	.byte 0x41, 0xF1, 0x0A, 0x0C, 0x41, 0xF1, 0x1E, 0x0C, 0x41, 0xF1, 0x14, 0x0C, 0x43, 0x0A, 0x41, 0xF1
	.byte 0x0A, 0x02, 0x41, 0xF1, 0x14, 0x0A, 0x43, 0xF1, 0x0A, 0x02, 0x43, 0xF1, 0x14, 0x0C, 0x44, 0x0A
	.byte 0x46, 0xF1, 0x0A, 0x02, 0x46, 0xF1, 0x14, 0x0C, 0x4B, 0x0A, 0x49, 0xF1, 0x0A, 0x02, 0x49, 0xF1
	.byte 0x14, 0x18, 0x48, 0xF1, 0x0A, 0x18, 0x48, 0xF6, 0x0C, 0xF1, 0x14, 0x0A, 0x43, 0xF1, 0x0A, 0x02
	.byte 0x43, 0xF1, 0x14, 0x18, 0x48, 0x18, 0x46, 0x0C, 0x44, 0x18, 0x46, 0x18, 0x48, 0x0A, 0x4B, 0xF1
	.byte 0x0A, 0x02, 0x4B, 0xF1, 0x14, 0x24, 0x4D, 0xF1, 0x0A, 0x0C, 0x4D, 0xF1, 0x14, 0xF6, 0x0C, 0x0C
	.byte 0x48, 0x0A, 0x46, 0xF1, 0x0A, 0x02, 0x46, 0xF1, 0x14, 0x0A, 0x48, 0xF1, 0x0A, 0x02, 0x48, 0xF1
	.byte 0x14, 0x0C, 0x49, 0x0A, 0x4B, 0xF1, 0x0A, 0x02, 0x4B, 0xF1, 0x14, 0x0A, 0x49, 0xF1, 0x0A, 0x02
	.byte 0x49, 0xF1, 0x14, 0x0A, 0x48, 0xF1, 0x0A, 0x02, 0x48, 0xF1, 0x14, 0x18, 0x46, 0xF1, 0x0A, 0x18
	.byte 0x46, 0xF6, 0x18, 0xF1, 0x14, 0x18, 0x4B, 0x18, 0x49, 0x0C, 0x48, 0x18, 0x49, 0x18, 0x48, 0x0A
	.byte 0x44, 0xF1, 0x0A, 0x02, 0x44, 0xF1, 0x14, 0x24, 0x46, 0xF1, 0x0A, 0x0C, 0x46, 0xF1, 0x1E, 0x0C
	.byte 0x46, 0xF1, 0x14, 0x0C, 0x43, 0x0A, 0x41, 0xF1, 0x0A, 0x02, 0x41, 0xF1, 0x14, 0x0A, 0x43, 0xF1
	.byte 0x0A, 0x02, 0x43, 0xF1, 0x14, 0x0C, 0x44, 0x0A, 0x46, 0xF1, 0x0A, 0x02, 0x46, 0xF1, 0x14, 0x0C
	.byte 0x44, 0x0A, 0x43, 0xF1, 0x0A, 0x02, 0x43, 0xF1, 0x14, 0x18, 0x41, 0xF1, 0x0A, 0x18, 0x41, 0xF6
	.byte 0x0C, 0xF1, 0x14, 0x0A, 0x43, 0xF1, 0x0A, 0x02, 0x43, 0xF1, 0x14, 0x18, 0x48, 0x18, 0x46, 0x0C
	.byte 0x44, 0x18, 0x46, 0x18, 0x44, 0x0A, 0x3F, 0xF1, 0x0A, 0x02, 0x3F, 0xF1, 0x14, 0x24, 0x41, 0xF1
	.byte 0x0A, 0x0C, 0x41, 0xF1, 0x14, 0xF6, 0xA8, 0xF6, 0xA8, 0xF6, 0xA8, 0xF6, 0xA8, 0xF0, 0xC6, 0xF2
	.byte 0xA0, 0xF1, 0x0A, 0x2A, 0x29, 0xF1, 0x14, 0x2A, 0x29, 0xF1, 0x1E, 0x2A, 0x29, 0xF1, 0x28, 0x00
	.byte 0xA9, 0x2A, 0x00, 0xA9, 0xA8, 0x00, 0xA9, 0xA8, 0x2A, 0x29, 0xF1, 0x1E, 0x2A, 0x29, 0xF1, 0x14
	.byte 0x2A, 0x29, 0xF1, 0x0A, 0x00, 0xA9, 0x29, 0xF8, 0xC5, 0xFD, 0xFF, 0x00, 0xFC, 0x03, 0x12, 0x00
	.byte 0x0C, 0x03, 0x30, 0x06, 0xA4, 0x09, 0xFC, 0x10, 0x94, 0x12, 0x00, 0x14, 0x84, 0x0D, 0xF9, 0x4E
	.byte 0xF6, 0xC0, 0xF6, 0x01, 0xF0, 0x0C, 0xF2, 0x64, 0xF1, 0xA0, 0xF6, 0x88, 0x06, 0x47, 0xF1, 0x28
	.byte 0x02, 0x47, 0xF1, 0xA0, 0x08, 0x4F, 0xF1, 0x28, 0x08, 0x4F, 0xF6, 0x1F, 0xF6, 0x01, 0xF0, 0x01
	.byte 0xF2, 0x64, 0xF1, 0xA0, 0x10, 0x48, 0xF1, 0x50, 0x10, 0x48, 0xF1, 0xA0, 0xF6, 0x08, 0x08, 0x43
	.byte 0xF1, 0x50, 0x08, 0x43, 0xF1, 0xA0, 0xF6, 0x10, 0x08, 0x40, 0xF1, 0x50, 0x08, 0x40, 0xF1, 0xA0
	.byte 0xF6, 0x18, 0x08, 0x45, 0xF1, 0x50, 0x08, 0x45, 0xF1, 0xA0, 0xF6, 0x08, 0x08, 0x47, 0xF6, 0x10
	.byte 0x08, 0x46, 0x10, 0x45, 0xF1, 0x50, 0x08, 0x45, 0xF1, 0xA0, 0x10, 0x43, 0xF1, 0x50, 0x08, 0x43
	.byte 0xF1, 0xA0, 0x08, 0x4C, 0xF1, 0x50, 0x08, 0x4C, 0xF1, 0xA0, 0x08, 0x4F, 0x08, 0x51, 0xF1, 0x50
	.byte 0x08, 0x51, 0xF1, 0xA0, 0x08, 0x4D, 0xF1, 0x50, 0x08, 0x4D, 0xF1, 0xA0, 0xF6, 0x08, 0x08, 0x4F
	.byte 0xF1, 0x50, 0x08, 0x4F, 0xF1, 0xA0, 0xF6, 0x08, 0x08, 0x4C, 0xF1, 0x50, 0x08, 0x4C, 0xF1, 0xA0
	.byte 0xF6, 0x08, 0x08, 0x48, 0x08, 0x4A, 0xF1, 0x50, 0x08, 0x4A, 0xF1, 0xA0, 0x10, 0x47, 0xF1, 0x50
	.byte 0x10, 0x47, 0xF1, 0xA0, 0x10, 0x48, 0xF1, 0x50, 0x10, 0x48, 0xF1, 0xA0, 0xF6, 0x08, 0x08, 0x43
	.byte 0xF1, 0x50, 0x08, 0x43, 0xF1, 0xA0, 0xF6, 0x10, 0x08, 0x40, 0xF1, 0x50, 0x08, 0x40, 0xF1, 0xA0
	.byte 0xF6, 0x18, 0x08, 0x45, 0xF1, 0x50, 0x08, 0x45, 0xF1, 0xA0, 0xF6, 0x08, 0x08, 0x47, 0xF1, 0x50
	.byte 0x08, 0x47, 0xF1, 0xA0, 0xF6, 0x08, 0x08, 0x46, 0x10, 0x45, 0xF1, 0x50, 0x08, 0x45, 0xF1, 0xA0
	.byte 0x10, 0x43, 0xF1, 0x50, 0x08, 0x43, 0xF1, 0xA0, 0x08, 0x4C, 0xF1, 0x50, 0x08, 0x4C, 0xF1, 0xA0
	.byte 0x08, 0x4F, 0x08, 0x51, 0xF1, 0x50, 0x08, 0x51, 0xF1, 0xA0, 0x08, 0x4D, 0xF1, 0x50, 0x08, 0x4D
	.byte 0xF1, 0xA0, 0xF6, 0x08, 0x08, 0x4F, 0xF1, 0x50, 0x08, 0x4F, 0xF1, 0xA0, 0xF6, 0x08, 0x08, 0x4A
	.byte 0xF1, 0x50, 0x08, 0x4A, 0xF1, 0xA0, 0xF6, 0x08, 0x08, 0x47, 0x0C, 0x48, 0xF1, 0x50, 0x0C, 0x48
	.byte 0xF1, 0xA0, 0xF6, 0x18, 0xF6, 0x18, 0x0C, 0x4F, 0xF6, 0x04, 0x08, 0x4E, 0x0C, 0x4D, 0xF6, 0x04
	.byte 0x0C, 0x4B, 0xF6, 0x0C, 0x0C, 0x4C, 0xF6, 0x0C, 0x08, 0x44, 0x10, 0x45, 0x08, 0x48, 0xF6, 0x10
	.byte 0x08, 0x45, 0x10, 0x48, 0x08, 0x4A, 0xF1, 0x50, 0x08, 0x4A, 0xF1, 0xA0, 0xF6, 0x10, 0x0C, 0x4F
	.byte 0xF1, 0x50, 0x04, 0x4F, 0xF1, 0xA0, 0x08, 0x4E, 0x0C, 0x4D, 0xF1, 0x50, 0x04, 0x4D, 0xF1, 0xA0
	.byte 0x0C, 0x4B, 0xF1, 0x50, 0x0C, 0x4B, 0xF1, 0xA0, 0x0C, 0x4C, 0xF1, 0x50, 0x0C, 0x4C, 0xF0, 0x0C
	.byte 0xF2, 0x8C, 0xF1, 0x8C, 0x08, 0x54, 0xF1, 0x28, 0x08, 0x54, 0xF1, 0x8C, 0xF6, 0x08, 0x08, 0x54
	.byte 0x08, 0x54, 0xF1, 0x28, 0x08, 0x54, 0xF6, 0x20, 0xF0, 0x01, 0xF2, 0x8C, 0xF1, 0xA0, 0xF6, 0x18
	.byte 0x0C, 0x4F, 0xF1, 0x50, 0x04, 0x4F, 0xF1, 0xA0, 0x08, 0x4E, 0x0C, 0x4D, 0xF1, 0x50, 0x04, 0x4D
	.byte 0xF1, 0xA0, 0x0C, 0x4B, 0xF1, 0x50, 0x0C, 0x4B, 0xF1, 0xA0, 0x0C, 0x4C, 0xF1, 0x50, 0x0C, 0x4C
	.byte 0xF1, 0xA0, 0x08, 0x44, 0x10, 0x45, 0x08, 0x48, 0xF1, 0x50, 0x08, 0x48, 0xF1, 0xA0, 0xF6, 0x08
	.byte 0x08, 0x45, 0x10, 0x48, 0x08, 0x4A, 0xF1, 0x50, 0x08, 0x4A, 0xF1, 0xA0, 0xF6, 0x10, 0x08, 0x4B
	.byte 0xF6, 0x20, 0x10, 0x4A, 0xF6, 0x10, 0x08, 0x48, 0xF1, 0x50, 0x08, 0x48, 0xF6, 0x18, 0xF0, 0x0C
	.byte 0xF2, 0x8C, 0xF1, 0xA0, 0x06, 0x40, 0xF1, 0x28, 0x02, 0x40, 0xF1, 0xA0, 0x08, 0x48, 0xF1, 0x28
	.byte 0x08, 0x48, 0xF6, 0x20, 0xF0, 0x01, 0xF2, 0x8C, 0xF1, 0xA0, 0x10, 0x48, 0x08, 0x48, 0xF1, 0x50
	.byte 0x08, 0x48, 0xF1, 0xA0, 0xF6, 0x08, 0x08, 0x48, 0xF1, 0x50, 0x08, 0x48, 0xF1, 0xA0, 0xF6, 0x08
	.byte 0x08, 0x48, 0x10, 0x4A, 0xF1, 0x50, 0x08, 0x4A, 0xF1, 0xA0, 0x03, 0x4B, 0x0D, 0x4C, 0x08, 0x48
	.byte 0xF1, 0x50, 0x08, 0x48, 0xF1, 0xA0, 0xF6, 0x08, 0x08, 0x45, 0x10, 0x43, 0xF1, 0x50, 0x10, 0x43
	.byte 0xF1, 0xA0, 0xF6, 0x10, 0x10, 0x48, 0x08, 0x48, 0xF1, 0x50, 0x08, 0x48, 0xF1, 0xA0, 0xF6, 0x08
	.byte 0x08, 0x48, 0xF1, 0x50, 0x08, 0x48, 0xF1, 0xA0, 0xF6, 0x08, 0x08, 0x48, 0x10, 0x4A, 0x08, 0x4C
	.byte 0xF1, 0x50, 0x08, 0x4C, 0xF6, 0x10, 0xF0, 0x0C, 0xF2, 0x8C, 0xF1, 0xA0, 0x08, 0x48, 0xF1, 0x28
	.byte 0x08, 0x48, 0xF1, 0xA0, 0xF6, 0x18, 0x08, 0x4A, 0xF1, 0x28, 0x08, 0x4A, 0xF1, 0xA0, 0xF6, 0x08
	.byte 0x08, 0x4C, 0xF0, 0x01, 0xF2, 0x8C, 0xF1, 0xA0, 0x10, 0x48, 0x08, 0x48, 0xF1, 0x50, 0x08, 0x48
	.byte 0xF1, 0xA0, 0xF6, 0x08, 0x08, 0x48, 0xF1, 0x50, 0x08, 0x48, 0xF1, 0xA0, 0xF6, 0x08, 0x08, 0x48
	.byte 0x10, 0x4A, 0xF1, 0x50, 0x08, 0x4A, 0xF1, 0xA0, 0x03, 0x4B, 0x0D, 0x4C, 0x08, 0x48, 0xF1, 0x50
	.byte 0x08, 0x48, 0xF1, 0xA0, 0xF6, 0x08, 0x08, 0x45, 0x10, 0x43, 0xF1, 0x50, 0x08, 0x43, 0xF1, 0xA0
	.byte 0xF6, 0x18, 0x08, 0x4C, 0xF1, 0x50, 0x08, 0x4C, 0xF1, 0xA0, 0x08, 0x4C, 0xF1, 0x50, 0x08, 0x4C
	.byte 0xF1, 0xA0, 0xF6, 0x08, 0x0C, 0x4C, 0xF1, 0x50, 0x0C, 0x4C, 0xF1, 0xA0, 0x08, 0x48, 0x0C, 0x4C
	.byte 0xF1, 0x50, 0x0C, 0x4C, 0xF1, 0xA0, 0x08, 0x4F, 0xF1, 0x50, 0x08, 0x4F, 0xF6, 0x18, 0xF0, 0x0C
	.byte 0xF2, 0x8C, 0xF1, 0xA0, 0x06, 0x47, 0xF1, 0x28, 0x02, 0x47, 0xF1, 0xA0, 0x08, 0x4F, 0xF1, 0x28
	.byte 0x08, 0x4F, 0xF6, 0x1F, 0xF8, 0x25, 0xFD, 0xFF, 0xF9, 0x4E, 0xF6, 0xC0, 0xF0, 0x0C, 0xF2, 0x64
	.byte 0xF6, 0x88, 0xF1, 0x8C, 0x06, 0x43, 0xF1, 0x28, 0x02, 0x43, 0xF1, 0x8C, 0x08, 0x47, 0xF1, 0x28
	.byte 0x08, 0x47, 0xF6, 0x20, 0xF0, 0x01, 0xF2, 0x64, 0xF1, 0x8C, 0x10, 0x43, 0xF1, 0x3C, 0x10, 0x43
	.byte 0xF1, 0x8C, 0xF6, 0x08, 0x08, 0x40, 0xF1, 0x3C, 0x08, 0x40, 0xF1, 0x8C, 0xF6, 0x10, 0x08, 0x3C
	.byte 0xF1, 0x3C, 0x08, 0x3C, 0xF1, 0x8C, 0xF6, 0x18, 0x08, 0x41, 0xF1, 0x3C, 0x08, 0x41, 0xF1, 0x8C
	.byte 0xF6, 0x08, 0x08, 0x43, 0xF1, 0x3C, 0x08, 0x43, 0xF1, 0x8C, 0xF6, 0x08, 0x08, 0x42, 0x10, 0x41
	.byte 0xF1, 0x3C, 0x08, 0x41, 0xF1, 0x8C, 0x10, 0x40, 0xF1, 0x3C, 0x08, 0x40, 0xF1, 0x8C, 0x08, 0x43
	.byte 0xF1, 0x3C, 0x08, 0x43, 0xF1, 0x8C, 0x08, 0x4C, 0x08, 0x4D, 0xF1, 0x3C, 0x08, 0x4D, 0xF1, 0x8C
	.byte 0x08, 0x4A, 0xF1, 0x3C, 0x08, 0x4A, 0xF1, 0x8C, 0xF6, 0x08, 0x08, 0x4C, 0xF1, 0x3C, 0x08, 0x4C
	.byte 0xF1, 0x8C, 0xF6, 0x08, 0x08, 0x48, 0xF1, 0x3C, 0x08, 0x48, 0xF1, 0x8C, 0xF6, 0x08, 0x08, 0x45
	.byte 0x08, 0x47, 0xF1, 0x3C, 0x08, 0x47, 0xF1, 0x8C, 0x10, 0x43, 0xF1, 0x3C, 0x10, 0x43, 0xF1, 0x8C
	.byte 0x10, 0x43, 0xF1, 0x3C, 0x10, 0x43, 0xF1, 0x8C, 0xF1, 0x3C, 0x08, 0x43, 0xF1, 0x8C, 0x08, 0x40
	.byte 0xF1, 0x3C, 0x08, 0x40, 0xF1, 0x8C, 0xF1, 0x3C, 0x08, 0x40, 0xF1, 0x8C, 0xF6, 0x08, 0x08, 0x3C
	.byte 0xF1, 0x3C, 0x08, 0x3C, 0xF1, 0x8C, 0xF6, 0x18, 0x08, 0x41, 0xF1, 0x3C, 0x08, 0x41, 0xF1, 0x8C
	.byte 0xF6, 0x08, 0x08, 0x43, 0xF1, 0x3C, 0x08, 0x43, 0xF1, 0x8C, 0xF6, 0x08, 0x08, 0x42, 0x10, 0x41
	.byte 0xF1, 0x3C, 0x08, 0x41, 0xF1, 0x8C, 0x10, 0x40, 0xF1, 0x3C, 0x08, 0x40, 0xF1, 0x8C, 0x08, 0x48
	.byte 0xF1, 0x3C, 0x08, 0x48, 0xF1, 0x8C, 0x08, 0x4C, 0x08, 0x4D, 0xF1, 0x3C, 0x08, 0x4D, 0xF1, 0x8C
	.byte 0x08, 0x4A, 0xF1, 0x3C, 0x08, 0x4A, 0xF1, 0x8C, 0xF6, 0x08, 0x08, 0x4A, 0xF1, 0x3C, 0x08, 0x4A
	.byte 0xF1, 0x8C, 0xF6, 0x08, 0x08, 0x47, 0xF1, 0x3C, 0x08, 0x47, 0xF1, 0x8C, 0xF6, 0x08, 0x08, 0x43
	.byte 0x0C, 0x43, 0xF1, 0x3C, 0x0C, 0x43, 0xF1, 0x8C, 0xF6, 0x18, 0xF6, 0x18, 0x0C, 0x4C, 0xF1, 0x3C
	.byte 0x04, 0x4C, 0xF1, 0x8C, 0x08, 0x4B, 0x0C, 0x4A, 0xF1, 0x3C, 0x04, 0x4C, 0xF1, 0x8C, 0x0C, 0x47
	.byte 0xF1, 0x3C, 0x0C, 0x47, 0xF1, 0x8C, 0x0C, 0x48, 0xF1, 0x3C, 0x0C, 0x48, 0xF1, 0x8C, 0x08, 0x40
	.byte 0x10, 0x41, 0x08, 0x45, 0xF1, 0x3C, 0x08, 0x45, 0xF1, 0x8C, 0xF6, 0x08, 0x08, 0x3C, 0x10, 0x43
	.byte 0x08, 0x41, 0xF1, 0x3C, 0x08, 0x41, 0xF1, 0x8C, 0xF6, 0x10, 0x0C, 0x4C, 0xF1, 0x3C, 0x04, 0x4C
	.byte 0xF1, 0x8C, 0x08, 0x4B, 0x0C, 0x4A, 0xF1, 0x3C, 0x04, 0x4A, 0xF1, 0x8C, 0x0C, 0x47, 0xF1, 0x3C
	.byte 0x0C, 0x47, 0xF1, 0x8C, 0x0C, 0x48, 0xF1, 0x3C, 0x0C, 0x48, 0xF0, 0x0C, 0xF2, 0x64, 0xF1, 0x8C
	.byte 0x08, 0x4D, 0xF1, 0x28, 0x08, 0x4D, 0xF1, 0x8C, 0xF6, 0x08, 0x08, 0x4D, 0x08, 0x4D, 0xF1, 0x28
	.byte 0x08, 0x4D, 0xF6, 0x20, 0xF0, 0x01, 0xF2, 0x64, 0xF1, 0x8C, 0xF6, 0x18, 0x0C, 0x4C, 0xF1, 0x3C
	.byte 0x04, 0x4C, 0xF1, 0x8C, 0x08, 0x4B, 0x0C, 0x4A, 0xF1, 0x3C, 0x04, 0x4A, 0xF1, 0x8C, 0x0C, 0x47
	.byte 0xF1, 0x3C, 0x0C, 0x47, 0xF1, 0x8C, 0x0C, 0x48, 0xF1, 0x3C, 0x0C, 0x47, 0xF1, 0x8C, 0x08, 0x40
	.byte 0x10, 0x41, 0x08, 0x45, 0xF1, 0x3C, 0x08, 0x45, 0xF1, 0x8C, 0xF6, 0x08, 0x08, 0x3C, 0x10, 0x43
	.byte 0x08, 0x41, 0xF1, 0x3C, 0x08, 0x41, 0xF1, 0x8C, 0xF6, 0x10, 0x08, 0x44, 0xF1, 0x3C, 0x08, 0x44
	.byte 0xF1, 0x8C, 0xF6, 0x18, 0x10, 0x41, 0xF1, 0x3C, 0x10, 0x41, 0xF1, 0x8C, 0x08, 0x40, 0xF1, 0x3C
	.byte 0x08, 0x40, 0xF6, 0x18, 0xF0, 0x0C, 0xF2, 0x64, 0xF1, 0x8C, 0x06, 0x3C, 0xF1, 0x28, 0x02, 0x3C
	.byte 0xF1, 0x8C, 0x08, 0x43, 0xF1, 0x28, 0x08, 0x43, 0xF6, 0x20, 0xF0, 0x01, 0xF2, 0x64, 0xF1, 0x8C
	.byte 0x10, 0x44, 0x08, 0x44, 0xF1, 0x3C, 0x08, 0x44, 0xF1, 0x8C, 0xF6, 0x08, 0x08, 0x44, 0xF1, 0x3C
	.byte 0x08, 0x44, 0xF1, 0x8C, 0xF6, 0x08, 0x08, 0x44, 0x10, 0x46, 0xF1, 0x3C, 0x08, 0x46, 0xF1, 0x8C
	.byte 0x10, 0x43, 0x08, 0x40, 0xF1, 0x3C, 0x08, 0x43, 0xF1, 0x8C, 0xF6, 0x08, 0x08, 0x40, 0x10, 0x3C
	.byte 0xF1, 0x3C, 0x10, 0x3C, 0xF1, 0x8C, 0xF6, 0x10, 0x10, 0x44, 0x08, 0x44, 0xF1, 0x3C, 0x08, 0x44
	.byte 0xF1, 0x8C, 0xF6, 0x08, 0x08, 0x44, 0xF1, 0x3C, 0x08, 0x44, 0xF1, 0x8C, 0xF6, 0x08, 0x08, 0x44
	.byte 0x10, 0x46, 0x08, 0x48, 0xF1, 0x3C, 0x08, 0x48, 0xF6, 0x10, 0xF0, 0x0C, 0xF2, 0x64, 0xF1, 0x8C
	.byte 0x08, 0x43, 0xF1, 0x28, 0x08, 0x43, 0xF1, 0xA0, 0xF6, 0x18, 0x08, 0x47, 0xF1, 0x28, 0x08, 0x47
	.byte 0xF1, 0x8C, 0xF6, 0x08, 0x08, 0x48, 0xF0, 0x01, 0xF2, 0x64, 0xF1, 0x8C, 0x10, 0x44, 0x08, 0x44
	.byte 0xF1, 0x3C, 0x08, 0x44, 0xF1, 0x8C, 0xF6, 0x08, 0x08, 0x44, 0xF1, 0x3C, 0x08, 0x44, 0xF1, 0x8C
	.byte 0xF6, 0x08, 0x08, 0x44, 0x10, 0x46, 0xF1, 0x3C, 0x08, 0x46, 0xF1, 0x8C, 0x10, 0x43, 0x08, 0x40
	.byte 0xF1, 0x3C, 0x08, 0x40, 0xF1, 0x8C, 0xF6, 0x08, 0x08, 0x40, 0x10, 0x3C, 0xF1, 0x3C, 0x10, 0x3C
	.byte 0xF1, 0x8C, 0xF6, 0x10, 0x08, 0x42, 0xF1, 0x3C, 0x08, 0x42, 0xF1, 0x8C, 0x08, 0x42, 0xF1, 0x3C
	.byte 0x08, 0x42, 0xF1, 0x8C, 0xF6, 0x08, 0x0C, 0x42, 0xF1, 0x3C, 0x0C, 0x42, 0xF1, 0x8C, 0x08, 0x42
	.byte 0x0C, 0x42, 0xF1, 0x3C, 0x0C, 0x42, 0xF1, 0x8C, 0x08, 0x47, 0xF1, 0x3C, 0x08, 0x47, 0xF6, 0x18
	.byte 0xF0, 0x0C, 0xF2, 0x64, 0xF1, 0x8C, 0x06, 0x43, 0xF1, 0x28, 0x02, 0x43, 0xF1, 0x8C, 0x08, 0x47
	.byte 0xF1, 0x28, 0x08, 0x47, 0xF1, 0xA0, 0xF6, 0x20, 0xF8, 0xF9, 0xFC, 0xFF, 0xF9, 0x4E, 0xF0, 0x27
	.byte 0xF1, 0xFF, 0x10, 0x30, 0xF1, 0x78, 0x08, 0x30, 0xF1, 0xFF, 0x08, 0x3C, 0xF1, 0x78, 0x08, 0x3C
	.byte 0xF1, 0xFF, 0xF6, 0x08, 0x10, 0x30, 0xF1, 0x78, 0x08, 0x30, 0xF1, 0xFF, 0x08, 0x3C, 0xF1, 0x78
	.byte 0x08, 0x3C, 0xF1, 0xFF, 0xF6, 0x08, 0x10, 0x30, 0xF1, 0x78, 0x08, 0x30, 0xF1, 0xFF, 0x08, 0x3C
	.byte 0xF1, 0x78, 0x08, 0x3C, 0xF1, 0xFF, 0x08, 0x30, 0xF1, 0x78, 0x08, 0x30, 0xF1, 0xFF, 0xF6, 0x08
	.byte 0x08, 0x30, 0x10, 0x3C, 0xF1, 0x78, 0x08, 0x3C, 0xF1, 0xFF, 0x10, 0x30, 0xF1, 0x78, 0x08, 0x30
	.byte 0xF1, 0xFF, 0x08, 0x3C, 0xF1, 0x78, 0x08, 0x3C, 0xF1, 0xFF, 0xF6, 0x18, 0x08, 0x35, 0x10, 0x29
	.byte 0x08, 0x2B, 0xF1, 0x78, 0x08, 0x2B, 0xF1, 0xFF, 0xF6, 0x58, 0x10, 0x30, 0xF1, 0x78, 0x08, 0x30
	.byte 0xF1, 0xFF, 0x08, 0x3C, 0xF1, 0x78, 0x08, 0x3C, 0xF1, 0xFF, 0xF6, 0x08, 0x10, 0x30, 0xF1, 0x78
	.byte 0x08, 0x30, 0xF1, 0xFF, 0x08, 0x3C, 0xF1, 0x78, 0x08, 0x3C, 0xF1, 0xFF, 0xF6, 0x08, 0x10, 0x29
	.byte 0xF1, 0x78, 0x08, 0x29, 0xF1, 0xFF, 0x08, 0x35, 0xF1, 0x78, 0x08, 0x35, 0xF1, 0xFF, 0x08, 0x29
	.byte 0xF1, 0x78, 0x08, 0x29, 0xF1, 0xFF, 0xF6, 0x08, 0x08, 0x29, 0x10, 0x35, 0xF1, 0x78, 0x08, 0x35
	.byte 0xF1, 0xFF, 0x10, 0x30, 0xF1, 0x78, 0x08, 0x30, 0xF1, 0xFF, 0x08, 0x3C, 0xF1, 0x78, 0x08, 0x3C
	.byte 0xF1, 0xFF, 0xF6, 0x08, 0x10, 0x29, 0x08, 0x35, 0x10, 0x29, 0x0C, 0x2B, 0xF1, 0x78, 0x0C, 0x2B
	.byte 0xF1, 0xFF, 0x0C, 0x2B, 0xF1, 0x78, 0x0C, 0x2B, 0xF1, 0xFF, 0x08, 0x37, 0x08, 0x2B, 0xF1, 0x78
	.byte 0x08, 0x2B, 0xF1, 0xFF, 0x08, 0x2B, 0x10, 0x37, 0xF1, 0x78, 0x08, 0x37, 0xF1, 0xFF, 0x10, 0x30
	.byte 0xF1, 0x78, 0x08, 0x30, 0xF1, 0xFF, 0x08, 0x3C, 0xF1, 0x78, 0x08, 0x3C, 0xF1, 0xFF, 0xF6, 0x08
	.byte 0x10, 0x30, 0xF1, 0x78, 0x08, 0x30, 0xF1, 0xFF, 0x08, 0x3C, 0xF1, 0x78, 0x08, 0x3C, 0xF1, 0xFF
	.byte 0xF6, 0x08, 0x10, 0x29, 0xF1, 0x78, 0x08, 0x29, 0xF1, 0xFF, 0x08, 0x35, 0xF1, 0x78, 0x08, 0x35
	.byte 0xF1, 0xFF, 0x08, 0x29, 0xF1, 0x78, 0x08, 0x29, 0xF1, 0xFF, 0xF6, 0x08, 0x08, 0x29, 0x10, 0x35
	.byte 0xF1, 0x78, 0x08, 0x35, 0xF1, 0xFF, 0x10, 0x30, 0xF1, 0x78, 0x08, 0x30, 0xF1, 0xFF, 0x08, 0x3C
	.byte 0xF1, 0x78, 0x08, 0x3C, 0xF1, 0xFF, 0xF6, 0x08, 0x10, 0x29, 0x08, 0x35, 0x10, 0x29, 0x08, 0x2B
	.byte 0xF1, 0x78, 0x08, 0x2B, 0xF1, 0xFF, 0xF6, 0x08, 0x08, 0x37, 0xF1, 0x78, 0x08, 0x37, 0xF1, 0xFF
	.byte 0xF6, 0x08, 0x08, 0x2B, 0x0C, 0x30, 0xF1, 0x78, 0x04, 0x30, 0xF1, 0xFF, 0x04, 0x30, 0xF1, 0x78
	.byte 0x04, 0x30, 0xF1, 0xFF, 0x08, 0x3C, 0xF1, 0x78, 0x08, 0x3C, 0xF1, 0xFF, 0xF6, 0x08, 0x18, 0x30
	.byte 0xF1, 0x78, 0x10, 0x30, 0xF1, 0xFF, 0x10, 0x37, 0xF1, 0x78, 0x08, 0x37, 0xF1, 0xFF, 0x08, 0x37
	.byte 0x0C, 0x3C, 0xF1, 0x78, 0x0C, 0x3C, 0xF1, 0xFF, 0x0C, 0x35, 0xF1, 0x78, 0x0C, 0x35, 0xF1, 0xFF
	.byte 0x0E, 0x3C, 0xF1, 0x78, 0x02, 0x3C, 0xF1, 0xFF, 0x08, 0x3C, 0xF1, 0x78, 0x08, 0x3C, 0xF1, 0xFF
	.byte 0xF6, 0x08, 0x08, 0x3C, 0x18, 0x35, 0x18, 0x30, 0xF1, 0x78, 0x10, 0x30, 0xF1, 0xFF, 0x10, 0x37
	.byte 0xF1, 0x78, 0x08, 0x37, 0xF1, 0xFF, 0x08, 0x37, 0x0C, 0x3C, 0xF1, 0x78, 0x08, 0x3C, 0xF1, 0xFF
	.byte 0xF6, 0x14, 0x08, 0x29, 0xF1, 0x78, 0x08, 0x29, 0xF1, 0xFF, 0xF6, 0x08, 0x08, 0x29, 0x10, 0x29
	.byte 0xF1, 0x78, 0x08, 0x29, 0xF1, 0xFF, 0x10, 0x2B, 0xF1, 0x78, 0x08, 0x2B, 0xF1, 0xFF, 0x18, 0x30
	.byte 0xF1, 0x78, 0x10, 0x30, 0xF1, 0xFF, 0x10, 0x37, 0xF1, 0x78, 0x08, 0x37, 0xF1, 0xFF, 0x08, 0x37
	.byte 0x0C, 0x3C, 0xF1, 0x78, 0x0C, 0x3C, 0xF1, 0xFF, 0x0C, 0x35, 0xF1, 0x78, 0x0C, 0x35, 0xF1, 0xFF
	.byte 0x0E, 0x3C, 0xF1, 0x78, 0x02, 0x3C, 0xF1, 0xFF, 0x08, 0x3C, 0xF1, 0x78, 0x08, 0x3C, 0xF1, 0xFF
	.byte 0xF6, 0x08, 0x08, 0x3C, 0x18, 0x35, 0x0C, 0x30, 0xF1, 0x78, 0x0C, 0x30, 0xF1, 0xFF, 0x08, 0x2C
	.byte 0xF1, 0x78, 0x08, 0x2C, 0xF1, 0xFF, 0xF6, 0x18, 0x10, 0x2E, 0xF1, 0x78, 0x10, 0x2E, 0xF1, 0xFF
	.byte 0x08, 0x30, 0xF1, 0x78, 0x08, 0x30, 0xF1, 0xFF, 0xF6, 0x18, 0x08, 0x37, 0x0C, 0x37, 0xF1, 0x78
	.byte 0x0C, 0x37, 0xF1, 0xFF, 0x18, 0x30, 0x10, 0x2C, 0xF1, 0x78, 0x08, 0x2C, 0xF1, 0xFF, 0x08, 0x2C
	.byte 0xF1, 0x78, 0x08, 0x2C, 0xF1, 0xFF, 0x08, 0x33, 0xF1, 0x78, 0x08, 0x33, 0xF1, 0xFF, 0xF6, 0x08
	.byte 0x08, 0x33, 0x10, 0x38, 0xF1, 0x78, 0x08, 0x38, 0xF1, 0xFF, 0x10, 0x37, 0xF1, 0x78, 0x08, 0x37
	.byte 0xF1, 0xFF, 0x08, 0x37, 0xF1, 0x78, 0x08, 0x37, 0xF1, 0xFF, 0x08, 0x30, 0xF1, 0x78, 0x08, 0x30
	.byte 0xF1, 0xFF, 0xF6, 0x08, 0x08, 0x30, 0x10, 0x2B, 0xF1, 0x78, 0x08, 0x2B, 0xF1, 0xFF, 0x10, 0x2C
	.byte 0xF1, 0x78, 0x08, 0x2C, 0xF1, 0xFF, 0x08, 0x2C, 0xF1, 0x78, 0x08, 0x2C, 0xF1, 0xFF, 0x08, 0x33
	.byte 0xF1, 0x78, 0x08, 0x33, 0xF1, 0xFF, 0xF6, 0x08, 0x08, 0x33, 0x10, 0x38, 0xF1, 0x78, 0x08, 0x38
	.byte 0xF1, 0xFF, 0x10, 0x37, 0xF1, 0x78, 0x08, 0x37, 0xF1, 0xFF, 0x08, 0x37, 0xF1, 0x78, 0x08, 0x37
	.byte 0xF1, 0xFF, 0x08, 0x30, 0xF1, 0x78, 0x08, 0x30, 0xF1, 0xFF, 0xF6, 0x08, 0x08, 0x30, 0x10, 0x2B
	.byte 0xF1, 0x78, 0x08, 0x2B, 0xF1, 0xFF, 0x10, 0x2C, 0xF1, 0x78, 0x08, 0x2C, 0xF1, 0xFF, 0x08, 0x2C
	.byte 0xF1, 0x78, 0x08, 0x2C, 0xF1, 0xFF, 0x08, 0x33, 0xF1, 0x78, 0x08, 0x33, 0xF1, 0xFF, 0xF6, 0x08
	.byte 0x08, 0x33, 0x10, 0x38, 0xF1, 0x78, 0x08, 0x38, 0xF1, 0xFF, 0x10, 0x37, 0xF1, 0x78, 0x08, 0x37
	.byte 0xF1, 0xFF, 0x08, 0x37, 0xF1, 0x78, 0x08, 0x37, 0xF1, 0xFF, 0x08, 0x30, 0xF1, 0x78, 0x08, 0x30
	.byte 0xF1, 0xFF, 0xF6, 0x08, 0x08, 0x30, 0x10, 0x2B, 0xF1, 0x78, 0x08, 0x2B, 0xF1, 0xFF, 0x0C, 0x2A
	.byte 0xF1, 0x78, 0x04, 0x2A, 0xF1, 0xFF, 0x08, 0x2B, 0xF1, 0x78, 0x08, 0x2B, 0xF1, 0xFF, 0xF6, 0x08
	.byte 0x10, 0x2D, 0xF1, 0x78, 0x08, 0x2D, 0xF1, 0xFF, 0x08, 0x2F, 0x0C, 0x30, 0xF1, 0x78, 0x04, 0x30
	.byte 0xF1, 0xFF, 0x08, 0x32, 0x08, 0x37, 0xF1, 0x78, 0x08, 0x37, 0xF1, 0xFF, 0xF6, 0x20, 0x00, 0xAB
	.byte 0x10, 0xF1, 0x78, 0x00, 0xAB, 0x10, 0xF1, 0x3C, 0x10, 0x2B, 0xF1, 0xFF, 0xF8, 0xFB, 0xFC, 0xFF
	.byte 0xF9, 0x4E, 0xF0, 0x16, 0xF2, 0x64, 0xF1, 0x46, 0x00, 0xC3, 0x0C, 0xF1, 0x28, 0x04, 0x43, 0xF1
	.byte 0x46, 0x00, 0xBC, 0x06, 0xF1, 0x28, 0x02, 0x3C, 0xF1, 0x46, 0x00, 0xC3, 0x10, 0xF1, 0x28, 0x08
	.byte 0x43, 0xF1, 0x46, 0x00, 0xC5, 0x0C, 0xF1, 0x28, 0x04, 0x45, 0xF1, 0x46, 0x00, 0xBC, 0x06, 0xF1
	.byte 0x28, 0x02, 0x3C, 0xF1, 0x46, 0x00, 0xC5, 0x10, 0xF1, 0x28, 0x08, 0x45, 0xF1, 0x46, 0x00, 0xC7
	.byte 0x0C, 0xF1, 0x28, 0x04, 0x47, 0xF1, 0x46, 0x00, 0xBE, 0x06, 0xF1, 0x28, 0x02, 0x3E, 0xF1, 0x46
	.byte 0x00, 0xC7, 0x0C, 0xF1, 0x28, 0x04, 0x47, 0xF1, 0x46, 0x00, 0xC5, 0x10, 0xF1, 0x28, 0x08, 0x45
	.byte 0xF1, 0x46, 0x00, 0xC4, 0x06, 0xF1, 0x28, 0x02, 0x44, 0xF1, 0x46, 0x00, 0xC5, 0x10, 0xF1, 0x28
	.byte 0x08, 0x45, 0xF1, 0x46, 0x00, 0xC3, 0x0C, 0xF1, 0x28, 0x04, 0x43, 0xF1, 0x46, 0x00, 0xBC, 0x06
	.byte 0xF1, 0x28, 0x02, 0x3C, 0xF1, 0x46, 0x00, 0xC3, 0x10, 0xF1, 0x28, 0x08, 0x43, 0xF1, 0x46, 0x00
	.byte 0xC5, 0x0C, 0xF1, 0x28, 0x04, 0x45, 0xF1, 0x46, 0x00, 0xBC, 0x06, 0xF1, 0x28, 0x02, 0x3C, 0xF1
	.byte 0x46, 0x00, 0xC5, 0x0C, 0xF1, 0x28, 0x04, 0x45, 0xF1, 0x46, 0x00, 0xC7, 0x06, 0xF1, 0x28, 0x06
	.byte 0x47, 0xF1, 0x46, 0xF6, 0x5C, 0x00, 0xC3, 0x0C, 0xF1, 0x28, 0x04, 0x43, 0xF1, 0x46, 0x00, 0xBC
	.byte 0x06, 0xF1, 0x28, 0x02, 0x3C, 0xF1, 0x46, 0x00, 0xC3, 0x10, 0xF1, 0x28, 0x08, 0x43, 0xF1, 0x46
	.byte 0x00, 0xC5, 0x0C, 0xF1, 0x28, 0x04, 0x45, 0xF1, 0x46, 0x00, 0xBC, 0x06, 0xF1, 0x28, 0x02, 0x3C
	.byte 0xF1, 0x46, 0x00, 0xC5, 0x10, 0xF1, 0x28, 0x08, 0x45, 0xF1, 0x46, 0x00, 0xC8, 0x0C, 0xF1, 0x28
	.byte 0x04, 0x48, 0xF1, 0x46, 0x00, 0xC1, 0x06, 0xF1, 0x28, 0x02, 0x41, 0xF1, 0x46, 0x00, 0xC8, 0x0C
	.byte 0xF1, 0x28, 0x04, 0x48, 0xF1, 0x46, 0x00, 0xCA, 0x10, 0xF1, 0x28, 0x08, 0x4A, 0xF1, 0x46, 0x00
	.byte 0xC9, 0x06, 0xF1, 0x28, 0x02, 0x49, 0xF1, 0x46, 0x00, 0xC8, 0x10, 0xF1, 0x28, 0x08, 0x48, 0xF1
	.byte 0x46, 0x00, 0xC3, 0x0C, 0xF1, 0x28, 0x04, 0x43, 0xF1, 0x46, 0x00, 0xBC, 0x06, 0xF1, 0x28, 0x02
	.byte 0x3C, 0xF1, 0x46, 0x00, 0xC3, 0x10, 0xF1, 0x28, 0x08, 0x43, 0xF1, 0x46, 0x00, 0xC5, 0x0C, 0xF1
	.byte 0x28, 0x04, 0x45, 0xF1, 0x46, 0x00, 0xBC, 0x06, 0xF1, 0x28, 0x02, 0x3C, 0xF1, 0x46, 0x10, 0x45
	.byte 0x00, 0xC8, 0x0C, 0xF1, 0x28, 0x0C, 0x48, 0xF1, 0x46, 0x00, 0xC8, 0x0C, 0xF1, 0x28, 0x0C, 0x48
	.byte 0xF1, 0x46, 0x00, 0xC8, 0x06, 0xF1, 0x28, 0x02, 0x48, 0xF1, 0x46, 0x10, 0x47, 0x00, 0xC8, 0x06
	.byte 0xF1, 0x28, 0x02, 0x48, 0xF1, 0x46, 0x00, 0xC7, 0x10, 0xF1, 0x28, 0x08, 0x47, 0xF1, 0x46, 0x00
	.byte 0xC3, 0x0C, 0xF1, 0x28, 0x04, 0x43, 0xF1, 0x46, 0x00, 0xBC, 0x06, 0xF1, 0x28, 0x02, 0x3C, 0xF1
	.byte 0x46, 0x00, 0xC3, 0x10, 0xF1, 0x28, 0x08, 0x43, 0xF1, 0x46, 0x00, 0xC5, 0x0C, 0xF1, 0x28, 0x04
	.byte 0x45, 0xF1, 0x46, 0x00, 0xBC, 0x06, 0xF1, 0x28, 0x02, 0x3C, 0xF1, 0x46, 0x00, 0xC5, 0x10, 0xF1
	.byte 0x28, 0x08, 0x45, 0xF1, 0x46, 0x00, 0xC8, 0x0C, 0xF1, 0x28, 0x04, 0x48, 0xF1, 0x46, 0x00, 0xC1
	.byte 0x06, 0xF1, 0x28, 0x02, 0x41, 0xF1, 0x46, 0x00, 0xC8, 0x0C, 0xF1, 0x28, 0x04, 0x48, 0xF1, 0x46
	.byte 0x00, 0xCA, 0x10, 0xF1, 0x28, 0x08, 0x4A, 0xF1, 0x46, 0x00, 0xC9, 0x06, 0xF1, 0x28, 0x02, 0x49
	.byte 0xF1, 0x46, 0x00, 0xC8, 0x10, 0xF1, 0x28, 0x08, 0x48, 0xF1, 0x46, 0x00, 0xC3, 0x0C, 0xF1, 0x28
	.byte 0x04, 0x43, 0xF1, 0x46, 0x00, 0xBC, 0x06, 0xF1, 0x28, 0x02, 0x3C, 0xF1, 0x46, 0x00, 0xC3, 0x10
	.byte 0xF1, 0x28, 0x08, 0x43, 0xF1, 0x46, 0x00, 0xC5, 0x0C, 0xF1, 0x28, 0x04, 0x45, 0xF1, 0x46, 0x00
	.byte 0xBC, 0x06, 0xF1, 0x28, 0x02, 0x3C, 0xF1, 0x46, 0x10, 0x45, 0x00, 0xC7, 0x0C, 0xF1, 0x28, 0x0C
	.byte 0x47, 0xF1, 0x46, 0x00, 0xC7, 0x0C, 0xF1, 0x28, 0x0C, 0x47, 0xF1, 0x46, 0x00, 0xC1, 0x06, 0xF1
	.byte 0x28, 0x02, 0x41, 0xF1, 0x46, 0x00, 0xC0, 0x10, 0xF1, 0x28, 0x10, 0x40, 0xF1, 0x46, 0xF6, 0x10
	.byte 0x30, 0x43, 0x30, 0x45, 0x30, 0x47, 0x30, 0x45, 0x30, 0x48, 0x30, 0x47, 0x00, 0xC5, 0x0C, 0xF1
	.byte 0x28, 0x0C, 0x45, 0xF1, 0x46, 0xF6, 0x30, 0x18, 0x41, 0x30, 0x43, 0x30, 0x45, 0x30, 0x47, 0x00
	.byte 0xC5, 0x30, 0xF1, 0x28, 0x0C, 0x45, 0xF1, 0x46, 0xF6, 0x0C, 0x00, 0xC8, 0x18, 0xF1, 0x28, 0x0C
	.byte 0x48, 0xF1, 0x46, 0xF6, 0x04, 0x00, 0xCA, 0x18, 0xF1, 0x28, 0x08, 0x4A, 0xF1, 0x46, 0x00, 0xCC
	.byte 0x10, 0xF1, 0x28, 0x10, 0x4C, 0xF1, 0x46, 0xF6, 0x28, 0x18, 0x43, 0x00, 0xC4, 0x0C, 0xF1, 0x28
	.byte 0x04, 0x44, 0xF1, 0x46, 0x00, 0xBC, 0x06, 0xF1, 0x28, 0x02, 0x3C, 0xF1, 0x46, 0x00, 0xC4, 0x10
	.byte 0xF1, 0x28, 0x10, 0x44, 0xF1, 0x46, 0xF6, 0x08, 0x00, 0xBC, 0x06, 0xF1, 0x28, 0x02, 0x3C, 0xF1
	.byte 0x46, 0x00, 0xC4, 0x10, 0xF1, 0x28, 0x08, 0x44, 0xF1, 0x46, 0x00, 0xC3, 0x0C, 0xF1, 0x28, 0x04
	.byte 0x43, 0xF1, 0x46, 0x00, 0xBC, 0x06, 0xF1, 0x28, 0x02, 0x3C, 0xF1, 0x46, 0x10, 0x43, 0x00, 0xBC
	.byte 0x0C, 0xF1, 0x28, 0x0C, 0x3C, 0xF1, 0x46, 0x00, 0xBC, 0x06, 0xF1, 0x28, 0x02, 0x3C, 0xF1, 0x46
	.byte 0x00, 0xC3, 0x10, 0xF1, 0x28, 0x08, 0x43, 0xF1, 0x46, 0x00, 0xC4, 0x0C, 0xF1, 0x28, 0x04, 0x44
	.byte 0xF1, 0x46, 0x00, 0xBC, 0x06, 0xF1, 0x28, 0x02, 0x3C, 0xF1, 0x46, 0x00, 0xC4, 0x10, 0xF1, 0x28
	.byte 0x10, 0x44, 0xF1, 0x46, 0xF6, 0x08, 0x00, 0xBC, 0x06, 0xF1, 0x28, 0x02, 0x3C, 0xF1, 0x46, 0x00
	.byte 0xC4, 0x10, 0xF1, 0x28, 0x08, 0x44, 0xF1, 0x46, 0x00, 0xC3, 0x0C, 0xF1, 0x28, 0x04, 0x43, 0xF1
	.byte 0x46, 0x00, 0xBC, 0x06, 0xF1, 0x28, 0x02, 0x3C, 0xF1, 0x46, 0x10, 0x43, 0x00, 0xBC, 0x0C, 0xF1
	.byte 0x28, 0x0C, 0x3C, 0xF1, 0x46, 0x00, 0xBC, 0x06, 0xF1, 0x28, 0x02, 0x3C, 0xF1, 0x46, 0x00, 0xC3
	.byte 0x10, 0xF1, 0x28, 0x08, 0x43, 0xF1, 0x46, 0x00, 0xC4, 0x0C, 0xF1, 0x28, 0x04, 0x44, 0xF1, 0x46
	.byte 0x00, 0xBC, 0x06, 0xF1, 0x28, 0x02, 0x3C, 0xF1, 0x46, 0x00, 0xC4, 0x10, 0xF1, 0x28, 0x10, 0x44
	.byte 0xF1, 0x46, 0xF1, 0x28, 0x08, 0x44, 0xF1, 0x46, 0x00, 0xBC, 0x06, 0xF1, 0x28, 0x02, 0x3C, 0xF1
	.byte 0x46, 0x00, 0xC4, 0x10, 0xF1, 0x28, 0x08, 0x44, 0xF1, 0x46, 0x00, 0xC3, 0x0C, 0xF1, 0x28, 0x04
	.byte 0x43, 0xF1, 0x46, 0x00, 0xBC, 0x06, 0xF1, 0x28, 0x02, 0x3C, 0xF1, 0x46, 0x10, 0x43, 0x00, 0xBC
	.byte 0x0C, 0xF1, 0x28, 0x0C, 0x3C, 0xF1, 0x46, 0x00, 0xBC, 0x06, 0xF1, 0x28, 0x02, 0x3C, 0xF1, 0x46
	.byte 0x00, 0xC3, 0x10, 0xF1, 0x28, 0x08, 0x43, 0xF1, 0x46, 0x00, 0xC2, 0x08, 0xF1, 0x28, 0x08, 0x42
	.byte 0xF1, 0x46, 0x00, 0xC2, 0x08, 0xF1, 0x28, 0x08, 0x42, 0xF1, 0x46, 0xF6, 0x08, 0x00, 0xC2, 0x0C
	.byte 0xF1, 0x28, 0x0C, 0x42, 0xF1, 0x46, 0x08, 0x42, 0x00, 0xC2, 0x0C, 0xF1, 0x28, 0x0C, 0x42, 0xF1
	.byte 0x46, 0x00, 0xC3, 0x08, 0xF1, 0x28, 0x08, 0x43, 0xF1, 0x46, 0xF6, 0x50, 0xF8, 0xD6, 0xFC, 0xFF
	.byte 0xF9, 0x4E, 0xF6, 0x01, 0xF0, 0xC2, 0xF2, 0x3C, 0xF1, 0x46, 0x0C, 0x40, 0xF1, 0x1E, 0x04, 0x40
	.byte 0xF1, 0x46, 0x06, 0x37, 0xF1, 0x1E, 0x02, 0x37, 0xF1, 0x46, 0x10, 0x40, 0xF1, 0x1E, 0x08, 0x40
	.byte 0xF1, 0x46, 0x0C, 0x41, 0xF1, 0x1E, 0x04, 0x41, 0xF1, 0x46, 0x06, 0x39, 0xF1, 0x1E, 0x02, 0x39
	.byte 0xF1, 0x46, 0x10, 0x41, 0xF1, 0x1E, 0x08, 0x41, 0xF1, 0x46, 0x0C, 0x43, 0xF1, 0x1E, 0x04, 0x43
	.byte 0xF1, 0x46, 0x06, 0x3B, 0xF1, 0x1E, 0x02, 0x3B, 0xF1, 0x46, 0x0C, 0x43, 0xF1, 0x1E, 0x04, 0x43
	.byte 0xF1, 0x46, 0x10, 0x41, 0xF1, 0x1E, 0x08, 0x41, 0xF1, 0x46, 0x06, 0x40, 0xF1, 0x1E, 0x02, 0x40
	.byte 0xF1, 0x46, 0x10, 0x41, 0xF1, 0x1E, 0x08, 0x41, 0xF1, 0x46, 0x0C, 0x40, 0xF1, 0x1E, 0x04, 0x40
	.byte 0xF1, 0x46, 0x06, 0x37, 0xF1, 0x1E, 0x02, 0x37, 0xF1, 0x46, 0x10, 0x40, 0xF1, 0x1E, 0x08, 0x40
	.byte 0xF1, 0x46, 0x0C, 0x41, 0xF1, 0x1E, 0x04, 0x41, 0xF1, 0x46, 0x06, 0x39, 0xF1, 0x1E, 0x02, 0x39
	.byte 0xF1, 0x46, 0x0C, 0x41, 0xF1, 0x1E, 0x04, 0x41, 0xF1, 0x46, 0x06, 0x3E, 0xF1, 0x1E, 0x06, 0x3E
	.byte 0xF1, 0x46, 0xF6, 0x5B, 0xF6, 0x01, 0x0C, 0x40, 0xF1, 0x1E, 0x04, 0x40, 0xF1, 0x46, 0x06, 0x37
	.byte 0xF1, 0x1E, 0x02, 0x37, 0xF1, 0x46, 0x10, 0x40, 0xF1, 0x1E, 0x08, 0x40, 0xF1, 0x46, 0x0C, 0x41
	.byte 0xF1, 0x1E, 0x04, 0x41, 0xF1, 0x46, 0x06, 0x39, 0xF1, 0x1E, 0x02, 0x39, 0xF1, 0x46, 0x10, 0x41
	.byte 0xF1, 0x1E, 0x08, 0x41, 0xF1, 0x46, 0x0C, 0x45, 0xF1, 0x1E, 0x04, 0x45, 0xF1, 0x46, 0x06, 0x3C
	.byte 0xF1, 0x1E, 0x02, 0x3C, 0xF1, 0x46, 0x0C, 0x45, 0xF1, 0x1E, 0x04, 0x45, 0xF1, 0x46, 0x10, 0x47
	.byte 0xF1, 0x1E, 0x08, 0x47, 0xF1, 0x46, 0x06, 0x46, 0xF1, 0x1E, 0x02, 0x46, 0xF1, 0x46, 0x10, 0x45
	.byte 0xF1, 0x1E, 0x08, 0x45, 0xF1, 0x46, 0x0C, 0x40, 0xF1, 0x1E, 0x04, 0x40, 0xF1, 0x46, 0x06, 0x37
	.byte 0xF1, 0x1E, 0x02, 0x37, 0xF1, 0x46, 0x10, 0x40, 0xF1, 0x1E, 0x08, 0x40, 0xF1, 0x46, 0x0C, 0x41
	.byte 0xF1, 0x1E, 0x04, 0x41, 0xF1, 0x46, 0x06, 0x39, 0xF1, 0x1E, 0x02, 0x39, 0xF1, 0x46, 0x10, 0x41
	.byte 0x0C, 0x43, 0xF1, 0x1E, 0x0C, 0x43, 0xF1, 0x46, 0x0C, 0x43, 0xF1, 0x1E, 0x0C, 0x43, 0xF1, 0x46
	.byte 0x06, 0x43, 0xF1, 0x1E, 0x02, 0x43, 0xF1, 0x46, 0x10, 0x43, 0x06, 0x45, 0xF1, 0x1E, 0x02, 0x45
	.byte 0xF1, 0x46, 0x10, 0x43, 0xF1, 0x1E, 0x08, 0x43, 0xF1, 0x46, 0x0C, 0x40, 0xF1, 0x1E, 0x04, 0x40
	.byte 0xF1, 0x46, 0x06, 0x37, 0xF1, 0x1E, 0x02, 0x37, 0xF1, 0x46, 0x10, 0x40, 0xF1, 0x1E, 0x08, 0x40
	.byte 0xF1, 0x46, 0x0C, 0x41, 0xF1, 0x1E, 0x04, 0x41, 0xF1, 0x46, 0x06, 0x39, 0xF1, 0x1E, 0x02, 0x39
	.byte 0xF1, 0x46, 0x10, 0x41, 0xF1, 0x1E, 0x08, 0x41, 0xF1, 0x46, 0x0C, 0x45, 0xF1, 0x1E, 0x04, 0x45
	.byte 0xF1, 0x46, 0x06, 0x3C, 0xF1, 0x1E, 0x02, 0x3C, 0xF1, 0x46, 0x0C, 0x45, 0xF1, 0x1E, 0x04, 0x45
	.byte 0xF1, 0x46, 0x10, 0x47, 0xF1, 0x1E, 0x08, 0x47, 0xF1, 0x46, 0x06, 0x46, 0xF1, 0x1E, 0x02, 0x46
	.byte 0xF1, 0x46, 0x10, 0x45, 0xF1, 0x1E, 0x08, 0x45, 0xF1, 0x46, 0x0C, 0x40, 0xF1, 0x1E, 0x04, 0x40
	.byte 0xF1, 0x46, 0x06, 0x37, 0xF1, 0x1E, 0x02, 0x37, 0xF1, 0x46, 0x10, 0x40, 0xF1, 0x1E, 0x08, 0x40
	.byte 0xF1, 0x46, 0x0C, 0x41, 0xF1, 0x1E, 0x04, 0x41, 0xF1, 0x46, 0x06, 0x39, 0xF1, 0x1E, 0x02, 0x39
	.byte 0xF1, 0x46, 0x10, 0x41, 0x0C, 0x41, 0xF1, 0x1E, 0x0C, 0x41, 0xF1, 0x46, 0x0C, 0x41, 0xF1, 0x1E
	.byte 0x0C, 0x41, 0xF1, 0x46, 0x06, 0x3E, 0xF1, 0x1E, 0x02, 0x3E, 0xF1, 0x46, 0x10, 0x3C, 0xF1, 0x1E
	.byte 0x10, 0x3C, 0xF1, 0x46, 0xF6, 0x10, 0x30, 0x40, 0x30, 0x41, 0x30, 0x43, 0x30, 0x41, 0x30, 0x43
	.byte 0x30, 0x43, 0x0C, 0x41, 0xF1, 0x1E, 0x0C, 0x41, 0xF1, 0x46, 0xF6, 0x30, 0x18, 0x3E, 0x30, 0x40
	.byte 0x30, 0x41, 0x30, 0x43, 0x30, 0x41, 0xF1, 0x1E, 0x0C, 0x41, 0xF1, 0x46, 0xF6, 0x0C, 0x18, 0x44
	.byte 0xF1, 0x1E, 0x10, 0x44, 0xF1, 0x46, 0x18, 0x46, 0xF1, 0x1E, 0x08, 0x46, 0xF1, 0x46, 0x10, 0x48
	.byte 0xF1, 0x1E, 0x10, 0x48, 0xF1, 0x46, 0xF6, 0x28, 0x18, 0x40, 0x0C, 0x3F, 0xF1, 0x1E, 0x04, 0x3F
	.byte 0xF1, 0x46, 0x06, 0x38, 0xF1, 0x1E, 0x02, 0x38, 0xF1, 0x46, 0x10, 0x3F, 0xF1, 0x1E, 0x10, 0x3F
	.byte 0xF1, 0x46, 0xF6, 0x08, 0x06, 0x38, 0xF1, 0x1E, 0x02, 0x38, 0xF1, 0x46, 0x10, 0x41, 0xF1, 0x1E
	.byte 0x08, 0x41, 0xF1, 0x46, 0x0C, 0x40, 0xF1, 0x1E, 0x04, 0x40, 0xF1, 0x46, 0x06, 0x37, 0xF1, 0x1E
	.byte 0x02, 0x37, 0xF1, 0x46, 0x10, 0x40, 0x0C, 0x37, 0xF1, 0x1E, 0x0C, 0x37, 0xF1, 0x46, 0x06, 0x37
	.byte 0xF1, 0x1E, 0x02, 0x37, 0xF1, 0x46, 0x10, 0x40, 0xF1, 0x1E, 0x08, 0x40, 0xF1, 0x46, 0x0C, 0x3F
	.byte 0xF1, 0x1E, 0x04, 0x3F, 0xF1, 0x46, 0x06, 0x38, 0xF1, 0x1E, 0x02, 0x38, 0xF1, 0x46, 0x10, 0x3F
	.byte 0xF1, 0x1E, 0x10, 0x3F, 0xF1, 0x46, 0xF6, 0x08, 0x06, 0x38, 0xF1, 0x1E, 0x02, 0x38, 0xF1, 0x46
	.byte 0x10, 0x41, 0xF1, 0x1E, 0x08, 0x41, 0xF1, 0x46, 0x0C, 0x40, 0xF1, 0x1E, 0x04, 0x40, 0xF1, 0x46
	.byte 0x06, 0x37, 0xF1, 0x1E, 0x02, 0x37, 0xF1, 0x46, 0x10, 0x40, 0x0C, 0x37, 0xF1, 0x1E, 0x0C, 0x37
	.byte 0xF1, 0x46, 0x06, 0x37, 0xF1, 0x1E, 0x02, 0x37, 0xF1, 0x46, 0x10, 0x40, 0xF1, 0x1E, 0x08, 0x40
	.byte 0xF1, 0x46, 0x0C, 0x3F, 0xF1, 0x1E, 0x04, 0x3F, 0xF1, 0x46, 0x06, 0x38, 0xF1, 0x1E, 0x02, 0x33
	.byte 0xF1, 0x46, 0x10, 0x3F, 0xF1, 0x1E, 0x10, 0x3F, 0xF1, 0x46, 0xF6, 0x08, 0x06, 0x38, 0xF1, 0x1E
	.byte 0x02, 0x38, 0xF1, 0x46, 0x10, 0x41, 0xF1, 0x1E, 0x08, 0x41, 0xF1, 0x46, 0x0C, 0x40, 0xF1, 0x1E
	.byte 0x04, 0x40, 0xF1, 0x46, 0x06, 0x37, 0xF1, 0x1E, 0x02, 0x37, 0xF1, 0x46, 0x10, 0x40, 0x0C, 0x37
	.byte 0xF1, 0x1E, 0x0C, 0x37, 0xF1, 0x46, 0x06, 0x37, 0xF1, 0x1E, 0x02, 0x37, 0xF1, 0x46, 0x10, 0x40
	.byte 0xF1, 0x1E, 0x08, 0x40, 0xF1, 0x46, 0x08, 0x3E, 0xF1, 0x1E, 0x08, 0x3E, 0xF1, 0x46, 0x08, 0x3E
	.byte 0xF1, 0x1E, 0x08, 0x3E, 0xF1, 0x46, 0xF6, 0x08, 0x0C, 0x3E, 0xF1, 0x1E, 0x0C, 0x3E, 0xF1, 0x46
	.byte 0x08, 0x3E, 0x0C, 0x3E, 0xF1, 0x1E, 0x0C, 0x3E, 0xF1, 0x46, 0x08, 0x3E, 0xF1, 0x1E, 0x08, 0x3E
	.byte 0xF1, 0x46, 0xF6, 0x4F, 0xF8, 0x2D, 0xFD, 0xFF, 0xF9, 0x4E, 0xF6, 0x01, 0xF0, 0x00, 0xF1, 0xA0
	.byte 0x18, 0x24, 0xF1, 0x64, 0x10, 0x28, 0x18, 0x28, 0x08, 0x28, 0x10, 0x28, 0x04, 0x28, 0x04, 0x28
	.byte 0xF1, 0xA0, 0x18, 0x24, 0xF1, 0x64, 0x10, 0x28, 0xF1, 0xA0, 0x18, 0x24, 0x08, 0x24, 0xF6, 0x08
	.byte 0xF1, 0x64, 0x08, 0x28, 0x08, 0x28, 0xF1, 0xA0, 0x18, 0x24, 0xF1, 0x64, 0x10, 0x28, 0x18, 0x28
	.byte 0x08, 0x28, 0x10, 0x28, 0xF1, 0xA0, 0x48, 0x24, 0xF6, 0x18, 0xF1, 0x64, 0x04, 0x28, 0x03, 0x28
	.byte 0xF6, 0x01, 0x18, 0x24, 0x10, 0x28, 0x18, 0x28, 0x08, 0x28, 0x10, 0x28, 0x04, 0x28, 0x04, 0x28
	.byte 0x18, 0x24, 0x10, 0x28, 0x18, 0x24, 0x08, 0x24, 0xF6, 0x08, 0x08, 0x28, 0x08, 0x28, 0x18, 0x24
	.byte 0x10, 0x28, 0x18, 0x28, 0x08, 0x28, 0x10, 0x28, 0x04, 0x28, 0x04, 0x28, 0x18, 0x24, 0x10, 0x28
	.byte 0x18, 0x24, 0x08, 0x24, 0xF6, 0x08, 0x08, 0x28, 0x08, 0x28, 0x18, 0x24, 0x10, 0x28, 0x18, 0x28
	.byte 0x08, 0x28, 0x10, 0x28, 0x04, 0x28, 0x04, 0x28, 0x18, 0x24, 0x10, 0x28, 0x18, 0x24, 0x08, 0x24
	.byte 0xF6, 0x08, 0x08, 0x28, 0x08, 0x28, 0x18, 0x24, 0x10, 0x28, 0x18, 0x28, 0x08, 0x28, 0x10, 0x28
	.byte 0x18, 0x24, 0x18, 0x28, 0x04, 0x24, 0x04, 0x28, 0x10, 0x28, 0x08, 0x24, 0xF6, 0x08, 0x08, 0x28
	.byte 0x08, 0x28, 0x18, 0x24, 0x10, 0x28, 0x18, 0x28, 0x08, 0x28, 0x10, 0x28, 0x04, 0x28, 0x04, 0x28
	.byte 0x18, 0x24, 0x10, 0x28, 0x18, 0x24, 0x08, 0x24, 0xF6, 0x08, 0x08, 0x28, 0x08, 0x28, 0x18, 0x24
	.byte 0x10, 0x28, 0x18, 0x28, 0x08, 0x28, 0x10, 0x28, 0x04, 0x28, 0x04, 0x28, 0x10, 0x24, 0x08, 0x28
	.byte 0x10, 0x24, 0x08, 0x28, 0x10, 0x28, 0xF6, 0x18, 0x04, 0x28, 0x04, 0x28, 0x18, 0x24, 0x10, 0x28
	.byte 0x18, 0x28, 0x08, 0x28, 0x10, 0x28, 0x04, 0x28, 0x04, 0x28, 0x18, 0x24, 0x10, 0x28, 0x18, 0x24
	.byte 0x08, 0x24, 0xF6, 0x08, 0x08, 0x28, 0x08, 0x28, 0x18, 0x24, 0x20, 0x24, 0x08, 0x28, 0x08, 0x28
	.byte 0x10, 0x28, 0x04, 0x28, 0x04, 0x28, 0x28, 0x24, 0x18, 0x24, 0x08, 0x24, 0xF6, 0x10, 0x04, 0x28
	.byte 0x04, 0x28, 0x18, 0x24, 0x10, 0x28, 0x18, 0x28, 0x08, 0x28, 0x10, 0x28, 0x04, 0x28, 0x04, 0x28
	.byte 0x18, 0x24, 0x10, 0x28, 0x18, 0x24, 0x08, 0x24, 0xF6, 0x08, 0x08, 0x28, 0x08, 0x28, 0x18, 0x24
	.byte 0x10, 0x28, 0x18, 0x28, 0x08, 0x28, 0x10, 0x28, 0x04, 0x28, 0x04, 0x28, 0x18, 0x24, 0x10, 0x28
	.byte 0x18, 0x24, 0x08, 0x24, 0xF6, 0x08, 0x08, 0x28, 0x08, 0x28, 0x18, 0x24, 0x10, 0x28, 0x18, 0x28
	.byte 0x08, 0x28, 0x10, 0x28, 0x04, 0x28, 0x04, 0x28, 0x18, 0x24, 0x10, 0x28, 0x18, 0x24, 0x08, 0x24
	.byte 0xF6, 0x08, 0x08, 0x28, 0x08, 0x28, 0x18, 0x24, 0x10, 0x28, 0x18, 0x28, 0x08, 0x28, 0x10, 0x28
	.byte 0x04, 0x28, 0x04, 0x28, 0x40, 0x24, 0xF6, 0x18, 0x04, 0x28, 0x03, 0x28, 0xF8, 0xB1, 0xFE, 0xFF
	.byte 0xF9, 0x4E, 0xF0, 0x00, 0xF2, 0x8C, 0xF1, 0x46, 0xF6, 0x18, 0x10, 0x2C, 0x08, 0x2C, 0x18, 0x2E
	.byte 0x10, 0x2C, 0x08, 0x2C, 0xF6, 0x18, 0x10, 0x2C, 0x08, 0x2C, 0x10, 0x2E, 0x08, 0x2C, 0x10, 0x2C
	.byte 0x08, 0x2C, 0xF6, 0x18, 0x10, 0x2C, 0x08, 0x2C, 0x18, 0x2E, 0x10, 0x2C, 0xF6, 0x30, 0x08, 0x2C
	.byte 0xF6, 0x18, 0x10, 0x2C, 0x08, 0x2C, 0xF6, 0x18, 0x10, 0x2C, 0x08, 0x2C, 0x18, 0x2E, 0x10, 0x2C
	.byte 0x08, 0x2C, 0xF6, 0x18, 0x10, 0x2C, 0x08, 0x2C, 0x10, 0x2E, 0x08, 0x2C, 0x10, 0x2C, 0x08, 0x2C
	.byte 0xF6, 0x18, 0x10, 0x2C, 0x08, 0x2C, 0x18, 0x2E, 0x10, 0x2C, 0x08, 0x2C, 0xF6, 0x18, 0x10, 0x2C
	.byte 0x08, 0x2C, 0x10, 0x2E, 0x08, 0x2C, 0x10, 0x2C, 0x08, 0x2C, 0xF6, 0x18, 0x10, 0x2C, 0x08, 0x2C
	.byte 0x18, 0x2E, 0x10, 0x2C, 0x08, 0x2C, 0xF6, 0x18, 0x10, 0x2C, 0x08, 0x2C, 0x10, 0x2E, 0x08, 0x2C
	.byte 0x10, 0x2C, 0x08, 0x2C, 0xF6, 0x18, 0x10, 0x2C, 0x08, 0x2C, 0x18, 0x2E, 0x10, 0x2C, 0xF6, 0x18
	.byte 0x08, 0x2C, 0x10, 0x2E, 0x08, 0x2C, 0x10, 0x2E, 0x08, 0x2C, 0x10, 0x2C, 0x08, 0x2C, 0xF6, 0x18
	.byte 0x10, 0x2C, 0x08, 0x2C, 0x18, 0x2E, 0x10, 0x2C, 0x08, 0x2C, 0xF6, 0x10, 0x08, 0x2C, 0x10, 0x2C
	.byte 0x08, 0x2C, 0x10, 0x2E, 0x08, 0x2C, 0x10, 0x2C, 0x08, 0x2C, 0xF6, 0x18, 0x10, 0x2C, 0x08, 0x2C
	.byte 0x18, 0x2E, 0x10, 0x2C, 0x08, 0x2C, 0xF6, 0x10, 0x18, 0x2C, 0x08, 0x2C, 0x18, 0x2E, 0x10, 0x2C
	.byte 0x08, 0x2C, 0xF6, 0x18, 0x10, 0x2C, 0x08, 0x2C, 0x18, 0x2E, 0x10, 0x2C, 0x08, 0x2C, 0xF6, 0x10
	.byte 0x08, 0x2C, 0x10, 0x2C, 0x08, 0x2C, 0x10, 0x2E, 0x08, 0x2C, 0x10, 0x2C, 0x08, 0x2C, 0xF6, 0x18
	.byte 0x10, 0x2C, 0x08, 0x2C, 0x18, 0x2E, 0x10, 0x2C, 0x08, 0x2C, 0xF6, 0x28, 0x08, 0x2C, 0x10, 0x2E
	.byte 0x08, 0x2C, 0x10, 0x2C, 0x08, 0x2C, 0xF6, 0x18, 0x10, 0x2C, 0x08, 0x2C, 0x18, 0x2E, 0x10, 0x2C
	.byte 0x08, 0x2C, 0xF6, 0x18, 0x10, 0x2C, 0x08, 0x2C, 0x10, 0x2E, 0x08, 0x2C, 0x10, 0x2C, 0x08, 0x2C
	.byte 0xF6, 0x18, 0x10, 0x2C, 0x08, 0x2C, 0x18, 0x2E, 0x10, 0x2C, 0x08, 0x2C, 0xF6, 0x18, 0x10, 0x2C
	.byte 0x08, 0x2C, 0x10, 0x2E, 0x08, 0x2C, 0x10, 0x2C, 0x08, 0x2C, 0xF6, 0x18, 0x10, 0x2C, 0x08, 0x2C
	.byte 0x18, 0x2E, 0x10, 0x2C, 0x08, 0x2C, 0xF6, 0x18, 0x10, 0x2C, 0x08, 0x2C, 0x10, 0x2E, 0x08, 0x2C
	.byte 0x10, 0x2C, 0x08, 0x2C, 0xF6, 0x18, 0x10, 0x2C, 0x18, 0x2E, 0x08, 0x2C, 0x18, 0x2E, 0xF6, 0x28
	.byte 0x08, 0x2C, 0xF6, 0x18, 0x10, 0x2C, 0xF6, 0x08, 0xF8, 0xCB, 0xFE, 0xFF, 0xF9, 0x4E, 0xF6, 0x02
	.byte 0xF0, 0xC2, 0xF2, 0xB4, 0xF1, 0x3C, 0x0C, 0x43, 0xF1, 0x1E, 0x04, 0x43, 0xF1, 0x3C, 0x06, 0x3C
	.byte 0xF1, 0x1E, 0x02, 0x3C, 0xF1, 0x3C, 0x10, 0x43, 0xF1, 0x1E, 0x08, 0x43, 0xF1, 0x3C, 0x0C, 0x45
	.byte 0xF1, 0x1E, 0x04, 0x45, 0xF1, 0x3C, 0x06, 0x3C, 0xF1, 0x1E, 0x02, 0x3C, 0xF1, 0x3C, 0x10, 0x45
	.byte 0xF1, 0x1E, 0x08, 0x45, 0xF1, 0x3C, 0x0C, 0x47, 0xF1, 0x1E, 0x04, 0x47, 0xF1, 0x3C, 0x06, 0x3E
	.byte 0xF1, 0x1E, 0x02, 0x3E, 0xF1, 0x3C, 0x0C, 0x47, 0xF1, 0x1E, 0x04, 0x47, 0xF1, 0x3C, 0x10, 0x45
	.byte 0xF1, 0x1E, 0x08, 0x45, 0xF1, 0x3C, 0x06, 0x44, 0xF1, 0x1E, 0x02, 0x44, 0xF1, 0x3C, 0x10, 0x45
	.byte 0xF1, 0x1E, 0x08, 0x45, 0xF1, 0x3C, 0x0C, 0x43, 0xF1, 0x1E, 0x04, 0x43, 0xF1, 0x3C, 0x06, 0x3C
	.byte 0xF1, 0x1E, 0x02, 0x3C, 0xF1, 0x3C, 0x10, 0x43, 0xF1, 0x1E, 0x08, 0x43, 0xF1, 0x3C, 0x0C, 0x45
	.byte 0xF1, 0x1E, 0x04, 0x45, 0xF1, 0x3C, 0x06, 0x3C, 0xF1, 0x1E, 0x02, 0x3C, 0xF1, 0x3C, 0x0C, 0x45
	.byte 0xF1, 0x1E, 0x04, 0x45, 0xF1, 0x3C, 0x06, 0x47, 0xF1, 0x1E, 0x06, 0x47, 0xF1, 0x3C, 0xF6, 0x5A
	.byte 0xF6, 0x02, 0x0C, 0x43, 0xF1, 0x1E, 0x04, 0x43, 0xF1, 0x3C, 0x06, 0x3C, 0xF1, 0x1E, 0x02, 0x3C
	.byte 0xF1, 0x3C, 0x10, 0x43, 0xF1, 0x1E, 0x08, 0x43, 0xF1, 0x3C, 0x0C, 0x45, 0xF1, 0x1E, 0x04, 0x45
	.byte 0xF1, 0x3C, 0x06, 0x3C, 0xF1, 0x1E, 0x02, 0x3C, 0xF1, 0x3C, 0x10, 0x45, 0xF1, 0x1E, 0x08, 0x45
	.byte 0xF1, 0x3C, 0x0C, 0x48, 0xF1, 0x1E, 0x04, 0x48, 0xF1, 0x3C, 0x06, 0x41, 0xF1, 0x1E, 0x02, 0x41
	.byte 0xF1, 0x3C, 0x0C, 0x48, 0xF1, 0x1E, 0x04, 0x48, 0xF1, 0x3C, 0x10, 0x4A, 0xF1, 0x1E, 0x08, 0x4A
	.byte 0xF1, 0x3C, 0x06, 0x49, 0xF1, 0x1E, 0x02, 0x49, 0xF1, 0x3C, 0x10, 0x48, 0xF1, 0x1E, 0x08, 0x48
	.byte 0xF1, 0x3C, 0x0C, 0x43, 0xF1, 0x1E, 0x04, 0x43, 0xF1, 0x3C, 0x06, 0x3C, 0xF1, 0x1E, 0x02, 0x3C
	.byte 0xF1, 0x3C, 0x10, 0x43, 0xF1, 0x1E, 0x08, 0x43, 0xF1, 0x3C, 0x0C, 0x45, 0xF1, 0x1E, 0x04, 0x45
	.byte 0xF1, 0x3C, 0x06, 0x3C, 0xF1, 0x1E, 0x02, 0x3C, 0xF1, 0x3C, 0x10, 0x45, 0x0C, 0x48, 0xF1, 0x1E
	.byte 0x0C, 0x48, 0xF1, 0x3C, 0x0C, 0x48, 0xF1, 0x1E, 0x0C, 0x48, 0xF1, 0x3C, 0x06, 0x48, 0xF1, 0x1E
	.byte 0x02, 0x48, 0xF1, 0x3C, 0x10, 0x47, 0x06, 0x48, 0xF1, 0x1E, 0x02, 0x48, 0xF1, 0x3C, 0x10, 0x47
	.byte 0xF1, 0x1E, 0x08, 0x47, 0xF1, 0x3C, 0x0C, 0x43, 0xF1, 0x1E, 0x04, 0x43, 0xF1, 0x3C, 0x06, 0x3C
	.byte 0xF1, 0x1E, 0x02, 0x3C, 0xF1, 0x3C, 0x10, 0x43, 0xF1, 0x1E, 0x08, 0x43, 0xF1, 0x3C, 0x0C, 0x45
	.byte 0xF1, 0x1E, 0x04, 0x45, 0xF1, 0x3C, 0x06, 0x3C, 0xF1, 0x1E, 0x02, 0x3C, 0xF1, 0x3C, 0x10, 0x45
	.byte 0xF1, 0x1E, 0x08, 0x45, 0xF1, 0x3C, 0x0C, 0x48, 0xF1, 0x1E, 0x04, 0x48, 0xF1, 0x3C, 0x06, 0x41
	.byte 0xF1, 0x1E, 0x02, 0x41, 0xF1, 0x3C, 0x0C, 0x48, 0xF1, 0x1E, 0x04, 0x48, 0xF1, 0x3C, 0x10, 0x4A
	.byte 0xF1, 0x1E, 0x08, 0x4A, 0xF1, 0x3C, 0x06, 0x49, 0xF1, 0x1E, 0x02, 0x49, 0xF1, 0x3C, 0x10, 0x48
	.byte 0xF1, 0x1E, 0x08, 0x48, 0xF1, 0x3C, 0x0C, 0x43, 0xF1, 0x1E, 0x04, 0x43, 0xF1, 0x3C, 0x06, 0x3C
	.byte 0xF1, 0x1E, 0x02, 0x3C, 0xF1, 0x3C, 0x10, 0x43, 0xF1, 0x1E, 0x08, 0x43, 0xF1, 0x3C, 0x0C, 0x45
	.byte 0xF1, 0x1E, 0x04, 0x45, 0xF1, 0x3C, 0x06, 0x3C, 0xF1, 0x1E, 0x02, 0x3C, 0xF1, 0x3C, 0x10, 0x45
	.byte 0x0C, 0x47, 0xF1, 0x1E, 0x0C, 0x47, 0xF1, 0x3C, 0x0C, 0x47, 0xF1, 0x1E, 0x0C, 0x47, 0xF1, 0x3C
	.byte 0x06, 0x41, 0xF1, 0x1E, 0x02, 0x41, 0xF1, 0x3C, 0x10, 0x40, 0xF1, 0x1E, 0x10, 0x40, 0xF1, 0x3C
	.byte 0xF6, 0x10, 0x30, 0x43, 0x30, 0x45, 0x30, 0x47, 0x30, 0x45, 0x30, 0x48, 0x30, 0x47, 0x0C, 0x45
	.byte 0xF1, 0x1E, 0x0C, 0x45, 0xF1, 0x3C, 0xF6, 0x30, 0x18, 0x41, 0x30, 0x43, 0x30, 0x45, 0x30, 0x47
	.byte 0x30, 0x45, 0xF1, 0x1E, 0x0C, 0x45, 0xF1, 0x3C, 0xF6, 0x0C, 0x18, 0x48, 0xF1, 0x1E, 0x0C, 0x48
	.byte 0xF1, 0x3C, 0xF6, 0x04, 0x18, 0x4A, 0xF1, 0x1E, 0x08, 0x4A, 0xF1, 0x3C, 0x10, 0x4C, 0xF1, 0x1E
	.byte 0x10, 0x4C, 0xF1, 0x3C, 0xF6, 0x28, 0x18, 0x43, 0x0C, 0x44, 0xF1, 0x1E, 0x04, 0x44, 0xF1, 0x3C
	.byte 0x06, 0x3C, 0xF1, 0x1E, 0x02, 0x3C, 0xF1, 0x3C, 0x10, 0x44, 0xF1, 0x1E, 0x10, 0x44, 0xF1, 0x3C
	.byte 0xF6, 0x08, 0x06, 0x3C, 0xF1, 0x1E, 0x02, 0x3C, 0xF1, 0x3C, 0x10, 0x44, 0xF1, 0x1E, 0x08, 0x44
	.byte 0xF1, 0x3C, 0x0C, 0x43, 0xF1, 0x1E, 0x04, 0x43, 0xF1, 0x3C, 0x06, 0x3C, 0xF1, 0x1E, 0x02, 0x3C
	.byte 0xF1, 0x3C, 0x10, 0x43, 0x0C, 0x3C, 0xF1, 0x1E, 0x0C, 0x3C, 0xF1, 0x3C, 0x06, 0x3C, 0xF1, 0x1E
	.byte 0x02, 0x3C, 0xF1, 0x3C, 0x10, 0x43, 0xF1, 0x1E, 0x08, 0x43, 0xF1, 0x3C, 0x0C, 0x44, 0xF1, 0x1E
	.byte 0x04, 0x44, 0xF1, 0x3C, 0x06, 0x3C, 0xF1, 0x1E, 0x02, 0x3C, 0xF1, 0x3C, 0x10, 0x44, 0xF1, 0x1E
	.byte 0x10, 0x44, 0xF1, 0x3C, 0xF6, 0x08, 0x06, 0x3C, 0xF1, 0x1E, 0x02, 0x3C, 0xF1, 0x3C, 0x10, 0x44
	.byte 0xF1, 0x1E, 0x08, 0x44, 0xF1, 0x3C, 0x0C, 0x43, 0xF1, 0x1E, 0x04, 0x43, 0xF1, 0x3C, 0x06, 0x3C
	.byte 0xF1, 0x1E, 0x02, 0x3C, 0xF1, 0x3C, 0x10, 0x43, 0x0C, 0x3C, 0xF1, 0x1E, 0x0C, 0x3C, 0xF1, 0x3C
	.byte 0x06, 0x3C, 0xF1, 0x1E, 0x02, 0x3C, 0xF1, 0x3C, 0x10, 0x43, 0xF1, 0x1E, 0x08, 0x43, 0xF1, 0x3C
	.byte 0x0C, 0x44, 0xF1, 0x1E, 0x04, 0x44, 0xF1, 0x3C, 0x06, 0x3C, 0xF1, 0x1E, 0x02, 0x3C, 0xF1, 0x3C
	.byte 0x10, 0x44, 0xF1, 0x1E, 0x10, 0x44, 0xF1, 0x3C, 0xF1, 0x1E, 0x08, 0x44, 0xF1, 0x3C, 0x06, 0x3C
	.byte 0xF1, 0x1E, 0x02, 0x3C, 0xF1, 0x3C, 0x10, 0x44, 0xF1, 0x1E, 0x08, 0x44, 0xF1, 0x3C, 0x0C, 0x43
	.byte 0xF1, 0x1E, 0x04, 0x43, 0xF1, 0x3C, 0x06, 0x3C, 0xF1, 0x1E, 0x02, 0x3C, 0xF1, 0x3C, 0x10, 0x43
	.byte 0x0C, 0x3C, 0xF1, 0x1E, 0x0C, 0x3C, 0xF1, 0x3C, 0x06, 0x3C, 0xF1, 0x1E, 0x02, 0x3C, 0xF1, 0x3C
	.byte 0x10, 0x43, 0xF1, 0x1E, 0x08, 0x43, 0xF1, 0x3C, 0x08, 0x42, 0xF1, 0x1E, 0x08, 0x42, 0xF1, 0x3C
	.byte 0x08, 0x42, 0xF1, 0x1E, 0x08, 0x42, 0xF1, 0x3C, 0xF6, 0x08, 0x0C, 0x42, 0xF1, 0x1E, 0x0C, 0x42
	.byte 0xF1, 0x3C, 0x08, 0x42, 0x0C, 0x42, 0xF1, 0x1E, 0x0C, 0x42, 0xF1, 0x3C, 0x08, 0x43, 0xF1, 0x1E
	.byte 0x08, 0x43, 0xF1, 0x3C, 0xF6, 0x4E, 0xF8, 0x27, 0xFD, 0xFF, 0x00, 0x00, 0x00, 0x0C, 0x06, 0x00
	.byte 0x15, 0x00, 0xF0, 0xC6, 0xF6, 0x0C, 0xF1, 0x41, 0x08, 0x53, 0x18, 0x58, 0xF1, 0x14, 0x08, 0x58
	.byte 0xFF, 0xF0, 0xC3, 0xF1, 0xC8, 0x04, 0x40, 0xF1, 0x64, 0x04, 0x40, 0xF1, 0x28, 0x04, 0x40, 0xF1
	.byte 0x14, 0x04, 0x40, 0xFF, 0x00, 0x0C, 0x06, 0x00, 0x7B, 0x00, 0xF0, 0xC6, 0xF1, 0x50, 0x02, 0x75
	.byte 0xF6, 0x02, 0x02, 0x6E, 0xF6, 0x02, 0x02, 0x69, 0xF6, 0x02, 0x02, 0x62, 0xF6, 0x02, 0x02, 0x5D
	.byte 0xF6, 0x02, 0x02, 0x75, 0xF6, 0x02, 0x02, 0x6E, 0xF6, 0x02, 0x02, 0x69, 0xF6, 0x02, 0x02, 0x62
	.byte 0xF6, 0x02, 0x02, 0x5D, 0xF6, 0x02, 0xF1, 0x3C, 0x02, 0x75, 0xF6, 0x02, 0x02, 0x6E, 0xF6, 0x02
	.byte 0x02, 0x69, 0xF6, 0x02, 0x02, 0x62, 0xF6, 0x02, 0x02, 0x5D, 0xF6, 0x02, 0xF1, 0x28, 0x02, 0x75
	.byte 0xF6, 0x02, 0x02, 0x6E, 0xF6, 0x02, 0x02, 0x69, 0xF6, 0x02, 0x02, 0x62, 0xF6, 0x02, 0x02, 0x5D
	.byte 0xF6, 0x02, 0xF0, 0xC6, 0xF1, 0x3C, 0x02, 0x4D, 0x02, 0x4F, 0x02, 0x54, 0x02, 0x59, 0x02, 0x5B
	.byte 0xF1, 0x50, 0x02, 0x60, 0x1E, 0x6C, 0xF1, 0x14, 0x08, 0x6C, 0xF1, 0x0A, 0x08, 0x6C, 0xFF, 0xF6
	.byte 0x16, 0xF0, 0xC3, 0xF1, 0x14, 0x04, 0x53, 0xF1, 0x28, 0x04, 0x51, 0xF1, 0x3C, 0x04, 0x4F, 0xF1
	.byte 0x50, 0x04, 0x4D, 0xF1, 0x64, 0x04, 0x4C, 0xF1, 0x78, 0x04, 0x4A, 0xF1, 0x8C, 0x04, 0x48, 0xF1
	.byte 0xA0, 0x04, 0x47, 0xF1, 0xB4, 0x04, 0x45, 0x04, 0x43, 0x04, 0x41, 0xF1, 0x78, 0x04, 0x45, 0x10
	.byte 0x39, 0xF1, 0x50, 0x20, 0x51, 0xF1, 0x28, 0x20, 0x51, 0xF1, 0x14, 0x20, 0x51, 0xF1, 0x0A, 0x20
	.byte 0x51, 0xFF, 0x00, 0x00, 0x00, 0x0C, 0x06, 0x00, 0x55, 0x00, 0xF9, 0x78, 0xF0, 0xC7, 0xF1, 0x78
	.byte 0x04, 0x2C, 0x03, 0x44, 0x03, 0x50, 0xF6, 0x02, 0x04, 0x2C, 0x03, 0x42, 0x03, 0x4E, 0xF6, 0x0E
	.byte 0x04, 0x2C, 0x03, 0x42, 0x03, 0x4E, 0xF6, 0x02, 0x04, 0x2C, 0x03, 0x42, 0x03, 0x4E, 0xF6, 0x08
	.byte 0x04, 0x2E, 0x03, 0x41, 0x03, 0x4D, 0xF6, 0x08, 0x04, 0x30, 0x03, 0x3F, 0x03, 0x4B, 0xF6, 0x08
	.byte 0x04, 0x31, 0x03, 0x3D, 0x03, 0x49, 0xF6, 0x02, 0x05, 0x2C, 0x05, 0x38, 0xF6, 0x0E, 0x05, 0x2C
	.byte 0x05, 0x38, 0xF6, 0x02, 0x05, 0x25, 0x05, 0x31, 0xFF, 0xF9, 0x78, 0xF0, 0xC3, 0xF1, 0x50, 0x02
	.byte 0x43, 0xF6, 0x0A, 0x02, 0x43, 0xF6, 0x16, 0x02, 0x43, 0xF6, 0x0A, 0x02, 0x43, 0xF6, 0x10, 0x02
	.byte 0x43, 0xF6, 0x10, 0x02, 0x43, 0xF6, 0x10, 0x02, 0x43, 0xF6, 0x0A, 0x02, 0x43, 0xF6, 0x0A, 0x02
	.byte 0x43, 0xF6, 0x0A, 0x02, 0x43, 0xF6, 0x0A, 0x02, 0x43, 0xFF, 0x00, 0x00, 0xFC, 0x03, 0x12, 0x00
	.byte 0x7F, 0x00, 0xEC, 0x00, 0x57, 0x01, 0xBE, 0x01, 0x1E, 0x02, 0xA2, 0x02, 0xDC, 0x02, 0xF9, 0xBE
	.byte 0xF6, 0x18, 0xF6, 0x01, 0xF0, 0x31, 0xF2, 0x6E, 0xF1, 0xB4, 0x18, 0x43, 0x18, 0x48, 0x18, 0x4C
	.byte 0x18, 0x48, 0x00, 0xCA, 0x18, 0xF1, 0x3C, 0x18, 0x4A, 0xF1, 0xB4, 0x18, 0x4F, 0x00, 0xCF, 0x18
	.byte 0xF9, 0x8C, 0x00, 0xCF, 0x18, 0xF1, 0xA0, 0x00, 0xCF, 0x0C, 0xF1, 0x96, 0x00, 0xCF, 0x0C, 0xF1
	.byte 0x8C, 0x00, 0xCF, 0x0C, 0xF1, 0x82, 0x00, 0xCF, 0x0C, 0xF1, 0x78, 0x00, 0xCF, 0x0C, 0xF1, 0x6E
	.byte 0x00, 0xCF, 0x0C, 0xF1, 0x64, 0x00, 0xCF, 0x0C, 0xF1, 0x5A, 0x00, 0xCF, 0x0C, 0xF1, 0x50, 0x00
	.byte 0xCF, 0x0C, 0xF1, 0x46, 0x00, 0xCF, 0x0C, 0xF1, 0x3C, 0x00, 0xCF, 0x0C, 0xF1, 0x32, 0x00, 0xCF
	.byte 0x0C, 0xF1, 0x28, 0x00, 0xCF, 0x0C, 0xF1, 0x1E, 0x0B, 0x4F, 0xFF, 0xF9, 0xBE, 0xF6, 0x18, 0xF6
	.byte 0x01, 0xF0, 0x31, 0xF2, 0xB4, 0xF1, 0xA0, 0x18, 0x40, 0x18, 0x43, 0x18, 0x48, 0x18, 0x40, 0x00
	.byte 0xC5, 0x18, 0xF1, 0x28, 0x18, 0x45, 0xF1, 0xA0, 0x18, 0x48, 0x00, 0xC8, 0x18, 0xF9, 0x8C, 0x00
	.byte 0xC8, 0x18, 0xF1, 0x96, 0x00, 0xC8, 0x0C, 0xF1, 0x8C, 0x00, 0xC8, 0x0C, 0xF1, 0x82, 0x00, 0xC8
	.byte 0x0C, 0xF1, 0x78, 0x00, 0xC8, 0x0C, 0xF1, 0x6E, 0x00, 0xC8, 0x0C, 0xF1, 0x64, 0x00, 0xC8, 0x0C
	.byte 0xF1, 0x5A, 0x00, 0xC8, 0x0C, 0xF1, 0x50, 0x00, 0xC8, 0x0C, 0xF1, 0x46, 0x00, 0xC8, 0x0C, 0xF1
	.byte 0x3C, 0x00, 0xC8, 0x0C, 0xF1, 0x32, 0x00, 0xC8, 0x0C, 0xF1, 0x28, 0x00, 0xC8, 0x0C, 0xF1, 0x1E
	.byte 0x00, 0xC8, 0x0C, 0xF1, 0x14, 0x0B, 0x48, 0xFF, 0xF9, 0xBE, 0xF6, 0x18, 0xF0, 0x31, 0xF2, 0x3C
	.byte 0xF1, 0xA0, 0x18, 0x3C, 0x18, 0x3B, 0x18, 0x39, 0x18, 0x37, 0x00, 0xC1, 0x18, 0xF1, 0x28, 0x18
	.byte 0x41, 0xF1, 0xA0, 0x18, 0x45, 0x00, 0xC5, 0x18, 0xF9, 0x8C, 0x00, 0xC5, 0x18, 0xF1, 0x96, 0x00
	.byte 0xC5, 0x0C, 0xF1, 0x8C, 0x00, 0xC5, 0x0C, 0xF1, 0x82, 0x00, 0xC5, 0x0C, 0xF1, 0x78, 0x00, 0xC5
	.byte 0x0C, 0xF1, 0x6E, 0x00, 0xC5, 0x0C, 0xF1, 0x64, 0x00, 0xC5, 0x0C, 0xF1, 0x5A, 0x00, 0xC5, 0x0C
	.byte 0xF1, 0x50, 0x00, 0xC5, 0x0C, 0xF1, 0x46, 0x00, 0xC5, 0x0C, 0xF1, 0x3C, 0x00, 0xC5, 0x0C, 0xF1
	.byte 0x32, 0x00, 0xC5, 0x0C, 0xF1, 0x28, 0x00, 0xC5, 0x0C, 0xF1, 0x1E, 0x00, 0xC5, 0x0C, 0xF1, 0x14
	.byte 0x0C, 0x45, 0xFF, 0xF9, 0xBE, 0xF6, 0x18, 0xF0, 0x17, 0xF2, 0x82, 0xF1, 0x8C, 0x18, 0x48, 0x18
	.byte 0x4A, 0x18, 0x4C, 0x18, 0x48, 0x18, 0x4A, 0xF1, 0x3C, 0x18, 0x4A, 0xF1, 0x8C, 0x18, 0x43, 0x00
	.byte 0xC3, 0x18, 0xF9, 0x8C, 0x00, 0xC3, 0x18, 0xF1, 0x82, 0x00, 0xC3, 0x0C, 0xF1, 0x78, 0x00, 0xC3
	.byte 0x0C, 0xF1, 0x6E, 0x00, 0xC3, 0x0C, 0xF1, 0x64, 0x00, 0xC3, 0x0C, 0xF1, 0x5A, 0x00, 0xC3, 0x0C
	.byte 0xF1, 0x50, 0x00, 0xC3, 0x0C, 0xF1, 0x46, 0x00, 0xC3, 0x0C, 0xF1, 0x3C, 0x00, 0xC3, 0x0C, 0xF1
	.byte 0x32, 0x00, 0xC3, 0x0C, 0xF1, 0x28, 0x00, 0xC3, 0x0C, 0xF1, 0x1E, 0x00, 0xC3, 0x0C, 0xF1, 0x14
	.byte 0x00, 0xC3, 0x0C, 0xF1, 0x0A, 0x0C, 0x43, 0xF6, 0x0C, 0xFF, 0xF9, 0xBE, 0xF0, 0x10, 0xF1, 0x1E
	.byte 0x06, 0x37, 0xF1, 0x3C, 0x06, 0x37, 0xF1, 0x5A, 0x06, 0x37, 0xF1, 0x78, 0x06, 0x37, 0xF1, 0xB4
	.byte 0x60, 0x30, 0xF6, 0x48, 0x00, 0xB7, 0x18, 0xF9, 0x8C, 0x28, 0x37, 0xF0, 0x6D, 0xF2, 0x8C, 0xF1
	.byte 0x3C, 0x08, 0x56, 0xF1, 0x28, 0x08, 0x62, 0xF1, 0x3C, 0x08, 0x54, 0xF1, 0x28, 0x08, 0x60, 0xF1
	.byte 0x3C, 0x08, 0x53, 0xF1, 0x28, 0x08, 0x5F, 0xF1, 0x28, 0x08, 0x54, 0xF1, 0x14, 0x08, 0x60, 0xF1
	.byte 0x28, 0x08, 0x51, 0xF1, 0x14, 0x08, 0x5D, 0xF1, 0x28, 0x08, 0x53, 0xF1, 0x14, 0x08, 0x5F, 0xF1
	.byte 0x28, 0x08, 0x4F, 0xF1, 0x14, 0x08, 0x5B, 0xF6, 0x28, 0xFF, 0xF9, 0xBE, 0xF6, 0x18, 0xF6, 0x01
	.byte 0xF0, 0x00, 0xF1, 0x78, 0x06, 0x28, 0x06, 0x28, 0xF1, 0x3C, 0x06, 0x28, 0x06, 0x28, 0xF1, 0x28
	.byte 0x06, 0x28, 0x06, 0x28, 0x06, 0x28, 0x06, 0x28, 0x06, 0x28, 0x06, 0x28, 0x06, 0x28, 0x06, 0x28
	.byte 0x06, 0x28, 0xF1, 0x3C, 0x06, 0x28, 0x06, 0x28, 0x06, 0x28, 0xF1, 0x50, 0x06, 0x28, 0x06, 0x28
	.byte 0x06, 0x28, 0xF1, 0x64, 0x06, 0x28, 0x06, 0x28, 0x06, 0x28, 0xF1, 0x78, 0x06, 0x28, 0x06, 0x28
	.byte 0x06, 0x28, 0xF1, 0x8C, 0x06, 0x28, 0x06, 0x28, 0x06, 0x28, 0xF1, 0xA0, 0x00, 0xB2, 0x18, 0xF9
	.byte 0x8C, 0x30, 0x32, 0xF1, 0x28, 0x06, 0x40, 0x06, 0x40, 0x06, 0x40, 0x06, 0x40, 0xF1, 0x1E, 0x06
	.byte 0x40, 0x06, 0x40, 0x06, 0x40, 0x06, 0x40, 0xF1, 0x14, 0x06, 0x40, 0x06, 0x40, 0x06, 0x40, 0x06
	.byte 0x40, 0xF1, 0x0A, 0x06, 0x40, 0x06, 0x40, 0x06, 0x40, 0x06, 0x40, 0xF6, 0x2F, 0xFF, 0xF9, 0xBE
	.byte 0xF6, 0x18, 0xF0, 0xC0, 0xF2, 0x6E, 0xF1, 0x3C, 0x18, 0x30, 0x18, 0x32, 0x18, 0x34, 0x18, 0x30
	.byte 0x18, 0x32, 0xF1, 0x1E, 0x18, 0x4A, 0xF1, 0x3C, 0x18, 0x2B, 0x00, 0xAB, 0x18, 0xF9, 0x8C, 0x18
	.byte 0x2B, 0xF1, 0x32, 0x18, 0x2B, 0xF1, 0x28, 0x18, 0x2B, 0xF1, 0x1E, 0x18, 0x2B, 0xF1, 0x14, 0x18
	.byte 0x2B, 0xF1, 0x0A, 0x18, 0x2B, 0xF6, 0x30, 0xFF, 0xF9, 0xBE, 0xF6, 0x18, 0xF6, 0x02, 0xF0, 0xC0
	.byte 0xF2, 0x50, 0xF1, 0x28, 0x18, 0x3C, 0x18, 0x3B, 0x18, 0x39, 0x18, 0x37, 0x18, 0x41, 0xF1, 0x14
	.byte 0x18, 0x41, 0xF1, 0x28, 0x18, 0x41, 0x00, 0xC1, 0x18, 0xF9, 0x8C, 0x18, 0x41, 0xF1, 0x1E, 0x18
	.byte 0x41, 0xF1, 0x14, 0x18, 0x41, 0xF1, 0x0A, 0x18, 0x41, 0xF6, 0x5E, 0xFF, 0x00, 0x08, 0x13, 0x00
	.byte 0xF0, 0xC6, 0xF6, 0x0C, 0xF1, 0x41, 0x08, 0x53, 0x18, 0x58, 0xF1, 0x14, 0x08, 0x58, 0xFF, 0xF0
	.byte 0xC3, 0xF1, 0xC8, 0x04, 0x40, 0xF1, 0x64, 0x04, 0x40, 0xF1, 0x28, 0x04, 0x40, 0xF1, 0x14, 0x04
	.byte 0x40, 0xFF, 0x00, 0x00, 0x02, 0x00, 0x04, 0x00, 0xF0, 0xF7, 0xF1, 0xDC, 0x56, 0x3C, 0xFF, 0x00
	.byte 0x02, 0x00, 0x04, 0x00, 0xF0, 0xF5, 0xF1, 0xDC, 0x56, 0x3C, 0xFF, 0x00, 0x02, 0x00, 0x04, 0x00
	.byte 0xF0, 0xF6, 0xF1, 0xDC, 0x56, 0x3C, 0xFF, 0x00, 0x02, 0x00, 0x04, 0x00, 0xF0, 0xF4, 0xF1, 0xDC
	.byte 0x56, 0x3C, 0xFF, 0x00, 0x02, 0x00, 0x04, 0x00, 0xF0, 0xFD, 0xF1, 0xC8, 0x56, 0x3C, 0xFF, 0x00
	.byte 0x02, 0x00, 0x04, 0x00, 0xF0, 0xFE, 0xF1, 0xC8, 0x56, 0x3C, 0xFF, 0x00, 0x00, 0x04, 0x04, 0x00
	.byte 0xF9, 0x50, 0xF0, 0xC6, 0xF4, 0x40, 0xF1, 0x50, 0xF5, 0x00, 0x00, 0xB9, 0x01, 0xF5, 0x08, 0x00
	.byte 0xB9, 0x01, 0xF5, 0x10, 0x00, 0xB9, 0x01, 0xF5, 0x18, 0x00, 0xB9, 0x01, 0xF5, 0x20, 0x00, 0xB9
	.byte 0x01, 0xF5, 0x28, 0x00, 0xB9, 0x01, 0xF5, 0x30, 0x00, 0xB9, 0x01, 0xF5, 0x38, 0x00, 0xB9, 0x01
	.byte 0xF5, 0x40, 0x00, 0xB9, 0x01, 0xF5, 0x48, 0x00, 0xB9, 0x01, 0xF5, 0x50, 0x00, 0xB9, 0x01, 0xF5
	.byte 0x58, 0x00, 0xB9, 0x01, 0xF5, 0x60, 0xF1, 0x1E, 0xF2, 0x96, 0xF5, 0x00, 0x00, 0xB9, 0x01, 0xF5
	.byte 0x08, 0x00, 0xB9, 0x01, 0xF5, 0x10, 0x00, 0xB9, 0x01, 0xF5, 0x18, 0x00, 0xB9, 0x01, 0xF5, 0x20
	.byte 0x00, 0xB9, 0x01, 0xF5, 0x28, 0x00, 0xB9, 0x01, 0xF5, 0x30, 0x00, 0xB9, 0x01, 0xF5, 0x38, 0x00
	.byte 0xB9, 0x01, 0xF5, 0x40, 0x00, 0xB9, 0x01, 0xF5, 0x48, 0x00, 0xB9, 0x01, 0xF5, 0x50, 0x00, 0xB9
	.byte 0x01, 0xF5, 0x58, 0x00, 0xB9, 0x01, 0xF5, 0x60, 0xF1, 0x0A, 0xF2, 0x78, 0xF5, 0x20, 0x00, 0xB9
	.byte 0x01, 0xF5, 0x28, 0x00, 0xB9, 0x01, 0xF5, 0x30, 0x00, 0xB9, 0x01, 0xF5, 0x38, 0x00, 0xB9, 0x01
	.byte 0xF5, 0x40, 0x00, 0xB9, 0x01, 0xF5, 0x48, 0x00, 0xB9, 0x01, 0xF5, 0x50, 0x00, 0xB9, 0x01, 0xF5
	.byte 0x58, 0x00, 0xB9, 0x01, 0xF5, 0x60, 0xFF, 0x00, 0x00, 0x04, 0x04, 0x00, 0xF0, 0xC6, 0xF1, 0x14
	.byte 0x01, 0x47, 0x01, 0x48, 0x01, 0x49, 0x01, 0x4A, 0x01, 0x4B, 0x01, 0x4C, 0x01, 0x4D, 0x01, 0x4E
	.byte 0x01, 0x4F, 0x01, 0x50, 0x01, 0x51, 0x01, 0x52, 0x01, 0x53, 0x01, 0x54, 0x01, 0x55, 0x01, 0x56
	.byte 0xF1, 0x32, 0x01, 0x49, 0x01, 0x4A, 0x01, 0x4B, 0x01, 0x4C, 0x01, 0x4D, 0x01, 0x4E, 0x01, 0x4F
	.byte 0x01, 0x50, 0x01, 0x51, 0x01, 0x52, 0x01, 0x53, 0x01, 0x54, 0x01, 0x55, 0x01, 0x56, 0x01, 0x57
	.byte 0x01, 0x58, 0xF1, 0x14, 0x01, 0x4B, 0x01, 0x4C, 0x01, 0x4D, 0x01, 0x4E, 0x01, 0x4F, 0x01, 0x50
	.byte 0x01, 0x51, 0x01, 0x52, 0x01, 0x53, 0x01, 0x54, 0x01, 0x55, 0x01, 0x56, 0x01, 0x57, 0x01, 0x58
	.byte 0x01, 0x59, 0x01, 0x5A, 0xF1, 0x0A, 0x01, 0x4D, 0x01, 0x4E, 0x01, 0x4F, 0x01, 0x50, 0x01, 0x51
	.byte 0x01, 0x52, 0x01, 0x53, 0x01, 0x54, 0x01, 0x55, 0x01, 0x56, 0x01, 0x57, 0x01, 0x58, 0x01, 0x59
	.byte 0x01, 0x5A, 0x01, 0x5B, 0x01, 0x5C, 0xF8, 0x73, 0xFF, 0xFF, 0x00, 0x00, 0x00, 0x08, 0x04, 0x00
	.byte 0xF0, 0xC3, 0xF1, 0x3C, 0x02, 0x41, 0x06, 0x43, 0x06, 0x45, 0xF1, 0x28, 0x06, 0x45, 0x06, 0x41
	.byte 0xF1, 0x28, 0x06, 0x41, 0xFF, 0x00, 0x00, 0x00, 0x00, 0x04, 0x04, 0x00, 0xF0, 0xC3, 0xF1, 0x78
	.byte 0x03, 0x28, 0xFF, 0x00, 0x01, 0x00, 0x04, 0x00, 0xF1, 0xFF, 0xF0, 0x83, 0x38, 0x3C, 0xFF, 0x00
	.byte 0x02, 0x00, 0x04, 0x00, 0xF1, 0xFF, 0xF0, 0x84, 0x38, 0x3C, 0xFF, 0x00, 0x02, 0x00, 0x04, 0x00
	.byte 0xF1, 0xFF, 0xF0, 0x86, 0xB8, 0x3C, 0xFF, 0x00, 0x00, 0x0C, 0x06, 0x00, 0x0F, 0x00, 0xF0, 0xC6
	.byte 0xF1, 0x50, 0xF6, 0x04, 0x02, 0x4C, 0xFF, 0xF0, 0xC3, 0xF1, 0x8C, 0x03, 0x5D, 0xFF, 0x00, 0x00
	.byte 0x00, 0x04, 0x04, 0x00, 0xF9, 0x8C, 0xF0, 0xC6, 0xF4, 0x30, 0xF1, 0x64, 0xF5, 0x00, 0x00, 0xB9
	.byte 0x01, 0xF5, 0x08, 0x00, 0xB9, 0x01, 0xF5, 0x10, 0x00, 0xB9, 0x01, 0xF5, 0x18, 0x00, 0xB9, 0x01
	.byte 0xF5, 0x20, 0x00, 0xB9, 0x01, 0xF5, 0x28, 0x00, 0xB9, 0x01, 0xF5, 0x30, 0x00, 0xB9, 0x01, 0xF5
	.byte 0x28, 0x00, 0xB9, 0x01, 0xF5, 0x20, 0x00, 0xB9, 0x01, 0xF5, 0x18, 0x00, 0xB9, 0x01, 0xF5, 0x10
	.byte 0x00, 0xB9, 0x01, 0xF5, 0x08, 0x00, 0xB9, 0x01, 0xF5, 0x00, 0xF1, 0x1E, 0xF2, 0x82, 0xF5, 0x00
	.byte 0x00, 0xB9, 0x01, 0xF5, 0x08, 0x00, 0xB9, 0x01, 0xF5, 0x10, 0x00, 0xB9, 0x01, 0xF5, 0x18, 0x00
	.byte 0xB9, 0x01, 0xF5, 0x20, 0x00, 0xB9, 0x01, 0xF5, 0x28, 0x00, 0xB9, 0x01, 0xF5, 0x30, 0x00, 0xB9
	.byte 0x01, 0xF5, 0x28, 0x00, 0xB9, 0x01, 0xF5, 0x20, 0x00, 0xB9, 0x01, 0xF5, 0x18, 0x00, 0xB9, 0x01
	.byte 0xF5, 0x10, 0x00, 0xB9, 0x01, 0xF5, 0x08, 0x00, 0xB9, 0x01, 0xF5, 0x00, 0xF1, 0x0A, 0xF2, 0x6E
	.byte 0xF5, 0x00, 0x00, 0xB9, 0x01, 0xF5, 0x08, 0x00, 0xB9, 0x01, 0xF5, 0x10, 0x00, 0xB9, 0x01, 0xF5
	.byte 0x18, 0x00, 0xB9, 0x01, 0xF5, 0x20, 0x00, 0xB9, 0x01, 0xF5, 0x28, 0x00, 0xB9, 0x01, 0xF5, 0x30
	.byte 0x00, 0xB9, 0x01, 0xF5, 0x28, 0x00, 0xB9, 0x01, 0xF5, 0x20, 0x00, 0xB9, 0x01, 0xF5, 0x18, 0x00
	.byte 0xB9, 0x01, 0xF5, 0x10, 0x00, 0xB9, 0x01, 0xF5, 0x08, 0x00, 0xB9, 0x01, 0xF5, 0x00, 0xFF, 0x00
	.byte 0x00, 0x08, 0x04, 0x00, 0xF0, 0xC3, 0xF1, 0x8C, 0x06, 0x54, 0xF1, 0xC8, 0x02, 0x3B, 0x06, 0x3E
	.byte 0xF1, 0x64, 0x06, 0x3E, 0xF1, 0x28, 0x06, 0x3E, 0xF1, 0x14, 0x06, 0x3E, 0xF1, 0x0A, 0x06, 0x3E
	.byte 0xFF, 0x00, 0x00, 0x00, 0x02, 0x04, 0x06, 0x00, 0x11, 0x00, 0xF1, 0xC8, 0xF0, 0x96, 0x40, 0x3C
	.byte 0xF0, 0xFF, 0x40, 0x3C, 0xFF, 0xF0, 0xC6, 0xF1, 0x50, 0xF4, 0x14, 0xF6, 0x84, 0xF5, 0x00, 0x00
	.byte 0xC5, 0x01, 0xF5, 0x08, 0x00, 0xC5, 0x01, 0xF5, 0x10, 0x00, 0xC5, 0x01, 0xF5, 0x18, 0x01, 0x45
	.byte 0xF6, 0x01, 0xF5, 0x00, 0x00, 0xC5, 0x01, 0xF5, 0x08, 0x00, 0xC5, 0x01, 0xF5, 0x10, 0x00, 0xC5
	.byte 0x01, 0xF5, 0x18, 0x00, 0xC5, 0x01, 0xF5, 0x20, 0x00, 0xC5, 0x01, 0xF5, 0x28, 0x00, 0xC5, 0x01
	.byte 0xF5, 0x30, 0x00, 0xC5, 0x01, 0xF5, 0x38, 0x00, 0xC5, 0x01, 0xF5, 0x00, 0x00, 0xC5, 0x01, 0xF5
	.byte 0x08, 0x00, 0xC5, 0x01, 0xF5, 0x10, 0x00, 0xC5, 0x01, 0xF5, 0x18, 0x00, 0xC5, 0x01, 0xF5, 0x20
	.byte 0x00, 0xC5, 0x01, 0xF5, 0x28, 0x00, 0xC5, 0x01, 0xF5, 0x30, 0x00, 0xC5, 0x01, 0xF5, 0x38, 0x00
	.byte 0xC5, 0x01, 0xF5, 0x00, 0x00, 0xC5, 0x01, 0xF5, 0x08, 0x00, 0xC5, 0x01, 0xF5, 0x10, 0x00, 0xC5
	.byte 0x01, 0xF5, 0x18, 0x00, 0xC5, 0x01, 0xF5, 0x20, 0x00, 0xC5, 0x01, 0xF5, 0x28, 0x00, 0xC5, 0x01
	.byte 0xF5, 0x30, 0x00, 0xC5, 0x01, 0xF5, 0x38, 0x01, 0x45, 0xF5, 0x40, 0xF6, 0x02, 0xF5, 0x00, 0x00
	.byte 0xC5, 0x01, 0xF5, 0x08, 0x00, 0xC5, 0x01, 0xF5, 0x10, 0x00, 0xC5, 0x01, 0xF5, 0x18, 0x01, 0x45
	.byte 0xF5, 0x20, 0xF6, 0x02, 0xF5, 0x00, 0x00, 0xC5, 0x01, 0xF5, 0x08, 0x00, 0xC5, 0x01, 0xF5, 0x10
	.byte 0x00, 0xC5, 0x01, 0xF5, 0x18, 0x01, 0x45, 0xF5, 0x20, 0xF6, 0x02, 0xF5, 0x00, 0x00, 0xC5, 0x01
	.byte 0xF5, 0x08, 0x00, 0xC5, 0x01, 0xF5, 0x10, 0x00, 0xC5, 0x01, 0xF5, 0x18, 0x01, 0x45, 0xF5, 0x20
	.byte 0xF6, 0x02, 0xF5, 0x40, 0x00, 0xC5, 0x01, 0xF5, 0x38, 0x00, 0xC5, 0x01, 0xF5, 0x30, 0x00, 0xC5
	.byte 0x01, 0xF5, 0x28, 0x00, 0xC5, 0x01, 0xF5, 0x20, 0x00, 0xC5, 0x01, 0xF5, 0x18, 0x00, 0xC5, 0x01
	.byte 0xF5, 0x10, 0x00, 0xC5, 0x01, 0xF5, 0x08, 0x01, 0x45, 0xF5, 0x00, 0xF8, 0xFF, 0xFE, 0xFF, 0x00
	.byte 0x02, 0x04, 0x06, 0x00, 0x11, 0x00, 0xF1, 0xC8, 0xF0, 0xFB, 0x3C, 0x3C, 0xF0, 0xF9, 0x38, 0x3C
	.byte 0xFF, 0xF0, 0xC6, 0xF1, 0x50, 0xF4, 0x14, 0xF6, 0x80, 0xF5, 0x00, 0x00, 0xC5, 0x01, 0xF5, 0x08
	.byte 0x00, 0xC5, 0x01, 0xF5, 0x10, 0x00, 0xC5, 0x01, 0xF5, 0x18, 0x01, 0x45, 0xF6, 0x01, 0xF5, 0x00
	.byte 0x00, 0xC5, 0x01, 0xF5, 0x08, 0x00, 0xC5, 0x01, 0xF5, 0x10, 0x00, 0xC5, 0x01, 0xF5, 0x18, 0x00
	.byte 0xC5, 0x01, 0xF5, 0x20, 0x00, 0xC5, 0x01, 0xF5, 0x28, 0x00, 0xC5, 0x01, 0xF5, 0x30, 0x00, 0xC5
	.byte 0x01, 0xF5, 0x38, 0x00, 0xC5, 0x01, 0xF5, 0x00, 0x00, 0xC5, 0x01, 0xF5, 0x08, 0x00, 0xC5, 0x01
	.byte 0xF5, 0x10, 0x00, 0xC5, 0x01, 0xF5, 0x18, 0x00, 0xC5, 0x01, 0xF5, 0x20, 0x00, 0xC5, 0x01, 0xF5
	.byte 0x28, 0x00, 0xC5, 0x01, 0xF5, 0x30, 0x00, 0xC5, 0x01, 0xF5, 0x38, 0x00, 0xC5, 0x01, 0xF5, 0x00
	.byte 0x00, 0xC5, 0x01, 0xF5, 0x08, 0x00, 0xC5, 0x01, 0xF5, 0x10, 0x00, 0xC5, 0x01, 0xF5, 0x18, 0x00
	.byte 0xC5, 0x01, 0xF5, 0x20, 0x00, 0xC5, 0x01, 0xF5, 0x28, 0x00, 0xC5, 0x01, 0xF5, 0x30, 0x00, 0xC5
	.byte 0x01, 0xF5, 0x38, 0x01, 0x45, 0xF5, 0x40, 0xF6, 0x02, 0xF5, 0x00, 0x00, 0xC5, 0x01, 0xF5, 0x08
	.byte 0x00, 0xC5, 0x01, 0xF5, 0x10, 0x00, 0xC5, 0x01, 0xF5, 0x18, 0x01, 0x45, 0xF5, 0x20, 0xF6, 0x02
	.byte 0xF5, 0x00, 0x00, 0xC5, 0x01, 0xF5, 0x08, 0x00, 0xC5, 0x01, 0xF5, 0x10, 0x00, 0xC5, 0x01, 0xF5
	.byte 0x18, 0x01, 0x45, 0xF5, 0x20, 0xF6, 0x02, 0xF5, 0x00, 0x00, 0xC5, 0x01, 0xF5, 0x08, 0x00, 0xC5
	.byte 0x01, 0xF5, 0x10, 0x00, 0xC5, 0x01, 0xF5, 0x18, 0x01, 0x45, 0xF5, 0x20, 0xF6, 0x02, 0xF5, 0x40
	.byte 0x00, 0xC5, 0x01, 0xF5, 0x38, 0x00, 0xC5, 0x01, 0xF5, 0x30, 0x00, 0xC5, 0x01, 0xF5, 0x28, 0x00
	.byte 0xC5, 0x01, 0xF5, 0x20, 0x00, 0xC5, 0x01, 0xF5, 0x18, 0x00, 0xC5, 0x01, 0xF5, 0x10, 0x00, 0xC5
	.byte 0x01, 0xF5, 0x08, 0x01, 0x45, 0xF5, 0x00, 0xF8, 0xFF, 0xFE, 0xFF, 0x00, 0x02, 0x04, 0x06, 0x00
	.byte 0x11, 0x00, 0xF1, 0xC8, 0xF0, 0xF8, 0x38, 0x3C, 0xF0, 0xFA, 0x38, 0x3C, 0xFF, 0xF0, 0xC6, 0xF1
	.byte 0x50, 0xF4, 0x14, 0xF6, 0x78, 0xF5, 0x00, 0x00, 0xC5, 0x01, 0xF5, 0x08, 0x00, 0xC5, 0x01, 0xF5
	.byte 0x10, 0x00, 0xC5, 0x01, 0xF5, 0x18, 0x01, 0x45, 0xF6, 0x01, 0xF5, 0x00, 0x00, 0xC5, 0x01, 0xF5
	.byte 0x08, 0x00, 0xC5, 0x01, 0xF5, 0x10, 0x00, 0xC5, 0x01, 0xF5, 0x18, 0x00, 0xC5, 0x01, 0xF5, 0x20
	.byte 0x00, 0xC5, 0x01, 0xF5, 0x28, 0x00, 0xC5, 0x01, 0xF5, 0x30, 0x00, 0xC5, 0x01, 0xF5, 0x38, 0x00
	.byte 0xC5, 0x01, 0xF5, 0x00, 0x00, 0xC5, 0x01, 0xF5, 0x08, 0x00, 0xC5, 0x01, 0xF5, 0x10, 0x00, 0xC5
	.byte 0x01, 0xF5, 0x18, 0x00, 0xC5, 0x01, 0xF5, 0x20, 0x00, 0xC5, 0x01, 0xF5, 0x28, 0x00, 0xC5, 0x01
	.byte 0xF5, 0x30, 0x00, 0xC5, 0x01, 0xF5, 0x38, 0x00, 0xC5, 0x01, 0xF5, 0x00, 0x00, 0xC5, 0x01, 0xF5
	.byte 0x08, 0x00, 0xC5, 0x01, 0xF5, 0x10, 0x00, 0xC5, 0x01, 0xF5, 0x18, 0x00, 0xC5, 0x01, 0xF5, 0x20
	.byte 0x00, 0xC5, 0x01, 0xF5, 0x28, 0x00, 0xC5, 0x01, 0xF5, 0x30, 0x00, 0xC5, 0x01, 0xF5, 0x38, 0x01
	.byte 0x45, 0xF5, 0x40, 0xF6, 0x02, 0xF5, 0x00, 0x00, 0xC5, 0x01, 0xF5, 0x08, 0x00, 0xC5, 0x01, 0xF5
	.byte 0x10, 0x00, 0xC5, 0x01, 0xF5, 0x18, 0x01, 0x45, 0xF5, 0x20, 0xF6, 0x02, 0xF5, 0x00, 0x00, 0xC5
	.byte 0x01, 0xF5, 0x08, 0x00, 0xC5, 0x01, 0xF5, 0x10, 0x00, 0xC5, 0x01, 0xF5, 0x18, 0x01, 0x45, 0xF5
	.byte 0x20, 0xF6, 0x02, 0xF5, 0x00, 0x00, 0xC5, 0x01, 0xF5, 0x08, 0x00, 0xC5, 0x01, 0xF5, 0x10, 0x00
	.byte 0xC5, 0x01, 0xF5, 0x18, 0x01, 0x45, 0xF5, 0x20, 0xF6, 0x02, 0xF5, 0x40, 0x00, 0xC5, 0x01, 0xF5
	.byte 0x38, 0x00, 0xC5, 0x01, 0xF5, 0x30, 0x00, 0xC5, 0x01, 0xF5, 0x28, 0x00, 0xC5, 0x01, 0xF5, 0x20
	.byte 0x00, 0xC5, 0x01, 0xF5, 0x18, 0x00, 0xC5, 0x01, 0xF5, 0x10, 0x00, 0xC5, 0x01, 0xF5, 0x08, 0x01
	.byte 0x45, 0xF5, 0x00, 0xF8, 0xFF, 0xFE, 0xFF, 0x00, 0x00, 0x0C, 0x06, 0x00, 0x63, 0x00, 0xF9, 0x3C
	.byte 0xF0, 0xC6, 0xF1, 0x28, 0xF4, 0x14, 0xF5, 0x00, 0x00, 0xD3, 0x01, 0xF5, 0xF0, 0x00, 0xD3, 0x01
	.byte 0xF5, 0xE8, 0x00, 0xD3, 0x01, 0xF5, 0xE0, 0x00, 0xD3, 0x01, 0xF5, 0xD8, 0x00, 0xD3, 0x01, 0xF5
	.byte 0xD0, 0x00, 0xD3, 0x01, 0xF5, 0xC8, 0x00, 0xD3, 0x01, 0xF5, 0xC0, 0x00, 0xD3, 0x01, 0xF5, 0xB8
	.byte 0x00, 0xD3, 0x01, 0xF5, 0xB0, 0x00, 0xD3, 0x01, 0xF5, 0xA8, 0x00, 0xD3, 0x01, 0xF5, 0xA0, 0x00
	.byte 0xD3, 0x01, 0xF5, 0x98, 0x01, 0x53, 0xF9, 0x64, 0xF1, 0x8C, 0xF5, 0x00, 0x02, 0x2B, 0x02, 0x32
	.byte 0xF6, 0x02, 0x02, 0x4F, 0xF6, 0x02, 0xF1, 0x0A, 0x02, 0x4F, 0xFF, 0xF9, 0x3C, 0xF0, 0xC3, 0xF1
	.byte 0x64, 0xF6, 0x0D, 0xF9, 0x64, 0x03, 0x48, 0xFF, 0x02, 0x04, 0x06, 0x00, 0x11, 0x00, 0xF1, 0xC8
	.byte 0xF0, 0xFC, 0x38, 0x3C, 0xF0, 0x97, 0x38, 0x3C, 0xFF, 0xF0, 0xC6, 0xF1, 0x50, 0xF4, 0x14, 0xF6
	.byte 0x78, 0xF5, 0x00, 0x00, 0xC5, 0x01, 0xF5, 0x08, 0x00, 0xC5, 0x01, 0xF5, 0x10, 0x00, 0xC5, 0x01
	.byte 0xF5, 0x18, 0x01, 0x45, 0xF6, 0x01, 0xF5, 0x00, 0x00, 0xC5, 0x01, 0xF5, 0x08, 0x00, 0xC5, 0x01
	.byte 0xF5, 0x10, 0x00, 0xC5, 0x01, 0xF5, 0x18, 0x00, 0xC5, 0x01, 0xF5, 0x20, 0x00, 0xC5, 0x01, 0xF5
	.byte 0x28, 0x00, 0xC5, 0x01, 0xF5, 0x30, 0x00, 0xC5, 0x01, 0xF5, 0x38, 0x00, 0xC5, 0x01, 0xF5, 0x00
	.byte 0x00, 0xC5, 0x01, 0xF5, 0x08, 0x00, 0xC5, 0x01, 0xF5, 0x10, 0x00, 0xC5, 0x01, 0xF5, 0x18, 0x00
	.byte 0xC5, 0x01, 0xF5, 0x20, 0x00, 0xC5, 0x01, 0xF5, 0x28, 0x00, 0xC5, 0x01, 0xF5, 0x30, 0x00, 0xC5
	.byte 0x01, 0xF5, 0x38, 0x00, 0xC5, 0x01, 0xF5, 0x00, 0x00, 0xC5, 0x01, 0xF5, 0x08, 0x00, 0xC5, 0x01
	.byte 0xF5, 0x10, 0x00, 0xC5, 0x01, 0xF5, 0x18, 0x00, 0xC5, 0x01, 0xF5, 0x20, 0x00, 0xC5, 0x01, 0xF5
	.byte 0x28, 0x00, 0xC5, 0x01, 0xF5, 0x30, 0x00, 0xC5, 0x01, 0xF5, 0x38, 0x01, 0x45, 0xF5, 0x40, 0xF6
	.byte 0x02, 0xF5, 0x00, 0x00, 0xC5, 0x01, 0xF5, 0x08, 0x00, 0xC5, 0x01, 0xF5, 0x10, 0x00, 0xC5, 0x01
	.byte 0xF5, 0x18, 0x01, 0x45, 0xF5, 0x20, 0xF6, 0x02, 0xF5, 0x00, 0x00, 0xC5, 0x01, 0xF5, 0x08, 0x00
	.byte 0xC5, 0x01, 0xF5, 0x10, 0x00, 0xC5, 0x01, 0xF5, 0x18, 0x01, 0x45, 0xF5, 0x20, 0xF6, 0x02, 0xF5
	.byte 0x00, 0x00, 0xC5, 0x01, 0xF5, 0x08, 0x00, 0xC5, 0x01, 0xF5, 0x10, 0x00, 0xC5, 0x01, 0xF5, 0x18
	.byte 0x01, 0x45, 0xF5, 0x20, 0xF6, 0x02, 0xF5, 0x40, 0x00, 0xC5, 0x01, 0xF5, 0x38, 0x00, 0xC5, 0x01
	.byte 0xF5, 0x30, 0x00, 0xC5, 0x01, 0xF5, 0x28, 0x00, 0xC5, 0x01, 0xF5, 0x20, 0x00, 0xC5, 0x01, 0xF5
	.byte 0x18, 0x00, 0xC5, 0x01, 0xF5, 0x10, 0x00, 0xC5, 0x01, 0xF5, 0x08, 0x01, 0x45, 0xF5, 0x00, 0xF8
	.byte 0xFF, 0xFE, 0xFF, 0x00, 0x02, 0x00, 0x04, 0x00, 0xF1, 0xFF, 0xF0, 0x82, 0x78, 0x3C, 0xFF, 0x00
	.byte 0x02, 0x00, 0x04, 0x00, 0xF1, 0xDC, 0xF0, 0x85, 0x50, 0x3C, 0xFF, 0x00, 0x01, 0x00, 0x04, 0x00
	.byte 0xF1, 0xFF, 0xF0, 0x83, 0x38, 0x40, 0xFF, 0x00, 0x02, 0x00, 0x04, 0x00, 0xF1, 0xFF, 0xF0, 0x87
	.byte 0x78, 0x3C, 0xFF, 0x00, 0x02, 0x00, 0x04, 0x00, 0xF1, 0xDC, 0xF0, 0x88, 0x48, 0x3C, 0xFF, 0x00
	.byte 0x02, 0x00, 0x04, 0x00, 0xF9, 0x50, 0xF1, 0xDC, 0xF0, 0x89, 0xF4, 0x28, 0xF5, 0x00, 0x00, 0xBC
	.byte 0x20, 0xF1, 0xD2, 0xF5, 0xFF, 0x00, 0xBC, 0x02, 0xF1, 0xC8, 0xF5, 0xFE, 0x00, 0xBC, 0x02, 0xF1
	.byte 0xBE, 0xF5, 0xFD, 0x00, 0xBC, 0x02, 0xF1, 0xB4, 0xF5, 0xFC, 0x00, 0xBC, 0x02, 0xF1, 0xAA, 0xF5
	.byte 0xFB, 0x00, 0xBC, 0x02, 0xF1, 0xA0, 0xF5, 0xFA, 0x00, 0xBC, 0x02, 0xF1, 0x96, 0xF5, 0xF9, 0x00
	.byte 0xBC, 0x02, 0xF1, 0x8C, 0xF5, 0xF8, 0x00, 0xBC, 0x02, 0xF1, 0x82, 0xF5, 0xF7, 0x00, 0xBC, 0x02
	.byte 0xF1, 0x78, 0xF5, 0xF6, 0x00, 0xBC, 0x02, 0xF1, 0x6E, 0xF5, 0xF5, 0x00, 0xBC, 0x02, 0xF1, 0x64
	.byte 0xF5, 0xF4, 0x00, 0xBC, 0x02, 0xF1, 0x5A, 0xF5, 0xF3, 0x00, 0xBC, 0x02, 0xF1, 0x50, 0xF5, 0xF2
	.byte 0x00, 0xBC, 0x02, 0xF1, 0x46, 0xF5, 0xF1, 0x00, 0xBC, 0x02, 0xF1, 0x3C, 0xF5, 0xF0, 0xF1, 0x32
	.byte 0x02, 0x3C, 0xFF, 0x00, 0x00, 0x08, 0x04, 0x00, 0xF0, 0xC3, 0xF1, 0x50, 0x04, 0x60, 0xF6, 0x04
	.byte 0x04, 0x54, 0xF6, 0x04, 0x04, 0x48, 0xF6, 0x04, 0x04, 0x3C, 0xF6, 0x04, 0xF1, 0x28, 0x04, 0x60
	.byte 0xF6, 0x04, 0x04, 0x54, 0xF6, 0x04, 0x04, 0x48, 0xF6, 0x04, 0x04, 0x3C, 0xF6, 0x04, 0xF8, 0xD7
	.byte 0xFF, 0xFF, 0x00, 0x00, 0x00, 0x08, 0x04, 0x00, 0xF0, 0xC3, 0xF1, 0x50, 0x04, 0x3C, 0xF6, 0x01
	.byte 0x04, 0x3C, 0xF6, 0x01, 0x04, 0x3C, 0xF6, 0x08, 0x04, 0x3C, 0xF6, 0x01, 0x04, 0x3C, 0xF6, 0x01
	.byte 0x04, 0x3C, 0xF6, 0x10, 0x04, 0x3C, 0xF6, 0x01, 0x04, 0x3C, 0xF6, 0x01, 0x04, 0x3C, 0xF6, 0x01
	.byte 0x04, 0x3C, 0xF6, 0x01, 0x04, 0x3C, 0xF6, 0x01, 0x04, 0x3C, 0xF6, 0x01, 0x04, 0x3C, 0xF6, 0x01
	.byte 0x04, 0x3C, 0xF6, 0x08, 0x04, 0x3C, 0xF6, 0x01, 0x04, 0x3C, 0xF6, 0x01, 0x04, 0x3C, 0xF6, 0x01
	.byte 0x04, 0x3C, 0xF6, 0x01, 0x04, 0x3C, 0xF6, 0x01, 0x04, 0x3C, 0xF6, 0x08, 0xF1, 0x28, 0x04, 0x3C
	.byte 0xF6, 0x01, 0x04, 0x3C, 0xF6, 0x08, 0xF1, 0x14, 0x04, 0x3C, 0xF6, 0x01, 0x04, 0x3C, 0xF8, 0x97
	.byte 0xFF, 0xFF, 0x00, 0x00, 0x00, 0x04, 0x04, 0x00, 0xF0, 0xC6, 0xF1, 0x50, 0xF4, 0x20, 0xF5, 0x00
	.byte 0x00, 0xCD, 0x02, 0xF5, 0x08, 0x00, 0xCD, 0x02, 0xF5, 0x10, 0x00, 0xCD, 0x01, 0xF5, 0x18, 0x00
	.byte 0xCD, 0x01, 0xF5, 0x20, 0x00, 0xCD, 0x01, 0xF5, 0x28, 0x01, 0x4D, 0xF5, 0x30, 0xF6, 0x06, 0xF1
	.byte 0x1E, 0xF5, 0x00, 0x00, 0xCD, 0x02, 0xF5, 0x08, 0x00, 0xCD, 0x02, 0xF5, 0x10, 0x00, 0xCD, 0x01
	.byte 0xF5, 0x18, 0x00, 0xCD, 0x01, 0xF5, 0x20, 0x00, 0xCD, 0x01, 0xF5, 0x28, 0x01, 0x4D, 0xF5, 0x30
	.byte 0xF6, 0x06, 0xF1, 0x0A, 0xF5, 0x00, 0x00, 0xCD, 0x02, 0xF5, 0x08, 0x00, 0xCD, 0x02, 0xF5, 0x10
	.byte 0x00, 0xCD, 0x01, 0xF5, 0x18, 0x00, 0xCD, 0x01, 0xF5, 0x20, 0x00, 0xCD, 0x01, 0xF5, 0x28, 0x01
	.byte 0x4D, 0xF5, 0x30, 0xFF, 0x00, 0x04, 0x04, 0x00, 0xF9, 0x8C, 0xF0, 0xC6, 0xF4, 0x20, 0xF1, 0x50
	.byte 0xF5, 0x00, 0x00, 0xD1, 0x02, 0xF5, 0x08, 0x00, 0xD1, 0x02, 0xF5, 0x10, 0x00, 0xD1, 0x01, 0xF5
	.byte 0x18, 0x00, 0xD1, 0x01, 0xF5, 0x20, 0x00, 0xD1, 0x01, 0xF5, 0x28, 0x01, 0x51, 0xF5, 0x30, 0xF6
	.byte 0x08, 0xF1, 0x1E, 0xF5, 0x00, 0x00, 0xD1, 0x02, 0xF5, 0x08, 0x00, 0xD1, 0x02, 0xF5, 0x10, 0x00
	.byte 0xD1, 0x01, 0xF5, 0x18, 0x00, 0xD1, 0x01, 0xF5, 0x20, 0x00, 0xD1, 0x01, 0xF5, 0x28, 0x01, 0x51
	.byte 0xF5, 0x30, 0xF6, 0x08, 0xF1, 0x50, 0xF5, 0x00, 0x00, 0xD1, 0x02, 0xF5, 0x08, 0x00, 0xD1, 0x02
	.byte 0xF5, 0x10, 0x00, 0xD1, 0x01, 0xF5, 0x18, 0x00, 0xD1, 0x01, 0xF5, 0x20, 0x00, 0xD1, 0x01, 0xF5
	.byte 0x28, 0x01, 0x51, 0xF5, 0x30, 0xF6, 0x08, 0xF5, 0x00, 0x00, 0xD1, 0x02, 0xF5, 0x08, 0x00, 0xD1
	.byte 0x02, 0xF5, 0x10, 0x00, 0xD1, 0x01, 0xF5, 0x18, 0x00, 0xD1, 0x01, 0xF5, 0x20, 0x00, 0xD1, 0x01
	.byte 0xF5, 0x28, 0x01, 0x51, 0xF5, 0x30, 0xF6, 0x08, 0xF1, 0x0A, 0xF5, 0x00, 0x00, 0xD1, 0x02, 0xF5
	.byte 0x08, 0x00, 0xD1, 0x02, 0xF5, 0x10, 0x00, 0xD1, 0x01, 0xF5, 0x18, 0x00, 0xD1, 0x01, 0xF5, 0x20
	.byte 0x00, 0xD1, 0x01, 0xF5, 0x28, 0x01, 0x51, 0xF5, 0x30, 0xFF, 0x00, 0x00, 0x00, 0x04, 0x04, 0x00
	.byte 0xF0, 0xC6, 0xF1, 0x50, 0xF4, 0x20, 0xF5, 0x00, 0x00, 0xCA, 0x02, 0xF5, 0x08, 0x00, 0xCA, 0x02
	.byte 0xF5, 0x10, 0x00, 0xCA, 0x01, 0xF5, 0x18, 0x00, 0xCA, 0x01, 0xF5, 0x20, 0x00, 0xCA, 0x01, 0xF5
	.byte 0x28, 0x01, 0x4A, 0xF5, 0x30, 0xF6, 0x06, 0xF1, 0x1E, 0xF5, 0x00, 0x00, 0xCA, 0x02, 0xF5, 0x08
	.byte 0x00, 0xCA, 0x02, 0xF5, 0x10, 0x00, 0xCA, 0x01, 0xF5, 0x18, 0x00, 0xCA, 0x01, 0xF5, 0x20, 0x00
	.byte 0xCA, 0x01, 0xF5, 0x28, 0x01, 0x4A, 0xF5, 0x30, 0xF6, 0x06, 0xF1, 0x0A, 0xF5, 0x00, 0x00, 0xCA
	.byte 0x02, 0xF5, 0x08, 0x00, 0xCA, 0x02, 0xF5, 0x10, 0x00, 0xCA, 0x01, 0xF5, 0x18, 0x00, 0xCA, 0x01
	.byte 0xF5, 0x20, 0x00, 0xCA, 0x01, 0xF5, 0x28, 0x01, 0x4A, 0xF5, 0x30, 0xFF, 0x00, 0x04, 0x04, 0x00
	.byte 0xF0, 0x03, 0xF1, 0xA0, 0xF6, 0x18, 0xF4, 0x30, 0xF5, 0x00, 0x00, 0xB7, 0x04, 0xF5, 0x08, 0x00
	.byte 0xB7, 0x02, 0xF5, 0x10, 0x00, 0xB7, 0x02, 0xF5, 0x18, 0x00, 0xB7, 0x01, 0xF5, 0x20, 0x00, 0xB7
	.byte 0x01, 0xF5, 0x28, 0x00, 0xB7, 0x01, 0xF5, 0x30, 0x00, 0xB7, 0x01, 0xF5, 0x38, 0x00, 0xB7, 0x01
	.byte 0xF5, 0x40, 0x00, 0xB7, 0x01, 0xF5, 0x38, 0x00, 0xB7, 0x01, 0xF5, 0x30, 0x00, 0xB7, 0x01, 0xF5
	.byte 0x28, 0x00, 0xB7, 0x01, 0xF5, 0x20, 0x00, 0xB7, 0x01, 0xF5, 0x28, 0x00, 0xB7, 0x01, 0xF5, 0x30
	.byte 0x00, 0xB7, 0x01, 0xF5, 0x38, 0x00, 0xB7, 0x01, 0xF5, 0x40, 0x00, 0xB7, 0x01, 0xF5, 0x38, 0x00
	.byte 0xB7, 0x01, 0xF5, 0x30, 0x00, 0xB7, 0x01, 0xF5, 0x28, 0x01, 0x37, 0xF1, 0x28, 0xF5, 0x20, 0x00
	.byte 0xB7, 0x01, 0xF5, 0x28, 0x00, 0xB7, 0x01, 0xF5, 0x30, 0x00, 0xB7, 0x01, 0xF5, 0x38, 0x00, 0xB7
	.byte 0x01, 0xF5, 0x40, 0x00, 0xB7, 0x01, 0xF5, 0x38, 0x00, 0xB7, 0x01, 0xF5, 0x30, 0x00, 0xB7, 0x01
	.byte 0xF5, 0x28, 0x01, 0x37, 0xFF, 0x00, 0x00, 0x00, 0x02, 0x00, 0x04, 0x00, 0xF0, 0x98, 0xF1, 0xDC
	.byte 0x56, 0x3C, 0xFF, 0x00, 0x02, 0x00, 0x04, 0x00, 0xF0, 0x99, 0xF1, 0xDC, 0x56, 0x3C, 0xFF, 0x00
	.byte 0x02, 0x00, 0x04, 0x00, 0xF0, 0x9A, 0xF1, 0xDC, 0x56, 0x3C, 0xFF, 0x00, 0x02, 0x00, 0x04, 0x00
	.byte 0xF0, 0x9B, 0xF1, 0xDC, 0x56, 0x3C, 0xFF, 0x00, 0x02, 0x00, 0x04, 0x00, 0xF0, 0x9C, 0xF1, 0xDC
	.byte 0x56, 0x3C, 0xFF, 0x00, 0x02, 0x00, 0x04, 0x00, 0xF0, 0xA1, 0xF1, 0xDC, 0x56, 0x3C, 0xFF, 0x00
	.byte 0x02, 0x00, 0x04, 0x00, 0xF0, 0xA2, 0xF1, 0xDC, 0x56, 0x3C, 0xFF, 0x00, 0x02, 0x00, 0x04, 0x00
	.byte 0xF0, 0xA3, 0xF1, 0xDC, 0x56, 0x3C, 0xFF, 0x00, 0x02, 0x00, 0x04, 0x00, 0xF0, 0xA4, 0xF1, 0xDC
	.byte 0x56, 0x3C, 0xFF, 0x00, 0x02, 0x00, 0x04, 0x00, 0xF0, 0xA5, 0xF1, 0xDC, 0x56, 0x3C, 0xFF, 0x00
	.byte 0x01, 0x00, 0x04, 0x00, 0xF0, 0x9D, 0xF1, 0xF0, 0x56, 0x3C, 0xFF, 0x00, 0x01, 0x00, 0x04, 0x00
	.byte 0xF0, 0x9E, 0xF1, 0xF0, 0x56, 0x3C, 0xFF, 0x00, 0x01, 0x00, 0x04, 0x00, 0xF0, 0x9F, 0xF1, 0xF0
	.byte 0x56, 0x3C, 0xFF, 0x00, 0x01, 0x00, 0x04, 0x00, 0xF0, 0xA0, 0xF1, 0xF0, 0x56, 0x3C, 0xFF, 0x00
	.byte 0x01, 0x00, 0x04, 0x00, 0xF0, 0xA6, 0xF1, 0xDC, 0x56, 0x3C, 0xFF, 0x00, 0x03, 0x00, 0x06, 0x00
	.byte 0x11, 0x00, 0xF6, 0x01, 0xF0, 0xAF, 0xF1, 0xDC, 0xF2, 0xB4, 0x78, 0x3C, 0xFF, 0xF0, 0x90, 0xF1
	.byte 0xDC, 0xF2, 0x3C, 0x78, 0x3C, 0xFF, 0x00, 0x00, 0x01, 0x00, 0x04, 0x00, 0xF0, 0xAD, 0xF1, 0xF0
	.byte 0x56, 0x3C, 0xFF, 0x00, 0x01, 0x00, 0x04, 0x00, 0xF0, 0xA8, 0xF1, 0xFA, 0xA0, 0x3C, 0xFF, 0x00
	.byte 0x01, 0x00, 0x04, 0x00, 0xF0, 0xAA, 0xF1, 0xF0, 0x00, 0xBC, 0xC0, 0x00, 0xBC, 0xC0, 0xC0, 0x3C
	.byte 0xF0, 0xAB, 0x00, 0xBC, 0xC0, 0x00, 0xBC, 0xC0, 0xC0, 0x3C, 0xF8, 0xE7, 0xFF, 0xFF, 0x00, 0x00
	.byte 0x01, 0x00, 0x04, 0x00, 0xF0, 0xAC, 0xF1, 0xF0, 0x78, 0x3C, 0xFF, 0x00, 0x01, 0x00, 0x04, 0x00
	.byte 0xF0, 0xA7, 0xF1, 0xF0, 0x56, 0x3C, 0xFF, 0x00, 0x01, 0x00, 0x04, 0x00, 0xF0, 0xAE, 0xF1, 0xFA
	.byte 0x56, 0x3C, 0xFF, 0x00, 0x01, 0x00, 0x04, 0x00, 0xF0, 0xB0, 0xF1, 0xFA, 0x56, 0x3C, 0xFF, 0x00
	.byte 0x01, 0x00, 0x04, 0x00, 0xF0, 0xB1, 0xF1, 0xFA, 0x56, 0x3C, 0xFF, 0x00, 0x01, 0x00, 0x04, 0x00
	.byte 0xF0, 0xB2, 0xF1, 0xFA, 0x56, 0x3C, 0xFF, 0x00, 0x01, 0x00, 0x04, 0x00, 0xF0, 0xB3, 0xF1, 0xF0
	.byte 0x56, 0x3C, 0xFF, 0x00, 0x01, 0x00, 0x04, 0x00, 0xF0, 0xB6, 0xF1, 0xF0, 0x56, 0x3C, 0xFF, 0x00
	.byte 0x02, 0x00, 0x04, 0x00, 0xF0, 0xB7, 0xF1, 0xF0, 0x56, 0x3C, 0xFF, 0x00, 0x02, 0x00, 0x04, 0x00
	.byte 0xF0, 0xB8, 0xF1, 0xF0, 0x56, 0x3C, 0xFF, 0x00, 0x02, 0x00, 0x04, 0x00, 0xF0, 0xB9, 0xF1, 0xFA
	.byte 0xB0, 0x3C, 0xFF, 0x00, 0x02, 0x00, 0x04, 0x00, 0xF0, 0xBA, 0xF1, 0xF0, 0x90, 0x3C, 0xFF, 0x00
	.byte 0x02, 0x00, 0x04, 0x00, 0xF0, 0xBB, 0xF1, 0xF0, 0x56, 0x3C, 0xFF, 0x00, 0x02, 0x00, 0x04, 0x00
	.byte 0xF0, 0xBC, 0xF1, 0xFA, 0xA0, 0x3C, 0xFF, 0x00, 0x02, 0x00, 0x04, 0x00, 0xF0, 0xBD, 0xF1, 0xF0
	.byte 0x56, 0x3C, 0xFF, 0x00, 0x02, 0x00, 0x04, 0x00, 0xF0, 0x8D, 0xF1, 0xFA, 0x56, 0x3C, 0xFF, 0x00
	.byte 0x02, 0x00, 0x04, 0x00, 0xF6, 0x02, 0xF0, 0x8E, 0xF1, 0xF0, 0x56, 0x3C, 0xFF, 0x00, 0x00, 0x00
	.byte 0x02, 0x00, 0x04, 0x00, 0xF0, 0x8F, 0xF1, 0xDC, 0x56, 0x3C, 0xFF, 0x00, 0x02, 0x00, 0x04, 0x00
	.byte 0xF0, 0x91, 0xF1, 0xFA, 0x78, 0x3C, 0xFF, 0x00, 0x02, 0x00, 0x04, 0x00, 0xF0, 0x92, 0xF1, 0xFA
	.byte 0x56, 0x3C, 0xFF, 0x00, 0x02, 0x00, 0x04, 0x00, 0xF0, 0x93, 0xF1, 0xF0, 0x56, 0x3C, 0xFF, 0x00
	.byte 0x02, 0x00, 0x04, 0x00, 0xF0, 0x94, 0xF1, 0xF0, 0x56, 0x3C, 0xFF, 0x00, 0x02, 0x00, 0x04, 0x00
	.byte 0xF0, 0x95, 0xF1, 0xFA, 0x56, 0x3C, 0xFF, 0x00, 0x02, 0x00, 0x04, 0x00, 0xF0, 0x81, 0xF1, 0xE6
	.byte 0x56, 0x3C, 0xFF, 0x00, 0x02, 0x00, 0x04, 0x00, 0xF0, 0x80, 0xF1, 0xF0, 0x56, 0x3C, 0xFF, 0x00
	.byte 0x02, 0x00, 0x04, 0x00, 0xF0, 0x7F, 0xF1, 0xF0, 0x56, 0x3C, 0xFF, 0x00, 0x00, 0x04, 0x04, 0x00
	.byte 0xF0, 0x03, 0xF1, 0xA0, 0x04, 0x5D, 0x04, 0x64, 0x08, 0x69, 0xF1, 0x50, 0x04, 0x69, 0xF1, 0x28
	.byte 0x04, 0x69, 0xF1, 0x14, 0x04, 0x69, 0xFF, 0x00, 0x00, 0x04, 0x04, 0x00, 0xF0, 0xC7, 0xF1, 0x50
	.byte 0xF4, 0x18, 0xF5, 0x00, 0x01, 0x5D, 0x01, 0x5C, 0x01, 0x5B, 0x01, 0x5A, 0x01, 0x59, 0x01, 0x58
	.byte 0x01, 0x57, 0x01, 0x56, 0xF1, 0x3C, 0xF5, 0xF8, 0x01, 0x5D, 0x01, 0x5C, 0x01, 0x5B, 0x01, 0x5A
	.byte 0x01, 0x59, 0x01, 0x58, 0x01, 0x57, 0x01, 0x56, 0xF1, 0x28, 0xF5, 0xF0, 0x01, 0x5D, 0x01, 0x5C
	.byte 0x01, 0x5B, 0x01, 0x5A, 0x01, 0x59, 0x01, 0x58, 0x01, 0x57, 0x01, 0x56, 0xF1, 0x14, 0xF5, 0xE8
	.byte 0x01, 0x5D, 0x01, 0x5C, 0x01, 0x5B, 0x01, 0x5A, 0x01, 0x59, 0x01, 0x58, 0x01, 0x57, 0x01, 0x56
	.byte 0xF1, 0x0A, 0xF5, 0xE0, 0x01, 0x5D, 0x01, 0x5C, 0x01, 0x5B, 0x01, 0x5A, 0x01, 0x59, 0x01, 0x58
	.byte 0x01, 0x57, 0x01, 0x56, 0xFF, 0x00, 0x00, 0x00, 0x00, 0x0C, 0x06, 0x00, 0xE5, 0x00, 0xF0, 0x03
	.byte 0xF4, 0x40, 0xF1, 0x78, 0xF5, 0x00, 0x00, 0xB9, 0x01, 0xF5, 0x08, 0x00, 0xB9, 0x01, 0xF5, 0x10
	.byte 0x00, 0xB9, 0x01, 0xF5, 0x18, 0x00, 0xB9, 0x01, 0xF5, 0x20, 0x00, 0xB9, 0x01, 0xF5, 0x18, 0x00
	.byte 0xB9, 0x01, 0xF5, 0x10, 0x00, 0xB9, 0x01, 0xF5, 0x08, 0x01, 0x39, 0xF5, 0x00, 0xF1, 0x64, 0xF5
	.byte 0x00, 0x00, 0xBA, 0x01, 0xF5, 0x08, 0x00, 0xBA, 0x01, 0xF5, 0x10, 0x00, 0xBA, 0x01, 0xF5, 0x18
	.byte 0x00, 0xBA, 0x01, 0xF5, 0x20, 0x00, 0xBA, 0x01, 0xF5, 0x18, 0x00, 0xBA, 0x01, 0xF5, 0x10, 0x00
	.byte 0xBA, 0x01, 0xF5, 0x08, 0x01, 0x3A, 0xF5, 0x00, 0xF1, 0x50, 0xF5, 0x00, 0x00, 0xBB, 0x01, 0xF5
	.byte 0x08, 0x00, 0xBB, 0x01, 0xF5, 0x10, 0x00, 0xBB, 0x01, 0xF5, 0x18, 0x00, 0xBB, 0x01, 0xF5, 0x20
	.byte 0x00, 0xBB, 0x01, 0xF5, 0x18, 0x00, 0xBB, 0x01, 0xF5, 0x10, 0x00, 0xBB, 0x01, 0xF5, 0x08, 0x01
	.byte 0x3B, 0xF5, 0x00, 0xF1, 0x3C, 0xF5, 0x00, 0x00, 0xBC, 0x01, 0xF5, 0x08, 0x00, 0xBC, 0x01, 0xF5
	.byte 0x10, 0x00, 0xBC, 0x01, 0xF5, 0x18, 0x00, 0xBC, 0x01, 0xF5, 0x20, 0x00, 0xBC, 0x01, 0xF5, 0x18
	.byte 0x00, 0xBC, 0x01, 0xF5, 0x10, 0x00, 0xBC, 0x01, 0xF5, 0x08, 0x01, 0x3C, 0xF5, 0x00, 0xF1, 0x28
	.byte 0xF5, 0x00, 0x00, 0xBD, 0x01, 0xF5, 0x08, 0x00, 0xBD, 0x01, 0xF5, 0x10, 0x00, 0xBD, 0x01, 0xF5
	.byte 0x18, 0x00, 0xBD, 0x01, 0xF5, 0x20, 0x00, 0xBD, 0x01, 0xF5, 0x18, 0x00, 0xBD, 0x01, 0xF5, 0x10
	.byte 0x00, 0xBD, 0x01, 0xF5, 0x08, 0x01, 0x3D, 0xF5, 0x00, 0xF8, 0x22, 0xFF, 0xFF, 0xF0, 0xC3, 0xF1
	.byte 0x14, 0x04, 0x53, 0xF1, 0x28, 0x04, 0x51, 0xF1, 0x3C, 0x04, 0x4F, 0x04, 0x4D, 0x04, 0x4C, 0x04
	.byte 0x4A, 0x04, 0x4C, 0x04, 0x4D, 0x04, 0x4F, 0xF1, 0x28, 0x04, 0x51, 0xF1, 0x14, 0x04, 0x53, 0xF8
	.byte 0xDB, 0xFF, 0xFF, 0x00, 0x00, 0x08, 0x04, 0x00, 0xF0, 0xC3, 0xF1, 0x50, 0x08, 0x39, 0x02, 0x41
	.byte 0x08, 0x43, 0x04, 0x45, 0xF1, 0x28, 0x04, 0x45, 0x04, 0x41, 0xF1, 0x28, 0x04, 0x41, 0xFF, 0x00
	.byte 0x00, 0x0C, 0x06, 0x00, 0x33, 0x00, 0xF0, 0xC6, 0xF6, 0x10, 0xF1, 0x64, 0x02, 0x69, 0xF6, 0x04
	.byte 0x02, 0x64, 0xF6, 0x04, 0x02, 0x5F, 0xF6, 0x00, 0xF1, 0x3C, 0x02, 0x69, 0xF6, 0x04, 0x02, 0x64
	.byte 0xF6, 0x04, 0x02, 0x5F, 0xF6, 0x04, 0xF1, 0x14, 0x02, 0x69, 0xF6, 0x04, 0x02, 0x64, 0xF6, 0x04
	.byte 0x02, 0x5F, 0xFF, 0xF0, 0xC3, 0xF1, 0x28, 0x04, 0x53, 0x04, 0x4D, 0xF1, 0x50, 0x04, 0x4A, 0x04
	.byte 0x45, 0x04, 0x39, 0xF5, 0x14, 0x04, 0x39, 0xFF, 0x00, 0x0C, 0x06, 0x00, 0xAC, 0x00, 0xF0, 0xC5
	.byte 0xF1, 0x50, 0xF4, 0x30, 0x02, 0x35, 0x02, 0x37, 0x02, 0x39, 0x02, 0x3B, 0x02, 0x30, 0x02, 0x32
	.byte 0x02, 0x34, 0x02, 0x35, 0xF1, 0x28, 0xF5, 0x00, 0x00, 0xB5, 0x01, 0xF5, 0xF8, 0x00, 0xB5, 0x01
	.byte 0xF5, 0xF0, 0x00, 0xB5, 0x01, 0xF5, 0xE8, 0x00, 0xB5, 0x01, 0xF5, 0xE0, 0x00, 0xB5, 0x01, 0xF5
	.byte 0xE8, 0x00, 0xB5, 0x01, 0xF5, 0xF0, 0x00, 0xB5, 0x01, 0xF5, 0xF8, 0x01, 0x35, 0xF5, 0x00, 0x02
	.byte 0x35, 0x02, 0x37, 0x02, 0x39, 0x02, 0x3B, 0x02, 0x30, 0x02, 0x32, 0x02, 0x34, 0x02, 0x35, 0xF1
	.byte 0x28, 0xF5, 0x00, 0x00, 0xB5, 0x01, 0xF5, 0xF8, 0x00, 0xB5, 0x01, 0xF5, 0xF0, 0x00, 0xB5, 0x01
	.byte 0xF5, 0xE8, 0x00, 0xB5, 0x01, 0xF5, 0xE0, 0x00, 0xB5, 0x01, 0xF5, 0xE8, 0x00, 0xB5, 0x01, 0xF5
	.byte 0xF0, 0x00, 0xB5, 0x01, 0xF5, 0xF8, 0x01, 0x35, 0xF5, 0x00, 0xF1, 0x0A, 0x00, 0xB5, 0x01, 0xF5
	.byte 0xF8, 0x00, 0xB5, 0x01, 0xF5, 0xF0, 0x00, 0xB5, 0x01, 0xF5, 0xE8, 0x00, 0xB5, 0x01, 0xF5, 0xE0
	.byte 0x00, 0xB5, 0x01, 0xF5, 0xE8, 0x00, 0xB5, 0x01, 0xF5, 0xF0, 0x00, 0xB5, 0x01, 0xF5, 0xF8, 0x01
	.byte 0x35, 0xF5, 0x00, 0xFF, 0xF0, 0xC3, 0xF1, 0x50, 0x18, 0x35, 0xF1, 0x28, 0x18, 0x35, 0xF1, 0x14
	.byte 0x18, 0x35, 0xFF, 0x00, 0x00, 0x08, 0x04, 0x00, 0xF0, 0xC3, 0xF1, 0x50, 0x04, 0x41, 0x04, 0x45
	.byte 0x10, 0x3E, 0xF1, 0x28, 0x08, 0x3E, 0xF1, 0x14, 0x08, 0x3E, 0xFF, 0x00, 0x00, 0x0C, 0x06, 0x00
	.byte 0x4C, 0x00, 0xF0, 0xC6, 0xF1, 0x50, 0xF4, 0x18, 0xF5, 0x00, 0x00, 0xDD, 0x04, 0xF5, 0xF8, 0x00
	.byte 0xDD, 0x04, 0xF5, 0xF0, 0x00, 0xDD, 0x04, 0xF5, 0xE8, 0x04, 0x5D, 0xF5, 0xE0, 0xF1, 0x28, 0x00
	.byte 0xDD, 0x02, 0xF5, 0xD8, 0x00, 0xDD, 0x02, 0xF5, 0xD0, 0x00, 0xDD, 0x02, 0xF5, 0xC8, 0x02, 0x5D
	.byte 0xF5, 0xC0, 0xF1, 0x14, 0x00, 0xDD, 0x02, 0xF5, 0xB8, 0x00, 0xDD, 0x02, 0xF5, 0xB0, 0x00, 0xDD
	.byte 0x02, 0xF5, 0xA8, 0x02, 0x5D, 0xF5, 0x96, 0xFF, 0xF0, 0xC3, 0xF1, 0x50, 0x01, 0x43, 0x01, 0x4F
	.byte 0xF6, 0x04, 0x01, 0x43, 0x01, 0x4F, 0xF6, 0x06, 0x01, 0x43, 0x01, 0x4F, 0xF6, 0x08, 0x01, 0x43
	.byte 0x01, 0x4F, 0xF6, 0x08, 0x01, 0x43, 0x01, 0x4F, 0xF6, 0x06, 0x01, 0x43, 0x01, 0x4F, 0xF6, 0x04
	.byte 0x01, 0x43, 0x01, 0x4F, 0xF6, 0x02, 0xF1, 0x3C, 0x01, 0x43, 0x01, 0x4F, 0xF6, 0x02, 0xF1, 0x28
	.byte 0x01, 0x43, 0x01, 0x4F, 0xF6, 0x02, 0xF1, 0x1E, 0x01, 0x43, 0x01, 0x4F, 0xF6, 0x02, 0xF1, 0x14
	.byte 0x01, 0x43, 0x01, 0x4F, 0xF6, 0x02, 0xF1, 0x0A, 0x01, 0x43, 0x01, 0x4F, 0xF6, 0x02, 0xFF, 0x00
	.byte 0x00, 0x0C, 0x06, 0x00, 0x59, 0x00, 0xF0, 0xC6, 0xF1, 0x50, 0xF4, 0x20, 0xF5, 0x00, 0x01, 0x45
	.byte 0x01, 0x47, 0x01, 0x48, 0x01, 0x4A, 0x01, 0x4C, 0x01, 0x4D, 0xF5, 0x08, 0x01, 0x45, 0x01, 0x47
	.byte 0x01, 0x48, 0x01, 0x4A, 0x01, 0x4C, 0x01, 0x4D, 0xF1, 0x28, 0xF5, 0x10, 0x01, 0x45, 0x01, 0x47
	.byte 0x01, 0x48, 0x01, 0x4A, 0x01, 0x4C, 0x01, 0x4D, 0xF1, 0x14, 0xF5, 0x18, 0x01, 0x45, 0x01, 0x47
	.byte 0x01, 0x48, 0x01, 0x4A, 0x01, 0x4C, 0x01, 0x4D, 0xF1, 0x0A, 0xF5, 0x18, 0x01, 0x45, 0x01, 0x47
	.byte 0x01, 0x48, 0x01, 0x4A, 0x01, 0x4C, 0x01, 0x4D, 0xFF, 0xF0, 0xC3, 0xF1, 0x50, 0x01, 0x43, 0x01
	.byte 0x4F, 0xF6, 0x04, 0x01, 0x43, 0x01, 0x4F, 0xF6, 0x06, 0x01, 0x43, 0x01, 0x4F, 0xF6, 0x08, 0x01
	.byte 0x43, 0x01, 0x4F, 0xF6, 0x08, 0x01, 0x43, 0x01, 0x4F, 0xF6, 0x06, 0x01, 0x43, 0x01, 0x4F, 0xF6
	.byte 0x04, 0x01, 0x43, 0x01, 0x4F, 0xF6, 0x02, 0xF1, 0x3C, 0x01, 0x43, 0x01, 0x4F, 0xF6, 0x02, 0xF1
	.byte 0x28, 0x01, 0x43, 0x01, 0x4F, 0xF6, 0x02, 0xF1, 0x1E, 0x01, 0x43, 0x01, 0x4F, 0xF6, 0x02, 0xF1
	.byte 0x14, 0x01, 0x43, 0x01, 0x4F, 0xF6, 0x02, 0xF1, 0x0A, 0x01, 0x43, 0x01, 0x4F, 0xF6, 0x02, 0xFF
	.byte 0x00, 0x0C, 0x06, 0x00, 0x43, 0x00, 0xF0, 0xC5, 0xF1, 0xA0, 0xF4, 0x30, 0xF5, 0x00, 0x01, 0x2B
	.byte 0x01, 0x30, 0xF5, 0xF8, 0x01, 0x2B, 0x01, 0x30, 0xF5, 0xF0, 0x01, 0x2B, 0x01, 0x30, 0xF5, 0xE8
	.byte 0x01, 0x2B, 0x01, 0x30, 0xF5, 0xE0, 0x01, 0x2B, 0x01, 0x30, 0xF5, 0xD8, 0x01, 0x2B, 0x01, 0x30
	.byte 0xF1, 0x50, 0xF5, 0xD0, 0x01, 0x2B, 0x01, 0x30, 0xF1, 0x28, 0xF5, 0xC8, 0x01, 0x2B, 0x01, 0x30
	.byte 0xF5, 0xC0, 0xFF, 0xF0, 0xC3, 0xF1, 0x78, 0x04, 0x3B, 0xF1, 0x3C, 0x04, 0x3B, 0xF1, 0x1E, 0x04
	.byte 0x3B, 0xFF, 0x00, 0x00, 0x00, 0x0C, 0x06, 0x00, 0x5D, 0x00, 0xF0, 0xC5, 0xF1, 0xA0, 0xF4, 0x30
	.byte 0xF5, 0x00, 0x01, 0x2B, 0x01, 0x30, 0xF5, 0xF8, 0x01, 0x2B, 0x01, 0x30, 0xF5, 0xF0, 0x01, 0x2B
	.byte 0x01, 0x30, 0xF5, 0xE8, 0x01, 0x2B, 0x01, 0x30, 0xF6, 0x01, 0xF5, 0x20, 0x01, 0x2B, 0x01, 0x30
	.byte 0xF5, 0x18, 0x01, 0x2B, 0x01, 0x30, 0xF5, 0x10, 0x01, 0x2B, 0x01, 0x30, 0xF5, 0x08, 0x01, 0x2B
	.byte 0x01, 0x30, 0xF1, 0x50, 0xF5, 0x00, 0x01, 0x2B, 0x01, 0x30, 0xF5, 0xF8, 0x01, 0x2B, 0x01, 0x30
	.byte 0xF5, 0xF0, 0xF1, 0x28, 0x01, 0x2B, 0x01, 0x30, 0xF5, 0xE8, 0x01, 0x2B, 0x01, 0x30, 0xF5, 0xE0
	.byte 0xFF, 0xF0, 0xC3, 0xF1, 0x50, 0x04, 0x3B, 0xF1, 0x3C, 0x04, 0x3B, 0xF6, 0x01, 0xF1, 0x28, 0x08
	.byte 0x40, 0xF1, 0x3C, 0x04, 0x40, 0xF1, 0x14, 0x04, 0x40, 0xFF, 0x00, 0x00, 0x00, 0x04, 0x04, 0x00
	.byte 0xF0, 0xC6, 0xF4, 0x30, 0xF1, 0x50, 0x03, 0x45, 0xF6, 0x03, 0xF5, 0x00, 0x00, 0xDD, 0x04, 0xF5
	.byte 0xF8, 0x00, 0xDD, 0x04, 0xF5, 0xF0, 0x00, 0xDD, 0x02, 0xF5, 0xE8, 0x02, 0x5D, 0xF1, 0x28, 0xF5
	.byte 0xE0, 0x00, 0xDD, 0x02, 0xF5, 0xD8, 0x02, 0x5D, 0xF1, 0x14, 0xF5, 0xD0, 0x00, 0xDD, 0x01, 0xF5
	.byte 0xC8, 0x01, 0x5D, 0xF5, 0xC0, 0xFF, 0x00, 0x00, 0x00, 0x0C, 0x06, 0x00, 0x6F, 0x00, 0xF0, 0xC5
	.byte 0xF1, 0x50, 0xF4, 0x30, 0xF5, 0x00, 0x02, 0x3E, 0x02, 0x3F, 0x02, 0x40, 0x02, 0x41, 0x02, 0x42
	.byte 0x02, 0x43, 0x02, 0x3E, 0x02, 0x3F, 0x02, 0x40, 0x02, 0x41, 0x02, 0x42, 0x02, 0x43, 0x02, 0x3E
	.byte 0x02, 0x3F, 0x02, 0x40, 0x02, 0x41, 0x02, 0x42, 0x02, 0x43, 0xF5, 0x08, 0x02, 0x3E, 0x02, 0x3F
	.byte 0x02, 0x40, 0x02, 0x41, 0x02, 0x42, 0x02, 0x43, 0xF5, 0x10, 0x02, 0x3E, 0x02, 0x3F, 0x02, 0x40
	.byte 0x02, 0x41, 0x02, 0x42, 0x02, 0x43, 0xF5, 0x18, 0xF1, 0x28, 0x02, 0x3E, 0x02, 0x3F, 0x02, 0x40
	.byte 0x02, 0x41, 0x02, 0x42, 0x02, 0x43, 0xF5, 0x20, 0xF1, 0x14, 0x02, 0x3E, 0x02, 0x3F, 0x02, 0x40
	.byte 0x02, 0x41, 0x02, 0x42, 0x02, 0x43, 0xFF, 0xF0, 0xC3, 0xF1, 0x3C, 0x08, 0x56, 0xF6, 0x04, 0x18
	.byte 0x67, 0xF1, 0x28, 0x08, 0x67, 0xF1, 0x14, 0x08, 0x67, 0xFF, 0x00, 0x00, 0x00, 0x0C, 0x06, 0x00
	.byte 0x6A, 0x00, 0xF0, 0xC6, 0xF4, 0x30, 0xF1, 0x28, 0xF5, 0x00, 0x00, 0xAD, 0x02, 0xF5, 0xF8, 0x00
	.byte 0xAD, 0x02, 0xF5, 0xF0, 0x00, 0xAD, 0x02, 0xF5, 0xE8, 0x02, 0x2D, 0xF1, 0x28, 0xF5, 0xE0, 0x00
	.byte 0xAD, 0x02, 0xF5, 0xD8, 0x02, 0x2D, 0xF1, 0x14, 0xF5, 0xD0, 0x00, 0xAD, 0x02, 0xF5, 0xC8, 0x02
	.byte 0x2D, 0xF5, 0xC0, 0xF6, 0x08, 0xF5, 0x00, 0x00, 0xAB, 0x02, 0xF5, 0xF8, 0x00, 0xAB, 0x02, 0xF5
	.byte 0xF0, 0x00, 0xAB, 0x02, 0xF5, 0xE8, 0x02, 0x2B, 0xF1, 0x28, 0xF5, 0xE0, 0x00, 0xAB, 0x02, 0xF5
	.byte 0xD8, 0x02, 0x2B, 0xF1, 0x14, 0xF5, 0xD0, 0x00, 0xAB, 0x02, 0xF5, 0xC8, 0x02, 0x2B, 0xF5, 0xC0
	.byte 0xF6, 0x08, 0xF8, 0x9D, 0xFF, 0xFF, 0xF0, 0xC3, 0xF1, 0x3C, 0x08, 0x3C, 0x08, 0x39, 0xF1, 0x0A
	.byte 0x04, 0x39, 0xF6, 0x1C, 0xF8, 0xEF, 0xFF, 0xFF, 0x00, 0x0C, 0x06, 0x00, 0x17, 0x00, 0xF0, 0xC6
	.byte 0xF1, 0x3C, 0xF6, 0x08, 0x02, 0x69, 0x02, 0x75, 0xF1, 0x14, 0x02, 0x69, 0x02, 0x75, 0xFF, 0xF0
	.byte 0xC3, 0xF1, 0x50, 0x04, 0x41, 0x04, 0x45, 0xFF, 0x00, 0x04, 0x04, 0x00, 0xF0, 0x03, 0xF1, 0xC8
	.byte 0x02, 0x35, 0x02, 0x3B, 0x02, 0x40, 0x02, 0x45, 0xF1, 0x64, 0x02, 0x35, 0x02, 0x3B, 0x02, 0x40
	.byte 0x02, 0x45, 0xF1, 0x28, 0x02, 0x35, 0x02, 0x3B, 0x02, 0x40, 0x02, 0x45, 0xFF, 0x00, 0x00, 0x00
	.byte 0x00, 0x0C, 0x06, 0x00, 0x20, 0x00, 0xF0, 0xC6, 0xF1, 0x3C, 0x01, 0x58, 0x01, 0x5D, 0xF6, 0x08
	.byte 0x01, 0x4F, 0x01, 0x54, 0xF6, 0x04, 0x01, 0x4A, 0x01, 0x43, 0xF6, 0x04, 0xF8, 0xE7, 0xFF, 0xFF
	.byte 0xF0, 0xC3, 0xF1, 0x28, 0x02, 0x39, 0xF6, 0x08, 0x02, 0x51, 0xF6, 0x04, 0x02, 0x45, 0xF6, 0x04
	.byte 0xF8, 0xED, 0xFF, 0xFF, 0x00, 0x08, 0x04, 0x00, 0xF0, 0xC3, 0xF1, 0x3C, 0x04, 0x39, 0x04, 0x32
	.byte 0xF6, 0x08, 0x04, 0x3B, 0x04, 0x40, 0xF6, 0x04, 0xF8, 0xED, 0xFF, 0xFF, 0x00, 0x04, 0x04, 0x00
	.byte 0xF0, 0xC5, 0xF1, 0x3C, 0xF4, 0x30, 0xF5, 0x00, 0x00, 0xE4, 0x01, 0xF5, 0x08, 0x00, 0xE4, 0x01
	.byte 0xF5, 0x10, 0x00, 0xE4, 0x01, 0xF5, 0x18, 0x01, 0x64, 0xF5, 0x20, 0xF6, 0x08, 0xF5, 0x00, 0x00
	.byte 0xE0, 0x01, 0xF5, 0x08, 0x00, 0xE0, 0x01, 0xF5, 0x10, 0x00, 0xE0, 0x01, 0xF5, 0x18, 0x01, 0x60
	.byte 0xF5, 0x20, 0xF6, 0x04, 0xF8, 0xC9, 0xFF, 0xFF, 0x00, 0x04, 0x04, 0x00, 0xF0, 0xC6, 0xF1, 0x3C
	.byte 0xF4, 0x30, 0xF5, 0x00, 0x00, 0xD6, 0x02, 0xF5, 0x08, 0x00, 0xD6, 0x02, 0xF5, 0x10, 0x00, 0xD6
	.byte 0x01, 0xF5, 0x18, 0x00, 0xD6, 0x01, 0xF5, 0x20, 0x00, 0xD6, 0x01, 0xF5, 0x28, 0x01, 0x56, 0xF5
	.byte 0x30, 0xF5, 0x00, 0x00, 0xD4, 0x02, 0xF5, 0x08, 0x00, 0xD4, 0x02, 0xF5, 0x10, 0x00, 0xD4, 0x01
	.byte 0xF5, 0x18, 0x00, 0xD4, 0x01, 0xF5, 0x20, 0x00, 0xD4, 0x01, 0xF5, 0x28, 0x01, 0x54, 0xF5, 0x30
	.byte 0xF6, 0x04, 0xF1, 0x28, 0xF5, 0x00, 0x00, 0xD3, 0x02, 0xF5, 0x08, 0x00, 0xD3, 0x02, 0xF5, 0x10
	.byte 0x00, 0xD3, 0x01, 0xF5, 0x18, 0x00, 0xD3, 0x01, 0xF5, 0x20, 0x00, 0xD3, 0x01, 0xF5, 0x28, 0x01
	.byte 0x53, 0xF5, 0x30, 0xF6, 0x04, 0xF5, 0x00, 0x00, 0xD1, 0x02, 0xF5, 0x08, 0x00, 0xD1, 0x02, 0xF5
	.byte 0x10, 0x00, 0xD1, 0x01, 0xF5, 0x18, 0x00, 0xD1, 0x01, 0xF5, 0x20, 0x00, 0xD1, 0x01, 0xF5, 0x28
	.byte 0x01, 0x51, 0xF5, 0x30, 0xF6, 0x04, 0xF1, 0x14, 0xF5, 0x00, 0x00, 0xCF, 0x02, 0xF5, 0x08, 0x00
	.byte 0xCF, 0x02, 0xF5, 0x10, 0x00, 0xCF, 0x01, 0xF5, 0x18, 0x00, 0xCF, 0x01, 0xF5, 0x20, 0x00, 0xCF
	.byte 0x01, 0xF5, 0x28, 0x01, 0x4F, 0xF5, 0x30, 0xF6, 0x04, 0xF5, 0x00, 0x00, 0xCD, 0x02, 0xF5, 0x08
	.byte 0x00, 0xCD, 0x02, 0xF5, 0x10, 0x00, 0xCD, 0x01, 0xF5, 0x18, 0x00, 0xCD, 0x01, 0xF5, 0x20, 0x00
	.byte 0xCD, 0x01, 0xF5, 0x28, 0x01, 0x4D, 0xF5, 0x30, 0xF6, 0x04, 0xFF, 0x00, 0x00, 0x04, 0x04, 0x00
	.byte 0xF0, 0xC6, 0xF1, 0x50, 0xF4, 0x30, 0xF5, 0x00, 0x00, 0xCD, 0x02, 0xF5, 0x08, 0x00, 0xCD, 0x02
	.byte 0xF5, 0x10, 0x00, 0xCD, 0x01, 0xF5, 0x18, 0x00, 0xCD, 0x01, 0xF5, 0x20, 0x00, 0xCD, 0x01, 0xF5
	.byte 0x28, 0x01, 0x4D, 0xF5, 0x30, 0xF6, 0x04, 0xF5, 0x00, 0x00, 0xCF, 0x02, 0xF5, 0x08, 0x00, 0xCF
	.byte 0x02, 0xF5, 0x10, 0x00, 0xCF, 0x01, 0xF5, 0x18, 0x00, 0xCF, 0x01, 0xF5, 0x20, 0x00, 0xCF, 0x01
	.byte 0xF5, 0x28, 0x01, 0x4F, 0xF5, 0x30, 0xF6, 0x04, 0xF1, 0x28, 0xF5, 0x00, 0x00, 0xD1, 0x02, 0xF5
	.byte 0x08, 0x00, 0xD1, 0x02, 0xF5, 0x10, 0x00, 0xD1, 0x01, 0xF5, 0x18, 0x00, 0xD1, 0x01, 0xF5, 0x20
	.byte 0x00, 0xD1, 0x01, 0xF5, 0x28, 0x01, 0x51, 0xF5, 0x30, 0xF6, 0x04, 0xF5, 0x00, 0x00, 0xD3, 0x02
	.byte 0xF5, 0x08, 0x00, 0xD3, 0x02, 0xF5, 0x10, 0x00, 0xD3, 0x01, 0xF5, 0x18, 0x00, 0xD3, 0x01, 0xF5
	.byte 0x20, 0x00, 0xD3, 0x01, 0xF5, 0x28, 0x01, 0x53, 0xF5, 0x30, 0xF6, 0x04, 0xF1, 0x14, 0xF5, 0x00
	.byte 0x00, 0xD4, 0x02, 0xF5, 0x08, 0x00, 0xD4, 0x02, 0xF5, 0x10, 0x00, 0xD4, 0x01, 0xF5, 0x18, 0x00
	.byte 0xD4, 0x01, 0xF5, 0x20, 0x00, 0xD4, 0x01, 0xF5, 0x28, 0x01, 0x54, 0xF5, 0x30, 0xF6, 0x04, 0xF5
	.byte 0x00, 0x00, 0xD6, 0x02, 0xF5, 0x08, 0x00, 0xD6, 0x02, 0xF5, 0x10, 0x00, 0xD6, 0x01, 0xF5, 0x18
	.byte 0x00, 0xD6, 0x01, 0xF5, 0x20, 0x00, 0xD6, 0x01, 0xF5, 0x28, 0x01, 0x56, 0xF5, 0x30, 0xFF, 0x00
	.byte 0x00, 0x04, 0x04, 0x00, 0xF0, 0x03, 0xF4, 0x40, 0xF1, 0x64, 0xF5, 0x20, 0x01, 0x40, 0x01, 0x3F
	.byte 0x01, 0x3E, 0x01, 0x3D, 0x01, 0x3C, 0x01, 0x3B, 0x01, 0x3A, 0x01, 0x39, 0xF5, 0x18, 0x01, 0x40
	.byte 0x01, 0x3F, 0x01, 0x3E, 0x01, 0x3D, 0x01, 0x3C, 0x01, 0x3B, 0x01, 0x3A, 0x01, 0x39, 0xF1, 0x50
	.byte 0xF5, 0x10, 0x01, 0x40, 0x01, 0x3F, 0x01, 0x3E, 0x01, 0x3D, 0x01, 0x3C, 0x01, 0x3B, 0x01, 0x3A
	.byte 0x01, 0x39, 0xF1, 0x3C, 0xF5, 0x08, 0x01, 0x40, 0x01, 0x3F, 0x01, 0x3E, 0x01, 0x3D, 0x01, 0x3C
	.byte 0x01, 0x3B, 0x01, 0x3A, 0x01, 0x39, 0xF5, 0x00, 0x01, 0x40, 0x01, 0x3F, 0x01, 0x3E, 0x01, 0x3D
	.byte 0x01, 0x3C, 0x01, 0x3B, 0x01, 0x3A, 0x01, 0x39, 0xFF, 0xF0, 0xC3, 0xF1, 0x50, 0xFF, 0x00, 0x00
	.byte 0x00, 0x04, 0x04, 0x00, 0xF0, 0x03, 0xF4, 0x40, 0xF1, 0x64, 0xF5, 0x00, 0x01, 0x39, 0x01, 0x3A
	.byte 0x01, 0x3B, 0x01, 0x3C, 0x01, 0x3D, 0x01, 0x3E, 0x01, 0x3F, 0x01, 0x40, 0xF5, 0x08, 0x01, 0x39
	.byte 0x01, 0x3A, 0x01, 0x3B, 0x01, 0x3C, 0x01, 0x3D, 0x01, 0x3E, 0x01, 0x3F, 0x01, 0x40, 0xF1, 0x50
	.byte 0xF5, 0x10, 0x01, 0x39, 0x01, 0x3A, 0x01, 0x3B, 0x01, 0x3C, 0x01, 0x3D, 0x01, 0x3E, 0x01, 0x3F
	.byte 0x01, 0x40, 0xF1, 0x3C, 0xF5, 0x18, 0x01, 0x39, 0x01, 0x3A, 0x01, 0x3B, 0x01, 0x3C, 0x01, 0x3D
	.byte 0x01, 0x3E, 0x01, 0x3F, 0x01, 0x40, 0xF1, 0x28, 0xF5, 0x20, 0x01, 0x39, 0x01, 0x3A, 0x01, 0x3B
	.byte 0x01, 0x3C, 0x01, 0x3D, 0x01, 0x3E, 0x01, 0x3F, 0x01, 0x40, 0xFF, 0xF0, 0xC3, 0xF1, 0x50, 0xFF
	.byte 0x00, 0x08, 0x04, 0x00, 0xF0, 0xC3, 0xF1, 0x3C, 0x02, 0x51, 0xF1, 0x64, 0x02, 0x53, 0x02, 0x3E
	.byte 0x02, 0x58, 0xF6, 0x04, 0x02, 0x58, 0xF1, 0x28, 0x02, 0x58, 0xFF, 0x00, 0x00, 0x0C, 0x06, 0x00
	.byte 0x1F, 0x00, 0xF0, 0xC6, 0xF1, 0xA0, 0x04, 0x26, 0x04, 0x2B, 0xF6, 0x01, 0x04, 0x23, 0x04, 0x28
	.byte 0xF6, 0x10, 0xF1, 0x3C, 0x03, 0x6C, 0xF1, 0x14, 0x03, 0x6C, 0xFF, 0xF0, 0xC3, 0xF6, 0x09, 0xF1
	.byte 0x50, 0x08, 0x3B, 0x08, 0x40, 0x08, 0x3B, 0xF1, 0x28, 0x02, 0x3B, 0xF1, 0x14, 0x02, 0x3B, 0xFF
	.byte 0x00, 0x04, 0x04, 0x00, 0xF0, 0xC6, 0xF1, 0x28, 0x02, 0x56, 0xF6, 0x06, 0x02, 0x51, 0xF6, 0x03
	.byte 0x02, 0x56, 0xF6, 0x06, 0x02, 0x51, 0xF6, 0x03, 0x02, 0x4C, 0xF6, 0x06, 0x02, 0x51, 0xF6, 0x03
	.byte 0x02, 0x4C, 0xF6, 0x06, 0xF8, 0xDD, 0xFF, 0xFF, 0x00, 0x0C, 0x06, 0x00, 0x2A, 0x00, 0xF0, 0xC6
	.byte 0xF1, 0x28, 0x02, 0x56, 0xF6, 0x06, 0x02, 0x51, 0xF6, 0x13, 0x02, 0x56, 0xF6, 0x06, 0x02, 0x51
	.byte 0xF6, 0x03, 0x02, 0x4C, 0xF6, 0x16, 0x02, 0x51, 0xF6, 0x03, 0x02, 0x4C, 0xF6, 0x0E, 0xF8, 0xDD
	.byte 0xFF, 0xFF, 0xF0, 0xC3, 0xF1, 0x50, 0xF6, 0x0D, 0x10, 0x3B, 0xF6, 0x15, 0x10, 0x3B, 0xF6, 0x0D
	.byte 0x08, 0x3B, 0xF8, 0xED, 0xFF, 0xFF, 0x00, 0x00, 0x00, 0x08, 0x04, 0x00, 0xF0, 0xC3, 0xF1, 0x50
	.byte 0x04, 0x51, 0xF1, 0x78, 0x04, 0x53, 0x04, 0x3E, 0xF1, 0x28, 0x02, 0x3E, 0xFF, 0x00, 0x00, 0x00
	.byte 0x00, 0x0C, 0x06, 0x00, 0x34, 0x00, 0xF0, 0xC5, 0xF4, 0x40, 0xF1, 0x50, 0xF5, 0x00, 0x00, 0xDD
	.byte 0x01, 0xF5, 0x08, 0x00, 0xDD, 0x01, 0xF5, 0x10, 0x01, 0x5D, 0xF5, 0x18, 0xF6, 0x10, 0xF5, 0x00
	.byte 0x00, 0xDD, 0x01, 0xF5, 0xF8, 0x00, 0xDD, 0x01, 0xF5, 0xF0, 0x01, 0x5D, 0xF5, 0xE8, 0xF6, 0x18
	.byte 0xF8, 0xD3, 0xFF, 0xFF, 0xF0, 0xC3, 0xF1, 0x50, 0x02, 0x4D, 0x02, 0x48, 0xF6, 0x08, 0x02, 0x56
	.byte 0xF6, 0x10, 0x02, 0x4F, 0xF6, 0x02, 0x02, 0x4A, 0xF6, 0x08, 0xF8, 0xE7, 0xFF, 0xFF, 0x00, 0x00
	.byte 0x00, 0x0C, 0x06, 0x00, 0x41, 0x00, 0xF0, 0xC6, 0xF1, 0x3C, 0xF4, 0x30, 0xF5, 0x00, 0x00, 0xD8
	.byte 0x01, 0xF5, 0x08, 0x00, 0xD8, 0x01, 0xF5, 0x10, 0x00, 0xD8, 0x01, 0xF5, 0x18, 0x00, 0xD8, 0x01
	.byte 0xF5, 0x20, 0x00, 0xD8, 0x01, 0xF5, 0x28, 0x00, 0xD8, 0x01, 0xF5, 0x30, 0x00, 0xD8, 0x01, 0xF5
	.byte 0x38, 0x00, 0xD8, 0x01, 0xF5, 0x40, 0x18, 0x58, 0xF1, 0x28, 0x0C, 0x58, 0xF1, 0x14, 0x0C, 0x58
	.byte 0xFF, 0xF6, 0x18, 0xF0, 0xC3, 0xF1, 0x14, 0x03, 0x53, 0xF1, 0x28, 0x03, 0x51, 0xF1, 0x3C, 0x03
	.byte 0x4F, 0xF1, 0x50, 0x03, 0x4D, 0xF1, 0x64, 0x03, 0x4C, 0xF1, 0x78, 0x03, 0x4A, 0xF1, 0x8C, 0x03
	.byte 0x48, 0xF1, 0xA0, 0x03, 0x47, 0xF1, 0xB4, 0x03, 0x45, 0x03, 0x43, 0x03, 0x41, 0xF1, 0x78, 0x04
	.byte 0x45, 0x08, 0x39, 0xF1, 0x50, 0x10, 0x51, 0xF1, 0x28, 0x08, 0x51, 0xF1, 0x14, 0x08, 0x51, 0xF1
	.byte 0x0A, 0x08, 0x51, 0xFF, 0x00, 0x04, 0x04, 0x00, 0xF0, 0xC6, 0xF4, 0x18, 0xF1, 0x50, 0xF5, 0x00
	.byte 0x00, 0xCF, 0x01, 0xF5, 0x08, 0x00, 0xCF, 0x01, 0xF5, 0x10, 0x00, 0xCF, 0x01, 0xF5, 0x18, 0x00
	.byte 0xCF, 0x01, 0xF5, 0x20, 0x00, 0xCF, 0x01, 0xF5, 0x28, 0x01, 0x4F, 0xF5, 0x30, 0xF1, 0x14, 0x00
	.byte 0xCF, 0x01, 0xF5, 0x38, 0x01, 0x4F, 0xF5, 0x40, 0xFF, 0x00, 0x00, 0x00, 0x00, 0x08, 0x04, 0x00
	.byte 0xF0, 0xC3, 0xF1, 0x50, 0x08, 0x37, 0xF6, 0x02, 0x08, 0x37, 0xF6, 0x04, 0x10, 0x37, 0xF6, 0x02
	.byte 0x08, 0x37, 0xF6, 0x04, 0x10, 0x37, 0xF6, 0x02, 0xF8, 0xE5, 0xFF, 0xFF, 0x00, 0x0C, 0x06, 0x00
	.byte 0x20, 0x00, 0xF0, 0xC5, 0xF1, 0x14, 0x02, 0x62, 0xF6, 0x08, 0x02, 0x69, 0xF6, 0x04, 0x02, 0x5F
	.byte 0xF6, 0x10, 0x02, 0x67, 0xF6, 0x02, 0x02, 0x64, 0xF8, 0xE7, 0xFF, 0xFF, 0xF0, 0xC3, 0xF1, 0x50
	.byte 0x08, 0x37, 0xF6, 0x02, 0x08, 0x37, 0xF6, 0x04, 0x10, 0x37, 0xF6, 0x02, 0x08, 0x37, 0xF6, 0x04
	.byte 0x10, 0x37, 0xF6, 0x02, 0xF8, 0xE5, 0xFF, 0xFF, 0x00, 0x0C, 0x06, 0x00, 0x38, 0x00, 0xF6, 0x0C
	.byte 0xF0, 0xC6, 0xF1, 0x78, 0xF4, 0x30, 0xF5, 0x00, 0x00, 0xAB, 0x02, 0xF5, 0xF8, 0x00, 0xAB, 0x02
	.byte 0xF5, 0xF0, 0x00, 0xAB, 0x02, 0xF5, 0xE8, 0x00, 0xAB, 0x02, 0xF5, 0xE0, 0x00, 0xAB, 0x02, 0xF5
	.byte 0xD8, 0x00, 0xAB, 0x02, 0xF5, 0xD0, 0x00, 0xAB, 0x02, 0xF5, 0xC8, 0x02, 0x2B, 0xF5, 0xC0, 0xFF
	.byte 0xF0, 0xC3, 0xF1, 0x64, 0x04, 0x37, 0xF6, 0x02, 0x04, 0x3B, 0xF6, 0x02, 0x08, 0x37, 0xF1, 0x28
	.byte 0x08, 0x37, 0xF1, 0x14, 0x08, 0x37, 0xFF, 0x00, 0x01, 0x00, 0x04, 0x00, 0xF0, 0xA9, 0xF1, 0xF0
	.byte 0x60, 0x3C, 0xFF, 0x00, 0x01, 0x00, 0x04, 0x00, 0xF0, 0xB5, 0xF1, 0xFA, 0xB5, 0x3C, 0xFF, 0x00
	.byte 0x01, 0x00, 0x04, 0x00, 0xF0, 0xB4, 0xF1, 0xF0, 0x56, 0x3C, 0xFF, 0x00, 0x02, 0x00, 0x04, 0x00
	.byte 0xF0, 0x7C, 0xF1, 0xF0, 0xA0, 0x3C, 0xFF, 0x00, 0x02, 0x00, 0x04, 0x00, 0xF0, 0x7E, 0xF1, 0xFA
	.byte 0x56, 0x3C, 0xFF, 0x00, 0x02, 0x00, 0x04, 0x00, 0xF0, 0x7D, 0xF1, 0xFA, 0x78, 0x3C, 0xFF, 0x00
	.byte 0xFC, 0x03, 0x12, 0x00, 0xC6, 0x00, 0x78, 0x01, 0xA0, 0x01, 0xB7, 0x01, 0xB3, 0x02, 0x6F, 0x03
	.byte 0x04, 0x04, 0xF9, 0x70, 0xF6, 0xC0, 0xF6, 0xC0, 0xF6, 0x01, 0xF0, 0x09, 0xF2, 0x6E, 0xF1, 0x50
	.byte 0x00, 0xCB, 0x0C, 0xF1, 0x28, 0x04, 0x4B, 0xF1, 0x50, 0x00, 0xCB, 0x0C, 0xF1, 0x28, 0x04, 0x4B
	.byte 0xF1, 0x50, 0x00, 0xCB, 0x0C, 0xF1, 0x28, 0x04, 0x4B, 0xF1, 0x50, 0x00, 0xCB, 0x0C, 0xF1, 0x28
	.byte 0x00, 0xCB, 0x0C, 0xF1, 0x14, 0x0C, 0x4B, 0xF1, 0x50, 0x0C, 0x46, 0x00, 0xCB, 0x60, 0x00, 0xCB
	.byte 0x18, 0xF1, 0x28, 0x00, 0xCB, 0x0C, 0xF1, 0x14, 0x0C, 0x4B, 0xF1, 0x50, 0x00, 0xC4, 0x0C, 0xF1
	.byte 0x28, 0x04, 0x44, 0xF1, 0x50, 0x00, 0xC6, 0x0C, 0xF1, 0x28, 0x04, 0x46, 0xF1, 0x50, 0x00, 0xC8
	.byte 0x0C, 0xF1, 0x28, 0x04, 0x48, 0xF1, 0x50, 0x00, 0xC6, 0x0C, 0xF1, 0x28, 0x00, 0xC6, 0x0C, 0xF1
	.byte 0x14, 0x0C, 0x46, 0xF1, 0x50, 0x0C, 0x46, 0x00, 0xCB, 0x30, 0x00, 0xCB, 0x30, 0xF1, 0x28, 0x00
	.byte 0xCB, 0x0C, 0xF1, 0x14, 0x18, 0x4B, 0xF1, 0x50, 0x0C, 0x46, 0x00, 0xCB, 0x0C, 0xF1, 0x28, 0x00
	.byte 0xCB, 0x0C, 0xF1, 0x14, 0x0C, 0x4B, 0xF1, 0x50, 0x0C, 0x46, 0x00, 0xCB, 0x30, 0x00, 0xCB, 0xC0
	.byte 0xF1, 0x28, 0x00, 0xCB, 0x06, 0xF1, 0x1E, 0x00, 0xCB, 0x06, 0xF1, 0x14, 0x00, 0xCB, 0x06, 0xF1
	.byte 0x0A, 0x06, 0x4B, 0xF6, 0xA7, 0xFF, 0xF9, 0x70, 0xF6, 0xC0, 0xF6, 0xC0, 0xF0, 0x09, 0xF2, 0x8C
	.byte 0xF1, 0x50, 0x00, 0xC6, 0x0C, 0xF1, 0x28, 0x04, 0x46, 0xF1, 0x50, 0x00, 0xC6, 0x0C, 0xF1, 0x28
	.byte 0x04, 0x46, 0xF1, 0x50, 0x00, 0xC6, 0x0C, 0xF1, 0x28, 0x04, 0x46, 0xF1, 0x50, 0x00, 0xC6, 0x0C
	.byte 0xF1, 0x28, 0x00, 0xC6, 0x0C, 0xF1, 0x14, 0x0C, 0x46, 0xF1, 0x50, 0x0C, 0x44, 0x00, 0xC6, 0x60
	.byte 0x00, 0xC6, 0x18, 0xF1, 0x28, 0x00, 0xC6, 0x0C, 0xF1, 0x14, 0x0C, 0x46, 0xF1, 0x50, 0x00, 0xC1
	.byte 0x0C, 0xF1, 0x28, 0x04, 0x41, 0xF1, 0x50, 0x00, 0xC3, 0x0C, 0xF1, 0x28, 0x04, 0x43, 0xF1, 0x50
	.byte 0x00, 0xC4, 0x0C, 0xF1, 0x28, 0x04, 0x44, 0xF1, 0x50, 0x00, 0xC3, 0x0C, 0xF1, 0x28, 0x00, 0xC3
	.byte 0x0C, 0xF1, 0x14, 0x0C, 0x43, 0xF1, 0x50, 0x0C, 0x44, 0x00, 0xC6, 0x30, 0x00, 0xC6, 0x30, 0xF1
	.byte 0x28, 0x00, 0xC6, 0x0C, 0xF1, 0x14, 0x18, 0x46, 0xF1, 0x50, 0x0C, 0x44, 0x00, 0xC6, 0x0C, 0xF1
	.byte 0x28, 0x00, 0xC6, 0x0C, 0xF1, 0x14, 0x0C, 0x46, 0xF1, 0x50, 0x0C, 0x44, 0x00, 0xC6, 0x30, 0x00
	.byte 0xC6, 0xC0, 0xF1, 0x28, 0x00, 0xC6, 0x06, 0xF1, 0x1E, 0x00, 0xC6, 0x06, 0xF1, 0x14, 0x00, 0xC6
	.byte 0x06, 0xF1, 0x0A, 0x06, 0x46, 0xF6, 0xA8, 0xFF, 0xF9, 0x70, 0xF6, 0xC0, 0xF6, 0xC0, 0xF0, 0x03
	.byte 0xF1, 0xC8, 0x00, 0xB3, 0xC0, 0x00, 0xB3, 0xB4, 0xF1, 0x50, 0x0C, 0x33, 0xF1, 0xC8, 0x00, 0xB3
	.byte 0xC0, 0x00, 0xB3, 0xC0, 0xF1, 0x50, 0x00, 0xB3, 0x0C, 0xF1, 0x28, 0x0C, 0x33, 0xF6, 0xA8, 0xFF
	.byte 0xF9, 0x70, 0xF6, 0xC0, 0xF6, 0x90, 0xF0, 0x00, 0xF1, 0x78, 0x30, 0x32, 0xC0, 0x32, 0xF6, 0xC0
	.byte 0xC0, 0x32, 0xF6, 0xC0, 0xF6, 0xC0, 0xFF, 0xF9, 0x70, 0xF0, 0x00, 0xF1, 0x8C, 0x18, 0x28, 0x18
	.byte 0x28, 0xF6, 0x30, 0x18, 0x28, 0x18, 0x28, 0xF6, 0x30, 0x18, 0x28, 0x18, 0x28, 0xF1, 0x50, 0x04
	.byte 0x28, 0xF1, 0x3C, 0x04, 0x28, 0xF1, 0x28, 0x04, 0x28, 0x04, 0x28, 0xF1, 0x3C, 0x04, 0x28, 0x04
	.byte 0x28, 0xF1, 0x50, 0x04, 0x28, 0x04, 0x28, 0xF1, 0x64, 0x04, 0x28, 0x04, 0x28, 0xF1, 0x78, 0x04
	.byte 0x28, 0x04, 0x28, 0xF1, 0x8C, 0x18, 0x28, 0x18, 0x28, 0x30, 0x24, 0xF6, 0x01, 0xF0, 0x09, 0xF2
	.byte 0xB4, 0xF1, 0x50, 0x00, 0xBA, 0x0C, 0xF1, 0x28, 0x00, 0xBA, 0x0C, 0xF1, 0x14, 0x0C, 0x3A, 0xF1
	.byte 0x50, 0xF6, 0x3C, 0x00, 0xBF, 0x0C, 0xF1, 0x28, 0x04, 0x3F, 0xF1, 0x50, 0x00, 0xBF, 0x0C, 0xF1
	.byte 0x28, 0x04, 0x3F, 0xF1, 0x50, 0x00, 0xBF, 0x0C, 0xF1, 0x28, 0x04, 0x3F, 0xF1, 0x50, 0x00, 0xBF
	.byte 0x0C, 0xF1, 0x28, 0x00, 0xBF, 0x0C, 0xF1, 0x14, 0x0C, 0x3F, 0xF1, 0x50, 0x0C, 0x3A, 0x00, 0xBF
	.byte 0x24, 0xF1, 0x28, 0x0C, 0x3F, 0xF1, 0x50, 0x00, 0xB8, 0x0C, 0xF1, 0x28, 0x04, 0x38, 0xF1, 0x50
	.byte 0x00, 0xBA, 0x0C, 0xF1, 0x28, 0x04, 0x3A, 0xF1, 0x50, 0x00, 0xBC, 0x0C, 0xF1, 0x28, 0x04, 0x3C
	.byte 0xF1, 0x50, 0x00, 0xBA, 0x0C, 0xF1, 0x28, 0x00, 0xBA, 0x0C, 0xF1, 0x14, 0x0C, 0x3A, 0xF1, 0x50
	.byte 0x0C, 0x3A, 0x00, 0xBF, 0x30, 0x00, 0xBF, 0x30, 0xF1, 0x28, 0x00, 0xBF, 0x0C, 0xF1, 0x14, 0x0C
	.byte 0x3F, 0xF1, 0x50, 0xF6, 0x0C, 0x0C, 0x33, 0x00, 0xB7, 0x0C, 0xF1, 0x28, 0x00, 0xB7, 0x0C, 0xF1
	.byte 0x14, 0x0C, 0x37, 0xF1, 0x50, 0x0C, 0x33, 0x00, 0xB7, 0x30, 0x00, 0xB7, 0xC0, 0xF1, 0x28, 0x00
	.byte 0xB7, 0x06, 0xF1, 0x1E, 0x00, 0xB7, 0x06, 0xF1, 0x14, 0x00, 0xB7, 0x06, 0xF1, 0x0A, 0x06, 0x37
	.byte 0xF6, 0xA7, 0xFF, 0xF9, 0x70, 0xF6, 0xC0, 0xF6, 0xC0, 0xF0, 0x09, 0xF2, 0x50, 0xF1, 0x50, 0x00
	.byte 0xB3, 0x0C, 0xF1, 0x28, 0x00, 0xB3, 0x0C, 0xF1, 0x14, 0x0C, 0x33, 0xF1, 0x50, 0xF6, 0x3C, 0x00
	.byte 0xBA, 0x0C, 0xF1, 0x28, 0x04, 0x3A, 0xF1, 0x50, 0x00, 0xBA, 0x0C, 0xF1, 0x28, 0x04, 0x3A, 0xF1
	.byte 0x50, 0x00, 0xBA, 0x0C, 0xF1, 0x28, 0x04, 0x3A, 0xF1, 0x50, 0x00, 0xBA, 0x0C, 0xF1, 0x28, 0x00
	.byte 0xB3, 0x0C, 0xF1, 0x14, 0x0C, 0x33, 0xF1, 0x50, 0x0C, 0x38, 0x00, 0xBA, 0x24, 0xF1, 0x28, 0x0C
	.byte 0x3A, 0xF1, 0x50, 0x00, 0xB5, 0x0C, 0xF1, 0x28, 0x04, 0x35, 0xF1, 0x50, 0x00, 0xB7, 0x0C, 0xF1
	.byte 0x28, 0x04, 0x37, 0xF1, 0x50, 0x00, 0xB8, 0x0C, 0xF1, 0x28, 0x04, 0x38, 0xF1, 0x50, 0x00, 0xB7
	.byte 0x0C, 0xF1, 0x28, 0x00, 0xB7, 0x0C, 0xF1, 0x14, 0x0C, 0x37, 0xF1, 0x50, 0x0C, 0x38, 0x00, 0xBA
	.byte 0x30, 0x00, 0xBA, 0x30, 0xF1, 0x28, 0x00, 0xBA, 0x0C, 0xF1, 0x14, 0x0C, 0x3A, 0xF1, 0x50, 0xF6
	.byte 0x0C, 0x0C, 0x2E, 0x00, 0xB3, 0x0C, 0xF1, 0x28, 0x00, 0xB3, 0x0C, 0xF1, 0x14, 0x0C, 0x33, 0xF1
	.byte 0x50, 0x0C, 0x2E, 0x00, 0xB3, 0x30, 0x00, 0xB3, 0xC0, 0xF1, 0x28, 0x00, 0xB3, 0x06, 0xF1, 0x1E
	.byte 0x00, 0xB3, 0x06, 0xF1, 0x14, 0x00, 0xB3, 0x06, 0xF1, 0x0A, 0x06, 0x33, 0xF6, 0xA8, 0xFF, 0xF9
	.byte 0x70, 0xF6, 0xC0, 0xF6, 0xC0, 0xF6, 0x09, 0xF0, 0xC2, 0xF2, 0x6E, 0xF1, 0x14, 0x0C, 0x4B, 0xF1
	.byte 0x0A, 0x04, 0x4B, 0xF1, 0x14, 0x0C, 0x4B, 0xF1, 0x05, 0x04, 0x4B, 0xF1, 0x14, 0x0C, 0x4B, 0xF1
	.byte 0x0A, 0x04, 0x4B, 0xF1, 0x14, 0x0C, 0x4B, 0xF1, 0x0A, 0x0C, 0x4B, 0xF1, 0x05, 0x0C, 0x4B, 0xF1
	.byte 0x14, 0x0C, 0x46, 0x60, 0x4B, 0x18, 0x4B, 0xF1, 0x0A, 0x0C, 0x4B, 0xF1, 0x05, 0x0C, 0x4B, 0xF1
	.byte 0x14, 0x0C, 0x44, 0xF1, 0x0A, 0x04, 0x44, 0xF1, 0x14, 0x0C, 0x46, 0xF1, 0x0A, 0x04, 0x46, 0xF1
	.byte 0x14, 0x0C, 0x48, 0xF1, 0x0A, 0x04, 0x48, 0xF1, 0x14, 0x0C, 0x46, 0xF1, 0x0A, 0x0C, 0x46, 0xF1
	.byte 0x05, 0x0C, 0x46, 0xF1, 0x14, 0x0C, 0x46, 0x30, 0x4B, 0x30, 0x4B, 0xF1, 0x0A, 0x0C, 0x4B, 0xF1
	.byte 0x05, 0x18, 0x4B, 0xF1, 0x14, 0x0C, 0x46, 0x0C, 0x4B, 0xF1, 0x0A, 0x0C, 0x4B, 0xF1, 0x05, 0x0C
	.byte 0x4B, 0xF1, 0x14, 0x0C, 0x46, 0x30, 0x4B, 0xC0, 0x4B, 0xF1, 0x0A, 0x0C, 0x4B, 0xF1, 0x05, 0x0C
	.byte 0x4B, 0xF6, 0x9F, 0xFF, 0xF9, 0x70, 0xF6, 0xC0, 0xF6, 0xC0, 0xF6, 0x08, 0xF0, 0xC2, 0xF2, 0x8C
	.byte 0xF1, 0x14, 0x0C, 0x46, 0xF1, 0x0A, 0x04, 0x46, 0xF1, 0x14, 0x0C, 0x46, 0xF1, 0x0A, 0x04, 0x46
	.byte 0xF1, 0x14, 0x0C, 0x46, 0xF1, 0x0A, 0x04, 0x46, 0xF1, 0x14, 0x0C, 0x46, 0xF1, 0x0A, 0x0C, 0x46
	.byte 0xF1, 0x05, 0x0C, 0x46, 0xF1, 0x14, 0x0C, 0x44, 0x60, 0x46, 0x18, 0x46, 0xF1, 0x0A, 0x0C, 0x46
	.byte 0xF1, 0x05, 0x0C, 0x46, 0xF1, 0x14, 0x0C, 0x41, 0xF1, 0x0A, 0x04, 0x41, 0xF1, 0x14, 0x0C, 0x43
	.byte 0xF1, 0x0A, 0x04, 0x43, 0xF1, 0x14, 0x0C, 0x44, 0xF1, 0x0A, 0x04, 0x44, 0xF1, 0x14, 0x0C, 0x43
	.byte 0xF1, 0x0A, 0x0C, 0x43, 0xF1, 0x05, 0x0C, 0x43, 0xF1, 0x14, 0x0C, 0x44, 0x30, 0x46, 0x30, 0x46
	.byte 0xF1, 0x0A, 0x0C, 0x46, 0xF1, 0x05, 0x18, 0x46, 0xF1, 0x14, 0x0C, 0x44, 0x0C, 0x46, 0xF1, 0x0A
	.byte 0x0C, 0x46, 0xF1, 0x05, 0x0C, 0x46, 0xF1, 0x14, 0x0C, 0x44, 0x30, 0x46, 0xC0, 0x46, 0xF1, 0x0A
	.byte 0x0C, 0x46, 0xF1, 0x05, 0x0C, 0x46, 0xF6, 0xA0, 0xFF, 0x00, 0x00, 0x00, 0xFC, 0x03, 0x12, 0x00
	.byte 0xC5, 0x04, 0x69, 0x08, 0x91, 0x0E, 0xD2, 0x10, 0x61, 0x11, 0x5F, 0x16, 0x5B, 0x1D, 0xF9, 0x70
	.byte 0xF6, 0x01, 0xF0, 0x09, 0xF2, 0x6E, 0xF1, 0x50, 0x00, 0xCB, 0x0C, 0xF1, 0x28, 0x04, 0x4B, 0xF1
	.byte 0x50, 0x00, 0xCB, 0x0C, 0xF1, 0x28, 0x04, 0x4B, 0xF1, 0x50, 0x00, 0xCB, 0x0C, 0xF1, 0x28, 0x04
	.byte 0x4B, 0xF1, 0x50, 0x00, 0xCB, 0x0C, 0xF1, 0x28, 0x00, 0xCB, 0x0C, 0xF1, 0x14, 0x0C, 0x4B, 0xF1
	.byte 0x50, 0x0C, 0x46, 0x00, 0xCB, 0x60, 0x18, 0x4B, 0xF1, 0x28, 0x00, 0xCB, 0x0C, 0xF1, 0x14, 0x0C
	.byte 0x4B, 0xF1, 0x50, 0x00, 0xC4, 0x0C, 0xF1, 0x28, 0x04, 0x44, 0xF1, 0x50, 0x00, 0xC6, 0x0C, 0xF1
	.byte 0x28, 0x04, 0x46, 0xF1, 0x50, 0x00, 0xC8, 0x0C, 0xF1, 0x28, 0x04, 0x48, 0xF1, 0x50, 0x00, 0xC6
	.byte 0x0C, 0xF1, 0x28, 0x00, 0xC6, 0x0C, 0xF1, 0x14, 0x0C, 0x46, 0xF1, 0x50, 0x0C, 0x46, 0x00, 0xCB
	.byte 0x30, 0x00, 0xCB, 0x30, 0xF1, 0x28, 0x00, 0xCB, 0x0C, 0xF1, 0x14, 0x0C, 0x4B, 0xF1, 0x50, 0xF6
	.byte 0x0C, 0x0C, 0x46, 0x00, 0xCB, 0x0C, 0xF1, 0x28, 0x00, 0xCB, 0x0C, 0xF1, 0x14, 0x0C, 0x4B, 0xF1
	.byte 0x50, 0x0C, 0x46, 0x00, 0xCB, 0x30, 0x00, 0xCB, 0xA8, 0xF1, 0x28, 0x00, 0xCB, 0x0C, 0xF1, 0x14
	.byte 0x0C, 0x4B, 0xF1, 0x50, 0x00, 0xC9, 0x0C, 0xF1, 0x28, 0x04, 0x49, 0xF1, 0x50, 0x00, 0xC9, 0x0C
	.byte 0xF1, 0x28, 0x04, 0x49, 0xF1, 0x50, 0x00, 0xC9, 0x0C, 0xF1, 0x28, 0x04, 0x49, 0xF1, 0x50, 0x00
	.byte 0xC9, 0x0C, 0xF1, 0x28, 0x00, 0xC9, 0x0C, 0xF1, 0x14, 0x0C, 0x49, 0xF1, 0x50, 0x0C, 0x44, 0x00
	.byte 0xC9, 0x60, 0x00, 0xC9, 0x18, 0xF1, 0x28, 0x00, 0xC9, 0x0C, 0xF1, 0x14, 0x0C, 0x49, 0xF1, 0x50
	.byte 0x00, 0xC2, 0x0C, 0xF1, 0x28, 0x04, 0x42, 0xF1, 0x50, 0x00, 0xC4, 0x0C, 0xF1, 0x28, 0x04, 0x44
	.byte 0xF1, 0x50, 0x00, 0xC6, 0x0C, 0xF1, 0x28, 0x04, 0x46, 0xF1, 0x50, 0x00, 0xC4, 0x0C, 0xF1, 0x28
	.byte 0x00, 0xC4, 0x0C, 0xF1, 0x14, 0x0C, 0x44, 0xF1, 0x50, 0x0C, 0x44, 0x00, 0xC9, 0x30, 0x30, 0x49
	.byte 0xF1, 0x28, 0x00, 0xC9, 0x0C, 0xF1, 0x14, 0x0C, 0x49, 0xF1, 0x50, 0xF6, 0x0C, 0x0C, 0x44, 0x00
	.byte 0xC9, 0x0C, 0xF1, 0x28, 0x00, 0xC9, 0x0C, 0xF1, 0x14, 0x0C, 0x49, 0xF1, 0x50, 0x0C, 0x44, 0x00
	.byte 0xC9, 0x30, 0x00, 0xC9, 0xA8, 0xF9, 0x84, 0xF1, 0x28, 0x00, 0xC9, 0x0C, 0xF1, 0x14, 0x0C, 0x49
	.byte 0xF1, 0x50, 0x00, 0xCB, 0x0C, 0xF1, 0x28, 0x04, 0x4B, 0xF1, 0x50, 0x00, 0xCB, 0x0C, 0xF1, 0x28
	.byte 0x04, 0x4B, 0xF1, 0x50, 0x00, 0xCB, 0x0C, 0xF1, 0x28, 0x04, 0x4B, 0xF1, 0x50, 0x00, 0xCB, 0x0C
	.byte 0xF1, 0x28, 0x00, 0xCB, 0x0C, 0xF1, 0x14, 0x0C, 0x4B, 0xF1, 0x50, 0x0C, 0x46, 0x00, 0xCB, 0x60
	.byte 0x00, 0xCB, 0x18, 0xF1, 0x28, 0x00, 0xCB, 0x0C, 0xF1, 0x14, 0x0C, 0x4B, 0xF1, 0x50, 0x00, 0xC4
	.byte 0x0C, 0xF1, 0x28, 0x04, 0x44, 0xF1, 0x50, 0x00, 0xC6, 0x0C, 0xF1, 0x28, 0x04, 0x46, 0xF1, 0x50
	.byte 0x00, 0xC8, 0x0C, 0xF1, 0x28, 0x04, 0x48, 0xF1, 0x50, 0x00, 0xC6, 0x0C, 0xF1, 0x28, 0x00, 0xC6
	.byte 0x0C, 0xF1, 0x14, 0x0C, 0x46, 0xF1, 0x50, 0x0C, 0x46, 0x00, 0xCB, 0x30, 0x00, 0xCB, 0x30, 0xF1
	.byte 0x28, 0x00, 0xCB, 0x0C, 0xF1, 0x14, 0x0C, 0x4B, 0xF1, 0x50, 0xF6, 0x0C, 0x0C, 0x46, 0x00, 0xCB
	.byte 0x0C, 0xF1, 0x28, 0x00, 0xCB, 0x0C, 0xF1, 0x14, 0x0C, 0x4B, 0xF1, 0x50, 0x0C, 0x46, 0x00, 0xCB
	.byte 0x30, 0x00, 0xCB, 0xA8, 0xF1, 0x28, 0x00, 0xCB, 0x0C, 0xF1, 0x14, 0x0C, 0x4B, 0xF1, 0x50, 0x00
	.byte 0xC9, 0x0C, 0xF1, 0x28, 0x04, 0x49, 0xF1, 0x50, 0x00, 0xC9, 0x0C, 0xF1, 0x28, 0x04, 0x49, 0xF1
	.byte 0x50, 0x00, 0xC9, 0x0C, 0xF1, 0x28, 0x04, 0x49, 0xF1, 0x50, 0x00, 0xC9, 0x0C, 0xF1, 0x28, 0x00
	.byte 0xC9, 0x0C, 0xF1, 0x14, 0x0C, 0x49, 0xF1, 0x50, 0x0C, 0x44, 0x00, 0xC9, 0x60, 0x00, 0xC9, 0x18
	.byte 0xF1, 0x28, 0x00, 0xC9, 0x0C, 0xF1, 0x14, 0x0C, 0x49, 0xF1, 0x50, 0x00, 0xC2, 0x0C, 0xF1, 0x28
	.byte 0x04, 0x42, 0xF1, 0x50, 0x00, 0xC4, 0x0C, 0xF1, 0x28, 0x04, 0x44, 0xF1, 0x50, 0x00, 0xC6, 0x0C
	.byte 0xF1, 0x28, 0x04, 0x44, 0xF1, 0x50, 0x00, 0xC4, 0x0C, 0xF1, 0x28, 0x00, 0xC4, 0x0C, 0xF1, 0x14
	.byte 0x0C, 0x44, 0xF1, 0x50, 0x0C, 0x44, 0x00, 0xC9, 0x30, 0x00, 0xC9, 0x30, 0xF1, 0x28, 0x00, 0xC9
	.byte 0x0C, 0xF1, 0x14, 0x0C, 0x49, 0xF1, 0x50, 0xF6, 0x0C, 0x0C, 0x44, 0x00, 0xC9, 0x0C, 0xF1, 0x28
	.byte 0x00, 0xC9, 0x0C, 0xF1, 0x14, 0x0C, 0x49, 0xF1, 0x50, 0x0C, 0x44, 0x00, 0xC9, 0x30, 0x00, 0xC9
	.byte 0xA8, 0xF1, 0x28, 0x00, 0xC9, 0x0C, 0xF1, 0x14, 0x0B, 0x49, 0xF6, 0x01, 0xF0, 0x31, 0xF2, 0x6E
	.byte 0xF1, 0x78, 0x30, 0x37, 0x30, 0x3A, 0x30, 0x3E, 0x30, 0x3F, 0x60, 0x41, 0x30, 0x43, 0x30, 0x41
	.byte 0x00, 0xBF, 0x0C, 0xF1, 0x28, 0x00, 0xBF, 0x0C, 0xF1, 0x14, 0x0C, 0x3F, 0xF1, 0x50, 0x0C, 0x3E
	.byte 0x00, 0xBF, 0x90, 0x00, 0xBF, 0x24, 0xF1, 0x14, 0x0C, 0x3F, 0xF1, 0x50, 0x30, 0x43, 0x30, 0x41
	.byte 0x30, 0x3F, 0x00, 0xBD, 0x0C, 0xF1, 0x28, 0x00, 0xBD, 0x0C, 0xF1, 0x14, 0x0C, 0x3D, 0xF1, 0x50
	.byte 0x0C, 0x3C, 0x00, 0xBD, 0x90, 0x00, 0xBD, 0x24, 0xF1, 0x14, 0x0C, 0x3D, 0xF1, 0x50, 0x30, 0x41
	.byte 0x30, 0x3F, 0x30, 0x3D, 0x00, 0xBF, 0x0C, 0xF1, 0x14, 0x04, 0x3F, 0xF1, 0x50, 0x10, 0x3F, 0x00
	.byte 0xC1, 0x0C, 0xF1, 0x14, 0x04, 0x41, 0xF1, 0x50, 0x00, 0xC3, 0x90, 0x00, 0xC3, 0x24, 0xF1, 0x14
	.byte 0x0C, 0x43, 0xF1, 0x50, 0x30, 0x43, 0x30, 0x41, 0x30, 0x3F, 0x30, 0x37, 0x30, 0x3A, 0x30, 0x3E
	.byte 0x30, 0x3F, 0x60, 0x41, 0x30, 0x43, 0x30, 0x41, 0x00, 0xBF, 0x0C, 0xF1, 0x28, 0x00, 0xBF, 0x0C
	.byte 0xF1, 0x14, 0x0C, 0x3F, 0xF1, 0x50, 0x0C, 0x3E, 0x00, 0xBF, 0x90, 0x00, 0xBF, 0x24, 0xF1, 0x28
	.byte 0x0C, 0x3F, 0xF1, 0x50, 0x30, 0x43, 0x30, 0x41, 0x30, 0x3F, 0x00, 0xBD, 0x0C, 0xF1, 0x28, 0x00
	.byte 0xBD, 0x0C, 0xF1, 0x14, 0x0C, 0x3D, 0xF1, 0x50, 0x0C, 0x3C, 0x00, 0xBD, 0x90, 0x00, 0xBD, 0x24
	.byte 0xF1, 0x28, 0x0C, 0x3D, 0xF1, 0x50, 0x30, 0x41, 0x30, 0x3F, 0x30, 0x3D, 0x00, 0xBF, 0x0C, 0xF1
	.byte 0x28, 0x04, 0x3F, 0xF1, 0x50, 0x10, 0x3F, 0x00, 0xC1, 0x0C, 0xF1, 0x28, 0x04, 0x41, 0xF1, 0x50
	.byte 0x00, 0xC3, 0x90, 0x00, 0xC3, 0x24, 0xF1, 0x28, 0x0C, 0x43, 0xF1, 0x50, 0x30, 0x43, 0x30, 0x43
	.byte 0x30, 0x43, 0xF0, 0x09, 0xF2, 0x6E, 0xF1, 0x50, 0x00, 0xCB, 0x0C, 0xF1, 0x28, 0x04, 0x43, 0xF1
	.byte 0x50, 0x00, 0xCB, 0x0C, 0xF1, 0x28, 0x04, 0x43, 0xF1, 0x50, 0x00, 0xCB, 0x0C, 0xF1, 0x28, 0x04
	.byte 0x43, 0xF1, 0x50, 0x00, 0xCB, 0x0C, 0xF1, 0x28, 0x00, 0xCB, 0x0C, 0xF1, 0x14, 0x0C, 0x4B, 0xF1
	.byte 0x50, 0x0C, 0x46, 0x00, 0xCB, 0x60, 0x00, 0xCB, 0x18, 0xF1, 0x28, 0x00, 0xCB, 0x0C, 0xF1, 0x14
	.byte 0x0C, 0x4B, 0xF1, 0x50, 0x0C, 0x44, 0xF1, 0x28, 0x04, 0x44, 0xF1, 0x50, 0x0C, 0x46, 0xF1, 0x28
	.byte 0x04, 0x46, 0xF1, 0x50, 0x0C, 0x48, 0xF1, 0x28, 0x04, 0x48, 0xF1, 0x50, 0x00, 0xC6, 0x0C, 0xF1
	.byte 0x28, 0x00, 0xC6, 0x0C, 0xF1, 0x14, 0x0C, 0x46, 0xF1, 0x50, 0x0C, 0x46, 0x00, 0xCB, 0x30, 0x00
	.byte 0xCB, 0x30, 0xF1, 0x28, 0x00, 0xCB, 0x0C, 0xF1, 0x14, 0x0C, 0x4B, 0xF1, 0x50, 0xF6, 0x0C, 0x0C
	.byte 0x46, 0x00, 0xCB, 0x0C, 0xF1, 0x28, 0x00, 0xCB, 0x0C, 0xF1, 0x14, 0x0C, 0x4B, 0xF1, 0x50, 0x0C
	.byte 0x46, 0x00, 0xCB, 0x30, 0x00, 0xCB, 0xA8, 0xF1, 0x28, 0x00, 0xCB, 0x0C, 0xF1, 0x14, 0x0C, 0x4B
	.byte 0xF1, 0x50, 0x00, 0xC9, 0x0C, 0xF1, 0x14, 0x04, 0x49, 0xF1, 0x50, 0x00, 0xC9, 0x0C, 0xF1, 0x14
	.byte 0x04, 0x49, 0xF1, 0x50, 0x00, 0xC9, 0x0C, 0xF1, 0x14, 0x04, 0x49, 0xF1, 0x50, 0x00, 0xC9, 0x0C
	.byte 0xF1, 0x28, 0x00, 0xC9, 0x0C, 0xF1, 0x14, 0x0C, 0x49, 0xF1, 0x50, 0x0C, 0x44, 0x00, 0xC9, 0x60
	.byte 0x00, 0xC9, 0x18, 0xF1, 0x28, 0x00, 0xC9, 0x0C, 0xF1, 0x14, 0x0C, 0x49, 0xF1, 0x50, 0x00, 0xC2
	.byte 0x0C, 0xF1, 0x28, 0x04, 0x42, 0xF1, 0x50, 0x00, 0xC4, 0x0C, 0xF1, 0x28, 0x04, 0x44, 0xF1, 0x50
	.byte 0x00, 0xC6, 0x0C, 0xF1, 0x28, 0x04, 0x46, 0xF1, 0x50, 0x00, 0xC4, 0x0C, 0xF1, 0x28, 0x00, 0xC4
	.byte 0x0C, 0xF1, 0x14, 0x0C, 0x44, 0xF1, 0x50, 0x0C, 0x44, 0x00, 0xC9, 0x30, 0x00, 0xC9, 0x30, 0xF1
	.byte 0x28, 0x00, 0xC9, 0x0C, 0xF1, 0x14, 0x0C, 0x49, 0xF1, 0x50, 0xF6, 0x0C, 0x0C, 0x44, 0x00, 0xC9
	.byte 0x0C, 0xF1, 0x28, 0x00, 0xC9, 0x0C, 0xF1, 0x14, 0x0C, 0x49, 0xF1, 0x50, 0x0C, 0x44, 0x00, 0xC9
	.byte 0x30, 0x00, 0xC9, 0xA8, 0xF1, 0x28, 0x00, 0xC9, 0x0C, 0xF1, 0x14, 0x0B, 0x49, 0xF8, 0xCA, 0xFD
	.byte 0xFF, 0xF9, 0x70, 0xF0, 0x09, 0xF1, 0x64, 0x00, 0xC6, 0x0C, 0xF1, 0x28, 0x04, 0x46, 0xF1, 0x50
	.byte 0x00, 0xC6, 0x0C, 0xF1, 0x28, 0x04, 0x46, 0xF1, 0x50, 0x00, 0xC6, 0x0C, 0xF1, 0x28, 0x04, 0x46
	.byte 0xF1, 0x50, 0x00, 0xC6, 0x0C, 0xF1, 0x28, 0x00, 0xC6, 0x0C, 0xF1, 0x14, 0x0C, 0x46, 0xF1, 0x50
	.byte 0x0C, 0x44, 0x00, 0xC6, 0x60, 0x00, 0xC6, 0x18, 0xF1, 0x28, 0x00, 0xC6, 0x0C, 0xF1, 0x14, 0x0C
	.byte 0x46, 0xF1, 0x50, 0x00, 0xC1, 0x0C, 0xF1, 0x28, 0x04, 0x41, 0xF1, 0x50, 0x00, 0xC3, 0x0C, 0xF1
	.byte 0x28, 0x04, 0x43, 0xF1, 0x50, 0x00, 0xC4, 0x0C, 0xF1, 0x28, 0x04, 0x44, 0xF1, 0x50, 0x00, 0xC3
	.byte 0x0C, 0xF1, 0x28, 0x00, 0xC3, 0x0C, 0xF1, 0x14, 0x0C, 0x43, 0xF1, 0x50, 0x0C, 0x44, 0x00, 0xC6
	.byte 0x30, 0x00, 0xC6, 0x30, 0xF1, 0x28, 0x00, 0xC6, 0x0C, 0xF1, 0x14, 0x0C, 0x46, 0xF1, 0x50, 0xF6
	.byte 0x0C, 0x0C, 0x44, 0x00, 0xC6, 0x0C, 0xF1, 0x28, 0x00, 0xC6, 0x0C, 0xF1, 0x14, 0x0C, 0x46, 0xF1
	.byte 0x50, 0x0C, 0x44, 0x00, 0xC6, 0x30, 0x00, 0xC6, 0xA8, 0xF1, 0x28, 0x00, 0xC6, 0x0C, 0xF1, 0x14
	.byte 0x0C, 0x46, 0xF1, 0x50, 0x00, 0xC4, 0x0C, 0xF1, 0x28, 0x04, 0x44, 0xF1, 0x50, 0x00, 0xC4, 0x0C
	.byte 0xF1, 0x28, 0x04, 0x44, 0xF1, 0x50, 0x00, 0xC4, 0x0C, 0xF1, 0x28, 0x04, 0x44, 0xF1, 0x50, 0x00
	.byte 0xC4, 0x0C, 0xF1, 0x28, 0x00, 0xC4, 0x0C, 0xF1, 0x14, 0x0C, 0x44, 0xF1, 0x50, 0x0C, 0x42, 0x00
	.byte 0xC4, 0x60, 0x00, 0xC4, 0x18, 0xF1, 0x28, 0x00, 0xC4, 0x0C, 0xF1, 0x14, 0x0C, 0x44, 0xF1, 0x50
	.byte 0x00, 0xBF, 0x0C, 0xF1, 0x28, 0x04, 0x3F, 0xF1, 0x50, 0x00, 0xC1, 0x0C, 0xF1, 0x28, 0x04, 0x41
	.byte 0xF1, 0x50, 0x00, 0xC2, 0x0C, 0xF1, 0x28, 0x04, 0x42, 0xF1, 0x50, 0x00, 0xC1, 0x0C, 0xF1, 0x28
	.byte 0x00, 0xC1, 0x0C, 0xF1, 0x14, 0x0C, 0x41, 0xF1, 0x50, 0x0C, 0x42, 0x00, 0xC4, 0x30, 0x00, 0xC4
	.byte 0x30, 0xF1, 0x28, 0x00, 0xC4, 0x0C, 0xF1, 0x14, 0x0C, 0x44, 0xF1, 0x50, 0xF6, 0x0C, 0x0C, 0x42
	.byte 0x00, 0xC4, 0x0C, 0xF1, 0x28, 0x00, 0xC4, 0x0C, 0xF1, 0x14, 0x0C, 0x44, 0xF1, 0x50, 0x0C, 0x42
	.byte 0x00, 0xC4, 0x30, 0x00, 0xC4, 0xA8, 0xF9, 0x84, 0xF1, 0x28, 0x00, 0xC4, 0x0C, 0xF1, 0x14, 0x0C
	.byte 0x44, 0xF1, 0x50, 0x00, 0xC6, 0x0C, 0xF1, 0x28, 0x04, 0x46, 0xF1, 0x50, 0x00, 0xC6, 0x0C, 0xF1
	.byte 0x28, 0x04, 0x46, 0xF1, 0x50, 0x00, 0xC6, 0x0C, 0xF1, 0x28, 0x04, 0x46, 0xF1, 0x50, 0x00, 0xC6
	.byte 0x0C, 0xF1, 0x28, 0x00, 0xC6, 0x0C, 0xF1, 0x14, 0x0C, 0x46, 0xF1, 0x50, 0x0C, 0x44, 0x00, 0xC6
	.byte 0x60, 0x00, 0xC6, 0x18, 0xF1, 0x28, 0x00, 0xC6, 0x0C, 0xF1, 0x14, 0x0C, 0x46, 0xF1, 0x50, 0x00
	.byte 0xC1, 0x0C, 0xF1, 0x28, 0x04, 0x41, 0xF1, 0x50, 0x00, 0xC3, 0x0C, 0xF1, 0x28, 0x04, 0x43, 0xF1
	.byte 0x50, 0x00, 0xC4, 0x0C, 0xF1, 0x28, 0x04, 0x44, 0xF1, 0x50, 0x00, 0xC3, 0x0C, 0xF1, 0x28, 0x00
	.byte 0xC3, 0x0C, 0xF1, 0x14, 0x0C, 0x43, 0xF1, 0x50, 0x0C, 0x44, 0x00, 0xC6, 0x30, 0x00, 0xC6, 0x30
	.byte 0xF1, 0x28, 0x00, 0xC6, 0x0C, 0xF1, 0x14, 0x0C, 0x46, 0xF1, 0x50, 0xF6, 0x0C, 0x0C, 0x44, 0x00
	.byte 0xC6, 0x0C, 0xF1, 0x28, 0x00, 0xC6, 0x0C, 0xF1, 0x14, 0x0C, 0x46, 0xF1, 0x50, 0x0C, 0x44, 0x00
	.byte 0xC6, 0x30, 0x00, 0xC6, 0xA8, 0xF1, 0x28, 0x00, 0xC6, 0x0C, 0xF1, 0x14, 0x0C, 0x46, 0xF1, 0x50
	.byte 0x00, 0xC4, 0x0C, 0xF1, 0x28, 0x04, 0x44, 0xF1, 0x50, 0x00, 0xC4, 0x0C, 0xF1, 0x28, 0x04, 0x44
	.byte 0xF1, 0x50, 0x00, 0xC4, 0x0C, 0xF1, 0x28, 0x04, 0x44, 0xF1, 0x50, 0x00, 0xC4, 0x0C, 0xF1, 0x28
	.byte 0x00, 0xC4, 0x0C, 0xF1, 0x14, 0x0C, 0x44, 0xF1, 0x50, 0x0C, 0x42, 0x00, 0xC4, 0x60, 0x00, 0xC4
	.byte 0x18, 0xF1, 0x28, 0x00, 0xC4, 0x0C, 0xF1, 0x14, 0x0C, 0x44, 0xF1, 0x50, 0x00, 0xBF, 0x0C, 0xF1
	.byte 0x28, 0x04, 0x3F, 0xF1, 0x50, 0x00, 0xC1, 0x0C, 0xF1, 0x28, 0x04, 0x41, 0xF1, 0x50, 0x00, 0xC2
	.byte 0x0C, 0xF1, 0x28, 0x04, 0x42, 0xF1, 0x50, 0x00, 0xC1, 0x0C, 0xF1, 0x28, 0x00, 0xC1, 0x0C, 0xF1
	.byte 0x14, 0x0C, 0x41, 0xF1, 0x50, 0x0C, 0x42, 0x00, 0xC4, 0x30, 0x00, 0xC4, 0x30, 0xF1, 0x28, 0x00
	.byte 0xC4, 0x0C, 0xF1, 0x14, 0x0C, 0x44, 0xF1, 0x50, 0xF6, 0x0C, 0x0C, 0x42, 0x00, 0xC4, 0x0C, 0xF1
	.byte 0x28, 0x00, 0xC4, 0x0C, 0xF1, 0x14, 0x0C, 0x44, 0xF1, 0x50, 0x0C, 0x42, 0x00, 0xC4, 0x30, 0x00
	.byte 0xC4, 0xA8, 0xF1, 0x28, 0x00, 0xC4, 0x0C, 0xF1, 0x14, 0x0C, 0x44, 0xF1, 0x50, 0xF0, 0x31, 0xF2
	.byte 0x6E, 0xF1, 0x78, 0x30, 0x3A, 0x30, 0x3F, 0x30, 0x41, 0x30, 0x43, 0x60, 0x44, 0x30, 0x46, 0x30
	.byte 0x44, 0x0C, 0x43, 0xF6, 0x18, 0x0C, 0x41, 0x00, 0xC3, 0x90, 0x24, 0x43, 0xF6, 0x0C, 0x30, 0x46
	.byte 0x30, 0x44, 0x30, 0x43, 0x0C, 0x41, 0xF6, 0x18, 0x0C, 0x3F, 0x00, 0xC1, 0x90, 0x24, 0x41, 0xF6
	.byte 0x0C, 0x30, 0x44, 0x30, 0x43, 0x30, 0x41, 0x0C, 0x43, 0xF6, 0x04, 0x10, 0x43, 0x0C, 0x44, 0xF6
	.byte 0x04, 0x00, 0xC6, 0x90, 0x24, 0x46, 0xF6, 0x0C, 0x30, 0x46, 0x30, 0x44, 0x30, 0x43, 0x30, 0x3A
	.byte 0x30, 0x3F, 0x30, 0x41, 0x30, 0x43, 0x60, 0x44, 0x30, 0x46, 0x30, 0x44, 0x0C, 0x43, 0xF6, 0x18
	.byte 0x0C, 0x41, 0x00, 0xC3, 0x90, 0x24, 0x43, 0xF6, 0x0C, 0x30, 0x46, 0x30, 0x44, 0x30, 0x43, 0x0C
	.byte 0x41, 0xF6, 0x18, 0x0C, 0x3F, 0x00, 0xC1, 0x90, 0x24, 0x41, 0xF6, 0x0C, 0x30, 0x44, 0x30, 0x43
	.byte 0x30, 0x41, 0x0C, 0x43, 0xF6, 0x04, 0x10, 0x43, 0x0C, 0x44, 0xF6, 0x04, 0x00, 0xC6, 0x90, 0x24
	.byte 0x46, 0xF6, 0x0C, 0x30, 0x46, 0x30, 0x46, 0x30, 0x46, 0xF0, 0x09, 0xF2, 0x6E, 0xF1, 0x50, 0x0C
	.byte 0x46, 0xF6, 0x04, 0x0C, 0x46, 0xF6, 0x04, 0x0C, 0x46, 0xF6, 0x04, 0x0C, 0x46, 0xF6, 0x18, 0x0C
	.byte 0x44, 0x00, 0xC6, 0x60, 0x18, 0x46, 0xF6, 0x18, 0x0C, 0x41, 0xF6, 0x04, 0x0C, 0x43, 0xF6, 0x04
	.byte 0x0C, 0x44, 0xF6, 0x04, 0x0C, 0x43, 0xF6, 0x18, 0x0C, 0x44, 0x00, 0xC6, 0x30, 0x30, 0x46, 0xF6
	.byte 0x24, 0x0C, 0x44, 0x0C, 0x46, 0xF6, 0x18, 0x0C, 0x44, 0x00, 0xC6, 0x30, 0xA8, 0x46, 0xF6, 0x18
	.byte 0x0C, 0x44, 0xF6, 0x04, 0x0C, 0x44, 0xF6, 0x04, 0x0C, 0x44, 0xF6, 0x04, 0x0C, 0x44, 0xF6, 0x18
	.byte 0x0C, 0x42, 0x00, 0xC4, 0x60, 0x18, 0x44, 0xF6, 0x18, 0x0C, 0x3F, 0xF6, 0x04, 0x0C, 0x41, 0xF6
	.byte 0x04, 0x0C, 0x42, 0xF6, 0x04, 0x0C, 0x41, 0xF6, 0x18, 0x0C, 0x42, 0x00, 0xC4, 0x30, 0x30, 0x44
	.byte 0xF6, 0x24, 0x0C, 0x42, 0x0C, 0x44, 0xF6, 0x18, 0x0C, 0x42, 0x00, 0xC4, 0x30, 0xA8, 0x44, 0xF6
	.byte 0x18, 0xF8, 0xD9, 0xFE, 0xFF, 0xF9, 0x70, 0xF0, 0x03, 0xF1, 0xDC, 0x00, 0xB3, 0xC0, 0xB4, 0x33
	.byte 0xF6, 0x0C, 0x00, 0xB3, 0xC0, 0xA8, 0x33, 0xF6, 0x18, 0x00, 0xB1, 0xC0, 0xB4, 0x31, 0xF6, 0x0C
	.byte 0x00, 0xB1, 0xC0, 0xA8, 0x31, 0xF9, 0x84, 0xF6, 0x18, 0x08, 0x33, 0xF6, 0x10, 0x08, 0x33, 0xF6
	.byte 0x04, 0x08, 0x33, 0xF6, 0x04, 0x08, 0x33, 0xF6, 0x10, 0x08, 0x33, 0xF6, 0x04, 0x08, 0x33, 0xF6
	.byte 0x04, 0x08, 0x33, 0xF6, 0x10, 0x08, 0x33, 0xF6, 0x04, 0x08, 0x33, 0xF6, 0x04, 0x08, 0x33, 0xF6
	.byte 0x10, 0x08, 0x33, 0xF6, 0x04, 0x08, 0x33, 0xF6, 0x04, 0x08, 0x33, 0xF6, 0x10, 0x08, 0x33, 0xF6
	.byte 0x04, 0x08, 0x33, 0xF6, 0x04, 0x08, 0x33, 0xF6, 0x10, 0x08, 0x33, 0xF6, 0x04, 0x08, 0x33, 0xF6
	.byte 0x04, 0x08, 0x33, 0xF6, 0x10, 0x08, 0x33, 0xF6, 0x04, 0x08, 0x33, 0xF6, 0x04, 0x08, 0x33, 0xF6
	.byte 0x10, 0x08, 0x33, 0xF6, 0x04, 0x08, 0x33, 0xF6, 0x04, 0x08, 0x33, 0xF6, 0x10, 0x08, 0x33, 0xF6
	.byte 0x04, 0x08, 0x33, 0xF6, 0x04, 0x08, 0x33, 0xF6, 0x10, 0x08, 0x33, 0xF6, 0x04, 0x08, 0x33, 0xF6
	.byte 0x04, 0x08, 0x33, 0xF6, 0x10, 0x08, 0x33, 0xF6, 0x04, 0x08, 0x33, 0xF6, 0x04, 0x08, 0x33, 0xF6
	.byte 0x10, 0x08, 0x33, 0xF6, 0x04, 0x08, 0x33, 0xF6, 0x04, 0x08, 0x33, 0xF6, 0x10, 0x08, 0x33, 0xF6
	.byte 0x04, 0x08, 0x33, 0xF6, 0x04, 0x08, 0x33, 0xF6, 0x10, 0x08, 0x33, 0xF6, 0x04, 0x08, 0x33, 0xF6
	.byte 0x04, 0x08, 0x33, 0xF6, 0x10, 0x08, 0x33, 0xF6, 0x04, 0x08, 0x33, 0xF6, 0x04, 0x08, 0x33, 0xF6
	.byte 0x10, 0x08, 0x33, 0xF6, 0x04, 0x08, 0x33, 0xF6, 0x04, 0x08, 0x31, 0xF6, 0x10, 0x08, 0x31, 0xF6
	.byte 0x04, 0x08, 0x31, 0xF6, 0x04, 0x08, 0x31, 0xF6, 0x10, 0x08, 0x31, 0xF6, 0x04, 0x08, 0x31, 0xF6
	.byte 0x04, 0x08, 0x31, 0xF6, 0x10, 0x08, 0x31, 0xF6, 0x04, 0x08, 0x31, 0xF6, 0x04, 0x08, 0x31, 0xF6
	.byte 0x10, 0x08, 0x31, 0xF6, 0x04, 0x08, 0x31, 0xF6, 0x04, 0x08, 0x31, 0xF6, 0x10, 0x08, 0x31, 0xF6
	.byte 0x04, 0x08, 0x31, 0xF6, 0x04, 0x08, 0x31, 0xF6, 0x10, 0x08, 0x31, 0xF6, 0x04, 0x08, 0x31, 0xF6
	.byte 0x04, 0x08, 0x31, 0xF6, 0x10, 0x08, 0x31, 0xF6, 0x04, 0x08, 0x31, 0xF6, 0x04, 0x08, 0x31, 0xF6
	.byte 0x10, 0x08, 0x31, 0xF6, 0x04, 0x08, 0x31, 0xF6, 0x04, 0x08, 0x31, 0xF6, 0x10, 0x08, 0x31, 0xF6
	.byte 0x04, 0x08, 0x31, 0xF6, 0x04, 0x08, 0x31, 0xF6, 0x10, 0x08, 0x31, 0xF6, 0x04, 0x08, 0x31, 0xF6
	.byte 0x04, 0x08, 0x31, 0xF6, 0x10, 0x08, 0x31, 0xF6, 0x04, 0x08, 0x31, 0xF6, 0x04, 0x08, 0x31, 0xF6
	.byte 0x10, 0x08, 0x31, 0xF6, 0x04, 0x08, 0x31, 0xF6, 0x04, 0x08, 0x31, 0xF6, 0x10, 0x08, 0x31, 0xF6
	.byte 0x04, 0x08, 0x31, 0xF6, 0x04, 0x08, 0x31, 0xF6, 0x10, 0x08, 0x31, 0xF6, 0x04, 0x08, 0x31, 0xF6
	.byte 0x04, 0x08, 0x31, 0xF6, 0x10, 0x08, 0x31, 0xF6, 0x04, 0x08, 0x31, 0xF6, 0x04, 0x08, 0x31, 0xF6
	.byte 0x10, 0x08, 0x31, 0xF6, 0x04, 0x08, 0x31, 0xF6, 0x04, 0x08, 0x33, 0xF6, 0x10, 0x08, 0x33, 0xF6
	.byte 0x04, 0x08, 0x33, 0xF6, 0x04, 0x08, 0x33, 0xF6, 0x10, 0x08, 0x33, 0xF6, 0x04, 0x08, 0x33, 0xF6
	.byte 0x04, 0x08, 0x33, 0xF6, 0x10, 0x08, 0x33, 0xF6, 0x04, 0x08, 0x33, 0xF6, 0x04, 0x08, 0x33, 0xF6
	.byte 0x10, 0x08, 0x33, 0xF6, 0x04, 0x08, 0x33, 0xF6, 0x04, 0x08, 0x33, 0xF6, 0x10, 0x08, 0x33, 0xF6
	.byte 0x04, 0x08, 0x33, 0xF6, 0x04, 0x08, 0x33, 0xF6, 0x10, 0x08, 0x33, 0xF6, 0x04, 0x08, 0x33, 0xF6
	.byte 0x04, 0x08, 0x33, 0xF6, 0x10, 0x08, 0x33, 0xF6, 0x04, 0x08, 0x33, 0xF6, 0x04, 0x08, 0x33, 0xF6
	.byte 0x10, 0x08, 0x33, 0xF6, 0x04, 0x08, 0x33, 0xF6, 0x04, 0x08, 0x33, 0xF6, 0x10, 0x08, 0x33, 0xF6
	.byte 0x04, 0x08, 0x33, 0xF6, 0x04, 0x08, 0x33, 0xF6, 0x10, 0x08, 0x33, 0xF6, 0x04, 0x08, 0x33, 0xF6
	.byte 0x04, 0x08, 0x33, 0xF6, 0x10, 0x08, 0x33, 0xF6, 0x04, 0x08, 0x33, 0xF6, 0x04, 0x08, 0x33, 0xF6
	.byte 0x10, 0x08, 0x33, 0xF6, 0x04, 0x08, 0x33, 0xF6, 0x04, 0x08, 0x33, 0xF6, 0x10, 0x08, 0x33, 0xF6
	.byte 0x04, 0x08, 0x33, 0xF6, 0x04, 0x08, 0x33, 0xF6, 0x10, 0x08, 0x33, 0xF6, 0x04, 0x08, 0x33, 0xF6
	.byte 0x04, 0x08, 0x33, 0xF6, 0x10, 0x08, 0x33, 0xF6, 0x04, 0x08, 0x33, 0xF6, 0x04, 0x08, 0x33, 0xF6
	.byte 0x10, 0x08, 0x33, 0xF6, 0x04, 0x08, 0x33, 0xF6, 0x04, 0x08, 0x31, 0xF6, 0x10, 0x08, 0x31, 0xF6
	.byte 0x04, 0x08, 0x31, 0xF6, 0x04, 0x08, 0x31, 0xF6, 0x10, 0x08, 0x31, 0xF6, 0x04, 0x08, 0x31, 0xF6
	.byte 0x04, 0x08, 0x31, 0xF6, 0x10, 0x08, 0x31, 0xF6, 0x04, 0x08, 0x31, 0xF6, 0x04, 0x08, 0x31, 0xF6
	.byte 0x10, 0x08, 0x31, 0xF6, 0x04, 0x08, 0x31, 0xF6, 0x04, 0x08, 0x31, 0xF6, 0x10, 0x08, 0x31, 0xF6
	.byte 0x04, 0x08, 0x31, 0xF6, 0x04, 0x08, 0x31, 0xF6, 0x10, 0x08, 0x31, 0xF6, 0x04, 0x08, 0x31, 0xF6
	.byte 0x04, 0x08, 0x31, 0xF6, 0x10, 0x08, 0x31, 0xF6, 0x04, 0x08, 0x31, 0xF6, 0x04, 0x08, 0x31, 0xF6
	.byte 0x10, 0x08, 0x31, 0xF6, 0x04, 0x08, 0x31, 0xF6, 0x04, 0x08, 0x33, 0xF6, 0x10, 0x08, 0x33, 0xF6
	.byte 0x04, 0x08, 0x33, 0xF6, 0x04, 0x08, 0x33, 0xF6, 0x10, 0x08, 0x33, 0xF6, 0x04, 0x08, 0x33, 0xF6
	.byte 0x04, 0x08, 0x33, 0xF6, 0x10, 0x08, 0x33, 0xF6, 0x04, 0x08, 0x33, 0xF6, 0x04, 0x08, 0x33, 0xF6
	.byte 0x10, 0x08, 0x33, 0xF6, 0x04, 0x08, 0x33, 0xF6, 0x04, 0x08, 0x33, 0xF6, 0x10, 0x08, 0x33, 0xF6
	.byte 0x04, 0x08, 0x33, 0xF6, 0x04, 0x08, 0x33, 0xF6, 0x10, 0x08, 0x33, 0xF6, 0x04, 0x08, 0x33, 0xF6
	.byte 0x04, 0x08, 0x33, 0xF6, 0x10, 0x08, 0x33, 0xF6, 0x04, 0x08, 0x33, 0xF6, 0x04, 0x08, 0x33, 0xF6
	.byte 0x10, 0x08, 0x33, 0xF6, 0x04, 0x08, 0x33, 0xF6, 0x04, 0x08, 0x33, 0xF6, 0x10, 0x08, 0x33, 0xF6
	.byte 0x04, 0x08, 0x33, 0xF6, 0x04, 0x08, 0x33, 0xF6, 0x10, 0x08, 0x33, 0xF6, 0x04, 0x08, 0x33, 0xF6
	.byte 0x04, 0x08, 0x33, 0xF6, 0x10, 0x08, 0x33, 0xF6, 0x04, 0x08, 0x33, 0xF6, 0x04, 0x08, 0x33, 0xF6
	.byte 0x10, 0x08, 0x33, 0xF6, 0x04, 0x08, 0x33, 0xF6, 0x04, 0x08, 0x33, 0xF6, 0x10, 0x08, 0x33, 0xF6
	.byte 0x04, 0x08, 0x33, 0xF6, 0x04, 0x08, 0x33, 0xF6, 0x10, 0x08, 0x33, 0xF6, 0x04, 0x08, 0x33, 0xF6
	.byte 0x04, 0x08, 0x33, 0xF6, 0x10, 0x08, 0x33, 0xF6, 0x04, 0x08, 0x33, 0xF6, 0x04, 0x08, 0x33, 0xF6
	.byte 0x10, 0x08, 0x33, 0xF6, 0x04, 0x08, 0x33, 0xF6, 0x04, 0x08, 0x33, 0xF6, 0x10, 0x08, 0x33, 0xF6
	.byte 0x04, 0x08, 0x33, 0xF6, 0x04, 0x08, 0x33, 0xF6, 0x10, 0x08, 0x33, 0xF6, 0x04, 0x08, 0x33, 0xF6
	.byte 0x04, 0x08, 0x33, 0xF6, 0x10, 0x08, 0x33, 0xF6, 0x04, 0x08, 0x33, 0xF6, 0x04, 0x08, 0x33, 0xF6
	.byte 0x10, 0x08, 0x33, 0xF6, 0x04, 0x08, 0x33, 0xF6, 0x04, 0x08, 0x33, 0xF6, 0x10, 0x08, 0x33, 0xF6
	.byte 0x04, 0x08, 0x33, 0xF6, 0x04, 0x08, 0x33, 0xF6, 0x10, 0x08, 0x33, 0xF6, 0x04, 0x08, 0x33, 0xF6
	.byte 0x04, 0x08, 0x33, 0xF6, 0x10, 0x08, 0x33, 0xF6, 0x04, 0x08, 0x33, 0xF6, 0x04, 0x08, 0x33, 0xF6
	.byte 0x10, 0x08, 0x33, 0xF6, 0x04, 0x08, 0x33, 0xF6, 0x04, 0x08, 0x31, 0xF6, 0x10, 0x08, 0x31, 0xF6
	.byte 0x04, 0x08, 0x31, 0xF6, 0x04, 0x08, 0x31, 0xF6, 0x10, 0x08, 0x31, 0xF6, 0x04, 0x08, 0x31, 0xF6
	.byte 0x04, 0x08, 0x31, 0xF6, 0x10, 0x08, 0x31, 0xF6, 0x04, 0x08, 0x31, 0xF6, 0x04, 0x08, 0x31, 0xF6
	.byte 0x10, 0x08, 0x31, 0xF6, 0x04, 0x08, 0x31, 0xF6, 0x04, 0x08, 0x31, 0xF6, 0x10, 0x08, 0x31, 0xF6
	.byte 0x04, 0x08, 0x31, 0xF6, 0x04, 0x08, 0x31, 0xF6, 0x10, 0x08, 0x31, 0xF6, 0x04, 0x08, 0x31, 0xF6
	.byte 0x04, 0x08, 0x31, 0xF6, 0x10, 0x08, 0x31, 0xF6, 0x04, 0x08, 0x31, 0xF6, 0x04, 0x08, 0x31, 0xF6
	.byte 0x10, 0x08, 0x31, 0xF6, 0x04, 0x08, 0x31, 0xF6, 0x04, 0x08, 0x33, 0xF6, 0x10, 0x08, 0x33, 0xF6
	.byte 0x04, 0x08, 0x33, 0xF6, 0x04, 0x08, 0x33, 0xF6, 0x10, 0x08, 0x33, 0xF6, 0x04, 0x08, 0x33, 0xF6
	.byte 0x04, 0x08, 0x33, 0xF6, 0x10, 0x08, 0x33, 0xF6, 0x04, 0x08, 0x33, 0xF6, 0x04, 0x08, 0x33, 0xF6
	.byte 0x10, 0x08, 0x33, 0xF6, 0x04, 0x08, 0x33, 0xF6, 0x04, 0x08, 0x33, 0xF6, 0x10, 0x08, 0x33, 0xF6
	.byte 0x04, 0x08, 0x33, 0xF6, 0x04, 0x08, 0x33, 0xF6, 0x10, 0x08, 0x33, 0xF6, 0x04, 0x08, 0x33, 0xF6
	.byte 0x04, 0x08, 0x33, 0xF6, 0x10, 0x08, 0x33, 0xF6, 0x04, 0x08, 0x33, 0xF6, 0x04, 0x08, 0x33, 0xF6
	.byte 0x10, 0x08, 0x33, 0xF6, 0x04, 0x08, 0x33, 0xF6, 0x04, 0x08, 0x33, 0xF6, 0x10, 0x08, 0x33, 0xF6
	.byte 0x04, 0x08, 0x33, 0xF6, 0x04, 0x08, 0x33, 0xF6, 0x10, 0x08, 0x33, 0xF6, 0x04, 0x08, 0x33, 0xF6
	.byte 0x04, 0x08, 0x33, 0xF6, 0x10, 0x08, 0x33, 0xF6, 0x04, 0x08, 0x33, 0xF6, 0x04, 0x08, 0x33, 0xF6
	.byte 0x10, 0x08, 0x33, 0xF6, 0x04, 0x08, 0x33, 0xF6, 0x04, 0x08, 0x33, 0xF6, 0x10, 0x08, 0x33, 0xF6
	.byte 0x04, 0x08, 0x33, 0xF6, 0x04, 0x08, 0x33, 0xF6, 0x10, 0x08, 0x33, 0xF6, 0x04, 0x08, 0x33, 0xF6
	.byte 0x04, 0x08, 0x33, 0xF6, 0x10, 0x08, 0x33, 0xF6, 0x04, 0x08, 0x33, 0xF6, 0x04, 0x08, 0x33, 0xF6
	.byte 0x10, 0x08, 0x33, 0xF6, 0x04, 0x08, 0x33, 0xF6, 0x04, 0x08, 0x33, 0xF6, 0x10, 0x08, 0x33, 0xF6
	.byte 0x04, 0x08, 0x33, 0xF6, 0x04, 0x08, 0x33, 0xF6, 0x10, 0x08, 0x33, 0xF6, 0x04, 0x08, 0x33, 0xF6
	.byte 0x04, 0x08, 0x33, 0xF6, 0x10, 0x08, 0x33, 0xF6, 0x04, 0x08, 0x33, 0xF6, 0x04, 0x08, 0x33, 0xF6
	.byte 0x10, 0x08, 0x33, 0xF6, 0x04, 0x08, 0x33, 0xF6, 0x04, 0x08, 0x33, 0xF6, 0x10, 0x08, 0x33, 0xF6
	.byte 0x04, 0x08, 0x33, 0xF6, 0x04, 0x08, 0x33, 0xF6, 0x10, 0x08, 0x33, 0xF6, 0x04, 0x08, 0x33, 0xF6
	.byte 0x04, 0x08, 0x33, 0xF6, 0x10, 0x08, 0x33, 0xF6, 0x04, 0x08, 0x33, 0xF6, 0x04, 0x08, 0x33, 0xF6
	.byte 0x10, 0x08, 0x33, 0xF6, 0x04, 0x08, 0x33, 0xF6, 0x04, 0x08, 0x31, 0xF6, 0x10, 0x08, 0x31, 0xF6
	.byte 0x04, 0x08, 0x31, 0xF6, 0x04, 0x08, 0x31, 0xF6, 0x10, 0x08, 0x31, 0xF6, 0x04, 0x08, 0x31, 0xF6
	.byte 0x04, 0x08, 0x31, 0xF6, 0x10, 0x08, 0x31, 0xF6, 0x04, 0x08, 0x31, 0xF6, 0x04, 0x08, 0x31, 0xF6
	.byte 0x10, 0x08, 0x31, 0xF6, 0x04, 0x08, 0x31, 0xF6, 0x04, 0x08, 0x31, 0xF6, 0x10, 0x08, 0x31, 0xF6
	.byte 0x04, 0x08, 0x31, 0xF6, 0x04, 0x08, 0x31, 0xF6, 0x10, 0x08, 0x31, 0xF6, 0x04, 0x08, 0x31, 0xF6
	.byte 0x04, 0x08, 0x31, 0xF6, 0x10, 0x08, 0x31, 0xF6, 0x04, 0x08, 0x31, 0xF6, 0x04, 0x08, 0x31, 0xF6
	.byte 0x10, 0x08, 0x31, 0xF6, 0x04, 0x08, 0x31, 0xF6, 0x04, 0x08, 0x31, 0xF6, 0x10, 0x08, 0x31, 0xF6
	.byte 0x04, 0x08, 0x31, 0xF6, 0x04, 0x08, 0x31, 0xF6, 0x10, 0x08, 0x31, 0xF6, 0x04, 0x08, 0x31, 0xF6
	.byte 0x04, 0x08, 0x31, 0xF6, 0x10, 0x08, 0x31, 0xF6, 0x04, 0x08, 0x31, 0xF6, 0x04, 0x08, 0x31, 0xF6
	.byte 0x10, 0x08, 0x31, 0xF6, 0x04, 0x08, 0x31, 0xF6, 0x04, 0x08, 0x31, 0xF6, 0x10, 0x08, 0x31, 0xF6
	.byte 0x04, 0x08, 0x31, 0xF6, 0x04, 0x08, 0x31, 0xF6, 0x10, 0x08, 0x31, 0xF6, 0x04, 0x08, 0x31, 0xF6
	.byte 0x04, 0x08, 0x31, 0xF6, 0x10, 0x08, 0x31, 0xF6, 0x04, 0x08, 0x31, 0xF6, 0x04, 0x08, 0x31, 0xF6
	.byte 0x10, 0x08, 0x31, 0xF6, 0x04, 0x08, 0x31, 0xF6, 0x04, 0xF8, 0x7D, 0xFB, 0xFF, 0xF9, 0x70, 0xF6
	.byte 0xC0, 0xF6, 0xC0, 0xF6, 0xC0, 0xF6, 0xC0, 0xF6, 0xC0, 0xF6, 0xC0, 0xF6, 0xC0, 0xF6, 0x90, 0xF0
	.byte 0x13, 0xF2, 0x8C, 0xF1, 0x64, 0xF6, 0x18, 0xF9, 0x84, 0x08, 0x52, 0x08, 0x54, 0x08, 0x56, 0x0C
	.byte 0x57, 0xF1, 0x3C, 0x00, 0xD7, 0x0C, 0xF1, 0x14, 0x0C, 0x57, 0xF6, 0x0C, 0xF0, 0x49, 0xF2, 0x50
	.byte 0xF1, 0x8C, 0x30, 0x3F, 0x30, 0x41, 0x30, 0x43, 0x60, 0x44, 0x30, 0x43, 0x30, 0x41, 0x00, 0xBF
	.byte 0x0C, 0xF1, 0x3C, 0x00, 0xBF, 0x0C, 0xF1, 0x14, 0x0C, 0x3F, 0xF1, 0x8C, 0x00, 0xBA, 0x08, 0xF1
	.byte 0x3C, 0x04, 0x3A, 0xF1, 0x8C, 0x00, 0xBF, 0x90, 0x30, 0x3F, 0x30, 0x44, 0x30, 0x43, 0x18, 0x41
	.byte 0xF0, 0x13, 0xF2, 0x8C, 0xF1, 0x64, 0x08, 0x50, 0x08, 0x52, 0x08, 0x54, 0x0C, 0x55, 0xF1, 0x3C
	.byte 0x0C, 0x55, 0xF0, 0x49, 0xF2, 0x50, 0xF1, 0x8C, 0xF6, 0x18, 0x30, 0x3D, 0x30, 0x3F, 0x30, 0x41
	.byte 0x60, 0x42, 0x30, 0x41, 0x30, 0x3F, 0x00, 0xBD, 0x0C, 0xF1, 0x3C, 0x00, 0xBD, 0x0C, 0xF1, 0x14
	.byte 0x0C, 0x3D, 0xF1, 0x8C, 0x00, 0xB8, 0x08, 0xF1, 0x3C, 0x04, 0x38, 0xF1, 0x8C, 0x00, 0xBD, 0x90
	.byte 0x30, 0x3D, 0x30, 0x42, 0x30, 0x41, 0x18, 0x3F, 0xF0, 0x15, 0xF2, 0x8C, 0xF1, 0x64, 0x08, 0x52
	.byte 0x08, 0x54, 0x08, 0x56, 0xF0, 0x49, 0xF2, 0x50, 0xF1, 0x8C, 0x30, 0x3A, 0x30, 0x3F, 0x30, 0x41
	.byte 0x30, 0x43, 0x60, 0x44, 0x30, 0x46, 0x30, 0x44, 0x00, 0xC3, 0x0C, 0xF1, 0x3C, 0x00, 0xC3, 0x0C
	.byte 0xF1, 0x14, 0x0C, 0x43, 0xF1, 0x8C, 0x0C, 0x41, 0x00, 0xC3, 0x90, 0x00, 0xC3, 0x24, 0xF1, 0x3C
	.byte 0x0C, 0x43, 0xF1, 0x8C, 0x30, 0x46, 0x30, 0x44, 0x18, 0x43, 0xF0, 0x15, 0xF2, 0x8C, 0xF1, 0x64
	.byte 0x08, 0x50, 0x08, 0x52, 0x08, 0x54, 0x08, 0x55, 0xF0, 0x49, 0xF2, 0x50, 0xF1, 0x8C, 0x00, 0xC1
	.byte 0x04, 0xF1, 0x3C, 0x00, 0xC1, 0x0C, 0xF1, 0x14, 0x0C, 0x41, 0xF1, 0x8C, 0x0C, 0x3F, 0x00, 0xC1
	.byte 0x90, 0x00, 0xC1, 0x24, 0xF1, 0x3C, 0x0C, 0x41, 0xF1, 0x8C, 0x30, 0x44, 0x30, 0x43, 0x30, 0x41
	.byte 0x00, 0xC3, 0x0C, 0xF1, 0x3C, 0x04, 0x43, 0xF1, 0x8C, 0x10, 0x43, 0x00, 0xC4, 0x0C, 0xF1, 0x3C
	.byte 0x04, 0x44, 0xF1, 0x8C, 0x00, 0xC6, 0x90, 0x00, 0xC6, 0x24, 0xF1, 0x3C, 0x0C, 0x46, 0xF1, 0x8C
	.byte 0x30, 0x46, 0x30, 0x44, 0x18, 0x43, 0xF0, 0x15, 0xF2, 0x8C, 0xF1, 0x64, 0x08, 0x52, 0x08, 0x54
	.byte 0x08, 0x56, 0x08, 0x57, 0xF0, 0x49, 0xF2, 0x50, 0xF1, 0x8C, 0x28, 0x3A, 0x30, 0x3F, 0x30, 0x41
	.byte 0x30, 0x43, 0x60, 0x44, 0x30, 0x46, 0x30, 0x44, 0x00, 0xC3, 0x0C, 0xF1, 0x3C, 0x00, 0xC3, 0x0C
	.byte 0xF1, 0x14, 0x0C, 0x43, 0xF1, 0x8C, 0x0C, 0x41, 0x00, 0xC3, 0x90, 0x00, 0xC3, 0x24, 0xF1, 0x3C
	.byte 0x0C, 0x43, 0xF1, 0x8C, 0x30, 0x46, 0x30, 0x44, 0x18, 0x43, 0xF0, 0x15, 0xF2, 0x8C, 0xF1, 0x64
	.byte 0x08, 0x50, 0x08, 0x52, 0x08, 0x54, 0x08, 0x55, 0xF0, 0x49, 0xF2, 0x50, 0xF1, 0x8C, 0x00, 0xC1
	.byte 0x04, 0xF1, 0x3C, 0x00, 0xC1, 0x0C, 0xF1, 0x14, 0x0C, 0x41, 0xF1, 0x8C, 0x0C, 0x3F, 0x00, 0xC1
	.byte 0x90, 0x00, 0xC1, 0x24, 0xF1, 0x3C, 0x0C, 0x41, 0xF1, 0x8C, 0x30, 0x44, 0x30, 0x43, 0x30, 0x41
	.byte 0x00, 0xC3, 0x0C, 0xF1, 0x3C, 0x04, 0x43, 0xF1, 0x8C, 0x10, 0x43, 0x00, 0xC4, 0x0C, 0xF1, 0x3C
	.byte 0x04, 0x44, 0xF1, 0x8C, 0x00, 0xC6, 0x90, 0x00, 0xC6, 0x24, 0xF1, 0x3C, 0x0C, 0x46, 0xF1, 0x8C
	.byte 0x30, 0x46, 0x30, 0x46, 0x18, 0x46, 0xF0, 0x15, 0xF2, 0x8C, 0xF1, 0x64, 0x08, 0x52, 0x08, 0x54
	.byte 0x08, 0x56, 0x08, 0x57, 0xF0, 0x49, 0xF2, 0x50, 0xF1, 0xA0, 0x00, 0xB3, 0xB8, 0x00, 0xB3, 0xB4
	.byte 0xF1, 0x3C, 0x0C, 0x33, 0xF1, 0xA0, 0x00, 0xB3, 0xC0, 0x00, 0xB3, 0x24, 0xF1, 0x3C, 0x0C, 0x33
	.byte 0xF1, 0xA0, 0x30, 0x38, 0x20, 0x37, 0x20, 0x35, 0x20, 0x33, 0x00, 0xB1, 0xC0, 0x00, 0xB1, 0xB4
	.byte 0xF1, 0x3C, 0x0C, 0x31, 0xF1, 0xA0, 0x00, 0xB1, 0xC0, 0x00, 0xB1, 0x24, 0xF1, 0x3C, 0x0C, 0x31
	.byte 0xF1, 0xA0, 0x30, 0x31, 0x20, 0x31, 0x20, 0x33, 0x20, 0x35, 0xF8, 0x77, 0xFE, 0xFF, 0xF9, 0x70
	.byte 0xF6, 0x01, 0xF0, 0x00, 0xF2, 0x7F, 0xF1, 0x64, 0x60, 0x32, 0xF6, 0x60, 0xF6, 0xC0, 0x60, 0x32
	.byte 0xF6, 0x60, 0xF6, 0xC0, 0x60, 0x32, 0xF6, 0x60, 0xF6, 0xC0, 0x60, 0x32, 0xF6, 0x60, 0xF6, 0x90
	.byte 0x00, 0xB2, 0x18, 0xF9, 0x84, 0x18, 0x32, 0x60, 0x32, 0xF6, 0x60, 0xF6, 0xC0, 0x60, 0x32, 0xF6
	.byte 0x60, 0xF6, 0xC0, 0x60, 0x32, 0xF6, 0x60, 0xF6, 0xC0, 0x60, 0x32, 0xF6, 0x60, 0xF6, 0xBF, 0xF6
	.byte 0x01, 0x60, 0x32, 0xF6, 0x60, 0xF6, 0xC0, 0x60, 0x32, 0xF6, 0x60, 0xF6, 0xC0, 0x60, 0x32, 0xF6
	.byte 0x60, 0xF6, 0xC0, 0x60, 0x32, 0xF6, 0x60, 0xF6, 0xC0, 0x60, 0x32, 0xF6, 0x60, 0xF6, 0xC0, 0x60
	.byte 0x32, 0xF6, 0x60, 0xF6, 0xC0, 0x60, 0x32, 0xF6, 0x60, 0xF6, 0xC0, 0x60, 0x32, 0xF6, 0x60, 0xF6
	.byte 0xC0, 0x60, 0x32, 0xF6, 0x60, 0xF6, 0xC0, 0x60, 0x32, 0xF6, 0x60, 0xF6, 0xC0, 0x60, 0x32, 0xF6
	.byte 0x60, 0xF6, 0xC0, 0x60, 0x32, 0xF6, 0x60, 0xF6, 0xBF, 0xF8, 0xB3, 0xFF, 0xFF, 0xF9, 0x70, 0xF0
	.byte 0x00, 0xF2, 0x7F, 0xF1, 0x64, 0x0C, 0x28, 0xF6, 0x0C, 0x0C, 0x28, 0x0C, 0x28, 0x0C, 0x28, 0xF6
	.byte 0x0C, 0x0C, 0x28, 0x0C, 0x28, 0x0C, 0x28, 0xF6, 0x54, 0x0C, 0x28, 0xF6, 0x0C, 0x0C, 0x28, 0x0C
	.byte 0x28, 0x0C, 0x28, 0xF6, 0x0C, 0x0C, 0x28, 0x0C, 0x28, 0x0C, 0x28, 0xF6, 0x0C, 0x0C, 0x28, 0x0C
	.byte 0x28, 0x0C, 0x28, 0x0C, 0x28, 0x0C, 0x28, 0xF6, 0x0C, 0x0C, 0x28, 0xF6, 0x0C, 0x0C, 0x28, 0x0C
	.byte 0x28, 0x0C, 0x28, 0xF6, 0x0C, 0x0C, 0x28, 0x0C, 0x28, 0x0C, 0x28, 0xF6, 0x54, 0x0C, 0x28, 0xF6
	.byte 0x0C, 0x0C, 0x28, 0x0C, 0x28, 0x0C, 0x28, 0xF6, 0x0C, 0x0C, 0x28, 0x0C, 0x28, 0x0C, 0x28, 0xF6
	.byte 0x0C, 0x0C, 0x28, 0x0C, 0x28, 0x0C, 0x28, 0x06, 0x28, 0x06, 0x28, 0x0C, 0x28, 0x0C, 0x28, 0x0C
	.byte 0x28, 0xF6, 0x0C, 0x0C, 0x28, 0x0C, 0x28, 0x0C, 0x28, 0xF6, 0x0C, 0x0C, 0x28, 0x0C, 0x28, 0x0C
	.byte 0x28, 0xF6, 0x54, 0x0C, 0x28, 0xF6, 0x0C, 0x0C, 0x28, 0x0C, 0x28, 0x0C, 0x28, 0xF6, 0x0C, 0x0C
	.byte 0x28, 0x0C, 0x28, 0x0C, 0x28, 0xF6, 0x0C, 0x0C, 0x28, 0x0C, 0x28, 0x0C, 0x28, 0x0C, 0x28, 0x0C
	.byte 0x28, 0xF6, 0x0C, 0x0C, 0x28, 0xF6, 0x0C, 0x0C, 0x28, 0x0C, 0x28, 0x0C, 0x28, 0xF6, 0x0C, 0x0C
	.byte 0x28, 0x0C, 0x28, 0x0C, 0x28, 0xF6, 0x54, 0x0C, 0x28, 0xF6, 0x0C, 0x0C, 0x28, 0x0C, 0x28, 0x0C
	.byte 0x28, 0xF6, 0x0C, 0x0C, 0x28, 0x0C, 0x28, 0x0C, 0x28, 0xF6, 0x0C, 0x0C, 0x28, 0x0C, 0x28, 0x0C
	.byte 0x28, 0xF6, 0x0C, 0xF9, 0x84, 0xF6, 0x18, 0x0C, 0x28, 0xF6, 0x0C, 0x0C, 0x28, 0x0C, 0x28, 0x0C
	.byte 0x28, 0xF6, 0x0C, 0x0C, 0x28, 0x0C, 0x28, 0x0C, 0x28, 0xF6, 0x0C, 0x0C, 0x28, 0x0C, 0x28, 0x0C
	.byte 0x28, 0x0C, 0x28, 0x0C, 0x28, 0xF6, 0x0C, 0x0C, 0x28, 0xF6, 0x0C, 0x0C, 0x28, 0x0C, 0x28, 0x0C
	.byte 0x28, 0xF6, 0x0C, 0x0C, 0x28, 0x0C, 0x28, 0x0C, 0x28, 0xF6, 0x0C, 0x0C, 0x28, 0x0C, 0x28, 0x0C
	.byte 0x28, 0x06, 0x28, 0x06, 0x28, 0x0C, 0x28, 0x0C, 0x28, 0x0C, 0x28, 0xF6, 0x0C, 0x0C, 0x28, 0x0C
	.byte 0x28, 0x0C, 0x28, 0xF6, 0x0C, 0x0C, 0x28, 0x0C, 0x28, 0x0C, 0x28, 0xF6, 0x0C, 0x0C, 0x28, 0x0C
	.byte 0x28, 0x0C, 0x28, 0x0C, 0x28, 0x0C, 0x28, 0xF6, 0x0C, 0x0C, 0x28, 0xF6, 0x0C, 0x0C, 0x28, 0x0C
	.byte 0x28, 0x0C, 0x28, 0xF6, 0x0C, 0x0C, 0x28, 0x0C, 0x28, 0x0C, 0x28, 0xF6, 0x0C, 0x0C, 0x28, 0x0C
	.byte 0x28, 0x0C, 0x28, 0x06, 0x28, 0x06, 0x28, 0x0C, 0x28, 0x0C, 0x28, 0x0C, 0x28, 0xF6, 0x0C, 0x0C
	.byte 0x28, 0x0C, 0x28, 0x0C, 0x28, 0xF6, 0x0C, 0x0C, 0x28, 0x0C, 0x28, 0x0C, 0x28, 0xF6, 0x0C, 0x0C
	.byte 0x28, 0x0C, 0x28, 0x0C, 0x28, 0x0C, 0x28, 0x0C, 0x28, 0xF6, 0x0C, 0x0C, 0x28, 0xF6, 0x0C, 0x0C
	.byte 0x28, 0x0C, 0x28, 0x0C, 0x28, 0xF6, 0x0C, 0x0C, 0x28, 0x0C, 0x28, 0x0C, 0x28, 0xF6, 0x0C, 0x0C
	.byte 0x28, 0x0C, 0x28, 0x0C, 0x28, 0x06, 0x28, 0x06, 0x28, 0x0C, 0x28, 0x0C, 0x28, 0x0C, 0x28, 0xF6
	.byte 0x0C, 0x0C, 0x28, 0x0C, 0x28, 0x0C, 0x28, 0xF6, 0x0C, 0x0C, 0x28, 0x0C, 0x28, 0x0C, 0x28, 0xF6
	.byte 0x0C, 0x0C, 0x28, 0x0C, 0x28, 0x0C, 0x28, 0x0C, 0x28, 0x0C, 0x28, 0xF6, 0x0C, 0x0C, 0x28, 0xF6
	.byte 0x0C, 0x0C, 0x28, 0x0C, 0x28, 0x0C, 0x28, 0xF6, 0x0C, 0x0C, 0x28, 0x0C, 0x28, 0x0C, 0x28, 0xF6
	.byte 0x0C, 0x0C, 0x28, 0x0C, 0x28, 0x0C, 0x28, 0x06, 0x28, 0x06, 0x28, 0x0C, 0x28, 0x0C, 0x28, 0x0C
	.byte 0x28, 0xF6, 0x0C, 0x0C, 0x28, 0x0C, 0x28, 0x0C, 0x28, 0xF6, 0x0C, 0x0C, 0x28, 0x0C, 0x28, 0x0C
	.byte 0x28, 0xF6, 0x0C, 0x0C, 0x28, 0x0C, 0x28, 0x0C, 0x28, 0x0C, 0x28, 0x0C, 0x28, 0xF6, 0x0C, 0x0C
	.byte 0x28, 0xF6, 0x0C, 0x0C, 0x28, 0x0C, 0x28, 0x0C, 0x28, 0xF6, 0x0C, 0x0C, 0x28, 0x0C, 0x28, 0x0C
	.byte 0x28, 0xF6, 0x0C, 0x0C, 0x28, 0x0C, 0x28, 0x0C, 0x28, 0x06, 0x28, 0x06, 0x28, 0x0C, 0x28, 0x0C
	.byte 0x28, 0x0C, 0x28, 0xF6, 0x0C, 0x0C, 0x28, 0x0C, 0x28, 0x0C, 0x28, 0xF6, 0x0C, 0x0C, 0x28, 0x0C
	.byte 0x28, 0x0C, 0x28, 0xF6, 0x0C, 0x0C, 0x28, 0x0C, 0x28, 0x0C, 0x28, 0x0C, 0x28, 0x0C, 0x28, 0xF6
	.byte 0x0C, 0x0C, 0x28, 0xF6, 0x0C, 0x0C, 0x28, 0x0C, 0x28, 0x0C, 0x28, 0xF6, 0x0C, 0x0C, 0x28, 0x0C
	.byte 0x28, 0x0C, 0x28, 0xF6, 0x0C, 0x0C, 0x28, 0x0C, 0x28, 0x0C, 0x28, 0x06, 0x28, 0x06, 0x28, 0x0C
	.byte 0x28, 0x0C, 0x28, 0x0C, 0x28, 0xF6, 0x0C, 0x0C, 0x28, 0x0C, 0x28, 0x0C, 0x28, 0xF6, 0x0C, 0x0C
	.byte 0x28, 0x0C, 0x28, 0x0C, 0x28, 0xF6, 0x0C, 0x0C, 0x28, 0x0C, 0x28, 0x0C, 0x28, 0x0C, 0x28, 0x0C
	.byte 0x28, 0xF6, 0x0C, 0x0C, 0x28, 0xF6, 0x0C, 0x0C, 0x28, 0x0C, 0x28, 0x0C, 0x28, 0xF6, 0x0C, 0x0C
	.byte 0x28, 0x0C, 0x28, 0x0C, 0x28, 0xF6, 0x0C, 0x0C, 0x28, 0x0C, 0x28, 0x0C, 0x28, 0x06, 0x28, 0x06
	.byte 0x28, 0x0C, 0x28, 0x0C, 0x28, 0x0C, 0x28, 0xF6, 0x0C, 0x0C, 0x28, 0x0C, 0x28, 0x0C, 0x28, 0xF6
	.byte 0x0C, 0x0C, 0x28, 0x0C, 0x28, 0x0C, 0x28, 0xF6, 0x0C, 0x0C, 0x28, 0x0C, 0x28, 0x0C, 0x28, 0x0C
	.byte 0x28, 0x0C, 0x28, 0xF6, 0x0C, 0x0C, 0x28, 0xF6, 0x0C, 0x0C, 0x28, 0x0C, 0x28, 0x0C, 0x28, 0xF6
	.byte 0x0C, 0x0C, 0x28, 0x0C, 0x28, 0x0C, 0x28, 0xF6, 0x0C, 0x0C, 0x28, 0x0C, 0x28, 0x0C, 0x28, 0x06
	.byte 0x28, 0x06, 0x28, 0x0C, 0x28, 0x0C, 0x28, 0x0C, 0x28, 0xF6, 0x0C, 0x0C, 0x28, 0x0C, 0x28, 0x0C
	.byte 0x28, 0xF6, 0x0C, 0x0C, 0x28, 0x0C, 0x28, 0x0C, 0x28, 0xF6, 0x0C, 0x0C, 0x28, 0x0C, 0x28, 0x0C
	.byte 0x28, 0x0C, 0x28, 0x0C, 0x28, 0xF6, 0x0C, 0x0C, 0x28, 0xF6, 0x0C, 0x0C, 0x28, 0x0C, 0x28, 0x0C
	.byte 0x28, 0xF6, 0x0C, 0x0C, 0x28, 0x0C, 0x28, 0x0C, 0x28, 0xF6, 0x0C, 0x0C, 0x28, 0x0C, 0x28, 0x0C
	.byte 0x28, 0x06, 0x28, 0x06, 0x28, 0x0C, 0x28, 0x0C, 0x28, 0x0C, 0x28, 0xF6, 0x0C, 0x0C, 0x28, 0x0C
	.byte 0x28, 0x0C, 0x28, 0xF6, 0x0C, 0x0C, 0x28, 0x0C, 0x28, 0x0C, 0x28, 0xF6, 0x0C, 0x0C, 0x28, 0x0C
	.byte 0x28, 0x0C, 0x28, 0x0C, 0x28, 0x0C, 0x28, 0xF6, 0x0C, 0x0C, 0x28, 0xF6, 0x0C, 0x0C, 0x28, 0x0C
	.byte 0x28, 0x0C, 0x28, 0xF6, 0x0C, 0x0C, 0x28, 0x0C, 0x28, 0x0C, 0x28, 0xF6, 0x0C, 0x0C, 0x28, 0x0C
	.byte 0x28, 0x0C, 0x28, 0x06, 0x28, 0x06, 0x28, 0x0C, 0x28, 0x0C, 0x28, 0x0C, 0x28, 0xF6, 0x0C, 0x0C
	.byte 0x28, 0x0C, 0x28, 0x0C, 0x28, 0xF6, 0x0C, 0x0C, 0x28, 0x0C, 0x28, 0x0C, 0x28, 0xF6, 0x0C, 0x0C
	.byte 0x28, 0x0C, 0x28, 0x0C, 0x28, 0x0C, 0x28, 0x0C, 0x28, 0xF6, 0x0C, 0x0C, 0x28, 0xF6, 0x0C, 0x0C
	.byte 0x28, 0x0C, 0x28, 0x0C, 0x28, 0xF6, 0x0C, 0x0C, 0x28, 0x0C, 0x28, 0x0C, 0x28, 0xF6, 0x0C, 0x0C
	.byte 0x28, 0x0C, 0x28, 0x0C, 0x28, 0x06, 0x28, 0x06, 0x28, 0x0C, 0x28, 0x0C, 0x28, 0x0C, 0x28, 0xF6
	.byte 0x0C, 0x0C, 0x28, 0x0C, 0x28, 0x0C, 0x28, 0xF6, 0x0C, 0x0C, 0x28, 0x0C, 0x28, 0x0C, 0x28, 0xF6
	.byte 0x0C, 0x0C, 0x28, 0x0C, 0x28, 0x0C, 0x28, 0x0C, 0x28, 0x0C, 0x28, 0xF6, 0x0C, 0x0C, 0x28, 0xF6
	.byte 0x0C, 0x0C, 0x28, 0x0C, 0x28, 0x0C, 0x28, 0xF6, 0x0C, 0x0C, 0x28, 0x0C, 0x28, 0x0C, 0x28, 0xF6
	.byte 0x0C, 0x0C, 0x28, 0x0C, 0x28, 0x0C, 0x28, 0x06, 0x28, 0x06, 0x28, 0x0C, 0x28, 0x0C, 0x28, 0x0C
	.byte 0x28, 0xF6, 0x0C, 0x0C, 0x28, 0x0C, 0x28, 0x0C, 0x28, 0xF6, 0x0C, 0x0C, 0x28, 0x0C, 0x28, 0x0C
	.byte 0x28, 0xF6, 0x0C, 0x0C, 0x28, 0x0C, 0x28, 0x0C, 0x28, 0x0C, 0x28, 0x0C, 0x28, 0xF6, 0x0C, 0x0C
	.byte 0x28, 0xF6, 0x0C, 0x0C, 0x28, 0x0C, 0x28, 0x0C, 0x28, 0xF6, 0x0C, 0x0C, 0x28, 0x0C, 0x28, 0x0C
	.byte 0x28, 0xF6, 0x0C, 0x0C, 0x28, 0x0C, 0x28, 0x0C, 0x28, 0x06, 0x28, 0x06, 0x28, 0x0C, 0x28, 0x0C
	.byte 0x28, 0x0C, 0x28, 0xF6, 0x0C, 0x0C, 0x28, 0x0C, 0x28, 0x0C, 0x28, 0xF6, 0x0C, 0x0C, 0x28, 0x0C
	.byte 0x28, 0x0C, 0x28, 0xF6, 0x0C, 0x0C, 0x28, 0x0C, 0x28, 0x0C, 0x28, 0x0C, 0x28, 0x0C, 0x28, 0xF6
	.byte 0x0C, 0x0C, 0x28, 0xF6, 0x0C, 0x0C, 0x28, 0x0C, 0x28, 0x0C, 0x28, 0xF6, 0x0C, 0x0C, 0x28, 0x0C
	.byte 0x28, 0x0C, 0x28, 0xF6, 0x0C, 0x0C, 0x28, 0x0C, 0x28, 0x0C, 0x28, 0x06, 0x28, 0x06, 0x28, 0x0C
	.byte 0x28, 0x0C, 0x28, 0x0C, 0x28, 0xF6, 0x0C, 0x0C, 0x28, 0x0C, 0x28, 0x0C, 0x28, 0xF6, 0x0C, 0x0C
	.byte 0x28, 0x0C, 0x28, 0x0C, 0x28, 0xF6, 0x0C, 0x0C, 0x28, 0x0C, 0x28, 0x0C, 0x28, 0x0C, 0x28, 0x0C
	.byte 0x28, 0xF6, 0x0C, 0x0C, 0x28, 0xF6, 0x0C, 0x0C, 0x28, 0x0C, 0x28, 0x0C, 0x28, 0xF6, 0x0C, 0x0C
	.byte 0x28, 0x0C, 0x28, 0x0C, 0x28, 0xF6, 0x0C, 0x0C, 0x28, 0x0C, 0x28, 0x0C, 0x28, 0x06, 0x28, 0x06
	.byte 0x28, 0x0C, 0x28, 0x0C, 0x28, 0x0C, 0x28, 0xF6, 0x0C, 0x0C, 0x28, 0x0C, 0x28, 0x0C, 0x28, 0xF6
	.byte 0x0C, 0x0C, 0x28, 0x0C, 0x28, 0x0C, 0x28, 0xF6, 0x0C, 0x0C, 0x28, 0x0C, 0x28, 0x0C, 0x28, 0x0C
	.byte 0x28, 0x0C, 0x28, 0xF6, 0x0C, 0x0C, 0x28, 0xF6, 0x0C, 0x0C, 0x28, 0x0C, 0x28, 0x0C, 0x28, 0xF6
	.byte 0x0C, 0x0C, 0x28, 0x0C, 0x28, 0x0C, 0x28, 0xF6, 0x0C, 0x0C, 0x28, 0x0C, 0x28, 0x0C, 0x28, 0x06
	.byte 0x28, 0x06, 0x28, 0x0C, 0x28, 0x0C, 0x28, 0xF8, 0xE5, 0xFC, 0xFF, 0xF9, 0x70, 0xF6, 0x01, 0xF0
	.byte 0xC2, 0xF2, 0x50, 0xF1, 0x46, 0x0C, 0x3A, 0xF1, 0x1E, 0x0C, 0x3A, 0xF1, 0x46, 0xF6, 0x48, 0x0A
	.byte 0x3F, 0xF1, 0x1E, 0x06, 0x3F, 0xF1, 0x46, 0x0A, 0x3F, 0xF1, 0x1E, 0x06, 0x3F, 0xF1, 0x46, 0x0A
	.byte 0x3F, 0xF1, 0x1E, 0x06, 0x3F, 0xF1, 0x46, 0x0A, 0x3F, 0xF1, 0x1E, 0x0A, 0x3F, 0xF1, 0x46, 0xF6
	.byte 0x10, 0x0A, 0x3A, 0xF1, 0x1E, 0x02, 0x3A, 0xF1, 0x46, 0x24, 0x3F, 0xF1, 0x1E, 0x0C, 0x3F, 0xF1
	.byte 0x46, 0x0C, 0x38, 0xF1, 0x1E, 0x04, 0x38, 0xF1, 0x46, 0x0A, 0x3A, 0xF1, 0x1E, 0x06, 0x3A, 0xF1
	.byte 0x46, 0x0A, 0x3C, 0xF1, 0x1E, 0x06, 0x3C, 0xF1, 0x46, 0x0C, 0x3A, 0xF1, 0x1E, 0x0C, 0x3A, 0xF1
	.byte 0x46, 0xF6, 0x0C, 0x0A, 0x3A, 0xF1, 0x1E, 0x02, 0x3A, 0xF1, 0x46, 0x00, 0xBF, 0x30, 0x30, 0x3F
	.byte 0xF1, 0x1E, 0x0C, 0x3F, 0xF1, 0x46, 0xF6, 0x18, 0x0A, 0x33, 0xF1, 0x1E, 0x02, 0x33, 0xF1, 0x46
	.byte 0x0A, 0x37, 0xF1, 0x1E, 0x0A, 0x37, 0xF1, 0x46, 0xF6, 0x10, 0x0A, 0x33, 0xF1, 0x1E, 0x02, 0x33
	.byte 0xF1, 0x46, 0x00, 0xB7, 0x30, 0xA8, 0x37, 0xF1, 0x1E, 0x0C, 0x33, 0xF1, 0x0A, 0x0C, 0x33, 0xF1
	.byte 0x46, 0x0C, 0x38, 0xF1, 0x1E, 0x0C, 0x38, 0xF1, 0x46, 0xF6, 0x48, 0x0A, 0x3D, 0xF1, 0x1E, 0x06
	.byte 0x3D, 0xF1, 0x46, 0x0A, 0x3D, 0xF1, 0x1E, 0x06, 0x3D, 0xF1, 0x46, 0x0A, 0x3D, 0xF1, 0x1E, 0x06
	.byte 0x3D, 0xF1, 0x46, 0x0A, 0x3D, 0xF1, 0x1E, 0x0A, 0x3D, 0xF1, 0x46, 0xF6, 0x10, 0x0A, 0x38, 0xF1
	.byte 0x1E, 0x02, 0x3D, 0xF1, 0x46, 0x24, 0x3D, 0xF1, 0x1E, 0x0C, 0x3D, 0xF1, 0x46, 0x0C, 0x36, 0xF1
	.byte 0x1E, 0x04, 0x36, 0xF1, 0x46, 0x0A, 0x38, 0xF1, 0x1E, 0x06, 0x38, 0xF1, 0x46, 0x0A, 0x3A, 0xF1
	.byte 0x1E, 0x06, 0x3A, 0xF1, 0x46, 0x0C, 0x38, 0xF1, 0x1E, 0x0C, 0x38, 0xF1, 0x46, 0xF6, 0x0C, 0x0A
	.byte 0x38, 0xF1, 0x1E, 0x02, 0x38, 0xF1, 0x46, 0x00, 0xBD, 0x30, 0x30, 0x3D, 0xF1, 0x1E, 0x0C, 0x3D
	.byte 0xF1, 0x46, 0xF6, 0x18, 0x0A, 0x31, 0xF1, 0x1E, 0x02, 0x31, 0xF1, 0x46, 0x0A, 0x35, 0xF1, 0x1E
	.byte 0x0A, 0x35, 0xF1, 0x46, 0xF6, 0x10, 0x0A, 0x31, 0xF1, 0x1E, 0x02, 0x31, 0xF1, 0x46, 0x00, 0xB5
	.byte 0x30, 0xA8, 0x35, 0xF9, 0x84, 0xF1, 0x1E, 0x0C, 0x35, 0xF1, 0x46, 0xF6, 0x0C, 0x0C, 0x3A, 0xF1
	.byte 0x1E, 0x0C, 0x3A, 0xF1, 0x46, 0xF6, 0x48, 0x0A, 0x3F, 0xF1, 0x1E, 0x06, 0x3F, 0xF1, 0x46, 0x0A
	.byte 0x3F, 0xF1, 0x1E, 0x06, 0x3F, 0xF1, 0x46, 0x0A, 0x3F, 0xF1, 0x1E, 0x06, 0x3F, 0xF1, 0x46, 0x0A
	.byte 0x3F, 0xF1, 0x1E, 0x0A, 0x3F, 0xF1, 0x46, 0xF6, 0x10, 0x0A, 0x3A, 0xF1, 0x1E, 0x02, 0x3A, 0xF1
	.byte 0x46, 0x24, 0x3F, 0xF1, 0x1E, 0x0C, 0x3F, 0xF1, 0x46, 0x0C, 0x38, 0xF1, 0x1E, 0x04, 0x38, 0xF1
	.byte 0x46, 0x0A, 0x3A, 0xF1, 0x1E, 0x06, 0x3A, 0xF1, 0x46, 0x0A, 0x3C, 0xF1, 0x1E, 0x06, 0x3C, 0xF1
	.byte 0x46, 0x0C, 0x3A, 0xF1, 0x1E, 0x0C, 0x3A, 0xF1, 0x46, 0xF6, 0x0C, 0x0A, 0x3A, 0xF1, 0x1E, 0x02
	.byte 0x3A, 0xF1, 0x46, 0x00, 0xBF, 0x30, 0x30, 0x3F, 0xF1, 0x1E, 0x0C, 0x3F, 0xF1, 0x46, 0xF6, 0x18
	.byte 0x0A, 0x33, 0xF1, 0x1E, 0x02, 0x33, 0xF1, 0x46, 0x0A, 0x37, 0xF1, 0x1E, 0x0A, 0x37, 0xF1, 0x46
	.byte 0xF6, 0x10, 0x0A, 0x33, 0xF1, 0x1E, 0x02, 0x33, 0xF1, 0x46, 0x00, 0xB7, 0x30, 0xA8, 0x37, 0xF1
	.byte 0x1E, 0x0C, 0x37, 0xF1, 0x46, 0xF6, 0x0C, 0x0C, 0x38, 0xF1, 0x1E, 0x0C, 0x38, 0xF1, 0x46, 0xF6
	.byte 0x48, 0x0A, 0x3D, 0xF1, 0x1E, 0x06, 0x3D, 0xF1, 0x46, 0x0A, 0x3D, 0xF1, 0x1E, 0x06, 0x3D, 0xF1
	.byte 0x46, 0x0A, 0x3D, 0xF1, 0x1E, 0x06, 0x3D, 0xF1, 0x46, 0x0A, 0x3D, 0xF1, 0x1E, 0x0A, 0x3D, 0xF1
	.byte 0x46, 0xF6, 0x10, 0x0A, 0x38, 0xF1, 0x1E, 0x02, 0x38, 0xF1, 0x46, 0x24, 0x3D, 0xF1, 0x1E, 0x0C
	.byte 0x3D, 0xF1, 0x46, 0x0C, 0x36, 0xF1, 0x1E, 0x04, 0x36, 0xF1, 0x46, 0x0A, 0x38, 0xF1, 0x1E, 0x06
	.byte 0x38, 0xF1, 0x46, 0x0A, 0x3A, 0xF1, 0x1E, 0x06, 0x3A, 0xF1, 0x46, 0x0C, 0x38, 0xF1, 0x1E, 0x0C
	.byte 0x38, 0xF1, 0x46, 0xF6, 0x0C, 0x0A, 0x38, 0xF1, 0x1E, 0x02, 0x38, 0xF1, 0x46, 0x00, 0xBD, 0x30
	.byte 0x30, 0x3D, 0xF1, 0x1E, 0x0C, 0x3D, 0xF1, 0x46, 0xF6, 0x18, 0x0A, 0x31, 0xF1, 0x1E, 0x02, 0x31
	.byte 0xF1, 0x46, 0x0A, 0x35, 0xF1, 0x1E, 0x0A, 0x35, 0xF1, 0x46, 0xF6, 0x10, 0x0A, 0x31, 0xF1, 0x1E
	.byte 0x02, 0x31, 0xF1, 0x46, 0x00, 0xB5, 0x30, 0xA8, 0x35, 0xF1, 0x1E, 0x0C, 0x35, 0xF1, 0x46, 0xF6
	.byte 0x0B, 0xF6, 0x01, 0x0C, 0x3A, 0xF1, 0x1E, 0x0C, 0x3A, 0xF1, 0x46, 0xF6, 0x48, 0x0A, 0x3F, 0xF1
	.byte 0x1E, 0x06, 0x3F, 0xF1, 0x46, 0x0A, 0x3F, 0xF1, 0x1E, 0x06, 0x3F, 0xF1, 0x46, 0x0A, 0x3F, 0xF1
	.byte 0x1E, 0x06, 0x3F, 0xF1, 0x46, 0x0A, 0x3F, 0xF1, 0x1E, 0x0A, 0x3F, 0xF1, 0x46, 0xF6, 0x1C, 0xF6
	.byte 0x54, 0x08, 0x3F, 0xF1, 0x1E, 0x04, 0x3F, 0xF1, 0x46, 0x0A, 0x3F, 0xF1, 0x1E, 0x06, 0x3F, 0xF1
	.byte 0x46, 0x0A, 0x3F, 0xF1, 0x1E, 0x06, 0x3F, 0xF1, 0x46, 0x0A, 0x3F, 0xF1, 0x1E, 0x06, 0x3F, 0xF1
	.byte 0x46, 0x0A, 0x3F, 0xF1, 0x1E, 0x0A, 0x3F, 0xF1, 0x46, 0xF6, 0x1C, 0xF6, 0x60, 0x0A, 0x3F, 0xF1
	.byte 0x1E, 0x0A, 0x3F, 0xF1, 0x46, 0xF6, 0x10, 0x08, 0x3E, 0xF1, 0x1E, 0x04, 0x3E, 0xF1, 0x46, 0x30
	.byte 0x3F, 0xF6, 0x54, 0x08, 0x3F, 0xF1, 0x1E, 0x04, 0x3F, 0xF1, 0x46, 0x0A, 0x3F, 0xF1, 0x1E, 0x06
	.byte 0x3F, 0xF1, 0x46, 0x0A, 0x3F, 0xF1, 0x1E, 0x06, 0x3F, 0xF1, 0x46, 0x0A, 0x3F, 0xF1, 0x1E, 0x06
	.byte 0x3F, 0xF1, 0x46, 0x0A, 0x3F, 0xF1, 0x1E, 0x0A, 0x3F, 0xF1, 0x46, 0xF6, 0x1C, 0x08, 0x3D, 0xF1
	.byte 0x1E, 0x08, 0x3D, 0xF1, 0x46, 0xF6, 0x08, 0x08, 0x3D, 0xF1, 0x1E, 0x04, 0x3D, 0xF1, 0x46, 0x08
	.byte 0x3D, 0xF1, 0x1E, 0x04, 0x3D, 0xF1, 0x46, 0x08, 0x3D, 0xF1, 0x1E, 0x08, 0x3D, 0xF1, 0x46, 0xF6
	.byte 0x08, 0x08, 0x3D, 0xF1, 0x1E, 0x04, 0x3D, 0xF1, 0x46, 0x08, 0x3D, 0xF1, 0x1E, 0x04, 0x3D, 0xF1
	.byte 0x46, 0x0A, 0x3D, 0xF1, 0x1E, 0x06, 0x3D, 0xF1, 0x46, 0x0A, 0x3D, 0xF1, 0x1E, 0x06, 0x3D, 0xF1
	.byte 0x46, 0x0A, 0x3D, 0xF1, 0x1E, 0x06, 0x3D, 0xF1, 0x46, 0x0A, 0x3D, 0xF1, 0x1E, 0x0A, 0x3D, 0xF1
	.byte 0x46, 0xF6, 0x1C, 0xF6, 0x54, 0x08, 0x3D, 0xF1, 0x1E, 0x04, 0x3D, 0xF1, 0x46, 0x0A, 0x3D, 0xF1
	.byte 0x1E, 0x06, 0x3D, 0xF1, 0x46, 0x0A, 0x3D, 0xF1, 0x1E, 0x06, 0x3D, 0xF1, 0x46, 0x0A, 0x3D, 0xF1
	.byte 0x1E, 0x06, 0x3D, 0xF1, 0x46, 0x0A, 0x3D, 0xF1, 0x1E, 0x0A, 0x3D, 0xF1, 0x46, 0xF6, 0x10, 0x08
	.byte 0x3D, 0xF1, 0x1E, 0x04, 0x3D, 0xF1, 0x46, 0x08, 0x3F, 0xF1, 0x1E, 0x08, 0x3F, 0xF1, 0x46, 0xF6
	.byte 0x08, 0x08, 0x3F, 0xF1, 0x1E, 0x04, 0x3F, 0xF1, 0x46, 0x08, 0x3F, 0xF1, 0x1E, 0x04, 0x3F, 0xF1
	.byte 0x46, 0x08, 0x3F, 0xF1, 0x1E, 0x08, 0x3F, 0xF1, 0x46, 0xF6, 0x08, 0x08, 0x3F, 0xF1, 0x1E, 0x04
	.byte 0x3F, 0xF1, 0x46, 0x08, 0x3F, 0xF1, 0x1E, 0x04, 0x3F, 0xF1, 0x46, 0x0A, 0x3F, 0xF1, 0x1E, 0x06
	.byte 0x3F, 0xF1, 0x46, 0x0A, 0x3F, 0xF1, 0x1E, 0x06, 0x3F, 0xF1, 0x46, 0x0A, 0x3F, 0xF1, 0x1E, 0x06
	.byte 0x3F, 0xF1, 0x46, 0x0A, 0x3F, 0xF1, 0x1E, 0x0A, 0x3F, 0xF1, 0x46, 0xF6, 0x1C, 0xF6, 0x54, 0x08
	.byte 0x3F, 0xF1, 0x1E, 0x04, 0x3F, 0xF1, 0x46, 0x0A, 0x3F, 0xF1, 0x1E, 0x06, 0x3F, 0xF1, 0x46, 0x0A
	.byte 0x3F, 0xF1, 0x1E, 0x06, 0x3F, 0xF1, 0x46, 0x0A, 0x3F, 0xF1, 0x1E, 0x06, 0x3F, 0xF1, 0x46, 0x0A
	.byte 0x3F, 0xF1, 0x1E, 0x0A, 0x3F, 0xF1, 0x46, 0xF6, 0x1C, 0x0C, 0x3A, 0xF1, 0x1E, 0x0C, 0x3A, 0xF1
	.byte 0x46, 0xF6, 0x48, 0x0A, 0x3F, 0xF1, 0x1E, 0x06, 0x3F, 0xF1, 0x46, 0x0A, 0x3F, 0xF1, 0x1E, 0x06
	.byte 0x3F, 0xF1, 0x46, 0x0A, 0x3F, 0xF1, 0x1E, 0x06, 0x3F, 0xF1, 0x46, 0x0A, 0x3F, 0xF1, 0x1E, 0x0A
	.byte 0x3F, 0xF1, 0x46, 0xF6, 0x1C, 0xF6, 0x54, 0x08, 0x3F, 0xF1, 0x1E, 0x04, 0x3F, 0xF1, 0x46, 0x0A
	.byte 0x3F, 0xF1, 0x1E, 0x06, 0x3F, 0xF1, 0x46, 0x0A, 0x3F, 0xF1, 0x1E, 0x06, 0x3F, 0xF1, 0x46, 0x0A
	.byte 0x3F, 0xF1, 0x1E, 0x06, 0x3F, 0xF1, 0x46, 0x0A, 0x3F, 0xF1, 0x1E, 0x0A, 0x3F, 0xF1, 0x46, 0xF6
	.byte 0x1C, 0xF6, 0x60, 0x0A, 0x3F, 0xF1, 0x1E, 0x0A, 0x3F, 0xF1, 0x46, 0xF6, 0x10, 0x08, 0x3E, 0xF1
	.byte 0x1E, 0x04, 0x3F, 0xF1, 0x46, 0x30, 0x3F, 0xF6, 0x54, 0x08, 0x3F, 0xF1, 0x1E, 0x04, 0x3F, 0xF1
	.byte 0x46, 0x0A, 0x3F, 0xF1, 0x1E, 0x06, 0x3F, 0xF1, 0x46, 0x0A, 0x3F, 0xF1, 0x1E, 0x06, 0x3F, 0xF1
	.byte 0x46, 0x0A, 0x3F, 0xF1, 0x1E, 0x06, 0x3F, 0xF1, 0x46, 0x0A, 0x3F, 0xF1, 0x1E, 0x0A, 0x3F, 0xF1
	.byte 0x46, 0xF6, 0x1C, 0x08, 0x3D, 0xF1, 0x1E, 0x08, 0x3D, 0xF1, 0x46, 0xF6, 0x08, 0x08, 0x3D, 0xF1
	.byte 0x1E, 0x04, 0x3D, 0xF1, 0x46, 0x08, 0x3D, 0xF1, 0x1E, 0x04, 0x3D, 0xF1, 0x46, 0x08, 0x3D, 0xF1
	.byte 0x1E, 0x08, 0x3D, 0xF1, 0x46, 0xF6, 0x08, 0x08, 0x3D, 0xF1, 0x1E, 0x04, 0x3D, 0xF1, 0x46, 0x08
	.byte 0x3D, 0xF1, 0x1E, 0x04, 0x3D, 0xF1, 0x46, 0x0A, 0x3D, 0xF1, 0x1E, 0x06, 0x3D, 0xF1, 0x46, 0x0A
	.byte 0x3D, 0xF1, 0x1E, 0x06, 0x3D, 0xF1, 0x46, 0x0A, 0x3D, 0xF1, 0x1E, 0x06, 0x3D, 0xF1, 0x46, 0x0A
	.byte 0x3D, 0xF1, 0x1E, 0x0A, 0x3D, 0xF1, 0x46, 0xF6, 0x1C, 0xF6, 0x54, 0x08, 0x3D, 0xF1, 0x1E, 0x04
	.byte 0x3D, 0xF1, 0x46, 0x0A, 0x3D, 0xF1, 0x1E, 0x06, 0x3D, 0xF1, 0x46, 0x0A, 0x3D, 0xF1, 0x1E, 0x06
	.byte 0x3D, 0xF1, 0x46, 0x0A, 0x3D, 0xF1, 0x1E, 0x06, 0x3D, 0xF1, 0x46, 0x0A, 0x3D, 0xF1, 0x1E, 0x0A
	.byte 0x3D, 0xF1, 0x46, 0xF6, 0x10, 0x08, 0x3D, 0xF1, 0x1E, 0x04, 0x3D, 0xF1, 0x46, 0x08, 0x3F, 0xF1
	.byte 0x1E, 0x08, 0x3F, 0xF1, 0x46, 0xF6, 0x08, 0x08, 0x3F, 0xF1, 0x1E, 0x04, 0x3F, 0xF1, 0x46, 0x08
	.byte 0x3F, 0xF1, 0x1E, 0x04, 0x3F, 0xF1, 0x46, 0x08, 0x3F, 0xF1, 0x1E, 0x08, 0x3F, 0xF1, 0x46, 0xF6
	.byte 0x08, 0x08, 0x3F, 0xF1, 0x1E, 0x04, 0x3F, 0xF1, 0x46, 0x08, 0x3F, 0xF1, 0x1E, 0x04, 0x3F, 0xF1
	.byte 0x46, 0x0A, 0x3F, 0xF1, 0x1E, 0x06, 0x3F, 0xF1, 0x46, 0x0A, 0x3F, 0xF1, 0x1E, 0x06, 0x3F, 0xF1
	.byte 0x46, 0x0A, 0x3F, 0xF1, 0x1E, 0x06, 0x3F, 0xF1, 0x46, 0x0A, 0x3F, 0xF1, 0x1E, 0x0A, 0x3F, 0xF1
	.byte 0x46, 0xF6, 0x1C, 0xF6, 0x54, 0x08, 0x3F, 0xF1, 0x1E, 0x04, 0x3F, 0xF1, 0x46, 0x0A, 0x3F, 0xF1
	.byte 0x1E, 0x06, 0x3F, 0xF1, 0x46, 0x0A, 0x3F, 0xF1, 0x1E, 0x06, 0x3F, 0xF1, 0x46, 0x0A, 0x3F, 0xF1
	.byte 0x1E, 0x06, 0x3F, 0xF1, 0x46, 0x0A, 0x3F, 0xF1, 0x1E, 0x0A, 0x3F, 0xF1, 0x46, 0xF6, 0x1C, 0x0C
	.byte 0x3A, 0xF1, 0x1E, 0x0C, 0x3A, 0xF1, 0x46, 0xF6, 0x48, 0x0A, 0x3F, 0xF1, 0x1E, 0x06, 0x3F, 0xF1
	.byte 0x46, 0x0A, 0x3F, 0xF1, 0x1E, 0x06, 0x3F, 0xF1, 0x46, 0x0A, 0x3F, 0xF1, 0x1E, 0x06, 0x3F, 0xF1
	.byte 0x46, 0x0A, 0x3F, 0xF1, 0x1E, 0x0A, 0x3F, 0xF1, 0x46, 0xF6, 0x10, 0x0A, 0x3A, 0xF1, 0x1E, 0x02
	.byte 0x3A, 0xF1, 0x46, 0x24, 0x3F, 0xF1, 0x1E, 0x0C, 0x3F, 0xF1, 0x46, 0x0C, 0x38, 0xF1, 0x1E, 0x04
	.byte 0x3F, 0xF1, 0x46, 0x0A, 0x3A, 0xF1, 0x1E, 0x06, 0x3A, 0xF1, 0x46, 0x0A, 0x3C, 0xF1, 0x1E, 0x06
	.byte 0x3C, 0xF1, 0x46, 0x0C, 0x3A, 0xF1, 0x1E, 0x0C, 0x3A, 0xF1, 0x46, 0xF6, 0x0C, 0x0A, 0x3A, 0xF1
	.byte 0x1E, 0x02, 0x3A, 0xF1, 0x46, 0x00, 0xBF, 0x30, 0x30, 0x3F, 0xF1, 0x1E, 0x0C, 0x3F, 0xF1, 0x46
	.byte 0xF6, 0x18, 0x0A, 0x33, 0xF1, 0x1E, 0x02, 0x33, 0xF1, 0x46, 0x0A, 0x37, 0xF1, 0x1E, 0x0A, 0x33
	.byte 0xF1, 0x46, 0xF6, 0x10, 0x0A, 0x33, 0xF1, 0x1E, 0x02, 0x33, 0xF1, 0x46, 0x00, 0xB7, 0x30, 0xA8
	.byte 0x37, 0xF1, 0x1E, 0x0C, 0x37, 0xF1, 0x46, 0xF6, 0x0C, 0x0C, 0x38, 0xF1, 0x1E, 0x0C, 0x38, 0xF1
	.byte 0x46, 0xF6, 0x48, 0x0A, 0x3D, 0xF1, 0x1E, 0x06, 0x3D, 0xF1, 0x46, 0x0A, 0x3D, 0xF1, 0x1E, 0x06
	.byte 0x3D, 0xF1, 0x46, 0x0A, 0x3D, 0xF1, 0x1E, 0x06, 0x3D, 0xF1, 0x46, 0x0A, 0x3D, 0xF1, 0x1E, 0x0A
	.byte 0x3D, 0xF1, 0x46, 0xF6, 0x10, 0x0A, 0x38, 0xF1, 0x1E, 0x02, 0x38, 0xF1, 0x46, 0x24, 0x3D, 0xF1
	.byte 0x1E, 0x0C, 0x3D, 0xF1, 0x46, 0x0C, 0x36, 0xF1, 0x1E, 0x04, 0x36, 0xF1, 0x46, 0x0A, 0x38, 0xF1
	.byte 0x1E, 0x06, 0x38, 0xF1, 0x46, 0x0A, 0x3A, 0xF1, 0x1E, 0x06, 0x3A, 0xF1, 0x46, 0x0C, 0x38, 0xF1
	.byte 0x1E, 0x0C, 0x38, 0xF1, 0x46, 0xF6, 0x0C, 0x0A, 0x38, 0xF1, 0x1E, 0x02, 0x38, 0xF1, 0x46, 0x00
	.byte 0xBD, 0x30, 0x30, 0x3D, 0xF1, 0x1E, 0x0C, 0x3D, 0xF1, 0x46, 0xF6, 0x18, 0x0A, 0x31, 0xF1, 0x1E
	.byte 0x02, 0x31, 0xF1, 0x46, 0x0A, 0x35, 0xF1, 0x1E, 0x0A, 0x31, 0xF1, 0x46, 0xF6, 0x10, 0x0A, 0x31
	.byte 0xF1, 0x1E, 0x02, 0x31, 0xF1, 0x46, 0x00, 0xB5, 0x30, 0xA8, 0x35, 0xF1, 0x1E, 0x0C, 0x35, 0xF1
	.byte 0x46, 0xF6, 0x0B, 0xF8, 0x7B, 0xFB, 0xFF, 0xF9, 0x70, 0xF0, 0xC2, 0xF2, 0xB4, 0xF1, 0x46, 0x0C
	.byte 0x33, 0xF1, 0x1E, 0x0C, 0x33, 0xF1, 0x46, 0xF6, 0x48, 0x0A, 0x3A, 0xF1, 0x1E, 0x06, 0x3A, 0xF1
	.byte 0x46, 0x0A, 0x3A, 0xF1, 0x1E, 0x06, 0x3A, 0xF1, 0x46, 0x0A, 0x3A, 0xF1, 0x1E, 0x06, 0x3A, 0xF1
	.byte 0x46, 0x0A, 0x3A, 0xF1, 0x1E, 0x0A, 0x3A, 0xF1, 0x46, 0xF6, 0x10, 0x0A, 0x38, 0xF1, 0x1E, 0x02
	.byte 0x38, 0xF1, 0x46, 0x24, 0x3A, 0xF1, 0x1E, 0x0C, 0x3A, 0xF1, 0x46, 0x0C, 0x35, 0xF1, 0x1E, 0x04
	.byte 0x35, 0xF1, 0x46, 0x0A, 0x37, 0xF1, 0x1E, 0x06, 0x37, 0xF1, 0x46, 0x0A, 0x38, 0xF1, 0x1E, 0x06
	.byte 0x38, 0xF1, 0x46, 0x0C, 0x37, 0xF1, 0x1E, 0x0C, 0x37, 0xF1, 0x46, 0xF6, 0x0C, 0x0A, 0x38, 0xF1
	.byte 0x1E, 0x02, 0x38, 0xF1, 0x46, 0x00, 0xBA, 0x30, 0x30, 0x3A, 0xF1, 0x1E, 0x0C, 0x3A, 0xF1, 0x46
	.byte 0xF6, 0x18, 0x0A, 0x2E, 0xF1, 0x1E, 0x02, 0x3A, 0xF1, 0x46, 0x0A, 0x33, 0xF1, 0x1E, 0x0A, 0x33
	.byte 0xF1, 0x46, 0xF6, 0x10, 0x0A, 0x2E, 0xF1, 0x1E, 0x02, 0x2E, 0xF1, 0x46, 0x00, 0xB3, 0x30, 0xA8
	.byte 0x33, 0xF1, 0x1E, 0x0C, 0x33, 0xF1, 0x46, 0xF6, 0x0C, 0x0C, 0x31, 0xF1, 0x1E, 0x0C, 0x31, 0xF1
	.byte 0x46, 0xF6, 0x48, 0x0A, 0x38, 0xF1, 0x1E, 0x06, 0x38, 0xF1, 0x46, 0x0A, 0x38, 0xF1, 0x1E, 0x06
	.byte 0x38, 0xF1, 0x46, 0x0A, 0x38, 0xF1, 0x1E, 0x06, 0x38, 0xF1, 0x46, 0x0A, 0x38, 0xF1, 0x1E, 0x0A
	.byte 0x38, 0xF1, 0x46, 0xF6, 0x10, 0x0A, 0x36, 0xF1, 0x1E, 0x02, 0x36, 0xF1, 0x46, 0x24, 0x38, 0xF1
	.byte 0x1E, 0x0C, 0x38, 0xF1, 0x46, 0x0C, 0x33, 0xF1, 0x1E, 0x04, 0x33, 0xF1, 0x46, 0x0A, 0x35, 0xF1
	.byte 0x1E, 0x06, 0x35, 0xF1, 0x46, 0x0A, 0x36, 0xF1, 0x1E, 0x06, 0x36, 0xF1, 0x46, 0x0C, 0x35, 0xF1
	.byte 0x1E, 0x0C, 0x35, 0xF1, 0x46, 0xF6, 0x0C, 0x0A, 0x36, 0xF1, 0x1E, 0x02, 0x36, 0xF1, 0x46, 0x00
	.byte 0xB8, 0x30, 0x30, 0x38, 0xF1, 0x1E, 0x0C, 0x38, 0xF1, 0x46, 0xF6, 0x18, 0x0A, 0x2C, 0xF1, 0x1E
	.byte 0x02, 0x2C, 0xF1, 0x46, 0x0A, 0x31, 0xF1, 0x1E, 0x0A, 0x31, 0xF1, 0x46, 0xF6, 0x10, 0x0A, 0x2C
	.byte 0xF1, 0x1E, 0x02, 0x2C, 0xF1, 0x46, 0x00, 0xB1, 0x30, 0xA8, 0x31, 0xF9, 0x84, 0xF1, 0x1E, 0x0C
	.byte 0x31, 0xF1, 0x46, 0xF6, 0x0C, 0x0C, 0x33, 0xF1, 0x1E, 0x0C, 0x33, 0xF1, 0x46, 0xF6, 0x48, 0x0A
	.byte 0x3A, 0xF1, 0x1E, 0x06, 0x3A, 0xF1, 0x46, 0x0A, 0x3A, 0xF1, 0x1E, 0x06, 0x3A, 0xF1, 0x46, 0x0A
	.byte 0x3A, 0xF1, 0x1E, 0x06, 0x3A, 0xF1, 0x46, 0x0A, 0x3A, 0xF1, 0x1E, 0x0A, 0x3A, 0xF1, 0x46, 0xF6
	.byte 0x10, 0x0A, 0x38, 0xF1, 0x1E, 0x02, 0x38, 0xF1, 0x46, 0x24, 0x3A, 0xF1, 0x1E, 0x0C, 0x3A, 0xF1
	.byte 0x46, 0x0C, 0x35, 0xF1, 0x1E, 0x04, 0x35, 0xF1, 0x46, 0x0A, 0x37, 0xF1, 0x1E, 0x06, 0x37, 0xF1
	.byte 0x46, 0x0A, 0x38, 0xF1, 0x1E, 0x06, 0x38, 0xF1, 0x46, 0x0C, 0x37, 0xF1, 0x1E, 0x0C, 0x37, 0xF1
	.byte 0x46, 0xF6, 0x0C, 0x0A, 0x38, 0xF1, 0x1E, 0x02, 0x38, 0xF1, 0x46, 0x00, 0xBA, 0x30, 0x30, 0x3A
	.byte 0xF1, 0x1E, 0x0C, 0x3A, 0xF1, 0x46, 0xF6, 0x18, 0x0A, 0x2E, 0xF1, 0x1E, 0x02, 0x2E, 0xF1, 0x46
	.byte 0x0A, 0x33, 0xF1, 0x1E, 0x0A, 0x33, 0xF1, 0x46, 0xF6, 0x10, 0x0A, 0x2E, 0xF1, 0x1E, 0x02, 0x2E
	.byte 0xF1, 0x46, 0x00, 0xB3, 0x30, 0xA8, 0x33, 0xF1, 0x1E, 0x0C, 0x33, 0xF1, 0x46, 0xF6, 0x0C, 0x0C
	.byte 0x31, 0xF1, 0x1E, 0x0C, 0x31, 0xF1, 0x46, 0xF6, 0x48, 0x0A, 0x38, 0xF1, 0x1E, 0x06, 0x38, 0xF1
	.byte 0x46, 0x0A, 0x38, 0xF1, 0x1E, 0x06, 0x38, 0xF1, 0x46, 0x0A, 0x38, 0xF1, 0x1E, 0x06, 0x38, 0xF1
	.byte 0x46, 0x0A, 0x38, 0xF1, 0x1E, 0x0A, 0x38, 0xF1, 0x46, 0xF6, 0x10, 0x0A, 0x33, 0xF1, 0x1E, 0x02
	.byte 0x33, 0xF1, 0x46, 0x24, 0x38, 0xF1, 0x1E, 0x0C, 0x38, 0xF1, 0x46, 0x0C, 0x38, 0xF1, 0x1E, 0x04
	.byte 0x38, 0xF1, 0x46, 0x0A, 0x35, 0xF1, 0x1E, 0x06, 0x35, 0xF1, 0x46, 0x0A, 0x36, 0xF1, 0x1E, 0x06
	.byte 0x36, 0xF1, 0x46, 0x0C, 0x35, 0xF1, 0x1E, 0x0C, 0x35, 0xF1, 0x46, 0xF6, 0x0C, 0x0A, 0x36, 0xF1
	.byte 0x1E, 0x02, 0x36, 0xF1, 0x46, 0x00, 0xB8, 0x30, 0x30, 0x38, 0xF1, 0x1E, 0x0C, 0x38, 0xF1, 0x46
	.byte 0xF6, 0x18, 0x0A, 0x2C, 0xF1, 0x1E, 0x02, 0x2C, 0xF1, 0x46, 0x0A, 0x31, 0xF1, 0x1E, 0x0A, 0x31
	.byte 0xF1, 0x46, 0xF6, 0x10, 0x0A, 0x2C, 0xF1, 0x1E, 0x02, 0x2C, 0xF1, 0x46, 0x00, 0xB1, 0x30, 0xA8
	.byte 0x31, 0xF1, 0x1E, 0x0C, 0x31, 0xF1, 0x46, 0xF6, 0x0C, 0x0C, 0x33, 0xF1, 0x1E, 0x0C, 0x33, 0xF1
	.byte 0x46, 0xF6, 0x48, 0x0A, 0x3A, 0xF1, 0x1E, 0x06, 0x3A, 0xF1, 0x46, 0x0A, 0x3A, 0xF1, 0x1E, 0x06
	.byte 0x3A, 0xF1, 0x46, 0x0A, 0x3A, 0xF1, 0x1E, 0x06, 0x3A, 0xF1, 0x46, 0x0A, 0x3A, 0xF1, 0x1E, 0x0A
	.byte 0x3A, 0xF1, 0x46, 0xF6, 0x1C, 0xF6, 0x54, 0x08, 0x3A, 0xF1, 0x1E, 0x04, 0x3A, 0xF1, 0x46, 0x0A
	.byte 0x3A, 0xF1, 0x1E, 0x06, 0x3A, 0xF1, 0x46, 0x0A, 0x3A, 0xF1, 0x1E, 0x06, 0x3A, 0xF1, 0x46, 0x0A
	.byte 0x3A, 0xF1, 0x1E, 0x06, 0x3A, 0xF1, 0x46, 0x0A, 0x3A, 0xF1, 0x1E, 0x0A, 0x3A, 0xF1, 0x46, 0xF6
	.byte 0x1C, 0xF6, 0x60, 0x0A, 0x3A, 0xF1, 0x1E, 0x0A, 0x3A, 0xF1, 0x46, 0xF6, 0x10, 0x08, 0x3A, 0xF1
	.byte 0x1E, 0x04, 0x3A, 0xF1, 0x46, 0x30, 0x3A, 0xF1, 0x1E, 0x0C, 0x3A, 0xF1, 0x46, 0xF6, 0x48, 0x08
	.byte 0x3A, 0xF1, 0x1E, 0x04, 0x3A, 0xF1, 0x46, 0x0A, 0x3A, 0xF1, 0x1E, 0x06, 0x3A, 0xF1, 0x46, 0x0A
	.byte 0x3A, 0xF1, 0x1E, 0x06, 0x3A, 0xF1, 0x46, 0x0A, 0x3A, 0xF1, 0x1E, 0x06, 0x3A, 0xF1, 0x46, 0x0A
	.byte 0x3A, 0xF1, 0x1E, 0x0A, 0x3A, 0xF1, 0x46, 0xF6, 0x1C, 0x08, 0x38, 0xF1, 0x1E, 0x08, 0x38, 0xF1
	.byte 0x46, 0xF6, 0x08, 0x08, 0x38, 0xF1, 0x1E, 0x04, 0x38, 0xF1, 0x46, 0x08, 0x38, 0xF1, 0x1E, 0x04
	.byte 0x38, 0xF1, 0x46, 0x08, 0x38, 0xF1, 0x1E, 0x08, 0x38, 0xF1, 0x46, 0xF6, 0x08, 0x08, 0x38, 0xF1
	.byte 0x1E, 0x04, 0x38, 0xF1, 0x46, 0x08, 0x38, 0xF1, 0x1E, 0x04, 0x38, 0xF1, 0x46, 0x0A, 0x38, 0xF1
	.byte 0x1E, 0x06, 0x38, 0xF1, 0x46, 0x0A, 0x38, 0xF1, 0x1E, 0x06, 0x38, 0xF1, 0x46, 0x0A, 0x38, 0xF1
	.byte 0x1E, 0x06, 0x38, 0xF1, 0x46, 0x0A, 0x38, 0xF1, 0x1E, 0x0A, 0x38, 0xF1, 0x46, 0xF6, 0x1C, 0xF6
	.byte 0x54, 0x08, 0x38, 0xF1, 0x1E, 0x04, 0x38, 0xF1, 0x46, 0x0A, 0x38, 0xF1, 0x1E, 0x06, 0x38, 0xF1
	.byte 0x46, 0x0A, 0x38, 0xF1, 0x1E, 0x06, 0x38, 0xF1, 0x46, 0x0A, 0x38, 0xF1, 0x1E, 0x06, 0x38, 0xF1
	.byte 0x46, 0x0A, 0x38, 0xF1, 0x1E, 0x0A, 0x38, 0xF1, 0x46, 0xF6, 0x10, 0x08, 0x38, 0xF1, 0x1E, 0x04
	.byte 0x38, 0xF1, 0x46, 0x08, 0x3A, 0xF1, 0x1E, 0x08, 0x3A, 0xF1, 0x46, 0xF6, 0x08, 0x08, 0x3A, 0xF1
	.byte 0x1E, 0x04, 0x3A, 0xF1, 0x46, 0x08, 0x3A, 0xF1, 0x1E, 0x04, 0x3A, 0xF1, 0x46, 0x08, 0x3A, 0xF1
	.byte 0x1E, 0x08, 0x3A, 0xF1, 0x46, 0xF6, 0x08, 0x08, 0x3A, 0xF1, 0x1E, 0x04, 0x3A, 0xF1, 0x46, 0x08
	.byte 0x3A, 0xF1, 0x1E, 0x04, 0x3A, 0xF1, 0x46, 0x0A, 0x3A, 0xF1, 0x1E, 0x06, 0x3A, 0xF1, 0x46, 0x0A
	.byte 0x3A, 0xF1, 0x1E, 0x06, 0x3A, 0xF1, 0x46, 0x0A, 0x3A, 0xF1, 0x1E, 0x06, 0x3A, 0xF1, 0x46, 0x0A
	.byte 0x3A, 0xF1, 0x1E, 0x0A, 0x3A, 0xF1, 0x46, 0xF6, 0x1C, 0xF6, 0x54, 0x08, 0x3A, 0xF1, 0x1E, 0x04
	.byte 0x3A, 0xF1, 0x46, 0x0A, 0x3A, 0xF1, 0x1E, 0x06, 0x3A, 0xF1, 0x46, 0x0A, 0x3A, 0xF1, 0x1E, 0x06
	.byte 0x3A, 0xF1, 0x46, 0x0A, 0x3A, 0xF1, 0x1E, 0x06, 0x3A, 0xF1, 0x46, 0x0A, 0x3A, 0xF1, 0x1E, 0x0A
	.byte 0x3A, 0xF1, 0x46, 0xF6, 0x1C, 0x0C, 0x33, 0xF1, 0x1E, 0x0C, 0x33, 0xF1, 0x46, 0xF6, 0x48, 0x0A
	.byte 0x3A, 0xF1, 0x1E, 0x06, 0x3A, 0xF1, 0x46, 0x0A, 0x3A, 0xF1, 0x1E, 0x06, 0x3A, 0xF1, 0x46, 0x0A
	.byte 0x3A, 0xF1, 0x1E, 0x06, 0x3A, 0xF1, 0x46, 0x0A, 0x3A, 0xF1, 0x1E, 0x0A, 0x3A, 0xF1, 0x46, 0xF6
	.byte 0x1C, 0xF6, 0x54, 0x08, 0x3A, 0xF1, 0x1E, 0x04, 0x3A, 0xF1, 0x46, 0x0A, 0x3A, 0xF1, 0x1E, 0x06
	.byte 0x3A, 0xF1, 0x46, 0x0A, 0x3A, 0xF1, 0x1E, 0x06, 0x3A, 0xF1, 0x46, 0x0A, 0x3A, 0xF1, 0x1E, 0x06
	.byte 0x3A, 0xF1, 0x46, 0x0A, 0x3A, 0xF1, 0x1E, 0x0A, 0x3A, 0xF1, 0x46, 0xF6, 0x1C, 0xF6, 0x60, 0x0A
	.byte 0x3A, 0xF1, 0x1E, 0x0A, 0x3A, 0xF1, 0x46, 0xF6, 0x10, 0x08, 0x3A, 0xF1, 0x1E, 0x04, 0x3A, 0xF1
	.byte 0x46, 0x30, 0x3A, 0xF6, 0x54, 0x08, 0x3A, 0xF1, 0x1E, 0x04, 0x3A, 0xF1, 0x46, 0x0A, 0x3A, 0xF1
	.byte 0x1E, 0x06, 0x3A, 0xF1, 0x46, 0x0A, 0x3A, 0xF1, 0x1E, 0x06, 0x3A, 0xF1, 0x46, 0x0A, 0x3A, 0xF1
	.byte 0x1E, 0x06, 0x3A, 0xF1, 0x46, 0x0A, 0x3A, 0xF1, 0x1E, 0x0A, 0x3A, 0xF1, 0x46, 0xF6, 0x1C, 0x08
	.byte 0x38, 0xF1, 0x1E, 0x08, 0x38, 0xF1, 0x46, 0xF6, 0x08, 0x08, 0x38, 0xF1, 0x1E, 0x04, 0x38, 0xF1
	.byte 0x46, 0x08, 0x38, 0xF1, 0x1E, 0x04, 0x38, 0xF1, 0x46, 0x08, 0x38, 0xF1, 0x1E, 0x08, 0x38, 0xF1
	.byte 0x46, 0xF6, 0x08, 0x08, 0x38, 0xF1, 0x1E, 0x04, 0x38, 0xF1, 0x46, 0x08, 0x38, 0xF1, 0x1E, 0x04
	.byte 0x38, 0xF1, 0x46, 0x0A, 0x38, 0xF1, 0x1E, 0x06, 0x38, 0xF1, 0x46, 0x0A, 0x38, 0xF1, 0x1E, 0x06
	.byte 0x38, 0xF1, 0x46, 0x0A, 0x38, 0xF1, 0x1E, 0x06, 0x38, 0xF1, 0x46, 0x0A, 0x38, 0xF1, 0x1E, 0x0A
	.byte 0x38, 0xF1, 0x46, 0xF6, 0x1C, 0xF6, 0x54, 0x08, 0x38, 0xF1, 0x1E, 0x04, 0x38, 0xF1, 0x46, 0x0A
	.byte 0x38, 0xF1, 0x1E, 0x06, 0x38, 0xF1, 0x46, 0x0A, 0x38, 0xF1, 0x1E, 0x06, 0x38, 0xF1, 0x46, 0x0A
	.byte 0x38, 0xF1, 0x1E, 0x06, 0x38, 0xF1, 0x46, 0x0A, 0x38, 0xF1, 0x1E, 0x0A, 0x38, 0xF1, 0x46, 0xF6
	.byte 0x10, 0x08, 0x38, 0xF1, 0x1E, 0x04, 0x38, 0xF1, 0x46, 0x08, 0x3A, 0xF1, 0x1E, 0x08, 0x3A, 0xF1
	.byte 0x46, 0xF6, 0x08, 0x08, 0x3A, 0xF1, 0x1E, 0x04, 0x3A, 0xF1, 0x46, 0x08, 0x3A, 0xF1, 0x1E, 0x04
	.byte 0x3A, 0xF1, 0x46, 0x08, 0x3A, 0xF1, 0x1E, 0x08, 0x3A, 0xF1, 0x46, 0xF6, 0x08, 0x08, 0x3A, 0xF1
	.byte 0x1E, 0x04, 0x3A, 0xF1, 0x46, 0x08, 0x3A, 0xF1, 0x1E, 0x04, 0x3A, 0xF1, 0x46, 0x0A, 0x3A, 0xF1
	.byte 0x1E, 0x06, 0x3A, 0xF1, 0x46, 0x0A, 0x3A, 0xF1, 0x1E, 0x06, 0x3A, 0xF1, 0x46, 0x0A, 0x3A, 0xF1
	.byte 0x1E, 0x06, 0x3A, 0xF1, 0x46, 0x0A, 0x3A, 0xF1, 0x1E, 0x0A, 0x3A, 0xF1, 0x46, 0xF6, 0x1C, 0xF6
	.byte 0x54, 0x08, 0x3A, 0xF1, 0x1E, 0x04, 0x3A, 0xF1, 0x46, 0x0A, 0x3A, 0xF1, 0x1E, 0x06, 0x3A, 0xF1
	.byte 0x46, 0x0A, 0x3A, 0xF1, 0x1E, 0x06, 0x3A, 0xF1, 0x46, 0x0A, 0x3A, 0xF1, 0x1E, 0x06, 0x3A, 0xF1
	.byte 0x46, 0x0A, 0x3A, 0xF1, 0x1E, 0x0A, 0x3A, 0xF1, 0x46, 0xF6, 0x1C, 0x0C, 0x33, 0xF1, 0x1E, 0x0C
	.byte 0x33, 0xF1, 0x46, 0xF6, 0x48, 0x0A, 0x3A, 0xF1, 0x1E, 0x06, 0x3A, 0xF1, 0x46, 0x0A, 0x3A, 0xF1
	.byte 0x1E, 0x06, 0x3A, 0xF1, 0x46, 0x0A, 0x3A, 0xF1, 0x1E, 0x06, 0x3A, 0xF1, 0x46, 0x0A, 0x3A, 0xF1
	.byte 0x1E, 0x0A, 0x3A, 0xF1, 0x46, 0xF6, 0x10, 0x0A, 0x38, 0xF1, 0x1E, 0x02, 0x38, 0xF1, 0x46, 0x24
	.byte 0x3A, 0xF1, 0x1E, 0x0C, 0x3A, 0xF1, 0x46, 0x0C, 0x35, 0xF1, 0x1E, 0x04, 0x35, 0xF1, 0x46, 0x0A
	.byte 0x37, 0xF1, 0x1E, 0x06, 0x37, 0xF1, 0x46, 0x0A, 0x38, 0xF1, 0x1E, 0x06, 0x38, 0xF1, 0x46, 0x0C
	.byte 0x37, 0xF1, 0x1E, 0x0C, 0x37, 0xF1, 0x46, 0xF6, 0x0C, 0x0A, 0x38, 0xF1, 0x1E, 0x02, 0x38, 0xF1
	.byte 0x46, 0x00, 0xBA, 0x30, 0x30, 0x3A, 0xF1, 0x1E, 0x0C, 0x3A, 0xF1, 0x46, 0xF6, 0x18, 0x0A, 0x2E
	.byte 0xF1, 0x1E, 0x02, 0x2E, 0xF1, 0x46, 0x0A, 0x33, 0xF1, 0x1E, 0x0A, 0x33, 0xF1, 0x46, 0xF6, 0x10
	.byte 0x0A, 0x2E, 0xF1, 0x1E, 0x02, 0x2E, 0xF1, 0x46, 0x00, 0xB3, 0x30, 0xA8, 0x33, 0xF1, 0x1E, 0x0C
	.byte 0x33, 0xF1, 0x46, 0xF6, 0x0C, 0x0C, 0x31, 0xF1, 0x1E, 0x0C, 0x31, 0xF1, 0x46, 0xF6, 0x48, 0x0A
	.byte 0x38, 0xF1, 0x1E, 0x06, 0x31, 0xF1, 0x46, 0x0A, 0x38, 0xF1, 0x1E, 0x06, 0x38, 0xF1, 0x46, 0x0A
	.byte 0x38, 0xF1, 0x1E, 0x06, 0x38, 0xF1, 0x46, 0x0A, 0x38, 0xF1, 0x1E, 0x0A, 0x38, 0xF1, 0x46, 0xF6
	.byte 0x10, 0x0A, 0x36, 0xF1, 0x1E, 0x02, 0x36, 0xF1, 0x46, 0x24, 0x38, 0xF1, 0x1E, 0x0C, 0x38, 0xF1
	.byte 0x46, 0x0C, 0x33, 0xF1, 0x1E, 0x04, 0x33, 0xF1, 0x46, 0x0A, 0x35, 0xF1, 0x1E, 0x06, 0x35, 0xF1
	.byte 0x46, 0x0A, 0x36, 0xF1, 0x1E, 0x06, 0x36, 0xF1, 0x46, 0x0C, 0x35, 0xF1, 0x1E, 0x0C, 0x35, 0xF1
	.byte 0x46, 0xF6, 0x0C, 0x0A, 0x36, 0xF1, 0x1E, 0x02, 0x36, 0xF1, 0x46, 0x00, 0xB8, 0x30, 0x30, 0x38
	.byte 0xF1, 0x1E, 0x0C, 0x38, 0xF1, 0x46, 0xF6, 0x18, 0x0A, 0x2C, 0xF1, 0x1E, 0x02, 0x2C, 0xF1, 0x46
	.byte 0x0A, 0x31, 0xF1, 0x1E, 0x0A, 0x31, 0xF1, 0x46, 0xF6, 0x10, 0x0A, 0x2C, 0xF1, 0x1E, 0x02, 0x2C
	.byte 0xF1, 0x46, 0x00, 0xB1, 0x30, 0xA8, 0x31, 0xF1, 0x1E, 0x0C, 0x31, 0xF1, 0x46, 0xF6, 0x0C, 0xF8
	.byte 0x77, 0xFB, 0xFF, 0x00, 0xFC, 0x03, 0x12, 0x00, 0xBF, 0x01, 0x23, 0x04, 0x97, 0x05, 0x2A, 0x07
	.byte 0xD7, 0x08, 0x3B, 0x0B, 0xE8, 0x0C, 0xF9, 0x50, 0xF6, 0xC0, 0xF6, 0xC0, 0xF6, 0x19, 0xF0, 0x0A
	.byte 0xF2, 0x6E, 0xF1, 0x8C, 0x0C, 0x4D, 0x00, 0xCC, 0x08, 0xF1, 0x50, 0x04, 0x4C, 0xF1, 0x8C, 0x00
	.byte 0xCD, 0x0C, 0xF1, 0x50, 0x0C, 0x4D, 0xF1, 0x8C, 0x00, 0xC8, 0x10, 0xF1, 0x50, 0x08, 0x48, 0xF1
	.byte 0x8C, 0x0C, 0x49, 0x0C, 0x4B, 0x0C, 0x49, 0x0C, 0x48, 0x00, 0xC6, 0x0C, 0xF1, 0x50, 0x0C, 0x46
	.byte 0xF1, 0x8C, 0x00, 0xC9, 0x10, 0xF1, 0x50, 0x08, 0x49, 0xF1, 0x8C, 0xF6, 0x18, 0x0C, 0x4C, 0x00
	.byte 0xCD, 0x08, 0xF1, 0x50, 0x04, 0x4D, 0xF1, 0x8C, 0x00, 0xCF, 0x0C, 0xF1, 0x50, 0x0C, 0x4F, 0xF1
	.byte 0x8C, 0x00, 0xC8, 0x10, 0xF1, 0x50, 0x08, 0x48, 0xF1, 0x8C, 0x18, 0x46, 0x00, 0xC4, 0x0C, 0xF1
	.byte 0x50, 0x0C, 0x44, 0xF1, 0x8C, 0x00, 0xCD, 0x18, 0xF1, 0x50, 0x00, 0xCD, 0x0C, 0xF1, 0x28, 0x0C
	.byte 0x4D, 0xF1, 0x8C, 0x00, 0xCD, 0x0C, 0xF1, 0x50, 0x0C, 0x4D, 0xF1, 0x8C, 0x0C, 0x50, 0x00, 0xCF
	.byte 0x08, 0xF1, 0x50, 0x04, 0x4F, 0xF1, 0x8C, 0x0C, 0x50, 0x00, 0xCF, 0x08, 0xF1, 0x50, 0x04, 0x4F
	.byte 0xF1, 0x8C, 0x0C, 0x4D, 0x0C, 0x50, 0x00, 0xCE, 0x0C, 0xF1, 0x50, 0x0C, 0x4E, 0xF1, 0x8C, 0x0C
	.byte 0x51, 0x00, 0xD0, 0x08, 0xF1, 0x50, 0x04, 0x50, 0xF1, 0x8C, 0x0C, 0x51, 0x00, 0xD0, 0x08, 0xF1
	.byte 0x50, 0x04, 0x50, 0xF1, 0x8C, 0x0C, 0x4E, 0x0C, 0x4C, 0x0C, 0x4B, 0x0C, 0x4C, 0x0C, 0x4E, 0x0C
	.byte 0x4B, 0x0C, 0x50, 0x0C, 0x4E, 0x00, 0xCC, 0x08, 0xF1, 0x50, 0x04, 0x4C, 0xF1, 0x8C, 0x00, 0xCB
	.byte 0x08, 0xF1, 0x50, 0x04, 0x4B, 0xF1, 0x8C, 0x0C, 0x49, 0x0C, 0x48, 0x0C, 0x49, 0x0C, 0x4B, 0x0C
	.byte 0x4C, 0x0C, 0x4B, 0x0C, 0x49, 0x0C, 0x47, 0x0C, 0x45, 0x0C, 0x49, 0x0C, 0x48, 0x0C, 0x49, 0x0C
	.byte 0x4C, 0x0C, 0x49, 0x0C, 0x48, 0x0C, 0x49, 0x0C, 0x45, 0x0C, 0x49, 0x0C, 0x48, 0x0C, 0x49, 0x0C
	.byte 0x4C, 0x0C, 0x49, 0x0C, 0x48, 0x0C, 0x49, 0x0C, 0x44, 0x0C, 0x48, 0x0C, 0x46, 0x0C, 0x48, 0x0C
	.byte 0x4B, 0x0C, 0x48, 0x0C, 0x46, 0x0C, 0x48, 0x0C, 0x44, 0x0C, 0x51, 0x03, 0x50, 0x03, 0x51, 0x06
	.byte 0x50, 0x0C, 0x4E, 0x0C, 0x4C, 0x0C, 0x4B, 0x0C, 0x49, 0x0C, 0x48, 0xF9, 0x4A, 0xF6, 0x18, 0x0C
	.byte 0x49, 0x00, 0xC8, 0x08, 0xF1, 0x50, 0x04, 0x48, 0xF1, 0x8C, 0x00, 0xC9, 0x0C, 0xF1, 0x50, 0x0C
	.byte 0x49, 0xF1, 0x8C, 0x00, 0xC4, 0x10, 0xF1, 0x50, 0x00, 0xC4, 0x0C, 0xF1, 0x28, 0x0C, 0x44, 0xF1
	.byte 0x8C, 0xF6, 0x06, 0xF9, 0x46, 0xF6, 0x02, 0x0C, 0x49, 0x00, 0xC8, 0x08, 0xF1, 0x50, 0x04, 0x48
	.byte 0xF1, 0x8C, 0x00, 0xC9, 0x0C, 0xF1, 0x50, 0x0C, 0x49, 0xF1, 0x8C, 0x00, 0xC4, 0x10, 0xF9, 0x42
	.byte 0xF1, 0x50, 0x08, 0x44, 0xF1, 0x8C, 0x00, 0xC4, 0x90, 0xF9, 0x50, 0xF1, 0x50, 0x00, 0xC4, 0x0C
	.byte 0xF1, 0x28, 0x0C, 0x44, 0xF1, 0x8C, 0x00, 0xC0, 0x0C, 0xF1, 0x50, 0x0C, 0x40, 0xF1, 0x8C, 0x00
	.byte 0xC1, 0x0C, 0xF1, 0x50, 0x00, 0xC0, 0x0C, 0xF1, 0x28, 0x0C, 0x40, 0xF1, 0x8C, 0xF6, 0x9B, 0xF8
	.byte 0x58, 0xFE, 0xFF, 0xF9, 0x50, 0xF6, 0x19, 0xF0, 0x0A, 0xF2, 0x8C, 0xF1, 0xA0, 0x0C, 0x41, 0x00
	.byte 0xC0, 0x08, 0xF1, 0x50, 0x04, 0x40, 0xF1, 0xA0, 0x00, 0xC1, 0x0C, 0xF1, 0x50, 0x0C, 0x41, 0xF1
	.byte 0xA0, 0x00, 0xBC, 0x10, 0xF1, 0x50, 0x08, 0x3C, 0xF1, 0xA0, 0x0C, 0x3D, 0x0C, 0x3F, 0x0C, 0x3D
	.byte 0x0C, 0x3C, 0x00, 0xBA, 0x0C, 0xF1, 0x50, 0x0C, 0x3A, 0xF1, 0xA0, 0x00, 0xBD, 0x10, 0xF1, 0x50
	.byte 0x00, 0xBD, 0x07, 0xF6, 0x01, 0xF1, 0x28, 0x08, 0x3D, 0xF1, 0xA0, 0xF6, 0x10, 0x0C, 0x40, 0x00
	.byte 0xC1, 0x08, 0xF1, 0x50, 0x04, 0x41, 0xF1, 0xA0, 0x00, 0xC3, 0x0C, 0xF1, 0x50, 0x0C, 0x43, 0xF1
	.byte 0xA0, 0x00, 0xBC, 0x10, 0xF1, 0x50, 0x08, 0x3C, 0xF1, 0xA0, 0x18, 0x3A, 0x00, 0xB8, 0x0C, 0xF1
	.byte 0x50, 0x0C, 0x38, 0xF1, 0xA0, 0x00, 0xC1, 0x18, 0xF1, 0x50, 0x00, 0xC1, 0x0C, 0xF1, 0x28, 0x0C
	.byte 0x41, 0xF1, 0xA0, 0x00, 0xC1, 0x0C, 0xF1, 0x50, 0x0C, 0x41, 0xF1, 0xA0, 0x0C, 0x44, 0x00, 0xC3
	.byte 0x08, 0xF1, 0x50, 0x04, 0x43, 0xF1, 0xA0, 0x0C, 0x44, 0x00, 0xC3, 0x08, 0xF1, 0x50, 0x04, 0x43
	.byte 0xF1, 0xA0, 0x0C, 0x41, 0x0C, 0x44, 0x00, 0xC1, 0x0C, 0xF1, 0x50, 0x0C, 0x41, 0xF1, 0xA0, 0x00
	.byte 0xC3, 0x0C, 0xF1, 0x50, 0x0C, 0x43, 0xF1, 0xA0, 0x0C, 0x44, 0x0C, 0x43, 0x0C, 0x41, 0x0C, 0x40
	.byte 0x0C, 0x43, 0x0C, 0x44, 0x0C, 0x46, 0x0C, 0x43, 0x0C, 0x48, 0x0C, 0x46, 0x0C, 0x44, 0x0C, 0x43
	.byte 0x0C, 0x41, 0x0C, 0x40, 0x0C, 0x41, 0x0C, 0x43, 0x0C, 0x44, 0x0C, 0x43, 0x0C, 0x41, 0x0C, 0x3F
	.byte 0x00, 0xBD, 0x0C, 0xF1, 0x50, 0x0C, 0x3D, 0xF1, 0xA0, 0x00, 0xC4, 0x0C, 0xF1, 0x50, 0x0C, 0x44
	.byte 0xF1, 0xA0, 0x30, 0x49, 0x00, 0xBD, 0x0C, 0xF1, 0x50, 0x0C, 0x3D, 0xF1, 0xA0, 0x00, 0xC2, 0x0C
	.byte 0xF1, 0x50, 0x0C, 0x42, 0xF1, 0xA0, 0x00, 0xC5, 0x30, 0xF1, 0x50, 0x00, 0xC5, 0x0C, 0xF1, 0x28
	.byte 0x0C, 0x45, 0xF1, 0xA0, 0x0C, 0x44, 0x00, 0xC5, 0x08, 0xF1, 0x50, 0x04, 0x45, 0xF1, 0xA0, 0x0C
	.byte 0x48, 0x00, 0xC5, 0x08, 0xF1, 0x50, 0x04, 0x45, 0xF1, 0xA0, 0x00, 0xC4, 0x08, 0xF1, 0x50, 0x04
	.byte 0x44, 0xF1, 0xA0, 0x00, 0xC2, 0x08, 0xF1, 0x50, 0x04, 0x42, 0xF1, 0xA0, 0x18, 0x45, 0x00, 0xC4
	.byte 0x0C, 0xF1, 0x50, 0x0C, 0x44, 0xF1, 0xA0, 0x00, 0xC4, 0x12, 0xF1, 0x50, 0x06, 0x44, 0xF1, 0xA0
	.byte 0x0C, 0x44, 0x00, 0xC2, 0x0C, 0xF1, 0x50, 0x00, 0xC2, 0x0C, 0xF1, 0x28, 0x0C, 0x42, 0xF1, 0xA0
	.byte 0x0C, 0x3D, 0x00, 0xBC, 0x08, 0xF1, 0x50, 0x04, 0x3C, 0xF1, 0xA0, 0x00, 0xBD, 0x0C, 0xF1, 0x50
	.byte 0x0C, 0x3D, 0xF1, 0xA0, 0x00, 0xB8, 0x10, 0xF1, 0x50, 0x08, 0x38, 0xF1, 0xA0, 0x0C, 0x39, 0x0C
	.byte 0x3B, 0x0C, 0x39, 0x0C, 0x38, 0x00, 0xB6, 0x0C, 0xF1, 0x50, 0x0C, 0x36, 0xF1, 0xA0, 0x00, 0xB9
	.byte 0x10, 0xF1, 0x50, 0x00, 0xB9, 0x08, 0xF1, 0xA0, 0xF1, 0x28, 0x08, 0x39, 0xF1, 0xA0, 0xF6, 0x10
	.byte 0x0C, 0x3C, 0x00, 0xBD, 0x08, 0xF1, 0x50, 0x04, 0x3D, 0xF1, 0xA0, 0x00, 0xBF, 0x0C, 0xF1, 0x50
	.byte 0x0C, 0x3F, 0xF1, 0xA0, 0x00, 0xB8, 0x10, 0xF1, 0x50, 0x08, 0x38, 0xF1, 0xA0, 0x18, 0x36, 0x00
	.byte 0xB4, 0x0C, 0xF1, 0x50, 0x0C, 0x34, 0xF1, 0xA0, 0x00, 0xBD, 0x18, 0xF1, 0x50, 0x00, 0xBD, 0x0C
	.byte 0xF1, 0x28, 0x0C, 0x3D, 0xF1, 0xA0, 0xF9, 0x4A, 0x00, 0xB4, 0x0C, 0xF1, 0x50, 0x0C, 0x34, 0xF1
	.byte 0xA0, 0x00, 0xB9, 0x0C, 0xF1, 0x50, 0x0C, 0x39, 0xF1, 0xA0, 0x30, 0x3D, 0x00, 0xB3, 0x0C, 0xF1
	.byte 0x50, 0x00, 0xB3, 0x0A, 0xF9, 0x46, 0x02, 0x33, 0xF1, 0xA0, 0x00, 0xB9, 0x0C, 0xF1, 0x50, 0x0C
	.byte 0x39, 0xF1, 0xA0, 0x00, 0xBD, 0x28, 0xF9, 0x42, 0x08, 0x3D, 0x00, 0xBC, 0x90, 0xF9, 0x50, 0xF1
	.byte 0x50, 0x00, 0xBC, 0x0C, 0xF1, 0x28, 0x0C, 0x3C, 0xF1, 0xA0, 0x00, 0xBA, 0x0C, 0xF1, 0x50, 0x0C
	.byte 0x3A, 0xF1, 0xA0, 0x00, 0xB8, 0x0C, 0xF1, 0x50, 0x0C, 0x38, 0xF1, 0xA0, 0x0C, 0x41, 0x00, 0xC0
	.byte 0x08, 0xF1, 0x50, 0x04, 0x40, 0xF1, 0xA0, 0x00, 0xC1, 0x0C, 0xF1, 0x50, 0x0C, 0x41, 0xF1, 0xA0
	.byte 0x00, 0xBC, 0x10, 0xF1, 0x50, 0x08, 0x3C, 0xF1, 0xA0, 0x0C, 0x3D, 0x0C, 0x3F, 0x0C, 0x3D, 0x0C
	.byte 0x3C, 0x00, 0xBA, 0x0C, 0xF1, 0x50, 0x0C, 0x3A, 0xF1, 0xA0, 0x00, 0xBD, 0x10, 0xF1, 0x50, 0x07
	.byte 0x3D, 0xF1, 0xA0, 0xF8, 0xDD, 0xFD, 0xFF, 0xF9, 0x50, 0xF0, 0x0A, 0xF2, 0xA0, 0xF1, 0xB4, 0x00
	.byte 0xB5, 0x18, 0xF1, 0x50, 0x00, 0xB5, 0x0C, 0xF1, 0x28, 0x0C, 0x35, 0xF1, 0xB4, 0xF6, 0x30, 0x00
	.byte 0xAE, 0x18, 0xF1, 0x50, 0x00, 0xAE, 0x0C, 0xF1, 0x28, 0x0C, 0x2E, 0xF1, 0xB4, 0xF6, 0x30, 0x00
	.byte 0xB0, 0x18, 0xF1, 0x50, 0x00, 0xB0, 0x0C, 0xF1, 0x28, 0x0C, 0x30, 0xF1, 0xB4, 0xF6, 0x30, 0x00
	.byte 0xB5, 0x18, 0xF1, 0x50, 0x00, 0xB5, 0x0C, 0xF1, 0x28, 0x0C, 0x35, 0xF1, 0xB4, 0xF6, 0x30, 0x00
	.byte 0xB1, 0x18, 0xF1, 0x50, 0x00, 0xB1, 0x0C, 0xF1, 0x28, 0x0C, 0x31, 0xF1, 0xB4, 0xF6, 0x30, 0x00
	.byte 0xAE, 0x18, 0xF1, 0x50, 0x00, 0xAE, 0x0C, 0xF1, 0x28, 0x0C, 0x2E, 0xF1, 0xB4, 0xF6, 0x30, 0x00
	.byte 0xB0, 0x18, 0xF1, 0x50, 0x00, 0xB0, 0x0C, 0xF1, 0x28, 0x0C, 0x30, 0xF1, 0xB4, 0xF6, 0x30, 0x00
	.byte 0xB5, 0x18, 0xF1, 0x50, 0x00, 0xB5, 0x0C, 0xF1, 0x28, 0x0C, 0x35, 0xF1, 0xB4, 0xF6, 0x30, 0xF6
	.byte 0x18, 0x0C, 0x31, 0x0C, 0x30, 0x00, 0xB1, 0x0C, 0xF1, 0x50, 0x0C, 0x31, 0xF1, 0xB4, 0x00, 0xAC
	.byte 0x10, 0xF1, 0x50, 0x08, 0x2C, 0xF1, 0xB4, 0x0C, 0x2D, 0x0C, 0x2F, 0x0C, 0x2D, 0x0C, 0x2C, 0x00
	.byte 0xAA, 0x0C, 0xF1, 0x50, 0x0C, 0x2A, 0xF1, 0xB4, 0x00, 0xAD, 0x10, 0xF1, 0x50, 0x00, 0xAD, 0x08
	.byte 0xF1, 0xB4, 0xF1, 0x28, 0x08, 0x2D, 0xF1, 0xB4, 0xF6, 0x10, 0x0C, 0x30, 0x0C, 0x31, 0x00, 0xB3
	.byte 0x0C, 0xF1, 0x50, 0x0C, 0x33, 0xF1, 0xB4, 0x00, 0xAC, 0x10, 0xF1, 0x28, 0x08, 0x2C, 0xF1, 0xB4
	.byte 0x18, 0x2A, 0x00, 0xA8, 0x0C, 0xF1, 0x50, 0x0C, 0x28, 0xF1, 0xB4, 0x00, 0xB1, 0x18, 0xF1, 0x50
	.byte 0x00, 0xB1, 0x0C, 0xF1, 0x28, 0x0C, 0x31, 0xF1, 0xB4, 0x00, 0xAD, 0x18, 0xF1, 0x50, 0x00, 0xAD
	.byte 0x0C, 0xF1, 0x28, 0x0C, 0x2D, 0xF1, 0xB4, 0xF6, 0x30, 0x00, 0xAA, 0x18, 0xF1, 0x50, 0x00, 0xAA
	.byte 0x0C, 0xF1, 0x28, 0x0C, 0x2A, 0xF1, 0xB4, 0xF6, 0x30, 0x00, 0xAC, 0x18, 0xF1, 0x50, 0x00, 0xAC
	.byte 0x0C, 0xF1, 0x28, 0x0C, 0x2C, 0xF1, 0xB4, 0xF6, 0x30, 0x00, 0xB1, 0x18, 0xF1, 0x50, 0x00, 0xB1
	.byte 0x0C, 0xF1, 0x28, 0x0C, 0x31, 0xF1, 0xB4, 0xF6, 0x30, 0xF9, 0x4A, 0xF6, 0x76, 0xF9, 0x46, 0xF6
	.byte 0x42, 0xF9, 0x42, 0xF6, 0x08, 0x00, 0xAC, 0x90, 0xF9, 0x50, 0xF1, 0x50, 0x00, 0xAC, 0x0C, 0xF1
	.byte 0x28, 0x0C, 0x2C, 0xF1, 0xB4, 0xF6, 0x18, 0x00, 0xB5, 0x18, 0xF1, 0x50, 0x00, 0xB5, 0x0C, 0xF1
	.byte 0x28, 0x0C, 0x35, 0xF1, 0xB4, 0xF6, 0x30, 0x00, 0xAE, 0x18, 0xF1, 0x50, 0x00, 0xAE, 0x0C, 0xF1
	.byte 0x28, 0x0C, 0x2E, 0xF1, 0xB4, 0xF6, 0x30, 0xF8, 0xB5, 0xFE, 0xFF, 0xF9, 0x50, 0xF0, 0x0A, 0xF1
	.byte 0xDC, 0x00, 0xA9, 0x17, 0xF1, 0x78, 0x00, 0xA9, 0x0C, 0xF1, 0x3C, 0x0C, 0x29, 0xF1, 0xDC, 0xF6
	.byte 0x30, 0x00, 0xA2, 0x18, 0xF1, 0x78, 0x00, 0xA2, 0x0C, 0xF1, 0x3C, 0x0C, 0x22, 0xF1, 0xDC, 0xF6
	.byte 0x31, 0x00, 0xA4, 0x17, 0xF1, 0x78, 0x00, 0xA4, 0x0C, 0xF1, 0x3C, 0x0C, 0x24, 0xF1, 0xDC, 0xF6
	.byte 0x30, 0x00, 0xA9, 0x18, 0xF1, 0x78, 0x00, 0xA9, 0x0C, 0xF1, 0x3C, 0x0C, 0x29, 0xF1, 0xDC, 0xF6
	.byte 0x30, 0x00, 0xB1, 0x18, 0xF1, 0x78, 0x00, 0xB1, 0x0C, 0xF1, 0x3C, 0x0C, 0x31, 0xF1, 0xDC, 0xF6
	.byte 0x30, 0x00, 0xA2, 0x18, 0xF1, 0x78, 0x00, 0xA2, 0x0C, 0xF1, 0x3C, 0x0C, 0x22, 0xF1, 0xDC, 0xF6
	.byte 0x30, 0x00, 0xA4, 0x18, 0xF1, 0x78, 0x00, 0xA4, 0x0C, 0xF1, 0x3C, 0x0C, 0x24, 0xF1, 0xDC, 0xF6
	.byte 0x30, 0x00, 0xA9, 0x18, 0xF1, 0x78, 0x00, 0xA9, 0x0C, 0xF1, 0x3C, 0x0C, 0x29, 0xF1, 0xDC, 0xF6
	.byte 0x30, 0xF6, 0x18, 0x0C, 0x31, 0x00, 0xB0, 0x08, 0xF1, 0x78, 0x04, 0x30, 0xF1, 0xDC, 0x00, 0xB1
	.byte 0x0C, 0xF1, 0x78, 0x0C, 0x31, 0xF1, 0xDC, 0x00, 0xAC, 0x10, 0xF1, 0x78, 0x08, 0x2C, 0xF1, 0xDC
	.byte 0x0C, 0x2D, 0x00, 0xAF, 0x0A, 0xF1, 0x78, 0x02, 0x2F, 0xF1, 0xDC, 0x00, 0xAD, 0x0A, 0xF1, 0x78
	.byte 0x02, 0x2D, 0xF1, 0xDC, 0x00, 0xAC, 0x0A, 0xF1, 0x78, 0x02, 0x2C, 0xF1, 0xDC, 0x00, 0xAA, 0x0C
	.byte 0xF1, 0x78, 0x0C, 0x2A, 0xF1, 0xDC, 0x00, 0xAD, 0x10, 0xF1, 0x78, 0x00, 0xAD, 0x08, 0xF1, 0x3C
	.byte 0x08, 0x2D, 0xF1, 0xDC, 0xF6, 0x10, 0x0C, 0x30, 0x00, 0xB1, 0x08, 0xF1, 0x78, 0x04, 0x31, 0xF1
	.byte 0xDC, 0x00, 0xB3, 0x0C, 0xF1, 0x78, 0x0C, 0x33, 0xF1, 0xDC, 0x00, 0xAC, 0x10, 0xF1, 0x78, 0x08
	.byte 0x2C, 0xF1, 0xDC, 0x18, 0x2A, 0x00, 0xA8, 0x0C, 0xF1, 0x78, 0x0C, 0x28, 0xF1, 0xDC, 0x00, 0xB1
	.byte 0x18, 0xF1, 0x78, 0x00, 0xB1, 0x0C, 0xF1, 0x3C, 0x0C, 0x31, 0xF1, 0xDC, 0x00, 0xA1, 0x18, 0xF1
	.byte 0x78, 0x00, 0xA1, 0x0C, 0xF1, 0x3C, 0x0C, 0x21, 0xF1, 0xDC, 0xF6, 0x30, 0x00, 0x9E, 0x18, 0xF1
	.byte 0x78, 0x00, 0x9E, 0x0C, 0xF1, 0x3C, 0x0C, 0x1E, 0xF1, 0xDC, 0xF6, 0x30, 0x00, 0xA0, 0x18, 0xF1
	.byte 0x78, 0x00, 0xA0, 0x0C, 0xF1, 0x3C, 0x0C, 0x20, 0xF1, 0xDC, 0xF6, 0x30, 0x00, 0xA5, 0x18, 0xF1
	.byte 0x78, 0x00, 0xA5, 0x0C, 0xF1, 0x3C, 0x0C, 0x25, 0xF1, 0xDC, 0xF6, 0x30, 0xF9, 0x4A, 0xF6, 0x76
	.byte 0xF9, 0x46, 0xF6, 0x42, 0xF9, 0x42, 0xF6, 0x08, 0x00, 0xA0, 0x90, 0xF9, 0x50, 0xF1, 0x78, 0x00
	.byte 0xA0, 0x0C, 0xF1, 0x3C, 0x0C, 0x20, 0xF1, 0xDC, 0xF6, 0x18, 0x00, 0xA9, 0x18, 0xF1, 0x78, 0x00
	.byte 0xA9, 0x0C, 0xF1, 0x3C, 0x0C, 0x29, 0xF1, 0xDC, 0xF6, 0x30, 0x00, 0xA2, 0x18, 0xF1, 0x78, 0x00
	.byte 0xA2, 0x0C, 0xF1, 0x3C, 0x0C, 0x22, 0xF1, 0xDC, 0xF6, 0x31, 0xF8, 0x94, 0xFE, 0xFF, 0xF9, 0x50
	.byte 0xF6, 0xC0, 0xF6, 0xC0, 0xF6, 0x1A, 0xF0, 0x1E, 0xF2, 0xB4, 0xF1, 0x50, 0x0C, 0x4D, 0x00, 0xCC
	.byte 0x08, 0xF1, 0x28, 0x04, 0x4C, 0xF1, 0x50, 0x00, 0xCD, 0x0C, 0xF1, 0x28, 0x0C, 0x4D, 0xF1, 0x50
	.byte 0x00, 0xC8, 0x10, 0xF1, 0x28, 0x08, 0x48, 0xF1, 0x50, 0x0C, 0x49, 0x0C, 0x4B, 0x0C, 0x49, 0x0C
	.byte 0x48, 0x00, 0xC6, 0x0C, 0xF1, 0x28, 0x0C, 0x46, 0xF1, 0x50, 0x00, 0xC9, 0x10, 0xF1, 0x28, 0x08
	.byte 0x49, 0xF1, 0x50, 0xF6, 0x18, 0x0C, 0x4C, 0x00, 0xCD, 0x08, 0xF1, 0x28, 0x04, 0x4D, 0xF1, 0x50
	.byte 0x00, 0xCF, 0x0C, 0xF1, 0x28, 0x0C, 0x4F, 0xF1, 0x50, 0x00, 0xC8, 0x10, 0xF1, 0x28, 0x08, 0x48
	.byte 0xF1, 0x50, 0x18, 0x46, 0x00, 0xC4, 0x0C, 0xF1, 0x28, 0x0C, 0x44, 0xF1, 0x50, 0x00, 0xCD, 0x18
	.byte 0xF1, 0x28, 0x00, 0xCD, 0x0C, 0xF1, 0x14, 0x0C, 0x4D, 0xF1, 0x50, 0x00, 0xCD, 0x0C, 0xF1, 0x28
	.byte 0x0C, 0x4D, 0xF1, 0x50, 0x0C, 0x50, 0x00, 0xCF, 0x08, 0xF1, 0x28, 0x04, 0x4F, 0xF1, 0x50, 0x0C
	.byte 0x50, 0x00, 0xCF, 0x08, 0xF1, 0x28, 0x04, 0x4F, 0xF1, 0x50, 0x0C, 0x4D, 0x0C, 0x50, 0x00, 0xCE
	.byte 0x0C, 0xF1, 0x28, 0x0C, 0x4E, 0xF1, 0x50, 0x0C, 0x51, 0x00, 0xD0, 0x08, 0xF1, 0x28, 0x04, 0x50
	.byte 0xF1, 0x50, 0x0C, 0x51, 0x00, 0xD0, 0x08, 0xF1, 0x28, 0x04, 0x50, 0xF1, 0x50, 0x0C, 0x4E, 0x0C
	.byte 0x4C, 0x0C, 0x4B, 0x0C, 0x4C, 0x0C, 0x4E, 0x0C, 0x4B, 0x0C, 0x50, 0x0C, 0x4E, 0x00, 0xCC, 0x08
	.byte 0xF1, 0x28, 0x04, 0x4C, 0xF1, 0x50, 0x00, 0xCB, 0x08, 0xF1, 0x28, 0x04, 0x4B, 0xF1, 0x50, 0x0C
	.byte 0x49, 0x0C, 0x48, 0x0C, 0x49, 0x0C, 0x4B, 0x0C, 0x4C, 0x0C, 0x4B, 0x0C, 0x49, 0x0C, 0x47, 0x0C
	.byte 0x45, 0x0C, 0x49, 0x0C, 0x48, 0x0C, 0x49, 0x0C, 0x4C, 0x0C, 0x49, 0x0C, 0x48, 0x0C, 0x49, 0x0C
	.byte 0x45, 0x0C, 0x49, 0x0C, 0x48, 0x0C, 0x49, 0x0C, 0x4C, 0x0C, 0x49, 0x0C, 0x48, 0x0C, 0x49, 0x0C
	.byte 0x44, 0x0C, 0x48, 0x0C, 0x46, 0x0C, 0x48, 0x0C, 0x4B, 0x0C, 0x48, 0x0C, 0x46, 0x0C, 0x48, 0x0C
	.byte 0x44, 0x0C, 0x51, 0x03, 0x50, 0x03, 0x51, 0x06, 0x50, 0x0C, 0x4E, 0x0C, 0x4C, 0x0C, 0x4B, 0x0C
	.byte 0x49, 0x0C, 0x48, 0xF9, 0x4A, 0xF6, 0x18, 0x0C, 0x49, 0x00, 0xC8, 0x08, 0xF1, 0x28, 0x04, 0x48
	.byte 0xF1, 0x50, 0x00, 0xC9, 0x0C, 0xF1, 0x28, 0x0C, 0x49, 0xF1, 0x50, 0x00, 0xC4, 0x10, 0xF1, 0x28
	.byte 0x00, 0xC4, 0x0C, 0xF1, 0x14, 0x0C, 0x44, 0xF1, 0x50, 0xF6, 0x06, 0xF9, 0x46, 0xF6, 0x02, 0x0C
	.byte 0x49, 0x00, 0xC8, 0x08, 0xF1, 0x28, 0x04, 0x48, 0xF1, 0x50, 0x00, 0xC9, 0x0C, 0xF1, 0x28, 0x0C
	.byte 0x49, 0xF1, 0x50, 0x00, 0xC4, 0x10, 0xF9, 0x42, 0xF1, 0x28, 0x08, 0x44, 0xF1, 0x50, 0x00, 0xC4
	.byte 0x90, 0xF9, 0x50, 0xF1, 0x28, 0x00, 0xC4, 0x0C, 0xF1, 0x14, 0x0C, 0x44, 0xF1, 0x50, 0x00, 0xC0
	.byte 0x0C, 0xF1, 0x28, 0x0C, 0x40, 0xF1, 0x50, 0x00, 0xC1, 0x0C, 0xF1, 0x28, 0x00, 0xC0, 0x0C, 0xF1
	.byte 0x14, 0x0C, 0x40, 0xF1, 0x50, 0xF6, 0x9A, 0xF8, 0x58, 0xFE, 0xFF, 0xF9, 0x50, 0xF6, 0x1A, 0xF0
	.byte 0x1E, 0xF2, 0x28, 0xF1, 0x50, 0x0C, 0x41, 0x00, 0xC0, 0x08, 0xF1, 0x28, 0x04, 0x40, 0xF1, 0x50
	.byte 0x00, 0xC1, 0x0C, 0xF1, 0x28, 0x0C, 0x41, 0xF1, 0x50, 0x00, 0xBC, 0x10, 0xF1, 0x28, 0x08, 0x3C
	.byte 0xF1, 0x50, 0x0C, 0x3D, 0x0C, 0x3F, 0x0C, 0x3D, 0x0C, 0x3C, 0x00, 0xBA, 0x0C, 0xF1, 0x28, 0x0C
	.byte 0x3A, 0xF1, 0x50, 0x00, 0xBD, 0x10, 0xF1, 0x28, 0x00, 0xBD, 0x06, 0xF6, 0x02, 0xF1, 0x14, 0x08
	.byte 0x3D, 0xF1, 0x50, 0xF6, 0x10, 0x0C, 0x40, 0x00, 0xC1, 0x08, 0xF1, 0x28, 0x04, 0x41, 0xF1, 0x50
	.byte 0x00, 0xC3, 0x0C, 0xF1, 0x28, 0x0C, 0x43, 0xF1, 0x50, 0x00, 0xBC, 0x10, 0xF1, 0x28, 0x08, 0x3C
	.byte 0xF1, 0x50, 0x18, 0x3A, 0x00, 0xB8, 0x0C, 0xF1, 0x28, 0x0C, 0x38, 0xF1, 0x50, 0x00, 0xC1, 0x18
	.byte 0xF1, 0x28, 0x00, 0xC1, 0x0C, 0xF1, 0x14, 0x0C, 0x41, 0xF1, 0x50, 0x00, 0xC1, 0x0C, 0xF1, 0x28
	.byte 0x0C, 0x41, 0xF1, 0x50, 0x0C, 0x44, 0x00, 0xC3, 0x08, 0xF1, 0x28, 0x04, 0x43, 0xF1, 0x50, 0x0C
	.byte 0x44, 0x00, 0xC3, 0x08, 0xF1, 0x28, 0x04, 0x43, 0xF1, 0x50, 0x0C, 0x41, 0x0C, 0x44, 0x00, 0xC1
	.byte 0x0C, 0xF1, 0x28, 0x0C, 0x41, 0xF1, 0x50, 0x00, 0xC3, 0x0C, 0xF1, 0x28, 0x0C, 0x43, 0xF1, 0x50
	.byte 0x0C, 0x44, 0x0C, 0x43, 0x0C, 0x41, 0x0C, 0x40, 0x0C, 0x43, 0x0C, 0x44, 0x0C, 0x46, 0x0C, 0x43
	.byte 0x0C, 0x48, 0x0C, 0x46, 0x0C, 0x44, 0x0C, 0x43, 0x0C, 0x41, 0x0C, 0x40, 0x0C, 0x41, 0x0C, 0x43
	.byte 0x0C, 0x44, 0x0C, 0x43, 0x0C, 0x41, 0x0C, 0x3F, 0x00, 0xBD, 0x0C, 0xF1, 0x28, 0x0C, 0x3D, 0xF1
	.byte 0x50, 0x00, 0xC4, 0x0C, 0xF1, 0x28, 0x0C, 0x44, 0xF1, 0x50, 0x30, 0x49, 0x00, 0xBD, 0x0C, 0xF1
	.byte 0x28, 0x0C, 0x3D, 0xF1, 0x50, 0x00, 0xC2, 0x0C, 0xF1, 0x28, 0x0C, 0x42, 0xF1, 0x50, 0x00, 0xC5
	.byte 0x30, 0xF1, 0x28, 0x00, 0xC5, 0x0C, 0xF1, 0x14, 0x0C, 0x45, 0xF1, 0x50, 0x0C, 0x44, 0x00, 0xC5
	.byte 0x08, 0xF1, 0x28, 0x04, 0x45, 0xF1, 0x50, 0x0C, 0x48, 0x00, 0xC5, 0x08, 0xF1, 0x28, 0x04, 0x45
	.byte 0xF1, 0x50, 0x00, 0xC4, 0x08, 0xF1, 0x28, 0x04, 0x44, 0xF1, 0x50, 0x00, 0xC2, 0x08, 0xF1, 0x28
	.byte 0x04, 0x42, 0xF1, 0x50, 0x18, 0x45, 0x00, 0xC4, 0x0C, 0xF1, 0x28, 0x0C, 0x44, 0xF1, 0x50, 0x00
	.byte 0xC4, 0x12, 0xF1, 0x28, 0x06, 0x44, 0xF1, 0x50, 0x0C, 0x44, 0x00, 0xC2, 0x0C, 0xF1, 0x28, 0x00
	.byte 0xC2, 0x0C, 0xF1, 0x14, 0x0C, 0x42, 0xF1, 0x50, 0x0C, 0x3D, 0x00, 0xBC, 0x08, 0xF1, 0x28, 0x04
	.byte 0x3C, 0xF1, 0x50, 0x00, 0xBD, 0x0C, 0xF1, 0x28, 0x0C, 0x3D, 0xF1, 0x50, 0x00, 0xB8, 0x10, 0xF1
	.byte 0x28, 0x08, 0x38, 0xF1, 0x50, 0x0C, 0x39, 0x0C, 0x3B, 0x0C, 0x39, 0x0C, 0x38, 0x00, 0xB6, 0x0C
	.byte 0xF1, 0x28, 0x0C, 0x36, 0xF1, 0x50, 0x00, 0xB9, 0x10, 0xF1, 0x28, 0x00, 0xB9, 0x08, 0xF1, 0x50
	.byte 0xF1, 0x14, 0x08, 0x39, 0xF1, 0x50, 0xF6, 0x10, 0x0C, 0x3C, 0x00, 0xBD, 0x08, 0xF1, 0x28, 0x04
	.byte 0x3D, 0xF1, 0x50, 0x00, 0xBF, 0x0C, 0xF1, 0x28, 0x0C, 0x3F, 0xF1, 0x50, 0x00, 0xB8, 0x10, 0xF1
	.byte 0x28, 0x08, 0x38, 0xF1, 0x50, 0x18, 0x36, 0x00, 0xB4, 0x0C, 0xF1, 0x28, 0x0C, 0x34, 0xF1, 0x50
	.byte 0x00, 0xBD, 0x18, 0xF1, 0x28, 0x00, 0xBD, 0x0C, 0xF1, 0x14, 0x0C, 0x3D, 0xF1, 0x50, 0xF9, 0x4A
	.byte 0x00, 0xB4, 0x0C, 0xF1, 0x28, 0x0C, 0x34, 0xF1, 0x50, 0x00, 0xB9, 0x0C, 0xF1, 0x28, 0x0C, 0x39
	.byte 0xF1, 0x50, 0x30, 0x3D, 0x00, 0xB3, 0x0C, 0xF1, 0x28, 0x00, 0xB3, 0x0A, 0xF9, 0x46, 0x02, 0x33
	.byte 0xF1, 0x50, 0x00, 0xB9, 0x0C, 0xF1, 0x28, 0x0C, 0x39, 0xF1, 0x50, 0x00, 0xBD, 0x28, 0xF9, 0x42
	.byte 0x08, 0x3D, 0x00, 0xBC, 0x90, 0xF9, 0x50, 0xF1, 0x50, 0x00, 0xBC, 0x0C, 0xF1, 0x14, 0x0C, 0x3C
	.byte 0xF1, 0x50, 0x00, 0xBA, 0x0C, 0xF1, 0x28, 0x0C, 0x3A, 0xF1, 0x50, 0x00, 0xB8, 0x0C, 0xF1, 0x28
	.byte 0x0C, 0x38, 0xF1, 0x50, 0x0C, 0x41, 0x00, 0xC0, 0x08, 0xF1, 0x28, 0x04, 0x40, 0xF1, 0x50, 0x00
	.byte 0xC1, 0x0C, 0xF1, 0x28, 0x0C, 0x41, 0xF1, 0x50, 0x00, 0xBC, 0x10, 0xF1, 0x28, 0x08, 0x3C, 0xF1
	.byte 0x50, 0x0C, 0x3D, 0x0C, 0x3F, 0x0C, 0x3D, 0x0C, 0x3C, 0x00, 0xBA, 0x0C, 0xF1, 0x28, 0x0C, 0x3A
	.byte 0xF1, 0x50, 0x00, 0xBD, 0x10, 0xF1, 0x28, 0x06, 0x3D, 0xF1, 0x50, 0xF8, 0xDD, 0xFD, 0xFF, 0xF9
	.byte 0x50, 0xF6, 0xC0, 0xF6, 0xC0, 0xF6, 0x22, 0xF0, 0xC6, 0xF2, 0xB4, 0xF1, 0x14, 0x0C, 0x4D, 0x00
	.byte 0xCC, 0x08, 0xF1, 0x0A, 0x04, 0x4C, 0xF1, 0x14, 0x00, 0xCD, 0x0C, 0xF1, 0x0A, 0x0C, 0x4D, 0xF1
	.byte 0x14, 0x00, 0xC8, 0x10, 0xF1, 0x0A, 0x08, 0x48, 0xF1, 0x14, 0x0C, 0x49, 0x0C, 0x4B, 0x0C, 0x49
	.byte 0x0C, 0x48, 0x00, 0xC6, 0x0C, 0xF1, 0x0A, 0x0C, 0x46, 0xF1, 0x14, 0x00, 0xC9, 0x10, 0xF1, 0x0A
	.byte 0x08, 0x49, 0xF1, 0x14, 0xF6, 0x18, 0x0C, 0x4C, 0x00, 0xCD, 0x08, 0xF1, 0x0A, 0x04, 0x4D, 0xF1
	.byte 0x14, 0x00, 0xCF, 0x0C, 0xF1, 0x0A, 0x0C, 0x4F, 0xF1, 0x14, 0x00, 0xC8, 0x10, 0xF1, 0x0A, 0x08
	.byte 0x48, 0xF1, 0x14, 0x18, 0x46, 0x00, 0xC4, 0x0C, 0xF1, 0x0A, 0x0C, 0x44, 0xF1, 0x14, 0x00, 0xCD
	.byte 0x18, 0xF1, 0x0A, 0x00, 0xCD, 0x0C, 0xF1, 0x05, 0x0C, 0x4D, 0xF1, 0x14, 0x00, 0xCD, 0x0C, 0xF1
	.byte 0x0A, 0x0C, 0x4D, 0xF1, 0x14, 0x0C, 0x50, 0x00, 0xCF, 0x08, 0xF1, 0x0A, 0x04, 0x4F, 0xF1, 0x14
	.byte 0x0C, 0x50, 0x00, 0xCF, 0x08, 0xF1, 0x0A, 0x04, 0x4F, 0xF1, 0x14, 0x0C, 0x4D, 0x0C, 0x50, 0x00
	.byte 0xCE, 0x0C, 0xF1, 0x0A, 0x0C, 0x4E, 0xF1, 0x14, 0x0C, 0x51, 0x00, 0xD0, 0x08, 0xF1, 0x0A, 0x04
	.byte 0x50, 0xF1, 0x14, 0x0C, 0x51, 0x00, 0xD0, 0x08, 0xF1, 0x0A, 0x04, 0x50, 0xF1, 0x14, 0x0C, 0x4E
	.byte 0x0C, 0x4C, 0x0C, 0x4B, 0x0C, 0x4C, 0x0C, 0x4E, 0x0C, 0x4B, 0x0C, 0x50, 0x0C, 0x4E, 0x00, 0xCC
	.byte 0x08, 0xF1, 0x0A, 0x04, 0x4C, 0xF1, 0x14, 0x00, 0xCB, 0x08, 0xF1, 0x0A, 0x04, 0x4B, 0xF1, 0x14
	.byte 0x0C, 0x49, 0x0C, 0x48, 0x0C, 0x49, 0x0C, 0x4B, 0x0C, 0x4C, 0x0C, 0x4B, 0x0C, 0x49, 0x0C, 0x47
	.byte 0x0C, 0x45, 0x0C, 0x49, 0x0C, 0x48, 0x0C, 0x49, 0x0C, 0x4C, 0x0C, 0x49, 0x0C, 0x48, 0x0C, 0x49
	.byte 0x0C, 0x45, 0x0C, 0x49, 0x0C, 0x48, 0x0C, 0x49, 0x0C, 0x4C, 0x0C, 0x49, 0x0C, 0x48, 0x0C, 0x49
	.byte 0x0C, 0x44, 0x0C, 0x48, 0x0C, 0x46, 0x0C, 0x48, 0x0C, 0x4B, 0x0C, 0x48, 0x0C, 0x46, 0x0C, 0x48
	.byte 0x0C, 0x44, 0x0C, 0x51, 0x03, 0x50, 0x03, 0x51, 0x06, 0x50, 0x0C, 0x4E, 0x0C, 0x4C, 0x0C, 0x4B
	.byte 0x0C, 0x49, 0x0C, 0x48, 0xF9, 0x4A, 0xF6, 0x18, 0x0C, 0x49, 0x00, 0xC8, 0x08, 0xF1, 0x0A, 0x04
	.byte 0x48, 0xF1, 0x14, 0x00, 0xC9, 0x0C, 0xF1, 0x0A, 0x0C, 0x49, 0xF1, 0x14, 0x00, 0xC4, 0x10, 0xF1
	.byte 0x0A, 0x00, 0xC4, 0x0C, 0xF1, 0x05, 0x0C, 0x44, 0xF1, 0x14, 0xF6, 0x06, 0xF9, 0x46, 0xF6, 0x02
	.byte 0x0C, 0x49, 0x00, 0xC8, 0x08, 0xF1, 0x0A, 0x04, 0x48, 0xF1, 0x14, 0x00, 0xC9, 0x0C, 0xF1, 0x0A
	.byte 0x0C, 0x49, 0xF1, 0x14, 0x00, 0xC4, 0x10, 0xF9, 0x42, 0xF1, 0x0A, 0x08, 0x44, 0xF1, 0x14, 0x00
	.byte 0xC4, 0x90, 0xF9, 0x50, 0xF1, 0x0A, 0x00, 0xC4, 0x0C, 0xF1, 0x05, 0x0C, 0x44, 0xF1, 0x14, 0x00
	.byte 0xC0, 0x0C, 0xF1, 0x0A, 0x0C, 0x40, 0xF1, 0x14, 0x00, 0xC1, 0x0C, 0xF1, 0x0A, 0x00, 0xC0, 0x0C
	.byte 0xF1, 0x05, 0x0C, 0x40, 0xF1, 0x14, 0xF6, 0x92, 0xF8, 0x58, 0xFE, 0xFF, 0xF9, 0x50, 0xF6, 0x22
	.byte 0xF0, 0xC6, 0xF2, 0x28, 0xF1, 0x14, 0x0C, 0x41, 0x00, 0xC0, 0x08, 0xF1, 0x0A, 0x04, 0x40, 0xF1
	.byte 0x14, 0x00, 0xC1, 0x0C, 0xF1, 0x0A, 0x0C, 0x41, 0xF1, 0x05, 0x00, 0xBC, 0x10, 0xF1, 0x0A, 0x08
	.byte 0x3C, 0xF1, 0x14, 0x0C, 0x3D, 0x0C, 0x3F, 0x0C, 0x3D, 0x0C, 0x3C, 0x00, 0xBA, 0x0C, 0xF1, 0x0A
	.byte 0x0C, 0x3A, 0xF1, 0x14, 0x00, 0xBD, 0x0E, 0xF6, 0x0A, 0xF1, 0x14, 0x08, 0x3D, 0xF1, 0x14, 0xF6
	.byte 0x10, 0x0C, 0x40, 0x00, 0xC1, 0x08, 0xF1, 0x0A, 0x04, 0x41, 0xF1, 0x14, 0x00, 0xC3, 0x0C, 0xF1
	.byte 0x0A, 0x0C, 0x43, 0xF1, 0x14, 0x00, 0xBC, 0x10, 0xF1, 0x0A, 0x08, 0x3C, 0xF1, 0x14, 0x18, 0x3A
	.byte 0x00, 0xB8, 0x0C, 0xF1, 0x0A, 0x0C, 0x38, 0xF1, 0x14, 0x00, 0xC1, 0x18, 0xF1, 0x0A, 0x00, 0xC1
	.byte 0x0C, 0xF1, 0x05, 0x0C, 0x41, 0xF1, 0x14, 0x00, 0xC1, 0x0C, 0xF1, 0x0A, 0x0C, 0x41, 0xF1, 0x14
	.byte 0x0C, 0x44, 0x00, 0xC3, 0x08, 0xF1, 0x0A, 0x04, 0x43, 0xF1, 0x14, 0x0C, 0x44, 0x00, 0xC3, 0x08
	.byte 0xF1, 0x0A, 0x04, 0x43, 0xF1, 0x14, 0x0C, 0x41, 0x0C, 0x44, 0x00, 0xC1, 0x0C, 0xF1, 0x0A, 0x0C
	.byte 0x41, 0xF1, 0x14, 0x00, 0xC3, 0x0C, 0xF1, 0x0A, 0x0C, 0x43, 0xF1, 0x14, 0x0C, 0x44, 0x0C, 0x43
	.byte 0x0C, 0x41, 0x0C, 0x40, 0x0C, 0x43, 0x0C, 0x44, 0x0C, 0x46, 0x0C, 0x43, 0x0C, 0x48, 0x0C, 0x46
	.byte 0x0C, 0x44, 0x0C, 0x43, 0x0C, 0x41, 0x0C, 0x40, 0x0C, 0x41, 0x0C, 0x43, 0x0C, 0x44, 0x0C, 0x43
	.byte 0x0C, 0x41, 0x0C, 0x3F, 0x00, 0xBD, 0x0C, 0xF1, 0x0A, 0x0C, 0x3D, 0xF1, 0x14, 0x00, 0xC4, 0x0C
	.byte 0xF1, 0x0A, 0x0C, 0x44, 0xF1, 0x14, 0x30, 0x49, 0x00, 0xBD, 0x0C, 0xF1, 0x0A, 0x0C, 0x3D, 0xF1
	.byte 0x14, 0x00, 0xC2, 0x0C, 0xF1, 0x0A, 0x0C, 0x42, 0xF1, 0x14, 0x00, 0xC5, 0x30, 0xF1, 0x0A, 0x00
	.byte 0xC5, 0x0C, 0xF1, 0x05, 0x0C, 0x45, 0xF1, 0x14, 0x0C, 0x44, 0x00, 0xC5, 0x08, 0xF1, 0x0A, 0x04
	.byte 0x45, 0xF1, 0x14, 0x0C, 0x48, 0x00, 0xC5, 0x08, 0xF1, 0x0A, 0x04, 0x45, 0xF1, 0x14, 0x00, 0xC4
	.byte 0x08, 0xF1, 0x0A, 0x04, 0x44, 0xF1, 0x14, 0x00, 0xC2, 0x08, 0xF1, 0x0A, 0x04, 0x42, 0xF1, 0x14
	.byte 0x18, 0x45, 0x00, 0xC4, 0x0C, 0xF1, 0x0A, 0x0C, 0x44, 0xF1, 0x14, 0x00, 0xC4, 0x12, 0xF1, 0x0A
	.byte 0x06, 0x44, 0xF1, 0x14, 0x0C, 0x44, 0x00, 0xC2, 0x0C, 0xF1, 0x0A, 0x00, 0xC2, 0x0C, 0xF1, 0x05
	.byte 0x0C, 0x42, 0xF1, 0x14, 0x0C, 0x3D, 0x00, 0xBC, 0x08, 0xF1, 0x0A, 0x04, 0x3C, 0xF1, 0x14, 0x00
	.byte 0xBD, 0x0C, 0xF1, 0x0A, 0x0C, 0x3D, 0xF1, 0x14, 0x00, 0xB8, 0x10, 0xF1, 0x0A, 0x08, 0x38, 0xF1
	.byte 0x14, 0x0C, 0x39, 0x0C, 0x3B, 0x0C, 0x39, 0x0C, 0x38, 0x00, 0xB6, 0x0C, 0xF1, 0x0A, 0x0C, 0x36
	.byte 0xF1, 0x14, 0x00, 0xB9, 0x10, 0xF1, 0x0A, 0x00, 0xB9, 0x08, 0xF1, 0x05, 0xF1, 0x14, 0x08, 0x39
	.byte 0xF1, 0x14, 0xF6, 0x10, 0x0C, 0x3C, 0x00, 0xBD, 0x08, 0xF1, 0x0A, 0x04, 0x3D, 0xF1, 0x14, 0x00
	.byte 0xBF, 0x0C, 0xF1, 0x0A, 0x0C, 0x3F, 0xF1, 0x14, 0x00, 0xB8, 0x10, 0xF1, 0x0A, 0x08, 0x38, 0xF1
	.byte 0x14, 0x18, 0x36, 0x00, 0xB4, 0x0C, 0xF1, 0x0A, 0x0C, 0x34, 0xF1, 0x14, 0x00, 0xBD, 0x18, 0xF1
	.byte 0x0A, 0x00, 0xBD, 0x0C, 0xF1, 0x05, 0x0C, 0x3D, 0xF1, 0x14, 0xF9, 0x4A, 0x00, 0xB4, 0x0C, 0xF1
	.byte 0x0A, 0x0C, 0x34, 0xF1, 0x14, 0x00, 0xB9, 0x0C, 0xF1, 0x0A, 0x0C, 0x39, 0xF1, 0x14, 0x30, 0x3D
	.byte 0x00, 0xB3, 0x0C, 0xF1, 0x0A, 0x00, 0xB3, 0x0A, 0xF9, 0x46, 0x02, 0x33, 0xF1, 0x14, 0x00, 0xB9
	.byte 0x0C, 0xF1, 0x0A, 0x0C, 0x39, 0xF1, 0x14, 0x00, 0xBD, 0x28, 0xF9, 0x42, 0x08, 0x3D, 0x00, 0xBC
	.byte 0x90, 0xF9, 0x50, 0xF1, 0x0A, 0x00, 0xBC, 0x0C, 0xF1, 0x05, 0x0C, 0x3C, 0xF1, 0x14, 0x00, 0xBA
	.byte 0x0C, 0xF1, 0x0A, 0x0C, 0x3A, 0xF1, 0x14, 0x00, 0xB8, 0x0C, 0xF1, 0x0A, 0x0C, 0x38, 0xF1, 0x14
	.byte 0x0C, 0x41, 0x00, 0xC0, 0x08, 0xF1, 0x0A, 0x04, 0x40, 0xF1, 0x14, 0x00, 0xC1, 0x0C, 0xF1, 0x0A
	.byte 0x0C, 0x41, 0xF1, 0x14, 0x00, 0xBC, 0x10, 0xF1, 0x0A, 0x08, 0x3C, 0xF1, 0x14, 0x0C, 0x3D, 0x0C
	.byte 0x3F, 0x0C, 0x3D, 0x0C, 0x3C, 0x00, 0xBA, 0x0C, 0xF1, 0x0A, 0x0C, 0x3A, 0xF1, 0x14, 0x00, 0xBD
	.byte 0x0E, 0xF8, 0xE3, 0xFD, 0xFF, 0x00, 0x00, 0x00, 0xFC, 0x03, 0x12, 0x00, 0xB6, 0x01, 0x28, 0x03
	.byte 0x94, 0x04, 0x2C, 0x05, 0xC4, 0x05, 0x53, 0x07, 0x91, 0x07, 0xF9, 0x74, 0xF6, 0x01, 0xF0, 0x6D
	.byte 0xF2, 0x6E, 0xF1, 0x78, 0x18, 0x3C, 0x18, 0x41, 0x18, 0x45, 0x00, 0xC8, 0x18, 0xF1, 0x28, 0x18
	.byte 0x48, 0xF1, 0x78, 0x00, 0xC6, 0x18, 0xF1, 0x28, 0x18, 0x46, 0xF1, 0x78, 0x00, 0xC5, 0x17, 0x00
	.byte 0xC5, 0x01, 0xF1, 0x28, 0x05, 0x45, 0xF1, 0x78, 0x00, 0xC6, 0x30, 0xF1, 0x28, 0x18, 0x46, 0xF1
	.byte 0x78, 0xF6, 0x72, 0xF6, 0x01, 0x18, 0x3C, 0x18, 0x40, 0x18, 0x43, 0x00, 0xC6, 0x18, 0xF1, 0x28
	.byte 0x18, 0x46, 0xF1, 0x78, 0x00, 0xC5, 0x18, 0xF1, 0x28, 0x18, 0x45, 0xF1, 0x78, 0x00, 0xC3, 0x17
	.byte 0x00, 0xC3, 0x01, 0xF1, 0x28, 0x05, 0x43, 0xF1, 0x78, 0x00, 0xC5, 0x30, 0xF1, 0x28, 0x18, 0x45
	.byte 0xF1, 0x78, 0xF6, 0x72, 0xF6, 0x01, 0x18, 0x3A, 0x18, 0x3E, 0x18, 0x45, 0x00, 0xC3, 0x18, 0xF1
	.byte 0x28, 0x18, 0x43, 0xF1, 0x78, 0x00, 0xC1, 0x30, 0xF1, 0x28, 0x17, 0x41, 0xF1, 0x78, 0xF6, 0x06
	.byte 0x00, 0xC0, 0x30, 0xF1, 0x28, 0x18, 0x40, 0xF1, 0x78, 0x00, 0xBE, 0x30, 0xF1, 0x28, 0x18, 0x3E
	.byte 0xF1, 0x78, 0xF6, 0x2A, 0xF6, 0x01, 0x18, 0x41, 0x00, 0xC1, 0x18, 0xF1, 0x28, 0x18, 0x41, 0xF1
	.byte 0x78, 0x00, 0xC1, 0x18, 0xF1, 0x28, 0x18, 0x41, 0xF1, 0x78, 0x18, 0x41, 0x00, 0xC3, 0x2F, 0x00
	.byte 0xC3, 0x01, 0xF1, 0x28, 0x05, 0x43, 0xF1, 0x78, 0x00, 0xC4, 0x18, 0xF1, 0x28, 0x18, 0x44, 0xF1
	.byte 0x78, 0xF6, 0x18, 0x00, 0xC3, 0x30, 0xF1, 0x28, 0x18, 0x43, 0xF1, 0x78, 0xF6, 0x2A, 0xF6, 0x01
	.byte 0x18, 0x3C, 0x18, 0x41, 0x18, 0x45, 0x00, 0xC8, 0x18, 0xF1, 0x28, 0x18, 0x48, 0xF1, 0x78, 0x00
	.byte 0xC6, 0x18, 0xF1, 0x28, 0x18, 0x46, 0xF1, 0x78, 0x00, 0xC5, 0x17, 0x00, 0xC5, 0x01, 0xF1, 0x28
	.byte 0x05, 0x45, 0xF1, 0x78, 0x00, 0xC6, 0x30, 0xF1, 0x28, 0x18, 0x46, 0xF1, 0x78, 0xF6, 0x72, 0xF6
	.byte 0x01, 0x18, 0x3C, 0x18, 0x40, 0x18, 0x43, 0x00, 0xC6, 0x18, 0xF1, 0x28, 0x18, 0x46, 0xF1, 0x78
	.byte 0x00, 0xC5, 0x18, 0xF1, 0x28, 0x18, 0x46, 0xF1, 0x78, 0x00, 0xC3, 0x17, 0x00, 0xC3, 0x01, 0xF1
	.byte 0x28, 0x05, 0x43, 0xF1, 0x78, 0x00, 0xC5, 0x30, 0xF1, 0x28, 0x18, 0x45, 0xF1, 0x78, 0xF6, 0x72
	.byte 0xF6, 0x01, 0x18, 0x3A, 0x18, 0x3E, 0x18, 0x45, 0x00, 0xC3, 0x18, 0xF1, 0x28, 0x18, 0x43, 0xF1
	.byte 0x78, 0x00, 0xC1, 0x30, 0xF1, 0x28, 0x17, 0x41, 0xF1, 0x78, 0xF6, 0x06, 0x00, 0xC0, 0x30, 0xF1
	.byte 0x28, 0x18, 0x40, 0xF1, 0x78, 0x00, 0xBE, 0x30, 0xF1, 0x28, 0x18, 0x3E, 0xF1, 0x78, 0xF6, 0x2A
	.byte 0xF6, 0x01, 0x18, 0x41, 0x00, 0xC1, 0x18, 0xF1, 0x28, 0x18, 0x41, 0xF1, 0x78, 0x00, 0xC1, 0x18
	.byte 0xF1, 0x28, 0x18, 0x41, 0xF1, 0x78, 0x18, 0x41, 0x00, 0xC3, 0x2F, 0x00, 0xC3, 0x01, 0xF1, 0x28
	.byte 0x05, 0x43, 0xF1, 0x78, 0x00, 0xC4, 0x18, 0xF1, 0x28, 0x18, 0x44, 0xF1, 0x78, 0xF6, 0x18, 0x00
	.byte 0xC3, 0x30, 0xF1, 0x28, 0x18, 0x43, 0xF1, 0x78, 0xF6, 0x2A, 0xF8, 0x31, 0xFF, 0xFF, 0xF9, 0x74
	.byte 0xF0, 0x6D, 0xF2, 0x50, 0xF1, 0x78, 0x18, 0x39, 0x18, 0x3C, 0x18, 0x41, 0x00, 0xC5, 0x18, 0xF1
	.byte 0x28, 0x18, 0x45, 0xF1, 0x78, 0x00, 0xC2, 0x18, 0xF1, 0x28, 0x18, 0x42, 0xF1, 0x78, 0x18, 0x42
	.byte 0xF6, 0x03, 0x00, 0xC3, 0x18, 0xF1, 0x28, 0x18, 0x43, 0xF1, 0x78, 0xF6, 0x8D, 0x18, 0x37, 0x18
	.byte 0x3C, 0x18, 0x40, 0x00, 0xC3, 0x18, 0xF1, 0x28, 0x18, 0x43, 0xF1, 0x78, 0x00, 0xC1, 0x18, 0xF1
	.byte 0x28, 0x18, 0x41, 0xF1, 0x78, 0x18, 0x40, 0xF6, 0x03, 0x00, 0xC1, 0x18, 0xF1, 0x28, 0x18, 0x41
	.byte 0xF1, 0x78, 0xF6, 0x8D, 0x18, 0x37, 0x18, 0x3A, 0x18, 0x3E, 0x00, 0xBE, 0x18, 0xF1, 0x28, 0x18
	.byte 0x3E, 0xF1, 0x78, 0x00, 0xBE, 0x30, 0xF1, 0x28, 0x18, 0x3E, 0xF1, 0x78, 0xF6, 0x03, 0x00, 0xBC
	.byte 0x30, 0xF1, 0x28, 0x18, 0x3C, 0xF1, 0x78, 0x00, 0xBC, 0x30, 0xF1, 0x28, 0x18, 0x3C, 0xF1, 0x78
	.byte 0xF6, 0x2D, 0x18, 0x3D, 0x00, 0xBD, 0x18, 0xF1, 0x28, 0x18, 0x3D, 0xF1, 0x78, 0x00, 0xBD, 0x18
	.byte 0xF1, 0x28, 0x18, 0x3D, 0xF1, 0x78, 0x18, 0x3D, 0x00, 0xBF, 0x30, 0xF1, 0x28, 0x03, 0x3F, 0xF1
	.byte 0x78, 0x00, 0xC1, 0x18, 0xF1, 0x28, 0x18, 0x41, 0xF1, 0x78, 0xF6, 0x18, 0x00, 0xBF, 0x30, 0xF1
	.byte 0x28, 0x18, 0x3F, 0xF1, 0x78, 0xF6, 0x2D, 0x18, 0x39, 0x18, 0x3C, 0x18, 0x41, 0x00, 0xC5, 0x18
	.byte 0xF1, 0x28, 0x18, 0x45, 0xF1, 0x78, 0x00, 0xC2, 0x18, 0xF1, 0x28, 0x18, 0x42, 0xF1, 0x78, 0x00
	.byte 0xC2, 0x18, 0xF1, 0x28, 0x03, 0x42, 0xF1, 0x78, 0x00, 0xC3, 0x30, 0xF1, 0x28, 0x18, 0x43, 0xF1
	.byte 0x78, 0xF6, 0x75, 0x18, 0x37, 0x18, 0x3C, 0x18, 0x40, 0x00, 0xC3, 0x18, 0xF1, 0x28, 0x18, 0x43
	.byte 0xF1, 0x78, 0x00, 0xC1, 0x18, 0xF1, 0x28, 0x18, 0x41, 0xF1, 0x78, 0x00, 0xC0, 0x18, 0xF1, 0x28
	.byte 0x03, 0x40, 0xF1, 0x78, 0x00, 0xC1, 0x30, 0xF1, 0x28, 0x18, 0x41, 0xF1, 0x78, 0xF6, 0x75, 0x18
	.byte 0x37, 0x18, 0x3A, 0x18, 0x3E, 0x00, 0xBE, 0x18, 0xF1, 0x28, 0x18, 0x3E, 0xF1, 0x78, 0x30, 0x3E
	.byte 0xF6, 0x18, 0xF6, 0x03, 0x30, 0x3C, 0xF1, 0x28, 0x18, 0x3C, 0xF1, 0x78, 0x00, 0xBC, 0x30, 0xF1
	.byte 0x28, 0x18, 0x3C, 0xF1, 0x78, 0xF6, 0x2D, 0x18, 0x3D, 0x00, 0xBD, 0x18, 0xF1, 0x28, 0x18, 0x3D
	.byte 0xF1, 0x78, 0x00, 0xBD, 0x18, 0xF1, 0x28, 0x18, 0x3D, 0xF1, 0x78, 0x18, 0x3D, 0x00, 0xBF, 0x30
	.byte 0xF1, 0x28, 0x03, 0x3F, 0xF1, 0x78, 0x00, 0xC1, 0x18, 0xF1, 0x28, 0x18, 0x41, 0xF1, 0x78, 0xF6
	.byte 0x18, 0x00, 0xBF, 0x30, 0xF1, 0x28, 0x18, 0x3F, 0xF1, 0x78, 0xF6, 0x2D, 0xF8, 0x48, 0xFF, 0xFF
	.byte 0xF9, 0x74, 0xF0, 0x6D, 0xF2, 0x8C, 0xF1, 0x78, 0x00, 0xB5, 0x24, 0xF1, 0x28, 0x18, 0x35, 0xF1
	.byte 0x78, 0xF6, 0x0C, 0x00, 0xB6, 0x18, 0xF1, 0x28, 0x18, 0x36, 0xF1, 0x78, 0xF6, 0x48, 0x00, 0xB7
	.byte 0x18, 0xF1, 0x28, 0x18, 0x37, 0xF1, 0x78, 0xF6, 0x90, 0x00, 0xB4, 0x24, 0xF1, 0x28, 0x18, 0x34
	.byte 0xF1, 0x78, 0xF6, 0x0C, 0x00, 0xB1, 0x18, 0xF1, 0x28, 0x18, 0x31, 0xF1, 0x78, 0xF6, 0x48, 0x00
	.byte 0xB2, 0x18, 0xF1, 0x28, 0x18, 0x32, 0xF1, 0x78, 0xF6, 0x90, 0x00, 0xAB, 0x30, 0xF1, 0x28, 0x18
	.byte 0x2B, 0xF1, 0x78, 0x00, 0xB2, 0x30, 0xF1, 0x28, 0x18, 0x32, 0xF1, 0x78, 0x00, 0xB7, 0x18, 0xF1
	.byte 0x28, 0x18, 0x37, 0xF1, 0x78, 0x00, 0xB0, 0x30, 0xF1, 0x28, 0x18, 0x30, 0xF1, 0x78, 0x00, 0xB7
	.byte 0x30, 0xF1, 0x28, 0x18, 0x37, 0xF1, 0x78, 0x00, 0xB0, 0x18, 0xF1, 0x28, 0x18, 0x30, 0xF1, 0x78
	.byte 0x00, 0xB1, 0x30, 0xF1, 0x28, 0x18, 0x31, 0xF1, 0x78, 0x00, 0xB8, 0x30, 0xF1, 0x28, 0x18, 0x31
	.byte 0xF1, 0x78, 0x00, 0xBD, 0x18, 0xF1, 0x28, 0x18, 0x3D, 0xF1, 0x78, 0x00, 0xB3, 0x30, 0xF1, 0x28
	.byte 0x18, 0x33, 0xF1, 0x78, 0x00, 0xBA, 0x18, 0xF1, 0x28, 0x18, 0x3A, 0xF1, 0x78, 0x18, 0x3A, 0x00
	.byte 0xB3, 0x18, 0xF1, 0x28, 0x18, 0x33, 0xF1, 0x78, 0x00, 0xB5, 0x24, 0xF1, 0x28, 0x18, 0x35, 0xF1
	.byte 0x78, 0xF6, 0x0C, 0x00, 0xB6, 0x18, 0xF1, 0x28, 0x18, 0x36, 0xF1, 0x78, 0xF6, 0x48, 0x00, 0xB7
	.byte 0x18, 0xF1, 0x28, 0x18, 0x37, 0xF1, 0x78, 0xF6, 0x90, 0x00, 0xB4, 0x24, 0xF1, 0x28, 0x18, 0x34
	.byte 0xF1, 0x78, 0xF6, 0x0C, 0x00, 0xB1, 0x18, 0xF1, 0x28, 0x18, 0x31, 0xF1, 0x78, 0xF6, 0x48, 0x00
	.byte 0xB2, 0x18, 0xF1, 0x28, 0x18, 0x32, 0xF1, 0x78, 0xF6, 0x90, 0x00, 0xAB, 0x30, 0xF1, 0x28, 0x18
	.byte 0x2B, 0xF1, 0x78, 0x00, 0xB2, 0x30, 0xF1, 0x28, 0x18, 0x32, 0xF1, 0x78, 0x00, 0xB7, 0x18, 0xF1
	.byte 0x28, 0x18, 0x37, 0xF1, 0x78, 0x00, 0xB0, 0x30, 0xF1, 0x28, 0x18, 0x30, 0xF1, 0x78, 0x00, 0xB7
	.byte 0x30, 0xF1, 0x28, 0x18, 0x37, 0xF1, 0x78, 0x00, 0xB0, 0x18, 0xF1, 0x28, 0x18, 0x30, 0xF1, 0x78
	.byte 0x00, 0xB1, 0x30, 0xF1, 0x28, 0x18, 0x31, 0xF1, 0x78, 0x00, 0xB8, 0x30, 0xF1, 0x28, 0x18, 0x38
	.byte 0xF1, 0x78, 0x00, 0xBD, 0x18, 0xF1, 0x28, 0x18, 0x3D, 0xF1, 0x78, 0x00, 0xB3, 0x30, 0xF1, 0x28
	.byte 0x18, 0x33, 0xF1, 0x78, 0x00, 0xBA, 0x18, 0xF1, 0x28, 0x18, 0x3A, 0xF1, 0x78, 0x18, 0x3A, 0x00
	.byte 0xB3, 0x18, 0xF1, 0x28, 0x18, 0x33, 0xF1, 0x78, 0xF8, 0x4D, 0xFF, 0xFF, 0xF9, 0x74, 0xF6, 0xC0
	.byte 0xF0, 0x0C, 0xF2, 0x96, 0xF1, 0x50, 0xF6, 0x4A, 0x0C, 0x4F, 0xF1, 0x14, 0x0C, 0x4F, 0xF1, 0x50
	.byte 0x0C, 0x4A, 0xF1, 0x14, 0x0C, 0x4A, 0xF1, 0x50, 0xF6, 0x46, 0xF6, 0xC0, 0xF6, 0x4A, 0x0C, 0x4D
	.byte 0xF1, 0x14, 0x0C, 0x4D, 0xF1, 0x50, 0x0C, 0x4A, 0xF1, 0x14, 0x0C, 0x4A, 0xF1, 0x50, 0xF6, 0x46
	.byte 0xF6, 0xC0, 0xF6, 0xC0, 0xF6, 0xC0, 0xF6, 0x78, 0x0C, 0x4F, 0xF1, 0x14, 0x0C, 0x4F, 0xF1, 0x50
	.byte 0x0C, 0x4B, 0xF1, 0x14, 0x0C, 0x4B, 0xF1, 0x50, 0xF6, 0x18, 0xF6, 0xC0, 0xF6, 0x4A, 0x0C, 0x4F
	.byte 0xF1, 0x14, 0x0C, 0x4F, 0xF1, 0x50, 0x0C, 0x4A, 0xF1, 0x14, 0x0C, 0x4A, 0xF1, 0x50, 0xF6, 0x46
	.byte 0xF6, 0xC0, 0xF6, 0x4A, 0x0C, 0x4D, 0xF1, 0x14, 0x0C, 0x4D, 0xF1, 0x50, 0x0C, 0x4A, 0xF1, 0x14
	.byte 0x0C, 0x4A, 0xF1, 0x50, 0xF6, 0x46, 0xF6, 0xC0, 0xF6, 0xC0, 0xF6, 0xC0, 0xF6, 0x78, 0x0C, 0x4F
	.byte 0xF1, 0x14, 0x0C, 0x4F, 0xF1, 0x50, 0x0C, 0x4B, 0xF1, 0x14, 0x0C, 0x4B, 0xF1, 0x50, 0xF6, 0x18
	.byte 0xF8, 0xB7, 0xFF, 0xFF, 0xF9, 0x74, 0xF6, 0xC0, 0xF0, 0x0C, 0xF2, 0x50, 0xF1, 0x50, 0xF6, 0x48
	.byte 0x0C, 0x4A, 0xF1, 0x14, 0x0C, 0x4A, 0xF1, 0x50, 0x0C, 0x46, 0xF1, 0x14, 0x0C, 0x46, 0xF1, 0x50
	.byte 0xF6, 0x48, 0xF6, 0xC0, 0xF6, 0x48, 0x0C, 0x4A, 0xF1, 0x14, 0x0C, 0x4A, 0xF1, 0x50, 0x0C, 0x45
	.byte 0xF1, 0x14, 0x0C, 0x45, 0xF1, 0x50, 0xF6, 0x48, 0xF6, 0xC0, 0xF6, 0xC0, 0xF6, 0xC0, 0xF6, 0x7A
	.byte 0x0C, 0x4B, 0xF1, 0x14, 0x0C, 0x4B, 0xF1, 0x50, 0x0C, 0x46, 0xF1, 0x14, 0x0C, 0x46, 0xF1, 0x50
	.byte 0xF6, 0x16, 0xF6, 0xC0, 0xF6, 0x48, 0x0C, 0x4A, 0xF1, 0x14, 0x0C, 0x4A, 0xF1, 0x50, 0x0C, 0x46
	.byte 0xF1, 0x14, 0x0C, 0x46, 0xF1, 0x50, 0xF6, 0x48, 0xF6, 0xC0, 0xF6, 0x48, 0x0C, 0x4A, 0xF1, 0x14
	.byte 0x0C, 0x4A, 0xF1, 0x50, 0x0C, 0x45, 0xF1, 0x14, 0x0C, 0x45, 0xF1, 0x50, 0xF6, 0x48, 0xF6, 0xC0
	.byte 0xF6, 0xC0, 0xF6, 0xC0, 0xF6, 0x7A, 0x0C, 0x4B, 0xF1, 0x14, 0x0C, 0x4B, 0xF1, 0x50, 0x0C, 0x46
	.byte 0xF1, 0x14, 0x0C, 0x46, 0xF1, 0x50, 0xF6, 0x16, 0xF8, 0xB7, 0xFF, 0xFF, 0xF9, 0x74, 0xF6, 0x03
	.byte 0xF0, 0x6D, 0xF2, 0x8C, 0xF1, 0x3C, 0x18, 0x3C, 0x18, 0x41, 0x18, 0x45, 0x18, 0x48, 0xF1, 0x14
	.byte 0x18, 0x48, 0xF1, 0x3C, 0x18, 0x46, 0xF1, 0x14, 0x18, 0x46, 0xF1, 0x3C, 0x00, 0xC5, 0x17, 0x01
	.byte 0x45, 0xF1, 0x14, 0x05, 0x45, 0xF1, 0x3C, 0x00, 0xC6, 0x30, 0xF1, 0x14, 0x18, 0x46, 0xF1, 0x3C
	.byte 0xF6, 0x72, 0xF6, 0x01, 0x18, 0x3C, 0x18, 0x40, 0x18, 0x43, 0x18, 0x46, 0xF1, 0x14, 0x18, 0x46
	.byte 0xF1, 0x3C, 0x18, 0x45, 0xF1, 0x14, 0x18, 0x45, 0xF1, 0x3C, 0x00, 0xC3, 0x17, 0x01, 0x43, 0xF1
	.byte 0x14, 0x05, 0x43, 0xF1, 0x3C, 0x00, 0xC5, 0x30, 0xF1, 0x14, 0x18, 0x45, 0xF1, 0x3C, 0xF6, 0x72
	.byte 0xF6, 0x01, 0x18, 0x3A, 0x18, 0x3E, 0x18, 0x45, 0x18, 0x43, 0xF1, 0x14, 0x18, 0x43, 0xF1, 0x3C
	.byte 0x00, 0xC1, 0x30, 0xF1, 0x14, 0x17, 0x41, 0xF1, 0x3C, 0xF6, 0x06, 0x30, 0x40, 0xF1, 0x14, 0x18
	.byte 0x40, 0xF1, 0x3C, 0x00, 0xBE, 0x30, 0xF1, 0x14, 0x18, 0x3E, 0xF1, 0x3C, 0xF6, 0x2A, 0xF6, 0x01
	.byte 0x18, 0x41, 0x18, 0x41, 0xF1, 0x14, 0x18, 0x41, 0xF1, 0x3C, 0x18, 0x41, 0xF1, 0x14, 0x18, 0x41
	.byte 0xF1, 0x3C, 0x18, 0x41, 0x00, 0xC3, 0x2F, 0x00, 0xC3, 0x01, 0xF1, 0x14, 0x05, 0x43, 0xF1, 0x3C
	.byte 0x18, 0x44, 0xF1, 0x14, 0x18, 0x44, 0xF1, 0x3C, 0xF6, 0x18, 0x00, 0xC3, 0x30, 0xF1, 0x14, 0x18
	.byte 0x44, 0xF1, 0x3C, 0xF6, 0x28, 0xF6, 0x03, 0x18, 0x3C, 0x18, 0x41, 0x18, 0x45, 0x18, 0x48, 0xF1
	.byte 0x14, 0x18, 0x48, 0xF1, 0x3C, 0x18, 0x46, 0xF1, 0x14, 0x18, 0x46, 0xF1, 0x3C, 0x00, 0xC5, 0x17
	.byte 0x01, 0x45, 0xF1, 0x14, 0x05, 0x45, 0xF1, 0x3C, 0x00, 0xC6, 0x30, 0xF1, 0x14, 0x18, 0x46, 0xF1
	.byte 0x3C, 0xF6, 0x72, 0xF6, 0x01, 0x18, 0x3C, 0x18, 0x40, 0x18, 0x43, 0x18, 0x46, 0xF1, 0x14, 0x18
	.byte 0x46, 0xF1, 0x3C, 0x18, 0x45, 0xF1, 0x14, 0x18, 0x46, 0xF1, 0x3C, 0x00, 0xC3, 0x17, 0x01, 0x43
	.byte 0xF1, 0x14, 0x05, 0x43, 0xF1, 0x3C, 0x00, 0xC5, 0x30, 0xF1, 0x14, 0x18, 0x45, 0xF1, 0x3C, 0xF6
	.byte 0x72, 0xF6, 0x01, 0x18, 0x3A, 0x18, 0x3E, 0x18, 0x45, 0x18, 0x43, 0xF1, 0x14, 0x18, 0x43, 0xF1
	.byte 0x3C, 0x00, 0xC1, 0x30, 0xF1, 0x14, 0x17, 0x43, 0xF1, 0x3C, 0xF6, 0x06, 0x00, 0xC0, 0x30, 0xF1
	.byte 0x14, 0x18, 0x40, 0xF1, 0x3C, 0x00, 0xBE, 0x30, 0xF1, 0x14, 0x18, 0x3E, 0xF1, 0x3C, 0xF6, 0x2A
	.byte 0xF6, 0x01, 0x18, 0x41, 0x18, 0x41, 0xF1, 0x14, 0x18, 0x41, 0xF1, 0x3C, 0x18, 0x41, 0xF1, 0x14
	.byte 0x18, 0x41, 0xF1, 0x3C, 0x18, 0x41, 0x00, 0xC3, 0x2F, 0x00, 0xC3, 0x01, 0xF1, 0x14, 0x05, 0x43
	.byte 0xF1, 0x3C, 0x18, 0x44, 0xF1, 0x14, 0x18, 0x44, 0xF1, 0x3C, 0xF6, 0x18, 0x00, 0xC3, 0x30, 0xF1
	.byte 0x14, 0x18, 0x43, 0xF1, 0x3C, 0xF6, 0x28, 0xF8, 0x3B, 0xFF, 0xFF, 0xF9, 0x74, 0xF6, 0xC0, 0xF6
	.byte 0xC0, 0xF6, 0xC0, 0xF6, 0xC0, 0xF0, 0xBE, 0xF1, 0x14, 0xC0, 0x46, 0xC0, 0x48, 0xC0, 0x49, 0xC0
	.byte 0x4B, 0xF6, 0x30, 0x18, 0x4D, 0xF6, 0x30, 0x18, 0x4E, 0xF6, 0x30, 0x18, 0x4F, 0xF6, 0xA8, 0xF6
	.byte 0x30, 0x18, 0x48, 0xF6, 0x30, 0x18, 0x49, 0xF6, 0x30, 0x18, 0x4A, 0xF6, 0xA8, 0xC0, 0x46, 0xC0
	.byte 0x48, 0xC0, 0x49, 0xC0, 0x4B, 0xF8, 0xD9, 0xFF, 0xFF, 0xF9, 0x74, 0xF6, 0xC0, 0xF6, 0xC0, 0xF6
	.byte 0xC0, 0xF6, 0xC0, 0xF0, 0xBE, 0xF1, 0x14, 0xC0, 0x3E, 0xC0, 0x40, 0xC0, 0x41, 0xC0, 0x43, 0xF6
	.byte 0x30, 0x18, 0x45, 0xF6, 0x30, 0x18, 0x45, 0xF6, 0x30, 0x18, 0x46, 0xF6, 0xA8, 0xF6, 0x30, 0x18
	.byte 0x40, 0xF6, 0x30, 0x18, 0x40, 0xF6, 0x30, 0x18, 0x41, 0xF6, 0xA8, 0xC0, 0x3E, 0xC0, 0x40, 0xC0
	.byte 0x41, 0xC0, 0x43, 0xF8, 0xD9, 0xFF, 0xFF, 0x00, 0xFC, 0x03, 0x12, 0x00, 0x2F, 0x02, 0xC3, 0x03
	.byte 0xB6, 0x06, 0xB5, 0x09, 0x29, 0x0E, 0x8F, 0x13, 0x65, 0x15, 0xF9, 0xA0, 0xF6, 0x01, 0xF0, 0x13
	.byte 0xF2, 0x6E, 0xF1, 0x78, 0x18, 0x3F, 0x00, 0xC0, 0x14, 0xF1, 0x3C, 0x04, 0x40, 0xF1, 0x78, 0x00
	.byte 0xC2, 0x14, 0xF1, 0x3C, 0x04, 0x42, 0xF1, 0x78, 0x00, 0xC7, 0x18, 0xF1, 0x3C, 0x00, 0xC7, 0x0C
	.byte 0xF1, 0x1E, 0x0C, 0x47, 0xF1, 0x78, 0x18, 0x3F, 0x00, 0xC0, 0x14, 0xF1, 0x3C, 0x04, 0x40, 0xF1
	.byte 0x78, 0x00, 0xC2, 0x14, 0xF1, 0x3C, 0x04, 0x42, 0xF1, 0x78, 0x00, 0xC7, 0x90, 0xF1, 0x3C, 0x00
	.byte 0xC7, 0x0C, 0xF1, 0x1E, 0x0C, 0x47, 0xF6, 0x17, 0xF6, 0xC1, 0xF6, 0xA8, 0xF1, 0x78, 0x0C, 0x3B
	.byte 0x0C, 0x3D, 0x18, 0x3F, 0x14, 0x40, 0xF1, 0x3C, 0x04, 0x40, 0xF1, 0x78, 0x14, 0x42, 0xF1, 0x3C
	.byte 0x04, 0x42, 0xF1, 0x78, 0x00, 0xC7, 0x18, 0xF1, 0x3C, 0x00, 0xC7, 0x0C, 0xF1, 0x1E, 0x0C, 0x47
	.byte 0xF1, 0x78, 0x18, 0x3F, 0x14, 0x40, 0xF1, 0x3C, 0x04, 0x40, 0xF1, 0x78, 0x14, 0x42, 0xF1, 0x3C
	.byte 0x04, 0x42, 0xF1, 0x78, 0x00, 0xC7, 0x90, 0xF1, 0x3C, 0x00, 0xC7, 0x0C, 0xF1, 0x1E, 0x0C, 0x47
	.byte 0xF1, 0x78, 0xF6, 0x18, 0xF6, 0xC0, 0xF6, 0xA8, 0x0C, 0x3B, 0x0C, 0x3D, 0x18, 0x3F, 0x00, 0xC0
	.byte 0x14, 0xF1, 0x3C, 0x04, 0x40, 0xF1, 0x78, 0x00, 0xC2, 0x14, 0xF1, 0x3C, 0x04, 0x42, 0xF1, 0x78
	.byte 0x00, 0xC7, 0x18, 0xF1, 0x3C, 0x00, 0xC7, 0x0C, 0xF1, 0x1E, 0x0C, 0x47, 0xF1, 0x78, 0x18, 0x3F
	.byte 0x00, 0xC0, 0x14, 0xF1, 0x3C, 0x04, 0x40, 0xF1, 0x78, 0x00, 0xC2, 0x14, 0xF1, 0x3C, 0x04, 0x42
	.byte 0xF1, 0x78, 0x90, 0x47, 0xF6, 0x30, 0xF6, 0xC0, 0xF6, 0xA8, 0x0C, 0x3B, 0x0C, 0x3D, 0x18, 0x3F
	.byte 0x00, 0xC0, 0x14, 0xF1, 0x3C, 0x04, 0x40, 0xF1, 0x78, 0x00, 0xC2, 0x14, 0xF1, 0x3C, 0x04, 0x42
	.byte 0xF1, 0x78, 0x00, 0xC7, 0x18, 0xF1, 0x3C, 0x00, 0xC7, 0x0C, 0xF1, 0x1E, 0x0C, 0x47, 0xF1, 0x78
	.byte 0x18, 0x3F, 0x00, 0xC0, 0x14, 0xF1, 0x3C, 0x04, 0x40, 0xF1, 0x78, 0x00, 0xC2, 0x14, 0xF1, 0x3C
	.byte 0x04, 0x42, 0xF1, 0x78, 0x00, 0xC7, 0x90, 0xF1, 0x3C, 0x00, 0xC7, 0x0C, 0xF1, 0x1E, 0x0C, 0x47
	.byte 0xF1, 0x78, 0xF6, 0x18, 0xF6, 0xC0, 0xF6, 0xC0, 0xF1, 0x28, 0xC0, 0x3F, 0x60, 0x40, 0x60, 0x3D
	.byte 0xC0, 0x3F, 0x60, 0x3B, 0x60, 0x3F, 0xC0, 0x3F, 0x60, 0x40, 0x60, 0x3D, 0xC0, 0x3F, 0x60, 0x3B
	.byte 0x60, 0x3F, 0xC0, 0x3F, 0x60, 0x40, 0x60, 0x3D, 0xC0, 0x3F, 0x60, 0x3B, 0x60, 0x3F, 0x18, 0x3F
	.byte 0x00, 0xC0, 0x14, 0xF1, 0x14, 0x04, 0x40, 0xF1, 0x28, 0x00, 0xC2, 0x14, 0xF1, 0x14, 0x04, 0x42
	.byte 0xF1, 0x28, 0x00, 0xC7, 0x18, 0xF1, 0x14, 0x00, 0xC7, 0x0C, 0xF1, 0x0A, 0x0C, 0x47, 0xF1, 0x28
	.byte 0x18, 0x3F, 0x00, 0xC0, 0x14, 0xF1, 0x14, 0x04, 0x40, 0xF1, 0x28, 0x00, 0xC2, 0x14, 0xF1, 0x14
	.byte 0x04, 0x42, 0xF1, 0x28, 0x00, 0xC7, 0xB4, 0xF1, 0x14, 0x0C, 0x47, 0xF1, 0x28, 0x18, 0x3F, 0x00
	.byte 0xC0, 0x14, 0xF1, 0x14, 0x04, 0x40, 0xF1, 0x28, 0x14, 0x42, 0xF1, 0x14, 0x04, 0x42, 0xF1, 0x28
	.byte 0x00, 0xC7, 0x18, 0xF1, 0x14, 0x00, 0xC7, 0x0C, 0xF1, 0x0A, 0x0C, 0x47, 0xF1, 0x28, 0x18, 0x3F
	.byte 0x00, 0xC0, 0x14, 0xF1, 0x14, 0x04, 0x40, 0xF1, 0x28, 0x00, 0xC2, 0x14, 0xF1, 0x14, 0x04, 0x42
	.byte 0xF1, 0x28, 0x00, 0xC7, 0x9C, 0xF1, 0x14, 0x0C, 0x42, 0xF1, 0x78, 0x0C, 0x3B, 0x0C, 0x3D, 0x18
	.byte 0x3F, 0x00, 0xC0, 0x14, 0xF1, 0x3C, 0x04, 0x40, 0xF1, 0x78, 0x00, 0xC2, 0x14, 0xF1, 0x3C, 0x04
	.byte 0x40, 0xF1, 0x78, 0x00, 0xC7, 0x18, 0xF1, 0x3C, 0x00, 0xC7, 0x0C, 0xF1, 0x1E, 0x0C, 0x47, 0xF1
	.byte 0x78, 0x18, 0x3F, 0x00, 0xC0, 0x14, 0xF1, 0x3C, 0x04, 0x40, 0xF1, 0x78, 0x00, 0xC2, 0x14, 0xF1
	.byte 0x3C, 0x04, 0x42, 0xF1, 0x78, 0x00, 0xC7, 0x90, 0xF1, 0x3C, 0x00, 0xC7, 0x0C, 0xF1, 0x1E, 0x0C
	.byte 0x47, 0xF6, 0x17, 0xF8, 0x32, 0xFE, 0xFF, 0xF9, 0xA0, 0xF6, 0x01, 0xF0, 0x0F, 0xF1, 0x50, 0x00
	.byte 0xC2, 0xC0, 0xBF, 0x42, 0xF6, 0x01, 0xF0, 0x18, 0xF1, 0x78, 0x18, 0x44, 0x18, 0x46, 0x18, 0x47
	.byte 0x18, 0x42, 0x18, 0x46, 0x18, 0x47, 0x18, 0x41, 0x18, 0x47, 0x18, 0x46, 0x18, 0x44, 0x18, 0x42
	.byte 0x00, 0xC2, 0x18, 0xF1, 0x3C, 0x18, 0x42, 0xF1, 0x78, 0xF6, 0x48, 0xF0, 0x0F, 0xF1, 0x50, 0x00
	.byte 0xC2, 0xC0, 0xC0, 0x42, 0xF0, 0x18, 0xF1, 0x78, 0x18, 0x44, 0x18, 0x46, 0x18, 0x47, 0x18, 0x42
	.byte 0x18, 0x46, 0x18, 0x47, 0x18, 0x41, 0x18, 0x47, 0x18, 0x42, 0x18, 0x49, 0x18, 0x46, 0x00, 0xC7
	.byte 0x18, 0xF1, 0x3C, 0x18, 0x47, 0xF1, 0x78, 0xF6, 0x48, 0xF0, 0x0F, 0xF1, 0x50, 0x00, 0xC2, 0xC0
	.byte 0xC0, 0x42, 0xF0, 0x18, 0xF1, 0x78, 0x18, 0x44, 0x18, 0x46, 0x18, 0x47, 0x18, 0x42, 0x18, 0x46
	.byte 0x18, 0x47, 0x18, 0x41, 0x18, 0x47, 0x18, 0x46, 0x18, 0x44, 0x18, 0x42, 0x00, 0xC2, 0x18, 0xF1
	.byte 0x3C, 0x18, 0x42, 0xF1, 0x78, 0xF6, 0x48, 0xF0, 0x0F, 0xF1, 0x50, 0x00, 0xC2, 0xC0, 0xC0, 0x42
	.byte 0xF0, 0x18, 0xF1, 0x78, 0x18, 0x44, 0x18, 0x46, 0x18, 0x47, 0x18, 0x42, 0x18, 0x46, 0x18, 0x47
	.byte 0x18, 0x41, 0x18, 0x47, 0x18, 0x42, 0x18, 0x49, 0x18, 0x46, 0x00, 0xC7, 0x18, 0xF1, 0x3C, 0x18
	.byte 0x47, 0xF1, 0x78, 0xF6, 0x48, 0x30, 0x4B, 0x18, 0x4C, 0x30, 0x49, 0x30, 0x4C, 0x00, 0xCB, 0x18
	.byte 0x18, 0x4B, 0x30, 0x47, 0x18, 0x42, 0x30, 0x43, 0x30, 0x42, 0x30, 0x4B, 0x18, 0x4C, 0x30, 0x49
	.byte 0x30, 0x4C, 0x00, 0xCB, 0x18, 0x18, 0x4B, 0x18, 0x36, 0x18, 0x38, 0x18, 0x3A, 0x18, 0x3B, 0x18
	.byte 0x3D, 0x18, 0x3F, 0x18, 0x40, 0x30, 0x4B, 0x18, 0x4C, 0x30, 0x49, 0x30, 0x4C, 0x00, 0xCB, 0x18
	.byte 0x18, 0x4B, 0x30, 0x47, 0x18, 0x42, 0x30, 0x43, 0x30, 0x42, 0x30, 0x4B, 0x18, 0x4C, 0x30, 0x49
	.byte 0x30, 0x4C, 0x00, 0xCB, 0x18, 0x18, 0x4B, 0x18, 0x36, 0x18, 0x38, 0x18, 0x3A, 0x18, 0x3B, 0x18
	.byte 0x3D, 0x18, 0x3F, 0x18, 0x40, 0x30, 0x4B, 0x18, 0x4C, 0x30, 0x49, 0x30, 0x4C, 0x00, 0xCB, 0x18
	.byte 0x18, 0x4B, 0x18, 0x36, 0x18, 0x38, 0x18, 0x3A, 0x18, 0x3B, 0x18, 0x3D, 0x18, 0x3F, 0x18, 0x40
	.byte 0x30, 0x4B, 0x18, 0x4C, 0x30, 0x49, 0x30, 0x4C, 0x00, 0xCB, 0x18, 0x18, 0x4B, 0x18, 0x36, 0x18
	.byte 0x38, 0x18, 0x3A, 0x18, 0x3B, 0x18, 0x3D, 0x18, 0x3F, 0x18, 0x40, 0x30, 0x4B, 0x18, 0x4C, 0x30
	.byte 0x49, 0x30, 0x4C, 0x00, 0xCB, 0x18, 0x18, 0x4B, 0x30, 0x47, 0x18, 0x42, 0x30, 0x43, 0x30, 0x42
	.byte 0x30, 0x4B, 0x18, 0x4C, 0x30, 0x49, 0x30, 0x4C, 0x00, 0xCB, 0x18, 0x18, 0x4B, 0x18, 0x36, 0x18
	.byte 0x38, 0x18, 0x3A, 0x00, 0xBB, 0x18, 0xF1, 0x3C, 0x18, 0x47, 0xF1, 0x78, 0xF6, 0x30, 0xF0, 0x0F
	.byte 0xF1, 0x50, 0x00, 0xC2, 0xC0, 0xBF, 0x42, 0xF8, 0x7A, 0xFE, 0xFF, 0xF9, 0xA0, 0xF0, 0x0F, 0xF1
	.byte 0x50, 0xC0, 0x3B, 0xC0, 0x3F, 0xF0, 0x18, 0xF1, 0xB4, 0x00, 0xC0, 0x18, 0xF1, 0x3C, 0x18, 0x40
	.byte 0xF1, 0xB4, 0xF6, 0x18, 0x00, 0xBF, 0x18, 0xF1, 0x3C, 0x18, 0x3F, 0xF1, 0xB4, 0xF6, 0x18, 0x00
	.byte 0xBE, 0x18, 0xF1, 0x3C, 0x18, 0x3E, 0xF1, 0xB4, 0x00, 0xC2, 0x18, 0xF1, 0x3C, 0x18, 0x42, 0xF1
	.byte 0xB4, 0xF6, 0x18, 0x00, 0xBD, 0x18, 0xF1, 0x3C, 0x18, 0x3D, 0xF1, 0xB4, 0xF6, 0x48, 0xF0, 0x0F
	.byte 0xF1, 0x50, 0xC0, 0x3B, 0xC0, 0x3F, 0xF0, 0x18, 0xF1, 0x78, 0x00, 0xC0, 0x30, 0xF1, 0x3C, 0x18
	.byte 0x40, 0xF1, 0xB4, 0x00, 0xBF, 0x30, 0xF1, 0x3C, 0x18, 0x3F, 0xF1, 0xB4, 0x30, 0x3E, 0x00, 0xC0
	.byte 0x30, 0xF1, 0x3C, 0x18, 0x40, 0xF1, 0xB4, 0x00, 0xBF, 0x30, 0xF1, 0x3C, 0x18, 0x3F, 0xF1, 0xB4
	.byte 0xF6, 0x30, 0xF0, 0x0F, 0xF1, 0x50, 0xC0, 0x3B, 0xC0, 0x3F, 0xF0, 0x18, 0xF1, 0x78, 0x00, 0xC0
	.byte 0x18, 0xF1, 0x3C, 0x18, 0x40, 0xF1, 0xB4, 0xF6, 0x18, 0x00, 0xBF, 0x18, 0xF1, 0x3C, 0x18, 0x3F
	.byte 0xF1, 0xB4, 0xF6, 0x18, 0x00, 0xBE, 0x18, 0xF1, 0x3C, 0x18, 0x3E, 0xF1, 0xB4, 0x00, 0xC2, 0x18
	.byte 0xF1, 0x3C, 0x18, 0x42, 0xF1, 0xB4, 0xF6, 0x18, 0x00, 0xBD, 0x18, 0xF1, 0x3C, 0x18, 0x3D, 0xF1
	.byte 0xB4, 0xF6, 0x48, 0xF0, 0x0F, 0xF1, 0x50, 0xC0, 0x3B, 0xC0, 0x3F, 0xF0, 0x18, 0xF1, 0x78, 0x00
	.byte 0xC0, 0x18, 0xF1, 0x3C, 0x18, 0x40, 0xF1, 0xB4, 0xF6, 0x18, 0x00, 0xBF, 0x18, 0xF1, 0x3C, 0x18
	.byte 0x3F, 0xF1, 0xB4, 0xF6, 0x18, 0x00, 0xBE, 0x18, 0xF1, 0x3C, 0x18, 0x3E, 0xF1, 0xB4, 0x00, 0xC0
	.byte 0x18, 0xF1, 0x3C, 0x18, 0x40, 0xF1, 0xB4, 0xF6, 0x18, 0x00, 0xBF, 0x18, 0xF1, 0x3C, 0x18, 0x3F
	.byte 0xF1, 0xB4, 0xF6, 0x30, 0xF0, 0x00, 0xF2, 0x1E, 0xF1, 0x28, 0x08, 0x40, 0x08, 0x40, 0x08, 0x40
	.byte 0xF1, 0x3C, 0x18, 0x40, 0xF1, 0x28, 0x18, 0x40, 0x18, 0x40, 0xF1, 0x3C, 0x18, 0x40, 0xF1, 0x28
	.byte 0x18, 0x40, 0x18, 0x40, 0xF1, 0x3C, 0x18, 0x40, 0xF1, 0x28, 0x18, 0x40, 0xF1, 0x3C, 0x18, 0x40
	.byte 0xF1, 0x28, 0x18, 0x40, 0x18, 0x40, 0xF1, 0x3C, 0x18, 0x40, 0xF1, 0x28, 0x18, 0x40, 0x18, 0x40
	.byte 0xF1, 0x3C, 0x18, 0x40, 0xF1, 0x28, 0x18, 0x40, 0xF1, 0x3C, 0x18, 0x40, 0xF1, 0x28, 0x08, 0x40
	.byte 0x08, 0x40, 0x08, 0x40, 0xF1, 0x3C, 0x18, 0x40, 0xF1, 0x28, 0x18, 0x40, 0x18, 0x40, 0xF1, 0x3C
	.byte 0x18, 0x40, 0xF1, 0x28, 0x18, 0x40, 0x18, 0x40, 0xF1, 0x3C, 0x18, 0x40, 0xF1, 0x28, 0x18, 0x40
	.byte 0x18, 0x40, 0xF1, 0x3C, 0x18, 0x40, 0xF1, 0x28, 0x18, 0x40, 0x18, 0x40, 0xF1, 0x3C, 0x18, 0x40
	.byte 0xF1, 0x28, 0x08, 0x40, 0x08, 0x40, 0x08, 0x40, 0xF1, 0x3C, 0x18, 0x40, 0xF1, 0x28, 0x18, 0x40
	.byte 0x18, 0x40, 0xF1, 0x3C, 0x18, 0x40, 0xF1, 0x28, 0x18, 0x40, 0x18, 0x40, 0xF1, 0x3C, 0x18, 0x40
	.byte 0xF1, 0x28, 0x18, 0x40, 0xF1, 0x3C, 0x18, 0x40, 0xF1, 0x28, 0x18, 0x40, 0x18, 0x40, 0xF1, 0x3C
	.byte 0x18, 0x40, 0xF1, 0x28, 0x18, 0x40, 0x18, 0x40, 0xF1, 0x3C, 0x18, 0x40, 0xF1, 0x28, 0x18, 0x40
	.byte 0xF1, 0x3C, 0x18, 0x40, 0xF1, 0x28, 0x08, 0x40, 0x08, 0x40, 0x08, 0x40, 0xF1, 0x3C, 0x18, 0x40
	.byte 0xF1, 0x28, 0x18, 0x40, 0x18, 0x40, 0xF1, 0x3C, 0x18, 0x40, 0xF1, 0x28, 0x18, 0x40, 0x18, 0x40
	.byte 0xF1, 0x3C, 0x18, 0x40, 0xF1, 0x28, 0x18, 0x40, 0x18, 0x40, 0xF1, 0x3C, 0x18, 0x40, 0xF1, 0x28
	.byte 0x18, 0x40, 0x18, 0x40, 0xF1, 0x3C, 0x18, 0x40, 0xF1, 0x28, 0x08, 0x40, 0x08, 0x40, 0x08, 0x40
	.byte 0xF1, 0x3C, 0x18, 0x40, 0xF1, 0x28, 0x18, 0x40, 0x18, 0x40, 0xF1, 0x3C, 0x18, 0x40, 0xF1, 0x28
	.byte 0x18, 0x40, 0x18, 0x40, 0xF1, 0x3C, 0x18, 0x40, 0xF1, 0x28, 0x18, 0x40, 0xF1, 0x3C, 0x18, 0x40
	.byte 0xF1, 0x28, 0x18, 0x40, 0x18, 0x40, 0xF1, 0x3C, 0x18, 0x40, 0xF1, 0x28, 0x18, 0x40, 0x18, 0x40
	.byte 0xF1, 0x3C, 0x18, 0x40, 0xF1, 0x28, 0x18, 0x40, 0xF1, 0x3C, 0x18, 0x40, 0xF1, 0x28, 0x08, 0x40
	.byte 0x08, 0x40, 0x08, 0x40, 0xF1, 0x3C, 0x18, 0x40, 0xF1, 0x28, 0x18, 0x40, 0x18, 0x40, 0xF1, 0x3C
	.byte 0x18, 0x40, 0xF1, 0x28, 0x18, 0x40, 0x18, 0x40, 0xF1, 0x3C, 0x18, 0x40, 0xF1, 0x28, 0x18, 0x40
	.byte 0x18, 0x40, 0xF1, 0x3C, 0x18, 0x40, 0xF1, 0x28, 0x18, 0x40, 0x18, 0x40, 0xF1, 0x3C, 0x18, 0x40
	.byte 0xF1, 0x28, 0x08, 0x40, 0x08, 0x40, 0x08, 0x40, 0xF1, 0x3C, 0x18, 0x40, 0xF1, 0x28, 0x18, 0x40
	.byte 0x18, 0x40, 0xF1, 0x3C, 0x18, 0x40, 0xF1, 0x28, 0x18, 0x40, 0x18, 0x40, 0xF1, 0x3C, 0x18, 0x40
	.byte 0xF1, 0x28, 0x18, 0x40, 0xF1, 0x3C, 0x18, 0x40, 0xF1, 0x28, 0x18, 0x40, 0x18, 0x40, 0xF1, 0x3C
	.byte 0x18, 0x40, 0xF1, 0x28, 0x18, 0x40, 0x18, 0x40, 0xF1, 0x3C, 0x18, 0x40, 0xF1, 0x28, 0x18, 0x40
	.byte 0xF1, 0x3C, 0x18, 0x40, 0xF1, 0x28, 0x08, 0x40, 0x08, 0x40, 0x08, 0x40, 0xF1, 0x3C, 0x18, 0x40
	.byte 0xF1, 0x28, 0x18, 0x40, 0x18, 0x40, 0xF1, 0x3C, 0x18, 0x40, 0xF1, 0x28, 0x18, 0x40, 0x18, 0x40
	.byte 0xF1, 0x3C, 0x18, 0x40, 0xF1, 0x28, 0x18, 0x40, 0x18, 0x40, 0xF1, 0x3C, 0x18, 0x40, 0xF1, 0x28
	.byte 0x18, 0x40, 0x18, 0x40, 0xF1, 0x3C, 0x18, 0x40, 0xF1, 0x28, 0x08, 0x40, 0x08, 0x40, 0x08, 0x40
	.byte 0xF0, 0x0F, 0xF2, 0x50, 0xF1, 0x50, 0xC0, 0x3B, 0xC0, 0x3F, 0xF8, 0x18, 0xFD, 0xFF, 0xF9, 0xA0
	.byte 0xF0, 0x19, 0xF1, 0xC8, 0x00, 0xBB, 0x18, 0xF1, 0x64, 0x18, 0x3B, 0xF1, 0xC8, 0xF6, 0x60, 0xF1
	.byte 0xC8, 0x00, 0xBB, 0x18, 0xF1, 0x64, 0x18, 0x3B, 0xF1, 0xC8, 0x00, 0xBF, 0x18, 0xF1, 0x64, 0x18
	.byte 0x3F, 0xF1, 0xC8, 0xF6, 0x60, 0x00, 0xBF, 0x18, 0xF1, 0x64, 0x18, 0x3F, 0xF1, 0xC8, 0x00, 0xC0
	.byte 0x18, 0xF1, 0x64, 0x18, 0x40, 0xF1, 0xC8, 0xF6, 0x18, 0x00, 0xBF, 0x18, 0xF1, 0x64, 0x18, 0x3F
	.byte 0xF1, 0xC8, 0xF6, 0x18, 0x00, 0xBE, 0x18, 0xF1, 0x64, 0x18, 0x3E, 0xF1, 0xC8, 0x00, 0xC2, 0x18
	.byte 0xF1, 0x64, 0x18, 0x42, 0xF1, 0xC8, 0xF6, 0x18, 0x00, 0xB6, 0x18, 0xF1, 0x64, 0x18, 0x36, 0xF1
	.byte 0xC8, 0xF6, 0x48, 0x00, 0xBB, 0x18, 0xF1, 0x64, 0x18, 0x3B, 0xF1, 0xC8, 0xF6, 0x60, 0x00, 0xBB
	.byte 0x18, 0xF1, 0x64, 0x18, 0x3B, 0xF1, 0xC8, 0x00, 0xBF, 0x18, 0xF1, 0x64, 0x18, 0x3F, 0xF1, 0xC8
	.byte 0xF6, 0x60, 0x00, 0xBF, 0x18, 0xF1, 0x64, 0x18, 0x3F, 0xF1, 0xC8, 0x00, 0xC0, 0x18, 0xF1, 0x64
	.byte 0x18, 0x40, 0xF1, 0xC8, 0xF6, 0x18, 0x00, 0xBF, 0x18, 0xF1, 0x64, 0x18, 0x3F, 0xF1, 0xC8, 0xF6
	.byte 0x18, 0x00, 0xBE, 0x18, 0xF1, 0x64, 0x18, 0x3E, 0xF1, 0xC8, 0x00, 0xC2, 0x18, 0xF1, 0x64, 0x18
	.byte 0x42, 0xF1, 0xC8, 0x18, 0x3A, 0x00, 0xBB, 0x18, 0xF1, 0x64, 0x18, 0x3B, 0xF1, 0xC8, 0xF6, 0x48
	.byte 0x00, 0xBB, 0x18, 0xF1, 0x64, 0x18, 0x3B, 0xF1, 0xC8, 0xF6, 0x60, 0x00, 0xBB, 0x18, 0xF1, 0x64
	.byte 0x18, 0x3B, 0xF1, 0xC8, 0x00, 0xBF, 0x18, 0xF1, 0x64, 0x18, 0x3F, 0xF1, 0xC8, 0xF6, 0x60, 0x00
	.byte 0xBF, 0x18, 0xF1, 0x64, 0x18, 0x3F, 0xF1, 0xC8, 0x00, 0xC0, 0x18, 0xF1, 0x64, 0x18, 0x40, 0xF1
	.byte 0xC8, 0xF6, 0x18, 0x00, 0xBF, 0x18, 0xF1, 0x64, 0x18, 0x3F, 0xF1, 0xC8, 0xF6, 0x18, 0x00, 0xBE
	.byte 0x18, 0xF1, 0x64, 0x18, 0x3E, 0xF1, 0xC8, 0x00, 0xC2, 0x18, 0xF1, 0x64, 0x18, 0x42, 0xF1, 0xC8
	.byte 0xF6, 0x18, 0x00, 0xB6, 0x18, 0xF1, 0x64, 0x18, 0x36, 0xF1, 0xC8, 0xF6, 0x48, 0x00, 0xBB, 0x18
	.byte 0xF1, 0x64, 0x18, 0x3B, 0xF1, 0xC8, 0xF6, 0x60, 0x00, 0xBB, 0x18, 0xF1, 0x64, 0x18, 0x3B, 0xF1
	.byte 0xC8, 0x00, 0xBF, 0x18, 0xF1, 0x64, 0x18, 0x3F, 0xF1, 0xC8, 0xF6, 0x60, 0x00, 0xBF, 0x18, 0xF1
	.byte 0x64, 0x18, 0x3F, 0xF1, 0xC8, 0x00, 0xC0, 0x18, 0xF1, 0x64, 0x18, 0x40, 0xF1, 0xC8, 0xF6, 0x18
	.byte 0x00, 0xBF, 0x18, 0xF1, 0x64, 0x18, 0x3F, 0xF1, 0xC8, 0xF6, 0x18, 0x30, 0x3E, 0x00, 0xC2, 0x18
	.byte 0xF1, 0x64, 0x18, 0x42, 0xF1, 0xC8, 0x18, 0x3A, 0x00, 0xBB, 0x18, 0xF1, 0x64, 0x18, 0x3B, 0xF1
	.byte 0xC8, 0xF6, 0x48, 0x00, 0xBB, 0x18, 0xF1, 0x64, 0x18, 0x3B, 0xF1, 0xC8, 0xF6, 0x18, 0x00, 0xBB
	.byte 0x18, 0xF1, 0x64, 0x18, 0x3B, 0xF1, 0xC8, 0xF6, 0x48, 0x00, 0xBB, 0x18, 0xF1, 0x64, 0x18, 0x3B
	.byte 0xF1, 0xC8, 0xF6, 0x18, 0x00, 0xBB, 0x18, 0xF1, 0x64, 0x18, 0x3B, 0xF1, 0xC8, 0xF6, 0x48, 0x00
	.byte 0xBB, 0x18, 0xF1, 0x64, 0x18, 0x3B, 0xF1, 0xC8, 0xF6, 0x18, 0x00, 0xBB, 0x18, 0xF1, 0x64, 0x18
	.byte 0x3B, 0xF1, 0xC8, 0xF6, 0x48, 0x00, 0xBB, 0x18, 0xF1, 0x64, 0x18, 0x3B, 0xF1, 0xC8, 0xF6, 0x18
	.byte 0x00, 0xBB, 0x18, 0xF1, 0x64, 0x18, 0x3B, 0xF1, 0xC8, 0xF6, 0x48, 0x00, 0xBB, 0x18, 0xF1, 0x64
	.byte 0x18, 0x3B, 0xF1, 0xC8, 0xF6, 0x18, 0x00, 0xBB, 0x18, 0xF1, 0x64, 0x18, 0x3B, 0xF1, 0xC8, 0xF6
	.byte 0x48, 0x00, 0xBB, 0x18, 0xF1, 0x64, 0x18, 0x3B, 0xF1, 0xC8, 0xF6, 0x18, 0x00, 0xBB, 0x18, 0xF1
	.byte 0x64, 0x18, 0x3B, 0xF1, 0xC8, 0xF6, 0x48, 0x00, 0xBB, 0x18, 0xF1, 0x64, 0x18, 0x3B, 0xF1, 0xC8
	.byte 0xF6, 0x18, 0x00, 0xBB, 0x18, 0xF1, 0x64, 0x18, 0x3B, 0xF1, 0xC8, 0xF6, 0x48, 0x00, 0xBB, 0x18
	.byte 0xF1, 0x64, 0x18, 0x3B, 0xF1, 0xC8, 0xF6, 0x18, 0x00, 0xBB, 0x18, 0xF1, 0x64, 0x18, 0x3B, 0xF1
	.byte 0xC8, 0xF6, 0x48, 0x00, 0xBB, 0x18, 0xF1, 0x64, 0x18, 0x3B, 0xF1, 0xC8, 0xF6, 0x18, 0x00, 0xBB
	.byte 0x18, 0xF1, 0x64, 0x18, 0x3B, 0xF1, 0xC8, 0xF6, 0x48, 0x00, 0xBB, 0x18, 0xF1, 0x64, 0x18, 0x3B
	.byte 0xF1, 0xC8, 0xF6, 0x18, 0x00, 0xBB, 0x18, 0xF1, 0x64, 0x18, 0x3B, 0xF1, 0xC8, 0xF6, 0x48, 0x00
	.byte 0xBB, 0x18, 0xF1, 0x64, 0x18, 0x3B, 0xF1, 0xC8, 0xF6, 0x18, 0x00, 0xBB, 0x18, 0xF1, 0x64, 0x18
	.byte 0x3B, 0xF1, 0xC8, 0xF6, 0x48, 0x00, 0xBB, 0x18, 0xF1, 0x64, 0x18, 0x3B, 0xF1, 0xC8, 0xF6, 0x18
	.byte 0x00, 0xBB, 0x18, 0xF1, 0x64, 0x18, 0x3B, 0xF1, 0xC8, 0xF6, 0x48, 0x00, 0xBB, 0x18, 0xF1, 0x64
	.byte 0x18, 0x3B, 0xF1, 0xC8, 0xF6, 0x18, 0x00, 0xBB, 0x18, 0xF1, 0x64, 0x18, 0x3B, 0xF1, 0xC8, 0xF6
	.byte 0x48, 0x00, 0xBB, 0x18, 0xF1, 0x64, 0x18, 0x3B, 0xF1, 0xC8, 0xF6, 0x18, 0x00, 0xBB, 0x18, 0xF1
	.byte 0x64, 0x18, 0x3B, 0xF1, 0xC8, 0xF6, 0x48, 0x00, 0xBB, 0x18, 0xF1, 0x64, 0x18, 0x3B, 0xF1, 0xC8
	.byte 0xF6, 0x18, 0x00, 0xBB, 0x18, 0xF1, 0x64, 0x18, 0x3B, 0xF1, 0xC8, 0xF6, 0x48, 0x00, 0xBB, 0x18
	.byte 0xF1, 0x64, 0x18, 0x3B, 0xF1, 0xC8, 0xF6, 0x60, 0x00, 0xB6, 0x18, 0xF1, 0x64, 0x18, 0x36, 0xF1
	.byte 0xC8, 0x00, 0xBB, 0x18, 0xF1, 0x64, 0x18, 0x3B, 0xF1, 0xC8, 0xF6, 0x60, 0x00, 0xBB, 0x18, 0xF1
	.byte 0x64, 0x18, 0x3B, 0xF1, 0xC8, 0x00, 0xBF, 0x18, 0xF1, 0x64, 0x18, 0x3F, 0xF1, 0xC8, 0xF6, 0x60
	.byte 0x00, 0xBF, 0x18, 0xF1, 0x64, 0x18, 0x3F, 0xF1, 0xC8, 0xF8, 0x32, 0xFD, 0xFF, 0xF9, 0xA0, 0xF6
	.byte 0x01, 0xF0, 0x01, 0xF2, 0x50, 0xF1, 0x78, 0xF6, 0x18, 0x0C, 0x3B, 0xF1, 0x28, 0x0C, 0x3B, 0xF1
	.byte 0x78, 0xF6, 0x18, 0x0C, 0x3B, 0xF1, 0x28, 0x0C, 0x3B, 0xF1, 0x78, 0xF6, 0x18, 0x0C, 0x3B, 0xF1
	.byte 0x28, 0x0C, 0x3B, 0xF1, 0x78, 0xF6, 0x18, 0x0C, 0x3B, 0xF1, 0x28, 0x0C, 0x3B, 0xF1, 0x78, 0xF6
	.byte 0x18, 0x0C, 0x3F, 0xF1, 0x28, 0x0C, 0x3F, 0xF1, 0x78, 0xF6, 0x18, 0x0C, 0x3F, 0xF1, 0x28, 0x0C
	.byte 0x3F, 0xF1, 0x78, 0xF6, 0x18, 0x0C, 0x3F, 0xF1, 0x28, 0x0C, 0x3F, 0xF1, 0x78, 0xF6, 0x18, 0x0C
	.byte 0x3F, 0xF1, 0x28, 0x0B, 0x3F, 0xF1, 0x78, 0xF6, 0x19, 0x0C, 0x38, 0xF1, 0x28, 0x0C, 0x38, 0xF1
	.byte 0x78, 0x0C, 0x38, 0xF1, 0x28, 0x0C, 0x38, 0xF1, 0x78, 0xF6, 0x18, 0x0C, 0x36, 0xF1, 0x28, 0x0C
	.byte 0x36, 0xF1, 0x78, 0x0C, 0x36, 0xF1, 0x28, 0x0C, 0x36, 0xF1, 0x78, 0xF6, 0x18, 0x0C, 0x35, 0xF1
	.byte 0x28, 0x0C, 0x35, 0xF1, 0x78, 0xF6, 0x30, 0x0C, 0x36, 0xF1, 0x28, 0x0C, 0x36, 0xF1, 0x78, 0x18
	.byte 0x36, 0xF1, 0x28, 0x0C, 0x36, 0xF1, 0x78, 0xF6, 0x0C, 0xF0, 0x0C, 0xF1, 0x64, 0x18, 0x46, 0x00
	.byte 0xC9, 0x18, 0xF1, 0x28, 0x18, 0x49, 0xF0, 0x01, 0xF1, 0x78, 0xF6, 0x18, 0x0C, 0x3B, 0xF1, 0x28
	.byte 0x0C, 0x3B, 0xF1, 0x78, 0xF6, 0x18, 0x0C, 0x3B, 0xF1, 0x28, 0x0C, 0x3B, 0xF1, 0x78, 0xF6, 0x18
	.byte 0x0C, 0x3B, 0xF1, 0x28, 0x0C, 0x3B, 0xF1, 0x78, 0xF6, 0x18, 0x0C, 0x3B, 0xF6, 0x0C, 0xF6, 0x18
	.byte 0x0C, 0x3F, 0xF1, 0x28, 0x0C, 0x3F, 0xF1, 0x78, 0xF6, 0x18, 0x0C, 0x3F, 0xF1, 0x28, 0x0C, 0x3F
	.byte 0xF1, 0x78, 0xF6, 0x18, 0x0C, 0x3F, 0xF1, 0x28, 0x0C, 0x3F, 0xF1, 0x78, 0xF6, 0x18, 0x0C, 0x3F
	.byte 0xF1, 0x28, 0x0C, 0x3F, 0xF1, 0x78, 0xF6, 0x18, 0x0C, 0x38, 0xF1, 0x28, 0x0C, 0x38, 0xF1, 0x78
	.byte 0x0C, 0x38, 0xF1, 0x28, 0x0C, 0x38, 0xF1, 0x78, 0xF6, 0x18, 0x0C, 0x36, 0xF1, 0x28, 0x0C, 0x36
	.byte 0xF1, 0x78, 0x0C, 0x36, 0xF1, 0x28, 0x0C, 0x36, 0xF1, 0x78, 0xF6, 0x18, 0x0C, 0x35, 0xF1, 0x28
	.byte 0x0C, 0x35, 0xF1, 0x78, 0xF6, 0x30, 0x0C, 0x36, 0xF1, 0x28, 0x0C, 0x36, 0xF1, 0x78, 0x18, 0x36
	.byte 0xF1, 0x28, 0x0C, 0x36, 0xF1, 0x78, 0xF6, 0x0C, 0xF0, 0x0C, 0xF1, 0x64, 0x18, 0x47, 0x00, 0xCB
	.byte 0x18, 0xF1, 0x28, 0x18, 0x4B, 0xF0, 0x01, 0xF1, 0x78, 0xF6, 0x18, 0x0C, 0x3B, 0xF1, 0x28, 0x0C
	.byte 0x3B, 0xF1, 0x78, 0xF6, 0x18, 0x0C, 0x3B, 0xF1, 0x28, 0x0C, 0x3B, 0xF1, 0x78, 0xF6, 0x18, 0x0C
	.byte 0x3B, 0xF1, 0x28, 0x0C, 0x3B, 0xF1, 0x78, 0xF6, 0x18, 0x0C, 0x3B, 0xF1, 0x28, 0x0C, 0x3B, 0xF1
	.byte 0x78, 0xF6, 0x18, 0x0C, 0x3F, 0xF1, 0x28, 0x0C, 0x3F, 0xF1, 0x78, 0xF6, 0x18, 0x0C, 0x3F, 0xF1
	.byte 0x28, 0x0C, 0x3F, 0xF1, 0x78, 0xF6, 0x18, 0x0C, 0x3F, 0xF1, 0x28, 0x0C, 0x3F, 0xF1, 0x78, 0xF6
	.byte 0x18, 0x0C, 0x3F, 0xF1, 0x28, 0x0C, 0x3F, 0xF1, 0x78, 0xF6, 0x18, 0x0C, 0x38, 0xF1, 0x28, 0x0C
	.byte 0x38, 0xF1, 0x78, 0x0C, 0x38, 0xF1, 0x28, 0x0C, 0x38, 0xF1, 0x78, 0xF6, 0x18, 0x0C, 0x36, 0xF1
	.byte 0x28, 0x0C, 0x36, 0xF1, 0x78, 0x0C, 0x36, 0xF1, 0x28, 0x0C, 0x36, 0xF1, 0x78, 0xF6, 0x18, 0x0C
	.byte 0x35, 0xF1, 0x28, 0x0C, 0x35, 0xF1, 0x78, 0xF6, 0x30, 0x0C, 0x36, 0xF1, 0x28, 0x0C, 0x36, 0xF1
	.byte 0x78, 0x18, 0x36, 0xF1, 0x28, 0x0C, 0x36, 0xF1, 0x78, 0xF6, 0x0C, 0xF0, 0x0C, 0xF1, 0x64, 0x18
	.byte 0x46, 0x00, 0xC9, 0x18, 0xF1, 0x28, 0x18, 0x49, 0xF0, 0x01, 0xF1, 0x78, 0xF6, 0x18, 0x0C, 0x3B
	.byte 0xF1, 0x28, 0x0C, 0x3B, 0xF1, 0x78, 0xF6, 0x18, 0x0C, 0x3B, 0xF1, 0x28, 0x0C, 0x3B, 0xF1, 0x78
	.byte 0xF6, 0x18, 0x0C, 0x3B, 0xF1, 0x28, 0x0C, 0x3B, 0xF1, 0x78, 0xF6, 0x18, 0x0C, 0x3B, 0xF1, 0x28
	.byte 0x0C, 0x3B, 0xF1, 0x78, 0xF6, 0x18, 0x0C, 0x3F, 0xF1, 0x28, 0x0C, 0x3F, 0xF1, 0x78, 0xF6, 0x18
	.byte 0x0C, 0x3F, 0xF1, 0x28, 0x0C, 0x3F, 0xF1, 0x78, 0xF6, 0x18, 0x0C, 0x3F, 0xF1, 0x28, 0x0C, 0x3F
	.byte 0xF1, 0x78, 0xF6, 0x18, 0x0C, 0x3F, 0xF1, 0x28, 0x0C, 0x3F, 0xF1, 0x78, 0xF6, 0x18, 0x0C, 0x38
	.byte 0xF1, 0x28, 0x0C, 0x38, 0xF1, 0x78, 0x0C, 0x38, 0xF1, 0x28, 0x0C, 0x38, 0xF1, 0x78, 0xF6, 0x18
	.byte 0x0C, 0x36, 0xF1, 0x28, 0x0C, 0x36, 0xF1, 0x78, 0x0C, 0x36, 0xF1, 0x28, 0x0C, 0x36, 0xF1, 0x78
	.byte 0xF6, 0x18, 0x0C, 0x35, 0xF1, 0x28, 0x0C, 0x35, 0xF1, 0x78, 0xF6, 0x30, 0x0C, 0x36, 0xF1, 0x28
	.byte 0x0C, 0x36, 0xF1, 0x78, 0x18, 0x36, 0xF1, 0x28, 0x0C, 0x36, 0xF1, 0x78, 0xF6, 0x0C, 0xF0, 0x0C
	.byte 0xF1, 0x64
