	.syntax unified
	.text

	non_word_aligned_thumb_func_start sub_81C0F7E
sub_81C0F7E:
	bx r3
unk_81C0F80: @ real still-unclassified data (not a recognized compressed format - checked) len=104208
	.byte 0x00, 0xCB, 0x18, 0xF1, 0x28, 0x18, 0x4B, 0xF1, 0x64, 0x18, 0x47, 0xF1, 0x28, 0x18, 0x47, 0xF1
	.byte 0x64, 0x18, 0x49, 0x18, 0x46, 0xF1, 0x28, 0x18, 0x46, 0xF1, 0x64, 0x18, 0x49, 0xF1, 0x28, 0x18
	.byte 0x49, 0xF1, 0x64, 0x18, 0x47, 0xF1, 0x28, 0x18, 0x47, 0xF1, 0x64, 0x18, 0x42, 0xF1, 0x28, 0x18
	.byte 0x42, 0xF1, 0x64, 0x18, 0x3F, 0x18, 0x40, 0xF1, 0x28, 0x18, 0x40, 0xF1, 0x64, 0x18, 0x3F, 0xF1
	.byte 0x28, 0x18, 0x3F, 0xF1, 0x64, 0x18, 0x47, 0xF1, 0x28, 0x18, 0x47, 0xF1, 0x64, 0x18, 0x49, 0x18
	.byte 0x46, 0xF1, 0x28, 0x18, 0x46, 0xF1, 0x64, 0x18, 0x49, 0xF1, 0x28, 0x18, 0x49, 0xF1, 0x64, 0x18
	.byte 0x47, 0xF1, 0x28, 0x18, 0x47, 0xF1, 0x64, 0xF6, 0xA8, 0x18, 0x47, 0xF1, 0x28, 0x18, 0x47, 0xF1
	.byte 0x64, 0x18, 0x49, 0x18, 0x46, 0xF1, 0x28, 0x18, 0x46, 0xF1, 0x64, 0x18, 0x49, 0xF1, 0x28, 0x18
	.byte 0x49, 0xF1, 0x64, 0x18, 0x47, 0xF1, 0x28, 0x18, 0x47, 0xF1, 0x64, 0x18, 0x42, 0xF1, 0x28, 0x18
	.byte 0x42, 0xF1, 0x64, 0x18, 0x3F, 0x18, 0x40, 0xF1, 0x28, 0x18, 0x40, 0xF1, 0x64, 0x18, 0x3F, 0xF1
	.byte 0x28, 0x18, 0x3F, 0xF1, 0x64, 0x18, 0x47, 0xF1, 0x28, 0x18, 0x47, 0xF1, 0x64, 0x18, 0x49, 0x18
	.byte 0x46, 0xF1, 0x28, 0x18, 0x46, 0xF1, 0x64, 0x18, 0x49, 0xF1, 0x28, 0x18, 0x49, 0xF1, 0x64, 0x18
	.byte 0x47, 0xF1, 0x28, 0x18, 0x47, 0xF1, 0x64, 0xF6, 0xA8, 0x18, 0x47, 0xF1, 0x28, 0x18, 0x47, 0xF1
	.byte 0x64, 0x18, 0x49, 0x18, 0x46, 0xF1, 0x28, 0x18, 0x46, 0xF1, 0x64, 0x18, 0x49, 0xF1, 0x28, 0x18
	.byte 0x49, 0xF1, 0x64, 0x18, 0x47, 0xF1, 0x28, 0x18, 0x47, 0xF1, 0x64, 0xF6, 0x30, 0x18, 0x3F, 0x18
	.byte 0x40, 0xF1, 0x28, 0x18, 0x40, 0xF1, 0x64, 0x18, 0x3F, 0xF1, 0x28, 0x18, 0x3F, 0xF1, 0x64, 0x18
	.byte 0x47, 0xF1, 0x28, 0x18, 0x47, 0xF1, 0x64, 0x18, 0x49, 0x18, 0x46, 0xF1, 0x28, 0x18, 0x46, 0xF1
	.byte 0x64, 0x18, 0x49, 0xF1, 0x28, 0x18, 0x49, 0xF1, 0x64, 0x18, 0x47, 0xF1, 0x28, 0x18, 0x47, 0xF1
	.byte 0x64, 0xF6, 0x30, 0x18, 0x3F, 0x18, 0x40, 0xF1, 0x28, 0x18, 0x40, 0xF1, 0x64, 0x18, 0x3F, 0xF1
	.byte 0x28, 0x18, 0x3F, 0xF1, 0x64, 0x18, 0x47, 0xF1, 0x28, 0x18, 0x47, 0xF1, 0x64, 0x18, 0x49, 0x18
	.byte 0x46, 0xF1, 0x28, 0x18, 0x46, 0xF1, 0x64, 0x18, 0x49, 0xF1, 0x28, 0x18, 0x49, 0xF1, 0x64, 0x18
	.byte 0x47, 0xF1, 0x28, 0x18, 0x47, 0xF1, 0x64, 0x18, 0x42, 0xF1, 0x28, 0x18, 0x42, 0xF1, 0x64, 0x18
	.byte 0x3F, 0x18, 0x40, 0xF1, 0x28, 0x18, 0x40, 0xF1, 0x64, 0x18, 0x3F, 0xF1, 0x28, 0x18, 0x3F, 0xF1
	.byte 0x64, 0x18, 0x47, 0xF1, 0x28, 0x18, 0x47, 0xF1, 0x64, 0x18, 0x49, 0x18, 0x46, 0xF1, 0x28, 0x18
	.byte 0x46, 0xF1, 0x64, 0x18, 0x49, 0xF1, 0x28, 0x18, 0x49, 0xF1, 0x64, 0x18, 0x47, 0xF1, 0x28, 0x18
	.byte 0x47, 0xF1, 0x64, 0xF6, 0xA8, 0xF0, 0x01, 0xF1, 0x78, 0xF6, 0x18, 0x0C, 0x3B, 0xF1, 0x28, 0x0C
	.byte 0x3B, 0xF1, 0x78, 0xF6, 0x18, 0x0C, 0x3B, 0xF1, 0x28, 0x0C, 0x3B, 0xF1, 0x78, 0xF6, 0x18, 0x0C
	.byte 0x3B, 0xF1, 0x28, 0x0C, 0x3B, 0xF1, 0x78, 0xF6, 0x18, 0x0C, 0x3B, 0xF1, 0x28, 0x0C, 0x3B, 0xF1
	.byte 0x78, 0xF6, 0x18, 0x0C, 0x3F, 0xF1, 0x28, 0x0C, 0x3F, 0xF1, 0x78, 0xF6, 0x18, 0x0C, 0x3F, 0xF1
	.byte 0x28, 0x0C, 0x3F, 0xF1, 0x78, 0xF6, 0x18, 0x0C, 0x3F, 0xF1, 0x28, 0x0C, 0x3F, 0xF1, 0x78, 0xF6
	.byte 0x18, 0x0C, 0x3F, 0xF1, 0x28, 0x0B, 0x3F, 0xF1, 0x78, 0xF8, 0xE7, 0xFB, 0xFF, 0xF9, 0xA0, 0xF0
	.byte 0x01, 0xF2, 0xA0, 0xF1, 0x78, 0x12, 0x2F, 0xF1, 0x28, 0x06, 0x2F, 0xF1, 0x78, 0x0C, 0x36, 0xF1
	.byte 0x28, 0x0C, 0x36, 0xF1, 0x78, 0x12, 0x2A, 0xF1, 0x28, 0x06, 0x2A, 0xF1, 0x78, 0x0C, 0x36, 0xF1
	.byte 0x28, 0x0C, 0x2A, 0xF1, 0x78, 0x12, 0x2F, 0xF1, 0x28, 0x06, 0x2A, 0xF1, 0x78, 0x0C, 0x36, 0xF1
	.byte 0x28, 0x0C, 0x2A, 0xF1, 0x78, 0x12, 0x2A, 0xF1, 0x28, 0x06, 0x2A, 0xF1, 0x78, 0x0C, 0x36, 0xF1
	.byte 0x28, 0x0C, 0x36, 0xF1, 0x78, 0x12, 0x33, 0xF1, 0x28, 0x06, 0x33, 0xF1, 0x78, 0x0C, 0x3B, 0xF1
	.byte 0x28, 0x0C, 0x3B, 0xF1, 0x78, 0x12, 0x2F, 0xF1, 0x28, 0x06, 0x2F, 0xF1, 0x78, 0x0C, 0x3B, 0xF1
	.byte 0x28, 0x0C, 0x3B, 0xF1, 0x78, 0x12, 0x33, 0xF1, 0x28, 0x06, 0x33, 0xF1, 0x78, 0x0C, 0x3B, 0xF1
	.byte 0x28, 0x0C, 0x33, 0xF1, 0x78, 0x12, 0x2F, 0xF1, 0x28, 0x06, 0x33, 0xF1, 0x78, 0x0C, 0x3B, 0xF1
	.byte 0x28, 0x0C, 0x3B, 0xF1, 0x78, 0xF6, 0x18, 0x0C, 0x34, 0xF1, 0x28, 0x0C, 0x34, 0xF1, 0x78, 0x0C
	.byte 0x34, 0xF1, 0x28, 0x0C, 0x34, 0xF1, 0x78, 0xF6, 0x18, 0x0C, 0x33, 0xF1, 0x28, 0x0C, 0x33, 0xF1
	.byte 0x78, 0x0C, 0x33, 0xF1, 0x28, 0x0C, 0x33, 0xF1, 0x78, 0xF6, 0x18, 0x0C, 0x32, 0xF1, 0x28, 0x0C
	.byte 0x32, 0xF1, 0x78, 0xF6, 0x30, 0x0C, 0x31, 0xF1, 0x28, 0x0C, 0x31, 0xF1, 0x78, 0x18, 0x31, 0xF1
	.byte 0x28, 0x0C, 0x31, 0xF1, 0x78, 0xF6, 0x0C, 0xF0, 0x0C, 0xF1, 0x64, 0x18, 0x49, 0x00, 0xCE, 0x18
	.byte 0xF1, 0x28, 0x18, 0x4E, 0xF0, 0x01, 0xF1, 0x78, 0x12, 0x2F, 0xF1, 0x28, 0x06, 0x2F, 0xF1, 0x78
	.byte 0x0C, 0x36, 0xF1, 0x28, 0x0C, 0x36, 0xF1, 0x78, 0x12, 0x2A, 0xF1, 0x28, 0x06, 0x2A, 0xF1, 0x78
	.byte 0x0C, 0x36, 0xF1, 0x28, 0x0C, 0x36, 0xF1, 0x78, 0x12, 0x2F, 0xF1, 0x28, 0x06, 0x2F, 0xF1, 0x78
	.byte 0x0C, 0x36, 0xF1, 0x28, 0x0C, 0x36, 0xF1, 0x78, 0x12, 0x2A, 0xF1, 0x28, 0x06, 0x2A, 0xF1, 0x78
	.byte 0x0C, 0x36, 0xF1, 0x28, 0x0C, 0x36, 0xF1, 0x78, 0x12, 0x33, 0xF1, 0x28, 0x06, 0x33, 0xF1, 0x78
	.byte 0x0C, 0x3B, 0xF1, 0x28, 0x0C, 0x3B, 0xF1, 0x78, 0x12, 0x2F, 0xF1, 0x28, 0x06, 0x2F, 0xF1, 0x78
	.byte 0x0C, 0x3B, 0xF1, 0x28, 0x0C, 0x3B, 0xF1, 0x78, 0x12, 0x33, 0xF1, 0x28, 0x06, 0x33, 0xF1, 0x78
	.byte 0x0C, 0x3B, 0xF1, 0x28, 0x0C, 0x3B, 0xF1, 0x78, 0x12, 0x2F, 0xF1, 0x28, 0x06, 0x2F, 0xF1, 0x78
	.byte 0x0C, 0x3B, 0xF1, 0x28, 0x0C, 0x3B, 0xF1, 0x78, 0xF6, 0x18, 0x0C, 0x34, 0xF1, 0x28, 0x0C, 0x34
	.byte 0xF1, 0x78, 0x0C, 0x34, 0xF1, 0x28, 0x0C, 0x34, 0xF1, 0x78, 0xF6, 0x18, 0x0C, 0x33, 0xF1, 0x28
	.byte 0x0C, 0x33, 0xF1, 0x78, 0x0C, 0x33, 0xF1, 0x28, 0x0C, 0x33, 0xF1, 0x78, 0xF6, 0x18, 0x0C, 0x32
	.byte 0xF1, 0x28, 0x0C, 0x32, 0xF1, 0x78, 0xF6, 0x30, 0x0C, 0x34, 0xF1, 0x28, 0x0C, 0x34, 0xF1, 0x78
	.byte 0x18, 0x33, 0xF1, 0x28, 0x0C, 0x33, 0xF1, 0x78, 0xF6, 0x0C, 0xF0, 0x0C, 0xF1, 0x64, 0x18, 0x4B
	.byte 0x00, 0xD3, 0x18, 0xF1, 0x28, 0x18, 0x53, 0xF0, 0x01, 0xF1, 0x78, 0x12, 0x2F, 0xF1, 0x28, 0x06
	.byte 0x2F, 0xF1, 0x78, 0x0C, 0x36, 0xF1, 0x28, 0x0C, 0x36, 0xF1, 0x78, 0x12, 0x2A, 0xF1, 0x28, 0x06
	.byte 0x2A, 0xF1, 0x78, 0x0C, 0x36, 0xF1, 0x28, 0x0C, 0x36, 0xF1, 0x78, 0x12, 0x2F, 0xF1, 0x28, 0x06
	.byte 0x2F, 0xF1, 0x78, 0x0C, 0x36, 0xF1, 0x28, 0x0C, 0x36, 0xF1, 0x78, 0x12, 0x2A, 0xF1, 0x28, 0x06
	.byte 0x2A, 0xF1, 0x78, 0x0C, 0x36, 0xF1, 0x28, 0x0C, 0x36, 0xF1, 0x78, 0x12, 0x33, 0xF1, 0x28, 0x06
	.byte 0x33, 0xF1, 0x78, 0x0C, 0x3B, 0xF1, 0x28, 0x0C, 0x3B, 0xF1, 0x78, 0x12, 0x2F, 0xF1, 0x28, 0x06
	.byte 0x2F, 0xF1, 0x78, 0x0C, 0x3B, 0xF1, 0x28, 0x0C, 0x3B, 0xF1, 0x78, 0x12, 0x33, 0xF1, 0x28, 0x06
	.byte 0x33, 0xF1, 0x78, 0x0C, 0x3B, 0xF1, 0x28, 0x0C, 0x3B, 0xF1, 0x78, 0x12, 0x2F, 0xF1, 0x28, 0x06
	.byte 0x2F, 0xF1, 0x78, 0x0C, 0x3B, 0xF1, 0x28, 0x0C, 0x3B, 0xF1, 0x78, 0xF6, 0x18, 0x0C, 0x34, 0xF1
	.byte 0x28, 0x0C, 0x34, 0xF1, 0x78, 0x0C, 0x34, 0xF1, 0x28, 0x0C, 0x34, 0xF1, 0x78, 0xF6, 0x18, 0x0C
	.byte 0x33, 0xF1, 0x28, 0x0C, 0x33, 0xF1, 0x78, 0x0C, 0x33, 0xF1, 0x28, 0x0C, 0x33, 0xF1, 0x78, 0xF6
	.byte 0x18, 0x0C, 0x32, 0xF1, 0x28, 0x0C, 0x32, 0xF1, 0x78, 0xF6, 0x30, 0x0C, 0x31, 0xF1, 0x28, 0x0C
	.byte 0x31, 0xF1, 0x78, 0x18, 0x31, 0xF1, 0x28, 0x0C, 0x31, 0xF1, 0x78, 0xF6, 0x0C, 0xF0, 0x0C, 0xF1
	.byte 0x64, 0x18, 0x49, 0x00, 0xCE, 0x18, 0xF1, 0x28, 0x18, 0x4E, 0xF0, 0x01, 0xF1, 0x78, 0x12, 0x2F
	.byte 0xF1, 0x28, 0x06, 0x2F, 0xF1, 0x78, 0x0C, 0x36, 0xF1, 0x28, 0x0C, 0x36, 0xF1, 0x78, 0x12, 0x2A
	.byte 0xF1, 0x28, 0x06, 0x2A, 0xF1, 0x78, 0x0C, 0x36, 0xF1, 0x28, 0x0C, 0x36, 0xF1, 0x78, 0x12, 0x2F
	.byte 0xF1, 0x28, 0x06, 0x2F, 0xF1, 0x78, 0x0C, 0x36, 0xF1, 0x28, 0x0C, 0x36, 0xF1, 0x78, 0x12, 0x2A
	.byte 0xF1, 0x28, 0x06, 0x2A, 0xF1, 0x78, 0x0C, 0x36, 0xF1, 0x28, 0x0C, 0x36, 0xF1, 0x78, 0x12, 0x33
	.byte 0xF1, 0x28, 0x06, 0x33, 0xF1, 0x78, 0x0C, 0x3B, 0xF1, 0x28, 0x0C, 0x3B, 0xF1, 0x78, 0x12, 0x2F
	.byte 0xF1, 0x28, 0x06, 0x2F, 0xF1, 0x78, 0x0C, 0x3B, 0xF1, 0x28, 0x0C, 0x3B, 0xF1, 0x78, 0x12, 0x33
	.byte 0xF1, 0x28, 0x06, 0x33, 0xF1, 0x78, 0x0C, 0x3B, 0xF1, 0x28, 0x0C, 0x3B, 0xF1, 0x78, 0x12, 0x2F
	.byte 0xF1, 0x28, 0x06, 0x2F, 0xF1, 0x78, 0x0C, 0x3B, 0xF1, 0x28, 0x0C, 0x3B, 0xF1, 0x78, 0xF6, 0x18
	.byte 0x0C, 0x34, 0xF1, 0x28, 0x0C, 0x34, 0xF1, 0x78, 0x0C, 0x34, 0xF1, 0x28, 0x0C, 0x34, 0xF1, 0x78
	.byte 0xF6, 0x18, 0x0C, 0x33, 0xF1, 0x28, 0x0C, 0x33, 0xF1, 0x78, 0x0C, 0x33, 0xF1, 0x28, 0x0C, 0x33
	.byte 0xF1, 0x78, 0xF6, 0x18, 0x0C, 0x32, 0xF1, 0x28, 0x0C, 0x32, 0xF1, 0x78, 0xF6, 0x30, 0x0C, 0x34
	.byte 0xF1, 0x28, 0x0C, 0x34, 0xF1, 0x78, 0x18, 0x33, 0xF1, 0x28, 0x0C, 0x33, 0xF1, 0x78, 0xF6, 0x0C
	.byte 0xF0, 0x0C, 0xF1, 0x64, 0x18, 0x4B, 0x00, 0xD3, 0x18, 0xF1, 0x28, 0x18, 0x53, 0xF1, 0x64, 0x18
	.byte 0x4B, 0xF1, 0x28, 0x18, 0x4B, 0xF1, 0x64, 0x18, 0x4C, 0x18, 0x49, 0xF1, 0x28, 0x18, 0x49, 0xF1
	.byte 0x64, 0x18, 0x4C, 0xF1, 0x28, 0x18, 0x4C, 0xF1, 0x64, 0x00, 0xCB, 0x18, 0x18, 0x4B, 0x18, 0x47
	.byte 0xF1, 0x28, 0x18, 0x47, 0xF1, 0x64, 0x18, 0x42, 0x18, 0x43, 0xF1, 0x28, 0x18, 0x43, 0xF1, 0x64
	.byte 0x18, 0x42, 0xF1, 0x28, 0x18, 0x42, 0xF1, 0x64, 0x18, 0x4B, 0xF1, 0x28, 0x18, 0x4B, 0xF1, 0x64
	.byte 0x18, 0x4C, 0x18, 0x49, 0xF1, 0x28, 0x18, 0x49, 0xF1, 0x64, 0x18, 0x4C, 0xF1, 0x28, 0x18, 0x4C
	.byte 0xF1, 0x64, 0x00, 0xCB, 0x18, 0x18, 0x4B, 0xF1, 0x28, 0x18, 0x4B, 0xF1, 0x64, 0xF6, 0x90, 0x18
	.byte 0x4B, 0xF1, 0x28, 0x18, 0x4B, 0xF1, 0x64, 0x18, 0x4C, 0x18, 0x49, 0xF1, 0x28, 0x18, 0x49, 0xF1
	.byte 0x64, 0x18, 0x4C, 0xF1, 0x28, 0x18, 0x4C, 0xF1, 0x64, 0x18, 0x4B, 0xF1, 0x28, 0x18, 0x4B, 0xF1
	.byte 0x64, 0x18, 0x47, 0xF1, 0x28, 0x18, 0x47, 0xF1, 0x64, 0x18, 0x42, 0x18, 0x43, 0xF1, 0x28, 0x18
	.byte 0x43, 0xF1, 0x64, 0x18, 0x42, 0xF1, 0x28, 0x18, 0x42, 0xF1, 0x64, 0x18, 0x4B, 0xF1, 0x28, 0x18
	.byte 0x4B, 0xF1, 0x64, 0x18, 0x4C, 0x18, 0x49, 0xF1, 0x28, 0x18, 0x49, 0xF1, 0x64, 0x18, 0x4C, 0xF1
	.byte 0x28, 0x18, 0x4C, 0xF1, 0x64, 0x18, 0x4B, 0xF1, 0x28, 0x18, 0x4B, 0xF1, 0x64, 0xF6, 0xA8, 0x18
	.byte 0x4E, 0xF1, 0x28, 0x18, 0x4E, 0xF1, 0x64, 0x18, 0x50, 0x18, 0x4C, 0xF1, 0x28, 0x18, 0x4C, 0xF1
	.byte 0x64, 0x18, 0x50, 0xF1, 0x28, 0x18, 0x50, 0xF1, 0x64, 0x18, 0x4E, 0xF1, 0x28, 0x18, 0x4E, 0xF1
	.byte 0x64, 0xF6, 0x30, 0x18, 0x42, 0x18, 0x43, 0xF1, 0x28, 0x18, 0x43, 0xF1, 0x64, 0x18, 0x42, 0xF1
	.byte 0x28, 0x18, 0x42, 0xF1, 0x64, 0x18, 0x4B, 0xF1, 0x28, 0x18, 0x4B, 0xF1, 0x64, 0x18, 0x4C, 0x18
	.byte 0x49, 0xF1, 0x28, 0x18, 0x49, 0xF1, 0x64, 0x18, 0x4C, 0xF1, 0x28, 0x18, 0x4C, 0xF1, 0x64, 0x18
	.byte 0x4B, 0xF1, 0x28, 0x18, 0x4B, 0xF1, 0x64, 0xF6, 0x30, 0x18, 0x42, 0x18, 0x43, 0xF1, 0x28, 0x18
	.byte 0x43, 0xF1, 0x64, 0x18, 0x42, 0xF1, 0x28, 0x18, 0x42, 0xF1, 0x64, 0x18, 0x4B, 0xF1, 0x28, 0x18
	.byte 0x4B, 0xF1, 0x64, 0x18, 0x4C, 0x18, 0x49, 0xF1, 0x28, 0x18, 0x49, 0xF1, 0x64, 0x18, 0x4C, 0xF1
	.byte 0x28, 0x18, 0x4C, 0xF1, 0x64, 0x18, 0x4B, 0xF1, 0x28, 0x18, 0x4B, 0xF1, 0x64, 0x18, 0x47, 0xF1
	.byte 0x28, 0x18, 0x47, 0xF1, 0x64, 0x18, 0x42, 0x18, 0x43, 0xF1, 0x28, 0x18, 0x43, 0xF1, 0x64, 0x18
	.byte 0x42, 0xF1, 0x28, 0x18, 0x42, 0xF1, 0x64, 0x18, 0x4B, 0xF1, 0x28, 0x18, 0x4B, 0xF1, 0x64, 0x18
	.byte 0x4C, 0x18, 0x49, 0xF1, 0x28, 0x18, 0x49, 0xF1, 0x64, 0x18, 0x4C, 0xF1, 0x28, 0x18, 0x4C, 0xF1
	.byte 0x64, 0x18, 0x4B, 0xF1, 0x28, 0x18, 0x4B, 0xF1, 0x64, 0xF6, 0xA8, 0xF0, 0x01, 0xF1, 0x78, 0x12
	.byte 0x2F, 0xF1, 0x28, 0x06, 0x2F, 0xF1, 0x78, 0x0C, 0x36, 0xF1, 0x28, 0x0C, 0x36, 0xF1, 0x78, 0x12
	.byte 0x2A, 0xF1, 0x28, 0x06, 0x2A, 0xF1, 0x78, 0x0C, 0x36, 0xF1, 0x28, 0x0C, 0x2A, 0xF1, 0x78, 0x12
	.byte 0x2F, 0xF1, 0x28, 0x06, 0x2F, 0xF1, 0x78, 0x0C, 0x36, 0xF1, 0x28, 0x0C, 0x36, 0xF1, 0x78, 0x12
	.byte 0x2A, 0xF1, 0x28, 0x06, 0x2A, 0xF1, 0x78, 0x0C, 0x36, 0xF1, 0x28, 0x0C, 0x36, 0xF1, 0x78, 0x12
	.byte 0x33, 0xF1, 0x28, 0x06, 0x33, 0xF1, 0x78, 0x0C, 0x3B, 0xF1, 0x28, 0x0C, 0x3B, 0xF1, 0x78, 0x12
	.byte 0x2F, 0xF1, 0x28, 0x06, 0x2F, 0xF1, 0x78, 0x0C, 0x3B, 0xF1, 0x28, 0x0C, 0x3B, 0xF1, 0x78, 0x12
	.byte 0x33, 0xF1, 0x28, 0x06, 0x33, 0xF1, 0x78, 0x0C, 0x3B, 0xF1, 0x28, 0x0C, 0x3B, 0xF1, 0x78, 0x12
	.byte 0x2F, 0xF1, 0x28, 0x06, 0x2F, 0xF1, 0x78, 0x0C, 0x3B, 0xF1, 0x28, 0x0C, 0x3B, 0xF1, 0x78, 0xF8
	.byte 0x23, 0xFB, 0xFF, 0xF9, 0xA0, 0xF6, 0x04, 0xF0, 0xC0, 0xF2, 0x8C, 0xF1, 0x14, 0x18, 0x3F, 0x14
	.byte 0x40, 0xF1, 0x0A, 0x04, 0x40, 0xF1, 0x14, 0x14, 0x42, 0xF1, 0x0A, 0x04, 0x42, 0xF1, 0x14, 0x18
	.byte 0x47, 0xF1, 0x0A, 0x0C, 0x47, 0xF6, 0x0C, 0xF1, 0x14, 0x18, 0x3F, 0x14, 0x40, 0xF1, 0x0A, 0x04
	.byte 0x40, 0xF1, 0x14, 0x14, 0x42, 0xF1, 0x0A, 0x04, 0x42, 0xF1, 0x14, 0x90, 0x47, 0xF1, 0x0A, 0x0C
	.byte 0x47, 0xF6, 0x20, 0xF6, 0xC4, 0xF6, 0xA8, 0xF1, 0x14, 0x0C, 0x3B, 0x0C, 0x3D, 0x18, 0x3F, 0x14
	.byte 0x40, 0xF1, 0x0A, 0x04, 0x40, 0xF1, 0x14, 0x14, 0x42, 0xF1, 0x0A, 0x04, 0x42, 0xF1, 0x14, 0x18
	.byte 0x47, 0xF1, 0x0A, 0x0C, 0x47, 0xF6, 0x0C, 0xF1, 0x14, 0x18, 0x3F, 0x14, 0x40, 0xF1, 0x0A, 0x04
	.byte 0x40, 0xF1, 0x14, 0x14, 0x42, 0xF1, 0x0A, 0x04, 0x42, 0xF1, 0x14, 0x90, 0x47, 0xF1, 0x0A, 0x0C
	.byte 0x47, 0xF6, 0x24, 0xF6, 0xC0, 0xF6, 0xA8, 0xF1, 0x14, 0x0C, 0x3B, 0x0C, 0x3D, 0x18, 0x3F, 0x14
	.byte 0x40, 0xF1, 0x0A, 0x04, 0x40, 0xF1, 0x14, 0x14, 0x42, 0xF1, 0x0A, 0x04, 0x42, 0xF1, 0x14, 0x18
	.byte 0x47, 0xF1, 0x0A, 0x0C, 0x47, 0xF6, 0x0C, 0xF1, 0x14, 0x18, 0x3F, 0x14, 0x40, 0xF1, 0x0A, 0x04
	.byte 0x40, 0xF1, 0x14, 0x14, 0x42, 0xF1, 0x0A, 0x04, 0x42, 0xF1, 0x14, 0x90, 0x47, 0xF1, 0x0A, 0x18
	.byte 0x47, 0xF6, 0x18, 0xF6, 0xC0, 0xF6, 0xA8, 0xF1, 0x14, 0x0C, 0x3B, 0x0C, 0x3D, 0x18, 0x3F, 0x14
	.byte 0x40, 0xF1, 0x0A, 0x04, 0x40, 0xF1, 0x14, 0x14, 0x42, 0xF1, 0x0A, 0x04, 0x42, 0xF1, 0x14, 0x18
	.byte 0x47, 0xF1, 0x0A, 0x0C, 0x47, 0xF6, 0x0C, 0xF1, 0x14, 0x18, 0x3F, 0x14, 0x40, 0xF1, 0x0A, 0x04
	.byte 0x40, 0xF1, 0x14, 0x14, 0x42, 0xF1, 0x0A, 0x04, 0x42, 0xF1, 0x14, 0x90, 0x47, 0xF1, 0x0A, 0x0C
	.byte 0x47, 0xF1, 0x14, 0xF6, 0x24, 0xF6, 0xC0, 0xF6, 0xC0, 0xF1, 0x14, 0xC0, 0x3F, 0x60, 0x40, 0x60
	.byte 0x3D, 0xC0, 0x3F, 0x60, 0x3B, 0x60, 0x3F, 0xC0, 0x3F, 0x60, 0x40, 0x60, 0x3D, 0xC0, 0x3F, 0x60
	.byte 0x3B, 0x60, 0x3F, 0xC0, 0x3F, 0x60, 0x40, 0x60, 0x3D, 0xC0, 0x3F, 0x60, 0x3B, 0x60, 0x3F, 0x18
	.byte 0x3F, 0x14, 0x40, 0xF1, 0x0A, 0x04, 0x40, 0xF1, 0x14, 0x14, 0x42, 0xF1, 0x0A, 0x04, 0x42, 0xF1
	.byte 0x14, 0x18, 0x47, 0xF1, 0x0A, 0x0C, 0x47, 0xF6, 0x0C, 0xF1, 0x14, 0x18, 0x3F, 0x14, 0x40, 0xF1
	.byte 0x0A, 0x04, 0x40, 0xF1, 0x14, 0x14, 0x42, 0xF1, 0x0A, 0x04, 0x42, 0xF1, 0x14, 0xB4, 0x47, 0xF1
	.byte 0x0A, 0x0C, 0x47, 0xF1, 0x14, 0x18, 0x3F, 0x14, 0x40, 0xF1, 0x0A, 0x04, 0x40, 0xF1, 0x14, 0x14
	.byte 0x42, 0xF1, 0x0A, 0x04, 0x42, 0xF1, 0x14, 0x18, 0x47, 0xF1, 0x0A, 0x0C, 0x47, 0xF6, 0x0C, 0xF1
	.byte 0x14, 0x18, 0x3F, 0x14, 0x40, 0xF1, 0x0A, 0x04, 0x40, 0xF1, 0x14, 0x14, 0x42, 0xF1, 0x0A, 0x04
	.byte 0x42, 0xF1, 0x14, 0x9C, 0x47, 0xF1, 0x0A, 0x0C, 0x42, 0xF1, 0x14, 0x0C, 0x3B, 0x0C, 0x3D, 0x18
	.byte 0x3F, 0x14, 0x40, 0xF1, 0x0A, 0x04, 0x40, 0xF1, 0x14, 0x14, 0x42, 0xF1, 0x0A, 0x04, 0x40, 0xF1
	.byte 0x14, 0x18, 0x47, 0xF1, 0x0A, 0x0C, 0x47, 0xF6, 0x0C, 0xF1, 0x14, 0x18, 0x3F, 0x14, 0x40, 0xF1
	.byte 0x0A, 0x04, 0x40, 0xF1, 0x14, 0x14, 0x42, 0xF1, 0x0A, 0x04, 0x42, 0xF1, 0x14, 0x90, 0x47, 0xF1
	.byte 0x0A, 0x0C, 0x47, 0xF6, 0x20, 0xF8, 0x6B, 0xFE, 0xFF, 0xF9, 0xA0, 0xF6, 0xC0, 0xF6, 0xC0, 0xF6
	.byte 0xC0, 0xF6, 0xC0, 0xF6, 0xC0, 0xF6, 0xC0, 0xF6, 0xC0, 0xF6, 0xC0, 0xF6, 0xC0, 0xF6, 0xC0, 0xF6
	.byte 0xC0, 0xF6, 0xC0, 0xF6, 0xC0, 0xF6, 0xC0, 0xF6, 0xC0, 0xF6, 0xC0, 0xF6, 0xC0, 0xF6, 0xC0, 0xF6
	.byte 0xC0, 0xF6, 0x01, 0xF0, 0xC0, 0xF1, 0x28, 0xF6, 0x18, 0x10, 0x33, 0xF1, 0x14, 0x08, 0x33, 0xF1
	.byte 0x28, 0x10, 0x34, 0xF1, 0x14, 0x08, 0x34, 0xF1, 0x28, 0x10, 0x36, 0xF1, 0x14, 0x08, 0x36, 0xF1
	.byte 0x28, 0x10, 0x38, 0xF1, 0x14, 0x08, 0x38, 0xF1, 0x28, 0x10, 0x3A, 0xF1, 0x14, 0x08, 0x3A, 0xF1
	.byte 0x28, 0x10, 0x3B, 0xF1, 0x14, 0x08, 0x3B, 0xF1, 0x28, 0x10, 0x3D, 0xF1, 0x14, 0x08, 0x3D, 0xF6
	.byte 0xC0, 0xF6, 0xC0, 0xF6, 0xC0, 0xF1, 0x28, 0xF6, 0x18, 0x10, 0x33, 0xF1, 0x14, 0x08, 0x33, 0xF1
	.byte 0x28, 0x10, 0x34, 0xF1, 0x14, 0x08, 0x34, 0xF1, 0x28, 0x10, 0x36, 0xF1, 0x14, 0x08, 0x36, 0xF1
	.byte 0x28, 0x10, 0x38, 0xF1, 0x14, 0x08, 0x38, 0xF1, 0x28, 0x10, 0x3A, 0xF1, 0x14, 0x08, 0x3A, 0xF1
	.byte 0x28, 0x10, 0x3B, 0xF1, 0x14, 0x08, 0x3B, 0xF1, 0x28, 0x10, 0x3D, 0xF1, 0x14, 0x08, 0x3D, 0xF1
	.byte 0x28, 0xF6, 0xC0, 0xF6, 0x18, 0x10, 0x33, 0xF1, 0x14, 0x08, 0x33, 0xF1, 0x28, 0x10, 0x34, 0xF1
	.byte 0x14, 0x08, 0x34, 0xF1, 0x28, 0x10, 0x36, 0xF1, 0x14, 0x08, 0x36, 0xF1, 0x28, 0x10, 0x38, 0xF1
	.byte 0x14, 0x08, 0x38, 0xF1, 0x28, 0x10, 0x3A, 0xF1, 0x14, 0x08, 0x3A, 0xF1, 0x28, 0x10, 0x3B, 0xF1
	.byte 0x14, 0x08, 0x3B, 0xF1, 0x28, 0x10, 0x3D, 0xF1, 0x14, 0x08, 0x3D, 0xF1, 0x28, 0xF6, 0xC0, 0xF6
	.byte 0x18, 0x10, 0x33, 0xF1, 0x14, 0x08, 0x33, 0xF1, 0x28, 0x10, 0x34, 0xF1, 0x14, 0x08, 0x34, 0xF1
	.byte 0x28, 0x10, 0x36, 0xF1, 0x14, 0x08, 0x36, 0xF1, 0x28, 0x10, 0x38, 0xF1, 0x14, 0x08, 0x38, 0xF1
	.byte 0x28, 0x10, 0x3A, 0xF1, 0x14, 0x08, 0x3A, 0xF1, 0x28, 0x10, 0x3B, 0xF1, 0x14, 0x08, 0x3B, 0xF1
	.byte 0x28, 0x10, 0x3D, 0xF1, 0x14, 0x08, 0x3D, 0xF1, 0x28, 0xF6, 0xC0, 0xF6, 0xC0, 0xF6, 0xC0, 0xF6
	.byte 0x18, 0x10, 0x33, 0xF1, 0x14, 0x08, 0x33, 0xF1, 0x28, 0x10, 0x34, 0xF1, 0x14, 0x08, 0x34, 0xF1
	.byte 0x28, 0x10, 0x36, 0xF1, 0x14, 0x08, 0x36, 0xF1, 0x28, 0x10, 0x36, 0xF1, 0x14, 0x08, 0x36, 0xF1
	.byte 0x28, 0xF6, 0x18, 0x10, 0x3B, 0xF1, 0x14, 0x08, 0x3B, 0xF1, 0x28, 0xF6, 0x17, 0xF6, 0xC0, 0xF6
	.byte 0xC0, 0xF8, 0xAB, 0xFE, 0xFF, 0x00, 0x00, 0x00, 0xFC, 0x03, 0x12, 0x00, 0x74, 0x00, 0xCD, 0x00
	.byte 0xFE, 0x00, 0x2E, 0x01, 0x60, 0x01, 0x90, 0x01, 0xC0, 0x01, 0xF9, 0x46, 0xF6, 0x01, 0xF0, 0x1E
	.byte 0xF2, 0x78, 0xF1, 0x8C, 0x18, 0x43, 0x18, 0x41, 0x48, 0x40, 0x18, 0x41, 0x48, 0x3E, 0x18, 0x40
	.byte 0x30, 0x41, 0x18, 0x3D, 0x18, 0x3E, 0x00, 0xC0, 0x60, 0x90, 0x40, 0x18, 0x3E, 0x18, 0x40, 0x00
	.byte 0xC1, 0x60, 0x00, 0xC1, 0x90, 0xF1, 0x3C, 0x00, 0xC1, 0x18, 0xF1, 0x1E, 0x18, 0x41, 0xF1, 0x8C
	.byte 0x30, 0x40, 0x30, 0x41, 0x30, 0x3E, 0x30, 0x40, 0x30, 0x3D, 0x30, 0x3E, 0x30, 0x39, 0x30, 0x3A
	.byte 0x30, 0x37, 0x30, 0x39, 0x30, 0x35, 0x30, 0x37, 0x30, 0x35, 0x30, 0x34, 0x30, 0x31, 0x00, 0xC1
	.byte 0x90, 0x90, 0x41, 0x00, 0xC0, 0x90, 0x8F, 0x40, 0xF8, 0x9F, 0xFF, 0xFF, 0xF9, 0x46, 0xF0, 0x1E
	.byte 0xF2, 0x82, 0xF1, 0x78, 0x00, 0xBA, 0x90, 0x90, 0x3A, 0x00, 0xB9, 0x90, 0x90, 0x39, 0x00, 0xB8
	.byte 0x90, 0x00, 0xB8, 0x90, 0xF1, 0x3C, 0x00, 0xB8, 0x18, 0xF1, 0x1E, 0x18, 0x38, 0xF1, 0x78, 0x30
	.byte 0x3D, 0x30, 0x3E, 0x30, 0x39, 0x30, 0x3D, 0x30, 0x39, 0x30, 0x3A, 0x30, 0x35, 0x30, 0x37, 0x30
	.byte 0x34, 0x30, 0x35, 0x30, 0x32, 0x30, 0x34, 0x30, 0x32, 0x00, 0xB1, 0x30, 0xF1, 0x3C, 0x00, 0xB1
	.byte 0x18, 0xF1, 0x1E, 0x18, 0x31, 0xF1, 0x78, 0x00, 0xB8, 0x90, 0x90, 0x38, 0x00, 0xB9, 0x90, 0x90
	.byte 0x39, 0xF8, 0xA8, 0xFF, 0xFF, 0xF9, 0x46, 0xF6, 0x01, 0xF0, 0x0A, 0xF2, 0x96, 0xF1, 0x78, 0x00
	.byte 0xAD, 0x90, 0x90, 0x2D, 0x90, 0x2B, 0x90, 0x2B, 0x00, 0xA9, 0x90, 0x90, 0x29, 0x00, 0xAD, 0xC0
	.byte 0x00, 0xAD, 0xC0, 0x00, 0xAD, 0xC0, 0xC0, 0x2D, 0x00, 0xAF, 0x90, 0x90, 0x2F, 0x00, 0xAD, 0x90
	.byte 0x8F, 0x2D, 0xF8, 0xD0, 0xFF, 0xFF, 0xF9, 0x46, 0xF0, 0x0A, 0xF2, 0x64, 0xF1, 0xB4, 0x00, 0xA1
	.byte 0x90, 0x90, 0x21, 0x00, 0x9F, 0x90, 0x90, 0x1F, 0x00, 0x9D, 0x90, 0x90, 0x1D, 0x00, 0xA1, 0xC0
	.byte 0x00, 0xA1, 0xC0, 0x00, 0xA1, 0xC0, 0xC0, 0x21, 0x00, 0xA3, 0x90, 0x90, 0x23, 0x00, 0xA1, 0x90
	.byte 0x90, 0x21, 0xF8, 0xD1, 0xFF, 0xFF, 0xF9, 0x46, 0xF6, 0x01, 0xF0, 0x1B, 0xF2, 0xB4, 0xF1, 0x46
	.byte 0x00, 0xC6, 0x90, 0x90, 0x46, 0x00, 0xC9, 0x90, 0x90, 0x49, 0x00, 0xCA, 0x90, 0x90, 0x4A, 0x00
	.byte 0xD1, 0xC0, 0x00, 0xD1, 0xC0, 0x00, 0xD1, 0xC0, 0xC0, 0x51, 0x00, 0xD0, 0x90, 0x90, 0x50, 0x00
	.byte 0xC9, 0x90, 0x8F, 0x49, 0xF8, 0xCF, 0xFF, 0xFF, 0xF9, 0x46, 0xF0, 0x1B, 0xF2, 0x50, 0xF1, 0x46
	.byte 0x00, 0xC3, 0x90, 0x90, 0x43, 0x00, 0xC5, 0x90, 0x90, 0x45, 0x00, 0xC4, 0x90, 0x90, 0x44, 0x00
	.byte 0xC9, 0xC0, 0x00, 0xC9, 0xC0, 0x00, 0xC9, 0xC0, 0xC0, 0x49, 0x00, 0xCA, 0x90, 0x90, 0x4A, 0x00
	.byte 0xC5, 0x90, 0x90, 0x45, 0xF8, 0xD1, 0xFF, 0xFF, 0xF9, 0x46, 0xF0, 0xC6, 0xF2, 0x78, 0xF1, 0x28
	.byte 0x00, 0xB9, 0x8F, 0x90, 0x39, 0x00, 0xB7, 0x90, 0x90, 0x37, 0x00, 0xB5, 0x90, 0x90, 0x35, 0x00
	.byte 0xB9, 0xC0, 0x00, 0xB9, 0xC0, 0x00, 0xB9, 0xC0, 0xC0, 0x39, 0x00, 0xBB, 0x90, 0x90, 0x3B, 0x00
	.byte 0xB9, 0x90, 0x90, 0x39, 0xF8, 0xD1, 0xFF, 0xFF, 0xF9, 0x46, 0xF6, 0x01, 0xF0, 0xC6, 0xF2, 0xA0
	.byte 0xF1, 0x14, 0x18, 0x43, 0x18, 0x41, 0x48, 0x40, 0x18, 0x41, 0x48, 0x3E, 0x18, 0x40, 0x30, 0x41
	.byte 0x18, 0x3D, 0x18, 0x3E, 0x00, 0xC0, 0x60, 0x90, 0x40, 0x18, 0x3E, 0x18, 0x40, 0x60, 0x41, 0x00
	.byte 0xC1, 0x90, 0xF1, 0x0A, 0x00, 0xC1, 0x18, 0xF1, 0x05, 0x18, 0x41, 0xF1, 0x14, 0x30, 0x40, 0x30
	.byte 0x41, 0x30, 0x3E, 0x30, 0x40, 0x30, 0x3D, 0x30, 0x3E, 0x30, 0x39, 0x30, 0x3A, 0x30, 0x37, 0x30
	.byte 0x39, 0x30, 0x35, 0x30, 0x37, 0x30, 0x35, 0x30, 0x34, 0x30, 0x31, 0x00, 0xC1, 0x90, 0x90, 0x41
	.byte 0x00, 0xC0, 0x90, 0x8F, 0x40, 0xF8, 0xA0, 0xFF, 0xFF, 0x00, 0x00, 0x00, 0xFC, 0x03, 0x12, 0x00
	.byte 0x5A, 0x01, 0xD6, 0x01, 0x9A, 0x03, 0x02, 0x04, 0xDE, 0x04, 0xFE, 0x04, 0x2C, 0x07, 0xF9, 0x9E
	.byte 0xF6, 0x01, 0xF0, 0x1D, 0xF2, 0x6E, 0xF1, 0x8C, 0x0C, 0x45, 0xF1, 0x28, 0x0C, 0x45, 0xF1, 0x8C
	.byte 0x08, 0x45, 0xF1, 0x28, 0x04, 0x45, 0xF1, 0x8C, 0x0C, 0x44, 0x0C, 0x45, 0xF1, 0x28, 0x0C, 0x45
	.byte 0xF1, 0x8C, 0x08, 0x45, 0xF1, 0x28, 0x04, 0x45, 0xF1, 0x8C, 0x0C, 0x44, 0x0C, 0x45, 0xF1, 0x28
	.byte 0x0C, 0x45, 0xF1, 0x8C, 0x18, 0x49, 0xF1, 0x28, 0x0C, 0x49, 0xF1, 0x8C, 0xF6, 0x0C, 0x00, 0xCB
	.byte 0x18, 0x48, 0x4B, 0xF1, 0x28, 0x0C, 0x4B, 0xF1, 0x8C, 0xF6, 0x0C, 0x18, 0x4E, 0xF1, 0x28, 0x0C
	.byte 0x4E, 0xF1, 0x8C, 0xF6, 0x0C, 0x30, 0x4C, 0x0C, 0x4B, 0xF1, 0x28, 0x0C, 0x4B, 0xF1, 0x8C, 0x08
	.byte 0x4B, 0xF1, 0x28, 0x04, 0x4B, 0xF1, 0x8C, 0x0C, 0x49, 0x0C, 0x4B, 0xF1, 0x28, 0x0C, 0x4B, 0xF1
	.byte 0x8C, 0x08, 0x4B, 0xF1, 0x28, 0x04, 0x4B, 0xF1, 0x8C, 0x0C, 0x49, 0x0C, 0x4B, 0xF1, 0x28, 0x0C
	.byte 0x4B, 0xF1, 0x8C, 0x18, 0x47, 0xF1, 0x28, 0x0C, 0x47, 0xF1, 0x8C, 0xF6, 0x0C, 0x00, 0xC1, 0x18
	.byte 0x48, 0x41, 0xF1, 0x28, 0x0C, 0x41, 0xF1, 0x8C, 0xF6, 0x0C, 0x18, 0x40, 0xF1, 0x28, 0x0C, 0x40
	.byte 0xF1, 0x8C, 0xF6, 0x0C, 0x30, 0x42, 0x0C, 0x43, 0xF1, 0x28, 0x0C, 0x43, 0xF1, 0x8C, 0x08, 0x43
	.byte 0xF1, 0x28, 0x04, 0x43, 0xF1, 0x8C, 0x0C, 0x42, 0x0C, 0x43, 0xF1, 0x28, 0x0C, 0x43, 0xF1, 0x8C
	.byte 0x08, 0x43, 0xF1, 0x28, 0x04, 0x43, 0xF1, 0x8C, 0x0C, 0x42, 0x0C, 0x43, 0xF1, 0x28, 0x0C, 0x43
	.byte 0xF1, 0x8C, 0x18, 0x47, 0xF1, 0x28, 0x0C, 0x47, 0xF1, 0x8C, 0xF6, 0x0C, 0x00, 0xC9, 0x18, 0x48
	.byte 0x49, 0xF1, 0x28, 0x0C, 0x49, 0xF1, 0x8C, 0xF6, 0x0C, 0x18, 0x4C, 0xF1, 0x28, 0x0C, 0x4C, 0xF1
	.byte 0x8C, 0xF6, 0x0C, 0x30, 0x4A, 0x0C, 0x49, 0xF1, 0x28, 0x0C, 0x49, 0xF1, 0x8C, 0x08, 0x49, 0xF1
	.byte 0x28, 0x04, 0x49, 0xF1, 0x8C, 0x0C, 0x47, 0x0C, 0x49, 0xF6, 0x0C, 0x08, 0x49, 0xF1, 0x28, 0x04
	.byte 0x49, 0xF1, 0x8C, 0x0C, 0x47, 0x0C, 0x49, 0xF1, 0x28, 0x0C, 0x49, 0xF1, 0x8C, 0x18, 0x45, 0xF1
	.byte 0x28, 0x0C, 0x45, 0xF1, 0x8C, 0xF6, 0x0C, 0x00, 0xBF, 0x18, 0x48, 0x3F, 0xF1, 0x28, 0x0C, 0x3F
	.byte 0xF1, 0x8C, 0xF1, 0x28, 0x0C, 0x3F, 0xF1, 0x8C, 0x18, 0x3E, 0xF1, 0x28, 0x0C, 0x3E, 0xF1, 0x8C
	.byte 0xF6, 0x3B, 0xF8, 0xB9, 0xFE, 0xFF, 0xF9, 0x9E, 0xF0, 0x1C, 0xF2, 0x96, 0xF1, 0x78, 0x16, 0x45
	.byte 0xF1, 0x28, 0x18, 0x45, 0xF1, 0x78, 0xF6, 0x60, 0x18, 0x45, 0x18, 0x43, 0xF1, 0x28, 0x18, 0x43
	.byte 0xF1, 0x78, 0xF6, 0x78, 0x18, 0x45, 0xF1, 0x28, 0x18, 0x45, 0xF1, 0x78, 0x18, 0x45, 0xF1, 0x28
	.byte 0x18, 0x45, 0xF1, 0x78, 0xF6, 0x60, 0x18, 0x45, 0x18, 0x43, 0xF1, 0x28, 0x18, 0x43, 0xF1, 0x78
	.byte 0xF6, 0x78, 0x18, 0x45, 0xF1, 0x28, 0x18, 0x45, 0xF1, 0x78, 0x18, 0x43, 0xF1, 0x28, 0x18, 0x43
	.byte 0xF1, 0x78, 0xF6, 0x60, 0x18, 0x43, 0x18, 0x41, 0xF1, 0x28, 0x18, 0x41, 0xF1, 0x78, 0xF6, 0x78
	.byte 0x18, 0x43, 0xF1, 0x28, 0x18, 0x43, 0xF1, 0x78, 0x18, 0x43, 0xF1, 0x28, 0x18, 0x43, 0xF1, 0x78
	.byte 0xF6, 0x60, 0x18, 0x43, 0x18, 0x41, 0xF1, 0x28, 0x18, 0x41, 0xF1, 0x78, 0xF6, 0xAA, 0xF8, 0x85
	.byte 0xFF, 0xFF, 0xF9, 0x9E, 0xF0, 0x1A, 0xF2, 0x6E, 0xF1, 0xC8, 0x0C, 0x21, 0xF1, 0x3C, 0x0C, 0x21
	.byte 0xF1, 0xC8, 0x12, 0x21, 0xF1, 0x3C, 0x06, 0x21, 0xF1, 0xC8, 0x12, 0x27, 0xF1, 0x3C, 0x06, 0x27
	.byte 0xF1, 0xC8, 0x0C, 0x28, 0xF1, 0x3C, 0x0C, 0x28, 0xF1, 0xC8, 0x0C, 0x21, 0xF1, 0x3C, 0x0C, 0x21
	.byte 0xF1, 0xC8, 0x12, 0x21, 0xF1, 0x3C, 0x06, 0x21, 0xF1, 0xC8, 0x24, 0x1F, 0xF1, 0x3C, 0x0C, 0x1F
	.byte 0xF1, 0xC8, 0x0C, 0x21, 0xF1, 0x3C, 0x0C, 0x21, 0xF1, 0xC8, 0x12, 0x21, 0xF1, 0x3C, 0x06, 0x21
	.byte 0xF1, 0xC8, 0x12, 0x27, 0xF1, 0x3C, 0x06, 0x27, 0xF1, 0xC8, 0x0C, 0x28, 0xF1, 0x3C, 0x0C, 0x28
	.byte 0xF1, 0xC8, 0x0C, 0x21, 0xF1, 0x3C, 0x0C, 0x21, 0xF1, 0xC8, 0x12, 0x21, 0xF1, 0x3C, 0x06, 0x21
	.byte 0xF1, 0xC8, 0x12, 0x1E, 0xF1, 0x3C, 0x06, 0x1E, 0xF1, 0xC8, 0x0C, 0x20, 0xF1, 0x3C, 0x0C, 0x20
	.byte 0xF1, 0xC8, 0x0C, 0x21, 0xF1, 0x3C, 0x0C, 0x21, 0xF1, 0xC8, 0x12, 0x21, 0xF1, 0x3C, 0x06, 0x21
	.byte 0xF1, 0xC8, 0x12, 0x27, 0xF1, 0x3C, 0x06, 0x27, 0xF1, 0xC8, 0x0C, 0x28, 0xF1, 0x3C, 0x0C, 0x28
	.byte 0xF1, 0xC8, 0x0C, 0x21, 0xF1, 0x3C, 0x0C, 0x21, 0xF1, 0xC8, 0x12, 0x21, 0xF1, 0x3C, 0x06, 0x21
	.byte 0xF1, 0xC8, 0x24, 0x1F, 0xF1, 0x3C, 0x0C, 0x1F, 0xF1, 0xC8, 0x0C, 0x21, 0xF1, 0x3C, 0x0C, 0x21
	.byte 0xF1, 0xC8, 0x12, 0x21, 0xF1, 0x3C, 0x06, 0x21, 0xF1, 0xC8, 0x12, 0x27, 0xF1, 0x3C, 0x06, 0x27
	.byte 0xF1, 0xC8, 0x0C, 0x28, 0xF1, 0x3C, 0x0C, 0x28, 0xF1, 0xC8, 0x0C, 0x21, 0xF1, 0x3C, 0x0C, 0x21
	.byte 0xF1, 0xC8, 0x12, 0x21, 0xF1, 0x3C, 0x0C, 0x21, 0xF1, 0xC8, 0xF6, 0x2A, 0x0C, 0x1F, 0xF1, 0x3C
	.byte 0x0C, 0x1F, 0xF1, 0xC8, 0x12, 0x1F, 0xF1, 0x3C, 0x06, 0x1F, 0xF1, 0xC8, 0x12, 0x25, 0xF1, 0x3C
	.byte 0x06, 0x25, 0xF1, 0xC8, 0x0C, 0x26, 0xF1, 0x3C, 0x0C, 0x26, 0xF1, 0xC8, 0x0C, 0x1F, 0xF1, 0x3C
	.byte 0x0C, 0x1F, 0xF1, 0xC8, 0x12, 0x1F, 0xF1, 0x3C, 0x06, 0x1F, 0xF1, 0xC8, 0x24, 0x1D, 0xF1, 0x3C
	.byte 0x0C, 0x1D, 0xF1, 0xC8, 0x0C, 0x1F, 0xF6, 0x0C, 0x12, 0x1F, 0xF6, 0x06, 0x12, 0x25, 0xF6, 0x06
	.byte 0x0C, 0x26, 0xF1, 0x3C, 0x0C, 0x26, 0xF1, 0xC8, 0x0C, 0x1F, 0xF1, 0x3C, 0x0C, 0x1F, 0xF1, 0xC8
	.byte 0x12, 0x1F, 0xF1, 0x3C, 0x06, 0x1F, 0xF1, 0xC8, 0x12, 0x1C, 0xF1, 0x3C, 0x06, 0x1C, 0xF1, 0xC8
	.byte 0x0C, 0x1E, 0xF1, 0x3C, 0x0C, 0x1E, 0xF1, 0xC8, 0x0C, 0x1F, 0xF1, 0x3C, 0x0C, 0x1F, 0xF1, 0xC8
	.byte 0x12, 0x1F, 0xF1, 0x3C, 0x06, 0x1F, 0xF1, 0xC8, 0x12, 0x25, 0xF1, 0x3C, 0x06, 0x25, 0xF1, 0xC8
	.byte 0x0C, 0x26, 0xF1, 0x3C, 0x0C, 0x26, 0xF1, 0xC8, 0x0C, 0x1F, 0xF1, 0x3C, 0x0C, 0x1F, 0xF1, 0xC8
	.byte 0x12, 0x1F, 0xF1, 0x3C, 0x06, 0x1F, 0xF1, 0xC8, 0x24, 0x1D, 0xF1, 0x3C, 0x0C, 0x1D, 0xF1, 0xC8
	.byte 0x0C, 0x1F, 0xF1, 0x3C, 0x0C, 0x1F, 0xF1, 0xC8, 0x12, 0x1F, 0xF1, 0x3C, 0x06, 0x1F, 0xF1, 0xC8
	.byte 0x12, 0x25, 0xF1, 0x3C, 0x06, 0x25, 0xF1, 0xC8, 0x0C, 0x26, 0xF1, 0x3C, 0x0C, 0x26, 0xF1, 0xC8
	.byte 0x0C, 0x1F, 0xF1, 0x3C, 0x0C, 0x1F, 0xF1, 0xC8, 0x12, 0x1F, 0xF1, 0x3C, 0x0C, 0x1F, 0xF1, 0xC8
	.byte 0xF6, 0x2A, 0xF8, 0x3D, 0xFE, 0xFF, 0xF9, 0x9E, 0xF0, 0x07, 0xF1, 0xA0, 0x30, 0x24, 0x30, 0x24
	.byte 0x30, 0x24, 0x18, 0x24, 0x18, 0x24, 0x30, 0x24, 0x30, 0x24, 0x30, 0x24, 0x18, 0x24, 0x08, 0x24
	.byte 0x08, 0x24, 0x08, 0x24, 0x30, 0x24, 0x30, 0x24, 0x30, 0x24, 0x18, 0x24, 0x18, 0x24, 0x30, 0x24
	.byte 0x30, 0x24, 0x30, 0x24, 0xF6, 0x18, 0x08, 0x24, 0x08, 0x24, 0x08, 0x24, 0x30, 0x24, 0x30, 0x24
	.byte 0x30, 0x24, 0x18, 0x24, 0x18, 0x24, 0x30, 0x24, 0x30, 0x24, 0x30, 0x24, 0x18, 0x24, 0x08, 0x24
	.byte 0x08, 0x24, 0x08, 0x24, 0x30, 0x24, 0x30, 0x24, 0x30, 0x24, 0x18, 0x24, 0x18, 0x24, 0x30, 0x24
	.byte 0x30, 0x24, 0x30, 0x24, 0xF6, 0x24, 0x06, 0x24, 0x06, 0x24, 0xF8, 0x99, 0xFF, 0xFF, 0xF9, 0x9E
	.byte 0xF0, 0x07, 0xF2, 0x8C, 0xF1, 0x78, 0x18, 0x29, 0x0C, 0x29, 0x0C, 0x29, 0x18, 0x29, 0x0C, 0x29
	.byte 0x0C, 0x29, 0x18, 0x29, 0x0C, 0x29, 0x0C, 0x29, 0x06, 0x29, 0x06, 0x29, 0x0C, 0x29, 0x0C, 0x29
	.byte 0x0C, 0x29, 0x18, 0x29, 0x0C, 0x29, 0x0C, 0x29, 0x18, 0x29, 0x0C, 0x29, 0x0C, 0x29, 0x18, 0x29
	.byte 0x0C, 0x29, 0x0C, 0x29, 0x06, 0x29, 0x06, 0x29, 0x0C, 0x29, 0x0C, 0x29, 0x0C, 0x29, 0x18, 0x29
	.byte 0x0C, 0x29, 0x0C, 0x29, 0x18, 0x29, 0x0C, 0x29, 0x0C, 0x29, 0x18, 0x29, 0x0C, 0x29, 0x0C, 0x29
	.byte 0x06, 0x29, 0x06, 0x29, 0x0C, 0x29, 0x0C, 0x29, 0x0C, 0x29, 0x18, 0x29, 0x0C, 0x29, 0x0C, 0x29
	.byte 0x18, 0x29, 0x0C, 0x29, 0x0C, 0x29, 0x18, 0x29, 0x0C, 0x29, 0x0C, 0x29, 0xF6, 0x30, 0x18, 0x29
	.byte 0x0C, 0x29, 0x0C, 0x29, 0x18, 0x29, 0x0C, 0x29, 0x0C, 0x29, 0x18, 0x29, 0x0C, 0x29, 0x0C, 0x29
	.byte 0x06, 0x29, 0x06, 0x29, 0x0C, 0x29, 0x0C, 0x29, 0x0C, 0x29, 0x18, 0x29, 0x0C, 0x29, 0x0C, 0x29
	.byte 0x18, 0x29, 0x0C, 0x29, 0x0C, 0x29, 0x18, 0x29, 0x0C, 0x29, 0x0C, 0x29, 0x06, 0x29, 0x06, 0x29
	.byte 0x0C, 0x29, 0x0C, 0x29, 0x0C, 0x29, 0x18, 0x29, 0x0C, 0x29, 0x0C, 0x29, 0x18, 0x29, 0x0C, 0x29
	.byte 0x0C, 0x29, 0x18, 0x29, 0x0C, 0x29, 0x0C, 0x29, 0x06, 0x29, 0x06, 0x29, 0x0C, 0x29, 0x0C, 0x29
	.byte 0x0C, 0x29, 0x18, 0x29, 0x0C, 0x29, 0x0C, 0x29, 0x18, 0x29, 0x0C, 0x29, 0x0C, 0x29, 0x18, 0x29
	.byte 0x0C, 0x29, 0x0C, 0x29, 0xF6, 0x30, 0xF8, 0x25, 0xFF, 0xFF, 0xF9, 0x9E, 0xF0, 0x00, 0xF1, 0x82
	.byte 0x30, 0x32, 0xF6, 0x90, 0xF6, 0xC0, 0xF6, 0xC0, 0xF6, 0xC0, 0xF6, 0xC0, 0xF6, 0xC0, 0xF6, 0xC0
	.byte 0xF6, 0x90, 0xF1, 0x3C, 0x30, 0x30, 0xF8, 0xE1, 0xFF, 0xFF, 0xF9, 0x9E, 0xF6, 0x01, 0xF0, 0xC2
	.byte 0xF2, 0x50, 0xF1, 0x46, 0xF6, 0x18, 0x08, 0x39, 0xF1, 0x14, 0x04, 0x39, 0xF1, 0x46, 0x08, 0x39
	.byte 0xF1, 0x14, 0x04, 0x39, 0xF1, 0x46, 0xF6, 0x18, 0x08, 0x39, 0xF1, 0x14, 0x04, 0x39, 0xF1, 0x46
	.byte 0x08, 0x39, 0xF6, 0x1C, 0x08, 0x39, 0xF1, 0x14, 0x04, 0x39, 0xF1, 0x46, 0x08, 0x39, 0xF6, 0x1C
	.byte 0x08, 0x39, 0xF1, 0x14, 0x04, 0x39, 0xF1, 0x46, 0x00, 0xB9, 0x0C, 0x0C, 0x39, 0xF1, 0x14, 0x04
	.byte 0x39, 0xF1, 0x46, 0xF6, 0x08, 0x08, 0x39, 0xF1, 0x14, 0x04, 0x39, 0xF1, 0x46, 0x08, 0x39, 0xF1
	.byte 0x14, 0x04, 0x39, 0xF1, 0x46, 0xF6, 0x18, 0x08, 0x39, 0xF1, 0x14, 0x04, 0x39, 0xF1, 0x46, 0x08
	.byte 0x39, 0xF1, 0x14, 0x04, 0x39, 0xF1, 0x46, 0xF6, 0x18, 0x08, 0x39, 0xF1, 0x14, 0x04, 0x39, 0xF1
	.byte 0x46, 0x08, 0x39, 0xF1, 0x14, 0x04, 0x39, 0xF1, 0x46, 0xF6, 0x18, 0x08, 0x39, 0xF1, 0x14, 0x04
	.byte 0x39, 0xF1, 0x46, 0x00, 0xB9, 0x0C, 0x0C, 0x39, 0xF1, 0x14, 0x04, 0x39, 0xF1, 0x46, 0xF6, 0x08
	.byte 0x08, 0x39, 0xF1, 0x14, 0x04, 0x39, 0xF1, 0x46, 0x08, 0x39, 0xF1, 0x14, 0x04, 0x39, 0xF1, 0x46
	.byte 0xF6, 0x18, 0x08, 0x39, 0xF1, 0x14, 0x04, 0x39, 0xF1, 0x46, 0x08, 0x39, 0xF1, 0x14, 0x04, 0x39
	.byte 0xF1, 0x46, 0xF6, 0x18, 0x08, 0x39, 0xF1, 0x14, 0x04, 0x39, 0xF1, 0x46, 0x08, 0x39, 0xF1, 0x14
	.byte 0x04, 0x39, 0xF1, 0x46, 0xF6, 0x18, 0x08, 0x39, 0xF1, 0x14, 0x04, 0x39, 0xF1, 0x46, 0x00, 0xB9
	.byte 0x0C, 0x0C, 0x39, 0xF1, 0x14, 0x04, 0x39, 0xF1, 0x46, 0xF6, 0x08, 0x08, 0x39, 0xF1, 0x14, 0x04
	.byte 0x39, 0xF1, 0x46, 0x08, 0x39, 0xF1, 0x14, 0x04, 0x39, 0xF1, 0x46, 0xF6, 0x18, 0x08, 0x39, 0xF1
	.byte 0x14, 0x04, 0x39, 0xF1, 0x46, 0x08, 0x39, 0xF1, 0x14, 0x04, 0x39, 0xF1, 0x46, 0xF6, 0x18, 0x08
	.byte 0x39, 0xF1, 0x14, 0x04, 0x39, 0xF1, 0x46, 0x08, 0x39, 0xF1, 0x14, 0x04, 0x39, 0xF1, 0x46, 0xF6
	.byte 0x30, 0xF6, 0x18, 0x08, 0x37, 0xF1, 0x14, 0x04, 0x37, 0xF1, 0x46, 0x08, 0x37, 0xF1, 0x14, 0x04
	.byte 0x37, 0xF1, 0x46, 0xF6, 0x18, 0x08, 0x37, 0xF1, 0x14, 0x04, 0x37, 0xF1, 0x46, 0x08, 0x37, 0xF6
	.byte 0x1C, 0x08, 0x37, 0xF1, 0x14, 0x04, 0x37, 0xF1, 0x46, 0x08, 0x37, 0xF1, 0x14, 0x04, 0x37, 0xF1
	.byte 0x46, 0xF6, 0x18, 0x08, 0x37, 0xF1, 0x14, 0x04, 0x37, 0xF1, 0x46, 0x00, 0xB7, 0x0C, 0x0C, 0x37
	.byte 0xF1, 0x14, 0x04, 0x37, 0xF1, 0x46, 0xF6, 0x08, 0x08, 0x37, 0xF1, 0x14, 0x04, 0x37, 0xF1, 0x46
	.byte 0x08, 0x37, 0xF1, 0x14, 0x04, 0x37, 0xF1, 0x46, 0xF6, 0x18, 0x08, 0x37, 0xF1, 0x14, 0x04, 0x37
	.byte 0xF1, 0x46, 0x08, 0x37, 0xF1, 0x14, 0x04, 0x37, 0xF1, 0x46, 0xF6, 0x18, 0x08, 0x37, 0xF1, 0x14
	.byte 0x04, 0x37, 0xF1, 0x46, 0x08, 0x37, 0xF1, 0x14, 0x04, 0x37, 0xF1, 0x46, 0xF6, 0x18, 0x08, 0x37
	.byte 0xF1, 0x14, 0x04, 0x37, 0xF1, 0x46, 0x00, 0xB7, 0x0C, 0x0C, 0x37, 0xF1, 0x14, 0x04, 0x37, 0xF1
	.byte 0x46, 0xF6, 0x08, 0x08, 0x37, 0xF1, 0x14, 0x04, 0x37, 0xF1, 0x46, 0x08, 0x37, 0xF1, 0x14, 0x04
	.byte 0x37, 0xF1, 0x46, 0xF6, 0x18, 0x08, 0x37, 0xF1, 0x14, 0x04, 0x37, 0xF1, 0x46, 0x08, 0x37, 0xF1
	.byte 0x14, 0x04, 0x37, 0xF1, 0x46, 0xF6, 0x18, 0x08, 0x37, 0xF1, 0x14, 0x04, 0x37, 0xF1, 0x46, 0x08
	.byte 0x37, 0xF1, 0x14, 0x04, 0x37, 0xF1, 0x46, 0xF6, 0x18, 0x08, 0x37, 0xF1, 0x14, 0x04, 0x37, 0xF1
	.byte 0x46, 0x00, 0xB7, 0x0C, 0x0C, 0x37, 0xF1, 0x14, 0x04, 0x37, 0xF1, 0x46, 0xF6, 0x08, 0x08, 0x37
	.byte 0xF1, 0x14, 0x04, 0x37, 0xF1, 0x46, 0x08, 0x37, 0xF1, 0x14, 0x04, 0x37, 0xF1, 0x46, 0xF6, 0x18
	.byte 0x08, 0x37, 0xF1, 0x14, 0x04, 0x37, 0xF1, 0x46, 0x08, 0x37, 0xF1, 0x14, 0x04, 0x37, 0xF1, 0x46
	.byte 0xF6, 0x18, 0x08, 0x37, 0xF1, 0x14, 0x04, 0x37, 0xF1, 0x46, 0x08, 0x37, 0xF1, 0x14, 0x04, 0x37
	.byte 0xF1, 0x46, 0xF6, 0x2F, 0xF8, 0xD3, 0xFD, 0xFF, 0xF9, 0x9E, 0xF6, 0x01, 0xF0, 0xC2, 0xF2, 0xB4
	.byte 0xF1, 0x46, 0xF6, 0x18, 0x08, 0x34, 0xF1, 0x14, 0x04, 0x34, 0xF1, 0x46, 0x08, 0x34, 0xF1, 0x14
	.byte 0x04, 0x34, 0xF1, 0x46, 0xF6, 0x18, 0x08, 0x34, 0xF1, 0x14, 0x04, 0x34, 0xF1, 0x46, 0x08, 0x34
	.byte 0xF1, 0x14, 0x04, 0x34, 0xF1, 0x46, 0xF6, 0x18, 0x08, 0x34, 0xF1, 0x14, 0x04, 0x34, 0xF1, 0x46
	.byte 0x08, 0x34, 0xF1, 0x14, 0x04, 0x34, 0xF1, 0x46, 0xF6, 0x18, 0x08, 0x34, 0xF1, 0x14, 0x04, 0x34
	.byte 0xF1, 0x46, 0x00, 0xB4, 0x0C, 0x0C, 0x34, 0xF1, 0x14, 0x04, 0x34, 0xF1, 0x46, 0xF6, 0x08, 0x08
	.byte 0x34, 0xF1, 0x14, 0x04, 0x34, 0xF1, 0x46, 0x08, 0x34, 0xF1, 0x14, 0x04, 0x34, 0xF1, 0x46, 0xF6
	.byte 0x18, 0x08, 0x34, 0xF1, 0x14, 0x04, 0x34, 0xF1, 0x46, 0x08, 0x34, 0xF1, 0x14, 0x04, 0x34, 0xF1
	.byte 0x46, 0xF6, 0x18, 0x08, 0x34, 0xF1, 0x14, 0x04, 0x34, 0xF1, 0x46, 0x08, 0x34, 0xF1, 0x14, 0x04
	.byte 0x34, 0xF1, 0x46, 0xF6, 0x18, 0x08, 0x34, 0xF1, 0x14, 0x04, 0x34, 0xF1, 0x46, 0x00, 0xB4, 0x0C
	.byte 0x0C, 0x34, 0xF1, 0x14, 0x04, 0x34, 0xF1, 0x46, 0xF6, 0x08, 0x08, 0x34, 0xF1, 0x14, 0x04, 0x34
	.byte 0xF1, 0x46, 0x08, 0x34, 0xF1, 0x14, 0x04, 0x34, 0xF1, 0x46, 0xF6, 0x18, 0x08, 0x34, 0xF1, 0x14
	.byte 0x04, 0x34, 0xF1, 0x46, 0x08, 0x34, 0xF1, 0x14, 0x04, 0x34, 0xF1, 0x46, 0xF6, 0x18, 0x08, 0x34
	.byte 0xF1, 0x14, 0x04, 0x34, 0xF1, 0x46, 0x08, 0x34, 0xF1, 0x14, 0x04, 0x34, 0xF1, 0x46, 0xF6, 0x18
	.byte 0x08, 0x34, 0xF1, 0x14, 0x04, 0x34, 0xF1, 0x46, 0x00, 0xB4, 0x0C, 0x0C, 0x34, 0xF1, 0x14, 0x04
	.byte 0x34, 0xF1, 0x46, 0xF6, 0x08, 0x08, 0x34, 0xF1, 0x14, 0x04, 0x34, 0xF1, 0x46, 0x08, 0x34, 0xF1
	.byte 0x14, 0x04, 0x34, 0xF1, 0x46, 0xF6, 0x18, 0x08, 0x34, 0xF1, 0x14, 0x04, 0x34, 0xF1, 0x46, 0x08
	.byte 0x34, 0xF1, 0x14, 0x04, 0x34, 0xF1, 0x46, 0xF6, 0x18, 0x08, 0x34, 0xF1, 0x14, 0x04, 0x34, 0xF1
	.byte 0x46, 0x08, 0x34, 0xF1, 0x14, 0x04, 0x34, 0xF1, 0x46, 0xF6, 0x30, 0xF6, 0x18, 0x08, 0x32, 0xF1
	.byte 0x14, 0x04, 0x32, 0xF1, 0x46, 0x08, 0x32, 0xF1, 0x14, 0x04, 0x32, 0xF1, 0x46, 0xF6, 0x18, 0x08
	.byte 0x32, 0xF1, 0x14, 0x04, 0x32, 0xF1, 0x46, 0x08, 0x32, 0xF1, 0x14, 0x04, 0x32, 0xF1, 0x46, 0xF6
	.byte 0x18, 0x08, 0x32, 0xF1, 0x14, 0x04, 0x32, 0xF1, 0x46, 0x08, 0x32, 0xF1, 0x14, 0x04, 0x32, 0xF1
	.byte 0x46, 0xF6, 0x18, 0x08, 0x32, 0xF1, 0x14, 0x04, 0x32, 0xF1, 0x46, 0x00, 0xB2, 0x0C, 0x0C, 0x32
	.byte 0xF1, 0x14, 0x04, 0x32, 0xF1, 0x46, 0xF6, 0x08, 0x08, 0x32, 0xF1, 0x14, 0x04, 0x32, 0xF1, 0x46
	.byte 0x08, 0x32, 0xF1, 0x14, 0x04, 0x32, 0xF1, 0x46, 0xF6, 0x18, 0x08, 0x32, 0xF1, 0x14, 0x04, 0x32
	.byte 0xF1, 0x46, 0x08, 0x32, 0xF1, 0x14, 0x04, 0x32, 0xF1, 0x46, 0xF6, 0x18, 0x08, 0x32, 0xF1, 0x14
	.byte 0x04, 0x32, 0xF1, 0x46, 0x08, 0x32, 0xF1, 0x14, 0x04, 0x32, 0xF1, 0x46, 0xF6, 0x18, 0x08, 0x32
	.byte 0xF1, 0x14, 0x04, 0x32, 0xF1, 0x46, 0x00, 0xB2, 0x0C, 0x0C, 0x32, 0xF1, 0x14, 0x04, 0x32, 0xF1
	.byte 0x46, 0xF6, 0x08, 0x08, 0x32, 0xF1, 0x14, 0x04, 0x32, 0xF1, 0x46, 0x08, 0x32, 0xF1, 0x14, 0x04
	.byte 0x32, 0xF1, 0x46, 0xF6, 0x18, 0x08, 0x32, 0xF1, 0x14, 0x04, 0x32, 0xF1, 0x46, 0x08, 0x32, 0xF1
	.byte 0x14, 0x04, 0x32, 0xF1, 0x46, 0xF6, 0x18, 0x08, 0x32, 0xF1, 0x14, 0x04, 0x32, 0xF1, 0x46, 0x08
	.byte 0x32, 0xF1, 0x14, 0x04, 0x32, 0xF1, 0x46, 0xF6, 0x18, 0x08, 0x32, 0xF1, 0x14, 0x04, 0x32, 0xF1
	.byte 0x46, 0x00, 0xB2, 0x0C, 0x0C, 0x32, 0xF1, 0x14, 0x04, 0x32, 0xF1, 0x46, 0xF6, 0x08, 0x08, 0x32
	.byte 0xF1, 0x14, 0x04, 0x32, 0xF1, 0x46, 0x08, 0x32, 0xF1, 0x14, 0x04, 0x32, 0xF1, 0x46, 0xF6, 0x18
	.byte 0x08, 0x32, 0xF1, 0x14, 0x04, 0x32, 0xF1, 0x46, 0x08, 0x32, 0xF1, 0x14, 0x04, 0x32, 0xF1, 0x46
	.byte 0xF6, 0x18, 0x08, 0x32, 0xF1, 0x14, 0x04, 0x32, 0xF1, 0x46, 0x08, 0x32, 0xF1, 0x14, 0x04, 0x32
	.byte 0xF1, 0x46, 0xF6, 0x2F, 0xF8, 0xC1, 0xFD, 0xFF, 0xFC, 0x03, 0x12, 0x00, 0x47, 0x00, 0xAD, 0x00
	.byte 0x13, 0x01, 0x9D, 0x02, 0x7B, 0x03, 0x29, 0x04, 0x47, 0x04, 0xF9, 0x4C, 0xF0, 0x17, 0xF1, 0xFF
	.byte 0x00, 0xBC, 0x40, 0xF1, 0x78, 0x08, 0x3C, 0xF1, 0xFF, 0x18, 0x3D, 0x00, 0xBA, 0xC0, 0x00, 0xBA
	.byte 0x54, 0xF1, 0x78, 0x0C, 0x3A, 0xF1, 0xFF, 0x48, 0x39, 0x18, 0x3A, 0x00, 0xB6, 0xC0, 0x00, 0xB6
	.byte 0x54, 0xF1, 0x78, 0x0C, 0x36, 0xF1, 0xFF, 0x48, 0x3C, 0x18, 0x3D, 0xF8, 0xDD, 0xFF, 0xFF, 0xF9
	.byte 0x4C, 0xF6, 0x60, 0xF6, 0x31, 0xF0, 0x1D, 0xF2, 0x64, 0xF1, 0x78, 0x08, 0x41, 0xF1, 0x3C, 0x08
	.byte 0x41, 0xF1, 0x78, 0xF6, 0x08, 0x08, 0x40, 0xF1, 0x3C, 0x08, 0x40, 0xF1, 0x78, 0xF6, 0x38, 0x08
	.byte 0x41, 0xF1, 0x3C, 0x08, 0x41, 0xF1, 0x78, 0xF6, 0x08, 0x08, 0x44, 0xF1, 0x3C, 0x08, 0x44, 0xF1
	.byte 0x78, 0xF6, 0x08, 0xF6, 0xC0, 0xF6, 0x30, 0x08, 0x41, 0xF1, 0x3C, 0x08, 0x41, 0xF1, 0x78, 0xF6
	.byte 0x08, 0x08, 0x40, 0xF1, 0x3C, 0x08, 0x40, 0xF1, 0x78, 0xF6, 0x38, 0x08, 0x41, 0xF1, 0x3C, 0x08
	.byte 0x41, 0xF1, 0x78, 0xF6, 0x08, 0x08, 0x44, 0xF1, 0x3C, 0x08, 0x44, 0xF1, 0x78, 0xF6, 0x08, 0xF6
	.byte 0xBF, 0xF8, 0x9F, 0xFF, 0xFF, 0xF9, 0x4C, 0xF6, 0x60, 0xF6, 0x30, 0xF0, 0x1D, 0xF2, 0x96, 0xF1
	.byte 0x78, 0x08, 0x3D, 0xF1, 0x3C, 0x08, 0x3D, 0xF1, 0x78, 0xF6, 0x08, 0x08, 0x3C, 0xF1, 0x3C, 0x08
	.byte 0x3C, 0xF1, 0x78, 0xF6, 0x38, 0x08, 0x3D, 0xF1, 0x3C, 0x08, 0x3D, 0xF1, 0x78, 0xF6, 0x08, 0x08
	.byte 0x41, 0xF1, 0x3C, 0x08, 0x41, 0xF1, 0x78, 0xF6, 0x08, 0xF6, 0xC0, 0xF6, 0x30, 0x08, 0x3D, 0xF1
	.byte 0x3C, 0x08, 0x3D, 0xF1, 0x78, 0xF6, 0x08, 0x08, 0x3C, 0xF1, 0x3C, 0x08, 0x3C, 0xF1, 0x78, 0xF6
	.byte 0x38, 0x08, 0x3D, 0xF1, 0x3C, 0x08, 0x3D, 0xF1, 0x78, 0xF6, 0x08, 0x08, 0x41, 0xF1, 0x3C, 0x08
	.byte 0x41, 0xF1, 0x78, 0xF6, 0x08, 0xF6, 0xC0, 0xF8, 0x9F, 0xFF, 0xFF, 0xF9, 0x4C, 0xF6, 0x60, 0xF0
	.byte 0x10, 0xF6, 0x30, 0xF1, 0x28, 0x03, 0x3A, 0x03, 0x3A, 0x03, 0x3A, 0x03, 0x3A, 0x03, 0x3A, 0x03
	.byte 0x3A, 0x03, 0x3A, 0x03, 0x3A, 0xF1, 0x32, 0x03, 0x3A, 0x03, 0x3A, 0x03, 0x3A, 0x03, 0x3A, 0xF1
	.byte 0x3C, 0x03, 0x3A, 0x03, 0x3A, 0x03, 0x3A, 0x03, 0x3A, 0xF1, 0x46, 0x03, 0x3A, 0x03, 0x3A, 0x03
	.byte 0x3A, 0x03, 0x3A, 0xF1, 0x50, 0x03, 0x3A, 0x03, 0x3A, 0x03, 0x3A, 0x03, 0x3A, 0xF1, 0x5A, 0x03
	.byte 0x3A, 0x03, 0x3A, 0x03, 0x3A, 0x03, 0x3A, 0xF1, 0x64, 0x03, 0x3A, 0x03, 0x3A, 0x03, 0x3A, 0x03
	.byte 0x3A, 0xF1, 0x6E, 0x03, 0x3A, 0x03, 0x3A, 0x03, 0x3A, 0x03, 0x3A, 0xF1, 0x78, 0x03, 0x3A, 0x03
	.byte 0x3A, 0x03, 0x3A, 0x03, 0x3A, 0xF1, 0x82, 0x03, 0x3A, 0x03, 0x3A, 0x03, 0x3A, 0x03, 0x3A, 0xF1
	.byte 0x8C, 0x03, 0x3A, 0x03, 0x3A, 0x03, 0x3A, 0x03, 0x3A, 0x03, 0x3A, 0x03, 0x3A, 0x03, 0x3A, 0x03
	.byte 0x3A, 0xF1, 0x82, 0x03, 0x3A, 0x03, 0x3A, 0x03, 0x3A, 0x03, 0x3A, 0xF1, 0x78, 0x03, 0x3A, 0x03
	.byte 0x3A, 0x03, 0x3A, 0x03, 0x3A, 0xF1, 0x64, 0x03, 0x3A, 0x03, 0x3A, 0x03, 0x3A, 0x03, 0x3A, 0xF1
	.byte 0x50, 0x03, 0x3A, 0x03, 0x3A, 0x03, 0x3A, 0x03, 0x3A, 0xF1, 0x3C, 0x03, 0x3A, 0x03, 0x3A, 0x03
	.byte 0x3A, 0x03, 0x3A, 0xF1, 0x28, 0x03, 0x3A, 0x03, 0x3A, 0x03, 0x3A, 0x03, 0x3A, 0x0C, 0x3A, 0xF6
	.byte 0x60, 0xF6, 0x30, 0xF1, 0x28, 0x03, 0x36, 0x03, 0x36, 0x03, 0x36, 0x03, 0x36, 0x03, 0x36, 0x03
	.byte 0x36, 0x03, 0x36, 0x03, 0x36, 0xF1, 0x32, 0x03, 0x36, 0x03, 0x36, 0x03, 0x36, 0x03, 0x36, 0xF1
	.byte 0x3C, 0x03, 0x36, 0x03, 0x36, 0x03, 0x36, 0x03, 0x36, 0xF1, 0x46, 0x03, 0x36, 0x03, 0x36, 0x03
	.byte 0x36, 0x03, 0x36, 0xF1, 0x50, 0x03, 0x36, 0x03, 0x36, 0x03, 0x36, 0x03, 0x36, 0xF1, 0x5A, 0x03
	.byte 0x36, 0x03, 0x36, 0x03, 0x36, 0x03, 0x36, 0xF1, 0x64, 0x03, 0x36, 0x03, 0x36, 0x03, 0x36, 0x03
	.byte 0x36, 0xF1, 0x6E, 0x03, 0x36, 0x03, 0x36, 0x03, 0x36, 0x03, 0x36, 0xF1, 0x78, 0x03, 0x36, 0x03
	.byte 0x36, 0x03, 0x36, 0x03, 0x36, 0xF1, 0x82, 0x03, 0x36, 0x03, 0x36, 0x03, 0x36, 0x03, 0x36, 0xF1
	.byte 0x8C, 0x03, 0x36, 0x03, 0x36, 0x03, 0x36, 0x03, 0x36, 0x03, 0x36, 0x03, 0x36, 0x03, 0x36, 0x03
	.byte 0x36, 0xF1, 0x82, 0x03, 0x36, 0x03, 0x36, 0x03, 0x36, 0x03, 0x36, 0xF1, 0x78, 0x03, 0x36, 0x03
	.byte 0x36, 0x03, 0x36, 0x03, 0x36, 0xF1, 0x64, 0x03, 0x36, 0x03, 0x36, 0x03, 0x36, 0x03, 0x36, 0xF1
	.byte 0x50, 0x03, 0x36, 0x03, 0x36, 0x03, 0x36, 0x03, 0x36, 0xF1, 0x3C, 0x03, 0x36, 0x03, 0x36, 0x03
	.byte 0x36, 0x03, 0x36, 0xF1, 0x28, 0x03, 0x36, 0x03, 0x36, 0x03, 0x36, 0x03, 0x36, 0x0C, 0x36, 0xF6
	.byte 0x60, 0xF8, 0x7B, 0xFE, 0xFF, 0xF9, 0x4C, 0xF6, 0x60, 0xF0, 0x00, 0xF2, 0x64, 0xF1, 0x3C, 0x0C
	.byte 0x2C, 0xF1, 0x1E, 0x0C, 0x2C, 0xF1, 0x3C, 0x0C, 0x2C, 0xF1, 0x1E, 0x0C, 0x2C, 0xF1, 0x3C, 0x18
	.byte 0x2C, 0x0C, 0x2C, 0xF1, 0x1E, 0x0C, 0x2C, 0xF1, 0x3C, 0x18, 0x2C, 0x0C, 0x2C, 0xF1, 0x1E, 0x0C
	.byte 0x2C, 0xF1, 0x3C, 0x0C, 0x2C, 0xF1, 0x1E, 0x0C, 0x2C, 0xF1, 0x3C, 0x0C, 0x2C, 0xF1, 0x1E, 0x0C
	.byte 0x2C, 0xF1, 0x3C, 0x0C, 0x2C, 0xF1, 0x1E, 0x0C, 0x2C, 0xF1, 0x3C, 0x0C, 0x2C, 0xF1, 0x1E, 0x0C
	.byte 0x2C, 0xF1, 0x3C, 0x18, 0x2C, 0x0C, 0x2C, 0xF1, 0x1E, 0x0C, 0x2C, 0xF1, 0x3C, 0x18, 0x2C, 0x0C
	.byte 0x2C, 0xF1, 0x1E, 0x0C, 0x2C, 0xF1, 0x3C, 0x0C, 0x2C, 0xF1, 0x1E, 0x0C, 0x2C, 0xF1, 0x3C, 0x0C
	.byte 0x2C, 0xF1, 0x1E, 0x0C, 0x2C, 0xF1, 0x3C, 0x0C, 0x2C, 0xF1, 0x1E, 0x0C, 0x2C, 0xF1, 0x3C, 0x0C
	.byte 0x2C, 0xF1, 0x1E, 0x0C, 0x2C, 0xF1, 0x3C, 0x18, 0x2C, 0x0C, 0x2C, 0xF1, 0x1E, 0x0C, 0x2C, 0xF1
	.byte 0x3C, 0x18, 0x2C, 0x0C, 0x2C, 0xF1, 0x1E, 0x0C, 0x2C, 0xF1, 0x3C, 0x0C, 0x2C, 0xF1, 0x1E, 0x0C
	.byte 0x2C, 0xF1, 0x3C, 0x0C, 0x2C, 0xF1, 0x1E, 0x0C, 0x2C, 0xF1, 0x3C, 0x0C, 0x2C, 0xF1, 0x1E, 0x0C
	.byte 0x2C, 0xF1, 0x3C, 0x0C, 0x2C, 0xF1, 0x1E, 0x0C, 0x2C, 0xF1, 0x3C, 0x18, 0x2C, 0x0C, 0x2C, 0xF1
	.byte 0x1E, 0x0C, 0x2C, 0xF1, 0x3C, 0x18, 0x2C, 0x0C, 0x2C, 0xF1, 0x1E, 0x0C, 0x2C, 0xF1, 0x3C, 0x0C
	.byte 0x2C, 0xF1, 0x1E, 0x0C, 0x2C, 0xF1, 0x3C, 0x0C, 0x2C, 0xF1, 0x1E, 0x0C, 0x2C, 0xF1, 0x3C, 0xF8
	.byte 0x27, 0xFF, 0xFF, 0xF9, 0x4C, 0xF6, 0x60, 0xF0, 0x00, 0xF2, 0x96, 0xF1, 0x50, 0x0C, 0x35, 0xF1
	.byte 0x14, 0x0C, 0x35, 0xF1, 0x50, 0xF6, 0x18, 0x0C, 0x35, 0xF1, 0x14, 0x0C, 0x35, 0xF1, 0x50, 0xF6
	.byte 0x18, 0x0C, 0x35, 0xF1, 0x14, 0x0C, 0x35, 0xF1, 0x50, 0xF6, 0x18, 0x0C, 0x35, 0xF1, 0x14, 0x0C
	.byte 0x35, 0xF1, 0x50, 0xF6, 0x18, 0x0C, 0x35, 0xF1, 0x14, 0x0C, 0x35, 0xF1, 0x50, 0xF6, 0x18, 0x0C
	.byte 0x35, 0xF1, 0x14, 0x0C, 0x35, 0xF1, 0x50, 0xF6, 0x18, 0x0C, 0x35, 0xF1, 0x14, 0x0C, 0x35, 0xF1
	.byte 0x50, 0xF6, 0x18, 0x0C, 0x35, 0xF1, 0x14, 0x0C, 0x35, 0xF1, 0x50, 0xF6, 0x18, 0x0C, 0x35, 0xF1
	.byte 0x14, 0x0C, 0x35, 0xF1, 0x50, 0xF6, 0x18, 0x0C, 0x35, 0xF1, 0x14, 0x0C, 0x35, 0xF1, 0x50, 0xF6
	.byte 0x18, 0x0C, 0x35, 0xF1, 0x14, 0x0C, 0x35, 0xF1, 0x50, 0xF6, 0x18, 0x0C, 0x35, 0xF1, 0x14, 0x0C
	.byte 0x35, 0xF1, 0x50, 0xF6, 0x18, 0x0C, 0x35, 0xF1, 0x14, 0x0C, 0x35, 0xF1, 0x50, 0xF6, 0x18, 0x0C
	.byte 0x35, 0xF1, 0x14, 0x0C, 0x35, 0xF1, 0x50, 0xF6, 0x18, 0x0C, 0x35, 0xF1, 0x14, 0x0C, 0x35, 0xF1
	.byte 0x50, 0xF6, 0x18, 0x0C, 0x35, 0xF1, 0x14, 0x0C, 0x35, 0xF1, 0x50, 0xF6, 0x18, 0xF8, 0x57, 0xFF
	.byte 0xFF, 0xF9, 0x4C, 0xF6, 0x60, 0xF6, 0x30, 0xF0, 0xC6, 0xF1, 0x28, 0x00, 0xA2, 0x90, 0x54, 0x22
	.byte 0xF6, 0x6C, 0xF6, 0x30, 0x00, 0x9E, 0x90, 0x54, 0x1E, 0xF6, 0x6C, 0xF8, 0xE7, 0xFF, 0xFF, 0xF9
	.byte 0x4C, 0xF0, 0xC7, 0xF1, 0x28, 0x48, 0x30, 0x18, 0x31, 0x00, 0xAE, 0xC0, 0x54, 0x2E, 0xF1, 0x14
	.byte 0x0C, 0x2E, 0xF1, 0x28, 0x48, 0x2D, 0x18, 0x2E, 0x00, 0xAA, 0xC0, 0x54, 0x2A, 0xF1, 0x14, 0x0C
	.byte 0x2A, 0xF1, 0x28, 0x48, 0x30, 0x18, 0x31, 0xF8, 0xDF, 0xFF, 0xFF, 0x00, 0xFC, 0x03, 0x12, 0x00
	.byte 0x9E, 0x04, 0xCA, 0x05, 0x8C, 0x06, 0xAC, 0x08, 0x5D, 0x09, 0x4E, 0x07, 0xFD, 0x07, 0xF9, 0x56
	.byte 0xF0, 0x01, 0xF2, 0x64, 0xF1, 0xB4, 0x00, 0xA4, 0x0A, 0xF1, 0x3C, 0x02, 0x24, 0xF1, 0xB4, 0x00
	.byte 0xA5, 0x08, 0xF1, 0x3C, 0x04, 0x25, 0xF1, 0xB4, 0x00, 0xA6, 0x08, 0xF1, 0x3C, 0x04, 0x26, 0xF1
	.byte 0xB4, 0x00, 0xA7, 0x08, 0xF1, 0x3C, 0x04, 0x27, 0xF1, 0xB4, 0x00, 0xA4, 0x0A, 0xF1, 0x3C, 0x02
	.byte 0x24, 0xF1, 0xB4, 0x00, 0xA5, 0x08, 0xF1, 0x3C, 0x04, 0x25, 0xF1, 0xB4, 0x00, 0xA6, 0x08, 0xF1
	.byte 0x3C, 0x04, 0x26, 0xF1, 0xB4, 0x00, 0xA7, 0x08, 0xF1, 0x3C, 0x04, 0x27, 0xF1, 0xB4, 0x00, 0xA4
	.byte 0x0A, 0xF1, 0x3C, 0x02, 0x24, 0xF1, 0xB4, 0x00, 0xA5, 0x08, 0xF1, 0x3C, 0x04, 0x25, 0xF1, 0xB4
	.byte 0x00, 0xA6, 0x08, 0xF1, 0x3C, 0x04, 0x26, 0xF1, 0xB4, 0x00, 0xA7, 0x08, 0xF1, 0x3C, 0x04, 0x27
	.byte 0xF1, 0xB4, 0x00, 0xA4, 0x0A, 0xF1, 0x3C, 0x02, 0x24, 0xF1, 0xB4, 0x00, 0xA5, 0x08, 0xF1, 0x3C
	.byte 0x04, 0x25, 0xF1, 0xB4, 0x00, 0xA6, 0x08, 0xF1, 0x3C, 0x04, 0x26, 0xF1, 0xB4, 0x00, 0xA7, 0x08
	.byte 0xF1, 0x3C, 0x04, 0x27, 0xF1, 0xB4, 0xF1, 0xB4, 0x00, 0xA4, 0x0A, 0xF1, 0x3C, 0x02, 0x24, 0xF1
	.byte 0xB4, 0x00, 0xA5, 0x08, 0xF1, 0x3C, 0x04, 0x25, 0xF1, 0xB4, 0x00, 0xA6, 0x08, 0xF1, 0x3C, 0x04
	.byte 0x26, 0xF1, 0xB4, 0x00, 0xA7, 0x08, 0xF1, 0x3C, 0x04, 0x27, 0xF1, 0xB4, 0x00, 0xA4, 0x0A, 0xF1
	.byte 0x3C, 0x02, 0x24, 0xF1, 0xB4, 0x00, 0xA5, 0x08, 0xF1, 0x3C, 0x04, 0x25, 0xF1, 0xB4, 0x00, 0xA6
	.byte 0x08, 0xF1, 0x3C, 0x04, 0x26, 0xF1, 0xB4, 0x00, 0xA7, 0x08, 0xF1, 0x3C, 0x04, 0x27, 0xF1, 0xB4
	.byte 0x00, 0xA4, 0x0A, 0xF1, 0x3C, 0x02, 0x24, 0xF1, 0xB4, 0x00, 0xA5, 0x08, 0xF1, 0x3C, 0x04, 0x25
	.byte 0xF1, 0xB4, 0x00, 0xA6, 0x08, 0xF1, 0x3C, 0x04, 0x26, 0xF1, 0xB4, 0x00, 0xA7, 0x08, 0xF1, 0x3C
	.byte 0x04, 0x27, 0xF1, 0xB4, 0x00, 0xA4, 0x0A, 0xF1, 0x3C, 0x02, 0x24, 0xF1, 0xB4, 0x00, 0xA5, 0x08
	.byte 0xF1, 0x3C, 0x04, 0x25, 0xF1, 0xB4, 0x00, 0xA6, 0x08, 0xF1, 0x3C, 0x04, 0x26, 0xF1, 0xB4, 0x00
	.byte 0xA7, 0x08, 0xF1, 0x3C, 0x04, 0x27, 0xF1, 0xB4, 0x00, 0xA4, 0x0A, 0xF1, 0x3C, 0x02, 0x24, 0xF1
	.byte 0xB4, 0x00, 0xA5, 0x08, 0xF1, 0x3C, 0x04, 0x25, 0xF1, 0xB4, 0x00, 0xA6, 0x08, 0xF1, 0x3C, 0x04
	.byte 0x26, 0xF1, 0xB4, 0x00, 0xA7, 0x08, 0xF1, 0x3C, 0x04, 0x27, 0xF1, 0xB4, 0x00, 0xA4, 0x0A, 0xF1
	.byte 0x3C, 0x02, 0x24, 0xF1, 0xB4, 0x00, 0xA5, 0x08, 0xF1, 0x3C, 0x04, 0x25, 0xF1, 0xB4, 0x00, 0xA6
	.byte 0x08, 0xF1, 0x3C, 0x04, 0x26, 0xF1, 0xB4, 0x00, 0xA7, 0x08, 0xF1, 0x3C, 0x04, 0x27, 0xF1, 0xB4
	.byte 0x00, 0xA4, 0x0A, 0xF1, 0x3C, 0x02, 0x24, 0xF1, 0xB4, 0x00, 0xA5, 0x08, 0xF1, 0x3C, 0x04, 0x25
	.byte 0xF1, 0xB4, 0x00, 0xA6, 0x08, 0xF1, 0x3C, 0x04, 0x26, 0xF1, 0xB4, 0x00, 0xA7, 0x08, 0xF1, 0x3C
	.byte 0x04, 0x27, 0xF1, 0xB4, 0x00, 0xA4, 0x0A, 0xF1, 0x3C, 0x02, 0x24, 0xF1, 0xB4, 0x00, 0xA5, 0x08
	.byte 0xF1, 0x3C, 0x04, 0x25, 0xF1, 0xB4, 0x00, 0xA6, 0x08, 0xF1, 0x3C, 0x04, 0x26, 0xF1, 0xB4, 0x00
	.byte 0xA7, 0x08, 0xF1, 0x3C, 0x04, 0x27, 0xF1, 0xB4, 0x00, 0xA4, 0x0A, 0xF1, 0x3C, 0x02, 0x24, 0xF1
	.byte 0xB4, 0x00, 0xA5, 0x08, 0xF1, 0x3C, 0x04, 0x25, 0xF1, 0xB4, 0x00, 0xA6, 0x08, 0xF1, 0x3C, 0x04
	.byte 0x26, 0xF1, 0xB4, 0x00, 0xA7, 0x08, 0xF1, 0x3C, 0x04, 0x27, 0xF1, 0xB4, 0x00, 0xA4, 0x0A, 0xF1
	.byte 0x3C, 0x02, 0x24, 0xF1, 0xB4, 0x00, 0xA5, 0x08, 0xF1, 0x3C, 0x04, 0x25, 0xF1, 0xB4, 0x00, 0xA6
	.byte 0x08, 0xF1, 0x3C, 0x04, 0x26, 0xF1, 0xB4, 0x00, 0xA7, 0x08, 0xF1, 0x3C, 0x04, 0x27, 0xF1, 0xB4
	.byte 0x00, 0xA4, 0x0A, 0xF1, 0x3C, 0x02, 0x24, 0xF1, 0xB4, 0x00, 0xA5, 0x08, 0xF1, 0x3C, 0x04, 0x25
	.byte 0xF1, 0xB4, 0x00, 0xA6, 0x08, 0xF1, 0x3C, 0x04, 0x26, 0xF1, 0xB4, 0x00, 0xA7, 0x08, 0xF1, 0x3C
	.byte 0x04, 0x27, 0xF1, 0xB4, 0x00, 0xA4, 0x0A, 0xF1, 0x3C, 0x02, 0x24, 0xF1, 0xB4, 0x00, 0xA5, 0x08
	.byte 0xF1, 0x3C, 0x04, 0x25, 0xF1, 0xB4, 0x00, 0xA6, 0x08, 0xF1, 0x3C, 0x04, 0x26, 0xF1, 0xB4, 0x00
	.byte 0xA7, 0x08, 0xF1, 0x3C, 0x04, 0x27, 0xF1, 0xB4, 0x00, 0xA4, 0x0A, 0xF1, 0x3C, 0x02, 0x24, 0xF1
	.byte 0xB4, 0x00, 0xA5, 0x08, 0xF1, 0x3C, 0x04, 0x25, 0xF1, 0xB4, 0x00, 0xA6, 0x08, 0xF1, 0x3C, 0x04
	.byte 0x26, 0xF1, 0xB4, 0x00, 0xA7, 0x08, 0xF1, 0x3C, 0x04, 0x27, 0xF1, 0xB4, 0x00, 0xA4, 0x0A, 0xF1
	.byte 0x3C, 0x02, 0x24, 0xF1, 0xB4, 0x00, 0xA5, 0x08, 0xF1, 0x3C, 0x04, 0x25, 0xF1, 0xB4, 0x00, 0xA6
	.byte 0x08, 0xF1, 0x3C, 0x04, 0x26, 0xF1, 0xB4, 0x00, 0xA7, 0x08, 0xF1, 0x3C, 0x04, 0x27, 0xF1, 0xB4
	.byte 0x00, 0xA4, 0x0A, 0xF1, 0x3C, 0x02, 0x24, 0xF1, 0xB4, 0x00, 0xA5, 0x08, 0xF1, 0x3C, 0x04, 0x25
	.byte 0xF1, 0xB4, 0x00, 0xA6, 0x08, 0xF1, 0x3C, 0x04, 0x26, 0xF1, 0xB4, 0x00, 0xA7, 0x08, 0xF1, 0x3C
	.byte 0x04, 0x27, 0xF1, 0xB4, 0x00, 0xA4, 0x0A, 0xF1, 0x3C, 0x02, 0x24, 0xF1, 0xB4, 0x00, 0xA5, 0x08
	.byte 0xF1, 0x3C, 0x04, 0x25, 0xF1, 0xB4, 0x00, 0xA6, 0x08, 0xF1, 0x3C, 0x04, 0x26, 0xF1, 0xB4, 0x00
	.byte 0xA7, 0x08, 0xF1, 0x3C, 0x04, 0x27, 0xF1, 0xB4, 0x00, 0xA4, 0x0A, 0xF1, 0x3C, 0x02, 0x24, 0xF1
	.byte 0xB4, 0x00, 0xA5, 0x08, 0xF1, 0x3C, 0x04, 0x25, 0xF1, 0xB4, 0x00, 0xA6, 0x08, 0xF1, 0x3C, 0x04
	.byte 0x26, 0xF1, 0xB4, 0x00, 0xA7, 0x08, 0xF1, 0x3C, 0x04, 0x27, 0xF1, 0xB4, 0x00, 0xA4, 0x0A, 0xF1
	.byte 0x3C, 0x02, 0x24, 0xF1, 0xB4, 0x00, 0xA5, 0x08, 0xF1, 0x3C, 0x04, 0x25, 0xF1, 0xB4, 0x00, 0xA6
	.byte 0x08, 0xF1, 0x3C, 0x04, 0x26, 0xF1, 0xB4, 0x00, 0xA7, 0x08, 0xF1, 0x3C, 0x04, 0x27, 0xF1, 0xB4
	.byte 0x00, 0xA4, 0x0A, 0xF1, 0x3C, 0x02, 0x24, 0xF1, 0xB4, 0x00, 0xA5, 0x08, 0xF1, 0x3C, 0x04, 0x25
	.byte 0xF1, 0xB4, 0x00, 0xA6, 0x08, 0xF1, 0x3C, 0x04, 0x26, 0xF1, 0xB4, 0x00, 0xA7, 0x08, 0xF1, 0x3C
	.byte 0x04, 0x27, 0xF1, 0xB4, 0x00, 0xA4, 0x0A, 0xF1, 0x3C, 0x02, 0x24, 0xF1, 0xB4, 0x00, 0xA5, 0x08
	.byte 0xF1, 0x3C, 0x04, 0x25, 0xF1, 0xB4, 0x00, 0xA6, 0x08, 0xF1, 0x3C, 0x04, 0x26, 0xF1, 0xB4, 0x00
	.byte 0xA7, 0x08, 0xF1, 0x3C, 0x04, 0x27, 0xF1, 0xB4, 0x00, 0xA4, 0x0A, 0xF1, 0x3C, 0x02, 0x24, 0xF1
	.byte 0xB4, 0x00, 0xA5, 0x08, 0xF1, 0x3C, 0x04, 0x25, 0xF1, 0xB4, 0x00, 0xA6, 0x08, 0xF1, 0x3C, 0x04
	.byte 0x26, 0xF1, 0xB4, 0x00, 0xA7, 0x08, 0xF1, 0x3C, 0x04, 0x27, 0xF1, 0xB4, 0x00, 0xA4, 0x0A, 0xF1
	.byte 0x3C, 0x02, 0x24, 0xF1, 0xB4, 0x00, 0xA5, 0x08, 0xF1, 0x3C, 0x04, 0x25, 0xF1, 0xB4, 0x00, 0xA6
	.byte 0x08, 0xF1, 0x3C, 0x04, 0x26, 0xF1, 0xB4, 0x00, 0xA7, 0x08, 0xF1, 0x3C, 0x04, 0x27, 0xF1, 0xB4
	.byte 0x00, 0xA4, 0x0A, 0xF1, 0x3C, 0x02, 0x24, 0xF1, 0xB4, 0x00, 0xA5, 0x08, 0xF1, 0x3C, 0x04, 0x25
	.byte 0xF1, 0xB4, 0x00, 0xA6, 0x08, 0xF1, 0x3C, 0x04, 0x26, 0xF1, 0xB4, 0x00, 0xA7, 0x08, 0xF1, 0x3C
	.byte 0x04, 0x27, 0xF1, 0xB4, 0x00, 0xA4, 0x0A, 0xF1, 0x3C, 0x02, 0x24, 0xF1, 0xB4, 0x00, 0xA5, 0x08
	.byte 0xF1, 0x3C, 0x04, 0x25, 0xF1, 0xB4, 0x00, 0xA6, 0x08, 0xF1, 0x3C, 0x04, 0x26, 0xF1, 0xB4, 0x00
	.byte 0xA7, 0x08, 0xF1, 0x3C, 0x04, 0x27, 0xF1, 0xB4, 0x00, 0xA4, 0x0A, 0xF1, 0x3C, 0x02, 0x24, 0xF1
	.byte 0xB4, 0x00, 0xA5, 0x08, 0xF1, 0x3C, 0x04, 0x25, 0xF1, 0xB4, 0x00, 0xA6, 0x08, 0xF1, 0x3C, 0x04
	.byte 0x26, 0xF1, 0xB4, 0x00, 0xA7, 0x08, 0xF1, 0x3C, 0x04, 0x27, 0xF1, 0xB4, 0x00, 0xA4, 0x0A, 0xF1
	.byte 0x3C, 0x02, 0x24, 0xF1, 0xB4, 0x00, 0xA5, 0x08, 0xF1, 0x3C, 0x04, 0x25, 0xF1, 0xB4, 0x00, 0xA6
	.byte 0x08, 0xF1, 0x3C, 0x04, 0x26, 0xF1, 0xB4, 0x00, 0xA7, 0x08, 0xF1, 0x3C, 0x04, 0x27, 0xF1, 0xB4
	.byte 0x00, 0xA4, 0x0A, 0xF1, 0x3C, 0x02, 0x24, 0xF1, 0xB4, 0x00, 0xA5, 0x08, 0xF1, 0x3C, 0x04, 0x25
	.byte 0xF1, 0xB4, 0x00, 0xA6, 0x08, 0xF1, 0x3C, 0x04, 0x26, 0xF1, 0xB4, 0x00, 0xA7, 0x08, 0xF1, 0x3C
	.byte 0x04, 0x27, 0xF1, 0xB4, 0x00, 0xA4, 0x0A, 0xF1, 0x3C, 0x02, 0x24, 0xF1, 0xB4, 0x00, 0xA5, 0x08
	.byte 0xF1, 0x3C, 0x04, 0x25, 0xF1, 0xB4, 0x00, 0xA6, 0x08, 0xF1, 0x3C, 0x04, 0x26, 0xF1, 0xB4, 0x00
	.byte 0xA7, 0x08, 0xF1, 0x3C, 0x04, 0x27, 0xF8, 0x0D, 0xFC, 0xFF, 0xF9, 0x56, 0xF0, 0x10, 0xF2, 0x96
	.byte 0xF1, 0xB4, 0x0C, 0x30, 0x0C, 0x31, 0x0C, 0x32, 0x0C, 0x33, 0x0C, 0x30, 0x0C, 0x31, 0x0C, 0x32
	.byte 0x0C, 0x33, 0x0C, 0x30, 0x0C, 0x31, 0x0C, 0x32, 0x0C, 0x33, 0x0C, 0x30, 0x0C, 0x31, 0x0C, 0x32
	.byte 0x0C, 0x33, 0x0C, 0x30, 0x0C, 0x31, 0x0C, 0x32, 0x0C, 0x33, 0x0C, 0x30, 0x0C, 0x31, 0x0C, 0x32
	.byte 0x0C, 0x33, 0x0C, 0x30, 0x0C, 0x31, 0x0C, 0x32, 0x0C, 0x33, 0x0C, 0x30, 0x0C, 0x31, 0x0C, 0x32
	.byte 0x0C, 0x33, 0x0C, 0x30, 0x0C, 0x31, 0x0C, 0x32, 0x0C, 0x33, 0x0C, 0x30, 0x0C, 0x31, 0x0C, 0x32
	.byte 0x0C, 0x33, 0x0C, 0x30, 0x0C, 0x31, 0x0C, 0x32, 0x0C, 0x33, 0x0C, 0x30, 0x0C, 0x31, 0x0C, 0x32
	.byte 0x0C, 0x33, 0x0C, 0x30, 0x0C, 0x31, 0x0C, 0x32, 0x0C, 0x33, 0x0C, 0x30, 0x0C, 0x31, 0x0C, 0x32
	.byte 0x0C, 0x33, 0x0C, 0x30, 0x0C, 0x31, 0x0C, 0x32, 0x0C, 0x33, 0x0C, 0x30, 0x0C, 0x31, 0x0C, 0x32
	.byte 0x0C, 0x33, 0x0C, 0x30, 0x0C, 0x31, 0x0C, 0x32, 0x0C, 0x33, 0x0C, 0x30, 0x0C, 0x31, 0x0C, 0x32
	.byte 0x0C, 0x33, 0x0C, 0x30, 0x0C, 0x31, 0x0C, 0x32, 0x0C, 0x33, 0x0C, 0x30, 0x0C, 0x31, 0x0C, 0x32
	.byte 0x0C, 0x33, 0x0C, 0x30, 0x0C, 0x31, 0x0C, 0x32, 0x0C, 0x33, 0x0C, 0x30, 0x0C, 0x31, 0x0C, 0x32
	.byte 0x0C, 0x33, 0x0C, 0x30, 0x0C, 0x31, 0x0C, 0x32, 0x0C, 0x33, 0x0C, 0x30, 0x0C, 0x31, 0x0C, 0x32
	.byte 0x0C, 0x33, 0x0C, 0x30, 0x0C, 0x31, 0x0C, 0x32, 0x0C, 0x33, 0x0C, 0x30, 0x0C, 0x31, 0x0C, 0x32
	.byte 0x0C, 0x33, 0x0C, 0x30, 0x0C, 0x31, 0x0C, 0x32, 0x0C, 0x33, 0x0C, 0x30, 0x0C, 0x31, 0x0C, 0x32
	.byte 0x0C, 0x33, 0x0C, 0x30, 0x0C, 0x31, 0x0C, 0x32, 0x0C, 0x33, 0x0C, 0x30, 0x0C, 0x31, 0x0C, 0x32
	.byte 0x0C, 0x33, 0x0C, 0x30, 0x0C, 0x31, 0x0C, 0x32, 0x0C, 0x33, 0x0C, 0x30, 0x0C, 0x31, 0x0C, 0x32
	.byte 0x0C, 0x33, 0x0C, 0x30, 0x0C, 0x31, 0x0C, 0x32, 0x0C, 0x33, 0x0C, 0x30, 0x0C, 0x31, 0x0C, 0x32
	.byte 0x0C, 0x33, 0x0C, 0x30, 0x0C, 0x31, 0x0C, 0x32, 0x0C, 0x33, 0x0C, 0x30, 0x0C, 0x31, 0x0C, 0x32
	.byte 0x0C, 0x33, 0xF8, 0xFD, 0xFE, 0xFF, 0xF9, 0x56, 0xF6, 0xA9, 0xF0, 0x32, 0xF2, 0x50, 0xF1, 0x8C
	.byte 0x00, 0xC3, 0x06, 0xF1, 0x3C, 0x06, 0x43, 0xF1, 0x8C, 0x00, 0xC2, 0x0B, 0x00, 0xC2, 0x9D, 0xF1
	.byte 0x3C, 0x0C, 0x42, 0xF1, 0x8C, 0x00, 0xBE, 0x06, 0xF1, 0x3C, 0x06, 0x3E, 0xF1, 0x8C, 0x00, 0xBF
	.byte 0x0C, 0x00, 0xBF, 0x9C, 0xF1, 0x3C, 0x0C, 0x3F, 0xF1, 0x8C, 0x00, 0xC6, 0x06, 0xF1, 0x3C, 0x06
	.byte 0x46, 0xF1, 0x8C, 0x00, 0xC5, 0x0C, 0x00, 0xC5, 0x9C, 0xF1, 0x3C, 0x0C, 0x45, 0xF1, 0x8C, 0x00
	.byte 0xC2, 0x06, 0xF1, 0x3C, 0x06, 0x42, 0xF1, 0x8C, 0x00, 0xC3, 0x0C, 0x00, 0xC3, 0x9C, 0xF1, 0x3C
	.byte 0x0C, 0x43, 0xF1, 0x8C, 0x00, 0xC3, 0x06, 0xF1, 0x3C, 0x06, 0x43, 0xF1, 0x8C, 0x00, 0xC2, 0x0C
	.byte 0x00, 0xC2, 0x9C, 0xF1, 0x3C, 0x0C, 0x42, 0xF1, 0x8C, 0x00, 0xBE, 0x06, 0xF1, 0x3C, 0x06, 0x3E
	.byte 0xF1, 0x8C, 0x00, 0xBF, 0x0C, 0x00, 0xBF, 0x9C, 0xF1, 0x3C, 0x0C, 0x3F, 0xF1, 0x8C, 0x00, 0xC6
	.byte 0x06, 0xF1, 0x3C, 0x06, 0x46, 0xF1, 0x8C, 0x00, 0xC5, 0x0C, 0x00, 0xC5, 0x9C, 0xF1, 0x3C, 0x0C
	.byte 0x45, 0xF1, 0x8C, 0x00, 0xC9, 0x06, 0xF1, 0x3C, 0x06, 0x49, 0xF1, 0x8C, 0x00, 0xCA, 0x0C, 0x00
	.byte 0xCA, 0x9C, 0xF1, 0x3C, 0x0C, 0x4A, 0xF1, 0x8C, 0x00, 0xC3, 0x06, 0xF1, 0x3C, 0x06, 0x43, 0xF1
	.byte 0x8C, 0x00, 0xC2, 0x0B, 0xF8, 0x55, 0xFF, 0xFF, 0xF9, 0x56, 0xF6, 0xA9, 0xF0, 0x32, 0xF2, 0xA0
	.byte 0xF1, 0x8C, 0x00, 0xBF, 0x06, 0xF1, 0x3C, 0x06, 0x3F, 0xF1, 0x8C, 0x00, 0xBE, 0x0B, 0x00, 0xBE
	.byte 0x9D, 0xF1, 0x3C, 0x0C, 0x3E, 0xF1, 0x8C, 0x00, 0xBA, 0x06, 0xF1, 0x3C, 0x06, 0x3A, 0xF1, 0x8C
	.byte 0x00, 0xBB, 0x0C, 0x00, 0xBB, 0x9C, 0xF1, 0x3C, 0x0C, 0x3E, 0xF1, 0x8C, 0x00, 0xC3, 0x06, 0xF1
	.byte 0x3C, 0x06, 0x3E, 0xF1, 0x8C, 0x00, 0xC2, 0x0C, 0x00, 0xC2, 0x9C, 0xF1, 0x3C, 0x0C, 0x42, 0xF1
	.byte 0x8C, 0x00, 0xBE, 0x06, 0xF1, 0x3C, 0x06, 0x42, 0xF1, 0x8C, 0x00, 0xBF, 0x0C, 0x00, 0xBF, 0x9C
	.byte 0xF1, 0x3C, 0x0C, 0x42, 0xF1, 0x8C, 0x00, 0xBF, 0x06, 0xF1, 0x3C, 0x06, 0x42, 0xF1, 0x8C, 0x00
	.byte 0xBE, 0x0C, 0x00, 0xBE, 0x9C, 0xF1, 0x3C, 0x0C, 0x3E, 0xF1, 0x8C, 0x00, 0xBA, 0x06, 0xF1, 0x3C
	.byte 0x06, 0x3A, 0xF1, 0x8C, 0x00, 0xBB, 0x0C, 0x00, 0xBB, 0x9C, 0xF1, 0x3C, 0x0C, 0x3B, 0xF1, 0x8C
	.byte 0x00, 0xC3, 0x06, 0xF1, 0x3C, 0x06, 0x43, 0xF1, 0x8C, 0x00, 0xC2, 0x0C, 0x00, 0xC2, 0x9C, 0xF1
	.byte 0x3C, 0x0C, 0x42, 0xF1, 0x8C, 0x00, 0xC5, 0x06, 0xF1, 0x3C, 0x06, 0x45, 0xF1, 0x8C, 0x00, 0xC6
	.byte 0x0C, 0x00, 0xC6, 0x9C, 0xF1, 0x3C, 0x0C, 0x46, 0xF1, 0x8C, 0x00, 0xBF, 0x06, 0xF1, 0x3C, 0x06
	.byte 0x3F, 0xF1, 0x8C, 0x00, 0xBE, 0x0B, 0xF8, 0x55, 0xFF, 0xFF, 0xF9, 0x56, 0xF6, 0xA9, 0xF0, 0xC2
	.byte 0xF1, 0x50, 0x06, 0x37, 0xF1, 0x28, 0x06, 0x3F, 0xF1, 0x50, 0x00, 0xB6, 0x0B, 0x9D, 0x36, 0xF1
	.byte 0x28, 0x0C, 0x36, 0xF1, 0x50, 0x06, 0x32, 0xF1, 0x28, 0x06, 0x32, 0xF1, 0x50, 0x00, 0xB3, 0x0C
	.byte 0x9C, 0x33, 0xF1, 0x28, 0x0C, 0x33, 0xF1, 0x50, 0x06, 0x3A, 0xF1, 0x28, 0x06, 0x3A, 0xF1, 0x50
	.byte 0x00, 0xB9, 0x0C, 0x9C, 0x39, 0xF1, 0x28, 0x0C, 0x39, 0xF1, 0x50, 0x06, 0x36, 0xF1, 0x28, 0x06
	.byte 0x36, 0xF1, 0x50, 0x00, 0xB7, 0x0C, 0x9C, 0x37, 0xF1, 0x28, 0x0C, 0x37, 0xF1, 0x50, 0x06, 0x37
	.byte 0xF1, 0x28, 0x06, 0x37, 0xF1, 0x50, 0x00, 0xB6, 0x0C, 0x9C, 0x36, 0xF1, 0x28, 0x0C, 0x36, 0xF1
	.byte 0x50, 0x06, 0x32, 0xF1, 0x28, 0x06, 0x32, 0xF1, 0x50, 0x00, 0xB3, 0x0C, 0x9C, 0x33, 0xF1, 0x28
	.byte 0x0C, 0x33, 0xF1, 0x50, 0x06, 0x3A, 0xF1, 0x28, 0x06, 0x3A, 0xF1, 0x50, 0x00, 0xB9, 0x0C, 0x9C
	.byte 0x39, 0xF1, 0x28, 0x0C, 0x39, 0xF1, 0x50, 0x06, 0x3D, 0xF1, 0x28, 0x06, 0x3D, 0xF1, 0x50, 0x00
	.byte 0xBE, 0x0C, 0x9C, 0x3E, 0xF1, 0x28, 0x0C, 0x3E, 0xF1, 0x50, 0x06, 0x37, 0xF1, 0x28, 0x06, 0x37
	.byte 0xF1, 0x50, 0x00, 0xB6, 0x0B, 0xF8, 0x65, 0xFF, 0xFF, 0xF9, 0x56, 0xF6, 0xA8, 0xF0, 0xC2, 0xF1
	.byte 0x50, 0x06, 0x33, 0xF1, 0x28, 0x06, 0x33, 0xF1, 0x50, 0x00, 0xB2, 0x0C, 0x9C, 0x32, 0xF1, 0x28
	.byte 0x0C, 0x32, 0xF1, 0x50, 0x06, 0x2E, 0xF1, 0x28, 0x06, 0x2E, 0xF1, 0x50, 0x00, 0xAF, 0x0C, 0x9C
	.byte 0x2F, 0xF1, 0x28, 0x0C, 0x2F, 0xF1, 0x50, 0x06, 0x37, 0xF1, 0x28, 0x06, 0x37, 0xF1, 0x50, 0x00
	.byte 0xB6, 0x0C, 0x9C, 0x36, 0xF1, 0x28, 0x0C, 0x36, 0xF1, 0x50, 0x06, 0x32, 0xF1, 0x28, 0x06, 0x32
	.byte 0xF1, 0x50, 0x00, 0xB3, 0x0C, 0x9C, 0x33, 0xF1, 0x28, 0x0C, 0x33, 0xF1, 0x50, 0x06, 0x33, 0xF1
	.byte 0x28, 0x06, 0x33, 0xF1, 0x50, 0x00, 0xB2, 0x0C, 0x9C, 0x32, 0xF1, 0x28, 0x0C, 0x32, 0xF1, 0x50
	.byte 0x06, 0x2E, 0xF1, 0x28, 0x06, 0x2E, 0xF1, 0x50, 0x00, 0xAF, 0x0C, 0x9C, 0x2F, 0xF1, 0x28, 0x0C
	.byte 0x2F, 0xF1, 0x50, 0x06, 0x37, 0xF1, 0x28, 0x06, 0x37, 0xF1, 0x50, 0x00, 0xB6, 0x0C, 0x9C, 0x36
	.byte 0xF1, 0x28, 0x0C, 0x36, 0xF1, 0x50, 0x06, 0x39, 0xF1, 0x28, 0x06, 0x39, 0xF1, 0x50, 0x00, 0xBA
	.byte 0x0C, 0x9C, 0x3A, 0xF1, 0x28, 0x0C, 0x3A, 0xF1, 0x50, 0x06, 0x33, 0xF1, 0x28, 0x06, 0x33, 0xF1
	.byte 0x50, 0x00, 0xB2, 0x0C, 0xF8, 0x65, 0xFF, 0xFF, 0xF9, 0x56, 0xF6, 0xA8, 0xF0, 0x1B, 0xF2, 0xB4
	.byte 0xF1, 0x3C, 0x06, 0x43, 0xF1, 0x14, 0x06, 0x43, 0xF1, 0x3C, 0x00, 0xC2, 0x0C, 0x9C, 0x42, 0xF1
	.byte 0x14, 0x0C, 0x42, 0xF1, 0x3C, 0x06, 0x3E, 0xF1, 0x14, 0x06, 0x3E, 0xF1, 0x3C, 0x00, 0xBF, 0x0C
	.byte 0x9C, 0x3F, 0xF1, 0x14, 0x0C, 0x3F, 0xF1, 0x3C, 0x06, 0x46, 0xF1, 0x14, 0x06, 0x46, 0xF1, 0x3C
	.byte 0x00, 0xC5, 0x0C, 0x9C, 0x45, 0xF1, 0x14, 0x0C, 0x45, 0xF1, 0x3C, 0x06, 0x42, 0xF1, 0x14, 0x06
	.byte 0x42, 0xF1, 0x3C, 0x00, 0xC3, 0x0C, 0x9C, 0x43, 0xF1, 0x14, 0x0C, 0x43, 0xF1, 0x3C, 0x06, 0x43
	.byte 0xF1, 0x14, 0x06, 0x43, 0xF1, 0x3C, 0x00, 0xC2, 0x0C, 0x9C, 0x42, 0xF1, 0x14, 0x0C, 0x42, 0xF1
	.byte 0x3C, 0x06, 0x3E, 0xF1, 0x14, 0x06, 0x3E, 0xF1, 0x3C, 0x00, 0xBF, 0x0C, 0x9C, 0x3F, 0xF1, 0x14
	.byte 0x0C, 0x3F, 0xF1, 0x3C, 0x06, 0x46, 0xF1, 0x14, 0x06, 0x46, 0xF1, 0x3C, 0x00, 0xC5, 0x0C, 0x9C
	.byte 0x45, 0xF1, 0x14, 0x0C, 0x45, 0xF1, 0x3C, 0x06, 0x49, 0xF1, 0x14, 0x06, 0x49, 0xF1, 0x3C, 0x00
	.byte 0xCA, 0x0C, 0x9C, 0x4A, 0xF1, 0x14, 0x0C, 0x4A, 0xF1, 0x3C, 0x06, 0x43, 0xF1, 0x14, 0x06, 0x43
	.byte 0xF1, 0x3C, 0x00, 0xC2, 0x0C, 0xF8, 0x65, 0xFF, 0xFF, 0xF9, 0x56, 0xF0, 0x1B, 0xF2, 0x3C, 0xF1
	.byte 0x3C, 0xF6, 0xA7, 0x06, 0x3F, 0xF1, 0x14, 0x06, 0x3F, 0xF1, 0x3C, 0x00, 0xBE, 0x0C, 0x9C, 0x3E
	.byte 0xF1, 0x14, 0x0C, 0x3E, 0xF1, 0x3C, 0x06, 0x3A, 0xF1, 0x14, 0x06, 0x3A, 0xF1, 0x3C, 0x00, 0xBB
	.byte 0x0C, 0x9C, 0x3B, 0xF1, 0x14, 0x0C, 0x3B, 0xF1, 0x3C, 0x06, 0x43, 0xF1, 0x14, 0x06, 0x43, 0xF1
	.byte 0x3C, 0x00, 0xC2, 0x0C, 0x9C, 0x42, 0xF1, 0x14, 0x0C, 0x42, 0xF1, 0x3C, 0x06, 0x3E, 0xF1, 0x14
	.byte 0x06, 0x3E, 0xF1, 0x3C, 0x00, 0xBF, 0x0C, 0x9C, 0x3F, 0xF1, 0x14, 0x0C, 0x3F, 0xF1, 0x3C, 0x06
	.byte 0x3F, 0xF1, 0x14, 0x06, 0x3F, 0xF1, 0x3C, 0x00, 0xBE, 0x0C, 0x9C, 0x3E, 0xF1, 0x14, 0x0C, 0x3E
	.byte 0xF1, 0x3C, 0x06, 0x3A, 0xF1, 0x14, 0x06, 0x3A, 0xF1, 0x3C, 0x00, 0xBB, 0x0C, 0x9C, 0x3B, 0xF1
	.byte 0x14, 0x0C, 0x3B, 0xF1, 0x3C, 0x06, 0x43, 0xF1, 0x14, 0x06, 0x43, 0xF1, 0x3C, 0x00, 0xC2, 0x0C
	.byte 0x9C, 0x42, 0xF1, 0x14, 0x0C, 0x42, 0xF1, 0x3C, 0x06, 0x45, 0xF1, 0x14, 0x06, 0x45, 0xF1, 0x3C
	.byte 0x00, 0xC6, 0x0C, 0x9C, 0x46, 0xF1, 0x14, 0x0C, 0x46, 0xF1, 0x3C, 0x06, 0x3F, 0xF1, 0x14, 0x06
	.byte 0x3F, 0xF1, 0x3C, 0x00, 0xBE, 0x0C, 0xF8, 0x65, 0xFF, 0xFF, 0x00, 0x00, 0xFC, 0x03, 0x12, 0x00
	.byte 0x97, 0x04, 0xC1, 0x0E, 0x60, 0x12, 0x25, 0x16, 0x6F, 0x18, 0x8B, 0x19, 0xE1, 0x1F, 0xF9, 0xBA
	.byte 0xF0, 0x09, 0xF2, 0x78, 0xF1, 0x78, 0x00, 0xBC, 0x14, 0xF1, 0x28, 0x04, 0x3C, 0xF1, 0x78, 0x00
	.byte 0xC3, 0x0C, 0xF1, 0x28, 0x0C, 0x43, 0xF1, 0x78, 0x00, 0xC2, 0x0C, 0xF1, 0x28, 0x0C, 0x42, 0xF1
	.byte 0x78, 0x00, 0xC5, 0x18, 0xF1, 0x28, 0x00, 0xC5, 0x0C, 0xF1, 0x14, 0x0C, 0x45, 0xF1, 0x78, 0x00
	.byte 0xC3, 0x18, 0xF1, 0x28, 0x00, 0xC3, 0x0C, 0xF1, 0x14, 0x0C, 0x43, 0xF1, 0x78, 0x00, 0xC1, 0x0C
	.byte 0xF1, 0x28, 0x0C, 0x41, 0xF1, 0x78, 0x00, 0xBF, 0x14, 0xF1, 0x28, 0x04, 0x3F, 0xF1, 0x78, 0x00
	.byte 0xBF, 0x0C, 0xF1, 0x28, 0x0C, 0x3F, 0xF1, 0x78, 0x00, 0xC1, 0x0C, 0xF1, 0x28, 0x0C, 0x41, 0xF1
	.byte 0x78, 0x00, 0xC3, 0x0C, 0xF1, 0x28, 0x00, 0xC3, 0x0C, 0xF1, 0x14, 0x18, 0x43, 0xF1, 0x78, 0x00
	.byte 0xBC, 0x24, 0xF1, 0x28, 0x00, 0xBC, 0x0C, 0xF1, 0x14, 0x18, 0x3C, 0xF1, 0x78, 0x00, 0xBB, 0x14
	.byte 0xF1, 0x28, 0x04, 0x3B, 0xF1, 0x78, 0x00, 0xBC, 0x0C, 0xF1, 0x28, 0x0C, 0x3C, 0xF1, 0x78, 0x00
	.byte 0xC3, 0x0C, 0xF1, 0x28, 0x0C, 0x43, 0xF1, 0x78, 0x00, 0xC2, 0x18, 0xF1, 0x28, 0x00, 0xC2, 0x0C
	.byte 0xF1, 0x14, 0x0C, 0x42, 0xF1, 0x78, 0x00, 0xBC, 0x30, 0xF1, 0x28, 0x00, 0xBC, 0x0C, 0xF1, 0x14
	.byte 0x0C, 0x3C, 0xF1, 0x78, 0x00, 0xBB, 0x14, 0xF1, 0x28, 0x04, 0x3B, 0xF1, 0x78, 0x00, 0xBC, 0x0C
	.byte 0xF1, 0x28, 0x0C, 0x3C, 0xF1, 0x78, 0x00, 0xBB, 0x0C, 0xF1, 0x28, 0x0C, 0x3B, 0xF1, 0x78, 0x00
	.byte 0xBC, 0x48, 0xF1, 0x28, 0x00, 0xBC, 0x18, 0xF1, 0x14, 0x18, 0x3C, 0xF1, 0x78, 0x00, 0xB9, 0x14
	.byte 0xF1, 0x28, 0x04, 0x39, 0xF1, 0x78, 0x00, 0xBA, 0x0C, 0xF1, 0x28, 0x0C, 0x3A, 0xF1, 0x78, 0x00
	.byte 0xC1, 0x0C, 0xF1, 0x28, 0x0C, 0x41, 0xF1, 0x78, 0x00, 0xC0, 0x18, 0xF1, 0x28, 0x00, 0xC0, 0x0C
	.byte 0xF1, 0x14, 0x0C, 0x40, 0xF1, 0x78, 0x00, 0xBA, 0x30, 0xF1, 0x28, 0x00, 0xBA, 0x0C, 0xF1, 0x14
	.byte 0x0C, 0x3A, 0xF1, 0x78, 0x00, 0xB9, 0x14, 0xF1, 0x28, 0x04, 0x39, 0xF1, 0x78, 0x00, 0xBA, 0x0C
	.byte 0xF1, 0x28, 0x0C, 0x3A, 0xF1, 0x78, 0x00, 0xB9, 0x0C, 0xF1, 0x28, 0x0C, 0x39, 0xF1, 0x78, 0x00
	.byte 0xBA, 0x48, 0xF1, 0x28, 0x00, 0xBA, 0x18, 0xF1, 0x14, 0x18, 0x3A, 0xF1, 0x78, 0x00, 0xBB, 0x14
	.byte 0xF1, 0x28, 0x04, 0x3B, 0xF1, 0x78, 0x00, 0xBC, 0x0C, 0xF1, 0x28, 0x0C, 0x3C, 0xF1, 0x78, 0x00
	.byte 0xC3, 0x0C, 0xF1, 0x28, 0x0C, 0x43, 0xF1, 0x78, 0x00, 0xC2, 0x18, 0xF1, 0x28, 0x00, 0xC2, 0x0C
	.byte 0xF1, 0x14, 0x0C, 0x42, 0xF1, 0x78, 0x00, 0xBC, 0x30, 0xF1, 0x28, 0x00, 0xBC, 0x0C, 0xF1, 0x14
	.byte 0x0C, 0x3C, 0xF1, 0x78, 0x00, 0xBB, 0x14, 0xF1, 0x28, 0x04, 0x3B, 0xF1, 0x78, 0x00, 0xBC, 0x0C
	.byte 0xF1, 0x28, 0x0C, 0x3C, 0xF1, 0x78, 0x00, 0xBB, 0x0C, 0xF1, 0x28, 0x0C, 0x3B, 0xF1, 0x78, 0x00
	.byte 0xBC, 0x48, 0xF1, 0x28, 0x00, 0xBC, 0x18, 0xF1, 0x14, 0x18, 0x3C, 0xF1, 0x78, 0x00, 0xBC, 0x14
	.byte 0xF1, 0x28, 0x04, 0x3C, 0xF1, 0x78, 0x00, 0xC3, 0x0C, 0xF1, 0x28, 0x0C, 0x43, 0xF1, 0x78, 0x00
	.byte 0xC2, 0x0C, 0xF1, 0x28, 0x0C, 0x42, 0xF1, 0x78, 0x00, 0xC5, 0x18, 0xF1, 0x28, 0x00, 0xC5, 0x0C
	.byte 0xF1, 0x14, 0x0C, 0x45, 0xF1, 0x78, 0x00, 0xC3, 0x18, 0xF1, 0x28, 0x00, 0xC3, 0x0C, 0xF1, 0x14
	.byte 0x0C, 0x43, 0xF1, 0x78, 0x00, 0xC1, 0x0C, 0xF1, 0x28, 0x0C, 0x41, 0xF1, 0x78, 0x00, 0xBF, 0x14
	.byte 0xF1, 0x28, 0x04, 0x3F, 0xF1, 0x78, 0x00, 0xBF, 0x0C, 0xF1, 0x28, 0x0C, 0x3F, 0xF1, 0x78, 0x00
	.byte 0xC1, 0x0C, 0xF1, 0x28, 0x0C, 0x41, 0xF1, 0x78, 0x00, 0xC3, 0x0C, 0xF1, 0x28, 0x00, 0xC3, 0x0C
	.byte 0xF1, 0x14, 0x18, 0x43, 0xF1, 0x78, 0x00, 0xBC, 0x24, 0xF1, 0x28, 0x00, 0xBC, 0x0C, 0xF1, 0x14
	.byte 0x18, 0x3C, 0xF1, 0x78, 0x00, 0xBB, 0x14, 0xF1, 0x28, 0x04, 0x3B, 0xF1, 0x78, 0x00, 0xBC, 0x0C
	.byte 0xF1, 0x28, 0x0C, 0x3C, 0xF1, 0x78, 0x00, 0xC3, 0x0C, 0xF1, 0x28, 0x0C, 0x43, 0xF1, 0x78, 0x00
	.byte 0xC2, 0x18, 0xF1, 0x28, 0x00, 0xC2, 0x0C, 0xF1, 0x14, 0x0C, 0x42, 0xF1, 0x78, 0x00, 0xBC, 0x30
	.byte 0xF1, 0x28, 0x00, 0xBC, 0x0C, 0xF1, 0x14, 0x0C, 0x3C, 0xF1, 0x78, 0x00, 0xBB, 0x14, 0xF1, 0x28
	.byte 0x04, 0x3B, 0xF1, 0x78, 0x00, 0xBC, 0x0C, 0xF1, 0x28, 0x0C, 0x3C, 0xF1, 0x78, 0x00, 0xBB, 0x0C
	.byte 0xF1, 0x28, 0x0C, 0x3B, 0xF1, 0x78, 0x00, 0xBC, 0x48, 0xF1, 0x28, 0x00, 0xBC, 0x18, 0xF1, 0x14
	.byte 0x18, 0x3C, 0xF1, 0x78, 0x00, 0xB9, 0x14, 0xF1, 0x28, 0x04, 0x39, 0xF1, 0x78, 0x00, 0xBA, 0x0C
	.byte 0xF1, 0x28, 0x0C, 0x3A, 0xF1, 0x78, 0x00, 0xC1, 0x0C, 0xF1, 0x28, 0x0C, 0x41, 0xF1, 0x78, 0x00
	.byte 0xC0, 0x18, 0xF1, 0x28, 0x00, 0xC0, 0x0C, 0xF1, 0x14, 0x0C, 0x40, 0xF1, 0x78, 0x00, 0xBA, 0x30
	.byte 0xF1, 0x28, 0x00, 0xBA, 0x0C, 0xF1, 0x14, 0x0C, 0x3A, 0xF1, 0x78, 0x00, 0xB9, 0x14, 0xF1, 0x28
	.byte 0x04, 0x39, 0xF1, 0x78, 0x00, 0xBA, 0x0C, 0xF1, 0x28, 0x0C, 0x3A, 0xF1, 0x78, 0x00, 0xB9, 0x0C
	.byte 0xF1, 0x28, 0x0C, 0x39, 0xF1, 0x78, 0x00, 0xBA, 0x48, 0xF1, 0x28, 0x00, 0xBA, 0x18, 0xF1, 0x14
	.byte 0x18, 0x3A, 0xF1, 0x78, 0x00, 0xBB, 0x14, 0xF1, 0x28, 0x04, 0x3B, 0xF1, 0x78, 0x00, 0xBC, 0x0C
	.byte 0xF1, 0x28, 0x0C, 0x3C, 0xF1, 0x78, 0x00, 0xC3, 0x0C, 0xF1, 0x28, 0x0C, 0x43, 0xF1, 0x78, 0x00
	.byte 0xC2, 0x18, 0xF1, 0x28, 0x00, 0xC2, 0x0C, 0xF1, 0x14, 0x0C, 0x42, 0xF1, 0x78, 0x00, 0xBC, 0x30
	.byte 0xF1, 0x28, 0x00, 0xBC, 0x0C, 0xF1, 0x14, 0x0C, 0x3C, 0xF1, 0x78, 0x00, 0xBB, 0x14, 0xF1, 0x28
	.byte 0x04, 0x3B, 0xF1, 0x78, 0x00, 0xBC, 0x0C, 0xF1, 0x28, 0x0C, 0x3C, 0xF1, 0x78, 0x00, 0xBB, 0x0C
	.byte 0xF1, 0x28, 0x0C, 0x3B, 0xF1, 0x78, 0x00, 0xBC, 0x48, 0xF1, 0x28, 0x00, 0xBC, 0x18, 0xF1, 0x14
	.byte 0x18, 0x3C, 0xF1, 0x78, 0xF6, 0x01, 0xF0, 0x01, 0xF2, 0x64, 0xF1, 0x50, 0xF6, 0x60, 0x00, 0xB0
	.byte 0x60, 0x60, 0x30, 0x60, 0x2E, 0x00, 0xAB, 0xC0, 0x60, 0x2B, 0x30, 0x29, 0x30, 0x2B, 0x00, 0xB0
	.byte 0xC0, 0x60, 0x30, 0x60, 0x31, 0x00, 0xAB, 0xC0, 0xC0, 0x2B, 0x00, 0xB0, 0x18, 0xF1, 0x28, 0x00
	.byte 0xB0, 0x18, 0xF1, 0x14, 0x18, 0x30, 0xF1, 0x50, 0xF6, 0x78, 0x18, 0x33, 0x00, 0xB3, 0x0C, 0xF1
	.byte 0x3C, 0x0C, 0x33, 0xF1, 0x50, 0x00, 0xB5, 0x0C, 0xF1, 0x28, 0x0C, 0x35, 0xF1, 0x50, 0x00, 0xB7
	.byte 0x0C, 0xF1, 0x28, 0x00, 0xB7, 0x0C, 0xF1, 0x14, 0x18, 0x37, 0xF1, 0x50, 0x00, 0xB0, 0x24, 0xF1
	.byte 0x28, 0x00, 0xB0, 0x0C, 0xF1, 0x14, 0x18, 0x30, 0xF1, 0x50, 0xF6, 0xC0, 0x18, 0x2F, 0x00, 0xB0
	.byte 0x0C, 0xF1, 0x28, 0x0C, 0x30, 0xF1, 0x50, 0x00, 0xAF, 0x0C, 0xF1, 0x28, 0x0C, 0x2F, 0xF1, 0x50
	.byte 0x00, 0xB0, 0x48, 0xF1, 0x28, 0x00, 0xB0, 0x18, 0xF1, 0x14, 0x18, 0x30, 0xF1, 0x50, 0x18, 0x30
	.byte 0x00, 0xB7, 0x0C, 0xF1, 0x28, 0x0C, 0x30, 0xF1, 0x50, 0x00, 0xB6, 0x0C, 0xF1, 0x28, 0x0C, 0x36
	.byte 0xF1, 0x50, 0x00, 0xB9, 0x18, 0xF1, 0x28, 0x00, 0xB6, 0x0C, 0xF1, 0x14, 0x0C, 0x36, 0xF1, 0x50
	.byte 0x00, 0xB7, 0x18, 0xF1, 0x28, 0x00, 0xB7, 0x0C, 0xF1, 0x14, 0x0C, 0x37, 0xF1, 0x50, 0x00, 0xB5
	.byte 0x0C, 0xF1, 0x28, 0x0C, 0x35, 0xF1, 0x50, 0x18, 0x33, 0x00, 0xB3, 0x0C, 0xF1, 0x28, 0x0C, 0x35
	.byte 0xF1, 0x50, 0x00, 0xB5, 0x0C, 0xF1, 0x28, 0x0C, 0x35, 0xF1, 0x50, 0x00, 0xB7, 0x0C, 0xF1, 0x28
	.byte 0x00, 0xB7, 0x0C, 0xF1, 0x14, 0x18, 0x37, 0xF1, 0x50, 0x00, 0xB0, 0x24, 0xF1, 0x28, 0x00, 0xB0
	.byte 0x0C, 0xF1, 0x14, 0x18, 0x30, 0xF1, 0x50, 0x18, 0x2F, 0x00, 0xB0, 0x0C, 0xF1, 0x28, 0x0C, 0x30
	.byte 0xF1, 0x50, 0x00, 0xB7, 0x0C, 0xF1, 0x28, 0x0C, 0x37, 0xF1, 0x50, 0x00, 0xB6, 0x18, 0xF1, 0x28
	.byte 0x00, 0xB6, 0x0C, 0xF1, 0x14, 0x0C, 0x36, 0xF1, 0x50, 0x00, 0xB0, 0x30, 0xF1, 0x28, 0x00, 0xB0
	.byte 0x0C, 0xF1, 0x14, 0x0C, 0x30, 0xF1, 0x50, 0x18, 0x2F, 0x00, 0xB0, 0x0C, 0xF1, 0x28, 0x0C, 0x30
	.byte 0xF1, 0x50, 0x00, 0xAF, 0x0C, 0xF1, 0x28, 0x0C, 0x2F, 0xF1, 0x50, 0x00, 0xB0, 0x48, 0xF1, 0x28
	.byte 0x00, 0xB0, 0x18, 0xF1, 0x14, 0x18, 0x30, 0xF6, 0xC0, 0xF6, 0xC0, 0xF6, 0xC0, 0xF6, 0xBF, 0xF8
	.byte 0x7C, 0xFB, 0xFF, 0xF9, 0xBA, 0xF0, 0x03, 0xF1, 0xDC, 0x00, 0xB0, 0x0C, 0xF1, 0x50, 0x0C, 0x30
	.byte 0xF1, 0xDC, 0x00, 0xB0, 0x0C, 0xF1, 0x50, 0x0C, 0x30, 0xF1, 0xDC, 0x00, 0xB3, 0x14, 0xF1, 0x50
	.byte 0x04, 0x33, 0xF1, 0xDC, 0x00, 0xB5, 0x0C, 0xF1, 0x50, 0x0C, 0x35, 0xF1, 0xDC, 0x00, 0xB0, 0x0C
	.byte 0xF1, 0x50, 0x0C, 0x30, 0xF1, 0xDC, 0x00, 0xB0, 0x0C, 0xF1, 0x50, 0x0C, 0x30, 0xF1, 0xDC, 0x00
	.byte 0xB3, 0x14, 0xF1, 0x50, 0x04, 0x33, 0xF1, 0xDC, 0x00, 0xB5, 0x0C, 0xF1, 0x50, 0x0C, 0x35, 0xF1
	.byte 0xDC, 0x00, 0xB0, 0x0C, 0xF1, 0x50, 0x0C, 0x30, 0xF1, 0xDC, 0x00, 0xB0, 0x0C, 0xF1, 0x50, 0x0C
	.byte 0x30, 0xF1, 0xDC, 0x00, 0xB3, 0x14, 0xF1, 0x50, 0x04, 0x33, 0xF1, 0xDC, 0x00, 0xB5, 0x0C, 0xF1
	.byte 0x50, 0x0C, 0x35, 0xF1, 0xDC, 0x00, 0xB6, 0x14, 0xF1, 0x50, 0x04, 0x36, 0xF1, 0xDC, 0x00, 0xB7
	.byte 0x0C, 0xF1, 0x50, 0x0C, 0x37, 0xF1, 0xDC, 0x00, 0xB5, 0x0C, 0xF1, 0x50, 0x0C, 0x35, 0xF1, 0xDC
	.byte 0x00, 0xB1, 0x14, 0xF1, 0x50, 0x04, 0x31, 0xF1, 0xDC, 0x00, 0xB0, 0x0C, 0xF1, 0x50, 0x0C, 0x30
	.byte 0xF1, 0xDC, 0x00, 0xB0, 0x0C, 0xF1, 0x50, 0x0C, 0x30, 0xF1, 0xDC, 0x00, 0xB3, 0x14, 0xF1, 0x50
	.byte 0x04, 0x33, 0xF1, 0xDC, 0x00, 0xB5, 0x0C, 0xF1, 0x50, 0x0C, 0x35, 0xF1, 0xDC, 0x00, 0xB0, 0x0C
	.byte 0xF1, 0x50, 0x0C, 0x30, 0xF1, 0xDC, 0x00, 0xB0, 0x0C, 0xF1, 0x50, 0x0C, 0x30, 0xF1, 0xDC, 0x00
	.byte 0xB3, 0x14, 0xF1, 0x50, 0x04, 0x33, 0xF1, 0xDC, 0x00, 0xB5, 0x0C, 0xF1, 0x50, 0x0C, 0x35, 0xF1
	.byte 0xDC, 0x00, 0xB0, 0x0C, 0xF1, 0x50, 0x0C, 0x30, 0xF1, 0xDC, 0x00, 0xB0, 0x0C, 0xF1, 0x50, 0x0C
	.byte 0x30, 0xF1, 0xDC, 0x00, 0xB3, 0x14, 0xF1, 0x50, 0x04, 0x33, 0xF1, 0xDC, 0x00, 0xB5, 0x0C, 0xF1
	.byte 0x50, 0x0C, 0x35, 0xF1, 0xDC, 0x00, 0xB6, 0x14, 0xF1, 0x50, 0x04, 0x36, 0xF1, 0xDC, 0x00, 0xB7
	.byte 0x0C, 0xF1, 0x50, 0x0C, 0x37, 0xF1, 0xDC, 0x00, 0xB5, 0x0C, 0xF1, 0x50, 0x0C, 0x35, 0xF1, 0xDC
	.byte 0x00, 0xB1, 0x14, 0xF1, 0x50, 0x04, 0x31, 0xF1, 0xDC, 0x00, 0xAE, 0x0C, 0xF1, 0x50, 0x0C, 0x2E
	.byte 0xF1, 0xDC, 0x00, 0xAE, 0x0C, 0xF1, 0x50, 0x0C, 0x2E, 0xF1, 0xDC, 0x00, 0xB1, 0x14, 0xF1, 0x50
	.byte 0x04, 0x31, 0xF1, 0xDC, 0x00, 0xB3, 0x0C, 0xF1, 0x50, 0x0C, 0x33, 0xF1, 0xDC, 0x00, 0xAE, 0x0C
	.byte 0xF1, 0x50, 0x0C, 0x2E, 0xF1, 0xDC, 0x00, 0xAE, 0x0C, 0xF1, 0x50, 0x0C, 0x2E, 0xF1, 0xDC, 0x00
	.byte 0xB1, 0x14, 0xF1, 0x50, 0x04, 0x31, 0xF1, 0xDC, 0x00, 0xB3, 0x0C, 0xF1, 0x50, 0x0C, 0x33, 0xF1
	.byte 0xDC, 0x00, 0xAE, 0x0C, 0xF1, 0x50, 0x0C, 0x2E, 0xF1, 0xDC, 0x00, 0xAE, 0x0C, 0xF1, 0x50, 0x0C
	.byte 0x2E, 0xF1, 0xDC, 0x00, 0xB1, 0x14, 0xF1, 0x50, 0x04, 0x31, 0xF1, 0xDC, 0x00, 0xB3, 0x0C, 0xF1
	.byte 0x50, 0x0C, 0x33, 0xF1, 0xDC, 0x00, 0xB4, 0x14, 0xF1, 0x50, 0x04, 0x34, 0xF1, 0xDC, 0x00, 0xB5
	.byte 0x0C, 0xF1, 0x50, 0x0C, 0x35, 0xF1, 0xDC, 0x00, 0xB3, 0x0C, 0xF1, 0x50, 0x0C, 0x33, 0xF1, 0xDC
	.byte 0x00, 0xAF, 0x14, 0xF1, 0x50, 0x04, 0x2F, 0xF1, 0xDC, 0x00, 0xB0, 0x0C, 0xF1, 0x50, 0x0C, 0x30
	.byte 0xF1, 0xDC, 0x00, 0xB0, 0x0C, 0xF1, 0x50, 0x0C, 0x30, 0xF1, 0xDC, 0x00, 0xB3, 0x14, 0xF1, 0x50
	.byte 0x04, 0x33, 0xF1, 0xDC, 0x00, 0xB5, 0x0C, 0xF1, 0x50, 0x0C, 0x35, 0xF1, 0xDC, 0x00, 0xB0, 0x0C
	.byte 0xF1, 0x50, 0x0C, 0x30, 0xF1, 0xDC, 0x00, 0xB0, 0x0C, 0xF1, 0x50, 0x0C, 0x30, 0xF1, 0xDC, 0x00
	.byte 0xB3, 0x14, 0xF1, 0x50, 0x04, 0x33, 0xF1, 0xDC, 0x00, 0xB5, 0x0C, 0xF1, 0x50, 0x0C, 0x35, 0xF1
	.byte 0xDC, 0x00, 0xB0, 0x0C, 0xF1, 0x50, 0x0C, 0x30, 0xF1, 0xDC, 0x00, 0xB0, 0x0C, 0xF1, 0x50, 0x0C
	.byte 0x30, 0xF1, 0xDC, 0x00, 0xB3, 0x14, 0xF1, 0x50, 0x04, 0x33, 0xF1, 0xDC, 0x00, 0xB5, 0x0C, 0xF1
	.byte 0x50, 0x0C, 0x35, 0xF1, 0xDC, 0x00, 0xB6, 0x14, 0xF1, 0x50, 0x04, 0x36, 0xF1, 0xDC, 0x00, 0xB7
	.byte 0x0C, 0xF1, 0x50, 0x0C, 0x37, 0xF1, 0xDC, 0x00, 0xB5, 0x0C, 0xF1, 0x50, 0x0C, 0x35, 0xF1, 0xDC
	.byte 0x00, 0xB1, 0x14, 0xF1, 0x50, 0x04, 0x31, 0xF1, 0xDC, 0x00, 0xB0, 0x0C, 0xF1, 0x50, 0x0C, 0x30
	.byte 0xF1, 0xDC, 0x00, 0xB0, 0x0C, 0xF1, 0x50, 0x0C, 0x30, 0xF1, 0xDC, 0x00, 0xB3, 0x14, 0xF1, 0x50
	.byte 0x04, 0x33, 0xF1, 0xDC, 0x00, 0xB5, 0x0C, 0xF1, 0x50, 0x0C, 0x35, 0xF1, 0xDC, 0x00, 0xB0, 0x0C
	.byte 0xF1, 0x50, 0x0C, 0x30, 0xF1, 0xDC, 0x00, 0xB0, 0x0C, 0xF1, 0x50, 0x0C, 0x30, 0xF1, 0xDC, 0x00
	.byte 0xB3, 0x14, 0xF1, 0x50, 0x04, 0x33, 0xF1, 0xDC, 0x00, 0xB5, 0x0C, 0xF1, 0x50, 0x0C, 0x35, 0xF1
	.byte 0xDC, 0x00, 0xB0, 0x0C, 0xF1, 0x50, 0x0C, 0x30, 0xF1, 0xDC, 0x00, 0xB0, 0x0C, 0xF1, 0x50, 0x0C
	.byte 0x30, 0xF1, 0xDC, 0x00, 0xB3, 0x14, 0xF1, 0x50, 0x04, 0x33, 0xF1, 0xDC, 0x00, 0xB5, 0x0C, 0xF1
	.byte 0x50, 0x0C, 0x35, 0xF1, 0xDC, 0x00, 0xB6, 0x14, 0xF1, 0x50, 0x04, 0x36, 0xF1, 0xDC, 0x00, 0xB7
	.byte 0x0C, 0xF1, 0x50, 0x0C, 0x37, 0xF1, 0xDC, 0x00, 0xB5, 0x0C, 0xF1, 0x50, 0x0C, 0x35, 0xF1, 0xDC
	.byte 0x00, 0xB1, 0x14, 0xF1, 0x50, 0x04, 0x31, 0xF1, 0xDC, 0x00, 0xB0, 0x0C, 0xF1, 0x50, 0x0C, 0x30
	.byte 0xF1, 0xDC, 0x00, 0xB0, 0x0C, 0xF1, 0x50, 0x0C, 0x30, 0xF1, 0xDC, 0x00, 0xB3, 0x14, 0xF1, 0x50
	.byte 0x04, 0x33, 0xF1, 0xDC, 0x00, 0xB5, 0x0C, 0xF1, 0x50, 0x0C, 0x35, 0xF1, 0xDC, 0x00, 0xB0, 0x0C
	.byte 0xF1, 0x50, 0x0C, 0x30, 0xF1, 0xDC, 0x00, 0xB0, 0x0C, 0xF1, 0x50, 0x0C, 0x30, 0xF1, 0xDC, 0x00
	.byte 0xB3, 0x14, 0xF1, 0x50, 0x04, 0x33, 0xF1, 0xDC, 0x00, 0xB5, 0x0C, 0xF1, 0x50, 0x0C, 0x35, 0xF1
	.byte 0xDC, 0x00, 0xB0, 0x0C, 0xF1, 0x50, 0x0C, 0x30, 0xF1, 0xDC, 0x00, 0xB0, 0x0C, 0xF1, 0x50, 0x0C
	.byte 0x30, 0xF1, 0xDC, 0x00, 0xB3, 0x14, 0xF1, 0x50, 0x04, 0x33, 0xF1, 0xDC, 0x00, 0xB5, 0x0C, 0xF1
	.byte 0x50, 0x0C, 0x35, 0xF1, 0xDC, 0x00, 0xB6, 0x14, 0xF1, 0x50, 0x04, 0x36, 0xF1, 0xDC, 0x00, 0xB7
	.byte 0x0C, 0xF1, 0x50, 0x0C, 0x37, 0xF1, 0xDC, 0x00, 0xB5, 0x0C, 0xF1, 0x50, 0x0C, 0x35, 0xF1, 0xDC
	.byte 0x00, 0xB1, 0x14, 0xF1, 0x50, 0x04, 0x31, 0xF1, 0xDC, 0x00, 0xAE, 0x0C, 0xF1, 0x50, 0x0C, 0x2E
	.byte 0xF1, 0xDC, 0x00, 0xAE, 0x0C, 0xF1, 0x50, 0x0C, 0x2E, 0xF1, 0xDC, 0x00, 0xB1, 0x14, 0xF1, 0x50
	.byte 0x04, 0x31, 0xF1, 0xDC, 0x00, 0xB3, 0x0C, 0xF1, 0x50, 0x0C, 0x33, 0xF1, 0xDC, 0x00, 0xAE, 0x0C
	.byte 0xF1, 0x50, 0x0C, 0x2E, 0xF1, 0xDC, 0x00, 0xAE, 0x0C, 0xF1, 0x50, 0x0C, 0x2E, 0xF1, 0xDC, 0x00
	.byte 0xB1, 0x14, 0xF1, 0x50, 0x04, 0x31, 0xF1, 0xDC, 0x00, 0xB3, 0x0C, 0xF1, 0x50, 0x0C, 0x33, 0xF1
	.byte 0xDC, 0x00, 0xAE, 0x0C, 0xF1, 0x50, 0x0C, 0x2E, 0xF1, 0xDC, 0x00, 0xAE, 0x0C, 0xF1, 0x50, 0x0C
	.byte 0x2E, 0xF1, 0xDC, 0x00, 0xB1, 0x14, 0xF1, 0x50, 0x04, 0x31, 0xF1, 0xDC, 0x00, 0xB3, 0x0C, 0xF1
	.byte 0x50, 0x0C, 0x33, 0xF1, 0xDC, 0x00, 0xB4, 0x14, 0xF1, 0x50, 0x04, 0x34, 0xF1, 0xDC, 0x00, 0xB5
	.byte 0x0C, 0xF1, 0x50, 0x0C, 0x35, 0xF1, 0xDC, 0x00, 0xB3, 0x0C, 0xF1, 0x50, 0x0C, 0x33, 0xF1, 0xDC
	.byte 0x00, 0xAF, 0x14, 0xF1, 0x50, 0x04, 0x2F, 0xF1, 0xDC, 0x00, 0xB0, 0x0C, 0xF1, 0x50, 0x0C, 0x30
	.byte 0xF1, 0xDC, 0x00, 0xB0, 0x0C, 0xF1, 0x50, 0x0C, 0x30, 0xF1, 0xDC, 0x00, 0xB3, 0x14, 0xF1, 0x50
	.byte 0x04, 0x33, 0xF1, 0xDC, 0x00, 0xB5, 0x0C, 0xF1, 0x50, 0x0C, 0x35, 0xF1, 0xDC, 0x00, 0xB0, 0x0C
	.byte 0xF1, 0x50, 0x0C, 0x30, 0xF1, 0xDC, 0x00, 0xB0, 0x0C, 0xF1, 0x50, 0x0C, 0x30, 0xF1, 0xDC, 0x00
	.byte 0xB3, 0x14, 0xF1, 0x50, 0x04, 0x33, 0xF1, 0xDC, 0x00, 0xB5, 0x0C, 0xF1, 0x50, 0x0C, 0x35, 0xF1
	.byte 0xDC, 0x00, 0xB0, 0x0C, 0xF1, 0x50, 0x0C, 0x30, 0xF1, 0xDC, 0x00, 0xB0, 0x0C, 0xF1, 0x50, 0x0C
	.byte 0x30, 0xF1, 0xDC, 0x00, 0xB3, 0x14, 0xF1, 0x50, 0x04, 0x33, 0xF1, 0xDC, 0x00, 0xB5, 0x0C, 0xF1
	.byte 0x50, 0x0C, 0x35, 0xF1, 0xDC, 0x00, 0xB6, 0x14, 0xF1, 0x50, 0x04, 0x36, 0xF1, 0xDC, 0x00, 0xB7
	.byte 0x0C, 0xF1, 0x50, 0x0C, 0x37, 0xF1, 0xDC, 0x00, 0xB5, 0x0C, 0xF1, 0x50, 0x0C, 0x35, 0xF1, 0xDC
	.byte 0x00, 0xB1, 0x14, 0xF1, 0x50, 0x04, 0x31, 0xF1, 0xDC, 0x00, 0xB0, 0x0C, 0xF1, 0x50, 0x0C, 0x30
	.byte 0xF1, 0xDC, 0x00, 0xB0, 0x0C, 0xF1, 0x50, 0x0C, 0x30, 0xF1, 0xDC, 0x00, 0xB3, 0x14, 0xF1, 0x50
	.byte 0x04, 0x33, 0xF1, 0xDC, 0x00, 0xB5, 0x0C, 0xF1, 0x50, 0x0C, 0x35, 0xF1, 0xDC, 0x00, 0xB0, 0x0C
	.byte 0xF1, 0x50, 0x0C, 0x30, 0xF1, 0xDC, 0x00, 0xB0, 0x0C, 0xF1, 0x50, 0x0C, 0x30, 0xF1, 0xDC, 0x00
	.byte 0xB3, 0x14, 0xF1, 0x50, 0x04, 0x33, 0xF1, 0xDC, 0x00, 0xB5, 0x0C, 0xF1, 0x50, 0x0C, 0x35, 0xF1
	.byte 0xDC, 0x00, 0xB0, 0x0C, 0xF1, 0x50, 0x0C, 0x30, 0xF1, 0xDC, 0x00, 0xB0, 0x0C, 0xF1, 0x50, 0x0C
	.byte 0x30, 0xF1, 0xDC, 0x00, 0xB3, 0x14, 0xF1, 0x50, 0x04, 0x33, 0xF1, 0xDC, 0x00, 0xB5, 0x0C, 0xF1
	.byte 0x50, 0x0C, 0x35, 0xF1, 0xDC, 0x00, 0xB6, 0x14, 0xF1, 0x50, 0x04, 0x36, 0xF1, 0xDC, 0x00, 0xB7
	.byte 0x0C, 0xF1, 0x50, 0x0C, 0x37, 0xF1, 0xDC, 0x00, 0xB5, 0x0C, 0xF1, 0x50, 0x0C, 0x35, 0xF1, 0xDC
	.byte 0x00, 0xB1, 0x14, 0xF1, 0x50, 0x04, 0x31, 0xF1, 0xDC, 0x00, 0xB0, 0x0C, 0xF1, 0x50, 0x0C, 0x30
	.byte 0xF1, 0xDC, 0x00, 0xB0, 0x0C, 0xF1, 0x50, 0x0C, 0x30, 0xF1, 0xDC, 0x00, 0xB3, 0x14, 0xF1, 0x50
	.byte 0x04, 0x33, 0xF1, 0xDC, 0x00, 0xB5, 0x0C, 0xF1, 0x50, 0x0C, 0x35, 0xF1, 0xDC, 0x00, 0xB0, 0x0C
	.byte 0xF1, 0x50, 0x0C, 0x30, 0xF1, 0xDC, 0x00, 0xB0, 0x0C, 0xF1, 0x50, 0x0C, 0x30, 0xF1, 0xDC, 0x00
	.byte 0xB3, 0x14, 0xF1, 0x50, 0x04, 0x33, 0xF1, 0xDC, 0x00, 0xB5, 0x0C, 0xF1, 0x50, 0x0C, 0x35, 0xF1
	.byte 0xDC, 0x00, 0xB0, 0x0C, 0xF1, 0x50, 0x0C, 0x30, 0xF1, 0xDC, 0x00, 0xB0, 0x0C, 0xF1, 0x50, 0x0C
	.byte 0x30, 0xF1, 0xDC, 0x00, 0xB3, 0x14, 0xF1, 0x50, 0x04, 0x33, 0xF1, 0xDC, 0x00, 0xB5, 0x0C, 0xF1
	.byte 0x50, 0x0C, 0x35, 0xF1, 0xDC, 0x00, 0xB6, 0x14, 0xF1, 0x50, 0x04, 0x36, 0xF1, 0xDC, 0x00, 0xB7
	.byte 0x0C, 0xF1, 0x50, 0x0C, 0x37, 0xF1, 0xDC, 0x00, 0xB5, 0x0C, 0xF1, 0x50, 0x0C, 0x35, 0xF1, 0xDC
	.byte 0x00, 0xB1, 0x14, 0xF1, 0x50, 0x04, 0x31, 0xF1, 0xDC, 0x00, 0xB0, 0x0C, 0xF1, 0x50, 0x0C, 0x30
	.byte 0xF1, 0xDC, 0x00, 0xB0, 0x0C, 0xF1, 0x50, 0x0C, 0x30, 0xF1, 0xDC, 0x00, 0xB3, 0x14, 0xF1, 0x50
	.byte 0x04, 0x33, 0xF1, 0xDC, 0x00, 0xB5, 0x0C, 0xF1, 0x50, 0x0C, 0x35, 0xF1, 0xDC, 0x00, 0xB0, 0x0C
	.byte 0xF1, 0x50, 0x0C, 0x30, 0xF1, 0xDC, 0x00, 0xB0, 0x0C, 0xF1, 0x50, 0x0C, 0x30, 0xF1, 0xDC, 0x00
	.byte 0xB3, 0x14, 0xF1, 0x50, 0x04, 0x33, 0xF1, 0xDC, 0x00, 0xB5, 0x0C, 0xF1, 0x50, 0x0C, 0x35, 0xF1
	.byte 0xDC, 0x00, 0xB0, 0x0C, 0xF1, 0x50, 0x0C, 0x30, 0xF1, 0xDC, 0x00, 0xB0, 0x0C, 0xF1, 0x50, 0x0C
	.byte 0x30, 0xF1, 0xDC, 0x00, 0xB3, 0x14, 0xF1, 0x50, 0x04, 0x33, 0xF1, 0xDC, 0x00, 0xB5, 0x0C, 0xF1
	.byte 0x50, 0x0C, 0x35, 0xF1, 0xDC, 0x00, 0xB6, 0x14, 0xF1, 0x50, 0x04, 0x36, 0xF1, 0xDC, 0x00, 0xB7
	.byte 0x0C, 0xF1, 0x50, 0x0C, 0x37, 0xF1, 0xDC, 0x00, 0xB5, 0x0C, 0xF1, 0x50, 0x0C, 0x35, 0xF1, 0xDC
	.byte 0x00, 0xB1, 0x14, 0xF1, 0x50, 0x04, 0x31, 0xF1, 0xDC, 0x00, 0xB0, 0x0C, 0xF1, 0x50, 0x0C, 0x30
	.byte 0xF1, 0xDC, 0x00, 0xB0, 0x0C, 0xF1, 0x50, 0x0C, 0x30, 0xF1, 0xDC, 0x00, 0xB3, 0x14, 0xF1, 0x50
	.byte 0x04, 0x33, 0xF1, 0xDC, 0x00, 0xB5, 0x0C, 0xF1, 0x50, 0x0C, 0x35, 0xF1, 0xDC, 0x00, 0xB0, 0x0C
	.byte 0xF1, 0x50, 0x0C, 0x30, 0xF1, 0xDC, 0x00, 0xB0, 0x0C, 0xF1, 0x50, 0x0C, 0x30, 0xF1, 0xDC, 0x00
	.byte 0xB3, 0x14, 0xF1, 0x50, 0x04, 0x33, 0xF1, 0xDC, 0x00, 0xB5, 0x0C, 0xF1, 0x50, 0x0C, 0x35, 0xF1
	.byte 0xDC, 0x00, 0xB0, 0x0C, 0xF1, 0x50, 0x0C, 0x30, 0xF1, 0xDC, 0x00, 0xB0, 0x0C, 0xF1, 0x50, 0x0C
	.byte 0x30, 0xF1, 0xDC, 0x00, 0xB3, 0x14, 0xF1, 0x50, 0x04, 0x33, 0xF1, 0xDC, 0x00, 0xB5, 0x0C, 0xF1
	.byte 0x50, 0x0C, 0x35, 0xF1, 0xDC, 0x00, 0xB6, 0x14, 0xF1, 0x50, 0x04, 0x36, 0xF1, 0xDC, 0x00, 0xB7
	.byte 0x0C, 0xF1, 0x50, 0x0C, 0x37, 0xF1, 0xDC, 0x00, 0xB5, 0x0C, 0xF1, 0x50, 0x0C, 0x35, 0xF1, 0xDC
	.byte 0x00, 0xB1, 0x14, 0xF1, 0x50, 0x04, 0x31, 0xF1, 0xDC, 0x00, 0xB0, 0x0C, 0xF1, 0x50, 0x0C, 0x30
	.byte 0xF1, 0xDC, 0x00, 0xB0, 0x0C, 0xF1, 0x50, 0x0C, 0x30, 0xF1, 0xDC, 0x00, 0xB3, 0x14, 0xF1, 0x50
	.byte 0x04, 0x33, 0xF1, 0xDC, 0x00, 0xB5, 0x0C, 0xF1, 0x50, 0x0C, 0x35, 0xF1, 0xDC, 0x00, 0xB0, 0x0C
	.byte 0xF1, 0x50, 0x0C, 0x30, 0xF1, 0xDC, 0x00, 0xB0, 0x0C, 0xF1, 0x50, 0x0C, 0x30, 0xF1, 0xDC, 0x00
	.byte 0xB3, 0x14, 0xF1, 0x50, 0x04, 0x33, 0xF1, 0xDC, 0x00, 0xB5, 0x0C, 0xF1, 0x50, 0x0C, 0x35, 0xF1
	.byte 0xDC, 0x00, 0xB0, 0x0C, 0xF1, 0x50, 0x0C, 0x30, 0xF1, 0xDC, 0x00, 0xB0, 0x0C, 0xF1, 0x50, 0x0C
	.byte 0x30, 0xF1, 0xDC, 0x00, 0xB3, 0x14, 0xF1, 0x50, 0x04, 0x33, 0xF1, 0xDC, 0x00, 0xB5, 0x0C, 0xF1
	.byte 0x50, 0x0C, 0x35, 0xF1, 0xDC, 0x00, 0xB6, 0x14, 0xF1, 0x50, 0x04, 0x36, 0xF1, 0xDC, 0x00, 0xB7
	.byte 0x0C, 0xF1, 0x50, 0x0C, 0x37, 0xF1, 0xDC, 0x00, 0xB5, 0x0C, 0xF1, 0x50, 0x0C, 0x35, 0xF1, 0xDC
	.byte 0x00, 0xB1, 0x14, 0xF1, 0x50, 0x04, 0x31, 0xF1, 0xDC, 0x00, 0xB0, 0x0C, 0xF1, 0x50, 0x0C, 0x30
	.byte 0xF1, 0xDC, 0x00, 0xB0, 0x0C, 0xF1, 0x50, 0x0C, 0x30, 0xF1, 0xDC, 0x00, 0xB3, 0x14, 0xF1, 0x50
	.byte 0x04, 0x33, 0xF1, 0xDC, 0x00, 0xB5, 0x0C, 0xF1, 0x50, 0x0C, 0x35, 0xF1, 0xDC, 0x00, 0xB0, 0x0C
	.byte 0xF1, 0x50, 0x0C, 0x30, 0xF1, 0xDC, 0x00, 0xB0, 0x0C, 0xF1, 0x50, 0x0C, 0x30, 0xF1, 0xDC, 0x00
	.byte 0xB3, 0x14, 0xF1, 0x50, 0x04, 0x33, 0xF1, 0xDC, 0x00, 0xB5, 0x0C, 0xF1, 0x50, 0x0C, 0x35, 0xF1
	.byte 0xDC, 0x00, 0xB0, 0x0C, 0xF1, 0x50, 0x0C, 0x30, 0xF1, 0xDC, 0x00, 0xB0, 0x0C, 0xF1, 0x50, 0x0C
	.byte 0x30, 0xF1, 0xDC, 0x00, 0xB3, 0x14, 0xF1, 0x50, 0x04, 0x33, 0xF1, 0xDC, 0x00, 0xB5, 0x0C, 0xF1
	.byte 0x50, 0x0C, 0x35, 0xF1, 0xDC, 0x00, 0xB6, 0x14, 0xF1, 0x50, 0x04, 0x36, 0xF1, 0xDC, 0x00, 0xB7
	.byte 0x0C, 0xF1, 0x50, 0x0C, 0x37, 0xF1, 0xDC, 0x00, 0xB5, 0x0C, 0xF1, 0x50, 0x0C, 0x35, 0xF1, 0xDC
	.byte 0x00, 0xB1, 0x14, 0xF1, 0x50, 0x04, 0x31, 0xF1, 0xDC, 0x00, 0xB0, 0x0C, 0xF1, 0x50, 0x0C, 0x30
	.byte 0xF1, 0xDC, 0x00, 0xB0, 0x0C, 0xF1, 0x50, 0x0C, 0x30, 0xF1, 0xDC, 0x00, 0xB3, 0x14, 0xF1, 0x50
	.byte 0x04, 0x33, 0xF1, 0xDC, 0x00, 0xB5, 0x0C, 0xF1, 0x50, 0x0C, 0x35, 0xF1, 0xDC, 0x00, 0xB0, 0x0C
	.byte 0xF1, 0x50, 0x0C, 0x30, 0xF1, 0xDC, 0x00, 0xB0, 0x0C, 0xF1, 0x50, 0x0C, 0x30, 0xF1, 0xDC, 0x00
	.byte 0xB3, 0x14, 0xF1, 0x50, 0x04, 0x33, 0xF1, 0xDC, 0x00, 0xB5, 0x0C, 0xF1, 0x50, 0x0C, 0x35, 0xF1
	.byte 0xDC, 0x00, 0xB0, 0x0C, 0xF1, 0x50, 0x0C, 0x30, 0xF1, 0xDC, 0x00, 0xB0, 0x0C, 0xF1, 0x50, 0x0C
	.byte 0x30, 0xF1, 0xDC, 0x00, 0xB3, 0x14, 0xF1, 0x50, 0x04, 0x33, 0xF1, 0xDC, 0x00, 0xB5, 0x0C, 0xF1
	.byte 0x50, 0x0C, 0x35, 0xF1, 0xDC, 0x00, 0xB6, 0x14, 0xF1, 0x50, 0x04, 0x36, 0xF1, 0xDC, 0x00, 0xB7
	.byte 0x0C, 0xF1, 0x50, 0x0C, 0x37, 0xF1, 0xDC, 0x00, 0xB5, 0x0C, 0xF1, 0x50, 0x0C, 0x35, 0xF1, 0xDC
	.byte 0x00, 0xB1, 0x14, 0xF1, 0x50, 0x04, 0x31, 0xF1, 0xDC, 0x00, 0xB0, 0x0C, 0xF1, 0x50, 0x0C, 0x30
	.byte 0xF1, 0xDC, 0x00, 0xB0, 0x0C, 0xF1, 0x50, 0x0C, 0x30, 0xF1, 0xDC, 0x00, 0xB3, 0x14, 0xF1, 0x50
	.byte 0x04, 0x33, 0xF1, 0xDC, 0x00, 0xB5, 0x0C, 0xF1, 0x50, 0x0C, 0x35, 0xF1, 0xDC, 0x00, 0xB0, 0x0C
	.byte 0xF1, 0x50, 0x0C, 0x30, 0xF1, 0xDC, 0x00, 0xB0, 0x0C, 0xF1, 0x50, 0x0C, 0x30, 0xF1, 0xDC, 0x00
	.byte 0xB3, 0x14, 0xF1, 0x50, 0x04, 0x33, 0xF1, 0xDC, 0x00, 0xB5, 0x0C, 0xF1, 0x50, 0x0C, 0x35, 0xF1
	.byte 0xDC, 0x00, 0xB0, 0x0C, 0xF1, 0x50, 0x0C, 0x30, 0xF1, 0xDC, 0x00, 0xB0, 0x0C, 0xF1, 0x50, 0x0C
	.byte 0x30, 0xF1, 0xDC, 0x00, 0xB3, 0x14, 0xF1, 0x50, 0x04, 0x33, 0xF1, 0xDC, 0x00, 0xB5, 0x0C, 0xF1
	.byte 0x50, 0x0C, 0x35, 0xF1, 0xDC, 0x00, 0xB6, 0x14, 0xF1, 0x50, 0x04, 0x36, 0xF1, 0xDC, 0x00, 0xB7
	.byte 0x0C, 0xF1, 0x50, 0x0C, 0x37, 0xF1, 0xDC, 0x00, 0xB5, 0x0C, 0xF1, 0x50, 0x0C, 0x35, 0xF1, 0xDC
	.byte 0x00, 0xB1, 0x14, 0xF1, 0x50, 0x04, 0x31, 0xF1, 0xDC, 0x00, 0xAE, 0x0C, 0xF1, 0x50, 0x0C, 0x2E
	.byte 0xF1, 0xDC, 0x00, 0xAE, 0x0C, 0xF1, 0x50, 0x0C, 0x2E, 0xF1, 0xDC, 0x00, 0xB1, 0x14, 0xF1, 0x50
	.byte 0x04, 0x31, 0xF1, 0xDC, 0x00, 0xB3, 0x0C, 0xF1, 0x50, 0x0C, 0x33, 0xF1, 0xDC, 0x00, 0xAE, 0x0C
	.byte 0xF1, 0x50, 0x0C, 0x2E, 0xF1, 0xDC, 0x00, 0xAE, 0x0C, 0xF1, 0x50, 0x0C, 0x2E, 0xF1, 0xDC, 0x00
	.byte 0xB1, 0x14, 0xF1, 0x50, 0x04, 0x31, 0xF1, 0xDC, 0x00, 0xB3, 0x0C, 0xF1, 0x50, 0x0C, 0x33, 0xF1
	.byte 0xDC, 0x00, 0xAE, 0x0C, 0xF1, 0x50, 0x0C, 0x2E, 0xF1, 0xDC, 0x00, 0xAE, 0x0C, 0xF1, 0x50, 0x0C
	.byte 0x2E, 0xF1, 0xDC, 0x00, 0xB1, 0x14, 0xF1, 0x50, 0x04, 0x31, 0xF1, 0xDC, 0x00, 0xB3, 0x0C, 0xF1
	.byte 0x50, 0x0C, 0x33, 0xF1, 0xDC, 0x00, 0xB4, 0x14, 0xF1, 0x50, 0x04, 0x34, 0xF1, 0xDC, 0x00, 0xB5
	.byte 0x0C, 0xF1, 0x50, 0x0C, 0x35, 0xF1, 0xDC, 0x00, 0xB3, 0x0C, 0xF1, 0x50, 0x0C, 0x33, 0xF1, 0xDC
	.byte 0x00, 0xAF, 0x14, 0xF1, 0x50, 0x04, 0x2F, 0xF1, 0xDC, 0x00, 0xB0, 0x0C, 0xF1, 0x50, 0x0C, 0x30
	.byte 0xF1, 0xDC, 0x00, 0xB0, 0x0C, 0xF1, 0x50, 0x0C, 0x30, 0xF1, 0xDC, 0x00, 0xB3, 0x14, 0xF1, 0x50
	.byte 0x04, 0x33, 0xF1, 0xDC, 0x00, 0xB5, 0x0C, 0xF1, 0x50, 0x0C, 0x35, 0xF1, 0xDC, 0x00, 0xB0, 0x0C
	.byte 0xF1, 0x50, 0x0C, 0x30, 0xF1, 0xDC, 0x00, 0xB0, 0x0C, 0xF1, 0x50, 0x0C, 0x30, 0xF1, 0xDC, 0x00
	.byte 0xB3, 0x14, 0xF1, 0x50, 0x04, 0x33, 0xF1, 0xDC, 0x00, 0xB5, 0x0C, 0xF1, 0x50, 0x0C, 0x35, 0xF1
	.byte 0xDC, 0x00, 0xB0, 0x0C, 0xF1, 0x50, 0x0C, 0x30, 0xF1, 0xDC, 0x00, 0xB0, 0x0C, 0xF1, 0x50, 0x0C
	.byte 0x30, 0xF1, 0xDC, 0x00, 0xB3, 0x14, 0xF1, 0x50, 0x04, 0x33, 0xF1, 0xDC, 0x00, 0xB5, 0x0C, 0xF1
	.byte 0x50, 0x0C, 0x35, 0xF1, 0xDC, 0x00, 0xB6, 0x14, 0xF1, 0x50, 0x04, 0x36, 0xF1, 0xDC, 0x00, 0xB7
	.byte 0x0C, 0xF1, 0x50, 0x0C, 0x37, 0xF1, 0xDC, 0x00, 0xB5, 0x0C, 0xF1, 0x50, 0x0C, 0x35, 0xF1, 0xDC
	.byte 0x00, 0xB1, 0x14, 0xF1, 0x50, 0x04, 0x31, 0xF1, 0xDC, 0xF8, 0xD7, 0xF5, 0xFF, 0xF9, 0xBA, 0xF6
	.byte 0xC1, 0xF0, 0x1D, 0xF2, 0x64, 0xF1, 0x78, 0xF6, 0x30, 0x00, 0xC3, 0x08, 0xF1, 0x28, 0x08, 0x43
	.byte 0xF1, 0x78, 0xF6, 0x08, 0x00, 0xC2, 0x08, 0xF1, 0x28, 0x00, 0xC3, 0x08, 0xF1, 0x14, 0x08, 0x43
	.byte 0xF1, 0x78, 0xF6, 0x30, 0x00, 0xC3, 0x08, 0xF1, 0x28, 0x00, 0xC3, 0x08, 0xF1, 0x14, 0x08, 0x43
	.byte 0xF1, 0x78, 0x00, 0xC8, 0x08, 0xF1, 0x28, 0x00, 0xC3, 0x08, 0xF1, 0x14, 0x08, 0x43, 0xF1, 0x78
	.byte 0xF6, 0xC0, 0xF6, 0x30, 0x00, 0xC3, 0x08, 0xF1, 0x28, 0x00, 0xC3, 0x08, 0xF1, 0x14, 0x08, 0x43
	.byte 0xF1, 0x78, 0x00, 0xC2, 0x08, 0xF1, 0x28, 0x00, 0xC2, 0x08, 0xF1, 0x14, 0x08, 0x42, 0xF1, 0x78
	.byte 0xF6, 0x30, 0x00, 0xC3, 0x08, 0xF1, 0x28, 0x00, 0xC3, 0x08, 0xF1, 0x14, 0x08, 0x43, 0xF1, 0x78
	.byte 0x00, 0xC8, 0x08, 0xF1, 0x28, 0x00, 0xC8, 0x08, 0xF1, 0x14, 0x08, 0x48, 0xF1, 0x78, 0xF6, 0xC0
	.byte 0xF6, 0x30, 0x00, 0xC1, 0x08, 0xF1, 0x28, 0x00, 0xC1, 0x08, 0xF1, 0x14, 0x08, 0x41, 0xF1, 0x78
	.byte 0x00, 0xC0, 0x08, 0xF1, 0x28, 0x00, 0xC0, 0x08, 0xF1, 0x14, 0x08, 0x40, 0xF1, 0x78, 0xF6, 0x30
	.byte 0x00, 0xC1, 0x08, 0xF1, 0x28, 0x00, 0xC1, 0x08, 0xF1, 0x14, 0x08, 0x41, 0xF1, 0x78, 0x00, 0xC6
	.byte 0x08, 0xF1, 0x28, 0x00, 0xC6, 0x08, 0xF1, 0x14, 0x08, 0x46, 0xF1, 0x78, 0xF6, 0xC0, 0xF6, 0x30
	.byte 0x00, 0xC3, 0x08, 0xF1, 0x28, 0x00, 0xC3, 0x08, 0xF1, 0x14, 0x08, 0x43, 0xF1, 0x78, 0x00, 0xC2
	.byte 0x08, 0xF1, 0x28, 0x00, 0xC2, 0x08, 0xF1, 0x14, 0x08, 0x42, 0xF1, 0x78, 0xF6, 0x30, 0x00, 0xC3
	.byte 0x08, 0xF1, 0x28, 0x00, 0xC3, 0x08, 0xF1, 0x14, 0x08, 0x43, 0xF1, 0x78, 0x00, 0xC8, 0x08, 0xF1
	.byte 0x28, 0x00, 0xC8, 0x08, 0xF1, 0x14, 0x08, 0x48, 0xF1, 0x78, 0xF6, 0xC0, 0xF6, 0x30, 0x00, 0xC3
	.byte 0x08, 0xF1, 0x28, 0x00, 0xC3, 0x08, 0xF1, 0x14, 0x08, 0x43, 0xF1, 0x78, 0x00, 0xC2, 0x08, 0xF1
	.byte 0x28, 0x00, 0xC2, 0x08, 0xF1, 0x14, 0x08, 0x42, 0xF1, 0x78, 0xF6, 0x30, 0x00, 0xC3, 0x08, 0xF1
	.byte 0x28, 0x00, 0xC3, 0x08, 0xF1, 0x14, 0x08, 0x43, 0xF1, 0x78, 0x00, 0xC8, 0x08, 0xF1, 0x28, 0x00
	.byte 0xC8, 0x08, 0xF1, 0x14, 0x08, 0x48, 0xF1, 0x78, 0xF6, 0xC0, 0xF6, 0x30, 0x00, 0xC3, 0x08, 0xF1
	.byte 0x28, 0x00, 0xC3, 0x08, 0xF1, 0x14, 0x08, 0x43, 0xF1, 0x78, 0x00, 0xC2, 0x08, 0xF1, 0x28, 0x00
	.byte 0xC2, 0x08, 0xF1, 0x14, 0x08, 0x42, 0xF1, 0x78, 0xF6, 0x30, 0x00, 0xC3, 0x08, 0xF1, 0x28, 0x00
	.byte 0xC3, 0x08, 0xF1, 0x14, 0x08, 0x43, 0xF1, 0x78, 0x00, 0xC8, 0x08, 0xF1, 0x28, 0x00, 0xC8, 0x08
	.byte 0xF1, 0x14, 0x08, 0x48, 0xF1, 0x78, 0xF6, 0xC0, 0xF6, 0x30, 0x00, 0xC1, 0x08, 0xF1, 0x28, 0x00
	.byte 0xC1, 0x08, 0xF1, 0x14, 0x08, 0x41, 0xF1, 0x78, 0x08, 0x40, 0xF6, 0x40, 0x00, 0xC1, 0x08, 0xF1
	.byte 0x28, 0x00, 0xC1, 0x08, 0xF1, 0x14, 0x08, 0x41, 0xF1, 0x78, 0x00, 0xC6, 0x08, 0xF1, 0x28, 0x00
	.byte 0xC6, 0x08, 0xF1, 0x14, 0x08, 0x46, 0xF1, 0x78, 0xF6, 0xC0, 0xF6, 0x30, 0x00, 0xC3, 0x08, 0xF1
	.byte 0x28, 0x00, 0xC3, 0x08, 0xF1, 0x14, 0x08, 0x43, 0xF1, 0x78, 0x00, 0xC2, 0x08, 0xF1, 0x28, 0x00
	.byte 0xC2, 0x08, 0xF1, 0x14, 0x08, 0x42, 0xF1, 0x78, 0xF6, 0x30, 0x00, 0xC3, 0x08, 0xF1, 0x28, 0x00
	.byte 0xC3, 0x08, 0xF1, 0x14, 0x08, 0x43, 0xF1, 0x78, 0x00, 0xC8, 0x08, 0xF1, 0x28, 0x00, 0xC8, 0x08
	.byte 0xF1, 0x14, 0x08, 0x48, 0xF1, 0x78, 0xF6, 0xC0, 0xF6, 0xC0, 0xF6, 0xC0, 0xF6, 0xC0, 0xF6, 0xC0
	.byte 0xF6, 0xC0, 0xF6, 0xC0, 0xF6, 0xC0, 0x18, 0x3C, 0x00, 0xC3, 0x0C, 0xF1, 0x28, 0x0C, 0x43, 0xF1
	.byte 0x78, 0x00, 0xC2, 0x0C, 0xF1, 0x28, 0x0C, 0x42, 0xF1, 0x78, 0x00, 0xC5, 0x18, 0xF1, 0x28, 0x00
	.byte 0xC5, 0x0C, 0xF1, 0x14, 0x0C, 0x45, 0xF1, 0x78, 0x00, 0xC3, 0x18, 0xF1, 0x28, 0x00, 0xC3, 0x0C
	.byte 0xF1, 0x14, 0x0C, 0x43, 0xF1, 0x78, 0x00, 0xC1, 0x0C, 0xF1, 0x28, 0x0C, 0x41, 0xF1, 0x78, 0xF6
	.byte 0xC0, 0x18, 0x3B, 0x00, 0xBC, 0x0C, 0xF1, 0x28, 0x0C, 0x3C, 0xF1, 0x78, 0x00, 0xC3, 0x0C, 0xF1
	.byte 0x28, 0x0C, 0x43, 0xF1, 0x78, 0x00, 0xC2, 0x18, 0xF1, 0x28, 0x00, 0xC2, 0x0C, 0xF1, 0x14, 0x0C
	.byte 0x42, 0xF1, 0x78, 0x00, 0xBC, 0x30, 0xF1, 0x28, 0x00, 0xBC, 0x0C, 0xF1, 0x14, 0x0C, 0x3C, 0xF1
	.byte 0x78, 0xF6, 0xC0, 0x18, 0x3C, 0x00, 0xC3, 0x0C, 0xF1, 0x28, 0x0C, 0x43, 0xF1, 0x78, 0x00, 0xC2
	.byte 0x0C, 0xF1, 0x28, 0x0C, 0x43, 0xF1, 0x78, 0x00, 0xC5, 0x18, 0xF1, 0x28, 0x00, 0xC5, 0x0C, 0xF1
	.byte 0x14, 0x0C, 0x45, 0xF1, 0x78, 0x00, 0xC3, 0x18, 0xF1, 0x28, 0x00, 0xC3, 0x0C, 0xF1, 0x14, 0x0C
	.byte 0x43, 0xF1, 0x78, 0x00, 0xC1, 0x0C, 0xF1, 0x28, 0x0C, 0x41, 0xF1, 0x78, 0x18, 0x3F, 0x00, 0xBF
	.byte 0x0C, 0xF1, 0x28, 0x0C, 0x3F, 0xF1, 0x78, 0x00, 0xC1, 0x0C, 0xF1, 0x28, 0x0C, 0x41, 0xF1, 0x78
	.byte 0x00, 0xC3, 0x0C, 0xF1, 0x28, 0x00, 0xC3, 0x0C, 0xF1, 0x14, 0x18, 0x43, 0xF1, 0x78, 0x00, 0xBC
	.byte 0x24, 0xF1, 0x28, 0x00, 0xBC, 0x0C, 0xF1, 0x14, 0x18, 0x3C, 0xF1, 0x78, 0x18, 0x3B, 0x00, 0xBC
	.byte 0x0C, 0xF1, 0x28, 0x0C, 0x3C, 0xF1, 0x78, 0x00, 0xC3, 0x0C, 0xF1, 0x28, 0x0C, 0x43, 0xF1, 0x78
	.byte 0x00, 0xC2, 0x18, 0xF1, 0x28, 0x00, 0xC2, 0x0C, 0xF1, 0x14, 0x0C, 0x42, 0xF1, 0x78, 0x00, 0xBC
	.byte 0x30, 0xF1, 0x28, 0x00, 0xBC, 0x0C, 0xF1, 0x14, 0x0C, 0x3C, 0xF1, 0x78, 0x18, 0x3B, 0x00, 0xBC
	.byte 0x0C, 0xF1, 0x28, 0x0C, 0x3C, 0xF1, 0x78, 0x00, 0xBB, 0x0C, 0xF1, 0x28, 0x0C, 0x3B, 0xF1, 0x78
	.byte 0x00, 0xBC, 0x48, 0xF1, 0x28, 0x00, 0xBC, 0x18, 0xF1, 0x14, 0x18, 0x3C, 0xF1, 0x78, 0xF6, 0xC0
	.byte 0xF6, 0x30, 0x00, 0xC1, 0x08, 0xF1, 0x28, 0x00, 0xC1, 0x08, 0xF1, 0x14, 0x08, 0x41, 0xF1, 0x78
	.byte 0x00, 0xC0, 0x08, 0xF1, 0x28, 0x00, 0xC0, 0x08, 0xF1, 0x14, 0x08, 0x40, 0xF1, 0x78, 0xF6, 0x30
	.byte 0x00, 0xC1, 0x08, 0xF1, 0x28, 0x00, 0xC1, 0x08, 0xF1, 0x14, 0x08, 0x41, 0xF1, 0x78, 0x00, 0xC6
	.byte 0x08, 0xF1, 0x28, 0x00, 0xC6, 0x08, 0xF1, 0x14, 0x08, 0x46, 0xF1, 0x78, 0xF6, 0xC0, 0xF6, 0x30
	.byte 0x00, 0xC3, 0x08, 0xF1, 0x28, 0x00, 0xC3, 0x08, 0xF1, 0x14, 0x08, 0x43, 0xF1, 0x78, 0x00, 0xC2
	.byte 0x08, 0xF1, 0x28, 0x00, 0xC2, 0x08, 0xF1, 0x14, 0x08, 0x42, 0xF1, 0x78, 0xF6, 0x30, 0x00, 0xC3
	.byte 0x08, 0xF1, 0x28, 0x00, 0xC3, 0x08, 0xF1, 0x14, 0x08, 0x43, 0xF1, 0x78, 0x00, 0xC8, 0x08, 0xF1
	.byte 0x28, 0x00, 0xC8, 0x08, 0xF1, 0x14, 0x07, 0x48, 0xF8, 0x62, 0xFC, 0xFF, 0xF9, 0xBA, 0xF6, 0xC0
	.byte 0xF0, 0x1D, 0xF2, 0x96, 0xF1, 0x78, 0xF6, 0x30, 0x00, 0xBF, 0x08, 0xF1, 0x28, 0x00, 0xBF, 0x08
	.byte 0xF1, 0x14, 0x08, 0x3F, 0xF1, 0x78, 0x00, 0xBC, 0x08, 0xF1, 0x28, 0x00, 0xBC, 0x08, 0xF1, 0x14
	.byte 0x08, 0x3C, 0xF1, 0x78, 0xF6, 0x30, 0x00, 0xBF, 0x08, 0xF1, 0x28, 0x00, 0xBF, 0x08, 0xF1, 0x14
	.byte 0x08, 0x3F, 0xF1, 0x78, 0x00, 0xC3, 0x08, 0xF1, 0x28, 0x00, 0xC3, 0x08, 0xF1, 0x14, 0x08, 0x43
	.byte 0xF1, 0x78, 0xF6, 0xC0, 0xF6, 0x30, 0x00, 0xBF, 0x08, 0xF1, 0x28, 0x00, 0xBF, 0x08, 0xF1, 0x14
	.byte 0x08, 0x3F, 0xF1, 0x78, 0x00, 0xBC, 0x08, 0xF1, 0x28, 0x00, 0xBC, 0x08, 0xF1, 0x14, 0x08, 0x3C
	.byte 0xF1, 0x78, 0xF6, 0x30, 0x00, 0xBF, 0x08, 0xF1, 0x28, 0x00, 0xBF, 0x08, 0xF1, 0x14, 0x08, 0x3F
	.byte 0xF1, 0x78, 0x00, 0xC3, 0x08, 0xF1, 0x28, 0x00, 0xC3, 0x08, 0xF1, 0x14, 0x08, 0x43, 0xF1, 0x78
	.byte 0xF6, 0xC0, 0xF6, 0x30, 0x00, 0xBD, 0x08, 0xF1, 0x28, 0x00, 0xBD, 0x08, 0xF1, 0x14, 0x08, 0x3D
	.byte 0xF1, 0x78, 0x00, 0xBA, 0x08, 0xF1, 0x28, 0x00, 0xBA, 0x08, 0xF1, 0x14, 0x08, 0x3A, 0xF1, 0x78
	.byte 0xF6, 0x30, 0x00, 0xBD, 0x08, 0xF1, 0x28, 0x00, 0xBD, 0x08, 0xF1, 0x14, 0x08, 0x3D, 0xF1, 0x78
	.byte 0x00, 0xC1, 0x08, 0xF1, 0x28, 0x00, 0xC1, 0x08, 0xF1, 0x14, 0x08, 0x41, 0xF1, 0x78, 0xF6, 0xC0
	.byte 0xF6, 0x30, 0x00, 0xBF, 0x08, 0xF1, 0x28, 0x00, 0xBF, 0x08, 0xF1, 0x14, 0x08, 0x3F, 0xF1, 0x78
	.byte 0x00, 0xBC, 0x08, 0xF1, 0x28, 0x00, 0xBC, 0x08, 0xF1, 0x14, 0x08, 0x3C, 0xF1, 0x78, 0xF6, 0x30
	.byte 0x00, 0xBF, 0x08, 0xF1, 0x28, 0x00, 0xBF, 0x08, 0xF1, 0x14, 0x08, 0x3F, 0xF1, 0x78, 0x00, 0xC3
	.byte 0x08, 0xF1, 0x28, 0x00, 0xC3, 0x08, 0xF1, 0x14, 0x08, 0x43, 0xF1, 0x78, 0xF6, 0xC0, 0xF6, 0x30
	.byte 0x00, 0xBF, 0x08, 0xF1, 0x28, 0x00, 0xBF, 0x08, 0xF1, 0x14, 0x08, 0x3F, 0xF1, 0x78, 0x00, 0xBC
	.byte 0x08, 0xF1, 0x28, 0x00, 0xBC, 0x08, 0xF1, 0x14, 0x08, 0x3C, 0xF1, 0x78, 0xF6, 0x30, 0x00, 0xBF
	.byte 0x08, 0xF1, 0x28, 0x00, 0xBF, 0x08, 0xF1, 0x14, 0x08, 0x3F, 0xF1, 0x78, 0x00, 0xC3, 0x08, 0xF1
	.byte 0x28, 0x00, 0xC3, 0x08, 0xF1, 0x14, 0x08, 0x43, 0xF1, 0x78, 0xF6, 0xC0, 0xF6, 0x30, 0x00, 0xBF
	.byte 0x08, 0xF1, 0x28, 0x00, 0xBF, 0x08, 0xF1, 0x14, 0x08, 0x3F, 0xF1, 0x78, 0x00, 0xBC, 0x08, 0xF1
	.byte 0x28, 0x00, 0xBC, 0x08, 0xF1, 0x14, 0x08, 0x3C, 0xF1, 0x78, 0xF6, 0x30, 0x00, 0xBF, 0x08, 0xF1
	.byte 0x28, 0x00, 0xBF, 0x08, 0xF1, 0x14, 0x08, 0x3F, 0xF1, 0x78, 0x00, 0xC3, 0x08, 0xF1, 0x28, 0x00
	.byte 0xC3, 0x08, 0xF1, 0x14, 0x08, 0x43, 0xF1, 0x78, 0xF6, 0xC0, 0xF6, 0x30, 0x00, 0xBD, 0x08, 0xF1
	.byte 0x28, 0x00, 0xBD, 0x08, 0xF1, 0x14, 0x08, 0x3D, 0xF1, 0x78, 0x00, 0xBA, 0x08, 0xF1, 0x28, 0x00
	.byte 0xBA, 0x08, 0xF1, 0x14, 0x08, 0x3A, 0xF1, 0x78, 0xF6, 0x30, 0x00, 0xBD, 0x08, 0xF1, 0x28, 0x00
	.byte 0xBD, 0x08, 0xF1, 0x14, 0x08, 0x3D, 0xF1, 0x78, 0x00, 0xC1, 0x08, 0xF1, 0x28, 0x00, 0xC1, 0x08
	.byte 0xF1, 0x14, 0x08, 0x41, 0xF1, 0x78, 0xF6, 0xC0, 0xF6, 0x30, 0x00, 0xBF, 0x08, 0xF1, 0x28, 0x00
	.byte 0xBF, 0x08, 0xF1, 0x14, 0x08, 0x3F, 0xF1, 0x78, 0x00, 0xBC, 0x08, 0xF1, 0x28, 0x00, 0xBC, 0x08
	.byte 0xF1, 0x14, 0x08, 0x3C, 0xF1, 0x78, 0xF6, 0x30, 0x00, 0xBF, 0x08, 0xF1, 0x28, 0x00, 0xBF, 0x08
	.byte 0xF1, 0x14, 0x08, 0x3F, 0xF1, 0x78, 0x00, 0xC3, 0x08, 0xF1, 0x28, 0x00, 0xC3, 0x08, 0xF1, 0x14
	.byte 0x08, 0x43, 0xF1, 0x78, 0xF6, 0x60, 0xF0, 0x01, 0xF2, 0x78, 0xF1, 0xB4, 0x00, 0xBC, 0x60, 0x60
	.byte 0x3C, 0x60, 0x3A, 0x00, 0xB7, 0xC0, 0x60, 0x37, 0x30, 0x35, 0x30, 0x37, 0x00, 0xBC, 0xC0, 0x60
	.byte 0x3C, 0x60, 0x3D, 0x00, 0xB7, 0xC0, 0xC0, 0x37, 0x18, 0x3C, 0x00, 0xC3, 0x0C, 0xF1, 0x50, 0x0C
	.byte 0x43, 0xF1, 0xB4, 0x00, 0xC2, 0x0C, 0xF1, 0x50, 0x0C, 0x42, 0xF1, 0xB4, 0x00, 0xC5, 0x18, 0xF1
	.byte 0x50, 0x00, 0xC5, 0x0C, 0xF1, 0x28, 0x0C, 0x45, 0xF1, 0xB4, 0x00, 0xC3, 0x18, 0xF1, 0x50, 0x00
	.byte 0xC3, 0x0C, 0xF1, 0x28, 0x0C, 0x43, 0xF1, 0xB4, 0x0C, 0x41, 0xF1, 0x50, 0x0C, 0x41, 0xF1, 0xB4
	.byte 0xF6, 0xC0, 0x18, 0x3B, 0x00, 0xBC, 0x0C, 0xF1, 0x50, 0x0C, 0x3C, 0xF1, 0xB4, 0x00, 0xC3, 0x0C
	.byte 0xF1, 0x50, 0x0C, 0x43, 0xF1, 0xB4, 0x00, 0xC2, 0x18, 0xF1, 0x50, 0x00, 0xC2, 0x0C, 0xF1, 0x28
	.byte 0x0C, 0x42, 0xF1, 0xB4, 0x00, 0xBC, 0x30, 0xF1, 0x50, 0x00, 0xBC, 0x0C, 0xF1, 0x28, 0x0C, 0x3C
	.byte 0xF1, 0xB4, 0xF6, 0xC0, 0x18, 0x3C, 0x00, 0xC3, 0x0C, 0xF1, 0x50, 0x0C, 0x43, 0xF1, 0xB4, 0x00
	.byte 0xC2, 0x0C, 0xF1, 0x50, 0x0C, 0x42, 0xF1, 0xB4, 0x00, 0xC5, 0x18, 0xF1, 0x50, 0x00, 0xC5, 0x0C
	.byte 0xF1, 0x28, 0x0C, 0x45, 0xF1, 0xB4, 0x00, 0xC3, 0x18, 0xF1, 0x50, 0x00, 0xC3, 0x0C, 0xF1, 0x28
	.byte 0x0C, 0x43, 0xF1, 0xB4, 0x00, 0xC1, 0x0C, 0xF1, 0x50, 0x0C, 0x41, 0xF1, 0xB4, 0x18, 0x3F, 0x0C
	.byte 0x3F, 0xF1, 0x50, 0x0C, 0x3F, 0xF1, 0xB4, 0x0C, 0x41, 0xF1, 0x50, 0x0C, 0x41, 0xF1, 0xB4, 0x00
	.byte 0xC3, 0x0C, 0xF1, 0x50, 0x00, 0xC3, 0x0C, 0xF1, 0x28, 0x18, 0x43, 0xF1, 0xB4, 0x00, 0xBC, 0x24
	.byte 0xF1, 0x50, 0x00, 0xBC, 0x0C, 0xF1, 0x28, 0x18, 0x3C, 0xF1, 0xB4, 0x18, 0x3B, 0x00, 0xBC, 0x0C
	.byte 0xF1, 0x50, 0x0C, 0x3C, 0xF1, 0xB4, 0x00, 0xC3, 0x0C, 0xF1, 0x50, 0x0C, 0x43, 0xF1, 0xB4, 0x00
	.byte 0xC2, 0x18, 0xF1, 0x50, 0x00, 0xC2, 0x0C, 0xF1, 0x28, 0x0C, 0x42, 0xF1, 0xB4, 0x00, 0xBC, 0x30
	.byte 0xF1, 0x50, 0x00, 0xBC, 0x0C, 0xF1, 0x28, 0x0C, 0x3C, 0xF1, 0xB4, 0x18, 0x3B, 0x00, 0xBC, 0x0C
	.byte 0xF1, 0x50, 0x0C, 0x3C, 0xF1, 0xB4, 0x00, 0xBB, 0x0C, 0xF1, 0x50, 0x0C, 0x3B, 0xF1, 0xB4, 0x00
	.byte 0xBC, 0x48, 0xF1, 0x50, 0x00, 0xBC, 0x18, 0xF1, 0x28, 0x18, 0x3C, 0xF6, 0xC0, 0xF6, 0x30, 0xF0
	.byte 0x1D, 0xF2, 0x96, 0xF1, 0x78, 0x00, 0xBD, 0x08, 0xF1, 0x3C, 0x00, 0xBD, 0x08, 0xF1, 0x1E, 0x08
	.byte 0x3D, 0xF1, 0x78, 0x00, 0xBA, 0x08, 0xF1, 0x3C, 0x00, 0xBD, 0x08, 0xF1, 0x1E, 0x08, 0x3D, 0xF1
	.byte 0x78, 0xF6, 0x30, 0x00, 0xBD, 0x08, 0xF1, 0x3C, 0x00, 0xBD, 0x08, 0xF1, 0x1E, 0x08, 0x3D, 0xF1
	.byte 0x78, 0x00, 0xC1, 0x08, 0xF1, 0x3C, 0x00, 0xC1, 0x08, 0xF1, 0x1E, 0x08, 0x41, 0xF1, 0x78, 0xF6
	.byte 0xC0, 0xF6, 0x30, 0x00, 0xBF, 0x08, 0xF1, 0x3C, 0x00, 0xBF, 0x08, 0xF1, 0x1E, 0x08, 0x3F, 0xF1
	.byte 0x78, 0x00, 0xBC, 0x08, 0xF1, 0x3C, 0x00, 0xBF, 0x08, 0xF1, 0x1E, 0x08, 0x3F, 0xF1, 0x78, 0xF6
	.byte 0x30, 0x00, 0xBF, 0x08, 0xF1, 0x3C, 0x00, 0xBF, 0x08, 0xF1, 0x1E, 0x08, 0x3F, 0xF1, 0x78, 0x00
	.byte 0xC3, 0x08, 0xF1, 0x3C, 0x00, 0xC3, 0x08, 0xF1, 0x1E, 0x08, 0x43, 0xF1, 0x78, 0xF8, 0x3C, 0xFC
	.byte 0xFF, 0xF9, 0xBA, 0xF0, 0x07, 0xF1, 0xB4, 0x18, 0x24, 0xF6, 0x18, 0x18, 0x24, 0xF6, 0x18, 0x18
	.byte 0x24, 0xF6, 0x18, 0x18, 0x24, 0xF6, 0x18, 0x18, 0x24, 0xF6, 0x18, 0x18, 0x24, 0xF6, 0x18, 0x18
	.byte 0x24, 0xF6, 0x18, 0x18, 0x24, 0x18, 0x24, 0x18, 0x24, 0xF6, 0x18, 0x18, 0x24, 0xF6, 0x18, 0x18
	.byte 0x24, 0xF6, 0x18, 0x18, 0x24, 0xF6, 0x18, 0x18, 0x24, 0xF6, 0x18, 0x18, 0x24, 0xF6, 0x18, 0x18
	.byte 0x24, 0xF6, 0x18, 0x18, 0x24, 0x18, 0x24, 0x18, 0x24, 0xF6, 0x18, 0x18, 0x24, 0xF6, 0x18, 0x18
	.byte 0x24, 0xF6, 0x18, 0x18, 0x24, 0xF6, 0x18, 0x18, 0x24, 0xF6, 0x18, 0x18, 0x24, 0xF6, 0x18, 0x18
	.byte 0x24, 0xF6, 0x18, 0x18, 0x24, 0x18, 0x24, 0x18, 0x24, 0xF6, 0x18, 0x18, 0x24, 0xF6, 0x18, 0x18
	.byte 0x24, 0xF6, 0x18, 0x18, 0x24, 0xF6, 0x18, 0x18, 0x24, 0xF6, 0x18, 0x18, 0x24, 0xF6, 0x18, 0x18
	.byte 0x24, 0xF6, 0x18, 0x18, 0x24, 0x18, 0x24, 0x18, 0x24, 0xF6, 0x18, 0x18, 0x24, 0xF6, 0x18, 0x18
	.byte 0x24, 0xF6, 0x18, 0x18, 0x24, 0xF6, 0x18, 0x18, 0x24, 0xF6, 0x18, 0x18, 0x24, 0xF6, 0x18, 0x18
	.byte 0x24, 0xF6, 0x18, 0x18, 0x24, 0x18, 0x24, 0x18, 0x24, 0xF6, 0x18, 0x18, 0x24, 0xF6, 0x18, 0x18
	.byte 0x24, 0xF6, 0x18, 0x18, 0x24, 0xF6, 0x18, 0x18, 0x24, 0xF6, 0x18, 0x18, 0x24, 0xF6, 0x18, 0x18
	.byte 0x24, 0xF6, 0x18, 0x18, 0x24, 0x18, 0x24, 0x18, 0x24, 0xF6, 0x18, 0x18, 0x24, 0xF6, 0x18, 0x18
	.byte 0x24, 0xF6, 0x18, 0x18, 0x24, 0xF6, 0x18, 0x18, 0x24, 0xF6, 0x18, 0x18, 0x24, 0xF6, 0x18, 0x18
	.byte 0x24, 0xF6, 0x18, 0x18, 0x24, 0x18, 0x24, 0x18, 0x24, 0xF6, 0x18, 0x18, 0x24, 0xF6, 0x18, 0x18
	.byte 0x24, 0xF6, 0x18, 0x18, 0x24, 0xF6, 0x18, 0x18, 0x24, 0xF6, 0x18, 0x18, 0x24, 0xF6, 0x18, 0x18
	.byte 0x24, 0xF6, 0x18, 0x18, 0x24, 0x18, 0x24, 0x18, 0x24, 0xF6, 0x18, 0x18, 0x24, 0xF6, 0x18, 0x18
	.byte 0x24, 0xF6, 0x18, 0x18, 0x24, 0xF6, 0x18, 0x18, 0x24, 0xF6, 0x18, 0x18, 0x24, 0xF6, 0x18, 0x18
	.byte 0x24, 0xF6, 0x18, 0x18, 0x24, 0x18, 0x24, 0x18, 0x24, 0xF6, 0x18, 0x18, 0x24, 0xF6, 0x18, 0x18
	.byte 0x24, 0xF6, 0x18, 0x18, 0x24, 0xF6, 0x18, 0x18, 0x24, 0xF6, 0x18, 0x18, 0x24, 0xF6, 0x18, 0x18
	.byte 0x24, 0xF6, 0x18, 0x18, 0x24, 0x18, 0x24, 0x18, 0x24, 0xF6, 0x18, 0x18, 0x24, 0xF6, 0x18, 0x18
	.byte 0x24, 0xF6, 0x18, 0x18, 0x24, 0xF6, 0x18, 0x18, 0x24, 0xF6, 0x18, 0x18, 0x24, 0xF6, 0x18, 0x18
	.byte 0x24, 0xF6, 0x18, 0x18, 0x24, 0x18, 0x24, 0x18, 0x24, 0xF6, 0x18, 0x18, 0x24, 0xF6, 0x18, 0x18
	.byte 0x24, 0xF6, 0x18, 0x18, 0x24, 0xF6, 0x18, 0x18, 0x24, 0xF6, 0x18, 0x18, 0x24, 0xF6, 0x18, 0x18
	.byte 0x24, 0xF6, 0x18, 0x18, 0x24, 0x18, 0x24, 0x18, 0x24, 0xF6, 0x18, 0x18, 0x24, 0xF6, 0x18, 0x18
	.byte 0x24, 0xF6, 0x18, 0x18, 0x24, 0xF6, 0x18, 0x18, 0x24, 0xF6, 0x18, 0x18, 0x24, 0xF6, 0x18, 0x18
	.byte 0x24, 0xF6, 0x18, 0x18, 0x24, 0x18, 0x24, 0x18, 0x24, 0xF6, 0x18, 0x18, 0x24, 0xF6, 0x18, 0x18
	.byte 0x24, 0xF6, 0x18, 0x18, 0x24, 0xF6, 0x18, 0x18, 0x24, 0xF6, 0x18, 0x18, 0x24, 0xF6, 0x18, 0x18
	.byte 0x24, 0xF6, 0x18, 0x18, 0x24, 0x18, 0x24, 0x18, 0x24, 0xF6, 0x18, 0x18, 0x24, 0xF6, 0x18, 0x18
	.byte 0x24, 0xF6, 0x18, 0x18, 0x24, 0xF6, 0x18, 0x18, 0x24, 0xF6, 0x18, 0x18, 0x24, 0xF6, 0x18, 0x18
	.byte 0x24, 0xF6, 0x18, 0x18, 0x24, 0x18, 0x24, 0x18, 0x24, 0xF6, 0x18, 0x18, 0x24, 0xF6, 0x18, 0x18
	.byte 0x24, 0xF6, 0x18, 0x18, 0x24, 0xF6, 0x18, 0x18, 0x24, 0xF6, 0x18, 0x18, 0x24, 0xF6, 0x18, 0x18
	.byte 0x24, 0xF6, 0x18, 0x18, 0x24, 0x18, 0x24, 0x18, 0x24, 0xF6, 0x18, 0x18, 0x24, 0xF6, 0x18, 0x18
	.byte 0x24, 0xF6, 0x18, 0x18, 0x24, 0xF6, 0x18, 0x18, 0x24, 0xF6, 0x18, 0x18, 0x24, 0xF6, 0x18, 0x18
	.byte 0x24, 0xF6, 0x18, 0x18, 0x24, 0x18, 0x24, 0x18, 0x24, 0xF6, 0x18, 0x18, 0x24, 0xF6, 0x18, 0x18
	.byte 0x24, 0xF6, 0x18, 0x18, 0x24, 0xF6, 0x18, 0x18, 0x24, 0xF6, 0x18, 0x18, 0x24, 0xF6, 0x18, 0x18
	.byte 0x24, 0xF6, 0x18, 0x18, 0x24, 0x18, 0x24, 0xF8, 0xB7, 0xFD, 0xFF, 0xF9, 0xBA, 0xF6, 0x31, 0xF0
	.byte 0x00, 0xF2, 0x78, 0xF1, 0x50, 0x0C, 0x3E, 0xF6, 0x54, 0x0C, 0x3E, 0xF6, 0x24, 0xF6, 0x30, 0x0C
	.byte 0x3E, 0xF6, 0x3C, 0x0C, 0x3E, 0xF6, 0x0C, 0x0C, 0x3E, 0xF6, 0x24, 0xF6, 0x30, 0x0C, 0x3E, 0xF6
	.byte 0x54, 0x0C, 0x3E, 0xF6, 0x24, 0xF6, 0x30, 0x0C, 0x3E, 0xF6, 0x3C, 0x0C, 0x3E, 0xF6, 0x0C, 0x0C
	.byte 0x3E, 0xF6, 0x24, 0xF6, 0x30, 0x0C, 0x3E, 0xF6, 0x54, 0x0C, 0x3E, 0xF6, 0x24, 0xF6, 0x30, 0x0C
	.byte 0x3E, 0xF6, 0x3C, 0x0C, 0x3E, 0xF6, 0x0C, 0x0C, 0x3E, 0xF6, 0x24, 0xF6, 0x30, 0x0C, 0x3E, 0xF6
	.byte 0x54, 0x0C, 0x3E, 0xF6, 0x24, 0xF6, 0x30, 0x0C, 0x3E, 0xF6, 0x3C, 0x0C, 0x3E, 0xF6, 0x0C, 0x0C
	.byte 0x3E, 0xF6, 0x24, 0xF6, 0x30, 0x0C, 0x3E, 0xF6, 0x54, 0x0C, 0x3E, 0xF6, 0x24, 0xF6, 0x30, 0x0C
	.byte 0x3E, 0xF6, 0x3C, 0x0C, 0x3E, 0xF6, 0x0C, 0x0C, 0x3E, 0xF6, 0x24, 0xF6, 0x30, 0x0C, 0x3E, 0xF6
	.byte 0x54, 0x0C, 0x3E, 0xF6, 0x24, 0xF6, 0x30, 0x0C, 0x3E, 0xF6, 0x3C, 0x0C, 0x3E, 0xF6, 0x0C, 0x0C
	.byte 0x3E, 0xF6, 0x24, 0xF6, 0x30, 0x0C, 0x3E, 0xF6, 0x54, 0x0C, 0x3E, 0xF6, 0x24, 0xF6, 0x30, 0x0C
	.byte 0x3E, 0xF6, 0x3C, 0x0C, 0x3E, 0xF6, 0x0C, 0x0C, 0x3E, 0xF6, 0x24, 0xF6, 0x30, 0x0C, 0x3E, 0xF6
	.byte 0x54, 0x0C, 0x3E, 0xF6, 0x24, 0xF6, 0x30, 0x0C, 0x3E, 0xF6, 0x3C, 0x0C, 0x3E, 0xF6, 0x0C, 0x0C
	.byte 0x3E, 0xF6, 0x24, 0xF6, 0xC0, 0xF6, 0xC0, 0xF6, 0xC0, 0xF6, 0xC0, 0xF6, 0xC0, 0xF6, 0xC0, 0xF6
	.byte 0xC0, 0xF6, 0xC0, 0xF6, 0xC0, 0xF6, 0xC0, 0xF6, 0xC0, 0xF6, 0xC0, 0xF6, 0xC0, 0xF6, 0xC0, 0xF6
	.byte 0xC0, 0xF6, 0xC0, 0xF6, 0x30, 0x0C, 0x3E, 0xF6, 0x54, 0x0C, 0x3E, 0xF6, 0x24, 0xF6, 0x30, 0x0C
	.byte 0x3E, 0xF6, 0x3C, 0x0C, 0x3E, 0xF6, 0x0C, 0x0C, 0x3E, 0xF6, 0x24, 0xF6, 0x30, 0x0C, 0x3E, 0xF6
	.byte 0x54, 0x0C, 0x3E, 0xF6, 0x24, 0xF6, 0x30, 0x0C, 0x3E, 0xF6, 0x3C, 0x0C, 0x3E, 0xF6, 0x0C, 0x0C
	.byte 0x3E, 0xF6, 0x23, 0xF8, 0xE5, 0xFE, 0xFF, 0xF9, 0xBA, 0xF6, 0x01, 0xF0, 0xC2, 0xF2, 0x7F, 0xF1
	.byte 0x46, 0x0C, 0x37, 0xF1, 0x14, 0x0C, 0x37, 0xF1, 0x46, 0x08, 0x37, 0xF1, 0x14, 0x04, 0x37, 0xF1
	.byte 0x46, 0x08, 0x37, 0xF1, 0x14, 0x0C, 0x37, 0xF1, 0x46, 0xF6, 0x10, 0x0C, 0x37, 0xF1, 0x14, 0x0C
	.byte 0x37, 0xF1, 0x46, 0xF6, 0x18, 0x0C, 0x37, 0xF1, 0x14, 0x0C, 0x37, 0xF1, 0x46, 0xF6, 0x18, 0x0C
	.byte 0x37, 0xF1, 0x14, 0x0C, 0x37, 0xF1, 0x46, 0xF6, 0x18, 0x0C, 0x37, 0xF1, 0x14, 0x0C, 0x37, 0xF1
	.byte 0x46, 0xF6, 0x18, 0x0C, 0x37, 0xF1, 0x14, 0x0C, 0x37, 0xF1, 0x46, 0xF6, 0x18, 0x0C, 0x37, 0xF1
	.byte 0x14, 0x0C, 0x37, 0xF1, 0x46, 0xF6, 0x18, 0x0C, 0x37, 0xF1, 0x14, 0x0C, 0x37, 0xF1, 0x46, 0xF6
	.byte 0x18, 0x08, 0x37, 0xF1, 0x14, 0x04, 0x37, 0xF1, 0x46, 0x08, 0x37, 0xF1, 0x14, 0x0C, 0x37, 0xF1
	.byte 0x46, 0xF6, 0x10, 0x0C, 0x37, 0xF1, 0x14, 0x0C, 0x37, 0xF1, 0x46, 0xF6, 0x18, 0x0C, 0x37, 0xF1
	.byte 0x14, 0x0C, 0x37, 0xF1, 0x46, 0xF6, 0x18, 0x0C, 0x37, 0xF1, 0x14, 0x0C, 0x37, 0xF1, 0x46, 0xF6
	.byte 0x18, 0x0C, 0x37, 0xF1, 0x14, 0x0C, 0x37, 0xF1, 0x46, 0xF6, 0x18, 0x0C, 0x37, 0xF1, 0x14, 0x0C
	.byte 0x37, 0xF1, 0x46, 0xF6, 0x18, 0x0C, 0x37, 0xF1, 0x14, 0x0C, 0x37, 0xF1, 0x46, 0xF6, 0x18, 0x0C
	.byte 0x37, 0xF1, 0x14, 0x0C, 0x37, 0xF1, 0x46, 0xF6, 0x18, 0x08, 0x35, 0xF1, 0x14, 0x04, 0x35, 0xF1
	.byte 0x46, 0x08, 0x35, 0xF1, 0x14, 0x0C, 0x35, 0xF1, 0x46, 0xF6, 0x10, 0x0C, 0x35, 0xF1, 0x14, 0x0C
	.byte 0x35, 0xF1, 0x46, 0xF6, 0x18, 0x0C, 0x35, 0xF1, 0x14, 0x0C, 0x35, 0xF1, 0x46, 0xF6, 0x18, 0x0C
	.byte 0x35, 0xF1, 0x14, 0x0C, 0x35, 0xF1, 0x46, 0xF6, 0x18, 0x0C, 0x35, 0xF1, 0x14, 0x0C, 0x35, 0xF1
	.byte 0x46, 0xF6, 0x18, 0x0C, 0x35, 0xF1, 0x14, 0x0C, 0x35, 0xF1, 0x46, 0xF6, 0x18, 0x0C, 0x35, 0xF1
	.byte 0x14, 0x0C, 0x35, 0xF1, 0x46, 0xF6, 0x18, 0x0C, 0x35, 0xF1, 0x14, 0x0C, 0x35, 0xF1, 0x46, 0xF6
	.byte 0x18, 0x08, 0x37, 0xF1, 0x14, 0x04, 0x37, 0xF1, 0x46, 0x08, 0x37, 0xF1, 0x14, 0x0C, 0x37, 0xF1
	.byte 0x46, 0xF6, 0x10, 0x0C, 0x37, 0xF1, 0x14, 0x0C, 0x37, 0xF1, 0x46, 0xF6, 0x18, 0x0C, 0x37, 0xF1
	.byte 0x14, 0x0C, 0x37, 0xF1, 0x46, 0xF6, 0x18, 0x0C, 0x37, 0xF1, 0x14, 0x0C, 0x37, 0xF1, 0x46, 0xF6
	.byte 0x18, 0x0C, 0x37, 0xF1, 0x14, 0x0C, 0x37, 0xF1, 0x46, 0xF6, 0x18, 0x0C, 0x37, 0xF1, 0x14, 0x0C
	.byte 0x37, 0xF1, 0x46, 0xF6, 0x18, 0x0C, 0x37, 0xF1, 0x14, 0x0C, 0x37, 0xF1, 0x46, 0xF6, 0x18, 0x0C
	.byte 0x37, 0xF1, 0x14, 0x0C, 0x37, 0xF1, 0x46, 0x0C, 0x37, 0xF1, 0x14, 0x0C, 0x37, 0xF1, 0x46, 0x08
	.byte 0x37, 0xF1, 0x14, 0x04, 0x37, 0xF1, 0x46, 0x08, 0x37, 0xF1, 0x14, 0x0C, 0x37, 0xF1, 0x46, 0xF6
	.byte 0x10, 0x0C, 0x37, 0xF1, 0x14, 0x0C, 0x37, 0xF1, 0x46, 0xF6, 0x18, 0x0C, 0x37, 0xF1, 0x14, 0x0C
	.byte 0x37, 0xF1, 0x46, 0xF6, 0x18, 0x0C, 0x37, 0xF1, 0x14, 0x0C, 0x37, 0xF1, 0x46, 0xF6, 0x18, 0x0C
	.byte 0x37, 0xF1, 0x14, 0x0C, 0x37, 0xF1, 0x46, 0xF6, 0x18, 0x0C, 0x37, 0xF1, 0x14, 0x0C, 0x37, 0xF1
	.byte 0x46, 0xF6, 0x18, 0x0C, 0x37, 0xF1, 0x14, 0x0C, 0x37, 0xF1, 0x46, 0xF6, 0x18, 0x0C, 0x37, 0xF1
	.byte 0x14, 0x0C, 0x37, 0xF1, 0x46, 0xF6, 0x18, 0x08, 0x37, 0xF1, 0x14, 0x04, 0x37, 0xF1, 0x46, 0x08
	.byte 0x37, 0xF1, 0x14, 0x0C, 0x37, 0xF1, 0x46, 0xF6, 0x10, 0x0C, 0x37, 0xF1, 0x14, 0x0C, 0x37, 0xF1
	.byte 0x46, 0xF6, 0x18, 0x0C, 0x37, 0xF1, 0x14, 0x0C, 0x37, 0xF1, 0x46, 0xF6, 0x18, 0x0C, 0x37, 0xF1
	.byte 0x14, 0x0C, 0x37, 0xF1, 0x46, 0xF6, 0x18, 0x0C, 0x37, 0xF1, 0x14, 0x0C, 0x37, 0xF1, 0x46, 0xF6
	.byte 0x18, 0x0C, 0x37, 0xF1, 0x14, 0x0C, 0x37, 0xF1, 0x46, 0xF6, 0x18, 0x0C, 0x37, 0xF1, 0x14, 0x0C
	.byte 0x37, 0xF1, 0x46, 0xF6, 0x18, 0x0C, 0x37, 0xF1, 0x14, 0x0C, 0x37, 0xF1, 0x46, 0xF6, 0x18, 0x08
	.byte 0x35, 0xF1, 0x14, 0x04, 0x35, 0xF1, 0x46, 0x08, 0x35, 0xF1, 0x14, 0x0C, 0x35, 0xF1, 0x46, 0xF6
	.byte 0x10, 0x0C, 0x35, 0xF1, 0x14, 0x0C, 0x35, 0xF1, 0x46, 0xF6, 0x18, 0x0C, 0x35, 0xF1, 0x14, 0x0C
	.byte 0x35, 0xF1, 0x46, 0xF6, 0x18, 0x0C, 0x35, 0xF1, 0x14, 0x0C, 0x35, 0xF1, 0x46, 0xF6, 0x18, 0x0C
	.byte 0x35, 0xF1, 0x14, 0x0C, 0x35, 0xF1, 0x46, 0xF6, 0x18, 0x0C, 0x35, 0xF1, 0x14, 0x0C, 0x35, 0xF1
	.byte 0x46, 0xF6, 0x18, 0x0C, 0x35, 0xF1, 0x14, 0x0C, 0x35, 0xF1, 0x46, 0xF6, 0x18, 0x0C, 0x35, 0xF1
	.byte 0x14, 0x0C, 0x35, 0xF1, 0x46, 0xF6, 0x18, 0x08, 0x37, 0xF1, 0x14, 0x04, 0x37, 0xF1, 0x46, 0x08
	.byte 0x37, 0xF1, 0x14, 0x0C, 0x37, 0xF1, 0x46, 0xF6, 0x10, 0x0C, 0x37, 0xF1, 0x14, 0x0C, 0x37, 0xF1
	.byte 0x46, 0xF6, 0x18, 0x0C, 0x37, 0xF1, 0x14, 0x0C, 0x37, 0xF1, 0x46, 0xF6, 0x18, 0x0C, 0x37, 0xF1
	.byte 0x14, 0x0C, 0x37, 0xF1, 0x46, 0xF6, 0x18, 0x0C, 0x37, 0xF1, 0x14, 0x0C, 0x37, 0xF1, 0x46, 0xF6
	.byte 0x18, 0x0C, 0x37, 0xF1, 0x14, 0x0C, 0x37, 0xF1, 0x46, 0xF6, 0x18, 0x0C, 0x37, 0xF1, 0x14, 0x0C
	.byte 0x37, 0xF1, 0x46, 0xF6, 0x18, 0x0C, 0x37, 0xF1, 0x14, 0x0C, 0x37, 0xF1, 0x46, 0x0C, 0x37, 0xF1
	.byte 0x14, 0x0C, 0x37, 0xF1, 0x46, 0x08, 0x37, 0xF1, 0x14, 0x04, 0x37, 0xF1, 0x46, 0x08, 0x37, 0xF1
	.byte 0x14, 0x0C, 0x37, 0xF1, 0x46, 0xF6, 0x10, 0x0C, 0x37, 0xF1, 0x14, 0x0C, 0x37, 0xF1, 0x46, 0xF6
	.byte 0x18, 0x0C, 0x37, 0xF1, 0x14, 0x0C, 0x37, 0xF1, 0x46, 0xF6, 0x18, 0x0C, 0x37, 0xF1, 0x14, 0x0C
	.byte 0x37, 0xF1, 0x46, 0xF6, 0x18, 0x0C, 0x37, 0xF1, 0x14, 0x0C, 0x37, 0xF1, 0x46, 0xF6, 0x18, 0x0C
	.byte 0x37, 0xF1, 0x14, 0x0C, 0x37, 0xF1, 0x46, 0xF6, 0x18, 0x0C, 0x37, 0xF1, 0x14, 0x0C, 0x37, 0xF1
	.byte 0x46, 0xF6, 0x18, 0x0C, 0x37, 0xF1, 0x14, 0x0C, 0x37, 0xF1, 0x46, 0xF6, 0x18, 0x08, 0x37, 0xF1
	.byte 0x14, 0x04, 0x37, 0xF1, 0x46, 0x08, 0x37, 0xF1, 0x14, 0x0C, 0x37, 0xF1, 0x46, 0xF6, 0x10, 0x0C
	.byte 0x37, 0xF1, 0x14, 0x0C, 0x37, 0xF1, 0x46, 0xF6, 0x18, 0x0C, 0x37, 0xF1, 0x14, 0x0C, 0x37, 0xF1
	.byte 0x46, 0xF6, 0x18, 0x0C, 0x37, 0xF1, 0x14, 0x0C, 0x37, 0xF1, 0x46, 0xF6, 0x18, 0x0C, 0x37, 0xF1
	.byte 0x14, 0x0C, 0x37, 0xF1, 0x46, 0xF6, 0x18, 0x0C, 0x37, 0xF1, 0x14, 0x0C, 0x37, 0xF1, 0x46, 0xF6
	.byte 0x18, 0x0C, 0x37, 0xF1, 0x14, 0x0C, 0x37, 0xF1, 0x46, 0xF6, 0x18, 0x0C, 0x37, 0xF1, 0x14, 0x0C
	.byte 0x37, 0xF1, 0x46, 0x0C, 0x37, 0xF1, 0x14, 0x0C, 0x37, 0xF1, 0x46, 0x08, 0x37, 0xF1, 0x14, 0x04
	.byte 0x37, 0xF1, 0x46, 0x08, 0x37, 0xF1, 0x14, 0x0C, 0x37, 0xF1, 0x46, 0xF6, 0x10, 0x0C, 0x37, 0xF1
	.byte 0x14, 0x0C, 0x37, 0xF1, 0x46, 0xF6, 0x18, 0x0C, 0x37, 0xF1, 0x14, 0x0C, 0x37, 0xF1, 0x46, 0xF6
	.byte 0x18, 0x0C, 0x37, 0xF1, 0x14, 0x0C, 0x37, 0xF1, 0x46, 0xF6, 0x18, 0x0C, 0x37, 0xF1, 0x14, 0x0C
	.byte 0x37, 0xF1, 0x46, 0xF6, 0x18, 0x0C, 0x37, 0xF1, 0x14, 0x0C, 0x37, 0xF1, 0x46, 0xF6, 0x18, 0x0C
	.byte 0x37, 0xF1, 0x14, 0x0C, 0x37, 0xF1, 0x46, 0xF6, 0x18, 0x0C, 0x37, 0xF1, 0x14, 0x0C, 0x37, 0xF1
	.byte 0x46, 0xF6, 0x18, 0x08, 0x37, 0xF1, 0x14, 0x04, 0x37, 0xF1, 0x46, 0x08, 0x37, 0xF1, 0x14, 0x0C
	.byte 0x37, 0xF1, 0x46, 0xF6, 0x10, 0x0C, 0x37, 0xF1, 0x14, 0x0C, 0x37, 0xF1, 0x46, 0xF6, 0x18, 0x0C
	.byte 0x37, 0xF1, 0x14, 0x0C, 0x37, 0xF1, 0x46, 0xF6, 0x18, 0x0C, 0x37, 0xF1, 0x14, 0x0C, 0x37, 0xF1
	.byte 0x46, 0xF6, 0x18, 0x0C, 0x37, 0xF1, 0x14, 0x0C, 0x37, 0xF1, 0x46, 0xF6, 0x18, 0x0C, 0x37, 0xF1
	.byte 0x14, 0x0C, 0x37, 0xF1, 0x46, 0xF6, 0x18, 0x0C, 0x37, 0xF1, 0x14, 0x0C, 0x37, 0xF1, 0x46, 0xF6
	.byte 0x18, 0x0C, 0x37, 0xF1, 0x14, 0x0C, 0x37, 0xF1, 0x46, 0x0C, 0x37, 0xF1, 0x14, 0x0C, 0x37, 0xF1
	.byte 0x46, 0x08, 0x37, 0xF1, 0x14, 0x04, 0x37, 0xF1, 0x46, 0x08, 0x37, 0xF1, 0x14, 0x0C, 0x37, 0xF1
	.byte 0x46, 0xF6, 0x10, 0x0C, 0x37, 0xF1, 0x14, 0x0C, 0x37, 0xF1, 0x46, 0xF6, 0x18, 0x0C, 0x37, 0xF1
	.byte 0x14, 0x0C, 0x37, 0xF1, 0x46, 0xF6, 0x18, 0x0C, 0x37, 0xF1, 0x14, 0x0C, 0x37, 0xF1, 0x46, 0xF6
	.byte 0x18, 0x0C, 0x37, 0xF1, 0x14, 0x0C, 0x37, 0xF1, 0x46, 0xF6, 0x18, 0x0C, 0x37, 0xF1, 0x14, 0x0C
	.byte 0x37, 0xF1, 0x46, 0xF6, 0x18, 0x0C, 0x37, 0xF1, 0x14, 0x0C, 0x37, 0xF1, 0x46, 0xF6, 0x18, 0x0C
	.byte 0x37, 0xF1, 0x14, 0x0C, 0x37, 0xF1, 0x46, 0xF6, 0x18, 0x08, 0x37, 0xF1, 0x14, 0x04, 0x37, 0xF1
	.byte 0x46, 0x08, 0x37, 0xF1, 0x14, 0x0C, 0x37, 0xF1, 0x46, 0xF6, 0x10, 0x0C, 0x37, 0xF1, 0x14, 0x0C
	.byte 0x37, 0xF1, 0x46, 0xF6, 0x18, 0x0C, 0x37, 0xF1, 0x14, 0x0C, 0x37, 0xF1, 0x46, 0xF6, 0x18, 0x0C
	.byte 0x37, 0xF1, 0x14, 0x0C, 0x37, 0xF1, 0x46, 0xF6, 0x18, 0x0C, 0x37, 0xF1, 0x14, 0x0C, 0x37, 0xF1
	.byte 0x46, 0xF6, 0x18, 0x0C, 0x37, 0xF1, 0x14, 0x0C, 0x37, 0xF1, 0x46, 0xF6, 0x18, 0x0C, 0x37, 0xF1
	.byte 0x14, 0x0C, 0x37, 0xF1, 0x46, 0xF6, 0x18, 0x0C, 0x37, 0xF1, 0x14, 0x0C, 0x37, 0xF1, 0x46, 0x0C
	.byte 0x37, 0xF1, 0x14, 0x0C, 0x37, 0xF1, 0x46, 0x08, 0x37, 0xF1, 0x14, 0x04, 0x37, 0xF1, 0x46, 0x08
	.byte 0x37, 0xF1, 0x14, 0x0C, 0x37, 0xF1, 0x46, 0xF6, 0x10, 0x0C, 0x37, 0xF1, 0x14, 0x0C, 0x37, 0xF1
	.byte 0x46, 0xF6, 0x18, 0x0C, 0x37, 0xF1, 0x14, 0x0C, 0x37, 0xF1, 0x46, 0xF6, 0x18, 0x0C, 0x37, 0xF1
	.byte 0x14, 0x0C, 0x37, 0xF1, 0x46, 0xF6, 0x18, 0x0C, 0x37, 0xF1, 0x14, 0x0C, 0x37, 0xF1, 0x46, 0xF6
	.byte 0x18, 0x0C, 0x37, 0xF1, 0x14, 0x0C, 0x37, 0xF1, 0x46, 0xF6, 0x18, 0x0C, 0x37, 0xF1, 0x14, 0x0C
	.byte 0x37, 0xF1, 0x46, 0xF6, 0x18, 0x0C, 0x37, 0xF1, 0x14, 0x0C, 0x37, 0xF1, 0x46, 0xF6, 0x18, 0x08
	.byte 0x37, 0xF1, 0x14, 0x04, 0x37, 0xF1, 0x46, 0x08, 0x37, 0xF1, 0x14, 0x0C, 0x37, 0xF1, 0x46, 0xF6
	.byte 0x10, 0x0C, 0x37, 0xF6, 0x24, 0x0C, 0x37, 0xF6, 0x24, 0x0C, 0x37, 0xF6, 0x0C, 0xF6, 0x18, 0x0C
	.byte 0x37, 0xF1, 0x14, 0x0C, 0x37, 0xF1, 0x46, 0xF6, 0x18, 0x0C, 0x37, 0xF1, 0x14, 0x0C, 0x37, 0xF1
	.byte 0x46, 0xF6, 0x18, 0x0C, 0x37, 0xF1, 0x14, 0x0C, 0x37, 0xF1, 0x46, 0xF6, 0x18, 0x0C, 0x37, 0xF1
	.byte 0x14, 0x0C, 0x37, 0xF1, 0x46, 0x0C, 0x35, 0xF1, 0x14, 0x0C, 0x35, 0xF1, 0x46, 0x08, 0x35, 0xF1
	.byte 0x14, 0x04, 0x35, 0xF1, 0x46, 0x08, 0x35, 0xF1, 0x14, 0x0C, 0x35, 0xF1, 0x46, 0xF6, 0x10, 0x0C
	.byte 0x35, 0xF1, 0x14, 0x0C, 0x35, 0xF1, 0x46, 0xF6, 0x18, 0x0C, 0x35, 0xF1, 0x14, 0x0C, 0x35, 0xF1
	.byte 0x46, 0xF6, 0x18, 0x0C, 0x35, 0xF1, 0x14, 0x0C, 0x35, 0xF1, 0x46, 0xF6, 0x18, 0x0C, 0x35, 0xF1
	.byte 0x14, 0x0C, 0x35, 0xF1, 0x46, 0xF6, 0x18, 0x0C, 0x35, 0xF1, 0x14, 0x0C, 0x35, 0xF1, 0x46, 0xF6
	.byte 0x18, 0x0C, 0x35, 0xF1, 0x14, 0x0C, 0x35, 0xF1, 0x46, 0xF6, 0x18, 0x0C, 0x35, 0xF1, 0x14, 0x0C
	.byte 0x35, 0xF1, 0x46, 0xF6, 0x18, 0x08, 0x37, 0xF1, 0x14, 0x04, 0x37, 0xF1, 0x46, 0x08, 0x37, 0xF1
	.byte 0x14, 0x0C, 0x37, 0xF1, 0x46, 0xF6, 0x10, 0x0C, 0x37, 0xF1, 0x14, 0x0C, 0x37, 0xF1, 0x46, 0xF6
	.byte 0x18, 0x0C, 0x37, 0xF1, 0x14, 0x0C, 0x37, 0xF1, 0x46, 0xF6, 0x18, 0x0C, 0x37, 0xF1, 0x14, 0x0C
	.byte 0x37, 0xF1, 0x46, 0xF6, 0x18, 0x0C, 0x37, 0xF1, 0x14, 0x0C, 0x37, 0xF1, 0x46, 0xF6, 0x18, 0x0C
	.byte 0x37, 0xF1, 0x14, 0x0C, 0x37, 0xF1, 0x46, 0xF6, 0x18, 0x0C, 0x37, 0xF1, 0x14, 0x0C, 0x37, 0xF1
	.byte 0x46, 0xF6, 0x18, 0x0C, 0x37, 0xF1, 0x14, 0x0B, 0x37, 0xF8, 0xAB, 0xF9, 0xFF, 0xF9, 0xBA, 0xF6
	.byte 0x01, 0xF0, 0xC2, 0xF2, 0xA0, 0xF1, 0x50, 0x0C, 0x30, 0xF1, 0x14, 0x0C, 0x30, 0xF1, 0x50, 0x08
	.byte 0x30, 0xF1, 0x14, 0x04, 0x30, 0xF1, 0x50, 0x08, 0x30, 0xF1, 0x14, 0x0C, 0x30, 0xF1, 0x50, 0xF6
	.byte 0x10, 0x0C, 0x30, 0xF1, 0x14, 0x0C, 0x30, 0xF1, 0x50, 0xF6, 0x18, 0x0C, 0x30, 0xF1, 0x14, 0x0C
	.byte 0x30, 0xF1, 0x50, 0xF6, 0x18, 0x0C, 0x30, 0xF1, 0x14, 0x0C, 0x30, 0xF1, 0x50, 0xF6, 0x18, 0x0C
	.byte 0x30, 0xF1, 0x14, 0x0C, 0x30, 0xF1, 0x50, 0xF6, 0x18, 0x0C, 0x30, 0xF1, 0x14, 0x0C, 0x30, 0xF1
	.byte 0x50, 0xF6, 0x18, 0x0C, 0x30, 0xF1, 0x14, 0x0C, 0x30, 0xF1, 0x50, 0xF6, 0x18, 0x0C, 0x30, 0xF1
	.byte 0x14, 0x0C, 0x30, 0xF1, 0x50, 0xF6, 0x18, 0x08, 0x30, 0xF1, 0x14, 0x04, 0x30, 0xF1, 0x50, 0x08
	.byte 0x30, 0xF1, 0x14, 0x0C, 0x30, 0xF1, 0x50, 0xF6, 0x10, 0x0C, 0x30, 0xF1, 0x14, 0x0C, 0x30, 0xF1
	.byte 0x50, 0xF6, 0x18, 0x0C, 0x30, 0xF1, 0x14, 0x0C, 0x30, 0xF1, 0x50, 0xF6, 0x18, 0x0C, 0x30, 0xF1
	.byte 0x14, 0x0C, 0x30, 0xF1, 0x50, 0xF6, 0x18, 0x0C, 0x30, 0xF1, 0x14, 0x0C, 0x30, 0xF1, 0x50, 0xF6
	.byte 0x18, 0x0C, 0x30, 0xF1, 0x14, 0x0C, 0x30, 0xF1, 0x50, 0xF6, 0x18, 0x0C, 0x30, 0xF1, 0x14, 0x0C
	.byte 0x30, 0xF1, 0x50, 0xF6, 0x18, 0x0C, 0x30, 0xF1, 0x14, 0x0C, 0x30, 0xF1, 0x50, 0xF6, 0x18, 0x08
	.byte 0x2E, 0xF1, 0x14, 0x04, 0x2E, 0xF1, 0x50, 0x08, 0x2E, 0xF1, 0x14, 0x0C, 0x2E, 0xF1, 0x50, 0xF6
	.byte 0x10, 0x0C, 0x2E, 0xF1, 0x14, 0x0C, 0x2E, 0xF1, 0x50, 0xF6, 0x18, 0x0C, 0x2E, 0xF1, 0x14, 0x0C
	.byte 0x2E, 0xF1, 0x50, 0xF6, 0x18, 0x0C, 0x2E, 0xF1, 0x14, 0x0C, 0x2E, 0xF1, 0x50, 0xF6, 0x18, 0x0C
	.byte 0x2E, 0xF1, 0x14, 0x0C, 0x2E, 0xF1, 0x50, 0xF6, 0x18, 0x0C, 0x2E, 0xF1, 0x14, 0x0C, 0x2E, 0xF1
	.byte 0x50, 0xF6, 0x18, 0x0C, 0x2E, 0xF1, 0x14, 0x0C, 0x2E, 0xF1, 0x50, 0xF6, 0x18, 0x0C, 0x2E, 0xF1
	.byte 0x14, 0x0C, 0x2E, 0xF1, 0x50, 0xF6, 0x18, 0x08, 0x30, 0xF1, 0x14, 0x04, 0x30, 0xF1, 0x50, 0x08
	.byte 0x30, 0xF1, 0x14, 0x0C, 0x30, 0xF1, 0x50, 0xF6, 0x10, 0x0C, 0x30, 0xF1, 0x14, 0x0C, 0x30, 0xF1
	.byte 0x50, 0xF6, 0x18, 0x0C, 0x30, 0xF1, 0x14, 0x0C, 0x30, 0xF1, 0x50, 0xF6, 0x18, 0x0C, 0x30, 0xF1
	.byte 0x14, 0x0C, 0x30, 0xF1, 0x50, 0xF6, 0x18, 0x0C, 0x30, 0xF1, 0x14, 0x0C, 0x30, 0xF1, 0x50, 0xF6
	.byte 0x18, 0x0C, 0x30, 0xF1, 0x14, 0x0C, 0x30, 0xF1, 0x50, 0xF6, 0x18, 0x0C, 0x30, 0xF1, 0x14, 0x0C
	.byte 0x30, 0xF1, 0x50, 0xF6, 0x18, 0x0C, 0x30, 0xF1, 0x14, 0x0C, 0x30, 0xF1, 0x50, 0x0C, 0x30, 0xF1
	.byte 0x14, 0x0C, 0x30, 0xF1, 0x50, 0x08, 0x30, 0xF1, 0x14, 0x04, 0x30, 0xF1, 0x50, 0x08, 0x30, 0xF1
	.byte 0x14, 0x0C, 0x30, 0xF1, 0x50, 0xF6, 0x10, 0x0C, 0x30, 0xF1, 0x14, 0x0C, 0x30, 0xF1, 0x50, 0xF6
	.byte 0x18, 0x0C, 0x30, 0xF1, 0x14, 0x0C, 0x30, 0xF1, 0x50, 0xF6, 0x18, 0x0C, 0x30, 0xF1, 0x14, 0x0C
	.byte 0x30, 0xF1, 0x50, 0xF6, 0x18, 0x0C, 0x30, 0xF1, 0x14, 0x0C, 0x30, 0xF1, 0x50, 0xF6, 0x18, 0x0C
	.byte 0x30, 0xF1, 0x14, 0x0C, 0x30, 0xF1, 0x50, 0xF6, 0x18, 0x0C, 0x30, 0xF1, 0x14, 0x0C, 0x30, 0xF1
	.byte 0x50, 0xF6, 0x18, 0x0C, 0x30, 0xF1, 0x14, 0x0C, 0x30, 0xF1, 0x50, 0xF6, 0x18, 0x08, 0x30, 0xF1
	.byte 0x14, 0x04, 0x30, 0xF1, 0x50, 0x08, 0x30, 0xF1, 0x14, 0x0C, 0x30, 0xF1, 0x50, 0xF6, 0x10, 0x0C
	.byte 0x30, 0xF1, 0x14, 0x0C, 0x30, 0xF1, 0x50, 0xF6, 0x18, 0x0C, 0x30, 0xF1, 0x14, 0x0C, 0x30, 0xF1
	.byte 0x50, 0xF6, 0x18, 0x0C, 0x30, 0xF1, 0x14, 0x0C, 0x30, 0xF1, 0x50, 0xF6, 0x18, 0x0C, 0x30, 0xF1
	.byte 0x14, 0x0C, 0x30, 0xF1, 0x50, 0xF6, 0x18, 0x0C, 0x30, 0xF1, 0x14, 0x0C, 0x30, 0xF1, 0x50, 0xF6
	.byte 0x18, 0x0C, 0x30, 0xF1, 0x14, 0x0C, 0x30, 0xF1, 0x50, 0xF6, 0x18, 0x0C, 0x30, 0xF1, 0x14, 0x0C
	.byte 0x30, 0xF1, 0x50, 0xF6, 0x18, 0x08, 0x2E, 0xF1, 0x14, 0x04, 0x30, 0xF1, 0x50, 0x08, 0x2E, 0xF1
	.byte 0x14, 0x0C, 0x30, 0xF1, 0x50, 0xF6, 0x10, 0x0C, 0x2E, 0xF1, 0x14, 0x0C, 0x30, 0xF1, 0x50, 0xF6
	.byte 0x18, 0x0C, 0x2E, 0xF1, 0x14, 0x0C, 0x30, 0xF1, 0x50, 0xF6, 0x18, 0x0C, 0x2E, 0xF1, 0x14, 0x0C
	.byte 0x30, 0xF1, 0x50, 0xF6, 0x18, 0x0C, 0x2E, 0xF1, 0x14, 0x0C, 0x30, 0xF1, 0x50, 0xF6, 0x18, 0x0C
	.byte 0x2E, 0xF1, 0x14, 0x0C, 0x30, 0xF1, 0x50, 0xF6, 0x18, 0x0C, 0x2E, 0xF1, 0x14, 0x0C, 0x30, 0xF1
	.byte 0x50, 0xF6, 0x18, 0x0C, 0x2E, 0xF1, 0x14, 0x0C, 0x30, 0xF1, 0x50, 0xF6, 0x18, 0x08, 0x30, 0xF1
	.byte 0x14, 0x04, 0x30, 0xF1, 0x50, 0x08, 0x30, 0xF1, 0x14, 0x0C, 0x30, 0xF1, 0x50, 0xF6, 0x10, 0x0C
	.byte 0x30, 0xF1, 0x14, 0x0C, 0x30, 0xF1, 0x50, 0xF6, 0x18, 0x0C, 0x30, 0xF1, 0x14, 0x0C, 0x30, 0xF1
	.byte 0x50, 0xF6, 0x18, 0x0C, 0x30, 0xF1, 0x14, 0x0C, 0x30, 0xF1, 0x50, 0xF6, 0x18, 0x0C, 0x30, 0xF1
	.byte 0x14, 0x0C, 0x30, 0xF1, 0x50, 0xF6, 0x18, 0x0C, 0x30, 0xF1, 0x14, 0x0C, 0x30, 0xF1, 0x50, 0xF6
	.byte 0x18, 0x0C, 0x30, 0xF1, 0x14, 0x0C, 0x30, 0xF1, 0x50, 0xF6, 0x18, 0x0C, 0x30, 0xF1, 0x14, 0x0C
	.byte 0x30, 0xF1, 0x50, 0x0C, 0x30, 0xF1, 0x14, 0x0C, 0x30, 0xF1, 0x50, 0x08, 0x30, 0xF1, 0x14, 0x04
	.byte 0x30, 0xF1, 0x50, 0x08, 0x30, 0xF1, 0x14, 0x0C, 0x30, 0xF1, 0x50, 0xF6, 0x10, 0x0C, 0x30, 0xF1
	.byte 0x14, 0x0C, 0x30, 0xF1, 0x50, 0xF6, 0x18, 0x0C, 0x30, 0xF1, 0x14, 0x0C, 0x30, 0xF1, 0x50, 0xF6
	.byte 0x18, 0x0C, 0x30, 0xF1, 0x14, 0x0C, 0x30, 0xF1, 0x50, 0xF6, 0x18, 0x0C, 0x30, 0xF1, 0x14, 0x0C
	.byte 0x30, 0xF1, 0x50, 0xF6, 0x18, 0x0C, 0x30, 0xF1, 0x14, 0x0C, 0x30, 0xF1, 0x50, 0xF6, 0x18, 0x0C
	.byte 0x30, 0xF1, 0x14, 0x0C, 0x30, 0xF1, 0x50, 0xF6, 0x18, 0x0C, 0x30, 0xF1, 0x14, 0x0C, 0x30, 0xF1
	.byte 0x50, 0xF6, 0x18, 0x08, 0x30, 0xF1, 0x14, 0x04, 0x30, 0xF1, 0x50, 0x08, 0x30, 0xF1, 0x14, 0x0C
	.byte 0x30, 0xF1, 0x50, 0xF6, 0x10, 0x0C, 0x30, 0xF1, 0x14, 0x0C, 0x30, 0xF1, 0x50, 0xF6, 0x18, 0x0C
	.byte 0x30, 0xF1, 0x14, 0x0C, 0x30, 0xF1, 0x50, 0xF6, 0x18, 0x0C, 0x30, 0xF1, 0x14, 0x0C, 0x30, 0xF1
	.byte 0x50, 0xF6, 0x18, 0x0C, 0x30, 0xF1, 0x14, 0x0C, 0x30, 0xF1, 0x50, 0xF6, 0x18, 0x0C, 0x30, 0xF1
	.byte 0x14, 0x0C, 0x30, 0xF1, 0x50, 0xF6, 0x18, 0x0C, 0x30, 0xF1, 0x14, 0x0C, 0x30, 0xF1, 0x50, 0xF6
	.byte 0x18, 0x0C, 0x30, 0xF1, 0x14, 0x0C, 0x30, 0xF1, 0x50, 0x0C, 0x30, 0xF1, 0x14, 0x0C, 0x30, 0xF1
	.byte 0x50, 0x08, 0x30, 0xF1, 0x14, 0x04, 0x30, 0xF1, 0x50, 0x08, 0x30, 0xF1, 0x14, 0x0C, 0x30, 0xF1
	.byte 0x50, 0xF6, 0x10, 0x0C, 0x30, 0xF1, 0x14, 0x0C, 0x30, 0xF1, 0x50, 0xF6, 0x18, 0x0C, 0x30, 0xF1
	.byte 0x14, 0x0C, 0x30, 0xF1, 0x50, 0xF6, 0x18, 0x0C, 0x30, 0xF1, 0x14, 0x0C, 0x30, 0xF1, 0x50, 0xF6
	.byte 0x18, 0x0C, 0x30, 0xF1, 0x14, 0x0C, 0x30, 0xF1, 0x50, 0xF6, 0x18, 0x0C, 0x30, 0xF1, 0x14, 0x0C
	.byte 0x30, 0xF1, 0x50, 0xF6, 0x18, 0x0C, 0x30, 0xF1, 0x14, 0x0C, 0x30, 0xF1, 0x50, 0xF6, 0x18, 0x0C
	.byte 0x30, 0xF1, 0x14, 0x0C, 0x30, 0xF1, 0x50, 0xF6, 0x18, 0x08, 0x30, 0xF1, 0x14, 0x04, 0x30, 0xF1
	.byte 0x50, 0x08, 0x30, 0xF1, 0x14, 0x0C, 0x30, 0xF1, 0x50, 0xF6, 0x10, 0x0C, 0x30, 0xF1, 0x14, 0x0C
	.byte 0x30, 0xF1, 0x50, 0xF6, 0x18, 0x0C, 0x30, 0xF1, 0x14, 0x0C, 0x30, 0xF1, 0x50, 0xF6, 0x18, 0x0C
	.byte 0x30, 0xF1, 0x14, 0x0C, 0x30, 0xF1, 0x50, 0xF6, 0x18, 0x0C, 0x30, 0xF1, 0x14, 0x0C, 0x30, 0xF1
	.byte 0x50, 0xF6, 0x18, 0x0C, 0x30, 0xF1, 0x14, 0x0C, 0x30, 0xF1, 0x50, 0xF6, 0x18, 0x0C, 0x30, 0xF1
	.byte 0x14, 0x0C, 0x30, 0xF1, 0x50, 0xF6, 0x18, 0x0C, 0x30, 0xF1, 0x14, 0x0C, 0x30, 0xF1, 0x50, 0x0C
	.byte 0x30, 0xF1, 0x14, 0x0C, 0x30, 0xF1, 0x50, 0x08, 0x30, 0xF1, 0x14, 0x04, 0x30, 0xF1, 0x50, 0x08
	.byte 0x30, 0xF1, 0x14, 0x0C, 0x30, 0xF1, 0x50, 0xF6, 0x10, 0x0C, 0x30, 0xF1, 0x14, 0x0C, 0x30, 0xF1
	.byte 0x50, 0xF6, 0x18, 0x0C, 0x30, 0xF1, 0x14, 0x0C, 0x30, 0xF1, 0x50, 0xF6, 0x18, 0x0C, 0x30, 0xF1
	.byte 0x14, 0x0C, 0x30, 0xF1, 0x50, 0xF6, 0x18, 0x0C, 0x30, 0xF1, 0x14, 0x0C, 0x30, 0xF1, 0x50, 0xF6
	.byte 0x18, 0x0C, 0x30, 0xF1, 0x14, 0x0C, 0x30, 0xF1, 0x50, 0xF6, 0x18, 0x0C, 0x30, 0xF1, 0x14, 0x0C
	.byte 0x30, 0xF1, 0x50, 0xF6, 0x18, 0x0C, 0x30, 0xF1, 0x14, 0x0C, 0x30, 0xF1, 0x50, 0xF6, 0x18, 0x08
	.byte 0x30, 0xF1, 0x14, 0x04, 0x30, 0xF1, 0x50, 0x08, 0x30, 0xF1, 0x14, 0x0C, 0x30, 0xF1, 0x50, 0xF6
	.byte 0x10, 0x0C, 0x30, 0xF1, 0x14, 0x0C, 0x30, 0xF1, 0x50, 0xF6, 0x18, 0x0C, 0x30, 0xF1, 0x14, 0x0C
	.byte 0x30, 0xF1, 0x50, 0xF6, 0x18, 0x0C, 0x30, 0xF1, 0x14, 0x0C, 0x30, 0xF1, 0x50, 0xF6, 0x18, 0x0C
	.byte 0x30, 0xF1, 0x14, 0x0C, 0x30, 0xF1, 0x50, 0xF6, 0x18, 0x0C, 0x30, 0xF1, 0x14, 0x0C, 0x30, 0xF1
	.byte 0x50, 0xF6, 0x18, 0x0C, 0x30, 0xF1, 0x14, 0x0C, 0x30, 0xF1, 0x50, 0xF6, 0x18, 0x0C, 0x30, 0xF1
	.byte 0x14, 0x0C, 0x30, 0xF1, 0x50, 0x0C, 0x30, 0xF1, 0x14, 0x0C, 0x30, 0xF1, 0x50, 0x08, 0x30, 0xF1
	.byte 0x14, 0x04, 0x30, 0xF1, 0x50, 0x08, 0x30, 0xF1, 0x14, 0x0C, 0x30, 0xF1, 0x50, 0xF6, 0x10, 0x0C
	.byte 0x30, 0xF1, 0x14, 0x0C, 0x30, 0xF1, 0x50, 0xF6, 0x18, 0x0C, 0x30, 0xF1, 0x14, 0x0C, 0x30, 0xF1
	.byte 0x50, 0xF6, 0x18, 0x0C, 0x30, 0xF1, 0x14, 0x0C, 0x30, 0xF1, 0x50, 0xF6, 0x18, 0x0C, 0x30, 0xF1
	.byte 0x14, 0x0C, 0x30, 0xF1, 0x50, 0xF6, 0x18, 0x0C, 0x30, 0xF1, 0x14, 0x0C, 0x30, 0xF1, 0x50, 0xF6
	.byte 0x18, 0x0C, 0x30, 0xF1, 0x14, 0x0C, 0x30, 0xF1, 0x50, 0xF6, 0x18, 0x0C, 0x30, 0xF1, 0x14, 0x0C
	.byte 0x30, 0xF1, 0x50, 0xF6, 0x18, 0x08, 0x30, 0xF1, 0x14, 0x04, 0x30, 0xF1, 0x50, 0x08, 0x30, 0xF1
	.byte 0x14, 0x0C, 0x30, 0xF1, 0x50, 0xF6, 0x10, 0x0C, 0x30, 0xF1, 0x14, 0x0C, 0x30, 0xF1, 0x50, 0xF6
	.byte 0x18, 0x0C, 0x30, 0xF1, 0x14, 0x0C, 0x30, 0xF1, 0x50, 0xF6, 0x18, 0x0C, 0x30, 0xF1, 0x14, 0x0C
	.byte 0x30, 0xF1, 0x50, 0xF6, 0x18, 0x0C, 0x30, 0xF1, 0x14, 0x0C, 0x30, 0xF1, 0x50, 0xF6, 0x18, 0x0C
	.byte 0x30, 0xF1, 0x14, 0x0C, 0x30, 0xF1, 0x50, 0xF6, 0x18, 0x0C, 0x30, 0xF1, 0x14, 0x0C, 0x30, 0xF1
	.byte 0x50, 0xF6, 0x18, 0x0C, 0x30, 0xF1, 0x14, 0x0C, 0x30, 0xF1, 0x50, 0x0C, 0x2E, 0xF1, 0x14, 0x0C
	.byte 0x2E, 0xF1, 0x50, 0x08, 0x2E, 0xF1, 0x14, 0x04, 0x2E, 0xF1, 0x50, 0x08, 0x2E, 0xF1, 0x14, 0x0C
	.byte 0x2E, 0xF1, 0x50, 0xF6, 0x10, 0x0C, 0x2E, 0xF1, 0x14, 0x0C, 0x2E, 0xF1, 0x50, 0xF6, 0x18, 0x0C
	.byte 0x2E, 0xF1, 0x14, 0x0C, 0x2E, 0xF1, 0x50, 0xF6, 0x18, 0x0C, 0x2E, 0xF1, 0x14, 0x0C, 0x2E, 0xF1
	.byte 0x50, 0xF6, 0x18, 0x0C, 0x2E, 0xF1, 0x14, 0x0C, 0x2E, 0xF1, 0x50, 0xF6, 0x18, 0x0C, 0x2E, 0xF1
	.byte 0x14, 0x0C, 0x2E, 0xF1, 0x50, 0xF6, 0x18, 0x0C, 0x2E, 0xF1, 0x14, 0x0C, 0x2E, 0xF1, 0x50, 0xF6
	.byte 0x18, 0x0C, 0x2E, 0xF1, 0x14, 0x0C, 0x2E, 0xF1, 0x50, 0xF6, 0x18, 0x08, 0x30, 0xF1, 0x14, 0x04
	.byte 0x2E, 0xF1, 0x50, 0x08, 0x30, 0xF1, 0x14, 0x0C, 0x2E, 0xF1, 0x50, 0xF6, 0x10, 0x0C, 0x30, 0xF1
	.byte 0x14, 0x0C, 0x2E, 0xF1, 0x50, 0xF6, 0x18, 0x0C, 0x30, 0xF1, 0x14, 0x0C, 0x2E, 0xF1, 0x50, 0xF6
	.byte 0x18, 0x0C, 0x30, 0xF1, 0x14, 0x0C, 0x2E, 0xF1, 0x50, 0xF6, 0x18, 0x0C, 0x30, 0xF1, 0x14, 0x0C
	.byte 0x2E, 0xF1, 0x50, 0xF6, 0x18, 0x0C, 0x30, 0xF1, 0x14, 0x0C, 0x2E, 0xF1, 0x50, 0xF6, 0x18, 0x0C
	.byte 0x30, 0xF1, 0x14, 0x0C, 0x2E, 0xF1, 0x50, 0xF6, 0x18, 0x0C, 0x30, 0xF1, 0x14, 0x0B, 0x2E, 0xF8
	.byte 0x9B, 0xF9, 0xFF, 0x00, 0xFC, 0x03, 0x12, 0x00, 0x97, 0x06, 0x61, 0x10, 0x0F, 0x1A, 0x93, 0x1D
	.byte 0xB6, 0x1E, 0xA0, 0x1F, 0x5B, 0x24, 0xF9, 0xB0, 0xF0, 0x16, 0xF2, 0x78, 0xF1, 0x8C, 0x00, 0xB9
	.byte 0x0C, 0xF1, 0x3C, 0x0C, 0x39, 0xF1, 0x8C, 0x00, 0xB9, 0x08, 0xF1, 0x3C, 0x04, 0x39, 0xF1, 0x8C
	.byte 0x0C, 0x38, 0x00, 0xB9, 0x0C, 0xF1, 0x3C, 0x0C, 0x39, 0xF1, 0x8C, 0x00, 0xB9, 0x08, 0xF1, 0x3C
	.byte 0x04, 0x39, 0xF1, 0x8C, 0x0C, 0x38, 0x00, 0xB9, 0x0C, 0xF1, 0x3C, 0x0C, 0x39, 0xF1, 0x8C, 0x00
	.byte 0xBD, 0x18, 0xF1, 0x3C, 0x18, 0x3D, 0xF1, 0x8C, 0x00, 0xBF, 0x18, 0x00, 0xBF, 0x48, 0xF1, 0x3C
	.byte 0x18, 0x3F, 0xF1, 0x8C, 0x00, 0xC2, 0x18, 0xF1, 0x3C, 0x18, 0x42, 0xF1, 0x8C, 0x30, 0x40, 0x00
	.byte 0xBF, 0x0C, 0xF1, 0x3C, 0x0C, 0x3F, 0xF1, 0x8C, 0x00, 0xBF, 0x08, 0xF1, 0x3C, 0x04, 0x3F, 0xF1
	.byte 0x8C, 0x00, 0xBD, 0x0A, 0xF1, 0x3C, 0x02, 0x3F, 0xF1, 0x8C, 0x00, 0xBF, 0x0C, 0xF1, 0x3C, 0x0C
	.byte 0x3F, 0xF1, 0x8C, 0x00, 0xBF, 0x08, 0xF1, 0x3C, 0x04, 0x3F, 0xF1, 0x8C, 0x0C, 0x3D, 0x00, 0xBF
	.byte 0x0C, 0xF1, 0x3C, 0x0C, 0x3F, 0xF1, 0x8C, 0x00, 0xBB, 0x18, 0xF1, 0x3C, 0x18, 0x3B, 0xF1, 0x8C
	.byte 0x00, 0xB5, 0x18, 0x00, 0xB5, 0x48, 0xF1, 0x3C, 0x18, 0x35, 0xF1, 0x8C, 0x00, 0xB4, 0x18, 0xF1
	.byte 0x3C, 0x18, 0x34, 0xF1, 0x8C, 0x30, 0x36, 0x00, 0xB7, 0x0C, 0xF1, 0x3C, 0x0C, 0x37, 0xF1, 0x8C
	.byte 0x00, 0xB7, 0x08, 0xF1, 0x3C, 0x04, 0x37, 0xF1, 0x8C, 0x0C, 0x36, 0x00, 0xB7, 0x0C, 0xF1, 0x3C
	.byte 0x0C, 0x37, 0xF1, 0x8C, 0x00, 0xB7, 0x08, 0xF1, 0x3C, 0x04, 0x37, 0xF1, 0x8C, 0x0C, 0x36, 0x00
	.byte 0xB7, 0x0C, 0xF1, 0x3C, 0x0C, 0x37, 0xF1, 0x8C, 0x00, 0xBB, 0x18, 0xF1, 0x3C, 0x18, 0x37, 0xF1
	.byte 0x8C, 0x00, 0xBD, 0x18, 0x00, 0xBD, 0x48, 0xF1, 0x3C, 0x18, 0x3D, 0xF1, 0x8C, 0x00, 0xC0, 0x18
	.byte 0xF1, 0x3C, 0x18, 0x40, 0xF1, 0x8C, 0x30, 0x3E, 0x00, 0xBD, 0x0C, 0xF1, 0x3C, 0x0C, 0x3D, 0xF1
	.byte 0x8C, 0x00, 0xBD, 0x08, 0xF1, 0x3C, 0x04, 0x3D, 0xF1, 0x8C, 0x0C, 0x3B, 0x00, 0xBD, 0x0C, 0xF1
	.byte 0x3C, 0x0C, 0x3D, 0xF1, 0x8C, 0x00, 0xBD, 0x08, 0xF1, 0x3C, 0x04, 0x3D, 0xF1, 0x8C, 0x0C, 0x3B
	.byte 0x00, 0xBD, 0x0C, 0xF1, 0x3C, 0x0C, 0x3D, 0xF1, 0x8C, 0x00, 0xB9, 0x18, 0xF1, 0x3C, 0x18, 0x39
	.byte 0xF1, 0x8C, 0x00, 0xB3, 0x18, 0x00, 0xB3, 0x48, 0xF1, 0x3C, 0x18, 0x33, 0xF1, 0x8C, 0x00, 0xB2
	.byte 0x18, 0xF1, 0x3C, 0x18, 0x32, 0xF1, 0x8C, 0xF6, 0x24, 0xF0, 0x49, 0xF2, 0x8C, 0xF1, 0x78, 0x04
	.byte 0x42, 0x04, 0x43, 0x04, 0x45, 0x00, 0xC7, 0x0C, 0xF1, 0x3C, 0x0C, 0x47, 0xF1, 0x78, 0x18, 0x47
	.byte 0x00, 0xC8, 0x10, 0xF1, 0x3C, 0x08, 0x48, 0xF1, 0x78, 0x18, 0x4C, 0x06, 0x4B, 0x06, 0x4C, 0x0C
	.byte 0x4B, 0x00, 0xC8, 0x10, 0xF1, 0x3C, 0x08, 0x48, 0xF1, 0x78, 0x00, 0xC7, 0x10, 0xF1, 0x3C, 0x08
	.byte 0x47, 0xF1, 0x78, 0x18, 0x45, 0x18, 0x44, 0x00, 0xC5, 0x0C, 0xF1, 0x3C, 0x0C, 0x45, 0xF1, 0x78
	.byte 0x00, 0xC7, 0x10, 0xF1, 0x3C, 0x08, 0x47, 0xF1, 0x78, 0x00, 0xC0, 0x10, 0xF1, 0x3C, 0x08, 0x40
	.byte 0xF1, 0x78, 0x00, 0xC2, 0x10, 0xF1, 0x3C, 0x08, 0x42, 0xF1, 0x78, 0x00, 0xC4, 0x10, 0xF1, 0x3C
	.byte 0x08, 0x44, 0xF1, 0x78, 0x18, 0x45, 0x00, 0xC7, 0x10, 0xF1, 0x3C, 0x08, 0x47, 0xF1, 0x78, 0x00
	.byte 0xC7, 0x0C, 0xF1, 0x3C, 0x0C, 0x47, 0xF1, 0x78, 0x18, 0x47, 0x00, 0xC8, 0x10, 0xF1, 0x3C, 0x08
	.byte 0x48, 0xF1, 0x78, 0x18, 0x4C, 0x06, 0x4B, 0x06, 0x4C, 0x0C, 0x4B, 0x00, 0xC8, 0x10, 0xF1, 0x3C
	.byte 0x08, 0x48, 0xF1, 0x78, 0x00, 0xC7, 0x10, 0xF1, 0x3C, 0x08, 0x47, 0xF1, 0x78, 0x18, 0x45, 0x18
	.byte 0x44, 0x00, 0xC5, 0x0C, 0xF1, 0x3C, 0x0C, 0x45, 0xF1, 0x78, 0x00, 0xC7, 0x10, 0xF1, 0x3C, 0x08
	.byte 0x47, 0xF1, 0x78, 0x00, 0xC0, 0x10, 0xF1, 0x3C, 0x08, 0x40, 0xF1, 0x78, 0x00, 0xC2, 0x10, 0xF1
	.byte 0x3C, 0x08, 0x42, 0xF1, 0x78, 0x10, 0x44, 0xF1, 0x3C, 0x0C, 0x42, 0xF1, 0x78, 0xF6, 0x20, 0xF0
	.byte 0x16, 0xF2, 0x78, 0xF1, 0x8C, 0x06, 0x36, 0x06, 0x38, 0x00, 0xB9, 0x0C, 0xF1, 0x3C, 0x0C, 0x39
	.byte 0xF1, 0x8C, 0x00, 0xB9, 0x08, 0xF1, 0x3C, 0x04, 0x39, 0xF1, 0x8C, 0x0C, 0x38, 0x00, 0xB9, 0x0C
	.byte 0xF1, 0x3C, 0x0C, 0x39, 0xF1, 0x8C, 0x00, 0xB9, 0x08, 0xF1, 0x3C, 0x04, 0x39, 0xF1, 0x8C, 0x0C
	.byte 0x38, 0x00, 0xB9, 0x0C, 0xF1, 0x3C, 0x0C, 0x39, 0xF1, 0x8C, 0x00, 0xBD, 0x18, 0xF1, 0x3C, 0x18
	.byte 0x3D, 0xF1, 0x8C, 0x00, 0xBF, 0x18, 0x00, 0xBF, 0x48, 0xF1, 0x3C, 0x18, 0x3F, 0xF1, 0x8C, 0x00
	.byte 0xC2, 0x18, 0xF1, 0x3C, 0x18, 0x42, 0xF1, 0x8C, 0x30, 0x40, 0x00, 0xBF, 0x0C, 0xF1, 0x3C, 0x0C
	.byte 0x3F, 0xF1, 0x8C, 0x00, 0xBF, 0x08, 0xF1, 0x3C, 0x04, 0x3F, 0xF1, 0x8C, 0x0C, 0x3D, 0x00, 0xBF
	.byte 0x0C, 0xF1, 0x3C, 0x0C, 0x3F, 0xF1, 0x8C, 0x00, 0xBF, 0x08, 0xF1, 0x3C, 0x04, 0x3F, 0xF1, 0x8C
	.byte 0x0C, 0x3D, 0x00, 0xBF, 0x0C, 0xF1, 0x3C, 0x0C, 0x3F, 0xF1, 0x8C, 0x00, 0xBB, 0x18, 0xF1, 0x3C
	.byte 0x18, 0x3B, 0xF1, 0x8C, 0x00, 0xB5, 0x18, 0x00, 0xB5, 0x48, 0xF1, 0x3C, 0x18, 0x35, 0xF1, 0x8C
	.byte 0x00, 0xB4, 0x18, 0xF1, 0x3C, 0x18, 0x34, 0xF1, 0x8C, 0x30, 0x36, 0x00, 0xB7, 0x0C, 0xF1, 0x3C
	.byte 0x0C, 0x37, 0xF1, 0x8C, 0x00, 0xB7, 0x08, 0xF1, 0x3C, 0x04, 0x37, 0xF1, 0x8C, 0x0C, 0x36, 0x00
	.byte 0xB7, 0x0C, 0xF1, 0x3C, 0x0C, 0x37, 0xF1, 0x8C, 0x08, 0x37, 0xF1, 0x3C, 0x04, 0x37, 0xF1, 0x8C
	.byte 0x0C, 0x36, 0x00, 0xB7, 0x0C, 0xF1, 0x3C, 0x0C, 0x37, 0xF1, 0x8C, 0x00, 0xBB, 0x18, 0xF1, 0x3C
	.byte 0x18, 0x3B, 0xF1, 0x8C, 0x00, 0xBD, 0x18, 0x00, 0xBD, 0x48, 0xF1, 0x3C, 0x18, 0x3D, 0xF1, 0x8C
	.byte 0x00, 0xC0, 0x18, 0xF1, 0x3C, 0x18, 0x40, 0xF1, 0x8C, 0x30, 0x3E, 0x00, 0xBD, 0x0C, 0xF1, 0x3C
	.byte 0x0C, 0x3D, 0xF1, 0x8C, 0x00, 0xBD, 0x08, 0xF1, 0x3C, 0x04, 0x3D, 0xF1, 0x8C, 0x0C, 0x3B, 0x00
	.byte 0xBD, 0x0C, 0xF1, 0x3C, 0x0C, 0x3D, 0xF1, 0x8C, 0x00, 0xBD, 0x08, 0xF1, 0x3C, 0x04, 0x3D, 0xF1
	.byte 0x8C, 0x0C, 0x3B, 0x00, 0xBD, 0x0C, 0xF1, 0x3C, 0x0C, 0x3D, 0xF1, 0x8C, 0x00, 0xB9, 0x18, 0xF1
	.byte 0x3C, 0x18, 0x39, 0xF1, 0x8C, 0x00, 0xB3, 0x18, 0x00, 0xB3, 0x48, 0xF1, 0x3C, 0x18, 0x33, 0xF1
	.byte 0x8C, 0x00, 0xB2, 0x18, 0xF1, 0x3C, 0x18, 0x32, 0xF1, 0x8C, 0xF6, 0x24, 0xF0, 0x49, 0xF2, 0x7F
	.byte 0xF1, 0x78, 0x04, 0x42, 0x04, 0x43, 0x04, 0x45, 0x00, 0xC7, 0x0C, 0xF1, 0x3C, 0x0C, 0x47, 0xF1
	.byte 0x78, 0x18, 0x47, 0x00, 0xC8, 0x10, 0xF1, 0x3C, 0x08, 0x48, 0xF1, 0x78, 0x18, 0x4C, 0x06, 0x4B
	.byte 0x06, 0x4C, 0x0C, 0x4B, 0x00, 0xC8, 0x10, 0xF1, 0x3C, 0x08, 0x48, 0xF1, 0x78, 0x00, 0xC7, 0x10
	.byte 0xF1, 0x3C, 0x08, 0x47, 0xF1, 0x78, 0x18, 0x45, 0x18, 0x44, 0x00, 0xC5, 0x0C, 0xF1, 0x3C, 0x0C
	.byte 0x45, 0xF1, 0x78, 0x00, 0xC7, 0x10, 0xF1, 0x3C, 0x08, 0x47, 0xF1, 0x78, 0x00, 0xC0, 0x10, 0xF1
	.byte 0x3C, 0x08, 0x40, 0xF1, 0x78, 0x00, 0xC2, 0x10, 0xF1, 0x3C, 0x08, 0x42, 0xF1, 0x78, 0x00, 0xC4
	.byte 0x10, 0xF1, 0x3C, 0x08, 0x44, 0xF1, 0x78, 0x18, 0x45, 0x00, 0xC7, 0x10, 0xF1, 0x3C, 0x08, 0x47
	.byte 0xF1, 0x78, 0x00, 0xC7, 0x0C, 0xF1, 0x3C, 0x0C, 0x47, 0xF1, 0x78, 0x18, 0x47, 0x00, 0xC8, 0x10
	.byte 0xF1, 0x3C, 0x08, 0x48, 0xF1, 0x78, 0x18, 0x4C, 0x06, 0x4B, 0x06, 0x4C, 0x0C, 0x4B, 0x00, 0xC8
	.byte 0x10, 0xF1, 0x3C, 0x08, 0x48, 0xF1, 0x78, 0x00, 0xC7, 0x10, 0xF1, 0x3C, 0x08, 0x47, 0xF1, 0x78
	.byte 0x18, 0x45, 0x18, 0x44, 0x00, 0xC5, 0x0C, 0xF1, 0x3C, 0x0C, 0x45, 0xF1, 0x78, 0x00, 0xC7, 0x10
	.byte 0xF1, 0x3C, 0x08, 0x47, 0xF1, 0x78, 0x00, 0xC0, 0x10, 0xF1, 0x3C, 0x08, 0x40, 0xF1, 0x78, 0x00
	.byte 0xC2, 0x10, 0xF1, 0x3C, 0x08, 0x42, 0xF1, 0x78, 0x00, 0xC4, 0x10, 0xF1, 0x3C, 0x08, 0x44, 0xF1
	.byte 0x78, 0x18, 0x45, 0x00, 0xC7, 0x10, 0xF1, 0x3C, 0x08, 0x47, 0xF1, 0x78, 0xF0, 0x0A, 0xF2, 0x8C
	.byte 0xF1, 0x8C, 0x00, 0xBC, 0x0C, 0xF1, 0x3C, 0x0C, 0x3C, 0xF1, 0x8C, 0x0C, 0x45, 0x00, 0xC4, 0x08
	.byte 0xF1, 0x3C, 0x04, 0x44, 0xF1, 0x8C, 0x00, 0xC5, 0x0C, 0xF1, 0x3C, 0x0C, 0x45, 0xF1, 0x8C, 0x00
	.byte 0xC0, 0x10, 0xF1, 0x3C, 0x08, 0x40, 0xF1, 0x8C, 0x0C, 0x41, 0x0C, 0x43, 0x0C, 0x41, 0x0C, 0x40
	.byte 0x00, 0xBE, 0x0C, 0xF1, 0x3C, 0x0C, 0x3E, 0xF1, 0x8C, 0x00, 0xC1, 0x10, 0xF1, 0x3C, 0x08, 0x41
	.byte 0xF1, 0x8C, 0xF6, 0x18, 0x0C, 0x44, 0x00, 0xC5, 0x08, 0xF1, 0x3C, 0x04, 0x45, 0xF1, 0x8C, 0x00
	.byte 0xC7, 0x0C, 0xF1, 0x3C, 0x0C, 0x47, 0xF1, 0x8C, 0x00, 0xC0, 0x10, 0xF1, 0x3C, 0x08, 0x40, 0xF1
	.byte 0x8C, 0x18, 0x3E, 0x00, 0xBC, 0x0C, 0xF1, 0x3C, 0x0C, 0x3C, 0xF1, 0x8C, 0x00, 0xC5, 0x18, 0xF1
	.byte 0x3C, 0x18, 0x45, 0xF1, 0x8C, 0x00, 0xC5, 0x0C, 0xF1, 0x3C, 0x0C, 0x45, 0xF1, 0x8C, 0x0C, 0x48
	.byte 0x00, 0xC7, 0x08, 0xF1, 0x3C, 0x04, 0x47, 0xF1, 0x8C, 0x00, 0xC8, 0x0C, 0xF1, 0x3C, 0x0C, 0x48
	.byte 0xF1, 0x8C, 0x00, 0xC5, 0x0C, 0xF1, 0x3C, 0x0C, 0x45, 0xF1, 0x8C, 0x00, 0xC5, 0x0C, 0xF1, 0x3C
	.byte 0x0C, 0x45, 0xF1, 0x8C, 0x00, 0xC7, 0x0C, 0xF1, 0x3C, 0x0C, 0x47, 0xF1, 0x8C, 0x0C, 0x48, 0x0C
	.byte 0x47, 0x0C, 0x45, 0x0C, 0x44, 0x0C, 0x47, 0x0C, 0x48, 0x0C, 0x4A, 0x00, 0xC7, 0x08, 0xF1, 0x3C
	.byte 0x04, 0x47, 0xF1, 0x8C, 0x00, 0xD0, 0x0C, 0xF1, 0x3C, 0x0C, 0x50, 0xF1, 0x8C, 0x0C, 0x47, 0x0C
	.byte 0x45, 0x18, 0x44, 0x00, 0xC5, 0x0C, 0xF1, 0x3C, 0x0C, 0x45, 0xF1, 0x8C, 0x0C, 0x48, 0x0C, 0x47
	.byte 0x0C, 0x45, 0x0C, 0x43, 0x00, 0xC1, 0x0C, 0xF1, 0x3C, 0x0C, 0x41, 0xF1, 0x8C, 0x00, 0xC8, 0x0C
	.byte 0xF1, 0x3C, 0x0C, 0x48, 0xF1, 0x8C, 0x30, 0x4D, 0x00, 0xC1, 0x0C, 0xF1, 0x3C, 0x0C, 0x41, 0xF1
	.byte 0x8C, 0x00, 0xC6, 0x0C, 0xF1, 0x3C, 0x0C, 0x46, 0xF1, 0x8C, 0x30, 0x49, 0x60, 0x4C, 0x00, 0xC8
	.byte 0x60, 0xF1, 0x3C, 0x18, 0x48, 0xF1, 0x8C, 0x0C, 0x41, 0x00, 0xC0, 0x08, 0xF1, 0x3C, 0x04, 0x40
	.byte 0xF1, 0x8C, 0x00, 0xC1, 0x0C, 0xF1, 0x3C, 0x0C, 0x41, 0xF1, 0x8C, 0x00, 0xBC, 0x10, 0xF1, 0x3C
	.byte 0x08, 0x3C, 0xF1, 0x8C, 0x0C, 0x3D, 0x0C, 0x3F, 0x0C, 0x3D, 0x0C, 0x3C, 0x0C, 0x3A, 0xF1, 0x3C
	.byte 0x0C, 0x3A, 0xF1, 0x8C, 0x00, 0xBD, 0x10, 0xF1, 0x3C, 0x08, 0x3D, 0xF1, 0x8C, 0xF6, 0x18, 0x0C
	.byte 0x43, 0x00, 0xC1, 0x08, 0xF1, 0x3C, 0x04, 0x41, 0xF1, 0x8C, 0x00, 0xC3, 0x0C, 0xF1, 0x3C, 0x0C
	.byte 0x43, 0xF1, 0x8C, 0x00, 0xBC, 0x10, 0xF1, 0x3C, 0x08, 0x3C, 0xF1, 0x8C, 0x18, 0x3A, 0x00, 0xB8
	.byte 0x0C, 0xF1, 0x3C, 0x0C, 0x38, 0xF1, 0x8C, 0x00, 0xC1, 0x18, 0xF1, 0x3C, 0x18, 0x41, 0xF1, 0x8C
	.byte 0x00, 0xB8, 0x10, 0xF1, 0x3C, 0x08, 0x38, 0xF1, 0x8C, 0x0C, 0x44, 0x00, 0xC3, 0x08, 0xF1, 0x3C
	.byte 0x04, 0x43, 0xF1, 0x8C, 0x00, 0xC4, 0x0C, 0xF1, 0x3C, 0x0C, 0x44, 0xF1, 0x8C, 0x00, 0xC1, 0x10
	.byte 0xF1, 0x3C, 0x08, 0x41, 0xF1, 0x8C, 0xF6, 0x18, 0x0C, 0x46, 0x00, 0xC6, 0x08, 0xF1, 0x3C, 0x04
	.byte 0x46, 0xF1, 0x8C, 0x00, 0xC6, 0x0C, 0xF1, 0x3C, 0x0C, 0x46, 0xF1, 0x8C, 0x00, 0xC1, 0x10, 0xF1
	.byte 0x3C, 0x08, 0x41, 0xF1, 0x8C, 0x00, 0xC0, 0x90, 0xF1, 0x3C, 0x18, 0x40, 0xF1, 0x8C, 0xF0, 0x16
	.byte 0xF2, 0x78, 0xF1, 0x8C, 0x18, 0x38, 0x00, 0xB9, 0x0C, 0xF1, 0x3C, 0x0C, 0x39, 0xF1, 0x8C, 0x00
	.byte 0xB9, 0x08, 0xF1, 0x3C, 0x04, 0x39, 0xF1, 0x8C, 0x0C, 0x38, 0x00, 0xB9, 0x0C, 0xF1, 0x3C, 0x0C
	.byte 0x39, 0xF1, 0x8C, 0x00, 0xB9, 0x08, 0xF1, 0x3C, 0x04, 0x39, 0xF1, 0x8C, 0x0C, 0x38, 0x00, 0xB9
	.byte 0x0C, 0xF1, 0x3C, 0x0C, 0x39, 0xF1, 0x8C, 0x00, 0xBD, 0x18, 0xF1, 0x3C, 0x18, 0x3D, 0xF1, 0x8C
	.byte 0x00, 0xBF, 0x18, 0x00, 0xBF, 0x48, 0xF1, 0x3C, 0x18, 0x3F, 0xF1, 0x8C, 0x00, 0xC2, 0x18, 0xF1
	.byte 0x3C, 0x18, 0x42, 0xF1, 0x8C, 0x30, 0x40, 0xF8, 0xD5, 0xF9, 0xFF, 0xF9, 0xB0, 0xF0, 0x1A, 0xF1
	.byte 0xDC, 0x00, 0xA1, 0x0C, 0xF1, 0x50, 0x0C, 0x21, 0xF1, 0xDC, 0x00, 0xA8, 0x0C, 0xF1, 0x50, 0x0C
	.byte 0x28, 0xF1, 0xDC, 0x00, 0x9C, 0x0C, 0xF1, 0x50, 0x0C, 0x1C, 0xF1, 0xDC, 0x00, 0xA8, 0x0C, 0xF1
	.byte 0x50, 0x0C, 0x28, 0xF1, 0xDC, 0x00, 0xA1, 0x0C, 0xF1, 0x50, 0x0C, 0x21, 0xF1, 0xDC, 0x00, 0xA8
	.byte 0x0C, 0xF1, 0x50, 0x0C, 0x28, 0xF1, 0xDC, 0x00, 0x9C, 0x0C, 0xF1, 0x50, 0x0C, 0x1C, 0xF1, 0xDC
	.byte 0x00, 0xA8, 0x0C, 0xF1, 0x50, 0x0C, 0x28, 0xF1, 0xDC, 0x00, 0xA1, 0x0C, 0xF1, 0x50, 0x0C, 0x21
	.byte 0xF1, 0xDC, 0x00, 0xA8, 0x0C, 0xF1, 0x50, 0x0C, 0x28, 0xF1, 0xDC, 0x00, 0x9C, 0x0C, 0xF1, 0x50
	.byte 0x0C, 0x1C, 0xF1, 0xDC, 0x00, 0xA8, 0x0C, 0xF1, 0x50, 0x0C, 0x28, 0xF1, 0xDC, 0x00, 0xA1, 0x0C
	.byte 0xF1, 0x50, 0x0C, 0x21, 0xF1, 0xDC, 0x00, 0xA8, 0x0C, 0xF1, 0x50, 0x0C, 0x28, 0xF1, 0xDC, 0x00
	.byte 0x9C, 0x0C, 0xF1, 0x50, 0x0C, 0x1C, 0xF1, 0xDC, 0x00, 0xA8, 0x0C, 0xF1, 0x50, 0x0C, 0x28, 0xF1
	.byte 0xDC, 0x00, 0xA1, 0x0C, 0xF1, 0x50, 0x0C, 0x21, 0xF1, 0xDC, 0x00, 0xA8, 0x0C, 0xF1, 0x50, 0x0C
	.byte 0x28, 0xF1, 0xDC, 0x00, 0x9C, 0x0C, 0xF1, 0x50, 0x0C, 0x1C, 0xF1, 0xDC, 0x00, 0xA8, 0x0C, 0xF1
	.byte 0x50, 0x0C, 0x28, 0xF1, 0xDC, 0x00, 0xA1, 0x0C, 0xF1, 0x50, 0x0C, 0x21, 0xF1, 0xDC, 0x00, 0xA8
	.byte 0x0C, 0xF1, 0x50, 0x0C, 0x28, 0xF1, 0xDC, 0x00, 0x9C, 0x0C, 0xF1, 0x50, 0x0C, 0x1C, 0xF1, 0xDC
	.byte 0x00, 0xA8, 0x0C, 0xF1, 0x50, 0x0C, 0x28, 0xF1, 0xDC, 0x00, 0xA1, 0x0C, 0xF1, 0x50, 0x0C, 0x21
	.byte 0xF1, 0xDC, 0x00, 0xA8, 0x0C, 0xF1, 0x50, 0x0C, 0x28, 0xF1, 0xDC, 0x00, 0x9C, 0x0C, 0xF1, 0x50
	.byte 0x0C, 0x1C, 0xF1, 0xDC, 0x00, 0xA8, 0x0C, 0xF1, 0x50, 0x0C, 0x28, 0xF1, 0xDC, 0x00, 0xA1, 0x0C
	.byte 0xF1, 0x50, 0x0C, 0x21, 0xF1, 0xDC, 0x00, 0xA8, 0x0C, 0xF1, 0x50, 0x0C, 0x28, 0xF1, 0xDC, 0xF6
	.byte 0x30, 0x00, 0x9F, 0x0C, 0xF1, 0x50, 0x0C, 0x1F, 0xF1, 0xDC, 0x00, 0xA6, 0x0C, 0xF1, 0x50, 0x0C
	.byte 0x26, 0xF1, 0xDC, 0x00, 0x9A, 0x0C, 0xF1, 0x50, 0x0C, 0x1A, 0xF1, 0xDC, 0x00, 0xA6, 0x0C, 0xF1
	.byte 0x50, 0x0C, 0x26, 0xF1, 0xDC, 0x00, 0x9F, 0x0C, 0xF1, 0x50, 0x0C, 0x1F, 0xF1, 0xDC, 0x00, 0xA6
	.byte 0x0C, 0xF1, 0x50, 0x0C, 0x26, 0xF1, 0xDC, 0x00, 0x9A, 0x0C, 0xF1, 0x50, 0x0C, 0x1A, 0xF1, 0xDC
	.byte 0x00, 0xA6, 0x0C, 0xF1, 0x50, 0x0C, 0x26, 0xF1, 0xDC, 0x00, 0x9F, 0x0C, 0xF1, 0x50, 0x0C, 0x1F
	.byte 0xF1, 0xDC, 0x00, 0xA6, 0x0C, 0xF1, 0x50, 0x0C, 0x26, 0xF1, 0xDC, 0x00, 0x9A, 0x0C, 0xF1, 0x50
	.byte 0x0C, 0x1A, 0xF1, 0xDC, 0x00, 0xA6, 0x0C, 0xF1, 0x50, 0x0C, 0x26, 0xF1, 0xDC, 0x00, 0x9F, 0x0C
	.byte 0xF1, 0x50, 0x0C, 0x1F, 0xF1, 0xDC, 0x00, 0xA6, 0x0C, 0xF1, 0x50, 0x0C, 0x26, 0xF1, 0xDC, 0x00
	.byte 0x9A, 0x0C, 0xF1, 0x50, 0x0C, 0x1A, 0xF1, 0xDC, 0x00, 0xA6, 0x0C, 0xF1, 0x50, 0x0C, 0x26, 0xF1
	.byte 0xDC, 0x00, 0x9F, 0x0C, 0xF1, 0x50, 0x0C, 0x1F, 0xF1, 0xDC, 0x00, 0xA6, 0x0C, 0xF1, 0x50, 0x0C
	.byte 0x26, 0xF1, 0xDC, 0x00, 0x9A, 0x0C, 0xF1, 0x50, 0x0C, 0x1A, 0xF1, 0xDC, 0x00, 0xA6, 0x0C, 0xF1
	.byte 0x50, 0x0C, 0x26, 0xF1, 0xDC, 0x00, 0x9F, 0x0C, 0xF1, 0x50, 0x0C, 0x1F, 0xF1, 0xDC, 0x00, 0xA6
	.byte 0x0C, 0xF1, 0x50, 0x0C, 0x26, 0xF1, 0xDC, 0x00, 0x9A, 0x0C, 0xF1, 0x50, 0x0C, 0x1A, 0xF1, 0xDC
	.byte 0x00, 0xA6, 0x0C, 0xF1, 0x50, 0x0C, 0x26, 0xF1, 0xDC, 0x00, 0x9F, 0x0C, 0xF1, 0x50, 0x0C, 0x1F
	.byte 0xF1, 0xDC, 0x00, 0xA6, 0x0C, 0xF1, 0x50, 0x0C, 0x26, 0xF1, 0xDC, 0x00, 0x9A, 0x0C, 0xF1, 0x50
	.byte 0x0C, 0x1A, 0xF1, 0xDC, 0x00, 0xA6, 0x0C, 0xF1, 0x50, 0x0C, 0x26, 0xF1, 0xDC, 0x00, 0x9F, 0x0C
	.byte 0xF1, 0x50, 0x0C, 0x1F, 0xF1, 0xDC, 0x00, 0xA6, 0x0C, 0xF1, 0x50, 0x0C, 0x26, 0xF1, 0xDC, 0xF6
	.byte 0x30, 0x00, 0xA3, 0x0C, 0xF1, 0x50, 0x0C, 0x23, 0xF1, 0xDC, 0x00, 0xA8, 0x0C, 0xF1, 0x50, 0x0C
	.byte 0x28, 0xF1, 0xDC, 0x00, 0x9C, 0x0C, 0xF1, 0x50, 0x0C, 0x1C, 0xF1, 0xDC, 0x00, 0xA8, 0x0C, 0xF1
	.byte 0x50, 0x0C, 0x28, 0xF1, 0xDC, 0x00, 0x9C, 0x0C, 0xF1, 0x50, 0x0C, 0x1C, 0xF1, 0xDC, 0x00, 0xA8
	.byte 0x0C, 0xF1, 0x50, 0x0C, 0x28, 0xF1, 0xDC, 0x00, 0x9C, 0x0C, 0xF1, 0x50, 0x0C, 0x1C, 0xF1, 0xDC
	.byte 0x00, 0xA8, 0x0C, 0xF1, 0x50, 0x0C, 0x28, 0xF1, 0xDC, 0x00, 0xA3, 0x0C, 0xF1, 0x50, 0x0C, 0x23
	.byte 0xF1, 0xDC, 0x00, 0xA8, 0x0C, 0xF1, 0x50, 0x0C, 0x28, 0xF1, 0xDC, 0x00, 0x9C, 0x0C, 0xF1, 0x50
	.byte 0x0C, 0x1C, 0xF1, 0xDC, 0x00, 0xA8, 0x0C, 0xF1, 0x50, 0x0C, 0x28, 0xF1, 0xDC, 0x00, 0x9C, 0x0C
	.byte 0xF1, 0x50, 0x0C, 0x1C, 0xF1, 0xDC, 0x00, 0xA8, 0x0C, 0xF1, 0x50, 0x0C, 0x28, 0xF1, 0xDC, 0x00
	.byte 0x9C, 0x0C, 0xF1, 0x50, 0x0C, 0x1C, 0xF1, 0xDC, 0x00, 0xA8, 0x0C, 0xF1, 0x50, 0x0C, 0x28, 0xF1
	.byte 0xDC, 0x00, 0xA3, 0x0C, 0xF1, 0x50, 0x0C, 0x23, 0xF1, 0xDC, 0x00, 0xA8, 0x0C, 0xF1, 0x50, 0x0C
	.byte 0x28, 0xF1, 0xDC, 0x00, 0x9C, 0x0C, 0xF1, 0x50, 0x0C, 0x1C, 0xF1, 0xDC, 0x00, 0xA8, 0x0C, 0xF1
	.byte 0x50, 0x0C, 0x28, 0xF1, 0xDC, 0x00, 0x9C, 0x0C, 0xF1, 0x50, 0x0C, 0x1C, 0xF1, 0xDC, 0x00, 0xA8
	.byte 0x0C, 0xF1, 0x50, 0x0C, 0x28, 0xF1, 0xDC, 0x00, 0x9C, 0x0C, 0xF1, 0x50, 0x0C, 0x1C, 0xF1, 0xDC
	.byte 0x00, 0xA8, 0x0C, 0xF1, 0x50, 0x0C, 0x28, 0xF1, 0xDC, 0x00, 0xA3, 0x0C, 0xF1, 0x50, 0x0C, 0x23
	.byte 0xF1, 0xDC, 0x00, 0xA8, 0x0C, 0xF1, 0x50, 0x0C, 0x28, 0xF1, 0xDC, 0x00, 0x9C, 0x0C, 0xF1, 0x50
	.byte 0x0C, 0x1C, 0xF1, 0xDC, 0x00, 0xA8, 0x0C, 0xF1, 0x50, 0x0C, 0x28, 0xF1, 0xDC, 0x00, 0x9C, 0x0C
	.byte 0xF1, 0x50, 0x0C, 0x1C, 0xF1, 0xDC, 0x00, 0xA8, 0x0C, 0xF1, 0x50, 0x0C, 0x28, 0xF1, 0xDC, 0xF6
	.byte 0x30, 0x00, 0xA1, 0x0C, 0xF1, 0x50, 0x0C, 0x21, 0xF1, 0xDC, 0x00, 0xA8, 0x0C, 0xF1, 0x50, 0x0C
	.byte 0x28, 0xF1, 0xDC, 0x00, 0x9C, 0x0C, 0xF1, 0x50, 0x0C, 0x1C, 0xF1, 0xDC, 0x00, 0xA8, 0x0C, 0xF1
	.byte 0x50, 0x0C, 0x28, 0xF1, 0xDC, 0x00, 0xA1, 0x0C, 0xF1, 0x50, 0x0C, 0x21, 0xF1, 0xDC, 0x00, 0xA8
	.byte 0x0C, 0xF1, 0x50, 0x0C, 0x28, 0xF1, 0xDC, 0x00, 0x9C, 0x0C, 0xF1, 0x50, 0x0C, 0x1C, 0xF1, 0xDC
	.byte 0x00, 0xA8, 0x0C, 0xF1, 0x50, 0x0C, 0x28, 0xF1, 0xDC, 0x00, 0xA1, 0x0C, 0xF1, 0x50, 0x0C, 0x21
	.byte 0xF1, 0xDC, 0x00, 0xA8, 0x0C, 0xF1, 0x50, 0x0C, 0x28, 0xF1, 0xDC, 0x00, 0x9C, 0x0C, 0xF1, 0x50
	.byte 0x0C, 0x1C, 0xF1, 0xDC, 0x00, 0xA8, 0x0C, 0xF1, 0x50, 0x0C, 0x28, 0xF1, 0xDC, 0x00, 0xA1, 0x0C
	.byte 0xF1, 0x50, 0x0C, 0x21, 0xF1, 0xDC, 0x00, 0xA8, 0x0C, 0xF1, 0x50, 0x0C, 0x28, 0xF1, 0xDC, 0x00
	.byte 0x9C, 0x0C, 0xF1, 0x50, 0x0C, 0x1C, 0xF1, 0xDC, 0x00, 0xA8, 0x0C, 0xF1, 0x50, 0x0C, 0x28, 0xF1
	.byte 0xDC, 0x00, 0xA1, 0x0C, 0xF1, 0x50, 0x0C, 0x21, 0xF1, 0xDC, 0x00, 0xA8, 0x0C, 0xF1, 0x50, 0x0C
	.byte 0x28, 0xF1, 0xDC, 0x00, 0x9C, 0x0C, 0xF1, 0x50, 0x0C, 0x1C, 0xF1, 0xDC, 0x00, 0xA8, 0x0C, 0xF1
	.byte 0x50, 0x0C, 0x28, 0xF1, 0xDC, 0x00, 0xA1, 0x0C, 0xF1, 0x50, 0x0C, 0x21, 0xF1, 0xDC, 0x00, 0xA8
	.byte 0x0C, 0xF1, 0x50, 0x0C, 0x28, 0xF1, 0xDC, 0x00, 0x9C, 0x0C, 0xF1, 0x50, 0x0C, 0x1C, 0xF1, 0xDC
	.byte 0x00, 0xA8, 0x0C, 0xF1, 0x50, 0x0C, 0x28, 0xF1, 0xDC, 0x00, 0xA1, 0x0C, 0xF1, 0x50, 0x0C, 0x21
	.byte 0xF1, 0xDC, 0x00, 0xA8, 0x0C, 0xF1, 0x50, 0x0C, 0x28, 0xF1, 0xDC, 0x00, 0x9C, 0x0C, 0xF1, 0x50
	.byte 0x0C, 0x1C, 0xF1, 0xDC, 0x00, 0xA8, 0x0C, 0xF1, 0x50, 0x0C, 0x28, 0xF1, 0xDC, 0x00, 0xA1, 0x0C
	.byte 0xF1, 0x50, 0x0C, 0x21, 0xF1, 0xDC, 0x00, 0xA8, 0x0C, 0xF1, 0x50, 0x0C, 0x28, 0xF1, 0xDC, 0xF6
	.byte 0x30, 0x00, 0x9F, 0x0C, 0xF1, 0x50, 0x0C, 0x1F, 0xF1, 0xDC, 0x00, 0xA6, 0x0C, 0xF1, 0x50, 0x0C
	.byte 0x26, 0xF1, 0xDC, 0x00, 0x9A, 0x0C, 0xF1, 0x50, 0x0C, 0x1A, 0xF1, 0xDC, 0x00, 0xA6, 0x0C, 0xF1
	.byte 0x50, 0x0C, 0x26, 0xF1, 0xDC, 0x00, 0x9F, 0x0C, 0xF1, 0x50, 0x0C, 0x1F, 0xF1, 0xDC, 0x00, 0xA6
	.byte 0x0C, 0xF1, 0x50, 0x0C, 0x26, 0xF1, 0xDC, 0x00, 0x9A, 0x0C, 0xF1, 0x50, 0x0C, 0x1A, 0xF1, 0xDC
	.byte 0x00, 0xA6, 0x0C, 0xF1, 0x50, 0x0C, 0x26, 0xF1, 0xDC, 0x00, 0x9F, 0x0C, 0xF1, 0x50, 0x0C, 0x1F
	.byte 0xF1, 0xDC, 0x00, 0xA6, 0x0C, 0xF1, 0x50, 0x0C, 0x26, 0xF1, 0xDC, 0x00, 0x9A, 0x0C, 0xF1, 0x50
	.byte 0x0C, 0x1A, 0xF1, 0xDC, 0x00, 0xA6, 0x0C, 0xF1, 0x50, 0x0C, 0x26, 0xF1, 0xDC, 0x00, 0x9F, 0x0C
	.byte 0xF1, 0x50, 0x0C, 0x1F, 0xF1, 0xDC, 0x00, 0xA6, 0x0C, 0xF1, 0x50, 0x0C, 0x26, 0xF1, 0xDC, 0x00
	.byte 0x9A, 0x0C, 0xF1, 0x50, 0x0C, 0x1A, 0xF1, 0xDC, 0x00, 0xA6, 0x0C, 0xF1, 0x50, 0x0C, 0x26, 0xF1
	.byte 0xDC, 0x00, 0x9F, 0x0C, 0xF1, 0x50, 0x0C, 0x1F, 0xF1, 0xDC, 0x00, 0xA6, 0x0C, 0xF1, 0x50, 0x0C
	.byte 0x26, 0xF1, 0xDC, 0x00, 0x9A, 0x0C, 0xF1, 0x50, 0x0C, 0x1A, 0xF1, 0xDC, 0x00, 0xA6, 0x0C, 0xF1
	.byte 0x50, 0x0C, 0x26, 0xF1, 0xDC, 0x00, 0x9F, 0x0C, 0xF1, 0x50, 0x0C, 0x1F, 0xF1, 0xDC, 0x00, 0xA6
	.byte 0x0C, 0xF1, 0x50, 0x0C, 0x26, 0xF1, 0xDC, 0x00, 0x9A, 0x0C, 0xF1, 0x50, 0x0C, 0x1A, 0xF1, 0xDC
	.byte 0x00, 0xA6, 0x0C, 0xF1, 0x50, 0x0C, 0x26, 0xF1, 0xDC, 0x00, 0x9F, 0x0C, 0xF1, 0x50, 0x0C, 0x1F
	.byte 0xF1, 0xDC, 0x00, 0xA6, 0x0C, 0xF1, 0x50, 0x0C, 0x26, 0xF1, 0xDC, 0x00, 0x9A, 0x0C, 0xF1, 0x50
	.byte 0x0C, 0x1A, 0xF1, 0xDC, 0x00, 0xA6, 0x0C, 0xF1, 0x50, 0x0C, 0x26, 0xF1, 0xDC, 0x00, 0x9F, 0x0C
	.byte 0xF1, 0x50, 0x0C, 0x1F, 0xF1, 0xDC, 0x00, 0xA6, 0x0C, 0xF1, 0x50, 0x0C, 0x26, 0xF1, 0xDC, 0xF6
	.byte 0x30, 0x00, 0xA3, 0x0C, 0xF1, 0x50, 0x0C, 0x23, 0xF1, 0xDC, 0x00, 0xA8, 0x0C, 0xF1, 0x50, 0x0C
	.byte 0x28, 0xF1, 0xDC, 0x00, 0x9C, 0x0C, 0xF1, 0x50, 0x0C, 0x1C, 0xF1, 0xDC, 0x00, 0xA8, 0x0C, 0xF1
	.byte 0x50, 0x0C, 0x28, 0xF1, 0xDC, 0x00, 0x9C, 0x0C, 0xF1, 0x50, 0x0C, 0x1C, 0xF1, 0xDC, 0x00, 0xA8
	.byte 0x0C, 0xF1, 0x50, 0x0C, 0x28, 0xF1, 0xDC, 0x00, 0x9C, 0x0C, 0xF1, 0x50, 0x0C, 0x1C, 0xF1, 0xDC
	.byte 0x00, 0xA8, 0x0C, 0xF1, 0x50, 0x0C, 0x28, 0xF1, 0xDC, 0x00, 0xA3, 0x0C, 0xF1, 0x50, 0x0C, 0x23
	.byte 0xF1, 0xDC, 0x00, 0xA8, 0x0C, 0xF1, 0x50, 0x0C, 0x28, 0xF1, 0xDC, 0x00, 0x9C, 0x0C, 0xF1, 0x50
	.byte 0x0C, 0x1C, 0xF1, 0xDC, 0x00, 0xA8, 0x0C, 0xF1, 0x50, 0x0C, 0x28, 0xF1, 0xDC, 0x00, 0x9C, 0x0C
	.byte 0xF1, 0x50, 0x0C, 0x1C, 0xF1, 0xDC, 0x00, 0xA8, 0x0C, 0xF1, 0x50, 0x0C, 0x28, 0xF1, 0xDC, 0x00
	.byte 0x9C, 0x0C, 0xF1, 0x50, 0x0C, 0x1C, 0xF1, 0xDC, 0x00, 0xA8, 0x0C, 0xF1, 0x50, 0x0C, 0x28, 0xF1
	.byte 0xDC, 0x00, 0xA3, 0x0C, 0xF1, 0x50, 0x0C, 0x23, 0xF1, 0xDC, 0x00, 0xA8, 0x0C, 0xF1, 0x50, 0x0C
	.byte 0x28, 0xF1, 0xDC, 0x00, 0x9C, 0x0C, 0xF1, 0x50, 0x0C, 0x1C, 0xF1, 0xDC, 0x00, 0xA8, 0x0C, 0xF1
	.byte 0x50, 0x0C, 0x28, 0xF1, 0xDC, 0x00, 0x9C, 0x0C, 0xF1, 0x50, 0x0C, 0x1C, 0xF1, 0xDC, 0x00, 0xA8
	.byte 0x0C, 0xF1, 0x50, 0x0C, 0x28, 0xF1, 0xDC, 0x00, 0x9C, 0x0C, 0xF1, 0x50, 0x0C, 0x1C, 0xF1, 0xDC
	.byte 0x00, 0xA8, 0x0C, 0xF1, 0x50, 0x0C, 0x28, 0xF1, 0xDC, 0x00, 0xA3, 0x0C, 0xF1, 0x50, 0x0C, 0x23
	.byte 0xF1, 0xDC, 0x00, 0xA8, 0x0C, 0xF1, 0x50, 0x0C, 0x28, 0xF1, 0xDC, 0x00, 0x9C, 0x0C, 0xF1, 0x50
	.byte 0x0C, 0x1C, 0xF1, 0xDC, 0x00, 0xA8, 0x0C, 0xF1, 0x50, 0x0C, 0x28, 0xF1, 0xDC, 0x00, 0x9C, 0x0C
	.byte 0xF1, 0x50, 0x0C, 0x1C, 0xF1, 0xDC, 0x00, 0xA8, 0x0C, 0xF1, 0x50, 0x0C, 0x28, 0xF1, 0xDC, 0x00
	.byte 0x9C, 0x0C, 0xF1, 0x50, 0x0C, 0x1C, 0xF1, 0xDC, 0x00, 0xA8, 0x0C, 0xF1, 0x50, 0x0C, 0x28, 0xF1
	.byte 0xDC, 0x00, 0xA1, 0x0C, 0xF1, 0x50, 0x0C, 0x21, 0xF1, 0xDC, 0x00, 0xA8, 0x0C, 0xF1, 0x50, 0x0C
	.byte 0x28, 0xF1, 0xDC, 0x00, 0x9C, 0x0C, 0xF1, 0x50, 0x0C, 0x1C, 0xF1, 0xDC, 0x00, 0xA8, 0x0C, 0xF1
	.byte 0x50, 0x0C, 0x28, 0xF1, 0xDC, 0x00, 0xA1, 0x0C, 0xF1, 0x50, 0x0C, 0x21, 0xF1, 0xDC, 0x00, 0xA8
	.byte 0x0C, 0xF1, 0x50, 0x0C, 0x28, 0xF1, 0xDC, 0x00, 0x9C, 0x0C, 0xF1, 0x50, 0x0C, 0x1C, 0xF1, 0xDC
	.byte 0x00, 0xA8, 0x0C, 0xF1, 0x50, 0x0C, 0x28, 0xF1, 0xDC, 0x00, 0xA1, 0x0C, 0xF1, 0x50, 0x0C, 0x21
	.byte 0xF1, 0xDC, 0x00, 0xA8, 0x0C, 0xF1, 0x50, 0x0C, 0x28, 0xF1, 0xDC, 0x00, 0x9C, 0x0C, 0xF1, 0x50
	.byte 0x0C, 0x1C, 0xF1, 0xDC, 0x00, 0xA8, 0x0C, 0xF1, 0x50, 0x0C, 0x28, 0xF1, 0xDC, 0x00, 0xA1, 0x0C
	.byte 0xF1, 0x50, 0x0C, 0x21, 0xF1, 0xDC, 0x00, 0xA8, 0x0C, 0xF1, 0x50, 0x0C, 0x28, 0xF1, 0xDC, 0x00
	.byte 0x9C, 0x0C, 0xF1, 0x50, 0x0C, 0x1C, 0xF1, 0xDC, 0x00, 0xA8, 0x0C, 0xF1, 0x50, 0x0C, 0x28, 0xF1
	.byte 0xDC, 0x00, 0xA1, 0x0C, 0xF1, 0x50, 0x0C, 0x21, 0xF1, 0xDC, 0x00, 0xA8, 0x0C, 0xF1, 0x50, 0x0C
	.byte 0x28, 0xF1, 0xDC, 0x00, 0x9C, 0x0C, 0xF1, 0x50, 0x0C, 0x1C, 0xF1, 0xDC, 0x00, 0xA8, 0x0C, 0xF1
	.byte 0x50, 0x0C, 0x28, 0xF1, 0xDC, 0x00, 0xA1, 0x0C, 0xF1, 0x50, 0x0C, 0x21, 0xF1, 0xDC, 0x00, 0xA8
	.byte 0x0C, 0xF1, 0x50, 0x0C, 0x28, 0xF1, 0xDC, 0x00, 0x9C, 0x0C, 0xF1, 0x50, 0x0C, 0x1C, 0xF1, 0xDC
	.byte 0x00, 0xA8, 0x0C, 0xF1, 0x50, 0x0C, 0x28, 0xF1, 0xDC, 0x00, 0xA1, 0x0C, 0xF1, 0x50, 0x0C, 0x21
	.byte 0xF1, 0xDC, 0x00, 0xA8, 0x0C, 0xF1, 0x50, 0x0C, 0x28, 0xF1, 0xDC, 0x00, 0x9C, 0x0C, 0xF1, 0x50
	.byte 0x0C, 0x1C, 0xF1, 0xDC, 0x00, 0xA8, 0x0C, 0xF1, 0x50, 0x0C, 0x28, 0xF1, 0xDC, 0x00, 0xA1, 0x0C
	.byte 0xF1, 0x50, 0x0C, 0x21, 0xF1, 0xDC, 0x00, 0xA8, 0x0C, 0xF1, 0x50, 0x0C, 0x28, 0xF1, 0xDC, 0x00
	.byte 0x9C, 0x0C, 0xF1, 0x50, 0x0C, 0x1C, 0xF1, 0xDC, 0x00, 0xA8, 0x0C, 0xF1, 0x50, 0x0C, 0x28, 0xF1
	.byte 0xDC, 0x00, 0xA9, 0x0C, 0xF1, 0x50, 0x0C, 0x29, 0xF1, 0xDC, 0x00, 0xB0, 0x0C, 0xF1, 0x50, 0x0C
	.byte 0x30, 0xF1, 0xDC, 0x00, 0xA4, 0x0C, 0xF1, 0x50, 0x0C, 0x24, 0xF1, 0xDC, 0x00, 0xB0, 0x0C, 0xF1
	.byte 0x50, 0x0C, 0x30, 0xF1, 0xDC, 0x00, 0xA2, 0x0C, 0xF1, 0x50, 0x0C, 0x22, 0xF1, 0xDC, 0x00, 0xA9
	.byte 0x0C, 0xF1, 0x50, 0x0C, 0x29, 0xF1, 0xDC, 0x00, 0x9D, 0x0C, 0xF1, 0x50, 0x0C, 0x1D, 0xF1, 0xDC
	.byte 0x00, 0xA9, 0x0C, 0xF1, 0x50, 0x0C, 0x29, 0xF1, 0xDC, 0x00, 0xA4, 0x0C, 0xF1, 0x50, 0x0C, 0x24
	.byte 0xF1, 0xDC, 0x00, 0xAB, 0x0C, 0xF1, 0x50, 0x0C, 0x2B, 0xF1, 0xDC, 0x00, 0x9F, 0x0C, 0xF1, 0x50
	.byte 0x0C, 0x1F, 0xF1, 0xDC, 0x00, 0xAB, 0x0C, 0xF1, 0x50, 0x0C, 0x2B, 0xF1, 0xDC, 0x00, 0xA9, 0x0C
	.byte 0xF1, 0x50, 0x0C, 0x29, 0xF1, 0xDC, 0x00, 0xB0, 0x0C, 0xF1, 0x50, 0x0C, 0x30, 0xF1, 0xDC, 0x00
	.byte 0xA4, 0x0C, 0xF1, 0x50, 0x0C, 0x24, 0xF1, 0xDC, 0x00, 0xB0, 0x0C, 0xF1, 0x50, 0x0C, 0x30, 0xF1
	.byte 0xDC, 0x00, 0xA9, 0x0C, 0xF1, 0x50, 0x0C, 0x29, 0xF1, 0xDC, 0x00, 0xB0, 0x0C, 0xF1, 0x50, 0x0C
	.byte 0x30, 0xF1, 0xDC, 0x00, 0xA4, 0x0C, 0xF1, 0x50, 0x0C, 0x24, 0xF1, 0xDC, 0x00, 0xB0, 0x0C, 0xF1
	.byte 0x50, 0x0C, 0x30, 0xF1, 0xDC, 0x00, 0xA2, 0x0C, 0xF1, 0x50, 0x0C, 0x22, 0xF1, 0xDC, 0x00, 0xA9
	.byte 0x0C, 0xF1, 0x50, 0x0C, 0x29, 0xF1, 0xDC, 0x00, 0x9D, 0x0C, 0xF1, 0x50, 0x0C, 0x1D, 0xF1, 0xDC
	.byte 0x00, 0xA9, 0x0C, 0xF1, 0x50, 0x0C, 0x29, 0xF1, 0xDC, 0x00, 0xA4, 0x0C, 0xF1, 0x50, 0x0C, 0x24
	.byte 0xF1, 0xDC, 0x00, 0xAB, 0x0C, 0xF1, 0x50, 0x0C, 0x2B, 0xF1, 0xDC, 0x00, 0x9F, 0x0C, 0xF1, 0x50
	.byte 0x0C, 0x1F, 0xF1, 0xDC, 0x00, 0xAB, 0x0C, 0xF1, 0x50, 0x0C, 0x2B, 0xF1, 0xDC, 0x00, 0xA9, 0x0C
	.byte 0xF1, 0x50, 0x0C, 0x29, 0xF1, 0xDC, 0x00, 0xB0, 0x0C, 0xF1, 0x50, 0x0C, 0x30, 0xF1, 0xDC, 0x00
	.byte 0xA4, 0x0C, 0xF1, 0x50, 0x0C, 0x24, 0xF1, 0xDC, 0x00, 0xB0, 0x0C, 0xF1, 0x50, 0x0C, 0x30, 0xF1
	.byte 0xDC, 0x00, 0xA9, 0x0C, 0xF1, 0x50, 0x0C, 0x29, 0xF1, 0xDC, 0x00, 0xB0, 0x0C, 0xF1, 0x50, 0x0C
	.byte 0x30, 0xF1, 0xDC, 0x00, 0xA4, 0x0C, 0xF1, 0x50, 0x0C, 0x24, 0xF1, 0xDC, 0x00, 0xB0, 0x0C, 0xF1
	.byte 0x50, 0x0C, 0x30, 0xF1, 0xDC, 0x00, 0xA2, 0x0C, 0xF1, 0x50, 0x0C, 0x22, 0xF1, 0xDC, 0x00, 0xA9
	.byte 0x0C, 0xF1, 0x50, 0x0C, 0x29, 0xF1, 0xDC, 0x00, 0x9D, 0x0C, 0xF1, 0x50, 0x0C, 0x1D, 0xF1, 0xDC
	.byte 0x00, 0xA9, 0x0C, 0xF1, 0x50, 0x0C, 0x29, 0xF1, 0xDC, 0x00, 0xA4, 0x0C, 0xF1, 0x50, 0x0C, 0x24
	.byte 0xF1, 0xDC, 0x00, 0xAB, 0x0C, 0xF1, 0x50, 0x0C, 0x2B, 0xF1, 0xDC, 0x00, 0x9F, 0x0C, 0xF1, 0x50
	.byte 0x0C, 0x1F, 0xF1, 0xDC, 0x00, 0xAB, 0x0C, 0xF1, 0x50, 0x0C, 0x2B, 0xF1, 0xDC, 0x00, 0xA4, 0x0C
	.byte 0xF1, 0x50, 0x0C, 0x24, 0xF1, 0xDC, 0x00, 0xAB, 0x0C, 0xF1, 0x50, 0x0C, 0x2B, 0xF1, 0xDC, 0xF6
	.byte 0x30, 0x00, 0xA1, 0x0C, 0xF1, 0x50, 0x0C, 0x21, 0xF1, 0xDC, 0x00, 0xA8, 0x0C, 0xF1, 0x50, 0x0C
	.byte 0x28, 0xF1, 0xDC, 0x00, 0x9C, 0x0C, 0xF1, 0x50, 0x0C, 0x1C, 0xF1, 0xDC, 0x00, 0xA8, 0x0C, 0xF1
	.byte 0x50, 0x0C, 0x28, 0xF1, 0xDC, 0x00, 0xA1, 0x0C, 0xF1, 0x50, 0x0C, 0x21, 0xF1, 0xDC, 0x00, 0xA8
	.byte 0x0C, 0xF1, 0x50, 0x0C, 0x28, 0xF1, 0xDC, 0x00, 0x9C, 0x0C, 0xF1, 0x50, 0x0C, 0x1C, 0xF1, 0xDC
	.byte 0x00, 0xA8, 0x0C, 0xF1, 0x50, 0x0C, 0x28, 0xF1, 0xDC, 0x00, 0xA1, 0x0C, 0xF1, 0x50, 0x0C, 0x21
	.byte 0xF1, 0xDC, 0x00, 0xA8, 0x0C, 0xF1, 0x50, 0x0C, 0x28, 0xF1, 0xDC, 0x00, 0x9C, 0x0C, 0xF1, 0x50
	.byte 0x0C, 0x1C, 0xF1, 0xDC, 0x00, 0xA8, 0x0C, 0xF1, 0x50, 0x0C, 0x28, 0xF1, 0xDC, 0x00, 0xA1, 0x0C
	.byte 0xF1, 0x50, 0x0C, 0x21, 0xF1, 0xDC, 0x00, 0xA8, 0x0C, 0xF1, 0x50, 0x0C, 0x28, 0xF1, 0xDC, 0x00
	.byte 0x9C, 0x0C, 0xF1, 0x50, 0x0C, 0x1C, 0xF1, 0xDC, 0x00, 0xA8, 0x0C, 0xF1, 0x50, 0x0C, 0x28, 0xF1
	.byte 0xDC, 0xF8, 0xCD, 0xF6, 0xFF, 0xF9, 0xB0, 0xF0, 0x08, 0xF2, 0x64, 0xF1, 0x50, 0xF6, 0x18, 0x00
	.byte 0xB9, 0x08, 0xF1, 0x28, 0x04, 0x39, 0xF1, 0x50, 0x00, 0xB9, 0x08, 0xF1, 0x28, 0x08, 0x39, 0xF1
	.byte 0x50, 0xF6, 0x14, 0x00, 0xB9, 0x08, 0xF1, 0x28, 0x04, 0x39, 0xF1, 0x50, 0x00, 0xB9, 0x08, 0xF1
	.byte 0x28, 0x08, 0x39, 0xF1, 0x50, 0xF6, 0x14, 0x00, 0xB9, 0x08, 0xF1, 0x28, 0x04, 0x39, 0xF1, 0x50
	.byte 0x00, 0xB9, 0x08, 0xF1, 0x28, 0x08, 0x39, 0xF1, 0x50, 0xF6, 0x14, 0x00, 0xB9, 0x08, 0xF1, 0x28
	.byte 0x04, 0x39, 0xF1, 0x50, 0x00, 0xB9, 0x0C, 0x00, 0xB9, 0x0C, 0xF1, 0x28, 0x0C, 0x39, 0xF1, 0x50
	.byte 0x00, 0xB9, 0x08, 0xF1, 0x28, 0x04, 0x39, 0xF1, 0x50, 0x00, 0xB9, 0x08, 0xF1, 0x28, 0x08, 0x39
	.byte 0xF1, 0x50, 0xF6, 0x14, 0x00, 0xB9, 0x08, 0xF1, 0x28, 0x04, 0x39, 0xF1, 0x50, 0x00, 0xB9, 0x08
	.byte 0xF1, 0x28, 0x08, 0x39, 0xF1, 0x50, 0xF6, 0x14, 0x00, 0xB9, 0x08, 0xF1, 0x28, 0x04, 0x39, 0xF1
	.byte 0x50, 0x00, 0xB9, 0x08, 0xF1, 0x28, 0x08, 0x39, 0xF1, 0x50, 0xF6, 0x14, 0x00, 0xB9, 0x08, 0xF1
	.byte 0x28, 0x04, 0x39, 0xF1, 0x50, 0x00, 0xB9, 0x0C, 0x00, 0xB9, 0x0C, 0xF1, 0x28, 0x0C, 0x39, 0xF1
	.byte 0x50, 0x00, 0xB9, 0x08, 0xF1, 0x28, 0x04, 0x39, 0xF1, 0x50, 0x00, 0xB9, 0x08, 0xF1, 0x28, 0x08
	.byte 0x39, 0xF1, 0x50, 0xF6, 0x14, 0x00, 0xB9, 0x08, 0xF1, 0x28, 0x04, 0x39, 0xF1, 0x50, 0x00, 0xB9
	.byte 0x08, 0xF1, 0x28, 0x08, 0x39, 0xF1, 0x50, 0xF6, 0x14, 0x00, 0xB9, 0x08, 0xF1, 0x28, 0x04, 0x39
	.byte 0xF1, 0x50, 0x00, 0xB9, 0x08, 0xF1, 0x28, 0x08, 0x39, 0xF1, 0x50, 0xF6, 0x14, 0x00, 0xB9, 0x08
	.byte 0xF1, 0x28, 0x04, 0x39, 0xF1, 0x50, 0x00, 0xB9, 0x0C, 0x00, 0xB9, 0x0C, 0xF1, 0x28, 0x0C, 0x39
	.byte 0xF1, 0x50, 0x08, 0x39, 0xF1, 0x28, 0x04, 0x39, 0xF1, 0x50, 0x00, 0xB9, 0x08, 0xF1, 0x28, 0x08
	.byte 0x39, 0xF1, 0x50, 0xF6, 0x14, 0x00, 0xB9, 0x08, 0xF1, 0x28, 0x04, 0x39, 0xF1, 0x50, 0x00, 0xB9
	.byte 0x08, 0xF1, 0x28, 0x08, 0x39, 0xF1, 0x50, 0xF6, 0x14, 0x00, 0xB9, 0x08, 0xF1, 0x28, 0x04, 0x39
	.byte 0xF1, 0x50, 0x00, 0xB9, 0x08, 0xF1, 0x28, 0x04, 0x39, 0xF1, 0x50, 0xF6, 0x30, 0xF6, 0x18, 0x00
	.byte 0xB7, 0x08, 0xF1, 0x28, 0x04, 0x37, 0xF1, 0x50, 0x00, 0xB7, 0x08, 0xF1, 0x28, 0x08, 0x37, 0xF1
	.byte 0x50, 0xF6, 0x14, 0x00, 0xB7, 0x08, 0xF1, 0x28, 0x04, 0x37, 0xF1, 0x50, 0x00, 0xB7, 0x08, 0xF1
	.byte 0x28, 0x08, 0x37, 0xF1, 0x50, 0xF6, 0x14, 0x00, 0xB7, 0x08, 0xF1, 0x28, 0x04, 0x37, 0xF1, 0x50
	.byte 0x00, 0xB7, 0x08, 0xF1, 0x28, 0x08, 0x37, 0xF1, 0x50, 0xF6, 0x14, 0x00, 0xB7, 0x08, 0xF1, 0x28
	.byte 0x04, 0x37, 0xF1, 0x50, 0x00, 0xB7, 0x0C, 0x00, 0xB7, 0x0C, 0xF1, 0x28, 0x0C, 0x37, 0xF1, 0x50
	.byte 0x00, 0xB7, 0x08, 0xF1, 0x28, 0x04, 0x37, 0xF1, 0x50, 0x00, 0xB7, 0x08, 0xF1, 0x28, 0x08, 0x37
	.byte 0xF1, 0x50, 0xF6, 0x14, 0x00, 0xB7, 0x08, 0xF1, 0x28, 0x04, 0x37, 0xF1, 0x50, 0x00, 0xB7, 0x08
	.byte 0xF1, 0x28, 0x08, 0x37, 0xF1, 0x50, 0xF6, 0x14, 0x00, 0xB7, 0x08, 0xF1, 0x28, 0x04, 0x37, 0xF1
	.byte 0x50, 0x00, 0xB7, 0x08, 0xF1, 0x28, 0x08, 0x37, 0xF1, 0x50, 0xF6, 0x14, 0x00, 0xB7, 0x08, 0xF1
	.byte 0x28, 0x04, 0x37, 0xF1, 0x50, 0x00, 0xB7, 0x0C, 0x00, 0xB7, 0x0C, 0xF1, 0x28, 0x0C, 0x37, 0xF1
	.byte 0x50, 0x00, 0xB7, 0x08, 0xF1, 0x28, 0x04, 0x37, 0xF1, 0x50, 0x00, 0xB7, 0x08, 0xF1, 0x28, 0x08
	.byte 0x37, 0xF1, 0x50, 0xF6, 0x14, 0x00, 0xB7, 0x08, 0xF1, 0x28, 0x04, 0x37, 0xF1, 0x50, 0x00, 0xB7
	.byte 0x08, 0xF1, 0x28, 0x08, 0x37, 0xF1, 0x50, 0xF6, 0x14, 0x00, 0xB7, 0x08, 0xF1, 0x28, 0x04, 0x37
	.byte 0xF1, 0x50, 0x00, 0xB7, 0x08, 0xF1, 0x28, 0x08, 0x37, 0xF1, 0x50, 0xF6, 0x14, 0x00, 0xB7, 0x08
	.byte 0xF1, 0x28, 0x04, 0x37, 0xF1, 0x50, 0x00, 0xB7, 0x0C, 0x00, 0xB7, 0x0C, 0xF1, 0x28, 0x0C, 0x37
	.byte 0xF1, 0x50, 0x00, 0xB7, 0x08, 0xF1, 0x28, 0x04, 0x37, 0xF1, 0x50, 0x00, 0xB7, 0x08, 0xF1, 0x28
	.byte 0x08, 0x37, 0xF1, 0x50, 0xF6, 0x14, 0x00, 0xB7, 0x08, 0xF1, 0x28, 0x04, 0x37, 0xF1, 0x50, 0x00
	.byte 0xB7, 0x08, 0xF1, 0x28, 0x08, 0x37, 0xF1, 0x50, 0xF6, 0x14, 0x00, 0xB7, 0x08, 0xF1, 0x28, 0x04
	.byte 0x37, 0xF1, 0x50, 0x00, 0xB7, 0x08, 0xF1, 0x28, 0x04, 0x37, 0xF1, 0x50, 0xF6, 0x30, 0xF6, 0x18
	.byte 0x00, 0xBB, 0x08, 0xF1, 0x28, 0x04, 0x3B, 0xF1, 0x50, 0x00, 0xBB, 0x08, 0xF1, 0x28, 0x08, 0x3B
	.byte 0xF1, 0x50, 0xF6, 0x14, 0x00, 0xBB, 0x08, 0xF1, 0x28, 0x04, 0x3B, 0xF1, 0x50, 0x00, 0xBB, 0x08
	.byte 0xF1, 0x28, 0x08, 0x3B, 0xF1, 0x50, 0xF6, 0x14, 0x00, 0xBB, 0x08, 0xF1, 0x28, 0x04, 0x3B, 0xF1
	.byte 0x50, 0x00, 0xBB, 0x08, 0xF1, 0x28, 0x08, 0x3B, 0xF1, 0x50, 0xF6, 0x14, 0x00, 0xBB, 0x08, 0xF1
	.byte 0x28, 0x04, 0x3B, 0xF1, 0x50, 0x00, 0xBB, 0x0C, 0x00, 0xBB, 0x0C, 0xF1, 0x28, 0x0C, 0x3B, 0xF1
	.byte 0x50, 0x00, 0xBB, 0x08, 0xF1, 0x28, 0x04, 0x3B, 0xF1, 0x50, 0x00, 0xBB, 0x08, 0xF1, 0x28, 0x08
	.byte 0x3B, 0xF1, 0x50, 0xF6, 0x14, 0x00, 0xBB, 0x08, 0xF1, 0x28, 0x04, 0x3B, 0xF1, 0x50, 0x00, 0xBB
	.byte 0x08, 0xF1, 0x28, 0x08, 0x3B, 0xF1, 0x50, 0xF6, 0x14, 0x00, 0xBB, 0x08, 0xF1, 0x28, 0x04, 0x3B
	.byte 0xF1, 0x50, 0x00, 0xBB, 0x08, 0xF1, 0x28, 0x08, 0x3B, 0xF1, 0x50, 0xF6, 0x14, 0x00, 0xBB, 0x08
	.byte 0xF1, 0x28, 0x04, 0x3B, 0xF1, 0x50, 0x00, 0xBB, 0x0C, 0x00, 0xBB, 0x0C, 0xF1, 0x28, 0x0C, 0x3B
	.byte 0xF1, 0x50, 0x00, 0xBB, 0x08, 0xF1, 0x28, 0x04, 0x3B, 0xF1, 0x50, 0x00, 0xBB, 0x08, 0xF1, 0x28
	.byte 0x08, 0x3B, 0xF1, 0x50, 0xF6, 0x14, 0x00, 0xBB, 0x08, 0xF1, 0x28, 0x04, 0x3B, 0xF1, 0x50, 0x00
	.byte 0xBB, 0x08, 0xF1, 0x28, 0x08, 0x3B, 0xF1, 0x50, 0xF6, 0x14, 0x00, 0xBB, 0x08, 0xF1, 0x28, 0x04
	.byte 0x3B, 0xF1, 0x50, 0x00, 0xBB, 0x08, 0xF1, 0x28, 0x08, 0x3B, 0xF1, 0x50, 0xF6, 0x14, 0x00, 0xBB
	.byte 0x08, 0xF1, 0x28, 0x04, 0x3B, 0xF1, 0x50, 0x00, 0xBB, 0x0C, 0x00, 0xBB, 0x0C, 0xF1, 0x28, 0x0C
	.byte 0x3B, 0xF1, 0x50, 0x00, 0xBB, 0x08, 0xF1, 0x28, 0x04, 0x3B, 0xF1, 0x50, 0x00, 0xBB, 0x08, 0xF1
	.byte 0x28, 0x08, 0x3B, 0xF1, 0x50, 0xF6, 0x14, 0x00, 0xBB, 0x08, 0xF1, 0x28, 0x04, 0x3B, 0xF1, 0x50
	.byte 0x00, 0xBB, 0x08, 0xF1, 0x28, 0x08, 0x3B, 0xF1, 0x50, 0xF6, 0x14, 0x00, 0xBB, 0x08, 0xF1, 0x28
	.byte 0x04, 0x3B, 0xF1, 0x50, 0x00, 0xBB, 0x08, 0xF1, 0x28, 0x04, 0x3B, 0xF1, 0x50, 0xF6, 0x30, 0xF6
	.byte 0x18, 0x00, 0xB9, 0x08, 0xF1, 0x28, 0x04, 0x39, 0xF1, 0x50, 0x00, 0xB9, 0x08, 0xF1, 0x28, 0x08
	.byte 0x39, 0xF1, 0x50, 0xF6, 0x14, 0x00, 0xB9, 0x08, 0xF1, 0x28, 0x04, 0x39, 0xF1, 0x50, 0x00, 0xB9
	.byte 0x08, 0xF1, 0x28, 0x08, 0x39, 0xF1, 0x50, 0xF6, 0x14, 0x00, 0xB9, 0x08, 0xF1, 0x28, 0x04, 0x39
	.byte 0xF1, 0x50, 0x00, 0xB9, 0x08, 0xF1, 0x28, 0x08, 0x39, 0xF1, 0x50, 0xF6, 0x14, 0x00, 0xB9, 0x08
	.byte 0xF1, 0x28, 0x04, 0x39, 0xF1, 0x50, 0x00, 0xB9, 0x0C, 0x00, 0xB9, 0x0C, 0xF1, 0x28, 0x0C, 0x39
	.byte 0xF1, 0x50, 0x00, 0xB9, 0x08, 0xF1, 0x28, 0x04, 0x39, 0xF1, 0x50, 0x00, 0xB9, 0x08, 0xF1, 0x28
	.byte 0x08, 0x39, 0xF1, 0x50, 0xF6, 0x14, 0x00, 0xB9, 0x08, 0xF1, 0x28, 0x04, 0x39, 0xF1, 0x50, 0x00
	.byte 0xB9, 0x08, 0xF1, 0x28, 0x08, 0x39, 0xF1, 0x50, 0xF6, 0x14, 0x00, 0xB9, 0x08, 0xF1, 0x28, 0x04
	.byte 0x39, 0xF1, 0x50, 0x00, 0xB9, 0x08, 0xF1, 0x28, 0x08, 0x39, 0xF1, 0x50, 0xF6, 0x14, 0x00, 0xB9
	.byte 0x08, 0xF1, 0x28, 0x04, 0x39, 0xF1, 0x50, 0x00, 0xB9, 0x0C, 0x00, 0xB9, 0x0C, 0xF1, 0x28, 0x0C
	.byte 0x39, 0xF1, 0x50, 0x00, 0xB9, 0x08, 0xF1, 0x28, 0x04, 0x39, 0xF1, 0x50, 0x00, 0xB9, 0x08, 0xF1
	.byte 0x28, 0x08, 0x39, 0xF1, 0x50, 0xF6, 0x14, 0x00, 0xB9, 0x08, 0xF1, 0x28, 0x04, 0x39, 0xF1, 0x50
	.byte 0x00, 0xB9, 0x08, 0xF1, 0x28, 0x08, 0x39, 0xF1, 0x50, 0xF6, 0x14, 0x00, 0xB9, 0x08, 0xF1, 0x28
	.byte 0x04, 0x39, 0xF1, 0x50, 0x00, 0xB9, 0x08, 0xF1, 0x28, 0x08, 0x39, 0xF1, 0x50, 0xF6, 0x14, 0x00
	.byte 0xB9, 0x08, 0xF1, 0x28, 0x04, 0x39, 0xF1, 0x50, 0x00, 0xB9, 0x0C, 0x00, 0xB9, 0x0C, 0xF1, 0x28
	.byte 0x0C, 0x39, 0xF1, 0x50, 0x00, 0xB9, 0x08, 0xF1, 0x28, 0x04, 0x39, 0xF1, 0x50, 0x00, 0xB9, 0x08
	.byte 0xF1, 0x28, 0x08, 0x39, 0xF1, 0x50, 0xF6, 0x14, 0x00, 0xB9, 0x08, 0xF1, 0x28, 0x04, 0x39, 0xF1
	.byte 0x50, 0x00, 0xB9, 0x08, 0xF1, 0x28, 0x08, 0x39, 0xF1, 0x50, 0xF6, 0x14, 0x00, 0xB9, 0x08, 0xF1
	.byte 0x28, 0x04, 0x39, 0xF1, 0x50, 0x00, 0xB9, 0x08, 0xF1, 0x28, 0x04, 0x39, 0xF1, 0x50, 0xF6, 0x30
	.byte 0xF6, 0x18, 0x00, 0xB7, 0x08, 0xF1, 0x28, 0x04, 0x37, 0xF1, 0x50, 0x00, 0xB7, 0x08, 0xF1, 0x28
	.byte 0x08, 0x37, 0xF1, 0x50, 0xF6, 0x14, 0x00, 0xB7, 0x08, 0xF1, 0x28, 0x04, 0x37, 0xF1, 0x50, 0x00
	.byte 0xB7, 0x08, 0xF1, 0x28, 0x08, 0x37, 0xF1, 0x50, 0xF6, 0x14, 0x00, 0xB7, 0x08, 0xF1, 0x28, 0x04
	.byte 0x37, 0xF1, 0x50, 0x00, 0xB7, 0x08, 0xF1, 0x28, 0x08, 0x37, 0xF1, 0x50, 0xF6, 0x14, 0x00, 0xB7
	.byte 0x08, 0xF1, 0x28, 0x04, 0x37, 0xF1, 0x50, 0x00, 0xB7, 0x0C, 0x00, 0xB7, 0x0C, 0xF1, 0x28, 0x0C
	.byte 0x37, 0xF1, 0x50, 0x00, 0xB7, 0x08, 0xF1, 0x28, 0x04, 0x37, 0xF1, 0x50, 0x00, 0xB7, 0x08, 0xF1
	.byte 0x28, 0x08, 0x37, 0xF1, 0x50, 0xF6, 0x14, 0x00, 0xB7, 0x08, 0xF1, 0x28, 0x04, 0x37, 0xF1, 0x50
	.byte 0x00, 0xB7, 0x08, 0xF1, 0x28, 0x08, 0x37, 0xF1, 0x50, 0xF6, 0x14, 0x00, 0xB7, 0x08, 0xF1, 0x28
	.byte 0x04, 0x37, 0xF1, 0x50, 0x00, 0xB7, 0x08, 0xF1, 0x28, 0x08, 0x37, 0xF1, 0x50, 0xF6, 0x14, 0x00
	.byte 0xB7, 0x08, 0xF1, 0x28, 0x04, 0x37, 0xF1, 0x50, 0x00, 0xB7, 0x0C, 0x00, 0xB7, 0x0C, 0xF1, 0x28
	.byte 0x0C, 0x37, 0xF1, 0x50, 0x00, 0xB7, 0x08, 0xF1, 0x28, 0x04, 0x37, 0xF1, 0x50, 0x00, 0xB7, 0x08
	.byte 0xF1, 0x28, 0x08, 0x37, 0xF1, 0x50, 0xF6, 0x14, 0x00, 0xB7, 0x08, 0xF1, 0x28, 0x04, 0x37, 0xF1
	.byte 0x50, 0x00, 0xB7, 0x08, 0xF1, 0x28, 0x08, 0x37, 0xF1, 0x50, 0xF6, 0x14, 0x00, 0xB7, 0x08, 0xF1
	.byte 0x28, 0x04, 0x37, 0xF1, 0x50, 0x00, 0xB7, 0x08, 0xF1, 0x28, 0x08, 0x37, 0xF1, 0x50, 0xF6, 0x14
	.byte 0x00, 0xB7, 0x08, 0xF1, 0x28, 0x04, 0x37, 0xF1, 0x50, 0x00, 0xB7, 0x0C, 0x00, 0xB7, 0x0C, 0xF1
	.byte 0x28, 0x0C, 0x37, 0xF1, 0x50, 0x00, 0xB7, 0x08, 0xF1, 0x28, 0x04, 0x37, 0xF1, 0x50, 0x00, 0xB7
	.byte 0x08, 0xF1, 0x28, 0x08, 0x37, 0xF1, 0x50, 0xF6, 0x14, 0x00, 0xB7, 0x08, 0xF1, 0x28, 0x04, 0x37
	.byte 0xF1, 0x50, 0x00, 0xB7, 0x08, 0xF1, 0x28, 0x08, 0x37, 0xF1, 0x50, 0xF6, 0x14, 0x00, 0xB7, 0x08
	.byte 0xF1, 0x28, 0x04, 0x37, 0xF1, 0x50, 0x00, 0xB7, 0x08, 0xF1, 0x28, 0x04, 0x37, 0xF1, 0x50, 0xF6
	.byte 0x30, 0xF6, 0x18, 0x00, 0xBB, 0x08, 0xF1, 0x28, 0x04, 0x3B, 0xF1, 0x50, 0x00, 0xBB, 0x08, 0xF1
	.byte 0x28, 0x08, 0x3B, 0xF1, 0x50, 0xF6, 0x14, 0x00, 0xBB, 0x08, 0xF1, 0x28, 0x04, 0x3B, 0xF1, 0x50
	.byte 0x00, 0xBB, 0x08, 0xF1, 0x28, 0x08, 0x3B, 0xF1, 0x50, 0xF6, 0x14, 0x00, 0xBB, 0x08, 0xF1, 0x28
	.byte 0x04, 0x3B, 0xF1, 0x50, 0x00, 0xBB, 0x08, 0xF1, 0x28, 0x08, 0x3B, 0xF1, 0x50, 0xF6, 0x14, 0x00
	.byte 0xBB, 0x08, 0xF1, 0x28, 0x04, 0x3B, 0xF1, 0x50, 0x00, 0xBB, 0x0C, 0x00, 0xBB, 0x0C, 0xF1, 0x28
	.byte 0x0C, 0x3B, 0xF1, 0x50, 0x00, 0xBB, 0x08, 0xF1, 0x28, 0x04, 0x3B, 0xF1, 0x50, 0x00, 0xBB, 0x08
	.byte 0xF1, 0x28, 0x08, 0x3B, 0xF1, 0x50, 0xF6, 0x14, 0x00, 0xBB, 0x08, 0xF1, 0x28, 0x04, 0x3B, 0xF1
	.byte 0x50, 0x08, 0x3B, 0xF1, 0x28, 0x08, 0x3B, 0xF1, 0x50, 0xF6, 0x14, 0x08, 0x3B, 0xF1, 0x28, 0x04
	.byte 0x3B, 0xF1, 0x50, 0x00, 0xBB, 0x08, 0xF1, 0x28, 0x08, 0x3B, 0xF1, 0x50, 0xF6, 0x14, 0x00, 0xBB
	.byte 0x08, 0xF1, 0x28, 0x04, 0x3B, 0xF1, 0x50, 0x00, 0xBB, 0x0C, 0x00, 0xBB, 0x0C, 0xF1, 0x28, 0x0C
	.byte 0x3B, 0xF1, 0x50, 0x00, 0xBB, 0x08, 0xF1, 0x28, 0x04, 0x3B, 0xF1, 0x50, 0x00, 0xBB, 0x08, 0xF1
	.byte 0x28, 0x08, 0x3B, 0xF1, 0x50, 0xF6, 0x14, 0x00, 0xBB, 0x08, 0xF1, 0x28, 0x04, 0x3B, 0xF1, 0x50
	.byte 0x00, 0xBB, 0x08, 0xF1, 0x28, 0x08, 0x3B, 0xF1, 0x50, 0xF6, 0x14, 0x00, 0xBB, 0x08, 0xF1, 0x28
	.byte 0x04, 0x3B, 0xF1, 0x50, 0x00, 0xBB, 0x08, 0xF1, 0x28, 0x08, 0x3B, 0xF1, 0x50, 0xF6, 0x14, 0x00
	.byte 0xBB, 0x08, 0xF1, 0x28, 0x04, 0x3B, 0xF1, 0x50, 0x00, 0xBB, 0x0C, 0x00, 0xBB, 0x0C, 0xF1, 0x28
	.byte 0x0C, 0x3B, 0xF1, 0x50, 0x00, 0xBB, 0x08, 0xF1, 0x28, 0x04, 0x3B, 0xF1, 0x50, 0x00, 0xBB, 0x08
	.byte 0xF1, 0x28, 0x08, 0x3B, 0xF1, 0x50, 0xF6, 0x14, 0x00, 0xBB, 0x08, 0xF1, 0x28, 0x04, 0x3B, 0xF1
	.byte 0x50, 0x00, 0xBB, 0x08, 0xF1, 0x28, 0x08, 0x3B, 0xF1, 0x50, 0xF6, 0x14, 0x00, 0xBB, 0x08, 0xF1
	.byte 0x28, 0x04, 0x3B, 0xF1, 0x50, 0x00, 0xBB, 0x08, 0xF1, 0x28, 0x08, 0x3B, 0xF1, 0x50, 0xF6, 0x14
	.byte 0x00, 0xBB, 0x08, 0xF1, 0x28, 0x04, 0x3B, 0xF1, 0x50, 0x00, 0xBB, 0x08, 0xF1, 0x28, 0x04, 0x3B
	.byte 0xF1, 0x50, 0xF0, 0x0A, 0xF2, 0x7F, 0xF1, 0x78, 0x00, 0xAD, 0x0C, 0xF1, 0x3C, 0x00, 0xAD, 0x0C
	.byte 0xF1, 0x1E, 0x0C, 0x2D, 0xF1, 0x78, 0xF6, 0x9C, 0xF6, 0xC0, 0xF6, 0x18, 0x0C, 0x51, 0x00, 0xD0
	.byte 0x08, 0xF1, 0x3C, 0x04, 0x50, 0xF1, 0x78, 0x00, 0xD1, 0x0C, 0xF1, 0x3C, 0x0C, 0x51, 0xF1, 0x78
	.byte 0x00, 0xCC, 0x10, 0xF1, 0x3C, 0x08, 0x4C, 0xF1, 0x78, 0x0C, 0x4D, 0x0C, 0x4F, 0x0C, 0x4D, 0x0C
	.byte 0x4C, 0x00, 0xCA, 0x0C, 0xF1, 0x3C, 0x0C, 0x4A, 0xF1, 0x78, 0x00, 0xCD, 0x10, 0xF1, 0x3C, 0x00
	.byte 0xCD, 0x08, 0xF1, 0x78, 0xF1, 0x1E, 0x08, 0x4D, 0xF1, 0x78, 0xF6, 0x10, 0x0C, 0x50, 0x00, 0xD1
	.byte 0x08, 0xF1, 0x3C, 0x04, 0x51, 0xF1, 0x78, 0x00, 0xD3, 0x0C, 0xF1, 0x3C, 0x0C, 0x53, 0xF1, 0x78
	.byte 0x00, 0xCC, 0x10, 0xF1, 0x3C, 0x08, 0x4C, 0xF1, 0x78, 0x18, 0x4A, 0x00, 0xC8, 0x0C, 0xF1, 0x3C
	.byte 0x0C, 0x48, 0xF1, 0x78, 0x00, 0xD1, 0x18, 0xF1, 0x3C, 0x00, 0xD1, 0x0C, 0xF1, 0x1E, 0x0C, 0x51
	.byte 0xF1, 0x78, 0x00, 0xD1, 0x0C, 0xF1, 0x3C, 0x0C, 0x51, 0xF1, 0x78, 0x0C, 0x54, 0x00, 0xD3, 0x08
	.byte 0xF1, 0x3C, 0x04, 0x53, 0xF1, 0x78, 0x0C, 0x54, 0x00, 0xD3, 0x08, 0xF1, 0x3C, 0x04, 0x53, 0xF1
	.byte 0x78, 0x0C, 0x51, 0x0C, 0x54, 0x00, 0xD2, 0x0C, 0xF1, 0x3C, 0x0C, 0x52, 0xF1, 0x78, 0x0C, 0x55
	.byte 0x00, 0xD4, 0x08, 0xF1, 0x3C, 0x04, 0x54, 0xF1, 0x78, 0x0C, 0x55, 0x00, 0xD4, 0x08, 0xF1, 0x3C
	.byte 0x04, 0x54, 0xF1, 0x78, 0x0C, 0x52, 0x0C, 0x50, 0x0C, 0x4F, 0x0C, 0x50, 0x0C, 0x52, 0x0C, 0x4F
	.byte 0x0C, 0x54, 0x0C, 0x52, 0x00, 0xD0, 0x08, 0xF1, 0x3C, 0x04, 0x50, 0xF1, 0x78, 0x00, 0xCF, 0x08
	.byte 0xF1, 0x3C, 0x04, 0x4F, 0xF1, 0x78, 0x0C, 0x4D, 0x0C, 0x4C, 0x0C, 0x4D, 0x0C, 0x4F, 0x0C, 0x50
	.byte 0x0C, 0x4F, 0x0C, 0x4D, 0x0C, 0x4B, 0x00, 0xCD, 0x0C, 0xF1, 0x3C, 0x0C, 0x4D, 0xF1, 0x78, 0x0C
	.byte 0x50, 0x00, 0xCF, 0x08, 0xF1, 0x3C, 0x04, 0x4F, 0xF1, 0x78, 0x00, 0xD0, 0x0C, 0xF1, 0x3C, 0x0C
	.byte 0x50, 0xF1, 0x78, 0x00, 0xCD, 0x0C, 0xF1, 0x3C, 0x0C, 0x4D, 0xF1, 0x78, 0x00, 0xCD, 0x0C, 0xF1
	.byte 0x3C, 0x0C, 0x4D, 0xF1, 0x78, 0x00, 0xCF, 0x0C, 0xF1, 0x3C, 0x0C, 0x4F, 0xF1, 0x78, 0x0C, 0x50
	.byte 0x0C, 0x4F, 0x0C, 0x4D, 0x0C, 0x4C, 0x00, 0xCF, 0x0C, 0xF1, 0x3C, 0x0C, 0x4F, 0xF1, 0x78, 0x0C
	.byte 0x52, 0x00, 0xD0, 0x08, 0xF1, 0x3C, 0x04, 0x50, 0xF1, 0x78, 0x00, 0xD2, 0x0C, 0xF1, 0x3C, 0x0C
	.byte 0x52, 0xF1, 0x78, 0x00, 0xD0, 0x0C, 0xF1, 0x3C, 0x0C, 0x50, 0xF1, 0x78, 0x18, 0x4F, 0x00, 0xCD
	.byte 0x0C, 0xF1, 0x3C, 0x0C, 0x4D, 0xF1, 0x78, 0x00, 0xD0, 0x18, 0xF1, 0x3C, 0x00, 0xD0, 0x0C, 0xF1
	.byte 0x1E, 0x0C, 0x50, 0xF1, 0x78, 0xF6, 0x18, 0x0C, 0x4D, 0x00, 0xCC, 0x08, 0xF1, 0x3C, 0x04, 0x4C
	.byte 0xF1, 0x78, 0x0C, 0x4D, 0xF6, 0x0C, 0x00, 0xC8, 0x10, 0xF1, 0x3C, 0x00, 0xC8, 0x08, 0xF1, 0x1E
	.byte 0x08, 0x48, 0xF1, 0x78, 0xF6, 0x10, 0x0C, 0x4D, 0x00, 0xCC, 0x08, 0xF1, 0x3C, 0x04, 0x4C, 0xF1
	.byte 0x78, 0x00, 0xCD, 0x0C, 0xF1, 0x3C, 0x0C, 0x4D, 0xF1, 0x78, 0x00, 0xC8, 0x10, 0xF1, 0x3C, 0x08
	.byte 0x48, 0xF1, 0x78, 0x00, 0xC8, 0x90, 0xF1, 0x3C, 0x00, 0xC8, 0x18, 0xF1, 0x1E, 0x18, 0x48, 0xF6
	.byte 0x18, 0xF0, 0x08, 0xF2, 0x64, 0xF1, 0x50, 0x00, 0xB9, 0x08, 0xF1, 0x28, 0x04, 0x39, 0xF1, 0x50
	.byte 0x00, 0xB9, 0x08, 0xF1, 0x28, 0x08, 0x39, 0xF1, 0x50, 0xF6, 0x14, 0x00, 0xB9, 0x08, 0xF1, 0x28
	.byte 0x04, 0x39, 0xF1, 0x50, 0x00, 0xB9, 0x08, 0xF1, 0x28, 0x08, 0x39, 0xF1, 0x50, 0xF6, 0x14, 0x00
	.byte 0xB9, 0x08, 0xF1, 0x28, 0x04, 0x39, 0xF1, 0x50, 0x00, 0xB9, 0x08, 0xF1, 0x28, 0x08, 0x39, 0xF1
	.byte 0x50, 0xF6, 0x14, 0x00, 0xB9, 0x08, 0xF1, 0x28, 0x04, 0x39, 0xF1, 0x50, 0x00, 0xB9, 0x0C, 0x00
	.byte 0xB9, 0x0C, 0xF1, 0x28, 0x0C, 0x39, 0xF1, 0x50, 0x00, 0xB9, 0x08, 0xF1, 0x28, 0x04, 0x39, 0xF1
	.byte 0x50, 0x00, 0xB9, 0x08, 0xF1, 0x28, 0x08, 0x39, 0xF1, 0x50, 0xF6, 0x14, 0x00, 0xB9, 0x08, 0xF1
	.byte 0x28, 0x04, 0x39, 0xF1, 0x50, 0x00, 0xB9, 0x08, 0xF1, 0x28, 0x08, 0x39, 0xF1, 0x50, 0xF6, 0x14
	.byte 0x00, 0xB9, 0x08, 0xF1, 0x28, 0x04, 0x39, 0xF1, 0x50, 0x00, 0xB9, 0x08, 0xF1, 0x28, 0x08, 0x39
	.byte 0xF1, 0x50, 0xF6, 0x14, 0x00, 0xB9, 0x08, 0xF1, 0x28, 0x04, 0x39, 0xF1, 0x50, 0x0C, 0x39, 0xF8
	.byte 0xF6, 0xF6, 0xFF, 0xF9, 0xB0, 0xF0, 0x00, 0xF2, 0x6E, 0xF1, 0x50, 0x18, 0x28, 0x0C, 0x28, 0x0C
	.byte 0x28, 0x18, 0x28, 0x0C, 0x28, 0x0C, 0x28, 0x18, 0x28, 0x0C, 0x28, 0x0C, 0x28, 0x06, 0x28, 0x06
	.byte 0x28, 0x0C, 0x28, 0x0C, 0x28, 0x0C, 0x28, 0x18, 0x28, 0x0C, 0x28, 0x0C, 0x28, 0x18, 0x28, 0x0C
	.byte 0x28, 0x0C, 0x28, 0x18, 0x28, 0x0C, 0x28, 0x0C, 0x28, 0x06, 0x28, 0x06, 0x28, 0x0C, 0x28, 0x0C
	.byte 0x28, 0x0C, 0x28, 0x18, 0x28, 0x0C, 0x28, 0x0C, 0x28, 0x18, 0x28, 0x0C, 0x28, 0x0C, 0x28, 0x18
	.byte 0x28, 0x0C, 0x28, 0x0C, 0x28, 0x06, 0x28, 0x06, 0x28, 0x0C, 0x28, 0x0C, 0x28, 0x0C, 0x28, 0x18
	.byte 0x28, 0x0C, 0x28, 0x0C, 0x28, 0x18, 0x28, 0x0C, 0x28, 0x0C, 0x28, 0x18, 0x28, 0x0C, 0x28, 0x0C
	.byte 0x28, 0xF6, 0x30, 0x18, 0x28, 0x0C, 0x28, 0x0C, 0x28, 0x18, 0x28, 0x0C, 0x28, 0x0C, 0x28, 0x18
	.byte 0x28, 0x0C, 0x28, 0x0C, 0x28, 0x06, 0x28, 0x06, 0x28, 0x0C, 0x28, 0x0C, 0x28, 0x0C, 0x28, 0x18
	.byte 0x28, 0x0C, 0x28, 0x0C, 0x28, 0x18, 0x28, 0x0C, 0x28, 0x0C, 0x28, 0x18, 0x28, 0x0C, 0x28, 0x0C
	.byte 0x28, 0x06, 0x28, 0x06, 0x28, 0x0C, 0x28, 0x0C, 0x28, 0x0C, 0x28, 0x18, 0x28, 0x0C, 0x28, 0x0C
	.byte 0x28, 0x18, 0x28, 0x0C, 0x28, 0x0C, 0x28, 0x18, 0x28, 0x0C, 0x28, 0x0C, 0x28, 0x06, 0x28, 0x06
	.byte 0x28, 0x0C, 0x28, 0x0C, 0x28, 0x0C, 0x28, 0x18, 0x28, 0x0C, 0x28, 0x0C, 0x28, 0x18, 0x28, 0x0C
	.byte 0x28, 0x0C, 0x28, 0x18, 0x28, 0x0C, 0x28, 0x0C, 0x28, 0xF6, 0x30, 0x18, 0x28, 0x0C, 0x28, 0x0C
	.byte 0x28, 0x18, 0x28, 0x0C, 0x28, 0x0C, 0x28, 0x18, 0x28, 0x0C, 0x28, 0x0C, 0x28, 0x06, 0x28, 0x06
	.byte 0x28, 0x0C, 0x28, 0x0C, 0x28, 0x0C, 0x28, 0x18, 0x28, 0x0C, 0x28, 0x0C, 0x28, 0x18, 0x28, 0x0C
	.byte 0x28, 0x0C, 0x28, 0x18, 0x28, 0x0C, 0x28, 0x0C, 0x28, 0x06, 0x28, 0x06, 0x28, 0x0C, 0x28, 0x0C
	.byte 0x28, 0x0C, 0x28, 0x18, 0x28, 0x0C, 0x28, 0x0C, 0x28, 0x18, 0x28, 0x0C, 0x28, 0x0C, 0x28, 0x18
	.byte 0x28, 0x0C, 0x28, 0x0C, 0x28, 0x06, 0x28, 0x06, 0x28, 0x0C, 0x28, 0x0C, 0x28, 0x0C, 0x28, 0x18
	.byte 0x28, 0x0C, 0x28, 0x0C, 0x28, 0x18, 0x28, 0x0C, 0x28, 0x0C, 0x28, 0x18, 0x28, 0x0C, 0x28, 0x0C
	.byte 0x28, 0xF6, 0x30, 0x18, 0x28, 0x0C, 0x28, 0x0C, 0x28, 0x18, 0x28, 0x0C, 0x28, 0x0C, 0x28, 0x18
	.byte 0x28, 0x0C, 0x28, 0x0C, 0x28, 0x06, 0x28, 0x06, 0x28, 0x0C, 0x28, 0x0C, 0x28, 0x0C, 0x28, 0x18
	.byte 0x28, 0x0C, 0x28, 0x0C, 0x28, 0x18, 0x28, 0x0C, 0x28, 0x0C, 0x28, 0x18, 0x28, 0x0C, 0x28, 0x0C
	.byte 0x28, 0x06, 0x28, 0x06, 0x28, 0x0C, 0x28, 0x0C, 0x28, 0x0C, 0x28, 0x18, 0x28, 0x0C, 0x28, 0x0C
	.byte 0x28, 0x18, 0x28, 0x0C, 0x28, 0x0C, 0x28, 0x18, 0x28, 0x0C, 0x28, 0x0C, 0x28, 0x06, 0x28, 0x06
	.byte 0x28, 0x0C, 0x28, 0x0C, 0x28, 0x0C, 0x28, 0x18, 0x28, 0x0C, 0x28, 0x0C, 0x28, 0x18, 0x28, 0x0C
	.byte 0x28, 0x0C, 0x28, 0x18, 0x28, 0x0C, 0x28, 0x0C, 0x28, 0xF6, 0x30, 0x18, 0x28, 0x0C, 0x28, 0x0C
	.byte 0x28, 0x18, 0x28, 0x0C, 0x28, 0x0C, 0x28, 0x18, 0x28, 0x0C, 0x28, 0x0C, 0x28, 0x06, 0x28, 0x06
	.byte 0x28, 0x0C, 0x28, 0x0C, 0x28, 0x0C, 0x28, 0x18, 0x28, 0x0C, 0x28, 0x0C, 0x28, 0x18, 0x28, 0x0C
	.byte 0x28, 0x0C, 0x28, 0x18, 0x28, 0x0C, 0x28, 0x0C, 0x28, 0x06, 0x28, 0x06, 0x28, 0x0C, 0x28, 0x0C
	.byte 0x28, 0x0C, 0x28, 0x18, 0x28, 0x0C, 0x28, 0x0C, 0x28, 0x18, 0x28, 0x0C, 0x28, 0x0C, 0x28, 0x18
	.byte 0x28, 0x0C, 0x28, 0x0C, 0x28, 0x06, 0x28, 0x06, 0x28, 0x0C, 0x28, 0x0C, 0x28, 0x0C, 0x28, 0x18
	.byte 0x28, 0x0C, 0x28, 0x0C, 0x28, 0x18, 0x28, 0x0C, 0x28, 0x0C, 0x28, 0x18, 0x28, 0x0C, 0x28, 0x0C
	.byte 0x28, 0xF6, 0x30, 0x18, 0x28, 0x0C, 0x28, 0x0C, 0x28, 0x18, 0x28, 0x0C, 0x28, 0x0C, 0x28, 0x18
	.byte 0x28, 0x0C, 0x28, 0x0C, 0x28, 0x06, 0x28, 0x06, 0x28, 0x0C, 0x28, 0x0C, 0x28, 0x0C, 0x28, 0x18
	.byte 0x28, 0x0C, 0x28, 0x0C, 0x28, 0x18, 0x28, 0x0C, 0x28, 0x0C, 0x28, 0x18, 0x28, 0x0C, 0x28, 0x0C
	.byte 0x28, 0x06, 0x28, 0x06, 0x28, 0x0C, 0x28, 0x0C, 0x28, 0x0C, 0x28, 0x18, 0x28, 0x0C, 0x28, 0x0C
	.byte 0x28, 0x18, 0x28, 0x0C, 0x28, 0x0C, 0x28, 0x18, 0x28, 0x0C, 0x28, 0x0C, 0x28, 0x06, 0x28, 0x06
	.byte 0x28, 0x0C, 0x28, 0x0C, 0x28, 0x0C, 0x28, 0x18, 0x28, 0x0C, 0x28, 0x0C, 0x28, 0x18, 0x28, 0x0C
	.byte 0x28, 0x0C, 0x28, 0x18, 0x28, 0x0C, 0x28, 0x0C, 0x28, 0x06, 0x28, 0x06, 0x28, 0x0C, 0x28, 0x0C
	.byte 0x28, 0x0C, 0x28, 0x18, 0x28, 0x0C, 0x28, 0x0C, 0x28, 0x18, 0x28, 0xF6, 0x60, 0x0C, 0x28, 0x0C
	.byte 0x28, 0x18, 0x28, 0x0C, 0x28, 0x0C, 0x28, 0x18, 0x28, 0x18, 0x28, 0xF6, 0x48, 0x08, 0x28, 0x08
	.byte 0x28, 0x08, 0x28, 0x18, 0x28, 0x0C, 0x28, 0x0C, 0x28, 0x18, 0x28, 0xF6, 0x60, 0x0C, 0x28, 0x0C
	.byte 0x28, 0x18, 0x28, 0x0C, 0x28, 0x0C, 0x28, 0x18, 0x28, 0x18, 0x28, 0xF6, 0x48, 0x08, 0x28, 0x08
	.byte 0x28, 0x08, 0x28, 0x18, 0x28, 0x0C, 0x28, 0x0C, 0x28, 0x18, 0x28, 0x0C, 0x28, 0x0C, 0x28, 0x18
	.byte 0x28, 0x0C, 0x28, 0x0C, 0x28, 0x06, 0x28, 0x06, 0x28, 0x0C, 0x28, 0x0C, 0x28, 0x0C, 0x28, 0x18
	.byte 0x28, 0x0C, 0x28, 0x0C, 0x28, 0x18, 0x28, 0x0C, 0x28, 0x0C, 0x28, 0x18, 0x28, 0x0C, 0x28, 0x0C
	.byte 0x28, 0x06, 0x28, 0x06, 0x28, 0x0C, 0x28, 0x0C, 0x28, 0x0C, 0x28, 0x18, 0x28, 0x0C, 0x28, 0x0C
	.byte 0x28, 0x18, 0x28, 0xF6, 0x60, 0x0C, 0x28, 0x0C, 0x28, 0x18, 0x28, 0x0C, 0x28, 0x0C, 0x28, 0x18
	.byte 0x28, 0x18, 0x28, 0xF6, 0x48, 0x08, 0x28, 0x08, 0x28, 0x08, 0x28, 0x18, 0x28, 0x0C, 0x28, 0x0C
	.byte 0x28, 0x18, 0x28, 0x0C, 0x28, 0x0C, 0x28, 0x18, 0x28, 0x0C, 0x28, 0x0C, 0x28, 0x06, 0x28, 0x06
	.byte 0x28, 0x0C, 0x28, 0x0C, 0x28, 0x0C, 0x28, 0x18, 0x28, 0x0C, 0x28, 0x0C, 0x28, 0x18, 0x28, 0x0C
	.byte 0x28, 0x0C, 0x28, 0x18, 0x28, 0x0C, 0x28, 0x0C, 0x28, 0xF6, 0x30, 0x18, 0x28, 0x0C, 0x28, 0x0C
	.byte 0x28, 0x18, 0x28, 0x0C, 0x28, 0x0C, 0x28, 0x18, 0x28, 0x0C, 0x28, 0x0C, 0x28, 0x06, 0x28, 0x06
	.byte 0x28, 0x0C, 0x28, 0x0C, 0x28, 0x0C, 0x28, 0x18, 0x28, 0x0C, 0x28, 0x0C, 0x28, 0x18, 0x28, 0x0C
	.byte 0x28, 0x0C, 0x28, 0x18, 0x28, 0x0C, 0x28, 0x0C, 0x28, 0x06, 0x28, 0x06, 0x28, 0x0C, 0x28, 0x0C
	.byte 0x28, 0x0C, 0x28, 0xF8, 0xBD, 0xFC, 0xFF, 0xF9, 0xB0, 0xF0, 0x00, 0xF2, 0x82, 0xF1, 0x50, 0xF6
	.byte 0x18, 0x30, 0x32, 0x30, 0x32, 0x18, 0x32, 0x30, 0x45, 0xF6, 0x18, 0x30, 0x32, 0x30, 0x32, 0x18
	.byte 0x32, 0x30, 0x45, 0xF6, 0x18, 0x30, 0x32, 0x30, 0x32, 0x18, 0x32, 0x30, 0x45, 0xF6, 0x18, 0x30
	.byte 0x32, 0x30, 0x32, 0x18, 0x32, 0x30, 0x45, 0xF6, 0x18, 0x30, 0x32, 0x30, 0x32, 0x18, 0x32, 0x30
	.byte 0x45, 0xF6, 0x18, 0x30, 0x32, 0x30, 0x32, 0x18, 0x32, 0x30, 0x45, 0xF6, 0x18, 0x30, 0x32, 0x30
	.byte 0x32, 0x18, 0x32, 0x30, 0x45, 0xF6, 0x18, 0x30, 0x32, 0x30, 0x32, 0x18, 0x32, 0xF1, 0x3C, 0x30
	.byte 0x30, 0xF1, 0x50, 0x60, 0x32, 0xF6, 0x30, 0x30, 0x4F, 0x60, 0x32, 0xF6, 0x30, 0x30, 0x45, 0x60
	.byte 0x32, 0xF6, 0x30, 0x30, 0x45, 0x60, 0x32, 0xF6, 0x30, 0x30, 0x3C, 0xF6, 0x18, 0x30, 0x32, 0x30
	.byte 0x32, 0x18, 0x32, 0x30, 0x45, 0xF6, 0x18, 0x30, 0x32, 0x30, 0x32, 0x18, 0x32, 0x30, 0x45, 0xF6
	.byte 0x18, 0x30, 0x32, 0x30, 0x32, 0x18, 0x32, 0x30, 0x45, 0xF6, 0x18, 0x30, 0x32, 0x30, 0x32, 0x18
	.byte 0x32, 0xF1, 0x3C, 0x30, 0x30, 0xF1, 0x50, 0xF6, 0x18, 0x30, 0x32, 0x30, 0x32, 0x18, 0x32, 0x30
	.byte 0x45, 0xF6, 0x18, 0x30, 0x32, 0x30, 0x32, 0x18, 0x32, 0x30, 0x4F, 0xF6, 0x18, 0x30, 0x32, 0x30
	.byte 0x32, 0x18, 0x32, 0x30, 0x45, 0xF6, 0x18, 0x30, 0x32, 0x30, 0x32, 0x18, 0x32, 0xF1, 0x3C, 0x30
	.byte 0x30, 0xF1, 0x50, 0x60, 0x32, 0xF6, 0x30, 0x30, 0x45, 0x60, 0x32, 0xF6, 0x30, 0x30, 0x45, 0x60
	.byte 0x32, 0xF6, 0x30, 0x30, 0x45, 0x60, 0x32, 0xF6, 0x30, 0x30, 0x45, 0x60, 0x32, 0xF6, 0x60, 0xF6
	.byte 0xC0, 0x60, 0x32, 0xF6, 0x60, 0xF6, 0xC0, 0x60, 0x32, 0xF6, 0x60, 0xF6, 0xC0, 0x60, 0x32, 0xF6
	.byte 0x60, 0x60, 0x32, 0xF6, 0x60, 0x60, 0x32, 0x60, 0x32, 0x30, 0x32, 0x30, 0x32, 0x30, 0x32, 0x30
	.byte 0x3C, 0xF6, 0x18, 0x30, 0x32, 0x30, 0x32, 0x18, 0x32, 0x00, 0xC5, 0x30, 0x18, 0x45, 0x30, 0x32
	.byte 0x30, 0x32, 0x18, 0x32, 0x30, 0x45, 0xF8, 0xFA, 0xFE, 0xFF, 0xF9, 0xB0, 0xF6, 0xC0, 0xF6, 0xC0
	.byte 0xF6, 0xC0, 0xF6, 0xC0, 0xF6, 0xC0, 0xF6, 0xC0, 0xF6, 0xC0, 0xF6, 0xC0, 0xF6, 0x18, 0xF0, 0x10
	.byte 0xF2, 0x7F, 0xF1, 0x8C, 0x30, 0x34, 0x30, 0x34, 0x30, 0x34, 0x00, 0xB4, 0x18, 0x18, 0x34, 0x30
	.byte 0x34, 0x30, 0x34, 0x30, 0x34, 0x00, 0xB4, 0x18, 0x18, 0x34, 0x30, 0x34, 0x30, 0x34, 0x30, 0x34
	.byte 0x00, 0xB4, 0x18, 0x18, 0x34, 0x30, 0x34, 0x30, 0x34, 0x30, 0x34, 0xF6, 0x18, 0xF6, 0xC0, 0xF6
	.byte 0xC0, 0xF6, 0xC0, 0xF6, 0xC0, 0xF6, 0xC0, 0xF6, 0xC0, 0xF6, 0xC0, 0xF6, 0xC0, 0xF6, 0x18, 0x30
	.byte 0x34, 0x30, 0x34, 0x30, 0x34, 0x00, 0xB4, 0x18, 0x18, 0x34, 0x30, 0x34, 0x30, 0x34, 0x30, 0x34
	.byte 0x00, 0xB4, 0x18, 0x18, 0x34, 0x30, 0x34, 0x30, 0x34, 0x30, 0x34, 0x00, 0xB4, 0x18, 0x18, 0x34
	.byte 0x30, 0x34, 0x30, 0x34, 0x30, 0x34, 0x18, 0x34, 0x18, 0x39, 0x30, 0x34, 0x30, 0x34, 0x30, 0x34
	.byte 0x18, 0x34, 0x18, 0x39, 0x30, 0x34, 0x30, 0x34, 0x30, 0x34, 0x18, 0x34, 0x18, 0x39, 0x30, 0x34
	.byte 0x30, 0x34, 0x30, 0x34, 0x18, 0x34, 0x18, 0x39, 0x30, 0x34, 0x30, 0x34, 0x30, 0x34, 0x18, 0x34
	.byte 0x18, 0x35, 0x30, 0x3C, 0x30, 0x3C, 0x30, 0x3A, 0x18, 0x3A, 0x18, 0x3C, 0x30, 0x37, 0x30, 0x37
	.byte 0x30, 0x35, 0x18, 0x35, 0x18, 0x35, 0x30, 0x3C, 0x30, 0x3C, 0x30, 0x3A, 0x18, 0x3A, 0x18, 0x3C
	.byte 0x30, 0x37, 0x30, 0x37, 0x30, 0x35, 0x18, 0x35, 0x18, 0x35, 0x30, 0x3C, 0x30, 0x3C, 0x30, 0x3A
	.byte 0x18, 0x3A, 0x18, 0x3C, 0x30, 0x37, 0x30, 0x37, 0x30, 0x35, 0xF6, 0x18, 0xF6, 0xC0, 0xF6, 0xC0
	.byte 0xF8, 0x1D, 0xFF, 0xFF, 0xF9, 0xB0, 0xF0, 0xC2, 0xF2, 0x96, 0xF1, 0x3C, 0xF6, 0x18, 0x08, 0x34
	.byte 0xF1, 0x1E, 0x04, 0x34, 0xF1, 0x3C, 0x08, 0x34, 0xF1, 0x1E, 0x08, 0x34, 0xF1, 0x3C, 0xF6, 0x14
	.byte 0x08, 0x34, 0xF1, 0x1E, 0x04, 0x34, 0xF1, 0x3C, 0x08, 0x34, 0xF1, 0x1E, 0x08, 0x34, 0xF1, 0x3C
	.byte 0xF6, 0x14, 0x08, 0x34, 0xF1, 0x1E, 0x04, 0x34, 0xF1, 0x3C, 0x08, 0x34, 0xF6, 0x1C, 0x08, 0x34
	.byte 0xF1, 0x1E, 0x04, 0x34, 0xF1, 0x3C, 0x00, 0xB4, 0x0C, 0x0C, 0x34, 0xF1, 0x1E, 0x0C, 0x34, 0xF1
	.byte 0x3C, 0x08, 0x34, 0xF1, 0x1E, 0x04, 0x34, 0xF1, 0x3C, 0x08, 0x34, 0xF1, 0x1E, 0x08, 0x34, 0xF1
	.byte 0x3C, 0xF6, 0x14, 0x08, 0x34, 0xF1, 0x1E, 0x04, 0x34, 0xF1, 0x3C, 0x08, 0x34, 0xF6, 0x1C, 0x08
	.byte 0x34, 0xF1, 0x1E, 0x04, 0x34, 0xF1, 0x3C, 0x08, 0x34, 0xF1, 0x1E, 0x08, 0x34, 0xF1, 0x3C, 0xF6
	.byte 0x14, 0x08, 0x34, 0xF1, 0x1E, 0x04, 0x34, 0xF1, 0x3C, 0x00, 0xB4, 0x0C, 0x0C, 0x34, 0xF6, 0x0C
	.byte 0x08, 0x34, 0xF6, 0x04, 0x08, 0x34, 0xF6, 0x1C, 0x08, 0x34, 0xF6, 0x04, 0x08, 0x34, 0xF6, 0x1C
	.byte 0x08, 0x34, 0xF6, 0x04, 0x08, 0x34, 0xF6, 0x1C, 0x08, 0x34, 0xF6, 0x04, 0x00, 0xB4, 0x0C, 0x0C
	.byte 0x34, 0xF6, 0x0C, 0x08, 0x34, 0xF6, 0x04, 0x08, 0x34, 0xF6, 0x1C, 0x08, 0x34, 0xF6, 0x04, 0x08
	.byte 0x34, 0xF6, 0x1C, 0x08, 0x34, 0xF6, 0x04, 0x08, 0x34, 0xF6, 0x34, 0xF6, 0x18, 0x08, 0x32, 0xF6
	.byte 0x04, 0x08, 0x32, 0xF6, 0x1C, 0x08, 0x32, 0xF6, 0x04, 0x08, 0x32, 0xF6, 0x1C, 0x08, 0x32, 0xF6
	.byte 0x04, 0x08, 0x32, 0xF6, 0x1C, 0x08, 0x32, 0xF6, 0x04, 0x00, 0xB2, 0x0C, 0x0C, 0x32, 0xF6, 0x0C
	.byte 0x08, 0x32, 0xF6, 0x04, 0x08, 0x32, 0xF6, 0x1C, 0x08, 0x32, 0xF6, 0x04, 0x08, 0x32, 0xF6, 0x1C
	.byte 0x08, 0x32, 0xF6, 0x04, 0x08, 0x32, 0xF6, 0x1C, 0x08, 0x32, 0xF6, 0x04, 0x00, 0xB2, 0x0C, 0x0C
	.byte 0x32, 0xF6, 0x0C, 0x08, 0x32, 0xF6, 0x04, 0x08, 0x32, 0xF6, 0x1C, 0x08, 0x32, 0xF6, 0x04, 0x08
	.byte 0x32, 0xF6, 0x1C, 0x08, 0x32, 0xF6, 0x04, 0x08, 0x32, 0xF6, 0x1C, 0x08, 0x32, 0xF6, 0x04, 0x00
	.byte 0xB2, 0x0C, 0x0C, 0x32, 0xF6, 0x0C, 0x08, 0x32, 0xF6, 0x04, 0x08, 0x32, 0xF6, 0x1C, 0x08, 0x32
	.byte 0xF6, 0x04, 0x08, 0x32, 0xF6, 0x1C, 0x08, 0x32, 0xF6, 0x04, 0x08, 0x32, 0xF6, 0x34, 0xF6, 0x18
	.byte 0x08, 0x34, 0xF6, 0x04, 0x08, 0x34, 0xF6, 0x1C, 0x08, 0x34, 0xF6, 0x04, 0x08, 0x34, 0xF6, 0x1C
	.byte 0x08, 0x34, 0xF6, 0x04, 0x08, 0x34, 0xF6, 0x1C, 0x08, 0x34, 0xF6, 0x04, 0x00, 0xB4, 0x0C, 0x0C
	.byte 0x34, 0xF6, 0x0C, 0x08, 0x34, 0xF6, 0x04, 0x08, 0x34, 0xF6, 0x1C, 0x08, 0x34, 0xF6, 0x04, 0x08
	.byte 0x34, 0xF6, 0x1C, 0x08, 0x34, 0xF6, 0x04, 0x08, 0x34, 0xF6, 0x1C, 0x08, 0x34, 0xF6, 0x04, 0x00
	.byte 0xB4, 0x0C, 0x0C, 0x34, 0xF6, 0x0C, 0x08, 0x34, 0xF6, 0x04, 0x08, 0x34, 0xF6, 0x1C, 0x08, 0x34
	.byte 0xF6, 0x04, 0x08, 0x34, 0xF6, 0x1C, 0x08, 0x34, 0xF6, 0x04, 0x08, 0x34, 0xF6, 0x1C, 0x08, 0x34
	.byte 0xF6, 0x04, 0x00, 0xB4, 0x0C, 0x0C, 0x34, 0xF6, 0x0C, 0x08, 0x34, 0xF6, 0x04, 0x08, 0x34, 0xF6
	.byte 0x1C, 0x08, 0x34, 0xF6, 0x04, 0x08, 0x34, 0xF6, 0x1C, 0x08, 0x34, 0xF6, 0x04, 0x08, 0x34, 0xF6
	.byte 0x34, 0xF6, 0x18, 0x08, 0x34, 0xF6, 0x04, 0x08, 0x34, 0xF6, 0x1C, 0x08, 0x34, 0xF6, 0x04, 0x08
	.byte 0x34, 0xF6, 0x1C, 0x08, 0x34, 0xF6, 0x04, 0x08, 0x34, 0xF6, 0x1C, 0x08, 0x34, 0xF6, 0x04, 0x00
	.byte 0xB4, 0x0C, 0x0C, 0x34, 0xF6, 0x0C, 0x08, 0x34, 0xF6, 0x04, 0x08, 0x34, 0xF6, 0x1C, 0x08, 0x34
	.byte 0xF6, 0x04, 0x08, 0x34, 0xF6, 0x1C, 0x08, 0x34, 0xF6, 0x04, 0x08, 0x34, 0xF6, 0x1C, 0x08, 0x34
	.byte 0xF6, 0x04, 0x00, 0xB4, 0x0C, 0x0C, 0x34, 0xF6, 0x0C, 0x08, 0x34, 0xF6, 0x04, 0x08, 0x34, 0xF6
	.byte 0x1C, 0x08, 0x34, 0xF6, 0x04, 0x08, 0x34, 0xF6, 0x1C, 0x08, 0x34, 0xF6, 0x04, 0x08, 0x34, 0xF6
	.byte 0x1C, 0x08, 0x34, 0xF6, 0x04, 0x00, 0xB4, 0x0C, 0x0C, 0x34, 0xF6, 0x0C, 0x08, 0x34, 0xF6, 0x04
	.byte 0x08, 0x34, 0xF6, 0x1C, 0x08, 0x34, 0xF6, 0x04, 0x08, 0x34, 0xF6, 0x1C, 0x08, 0x34, 0xF6, 0x04
	.byte 0x08, 0x34, 0xF6, 0x34, 0xF6, 0x18, 0x08, 0x32, 0xF6, 0x04, 0x08, 0x32, 0xF6, 0x1C, 0x08, 0x32
	.byte 0xF6, 0x04, 0x08, 0x32, 0xF6, 0x1C, 0x08, 0x32, 0xF6, 0x04, 0x08, 0x32, 0xF6, 0x1C, 0x08, 0x32
	.byte 0xF6, 0x04, 0x00, 0xB2, 0x0C, 0x0C, 0x32, 0xF6, 0x0C, 0x08, 0x32, 0xF6, 0x04, 0x08, 0x32, 0xF6
	.byte 0x1C, 0x08, 0x32, 0xF6, 0x04, 0x08, 0x32, 0xF6, 0x1C, 0x08, 0x32, 0xF6, 0x04, 0x08, 0x32, 0xF6
	.byte 0x1C, 0x08, 0x32, 0xF6, 0x04, 0x00, 0xB2, 0x0C, 0x0C, 0x32, 0xF6, 0x0C, 0x08, 0x32, 0xF6, 0x04
	.byte 0x08, 0x32, 0xF6, 0x1C, 0x08, 0x32, 0xF6, 0x04, 0x08, 0x32, 0xF6, 0x1C, 0x08, 0x32, 0xF6, 0x04
	.byte 0x08, 0x32, 0xF6, 0x1C, 0x08, 0x32, 0xF6, 0x04, 0x00, 0xB2, 0x0C, 0x0C, 0x32, 0xF6, 0x0C, 0x08
	.byte 0x32, 0xF6, 0x04, 0x08, 0x32, 0xF6, 0x1C, 0x08, 0x32, 0xF6, 0x04, 0x08, 0x32, 0xF6, 0x1C, 0x08
	.byte 0x32, 0xF6, 0x04, 0x08, 0x32, 0xF6, 0x34, 0xF6, 0x18, 0x08, 0x34, 0xF6, 0x04, 0x08, 0x34, 0xF6
	.byte 0x1C, 0x08, 0x34, 0xF6, 0x04, 0x08, 0x34, 0xF6, 0x1C, 0x08, 0x34, 0xF6, 0x04, 0x08, 0x34, 0xF6
	.byte 0x1C, 0x08, 0x34, 0xF6, 0x04, 0x00, 0xB4, 0x0C, 0x0C, 0x34, 0xF6, 0x0C, 0x08, 0x34, 0xF6, 0x04
	.byte 0x08, 0x34, 0xF6, 0x1C, 0x08, 0x34, 0xF6, 0x04, 0x08, 0x34, 0xF6, 0x1C, 0x08, 0x34, 0xF6, 0x04
	.byte 0x08, 0x34, 0xF6, 0x1C, 0x08, 0x34, 0xF6, 0x04, 0x00, 0xB4, 0x0C, 0x0C, 0x34, 0xF6, 0x0C, 0x08
	.byte 0x34, 0xF6, 0x04, 0x08, 0x34, 0xF6, 0x1C, 0x08, 0x34, 0xF6, 0x04, 0x08, 0x34, 0xF6, 0x1C, 0x08
	.byte 0x34, 0xF6, 0x04, 0x08, 0x34, 0xF6, 0x1C, 0x08, 0x34, 0xF6, 0x04, 0x00, 0xB4, 0x0C, 0x0C, 0x34
	.byte 0xF6, 0x0C, 0x08, 0x34, 0xF6, 0x04, 0x08, 0x34, 0xF6, 0x1C, 0x08, 0x34, 0xF6, 0x04, 0x08, 0x34
	.byte 0xF6, 0x1C, 0x08, 0x34, 0xF6, 0x04, 0x08, 0x34, 0xF6, 0x1C, 0x08, 0x34, 0xF6, 0x04, 0x08, 0x34
	.byte 0xF6, 0x04, 0xF0, 0xC0, 0xF2, 0x7F, 0xF1, 0x14, 0x0C, 0x3C, 0xF6, 0x0C, 0x0C, 0x45, 0x08, 0x44
	.byte 0xF6, 0x04, 0x0A, 0x45, 0xF6, 0x0E, 0x10, 0x40, 0xF6, 0x08, 0x0C, 0x41, 0x0A, 0x43, 0xF6, 0x02
	.byte 0x0A, 0x41, 0xF6, 0x02, 0x0A, 0x40, 0xF6, 0x02, 0x0C, 0x3E, 0xF6, 0x0C, 0x10, 0x41, 0xF6, 0x08
	.byte 0xF6, 0x18, 0x0C, 0x44, 0x08, 0x45, 0xF6, 0x04, 0x0A, 0x47, 0xF6, 0x0E, 0x10, 0x40, 0xF6, 0x08
	.byte 0x18, 0x3E, 0x0C, 0x3C, 0xF6, 0x0C, 0x18, 0x45, 0xF6, 0x18, 0x0C, 0x45, 0xF6, 0x0C, 0x0C, 0x48
	.byte 0x08, 0x47, 0xF6, 0x04, 0x0C, 0x48, 0xF6, 0x0C, 0x0A, 0x45, 0xF6, 0x0E, 0x0C, 0x45, 0xF6, 0x0C
	.byte 0x0A, 0x47, 0xF6, 0x0E, 0x0C, 0x48, 0x0A, 0x47, 0xF6, 0x02, 0x0A, 0x45, 0xF6, 0x02, 0x0A, 0x44
	.byte 0xF6, 0x02, 0x0C, 0x47, 0x0C, 0x48, 0x0C, 0x4A, 0x08, 0x47, 0xF6, 0x04, 0x0A, 0x50, 0xF6, 0x0E
	.byte 0x0C, 0x47, 0x0A, 0x45, 0xF6, 0x02, 0x18, 0x44, 0x0C, 0x45, 0xF6, 0x0C, 0x0C, 0x48, 0x0A, 0x47
	.byte 0xF6, 0x02, 0x0C, 0x45, 0x0C, 0x43, 0x0C, 0x41, 0xF6, 0x0C, 0x0C, 0x48, 0xF6, 0x0C, 0x30, 0x4D
	.byte 0x0C, 0x41, 0xF6, 0x0C, 0x0C, 0x46, 0xF6, 0x0C, 0x30, 0x49, 0x60, 0x4C, 0x60, 0x48, 0xF6, 0x18
	.byte 0x0C, 0x41, 0x08, 0x40, 0xF6, 0x04, 0x0A, 0x41, 0xF6, 0x0E, 0x10, 0x3C, 0xF6, 0x08, 0x0C, 0x3D
	.byte 0x0A, 0x3F, 0xF6, 0x02, 0x0A, 0x3D, 0xF6, 0x02, 0x0A, 0x3C, 0xF6, 0x02, 0x0C, 0x3A, 0xF6, 0x0C
	.byte 0x10, 0x3D, 0xF6, 0x08, 0xF6, 0x18, 0x0C, 0x43, 0x08, 0x41, 0xF6, 0x04, 0x0A, 0x43, 0xF6, 0x0E
	.byte 0x10, 0x3C, 0xF6, 0x08, 0x18, 0x3A, 0x0C, 0x38, 0xF6, 0x0C, 0x18, 0x41, 0xF6, 0x18, 0x12, 0x38
	.byte 0xF6, 0x06, 0x0C, 0x44, 0x08, 0x43, 0xF6, 0x04, 0x0A, 0x44, 0xF6, 0x0E, 0x10, 0x41, 0xF6, 0x20
	.byte 0x0C, 0x46, 0x08, 0x46, 0xF6, 0x04, 0x0A, 0x46, 0xF6, 0x0E, 0x10, 0x41, 0xF6, 0x08, 0x90, 0x40
	.byte 0xF6, 0x30, 0xF0, 0xC2, 0xF2, 0x7F, 0xF1, 0x3C, 0xF6, 0x18, 0x08, 0x34, 0xF6, 0x04, 0x08, 0x34
	.byte 0xF6, 0x1C, 0x08, 0x34, 0xF6, 0x04, 0x08, 0x34, 0xF6, 0x1C, 0x08, 0x34, 0xF6, 0x04, 0x08, 0x34
	.byte 0xF6, 0x1C, 0x08, 0x34, 0xF6, 0x04, 0x00, 0xB4, 0x0C, 0x0C, 0x34, 0xF6, 0x0C, 0x08, 0x34, 0xF6
	.byte 0x04, 0x08, 0x34, 0xF6, 0x1C, 0x08, 0x34, 0xF6, 0x04, 0x08, 0x34, 0xF6, 0x1C, 0x08, 0x34, 0xF6
	.byte 0x04, 0x08, 0x34, 0xF6, 0x1C, 0x08, 0x34, 0xF6, 0x04, 0x0C, 0x34, 0xF8, 0xCE, 0xFB, 0xFF, 0xF9
	.byte 0xB0, 0xF0, 0xC2, 0xF2, 0x3C, 0xF1, 0x28, 0xF6, 0x18, 0x08, 0x39, 0xF1, 0x14, 0x04, 0x39, 0xF1
	.byte 0x28, 0x08, 0x39, 0xF1, 0x14, 0x08, 0x39, 0xF1, 0x28, 0xF6, 0x14, 0x08, 0x39, 0xF1, 0x14, 0x04
	.byte 0x39, 0xF1, 0x28, 0x08, 0x39, 0xF1, 0x14, 0x08, 0x39, 0xF1, 0x28, 0xF6, 0x14, 0x08, 0x39, 0xF1
	.byte 0x14, 0x04, 0x39, 0xF1, 0x28, 0x08, 0x39, 0xF1, 0x14, 0x08, 0x39, 0xF1, 0x28, 0xF6, 0x14, 0x08
	.byte 0x39, 0xF1, 0x14, 0x04, 0x39, 0xF1, 0x28, 0x0C, 0x39, 0x0C, 0x39, 0xF1, 0x14, 0x0C, 0x39, 0xF1
	.byte 0x28, 0x08, 0x39, 0xF1, 0x14, 0x04, 0x39, 0xF1, 0x28, 0x08, 0x39, 0xF1, 0x14, 0x08, 0x39, 0xF1
	.byte 0x28, 0xF6, 0x14, 0x08, 0x39, 0xF1, 0x14, 0x04, 0x39, 0xF1, 0x28, 0x08, 0x39, 0xF1, 0x14, 0x08
	.byte 0x39, 0xF1, 0x28, 0xF6, 0x14, 0x08, 0x39, 0xF1, 0x14, 0x04, 0x39, 0xF1, 0x28, 0x08, 0x39, 0xF1
	.byte 0x14, 0x08, 0x39, 0xF1, 0x28, 0xF6, 0x14, 0x08, 0x39, 0xF1, 0x14, 0x04, 0x39, 0xF1, 0x28, 0x0C
	.byte 0x39, 0x0C, 0x39, 0xF1, 0x14, 0x0C, 0x39, 0xF1, 0x28, 0x08, 0x39, 0xF1, 0x14, 0x04, 0x39, 0xF1
	.byte 0x28, 0x08, 0x39, 0xF1, 0x14, 0x08, 0x39, 0xF1, 0x28, 0xF6, 0x14, 0x08, 0x39, 0xF1, 0x14, 0x04
	.byte 0x39, 0xF1, 0x28, 0x08, 0x39, 0xF1, 0x14, 0x08, 0x39, 0xF1, 0x28, 0xF6, 0x14, 0x08, 0x39, 0xF1
	.byte 0x14, 0x04, 0x39, 0xF1, 0x28, 0x08, 0x39, 0xF1, 0x14, 0x08, 0x39, 0xF1, 0x28, 0xF6, 0x14, 0x08
	.byte 0x39, 0xF1, 0x14, 0x04, 0x39, 0xF1, 0x28, 0x0C, 0x39, 0x0C, 0x39, 0xF1, 0x14, 0x0C, 0x39, 0xF1
	.byte 0x28, 0x08, 0x39, 0xF1, 0x14, 0x04, 0x39, 0xF1, 0x28, 0x08, 0x39, 0xF1, 0x14, 0x08, 0x39, 0xF1
	.byte 0x28, 0xF6, 0x14, 0x08, 0x39, 0xF1, 0x14, 0x04, 0x39, 0xF1, 0x28, 0x08, 0x39, 0xF1, 0x14, 0x08
	.byte 0x39, 0xF1, 0x28, 0xF6, 0x14, 0x08, 0x39, 0xF1, 0x14, 0x04, 0x39, 0xF1, 0x28, 0x08, 0x39, 0xF1
	.byte 0x14, 0x04, 0x39, 0xF1, 0x28, 0xF6, 0x30, 0xF6, 0x18, 0x08, 0x37, 0xF1, 0x14, 0x04, 0x37, 0xF1
	.byte 0x28, 0x08, 0x37, 0xF1, 0x14, 0x08, 0x37, 0xF1, 0x28, 0xF6, 0x14, 0x08, 0x37, 0xF1, 0x14, 0x04
	.byte 0x37, 0xF1, 0x28, 0x08, 0x37, 0xF1, 0x14, 0x08, 0x37, 0xF1, 0x28, 0xF6, 0x14, 0x08, 0x37, 0xF1
	.byte 0x14, 0x04, 0x37, 0xF1, 0x28, 0x08, 0x37, 0xF1, 0x14, 0x08, 0x37, 0xF1, 0x28, 0xF6, 0x14, 0x08
	.byte 0x37, 0xF1, 0x14, 0x04, 0x37, 0xF1, 0x28, 0x0C, 0x37, 0x0C, 0x37, 0xF1, 0x14, 0x0C, 0x37, 0xF1
	.byte 0x28, 0x08, 0x37, 0xF1, 0x14, 0x04, 0x37, 0xF1, 0x28, 0x08, 0x37, 0xF1, 0x14, 0x08, 0x37, 0xF1
	.byte 0x28, 0xF6, 0x14, 0x08, 0x37, 0xF1, 0x14, 0x04, 0x37, 0xF1, 0x28, 0x08, 0x37, 0xF1, 0x14, 0x08
	.byte 0x37, 0xF1, 0x28, 0xF6, 0x14, 0x08, 0x37, 0xF1, 0x14, 0x04, 0x37, 0xF1, 0x28, 0x08, 0x37, 0xF1
	.byte 0x14, 0x08, 0x37, 0xF1, 0x28, 0xF6, 0x14, 0x08, 0x37, 0xF1, 0x14, 0x04, 0x37, 0xF1, 0x28, 0x0C
	.byte 0x37, 0x0C, 0x37, 0xF1, 0x14, 0x0C, 0x37, 0xF1, 0x28, 0x08, 0x37, 0xF1, 0x14, 0x04, 0x37, 0xF1
	.byte 0x28, 0x08, 0x37, 0xF1, 0x14, 0x08, 0x37, 0xF1, 0x28, 0xF6, 0x14, 0x08, 0x37, 0xF1, 0x14, 0x04
	.byte 0x37, 0xF1, 0x28, 0x08, 0x37, 0xF1, 0x14, 0x08, 0x37, 0xF1, 0x28, 0xF6, 0x14, 0x08, 0x37, 0xF1
	.byte 0x14, 0x04, 0x37, 0xF1, 0x28, 0x08, 0x37, 0xF1, 0x14, 0x08, 0x37, 0xF1, 0x28, 0xF6, 0x14, 0x08
	.byte 0x37, 0xF1, 0x14, 0x04, 0x37, 0xF1, 0x28, 0x0C, 0x37, 0x0C, 0x37, 0xF1, 0x14, 0x0C, 0x37, 0xF1
	.byte 0x28, 0x08, 0x37, 0xF1, 0x14, 0x04, 0x37, 0xF1, 0x28, 0x08, 0x37, 0xF1, 0x14, 0x08, 0x37, 0xF1
	.byte 0x28, 0xF6, 0x14, 0x08, 0x37, 0xF1, 0x14, 0x04, 0x37, 0xF1, 0x28, 0x08, 0x37, 0xF1, 0x14, 0x08
	.byte 0x37, 0xF1, 0x28, 0xF6, 0x14, 0x08, 0x37, 0xF1, 0x14, 0x04, 0x37, 0xF1, 0x28, 0x08, 0x37, 0xF1
	.byte 0x14, 0x04, 0x37, 0xF1, 0x28, 0xF6, 0x30, 0xF6, 0x18, 0x08, 0x3B, 0xF1, 0x14, 0x04, 0x3B, 0xF1
	.byte 0x28, 0x08, 0x3B, 0xF1, 0x14, 0x08, 0x3B, 0xF1, 0x28, 0xF6, 0x14, 0x08, 0x3B, 0xF1, 0x14, 0x04
	.byte 0x3B, 0xF1, 0x28, 0x08, 0x3B, 0xF1, 0x14, 0x08, 0x3B, 0xF1, 0x28, 0xF6, 0x14, 0x08, 0x3B, 0xF1
	.byte 0x14, 0x04, 0x3B, 0xF1, 0x28, 0x08, 0x3B, 0xF1, 0x14, 0x08, 0x3B, 0xF1, 0x28, 0xF6, 0x14, 0x08
	.byte 0x3B, 0xF1, 0x14, 0x04, 0x3B, 0xF1, 0x28, 0x0C, 0x3B, 0x0C, 0x3B, 0xF1, 0x14, 0x0C, 0x3B, 0xF1
	.byte 0x28, 0x08, 0x3B, 0xF1, 0x14, 0x04, 0x3B, 0xF1, 0x28, 0x08, 0x3B, 0xF1, 0x14, 0x08, 0x3B, 0xF1
	.byte 0x28, 0xF6, 0x14, 0x08, 0x3B, 0xF1, 0x14, 0x04, 0x3B, 0xF1, 0x28, 0x08, 0x3B, 0xF1, 0x14, 0x08
	.byte 0x3B, 0xF1, 0x28, 0xF6, 0x14, 0x08, 0x3B, 0xF1, 0x14, 0x04, 0x3B, 0xF1, 0x28, 0x08, 0x3B, 0xF1
	.byte 0x14, 0x08, 0x3B, 0xF1, 0x28, 0xF6, 0x14, 0x08, 0x3B, 0xF1, 0x14, 0x04, 0x3B, 0xF1, 0x28, 0x0C
	.byte 0x3B, 0x0C, 0x3B, 0xF1, 0x14, 0x0C, 0x3B, 0xF1, 0x28, 0x08, 0x3B, 0xF1, 0x14, 0x04, 0x3B, 0xF1
	.byte 0x28, 0x08, 0x3B, 0xF1, 0x14, 0x08, 0x3B, 0xF1, 0x28, 0xF6, 0x14, 0x08, 0x3B, 0xF1, 0x14, 0x04
	.byte 0x3B, 0xF1, 0x28, 0x08, 0x3B, 0xF1, 0x14, 0x08, 0x3B, 0xF1, 0x28, 0xF6, 0x14, 0x08, 0x3B, 0xF1
	.byte 0x14, 0x04, 0x3B, 0xF1, 0x28, 0x08, 0x3B, 0xF1, 0x14, 0x08, 0x3B, 0xF1, 0x28, 0xF6, 0x14, 0x08
	.byte 0x3B, 0xF1, 0x14, 0x04, 0x3B, 0xF1, 0x28, 0x0C, 0x3B, 0x0C, 0x3B, 0xF1, 0x14, 0x0C, 0x3B, 0xF1
	.byte 0x28, 0x08, 0x3B, 0xF1, 0x14, 0x04, 0x3B, 0xF1, 0x28, 0x08, 0x3B, 0xF1, 0x14, 0x08, 0x3B, 0xF1
	.byte 0x28, 0xF6, 0x14, 0x08, 0x3B, 0xF1, 0x14, 0x04, 0x3B, 0xF1, 0x28, 0x08, 0x3B, 0xF1, 0x14, 0x08
	.byte 0x3B, 0xF1, 0x28, 0xF6, 0x14, 0x08, 0x3B, 0xF1, 0x14, 0x04, 0x3B, 0xF1, 0x28, 0x08, 0x3B, 0xF1
	.byte 0x14, 0x04, 0x3B, 0xF1, 0x28, 0xF6, 0x30, 0xF6, 0x18, 0x08, 0x39, 0xF1, 0x14, 0x04, 0x39, 0xF1
	.byte 0x28, 0x08, 0x39, 0xF1, 0x14, 0x08, 0x39, 0xF1, 0x28, 0xF6, 0x14, 0x08, 0x39, 0xF1, 0x14, 0x04
	.byte 0x39, 0xF1, 0x28, 0x08, 0x39, 0xF1, 0x14, 0x08, 0x39, 0xF1, 0x28, 0xF6, 0x14, 0x08, 0x39, 0xF1
	.byte 0x14, 0x04, 0x39, 0xF1, 0x28, 0x08, 0x39, 0xF1, 0x14, 0x08, 0x39, 0xF1, 0x28, 0xF6, 0x14, 0x08
	.byte 0x39, 0xF1, 0x14, 0x04, 0x39, 0xF1, 0x28, 0x0C, 0x39, 0x0C, 0x39, 0xF1, 0x14, 0x0C, 0x39, 0xF1
	.byte 0x28, 0x08, 0x39, 0xF1, 0x14, 0x04, 0x39, 0xF1, 0x28, 0x08, 0x39, 0xF1, 0x14, 0x08, 0x39, 0xF1
	.byte 0x28, 0xF6, 0x14, 0x08, 0x39, 0xF1, 0x14, 0x04, 0x39, 0xF1, 0x28, 0x08, 0x39, 0xF1, 0x14, 0x08
	.byte 0x39, 0xF1, 0x28, 0xF6, 0x14, 0x08, 0x39, 0xF1, 0x14, 0x04, 0x39, 0xF1, 0x28, 0x08, 0x39, 0xF1
	.byte 0x14, 0x08, 0x39, 0xF1, 0x28, 0xF6, 0x14, 0x08, 0x39, 0xF1, 0x14, 0x04, 0x39, 0xF1, 0x28, 0x0C
	.byte 0x39, 0x0C, 0x39, 0xF1, 0x14, 0x0C, 0x39, 0xF1, 0x28, 0x08, 0x39, 0xF1, 0x14, 0x04, 0x39, 0xF1
	.byte 0x28, 0x08, 0x39, 0xF1, 0x14, 0x08, 0x39, 0xF1, 0x28, 0xF6, 0x14, 0x08, 0x39, 0xF1, 0x14, 0x04
	.byte 0x39, 0xF1, 0x28, 0x08, 0x39, 0xF1, 0x14, 0x08, 0x39, 0xF1, 0x28, 0xF6, 0x14, 0x08, 0x39, 0xF1
	.byte 0x14, 0x04, 0x39, 0xF1, 0x28, 0x08, 0x39, 0xF1, 0x14, 0x08, 0x39, 0xF1, 0x28, 0xF6, 0x14, 0x08
	.byte 0x39, 0xF1, 0x14, 0x04, 0x39, 0xF1, 0x28, 0x0C, 0x39, 0x0C, 0x39, 0xF1, 0x14, 0x0C, 0x39, 0xF1
	.byte 0x28, 0x08, 0x39, 0xF1, 0x14, 0x04, 0x39, 0xF1, 0x28, 0x08, 0x39, 0xF1, 0x14, 0x08, 0x39, 0xF1
	.byte 0x28, 0xF6, 0x14, 0x08, 0x39, 0xF1, 0x14, 0x04, 0x39, 0xF1, 0x28, 0x08, 0x39, 0xF1, 0x14, 0x08
	.byte 0x39, 0xF1, 0x28, 0xF6, 0x14, 0x08, 0x39, 0xF1, 0x14, 0x04, 0x39, 0xF1, 0x28, 0x08, 0x39, 0xF1
	.byte 0x14, 0x04, 0x39, 0xF1, 0x28, 0xF6, 0x30, 0xF6, 0x18, 0x08, 0x37, 0xF1, 0x14, 0x04, 0x37, 0xF1
	.byte 0x28, 0x08, 0x37, 0xF1, 0x14, 0x08, 0x37, 0xF1, 0x28, 0xF6, 0x14, 0x08, 0x37, 0xF1, 0x14, 0x04
	.byte 0x37, 0xF1, 0x28, 0x08, 0x37, 0xF1, 0x14, 0x08, 0x37, 0xF1, 0x28, 0xF6, 0x14, 0x08, 0x37, 0xF1
	.byte 0x14, 0x04, 0x37, 0xF1, 0x28, 0x08, 0x37, 0xF1, 0x14, 0x08, 0x37, 0xF1, 0x28, 0xF6, 0x14, 0x08
	.byte 0x37, 0xF1, 0x14, 0x04, 0x37, 0xF1, 0x28, 0x0C, 0x37, 0x0C, 0x37, 0xF1, 0x14, 0x0C, 0x37, 0xF1
	.byte 0x28, 0x08, 0x37, 0xF1, 0x14, 0x04, 0x37, 0xF1, 0x28, 0x08, 0x37, 0xF1, 0x14, 0x08, 0x37, 0xF1
	.byte 0x28, 0xF6, 0x14, 0x08, 0x37, 0xF1, 0x14, 0x04, 0x37, 0xF1, 0x28, 0x08, 0x37, 0xF1, 0x14, 0x08
	.byte 0x37, 0xF1, 0x28, 0xF6, 0x14, 0x08, 0x37, 0xF1, 0x14, 0x04, 0x37, 0xF1, 0x28, 0x08, 0x37, 0xF1
	.byte 0x14, 0x08, 0x37, 0xF1, 0x28, 0xF6, 0x14, 0x08, 0x37, 0xF1, 0x14, 0x04, 0x37, 0xF1, 0x28, 0x0C
	.byte 0x37, 0x0C, 0x37, 0xF1, 0x14, 0x0C, 0x37, 0xF1, 0x28, 0x08, 0x37, 0xF1, 0x14, 0x04, 0x37, 0xF1
	.byte 0x28, 0x08, 0x37, 0xF1, 0x14, 0x08, 0x37, 0xF1, 0x28, 0xF6, 0x14, 0x08, 0x37, 0xF1, 0x14, 0x04
	.byte 0x37, 0xF1, 0x28, 0x08, 0x37, 0xF1, 0x14, 0x08, 0x37, 0xF1, 0x28, 0xF6, 0x14, 0x08, 0x37, 0xF1
	.byte 0x14, 0x04, 0x37, 0xF1, 0x28, 0x08, 0x37, 0xF1, 0x14, 0x08, 0x37, 0xF1, 0x28, 0xF6, 0x14, 0x08
	.byte 0x37, 0xF1, 0x14, 0x04, 0x37, 0xF1, 0x28, 0x0C, 0x37, 0x0C, 0x37, 0xF1, 0x14, 0x0C, 0x37, 0xF1
	.byte 0x28, 0x08, 0x37, 0xF1, 0x14, 0x04, 0x37, 0xF1, 0x28, 0x08, 0x37, 0xF1, 0x14, 0x08, 0x37, 0xF1
	.byte 0x28, 0xF6, 0x14, 0x08, 0x37, 0xF1, 0x14, 0x04, 0x37, 0xF1, 0x28, 0x08, 0x37, 0xF1, 0x14, 0x08
	.byte 0x37, 0xF1, 0x28, 0xF6, 0x14, 0x08, 0x37, 0xF1, 0x14, 0x04, 0x37, 0xF1, 0x28, 0x08, 0x37, 0xF1
	.byte 0x14, 0x04, 0x37, 0xF1, 0x28, 0xF6, 0x30, 0xF6, 0x18, 0x08, 0x3B, 0xF1, 0x14, 0x04, 0x3B, 0xF1
	.byte 0x28, 0x08, 0x3B, 0xF1, 0x14, 0x08, 0x3B, 0xF1, 0x28, 0xF6, 0x14, 0x08, 0x3B, 0xF1, 0x14, 0x04
	.byte 0x3B, 0xF1, 0x28, 0x08, 0x3B, 0xF1, 0x14, 0x08, 0x3B, 0xF1, 0x28, 0xF6, 0x14, 0x08, 0x3B, 0xF1
	.byte 0x14, 0x04, 0x3B, 0xF1, 0x28, 0x08, 0x3B, 0xF1, 0x14, 0x08, 0x3B, 0xF1, 0x28, 0xF6, 0x14, 0x08
	.byte 0x3B, 0xF1, 0x14, 0x04, 0x3B, 0xF1, 0x28, 0x0C, 0x3B, 0x0C, 0x3B, 0xF1, 0x14, 0x0C, 0x3B, 0xF1
	.byte 0x28, 0x08, 0x3B, 0xF1, 0x14, 0x04, 0x3B, 0xF1, 0x28, 0x08, 0x3B, 0xF1, 0x14, 0x08, 0x3B, 0xF1
	.byte 0x28, 0xF6, 0x14, 0x08, 0x3B, 0xF1, 0x14, 0x04, 0x3B, 0xF1, 0x28, 0x08, 0x3B, 0xF1, 0x14, 0x08
	.byte 0x3B, 0xF1, 0x28, 0xF6, 0x14, 0x08, 0x3B, 0xF1, 0x14, 0x04, 0x3B, 0xF1, 0x28, 0x08, 0x3B, 0xF1
	.byte 0x14, 0x08, 0x3B, 0xF1, 0x28, 0xF6, 0x14, 0x08, 0x3B, 0xF1, 0x14, 0x04, 0x3B, 0xF1, 0x28, 0x0C
	.byte 0x3B, 0x0C, 0x3B, 0xF1, 0x14, 0x0C, 0x3B, 0xF1, 0x28, 0x08, 0x3B, 0xF1, 0x14, 0x04, 0x3B, 0xF1
	.byte 0x28, 0x08, 0x3B, 0xF1, 0x14, 0x08, 0x3B, 0xF1, 0x28, 0xF6, 0x14, 0x08, 0x3B, 0xF1, 0x14, 0x04
	.byte 0x3B, 0xF1, 0x28, 0x08, 0x3B, 0xF1, 0x14, 0x08, 0x3B, 0xF1, 0x28, 0xF6, 0x14, 0x08, 0x3B, 0xF1
	.byte 0x14, 0x04, 0x3B, 0xF1, 0x28, 0x08, 0x3B, 0xF1, 0x14, 0x08, 0x3B, 0xF1, 0x28, 0xF6, 0x14, 0x08
	.byte 0x3B, 0xF1, 0x14, 0x04, 0x3B, 0xF1, 0x28, 0x0C, 0x3B, 0x0C, 0x3B, 0xF1, 0x14, 0x0C, 0x3B, 0xF1
	.byte 0x28, 0x08, 0x3B, 0xF1, 0x14, 0x04, 0x3B, 0xF1, 0x28, 0x08, 0x3B, 0xF1, 0x14, 0x08, 0x3B, 0xF1
	.byte 0x28, 0xF6, 0x14, 0x08, 0x3B, 0xF1, 0x14, 0x04, 0x3B, 0xF1, 0x28, 0x08, 0x3B, 0xF1, 0x14, 0x08
	.byte 0x3B, 0xF1, 0x28, 0xF6, 0x14, 0x08, 0x3B, 0xF1, 0x14, 0x04, 0x3B, 0xF1, 0x28, 0x08, 0x3B, 0xF1
	.byte 0x14, 0x08, 0x3B, 0xF1, 0x28, 0xF6, 0x14, 0x08, 0x3B, 0xF1, 0x14, 0x04, 0x3B, 0xF1, 0x28, 0x08
	.byte 0x3B, 0xF1, 0x14, 0x04, 0x3B, 0xF1, 0x28, 0xF0, 0xC0, 0xF2, 0x3C, 0xF1, 0x14, 0x0C, 0x2D, 0xF1
	.byte 0x0A, 0x0C, 0x2D, 0xF6, 0x0C, 0xF1, 0x14, 0xF6, 0x9C, 0xF6, 0xC0, 0xF6, 0x18, 0x0C, 0x51, 0x08
	.byte 0x50, 0xF1, 0x0A, 0x04, 0x50, 0xF1, 0x14, 0x0C, 0x51, 0xF1, 0x0A, 0x0C, 0x51, 0xF1, 0x14, 0x10
	.byte 0x4C, 0xF1, 0x0A, 0x08, 0x4C, 0xF1, 0x14, 0x0C, 0x4D, 0x0C, 0x4F, 0x0C, 0x4D, 0x0C, 0x4C, 0x0C
	.byte 0x4A, 0xF1, 0x0A, 0x0C, 0x4A, 0xF1, 0x14, 0x10, 0x4D, 0xF1, 0x0A, 0x08, 0x4D, 0xF1, 0x14, 0xF6
	.byte 0x18, 0x0C, 0x50, 0x08, 0x51, 0xF1, 0x0A, 0x04, 0x51, 0xF1, 0x14, 0x0C, 0x53, 0xF1, 0x0A, 0x0C
	.byte 0x53, 0xF1, 0x14, 0x10, 0x4C, 0xF1, 0x0A, 0x08, 0x4C, 0xF1, 0x14, 0x18, 0x4A, 0x0C, 0x48, 0xF1
	.byte 0x0A, 0x0C, 0x48, 0xF1, 0x14, 0x18, 0x51, 0xF1, 0x0A, 0x0C, 0x51, 0xF6, 0x0C, 0xF1, 0x14, 0x0C
	.byte 0x51, 0xF1, 0x0A, 0x0C, 0x51, 0xF1, 0x14, 0x0C, 0x54, 0x08, 0x53, 0xF1, 0x0A, 0x04, 0x53, 0xF1
	.byte 0x14, 0x0C, 0x54, 0x08, 0x53, 0xF1, 0x0A, 0x04, 0x53, 0xF1, 0x14, 0x0C, 0x51, 0x0C, 0x54, 0x0C
	.byte 0x52, 0xF1, 0x0A, 0x0C, 0x52, 0xF1, 0x14, 0x0C, 0x55, 0x08, 0x54, 0xF1, 0x0A, 0x04, 0x54, 0xF1
	.byte 0x14, 0x0C, 0x55, 0x08, 0x54, 0xF1, 0x0A, 0x04, 0x54, 0xF1, 0x14, 0x0C, 0x52, 0x0C, 0x50, 0x0C
	.byte 0x4F, 0x0C, 0x50, 0x0C, 0x52, 0x0C, 0x4F, 0x0C, 0x54, 0x0C, 0x52, 0x08, 0x50, 0xF1, 0x0A, 0x04
	.byte 0x50, 0xF1, 0x14, 0x08, 0x4F, 0xF1, 0x0A, 0x04, 0x4F, 0xF1, 0x14, 0x0C, 0x4D, 0x0C, 0x4C, 0x0C
	.byte 0x4D, 0x0C, 0x4F, 0x0C, 0x50, 0x0C, 0x4F, 0x0C, 0x4D, 0x0C, 0x4B, 0x0C, 0x4D, 0xF1, 0x0A, 0x0C
	.byte 0x4D, 0xF1, 0x14, 0x0C, 0x50, 0x08, 0x4F, 0xF1, 0x0A, 0x04, 0x4F, 0xF1, 0x14, 0x0C, 0x50, 0xF1
	.byte 0x0A, 0x0C, 0x50, 0xF1, 0x14, 0x0C, 0x4D, 0xF1, 0x0A, 0x0C, 0x4D, 0xF1, 0x14, 0x0C, 0x4D, 0xF1
	.byte 0x0A, 0x0C, 0x4D, 0xF1, 0x14, 0x0C, 0x4F, 0xF1, 0x0A, 0x0C, 0x4F, 0xF1, 0x14, 0x0C, 0x50, 0x0C
	.byte 0x4F, 0x0C, 0x4D, 0x0C, 0x4C, 0x0C, 0x4F, 0xF1, 0x0A, 0x0C, 0x4F, 0xF1, 0x14, 0x0C, 0x52, 0x08
	.byte 0x50, 0xF1, 0x0A, 0x04, 0x50, 0xF1, 0x14, 0x0C, 0x52, 0xF1, 0x0A, 0x0C, 0x52, 0xF1, 0x14, 0x0C
	.byte 0x50, 0xF1, 0x0A, 0x0C, 0x50, 0xF1, 0x14, 0x18, 0x4F, 0x0C, 0x4D, 0xF1, 0x0A, 0x0C, 0x4D, 0xF1
	.byte 0x14, 0x18, 0x50, 0xF1, 0x0A, 0x0C, 0x50, 0xF6, 0x0C, 0xF1, 0x14, 0xF6, 0x18, 0x0C, 0x4D, 0x08
	.byte 0x4C, 0xF1, 0x0A, 0x04, 0x4C, 0xF1, 0x14, 0x0C, 0x4D, 0xF6, 0x0C, 0x10, 0x48, 0xF1, 0x0A, 0x08
	.byte 0x48, 0xF6, 0x18, 0xF1, 0x14, 0x0C, 0x4D, 0x08, 0x4C, 0xF1, 0x0A, 0x04, 0x4C, 0xF1, 0x14, 0x0C
	.byte 0x4D, 0xF1, 0x0A, 0x0C, 0x4D, 0xF1, 0x14, 0x10, 0x48, 0xF1, 0x0A, 0x08, 0x48, 0xF1, 0x14, 0x90
	.byte 0x48, 0xF1, 0x0A, 0x18, 0x48, 0xF6, 0x18, 0xF6, 0x18, 0xF0, 0xC2, 0xF2, 0x64, 0xF1, 0x28, 0x08
	.byte 0x39, 0xF1, 0x14, 0x04, 0x39, 0xF1, 0x28, 0x08, 0x39, 0xF1, 0x14, 0x08, 0x39, 0xF1, 0x28, 0xF6
	.byte 0x14, 0x08, 0x39, 0xF1, 0x14, 0x04, 0x39, 0xF1, 0x28, 0x08, 0x39, 0xF1, 0x14, 0x08, 0x39, 0xF1
	.byte 0x28, 0xF6, 0x14, 0x08, 0x39, 0xF1, 0x14, 0x04, 0x39, 0xF1, 0x28, 0x08, 0x39, 0xF1, 0x14, 0x08
	.byte 0x39, 0xF1, 0x28, 0xF6, 0x14, 0x08, 0x39, 0xF1, 0x14, 0x04, 0x39, 0xF1, 0x28, 0x0C, 0x39, 0x0C
	.byte 0x39, 0xF1, 0x14, 0x0C, 0x39, 0xF1, 0x28, 0x08, 0x39, 0xF1, 0x14, 0x04, 0x39, 0xF1, 0x28, 0x08
	.byte 0x39, 0xF1, 0x14, 0x08, 0x39, 0xF1, 0x28, 0xF6, 0x14, 0x08, 0x39, 0xF1, 0x14, 0x04, 0x39, 0xF1
	.byte 0x28, 0x08, 0x39, 0xF1, 0x14, 0x08, 0x39, 0xF1, 0x28, 0xF6, 0x14, 0x08, 0x39, 0xF1, 0x14, 0x04
	.byte 0x39, 0xF1, 0x28, 0x08, 0x39, 0xF1, 0x14, 0x08, 0x39, 0xF1, 0x28, 0xF6, 0x14, 0x08, 0x39, 0xF1
	.byte 0x14, 0x04, 0x39, 0xF1, 0x28, 0x0C, 0x39, 0xF8, 0xF7, 0xF7, 0xFF, 0x00, 0xFC, 0x03, 0x12, 0x00
	.byte 0x58, 0x01, 0x84, 0x02, 0x12, 0x0F, 0xA0, 0x1B, 0x0A, 0x1D, 0x14, 0x20, 0x6E, 0x20, 0xF9, 0x7B
	.byte 0xF6, 0xC0, 0xF6, 0xC0, 0xF6, 0x31, 0xF0, 0x0A, 0xF2, 0x64, 0xF1, 0x78, 0x30, 0x41, 0x30, 0x49
	.byte 0x30, 0x40, 0x30, 0x3F, 0x30, 0x48, 0x00, 0xBE, 0x60, 0x00, 0xBE, 0xC0, 0x00, 0xBE, 0x90, 0xF1
	.byte 0x3C, 0x00, 0xBE, 0x18, 0xF1, 0x1E, 0x18, 0x3E, 0xF1, 0x78, 0xF6, 0x30, 0x30, 0x3E, 0x30, 0x46
	.byte 0x30, 0x3D, 0x30, 0x3C, 0x30, 0x45, 0x00, 0xBB, 0x60, 0x00, 0xBB, 0xC0, 0x00, 0xBB, 0x90, 0xF1
	.byte 0x3C, 0x00, 0xBB, 0x18, 0xF1, 0x1E, 0x18, 0x3B, 0xF1, 0x78, 0xF6, 0xC0, 0xF6, 0xC0, 0xF6, 0x30
	.byte 0x00, 0xB9, 0x04, 0xF1, 0x3C, 0x08, 0x39, 0xF1, 0x78, 0x00, 0xB9, 0x04, 0xF1, 0x3C, 0x08, 0x39
	.byte 0xF1, 0x78, 0xF6, 0x48, 0x00, 0xB9, 0x04, 0xF1, 0x3C, 0x08, 0x39, 0xF1, 0x78, 0x00, 0xB9, 0x04
	.byte 0xF1, 0x3C, 0x08, 0x39, 0xF1, 0x78, 0xF6, 0x18, 0xF6, 0x30, 0x00, 0xB9, 0x04, 0xF1, 0x3C, 0x08
	.byte 0x39, 0xF1, 0x78, 0x00, 0xB9, 0x04, 0xF1, 0x3C, 0x08, 0x39, 0xF1, 0x78, 0xF6, 0x48, 0x00, 0xB9
	.byte 0x04, 0xF1, 0x3C, 0x08, 0x39, 0xF1, 0x78, 0x00, 0xB9, 0x04, 0xF1, 0x3C, 0x08, 0x39, 0xF1, 0x78
	.byte 0xF6, 0x18, 0xF6, 0xC0, 0xF6, 0xC0, 0xF6, 0x30, 0x00, 0xB9, 0x04, 0xF1, 0x3C, 0x08, 0x39, 0xF1
	.byte 0x78, 0x00, 0xB9, 0x04, 0xF1, 0x3C, 0x08, 0x39, 0xF1, 0x78, 0xF6, 0x48, 0x00, 0xB9, 0x04, 0xF1
	.byte 0x3C, 0x08, 0x39, 0xF1, 0x78, 0x00, 0xB9, 0x04, 0xF1, 0x3C, 0x08, 0x39, 0xF1, 0x78, 0xF6, 0x18
	.byte 0xF6, 0x30, 0x00, 0xB9, 0x04, 0xF1, 0x3C, 0x08, 0x39, 0xF1, 0x78, 0x00, 0xB9, 0x04, 0xF1, 0x3C
	.byte 0x08, 0x39, 0xF1, 0x78, 0xF6, 0x48, 0x00, 0xB9, 0x04, 0xF1, 0x3C, 0x08, 0x39, 0xF1, 0x78, 0x00
	.byte 0xB9, 0x04, 0xF1, 0x3C, 0x08, 0x39, 0xF1, 0x78, 0xF6, 0x18, 0xF6, 0xC0, 0xF6, 0xC0, 0xF6, 0xC0
	.byte 0xF6, 0xC0, 0xF6, 0x30, 0x30, 0x41, 0x30, 0x49, 0x30, 0x40, 0x30, 0x3F, 0x30, 0x48, 0x00, 0xBE
	.byte 0x60, 0x00, 0xBE, 0xC0, 0x00, 0xBE, 0x90, 0xF1, 0x3C, 0x00, 0xBE, 0x18, 0xF1, 0x1E, 0x18, 0x3E
	.byte 0xF1, 0x78, 0xF6, 0x30, 0x30, 0x3E, 0x30, 0x46, 0x30, 0x3D, 0x30, 0x3C, 0x30, 0x45, 0x00, 0xBB
	.byte 0x60, 0x00, 0xBB, 0xC0, 0x00, 0xBB, 0x90, 0xF1, 0x3C, 0x00, 0xBB, 0x18, 0xF1, 0x1E, 0x17, 0x3B
	.byte 0xF8, 0xC1, 0xFE, 0xFF, 0xF9, 0x7B, 0xF6, 0xC0, 0xF6, 0xC0, 0xF6, 0x30, 0xF0, 0x0A, 0xF2, 0x96
	.byte 0xF1, 0x78, 0x30, 0x3A, 0x30, 0x42, 0x30, 0x39, 0x30, 0x38, 0x30, 0x41, 0x00, 0xB7, 0x60, 0x00
	.byte 0xB7, 0xC0, 0x00, 0xB7, 0x90, 0xF1, 0x3C, 0x00, 0xB7, 0x18, 0xF1, 0x1E, 0x18, 0x37, 0xF1, 0x78
	.byte 0xF6, 0x30, 0x30, 0x37, 0x30, 0x3F, 0x30, 0x36, 0x30, 0x35, 0x30, 0x3E, 0x00, 0xB4, 0x60, 0x00
	.byte 0xB4, 0xC0, 0x00, 0xB4, 0x90, 0xF1, 0x3C, 0x00, 0xB4, 0x18, 0xF1, 0x1E, 0x18, 0x34, 0xF1, 0x78
	.byte 0xF6, 0xC0, 0xF6, 0xC0, 0xF6, 0x30, 0x00, 0xB6, 0x04, 0xF1, 0x3C, 0x08, 0x36, 0xF1, 0x78, 0x04
	.byte 0x36, 0xF6, 0x50, 0x00, 0xB6, 0x04, 0xF1, 0x3C, 0x08, 0x36, 0xF1, 0x78, 0x00, 0xB6, 0x04, 0xF1
	.byte 0x3C, 0x08, 0x36, 0xF1, 0x78, 0xF6, 0x18, 0xF6, 0x30, 0x00, 0xB6, 0x04, 0xF1, 0x3C, 0x08, 0x36
	.byte 0xF1, 0x78, 0x04, 0x36, 0xF6, 0x50, 0x00, 0xB6, 0x04, 0xF1, 0x3C, 0x08, 0x36, 0xF1, 0x78, 0x00
	.byte 0xB6, 0x04, 0xF1, 0x3C, 0x08, 0x36, 0xF1, 0x78, 0xF6, 0x18, 0xF6, 0xC0, 0xF6, 0xC0, 0xF6, 0x30
	.byte 0x00, 0xB6, 0x04, 0xF1, 0x3C, 0x08, 0x36, 0xF1, 0x78, 0x04, 0x36, 0xF6, 0x50, 0x00, 0xB6, 0x04
	.byte 0xF1, 0x3C, 0x08, 0x36, 0xF1, 0x78, 0x00, 0xB6, 0x04, 0xF1, 0x3C, 0x08, 0x36, 0xF1, 0x78, 0xF6
	.byte 0x18, 0xF6, 0x30, 0x00, 0xB6, 0x04, 0xF1, 0x3C, 0x08, 0x36, 0xF1, 0x78, 0x04, 0x36, 0xF6, 0x50
	.byte 0x00, 0xB6, 0x04, 0xF1, 0x3C, 0x08, 0x36, 0xF1, 0x78, 0x00, 0xB6, 0x04, 0xF1, 0x3C, 0x08, 0x36
	.byte 0xF1, 0x78, 0xF6, 0x18, 0xF6, 0xC0, 0xF6, 0xC0, 0xF6, 0xC0, 0xF6, 0xC0, 0xF6, 0x30, 0x30, 0x3A
	.byte 0x30, 0x42, 0x30, 0x39, 0x30, 0x38, 0x30, 0x41, 0x00, 0xB7, 0x60, 0x00, 0xB7, 0xC0, 0x00, 0xB7
	.byte 0x90, 0xF1, 0x3C, 0x00, 0xB7, 0x18, 0xF1, 0x1E, 0x18, 0x37, 0xF1, 0x78, 0xF6, 0x30, 0x30, 0x37
	.byte 0x30, 0x3F, 0x30, 0x36, 0x30, 0x35, 0x30, 0x3E, 0x00, 0xB4, 0x60, 0x00, 0xB4, 0xC0, 0x00, 0xB4
	.byte 0x90, 0xF1, 0x3C, 0x00, 0xB4, 0x18, 0xF1, 0x1E, 0x18, 0x34, 0xF1, 0x78, 0xF8, 0xDB, 0xFE, 0xFF
	.byte 0xF9, 0x7B, 0xF0, 0x01, 0xF2, 0x64, 0xF1, 0x78, 0x00, 0xA4, 0x0A, 0xF1, 0x3C, 0x02, 0x24, 0xF1
	.byte 0x78, 0x00, 0xAA, 0x0A, 0xF1, 0x3C, 0x02, 0x2A, 0xF1, 0x78, 0x00, 0xA9, 0x0A, 0xF1, 0x3C, 0x02
	.byte 0x29, 0xF1, 0x78, 0x00, 0xA5, 0x0A, 0xF1, 0x3C, 0x02, 0x25, 0xF1, 0x78, 0x00, 0xA4, 0x0A, 0xF1
	.byte 0x3C, 0x02, 0x24, 0xF1, 0x78, 0x00, 0xAA, 0x0A, 0xF1, 0x3C, 0x02, 0x2A, 0xF1, 0x78, 0x00, 0xA9
	.byte 0x0A, 0xF1, 0x3C, 0x02, 0x29, 0xF1, 0x78, 0x00, 0xA5, 0x0A, 0xF1, 0x3C, 0x02, 0x25, 0xF1, 0x78
	.byte 0x00, 0xA4, 0x0A, 0xF1, 0x3C, 0x02, 0x24, 0xF1, 0x78, 0x00, 0xAA, 0x0A, 0xF1, 0x3C, 0x02, 0x2A
	.byte 0xF1, 0x78, 0x00, 0xA9, 0x0A, 0xF1, 0x3C, 0x02, 0x29, 0xF1, 0x78, 0x00, 0xA5, 0x0A, 0xF1, 0x3C
	.byte 0x02, 0x25, 0xF1, 0x78, 0x00, 0xA4, 0x0A, 0xF1, 0x3C, 0x02, 0x24, 0xF1, 0x78, 0x00, 0xAA, 0x0A
	.byte 0xF1, 0x3C, 0x02, 0x2A, 0xF1, 0x78, 0x00, 0xA9, 0x0A, 0xF1, 0x3C, 0x02, 0x29, 0xF1, 0x78, 0x00
	.byte 0xA5, 0x0A, 0xF1, 0x3C, 0x02, 0x25, 0xF1, 0x78, 0x00, 0xA4, 0x0A, 0xF1, 0x3C, 0x02, 0x24, 0xF1
	.byte 0x78, 0x00, 0xAA, 0x0A, 0xF1, 0x3C, 0x02, 0x2A, 0xF1, 0x78, 0x00, 0xA9, 0x0A, 0xF1, 0x3C, 0x02
	.byte 0x29, 0xF1, 0x78, 0x00, 0xA5, 0x0A, 0xF1, 0x3C, 0x02, 0x25, 0xF1, 0x78, 0x00, 0xA4, 0x0A, 0xF1
	.byte 0x3C, 0x02, 0x24, 0xF1, 0x78, 0x00, 0xAA, 0x0A, 0xF1, 0x3C, 0x02, 0x2A, 0xF1, 0x78, 0x00, 0xA9
	.byte 0x0A, 0xF1, 0x3C, 0x02, 0x29, 0xF1, 0x78, 0x00, 0xA5, 0x0A, 0xF1, 0x3C, 0x02, 0x25, 0xF1, 0x78
	.byte 0x00, 0xA4, 0x0A, 0xF1, 0x3C, 0x02, 0x24, 0xF1, 0x78, 0x00, 0xAA, 0x0A, 0xF1, 0x3C, 0x02, 0x2A
	.byte 0xF1, 0x78, 0x00, 0xA9, 0x0A, 0xF1, 0x3C, 0x02, 0x29, 0xF1, 0x78, 0x00, 0xA5, 0x0A, 0xF1, 0x3C
	.byte 0x02, 0x25, 0xF1, 0x78, 0x00, 0xA4, 0x0A, 0xF1, 0x3C, 0x02, 0x24, 0xF1, 0x78, 0x00, 0xAA, 0x0A
	.byte 0xF1, 0x3C, 0x02, 0x2A, 0xF1, 0x78, 0x00, 0xA9, 0x0A, 0xF1, 0x3C, 0x02, 0x29, 0xF1, 0x78, 0x00
	.byte 0xA5, 0x0A, 0xF1, 0x3C, 0x02, 0x25, 0xF1, 0x78, 0xF0, 0x01, 0xF2, 0x64, 0xF1, 0x78, 0x00, 0xA4
	.byte 0x0A, 0xF1, 0x3C, 0x02, 0x24, 0xF1, 0x78, 0x00, 0xAA, 0x0A, 0xF1, 0x3C, 0x02, 0x2A, 0xF1, 0x78
	.byte 0x00, 0xA9, 0x0A, 0xF1, 0x3C, 0x02, 0x29, 0xF1, 0x78, 0x00, 0xA5, 0x0A, 0xF1, 0x3C, 0x02, 0x25
	.byte 0xF1, 0x78, 0x00, 0xA4, 0x0A, 0xF1, 0x3C, 0x02, 0x24, 0xF1, 0x78, 0x00, 0xAA, 0x0A, 0xF1, 0x3C
	.byte 0x02, 0x2A, 0xF1, 0x78, 0x00, 0xA9, 0x0A, 0xF1, 0x3C, 0x02, 0x29, 0xF1, 0x78, 0x00, 0xA5, 0x0A
	.byte 0xF1, 0x3C, 0x02, 0x25, 0xF1, 0x78, 0x00, 0xA4, 0x0A, 0xF1, 0x3C, 0x02, 0x24, 0xF1, 0x78, 0x00
	.byte 0xAA, 0x0A, 0xF1, 0x3C, 0x02, 0x2A, 0xF1, 0x78, 0x00, 0xA9, 0x0A, 0xF1, 0x3C, 0x02, 0x29, 0xF1
	.byte 0x78, 0x00, 0xA5, 0x0A, 0xF1, 0x3C, 0x02, 0x25, 0xF1, 0x78, 0x00, 0xA4, 0x0A, 0xF1, 0x3C, 0x02
	.byte 0x24, 0xF1, 0x78, 0x00, 0xAA, 0x0A, 0xF1, 0x3C, 0x02, 0x2A, 0xF1, 0x78, 0x00, 0xA9, 0x0A, 0xF1
	.byte 0x3C, 0x02, 0x29, 0xF1, 0x78, 0x00, 0xA5, 0x0A, 0xF1, 0x3C, 0x02, 0x25, 0xF1, 0x78, 0x00, 0xA4
	.byte 0x0A, 0xF1, 0x3C, 0x02, 0x24, 0xF1, 0x78, 0x00, 0xAA, 0x0A, 0xF1, 0x3C, 0x02, 0x2A, 0xF1, 0x78
	.byte 0x00, 0xA9, 0x0A, 0xF1, 0x3C, 0x02, 0x29, 0xF1, 0x78, 0x00, 0xA5, 0x0A, 0xF1, 0x3C, 0x02, 0x25
	.byte 0xF1, 0x78, 0x00, 0xA4, 0x0A, 0xF1, 0x3C, 0x02, 0x24, 0xF1, 0x78, 0x00, 0xAA, 0x0A, 0xF1, 0x3C
	.byte 0x02, 0x2A, 0xF1, 0x78, 0x00, 0xA9, 0x0A, 0xF1, 0x3C, 0x02, 0x29, 0xF1, 0x78, 0x00, 0xA5, 0x0A
	.byte 0xF1, 0x3C, 0x02, 0x25, 0xF1, 0x78, 0x00, 0xA4, 0x0A, 0xF1, 0x3C, 0x02, 0x24, 0xF1, 0x78, 0x00
	.byte 0xAA, 0x0A, 0xF1, 0x3C, 0x02, 0x2A, 0xF1, 0x78, 0x00, 0xA9, 0x0A, 0xF1, 0x3C, 0x02, 0x29, 0xF1
	.byte 0x78, 0x00, 0xA5, 0x0A, 0xF1, 0x3C, 0x02, 0x25, 0xF1, 0x78, 0x00, 0xA4, 0x0A, 0xF1, 0x3C, 0x02
	.byte 0x24, 0xF1, 0x78, 0x00, 0xAA, 0x0A, 0xF1, 0x3C, 0x02, 0x2A, 0xF1, 0x78, 0x00, 0xA9, 0x0A, 0xF1
	.byte 0x3C, 0x02, 0x29, 0xF1, 0x78, 0x00, 0xA5, 0x0A, 0xF1, 0x3C, 0x02, 0x25, 0xF1, 0x78, 0x00, 0xA4
	.byte 0x0A, 0xF1, 0x3C, 0x02, 0x24, 0xF1, 0x78, 0x00, 0xAA, 0x0A, 0xF1, 0x3C, 0x02, 0x2A, 0xF1, 0x78
	.byte 0x00, 0xA9, 0x0A, 0xF1, 0x3C, 0x02, 0x29, 0xF1, 0x78, 0x00, 0xA5, 0x0A, 0xF1, 0x3C, 0x02, 0x25
	.byte 0xF1, 0x78, 0x00, 0xA4, 0x0A, 0xF1, 0x3C, 0x02, 0x24, 0xF1, 0x78, 0x00, 0xAA, 0x0A, 0xF1, 0x3C
	.byte 0x02, 0x2A, 0xF1, 0x78, 0x00, 0xA9, 0x0A, 0xF1, 0x3C, 0x02, 0x29, 0xF1, 0x78, 0x00, 0xA5, 0x0A
	.byte 0xF1, 0x3C, 0x02, 0x25, 0xF1, 0x78, 0x00, 0xA4, 0x0A, 0xF1, 0x3C, 0x02, 0x24, 0xF1, 0x78, 0x00
	.byte 0xAA, 0x0A, 0xF1, 0x3C, 0x02, 0x2A, 0xF1, 0x78, 0x00, 0xA9, 0x0A, 0xF1, 0x3C, 0x02, 0x29, 0xF1
	.byte 0x78, 0x00, 0xA5, 0x0A, 0xF1, 0x3C, 0x02, 0x25, 0xF1, 0x78, 0x00, 0xA4, 0x0A, 0xF1, 0x3C, 0x02
	.byte 0x24, 0xF1, 0x78, 0x00, 0xAA, 0x0A, 0xF1, 0x3C, 0x02, 0x2A, 0xF1, 0x78, 0x00, 0xA9, 0x0A, 0xF1
	.byte 0x3C, 0x02, 0x29, 0xF1, 0x78, 0x00, 0xA5, 0x0A, 0xF1, 0x3C, 0x02, 0x25, 0xF1, 0x78, 0x00, 0xA4
	.byte 0x0A, 0xF1, 0x3C, 0x02, 0x24, 0xF1, 0x78, 0x00, 0xAA, 0x0A, 0xF1, 0x3C, 0x02, 0x2A, 0xF1, 0x78
	.byte 0x00, 0xA9, 0x0A, 0xF1, 0x3C, 0x02, 0x29, 0xF1, 0x78, 0x00, 0xA5, 0x0A, 0xF1, 0x3C, 0x02, 0x25
	.byte 0xF1, 0x78, 0x00, 0xA4, 0x0A, 0xF1, 0x3C, 0x02, 0x24, 0xF1, 0x78, 0x00, 0xAA, 0x0A, 0xF1, 0x3C
	.byte 0x02, 0x2A, 0xF1, 0x78, 0x00, 0xA9, 0x0A, 0xF1, 0x3C, 0x02, 0x29, 0xF1, 0x78, 0x00, 0xA5, 0x0A
	.byte 0xF1, 0x3C, 0x02, 0x25, 0xF1, 0x78, 0x00, 0xA4, 0x0A, 0xF1, 0x3C, 0x02, 0x24, 0xF1, 0x78, 0x00
	.byte 0xAA, 0x0A, 0xF1, 0x3C, 0x02, 0x2A, 0xF1, 0x78, 0x00, 0xA9, 0x0A, 0xF1, 0x3C, 0x02, 0x29, 0xF1
	.byte 0x78, 0x00, 0xA5, 0x0A, 0xF1, 0x3C, 0x02, 0x25, 0xF1, 0x78, 0x00, 0xA4, 0x0A, 0xF1, 0x3C, 0x02
	.byte 0x24, 0xF1, 0x78, 0x00, 0xAA, 0x0A, 0xF1, 0x3C, 0x02, 0x2A, 0xF1, 0x78, 0x00, 0xA9, 0x0A, 0xF1
	.byte 0x3C, 0x02, 0x29, 0xF1, 0x78, 0x00, 0xA5, 0x0A, 0xF1, 0x3C, 0x02, 0x25, 0xF1, 0x78, 0x00, 0xA4
	.byte 0x0A, 0xF1, 0x3C, 0x02, 0x24, 0xF1, 0x78, 0x00, 0xAA, 0x0A, 0xF1, 0x3C, 0x02, 0x2A, 0xF1, 0x78
	.byte 0x00, 0xA9, 0x0A, 0xF1, 0x3C, 0x02, 0x29, 0xF1, 0x78, 0x00, 0xA5, 0x0A, 0xF1, 0x3C, 0x02, 0x25
	.byte 0xF1, 0x78, 0x00, 0xA4, 0x0A, 0xF1, 0x3C, 0x02, 0x24, 0xF1, 0x78, 0x00, 0xAA, 0x0A, 0xF1, 0x3C
	.byte 0x02, 0x2A, 0xF1, 0x78, 0x00, 0xA9, 0x0A, 0xF1, 0x3C, 0x02, 0x29, 0xF1, 0x78, 0x00, 0xA5, 0x0A
	.byte 0xF1, 0x3C, 0x02, 0x25, 0xF1, 0x78, 0x00, 0xA4, 0x0A, 0xF1, 0x3C, 0x02, 0x24, 0xF1, 0x78, 0x00
	.byte 0xAA, 0x0A, 0xF1, 0x3C, 0x02, 0x2A, 0xF1, 0x78, 0x00, 0xA9, 0x0A, 0xF1, 0x3C, 0x02, 0x29, 0xF1
	.byte 0x78, 0x00, 0xA5, 0x0A, 0xF1, 0x3C, 0x02, 0x25, 0xF1, 0x78, 0x00, 0xA4, 0x0A, 0xF1, 0x3C, 0x02
	.byte 0x24, 0xF1, 0x78, 0x00, 0xAA, 0x0A, 0xF1, 0x3C, 0x02, 0x2A, 0xF1, 0x78, 0x00, 0xA9, 0x0A, 0xF1
	.byte 0x3C, 0x02, 0x29, 0xF1, 0x78, 0x00, 0xA5, 0x0A, 0xF1, 0x3C, 0x02, 0x25, 0xF1, 0x78, 0x00, 0xA4
	.byte 0x0A, 0xF1, 0x3C, 0x02, 0x24, 0xF1, 0x78, 0x00, 0xAA, 0x0A, 0xF1, 0x3C, 0x02, 0x2A, 0xF1, 0x78
	.byte 0x00, 0xA9, 0x0A, 0xF1, 0x3C, 0x02, 0x29, 0xF1, 0x78, 0x00, 0xA5, 0x0A, 0xF1, 0x3C, 0x02, 0x25
	.byte 0xF1, 0x78, 0x00, 0xA4, 0x0A, 0xF1, 0x3C, 0x02, 0x24, 0xF1, 0x78, 0x00, 0xAA, 0x0A, 0xF1, 0x3C
	.byte 0x02, 0x2A, 0xF1, 0x78, 0x00, 0xA9, 0x0A, 0xF1, 0x3C, 0x02, 0x29, 0xF1, 0x78, 0x00, 0xA5, 0x0A
	.byte 0xF1, 0x3C, 0x02, 0x25, 0xF1, 0x78, 0x00, 0xA4, 0x0A, 0xF1, 0x3C, 0x02, 0x24, 0xF1, 0x78, 0x00
	.byte 0xAA, 0x0A, 0xF1, 0x3C, 0x02, 0x2A, 0xF1, 0x78, 0x00, 0xA9, 0x0A, 0xF1, 0x3C, 0x02, 0x29, 0xF1
	.byte 0x78, 0x00, 0xA5, 0x0A, 0xF1, 0x3C, 0x02, 0x25, 0xF1, 0x78, 0x00, 0xA4, 0x0A, 0xF1, 0x3C, 0x02
	.byte 0x24, 0xF1, 0x78, 0x00, 0xAA, 0x0A, 0xF1, 0x3C, 0x02, 0x2A, 0xF1, 0x78, 0x00, 0xA9, 0x0A, 0xF1
	.byte 0x3C, 0x02, 0x29, 0xF1, 0x78, 0x00, 0xA5, 0x0A, 0xF1, 0x3C, 0x02, 0x25, 0xF1, 0x78, 0x00, 0xA4
	.byte 0x0A, 0xF1, 0x3C, 0x02, 0x24, 0xF1, 0x78, 0x00, 0xAA, 0x0A, 0xF1, 0x3C, 0x02, 0x2A, 0xF1, 0x78
	.byte 0x00, 0xA9, 0x0A, 0xF1, 0x3C, 0x02, 0x29, 0xF1, 0x78, 0x00, 0xA5, 0x0A, 0xF1, 0x3C, 0x02, 0x25
	.byte 0xF1, 0x78, 0x00, 0xA4, 0x0A, 0xF1, 0x3C, 0x02, 0x24, 0xF1, 0x78, 0x00, 0xAA, 0x0A, 0xF1, 0x3C
	.byte 0x02, 0x2A, 0xF1, 0x78, 0x00, 0xA9, 0x0A, 0xF1, 0x3C, 0x02, 0x29, 0xF1, 0x78, 0x00, 0xA5, 0x0A
	.byte 0xF1, 0x3C, 0x02, 0x25, 0xF1, 0x78, 0x00, 0xA4, 0x0A, 0xF1, 0x3C, 0x02, 0x24, 0xF1, 0x78, 0x00
	.byte 0xAA, 0x0A, 0xF1, 0x3C, 0x02, 0x2A, 0xF1, 0x78, 0x00, 0xA9, 0x0A, 0xF1, 0x3C, 0x02, 0x29, 0xF1
	.byte 0x78, 0x00, 0xA5, 0x0A, 0xF1, 0x3C, 0x02, 0x25, 0xF1, 0x78, 0x00, 0xA4, 0x0A, 0xF1, 0x3C, 0x02
	.byte 0x24, 0xF1, 0x78, 0x00, 0xAA, 0x0A, 0xF1, 0x3C, 0x02, 0x2A, 0xF1, 0x78, 0x00, 0xA9, 0x0A, 0xF1
	.byte 0x3C, 0x02, 0x29, 0xF1, 0x78, 0x00, 0xA5, 0x0A, 0xF1, 0x3C, 0x02, 0x25, 0xF1, 0x78, 0x00, 0xA4
	.byte 0x0A, 0xF1, 0x3C, 0x02, 0x24, 0xF1, 0x78, 0x00, 0xAA, 0x0A, 0xF1, 0x3C, 0x02, 0x2A, 0xF1, 0x78
	.byte 0x00, 0xA9, 0x0A, 0xF1, 0x3C, 0x02, 0x29, 0xF1, 0x78, 0x00, 0xA5, 0x0A, 0xF1, 0x3C, 0x02, 0x25
	.byte 0xF1, 0x78, 0x00, 0xA4, 0x0A, 0xF1, 0x3C, 0x02, 0x24, 0xF1, 0x78, 0x00, 0xAA, 0x0A, 0xF1, 0x3C
	.byte 0x02, 0x2A, 0xF1, 0x78, 0x00, 0xA9, 0x0A, 0xF1, 0x3C, 0x02, 0x29, 0xF1, 0x78, 0x00, 0xA5, 0x0A
	.byte 0xF1, 0x3C, 0x02, 0x25, 0xF1, 0x78, 0x00, 0xA4, 0x0A, 0xF1, 0x3C, 0x02, 0x24, 0xF1, 0x78, 0x00
	.byte 0xAA, 0x0A, 0xF1, 0x3C, 0x02, 0x2A, 0xF1, 0x78, 0x00, 0xA9, 0x0A, 0xF1, 0x3C, 0x02, 0x29, 0xF1
	.byte 0x78, 0x00, 0xA5, 0x0A, 0xF1, 0x3C, 0x02, 0x25, 0xF1, 0x78, 0x00, 0xA4, 0x0A, 0xF1, 0x3C, 0x02
	.byte 0x24, 0xF1, 0x78, 0x00, 0xAA, 0x0A, 0xF1, 0x3C, 0x02, 0x2A, 0xF1, 0x78, 0x00, 0xA9, 0x0A, 0xF1
	.byte 0x3C, 0x02, 0x29, 0xF1, 0x78, 0x00, 0xA5, 0x0A, 0xF1, 0x3C, 0x02, 0x25, 0xF1, 0x78, 0x00, 0xA4
	.byte 0x0A, 0xF1, 0x3C, 0x02, 0x24, 0xF1, 0x78, 0x00, 0xAA, 0x0A, 0xF1, 0x3C, 0x02, 0x2A, 0xF1, 0x78
	.byte 0x00, 0xA9, 0x0A, 0xF1, 0x3C, 0x02, 0x29, 0xF1, 0x78, 0x00, 0xA5, 0x0A, 0xF1, 0x3C, 0x02, 0x25
	.byte 0xF1, 0x78, 0x00, 0xA4, 0x0A, 0xF1, 0x3C, 0x02, 0x24, 0xF1, 0x78, 0x00, 0xAA, 0x0A, 0xF1, 0x3C
	.byte 0x02, 0x2A, 0xF1, 0x78, 0x00, 0xA9, 0x0A, 0xF1, 0x3C, 0x02, 0x29, 0xF1, 0x78, 0x00, 0xA5, 0x0A
	.byte 0xF1, 0x3C, 0x02, 0x25, 0xF1, 0x78, 0x00, 0xA4, 0x0A, 0xF1, 0x3C, 0x02, 0x24, 0xF1, 0x78, 0x00
	.byte 0xAA, 0x0A, 0xF1, 0x3C, 0x02, 0x2A, 0xF1, 0x78, 0x00, 0xA9, 0x0A, 0xF1, 0x3C, 0x02, 0x29, 0xF1
	.byte 0x78, 0x00, 0xA5, 0x0A, 0xF1, 0x3C, 0x02, 0x25, 0xF1, 0x78, 0x00, 0xA4, 0x0A, 0xF1, 0x3C, 0x02
	.byte 0x24, 0xF1, 0x78, 0x00, 0xAA, 0x0A, 0xF1, 0x3C, 0x02, 0x2A, 0xF1, 0x78, 0x00, 0xA9, 0x0A, 0xF1
	.byte 0x3C, 0x02, 0x29, 0xF1, 0x78, 0x00, 0xA5, 0x0A, 0xF1, 0x3C, 0x02, 0x25, 0xF1, 0x78, 0x00, 0xA4
	.byte 0x0A, 0xF1, 0x3C, 0x02, 0x24, 0xF1, 0x78, 0x00, 0xAA, 0x0A, 0xF1, 0x3C, 0x02, 0x2A, 0xF1, 0x78
	.byte 0x00, 0xA9, 0x0A, 0xF1, 0x3C, 0x02, 0x29, 0xF1, 0x78, 0x00, 0xA5, 0x0A, 0xF1, 0x3C, 0x02, 0x25
	.byte 0xF1, 0x78, 0x00, 0xA4, 0x0A, 0xF1, 0x3C, 0x02, 0x24, 0xF1, 0x78, 0x00, 0xAA, 0x0A, 0xF1, 0x3C
	.byte 0x02, 0x2A, 0xF1, 0x78, 0x00, 0xA9, 0x0A, 0xF1, 0x3C, 0x02, 0x29, 0xF1, 0x78, 0x00, 0xA5, 0x0A
	.byte 0xF1, 0x3C, 0x02, 0x25, 0xF1, 0x78, 0x00, 0xA4, 0x0A, 0xF1, 0x3C, 0x02, 0x24, 0xF1, 0x78, 0x00
	.byte 0xAA, 0x0A, 0xF1, 0x3C, 0x02, 0x2A, 0xF1, 0x78, 0x00, 0xA9, 0x0A, 0xF1, 0x3C, 0x02, 0x29, 0xF1
	.byte 0x78, 0x00, 0xA5, 0x0A, 0xF1, 0x3C, 0x02, 0x25, 0xF1, 0x78, 0x00, 0xA4, 0x0A, 0xF1, 0x3C, 0x02
	.byte 0x24, 0xF1, 0x78, 0x00, 0xAA, 0x0A, 0xF1, 0x3C, 0x02, 0x2A, 0xF1, 0x78, 0x00, 0xA9, 0x0A, 0xF1
	.byte 0x3C, 0x02, 0x29, 0xF1, 0x78, 0x00, 0xA5, 0x0A, 0xF1, 0x3C, 0x02, 0x25, 0xF1, 0x78, 0x00, 0xA4
	.byte 0x0A, 0xF1, 0x3C, 0x02, 0x24, 0xF1, 0x78, 0x00, 0xAA, 0x0A, 0xF1, 0x3C, 0x02, 0x2A, 0xF1, 0x78
	.byte 0x00, 0xA9, 0x0A, 0xF1, 0x3C, 0x02, 0x29, 0xF1, 0x78, 0x00, 0xA5, 0x0A, 0xF1, 0x3C, 0x02, 0x25
	.byte 0xF1, 0x78, 0x00, 0xA4, 0x0A, 0xF1, 0x3C, 0x02, 0x24, 0xF1, 0x78, 0x00, 0xAA, 0x0A, 0xF1, 0x3C
	.byte 0x02, 0x2A, 0xF1, 0x78, 0x00, 0xA9, 0x0A, 0xF1, 0x3C, 0x02, 0x29, 0xF1, 0x78, 0x00, 0xA5, 0x0A
	.byte 0xF1, 0x3C, 0x02, 0x25, 0xF1, 0x78, 0x00, 0xA4, 0x0A, 0xF1, 0x3C, 0x02, 0x24, 0xF1, 0x78, 0x00
	.byte 0xAA, 0x0A, 0xF1, 0x3C, 0x02, 0x2A, 0xF1, 0x78, 0x00, 0xA9, 0x0A, 0xF1, 0x3C, 0x02, 0x29, 0xF1
	.byte 0x78, 0x00, 0xA5, 0x0A, 0xF1, 0x3C, 0x02, 0x25, 0xF1, 0x78, 0x00, 0xA4, 0x0A, 0xF1, 0x3C, 0x02
	.byte 0x24, 0xF1, 0x78, 0x00, 0xAA, 0x0A, 0xF1, 0x3C, 0x02, 0x2A, 0xF1, 0x78, 0x00, 0xA9, 0x0A, 0xF1
	.byte 0x3C, 0x02, 0x29, 0xF1, 0x78, 0x00, 0xA5, 0x0A, 0xF1, 0x3C, 0x02, 0x25, 0xF1, 0x78, 0x00, 0xA4
	.byte 0x0A, 0xF1, 0x3C, 0x02, 0x24, 0xF1, 0x78, 0x00, 0xAA, 0x0A, 0xF1, 0x3C, 0x02, 0x2A, 0xF1, 0x78
	.byte 0x00, 0xA9, 0x0A, 0xF1, 0x3C, 0x02, 0x29, 0xF1, 0x78, 0x00, 0xA5, 0x0A, 0xF1, 0x3C, 0x02, 0x25
	.byte 0xF1, 0x78, 0x00, 0xA4, 0x0A, 0xF1, 0x3C, 0x02, 0x24, 0xF1, 0x78, 0x00, 0xAA, 0x0A, 0xF1, 0x3C
	.byte 0x02, 0x2A, 0xF1, 0x78, 0x00, 0xA9, 0x0A, 0xF1, 0x3C, 0x02, 0x29, 0xF1, 0x78, 0x00, 0xA5, 0x0A
	.byte 0xF1, 0x3C, 0x02, 0x25, 0xF1, 0x78, 0x00, 0xA4, 0x0A, 0xF1, 0x3C, 0x02, 0x24, 0xF1, 0x78, 0x00
	.byte 0xAA, 0x0A, 0xF1, 0x3C, 0x02, 0x2A, 0xF1, 0x78, 0x00, 0xA9, 0x0A, 0xF1, 0x3C, 0x02, 0x29, 0xF1
	.byte 0x78, 0x00, 0xA5, 0x0A, 0xF1, 0x3C, 0x02, 0x25, 0xF1, 0x78, 0x00, 0xA4, 0x0A, 0xF1, 0x3C, 0x02
	.byte 0x24, 0xF1, 0x78, 0x00, 0xAA, 0x0A, 0xF1, 0x3C, 0x02, 0x2A, 0xF1, 0x78, 0x00, 0xA9, 0x0A, 0xF1
	.byte 0x3C, 0x02, 0x29, 0xF1, 0x78, 0x00, 0xA5, 0x0A, 0xF1, 0x3C, 0x02, 0x25, 0xF1, 0x78, 0x00, 0xA4
	.byte 0x0A, 0xF1, 0x3C, 0x02, 0x24, 0xF1, 0x78, 0x00, 0xAA, 0x0A, 0xF1, 0x3C, 0x02, 0x2A, 0xF1, 0x78
	.byte 0x00, 0xA9, 0x0A, 0xF1, 0x3C, 0x02, 0x29, 0xF1, 0x78, 0x00, 0xA5, 0x0A, 0xF1, 0x3C, 0x02, 0x25
	.byte 0xF1, 0x78, 0x00, 0xA4, 0x0A, 0xF1, 0x3C, 0x02, 0x24, 0xF1, 0x78, 0x00, 0xAA, 0x0A, 0xF1, 0x3C
	.byte 0x02, 0x2A, 0xF1, 0x78, 0x00, 0xA9, 0x0A, 0xF1, 0x3C, 0x02, 0x29, 0xF1, 0x78, 0x00, 0xA5, 0x0A
	.byte 0xF1, 0x3C, 0x02, 0x25, 0xF1, 0x78, 0x00, 0xA4, 0x0A, 0xF1, 0x3C, 0x02, 0x24, 0xF1, 0x78, 0x00
	.byte 0xAA, 0x0A, 0xF1, 0x3C, 0x02, 0x2A, 0xF1, 0x78, 0x00, 0xA9, 0x0A, 0xF1, 0x3C, 0x02, 0x29, 0xF1
	.byte 0x78, 0x00, 0xA5, 0x0A, 0xF1, 0x3C, 0x02, 0x25, 0xF1, 0x78, 0x00, 0xA4, 0x0A, 0xF1, 0x3C, 0x02
	.byte 0x24, 0xF1, 0x78, 0x00, 0xAA, 0x0A, 0xF1, 0x3C, 0x02, 0x2A, 0xF1, 0x78, 0x00, 0xA9, 0x0A, 0xF1
	.byte 0x3C, 0x02, 0x29, 0xF1, 0x78, 0x00, 0xA5, 0x0A, 0xF1, 0x3C, 0x02, 0x25, 0xF1, 0x78, 0x00, 0xA4
	.byte 0x0A, 0xF1, 0x3C, 0x02, 0x24, 0xF1, 0x78, 0x00, 0xAA, 0x0A, 0xF1, 0x3C, 0x02, 0x2A, 0xF1, 0x78
	.byte 0x00, 0xA9, 0x0A, 0xF1, 0x3C, 0x02, 0x29, 0xF1, 0x78, 0x00, 0xA5, 0x0A, 0xF1, 0x3C, 0x02, 0x25
	.byte 0xF1, 0x78, 0x00, 0xA4, 0x0A, 0xF1, 0x3C, 0x02, 0x24, 0xF1, 0x78, 0x00, 0xAA, 0x0A, 0xF1, 0x3C
	.byte 0x02, 0x2A, 0xF1, 0x78, 0x00, 0xA9, 0x0A, 0xF1, 0x3C, 0x02, 0x29, 0xF1, 0x78, 0x00, 0xA5, 0x0A
	.byte 0xF1, 0x3C, 0x02, 0x25, 0xF1, 0x78, 0x00, 0xA4, 0x0A, 0xF1, 0x3C, 0x02, 0x24, 0xF1, 0x78, 0x00
	.byte 0xAA, 0x0A, 0xF1, 0x3C, 0x02, 0x2A, 0xF1, 0x78, 0x00, 0xA9, 0x0A, 0xF1, 0x3C, 0x02, 0x29, 0xF1
	.byte 0x78, 0x00, 0xA5, 0x0A, 0xF1, 0x3C, 0x02, 0x25, 0xF1, 0x78, 0x00, 0xA4, 0x0A, 0xF1, 0x3C, 0x02
	.byte 0x24, 0xF1, 0x78, 0x00, 0xAA, 0x0A, 0xF1, 0x3C, 0x02, 0x2A, 0xF1, 0x78, 0x00, 0xA9, 0x0A, 0xF1
	.byte 0x3C, 0x02, 0x29, 0xF1, 0x78, 0x00, 0xA5, 0x0A, 0xF1, 0x3C, 0x02, 0x25, 0xF1, 0x78, 0x00, 0xA4
	.byte 0x0A, 0xF1, 0x3C, 0x02, 0x24, 0xF1, 0x78, 0x00, 0xAA, 0x0A, 0xF1, 0x3C, 0x02, 0x2A, 0xF1, 0x78
	.byte 0x00, 0xA9, 0x0A, 0xF1, 0x3C, 0x02, 0x29, 0xF1, 0x78, 0x00, 0xA5, 0x0A, 0xF1, 0x3C, 0x02, 0x25
	.byte 0xF1, 0x78, 0x00, 0xA4, 0x0A, 0xF1, 0x3C, 0x02, 0x24, 0xF1, 0x78, 0x00, 0xAA, 0x0A, 0xF1, 0x3C
	.byte 0x02, 0x2A, 0xF1, 0x78, 0x00, 0xA9, 0x0A, 0xF1, 0x3C, 0x02, 0x29, 0xF1, 0x78, 0x00, 0xA5, 0x0A
	.byte 0xF1, 0x3C, 0x02, 0x25, 0xF1, 0x78, 0x00, 0xA4, 0x0A, 0xF1, 0x3C, 0x02, 0x24, 0xF1, 0x78, 0x00
	.byte 0xAA, 0x0A, 0xF1, 0x3C, 0x02, 0x2A, 0xF1, 0x78, 0x00, 0xA9, 0x0A, 0xF1, 0x3C, 0x02, 0x29, 0xF1
	.byte 0x78, 0x00, 0xA5, 0x0A, 0xF1, 0x3C, 0x02, 0x25, 0xF1, 0x78, 0x00, 0xA4, 0x0A, 0xF1, 0x3C, 0x02
	.byte 0x24, 0xF1, 0x78, 0x00, 0xAA, 0x0A, 0xF1, 0x3C, 0x02, 0x2A, 0xF1, 0x78, 0x00, 0xA9, 0x0A, 0xF1
	.byte 0x3C, 0x02, 0x29, 0xF1, 0x78, 0x00, 0xA5, 0x0A, 0xF1, 0x3C, 0x02, 0x25, 0xF1, 0x78, 0x00, 0xA4
	.byte 0x0A, 0xF1, 0x3C, 0x02, 0x24, 0xF1, 0x78, 0x00, 0xAA, 0x0A, 0xF1, 0x3C, 0x02, 0x2A, 0xF1, 0x78
	.byte 0x00, 0xA9, 0x0A, 0xF1, 0x3C, 0x02, 0x29, 0xF1, 0x78, 0x00, 0xA5, 0x0A, 0xF1, 0x3C, 0x02, 0x25
	.byte 0xF1, 0x78, 0x00, 0xA4, 0x0A, 0xF1, 0x3C, 0x02, 0x24, 0xF1, 0x78, 0x00, 0xAA, 0x0A, 0xF1, 0x3C
	.byte 0x02, 0x2A, 0xF1, 0x78, 0x00, 0xA9, 0x0A, 0xF1, 0x3C, 0x02, 0x29, 0xF1, 0x78, 0x00, 0xA5, 0x0A
	.byte 0xF1, 0x3C, 0x02, 0x25, 0xF1, 0x78, 0x00, 0xA4, 0x0A, 0xF1, 0x3C, 0x02, 0x24, 0xF1, 0x78, 0x00
	.byte 0xAA, 0x0A, 0xF1, 0x3C, 0x02, 0x2A, 0xF1, 0x78, 0x00, 0xA9, 0x0A, 0xF1, 0x3C, 0x02, 0x29, 0xF1
	.byte 0x78, 0x00, 0xA5, 0x0A, 0xF1, 0x3C, 0x02, 0x25, 0xF1, 0x78, 0x00, 0xA4, 0x0A, 0xF1, 0x3C, 0x02
	.byte 0x24, 0xF1, 0x78, 0x00, 0xAA, 0x0A, 0xF1, 0x3C, 0x02, 0x2A, 0xF1, 0x78, 0x00, 0xA9, 0x0A, 0xF1
	.byte 0x3C, 0x02, 0x29, 0xF1, 0x78, 0x00, 0xA5, 0x0A, 0xF1, 0x3C, 0x02, 0x25, 0xF1, 0x78, 0x00, 0xA4
	.byte 0x0A, 0xF1, 0x3C, 0x02, 0x24, 0xF1, 0x78, 0x00, 0xAA, 0x0A, 0xF1, 0x3C, 0x02, 0x2A, 0xF1, 0x78
	.byte 0x00, 0xA9, 0x0A, 0xF1, 0x3C, 0x02, 0x29, 0xF1, 0x78, 0x00, 0xA5, 0x0A, 0xF1, 0x3C, 0x02, 0x25
	.byte 0xF1, 0x78, 0x00, 0xA4, 0x0A, 0xF1, 0x3C, 0x02, 0x24, 0xF1, 0x78, 0x00, 0xAA, 0x0A, 0xF1, 0x3C
	.byte 0x02, 0x2A, 0xF1, 0x78, 0x00, 0xA9, 0x0A, 0xF1, 0x3C, 0x02, 0x29, 0xF1, 0x78, 0x00, 0xA5, 0x0A
	.byte 0xF1, 0x3C, 0x02, 0x25, 0xF1, 0x78, 0x00, 0xA4, 0x0A, 0xF1, 0x3C, 0x02, 0x24, 0xF1, 0x78, 0x00
	.byte 0xAA, 0x0A, 0xF1, 0x3C, 0x02, 0x2A, 0xF1, 0x78, 0x00, 0xA9, 0x0A, 0xF1, 0x3C, 0x02, 0x29, 0xF1
	.byte 0x78, 0x00, 0xA5, 0x0A, 0xF1, 0x3C, 0x02, 0x25, 0xF1, 0x78, 0x00, 0xA4, 0x0A, 0xF1, 0x3C, 0x02
	.byte 0x24, 0xF1, 0x78, 0x00, 0xAA, 0x0A, 0xF1, 0x3C, 0x02, 0x2A, 0xF1, 0x78, 0x00, 0xA9, 0x0A, 0xF1
	.byte 0x3C, 0x02, 0x29, 0xF1, 0x78, 0x00, 0xA5, 0x0A, 0xF1, 0x3C, 0x02, 0x25, 0xF1, 0x78, 0x00, 0xA4
	.byte 0x0A, 0xF1, 0x3C, 0x02, 0x24, 0xF1, 0x78, 0x00, 0xAA, 0x0A, 0xF1, 0x3C, 0x02, 0x2A, 0xF1, 0x78
	.byte 0x00, 0xA9, 0x0A, 0xF1, 0x3C, 0x02, 0x29, 0xF1, 0x78, 0x00, 0xA5, 0x0A, 0xF1, 0x3C, 0x02, 0x25
	.byte 0xF1, 0x78, 0x00, 0xA4, 0x0A, 0xF1, 0x3C, 0x02, 0x24, 0xF1, 0x78, 0x00, 0xAA, 0x0A, 0xF1, 0x3C
	.byte 0x02, 0x2A, 0xF1, 0x78, 0x00, 0xA9, 0x0A, 0xF1, 0x3C, 0x02, 0x29, 0xF1, 0x78, 0x00, 0xA5, 0x0A
	.byte 0xF1, 0x3C, 0x02, 0x25, 0xF1, 0x78, 0x00, 0xA4, 0x0A, 0xF1, 0x3C, 0x02, 0x24, 0xF1, 0x78, 0x00
	.byte 0xAA, 0x0A, 0xF1, 0x3C, 0x02, 0x2A, 0xF1, 0x78, 0x00, 0xA9, 0x0A, 0xF1, 0x3C, 0x02, 0x29, 0xF1
	.byte 0x78, 0x00, 0xA5, 0x0A, 0xF1, 0x3C, 0x02, 0x25, 0xF1, 0x78, 0x00, 0xA4, 0x0A, 0xF1, 0x3C, 0x02
	.byte 0x24, 0xF1, 0x78, 0x00, 0xAA, 0x0A, 0xF1, 0x3C, 0x02, 0x2A, 0xF1, 0x78, 0x00, 0xA9, 0x0A, 0xF1
	.byte 0x3C, 0x02, 0x29, 0xF1, 0x78, 0x00, 0xA5, 0x0A, 0xF1, 0x3C, 0x02, 0x25, 0xF1, 0x78, 0x00, 0xA4
	.byte 0x0A, 0xF1, 0x3C, 0x02, 0x24, 0xF1, 0x78, 0x00, 0xAA, 0x0A, 0xF1, 0x3C, 0x02, 0x2A, 0xF1, 0x78
	.byte 0x00, 0xA9, 0x0A, 0xF1, 0x3C, 0x02, 0x29, 0xF1, 0x78, 0x00, 0xA5, 0x0A, 0xF1, 0x3C, 0x02, 0x25
	.byte 0xF1, 0x78, 0x00, 0xA4, 0x0A, 0xF1, 0x3C, 0x02, 0x24, 0xF1, 0x78, 0x00, 0xAA, 0x0A, 0xF1, 0x3C
	.byte 0x02, 0x2A, 0xF1, 0x78, 0x00, 0xA9, 0x0A, 0xF1, 0x3C, 0x02, 0x29, 0xF1, 0x78, 0x00, 0xA5, 0x0A
	.byte 0xF1, 0x3C, 0x02, 0x25, 0xF1, 0x78, 0x00, 0xA4, 0x0A, 0xF1, 0x3C, 0x02, 0x24, 0xF1, 0x78, 0x00
	.byte 0xAA, 0x0A, 0xF1, 0x3C, 0x02, 0x2A, 0xF1, 0x78, 0x00, 0xA9, 0x0A, 0xF1, 0x3C, 0x02, 0x29, 0xF1
	.byte 0x78, 0x00, 0xA5, 0x0A, 0xF1, 0x3C, 0x02, 0x25, 0xF1, 0x78, 0x00, 0xA4, 0x0A, 0xF1, 0x3C, 0x02
	.byte 0x24, 0xF1, 0x78, 0x00, 0xAA, 0x0A, 0xF1, 0x3C, 0x02, 0x2A, 0xF1, 0x78, 0x00, 0xA9, 0x0A, 0xF1
	.byte 0x3C, 0x02, 0x29, 0xF1, 0x78, 0x00, 0xA5, 0x0A, 0xF1, 0x3C, 0x02, 0x25, 0xF1, 0x78, 0x00, 0xA4
	.byte 0x0A, 0xF1, 0x3C, 0x02, 0x24, 0xF1, 0x78, 0x00, 0xAA, 0x0A, 0xF1, 0x3C, 0x02, 0x2A, 0xF1, 0x78
	.byte 0x00, 0xA9, 0x0A, 0xF1, 0x3C, 0x02, 0x29, 0xF1, 0x78, 0x00, 0xA5, 0x0A, 0xF1, 0x3C, 0x02, 0x25
	.byte 0xF1, 0x78, 0x00, 0xA4, 0x0A, 0xF1, 0x3C, 0x02, 0x24, 0xF1, 0x78, 0x00, 0xAA, 0x0A, 0xF1, 0x3C
	.byte 0x02, 0x2A, 0xF1, 0x78, 0x00, 0xA9, 0x0A, 0xF1, 0x3C, 0x02, 0x29, 0xF1, 0x78, 0x00, 0xA5, 0x0A
	.byte 0xF1, 0x3C, 0x02, 0x25, 0xF1, 0x78, 0x00, 0xA4, 0x0A, 0xF1, 0x3C, 0x02, 0x24, 0xF1, 0x78, 0x00
	.byte 0xAA, 0x0A, 0xF1, 0x3C, 0x02, 0x2A, 0xF1, 0x78, 0x00, 0xA9, 0x0A, 0xF1, 0x3C, 0x02, 0x29, 0xF1
	.byte 0x78, 0x00, 0xA5, 0x0A, 0xF1, 0x3C, 0x02, 0x25, 0xF1, 0x78, 0x00, 0xA4, 0x0A, 0xF1, 0x3C, 0x02
	.byte 0x24, 0xF1, 0x78, 0x00, 0xAA, 0x0A, 0xF1, 0x3C, 0x02, 0x2A, 0xF1, 0x78, 0x00, 0xA9, 0x0A, 0xF1
	.byte 0x3C, 0x02, 0x29, 0xF1, 0x78, 0x00, 0xA5, 0x0A, 0xF1, 0x3C, 0x02, 0x25, 0xF1, 0x78, 0xF0, 0x0F
	.byte 0xF2, 0x50, 0xF1, 0xA0, 0x00, 0xB5, 0xC0, 0x00, 0xB5, 0xC0, 0x00, 0xB5, 0xC0, 0xC0, 0x35, 0x00
	.byte 0xB5, 0xC0, 0x00, 0xB5, 0xC0, 0x00, 0xB5, 0xC0, 0xC0, 0x35, 0xF8, 0x9B, 0xF4, 0xFF, 0xF9, 0x7B
	.byte 0xF0, 0x01, 0xF2, 0x96, 0xF1, 0x78, 0x00, 0xA4, 0x0A, 0xF1, 0x3C, 0x02, 0x24, 0xF1, 0x78, 0x00
	.byte 0xAA, 0x0A, 0xF1, 0x3C, 0x02, 0x2A, 0xF1, 0x78, 0x00, 0xA9, 0x0A, 0xF1, 0x3C, 0x02, 0x29, 0xF1
	.byte 0x78, 0x00, 0xA5, 0x0A, 0xF1, 0x3C, 0x02, 0x25, 0xF1, 0x78, 0x00, 0xA4, 0x0A, 0xF1, 0x3C, 0x02
	.byte 0x24, 0xF1, 0x78, 0x00, 0xAA, 0x0A, 0xF1, 0x3C, 0x02, 0x2A, 0xF1, 0x78, 0x00, 0xA9, 0x0A, 0xF1
	.byte 0x3C, 0x02, 0x29, 0xF1, 0x78, 0x00, 0xA5, 0x0A, 0xF1, 0x3C, 0x02, 0x25, 0xF1, 0x78, 0x00, 0xA4
	.byte 0x0A, 0xF1, 0x3C, 0x02, 0x24, 0xF1, 0x78, 0x00, 0xAA, 0x0A, 0xF1, 0x3C, 0x02, 0x2A, 0xF1, 0x78
	.byte 0x00, 0xA9, 0x0A, 0xF1, 0x3C, 0x02, 0x29, 0xF1, 0x78, 0x00, 0xA5, 0x0A, 0xF1, 0x3C, 0x02, 0x25
	.byte 0xF1, 0x78, 0x00, 0xA4, 0x0A, 0xF1, 0x3C, 0x02, 0x24, 0xF1, 0x78, 0x00, 0xAA, 0x0A, 0xF1, 0x3C
	.byte 0x02, 0x2A, 0xF1, 0x78, 0x00, 0xA9, 0x0A, 0xF1, 0x3C, 0x02, 0x29, 0xF1, 0x78, 0x00, 0xA5, 0x0A
	.byte 0xF1, 0x3C, 0x02, 0x25, 0xF1, 0x78, 0x00, 0xA4, 0x0A, 0xF1, 0x3C, 0x02, 0x24, 0xF1, 0x78, 0x00
	.byte 0xAA, 0x0A, 0xF1, 0x3C, 0x02, 0x2A, 0xF1, 0x78, 0x00, 0xA9, 0x0A, 0xF1, 0x3C, 0x02, 0x29, 0xF1
	.byte 0x78, 0x00, 0xA5, 0x0A, 0xF1, 0x3C, 0x02, 0x25, 0xF1, 0x78, 0x00, 0xA4, 0x0A, 0xF1, 0x3C, 0x02
	.byte 0x24, 0xF1, 0x78, 0x00, 0xAA, 0x0A, 0xF1, 0x3C, 0x02, 0x2A, 0xF1, 0x78, 0x00, 0xA9, 0x0A, 0xF1
	.byte 0x3C, 0x02, 0x29, 0xF1, 0x78, 0x00, 0xA5, 0x0A, 0xF1, 0x3C, 0x02, 0x25, 0xF1, 0x78, 0x00, 0xA4
	.byte 0x0A, 0xF1, 0x3C, 0x02, 0x24, 0xF1, 0x78, 0x00, 0xAA, 0x0A, 0xF1, 0x3C, 0x02, 0x2A, 0xF1, 0x78
	.byte 0x00, 0xA9, 0x0A, 0xF1, 0x3C, 0x02, 0x29, 0xF1, 0x78, 0x00, 0xA5, 0x0A, 0xF1, 0x3C, 0x02, 0x25
	.byte 0xF1, 0x78, 0x00, 0xA4, 0x0A, 0xF1, 0x3C, 0x02, 0x24, 0xF1, 0x78, 0x00, 0xAA, 0x0A, 0xF1, 0x3C
	.byte 0x02, 0x2A, 0xF1, 0x78, 0x00, 0xA9, 0x0A, 0xF1, 0x3C, 0x02, 0x29, 0xF1, 0x78, 0x00, 0xA5, 0x0A
	.byte 0xF1, 0x3C, 0x02, 0x25, 0xF1, 0x78, 0xF0, 0x01, 0xF2, 0x8C, 0xF1, 0x78, 0x00, 0xA4, 0x0A, 0xF1
	.byte 0x3C, 0x02, 0x24, 0xF1, 0x78, 0x00, 0xAA, 0x0A, 0xF1, 0x3C, 0x02, 0x2A, 0xF1, 0x78, 0x00, 0xA9
	.byte 0x0A, 0xF1, 0x3C, 0x02, 0x29, 0xF1, 0x78, 0x00, 0xA5, 0x0A, 0xF1, 0x3C, 0x02, 0x25, 0xF1, 0x78
	.byte 0x00, 0xA4, 0x0A, 0xF1, 0x3C, 0x02, 0x24, 0xF1, 0x78, 0x00, 0xAA, 0x0A, 0xF1, 0x3C, 0x02, 0x2A
	.byte 0xF1, 0x78, 0x00, 0xA9, 0x0A, 0xF1, 0x3C, 0x02, 0x29, 0xF1, 0x78, 0x00, 0xA5, 0x0A, 0xF1, 0x3C
	.byte 0x02, 0x25, 0xF1, 0x78, 0x00, 0xA4, 0x0A, 0xF1, 0x3C, 0x02, 0x24, 0xF1, 0x78, 0x00, 0xAA, 0x0A
	.byte 0xF1, 0x3C, 0x02, 0x2A, 0xF1, 0x78, 0x00, 0xA9, 0x0A, 0xF1, 0x3C, 0x02, 0x29, 0xF1, 0x78, 0x00
	.byte 0xA5, 0x0A, 0xF1, 0x3C, 0x02, 0x25, 0xF1, 0x78, 0x00, 0xA4, 0x0A, 0xF1, 0x3C, 0x02, 0x24, 0xF1
	.byte 0x78, 0x00, 0xAA, 0x0A, 0xF1, 0x3C, 0x02, 0x2A, 0xF1, 0x78, 0x00, 0xA9, 0x0A, 0xF1, 0x3C, 0x02
	.byte 0x29, 0xF1, 0x78, 0x00, 0xA5, 0x0A, 0xF1, 0x3C, 0x02, 0x25, 0xF1, 0x78, 0x00, 0xA4, 0x0A, 0xF1
	.byte 0x3C, 0x02, 0x24, 0xF1, 0x78, 0x00, 0xAA, 0x0A, 0xF1, 0x3C, 0x02, 0x2A, 0xF1, 0x78, 0x00, 0xA9
	.byte 0x0A, 0xF1, 0x3C, 0x02, 0x29, 0xF1, 0x78, 0x00, 0xA5, 0x0A, 0xF1, 0x3C, 0x02, 0x25, 0xF1, 0x78
	.byte 0x00, 0xA4, 0x0A, 0xF1, 0x3C, 0x02, 0x24, 0xF1, 0x78, 0x00, 0xAA, 0x0A, 0xF1, 0x3C, 0x02, 0x2A
	.byte 0xF1, 0x78, 0x00, 0xA9, 0x0A, 0xF1, 0x3C, 0x02, 0x29, 0xF1, 0x78, 0x00, 0xA5, 0x0A, 0xF1, 0x3C
	.byte 0x02, 0x25, 0xF1, 0x78, 0x00, 0xA4, 0x0A, 0xF1, 0x3C, 0x02, 0x24, 0xF1, 0x78, 0x00, 0xAA, 0x0A
	.byte 0xF1, 0x3C, 0x02, 0x2A, 0xF1, 0x78, 0x00, 0xA9, 0x0A, 0xF1, 0x3C, 0x02, 0x29, 0xF1, 0x78, 0x00
	.byte 0xA5, 0x0A, 0xF1, 0x3C, 0x02, 0x25, 0xF1, 0x78, 0x00, 0xA4, 0x0A, 0xF1, 0x3C, 0x02, 0x24, 0xF1
	.byte 0x78, 0x00, 0xAA, 0x0A, 0xF1, 0x3C, 0x02, 0x2A, 0xF1, 0x78, 0x00, 0xA9, 0x0A, 0xF1, 0x3C, 0x02
	.byte 0x29, 0xF1, 0x78, 0x00, 0xA5, 0x0A, 0xF1, 0x3C, 0x02, 0x25, 0xF1, 0x78, 0x00, 0xA4, 0x0A, 0xF1
	.byte 0x3C, 0x02, 0x24, 0xF1, 0x78, 0x00, 0xAA, 0x0A, 0xF1, 0x3C, 0x02, 0x2A, 0xF1, 0x78, 0x00, 0xA9
	.byte 0x0A, 0xF1, 0x3C, 0x02, 0x29, 0xF1, 0x78, 0x00, 0xA5, 0x0A, 0xF1, 0x3C, 0x02, 0x25, 0xF1, 0x78
	.byte 0x00, 0xA4, 0x0A, 0xF1, 0x3C, 0x02, 0x24, 0xF1, 0x78, 0x00, 0xAA, 0x0A, 0xF1, 0x3C, 0x02, 0x2A
	.byte 0xF1, 0x78, 0x00, 0xA9, 0x0A, 0xF1, 0x3C, 0x02, 0x29, 0xF1, 0x78, 0x00, 0xA5, 0x0A, 0xF1, 0x3C
	.byte 0x02, 0x25, 0xF1, 0x78, 0x00, 0xA4, 0x0A, 0xF1, 0x3C, 0x02, 0x24, 0xF1, 0x78, 0x00, 0xAA, 0x0A
	.byte 0xF1, 0x3C, 0x02, 0x2A, 0xF1, 0x78, 0x00, 0xA9, 0x0A, 0xF1, 0x3C, 0x02, 0x29, 0xF1, 0x78, 0x00
	.byte 0xA5, 0x0A, 0xF1, 0x3C, 0x02, 0x25, 0xF1, 0x78, 0x00, 0xA4, 0x0A, 0xF1, 0x3C, 0x02, 0x24, 0xF1
	.byte 0x78, 0x00, 0xAA, 0x0A, 0xF1, 0x3C, 0x02, 0x2A, 0xF1, 0x78, 0x00, 0xA9, 0x0A, 0xF1, 0x3C, 0x02
	.byte 0x29, 0xF1, 0x78, 0x00, 0xA5, 0x0A, 0xF1, 0x3C, 0x02, 0x25, 0xF1, 0x78, 0x00, 0xA4, 0x0A, 0xF1
	.byte 0x3C, 0x02, 0x24, 0xF1, 0x78, 0x00, 0xAA, 0x0A, 0xF1, 0x3C, 0x02, 0x2A, 0xF1, 0x78, 0x00, 0xA9
	.byte 0x0A, 0xF1, 0x3C, 0x02, 0x29, 0xF1, 0x78, 0x00, 0xA5, 0x0A, 0xF1, 0x3C, 0x02, 0x25, 0xF1, 0x78
	.byte 0x00, 0xA4, 0x0A, 0xF1, 0x3C, 0x02, 0x24, 0xF1, 0x78, 0x00, 0xAA, 0x0A, 0xF1, 0x3C, 0x02, 0x2A
	.byte 0xF1, 0x78, 0x00, 0xA9, 0x0A, 0xF1, 0x3C, 0x02, 0x29, 0xF1, 0x78, 0x00, 0xA5, 0x0A, 0xF1, 0x3C
	.byte 0x02, 0x25, 0xF1, 0x78, 0x00, 0xA4, 0x0A, 0xF1, 0x3C, 0x02, 0x24, 0xF1, 0x78, 0x00, 0xAA, 0x0A
	.byte 0xF1, 0x3C, 0x02, 0x2A, 0xF1, 0x78, 0x00, 0xA9, 0x0A, 0xF1, 0x3C, 0x02, 0x29, 0xF1, 0x78, 0x00
	.byte 0xA5, 0x0A, 0xF1, 0x3C, 0x02, 0x25, 0xF1, 0x78, 0x00, 0xA4, 0x0A, 0xF1, 0x3C, 0x02, 0x24, 0xF1
	.byte 0x78, 0x00, 0xAA, 0x0A, 0xF1, 0x3C, 0x02, 0x2A, 0xF1, 0x78, 0x00, 0xA9, 0x0A, 0xF1, 0x3C, 0x02
	.byte 0x29, 0xF1, 0x78, 0x00, 0xA5, 0x0A, 0xF1, 0x3C, 0x02, 0x25, 0xF1, 0x78, 0x00, 0xA4, 0x0A, 0xF1
	.byte 0x3C, 0x02, 0x24, 0xF1, 0x78, 0x00, 0xAA, 0x0A, 0xF1, 0x3C, 0x02, 0x2A, 0xF1, 0x78, 0x00, 0xA9
	.byte 0x0A, 0xF1, 0x3C, 0x02, 0x29, 0xF1, 0x78, 0x00, 0xA5, 0x0A, 0xF1, 0x3C, 0x02, 0x25, 0xF1, 0x78
	.byte 0x00, 0xA4, 0x0A, 0xF1, 0x3C, 0x02, 0x24, 0xF1, 0x78, 0x00, 0xAA, 0x0A, 0xF1, 0x3C, 0x02, 0x2A
	.byte 0xF1, 0x78, 0x00, 0xA9, 0x0A, 0xF1, 0x3C, 0x02, 0x29, 0xF1, 0x78, 0x00, 0xA5, 0x0A, 0xF1, 0x3C
	.byte 0x02, 0x25, 0xF1, 0x78, 0x00, 0xA4, 0x0A, 0xF1, 0x3C, 0x02, 0x24, 0xF1, 0x78, 0x00, 0xAA, 0x0A
	.byte 0xF1, 0x3C, 0x02, 0x2A, 0xF1, 0x78, 0x00, 0xA9, 0x0A, 0xF1, 0x3C, 0x02, 0x29, 0xF1, 0x78, 0x00
	.byte 0xA5, 0x0A, 0xF1, 0x3C, 0x02, 0x25, 0xF1, 0x78, 0x00, 0xA4, 0x0A, 0xF1, 0x3C, 0x02, 0x24, 0xF1
	.byte 0x78, 0x00, 0xAA, 0x0A, 0xF1, 0x3C, 0x02, 0x2A, 0xF1, 0x78, 0x00, 0xA9, 0x0A, 0xF1, 0x3C, 0x02
	.byte 0x29, 0xF1, 0x78, 0x00, 0xA5, 0x0A, 0xF1, 0x3C, 0x02, 0x25, 0xF1, 0x78, 0x00, 0xA4, 0x0A, 0xF1
	.byte 0x3C, 0x02, 0x24, 0xF1, 0x78, 0x00, 0xAA, 0x0A, 0xF1, 0x3C, 0x02, 0x2A, 0xF1, 0x78, 0x00, 0xA9
	.byte 0x0A, 0xF1, 0x3C, 0x02, 0x29, 0xF1, 0x78, 0x00, 0xA5, 0x0A, 0xF1, 0x3C, 0x02, 0x25, 0xF1, 0x78
	.byte 0x00, 0xA4, 0x0A, 0xF1, 0x3C, 0x02, 0x24, 0xF1, 0x78, 0x00, 0xAA, 0x0A, 0xF1, 0x3C, 0x02, 0x2A
	.byte 0xF1, 0x78, 0x00, 0xA9, 0x0A, 0xF1, 0x3C, 0x02, 0x29, 0xF1, 0x78, 0x00, 0xA5, 0x0A, 0xF1, 0x3C
	.byte 0x02, 0x25, 0xF1, 0x78, 0x00, 0xA4, 0x0A, 0xF1, 0x3C, 0x02, 0x24, 0xF1, 0x78, 0x00, 0xAA, 0x0A
	.byte 0xF1, 0x3C, 0x02, 0x2A, 0xF1, 0x78, 0x00, 0xA9, 0x0A, 0xF1, 0x3C, 0x02, 0x29, 0xF1, 0x78, 0x00
	.byte 0xA5, 0x0A, 0xF1, 0x3C, 0x02, 0x25, 0xF1, 0x78, 0x00, 0xA4, 0x0A, 0xF1, 0x3C, 0x02, 0x24, 0xF1
	.byte 0x78, 0x00, 0xAA, 0x0A, 0xF1, 0x3C, 0x02, 0x2A, 0xF1, 0x78, 0x00, 0xA9, 0x0A, 0xF1, 0x3C, 0x02
	.byte 0x29, 0xF1, 0x78, 0x00, 0xA5, 0x0A, 0xF1, 0x3C, 0x02, 0x25, 0xF1, 0x78, 0x00, 0xA4, 0x0A, 0xF1
	.byte 0x3C, 0x02, 0x24, 0xF1, 0x78, 0x00, 0xAA, 0x0A, 0xF1, 0x3C, 0x02, 0x2A, 0xF1, 0x78, 0x00, 0xA9
	.byte 0x0A, 0xF1, 0x3C, 0x02, 0x29, 0xF1, 0x78, 0x00, 0xA5, 0x0A, 0xF1, 0x3C, 0x02, 0x25, 0xF1, 0x78
	.byte 0x00, 0xA4, 0x0A, 0xF1, 0x3C, 0x02, 0x24, 0xF1, 0x78, 0x00, 0xAA, 0x0A, 0xF1, 0x3C, 0x02, 0x2A
	.byte 0xF1, 0x78, 0x00, 0xA9, 0x0A, 0xF1, 0x3C, 0x02, 0x29, 0xF1, 0x78, 0x00, 0xA5, 0x0A, 0xF1, 0x3C
	.byte 0x02, 0x25, 0xF1, 0x78, 0x00, 0xA4, 0x0A, 0xF1, 0x3C, 0x02, 0x24, 0xF1, 0x78, 0x00, 0xAA, 0x0A
	.byte 0xF1, 0x3C, 0x02, 0x2A, 0xF1, 0x78, 0x00, 0xA9, 0x0A, 0xF1, 0x3C, 0x02, 0x29, 0xF1, 0x78, 0x00
	.byte 0xA5, 0x0A, 0xF1, 0x3C, 0x02, 0x25, 0xF1, 0x78, 0x00, 0xA4, 0x0A, 0xF1, 0x3C, 0x02, 0x24, 0xF1
	.byte 0x78, 0x00, 0xAA, 0x0A, 0xF1, 0x3C, 0x02, 0x2A, 0xF1, 0x78, 0x00, 0xA9, 0x0A, 0xF1, 0x3C, 0x02
	.byte 0x29, 0xF1, 0x78, 0x00, 0xA5, 0x0A, 0xF1, 0x3C, 0x02, 0x25, 0xF1, 0x78, 0x00, 0xA4, 0x0A, 0xF1
	.byte 0x3C, 0x02, 0x24, 0xF1, 0x78, 0x00, 0xAA, 0x0A, 0xF1, 0x3C, 0x02, 0x2A, 0xF1, 0x78, 0x00, 0xA9
	.byte 0x0A, 0xF1, 0x3C, 0x02, 0x29, 0xF1, 0x78, 0x00, 0xA5, 0x0A, 0xF1, 0x3C, 0x02, 0x25, 0xF1, 0x78
	.byte 0x00, 0xA4, 0x0A, 0xF1, 0x3C, 0x02, 0x24, 0xF1, 0x78, 0x00, 0xAA, 0x0A, 0xF1, 0x3C, 0x02, 0x2A
	.byte 0xF1, 0x78, 0x00, 0xA9, 0x0A, 0xF1, 0x3C, 0x02, 0x29, 0xF1, 0x78, 0x00, 0xA5, 0x0A, 0xF1, 0x3C
	.byte 0x02, 0x25, 0xF1, 0x78, 0x00, 0xA4, 0x0A, 0xF1, 0x3C, 0x02, 0x24, 0xF1, 0x78, 0x00, 0xAA, 0x0A
	.byte 0xF1, 0x3C, 0x02, 0x2A, 0xF1, 0x78, 0x00, 0xA9, 0x0A, 0xF1, 0x3C, 0x02, 0x29, 0xF1, 0x78, 0x00
	.byte 0xA5, 0x0A, 0xF1, 0x3C, 0x02, 0x25, 0xF1, 0x78, 0x00, 0xA4, 0x0A, 0xF1, 0x3C, 0x02, 0x24, 0xF1
	.byte 0x78, 0x00, 0xAA, 0x0A, 0xF1, 0x3C, 0x02, 0x2A, 0xF1, 0x78, 0x00, 0xA9, 0x0A, 0xF1, 0x3C, 0x02
	.byte 0x29, 0xF1, 0x78, 0x00, 0xA5, 0x0A, 0xF1, 0x3C, 0x02, 0x25, 0xF1, 0x78, 0x00, 0xA4, 0x0A, 0xF1
	.byte 0x3C, 0x02, 0x24, 0xF1, 0x78, 0x00, 0xAA, 0x0A, 0xF1, 0x3C, 0x02, 0x2A, 0xF1, 0x78, 0x00, 0xA9
	.byte 0x0A, 0xF1, 0x3C, 0x02, 0x29, 0xF1, 0x78, 0x00, 0xA5, 0x0A, 0xF1, 0x3C, 0x02, 0x25, 0xF1, 0x78
	.byte 0x00, 0xA4, 0x0A, 0xF1, 0x3C, 0x02, 0x24, 0xF1, 0x78, 0x00, 0xAA, 0x0A, 0xF1, 0x3C, 0x02, 0x2A
	.byte 0xF1, 0x78, 0x00, 0xA9, 0x0A, 0xF1, 0x3C, 0x02, 0x29, 0xF1, 0x78, 0x00, 0xA5, 0x0A, 0xF1, 0x3C
	.byte 0x02, 0x25, 0xF1, 0x78, 0x00, 0xA4, 0x0A, 0xF1, 0x3C, 0x02, 0x24, 0xF1, 0x78, 0x00, 0xAA, 0x0A
	.byte 0xF1, 0x3C, 0x02, 0x2A, 0xF1, 0x78, 0x00, 0xA9, 0x0A, 0xF1, 0x3C, 0x02, 0x29, 0xF1, 0x78, 0x00
	.byte 0xA5, 0x0A, 0xF1, 0x3C, 0x02, 0x25, 0xF1, 0x78, 0x00, 0xA4, 0x0A, 0xF1, 0x3C, 0x02, 0x24, 0xF1
	.byte 0x78, 0x00, 0xAA, 0x0A, 0xF1, 0x3C, 0x02, 0x2A, 0xF1, 0x78, 0x00, 0xA9, 0x0A, 0xF1, 0x3C, 0x02
	.byte 0x29, 0xF1, 0x78, 0x00, 0xA5, 0x0A, 0xF1, 0x3C, 0x02, 0x25, 0xF1, 0x78, 0x00, 0xA4, 0x0A, 0xF1
	.byte 0x3C, 0x02, 0x24, 0xF1, 0x78, 0x00, 0xAA, 0x0A, 0xF1, 0x3C, 0x02, 0x2A, 0xF1, 0x78, 0x00, 0xA9
	.byte 0x0A, 0xF1, 0x3C, 0x02, 0x29, 0xF1, 0x78, 0x00, 0xA5, 0x0A, 0xF1, 0x3C, 0x02, 0x25, 0xF1, 0x78
	.byte 0x00, 0xA4, 0x0A, 0xF1, 0x3C, 0x02, 0x24, 0xF1, 0x78, 0x00, 0xAA, 0x0A, 0xF1, 0x3C, 0x02, 0x2A
	.byte 0xF1, 0x78, 0x00, 0xA9, 0x0A, 0xF1, 0x3C, 0x02, 0x29, 0xF1, 0x78, 0x00, 0xA5, 0x0A, 0xF1, 0x3C
	.byte 0x02, 0x25, 0xF1, 0x78, 0x00, 0xA4, 0x0A, 0xF1, 0x3C, 0x02, 0x24, 0xF1, 0x78, 0x00, 0xAA, 0x0A
	.byte 0xF1, 0x3C, 0x02, 0x2A, 0xF1, 0x78, 0x00, 0xA9, 0x0A, 0xF1, 0x3C, 0x02, 0x29, 0xF1, 0x78, 0x00
	.byte 0xA5, 0x0A, 0xF1, 0x3C, 0x02, 0x25, 0xF1, 0x78, 0x00, 0xA4, 0x0A, 0xF1, 0x3C, 0x02, 0x24, 0xF1
	.byte 0x78, 0x00, 0xAA, 0x0A, 0xF1, 0x3C, 0x02, 0x2A, 0xF1, 0x78, 0x00, 0xA9, 0x0A, 0xF1, 0x3C, 0x02
	.byte 0x29, 0xF1, 0x78, 0x00, 0xA5, 0x0A, 0xF1, 0x3C, 0x02, 0x25, 0xF1, 0x78, 0x00, 0xA4, 0x0A, 0xF1
	.byte 0x3C, 0x02, 0x24, 0xF1, 0x78, 0x00, 0xAA, 0x0A, 0xF1, 0x3C, 0x02, 0x2A, 0xF1, 0x78, 0x00, 0xA9
	.byte 0x0A, 0xF1, 0x3C, 0x02, 0x29, 0xF1, 0x78, 0x00, 0xA5, 0x0A, 0xF1, 0x3C, 0x02, 0x25, 0xF1, 0x78
	.byte 0x00, 0xA4, 0x0A, 0xF1, 0x3C, 0x02, 0x24, 0xF1, 0x78, 0x00, 0xAA, 0x0A, 0xF1, 0x3C, 0x02, 0x2A
	.byte 0xF1, 0x78, 0x00, 0xA9, 0x0A, 0xF1, 0x3C, 0x02, 0x29, 0xF1, 0x78, 0x00, 0xA5, 0x0A, 0xF1, 0x3C
	.byte 0x02, 0x25, 0xF1, 0x78, 0x00, 0xA4, 0x0A, 0xF1, 0x3C, 0x02, 0x24, 0xF1, 0x78, 0x00, 0xAA, 0x0A
	.byte 0xF1, 0x3C, 0x02, 0x2A, 0xF1, 0x78, 0x00, 0xA9, 0x0A, 0xF1, 0x3C, 0x02, 0x29, 0xF1, 0x78, 0x00
	.byte 0xA5, 0x0A, 0xF1, 0x3C, 0x02, 0x25, 0xF1, 0x78, 0x00, 0xA4, 0x0A, 0xF1, 0x3C, 0x02, 0x24, 0xF1
	.byte 0x78, 0x00, 0xAA, 0x0A, 0xF1, 0x3C, 0x02, 0x2A, 0xF1, 0x78, 0x00, 0xA9, 0x0A, 0xF1, 0x3C, 0x02
	.byte 0x29, 0xF1, 0x78, 0x00, 0xA5, 0x0A, 0xF1, 0x3C, 0x02, 0x25, 0xF1, 0x78, 0x00, 0xA4, 0x0A, 0xF1
	.byte 0x3C, 0x02, 0x24, 0xF1, 0x78, 0x00, 0xAA, 0x0A, 0xF1, 0x3C, 0x02, 0x2A, 0xF1, 0x78, 0x00, 0xA9
	.byte 0x0A, 0xF1, 0x3C, 0x02, 0x29, 0xF1, 0x78, 0x00, 0xA5, 0x0A, 0xF1, 0x3C, 0x02, 0x25, 0xF1, 0x78
	.byte 0x00, 0xA4, 0x0A, 0xF1, 0x3C, 0x02, 0x24, 0xF1, 0x78, 0x00, 0xAA, 0x0A, 0xF1, 0x3C, 0x02, 0x2A
	.byte 0xF1, 0x78, 0x00, 0xA9, 0x0A, 0xF1, 0x3C, 0x02, 0x29, 0xF1, 0x78, 0x00, 0xA5, 0x0A, 0xF1, 0x3C
	.byte 0x02, 0x25, 0xF1, 0x78, 0x00, 0xA4, 0x0A, 0xF1, 0x3C, 0x02, 0x24, 0xF1, 0x78, 0x00, 0xAA, 0x0A
	.byte 0xF1, 0x3C, 0x02, 0x2A, 0xF1, 0x78, 0x00, 0xA9, 0x0A, 0xF1, 0x3C, 0x02, 0x29, 0xF1, 0x78, 0x00
	.byte 0xA5, 0x0A, 0xF1, 0x3C, 0x02, 0x25, 0xF1, 0x78, 0x00, 0xA4, 0x0A, 0xF1, 0x3C, 0x02, 0x24, 0xF1
	.byte 0x78, 0x00, 0xAA, 0x0A, 0xF1, 0x3C, 0x02, 0x2A, 0xF1, 0x78, 0x00, 0xA9, 0x0A, 0xF1, 0x3C, 0x02
	.byte 0x29, 0xF1, 0x78, 0x00, 0xA5, 0x0A, 0xF1, 0x3C, 0x02, 0x25, 0xF1, 0x78, 0x00, 0xA4, 0x0A, 0xF1
	.byte 0x3C, 0x02, 0x24, 0xF1, 0x78, 0x00, 0xAA, 0x0A, 0xF1, 0x3C, 0x02, 0x2A, 0xF1, 0x78, 0x00, 0xA9
	.byte 0x0A, 0xF1, 0x3C, 0x02, 0x29, 0xF1, 0x78, 0x00, 0xA5, 0x0A, 0xF1, 0x3C, 0x02, 0x25, 0xF1, 0x78
	.byte 0x00, 0xA4, 0x0A, 0xF1, 0x3C, 0x02, 0x24, 0xF1, 0x78, 0x00, 0xAA, 0x0A, 0xF1, 0x3C, 0x02, 0x2A
	.byte 0xF1, 0x78, 0x00, 0xA9, 0x0A, 0xF1, 0x3C, 0x02, 0x29, 0xF1, 0x78, 0x00, 0xA5, 0x0A, 0xF1, 0x3C
	.byte 0x02, 0x25, 0xF1, 0x78, 0x00, 0xA4, 0x0A, 0xF1, 0x3C, 0x02, 0x24, 0xF1, 0x78, 0x00, 0xAA, 0x0A
	.byte 0xF1, 0x3C, 0x02, 0x2A, 0xF1, 0x78, 0x00, 0xA9, 0x0A, 0xF1, 0x3C, 0x02, 0x29, 0xF1, 0x78, 0x00
	.byte 0xA5, 0x0A, 0xF1, 0x3C, 0x02, 0x25, 0xF1, 0x78, 0x00, 0xA4, 0x0A, 0xF1, 0x3C, 0x02, 0x24, 0xF1
	.byte 0x78, 0x00, 0xAA, 0x0A, 0xF1, 0x3C, 0x02, 0x2A, 0xF1, 0x78, 0x00, 0xA9, 0x0A, 0xF1, 0x3C, 0x02
	.byte 0x29, 0xF1, 0x78, 0x00, 0xA5, 0x0A, 0xF1, 0x3C, 0x02, 0x25, 0xF1, 0x78, 0x00, 0xA4, 0x0A, 0xF1
	.byte 0x3C, 0x02, 0x24, 0xF1, 0x78, 0x00, 0xAA, 0x0A, 0xF1, 0x3C, 0x02, 0x2A, 0xF1, 0x78, 0x00, 0xA9
	.byte 0x0A, 0xF1, 0x3C, 0x02, 0x29, 0xF1, 0x78, 0x00, 0xA5, 0x0A, 0xF1, 0x3C, 0x02, 0x25, 0xF1, 0x78
	.byte 0x00, 0xA4, 0x0A, 0xF1, 0x3C, 0x02, 0x24, 0xF1, 0x78, 0x00, 0xAA, 0x0A, 0xF1, 0x3C, 0x02, 0x2A
	.byte 0xF1, 0x78, 0x00, 0xA9, 0x0A, 0xF1, 0x3C, 0x02, 0x29, 0xF1, 0x78, 0x00, 0xA5, 0x0A, 0xF1, 0x3C
	.byte 0x02, 0x25, 0xF1, 0x78, 0x00, 0xA4, 0x0A, 0xF1, 0x3C, 0x02, 0x24, 0xF1, 0x78, 0x00, 0xAA, 0x0A
	.byte 0xF1, 0x3C, 0x02, 0x2A, 0xF1, 0x78, 0x00, 0xA9, 0x0A, 0xF1, 0x3C, 0x02, 0x29, 0xF1, 0x78, 0x00
	.byte 0xA5, 0x0A, 0xF1, 0x3C, 0x02, 0x25, 0xF1, 0x78, 0x00, 0xA4, 0x0A, 0xF1, 0x3C, 0x02, 0x24, 0xF1
	.byte 0x78, 0x00, 0xAA, 0x0A, 0xF1, 0x3C, 0x02, 0x2A, 0xF1, 0x78, 0x00, 0xA9, 0x0A, 0xF1, 0x3C, 0x02
	.byte 0x29, 0xF1, 0x78, 0x00, 0xA5, 0x0A, 0xF1, 0x3C, 0x02, 0x25, 0xF1, 0x78, 0x00, 0xA4, 0x0A, 0xF1
	.byte 0x3C, 0x02, 0x24, 0xF1, 0x78, 0x00, 0xAA, 0x0A, 0xF1, 0x3C, 0x02, 0x2A, 0xF1, 0x78, 0x00, 0xA9
	.byte 0x0A, 0xF1, 0x3C, 0x02, 0x29, 0xF1, 0x78, 0x00, 0xA5, 0x0A, 0xF1, 0x3C, 0x02, 0x25, 0xF1, 0x78
	.byte 0x00, 0xA4, 0x0A, 0xF1, 0x3C, 0x02, 0x24, 0xF1, 0x78, 0x00, 0xAA, 0x0A, 0xF1, 0x3C, 0x02, 0x2A
	.byte 0xF1, 0x78, 0x00, 0xA9, 0x0A, 0xF1, 0x3C, 0x02, 0x29, 0xF1, 0x78, 0x00, 0xA5, 0x0A, 0xF1, 0x3C
	.byte 0x02, 0x25, 0xF1, 0x78, 0x00, 0xA4, 0x0A, 0xF1, 0x3C, 0x02, 0x24, 0xF1, 0x78, 0x00, 0xAA, 0x0A
	.byte 0xF1, 0x3C, 0x02, 0x2A, 0xF1, 0x78, 0x00, 0xA9, 0x0A, 0xF1, 0x3C, 0x02, 0x29, 0xF1, 0x78, 0x00
	.byte 0xA5, 0x0A, 0xF1, 0x3C, 0x02, 0x25, 0xF1, 0x78, 0x00, 0xA4, 0x0A, 0xF1, 0x3C, 0x02, 0x24, 0xF1
	.byte 0x78, 0x00, 0xAA, 0x0A, 0xF1, 0x3C, 0x02, 0x2A, 0xF1, 0x78, 0x00, 0xA9, 0x0A, 0xF1, 0x3C, 0x02
	.byte 0x29, 0xF1, 0x78, 0x00, 0xA5, 0x0A, 0xF1, 0x3C, 0x02, 0x25, 0xF1, 0x78, 0x00, 0xA4, 0x0A, 0xF1
	.byte 0x3C, 0x02, 0x24, 0xF1, 0x78, 0x00, 0xAA, 0x0A, 0xF1, 0x3C, 0x02, 0x2A, 0xF1, 0x78, 0x00, 0xA9
	.byte 0x0A, 0xF1, 0x3C, 0x02, 0x29, 0xF1, 0x78, 0x00, 0xA5, 0x0A, 0xF1, 0x3C, 0x02, 0x25, 0xF1, 0x78
	.byte 0x00, 0xA4, 0x0A, 0xF1, 0x3C, 0x02, 0x24, 0xF1, 0x78, 0x00, 0xAA, 0x0A, 0xF1, 0x3C, 0x02, 0x2A
	.byte 0xF1, 0x78, 0x00, 0xA9, 0x0A, 0xF1, 0x3C, 0x02, 0x29, 0xF1, 0x78, 0x00, 0xA5, 0x0A, 0xF1, 0x3C
	.byte 0x02, 0x25, 0xF1, 0x78, 0x00, 0xA4, 0x0A, 0xF1, 0x3C, 0x02, 0x24, 0xF1, 0x78, 0x00, 0xAA, 0x0A
	.byte 0xF1, 0x3C, 0x02, 0x2A, 0xF1, 0x78, 0x00, 0xA9, 0x0A, 0xF1, 0x3C, 0x02, 0x29, 0xF1, 0x78, 0x00
	.byte 0xA5, 0x0A, 0xF1, 0x3C, 0x02, 0x25, 0xF1, 0x78, 0x00, 0xA4, 0x0A, 0xF1, 0x3C, 0x02, 0x24, 0xF1
	.byte 0x78, 0x00, 0xAA, 0x0A, 0xF1, 0x3C, 0x02, 0x2A, 0xF1, 0x78, 0x00, 0xA9, 0x0A, 0xF1, 0x3C, 0x02
	.byte 0x29, 0xF1, 0x78, 0x00, 0xA5, 0x0A, 0xF1, 0x3C, 0x02, 0x25, 0xF1, 0x78, 0x00, 0xA4, 0x0A, 0xF1
	.byte 0x3C, 0x02, 0x24, 0xF1, 0x78, 0x00, 0xAA, 0x0A, 0xF1, 0x3C, 0x02, 0x2A, 0xF1, 0x78, 0x00, 0xA9
	.byte 0x0A, 0xF1, 0x3C, 0x02, 0x29, 0xF1, 0x78, 0x00, 0xA5, 0x0A, 0xF1, 0x3C, 0x02, 0x25, 0xF1, 0x78
	.byte 0x00, 0xA4, 0x0A, 0xF1, 0x3C, 0x02, 0x24, 0xF1, 0x78, 0x00, 0xAA, 0x0A, 0xF1, 0x3C, 0x02, 0x2A
	.byte 0xF1, 0x78, 0x00, 0xA9, 0x0A, 0xF1, 0x3C, 0x02, 0x29, 0xF1, 0x78, 0x00, 0xA5, 0x0A, 0xF1, 0x3C
	.byte 0x02, 0x25, 0xF1, 0x78, 0x00, 0xA4, 0x0A, 0xF1, 0x3C, 0x02, 0x24, 0xF1, 0x78, 0x00, 0xAA, 0x0A
	.byte 0xF1, 0x3C, 0x02, 0x2A, 0xF1, 0x78, 0x00, 0xA9, 0x0A, 0xF1, 0x3C, 0x02, 0x29, 0xF1, 0x78, 0x00
	.byte 0xA5, 0x0A, 0xF1, 0x3C, 0x02, 0x25, 0xF1, 0x78, 0x00, 0xA4, 0x0A, 0xF1, 0x3C, 0x02, 0x24, 0xF1
	.byte 0x78, 0x00, 0xAA, 0x0A, 0xF1, 0x3C, 0x02, 0x2A, 0xF1, 0x78, 0x00, 0xA9, 0x0A, 0xF1, 0x3C, 0x02
	.byte 0x29, 0xF1, 0x78, 0x00, 0xA5, 0x0A, 0xF1, 0x3C, 0x02, 0x25, 0xF1, 0x78, 0x00, 0xA4, 0x0A, 0xF1
	.byte 0x3C, 0x02, 0x24, 0xF1, 0x78, 0x00, 0xAA, 0x0A, 0xF1, 0x3C, 0x02, 0x2A, 0xF1, 0x78, 0x00, 0xA9
	.byte 0x0A, 0xF1, 0x3C, 0x02, 0x29, 0xF1, 0x78, 0x00, 0xA5, 0x0A, 0xF1, 0x3C, 0x02, 0x25, 0xF1, 0x78
	.byte 0x00, 0xA4, 0x0A, 0xF1, 0x3C, 0x02, 0x24, 0xF1, 0x78, 0x00, 0xAA, 0x0A, 0xF1, 0x3C, 0x02, 0x2A
	.byte 0xF1, 0x78, 0x00, 0xA9, 0x0A, 0xF1, 0x3C, 0x02, 0x29, 0xF1, 0x78, 0x00, 0xA5, 0x0A, 0xF1, 0x3C
	.byte 0x02, 0x25, 0xF1, 0x78, 0x00, 0xA4, 0x0A, 0xF1, 0x3C, 0x02, 0x24, 0xF1, 0x78, 0x00, 0xAA, 0x0A
	.byte 0xF1, 0x3C, 0x02, 0x2A, 0xF1, 0x78, 0x00, 0xA9, 0x0A, 0xF1, 0x3C, 0x02, 0x29, 0xF1, 0x78, 0x00
	.byte 0xA5, 0x0A, 0xF1, 0x3C, 0x02, 0x25, 0xF1, 0x78, 0x00, 0xA4, 0x0A, 0xF1, 0x3C, 0x02, 0x24, 0xF1
	.byte 0x78, 0x00, 0xAA, 0x0A, 0xF1, 0x3C, 0x02, 0x2A, 0xF1, 0x78, 0x00, 0xA9, 0x0A, 0xF1, 0x3C, 0x02
	.byte 0x29, 0xF1, 0x78, 0x00, 0xA5, 0x0A, 0xF1, 0x3C, 0x02, 0x25, 0xF1, 0x78, 0x00, 0xA4, 0x0A, 0xF1
	.byte 0x3C, 0x02, 0x24, 0xF1, 0x78, 0x00, 0xAA, 0x0A, 0xF1, 0x3C, 0x02, 0x2A, 0xF1, 0x78, 0x00, 0xA9
	.byte 0x0A, 0xF1, 0x3C, 0x02, 0x29, 0xF1, 0x78, 0x00, 0xA5, 0x0A, 0xF1, 0x3C, 0x02, 0x25, 0xF1, 0x78
	.byte 0x00, 0xA4, 0x0A, 0xF1, 0x3C, 0x02, 0x24, 0xF1, 0x78, 0x00, 0xAA, 0x0A, 0xF1, 0x3C, 0x02, 0x2A
	.byte 0xF1, 0x78, 0x00, 0xA9, 0x0A, 0xF1, 0x3C, 0x02, 0x29, 0xF1, 0x78, 0x00, 0xA5, 0x0A, 0xF1, 0x3C
	.byte 0x02, 0x25, 0xF1, 0x78, 0x00, 0xA4, 0x0A, 0xF1, 0x3C, 0x02, 0x24, 0xF1, 0x78, 0x00, 0xAA, 0x0A
	.byte 0xF1, 0x3C, 0x02, 0x2A, 0xF1, 0x78, 0x00, 0xA9, 0x0A, 0xF1, 0x3C, 0x02, 0x29, 0xF1, 0x78, 0x00
	.byte 0xA5, 0x0A, 0xF1, 0x3C, 0x02, 0x25, 0xF1, 0x78, 0x00, 0xA4, 0x0A, 0xF1, 0x3C, 0x02, 0x24, 0xF1
	.byte 0x78, 0x00, 0xAA, 0x0A, 0xF1, 0x3C, 0x02, 0x2A, 0xF1, 0x78, 0x00, 0xA9, 0x0A, 0xF1, 0x3C, 0x02
	.byte 0x29, 0xF1, 0x78, 0x00, 0xA5, 0x0A, 0xF1, 0x3C, 0x02, 0x25, 0xF1, 0x78, 0x00, 0xA4, 0x0A, 0xF1
	.byte 0x3C, 0x02, 0x24, 0xF1, 0x78, 0x00, 0xAA, 0x0A, 0xF1, 0x3C, 0x02, 0x2A, 0xF1, 0x78, 0x00, 0xA9
	.byte 0x0A, 0xF1, 0x3C, 0x02, 0x29, 0xF1, 0x78, 0x00, 0xA5, 0x0A, 0xF1, 0x3C, 0x02, 0x25, 0xF1, 0x78
	.byte 0x00, 0xA4, 0x0A, 0xF1, 0x3C, 0x02, 0x24, 0xF1, 0x78, 0x00, 0xAA, 0x0A, 0xF1, 0x3C, 0x02, 0x2A
	.byte 0xF1, 0x78, 0x00, 0xA9, 0x0A, 0xF1, 0x3C, 0x02, 0x29, 0xF1, 0x78, 0x00, 0xA5, 0x0A, 0xF1, 0x3C
	.byte 0x02, 0x25, 0xF1, 0x78, 0x00, 0xA4, 0x0A, 0xF1, 0x3C, 0x02, 0x24, 0xF1, 0x78, 0x00, 0xAA, 0x0A
	.byte 0xF1, 0x3C, 0x02, 0x2A, 0xF1, 0x78, 0x00, 0xA9, 0x0A, 0xF1, 0x3C, 0x02, 0x29, 0xF1, 0x78, 0x00
	.byte 0xA5, 0x0A, 0xF1, 0x3C, 0x02, 0x25, 0xF1, 0x78, 0x00, 0xA4, 0x0A, 0xF1, 0x3C, 0x02, 0x24, 0xF1
	.byte 0x78, 0x00, 0xAA, 0x0A, 0xF1, 0x3C, 0x02, 0x2A, 0xF1, 0x78, 0x00, 0xA9, 0x0A, 0xF1, 0x3C, 0x02
	.byte 0x29, 0xF1, 0x78, 0x00, 0xA5, 0x0A, 0xF1, 0x3C, 0x02, 0x25, 0xF1, 0x78, 0xF0, 0x33, 0xF2, 0x96
	.byte 0xF1, 0xA0, 0x00, 0xA9, 0xC0, 0x00, 0xA9, 0xC0, 0x00, 0xA9, 0xC0, 0xC0, 0x29, 0x00, 0xA9, 0xC0
	.byte 0x00, 0xA9, 0xC0, 0x00, 0xA9, 0xC0, 0xC0, 0x29, 0xF8, 0x9B, 0xF4, 0xFF, 0xF9, 0x7B, 0xF0, 0x07
	.byte 0xF1, 0xB4, 0x30, 0x24, 0x30, 0x24, 0x30, 0x24, 0x18, 0x24, 0x18, 0x24, 0x30, 0x24, 0x30, 0x24
	.byte 0x30, 0x24, 0x18, 0x24, 0x18, 0x24, 0x30, 0x24, 0x30, 0x24, 0x30, 0x24, 0x18, 0x24, 0x18, 0x24
	.byte 0x30, 0x24, 0x30, 0x24, 0x30, 0x24, 0x18, 0x24, 0x18, 0x24, 0x30, 0x24, 0x30, 0x24, 0x30, 0x24
	.byte 0x18, 0x24, 0x18, 0x24, 0x30, 0x24, 0x30, 0x24, 0x30, 0x24, 0x18, 0x24, 0x18, 0x24, 0x30, 0x24
	.byte 0x30, 0x24, 0x30, 0x24, 0x18, 0x24, 0x18, 0x24, 0x30, 0x24, 0x30, 0x24, 0x30, 0x24, 0x18, 0x24
	.byte 0x18, 0x24, 0x30, 0x24, 0x30, 0x24, 0x30, 0x24, 0x18, 0x24, 0x18, 0x24, 0x30, 0x24, 0x30, 0x24
	.byte 0x30, 0x24, 0x18, 0x24, 0x18, 0x24, 0x30, 0x24, 0x30, 0x24, 0x30, 0x24, 0x18, 0x24, 0x18, 0x24
	.byte 0x30, 0x24, 0x30, 0x24, 0x30, 0x24, 0x18, 0x24, 0x18, 0x24, 0x30, 0x24, 0x30, 0x24, 0x30, 0x24
	.byte 0x18, 0x24, 0x18, 0x24, 0x30, 0x24, 0x30, 0x24, 0x30, 0x24, 0x18, 0x24, 0x18, 0x24, 0x30, 0x24
	.byte 0x30, 0x24, 0x30, 0x24, 0x18, 0x24, 0x18, 0x24, 0x30, 0x24, 0x30, 0x24, 0x30, 0x24, 0x18, 0x24
	.byte 0x18, 0x24, 0x30, 0x24, 0x30, 0x24, 0x30, 0x24, 0x18, 0x24, 0x18, 0x24, 0x30, 0x24, 0x30, 0x24
	.byte 0x30, 0x24, 0x18, 0x24, 0x18, 0x24, 0x24, 0x24, 0x0C, 0x24, 0x30, 0x24, 0x30, 0x24, 0x18, 0x24
	.byte 0x18, 0x24, 0x24, 0x24, 0x0C, 0x24, 0x30, 0x24, 0x18, 0x24, 0x18, 0x24, 0x18, 0x24, 0x08, 0x24
	.byte 0x08, 0x24, 0x08, 0x24, 0x24, 0x24, 0x0C, 0x24, 0x30, 0x24, 0x30, 0x24, 0x18, 0x24, 0x18, 0x24
	.byte 0x24, 0x24, 0x0C, 0x24, 0x30, 0x24, 0x18, 0x24, 0x18, 0x24, 0x18, 0x24, 0x08, 0x24, 0x08, 0x24
	.byte 0x08, 0x24, 0x24, 0x24, 0x0C, 0x24, 0x30, 0x24, 0x30, 0x24, 0x18, 0x24, 0x18, 0x24, 0x24, 0x24
	.byte 0x0C, 0x24, 0x30, 0x24, 0x18, 0x24, 0x18, 0x24, 0x18, 0x24, 0x08, 0x24, 0x08, 0x24, 0x08, 0x24
	.byte 0x24, 0x24, 0x0C, 0x24, 0x30, 0x24, 0x30, 0x24, 0x18, 0x24, 0x18, 0x24, 0x24, 0x24, 0x0C, 0x24
	.byte 0x30, 0x24, 0x18, 0x24, 0x18, 0x24, 0x18, 0x24, 0x08, 0x24, 0x08, 0x24, 0x08, 0x24, 0x24, 0x24
	.byte 0x0C, 0x24, 0x30, 0x24, 0x30, 0x24, 0x18, 0x24, 0x18, 0x24, 0x24, 0x24, 0x0C, 0x24, 0x30, 0x24
	.byte 0x18, 0x24, 0x18, 0x24, 0x18, 0x24, 0x08, 0x24, 0x08, 0x24, 0x08, 0x24, 0x24, 0x24, 0x0C, 0x24
	.byte 0x30, 0x24, 0x30, 0x24, 0x18, 0x24, 0x18, 0x24, 0x30, 0x24, 0x30, 0x24, 0x30, 0x24, 0x18, 0x24
	.byte 0x18, 0x24, 0xF8, 0xB1, 0xFE, 0xFF, 0xF9, 0x7B, 0xF6, 0x01, 0xF0, 0x00, 0xF2, 0x7F, 0xF1, 0x64
	.byte 0x0C, 0x29, 0x18, 0x29, 0x0C, 0x29, 0x18, 0x29, 0x0C, 0x29, 0x18, 0x29, 0x0C, 0x29, 0x18, 0x29
	.byte 0x18, 0x29, 0xF1, 0x3C, 0x0C, 0x34, 0xF1, 0x64, 0x0C, 0x29, 0x0C, 0x29, 0x18, 0x29, 0xF1, 0x3C
	.byte 0x0C, 0x34, 0xF1, 0x64, 0x18, 0x29, 0x0C, 0x29, 0x18, 0x29, 0x0C, 0x29, 0xF1, 0x3C, 0x18, 0x34
	.byte 0xF1, 0x64, 0x18, 0x29, 0xF1, 0x3C, 0x0C, 0x34, 0x0B, 0x34, 0xF6, 0x01, 0xF1, 0x64, 0x0C, 0x29
	.byte 0x18, 0x29, 0x0C, 0x29, 0x18, 0x29, 0x0C, 0x29, 0x18, 0x29, 0x0C, 0x29, 0x18, 0x29, 0x18, 0x29
	.byte 0xF1, 0x3C, 0x0C, 0x34, 0xF1, 0x64, 0x0C, 0x29, 0x0C, 0x29, 0x18, 0x29, 0xF1, 0x3C, 0x0C, 0x34
	.byte 0xF1, 0x64, 0x18, 0x29, 0x0C, 0x29, 0x18, 0x29, 0x0C, 0x29, 0xF1, 0x3C, 0x18, 0x34, 0xF1, 0x64
	.byte 0x18, 0x29, 0xF1, 0x3C, 0x0C, 0x34, 0x0C, 0x34, 0xF1, 0x64, 0x0C, 0x29, 0x18, 0x29, 0x0C, 0x29
	.byte 0x18, 0x29, 0x0C, 0x29, 0x18, 0x29, 0x0C, 0x29, 0x18, 0x29, 0x18, 0x29, 0xF1, 0x3C, 0x0C, 0x34
	.byte 0xF1, 0x64, 0x0C, 0x29, 0x0C, 0x29, 0x18, 0x29, 0xF1, 0x3C, 0x0C, 0x34, 0xF1, 0x64, 0x18, 0x29
	.byte 0x0C, 0x29, 0x18, 0x29, 0x0C, 0x29, 0xF1, 0x3C, 0x18, 0x34, 0xF1, 0x64, 0x18, 0x29, 0xF1, 0x3C
	.byte 0x0C, 0x34, 0x0C, 0x34, 0xF1, 0x64, 0x0C, 0x29, 0x18, 0x29, 0x0C, 0x29, 0x18, 0x29, 0x0C, 0x29
	.byte 0x18, 0x29, 0x0C, 0x29, 0x18, 0x29, 0x18, 0x29, 0xF1, 0x3C, 0x0C, 0x34, 0xF1, 0x64, 0x0C, 0x29
	.byte 0x0C, 0x29, 0x18, 0x29, 0xF1, 0x3C, 0x0C, 0x34, 0xF1, 0x64, 0x18, 0x29, 0x0C, 0x29, 0x18, 0x29
	.byte 0x0C, 0x29, 0xF1, 0x3C, 0x18, 0x34, 0xF1, 0x64, 0x18, 0x29, 0xF1, 0x3C, 0x0C, 0x34, 0x0C, 0x34
	.byte 0xF1, 0x64, 0x0C, 0x29, 0x18, 0x29, 0x0C, 0x29, 0x18, 0x29, 0x0C, 0x29, 0x18, 0x29, 0x0C, 0x29
	.byte 0x18, 0x29, 0x18, 0x29, 0xF1, 0x3C, 0x0C, 0x34, 0xF1, 0x64, 0x0C, 0x29, 0x0C, 0x29, 0x18, 0x29
	.byte 0xF1, 0x3C, 0x0C, 0x34, 0xF1, 0x64, 0x18, 0x29, 0x0C, 0x29, 0x18, 0x29, 0x0C, 0x29, 0xF1, 0x3C
	.byte 0x18, 0x34, 0xF1, 0x64, 0x18, 0x29, 0xF1, 0x3C, 0x0C, 0x34, 0x0C, 0x34, 0xF1, 0x64, 0x0C, 0x29
	.byte 0x18, 0x29, 0x0C, 0x29, 0x18, 0x29, 0x0C, 0x29, 0x18, 0x29, 0x0C, 0x29, 0x18, 0x29, 0x18, 0x29
	.byte 0xF1, 0x3C, 0x0C, 0x34, 0xF1, 0x64, 0x0C, 0x29, 0x0C, 0x29, 0x18, 0x29, 0xF1, 0x3C, 0x0C, 0x34
	.byte 0xF1, 0x64, 0x18, 0x29, 0x0C, 0x29, 0x18, 0x29, 0x0C, 0x29, 0xF1, 0x3C, 0x18, 0x34, 0xF1, 0x64
	.byte 0x18, 0x29, 0xF1, 0x3C, 0x0C, 0x34, 0x0C, 0x34, 0xF1, 0x64, 0x0C, 0x29, 0x18, 0x29, 0x0C, 0x29
	.byte 0x18, 0x29, 0x0C, 0x29, 0x18, 0x29, 0x0C, 0x29, 0x18, 0x29, 0x18, 0x29, 0xF1, 0x3C, 0x0C, 0x34
	.byte 0xF1, 0x64, 0x0C, 0x29, 0x0C, 0x29, 0x18, 0x29, 0xF1, 0x3C, 0x0C, 0x34, 0xF1, 0x64, 0x18, 0x29
	.byte 0x0C, 0x29, 0x18, 0x29, 0x0C, 0x29, 0xF1, 0x3C, 0x18, 0x34, 0xF1, 0x64, 0x18, 0x29, 0xF1, 0x3C
	.byte 0x0C, 0x34, 0x0C, 0x34, 0xF1, 0x64, 0x0C, 0x29, 0x18, 0x29, 0x0C, 0x29, 0x18, 0x29, 0x0C, 0x29
	.byte 0x18, 0x29, 0x0C, 0x29, 0x18, 0x29, 0x18, 0x29, 0xF1, 0x3C, 0x0C, 0x34, 0xF1, 0x64, 0x0C, 0x29
	.byte 0x0C, 0x29, 0x18, 0x29, 0xF1, 0x3C, 0x0C, 0x34, 0xF1, 0x64, 0x18, 0x29, 0x0C, 0x29, 0x18, 0x29
	.byte 0x0C, 0x29, 0xF1, 0x3C, 0x18, 0x34, 0xF1, 0x64, 0x18, 0x29, 0xF1, 0x3C, 0x0C, 0x34, 0x0C, 0x34
	.byte 0xF1, 0x64, 0x0C, 0x29, 0x18, 0x29, 0x0C, 0x29, 0x18, 0x29, 0x0C, 0x29, 0x18, 0x29, 0x0C, 0x29
	.byte 0x18, 0x29, 0x18, 0x29, 0xF1, 0x3C, 0x0C, 0x34, 0xF1, 0x64, 0x0C, 0x29, 0x0C, 0x29, 0x18, 0x29
	.byte 0xF1, 0x3C, 0x0C, 0x34, 0xF1, 0x64, 0x18, 0x29, 0x0C, 0x29, 0x18, 0x29, 0x0C, 0x29, 0xF1, 0x3C
	.byte 0x18, 0x34, 0xF1, 0x64, 0x18, 0x29, 0xF1, 0x3C, 0x0C, 0x34, 0x0C, 0x34, 0xF6, 0xA8, 0xF1, 0x3C
	.byte 0x0C, 0x34, 0xF1, 0x64, 0x0C, 0x29, 0xF6, 0x24, 0xF1, 0x3C, 0x0C, 0x34, 0xF6, 0x48, 0x18, 0x34
	.byte 0xF6, 0x18, 0x0C, 0x34, 0x0C, 0x34, 0xF1, 0x64, 0x0C, 0x29, 0x18, 0x29, 0x0C, 0x29, 0x18, 0x29
	.byte 0xF6, 0x48, 0x18, 0x29, 0xF1, 0x3C, 0x0C, 0x34, 0xF1, 0x64, 0x0C, 0x29, 0x0C, 0x29, 0x18, 0x29
	.byte 0xF1, 0x3C, 0x0C, 0x34, 0xF1, 0x64, 0x18, 0x29, 0xF6, 0x30, 0xF1, 0x3C, 0x18, 0x34, 0xF1, 0x64
	.byte 0x18, 0x29, 0xF1, 0x3C, 0x0C, 0x34, 0x0C, 0x34, 0xF6, 0xA8, 0x0C, 0x34, 0xF1, 0x64, 0x0C, 0x29
	.byte 0xF6, 0x24, 0xF1, 0x3C, 0x0C, 0x34, 0xF6, 0x48, 0x18, 0x34, 0xF6, 0x18, 0x0C, 0x34, 0x0C, 0x34
	.byte 0xF1, 0x64, 0x0C, 0x29, 0x18, 0x29, 0x0C, 0x29, 0x18, 0x29, 0xF6, 0x48, 0x18, 0x29, 0xF1, 0x3C
	.byte 0x0C, 0x34, 0xF1, 0x64, 0x0C, 0x29, 0x0C, 0x29, 0x18, 0x29, 0xF1, 0x3C, 0x0C, 0x34, 0xF1, 0x64
	.byte 0x18, 0x29, 0xF6, 0x30, 0xF1, 0x3C, 0x18, 0x34, 0xF1, 0x64, 0x18, 0x29, 0xF1, 0x3C, 0x0C, 0x34
	.byte 0x0C, 0x34, 0xF6, 0xA8, 0x0C, 0x34, 0xF1, 0x64, 0x0C, 0x29, 0xF6, 0x24, 0xF1, 0x3C, 0x0C, 0x34
	.byte 0xF6, 0x48, 0x18, 0x34, 0xF6, 0x18, 0x0C, 0x34, 0x0C, 0x34, 0xF1, 0x64, 0x0C, 0x29, 0x18, 0x29
	.byte 0x0C, 0x29, 0x18, 0x29, 0xF6, 0x48, 0x18, 0x29, 0xF1, 0x3C, 0x0C, 0x34, 0xF1, 0x64, 0x0C, 0x29
	.byte 0x0C, 0x29, 0x18, 0x29, 0xF1, 0x3C, 0x0C, 0x34, 0xF1, 0x64, 0x18, 0x29, 0xF6, 0x30, 0xF1, 0x3C
	.byte 0x18, 0x34, 0xF1, 0x64, 0x18, 0x29, 0xF1, 0x3C, 0x0C, 0x34, 0x0B, 0x34, 0xF8, 0x3B, 0xFD, 0xFF
	.byte 0xF9, 0x7B, 0xF6, 0xC0, 0xF6, 0xC0, 0xF6, 0xC0, 0xF6, 0xC0, 0xF6, 0xC0, 0xF6, 0xC0, 0xF6, 0xC0
	.byte 0xF6, 0xC0, 0xF6, 0xC0, 0xF6, 0xC0, 0xF0, 0xC5, 0xF2, 0x8C, 0xF1, 0x50, 0x60, 0x18, 0x60, 0x19
	.byte 0x90, 0x1E, 0x30, 0x22, 0x00, 0xA1, 0xC0, 0xC0, 0x21, 0x90, 0x24, 0x30, 0x1D, 0x60, 0x1E, 0x60
	.byte 0x22, 0x00, 0xA1, 0xC0, 0xC0, 0x21, 0xF1, 0x28, 0x18, 0x21, 0xF1, 0x14, 0x18, 0x21, 0xF6, 0x90
	.byte 0xF6, 0xC0, 0xF6, 0xC0, 0xF6, 0xC0, 0xF6, 0xC0, 0xF6, 0xC0, 0xF6, 0xC0, 0xF6, 0xC0, 0xF6, 0xC0
	.byte 0xF6, 0xC0, 0xF6, 0xC0, 0xF6, 0xC0, 0xF8, 0xAD, 0xFF, 0xFF, 0xF9, 0x7B, 0xF6, 0xC0, 0xF6, 0xC0
	.byte 0xF6, 0xC0, 0xF6, 0xC0, 0xF6, 0xC0, 0xF6, 0xC0, 0xF6, 0xC0, 0xF6, 0xC0, 0xF6, 0xC0, 0xF6, 0xC0
	.byte 0xF6, 0x01, 0xF0, 0xC5, 0xF2, 0x6E, 0xF1, 0x64, 0x60, 0x24, 0x60, 0x25, 0x90, 0x2A, 0x30, 0x2E
	.byte 0x00, 0xAD, 0xC0, 0xC0, 0x2D, 0x90, 0x30, 0x30, 0x29, 0x60, 0x2A, 0x60, 0x2E, 0x00, 0xAD, 0xC0
	.byte 0xC0, 0x2D, 0xF1, 0x28, 0x18, 0x2D, 0xF1, 0x14, 0x18, 0x2D, 0xF6, 0x8F, 0xF6, 0xC0, 0xF6, 0xC0
	.byte 0xF6, 0xC0, 0xF6, 0xC0, 0xF6, 0xC0, 0xF6, 0xC0, 0xF6, 0xC0, 0xF6, 0xC0, 0xF6, 0xC0, 0xF6, 0xC0
	.byte 0xF6, 0xC0, 0xF8, 0xAB, 0xFF, 0xFF, 0x00, 0x00, 0xFC, 0x03, 0x12, 0x00, 0x09, 0x03, 0x2E, 0x05
	.byte 0x3B, 0x08, 0xD3, 0x08, 0x3F, 0x0B, 0x8B, 0x0B, 0x94, 0x0E, 0xF9, 0x7E, 0xF6, 0x01, 0xF0, 0x09
	.byte 0xF2, 0x6E, 0xF1, 0x50, 0x00, 0xCC, 0x18, 0xF1, 0x28, 0x18, 0x4C, 0xF1, 0x50, 0x00, 0xCC, 0x0C
	.byte 0xF1, 0x28, 0x18, 0x4C, 0xF1, 0x50, 0x0C, 0x4C, 0x00, 0xCD, 0x60, 0xF1, 0x28, 0x00, 0xCD, 0x18
	.byte 0xF1, 0x14, 0x18, 0x4D, 0xF1, 0x50, 0x00, 0xCA, 0x0C, 0xF1, 0x28, 0x18, 0x4A, 0xF1, 0x50, 0x0C
	.byte 0x4D, 0x30, 0x4C, 0x00, 0xCA, 0x0C, 0xF1, 0x28, 0x18, 0x4A, 0xF1, 0x50, 0x0C, 0x48, 0x00, 0xCA
	.byte 0x0C, 0xF1, 0x28, 0x18, 0x4A, 0xF1, 0x50, 0x0C, 0x4F, 0x00, 0xCF, 0x90, 0x00, 0xCF, 0x90, 0xF1
	.byte 0x28, 0x00, 0xCF, 0x18, 0xF1, 0x14, 0x0C, 0x4F, 0xF0, 0x49, 0xF2, 0x78, 0xF1, 0x78, 0x00, 0xC3
	.byte 0x08, 0xF1, 0x28, 0x03, 0x43, 0xF1, 0x78, 0x00, 0xC8, 0x40, 0xF1, 0x28, 0x08, 0x48, 0xF1, 0x78
	.byte 0x0C, 0x47, 0x0C, 0x48, 0x00, 0xCA, 0x12, 0xF1, 0x28, 0x06, 0x4A, 0xF1, 0x78, 0x0C, 0x48, 0x0C
	.byte 0x4A, 0x00, 0xCC, 0x12, 0xF1, 0x28, 0x06, 0x4C, 0xF1, 0x78, 0x0C, 0x4A, 0x0C, 0x4C, 0x18, 0x4D
	.byte 0x0C, 0x4C, 0x0C, 0x4A, 0x00, 0xC8, 0x6C, 0xF1, 0x28, 0x00, 0xC8, 0x0C, 0xF1, 0x14, 0x0C, 0x48
	.byte 0xF1, 0x78, 0x00, 0xC8, 0x08, 0xF1, 0x28, 0x04, 0x48, 0xF1, 0x78, 0x18, 0x4D, 0x0C, 0x4C, 0x0C
	.byte 0x4A, 0x00, 0xC8, 0x40, 0xF1, 0x28, 0x08, 0x48, 0xF1, 0x78, 0x00, 0xC8, 0x0C, 0xF1, 0x28, 0x0C
	.byte 0x48, 0xF1, 0x78, 0x10, 0x4A, 0x00, 0xC8, 0x0C, 0xF1, 0x28, 0x04, 0x48, 0xF1, 0x78, 0x00, 0xCA
	.byte 0x0C, 0xF1, 0x28, 0x04, 0x4A, 0xF1, 0x78, 0x00, 0xCC, 0x0C, 0xF1, 0x28, 0x04, 0x4C, 0xF1, 0x78
	.byte 0x10, 0x4C, 0x00, 0xC8, 0x0C, 0xF1, 0x28, 0x04, 0x48, 0xF1, 0x78, 0x00, 0xCF, 0x78, 0xF1, 0x28
	.byte 0x0C, 0x4F, 0xF1, 0x78, 0x00, 0xC3, 0x08, 0xF1, 0x28, 0x04, 0x43, 0xF1, 0x78, 0x00, 0xC8, 0x42
	.byte 0xF1, 0x28, 0x06, 0x48, 0xF1, 0x78, 0x0C, 0x47, 0x0C, 0x48, 0x00, 0xCA, 0x12, 0xF1, 0x28, 0x06
	.byte 0x48, 0xF1, 0x78, 0x0C, 0x48, 0x0C, 0x4A, 0x00, 0xCC, 0x12, 0xF1, 0x28, 0x06, 0x4C, 0xF1, 0x78
	.byte 0x0C, 0x4A, 0x0C, 0x4C, 0x18, 0x4D, 0x0C, 0x4C, 0x0C, 0x4A, 0x00, 0xC8, 0x6C, 0xF1, 0x28, 0x00
	.byte 0xC8, 0x0C, 0xF1, 0x14, 0x0C, 0x48, 0xF1, 0x78, 0x00, 0xC8, 0x08, 0xF1, 0x28, 0x04, 0x48, 0xF1
	.byte 0x78, 0x18, 0x4D, 0x0C, 0x4C, 0x0C, 0x4A, 0x00, 0xC8, 0x40, 0xF1, 0x28, 0x08, 0x48, 0xF1, 0x78
	.byte 0x00, 0xC8, 0x0C, 0xF1, 0x28, 0x0C, 0x48, 0xF1, 0x78, 0x10, 0x4A, 0x00, 0xC8, 0x0C, 0xF1, 0x28
	.byte 0x04, 0x48, 0xF1, 0x78, 0x00, 0xCA, 0x0C, 0xF1, 0x28, 0x04, 0x4A, 0xF1, 0x78, 0x00, 0xC8, 0x9C
	.byte 0xF1, 0x28, 0x00, 0xC8, 0x0C, 0xF1, 0x28, 0x0C, 0x48, 0xF1, 0x78, 0x00, 0xC8, 0x08, 0xF1, 0x28
	.byte 0x04, 0x48, 0xF1, 0x78, 0x00, 0xD1, 0x3C, 0xF1, 0x28, 0x0C, 0x51, 0xF1, 0x78, 0x00, 0xD1, 0x08
	.byte 0xF1, 0x28, 0x04, 0x51, 0xF1, 0x78, 0x00, 0xD1, 0x08, 0xF1, 0x28, 0x04, 0x51, 0xF1, 0x78, 0x00
	.byte 0xD1, 0x0C, 0xF1, 0x28, 0x0C, 0x51, 0xF1, 0x78, 0x18, 0x51, 0x00, 0xD3, 0x12, 0xF1, 0x28, 0x06
	.byte 0x53, 0xF1, 0x78, 0x00, 0xD1, 0x12, 0xF1, 0x28, 0x06, 0x51, 0xF1, 0x78, 0x00, 0xCF, 0x24, 0xF1
	.byte 0x28, 0x0C, 0x4F, 0xF1, 0x78, 0x30, 0x53, 0x00, 0xD4, 0x24, 0xF1, 0x28, 0x0C, 0x54, 0xF1, 0x78
	.byte 0x00, 0xCF, 0x24, 0xF1, 0x28, 0x0C, 0x4F, 0xF1, 0x78, 0x00, 0xCD, 0x3C, 0xF1, 0x28, 0x0C, 0x4D
	.byte 0xF1, 0x78, 0x00, 0xCD, 0x08, 0xF1, 0x28, 0x04, 0x4D, 0xF1, 0x78, 0x00, 0xCD, 0x08, 0xF1, 0x28
	.byte 0x04, 0x4D, 0xF1, 0x78, 0x00, 0xCD, 0x0C, 0xF1, 0x28, 0x0C, 0x4D, 0xF1, 0x78, 0x18, 0x4D, 0x00
	.byte 0xCF, 0x12, 0xF1, 0x28, 0x06, 0x4F, 0xF1, 0x78, 0x00, 0xD1, 0x12, 0xF1, 0x28, 0x06, 0x51, 0xF1
	.byte 0x78, 0x10, 0x4C, 0x00, 0xCB, 0x0C, 0xF1, 0x28, 0x04, 0x4B, 0xF1, 0x78, 0x00, 0xCC, 0x0C, 0xF1
	.byte 0x28, 0x04, 0x4C, 0xF1, 0x78, 0x10, 0x4D, 0x00, 0xCC, 0x0C, 0xF1, 0x28, 0x04, 0x4C, 0xF1, 0x78
	.byte 0x00, 0xCD, 0x0C, 0xF1, 0x28, 0x04, 0x4D, 0xF1, 0x78, 0x00, 0xCF, 0x18, 0xF1, 0x28, 0x00, 0xCF
	.byte 0x0C, 0xF1, 0x14, 0x0C, 0x4F, 0xF1, 0x78, 0x00, 0xC8, 0x0C, 0xF1, 0x28, 0x00, 0xC8, 0x0C, 0xF1
	.byte 0x14, 0x0C, 0x48, 0xF1, 0x78, 0x00, 0xC8, 0x08, 0xF1, 0x28, 0x04, 0x48, 0xF1, 0x78, 0x00, 0xD1
	.byte 0x3C, 0xF1, 0x28, 0x0C, 0x51, 0xF1, 0x78, 0x00, 0xD1, 0x08, 0xF1, 0x28, 0x04, 0x51, 0xF1, 0x78
	.byte 0x00, 0xD1, 0x08, 0xF1, 0x28, 0x04, 0x51, 0xF1, 0x78, 0x00, 0xD1, 0x0C, 0xF1, 0x28, 0x0C, 0x51
	.byte 0xF1, 0x78, 0x18, 0x51, 0x00, 0xD3, 0x12, 0xF1, 0x28, 0x06, 0x53, 0xF1, 0x78, 0x00, 0xD1, 0x12
	.byte 0xF1, 0x28, 0x06, 0x51, 0xF1, 0x78, 0x00, 0xCF, 0x24, 0xF1, 0x28, 0x0C, 0x4F, 0xF1, 0x78, 0x30
	.byte 0x53, 0x00, 0xD4, 0x24, 0xF1, 0x28, 0x0C, 0x54, 0xF1, 0x78, 0x00, 0xCF, 0x24, 0xF1, 0x28, 0x0C
	.byte 0x4F, 0xF1, 0x78, 0x00, 0xCE, 0x24, 0xF1, 0x28, 0x0C, 0x4E, 0xF1, 0x78, 0x30, 0x51, 0x00, 0xD3
	.byte 0x24, 0xF1, 0x28, 0x0C, 0x53, 0xF1, 0x78, 0x00, 0xD4, 0x24, 0xF1, 0x28, 0x0C, 0x54, 0xF1, 0x78
	.byte 0x00, 0xD3, 0x24, 0xF1, 0x28, 0x0C, 0x53, 0xF1, 0x78, 0x30, 0x51, 0x00, 0xCF, 0x24, 0xF1, 0x28
	.byte 0x0C, 0x4F, 0xF1, 0x78, 0x00, 0xCD, 0x24, 0xF1, 0x28, 0x0C, 0x4D, 0xF1, 0x78, 0xF8, 0x75, 0xFD
	.byte 0xFF, 0xF9, 0x7E, 0xF0, 0x09, 0xF2, 0x82, 0xF1, 0x50, 0x00, 0xC8, 0x18, 0xF1, 0x28, 0x18, 0x48
	.byte 0xF1, 0x50, 0x00, 0xC8, 0x0C, 0xF1, 0x28, 0x18, 0x48, 0xF1, 0x50, 0x0C, 0x48, 0x00, 0xCA, 0x60
	.byte 0xF1, 0x28, 0x00, 0xCA, 0x18, 0xF1, 0x14, 0x18, 0x4A, 0xF1, 0x50, 0x00, 0xC5, 0x0C, 0xF1, 0x28
	.byte 0x18, 0x45, 0xF1, 0x50, 0x0C, 0x4A, 0x30, 0x48, 0x00, 0xC7, 0x0C, 0xF1, 0x28, 0x18, 0x47, 0xF1
	.byte 0x50, 0x0C, 0x43, 0x00, 0xC7, 0x0C, 0xF1, 0x28, 0x18, 0x47, 0xF1, 0x50, 0x0C, 0x4A, 0x00, 0xCA
	.byte 0x90, 0x00, 0xCA, 0x90, 0xF1, 0x28, 0x00, 0xCA, 0x18, 0xF1, 0x14, 0x18, 0x4A, 0xF1, 0x50, 0xF0
	.byte 0x09, 0xF2, 0x6E, 0xF1, 0x50, 0x00, 0xBC, 0x08, 0xF1, 0x28, 0x08, 0x3C, 0xF1, 0x50, 0xF6, 0x08
	.byte 0x00, 0xBC, 0x0C, 0xF1, 0x28, 0x0C, 0x3C, 0xF1, 0x50, 0xF6, 0x18, 0x0C, 0x3C, 0xF1, 0x28, 0x0C
	.byte 0x3C, 0xF1, 0x50, 0xF6, 0x18, 0x0C, 0x3B, 0xF1, 0x28, 0x0C, 0x3B, 0xF1, 0x50, 0xF6, 0x18, 0x00
	.byte 0xBA, 0x0C, 0xF1, 0x28, 0x0C, 0x3A, 0xF1, 0x50, 0xF6, 0x18, 0x00, 0xB9, 0x0C, 0xF1, 0x28, 0x0C
	.byte 0x39, 0xF1, 0x50, 0xF6, 0x18, 0x00, 0xB9, 0x0C, 0xF1, 0x28, 0x0C, 0x39, 0xF1, 0x50, 0xF6, 0x18
	.byte 0x00, 0xBC, 0x0C, 0xF1, 0x28, 0x0C, 0x3C, 0xF1, 0x50, 0xF6, 0x18, 0x00, 0xC1, 0x0C, 0xF1, 0x28
	.byte 0x0C, 0x41, 0xF1, 0x50, 0xF6, 0x18, 0x00, 0xBC, 0x0C, 0xF1, 0x28, 0x0C, 0x3C, 0xF1, 0x50, 0xF6
	.byte 0x18, 0x00, 0xBC, 0x0C, 0xF1, 0x28, 0x0C, 0x3C, 0xF1, 0x50, 0xF6, 0x18, 0x00, 0xBB, 0x0C, 0xF1
	.byte 0x28, 0x0C, 0x3B, 0xF1, 0x50, 0xF6, 0x18, 0x00, 0xBB, 0x0C, 0xF1, 0x28, 0x0C, 0x3B, 0xF1, 0x50
	.byte 0x00, 0xBC, 0x08, 0xF1, 0x28, 0x10, 0x3C, 0xF1, 0x50, 0x00, 0xBC, 0x0C, 0xF1, 0x28, 0x0C, 0x3C
	.byte 0xF1, 0x50, 0xF6, 0x18, 0x00, 0xBC, 0x0C, 0xF1, 0x28, 0x0C, 0x3C, 0xF1, 0x50, 0xF6, 0x18, 0x00
	.byte 0xBC, 0x0C, 0xF1, 0x28, 0x0C, 0x3C, 0xF1, 0x50, 0xF6, 0x18, 0x00, 0xBE, 0x0C, 0xF1, 0x28, 0x0C
	.byte 0x3E, 0xF1, 0x50, 0x00, 0xBC, 0x08, 0xF1, 0x28, 0x10, 0x3C, 0xF1, 0x50, 0x00, 0xBC, 0x0C, 0xF1
	.byte 0x28, 0x0C, 0x3C, 0xF1, 0x50, 0xF6, 0x18, 0x00, 0xBC, 0x0C, 0xF1, 0x28, 0x0C, 0x3C, 0xF1, 0x50
	.byte 0xF6, 0x18, 0x00, 0xBB, 0x0C, 0xF1, 0x28, 0x0C, 0x3B, 0xF1, 0x50, 0xF6, 0x18, 0x00, 0xBA, 0x0C
	.byte 0xF1, 0x28, 0x0C, 0x3A, 0xF1, 0x50, 0xF6, 0x18, 0x00, 0xB9, 0x0C, 0xF1, 0x28, 0x0C, 0x39, 0xF1
	.byte 0x50, 0xF6, 0x18, 0x00, 0xB9, 0x0C, 0xF1, 0x28, 0x0C, 0x39, 0xF1, 0x50, 0xF6, 0x18, 0x00, 0xBC
	.byte 0x0C, 0xF1, 0x28, 0x0C, 0x3C, 0xF1, 0x50, 0xF6, 0x18, 0x00, 0xC1, 0x0C, 0xF1, 0x28, 0x0C, 0x41
	.byte 0xF1, 0x50, 0xF6, 0x18, 0x00, 0xBC, 0x0C, 0xF1, 0x28, 0x0C, 0x3C, 0xF1, 0x50, 0xF6, 0x18, 0x0C
	.byte 0x3C, 0xF1, 0x28, 0x0C, 0x3C, 0xF1, 0x50, 0xF6, 0x18, 0x00, 0xBB, 0x0C, 0xF1, 0x28, 0x0C, 0x3B
	.byte 0xF1, 0x50, 0xF6, 0x18, 0x00, 0xBB, 0x0C, 0xF1, 0x28, 0x0C, 0x3B, 0xF1, 0x50, 0x00, 0xBC, 0x08
	.byte 0xF1, 0x28, 0x10, 0x3C, 0xF1, 0x50, 0x00, 0xBC, 0x0C, 0xF1, 0x28, 0x0C, 0x3C, 0xF1, 0x50, 0xF6
	.byte 0x18, 0x00, 0xBC, 0x0C, 0xF1, 0x28, 0x0C, 0x3C, 0xF1, 0x50, 0xF6, 0x18, 0x00, 0xBC, 0x0C, 0xF1
	.byte 0x28, 0x0C, 0x3C, 0xF1, 0x50, 0xF6, 0x18, 0x00, 0xBC, 0x0C, 0xF1, 0x28, 0x0C, 0x3C, 0xF1, 0x50
	.byte 0xF6, 0x78, 0xF0, 0x31, 0xF2, 0x50, 0xF1, 0x8C, 0x18, 0x39, 0x18, 0x3C, 0x18, 0x41, 0x60, 0x40
	.byte 0x30, 0x3C, 0x30, 0x43, 0x78, 0x3E, 0x18, 0x3E, 0x18, 0x40, 0x18, 0x41, 0x60, 0x40, 0x00, 0xBC
	.byte 0x60, 0xF1, 0x3C, 0x00, 0xBC, 0x18, 0xF1, 0x1E, 0x18, 0x3C, 0xF1, 0x8C, 0xF6, 0x48, 0x18, 0x39
	.byte 0x18, 0x3C, 0x18, 0x41, 0x60, 0x40, 0x30, 0x3C, 0x30, 0x43, 0x60, 0x45, 0x60, 0x42, 0x60, 0x43
	.byte 0x60, 0x3E, 0xF8, 0x3A, 0xFE, 0xFF, 0xF9, 0x7E, 0xF0, 0x09, 0xF1, 0x8C, 0x00, 0xA4, 0x84, 0xF1
	.byte 0x3C, 0x0C, 0x24, 0xF1, 0x8C, 0x00, 0xA4, 0x12, 0xF1, 0x3C, 0x12, 0x24, 0xF1, 0x8C, 0x0C, 0x24
	.byte 0x60, 0x24, 0x00, 0xA4, 0x0C, 0xF1, 0x3C, 0x04, 0x24, 0xF1, 0x8C, 0x00, 0xA4, 0x0C, 0xF1, 0x3C
	.byte 0x04, 0x24, 0xF1, 0x8C, 0x00, 0xA4, 0x0C, 0xF1, 0x3C, 0x04, 0x24, 0xF1, 0x8C, 0x30, 0x24, 0x00
	.byte 0x9F, 0xC0, 0x00, 0x9F, 0x90, 0xF1, 0x3C, 0x00, 0x9F, 0x18, 0xF1, 0x1E, 0x18, 0x1F, 0xF0, 0x17
	.byte 0xF1, 0xB4, 0x00, 0xBC, 0x10, 0xF1, 0x3C, 0x10, 0x3C, 0xF1, 0xB4, 0xF6, 0x10, 0x00, 0xBC, 0x10
	.byte 0xF1, 0x3C, 0x10, 0x3C, 0xF1, 0xB4, 0xF6, 0x10, 0x00, 0xBB, 0x10, 0xF1, 0x3C, 0x10, 0x3B, 0xF1
	.byte 0xB4, 0xF6, 0x10, 0x00, 0xBA, 0x10, 0xF1, 0x3C, 0x10, 0x3A, 0xF1, 0xB4, 0xF6, 0x10, 0x00, 0xB9
	.byte 0x10, 0xF1, 0x3C, 0x10, 0x39, 0xF1, 0xB4, 0xF6, 0x10, 0x00, 0xB9, 0x10, 0xF1, 0x3C, 0x10, 0x39
	.byte 0xF1, 0xB4, 0xF6, 0x10, 0x00, 0xB9, 0x10, 0xF1, 0x3C, 0x10, 0x39, 0xF1, 0xB4, 0xF6, 0x10, 0x00
	.byte 0xB9, 0x10, 0xF1, 0x3C, 0x10, 0x39, 0xF1, 0xB4, 0xF6, 0x10, 0x10, 0x38, 0xF1, 0x3C, 0x10, 0x38
	.byte 0xF1, 0xB4, 0xF6, 0x10, 0x10, 0x38, 0xF1, 0x3C, 0x10, 0x38, 0xF1, 0xB4, 0xF6, 0x10, 0x10, 0x38
	.byte 0xF1, 0x3C, 0x10, 0x38, 0xF1, 0xB4, 0xF6, 0x10, 0x00, 0xB7, 0x10, 0xF1, 0x3C, 0x10, 0x37, 0xF1
	.byte 0xB4, 0xF6, 0x10, 0x00, 0xBC, 0x10, 0xF1, 0x3C, 0x10, 0x3C, 0xF1, 0xB4, 0xF6, 0x10, 0x00, 0xB7
	.byte 0x10, 0xF1, 0x3C, 0x10, 0x37, 0xF1, 0xB4, 0xF6, 0x10, 0x00, 0xB9, 0x10, 0xF1, 0x3C, 0x10, 0x39
	.byte 0xF1, 0xB4, 0xF6, 0x10, 0x00, 0xBB, 0x10, 0xF1, 0x3C, 0x10, 0x3B, 0xF1, 0xB4, 0xF6, 0x10, 0x00
	.byte 0xBC, 0x10, 0xF1, 0x3C, 0x10, 0x3C, 0xF1, 0xB4, 0xF6, 0x10, 0x00, 0xBC, 0x10, 0xF1, 0x3C, 0x10
	.byte 0x3C, 0xF1, 0xB4, 0xF6, 0x10, 0x00, 0xBB, 0x10, 0xF1, 0x3C, 0x10, 0x3B, 0xF1, 0xB4, 0xF6, 0x10
	.byte 0x00, 0xBA, 0x10, 0xF1, 0x3C, 0x10, 0x3A, 0xF1, 0xB4, 0xF6, 0x10, 0x00, 0xB9, 0x10, 0xF1, 0x3C
	.byte 0x10, 0x39, 0xF1, 0xB4, 0xF6, 0x10, 0x00, 0xB9, 0x10, 0xF1, 0x3C, 0x10, 0x39, 0xF1, 0xB4, 0xF6
	.byte 0x10, 0x00, 0xB9, 0x10, 0xF1, 0x3C, 0x10, 0x39, 0xF1, 0xB4, 0xF6, 0x10, 0x00, 0xB9, 0x10, 0xF1
	.byte 0x3C, 0x10, 0x39, 0xF1, 0xB4, 0xF6, 0x10, 0x00, 0xB8, 0x10, 0xF1, 0x3C, 0x10, 0x38, 0xF1, 0xB4
	.byte 0xF6, 0x10, 0x00, 0xB8, 0x10, 0xF1, 0x3C, 0x10, 0x38, 0xF1, 0xB4, 0xF6, 0x10, 0x00, 0xB7, 0x10
	.byte 0xF1, 0x3C, 0x10, 0x37, 0xF1, 0xB4, 0xF6, 0x10, 0x00, 0xB7, 0x10, 0xF1, 0x3C, 0x10, 0x37, 0xF1
	.byte 0xB4, 0xF6, 0x10, 0x00, 0xBC, 0x10, 0xF1, 0x3C, 0x10, 0x3C, 0xF1, 0xB4, 0xF6, 0x10, 0x00, 0xB7
	.byte 0x10, 0xF1, 0x3C, 0x10, 0x37, 0xF1, 0xB4, 0xF6, 0x10, 0x00, 0xBC, 0x10, 0xF1, 0x3C, 0x10, 0x3C
	.byte 0xF1, 0xB4, 0xF6, 0x10, 0x00, 0xBB, 0x10, 0xF1, 0x3C, 0x10, 0x3B, 0xF1, 0xB4, 0xF6, 0x10, 0x00
	.byte 0xC1, 0x10, 0xF1, 0x3C, 0x10, 0x41, 0xF1, 0xB4, 0xF6, 0x10, 0x00, 0xBC, 0x10, 0xF1, 0x3C, 0x10
	.byte 0x3C, 0xF1, 0xB4, 0xF6, 0x10, 0x00, 0xC1, 0x10, 0xF1, 0x3C, 0x10, 0x41, 0xF1, 0xB4, 0xF6, 0x10
	.byte 0x00, 0xBC, 0x10, 0xF1, 0x3C, 0x10, 0x3C, 0xF1, 0xB4, 0xF6, 0x10, 0x00, 0xC0, 0x10, 0xF1, 0x3C
	.byte 0x10, 0x40, 0xF1, 0xB4, 0xF6, 0x10, 0x00, 0xBC, 0x10, 0xF1, 0x3C, 0x10, 0x3C, 0xF1, 0xB4, 0xF6
	.byte 0x10, 0x00, 0xC0, 0x10, 0xF1, 0x3C, 0x10, 0x40, 0xF1, 0xB4, 0xF6, 0x10, 0x00, 0xBC, 0x10, 0xF1
	.byte 0x3C, 0x10, 0x3C, 0xF1, 0xB4, 0xF6, 0x10, 0x00, 0xBE, 0x10, 0xF1, 0x3C, 0x10, 0x3E, 0xF1, 0xB4
	.byte 0xF6, 0x10, 0x00, 0xB7, 0x10, 0xF1, 0x3C, 0x10, 0x37, 0xF1, 0xB4, 0xF6, 0x10, 0x00, 0xBE, 0x10
	.byte 0xF1, 0x3C, 0x10, 0x3E, 0xF1, 0xB4, 0xF6, 0x10, 0x00, 0xB7, 0x10, 0xF1, 0x3C, 0x10, 0x37, 0xF1
	.byte 0xB4, 0xF6, 0x10, 0x00, 0xBC, 0x10, 0xF1, 0x3C, 0x10, 0x3C, 0xF1, 0xB4, 0xF6, 0x10, 0x00, 0xB7
	.byte 0x10, 0xF1, 0x3C, 0x10, 0x37, 0xF1, 0xB4, 0xF6, 0x10, 0x00, 0xBC, 0x10, 0xF1, 0x3C, 0x10, 0x3C
	.byte 0xF1, 0xB4, 0xF6, 0x10, 0x00, 0xB7, 0x10, 0xF1, 0x3C, 0x10, 0x37, 0xF1, 0xB4, 0xF6, 0x10, 0x00
	.byte 0xC1, 0x10, 0xF1, 0x3C, 0x10, 0x3C, 0xF1, 0xB4, 0xF6, 0x10, 0x00, 0xBC, 0x10, 0xF1, 0x3C, 0x10
	.byte 0x3C, 0xF1, 0xB4, 0xF6, 0x10, 0x00, 0xC1, 0x10, 0xF1, 0x3C, 0x10, 0x3C, 0xF1, 0xB4, 0xF6, 0x10
	.byte 0x00, 0xBC, 0x10, 0xF1, 0x3C, 0x10, 0x3C, 0xF1, 0xB4, 0xF6, 0x10, 0x00, 0xC0, 0x10, 0xF1, 0x3C
	.byte 0x10, 0x40, 0xF1, 0xB4, 0xF6, 0x10, 0x00, 0xBC, 0x10, 0xF1, 0x3C, 0x10, 0x3C, 0xF1, 0xB4, 0xF6
	.byte 0x10, 0x00, 0xC0, 0x10, 0xF1, 0x3C, 0x10, 0x40, 0xF1, 0xB4, 0xF6, 0x10, 0x00, 0xBC, 0x10, 0xF1
	.byte 0x3C, 0x10, 0x3C, 0xF1, 0xB4, 0xF6, 0x10, 0x00, 0xBF, 0x10, 0xF1, 0x3C, 0x10, 0x3F, 0xF1, 0xB4
	.byte 0xF6, 0x10, 0x00, 0xBF, 0x10, 0xF1, 0x3C, 0x10, 0x3F, 0xF1, 0xB4, 0xF6, 0x10, 0x00, 0xC2, 0x10
	.byte 0xF1, 0x3C, 0x10, 0x42, 0xF1, 0xB4, 0xF6, 0x10, 0x00, 0xC2, 0x10, 0xF1, 0x3C, 0x10, 0x42, 0xF1
	.byte 0xB4, 0xF6, 0x10, 0x00, 0xC3, 0x10, 0xF1, 0x3C, 0x10, 0x43, 0xF1, 0xB4, 0xF6, 0x10, 0x00, 0xBE
	.byte 0x10, 0xF1, 0x3C, 0x10, 0x3E, 0xF1, 0xB4, 0xF6, 0x10, 0x00, 0xC3, 0x10, 0xF1, 0x3C, 0x10, 0x43
	.byte 0xF1, 0xB4, 0xF6, 0x10, 0x00, 0xB7, 0x10, 0xF1, 0x3C, 0x10, 0x37, 0xF1, 0xB4, 0xF6, 0x10, 0xF8
	.byte 0x3C, 0xFD, 0xFF, 0xF9, 0x7E, 0xF6, 0xC0, 0xF6, 0xC0, 0xF6, 0xC0, 0xF0, 0x00, 0xF1, 0xDC, 0x30
	.byte 0x24, 0x30, 0x24, 0x30, 0x24, 0x30, 0x24, 0x30, 0x24, 0x30, 0x24, 0x30, 0x24, 0x30, 0x24, 0x30
	.byte 0x24, 0x30, 0x24, 0x30, 0x24, 0x30, 0x24, 0x30, 0x24, 0x30, 0x24, 0x30, 0x24, 0x30, 0x24, 0x30
	.byte 0x24, 0x30, 0x24, 0x30, 0x24, 0x30, 0x24, 0x30, 0x24, 0x30, 0x24, 0x30, 0x24, 0x30, 0x24, 0x30
	.byte 0x24, 0x30, 0x24, 0x30, 0x24, 0x30, 0x24, 0x30, 0x24, 0x30, 0x24, 0x30, 0x24, 0x30, 0x24, 0x30
	.byte 0x24, 0x30, 0x24, 0x30, 0x24, 0x30, 0x24, 0x30, 0x24, 0x30, 0x24, 0x30, 0x24, 0x30, 0x24, 0x30
	.byte 0x24, 0x30, 0x24, 0x30, 0x24, 0x30, 0x24, 0x30, 0x24, 0x30, 0x24, 0x30, 0x24, 0x30, 0x24, 0x30
	.byte 0x24, 0x30, 0x24, 0x30, 0x24, 0x30, 0x24, 0x30, 0x24, 0x30, 0x24, 0x30, 0x24, 0x30, 0x24, 0x30
	.byte 0x24, 0x30, 0x24, 0x30, 0x24, 0x30, 0x24, 0x30, 0x24, 0x30, 0x24, 0x30, 0x24, 0x30, 0x24, 0x30
	.byte 0x24, 0x30, 0x24, 0x30, 0x24, 0x30, 0x24, 0xF8, 0x7D, 0xFF, 0xFF, 0xF9, 0x7E, 0xF6, 0x01, 0xF0
	.byte 0x00, 0xF2, 0x6E, 0xF1, 0x64, 0x18, 0x28, 0x0C, 0x28, 0x0C, 0x28, 0x06, 0x28, 0x06, 0x28, 0x0C
	.byte 0x28, 0x0C, 0x28, 0x0C, 0x28, 0xF1, 0x50, 0x06, 0x28, 0x06, 0x28, 0x06, 0x28, 0x06, 0x28, 0x06
	.byte 0x28, 0x06, 0x28, 0x06, 0x28, 0x06, 0x28, 0xF1, 0x64, 0x24, 0x28, 0xF1, 0x3C, 0x04, 0x28, 0x04
	.byte 0x28, 0x04, 0x28, 0xF1, 0x64, 0x0C, 0x28, 0x06, 0x28, 0x06, 0x28, 0x0C, 0x28, 0x0C, 0x28, 0x06
	.byte 0x28, 0x06, 0x28, 0x0C, 0x28, 0x0C, 0x28, 0x0C, 0x28, 0xF1, 0x50, 0x06, 0x28, 0x06, 0x28, 0x06
	.byte 0x28, 0x06, 0x28, 0x06, 0x28, 0x06, 0x28, 0x06, 0x28, 0x06, 0x28, 0xF1, 0x64, 0x24, 0x28, 0xF1
	.byte 0x3C, 0x04, 0x28, 0x04, 0x28, 0x04, 0x28, 0xF1, 0x64, 0x18, 0x28, 0x0C, 0x28, 0x0C, 0x28, 0x0C
	.byte 0x28, 0x06, 0x28, 0x06, 0x28, 0x0C, 0x28, 0x0C, 0x28, 0x18, 0x28, 0x0C, 0x28, 0x0C, 0x28, 0x18
	.byte 0x28, 0x0C, 0x28, 0x0C, 0x28, 0x18, 0x28, 0x0C, 0x28, 0x0C, 0x28, 0x0C, 0x28, 0x06, 0x28, 0x06
	.byte 0x28, 0x0C, 0x28, 0x0C, 0x28, 0x18, 0x28, 0x0C, 0x28, 0x0C, 0x28, 0x18, 0x28, 0x0C, 0x28, 0x0B
	.byte 0x28, 0xF6, 0x01, 0x18, 0x28, 0x0C, 0x28, 0x0C, 0x28, 0x0C, 0x28, 0x06, 0x28, 0x06, 0x28, 0x0C
	.byte 0x28, 0x0C, 0x28, 0x18, 0x28, 0x0C, 0x28, 0x0C, 0x28, 0x18, 0x28, 0x0C, 0x28, 0x0C, 0x28, 0x18
	.byte 0x28, 0x0C, 0x28, 0x0C, 0x28, 0x0C, 0x28, 0x06, 0x28, 0x06, 0x28, 0x0C, 0x28, 0x0C, 0x28, 0x18
	.byte 0x28, 0x0C, 0x28, 0x0C, 0x28, 0x18, 0x28, 0x0C, 0x28, 0x0C, 0x28, 0x18, 0x28, 0x0C, 0x28, 0x0C
	.byte 0x28, 0x0C, 0x28, 0x06, 0x28, 0x06, 0x28, 0x0C, 0x28, 0x0C, 0x28, 0x18, 0x28, 0x0C, 0x28, 0x0C
	.byte 0x28, 0x18, 0x28, 0x0C, 0x28, 0x0C, 0x28, 0x18, 0x28, 0x0C, 0x28, 0x0C, 0x28, 0x0C, 0x28, 0x06
	.byte 0x28, 0x06, 0x28, 0x0C, 0x28, 0x0C, 0x28, 0x18, 0x28, 0x0C, 0x28, 0x0C, 0x28, 0x18, 0x28, 0x0C
	.byte 0x28, 0x0C, 0x28, 0x18, 0x28, 0x0C, 0x28, 0x0C, 0x28, 0x0C, 0x28, 0x06, 0x28, 0x06, 0x28, 0x0C
	.byte 0x28, 0x0C, 0x28, 0x18, 0x28, 0x0C, 0x28, 0x0C, 0x28, 0x18, 0x28, 0x0C, 0x28, 0x0C, 0x28, 0x18
	.byte 0x28, 0x0C, 0x28, 0x0C, 0x28, 0x0C, 0x28, 0x06, 0x28, 0x06, 0x28, 0x0C, 0x28, 0x0C, 0x28, 0x18
	.byte 0x28, 0x0C, 0x28, 0x0C, 0x28, 0x18, 0x28, 0x0C, 0x28, 0x0C, 0x28, 0x18, 0x28, 0x0C, 0x28, 0x0C
	.byte 0x28, 0x0C, 0x28, 0x06, 0x28, 0x06, 0x28, 0x0C, 0x28, 0x0C, 0x28, 0x18, 0x28, 0x0C, 0x28, 0x0C
	.byte 0x28, 0x18, 0x28, 0x0C, 0x28, 0x0C, 0x28, 0x18, 0x28, 0x0C, 0x28, 0x0C, 0x28, 0x0C, 0x28, 0x06
	.byte 0x28, 0x06, 0x28, 0x0C, 0x28, 0x0C, 0x28, 0x18, 0x28, 0x0C, 0x28, 0x0C, 0x28, 0x18, 0x28, 0x0C
	.byte 0x28, 0x0C, 0x28, 0x18, 0x28, 0x0C, 0x28, 0x0C, 0x28, 0x0C, 0x28, 0x06, 0x28, 0x06, 0x28, 0x0C
	.byte 0x28, 0x0C, 0x28, 0x18, 0x28, 0x0C, 0x28, 0x0C, 0x28, 0x18, 0x28, 0x0C, 0x28, 0x0C, 0x28, 0x18
	.byte 0x28, 0x0C, 0x28, 0x0C, 0x28, 0x0C, 0x28, 0x06, 0x28, 0x06, 0x28, 0x0C, 0x28, 0x0C, 0x28, 0x18
	.byte 0x28, 0x0C, 0x28, 0x0C, 0x28, 0x18, 0x28, 0x0C, 0x28, 0x0C, 0x28, 0x18, 0x28, 0x0C, 0x28, 0x0C
	.byte 0x28, 0x0C, 0x28, 0x06, 0x28, 0x06, 0x28, 0x0C, 0x28, 0x0C, 0x28, 0x18, 0x28, 0x0C, 0x28, 0x0C
	.byte 0x28, 0x18, 0x28, 0x0C, 0x28, 0x0C, 0x28, 0x18, 0x28, 0x0C, 0x28, 0x0C, 0x28, 0x0C, 0x28, 0x06
	.byte 0x28, 0x06, 0x28, 0x0C, 0x28, 0x0C, 0x28, 0x18, 0x28, 0x0C, 0x28, 0x0C, 0x28, 0x18, 0x28, 0x0C
	.byte 0x28, 0x0C, 0x28, 0x18, 0x28, 0x0C, 0x28, 0x0C, 0x28, 0x0C, 0x28, 0x06, 0x28, 0x06, 0x28, 0x0C
	.byte 0x28, 0x0C, 0x28, 0x18, 0x28, 0x0C, 0x28, 0x0C, 0x28, 0x18, 0x28, 0x0C, 0x28, 0x0C, 0x28, 0x18
	.byte 0x28, 0x0C, 0x28, 0x0C, 0x28, 0x0C, 0x28, 0x06, 0x28, 0x06, 0x28, 0x0C, 0x28, 0x0C, 0x28, 0x18
	.byte 0x28, 0x0C, 0x28, 0x0C, 0x28, 0x18, 0x28, 0x0C, 0x28, 0x0C, 0x28, 0x18, 0x28, 0x0C, 0x28, 0x0C
	.byte 0x28, 0x0C, 0x28, 0x06, 0x28, 0x06, 0x28, 0x0C, 0x28, 0x0C, 0x28, 0x18, 0x28, 0x0C, 0x28, 0x0C
	.byte 0x28, 0x18, 0x28, 0x0C, 0x28, 0x0C, 0x28, 0x18, 0x28, 0x0C, 0x28, 0x0C, 0x28, 0x0C, 0x28, 0x06
	.byte 0x28, 0x06, 0x28, 0x0C, 0x28, 0x0C, 0x28, 0x18, 0x28, 0x0C, 0x28, 0x0C, 0x28, 0x18, 0x28, 0x0C
	.byte 0x28, 0x0B, 0x28, 0xF8, 0x3B, 0xFE, 0xFF, 0xF9, 0x7E, 0xF6, 0x01, 0xF0, 0x00, 0xF2, 0x96, 0xF1
	.byte 0x64, 0x60, 0x32, 0xF6, 0x30, 0x30, 0x32, 0x60, 0x32, 0xF6, 0x30, 0x30, 0x32, 0x60, 0x32, 0xF6
	.byte 0x60, 0xF6, 0xBF, 0xF6, 0x01, 0x60, 0x32, 0xF6, 0x60, 0xF6, 0xC0, 0xF6, 0xC0, 0xF6, 0xC0, 0xF6
	.byte 0xC0, 0xF6, 0xC0, 0xF6, 0xC0, 0xF6, 0xC0, 0x60, 0x32, 0xF6, 0x60, 0xF6, 0xC0, 0xF6, 0xC0, 0xF6
	.byte 0xC0, 0x60, 0x32, 0xF6, 0x60, 0xF6, 0xC0, 0x60, 0x32, 0xF6, 0x60, 0x60, 0x32, 0xF6, 0x5F, 0xF8
	.byte 0xD1, 0xFF, 0xFF, 0xF9, 0x7E, 0xF6, 0x01, 0xF0, 0xC0, 0xF2, 0x82, 0xF1, 0x28, 0x84, 0x30, 0xF1
	.byte 0x14, 0x0C, 0x30, 0xF1, 0x28, 0x12, 0x30, 0xF1, 0x14, 0x12, 0x30, 0xF1, 0x28, 0x0C, 0x30, 0x60
	.byte 0x30, 0x0C, 0x30, 0xF1, 0x14, 0x04, 0x30, 0xF1, 0x28, 0x0C, 0x30, 0xF1, 0x14, 0x04, 0x30, 0xF1
	.byte 0x28, 0x0C, 0x30, 0xF1, 0x14, 0x04, 0x30, 0xF1, 0x28, 0x30, 0x30, 0x00, 0xAB, 0xC0, 0x90, 0x2B
	.byte 0xF1, 0x14, 0x18, 0x2B, 0xF6, 0x17, 0xF6, 0x01, 0xF0, 0xC2, 0xF2, 0x50, 0xF1, 0x14, 0x00, 0xBC
	.byte 0x08, 0xF1, 0x0A, 0x08, 0x3C, 0xF1, 0x14, 0xF6, 0x08, 0x00, 0xBC, 0x0C, 0xF1, 0x0A, 0x0C, 0x3C
	.byte 0xF1, 0x14, 0xF6, 0x18, 0x0C, 0x3C, 0xF1, 0x0A, 0x0C, 0x3C, 0xF1, 0x14, 0xF6, 0x18, 0x0C, 0x3B
	.byte 0xF1, 0x0A, 0x0C, 0x3B, 0xF1, 0x14, 0xF6, 0x18, 0x00, 0xBA, 0x0C, 0xF1, 0x0A, 0x0C, 0x3A, 0xF1
	.byte 0x14, 0xF6, 0x18, 0x00, 0xB9, 0x0C, 0xF1, 0x0A, 0x0C, 0x39, 0xF1, 0x14, 0xF6, 0x18, 0x00, 0xB9
	.byte 0x0C, 0xF1, 0x0A, 0x0C, 0x39, 0xF1, 0x14, 0xF6, 0x18, 0x00, 0xBC, 0x0C, 0xF1, 0x0A, 0x0C, 0x3C
	.byte 0xF1, 0x14, 0xF6, 0x18, 0x00, 0xC1, 0x0C, 0xF1, 0x0A, 0x0C, 0x41, 0xF1, 0x14, 0xF6, 0x18, 0x00
	.byte 0xBC, 0x0C, 0xF1, 0x0A, 0x0C, 0x3C, 0xF1, 0x14, 0xF6, 0x18, 0x00, 0xBC, 0x0C, 0xF1, 0x0A, 0x0C
	.byte 0x3C, 0xF1, 0x14, 0xF6, 0x18, 0x00, 0xBB, 0x0C, 0xF1, 0x0A, 0x0C, 0x3B, 0xF1, 0x14, 0xF6, 0x18
	.byte 0x00, 0xBB, 0x0C, 0xF1, 0x0A, 0x0C, 0x3B, 0xF1, 0x14, 0x00, 0xBC, 0x08, 0xF1, 0x0A, 0x10, 0x3C
	.byte 0xF1, 0x14, 0x00, 0xBC, 0x0C, 0xF1, 0x0A, 0x0C, 0x3C, 0xF1, 0x14, 0xF6, 0x18, 0x00, 0xBC, 0x0C
	.byte 0xF1, 0x0A, 0x0C, 0x3C, 0xF1, 0x14, 0xF6, 0x18, 0x00, 0xBC, 0x0C, 0xF1, 0x0A, 0x0C, 0x3C, 0xF1
	.byte 0x14, 0xF6, 0x18, 0x00, 0xBE, 0x0C, 0xF1, 0x0A, 0x0C, 0x3E, 0xF1, 0x14, 0x00, 0xBC, 0x08, 0xF1
	.byte 0x0A, 0x10, 0x3C, 0xF1, 0x14, 0x00, 0xBC, 0x0C, 0xF1, 0x0A, 0x0C, 0x3C, 0xF1, 0x14, 0xF6, 0x18
	.byte 0x00, 0xBC, 0x0C, 0xF1, 0x0A, 0x0C, 0x3C, 0xF1, 0x14, 0xF6, 0x18, 0x00, 0xBB, 0x0C, 0xF1, 0x0A
	.byte 0x0C, 0x3B, 0xF1, 0x14, 0xF6, 0x18, 0x00, 0xBA, 0x0C, 0xF1, 0x0A, 0x0C, 0x3A, 0xF1, 0x14, 0xF6
	.byte 0x18, 0x00, 0xB9, 0x0C, 0xF1, 0x0A, 0x0C, 0x39, 0xF1, 0x14, 0xF6, 0x18, 0x00, 0xB9, 0x0C, 0xF1
	.byte 0x0A, 0x0C, 0x39, 0xF1, 0x14, 0xF6, 0x18, 0x00, 0xBC, 0x0C, 0xF1, 0x0A, 0x0C, 0x3C, 0xF1, 0x14
	.byte 0xF6, 0x18, 0x00, 0xC1, 0x0C, 0xF1, 0x0A, 0x0C, 0x41, 0xF1, 0x14, 0xF6, 0x18, 0x00, 0xBC, 0x0C
	.byte 0xF1, 0x0A, 0x0C, 0x3C, 0xF1, 0x14, 0xF6, 0x18, 0x0C, 0x3C, 0xF1, 0x0A, 0x0C, 0x3C, 0xF1, 0x14
	.byte 0xF6, 0x18, 0x00, 0xBB, 0x0C, 0xF1, 0x0A, 0x0C, 0x3B, 0xF1, 0x14, 0xF6, 0x18, 0x00, 0xBB, 0x0C
	.byte 0xF1, 0x0A, 0x0C, 0x3B, 0xF1, 0x14, 0x00, 0xBC, 0x08, 0xF1, 0x0A, 0x10, 0x3C, 0xF1, 0x14, 0x00
	.byte 0xBC, 0x0C, 0xF1, 0x0A, 0x0C, 0x3C, 0xF1, 0x14, 0xF6, 0x18, 0x00, 0xBC, 0x0C, 0xF1, 0x0A, 0x0C
	.byte 0x3C, 0xF1, 0x14, 0xF6, 0x18, 0x00, 0xBC, 0x0C, 0xF1, 0x0A, 0x0C, 0x3C, 0xF1, 0x14, 0xF6, 0x18
	.byte 0x00, 0xBC, 0x0C, 0xF1, 0x0A, 0x0C, 0x3C, 0xF0, 0xC6, 0xF2, 0x82, 0xF1, 0x28, 0x3C, 0x4D, 0xF1
	.byte 0x14, 0x0C, 0x4D, 0xF1, 0x28, 0x08, 0x4D, 0xF1, 0x14, 0x04, 0x4D, 0xF1, 0x28, 0x08, 0x4D, 0xF1
	.byte 0x14, 0x04, 0x4D, 0xF1, 0x28, 0x0C, 0x4D, 0xF1, 0x14, 0x0C, 0x4D, 0xF1, 0x28, 0x18, 0x4D, 0x12
	.byte 0x4F, 0xF1, 0x14, 0x06, 0x4F, 0xF1, 0x28, 0x12, 0x4D, 0xF1, 0x14, 0x06, 0x4F, 0xF1, 0x28, 0x24
	.byte 0x4C, 0xF1, 0x14, 0x0C, 0x4C, 0xF1, 0x28, 0x54, 0x4F, 0xF1, 0x14, 0x0C, 0x4F, 0xF1, 0x28, 0x24
	.byte 0x4C, 0xF1, 0x14, 0x0C, 0x4C, 0xF1, 0x28, 0x3C, 0x4A, 0xF1, 0x14, 0x0C, 0x4A, 0xF1, 0x28, 0x08
	.byte 0x4A, 0xF1, 0x14, 0x04, 0x4A, 0xF1, 0x28, 0x08, 0x4A, 0xF1, 0x14, 0x04, 0x4A, 0xF1, 0x28, 0x0C
	.byte 0x4A, 0xF1, 0x14, 0x0C, 0x4A, 0xF1, 0x28, 0x18, 0x4A, 0x12, 0x4C, 0xF1, 0x14, 0x06, 0x4C, 0xF1
	.byte 0x28, 0x12, 0x4D, 0xF1, 0x14, 0x06, 0x4C, 0xF1, 0x28, 0x00, 0xC8, 0x10, 0xF1, 0x14, 0x10, 0x48
	.byte 0xF1, 0x28, 0x00, 0xC8, 0x0C, 0xF1, 0x14, 0x04, 0x48, 0xF1, 0x28, 0x00, 0xCA, 0x10, 0xF1, 0x14
	.byte 0x10, 0x4A, 0xF1, 0x28, 0x0C, 0x4A, 0xF1, 0x14, 0x04, 0x4A, 0xF1, 0x28, 0x18, 0x4C, 0xF1, 0x14
	.byte 0x18, 0x4C, 0xF1, 0x28, 0x0C, 0x43, 0xF1, 0x14, 0x18, 0x43, 0xF1, 0x28, 0x08, 0x43, 0xF1, 0x14
	.byte 0x04, 0x43, 0xF1, 0x28, 0x3C, 0x4D, 0xF1, 0x14, 0x0C, 0x4D, 0xF1, 0x28, 0x08, 0x4D, 0xF1, 0x14
	.byte 0x04, 0x4D, 0xF1, 0x28, 0x08, 0x4D, 0xF1, 0x14, 0x04, 0x4D, 0xF1, 0x28, 0x0C, 0x4D, 0xF1, 0x14
	.byte 0x0C, 0x4D, 0xF1, 0x28, 0x18, 0x4D, 0x12, 0x4F, 0xF1, 0x14, 0x06, 0x4F, 0xF1, 0x28, 0x12, 0x4D
	.byte 0xF1, 0x14, 0x06, 0x4D, 0xF1, 0x28, 0x24, 0x4C, 0xF1, 0x14, 0x0C, 0x4C, 0xF1, 0x28, 0x54, 0x4F
	.byte 0xF1, 0x14, 0x0C, 0x4F, 0xF1, 0x28, 0x24, 0x4C, 0xF1, 0x14, 0x0C, 0x4C, 0xF1, 0x28, 0x24, 0x4B
	.byte 0xF1, 0x14, 0x0C, 0x4B, 0xF1, 0x28, 0x30, 0x4E, 0x24, 0x4F, 0xF1, 0x14, 0x0C, 0x4F, 0xF1, 0x28
	.byte 0x24, 0x51, 0xF1, 0x14, 0x0C, 0x51, 0xF1, 0x28, 0x24, 0x4F, 0xF1, 0x14, 0x0C, 0x4F, 0xF1, 0x28
	.byte 0x30, 0x4D, 0x24, 0x4C, 0xF1, 0x14, 0x0C, 0x4C, 0xF1, 0x28, 0x0C, 0x43, 0xF1, 0x14, 0x18, 0x43
	.byte 0xF1, 0x28, 0x08, 0x43, 0xF1, 0x14, 0x03, 0x43, 0xF8, 0x3B, 0xFD, 0xFF, 0xF9, 0x7E, 0xF6, 0x01
	.byte 0xF0, 0xC2, 0xF2, 0x50, 0xF1, 0x28, 0x18, 0x43, 0xF1, 0x14, 0x18, 0x43, 0xF1, 0x28, 0x0C, 0x43
	.byte 0xF1, 0x14, 0x18, 0x43, 0xF1, 0x28, 0x0C, 0x43, 0x60, 0x45, 0xF1, 0x14, 0x18, 0x45, 0xF1, 0x28
	.byte 0xF6, 0x18, 0x0C, 0x41, 0xF1, 0x14, 0x18, 0x41, 0xF1, 0x28, 0x0C, 0x45, 0x30, 0x43, 0x0C, 0x41
	.byte 0xF1, 0x14, 0x18, 0x41, 0xF1, 0x28, 0x0C, 0x40, 0x0C, 0x43, 0xF1, 0x14, 0x18, 0x43, 0xF1, 0x28
	.byte 0x0C, 0x47, 0x00, 0xC7, 0x90, 0x90, 0x47, 0xF1, 0x14, 0x18, 0x47, 0xF6, 0x17, 0xF6, 0x01, 0xF0
	.byte 0xC2, 0xF2, 0xA0, 0xF1, 0x3C, 0x08, 0x37, 0xF1, 0x14, 0x10, 0x37, 0xF1, 0x3C, 0x0C, 0x37, 0xF1
	.byte 0x14, 0x0C, 0x37, 0xF1, 0x3C, 0xF6, 0x18, 0x0C, 0x37, 0xF1, 0x14, 0x0C, 0x37, 0xF1, 0x3C, 0xF6
	.byte 0x18, 0x0C, 0x37, 0xF1, 0x14, 0x0C, 0x37, 0xF1, 0x3C, 0xF6, 0x18, 0x0C, 0x37, 0xF1, 0x14, 0x0C
	.byte 0x37, 0xF1, 0x3C, 0xF6, 0x18, 0x0C, 0x35, 0xF1, 0x14, 0x0C, 0x35, 0xF1, 0x3C, 0xF6, 0x18, 0x0C
	.byte 0x35, 0xF1, 0x14, 0x0C, 0x35, 0xF1, 0x3C, 0xF6, 0x18, 0x0C, 0x39, 0xF1, 0x14, 0x0C, 0x39, 0xF1
	.byte 0x3C, 0xF6, 0x18, 0x0C, 0x3C, 0xF1, 0x14, 0x0C, 0x3C, 0xF1, 0x3C, 0xF6, 0x18, 0x0C, 0x38, 0xF1
	.byte 0x14, 0x0C, 0x38, 0xF1, 0x3C, 0xF6, 0x18, 0x0C, 0x38, 0xF1, 0x14, 0x0C, 0x38, 0xF1, 0x3C, 0xF6
	.byte 0x18, 0x0C, 0x37, 0xF1, 0x14, 0x0C, 0x37, 0xF1, 0x3C, 0xF6, 0x18, 0x0C, 0x37, 0xF1, 0x14, 0x0C
	.byte 0x37, 0xF1, 0x3C, 0x08, 0x37, 0xF1, 0x14, 0x10, 0x37, 0xF1, 0x3C, 0x0C, 0x37, 0xF1, 0x14, 0x0C
	.byte 0x37, 0xF1, 0x3C, 0xF6, 0x18, 0x0C, 0x37, 0xF1, 0x14, 0x0C, 0x37, 0xF1, 0x3C, 0xF6, 0x18, 0x0C
	.byte 0x37, 0xF1, 0x14, 0x0C, 0x37, 0xF1, 0x3C, 0xF6, 0x18, 0x0C, 0x37, 0xF1, 0x14, 0x0C, 0x37, 0xF1
	.byte 0x3C, 0x08, 0x37, 0xF1, 0x14, 0x10, 0x37, 0xF1, 0x3C, 0x0C, 0x37, 0xF1, 0x14, 0x0C, 0x37, 0xF1
	.byte 0x3C, 0xF6, 0x18, 0x0C, 0x37, 0xF1, 0x14, 0x0C, 0x37, 0xF1, 0x3C, 0xF6, 0x18, 0x0C, 0x37, 0xF1
	.byte 0x14, 0x0C, 0x37, 0xF1, 0x3C, 0xF6, 0x18, 0x0C, 0x37, 0xF1, 0x14, 0x0C, 0x37, 0xF1, 0x3C, 0xF6
	.byte 0x18, 0x0C, 0x35, 0xF1, 0x14, 0x0C, 0x35, 0xF1, 0x3C, 0xF6, 0x18, 0x0C, 0x35, 0xF1, 0x14, 0x0C
	.byte 0x35, 0xF1, 0x3C, 0xF6, 0x18, 0x0C, 0x39, 0xF1, 0x14, 0x0C, 0x39, 0xF1, 0x3C, 0xF6, 0x18, 0x0C
	.byte 0x3C, 0xF1, 0x14, 0x0C, 0x3C, 0xF1, 0x3C, 0xF6, 0x18, 0x0C, 0x38, 0xF1, 0x14, 0x0C, 0x38, 0xF1
	.byte 0x3C, 0xF6, 0x18, 0x0C, 0x38, 0xF1, 0x14, 0x0C, 0x38, 0xF1, 0x3C, 0xF6, 0x18, 0x0C, 0x37, 0xF1
	.byte 0x14, 0x0C, 0x37, 0xF1, 0x3C, 0xF6, 0x18, 0x0C, 0x37, 0xF1, 0x14, 0x0C, 0x37, 0xF1, 0x3C, 0x08
	.byte 0x37, 0xF1, 0x14, 0x10, 0x37, 0xF1, 0x3C, 0x0C, 0x37, 0xF1, 0x14, 0x0C, 0x37, 0xF1, 0x3C, 0xF6
	.byte 0x18, 0x0C, 0x37, 0xF1, 0x14, 0x0C, 0x37, 0xF1, 0x3C, 0xF6, 0x18, 0x0C, 0x37, 0xF1, 0x14, 0x0C
	.byte 0x37, 0xF1, 0x3C, 0xF6, 0x18, 0x0C, 0x37, 0xF1, 0x14, 0x0C, 0x37, 0xF0, 0xBE, 0xF2, 0x82, 0xF1
	.byte 0x28, 0x90, 0x35, 0x18, 0x39, 0x18, 0x3C, 0x60, 0x3C, 0x30, 0x37, 0x30, 0x3C, 0x90, 0x3B, 0x18
	.byte 0x3C, 0x18, 0x3E, 0x60, 0x3C, 0x60, 0x37, 0x90, 0x35, 0x18, 0x39, 0x18, 0x3C, 0x60, 0x3C, 0x30
	.byte 0x37, 0x30, 0x3C, 0x60, 0x45, 0x60, 0x42, 0x60, 0x43, 0x5F, 0x3E, 0xF8, 0x6F, 0xFE, 0xFF, 0x00
	.byte 0xFE, 0x03, 0x0F, 0x06, 0x14, 0x00, 0x00, 0x05, 0xE0, 0x16, 0x54, 0x07, 0x46, 0x12, 0xFD, 0x14
	.byte 0xDB, 0x20, 0x22, 0x2D, 0xF9, 0x7B, 0xF0, 0x21, 0xF1, 0xC8, 0x00, 0xB4, 0x60, 0xF1, 0x8C, 0x60
	.byte 0x34, 0xF1, 0xC8, 0x00, 0xB9, 0x28, 0xF1, 0x8C, 0x28, 0x39, 0xF1, 0xC8, 0x00, 0xB4, 0x20, 0xF1
	.byte 0x8C, 0x20, 0x34, 0xF1, 0xC8, 0x30, 0x39, 0x00, 0xB4, 0x28, 0xF1, 0x8C, 0x28, 0x34, 0xF1, 0xC8
	.byte 0x00, 0xBB, 0x38, 0xF1, 0x8C, 0x38, 0x3B, 0xF1, 0xC8, 0x30, 0x39, 0x20, 0x39, 0x30, 0x40, 0x10
	.byte 0x40, 0x30, 0x39, 0xF1, 0xC8, 0x00, 0xB4, 0x28, 0xF1, 0x8C, 0x28, 0x34, 0xF1, 0xC8, 0x00, 0xBB
	.byte 0x38, 0xF1, 0x8C, 0x38, 0x3B, 0xF1, 0xC8, 0x30, 0x39, 0x20, 0x39, 0x30, 0x40, 0xF1, 0xC8, 0x10
	.byte 0x40, 0x30, 0x39, 0x00, 0xB4, 0x28, 0xF1, 0x8C, 0x28, 0x34, 0xF1, 0xC8, 0x00, 0xBB, 0x38, 0xF1
	.byte 0x8C, 0x38, 0x3B, 0xF1, 0xC8, 0x30, 0x39, 0x20, 0x39, 0x30, 0x40, 0x10, 0x40, 0x30, 0x39, 0x00
	.byte 0xB4, 0x28, 0xF1, 0x8C, 0x28, 0x34, 0xF1, 0xC8, 0x00, 0xBB, 0x38, 0xF1, 0x8C, 0x38, 0x3B, 0xF1
	.byte 0xC8, 0x30, 0x39, 0x20, 0x39, 0x30, 0x40, 0x10, 0x40, 0x30, 0x39, 0x00, 0xB4, 0x28, 0xF1, 0x8C
	.byte 0x28, 0x34, 0xF1, 0xC8, 0x00, 0xBB, 0x38, 0xF1, 0x8C, 0x38, 0x3B, 0xF1, 0xC8, 0x30, 0x3F, 0x20
	.byte 0x3F, 0x30, 0x3B, 0x10, 0x3B, 0x30, 0x3F, 0x00, 0xBD, 0x28, 0xF1, 0x8C, 0x28, 0x3D, 0xF1, 0xC8
	.byte 0x00, 0xB8, 0x38, 0xF1, 0x8C, 0x38, 0x38, 0xF1, 0xC8, 0x30, 0x3A, 0x20, 0x3A, 0x30, 0x36, 0x10
	.byte 0x36, 0x30, 0x3A, 0x00, 0xBB, 0x28, 0xF1, 0x8C, 0x28, 0x3B, 0xF1, 0xC8, 0x00, 0xC2, 0x38, 0xF1
	.byte 0x8C, 0x38, 0x42, 0xF1, 0xC8, 0x30, 0x3B, 0x20, 0x3B, 0x30, 0x42, 0x10, 0x42, 0x30, 0x3B, 0x00
	.byte 0xB4, 0x28, 0xF1, 0x8C, 0x28, 0x34, 0xF1, 0xC8, 0x00, 0xBB, 0x38, 0xF1, 0x8C, 0x38, 0x3B, 0xF1
	.byte 0xC8, 0x30, 0x39, 0x20, 0x39, 0x30, 0x40, 0x10, 0x40, 0x30, 0x39, 0x00, 0xB4, 0x28, 0xF1, 0x8C
	.byte 0x28, 0x34, 0xF1, 0xC8, 0x00, 0xBB, 0x38, 0xF1, 0x8C, 0x38, 0x3B, 0xF1, 0xC8, 0x30, 0x39, 0x20
	.byte 0x39, 0x30, 0x40, 0x10, 0x40, 0x30, 0x39, 0x00, 0xB4, 0x28, 0xF1, 0x8C, 0x28, 0x34, 0xF1, 0xC8
	.byte 0x00, 0xBB, 0x38, 0xF1, 0x8C, 0x38, 0x3B, 0xF1, 0xC8, 0x30, 0x39, 0x20, 0x39, 0x30, 0x40, 0x10
	.byte 0x40, 0x30, 0x39, 0x00, 0xB4, 0x28, 0xF1, 0x8C, 0x28, 0x34, 0xF1, 0xC8, 0x00, 0xBB, 0x38, 0xF1
	.byte 0x8C, 0x38, 0x3B, 0xF1, 0xC8, 0x30, 0x3F, 0x20, 0x3F, 0x30, 0x3B, 0x10, 0x3B, 0x30, 0x3F, 0x00
	.byte 0xBD, 0x28, 0xF1, 0x8C, 0x28, 0x3D, 0xF1, 0xC8, 0x00, 0xB8, 0x38, 0xF1, 0x8C, 0x38, 0x38, 0xF1
	.byte 0xC8, 0x30, 0x3A, 0x20, 0x3A, 0x30, 0x42, 0x10, 0x42, 0x30, 0x3B, 0x00, 0xB4, 0x28, 0xF1, 0x8C
	.byte 0x28, 0x34, 0xF1, 0xC8, 0x00, 0xBB, 0x38, 0xF1, 0x8C, 0x38, 0x3B, 0xF1, 0xC8, 0x00, 0xC0, 0x20
	.byte 0xF1, 0x78, 0x10, 0x40, 0xF1, 0xC8, 0x30, 0x40, 0x30, 0x3F, 0x20, 0x3D, 0x10, 0x38, 0x00, 0xB9
	.byte 0x20, 0xF1, 0x78, 0x10, 0x39, 0xF1, 0xC8, 0x00, 0xB9, 0x20, 0xF1, 0x78, 0x10, 0x39, 0xF1, 0xC8
	.byte 0x00, 0xBB, 0x20, 0xF1, 0x78, 0x10, 0x3B, 0xF1, 0xC8, 0x30, 0x3B, 0x30, 0x34, 0x20, 0x3B, 0x30
	.byte 0x40, 0x10, 0x40, 0x30, 0x3B, 0x00, 0xBB, 0x20, 0xF1, 0x78, 0x10, 0x3B, 0xF1, 0xC8, 0x00, 0xBB
	.byte 0x20, 0xF1, 0x78, 0x10, 0x3B, 0xF1, 0xC8, 0x00, 0xBC, 0x20, 0xF1, 0x78, 0x10, 0x3C, 0xF1, 0xC8
	.byte 0x30, 0x3C, 0x30, 0x3D, 0x20, 0x38, 0x30, 0x3D, 0x10, 0x3D, 0x30, 0x38, 0x00, 0xB9, 0x20, 0xF1
	.byte 0x78, 0x10, 0x39, 0xF1, 0xC8, 0x00, 0xB9, 0x20, 0xF1, 0x78, 0x10, 0x39, 0xF1, 0xC8, 0x00, 0xBB
	.byte 0x20, 0xF1, 0x78, 0x10, 0x3B, 0xF1, 0xC8, 0x30, 0x3B, 0x30, 0x34, 0x20, 0x3B, 0x30, 0x40, 0x10
	.byte 0x40, 0x30, 0x3B, 0x00, 0xB4, 0x28, 0xF1, 0x8C, 0x28, 0x34, 0xF1, 0xC8, 0x00, 0xBB, 0x38, 0xF1
	.byte 0x8C, 0x38, 0x3B, 0xF1, 0xC8, 0x30, 0x39, 0x20, 0x39, 0x30, 0x40, 0x10, 0x40, 0x30, 0x39, 0xF1
	.byte 0xB4, 0x00, 0xB4, 0x28, 0xF1, 0x8C, 0x28, 0x34, 0xF1, 0xC8, 0x00, 0xBB, 0x38, 0xF1, 0x8C, 0x38
	.byte 0x3B, 0xF1, 0xC8, 0x30, 0x39, 0x20, 0x39, 0x30, 0x40, 0x10, 0x40, 0x30, 0x39, 0x00, 0xB4, 0x28
	.byte 0xF1, 0x8C, 0x28, 0x34, 0xF1, 0xC8, 0x00, 0xBB, 0x38, 0xF1, 0x8C, 0x38, 0x3B, 0xF1, 0xC8, 0x30
	.byte 0x39, 0x20, 0x39, 0x30, 0x40, 0x10, 0x40, 0x30, 0x39, 0x00, 0xB4, 0x28, 0xF1, 0x8C, 0x28, 0x34
	.byte 0xF1, 0xC8, 0x00, 0xBB, 0x38, 0xF1, 0x8C, 0x38, 0x3B, 0xF1, 0xC8, 0x00, 0xB9, 0x70, 0xF1, 0x78
	.byte 0x10, 0x39, 0xF1, 0xC8, 0x10, 0x39, 0x30, 0x40, 0x00, 0xB4, 0x28, 0xF1, 0x8C, 0x28, 0x34, 0xF1
	.byte 0xC8, 0x00, 0xBB, 0x38, 0xF1, 0x8C, 0x38, 0x3B, 0xF1, 0xC8, 0x30, 0x39, 0x20, 0x39, 0x30, 0x40
	.byte 0x10, 0x40, 0x30, 0x39, 0x00, 0xB4, 0x28, 0xF1, 0x8C, 0x28, 0x34, 0xF1, 0xC8, 0x00, 0xBB, 0x38
	.byte 0xF1, 0x8C, 0x38, 0x3B, 0xF1, 0xC8, 0x30, 0x39, 0x20, 0x39, 0x30, 0x40, 0x10, 0x40, 0x30, 0x39
	.byte 0x00, 0xB4, 0x28, 0xF1, 0x8C, 0x28, 0x34, 0xF1, 0xC8, 0x00, 0xBB, 0x38, 0xF1, 0x8C, 0x38, 0x3B
	.byte 0xF1, 0xC8, 0x30, 0x39, 0x20, 0x39, 0x30, 0x40, 0x10, 0x40, 0x30, 0x39, 0x00, 0xB4, 0x28, 0xF1
	.byte 0x8C, 0x28, 0x34, 0xF1, 0xC8, 0x00, 0xBB, 0x38, 0xF1, 0x8C, 0x38, 0x3B, 0xF1, 0xC8, 0x30, 0x3F
	.byte 0x20, 0x3F, 0x30, 0x3B, 0x10, 0x3B, 0x30, 0x3F, 0x00, 0xBD, 0x28, 0xF1, 0x8C, 0x28, 0x3D, 0xF1
	.byte 0xC8, 0x00, 0xB8, 0x38, 0xF1, 0x8C, 0x38, 0x38, 0xF1, 0xC8, 0x30, 0x3A, 0x20, 0x3A, 0x30, 0x36
	.byte 0x10, 0x36, 0x30, 0x3A, 0x00, 0xBB, 0x28, 0xF1, 0x8C, 0x28, 0x3B, 0xF1, 0xC8, 0x00, 0xC2, 0x38
	.byte 0xF1, 0x8C, 0x38, 0x42, 0xF1, 0xC8, 0x30, 0x3B, 0x20, 0x3B, 0x30, 0x42, 0x10, 0x42, 0x30, 0x3B
	.byte 0x00, 0xB4, 0x28, 0xF1, 0x8C, 0x28, 0x34, 0xF1, 0xC8, 0x00, 0xBB, 0x38, 0xF1, 0x8C, 0x38, 0x3B
	.byte 0xF1, 0xC8, 0x30, 0x39, 0x20, 0x39, 0x30, 0x40, 0x10, 0x40, 0x30, 0x39, 0x00, 0xB4, 0x28, 0xF1
	.byte 0x8C, 0x28, 0x34, 0xF1, 0xC8, 0x00, 0xBB, 0x38, 0xF1, 0x8C, 0x38, 0x3B, 0xF1, 0xC8, 0x30, 0x39
	.byte 0x20, 0x39, 0x30, 0x40, 0x10, 0x40, 0x30, 0x39, 0x00, 0xB4, 0x28, 0xF1, 0x8C, 0x28, 0x34, 0xF1
	.byte 0xC8, 0x00, 0xBB, 0x38, 0xF1, 0x8C, 0x38, 0x3B, 0xF1, 0xC8, 0x30, 0x39, 0x20, 0x39, 0x30, 0x40
	.byte 0x10, 0x40, 0x30, 0x39, 0x00, 0xB4, 0x28, 0xF1, 0x8C, 0x28, 0x34, 0xF1, 0xC8, 0x00, 0xBB, 0x38
	.byte 0xF1, 0x8C, 0x38, 0x3B, 0xF1, 0xC8, 0x30, 0x3F, 0x20, 0x3F, 0x30, 0x3B, 0x10, 0x3B, 0x30, 0x3F
	.byte 0x00, 0xBD, 0x28, 0xF1, 0x8C, 0x28, 0x3D, 0xF1, 0xC8, 0x00, 0xB8, 0x38, 0xF1, 0x8C, 0x38, 0x38
	.byte 0xF1, 0xC8, 0x30, 0x3A, 0x20, 0x3A, 0x30, 0x42, 0x10, 0x42, 0x30, 0x3B, 0x00, 0xB4, 0x28, 0xF1
	.byte 0x8C, 0x28, 0x34, 0xF1, 0xC8, 0x00, 0xBB, 0x38, 0xF1, 0x8C, 0x38, 0x3B, 0xF1, 0xC8, 0x00, 0xC0
	.byte 0x20, 0xF1, 0x78, 0x10, 0x40, 0xF1, 0xC8, 0x30, 0x40, 0x30, 0x3F, 0x20, 0x3D, 0x10, 0x38, 0x00
	.byte 0xB9, 0x30, 0xF1, 0x8C, 0x30, 0x39, 0xF1, 0xC8, 0x00, 0xBB, 0x30, 0xF1, 0x8C, 0x30, 0x3B, 0xF1
	.byte 0xC8, 0x30, 0x34, 0x20, 0x3B, 0x40, 0x40, 0x30, 0x3B, 0x00, 0xBB, 0x30, 0xF1, 0x8C, 0x30, 0x3B
	.byte 0xF1, 0xC8, 0x30, 0x3C, 0x30, 0x3C, 0x30, 0x3D, 0x20, 0x38, 0x30, 0x31, 0x10, 0x31, 0x30, 0x38
	.byte 0x00, 0xB9, 0x20, 0xF1, 0x78, 0x10, 0x39, 0xF1, 0xC8, 0x00, 0xB9, 0x20, 0xF1, 0x78, 0x10, 0x39
	.byte 0xF1, 0xC8, 0x00, 0xBB, 0x20, 0xF1, 0x78, 0x10, 0x3B, 0xF1, 0xC8, 0x30, 0x3B, 0x30, 0x34, 0x20
	.byte 0x3B, 0x30, 0x40, 0x10, 0x40, 0x30, 0x3B, 0x00, 0xB4, 0x28, 0xF1, 0x8C, 0x28, 0x34, 0xF1, 0xC8
	.byte 0x00, 0xBB, 0x38, 0xF1, 0x8C, 0x38, 0x3B, 0xF1, 0xC8, 0x30, 0x39, 0x20, 0x39, 0x30, 0x40, 0x10
	.byte 0x40, 0x30, 0x39, 0x00, 0xB4, 0x28, 0xF1, 0x8C, 0x28, 0x34, 0xF1, 0xC8, 0x00, 0xBB, 0x38, 0xF1
	.byte 0x8C, 0x38, 0x3B, 0xF1, 0xC8, 0x30, 0x39, 0x20, 0x39, 0x30, 0x40, 0x10, 0x40, 0x30, 0x39, 0x00
	.byte 0xB4, 0x28, 0xF1, 0x8C, 0x28, 0x34, 0xF1, 0xC8, 0x00, 0xBB, 0x38, 0xF1, 0x8C, 0x38, 0x3B, 0xF1
	.byte 0xC8, 0xF9, 0x7A, 0x30, 0x39, 0x20, 0x39, 0x00, 0xC0, 0x28, 0xF9, 0x78, 0x08, 0x40, 0x10, 0x40
	.byte 0x30, 0x39, 0xF9, 0x76, 0x00, 0xB4, 0x28, 0xF1, 0x8C, 0x28, 0x34, 0xF1, 0xC8, 0x00, 0xBB, 0x24
	.byte 0xF9, 0x74, 0x00, 0xBB, 0x14, 0xF1, 0x8C, 0x38, 0x3B, 0xF1, 0xC8, 0xF9, 0x72, 0x00, 0xB9, 0x34
	.byte 0xF9, 0x70, 0x00, 0xB9, 0x04, 0xF1, 0x8C, 0x00, 0xB9, 0x2A, 0xF9, 0x6E, 0x0E, 0x39, 0xF1, 0xC8
	.byte 0xF6, 0x10, 0x00, 0xB9, 0x0C, 0xF9, 0x6A, 0x04, 0x39, 0x00, 0xC0, 0x20, 0xF9, 0x50, 0x10, 0x40
	.byte 0xF9, 0x60, 0x00, 0xB4, 0x60, 0xF1, 0x78, 0x00, 0xB4, 0x18, 0xF1, 0x50, 0x00, 0xB4, 0x18, 0xF1
	.byte 0x28, 0x00, 0xB4, 0x18, 0xF1, 0x14, 0x00, 0xB4, 0x18, 0xF1, 0x0A, 0x18, 0x34, 0xF6, 0xA8, 0xFF
	.byte 0xF9, 0x7B, 0xF6, 0x04, 0xF0, 0x22, 0xF2, 0x50, 0xF1, 0x78, 0xC0, 0x40, 0xC0, 0x42, 0xC0, 0x44
	.byte 0xC0, 0x45, 0xC0, 0x44, 0xC0, 0x45, 0xC0, 0x47, 0xC0, 0x45, 0xC0, 0x44, 0xC0, 0x45, 0xC0, 0x47
	.byte 0xC0, 0x45, 0xC0, 0x44, 0xC0, 0x42, 0xC0, 0x42, 0xC0, 0x42, 0xC0, 0x44, 0xC0, 0x45, 0xC0, 0x47
	.byte 0xC0, 0x45, 0xC0, 0x44, 0xC0, 0x45, 0xC0, 0x47, 0xC0, 0x45, 0xC0, 0x44, 0x60, 0x42, 0x60, 0x42
	.byte 0xC0, 0x44, 0xC0, 0x44, 0x60, 0x45, 0x60, 0x45, 0xC0, 0x44, 0x60, 0x47, 0x60, 0x48, 0xC0, 0x49
	.byte 0x60, 0x45, 0x60, 0x45, 0xC0, 0x44, 0xC0, 0x44, 0xC0, 0x45, 0xC0, 0x47, 0xC0, 0x45, 0xC0, 0x44
	.byte 0xC0, 0x45, 0xC0, 0x47, 0xC0, 0x45, 0xC0, 0x44, 0xC0, 0x45, 0xC0, 0x47, 0xC0, 0x45, 0xC0, 0x44
	.byte 0xC0, 0x45, 0xC0, 0x47, 0xC0, 0x45, 0xC0, 0x44, 0xC0, 0x42, 0xC0, 0x42, 0xC0, 0x42, 0xC0, 0x44
	.byte 0xC0, 0x45, 0xC0, 0x47, 0xC0, 0x45, 0xC0, 0x44, 0xC0, 0x45, 0xC0, 0x47, 0xC0, 0x45, 0xC0, 0x44
	.byte 0x60, 0x42, 0x60, 0x42, 0xC0, 0x44, 0xC0, 0x44, 0x60, 0x45, 0x60, 0x45, 0xC0, 0x44, 0x60, 0x47
	.byte 0x60, 0x48, 0xC0, 0x49, 0x60, 0x45, 0x60, 0x45, 0xC0, 0x44, 0xC0, 0x44, 0xC0, 0x45, 0xC0, 0x47
	.byte 0xC0, 0x45, 0xC0, 0x44, 0xF9, 0x7A, 0x00, 0xC5, 0x72, 0xF9, 0x79, 0x00, 0xC5, 0x02, 0xF9, 0x78
	.byte 0x00, 0xC5, 0x36, 0xF9, 0x78, 0x00, 0xC5, 0x02, 0xF9, 0x78, 0x10, 0x45, 0xF9, 0x76, 0x00, 0xC7
	.byte 0x70, 0xF9, 0x74, 0x4C, 0x47, 0xF9, 0x72, 0xF6, 0x08, 0x00, 0xC5, 0x28, 0xF9, 0x70, 0x00, 0xC5
	.byte 0x2E, 0xF9, 0x6E, 0x00, 0xC5, 0x2A, 0xF9, 0x6A, 0x00, 0xC5, 0x24, 0xF9, 0x50, 0x00, 0xC5, 0x10
	.byte 0xF9, 0x60, 0x08, 0x45, 0xF6, 0x28, 0x00, 0xC4, 0x90, 0xF1, 0x64, 0x00, 0xC4, 0x18, 0xF1, 0x50
	.byte 0x00, 0xC4, 0x18, 0xF1, 0x28, 0x00, 0xC4, 0x18, 0xF1, 0x14, 0x18, 0x44, 0xF6, 0x60, 0xFF, 0xF9
	.byte 0x7B, 0xF0, 0x22, 0xF2, 0x78, 0xF1, 0x78, 0xC0, 0x3B, 0xC0, 0x3D, 0xC0, 0x3F, 0xC0, 0x42, 0xC0
	.byte 0x40, 0xC0, 0x42, 0xC0, 0x44, 0xC0, 0x42, 0xC0, 0x40, 0xC0, 0x42, 0xC0, 0x44, 0xC0, 0x42, 0xC0
	.byte 0x40, 0xC0, 0x3D, 0xC0, 0x3F, 0xC0, 0x3F, 0xC0, 0x40, 0xC0, 0x42, 0xC0, 0x44, 0xC0, 0x42, 0xC0
	.byte 0x40, 0xC0, 0x42, 0xC0, 0x44, 0xC0, 0x42, 0xC0, 0x40, 0x60, 0x3D, 0x60, 0x3F, 0xC0, 0x40, 0xC0
	.byte 0x40, 0x60, 0x40, 0x60, 0x42, 0xC0, 0x40, 0x60, 0x42, 0x60, 0x42, 0xC0, 0x44, 0x60, 0x40, 0x60
	.byte 0x42, 0xC0, 0x40, 0xC0, 0x40, 0xC0, 0x42, 0xC0, 0x44, 0xC0, 0x42, 0xC0, 0x40, 0xC0, 0x42, 0x00
	.byte 0xC4, 0xC0, 0xF1, 0x3C, 0x0C, 0x44, 0xF1, 0x78, 0xB4, 0x40, 0xC0, 0x40, 0xC0, 0x42, 0xC0, 0x44
	.byte 0xC0, 0x42, 0xC0, 0x40, 0xC0, 0x42, 0xC0, 0x44, 0xC0, 0x42, 0xC0, 0x40, 0xC0, 0x3D, 0xC0, 0x3F
	.byte 0xC0, 0x3F, 0xC0, 0x40, 0xC0, 0x42, 0xC0, 0x44, 0xC0, 0x42, 0xC0, 0x40, 0xC0, 0x42, 0xC0, 0x44
	.byte 0xC0, 0x42, 0xC0, 0x40, 0x60, 0x3D, 0x60, 0x3F, 0xC0, 0x40, 0x00, 0xC0, 0xC0, 0xF1, 0x3C, 0x06
	.byte 0x40, 0xF1, 0x78, 0x00, 0xC0, 0x5A, 0xF1, 0x3C, 0x06, 0x40, 0xF1, 0x78, 0x00, 0xC2, 0x5C, 0xF1
	.byte 0x3C, 0x06, 0x40, 0xF1, 0x78, 0x00, 0xC0, 0xBA, 0xF1, 0x3C, 0x06, 0x40, 0xF1, 0x78, 0x00, 0xC2
	.byte 0x5A, 0xF1, 0x3C, 0x04, 0x42, 0xF1, 0x78, 0x00, 0xC2, 0x5C, 0xF1, 0x3C, 0x04, 0x42, 0xF1, 0x78
	.byte 0x00, 0xC4, 0xBA, 0xF1, 0x3C, 0x02, 0x44, 0xF1, 0x78, 0x60, 0x40, 0x60, 0x42, 0xC0, 0x40, 0xC0
	.byte 0x40, 0xC0, 0x42, 0xC0, 0x44, 0xC0, 0x42, 0xC0, 0x40, 0xF9, 0x7A, 0x00, 0xC2, 0x76, 0xF9, 0x79
	.byte 0x00, 0xC2, 0x02, 0xF9, 0x78, 0x00, 0xC2, 0x36, 0xF9, 0x78, 0x00, 0xC2, 0x02, 0xF9, 0x78, 0x10
	.byte 0x42, 0xF9, 0x76, 0x00, 0xC4, 0x74, 0xF9, 0x74, 0x4C, 0x44, 0xF9, 0x72, 0x00, 0xC0, 0x34, 0xF9
	.byte 0x70, 0x00, 0xC0, 0x2E, 0xF9, 0x6E, 0x00, 0xC0, 0x2A, 0xF9, 0x6A, 0x1A, 0x40, 0xF6, 0x0A, 0xF9
	.byte 0x50, 0xF6, 0x10, 0xF9, 0x60, 0x0C, 0x34, 0x0C, 0x3B, 0x0C, 0x38, 0x00, 0xC0, 0x9C, 0xF1, 0x64
	.byte 0x00, 0xC0, 0x18, 0xF1, 0x50, 0x00, 0xC0, 0x18, 0xF1, 0x28, 0x00, 0xC0, 0x18, 0xF1, 0x14, 0x18
	.byte 0x40, 0xF6, 0x60, 0xFF, 0xF9, 0x7B, 0xF0, 0x01, 0xF2, 0x64, 0xF1, 0x78, 0x00, 0xC4, 0x50, 0xF1
	.byte 0x3C, 0x10, 0x44, 0xF1, 0x78, 0x00, 0xC4, 0x20, 0xF1, 0x3C, 0x10, 0x44, 0xF1, 0x78, 0x00, 0xC4
	.byte 0x20, 0xF1, 0x3C, 0x10, 0x44, 0xF1, 0x78, 0x00, 0xC5, 0x20, 0xF1, 0x3C, 0x10, 0x45, 0xF1, 0x78
	.byte 0x00, 0xC5, 0x20, 0xF1, 0x3C, 0x10, 0x45, 0xF1, 0x78, 0x00, 0xC5, 0x20, 0xF1, 0x3C, 0x10, 0x45
	.byte 0xF1, 0x78, 0x00, 0xC5, 0x20, 0xF1, 0x3C, 0x10, 0x45, 0xF1, 0x78, 0x00, 0xC4, 0x20, 0xF1, 0x3C
	.byte 0x10, 0x44, 0xF1, 0x78, 0x00, 0xC4, 0x20, 0xF1, 0x3C, 0x10, 0x44, 0xF1, 0x78, 0x00, 0xC4, 0x20
	.byte 0xF1, 0x3C, 0x10, 0x44, 0xF1, 0x78, 0x00, 0xC4, 0x20, 0xF1, 0x3C, 0x10, 0x44, 0xF1, 0x78, 0x00
	.byte 0xC5, 0x20, 0xF1, 0x3C, 0x10, 0x45, 0xF1, 0x78, 0x00, 0xC5, 0x20, 0xF1, 0x3C, 0x10, 0x45, 0xF1
	.byte 0x78, 0x00, 0xC5, 0x20, 0xF1, 0x3C, 0x10, 0x45, 0xF1, 0x78, 0x00, 0xC5, 0x20, 0xF1, 0x3C, 0x10
	.byte 0x45, 0xF1, 0x78, 0x00, 0xC4, 0x20, 0xF1, 0x3C, 0x10, 0x44, 0xF1, 0x78, 0x00, 0xC4, 0x20, 0xF1
	.byte 0x3C, 0x10, 0x44, 0xF1, 0x78, 0x00, 0xC4, 0x20, 0xF1, 0x3C, 0x10, 0x44, 0xF1, 0x78, 0x00, 0xC4
	.byte 0x20, 0xF1, 0x3C, 0x10, 0x44, 0xF1, 0x78, 0x00, 0xC5, 0x20, 0xF1, 0x3C, 0x10, 0x45, 0xF1, 0x78
	.byte 0x00, 0xC5, 0x20, 0xF1, 0x3C, 0x10, 0x45, 0xF1, 0x78, 0x00, 0xC5, 0x20, 0xF1, 0x3C, 0x10, 0x45
	.byte 0xF1, 0x78, 0x00, 0xC5, 0x20, 0xF1, 0x3C, 0x10, 0x45, 0xF1, 0x78, 0x00, 0xC4, 0x20, 0xF1, 0x3C
	.byte 0x10, 0x44, 0xF1, 0x78, 0x00, 0xC4, 0x20, 0xF1, 0x3C, 0x10, 0x44, 0xF1, 0x78, 0x00, 0xC4, 0x20
	.byte 0xF1, 0x3C, 0x10, 0x44, 0xF1, 0x78, 0x00, 0xC4, 0x20, 0xF1, 0x3C, 0x10, 0x44, 0xF1, 0x78, 0x00
	.byte 0xC5, 0x20, 0xF1, 0x3C, 0x10, 0x45, 0xF1, 0x78, 0x00, 0xC5, 0x20, 0xF1, 0x3C, 0x10, 0x45, 0xF1
	.byte 0x78, 0x00, 0xC5, 0x20, 0xF1, 0x3C, 0x10, 0x45, 0xF1, 0x78, 0x00, 0xC5, 0x20, 0xF1, 0x3C, 0x10
	.byte 0x45, 0xF1, 0x78, 0x00, 0xC4, 0x20, 0xF1, 0x3C, 0x10, 0x44, 0xF1, 0x78, 0x00, 0xC4, 0x20, 0xF1
	.byte 0x3C, 0x10, 0x44, 0xF1, 0x78, 0x00, 0xC4, 0x20, 0xF1, 0x3C, 0x10, 0x44, 0xF1, 0x78, 0x00, 0xC4
	.byte 0x20, 0xF1, 0x3C, 0x10, 0x44, 0xF1, 0x78, 0x00, 0xC5, 0x20, 0xF1, 0x3C, 0x10, 0x45, 0xF1, 0x78
	.byte 0x00, 0xC5, 0x20, 0xF1, 0x3C, 0x10, 0x45, 0xF1, 0x78, 0x00, 0xC5, 0x20, 0xF1, 0x3C, 0x10, 0x45
	.byte 0xF1, 0x78, 0x00, 0xC5, 0x20, 0xF1, 0x3C, 0x10, 0x45, 0xF1, 0x78, 0x00, 0xC4, 0x20, 0xF1, 0x3C
	.byte 0x10, 0x44, 0xF1, 0x78, 0x00, 0xC4, 0x20, 0xF1, 0x3C, 0x10, 0x44, 0xF1, 0x78, 0x00, 0xC4, 0x20
	.byte 0xF1, 0x3C, 0x10, 0x44, 0xF1, 0x78, 0x00, 0xC4, 0x20, 0xF1, 0x3C, 0x10, 0x44, 0xF1, 0x78, 0x00
	.byte 0xC5, 0x20, 0xF1, 0x3C, 0x10, 0x45, 0xF1, 0x78, 0x00, 0xC5, 0x20, 0xF1, 0x3C, 0x10, 0x45, 0xF1
	.byte 0x78, 0x00, 0xC5, 0x20, 0xF1, 0x3C, 0x10, 0x45, 0xF1, 0x78, 0x00, 0xC5, 0x20, 0xF1, 0x3C, 0x10
	.byte 0x45, 0xF1, 0x78, 0x00, 0xC4, 0x20, 0xF1, 0x3C, 0x10, 0x44, 0xF1, 0x78, 0x00, 0xC4, 0x20, 0xF1
	.byte 0x3C, 0x10, 0x44, 0xF1, 0x78, 0x00, 0xC4, 0x20, 0xF1, 0x3C, 0x10, 0x44, 0xF1, 0x78, 0x00, 0xC4
	.byte 0x20, 0xF1, 0x3C, 0x10, 0x44, 0xF1, 0x78, 0x00, 0xC2, 0x20, 0xF1, 0x3C, 0x10, 0x42, 0xF1, 0x78
	.byte 0x00, 0xC2, 0x20, 0xF1, 0x3C, 0x10, 0x42, 0xF1, 0x78, 0x00, 0xC2, 0x20, 0xF1, 0x3C, 0x10, 0x42
	.byte 0xF1, 0x78, 0x00, 0xC2, 0x20, 0xF1, 0x3C, 0x10, 0x42, 0xF1, 0x78, 0x00, 0xC2, 0x20, 0xF1, 0x3C
	.byte 0x10, 0x42, 0xF1, 0x78, 0x00, 0xC2, 0x20, 0xF1, 0x3C, 0x10, 0x42, 0xF1, 0x78, 0x00, 0xC2, 0x20
	.byte 0xF1, 0x3C, 0x10, 0x42, 0xF1, 0x78, 0x00, 0xC2, 0x20, 0xF1, 0x3C, 0x10, 0x42, 0xF1, 0x78, 0x00
	.byte 0xC2, 0x20, 0xF1, 0x3C, 0x10, 0x42, 0xF1, 0x78, 0x00, 0xC2, 0x20, 0xF1, 0x3C, 0x10, 0x42, 0xF1
	.byte 0x78, 0x00, 0xC2, 0x20, 0xF1, 0x3C, 0x10, 0x42, 0xF1, 0x78, 0x00, 0xC2, 0x20, 0xF1, 0x3C, 0x10
	.byte 0x42, 0xF1, 0x78, 0x00, 0xC4, 0x20, 0xF1, 0x3C, 0x10, 0x44, 0xF1, 0x78, 0x00, 0xC4, 0x20, 0xF1
	.byte 0x3C, 0x10, 0x44, 0xF1, 0x78, 0x00, 0xC4, 0x20, 0xF1, 0x3C, 0x10, 0x44, 0xF1, 0x78, 0x00, 0xC4
	.byte 0x20, 0xF1, 0x3C, 0x10, 0x44, 0xF1, 0x78, 0x00, 0xC5, 0x20, 0xF1, 0x3C, 0x10, 0x45, 0xF1, 0x78
	.byte 0x00, 0xC5, 0x20, 0xF1, 0x3C, 0x10, 0x45, 0xF1, 0x78, 0x00, 0xC5, 0x20, 0xF1, 0x3C, 0x10, 0x45
	.byte 0xF1, 0x78, 0x00, 0xC5, 0x20, 0xF1, 0x3C, 0x10, 0x45, 0xF1, 0x78, 0x00, 0xC4, 0x20, 0xF1, 0x3C
	.byte 0x10, 0x44, 0xF1, 0x78, 0x00, 0xC4, 0x20, 0xF1, 0x3C, 0x10, 0x44, 0xF1, 0x78, 0x00, 0xC4, 0x20
	.byte 0xF1, 0x3C, 0x10, 0x44, 0xF1, 0x78, 0x00, 0xC4, 0x20, 0xF1, 0x3C, 0x10, 0x44, 0xF1, 0x78, 0x00
	.byte 0xC5, 0x20, 0xF1, 0x3C, 0x10, 0x45, 0xF1, 0x78, 0x00, 0xC5, 0x20, 0xF1, 0x3C, 0x10, 0x45, 0xF1
	.byte 0x78, 0x00, 0xC5, 0x20, 0xF1, 0x3C, 0x10, 0x45, 0xF1, 0x78, 0x00, 0xC5, 0x20, 0xF1, 0x3C, 0x10
	.byte 0x45, 0xF1, 0x78, 0x00, 0xC4, 0x20, 0xF1, 0x3C, 0x10, 0x44, 0xF1, 0x78, 0x00, 0xC4, 0x20, 0xF1
	.byte 0x3C, 0x10, 0x44, 0xF1, 0x78, 0x00, 0xC4, 0x20, 0xF1, 0x3C, 0x10, 0x44, 0xF1, 0x78, 0x00, 0xC4
	.byte 0x20, 0xF1, 0x3C, 0x10, 0x44, 0xF1, 0x78, 0x00, 0xC5, 0x20, 0xF1, 0x3C, 0x10, 0x45, 0xF1, 0x78
	.byte 0x00, 0xC5, 0x20, 0xF1, 0x3C, 0x10, 0x45, 0xF1, 0x78, 0x00, 0xC5, 0x20, 0xF1, 0x3C, 0x10, 0x45
	.byte 0xF1, 0x78, 0x00, 0xC5, 0x20, 0xF1, 0x3C, 0x10, 0x45, 0xF1, 0x78, 0x00, 0xC4, 0x20, 0xF1, 0x3C
	.byte 0x10, 0x44, 0xF1, 0x78, 0x00, 0xC4, 0x20, 0xF1, 0x3C, 0x10, 0x44, 0xF1, 0x78, 0x00, 0xC4, 0x20
	.byte 0xF1, 0x3C, 0x10, 0x44, 0xF1, 0x78, 0x00, 0xC4, 0x20, 0xF1, 0x3C, 0x10, 0x44, 0xF1, 0x78, 0x00
	.byte 0xC5, 0x20, 0xF1, 0x3C, 0x10, 0x45, 0xF1, 0x78, 0x00, 0xC5, 0x20, 0xF1, 0x3C, 0x10, 0x45, 0xF1
	.byte 0x78, 0x00, 0xC5, 0x20, 0xF1, 0x3C, 0x10, 0x45, 0xF1, 0x78, 0x00, 0xC5, 0x20, 0xF1, 0x3C, 0x10
	.byte 0x45, 0xF1, 0x78, 0x00, 0xC4, 0x20, 0xF1, 0x3C, 0x10, 0x44, 0xF1, 0x78, 0x00, 0xC4, 0x20, 0xF1
	.byte 0x3C, 0x10, 0x44, 0xF1, 0x78, 0x00, 0xC4, 0x20, 0xF1, 0x3C, 0x10, 0x44, 0xF1, 0x78, 0x00, 0xC4
	.byte 0x20, 0xF1, 0x3C, 0x10, 0x44, 0xF1, 0x78, 0x00, 0xC2, 0x20, 0xF1, 0x3C, 0x10, 0x42, 0xF1, 0x78
	.byte 0x00, 0xC2, 0x20, 0xF1, 0x3C, 0x10, 0x42, 0xF1, 0x78, 0x00, 0xC2, 0x20, 0xF1, 0x3C, 0x10, 0x42
	.byte 0xF1, 0x78, 0x00, 0xC2, 0x20, 0xF1, 0x3C, 0x10, 0x42, 0xF1, 0x78, 0x00, 0xC4, 0x20, 0xF1, 0x3C
	.byte 0x10, 0x44, 0xF1, 0x78, 0x00, 0xC4, 0x20, 0xF1, 0x3C, 0x10, 0x44, 0xF1, 0x78, 0x00, 0xC4, 0x20
	.byte 0xF1, 0x3C, 0x10, 0x44, 0xF1, 0x78, 0x00, 0xC4, 0x20, 0xF1, 0x3C, 0x10, 0x44, 0xF1, 0x78, 0x00
	.byte 0xC4, 0x20, 0xF1, 0x3C, 0x10, 0x44, 0xF1, 0x78, 0x00, 0xC4, 0x20, 0xF1, 0x3C, 0x10, 0x44, 0xF1
	.byte 0x78, 0x00, 0xC4, 0x20, 0xF1, 0x3C, 0x10, 0x44, 0xF1, 0x78, 0x00, 0xC4, 0x20, 0xF1, 0x3C, 0x10
	.byte 0x44, 0xF1, 0x78, 0x00, 0xC0, 0x20, 0xF1, 0x3C, 0x10, 0x40, 0xF1, 0x78, 0x00, 0xC0, 0x20, 0xF1
	.byte 0x3C, 0x10, 0x40, 0xF1, 0x78, 0x00, 0xC2, 0x20, 0xF1, 0x3C, 0x10, 0x42, 0xF1, 0x78, 0x00, 0xBF
	.byte 0x20, 0xF1, 0x3C, 0x10, 0x3F, 0xF1, 0x78, 0x00, 0xC0, 0x20, 0xF1, 0x3C, 0x10, 0x40, 0xF1, 0x78
	.byte 0x00, 0xC0, 0x20, 0xF1, 0x3C, 0x10, 0x40, 0xF1, 0x78, 0x00, 0xC0, 0x20, 0xF1, 0x3C, 0x10, 0x40
	.byte 0xF1, 0x78, 0x00, 0xC0, 0x20, 0xF1, 0x3C, 0x10, 0x40, 0xF1, 0x78, 0x00, 0xC2, 0x20, 0xF1, 0x3C
	.byte 0x10, 0x42, 0xF1, 0x78, 0x00, 0xC2, 0x20, 0xF1, 0x3C, 0x10, 0x42, 0xF1, 0x78, 0x00, 0xC2, 0x20
	.byte 0xF1, 0x3C, 0x10, 0x42, 0xF1, 0x78, 0x00, 0xBF, 0x20, 0xF1, 0x3C, 0x10, 0x3F, 0xF1, 0x78, 0x00
	.byte 0xC0, 0x20, 0xF1, 0x3C, 0x10, 0x40, 0xF1, 0x78, 0x00, 0xC0, 0x20, 0xF1, 0x3C, 0x10, 0x40, 0xF1
	.byte 0x78, 0x00, 0xC0, 0x20, 0xF1, 0x3C, 0x10, 0x40, 0xF1, 0x78, 0x00, 0xC0, 0x20, 0xF1, 0x3C, 0x10
	.byte 0x40, 0xF1, 0x78, 0x00, 0xC0, 0x20, 0xF1, 0x3C, 0x10, 0x40, 0xF1, 0x78, 0x00, 0xC0, 0x20, 0xF1
	.byte 0x3C, 0x10, 0x40, 0xF1, 0x78, 0x00, 0xC2, 0x20, 0xF1, 0x3C, 0x10, 0x42, 0xF1, 0x78, 0x00, 0xBF
	.byte 0x20, 0xF1, 0x3C, 0x10, 0x3F, 0xF1, 0x78, 0x00, 0xC0, 0x20, 0xF1, 0x3C, 0x10, 0x40, 0xF1, 0x78
	.byte 0x00, 0xC0, 0x20, 0xF1, 0x3C, 0x10, 0x40, 0xF1, 0x78, 0x00, 0xC0, 0x20, 0xF1, 0x3C, 0x10, 0x40
	.byte 0xF1, 0x78, 0x00, 0xC0, 0x20, 0xF1, 0x3C, 0x10, 0x40, 0xF1, 0x78, 0x00, 0xC0, 0x20, 0xF1, 0x3C
	.byte 0x10, 0x40, 0xF1, 0x78, 0x00, 0xC0, 0x20, 0xF1, 0x3C, 0x10, 0x40, 0xF1, 0x78, 0x00, 0xC0, 0x20
	.byte 0xF1, 0x3C, 0x10, 0x40, 0xF1, 0x78, 0x00, 0xC0, 0x20, 0xF1, 0x3C, 0x10, 0x40, 0xF1, 0x78, 0x00
	.byte 0xC0, 0x20, 0xF1, 0x3C, 0x10, 0x40, 0xF1, 0x78, 0x00, 0xC0, 0x20, 0xF1, 0x3C, 0x10, 0x40, 0xF1
	.byte 0x78, 0x00, 0xC0, 0x20, 0xF1, 0x3C, 0x10, 0x40, 0xF1, 0x78, 0x00, 0xC0, 0x20, 0xF1, 0x3C, 0x10
	.byte 0x40, 0xF1, 0x78, 0x00, 0xBF, 0x20, 0xF1, 0x3C, 0x10, 0x3F, 0xF1, 0x78, 0x00, 0xBF, 0x20, 0xF1
	.byte 0x3C, 0x10, 0x3F, 0xF1, 0x78, 0x00, 0xBF, 0x20, 0xF1, 0x3C, 0x10, 0x3F, 0xF1, 0x78, 0x00, 0xBF
	.byte 0x20, 0xF1, 0x3C, 0x10, 0x3F, 0xF1, 0x78, 0x00, 0xC0, 0x20, 0xF1, 0x3C, 0x10, 0x40, 0xF1, 0x78
	.byte 0x00, 0xC0, 0x20, 0xF1, 0x3C, 0x10, 0x40, 0xF1, 0x78, 0x00, 0xC0, 0x20, 0xF1, 0x3C, 0x10, 0x40
	.byte 0xF1, 0x78, 0x00, 0xC0, 0x20, 0xF1, 0x3C, 0x10, 0x40, 0xF1, 0x78, 0x00, 0xC4, 0x20, 0xF1, 0x3C
	.byte 0x10, 0x44, 0xF1, 0x78, 0x00, 0xC4, 0x20, 0xF1, 0x3C, 0x10, 0x44, 0xF1, 0x78, 0x00, 0xC4, 0x20
	.byte 0xF1, 0x3C, 0x10, 0x44, 0xF1, 0x78, 0x00, 0xC4, 0x20, 0xF1, 0x3C, 0x10, 0x44, 0xF1, 0x78, 0x00
	.byte 0xC5, 0x20, 0xF1, 0x3C, 0x10, 0x45, 0xF1, 0x78, 0x00, 0xC5, 0x20, 0xF1, 0x3C, 0x10, 0x45, 0xF1
	.byte 0x78, 0x00, 0xC5, 0x20, 0xF1, 0x3C, 0x10, 0x45, 0xF1, 0x78, 0x00, 0xC5, 0x20, 0xF1, 0x3C, 0x10
	.byte 0x45, 0xF1, 0x78, 0x00, 0xC4, 0x20, 0xF1, 0x3C, 0x10, 0x44, 0xF1, 0x78, 0x00, 0xC4, 0x20, 0xF1
	.byte 0x3C, 0x10, 0x44, 0xF1, 0x78, 0x00, 0xC4, 0x20, 0xF1, 0x3C, 0x10, 0x44, 0xF1, 0x78, 0x00, 0xC4
	.byte 0x20, 0xF1, 0x3C, 0x10, 0x44, 0xF1, 0x78, 0x00, 0xBD, 0x50, 0xF1, 0x3C, 0x10, 0x3D, 0xF1, 0x78
	.byte 0x00, 0xC5, 0x20, 0xF1, 0x3C, 0x10, 0x45, 0xF1, 0x78, 0x00, 0xC5, 0x20, 0xF1, 0x3C, 0x10, 0x45
	.byte 0xF1, 0x78, 0x00, 0xC4, 0x20, 0xF1, 0x3C, 0x10, 0x44, 0xF1, 0x78, 0x00, 0xC4, 0x20, 0xF1, 0x3C
	.byte 0x10, 0x44, 0xF1, 0x78, 0x00, 0xC4, 0x20, 0xF1, 0x3C, 0x10, 0x44, 0xF1, 0x78, 0x00, 0xC4, 0x20
	.byte 0xF1, 0x3C, 0x10, 0x44, 0xF1, 0x78, 0x00, 0xC5, 0x20, 0xF1, 0x3C, 0x10, 0x45, 0xF1, 0x78, 0x00
	.byte 0xC5, 0x20, 0xF1, 0x3C, 0x10, 0x45, 0xF1, 0x78, 0x00, 0xC5, 0x20, 0xF1, 0x3C, 0x10, 0x45, 0xF1
	.byte 0x78, 0x00, 0xC5, 0x20, 0xF1, 0x3C, 0x10, 0x45, 0xF1, 0x78, 0x00, 0xC4, 0x20, 0xF1, 0x3C, 0x10
	.byte 0x44, 0xF1, 0x78, 0x00, 0xC4, 0x20, 0xF1, 0x3C, 0x10, 0x44, 0xF1, 0x78, 0x00, 0xC4, 0x20, 0xF1
	.byte 0x3C, 0x10, 0x44, 0xF1, 0x78, 0x00, 0xC4, 0x20, 0xF1, 0x3C, 0x10, 0x44, 0xF1, 0x78, 0x00, 0xC5
	.byte 0x20, 0xF1, 0x3C, 0x10, 0x45, 0xF1, 0x78, 0x00, 0xC5, 0x20, 0xF1, 0x3C, 0x10, 0x45, 0xF1, 0x78
	.byte 0x00, 0xC5, 0x20, 0xF1, 0x3C, 0x10, 0x45, 0xF1, 0x78, 0x00, 0xC5, 0x20, 0xF1, 0x3C, 0x10, 0x45
	.byte 0xF1, 0x78, 0x00, 0xC4, 0x20, 0xF1, 0x3C, 0x10, 0x44, 0xF1, 0x78, 0x00, 0xC4, 0x20, 0xF1, 0x3C
	.byte 0x10, 0x44, 0xF1, 0x78, 0x00, 0xC4, 0x20, 0xF1, 0x3C, 0x10, 0x44, 0xF1, 0x78, 0x00, 0xC4, 0x20
	.byte 0xF1, 0x3C, 0x10, 0x44, 0xF1, 0x78, 0x00, 0xC5, 0x20, 0xF1, 0x3C, 0x10, 0x45, 0xF1, 0x78, 0x00
	.byte 0xC5, 0x20, 0xF1, 0x3C, 0x10, 0x45, 0xF1, 0x78, 0x00, 0xC5, 0x20, 0xF1, 0x3C, 0x10, 0x45, 0xF1
	.byte 0x78, 0x00, 0xC5, 0x20, 0xF1, 0x3C, 0x10, 0x45, 0xF1, 0x78, 0x00, 0xC4, 0x20, 0xF1, 0x3C, 0x10
	.byte 0x44, 0xF1, 0x78, 0x00, 0xC4, 0x20, 0xF1, 0x3C, 0x10, 0x44, 0xF1, 0x78, 0x00, 0xC4, 0x20, 0xF1
	.byte 0x3C, 0x10, 0x44, 0xF1, 0x78, 0x00, 0xC4, 0x20, 0xF1, 0x3C, 0x10, 0x44, 0xF1, 0x78, 0x00, 0xC5
	.byte 0x20, 0xF1, 0x3C, 0x10, 0x45, 0xF1, 0x78, 0x00, 0xC5, 0x20, 0xF1, 0x3C, 0x10, 0x45, 0xF1, 0x78
	.byte 0x00, 0xC5, 0x20, 0xF1, 0x3C, 0x10, 0x45, 0xF1, 0x78, 0x00, 0xC5, 0x20, 0xF1, 0x3C, 0x10, 0x45
	.byte 0xF1, 0x78, 0x00, 0xC4, 0x20, 0xF1, 0x3C, 0x10, 0x44, 0xF1, 0x78, 0x00, 0xC4, 0x20, 0xF1, 0x3C
	.byte 0x10, 0x44, 0xF1, 0x78, 0x00, 0xC4, 0x20, 0xF1, 0x3C, 0x10, 0x44, 0xF1, 0x78, 0x00, 0xC4, 0x20
	.byte 0xF1, 0x3C, 0x10, 0x44, 0xF1, 0x78, 0x00, 0xC2, 0x20, 0xF1, 0x3C, 0x10, 0x42, 0xF1, 0x78, 0x00
	.byte 0xC2, 0x20, 0xF1, 0x3C, 0x10, 0x42, 0xF1, 0x78, 0x00, 0xC2, 0x20, 0xF1, 0x3C, 0x10, 0x42, 0xF1
	.byte 0x78, 0x00, 0xC2, 0x20, 0xF1, 0x3C, 0x10, 0x42, 0xF1, 0x78, 0x00, 0xC2, 0x20, 0xF1, 0x3C, 0x10
	.byte 0x42, 0xF1, 0x78, 0x00, 0xC2, 0x20, 0xF1, 0x3C, 0x10, 0x42, 0xF1, 0x78, 0x00, 0xC2, 0x20, 0xF1
	.byte 0x3C, 0x10, 0x42, 0xF1, 0x78, 0x00, 0xC2, 0x20, 0xF1, 0x3C, 0x10, 0x42, 0xF1, 0x78, 0x00, 0xC2
	.byte 0x20, 0xF1, 0x3C, 0x10, 0x42, 0xF1, 0x78, 0x00, 0xC2, 0x20, 0xF1, 0x3C, 0x10, 0x42, 0xF1, 0x78
	.byte 0x00, 0xC2, 0x20, 0xF1, 0x3C, 0x10, 0x42, 0xF1, 0x78, 0x00, 0xC2, 0x20, 0xF1, 0x3C, 0x10, 0x42
	.byte 0xF1, 0x78, 0x00, 0xC4, 0x20, 0xF1, 0x3C, 0x10, 0x44, 0xF1, 0x78, 0x00, 0xC4, 0x20, 0xF1, 0x3C
	.byte 0x10, 0x44, 0xF1, 0x78, 0x00, 0xC4, 0x20, 0xF1, 0x3C, 0x10, 0x44, 0xF1, 0x78, 0x00, 0xC4, 0x20
	.byte 0xF1, 0x3C, 0x10, 0x44, 0xF1, 0x78, 0x00, 0xC5, 0x20, 0xF1, 0x3C, 0x10, 0x45, 0xF1, 0x78, 0x00
	.byte 0xC5, 0x20, 0xF1, 0x3C, 0x10, 0x45, 0xF1, 0x78, 0x00, 0xC5, 0x20, 0xF1, 0x3C, 0x10, 0x45, 0xF1
	.byte 0x78, 0x00, 0xC5, 0x20, 0xF1, 0x3C, 0x10, 0x45, 0xF1, 0x78, 0x00, 0xC4, 0x20, 0xF1, 0x3C, 0x10
	.byte 0x44, 0xF1, 0x78, 0x00, 0xC4, 0x20, 0xF1, 0x3C, 0x10, 0x44, 0xF1, 0x78, 0x00, 0xC4, 0x20, 0xF1
	.byte 0x3C, 0x10, 0x44, 0xF1, 0x78, 0x00, 0xC4, 0x20, 0xF1, 0x3C, 0x10, 0x44, 0xF1, 0x78, 0x00, 0xC5
	.byte 0x20, 0xF1, 0x3C, 0x10, 0x45, 0xF1, 0x78, 0x00, 0xC5, 0x20, 0xF1, 0x3C, 0x10, 0x45, 0xF1, 0x78
	.byte 0x00, 0xC5, 0x20, 0xF1, 0x3C, 0x10, 0x45, 0xF1, 0x78, 0x00, 0xC5, 0x20, 0xF1, 0x3C, 0x10, 0x45
	.byte 0xF1, 0x78, 0x00, 0xC4, 0x20, 0xF1, 0x3C, 0x10, 0x44, 0xF1, 0x78, 0x00, 0xC4, 0x20, 0xF1, 0x3C
	.byte 0x10, 0x44, 0xF1, 0x78, 0x00, 0xC4, 0x20, 0xF1, 0x3C, 0x10, 0x44, 0xF1, 0x78, 0x00, 0xC4, 0x20
	.byte 0xF1, 0x3C, 0x10, 0x44, 0xF1, 0x78, 0x00, 0xC5, 0x20, 0xF1, 0x3C, 0x10, 0x45, 0xF1, 0x78, 0x00
	.byte 0xC5, 0x20, 0xF1, 0x3C, 0x10, 0x45, 0xF1, 0x78, 0x00, 0xC5, 0x20, 0xF1, 0x3C, 0x10, 0x45, 0xF1
	.byte 0x78, 0x00, 0xC5, 0x20, 0xF1, 0x3C, 0x10, 0x45, 0xF1, 0x78, 0x00, 0xC4, 0x20, 0xF1, 0x3C, 0x10
	.byte 0x44, 0xF1, 0x78, 0x00, 0xC4, 0x20, 0xF1, 0x3C, 0x10, 0x44, 0xF1, 0x78, 0x00, 0xC4, 0x20, 0xF1
	.byte 0x3C, 0x10, 0x44, 0xF1, 0x78, 0x00, 0xC4, 0x20, 0xF1, 0x3C, 0x10, 0x44, 0xF1, 0x78, 0x00, 0xC5
	.byte 0x20, 0xF1, 0x3C, 0x10, 0x45, 0xF1, 0x78, 0x00, 0xC5, 0x20, 0xF1, 0x3C, 0x10, 0x45, 0xF1, 0x78
	.byte 0x00, 0xC5, 0x20, 0xF1, 0x3C, 0x10, 0x45, 0xF1, 0x78, 0x00, 0xC5, 0x20, 0xF1, 0x3C, 0x10, 0x45
	.byte 0xF1, 0x78, 0x00, 0xC4, 0x20, 0xF1, 0x3C, 0x10, 0x44, 0xF1, 0x78, 0x00, 0xC4, 0x20, 0xF1, 0x3C
	.byte 0x10, 0x44, 0xF1, 0x78, 0x00, 0xC4, 0x20, 0xF1, 0x3C, 0x10, 0x44, 0xF1, 0x78, 0x00, 0xC4, 0x20
	.byte 0xF1, 0x3C, 0x10, 0x44, 0xF1, 0x78, 0x00, 0xC2, 0x20, 0xF1, 0x3C, 0x10, 0x42, 0xF1, 0x78, 0x00
	.byte 0xC2, 0x20, 0xF1, 0x3C, 0x10, 0x42, 0xF1, 0x78, 0x00, 0xC2, 0x20, 0xF1, 0x3C, 0x10, 0x42, 0xF1
	.byte 0x78, 0x00, 0xC2, 0x20, 0xF1, 0x3C, 0x10, 0x42, 0xF1, 0x78, 0x00, 0xC4, 0x20, 0xF1, 0x3C, 0x10
	.byte 0x44, 0xF1, 0x78, 0x00, 0xC4, 0x20, 0xF1, 0x3C, 0x10, 0x44, 0xF1, 0x78, 0x00, 0xC4, 0x20, 0xF1
	.byte 0x3C, 0x10, 0x44, 0xF1, 0x78, 0x00, 0xC4, 0x20, 0xF1, 0x3C, 0x10, 0x44, 0xF1, 0x78, 0x00, 0xC4
	.byte 0x20, 0xF1, 0x3C, 0x10, 0x44, 0xF1, 0x78, 0x00, 0xC4, 0x20, 0xF1, 0x3C, 0x10, 0x44, 0xF1, 0x78
	.byte 0x00, 0xC4, 0x20, 0xF1, 0x3C, 0x10, 0x44, 0xF1, 0x78, 0x00, 0xC4, 0x20, 0xF1, 0x3C, 0x10, 0x44
	.byte 0xF1, 0x78, 0xF0, 0x22, 0xF2, 0xA0, 0xF1, 0x78, 0x60, 0x3D, 0x60, 0x3F, 0xC0, 0x3B, 0x60, 0x3F
	.byte 0x60, 0x3F, 0xC0, 0x40, 0xF0, 0x01, 0xF2, 0x82, 0xF1, 0x78, 0x00, 0xC0, 0x20, 0xF1, 0x3C, 0x10
	.byte 0x40, 0xF1, 0x78, 0x00, 0xC0, 0x20, 0xF1, 0x3C, 0x10, 0x40, 0xF1, 0x78, 0x00, 0xC2, 0x20, 0xF1
	.byte 0x3C, 0x10, 0x42, 0xF1, 0x78, 0x00, 0xBF, 0x20, 0xF1, 0x3C, 0x10, 0x3F, 0xF1, 0x78, 0x00, 0xC0
	.byte 0x20, 0xF1, 0x3C, 0x10, 0x40, 0xF1, 0x78, 0x00, 0xC0, 0x20, 0xF1, 0x3C, 0x10, 0x40, 0xF1, 0x78
	.byte 0x00, 0xC0, 0x20, 0xF1, 0x3C, 0x10, 0x40, 0xF1, 0x78, 0x00, 0xC0, 0x20, 0xF1, 0x3C, 0x10, 0x40
	.byte 0xF1, 0x78, 0x00, 0xC0, 0x20, 0xF1, 0x3C, 0x10, 0x40, 0xF1, 0x78, 0x00, 0xC0, 0x20, 0xF1, 0x3C
	.byte 0x10, 0x40, 0xF1, 0x78, 0x00, 0xC0, 0x20, 0xF1, 0x3C, 0x10, 0x40, 0xF1, 0x78, 0x00, 0xC0, 0x20
	.byte 0xF1, 0x3C, 0x10, 0x40, 0xF1, 0x78, 0x00, 0xC0, 0x20, 0xF1, 0x3C, 0x10, 0x40, 0xF1, 0x78, 0x00
	.byte 0xC0, 0x20, 0xF1, 0x3C, 0x10, 0x40, 0xF1, 0x78, 0x00, 0xC0, 0x20, 0xF1, 0x3C, 0x10, 0x40, 0xF1
	.byte 0x78, 0x00, 0xC0, 0x20, 0xF1, 0x3C, 0x10, 0x40, 0xF1, 0x78, 0x00, 0xBF, 0x20, 0xF1, 0x3C, 0x10
	.byte 0x3F, 0xF1, 0x78, 0x00, 0xBF, 0x20, 0xF1, 0x3C, 0x10, 0x3F, 0xF1, 0x78, 0x00, 0xBF, 0x20, 0xF1
	.byte 0x3C, 0x10, 0x3F, 0xF1, 0x78, 0x00, 0xBF, 0x20, 0xF1, 0x3C, 0x10, 0x3F, 0xF1, 0x78, 0x00, 0xC0
	.byte 0x20, 0xF1, 0x3C, 0x10, 0x40, 0xF1, 0x78, 0x00, 0xC0, 0x20, 0xF1, 0x3C, 0x10, 0x40, 0xF1, 0x78
	.byte 0x00, 0xC0, 0x20, 0xF1, 0x3C, 0x10, 0x40, 0xF1, 0x78, 0x00, 0xC0, 0x20, 0xF1, 0x3C, 0x10, 0x40
	.byte 0xF1, 0x78, 0x00, 0xC4, 0x20, 0xF1, 0x3C, 0x10, 0x44, 0xF1, 0x78, 0x00, 0xC4, 0x20, 0xF1, 0x3C
	.byte 0x10, 0x44, 0xF1, 0x78, 0x00, 0xC4, 0x20, 0xF1, 0x3C, 0x10, 0x44, 0xF1, 0x78, 0x00, 0xC4, 0x20
	.byte 0xF1, 0x3C, 0x10, 0x44, 0xF1, 0x78, 0xF9, 0x7A, 0x00, 0xC5, 0x20, 0xF1, 0x3C, 0x10, 0x45, 0xF1
	.byte 0x78, 0x00, 0xC5, 0x20, 0xF1, 0x3C, 0x10, 0x45, 0xF1, 0x78, 0x00, 0xC5, 0x18, 0xF9, 0x78, 0x00
	.byte 0xC5, 0x08, 0xF1, 0x3C, 0x10, 0x45, 0xF1, 0x78, 0x00, 0xC5, 0x20, 0xF9, 0x78, 0xF1, 0x3C, 0x10
	.byte 0x45, 0xF1, 0x78, 0xF9, 0x76, 0x00, 0xC4, 0x20, 0xF1, 0x3C, 0x10, 0x44, 0xF1, 0x78, 0x00, 0xC4
	.byte 0x20, 0xF1, 0x3C, 0x10, 0x44, 0xF1, 0x78, 0x00, 0xC4, 0x14, 0xF9, 0x74, 0x00, 0xC4, 0x0C, 0xF1
	.byte 0x3C, 0x10, 0x44, 0xF1, 0x78, 0x00, 0xC4, 0x20, 0xF1, 0x3C, 0x10, 0x44, 0xF1, 0x78, 0xF9, 0x72
	.byte 0x00, 0xBD, 0x50, 0xF1, 0x3C, 0x10, 0x3D, 0xF1, 0x78, 0xF9, 0x70, 0x00, 0xC5, 0x02, 0xF9, 0x6E
	.byte 0x00, 0xC5, 0x1E, 0xF1, 0x3C, 0x00, 0xC5, 0x0C, 0xF9, 0x6A, 0x04, 0x45, 0xF1, 0x78, 0x00, 0xC5
	.byte 0x20, 0xF9, 0x50, 0xF1, 0x3C, 0x10, 0x45, 0xF1, 0x78, 0xF9, 0x60, 0xF6, 0x05, 0x00, 0xC4, 0xBB
	.byte 0xF1, 0x64, 0x00, 0xC4, 0x18, 0xF1, 0x50, 0x00, 0xC4, 0x18, 0xF1, 0x28, 0x00, 0xC4, 0x18, 0xF1
	.byte 0x14, 0x18, 0x44, 0xF6, 0x60, 0xFF, 0xF9, 0x7B, 0xF6, 0x08, 0xF0, 0x22, 0xF2, 0x3C, 0xF1, 0x78
	.byte 0xC0, 0x44, 0xC0, 0x45, 0xC0, 0x47, 0xF1, 0x3C, 0x00, 0xC7, 0x18, 0xF1, 0x1E, 0x18, 0x47, 0xF6
	.byte 0x88, 0xF6, 0xC0, 0xF6, 0xC0, 0xF6, 0xC0, 0xF6, 0xC0, 0xF6, 0xC0, 0xF6, 0xC0, 0xF6, 0xC0, 0xF6
	.byte 0xC0, 0xF6, 0xC0, 0xF6, 0xC0, 0xF6, 0xC0, 0xF0, 0x00, 0xF2, 0x7F, 0xF1, 0xB4, 0xF6, 0x30, 0x20
	.byte 0x23, 0xF6, 0x10, 0x20, 0x24, 0x20, 0x21, 0xF6, 0x10, 0x10, 0x21, 0x30, 0x24, 0x20, 0x29, 0x30
	.byte 0x24, 0x10, 0x24, 0x30, 0x29, 0x30, 0x24, 0x20, 0x29, 0x30, 0x24, 0x10, 0x24, 0x20, 0x29, 0x10
	.byte 0x24, 0x30, 0x24, 0x20, 0x29, 0x30, 0x24, 0x10, 0x24, 0x30, 0x29, 0x30, 0x24, 0x20, 0x29, 0x30
	.byte 0x24, 0x10, 0x24, 0x20, 0x29, 0x10, 0x24, 0x30, 0x24, 0x20, 0x29, 0x30, 0x24, 0x10, 0x24, 0x30
	.byte 0x29, 0x30, 0x24, 0x20, 0x29, 0x30, 0x24, 0x10, 0x24, 0x20, 0x29, 0x10, 0x24, 0x30, 0x24, 0x20
	.byte 0x29, 0x30, 0x24, 0x10, 0x24, 0x30, 0x29, 0x30, 0x24, 0x20, 0x29, 0x30, 0x24, 0x10, 0x24, 0x20
	.byte 0x29, 0x10, 0x24, 0x30, 0x24, 0x20, 0x29, 0x30, 0x24, 0x10, 0x24, 0x30, 0x29, 0x30, 0x24, 0x20
	.byte 0x29, 0x30, 0x24, 0x10, 0x24, 0x20, 0x29, 0x10, 0x24, 0x30, 0x24, 0x20, 0x29, 0x30, 0x24, 0x10
	.byte 0x24, 0x30, 0x29, 0x30, 0x24, 0x20, 0x29, 0x10, 0x24, 0x10, 0x24, 0x10, 0x23, 0x10, 0x24, 0x10
	.byte 0x21, 0x10, 0x24, 0x10, 0x21, 0x30, 0x24, 0x20, 0x29, 0x30, 0x24, 0x10, 0x24, 0x30, 0x29, 0x30
	.byte 0x24, 0x20, 0x29, 0x30, 0x24, 0x10, 0x24, 0x20, 0x29, 0x10, 0x24, 0x30, 0x24, 0x20, 0x29, 0x30
	.byte 0x24, 0x10, 0x24, 0x30, 0x29, 0x30, 0x24, 0x20, 0x29, 0x30, 0x24, 0x10, 0x24, 0x20, 0x29, 0x10
	.byte 0x24, 0x30, 0x24, 0x20, 0x29, 0x30, 0x24, 0x10, 0x24, 0x30, 0x29, 0x30, 0x24, 0x20, 0x29, 0x30
	.byte 0x24, 0x10, 0x24, 0x20, 0x29, 0x10, 0x24, 0x30, 0x24, 0x20, 0x29, 0x30, 0x24, 0x10, 0x24, 0x30
	.byte 0x29, 0x30, 0x24, 0x20, 0x29, 0x30, 0x24, 0x10, 0x24, 0x20, 0x29, 0x10, 0x24, 0x30, 0x24, 0x20
	.byte 0x29, 0x30, 0x24, 0x10, 0x24, 0x30, 0x29, 0x30, 0x24, 0x20, 0x29, 0x30, 0x24, 0x10, 0x24, 0x20
	.byte 0x29, 0x10, 0x24, 0x30, 0x24, 0x20, 0x29, 0x30, 0x24, 0x10, 0x24, 0x30, 0x29, 0x30, 0x24, 0x20
	.byte 0x29, 0x30, 0x24, 0x10, 0x24, 0x20, 0x29, 0x10, 0x24, 0x30, 0x24, 0x20, 0x29, 0x30, 0x24, 0x10
	.byte 0x24, 0x30, 0x29, 0xF6, 0xC0, 0xF6, 0xC0, 0xF6, 0xC0, 0xF6, 0xC0, 0xF6, 0xC0, 0xF6, 0xC0, 0xF6
	.byte 0xC0, 0xF6, 0xC0, 0xF6, 0xC0, 0xF6, 0xC0, 0xF6, 0xC0, 0xF6, 0xC0, 0xF6, 0x30, 0x20, 0x23, 0xF6
	.byte 0x10, 0x20, 0x24, 0x20, 0x21, 0xF6, 0x10, 0x10, 0x29, 0x30, 0x24, 0x20, 0x29, 0x30, 0x24, 0x10
	.byte 0x24, 0x30, 0x29, 0x30, 0x24, 0x20, 0x29, 0x30, 0x24, 0x10, 0x24, 0x20, 0x29, 0x10, 0x24, 0x30
	.byte 0x24, 0x20, 0x29, 0x30, 0x24, 0x10, 0x24, 0x30, 0x29, 0x30, 0x24, 0x20, 0x29, 0x30, 0x24, 0x10
	.byte 0x24, 0x20, 0x29, 0x10, 0x24, 0x30, 0x24, 0x20, 0x29, 0x30, 0x24, 0x10, 0x24, 0x30, 0x29, 0x30
	.byte 0x24, 0x20, 0x29, 0x30, 0x24, 0x10, 0x24, 0x20, 0x29, 0x10, 0x24, 0x30, 0x24, 0x20, 0x29, 0x30
	.byte 0x24, 0x10, 0x24, 0x30, 0x29, 0x30, 0x24, 0x20, 0x29, 0x30, 0x24, 0x10, 0x24, 0x20, 0x29, 0x10
	.byte 0x24, 0x30, 0x24, 0x20, 0x29, 0x30, 0x24, 0x10, 0x24, 0x30, 0x29, 0x30, 0x24, 0x20, 0x29, 0x30
	.byte 0x24, 0x10, 0x24, 0x20, 0x29, 0x10, 0x24, 0x30, 0x24, 0x20, 0x29, 0x30, 0x24, 0x10, 0x24, 0x30
	.byte 0x29, 0x30, 0x24, 0x20, 0x29, 0x10, 0x24, 0x10, 0x24, 0x10, 0x23, 0x10, 0x24, 0x10, 0x21, 0x10
	.byte 0x24, 0x10, 0x29, 0xF6, 0xC0, 0xF6, 0xC0, 0xF6, 0xC0, 0xF6, 0x30, 0x20, 0x23, 0xF6, 0x10, 0x20
	.byte 0x24, 0x10, 0x21, 0x10, 0x29, 0x10, 0x24, 0x10, 0x29, 0x30, 0x24, 0x20, 0x29, 0x30, 0x24, 0x10
	.byte 0x24, 0x30, 0x29, 0x30, 0x24, 0x20, 0x29, 0x30, 0x24, 0x10, 0x24, 0x20, 0x29, 0x10, 0x24, 0x30
	.byte 0x24, 0x20, 0x29, 0x30, 0x24, 0x10, 0x24, 0x30, 0x29, 0x30, 0x24, 0x20, 0x29, 0x30, 0x24, 0x10
	.byte 0x24, 0x20, 0x29, 0x10, 0x24, 0x30, 0x24, 0x20, 0x29, 0x30, 0x24, 0x10, 0x24, 0x30, 0x29, 0x30
	.byte 0x24, 0x20, 0x29, 0x30, 0x24, 0x10, 0x24, 0x20, 0x29, 0x10, 0x24, 0x30, 0x24, 0x20, 0x29, 0x30
	.byte 0x24, 0x10, 0x24, 0x30, 0x29, 0xF9, 0x7A, 0x30, 0x24, 0x20, 0x29, 0x00, 0xA4, 0x28, 0xF9, 0x78
	.byte 0x08, 0x24, 0x10, 0x24, 0x20, 0x29, 0x10, 0x24, 0xF9, 0x76, 0x30, 0x24, 0x20, 0x29, 0x00, 0xA4
	.byte 0x24, 0xF9, 0x74, 0x00, 0xA4, 0x0A, 0xF9, 0x74, 0x02, 0x24, 0x10, 0x24, 0x30, 0x29, 0xF9, 0x72
	.byte 0xF6, 0x32, 0xF9, 0x72, 0xF6, 0x02, 0xF9, 0x70, 0xF6, 0x2E, 0xF9, 0x6E, 0xF6, 0x2A, 0xF9, 0x6A
	.byte 0xF6, 0x24, 0xF9, 0x50, 0xF6, 0x10, 0xF9, 0x60, 0xF6, 0xC0, 0xF6, 0xC0, 0xFF, 0xF9, 0x7B, 0xF0
	.byte 0x00, 0xF2, 0x8C, 0xF1, 0x50, 0x20, 0x2C, 0x10, 0x2C, 0x60, 0x2E, 0xF6, 0x30, 0xF6, 0x10, 0x10
	.byte 0x2C, 0x10, 0x2C, 0x60, 0x2E, 0x20, 0x2C, 0x10, 0x2C, 0x60, 0x2E, 0x20, 0x2C, 0x10, 0x2C, 0x30
	.byte 0x2E, 0x20, 0x2C, 0x10, 0x2C, 0x30, 0x2E, 0x20, 0x2C, 0x10, 0x2C, 0x30, 0x2E, 0x20, 0x2C, 0x10
	.byte 0x2C, 0x30, 0x2E, 0x20, 0x2C, 0x10, 0x2C, 0x30, 0x2E, 0x20, 0x2C, 0x10, 0x2C, 0x30, 0x2E, 0x20
	.byte 0x2C, 0x10, 0x2C, 0x30, 0x2E, 0x20, 0x2C, 0x10, 0x2C, 0x30, 0x2E, 0x20, 0x2C, 0x10, 0x2C, 0x30
	.byte 0x2E, 0x20, 0x2C, 0x10, 0x2C, 0x30, 0x2E, 0x20, 0x2C, 0x10, 0x2C, 0x30, 0x2E, 0x20, 0x2C, 0x10
	.byte 0x2C, 0x30, 0x2E, 0x20, 0x2C, 0x10, 0x2C, 0x30, 0x2E, 0x20, 0x2C, 0x10, 0x2C, 0x30, 0x2E, 0x20
	.byte 0x2C, 0x10, 0x2C, 0x30, 0x2E, 0x20, 0x2C, 0x10, 0x2C, 0x30, 0x2E, 0x20, 0x2C, 0x10, 0x2C, 0x30
	.byte 0x2E, 0x20, 0x2C, 0x10, 0x2C, 0x30, 0x2E, 0x20, 0x2C, 0x10, 0x2C, 0x30, 0x2E, 0x20, 0x2C, 0x10
	.byte 0x2C, 0x30, 0x2E, 0x20, 0x2C, 0x10, 0x2C, 0x30, 0x2E, 0x20, 0x2C, 0x10, 0x2C, 0x30, 0x2E, 0x20
	.byte 0x2C, 0x10, 0x2C, 0x30, 0x2E, 0x20, 0x2C, 0x10, 0x2C, 0x30, 0x2E, 0x20, 0x2C, 0x10, 0x2C, 0x30
	.byte 0x2E, 0x20, 0x2E, 0xF6, 0xA0, 0xF6, 0xC0, 0xF6, 0xC0, 0xF6, 0xC0, 0xF6, 0xC0, 0xF6, 0xC0, 0xF6
	.byte 0xC0, 0xF6, 0xC0, 0xF6, 0xC0, 0xF6, 0xC0, 0xF6, 0xC0, 0xF6, 0xC0, 0xF6, 0xC0, 0xF6, 0xC0, 0xF6
	.byte 0xC0, 0xF6, 0xC0, 0xF6, 0xC0, 0xF6, 0xC0, 0xF6, 0xC0, 0xF6, 0xC0, 0xF6, 0xC0, 0xF6, 0xC0, 0xF6
	.byte 0xC0, 0xF6, 0xC0, 0xF6, 0xC0, 0xF6, 0xC0, 0x60, 0x2E, 0x20, 0x2C, 0x10, 0x2C, 0x30, 0x2E, 0x20
	.byte 0x2C, 0x10, 0x2C, 0x30, 0x2E, 0x20, 0x2C, 0x10, 0x2C, 0x30, 0x2E, 0x20, 0x2C, 0x10, 0x2C, 0x30
	.byte 0x2E, 0x20, 0x2C, 0x10, 0x2C, 0x30, 0x2E, 0x20, 0x2C, 0x10, 0x2C, 0x30, 0x2E, 0x20, 0x2C, 0x10
	.byte 0x2C, 0x30, 0x2E, 0x20, 0x2C, 0x10, 0x2C, 0x30, 0x2E, 0x20, 0x2C, 0x10, 0x2C, 0x30, 0x2E, 0x20
	.byte 0x2C, 0x10, 0x2C, 0x30, 0x2E, 0x20, 0x2C, 0x10, 0x2C, 0x30, 0x2E, 0x20, 0x2C, 0x10, 0x2C, 0x30
	.byte 0x2E, 0x20, 0x2C, 0x10, 0x2C, 0x30, 0x2E, 0x20, 0x2C, 0x10, 0x2C, 0x30, 0x2E, 0x20, 0x2C, 0x10
	.byte 0x2C, 0x30, 0x2E, 0x20, 0x2C, 0x10, 0x2C, 0x30, 0x2E, 0x20, 0x2C, 0x10, 0x2C, 0x30, 0x2E, 0x20
	.byte 0x2C, 0x10, 0x2C, 0x30, 0x2E, 0x20, 0x2C, 0x10, 0x2C, 0x30, 0x2E, 0x20, 0x2C, 0x10, 0x2C, 0x30
	.byte 0x2E, 0x20, 0x2C, 0x10, 0x2C, 0x30, 0x2E, 0x20, 0x2C, 0x10, 0x2C, 0x30, 0x2E, 0x20, 0x2C, 0x10
	.byte 0x2C, 0x30, 0x2E, 0x20, 0x2E, 0xF6, 0xA0, 0xF6, 0xC0, 0xF6, 0xC0, 0xF6, 0xC0, 0xF6, 0xC0, 0xF6
	.byte 0xC0, 0xF6, 0xC0, 0xF6, 0xC0, 0xF6, 0xC0, 0xF6, 0xC0, 0xF6, 0xC0, 0xF6, 0xC0, 0xF6, 0xC0, 0x60
	.byte 0x2E, 0xF6, 0x60, 0xF6, 0xC0, 0xF6, 0xC0, 0xF6, 0xC0, 0xF6, 0xC0, 0xF6, 0xC0, 0xF6, 0xC0, 0xF6
	.byte 0xC0, 0xF6, 0xC0, 0xF6, 0xC0, 0xF6, 0xC0, 0xF9, 0x7A, 0xF6, 0x78, 0xF9, 0x78, 0xF6, 0x48, 0xF9
	.byte 0x76, 0xF6, 0x74, 0xF9, 0x74, 0xF6, 0x4C, 0xF9, 0x72, 0x00, 0xAE, 0x34, 0xF9, 0x70, 0x1C, 0x2E
	.byte 0xF6, 0x10, 0x00, 0xAC, 0x02, 0xF9, 0x6E, 0x1E, 0x2C, 0x00, 0xAC, 0x0C, 0xF9, 0x6A, 0x04, 0x2C
	.byte 0x00, 0xAE, 0x20, 0xF9, 0x50, 0x10, 0x2E, 0xF9, 0x60, 0x60, 0x2E, 0xF6, 0x60, 0xF6, 0xC0, 0xFF
	.byte 0xF9, 0x7B, 0xF6, 0x01, 0xF0, 0x20, 0xF4, 0x5A, 0xF1, 0x64, 0xF6, 0xC0, 0xF6, 0xC0, 0xF6, 0xC0
	.byte 0xF6, 0x30, 0xF5, 0xFE, 0x00, 0xCC, 0x04, 0xF5, 0xFF, 0x00, 0xCC, 0x04, 0xF5, 0x00, 0x00, 0xCC
	.byte 0x18, 0xF1, 0x3C, 0x10, 0x4C, 0xF1, 0x64, 0x20, 0x4C, 0xF5, 0xFE, 0x00, 0xCE, 0x04, 0xF5, 0xFF
	.byte 0x00, 0xCE, 0x04, 0xF5, 0x00, 0x00, 0xCE, 0x08, 0xF1, 0x3C, 0x08, 0x4E, 0xF1, 0x64, 0xF6, 0x18
	.byte 0x00, 0xCC, 0x10, 0x00, 0xCC, 0x50, 0xF1, 0x3C, 0x10, 0x4C, 0xF1, 0x64, 0x20, 0x47, 0x00, 0xCC
	.byte 0x18, 0xF1, 0x3C, 0x0C, 0x4C, 0xF1, 0x64, 0xF6, 0x0C, 0xF5, 0xFE, 0x00, 0xCE, 0x04, 0xF5, 0xFF
	.byte 0x00, 0xCE, 0x04, 0xF5, 0x00, 0x00, 0xCE, 0x08, 0x00, 0xCE, 0x5C, 0xF1, 0x3C, 0x04, 0x4E, 0xF1
	.byte 0x64, 0xF5, 0xFE, 0x00, 0xD1, 0x04, 0xF5, 0xFF, 0x00, 0xD1, 0x04, 0xF5, 0x00, 0x18, 0x51, 0x10
	.byte 0x50, 0x20, 0x4E, 0xF5, 0xFE, 0x00, 0xD0, 0x04, 0xF5, 0xFF, 0x00, 0xD0, 0x04, 0xF5, 0x00, 0x00
	.byte 0xD0, 0x08, 0x00, 0xD0, 0x80, 0xF1, 0x3C, 0x10, 0x50, 0xF1, 0x64, 0xF5, 0xFE, 0x00, 0xD0, 0x04
	.byte 0xF5, 0xFF, 0x00, 0xD0, 0x04, 0xF5, 0x00, 0x28, 0x50, 0x00, 0xCE, 0x24, 0xF1, 0x3C, 0x0C, 0x4E
	.byte 0xF1, 0x64, 0x30, 0x4C, 0xF5, 0xFE, 0x00, 0xD0, 0x04, 0xF5, 0xFF, 0x00, 0xD0, 0x04, 0xF5, 0x00
	.byte 0x18, 0x50, 0x18, 0x51, 0x00, 0xD1, 0x0C, 0xF1, 0x3C, 0x0C, 0x51, 0xF1, 0x64, 0xF5, 0xFE, 0x00
	.byte 0xD3, 0x04, 0xF5, 0xFF, 0x00, 0xD3, 0x04, 0xF5, 0x00, 0x00, 0xD3, 0x08, 0x00, 0xD3, 0x80, 0xF1
	.byte 0x3C, 0x10, 0x53, 0xF1, 0x64, 0x20, 0x53, 0xF5, 0xFE, 0x00, 0xD5, 0x04, 0xF5, 0xFF, 0x00, 0xD5
	.byte 0x04, 0xF5, 0x00, 0x00, 0xD5, 0x08, 0x00, 0xD5, 0x20, 0xF1, 0x3C, 0x10, 0x55, 0xF1, 0x64, 0x30
	.byte 0x53, 0x20, 0x51, 0xF5, 0xFE, 0x00, 0xD5, 0x04, 0xF5, 0xFF, 0x00, 0xD5, 0x04, 0xF5, 0x00, 0x00
	.byte 0xD5, 0x10, 0xF1, 0x3C, 0x10, 0x55, 0xF1, 0x64, 0xF6, 0x08, 0x00, 0xD3, 0x10, 0x00, 0xD3, 0x80
	.byte 0xF1, 0x3C, 0x10, 0x53, 0xF1, 0x64, 0xF5, 0xFE, 0x00, 0xD3, 0x04, 0xF5, 0xFF, 0x00, 0xD3, 0x04
	.byte 0xF5, 0x00, 0x28, 0x53, 0x00, 0xD1, 0x24, 0xF1, 0x3C, 0x0C, 0x51, 0xF1, 0x64, 0x30, 0x50, 0x20
	.byte 0x4E, 0xF5, 0xFE, 0x00, 0xD1, 0x04, 0xF5, 0xFF, 0x00, 0xD1, 0x04, 0xF5, 0x00, 0x00, 0xD1, 0x10
	.byte 0xF1, 0x3C, 0x10, 0x51, 0xF1, 0x64, 0xF6, 0x08, 0x00, 0xD0, 0x10, 0x00, 0xD0, 0x90, 0xF1, 0x3C
	.byte 0x18, 0x50, 0xF1, 0x64, 0xF6, 0x18, 0xF5, 0xFE, 0x00, 0xD2, 0x04, 0xF5, 0xFF, 0x00, 0xD2, 0x04
	.byte 0xF5, 0x00, 0x00, 0xD2, 0x1C, 0xF1, 0x3C, 0x0C, 0x52, 0xF1, 0x64, 0x30, 0x50, 0x20, 0x4E, 0x10
	.byte 0x4C, 0x20, 0x49, 0x00, 0xCB, 0x10, 0x00, 0xCB, 0x80, 0xF1, 0x3C, 0x10, 0x4B, 0xF1, 0x64, 0x20
	.byte 0x4C, 0x00, 0xCE, 0x10, 0x00, 0xCE, 0x60, 0xF1, 0x3C, 0x10, 0x4E, 0xF1, 0x64, 0xF6, 0x10, 0xF5
	.byte 0xFE, 0x00, 0xD0, 0x04, 0xF5, 0xFF, 0x00, 0xD0, 0x04, 0xF5, 0x00, 0x08, 0x50, 0x20, 0x4E, 0x00
	.byte 0xCC, 0x10, 0x00, 0xCC, 0x50, 0xF1, 0x3C, 0x10, 0x4C, 0xF1, 0x64, 0x20, 0x47, 0x00, 0xCC, 0x18
	.byte 0xF1, 0x3C, 0x0C, 0x4C, 0xF1, 0x64, 0xF6, 0x0C, 0xF5, 0xFE, 0x00, 0xCE, 0x04, 0xF5, 0xFF, 0x00
	.byte 0xCE, 0x04, 0xF5, 0x00, 0x00, 0xCE, 0x08, 0x00, 0xCE, 0x5C, 0xF1, 0x3C, 0x04, 0x4E, 0xF1, 0x64
	.byte 0xF5, 0xFE, 0x00, 0xD1, 0x04, 0xF5, 0xFF, 0x00, 0xD1, 0x04, 0xF5, 0x00, 0x18, 0x51, 0x10, 0x50
	.byte 0x20, 0x4E, 0xF5, 0xFE, 0x00, 0xD0, 0x04, 0xF5, 0xFF, 0x00, 0xD0, 0x04, 0xF5, 0x00, 0x00, 0xD0
	.byte 0x08, 0x00, 0xD0, 0x80, 0xF1, 0x3C, 0x10, 0x50, 0xF1, 0x64, 0xF5, 0xFE, 0x00, 0xD0, 0x04, 0xF5
	.byte 0xFF, 0x00, 0xD0, 0x04, 0xF5, 0x00, 0x28, 0x50, 0x00, 0xCE, 0x24, 0xF1, 0x3C, 0x0C, 0x4E, 0xF1
	.byte 0x64, 0x30, 0x4C, 0x20, 0x50, 0x00, 0xD1, 0x18, 0xF1, 0x3C, 0x0C, 0x51, 0xF1, 0x64, 0xF6, 0x0C
	.byte 0xF5, 0xFE, 0x00, 0xD3, 0x04, 0xF5, 0xFF, 0x00, 0xD3, 0x04, 0xF5, 0x00, 0x00, 0xD3, 0x08, 0x00
	.byte 0xD3, 0x80, 0xF1, 0x3C, 0x10, 0x53, 0xF1, 0x64, 0x20, 0x53, 0xF5, 0xFE, 0x00, 0xD5, 0x04, 0xF5
	.byte 0xFF, 0x00, 0xD5, 0x04, 0xF5, 0x00, 0x00, 0xD5, 0x08, 0x00, 0xD5, 0x20, 0xF1, 0x3C, 0x10, 0x55
	.byte 0xF1, 0x64, 0x30, 0x53, 0x20, 0x51, 0xF5, 0xFE, 0x00, 0xD5, 0x04, 0xF5, 0xFF, 0x00, 0xD5, 0x04
	.byte 0xF5, 0x00, 0x00, 0xD5, 0x10, 0xF1, 0x3C, 0x10, 0x55, 0xF1, 0x64, 0xF6, 0x08, 0x00, 0xD3, 0x10
	.byte 0x00, 0xD3, 0x80, 0xF1, 0x3C, 0x10, 0x53, 0xF1, 0x64, 0xF5, 0xFE, 0x00, 0xD3, 0x04, 0xF5, 0xFF
	.byte 0x00, 0xD3, 0x04, 0xF5, 0x00, 0x28, 0x53, 0x00, 0xD1, 0x24, 0xF1, 0x3C, 0x0C, 0x51, 0xF1, 0x64
	.byte 0x30, 0x50, 0x20, 0x4E, 0xF5, 0xFE, 0x00, 0xD1, 0x04, 0xF5, 0xFF, 0x00, 0xD1, 0x04, 0xF5, 0x00
	.byte 0x00, 0xD1, 0x10, 0xF1, 0x3C, 0x10, 0x51, 0xF1, 0x64, 0xF6, 0x08, 0x00, 0xD0, 0x10, 0x00, 0xD0
	.byte 0x90, 0xF1, 0x3C, 0x18, 0x50, 0xF1, 0x64, 0xF6, 0x18, 0xF5, 0xFE, 0x00, 0xCE, 0x04, 0xF5, 0xFF
	.byte 0x00, 0xCE, 0x04, 0xF5, 0x00, 0x1C, 0x4E, 0xF6, 0x0C, 0x00, 0xCC, 0x28, 0xF1, 0x3C, 0x08, 0x4C
	.byte 0xF1, 0x64, 0x00, 0xCB, 0x18, 0xF1, 0x3C, 0x08, 0x4B, 0xF1, 0x64, 0x10, 0x4B, 0xF5, 0xFE, 0x00
	.byte 0xCE, 0x04, 0xF5, 0xFF, 0x00, 0xCE, 0x04, 0xF5, 0x00, 0x00, 0xCE, 0x14, 0xF1, 0x3C, 0x04, 0x4E
	.byte 0xF1, 0x64, 0x00, 0xCC, 0x10, 0x00, 0xCC, 0xC0, 0xF1, 0x3C, 0x0C, 0x4C, 0xF1, 0x64, 0xF6, 0xB4
	.byte 0xF5, 0xFE, 0x00, 0xD1, 0x04, 0xF5, 0xFF, 0x00, 0xD1, 0x04, 0xF5, 0x00, 0x00, 0xD1, 0x40, 0xF1
	.byte 0x3C, 0x18, 0x51, 0xF1, 0x64, 0x00, 0xD3, 0x20, 0xF1, 0x3C, 0x10, 0x53, 0xF1, 0x64, 0xF5, 0xFE
	.byte 0x00, 0xD5, 0x04, 0xF5, 0xFF, 0x00, 0xD5, 0x04, 0xF5, 0x00, 0x18, 0x55, 0x00, 0xD3, 0x10, 0x00
	.byte 0xD3, 0x70, 0xF1, 0x3C, 0x10, 0x53, 0xF1, 0x64, 0xF6, 0x10, 0x30, 0x4C, 0xF5, 0xFE, 0x00, 0xCE
	.byte 0x04, 0xF5, 0xFF, 0x00, 0xCE, 0x04, 0xF5, 0x00, 0x00, 0xCE, 0x40, 0xF1, 0x3C, 0x0C, 0x4E, 0xF1
	.byte 0x64, 0xF6, 0x0C, 0x00, 0xD0, 0x20, 0xF1, 0x3C, 0x10, 0x50, 0xF1, 0x64, 0xF5, 0xFE, 0x00, 0xD1
	.byte 0x04, 0xF5, 0xFF, 0x00, 0xD1, 0x04, 0xF5, 0x00, 0x18, 0x51, 0x00, 0xD0, 0x10, 0x00, 0xD0, 0x10
	.byte 0xF1, 0x3C, 0x10, 0x50, 0xF1, 0x64, 0x00, 0xCE, 0x18, 0xF1, 0x3C, 0x0C, 0x4E, 0xF1, 0x64, 0xF6
	.byte 0x0C, 0x00, 0xCC, 0x40, 0xF1, 0x3C, 0x0C, 0x4C, 0xF1, 0x64, 0xF6, 0x24, 0xF5, 0xFE, 0x00, 0xD5
	.byte 0x04, 0xF5, 0xFF, 0x00, 0xD5, 0x04, 0xF5, 0x00, 0x4C, 0x55, 0xF6, 0x0C, 0xF5, 0xFE, 0x00, 0xD7
	.byte 0x04, 0xF5, 0xFF, 0x00, 0xD7, 0x04, 0xF5, 0x00, 0x00, 0xD7, 0x14, 0xF1, 0x3C, 0x04, 0x57, 0xF1
	.byte 0x64, 0x00, 0xD5, 0x18, 0xF1, 0x3C, 0x0C, 0x55, 0xF1, 0x64, 0xF6, 0x0C, 0x00, 0xD3, 0x10, 0x00
	.byte 0xD3, 0x14, 0xF1, 0x3C, 0x0C, 0x53, 0xF1, 0x64, 0x00, 0xD0, 0x24, 0xF1, 0x3C, 0x0C, 0x50, 0xF1
	.byte 0x64, 0x00, 0xCC, 0x28, 0xF1, 0x3C, 0x08, 0x4C, 0xF1, 0x64, 0x10, 0x4E, 0xF5, 0xFE, 0x00, 0xD0
	.byte 0x04, 0xF5, 0xFF, 0x00, 0xD0, 0x04, 0xF5, 0x00, 0x00, 0xD0, 0x28, 0x08, 0x50, 0xF6, 0x28, 0xF5
	.byte 0xFE, 0x00, 0xCC, 0x04, 0xF5, 0xFF, 0x00, 0xCC, 0x04, 0xF5, 0x00, 0x00, 0xCC, 0x20, 0xF1, 0x3C
	.byte 0x08, 0x4C, 0xF1, 0x64, 0x20, 0x47, 0x00, 0xCC, 0x18, 0xF1, 0x3C, 0x0C, 0x4C, 0xF1, 0x64, 0xF6
	.byte 0x0C, 0xF5, 0xFE, 0x00, 0xCE, 0x04, 0xF5, 0xFF, 0x00, 0xCE, 0x04, 0xF5, 0x00, 0x00, 0xCE, 0x08
	.byte 0x00, 0xCE, 0x5C, 0xF1, 0x3C, 0x04, 0x4E, 0xF1, 0x64, 0xF5, 0xFE, 0x00, 0xD1, 0x04, 0xF5, 0xFF
	.byte 0x00, 0xD1, 0x04, 0xF5, 0x00, 0x18, 0x51, 0x10, 0x50, 0x20, 0x4E, 0xF5, 0xFE, 0x00, 0xD0, 0x04
	.byte 0xF5, 0xFF, 0x00, 0xD0, 0x04, 0xF5, 0x00, 0x00, 0xD0, 0x08, 0x00, 0xD0, 0x80, 0xF1, 0x3C, 0x10
	.byte 0x50, 0xF1, 0x64, 0xF5, 0xFE, 0x00, 0xD0, 0x04, 0xF5, 0xFF, 0x00, 0xD0, 0x04, 0xF5, 0x00, 0x28
	.byte 0x50, 0x00, 0xD1, 0x24, 0xF1, 0x3C, 0x0C, 0x51, 0xF1, 0x64, 0x30, 0x50, 0x00, 0xCE, 0x20, 0xF1
	.byte 0x3C, 0x10, 0x4E, 0xF1, 0x64, 0x20, 0x4E, 0x00, 0xCC, 0x10, 0x00, 0xCC, 0xC0, 0xF1, 0x3C, 0x0C
	.byte 0x4C, 0xF1, 0x64, 0xF6, 0xB4, 0xF6, 0xC0, 0xF6, 0x30, 0xF5, 0xFE, 0x00, 0xCC, 0x04, 0xF5, 0xFF
	.byte 0x00, 0xCC, 0x04, 0xF5, 0x00, 0x00, 0xCC, 0x18, 0xF1, 0x3C, 0x10, 0x4C, 0xF1, 0x64, 0x20, 0x4C
	.byte 0xF5, 0xFE, 0x00, 0xCE, 0x04, 0xF5, 0xFF, 0x00, 0xCE, 0x04, 0xF5, 0x00, 0x00, 0xCE, 0x08, 0xF1
	.byte 0x3C, 0x08, 0x4E, 0xF1, 0x64, 0xF6, 0x18, 0x00, 0xCC, 0x10, 0x00, 0xCC, 0x40, 0xF1, 0x3C, 0x10
	.byte 0x4C, 0xF1, 0x64, 0xF6, 0x10, 0x20, 0x47, 0x00, 0xCC, 0x18, 0xF1, 0x3C, 0x0C, 0x4C, 0xF1, 0x64
	.byte 0xF6, 0x0C, 0xF5, 0xFE, 0x00, 0xCE, 0x04, 0xF5, 0xFF, 0x00, 0xCE, 0x04, 0xF5, 0x00, 0x00, 0xCE
	.byte 0x08, 0x00, 0xCE, 0x5C, 0xF1, 0x3C, 0x04, 0x4E, 0xF1, 0x64, 0xF5, 0xFE, 0x00, 0xD1, 0x04, 0xF5
	.byte 0xFF, 0x00, 0xD1, 0x04, 0xF5, 0x00, 0x18, 0x51, 0x10, 0x50, 0x20, 0x4E, 0xF5, 0xFE, 0x00, 0xD0
	.byte 0x04, 0xF5, 0xFF, 0x00, 0xD0, 0x04, 0xF5, 0x00, 0x00, 0xD0, 0x08, 0x00, 0xD0, 0x80, 0xF1, 0x3C
	.byte 0x10, 0x50, 0xF1, 0x64, 0xF5, 0xFE, 0x00, 0xD0, 0x04, 0xF5, 0xFF, 0x00, 0xD0, 0x04, 0xF5, 0x00
	.byte 0x28, 0x50, 0x00, 0xCE, 0x24, 0xF1, 0x3C, 0x0C, 0x4E, 0xF1, 0x64, 0x30, 0x4C, 0x20, 0x50, 0x00
	.byte 0xD1, 0x18, 0xF1, 0x3C, 0x0C, 0x51, 0xF1, 0x64, 0xF6, 0x0C, 0xF5, 0xFE, 0x00, 0xD3, 0x04, 0xF5
	.byte 0xFF, 0x00, 0xD3, 0x04, 0xF5, 0x00, 0x00, 0xD3, 0x08, 0x00, 0xD3, 0x80, 0xF1, 0x3C, 0x10, 0x53
	.byte 0xF1, 0x64, 0x20, 0x53, 0xF5, 0xFE, 0x00, 0xD5, 0x04, 0xF5, 0xFF, 0x00, 0xD5, 0x04, 0xF5, 0x00
	.byte 0x00, 0xD5, 0x08, 0x00, 0xD5, 0x20, 0xF1, 0x3C, 0x10, 0x55, 0xF1, 0x64, 0x30, 0x53, 0x20, 0x51
	.byte 0xF5, 0xFE, 0x00, 0xD5, 0x04, 0xF5, 0xFF, 0x00, 0xD5, 0x04, 0xF5, 0x00, 0x00, 0xD5, 0x10, 0xF1
	.byte 0x3C, 0x10, 0x55, 0xF1, 0x64, 0xF6, 0x08, 0x00, 0xD3, 0x10, 0x00, 0xD3, 0x80, 0xF1, 0x3C, 0x10
	.byte 0x53, 0xF1, 0x64, 0xF5, 0xFE, 0x00, 0xD3, 0x04, 0xF5, 0xFF, 0x00, 0xD3, 0x04, 0xF5, 0x00, 0x28
	.byte 0x53, 0x00, 0xD1, 0x24, 0xF1, 0x3C, 0x0C, 0x51, 0xF1, 0x64, 0x30, 0x50, 0x20, 0x4E, 0xF5, 0xFE
	.byte 0x00, 0xD1, 0x04, 0xF5, 0xFF, 0x00, 0xD1, 0x04, 0xF5, 0x00, 0x00, 0xD1, 0x10, 0xF1, 0x3C, 0x10
	.byte 0x51, 0xF1, 0x64, 0xF6, 0x08, 0x00, 0xD0, 0x10, 0x00, 0xD0, 0x92, 0xF1, 0x3C, 0x10, 0x50, 0xF1
	.byte 0x64, 0xF6, 0x1E, 0xF5, 0xFE, 0x00, 0xD2, 0x04, 0xF5, 0xFF, 0x00, 0xD2, 0x04, 0xF5, 0x00, 0x00
	.byte 0xD2, 0x1C, 0xF1, 0x3C, 0x0C, 0x52, 0xF1, 0x64, 0x30, 0x50, 0x20, 0x4E, 0x10, 0x4C, 0x20, 0x49
	.byte 0xF5, 0xFE, 0x00, 0xCB, 0x04, 0xF5, 0xFF, 0x00, 0xCB, 0x04, 0xF5, 0x00, 0x00, 0xCB, 0x08, 0x00
	.byte 0xCB, 0x80, 0xF1, 0x3C, 0x10, 0x4B, 0xF1, 0x64, 0x20, 0x4C, 0xF5, 0xFE, 0x00, 0xCE, 0x04, 0xF5
	.byte 0xFF, 0x00, 0xCE, 0x04, 0xF5, 0x00, 0x00, 0xCE, 0x08, 0x00, 0xCE, 0x60, 0xF1, 0x3C, 0x10, 0x4E
	.byte 0xF1, 0x64, 0xF6, 0x10, 0xF5, 0xFE, 0x00, 0xD0, 0x04, 0xF5, 0xFF, 0x00, 0xD0, 0x04, 0xF5, 0x00
	.byte 0x08, 0x50, 0x20, 0x4E, 0x00, 0xCC, 0x10, 0x00, 0xCC, 0x50, 0xF1, 0x3C, 0x10, 0x4C, 0xF1, 0x64
	.byte 0xF5, 0xFE, 0x00, 0xC7, 0x04, 0xF5, 0xFF, 0x00, 0xC7, 0x04, 0xF5, 0x00, 0x18, 0x47, 0x00, 0xCC
	.byte 0x18, 0xF1, 0x3C, 0x0C, 0x4C, 0xF1, 0x64, 0xF6, 0x0C, 0xF5, 0xFE, 0x00, 0xCE, 0x04, 0xF5, 0xFF
	.byte 0x00, 0xCE, 0x04, 0xF5, 0x00, 0x00, 0xCE, 0x08, 0x5C, 0x4E, 0xF1, 0x3C, 0x04, 0x4E, 0xF1, 0x64
	.byte 0xF5, 0xFE, 0x00, 0xD1, 0x04, 0xF5, 0xFF, 0x00, 0xD1, 0x04, 0xF5, 0x00, 0x18, 0x51, 0x10, 0x50
	.byte 0x20, 0x4E, 0xF5, 0xFE, 0x00, 0xD0, 0x04, 0xF5, 0xFF, 0x00, 0xD0, 0x04, 0xF5, 0x00, 0x00, 0xD0
	.byte 0x08, 0x00, 0xD0, 0x80, 0xF1, 0x3C, 0x10, 0x50, 0xF1, 0x64, 0xF5, 0xFE, 0x00, 0xD0, 0x04, 0xF5
	.byte 0xFF, 0x00, 0xD0, 0x04, 0xF5, 0x00, 0x28, 0x50, 0x00, 0xCE, 0x24, 0xF1, 0x3C, 0x0C, 0x4E, 0xF1
	.byte 0x64, 0x30, 0x4C, 0xF5, 0xFE, 0x00, 0xD0, 0x04, 0xF5, 0xFF, 0x00, 0xD0, 0x04, 0xF5, 0x00, 0x18
	.byte 0x50, 0x00, 0xD1, 0x18, 0xF1, 0x3C, 0x0C, 0x51, 0xF1, 0x64, 0xF6, 0x0C, 0xF5, 0xFE, 0x00, 0xD3
	.byte 0x04, 0xF5, 0xFF, 0x00, 0xD3, 0x04, 0xF5, 0x00, 0x00, 0xD3, 0x08, 0x00, 0xD3, 0x80, 0xF1, 0x3C
	.byte 0x10, 0x53, 0xF1, 0x64, 0x20, 0x53, 0xF5, 0xFE, 0x00, 0xD5, 0x04, 0xF5, 0xFF, 0x00, 0xD5, 0x04
	.byte 0xF5, 0x00, 0x00, 0xD5, 0x08, 0x00, 0xD5, 0x20, 0xF1, 0x3C, 0x10, 0x55, 0xF1, 0x64, 0x30, 0x53
	.byte 0x20, 0x51, 0xF5, 0xFE, 0x00, 0xD5, 0x04, 0xF5, 0xFF, 0x00, 0xD5, 0x04, 0xF5, 0x00, 0x00, 0xD5
	.byte 0x10, 0xF1, 0x3C, 0x10, 0x55, 0xF1, 0x64, 0xF6, 0x08, 0x00, 0xD3, 0x10, 0x00, 0xD3, 0x80, 0xF1
	.byte 0x3C, 0x10, 0x53, 0xF1, 0x64, 0xF5, 0xFE, 0x00, 0xD3, 0x04, 0xF5, 0xFF, 0x00, 0xD3, 0x04, 0xF5
	.byte 0x00, 0x28, 0x53, 0x24, 0x51, 0xF1, 0x3C, 0x0C, 0x51, 0xF1, 0x64, 0x30, 0x50, 0x20, 0x4E, 0xF5
	.byte 0xFE, 0x00, 0xD1, 0x04, 0xF5, 0xFF, 0x00, 0xD1, 0x04, 0xF5, 0x00, 0x10, 0x51, 0xF1, 0x3C, 0x10
	.byte 0x51, 0xF1, 0x64, 0xF6, 0x08, 0x00, 0xD0, 0x10, 0x00, 0xD0, 0x90, 0xF1, 0x3C, 0x0C, 0x50, 0xF1
	.byte 0x64, 0xF6, 0x24, 0xF5, 0xFE, 0x00, 0xCE, 0x04, 0xF5, 0xFF, 0x00, 0xCE, 0x04, 0xF5, 0x00, 0x00
	.byte 0xCE, 0x1C, 0xF1, 0x3C, 0x0C, 0x4E, 0xF1, 0x64, 0x28, 0x4C, 0xF6, 0x08, 0x18, 0x4B, 0xF6, 0x08
	.byte 0x10, 0x4B, 0xF5, 0xFE, 0x00, 0xCE, 0x04, 0xF5, 0xFF, 0x00, 0xCE, 0x04, 0xF5, 0x00, 0x00, 0xCE
	.byte 0x14, 0xF1, 0x3C, 0x04, 0x4E, 0xF1, 0x64, 0x00, 0xCC, 0x10, 0xF1, 0x64, 0x00, 0xCC, 0x30, 0xF1
	.byte 0x50, 0x00, 0xCC, 0x30, 0xF1, 0x3C, 0x00, 0xCC, 0x18, 0xF1, 0x28, 0x00, 0xCC, 0x18, 0xF1, 0x14
	.byte 0x00, 0xCC, 0x18, 0xF1, 0x0A, 0x18, 0x4C, 0xF6, 0xC0, 0xF1, 0x64, 0xF5, 0xFE, 0x00, 0xD1, 0x04
	.byte 0xF5, 0xFF, 0x00, 0xD1, 0x04, 0xF5, 0x00, 0x00, 0xD1, 0x40, 0xF1, 0x3C, 0x0C, 0x51, 0xF1, 0x64
	.byte 0xF6, 0x0C, 0x00, 0xD3, 0x20, 0xF1, 0x3C, 0x10, 0x53, 0xF1, 0x64, 0xF5, 0xFE, 0x00, 0xD5, 0x04
	.byte 0xF5, 0xFF, 0x00, 0xD5, 0x04, 0xF5, 0x00, 0x18, 0x55, 0x00, 0xD3, 0x10, 0x00, 0xD3, 0x70, 0xF1
	.byte 0x3C, 0x10, 0x53, 0xF1, 0x64, 0xF6, 0x10, 0x30, 0x4C, 0xF5, 0xFE, 0x00, 0xCE, 0x04, 0xF5, 0xFF
	.byte 0x00, 0xCE, 0x04, 0xF5, 0x00, 0x00, 0xCE, 0x40, 0xF1, 0x3C, 0x0C, 0x4E, 0xF1, 0x64, 0xF6, 0x0C
	.byte 0x00, 0xD0, 0x20, 0xF1, 0x3C, 0x10, 0x50, 0xF1, 0x64, 0x20, 0x51, 0xF5, 0xFE, 0x00, 0xD0, 0x04
	.byte 0xF5, 0xFF, 0x00, 0xD0, 0x04, 0xF5, 0x00, 0x00, 0xD0, 0x08, 0x00, 0xD0, 0x10, 0xF1, 0x3C, 0x10
	.byte 0x50, 0xF1, 0x64, 0x00, 0xCE, 0x18, 0xF1, 0x3C, 0x0C, 0x4E, 0xF1, 0x64, 0xF6, 0x0C, 0x00, 0xCC
	.byte 0x40, 0xF1, 0x3C, 0x0C, 0x4C, 0xF1, 0x64, 0xF6, 0x24, 0xF5, 0xFE, 0x00, 0xD5, 0x04, 0xF5, 0xFF
	.byte 0x00, 0xD5, 0x04, 0xF5, 0x00, 0x00, 0xD5, 0x4C, 0xF1, 0x3C, 0x0C, 0x55, 0xF1, 0x64, 0xF5, 0xFE
	.byte 0x00, 0xD7, 0x04, 0xF5, 0xFF, 0x00, 0xD7, 0x04, 0xF5, 0x00, 0x00, 0xD7, 0x14, 0xF1, 0x3C, 0x04
	.byte 0x57, 0xF1, 0x64, 0x00, 0xD5, 0x18, 0xF1, 0x3C, 0x0C, 0x55, 0xF1, 0x64, 0xF6, 0x0C, 0x00, 0xD3
	.byte 0x10, 0x00, 0xD3, 0x14, 0xF1, 0x3C, 0x0C, 0x53, 0xF1, 0x64, 0x00, 0xD0, 0x24, 0xF1, 0x3C, 0x0C
	.byte 0x50, 0xF1, 0x64, 0x00, 0xCC, 0x28, 0xF1, 0x3C, 0x08, 0x4C, 0xF1, 0x64, 0x10, 0x4E, 0xF5, 0xFE
	.byte 0x00, 0xD0, 0x04, 0xF5, 0xFF, 0x00, 0xD0, 0x04, 0xF5, 0x00, 0x00, 0xD0, 0x28, 0x00, 0xD0, 0x08
	.byte 0xF1, 0x3C, 0x08, 0x50, 0xF1, 0x64, 0xF6, 0x20, 0x00, 0xCC, 0x28, 0xF1, 0x3C, 0x08, 0x4C, 0xF1
	.byte 0x64, 0x20, 0x47, 0x00, 0xCC, 0x18, 0xF1, 0x3C, 0x0C, 0x4C, 0xF1, 0x64, 0xF6, 0x0C, 0xF5, 0xFE
	.byte 0x00, 0xCE, 0x04, 0xF5, 0xFF, 0x00, 0xCE, 0x04, 0xF5, 0x00, 0x00, 0xCE, 0x08, 0x00, 0xCE, 0x5C
	.byte 0xF1, 0x3C, 0x04, 0x4E, 0xF1, 0x64, 0xF5, 0xFE, 0x00, 0xD1, 0x04, 0xF5, 0xFF, 0x00, 0xD1, 0x04
	.byte 0xF5, 0x00, 0x18, 0x51, 0x10, 0x50, 0x20, 0x4E, 0xF5, 0xFE, 0x00, 0xD0, 0x04, 0xF5, 0xFF, 0x00
	.byte 0xD0, 0x04, 0xF5, 0x00, 0x00, 0xD0, 0x08, 0x00, 0xD0, 0x80, 0xF1, 0x3C, 0x10, 0x50, 0xF1, 0x64
	.byte 0xF5, 0xFE, 0x00, 0xD0, 0x04, 0xF5, 0xFF, 0x00, 0xD0, 0x04, 0xF5, 0x00, 0x28, 0x50, 0x00, 0xD1
	.byte 0x24, 0xF1, 0x3C, 0x0C, 0x51, 0xF1, 0x64, 0x30, 0x50, 0x20, 0x4E, 0xF6, 0x10, 0xF5, 0xFE, 0x00
	.byte 0xCE, 0x04, 0xF5, 0xFF, 0x00, 0xCE, 0x04, 0xF5, 0x00, 0x18, 0x4E, 0x00, 0xCC, 0x10, 0x00, 0xCC
	.byte 0xC0, 0xF9, 0x7A, 0xF1, 0x3C, 0x0C, 0x4C, 0xF1, 0x64, 0xF6, 0x24, 0xF5, 0xFE, 0x00, 0xCC, 0x04
	.byte 0xF5, 0xFF, 0x00, 0xCC, 0x04, 0xF5, 0x00, 0x00, 0xCC, 0x18, 0xF1, 0x3C, 0x10, 0x4C, 0xF1, 0x64
	.byte 0x00, 0xCC, 0x18, 0xF9, 0x78, 0x08, 0x4C, 0xF5, 0xFE, 0x00, 0xCE, 0x04, 0xF5, 0xFF, 0x00, 0xCE
	.byte 0x04, 0xF5, 0x00, 0x00, 0xCE, 0x08, 0xF1, 0x3C, 0x10, 0x4E, 0xF1, 0x64, 0xF6, 0x10, 0x00, 0xCC
	.byte 0x10, 0xF9, 0x76, 0x00, 0xCC, 0x74, 0xF9, 0x74, 0x00, 0xCC, 0x1C, 0xF1, 0x3C, 0x0C, 0x4C, 0xF1
	.byte 0x78, 0xF6, 0x24, 0xF9, 0x72, 0xF6, 0x30, 0xF5, 0xFE, 0x00, 0xCC, 0x04, 0xF9, 0x70, 0xF5, 0xFF
	.byte 0x00, 0xCC, 0x04, 0xF5, 0x00, 0x18, 0x4C, 0xF6, 0x10, 0x00, 0xCC, 0x02, 0xF9, 0x6E, 0x1E, 0x4C
	.byte 0xF5, 0xFE, 0x00, 0xCE, 0x04, 0xF5, 0xFF, 0x00, 0xCE, 0x04, 0xF5, 0x00, 0x00, 0xCE, 0x04, 0xF9
	.byte 0x6A, 0x0C, 0x4E, 0xF6, 0x18, 0xF9, 0x50, 0xF6, 0x10, 0xF9, 0x60, 0x00, 0xD0, 0x60, 0xF1, 0x64
	.byte 0x00, 0xD0, 0x30, 0xF1, 0x50, 0x00, 0xD0, 0x18, 0xF1, 0x3C, 0x00, 0xD0, 0x18, 0xF1, 0x28, 0x00
	.byte 0xD0, 0x0C, 0xF1, 0x14, 0x0C, 0x50, 0xF6, 0xA8, 0xF1, 0xFE, 0xFF, 0xF9, 0x7B, 0xF6, 0x01, 0xF0
	.byte 0xC0, 0xF2, 0x7F, 0xF1, 0x28, 0x28, 0x40, 0xF1, 0x14, 0x28, 0x40, 0xF1, 0x0A, 0x10, 0x40, 0xF1
	.byte 0x28, 0x18, 0x40, 0xF1, 0x14, 0x08, 0x40, 0xF1, 0x28, 0x10, 0x3B, 0x18, 0x40, 0xF1, 0x14, 0x08
	.byte 0x40, 0xF1, 0x28, 0x10, 0x3B, 0x18, 0x40, 0xF1, 0x14, 0x18, 0x40, 0xF1, 0x28, 0x18, 0x40, 0xF1
	.byte 0x14, 0x18, 0x40, 0xF1, 0x28, 0x18, 0x40, 0xF1, 0x14, 0x08, 0x40, 0xF1, 0x28, 0x10, 0x3D, 0x18
	.byte 0x40, 0xF1, 0x14, 0x08, 0x40, 0xF1, 0x28, 0x10, 0x3D, 0x18, 0x3F, 0xF1, 0x14, 0x18, 0x3F, 0xF1
	.byte 0x28, 0x18, 0x3F, 0xF1, 0x14, 0x18, 0x3F, 0xF1, 0x28, 0x18, 0x3F, 0xF1, 0x14, 0x08, 0x3F, 0xF1
	.byte 0x28, 0x10, 0x3B, 0x18, 0x3F, 0xF1, 0x14, 0x08, 0x3F, 0xF1, 0x28, 0x10, 0x3B, 0x18, 0x40, 0xF1
	.byte 0x14, 0x18, 0x40, 0xF1, 0x28, 0x18, 0x40, 0xF1, 0x14, 0x08, 0x40, 0xF1, 0x28, 0x10, 0x3D, 0x18
	.byte 0x40, 0xF1, 0x14, 0x08, 0x40, 0xF1, 0x28, 0x10, 0x3D, 0x18, 0x40, 0xF1, 0x14, 0x08, 0x40, 0xF1
	.byte 0x28, 0x10, 0x3D, 0x18, 0x40, 0xF1, 0x14, 0x08, 0x40, 0xF1, 0x28, 0x10, 0x3B, 0x18, 0x40, 0xF1
	.byte 0x14, 0x08, 0x40, 0xF1, 0x28, 0x10, 0x3B, 0x18, 0x40, 0xF1, 0x14, 0x08, 0x40, 0xF1, 0x28, 0x10
	.byte 0x3B, 0x18, 0x40, 0xF1, 0x14, 0x08, 0x40, 0xF1, 0x28, 0x10, 0x3B, 0x18, 0x40, 0xF1, 0x14, 0x08
	.byte 0x40, 0xF1, 0x28, 0x10, 0x3D, 0x18, 0x40, 0xF1, 0x14, 0x08, 0x40, 0xF1, 0x28, 0x10, 0x3D, 0x18
	.byte 0x40, 0xF1, 0x14, 0x0C, 0x40, 0xF1, 0x28, 0x0C, 0x3D, 0x18, 0x40, 0xF1, 0x14, 0x08, 0x40, 0xF1
	.byte 0x28, 0x10, 0x3D, 0x18, 0x3F, 0xF1, 0x14, 0x08, 0x3F, 0xF1, 0x28, 0x10, 0x3B, 0x18, 0x3F, 0xF1
	.byte 0x14, 0x08, 0x3F, 0xF1, 0x28, 0x10, 0x3B, 0x18, 0x3F, 0xF1, 0x14, 0x08, 0x3F, 0xF1, 0x28, 0x10
	.byte 0x3B, 0x18, 0x3F, 0xF1, 0x14, 0x08, 0x3F, 0xF1, 0x28, 0x10, 0x3B, 0x18, 0x40, 0xF1, 0x14, 0x08
	.byte 0x40, 0xF1, 0x28, 0x10, 0x3D, 0x18, 0x40, 0xF1, 0x14, 0x08, 0x40, 0xF1, 0x28, 0x10, 0x3D, 0x18
	.byte 0x40, 0xF1, 0x14, 0x08, 0x40, 0xF1, 0x28, 0x10, 0x3D, 0x18, 0x40, 0xF1, 0x14, 0x08, 0x40, 0xF1
	.byte 0x28, 0x10, 0x3D, 0x18, 0x40, 0xF1, 0x14, 0x08, 0x40, 0xF1, 0x28, 0x10, 0x3B, 0x18, 0x40, 0xF1
	.byte 0x14, 0x08, 0x40, 0xF1, 0x28, 0x10, 0x3B, 0x18, 0x40, 0xF1, 0x14, 0x08, 0x40, 0xF1, 0x28, 0x10
	.byte 0x3B, 0x18, 0x40, 0xF1, 0x14, 0x08, 0x40, 0xF1, 0x28, 0x10, 0x3B, 0x18, 0x40, 0xF1, 0x14, 0x08
	.byte 0x40, 0xF1, 0x28, 0x10, 0x3D, 0x18, 0x40, 0xF1, 0x14, 0x08, 0x40, 0xF1, 0x28, 0x10, 0x3D, 0x18
	.byte 0x40, 0xF1, 0x14, 0x08, 0x40, 0xF1, 0x28, 0x10, 0x3D, 0x18, 0x40, 0xF1, 0x14, 0x08, 0x40, 0xF1
	.byte 0x28, 0x10, 0x3D, 0x18, 0x3F, 0xF1, 0x14, 0x08, 0x3F, 0xF1, 0x28, 0x10, 0x3B, 0x18, 0x3F, 0xF1
	.byte 0x14, 0x08, 0x3F, 0xF1, 0x28, 0x10, 0x3B, 0x18, 0x3F, 0xF1, 0x14, 0x08, 0x3F, 0xF1, 0x28, 0x10
	.byte 0x3B, 0x18, 0x3F, 0xF1, 0x14, 0x08, 0x3F, 0xF1, 0x28, 0x10, 0x3B, 0x18, 0x3F, 0xF1, 0x14, 0x08
	.byte 0x3F, 0xF1, 0x28, 0x10, 0x3B, 0x18, 0x3F, 0xF1, 0x14, 0x08, 0x3F, 0xF1, 0x28, 0x10, 0x3B, 0x18
	.byte 0x3F, 0xF1, 0x14, 0x08, 0x3F, 0xF1, 0x28, 0x10, 0x3B, 0x18, 0x3F, 0xF1, 0x14, 0x08, 0x3F, 0xF1
	.byte 0x28, 0x10, 0x3B, 0x18, 0x40, 0xF1, 0x14, 0x08, 0x40, 0xF1, 0x28, 0x10, 0x3B, 0x18, 0x40, 0xF1
	.byte 0x14, 0x08, 0x40, 0xF1, 0x28, 0x10, 0x3B, 0x18, 0x40, 0xF1, 0x14, 0x08, 0x40, 0xF1, 0x28, 0x10
	.byte 0x3B, 0x18, 0x40, 0xF1, 0x14, 0x08, 0x40, 0xF1, 0x28, 0x10, 0x3B, 0x18, 0x3D, 0xF1, 0x14, 0x08
	.byte 0x3D, 0xF1, 0x28, 0x10, 0x3A, 0x18, 0x3D, 0xF1, 0x14, 0x08, 0x3D, 0xF1, 0x28, 0x10, 0x3A, 0x18
	.byte 0x3D, 0xF1, 0x14, 0x08, 0x3D, 0xF1, 0x28, 0x10, 0x3A, 0x18, 0x3D, 0xF1, 0x14, 0x08, 0x3D, 0xF1
	.byte 0x28, 0x10, 0x3A, 0x18, 0x3F, 0xF1, 0x14, 0x08, 0x3F, 0xF1, 0x28, 0x10, 0x3B, 0x18, 0x3F, 0xF1
	.byte 0x14, 0x08, 0x3F, 0xF1, 0x28, 0x10, 0x3B, 0x18, 0x3F, 0xF1, 0x14, 0x08, 0x3F, 0xF1, 0x28, 0x10
	.byte 0x3B, 0x18, 0x3F, 0xF1, 0x14, 0x08, 0x3F, 0xF1, 0x28, 0x10, 0x3B, 0x18, 0x3F, 0xF1, 0x14, 0x08
	.byte 0x3F, 0xF1, 0x28, 0x10, 0x39, 0x18, 0x3F, 0xF1, 0x14, 0x08, 0x3F, 0xF1, 0x28, 0x10, 0x39, 0x18
	.byte 0x3F, 0xF1, 0x14, 0x08, 0x3F, 0xF1, 0x28, 0x10, 0x39, 0x18, 0x3F, 0xF1, 0x14, 0x08, 0x3F, 0xF1
	.byte 0x28, 0x10, 0x39, 0x18, 0x40, 0xF1, 0x14, 0x08, 0x40, 0xF1, 0x28, 0x10, 0x3B, 0x18, 0x40, 0xF1
	.byte 0x14, 0x08, 0x40, 0xF1, 0x28, 0x10, 0x3B, 0x18, 0x40, 0xF1, 0x14, 0x08, 0x40, 0xF1, 0x28, 0x10
	.byte 0x3B, 0x18, 0x40, 0xF1, 0x14, 0x08, 0x40, 0xF1, 0x28, 0x10, 0x3B, 0x18, 0x40, 0xF1, 0x14, 0x08
	.byte 0x40, 0xF1, 0x28, 0x10, 0x3D, 0x18, 0x40, 0xF1, 0x14, 0x08, 0x40, 0xF1, 0x28, 0x10, 0x3D, 0x18
	.byte 0x40, 0xF1, 0x14, 0x08, 0x40, 0xF1, 0x28, 0x10, 0x3D, 0x18, 0x40, 0xF1, 0x14, 0x08, 0x40, 0xF1
	.byte 0x28, 0x10, 0x3D, 0x18, 0x3F, 0xF1, 0x14, 0x08, 0x3F, 0xF1, 0x28, 0x10, 0x3B, 0x18, 0x3F, 0xF1
	.byte 0x14, 0x08, 0x3F, 0xF1, 0x28, 0x10, 0x3B, 0x18, 0x3F, 0xF1, 0x14, 0x08, 0x3F, 0xF1, 0x28, 0x10
	.byte 0x3B, 0x18, 0x3F, 0xF1, 0x14, 0x08, 0x3F, 0xF1, 0x28, 0x10, 0x3B, 0x18, 0x40, 0xF1, 0x14, 0x08
	.byte 0x40, 0xF1, 0x28, 0x10, 0x3D, 0x18, 0x40, 0xF1, 0x14, 0x08, 0x40, 0xF1, 0x28, 0x10, 0x3D, 0x18
	.byte 0x40, 0xF1, 0x14, 0x08, 0x40, 0xF1, 0x28, 0x10, 0x3D, 0x18, 0x40, 0xF1, 0x14, 0x08, 0x40, 0xF1
	.byte 0x28, 0x10, 0x3D, 0x18, 0x40, 0xF1, 0x14, 0x08, 0x40, 0xF1, 0x28, 0x10, 0x3B, 0x18, 0x40, 0xF1
	.byte 0x14, 0x08, 0x40, 0xF1, 0x28, 0x10, 0x3B, 0x18, 0x40, 0xF1, 0x14, 0x08, 0x40, 0xF1, 0x28, 0x10
	.byte 0x3B, 0x18, 0x40, 0xF1, 0x14, 0x08, 0x40, 0xF1, 0x28, 0x10, 0x3B, 0x18, 0x40, 0xF1, 0x14, 0x08
	.byte 0x40, 0xF1, 0x28, 0x10, 0x3D, 0x18, 0x40, 0xF1, 0x14, 0x08, 0x40, 0xF1, 0x28, 0x10, 0x3D, 0x18
	.byte 0x40, 0xF1, 0x14, 0x08, 0x40, 0xF1, 0x28, 0x10, 0x3D, 0x18, 0x40, 0xF1, 0x14, 0x08, 0x40, 0xF1
	.byte 0x28, 0x10, 0x3D, 0x18, 0x3F, 0xF1, 0x14, 0x08, 0x3F, 0xF1, 0x28, 0x10, 0x3B, 0x18, 0x3F, 0xF1
	.byte 0x14, 0x08, 0x3F, 0xF1, 0x28, 0x10, 0x3B, 0x18, 0x3F, 0xF1, 0x14, 0x08, 0x3F, 0xF1, 0x28, 0x10
	.byte 0x3B, 0x18, 0x3F, 0xF1, 0x14, 0x08, 0x3F, 0xF1, 0x28, 0x10, 0x3B, 0x18, 0x3F, 0xF1, 0x14, 0x08
	.byte 0x3F, 0xF1, 0x28, 0x10, 0x3B, 0x18, 0x3F, 0xF1, 0x14, 0x08, 0x3F, 0xF1, 0x28, 0x10, 0x3B, 0x18
	.byte 0x3F, 0xF1, 0x14, 0x08, 0x3F, 0xF1, 0x28, 0x10, 0x3B, 0x18, 0x3F, 0xF1, 0x14, 0x08, 0x3F, 0xF1
	.byte 0x28, 0x10, 0x3B, 0x18, 0x40, 0xF1, 0x14, 0x08, 0x40, 0xF1, 0x28, 0x10, 0x3B, 0x18, 0x40, 0xF1
	.byte 0x14, 0x08, 0x40, 0xF1, 0x28, 0x10, 0x3B, 0x18, 0x40, 0xF1, 0x14, 0x08, 0x40, 0xF1, 0x28, 0x10
	.byte 0x3B, 0x18, 0x40, 0xF1, 0x14, 0x08, 0x40, 0xF1, 0x28, 0x10, 0x3B, 0x18, 0x3D, 0xF1, 0x14, 0x08
	.byte 0x3D, 0xF1, 0x28, 0x10, 0x3A, 0x18, 0x3D, 0xF1, 0x14, 0x08, 0x3D, 0xF1, 0x28, 0x10, 0x3A, 0x18
	.byte 0x3F, 0xF1, 0x14, 0x08, 0x3F, 0xF1, 0x28, 0x10, 0x3B, 0x18, 0x3F, 0xF1, 0x14, 0x08, 0x3F, 0xF1
	.byte 0x28, 0x10, 0x3B, 0x18, 0x40, 0xF1, 0x14, 0x08, 0x40, 0xF1, 0x28, 0x10, 0x3B, 0x18, 0x40, 0xF1
	.byte 0x14, 0x08, 0x40, 0xF1, 0x28, 0x10, 0x3B, 0x18, 0x40, 0xF1, 0x14, 0x08, 0x40, 0xF1, 0x28, 0x10
	.byte 0x3B, 0x18, 0x40, 0xF1, 0x14, 0x08, 0x40, 0xF1, 0x28, 0x10, 0x3B, 0x18, 0x40, 0xF1, 0x14, 0x08
	.byte 0x40, 0xF1, 0x28, 0x10, 0x3B, 0x18, 0x40, 0xF1, 0x14, 0x08, 0x40, 0xF1, 0x28, 0x10, 0x3B, 0x18
	.byte 0x40, 0xF1, 0x14, 0x08, 0x40, 0xF1, 0x28, 0x10, 0x3B, 0x18, 0x40, 0xF1, 0x14, 0x08, 0x40, 0xF1
	.byte 0x28, 0x10, 0x3B, 0x18, 0x3D, 0xF1, 0x14, 0x08, 0x3D, 0xF1, 0x28, 0xF6, 0x10, 0x18, 0x3D, 0xF1
	.byte 0x14, 0x08, 0x3D, 0xF1, 0x28, 0xF6, 0x10, 0x18, 0x3F, 0xF1, 0x14, 0x08, 0x3F, 0xF1, 0x28, 0xF6
	.byte 0x10, 0x18, 0x3B, 0xF1, 0x14, 0x08, 0x3B, 0xF1, 0x28, 0xF6, 0x10, 0x18, 0x3B, 0xF1, 0x14, 0x08
	.byte 0x3B, 0xF1, 0x28, 0xF6, 0x10, 0x18, 0x3B, 0xF1, 0x14, 0x08, 0x3B, 0xF1, 0x28, 0xF6, 0x10, 0x18
	.byte 0x3B, 0xF1, 0x14, 0x08, 0x3B, 0xF1, 0x28, 0xF6, 0x10, 0x18, 0x3B, 0xF1, 0x14, 0x08, 0x3B, 0xF1
	.byte 0x28, 0xF6, 0x10, 0x18, 0x3F, 0xF1, 0x14, 0x08, 0x3F, 0xF1, 0x28, 0xF6, 0x10, 0x18, 0x3F, 0xF1
	.byte 0x14, 0x08, 0x3F, 0xF1, 0x28, 0xF6, 0x10, 0x18, 0x3F, 0xF1, 0x14, 0x08, 0x3F, 0xF1, 0x28, 0xF6
	.byte 0x10, 0x18, 0x3F, 0xF1, 0x14, 0x08, 0x3F, 0xF1, 0x28, 0xF6, 0x10, 0x18, 0x3D, 0xF1, 0x14, 0x08
	.byte 0x3D, 0xF1, 0x28, 0xF6, 0x10, 0x18, 0x3D, 0xF1, 0x14, 0x08, 0x3D, 0xF1, 0x28, 0xF6, 0x10, 0x18
	.byte 0x3D, 0xF1, 0x14, 0x08, 0x3D, 0xF1, 0x28, 0xF6, 0x10, 0x18, 0x3D, 0xF1, 0x14, 0x08, 0x3D, 0xF1
	.byte 0x28, 0xF6, 0x10, 0x18, 0x3D, 0xF1, 0x14, 0x08, 0x3D, 0xF1, 0x28, 0xF6, 0x10, 0x18, 0x3D, 0xF1
	.byte 0x14, 0x08, 0x3D, 0xF1, 0x28, 0xF6, 0x10, 0x18, 0x3F, 0xF1, 0x14, 0x08, 0x3F, 0xF1, 0x28, 0xF6
	.byte 0x10, 0x18, 0x3B, 0xF1, 0x14, 0x08, 0x3B, 0xF1, 0x28, 0xF6, 0x10, 0x18, 0x3B, 0xF1, 0x14, 0x08
	.byte 0x3B, 0xF1, 0x28, 0xF6, 0x10, 0x18, 0x3B, 0xF1, 0x14, 0x08, 0x3B, 0xF1, 0x28, 0xF6, 0x10, 0x18
	.byte 0x3B, 0xF1, 0x14, 0x08, 0x3B, 0xF1, 0x28, 0xF6, 0x10, 0x18, 0x3B, 0xF1, 0x14, 0x08, 0x3B, 0xF1
	.byte 0x28, 0xF6, 0x10, 0x18, 0x3B, 0xF1, 0x14, 0x08, 0x3B, 0xF1, 0x28, 0xF6, 0x10, 0x18, 0x3B, 0xF1
	.byte 0x14, 0x08, 0x3B, 0xF1, 0x28, 0xF6, 0x10, 0x18, 0x3B, 0xF1, 0x14, 0x08, 0x3B, 0xF1, 0x28, 0xF6
	.byte 0x10, 0x18, 0x3B, 0xF1, 0x14, 0x08, 0x3B, 0xF1, 0x28, 0xF6, 0x10, 0x18, 0x3D, 0xF1, 0x14, 0x08
	.byte 0x3D, 0xF1, 0x28, 0xF6, 0x10, 0x18, 0x3D, 0xF1, 0x14, 0x08, 0x3D, 0xF1, 0x28, 0xF6, 0x10, 0x18
	.byte 0x3D, 0xF1, 0x14, 0x08, 0x3D, 0xF1, 0x28, 0xF6, 0x10, 0x18, 0x3D, 0xF1, 0x14, 0x08, 0x3D, 0xF1
	.byte 0x28, 0xF6, 0x10, 0x18, 0x3B, 0xF1, 0x14, 0x08, 0x3B, 0xF1, 0x28, 0xF6, 0x10, 0x18, 0x3B, 0xF1
	.byte 0x14, 0x08, 0x3B, 0xF1, 0x28, 0xF6, 0x10, 0x18, 0x3B, 0xF1, 0x14, 0x08, 0x3B, 0xF1, 0x28, 0xF6
	.byte 0x10, 0x18, 0x3B, 0xF1, 0x14, 0x08, 0x3B, 0xF1, 0x28, 0xF6, 0x10, 0x18, 0x3D, 0xF1, 0x14, 0x08
	.byte 0x3D, 0xF1, 0x28, 0xF6, 0x10, 0x18, 0x3D, 0xF1, 0x14, 0x08, 0x3D, 0xF1, 0x28, 0xF6, 0x10, 0x18
	.byte 0x3D, 0xF1, 0x14, 0x08, 0x3D, 0xF1, 0x28, 0xF6, 0x10, 0x18, 0x3D, 0xF1, 0x14, 0x08, 0x3D, 0xF1
	.byte 0x28, 0xF6, 0x10, 0x18, 0x40, 0xF1, 0x14, 0x08, 0x40, 0xF1, 0x28, 0x10, 0x3B, 0x18, 0x40, 0xF1
	.byte 0x14, 0x08, 0x40, 0xF1, 0x28, 0x10, 0x3B, 0x18, 0x40, 0xF1, 0x14, 0x08, 0x40, 0xF1, 0x28, 0x10
	.byte 0x3B, 0x18, 0x40, 0xF1, 0x14, 0x08, 0x40, 0xF1, 0x28, 0x10, 0x3B, 0x18, 0x40, 0xF1, 0x14, 0x08
	.byte 0x40, 0xF1, 0x28, 0x10, 0x3D, 0x18, 0x40, 0xF1, 0x14, 0x08, 0x40, 0xF1, 0x28, 0x10, 0x3D, 0x18
	.byte 0x40, 0xF1, 0x14, 0x08, 0x40, 0xF1, 0x28, 0x10, 0x3D, 0x18, 0x40, 0xF1, 0x14, 0x08, 0x40, 0xF1
	.byte 0x28, 0x10, 0x3D, 0x18, 0x3F, 0xF1, 0x14, 0x08, 0x3F, 0xF1, 0x28, 0x10, 0x3B, 0x18, 0x3F, 0xF1
	.byte 0x14, 0x08, 0x3F, 0xF1, 0x28, 0x10, 0x3B, 0x18, 0x3F, 0xF1, 0x14, 0x08, 0x3F, 0xF1, 0x28, 0x10
	.byte 0x3B, 0x18, 0x3F, 0xF1, 0x14, 0x08, 0x3F, 0xF1, 0x28, 0x10, 0x3B, 0x28, 0x39, 0xF1, 0x14, 0x28
	.byte 0x39, 0xF1, 0x28, 0xF6, 0x10, 0x18, 0x40, 0xF1, 0x14, 0x08, 0x40, 0xF1, 0x28, 0x10, 0x3D, 0x18
	.byte 0x40, 0xF1, 0x14, 0x08, 0x40, 0xF1, 0x28, 0x10, 0x3D, 0x18, 0x40, 0xF1, 0x14, 0x08, 0x40, 0xF1
	.byte 0x28, 0x10, 0x3B, 0x18, 0x40, 0xF1, 0x14, 0x08, 0x40, 0xF1, 0x28, 0x10, 0x3B, 0x18, 0x40, 0xF1
	.byte 0x14, 0x08, 0x40, 0xF1, 0x28, 0x10, 0x3B, 0x18, 0x40, 0xF1, 0x14, 0x08, 0x40, 0xF1, 0x28, 0x10
	.byte 0x3B, 0x18, 0x40, 0xF1, 0x14, 0x08, 0x40, 0xF1, 0x28, 0x10, 0x3D, 0x18, 0x40, 0xF1, 0x14, 0x08
	.byte 0x40, 0xF1, 0x28, 0x10, 0x3D, 0x18, 0x40, 0xF1, 0x14, 0x08, 0x40, 0xF1, 0x28, 0x10, 0x3D, 0x18
	.byte 0x40, 0xF1, 0x14, 0x08, 0x40, 0xF1, 0x28, 0x10, 0x3D, 0x18, 0x3F, 0xF1, 0x14, 0x08, 0x3F, 0xF1
	.byte 0x28, 0x10, 0x3B, 0x18, 0x3F, 0xF1, 0x14, 0x08, 0x3F, 0xF1, 0x28, 0x10, 0x3B, 0x18, 0x3F, 0xF1
	.byte 0x14, 0x08, 0x3F, 0xF1, 0x28, 0x10, 0x3B, 0x18, 0x3F, 0xF1, 0x14, 0x08, 0x3F, 0xF1, 0x28, 0x10
	.byte 0x3B, 0x18, 0x40, 0xF1, 0x14, 0x08, 0x40, 0xF1, 0x28, 0x10, 0x3D, 0x18, 0x40, 0xF1, 0x14, 0x08
	.byte 0x40, 0xF1, 0x28, 0x10, 0x3D, 0x18, 0x40, 0xF1, 0x14, 0x08, 0x40, 0xF1, 0x28, 0x10, 0x3D, 0x18
	.byte 0x40, 0xF1, 0x14, 0x08, 0x40, 0xF1, 0x28, 0x10, 0x3D, 0x18, 0x40, 0xF1, 0x14, 0x08, 0x40, 0xF1
	.byte 0x28, 0x10, 0x3B, 0x18, 0x40, 0xF1, 0x14, 0x08, 0x40, 0xF1, 0x28, 0x10, 0x3B, 0x18, 0x40, 0xF1
	.byte 0x14, 0x08, 0x40, 0xF1, 0x28, 0x10, 0x3B, 0x18, 0x40, 0xF1, 0x14, 0x08, 0x40, 0xF1, 0x28, 0x10
	.byte 0x3B, 0x18, 0x40, 0xF1, 0x14, 0x08, 0x40, 0xF1, 0x28, 0x10, 0x3D, 0x18, 0x40, 0xF1, 0x14, 0x08
	.byte 0x40, 0xF1, 0x28, 0x10, 0x3D, 0x18, 0x40, 0xF1, 0x14, 0x08, 0x40, 0xF1, 0x28, 0x10, 0x3D, 0x18
	.byte 0x40, 0xF1, 0x14, 0x08, 0x40, 0xF1, 0x28, 0x10, 0x3D, 0x18, 0x3F, 0xF1, 0x14, 0x08, 0x3F, 0xF1
	.byte 0x28, 0x10, 0x3B, 0x18, 0x3F, 0xF1, 0x14, 0x08, 0x3F, 0xF1, 0x28, 0x10, 0x3B, 0x18, 0x3F, 0xF1
	.byte 0x14, 0x08, 0x3F, 0xF1, 0x28, 0x10, 0x3B, 0x18, 0x3F, 0xF1, 0x14, 0x08, 0x3F, 0xF1, 0x28, 0x10
	.byte 0x3B, 0x18, 0x3F, 0xF1, 0x14, 0x08, 0x3F, 0xF1, 0x28, 0x10, 0x3B, 0x18, 0x3F, 0xF1, 0x14, 0x08
	.byte 0x3F, 0xF1, 0x28, 0x10, 0x3B, 0x18, 0x3F, 0xF1, 0x14, 0x08, 0x3F, 0xF1, 0x28, 0x10, 0x3B, 0x18
	.byte 0x3F, 0xF1, 0x14, 0x08, 0x3F, 0xF1, 0x28, 0x10, 0x3B, 0x18, 0x40, 0xF1, 0x14, 0x08, 0x40, 0xF1
	.byte 0x28, 0x10, 0x3B, 0x18, 0x40, 0xF1, 0x14, 0x08, 0x40, 0xF1, 0x28, 0x10, 0x3B, 0x18, 0x40, 0xF1
	.byte 0x14, 0x08, 0x40, 0xF1, 0x28, 0x10, 0x3B, 0x18, 0x40, 0xF1, 0x14, 0x08, 0x40, 0xF1, 0x28, 0x10
	.byte 0x3B, 0x18, 0x3D, 0xF1, 0x14, 0x08, 0x3D, 0xF1, 0x28, 0x10, 0x3A, 0x18, 0x3D, 0xF1, 0x14, 0x08
	.byte 0x3D, 0xF1, 0x28, 0x10, 0x3A, 0x18, 0x3D, 0xF1, 0x14, 0x08, 0x3D, 0xF1, 0x28, 0x10, 0x3A, 0x18
	.byte 0x3D, 0xF1, 0x14, 0x08, 0x3D, 0xF1, 0x28, 0x10, 0x3A, 0x18, 0x3F, 0xF1, 0x14, 0x08, 0x3F, 0xF1
	.byte 0x28, 0x10, 0x3B, 0x18, 0x3F, 0xF1, 0x14, 0x08, 0x3F, 0xF1, 0x28, 0x10, 0x3B, 0x18, 0x3F, 0xF1
	.byte 0x14, 0x08, 0x3F, 0xF1, 0x28, 0x10, 0x3B, 0x18, 0x3F, 0xF1, 0x14, 0x08, 0x3F, 0xF1, 0x28, 0x10
	.byte 0x3B, 0x18, 0x3F, 0xF1, 0x14, 0x08, 0x3F, 0xF1, 0x28, 0x10, 0x39, 0x18, 0x3F, 0xF1, 0x14, 0x08
	.byte 0x3F, 0xF1, 0x28, 0x10, 0x39, 0x18, 0x3F, 0xF1, 0x14, 0x08, 0x3F, 0xF1, 0x28, 0x10, 0x39, 0x18
	.byte 0x3F, 0xF1, 0x14, 0x08, 0x3F, 0xF1, 0x28, 0x10, 0x39, 0x18, 0x40, 0xF1, 0x14, 0x08, 0x40, 0xF1
	.byte 0x28, 0x10, 0x3B, 0x18, 0x40, 0xF1, 0x14, 0x08, 0x40, 0xF1, 0x28, 0x10, 0x3B, 0x18, 0x40, 0xF1
	.byte 0x14, 0x08, 0x40, 0xF1, 0x28, 0x10, 0x3B, 0x18, 0x40, 0xF1, 0x14, 0x08, 0x40, 0xF1, 0x28, 0x10
	.byte 0x3B, 0x18, 0x40, 0xF1, 0x14, 0x08, 0x40, 0xF1, 0x28, 0x10, 0x3D, 0x18, 0x40, 0xF1, 0x14, 0x08
	.byte 0x40, 0xF1, 0x28, 0x10, 0x3D, 0x18, 0x40, 0xF1, 0x14, 0x08, 0x40, 0xF1, 0x28, 0x10, 0x3D, 0x18
	.byte 0x40, 0xF1, 0x14, 0x08, 0x40, 0xF1, 0x28, 0x10, 0x3D, 0x18, 0x3F, 0xF1, 0x14, 0x08, 0x3F, 0xF1
	.byte 0x28, 0x10, 0x3B, 0x18, 0x3F, 0xF1, 0x14, 0x08, 0x3F, 0xF1, 0x28, 0x10, 0x3B, 0x18, 0x3F, 0xF1
	.byte 0x14, 0x08, 0x3F, 0xF1, 0x28, 0x10, 0x3B, 0x18, 0x3F, 0xF1, 0x14, 0x08, 0x3F, 0xF1, 0x28, 0x10
	.byte 0x3B, 0x18, 0x40, 0xF1, 0x14, 0x08, 0x40, 0xF1, 0x28, 0x10, 0x3D, 0x18, 0x40, 0xF1, 0x14, 0x08
	.byte 0x40, 0xF1, 0x28, 0x10, 0x3D, 0x18, 0x40, 0xF1, 0x14, 0x08, 0x40, 0xF1, 0x28, 0x10, 0x3D, 0x18
	.byte 0x40, 0xF1, 0x14, 0x08, 0x40, 0xF1, 0x28, 0x10, 0x3D, 0x18, 0x40, 0xF1, 0x14, 0x08, 0x40, 0xF1
	.byte 0x28, 0x10, 0x3B, 0x18, 0x40, 0xF1, 0x14, 0x08, 0x40, 0xF1, 0x28, 0x10, 0x3B, 0x18, 0x40, 0xF1
	.byte 0x14, 0x08, 0x40, 0xF1, 0x28, 0x10, 0x3B, 0x18, 0x40, 0xF1, 0x14, 0x08, 0x40, 0xF1, 0x28, 0x10
	.byte 0x3B, 0x18, 0x40, 0xF1, 0x14, 0x08, 0x40, 0xF1, 0x28, 0x10, 0x3D, 0x18, 0x40, 0xF1, 0x14, 0x08
	.byte 0x40, 0xF1, 0x28, 0x10, 0x3D, 0x18, 0x40, 0xF1, 0x14, 0x08, 0x40, 0xF1, 0x28, 0x10, 0x3D, 0x18
	.byte 0x40, 0xF1, 0x14, 0x08, 0x40, 0xF1, 0x28, 0x10, 0x3D, 0x18, 0x3F, 0xF1, 0x14, 0x08, 0x3F, 0xF1
	.byte 0x28, 0x10, 0x3B, 0x18, 0x3F, 0xF1, 0x14, 0x08, 0x3F, 0xF1, 0x28, 0x10, 0x3B, 0x18, 0x3F, 0xF1
	.byte 0x14, 0x08, 0x3F, 0xF1, 0x28, 0x10, 0x3B, 0x18, 0x3F, 0xF1, 0x14, 0x08, 0x3F, 0xF1, 0x28, 0x10
	.byte 0x3B, 0x18, 0x3F, 0xF1, 0x14, 0x08, 0x3F, 0xF1, 0x28, 0x10, 0x3B, 0x18, 0x3F, 0xF1, 0x14, 0x08
	.byte 0x3F, 0xF1, 0x28, 0x10, 0x3B, 0x18, 0x3F, 0xF1, 0x14, 0x08, 0x3F, 0xF1, 0x28, 0x10, 0x3B, 0x18
	.byte 0x3F, 0xF1, 0x14, 0x08, 0x3F, 0xF1, 0x28, 0x10, 0x3B, 0x18, 0x40, 0xF1, 0x14, 0x08, 0x40, 0xF1
	.byte 0x28, 0x10, 0x3B, 0x18, 0x40, 0xF1, 0x14, 0x08, 0x40, 0xF1, 0x28, 0x10, 0x3B, 0x18, 0x40, 0xF1
	.byte 0x14, 0x08, 0x40, 0xF1, 0x28, 0x10, 0x3B, 0x18, 0x40, 0xF1, 0x14, 0x08, 0x40, 0xF1, 0x28, 0x10
	.byte 0x3B, 0x18, 0x3D, 0xF1, 0x14, 0x08, 0x3D, 0xF1, 0x28, 0x10, 0x3A, 0x18, 0x3D, 0xF1, 0x14, 0x08
	.byte 0x3D, 0xF1, 0x28, 0x10, 0x3A, 0x18, 0x3F, 0xF1, 0x14, 0x08, 0x3F, 0xF1, 0x28, 0x10, 0x3B, 0x18
	.byte 0x3F, 0xF1, 0x14, 0x08, 0x3F, 0xF1, 0x28, 0x10, 0x3B, 0x18, 0x40, 0xF1, 0x14, 0x08, 0x40, 0xF1
	.byte 0x28, 0x10, 0x3B, 0x18, 0x40, 0xF1, 0x14, 0x08, 0x40, 0xF1, 0x28, 0x10, 0x3B, 0x18, 0x40, 0xF1
	.byte 0x14, 0x08, 0x40, 0xF1, 0x28, 0x10, 0x3B, 0x18, 0x40, 0xF1, 0x14, 0x08, 0x40, 0xF1, 0x28, 0x10
	.byte 0x3B, 0x18, 0x40, 0xF1, 0x14, 0x08, 0x40, 0xF1, 0x28, 0x10, 0x3B, 0x18, 0x40, 0xF1, 0x14, 0x08
	.byte 0x40, 0xF1, 0x28, 0x10, 0x3B, 0x18, 0x40, 0xF1, 0x14, 0x08, 0x40, 0xF1, 0x28, 0x10, 0x3B, 0x18
	.byte 0x40, 0xF1, 0x14, 0x08, 0x40, 0xF1, 0x28, 0x0F, 0x3B, 0xF0, 0xC6, 0xF2, 0x82, 0xF1, 0x28, 0xF5
	.byte 0xFE, 0x00, 0xDA, 0x04, 0xF5, 0xFF, 0x00, 0xDA, 0x04, 0xF5, 0x00, 0x40, 0x5A, 0xF6, 0x18, 0x20
	.byte 0x5C, 0xF6, 0x10, 0xF5, 0xFE, 0x00, 0xDD, 0x04, 0xF5, 0xFF, 0x00, 0xDD, 0x04, 0xF5, 0x00, 0x18
	.byte 0x5D, 0x00, 0xDC, 0x10, 0x70, 0x5C, 0xF6, 0x20, 0x30, 0x55, 0xF5, 0xFE, 0x00, 0xD7, 0x04, 0xF5
	.byte 0xFF, 0x00, 0xD7, 0x04, 0xF5, 0x00, 0x40, 0x57, 0xF6, 0x18, 0x20, 0x58, 0xF6, 0x10, 0xF5, 0xFE
	.byte 0x00, 0xDA, 0x04, 0xF5, 0xFF, 0x00, 0xDA, 0x04, 0xF5, 0x00, 0x18, 0x5A, 0x00, 0xD8, 0x10, 0x10
	.byte 0x58, 0xF6, 0x10, 0x18, 0x57, 0xF6, 0x18, 0x40, 0x55, 0xF6, 0x30, 0xF6, 0x01, 0xF0, 0xC0, 0xF2
	.byte 0x7F, 0xF1, 0x28, 0x18, 0x3D, 0xF1, 0x14, 0x08, 0x3D, 0xF1, 0x28, 0xF6, 0x10, 0x18, 0x3D, 0xF1
	.byte 0x14, 0x08, 0x3D, 0xF1, 0x28, 0xF6, 0x10, 0x18, 0x3F, 0xF1, 0x14, 0x08, 0x3F, 0xF1, 0x28, 0xF6
	.byte 0x10, 0x18, 0x3B, 0xF1, 0x14, 0x08, 0x3B, 0xF1, 0x28, 0xF6, 0x10, 0x18, 0x3B, 0xF1, 0x14, 0x08
	.byte 0x3B, 0xF1, 0x28, 0xF6, 0x10, 0x18, 0x3B, 0xF1, 0x14, 0x08, 0x3B, 0xF1, 0x28, 0xF6, 0x10, 0x18
	.byte 0x3B, 0xF1, 0x14, 0x08, 0x3B, 0xF1, 0x28, 0xF6, 0x10, 0x18, 0x3B, 0xF1, 0x14, 0x08, 0x3B, 0xF1
	.byte 0x28, 0xF6, 0x10, 0x18, 0x3B, 0xF1, 0x14, 0x08, 0x3B, 0xF1, 0x28, 0xF6, 0x10, 0x18, 0x3B, 0xF1
	.byte 0x14, 0x08, 0x3B, 0xF1, 0x28, 0xF6, 0x10, 0x18, 0x3B, 0xF1, 0x14, 0x08, 0x3B, 0xF1, 0x28, 0xF6
	.byte 0x10, 0x18, 0x3B, 0xF1, 0x14, 0x08, 0x3B, 0xF1, 0x28, 0xF6, 0x10, 0x18, 0x3D, 0xF1, 0x14, 0x08
	.byte 0x3D, 0xF1, 0x28, 0xF6, 0x10, 0x18, 0x3D, 0xF1, 0x14, 0x08, 0x3D, 0xF1, 0x28, 0xF6, 0x10, 0x18
	.byte 0x3D, 0xF1, 0x14, 0x08, 0x3D, 0xF1, 0x28, 0xF6, 0x10, 0x18, 0x3D, 0xF1, 0x14, 0x08, 0x3D, 0xF1
	.byte 0x28, 0xF6, 0x10, 0x18, 0x3B, 0xF1, 0x14, 0x08, 0x3B, 0xF1, 0x28, 0xF6, 0x10, 0x18, 0x3B, 0xF1
	.byte 0x14, 0x08, 0x3B, 0xF1, 0x28, 0xF6, 0x10, 0x18, 0x3B, 0xF1, 0x14, 0x08, 0x3B, 0xF1, 0x28, 0xF6
	.byte 0x10, 0x18, 0x3B, 0xF1, 0x14, 0x08, 0x3B, 0xF1, 0x28, 0xF6, 0x10, 0x18, 0x3D, 0xF1, 0x14, 0x08
	.byte 0x3D, 0xF1, 0x28, 0xF6, 0x10, 0x18, 0x3D, 0xF1, 0x14, 0x08, 0x3D, 0xF1, 0x28, 0xF6, 0x10, 0x18
	.byte 0x3D, 0xF1, 0x14, 0x08, 0x3D, 0xF1, 0x28, 0xF6, 0x10, 0x18, 0x3D, 0xF1, 0x14, 0x08, 0x3D, 0xF1
	.byte 0x28, 0xF6, 0x10, 0x18, 0x40, 0xF1, 0x14, 0x08, 0x40, 0xF1, 0x28, 0x10, 0x3B, 0x18, 0x40, 0xF1
	.byte 0x14, 0x08, 0x40, 0xF1, 0x28, 0x10, 0x3B, 0x18, 0x40, 0xF1, 0x14, 0x08, 0x40, 0xF1, 0x28, 0x10
	.byte 0x3B, 0x18, 0x40, 0xF1, 0x14, 0x08, 0x40, 0xF1, 0x28, 0x10, 0x3B, 0xF9, 0x7A, 0x18, 0x40, 0xF1
	.byte 0x14, 0x08, 0x40, 0xF1, 0x28, 0x10, 0x3D, 0x18, 0x40, 0xF1, 0x14, 0x08, 0x40, 0xF1, 0x28, 0x10
	.byte 0x3D, 0x18, 0x40, 0xF9, 0x78, 0xF1, 0x14, 0x08, 0x40, 0xF1, 0x28, 0x10, 0x3D, 0x18, 0x40, 0xF1
	.byte 0x14, 0x08, 0x40, 0xF1, 0x28, 0xF9, 0x78, 0x10, 0x3D, 0xF9, 0x76, 0x18, 0x3F, 0xF1, 0x14, 0x08
	.byte 0x3F, 0xF1, 0x28, 0x10, 0x3B, 0x18, 0x3F, 0xF1, 0x14, 0x08, 0x3F, 0xF1, 0x28, 0x10, 0x3B, 0x00
	.byte 0xBF, 0x14, 0xF9, 0x74, 0x04, 0x3F, 0xF1, 0x14, 0x08, 0x3F, 0xF1, 0x28, 0x10, 0x3B, 0x18, 0x3F
	.byte 0xF1, 0x14, 0x08, 0x3F, 0xF1, 0x28, 0x10, 0x3B, 0xF9, 0x72, 0x00, 0xB9, 0x34, 0xF9, 0x70, 0x1C
	.byte 0x39, 0xF6, 0x10, 0x00, 0xC0, 0x02, 0xF9, 0x6E, 0x1E, 0x40, 0x00, 0xBD, 0x0C, 0xF9, 0x6A, 0x04
	.byte 0x3D, 0x20, 0x40, 0xF9, 0x50, 0x10, 0x3D, 0xF9, 0x60, 0xF0, 0x6F, 0xF1, 0x1E, 0xC0, 0x40, 0xF6
	.byte 0x60, 0xFF, 0xF9, 0x7B, 0xF6, 0x01, 0xF0, 0xC0, 0xF2, 0x7F, 0xF1, 0x28, 0x28, 0x44, 0xF1, 0x14
	.byte 0x28, 0x44, 0xF1, 0x0A, 0x10, 0x44, 0xF1, 0x28, 0x18, 0x44, 0xF1, 0x14, 0x18, 0x44, 0xF1, 0x28
	.byte 0x18, 0x44, 0xF1, 0x14, 0x18, 0x44, 0xF1, 0x28, 0x18, 0x45, 0xF1, 0x14, 0x18, 0x45, 0xF1, 0x28
	.byte 0x18, 0x45, 0xF1, 0x14, 0x18, 0x45, 0xF1, 0x28, 0x18, 0x45, 0xF1, 0x14, 0x18, 0x45, 0xF1, 0x28
	.byte 0x18, 0x45, 0xF1, 0x14, 0x18, 0x45, 0xF1, 0x28, 0x18, 0x44, 0xF1, 0x14, 0x18, 0x44, 0xF1, 0x28
	.byte 0x18, 0x44, 0xF1, 0x14, 0x18, 0x44, 0xF1, 0x28, 0x18, 0x44, 0xF1, 0x14, 0x18, 0x44, 0xF1, 0x28
	.byte 0x18, 0x44, 0xF1, 0x14, 0x18, 0x44, 0xF1, 0x28, 0x18, 0x45, 0xF1, 0x14, 0x18, 0x45, 0xF1, 0x28
	.byte 0x18, 0x45, 0xF1, 0x14, 0x18, 0x45, 0xF1, 0x28, 0x18, 0x45, 0xF1, 0x14, 0x18, 0x45, 0xF1, 0x28
	.byte 0x18, 0x45, 0xF1, 0x14, 0x18, 0x45, 0xF1, 0x28, 0x18, 0x44, 0xF1, 0x14, 0x18, 0x44, 0xF1, 0x28
	.byte 0x18, 0x44, 0xF1, 0x14, 0x18, 0x44, 0xF1, 0x28, 0x18, 0x44, 0xF1, 0x14, 0x18, 0x44, 0xF1, 0x28
	.byte 0x18, 0x44, 0xF1, 0x14, 0x18, 0x44, 0xF1, 0x28, 0x18, 0x45, 0xF1, 0x14, 0x18, 0x45, 0xF1, 0x28
	.byte 0x18, 0x45, 0xF1, 0x14, 0x18, 0x45, 0xF1, 0x28, 0x18, 0x45, 0xF1, 0x14, 0x18, 0x45, 0xF1, 0x28
	.byte 0x18, 0x45, 0xF1, 0x14, 0x18, 0x45, 0xF1, 0x28, 0x18, 0x44, 0xF1, 0x14, 0x18, 0x44, 0xF1, 0x28
	.byte 0x18, 0x44, 0xF1, 0x14, 0x18, 0x44, 0xF1, 0x28, 0x18, 0x44, 0xF1, 0x14, 0x18, 0x44, 0xF1, 0x28
	.byte 0x18, 0x44, 0xF1, 0x14, 0x18, 0x44, 0xF1, 0x28, 0x18, 0x45, 0xF1, 0x14, 0x18, 0x45, 0xF1, 0x28
	.byte 0x18, 0x45, 0xF1, 0x14, 0x18, 0x45, 0xF1, 0x28, 0x18, 0x45, 0xF1, 0x14, 0x18, 0x45, 0xF1, 0x28
	.byte 0x18, 0x45, 0xF1, 0x14, 0x18, 0x45, 0xF1, 0x28, 0x18, 0x44, 0xF1, 0x14, 0x18, 0x44, 0xF1, 0x28
	.byte 0x18, 0x44, 0xF1, 0x14, 0x18, 0x44, 0xF1, 0x28, 0x18, 0x44, 0xF1, 0x14, 0x18, 0x44, 0xF1, 0x28
	.byte 0x18, 0x44, 0xF1, 0x14, 0x18, 0x44, 0xF1, 0x28, 0x18, 0x45, 0xF1, 0x14, 0x18, 0x45, 0xF1, 0x28
	.byte 0x18, 0x45, 0xF1, 0x14, 0x18, 0x45, 0xF1, 0x28, 0x18, 0x45, 0xF1, 0x14, 0x18, 0x45, 0xF1, 0x28
	.byte 0x18, 0x45, 0xF1, 0x14, 0x18, 0x45, 0xF1, 0x28, 0x18, 0x44, 0xF1, 0x14, 0x18, 0x44, 0xF1, 0x28
	.byte 0x18, 0x44, 0xF1, 0x14, 0x18, 0x44, 0xF1, 0x28, 0x18, 0x44, 0xF1, 0x14, 0x18, 0x44, 0xF1, 0x28
	.byte 0x18, 0x44, 0xF1, 0x14, 0x18, 0x44, 0xF1, 0x28, 0x18, 0x45, 0xF1, 0x14, 0x18, 0x45, 0xF1, 0x28
	.byte 0x18, 0x45, 0xF1, 0x14, 0x18, 0x45, 0xF1, 0x28, 0x18, 0x45, 0xF1, 0x14, 0x18, 0x45, 0xF1, 0x28
	.byte 0x18, 0x45, 0xF1, 0x14, 0x18, 0x45, 0xF1, 0x28, 0x18, 0x44, 0xF1, 0x14, 0x18, 0x44, 0xF1, 0x28
	.byte 0x18, 0x44, 0xF1, 0x14, 0x18, 0x44, 0xF1, 0x28, 0x18, 0x44, 0xF1, 0x14, 0x18, 0x44, 0xF1, 0x28
	.byte 0x18, 0x44, 0xF1, 0x14, 0x18, 0x44, 0xF1, 0x28, 0x18, 0x42, 0xF1, 0x14, 0x18, 0x42, 0xF1, 0x28
	.byte 0x18, 0x42, 0xF1, 0x14, 0x18, 0x42, 0xF1, 0x28, 0x18, 0x42, 0xF1, 0x14, 0x18, 0x42, 0xF1, 0x28
	.byte 0x18, 0x42, 0xF1, 0x14, 0x18, 0x42, 0xF1, 0x28, 0x18, 0x42, 0xF1, 0x14, 0x18, 0x42, 0xF1, 0x28
	.byte 0x18, 0x42, 0xF1, 0x14, 0x18, 0x42, 0xF1, 0x28, 0x18, 0x42, 0xF1, 0x14, 0x18, 0x42, 0xF1, 0x28
	.byte 0x18, 0x42, 0xF1, 0x14, 0x18, 0x42, 0xF1, 0x28, 0x18, 0x42, 0xF1, 0x14, 0x18, 0x42, 0xF1, 0x28
	.byte 0x18, 0x42, 0xF1, 0x14, 0x18, 0x42, 0xF1, 0x28, 0x18, 0x42, 0xF1, 0x14, 0x18, 0x42, 0xF1, 0x28
	.byte 0x18, 0x42, 0xF1, 0x14, 0x18, 0x42, 0xF1, 0x28, 0x18, 0x44, 0xF1, 0x14, 0x18, 0x44, 0xF1, 0x28
	.byte 0x18, 0x44, 0xF1, 0x14, 0x18, 0x44, 0xF1, 0x28, 0x18, 0x44, 0xF1, 0x14, 0x18, 0x44, 0xF1, 0x28
	.byte 0x18, 0x44, 0xF1, 0x14, 0x18, 0x44, 0xF1, 0x28, 0x18, 0x45, 0xF1, 0x14, 0x18, 0x45, 0xF1, 0x28
	.byte 0x18, 0x45, 0xF1, 0x14, 0x18, 0x45, 0xF1, 0x28, 0x18, 0x45, 0xF1, 0x14, 0x18, 0x45, 0xF1, 0x28
	.byte 0x18, 0x45, 0xF1, 0x14, 0x18, 0x45, 0xF1, 0x28, 0x18, 0x44, 0xF1, 0x14, 0x18, 0x44, 0xF1, 0x28
	.byte 0x18, 0x44, 0xF1, 0x14, 0x18, 0x44, 0xF1, 0x28, 0x18, 0x44, 0xF1, 0x14, 0x18, 0x44, 0xF1, 0x28
	.byte 0x18, 0x44, 0xF1, 0x14, 0x18, 0x44, 0xF1, 0x28, 0x18, 0x45, 0xF1, 0x14, 0x18, 0x45, 0xF1, 0x28
	.byte 0x18, 0x45, 0xF1, 0x14, 0x18, 0x45, 0xF1, 0x28, 0x18, 0x45, 0xF1, 0x14, 0x18, 0x45, 0xF1, 0x28
	.byte 0x18, 0x45, 0xF1, 0x14, 0x18, 0x45, 0xF1, 0x28, 0x18, 0x44, 0xF1, 0x14, 0x18, 0x44, 0xF1, 0x28
	.byte 0x18, 0x44, 0xF1, 0x14, 0x18, 0x44, 0xF1, 0x28, 0x18, 0x44, 0xF1, 0x14, 0x18, 0x44, 0xF1, 0x28
	.byte 0x18, 0x44, 0xF1, 0x14, 0x18, 0x44, 0xF1, 0x28, 0x18, 0x45, 0xF1, 0x14, 0x18, 0x45, 0xF1, 0x28
	.byte 0x18, 0x45, 0xF1, 0x14, 0x18, 0x45, 0xF1, 0x28, 0x18, 0x45, 0xF1, 0x14, 0x18, 0x45, 0xF1, 0x28
	.byte 0x18, 0x45, 0xF1, 0x14, 0x18, 0x45, 0xF1, 0x28, 0x18, 0x44, 0xF1, 0x14, 0x18, 0x44, 0xF1, 0x28
	.byte 0x18, 0x44, 0xF1, 0x14, 0x18, 0x44, 0xF1, 0x28, 0x18, 0x44, 0xF1, 0x14, 0x18, 0x44, 0xF1, 0x28
	.byte 0x18, 0x44, 0xF1, 0x14, 0x18, 0x44, 0xF1, 0x28, 0x18, 0x45, 0xF1, 0x14, 0x18, 0x45, 0xF1, 0x28
	.byte 0x18, 0x45, 0xF1, 0x14, 0x18, 0x45, 0xF1, 0x28, 0x18, 0x45, 0xF1, 0x14, 0x18, 0x45, 0xF1, 0x28
	.byte 0x18, 0x45, 0xF1, 0x14, 0x18, 0x45, 0xF1, 0x28, 0x18, 0x44, 0xF1, 0x14, 0x18, 0x44, 0xF1, 0x28
	.byte 0x18, 0x44, 0xF1, 0x14, 0x18, 0x44, 0xF1, 0x28, 0x18, 0x44, 0xF1, 0x14, 0x18, 0x44, 0xF1, 0x28
	.byte 0x18, 0x44, 0xF1, 0x14, 0x18, 0x44, 0xF1, 0x28, 0x18, 0x42, 0xF1, 0x14, 0x18, 0x42, 0xF1, 0x28
	.byte 0x18, 0x42, 0xF1, 0x14, 0x18, 0x42, 0xF1, 0x28, 0x18, 0x42, 0xF1, 0x14, 0x18, 0x42, 0xF1, 0x28
	.byte 0x18, 0x42, 0xF1, 0x14, 0x18, 0x42, 0xF1, 0x28, 0x18, 0x44, 0xF1, 0x14, 0x18, 0x44, 0xF1, 0x28
	.byte 0x18, 0x44, 0xF1, 0x14, 0x18, 0x44, 0xF1, 0x28, 0x18, 0x44, 0xF1, 0x14, 0x18, 0x44, 0xF1, 0x28
	.byte 0x18, 0x44, 0xF1, 0x14, 0x18, 0x44, 0xF1, 0x28, 0x18, 0x44, 0xF1, 0x14, 0x18, 0x44, 0xF1, 0x28
	.byte 0x18, 0x44, 0xF1, 0x14, 0x18, 0x44, 0xF1, 0x28, 0x18, 0x44, 0xF1, 0x14, 0x18, 0x44, 0xF1, 0x28
	.byte 0x18, 0x44, 0xF1, 0x14, 0x18, 0x44, 0xF1, 0x28, 0x18, 0x40, 0xF1, 0x14, 0x18, 0x40, 0xF1, 0x28
	.byte 0x18, 0x40, 0xF1, 0x14, 0x18, 0x40, 0xF1, 0x28, 0x18, 0x42, 0xF1, 0x14, 0x18, 0x42, 0xF1, 0x28
	.byte 0x18, 0x3F, 0xF1, 0x14, 0x18, 0x3F, 0xF1, 0x28, 0x18, 0x40, 0xF1, 0x14, 0x18, 0x40, 0xF1, 0x28
	.byte 0x18, 0x40, 0xF1, 0x14, 0x18, 0x40, 0xF1, 0x28, 0x18, 0x40, 0xF1, 0x14, 0x18, 0x40, 0xF1, 0x28
	.byte 0x18, 0x40, 0xF1, 0x14, 0x18, 0x40, 0xF1, 0x28, 0x18, 0x42, 0xF1, 0x14, 0x18, 0x42, 0xF1, 0x28
	.byte 0x18, 0x42, 0xF1, 0x14, 0x18, 0x42, 0xF1, 0x28, 0x18, 0x42, 0xF1, 0x14, 0x18, 0x42, 0xF1, 0x28
	.byte 0x18, 0x3F, 0xF1, 0x14, 0x18, 0x3F, 0xF1, 0x28, 0x18, 0x40, 0xF1, 0x14, 0x18, 0x40, 0xF1, 0x28
	.byte 0x18, 0x40, 0xF1, 0x14, 0x18, 0x40, 0xF1, 0x28, 0x18, 0x40, 0xF1, 0x14, 0x18, 0x40, 0xF1, 0x28
	.byte 0x18, 0x40, 0xF1, 0x14, 0x18, 0x40, 0xF1, 0x28, 0x18, 0x40, 0xF1, 0x14, 0x18, 0x40, 0xF1, 0x28
	.byte 0x18, 0x40, 0xF1, 0x14, 0x18, 0x40, 0xF1, 0x28, 0x18, 0x42, 0xF1, 0x14, 0x18, 0x42, 0xF1, 0x28
	.byte 0x18, 0x3F, 0xF1, 0x14, 0x18, 0x3F, 0xF1, 0x28, 0x18, 0x40, 0xF1, 0x14, 0x18, 0x40, 0xF1, 0x28
	.byte 0x18, 0x40, 0xF1, 0x14, 0x18, 0x40, 0xF1, 0x28, 0x18, 0x40, 0xF1, 0x14, 0x18, 0x40, 0xF1, 0x28
	.byte 0x18, 0x40, 0xF1, 0x14, 0x18, 0x40, 0xF1, 0x28, 0x18, 0x40, 0xF1, 0x14, 0x18, 0x40, 0xF1, 0x28
	.byte 0x18, 0x40, 0xF1, 0x14, 0x18, 0x40, 0xF1, 0x28, 0x18, 0x40, 0xF1, 0x14, 0x18, 0x40, 0xF1, 0x28
	.byte 0x18, 0x40, 0xF1, 0x14, 0x18, 0x40, 0xF1, 0x28, 0x18, 0x40, 0xF1, 0x14, 0x18, 0x40, 0xF1, 0x28
	.byte 0x18, 0x40, 0xF1, 0x14, 0x18, 0x40, 0xF1, 0x28, 0x18, 0x40, 0xF1, 0x14, 0x18, 0x40, 0xF1, 0x28
	.byte 0x18, 0x40, 0xF1, 0x14, 0x18, 0x40, 0xF1, 0x28, 0x18, 0x3F, 0xF1, 0x14, 0x18, 0x3F, 0xF1, 0x28
	.byte 0x18, 0x3F, 0xF1, 0x14, 0x18, 0x3F, 0xF1, 0x28, 0x18, 0x3F, 0xF1, 0x14, 0x18, 0x3F, 0xF1, 0x28
	.byte 0x18, 0x3F, 0xF1, 0x14, 0x18, 0x3F, 0xF1, 0x28, 0x18, 0x40, 0xF1, 0x14, 0x18, 0x40, 0xF1, 0x28
	.byte 0x18, 0x40, 0xF1, 0x14, 0x18, 0x40, 0xF1, 0x28, 0x18, 0x40, 0xF1, 0x14, 0x18, 0x40, 0xF1, 0x28
	.byte 0x18, 0x40, 0xF1, 0x14, 0x18, 0x40, 0xF1, 0x28, 0x18, 0x44, 0xF1, 0x14, 0x18, 0x44, 0xF1, 0x28
	.byte 0x18, 0x44, 0xF1, 0x14, 0x18, 0x44, 0xF1, 0x28, 0x18, 0x44, 0xF1, 0x14, 0x18, 0x44, 0xF1, 0x28
	.byte 0x18, 0x44, 0xF1, 0x14, 0x18, 0x44, 0xF1, 0x28, 0x18, 0x45, 0xF1, 0x14, 0x18, 0x45, 0xF1, 0x28
	.byte 0x18, 0x45, 0xF1, 0x14, 0x18, 0x45, 0xF1, 0x28, 0x18, 0x45, 0xF1, 0x14, 0x18, 0x45, 0xF1, 0x28
	.byte 0x18, 0x45, 0xF1, 0x14, 0x18, 0x45, 0xF1, 0x28, 0x18, 0x44, 0xF1, 0x14, 0x18, 0x44, 0xF1, 0x28
	.byte 0x18, 0x44, 0xF1, 0x14, 0x18, 0x44, 0xF1, 0x28, 0x18, 0x44, 0xF1, 0x14, 0x18, 0x44, 0xF1, 0x28
	.byte 0x18, 0x44, 0xF1, 0x14, 0x18, 0x44, 0xF1, 0x28, 0x28, 0x3D, 0xF1, 0x14, 0x28, 0x3D, 0xF1, 0x0A
	.byte 0x10, 0x3D, 0xF1, 0x28, 0x18, 0x45, 0xF1, 0x14, 0x18, 0x45, 0xF1, 0x28, 0x18, 0x45, 0xF1, 0x14
	.byte 0x18, 0x45, 0xF1, 0x28, 0x18, 0x44, 0xF1, 0x14, 0x18, 0x44, 0xF1, 0x28, 0x18, 0x44, 0xF1, 0x14
	.byte 0x18, 0x44, 0xF1, 0x28, 0x18, 0x44, 0xF1, 0x14, 0x18, 0x44, 0xF1, 0x28, 0x18, 0x44, 0xF1, 0x14
	.byte 0x18, 0x44, 0xF1, 0x28, 0x18, 0x45, 0xF1, 0x14, 0x18, 0x45, 0xF1, 0x28, 0x18, 0x45, 0xF1, 0x14
	.byte 0x18, 0x45, 0xF1, 0x28, 0x18, 0x45, 0xF1, 0x14, 0x18, 0x45, 0xF1, 0x28, 0x18, 0x45, 0xF1, 0x14
	.byte 0x18, 0x45, 0xF1, 0x28, 0x18, 0x44, 0xF1, 0x14, 0x18, 0x44, 0xF1, 0x28, 0x18, 0x44, 0xF1, 0x14
	.byte 0x18, 0x44, 0xF1, 0x28, 0x18, 0x44, 0xF1, 0x14, 0x18, 0x44, 0xF1, 0x28, 0x18, 0x44, 0xF1, 0x14
	.byte 0x18, 0x44, 0xF1, 0x28, 0x18, 0x45, 0xF1, 0x14, 0x18, 0x45, 0xF1, 0x28, 0x18, 0x45, 0xF1, 0x14
	.byte 0x18, 0x45, 0xF1, 0x28, 0x18, 0x45, 0xF1, 0x14, 0x18, 0x45, 0xF1, 0x28, 0x18, 0x45, 0xF1, 0x14
	.byte 0x18, 0x45, 0xF1, 0x28, 0x18, 0x44, 0xF1, 0x14, 0x18, 0x44, 0xF1, 0x28, 0x18, 0x44, 0xF1, 0x14
	.byte 0x18, 0x44, 0xF1, 0x28, 0x18, 0x44, 0xF1, 0x14, 0x18, 0x44, 0xF1, 0x28, 0x18, 0x44, 0xF1, 0x14
	.byte 0x18, 0x44, 0xF1, 0x28, 0x18, 0x45, 0xF1, 0x14, 0x18, 0x45, 0xF1, 0x28, 0x18, 0x45, 0xF1, 0x14
	.byte 0x18, 0x45, 0xF1, 0x28, 0x18, 0x45, 0xF1, 0x14, 0x18, 0x45, 0xF1, 0x28, 0x18, 0x45, 0xF1, 0x14
	.byte 0x18, 0x45, 0xF1, 0x28, 0x18, 0x44, 0xF1, 0x14, 0x18, 0x44, 0xF1, 0x28, 0x18, 0x44, 0xF1, 0x14
	.byte 0x18, 0x44, 0xF1, 0x28, 0x18, 0x44, 0xF1, 0x14, 0x18, 0x44, 0xF1, 0x28, 0x18, 0x44, 0xF1, 0x14
	.byte 0x18, 0x44, 0xF1, 0x28, 0x18, 0x45, 0xF1, 0x14, 0x18, 0x45, 0xF1, 0x28, 0x18, 0x45, 0xF1, 0x14
	.byte 0x18, 0x45, 0xF1, 0x28, 0x18, 0x45, 0xF1, 0x14, 0x18, 0x45, 0xF1, 0x28, 0x18, 0x45, 0xF1, 0x14
	.byte 0x18, 0x45, 0xF1, 0x28, 0x18, 0x44, 0xF1, 0x14, 0x18, 0x44, 0xF1, 0x28, 0x18, 0x44, 0xF1, 0x14
	.byte 0x18, 0x44, 0xF1, 0x28, 0x18, 0x44, 0xF1, 0x14, 0x18, 0x44, 0xF1, 0x28, 0x18, 0x44, 0xF1, 0x14
	.byte 0x18, 0x44, 0xF1, 0x28, 0x18, 0x42, 0xF1, 0x14, 0x18, 0x42, 0xF1, 0x28, 0x18, 0x42, 0xF1, 0x14
	.byte 0x18, 0x42, 0xF1, 0x28, 0x18, 0x42, 0xF1, 0x14, 0x18, 0x42, 0xF1, 0x28, 0x18, 0x42, 0xF1, 0x14
	.byte 0x18, 0x42, 0xF1, 0x28, 0x18, 0x42, 0xF1, 0x14, 0x18, 0x42, 0xF1, 0x28, 0x18, 0x42, 0xF1, 0x14
	.byte 0x18, 0x42, 0xF1, 0x28, 0x18, 0x42, 0xF1, 0x14, 0x18, 0x42, 0xF1, 0x28, 0x18, 0x42, 0xF1, 0x14
	.byte 0x18, 0x42, 0xF1, 0x28, 0x18, 0x42, 0xF1, 0x14, 0x18, 0x42, 0xF1, 0x28, 0x18, 0x42, 0xF1, 0x14
	.byte 0x18, 0x42, 0xF1, 0x28, 0x18, 0x42, 0xF1, 0x14, 0x18, 0x42, 0xF1, 0x28, 0x18, 0x42, 0xF1, 0x14
	.byte 0x18, 0x42, 0xF1, 0x28, 0x18, 0x44, 0xF1, 0x14, 0x18, 0x44, 0xF1, 0x28, 0x18, 0x44, 0xF1, 0x14
	.byte 0x18, 0x44, 0xF1, 0x28, 0x18, 0x44, 0xF1, 0x14, 0x18, 0x44, 0xF1, 0x28, 0x18, 0x44, 0xF1, 0x14
	.byte 0x18, 0x44, 0xF1, 0x28, 0x18, 0x45, 0xF1, 0x14, 0x18, 0x45, 0xF1, 0x28, 0x18, 0x45, 0xF1, 0x14
	.byte 0x18, 0x45, 0xF1, 0x28, 0x18, 0x45, 0xF1, 0x14, 0x18, 0x45, 0xF1, 0x28, 0x18, 0x45, 0xF1, 0x14
	.byte 0x18, 0x45, 0xF1, 0x28, 0x18, 0x44, 0xF1, 0x14, 0x18, 0x44, 0xF1, 0x28, 0x18, 0x44, 0xF1, 0x14
	.byte 0x18, 0x44, 0xF1, 0x28, 0x18, 0x44, 0xF1, 0x14, 0x18, 0x44, 0xF1, 0x28, 0x18, 0x44, 0xF1, 0x14
	.byte 0x18, 0x44, 0xF1, 0x28, 0x18, 0x45, 0xF1, 0x14, 0x18, 0x45, 0xF1, 0x28, 0x18, 0x45, 0xF1, 0x14
	.byte 0x18, 0x45, 0xF1, 0x28, 0x18, 0x45, 0xF1, 0x14, 0x18, 0x45, 0xF1, 0x28, 0x18, 0x45, 0xF1, 0x14
	.byte 0x18, 0x45, 0xF1, 0x28, 0x18, 0x44, 0xF1, 0x14, 0x18, 0x44, 0xF1, 0x28, 0x18, 0x44, 0xF1, 0x14
	.byte 0x18, 0x44, 0xF1, 0x28, 0x18, 0x44, 0xF1, 0x14, 0x18, 0x44, 0xF1, 0x28, 0x18, 0x44, 0xF1, 0x14
	.byte 0x18, 0x44, 0xF1, 0x28, 0x18, 0x45, 0xF1, 0x14, 0x18, 0x45, 0xF1, 0x28, 0x18, 0x45, 0xF1, 0x14
	.byte 0x18, 0x45, 0xF1, 0x28, 0x18, 0x45, 0xF1, 0x14, 0x18, 0x45, 0xF1, 0x28, 0x18, 0x45, 0xF1, 0x14
	.byte 0x18, 0x45, 0xF1, 0x28, 0x18, 0x44, 0xF1, 0x14, 0x18, 0x44, 0xF1, 0x28, 0x18, 0x44, 0xF1, 0x14
	.byte 0x18, 0x44, 0xF1, 0x28, 0x18, 0x44, 0xF1, 0x14, 0x18, 0x44, 0xF1, 0x28, 0x18, 0x44, 0xF1, 0x14
	.byte 0x18, 0x44, 0xF1, 0x28, 0x18, 0x45, 0xF1, 0x14, 0x18, 0x45, 0xF1, 0x28, 0x18, 0x45, 0xF1, 0x14
	.byte 0x18, 0x45, 0xF1, 0x28, 0x18, 0x45, 0xF1, 0x14, 0x18, 0x45, 0xF1, 0x28, 0x18, 0x45, 0xF1, 0x14
	.byte 0x18, 0x45, 0xF1, 0x28, 0x18, 0x44, 0xF1, 0x14, 0x18, 0x44, 0xF1, 0x28, 0x18, 0x44, 0xF1, 0x14
	.byte 0x18, 0x44, 0xF1, 0x28, 0x18, 0x44, 0xF1, 0x14, 0x18, 0x44, 0xF1, 0x28, 0x18, 0x44, 0xF1, 0x14
	.byte 0x18, 0x44, 0xF1, 0x28, 0x18, 0x42, 0xF1, 0x14, 0x18, 0x42, 0xF1, 0x28, 0x18, 0x42, 0xF1, 0x14
	.byte 0x18, 0x42, 0xF1, 0x28, 0x18, 0x42, 0xF1, 0x14, 0x18, 0x42, 0xF1, 0x28, 0x18, 0x42, 0xF1, 0x14
	.byte 0x18, 0x42, 0xF1, 0x28, 0x18, 0x44, 0xF1, 0x14, 0x18, 0x44, 0xF1, 0x28, 0x18, 0x44, 0xF1, 0x14
	.byte 0x18, 0x44, 0xF1, 0x28, 0x18, 0x44, 0xF1, 0x14, 0x18, 0x44, 0xF1, 0x28, 0x18, 0x44, 0xF1, 0x14
	.byte 0x18, 0x44, 0xF1, 0x28, 0x18, 0x44, 0xF1, 0x14, 0x18, 0x44, 0xF1, 0x28, 0x18, 0x44, 0xF1, 0x14
	.byte 0x18, 0x44, 0xF1, 0x28, 0x18, 0x44, 0xF1, 0x14, 0x18, 0x44, 0xF1, 0x28, 0x18, 0x44, 0xF1, 0x14
	.byte 0x17, 0x44, 0xF1, 0x28, 0xF6, 0xC0, 0xF6, 0xC0, 0xF6, 0xC0, 0xF6, 0xC0, 0xF1, 0x28, 0x18, 0x40
	.byte 0xF1, 0x14, 0x18, 0x40, 0xF1, 0x28, 0x18, 0x40, 0xF1, 0x14, 0x18, 0x40, 0xF1, 0x28, 0x18, 0x42
	.byte 0xF1, 0x14, 0x18, 0x42, 0xF1, 0x28, 0x18, 0x3F, 0xF1, 0x14, 0x18, 0x3F, 0xF1, 0x28, 0x18, 0x40
	.byte 0xF1, 0x14, 0x18, 0x40, 0xF1, 0x28, 0x18, 0x40, 0xF1, 0x14, 0x18, 0x40, 0xF1, 0x28, 0x18, 0x40
	.byte 0xF1, 0x14, 0x18, 0x40, 0xF1, 0x28, 0x18, 0x40, 0xF1, 0x14, 0x18, 0x40, 0xF1, 0x28, 0x18, 0x40
	.byte 0xF1, 0x14, 0x18, 0x40, 0xF1, 0x28, 0x18, 0x40, 0xF1, 0x14, 0x18, 0x40, 0xF1, 0x28, 0x18, 0x40
	.byte 0xF1, 0x14, 0x18, 0x40, 0xF1, 0x28, 0x18, 0x40, 0xF1, 0x14, 0x18, 0x40, 0xF1, 0x28, 0x18, 0x40
	.byte 0xF1, 0x14, 0x18, 0x40, 0xF1, 0x28, 0x18, 0x40, 0xF1, 0x14, 0x18, 0x40, 0xF1, 0x28, 0x18, 0x40
	.byte 0xF1, 0x14, 0x18, 0x40, 0xF1, 0x28, 0x18, 0x40, 0xF1, 0x14, 0x18, 0x40, 0xF1, 0x28, 0x18, 0x3F
	.byte 0xF1, 0x14, 0x18, 0x3F, 0xF1, 0x28, 0x18, 0x3F, 0xF1, 0x14, 0x18, 0x3F, 0xF1, 0x28, 0x18, 0x3F
	.byte 0xF1, 0x14, 0x18, 0x3F, 0xF1, 0x28, 0x18, 0x3F, 0xF1, 0x14, 0x18, 0x3F, 0xF1, 0x28, 0x18, 0x40
	.byte 0xF1, 0x14, 0x18, 0x40, 0xF1, 0x28, 0x18, 0x40, 0xF1, 0x14, 0x18, 0x40, 0xF1, 0x28, 0x18, 0x40
	.byte 0xF1, 0x14, 0x18, 0x40, 0xF1, 0x28, 0x18, 0x40, 0xF1, 0x14, 0x18, 0x40, 0xF1, 0x28, 0x18, 0x44
	.byte 0xF1, 0x14, 0x18, 0x44, 0xF1, 0x28, 0x18, 0x44, 0xF1, 0x14, 0x18, 0x44, 0xF1, 0x28, 0x18, 0x44
	.byte 0xF1, 0x14, 0x18, 0x44, 0xF1, 0x28, 0x18, 0x44, 0xF1, 0x14, 0x18, 0x44, 0xF1, 0x28, 0xF9, 0x7A
	.byte 0x18, 0x45, 0xF1, 0x14, 0x18, 0x45, 0xF1, 0x28, 0x18, 0x45, 0xF1, 0x14, 0x18, 0x45, 0xF1, 0x28
	.byte 0x18, 0x45, 0xF9, 0x78, 0xF1, 0x14, 0x18, 0x45, 0xF1, 0x28, 0x18, 0x45, 0xF1, 0x14, 0x00, 0xC5
	.byte 0x08, 0xF9, 0x78, 0x10, 0x45, 0xF1, 0x28, 0xF9, 0x76, 0x20, 0x44, 0xF1, 0x14, 0x10, 0x44, 0xF1
	.byte 0x28, 0x20, 0x44, 0xF1, 0x14, 0x10, 0x44, 0xF1, 0x28, 0x00, 0xC4, 0x14, 0xF9, 0x74, 0x00, 0xC4
	.byte 0x0C, 0xF1, 0x14, 0x10, 0x44, 0xF1, 0x28, 0x00, 0xC4, 0x20, 0xF1, 0x14, 0x10, 0x44, 0xF1, 0x28
	.byte 0xF9, 0x72, 0x28, 0x3D, 0xF1, 0x14, 0x28, 0x3D, 0xF1, 0x0A, 0x10, 0x3D, 0xF1, 0x28, 0xF9, 0x70
	.byte 0x00, 0xC5, 0x02, 0xF9, 0x6E, 0x1E, 0x45, 0xF1, 0x14, 0x00, 0xC5, 0x0C, 0xF9, 0x6A, 0x04, 0x45
	.byte 0xF1, 0x28, 0x18, 0x45, 0xF1, 0x14, 0x00, 0xC5, 0x08, 0xF9, 0x50, 0x10, 0x45, 0xF1, 0x28, 0xF9
	.byte 0x60, 0xF6, 0x05, 0xBB, 0x44, 0xF1, 0x14, 0x18, 0x44, 0xF1, 0x0A, 0x18, 0x44, 0xF6, 0x90, 0xFF
	.byte 0xFC, 0x03, 0x12, 0x00, 0xE0, 0x03, 0xFC, 0x07, 0x1F, 0x0F, 0xE1, 0x15, 0x05, 0x19, 0x45, 0x1C
	.byte 0x4F, 0x22, 0xF9, 0x84, 0xF6, 0x0C, 0xF0, 0x00, 0xF2, 0x82, 0xF1, 0x46, 0x0C, 0x40, 0x0C, 0x40
	.byte 0x0C, 0x40, 0x0C, 0x40, 0x0C, 0x40, 0x0C, 0x40, 0x0C, 0x40, 0xF6, 0x0C, 0xF1, 0x32, 0x06, 0x40
	.byte 0x06, 0x40, 0xF1, 0x46, 0x0C, 0x40, 0x0C, 0x40, 0x0C, 0x40, 0x0C, 0x40, 0x0C, 0x40, 0x0C, 0x40
	.byte 0x0C, 0x40, 0x0C, 0x40, 0x0C, 0x40, 0x0C, 0x40, 0x0C, 0x40, 0x0C, 0x40, 0x0C, 0x40, 0x0C, 0x40
	.byte 0xF6, 0x0C, 0x0C, 0x40, 0x0C, 0x40, 0x0C, 0x40, 0x0C, 0x40, 0x0C, 0x40, 0x0C, 0x40, 0xF1, 0x32
	.byte 0x06, 0x40, 0x06, 0x40, 0xF1, 0x46, 0x0C, 0x40, 0x0C, 0x40, 0x0C, 0x40, 0x0C, 0x40, 0x0C, 0x40
	.byte 0x0C, 0x40, 0x0C, 0x40, 0x0C, 0x40, 0xF6, 0x0C, 0xF1, 0x32, 0x06, 0x40, 0x06, 0x40, 0xF1, 0x46
	.byte 0x0C, 0x40, 0x0C, 0x40, 0x0C, 0x40, 0x0C, 0x40, 0x0C, 0x40, 0x0C, 0x40, 0x18, 0x40, 0xF6, 0x6C
	.byte 0xF1, 0x32, 0x06, 0x40, 0x06, 0x40, 0xF1, 0x46, 0x18, 0x40, 0xF6, 0x18, 0xF0, 0x18, 0xF2, 0x7F
	.byte 0xF1, 0x8C, 0x0C, 0x4E, 0xF1, 0x28, 0x0C, 0x4E, 0xF1, 0x8C, 0x0C, 0x47, 0xF1, 0x28, 0x0C, 0x47
	.byte 0xF1, 0x8C, 0x0C, 0x49, 0x0C, 0x4B, 0x0C, 0x4C, 0x0C, 0x4B, 0xF1, 0x28, 0x0C, 0x4B, 0xF1, 0x8C
	.byte 0x0C, 0x4B, 0xF1, 0x28, 0x0C, 0x4B, 0xF1, 0x8C, 0x0C, 0x47, 0x0C, 0x4E, 0xF1, 0x28, 0x0C, 0x4E
	.byte 0xF1, 0x8C, 0x0C, 0x47, 0x0C, 0x49, 0x0C, 0x4B, 0x0C, 0x4C, 0x0C, 0x4E, 0x0C, 0x50, 0xF1, 0x28
	.byte 0x0C, 0x50, 0xF1, 0x8C, 0x0C, 0x4E, 0xF1, 0x28, 0x0C, 0x4E, 0xF1, 0x8C, 0x0C, 0x4C, 0xF1, 0x28
	.byte 0x0C, 0x4C, 0xF1, 0x8C, 0x0C, 0x4C, 0xF1, 0x28, 0x0C, 0x4C, 0xF1, 0x8C, 0x0C, 0x49, 0xF1, 0x28
	.byte 0x0C, 0x49, 0xF1, 0x8C, 0x0C, 0x4C, 0x0C, 0x4B, 0x0C, 0x49, 0x0C, 0x4B, 0xF1, 0x28, 0x0C, 0x4B
	.byte 0xF1, 0x8C, 0x0C, 0x47, 0x0C, 0x4E, 0xF1, 0x28, 0x0C, 0x4E, 0xF1, 0x8C, 0xF6, 0x30, 0xF0, 0x0C
	.byte 0xF2, 0x64, 0xF1, 0x64, 0x0C, 0x39, 0x0C, 0x3D, 0x0C, 0x40, 0xF1, 0x28, 0x0C, 0x40, 0xF1, 0x78
	.byte 0x0C, 0x40, 0x0C, 0x45, 0x0C, 0x49, 0xF1, 0x28, 0x0C, 0x49, 0xF1, 0x78, 0x0C, 0x3B, 0x0C, 0x3F
	.byte 0x0C, 0x42, 0xF1, 0x28, 0x0C, 0x42, 0xF1, 0x78, 0x0C, 0x3F, 0x0C, 0x42, 0x0C, 0x47, 0xF1, 0x28
	.byte 0x0C, 0x47, 0xF1, 0x78, 0x0C, 0x39, 0x0C, 0x3D, 0x0C, 0x40, 0x0C, 0x45, 0x0C, 0x40, 0x0C, 0x3D
	.byte 0x0C, 0x39, 0xF0, 0x18, 0xF2, 0x7F, 0xF1, 0x8C, 0x0C, 0x4E, 0xF1, 0x28, 0x0C, 0x4E, 0xF1, 0x8C
	.byte 0x0C, 0x47, 0xF1, 0x28, 0x0C, 0x47, 0xF1, 0x8C, 0x0C, 0x49, 0x0C, 0x4B, 0x0C, 0x4C, 0x0C, 0x4B
	.byte 0xF1, 0x28, 0x0C, 0x4B, 0xF1, 0x8C, 0x0C, 0x4B, 0xF1, 0x28, 0x0C, 0x4B, 0xF1, 0x8C, 0x0C, 0x47
	.byte 0x0C, 0x4E, 0xF1, 0x28, 0x0C, 0x4E, 0xF1, 0x8C, 0x0C, 0x47, 0x0C, 0x49, 0x0C, 0x4B, 0x0C, 0x4C
	.byte 0x0C, 0x4E, 0x0C, 0x50, 0xF1, 0x28, 0x0C, 0x50, 0xF1, 0x8C, 0x0C, 0x4E, 0xF1, 0x28, 0x0C, 0x4E
	.byte 0xF1, 0x8C, 0x0C, 0x4C, 0xF1, 0x28, 0x0C, 0x4C, 0xF1, 0x8C, 0x0C, 0x4C, 0xF1, 0x28, 0x0C, 0x4C
	.byte 0xF1, 0x8C, 0x0C, 0x49, 0xF1, 0x28, 0x0C, 0x49, 0xF1, 0x8C, 0x0C, 0x4C, 0x0C, 0x4B, 0x0C, 0x49
	.byte 0x0C, 0x4B, 0xF1, 0x28, 0x0C, 0x4B, 0xF1, 0x8C, 0x0C, 0x47, 0x0C, 0x4E, 0xF1, 0x28, 0x0C, 0x4E
	.byte 0xF1, 0x8C, 0xF6, 0x30, 0xF0, 0x0C, 0xF2, 0x64, 0xF1, 0x78, 0x0C, 0x39, 0x0C, 0x3D, 0x0C, 0x40
	.byte 0xF1, 0x28, 0x0C, 0x40, 0xF1, 0x78, 0x0C, 0x40, 0x0C, 0x45, 0x0C, 0x49, 0xF1, 0x28, 0x0C, 0x49
	.byte 0xF1, 0x78, 0x0C, 0x3B, 0x0C, 0x3F, 0x0C, 0x42, 0xF1, 0x28, 0x0C, 0x42, 0xF1, 0x78, 0x0C, 0x3F
	.byte 0x0C, 0x42, 0x0C, 0x47, 0xF1, 0x28, 0x0C, 0x47, 0xF1, 0x78, 0x0C, 0x39, 0x0C, 0x3D, 0x0C, 0x40
	.byte 0x0C, 0x45, 0x0C, 0x40, 0x0C, 0x3D, 0x0C, 0x39, 0xF0, 0x18, 0xF2, 0x7F, 0xF1, 0x8C, 0x0C, 0x47
	.byte 0xF1, 0x28, 0x0C, 0x47, 0xF1, 0x8C, 0x0C, 0x40, 0xF1, 0x28, 0x0C, 0x40, 0xF1, 0x8C, 0x0C, 0x44
	.byte 0x0C, 0x46, 0x0C, 0x47, 0x0C, 0x46, 0xF1, 0x28, 0x0C, 0x46, 0xF1, 0x8C, 0x0C, 0x46, 0xF1, 0x28
	.byte 0x0C, 0x46, 0xF1, 0x8C, 0x0C, 0x47, 0x0C, 0x49, 0xF1, 0x28, 0x0C, 0x49, 0xF1, 0x8C, 0x0C, 0x46
	.byte 0xF1, 0x28, 0x0C, 0x46, 0xF1, 0x8C, 0x0C, 0x47, 0xF1, 0x28, 0x0C, 0x47, 0xF1, 0x8C, 0x0C, 0x47
	.byte 0xF1, 0x28, 0x0C, 0x47, 0xF1, 0x8C, 0x0C, 0x47, 0x0C, 0x49, 0x0C, 0x4A, 0x0C, 0x49, 0xF1, 0x28
	.byte 0x0C, 0x49, 0xF1, 0x8C, 0x0C, 0x49, 0xF1, 0x28, 0x0C, 0x49, 0xF1, 0x8C, 0x0C, 0x4A, 0x0C, 0x4C
	.byte 0xF1, 0x28, 0x0C, 0x4C, 0xF1, 0x8C, 0x0C, 0x4A, 0x0C, 0x49, 0x0C, 0x4B, 0xF1, 0x28, 0x0C, 0x4B
	.byte 0xF1, 0x8C, 0x0C, 0x47, 0x0C, 0x4E, 0xF1, 0x28, 0x0C, 0x4E, 0xF1, 0x8C, 0xF6, 0x30, 0xF0, 0x0C
	.byte 0xF2, 0x64, 0xF1, 0x78, 0x0C, 0x3B, 0x0C, 0x3F, 0x0C, 0x42, 0xF1, 0x28, 0x0C, 0x42, 0xF1, 0x78
	.byte 0x0C, 0x3F, 0x0C, 0x42, 0x0C, 0x47, 0xF0, 0x18, 0xF2, 0x7F, 0xF1, 0x8C, 0x0C, 0x4B, 0xF1, 0x28
	.byte 0x0C, 0x4B, 0xF1, 0x8C, 0x0C, 0x47, 0x0C, 0x4E, 0xF1, 0x28, 0x0C, 0x4E, 0xF1, 0x8C, 0x0C, 0x4C
	.byte 0x0C, 0x4B, 0x0C, 0x49, 0xF1, 0x28, 0x0C, 0x49, 0xF0, 0x0C, 0xF2, 0x64, 0xF1, 0x78, 0x0C, 0x3A
	.byte 0x0C, 0x3D, 0x0C, 0x40, 0x0C, 0x46, 0x0C, 0x40, 0x0C, 0x3D, 0x0C, 0x3A, 0xF0, 0x18, 0xF2, 0x7F
	.byte 0xF1, 0x8C, 0x18, 0x47, 0x0C, 0x42, 0x0C, 0x4E, 0xF1, 0x28, 0x0C, 0x4E, 0xF1, 0x8C, 0xF6, 0x30
	.byte 0xF0, 0x0C, 0xF2, 0x64, 0xF1, 0x78, 0x0C, 0x3B, 0x0C, 0x3F, 0x0C, 0x42, 0xF1, 0x28, 0x0C, 0x42
	.byte 0xF1, 0x78, 0x0C, 0x3F, 0x0C, 0x42, 0x0C, 0x47, 0xF0, 0x18, 0xF2, 0x7F, 0xF1, 0x8C, 0x0C, 0x4B
	.byte 0xF1, 0x28, 0x0C, 0x4B, 0xF1, 0x8C, 0x0C, 0x47, 0x0C, 0x4E, 0xF1, 0x28, 0x0C, 0x4E, 0xF1, 0x8C
	.byte 0x0C, 0x4C, 0x0C, 0x4B, 0x0C, 0x49, 0xF1, 0x28, 0x0C, 0x49, 0xF1, 0x8C, 0xF0, 0x0C, 0xF2, 0x64
	.byte 0xF1, 0x78, 0x0C, 0x3A, 0x0C, 0x3D, 0x0C, 0x40, 0x0C, 0x46, 0x0C, 0x40, 0x0C, 0x3D, 0x0C, 0x3A
	.byte 0xF0, 0x31, 0xF2, 0x64, 0xF1, 0x64, 0xC0, 0x47, 0x60, 0x49, 0x60, 0x4B, 0xC0, 0x47, 0x60, 0x49
	.byte 0x60, 0x46, 0x00, 0xC7, 0x30, 0xF1, 0x28, 0x00, 0xC7, 0x0C, 0xF1, 0x14, 0x18, 0x47, 0xF1, 0x64
	.byte 0x00, 0xC5, 0x30, 0xF1, 0x28, 0x00, 0xC5, 0x18, 0xF1, 0x14, 0x18, 0x45, 0xF6, 0x0C, 0xF1, 0x64
	.byte 0x00, 0xC7, 0x30, 0xF1, 0x28, 0x00, 0xC7, 0x0C, 0xF1, 0x14, 0x18, 0x47, 0xF1, 0x64, 0x00, 0xC9
	.byte 0x30, 0xF1, 0x28, 0x00, 0xC9, 0x18, 0xF1, 0x14, 0x18, 0x49, 0xF6, 0x0C, 0xF1, 0x64, 0x00, 0xC7
	.byte 0x30, 0xF1, 0x28, 0x00, 0xC7, 0x0C, 0xF1, 0x14, 0x18, 0x47, 0xF1, 0x64, 0x00, 0xC5, 0x30, 0xF1
	.byte 0x28, 0x00, 0xC9, 0x18, 0xF1, 0x14, 0x18, 0x49, 0xF6, 0x0C, 0xF6, 0x84, 0xF0, 0x00, 0xF2, 0x82
	.byte 0xF1, 0x28, 0x06, 0x40, 0x06, 0x40, 0xF1, 0x46, 0x18, 0x40, 0xF6, 0x18, 0xF8, 0xBD, 0xFC, 0xFF
	.byte 0xF9, 0x84, 0xF0, 0x0A, 0xF2, 0x82, 0xF1, 0x50, 0x00, 0xBB, 0x0C, 0xF1, 0x28, 0x0C, 0x3B, 0xF1
	.byte 0x50, 0x00, 0xB6, 0x0C, 0xF1, 0x28, 0x0C, 0x36, 0xF1, 0x50, 0x00, 0xBB, 0x0C, 0xF1, 0x28, 0x0C
	.byte 0x3B, 0xF1, 0x50, 0x0C, 0x36, 0x00, 0xBD, 0x0C, 0xF1, 0x28, 0x0C, 0x3D, 0xF1, 0x50, 0x00, 0xBD
	.byte 0x0C, 0xF1, 0x28, 0x0C, 0x3D, 0xF1, 0x50, 0x0C, 0x34, 0x00, 0xBD, 0x0C, 0xF1, 0x28, 0x0C, 0x3D
	.byte 0xF1, 0x50, 0x00, 0xB4, 0x0C, 0xF1, 0x28, 0x0C, 0x34, 0xF1, 0x50, 0x00, 0xBB, 0x0C, 0xF1, 0x28
	.byte 0x0C, 0x3B, 0xF1, 0x50, 0x00, 0xB6, 0x0C, 0xF1, 0x28, 0x0C, 0x36, 0xF1, 0x50, 0x00, 0xBB, 0x0C
	.byte 0xF1, 0x28, 0x0C, 0x3B, 0xF1, 0x50, 0x0C, 0x36, 0x00, 0xB9, 0x0C, 0xF1, 0x28, 0x0C, 0x39, 0xF1
	.byte 0x50, 0x00, 0xB9, 0x0C, 0xF1, 0x28, 0x0C, 0x39, 0xF1, 0x50, 0x0C, 0x39, 0x00, 0xBD, 0x0C, 0xF1
	.byte 0x28, 0x0C, 0x3D, 0xF1, 0x50, 0x00, 0xC0, 0x0C, 0xF1, 0x28, 0x0C, 0x40, 0xF1, 0x50, 0x00, 0xBB
	.byte 0x0C, 0xF1, 0x28, 0x0C, 0x3B, 0xF1, 0x50, 0x00, 0xB6, 0x0C, 0xF1, 0x28, 0x0C, 0x36, 0xF1, 0x50
	.byte 0x00, 0xBB, 0x0C, 0xF1, 0x28, 0x0C, 0x3B, 0xF1, 0x50, 0x0C, 0x36, 0x00, 0xBD, 0x0C, 0xF1, 0x28
	.byte 0x0C, 0x3D, 0xF1, 0x50, 0x00, 0xBD, 0x0C, 0xF1, 0x28, 0x0C, 0x3D, 0xF1, 0x50, 0x0C, 0x34, 0x00
	.byte 0xBD, 0x0C, 0xF1, 0x28, 0x0C, 0x3D, 0xF1, 0x50, 0x00, 0xB4, 0x0C, 0xF1, 0x28, 0x0C, 0x34, 0xF1
	.byte 0x50, 0x00, 0xBD, 0x0C, 0xF1, 0x28, 0x0C, 0x3D, 0xF1, 0x50, 0x00, 0xBD, 0x0C, 0xF1, 0x28, 0x0C
	.byte 0x3D, 0xF1, 0x50, 0x0C, 0x3D, 0x00, 0xB6, 0x0C, 0xF1, 0x28, 0x0C, 0x36, 0xF1, 0x50, 0x00, 0xB6
	.byte 0x0C, 0xF1, 0x28, 0x00, 0xB6, 0x0C, 0xF1, 0x14, 0x18, 0x36, 0xF1, 0x50, 0x0C, 0x36, 0x0C, 0x3D
	.byte 0xF1, 0x28, 0x00, 0xBD, 0x0C, 0xF1, 0x14, 0x18, 0x3D, 0xF0, 0x0C, 0xF2, 0x96, 0xF1, 0x78, 0x0C
	.byte 0x42, 0xF1, 0x28, 0x0C, 0x42, 0xF1, 0x78, 0x0C, 0x3B, 0xF1, 0x28, 0x0C, 0x3B, 0xF1, 0x78, 0x0C
	.byte 0x3D, 0x0C, 0x3F, 0x0C, 0x40, 0x0C, 0x3F, 0xF1, 0x28, 0x0C, 0x3F, 0xF1, 0x78, 0x0C, 0x3F, 0xF1
	.byte 0x28, 0x0C, 0x3F, 0xF1, 0x78, 0x0C, 0x3B, 0x0C, 0x42, 0xF1, 0x28, 0x0C, 0x42, 0xF1, 0x78, 0x0C
	.byte 0x3B, 0x0C, 0x3D, 0x0C, 0x3F, 0x0C, 0x40, 0x0C, 0x42, 0x0C, 0x44, 0xF1, 0x28, 0x0C, 0x44, 0xF1
	.byte 0x78, 0x0C, 0x42, 0xF1, 0x28, 0x0C, 0x42, 0xF1, 0x78, 0x0C, 0x40, 0xF1, 0x28, 0x0C, 0x40, 0xF1
	.byte 0x78, 0x0C, 0x40, 0xF1, 0x28, 0x0C, 0x40, 0xF1, 0x78, 0x0C, 0x3D, 0xF1, 0x28, 0x0C, 0x3D, 0xF1
	.byte 0x78, 0x0C, 0x40, 0x0C, 0x3F, 0x0C, 0x3D, 0x0C, 0x3F, 0xF1, 0x28, 0x0C, 0x3F, 0xF1, 0x78, 0x0C
	.byte 0x3B, 0x0C, 0x42, 0xF1, 0x28, 0x0C, 0x42, 0xF1, 0x78, 0xF6, 0x30, 0x0C, 0x34, 0x0C, 0x39, 0x0C
	.byte 0x3D, 0xF1, 0x28, 0x0C, 0x3D, 0xF1, 0x78, 0x0C, 0x3D, 0x0C, 0x40, 0x0C, 0x45, 0xF1, 0x28, 0x0C
	.byte 0x45, 0xF1, 0x78, 0x0C, 0x36, 0x0C, 0x3B, 0x0C, 0x3F, 0xF1, 0x28, 0x0C, 0x3F, 0xF1, 0x78, 0x0C
	.byte 0x3B, 0x0C, 0x3F, 0x0C, 0x42, 0xF1, 0x28, 0x0C, 0x42, 0xF1, 0x78, 0x0C, 0x34, 0x0C, 0x39, 0x0C
	.byte 0x3D, 0x0C, 0x40, 0x0C, 0x3D, 0x0C, 0x39, 0x0C, 0x34, 0x0C, 0x42, 0xF1, 0x28, 0x0C, 0x42, 0xF1
	.byte 0x78, 0x0C, 0x3B, 0xF1, 0x28, 0x0C, 0x3B, 0xF1, 0x78, 0x0C, 0x3D, 0x0C, 0x3F, 0x0C, 0x40, 0x0C
	.byte 0x3F, 0xF1, 0x28, 0x0C, 0x3F, 0xF1, 0x78, 0x0C, 0x3F, 0xF1, 0x28, 0x0C, 0x3F, 0xF1, 0x78, 0x0C
	.byte 0x3B, 0x0C, 0x42, 0xF1, 0x28, 0x0C, 0x42, 0xF1, 0x78, 0x0C, 0x3B, 0x0C, 0x3D, 0x0C, 0x3F, 0x0C
	.byte 0x40, 0x0C, 0x42, 0x0C, 0x44, 0xF1, 0x28, 0x0C, 0x44, 0xF1, 0x78, 0x0C, 0x42, 0xF1, 0x28, 0x0C
	.byte 0x42, 0xF1, 0x78, 0x0C, 0x40, 0xF1, 0x28, 0x0C, 0x40, 0xF1, 0x78, 0x0C, 0x40, 0xF1, 0x28, 0x0C
	.byte 0x40, 0xF1, 0x78, 0x0C, 0x3D, 0xF1, 0x28, 0x0C, 0x3D, 0xF1, 0x78, 0x0C, 0x40, 0x0C, 0x3F, 0x0C
	.byte 0x3D, 0x0C, 0x3F, 0xF1, 0x28, 0x0C, 0x3F, 0xF1, 0x78, 0x0C, 0x3B, 0x0C, 0x42, 0xF1, 0x28, 0x0C
	.byte 0x42, 0xF1, 0x78, 0xF6, 0x30, 0x0C, 0x34, 0x0C, 0x39, 0x0C, 0x3D, 0xF1, 0x28, 0x0C, 0x3D, 0xF1
	.byte 0x78, 0x0C, 0x3D, 0x0C, 0x40, 0x0C, 0x45, 0xF1, 0x28, 0x0C, 0x45, 0xF1, 0x78, 0x0C, 0x36, 0x0C
	.byte 0x3B, 0x0C, 0x3F, 0xF1, 0x28, 0x0C, 0x3F, 0xF1, 0x78, 0x0C, 0x3B, 0x0C, 0x3F, 0x0C, 0x42, 0xF1
	.byte 0x28, 0x0C, 0x42, 0xF1, 0x78, 0x0C, 0x34, 0x0C, 0x39, 0x0C, 0x3D, 0x0C, 0x40, 0x0C, 0x3D, 0x0C
	.byte 0x39, 0x0C, 0x34, 0x0C, 0x44, 0xF1, 0x28, 0x0C, 0x44, 0xF1, 0x78, 0x0C, 0x3B, 0xF1, 0x28, 0x0C
	.byte 0x3B, 0xF1, 0x78, 0xF6, 0x78, 0x0C, 0x42, 0xF1, 0x28, 0x0C, 0x42, 0xF1, 0x78, 0x0C, 0x43, 0xF1
	.byte 0x28, 0x0C, 0x43, 0xF1, 0x78, 0x0C, 0x43, 0xF1, 0x28, 0x0C, 0x43, 0xF1, 0x78, 0x0C, 0x43, 0x0C
	.byte 0x45, 0x0C, 0x47, 0x0C, 0x45, 0xF1, 0x28, 0x0C, 0x45, 0xF1, 0x78, 0x0C, 0x45, 0xF1, 0x28, 0x0C
	.byte 0x45, 0xF1, 0x78, 0x0C, 0x47, 0x0C, 0x49, 0xF1, 0x28, 0x0C, 0x49, 0xF1, 0x78, 0x0C, 0x47, 0x0C
	.byte 0x45, 0x0C, 0x47, 0xF1, 0x28, 0x0C, 0x47, 0xF1, 0x78, 0x0C, 0x42, 0x0C, 0x4B, 0xF1, 0x28, 0x0C
	.byte 0x4B, 0xF1, 0x78, 0xF6, 0x30, 0x0C, 0x36, 0x0C, 0x3B, 0x0C, 0x3F, 0xF1, 0x28, 0x0C, 0x3F, 0xF1
	.byte 0x78, 0x0C, 0x3B, 0x0C, 0x3F, 0x0C, 0x42, 0x0C, 0x47, 0xF1, 0x28, 0x0C, 0x47, 0xF1, 0x78, 0x0C
	.byte 0x42, 0x0C, 0x4B, 0xF1, 0x28, 0x0C, 0x4B, 0xF1, 0x78, 0x0C, 0x49, 0x0C, 0x47, 0x0C, 0x46, 0xF1
	.byte 0x28, 0x0C, 0x46, 0xF1, 0x78, 0x0C, 0x36, 0x0C, 0x3A, 0x0C, 0x3D, 0x0C, 0x40, 0x0C, 0x3D, 0x0C
	.byte 0x3A, 0x0C, 0x36, 0x0C, 0x47, 0xF1, 0x28, 0x0C, 0x47, 0xF1, 0x78, 0x0C, 0x42, 0x0C, 0x4B, 0xF1
	.byte 0x28, 0x0C, 0x4B, 0xF1, 0x78, 0xF6, 0x30, 0x0C, 0x36, 0x0C, 0x3B, 0x0C, 0x3F, 0xF1, 0x28, 0x0C
	.byte 0x3F, 0xF1, 0x78, 0x0C, 0x3B, 0x0C, 0x3F, 0x0C, 0x42, 0x0C, 0x42, 0xF1, 0x28, 0x0C, 0x42, 0xF1
	.byte 0x78, 0x0C, 0x3F, 0x0C, 0x4B, 0xF1, 0x28, 0x0C, 0x4B, 0xF1, 0x78, 0x0C, 0x49, 0x0C, 0x47, 0x0C
	.byte 0x46, 0xF1, 0x28, 0x0C, 0x46, 0xF1, 0x78, 0x0C, 0x36, 0x0C, 0x3A, 0x0C, 0x3D, 0x0C, 0x40, 0x0C
	.byte 0x3D, 0x0C, 0x3A, 0x0C, 0x36, 0xF0, 0x31, 0xF2, 0x96, 0xF1, 0x64, 0xC0, 0x3F, 0x60, 0x40, 0x60
	.byte 0x42, 0xC0, 0x3F, 0x60, 0x40, 0x60, 0x3D, 0x00, 0xBF, 0x30, 0xF1, 0x28, 0x00, 0xBF, 0x0C, 0xF1
	.byte 0x14, 0x18, 0x3F, 0xF1, 0x64, 0x00, 0xBD, 0x30, 0xF1, 0x28, 0x00, 0xBD, 0x18, 0xF1, 0x14, 0x18
	.byte 0x3D, 0xF6, 0x0C, 0xF1, 0x64, 0x00, 0xBF, 0x30, 0xF1, 0x28, 0x00, 0xBF, 0x0C, 0xF1, 0x14, 0x18
	.byte 0x3F, 0xF1, 0x64, 0x00, 0xC0, 0x30, 0xF1, 0x28, 0x00, 0xC0, 0x18, 0xF1, 0x14, 0x18, 0x40, 0xF6
	.byte 0x0C, 0xF1, 0x64, 0x00, 0xBF, 0x30, 0xF1, 0x28, 0x00, 0xBF, 0x0C, 0xF1, 0x14, 0x18, 0x3F, 0xF1
	.byte 0x64, 0x00, 0xBD, 0x30, 0xF1, 0x28, 0x00, 0xBD, 0x18, 0xF1, 0x14, 0x18, 0x3D, 0xF6, 0x0C, 0xF0
	.byte 0x0A, 0xF2, 0x82, 0xF1, 0x50, 0x00, 0xBD, 0x0C, 0xF1, 0x28, 0x0C, 0x3D, 0xF1, 0x50, 0x00, 0xBD
	.byte 0x0C, 0xF1, 0x28, 0x0C, 0x3D, 0xF1, 0x50, 0x0C, 0x3D, 0x00, 0xB6, 0x0C, 0xF1, 0x28, 0x0C, 0x36
	.byte 0xF1, 0x50, 0x00, 0xB6, 0x0C, 0xF1, 0x28, 0x0C, 0x36, 0xF1, 0x50, 0xF6, 0x18, 0x0C, 0x36, 0x00
	.byte 0xBD, 0x0C, 0xF1, 0x28, 0x0C, 0x3D, 0xF6, 0x18, 0xF8, 0xEE, 0xFC, 0xFF, 0xF9, 0x84, 0xF0, 0x26
	.byte 0xF1, 0xF0, 0x00, 0xBB, 0x0C, 0xF1, 0x64, 0x0C, 0x3B, 0xF1, 0xF0, 0x00, 0xBB, 0x12, 0xF1, 0x64
	.byte 0x06, 0x3B, 0xF1, 0xF0, 0x0C, 0x36, 0x00, 0xBB, 0x12, 0xF1, 0x64, 0x06, 0x3B, 0xF1, 0xF0, 0x00
	.byte 0xB9, 0x0C, 0xF1, 0x64, 0x0C, 0x39, 0xF1, 0xF0, 0x00, 0xB9, 0x0C, 0xF1, 0x64, 0x0C, 0x39, 0xF1
	.byte 0xF0, 0x0C, 0x39, 0x00, 0xC0, 0x0C, 0xF1, 0x64, 0x0C, 0x40, 0xF1, 0xF0, 0x00, 0xC5, 0x12, 0xF1
	.byte 0x64, 0x06, 0x45, 0xF1, 0xF0, 0x00, 0xBB, 0x0C, 0xF1, 0x64, 0x0C, 0x3B, 0xF1, 0xF0, 0x00, 0xBB
	.byte 0x12, 0xF1, 0x64, 0x06, 0x3B, 0xF1, 0xF0, 0x0C, 0x42, 0x00, 0xBB, 0x12, 0xF1, 0x64, 0x06, 0x3B
	.byte 0xF1, 0xF0, 0x00, 0xB9, 0x0C, 0xF1, 0x64, 0x0C, 0x39, 0xF1, 0xF0, 0x00, 0xB9, 0x0C, 0xF1, 0x64
	.byte 0x0C, 0x39, 0xF1, 0xF0, 0x0C, 0x39, 0x00, 0xC0, 0x08, 0xF1, 0x64, 0x04, 0x40, 0xF1, 0xF0, 0x00
	.byte 0xC0, 0x06, 0xF1, 0x64, 0x06, 0x40, 0xF1, 0xF0, 0x00, 0xC5, 0x12, 0xF1, 0x64, 0x06, 0x45, 0xF1
	.byte 0xF0, 0x00, 0xBB, 0x0C, 0xF1, 0x64, 0x0C, 0x3B, 0xF1, 0xF0, 0x00, 0xBB, 0x12, 0xF1, 0x64, 0x06
	.byte 0x3B, 0xF1, 0xF0, 0x0C, 0x42, 0x00, 0xBB, 0x12, 0xF1, 0x64, 0x06, 0x3B, 0xF1, 0xF0, 0x00, 0xB9
	.byte 0x0C, 0xF1, 0x64, 0x0C, 0x39, 0xF1, 0xF0, 0x00, 0xB9, 0x0C, 0xF1, 0x64, 0x0C, 0x39, 0xF1, 0xF0
	.byte 0x0C, 0x39, 0x00, 0xC0, 0x0C, 0xF1, 0x64, 0x0C, 0x40, 0xF1, 0xF0, 0x00, 0xC5, 0x12, 0xF1, 0x64
	.byte 0x06, 0x45, 0xF1, 0xF0, 0x00, 0xB6, 0x0C, 0xF1, 0x64, 0x0C, 0x36, 0xF1, 0xF0, 0x00, 0xB6, 0x12
	.byte 0xF1, 0x64, 0x06, 0x36, 0xF1, 0xF0, 0x0C, 0x3D, 0x00, 0xB6, 0x12, 0xF1, 0x64, 0x06, 0x36, 0xF1
	.byte 0xF0, 0x00, 0xB6, 0x18, 0xF1, 0x64, 0x00, 0xB6, 0x0C, 0xF1, 0x28, 0x18, 0x36, 0xF1, 0xF0, 0x00
	.byte 0xBD, 0x08, 0xF1, 0x64, 0x04, 0x3D, 0xF1, 0xF0, 0x00, 0xBD, 0x06, 0xF1, 0x64, 0x06, 0x3D, 0xF1
	.byte 0xF0, 0x00, 0xB6, 0x12, 0xF1, 0x64, 0x06, 0x36, 0xF1, 0xF0, 0x00, 0xBB, 0x0C, 0xF1, 0x64, 0x0C
	.byte 0x3B, 0xF1, 0xF0, 0x00, 0xBB, 0x12, 0xF1, 0x64, 0x06, 0x3B, 0xF1, 0xF0, 0x0C, 0x42, 0x00, 0xBB
	.byte 0x12, 0xF1, 0x64, 0x06, 0x3B, 0xF1, 0xF0, 0x00, 0xB9, 0x0C, 0xF1, 0x64, 0x0C, 0x39, 0xF1, 0xF0
	.byte 0x00, 0xB9, 0x0C, 0xF1, 0x64, 0x0C, 0x39, 0xF1, 0xF0, 0x0C, 0x39, 0x00, 0xC0, 0x0C, 0xF1, 0x64
	.byte 0x0C, 0x40, 0xF1, 0xF0, 0x00, 0xC5, 0x12, 0xF1, 0x64, 0x06, 0x45, 0xF1, 0xF0, 0x00, 0xBB, 0x0C
	.byte 0xF1, 0x64, 0x0C, 0x3B, 0xF1, 0xF0, 0x00, 0xBB, 0x12, 0xF1, 0x64, 0x06, 0x3B, 0xF1, 0xF0, 0x0C
	.byte 0x42, 0x00, 0xBB, 0x12, 0xF1, 0x64, 0x06, 0x3B, 0xF1, 0xF0, 0x00, 0xB9, 0x0C, 0xF1, 0x64, 0x0C
	.byte 0x39, 0xF1, 0xF0, 0x00, 0xB9, 0x0C, 0xF1, 0x64, 0x0C, 0x39, 0xF1, 0xF0, 0x0C, 0x39, 0x00, 0xC0
	.byte 0x08, 0xF1, 0x64, 0x04, 0x40, 0xF1, 0xF0, 0x00, 0xC0, 0x06, 0xF1, 0x64, 0x06, 0x40, 0xF1, 0xF0
	.byte 0x00, 0xC5, 0x12, 0xF1, 0x64, 0x06, 0x45, 0xF1, 0xF0, 0x00, 0xBB, 0x0C, 0xF1, 0x64, 0x0C, 0x3B
	.byte 0xF1, 0xF0, 0x00, 0xBB, 0x12, 0xF1, 0x64, 0x06, 0x3B, 0xF1, 0xF0, 0x0C, 0x42, 0x00, 0xBB, 0x12
	.byte 0xF1, 0x64, 0x06, 0x3B, 0xF1, 0xF0, 0x00, 0xB9, 0x0C, 0xF1, 0x64, 0x0C, 0x39, 0xF1, 0xF0, 0x00
	.byte 0xB9, 0x0C, 0xF1, 0x64, 0x0C, 0x39, 0xF1, 0xF0, 0x0C, 0x39, 0x00, 0xC0, 0x0C, 0xF1, 0x64, 0x0C
	.byte 0x40, 0xF1, 0xF0, 0x00, 0xC5, 0x12, 0xF1, 0x64, 0x06, 0x45, 0xF1, 0xF0, 0x00, 0xBB, 0x0C, 0xF1
	.byte 0x64, 0x0C, 0x3B, 0xF1, 0xF0, 0x00, 0xBB, 0x12, 0xF1, 0x64, 0x06, 0x3B, 0xF1, 0xF0, 0x0C, 0x42
	.byte 0x00, 0xBB, 0x12, 0xF1, 0x64, 0x06, 0x3B, 0xF1, 0xF0, 0x00, 0xB9, 0x0C, 0xF1, 0x64, 0x0C, 0x39
	.byte 0xF1, 0xF0, 0x00, 0xB9, 0x0C, 0xF1, 0x64, 0x0C, 0x39, 0xF1, 0xF0, 0x0C, 0x39, 0x00, 0xC0, 0x08
	.byte 0xF1, 0x64, 0x04, 0x40, 0xF1, 0xF0, 0x00, 0xC0, 0x06, 0xF1, 0x64, 0x06, 0x40, 0xF1, 0xF0, 0x00
	.byte 0xC5, 0x12, 0xF1, 0x64, 0x06, 0x45, 0xF1, 0xF0, 0x00, 0xBB, 0x0C, 0xF1, 0x64, 0x0C, 0x3B, 0xF1
	.byte 0xF0, 0x00, 0xBB, 0x12, 0xF1, 0x64, 0x06, 0x3B, 0xF1, 0xF0, 0x0C, 0x42, 0x00, 0xBB, 0x12, 0xF1
	.byte 0x64, 0x06, 0x3B, 0xF1, 0xF0, 0x00, 0xB9, 0x0C, 0xF1, 0x64, 0x0C, 0x39, 0xF1, 0xF0, 0x00, 0xB9
	.byte 0x0C, 0xF1, 0x64, 0x0C, 0x39, 0xF1, 0xF0, 0x0C, 0x39, 0x00, 0xC0, 0x0C, 0xF1, 0x64, 0x0C, 0x40
	.byte 0xF1, 0xF0, 0x00, 0xC5, 0x12, 0xF1, 0x64, 0x06, 0x45, 0xF1, 0xF0, 0x00, 0xBB, 0x0C, 0xF1, 0x64
	.byte 0x0C, 0x3B, 0xF1, 0xF0, 0x00, 0xBB, 0x12, 0xF1, 0x64, 0x06, 0x3B, 0xF1, 0xF0, 0x0C, 0x42, 0x00
	.byte 0xBB, 0x12, 0xF1, 0x64, 0x06, 0x3B, 0xF1, 0xF0, 0x00, 0xB9, 0x0C, 0xF1, 0x64, 0x0C, 0x39, 0xF1
	.byte 0xF0, 0x00, 0xB9, 0x0C, 0xF1, 0x64, 0x0C, 0x39, 0xF1, 0xF0, 0x0C, 0x39, 0x00, 0xC0, 0x08, 0xF1
	.byte 0x64, 0x04, 0x40, 0xF1, 0xF0, 0x00, 0xC0, 0x06, 0xF1, 0x64, 0x06, 0x40, 0xF1, 0xF0, 0x00, 0xC5
	.byte 0x12, 0xF1, 0x64, 0x06, 0x45, 0xF1, 0xF0, 0x00, 0xBB, 0x0C, 0xF1, 0x64, 0x0C, 0x3B, 0xF1, 0xF0
	.byte 0x00, 0xBB, 0x12, 0xF1, 0x64, 0x06, 0x3B, 0xF1, 0xF0, 0x0C, 0x42, 0x00, 0xBB, 0x12, 0xF1, 0x64
	.byte 0x06, 0x3B, 0xF1, 0xF0, 0x00, 0xB9, 0x0C, 0xF1, 0x64, 0x0C, 0x39, 0xF1, 0xF0, 0x00, 0xB9, 0x0C
	.byte 0xF1, 0x64, 0x0C, 0x39, 0xF1, 0xF0, 0x0C, 0x39, 0x00, 0xC0, 0x0C, 0xF1, 0x64, 0x0C, 0x40, 0xF1
	.byte 0xF0, 0x00, 0xC5, 0x12, 0xF1, 0x64, 0x06, 0x45, 0xF1, 0xF0, 0x00, 0xBB, 0x0C, 0xF1, 0x64, 0x0C
	.byte 0x3B, 0xF1, 0xF0, 0x00, 0xBB, 0x12, 0xF1, 0x64, 0x06, 0x3B, 0xF1, 0xF0, 0x0C, 0x42, 0x00, 0xBB
	.byte 0x12, 0xF1, 0x64, 0x06, 0x3B, 0xF1, 0xF0, 0x00, 0xB9, 0x0C, 0xF1, 0x64, 0x0C, 0x39, 0xF1, 0xF0
	.byte 0x00, 0xB9, 0x0C, 0xF1, 0x64, 0x0C, 0x39, 0xF1, 0xF0, 0x0C, 0x39, 0x00, 0xC0, 0x08, 0xF1, 0x64
	.byte 0x04, 0x40, 0xF1, 0xF0, 0x00, 0xC0, 0x06, 0xF1, 0x64, 0x06, 0x40, 0xF1, 0xF0, 0x00, 0xC5, 0x12
	.byte 0xF1, 0x64, 0x06, 0x45, 0xF1, 0xF0, 0x00, 0xB4, 0x0C, 0xF1, 0x64, 0x0C, 0x34, 0xF1, 0xF0, 0x00
	.byte 0xB4, 0x12, 0xF1, 0x64, 0x06, 0x34, 0xF1, 0xF0, 0x0C, 0x3B, 0x00, 0xB4, 0x12, 0xF1, 0x64, 0x06
	.byte 0x34, 0xF1, 0xF0, 0x00, 0xB6, 0x0C, 0xF1, 0x64, 0x0C, 0x36, 0xF1, 0xF0, 0x00, 0xB6, 0x0C, 0xF1
	.byte 0x64, 0x0C, 0x36, 0xF1, 0xF0, 0x0C, 0x3A, 0x00, 0xBD, 0x0C, 0xF1, 0x64, 0x0C, 0x3D, 0xF1, 0xF0
	.byte 0x00, 0xB6, 0x12, 0xF1, 0x64, 0x06, 0x36, 0xF1, 0xF0, 0x00, 0xB7, 0x0C, 0xF1, 0x64, 0x0C, 0x37
	.byte 0xF1, 0xF0, 0x00, 0xB7, 0x12, 0xF1, 0x64, 0x06, 0x37, 0xF1, 0xF0, 0x0C, 0x3E, 0x00, 0xB7, 0x12
	.byte 0xF1, 0x64, 0x06, 0x37, 0xF1, 0xF0, 0x00, 0xB9, 0x0C, 0xF1, 0x64, 0x0C, 0x39, 0xF1, 0xF0, 0x00
	.byte 0xB9, 0x0C, 0xF1, 0x64, 0x0C, 0x39, 0xF1, 0xF0, 0x0C, 0x39, 0x00, 0xC0, 0x08, 0xF1, 0x64, 0x04
	.byte 0x40, 0xF1, 0xF0, 0x00, 0xC0, 0x06, 0xF1, 0x64, 0x06, 0x40, 0xF1, 0xF0, 0x00, 0xC5, 0x12, 0xF1
	.byte 0x64, 0x06, 0x45, 0xF1, 0xF0, 0x00, 0xBB, 0x0C, 0xF1, 0x64, 0x0C, 0x3B, 0xF1, 0xF0, 0x00, 0xBB
	.byte 0x12, 0xF1, 0x64, 0x06, 0x3B, 0xF1, 0xF0, 0x0C, 0x42, 0x00, 0xBB, 0x12, 0xF1, 0x64, 0x06, 0x3B
	.byte 0xF1, 0xF0, 0x00, 0xBF, 0x0C, 0xF1, 0x64, 0x0C, 0x3F, 0xF1, 0xF0, 0x00, 0xBF, 0x0C, 0xF1, 0x64
	.byte 0x0C, 0x3F, 0xF1, 0xF0, 0x0C, 0x3F, 0x00, 0xC7, 0x0C, 0xF1, 0x64, 0x0C, 0x47, 0xF1, 0xF0, 0x00
	.byte 0xBF, 0x12, 0xF1, 0x64, 0x06, 0x3F, 0xF1, 0xF0, 0x00, 0xC0, 0x0C, 0xF1, 0x64, 0x0C, 0x40, 0xF1
	.byte 0xF0, 0x00, 0xC0, 0x12, 0xF1, 0x64, 0x06, 0x40, 0xF1, 0xF0, 0x0C, 0x47, 0x00, 0xC0, 0x12, 0xF1
	.byte 0x64, 0x06, 0x40, 0xF1, 0xF0, 0x00, 0xC2, 0x0C, 0xF1, 0x64, 0x0C, 0x42, 0xF1, 0xF0, 0x00, 0xC2
	.byte 0x0C, 0xF1, 0x64, 0x0C, 0x42, 0xF1, 0xF0, 0x0C, 0x46, 0x08, 0x49, 0xF1, 0x64, 0x04, 0x49, 0xF1
	.byte 0xF0, 0x00, 0xBD, 0x06, 0xF1, 0x64, 0x06, 0x3D, 0xF1, 0xF0, 0x00, 0xCC, 0x12, 0xF1, 0x64, 0x06
	.byte 0x4C, 0xF1, 0xF0, 0x00, 0xBF, 0x0C, 0xF1, 0x64, 0x0C, 0x3F, 0xF1, 0xF0, 0x00, 0xBF, 0x12, 0xF1
	.byte 0x64, 0x06, 0x3F, 0xF1, 0xF0, 0x0C, 0x47, 0x00, 0xBF, 0x12, 0xF1, 0x64, 0x06, 0x3F, 0xF1, 0xF0
	.byte 0x00, 0xBF, 0x0C, 0xF1, 0x64, 0x0C, 0x3F, 0xF1, 0xF0, 0x00, 0xBF, 0x0C, 0xF1, 0x64, 0x0C, 0x3F
	.byte 0xF1, 0xF0, 0x0C, 0x3F, 0x00, 0xC7, 0x0C, 0xF1, 0x64, 0x0C, 0x47, 0xF1, 0xF0, 0x00, 0xBF, 0x12
	.byte 0xF1, 0x64, 0x06, 0x3F, 0xF1, 0xF0, 0x00, 0xC0, 0x0C, 0xF1, 0x64, 0x0C, 0x40, 0xF1, 0xF0, 0x00
	.byte 0xC0, 0x12, 0xF1, 0x64, 0x06, 0x40, 0xF1, 0xF0, 0x0C, 0x47, 0x00, 0xC0, 0x12, 0xF1, 0x64, 0x06
	.byte 0x40, 0xF1, 0xF0, 0x00, 0xC2, 0x0C, 0xF1, 0x64, 0x0C, 0x42, 0xF1, 0xF0, 0x00, 0xC2, 0x0C, 0xF1
	.byte 0x64, 0x0C, 0x42, 0xF1, 0xF0, 0x0C, 0x46, 0x00, 0xBD, 0x08, 0xF1, 0x64, 0x04, 0x3D, 0xF1, 0xF0
	.byte 0x00, 0xC9, 0x06, 0xF1, 0x64, 0x06, 0x49, 0xF1, 0xF0, 0x00, 0xC0, 0x12, 0xF1, 0x64, 0x06, 0x40
	.byte 0xF1, 0xF0, 0x00, 0xBF, 0x0C, 0xF1, 0x64, 0x0C, 0x3F, 0xF1, 0xF0, 0x00, 0xBF, 0x12, 0xF1, 0x64
	.byte 0x06, 0x3F, 0xF1, 0xF0, 0x0C, 0x47, 0x00, 0xBF, 0x12, 0xF1, 0x64, 0x06, 0x3F, 0xF1, 0xF0, 0x00
	.byte 0xBF, 0x0C, 0xF1, 0x64, 0x0C, 0x3F, 0xF1, 0xF0, 0x00, 0xBF, 0x0C, 0xF1, 0x64, 0x0C, 0x3F, 0xF1
	.byte 0xF0, 0x0C, 0x3F, 0x00, 0xC7, 0x0C, 0xF1, 0x64, 0x0C, 0x47, 0xF1, 0xF0, 0x00, 0xBF, 0x12, 0xF1
	.byte 0x64, 0x06, 0x3F, 0xF1, 0xF0, 0x00, 0xC0, 0x0C, 0xF1, 0x64, 0x0C, 0x40, 0xF1, 0xF0, 0x00, 0xC0
	.byte 0x12, 0xF1, 0x64, 0x06, 0x40, 0xF1, 0xF0, 0x0C, 0x47, 0x00, 0xC0, 0x12, 0xF1, 0x64, 0x06, 0x40
	.byte 0xF1, 0xF0, 0x00, 0xC2, 0x0C, 0xF1, 0x64, 0x0C, 0x42, 0xF1, 0xF0, 0x00, 0xC2, 0x0C, 0xF1, 0x64
	.byte 0x0C, 0x42, 0xF1, 0xF0, 0x0C, 0x46, 0x00, 0xBD, 0x08, 0xF1, 0x64, 0x04, 0x3D, 0xF1, 0xF0, 0x00
	.byte 0xC9, 0x06, 0xF1, 0x64, 0x06, 0x49, 0xF1, 0xF0, 0x00, 0xC0, 0x12, 0xF1, 0x64, 0x06, 0x40, 0xF1
	.byte 0xF0, 0x00, 0xBF, 0x0C, 0xF1, 0x64, 0x0C, 0x3F, 0xF1, 0xF0, 0x00, 0xBF, 0x12, 0xF1, 0x64, 0x06
	.byte 0x3F, 0xF1, 0xF0, 0x0C, 0x47, 0x00, 0xBF, 0x12, 0xF1, 0x64, 0x06, 0x3F, 0xF1, 0xF0, 0x00, 0xBF
	.byte 0x0C, 0xF1, 0x64, 0x0C, 0x3F, 0xF1, 0xF0, 0x00, 0xBF, 0x0C, 0xF1, 0x64, 0x0C, 0x3F, 0xF1, 0xF0
	.byte 0x0C, 0x3F, 0x00, 0xC7, 0x0C, 0xF1, 0x64, 0x0C, 0x47, 0xF1, 0xF0, 0x00, 0xBF, 0x12, 0xF1, 0x64
	.byte 0x06, 0x3F, 0xF1, 0xF0, 0x00, 0xC0, 0x0C, 0xF1, 0x64, 0x0C, 0x40, 0xF1, 0xF0, 0x00, 0xC0, 0x12
	.byte 0xF1, 0x64, 0x06, 0x40, 0xF1, 0xF0, 0x0C, 0x47, 0x00, 0xC0, 0x12, 0xF1, 0x64, 0x06, 0x40, 0xF1
	.byte 0xF0, 0x00, 0xC2, 0x0C, 0xF1, 0x64, 0x0C, 0x42, 0xF1, 0xF0, 0x00, 0xC2, 0x0C, 0xF1, 0x64, 0x0C
	.byte 0x42, 0xF1, 0xF0, 0x0C, 0x46, 0x00, 0xBD, 0x08, 0xF1, 0x64, 0x04, 0x3D, 0xF1, 0xF0, 0x00, 0xC9
	.byte 0x06, 0xF1, 0x64, 0x06, 0x49, 0xF1, 0xF0, 0x00, 0xC0, 0x12, 0xF1, 0x64, 0x06, 0x40, 0xF1, 0xF0
	.byte 0x00, 0xBB, 0x0C, 0xF1, 0x64, 0x0C, 0x3B, 0xF1, 0xF0, 0x00, 0xBB, 0x12, 0xF1, 0x64, 0x06, 0x3B
	.byte 0xF1, 0xF0, 0x0C, 0x36, 0x00, 0xBB, 0x12, 0xF1, 0x64, 0x06, 0x3B, 0xF1, 0xF0, 0x00, 0xB9, 0x0C
	.byte 0xF1, 0x64, 0x0C, 0x39, 0xF1, 0xF0, 0x00, 0xB9, 0x0C, 0xF1, 0x64, 0x0C, 0x39, 0xF1, 0xF0, 0x0C
	.byte 0x39, 0x00, 0xC0, 0x0C, 0xF1, 0x64, 0x0C, 0x40, 0xF1, 0xF0, 0x00, 0xC5, 0x12, 0xF1, 0x64, 0x06
	.byte 0x45, 0xF1, 0xF0, 0x00, 0xBB, 0x0C, 0xF1, 0x64, 0x0C, 0x3B, 0xF1, 0xF0, 0x00, 0xBB, 0x12, 0xF1
	.byte 0x64, 0x06, 0x3B, 0xF1, 0xF0, 0x0C, 0x42, 0x00, 0xBB, 0x12, 0xF1, 0x64, 0x06, 0x3B, 0xF1, 0xF0
	.byte 0x00, 0xB9, 0x0C, 0xF1, 0x64, 0x0C, 0x39, 0xF1, 0xF0, 0x00, 0xB9, 0x0C, 0xF1, 0x64, 0x0C, 0x39
	.byte 0xF1, 0xF0, 0x0C, 0x39, 0x00, 0xC0, 0x08, 0xF1, 0x64, 0x04, 0x40, 0xF1, 0xF0, 0x00, 0xC0, 0x06
	.byte 0xF1, 0x64, 0x06, 0x40, 0xF1, 0xF0, 0x00, 0xC5, 0x12, 0xF1, 0x64, 0x06, 0x45, 0xF1, 0xF0, 0x00
	.byte 0xBB, 0x0C, 0xF1, 0x64, 0x0C, 0x3B, 0xF1, 0xF0, 0x00, 0xBB, 0x12, 0xF1, 0x64, 0x06, 0x3B, 0xF1
	.byte 0xF0, 0x0C, 0x42, 0x00, 0xBB, 0x12, 0xF1, 0x64, 0x06, 0x3B, 0xF1, 0xF0, 0x00, 0xB9, 0x0C, 0xF1
	.byte 0x64, 0x0C, 0x39, 0xF1, 0xF0, 0x00, 0xB9, 0x0C, 0xF1, 0x64, 0x0C, 0x39, 0xF1, 0xF0, 0x0C, 0x39
	.byte 0x00, 0xC0, 0x0C, 0xF1, 0x64, 0x0C, 0x40, 0xF1, 0xF0, 0x00, 0xC5, 0x12, 0xF1, 0x64, 0x06, 0x45
	.byte 0xF1, 0xF0, 0x00, 0xB6, 0x48, 0xF1, 0x64, 0x00, 0xB6, 0x18, 0xF1, 0x28, 0x18, 0x36, 0xF1, 0xF0
	.byte 0xF6, 0x18, 0x00, 0xBD, 0x08, 0xF1, 0x64, 0x04, 0x3D, 0xF1, 0xF0, 0x00, 0xBD, 0x06, 0xF1, 0x64
	.byte 0x06, 0x3D, 0xF1, 0xF0, 0x00, 0xB6, 0x12, 0xF1, 0x64, 0x06, 0x36, 0xF8, 0xFA, 0xF9, 0xFF, 0xF9
	.byte 0x84, 0xF6, 0x01, 0xF0, 0x0A, 0xF2, 0x50, 0xF1, 0x78, 0x00, 0xBF, 0x0C, 0xF1, 0x28, 0x0C, 0x3F
	.byte 0xF1, 0x78, 0x00, 0xBB, 0x0C, 0xF1, 0x28, 0x0C, 0x3B, 0xF1, 0x78, 0x00, 0xBF, 0x0C, 0xF1, 0x28
	.byte 0x0C, 0x3F, 0xF1, 0x78, 0x0C, 0x3B, 0x00, 0xC0, 0x0C, 0xF1, 0x28, 0x0C, 0x40, 0xF1, 0x78, 0x00
	.byte 0xC0, 0x0C, 0xF1, 0x28, 0x0C, 0x40, 0xF1, 0x78, 0x0C, 0x39, 0x00, 0xC0, 0x0C, 0xF1, 0x28, 0x0C
	.byte 0x40, 0xF1, 0x78, 0x00, 0xB9, 0x0C, 0xF1, 0x28, 0x0C, 0x39, 0xF1, 0x78, 0x00, 0xBF, 0x0C, 0xF1
	.byte 0x28, 0x0C, 0x3F, 0xF1, 0x78, 0x00, 0xBB, 0x0C, 0xF1, 0x28, 0x0C, 0x3B, 0xF1, 0x78, 0x00, 0xBF
	.byte 0x0C, 0xF1, 0x28, 0x0C, 0x3F, 0xF1, 0x78, 0x0C, 0x3B, 0x00, 0xBD, 0x0C, 0xF1, 0x28, 0x0C, 0x3D
	.byte 0xF1, 0x78, 0x00, 0xBD, 0x0C, 0xF1, 0x28, 0x0C, 0x3D, 0xF1, 0x78, 0x0C, 0x3D, 0x00, 0xC0, 0x0C
	.byte 0xF1, 0x28, 0x0C, 0x40, 0xF1, 0x78, 0x00, 0xC5, 0x0C, 0xF1, 0x28, 0x0C, 0x45, 0xF1, 0x78, 0x00
	.byte 0xBF, 0x0C, 0xF1, 0x28, 0x0C, 0x3F, 0xF1, 0x78, 0x00, 0xBB, 0x0C, 0xF1, 0x28, 0x0C, 0x3B, 0xF1
	.byte 0x78, 0x00, 0xBF, 0x0C, 0xF1, 0x28, 0x0C, 0x3F, 0xF1, 0x78, 0x0C, 0x3B, 0x00, 0xC0, 0x0C, 0xF1
	.byte 0x28, 0x0C, 0x40, 0xF1, 0x78, 0x00, 0xC0, 0x0C, 0xF1, 0x28, 0x0C, 0x40, 0xF1, 0x78, 0x0C, 0x39
	.byte 0x00, 0xC0, 0x0C, 0xF1, 0x28, 0x0C, 0x40, 0xF1, 0x78, 0x00, 0xB9, 0x0C, 0xF1, 0x28, 0x0C, 0x39
	.byte 0xF1, 0x78, 0x00, 0xC2, 0x0C, 0xF1, 0x28, 0x0C, 0x42, 0xF1, 0x78, 0x00, 0xC1, 0x0C, 0xF1, 0x28
	.byte 0x0C, 0x41, 0xF1, 0x78, 0x0C, 0x40, 0x00, 0xBF, 0x0C, 0xF1, 0x28, 0x0C, 0x3F, 0xF1, 0x78, 0x00
	.byte 0xBD, 0x0C, 0xF1, 0x28, 0x00, 0xBD, 0x0C, 0xF1, 0x14, 0x18, 0x3D, 0xF1, 0x78, 0x0C, 0x3D, 0x00
	.byte 0xC2, 0x0C, 0xF1, 0x28, 0x00, 0xC2, 0x0C, 0xF1, 0x14, 0x17, 0x42, 0xF6, 0x01, 0xF1, 0x64, 0x00
	.byte 0xBF, 0x0C, 0xF1, 0x28, 0x0C, 0x3F, 0xF1, 0x64, 0x00, 0xBB, 0x0C, 0xF1, 0x28, 0x0C, 0x3B, 0xF1
	.byte 0x64, 0x00, 0xBF, 0x0C, 0xF1, 0x28, 0x0C, 0x3F, 0xF1, 0x64, 0x0C, 0x3B, 0x00, 0xC0, 0x0C, 0xF1
	.byte 0x28, 0x0C, 0x40, 0xF1, 0x64, 0x00, 0xC0, 0x0C, 0xF1, 0x28, 0x0C, 0x40, 0xF1, 0x64, 0x0C, 0x39
	.byte 0x00, 0xC0, 0x0C, 0xF1, 0x28, 0x0C, 0x40, 0xF1, 0x64, 0x00, 0xB9, 0x0C, 0xF1, 0x28, 0x0C, 0x39
	.byte 0xF1, 0x64, 0x00, 0xBF, 0x0C, 0xF1, 0x28, 0x0C, 0x3F, 0xF1, 0x64, 0x00, 0xBB, 0x0C, 0xF1, 0x28
	.byte 0x0C, 0x3B, 0xF1, 0x64, 0x00, 0xBF, 0x0C, 0xF1, 0x28, 0x0C, 0x3F, 0xF1, 0x64, 0x0C, 0x3B, 0x00
	.byte 0xBD, 0x0C, 0xF1, 0x28, 0x0C, 0x3D, 0xF1, 0x64, 0x00, 0xBD, 0x0C, 0xF1, 0x28, 0x0C, 0x3D, 0xF1
	.byte 0x64, 0x0C, 0x3D, 0x00, 0xC0, 0x0C, 0xF1, 0x28, 0x0C, 0x40, 0xF1, 0x64, 0x00, 0xC5, 0x0C, 0xF1
	.byte 0x28, 0x0C, 0x45, 0xF1, 0x64, 0x00, 0xBF, 0x0C, 0xF1, 0x28, 0x0C, 0x3F, 0xF1, 0x64, 0x00, 0xBB
	.byte 0x0C, 0xF1, 0x28, 0x0C, 0x3B, 0xF1, 0x64, 0x00, 0xBF, 0x0C, 0xF1, 0x28, 0x0C, 0x3F, 0xF1, 0x64
	.byte 0x0C, 0x3B, 0x00, 0xC0, 0x0C, 0xF1, 0x28, 0x0C, 0x40, 0xF1, 0x64, 0x00, 0xC0, 0x0C, 0xF1, 0x28
	.byte 0x0C, 0x40, 0xF1, 0x64, 0x0C, 0x39, 0x00, 0xC0, 0x0C, 0xF1, 0x28, 0x0C, 0x40, 0xF1, 0x64, 0x00
	.byte 0xB9, 0x0C, 0xF1, 0x28, 0x0C, 0x39, 0xF1, 0x64, 0x00, 0xBF, 0x0C, 0xF1, 0x28, 0x0C, 0x3F, 0xF1
	.byte 0x64, 0x00, 0xBB, 0x0C, 0xF1, 0x28, 0x0C, 0x3B, 0xF1, 0x64, 0x00, 0xBF, 0x0C, 0xF1, 0x28, 0x0C
	.byte 0x3F, 0xF1, 0x64, 0x0C, 0x3B, 0x00, 0xBD, 0x0C, 0xF1, 0x28, 0x0C, 0x3D, 0xF1, 0x64, 0x00, 0xBD
	.byte 0x0C, 0xF1, 0x28, 0x0C, 0x3D, 0xF1, 0x64, 0x0C, 0x3D, 0x00, 0xC0, 0x0C, 0xF1, 0x28, 0x0C, 0x40
	.byte 0xF1, 0x64, 0x00, 0xC5, 0x0C, 0xF1, 0x28, 0x0C, 0x45, 0xF1, 0x64, 0x00, 0xBF, 0x0C, 0xF1, 0x28
	.byte 0x0C, 0x3F, 0xF1, 0x64, 0x00, 0xBB, 0x0C, 0xF1, 0x28, 0x0C, 0x3B, 0xF1, 0x64, 0x00, 0xBF, 0x0C
	.byte 0xF1, 0x28, 0x0C, 0x3F, 0xF1, 0x64, 0x0C, 0x3B, 0x00, 0xC0, 0x0C, 0xF1, 0x28, 0x0C, 0x40, 0xF1
	.byte 0x64, 0x00, 0xC0, 0x0C, 0xF1, 0x28, 0x0C, 0x40, 0xF1, 0x64, 0x0C, 0x39, 0x00, 0xC0, 0x0C, 0xF1
	.byte 0x28, 0x0C, 0x40, 0xF1, 0x64, 0x00, 0xB9, 0x0C, 0xF1, 0x28, 0x0C, 0x39, 0xF1, 0x64, 0x00, 0xBF
	.byte 0x0C, 0xF1, 0x28, 0x0C, 0x3F, 0xF1, 0x64, 0x00, 0xBB, 0x0C, 0xF1, 0x28, 0x0C, 0x3B, 0xF1, 0x64
	.byte 0x00, 0xBF, 0x0C, 0xF1, 0x28, 0x0C, 0x3F, 0xF1, 0x64, 0x0C, 0x3B, 0x00, 0xBD, 0x0C, 0xF1, 0x28
	.byte 0x0C, 0x3D, 0xF1, 0x64, 0x00, 0xBD, 0x0C, 0xF1, 0x28, 0x0C, 0x3D, 0xF1, 0x64, 0x0C, 0x3D, 0x00
	.byte 0xC0, 0x0C, 0xF1, 0x28, 0x0C, 0x40, 0xF1, 0x64, 0x00, 0xC5, 0x0C, 0xF1, 0x28, 0x0C, 0x45, 0xF1
	.byte 0x64, 0x00, 0xBF, 0x0C, 0xF1, 0x28, 0x0C, 0x3F, 0xF1, 0x64, 0x00, 0xBB, 0x0C, 0xF1, 0x28, 0x0C
	.byte 0x3B, 0xF1, 0x64, 0x00, 0xBF, 0x0C, 0xF1, 0x28, 0x0C, 0x3F, 0xF1, 0x64, 0x0C, 0x3B, 0x00, 0xC0
	.byte 0x0C, 0xF1, 0x28, 0x0C, 0x40, 0xF1, 0x64, 0x00, 0xC0, 0x0C, 0xF1, 0x28, 0x0C, 0x40, 0xF1, 0x64
	.byte 0x0C, 0x39, 0x00, 0xC0, 0x0C, 0xF1, 0x28, 0x0C, 0x40, 0xF1, 0x64, 0x00, 0xB9, 0x0C, 0xF1, 0x28
	.byte 0x0C, 0x39, 0xF1, 0x64, 0x00, 0xBF, 0x0C, 0xF1, 0x28, 0x0C, 0x3F, 0xF1, 0x64, 0x00, 0xBB, 0x0C
	.byte 0xF1, 0x28, 0x0C, 0x3B, 0xF1, 0x64, 0x00, 0xBF, 0x0C, 0xF1, 0x28, 0x0C, 0x3F, 0xF1, 0x64, 0x0C
	.byte 0x3B, 0x00, 0xBD, 0x0C, 0xF1, 0x28, 0x0C, 0x3D, 0xF1, 0x64, 0x00, 0xBD, 0x0C, 0xF1, 0x28, 0x0C
	.byte 0x3D, 0xF1, 0x64, 0x0C, 0x3D, 0x00, 0xC0, 0x0C, 0xF1, 0x28, 0x0C, 0x40, 0xF1, 0x64, 0x00, 0xC5
	.byte 0x0C, 0xF1, 0x28, 0x0C, 0x45, 0xF1, 0x64, 0x00, 0xC0, 0x0C, 0xF1, 0x28, 0x0C, 0x40, 0xF1, 0x64
	.byte 0x00, 0xBB, 0x0C, 0xF1, 0x28, 0x0C, 0x3B, 0xF1, 0x64, 0x00, 0xC0, 0x0C, 0xF1, 0x28, 0x0C, 0x40
	.byte 0xF1, 0x64, 0x0C, 0x3B, 0x00, 0xBD, 0x0C, 0xF1, 0x28, 0x0C, 0x3D, 0xF1, 0x64, 0x00, 0xBD, 0x0C
	.byte 0xF1, 0x28, 0x0C, 0x3D, 0xF1, 0x64, 0x0C, 0x3A, 0x00, 0xBD, 0x0C, 0xF1, 0x28, 0x0C, 0x3D, 0xF1
	.byte 0x64, 0x00, 0xBA, 0x0C, 0xF1, 0x28, 0x0C, 0x3A, 0xF1, 0x64, 0x00, 0xBE, 0x0C, 0xF1, 0x28, 0x0C
	.byte 0x3E, 0xF1, 0x64, 0x00, 0xBB, 0x0C, 0xF1, 0x28, 0x0C, 0x3B, 0xF1, 0x64, 0x00, 0xBE, 0x0C, 0xF1
	.byte 0x28, 0x0C, 0x3E, 0xF1, 0x64, 0x0C, 0x3B, 0x00, 0xBD, 0x0C, 0xF1, 0x28, 0x0C, 0x3D, 0xF1, 0x64
	.byte 0x00, 0xBD, 0x0C, 0xF1, 0x28, 0x0C, 0x3D, 0xF1, 0x64, 0x0C, 0x3D, 0x00, 0xC0, 0x0C, 0xF1, 0x28
	.byte 0x0C, 0x40, 0xF1, 0x64, 0x0C, 0x40, 0x0C, 0x45, 0x00, 0xBF, 0x0C, 0xF1, 0x28, 0x0C, 0x3F, 0xF1
	.byte 0x64, 0x00, 0xBB, 0x0C, 0xF1, 0x28, 0x0C, 0x3B, 0xF1, 0x64, 0x00, 0xBF, 0x0C, 0xF1, 0x28, 0x0C
	.byte 0x3F, 0xF1, 0x64, 0x0C, 0x3B, 0x00, 0xC2, 0x0C, 0xF1, 0x28, 0x0C, 0x42, 0xF1, 0x64, 0x00, 0xC2
	.byte 0x0C, 0xF1, 0x28, 0x0C, 0x42, 0xF1, 0x64, 0x0C, 0x3F, 0x00, 0xC2, 0x0C, 0xF1, 0x28, 0x0C, 0x42
	.byte 0xF1, 0x64, 0x00, 0xBF, 0x0C, 0xF1, 0x28, 0x0C, 0x3F, 0xF1, 0x64, 0x00, 0xC0, 0x0C, 0xF1, 0x28
	.byte 0x0C, 0x40, 0xF1, 0x64, 0x00, 0xBB, 0x0C, 0xF1, 0x28, 0x0C, 0x3B, 0xF1, 0x64, 0x00, 0xC0, 0x0C
	.byte 0xF1, 0x28, 0x0C, 0x40, 0xF1, 0x64, 0x0C, 0x3B, 0x00, 0xBD, 0x0C, 0xF1, 0x28, 0x0C, 0x3D, 0xF1
	.byte 0x64, 0x00, 0xBD, 0x0C, 0xF1, 0x28, 0x0C, 0x3D, 0xF1, 0x64, 0x0C, 0x3D, 0x00, 0xC2, 0x0C, 0xF1
	.byte 0x28, 0x0C, 0x42, 0xF1, 0x64, 0x00, 0xBD, 0x0C, 0xF1, 0x28, 0x0C, 0x3D, 0xF1, 0x64, 0x00, 0xBF
	.byte 0x0C, 0xF1, 0x28, 0x0C, 0x3F, 0xF1, 0x64, 0x00, 0xBB, 0x0C, 0xF1, 0x28, 0x0C, 0x3B, 0xF1, 0x64
	.byte 0x00, 0xBF, 0x0C, 0xF1, 0x28, 0x0C, 0x3F, 0xF1, 0x64, 0x0C, 0x3B, 0x00, 0xC2, 0x0C, 0xF1, 0x28
	.byte 0x0C, 0x42, 0xF1, 0x64, 0x00, 0xC2, 0x0C, 0xF1, 0x28, 0x0C, 0x42, 0xF1, 0x64, 0x0C, 0x3F, 0x00
	.byte 0xC2, 0x0C, 0xF1, 0x28, 0x0C, 0x42, 0xF1, 0x64, 0x00, 0xBF, 0x0C, 0xF1, 0x28, 0x0C, 0x3F, 0xF1
	.byte 0x64, 0x00, 0xC0, 0x0C, 0xF1, 0x28, 0x0C, 0x40, 0xF1, 0x64, 0x00, 0xBB, 0x0C, 0xF1, 0x28, 0x0C
	.byte 0x3B, 0xF1, 0x64, 0x00, 0xC0, 0x0C, 0xF1, 0x28, 0x0C, 0x40, 0xF1, 0x64, 0x0C, 0x3B, 0x00, 0xBD
	.byte 0x0C, 0xF1, 0x28, 0x0C, 0x3D, 0xF1, 0x64, 0x00, 0xBD, 0x0C, 0xF1, 0x28, 0x0C, 0x3D, 0xF1, 0x64
	.byte 0x0C, 0x3D, 0x00, 0xC2, 0x0C, 0xF1, 0x28, 0x0C, 0x42, 0xF1, 0x64, 0x00, 0xBD, 0x0C, 0xF1, 0x28
	.byte 0x0C, 0x3D, 0xF1, 0x64, 0x00, 0xBF, 0x0C, 0xF1, 0x28, 0x0C, 0x3F, 0xF1, 0x64, 0x0C, 0x3B, 0x00
	.byte 0x28, 0x0C, 0x3B, 0xF1, 0x64, 0x00, 0xBF, 0x0C, 0xF1, 0x28, 0x0C, 0x3F, 0xF1, 0x64, 0x0C, 0x3B
	.byte 0x00, 0xC2, 0x0C, 0xF1, 0x28, 0x0C, 0x42, 0xF1, 0x64, 0x00, 0xC2, 0x0C, 0xF1, 0x28, 0x0C, 0x42
	.byte 0xF1, 0x64, 0x0C, 0x3F, 0x00, 0xC2, 0x0C, 0xF1, 0x28, 0x0C, 0x42, 0xF1, 0x64, 0x00, 0xBF, 0x0C
	.byte 0xF1, 0x28, 0x0C, 0x3F, 0xF1, 0x64, 0x00, 0xC0, 0x0C, 0xF1, 0x28, 0x0C, 0x40, 0xF1, 0x64, 0x00
	.byte 0xBB, 0x0C, 0xF1, 0x28, 0x0C, 0x3B, 0xF1, 0x64, 0x00, 0xC0, 0x0C, 0xF1, 0x28, 0x0C, 0x40, 0xF1
	.byte 0x64, 0x0C, 0x3B, 0x00, 0xBD, 0x0C, 0xF1, 0x28, 0x0C, 0x3D, 0xF1, 0x64, 0x00, 0xBD, 0x0C, 0xF1
	.byte 0x28, 0x0C, 0x3D, 0xF1, 0x64, 0x0C, 0x3D, 0x00, 0xC2, 0x0C, 0xF1, 0x28, 0x0C, 0x42, 0xF1, 0x64
	.byte 0x00, 0xBD, 0x0C, 0xF1, 0x28, 0x0C, 0x3D, 0xF1, 0x64, 0x00, 0xBF, 0x0C, 0xF1, 0x28, 0x0C, 0x3F
	.byte 0xF1, 0x64, 0x00, 0xBB, 0x0C, 0xF1, 0x28, 0x0C, 0x3B, 0xF1, 0x64, 0x00, 0xBF, 0x0C, 0xF1, 0x28
	.byte 0x0C, 0x3F, 0xF1, 0x64, 0x0C, 0x3B, 0x00, 0xC2, 0x0C, 0xF1, 0x28, 0x0C, 0x42, 0xF1, 0x64, 0x00
	.byte 0xC2, 0x0C, 0xF1, 0x28, 0x0C, 0x42, 0xF1, 0x64, 0x0C, 0x3F, 0x00, 0xC2, 0x0C, 0xF1, 0x28, 0x0C
	.byte 0x42, 0xF1, 0x64, 0x00, 0xBF, 0x0C, 0xF1, 0x28, 0x0C, 0x3F, 0xF1, 0x64, 0x00, 0xC0, 0x0C, 0xF1
	.byte 0x28, 0x0C, 0x40, 0xF1, 0x64, 0x00, 0xBB, 0x0C, 0xF1, 0x28, 0x0C, 0x3B, 0xF1, 0x64, 0x00, 0xC0
	.byte 0x0C, 0xF1, 0x28, 0x0C, 0x40, 0xF1, 0x64, 0x0C, 0x3B, 0x00, 0xBD, 0x0C, 0xF1, 0x28, 0x0C, 0x3D
	.byte 0xF1, 0x64, 0x00, 0xBD, 0x0C, 0xF1, 0x28, 0x0C, 0x3D, 0xF1, 0x64, 0x0C, 0x3D, 0x00, 0xC2, 0x0C
	.byte 0xF1, 0x28, 0x0C, 0x42, 0xF1, 0x64, 0x00, 0xBD, 0x0C, 0xF1, 0x28, 0x0C, 0x3D, 0xF1, 0x64, 0x00
	.byte 0xBF, 0x0C, 0xF1, 0x28, 0x0C, 0x3F, 0xF1, 0x64, 0x00, 0xBB, 0x0C, 0xF1, 0x28, 0x0C, 0x3B, 0xF1
	.byte 0x64, 0x00, 0xBF, 0x0C, 0xF1, 0x28, 0x0C, 0x3F, 0xF1, 0x64, 0x0C, 0x3B, 0x00, 0xC0, 0x0C, 0xF1
	.byte 0x28, 0x0C, 0x40, 0xF1, 0x64, 0x00, 0xC0, 0x0C, 0xF1, 0x28, 0x0C, 0x40, 0xF1, 0x64, 0x0C, 0x39
	.byte 0x00, 0xC0, 0x0C, 0xF1, 0x28, 0x0C, 0x40, 0xF1, 0x64, 0x00, 0xB9, 0x0C, 0xF1, 0x28, 0x0C, 0x39
	.byte 0xF1, 0x64, 0x00, 0xBF, 0x0C, 0xF1, 0x28, 0x0C, 0x3F, 0xF1, 0x64, 0x00, 0xBB, 0x0C, 0xF1, 0x28
	.byte 0x0C, 0x3B, 0xF1, 0x64, 0x00, 0xBF, 0x0C, 0xF1, 0x28, 0x0C, 0x3F, 0xF1, 0x64, 0x0C, 0x3B, 0x00
	.byte 0xBD, 0x0C, 0xF1, 0x28, 0x0C, 0x3D, 0xF1, 0x64, 0x00, 0xBD, 0x0C, 0xF1, 0x28, 0x0C, 0x3D, 0xF1
	.byte 0x64, 0x0C, 0x3D, 0x00, 0xC0, 0x0C, 0xF1, 0x28, 0x0C, 0x40, 0xF1, 0x64, 0x00, 0xC5, 0x0C, 0xF1
	.byte 0x28, 0x0C, 0x45, 0xF1, 0x64, 0x00, 0xBF, 0x0C, 0xF1, 0x28, 0x0C, 0x3F, 0xF1, 0x64, 0x00, 0xBB
	.byte 0x0C, 0xF1, 0x28, 0x0C, 0x3B, 0xF1, 0x64, 0x00, 0xBF, 0x0C, 0xF1, 0x28, 0x0C, 0x3F, 0xF1, 0x64
	.byte 0x0C, 0x3B, 0x00, 0xC0, 0x0C, 0xF1, 0x28, 0x0C, 0x40, 0xF1, 0x64, 0x00, 0xC0, 0x0C, 0xF1, 0x28
	.byte 0x0C, 0x40, 0xF1, 0x64, 0x0C, 0x39, 0x00, 0xC0, 0x0C, 0xF1, 0x28, 0x0C, 0x40, 0xF1, 0x64, 0x00
	.byte 0xB9, 0x0C, 0xF1, 0x28, 0x0C, 0x39, 0xF1, 0x64, 0x00, 0xC2, 0x0C, 0xF1, 0x28, 0x0C, 0x42, 0xF1
	.byte 0x64, 0x00, 0xC1, 0x0C, 0xF1, 0x28, 0x0C, 0x41, 0xF1, 0x64, 0x0C, 0x40, 0x00, 0xBF, 0x0C, 0xF1
	.byte 0x28, 0x0C, 0x3F, 0xF1, 0x64, 0x00, 0xBD, 0x0C, 0xF1, 0x28, 0x0C, 0x3D, 0xF1, 0x64, 0xF6, 0x18
	.byte 0x0C, 0x3D, 0x00, 0xC2, 0x0C, 0xF1, 0x28, 0x0C, 0x42, 0xF1, 0x64, 0xF6, 0x17, 0xF8, 0x4B, 0xFA
	.byte 0xFF, 0xF9, 0x84, 0xF0, 0x00, 0xF1, 0xB4, 0x0C, 0x24, 0xF6, 0x0C, 0x0C, 0x24, 0xF6, 0x0C, 0x0C
	.byte 0x29, 0x0C, 0x24, 0xF6, 0x0C, 0x0C, 0x24, 0xF6, 0x0C, 0x0C, 0x24, 0xF6, 0x18, 0x0C, 0x24, 0x0C
	.byte 0x29, 0x0C, 0x24, 0xF6, 0x0C, 0x0C, 0x24, 0xF6, 0x0C, 0x0C, 0x24, 0xF6, 0x0C, 0x0C, 0x29, 0x0C
	.byte 0x24, 0xF6, 0x0C, 0x0C, 0x24, 0xF6, 0x0C, 0x0C, 0x24, 0x0C, 0x24, 0xF6, 0x0C, 0x0C, 0x29, 0xF6
	.byte 0x0C, 0x0C, 0x24, 0x0C, 0x29, 0x0C, 0x24, 0xF6, 0x0C, 0x0C, 0x24, 0xF6, 0x0C, 0x0C, 0x29, 0x0C
	.byte 0x24, 0xF6, 0x0C, 0x0C, 0x24, 0xF6, 0x0C, 0x0C, 0x24, 0xF6, 0x18, 0x0C, 0x24, 0x0C, 0x29, 0x0C
	.byte 0x24, 0xF6, 0x0C, 0x0C, 0x24, 0xF6, 0x48, 0x0C, 0x24, 0xF6, 0x0C, 0x0C, 0x24, 0x0C, 0x24, 0xF6
	.byte 0x0C, 0x0C, 0x29, 0xF6, 0x0C, 0x0C, 0x24, 0x0C, 0x29, 0x0C, 0x24, 0xF6, 0x0C, 0x0C, 0x24, 0xF6
	.byte 0x0C, 0x0C, 0x29, 0x0C, 0x24, 0xF6, 0x0C, 0x0C, 0x24, 0xF6, 0x0C, 0x0C, 0x24, 0xF6, 0x0C, 0x0C
	.byte 0x24, 0x0C, 0x29, 0xF6, 0x0C, 0x0C, 0x24, 0xF6, 0x0C, 0x0C, 0x24, 0xF6, 0x0C, 0x0C, 0x24, 0xF6
	.byte 0x0C, 0x0C, 0x29, 0x0C, 0x24, 0xF6, 0x0C, 0x0C, 0x24, 0xF6, 0x0C, 0x0C, 0x24, 0x0C, 0x24, 0xF6
	.byte 0x0C, 0x0C, 0x29, 0xF6, 0x0C, 0x0C, 0x24, 0x0C, 0x29, 0x0C, 0x24, 0xF6, 0x0C, 0x0C, 0x24, 0xF6
	.byte 0x0C, 0x0C, 0x29, 0x0C, 0x24, 0xF6, 0x0C, 0x0C, 0x24, 0xF6, 0x0C, 0x0C, 0x24, 0xF6, 0x0C, 0x0C
	.byte 0x24, 0x0C, 0x29, 0xF6, 0x0C, 0x0C, 0x24, 0xF6, 0x0C, 0x0C, 0x24, 0xF6, 0x0C, 0x0C, 0x24, 0xF6
	.byte 0x0C, 0x0C, 0x29, 0x0C, 0x24, 0xF6, 0x0C, 0x0C, 0x24, 0xF6, 0x0C, 0x0C, 0x24, 0x0C, 0x24, 0x0C
	.byte 0x29, 0x0C, 0x29, 0xF6, 0x0C, 0x0C, 0x24, 0x0C, 0x29, 0x0C, 0x24, 0xF6, 0x0C, 0x0C, 0x24, 0xF6
	.byte 0x0C, 0x0C, 0x29, 0x0C, 0x24, 0xF6, 0x0C, 0x0C, 0x24, 0xF6, 0x0C, 0x0C, 0x24, 0xF6, 0x0C, 0x0C
	.byte 0x24, 0x0C, 0x29, 0xF6, 0x0C, 0x0C, 0x24, 0xF6, 0x0C, 0x0C, 0x24, 0x0C, 0x29, 0x0C, 0x24, 0xF6
	.byte 0x0C, 0x0C, 0x29, 0x0C, 0x24, 0xF6, 0x0C, 0x0C, 0x24, 0xF6, 0x0C, 0x0C, 0x24, 0x0C, 0x24, 0xF6
	.byte 0x0C, 0x0C, 0x29, 0xF6, 0x0C, 0x0C, 0x24, 0x0C, 0x29, 0x0C, 0x24, 0xF6, 0x0C, 0x0C, 0x24, 0xF6
	.byte 0x0C, 0x0C, 0x29, 0x0C, 0x24, 0xF6, 0x0C, 0x0C, 0x24, 0xF6, 0x0C, 0x0C, 0x24, 0xF6, 0x0C, 0x0C
	.byte 0x24, 0x0C, 0x29, 0xF6, 0x0C, 0x0C, 0x24, 0xF6, 0x0C, 0x0C, 0x24, 0xF6, 0x0C, 0x0C, 0x24, 0xF6
	.byte 0x0C, 0x0C, 0x29, 0x0C, 0x24, 0xF6, 0x0C, 0x0C, 0x24, 0xF6, 0x0C, 0x0C, 0x29, 0x0C, 0x29, 0x0C
	.byte 0x24, 0x0C, 0x29, 0xF6, 0x0C, 0x0C, 0x24, 0x0C, 0x29, 0x0C, 0x24, 0xF6, 0x0C, 0x0C, 0x24, 0xF6
	.byte 0x0C, 0x0C, 0x29, 0x0C, 0x24, 0xF6, 0x0C, 0x0C, 0x24, 0xF6, 0x0C, 0x0C, 0x24, 0xF6, 0x0C, 0x0C
	.byte 0x24, 0x0C, 0x29, 0xF6, 0x0C, 0x0C, 0x24, 0xF6, 0x0C, 0x0C, 0x24, 0x0C, 0x29, 0x0C, 0x24, 0xF6
	.byte 0x0C, 0x0C, 0x29, 0x0C, 0x24, 0xF6, 0x0C, 0x0C, 0x24, 0xF6, 0x0C, 0x0C, 0x24, 0x0C, 0x24, 0xF6
	.byte 0x0C, 0x0C, 0x29, 0xF6, 0x0C, 0x0C, 0x24, 0x0C, 0x29, 0x0C, 0x24, 0xF6, 0x0C, 0x0C, 0x24, 0xF6
	.byte 0x0C, 0x0C, 0x29, 0x0C, 0x24, 0xF6, 0x0C, 0x0C, 0x24, 0xF6, 0x0C, 0x0C, 0x24, 0xF6, 0x0C, 0x0C
	.byte 0x24, 0x0C, 0x29, 0xF6, 0x0C, 0x0C, 0x24, 0xF6, 0x0C, 0x0C, 0x24, 0xF6, 0x0C, 0x0C, 0x24, 0xF6
	.byte 0x0C, 0x0C, 0x29, 0x0C, 0x24, 0xF6, 0x0C, 0x0C, 0x24, 0xF6, 0x0C, 0x0C, 0x24, 0x0C, 0x24, 0x0C
	.byte 0x29, 0x0C, 0x29, 0xF6, 0x0C, 0x0C, 0x24, 0x0C, 0x29, 0x0C, 0x24, 0xF6, 0x0C, 0x0C, 0x24, 0xF6
	.byte 0x0C, 0x0C, 0x29, 0x0C, 0x24, 0xF6, 0x0C, 0x0C, 0x24, 0xF6, 0x0C, 0x0C, 0x24, 0xF6, 0x0C, 0x0C
	.byte 0x24, 0x0C, 0x29, 0xF6, 0x0C, 0x0C, 0x24, 0xF6, 0x0C, 0x0C, 0x24, 0xF6, 0x0C, 0x0C, 0x24, 0xF6
	.byte 0x0C, 0x0C, 0x29, 0x0C, 0x24, 0xF6, 0x0C, 0x0C, 0x24, 0xF6, 0x0C, 0x0C, 0x29, 0x0C, 0x29, 0x0C
	.byte 0x24, 0x0C, 0x29, 0xF6, 0x0C, 0x0C, 0x24, 0x0C, 0x29, 0x0C, 0x24, 0xF6, 0x0C, 0x0C, 0x24, 0xF6
	.byte 0x0C, 0x0C, 0x29, 0x0C, 0x24, 0xF6, 0x0C, 0x0C, 0x24, 0xF6, 0x0C, 0x0C, 0x24, 0xF6, 0x0C, 0x0C
	.byte 0x24, 0x0C, 0x29, 0xF6, 0x0C, 0x0C, 0x24, 0xF6, 0x0C, 0x0C, 0x24, 0x0C, 0x29, 0x0C, 0x24, 0xF6
	.byte 0x0C, 0x0C, 0x29, 0x0C, 0x24, 0xF6, 0x0C, 0x0C, 0x24, 0xF6, 0x0C, 0x0C, 0x24, 0x0C, 0x24, 0xF6
	.byte 0x0C, 0x0C, 0x29, 0xF6, 0x0C, 0x0C, 0x24, 0x0C, 0x29, 0x0C, 0x24, 0xF6, 0x0C, 0x0C, 0x24, 0xF6
	.byte 0x0C, 0x0C, 0x29, 0x0C, 0x24, 0xF6, 0x0C, 0x0C, 0x24, 0xF6, 0x0C, 0x0C, 0x24, 0xF6, 0x0C, 0x0C
	.byte 0x24, 0x0C, 0x29, 0xF6, 0x0C, 0x0C, 0x24, 0xF6, 0x0C, 0x0C, 0x24, 0xF6, 0x0C, 0x0C, 0x24, 0xF6
	.byte 0x0C, 0x0C, 0x29, 0x0C, 0x24, 0xF6, 0x0C, 0x0C, 0x24, 0xF6, 0x0C, 0x0C, 0x24, 0x0C, 0x24, 0x0C
	.byte 0x29, 0x0C, 0x29, 0xF6, 0x0C, 0x0C, 0x24, 0x0C, 0x29, 0x0C, 0x24, 0xF6, 0x0C, 0x0C, 0x24, 0xF6
	.byte 0x0C, 0x0C, 0x29, 0x0C, 0x24, 0xF6, 0x0C, 0x0C, 0x24, 0xF6, 0x0C, 0x0C, 0x24, 0xF6, 0x18, 0x0C
	.byte 0x24, 0x0C, 0x29, 0x0C, 0x24, 0xF6, 0x0C, 0x0C, 0x24, 0xF6, 0x0C, 0x0C, 0x24, 0xF6, 0x0C, 0x0C
	.byte 0x29, 0x0C, 0x24, 0xF6, 0x0C, 0x0C, 0x24, 0xF6, 0x0C, 0x0C, 0x24, 0x0C, 0x24, 0xF6, 0x0C, 0x0C
	.byte 0x29, 0xF6, 0x0C, 0x0C, 0x24, 0x0C, 0x29, 0x0C, 0x24, 0xF6, 0x0C, 0x0C, 0x24, 0xF6, 0x0C, 0x0C
	.byte 0x29, 0x0C, 0x24, 0xF6, 0x0C, 0x0C, 0x24, 0xF6, 0x0C, 0x0C, 0x24, 0xF6, 0x18, 0x0C, 0x24, 0x0C
	.byte 0x29, 0x0C, 0x24, 0xF6, 0x0C, 0x0C, 0x24, 0xF6, 0x84, 0x0C, 0x29, 0xF6, 0x0C, 0x0C, 0x24, 0x0C
	.byte 0x29, 0xF8, 0x55, 0xFD, 0xFF, 0xF9, 0x84, 0xF6, 0x01, 0xF0, 0x00, 0xF2, 0x78, 0xF1, 0x50, 0x0C
	.byte 0x3C, 0xF6, 0x0C, 0x0C, 0x39, 0x0C, 0x35, 0xF6, 0x0C, 0x0C, 0x3C, 0x0C, 0x3B, 0x0C, 0x37, 0xF6
	.byte 0x0C, 0x0C, 0x3C, 0x0C, 0x39, 0x0C, 0x35, 0xF6, 0x0C, 0x0C, 0x3C, 0x0C, 0x3B, 0x0C, 0x37, 0x0C
	.byte 0x3C, 0xF6, 0x0C, 0x0C, 0x39, 0x0C, 0x35, 0xF6, 0x0C, 0x0C, 0x3C, 0x0C, 0x3B, 0x0C, 0x37, 0xF6
	.byte 0x0C, 0x0C, 0x3C, 0x0C, 0x39, 0x0C, 0x35, 0xF6, 0x0C, 0x0C, 0x3C, 0x0C, 0x3B, 0x0C, 0x37, 0x0C
	.byte 0x3C, 0xF6, 0x0C, 0x0C, 0x39, 0x0C, 0x35, 0xF6, 0x0C, 0x0C, 0x3C, 0x0C, 0x3B, 0x0C, 0x37, 0xF6
	.byte 0x0C, 0x0C, 0x3C, 0x0C, 0x39, 0x0C, 0x35, 0xF6, 0x0C, 0x0C, 0x3C, 0x0C, 0x3B, 0x0C, 0x37, 0x0C
	.byte 0x3C, 0xF6, 0x0C, 0x0C, 0x39, 0x0C, 0x35, 0xF6, 0x0C, 0x0C, 0x3C, 0x0C, 0x3B, 0x0C, 0x37, 0xF6
	.byte 0x3C, 0x0C, 0x3C, 0x0C, 0x3B, 0x0B, 0x37, 0xF6, 0x01, 0x0C, 0x3C, 0xF6, 0x0C, 0x0C, 0x39, 0x0C
	.byte 0x35, 0xF6, 0x0C, 0x0C, 0x3C, 0x0C, 0x3B, 0x0C, 0x37, 0xF6, 0x0C, 0x0C, 0x3C, 0x0C, 0x39, 0x0C
	.byte 0x35, 0xF6, 0x0C, 0x0C, 0x3C, 0x0C, 0x3B, 0x0C, 0x37, 0x0C, 0x3C, 0xF6, 0x0C, 0x0C, 0x39, 0x0C
	.byte 0x35, 0xF6, 0x0C, 0x0C, 0x3C, 0x0C, 0x3B, 0x0C, 0x37, 0xF6, 0x0C, 0x0C, 0x3C, 0x0C, 0x39, 0x0C
	.byte 0x35, 0xF6, 0x0C, 0x0C, 0x3C, 0x0C, 0x3B, 0x0C, 0x37, 0x0C, 0x3C, 0xF6, 0x0C, 0x0C, 0x39, 0x0C
	.byte 0x35, 0xF6, 0x0C, 0x0C, 0x3C, 0x0C, 0x3B, 0x0C, 0x37, 0xF6, 0x0C, 0x0C, 0x3C, 0x0C, 0x39, 0x0C
	.byte 0x35, 0xF6, 0x0C, 0x0C, 0x3C, 0x0C, 0x3B, 0x0C, 0x37, 0x0C, 0x3C, 0xF6, 0x0C, 0x0C, 0x39, 0x0C
	.byte 0x35, 0xF6, 0x0C, 0x0C, 0x3C, 0x0C, 0x3B, 0x0C, 0x37, 0xF6, 0x0C, 0x0C, 0x3C, 0x0C, 0x39, 0x0C
	.byte 0x35, 0xF6, 0x0C, 0x0C, 0x3C, 0x0C, 0x3B, 0x0C, 0x37, 0x0C, 0x3C, 0xF6, 0x0C, 0x0C, 0x39, 0x0C
	.byte 0x35, 0xF6, 0x0C, 0x0C, 0x3C, 0x0C, 0x3B, 0x0C, 0x37, 0xF6, 0x0C, 0x0C, 0x3C, 0x0C, 0x39, 0x0C
	.byte 0x35, 0xF6, 0x0C, 0x0C, 0x3C, 0x0C, 0x3B, 0x0C, 0x37, 0x0C, 0x3C, 0xF6, 0x0C, 0x0C, 0x39, 0x0C
	.byte 0x35, 0xF6, 0x0C, 0x0C, 0x3C, 0x0C, 0x3B, 0x0C, 0x37, 0xF6, 0x0C, 0x0C, 0x3C, 0x0C, 0x39, 0x0C
	.byte 0x35, 0xF6, 0x0C, 0x0C, 0x3C, 0x0C, 0x3B, 0x0C, 0x37, 0x0C, 0x3C, 0xF6, 0x0C, 0x0C, 0x39, 0x0C
	.byte 0x35, 0xF6, 0x0C, 0x0C, 0x3C, 0x0C, 0x3B, 0x0C, 0x37, 0xF6, 0x0C, 0x0C, 0x3C, 0x0C, 0x39, 0x0C
	.byte 0x35, 0xF6, 0x0C, 0x0C, 0x3C, 0x0C, 0x3B, 0x0C, 0x37, 0x0C, 0x3C, 0xF6, 0x0C, 0x0C, 0x39, 0x0C
	.byte 0x35, 0xF6, 0x0C, 0x0C, 0x3C, 0x0C, 0x3B, 0x0C, 0x37, 0xF6, 0x0C, 0x0C, 0x3C, 0x0C, 0x39, 0x0C
	.byte 0x35, 0xF6, 0x0C, 0x0C, 0x3C, 0x0C, 0x3B, 0x0C, 0x37, 0x0C, 0x3C, 0xF6, 0x0C, 0x0C, 0x39, 0x0C
	.byte 0x35, 0xF6, 0x0C, 0x0C, 0x3C, 0x0C, 0x3B, 0x0C, 0x37, 0xF6, 0x0C, 0x0C, 0x3C, 0x0C, 0x39, 0x0C
	.byte 0x35, 0xF6, 0x0C, 0x0C, 0x3C, 0x0C, 0x3B, 0x0C, 0x37, 0x0C, 0x3C, 0xF6, 0x0C, 0x0C, 0x39, 0x0C
	.byte 0x35, 0xF6, 0x0C, 0x0C, 0x3C, 0x0C, 0x3B, 0x0C, 0x37, 0xF6, 0x0C, 0x0C, 0x3C, 0x0C, 0x39, 0x0C
	.byte 0x35, 0xF6, 0x0C, 0x0C, 0x3C, 0x0C, 0x3B, 0x0C, 0x37, 0x0C, 0x3C, 0xF6, 0x0C, 0x0C, 0x39, 0x0C
	.byte 0x35, 0xF6, 0x0C, 0x0C, 0x3C, 0x0C, 0x3B, 0x0C, 0x37, 0xF6, 0x0C, 0x0C, 0x3C, 0x0C, 0x39, 0x0C
	.byte 0x35, 0xF6, 0x0C, 0x0C, 0x3C, 0x0C, 0x3B, 0x0C, 0x37, 0x0C, 0x3C, 0xF6, 0x0C, 0x0C, 0x39, 0x0C
	.byte 0x35, 0xF6, 0x0C, 0x0C, 0x3C, 0x0C, 0x3B, 0x0C, 0x37, 0xF6, 0x0C, 0x0C, 0x3C, 0x0C, 0x39, 0x0C
	.byte 0x35, 0xF6, 0x0C, 0x0C, 0x3C, 0x0C, 0x3B, 0x0C, 0x37, 0x0C, 0x3C, 0xF6, 0x0C, 0x0C, 0x39, 0x0C
	.byte 0x35, 0xF6, 0x0C, 0x0C, 0x3C, 0x0C, 0x3B, 0x0C, 0x37, 0xF6, 0x0C, 0x0C, 0x3C, 0x0C, 0x39, 0x0C
	.byte 0x35, 0xF6, 0x0C, 0x0C, 0x3C, 0x0C, 0x3B, 0x0C, 0x37, 0x0C, 0x3C, 0xF6, 0x0C, 0x0C, 0x39, 0x0C
	.byte 0x35, 0xF6, 0x0C, 0x0C, 0x3C, 0x0C, 0x3B, 0x0C, 0x37, 0xF6, 0x0C, 0x0C, 0x3C, 0x0C, 0x39, 0x0C
	.byte 0x35, 0xF6, 0x0C, 0x0C, 0x3C, 0x0C, 0x3B, 0x0C, 0x37, 0x0C, 0x3C, 0xF6, 0x0C, 0x0C, 0x39, 0x0C
	.byte 0x35, 0xF6, 0x0C, 0x0C, 0x3C, 0x0C, 0x3B, 0x0C, 0x37, 0xF6, 0x0C, 0x0C, 0x3C, 0x0C, 0x39, 0x0C
	.byte 0x35, 0xF6, 0x0C, 0x0C, 0x3C, 0x0C, 0x3B, 0x0C, 0x37, 0x0C, 0x3C, 0xF6, 0x0C, 0x0C, 0x39, 0x0C
	.byte 0x35, 0xF6, 0x0C, 0x0C, 0x3C, 0x0C, 0x3B, 0x0C, 0x37, 0xF6, 0x0C, 0x0C, 0x3C, 0x0C, 0x39, 0x0C
	.byte 0x35, 0xF6, 0x0C, 0x0C, 0x3C, 0x0C, 0x3B, 0x0C, 0x37, 0x0C, 0x3C, 0xF6, 0x0C, 0x0C, 0x39, 0x0C
	.byte 0x35, 0xF6, 0x0C, 0x0C, 0x3C, 0x0C, 0x3B, 0x0C, 0x37, 0xF6, 0x0C, 0x0C, 0x3C, 0x0C, 0x39, 0x0C
	.byte 0x35, 0xF6, 0x0C, 0x0C, 0x3C, 0x0C, 0x3B, 0x0C, 0x37, 0x0C, 0x3C, 0xF6, 0x0C, 0x0C, 0x39, 0x0C
	.byte 0x35, 0xF6, 0x0C, 0x0C, 0x3C, 0x0C, 0x3B, 0x0C, 0x37, 0xF6, 0x0C, 0x0C, 0x3C, 0x0C, 0x39, 0x0C
	.byte 0x35, 0xF6, 0x0C, 0x0C, 0x3C, 0x0C, 0x3B, 0x0C, 0x37, 0x0C, 0x3C, 0xF6, 0x0C, 0x0C, 0x39, 0x0C
	.byte 0x35, 0xF6, 0x0C, 0x0C, 0x3C, 0x0C, 0x3B, 0x0C, 0x37, 0xF6, 0x0C, 0x0C, 0x3C, 0x0C, 0x39, 0x0C
	.byte 0x35, 0xF6, 0x0C, 0x0C, 0x3C, 0x0C, 0x3B, 0x0C, 0x37, 0x0C, 0x3C, 0xF6, 0x0C, 0x0C, 0x39, 0x0C
	.byte 0x35, 0xF6, 0x0C, 0x0C, 0x3C, 0x0C, 0x3B, 0x0C, 0x37, 0xF6, 0x0C, 0x0C, 0x3C, 0x0C, 0x39, 0x0C
	.byte 0x35, 0xF6, 0x0C, 0x0C, 0x3C, 0x0C, 0x3B, 0x0C, 0x37, 0x0C, 0x3C, 0xF6, 0x0C, 0x0C, 0x39, 0x0C
	.byte 0x35, 0xF6, 0x0C, 0x0C, 0x3C, 0x0C, 0x3B, 0x0C, 0x37, 0xF6, 0x0C, 0x0C, 0x3C, 0x0C, 0x39, 0x0C
	.byte 0x35, 0xF6, 0x0C, 0x0C, 0x3C, 0x0C, 0x3B, 0x0C, 0x37, 0x0C, 0x3C, 0xF6, 0x0C, 0x0C, 0x39, 0x0C
	.byte 0x35, 0xF6, 0x0C, 0x0C, 0x3C, 0x0C, 0x3B, 0x0C, 0x37, 0xF6, 0x3C, 0x0C, 0x3C, 0x0C, 0x3B, 0x0B
	.byte 0x37, 0xF8, 0x43, 0xFD, 0xFF, 0xF9, 0x84, 0xF6, 0x01, 0xF0, 0xC0, 0xF2, 0xB4, 0xF1, 0x28, 0x0C
	.byte 0x3B, 0xF1, 0x0A, 0x0C, 0x3B, 0xF1, 0x28, 0x0C, 0x36, 0xF1, 0x0A, 0x0C, 0x36, 0xF1, 0x28, 0x0C
	.byte 0x3B, 0xF1, 0x0A, 0x0C, 0x3B, 0xF1, 0x28, 0x0C, 0x36, 0x0C, 0x3D, 0xF1, 0x0A, 0x0C, 0x3D, 0xF1
	.byte 0x28, 0x0C, 0x3D, 0xF1, 0x0A, 0x0C, 0x3D, 0xF1, 0x28, 0x0C, 0x34, 0x0C, 0x3D, 0xF1, 0x0A, 0x0C
	.byte 0x3D, 0xF1, 0x28, 0x0C, 0x34, 0xF1, 0x0A, 0x0C, 0x34, 0xF1, 0x28, 0x0C, 0x3B, 0xF1, 0x0A, 0x0C
	.byte 0x3B, 0xF1, 0x28, 0x0C, 0x36, 0xF1, 0x0A, 0x0C, 0x36, 0xF1, 0x28, 0x0C, 0x3B, 0xF1, 0x0A, 0x0C
	.byte 0x3B, 0xF1, 0x28, 0x0C, 0x36, 0x0C, 0x39, 0xF1, 0x0A, 0x0C, 0x39, 0xF1, 0x28, 0x0C, 0x39, 0xF1
	.byte 0x0A, 0x0C, 0x39, 0xF1, 0x28, 0x0C, 0x39, 0x0C, 0x3D, 0xF1, 0x0A, 0x0C, 0x3D, 0xF1, 0x28, 0x0C
	.byte 0x40, 0xF1, 0x0A, 0x0C, 0x40, 0xF1, 0x28, 0x0C, 0x3B, 0xF1, 0x0A, 0x0C, 0x3B, 0xF1, 0x28, 0x0C
	.byte 0x36, 0xF1, 0x0A, 0x0C, 0x36, 0xF1, 0x28, 0x0C, 0x3B, 0xF1, 0x0A, 0x0C, 0x3B, 0xF1, 0x28, 0x0C
	.byte 0x36, 0x0C, 0x3D, 0xF1, 0x0A, 0x0C, 0x3D, 0xF1, 0x28, 0x0C, 0x3D, 0xF1, 0x0A, 0x0C, 0x3D, 0xF1
	.byte 0x28, 0x0C, 0x34, 0x0C, 0x3D, 0xF1, 0x0A, 0x0C, 0x3D, 0xF1, 0x28, 0x0C, 0x34, 0xF1, 0x0A, 0x0C
	.byte 0x34, 0xF1, 0x28, 0x0C, 0x3D, 0xF1, 0x0A, 0x0C, 0x3D, 0xF1, 0x28, 0x0C, 0x3D, 0xF1, 0x0A, 0x0C
	.byte 0x3D, 0xF1, 0x28, 0x0C, 0x3D, 0x0C, 0x36, 0xF1, 0x0A, 0x0C, 0x36, 0xF1, 0x28, 0x0C, 0x36, 0xF1
	.byte 0x0A, 0x0C, 0x36, 0xF1, 0x28, 0xF6, 0x18, 0x0C, 0x36, 0x0C, 0x3D, 0xF1, 0x0A, 0x0C, 0x3D, 0xF6
	.byte 0x17, 0xF6, 0x01, 0xF1, 0x3C, 0x0C, 0x3B, 0xF1, 0x14, 0x0C, 0x3B, 0xF1, 0x3C, 0x0C, 0x36, 0xF1
	.byte 0x14, 0x0C, 0x36, 0xF1, 0x3C, 0x0C, 0x3B, 0xF1, 0x14, 0x0C, 0x3B, 0xF1, 0x3C, 0x0C, 0x36, 0x0C
	.byte 0x3D, 0xF1, 0x14, 0x0C, 0x3D, 0xF1, 0x3C, 0x0C, 0x3D, 0xF1, 0x14, 0x0C, 0x3D, 0xF1, 0x3C, 0x0C
	.byte 0x34, 0x0C, 0x3D, 0xF1, 0x14, 0x0C, 0x3D, 0xF1, 0x3C, 0x0C, 0x34, 0xF1, 0x14, 0x0C, 0x34, 0xF1
	.byte 0x3C, 0x0C, 0x3B, 0xF1, 0x14, 0x0C, 0x3B, 0xF1, 0x3C, 0x0C, 0x36, 0xF1, 0x14, 0x0C, 0x36, 0xF1
	.byte 0x3C, 0x0C, 0x3B, 0xF1, 0x14, 0x0C, 0x3B, 0xF1, 0x3C, 0x0C, 0x36, 0x0C, 0x39, 0xF1, 0x14, 0x0C
	.byte 0x39, 0xF1, 0x3C, 0x0C, 0x39, 0xF1, 0x14, 0x0C, 0x39, 0xF1, 0x3C, 0x0C, 0x39, 0x0C, 0x3D, 0xF1
	.byte 0x14, 0x0C, 0x3D, 0xF1, 0x3C, 0x0C, 0x40, 0xF1, 0x14, 0x0C, 0x40, 0xF1, 0x3C, 0x0C, 0x3B, 0xF1
	.byte 0x14, 0x0C, 0x3B, 0xF1, 0x3C, 0x0C, 0x36, 0xF1, 0x14, 0x0C, 0x36, 0xF1, 0x3C, 0x0C, 0x3B, 0xF1
	.byte 0x14, 0x0C, 0x3B, 0xF1, 0x3C, 0x0C, 0x36, 0x0C, 0x3D, 0xF1, 0x14, 0x0C, 0x3D, 0xF1, 0x3C, 0x0C
	.byte 0x3D, 0xF1, 0x14, 0x0C, 0x3D, 0xF1, 0x3C, 0x0C, 0x34, 0x0C, 0x3D, 0xF1, 0x14, 0x0C, 0x3D, 0xF1
	.byte 0x3C, 0x0C, 0x34, 0xF1, 0x14, 0x0C, 0x34, 0xF1, 0x3C, 0x0C, 0x3B, 0xF1, 0x14, 0x0C, 0x3B, 0xF1
	.byte 0x3C, 0x0C, 0x36, 0xF1, 0x14, 0x0C, 0x36, 0xF1, 0x3C, 0x0C, 0x3B, 0xF1, 0x14, 0x0C, 0x3B, 0xF1
	.byte 0x3C, 0x0C, 0x36, 0x0C, 0x39, 0xF1, 0x14, 0x0C, 0x39, 0xF1, 0x3C, 0x0C, 0x39, 0xF1, 0x14, 0x0C
	.byte 0x39, 0xF1, 0x3C, 0x0C, 0x39, 0x0C, 0x3D, 0xF1, 0x14, 0x0C, 0x3D, 0xF1, 0x3C, 0x0C, 0x40, 0xF1
	.byte 0x14, 0x0C, 0x40, 0xF1, 0x3C, 0x0C, 0x3B, 0xF1, 0x14, 0x0C, 0x3B, 0xF1, 0x3C, 0x0C, 0x36, 0xF1
	.byte 0x14, 0x0C, 0x36, 0xF1, 0x3C, 0x0C, 0x3B, 0xF1, 0x14, 0x0C, 0x3B, 0xF1, 0x3C, 0x0C, 0x36, 0x0C
	.byte 0x3D, 0xF1, 0x14, 0x0C, 0x3D, 0xF1, 0x3C, 0x0C, 0x3D, 0xF1, 0x14, 0x0C, 0x3D, 0xF1, 0x3C, 0x0C
	.byte 0x34, 0x0C, 0x3D, 0xF1, 0x14, 0x0C, 0x3D, 0xF1, 0x3C, 0x0C, 0x34, 0xF1, 0x14, 0x0C, 0x34, 0xF1
	.byte 0x3C, 0x0C, 0x3B, 0xF1, 0x14, 0x0C, 0x3B, 0xF1, 0x3C, 0x0C, 0x36, 0xF1, 0x14, 0x0C, 0x36, 0xF1
	.byte 0x3C, 0x0C, 0x3B, 0xF1, 0x14, 0x0C, 0x3B, 0xF1, 0x3C, 0x0C, 0x36, 0x0C, 0x39, 0xF1, 0x14, 0x0C
	.byte 0x39, 0xF1, 0x3C, 0x0C, 0x39, 0xF1, 0x14, 0x0C, 0x39, 0xF1, 0x3C, 0x0C, 0x39, 0x0C, 0x3D, 0xF1
	.byte 0x14, 0x0C, 0x3D, 0xF1, 0x3C, 0x0C, 0x40, 0xF1, 0x14, 0x0C, 0x40, 0xF1, 0x3C, 0x0C, 0x3B, 0xF1
	.byte 0x14, 0x0C, 0x3B, 0xF1, 0x3C, 0x0C, 0x36, 0xF1, 0x14, 0x0C, 0x36, 0xF1, 0x3C, 0x0C, 0x3B, 0xF1
	.byte 0x14, 0x0C, 0x3B, 0xF1, 0x3C, 0x0C, 0x36, 0x0C, 0x3D, 0xF1, 0x14, 0x0C, 0x3D, 0xF1, 0x3C, 0x0C
	.byte 0x3D, 0xF1, 0x14, 0x0C, 0x3D, 0xF1, 0x3C, 0x0C, 0x34, 0x0C, 0x3D, 0xF1, 0x14, 0x0C, 0x3D, 0xF1
	.byte 0x3C, 0x0C, 0x34, 0xF1, 0x14, 0x0C, 0x34, 0xF1, 0x3C, 0x0C, 0x3B, 0xF1, 0x14, 0x0C, 0x3B, 0xF1
	.byte 0x3C, 0x0C, 0x36, 0xF1, 0x14, 0x0C, 0x36, 0xF1, 0x3C, 0x0C, 0x3B, 0xF1, 0x14, 0x0C, 0x3B, 0xF1
	.byte 0x3C, 0x0C, 0x36, 0x0C, 0x39, 0xF1, 0x14, 0x0C, 0x39, 0xF1, 0x3C, 0x0C, 0x39, 0xF1, 0x14, 0x0C
	.byte 0x39, 0xF1, 0x3C, 0x0C, 0x39, 0x0C, 0x3D, 0xF1, 0x14, 0x0C, 0x3D, 0xF1, 0x3C, 0x0C, 0x40, 0xF1
	.byte 0x14, 0x0C, 0x40, 0xF1, 0x3C, 0x0C, 0x3B, 0xF1, 0x14, 0x0C, 0x3B, 0xF1, 0x3C, 0x0C, 0x38, 0xF1
	.byte 0x14, 0x0C, 0x38, 0xF1, 0x3C, 0x0C, 0x3B, 0xF1, 0x14, 0x0C, 0x3B, 0xF1, 0x3C, 0x0C, 0x38, 0x0C
	.byte 0x3A, 0xF1, 0x14, 0x0C, 0x3A, 0xF1, 0x3C, 0x0C, 0x3A, 0xF1, 0x14, 0x0C, 0x3A, 0xF1, 0x3C, 0x0C
	.byte 0x36, 0x0C, 0x3A, 0xF1, 0x14, 0x0C, 0x3A, 0xF1, 0x3C, 0x0C, 0x36, 0xF1, 0x14, 0x0C, 0x36, 0xF1
	.byte 0x3C, 0x0C, 0x3B, 0xF1, 0x14, 0x0C, 0x3B, 0xF1, 0x3C, 0x0C, 0x37, 0xF1, 0x14, 0x0C, 0x37, 0xF1
	.byte 0x3C, 0x0C, 0x3B, 0xF1, 0x14, 0x0C, 0x3B, 0xF1, 0x3C, 0x0C, 0x37, 0x0C, 0x39, 0xF1, 0x14, 0x0C
	.byte 0x39, 0xF1, 0x3C, 0x0C, 0x39, 0xF1, 0x14, 0x0C, 0x39, 0xF1, 0x3C, 0x0C, 0x39, 0x0C, 0x3D, 0xF1
	.byte 0x14, 0x0C, 0x3D, 0xF1, 0x3C, 0x0C, 0x3D, 0x0C, 0x40, 0x0C, 0x3B, 0xF1, 0x14, 0x0C, 0x3B, 0xF1
	.byte 0x3C, 0x0C, 0x36, 0xF1, 0x14, 0x0C, 0x36, 0xF1, 0x3C, 0x0C, 0x3B, 0xF1, 0x14, 0x0C, 0x3B, 0xF1
	.byte 0x3C, 0x0C, 0x36, 0x0C, 0x3F, 0xF1, 0x14, 0x0C, 0x3F, 0xF1, 0x3C, 0x0C, 0x3F, 0xF1, 0x14, 0x0C
	.byte 0x3F, 0xF1, 0x3C, 0x0C, 0x3B, 0x0C, 0x3F, 0xF1, 0x14, 0x0C, 0x3F, 0xF1, 0x3C, 0x0C, 0x3B, 0xF1
	.byte 0x14, 0x0C, 0x3B, 0xF1, 0x3C, 0x0C, 0x3B, 0xF1, 0x14, 0x0C, 0x3B, 0xF1, 0x3C, 0x0C, 0x38, 0xF1
	.byte 0x14, 0x0C, 0x38, 0xF1, 0x3C, 0x0C, 0x3B, 0xF1, 0x14, 0x0C, 0x3B, 0xF1, 0x3C, 0x0C, 0x38, 0x0C
	.byte 0x3A, 0xF1, 0x14, 0x0C, 0x3A, 0xF1, 0x3C, 0x0C, 0x3A, 0xF1, 0x14, 0x0C, 0x3A, 0xF1, 0x3C, 0x0C
	.byte 0x3A, 0x0C, 0x3D, 0xF1, 0x14, 0x0C, 0x3D, 0xF1, 0x3C, 0x0C, 0x3A, 0xF1, 0x14, 0x0C, 0x3A, 0xF1
	.byte 0x3C, 0x0C, 0x3B, 0xF1, 0x14, 0x0C, 0x3B, 0xF1, 0x3C, 0x0C, 0x36, 0xF1, 0x14, 0x0C, 0x36, 0xF1
	.byte 0x3C, 0x0C, 0x3B, 0xF1, 0x14, 0x0C, 0x3B, 0xF1, 0x3C, 0x0C, 0x36, 0x0C, 0x3F, 0xF1, 0x14, 0x0C
	.byte 0x3F, 0xF1, 0x3C, 0x0C, 0x3F, 0xF1, 0x14, 0x0C, 0x3F, 0xF1, 0x3C, 0x0C, 0x3B, 0x0C, 0x3F, 0xF1
	.byte 0x14, 0x0C, 0x3F, 0xF1, 0x3C, 0x0C, 0x3B, 0xF1, 0x14, 0x0C, 0x3B, 0xF1, 0x3C, 0x0C, 0x3B, 0xF1
	.byte 0x14, 0x0C, 0x3B, 0xF1, 0x3C, 0x0C, 0x38, 0xF1, 0x14, 0x0C, 0x38, 0xF1, 0x3C, 0x0C, 0x3B, 0xF1
	.byte 0x14, 0x0C, 0x3B, 0xF1, 0x3C, 0x0C, 0x38, 0x0C, 0x3A, 0xF1, 0x14, 0x0C, 0x3A, 0xF1, 0x3C, 0x0C
	.byte 0x3A, 0xF1, 0x14, 0x0C, 0x3A, 0xF1, 0x3C, 0x0C, 0x3A, 0x0C, 0x3D, 0xF1, 0x14, 0x0C, 0x3D, 0xF1
	.byte 0x3C, 0x0C, 0x3A, 0xF1, 0x14, 0x0C, 0x3A, 0xF1, 0x3C, 0x0C, 0x3B, 0xF1, 0x14, 0x0C, 0x3B, 0xF1
	.byte 0x3C, 0x0C, 0x36, 0xF1, 0x14, 0x0C, 0x36, 0xF1, 0x3C, 0x0C, 0x3B, 0xF1, 0x14, 0x0C, 0x3B, 0xF1
	.byte 0x3C, 0x0C, 0x36, 0x0C, 0x3F, 0xF1, 0x14, 0x0C, 0x3F, 0xF1, 0x3C, 0x0C, 0x3F, 0xF1, 0x14, 0x0C
	.byte 0x3F, 0xF1, 0x3C, 0x0C, 0x3B, 0x0C, 0x3F, 0xF1, 0x14, 0x0C, 0x3F, 0xF1, 0x3C, 0x0C, 0x3B, 0xF1
	.byte 0x14, 0x0C, 0x3B, 0xF1, 0x3C, 0x0C, 0x3B, 0xF1, 0x14, 0x0C, 0x3B, 0xF1, 0x3C, 0x0C, 0x38, 0xF1
	.byte 0x14, 0x0C, 0x38, 0xF1, 0x3C, 0x0C, 0x3B, 0xF1, 0x14, 0x0C, 0x3B, 0xF1, 0x3C, 0x0C, 0x38, 0x0C
	.byte 0x3A, 0xF1, 0x14, 0x0C, 0x3A, 0xF1, 0x3C, 0x0C, 0x3A, 0xF1, 0x14, 0x0C, 0x3A, 0xF1, 0x3C, 0x0C
	.byte 0x3A, 0x0C, 0x3D, 0xF1, 0x14, 0x0C, 0x3D, 0xF1, 0x3C, 0x0C, 0x3A, 0xF1, 0x14, 0x0C, 0x3A, 0xF1
	.byte 0x3C, 0x0C, 0x3B, 0xF1, 0x14, 0x0C, 0x3B, 0xF1, 0x3C, 0x0C, 0x36, 0xF1, 0x14, 0x0C, 0x36, 0xF1
	.byte 0x3C, 0x0C, 0x3B, 0xF1, 0x14, 0x0C, 0x3B, 0xF1, 0x3C, 0x0C, 0x36, 0x0C, 0x3F, 0xF1, 0x14, 0x0C
	.byte 0x3F, 0xF1, 0x3C, 0x0C, 0x3F, 0xF1, 0x14, 0x0C, 0x3F, 0xF1, 0x3C, 0x0C, 0x3B, 0x0C, 0x3F, 0xF1
	.byte 0x14, 0x0C, 0x3F, 0xF1, 0x3C, 0x0C, 0x3B, 0xF1, 0x14, 0x0C, 0x3B, 0xF1, 0x3C, 0x0C, 0x3B, 0xF1
	.byte 0x14, 0x0C, 0x3B, 0xF1, 0x3C, 0x0C, 0x38, 0xF1, 0x14, 0x0C, 0x38, 0xF1, 0x3C, 0x0C, 0x3B, 0xF1
	.byte 0x14, 0x0C, 0x3B, 0xF1, 0x3C, 0x0C, 0x38, 0x0C, 0x3A, 0xF1, 0x14, 0x0C, 0x3A, 0xF1, 0x3C, 0x0C
	.byte 0x3A, 0xF1, 0x14, 0x0C, 0x3A, 0xF1, 0x3C, 0x0C, 0x3A, 0x0C, 0x3D, 0xF1, 0x14, 0x0C, 0x3D, 0xF1
	.byte 0x3C, 0x0C, 0x3A, 0xF1, 0x14, 0x0C, 0x3A, 0xF1, 0x3C, 0x0C, 0x3B, 0xF1, 0x14, 0x0C, 0x3B, 0xF1
	.byte 0x3C, 0x0C, 0x36, 0xF1, 0x14, 0x0C, 0x36, 0xF1, 0x3C, 0x0C, 0x3B, 0xF1, 0x14, 0x0C, 0x3B, 0xF1
	.byte 0x3C, 0x0C, 0x36, 0x0C, 0x3D, 0xF1, 0x14, 0x0C, 0x3D, 0xF1, 0x3C, 0x0C, 0x3D, 0xF1, 0x14, 0x0C
	.byte 0x3D, 0xF1, 0x3C, 0x0C, 0x34, 0x0C, 0x3D, 0xF1, 0x14, 0x0C, 0x3D, 0xF1, 0x3C, 0x0C, 0x34, 0xF1
	.byte 0x14, 0x0C, 0x34, 0xF1, 0x3C, 0x0C, 0x3B, 0xF1, 0x14, 0x0C, 0x3B, 0xF1, 0x3C, 0x0C, 0x36, 0xF1
	.byte 0x14, 0x0C, 0x36, 0xF1, 0x3C, 0x0C, 0x3B, 0xF1, 0x14, 0x0C, 0x3B, 0xF1, 0x3C, 0x0C, 0x36, 0x0C
	.byte 0x39, 0xF1, 0x14, 0x0C, 0x39, 0xF1, 0x3C, 0x0C, 0x39, 0xF1, 0x14, 0x0C, 0x39, 0xF1, 0x3C, 0x0C
	.byte 0x39, 0x0C, 0x3D, 0xF1, 0x14, 0x0C, 0x3D, 0xF1, 0x3C, 0x0C, 0x40, 0xF1, 0x14, 0x0C, 0x40, 0xF1
	.byte 0x3C, 0x0C, 0x3B, 0xF1, 0x14, 0x0C, 0x3B, 0xF1, 0x3C, 0x0C, 0x36, 0xF1, 0x14, 0x0C, 0x36, 0xF1
	.byte 0x3C, 0x0C, 0x3B, 0xF1, 0x14, 0x0C, 0x3B, 0xF1, 0x3C, 0x0C, 0x36, 0x0C, 0x3D, 0xF1, 0x14, 0x0C
	.byte 0x3D, 0xF1, 0x3C, 0x0C, 0x3D, 0xF1, 0x14, 0x0C, 0x3D, 0xF1, 0x3C, 0x0C, 0x34, 0x0C, 0x3D, 0xF1
	.byte 0x14, 0x0C, 0x3D, 0xF1, 0x3C, 0x0C, 0x34, 0xF1, 0x14, 0x0C, 0x34, 0xF1, 0x28, 0x0C, 0x3D, 0xF1
	.byte 0x0A, 0x0C, 0x3D, 0xF1, 0x28, 0x0C, 0x3D, 0xF1, 0x0A, 0x0C, 0x3D, 0xF1, 0x28, 0x0C, 0x3D, 0x0C
	.byte 0x36, 0xF1, 0x0A, 0x0C, 0x36, 0xF1, 0x28, 0x0C, 0x36, 0xF1, 0x0A, 0x0C, 0x36, 0xF1, 0x28, 0xF6
	.byte 0x18, 0x0C, 0x36, 0x0C, 0x3D, 0xF1, 0x0A, 0x0C, 0x3D, 0xF6, 0x17, 0xF8, 0xE3, 0xFA, 0xFF, 0xF9
	.byte 0x84, 0xF9, 0x84, 0xF6, 0x01, 0xF0, 0xC0, 0xF2, 0x28, 0xF1, 0x28, 0x0C, 0x3F, 0xF1, 0x0A, 0x0C
	.byte 0x3F, 0xF1, 0x28, 0x0C, 0x3B, 0xF1, 0x0A, 0x0C, 0x3B, 0xF1, 0x28, 0x0C, 0x3F, 0xF1, 0x0A, 0x0C
	.byte 0x3F, 0xF1, 0x28, 0x0C, 0x3B, 0x0C, 0x40, 0xF1, 0x0A, 0x0C, 0x40, 0xF1, 0x28, 0x0C, 0x40, 0xF1
	.byte 0x0A, 0x0C, 0x40, 0xF1, 0x28, 0x0C, 0x39, 0x0C, 0x40, 0xF1, 0x0A, 0x0C, 0x40, 0xF1, 0x28, 0x0C
	.byte 0x39, 0xF1, 0x0A, 0x0C, 0x39, 0xF1, 0x28, 0x0C, 0x3F, 0xF1, 0x0A, 0x0C, 0x3F, 0xF1, 0x28, 0x0C
	.byte 0x3B, 0xF1, 0x0A, 0x0C, 0x3B, 0xF1, 0x28, 0x0C, 0x3F, 0xF1, 0x0A, 0x0C, 0x3F, 0xF1, 0x28, 0x0C
	.byte 0x3B, 0x0C, 0x3D, 0xF1, 0x0A, 0x0C, 0x3D, 0xF1, 0x28, 0x0C, 0x3D, 0xF1, 0x0A, 0x0C, 0x3D, 0xF1
	.byte 0x28, 0x0C, 0x3D, 0x0C, 0x40, 0xF1, 0x0A, 0x0C, 0x40, 0xF1, 0x28, 0x0C, 0x45, 0xF1, 0x0A, 0x0C
	.byte 0x45, 0xF1, 0x28, 0x0C, 0x3F, 0xF1, 0x0A, 0x0C, 0x3F, 0xF1, 0x28, 0x0C, 0x3B, 0xF1, 0x0A, 0x0C
	.byte 0x3B, 0xF1, 0x28, 0x0C, 0x3F, 0xF1, 0x0A, 0x0C, 0x3F, 0xF1, 0x28, 0x0C, 0x3B, 0x0C, 0x40, 0xF1
	.byte 0x0A, 0x0C, 0x40, 0xF1, 0x28, 0x0C, 0x40, 0xF1, 0x0A, 0x0C, 0x40, 0xF1, 0x28, 0x0C, 0x39, 0x0C
	.byte 0x40, 0xF1, 0x0A, 0x0C, 0x40, 0xF1, 0x28, 0x0C, 0x39, 0xF1, 0x0A, 0x0C, 0x39, 0xF1, 0x28, 0x0C
	.byte 0x42, 0xF1, 0x0A, 0x0C, 0x42, 0xF1, 0x28, 0x0C, 0x41, 0xF1, 0x0A, 0x0C, 0x41, 0xF1, 0x28, 0x0C
	.byte 0x40, 0x0C, 0x3F, 0xF1, 0x0A, 0x0C, 0x3F, 0xF1, 0x28, 0x0C, 0x3D, 0xF1, 0x0A, 0x0C, 0x3D, 0xF1
	.byte 0x28, 0xF6, 0x18, 0x0C, 0x3D, 0x0C, 0x42, 0xF1, 0x0A, 0x0C, 0x42, 0xF6, 0x17, 0xF6, 0x01, 0xF1
	.byte 0x28, 0x0C, 0x3F, 0xF1, 0x0A, 0x0C, 0x3F, 0xF1, 0x28, 0x0C, 0x3B, 0xF1, 0x0A, 0x0C, 0x3B, 0xF1
	.byte 0x28, 0x0C, 0x3F, 0xF1, 0x0A, 0x0C, 0x3F, 0xF1, 0x28, 0x0C, 0x3B, 0x0C, 0x40, 0xF1, 0x0A, 0x0C
	.byte 0x40, 0xF1, 0x28, 0x0C, 0x40, 0xF1, 0x0A, 0x0C, 0x40, 0xF1, 0x28, 0x0C, 0x39, 0x0C, 0x40, 0xF1
	.byte 0x0A, 0x0C, 0x40, 0xF1, 0x28, 0x0C, 0x39, 0xF1, 0x0A, 0x0C, 0x39, 0xF1, 0x28, 0x0C, 0x3F, 0xF1
	.byte 0x0A, 0x0C, 0x3F, 0xF1, 0x28, 0x0C, 0x3B, 0xF1, 0x0A, 0x0C, 0x3B, 0xF1, 0x28, 0x0C, 0x3F, 0xF1
	.byte 0x0A, 0x0C, 0x3F, 0xF1, 0x28, 0x0C, 0x3B, 0x0C, 0x3D, 0xF1, 0x0A, 0x0C, 0x3D, 0xF1, 0x28, 0x0C
	.byte 0x3D, 0xF1, 0x0A, 0x0C, 0x3D, 0xF1, 0x28, 0x0C, 0x3D, 0x0C, 0x40, 0xF1, 0x0A, 0x0C, 0x40, 0xF1
	.byte 0x28, 0x0C, 0x45, 0xF1, 0x0A, 0x0C, 0x45, 0xF1, 0x28, 0x0C, 0x3F, 0xF1, 0x0A, 0x0C, 0x3F, 0xF1
	.byte 0x28, 0x0C, 0x3B, 0xF1, 0x0A, 0x0C, 0x3B, 0xF1, 0x28, 0x0C, 0x3F, 0xF1, 0x0A, 0x0C, 0x3F, 0xF1
	.byte 0x28, 0x0C, 0x3B, 0x0C, 0x40, 0xF1, 0x0A, 0x0C, 0x40, 0xF1, 0x28, 0x0C, 0x40, 0xF1, 0x0A, 0x0C
	.byte 0x40, 0xF1, 0x28, 0x0C, 0x39, 0x0C, 0x40, 0xF1, 0x0A, 0x0C, 0x40, 0xF1, 0x28, 0x0C, 0x39, 0xF1
	.byte 0x0A, 0x0C, 0x39, 0xF1, 0x28, 0x0C, 0x3F, 0xF1, 0x0A, 0x0C, 0x3F, 0xF1, 0x28, 0x0C, 0x3B, 0xF1
	.byte 0x0A, 0x0C, 0x3B, 0xF1, 0x28, 0x0C, 0x3F, 0xF1, 0x0A, 0x0C, 0x3F, 0xF1, 0x28, 0x0C, 0x3B, 0x0C
	.byte 0x3D, 0xF1, 0x0A, 0x0C, 0x3D, 0xF1, 0x28, 0x0C, 0x3D, 0xF1, 0x0A, 0x0C, 0x3D, 0xF1, 0x28, 0x0C
	.byte 0x3D, 0x0C, 0x40, 0xF1, 0x0A, 0x0C, 0x40, 0xF1, 0x28, 0x0C, 0x45, 0xF1, 0x0A, 0x0C, 0x45, 0xF1
	.byte 0x28, 0x0C, 0x3F, 0xF1, 0x0A, 0x0C, 0x3F, 0xF1, 0x28, 0x0C, 0x3B, 0xF1, 0x0A, 0x0C, 0x3B, 0xF1
	.byte 0x28, 0x0C, 0x3F, 0xF1, 0x0A, 0x0C, 0x3F, 0xF1, 0x28, 0x0C, 0x3B, 0x0C, 0x40, 0xF1, 0x0A, 0x0C
	.byte 0x40, 0xF1, 0x28, 0x0C, 0x40, 0xF1, 0x0A, 0x0C, 0x40, 0xF1, 0x28, 0x0C, 0x39, 0x0C, 0x40, 0xF1
	.byte 0x0A, 0x0C, 0x40, 0xF1, 0x28, 0x0C, 0x39, 0xF1, 0x0A, 0x0C, 0x39, 0xF1, 0x28, 0x0C, 0x3F, 0xF1
	.byte 0x0A, 0x0C, 0x3F, 0xF1, 0x28, 0x0C, 0x3B, 0xF1, 0x0A, 0x0C, 0x3B, 0xF1, 0x28, 0x0C, 0x3F, 0xF1
	.byte 0x0A, 0x0C, 0x3F, 0xF1, 0x28, 0x0C, 0x3B, 0x0C, 0x3D, 0xF1, 0x0A, 0x0C, 0x3D, 0xF1, 0x28, 0x0C
	.byte 0x3D, 0xF1, 0x0A, 0x0C, 0x3D, 0xF1, 0x28, 0x0C, 0x3D, 0x0C, 0x40, 0xF1, 0x0A, 0x0C, 0x40, 0xF1
	.byte 0x28, 0x0C, 0x45, 0xF1, 0x0A, 0x0C, 0x45, 0xF1, 0x28, 0x0C, 0x3F, 0xF1, 0x0A, 0x0C, 0x3F, 0xF1
	.byte 0x28, 0x0C, 0x3B, 0xF1, 0x0A, 0x0C, 0x3B, 0xF1, 0x28, 0x0C, 0x3F, 0xF1, 0x0A, 0x0C, 0x3F, 0xF1
	.byte 0x28, 0x0C, 0x3B, 0x0C, 0x40, 0xF1, 0x0A, 0x0C, 0x40, 0xF1, 0x28, 0x0C, 0x40, 0xF1, 0x0A, 0x0C
	.byte 0x40, 0xF1, 0x28, 0x0C, 0x39, 0x0C, 0x40, 0xF1, 0x0A, 0x0C, 0x40, 0xF1, 0x28, 0x0C, 0x39, 0xF1
	.byte 0x0A, 0x0C, 0x39, 0xF1, 0x28, 0x0C, 0x3F, 0xF1, 0x0A, 0x0C, 0x3F, 0xF1, 0x28, 0x0C, 0x3B, 0xF1
	.byte 0x0A, 0x0C, 0x3B, 0xF1, 0x28, 0x0C, 0x3F, 0xF1, 0x0A, 0x0C, 0x3F, 0xF1, 0x28, 0x0C, 0x3B, 0x0C
	.byte 0x3D, 0xF1, 0x0A, 0x0C, 0x3D, 0xF1, 0x28, 0x0C, 0x3D, 0xF1, 0x0A, 0x0C, 0x3D, 0xF1, 0x28, 0x0C
	.byte 0x3D, 0x0C, 0x40, 0xF1, 0x0A, 0x0C, 0x40, 0xF1, 0x28, 0x0C, 0x45, 0xF1, 0x0A, 0x0C, 0x45, 0xF1
	.byte 0x28, 0x0C, 0x40, 0xF1, 0x0A, 0x0C, 0x40, 0xF1, 0x28, 0x0C, 0x3B, 0xF1, 0x0A, 0x0C, 0x3B, 0xF1
	.byte 0x28, 0x0C, 0x40, 0xF1, 0x0A, 0x0C, 0x40, 0xF1, 0x28, 0x0C, 0x3B, 0x0C, 0x3D, 0xF1, 0x0A, 0x0C
	.byte 0x3D, 0xF1, 0x28, 0x0C, 0x3D, 0xF1, 0x0A, 0x0C, 0x3D, 0xF1, 0x28, 0x0C, 0x3A, 0x0C, 0x3D, 0xF1
	.byte 0x0A, 0x0C, 0x3D, 0xF1, 0x28, 0x0C, 0x3A, 0xF1, 0x0A, 0x0C, 0x3A, 0xF1, 0x28, 0x0C, 0x3E, 0xF1
	.byte 0x0A, 0x0C, 0x3E, 0xF1, 0x28, 0x0C, 0x3B, 0xF1, 0x0A, 0x0C, 0x3B, 0xF1, 0x28, 0x0C, 0x3E, 0xF1
	.byte 0x0A, 0x0C, 0x3E, 0xF1, 0x28, 0x0C, 0x3B, 0x0C, 0x3D, 0xF1, 0x0A, 0x0C, 0x3D, 0xF1, 0x28, 0x0C
	.byte 0x3D, 0xF1, 0x0A, 0x0C, 0x3D, 0xF1, 0x28, 0x0C, 0x3D, 0x0C, 0x40, 0xF1, 0x0A, 0x0C, 0x40, 0xF1
	.byte 0x28, 0x0C, 0x40, 0x0C, 0x45, 0x0C, 0x3F, 0xF1, 0x0A, 0x0C, 0x3F, 0xF1, 0x28, 0x0C, 0x3B, 0xF1
	.byte 0x0A, 0x0C, 0x3B, 0xF1, 0x28, 0x0C, 0x3F, 0xF1, 0x0A, 0x0C, 0x3F, 0xF1, 0x28, 0x0C, 0x3B, 0x0C
	.byte 0x42, 0xF1, 0x0A, 0x0C, 0x42, 0xF1, 0x28, 0x0C, 0x42, 0xF1, 0x0A, 0x0C, 0x42, 0xF1, 0x28, 0x0C
	.byte 0x3F, 0x0C, 0x42, 0xF1, 0x0A, 0x0C, 0x42, 0xF1, 0x28, 0x0C, 0x3F, 0xF1, 0x0A, 0x0C, 0x3F, 0xF1
	.byte 0x28, 0x0C, 0x40, 0xF1, 0x0A, 0x0C, 0x40, 0xF1, 0x28, 0x0C, 0x3B, 0xF1, 0x0A, 0x0C, 0x3B, 0xF1
	.byte 0x28, 0x0C, 0x40, 0xF1, 0x0A, 0x0C, 0x40, 0xF1, 0x28, 0x0C, 0x3B, 0x0C, 0x3D, 0xF1, 0x0A, 0x0C
	.byte 0x3D, 0xF1, 0x28, 0x0C, 0x3D, 0xF1, 0x0A, 0x0C, 0x3D, 0xF1, 0x28, 0x0C, 0x3D, 0x0C, 0x42, 0xF1
	.byte 0x0A, 0x0C, 0x42, 0xF1, 0x28, 0x0C, 0x3D, 0xF1, 0x0A, 0x0C, 0x3D, 0xF1, 0x28, 0x0C, 0x3F, 0xF1
	.byte 0x0A, 0x0C, 0x3F, 0xF1, 0x28, 0x0C, 0x3B, 0xF1, 0x0A, 0x0C, 0x3B, 0xF1, 0x28, 0x0C, 0x3F, 0xF1
	.byte 0x0A, 0x0C, 0x3F, 0xF1, 0x28, 0x0C, 0x3B, 0x0C, 0x42, 0xF1, 0x0A, 0x0C, 0x42, 0xF1, 0x28, 0x0C
	.byte 0x42, 0xF1, 0x0A, 0x0C, 0x42, 0xF1, 0x28, 0x0C, 0x3F, 0x0C, 0x42, 0xF1, 0x0A, 0x0C, 0x42, 0xF1
	.byte 0x28, 0x0C, 0x3F, 0xF1, 0x0A, 0x0C, 0x3F, 0xF1, 0x28, 0x0C, 0x40, 0xF1, 0x0A, 0x0C, 0x40, 0xF1
	.byte 0x28, 0x0C, 0x3B, 0xF1, 0x0A, 0x0C, 0x3B, 0xF1, 0x28, 0x0C, 0x40, 0xF1, 0x0A, 0x0C, 0x40, 0xF1
	.byte 0x28, 0x0C, 0x3B, 0x0C, 0x3D, 0xF1, 0x0A, 0x0C, 0x3D, 0xF1, 0x28, 0x0C, 0x3D, 0xF1, 0x0A, 0x0C
	.byte 0x3D, 0xF1, 0x28, 0x0C, 0x3D, 0x0C, 0x42, 0xF1, 0x0A, 0x0C, 0x42, 0xF1, 0x28, 0x0C, 0x3D, 0xF1
	.byte 0x0A, 0x0C, 0x3D, 0xF1, 0x28, 0x0C, 0x3F, 0xF1, 0x0A, 0x0C, 0x3F, 0xF1, 0x28, 0x0C, 0x3B, 0xF1
	.byte 0x0A, 0x0C, 0x3B, 0xF1, 0x28, 0x0C, 0x3F, 0xF1, 0x0A, 0x0C, 0x3F, 0xF1, 0x28, 0x0C, 0x3B, 0x0C
	.byte 0x42, 0xF1, 0x0A, 0x0C, 0x42, 0xF1, 0x28, 0x0C, 0x42, 0xF1, 0x0A, 0x0C, 0x42, 0xF1, 0x28, 0x0C
	.byte 0x3F, 0x0C, 0x42, 0xF1, 0x0A, 0x0C, 0x42, 0xF1, 0x28, 0x0C, 0x3F, 0xF1, 0x0A, 0x0C, 0x3F, 0xF1
	.byte 0x28, 0x0C, 0x40, 0xF1, 0x0A, 0x0C, 0x40, 0xF1, 0x28, 0x0C, 0x3B, 0xF1, 0x0A, 0x0C, 0x3B, 0xF1
	.byte 0x28, 0x0C, 0x40, 0xF1, 0x0A, 0x0C, 0x40, 0xF1, 0x28, 0x0C, 0x3B, 0x0C, 0x3D, 0xF1, 0x0A, 0x0C
	.byte 0x3D, 0xF1, 0x28, 0x0C, 0x3D, 0xF1, 0x0A, 0x0C, 0x3D, 0xF1, 0x28, 0x0C, 0x3D, 0x0C, 0x42, 0xF1
	.byte 0x0A, 0x0C, 0x42, 0xF1, 0x28, 0x0C, 0x3D, 0xF1, 0x0A, 0x0C, 0x3D, 0xF1, 0x28, 0x0C, 0x3F, 0xF1
	.byte 0x0A, 0x0C, 0x3F, 0xF1, 0x28, 0x0C, 0x3B, 0xF1, 0x0A, 0x0C, 0x3B, 0xF1, 0x28, 0x0C, 0x3F, 0xF1
	.byte 0x0A, 0x0C, 0x3F, 0xF1, 0x28, 0x0C, 0x3B, 0x0C, 0x42, 0xF1, 0x0A, 0x0C, 0x42, 0xF1, 0x28, 0x0C
	.byte 0x42, 0xF1, 0x0A, 0x0C, 0x42, 0xF1, 0x28, 0x0C, 0x3F, 0x0C, 0x42, 0xF1, 0x0A, 0x0C, 0x42, 0xF1
	.byte 0x28, 0x0C, 0x3F, 0xF1, 0x0A, 0x0C, 0x3F, 0xF1, 0x28, 0x0C, 0x40, 0xF1, 0x0A, 0x0C, 0x40, 0xF1
	.byte 0x28, 0x0C, 0x3B, 0xF1, 0x0A, 0x0C, 0x3B, 0xF1, 0x28, 0x0C, 0x40, 0xF1, 0x0A, 0x0C, 0x40, 0xF1
	.byte 0x28, 0x0C, 0x3B, 0x0C, 0x3D, 0xF1, 0x0A, 0x0C, 0x3D, 0xF1, 0x28, 0x0C, 0x3D, 0xF1, 0x0A, 0x0C
	.byte 0x3D, 0xF1, 0x28, 0x0C, 0x3D, 0x0C, 0x42, 0xF1, 0x0A, 0x0C, 0x42, 0xF1, 0x28, 0x0C, 0x3D, 0xF1
	.byte 0x0A, 0x0C, 0x3D, 0xF1, 0x28, 0x0C, 0x3F, 0xF1, 0x0A, 0x0C, 0x3F, 0xF1, 0x28, 0x0C, 0x3B, 0xF1
	.byte 0x0A, 0x0C, 0x3B, 0xF1, 0x28, 0x0C, 0x3F, 0xF1, 0x0A, 0x0C, 0x3F, 0xF1, 0x28, 0x0C, 0x3B, 0x0C
	.byte 0x40, 0xF1, 0x0A, 0x0C, 0x40, 0xF1, 0x28, 0x0C, 0x40, 0xF1, 0x0A, 0x0C, 0x40, 0xF1, 0x28, 0x0C
	.byte 0x39, 0x0C, 0x40, 0xF1, 0x0A, 0x0C, 0x40, 0xF1, 0x28, 0x0C, 0x39, 0xF1, 0x0A, 0x0C, 0x39, 0xF1
	.byte 0x28, 0x0C, 0x3F, 0xF1, 0x0A, 0x0C, 0x3F, 0xF1, 0x28, 0x0C, 0x3B, 0xF1, 0x0A, 0x0C, 0x3B, 0xF1
	.byte 0x28, 0x0C, 0x3F, 0xF1, 0x0A, 0x0C, 0x3F, 0xF1, 0x28, 0x0C, 0x3B, 0x0C, 0x3D, 0xF1, 0x0A, 0x0C
	.byte 0x3D, 0xF1, 0x28, 0x0C, 0x3D, 0xF1, 0x0A, 0x0C, 0x3D, 0xF1, 0x28, 0x0C, 0x3D, 0x0C, 0x40, 0xF1
	.byte 0x0A, 0x0C, 0x40, 0xF1, 0x28, 0x0C, 0x45, 0xF1, 0x0A, 0x0C, 0x45, 0xF1, 0x28, 0x0C, 0x3F, 0xF1
	.byte 0x0A, 0x0C, 0x3F, 0xF1, 0x28, 0x0C, 0x3B, 0xF1, 0x0A, 0x0C, 0x3B, 0xF1, 0x28, 0x0C, 0x3F, 0xF1
	.byte 0x0A, 0x0C, 0x3F, 0xF1, 0x28, 0x0C, 0x3B, 0x0C, 0x40, 0xF1, 0x0A, 0x0C, 0x40, 0xF1, 0x28, 0x0C
	.byte 0x40, 0xF1, 0x0A, 0x0C, 0x40, 0xF1, 0x28, 0x0C, 0x39, 0x0C, 0x40, 0xF1, 0x0A, 0x0C, 0x40, 0xF1
	.byte 0x28, 0x0C, 0x39, 0xF1, 0x0A, 0x0C, 0x39, 0xF1, 0x28, 0x0C, 0x42, 0xF1, 0x0A, 0x0C, 0x42, 0xF1
	.byte 0x28, 0x0C, 0x41, 0xF1, 0x0A, 0x0C, 0x41, 0xF1, 0x28, 0x0C, 0x40, 0x0C, 0x3F, 0xF1, 0x0A, 0x0C
	.byte 0x3F, 0xF1, 0x28, 0x0C, 0x3D, 0xF1, 0x0A, 0x0C, 0x3D, 0xF1, 0x28, 0xF6, 0x18, 0x0C, 0x3D, 0x0C
	.byte 0x42, 0xF1, 0x0A, 0x0C, 0x42, 0xF1, 0x28, 0xF6, 0x17, 0xF8, 0xE1, 0xFA, 0xFF, 0x00, 0x00, 0x00
	.byte 0x1C, 0x00, 0x08, 0x00, 0x38, 0x02, 0x92, 0x04, 0xF9, 0x3C, 0xF6, 0x01, 0xF0, 0x0C, 0xF2, 0x8C
	.byte 0xF1, 0x78, 0x0C, 0x3B, 0x0C, 0x3F, 0x0C, 0x3D, 0x0C, 0x3F, 0x0C, 0x3B, 0x0C, 0x3F, 0x0C, 0x3D
	.byte 0x0C, 0x3F, 0x0C, 0x41, 0x0C, 0x3F, 0x0C, 0x3D, 0x0C, 0x3B, 0x0C, 0x39, 0x0C, 0x3B, 0x0C, 0x3D
	.byte 0x0C, 0x3F, 0x0C, 0x43, 0x0C, 0x41, 0x0C, 0x43, 0xF1, 0x3C, 0x0C, 0x43, 0xF1, 0x78, 0x0C, 0x43
	.byte 0x0C, 0x41, 0x0C, 0x43, 0xF1, 0x3C, 0x0C, 0x43, 0xF1, 0x78, 0x0C, 0x43, 0x0C, 0x41, 0x0C, 0x43
	.byte 0x0C, 0x45, 0x0C, 0x43, 0x0C, 0x41, 0x0C, 0x43, 0xF1, 0x3C, 0x0C, 0x43, 0xF1, 0x6E, 0x0C, 0x47
	.byte 0x0C, 0x45, 0x0C, 0x47, 0xF1, 0x3C, 0x0C, 0x47, 0xF1, 0x6E, 0x0C, 0x47, 0x0C, 0x45, 0x0C, 0x47
	.byte 0xF1, 0x3C, 0x0C, 0x47, 0xF1, 0x6E, 0x0C, 0x47, 0x0C, 0x45, 0x0C, 0x47, 0x0C, 0x49, 0x0C, 0x47
	.byte 0x0C, 0x45, 0x0C, 0x47, 0xF1, 0x3C, 0x0C, 0x47, 0xF1, 0x6E, 0x0C, 0x3B, 0x0C, 0x3F, 0x0C, 0x3D
	.byte 0x0C, 0x3F, 0x0C, 0x3B, 0x0C, 0x3F, 0x0C, 0x3D, 0x0C, 0x3F, 0x0C, 0x41, 0x0C, 0x3F, 0x0C, 0x3D
	.byte 0x0C, 0x3B, 0x0C, 0x39, 0x0C, 0x3B, 0x0C, 0x3D, 0x0C, 0x3F, 0xF1, 0x78, 0x0C, 0x43, 0x0C, 0x41
	.byte 0x0C, 0x43, 0xF1, 0x3C, 0x0C, 0x43, 0xF1, 0x78, 0x0C, 0x43, 0x0C, 0x41, 0x0C, 0x43, 0xF1, 0x3C
	.byte 0x0C, 0x43, 0xF1, 0x78, 0x0C, 0x43, 0x0C, 0x41, 0x0C, 0x43, 0x0C, 0x45, 0x0C, 0x43, 0x0C, 0x41
	.byte 0x0C, 0x43, 0xF1, 0x3C, 0x0C, 0x43, 0xF1, 0x6E, 0x0C, 0x47, 0x0C, 0x45, 0x0C, 0x47, 0xF1, 0x3C
	.byte 0x0C, 0x47, 0xF1, 0x6E, 0x0C, 0x47, 0x0C, 0x45, 0x0C, 0x47, 0xF1, 0x3C, 0x0C, 0x47, 0xF1, 0x6E
	.byte 0x0C, 0x47, 0x0C, 0x45, 0x0C, 0x47, 0x0C, 0x49, 0x0C, 0x47, 0x0C, 0x45, 0x0C, 0x47, 0xF1, 0x3C
	.byte 0x0C, 0x47, 0xF1, 0x6E, 0x0C, 0x3B, 0x0C, 0x3F, 0x0C, 0x3D, 0x0C, 0x3F, 0x0C, 0x3B, 0x0C, 0x3F
	.byte 0x0C, 0x3D, 0x0C, 0x3F, 0x0C, 0x41, 0x0C, 0x3F, 0x0C, 0x3D, 0x0C, 0x3B, 0x0C, 0x39, 0x0C, 0x3B
	.byte 0x0C, 0x3D, 0x0C, 0x3F, 0xF1, 0x6E, 0x0C, 0x43, 0x0C, 0x41, 0x0C, 0x43, 0xF1, 0x3C, 0x0C, 0x43
	.byte 0xF1, 0x6E, 0x0C, 0x43, 0x0C, 0x41, 0x0C, 0x43, 0xF1, 0x3C, 0x0C, 0x43, 0xF1, 0x6E, 0x0C, 0x43
	.byte 0x0C, 0x41, 0x0C, 0x43, 0x0C, 0x45, 0x0C, 0x43, 0x0C, 0x41, 0x0C, 0x43, 0xF1, 0x3C, 0x0C, 0x43
	.byte 0xF1, 0x6E, 0x0C, 0x3B, 0x0C, 0x3F, 0x0C, 0x3D, 0x0C, 0x3F, 0x0C, 0x3B, 0x0C, 0x3F, 0x0C, 0x3D
	.byte 0x0C, 0x3F, 0x0C, 0x41, 0x0C, 0x3F, 0x0C, 0x3D, 0x0C, 0x3B, 0x0C, 0x39, 0x0C, 0x3B, 0x0C, 0x3D
	.byte 0x0C, 0x3F, 0x0C, 0x43, 0x0C, 0x41, 0x0C, 0x43, 0xF1, 0x3C, 0x0C, 0x43, 0xF1, 0x6E, 0x0C, 0x43
	.byte 0x0C, 0x41, 0x0C, 0x43, 0xF1, 0x3C, 0x0C, 0x43, 0xF1, 0x6E, 0x0C, 0x43, 0x0C, 0x41, 0x0C, 0x43
	.byte 0x0C, 0x45, 0x0C, 0x43, 0x0C, 0x41, 0x0C, 0x43, 0xF1, 0x3C, 0x0C, 0x43, 0xF1, 0x64, 0x0C, 0x3D
	.byte 0x0C, 0x41, 0x0C, 0x3F, 0x0C, 0x41, 0x0C, 0x3D, 0x0C, 0x41, 0x0C, 0x3F, 0x0C, 0x41, 0x0C, 0x43
	.byte 0x0C, 0x41, 0x0C, 0x3F, 0x0C, 0x3D, 0x0C, 0x3B, 0x0C, 0x3D, 0x0C, 0x3F, 0x0C, 0x41, 0x0C, 0x43
	.byte 0x0C, 0x41, 0x0C, 0x43, 0xF1, 0x3C, 0x0C, 0x43, 0xF1, 0x6E, 0x0C, 0x43, 0x0C, 0x41, 0x0C, 0x43
	.byte 0xF1, 0x3C, 0x0C, 0x43, 0xF1, 0x6E, 0x0C, 0x43, 0x0C, 0x41, 0x0C, 0x43, 0x0C, 0x45, 0x0C, 0x43
	.byte 0x0C, 0x41, 0x0C, 0x43, 0xF1, 0x3C, 0x0C, 0x43, 0xF1, 0x64, 0x0C, 0x3D, 0x0C, 0x41, 0x0C, 0x3F
	.byte 0x0C, 0x41, 0x0C, 0x3D, 0x0C, 0x41, 0x0C, 0x3F, 0x0C, 0x41, 0x0C, 0x43, 0x0C, 0x41, 0x0C, 0x3F
	.byte 0x0C, 0x3D, 0x0C, 0x3B, 0x0C, 0x3D, 0x0C, 0x3F, 0x0C, 0x41, 0x0C, 0x43, 0x0C, 0x41, 0x0C, 0x43
	.byte 0xF1, 0x3C, 0x0C, 0x43, 0xF1, 0x6E, 0x0C, 0x43, 0x0C, 0x41, 0x0C, 0x43, 0xF1, 0x3C, 0x0C, 0x43
	.byte 0xF1, 0x6E, 0x0C, 0x43, 0x0C, 0x41, 0x0C, 0x43, 0x0C, 0x45, 0x0C, 0x43, 0x0C, 0x41, 0x0C, 0x43
	.byte 0xF1, 0x3C, 0x0C, 0x43, 0xF8, 0xD5, 0xFD, 0xFF, 0xF9, 0x3C, 0xF6, 0x01, 0xF6, 0xC0, 0xF0, 0x0C
	.byte 0xF2, 0x50, 0xF1, 0x82, 0x0C, 0x3B, 0xF1, 0x3C, 0x0C, 0x3B, 0xF1, 0x82, 0x0C, 0x3D, 0x0C, 0x3B
	.byte 0x0C, 0x3B, 0xF1, 0x3C, 0x0C, 0x3B, 0xF1, 0x82, 0x0C, 0x3D, 0x0C, 0x3F, 0x0C, 0x3B, 0xF1, 0x3C
	.byte 0x0C, 0x3B, 0xF1, 0x82, 0x0C, 0x3D, 0xF1, 0x3C, 0x0C, 0x3D, 0xF1, 0x82, 0x0C, 0x3B, 0xF1, 0x3C
	.byte 0x0C, 0x3B, 0xF1, 0x82, 0x0C, 0x3D, 0x0C, 0x3F, 0x0C, 0x3B, 0xF1, 0x3C, 0x0C, 0x3B, 0xF1, 0x82
	.byte 0x0C, 0x3D, 0x0C, 0x3B, 0x0C, 0x3B, 0xF1, 0x3C, 0x0C, 0x3B, 0xF1, 0x82, 0x0C, 0x3D, 0x0C, 0x3F
	.byte 0x0C, 0x3B, 0xF1, 0x3C, 0x0C, 0x3B, 0xF1, 0x82, 0x0C, 0x3D, 0xF1, 0x3C, 0x0C, 0x3D, 0xF1, 0x82
	.byte 0x0C, 0x3B, 0xF1, 0x3C, 0x0C, 0x3B, 0xF1, 0x82, 0x0C, 0x3D, 0x0C, 0x3F, 0xF1, 0x6E, 0x0C, 0x3F
	.byte 0x0C, 0x43, 0x0C, 0x41, 0x0C, 0x43, 0x0C, 0x3F, 0x0C, 0x43, 0x0C, 0x41, 0x0C, 0x43, 0x0C, 0x45
	.byte 0x0C, 0x43, 0x0C, 0x41, 0x0C, 0x3F, 0x0C, 0x3D, 0x0C, 0x3F, 0x0C, 0x41, 0x0C, 0x43, 0xF1, 0x82
	.byte 0x0C, 0x3B, 0xF1, 0x3C, 0x0C, 0x3B, 0xF1, 0x82, 0x0C, 0x3D, 0x0C, 0x3B, 0x0C, 0x3B, 0xF1, 0x3C
	.byte 0x0C, 0x3B, 0xF1, 0x82, 0x0C, 0x3D, 0x0C, 0x3F, 0x0C, 0x3B, 0xF1, 0x3C, 0x0C, 0x3B, 0xF1, 0x82
	.byte 0x0C, 0x3D, 0xF1, 0x3C, 0x0C, 0x3D, 0xF1, 0x82, 0x0C, 0x3B, 0xF1, 0x3C, 0x0C, 0x3B, 0xF1, 0x82
	.byte 0x0C, 0x3D, 0x0C, 0x3F, 0x0C, 0x3B, 0xF1, 0x3C, 0x0C, 0x3B, 0xF1, 0x82, 0x0C, 0x3D, 0x0C, 0x3B
	.byte 0x0C, 0x3B, 0xF1, 0x3C, 0x0C, 0x3B, 0xF1, 0x82, 0x0C, 0x3D, 0x0C, 0x3F, 0x0C, 0x3B, 0xF1, 0x3C
	.byte 0x0C, 0x3B, 0xF1, 0x82, 0x0C, 0x3D, 0xF1, 0x3C, 0x0C, 0x3D, 0xF1, 0x82, 0x0C, 0x3B, 0xF1, 0x3C
	.byte 0x0C, 0x3B, 0xF1, 0x82, 0x0C, 0x3D, 0x0C, 0x3F, 0xF1, 0x6E, 0x0C, 0x3F, 0x0C, 0x43, 0x0C, 0x41
	.byte 0x0C, 0x43, 0x0C, 0x3F, 0x0C, 0x43, 0x0C, 0x41, 0x0C, 0x43, 0x0C, 0x45, 0x0C, 0x43, 0x0C, 0x41
	.byte 0x0C, 0x3F, 0x0C, 0x3D, 0x0C, 0x3F, 0x0C, 0x41, 0x0C, 0x43, 0x0C, 0x3B, 0xF1, 0x3C, 0x0C, 0x3B
	.byte 0xF1, 0x6E, 0x0C, 0x3D, 0x0C, 0x3B, 0x0C, 0x3B, 0xF1, 0x3C, 0x0C, 0x3B, 0xF1, 0x6E, 0x0C, 0x3D
	.byte 0x0C, 0x3F, 0x0C, 0x3B, 0xF1, 0x3C, 0x0C, 0x3B, 0xF1, 0x6E, 0x0C, 0x3D, 0xF1, 0x3C, 0x0C, 0x3D
	.byte 0xF1, 0x6E, 0x0C, 0x3B, 0xF1, 0x3C, 0x0C, 0x3B, 0xF1, 0x6E, 0x0C, 0x3D, 0x0C, 0x3F, 0x0C, 0x3F
	.byte 0x0C, 0x43, 0x0C, 0x41, 0x0C, 0x43, 0x0C, 0x3F, 0x0C, 0x43, 0x0C, 0x41, 0x0C, 0x43, 0x0C, 0x45
	.byte 0x0C, 0x43, 0x0C, 0x41, 0x0C, 0x3F, 0x0C, 0x3D, 0x0C, 0x3F, 0x0C, 0x41, 0x0C, 0x43, 0x0C, 0x3B
	.byte 0xF1, 0x3C, 0x0C, 0x3B, 0xF1, 0x6E, 0x0C, 0x3D, 0x0C, 0x3B, 0x0C, 0x3B, 0xF1, 0x3C, 0x0C, 0x3B
	.byte 0xF1, 0x6E, 0x0C, 0x3D, 0x0C, 0x3F, 0x0C, 0x3B, 0xF1, 0x3C, 0x0C, 0x3B, 0xF1, 0x6E, 0x0C, 0x3D
	.byte 0xF1, 0x3C, 0x0C, 0x3D, 0xF1, 0x6E, 0x0C, 0x3B, 0xF1, 0x3C, 0x0C, 0x3B, 0xF1, 0x6E, 0x0C, 0x3D
	.byte 0x0C, 0x3F, 0xF1, 0x64, 0x0C, 0x41, 0x0C, 0x45, 0x0C, 0x43, 0x0C, 0x45, 0x0C, 0x41, 0x0C, 0x45
	.byte 0x0C, 0x43, 0x0C, 0x45, 0x0C, 0x47, 0x0C, 0x45, 0x0C, 0x43, 0x0C, 0x41, 0x0C, 0x3F, 0x0C, 0x41
	.byte 0x0C, 0x43, 0x0C, 0x45, 0x0C, 0x3B, 0xF1, 0x3C, 0x0C, 0x3B, 0xF1, 0x6E, 0x0C, 0x3D, 0x0C, 0x3B
	.byte 0x0C, 0x3B, 0xF1, 0x3C, 0x0C, 0x3B, 0xF1, 0x6E, 0x0C, 0x3D, 0x0C, 0x3F, 0x0C, 0x3B, 0xF1, 0x3C
	.byte 0x0C, 0x3B, 0xF1, 0x6E, 0x0C, 0x3D, 0xF1, 0x3C, 0x0C, 0x3D, 0xF1, 0x6E, 0x0C, 0x3B, 0xF1, 0x3C
	.byte 0x0C, 0x3B, 0xF1, 0x6E, 0x0C, 0x3D, 0x0C, 0x3F, 0xF1, 0x64, 0x0C, 0x41, 0x0C, 0x45, 0x0C, 0x43
	.byte 0x0C, 0x45, 0x0C, 0x41, 0x0C, 0x45, 0x0C, 0x43, 0x0C, 0x45, 0x0C, 0x47, 0x0C, 0x45, 0x0C, 0x43
	.byte 0x0C, 0x41, 0x0C, 0x3F, 0x0C, 0x41, 0x0C, 0x43, 0x0C, 0x45, 0x0C, 0x3B, 0xF1, 0x3C, 0x0C, 0x3B
	.byte 0xF1, 0x6E, 0x0C, 0x3D, 0x0C, 0x3B, 0x0C, 0x3B, 0xF1, 0x3C, 0x0C, 0x3B, 0xF1, 0x6E, 0x0C, 0x3D
	.byte 0x0C, 0x3F, 0x0C, 0x3B, 0xF1, 0x3C, 0x0C, 0x3B, 0xF1, 0x6E, 0x0C, 0x3D, 0xF1, 0x3C, 0x0C, 0x3D
	.byte 0xF1, 0x6E, 0x0C, 0x3B, 0xF1, 0x3C, 0x0C, 0x3B, 0xF1, 0x6E, 0x0C, 0x3D, 0x0C, 0x3F, 0xF8, 0xAB
	.byte 0xFD, 0xFF, 0xF9, 0x3C, 0xF0, 0x0C, 0xF2, 0x78, 0xF1, 0x8C, 0x0C, 0x37, 0xF1, 0x3C, 0x0C, 0x37
	.byte 0xF1, 0x8C, 0x0C, 0x39, 0xF1, 0x3C, 0x0C, 0x39, 0xF1, 0x8C, 0x0C, 0x37, 0xF1, 0x3C, 0x0C, 0x37
	.byte 0xF1, 0x8C, 0x0C, 0x39, 0xF1, 0x3C, 0x0C, 0x39, 0xF1, 0x8C, 0x0C, 0x37, 0xF1, 0x3C, 0x0C, 0x37
	.byte 0xF1, 0x8C, 0x0C, 0x39, 0xF1, 0x3C, 0x0C, 0x39, 0xF1, 0x8C, 0x0C, 0x37, 0xF1, 0x3C, 0x0C, 0x39
	.byte 0xF1, 0x8C, 0x0C, 0x39, 0xF1, 0x3C, 0x0C, 0x39, 0xF1, 0x8C, 0x0C, 0x37, 0xF1, 0x3C, 0x0C, 0x37
	.byte 0xF1, 0x8C, 0x0C, 0x39, 0xF1, 0x3C, 0x0C, 0x39, 0xF1, 0x8C, 0x0C, 0x37, 0xF1, 0x3C, 0x0C, 0x37
	.byte 0xF1, 0x8C, 0x0C, 0x39, 0xF1, 0x3C, 0x0C, 0x39, 0xF1, 0x8C, 0x0C, 0x37, 0xF1, 0x3C, 0x0C, 0x37
	.byte 0xF1, 0x8C, 0x0C, 0x39, 0xF1, 0x3C, 0x0C, 0x39, 0xF1, 0x8C, 0x0C, 0x37, 0xF1, 0x3C, 0x0C, 0x39
	.byte 0xF1, 0x8C, 0x0C, 0x39, 0xF1, 0x3C, 0x0C, 0x39, 0xF1, 0x8C, 0x0C, 0x37, 0xF1, 0x3C, 0x0C, 0x37
	.byte 0xF1, 0x8C, 0x0C, 0x39, 0xF1, 0x3C, 0x0C, 0x39, 0xF1, 0x8C, 0x0C, 0x37, 0xF1, 0x3C, 0x0C, 0x37
	.byte 0xF1, 0x8C, 0x0C, 0x39, 0xF1, 0x3C, 0x0C, 0x39, 0xF1, 0x8C, 0x0C, 0x37, 0xF1, 0x3C, 0x0C, 0x37
	.byte 0xF1, 0x8C, 0x0C, 0x39, 0xF1, 0x3C, 0x0C, 0x39, 0xF1, 0x8C, 0x0C, 0x37, 0xF1, 0x3C, 0x0C, 0x39
	.byte 0xF1, 0x8C, 0x0C, 0x39, 0xF1, 0x3C, 0x0C, 0x39, 0xF1, 0x78, 0x0C, 0x37, 0xF1, 0x3C, 0x0C, 0x37
	.byte 0xF1, 0x78, 0x0C, 0x39, 0xF1, 0x3C, 0x0C, 0x39, 0xF1, 0x78, 0x0C, 0x37, 0xF1, 0x3C, 0x0C, 0x37
	.byte 0xF1, 0x78, 0x0C, 0x39, 0xF1, 0x3C, 0x0C, 0x39, 0xF1, 0x78, 0x0C, 0x37, 0xF1, 0x3C, 0x0C, 0x37
	.byte 0xF1, 0x78, 0x0C, 0x39, 0xF1, 0x3C, 0x0C, 0x39, 0xF1, 0x78, 0x0C, 0x37, 0xF1, 0x3C, 0x0C, 0x39
	.byte 0xF1, 0x78, 0x0C, 0x39, 0xF1, 0x3C, 0x0C, 0x39, 0xF1, 0x8C, 0x0C, 0x37, 0xF1, 0x3C, 0x0C, 0x37
	.byte 0xF1, 0x8C, 0x0C, 0x39, 0xF1, 0x3C, 0x0C, 0x39, 0xF1, 0x8C, 0x0C, 0x37, 0xF1, 0x3C, 0x0C, 0x37
	.byte 0xF1, 0x8C, 0x0C, 0x39, 0xF1, 0x3C, 0x0C, 0x39, 0xF1, 0x8C, 0x0C, 0x37, 0xF1, 0x3C, 0x0C, 0x37
	.byte 0xF1, 0x8C, 0x0C, 0x39, 0xF1, 0x3C, 0x0C, 0x39, 0xF1, 0x8C, 0x0C, 0x37, 0xF1, 0x3C, 0x0C, 0x39
	.byte 0xF1, 0x8C, 0x0C, 0x39, 0xF1, 0x3C, 0x0C, 0x39, 0xF1, 0x8C, 0x0C, 0x37, 0xF1, 0x3C, 0x0C, 0x37
	.byte 0xF1, 0x8C, 0x0C, 0x39, 0xF1, 0x3C, 0x0C, 0x39, 0xF1, 0x8C, 0x0C, 0x37, 0xF1, 0x3C, 0x0C, 0x37
	.byte 0xF1, 0x8C, 0x0C, 0x39, 0xF1, 0x3C, 0x0C, 0x39, 0xF1, 0x8C, 0x0C, 0x37, 0xF1, 0x3C, 0x0C, 0x37
	.byte 0xF1, 0x8C, 0x0C, 0x39, 0xF1, 0x3C, 0x0C, 0x39, 0xF1, 0x8C, 0x0C, 0x37, 0xF1, 0x3C, 0x0C, 0x39
	.byte 0xF1, 0x8C, 0x0C, 0x39, 0xF1, 0x3C, 0x0C, 0x39, 0xF1, 0x6E, 0x0C, 0x37, 0xF1, 0x3C, 0x0C, 0x37
	.byte 0xF1, 0x6E, 0x0C, 0x39, 0xF1, 0x3C, 0x0C, 0x39, 0xF1, 0x6E, 0x0C, 0x37, 0xF1, 0x3C, 0x0C, 0x37
	.byte 0xF1, 0x6E, 0x0C, 0x39, 0xF1, 0x3C, 0x0C, 0x39, 0xF1, 0x6E, 0x0C, 0x37, 0xF1, 0x3C, 0x0C, 0x37
	.byte 0xF1, 0x6E, 0x0C, 0x39, 0xF1, 0x3C, 0x0C, 0x39, 0xF1, 0x6E, 0x0C, 0x37, 0xF1, 0x3C, 0x0C, 0x39
	.byte 0xF1, 0x6E, 0x0C, 0x39, 0xF1, 0x3C, 0x0C, 0x39, 0xF1, 0x6E, 0x0C, 0x37, 0xF1, 0x3C, 0x0C, 0x37
	.byte 0xF1, 0x6E, 0x0C, 0x39, 0xF1, 0x3C, 0x0C, 0x39, 0xF1, 0x6E, 0x0C, 0x37, 0xF1, 0x3C, 0x0C, 0x37
	.byte 0xF1, 0x6E, 0x0C, 0x39, 0xF1, 0x3C, 0x0C, 0x39, 0xF1, 0x6E, 0x0C, 0x37, 0xF1, 0x3C, 0x0C, 0x37
	.byte 0xF1, 0x6E, 0x0C, 0x39, 0xF1, 0x3C, 0x0C, 0x39, 0xF1, 0x6E, 0x0C, 0x37, 0xF1, 0x3C, 0x0C, 0x39
	.byte 0xF1, 0x6E, 0x0C, 0x39, 0xF1, 0x3C, 0x0C, 0x39, 0xF1, 0x6E, 0x0C, 0x37, 0xF1, 0x3C, 0x0C, 0x37
	.byte 0xF1, 0x6E, 0x0C, 0x39, 0xF1, 0x3C, 0x0C, 0x39, 0xF1, 0x6E, 0x0C, 0x37, 0xF1, 0x3C, 0x0C, 0x37
	.byte 0xF1, 0x6E, 0x0C, 0x39, 0xF1, 0x3C, 0x0C, 0x39, 0xF1, 0x6E, 0x0C, 0x37, 0xF1, 0x3C, 0x0C, 0x37
	.byte 0xF1, 0x6E, 0x0C, 0x39, 0xF1, 0x3C, 0x0C, 0x39, 0xF1, 0x6E, 0x0C, 0x37, 0xF1, 0x3C, 0x0C, 0x39
	.byte 0xF1, 0x6E, 0x0C, 0x39, 0xF1, 0x3C, 0x0C, 0x39, 0xF1, 0x6E, 0x0C, 0x37, 0xF1, 0x3C, 0x0C, 0x37
	.byte 0xF1, 0x6E, 0x0C, 0x39, 0xF1, 0x3C, 0x0C, 0x39, 0xF1, 0x6E, 0x0C, 0x37, 0xF1, 0x3C, 0x0C, 0x37
	.byte 0xF1, 0x6E, 0x0C, 0x39, 0xF1, 0x3C, 0x0C, 0x39, 0xF1, 0x6E, 0x0C, 0x37, 0xF1, 0x3C, 0x0C, 0x37
	.byte 0xF1, 0x6E, 0x0C, 0x39, 0xF1, 0x3C, 0x0C, 0x39, 0xF1, 0x6E, 0x0C, 0x37, 0xF1, 0x3C, 0x0C, 0x39
	.byte 0xF1, 0x6E, 0x0C, 0x39, 0xF1, 0x3C, 0x0C, 0x39, 0xF1, 0x64, 0x0C, 0x39, 0xF1, 0x3C, 0x0C, 0x39
	.byte 0xF1, 0x64, 0x0C, 0x3B, 0xF1, 0x3C, 0x0C, 0x3B, 0xF1, 0x64, 0x0C, 0x39, 0xF1, 0x3C, 0x0C, 0x39
	.byte 0xF1, 0x64, 0x0C, 0x3B, 0xF1, 0x3C, 0x0C, 0x3B, 0xF1, 0x64, 0x0C, 0x39, 0xF1, 0x3C, 0x0C, 0x39
	.byte 0xF1, 0x64, 0x0C, 0x3B, 0xF1, 0x3C, 0x0C, 0x3B, 0xF1, 0x64, 0x0C, 0x39, 0xF1, 0x3C, 0x0C, 0x39
	.byte 0xF1, 0x64, 0x0C, 0x3B, 0xF1, 0x3C, 0x0C, 0x3B, 0xF1, 0x6E, 0x0C, 0x37, 0xF1, 0x3C, 0x0C, 0x37
	.byte 0xF1, 0x6E, 0x0C, 0x39, 0xF1, 0x3C, 0x0C, 0x39, 0xF1, 0x6E, 0x0C, 0x37, 0xF1, 0x3C, 0x0C, 0x37
	.byte 0xF1, 0x6E, 0x0C, 0x39, 0xF1, 0x3C, 0x0C, 0x39, 0xF1, 0x6E, 0x0C, 0x37, 0xF1, 0x3C, 0x0C, 0x37
	.byte 0xF1, 0x6E, 0x0C, 0x39, 0xF1, 0x3C, 0x0C, 0x39, 0xF1, 0x6E, 0x0C, 0x37, 0xF1, 0x3C, 0x0C, 0x39
	.byte 0xF1, 0x6E, 0x0C, 0x39, 0xF1, 0x3C, 0x0C, 0x39, 0xF1, 0x6E, 0x0C, 0x39, 0xF1, 0x3C, 0x0C, 0x39
	.byte 0xF1, 0x6E, 0x0C, 0x3B, 0xF1, 0x3C, 0x0C, 0x3B, 0xF1, 0x6E, 0x0C, 0x39, 0xF1, 0x3C, 0x0C, 0x39
	.byte 0xF1, 0x6E, 0x0C, 0x3B, 0xF1, 0x3C, 0x0C, 0x3B, 0xF1, 0x6E, 0x0C, 0x39, 0xF1, 0x3C, 0x0C, 0x39
	.byte 0xF1, 0x6E, 0x0C, 0x3B, 0xF1, 0x3C, 0x0C, 0x3B, 0xF1, 0x6E, 0x0C, 0x39, 0xF1, 0x3C, 0x0C, 0x39
	.byte 0xF1, 0x6E, 0x0C, 0x3B, 0xF1, 0x3C, 0x0C, 0x3B, 0xF1, 0x6E, 0x0C, 0x37, 0xF1, 0x3C, 0x0C, 0x37
	.byte 0xF1, 0x6E, 0x0C, 0x39, 0xF1, 0x3C, 0x0C, 0x39, 0xF1, 0x6E, 0x0C, 0x37, 0xF1, 0x3C, 0x0C, 0x37
	.byte 0xF1, 0x6E, 0x0C, 0x39, 0xF1, 0x3C, 0x0C, 0x39, 0xF1, 0x6E, 0x0C, 0x37, 0xF1, 0x3C, 0x0C, 0x37
	.byte 0xF1, 0x6E, 0x0C, 0x39, 0xF1, 0x3C, 0x0C, 0x39, 0xF1, 0x6E, 0x0C, 0x37, 0xF1, 0x3C, 0x0C, 0x39
	.byte 0xF1, 0x6E, 0x0C, 0x39, 0xF1, 0x3C, 0x0C, 0x39, 0xF8, 0x79, 0xFC, 0xFF, 0xF9, 0x58, 0xF0, 0x17
	.byte 0xF1, 0x78, 0x00, 0xB7, 0xC0, 0x00, 0xB7, 0xC0, 0x00, 0xB7, 0xC0, 0x00, 0xB7, 0xC0, 0x00, 0xB7
	.byte 0xC0, 0xC0, 0x37, 0x00, 0xB7, 0xC0, 0x00, 0xB7, 0xC0, 0x00, 0xB7, 0xC0, 0xC0, 0x37, 0xC0, 0x39
	.byte 0xC0, 0x37, 0xC0, 0x39, 0xC0, 0x37, 0xF8, 0xD5, 0xFF, 0xFF, 0xF9, 0x58, 0xF6, 0x01, 0xF6, 0x07
	.byte 0xF0, 0x0C, 0xF2, 0x00, 0xF1, 0x3C, 0x0C, 0x3B, 0x0C, 0x3F, 0x0C, 0x3D, 0x0C, 0x3F, 0x0C, 0x3B
	.byte 0x0C, 0x3F, 0x0C, 0x3D, 0x0C, 0x3F, 0x0C, 0x41, 0x0C, 0x3F, 0x0C, 0x3D, 0x0C, 0x3B, 0x0C, 0x39
	.byte 0x0C, 0x3B, 0x0C, 0x3D, 0x0C, 0x3F, 0x0C, 0x43, 0x0C, 0x41, 0x0C, 0x43, 0xF1, 0x1E, 0x0C, 0x43
	.byte 0xF1, 0x3C, 0x0C, 0x43, 0x0C, 0x41, 0x0C, 0x43, 0xF1, 0x1E, 0x0C, 0x43, 0xF1, 0x3C, 0x0C, 0x43
	.byte 0x0C, 0x41, 0x0C, 0x43, 0x0C, 0x45, 0x0C, 0x43, 0x0C, 0x41, 0x11, 0x43, 0xF0, 0x49, 0xF2, 0xB4
	.byte 0xF1, 0x78, 0x01, 0x4E, 0x07, 0x4F, 0xF1, 0x3C, 0x04, 0x4F, 0xF1, 0x78, 0x01, 0x4E, 0x07, 0x4F
	.byte 0xF1, 0x3C, 0x04, 0x4F, 0xF1, 0x78, 0xF6, 0x18, 0x01, 0x4E, 0x07, 0x4F, 0xF1, 0x3C, 0x04, 0x4F
	.byte 0xF1, 0x78, 0x01, 0x4E, 0x07, 0x4F, 0xF1, 0x3C, 0x04, 0x4F, 0xF1, 0x78, 0xF6, 0x18, 0x01, 0x4E
	.byte 0x07, 0x4F, 0xF1, 0x3C, 0x04, 0x4F, 0xF1, 0x78, 0x01, 0x4E, 0x07, 0x4F, 0xF1, 0x3C, 0x04, 0x4F
	.byte 0xF1, 0x78, 0x04, 0x4D, 0xF1, 0x3C, 0x04, 0x4D, 0xF1, 0x78, 0xF6, 0x10, 0x01, 0x4E, 0x07, 0x4F
	.byte 0xF1, 0x3C, 0x04, 0x4F, 0xF1, 0x78, 0xF6, 0x24, 0xF0, 0x0C, 0xF2, 0x00, 0xF1, 0x3C, 0x0C, 0x3B
	.byte 0x0C, 0x3F, 0x0C, 0x3D, 0x0C, 0x3F, 0x0C, 0x3B, 0x0C, 0x3F, 0x0C, 0x3D, 0x0C, 0x3F, 0x0C, 0x41
	.byte 0x0C, 0x3F, 0x0C, 0x3D, 0x0C, 0x3B, 0x0C, 0x39, 0x0C, 0x3B, 0x0C, 0x3D, 0x0C, 0x3F, 0xF0, 0x01
	.byte 0xF2, 0xA0, 0xF1, 0xC8, 0x08, 0x2B, 0xF1, 0x3C, 0x08, 0x2B, 0xF1, 0xC8, 0xF6, 0x08, 0x08, 0x37
	.byte 0xF1, 0x3C, 0x08, 0x37, 0xF1, 0xC8, 0xF6, 0x08, 0x08, 0x2B, 0xF1, 0x3C, 0x04, 0x2B, 0xF1, 0xC8
	.byte 0x08, 0x2B, 0xF1, 0x3C, 0x04, 0x2B, 0xF1, 0xC8, 0x08, 0x37, 0xF1, 0x3C, 0x08, 0x37, 0xF1, 0xC8
	.byte 0xF6, 0x68, 0xF0, 0x49, 0xF2, 0xB4, 0xF1, 0x78, 0x02, 0x4E, 0x06, 0x4F, 0xF1, 0x3C, 0x04, 0x4F
	.byte 0xF1, 0x78, 0x02, 0x4E, 0x06, 0x4F, 0xF1, 0x3C, 0x04, 0x4F, 0xF1, 0x78, 0xF6, 0x18, 0x02, 0x4E
	.byte 0x06, 0x4F, 0xF1, 0x3C, 0x04, 0x4F, 0xF1, 0x78, 0x02, 0x4E, 0x06, 0x4F, 0xF1, 0x3C, 0x04, 0x4F
	.byte 0xF1, 0x78, 0xF6, 0x18, 0x02, 0x4E, 0x06, 0x4F, 0xF1, 0x3C, 0x04, 0x4F, 0xF1, 0x78, 0x02, 0x4E
	.byte 0x06, 0x4F, 0xF1, 0x3C, 0x04, 0x4F, 0xF1, 0x78, 0x04, 0x4D, 0xF1, 0x3C, 0x04, 0x4D, 0xF1, 0x78
	.byte 0xF6, 0x10, 0x02, 0x4E, 0x06, 0x4F, 0xF1, 0x3C, 0x04, 0x4F, 0xF1, 0x78, 0xF6, 0x24, 0x04, 0x4F
	.byte 0xF1, 0x3C, 0x04, 0x4F, 0xF1, 0x78, 0xF6, 0x10, 0x04, 0x4D, 0xF1, 0x3C, 0x04, 0x4D, 0xF1, 0x78
	.byte 0xF6, 0x04, 0x04, 0x4F, 0xF1, 0x3C, 0x04, 0x4F, 0xF1, 0x78, 0xF6, 0x04, 0x04, 0x4D, 0xF1, 0x3C
	.byte 0x04, 0x4D, 0xF1, 0x78, 0xF6, 0x10, 0x04, 0x4B, 0xF1, 0x3C, 0x04, 0x4B, 0xF1, 0x78, 0xF6, 0x10
	.byte 0x04, 0x49, 0xF1, 0x3C, 0x04, 0x49, 0xF1, 0x78, 0xF6, 0x10, 0x04, 0x4B, 0xF1, 0x3C, 0x04, 0x4B
	.byte 0xF1, 0x78, 0xF6, 0x04, 0x04, 0x4D, 0xF1, 0x3C, 0x04, 0x4D, 0xF1, 0x78, 0xF6, 0x04, 0x04, 0x47
	.byte 0xF1, 0x3C, 0x04, 0x47, 0xF1, 0x78, 0xF6, 0x28, 0x04, 0x43, 0xF1, 0x3C, 0x04, 0x43, 0xF1, 0x78
	.byte 0xF6, 0x04, 0x04, 0x45, 0xF1, 0x3C, 0x04, 0x45, 0xF1, 0x78, 0xF6, 0x04, 0x04, 0x47, 0xF1, 0x3C
	.byte 0x04, 0x47, 0xF1, 0x78, 0xF6, 0x10, 0x04, 0x43, 0xF1, 0x3C, 0x04, 0x43, 0xF1, 0x78, 0xF6, 0x04
	.byte 0x04, 0x45, 0xF1, 0x50, 0x04, 0x45, 0xF1, 0x78, 0xF6, 0x04, 0x04, 0x47, 0xF1, 0x50, 0x04, 0x47
	.byte 0xF1, 0x78, 0xF6, 0x10, 0x04, 0x41, 0xF1, 0x50, 0x04, 0x41, 0xF1, 0x78, 0xF6, 0x10, 0x04, 0x45
	.byte 0xF1, 0x3C, 0x04, 0x45, 0xF1, 0x78, 0xF6, 0x10, 0x04, 0x43, 0xF1, 0x3C, 0x04, 0x43, 0xF1, 0x78
	.byte 0xF6, 0x28, 0x04, 0x4F, 0xF1, 0x3C, 0x04, 0x4F, 0xF1, 0x78, 0xF6, 0x10, 0x04, 0x4D, 0xF1, 0x3C
	.byte 0x04, 0x4D, 0xF1, 0x78, 0xF6, 0x04, 0x04, 0x4F, 0xF1, 0x3C, 0x04, 0x4F, 0xF1, 0x78, 0xF6, 0x04
	.byte 0x04, 0x4D, 0xF1, 0x3C, 0x04, 0x4D, 0xF1, 0x78, 0xF6, 0x10, 0x04, 0x4B, 0xF1, 0x3C, 0x04, 0x4B
	.byte 0xF1, 0x78, 0xF6, 0x10, 0x04, 0x49, 0xF1, 0x3C, 0x04, 0x49, 0xF1, 0x78, 0xF6, 0x10, 0x04, 0x4B
	.byte 0xF1, 0x3C, 0x04, 0x4B, 0xF1, 0x78, 0xF6, 0x04, 0x04, 0x4D, 0xF1, 0x3C, 0x04, 0x4D, 0xF1, 0x78
	.byte 0xF6, 0x04, 0x04, 0x47, 0xF1, 0x3C, 0x04, 0x47, 0xF1, 0x78, 0xF6, 0x28, 0x04, 0x43, 0xF1, 0x3C
	.byte 0x04, 0x43, 0xF1, 0x78, 0xF6, 0x04, 0x04, 0x45, 0xF1, 0x3C, 0x04, 0x45, 0xF1, 0x78, 0xF6, 0x04
	.byte 0x04, 0x47, 0xF1, 0x3C, 0x04, 0x47, 0xF1, 0x78, 0xF6, 0x10, 0x04, 0x43, 0xF1, 0x3C, 0x04, 0x43
	.byte 0xF1, 0x78, 0xF6, 0x04, 0x04, 0x45, 0xF1, 0x3C, 0x04, 0x45, 0xF1, 0x78, 0xF6, 0x04, 0x04, 0x47
	.byte 0xF1, 0x3C, 0x04, 0x47, 0xF1, 0x78, 0xF6, 0x10, 0x04, 0x41, 0xF1, 0x3C, 0x04, 0x41, 0xF1, 0x78
	.byte 0xF6, 0x10, 0x04, 0x45, 0xF1, 0x3C, 0x04, 0x45, 0xF1, 0x78, 0xF6, 0x10, 0x04, 0x43, 0xF1, 0x3C
	.byte 0x04, 0x43, 0xF1, 0x78, 0xF6, 0x28, 0xF0, 0x0C, 0xF2, 0x00, 0xF1, 0x3C, 0x0C, 0x3D, 0x0C, 0x41
	.byte 0x0C, 0x3F, 0x0C, 0x41, 0x0C, 0x3D, 0x0C, 0x41, 0x0C, 0x3F, 0x0C, 0x41, 0x0C, 0x43, 0x0C, 0x41
	.byte 0x0C, 0x3F, 0x0C, 0x3D, 0x0C, 0x3B, 0x0C, 0x3D, 0x0C, 0x3F, 0x0C, 0x41, 0xF0, 0x49, 0xF2, 0xB4
	.byte 0xF1, 0x78, 0x02, 0x4E, 0x06, 0x4F, 0xF1, 0x3C, 0x04, 0x4F, 0xF1, 0x78, 0x02, 0x4E, 0x06, 0x4F
	.byte 0xF1, 0x3C, 0x04, 0x4F, 0xF1, 0x78, 0xF6, 0x18, 0x02, 0x4E, 0x06, 0x4F, 0xF1, 0x3C, 0x04, 0x4F
	.byte 0xF1, 0x78, 0x02, 0x4E, 0x06, 0x4F, 0xF1, 0x3C, 0x04, 0x4F, 0xF1, 0x78, 0xF6, 0x78, 0xF0, 0x0C
	.byte 0xF2, 0x00, 0xF1, 0x3C, 0x0C, 0x3D, 0x0C, 0x41, 0x0C, 0x3F, 0x0C, 0x41, 0x0C, 0x3D, 0x0C, 0x41
	.byte 0x0C, 0x3F, 0x0C, 0x41, 0x0C, 0x43, 0x0C, 0x41, 0x0C, 0x3F, 0x0C, 0x3D, 0x0C, 0x3B, 0x0C, 0x3D
	.byte 0x0C, 0x3F, 0x0C, 0x41, 0xF0, 0x49, 0xF2, 0xB4, 0xF1, 0x78, 0x02, 0x4E, 0x06, 0x4F, 0xF1, 0x3C
	.byte 0x04, 0x4F, 0xF1, 0x78, 0x02, 0x4E, 0x06, 0x4F, 0xF1, 0x3C, 0x04, 0x4F, 0xF1, 0x78, 0xF6, 0x18
	.byte 0x02, 0x4E, 0x06, 0x4F, 0xF1, 0x3C, 0x04, 0x4F, 0xF1, 0x78, 0x02, 0x4E, 0x06, 0x4F, 0xF1, 0x3C
	.byte 0x04, 0x4F, 0xF1, 0x78, 0xF6, 0x18, 0x02, 0x4E, 0x06, 0x4F, 0xF1, 0x3C, 0x04, 0x4F, 0xF1, 0x78
	.byte 0x02, 0x4E, 0x06, 0x4F, 0xF1, 0x3C, 0x04, 0x4F, 0xF1, 0x78, 0x04, 0x4D, 0xF1, 0x3C, 0x04, 0x4D
	.byte 0xF1, 0x78, 0xF6, 0x10, 0x02, 0x4E, 0x06, 0x4F, 0xF1, 0x3C, 0x04, 0x4F, 0xF6, 0x24, 0xF8, 0x5D
	.byte 0xFC, 0xFF, 0xF9, 0x58, 0xF6, 0x08, 0xF0, 0x0C, 0xF2, 0xFF, 0xF1, 0x3C, 0x0C, 0x37, 0xF1, 0x1E
	.byte 0x0C, 0x37, 0xF1, 0x3C, 0x0C, 0x39, 0xF1, 0x1E, 0x0C, 0x39, 0xF1, 0x3C, 0x0C, 0x37, 0xF1, 0x1E
	.byte 0x0C, 0x37, 0xF1, 0x3C, 0x0C, 0x39, 0xF1, 0x1E, 0x0C, 0x39, 0xF1, 0x3C, 0x0C, 0x37, 0xF1, 0x1E
	.byte 0x0C, 0x37, 0xF1, 0x3C, 0x0C, 0x39, 0xF1, 0x1E, 0x0C, 0x39, 0xF1, 0x3C, 0x0C, 0x37, 0xF1, 0x1E
	.byte 0x0C, 0x39, 0xF1, 0x3C, 0x0C, 0x39, 0xF1, 0x1E, 0x04, 0x39, 0xF0, 0x18, 0xF2, 0x46, 0xF1, 0xDC
	.byte 0x0C, 0x43, 0x0C, 0x47, 0x0C, 0x49, 0xF1, 0x50, 0x0C, 0x49, 0xF1, 0xDC, 0x0C, 0x47, 0xF1, 0x50
	.byte 0x0C, 0x47, 0xF1, 0xDC, 0x0C, 0x45, 0xF1, 0x50, 0x0C, 0x45, 0xF1, 0xDC, 0x0C, 0x47, 0xF1, 0x50
	.byte 0x0C, 0x47, 0xF1, 0xDC, 0x0C, 0x45, 0x0C, 0x43, 0x0C, 0x41, 0xF1, 0x50, 0x0C, 0x41, 0xF6, 0x18
	.byte 0xF0, 0x0C, 0xF2, 0xFF, 0xF1, 0x3C, 0x0C, 0x47, 0x0C, 0x45, 0x0C, 0x47, 0xF1, 0x1E, 0x0C, 0x47
	.byte 0xF1, 0x3C, 0x0C, 0x47, 0x0C, 0x45, 0x0C, 0x47, 0xF1, 0x1E, 0x0C, 0x47, 0xF1, 0x3C, 0x0C, 0x47
	.byte 0x0C, 0x45, 0x0C, 0x47, 0x0C, 0x49, 0x0C, 0x47, 0x0C, 0x45, 0x0C, 0x47, 0xF1, 0x1E, 0x0C, 0x47
	.byte 0xF0, 0x01, 0xF2, 0xA0, 0xF1, 0xC8, 0x08, 0x2B, 0xF1, 0x50, 0x08, 0x2B, 0xF1, 0xC8, 0xF6, 0x08
	.byte 0x08, 0x37, 0xF1, 0x50, 0x08, 0x37, 0xF1, 0xC8, 0xF6, 0x08, 0x08, 0x2B, 0xF1, 0x50, 0x04, 0x2B
	.byte 0xF1, 0xC8, 0x08, 0x2B, 0xF1, 0x50, 0x04, 0x2B, 0xF1, 0xC8, 0x08, 0x37, 0xF1, 0x50, 0x08, 0x37
	.byte 0xF6, 0x68, 0xF0, 0x18, 0xF2, 0x46, 0xF1, 0xDC, 0x0C, 0x43, 0x0C, 0x41, 0x0C, 0x43, 0xF1, 0x50
	.byte 0x0C, 0x43, 0xF1, 0xDC, 0x0C, 0x41, 0xF1, 0x50, 0x0C, 0x41, 0xF1, 0xDC, 0x0C, 0x3D, 0xF1, 0x50
	.byte 0x0C, 0x3D, 0xF1, 0xDC, 0x0C, 0x3B, 0xF1, 0x50, 0x0C, 0x3B, 0xF1, 0xDC, 0x0C, 0x3D, 0x0C, 0x3F
	.byte 0x0C, 0x39, 0xF1, 0x50, 0x0C, 0x39, 0xF6, 0x18, 0xF0, 0x01, 0xF2, 0xA0, 0xF1, 0xC8, 0x08, 0x2B
	.byte 0xF1, 0x50, 0x08, 0x2B, 0xF1, 0xC8, 0xF6, 0x08, 0x08, 0x37, 0xF1, 0x50, 0x08, 0x37, 0xF1, 0xC8
	.byte 0xF6, 0x08, 0x08, 0x2B, 0xF1, 0x50, 0x04, 0x2B, 0xF1, 0xC8, 0x08, 0x2B, 0xF1, 0x50, 0x04, 0x2B
	.byte 0xF1, 0xC8, 0x08, 0x37, 0xF1, 0x50, 0x08, 0x37, 0xF6, 0x68, 0x08, 0x2B, 0xF1, 0x50, 0x08, 0x2B
	.byte 0xF1, 0xC8, 0xF6, 0x08, 0x08, 0x37, 0xF1, 0x50, 0x08, 0x37, 0xF1, 0xC8, 0xF6, 0x08, 0x08, 0x2B
	.byte 0xF1, 0x50, 0x04, 0x2B, 0xF1, 0xC8, 0x08, 0x2B, 0xF1, 0x50, 0x04, 0x2B, 0xF1, 0xC8, 0x08, 0x37
	.byte 0xF1, 0x50, 0x08, 0x37, 0xF6, 0x08, 0xF0, 0x19, 0xF2, 0x46, 0xF1, 0xB4, 0x0C, 0x43, 0xF1, 0x3C
	.byte 0x0C, 0x43, 0xF1, 0xB4, 0x0C, 0x4F, 0xF1, 0x3C, 0x0C, 0x4F, 0xF1, 0xB4, 0x0C, 0x43, 0x0C, 0x43
	.byte 0x0C, 0x4F, 0xF1, 0x3C, 0x0C, 0x4F, 0xF0, 0x01, 0xF2, 0xA0, 0xF1, 0xC8, 0x08, 0x2B, 0xF1, 0x50
	.byte 0x08, 0x2B, 0xF1, 0xC8, 0xF6, 0x08, 0x08, 0x37, 0xF1, 0x50, 0x08, 0x37, 0xF1, 0xC8, 0xF6, 0x08
	.byte 0x08, 0x2B, 0xF1, 0x50, 0x04, 0x2B, 0xF1, 0xC8, 0x08, 0x2B, 0xF1, 0x50, 0x04, 0x2B, 0xF1, 0xC8
	.byte 0x08, 0x37, 0xF1, 0x50, 0x08, 0x37, 0xF6, 0x08, 0xF0, 0x19, 0xF2, 0x46, 0xF1, 0xB4, 0x0C, 0x43
	.byte 0xF1, 0x3C, 0x0C, 0x43, 0xF1, 0xB4, 0x0C, 0x4F, 0xF1, 0x3C, 0x0C, 0x4F, 0xF1, 0xB4, 0x0C, 0x43
	.byte 0x0C, 0x43, 0x0C, 0x4F, 0xF1, 0x3C, 0x0C, 0x4F, 0xF0, 0x01, 0xF2, 0xA0, 0xF1, 0xC8, 0x08, 0x2B
	.byte 0xF1, 0x50, 0x08, 0x2B, 0xF1, 0xC8, 0xF6, 0x08, 0x08, 0x37, 0xF1, 0x50, 0x08, 0x37, 0xF1, 0xC8
	.byte 0xF6, 0x08, 0x08, 0x2B, 0xF1, 0x50, 0x04, 0x2B, 0xF1, 0xC8, 0x08, 0x2B, 0xF1, 0x50, 0x04, 0x2B
	.byte 0xF1, 0xC8, 0x08, 0x37, 0xF1, 0x50, 0x08, 0x37, 0xF1, 0xC8, 0xF6, 0x08, 0xF0, 0x19, 0xF2, 0x46
	.byte 0xF1, 0xB4, 0x0C, 0x43, 0xF1, 0x3C, 0x0C, 0x43, 0xF1, 0xB4, 0x0C, 0x4F, 0xF1, 0x3C, 0x0C, 0x4F
	.byte 0xF1, 0xB4, 0x0C, 0x43, 0x0C, 0x43, 0x0C, 0x4F, 0xF1, 0x3C, 0x0C, 0x4F, 0xF0, 0x01, 0xF2, 0xA0
	.byte 0xF1, 0xC8, 0x08, 0x2B, 0xF1, 0x50, 0x08, 0x2B, 0xF1, 0xC8, 0xF6, 0x08, 0x08, 0x37, 0xF1, 0x50
	.byte 0x08, 0x37, 0xF1, 0xC8, 0xF6, 0x08, 0x08, 0x2B, 0xF1, 0x50, 0x04, 0x2B, 0xF1, 0xC8, 0x08, 0x2B
	.byte 0xF1, 0x50, 0x04, 0x2B, 0xF1, 0xC8, 0x08, 0x37, 0xF1, 0x50, 0x08, 0x37, 0xF1, 0xC8, 0xF6, 0x08
	.byte 0xF0, 0x19, 0xF2, 0x46, 0xF1, 0xB4, 0x0C, 0x43, 0xF1, 0x3C, 0x0C, 0x43, 0xF1, 0xB4, 0x0C, 0x4F
	.byte 0xF1, 0x3C, 0x0C, 0x4F, 0xF1, 0xB4, 0x0C, 0x43, 0x0C, 0x43, 0x0C, 0x4F, 0xF1, 0x3C, 0x0C, 0x4F
	.byte 0xF0, 0x18, 0xF2, 0x46, 0xF1, 0xDC, 0x0C, 0x45, 0x0C, 0x49, 0x0C, 0x4B, 0xF1, 0x50, 0x0C, 0x4B
	.byte 0xF1, 0xDC, 0x0C, 0x49, 0xF1, 0x50, 0x0C, 0x49, 0xF1, 0xDC, 0x0C, 0x47, 0xF1, 0x50, 0x0C, 0x47
	.byte 0xF1, 0xDC, 0x0C, 0x49, 0xF1, 0x50, 0x0C, 0x49, 0xF1, 0xDC, 0x0C, 0x47, 0x0C, 0x45, 0x0C, 0x43
	.byte 0xF1, 0x50, 0x0C, 0x43, 0xF6, 0x18, 0xF6, 0x60, 0xF0, 0x01, 0xF2, 0xA0, 0xF1, 0xC8, 0x08, 0x2B
	.byte 0xF1, 0x50, 0x08, 0x2B, 0xF1, 0xC8, 0xF6, 0x08, 0x08, 0x37, 0xF1, 0x50, 0x08, 0x37, 0xF1, 0xC8
	.byte 0xF6, 0x08, 0x08, 0x2B, 0xF1, 0x50, 0x04, 0x2B, 0xF1, 0xC8, 0x08, 0x2B, 0xF1, 0x50, 0x04, 0x2B
	.byte 0xF1, 0xC8, 0x08, 0x37, 0xF1, 0x50, 0x08, 0x37, 0xF6, 0x08, 0xF0, 0x18, 0xF2, 0x46, 0xF1, 0xDC
	.byte 0x0C, 0x45, 0x0C, 0x43, 0x0C, 0x45, 0xF1, 0x50, 0x0C, 0x45, 0xF1, 0xDC, 0x0C, 0x43, 0xF1, 0x50
	.byte 0x0C, 0x43, 0xF1, 0xDC, 0x0C, 0x3F, 0xF1, 0x50, 0x0C, 0x3F, 0xF1, 0xDC, 0x0C, 0x3D, 0xF1, 0x50
	.byte 0x0C, 0x3D, 0xF1, 0xDC, 0x0C, 0x3F, 0x0C, 0x41, 0x0C, 0x3B, 0xF1, 0x50, 0x0C, 0x3B, 0xF6, 0x18
	.byte 0xF0, 0x01, 0xF2, 0xA0, 0xF1, 0xC8, 0x08, 0x2B, 0xF1, 0x50, 0x08, 0x2B, 0xF1, 0xC8, 0xF6, 0x08
	.byte 0x08, 0x37, 0xF1, 0x50, 0x08, 0x37, 0xF1, 0xC8, 0xF6, 0x08, 0x08, 0x2B, 0xF1, 0x50, 0x04, 0x2B
	.byte 0xF1, 0xC8, 0x08, 0x2B, 0xF1, 0x50, 0x04, 0x2B, 0xF1, 0xC8, 0x08, 0x37, 0xF1, 0x50, 0x08, 0x37
	.byte 0xF6, 0x08, 0xF0, 0x19, 0xF2, 0x46, 0xF1, 0xB4, 0x0C, 0x43, 0xF1, 0x3C, 0x0C, 0x43, 0xF1, 0xB4
	.byte 0x0C, 0x4F, 0xF1, 0x3C, 0x0C, 0x4F, 0xF1, 0xB4, 0x0C, 0x43, 0x0C, 0x43, 0x0C, 0x4F, 0xF1, 0x3C
	.byte 0x0C, 0x4F, 0xF8, 0x7F, 0xFC, 0xFF, 0xF9, 0x58, 0xF6, 0xC4, 0xF6, 0xC0, 0xF0, 0xC0, 0xF2, 0x3C
	.byte 0xF1, 0x28, 0x02, 0x4E, 0x06, 0x4F, 0xF1, 0x14, 0x04, 0x4F, 0xF1, 0x28, 0x02, 0x4E, 0x06, 0x4F
	.byte 0xF1, 0x14, 0x04, 0x4F, 0xF1, 0x28, 0xF6, 0x18, 0x02, 0x4E, 0x06, 0x4F, 0xF1, 0x14, 0x04, 0x4F
	.byte 0xF1, 0x28, 0x02, 0x4E, 0x06, 0x4F, 0xF1, 0x14, 0x04, 0x4F, 0xF1, 0x28, 0xF6, 0x18, 0x02, 0x4E
	.byte 0x06, 0x4F, 0xF1, 0x14, 0x04, 0x4F, 0xF1, 0x28, 0x02, 0x4E, 0x06, 0x4F, 0xF1, 0x14, 0x04, 0x4F
	.byte 0xF1, 0x28, 0x04, 0x4D, 0xF1, 0x14, 0x04, 0x4D, 0xF1, 0x28, 0xF6, 0x10, 0x02, 0x4E, 0x06, 0x4F
	.byte 0xF1, 0x14, 0x04, 0x4F, 0xF6, 0x24, 0xF6, 0xC0, 0xF6, 0xC0, 0xF1, 0x28, 0x02, 0x4E, 0x06, 0x4F
	.byte 0xF1, 0x14, 0x04, 0x4F, 0xF1, 0x28, 0x02, 0x4E, 0x06, 0x4F, 0xF1, 0x14, 0x04, 0x4F, 0xF1, 0x28
	.byte 0xF6, 0x18, 0x02, 0x4E, 0x06, 0x4F, 0xF1, 0x14, 0x04, 0x4F, 0xF1, 0x28, 0x02, 0x4E, 0x06, 0x4F
	.byte 0xF1, 0x14, 0x04, 0x4F, 0xF1, 0x28, 0xF6, 0x18, 0x02, 0x4E, 0x06, 0x4F, 0xF1, 0x14, 0x04, 0x4F
	.byte 0xF1, 0x28, 0x02, 0x4E, 0x06, 0x4F, 0xF1, 0x14, 0x04, 0x4F, 0xF1, 0x28, 0x04, 0x4D, 0xF1, 0x14
	.byte 0x04, 0x4D, 0xF1, 0x28, 0xF6, 0x10, 0x02, 0x4E, 0x06, 0x4F, 0xF1, 0x14, 0x04, 0x4F, 0xF1, 0x28
	.byte 0xF6, 0x24, 0x04, 0x4F, 0xF1, 0x14, 0x04, 0x4F, 0xF1, 0x28, 0xF6, 0x10, 0x04, 0x4D, 0xF1, 0x14
	.byte 0x04, 0x4D, 0xF1, 0x28, 0xF6, 0x04, 0x04, 0x4F, 0xF1, 0x14, 0x04, 0x4F, 0xF1, 0x28, 0xF6, 0x04
	.byte 0x04, 0x4D, 0xF1, 0x14, 0x04, 0x4D, 0xF1, 0x28, 0xF6, 0x10, 0x04, 0x4B, 0xF1, 0x14, 0x04, 0x4B
	.byte 0xF1, 0x28, 0xF6, 0x10, 0x04, 0x49, 0xF1, 0x14, 0x04, 0x49, 0xF1, 0x28, 0xF6, 0x10, 0x04, 0x4B
	.byte 0xF1, 0x14, 0x04, 0x4B, 0xF1, 0x28, 0xF6, 0x04, 0x04, 0x4D, 0xF1, 0x14, 0x04, 0x4D, 0xF1, 0x28
	.byte 0xF6, 0x04, 0x04, 0x47, 0xF1, 0x14, 0x04, 0x47, 0xF1, 0x28, 0xF6, 0x28, 0x04, 0x43, 0xF1, 0x14
	.byte 0x04, 0x43, 0xF1, 0x28, 0xF6, 0x04, 0x04, 0x45, 0xF1, 0x14, 0x04, 0x45, 0xF1, 0x28, 0xF6, 0x04
	.byte 0x04, 0x47, 0xF1, 0x14, 0x04, 0x47, 0xF1, 0x28, 0xF6, 0x10, 0x04, 0x43, 0xF1, 0x14, 0x04, 0x43
	.byte 0xF1, 0x28, 0xF6, 0x04, 0x04, 0x45, 0xF1, 0x14, 0x04, 0x45, 0xF1, 0x28, 0xF6, 0x04, 0x04, 0x47
	.byte 0xF1, 0x14, 0x04, 0x47, 0xF1, 0x28, 0xF6, 0x10, 0x04, 0x41, 0xF1, 0x14, 0x04, 0x41, 0xF1, 0x28
	.byte 0xF6, 0x10, 0x04, 0x45, 0xF1, 0x14, 0x04, 0x45, 0xF1, 0x28, 0xF6, 0x10, 0x04, 0x43, 0xF1, 0x14
	.byte 0x04, 0x43, 0xF1, 0x28, 0xF6, 0x28, 0x04, 0x4F, 0xF1, 0x14, 0x04, 0x4F, 0xF1, 0x28, 0xF6, 0x10
	.byte 0x04, 0x4D, 0xF1, 0x14, 0x04, 0x4D, 0xF1, 0x28, 0xF6, 0x04, 0x04, 0x4F, 0xF1, 0x14, 0x04, 0x4F
	.byte 0xF1, 0x28, 0xF6, 0x04, 0x04, 0x4D, 0xF1, 0x14, 0x04, 0x4D, 0xF1, 0x28, 0xF6, 0x10, 0x04, 0x4B
	.byte 0xF1, 0x14, 0x04, 0x4B, 0xF1, 0x28, 0xF6, 0x10, 0x04, 0x49, 0xF1, 0x14, 0x04, 0x49, 0xF1, 0x28
	.byte 0xF6, 0x10, 0x04, 0x4B, 0xF1, 0x14, 0x04, 0x4B, 0xF1, 0x28, 0xF6, 0x04, 0x04, 0x4D, 0xF1, 0x14
	.byte 0x04, 0x4D, 0xF1, 0x28, 0xF6, 0x04, 0x04, 0x47, 0xF1, 0x14, 0x04, 0x47, 0xF1, 0x28, 0xF6, 0x28
	.byte 0x04, 0x43, 0xF1, 0x14, 0x04, 0x43, 0xF1, 0x28, 0xF6, 0x04, 0x04, 0x45, 0xF1, 0x14, 0x04, 0x45
	.byte 0xF1, 0x28, 0xF6, 0x04, 0x04, 0x47, 0xF1, 0x14, 0x04, 0x47, 0xF1, 0x28, 0xF6, 0x10, 0x04, 0x43
	.byte 0xF1, 0x14, 0x04, 0x43, 0xF1, 0x28, 0xF6, 0x04, 0x04, 0x45, 0xF1, 0x14, 0x04, 0x45, 0xF1, 0x28
	.byte 0xF6, 0x04, 0x04, 0x47, 0xF1, 0x14, 0x04, 0x47, 0xF1, 0x28, 0xF6, 0x10, 0x04, 0x41, 0xF1, 0x14
	.byte 0x04, 0x41, 0xF1, 0x28, 0xF6, 0x10, 0x04, 0x45, 0xF1, 0x14, 0x04, 0x45, 0xF1, 0x28, 0xF6, 0x10
	.byte 0x04, 0x43, 0xF1, 0x14, 0x04, 0x43, 0xF6, 0x28, 0xF6, 0xC0, 0xF1, 0x28, 0x02, 0x4E, 0x06, 0x4F
	.byte 0xF1, 0x14, 0x04, 0x4F, 0xF1, 0x28, 0x02, 0x4E, 0x06, 0x4F, 0xF1, 0x14, 0x04, 0x4F, 0xF1, 0x28
	.byte 0xF6, 0x18, 0x02, 0x4E, 0x06, 0x4F, 0xF1, 0x14, 0x04, 0x4F, 0xF1, 0x28, 0x02, 0x4E, 0x06, 0x4F
	.byte 0xF1, 0x14, 0x04, 0x4F, 0xF6, 0x78, 0xF6, 0xC0, 0xF1, 0x28, 0x02, 0x4E, 0x06, 0x4F, 0xF1, 0x14
	.byte 0x04, 0x4F, 0xF1, 0x28, 0x02, 0x4E, 0x06, 0x4F, 0xF1, 0x14, 0x04, 0x4F, 0xF1, 0x28, 0xF6, 0x18
	.byte 0x02, 0x4E, 0x06, 0x4F, 0xF1, 0x14, 0x04, 0x4F, 0xF1, 0x28, 0x02, 0x4E, 0x06, 0x4F, 0xF1, 0x14
	.byte 0x04, 0x4F, 0xF1, 0x28, 0xF6, 0x18, 0x02, 0x4E, 0x06, 0x4F, 0xF1, 0x14, 0x04, 0x4F, 0xF1, 0x28
	.byte 0x02, 0x4E, 0x06, 0x4F, 0xF1, 0x14, 0x04, 0x4F, 0xF1, 0x28, 0x04, 0x4D, 0xF1, 0x14, 0x04, 0x4D
	.byte 0xF1, 0x28, 0xF6, 0x10, 0x02, 0x4E, 0x06, 0x4F, 0xF1, 0x14, 0x04, 0x4F, 0xF6, 0x20, 0xF8, 0x57
	.byte 0xFD, 0xFF, 0xF9, 0x58, 0xF6, 0xD0, 0xF6, 0xC0, 0xF0, 0xC0, 0xF2, 0xB4, 0xF1, 0x14, 0x02, 0x4E
	.byte 0x06, 0x4F, 0xF1, 0x0A, 0x04, 0x4F, 0xF1, 0x14, 0x02, 0x4E, 0x06, 0x4F, 0xF1, 0x0A, 0x04, 0x4F
	.byte 0xF1, 0x14, 0xF6, 0x18, 0x02, 0x4E, 0x06, 0x4F, 0xF1, 0x0A, 0x04, 0x4F, 0xF1, 0x14, 0x02, 0x4E
	.byte 0x06, 0x4F, 0xF1, 0x0A, 0x04, 0x4F, 0xF1, 0x14, 0xF6, 0x18, 0x02, 0x4E, 0x06, 0x4F, 0xF1, 0x0A
	.byte 0x04, 0x4F, 0xF1, 0x14, 0x02, 0x4E, 0x06, 0x4F, 0xF1, 0x0A, 0x04, 0x4F, 0xF1, 0x14, 0x04, 0x4D
	.byte 0xF1, 0x0A, 0x04, 0x4D, 0xF1, 0x14, 0xF6, 0x10, 0x02, 0x4E, 0x06, 0x4F, 0xF1, 0x0A, 0x04, 0x4F
	.byte 0xF6, 0x24, 0xF6, 0xC0, 0xF6, 0xC0, 0xF1, 0x14, 0x02, 0x4E, 0x06, 0x4F, 0xF1, 0x0A, 0x04, 0x4F
	.byte 0xF1, 0x14, 0x02, 0x4E, 0x06, 0x4F, 0xF1, 0x0A, 0x04, 0x4F, 0xF1, 0x14, 0xF6, 0x18, 0x02, 0x4E
	.byte 0x06, 0x4F, 0xF1, 0x0A, 0x04, 0x4F, 0xF1, 0x14, 0x02, 0x4E, 0x06, 0x4F, 0xF1, 0x0A, 0x04, 0x4F
	.byte 0xF1, 0x14, 0xF6, 0x18, 0x02, 0x4E, 0x06, 0x4F, 0xF1, 0x0A, 0x04, 0x4F, 0xF1, 0x14, 0x02, 0x4E
	.byte 0x06, 0x4F, 0xF1, 0x0A, 0x04, 0x4F, 0xF1, 0x14, 0x04, 0x4D, 0xF1, 0x0A, 0x04, 0x4D, 0xF1, 0x14
	.byte 0xF6, 0x10, 0x02, 0x4E, 0x06, 0x4F, 0xF1, 0x0A, 0x04, 0x4F, 0xF1, 0x14, 0xF6, 0x24, 0x04, 0x4F
	.byte 0xF1, 0x0A, 0x04, 0x4F, 0xF1, 0x14, 0xF6, 0x10, 0x04, 0x4D, 0xF1, 0x0A, 0x04, 0x4D, 0xF1, 0x14
	.byte 0xF6, 0x04, 0x04, 0x4F, 0xF1, 0x0A, 0x04, 0x4F, 0xF1, 0x14, 0xF6, 0x04, 0x04, 0x4D, 0xF1, 0x0A
	.byte 0x04, 0x4D, 0xF1, 0x14, 0xF6, 0x10, 0x04, 0x4B, 0xF1, 0x0A, 0x04, 0x4B, 0xF1, 0x14, 0xF6, 0x10
	.byte 0x04, 0x49, 0xF1, 0x0A, 0x04, 0x49, 0xF1, 0x14, 0xF6, 0x10, 0x04, 0x4B, 0xF1, 0x0A, 0x04, 0x4B
	.byte 0xF1, 0x14, 0xF6, 0x04, 0x04, 0x4D, 0xF1, 0x0A, 0x04, 0x4D, 0xF1, 0x14, 0xF6, 0x04, 0x04, 0x47
	.byte 0xF1, 0x0A, 0x04, 0x47, 0xF1, 0x14, 0xF6, 0x28, 0x04, 0x43, 0xF1, 0x0A, 0x04, 0x43, 0xF1, 0x14
	.byte 0xF6, 0x04, 0x04, 0x45, 0xF1, 0x0A, 0x04, 0x45, 0xF1, 0x14, 0xF6, 0x04, 0x04, 0x47, 0xF1, 0x0A
	.byte 0x04, 0x47, 0xF1, 0x14, 0xF6, 0x10, 0x04, 0x43, 0xF1, 0x0A, 0x04, 0x43, 0xF1, 0x14, 0xF6, 0x04
	.byte 0x04, 0x45, 0xF1, 0x0A, 0x04, 0x45, 0xF1, 0x14, 0xF6, 0x04, 0x04, 0x47, 0xF1, 0x0A, 0x04, 0x47
	.byte 0xF1, 0x14, 0xF6, 0x10, 0x04, 0x41, 0xF1, 0x0A, 0x04, 0x41, 0xF1, 0x14, 0xF6, 0x10, 0x04, 0x45
	.byte 0xF1, 0x0A, 0x04, 0x45, 0xF1, 0x14, 0xF6, 0x10, 0x04, 0x43, 0xF1, 0x0A, 0x04, 0x43, 0xF1, 0x14
	.byte 0xF6, 0x28, 0x04, 0x4F, 0xF1, 0x0A, 0x04, 0x4F, 0xF1, 0x14, 0xF6, 0x10, 0x04, 0x4D, 0xF1, 0x0A
	.byte 0x04, 0x4D, 0xF1, 0x14, 0xF6, 0x04, 0x04, 0x4F, 0xF1, 0x0A, 0x04, 0x4F, 0xF1, 0x14, 0xF6, 0x04
	.byte 0x04, 0x4D, 0xF1, 0x0A, 0x04, 0x4D, 0xF1, 0x14, 0xF6, 0x10, 0x04, 0x4B, 0xF1, 0x0A, 0x04, 0x4B
	.byte 0xF1, 0x14, 0xF6, 0x10, 0x04, 0x49, 0xF1, 0x0A, 0x04, 0x49, 0xF1, 0x14, 0xF6, 0x10, 0x04, 0x4B
	.byte 0xF1, 0x0A, 0x04, 0x4B, 0xF1, 0x14, 0xF6, 0x04, 0x04, 0x4D, 0xF1, 0x0A, 0x04, 0x4D, 0xF1, 0x14
	.byte 0xF6, 0x04, 0x04, 0x47, 0xF1, 0x0A, 0x04, 0x47, 0xF1, 0x14, 0xF6, 0x28, 0x04, 0x43, 0xF1, 0x0A
	.byte 0x04, 0x43, 0xF1, 0x14, 0xF6, 0x04, 0x04, 0x45, 0xF1, 0x0A, 0x04, 0x45, 0xF1, 0x14, 0xF6, 0x04
	.byte 0x04, 0x47, 0xF1, 0x0A, 0x04, 0x47, 0xF1, 0x14, 0xF6, 0x10, 0x04, 0x43, 0xF1, 0x0A, 0x04, 0x43
	.byte 0xF1, 0x14, 0xF6, 0x04, 0x04, 0x45, 0xF1, 0x0A, 0x04, 0x45, 0xF1, 0x14, 0xF6, 0x04, 0x04, 0x47
	.byte 0xF1, 0x0A, 0x04, 0x47, 0xF1, 0x14, 0xF6, 0x10, 0x04, 0x41, 0xF1, 0x0A, 0x04, 0x41, 0xF1, 0x14
	.byte 0xF6, 0x10, 0x04, 0x45, 0xF1, 0x0A, 0x04, 0x45, 0xF1, 0x14, 0xF6, 0x10, 0x04, 0x43, 0xF1, 0x0A
	.byte 0x04, 0x43, 0xF6, 0x28, 0xF6, 0xC0, 0xF1, 0x14, 0x02, 0x4E, 0x06, 0x4F, 0xF1, 0x0A, 0x04, 0x4F
	.byte 0xF1, 0x14, 0x02, 0x4E, 0x06, 0x4F, 0xF1, 0x0A, 0x04, 0x4F, 0xF1, 0x14, 0xF6, 0x18, 0x02, 0x4E
	.byte 0x06, 0x4F, 0xF1, 0x0A, 0x04, 0x4F, 0xF1, 0x14, 0x02, 0x4E, 0x06, 0x4F, 0xF1, 0x0A, 0x04, 0x4F
	.byte 0xF6, 0x78, 0xF6, 0xC0, 0xF1, 0x14, 0x02, 0x4E, 0x06, 0x4F, 0xF1, 0x0A, 0x04, 0x4F, 0xF1, 0x14
	.byte 0x02, 0x4E, 0x06, 0x4F, 0xF1, 0x0A, 0x04, 0x4F, 0xF1, 0x14, 0xF6, 0x18, 0x02, 0x4E, 0x06, 0x4F
	.byte 0xF1, 0x0A, 0x04, 0x4F, 0xF1, 0x14, 0x02, 0x4E, 0x06, 0x4F, 0xF1, 0x0A, 0x04, 0x4F, 0xF1, 0x14
	.byte 0xF6, 0x18, 0x02, 0x4E, 0x06, 0x4F, 0xF1, 0x0A, 0x04, 0x4F, 0xF1, 0x14, 0x02, 0x4E, 0x06, 0x4F
	.byte 0xF1, 0x0A, 0x04, 0x4F, 0xF1, 0x14, 0x04, 0x4D, 0xF1, 0x0A, 0x04, 0x4D, 0xF1, 0x14, 0xF6, 0x10
	.byte 0x02, 0x4E, 0x06, 0x4F, 0xF1, 0x0A, 0x04, 0x4F, 0xF6, 0x14, 0xF8, 0x57, 0xFD, 0xFF, 0x00, 0x00
	.byte 0xFC, 0x03, 0x12, 0x00, 0x48, 0x00, 0xB6, 0x00, 0xE0, 0x00, 0x7A, 0x02, 0x9A, 0x03, 0x7E, 0x00
	.byte 0x28, 0x01, 0xF9, 0x46, 0xF6, 0x48, 0xF0, 0x0F, 0xF2, 0xA0, 0xF1, 0xF0, 0x00, 0xB2, 0x78, 0xC0
	.byte 0x32, 0xF6, 0x48, 0x00, 0xB0, 0x78, 0xC0, 0x30, 0xF6, 0x48, 0x00, 0xB2, 0x78, 0xC0, 0x32, 0xF6
	.byte 0x48, 0x00, 0xB0, 0x78, 0xC0, 0x30, 0xF6, 0x48, 0x00, 0xB2, 0x78, 0xC0, 0x32, 0xF6, 0x48, 0x00
	.byte 0xB0, 0x78, 0xC0, 0x30, 0xF8, 0xEF, 0xFF, 0xFF, 0xF9, 0x46, 0xF6, 0x30, 0xF0, 0x33, 0xF2, 0x00
	.byte 0xF1, 0xF0, 0x00, 0xB6, 0x90, 0xC0, 0x36, 0xF6, 0x30, 0x00, 0xB7, 0x90, 0xC0, 0x37, 0xF6, 0x30
	.byte 0x00, 0xB6, 0x90, 0xC0, 0x36, 0xF6, 0x30, 0x00, 0xB7, 0x90, 0xC0, 0x37, 0xF6, 0x30, 0x00, 0xB6
	.byte 0x90, 0xC0, 0x36, 0xF6, 0x30, 0x00, 0xB7, 0x90, 0xC0, 0x37, 0xF8, 0xEF, 0xFF, 0xFF, 0xF9, 0x46
	.byte 0xF6, 0x18, 0xF0, 0xBE, 0xF2, 0x50, 0xF1, 0x64, 0x00, 0xAB, 0xA8, 0xC0, 0x2B, 0xF6, 0x18, 0x00
	.byte 0xAC, 0xA8, 0xC0, 0x2C, 0xF6, 0x18, 0x00, 0xAB, 0xA8, 0xC0, 0x2B, 0xF6, 0x18, 0x00, 0xAC, 0xA8
	.byte 0xC0, 0x2C, 0xF6, 0x18, 0x18, 0x2B, 0xF6, 0x90, 0xF6, 0xC0, 0xF6, 0x18, 0x18, 0x2C, 0xF6, 0x90
	.byte 0xF6, 0xC0, 0xF8, 0xED, 0xFF, 0xFF, 0xF9, 0x46, 0xF0, 0x33, 0xF2, 0xFF, 0xF1, 0xFF, 0x00, 0xB0
	.byte 0xC0, 0xC0, 0x30, 0x00, 0xB1, 0xC0, 0xC0, 0x31, 0x00, 0xB0, 0xC0, 0xC0, 0x30, 0x00, 0xB1, 0xC0
	.byte 0xC0, 0x31, 0x00, 0xB0, 0xC0, 0xC0, 0x30, 0x00, 0xB1, 0xC0, 0xC0, 0x31, 0xF8, 0xF3, 0xFF, 0xFF
	.byte 0xF9, 0x46, 0xF0, 0x6D, 0xF2, 0x64, 0xF1, 0xDC, 0x30, 0x2F, 0x90, 0x2F, 0x30, 0x2F, 0x30, 0x2F
	.byte 0x60, 0x2F, 0x30, 0x31, 0x90, 0x31, 0x30, 0x31, 0x30, 0x31, 0x60, 0x31, 0x30, 0x2F, 0x90, 0x2F
	.byte 0x30, 0x2F, 0x30, 0x2F, 0x60, 0x2F, 0x30, 0x2F, 0x90, 0x2F, 0x30, 0x31, 0x30, 0x31, 0x60, 0x31
	.byte 0x30, 0x2F, 0x90, 0x2F, 0x30, 0x31, 0x30, 0x31, 0x60, 0x31, 0x30, 0x2F, 0x90, 0x2F, 0x30, 0x31
	.byte 0x30, 0x31, 0x60, 0x31, 0xF8, 0xE9, 0xFF, 0xFF, 0xF9, 0x46, 0xF6, 0xC0, 0xF6, 0xC0, 0xF6, 0xC0
	.byte 0xF6, 0xC0, 0xF0, 0xC1, 0xF1, 0x64, 0x12, 0x24, 0xF6, 0x06, 0x06, 0x24, 0xF6, 0x06, 0x12, 0x24
	.byte 0xF6, 0x06, 0x06, 0x24, 0xF6, 0x06, 0x12, 0x24, 0xF6, 0x12, 0x06, 0x24, 0xF6, 0x06, 0x12, 0x24
	.byte 0xF6, 0x06, 0x12, 0x24, 0xF6, 0x06, 0x06, 0x24, 0xF6, 0x06, 0x06, 0x24, 0xF6, 0x06, 0x12, 0x24
	.byte 0xF6, 0x06, 0x06, 0x24, 0xF6, 0x06, 0x12, 0x24, 0xF6, 0x06, 0x06, 0x24, 0xF6, 0x06, 0x12, 0x24
	.byte 0xF6, 0x12, 0x06, 0x24, 0xF6, 0x06, 0x12, 0x24, 0xF6, 0x06, 0x12, 0x24, 0xF6, 0x06, 0x06, 0x24
	.byte 0xF6, 0x06, 0x06, 0x24, 0xF6, 0x06, 0x12, 0x24, 0xF6, 0x06, 0x06, 0x24, 0xF6, 0x06, 0x12, 0x24
	.byte 0xF6, 0x06, 0x06, 0x24, 0xF6, 0x06, 0x12, 0x24, 0xF6, 0x12, 0x06, 0x24, 0xF6, 0x06, 0x12, 0x24
	.byte 0xF6, 0x06, 0x12, 0x24, 0xF6, 0x06, 0x06, 0x24, 0xF6, 0x06, 0x06, 0x24, 0xF6, 0x06, 0x12, 0x24
	.byte 0xF6, 0x06, 0x06, 0x24, 0xF6, 0x06, 0x12, 0x24, 0xF6, 0x06, 0x06, 0x24, 0xF6, 0x06, 0x12, 0x24
	.byte 0xF6, 0x12, 0x06, 0x24, 0xF6, 0x06, 0x12, 0x24, 0xF6, 0x06, 0x12, 0x24, 0xF6, 0x06, 0x06, 0x24
	.byte 0xF6, 0x06, 0x06, 0x24, 0xF6, 0x06, 0x12, 0x24, 0xF6, 0x06, 0x06, 0x24, 0xF6, 0x06, 0x12, 0x24
	.byte 0xF6, 0x06, 0x06, 0x24, 0xF6, 0x06, 0x12, 0x24, 0xF6, 0x12, 0x06, 0x24, 0xF6, 0x06, 0x12, 0x24
	.byte 0xF6, 0x06, 0x12, 0x24, 0xF6, 0x06, 0x06, 0x24, 0xF6, 0x06, 0x06, 0x24, 0xF6, 0x06, 0x12, 0x24
	.byte 0xF6, 0x06, 0x06, 0x24, 0xF6, 0x06, 0x12, 0x24, 0xF6, 0x06, 0x06, 0x24, 0xF6, 0x06, 0x12, 0x24
	.byte 0xF6, 0x12, 0x06, 0x24, 0xF6, 0x06, 0x12, 0x24, 0xF6, 0x06, 0x12, 0x24, 0xF6, 0x06, 0x06, 0x24
	.byte 0xF6, 0x06, 0x06, 0x24, 0xF6, 0x06, 0x12, 0x24, 0xF6, 0x06, 0x06, 0x24, 0xF6, 0x06, 0x12, 0x24
	.byte 0xF6, 0x06, 0x06, 0x24, 0xF6, 0x06, 0x12, 0x24, 0xF6, 0x12, 0x06, 0x24, 0xF6, 0x06, 0x12, 0x24
	.byte 0xF6, 0x06, 0x12, 0x24, 0xF6, 0x06, 0x06, 0x24, 0xF6, 0x06, 0x06, 0x24, 0xF6, 0x06, 0x12, 0x24
	.byte 0xF6, 0x06, 0x06, 0x24, 0xF6, 0x06, 0x12, 0x24, 0xF6, 0x06, 0x06, 0x24, 0xF6, 0x06, 0x12, 0x24
	.byte 0xF6, 0x12, 0x06, 0x24, 0xF6, 0x06, 0x12, 0x24, 0xF6, 0x06, 0x12, 0x24, 0xF6, 0x06, 0x06, 0x24
	.byte 0xF6, 0x06, 0x06, 0x24, 0xF6, 0x06, 0xF8, 0x5D, 0xFF, 0xFF, 0xF9, 0x46, 0xF6, 0xC0, 0xF6, 0xC0
	.byte 0xF6, 0xC0, 0xF6, 0xC0, 0xF6, 0xC0, 0xF6, 0xC0, 0xF6, 0xC0, 0xF0, 0x00, 0xF1, 0x3C, 0xF6, 0x9C
	.byte 0x0C, 0x46, 0xF1, 0x1E, 0x18, 0x45, 0xF1, 0x3C, 0x0C, 0x2C, 0xF1, 0x1E, 0x0C, 0x2C, 0xF1, 0x3C
	.byte 0x0C, 0x2C, 0xF1, 0x1E, 0x0C, 0x2C, 0xF1, 0x3C, 0x0C, 0x2C, 0xF1, 0x1E, 0x0C, 0x2C, 0xF1, 0x3C
	.byte 0x0C, 0x2C, 0xF1, 0x1E, 0x0C, 0x2C, 0xF1, 0x3C, 0x0C, 0x2C, 0xF1, 0x1E, 0x0C, 0x2C, 0xF1, 0x3C
	.byte 0x0C, 0x2C, 0xF1, 0x1E, 0x0C, 0x2C, 0xF1, 0x3C, 0x0C, 0x2C, 0xF1, 0x1E, 0x0C, 0x2C, 0xF1, 0x3C
	.byte 0x0C, 0x2C, 0xF1, 0x1E, 0x0C, 0x2E, 0xF1, 0x3C, 0x0C, 0x2C, 0xF1, 0x1E, 0x0C, 0x2C, 0xF1, 0x3C
	.byte 0x0C, 0x2C, 0xF1, 0x1E, 0x0C, 0x2C, 0xF1, 0x3C, 0x0C, 0x2C, 0xF1, 0x1E, 0x0C, 0x2C, 0xF1, 0x3C
	.byte 0x0C, 0x2C, 0xF1, 0x1E, 0x0C, 0x2C, 0xF1, 0x3C, 0x0C, 0x2C, 0xF1, 0x1E, 0x0C, 0x2C, 0xF1, 0x3C
	.byte 0x0C, 0x2C, 0xF1, 0x1E, 0x0C, 0x2C, 0xF1, 0x3C, 0x0C, 0x2C, 0xF1, 0x1E, 0x0C, 0x2C, 0xF1, 0x3C
	.byte 0x0C, 0x2E, 0xF1, 0x1E, 0x0C, 0x2C, 0xF1, 0x3C, 0x0C, 0x2C, 0xF1, 0x1E, 0x0C, 0x2C, 0xF1, 0x3C
	.byte 0x0C, 0x2C, 0xF1, 0x1E, 0x0C, 0x2C, 0xF1, 0x3C, 0x0C, 0x2C, 0xF1, 0x1E, 0x0C, 0x2C, 0xF1, 0x3C
	.byte 0x0C, 0x2C, 0xF1, 0x1E, 0x0C, 0x2C, 0xF1, 0x3C, 0x0C, 0x2C, 0xF1, 0x1E, 0x0C, 0x2C, 0xF1, 0x3C
	.byte 0x0C, 0x2C, 0xF1, 0x1E, 0x0C, 0x2C, 0xF1, 0x3C, 0x0C, 0x2C, 0xF1, 0x1E, 0x0C, 0x2C, 0xF1, 0x3C
	.byte 0x0C, 0x2C, 0xF1, 0x1E, 0x0C, 0x2E, 0xF1, 0x3C, 0x0C, 0x2C, 0xF1, 0x1E, 0x0C, 0x2C, 0xF1, 0x3C
	.byte 0x0C, 0x2C, 0xF1, 0x1E, 0x0C, 0x2C, 0xF1, 0x3C, 0x0C, 0x2C, 0xF1, 0x1E, 0x0C, 0x2C, 0xF1, 0x3C
	.byte 0x0C, 0x2C, 0xF1, 0x1E, 0x0C, 0x2C, 0xF1, 0x3C, 0x0C, 0x2C, 0xF1, 0x1E, 0x0C, 0x2C, 0xF1, 0x3C
	.byte 0x0C, 0x2C, 0xF1, 0x1E, 0x0C, 0x2C, 0xF1, 0x3C, 0x0C, 0x2C, 0xF1, 0x1E, 0x0C, 0x2C, 0xF1, 0x3C
	.byte 0x0C, 0x2E, 0xF1, 0x1E, 0x0C, 0x2C, 0xF8, 0xFD, 0xFE, 0xFF, 0xF9, 0x46, 0xF6, 0xC0, 0xF6, 0xC0
	.byte 0xF6, 0xC0, 0xF6, 0xC0, 0xF6, 0xC0, 0xF6, 0xC0, 0xF6, 0xC0, 0xF0, 0x00, 0xF6, 0xC0, 0xF6, 0xC0
	.byte 0xF6, 0x60, 0xF0, 0x00, 0xF1, 0x28, 0x60, 0x30, 0xF6, 0xA8, 0x18, 0x30, 0xF6, 0x60, 0x60, 0x30
	.byte 0xF8, 0xEB, 0xFF, 0xFF, 0xFC, 0x03, 0x12, 0x00, 0x12, 0x04, 0x7A, 0x07, 0x9B, 0x0C, 0xCC, 0x10
	.byte 0xE4, 0x18, 0x9C, 0x1C, 0x2A, 0x1D, 0xF9, 0x7E, 0xF0, 0x23, 0xF2, 0x78, 0xF1, 0x8C, 0x18, 0x3C
	.byte 0x18, 0x41, 0x18, 0x3F, 0x18, 0x41, 0x18, 0x3B, 0x18, 0x41, 0x18, 0x3A, 0x18, 0x41, 0x18, 0x38
	.byte 0x18, 0x42, 0x18, 0x41, 0x18, 0x42, 0x18, 0x37, 0x18, 0x42, 0x18, 0x3B, 0x18, 0x42, 0x18, 0x3C
	.byte 0x18, 0x45, 0x18, 0x44, 0x18, 0x45, 0x18, 0x49, 0x18, 0x45, 0x18, 0x44, 0x18, 0x45, 0x18, 0x42
	.byte 0x18, 0x45, 0x18, 0x41, 0x18, 0x45, 0x18, 0x40, 0x18, 0x45, 0x18, 0x3F, 0x18, 0x45, 0x18, 0x3E
	.byte 0x18, 0x42, 0x18, 0x3D, 0x18, 0x42, 0x18, 0x3C, 0x18, 0x42, 0x18, 0x3B, 0x18, 0x42, 0x18, 0x3A
	.byte 0x18, 0x3B, 0x18, 0x3E, 0x18, 0x3A, 0x18, 0x3B, 0x18, 0x41, 0x18, 0x3A, 0x18, 0x3B, 0x18, 0x3A
	.byte 0x18, 0x3B, 0x18, 0x42, 0x18, 0x3A, 0x18, 0x3B, 0x18, 0x41, 0x18, 0x3A, 0x18, 0x3B, 0x18, 0x3A
	.byte 0x18, 0x3B, 0x18, 0x3E, 0x18, 0x3A, 0x18, 0x3B, 0x18, 0x41, 0x18, 0x3A, 0x18, 0x3B, 0x18, 0x3A
	.byte 0x18, 0x3B, 0x18, 0x42, 0x18, 0x3A, 0x18, 0x3B, 0x18, 0x41, 0x18, 0x3A, 0x18, 0x3B, 0xF1, 0x64
	.byte 0x0C, 0x3A, 0x0C, 0x3B, 0x0C, 0x3E, 0x0C, 0x3A, 0x0C, 0x3B, 0x0C, 0x41, 0x0C, 0x39, 0x00, 0xBA
	.byte 0x12, 0xF1, 0x3C, 0x06, 0x3A, 0xF1, 0x64, 0x0C, 0x3B, 0x0C, 0x42, 0x0C, 0x3A, 0x0C, 0x3B, 0x0C
	.byte 0x41, 0x0C, 0x3A, 0x0C, 0x3B, 0x0C, 0x3A, 0x0C, 0x3B, 0x0C, 0x3E, 0x0C, 0x3A, 0x0C, 0x3B, 0x0C
	.byte 0x41, 0x0C, 0x39, 0x00, 0xBA, 0x12, 0xF1, 0x3C, 0x06, 0x3A, 0xF1, 0x64, 0x0C, 0x3B, 0x0C, 0x42
	.byte 0x0C, 0x3A, 0x0C, 0x3B, 0x0C, 0x41, 0x0C, 0x3A, 0x0C, 0x3B, 0x0C, 0x38, 0x0C, 0x39, 0x0C, 0x3C
	.byte 0x0C, 0x38, 0x0C, 0x39, 0x0C, 0x3F, 0x0C, 0x37, 0x00, 0xB8, 0x12, 0xF1, 0x3C, 0x06, 0x38, 0xF1
	.byte 0x64, 0x0C, 0x39, 0x0C, 0x40, 0x0C, 0x38, 0x0C, 0x39, 0x0C, 0x3F, 0x0C, 0x38, 0x0C, 0x39, 0x0C
	.byte 0x38, 0x0C, 0x39, 0x0C, 0x3C, 0x0C, 0x38, 0x0C, 0x39, 0x0C, 0x3F, 0x0C, 0x37, 0x00, 0xB8, 0x12
	.byte 0xF1, 0x3C, 0x06, 0x38, 0xF1, 0x64, 0x0C, 0x39, 0x0C, 0x40, 0x0C, 0x38, 0x0C, 0x39, 0x0C, 0x3F
	.byte 0x0C, 0x38, 0x0C, 0x39, 0x0C, 0x3D, 0x0C, 0x3E, 0x0C, 0x41, 0x0C, 0x3D, 0x0C, 0x3E, 0x0C, 0x44
	.byte 0x0C, 0x3C, 0x00, 0xBD, 0x12, 0xF1, 0x3C, 0x06, 0x3D, 0xF1, 0x64, 0x0C, 0x3E, 0x0C, 0x45, 0x0C
	.byte 0x3D, 0x0C, 0x3E, 0x0C, 0x44, 0x0C, 0x3D, 0x0C, 0x3E, 0x0C, 0x3D, 0x0C, 0x3E, 0x0C, 0x41, 0x0C
	.byte 0x3D, 0x0C, 0x3E, 0x0C, 0x44, 0x0C, 0x3C, 0x00, 0xBD, 0x12, 0xF1, 0x3C, 0x06, 0x3D, 0xF1, 0x64
	.byte 0x0C, 0x3E, 0x0C, 0x45, 0x0C, 0x3D, 0x0C, 0x3E, 0x0C, 0x44, 0x0C, 0x3D, 0x0C, 0x3E, 0x0C, 0x3B
	.byte 0x0C, 0x3C, 0x0C, 0x3F, 0x0C, 0x3B, 0x0C, 0x3C, 0x0C, 0x42, 0x0C, 0x3A, 0x00, 0xBB, 0x12, 0xF1
	.byte 0x3C, 0x06, 0x3B, 0xF1, 0x64, 0x0C, 0x3C, 0x0C, 0x43, 0x0C, 0x3B, 0x0C, 0x3C, 0x0C, 0x42, 0x0C
	.byte 0x3B, 0x0C, 0x3C, 0x0C, 0x3B, 0x0C, 0x3C, 0x0C, 0x3F, 0x0C, 0x3B, 0x0C, 0x3C, 0x0C, 0x42, 0x0C
	.byte 0x3A, 0x00, 0xBB, 0x12, 0xF1, 0x3C, 0x06, 0x3B, 0xF1, 0x64, 0x0C, 0x3C, 0x0C, 0x43, 0x0C, 0x3B
	.byte 0x0C, 0x3C, 0x0C, 0x42, 0x0C, 0x3B, 0x0C, 0x3C, 0x0C, 0x3A, 0x0C, 0x3B, 0x0C, 0x3E, 0x0C, 0x3A
	.byte 0x0C, 0x3B, 0x0C, 0x41, 0x0C, 0x39, 0x00, 0xBA, 0x12, 0xF1, 0x3C, 0x06, 0x3A, 0xF1, 0x64, 0x0C
	.byte 0x3B, 0x0C, 0x42, 0x0C, 0x3A, 0x0C, 0x3B, 0x0C, 0x41, 0x0C, 0x3A, 0x0C, 0x3B, 0x0C, 0x3A, 0x0C
	.byte 0x3B, 0x0C, 0x3E, 0x0C, 0x3A, 0x0C, 0x3B, 0x0C, 0x41, 0x0C, 0x39, 0x00, 0xBA, 0x12, 0xF1, 0x3C
	.byte 0x06, 0x3A, 0xF1, 0x64, 0x0C, 0x3B, 0x0C, 0x42, 0x0C, 0x3A, 0x0C, 0x3B, 0x0C, 0x41, 0x0C, 0x3A
	.byte 0x0C, 0x3B, 0x0C, 0x38, 0x0C, 0x39, 0x0C, 0x3C, 0x0C, 0x38, 0x0C, 0x39, 0x0C, 0x3F, 0x0C, 0x37
	.byte 0x00, 0xB8, 0x12, 0xF1, 0x3C, 0x06, 0x38, 0xF1, 0x64, 0x0C, 0x39, 0x0C, 0x40, 0x0C, 0x38, 0x0C
	.byte 0x39, 0x0C, 0x3F, 0x0C, 0x38, 0x0C, 0x39, 0x0C, 0x38, 0x0C, 0x39, 0x0C, 0x3C, 0x0C, 0x38, 0x0C
	.byte 0x39, 0x0C, 0x3F, 0x0C, 0x37, 0x00, 0xB8, 0x12, 0xF1, 0x3C, 0x06, 0x38, 0xF1, 0x64, 0x0C, 0x39
	.byte 0x0C, 0x40, 0x0C, 0x38, 0x0C, 0x39, 0x0C, 0x3F, 0x0C, 0x38, 0x0C, 0x39, 0x0C, 0x3D, 0x0C, 0x3E
	.byte 0x0C, 0x41, 0x0C, 0x3D, 0x0C, 0x3E, 0x0C, 0x44, 0x0C, 0x3C, 0x00, 0xBD, 0x12, 0xF1, 0x3C, 0x06
	.byte 0x3D, 0xF1, 0x64, 0x0C, 0x3E, 0x0C, 0x45, 0x0C, 0x3D, 0x0C, 0x3E, 0x0C, 0x44, 0x0C, 0x3D, 0x0C
	.byte 0x3E, 0x0C, 0x3D, 0x0C, 0x3E, 0x0C, 0x41, 0x0C, 0x3D, 0x0C, 0x3E, 0x0C, 0x44, 0x0C, 0x3C, 0x00
	.byte 0xBD, 0x12, 0xF1, 0x3C, 0x06, 0x3D, 0xF1, 0x64, 0x0C, 0x3E, 0x0C, 0x45, 0x0C, 0x3D, 0x0C, 0x3E
	.byte 0x0C, 0x44, 0x0C, 0x3D, 0x0C, 0x3E, 0x0C, 0x3B, 0x0C, 0x3C, 0x0C, 0x3F, 0x0C, 0x3B, 0x0C, 0x3C
	.byte 0x0C, 0x42, 0x0C, 0x3A, 0x00, 0xBB, 0x12, 0xF1, 0x3C, 0x06, 0x3B, 0xF1, 0x64, 0x0C, 0x3C, 0x0C
	.byte 0x43, 0x0C, 0x3B, 0x0C, 0x3C, 0x0C, 0x42, 0x0C, 0x3B, 0x0C, 0x3C, 0x0C, 0x3B, 0x0C, 0x3C, 0x0C
	.byte 0x3F, 0x0C, 0x3B, 0x0C, 0x3C, 0x0C, 0x42, 0x0C, 0x3A, 0x00, 0xBB, 0x12, 0xF1, 0x3C, 0x06, 0x3B
	.byte 0xF1, 0x64, 0x0C, 0x3C, 0x0C, 0x43, 0x0C, 0x3B, 0x0C, 0x3C, 0x0C, 0x42, 0x0C, 0x3B, 0x0C, 0x3C
	.byte 0x0C, 0x3A, 0x0C, 0x3F, 0x0C, 0x3D, 0x0C, 0x3F, 0x0C, 0x39, 0x0C, 0x3F, 0x0C, 0x38, 0x0C, 0x3F
	.byte 0x0C, 0x36, 0x0C, 0x40, 0x0C, 0x3F, 0x0C, 0x40, 0x0C, 0x35, 0x0C, 0x40, 0x0C, 0x39, 0x0C, 0x40
	.byte 0x0C, 0x3A, 0x0C, 0x43, 0x0C, 0x42, 0x0C, 0x43, 0x0C, 0x47, 0x0C, 0x43, 0x0C, 0x42, 0x0C, 0x43
	.byte 0x0C, 0x40, 0x0C, 0x43, 0x0C, 0x3F, 0x0C, 0x43, 0x0C, 0x3E, 0x0C, 0x43, 0x0C, 0x3D, 0x0C, 0x43
	.byte 0x0C, 0x42, 0x0C, 0x45, 0x0C, 0x41, 0x0C, 0x45, 0x0C, 0x40, 0x0C, 0x45, 0x0C, 0x3F, 0x0C, 0x45
	.byte 0x0C, 0x3E, 0x0C, 0x42, 0x0C, 0x3D, 0x0C, 0x42, 0x0C, 0x3C, 0x0C, 0x42, 0x0C, 0x3B, 0x0C, 0x42
	.byte 0x0C, 0x45, 0x0C, 0x48, 0x0C, 0x44, 0x0C, 0x48, 0x0C, 0x43, 0x0C, 0x48, 0x0C, 0x42, 0x0C, 0x48
	.byte 0x0C, 0x41, 0x0C, 0x45, 0x0C, 0x40, 0x0C, 0x45, 0x0C, 0x3F, 0x0C, 0x45, 0x0C, 0x3E, 0x0C, 0x45
	.byte 0x0C, 0x49, 0x0C, 0x4C, 0x0C, 0x48, 0x0C, 0x4C, 0x0C, 0x47, 0x0C, 0x4C, 0x0C, 0x46, 0x0C, 0x4C
	.byte 0x0C, 0x45, 0x0C, 0x49, 0x0C, 0x44, 0x0C, 0x49, 0x0C, 0x43, 0x0C, 0x49, 0x0C, 0x42, 0x0C, 0x49
	.byte 0xF1, 0x8C, 0x18, 0x3A, 0x18, 0x3F, 0x18, 0x3D, 0x18, 0x3F, 0x18, 0x39, 0x18, 0x3F, 0x18, 0x38
	.byte 0x18, 0x3F, 0x18, 0x36, 0x18, 0x40, 0x18, 0x3F, 0x18, 0x40, 0x18, 0x35, 0x18, 0x40, 0x18, 0x39
	.byte 0x18, 0x40, 0x18, 0x3A, 0x18, 0x43, 0x18, 0x42, 0x18, 0x43, 0x18, 0x47, 0x18, 0x43, 0x18, 0x42
	.byte 0x18, 0x43, 0x18, 0x40, 0x18, 0x43, 0x18, 0x3F, 0x18, 0x43, 0x18, 0x3E, 0x18, 0x43, 0x18, 0x3D
	.byte 0x18, 0x43, 0x18, 0x3C, 0x18, 0x41, 0x18, 0x3F, 0x18, 0x41, 0x18, 0x3B, 0x18, 0x41, 0x18, 0x3A
	.byte 0x18, 0x41, 0x18, 0x38, 0x18, 0x42, 0x18, 0x41, 0x18, 0x42, 0x18, 0x37, 0x18, 0x42, 0x18, 0x3B
	.byte 0x18, 0x42, 0x18, 0x3C, 0x18, 0x45, 0x18, 0x44, 0x18, 0x45, 0x18, 0x49, 0x18, 0x45, 0x18, 0x44
	.byte 0x18, 0x45, 0xF8, 0x39, 0xFC, 0xFF, 0xF9, 0x7E, 0xF0, 0x03, 0xF2, 0x64, 0xF1, 0xB4, 0x18, 0x30
	.byte 0x18, 0x35, 0x18, 0x33, 0x18, 0x35, 0x18, 0x2F, 0x18, 0x35, 0x18, 0x2E, 0x18, 0x35, 0x18, 0x2C
	.byte 0x18, 0x36, 0x18, 0x35, 0x18, 0x36, 0x18, 0x2B, 0x18, 0x36, 0x18, 0x2F, 0x18, 0x36, 0x18, 0x30
	.byte 0x18, 0x39, 0x18, 0x38, 0x18, 0x39, 0x18, 0x3D, 0x18, 0x39, 0x18, 0x38, 0x18, 0x39, 0x18, 0x36
	.byte 0x18, 0x39, 0x18, 0x35, 0x18, 0x39, 0x18, 0x34, 0x18, 0x39, 0x18, 0x33, 0x18, 0x39, 0x18, 0x32
	.byte 0x18, 0x36, 0x18, 0x31, 0x18, 0x36, 0x18, 0x30, 0x18, 0x36, 0x18, 0x2F, 0x18, 0x36, 0x18, 0x2E
	.byte 0x18, 0x2F, 0x18, 0x32, 0x18, 0x2E, 0x18, 0x2F, 0x18, 0x35, 0x18, 0x2E, 0x18, 0x2F, 0x18, 0x2E
	.byte 0x18, 0x2F, 0x18, 0x36, 0x18, 0x2E, 0x18, 0x2F, 0x18, 0x35, 0x18, 0x2E, 0x18, 0x2F, 0x18, 0x2E
	.byte 0x18, 0x2F, 0x18, 0x32, 0x18, 0x2E, 0x18, 0x2F, 0x18, 0x35, 0x18, 0x2E, 0x18, 0x2F, 0x18, 0x2E
	.byte 0x18, 0x2F, 0x18, 0x36, 0x18, 0x2E, 0x18, 0x2F, 0x18, 0x35, 0x18, 0x2E, 0x18, 0x2F, 0xF0, 0x1F
	.byte 0xF2, 0x64, 0xF1, 0x78, 0x0B, 0x3A, 0x0C, 0x3A, 0x0C, 0x3A, 0x0C, 0x3A, 0x18, 0x3A, 0x0C, 0x35
	.byte 0x18, 0x3A, 0x18, 0x3A, 0x0C, 0x3A, 0x18, 0x3A, 0x18, 0x35, 0x0C, 0x3A, 0x0C, 0x3A, 0x0C, 0x3A
	.byte 0x0C, 0x3A, 0x18, 0x3A, 0x0C, 0x35, 0x18, 0x3A, 0x18, 0x3A, 0x0C, 0x3A, 0x0C, 0x35, 0x03, 0x3A
	.byte 0xF6, 0x09, 0x03, 0x3B, 0xF6, 0x09, 0x03, 0x35, 0xF6, 0x09, 0x0C, 0x38, 0x0C, 0x38, 0x0C, 0x38
	.byte 0x0C, 0x38, 0x18, 0x38, 0x0C, 0x33, 0x18, 0x38, 0x18, 0x38, 0x0C, 0x38, 0x18, 0x38, 0x18, 0x33
	.byte 0x0C, 0x38, 0x0C, 0x38, 0x0C, 0x38, 0x0C, 0x38, 0x18, 0x38, 0x0C, 0x33, 0x18, 0x38, 0x18, 0x38
	.byte 0x0C, 0x38, 0x0C, 0x33, 0x03, 0x38, 0xF6, 0x09, 0x03, 0x39, 0xF6, 0x09, 0x03, 0x33, 0xF6, 0x09
	.byte 0x0C, 0x3D, 0x0C, 0x3D, 0x0C, 0x3D, 0x0C, 0x3D, 0x18, 0x3D, 0x0C, 0x38, 0x18, 0x3D, 0x18, 0x3D
	.byte 0x0C, 0x3D, 0x18, 0x3D, 0x18, 0x38, 0x0C, 0x3D, 0x0C, 0x3D, 0x0C, 0x3D, 0x0C, 0x3D, 0x18, 0x3D
	.byte 0x0C, 0x38, 0x18, 0x3D, 0x18, 0x3D, 0x0C, 0x3D, 0x0C, 0x38, 0x03, 0x3D, 0xF6, 0x09, 0x03, 0x3E
	.byte 0xF6, 0x09, 0x03, 0x38, 0xF6, 0x09, 0x0C, 0x3B, 0x0C, 0x3B, 0x0C, 0x3B, 0x0C, 0x3B, 0x18, 0x3B
	.byte 0x0C, 0x36, 0x18, 0x3B, 0x18, 0x3B, 0x0C, 0x3B, 0x18, 0x3B, 0x18, 0x36, 0x0C, 0x3B, 0x0C, 0x3B
	.byte 0x0C, 0x3B, 0x0C, 0x3B, 0x18, 0x3B, 0x0C, 0x36, 0x18, 0x3B, 0x18, 0x3B, 0x0C, 0x3B, 0x0C, 0x36
	.byte 0x03, 0x3B, 0xF6, 0x09, 0x03, 0x3C, 0xF6, 0x09, 0x03, 0x36, 0xF6, 0x09, 0x0C, 0x3A, 0x0C, 0x3A
	.byte 0x0C, 0x3A, 0x0C, 0x3A, 0x18, 0x3A, 0x0C, 0x35, 0x18, 0x3A, 0x18, 0x3A, 0x0C, 0x3A, 0x18, 0x3A
	.byte 0x18, 0x35, 0x0C, 0x3A, 0x0C, 0x3A, 0x0C, 0x3A, 0x0C, 0x3A, 0x18, 0x3A, 0x0C, 0x35, 0x18, 0x3A
	.byte 0x18, 0x3A, 0x0C, 0x3A, 0x0C, 0x35, 0x03, 0x3A, 0xF6, 0x09, 0x03, 0x3B, 0xF6, 0x09, 0x03, 0x35
	.byte 0xF6, 0x09, 0x0C, 0x38, 0x0C, 0x38, 0x0C, 0x38, 0x0C, 0x38, 0x18, 0x38, 0x0C, 0x33, 0x18, 0x38
	.byte 0x18, 0x38, 0x0C, 0x38, 0x18, 0x38, 0x18, 0x33, 0x0C, 0x38, 0x0C, 0x38, 0x0C, 0x38, 0x0C, 0x38
	.byte 0x18, 0x38, 0x0C, 0x33, 0x18, 0x38, 0x18, 0x38, 0x0C, 0x38, 0x0C, 0x33, 0x03, 0x38, 0xF6, 0x09
	.byte 0x03, 0x39, 0xF6, 0x09, 0x03, 0x33, 0xF6, 0x09, 0x0C, 0x3D, 0x0C, 0x3D, 0x0C, 0x3D, 0x0C, 0x3D
	.byte 0x18, 0x3D, 0x0C, 0x38, 0x18, 0x3D, 0x18, 0x3D, 0x0C, 0x3D, 0x18, 0x3D, 0x18, 0x38, 0x0C, 0x3D
	.byte 0x0C, 0x3D, 0x0C, 0x3D, 0x0C, 0x3D, 0x18, 0x3D, 0x0C, 0x38, 0x18, 0x3D, 0x18, 0x3D, 0x0C, 0x3D
	.byte 0x0C, 0x38, 0x03, 0x3D, 0xF6, 0x09, 0x03, 0x3E, 0xF6, 0x09, 0x03, 0x38, 0xF6, 0x09, 0x0C, 0x3B
	.byte 0x0C, 0x3B, 0x0C, 0x3B, 0x0C, 0x3B, 0x18, 0x3B, 0x0C, 0x36, 0x18, 0x3B, 0x18, 0x3B, 0x0C, 0x3B
	.byte 0x18, 0x3B, 0x18, 0x36, 0x0C, 0x3B, 0x0C, 0x3B, 0x0C, 0x3B, 0x0C, 0x3B, 0x18, 0x3B, 0x0C, 0x36
	.byte 0x18, 0x3B, 0x18, 0x3B, 0x0C, 0x3B, 0x0C, 0x36, 0x03, 0x3B, 0xF6, 0x09, 0x03, 0x3C, 0xF6, 0x09
	.byte 0x03, 0x36, 0xF6, 0x0A, 0xF0, 0x03, 0xF2, 0x64, 0xF1, 0xB4, 0x0C, 0x2E, 0x0C, 0x33, 0x0C, 0x31
	.byte 0x0C, 0x33, 0x0C, 0x2D, 0x0C, 0x33, 0x0C, 0x2C, 0x0C, 0x33, 0x0C, 0x2A, 0x0C, 0x34, 0x0C, 0x33
	.byte 0x0C, 0x34, 0x0C, 0x29, 0x0C, 0x34, 0x0C, 0x2D, 0x0C, 0x34, 0x0C, 0x2E, 0x0C, 0x37, 0x0C, 0x36
	.byte 0x0C, 0x37, 0x0C, 0x3B, 0x0C, 0x37, 0x0C, 0x36, 0x0C, 0x37, 0x0C, 0x34, 0x0C, 0x37, 0x0C, 0x33
	.byte 0x0C, 0x37, 0x0C, 0x32, 0x0C, 0x37, 0x0C, 0x31, 0x0C, 0x37, 0x0C, 0x36, 0x0C, 0x39, 0x0C, 0x35
	.byte 0x0C, 0x39, 0x0C, 0x34, 0x0C, 0x39, 0x0C, 0x33, 0x0C, 0x39, 0x0C, 0x32, 0x0C, 0x36, 0x0C, 0x31
	.byte 0x0C, 0x36, 0x0C, 0x30, 0x0C, 0x36, 0x0C, 0x2F, 0x0C, 0x36, 0x0C, 0x36, 0x0C, 0x39, 0x0C, 0x35
	.byte 0x0C, 0x39, 0x0C, 0x34, 0x0C, 0x39, 0x0C, 0x33, 0x0C, 0x39, 0x0C, 0x32, 0x0C, 0x36, 0x0C, 0x31
	.byte 0x0C, 0x36, 0x0C, 0x30, 0x0C, 0x36, 0x0C, 0x2F, 0x0C, 0x36, 0x0C, 0x36, 0x0C, 0x39, 0x0C, 0x35
	.byte 0x0C, 0x39, 0x0C, 0x34, 0x0C, 0x39, 0x0C, 0x33, 0x0C, 0x39, 0x0C, 0x32, 0x0C, 0x36, 0x0C, 0x31
	.byte 0x0C, 0x36, 0x0C, 0x30, 0x0C, 0x36, 0x0C, 0x2F, 0x0C, 0x36, 0x18, 0x2E, 0x18, 0x33, 0x18, 0x31
	.byte 0x18, 0x33, 0x18, 0x2D, 0x18, 0x33, 0x18, 0x2C, 0x18, 0x33, 0x18, 0x2A, 0x18, 0x34, 0x18, 0x33
	.byte 0x18, 0x34, 0x18, 0x29, 0x18, 0x34, 0x18, 0x2D, 0x18, 0x34, 0x18, 0x2E, 0x18, 0x37, 0x18, 0x36
	.byte 0x18, 0x37, 0x18, 0x3B, 0x18, 0x37, 0x18, 0x36, 0x18, 0x37, 0x18, 0x34, 0x18, 0x37, 0x18, 0x33
	.byte 0x18, 0x37, 0x18, 0x32, 0x18, 0x37, 0x18, 0x31, 0x18, 0x37, 0x18, 0x30, 0x18, 0x35, 0x18, 0x33
	.byte 0x18, 0x35, 0x18, 0x2F, 0x18, 0x35, 0x18, 0x2E, 0x18, 0x35, 0x18, 0x2C, 0x18, 0x36, 0x18, 0x35
	.byte 0x18, 0x36, 0x18, 0x2B, 0x18, 0x36, 0x18, 0x2F, 0x18, 0x36, 0x18, 0x30, 0x18, 0x39, 0x18, 0x38
	.byte 0x18, 0x39, 0x18, 0x3D, 0x18, 0x39, 0x18, 0x38, 0x18, 0x39, 0xF8, 0xD1, 0xFC, 0xFF, 0xF9, 0x7E
	.byte 0xF6, 0x04, 0xF0, 0x23, 0xF2, 0xA0, 0xF1, 0x50, 0x18, 0x24, 0x18, 0x29, 0x18, 0x27, 0x18, 0x29
	.byte 0x18, 0x23, 0x18, 0x29, 0x18, 0x22, 0x18, 0x29, 0x18, 0x20, 0x18, 0x2A, 0x18, 0x29, 0x18, 0x2A
	.byte 0x18, 0x1F, 0x18, 0x2A, 0x18, 0x23, 0x18, 0x2A, 0x18, 0x24, 0x18, 0x2D, 0x18, 0x2C, 0x18, 0x2D
	.byte 0x18, 0x31, 0x18, 0x2D, 0x18, 0x2C, 0x14, 0x2D, 0xF6, 0x04, 0xF0, 0x23, 0xF2, 0xA0, 0xF1, 0x50
	.byte 0x18, 0x2A, 0x18, 0x2D, 0x18, 0x29, 0x18, 0x2D, 0x18, 0x28, 0x18, 0x2D, 0x18, 0x27, 0x18, 0x2D
	.byte 0x18, 0x26, 0x18, 0x2A, 0x18, 0x25, 0x18, 0x2A, 0x18, 0x24, 0x18, 0x2A, 0x18, 0x23, 0x14, 0x2A
	.byte 0xF6, 0x01, 0xF0, 0x1D, 0xF2, 0x50, 0xF1, 0x78, 0x00, 0xC1, 0x0A, 0xF1, 0x3C, 0x02, 0x41, 0xF1
	.byte 0x78, 0x00, 0xC1, 0x08, 0xF1, 0x3C, 0x04, 0x41, 0xF1, 0x78, 0x00, 0xC1, 0x08, 0xF1, 0x3C, 0x04
	.byte 0x41, 0xF1, 0x78, 0x00, 0xC1, 0x08, 0xF1, 0x3C, 0x04, 0x41, 0xF1, 0x78, 0x0C, 0x41, 0xF1, 0x3C
	.byte 0x0C, 0x41, 0xF1, 0x78, 0xF6, 0x78, 0x00, 0xC1, 0x0A, 0xF1, 0x3C, 0x02, 0x41, 0xF1, 0x78, 0x00
	.byte 0xC1, 0x08, 0xF1, 0x3C, 0x08, 0x41, 0xF1, 0x78, 0xF6, 0x08, 0x00, 0xC1, 0x08, 0xF1, 0x3C, 0x04
	.byte 0x41, 0xF1, 0x78, 0x10, 0x41, 0xF1, 0x3C, 0x08, 0x41, 0xF1, 0x78, 0xF6, 0x78, 0x00, 0xC1, 0x0A
	.byte 0xF1, 0x3C, 0x02, 0x41, 0xF1, 0x78, 0x00, 0xC1, 0x08, 0xF1, 0x3C, 0x04, 0x41, 0xF1, 0x78, 0x00
	.byte 0xC1, 0x08, 0xF1, 0x3C, 0x04, 0x41, 0xF1, 0x78, 0x00, 0xC1, 0x08, 0xF1, 0x3C, 0x04, 0x41, 0xF1
	.byte 0x78, 0x0C, 0x41, 0xF1, 0x3C, 0x0C, 0x41, 0xF1, 0x78, 0xF6, 0x78, 0x00, 0xC1, 0x0A, 0xF1, 0x3C
	.byte 0x02, 0x41, 0xF1, 0x78, 0x00, 0xC1, 0x08, 0xF1, 0x3C, 0x08, 0x41, 0xF1, 0x78, 0xF6, 0x08, 0x00
	.byte 0xC1, 0x08, 0xF1, 0x3C, 0x04, 0x41, 0xF1, 0x78, 0x00, 0xC1, 0x10, 0xF1, 0x3C, 0x08, 0x41, 0xF1
	.byte 0x78, 0xF6, 0x47, 0xF0, 0x01, 0xF2, 0x82, 0xF1, 0xC8, 0xF6, 0x18, 0x18, 0x1D, 0x00, 0xA2, 0x12
	.byte 0xF1, 0x64, 0x06, 0x22, 0xF1, 0xC8, 0x0C, 0x29, 0x00, 0xAE, 0x16, 0xF1, 0x64, 0x02, 0x2E, 0xF1
	.byte 0xC8, 0x0C, 0x29, 0x0C, 0x2F, 0x00, 0xA2, 0x12, 0xF1, 0x64, 0x06, 0x22, 0xF1, 0xC8, 0x0C, 0x22
	.byte 0x0C, 0x29, 0x00, 0xAE, 0x16, 0xF1, 0x64, 0x02, 0x2E, 0xF1, 0xC8, 0x0C, 0x29, 0x0C, 0x2F, 0x0C
	.byte 0x2E, 0x00, 0xA2, 0x12, 0xF1, 0x64, 0x06, 0x22, 0xF1, 0xC8, 0x0C, 0x29, 0x16, 0x2E, 0xF1, 0x64
	.byte 0x02, 0x2E, 0xF1, 0xC8, 0x0C, 0x29, 0x0C, 0x2F, 0x00, 0xA2, 0x12, 0xF1, 0x64, 0x06, 0x22, 0xF1
	.byte 0xC8, 0x0C, 0x22, 0x0C, 0x29, 0x16, 0x2E, 0xF1, 0x64, 0x02, 0x2E, 0xF1, 0xC8, 0x0C, 0x29, 0x0C
	.byte 0x2F, 0x0C, 0x2E, 0x00, 0xA0, 0x12, 0xF1, 0x64, 0x06, 0x20, 0xF1, 0xC8, 0x0C, 0x27, 0x00, 0xAC
	.byte 0x16, 0xF1, 0x64, 0x02, 0x2C, 0xF1, 0xC8, 0x0C, 0x27, 0x0C, 0x2D, 0x00, 0xA0, 0x12, 0xF1, 0x64
	.byte 0x06, 0x20, 0xF1, 0xC8, 0x0C, 0x20, 0x0C, 0x27, 0x00, 0xAC, 0x16, 0xF1, 0x64, 0x02, 0x2C, 0xF1
	.byte 0xC8, 0x0C, 0x27, 0x0C, 0x2D, 0x0C, 0x2C, 0x00, 0xA0, 0x12, 0xF1, 0x64, 0x06, 0x20, 0xF1, 0xC8
	.byte 0x0C, 0x27, 0x16, 0x2C, 0xF1, 0x64, 0x02, 0x2C, 0xF1, 0xC8, 0x0C, 0x27, 0x0C, 0x2D, 0x00, 0xA0
	.byte 0x12, 0xF1, 0x64, 0x06, 0x20, 0xF1, 0xC8, 0x0C, 0x20, 0x0C, 0x27, 0x00, 0xAC, 0x16, 0xF1, 0x64
	.byte 0x02, 0x2C, 0xF1, 0xC8, 0x0C, 0x27, 0x0C, 0x2D, 0x0C, 0x2C, 0x00, 0xA5, 0x12, 0xF1, 0x64, 0x06
	.byte 0x25, 0xF1, 0xC8, 0x0C, 0x2C, 0x16, 0x31, 0xF1, 0x64, 0x02, 0x31, 0xF1, 0xC8, 0x0C, 0x2C, 0x0C
	.byte 0x32, 0x12, 0x25, 0xF1, 0x64, 0x06, 0x25, 0xF1, 0xC8, 0x0C, 0x25, 0x0C, 0x2C, 0x16, 0x31, 0xF1
	.byte 0x64, 0x02, 0x31, 0xF1, 0xC8, 0x0C, 0x2C, 0x0C, 0x32, 0x0C, 0x31, 0x12, 0x25, 0xF1, 0x64, 0x06
	.byte 0x25, 0xF1, 0xC8, 0x0C, 0x2C, 0x00, 0xB1, 0x16, 0xF1, 0x64, 0x02, 0x31, 0xF1, 0xC8, 0x0C, 0x2C
	.byte 0x0C, 0x32, 0x00, 0xA5, 0x12, 0xF1, 0x64, 0x06, 0x25, 0xF1, 0xC8, 0x0C, 0x25, 0x0C, 0x2C, 0x00
	.byte 0xB1, 0x16, 0xF1, 0x64, 0x02, 0x31, 0xF1, 0xC8, 0x0C, 0x2C, 0x0C, 0x32, 0x0C, 0x31, 0x00, 0xA3
	.byte 0x12, 0xF1, 0x64, 0x06, 0x23, 0xF1, 0xC8, 0x0C, 0x2A, 0x00, 0xAF, 0x16, 0xF1, 0x64, 0x02, 0x2F
	.byte 0xF1, 0xC8, 0x0C, 0x2A, 0x0C, 0x30, 0x00, 0xA3, 0x12, 0xF1, 0x64, 0x06, 0x23, 0xF1, 0xC8, 0x0C
	.byte 0x23, 0x0C, 0x2A, 0x00, 0xAF, 0x16, 0xF1, 0x64, 0x02, 0x2F, 0xF1, 0xC8, 0x0C, 0x2A, 0x0C, 0x30
	.byte 0x0C, 0x2F, 0x00, 0xA3, 0x12, 0xF1, 0x64, 0x06, 0x23, 0xF1, 0xC8, 0x0C, 0x2A, 0x16, 0x2F, 0xF1
	.byte 0x64, 0x02, 0x2F, 0xF1, 0xC8, 0x0C, 0x2A, 0x0C, 0x30, 0x00, 0xA3, 0x12, 0xF1, 0x64, 0x06, 0x23
	.byte 0xF1, 0xC8, 0x0C, 0x23, 0x0C, 0x2A, 0x00, 0xAF, 0x16, 0xF1, 0x64, 0x02, 0x2F, 0xF1, 0xC8, 0x0C
	.byte 0x2A, 0x0C, 0x30, 0x0C, 0x2F, 0x00, 0xA2, 0x12, 0xF1, 0x64, 0x06, 0x22, 0xF1, 0xC8, 0x0C, 0x29
	.byte 0x00, 0xAE, 0x16, 0xF1, 0x64, 0x02, 0x2E, 0xF1, 0xC8, 0x0C, 0x29, 0x0C, 0x2F, 0x00, 0xA2, 0x12
	.byte 0xF1, 0x64, 0x06, 0x22, 0xF1, 0xC8, 0x0C, 0x22, 0x0C, 0x29, 0x16, 0x2E, 0xF1, 0x64, 0x02, 0x2E
	.byte 0xF1, 0xC8, 0x0C, 0x29, 0x0C, 0x2F, 0x0C, 0x2E, 0x00, 0xA2, 0x12, 0xF1, 0x64, 0x06, 0x22, 0xF1
	.byte 0xC8, 0x0C, 0x29, 0x16, 0x2E, 0xF1, 0x64, 0x02, 0x2E, 0xF1, 0xC8, 0x0C, 0x29, 0x0C, 0x2F, 0x12
	.byte 0x22, 0xF1, 0x64, 0x06, 0x22, 0xF1, 0xC8, 0x0C, 0x22, 0x0C, 0x29, 0x16, 0x2E, 0xF1, 0x64, 0x02
	.byte 0x2E, 0xF1, 0xC8, 0x0C, 0x29, 0x0C, 0x2F, 0x0C, 0x2E, 0x00, 0xA0, 0x12, 0xF1, 0x64, 0x06, 0x20
	.byte 0xF1, 0xC8, 0x0C, 0x27, 0x00, 0xAC, 0x16, 0xF1, 0x64, 0x02, 0x2C, 0xF1, 0xC8, 0x0C, 0x27, 0x0C
	.byte 0x2D, 0x00, 0xA0, 0x12, 0xF1, 0x64, 0x06, 0x20, 0xF1, 0xC8, 0x0C, 0x20, 0x0C, 0x27, 0x00, 0xAC
	.byte 0x16, 0xF1, 0x64, 0x02, 0x2C, 0xF1, 0xC8, 0x0C, 0x27, 0x0C, 0x2D, 0x0C, 0x2C, 0x00, 0xA0, 0x12
	.byte 0xF1, 0x64, 0x06, 0x20, 0xF1, 0xC8, 0x0C, 0x27, 0x00, 0xAC, 0x16, 0xF1, 0x64, 0x02, 0x2C, 0xF1
	.byte 0xC8, 0x0C, 0x27, 0x0C, 0x2D, 0x00, 0xA0, 0x12, 0xF1, 0x64, 0x06, 0x20, 0xF1, 0xC8, 0x0C, 0x20
	.byte 0x0C, 0x27, 0x00, 0xAC, 0x16, 0xF1, 0x64, 0x02, 0x2C, 0xF1, 0xC8, 0x0C, 0x27, 0x0C, 0x2D, 0x0C
	.byte 0x2C, 0x00, 0xA5, 0x12, 0xF1, 0x64, 0x06, 0x25, 0xF1, 0xC8, 0x0C, 0x2C, 0x00, 0xB1, 0x16, 0xF1
	.byte 0x64, 0x02, 0x31, 0xF1, 0xC8, 0x0C, 0x2C, 0x0C, 0x32, 0x00, 0xA5, 0x12, 0xF1, 0x64, 0x06, 0x25
	.byte 0xF1, 0xC8, 0x0C, 0x25, 0x0C, 0x2C, 0x16, 0x31, 0xF1, 0x64, 0x02, 0x31, 0xF1, 0xC8, 0x0C, 0x2C
	.byte 0x0C, 0x32, 0x0C, 0x31, 0x00, 0xA5, 0x12, 0xF1, 0x64, 0x06, 0x25, 0xF1, 0xC8, 0x0C, 0x2C, 0x16
	.byte 0x31, 0xF1, 0x64, 0x02, 0x31, 0xF1, 0xC8, 0x0C, 0x2C, 0x0C, 0x32, 0x12, 0x25, 0xF1, 0x64, 0x06
	.byte 0x25, 0xF1, 0xC8, 0x0C, 0x25, 0x0C, 0x2C, 0x16, 0x31, 0xF1, 0x64, 0x02, 0x31, 0xF1, 0xC8, 0x0C
	.byte 0x2C, 0x0C, 0x32, 0x0C, 0x31, 0x00, 0xA3, 0x12, 0xF1, 0x64, 0x06, 0x23, 0xF1, 0xC8, 0x0C, 0x2A
	.byte 0x00, 0xAF, 0x16, 0xF1, 0x64, 0x02, 0x2F, 0xF1, 0xC8, 0x0C, 0x2A, 0x0C, 0x30, 0x00, 0xA3, 0x12
	.byte 0xF1, 0x64, 0x06, 0x23, 0xF1, 0xC8, 0x0C, 0x23, 0x0C, 0x2A, 0x00, 0xAF, 0x16, 0xF1, 0x64, 0x02
	.byte 0x2F, 0xF1, 0xC8, 0x0C, 0x2A, 0x0C, 0x30, 0x0C, 0x2F, 0x00, 0xA3, 0x12, 0xF1, 0x64, 0x06, 0x23
	.byte 0xF1, 0xC8, 0x0C, 0x2A, 0x00, 0xAF, 0x16, 0xF1, 0x64, 0x02, 0x2F, 0xF1, 0xC8, 0x0C, 0x2A, 0x0C
	.byte 0x30, 0x00, 0xA3, 0x12, 0xF1, 0x64, 0x06, 0x23, 0xF1, 0xC8, 0x0C, 0x23, 0x0C, 0x2A, 0x00, 0xAF
	.byte 0x16, 0xF1, 0x64, 0x02, 0x2F, 0xF1, 0xC8, 0x0C, 0x2A, 0x0C, 0x30, 0x0C, 0x2F, 0x00, 0xA2, 0x18
	.byte 0xF1, 0x64, 0x18, 0x22, 0xF6, 0x90, 0xF6, 0xC0, 0xF6, 0xC0, 0xF0, 0x0A, 0xF2, 0x50, 0xF1, 0x64
	.byte 0x0C, 0x39, 0x0C, 0x3C, 0x0C, 0x38, 0x0C, 0x3C, 0x0C, 0x37, 0x0C, 0x3C, 0x0C, 0x36, 0x0C, 0x3C
	.byte 0x0C, 0x35, 0x0C, 0x39, 0x0C, 0x34, 0x0C, 0x39, 0x0C, 0x33, 0x0C, 0x39, 0x0C, 0x32, 0x0C, 0x39
	.byte 0x0C, 0x3D, 0x0C, 0x40, 0x0C, 0x3C, 0x0C, 0x40, 0x0C, 0x3B, 0x0C, 0x40, 0x0C, 0x3A, 0x0C, 0x40
	.byte 0x0C, 0x39, 0x0C, 0x3D, 0x0C, 0x38, 0x0C, 0x3D, 0x0C, 0x37, 0x0C, 0x3D, 0x0C, 0x36, 0x0C, 0x3D
	.byte 0x00, 0xB9, 0x60, 0xF1, 0x3C, 0x00, 0xB9, 0x18, 0xF1, 0x1E, 0x00, 0xB9, 0x18, 0xF1, 0x0A, 0x18
	.byte 0x39, 0xF6, 0x18, 0xF6, 0x04, 0xF0, 0x23, 0xF2, 0xA0, 0xF1, 0x50, 0x18, 0x1E, 0x18, 0x28, 0x18
	.byte 0x27, 0x18, 0x28, 0x18, 0x1D, 0x18, 0x28, 0x18, 0x21, 0x18, 0x28, 0x18, 0x22, 0x18, 0x2B, 0x18
	.byte 0x2A, 0x18, 0x2B, 0x18, 0x2F, 0x18, 0x2B, 0x18, 0x2A, 0x18, 0x2B, 0x18, 0x28, 0x18, 0x2B, 0x18
	.byte 0x27, 0x18, 0x2B, 0x18, 0x26, 0x18, 0x2B, 0x18, 0x25, 0x18, 0x2B, 0x18, 0x24, 0x18, 0x29, 0x18
	.byte 0x27, 0x18, 0x29, 0x18, 0x23, 0x18, 0x29, 0x18, 0x22, 0x18, 0x29, 0x18, 0x20, 0x18, 0x2A, 0x18
	.byte 0x29, 0x18, 0x2A, 0x18, 0x1F, 0x18, 0x2A, 0x18, 0x23, 0x18, 0x2A, 0x18, 0x24, 0x18, 0x2D, 0x18
	.byte 0x2C, 0x18, 0x2D, 0x18, 0x31, 0x18, 0x2D, 0x18, 0x2C, 0x14, 0x2D, 0xF8, 0x1A, 0xFB, 0xFF, 0xF9
	.byte 0x7E, 0xF6, 0x02, 0xF0, 0x1E, 0xF2, 0x78, 0xF1, 0x50, 0x18, 0x3C, 0x18, 0x41, 0x18, 0x3F, 0x18
	.byte 0x41, 0x18, 0x3B, 0x18, 0x41, 0x18, 0x3A, 0x18, 0x41, 0x18, 0x38, 0x18, 0x42, 0x18, 0x41, 0x18
	.byte 0x42, 0x18, 0x37, 0x18, 0x42, 0x18, 0x3B, 0x18, 0x42, 0x18, 0x3C, 0x18, 0x45, 0x18, 0x44, 0x18
	.byte 0x45, 0x18, 0x49, 0x18, 0x45, 0x18, 0x44, 0x16, 0x45, 0xF6, 0x02, 0x18, 0x42, 0x18, 0x45, 0x18
	.byte 0x41, 0x18, 0x45, 0x18, 0x40, 0x18, 0x45, 0x18, 0x3F, 0x18, 0x45, 0x18, 0x3E, 0x18, 0x42, 0x18
	.byte 0x3D, 0x18, 0x42, 0x18, 0x3C, 0x18, 0x42, 0x18, 0x3B, 0x16, 0x42, 0xF0, 0x1D, 0xF2, 0x96, 0xF1
	.byte 0x78, 0x00, 0xC6, 0x0A, 0xF1, 0x3C, 0x02, 0x46, 0xF1, 0x78, 0x00, 0xC6, 0x08, 0xF1, 0x3C, 0x04
	.byte 0x46, 0xF1, 0x78, 0x00, 0xC6, 0x08, 0xF1, 0x3C, 0x04, 0x46, 0xF1, 0x78, 0x00, 0xC6, 0x08, 0xF1
	.byte 0x3C, 0x04, 0x46, 0xF1, 0x78, 0x0C, 0x46, 0xF6, 0x84, 0x00, 0xC6, 0x0A, 0xF1, 0x3C, 0x02, 0x46
	.byte 0xF1, 0x78, 0x00, 0xC6, 0x08, 0xF1, 0x3C, 0x08, 0x46, 0xF1, 0x78, 0xF6, 0x08, 0x00, 0xC6, 0x08
	.byte 0xF1, 0x3C, 0x04, 0x46, 0xF1, 0x78, 0x00, 0xC6, 0x10, 0xF1, 0x3C, 0x08, 0x46, 0xF1, 0x78, 0xF6
	.byte 0x78, 0x00, 0xC6, 0x0A, 0xF1, 0x3C, 0x02, 0x46, 0xF1, 0x78, 0x00, 0xC6, 0x08, 0xF1, 0x3C, 0x04
	.byte 0x46, 0xF1, 0x78, 0x00, 0xC6, 0x08, 0xF1, 0x3C, 0x04, 0x46, 0xF1, 0x78, 0x00, 0xC6, 0x08, 0xF1
	.byte 0x3C, 0x04, 0x46, 0xF1, 0x78, 0x0C, 0x46, 0xF1, 0x3C, 0x0C, 0x46, 0xF1, 0x78, 0xF6, 0x78, 0x00
	.byte 0xC6, 0x0A, 0xF1, 0x3C, 0x02, 0x46, 0xF1, 0x78, 0x00, 0xC6, 0x08, 0xF1, 0x3C, 0x08, 0x46, 0xF1
	.byte 0x78, 0xF6, 0x08, 0x00, 0xC6, 0x08, 0xF1, 0x3C, 0x04, 0x46, 0xF1, 0x78, 0x10, 0x46, 0xF1, 0x3C
	.byte 0x08, 0x46, 0xF1, 0x78, 0xF6, 0x48, 0xF0, 0x00, 0xF2, 0x7F, 0xF1, 0xDC, 0xF6, 0x0C, 0x06, 0x24
	.byte 0x06, 0x24, 0x18, 0x29, 0x0C, 0x24, 0x0C, 0x24, 0x0C, 0x29, 0x0C, 0x24, 0x0C, 0x24, 0x0C, 0x24
	.byte 0x0C, 0x29, 0x0C, 0x24, 0xF6, 0x0C, 0x0C, 0x24, 0x0C, 0x29, 0x0C, 0x24, 0x0C, 0x24, 0x0C, 0x24
	.byte 0x0C, 0x28, 0x0C, 0x29, 0x0C, 0x24, 0x0C, 0x24, 0x0C, 0x29, 0x0C, 0x24, 0x0C, 0x24, 0x0C, 0x24
	.byte 0x0C, 0x29, 0x0C, 0x24, 0xF6, 0x0C, 0x0C, 0x24, 0x0C, 0x29, 0x0C, 0x24, 0x0C, 0x24, 0x0C, 0x24
	.byte 0x0C, 0x28, 0x0C, 0x29, 0x0C, 0x24, 0x0C, 0x24, 0x0C, 0x29, 0x0C, 0x24, 0x0C, 0x24, 0x0C, 0x24
	.byte 0x0C, 0x29, 0x0C, 0x24, 0xF6, 0x0C, 0x0C, 0x24, 0x0C, 0x29, 0x0C, 0x24, 0x0C, 0x24, 0x0C, 0x24
	.byte 0x0C, 0x28, 0x0C, 0x29, 0x0C, 0x24, 0x0C, 0x24, 0x0C, 0x29, 0x0C, 0x24, 0x0C, 0x24, 0x0C, 0x29
	.byte 0x0C, 0x24, 0x0C, 0x28, 0xF6, 0x0C, 0x0C, 0x29, 0x0C, 0x24, 0x0C, 0x29, 0x0C, 0x29, 0x0C, 0x24
	.byte 0x0C, 0x28, 0x0C, 0x29, 0x0C, 0x24, 0x0C, 0x24, 0x0C, 0x29, 0x0C, 0x24, 0x0C, 0x24, 0x0C, 0x24
	.byte 0x0C, 0x29, 0x0C, 0x24, 0xF6, 0x0C, 0x0C, 0x24, 0x0C, 0x29, 0x0C, 0x24, 0x0C, 0x24, 0x0C, 0x24
	.byte 0x0C, 0x28, 0x0C, 0x29, 0x0C, 0x24, 0x0C, 0x24, 0x0C, 0x29, 0x0C, 0x24, 0x0C, 0x24, 0x0C, 0x24
	.byte 0x0C, 0x29, 0x0C, 0x24, 0xF6, 0x0C, 0x0C, 0x24, 0x0C, 0x29, 0x0C, 0x24, 0x0C, 0x24, 0x0C, 0x24
	.byte 0x0C, 0x28, 0x0C, 0x29, 0x0C, 0x24, 0x0C, 0x24, 0x0C, 0x29, 0x0C, 0x24, 0x0C, 0x24, 0x0C, 0x24
	.byte 0x0C, 0x29, 0x0C, 0x24, 0xF6, 0x0C, 0x0C, 0x24, 0x0C, 0x29, 0x0C, 0x24, 0x0C, 0x24, 0x0C, 0x24
	.byte 0x0C, 0x28, 0x0C, 0x29, 0x0C, 0x24, 0x0C, 0x24, 0x0C, 0x29, 0x0C, 0x24, 0x0C, 0x24, 0x0C, 0x29
	.byte 0x0C, 0x24, 0x0C, 0x28, 0xF6, 0x0C, 0x0C, 0x29, 0x0C, 0x24, 0x0C, 0x29, 0x0C, 0x29, 0x0C, 0x24
	.byte 0x0C, 0x28, 0x0C, 0x29, 0x0C, 0x24, 0x0C, 0x24, 0x0C, 0x29, 0x0C, 0x24, 0x0C, 0x24, 0x0C, 0x24
	.byte 0x0C, 0x29, 0x0C, 0x24, 0xF6, 0x0C, 0x0C, 0x24, 0x0C, 0x29, 0x0C, 0x24, 0x0C, 0x24, 0x0C, 0x24
	.byte 0x0C, 0x28, 0x0C, 0x29, 0x0C, 0x24, 0x0C, 0x24, 0x0C, 0x29, 0x0C, 0x24, 0x0C, 0x24, 0x0C, 0x24
	.byte 0x0C, 0x29, 0x0C, 0x24, 0xF6, 0x0C, 0x0C, 0x24, 0x0C, 0x29, 0x0C, 0x24, 0x0C, 0x24, 0x0C, 0x24
	.byte 0x0C, 0x28, 0x0C, 0x29, 0x0C, 0x24, 0x0C, 0x24, 0x0C, 0x29, 0x0C, 0x24, 0x0C, 0x24, 0x0C, 0x24
	.byte 0x0C, 0x29, 0x0C, 0x24, 0xF6, 0x0C, 0x0C, 0x24, 0x0C, 0x29, 0x0C, 0x24, 0x0C, 0x24, 0x0C, 0x24
	.byte 0x0C, 0x28, 0x0C, 0x29, 0x0C, 0x24, 0x0C, 0x24, 0x0C, 0x29, 0x0C, 0x24, 0x0C, 0x24, 0x0C, 0x29
	.byte 0x0C, 0x24, 0x0C, 0x28, 0xF6, 0x0C, 0x0C, 0x29, 0x0C, 0x24, 0x0C, 0x29, 0x0C, 0x29, 0x0C, 0x24
	.byte 0x0C, 0x28, 0x0C, 0x29, 0x0C, 0x24, 0x0C, 0x24, 0x0C, 0x29, 0x0C, 0x24, 0x0C, 0x24, 0x0C, 0x24
	.byte 0x0C, 0x29, 0x0C, 0x24, 0xF6, 0x0C, 0x0C, 0x24, 0x0C, 0x29, 0x0C, 0x24, 0x0C, 0x24, 0x0C, 0x24
	.byte 0x0C, 0x28, 0x0C, 0x29, 0x0C, 0x24, 0x0C, 0x24, 0x0C, 0x29, 0x0C, 0x24, 0x0C, 0x24, 0x0C, 0x24
	.byte 0x0C, 0x29, 0x0C, 0x24, 0xF6, 0x0C, 0x0C, 0x24, 0x0C, 0x29, 0x0C, 0x24, 0x0C, 0x24, 0x0C, 0x24
	.byte 0x0C, 0x28, 0x0C, 0x29, 0x0C, 0x24, 0x0C, 0x24, 0x0C, 0x29, 0x0C, 0x24, 0x0C, 0x24, 0x0C, 0x24
	.byte 0x0C, 0x29, 0x0C, 0x24, 0xF6, 0x0C, 0x0C, 0x24, 0x0C, 0x29, 0x0C, 0x24, 0x0C, 0x24, 0x0C, 0x24
	.byte 0x0C, 0x28, 0x0C, 0x29, 0x0C, 0x24, 0x0C, 0x24, 0x0C, 0x29, 0x0C, 0x24, 0x0C, 0x24, 0x0C, 0x29
	.byte 0x0C, 0x24, 0x0C, 0x28, 0xF6, 0x0C, 0x0C, 0x29, 0x0C, 0x24, 0x0C, 0x29, 0x0C, 0x29, 0x0C, 0x24
	.byte 0x0C, 0x28, 0x0C, 0x29, 0x0C, 0x24, 0x0C, 0x24, 0x0C, 0x29, 0x0C, 0x24, 0x0C, 0x24, 0x0C, 0x24
	.byte 0x0C, 0x29, 0x0C, 0x24, 0xF6, 0x0C, 0x0C, 0x24, 0x0C, 0x29, 0x0C, 0x24, 0x0C, 0x24, 0x0C, 0x24
	.byte 0x0C, 0x28, 0x0C, 0x29, 0x0C, 0x24, 0x0C, 0x24, 0x0C, 0x29, 0x0C, 0x24, 0x0C, 0x24, 0x0C, 0x24
	.byte 0x0C, 0x29, 0x0C, 0x24, 0xF6, 0x0C, 0x0C, 0x24, 0x0C, 0x29, 0x0C, 0x24, 0x0C, 0x24, 0x0C, 0x24
	.byte 0x0C, 0x28, 0x0C, 0x29, 0x0C, 0x24, 0x0C, 0x24, 0x0C, 0x29, 0x0C, 0x24, 0x0C, 0x24, 0x0C, 0x24
	.byte 0x0C, 0x29, 0x0C, 0x24, 0xF6, 0x0C, 0x0C, 0x24, 0x0C, 0x29, 0x0C, 0x24, 0x0C, 0x24, 0x0C, 0x24
	.byte 0x0C, 0x28, 0x0C, 0x29, 0x0C, 0x24, 0x0C, 0x24, 0x0C, 0x29, 0x0C, 0x24, 0x0C, 0x24, 0x0C, 0x24
	.byte 0x0C, 0x29, 0x0C, 0x24, 0xF6, 0x0C, 0x0C, 0x29, 0x0C, 0x24, 0x0C, 0x24, 0x0C, 0x29, 0x0C, 0x24
	.byte 0x0C, 0x28, 0x0C, 0x29, 0x0C, 0x24, 0x0C, 0x24, 0x0C, 0x29, 0x0C, 0x24, 0x0C, 0x24, 0x0C, 0x29
	.byte 0x0C, 0x24, 0x0C, 0x28, 0xF6, 0x0C, 0x0C, 0x29, 0x0C, 0x24, 0x0C, 0x29, 0x0C, 0x29, 0x0C, 0x24
	.byte 0x06, 0x29, 0x06, 0x29, 0x0C, 0x28, 0x18, 0x24, 0xF6, 0x02, 0xF0, 0x1E, 0xF1, 0x50, 0x18, 0x3F
	.byte 0x18, 0x3D, 0x18, 0x3F, 0x18, 0x39, 0x18, 0x3F, 0x18, 0x38, 0x18, 0x3F, 0x18, 0x36, 0x18, 0x40
	.byte 0x18, 0x3F, 0x18, 0x40, 0x18, 0x35, 0x18, 0x40, 0x18, 0x39, 0x18, 0x40, 0x18, 0x3A, 0x18, 0x43
	.byte 0x18, 0x42, 0x18, 0x43, 0x18, 0x47, 0x18, 0x43, 0x18, 0x42, 0x18, 0x43, 0x18, 0x40, 0x18, 0x43
	.byte 0x18, 0x3F, 0x18, 0x43, 0x18, 0x3E, 0x18, 0x43, 0x18, 0x3D, 0x18, 0x43, 0x18, 0x3C, 0x18, 0x41
	.byte 0x18, 0x3F, 0x18, 0x41, 0x18, 0x3B, 0x18, 0x41, 0x18, 0x3A, 0x18, 0x41, 0x18, 0x38, 0x18, 0x42
	.byte 0x18, 0x41, 0x18, 0x42, 0x18, 0x37, 0x18, 0x42, 0x18, 0x3B, 0x18, 0x42, 0x18, 0x3C, 0x18, 0x45
	.byte 0x18, 0x44, 0x18, 0x45, 0x18, 0x49, 0x18, 0x45, 0x18, 0x44, 0x16, 0x45, 0xF8, 0x0A, 0xFC, 0xFF
	.byte 0xF9, 0x7E, 0xF6, 0x0C, 0xF0, 0x23, 0xF2, 0x96, 0xF1, 0x3C, 0x18, 0x3C, 0x18, 0x41, 0x18, 0x3F
	.byte 0x18, 0x41, 0x18, 0x3B, 0x18, 0x41, 0x18, 0x3A, 0x18, 0x41, 0x18, 0x38, 0x18, 0x42, 0x18, 0x41
	.byte 0x18, 0x42, 0x18, 0x37, 0x18, 0x42, 0x18, 0x3B, 0x18, 0x42, 0x18, 0x3C, 0x18, 0x45, 0x18, 0x44
	.byte 0x18, 0x45, 0x18, 0x49, 0x18, 0x45, 0x18, 0x44, 0x0C, 0x45, 0xF6, 0x0C, 0x18, 0x42, 0x18, 0x45
	.byte 0x18, 0x41, 0x18, 0x45, 0x18, 0x40, 0x18, 0x45, 0x18, 0x3F, 0x18, 0x45, 0x18, 0x3E, 0x18, 0x42
	.byte 0x18, 0x3D, 0x18, 0x42, 0x18, 0x3C, 0x18, 0x42, 0x18, 0x3B, 0x0C, 0x42, 0xF0, 0x01, 0xF2, 0x3C
	.byte 0xF1, 0x50, 0x00, 0xD2, 0x08, 0xF1, 0x14, 0x04, 0x52, 0xF1, 0x50, 0x00, 0xD9, 0x08, 0xF1, 0x14
	.byte 0x04, 0x59, 0xF1, 0x50, 0x00, 0xD3, 0x08, 0xF1, 0x14, 0x04, 0x53, 0xF1, 0x50, 0x00, 0xD9, 0x08
	.byte 0xF1, 0x14, 0x04, 0x59, 0xF1, 0x50, 0x00, 0xCD, 0x08, 0xF1, 0x14, 0x04, 0x4D, 0xF1, 0x50, 0x00
	.byte 0xD2, 0x08, 0xF1, 0x14, 0x04, 0x52, 0xF1, 0x50, 0x00, 0xD3, 0x08, 0xF1, 0x14, 0x04, 0x53, 0xF1
	.byte 0x50, 0x00, 0xD9, 0x08, 0xF1, 0x14, 0x04, 0x59, 0xF1, 0x50, 0x00, 0xDA, 0x08, 0xF1, 0x14, 0x04
	.byte 0x5A, 0xF1, 0x50, 0x00, 0xDE, 0x08, 0xF1, 0x14, 0x04, 0x5E, 0xF1, 0x50, 0x00, 0xD9, 0x08, 0xF1
	.byte 0x14, 0x04, 0x59, 0xF1, 0x50, 0x00, 0xD2, 0x08, 0xF1, 0x14, 0x04, 0x52, 0xF1, 0x50, 0x00, 0xD1
	.byte 0x08, 0xF1, 0x14, 0x04, 0x51, 0xF1, 0x50, 0x00, 0xD2, 0x08, 0xF1, 0x14, 0x04, 0x52, 0xF1, 0x50
	.byte 0x00, 0xD9, 0x08, 0xF1, 0x14, 0x04, 0x59, 0xF1, 0x50, 0x00, 0xCD, 0x08, 0xF1, 0x14, 0x04, 0x4D
	.byte 0xF1, 0x50, 0xF1, 0x50, 0x00, 0xD2, 0x08, 0xF1, 0x14, 0x04, 0x52, 0xF1, 0x50, 0x00, 0xD9, 0x08
	.byte 0xF1, 0x14, 0x04, 0x59, 0xF1, 0x50, 0x00, 0xD3, 0x08, 0xF1, 0x14, 0x04, 0x53, 0xF1, 0x50, 0x00
	.byte 0xD9, 0x08, 0xF1, 0x14, 0x04, 0x59, 0xF1, 0x50, 0x00, 0xCD, 0x08, 0xF1, 0x14, 0x04, 0x4D, 0xF1
	.byte 0x50, 0x00, 0xD2, 0x08, 0xF1, 0x14, 0x04, 0x52, 0xF1, 0x50, 0x00, 0xD3, 0x08, 0xF1, 0x14, 0x04
	.byte 0x53, 0xF1, 0x50, 0x00, 0xD9, 0x08, 0xF1, 0x14, 0x04, 0x59, 0xF1, 0x50, 0x00, 0xDA, 0x08, 0xF1
	.byte 0x14, 0x04, 0x5A, 0xF1, 0x50, 0x00, 0xDE, 0x08, 0xF1, 0x14, 0x04, 0x5E, 0xF1, 0x50, 0x00, 0xD9
	.byte 0x08, 0xF1, 0x14, 0x04, 0x59, 0xF1, 0x50, 0x00, 0xD2, 0x08, 0xF1, 0x14, 0x04, 0x52, 0xF1, 0x50
	.byte 0x00, 0xD1, 0x08, 0xF1, 0x14, 0x04, 0x51, 0xF1, 0x50, 0x00, 0xD2, 0x08, 0xF1, 0x14, 0x04, 0x52
	.byte 0xF1, 0x50, 0x00, 0xD9, 0x08, 0xF1, 0x14, 0x04, 0x59, 0xF1, 0x50, 0x00, 0xCD, 0x08, 0xF1, 0x14
	.byte 0x04, 0x4D, 0xF1, 0x50, 0xF1, 0x50, 0x00, 0xD2, 0x08, 0xF1, 0x14, 0x04, 0x52, 0xF1, 0x50, 0x00
	.byte 0xD9, 0x08, 0xF1, 0x14, 0x04, 0x59, 0xF1, 0x50, 0x00, 0xD3, 0x08, 0xF1, 0x14, 0x04, 0x53, 0xF1
	.byte 0x50, 0x00, 0xD9, 0x08, 0xF1, 0x14, 0x04, 0x59, 0xF1, 0x50, 0x00, 0xCD, 0x08, 0xF1, 0x14, 0x04
	.byte 0x4D, 0xF1, 0x50, 0x00, 0xD2, 0x08, 0xF1, 0x14, 0x04, 0x52, 0xF1, 0x50, 0x00, 0xD3, 0x08, 0xF1
	.byte 0x14, 0x04, 0x53, 0xF1, 0x50, 0x00, 0xD9, 0x08, 0xF1, 0x14, 0x04, 0x59, 0xF1, 0x50, 0x00, 0xDA
	.byte 0x08, 0xF1, 0x14, 0x04, 0x5A, 0xF1, 0x50, 0x00, 0xDE, 0x08, 0xF1, 0x14, 0x04, 0x5E, 0xF1, 0x50
	.byte 0x00, 0xD9, 0x08, 0xF1, 0x14, 0x04, 0x59, 0xF1, 0x50, 0x00, 0xD2, 0x08, 0xF1, 0x14, 0x04, 0x52
	.byte 0xF1, 0x50, 0x00, 0xD1, 0x08, 0xF1, 0x14, 0x04, 0x51, 0xF1, 0x50, 0x00, 0xD2, 0x08, 0xF1, 0x14
	.byte 0x04, 0x52, 0xF1, 0x50, 0x00, 0xD9, 0x08, 0xF1, 0x14, 0x04, 0x59, 0xF1, 0x50, 0x00, 0xCD, 0x08
	.byte 0xF1, 0x14, 0x04, 0x4D, 0xF1, 0x50, 0xF1, 0x50, 0x00, 0xDE, 0x08, 0xF1, 0x14, 0x04, 0x5E, 0xF1
	.byte 0x50, 0x00, 0xD9, 0x08, 0xF1, 0x14, 0x04, 0x59, 0xF1, 0x50, 0x00, 0xD3, 0x08, 0xF1, 0x14, 0x04
	.byte 0x53, 0xF1, 0x50, 0x00, 0xD9, 0x08, 0xF1, 0x14, 0x04, 0x59, 0xF1, 0x50, 0x00, 0xCD, 0x08, 0xF1
	.byte 0x14, 0x04, 0x4D, 0xF1, 0x50, 0x00, 0xD2, 0x08, 0xF1, 0x14, 0x04, 0x52, 0xF1, 0x50, 0x00, 0xD3
	.byte 0x08, 0xF1, 0x14, 0x04, 0x53, 0xF1, 0x50, 0x00, 0xD9, 0x08, 0xF1, 0x14, 0x04, 0x59, 0xF1, 0x50
	.byte 0x00, 0xDA, 0x08, 0xF1, 0x14, 0x04, 0x5A, 0xF1, 0x50, 0x00, 0xDE, 0x08, 0xF1, 0x14, 0x04, 0x5E
	.byte 0xF1, 0x50, 0x00, 0xD9, 0x08, 0xF1, 0x14, 0x04, 0x59, 0xF1, 0x50, 0x00, 0xD2, 0x08, 0xF1, 0x14
	.byte 0x04, 0x52, 0xF1, 0x50, 0x00, 0xD1, 0x08, 0xF1, 0x14, 0x04, 0x51, 0xF1, 0x50, 0x00, 0xD2, 0x08
	.byte 0xF1, 0x14, 0x04, 0x52, 0xF1, 0x50, 0x00, 0xD9, 0x08, 0xF1, 0x14, 0x04, 0x59, 0xF1, 0x50, 0x00
	.byte 0xCD, 0x08, 0xF1, 0x14, 0x04, 0x4D, 0xF1, 0x50, 0xF6, 0x01, 0xF0, 0x1A, 0xF2, 0x7C, 0xF1, 0x78
	.byte 0x00, 0xA2, 0x12, 0xF1, 0x3C, 0x06, 0x22, 0xF1, 0x78, 0x0C, 0x29, 0x00, 0xAE, 0x16, 0xF1, 0x3C
	.byte 0x02, 0x2E, 0xF1, 0x78, 0x0C, 0x29, 0x0C, 0x2F, 0x00, 0xA2, 0x12, 0xF1, 0x3C, 0x06, 0x22, 0xF1
	.byte 0x78, 0x0C, 0x22, 0x0C, 0x29, 0x00, 0xAE, 0x16, 0xF1, 0x3C, 0x02, 0x2E, 0xF1, 0x78, 0x0C, 0x29
	.byte 0x0C, 0x2F, 0x0C, 0x2E, 0x00, 0xA2, 0x12, 0xF1, 0x3C, 0x06, 0x22, 0xF1, 0x78, 0x0C, 0x29, 0x16
	.byte 0x2E, 0xF1, 0x3C, 0x02, 0x2E, 0xF1, 0x78, 0x0C, 0x29, 0x0C, 0x2F, 0x00, 0xA2, 0x12, 0xF1, 0x3C
	.byte 0x06, 0x22, 0xF1, 0x78, 0x0C, 0x22, 0x0C, 0x29, 0x16, 0x2E, 0xF1, 0x3C, 0x02, 0x2E, 0xF1, 0x78
	.byte 0x0C, 0x29, 0x0C, 0x2F, 0x0C, 0x2E, 0x00, 0xA0, 0x12, 0xF1, 0x3C, 0x06, 0x20, 0xF1, 0x78, 0x0C
	.byte 0x27, 0x00, 0xAC, 0x16, 0xF1, 0x3C, 0x02, 0x2C, 0xF1, 0x78, 0x0C, 0x27, 0x0C, 0x2D, 0x00, 0xA0
	.byte 0x12, 0xF1, 0x3C, 0x06, 0x20, 0xF1, 0x78, 0x0C, 0x20, 0x0C, 0x27, 0x00, 0xAC, 0x16, 0xF1, 0x3C
	.byte 0x02, 0x2C, 0xF1, 0x78, 0x0C, 0x27, 0x0C, 0x2D, 0x0C, 0x2C, 0x00, 0xA0, 0x12, 0xF1, 0x3C, 0x06
	.byte 0x20, 0xF1, 0x78, 0x0C, 0x27, 0x16, 0x2C, 0xF1, 0x3C, 0x02, 0x2C, 0xF1, 0x78, 0x0C, 0x27, 0x0C
	.byte 0x2D, 0x00, 0xA0, 0x12, 0xF1, 0x3C, 0x06, 0x20, 0xF1, 0x78, 0x0C, 0x20, 0x0C, 0x27, 0x00, 0xAC
	.byte 0x16, 0xF1, 0x3C, 0x02, 0x2C, 0xF1, 0x78, 0x0C, 0x27, 0x0C, 0x2D, 0x0C, 0x2C, 0x00, 0xA5, 0x12
	.byte 0xF1, 0x3C, 0x06, 0x25, 0xF1, 0x78, 0x0C, 0x2C, 0x16, 0x31, 0xF1, 0x3C, 0x02, 0x31, 0xF1, 0x78
	.byte 0x0C, 0x2C, 0x0C, 0x32, 0x12, 0x25, 0xF1, 0x3C, 0x06, 0x25, 0xF1, 0x78, 0x0C, 0x25, 0x0C, 0x2C
	.byte 0x16, 0x31, 0xF1, 0x3C, 0x02, 0x31, 0xF1, 0x78, 0x0C, 0x2C, 0x0C, 0x32, 0x0C, 0x31, 0x12, 0x25
	.byte 0xF1, 0x3C, 0x06, 0x25, 0xF1, 0x78, 0x0C, 0x2C, 0x00, 0xB1, 0x16, 0xF1, 0x3C, 0x02, 0x31, 0xF1
	.byte 0x78, 0x0C, 0x2C, 0x0C, 0x32, 0x00, 0xA5, 0x12, 0xF1, 0x3C, 0x06, 0x25, 0xF1, 0x78, 0x0C, 0x25
	.byte 0x0C, 0x2C, 0x00, 0xB1, 0x16, 0xF1, 0x3C, 0x02, 0x31, 0xF1, 0x78, 0x0C, 0x2C, 0x0C, 0x32, 0x0C
	.byte 0x31, 0x00, 0xA3, 0x12, 0xF1, 0x3C, 0x06, 0x23, 0xF1, 0x78, 0x0C, 0x2A, 0x00, 0xAF, 0x16, 0xF1
	.byte 0x3C, 0x02, 0x2F, 0xF1, 0x78, 0x0C, 0x2A, 0x0C, 0x30, 0x00, 0xA3, 0x12, 0xF1, 0x3C, 0x06, 0x23
	.byte 0xF1, 0x78, 0x0C, 0x23, 0x0C, 0x2A, 0x00, 0xAF, 0x16, 0xF1, 0x3C, 0x02, 0x2F, 0xF1, 0x78, 0x0C
	.byte 0x2A, 0x0C, 0x30, 0x0C, 0x2F, 0x00, 0xA3, 0x12, 0xF1, 0x3C, 0x06, 0x23, 0xF1, 0x78, 0x0C, 0x2A
	.byte 0x16, 0x2F, 0xF1, 0x3C, 0x02, 0x2F, 0xF1, 0x78, 0x0C, 0x2A, 0x0C, 0x30, 0x00, 0xA3, 0x12, 0xF1
	.byte 0x3C, 0x06, 0x23, 0xF1, 0x78, 0x0C, 0x23, 0x0C, 0x2A, 0x00, 0xAF, 0x16, 0xF1, 0x3C, 0x02, 0x2F
	.byte 0xF1, 0x78, 0x0C, 0x2A, 0x0C, 0x30, 0x0C, 0x2F, 0x00, 0xA2, 0x12, 0xF1, 0x3C, 0x06, 0x22, 0xF1
	.byte 0x78, 0x0C, 0x29, 0x00, 0xAE, 0x16, 0xF1, 0x3C, 0x02, 0x2E, 0xF1, 0x78, 0x0C, 0x29, 0x0C, 0x2F
	.byte 0x00, 0xA2, 0x12, 0xF1, 0x3C, 0x06, 0x22, 0xF1, 0x78, 0x0C, 0x22, 0x0C, 0x29, 0x16, 0x2E, 0xF1
	.byte 0x3C, 0x02, 0x2E, 0xF1, 0x78, 0x0C, 0x29, 0x0C, 0x2F, 0x0C, 0x2E, 0x00, 0xA2, 0x12, 0xF1, 0x3C
	.byte 0x06, 0x22, 0xF1, 0x78, 0x0C, 0x29, 0x16, 0x2E, 0xF1, 0x3C, 0x02, 0x2E, 0xF1, 0x78, 0x0C, 0x29
	.byte 0x0C, 0x2F, 0x12, 0x22, 0xF1, 0x3C, 0x06, 0x22, 0xF1, 0x78, 0x0C, 0x22, 0x0C, 0x29, 0x16, 0x2E
	.byte 0xF1, 0x3C, 0x02, 0x2E, 0xF1, 0x78, 0x0C, 0x29, 0x0C, 0x2F, 0x0C, 0x2E, 0x00, 0xA0, 0x12, 0xF1
	.byte 0x3C, 0x06, 0x20, 0xF1, 0x78, 0x0C, 0x27, 0x00, 0xAC, 0x16, 0xF1, 0x3C, 0x02, 0x2C, 0xF1, 0x78
	.byte 0x0C, 0x27, 0x0C, 0x2D, 0x00, 0xA0, 0x12, 0xF1, 0x3C, 0x06, 0x20, 0xF1, 0x78, 0x0C, 0x20, 0x0C
	.byte 0x27, 0x00, 0xAC, 0x16, 0xF1, 0x3C, 0x02, 0x2C, 0xF1, 0x78, 0x0C, 0x27, 0x0C, 0x2D, 0x0C, 0x2C
	.byte 0x00, 0xA0, 0x12, 0xF1, 0x3C, 0x06, 0x20, 0xF1, 0x78, 0x0C, 0x27, 0x00, 0xAC, 0x16, 0xF1, 0x3C
	.byte 0x02, 0x2C, 0xF1, 0x78, 0x0C, 0x27, 0x0C, 0x2D, 0x00, 0xA0, 0x12, 0xF1, 0x3C, 0x06, 0x20, 0xF1
	.byte 0x78, 0x0C, 0x20, 0x0C, 0x27, 0x00, 0xAC, 0x16, 0xF1, 0x3C, 0x02, 0x2C, 0xF1, 0x78, 0x0C, 0x27
	.byte 0x0C, 0x2D, 0x0C, 0x2C, 0x00, 0xA5, 0x12, 0xF1, 0x3C, 0x06, 0x25, 0xF1, 0x78, 0x0C, 0x2C, 0x00
	.byte 0xB1, 0x16, 0xF1, 0x3C, 0x02, 0x31, 0xF1, 0x78, 0x0C, 0x2C, 0x0C, 0x32, 0x00, 0xA5, 0x12, 0xF1
	.byte 0x3C, 0x06, 0x25, 0xF1, 0x78, 0x0C, 0x25, 0x0C, 0x2C, 0x16, 0x31, 0xF1, 0x3C, 0x02, 0x31, 0xF1
	.byte 0x78, 0x0C, 0x2C, 0x0C, 0x32, 0x0C, 0x31, 0x00, 0xA5, 0x12, 0xF1, 0x3C, 0x06, 0x25, 0xF1, 0x78
	.byte 0x0C, 0x2C, 0x16, 0x31, 0xF1, 0x3C, 0x02, 0x31, 0xF1, 0x78, 0x0C, 0x2C, 0x0C, 0x32, 0x12, 0x25
	.byte 0xF1, 0x3C, 0x06, 0x25, 0xF1, 0x78, 0x0C, 0x25, 0x0C, 0x2C, 0x16, 0x31, 0xF1, 0x3C, 0x02, 0x31
	.byte 0xF1, 0x78, 0x0C, 0x2C, 0x0C, 0x32, 0x0C, 0x31, 0x00, 0xA3, 0x12, 0xF1, 0x3C, 0x06, 0x23, 0xF1
	.byte 0x78, 0x0C, 0x2A, 0x00, 0xAF, 0x16, 0xF1, 0x3C, 0x02, 0x2F, 0xF1, 0x78, 0x0C, 0x2A, 0x0C, 0x30
	.byte 0x00, 0xA3, 0x12, 0xF1, 0x3C, 0x06, 0x23, 0xF1, 0x78, 0x0C, 0x23, 0x0C, 0x2A, 0x00, 0xAF, 0x16
	.byte 0xF1, 0x3C, 0x02, 0x2F, 0xF1, 0x78, 0x0C, 0x2A, 0x0C, 0x30, 0x0C, 0x2F, 0x00, 0xA3, 0x12, 0xF1
	.byte 0x3C, 0x06, 0x23, 0xF1, 0x78, 0x0C, 0x2A, 0x00, 0xAF, 0x16, 0xF1, 0x3C, 0x02, 0x2F, 0xF1, 0x78
	.byte 0x0C, 0x2A, 0x0C, 0x30, 0x00, 0xA3, 0x12, 0xF1, 0x3C, 0x06, 0x23, 0xF1, 0x78, 0x0C, 0x23, 0x0C
	.byte 0x2A, 0x00, 0xAF, 0x16, 0xF1, 0x3C, 0x02, 0x2F, 0xF1, 0x78, 0x0C, 0x2A, 0x0C, 0x30, 0x0C, 0x2F
	.byte 0x00, 0xA2, 0x18, 0xF1, 0x3C, 0x18, 0x22, 0xF6, 0x8F, 0xF6, 0xC0, 0xF0, 0x01, 0xF2, 0x3C, 0xF1
	.byte 0x50, 0x00, 0xD1, 0x08, 0xF1, 0x14, 0x04, 0x51, 0xF1, 0x50, 0x00, 0xDA, 0x08, 0xF1, 0x14, 0x04
	.byte 0x5A, 0xF1, 0x50, 0x00, 0xD1, 0x08, 0xF1, 0x14, 0x04, 0x51, 0xF1, 0x50, 0x00, 0xD9, 0x08, 0xF1
	.byte 0x14, 0x04, 0x59, 0xF1, 0x50, 0x00, 0xD0, 0x08, 0xF1, 0x14, 0x04, 0x50, 0xF1, 0x50, 0x00, 0xD1
	.byte 0x08, 0xF1, 0x14, 0x04, 0x51, 0xF1, 0x50, 0x00, 0xD6, 0x08, 0xF1, 0x14, 0x04, 0x56, 0xF1, 0x50
	.byte 0x00, 0xDA, 0x08, 0xF1, 0x14, 0x04, 0x5A, 0xF1, 0x50, 0x00, 0xDD, 0x08, 0xF1, 0x14, 0x04, 0x5D
	.byte 0xF1, 0x50, 0x00, 0xDA, 0x08, 0xF1, 0x14, 0x04, 0x5A, 0xF1, 0x50, 0x08, 0x56, 0xF6, 0x04, 0x00
	.byte 0xD1, 0x08, 0xF1, 0x14, 0x04, 0x51, 0xF1, 0x50, 0x00, 0xD0, 0x08, 0xF1, 0x14, 0x04, 0x50, 0xF1
	.byte 0x50, 0x00, 0xD1, 0x08, 0xF1, 0x14, 0x04, 0x51, 0xF1, 0x50, 0x00, 0xCE, 0x08, 0xF1, 0x14, 0x04
	.byte 0x4E, 0xF1, 0x50, 0x00, 0xCA, 0x08, 0xF1, 0x14, 0x04, 0x4A, 0xF1, 0x50, 0x00, 0xD1, 0x08, 0xF1
	.byte 0x14, 0x04, 0x51, 0xF1, 0x50, 0x00, 0xDA, 0x08, 0xF1, 0x14, 0x04, 0x5A, 0xF1, 0x50, 0x00, 0xD1
	.byte 0x08, 0xF1, 0x14, 0x04, 0x51, 0xF1, 0x50, 0x00, 0xD9, 0x08, 0xF1, 0x14, 0x04, 0x59, 0xF1, 0x50
	.byte 0x00, 0xD0, 0x08, 0xF1, 0x14, 0x04, 0x50, 0xF1, 0x50, 0x00, 0xD1, 0x08, 0xF1, 0x14, 0x04, 0x51
	.byte 0xF1, 0x50, 0x00, 0xD6, 0x08, 0xF1, 0x14, 0x04, 0x56, 0xF1, 0x50, 0x00, 0xDA, 0x08, 0xF1, 0x14
	.byte 0x04, 0x5A, 0xF1, 0x50, 0x00, 0xDD, 0x08, 0xF1, 0x14, 0x04, 0x5D, 0xF1, 0x50, 0x00, 0xDA, 0x08
	.byte 0xF1, 0x14, 0x04, 0x5A, 0xF1, 0x50, 0x00, 0xD6, 0x08, 0xF1, 0x14, 0x04, 0x56, 0xF1, 0x50, 0x00
	.byte 0xD1, 0x08, 0xF1, 0x14, 0x04, 0x51, 0xF1, 0x50, 0x00, 0xD0, 0x08, 0xF1, 0x14, 0x04, 0x50, 0xF1
	.byte 0x50, 0x00, 0xD1, 0x08, 0xF1, 0x14, 0x04, 0x51, 0xF1, 0x50, 0x00, 0xCE, 0x08, 0xF1, 0x14, 0x04
	.byte 0x4E, 0xF1, 0x50, 0x00, 0xCA, 0x08, 0xF1, 0x14, 0x04, 0x4A, 0xF1, 0x50, 0x00, 0xD5, 0x08, 0xF1
	.byte 0x14, 0x04, 0x55, 0xF1, 0x50, 0x00, 0xDE, 0x08, 0xF1, 0x14, 0x04, 0x5E, 0xF1, 0x50, 0x00, 0xD5
	.byte 0x08, 0xF1, 0x14, 0x04, 0x55, 0xF1, 0x50, 0x00, 0xDD, 0x08, 0xF1, 0x14, 0x04, 0x5D, 0xF1, 0x50
	.byte 0x00, 0xD4, 0x08, 0xF1, 0x14, 0x04, 0x54, 0xF1, 0x50, 0x00, 0xD5, 0x08, 0xF1, 0x14, 0x04, 0x55
	.byte 0xF1, 0x50, 0x00, 0xDA, 0x08, 0xF1, 0x14, 0x04, 0x5A, 0xF1, 0x50, 0x00, 0xDE, 0x08, 0xF1, 0x14
	.byte 0x04, 0x5E, 0xF1, 0x50, 0x00, 0xE1, 0x08, 0xF1, 0x14, 0x04, 0x61, 0xF1, 0x50, 0x00, 0xDE, 0x08
	.byte 0xF1, 0x14, 0x04, 0x5E, 0xF1, 0x50, 0x00, 0xDA, 0x08, 0xF1, 0x14, 0x04, 0x5A, 0xF1, 0x50, 0x00
	.byte 0xD5, 0x08, 0xF1, 0x14, 0x04, 0x55, 0xF1, 0x50, 0x00, 0xD4, 0x08, 0xF1, 0x14, 0x04, 0x54, 0xF1
	.byte 0x50, 0x00, 0xD5, 0x08, 0xF1, 0x14, 0x04, 0x55, 0xF1, 0x50, 0x00, 0xD2, 0x08, 0xF1, 0x14, 0x04
	.byte 0x52, 0xF1, 0x50, 0x00, 0xCE, 0x08, 0xF1, 0x14, 0x04, 0x4E, 0xF1, 0x50, 0xF6, 0x0C, 0xF0, 0x23
	.byte 0xF2, 0x96, 0xF1, 0x3C, 0x18, 0x3A, 0x18, 0x3F, 0x18, 0x3D, 0x18, 0x3F, 0x18, 0x39, 0x18, 0x3F
	.byte 0x18, 0x38, 0x18, 0x3F, 0x18, 0x36, 0x18, 0x40, 0x18, 0x3F, 0x18, 0x40, 0x18, 0x35, 0x18, 0x40
	.byte 0x18, 0x39, 0x18, 0x40, 0x18, 0x3A, 0x18, 0x43, 0x18, 0x42, 0x18, 0x43, 0x18, 0x47, 0x18, 0x43
	.byte 0x18, 0x42, 0x18, 0x43, 0x18, 0x40, 0x18, 0x43, 0x18, 0x3F, 0x18, 0x43, 0x18, 0x3E, 0x18, 0x43
	.byte 0x18, 0x3D, 0x18, 0x43, 0x18, 0x3C, 0x18, 0x41, 0x18, 0x3F, 0x18, 0x41, 0x18, 0x3B, 0x18, 0x41
	.byte 0x18, 0x3A, 0x18, 0x41, 0x18, 0x38, 0x18, 0x42, 0x18, 0x41, 0x18, 0x42, 0x18, 0x37, 0x18, 0x42
	.byte 0x18, 0x3B, 0x18, 0x42, 0x18, 0x3C, 0x18, 0x45, 0x18, 0x44, 0x18, 0x45, 0x18, 0x49, 0x18, 0x45
	.byte 0x18, 0x44, 0x0C, 0x45, 0xF8, 0x23, 0xF8, 0xFF, 0xF9, 0x7E, 0xF6, 0xC0, 0xF6, 0xC0, 0xF6, 0xC0
	.byte 0xF6, 0xC0, 0xF6, 0xA8, 0xF0, 0x00, 0xF1, 0x3C, 0xF2, 0xFA, 0x0C, 0x2C, 0x0C, 0x2C, 0x0C, 0x2C
	.byte 0xF2, 0xDC, 0x0C, 0x2C, 0x0C, 0x2C, 0x0C, 0x2C, 0xF2, 0xB4, 0x0C, 0x2C, 0x0C, 0x2C, 0x0C, 0x2C
	.byte 0xF2, 0x96, 0x0C, 0x2C, 0x0C, 0x2C, 0x0C, 0x2C, 0xF2, 0x78, 0x0C, 0x2C, 0x0C, 0x2C, 0x0C, 0x2C
	.byte 0xF2, 0x50, 0x0C, 0x2C, 0x0C, 0x2C, 0x0C, 0x2C, 0xF2, 0x32, 0x0C, 0x2C, 0x0C, 0x2C, 0x0C, 0x2C
	.byte 0xF2, 0x14, 0x0C, 0x2C, 0x0C, 0x2C, 0x0C, 0x2C, 0xF2, 0x00, 0x0C, 0x2C, 0x0C, 0x2C, 0x0C, 0x2C
	.byte 0xF2, 0x1E, 0x0C, 0x2C, 0x0C, 0x2C, 0x0C, 0x2C, 0xF2, 0x3C, 0x0C, 0x2C, 0x0C, 0x2C, 0x0C, 0x2C
	.byte 0xF2, 0x5A, 0x0C, 0x2C, 0x0C, 0x2C, 0x0C, 0x2C, 0xF2, 0x78, 0x0C, 0x2C, 0x0C, 0x2C, 0x0C, 0x2C
	.byte 0xF2, 0x96, 0x0C, 0x2C, 0x0C, 0x2C, 0x0C, 0x2C, 0xF2, 0xB4, 0x0C, 0x2C, 0x0C, 0x2C, 0x0C, 0x2C
	.byte 0xF2, 0xD2, 0x0C, 0x2C, 0x0C, 0x2C, 0x0C, 0x2C, 0xF2, 0xF0, 0x0C, 0x2C, 0x0C, 0x2C, 0x0C, 0x2C
	.byte 0xF2, 0xFF, 0x0C, 0x2C, 0x0C, 0x2C, 0x0C, 0x2C, 0xF2, 0xDC, 0x0C, 0x2C, 0x0C, 0x2C, 0x0C, 0x2C
	.byte 0xF2, 0xBE, 0x0C, 0x2C, 0x0C, 0x2C, 0x0C, 0x2C, 0xF2, 0xA0, 0x0C, 0x2C, 0x0C, 0x2C, 0x0C, 0x2C
	.byte 0xF2, 0x82, 0x0C, 0x2C, 0x0C, 0x2C, 0x0C, 0x2C, 0xF6, 0x0C, 0xF0, 0x23, 0xF2, 0x96, 0xF1, 0x3C
	.byte 0x0C, 0x3A, 0x0C, 0x3B, 0x0C, 0x3E, 0x0C, 0x3A, 0x0C, 0x3B, 0x0C, 0x41, 0x0C, 0x39, 0x00, 0xBA
	.byte 0x12, 0xF1, 0x14, 0x06, 0x3A, 0xF1, 0x3C, 0x0C, 0x3B, 0x0C, 0x42, 0x0C, 0x3A, 0x0C, 0x3B, 0x0C
	.byte 0x41, 0x0C, 0x3A, 0x0C, 0x3B, 0x0C, 0x3A, 0x0C, 0x3B, 0x0C, 0x3E, 0x0C, 0x3A, 0x0C, 0x3B, 0x0C
	.byte 0x41, 0x0C, 0x39, 0x00, 0xBA, 0x12, 0xF1, 0x14, 0x06, 0x3A, 0xF1, 0x3C, 0x0C, 0x3B, 0x0C, 0x42
	.byte 0x0C, 0x3A, 0x0C, 0x3B, 0x0C, 0x41, 0x0C, 0x3A, 0x0C, 0x3B, 0x0C, 0x38, 0x0C, 0x39, 0x0C, 0x3C
	.byte 0x0C, 0x38, 0x0C, 0x39, 0x0C, 0x3F, 0x0C, 0x37, 0x00, 0xB8, 0x12, 0xF1, 0x14, 0x06, 0x38, 0xF1
	.byte 0x3C, 0x0C, 0x39, 0x0C, 0x40, 0x0C, 0x38, 0x0C, 0x39, 0x0C, 0x3F, 0x0C, 0x38, 0x0C, 0x39, 0x0C
	.byte 0x38, 0x0C, 0x39, 0x0C, 0x3C, 0x0C, 0x38, 0x0C, 0x39, 0x0C, 0x3F, 0x0C, 0x37, 0x00, 0xB8, 0x12
	.byte 0xF1, 0x14, 0x06, 0x38, 0xF1, 0x3C, 0x0C, 0x39, 0x0C, 0x40, 0x0C, 0x38, 0x0C, 0x39, 0x0C, 0x3F
	.byte 0x0C, 0x38, 0x0C, 0x39, 0x0C, 0x3D, 0x0C, 0x3E, 0x0C, 0x41, 0x0C, 0x3D, 0x0C, 0x3E, 0x0C, 0x44
	.byte 0x0C, 0x3C, 0x00, 0xBD, 0x12, 0xF1, 0x14, 0x06, 0x3D, 0xF1, 0x3C, 0x0C, 0x3E, 0x0C, 0x45, 0x0C
	.byte 0x3D, 0x0C, 0x3E, 0x0C, 0x44, 0x0C, 0x3D, 0x0C, 0x3E, 0x0C, 0x3D, 0x0C, 0x3E, 0x0C, 0x41, 0x0C
	.byte 0x3D, 0x0C, 0x3E, 0x0C, 0x44, 0x0C, 0x3C, 0x00, 0xBD, 0x12, 0xF1, 0x14, 0x06, 0x3D, 0xF1, 0x3C
	.byte 0x0C, 0x3E, 0x0C, 0x45, 0x0C, 0x3D, 0x0C, 0x3E, 0x0C, 0x44, 0x0C, 0x3D, 0x0C, 0x3E, 0x0C, 0x3B
	.byte 0x0C, 0x3C, 0x0C, 0x3F, 0x0C, 0x3B, 0x0C, 0x3C, 0x0C, 0x42, 0x0C, 0x3A, 0x00, 0xBB, 0x12, 0xF1
	.byte 0x14, 0x06, 0x3B, 0xF1, 0x3C, 0x0C, 0x3C, 0x0C, 0x43, 0x0C, 0x3B, 0x0C, 0x3C, 0x0C, 0x42, 0x0C
	.byte 0x3B, 0x0C, 0x3C, 0x0C, 0x3B, 0x0C, 0x3C, 0x0C, 0x3F, 0x0C, 0x3B, 0x0C, 0x3C, 0x0C, 0x42, 0x0C
	.byte 0x3A, 0x00, 0xBB, 0x12, 0xF1, 0x14, 0x06, 0x3B, 0xF1, 0x3C, 0x0C, 0x3C, 0x0C, 0x43, 0x0C, 0x3B
	.byte 0x0C, 0x3C, 0x0C, 0x42, 0x0C, 0x3B, 0x0C, 0x3C, 0x0C, 0x3A, 0x0C, 0x3B, 0x0C, 0x3E, 0x0C, 0x3A
	.byte 0x0C, 0x3B, 0x0C, 0x41, 0x0C, 0x39, 0x00, 0xBA, 0x12, 0xF1, 0x14, 0x06, 0x3A, 0xF1, 0x3C, 0x0C
	.byte 0x3B, 0x0C, 0x42, 0x0C, 0x3A, 0x0C, 0x3B, 0x0C, 0x41, 0x0C, 0x3A, 0x0C, 0x3B, 0x0C, 0x3A, 0x0C
	.byte 0x3B, 0x0C, 0x3E, 0x0C, 0x3A, 0x0C, 0x3B, 0x0C, 0x41, 0x0C, 0x39, 0x00, 0xBA, 0x12, 0xF1, 0x14
	.byte 0x06, 0x3A, 0xF1, 0x3C, 0x0C, 0x3B, 0x0C, 0x42, 0x0C, 0x3A, 0x0C, 0x3B, 0x0C, 0x41, 0x0C, 0x3A
	.byte 0x0C, 0x3B, 0x0C, 0x38, 0x0C, 0x39, 0x0C, 0x3C, 0x0C, 0x38, 0x0C, 0x39, 0x0C, 0x3F, 0x0C, 0x37
	.byte 0x00, 0xB8, 0x12, 0xF1, 0x14, 0x06, 0x38, 0xF1, 0x3C, 0x0C, 0x39, 0x0C, 0x40, 0x0C, 0x38, 0x0C
	.byte 0x39, 0x0C, 0x3F, 0x0C, 0x38, 0x0C, 0x39, 0x0C, 0x38, 0x0C, 0x39, 0x0C, 0x3C, 0x0C, 0x38, 0x0C
	.byte 0x39, 0x0C, 0x3F, 0x0C, 0x37, 0x00, 0xB8, 0x12, 0xF1, 0x14, 0x06, 0x38, 0xF1, 0x3C, 0x0C, 0x39
	.byte 0x0C, 0x40, 0x0C, 0x38, 0x0C, 0x39, 0x0C, 0x3F, 0x0C, 0x38, 0x0C, 0x39, 0x0C, 0x3D, 0x0C, 0x3E
	.byte 0x0C, 0x41, 0x0C, 0x3D, 0x0C, 0x3E, 0x0C, 0x44, 0x0C, 0x3C, 0x00, 0xBD, 0x12, 0xF1, 0x14, 0x06
	.byte 0x3D, 0xF1, 0x3C, 0x0C, 0x3E, 0x0C, 0x45, 0x0C, 0x3D, 0x0C, 0x3E, 0x0C, 0x44, 0x0C, 0x3D, 0x0C
	.byte 0x3E, 0x0C, 0x3D, 0x0C, 0x3E, 0x0C, 0x41, 0x0C, 0x3D, 0x0C, 0x3E, 0x0C, 0x44, 0x0C, 0x3C, 0x00
	.byte 0xBD, 0x12, 0xF1, 0x14, 0x06, 0x3D, 0xF1, 0x3C, 0x0C, 0x3E, 0x0C, 0x45, 0x0C, 0x3D, 0x0C, 0x3E
	.byte 0x0C, 0x44, 0x0C, 0x3D, 0x0C, 0x3E, 0x0C, 0x3B, 0x0C, 0x3C, 0x0C, 0x3F, 0x0C, 0x3B, 0x0C, 0x3C
	.byte 0x0C, 0x42, 0x0C, 0x3A, 0x00, 0xBB, 0x12, 0xF1, 0x14, 0x06, 0x3B, 0xF1, 0x3C, 0x0C, 0x3C, 0x0C
	.byte 0x43, 0x0C, 0x3B, 0x0C, 0x3C, 0x0C, 0x42, 0x0C, 0x3B, 0x0C, 0x3C, 0x0C, 0x3B, 0x0C, 0x3C, 0x0C
	.byte 0x3F, 0x0C, 0x3B, 0x0C, 0x3C, 0x0C, 0x42, 0x0C, 0x3A, 0x00, 0xBB, 0x12, 0xF1, 0x14, 0x06, 0x3B
	.byte 0xF1, 0x3C, 0x0C, 0x3C, 0x0C, 0x43, 0x0C, 0x3B, 0x0C, 0x3C, 0x0C, 0x42, 0x0C, 0x3B, 0x0C, 0x3C
	.byte 0xF6, 0xB4, 0xF6, 0xC0, 0xF0, 0x00, 0xF1, 0x3C, 0xF2, 0x00, 0x0C, 0x3C, 0x0C, 0x3C, 0x0C, 0x3C
	.byte 0xF2, 0x1E, 0x0C, 0x3C, 0x0C, 0x3C, 0x0C, 0x3C, 0xF2, 0x3C, 0x0C, 0x3C, 0x0C, 0x3C, 0x0C, 0x3C
	.byte 0xF2, 0x5A, 0x0C, 0x3C, 0x0C, 0x3C, 0x0C, 0x3C, 0xF2, 0x78, 0x0C, 0x3C, 0x0C, 0x3C, 0x0C, 0x3C
	.byte 0xF2, 0x96, 0x0C, 0x3C, 0x0C, 0x3C, 0x0C, 0x3C, 0xF2, 0xB4, 0x0C, 0x3C, 0x0C, 0x3C, 0x0C, 0x3C
	.byte 0xF2, 0xD2, 0x0C, 0x3C, 0x0C, 0x3C, 0x0C, 0x3C, 0xF2, 0xF0, 0x0C, 0x3C, 0x0C, 0x3C, 0x0C, 0x3C
	.byte 0xF2, 0xD2, 0x0C, 0x3C, 0x0C, 0x3C, 0x0C, 0x3C, 0xF2, 0xB4, 0x0C, 0x3C, 0x0C, 0x3C, 0x0C, 0x3C
	.byte 0xF2, 0x96, 0x0C, 0x3C, 0x0C, 0x3C, 0x0C, 0x3C, 0xF2, 0x78, 0x0C, 0x3C, 0x0C, 0x3C, 0x0C, 0x3C
	.byte 0xF2, 0x5A, 0x0C, 0x3C, 0x0C, 0x3C, 0x0C, 0x3C, 0xF2, 0x3C, 0x0C, 0x3C, 0x0C, 0x3C, 0x0C, 0x3C
	.byte 0xF2, 0x1E, 0x0C, 0x3C, 0x0C, 0x3C, 0x0C, 0x3C, 0xF1, 0xC8, 0xF2, 0x7F, 0x00, 0xB2, 0xC0, 0x00
	.byte 0xB2, 0xC0, 0xC0, 0x32, 0xF6, 0xC0, 0xF6, 0xC0, 0xF6, 0xC0, 0xF6, 0xC0, 0xF8, 0x51, 0xFC, 0xFF
	.byte 0xF9, 0x7E, 0xF6, 0xC0, 0xF6, 0xC0, 0xF6, 0xC0, 0xF6, 0xC0, 0xF6, 0x90, 0xF0, 0xC2, 0xF2, 0x7D
	.byte 0xF1, 0x0A, 0x18, 0x2D, 0xF1, 0x14, 0x18, 0x2D, 0xF1, 0x28, 0x18, 0x2D, 0xF1, 0x3C, 0x00, 0xAE
	.byte 0xA8, 0x00, 0xAE, 0xC0, 0x00, 0xAE, 0xC0, 0xC0, 0x2E, 0x00, 0xAE, 0xC0, 0xC0, 0x2E, 0x00, 0xAC
	.byte 0xC0, 0xC0, 0x2C, 0x00, 0xA5, 0xC0, 0xC0, 0x25, 0x00, 0xAF, 0xC0, 0xC0, 0x2F, 0x00, 0xAE, 0xC0
	.byte 0xC0, 0x2E, 0x00, 0xAC, 0xC0, 0xC0, 0x2C, 0x00, 0xB1, 0xC0, 0xC0, 0x31, 0x00, 0xAF, 0xC0, 0xC0
	.byte 0x2F, 0x00, 0xAE, 0xC0, 0xC0, 0x2E, 0x00, 0xAD, 0xC0, 0x00, 0xAD, 0xC0, 0xF1, 0x28, 0xC0, 0x2D
	.byte 0x60, 0x2E, 0xF1, 0x1E, 0x60, 0x2E, 0x48, 0x2E, 0xF1, 0x14, 0x48, 0x2E, 0xF6, 0x30, 0xF6, 0xC0
	.byte 0xF6, 0xC0, 0xF1, 0x14, 0x60, 0x24, 0xF1, 0x28, 0x60, 0x24, 0xF1, 0x1E, 0x30, 0x24, 0xF1, 0x14
	.byte 0x30, 0x24, 0xF1, 0x0A, 0x30, 0x24, 0xF6, 0x30, 0xF6, 0xC0, 0xF8, 0x7B, 0xFF, 0xFF, 0xF9, 0x7E
	.byte 0xF6, 0x08, 0xF0, 0xC0, 0xF2, 0x96, 0xF1, 0x28, 0x18, 0x3C, 0x18, 0x41, 0x18, 0x3F, 0x18, 0x41
	.byte 0x18, 0x3B, 0x18, 0x41, 0x18, 0x3A, 0x18, 0x41, 0x18, 0x38, 0x18, 0x42, 0x18, 0x41, 0x18, 0x42
	.byte 0x18, 0x37, 0x18, 0x42, 0x18, 0x3B, 0x18, 0x42, 0x18, 0x3C, 0x18, 0x45, 0x18, 0x44, 0x18, 0x45
	.byte 0x18, 0x49, 0x18, 0x45, 0x18, 0x44, 0x10, 0x45, 0x08, 0x45, 0x18, 0x42, 0x18, 0x45, 0x18, 0x41
	.byte 0x18, 0x45, 0x18, 0x40, 0x18, 0x45, 0x18, 0x3F, 0x18, 0x45, 0x18, 0x3E, 0x18, 0x42, 0x18, 0x3D
	.byte 0x18, 0x42, 0x18, 0x3C, 0x18, 0x42, 0x18, 0x3B, 0x18, 0x42, 0x18, 0x3A, 0x18, 0x3B, 0x18, 0x3E
	.byte 0x18, 0x3A, 0x18, 0x3B, 0x18, 0x41, 0x18, 0x3A, 0x18, 0x3B, 0x18, 0x3A, 0x18, 0x3B, 0x18, 0x42
	.byte 0x18, 0x3A, 0x18, 0x3B, 0x18, 0x41, 0x18, 0x3A, 0x18, 0x3B, 0x18, 0x3A, 0x18, 0x3B, 0x18, 0x3E
	.byte 0x18, 0x3A, 0x18, 0x3B, 0x18, 0x41, 0x18, 0x3A, 0x18, 0x3B, 0x18, 0x3A, 0x18, 0x3B, 0x18, 0x42
	.byte 0x18, 0x3A, 0x18, 0x3B, 0x18, 0x41, 0x18, 0x3A, 0x18, 0x3B, 0x0C, 0x3A, 0x0C, 0x3B, 0x0C, 0x3E
	.byte 0x0C, 0x3A, 0x0C, 0x3B, 0x0C, 0x41, 0x0C, 0x39, 0x00, 0xBA, 0x12, 0xF1, 0x14, 0x06, 0x3A, 0xF1
	.byte 0x28, 0x0C, 0x3B, 0x0C, 0x42, 0x0C, 0x3A, 0x0C, 0x3B, 0x0C, 0x41, 0x0C, 0x3A, 0x0C, 0x3B, 0x0C
	.byte 0x3A, 0x0C, 0x3B, 0x0C, 0x3E, 0x0C, 0x3A, 0x0C, 0x3B, 0x0C, 0x41, 0x0C, 0x39, 0x00, 0xBA, 0x12
	.byte 0xF1, 0x14, 0x06, 0x3A, 0xF1, 0x28, 0x0C, 0x3B, 0x0C, 0x42, 0x0C, 0x3A, 0x0C, 0x3B, 0x0C, 0x41
	.byte 0x0C, 0x3A, 0x0C, 0x3B, 0x0C, 0x38, 0x0C, 0x39, 0x0C, 0x3C, 0x0C, 0x38, 0x0C, 0x39, 0x0C, 0x3F
	.byte 0x0C, 0x37, 0x00, 0xB8, 0x12, 0xF1, 0x14, 0x06, 0x38, 0xF1, 0x28, 0x0C, 0x39, 0x0C, 0x40, 0x0C
	.byte 0x38, 0x0C, 0x39, 0x0C, 0x3F, 0x0C, 0x38, 0x0C, 0x39, 0x0C, 0x38, 0x0C, 0x39, 0x0C, 0x3C, 0x0C
	.byte 0x38, 0x0C, 0x39, 0x0C, 0x3F, 0x0C, 0x37, 0x00, 0xB8, 0x12, 0xF1, 0x14, 0x06, 0x38, 0xF1, 0x28
	.byte 0x0C, 0x39, 0x0C, 0x40, 0x0C, 0x38, 0x0C, 0x39, 0x0C, 0x3F, 0x0C, 0x38, 0x0C, 0x39, 0x0C, 0x3D
	.byte 0x0C, 0x3E, 0x0C, 0x41, 0x0C, 0x3D, 0x0C, 0x3E, 0x0C, 0x44, 0x0C, 0x3C, 0x00, 0xBD, 0x12, 0xF1
	.byte 0x14, 0x06, 0x3D, 0xF1, 0x28, 0x0C, 0x3E, 0x0C, 0x45, 0x0C, 0x3D, 0x0C, 0x3E, 0x0C, 0x44, 0x0C
	.byte 0x3D, 0x0C, 0x3E, 0x0C, 0x3D, 0x0C, 0x3E, 0x0C, 0x41, 0x0C, 0x3D, 0x0C, 0x3E, 0x0C, 0x44, 0x0C
	.byte 0x3C, 0x00, 0xBD, 0x12, 0xF1, 0x14, 0x06, 0x3D, 0xF1, 0x28, 0x0C, 0x3E, 0x0C, 0x45, 0x0C, 0x3D
	.byte 0x0C, 0x3E, 0x0C, 0x44, 0x0C, 0x3D, 0x0C, 0x3E, 0x0C, 0x3B, 0x0C, 0x3C, 0x0C, 0x3F, 0x0C, 0x3B
	.byte 0x0C, 0x3C, 0x0C, 0x42, 0x0C, 0x3A, 0x00, 0xBB, 0x12, 0xF1, 0x14, 0x06, 0x3B, 0xF1, 0x28, 0x0C
	.byte 0x3C, 0x0C, 0x43, 0x0C, 0x3B, 0x0C, 0x3C, 0x0C, 0x42, 0x0C, 0x3B, 0x0C, 0x3C, 0x0C, 0x3B, 0x0C
	.byte 0x3C, 0x0C, 0x3F, 0x0C, 0x3B, 0x0C, 0x3C, 0x0C, 0x42, 0x0C, 0x3A, 0x00, 0xBB, 0x12, 0xF1, 0x14
	.byte 0x06, 0x3B, 0xF1, 0x28, 0x0C, 0x3C, 0x0C, 0x43, 0x0C, 0x3B, 0x0C, 0x3C, 0x0C, 0x42, 0x0C, 0x3B
	.byte 0x0C, 0x3C, 0x0C, 0x3A, 0x0C, 0x3B, 0x0C, 0x3E, 0x0C, 0x3A, 0x0C, 0x3B, 0x0C, 0x41, 0x0C, 0x39
	.byte 0x00, 0xBA, 0x12, 0xF1, 0x14, 0x06, 0x3A, 0xF1, 0x28, 0x0C, 0x3B, 0x0C, 0x42, 0x0C, 0x3A, 0x0C
	.byte 0x3B, 0x0C, 0x41, 0x0C, 0x3A, 0x0C, 0x3B, 0x0C, 0x3A, 0x0C, 0x3B, 0x0C, 0x3E, 0x0C, 0x3A, 0x0C
	.byte 0x3B, 0x0C, 0x41, 0x0C, 0x39, 0x00, 0xBA, 0x12, 0xF1, 0x14, 0x06, 0x3A, 0xF1, 0x28, 0x0C, 0x3B
	.byte 0x0C, 0x42, 0x0C, 0x3A, 0x0C, 0x3B, 0x0C, 0x41, 0x0C, 0x3A, 0x0C, 0x3B, 0x0C, 0x38, 0x0C, 0x39
	.byte 0x0C, 0x3C, 0x0C, 0x38, 0x0C, 0x39, 0x0C, 0x3F, 0x0C, 0x37, 0x00, 0xB8, 0x12, 0xF1, 0x14, 0x06
	.byte 0x38, 0xF1, 0x28, 0x0C, 0x39, 0x0C, 0x40, 0x0C, 0x38, 0x0C, 0x39, 0x0C, 0x3F, 0x0C, 0x38, 0x0C
	.byte 0x39, 0x0C, 0x38, 0x0C, 0x39, 0x0C, 0x3C, 0x0C, 0x38, 0x0C, 0x39, 0x0C, 0x3F, 0x0C, 0x37, 0x00
	.byte 0xB8, 0x12, 0xF1, 0x14, 0x06, 0x38, 0xF1, 0x28, 0x0C, 0x39, 0x0C, 0x40, 0x0C, 0x38, 0x0C, 0x39
	.byte 0x0C, 0x3F, 0x0C, 0x38, 0x0C, 0x39, 0x0C, 0x3D, 0x0C, 0x3E, 0x0C, 0x41, 0x0C, 0x3D, 0x0C, 0x3E
	.byte 0x0C, 0x44, 0x0C, 0x3C, 0x00, 0xBD, 0x12, 0xF1, 0x14, 0x06, 0x3D, 0xF1, 0x28, 0x0C, 0x3E, 0x0C
	.byte 0x45, 0x0C, 0x3D, 0x0C, 0x3E, 0x0C, 0x44, 0x0C, 0x3D, 0x0C, 0x3E, 0x0C, 0x3D, 0x0C, 0x3E, 0x0C
	.byte 0x41, 0x0C, 0x3D, 0x0C, 0x3E, 0x0C, 0x44, 0x0C, 0x3C, 0x00, 0xBD, 0x12, 0xF1, 0x14, 0x06, 0x3D
	.byte 0xF1, 0x28, 0x0C, 0x3E, 0x0C, 0x45, 0x0C, 0x3D, 0x0C, 0x3E, 0x0C, 0x44, 0x0C, 0x3D, 0x0C, 0x3E
	.byte 0x0C, 0x3B, 0x0C, 0x3C, 0x0C, 0x3F, 0x0C, 0x3B, 0x0C, 0x3C, 0x0C, 0x42, 0x0C, 0x3A, 0x00, 0xBB
	.byte 0x12, 0xF1, 0x14, 0x06, 0x3B, 0xF1, 0x28, 0x0C, 0x3C, 0x0C, 0x43, 0x0C, 0x3B, 0x0C, 0x3C, 0x0C
	.byte 0x42, 0x0C, 0x3B, 0x0C, 0x3C, 0x0C, 0x3B, 0x0C, 0x3C, 0x0C, 0x3F, 0x0C, 0x3B, 0x0C, 0x3C, 0x0C
	.byte 0x42, 0x0C, 0x3A, 0x00, 0xBB, 0x12, 0xF1, 0x14, 0x06, 0x3B, 0xF1, 0x28, 0x0C, 0x3C, 0x0C, 0x43
	.byte 0x0C, 0x3B, 0x0C, 0x3C, 0x0C, 0x42, 0x0C, 0x3B, 0x0C, 0x3C, 0x0C, 0x3A, 0x0C, 0x3F, 0x0C, 0x3D
	.byte 0x0C, 0x3F, 0x0C, 0x39, 0x0C, 0x3F, 0x0C, 0x38, 0x0C, 0x3F, 0x0C, 0x36, 0x0C, 0x40, 0x0C, 0x3F
	.byte 0x0C, 0x40, 0x0C, 0x35, 0x0C, 0x40, 0x0C, 0x39, 0x0C, 0x40, 0x0C, 0x3A, 0x0C, 0x43, 0x0C, 0x42
	.byte 0x0C, 0x43, 0x0C, 0x47, 0x0C, 0x43, 0x0C, 0x42, 0x0C, 0x43, 0x0C, 0x40, 0x0C, 0x43, 0x0C, 0x3F
	.byte 0x0C, 0x43, 0x0C, 0x3E, 0x0C, 0x43, 0x0C, 0x3D, 0x0C, 0x43, 0x0C, 0x42, 0x0C, 0x45, 0x0C, 0x41
	.byte 0x0C, 0x45, 0x0C, 0x40, 0x0C, 0x45, 0x0C, 0x3F, 0x0C, 0x45, 0x0C, 0x3E, 0x0C, 0x42, 0x0C, 0x3D
	.byte 0x0C, 0x42, 0x0C, 0x3C, 0x0C, 0x42, 0x0C, 0x3B, 0x0C, 0x42, 0x0C, 0x45, 0x0C, 0x48, 0x0C, 0x44
	.byte 0x0C, 0x48, 0x0C, 0x43, 0x0C, 0x48, 0x0C, 0x42, 0x0C, 0x48, 0x0C, 0x41, 0x0C, 0x45, 0x0C, 0x40
	.byte 0x0C, 0x45, 0x0C, 0x3F, 0x0C, 0x45, 0x0C, 0x3E, 0x0C, 0x45, 0x0C, 0x49, 0x0C, 0x4C, 0x0C, 0x48
	.byte 0x0C, 0x4C, 0x0C, 0x47, 0x0C, 0x4C, 0x0C, 0x46, 0x0C, 0x4C, 0x0C, 0x45, 0x0C, 0x49, 0x0C, 0x44
	.byte 0x0C, 0x49, 0x0C, 0x43, 0x0C, 0x49, 0x0C, 0x42, 0x0C, 0x49, 0x18, 0x3A, 0x18, 0x3F, 0x18, 0x3D
	.byte 0x18, 0x3F, 0x18, 0x39, 0x18, 0x3F, 0x18, 0x38, 0x18, 0x3F, 0x18, 0x36, 0x18, 0x40, 0x18, 0x3F
	.byte 0x18, 0x40, 0x18, 0x35, 0x18, 0x40, 0x18, 0x39, 0x18, 0x40, 0x18, 0x3A, 0x18, 0x43, 0x18, 0x42
	.byte 0x18, 0x43, 0x18, 0x47, 0x18, 0x43, 0x18, 0x42, 0x18, 0x43, 0x18, 0x40, 0x18, 0x43, 0x18, 0x3F
	.byte 0x18, 0x43, 0x18, 0x3E, 0x18, 0x43, 0x18, 0x3D, 0x18, 0x43, 0x18, 0x3C, 0x18, 0x41, 0x18, 0x3F
	.byte 0x18, 0x41, 0x18, 0x3B, 0x18, 0x41, 0x18, 0x3A, 0x18, 0x41, 0x18, 0x38, 0x18, 0x42, 0x18, 0x41
	.byte 0x18, 0x42, 0x18, 0x37, 0x18, 0x42, 0x18, 0x3B, 0x18, 0x42, 0x18, 0x3C, 0x18, 0x45, 0x18, 0x44
	.byte 0x18, 0x45, 0x18, 0x49, 0x18, 0x45, 0x18, 0x44, 0x10, 0x45, 0xF8, 0x3B, 0xFC, 0xFF, 0x00, 0x00
	.byte 0xF0, 0x00, 0x93, 0x02, 0x43, 0x04, 0x4F, 0x05, 0x5D, 0x07, 0xF9, 0xA0, 0xF6, 0x01, 0xF0, 0x13
	.byte 0xF1, 0x78, 0x18, 0x3F, 0x14, 0x40, 0xF6, 0x04, 0x14, 0x42, 0xF6, 0x04, 0x18, 0x47, 0xF6, 0x18
	.byte 0x18, 0x3F, 0x14, 0x40, 0xF6, 0x04, 0x14, 0x42, 0xF6, 0x04, 0x90, 0x47, 0xF6, 0x2F, 0xF6, 0xC1
	.byte 0xF6, 0xA8, 0x0C, 0x3B, 0x0C, 0x3D, 0x18, 0x3F, 0x14, 0x40, 0xF6, 0x04, 0x14, 0x42, 0xF6, 0x04
	.byte 0x18, 0x47, 0xF6, 0x18, 0x18, 0x3F, 0x14, 0x40, 0xF6, 0x04, 0x14, 0x42, 0xF6, 0x04, 0x90, 0x47
	.byte 0xF6, 0x30, 0xF6, 0xC0, 0xF6, 0xA8, 0x0C, 0x3B, 0x0C, 0x3D, 0x18, 0x3F, 0x14, 0x40, 0xF6, 0x04
	.byte 0x14, 0x42, 0xF6, 0x04, 0x18, 0x47, 0xF6, 0x18, 0x18, 0x3F, 0x14, 0x40, 0xF6, 0x04, 0x14, 0x42
	.byte 0xF6, 0x04, 0x90, 0x47, 0xF6, 0x30, 0xF6, 0xC0, 0xF6, 0xA8, 0x0C, 0x3B, 0x0C, 0x3D, 0x18, 0x3F
	.byte 0x14, 0x40, 0xF6, 0x04, 0x14, 0x42, 0xF6, 0x04, 0x18, 0x47, 0xF6, 0x18, 0x18, 0x3F, 0x14, 0x40
	.byte 0xF6, 0x04, 0x14, 0x42, 0xF6, 0x04, 0x90, 0x47, 0xF6, 0x30, 0xF6, 0xC0, 0xF6, 0xC0, 0xF1, 0x28
	.byte 0xC0, 0x3F, 0x60, 0x40, 0x60, 0x3D, 0xC0, 0x3F, 0x60, 0x3B, 0x60, 0x3F, 0xC0, 0x3F, 0x60, 0x40
	.byte 0x60, 0x3D, 0xC0, 0x3F, 0x60, 0x3B, 0x60, 0x3F, 0xC0, 0x3F, 0x60, 0x40, 0x60, 0x3D, 0xC0, 0x3F
	.byte 0x60, 0x3B, 0x60, 0x3F, 0x18, 0x3F, 0x14, 0x40, 0xF6, 0x04, 0x14, 0x42, 0xF6, 0x04, 0x18, 0x47
	.byte 0xF6, 0x18, 0x18, 0x3F, 0x14, 0x40, 0xF6, 0x04, 0x14, 0x42, 0xF6, 0x04, 0xB4, 0x47, 0xF6, 0x0C
	.byte 0x18, 0x3F, 0x14, 0x40, 0xF6, 0x04, 0x14, 0x42, 0xF6, 0x04, 0x18, 0x47, 0xF6, 0x18, 0x18, 0x3F
	.byte 0x14, 0x40, 0xF6, 0x04, 0x14, 0x42, 0xF6, 0x04, 0x9C, 0x47, 0xF6, 0x0C, 0xF1, 0x78, 0x0C, 0x3B
	.byte 0x0C, 0x3D, 0x18, 0x3F, 0x14, 0x40, 0xF6, 0x04, 0x14, 0x42, 0xF6, 0x04, 0x18, 0x47, 0xF6, 0x18
	.byte 0x18, 0x3F, 0x14, 0x40, 0xF6, 0x04, 0x14, 0x42, 0xF6, 0x04, 0x90, 0x47, 0xF6, 0x2F, 0xF8, 0x0D
	.byte 0xFF, 0xFF, 0xF9, 0xA0, 0xF6, 0x01, 0xF0, 0x0F, 0xF1, 0x50, 0x00, 0xC2, 0xC0, 0xBF, 0x42, 0xF6
	.byte 0x01, 0xF0, 0x18, 0xF1, 0x78, 0x18, 0x44, 0x18, 0x46, 0x18, 0x47, 0x18, 0x42, 0x18, 0x46, 0x18
	.byte 0x47, 0x18, 0x41, 0x18, 0x47, 0x18, 0x46, 0x18, 0x44, 0x18, 0x42, 0x30, 0x42, 0xF6, 0x48, 0xF0
	.byte 0x0F, 0xF1, 0x50, 0x00, 0xC2, 0xC0, 0xC0, 0x42, 0xF0, 0x18, 0xF1, 0x78, 0x18, 0x44, 0x18, 0x46
	.byte 0x18, 0x47, 0x18, 0x42, 0x18, 0x46, 0x18, 0x47, 0x18, 0x41, 0x18, 0x47, 0x18, 0x42, 0x18, 0x49
	.byte 0x18, 0x46, 0x30, 0x47, 0xF6, 0x48, 0xF0, 0x0F, 0xF1, 0x50, 0x00, 0xC2, 0xC0, 0xC0, 0x42, 0xF0
	.byte 0x18, 0xF1, 0x78, 0x18, 0x44, 0x18, 0x46, 0x18, 0x47, 0x18, 0x42, 0x18, 0x46, 0x18, 0x47, 0x18
	.byte 0x41, 0x18, 0x47, 0x18, 0x46, 0x18, 0x44, 0x18, 0x42, 0x30, 0x42, 0xF6, 0x48, 0xF0, 0x0F, 0xF1
	.byte 0x50, 0x00, 0xC2, 0xC0, 0xC0, 0x42, 0xF0, 0x18, 0xF1, 0x78, 0x18, 0x44, 0x18, 0x46, 0x18, 0x47
	.byte 0x18, 0x42, 0x18, 0x46, 0x18, 0x47, 0x18, 0x41, 0x18, 0x47, 0x18, 0x42, 0x18, 0x49, 0x18, 0x46
	.byte 0x30, 0x47, 0xF6, 0x48, 0x30, 0x4B, 0x18, 0x4C, 0x30, 0x49, 0x30, 0x4C, 0x00, 0xCB, 0x18, 0x18
	.byte 0x4B, 0x30, 0x47, 0x18, 0x42, 0x30, 0x43, 0x30, 0x42, 0x30, 0x4B, 0x18, 0x4C, 0x30, 0x49, 0x30
	.byte 0x4C, 0x00, 0xCB, 0x18, 0x18, 0x4B, 0x18, 0x36, 0x18, 0x38, 0x18, 0x3A, 0x18, 0x3B, 0x18, 0x3D
	.byte 0x18, 0x3F, 0x18, 0x40, 0x30, 0x4B, 0x18, 0x4C, 0x30, 0x49, 0x30, 0x4C, 0x00, 0xCB, 0x18, 0x18
	.byte 0x4B, 0x30, 0x47, 0x18, 0x42, 0x30, 0x43, 0x30, 0x42, 0x30, 0x4B, 0x18, 0x4C, 0x30, 0x49, 0x30
	.byte 0x4C, 0x00, 0xCB, 0x18, 0x18, 0x4B, 0x18, 0x36, 0x18, 0x38, 0x18, 0x3A, 0x18, 0x3B, 0x18, 0x3D
	.byte 0x18, 0x3F, 0x18, 0x40, 0x30, 0x4B, 0x18, 0x4C, 0x30, 0x49, 0x30, 0x4C, 0x00, 0xCB, 0x18, 0x18
	.byte 0x4B, 0x18, 0x36, 0x18, 0x38, 0x18, 0x3A, 0x18, 0x3B, 0x18, 0x3D, 0x18, 0x3F, 0x18, 0x40, 0x30
	.byte 0x4B, 0x18, 0x4C, 0x30, 0x49, 0x30, 0x4C, 0x00, 0xCB, 0x18, 0x18, 0x4B, 0x18, 0x36, 0x18, 0x38
	.byte 0x18, 0x3A, 0x18, 0x3B, 0x18, 0x3D, 0x18, 0x3F, 0x18, 0x40, 0x30, 0x4B, 0x18, 0x4C, 0x30, 0x49
	.byte 0x30, 0x4C, 0x00, 0xCB, 0x18, 0x18, 0x4B, 0x30, 0x47, 0x18, 0x42, 0x30, 0x43, 0x30, 0x42, 0x30
	.byte 0x4B, 0x18, 0x4C, 0x30, 0x49, 0x30, 0x4C, 0x00, 0xCB, 0x18, 0x18, 0x4B, 0x18, 0x36, 0x18, 0x38
	.byte 0x18, 0x3A, 0x18, 0x3B, 0xF6, 0x48, 0xF0, 0x0F, 0xF1, 0x50, 0x00, 0xC2, 0xC0, 0xBF, 0x42, 0xF8
	.byte 0x9D, 0xFE, 0xFF, 0xF9, 0x91, 0xF0, 0x0F, 0xF1, 0x50, 0xC0, 0x3B, 0xC0, 0x3F, 0xF0, 0x18, 0xF1
	.byte 0x78, 0x30, 0x40, 0xF6, 0x18, 0x30, 0x3F, 0xF6, 0x18, 0x30, 0x3E, 0x30, 0x42, 0xF6, 0x18, 0x30
	.byte 0x3D, 0xF6, 0x48, 0xF0, 0x0F, 0xF1, 0x50, 0xC0, 0x3B, 0xC0, 0x3F, 0xF0, 0x18, 0xF1, 0x78, 0x30
	.byte 0x40, 0xF6, 0x18, 0x30, 0x3F, 0xF6, 0x18, 0x30, 0x3E, 0x30, 0x40, 0xF6, 0x18, 0x30, 0x3F, 0xF6
	.byte 0x48, 0xF0, 0x0F, 0xF1, 0x50, 0xC0, 0x3B, 0xC0, 0x3F, 0xF0, 0x18, 0xF1, 0x78, 0x30, 0x40, 0xF6
	.byte 0x18, 0x30, 0x3F, 0xF6, 0x18, 0x30, 0x3E, 0x30, 0x42, 0xF6, 0x18, 0x30, 0x3D, 0xF6, 0x48, 0xF0
	.byte 0x0F, 0xF1, 0x50, 0xC0, 0x3B, 0xC0, 0x3F, 0xF0, 0x18, 0xF1, 0x78, 0x2F, 0x40, 0xF6, 0x18, 0x30
	.byte 0x3F, 0xF6, 0x18, 0x30, 0x3E, 0x30, 0x40, 0xF6, 0x18, 0x30, 0x3F, 0xF6, 0x30, 0xF0, 0x00, 0xF1
	.byte 0x3C, 0x08, 0x40, 0x08, 0x40, 0x08, 0x40, 0x18, 0x40, 0x18, 0x40, 0x18, 0x40, 0x18, 0x40, 0x18
	.byte 0x40, 0x18, 0x40, 0x18, 0x40, 0x18, 0x40, 0x18, 0x40, 0x18, 0x40, 0x18, 0x40, 0x18, 0x40, 0x18
	.byte 0x40, 0x18, 0x40, 0x18, 0x40, 0x18, 0x40, 0x18, 0x40, 0x08, 0x40, 0x08, 0x40, 0x08, 0x40, 0x18
	.byte 0x40, 0x18, 0x40, 0x18, 0x40, 0x18, 0x40, 0x18, 0x40, 0x18, 0x40, 0x18, 0x40, 0x18, 0x40, 0x18
	.byte 0x40, 0x18, 0x40, 0x18, 0x40, 0x18, 0x40, 0x18, 0x40, 0x08, 0x40, 0x08, 0x40, 0x08, 0x40, 0x18
	.byte 0x40, 0x18, 0x40, 0x18, 0x40, 0x18, 0x40, 0x18, 0x40, 0x18, 0x40, 0x18, 0x40, 0x18, 0x40, 0x18
	.byte 0x40, 0x18, 0x40, 0x18, 0x40, 0x18, 0x40, 0x18, 0x40, 0x18, 0x40, 0x18, 0x40, 0x18, 0x40, 0x18
	.byte 0x40, 0x08, 0x40, 0x08, 0x40, 0x08, 0x40, 0x18, 0x40, 0x18, 0x40, 0x18, 0x40, 0x18, 0x40, 0x18
	.byte 0x40, 0x18, 0x40, 0x18, 0x40, 0x18, 0x40, 0x18, 0x40, 0x18, 0x40, 0x18, 0x40, 0x18, 0x40, 0x18
	.byte 0x40, 0x08, 0x40, 0x08, 0x40, 0x08, 0x40, 0x18, 0x40, 0x18, 0x40, 0x18, 0x40, 0x18, 0x40, 0x18
	.byte 0x40, 0x18, 0x40, 0x18, 0x40, 0x18, 0x40, 0x18, 0x40, 0x18, 0x40, 0x18, 0x40, 0x18, 0x40, 0x18
	.byte 0x40, 0x18, 0x40, 0x18, 0x40, 0x18, 0x40, 0x18, 0x40, 0x08, 0x40, 0x08, 0x40, 0x08, 0x40, 0x18
	.byte 0x40, 0x18, 0x40, 0x18, 0x40, 0x18, 0x40, 0x18, 0x40, 0x18, 0x40, 0x18, 0x40, 0x18, 0x40, 0x18
	.byte 0x40, 0x18, 0x40, 0x18, 0x40, 0x18, 0x40, 0x18, 0x40, 0x08, 0x40, 0x08, 0x40, 0x08, 0x40, 0x18
	.byte 0x40, 0x18, 0x40, 0x18, 0x40, 0x18, 0x40, 0x18, 0x40, 0x18, 0x40, 0x18, 0x40, 0x18, 0x40, 0x18
	.byte 0x40, 0x18, 0x40, 0x18, 0x40, 0x18, 0x40, 0x18, 0x40, 0x18, 0x40, 0x18, 0x40, 0x18, 0x40, 0x18
	.byte 0x40, 0x08, 0x40, 0x08, 0x40, 0x08, 0x40, 0x18, 0x40, 0x18, 0x40, 0x18, 0x40, 0x18, 0x40, 0x18
	.byte 0x40, 0x18, 0x40, 0x18, 0x40, 0x18, 0x40, 0x18, 0x40, 0x18, 0x40, 0x18, 0x40, 0x18, 0x40, 0x18
	.byte 0x40, 0x08, 0x40, 0x08, 0x40, 0x08, 0x40, 0xF0, 0x0F, 0xF1, 0x50, 0xC0, 0x3B, 0xC0, 0x3F, 0xF8
	.byte 0x5B, 0xFE, 0xFF, 0xF9, 0x91, 0xF0, 0x19, 0xF1, 0xC8, 0x30, 0x3B, 0xF6, 0x60, 0x30, 0x3B, 0x30
	.byte 0x3F, 0xF6, 0x60, 0x30, 0x3F, 0x30, 0x40, 0xF6, 0x18, 0x30, 0x3F, 0xF6, 0x18, 0x30, 0x3E, 0x30
	.byte 0x42, 0xF6, 0x18, 0x30, 0x36, 0xF6, 0x48, 0x30, 0x3B, 0xF6, 0x60, 0x30, 0x3B, 0x30, 0x3F, 0xF6
	.byte 0x60, 0x30, 0x3F, 0x30, 0x40, 0xF6, 0x18, 0x30, 0x3F, 0xF6, 0x18, 0x30, 0x3E, 0x30, 0x42, 0x18
	.byte 0x3A, 0x30, 0x3B, 0xF6, 0x48, 0x30, 0x3B, 0xF6, 0x60, 0x30, 0x3B, 0x30, 0x3F, 0xF6, 0x60, 0x30
	.byte 0x3F, 0x30, 0x40, 0xF6, 0x18, 0x30, 0x3F, 0xF6, 0x18, 0x30, 0x3E, 0x30, 0x42, 0xF6, 0x18, 0x30
	.byte 0x36, 0xF6, 0x48, 0x30, 0x3B, 0xF6, 0x60, 0x30, 0x3B, 0x30, 0x3F, 0xF6, 0x60, 0x30, 0x3F, 0x30
	.byte 0x40, 0xF6, 0x18, 0x30, 0x3F, 0xF6, 0x18, 0x30, 0x3E, 0x30, 0x42, 0x18, 0x3A, 0x30, 0x3B, 0xF6
	.byte 0x48, 0x18, 0x3B, 0xF6, 0x30, 0x18, 0x3B, 0xF6, 0x60, 0x18, 0x3B, 0xF6, 0x30, 0x18, 0x3B, 0xF6
	.byte 0x60, 0x18, 0x3B, 0xF6, 0x30, 0x18, 0x3B, 0xF6, 0x60, 0x18, 0x3B, 0xF6, 0x30, 0x18, 0x3B, 0xF6
	.byte 0x60, 0x18, 0x3B, 0xF6, 0x30, 0x18, 0x3B, 0xF6, 0x60, 0x18, 0x3B, 0xF6, 0x30, 0x18, 0x3B, 0xF6
	.byte 0x60, 0x18, 0x3B, 0xF6, 0x30, 0x18, 0x3B, 0xF6, 0x60, 0x18, 0x3B, 0xF6, 0x30, 0x18, 0x3B, 0xF6
	.byte 0x60, 0x18, 0x3B, 0xF6, 0x30, 0x18, 0x3B, 0xF6, 0x60, 0x18, 0x3B, 0xF6, 0x30, 0x18, 0x3B, 0xF6
	.byte 0x60, 0x18, 0x3B, 0xF6, 0x30, 0x18, 0x3B, 0xF6, 0x60, 0x18, 0x3B, 0xF6, 0x30, 0x18, 0x3B, 0xF6
	.byte 0x60, 0x18, 0x3B, 0xF6, 0x30, 0x18, 0x3B, 0xF6, 0x60, 0x18, 0x3B, 0xF6, 0x30, 0x18, 0x3B, 0xF6
	.byte 0x60, 0x18, 0x3B, 0xF6, 0x30, 0x18, 0x3B, 0xF6, 0x60, 0x30, 0x3B, 0xF6, 0x60, 0x30, 0x36, 0x30
	.byte 0x3B, 0xF6, 0x60, 0x30, 0x3B, 0x30, 0x3F, 0xF6, 0x60, 0x30, 0x3F, 0xF8, 0x07, 0xFF, 0xFF, 0xF9
	.byte 0x91, 0xF6, 0x01, 0xF0, 0x01, 0xF1, 0x78, 0xF6, 0x18, 0x0C, 0x3B, 0xF6, 0x24, 0x0C, 0x3B, 0xF6
	.byte 0x24, 0x0C, 0x3B, 0xF6, 0x24, 0x0C, 0x3B, 0xF6, 0x0C, 0xF6, 0x18, 0x0C, 0x3F, 0xF6, 0x24, 0x0C
	.byte 0x3F, 0xF6, 0x24, 0x0C, 0x3F, 0xF6, 0x24, 0x0C, 0x3F, 0xF6, 0x0B, 0xF6, 0x19, 0x0C, 0x38, 0xF6
	.byte 0x0C, 0x0C, 0x38, 0xF6, 0x24, 0x0C, 0x36, 0xF6, 0x0C, 0x0C, 0x36, 0xF6, 0x24, 0x0C, 0x35, 0xF6
	.byte 0x0C, 0xF6, 0x30, 0x0C, 0x36, 0xF6, 0x0C, 0x18, 0x36, 0xF0, 0x0C, 0xF1, 0x78, 0xF6, 0x18, 0x18
	.byte 0x46, 0x18, 0x49, 0xF6, 0x18, 0xF0, 0x01, 0xF1, 0x78, 0xF6, 0x18, 0x0C, 0x3B, 0xF6, 0x24, 0x0C
	.byte 0x3B, 0xF6, 0x24, 0x0C, 0x3B, 0xF6, 0x24, 0x0C, 0x3B, 0xF6, 0x0C, 0xF6, 0x18, 0x0C, 0x3F, 0xF6
	.byte 0x24, 0x0C, 0x3F, 0xF6, 0x24, 0x0C, 0x3F, 0xF6, 0x24, 0x0C, 0x3F, 0xF6, 0x0C, 0xF6, 0x18, 0x0C
	.byte 0x38, 0xF6, 0x0C, 0x0C, 0x38, 0xF6, 0x24, 0x0C, 0x36, 0xF6, 0x0C, 0x0C, 0x36, 0xF6, 0x24, 0x0C
	.byte 0x35, 0xF6, 0x0C, 0xF6, 0x30, 0x0C, 0x36, 0xF6, 0x0C, 0x18, 0x36, 0xF0, 0x0C, 0xF1, 0x78, 0xF6
	.byte 0x18, 0x18, 0x47, 0x18, 0x4B, 0xF6, 0x18, 0xF0, 0x01, 0xF1, 0x78, 0xF6, 0x18, 0x0C, 0x3B, 0xF6
	.byte 0x24, 0x0C, 0x3B, 0xF6, 0x24, 0x0C, 0x3B, 0xF6, 0x24, 0x0C, 0x3B, 0xF6, 0x0C, 0xF6, 0x18, 0x0C
	.byte 0x3F, 0xF6, 0x24, 0x0C, 0x3F, 0xF6, 0x24, 0x0C, 0x3F, 0xF6, 0x24, 0x0C, 0x3F, 0xF6, 0x0C, 0xF6
	.byte 0x18, 0x0C, 0x38, 0xF6, 0x0C, 0x0C, 0x38, 0xF6, 0x24, 0x0C, 0x36, 0xF6, 0x0C, 0x0C, 0x36, 0xF6
	.byte 0x24, 0x0C, 0x35, 0xF6, 0x0C, 0xF6, 0x30, 0x0C, 0x36, 0xF6, 0x0C, 0x18, 0x36, 0xF0, 0x0C, 0xF1
	.byte 0x78, 0xF6, 0x18, 0x18, 0x46, 0x18, 0x49, 0xF6, 0x18, 0xF0, 0x01, 0xF1, 0x78, 0xF6, 0x18, 0x0C
	.byte 0x3B, 0xF6, 0x24, 0x0C, 0x3B, 0xF6, 0x24, 0x0C, 0x3B, 0xF6, 0x24, 0x0C, 0x3B, 0xF6, 0x0C, 0xF6
	.byte 0x18, 0x0C, 0x3F, 0xF6, 0x24, 0x0C, 0x3F, 0xF6, 0x24, 0x0C, 0x3F, 0xF6, 0x24, 0x0C, 0x3F, 0xF6
	.byte 0x0C, 0xF6, 0x18, 0x0C, 0x38, 0xF6, 0x0C, 0x0C, 0x38, 0xF6, 0x24, 0x0C, 0x36, 0xF6, 0x0C, 0x0C
	.byte 0x36, 0xF6, 0x24, 0x0C, 0x35, 0xF6, 0x0C, 0xF6, 0x30, 0x0C, 0x36, 0xF6, 0x0C, 0x18, 0x36, 0xF0
	.byte 0x0C, 0xF1, 0x78, 0xF6, 0x18, 0x18, 0x47, 0x18, 0x4B, 0xF6, 0x18, 0x30, 0x47, 0x18, 0x49, 0x30
	.byte 0x46, 0x30, 0x49, 0x00, 0xC7, 0x18, 0x18, 0x47, 0x30, 0x42, 0x18, 0x3F, 0x30, 0x40, 0x30, 0x3F
	.byte 0x30, 0x47, 0x18, 0x49, 0x30, 0x46, 0x30, 0x49, 0x00, 0xC7, 0x18, 0x18, 0x47, 0xF6, 0xA8, 0x30
	.byte 0x47, 0x18, 0x49, 0x30, 0x46, 0x30, 0x49, 0x00, 0xC7, 0x18, 0x18, 0x47, 0x30, 0x42, 0x18, 0x3F
	.byte 0x30, 0x40, 0x30, 0x3F, 0x30, 0x47, 0x18, 0x49, 0x30, 0x46, 0x30, 0x49, 0x00, 0xC7, 0x18, 0x18
	.byte 0x47, 0xF6, 0xA8, 0x30, 0x47, 0x18, 0x49, 0x30, 0x46, 0x30, 0x49, 0x00, 0xC7, 0x18, 0x18, 0x47
	.byte 0xF6, 0x30, 0x18, 0x3F, 0x30, 0x40, 0x30, 0x3F, 0x30, 0x47, 0x18, 0x49, 0x30, 0x46, 0x30, 0x49
	.byte 0x00, 0xC7, 0x18, 0x18, 0x47, 0xF6, 0x30, 0x18, 0x3F, 0x30, 0x40, 0x30, 0x3F, 0x30, 0x47, 0x18
	.byte 0x49, 0x30, 0x46, 0x30, 0x49, 0x00, 0xC7, 0x18, 0x18, 0x47, 0x30, 0x42, 0x18, 0x3F, 0x30, 0x40
	.byte 0x30, 0x3F, 0x30, 0x47, 0x18, 0x49, 0x30, 0x46, 0x30, 0x49, 0x00, 0xC7, 0x18, 0x18, 0x47, 0xF6
	.byte 0xA8, 0xF0, 0x01, 0xF1, 0x78, 0xF6, 0x18, 0x0C, 0x3B, 0xF6, 0x24, 0x0C, 0x3B, 0xF6, 0x24, 0x0C
	.byte 0x3B, 0xF6, 0x24, 0x0C, 0x3B, 0xF6, 0x0C, 0xF6, 0x18, 0x0C, 0x3F, 0xF6, 0x24, 0x0C, 0x3F, 0xF6
	.byte 0x24, 0x0C, 0x3F, 0xF6, 0x24, 0x0C, 0x3F, 0xF6, 0x0B, 0xF8, 0x1F, 0xFE, 0xFF, 0xF9, 0x91, 0xF0
	.byte 0x01, 0xF1, 0x78, 0x12, 0x2F, 0xF6, 0x06, 0x0C, 0x36, 0xF6, 0x0C, 0x12, 0x2A, 0xF6, 0x06, 0x0C
	.byte 0x36, 0xF6, 0x0C, 0x12, 0x2F, 0xF6, 0x06, 0x0C, 0x36, 0xF6, 0x0C, 0x12, 0x2A, 0xF6, 0x06, 0x0C
	.byte 0x36, 0xF6, 0x0C, 0x12, 0x33, 0xF6, 0x06, 0x0C, 0x3B, 0xF6, 0x0C, 0x12, 0x2F, 0xF6, 0x06, 0x0C
	.byte 0x3B, 0xF6, 0x0C, 0x12, 0x33, 0xF6, 0x06, 0x0C, 0x3B, 0xF6, 0x0C, 0x12, 0x2F, 0xF6, 0x06, 0x0C
	.byte 0x3B, 0xF6, 0x0C, 0xF6, 0x18, 0x0C, 0x34, 0xF6, 0x0C, 0x0C, 0x34, 0xF6, 0x24, 0x0C, 0x33, 0xF6
	.byte 0x0C, 0x0C, 0x33, 0xF6, 0x24, 0x0C, 0x32, 0xF6, 0x0C, 0xF6, 0x30, 0x0C, 0x31, 0xF6, 0x0C, 0x18
	.byte 0x31, 0xF0, 0x0C, 0xF1, 0x78, 0xF6, 0x18, 0x18, 0x49, 0x18, 0x4E, 0xF6, 0x18, 0xF0, 0x01, 0xF1
	.byte 0x78, 0x12, 0x2F, 0xF6, 0x06, 0x0C, 0x36, 0xF6, 0x0C, 0x12, 0x2A, 0xF6, 0x06, 0x0C, 0x36, 0xF6
	.byte 0x0C, 0x12, 0x2F, 0xF6, 0x06, 0x0C, 0x36, 0xF6, 0x0C, 0x12, 0x2A, 0xF6, 0x06, 0x0C, 0x36, 0xF6
	.byte 0x0C, 0x12, 0x33, 0xF6, 0x06, 0x0C, 0x3B, 0xF6, 0x0C, 0x12, 0x2F, 0xF6, 0x06, 0x0C, 0x3B, 0xF6
	.byte 0x0C, 0x12, 0x33, 0xF6, 0x06, 0x0C, 0x3B, 0xF6, 0x0C, 0x12, 0x2F, 0xF6, 0x06, 0x0C, 0x3B, 0xF6
	.byte 0x0C, 0xF6, 0x18, 0x0C, 0x34, 0xF6, 0x0C, 0x0C, 0x34, 0xF6, 0x24, 0x0C, 0x33, 0xF6, 0x0C, 0x0C
	.byte 0x33, 0xF6, 0x24, 0x0C, 0x32, 0xF6, 0x0C, 0xF6, 0x30, 0x0C, 0x34, 0xF6, 0x0C, 0x18, 0x33, 0xF0
	.byte 0x0C, 0xF1, 0x78, 0xF6, 0x18, 0x18, 0x4B, 0x18, 0x53, 0xF6, 0x18, 0xF0, 0x01, 0xF1, 0x78, 0x12
	.byte 0x2F, 0xF6, 0x06, 0x0C, 0x36, 0xF6, 0x0C, 0x12, 0x2A, 0xF6, 0x06, 0x0C, 0x36, 0xF6, 0x0C, 0x12
	.byte 0x2F, 0xF6, 0x06, 0x0C, 0x36, 0xF6, 0x0C, 0x12, 0x2A, 0xF6, 0x06, 0x0C, 0x36, 0xF6, 0x0C, 0x12
	.byte 0x33, 0xF6, 0x06, 0x0C, 0x3B, 0xF6, 0x0C, 0x12, 0x2F, 0xF6, 0x06, 0x0C, 0x3B, 0xF6, 0x0C, 0x12
	.byte 0x33, 0xF6, 0x06, 0x0C, 0x3B, 0xF6, 0x0C, 0x12, 0x2F, 0xF6, 0x06, 0x0C, 0x3B, 0xF6, 0x0C, 0xF6
	.byte 0x18, 0x0C, 0x34, 0xF6, 0x0C, 0x0C, 0x34, 0xF6, 0x24, 0x0C, 0x33, 0xF6, 0x0C, 0x0C, 0x33, 0xF6
	.byte 0x24, 0x0C, 0x32, 0xF6, 0x0C, 0xF6, 0x30, 0x0C, 0x31, 0xF6, 0x0C, 0x18, 0x31, 0xF0, 0x0C, 0xF1
	.byte 0x78, 0xF6, 0x18, 0x18, 0x49, 0x18, 0x4E, 0xF6, 0x18, 0xF0, 0x01, 0xF1, 0x78, 0x12, 0x2F, 0xF6
	.byte 0x06, 0x0C, 0x36, 0xF6, 0x0C, 0x12, 0x2A, 0xF6, 0x06, 0x0C, 0x36, 0xF6, 0x0C, 0x12, 0x2F, 0xF6
	.byte 0x06, 0x0C, 0x36, 0xF6, 0x0C, 0x12, 0x2A, 0xF6, 0x06, 0x0C, 0x36, 0xF6, 0x0C, 0x12, 0x33, 0xF6
	.byte 0x06, 0x0C, 0x3B, 0xF6, 0x0C, 0x12, 0x2F, 0xF6, 0x06, 0x0C, 0x3B, 0xF6, 0x0C, 0x12, 0x33, 0xF6
	.byte 0x06, 0x0C, 0x3B, 0xF6, 0x0C, 0x12, 0x2F, 0xF6, 0x06, 0x0C, 0x3B, 0xF6, 0x0C, 0xF6, 0x18, 0x0C
	.byte 0x34, 0xF6, 0x0C, 0x0C, 0x34, 0xF6, 0x24, 0x0C, 0x33, 0xF6, 0x0C, 0x0C, 0x33, 0xF6, 0x24, 0x0C
	.byte 0x32, 0xF6, 0x0C, 0xF6, 0x30, 0x0C, 0x34, 0xF6, 0x0C, 0x18, 0x33, 0xF0, 0x0C, 0xF1, 0x78, 0xF6
	.byte 0x18, 0x18, 0x4B, 0x18, 0x53, 0xF6, 0x18, 0x30, 0x4B, 0x18, 0x4C, 0x30, 0x49, 0x30, 0x4C, 0x00
	.byte 0xCB, 0x18, 0x18, 0x4B, 0x30, 0x47, 0x18, 0x42, 0x30, 0x43, 0x30, 0x42, 0x30, 0x4B, 0x18, 0x4C
	.byte 0x30, 0x49, 0x30, 0x4C, 0x00, 0xCB, 0x18, 0x18, 0x4B, 0xF6, 0xA8, 0x30, 0x4B, 0x18, 0x4C, 0x30
	.byte 0x49, 0x30, 0x4C, 0x00, 0xCB, 0x18, 0x18, 0x4B, 0x30, 0x47, 0x18, 0x42, 0x30, 0x43, 0x30, 0x42
	.byte 0x30, 0x4B, 0x18, 0x4C, 0x30, 0x49, 0x30, 0x4C, 0x00, 0xCB, 0x18, 0x18, 0x4B, 0xF6, 0xA8, 0x30
	.byte 0x4E, 0x18, 0x50, 0x30, 0x4C, 0x30, 0x50, 0x00, 0xCE, 0x18, 0x18, 0x4E, 0xF6, 0x30, 0x18, 0x42
	.byte 0x30, 0x43, 0x30, 0x42, 0x30, 0x4B, 0x18, 0x4C, 0x30, 0x49, 0x30, 0x4C, 0x00, 0xCB, 0x18, 0x18
	.byte 0x4B, 0xF6, 0x30, 0x18, 0x42, 0x30, 0x43, 0x30, 0x42, 0x30, 0x4B, 0x18, 0x4C, 0x30, 0x49, 0x30
	.byte 0x4C, 0x00, 0xCB, 0x18, 0x18, 0x4B, 0x30, 0x47, 0x18, 0x42, 0x30, 0x43, 0x30, 0x42, 0x30, 0x4B
	.byte 0x18, 0x4C, 0x30, 0x49, 0x30, 0x4C, 0x00, 0xCB, 0x18, 0x18, 0x4B, 0xF6, 0xA8, 0xF0, 0x01, 0xF1
	.byte 0x78, 0x12, 0x2F, 0xF6, 0x06, 0x0C, 0x36, 0xF6, 0x0C, 0x12, 0x2A, 0xF6, 0x06, 0x0C, 0x36, 0xF6
	.byte 0x0C, 0x12, 0x2F, 0xF6, 0x06, 0x0C, 0x36, 0xF6, 0x0C, 0x12, 0x2A, 0xF6, 0x06, 0x0C, 0x36, 0xF6
	.byte 0x0C, 0x12, 0x33, 0xF6, 0x06, 0x0C, 0x3B, 0xF6, 0x0C, 0x12, 0x2F, 0xF6, 0x06, 0x0C, 0x3B, 0xF6
	.byte 0x0C, 0x12, 0x33, 0xF6, 0x06, 0x0C, 0x3B, 0xF6, 0x0C, 0x12, 0x2F, 0xF6, 0x06, 0x0C, 0x3B, 0xF6
	.byte 0x0C, 0xF8, 0xAF, 0xFD, 0xFF, 0xF9, 0xA0, 0xF0, 0xC6, 0xF1, 0x28, 0x17, 0x3B, 0x14, 0x3D, 0xF6
	.byte 0x04, 0x14, 0x3F, 0xF6, 0x04, 0x18, 0x42, 0xF6, 0x18, 0x18, 0x3B, 0x14, 0x3D, 0xF6, 0x04, 0x14
	.byte 0x3F, 0xF6, 0x04, 0x90, 0x42, 0xF6, 0x30, 0xF6, 0xC0, 0xF6, 0xA8, 0x0C, 0x33, 0x0C, 0x36, 0x18
	.byte 0x3B, 0x14, 0x3D, 0xF6, 0x04, 0x14, 0x3F, 0xF6, 0x04, 0x18, 0x42, 0xF6, 0x18, 0x18, 0x3B, 0x14
	.byte 0x3D, 0xF6, 0x04, 0x14, 0x3F, 0xF6, 0x04, 0x90, 0x42, 0xF6, 0x30, 0xF6, 0xC0, 0xF6, 0xA8, 0x0C
	.byte 0x33, 0x0C, 0x36, 0x18, 0x3B, 0x14, 0x3D, 0xF6, 0x04, 0x14, 0x3F, 0xF6, 0x04, 0x18, 0x42, 0xF6
	.byte 0x18, 0x18, 0x3B, 0x14, 0x3D, 0xF6, 0x04, 0x14, 0x3F, 0xF6, 0x04, 0x90, 0x42, 0xF6, 0x30, 0xF6
	.byte 0xC0, 0xF6, 0xA8, 0x0C, 0x33, 0x0C, 0x36, 0x18, 0x3B, 0x14, 0x3D, 0xF6, 0x04, 0x14, 0x3F, 0xF6
	.byte 0x04, 0x18, 0x42, 0xF6, 0x18, 0x18, 0x3B, 0x14, 0x3D, 0xF6, 0x04, 0x14, 0x3F, 0xF6, 0x04, 0x90
	.byte 0x42, 0xF6, 0x30, 0xF6, 0xC0, 0xF6, 0xC0, 0xC0, 0x3B, 0x60, 0x3D, 0x60, 0x3A, 0xC0, 0x3B, 0x60
	.byte 0x36, 0x60, 0x3B, 0xC0, 0x3B, 0x60, 0x3D, 0x60, 0x3A, 0xC0, 0x3B, 0x60, 0x36, 0x60, 0x3B, 0xC0
	.byte 0x3B, 0x60, 0x3D, 0x60, 0x3A, 0xC0, 0x3B, 0x60, 0x36, 0x60, 0x3B, 0x18, 0x3B, 0x14, 0x3D, 0xF6
	.byte 0x04, 0x14, 0x3F, 0xF6, 0x04, 0x18, 0x42, 0xF6, 0x18, 0x18, 0x3B, 0x14, 0x3D, 0xF6, 0x04, 0x14
	.byte 0x3F, 0xF6, 0x04, 0xB4, 0x42, 0xF6, 0x0C, 0x18, 0x3B, 0x14, 0x3D, 0xF6, 0x04, 0x14, 0x3F, 0xF6
	.byte 0x04, 0x18, 0x42, 0xF6, 0x18, 0x18, 0x3B, 0x14, 0x3D, 0xF6, 0x04, 0x14, 0x3F, 0xF6, 0x04, 0x9C
	.byte 0x42, 0xF6, 0x0C, 0x0C, 0x33, 0x0C, 0x36, 0x18, 0x3B, 0x14, 0x3D, 0xF6, 0x04, 0x14, 0x3F, 0xF6
	.byte 0x04, 0x18, 0x42, 0xF6, 0x18, 0x18, 0x3B, 0x14, 0x3D, 0xF6, 0x04, 0x14, 0x3F, 0xF6, 0x04, 0x90
	.byte 0x42, 0xF6, 0x30, 0xF8, 0x11, 0xFF, 0xFF, 0xF9, 0xA0, 0xF6, 0xC0, 0xF6, 0xC0, 0xF6, 0xC0, 0xF6
	.byte 0xC0, 0xF6, 0xC0, 0xF6, 0xC0, 0xF6, 0xC0, 0xF6, 0xC0, 0xF6, 0xC0, 0xF6, 0xC0, 0xF6, 0xC0, 0xF6
	.byte 0xC0, 0xF6, 0xC0, 0xF6, 0xC0, 0xF6, 0xC0, 0xF6, 0xC0, 0xF6, 0xC0, 0xF6, 0xC0, 0xF6, 0xC0, 0xF6
	.byte 0xC0, 0xF6, 0xC0, 0xF6, 0xC0, 0xF6, 0xC0, 0xF0, 0xC6, 0xF1, 0x28, 0xF6, 0x18, 0x18, 0x33, 0x18
	.byte 0x34, 0x18, 0x36, 0x18, 0x38, 0x18, 0x3A, 0x18, 0x3B, 0x18, 0x3D, 0xF6, 0xC0, 0xF6, 0x18, 0x18
	.byte 0x33, 0x18, 0x34, 0x18, 0x36, 0x18, 0x38, 0x18, 0x3A, 0x18, 0x3B, 0x18, 0x3D, 0xF6, 0xC0, 0xF6
	.byte 0x18, 0x18, 0x33, 0x18, 0x34, 0x18, 0x36, 0x18, 0x38, 0x18, 0x3A, 0x18, 0x3B, 0x18, 0x3D, 0xF6
	.byte 0xC0, 0xF6, 0xC0, 0xF6, 0xC0, 0xF6, 0x18, 0x18, 0x33, 0x18, 0x34, 0x18, 0x36, 0x18, 0x36, 0xF6
	.byte 0x18, 0x30, 0x3B, 0xC0, 0x3B, 0xC0, 0x3F, 0xF8, 0x83, 0xFF, 0xFF, 0x00, 0xF0, 0x00, 0x47, 0x04
	.byte 0x8B, 0x07, 0xDD, 0x0A, 0x95, 0x0C, 0xF9, 0x60, 0xF6, 0xC1, 0xF6, 0xA8, 0xF0, 0x15, 0xF1, 0x78
	.byte 0x0C, 0x3E, 0xF1, 0x3C, 0x0C, 0x3E, 0xF1, 0x78, 0x48, 0x43, 0x12, 0x46, 0xF1, 0x3C, 0x06, 0x46
	.byte 0xF1, 0x78, 0x48, 0x4A, 0x17, 0x46, 0x49, 0x4D, 0x18, 0x4B, 0x3C, 0x4A, 0xF1, 0x3C, 0x0C, 0x4A
	.byte 0xF1, 0x78, 0x12, 0x4A, 0xF1, 0x3C, 0x06, 0x4A, 0xF1, 0x78, 0x48, 0x48, 0x18, 0x4A, 0x30, 0x48
	.byte 0x18, 0x46, 0x12, 0x45, 0xF1, 0x3C, 0x06, 0x45, 0xF1, 0x78, 0x18, 0x46, 0x18, 0x45, 0x60, 0x43
	.byte 0xF6, 0x18, 0x0C, 0x3E, 0xF1, 0x3C, 0x0C, 0x3E, 0xF1, 0x78, 0x48, 0x43, 0x12, 0x46, 0xF1, 0x3C
	.byte 0x06, 0x46, 0xF1, 0x78, 0x48, 0x4A, 0x18, 0x46, 0x48, 0x4D, 0x18, 0x4B, 0x3C, 0x4A, 0xF1, 0x3C
	.byte 0xF6, 0x0C, 0xF1, 0x78, 0x12, 0x4A, 0xF1, 0x3C, 0x06, 0x4A, 0xF1, 0x78, 0x48, 0x48, 0x18, 0x4A
	.byte 0x30, 0x48, 0x18, 0x46, 0x12, 0x45, 0xF1, 0x3C, 0x06, 0x45, 0xF1, 0x78, 0x18, 0x46, 0x18, 0x45
	.byte 0x78, 0x43, 0xF1, 0x3C, 0x0C, 0x43, 0xF1, 0x78, 0xF6, 0x0C, 0x18, 0x48, 0x18, 0x46, 0x78, 0x45
	.byte 0xF1, 0x3C, 0x0C, 0x45, 0xF1, 0x78, 0xF6, 0x0C, 0x24, 0x43, 0x0A, 0x42, 0xF1, 0x3C, 0x02, 0x42
	.byte 0xF1, 0x78, 0x24, 0x43, 0x0A, 0x45, 0xF1, 0x3C, 0x02, 0x45, 0xF1, 0x78, 0x30, 0x46, 0x12, 0x48
	.byte 0xF1, 0x3C, 0x06, 0x48, 0xF1, 0x78, 0x18, 0x46, 0x0C, 0x45, 0x0A, 0x43, 0xF1, 0x3C, 0x02, 0x43
	.byte 0xF1, 0x78, 0x0C, 0x41, 0xF1, 0x3C, 0x0C, 0x41, 0xF1, 0x78, 0x6C, 0x48, 0xF1, 0x3C, 0x0C, 0x48
	.byte 0xF1, 0x78, 0x0C, 0x48, 0xF1, 0x3C, 0x0C, 0x48, 0xF1, 0x78, 0x0C, 0x48, 0x0A, 0x46, 0xF1, 0x3C
	.byte 0x02, 0x46, 0xF1, 0x78, 0x0C, 0x43, 0xF1, 0x3C, 0x0C, 0x43, 0xF1, 0x78, 0x00, 0xCA, 0x90, 0x90
	.byte 0x4A, 0xF1, 0x3C, 0x0C, 0x4A, 0xF1, 0x78, 0xF6, 0x24, 0x24, 0x43, 0x0A, 0x42, 0xF1, 0x3C, 0x02
	.byte 0x42, 0xF1, 0x78, 0x24, 0x43, 0x0A, 0x45, 0xF1, 0x3C, 0x02, 0x45, 0xF1, 0x78, 0x30, 0x46, 0x12
	.byte 0x48, 0xF1, 0x3C, 0x06, 0x48, 0xF1, 0x78, 0x18, 0x46, 0x24, 0x45, 0x0A, 0x43, 0xF1, 0x3C, 0x02
	.byte 0x43, 0xF1, 0x78, 0x24, 0x45, 0x0A, 0x46, 0xF1, 0x3C, 0x02, 0x46, 0xF1, 0x78, 0x30, 0x48, 0x12
	.byte 0x4A, 0xF1, 0x3C, 0x06, 0x4A, 0xF1, 0x78, 0x18, 0x48, 0x12, 0x48, 0xF1, 0x3C, 0x06, 0x48, 0xF1
	.byte 0x78, 0x0C, 0x46, 0xF1, 0x3C, 0x0C, 0x46, 0xF1, 0x78, 0x00, 0xC3, 0x90, 0x60, 0x43, 0xF1, 0x3C
	.byte 0x0C, 0x43, 0xF1, 0x78, 0xF6, 0x3C, 0x0C, 0x3E, 0xF1, 0x3C, 0x0C, 0x3E, 0xF1, 0x78, 0x48, 0x43
	.byte 0x12, 0x46, 0xF1, 0x3C, 0x06, 0x46, 0xF1, 0x78, 0x48, 0x4A, 0x17, 0x46, 0xF8, 0xA7, 0xFE, 0xFF
	.byte 0xF9, 0x60, 0xF0, 0x03, 0xF1, 0xFF, 0x10, 0x37, 0xF1, 0x78, 0x10, 0x37, 0xF1, 0xFF, 0xF6, 0x10
	.byte 0x10, 0x32, 0xF1, 0x78, 0x10, 0x32, 0xF1, 0xFF, 0xF6, 0x10, 0x10, 0x37, 0xF1, 0x78, 0x10, 0x37
	.byte 0xF1, 0xFF, 0xF6, 0x10, 0x10, 0x32, 0xF1, 0x78, 0x10, 0x32, 0xF1, 0xFF, 0xF6, 0x10, 0x10, 0x37
	.byte 0xF1, 0x78, 0x10, 0x37, 0xF1, 0xFF, 0xF6, 0x10, 0x10, 0x32, 0xF1, 0x78, 0x10, 0x32, 0xF1, 0xFF
	.byte 0xF6, 0x10, 0x12, 0x37, 0xF6, 0x06, 0x12, 0x32, 0xF6, 0x06, 0x12, 0x34, 0xF6, 0x06, 0x12, 0x36
	.byte 0xF6, 0x06, 0x10, 0x37, 0xF1, 0x78, 0x10, 0x37, 0xF1, 0xFF, 0xF6, 0x10, 0x10, 0x32, 0xF1, 0x78
	.byte 0x10, 0x32, 0xF1, 0xFF, 0xF6, 0x10, 0x10, 0x37, 0xF1, 0x78, 0x10, 0x37, 0xF1, 0xFF, 0xF6, 0x10
	.byte 0x10, 0x32, 0xF1, 0x78, 0x10, 0x32, 0xF1, 0xFF, 0xF6, 0x10, 0x10, 0x3A, 0xF1, 0x78, 0x10, 0x3A
	.byte 0xF1, 0xFF, 0xF6, 0x10, 0x10, 0x35, 0xF1, 0x78, 0x10, 0x35, 0xF1, 0xFF, 0xF6, 0x10, 0x10, 0x3A
	.byte 0xF1, 0x78, 0x10, 0x3A, 0xF1, 0xFF, 0xF6, 0x10, 0x10, 0x35, 0xF1, 0x78, 0x10, 0x35, 0xF1, 0xFF
	.byte 0xF6, 0x10, 0x12, 0x35, 0xF6, 0x1E, 0x12, 0x30, 0xF6, 0x1E, 0x12, 0x35, 0xF6, 0x1E, 0x12, 0x30
	.byte 0xF6, 0x1E, 0x10, 0x37, 0xF1, 0x78, 0x10, 0x37, 0xF1, 0xFF, 0xF6, 0x10, 0x10, 0x32, 0xF1, 0x78
	.byte 0x10, 0x32, 0xF1, 0xFF, 0xF6, 0x10, 0x10, 0x37, 0xF1, 0x78, 0x08, 0x37, 0xF1, 0xFF, 0x0C, 0x32
	.byte 0xF1, 0x78, 0x0C, 0x32, 0xF1, 0xFF, 0x0C, 0x34, 0xF1, 0x78, 0x0C, 0x34, 0xF1, 0xFF, 0x0C, 0x36
	.byte 0xF1, 0x78, 0x0C, 0x36, 0xF1, 0xFF, 0x10, 0x37, 0xF1, 0x78, 0x10, 0x37, 0xF1, 0xFF, 0xF6, 0x10
	.byte 0x10, 0x32, 0xF1, 0x78, 0x10, 0x32, 0xF1, 0xFF, 0xF6, 0x10, 0x10, 0x37, 0xF1, 0x78, 0x10, 0x37
	.byte 0xF1, 0xFF, 0xF6, 0x10, 0x10, 0x32, 0xF1, 0x78, 0x10, 0x32, 0xF1, 0xFF, 0xF6, 0x10, 0x10, 0x3A
	.byte 0xF1, 0x78, 0x10, 0x3A, 0xF1, 0xFF, 0xF6, 0x10, 0x10, 0x35, 0xF1, 0x78, 0x10, 0x35, 0xF1, 0xFF
	.byte 0xF6, 0x10, 0x10, 0x3A, 0xF1, 0x78, 0x10, 0x3A, 0xF1, 0xFF, 0xF6, 0x10, 0x10, 0x35, 0xF1, 0x78
	.byte 0x10, 0x35, 0xF1, 0xFF, 0xF6, 0x10, 0x12, 0x35, 0xF6, 0x1E, 0x12, 0x30, 0xF6, 0x1E, 0x12, 0x35
	.byte 0xF6, 0x1E, 0x12, 0x30, 0xF6, 0x1E, 0x10, 0x33, 0xF1, 0x78, 0x10, 0x33, 0xF1, 0xFF, 0xF6, 0x10
	.byte 0x10, 0x2E, 0xF1, 0x78, 0x10, 0x2E, 0xF1, 0xFF, 0xF6, 0x10, 0x10, 0x33, 0xF1, 0x78, 0x10, 0x33
	.byte 0xF1, 0xFF, 0xF6, 0x10, 0x10, 0x2E, 0xF1, 0x78, 0x10, 0x2E, 0xF1, 0xFF, 0xF6, 0x10, 0x12, 0x35
	.byte 0xF6, 0x1E, 0x12, 0x30, 0xF6, 0x1E, 0x12, 0x35, 0xF6, 0x06, 0x12, 0x30, 0xF6, 0x06, 0x12, 0x35
	.byte 0xF6, 0x06, 0x12, 0x34, 0xF6, 0x06, 0x10, 0x33, 0xF1, 0x78, 0x10, 0x33, 0xF1, 0xFF, 0xF6, 0x10
	.byte 0x10, 0x2E, 0xF1, 0x78, 0x10, 0x2E, 0xF1, 0xFF, 0xF6, 0x10, 0x10, 0x33, 0xF1, 0x78, 0x10, 0x33
	.byte 0xF1, 0xFF, 0xF6, 0x10, 0x10, 0x2E, 0xF1, 0x78, 0x10, 0x2E, 0xF1, 0xFF, 0xF6, 0x10, 0x12, 0x35
	.byte 0xF6, 0x1E, 0x12, 0x30, 0xF6, 0x1E, 0x12, 0x35, 0xF6, 0x1E, 0x12, 0x30, 0xF6, 0x1E, 0x10, 0x37
	.byte 0xF1, 0x78, 0x10, 0x37, 0xF1, 0xFF, 0xF6, 0x10, 0x10, 0x32, 0xF1, 0x78, 0x10, 0x32, 0xF1, 0xFF
	.byte 0xF6, 0x10, 0x10, 0x37, 0xF1, 0x78, 0x10, 0x37, 0xF1, 0xFF, 0xF6, 0x10, 0x10, 0x32, 0xF1, 0x78
	.byte 0x10, 0x32, 0xF1, 0xFF, 0xF6, 0x10, 0x10, 0x37, 0xF1, 0x78, 0x10, 0x37, 0xF1, 0xFF, 0xF6, 0x10
	.byte 0x10, 0x32, 0xF1, 0x78, 0x10, 0x32, 0xF1, 0xFF, 0xF6, 0x10, 0x10, 0x37, 0xF1, 0x78, 0x08, 0x37
	.byte 0xF1, 0xFF, 0x12, 0x32, 0xF6, 0x06, 0x12, 0x37, 0xF6, 0x06, 0x12, 0x35, 0xF6, 0x06, 0x10, 0x33
	.byte 0xF1, 0x78, 0x10, 0x33, 0xF1, 0xFF, 0xF6, 0x10, 0x10, 0x2E, 0xF1, 0x78, 0x10, 0x2E, 0xF1, 0xFF
	.byte 0xF6, 0x10, 0x10, 0x33, 0xF1, 0x78, 0x10, 0x33, 0xF1, 0xFF, 0xF6, 0x10, 0x10, 0x2E, 0xF1, 0x78
	.byte 0x10, 0x2E, 0xF1, 0xFF, 0xF6, 0x10, 0x12, 0x35, 0xF6, 0x1E, 0x12, 0x30, 0xF6, 0x1E, 0x12, 0x35
	.byte 0xF6, 0x1E, 0x12, 0x30, 0xF6, 0x1E, 0x10, 0x37, 0xF1, 0x78, 0x10, 0x37, 0xF1, 0xFF, 0xF6, 0x10
	.byte 0x10, 0x32, 0xF1, 0x78, 0x10, 0x32, 0xF1, 0xFF, 0xF6, 0x10, 0x10, 0x37, 0xF1, 0x78, 0x10, 0x37
	.byte 0xF1, 0xFF, 0xF6, 0x10, 0x10, 0x32, 0xF1, 0x78, 0x10, 0x32, 0xF1, 0xFF, 0xF6, 0x10, 0x10, 0x37
	.byte 0xF1, 0x78, 0x10, 0x37, 0xF1, 0xFF, 0xF6, 0x10, 0x10, 0x32, 0xF1, 0x78, 0x10, 0x32, 0xF1, 0xFF
	.byte 0xF6, 0x10, 0x10, 0x37, 0xF1, 0x78, 0x08, 0x37, 0xF1, 0xFF, 0x0C, 0x32, 0xF1, 0x78, 0x0C, 0x32
	.byte 0xF1, 0xFF, 0x0C, 0x34, 0xF1, 0x78, 0x0C, 0x34, 0xF1, 0xFF, 0x0C, 0x36, 0xF1, 0x78, 0x0C, 0x36
	.byte 0xF1, 0xFF, 0x00, 0xB7, 0x24, 0xF1, 0xDC, 0x00, 0xB7, 0x24, 0xF1, 0xB4, 0x00, 0xB7, 0x24, 0xF1
	.byte 0x50, 0x24, 0x37, 0xF6, 0x18, 0xF1, 0xFF, 0x10, 0x32, 0xF1, 0x78, 0x08, 0x32, 0xF1, 0xFF, 0xF8
	.byte 0xB8, 0xFD, 0xFF, 0xF9, 0x6A, 0xF6, 0x19, 0xF0, 0x14, 0xF2, 0x64, 0xF1, 0xA0, 0x0C, 0x3E, 0x0C
	.byte 0x3E, 0xF1, 0x3C, 0x0C, 0x3E, 0xF1, 0xA0, 0xF6, 0x0C, 0x18, 0x3E, 0xF1, 0x3C, 0x0C, 0x3E, 0xF1
	.byte 0xA0, 0xF6, 0x0C, 0x0C, 0x3E, 0x0C, 0x3E, 0xF1, 0x3C, 0x0C, 0x3E, 0xF1, 0xA0, 0xF6, 0x0C, 0x18
	.byte 0x3E, 0xF6, 0x18, 0x0C, 0x3E, 0x0C, 0x3E, 0xF1, 0x3C, 0x0C, 0x3E, 0xF1, 0xA0, 0xF6, 0x0C, 0x18
	.byte 0x3E, 0xF1, 0x3C, 0x0C, 0x3E, 0xF1, 0xA0, 0xF6, 0x0C, 0x0C, 0x3E, 0x0C, 0x3E, 0xF1, 0x3C, 0x0C
	.byte 0x3E, 0xF1, 0xA0, 0xF6, 0x0C, 0x18, 0x3E, 0xF6, 0x18, 0x0C, 0x3E, 0x0C, 0x3E, 0xF1, 0x3C, 0x0C
	.byte 0x3E, 0xF1, 0xA0, 0xF6, 0x0C, 0x18, 0x3E, 0xF1, 0x3C, 0x0C, 0x3E, 0xF1, 0xA0, 0xF6, 0x0C, 0x0C
	.byte 0x3E, 0x0C, 0x3E, 0xF1, 0x3C, 0x0C, 0x3E, 0xF1, 0xA0, 0xF6, 0x0C, 0x17, 0x3E, 0xF6, 0x01, 0xF1
	.byte 0x3C, 0x0C, 0x3E, 0xF1, 0xA0, 0xF6, 0x0C, 0x0C, 0x41, 0x0C, 0x41, 0xF1, 0x3C, 0x0C, 0x41, 0xF1
	.byte 0xA0, 0xF6, 0x0C, 0x18, 0x41, 0xF1, 0x3C, 0x0C, 0x41, 0xF1, 0xA0, 0xF6, 0x0C, 0x0C, 0x41, 0x0C
	.byte 0x41, 0xF1, 0x3C, 0x0C, 0x41, 0xF1, 0xA0, 0xF6, 0x0C, 0x18, 0x41, 0xF1, 0x3C, 0x0C, 0x41, 0xF1
	.byte 0xA0, 0xF6, 0x0C, 0x0C, 0x3C, 0x0C, 0x3C, 0xF1, 0x3C, 0x0C, 0x3C, 0xF1, 0xA0, 0xF6, 0x0C, 0x18
	.byte 0x3C, 0xF1, 0x3C, 0x0C, 0x3C, 0xF1, 0xA0, 0xF6, 0x0C, 0x0C, 0x3C, 0x0C, 0x3C, 0xF1, 0x3C, 0x0C
	.byte 0x3C, 0xF1, 0xA0, 0xF6, 0x0C, 0x18, 0x3C, 0xF1, 0x3C, 0x0C, 0x3C, 0xF1, 0xA0, 0xF6, 0x0C, 0x0C
	.byte 0x3E, 0x0C, 0x3E, 0xF1, 0x3C, 0x0C, 0x3E, 0xF1, 0xA0, 0xF6, 0x0C, 0x18, 0x3E, 0xF1, 0x3C, 0x0C
	.byte 0x3E, 0xF1, 0xA0, 0xF6, 0x0C, 0x0C, 0x3E, 0x0C, 0x3E, 0xF1, 0x3C, 0x0C, 0x3E, 0xF1, 0xA0, 0xF6
	.byte 0x0C, 0x18, 0x3E, 0xF1, 0x3C, 0x0C, 0x3E, 0xF1, 0xA0, 0xF6, 0x0C, 0x0C, 0x3E, 0x0C, 0x3E, 0xF1
	.byte 0x3C, 0x0C, 0x3E, 0xF1, 0xA0, 0xF6, 0x0C, 0x18, 0x3E, 0xF1, 0x3C, 0x0C, 0x3E, 0xF1, 0xA0, 0xF6
	.byte 0x0C, 0x0C, 0x3E, 0x0C, 0x3E, 0xF1, 0x3C, 0x0C, 0x3E, 0xF1, 0xA0, 0xF6, 0x0C, 0x18, 0x3E, 0xF6
	.byte 0x18, 0x0C, 0x41, 0x0C, 0x41, 0xF1, 0x3C, 0x0C, 0x41, 0xF1, 0xA0, 0xF6, 0x0C, 0x18, 0x41, 0xF1
	.byte 0x3C, 0x0C, 0x41, 0xF1, 0xA0, 0xF6, 0x0C, 0x0C, 0x41, 0x0C, 0x41, 0xF1, 0x3C, 0x0C, 0x41, 0xF1
	.byte 0xA0, 0xF6, 0x0C, 0x18, 0x41, 0xF1, 0x3C, 0x0C, 0x41, 0xF1, 0xA0, 0xF6, 0x0C, 0x0C, 0x3C, 0x0C
	.byte 0x3C, 0xF1, 0x3C, 0x0C, 0x3C, 0xF1, 0xA0, 0xF6, 0x0C, 0x18, 0x3C, 0xF1, 0x3C, 0x0C, 0x3C, 0xF1
	.byte 0xA0, 0xF6, 0x0C, 0x0C, 0x3C, 0x0C, 0x3C, 0xF1, 0x3C, 0x0C, 0x3C, 0xF1, 0xA0, 0xF6, 0x0C, 0x18
	.byte 0x3C, 0xF1, 0x3C, 0x0C, 0x3C, 0xF1, 0xA0, 0xF6, 0x0C, 0x0C, 0x3A, 0x0C, 0x3A, 0xF1, 0x3C, 0x0C
	.byte 0x3A, 0xF1, 0xA0, 0xF6, 0x0C, 0x18, 0x3A, 0xF1, 0x3C, 0x0C, 0x3A, 0xF1, 0xA0, 0xF6, 0x0C, 0x0C
	.byte 0x3A, 0x0C, 0x3A, 0xF1, 0x3C, 0x0C, 0x3A, 0xF1, 0xA0, 0xF6, 0x0C, 0x18, 0x3A, 0xF1, 0x3C, 0x0C
	.byte 0x3A, 0xF1, 0xA0, 0xF6, 0x0C, 0x0C, 0x3C, 0x0C, 0x3C, 0xF1, 0x3C, 0x0C, 0x3C, 0xF1, 0xA0, 0xF6
	.byte 0x0C, 0x18, 0x3C, 0xF1, 0x3C, 0x0C, 0x3C, 0xF1, 0xA0, 0xF6, 0x0C, 0x0C, 0x3C, 0x0C, 0x3C, 0xF1
	.byte 0x3C, 0x0C, 0x3C, 0xF1, 0xA0, 0xF6, 0x0C, 0x18, 0x3C, 0xF1, 0x3C, 0x0C, 0x3C, 0xF1, 0xA0, 0xF6
	.byte 0x0C, 0x0C, 0x3A, 0x0C, 0x3A, 0xF1, 0x3C, 0x0C, 0x3A, 0xF1, 0xA0, 0xF6, 0x0C, 0x18, 0x3A, 0xF1
	.byte 0x3C, 0x0C, 0x3A, 0xF1, 0xA0, 0xF6, 0x0C, 0x0C, 0x3A, 0x0C, 0x3A, 0xF1, 0x3C, 0x0C, 0x3A, 0xF1
	.byte 0xA0, 0xF6, 0x0C, 0x18, 0x3A, 0xF1, 0x3C, 0x0C, 0x3A, 0xF1, 0xA0, 0xF6, 0x0C, 0x0C, 0x3C, 0x0C
	.byte 0x3C, 0xF1, 0x3C, 0x0C, 0x3C, 0xF1, 0xA0, 0xF6, 0x0C, 0x18, 0x3C, 0xF1, 0x3C, 0x0C, 0x3C, 0xF1
	.byte 0xA0, 0xF6, 0x0C, 0x0C, 0x3C, 0x0C, 0x3C, 0xF1, 0x3C, 0x0C, 0x3C, 0xF1, 0xA0, 0xF6, 0x0C, 0x18
	.byte 0x3C, 0xF1, 0x3C, 0x0C, 0x3C, 0xF1, 0xA0, 0xF6, 0x0C, 0x0C, 0x3E, 0x0C, 0x3E, 0xF1, 0x3C, 0x0C
	.byte 0x3E, 0xF1, 0xA0, 0xF6, 0x0C, 0x18, 0x3E, 0xF1, 0x3C, 0x0C, 0x3E, 0xF1, 0xA0, 0xF6, 0x0C, 0x0C
	.byte 0x3E, 0x0C, 0x3E, 0xF1, 0x3C, 0x0C, 0x3E, 0xF1, 0xA0, 0xF6, 0x0C, 0x18, 0x3E, 0xF1, 0x3C, 0x0C
	.byte 0x3E, 0xF1, 0xA0, 0xF6, 0x0C, 0x0C, 0x3E, 0x0C, 0x3E, 0xF1, 0x3C, 0x0C, 0x3E, 0xF1, 0xA0, 0xF6
	.byte 0x0C, 0x18, 0x3E, 0xF1, 0x3C, 0x0C, 0x3E, 0xF1, 0xA0, 0xF6, 0x0C, 0x0C, 0x3E, 0x0C, 0x3E, 0xF1
	.byte 0x3C, 0x0C, 0x3E, 0xF1, 0xA0, 0xF6, 0x0C, 0x18, 0x3E, 0xF1, 0x3C, 0x0C, 0x3E, 0xF1, 0xA0, 0xF6
	.byte 0x0C, 0x0C, 0x3A, 0x0C, 0x3A, 0xF1, 0x3C, 0x0C, 0x3A, 0xF1, 0xA0, 0xF6, 0x0C, 0x18, 0x3A, 0xF1
	.byte 0x3C, 0x0C, 0x3A, 0xF1, 0xA0, 0xF6, 0x0C, 0x0C, 0x3A, 0x0C, 0x3A, 0xF1, 0x3C, 0x0C, 0x3A, 0xF1
	.byte 0xA0, 0xF6, 0x0C, 0x18, 0x3A, 0xF1, 0x3C, 0x0C, 0x3A, 0xF1, 0xA0, 0xF6, 0x0C, 0x0C, 0x3C, 0x0C
	.byte 0x3C, 0xF1, 0x3C, 0x0C, 0x3C, 0xF1, 0xA0, 0xF6, 0x0C, 0x18, 0x3C, 0xF1, 0x3C, 0x0C, 0x3C, 0xF1
	.byte 0xA0, 0xF6, 0x0C, 0x0C, 0x3C, 0x0C, 0x3C, 0xF1, 0x3C, 0x0C, 0x3C, 0xF1, 0xA0, 0xF6, 0x0C, 0x18
	.byte 0x3C, 0xF1, 0x3C, 0x0C, 0x3C, 0xF1, 0xA0, 0xF6, 0x0C, 0x0C, 0x3E, 0x0C, 0x3E, 0xF1, 0x3C, 0x0C
	.byte 0x3E, 0xF1, 0xA0, 0xF6, 0x0C, 0x18, 0x3E, 0xF1, 0x3C, 0x0C, 0x3E, 0xF1, 0xA0, 0xF6, 0x0C, 0x0C
	.byte 0x3E, 0x0C, 0x3E, 0xF1, 0x3C, 0x0C, 0x3E, 0xF1, 0xA0, 0xF6, 0x0C, 0x18, 0x3E, 0xF1, 0x3C, 0x0C
	.byte 0x3E, 0xF1, 0xA0, 0xF6, 0x0C, 0x0C, 0x3E, 0x0C, 0x3E, 0xF1, 0x3C, 0x0C, 0x3E, 0xF1, 0xA0, 0xF6
	.byte 0x0C, 0x18, 0x3E, 0xF1, 0x3C, 0x0C, 0x3E, 0xF1, 0xA0, 0xF6, 0x0C, 0x0C, 0x3E, 0x0C, 0x3E, 0xF1
	.byte 0x3C, 0x0C, 0x3E, 0xF1, 0xA0, 0xF6, 0x0C, 0x18, 0x3E, 0xF1, 0x3C, 0x10, 0x3E, 0xF1, 0xA0, 0xA4
	.byte 0x3E, 0xF6, 0x0B, 0xF8, 0x37, 0xFD, 0xFF, 0xF9, 0x6A, 0xF0, 0x14, 0xF2, 0x96, 0xF1, 0x8C, 0x12
	.byte 0x37, 0xF1, 0x3C, 0x06, 0x37, 0xF1, 0x8C, 0x0C, 0x3A, 0x0C, 0x3A, 0x12, 0x32, 0xF1, 0x3C, 0x06
	.byte 0x32, 0xF1, 0x8C, 0x18, 0x3A, 0x12, 0x37, 0xF1, 0x3C, 0x06, 0x37, 0xF1, 0x8C, 0x0C, 0x3A, 0x0C
	.byte 0x3A, 0x12, 0x32, 0xF1, 0x3C, 0x06, 0x32, 0xF1, 0x8C, 0x18, 0x3A, 0x12, 0x37, 0xF1, 0x3C, 0x06
	.byte 0x37, 0xF1, 0x8C, 0x0C, 0x3A, 0x0C, 0x3A, 0x12, 0x32, 0xF1, 0x3C, 0x06, 0x32, 0xF1, 0x8C, 0x18
	.byte 0x3A, 0x12, 0x37, 0xF1, 0x3C, 0x06, 0x37, 0xF1, 0x8C, 0x0C, 0x3A, 0x0C, 0x3A, 0x12, 0x32, 0xF1
	.byte 0x3C, 0x06, 0x32, 0xF1, 0x8C, 0x18, 0x3A, 0x12, 0x37, 0xF1, 0x3C, 0x06, 0x37, 0xF1, 0x8C, 0x0C
	.byte 0x3A, 0x0C, 0x3A, 0x12, 0x32, 0xF1, 0x3C, 0x06, 0x32, 0xF1, 0x8C, 0x18, 0x3A, 0x12, 0x37, 0xF1
	.byte 0x3C, 0x06, 0x37, 0xF1, 0x8C, 0x0C, 0x3A, 0x0C, 0x3A, 0x12, 0x32, 0xF1, 0x3C, 0x06, 0x32, 0xF1
	.byte 0x8C, 0x18, 0x3A, 0x12, 0x3A, 0xF6, 0x06, 0x0C, 0x3E, 0x0C, 0x3E, 0x12, 0x35, 0xF1, 0x3C, 0x06
	.byte 0x35, 0xF1, 0x8C, 0x18, 0x3E, 0x12, 0x3A, 0xF1, 0x3C, 0x06, 0x3A, 0xF1, 0x8C, 0x0C, 0x3E, 0x0C
	.byte 0x3E, 0x12, 0x35, 0xF1, 0x3C, 0x06, 0x35, 0xF1, 0x8C, 0x18, 0x3E, 0x12, 0x35, 0xF1, 0x3C, 0x06
	.byte 0x35, 0xF1, 0x8C, 0x0C, 0x39, 0x0C, 0x39, 0x12, 0x30, 0xF1, 0x3C, 0x06, 0x30, 0xF1, 0x8C, 0x18
	.byte 0x39, 0x12, 0x35, 0xF1, 0x3C, 0x06, 0x35, 0xF1, 0x8C, 0x0C, 0x39, 0x0C, 0x39, 0x12, 0x30, 0xF1
	.byte 0x3C, 0x06, 0x30, 0xF1, 0x8C, 0x18, 0x39, 0x12, 0x37, 0xF1, 0x3C, 0x06, 0x37, 0xF1, 0x8C, 0x0C
	.byte 0x3A, 0x0C, 0x3A, 0x12, 0x32, 0xF1, 0x3C, 0x06, 0x32, 0xF1, 0x8C, 0x18, 0x3A, 0x12, 0x37, 0xF1
	.byte 0x3C, 0x06, 0x37, 0xF1, 0x8C, 0x0C, 0x3A, 0x0C, 0x3A, 0x12, 0x32, 0xF1, 0x3C, 0x06, 0x32, 0xF1
	.byte 0x8C, 0x18, 0x3A, 0x12, 0x37, 0xF1, 0x3C, 0x06, 0x37, 0xF1, 0x8C, 0x0C, 0x3A, 0x0C, 0x3A, 0x12
	.byte 0x32, 0xF1, 0x3C, 0x06, 0x32, 0xF1, 0x8C, 0x18, 0x3A, 0x12, 0x37, 0xF1, 0x3C, 0x06, 0x37, 0xF1
	.byte 0x8C, 0x0C, 0x3A, 0x0C, 0x3A, 0x12, 0x32, 0xF1, 0x3C, 0x06, 0x32, 0xF1, 0x8C, 0x18, 0x3A, 0x12
	.byte 0x3A, 0xF1, 0x3C, 0x06, 0x3A, 0xF1, 0x8C, 0x0C, 0x3E, 0x0C, 0x3E, 0x12, 0x35, 0xF1, 0x3C, 0x06
	.byte 0x35, 0xF1, 0x8C, 0x18, 0x3E, 0x12, 0x3A, 0xF1, 0x3C, 0x06, 0x3A, 0xF1, 0x8C, 0x0C, 0x3E, 0x0C
	.byte 0x3E, 0x12, 0x35, 0xF1, 0x3C, 0x06, 0x35, 0xF1, 0x8C, 0x18, 0x3E, 0x12, 0x35, 0xF1, 0x3C, 0x06
	.byte 0x35, 0xF1, 0x8C, 0x0C, 0x39, 0x0C, 0x39, 0x12, 0x30, 0xF1, 0x3C, 0x06, 0x30, 0xF1, 0x8C, 0x18
	.byte 0x39, 0x12, 0x35, 0xF1, 0x3C, 0x06, 0x35, 0xF1, 0x8C, 0x0C, 0x39, 0x0C, 0x39, 0x12, 0x30, 0xF1
	.byte 0x3C, 0x06, 0x30, 0xF1, 0x8C, 0x18, 0x39, 0x12, 0x33, 0xF1, 0x3C, 0x06, 0x33, 0xF1, 0x8C, 0x0C
	.byte 0x37, 0x0C, 0x37, 0x12, 0x2E, 0xF1, 0x3C, 0x06, 0x2E, 0xF1, 0x8C, 0x18, 0x37, 0x12, 0x33, 0xF1
	.byte 0x3C, 0x06, 0x33, 0xF1, 0x8C, 0x0C, 0x37, 0x0C, 0x37, 0x12, 0x2E, 0xF1, 0x3C, 0x06, 0x2E, 0xF1
	.byte 0x8C, 0x18, 0x37, 0x12, 0x35, 0xF1, 0x3C, 0x06, 0x35, 0xF1, 0x8C, 0x0C, 0x39, 0x0C, 0x39, 0x12
	.byte 0x30, 0xF1, 0x3C, 0x06, 0x30, 0xF1, 0x8C, 0x18, 0x39, 0x12, 0x35, 0xF1, 0x3C, 0x06, 0x35, 0xF1
	.byte 0x8C, 0x0C, 0x39, 0x0C, 0x39, 0x12, 0x35, 0xF1, 0x3C, 0x06, 0x35, 0xF1, 0x8C, 0x18, 0x39, 0x12
	.byte 0x33, 0xF1, 0x3C, 0x06, 0x33, 0xF1, 0x8C, 0x0C, 0x37, 0x0C, 0x37, 0x12, 0x2E, 0xF1, 0x3C, 0x06
	.byte 0x2E, 0xF1, 0x8C, 0x18, 0x37, 0x12, 0x33, 0xF1, 0x3C, 0x06, 0x33, 0xF1, 0x8C, 0x0C, 0x37, 0x0C
	.byte 0x37, 0x12, 0x2E, 0xF1, 0x3C, 0x06, 0x2E, 0xF1, 0x8C, 0x18, 0x37, 0x12, 0x35, 0xF1, 0x3C, 0x06
	.byte 0x35, 0xF1, 0x8C, 0x0C, 0x39, 0x0C, 0x39, 0x12, 0x30, 0xF1, 0x3C, 0x06, 0x30, 0xF1, 0x8C, 0x18
	.byte 0x39, 0x12, 0x35, 0xF1, 0x3C, 0x06, 0x35, 0xF1, 0x8C, 0x0C, 0x39, 0x0C, 0x39, 0x12, 0x30, 0xF1
	.byte 0x3C, 0x06, 0x30, 0xF1, 0x8C, 0x18, 0x39, 0x12, 0x37, 0xF1, 0x3C, 0x06, 0x37, 0xF1, 0x8C, 0x0C
	.byte 0x3A, 0x0C, 0x3A, 0x12, 0x32, 0xF1, 0x3C, 0x06, 0x32, 0xF1, 0x8C, 0x18, 0x3A, 0x12, 0x37, 0xF1
	.byte 0x3C, 0x06, 0x39, 0xF1, 0x8C, 0x0C, 0x3A, 0x0C, 0x3A, 0x12, 0x32, 0xF1, 0x3C, 0x06, 0x32, 0xF1
	.byte 0x8C, 0x18, 0x3A, 0x12, 0x37, 0xF1, 0x3C, 0x06, 0x37, 0xF1, 0x8C, 0x0C, 0x3A, 0x0C, 0x3A, 0x12
	.byte 0x32, 0xF1, 0x3C, 0x06, 0x32, 0xF1, 0x8C, 0x18, 0x3A, 0x12, 0x37, 0xF1, 0x3C, 0x06, 0x37, 0xF1
	.byte 0x8C, 0x0C, 0x3A, 0x0C, 0x3A, 0x12, 0x37, 0xF1, 0x3C, 0x06, 0x37, 0xF1, 0x8C, 0x18, 0x3A, 0x12
	.byte 0x33, 0xF1, 0x3C, 0x06, 0x33, 0xF1, 0x8C, 0x0C, 0x37, 0x0C, 0x37, 0x12, 0x2E, 0xF1, 0x3C, 0x06
	.byte 0x2E, 0xF1, 0x8C, 0x18, 0x37, 0x12, 0x33, 0xF1, 0x3C, 0x06, 0x33, 0xF1, 0x8C, 0x0C, 0x37, 0x0C
	.byte 0x37, 0x12, 0x2E, 0xF1, 0x3C, 0x06, 0x2E, 0xF1, 0x8C, 0x18, 0x37, 0x12, 0x35, 0xF1, 0x3C, 0x06
	.byte 0x35, 0xF1, 0x8C, 0x0C, 0x39, 0x0C, 0x39, 0x12, 0x30, 0xF1, 0x3C, 0x06, 0x30, 0xF1, 0x8C, 0x18
	.byte 0x39, 0x12, 0x35, 0xF1, 0x3C, 0x06, 0x35, 0xF1, 0x8C, 0x0C, 0x39, 0x0C, 0x39, 0x12, 0x30, 0xF1
	.byte 0x3C, 0x06, 0x30, 0xF1, 0x8C, 0x18, 0x39, 0x12, 0x37, 0xF1, 0x3C, 0x06, 0x37, 0xF1, 0x8C, 0x0C
	.byte 0x3A, 0x0C, 0x3A, 0x12, 0x32, 0xF1, 0x3C, 0x06, 0x32, 0xF1, 0x8C, 0x18, 0x3A, 0x12, 0x37, 0xF1
	.byte 0x3C, 0x06, 0x37, 0xF1, 0x8C, 0x0C, 0x3A, 0x0C, 0x3A, 0x12, 0x32, 0xF1, 0x3C, 0x06, 0x32, 0xF1
	.byte 0x8C, 0x18, 0x3A, 0x12, 0x37, 0xF1, 0x3C, 0x06, 0x37, 0xF1, 0x8C, 0x0C, 0x3A, 0x0C, 0x3A, 0x12
	.byte 0x32, 0xF1, 0x3C, 0x06, 0x32, 0xF1, 0x8C, 0x18, 0x3A, 0x12, 0x37, 0xF1, 0x3C, 0x06, 0x37, 0xF1
	.byte 0x8C, 0x0C, 0x3A, 0x0C, 0x3A, 0x12, 0x32, 0xF1, 0x3C, 0x06, 0x32, 0xF1, 0x8C, 0x18, 0x3A, 0x08
	.byte 0x37, 0xAC, 0x3A, 0xF6, 0x0C, 0xF8, 0x3B, 0xFD, 0xFF, 0xF9, 0x6A, 0xF0, 0x00, 0xF2, 0xA0, 0xF1
	.byte 0x50, 0x18, 0x3C, 0x0C, 0x35, 0x0C, 0x35, 0x18, 0x3C, 0x18, 0x35, 0x18, 0x3C, 0x0C, 0x35, 0x0C
	.byte 0x35, 0x0C, 0x3C, 0x0C, 0x3C, 0x18, 0x35, 0x18, 0x3C, 0x0C, 0x35, 0x0C, 0x35, 0x18, 0x3C, 0x18
	.byte 0x35, 0x18, 0x3C, 0x0C, 0x35, 0x0C, 0x35, 0x0C, 0x3C, 0x0C, 0x3C, 0x18, 0x35, 0x18, 0x37, 0x0C
	.byte 0x35, 0x0C, 0x35, 0x18, 0x37, 0x18, 0x35, 0x18, 0x37, 0x0C, 0x35, 0x0C, 0x35, 0x0C, 0x37, 0x0C
	.byte 0x37, 0x18, 0x35, 0x18, 0x37, 0x0C, 0x35, 0x0C, 0x35, 0x18, 0x37, 0x18, 0x35, 0x18, 0x37, 0x0C
	.byte 0x35, 0x0C, 0x35, 0x0C, 0x37, 0x0C, 0x37, 0x18, 0x35, 0x18, 0x37, 0x0C, 0x35, 0x0C, 0x35, 0x18
	.byte 0x37, 0x18, 0x35, 0x18, 0x37, 0x0C, 0x35, 0x0C, 0x35, 0x0C, 0x37, 0x0C, 0x37, 0x18, 0x35, 0x18
	.byte 0x37, 0x0C, 0x35, 0x0C, 0x35, 0x18, 0x37, 0x18, 0x35, 0x18, 0x37, 0x0C, 0x35, 0x0C, 0x35, 0x0C
	.byte 0x37, 0x0C, 0x37, 0x18, 0x35, 0x18, 0x37, 0x0C, 0x35, 0x0C, 0x35, 0x18, 0x37, 0x18, 0x35, 0x18
	.byte 0x37, 0x0C, 0x35, 0x0C, 0x35, 0x0C, 0x37, 0x0C, 0x37, 0x18, 0x35, 0x18, 0x37, 0x0C, 0x35, 0x0C
	.byte 0x35, 0x18, 0x37, 0x18, 0x35, 0x18, 0x37, 0x0C, 0x35, 0x0C, 0x35, 0x0C, 0x37, 0x0C, 0x37, 0x18
	.byte 0x35, 0x18, 0x37, 0x0C, 0x35, 0x0C, 0x35, 0x18, 0x37, 0x18, 0x35, 0x18, 0x37, 0x0C, 0x35, 0x0C
	.byte 0x35, 0x0C, 0x37, 0x0C, 0x37, 0x18, 0x35, 0x18, 0x37, 0x0C, 0x35, 0x0C, 0x35, 0x18, 0x37, 0x18
	.byte 0x35, 0x18, 0x37, 0x0C, 0x35, 0x0C, 0x35, 0x0C, 0x37, 0x0C, 0x37, 0x18, 0x35, 0x18, 0x37, 0x0C
	.byte 0x35, 0x0C, 0x35, 0x18, 0x37, 0x18, 0x35, 0x18, 0x37, 0x0C, 0x35, 0x0C, 0x35, 0x0C, 0x37, 0x0C
	.byte 0x37, 0x18, 0x35, 0x18, 0x37, 0x0C, 0x35, 0x0C, 0x35, 0x18, 0x37, 0x18, 0x35, 0x18, 0x37, 0x0C
	.byte 0x35, 0x0C, 0x35, 0x0C, 0x37, 0x0C, 0x37, 0x18, 0x35, 0x18, 0x37, 0x0C, 0x35, 0x0C, 0x35, 0x18
	.byte 0x37, 0x18, 0x35, 0x18, 0x37, 0x0C, 0x35, 0x0C, 0x35, 0x0C, 0x37, 0x0C, 0x37, 0x18, 0x35, 0x18
	.byte 0x37, 0x0C, 0x35, 0x0C, 0x35, 0x18, 0x37, 0x18, 0x35, 0x18, 0x37, 0x0C, 0x35, 0x0C, 0x35, 0x0C
	.byte 0x37, 0x0C, 0x37, 0x18, 0x35, 0x18, 0x37, 0x0C, 0x35, 0x0C, 0x35, 0x18, 0x37, 0x18, 0x35, 0x18
	.byte 0x37, 0x0C, 0x35, 0x0C, 0x35, 0x0C, 0x37, 0x0C, 0x37, 0x18, 0x35, 0x18, 0x37, 0x0C, 0x35, 0x0C
	.byte 0x35, 0x18, 0x37, 0x18, 0x35, 0x18, 0x37, 0x0C, 0x35, 0x0C, 0x35, 0x0C, 0x37, 0x0C, 0x37, 0x18
	.byte 0x35, 0x18, 0x37, 0x0C, 0x35, 0x0C, 0x35, 0x18, 0x37, 0x18, 0x35, 0x18, 0x37, 0x0C, 0x35, 0x0C
	.byte 0x35, 0x0C, 0x37, 0x0C, 0x37, 0x18, 0x35, 0x18, 0x37, 0x0C, 0x35, 0x0C, 0x35, 0x18, 0x37, 0x18
	.byte 0x35, 0x18, 0x37, 0x0C, 0x35, 0x0C, 0x35, 0x0C, 0x37, 0x0C, 0x37, 0x18, 0x35, 0x18, 0x37, 0x0C
	.byte 0x35, 0x0C, 0x35, 0x18, 0x37, 0x18, 0x35, 0x18, 0x37, 0x0C, 0x35, 0x0C, 0x35, 0x0C, 0x37, 0x0C
	.byte 0x37, 0x18, 0x35, 0x0C, 0x37, 0xF6, 0x84, 0x0C, 0x37, 0x0C, 0x37, 0x18, 0x35, 0xF8, 0x93, 0xFE
	.byte 0xFF, 0xF9, 0x6A, 0xF6, 0x18, 0xF0, 0x00, 0xF2, 0x8C, 0xF1, 0x50, 0x18, 0x40, 0xF6, 0x18, 0x18
	.byte 0x40, 0xF6, 0x18, 0x18, 0x40, 0xF6, 0x18, 0x18, 0x40, 0xF6, 0x18, 0x18, 0x40, 0xF6, 0x18, 0x18
	.byte 0x40, 0xF6, 0x18, 0x18, 0x40, 0xF6, 0x18, 0x18, 0x40, 0xF6, 0x18, 0x18, 0x40, 0xF6, 0x18, 0x18
	.byte 0x40, 0xF6, 0x18, 0x18, 0x40, 0xF6, 0x18, 0x18, 0x40, 0xF6, 0x18, 0x18, 0x40, 0xF6, 0x18, 0x18
	.byte 0x40, 0xF6, 0x18, 0x18, 0x40, 0xF6, 0x18, 0x18, 0x40, 0xF6, 0x18, 0x18, 0x40, 0xF6, 0x18, 0x18
	.byte 0x40, 0xF6, 0x18, 0x18, 0x40, 0xF6, 0x18, 0x18, 0x40, 0xF6, 0x18, 0x18, 0x40, 0xF6, 0x18, 0x18
	.byte 0x40, 0xF6, 0x18, 0x18, 0x40, 0xF6, 0x18, 0x18, 0x40, 0xF6, 0x18, 0x18, 0x40, 0xF6, 0x18, 0x18
	.byte 0x40, 0xF6, 0x18, 0x18, 0x40, 0xF6, 0x18, 0x18, 0x40, 0xF6, 0x18, 0x18, 0x40, 0xF6, 0x18, 0x18
	.byte 0x40, 0xF6, 0x18, 0x18, 0x40, 0xF6, 0x18, 0x18, 0x40, 0xF6, 0x18, 0x18, 0x40, 0xF6, 0x18, 0x18
	.byte 0x40, 0xF6, 0x18, 0x18, 0x40, 0xF6, 0x18, 0x18, 0x40, 0xF6, 0x18, 0x18, 0x40, 0xF6, 0x18, 0x18
	.byte 0x40, 0xF6, 0x18, 0x18, 0x40, 0xF6, 0x18, 0x18, 0x40, 0xF6, 0x18, 0x18, 0x40, 0xF6, 0x18, 0x18
	.byte 0x40, 0xF6, 0x18, 0x18, 0x40, 0xF6, 0x18, 0x18, 0x40, 0xF6, 0x18, 0x18, 0x40, 0xF6, 0x18, 0x18
	.byte 0x40, 0xF6, 0x18, 0x18, 0x40, 0xF6, 0x18, 0x18, 0x40, 0xF6, 0x18, 0x18, 0x40, 0xF6, 0x18, 0x18
	.byte 0x40, 0xF6, 0x18, 0x18, 0x40, 0xF6, 0x18, 0x18, 0x40, 0xF6, 0x18, 0x18, 0x40, 0xF6, 0x18, 0x18
	.byte 0x40, 0xF6, 0x18, 0x18, 0x40, 0xF6, 0x18, 0x18, 0x40, 0xF6, 0x18, 0x18, 0x40, 0xF6, 0x18, 0x18
	.byte 0x40, 0xF6, 0x18, 0x18, 0x40, 0xF6, 0x18, 0x18, 0x40, 0xF6, 0x18, 0x18, 0x40, 0xF6, 0x18, 0x18
	.byte 0x40, 0xF6, 0x18, 0x18, 0x40, 0xF6, 0x18, 0x18, 0x40, 0xF6, 0x18, 0x18, 0x40, 0xF6, 0x18, 0x18
	.byte 0x40, 0xF6, 0x18, 0x18, 0x40, 0xF6, 0x18, 0x18, 0x40, 0xF6, 0x18, 0x18, 0x40, 0xF6, 0x18, 0x18
	.byte 0x40, 0xF6, 0x18, 0x18, 0x40, 0xF6, 0x18, 0x18, 0x40, 0xF6, 0x18, 0x18, 0x40, 0xF6, 0x18, 0x18
	.byte 0x40, 0xF6, 0x18, 0x18, 0x40, 0xF6, 0x18, 0x18, 0x40, 0xF6, 0x78, 0x18, 0x40, 0xF6, 0x18, 0x18
	.byte 0x40, 0xF8, 0xF5, 0xFE, 0xFF, 0xF9, 0x60, 0xF6, 0xC0, 0xF6, 0xA8, 0xF0, 0xC6, 0xF2, 0x00, 0xF1
	.byte 0x28, 0xF6, 0x08, 0x0C, 0x3E, 0xF1, 0x14, 0x0C, 0x3E, 0xF1, 0x28, 0x48, 0x43, 0x12, 0x46, 0xF1
	.byte 0x14, 0x06, 0x46, 0xF1, 0x28, 0x48, 0x4A, 0x10, 0x46, 0xF6, 0x08, 0x49, 0x4D, 0x18, 0x4B, 0x3C
	.byte 0x4A, 0xF1, 0x14, 0x0C, 0x4A, 0xF1, 0x28, 0x12, 0x4A, 0xF1, 0x14, 0x06, 0x4A, 0xF1, 0x28, 0x48
	.byte 0x48, 0x18, 0x4A, 0x30, 0x48, 0x18, 0x46, 0x12, 0x45, 0xF1, 0x14, 0x06, 0x45, 0xF1, 0x28, 0x18
	.byte 0x46, 0x18, 0x45, 0x60, 0x43, 0xF6, 0x18, 0x0C, 0x3E, 0xF1, 0x14, 0x0C, 0x3E, 0xF1, 0x28, 0x48
	.byte 0x43, 0x12, 0x46, 0xF1, 0x14, 0x06, 0x46, 0xF1, 0x28, 0x48, 0x4A, 0x18, 0x46, 0x48, 0x4D, 0x18
	.byte 0x4B, 0x3C, 0x4A, 0xF1, 0x14, 0xF6, 0x0C, 0xF1, 0x28, 0x12, 0x4A, 0xF1, 0x14, 0x06, 0x4A, 0xF1
	.byte 0x28, 0x48, 0x48, 0x18, 0x4A, 0x30, 0x48, 0x18, 0x46, 0x12, 0x45, 0xF1, 0x14, 0x06, 0x45, 0xF1
	.byte 0x28, 0x18, 0x46, 0x18, 0x45, 0x78, 0x43, 0xF1, 0x14, 0x0C, 0x43, 0xF1, 0x28, 0xF6, 0x0C, 0x18
	.byte 0x48, 0x18, 0x46, 0x78, 0x45, 0xF1, 0x14, 0x0C, 0x45, 0xF1, 0x28, 0xF6, 0x0C, 0x24, 0x43, 0x0A
	.byte 0x42, 0xF1, 0x14, 0x02, 0x42, 0xF1, 0x28, 0x24, 0x43, 0x0A, 0x45, 0xF1, 0x14, 0x02, 0x45, 0xF1
	.byte 0x28, 0x30, 0x46, 0x12, 0x48, 0xF1, 0x14, 0x06, 0x48, 0xF1, 0x28, 0x18, 0x46, 0x0C, 0x45, 0x0A
	.byte 0x43, 0xF1, 0x14, 0x02, 0x43, 0xF1, 0x28, 0x0C, 0x41, 0xF1, 0x14, 0x0C, 0x41, 0xF1, 0x28, 0x6C
	.byte 0x48, 0xF1, 0x14, 0x0C, 0x48, 0xF1, 0x28, 0x0C, 0x48, 0xF1, 0x14, 0x0C, 0x48, 0xF1, 0x28, 0x0C
	.byte 0x48, 0x0A, 0x46, 0xF1, 0x14, 0x02, 0x46, 0xF1, 0x28, 0x0C, 0x43, 0xF1, 0x14, 0x0C, 0x43, 0xF1
	.byte 0x28, 0x00, 0xCA, 0x90, 0x90, 0x4A, 0xF1, 0x14, 0x0C, 0x4A, 0xF1, 0x28, 0xF6, 0x24, 0x24, 0x43
	.byte 0x0A, 0x42, 0xF1, 0x14, 0x02, 0x42, 0xF1, 0x28, 0x24, 0x43, 0x0A, 0x45, 0xF1, 0x14, 0x02, 0x45
	.byte 0xF1, 0x28, 0x30, 0x46, 0x12, 0x48, 0xF1, 0x14, 0x06, 0x48, 0xF1, 0x28, 0x18, 0x46, 0x24, 0x45
	.byte 0x0A, 0x43, 0xF1, 0x14, 0x02, 0x43, 0xF1, 0x28, 0x24, 0x45, 0x0A, 0x46, 0xF1, 0x14, 0x02, 0x46
	.byte 0xF1, 0x28, 0x30, 0x48, 0x12, 0x4A, 0xF1, 0x14, 0x06, 0x4A, 0xF1, 0x28, 0x18, 0x48, 0x12, 0x48
	.byte 0xF1, 0x14, 0x06, 0x48, 0xF1, 0x28, 0x0C, 0x46, 0xF1, 0x14, 0x0C, 0x46, 0xF1, 0x28, 0x00, 0xC3
	.byte 0x90, 0x60, 0x43, 0xF1, 0x14, 0x0C, 0x43, 0xF1, 0x28, 0xF6, 0x3C, 0x0C, 0x3E, 0xF1, 0x14, 0x0C
	.byte 0x3E, 0xF1, 0x28, 0x48, 0x43, 0x12, 0x46, 0xF1, 0x14, 0x06, 0x46, 0xF1, 0x28, 0x48, 0x4A, 0x10
	.byte 0x46, 0xF8, 0xA5, 0xFE, 0xFF, 0xF9, 0x60, 0xF6, 0xC0, 0xF6, 0xA8, 0xF0, 0xC6, 0xF2, 0xFF, 0xF1
	.byte 0x28, 0xF6, 0x18, 0x0C, 0x3E, 0xF1, 0x14, 0x0C, 0x3E, 0xF1, 0x28, 0x48, 0x43, 0x12, 0x46, 0xF1
	.byte 0x14, 0x06, 0x46, 0xF1, 0x28, 0x48, 0x4A, 0x10, 0x46, 0xF6, 0x08, 0x49, 0x4D, 0x18, 0x4B, 0x3C
	.byte 0x4A, 0xF1, 0x14, 0x0C, 0x4A, 0xF1, 0x28, 0x12, 0x4A, 0xF1, 0x14, 0x06, 0x4A, 0xF1, 0x28, 0x48
	.byte 0x48, 0x18, 0x4A, 0x30, 0x48, 0x18, 0x46, 0x12, 0x45, 0xF1, 0x14, 0x06, 0x45, 0xF1, 0x28, 0x18
	.byte 0x46, 0x18, 0x45, 0x60, 0x43, 0xF6, 0x18, 0x0C, 0x3E, 0xF1, 0x14, 0x0C, 0x3E, 0xF1, 0x28, 0x48
	.byte 0x43, 0x12, 0x46, 0xF1, 0x14, 0x06, 0x46, 0xF1, 0x28, 0x48, 0x4A, 0x18, 0x46, 0x48, 0x4D, 0x18
	.byte 0x4B, 0x3C, 0x4A, 0xF1, 0x14, 0xF6, 0x0C, 0xF1, 0x28, 0x12, 0x4A, 0xF1, 0x14, 0x06, 0x4A, 0xF1
	.byte 0x28, 0x48, 0x48, 0x18, 0x4A, 0x30, 0x48, 0x18, 0x46, 0x12, 0x45, 0xF1, 0x14, 0x06, 0x45, 0xF1
	.byte 0x28, 0x18, 0x46, 0x18, 0x45, 0x78, 0x43, 0xF1, 0x14, 0x0C, 0x43, 0xF1, 0x28, 0xF6, 0x0C, 0x18
	.byte 0x48, 0x18, 0x46, 0x78, 0x45, 0xF1, 0x14, 0x0C, 0x45, 0xF1, 0x28, 0xF6, 0x0C, 0x24, 0x43, 0x0A
	.byte 0x42, 0xF1, 0x14, 0x02, 0x42, 0xF1, 0x28, 0x24, 0x43, 0x0A, 0x45, 0xF1, 0x14, 0x02, 0x45, 0xF1
	.byte 0x28, 0x30, 0x46, 0x12, 0x48, 0xF1, 0x14, 0x06, 0x48, 0xF1, 0x28, 0x18, 0x46, 0x0C, 0x45, 0x0A
	.byte 0x43, 0xF1, 0x14, 0x02, 0x43, 0xF1, 0x28, 0x0C, 0x41, 0xF1, 0x14, 0x0C, 0x41, 0xF1, 0x28, 0x6C
	.byte 0x48, 0xF1, 0x14, 0x0C, 0x48, 0xF1, 0x28, 0x0C, 0x48, 0xF1, 0x14, 0x0C, 0x48, 0xF1, 0x28, 0x0C
	.byte 0x48, 0x0A, 0x46, 0xF1, 0x14, 0x02, 0x46, 0xF1, 0x28, 0x0C, 0x43, 0xF1, 0x14, 0x0C, 0x43, 0xF1
	.byte 0x28, 0x00, 0xCA, 0x90, 0x90, 0x4A, 0xF1, 0x14, 0x0C, 0x4A, 0xF1, 0x28, 0xF6, 0x24, 0x24, 0x43
	.byte 0x0A, 0x42, 0xF1, 0x14, 0x02, 0x42, 0xF1, 0x28, 0x24, 0x43, 0x0A, 0x45, 0xF1, 0x14, 0x02, 0x45
	.byte 0xF1, 0x28, 0x30, 0x46, 0x12, 0x48, 0xF1, 0x14, 0x06, 0x48, 0xF1, 0x28, 0x18, 0x46, 0x24, 0x45
	.byte 0x0A, 0x43, 0xF1, 0x14, 0x02, 0x43, 0xF1, 0x28, 0x24, 0x45, 0x0A, 0x46, 0xF1, 0x14, 0x02, 0x46
	.byte 0xF1, 0x28, 0x30, 0x48, 0x12, 0x4A, 0xF1, 0x14, 0x06, 0x4A, 0xF1, 0x28, 0x18, 0x48, 0x12, 0x48
	.byte 0xF1, 0x14, 0x06, 0x48, 0xF1, 0x28, 0x0C, 0x46, 0xF1, 0x14, 0x0C, 0x46, 0xF1, 0x28, 0x00, 0xC3
	.byte 0x90, 0x60, 0x43, 0xF1, 0x14, 0x0C, 0x43, 0xF1, 0x28, 0xF6, 0x3C, 0x0C, 0x3E, 0xF1, 0x14, 0x0C
	.byte 0x3E, 0xF1, 0x28, 0x48, 0x43, 0x12, 0x46, 0xF1, 0x14, 0x06, 0x46, 0xF1, 0x28, 0x48, 0x4A, 0xF8
	.byte 0xA5, 0xFE, 0xFF, 0x00, 0xFC, 0x03, 0xBE, 0x05, 0x2A, 0x07, 0xC2, 0x07, 0x5A, 0x08, 0xFE, 0x09
	.byte 0x68, 0x0A, 0x12, 0x00, 0xEA, 0x02, 0xF9, 0x74, 0xF6, 0x04, 0xF0, 0xC0, 0xF2, 0x6E, 0xF1, 0x50
	.byte 0x0C, 0x48, 0xF1, 0x1E, 0x0C, 0x48, 0xF1, 0x50, 0x0C, 0x4D, 0xF1, 0x1E, 0x0C, 0x4D, 0xF1, 0x50
	.byte 0x0C, 0x51, 0xF1, 0x1E, 0x0C, 0x51, 0xF1, 0x50, 0x0C, 0x54, 0xF1, 0x1E, 0x18, 0x54, 0xF1, 0x0A
	.byte 0x0C, 0x54, 0xF1, 0x50, 0x0C, 0x52, 0xF1, 0x1E, 0x18, 0x52, 0xF1, 0x0A, 0x0C, 0x52, 0xF1, 0x50
	.byte 0x0C, 0x51, 0xF1, 0x1E, 0x0C, 0x51, 0xF1, 0x50, 0x0C, 0x52, 0xF1, 0x1E, 0x24, 0x52, 0xF1, 0x0A
	.byte 0x18, 0x52, 0xF1, 0x50, 0x0C, 0x5B, 0xF1, 0x1E, 0x0C, 0x5B, 0xF1, 0x50, 0x0C, 0x56, 0xF1, 0x1E
	.byte 0x0C, 0x56, 0xF1, 0x0A, 0x0C, 0x56, 0xF1, 0x05, 0x3C, 0x56, 0xF1, 0x50, 0x0C, 0x48, 0xF1, 0x1E
	.byte 0x0C, 0x48, 0xF1, 0x50, 0x0C, 0x4C, 0xF1, 0x1E, 0x0C, 0x4C, 0xF1, 0x50, 0x0C, 0x4F, 0xF1, 0x1E
	.byte 0x0C, 0x4F, 0xF1, 0x50, 0x0C, 0x52, 0xF1, 0x1E, 0x18, 0x52, 0xF1, 0x0A, 0x0C, 0x52, 0xF1, 0x50
	.byte 0x0C, 0x51, 0xF1, 0x1E, 0x18, 0x51, 0xF1, 0x0A, 0x0C, 0x51, 0xF1, 0x50, 0x0C, 0x4F, 0xF1, 0x1E
	.byte 0x0C, 0x4F, 0xF1, 0x50, 0x0C, 0x51, 0xF1, 0x1E, 0x24, 0x51, 0xF1, 0x0A, 0x18, 0x51, 0xF1, 0x50
	.byte 0x0C, 0x59, 0xF1, 0x1E, 0x0C, 0x59, 0xF1, 0x50, 0x0C, 0x56, 0xF1, 0x1E, 0x0C, 0x56, 0xF1, 0x0A
	.byte 0x0C, 0x56, 0xF1, 0x05, 0x3C, 0x56, 0xF1, 0x50, 0x0C, 0x46, 0xF1, 0x1E, 0x0C, 0x46, 0xF1, 0x50
	.byte 0x0C, 0x4A, 0xF1, 0x1E, 0x0C, 0x4A, 0xF1, 0x50, 0x0C, 0x51, 0xF1, 0x1E, 0x0C, 0x51, 0xF1, 0x50
	.byte 0x0C, 0x4F, 0xF1, 0x1E, 0x18, 0x4F, 0xF1, 0x0A, 0x0C, 0x51, 0xF1, 0x50, 0x0C, 0x4D, 0xF1, 0x1E
	.byte 0x24, 0x4D, 0xF1, 0x0A, 0x18, 0x4D, 0xF1, 0x50, 0x0C, 0x4C, 0xF1, 0x1E, 0x24, 0x4C, 0xF1, 0x0A
	.byte 0x18, 0x4C, 0xF1, 0x50, 0x0C, 0x4A, 0xF1, 0x1E, 0x24, 0x4A, 0xF1, 0x0A, 0x18, 0x4A, 0xF1, 0x05
	.byte 0x30, 0x4A, 0xF1, 0x50, 0x0C, 0x4D, 0xF1, 0x1E, 0x0C, 0x4D, 0xF1, 0x50, 0x0C, 0x4D, 0xF1, 0x1E
	.byte 0x18, 0x4D, 0xF1, 0x0A, 0x0C, 0x4D, 0xF1, 0x50, 0x0C, 0x4D, 0xF1, 0x1E, 0x18, 0x4D, 0xF1, 0x0A
	.byte 0x0C, 0x4D, 0xF1, 0x50, 0x0C, 0x4D, 0xF1, 0x1E, 0x0C, 0x4D, 0xF1, 0x50, 0x0C, 0x4F, 0xF1, 0x1E
	.byte 0x18, 0x4F, 0xF1, 0x0A, 0x0C, 0x4F, 0xF1, 0x50, 0x0C, 0x50, 0xF1, 0x1E, 0x18, 0x50, 0xF1, 0x0A
	.byte 0x0C, 0x50, 0xF1, 0x50, 0xF6, 0x18, 0x0C, 0x4F, 0xF1, 0x1E, 0x18, 0x4F, 0xF1, 0x0A, 0x0C, 0x4F
	.byte 0xF1, 0x50, 0x0C, 0x5B, 0xF1, 0x1E, 0x0C, 0x5B, 0xF1, 0x50, 0x0C, 0x57, 0xF1, 0x1E, 0x0B, 0x57
	.byte 0xF6, 0x14, 0xF1, 0x50, 0xF6, 0x04, 0xF1, 0x50, 0x0C, 0x48, 0xF1, 0x1E, 0x0C, 0x48, 0xF1, 0x50
	.byte 0x0C, 0x4D, 0xF1, 0x1E, 0x0C, 0x4D, 0xF1, 0x50, 0x0C, 0x51, 0xF1, 0x1E, 0x0C, 0x51, 0xF1, 0x50
	.byte 0x0C, 0x54, 0xF1, 0x1E, 0x18, 0x54, 0xF1, 0x0A, 0x0C, 0x54, 0xF1, 0x50, 0x0C, 0x52, 0xF1, 0x1E
	.byte 0x18, 0x52, 0xF1, 0x0A, 0x0C, 0x52, 0xF1, 0x50, 0x0C, 0x51, 0xF1, 0x1E, 0x0C, 0x51, 0xF1, 0x50
	.byte 0x0C, 0x52, 0xF1, 0x1E, 0x24, 0x52, 0xF1, 0x0A, 0x18, 0x52, 0xF1, 0x50, 0x0C, 0x5B, 0xF1, 0x1E
	.byte 0x0C, 0x5B, 0xF1, 0x50, 0x0C, 0x56, 0xF1, 0x1E, 0x0C, 0x56, 0xF1, 0x0A, 0x0C, 0x56, 0xF1, 0x05
	.byte 0x3C, 0x56, 0xF1, 0x50, 0x0C, 0x48, 0xF1, 0x1E, 0x0C, 0x48, 0xF1, 0x50, 0x0C, 0x4C, 0xF1, 0x1E
	.byte 0x0C, 0x4C, 0xF1, 0x50, 0x0C, 0x4F, 0xF1, 0x1E, 0x0C, 0x4F, 0xF1, 0x50, 0x0C, 0x52, 0xF1, 0x1E
	.byte 0x18, 0x52, 0xF1, 0x0A, 0x0C, 0x52, 0xF1, 0x50, 0x0C, 0x51, 0xF1, 0x1E, 0x18, 0x51, 0xF1, 0x0A
	.byte 0x0C, 0x51, 0xF1, 0x50, 0x0C, 0x4F, 0xF1, 0x1E, 0x0C, 0x4F, 0xF1, 0x50, 0x0C, 0x51, 0xF1, 0x1E
	.byte 0x24, 0x51, 0xF1, 0x0A, 0x18, 0x51, 0xF1, 0x50, 0x0C, 0x59, 0xF1, 0x1E, 0x0C, 0x59, 0xF1, 0x50
	.byte 0x0C, 0x56, 0xF1, 0x1E, 0x0C, 0x56, 0xF1, 0x0A, 0x0C, 0x56, 0xF1, 0x05, 0x3C, 0x56, 0xF1, 0x50
	.byte 0x0C, 0x46, 0xF1, 0x1E, 0x0C, 0x46, 0xF1, 0x50, 0x0C, 0x4A, 0xF1, 0x1E, 0x0C, 0x4A, 0xF1, 0x50
	.byte 0x0C, 0x51, 0xF1, 0x1E, 0x0C, 0x51, 0xF1, 0x50, 0x0C, 0x4F, 0xF1, 0x1E, 0x18, 0x4F, 0xF1, 0x0A
	.byte 0x0C, 0x51, 0xF1, 0x50, 0x0C, 0x4D, 0xF1, 0x1E, 0x24, 0x4D, 0xF1, 0x0A, 0x18, 0x4D, 0xF1, 0x50
	.byte 0x0C, 0x4C, 0xF1, 0x1E, 0x24, 0x4C, 0xF1, 0x0A, 0x18, 0x4C, 0xF1, 0x50, 0x0C, 0x4A, 0xF1, 0x1E
	.byte 0x24, 0x4A, 0xF1, 0x0A, 0x18, 0x4A, 0xF1, 0x05, 0x30, 0x4A, 0xF1, 0x50, 0x0C, 0x4D, 0xF1, 0x1E
	.byte 0x0C, 0x4D, 0xF1, 0x50, 0x0C, 0x4D, 0xF1, 0x1E, 0x18, 0x4D, 0xF1, 0x0A, 0x0C, 0x4D, 0xF1, 0x50
	.byte 0x0C, 0x4D, 0xF1, 0x1E, 0x18, 0x4D, 0xF1, 0x0A, 0x0C, 0x4D, 0xF1, 0x50, 0x0C, 0x4D, 0xF1, 0x1E
	.byte 0x0C, 0x4D, 0xF1, 0x50, 0x0C, 0x4F, 0xF1, 0x1E, 0x18, 0x4F, 0xF1, 0x0A, 0x0C, 0x4F, 0xF1, 0x50
	.byte 0x0C, 0x50, 0xF1, 0x1E, 0x18, 0x50, 0xF1, 0x0A, 0x0C, 0x50, 0xF1, 0x50, 0xF6, 0x18, 0x0C, 0x4F
	.byte 0xF1, 0x1E, 0x18, 0x4F, 0xF1, 0x0A, 0x0C, 0x4F, 0xF1, 0x50, 0x0C, 0x5B, 0xF1, 0x1E, 0x0C, 0x5B
	.byte 0xF1, 0x50, 0x0C, 0x57, 0xF1, 0x28, 0x0B, 0x57, 0xF6, 0x14, 0xF8, 0x97, 0xFE, 0xFF, 0xF9, 0x74
	.byte 0xF6, 0x02, 0xF0, 0xC0, 0xF2, 0x8C, 0xF1, 0x50, 0x0C, 0x45, 0xF1, 0x1E, 0x0C, 0x45, 0xF1, 0x50
	.byte 0x0C, 0x48, 0xF1, 0x1E, 0x0C, 0x48, 0xF1, 0x50, 0x0C, 0x4D, 0xF1, 0x1E, 0x0C, 0x4D, 0xF1, 0x50
	.byte 0x0C, 0x51, 0xF1, 0x1E, 0x0C, 0x51, 0xF1, 0x0A, 0x18, 0x51, 0xF1, 0x50, 0x0C, 0x4E, 0xF1, 0x1E
	.byte 0x0C, 0x4E, 0xF1, 0x0A, 0x18, 0x4E, 0xF1, 0x50, 0x0C, 0x4E, 0xF1, 0x1E, 0x0C, 0x4E, 0xF1, 0x50
	.byte 0x0C, 0x4F, 0xF1, 0x1E, 0x18, 0x4F, 0xF1, 0x0A, 0x24, 0x4F, 0xF1, 0x50, 0x0C, 0x56, 0xF1, 0x1E
	.byte 0x0C, 0x56, 0xF1, 0x50, 0x0C, 0x52, 0xF1, 0x1E, 0x0C, 0x52, 0xF1, 0x0A, 0x0C, 0x52, 0xF1, 0x05
	.byte 0x3C, 0x52, 0xF1, 0x50, 0x0C, 0x43, 0xF1, 0x1E, 0x0C, 0x43, 0xF1, 0x50, 0x0C, 0x48, 0xF1, 0x1E
	.byte 0x0C, 0x48, 0xF1, 0x50, 0x0C, 0x4C, 0xF1, 0x1E, 0x0C, 0x4C, 0xF1, 0x50, 0x0C, 0x4F, 0xF1, 0x1E
	.byte 0x0C, 0x4F, 0xF1, 0x0A, 0x18, 0x4F, 0xF1, 0x50, 0x0C, 0x4D, 0xF1, 0x1E, 0x0C, 0x4D, 0xF1, 0x0A
	.byte 0x18, 0x4D, 0xF1, 0x50, 0x0C, 0x4C, 0xF1, 0x1E, 0x0C, 0x4C, 0xF1, 0x50, 0x0C, 0x4D, 0xF1, 0x1E
	.byte 0x18, 0x4D, 0xF1, 0x0A, 0x24, 0x4D, 0xF1, 0x50, 0x0C, 0x56, 0xF1, 0x1E, 0x0C, 0x56, 0xF1, 0x50
	.byte 0x0C, 0x51, 0xF1, 0x1E, 0x0C, 0x51, 0xF1, 0x0A, 0x0C, 0x51, 0xF1, 0x05, 0x3C, 0x51, 0xF1, 0x50
	.byte 0x0C, 0x43, 0xF1, 0x1E, 0x0C, 0x43, 0xF1, 0x50, 0x0C, 0x46, 0xF1, 0x1E, 0x0C, 0x46, 0xF1, 0x50
	.byte 0x0C, 0x4A, 0xF1, 0x1E, 0x0C, 0x4A, 0xF1, 0x50, 0x0C, 0x4A, 0xF1, 0x1E, 0x0C, 0x4A, 0xF1, 0x0A
	.byte 0x18, 0x4A, 0xF1, 0x50, 0x0C, 0x4A, 0xF1, 0x1E, 0x18, 0x4A, 0xF1, 0x0A, 0x24, 0x4A, 0xF1, 0x50
	.byte 0x0C, 0x48, 0xF1, 0x1E, 0x18, 0x48, 0xF1, 0x0A, 0x24, 0x48, 0xF1, 0x50, 0x0C, 0x48, 0xF1, 0x1E
	.byte 0x24, 0x4A, 0xF1, 0x0A, 0x48, 0x4A, 0xF1, 0x50, 0x0C, 0x49, 0xF1, 0x1E, 0x0C, 0x49, 0xF1, 0x50
	.byte 0x0C, 0x49, 0xF1, 0x1E, 0x0C, 0x49, 0xF1, 0x0A, 0x18, 0x49, 0xF1, 0x50, 0x0C, 0x49, 0xF1, 0x1E
	.byte 0x0C, 0x49, 0xF1, 0x0A, 0x18, 0x49, 0xF1, 0x50, 0x0C, 0x49, 0xF1, 0x1E, 0x0C, 0x49, 0xF1, 0x50
	.byte 0x0C, 0x4B, 0xF1, 0x1E, 0x0C, 0x49, 0xF1, 0x0A, 0x18, 0x49, 0xF1, 0x50, 0x0C, 0x4D, 0xF1, 0x1E
	.byte 0x0C, 0x4D, 0xF1, 0x0A, 0x18, 0x4D, 0xF1, 0x05, 0x18, 0x4D, 0xF1, 0x50, 0x0C, 0x4B, 0xF1, 0x1E
	.byte 0x0C, 0x49, 0xF1, 0x0A, 0x18, 0x49, 0xF1, 0x50, 0x0C, 0x57, 0xF1, 0x1E, 0x0C, 0x57, 0xF1, 0x50
	.byte 0x0C, 0x52, 0xF1, 0x1E, 0x0C, 0x52, 0xF6, 0x16, 0xF6, 0x02, 0xF1, 0x50, 0x0C, 0x45, 0xF1, 0x1E
	.byte 0x0C, 0x45, 0xF1, 0x50, 0x0C, 0x48, 0xF1, 0x1E, 0x0C, 0x48, 0xF1, 0x50, 0x0C, 0x4D, 0xF1, 0x1E
	.byte 0x0C, 0x4D, 0xF1, 0x50, 0x0C, 0x51, 0xF1, 0x1E, 0x0C, 0x51, 0xF1, 0x0A, 0x18, 0x51, 0xF1, 0x50
	.byte 0x0C, 0x4E, 0xF1, 0x1E, 0x0C, 0x4E, 0xF1, 0x0A, 0x18, 0x4E, 0xF1, 0x50, 0x0C, 0x4E, 0xF1, 0x1E
	.byte 0x0C, 0x4E, 0xF1, 0x50, 0x0C, 0x4F, 0xF1, 0x1E, 0x18, 0x4F, 0xF1, 0x0A, 0x24, 0x4F, 0xF1, 0x50
	.byte 0x0C, 0x56, 0xF1, 0x1E, 0x0C, 0x56, 0xF1, 0x50, 0x0C, 0x52, 0xF1, 0x1E, 0x0C, 0x52, 0xF1, 0x0A
	.byte 0x0C, 0x52, 0xF1, 0x05, 0x3C, 0x52, 0xF1, 0x50, 0x0C, 0x43, 0xF1, 0x1E, 0x0C, 0x43, 0xF1, 0x50
	.byte 0x0C, 0x48, 0xF1, 0x1E, 0x0C, 0x48, 0xF1, 0x50, 0x0C, 0x4C, 0xF1, 0x1E, 0x0C, 0x4C, 0xF1, 0x50
	.byte 0x0C, 0x4F, 0xF1, 0x1E, 0x0C, 0x4F, 0xF1, 0x0A, 0x18, 0x4F, 0xF1, 0x50, 0x0C, 0x4D, 0xF1, 0x1E
	.byte 0x0C, 0x4D, 0xF1, 0x0A, 0x18, 0x4D, 0xF1, 0x50, 0x0C, 0x4C, 0xF1, 0x1E, 0x0C, 0x4C, 0xF1, 0x50
	.byte 0x0C, 0x4D, 0xF1, 0x1E, 0x18, 0x4D, 0xF1, 0x0A, 0x24, 0x4D, 0xF1, 0x50, 0x0C, 0x56, 0xF1, 0x1E
	.byte 0x0C, 0x56, 0xF1, 0x50, 0x0C, 0x51, 0xF1, 0x1E, 0x0C, 0x51, 0xF1, 0x0A, 0x0C, 0x51, 0xF1, 0x05
	.byte 0x3C, 0x51, 0xF1, 0x50, 0x0C, 0x43, 0xF1, 0x1E, 0x0C, 0x43, 0xF1, 0x50, 0x0C, 0x46, 0xF1, 0x1E
	.byte 0x0C, 0x46, 0xF1, 0x50, 0x0C, 0x4A, 0xF1, 0x1E, 0x0C, 0x4A, 0xF1, 0x50, 0x0C, 0x4A, 0xF1, 0x1E
	.byte 0x0C, 0x4A, 0xF1, 0x0A, 0x18, 0x4A, 0xF1, 0x50, 0x0C, 0x4A, 0xF1, 0x1E, 0x18, 0x4A, 0xF1, 0x0A
	.byte 0x24, 0x4A, 0xF1, 0x50, 0x0C, 0x48, 0xF1, 0x1E, 0x18, 0x48, 0xF1, 0x0A, 0x24, 0x48, 0xF1, 0x50
	.byte 0x0C, 0x48, 0xF1, 0x1E, 0x24, 0x4A, 0xF1, 0x0A, 0x48, 0x4A, 0xF1, 0x50, 0x0C, 0x49, 0xF1, 0x1E
	.byte 0x0C, 0x49, 0xF1, 0x50, 0x0C, 0x49, 0xF1, 0x1E, 0x0C, 0x49, 0xF1, 0x0A, 0x18, 0x49, 0xF1, 0x50
	.byte 0x0C, 0x49, 0xF1, 0x1E, 0x0C, 0x49, 0xF1, 0x0A, 0x18, 0x49, 0xF1, 0x50, 0x0C, 0x49, 0xF1, 0x1E
	.byte 0x0C, 0x49, 0xF1, 0x50, 0x0C, 0x4B, 0xF1, 0x1E, 0x0C, 0x49, 0xF1, 0x0A, 0x18, 0x49, 0xF1, 0x50
	.byte 0x0C, 0x4D, 0xF1, 0x1E, 0x0C, 0x4D, 0xF1, 0x0A, 0x18, 0x4D, 0xF1, 0x05, 0x18, 0x4D, 0xF1, 0x50
	.byte 0x0C, 0x4B, 0xF1, 0x1E, 0x0C, 0x49, 0xF1, 0x0A, 0x18, 0x49, 0xF1, 0x50, 0x0C, 0x57, 0xF1, 0x1E
	.byte 0x0C, 0x57, 0xF1, 0x50, 0x0C, 0x52, 0xF1, 0x1E, 0x0C, 0x52, 0xF1, 0x50, 0xF6, 0x16, 0xF8, 0x97
	.byte 0xFE, 0xFF, 0xF9, 0x74, 0xF0, 0x6D, 0xF2, 0x8C, 0xF1, 0x8C, 0x00, 0xB5, 0x24, 0xF1, 0x28, 0x18
	.byte 0x35, 0xF1, 0x78, 0xF6, 0x0C, 0x00, 0xB6, 0x18, 0xF1, 0x28, 0x18, 0x36, 0xF1, 0x78, 0xF6, 0x48
	.byte 0x00, 0xB7, 0x18, 0xF1, 0x28, 0x18, 0x37, 0xF1, 0x78, 0xF6, 0x90, 0x00, 0xB4, 0x24, 0xF1, 0x28
	.byte 0x18, 0x34, 0xF1, 0x78, 0xF6, 0x0C, 0x00, 0xB1, 0x18, 0xF1, 0x28, 0x18, 0x31, 0xF1, 0x78, 0xF6
	.byte 0x48, 0x00, 0xB2, 0x18, 0xF1, 0x28, 0x18, 0x32, 0xF1, 0x78, 0xF6, 0x90, 0x00, 0xAB, 0x30, 0xF1
	.byte 0x28, 0x18, 0x2B, 0xF1, 0x78, 0x00, 0xB2, 0x30, 0xF1, 0x28, 0x18, 0x32, 0xF1, 0x78, 0x00, 0xB7
	.byte 0x18, 0xF1, 0x28, 0x18, 0x37, 0xF1, 0x78, 0x00, 0xB0, 0x30, 0xF1, 0x28, 0x18, 0x30, 0xF1, 0x78
	.byte 0x00, 0xB7, 0x30, 0xF1, 0x28, 0x18, 0x37, 0xF1, 0x78, 0x00, 0xB0, 0x18, 0xF1, 0x28, 0x18, 0x30
	.byte 0xF1, 0x78, 0x00, 0xB1, 0x30, 0xF1, 0x28, 0x18, 0x31, 0xF1, 0x78, 0x00, 0xB8, 0x30, 0xF1, 0x28
	.byte 0x18, 0x31, 0xF1, 0x78, 0x00, 0xBD, 0x18, 0xF1, 0x28, 0x18, 0x3D, 0xF1, 0x78, 0x00, 0xB3, 0x30
	.byte 0xF1, 0x28, 0x18, 0x33, 0xF1, 0x78, 0x00, 0xBA, 0x18, 0xF1, 0x28, 0x18, 0x3A, 0xF1, 0x78, 0x18
	.byte 0x3A, 0x00, 0xB3, 0x18, 0xF1, 0x28, 0x18, 0x33, 0xF1, 0x78, 0x00, 0xB5, 0x24, 0xF1, 0x28, 0x18
	.byte 0x35, 0xF1, 0x78, 0xF6, 0x0C, 0x00, 0xB6, 0x18, 0xF1, 0x28, 0x18, 0x36, 0xF1, 0x78, 0xF6, 0x48
	.byte 0x00, 0xB7, 0x18, 0xF1, 0x28, 0x18, 0x37, 0xF1, 0x78, 0xF6, 0x90, 0x00, 0xB4, 0x24, 0xF1, 0x28
	.byte 0x18, 0x34, 0xF1, 0x78, 0xF6, 0x0C, 0x00, 0xB1, 0x18, 0xF1, 0x28, 0x18, 0x31, 0xF1, 0x78, 0xF6
	.byte 0x48, 0x00, 0xB2, 0x18, 0xF1, 0x28, 0x18, 0x32, 0xF1, 0x78, 0xF6, 0x90, 0x00, 0xAB, 0x30, 0xF1
	.byte 0x28, 0x18, 0x2B, 0xF1, 0x78, 0x00, 0xB2, 0x30, 0xF1, 0x28, 0x18, 0x32, 0xF1, 0x78, 0x00, 0xB7
	.byte 0x18, 0xF1, 0x28, 0x18, 0x37, 0xF1, 0x78, 0x00, 0xB0, 0x30, 0xF1, 0x28, 0x18, 0x30, 0xF1, 0x78
	.byte 0x00, 0xB7, 0x30, 0xF1, 0x28, 0x18, 0x37, 0xF1, 0x78, 0x00, 0xB0, 0x18, 0xF1, 0x28, 0x18, 0x30
	.byte 0xF1, 0x78, 0x00, 0xB1, 0x30, 0xF1, 0x28, 0x18, 0x31, 0xF1, 0x78, 0x00, 0xB8, 0x30, 0xF1, 0x28
	.byte 0x18, 0x38, 0xF1, 0x78, 0x00, 0xBD, 0x18, 0xF1, 0x28, 0x18, 0x3D, 0xF1, 0x78, 0x00, 0xB3, 0x30
	.byte 0xF1, 0x28, 0x18, 0x33, 0xF1, 0x78, 0x00, 0xBA, 0x18, 0xF1, 0x28, 0x18, 0x3A, 0xF1, 0x78, 0x18
	.byte 0x3A, 0x00, 0xB3, 0x18, 0xF1, 0x28, 0x18, 0x33, 0xF1, 0x78, 0xF8, 0x4D, 0xFF, 0xFF, 0xF9, 0x74
	.byte 0xF6, 0xC0, 0xF0, 0x0C, 0xF2, 0x96, 0xF1, 0x50, 0xF6, 0x4A, 0x0C, 0x4F, 0xF1, 0x14, 0x0C, 0x4F
	.byte 0xF1, 0x50, 0x0C, 0x4A, 0xF1, 0x14, 0x0C, 0x4A, 0xF1, 0x50, 0xF6, 0x46, 0xF6, 0xC0, 0xF6, 0x4A
	.byte 0x0C, 0x4D, 0xF1, 0x14, 0x0C, 0x4D, 0xF1, 0x50, 0x0C, 0x4A, 0xF1, 0x14, 0x0C, 0x4A, 0xF1, 0x50
	.byte 0xF6, 0x46, 0xF6, 0xC0, 0xF6, 0xC0, 0xF6, 0xC0, 0xF6, 0x78, 0x0C, 0x4F, 0xF1, 0x14, 0x0C, 0x4F
	.byte 0xF1, 0x50, 0x0C, 0x4B, 0xF1, 0x14, 0x0C, 0x4B, 0xF1, 0x50, 0xF6, 0x18, 0xF6, 0xC0, 0xF6, 0x4A
	.byte 0x0C, 0x4F, 0xF1, 0x14, 0x0C, 0x4F, 0xF1, 0x50, 0x0C, 0x4A, 0xF1, 0x14, 0x0C, 0x4A, 0xF1, 0x50
	.byte 0xF6, 0x46, 0xF6, 0xC0, 0xF6, 0x4A, 0x0C, 0x4D, 0xF1, 0x14, 0x0C, 0x4D, 0xF1, 0x50, 0x0C, 0x4A
	.byte 0xF1, 0x14, 0x0C, 0x4A, 0xF1, 0x50, 0xF6, 0x46, 0xF6, 0xC0, 0xF6, 0xC0, 0xF6, 0xC0, 0xF6, 0x78
	.byte 0x0C, 0x4F, 0xF1, 0x14, 0x0C, 0x4F, 0xF1, 0x50, 0x0C, 0x4B, 0xF1, 0x14, 0x0C, 0x4B, 0xF1, 0x50
	.byte 0xF6, 0x18, 0xF8, 0xB7, 0xFF, 0xFF, 0xF9, 0x74, 0xF6, 0xC0, 0xF0, 0x0C, 0xF2, 0x50, 0xF1, 0x50
	.byte 0xF6, 0x48, 0x0C, 0x4A, 0xF1, 0x14, 0x0C, 0x4A, 0xF1, 0x50, 0x0C, 0x46, 0xF1, 0x14, 0x0C, 0x46
	.byte 0xF1, 0x50, 0xF6, 0x48, 0xF6, 0xC0, 0xF6, 0x48, 0x0C, 0x4A, 0xF1, 0x14, 0x0C, 0x4A, 0xF1, 0x50
	.byte 0x0C, 0x45, 0xF1, 0x14, 0x0C, 0x45, 0xF1, 0x50, 0xF6, 0x48, 0xF6, 0xC0, 0xF6, 0xC0, 0xF6, 0xC0
	.byte 0xF6, 0x78, 0x0C, 0x4B, 0xF1, 0x14, 0x0C, 0x4B, 0xF1, 0x50, 0x0C, 0x46, 0xF1, 0x14, 0x0C, 0x46
	.byte 0xF1, 0x50, 0xF6, 0x18, 0xF6, 0xC0, 0xF6, 0x48, 0x0C, 0x4A, 0xF1, 0x14, 0x0C, 0x4A, 0xF1, 0x50
	.byte 0x0C, 0x46, 0xF1, 0x14, 0x0C, 0x46, 0xF1, 0x50, 0xF6, 0x48, 0xF6, 0xC0, 0xF6, 0x48, 0x0C, 0x4A
	.byte 0xF1, 0x14, 0x0C, 0x4A, 0xF1, 0x50, 0x0C, 0x45, 0xF1, 0x14, 0x0C, 0x45, 0xF1, 0x50, 0xF6, 0x48
	.byte 0xF6, 0xC0, 0xF6, 0xC0, 0xF6, 0xC0, 0xF6, 0x7A, 0x0C, 0x4B, 0xF1, 0x14, 0x0C, 0x4B, 0xF1, 0x50
	.byte 0x0C, 0x46, 0xF1, 0x14, 0x0C, 0x46, 0xF1, 0x50, 0xF6, 0x16, 0xF8, 0xB7, 0xFF, 0xFF, 0xF9, 0x74
	.byte 0xF6, 0x01, 0xF0, 0x6D, 0xF2, 0x8C, 0xF1, 0x3C, 0x18, 0x3C, 0x18, 0x41, 0x18, 0x45, 0x00, 0xC8
	.byte 0x18, 0xF1, 0x14, 0x18, 0x48, 0xF1, 0x3C, 0x00, 0xC6, 0x18, 0xF1, 0x14, 0x18, 0x46, 0xF1, 0x3C
	.byte 0x00, 0xC5, 0x17, 0x00, 0xC5, 0x01, 0xF1, 0x14, 0x05, 0x45, 0xF1, 0x3C, 0x00, 0xC6, 0x30, 0xF1
	.byte 0x14, 0x18, 0x46, 0xF1, 0x3C, 0xF6, 0x72, 0xF6, 0x01, 0x18, 0x3C, 0x18, 0x40, 0x18, 0x43, 0x00
	.byte 0xC6, 0x18, 0xF1, 0x14, 0x18, 0x46, 0xF1, 0x3C, 0x00, 0xC5, 0x18, 0xF1, 0x14, 0x18, 0x45, 0xF1
	.byte 0x3C, 0x00, 0xC3, 0x17, 0x00, 0xC3, 0x01, 0xF1, 0x14, 0x05, 0x43, 0xF1, 0x3C, 0x00, 0xC5, 0x30
	.byte 0xF1, 0x14, 0x18, 0x45, 0xF1, 0x3C, 0xF6, 0x72, 0xF6, 0x01, 0x18, 0x3A, 0x18, 0x3E, 0x18, 0x45
	.byte 0x00, 0xC3, 0x18, 0xF1, 0x14, 0x18, 0x43, 0xF1, 0x3C, 0x00, 0xC1, 0x30, 0xF1, 0x14, 0x17, 0x41
	.byte 0xF1, 0x3C, 0xF6, 0x06, 0x00, 0xC0, 0x30, 0xF1, 0x14, 0x18, 0x40, 0xF1, 0x3C, 0x00, 0xBE, 0x30
	.byte 0xF1, 0x14, 0x18, 0x3E, 0xF1, 0x3C, 0xF6, 0x2A, 0xF6, 0x01, 0x18, 0x41, 0x00, 0xC1, 0x18, 0xF1
	.byte 0x14, 0x18, 0x41, 0xF1, 0x3C, 0x00, 0xC1, 0x18, 0xF1, 0x14, 0x18, 0x41, 0xF1, 0x3C, 0x18, 0x41
	.byte 0x00, 0xC3, 0x2F, 0x00, 0xC3, 0x01, 0xF1, 0x14, 0x05, 0x43, 0xF1, 0x3C, 0x00, 0xC4, 0x18, 0xF1
	.byte 0x14, 0x18, 0x44, 0xF1, 0x3C, 0xF6, 0x18, 0x00, 0xC3, 0x30, 0xF1, 0x14, 0x18, 0x44, 0xF1, 0x3C
	.byte 0xF6, 0x2A, 0xF6, 0x01, 0x18, 0x3C, 0x18, 0x41, 0x18, 0x45, 0x00, 0xC8, 0x18, 0xF1, 0x14, 0x18
	.byte 0x48, 0xF1, 0x3C, 0x00, 0xC6, 0x18, 0xF1, 0x14, 0x18, 0x46, 0xF1, 0x3C, 0x00, 0xC5, 0x17, 0x00
	.byte 0xC5, 0x01, 0xF1, 0x14, 0x05, 0x45, 0xF1, 0x3C, 0x00, 0xC6, 0x30, 0xF1, 0x14, 0x18, 0x46, 0xF1
	.byte 0x3C, 0xF6, 0x72, 0xF6, 0x01, 0x18, 0x3C, 0x18, 0x40, 0x18, 0x43, 0x00, 0xC6, 0x18, 0xF1, 0x14
	.byte 0x18, 0x46, 0xF1, 0x3C, 0x00, 0xC5, 0x18, 0xF1, 0x14, 0x18, 0x46, 0xF1, 0x3C, 0x00, 0xC3, 0x17
	.byte 0x00, 0xC3, 0x01, 0xF1, 0x14, 0x05, 0x43, 0xF1, 0x3C, 0x00, 0xC5, 0x30, 0xF1, 0x14, 0x18, 0x45
	.byte 0xF1, 0x3C, 0xF6, 0x72, 0xF6, 0x01, 0x18, 0x3A, 0x18, 0x3E, 0x18, 0x45, 0x00, 0xC3, 0x18, 0xF1
	.byte 0x14, 0x18, 0x43, 0xF1, 0x3C, 0x00, 0xC1, 0x30, 0xF1, 0x14, 0x17, 0x43, 0xF1, 0x3C, 0xF6, 0x06
	.byte 0x00, 0xC0, 0x30, 0xF1, 0x14, 0x18, 0x40, 0xF1, 0x3C, 0x00, 0xBE, 0x30, 0xF1, 0x14, 0x18, 0x3E
	.byte 0xF1, 0x3C, 0xF6, 0x2A, 0xF6, 0x01, 0x18, 0x41, 0x00, 0xC1, 0x18, 0xF1, 0x14, 0x18, 0x41, 0xF1
	.byte 0x3C, 0x00, 0xC1, 0x18, 0xF1, 0x14, 0x18, 0x41, 0xF1, 0x3C, 0x18, 0x41, 0x00, 0xC3, 0x2F, 0x00
	.byte 0xC3, 0x01, 0xF1, 0x14, 0x05, 0x43, 0xF1, 0x3C, 0x00, 0xC4, 0x18, 0xF1, 0x14, 0x18, 0x44, 0xF1
	.byte 0x3C, 0xF6, 0x18, 0x00, 0xC3, 0x30, 0xF1, 0x14, 0x18, 0x43, 0xF1, 0x3C, 0xF6, 0x2A, 0xF8, 0x31
	.byte 0xFF, 0xFF, 0xF9, 0x74, 0xF6, 0xC0, 0xF6, 0xC0, 0xF6, 0xC0, 0xF6, 0xC0, 0xF0, 0x1B, 0xF1, 0x28
	.byte 0xC0, 0x46, 0xC0, 0x48, 0xC0, 0x49, 0xC0, 0x4B, 0xF6, 0x30, 0xF1, 0x3C, 0x00, 0xCD, 0x18, 0xF1
	.byte 0x14, 0x18, 0x4D, 0xF1, 0x3C, 0xF6, 0x18, 0x00, 0xCE, 0x18, 0xF1, 0x14, 0x18, 0x4E, 0xF1, 0x3C
	.byte 0xF6, 0x18, 0x00, 0xCF, 0x18, 0xF1, 0x14, 0x18, 0x4F, 0xF1, 0x3C, 0xF6, 0x90, 0xF6, 0x30, 0x00
	.byte 0xC8, 0x18, 0xF1, 0x14, 0x18, 0x48, 0xF1, 0x3C, 0xF6, 0x18, 0x00, 0xC9, 0x18, 0xF1, 0x14, 0x18
	.byte 0x49, 0xF1, 0x3C, 0xF6, 0x18, 0x00, 0xCA, 0x18, 0xF1, 0x14, 0x18, 0x4A, 0xF1, 0x3C, 0xF6, 0x90
	.byte 0xC0, 0x46, 0xC0, 0x48, 0xC0, 0x49, 0xC0, 0x4B, 0xF8, 0xAD, 0xFF, 0xFF, 0xF9, 0x74, 0xF6, 0xC0
	.byte 0xF6, 0xC0, 0xF6, 0xC0, 0xF6, 0xC0, 0xF0, 0x1B, 0xF1, 0x28, 0xC0, 0x3E, 0xC0, 0x40, 0xC0, 0x41
	.byte 0xC0, 0x43, 0xF6, 0x30, 0xF1, 0x3C, 0x00, 0xC5, 0x18, 0xF1, 0x14, 0x18, 0x45, 0xF1, 0x3C, 0xF6
	.byte 0x18, 0x00, 0xC5, 0x18, 0xF1, 0x14, 0x18, 0x45, 0xF1, 0x3C, 0xF6, 0x18, 0x00, 0xC6, 0x18, 0xF1
	.byte 0x14, 0x18, 0x46, 0xF1, 0x3C, 0xF6, 0x90, 0xF6, 0x30, 0x00, 0xC0, 0x18, 0xF1, 0x14, 0x18, 0x40
	.byte 0xF1, 0x3C, 0xF6, 0x18, 0x00, 0xC0, 0x18, 0xF1, 0x14, 0x18, 0x40, 0xF1, 0x3C, 0xF6, 0x18, 0x18
	.byte 0x41, 0xF1, 0x14, 0x18, 0x40, 0xF1, 0x3C, 0xF6, 0x90, 0xC0, 0x3E, 0xC0, 0x40, 0xC0, 0x41, 0xC0
	.byte 0x43, 0xF8, 0xAE, 0xFF, 0xFF, 0x00, 0x00, 0x00, 0xFC, 0x03, 0x12, 0x00, 0x8E, 0x01, 0xA8, 0x03
	.byte 0x82, 0x05, 0x72, 0x06, 0xD0, 0x06, 0xF4, 0x06, 0x90, 0x07, 0xF9, 0x5A, 0xF0, 0x1D, 0xF2, 0x78
	.byte 0xF1, 0x50, 0xF6, 0x18, 0x0C, 0x4D, 0xF6, 0x0C, 0x0C, 0x4D, 0xF6, 0x0C, 0x0C, 0x4D, 0xF6, 0x0C
	.byte 0x30, 0x4D, 0x0C, 0x49, 0xF6, 0x0C, 0x0C, 0x4D, 0xF6, 0x0C, 0x18, 0x4C, 0xF6, 0x18, 0x18, 0x48
	.byte 0xF6, 0x78, 0xF6, 0x18, 0x0C, 0x4B, 0xF6, 0x0C, 0x0C, 0x4B, 0xF6, 0x0C, 0x0C, 0x4B, 0xF6, 0x0C
	.byte 0x30, 0x4B, 0x0C, 0x48, 0xF6, 0x0C, 0x0C, 0x4B, 0xF6, 0x0C, 0x18, 0x49, 0xF6, 0x18, 0x18, 0x46
	.byte 0xF6, 0x78, 0xF6, 0x18, 0x0C, 0x4D, 0xF6, 0x0C, 0x0C, 0x4D, 0xF6, 0x0C, 0x0C, 0x4D, 0xF6, 0x0C
	.byte 0x30, 0x4D, 0x0C, 0x49, 0xF6, 0x0C, 0x0C, 0x4D, 0xF6, 0x0C, 0x18, 0x4C, 0xF6, 0x18, 0x18, 0x48
	.byte 0xF6, 0x78, 0xF6, 0x18, 0x0C, 0x4B, 0xF6, 0x0C, 0x0C, 0x4B, 0xF6, 0x0C, 0x0C, 0x4B, 0xF6, 0x0C
	.byte 0x30, 0x4B, 0x0C, 0x48, 0xF6, 0x0C, 0x0C, 0x4B, 0xF6, 0x0C, 0x18, 0x49, 0xF6, 0x18, 0x18, 0x46
	.byte 0xF6, 0x60, 0xF0, 0x17, 0xF2, 0x8C, 0xF1, 0x78, 0x0C, 0x46, 0xF6, 0x0C, 0x0C, 0x45, 0xF6, 0x0C
	.byte 0x0C, 0x46, 0xF6, 0x0C, 0x0C, 0x48, 0xF6, 0x0C, 0x0C, 0x49, 0xF6, 0x0C, 0x00, 0xC6, 0x18, 0xF1
	.byte 0x3C, 0x0C, 0x46, 0xF1, 0x78, 0xF6, 0x24, 0x0C, 0x49, 0xF6, 0x0C, 0x0C, 0x48, 0xF6, 0x0C, 0x0C
	.byte 0x49, 0xF6, 0x0C, 0x0C, 0x4B, 0xF6, 0x0C, 0x0C, 0x4D, 0xF6, 0x0C, 0x00, 0xC9, 0x18, 0xF1, 0x3C
	.byte 0x0C, 0x49, 0xF1, 0x78, 0xF6, 0x24, 0x0C, 0x4D, 0xF6, 0x0C, 0x0C, 0x4C, 0xF6, 0x0C, 0x0C, 0x4D
	.byte 0xF6, 0x0C, 0x0C, 0x4F, 0xF6, 0x0C, 0x0C, 0x50, 0xF6, 0x0C, 0x00, 0xCD, 0x18, 0xF1, 0x3C, 0x0C
	.byte 0x4D, 0xF1, 0x78, 0xF6, 0x0C, 0x0C, 0x48, 0xF6, 0x0C, 0x0C, 0x4D, 0xF6, 0x0C, 0x18, 0x4C, 0xF6
	.byte 0x18, 0x18, 0x48, 0xF6, 0x18, 0x00, 0xCD, 0x18, 0xF1, 0x3C, 0x0C, 0x4D, 0xF1, 0x78, 0xF6, 0x24
	.byte 0x0C, 0x4C, 0xF6, 0x0C, 0x0C, 0x4D, 0xF6, 0x3C, 0x00, 0xCC, 0x0C, 0xF1, 0x3C, 0x0C, 0x4C, 0xF1
	.byte 0x78, 0x0C, 0x4D, 0xF6, 0x0C, 0x00, 0xCC, 0x0C, 0xF1, 0x3C, 0x0C, 0x4C, 0xF1, 0x78, 0x0C, 0x4D
	.byte 0xF6, 0x0C, 0x00, 0xCC, 0x0C, 0xF1, 0x3C, 0x0C, 0x4C, 0xF1, 0x78, 0x00, 0xCD, 0x18, 0xF1, 0x3C
	.byte 0x0C, 0x4D, 0xF1, 0x78, 0xF6, 0x3C, 0xF6, 0x78, 0xF0, 0x09, 0xF2, 0x78, 0xF1, 0x0A, 0x00, 0xC1
	.byte 0x06, 0xF1, 0x14, 0x00, 0xC1, 0x06, 0xF1, 0x1E, 0x00, 0xC1, 0x06, 0xF1, 0x28, 0x00, 0xC1, 0x06
	.byte 0xF1, 0x32, 0x00, 0xC1, 0x06, 0xF1, 0x3C, 0x00, 0xC1, 0x0C, 0xF1, 0x32, 0x00, 0xC1, 0x06, 0xF1
	.byte 0x28, 0x00, 0xC1, 0x06, 0xF1, 0x1E, 0x00, 0xC1, 0x06, 0xF1, 0x14, 0x00, 0xC1, 0x06, 0xF1, 0x0A
	.byte 0x06, 0x41, 0xF8, 0x85, 0xFE, 0xFF, 0xF9, 0x5A, 0xF0, 0x21, 0xF1, 0xC8, 0x00, 0xC6, 0x0A, 0xF1
	.byte 0x64, 0x06, 0x46, 0xF1, 0xC8, 0xF6, 0x18, 0x00, 0xC1, 0x0A, 0xF1, 0x64, 0x06, 0x41, 0xF1, 0xC8
	.byte 0xF6, 0x10, 0x00, 0xC8, 0x0A, 0xF1, 0x64, 0x06, 0x48, 0xF1, 0xC8, 0xF6, 0x20, 0x00, 0xC1, 0x0A
	.byte 0xF1, 0x64, 0x06, 0x41, 0xF1, 0xC8, 0xF6, 0x18, 0x00, 0xC4, 0x0A, 0xF1, 0x64, 0x06, 0x44, 0xF1
	.byte 0xC8, 0xF6, 0x10, 0x00, 0xC6, 0x0A, 0xF1, 0x64, 0x06, 0x46, 0xF1, 0xC8, 0xF6, 0x18, 0x00, 0xC1
	.byte 0x0A, 0xF1, 0x64, 0x06, 0x41, 0xF1, 0xC8, 0xF6, 0x10, 0x00, 0xC8, 0x0A, 0xF1, 0x64, 0x06, 0x48
	.byte 0xF1, 0xC8, 0xF6, 0x20, 0x00, 0xC1, 0x0A, 0xF1, 0x64, 0x06, 0x41, 0xF1, 0xC8, 0xF6, 0x18, 0x00
	.byte 0xC4, 0x0A, 0xF1, 0x64, 0x06, 0x44, 0xF1, 0xC8, 0xF6, 0x10, 0x00, 0xC6, 0x0A, 0xF1, 0x64, 0x06
	.byte 0x46, 0xF1, 0xC8, 0xF6, 0x18, 0x00, 0xC1, 0x0A, 0xF1, 0x64, 0x06, 0x41, 0xF1, 0xC8, 0xF6, 0x10
	.byte 0x00, 0xC8, 0x0A, 0xF1, 0x64, 0x06, 0x48, 0xF1, 0xC8, 0xF6, 0x20, 0x00, 0xC1, 0x0A, 0xF1, 0x64
	.byte 0x06, 0x41, 0xF1, 0xC8, 0xF6, 0x18, 0x00, 0xC4, 0x0A, 0xF1, 0x64, 0x06, 0x44, 0xF1, 0xC8, 0xF6
	.byte 0x10, 0xF6, 0xC0, 0x00, 0xC6, 0x0A, 0xF1, 0x64, 0x06, 0x46, 0xF1, 0xC8, 0xF6, 0x18, 0x00, 0xC1
	.byte 0x0A, 0xF1, 0x64, 0x06, 0x41, 0xF1, 0xC8, 0xF6, 0x10, 0x00, 0xC8, 0x0A, 0xF1, 0x64, 0x06, 0x48
	.byte 0xF1, 0xC8, 0xF6, 0x20, 0x00, 0xC1, 0x0A, 0xF1, 0x64, 0x06, 0x41, 0xF1, 0xC8, 0xF6, 0x18, 0x00
	.byte 0xC4, 0x0A, 0xF1, 0x64, 0x06, 0x44, 0xF1, 0xC8, 0xF6, 0x10, 0x00, 0xC6, 0x0A, 0xF1, 0x64, 0x06
	.byte 0x46, 0xF1, 0xC8, 0xF6, 0x18, 0x00, 0xC1, 0x0A, 0xF1, 0x64, 0x06, 0x41, 0xF1, 0xC8, 0xF6, 0x10
	.byte 0x00, 0xC8, 0x0A, 0xF1, 0x64, 0x06, 0x48, 0xF1, 0xC8, 0xF6, 0x20, 0x00, 0xC1, 0x0A, 0xF1, 0x64
	.byte 0x06, 0x41, 0xF1, 0xC8, 0xF6, 0x18, 0x00, 0xC4, 0x0A, 0xF1, 0x64, 0x06, 0x44, 0xF1, 0xC8, 0xF6
	.byte 0x10, 0x00, 0xC6, 0x0A, 0xF1, 0x64, 0x06, 0x46, 0xF1, 0xC8, 0xF6, 0x18, 0x00, 0xC1, 0x0A, 0xF1
	.byte 0x64, 0x06, 0x41, 0xF1, 0xC8, 0xF6, 0x10, 0x00, 0xC8, 0x0A, 0xF1, 0x64, 0x06, 0x48, 0xF1, 0xC8
	.byte 0xF6, 0x20, 0x00, 0xC1, 0x0A, 0xF1, 0x64, 0x06, 0x41, 0xF1, 0xC8, 0xF6, 0x18, 0x00, 0xC4, 0x0A
	.byte 0xF1, 0x64, 0x06, 0x44, 0xF1, 0xC8, 0xF6, 0x10, 0xF6, 0xC0, 0x00, 0xBC, 0x28, 0xF1, 0x64, 0x08
	.byte 0x3C, 0xF1, 0xC8, 0xF6, 0x30, 0x00, 0xBD, 0x28, 0xF1, 0x64, 0x08, 0x3D, 0xF1, 0xC8, 0xF6, 0x30
	.byte 0x00, 0xBF, 0x28, 0xF1, 0x64, 0x08, 0x3F, 0xF1, 0xC8, 0xF6, 0x30, 0x00, 0xC1, 0x28, 0xF1, 0x64
	.byte 0x08, 0x41, 0xF1, 0xC8, 0xF6, 0x30, 0x00, 0xC3, 0x28, 0xF1, 0x64, 0x08, 0x43, 0xF1, 0xC8, 0xF6
	.byte 0x30, 0x00, 0xC4, 0x28, 0xF1, 0x64, 0x08, 0x44, 0xF1, 0xC8, 0xF6, 0x30, 0x00, 0xC6, 0x28, 0xF1
	.byte 0x64, 0x08, 0x46, 0xF1, 0xC8, 0xF6, 0x30, 0x00, 0xC5, 0x28, 0xF1, 0x64, 0x08, 0x45, 0xF1, 0xC8
	.byte 0xF6, 0x30, 0x00, 0xC5, 0x28, 0xF1, 0x64, 0x08, 0x45, 0xF1, 0xC8, 0xF6, 0x18, 0x18, 0x40, 0x00
	.byte 0xC1, 0x14, 0xF1, 0x64, 0x04, 0x41, 0xF1, 0xC8, 0x18, 0x40, 0x00, 0xC1, 0x14, 0xF1, 0x64, 0x04
	.byte 0x41, 0xF1, 0xC8, 0x18, 0x40, 0x00, 0xC1, 0x28, 0xF1, 0x64, 0x08, 0x41, 0xF1, 0xC8, 0xF6, 0x30
	.byte 0xF6, 0x78, 0xF0, 0x09, 0xF2, 0x96, 0xF1, 0x0A, 0x00, 0xBD, 0x06, 0xF1, 0x14, 0x00, 0xBD, 0x06
	.byte 0xF1, 0x1E, 0x00, 0xBD, 0x06, 0xF1, 0x28, 0x00, 0xBD, 0x06, 0xF1, 0x32, 0x00, 0xBD, 0x06, 0xF1
	.byte 0x3C, 0x00, 0xBD, 0x0C, 0xF1, 0x32, 0x00, 0xBD, 0x06, 0xF1, 0x28, 0x00, 0xBD, 0x06, 0xF1, 0x1E
	.byte 0x00, 0xBD, 0x06, 0xF1, 0x14, 0x00, 0xBD, 0x06, 0xF1, 0x0A, 0x06, 0x3D, 0xF8, 0xE7, 0xFD, 0xFF
	.byte 0xF9, 0x5A, 0xF0, 0x07, 0xF2, 0x3C, 0xF1, 0x8C, 0x18, 0x2C, 0xF1, 0x64, 0x18, 0x2C, 0xF1, 0x8C
	.byte 0x18, 0x2C, 0xF1, 0x64, 0x18, 0x2C, 0xF1, 0x8C, 0x18, 0x2C, 0xF1, 0x64, 0x18, 0x2C, 0xF1, 0x8C
	.byte 0x18, 0x2C, 0xF1, 0x64, 0x18, 0x2C, 0xF1, 0x8C, 0x18, 0x2C, 0xF1, 0x64, 0x18, 0x2C, 0xF1, 0x8C
	.byte 0x18, 0x2C, 0xF1, 0x64, 0x18, 0x2C, 0xF1, 0x8C, 0x18, 0x2C, 0xF1, 0x64, 0x18, 0x2C, 0xF1, 0x8C
	.byte 0x18, 0x2C, 0xF1, 0x64, 0x18, 0x2C, 0xF1, 0x8C, 0x18, 0x2C, 0xF1, 0x64, 0x18, 0x2C, 0xF1, 0x8C
	.byte 0x18, 0x2C, 0xF1, 0x64, 0x18, 0x2C, 0xF1, 0x8C, 0x18, 0x2C, 0xF1, 0x64, 0x18, 0x2C, 0xF1, 0x8C
	.byte 0x18, 0x2C, 0xF1, 0x64, 0x18, 0x2C, 0xF1, 0x8C, 0x18, 0x2C, 0xF1, 0x64, 0x18, 0x2C, 0xF1, 0x8C
	.byte 0x18, 0x2C, 0xF1, 0x64, 0x18, 0x2C, 0xF1, 0x8C, 0x18, 0x2C, 0xF1, 0x64, 0x18, 0x2C, 0xF1, 0x8C
	.byte 0x18, 0x2C, 0xF1, 0x64, 0x18, 0x2C, 0xF1, 0x8C, 0x18, 0x2C, 0xF1, 0x64, 0x18, 0x2C, 0xF1, 0x8C
	.byte 0x18, 0x2C, 0xF1, 0x64, 0x18, 0x2C, 0xF1, 0x8C, 0x18, 0x2C, 0xF1, 0x64, 0x18, 0x2C, 0xF1, 0x8C
	.byte 0x18, 0x2C, 0xF1, 0x64, 0x18, 0x2C, 0xF1, 0x8C, 0x18, 0x2C, 0xF1, 0x64, 0x18, 0x2C, 0xF1, 0x8C
	.byte 0x18, 0x2C, 0xF1, 0x64, 0x18, 0x2C, 0xF1, 0x8C, 0x18, 0x2C, 0xF1, 0x64, 0x18, 0x2C, 0xF1, 0x8C
	.byte 0x18, 0x2C, 0xF1, 0x64, 0x18, 0x2C, 0xF1, 0x8C, 0x18, 0x2C, 0xF1, 0x64, 0x18, 0x2C, 0xF1, 0x8C
	.byte 0x18, 0x2C, 0xF1, 0x64, 0x18, 0x2C, 0xF1, 0x8C, 0x18, 0x2C, 0xF1, 0x64, 0x18, 0x2C, 0xF1, 0x8C
	.byte 0x18, 0x2C, 0xF1, 0x64, 0x18, 0x2C, 0xF1, 0x8C, 0x18, 0x2C, 0xF1, 0x64, 0x18, 0x2C, 0xF1, 0x8C
	.byte 0x18, 0x2C, 0xF1, 0x64, 0x18, 0x2C, 0xF1, 0x8C, 0x18, 0x2C, 0xF1, 0x64, 0x18, 0x2C, 0xF1, 0x8C
	.byte 0x18, 0x2C, 0xF1, 0x64, 0x18, 0x2C, 0xF1, 0x8C, 0x18, 0x2C, 0xF1, 0x64, 0x18, 0x2C, 0xF1, 0x8C
	.byte 0x18, 0x2C, 0xF1, 0x64, 0x18, 0x2C, 0xF1, 0x8C, 0x18, 0x2C, 0xF1, 0x64, 0x18, 0x2C, 0xF1, 0x8C
	.byte 0x18, 0x2C, 0xF1, 0x64, 0x18, 0x2C, 0xF1, 0x8C, 0x18, 0x2C, 0xF1, 0x64, 0x18, 0x2C, 0xF1, 0x8C
	.byte 0x18, 0x2C, 0xF1, 0x64, 0x18, 0x2C, 0xF1, 0x8C, 0x18, 0x2C, 0xF1, 0x64, 0x18, 0x2C, 0xF1, 0x8C
	.byte 0x18, 0x2C, 0xF1, 0x64, 0x18, 0x2C, 0xF1, 0x8C, 0x18, 0x2C, 0xF1, 0x64, 0x18, 0x2C, 0xF1, 0x8C
	.byte 0x18, 0x2C, 0xF1, 0x64, 0x18, 0x2C, 0xF1, 0x8C, 0x18, 0x2C, 0xF1, 0x64, 0x18, 0x2C, 0xF1, 0x8C
	.byte 0x18, 0x2C, 0xF1, 0x64, 0x18, 0x2C, 0xF1, 0x8C, 0x18, 0x2C, 0xF1, 0x64, 0x18, 0x2C, 0xF1, 0x8C
	.byte 0x18, 0x2C, 0xF1, 0x64, 0x18, 0x2C, 0xF1, 0x8C, 0x18, 0x2C, 0xF1, 0x64, 0x18, 0x2C, 0xF1, 0x8C
	.byte 0x18, 0x2C, 0xF1, 0x64, 0x18, 0x2C, 0xF1, 0x8C, 0x18, 0x2C, 0xF1, 0x64, 0x18, 0x2C, 0xF1, 0x8C
	.byte 0x18, 0x2C, 0xF1, 0x64, 0x18, 0x2C, 0xF1, 0x8C, 0x18, 0x2C, 0xF1, 0x64, 0x18, 0x2C, 0xF1, 0x8C
	.byte 0x18, 0x2C, 0xF1, 0x64, 0x18, 0x2C, 0xF1, 0x8C, 0x18, 0x2C, 0xF1, 0x64, 0x18, 0x2C, 0xF1, 0x8C
	.byte 0x18, 0x2C, 0xF1, 0x64, 0x18, 0x2C, 0xF1, 0x8C, 0x18, 0x2C, 0xF1, 0x64, 0x18, 0x2C, 0xF1, 0x8C
	.byte 0x18, 0x2C, 0xF1, 0x64, 0x18, 0x2C, 0xF1, 0x8C, 0x18, 0x2C, 0xF1, 0x64, 0x18, 0x2C, 0xF1, 0x8C
	.byte 0x18, 0x2C, 0xF1, 0x64, 0x18, 0x2C, 0xF8, 0x27, 0xFE, 0xFF, 0xF9, 0x5A, 0xF0, 0x07, 0xF1, 0xA0
	.byte 0x30, 0x24, 0xF1, 0xB4, 0x30, 0x29, 0xF1, 0xA0, 0x30, 0x24, 0xF1, 0xB4, 0x30, 0x29, 0xF1, 0xA0
	.byte 0x30, 0x24, 0xF1, 0xB4, 0x30, 0x29, 0xF1, 0xA0, 0x30, 0x24, 0xF1, 0xB4, 0x30, 0x29, 0xF1, 0xA0
	.byte 0x30, 0x24, 0xF1, 0xB4, 0x30, 0x29, 0xF1, 0xA0, 0x30, 0x24, 0xF1, 0xB4, 0x30, 0x29, 0xF1, 0xA0
	.byte 0x30, 0x24, 0xF1, 0xB4, 0x30, 0x29, 0xF1, 0xA0, 0x30, 0x24, 0xF1, 0xB4, 0x30, 0x29, 0xF1, 0xA0
	.byte 0x30, 0x24, 0xF1, 0xB4, 0x30, 0x29, 0xF1, 0xA0, 0x30, 0x24, 0xF1, 0xB4, 0x30, 0x29, 0xF1, 0xA0
	.byte 0x30, 0x24, 0xF1, 0xB4, 0x30, 0x29, 0xF1, 0xA0, 0x30, 0x24, 0xF1, 0xB4, 0x30, 0x29, 0xF1, 0xA0
	.byte 0x30, 0x24, 0xF1, 0xB4, 0x30, 0x29, 0xF1, 0xA0, 0x30, 0x24, 0xF1, 0xB4, 0x30, 0x29, 0xF1, 0xA0
	.byte 0x30, 0x24, 0xF1, 0xB4, 0x30, 0x29, 0xF1, 0xA0, 0x30, 0x24, 0xF1, 0xB4, 0x30, 0x29, 0xF1, 0xA0
	.byte 0x30, 0x24, 0xF1, 0xB4, 0x30, 0x29, 0xF1, 0xA0, 0x30, 0x24, 0xF1, 0xB4, 0x30, 0x29, 0xF1, 0xA0
	.byte 0x30, 0x24, 0xF1, 0xB4, 0x30, 0x29, 0xF1, 0xA0, 0x30, 0x24, 0xF1, 0xB4, 0x30, 0x29, 0xF1, 0xA0
	.byte 0x30, 0x24, 0xF1, 0xB4, 0x30, 0x29, 0xF1, 0xA0, 0x30, 0x24, 0xF1, 0xB4, 0x30, 0x29, 0xF1, 0xA0
	.byte 0x30, 0x24, 0xF1, 0xB4, 0x30, 0x29, 0xF1, 0xA0, 0x30, 0x24, 0xF1, 0xB4, 0x30, 0x29, 0xF1, 0xA0
	.byte 0x30, 0x24, 0xF1, 0xB4, 0x30, 0x29, 0xF1, 0xA0, 0x30, 0x24, 0xF1, 0xB4, 0x30, 0x29, 0xF1, 0xA0
	.byte 0x30, 0x24, 0xF1, 0xB4, 0x30, 0x29, 0xF1, 0xA0, 0x30, 0x24, 0xF1, 0xB4, 0x30, 0x29, 0xF1, 0xA0
	.byte 0x30, 0x24, 0xF1, 0xB4, 0x30, 0x29, 0xF8, 0x11, 0xFF, 0xFF, 0xF9, 0x5A, 0xF6, 0xC0, 0xF6, 0xC0
	.byte 0xF6, 0xC0, 0xF6, 0xC0, 0xF6, 0xC0, 0xF6, 0xC0, 0xF6, 0xC0, 0xF6, 0xC0, 0xF6, 0xC0, 0xF6, 0xC0
	.byte 0xF6, 0xC0, 0xF6, 0x60, 0xF6, 0xC0, 0xF6, 0xC0, 0xF6, 0x78, 0xF0, 0x09, 0xF2, 0x3C, 0xF1, 0x0A
	.byte 0x00, 0xBA, 0x06, 0xF1, 0x14, 0x00, 0xBA, 0x06, 0xF1, 0x1E, 0x00, 0xBA, 0x06, 0xF1, 0x28, 0x00
	.byte 0xBA, 0x06, 0xF1, 0x32, 0x00, 0xBA, 0x06, 0xF1, 0x3C, 0x00, 0xBA, 0x0C, 0xF1, 0x32, 0x00, 0xBA
	.byte 0x06, 0xF1, 0x28, 0x00, 0xBA, 0x06, 0xF1, 0x1E, 0x00, 0xBA, 0x06, 0xF1, 0x14, 0x00, 0xBA, 0x06
	.byte 0xF1, 0x0A, 0x06, 0x3A, 0xF8, 0xA3, 0xFF, 0xFF, 0xF9, 0x5A, 0xF6, 0xC0, 0xF6, 0xC0, 0xF6, 0xC0
	.byte 0xF6, 0xC0, 0xF6, 0xC0, 0xF6, 0xC0, 0xF6, 0xC0, 0xF6, 0xC0, 0xF6, 0xC0, 0xF6, 0xC0, 0xF6, 0xC0
	.byte 0xF6, 0x60, 0xF6, 0xC0, 0xF6, 0xC0, 0xF6, 0xC0, 0xF8, 0xDD, 0xFF, 0xFF, 0xF9, 0x5A, 0xF6, 0x01
	.byte 0xF0, 0xC5, 0xF2, 0x82, 0xF1, 0x28, 0xF6, 0x18, 0x0C, 0x4D, 0xF6, 0x0C, 0x0C, 0x4D, 0xF6, 0x0C
	.byte 0x0C, 0x4D, 0xF6, 0x0C, 0x30, 0x4D, 0x0C, 0x49, 0xF6, 0x0C, 0x0C, 0x4D, 0xF6, 0x0C, 0x18, 0x4C
	.byte 0xF6, 0x18, 0x18, 0x48, 0xF6, 0x78, 0xF6, 0x18, 0x0C, 0x4B, 0xF6, 0x0C, 0x0C, 0x4B, 0xF6, 0x0C
	.byte 0x0C, 0x4B, 0xF6, 0x0C, 0x30, 0x4B, 0x0C, 0x48, 0xF6, 0x0C, 0x0C, 0x4B, 0xF6, 0x0C, 0x18, 0x49
	.byte 0xF6, 0x18, 0x18, 0x46, 0xF6, 0x78, 0xF6, 0x18, 0x0C, 0x4D, 0xF6, 0x0C, 0x0C, 0x4D, 0xF6, 0x0C
	.byte 0x0C, 0x4D, 0xF6, 0x0C, 0x30, 0x4D, 0x0C, 0x49, 0xF6, 0x0C, 0x0C, 0x4D, 0xF6, 0x0C, 0x18, 0x4C
	.byte 0xF6, 0x18, 0x18, 0x48, 0xF6, 0x78, 0xF6, 0x18, 0x0C, 0x4B, 0xF6, 0x0C, 0x0C, 0x4B, 0xF6, 0x0C
	.byte 0x0C, 0x4B, 0xF6, 0x0C, 0x30, 0x4B, 0x0C, 0x48, 0xF6, 0x0C, 0x0C, 0x4B, 0xF6, 0x0C, 0x18, 0x49
	.byte 0xF6, 0x18, 0x18, 0x46, 0xF6, 0x78, 0xF6, 0xC0, 0xF6, 0xC0, 0xF6, 0xC0, 0xF6, 0x60, 0xF6, 0xC0
	.byte 0xF6, 0xC0, 0xF6, 0xBF, 0xF8, 0x65, 0xFF, 0xFF, 0xF9, 0x5A, 0xF6, 0xC0, 0xF6, 0xC0, 0xF6, 0xC0
	.byte 0xF6, 0xC0, 0xF6, 0xC0, 0xF6, 0xC0, 0xF6, 0xC0, 0xF6, 0xC0, 0xF6, 0xC0, 0xF6, 0xC0, 0xF6, 0xC0
	.byte 0xF6, 0x60, 0xF6, 0xC0, 0xF6, 0xC0, 0xF6, 0xC0, 0xF8, 0xDD, 0xFF, 0xFF, 0xFC, 0x03, 0x12, 0x00
	.byte 0xE3, 0x09, 0x65, 0x03, 0x4E, 0x04, 0x2D, 0x05, 0xE5, 0x05, 0x03, 0x08, 0x20, 0x02, 0xF9, 0x64
	.byte 0xF6, 0xC0, 0xF6, 0xC0, 0xF6, 0xC0, 0xF6, 0xC0, 0xF6, 0x18, 0xF0, 0x49, 0xF2, 0x78, 0xF1, 0x6E
	.byte 0x00, 0xCC, 0x0C, 0xF1, 0x3C, 0x0C, 0x4C, 0xF1, 0x6E, 0x00, 0xCC, 0x0C, 0xF1, 0x3C, 0x0C, 0x4C
	.byte 0xF1, 0x6E, 0x00, 0xCC, 0x0C, 0xF1, 0x3C, 0x0C, 0x4C, 0xF1, 0x6E, 0x30, 0x4C, 0x00, 0xC8, 0x0C
	.byte 0xF1, 0x3C, 0x0C, 0x48, 0xF1, 0x6E, 0x00, 0xCC, 0x0C, 0xF1, 0x3C, 0x0C, 0x4C, 0xF1, 0x6E, 0x30
	.byte 0x4B, 0x00, 0xC7, 0x18, 0xF1, 0x3C, 0x00, 0xC7, 0x06, 0xF1, 0x1E, 0x06, 0x47, 0xF1, 0x6E, 0xF6
	.byte 0x6C, 0xF6, 0x18, 0x00, 0xCA, 0x0C, 0xF1, 0x3C, 0x0C, 0x4A, 0xF1, 0x6E, 0x00, 0xCA, 0x0C, 0xF1
	.byte 0x3C, 0x0C, 0x4A, 0xF1, 0x6E, 0x00, 0xCA, 0x0C, 0xF1, 0x3C, 0x0C, 0x4A, 0xF1, 0x6E, 0x30, 0x4A
	.byte 0x00, 0xC7, 0x0C, 0xF1, 0x3C, 0x0C, 0x47, 0xF1, 0x6E, 0x00, 0xCA, 0x0C, 0xF1, 0x3C, 0x0C, 0x4A
	.byte 0xF1, 0x6E, 0x00, 0xC8, 0x30, 0xF1, 0x3C, 0x00, 0xC8, 0x06, 0xF1, 0x1E, 0x06, 0x48, 0xF1, 0x6E
	.byte 0xF6, 0x0C, 0x00, 0xC6, 0x0C, 0xF1, 0x3C, 0x0C, 0x46, 0xF1, 0x6E, 0x30, 0x47, 0x00, 0xC0, 0x18
	.byte 0xF1, 0x3C, 0x00, 0xC0, 0x06, 0xF1, 0x1E, 0x06, 0x40, 0xF1, 0x6E, 0xF6, 0x0C, 0xF6, 0x18, 0x00
	.byte 0xCC, 0x0C, 0xF1, 0x3C, 0x0C, 0x4C, 0xF1, 0x6E, 0x00, 0xCC, 0x0C, 0xF1, 0x3C, 0x0C, 0x4C, 0xF1
	.byte 0x6E, 0x00, 0xCC, 0x0C, 0xF1, 0x3C, 0x0C, 0x4C, 0xF1, 0x6E, 0x30, 0x4C, 0x00, 0xC8, 0x0C, 0xF1
	.byte 0x3C, 0x0C, 0x48, 0xF1, 0x6E, 0x00, 0xCC, 0x0C, 0xF1, 0x3C, 0x0C, 0x4C, 0xF1, 0x6E, 0x30, 0x4B
	.byte 0x00, 0xC7, 0x18, 0xF1, 0x3C, 0x00, 0xC0, 0x06, 0xF1, 0x1E, 0x06, 0x40, 0xF1, 0x6E, 0xF6, 0x6C
	.byte 0xF6, 0x18, 0x00, 0xCA, 0x0C, 0xF1, 0x3C, 0x0C, 0x4A, 0xF1, 0x6E, 0x00, 0xCA, 0x0C, 0xF1, 0x3C
	.byte 0x0C, 0x4A, 0xF1, 0x6E, 0x00, 0xCA, 0x0C, 0xF1, 0x3C, 0x0C, 0x4A, 0xF1, 0x6E, 0x30, 0x4A, 0x00
	.byte 0xC7, 0x0C, 0xF1, 0x3C, 0x0C, 0x47, 0xF1, 0x6E, 0x00, 0xCA, 0x0C, 0xF1, 0x3C, 0x0C, 0x4A, 0xF1
	.byte 0x6E, 0x00, 0xCC, 0x0C, 0xF1, 0x3C, 0x0C, 0x4C, 0xF1, 0x6E, 0x00, 0xCA, 0x0C, 0xF1, 0x3C, 0x0C
	.byte 0x4A, 0xF1, 0x6E, 0x00, 0xC8, 0x0C, 0xF1, 0x3C, 0x0C, 0x48, 0xF1, 0x6E, 0x00, 0xC7, 0x0C, 0xF1
	.byte 0x3C, 0x0C, 0x47, 0xF1, 0x6E, 0x00, 0xC5, 0x18, 0xF1, 0x3C, 0x00, 0xC5, 0x06, 0xF1, 0x1E, 0x06
	.byte 0x45, 0xF1, 0x6E, 0xF6, 0x9C, 0xF6, 0xA8, 0x18, 0x44, 0x00, 0xC5, 0x0C, 0xF1, 0x3C, 0x0C, 0x45
	.byte 0xF1, 0x6E, 0x18, 0x47, 0x00, 0xC8, 0x0C, 0xF1, 0x3C, 0x0C, 0x48, 0xF1, 0x6E, 0x18, 0x4A, 0x00
	.byte 0xCC, 0x18, 0xF1, 0x3C, 0x00, 0xCC, 0x06, 0xF1, 0x1E, 0x06, 0x4C, 0xF1, 0x6E, 0xF6, 0x0C, 0x00
	.byte 0xD1, 0x18, 0xF1, 0x3C, 0x00, 0xD1, 0x06, 0xF1, 0x1E, 0x06, 0x51, 0xF1, 0x6E, 0xF6, 0x0C, 0x60
	.byte 0x54, 0x00, 0xD3, 0x18, 0xF1, 0x3C, 0x00, 0xD3, 0x06, 0xF1, 0x1E, 0x06, 0x53, 0xF1, 0x6E, 0xF6
	.byte 0x0C, 0x18, 0x57, 0x18, 0x58, 0x30, 0x57, 0x60, 0x56, 0x18, 0x55, 0x18, 0x56, 0x30, 0x55, 0x60
	.byte 0x54, 0x18, 0x53, 0x18, 0x54, 0x60, 0x53, 0x48, 0x52, 0x18, 0x4B, 0x00, 0xCC, 0x0C, 0xF1, 0x3C
	.byte 0x0C, 0x4C, 0xF1, 0x6E, 0x00, 0xC7, 0x0C, 0xF1, 0x3C, 0x0C, 0x47, 0xF1, 0x6E, 0x18, 0x46, 0x00
	.byte 0xC7, 0x0C, 0xF1, 0x3C, 0x0C, 0x47, 0xF1, 0x6E, 0x00, 0xC0, 0x18, 0xF1, 0x3C, 0x00, 0xC0, 0x06
	.byte 0xF1, 0x1E, 0x06, 0x40, 0xF1, 0x6E, 0xF6, 0x3C, 0x00, 0xC0, 0x18, 0xF1, 0x3C, 0x00, 0xC0, 0x06
	.byte 0xF1, 0x1E, 0x06, 0x40, 0xF1, 0x6E, 0xF6, 0x3C, 0x00, 0xC0, 0x18, 0xF1, 0x3C, 0x00, 0xC0, 0x06
	.byte 0xF1, 0x1E, 0x06, 0x40, 0xF1, 0x6E, 0xF6, 0x3C, 0xF8, 0xF3, 0xFD, 0xFF, 0xF9, 0x64, 0xF6, 0xC0
	.byte 0xF6, 0xC0, 0xF6, 0xC0, 0xF6, 0xC0, 0xF6, 0xC0, 0xF6, 0xC0, 0xF6, 0xC0, 0xF6, 0xC0, 0xF0, 0x6F
	.byte 0xF2, 0x50, 0xF1, 0x14, 0xF4, 0x3C, 0xF5, 0xF8, 0x00, 0xD8, 0x02, 0xF5, 0xF9, 0x00, 0xD8, 0x02
	.byte 0xF5, 0xFA, 0x00, 0xD8, 0x02, 0xF5, 0xFB, 0x00, 0xD8, 0x02, 0xF5, 0xFC, 0x00, 0xD8, 0x02, 0xF5
	.byte 0xFD, 0x00, 0xD8, 0x02, 0xF5, 0xFE, 0x00, 0xD8, 0x02, 0xF5, 0xFF, 0x00, 0xD8, 0x02, 0xF5, 0x00
	.byte 0x50, 0x58, 0xF5, 0xF8, 0x00, 0xDB, 0x02, 0xF5, 0xF9, 0x00, 0xDB, 0x02, 0xF5, 0xFA, 0x00, 0xDB
	.byte 0x02, 0xF5, 0xFB, 0x00, 0xDB, 0x02, 0xF5, 0xFC, 0x00, 0xDB, 0x02, 0xF5, 0xFD, 0x00, 0xDB, 0x02
	.byte 0xF5, 0xFE, 0x00, 0xDB, 0x02, 0xF5, 0xFF, 0x00, 0xDB, 0x02, 0xF5, 0x00, 0x50, 0x5B, 0xF5, 0x08
	.byte 0x00, 0xDA, 0x02, 0xF5, 0x07, 0x00, 0xDA, 0x02, 0xF5, 0x06, 0x00, 0xDA, 0x02, 0xF5, 0x05, 0x00
	.byte 0xDA, 0x02, 0xF5, 0x04, 0x00, 0xDA, 0x02, 0xF5, 0x03, 0x00, 0xDA, 0x02, 0xF5, 0x02, 0x00, 0xDA
	.byte 0x02, 0xF5, 0x01, 0x00, 0xDA, 0x02, 0xF5, 0x00, 0x50, 0x5A, 0xF5, 0x08, 0x00, 0xD7, 0x02, 0xF5
	.byte 0x07, 0x00, 0xD7, 0x02, 0xF5, 0x06, 0x00, 0xD7, 0x02, 0xF5, 0x05, 0x00, 0xD7, 0x02, 0xF5, 0x04
	.byte 0x00, 0xD7, 0x02, 0xF5, 0x03, 0x00, 0xD7, 0x02, 0xF5, 0x02, 0x00, 0xD7, 0x02, 0xF5, 0x01, 0x00
	.byte 0xD7, 0x02, 0xF5, 0x00, 0x50, 0x57, 0x60, 0x56, 0xF5, 0xF8, 0x00, 0xD9, 0x02, 0xF5, 0xF9, 0x00
	.byte 0xD9, 0x02, 0xF5, 0xFA, 0x00, 0xD9, 0x02, 0xF5, 0xFB, 0x00, 0xD9, 0x02, 0xF5, 0xFC, 0x00, 0xD9
	.byte 0x02, 0xF5, 0xFD, 0x00, 0xD9, 0x02, 0xF5, 0xFE, 0x00, 0xD9, 0x02, 0xF5, 0xFF, 0x00, 0xD9, 0x02
	.byte 0xF5, 0x00, 0x50, 0x59, 0x18, 0x58, 0x18, 0x56, 0x18, 0x54, 0x18, 0x53, 0x00, 0xD1, 0xC0, 0x02
	.byte 0x51, 0xF6, 0xBE, 0xF6, 0xC0, 0xF6, 0x90, 0xF1, 0x14, 0x18, 0x51, 0x18, 0x52, 0x30, 0x51, 0x60
	.byte 0x50, 0x18, 0x4F, 0x18, 0x50, 0x30, 0x4F, 0x60, 0x4E, 0x18, 0x4D, 0x18, 0x4E, 0x60, 0x4D, 0x48
	.byte 0x4C, 0x18, 0x52, 0x0C, 0x53, 0xF6, 0x0C, 0x0C, 0x4E, 0xF6, 0x0C, 0x18, 0x4D, 0x0C, 0x4E, 0xF6
	.byte 0x0C, 0x18, 0x47, 0xF6, 0x48, 0x18, 0x47, 0xF6, 0x48, 0x18, 0x47, 0xF6, 0x48, 0xF8, 0xBC, 0xFE
	.byte 0xFF, 0xF9, 0x64, 0xF6, 0xC2, 0xF6, 0xC0, 0xF6, 0xC0, 0xF6, 0xC0, 0xF0, 0x24, 0xF2, 0x6E, 0xF1
	.byte 0x50, 0x00, 0xC0, 0x18, 0xF1, 0x28, 0x00, 0xC0, 0x06, 0xF1, 0x14, 0x06, 0x40, 0xF1, 0x50, 0xF6
	.byte 0x9C, 0x00, 0xBF, 0x18, 0xF1, 0x28, 0x00, 0xBF, 0x06, 0xF1, 0x14, 0x06, 0x3F, 0xF1, 0x50, 0xF6
	.byte 0x9C, 0x00, 0xBE, 0x18, 0xF1, 0x28, 0x00, 0xBE, 0x06, 0xF1, 0x14, 0x06, 0x3E, 0xF1, 0x50, 0xF6
	.byte 0x9C, 0xF6, 0xC0, 0x00, 0xC0, 0x18, 0xF1, 0x28, 0x00, 0xC0, 0x06, 0xF1, 0x14, 0x06, 0x40, 0xF1
	.byte 0x50, 0xF6, 0x9C, 0x00, 0xBF, 0x18, 0xF1, 0x28, 0x00, 0xBF, 0x06, 0xF1, 0x14, 0x06, 0x3F, 0xF1
	.byte 0x50, 0xF6, 0x9C, 0x00, 0xBE, 0x18, 0xF1, 0x28, 0x00, 0xBE, 0x06, 0xF1, 0x14, 0x06, 0x3E, 0xF1
	.byte 0x50, 0xF6, 0x9C, 0xF6, 0x60, 0xF6, 0xC0, 0xF6, 0xC0, 0xF6, 0xC0, 0x60, 0x3C, 0x30, 0x3B, 0x18
	.byte 0x45, 0x18, 0x46, 0x30, 0x48, 0x60, 0x47, 0x18, 0x46, 0x18, 0x47, 0x30, 0x46, 0x60, 0x45, 0x18
	.byte 0x44, 0x18, 0x45, 0x60, 0x44, 0x48, 0x43, 0x18, 0x4F, 0x00, 0xD0, 0x0C, 0xF1, 0x0A, 0x0C, 0x50
	.byte 0xF1, 0x1E, 0x00, 0xCB, 0x0C, 0xF1, 0x0A, 0x0C, 0x4B, 0xF1, 0x1E, 0x18, 0x4A, 0x00, 0xCB, 0x0C
	.byte 0xF1, 0x0A, 0x0C, 0x4B, 0xF1, 0x1E, 0x00, 0xC4, 0x18, 0xF1, 0x28, 0x00, 0xC4, 0x06, 0xF1, 0x14
	.byte 0x06, 0x44, 0xF1, 0x50, 0xF6, 0x3C, 0x00, 0xC4, 0x18, 0xF1, 0x28, 0x00, 0xC4, 0x06, 0xF1, 0x14
	.byte 0x06, 0x44, 0xF1, 0x50, 0xF6, 0x3C, 0x00, 0xC4, 0x18, 0xF1, 0x28, 0x00, 0xC4, 0x06, 0xF1, 0x14
	.byte 0x06, 0x44, 0xF1, 0x50, 0xF6, 0x3A, 0xF8, 0x18, 0xFF, 0xFF, 0xF9, 0x64, 0xF6, 0xC1, 0xF6, 0xC0
	.byte 0xF6, 0xC0, 0xF6, 0xC0, 0xF0, 0x24, 0xF2, 0x96, 0xF1, 0x50, 0x00, 0xBC, 0x18, 0xF1, 0x28, 0x00
	.byte 0xBC, 0x0C, 0xF1, 0x14, 0x0C, 0x3C, 0xF1, 0x50, 0xF6, 0x90, 0x00, 0xBB, 0x18, 0xF1, 0x28, 0x00
	.byte 0xBB, 0x0C, 0xF1, 0x14, 0x0C, 0x3B, 0xF1, 0x50, 0xF6, 0x90, 0x00, 0xBB, 0x18, 0xF1, 0x28, 0x00
	.byte 0xBB, 0x0C, 0xF1, 0x14, 0x0C, 0x3B, 0xF1, 0x50, 0xF6, 0x90, 0xF6, 0xC0, 0x00, 0xBC, 0x18, 0xF1
	.byte 0x28, 0x00, 0xBC, 0x0C, 0xF1, 0x14, 0x0C, 0x3C, 0xF1, 0x50, 0xF6, 0x90, 0x18, 0x3B, 0xF1, 0x28
	.byte 0x0C, 0x3B, 0xF1, 0x14, 0x0C, 0x3B, 0xF1, 0x50, 0xF6, 0x90, 0x18, 0x3B, 0xF1, 0x28, 0x0C, 0x3B
	.byte 0xF1, 0x14, 0x0C, 0x3B, 0xF1, 0x50, 0xF6, 0x90, 0xF6, 0x60, 0xF6, 0xC0, 0xF6, 0xC0, 0xF6, 0xC0
	.byte 0x60, 0x39, 0x18, 0x38, 0xF1, 0x28, 0x0C, 0x38, 0xF1, 0x14, 0x0C, 0x38, 0xF1, 0x50, 0xF6, 0x30
	.byte 0xF6, 0xC0, 0xF6, 0xC0, 0xF6, 0xA8, 0x18, 0x49, 0x00, 0xCA, 0x0C, 0xF1, 0x28, 0x0C, 0x4A, 0xF1
	.byte 0x50, 0x00, 0xC5, 0x0C, 0xF1, 0x28, 0x0C, 0x45, 0xF1, 0x50, 0x18, 0x44, 0x00, 0xC5, 0x0C, 0xF1
	.byte 0x28, 0x0C, 0x45, 0xF1, 0x50, 0x00, 0xBE, 0x18, 0xF1, 0x28, 0x00, 0xBE, 0x06, 0xF1, 0x14, 0x06
	.byte 0x3E, 0xF1, 0x50, 0xF6, 0x3C, 0x00, 0xBE, 0x18, 0xF1, 0x28, 0x00, 0xBE, 0x06, 0xF1, 0x14, 0x06
	.byte 0x3E, 0xF1, 0x50, 0xF6, 0x3C, 0x00, 0xBE, 0x18, 0xF1, 0x28, 0x00, 0xBE, 0x06, 0xF1, 0x14, 0x06
	.byte 0x3E, 0xF1, 0x50, 0xF6, 0x3B, 0xF8, 0x22, 0xFF, 0xFF, 0xF9, 0x64, 0xF6, 0xC0, 0xF6, 0xC0, 0xF6
	.byte 0xC0, 0xF6, 0xC0, 0xF0, 0x24, 0xF2, 0xB4, 0xF1, 0x50, 0x00, 0xB9, 0x18, 0xF1, 0x28, 0x00, 0xB9
	.byte 0x0C, 0xF1, 0x14, 0x0C, 0x39, 0xF1, 0x50, 0xF6, 0x90, 0x00, 0xB6, 0x18, 0xF1, 0x28, 0x00, 0xB6
	.byte 0x0C, 0xF1, 0x14, 0x0C, 0x36, 0xF1, 0x50, 0xF6, 0x90, 0x00, 0xB5, 0x18, 0xF1, 0x28, 0x00, 0xB5
	.byte 0x0C, 0xF1, 0x14, 0x0C, 0x35, 0xF1, 0x50, 0xF6, 0x90, 0xF6, 0x48, 0x18, 0x3A, 0x00, 0xBB, 0x18
	.byte 0xF1, 0x28, 0x00, 0xBB, 0x0C, 0xF1, 0x14, 0x0C, 0x3B, 0xF1, 0x50, 0x00, 0xB4, 0x18, 0xF1, 0x28
	.byte 0x00, 0xB4, 0x0C, 0xF1, 0x14, 0x0C, 0x34, 0xF1, 0x50, 0x00, 0xB9, 0x18, 0xF1, 0x28, 0x00, 0xB9
	.byte 0x0C, 0xF1, 0x14, 0x0C, 0x39, 0xF1, 0x50, 0xF6, 0x90, 0x00, 0xB6, 0x18, 0xF1, 0x28, 0x00, 0xB6
	.byte 0x0C, 0xF1, 0x14, 0x0C, 0x36, 0xF1, 0x50, 0xF6, 0x90, 0x00, 0xB5, 0x18, 0xF1, 0x28, 0x00, 0xB5
	.byte 0x0C, 0xF1, 0x14, 0x0C, 0x35, 0xF1, 0x50, 0xF6, 0x90, 0xF6, 0x60, 0xF6, 0xC0, 0xF6, 0xC0, 0xF6
	.byte 0xC0, 0x60, 0x36, 0x00, 0xB2, 0x18, 0xF1, 0x28, 0x00, 0xB2, 0x06, 0xF1, 0x14, 0x06, 0x32, 0xF1
	.byte 0x50, 0xF6, 0x3C, 0xF6, 0xC0, 0xF6, 0xC0, 0xF6, 0xC0, 0xF6, 0xC0, 0xF6, 0xC0, 0xF8, 0x49, 0xFF
	.byte 0xFF, 0xF9, 0x64, 0xF0, 0x32, 0xF1, 0xF0, 0x00, 0xB9, 0x18, 0xF1, 0x78, 0x00, 0xB9, 0x06, 0xF1
	.byte 0x3C, 0x06, 0x39, 0xF1, 0xF0, 0xF6, 0x9C, 0x00, 0xB9, 0x18, 0xF1, 0x78, 0x00, 0xB9, 0x06, 0xF1
	.byte 0x3C, 0x06, 0x39, 0xF1, 0xF0, 0xF6, 0x24, 0x00, 0xC0, 0x0C, 0xF1, 0x78, 0x00, 0xC0, 0x06, 0xF1
	.byte 0x3C, 0x06, 0x40, 0xF1, 0xF0, 0x30, 0x3F, 0x00, 0xC0, 0x0C, 0xF1, 0x78, 0x00, 0xC0, 0x0C, 0xF1
	.byte 0x3C, 0x0C, 0x40, 0xF1, 0xF0, 0xF6, 0x0C, 0x00, 0xB9, 0x18, 0xF1, 0x78, 0x00, 0xB9, 0x06, 0xF1
	.byte 0x3C, 0x06, 0x39, 0xF1, 0x78, 0xF6, 0x3C, 0x00, 0xB9, 0x18, 0xF1, 0x3C, 0x00, 0xB9, 0x06, 0xF1
	.byte 0x1E, 0x06, 0x39, 0xF1, 0xF0, 0xF6, 0x3C, 0x00, 0xB9, 0x18, 0xF1, 0x78, 0x00, 0xB9, 0x06, 0xF1
	.byte 0x3C, 0x06, 0x39, 0xF1, 0xF0, 0xF6, 0x24, 0x00, 0xC0, 0x0C, 0xF1, 0x78, 0x00, 0xC0, 0x06, 0xF1
	.byte 0x3C, 0x06, 0x40, 0xF1, 0xF0, 0x30, 0x3F, 0x00, 0xC0, 0x0C, 0xF1, 0x78, 0x00, 0xC0, 0x06, 0xF1
	.byte 0x3C, 0x06, 0x40, 0xF1, 0xF0, 0xF6, 0x18, 0x00, 0xB9, 0x18, 0xF1, 0x78, 0x00, 0xB9, 0x06, 0xF1
	.byte 0x3C, 0x06, 0x39, 0xF1, 0xF0, 0xF6, 0x9C, 0x00, 0xB9, 0x18, 0xF1, 0x78, 0x00, 0xB9, 0x06, 0xF1
	.byte 0x3C, 0x06, 0x39, 0xF1, 0xF0, 0xF6, 0x9C, 0x00, 0xB9, 0x18, 0xF1, 0x78, 0x00, 0xB9, 0x06, 0xF1
	.byte 0x3C, 0x06, 0x39, 0xF1, 0xF0, 0xF6, 0x9C, 0xF6, 0x48, 0x00, 0xBA, 0x0C, 0xF1, 0x78, 0x00, 0xBA
	.byte 0x06, 0xF1, 0x3C, 0x06, 0x3A, 0xF1, 0xF0, 0x30, 0x3B, 0x30, 0x34, 0x00, 0xB9, 0x18, 0xF1, 0x78
	.byte 0x00, 0xB9, 0x06, 0xF1, 0x3C, 0x06, 0x39, 0xF1, 0xF0, 0xF6, 0x9C, 0x00, 0xB9, 0x18, 0xF1, 0x78
	.byte 0x00, 0xB9, 0x06, 0xF1, 0x3C, 0x06, 0x39, 0xF1, 0xF0, 0xF6, 0x24, 0x00, 0xC0, 0x0C, 0xF1, 0x78
	.byte 0x00, 0xC0, 0x06, 0xF1, 0x3C, 0x06, 0x40, 0xF1, 0xF0, 0x30, 0x3F, 0x00, 0xC0, 0x0C, 0xF1, 0x78
	.byte 0x00, 0xC0, 0x06, 0xF1, 0x3C, 0x06, 0x40, 0xF1, 0xF0, 0xF6, 0x18, 0x00, 0xB9, 0x18, 0xF1, 0x78
	.byte 0x00, 0xB9, 0x06, 0xF1, 0x3C, 0x06, 0x39, 0xF1, 0xF0, 0xF6, 0x3C, 0x00, 0xB9, 0x18, 0xF1, 0x78
	.byte 0x00, 0xB9, 0x06, 0xF1, 0x3C, 0x06, 0x39, 0xF1, 0xF0, 0xF6, 0x3C, 0x00, 0xC0, 0x0C, 0xF1, 0x78
	.byte 0x00, 0xC0, 0x06, 0xF1, 0x3C, 0x06, 0x40, 0xF1, 0xF0, 0x00, 0xBE, 0x0C, 0xF1, 0x78, 0x00, 0xBE
	.byte 0x06, 0xF1, 0x3C, 0x06, 0x3E, 0xF1, 0xF0, 0x00, 0xBC, 0x0C, 0xF1, 0x78, 0x00, 0xBC, 0x06, 0xF1
	.byte 0x3C, 0x06, 0x3C, 0xF1, 0xF0, 0x00, 0xBB, 0x0C, 0xF1, 0x78, 0x00, 0xBB, 0x06, 0xF1, 0x3C, 0x06
	.byte 0x3B, 0xF1, 0xF0, 0x00, 0xB9, 0x18, 0xF1, 0x78, 0x00, 0xB9, 0x06, 0xF1, 0x3C, 0x06, 0x39, 0xF1
	.byte 0xF0, 0xF6, 0x9C, 0x00, 0xB9, 0x18, 0xF1, 0x78, 0x00, 0xB9, 0x06, 0xF1, 0x3C, 0x06, 0x39, 0xF1
	.byte 0xF0, 0xF6, 0x84, 0x18, 0x38, 0x18, 0x39, 0x18, 0x3B, 0x18, 0x3C, 0x18, 0x3E, 0x00, 0xC0, 0x18
	.byte 0xF1, 0x78, 0x00, 0xC0, 0x06, 0xF1, 0x3C, 0x06, 0x40, 0xF1, 0xF0, 0xF6, 0x0C, 0x00, 0xB9, 0x18
	.byte 0xF1, 0x78, 0x00, 0xB9, 0x06, 0xF1, 0x3C, 0x06, 0x39, 0xF1, 0xF0, 0xF6, 0x0C, 0x60, 0x33, 0x30
	.byte 0x34, 0x30, 0x34, 0x30, 0x34, 0x30, 0x34, 0x30, 0x34, 0x30, 0x34, 0x30, 0x34, 0x30, 0x34, 0x30
	.byte 0x34, 0x30, 0x34, 0x30, 0x34, 0x30, 0x34, 0x30, 0x34, 0x00, 0xB4, 0x18, 0xF1, 0x78, 0x00, 0xB4
	.byte 0x06, 0xF1, 0x3C, 0x06, 0x34, 0xF1, 0xF0, 0xF6, 0x0C, 0xF6, 0x60, 0x00, 0xB4, 0x18, 0xF1, 0x78
	.byte 0x00, 0xB4, 0x06, 0xF1, 0x3C, 0x06, 0x34, 0xF1, 0xF0, 0xF6, 0x3C, 0x00, 0xB4, 0x18, 0xF1, 0x78
	.byte 0x00, 0xB4, 0x06, 0xF1, 0x3C, 0x06, 0x34, 0xF1, 0xF0, 0xF6, 0x3C, 0x00, 0xB4, 0x18, 0xF1, 0x78
	.byte 0x00, 0xB4, 0x06, 0xF1, 0x3C, 0x06, 0x34, 0xF1, 0xF0, 0xF6, 0x3C, 0xF8, 0xE3, 0xFD, 0xFF, 0xF9
	.byte 0x64, 0xF0, 0xC6, 0xF1, 0x3C, 0x18, 0x2D, 0xF1, 0x1E, 0x06, 0x2D, 0xF1, 0x0A, 0x06, 0x2D, 0xF1
	.byte 0x3C, 0xF6, 0x9C, 0x18, 0x2D, 0xF1, 0x1E, 0x06, 0x2D, 0xF1, 0x0A, 0x06, 0x2D, 0xF1, 0x3C, 0xF6
	.byte 0x24, 0x0C, 0x34, 0xF1, 0x1E, 0x06, 0x34, 0xF1, 0x0A, 0x06, 0x34, 0xF1, 0x3C, 0x30, 0x33, 0x0C
	.byte 0x34, 0xF1, 0x1E, 0x0C, 0x34, 0xF1, 0x0A, 0x0C, 0x34, 0xF1, 0x3C, 0xF6, 0x0C, 0x18, 0x2D, 0xF1
	.byte 0x3C, 0x06, 0x2D, 0xF1, 0x1E, 0x06, 0x2D, 0xF1, 0x0A, 0xF6, 0x3C, 0x18, 0x2D, 0xF1, 0x1E, 0x06
	.byte 0x2D, 0xF1, 0x0A, 0x06, 0x2D, 0xF1, 0x3C, 0xF6, 0x3C, 0x18, 0x2D, 0xF1, 0x1E, 0x06, 0x2D, 0xF1
	.byte 0x0A, 0x06, 0x2D, 0xF1, 0x3C, 0xF6, 0x24, 0x0C, 0x34, 0xF1, 0x1E, 0x06, 0x34, 0xF1, 0x0A, 0x06
	.byte 0x34, 0xF1, 0x3C, 0x30, 0x33, 0x0C, 0x34, 0xF1, 0x1E, 0x06, 0x34, 0xF1, 0x0A, 0x06, 0x34, 0xF1
	.byte 0x3C, 0xF6, 0x18, 0x18, 0x2D, 0xF1, 0x1E, 0x06, 0x2D, 0xF1, 0x0A, 0x06, 0x2D, 0xF1, 0x3C, 0xF6
	.byte 0x9C, 0x18, 0x2D, 0xF1, 0x1E, 0x06, 0x2D, 0xF1, 0x0A, 0x06, 0x2D, 0xF1, 0x3C, 0xF6, 0x9C, 0x18
	.byte 0x2D, 0xF1, 0x1E, 0x06, 0x2D, 0xF1, 0x0A, 0x06, 0x2D, 0xF1, 0x3C, 0xF6, 0x9C, 0xF6, 0x48, 0x0C
	.byte 0x2E, 0xF1, 0x1E, 0x06, 0x2E, 0xF1, 0x0A, 0x06, 0x2E, 0xF1, 0x3C, 0x30, 0x2F, 0x30, 0x28, 0x18
	.byte 0x2D, 0xF1, 0x1E, 0x06, 0x2D, 0xF1, 0x0A, 0x06, 0x2D, 0xF1, 0x3C, 0xF6, 0x9C, 0x18, 0x2D, 0xF1
	.byte 0x1E, 0x06, 0x2D, 0xF1, 0x0A, 0x06, 0x2D, 0xF1, 0x3C, 0xF6, 0x24, 0x0C, 0x34, 0xF1, 0x1E, 0x06
	.byte 0x34, 0xF1, 0x0A, 0x06, 0x34, 0xF1, 0x3C, 0x30, 0x33, 0x0C, 0x34, 0xF1, 0x1E, 0x06, 0x34, 0xF1
	.byte 0x0A, 0x06, 0x34, 0xF1, 0x3C, 0xF6, 0x18, 0x18, 0x2D, 0xF1, 0x1E, 0x06, 0x2D, 0xF1, 0x0A, 0x06
	.byte 0x2D, 0xF1, 0x3C, 0xF6, 0x3C, 0x18, 0x2D, 0xF1, 0x1E, 0x06, 0x2D, 0xF1, 0x0A, 0x06, 0x2D, 0xF1
	.byte 0x3C, 0xF6, 0x3C, 0x0C, 0x34, 0xF1, 0x1E, 0x06, 0x34, 0xF1, 0x0A, 0x06, 0x34, 0xF1, 0x3C, 0x0C
	.byte 0x32, 0xF1, 0x1E, 0x06, 0x32, 0xF1, 0x0A, 0x06, 0x32, 0xF1, 0x3C, 0x0C, 0x30, 0xF1, 0x1E, 0x06
	.byte 0x30, 0xF1, 0x0A, 0x06, 0x30, 0xF1, 0x3C, 0x0C, 0x2F, 0xF1, 0x1E, 0x06, 0x2F, 0xF1, 0x0A, 0x06
	.byte 0x2F, 0xF1, 0x3C, 0x18, 0x2D, 0xF1, 0x1E, 0x06, 0x2D, 0xF1, 0x0A, 0x06, 0x2D, 0xF1, 0x3C, 0xF6
	.byte 0x9C, 0x18, 0x2D, 0xF1, 0x1E, 0x06, 0x2D, 0xF1, 0x0A, 0x06, 0x2D, 0xF1, 0x3C, 0xF6, 0x84, 0x18
	.byte 0x2C, 0x18, 0x2D, 0x18, 0x2F, 0x18, 0x30, 0x18, 0x32, 0x18, 0x34, 0xF1, 0x1E, 0x06, 0x34, 0xF1
	.byte 0x0A, 0x06, 0x34, 0xF1, 0x3C, 0xF6, 0x0C, 0x18, 0x2D, 0xF1, 0x1E, 0x06, 0x2D, 0xF1, 0x0A, 0x06
	.byte 0x2D, 0xF1, 0x3C, 0xF6, 0x0C, 0x60, 0x27, 0x30, 0x28, 0x30, 0x28, 0x30, 0x28, 0x30, 0x28, 0x30
	.byte 0x28, 0x30, 0x28, 0x30, 0x28, 0x30, 0x28, 0x30, 0x28, 0x30, 0x28, 0x30, 0x28, 0x30, 0x28, 0x30
	.byte 0x28, 0x18, 0x28, 0xF1, 0x1E, 0x06, 0x28, 0xF1, 0x0A, 0x06, 0x28, 0xF1, 0x3C, 0xF6, 0x0C, 0xF6
	.byte 0x60, 0x18, 0x28, 0xF1, 0x1E, 0x06, 0x28, 0xF1, 0x0A, 0x06, 0x28, 0xF1, 0x3C, 0xF6, 0x3C, 0x18
	.byte 0x28, 0xF1, 0x1E, 0x06, 0x28, 0xF1, 0x0A, 0x06, 0x28, 0xF1, 0x3C, 0xF6, 0x3C, 0x18, 0x28, 0xF1
	.byte 0x1E, 0x06, 0x28, 0xF1, 0x0A, 0x06, 0x28, 0xF1, 0x3C, 0xF6, 0x3C, 0xF8, 0x21, 0xFE, 0xFF, 0xF9
	.byte 0x64, 0xF0, 0x21, 0xF1, 0xB4, 0x00, 0xB9, 0x18, 0xF1, 0x50, 0x00, 0xB9, 0x06, 0xF1, 0x28, 0x06
	.byte 0x39, 0xF1, 0xB4, 0xF6, 0x9C, 0x00, 0xB9, 0x18, 0xF1, 0x50, 0x00, 0xB9, 0x06, 0xF1, 0x28, 0x06
	.byte 0x39, 0xF1, 0xB4, 0xF6, 0x24, 0x00, 0xC0, 0x0C, 0xF1, 0x50, 0x00, 0xC0, 0x06, 0xF1, 0x28, 0x06
	.byte 0x40, 0xF1, 0xB4, 0x30, 0x3F, 0x00, 0xC0, 0x0C, 0xF1, 0x50, 0x00, 0xC0, 0x0C, 0xF1, 0x28, 0x0C
	.byte 0x40, 0xF1, 0xB4, 0xF6, 0x0C, 0x00, 0xB9, 0x18, 0xF1, 0x50, 0x00, 0xB9, 0x06, 0xF1, 0x28, 0x06
	.byte 0x39, 0xF1, 0x78, 0xF6, 0x3C, 0x00, 0xB9, 0x18, 0xF1, 0x3C, 0x00, 0xB9, 0x06, 0xF1, 0x1E, 0x06
	.byte 0x39, 0xF1, 0xB4, 0xF6, 0x3C, 0x00, 0xB9, 0x18, 0xF1, 0x50, 0x00, 0xB9, 0x06, 0xF1, 0x28, 0x06
	.byte 0x39, 0xF1, 0xB4, 0xF6, 0x24, 0x00, 0xC0, 0x0C, 0xF1, 0x50, 0x00, 0xC0, 0x06, 0xF1, 0x28, 0x06
	.byte 0x40, 0xF1, 0xB4, 0x30, 0x3F, 0x00, 0xC0, 0x0C, 0xF1, 0x50, 0x00, 0xC0, 0x06, 0xF1, 0x28, 0x06
	.byte 0x40, 0xF1, 0xB4, 0xF6, 0x18, 0x00, 0xB9, 0x18, 0xF1, 0x50, 0x00, 0xB9, 0x06, 0xF1, 0x28, 0x06
	.byte 0x39, 0xF1, 0xB4, 0xF6, 0x9C, 0x00, 0xB9, 0x18, 0xF1, 0x50, 0x00, 0xB9, 0x06, 0xF1, 0x28, 0x06
	.byte 0x39, 0xF1, 0xB4, 0xF6, 0x9C, 0x00, 0xB9, 0x18, 0xF1, 0x50, 0x00, 0xB9, 0x06, 0xF1, 0x28, 0x06
	.byte 0x39, 0xF1, 0xB4, 0xF6, 0x9C, 0xF6, 0x48, 0x00, 0xBA, 0x0C, 0xF1, 0x50, 0x00, 0xBA, 0x06, 0xF1
	.byte 0x28, 0x06, 0x3A, 0xF1, 0xB4, 0x30, 0x3B, 0x30, 0x34, 0x00, 0xB9, 0x18, 0xF1, 0x50, 0x00, 0xB9
	.byte 0x06, 0xF1, 0x28, 0x06, 0x39, 0xF1, 0xB4, 0xF6, 0x9C, 0x00, 0xB9, 0x18, 0xF1, 0x50, 0x00, 0xB9
	.byte 0x06, 0xF1, 0x28, 0x06, 0x39, 0xF1, 0xB4, 0xF6, 0x24, 0x00, 0xC0, 0x0C, 0xF1, 0x50, 0x00, 0xC0
	.byte 0x06, 0xF1, 0x28, 0x06, 0x40, 0xF1, 0xB4, 0x30, 0x3F, 0x00, 0xC0, 0x0C, 0xF1, 0x50, 0x00, 0xC0
	.byte 0x06, 0xF1, 0x28, 0x06, 0x40, 0xF1, 0xB4, 0xF6, 0x18, 0x00, 0xB9, 0x18, 0xF1, 0x50, 0x00, 0xB9
	.byte 0x06, 0xF1, 0x28, 0x06, 0x39, 0xF1, 0xB4, 0xF6, 0x3C, 0x00, 0xB9, 0x18, 0xF1, 0x50, 0x00, 0xB9
	.byte 0x06, 0xF1, 0x28, 0x06, 0x39, 0xF1, 0xB4, 0xF6, 0x3C, 0x00, 0xC0, 0x0C, 0xF1, 0x50, 0x00, 0xC0
	.byte 0x06, 0xF1, 0x28, 0x06, 0x40, 0xF1, 0xB4, 0x00, 0xBE, 0x0C, 0xF1, 0x50, 0x00, 0xBE, 0x06, 0xF1
	.byte 0x28, 0x06, 0x3E, 0xF1, 0xB4, 0x00, 0xBC, 0x0C, 0xF1, 0x50, 0x00, 0xBC, 0x06, 0xF1, 0x28, 0x06
	.byte 0x3C, 0xF1, 0xB4, 0x00, 0xBB, 0x0C, 0xF1, 0x50, 0x00, 0xBB, 0x06, 0xF1, 0x28, 0x06, 0x3B, 0xF1
	.byte 0xB4, 0x00, 0xB9, 0x18, 0xF1, 0x50, 0x00, 0xB9, 0x06, 0xF1, 0x28, 0x06, 0x39, 0xF1, 0xB4, 0xF6
	.byte 0x9C, 0x00, 0xB9, 0x18, 0xF1, 0x50, 0x00, 0xB9, 0x06, 0xF1, 0x28, 0x06, 0x39, 0xF1, 0xB4, 0xF6
	.byte 0x84, 0x18, 0x38, 0x18, 0x39, 0x18, 0x3B, 0x18, 0x3C, 0x18, 0x3E, 0x00, 0xC0, 0x18, 0xF1, 0x50
	.byte 0x00, 0xC0, 0x06, 0xF1, 0x28, 0x06, 0x40, 0xF1, 0xB4, 0xF6, 0x0C, 0x00, 0xB9, 0x18, 0xF1, 0x50
	.byte 0x00, 0xB9, 0x06, 0xF1, 0x28, 0x06, 0x39, 0xF1, 0xB4, 0xF6, 0x0C, 0x60, 0x33, 0x30, 0x34, 0x30
	.byte 0x34, 0x30, 0x34, 0xF1, 0x78, 0x30, 0x34, 0xF1, 0xB4, 0x30, 0x34, 0xF1, 0x78, 0x30, 0x34, 0xF1
	.byte 0xB4, 0x30, 0x34, 0xF1, 0x78, 0x30, 0x34, 0xF1, 0xB4, 0x30, 0x34, 0xF1, 0x78, 0x30, 0x34, 0xF1
	.byte 0xB4, 0x30, 0x34, 0xF1, 0x78, 0x30, 0x34, 0xF1, 0xB4, 0x30, 0x34, 0x00, 0xB4, 0x18, 0xF1, 0x50
	.byte 0x00, 0xB4, 0x06, 0xF1, 0x28, 0x06, 0x34, 0xF1, 0xB4, 0xF6, 0x0C, 0xF6, 0x60, 0x00, 0xB4, 0x18
	.byte 0xF1, 0x50, 0x00, 0xB4, 0x06, 0xF1, 0x28, 0x06, 0x34, 0xF1, 0xB4, 0xF6, 0x3C, 0x00, 0xB4, 0x18
	.byte 0xF1, 0x50, 0x00, 0xB4, 0x06, 0xF1, 0x28, 0x06, 0x34, 0xF1, 0xB4, 0xF6, 0x3C, 0x00, 0xB4, 0x18
	.byte 0xF1, 0x50, 0x00, 0xB4, 0x06, 0xF1, 0x28, 0x06, 0x34, 0xF1, 0xB4, 0xF6, 0x3C, 0xF8, 0xCF, 0xFD
	.byte 0xFF, 0x00, 0x00, 0x00, 0x00, 0x04, 0x04, 0x00, 0xF0, 0x03, 0xF4, 0x30, 0xF1, 0xB4, 0xF5, 0x00
	.byte 0x01, 0x43, 0x01, 0x48, 0x01, 0x4D, 0x01, 0x4A, 0x01, 0x45, 0xF5, 0xF8, 0x01, 0x43, 0x01, 0x48
	.byte 0x01, 0x4D, 0x01, 0x4A, 0x01, 0x45, 0xF5, 0xF0, 0x01, 0x43, 0x01, 0x48, 0x01, 0x4D, 0x01, 0x4A
	.byte 0x01, 0x45, 0xF1, 0x64, 0xF5, 0xE8, 0x01, 0x43, 0x01, 0x48, 0x01, 0x4D, 0x01, 0x4A, 0x01, 0x45
	.byte 0xF5, 0xE0, 0x01, 0x43, 0x01, 0x48, 0x01, 0x4D, 0x01, 0x4A, 0x01, 0x45, 0xF1, 0x3C, 0xF5, 0xD8
	.byte 0x01, 0x43, 0x01, 0x48, 0x01, 0x4D, 0x01, 0x4A, 0x01, 0x45, 0xF5, 0xD0, 0x01, 0x43, 0x01, 0x48
	.byte 0x01, 0x4D, 0x01, 0x4A, 0x01, 0x45, 0xF1, 0x1E, 0xF5, 0xC8, 0x01, 0x43, 0x01, 0x48, 0x01, 0x4D
	.byte 0x01, 0x4A, 0x01, 0x45, 0xF5, 0xB6, 0x01, 0x43, 0x01, 0x48, 0x01, 0x4D, 0x01, 0x4A, 0x01, 0x45
	.byte 0xF8, 0x85, 0xFF, 0xFF, 0x00, 0x04, 0x04, 0x00, 0xF9, 0x96, 0xF0, 0xC6, 0xF1, 0x14, 0x01, 0x47
	.byte 0x01, 0x48, 0x01, 0x49, 0x01, 0x4A, 0x01, 0x4B, 0x01, 0x4C, 0x01, 0x4D, 0x01, 0x4E, 0x01, 0x4F
	.byte 0x01, 0x50, 0x01, 0x51, 0x01, 0x52, 0x01, 0x53, 0x01, 0x54, 0x01, 0x55, 0x01, 0x56, 0xF1, 0x32
	.byte 0x01, 0x49, 0x01, 0x4A, 0x01, 0x4B, 0x01, 0x4C, 0x01, 0x4D, 0x01, 0x4E, 0x01, 0x4F, 0x01, 0x50
	.byte 0x01, 0x51, 0x01, 0x52, 0x01, 0x53, 0x01, 0x54, 0x01, 0x55, 0x01, 0x56, 0x01, 0x57, 0x01, 0x58
	.byte 0xF1, 0x14, 0x01, 0x4B, 0x01, 0x4C, 0x01, 0x4D, 0x01, 0x4E, 0x01, 0x4F, 0x01, 0x50, 0x01, 0x51
	.byte 0x01, 0x52, 0x01, 0x53, 0x01, 0x54, 0x01, 0x55, 0x01, 0x56, 0x01, 0x57, 0x01, 0x58, 0x01, 0x59
	.byte 0x01, 0x5A, 0xF1, 0x0A, 0x01, 0x4D, 0x01, 0x4E, 0x01, 0x4F, 0x01, 0x50, 0x01, 0x51, 0x01, 0x52
	.byte 0x01, 0x53, 0x01, 0x54, 0x01, 0x55, 0x01, 0x56, 0x01, 0x57, 0x01, 0x58, 0x01, 0x59, 0x01, 0x5A
	.byte 0x01, 0x5B, 0x01, 0x5C, 0xF8, 0x71, 0xFF, 0xFF, 0x00, 0x04, 0x04, 0x00, 0xF9, 0xB4, 0xF0, 0xC6
	.byte 0xF1, 0x14, 0x01, 0x47, 0x01, 0x48, 0x01, 0x49, 0x01, 0x4A, 0x01, 0x4B, 0x01, 0x4C, 0x01, 0x4D
	.byte 0x01, 0x4E, 0x01, 0x4F, 0x01, 0x50, 0x01, 0x51, 0x01, 0x52, 0x01, 0x53, 0x01, 0x54, 0x01, 0x55
	.byte 0x01, 0x56, 0xF1, 0x32, 0x01, 0x49, 0x01, 0x4A, 0x01, 0x4B, 0x01, 0x4C, 0x01, 0x4D, 0x01, 0x4E
	.byte 0x01, 0x4F, 0x01, 0x50, 0x01, 0x51, 0x01, 0x52, 0x01, 0x53, 0x01, 0x54, 0x01, 0x55, 0x01, 0x56
	.byte 0x01, 0x57, 0x01, 0x58, 0xF1, 0x14, 0x01, 0x4B, 0x01, 0x4C, 0x01, 0x4D, 0x01, 0x4E, 0x01, 0x4F
	.byte 0x01, 0x50, 0x01, 0x51, 0x01, 0x52, 0x01, 0x53, 0x01, 0x54, 0x01, 0x55, 0x01, 0x56, 0x01, 0x57
	.byte 0x01, 0x58, 0x01, 0x59, 0x01, 0x5A, 0xF1, 0x0A, 0x01, 0x4D, 0x01, 0x4E, 0x01, 0x4F, 0x01, 0x50
	.byte 0x01, 0x51, 0x01, 0x52, 0x01, 0x53, 0x01, 0x54, 0x01, 0x55, 0x01, 0x56, 0x01, 0x57, 0x01, 0x58
	.byte 0x01, 0x59, 0x01, 0x5A, 0x01, 0x5B, 0x01, 0x5C, 0xF8, 0x71, 0xFF, 0xFF, 0x00, 0x04, 0x04, 0x00
	.byte 0xF9, 0xD2, 0xF0, 0xC6, 0xF1, 0x14, 0x01, 0x47, 0x01, 0x48, 0x01, 0x49, 0x01, 0x4A, 0x01, 0x4B
	.byte 0x01, 0x4C, 0x01, 0x4D, 0x01, 0x4E, 0x01, 0x4F, 0x01, 0x50, 0x01, 0x51, 0x01, 0x52, 0x01, 0x53
	.byte 0x01, 0x54, 0x01, 0x55, 0x01, 0x56, 0xF1, 0x32, 0x01, 0x49, 0x01, 0x4A, 0x01, 0x4B, 0x01, 0x4C
	.byte 0x01, 0x4D, 0x01, 0x4E, 0x01, 0x4F, 0x01, 0x50, 0x01, 0x51, 0x01, 0x52, 0x01, 0x53, 0x01, 0x54
	.byte 0x01, 0x55, 0x01, 0x56, 0x01, 0x57, 0x01, 0x58, 0xF1, 0x14, 0x01, 0x4B, 0x01, 0x4C, 0x01, 0x4D
	.byte 0x01, 0x4E, 0x01, 0x4F, 0x01, 0x50, 0x01, 0x51, 0x01, 0x52, 0x01, 0x53, 0x01, 0x54, 0x01, 0x55
	.byte 0x01, 0x56, 0x01, 0x57, 0x01, 0x58, 0x01, 0x59, 0x01, 0x5A, 0xF1, 0x0A, 0x01, 0x4D, 0x01, 0x4E
	.byte 0x01, 0x4F, 0x01, 0x50, 0x01, 0x51, 0x01, 0x52, 0x01, 0x53, 0x01, 0x54, 0x01, 0x55, 0x01, 0x56
	.byte 0x01, 0x57, 0x01, 0x58, 0x01, 0x59, 0x01, 0x5A, 0x01, 0x5B, 0x01, 0x5C, 0xF8, 0x71, 0xFF, 0xFF
	.byte 0x01, 0x00, 0x04, 0x00, 0xF1, 0xDC, 0xF0, 0x79, 0x00, 0xBC, 0x78, 0xF8, 0xF6, 0xFF, 0xFF, 0x00
	.byte 0x01, 0x00, 0x04, 0x00, 0xF1, 0xFF, 0xF0, 0x78, 0x78, 0x3C, 0xFF, 0x00, 0x01, 0x00, 0x04, 0x00
	.byte 0xF1, 0xDC, 0xF0, 0x77, 0x78, 0x3C, 0xFF, 0x00, 0x01, 0x00, 0x04, 0x00, 0xF1, 0xDC, 0xF0, 0x76
	.byte 0x78, 0x3C, 0xFF, 0x00, 0x01, 0x00, 0x04, 0x00, 0xF1, 0xDC, 0xF0, 0x75, 0x78, 0x3C, 0xFF, 0x00
	.byte 0x02, 0x00, 0x04, 0x00, 0xF1, 0xDC, 0xF0, 0x74, 0x00, 0xBC, 0x78, 0xF8, 0xF6, 0xFF, 0xFF, 0x00
	.byte 0x02, 0x00, 0x04, 0x00, 0xF1, 0xDC, 0xF0, 0x73, 0x78, 0x3C, 0xFF, 0x00, 0x02, 0x00, 0x04, 0x00
	.byte 0xF1, 0xDC, 0xF0, 0x72, 0x78, 0x3C, 0xFF, 0x00, 0x02, 0x00, 0x04, 0x00, 0xF1, 0xDC, 0xF0, 0x71
	.byte 0x78, 0x3C, 0xFF, 0x00, 0x02, 0x00, 0x04, 0x00, 0xF9, 0x50, 0xF1, 0xDC, 0xF0, 0x89, 0xF4, 0x28
	.byte 0xF5, 0xF0, 0x00, 0xBC, 0x02, 0xF1, 0x32, 0xF5, 0xF1, 0x00, 0xBC, 0x02, 0xF1, 0x3C, 0xF5, 0xF2
	.byte 0x00, 0xBC, 0x02, 0xF1, 0x46, 0xF5, 0xF3, 0x00, 0xBC, 0x02, 0xF1, 0x50, 0xF5, 0xF4, 0x00, 0xBC
	.byte 0x02, 0xF1, 0x5A, 0xF5, 0xF5, 0x00, 0xBC, 0x02, 0xF1, 0x64, 0xF5, 0xF6, 0x00, 0xBC, 0x02, 0xF1
	.byte 0x6E, 0xF5, 0xF7, 0x00, 0xBC, 0x02, 0xF1, 0x78, 0xF5, 0xF8, 0x00, 0xBC, 0x02, 0xF1, 0x82, 0xF5
	.byte 0xF9, 0x00, 0xBC, 0x02, 0xF1, 0x8C, 0xF5, 0xFA, 0x00, 0xBC, 0x02, 0xF1, 0x96, 0xF5, 0xFB, 0x00
	.byte 0xBC, 0x02, 0xF1, 0xA0, 0xF5, 0xFC, 0x00, 0xBC, 0x02, 0xF1, 0xAA, 0xF5, 0xFD, 0x00, 0xBC, 0x02
	.byte 0xF1, 0xB4, 0xF5, 0xFE, 0x00, 0xBC, 0x02, 0xF1, 0xBE, 0xF5, 0xFF, 0x00, 0xBC, 0x02, 0xF1, 0xC8
	.byte 0xF5, 0x00, 0xF1, 0xD2, 0x00, 0xBC, 0x78, 0xF8, 0xFA, 0xFF, 0xFF, 0x00, 0x00, 0x08, 0x04, 0x00
	.byte 0xF9, 0x50, 0xF0, 0xC6, 0xF1, 0xFA, 0x08, 0x37, 0x08, 0x38, 0x06, 0x39, 0x06, 0x3A, 0x06, 0x3B
	.byte 0x04, 0x3C, 0x04, 0x3D, 0x04, 0x3E, 0x04, 0x3F, 0x04, 0x40, 0xF1, 0xB4, 0x04, 0x3C, 0x04, 0x3D
	.byte 0x04, 0x3E, 0x04, 0x3F, 0x04, 0x40, 0xF1, 0x78, 0x04, 0x3C, 0x04, 0x3D, 0x04, 0x3E, 0x04, 0x3F
	.byte 0x04, 0x40, 0x04, 0x41, 0xF1, 0x3C, 0x04, 0x41, 0xF1, 0x14, 0x04, 0x41, 0xF8, 0xDB, 0xFF, 0xFF
	.byte 0x00, 0x04, 0x04, 0x00, 0xF0, 0xC6, 0xF1, 0x28, 0xF4, 0x14, 0xF5, 0x00, 0x00, 0xD1, 0x01, 0xF5
	.byte 0x08, 0x00, 0xD1, 0x01, 0xF5, 0x10, 0x00, 0xD1, 0x01, 0xF5, 0x18, 0x01, 0x51, 0xF6, 0x01, 0xF5
	.byte 0x00, 0x00, 0xD1, 0x01, 0xF5, 0x08, 0x00, 0xD1, 0x01, 0xF5, 0x10, 0x00, 0xD1, 0x01, 0xF5, 0x18
	.byte 0x00, 0xD1, 0x01, 0xF5, 0x20, 0x00, 0xD1, 0x01, 0xF5, 0x28, 0x00, 0xD1, 0x01, 0xF5, 0x30, 0x00
	.byte 0xD1, 0x01, 0xF5, 0x38, 0x00, 0xD1, 0x01, 0xF5, 0x00, 0x00, 0xD1, 0x01, 0xF5, 0x08, 0x00, 0xD1
	.byte 0x01, 0xF5, 0x10, 0x00, 0xD1, 0x01, 0xF5, 0x18, 0x00, 0xD1, 0x01, 0xF5, 0x20, 0x00, 0xD1, 0x01
	.byte 0xF5, 0x28, 0x00, 0xD1, 0x01, 0xF5, 0x30, 0x00, 0xD1, 0x01, 0xF5, 0x38, 0x01, 0x51, 0xF5, 0x40
	.byte 0xFF, 0x00, 0x00, 0x00, 0x00, 0x04, 0x04, 0x00, 0xF0, 0xC6, 0xF1, 0x50, 0xF4, 0x14, 0xF5, 0x00
	.byte 0x00, 0xC5, 0x01, 0xF5, 0x08, 0x00, 0xC5, 0x01, 0xF5, 0x10, 0x00, 0xC5, 0x01, 0xF5, 0x18, 0x01
	.byte 0x45, 0xF6, 0x01, 0xF5, 0x00, 0x00, 0xC5, 0x01, 0xF5, 0x08, 0x00, 0xC5, 0x01, 0xF5, 0x10, 0x00
	.byte 0xC5, 0x01, 0xF5, 0x18, 0x00, 0xC5, 0x01, 0xF5, 0x20, 0x00, 0xC5, 0x01, 0xF5, 0x28, 0x00, 0xC5
	.byte 0x01, 0xF5, 0x30, 0x00, 0xC5, 0x01, 0xF5, 0x38, 0x00, 0xC5, 0x01, 0xF5, 0x00, 0x00, 0xC5, 0x01
	.byte 0xF5, 0x08, 0x00, 0xC5, 0x01, 0xF5, 0x10, 0x00, 0xC5, 0x01, 0xF5, 0x18, 0x00, 0xC5, 0x01, 0xF5
	.byte 0x20, 0x00, 0xC5, 0x01, 0xF5, 0x28, 0x00, 0xC5, 0x01, 0xF5, 0x30, 0x00, 0xC5, 0x01, 0xF5, 0x38
	.byte 0x01, 0x45, 0xF5, 0x00, 0xFF, 0x00, 0x00, 0x00, 0x00, 0x04, 0x04, 0x00, 0xF0, 0xC6, 0xF1, 0x78
	.byte 0x02, 0x40, 0x02, 0x4C, 0x02, 0x51, 0x02, 0x3E, 0xF6, 0x04, 0x02, 0x3E, 0x02, 0x37, 0xF6, 0x08
	.byte 0x02, 0x39, 0x02, 0x51, 0xF6, 0x04, 0x02, 0x5D, 0x02, 0x4C, 0x02, 0x40, 0x02, 0x48, 0x02, 0x47
	.byte 0xFF, 0x00, 0x00, 0x00, 0x00, 0x04, 0x04, 0x00, 0xF0, 0x03, 0xF1, 0xA0, 0xF4, 0x18, 0xF5, 0x00
	.byte 0x00, 0xAD, 0x01, 0xF5, 0x08, 0x00, 0xAD, 0x01, 0xF5, 0x10, 0x00, 0xAD, 0x01, 0xF5, 0x18, 0x01
	.byte 0x2D, 0xF5, 0x20, 0xF5, 0x00, 0xF6, 0x02, 0xF5, 0x00, 0x00, 0xB0, 0x01, 0xF5, 0x08, 0x00, 0xB0
	.byte 0x01, 0xF5, 0x10, 0x00, 0xB0, 0x01, 0xF5, 0x18, 0x00, 0xB0, 0x01, 0xF5, 0x20, 0x00, 0xB0, 0x01
	.byte 0xF5, 0x28, 0x00, 0xB0, 0x01, 0xF5, 0x30, 0x00, 0xB0, 0x01, 0xF5, 0x38, 0x00, 0xB0, 0x01, 0xF5
	.byte 0x48, 0x01, 0x30, 0xF5, 0x50, 0xF5, 0x00, 0xF6, 0x02, 0xF5, 0x00, 0x00, 0xB0, 0x01, 0xF5, 0x08
	.byte 0x00, 0xB0, 0x01, 0xF5, 0x10, 0x00, 0xB0, 0x01, 0xF5, 0x18, 0x00, 0xB0, 0x01, 0xF5, 0x20, 0x00
	.byte 0xB0, 0x01, 0xF5, 0x28, 0x00, 0xB0, 0x01, 0xF5, 0x30, 0x00, 0xB0, 0x01, 0xF5, 0x38, 0x00, 0xB0
	.byte 0x01, 0xF5, 0x48, 0x01, 0x30, 0xF5, 0x50, 0xF5, 0x00, 0xF6, 0x02, 0xF5, 0x00, 0x00, 0xAD, 0x01
	.byte 0xF5, 0x08, 0x00, 0xAD, 0x01, 0xF5, 0x10, 0x00, 0xAD, 0x01, 0xF5, 0x18, 0x01, 0x2D, 0xF5, 0x20
	.byte 0xF5, 0x00, 0xFF, 0x00, 0x00, 0x04, 0x04, 0x00, 0xF0, 0x03, 0xF1, 0xA0, 0xF4, 0x30, 0xF5, 0x00
	.byte 0x00, 0xB7, 0x04, 0xF5, 0x08, 0x00, 0xB7, 0x02, 0xF5, 0x10, 0x00, 0xB7, 0x02, 0xF5, 0x18, 0x00
	.byte 0xB7, 0x01, 0xF5, 0x20, 0x00, 0xB7, 0x01, 0xF5, 0x28, 0x00, 0xB7, 0x01, 0xF5, 0x30, 0x00, 0xB7
	.byte 0x01, 0xF5, 0x38, 0x00, 0xB7, 0x01, 0xF5, 0x40, 0x00, 0xB7, 0x01, 0xF5, 0x38, 0x00, 0xB7, 0x01
	.byte 0xF5, 0x30, 0x00, 0xB7, 0x01, 0xF5, 0x28, 0x00, 0xB7, 0x01, 0xF5, 0x20, 0x00, 0xB7, 0x01, 0xF5
	.byte 0x28, 0x00, 0xB7, 0x01, 0xF5, 0x30, 0x00, 0xB7, 0x01, 0xF5, 0x38, 0x00, 0xB7, 0x01, 0xF5, 0x40
	.byte 0x00, 0xB7, 0x01, 0xF5, 0x38, 0x00, 0xB7, 0x01, 0xF5, 0x30, 0x00, 0xB7, 0x01, 0xF5, 0x28, 0x01
	.byte 0x37, 0xF1, 0x28, 0xF5, 0x20, 0x00, 0xB7, 0x01, 0xF5, 0x28, 0x00, 0xB7, 0x01, 0xF5, 0x30, 0x00
	.byte 0xB7, 0x01, 0xF5, 0x38, 0x00, 0xB7, 0x01, 0xF5, 0x40, 0x00, 0xB7, 0x01, 0xF5, 0x38, 0x00, 0xB7
	.byte 0x01, 0xF5, 0x30, 0x00, 0xB7, 0x01, 0xF5, 0x28, 0x01, 0x37, 0xFF, 0x00, 0x00, 0x0C, 0x06, 0x00
	.byte 0xE5, 0x00, 0xF0, 0xC6, 0xF1, 0x78, 0xF4, 0x30, 0xF5, 0x00, 0x01, 0x32, 0xF5, 0x08, 0x01, 0x32
	.byte 0xF5, 0x10, 0x01, 0x32, 0xF5, 0x20, 0xF6, 0x08, 0xF5, 0x00, 0x01, 0x34, 0xF5, 0x08, 0x01, 0x34
	.byte 0xF5, 0x10, 0x01, 0x34, 0xF5, 0x20, 0xF6, 0x08, 0xF5, 0x00, 0x01, 0x37, 0xF5, 0x08, 0x01, 0x37
	.byte 0xF5, 0x10, 0x01, 0x37, 0xF5, 0x20, 0xF6, 0x08, 0xF5, 0x00, 0x01, 0x34, 0xF5, 0x08, 0x01, 0x34
	.byte 0xF5, 0x10, 0x01, 0x34, 0xF5, 0x20, 0xF6, 0x08, 0xF5, 0x00, 0x01, 0x37, 0xF5, 0x08, 0x01, 0x37
	.byte 0xF5, 0x10, 0x01, 0x37, 0xF5, 0x20, 0xF1, 0x64, 0xF6, 0x08, 0xF5, 0x00, 0x01, 0x3B, 0xF5, 0x08
	.byte 0x01, 0x3B, 0xF5, 0x10, 0x01, 0x3B, 0xF5, 0x20, 0xF6, 0x08, 0xF5, 0x00, 0x01, 0x3E, 0xF5, 0x08
	.byte 0x01, 0x3E, 0xF5, 0x10, 0x01, 0x3E, 0xF5, 0x20, 0xF1, 0x3C, 0xF6, 0x08, 0xF5, 0x00, 0x01, 0x41
	.byte 0xF5, 0x08, 0x01, 0x41, 0xF5, 0x10, 0x01, 0x41, 0xF5, 0x20, 0xF1, 0x28, 0xF6, 0x08, 0xF5, 0x00
	.byte 0x01, 0x3B, 0xF5, 0x08, 0x01, 0x3B, 0xF5, 0x10, 0x01, 0x3B, 0xF5, 0x20, 0xF6, 0x08, 0xF5, 0x00
	.byte 0x01, 0x3E, 0xF5, 0x08, 0x01, 0x3E, 0xF5, 0x10, 0x01, 0x3E, 0xF5, 0x20, 0xF1, 0x14, 0xF6, 0x08
	.byte 0xF5, 0x00, 0x01, 0x41, 0xF5, 0x08, 0x01, 0x41, 0xF5, 0x10, 0x01, 0x41, 0xF5, 0x20, 0xF1, 0x0A
	.byte 0xF6, 0x08, 0xF5, 0x00, 0x01, 0x45, 0xF5, 0x08, 0x01, 0x45, 0xF5, 0x10, 0x01, 0x45, 0xF5, 0x20
	.byte 0xF6, 0x08, 0xF5, 0x00, 0x01, 0x47, 0xF5, 0x08, 0x01, 0x47, 0xF5, 0x10, 0x01, 0x47, 0xF5, 0x20
	.byte 0xFF, 0xF0, 0xC3, 0xF1, 0x14, 0x0C, 0x48, 0xF1, 0x28, 0x0C, 0x48, 0xF1, 0x3C, 0x30, 0x48, 0xF1
	.byte 0x28, 0x18, 0x48, 0xF1, 0x14, 0x18, 0x48, 0xF1, 0x0A, 0x10, 0x48, 0xFF, 0x00, 0x08, 0x04, 0x00
	.byte 0xF0, 0xC3, 0xF1, 0x78, 0x04, 0x37, 0xF6, 0x02, 0x02, 0x43, 0x02, 0x3E, 0xF6, 0x02, 0xF1, 0x14
	.byte 0x02, 0x37, 0xF6, 0x02, 0x02, 0x37, 0xF6, 0x18, 0xF1, 0x64, 0x04, 0x35, 0xF6, 0x02, 0x02, 0x41
	.byte 0x02, 0x3C, 0xF6, 0x02, 0xF1, 0x14, 0x02, 0x35, 0xF6, 0x02, 0x02, 0x35, 0xF6, 0x18, 0xF8, 0xCF
	.byte 0xFF, 0xFF, 0x00, 0x00, 0x00, 0x08, 0x04, 0x00, 0xF0, 0xC3, 0xF1, 0x78, 0x04, 0x37, 0xF6, 0x02
	.byte 0x02, 0x43, 0x02, 0x3E, 0xF6, 0x02, 0xF1, 0x14, 0x02, 0x37, 0xF6, 0x02, 0x02, 0x37, 0xFF, 0x00
	.byte 0xFC, 0x03, 0x12, 0x00, 0x7C, 0x00, 0xF4, 0x02, 0xE0, 0x03, 0xD6, 0x04, 0x62, 0x05, 0xB2, 0x05
	.byte 0x1E, 0x06, 0xF9, 0x88, 0xF0, 0x15, 0xF1, 0x64, 0x18, 0x3D, 0xF1, 0x28, 0x0C, 0x3D, 0xF6, 0x24
	.byte 0xF1, 0x64, 0x18, 0x3B, 0xF1, 0x28, 0x0C, 0x3B, 0xF6, 0x24, 0xF1, 0x64, 0x18, 0x39, 0x18, 0x3B
	.byte 0x18, 0x40, 0xF1, 0x28, 0x0C, 0x40, 0xF6, 0x24, 0xF1, 0x64, 0x18, 0x3E, 0xF1, 0x28, 0x0C, 0x3E
	.byte 0xF6, 0x24, 0xF1, 0x64, 0x18, 0x3C, 0x18, 0x3E, 0x18, 0x39, 0xF1, 0x28, 0x0C, 0x39, 0xF6, 0x24
	.byte 0xF1, 0x64, 0x18, 0x37, 0xF1, 0x28, 0x0C, 0x37, 0xF6, 0x24, 0xF1, 0x64, 0x18, 0x35, 0x18, 0x37
	.byte 0x18, 0x3F, 0xF1, 0x28, 0x0C, 0x3F, 0xF6, 0x24, 0xF1, 0x64, 0x18, 0x3D, 0xF1, 0x28, 0x0C, 0x3D
	.byte 0xF6, 0x24, 0xF1, 0x64, 0x18, 0x3B, 0x18, 0x3D, 0xF8, 0x99, 0xFF, 0xFF, 0xF9, 0x88, 0xF0, 0x03
	.byte 0xF1, 0xB4, 0x0C, 0x31, 0xF6, 0x02, 0xF1, 0x50, 0x02, 0x31, 0xF6, 0x08, 0xF0, 0x0B, 0xF1, 0xB4
	.byte 0x02, 0x3D, 0xF6, 0x02, 0xF1, 0x50, 0x02, 0x3D, 0xF6, 0x06, 0xF1, 0xB4, 0x02, 0x31, 0xF6, 0x02
	.byte 0xF1, 0x50, 0x02, 0x31, 0xF6, 0x06, 0xF1, 0xB4, 0x02, 0x31, 0xF6, 0x02, 0xF1, 0x50, 0x02, 0x31
	.byte 0xF6, 0x06, 0xF1, 0xB4, 0x02, 0x3D, 0xF6, 0x02, 0xF1, 0x50, 0x02, 0x3D, 0xF6, 0x06, 0xF1, 0xB4
	.byte 0x02, 0x3B, 0xF6, 0x02, 0xF1, 0x50, 0x02, 0x3B, 0xF6, 0x06, 0xF1, 0xB4, 0xF0, 0x03, 0x10, 0x2F
	.byte 0xF6, 0x02, 0xF1, 0x50, 0x02, 0x2F, 0xF6, 0x04, 0xF0, 0x0B, 0xF1, 0xB4, 0x02, 0x2F, 0xF6, 0x02
	.byte 0xF1, 0x50, 0x02, 0x2F, 0xF6, 0x06, 0xF1, 0xB4, 0x02, 0x47, 0xF6, 0x02, 0xF1, 0x50, 0x02, 0x3B
	.byte 0xF6, 0x06, 0xF0, 0x03, 0xF1, 0xB4, 0x0A, 0x2F, 0xF6, 0x02, 0x08, 0x2D, 0xF6, 0x04, 0xF0, 0x0B
	.byte 0x02, 0x39, 0xF6, 0x02, 0xF1, 0x50, 0x02, 0x39, 0xF6, 0x06, 0xF0, 0x03, 0xF1, 0xB4, 0x08, 0x2F
	.byte 0xF6, 0x04, 0xF0, 0x0B, 0x02, 0x3B, 0xF6, 0x02, 0xF1, 0x50, 0x02, 0x3B, 0xF6, 0x06, 0xF0, 0x03
	.byte 0xF1, 0xB4, 0x0C, 0x34, 0xF6, 0x02, 0xF1, 0x50, 0x02, 0x34, 0xF6, 0x08, 0xF0, 0x0B, 0xF1, 0xB4
	.byte 0x02, 0x40, 0xF6, 0x02, 0xF1, 0x50, 0x02, 0x40, 0xF6, 0x06, 0xF1, 0xB4, 0x02, 0x34, 0xF6, 0x02
	.byte 0xF1, 0x50, 0x02, 0x34, 0xF6, 0x06, 0xF1, 0xB4, 0x02, 0x34, 0xF6, 0x02, 0xF1, 0x50, 0x02, 0x34
	.byte 0xF6, 0x06, 0xF1, 0xB4, 0x02, 0x40, 0xF6, 0x02, 0xF1, 0x50, 0x02, 0x40, 0xF6, 0x06, 0xF1, 0xB4
	.byte 0x02, 0x3E, 0xF6, 0x02, 0xF1, 0x50, 0x02, 0x3E, 0xF6, 0x06, 0xF0, 0x03, 0xF1, 0xB4, 0x10, 0x32
	.byte 0xF6, 0x02, 0xF1, 0x50, 0x02, 0x32, 0xF6, 0x04, 0xF0, 0x0B, 0xF1, 0xB4, 0x02, 0x32, 0xF6, 0x02
	.byte 0xF1, 0x50, 0x02, 0x32, 0xF6, 0x06, 0xF1, 0xB4, 0x02, 0x3E, 0xF6, 0x02, 0xF1, 0x50, 0x02, 0x3E
	.byte 0xF6, 0x06, 0xF0, 0x03, 0xF1, 0xB4, 0x0A, 0x32, 0xF6, 0x02, 0x08, 0x30, 0xF6, 0x04, 0xF0, 0x0B
	.byte 0x02, 0x3C, 0xF6, 0x02, 0xF1, 0x50, 0x02, 0x3C, 0xF6, 0x06, 0xF0, 0x03, 0xF1, 0xB4, 0x08, 0x32
	.byte 0xF6, 0x04, 0xF0, 0x0B, 0x02, 0x3E, 0xF6, 0x02, 0xF1, 0x50, 0x02, 0x3E, 0xF6, 0x06, 0xF0, 0x03
	.byte 0xF1, 0xB4, 0x08, 0x39, 0xF6, 0x02, 0xF1, 0x50, 0x02, 0x39, 0xF6, 0x0C, 0xF0, 0x0B, 0xF1, 0xB4
	.byte 0x02, 0x45, 0xF6, 0x02, 0xF1, 0x50, 0x02, 0x45, 0xF6, 0x06, 0xF1, 0xB4, 0x02, 0x39, 0xF6, 0x02
	.byte 0xF1, 0x50, 0x02, 0x39, 0xF6, 0x06, 0xF1, 0xB4, 0x02, 0x39, 0xF6, 0x02, 0xF1, 0x50, 0x02, 0x39
	.byte 0xF6, 0x06, 0xF1, 0xB4, 0x02, 0x45, 0xF6, 0x02, 0xF1, 0x50, 0x02, 0x45, 0xF6, 0x06, 0xF1, 0xB4
	.byte 0x02, 0x43, 0xF6, 0x02, 0xF1, 0x50, 0x02, 0x43, 0xF6, 0x06, 0xF0, 0x03, 0xF1, 0xB4, 0x10, 0x37
	.byte 0xF6, 0x02, 0xF1, 0x50, 0x02, 0x37, 0xF6, 0x04, 0xF0, 0x0B, 0xF1, 0xB4, 0x02, 0x37, 0xF6, 0x02
	.byte 0xF1, 0x50, 0x02, 0x37, 0xF6, 0x06, 0xF1, 0xB4, 0x02, 0x43, 0xF6, 0x02, 0xF1, 0x50, 0x02, 0x43
	.byte 0xF6, 0x06, 0xF0, 0x03, 0xF1, 0xB4, 0x08, 0x37, 0xF6, 0x04, 0x06, 0x35, 0xF6, 0x06, 0xF0, 0x0B
	.byte 0x02, 0x41, 0xF6, 0x02, 0xF1, 0x50, 0x02, 0x41, 0xF6, 0x06, 0xF0, 0x03, 0xF1, 0xB4, 0x06, 0x37
	.byte 0xF6, 0x06, 0xF0, 0x0B, 0x02, 0x43, 0xF6, 0x02, 0xF1, 0x50, 0x02, 0x43, 0xF6, 0x06, 0xF0, 0x03
	.byte 0xF1, 0xB4, 0x0C, 0x33, 0xF6, 0x02, 0xF1, 0x50, 0x02, 0x33, 0xF6, 0x08, 0xF0, 0x0B, 0xF1, 0xB4
	.byte 0x02, 0x3F, 0xF6, 0x02, 0xF1, 0x50, 0x02, 0x3F, 0xF6, 0x06, 0xF1, 0xB4, 0x02, 0x33, 0xF6, 0x02
	.byte 0xF1, 0x50, 0x02, 0x33, 0xF6, 0x06, 0xF1, 0xB4, 0x02, 0x33, 0xF6, 0x02, 0xF1, 0x50, 0x02, 0x33
	.byte 0xF6, 0x06, 0xF1, 0xB4, 0x02, 0x3F, 0xF6, 0x02, 0xF1, 0x50, 0x02, 0x3F, 0xF6, 0x06, 0xF1, 0xB4
	.byte 0x02, 0x3D, 0xF6, 0x02, 0xF1, 0x50, 0x02, 0x3D, 0xF6, 0x06, 0xF0, 0x03, 0xF1, 0xB4, 0x10, 0x31
	.byte 0xF6, 0x02, 0xF1, 0x50, 0x02, 0x31, 0xF6, 0x04, 0xF0, 0x0B, 0xF1, 0xB4, 0x02, 0x31, 0xF6, 0x02
	.byte 0xF1, 0x50, 0x02, 0x31, 0xF6, 0x06, 0xF1, 0xB4, 0x02, 0x3D, 0xF6, 0x02, 0xF1, 0x50, 0x02, 0x3D
	.byte 0xF6, 0x06, 0xF0, 0x03, 0xF1, 0xB4, 0x0A, 0x31, 0xF6, 0x02, 0x08, 0x2F, 0xF6, 0x04, 0xF0, 0x0B
	.byte 0x02, 0x3B, 0xF6, 0x0A, 0xF0, 0x03, 0x08, 0x31, 0xF6, 0x04, 0xF0, 0x0B, 0x02, 0x3D, 0xF6, 0x0A
	.byte 0xF8, 0x8B, 0xFD, 0xFF, 0xF9, 0x88, 0xF0, 0x0C, 0xF2, 0xC8, 0xF1, 0xB4, 0x0D, 0x41, 0xF1, 0x3C
	.byte 0x0C, 0x41, 0xF1, 0xB4, 0x0C, 0x44, 0xF1, 0x3C, 0x0C, 0x44, 0xF1, 0xB4, 0x0C, 0x49, 0xF1, 0x3C
	.byte 0x0C, 0x49, 0xF1, 0xB4, 0x0C, 0x3F, 0x0C, 0x42, 0xF1, 0x3C, 0x0C, 0x42, 0xF1, 0xB4, 0x0C, 0x47
	.byte 0xF1, 0x3C, 0x0C, 0x47, 0xF1, 0xB4, 0x0C, 0x3D, 0x0C, 0x40, 0xF1, 0x3C, 0x0C, 0x40, 0xF1, 0xB4
	.byte 0x0C, 0x3F, 0x0C, 0x42, 0x0C, 0x44, 0xF1, 0x3C, 0x0C, 0x44, 0xF1, 0xB4, 0x0C, 0x47, 0xF1, 0x3C
	.byte 0x0C, 0x47, 0xF1, 0xB4, 0x0C, 0x4C, 0xF1, 0x3C, 0x0C, 0x4C, 0xF1, 0xB4, 0x0C, 0x42, 0x0C, 0x45
	.byte 0xF1, 0x3C, 0x0C, 0x45, 0xF1, 0xB4, 0x0C, 0x4A, 0xF1, 0x3C, 0x0C, 0x4A, 0xF1, 0xB4, 0x0C, 0x40
	.byte 0x0C, 0x43, 0xF1, 0x3C, 0x0C, 0x43, 0xF1, 0xB4, 0x0C, 0x42, 0x0C, 0x45, 0x0C, 0x3D, 0xF1, 0x3C
	.byte 0x0C, 0x3D, 0xF1, 0xB4, 0x0C, 0x40, 0xF1, 0x3C, 0x0C, 0x40, 0xF1, 0xB4, 0x0C, 0x45, 0xF1, 0x3C
	.byte 0x0C, 0x45, 0xF1, 0xB4, 0x0C, 0x3B, 0x0C, 0x3E, 0xF1, 0x3C, 0x0C, 0x3E, 0xF1, 0xB4, 0x0C, 0x43
	.byte 0xF1, 0x3C, 0x0C, 0x43, 0xF1, 0xB4, 0x0C, 0x39, 0x0C, 0x3C, 0xF1, 0x3C, 0x0C, 0x3C, 0xF1, 0xB4
	.byte 0x0C, 0x3B, 0x0C, 0x3E, 0x0C, 0x43, 0xF1, 0x3C, 0x0C, 0x43, 0xF1, 0xB4, 0x0C, 0x46, 0xF1, 0x3C
	.byte 0x0C, 0x46, 0xF1, 0xB4, 0x0C, 0x4B, 0xF1, 0x3C, 0x0C, 0x4B, 0xF1, 0xB4, 0x0C, 0x41, 0x0C, 0x44
	.byte 0xF1, 0x3C, 0x0C, 0x44, 0xF1, 0xB4, 0x0C, 0x49, 0xF1, 0x3C, 0x0C, 0x49, 0xF1, 0xB4, 0x0C, 0x3F
	.byte 0x0C, 0x42, 0xF1, 0x3C, 0x0C, 0x42, 0xF1, 0xB4, 0x0C, 0x41, 0x0B, 0x44, 0xF8, 0x17, 0xFF, 0xFF
	.byte 0xF9, 0x88, 0xF6, 0x12, 0xF0, 0x0C, 0xF2, 0x1E, 0xF1, 0x64, 0x0C, 0x41, 0xF1, 0x28, 0x0C, 0x41
	.byte 0xF1, 0x64, 0x0C, 0x44, 0xF1, 0x28, 0x0C, 0x44, 0xF1, 0x64, 0x0C, 0x49, 0xF1, 0x28, 0x0C, 0x49
	.byte 0xF1, 0x64, 0x0C, 0x3F, 0x0C, 0x42, 0xF1, 0x28, 0x0C, 0x42, 0xF1, 0x64, 0x0C, 0x47, 0xF1, 0x28
	.byte 0x0C, 0x47, 0xF1, 0x64, 0x0C, 0x3D, 0x0C, 0x40, 0xF1, 0x28, 0x0C, 0x40, 0xF1, 0x64, 0x00, 0xBF
	.byte 0x06, 0x06, 0x3F, 0x0C, 0x42, 0x0C, 0x44, 0xF1, 0x28, 0x0C, 0x44, 0xF1, 0x64, 0x0C, 0x47, 0xF1
	.byte 0x28, 0x0C, 0x47, 0xF1, 0x64, 0x0C, 0x4C, 0xF1, 0x28, 0x0C, 0x4C, 0xF1, 0x64, 0x0C, 0x42, 0x0C
	.byte 0x45, 0xF1, 0x28, 0x0C, 0x45, 0xF1, 0x64, 0x0C, 0x4A, 0xF1, 0x28, 0x0C, 0x4A, 0xF1, 0x64, 0x0C
	.byte 0x40, 0x0C, 0x43, 0xF1, 0x28, 0x0C, 0x43, 0xF1, 0x64, 0x00, 0xC2, 0x06, 0x06, 0x42, 0x0C, 0x45
	.byte 0x0C, 0x3D, 0xF1, 0x28, 0x0C, 0x3D, 0xF1, 0x64, 0x0C, 0x40, 0xF1, 0x28, 0x0C, 0x40, 0xF1, 0x64
	.byte 0x0C, 0x45, 0xF1, 0x28, 0x0C, 0x45, 0xF1, 0x64, 0x0C, 0x3B, 0x0C, 0x3E, 0xF1, 0x28, 0x0C, 0x3E
	.byte 0xF1, 0x64, 0x0C, 0x43, 0xF1, 0x28, 0x0C, 0x43, 0xF1, 0x64, 0x0C, 0x39, 0x0C, 0x3C, 0xF1, 0x28
	.byte 0x0C, 0x3C, 0xF1, 0x64, 0x00, 0xBB, 0x06, 0x06, 0x3B, 0x0C, 0x3E, 0x0C, 0x43, 0xF1, 0x28, 0x0C
	.byte 0x43, 0xF1, 0x64, 0x0C, 0x46, 0xF1, 0x28, 0x0C, 0x46, 0xF1, 0x64, 0x0C, 0x4B, 0xF1, 0x28, 0x0C
	.byte 0x4B, 0xF1, 0x64, 0x0C, 0x41, 0x0C, 0x44, 0xF1, 0x28, 0x0C, 0x44, 0xF1, 0x64, 0x0C, 0x49, 0xF1
	.byte 0x28, 0x0C, 0x49, 0xF1, 0x64, 0x0C, 0x3F, 0x0C, 0x42, 0xF1, 0x28, 0x0C, 0x42, 0xF1, 0x64, 0x00
	.byte 0xC1, 0x06, 0xF8, 0x0D, 0xFF, 0xFF, 0xF9, 0x88, 0xF0, 0x07, 0xF2, 0x50, 0xF1, 0x8C, 0xF6, 0x0D
	.byte 0x0C, 0x29, 0x0C, 0x29, 0xF6, 0x0C, 0x0C, 0x29, 0xF6, 0x0C, 0x0C, 0x29, 0x0C, 0x29, 0x0C, 0x29
	.byte 0x0C, 0x29, 0xF6, 0x0C, 0x0C, 0x29, 0x0C, 0x29, 0xF6, 0x0C, 0x0C, 0x29, 0x0C, 0x29, 0xF6, 0x0C
	.byte 0x0C, 0x29, 0x0C, 0x29, 0xF6, 0x0C, 0x0C, 0x29, 0xF6, 0x0C, 0x0C, 0x29, 0x0C, 0x29, 0xF6, 0x0C
	.byte 0x0C, 0x29, 0xF6, 0x0C, 0x0C, 0x29, 0x0C, 0x29, 0xF6, 0x0C, 0x0C, 0x29, 0x0C, 0x29, 0xF6, 0x0C
	.byte 0x0C, 0x29, 0x0C, 0x29, 0xF6, 0x0C, 0x0C, 0x29, 0xF6, 0x0C, 0x0C, 0x29, 0x0C, 0x29, 0x0C, 0x29
	.byte 0x0C, 0x29, 0xF6, 0x0C, 0x0C, 0x29, 0x0C, 0x29, 0xF6, 0x0C, 0x0C, 0x29, 0x0C, 0x29, 0xF6, 0x0C
	.byte 0x0C, 0x29, 0x0C, 0x29, 0xF6, 0x0C, 0x0C, 0x29, 0xF6, 0x0C, 0x0C, 0x29, 0x0C, 0x29, 0xF6, 0x0C
	.byte 0x0C, 0x29, 0xF6, 0x0C, 0x0C, 0x29, 0x0C, 0x29, 0xF6, 0x0C, 0x0C, 0x29, 0x0B, 0x29, 0xF8, 0x77
	.byte 0xFF, 0xFF, 0xF9, 0x88, 0xF0, 0x07, 0xF2, 0x7F, 0xF1, 0xA0, 0x18, 0x24, 0xF6, 0x18, 0x18, 0x24
	.byte 0xF6, 0x0C, 0x18, 0x24, 0x18, 0x24, 0xF6, 0x0C, 0x18, 0x24, 0x18, 0x24, 0x18, 0x24, 0xF6, 0x18
	.byte 0x18, 0x24, 0xF6, 0x18, 0x18, 0x24, 0xF6, 0x18, 0x18, 0x24, 0x18, 0x24, 0x18, 0x24, 0xF6, 0x18
	.byte 0x18, 0x24, 0xF6, 0x0C, 0x18, 0x24, 0x18, 0x24, 0xF6, 0x0C, 0x18, 0x24, 0x18, 0x24, 0x18, 0x24
	.byte 0xF6, 0x18, 0x18, 0x24, 0xF6, 0x18, 0x18, 0x24, 0xF6, 0x18, 0x18, 0x24, 0x18, 0x24, 0xF8, 0xB3
	.byte 0xFF, 0xFF, 0xF9, 0x88, 0xF6, 0x01, 0xF0, 0xC7, 0xF1, 0x3C, 0x18, 0x3D, 0xF1, 0x14, 0x0C, 0x3D
	.byte 0xF6, 0x24, 0xF1, 0x3C, 0x18, 0x3B, 0xF1, 0x14, 0x0C, 0x3B, 0xF6, 0x24, 0xF1, 0x3C, 0x18, 0x39
	.byte 0x18, 0x3B, 0x18, 0x40, 0xF1, 0x14, 0x0C, 0x40, 0xF6, 0x24, 0xF1, 0x3C, 0x18, 0x3E, 0xF1, 0x14
	.byte 0x0C, 0x3E, 0xF6, 0x24, 0xF1, 0x3C, 0x18, 0x3C, 0x18, 0x3E, 0x18, 0x39, 0xF1, 0x14, 0x0C, 0x39
	.byte 0xF6, 0x24, 0xF1, 0x3C, 0x18, 0x37, 0xF1, 0x14, 0x0C, 0x37, 0xF6, 0x24, 0xF1, 0x3C, 0x18, 0x35
	.byte 0x18, 0x37, 0x18, 0x3F, 0xF1, 0x14, 0x0C, 0x3F, 0xF6, 0x24, 0xF1, 0x3C, 0x18, 0x3D, 0xF1, 0x14
	.byte 0x0C, 0x3D, 0xF6, 0x24, 0xF1, 0x3C, 0x18, 0x3B, 0x17, 0x3D, 0xF8, 0x97, 0xFF, 0xFF, 0xF9, 0x88
	.byte 0xF6, 0x01, 0xF0, 0xC2, 0xF1, 0x50, 0x02, 0x31, 0xF6, 0x02, 0xF1, 0x28, 0x02, 0x31, 0xF6, 0x12
	.byte 0xF1, 0x50, 0x02, 0x3D, 0xF6, 0x02, 0xF1, 0x28, 0x02, 0x3D, 0xF6, 0x06, 0xF1, 0x50, 0x02, 0x31
	.byte 0xF6, 0x02, 0xF1, 0x28, 0x02, 0x31, 0xF6, 0x06, 0xF1, 0x50, 0x02, 0x31, 0xF6, 0x02, 0xF1, 0x28
	.byte 0x02, 0x31, 0xF6, 0x06, 0xF1, 0x50, 0x02, 0x3D, 0xF6, 0x02, 0xF1, 0x28, 0x02, 0x3D, 0xF6, 0x06
	.byte 0xF1, 0x50, 0x02, 0x3B, 0xF6, 0x02, 0xF1, 0x28, 0x02, 0x3B, 0xF6, 0x06, 0xF1, 0x50, 0x02, 0x2F
	.byte 0xF6, 0x10, 0xF1, 0x28, 0x02, 0x2F, 0xF6, 0x04, 0xF1, 0x50, 0x02, 0x2F, 0xF6, 0x02, 0xF1, 0x28
	.byte 0x02, 0x2F, 0xF6, 0x06, 0xF1, 0x50, 0x02, 0x47, 0xF6, 0x02, 0xF1, 0x28, 0x02, 0x3B, 0xF6, 0x06
	.byte 0xF1, 0x50, 0x02, 0x2F, 0xF6, 0x0A, 0x02, 0x2D, 0xF6, 0x0A, 0x02, 0x39, 0xF6, 0x02, 0xF1, 0x28
	.byte 0x02, 0x39, 0xF6, 0x06, 0xF1, 0x50, 0x02, 0x2F, 0xF6, 0x0A, 0x02, 0x3B, 0xF6, 0x02, 0xF1, 0x28
	.byte 0x02, 0x3B, 0xF6, 0x06, 0xF1, 0x50, 0x02, 0x34, 0xF6, 0x0C, 0xF1, 0x28, 0x02, 0x34, 0xF6, 0x08
	.byte 0xF1, 0x50, 0x02, 0x40, 0xF6, 0x02, 0xF1, 0x28, 0x02, 0x40, 0xF6, 0x06, 0xF1, 0x50, 0x02, 0x34
	.byte 0xF6, 0x02, 0xF1, 0x28, 0x02, 0x34, 0xF6, 0x06, 0xF1, 0x50, 0x02, 0x34, 0xF6, 0x02, 0xF1, 0x28
	.byte 0x02, 0x34, 0xF6, 0x06, 0xF1, 0x50, 0x02, 0x40, 0xF6, 0x02, 0xF1, 0x28, 0x02, 0x40, 0xF6, 0x06
	.byte 0xF1, 0x50, 0x02, 0x3E, 0xF6, 0x02, 0xF1, 0x28, 0x02, 0x3E, 0xF6, 0x06, 0xF1, 0x50, 0x02, 0x32
	.byte 0xF6, 0x10, 0xF1, 0x28, 0x02, 0x32, 0xF6, 0x04, 0xF1, 0x50, 0x02, 0x32, 0xF6, 0x02, 0xF1, 0x28
	.byte 0x02, 0x32, 0xF6, 0x06, 0xF1, 0x50, 0x02, 0x3E, 0xF6, 0x02, 0xF1, 0x28, 0x02, 0x3E, 0xF6, 0x06
	.byte 0xF1, 0x50, 0x02, 0x32, 0xF6, 0x0A, 0x02, 0x30, 0xF6, 0x0A, 0x02, 0x3C, 0xF6, 0x02, 0xF1, 0x28
	.byte 0x02, 0x3C, 0xF6, 0x06, 0xF1, 0x50, 0x02, 0x32, 0xF6, 0x0A, 0x02, 0x3E, 0xF6, 0x02, 0xF1, 0x28
	.byte 0x02, 0x3E, 0xF6, 0x06, 0xF1, 0x50, 0x02, 0x39, 0xF6, 0x08, 0xF1, 0x28, 0x02, 0x39, 0xF6, 0x0C
	.byte 0xF1, 0x50, 0x02, 0x45, 0xF6, 0x02, 0xF1, 0x28, 0x02, 0x45, 0xF6, 0x06, 0xF1, 0x50, 0x02, 0x39
	.byte 0xF6, 0x02, 0xF1, 0x28, 0x02, 0x39, 0xF6, 0x06, 0xF1, 0x50, 0x02, 0x39, 0xF6, 0x02, 0xF1, 0x28
	.byte 0x02, 0x39, 0xF6, 0x06, 0xF1, 0x50, 0x02, 0x45, 0xF6, 0x02, 0xF1, 0x28, 0x02, 0x45, 0xF6, 0x06
	.byte 0xF1, 0x50, 0x02, 0x43, 0xF6, 0x02, 0xF1, 0x28, 0x02, 0x43, 0xF6, 0x06, 0xF1, 0x50, 0x02, 0x37
	.byte 0xF6, 0x10, 0xF1, 0x28, 0x02, 0x37, 0xF6, 0x04, 0xF1, 0x50, 0x02, 0x37, 0xF6, 0x02, 0xF1, 0x28
	.byte 0x02, 0x37, 0xF6, 0x06, 0xF1, 0x50, 0x02, 0x43, 0xF6, 0x02, 0xF1, 0x28, 0x02, 0x43, 0xF6, 0x06
	.byte 0xF1, 0x50, 0x02, 0x37, 0xF6, 0x0A, 0x02, 0x35, 0xF6, 0x0A, 0x02, 0x41, 0xF6, 0x02, 0xF1, 0x28
	.byte 0x02, 0x41, 0xF6, 0x06, 0xF1, 0x50, 0x02, 0x37, 0xF6, 0x0A, 0x02, 0x43, 0xF6, 0x02, 0xF1, 0x28
	.byte 0x02, 0x43, 0xF6, 0x06, 0xF1, 0x50, 0x02, 0x33, 0xF6, 0x0C, 0xF1, 0x28, 0x02, 0x33, 0xF6, 0x08
	.byte 0xF1, 0x50, 0x02, 0x3F, 0xF6, 0x02, 0xF1, 0x28, 0x02, 0x3F, 0xF6, 0x06, 0xF1, 0x50, 0x02, 0x33
	.byte 0xF6, 0x02, 0xF1, 0x28, 0x02, 0x33, 0xF6, 0x06, 0xF1, 0x50, 0x02, 0x33, 0xF6, 0x02, 0xF1, 0x28
	.byte 0x02, 0x33, 0xF6, 0x06, 0xF1, 0x50, 0x02, 0x3F, 0xF6, 0x02, 0xF1, 0x28, 0x02, 0x3F, 0xF6, 0x06
	.byte 0xF1, 0x50, 0x02, 0x3D, 0xF6, 0x02, 0xF1, 0x28, 0x02, 0x3D, 0xF6, 0x06, 0xF1, 0x50, 0x02, 0x31
	.byte 0xF6, 0x10, 0xF1, 0x28, 0x02, 0x31, 0xF6, 0x04, 0xF1, 0x50, 0x02, 0x31, 0xF6, 0x02, 0xF1, 0x28
	.byte 0x02, 0x31, 0xF6, 0x06, 0xF1, 0x50, 0x02, 0x3D, 0xF6, 0x02, 0xF1, 0x28, 0x02, 0x3D, 0xF6, 0x06
	.byte 0xF1, 0x50, 0x02, 0x31, 0xF6, 0x0A, 0x02, 0x2F, 0xF6, 0x0A, 0x02, 0x3B, 0xF6, 0x0A, 0x02, 0x31
	.byte 0xF6, 0x0A, 0x02, 0x3D, 0xF6, 0x09, 0xF8, 0xC7, 0xFD, 0x00, 0x00, 0x00, 0x01, 0x00, 0x04, 0x00
	.byte 0xF1, 0xDC, 0xF0, 0x70, 0x00, 0xBC, 0xA0, 0xF1, 0xB4, 0x00, 0xBC, 0x30, 0xF1, 0x8C, 0x00, 0xBC
	.byte 0x30, 0xF1, 0x64, 0x00, 0xBC, 0x30, 0xF1, 0x50, 0x00, 0xBC, 0x30, 0xF1, 0x28, 0x00, 0xBC, 0x30
	.byte 0xF1, 0x14, 0x00, 0xBC, 0x30, 0xF1, 0x0A, 0x30, 0x3C, 0xFF, 0x00, 0x00, 0x02, 0x00, 0x04, 0x00
	.byte 0xF1, 0xFA, 0xF0, 0x6C, 0x60, 0x40, 0x60, 0x40, 0x60, 0x40, 0x60, 0x40, 0xF8, 0xF1, 0xFF, 0xFF
	.byte 0x02, 0x00, 0x04, 0x00, 0xF1, 0xB4, 0xF0, 0x6C, 0x30, 0x4C, 0x30, 0x4C, 0x30, 0x4C, 0x30, 0x4C
	.byte 0xF8, 0xF1, 0xFF, 0xFF, 0x02, 0x00, 0x04, 0x00, 0xF1, 0x8C, 0xF0, 0x6C, 0x18, 0x51, 0x18, 0x51
	.byte 0x18, 0x51, 0x18, 0x51, 0xF8, 0xF1, 0xFF, 0xFF, 0x01, 0x00, 0x04, 0x00, 0xF0, 0x4E, 0xF1, 0xFA
	.byte 0x56, 0x3C, 0xFF, 0x00, 0x01, 0x00, 0x04, 0x00, 0xF0, 0x4F, 0xF1, 0xFA, 0x60, 0x3C, 0xFF, 0x00
	.byte 0x01, 0x00, 0x04, 0x00, 0xF0, 0x50, 0xF1, 0xFA, 0x30, 0x3C, 0xFF, 0x00, 0x01, 0x00, 0x04, 0x00
	.byte 0xF0, 0x51, 0xF1, 0xFA, 0x56, 0x3C, 0xFF, 0x00, 0x02, 0x00, 0x04, 0x00, 0xF0, 0x4A, 0xF1, 0xFA
	.byte 0x56, 0x3C, 0xFF, 0x00, 0x02, 0x00, 0x04, 0x00, 0xF0, 0x4B, 0xF1, 0xFA, 0x56, 0x3C, 0xFF, 0x00
	.byte 0x02, 0x00, 0x04, 0x00, 0xF0, 0x4C, 0xF1, 0xFA, 0x60, 0x3C, 0xFF, 0x00, 0x02, 0x00, 0x04, 0x00
	.byte 0xF6, 0x04, 0xF0, 0x4D, 0xF1, 0xF0, 0x56, 0x3C, 0xFF, 0x00, 0x00, 0x00, 0x00, 0x0C, 0x06, 0x00
	.byte 0x4F, 0x01, 0xF0, 0x03, 0xF4, 0x30, 0xF1, 0xA0, 0xF5, 0x38, 0x01, 0x43, 0x01, 0x48, 0x01, 0x4D
	.byte 0x01, 0x4A, 0x01, 0x45, 0xF5, 0x30, 0x01, 0x43, 0x01, 0x48, 0x01, 0x4D, 0x01, 0x4A, 0x01, 0x45
	.byte 0xF1, 0x64, 0xF5, 0x28, 0x01, 0x43, 0x01, 0x48, 0x01, 0x4D, 0x01, 0x4A, 0x01, 0x45, 0xF5, 0x20
	.byte 0x01, 0x43, 0x01, 0x48, 0x01, 0x4D, 0x01, 0x4A, 0x01, 0x45, 0xF1, 0xA0, 0xF5, 0x28, 0x01, 0x43
	.byte 0x01, 0x48, 0x01, 0x4D, 0x01, 0x4A, 0x01, 0x45, 0xF5, 0x20, 0x01, 0x43, 0x01, 0x48, 0x01, 0x4D
	.byte 0x01, 0x4A, 0x01, 0x45, 0xF1, 0x64, 0xF5, 0x18, 0x01, 0x43, 0x01, 0x48, 0x01, 0x4D, 0x01, 0x4A
	.byte 0x01, 0x45, 0xF5, 0x10, 0x01, 0x43, 0x01, 0x48, 0x01, 0x4D, 0x01, 0x4A, 0x01, 0x45, 0xF1, 0xA0
	.byte 0xF5, 0x18, 0x01, 0x43, 0x01, 0x48, 0x01, 0x4D, 0x01, 0x4A, 0x01, 0x45, 0xF5, 0x10, 0x01, 0x43
	.byte 0x01, 0x48, 0x01, 0x4D, 0x01, 0x4A, 0x01, 0x45, 0xF1, 0x64, 0xF5, 0x08, 0x01, 0x43, 0x01, 0x48
	.byte 0x01, 0x4D, 0x01, 0x4A, 0x01, 0x45, 0xF5, 0x00, 0x01, 0x43, 0x01, 0x48, 0x01, 0x4D, 0x01, 0x4A
	.byte 0x01, 0x45, 0xF1, 0x8C, 0xF5, 0x08, 0x01, 0x43, 0x01, 0x48, 0x01, 0x4D, 0x01, 0x4A, 0x01, 0x45
	.byte 0xF5, 0x00, 0x01, 0x43, 0x01, 0x48, 0x01, 0x4D, 0x01, 0x4A, 0x01, 0x45, 0xF1, 0x50, 0xF5, 0xF8
	.byte 0x01, 0x43, 0x01, 0x48, 0x01, 0x4D, 0x01, 0x4A, 0x01, 0x45, 0xF5, 0xF0, 0x01, 0x43, 0x01, 0x48
	.byte 0x01, 0x4D, 0x01, 0x4A, 0x01, 0x45, 0xF1, 0x78, 0xF5, 0xF8, 0x01, 0x43, 0x01, 0x48, 0x01, 0x4D
	.byte 0x01, 0x4A, 0x01, 0x45, 0xF5, 0xF0, 0x01, 0x43, 0x01, 0x48, 0x01, 0x4D, 0x01, 0x4A, 0x01, 0x45
	.byte 0xF1, 0x3C, 0xF5, 0xE8, 0x01, 0x43, 0x01, 0x48, 0x01, 0x4D, 0x01, 0x4A, 0x01, 0x45, 0xF5, 0xE0
	.byte 0x01, 0x43, 0x01, 0x48, 0x01, 0x4D, 0x01, 0x4A, 0x01, 0x45, 0xF1, 0x64, 0xF5, 0xE8, 0x01, 0x43
	.byte 0x01, 0x48, 0x01, 0x4D, 0x01, 0x4A, 0x01, 0x45, 0xF5, 0xE0, 0x01, 0x43, 0x01, 0x48, 0x01, 0x4D
	.byte 0x01, 0x4A, 0x01, 0x45, 0xF1, 0x28, 0xF5, 0xD8, 0x01, 0x43, 0x01, 0x48, 0x01, 0x4D, 0x01, 0x4A
	.byte 0x01, 0x45, 0xF5, 0xD0, 0x01, 0x43, 0x01, 0x48, 0x01, 0x4D, 0x01, 0x4A, 0x01, 0x45, 0xF5, 0xC8
	.byte 0x01, 0x43, 0x01, 0x48, 0x01, 0x4D, 0x01, 0x4A, 0x01, 0x45, 0xFF, 0xF0, 0xC3, 0xF1, 0x3C, 0x08
	.byte 0x39, 0x08, 0x3A, 0x08, 0x3B, 0x08, 0x3C, 0x08, 0x3D, 0x08, 0x3E, 0x08, 0x3F, 0x08, 0x40, 0x08
	.byte 0x41, 0x08, 0x42, 0x08, 0x43, 0x08, 0x44, 0x04, 0x45, 0x04, 0x46, 0x04, 0x47, 0x04, 0x48, 0x04
	.byte 0x49, 0x04, 0x4A, 0x04, 0x4B, 0xF1, 0x28, 0x04, 0x4C, 0x04, 0x4D, 0xF1, 0x14, 0x04, 0x4E, 0x04
	.byte 0x4F, 0xF1, 0x0A, 0x04, 0x50, 0x04, 0x51, 0xFF, 0x00, 0x0C, 0x06, 0x00, 0x76, 0x00, 0xF0, 0xC5
	.byte 0xF1, 0x78, 0xF4, 0xF0, 0xF5, 0x00, 0x00, 0xA6, 0x02, 0xF5, 0x01, 0x00, 0xA6, 0x02, 0xF5, 0x02
	.byte 0x00, 0xA6, 0x02, 0xF5, 0x03, 0x00, 0xA6, 0x02, 0xF5, 0x04, 0x00, 0xA6, 0x02, 0xF5, 0x05, 0x02
	.byte 0x26, 0xF5, 0x06, 0x02, 0x26, 0xF5, 0x00, 0xF6, 0x34, 0xF5, 0x00, 0x00, 0xA8, 0x02, 0xF5, 0x01
	.byte 0x00, 0xA8, 0x02, 0xF5, 0x02, 0x00, 0xA8, 0x02, 0xF5, 0x03, 0x00, 0xA8, 0x02, 0xF5, 0x04, 0x00
	.byte 0xA8, 0x02, 0xF5, 0x05, 0x02, 0x28, 0xF5, 0x06, 0x08, 0x28, 0xF5, 0x00, 0xF6, 0x48, 0xF5, 0x00
	.byte 0x00, 0xA6, 0x01, 0xF5, 0xFF, 0x00, 0xA6, 0x01, 0xF5, 0xFE, 0x00, 0xA6, 0x01, 0xF5, 0xFD, 0x00
	.byte 0xA6, 0x01, 0xF5, 0xFC, 0x00, 0xA6, 0x01, 0xF5, 0xFB, 0x01, 0x26, 0xF5, 0x00, 0xFF, 0xF0, 0xC3
	.byte 0xF1, 0x3C, 0x0E, 0x37, 0xF6, 0x34, 0xF1, 0x50, 0x14, 0x37, 0xF6, 0x48, 0x02, 0x4D, 0x08, 0x41
	.byte 0xF1, 0x3C, 0x08, 0x40, 0x08, 0x3E, 0xF1, 0x1E, 0x08, 0x3C, 0x08, 0x3B, 0xFF, 0x00, 0x00, 0x00
	.byte 0x02, 0x04, 0x0F, 0x00, 0x18, 0x00, 0xF0, 0xD2, 0xF1, 0xDC, 0xF6, 0x20, 0xC0, 0x3C, 0xFF, 0xF0
	.byte 0x7C, 0xF1, 0xDC, 0xF6, 0x40, 0xC0, 0x3C, 0xFF, 0xF0, 0xC5, 0xF0, 0xC6, 0xF1, 0x64, 0x01, 0x35
	.byte 0x01, 0x36, 0x01, 0x37, 0x01, 0x38, 0x01, 0x39, 0x01, 0x3A, 0x01, 0x3B, 0x01, 0x3C, 0x01, 0x3D
	.byte 0x01, 0x3E, 0x01, 0x3F, 0x01, 0x40, 0x01, 0x41, 0x01, 0x42, 0x01, 0x43, 0x01, 0x44, 0x01, 0x45
	.byte 0x01, 0x46, 0x01, 0x37, 0x01, 0x38, 0x01, 0x39, 0x01, 0x3A, 0x01, 0x3B, 0x01, 0x3C, 0x01, 0x3D
	.byte 0x01, 0x3E, 0x01, 0x3F, 0x01, 0x40, 0x01, 0x41, 0x01, 0x42, 0x01, 0x43, 0x01, 0x44, 0x01, 0x45
	.byte 0x01, 0x46, 0x01, 0x47, 0x01, 0x48, 0xF1, 0x3C, 0x01, 0x39, 0x01, 0x3A, 0x01, 0x3B, 0x01, 0x3C
	.byte 0x01, 0x3D, 0x01, 0x3E, 0x01, 0x3F, 0x01, 0x40, 0x01, 0x41, 0x01, 0x42, 0x01, 0x43, 0x01, 0x44
	.byte 0x01, 0x45, 0x01, 0x46, 0x01, 0x47, 0x01, 0x48, 0x01, 0x49, 0x01, 0x4A, 0xF1, 0x1E, 0x01, 0x3B
	.byte 0x01, 0x3C, 0x01, 0x3D, 0x01, 0x3E, 0x01, 0x3F, 0x01, 0x40, 0x01, 0x41, 0x01, 0x42, 0x01, 0x43
	.byte 0x01, 0x44, 0x01, 0x45, 0x01, 0x46, 0x01, 0x47, 0x01, 0x48, 0x01, 0x49, 0x01, 0x4A, 0x01, 0x4B
	.byte 0x01, 0x4C, 0xF1, 0x0A, 0x01, 0x3B, 0x01, 0x3C, 0x01, 0x3D, 0x01, 0x3E, 0x01, 0x3F, 0x01, 0x40
	.byte 0x01, 0x41, 0x01, 0x42, 0x01, 0x43, 0x01, 0x44, 0x01, 0x45, 0x01, 0x46, 0x01, 0x47, 0x01, 0x48
	.byte 0x01, 0x49, 0x01, 0x4A, 0x01, 0x4B, 0x01, 0x4C, 0xFF, 0x00, 0x00, 0x00, 0x01, 0x04, 0x06, 0x00
	.byte 0x18, 0x00, 0xF0, 0xD1, 0xF1, 0xDC, 0xF6, 0x40, 0xC0, 0x3C, 0xFF, 0xF0, 0xE5, 0xF1, 0xDC, 0xF6
	.byte 0x60, 0xC0, 0x3C, 0xFF, 0xF0, 0xC5, 0xF0, 0xC6, 0xF1, 0x64, 0x01, 0x35, 0x01, 0x36, 0x01, 0x37
	.byte 0x01, 0x38, 0x01, 0x39, 0x01, 0x3A, 0x01, 0x3B, 0x01, 0x3C, 0x01, 0x3D, 0x01, 0x3E, 0x01, 0x3F
	.byte 0x01, 0x40, 0x01, 0x41, 0x01, 0x42, 0x01, 0x43, 0x01, 0x44, 0x01, 0x45, 0x01, 0x46, 0x01, 0x37
	.byte 0x01, 0x38, 0x01, 0x39, 0x01, 0x3A, 0x01, 0x3B, 0x01, 0x3C, 0x01, 0x3D, 0x01, 0x3E, 0x01, 0x3F
	.byte 0x01, 0x40, 0x01, 0x41, 0x01, 0x42, 0x01, 0x43, 0x01, 0x44, 0x01, 0x45, 0x01, 0x46, 0x01, 0x47
	.byte 0x01, 0x48, 0xF1, 0x3C, 0x01, 0x39, 0x01, 0x3A, 0x01, 0x3B, 0x01, 0x3C, 0x01, 0x3D, 0x01, 0x3E
	.byte 0x01, 0x3F, 0x01, 0x40, 0x01, 0x41, 0x01, 0x42, 0x01, 0x43, 0x01, 0x44, 0x01, 0x45, 0x01, 0x46
	.byte 0x01, 0x47, 0x01, 0x48, 0x01, 0x49, 0x01, 0x4A, 0xF1, 0x1E, 0x01, 0x3B, 0x01, 0x3C, 0x01, 0x3D
	.byte 0x01, 0x3E, 0x01, 0x3F, 0x01, 0x40, 0x01, 0x41, 0x01, 0x42, 0x01, 0x43, 0x01, 0x44, 0x01, 0x45
	.byte 0x01, 0x46, 0x01, 0x47, 0x01, 0x48, 0x01, 0x49, 0x01, 0x4A, 0x01, 0x4B, 0x01, 0x4C, 0xF1, 0x0A
	.byte 0x01, 0x3B, 0x01, 0x3C, 0x01, 0x3D, 0x01, 0x3E, 0x01, 0x3F, 0x01, 0x40, 0x01, 0x41, 0x01, 0x42
	.byte 0x01, 0x43, 0x01, 0x44, 0x01, 0x45, 0x01, 0x46, 0x01, 0x47, 0x01, 0x48, 0x01, 0x49, 0x01, 0x4A
	.byte 0x01, 0x4B, 0x01, 0x4C, 0xFF, 0x00, 0x00, 0x00, 0x00, 0x0C, 0x06, 0x00, 0x5F, 0x00, 0xF0, 0xC6
	.byte 0xF1, 0x28, 0xF4, 0x10, 0x00, 0xB0, 0x01, 0xF5, 0x08, 0x00, 0xB0, 0x01, 0xF5, 0x10, 0x00, 0xB0
	.byte 0x01, 0xF5, 0x18, 0x01, 0x30, 0xF5, 0x00, 0xF6, 0x08, 0x00, 0xCF, 0x01, 0xF5, 0xF8, 0x00, 0xCF
	.byte 0x01, 0xF5, 0xF0, 0x00, 0xCF, 0x01, 0xF5, 0xE8, 0x01, 0x4F, 0xF5, 0x00, 0xF1, 0x1E, 0x00, 0xB0
	.byte 0x01, 0xF5, 0x08, 0x00, 0xB0, 0x01, 0xF5, 0x10, 0x00, 0xB0, 0x01, 0xF5, 0x18, 0x01, 0x30, 0xF5
	.byte 0x00, 0xF6, 0x08, 0x00, 0xCF, 0x01, 0xF5, 0xF8, 0x00, 0xCF, 0x01, 0xF5, 0xF0, 0x00, 0xCF, 0x01
	.byte 0xF5, 0xE8, 0x01, 0x4F, 0xF5, 0x00, 0xFF, 0xF0, 0xC3, 0xF1, 0x50, 0x02, 0x39, 0xF6, 0x0A, 0x02
	.byte 0x45, 0xF1, 0x14, 0x02, 0x39, 0xF6, 0x0A, 0x02, 0x45, 0xFF, 0x00, 0x00, 0x00, 0x04, 0x04, 0x00
	.byte 0xF9, 0x96, 0xF0, 0xC6, 0xF4, 0xC8, 0xF5, 0x02, 0xF1, 0x78, 0x02, 0x48, 0xF6, 0x02, 0x02, 0x4C
	.byte 0xF6, 0x02, 0x02, 0x4F, 0xF6, 0x02, 0x02, 0x4C, 0xF6, 0x02, 0x02, 0x4F, 0xF6, 0x02, 0xF5, 0x04
	.byte 0x02, 0x48, 0xF6, 0x02, 0x02, 0x4C, 0xF6, 0x02, 0x02, 0x4F, 0xF6, 0x02, 0x02, 0x4C, 0xF6, 0x02
	.byte 0x02, 0x4F, 0xF6, 0x02, 0xF1, 0x3C, 0xF5, 0x06, 0x02, 0x48, 0xF6, 0x02, 0x02, 0x4C, 0xF6, 0x02
	.byte 0x02, 0x4F, 0xF6, 0x02, 0x02, 0x4C, 0xF6, 0x02, 0x02, 0x4F, 0xF6, 0x02, 0xF1, 0x14, 0xF5, 0x08
	.byte 0x02, 0x48, 0xF6, 0x02, 0x02, 0x4C, 0xF6, 0x02, 0x02, 0x4F, 0xF6, 0x02, 0x02, 0x4C, 0xF6, 0x02
	.byte 0x02, 0x4F, 0xF6, 0x02, 0xFF, 0xF0, 0xC3, 0xF1, 0x3C, 0x0C, 0x4F, 0xF1, 0x28, 0x0C, 0x4F, 0xF1
	.byte 0x14, 0x0C, 0x43, 0xFF, 0x00, 0x04, 0x04, 0x00, 0xF0, 0xC6, 0xF1, 0x64, 0x02, 0x53, 0x02, 0x58
	.byte 0x02, 0x54, 0x02, 0x59, 0x02, 0x56, 0x02, 0x5B, 0x02, 0x58, 0x02, 0x5D, 0x02, 0x5A, 0x02, 0x5F
	.byte 0x02, 0x5B, 0x08, 0x60, 0xF1, 0x3C, 0x04, 0x60, 0xF1, 0x28, 0x04, 0x60, 0xFF, 0x00, 0x00, 0x00
	.byte 0x02, 0x00, 0x04, 0x00, 0xF9, 0x50, 0xF1, 0xF0, 0xF0, 0x89, 0xF4, 0x50, 0xF5, 0x00, 0x00, 0xBC
	.byte 0x0C, 0xF5, 0xFF, 0x00, 0xBC, 0x02, 0xF5, 0xFE, 0x00, 0xBC, 0x02, 0xF5, 0xFD, 0x00, 0xBC, 0x02
	.byte 0xF5, 0xFC, 0x00, 0xBC, 0x02, 0xF5, 0xFB, 0x00, 0xBC, 0x02, 0xF5, 0xFA, 0x00, 0xBC, 0x02, 0xF5
	.byte 0xF9, 0x00, 0xBC, 0x02, 0xF5, 0xF8, 0x00, 0xBC, 0x02, 0xF5, 0xF7, 0x00, 0xBC, 0x02, 0xF5, 0xF6
	.byte 0x00, 0xBC, 0x02, 0xF5, 0xF5, 0x00, 0xBC, 0x02, 0xF5, 0xF4, 0x00, 0xBC, 0x04, 0xF5, 0xF3, 0x00
	.byte 0xBC, 0x02, 0xF5, 0xF2, 0x00, 0xBC, 0x02, 0xF5, 0xF1, 0x00, 0xBC, 0x02, 0xF5, 0xF0, 0x00, 0xBC
	.byte 0x02, 0xF5, 0xEF, 0x00, 0xBC, 0x02, 0xF5, 0xEE, 0x00, 0xBC, 0x02, 0xF5, 0xED, 0x00, 0xBC, 0x02
	.byte 0xF5, 0xEC, 0x00, 0xBC, 0x02, 0xF5, 0xEB, 0x00, 0xBC, 0x02, 0xF5, 0xEA, 0x00, 0xBC, 0x02, 0xF5
	.byte 0xE9, 0x00, 0xBC, 0x02, 0xF5, 0xE8, 0x04, 0x3C, 0xFF, 0x00, 0x00, 0x00, 0x00, 0x04, 0x04, 0x00
	.byte 0xF9, 0x96, 0xF0, 0x03, 0xF1, 0x46, 0xF4, 0x18, 0xF5, 0x00, 0x00, 0xBC, 0x01, 0xF5, 0x08, 0x00
	.byte 0xBC, 0x01, 0xF5, 0x10, 0x00, 0xBC, 0x01, 0xF5, 0x18, 0x00, 0xBC, 0x01, 0xF5, 0x20, 0x00, 0xBC
	.byte 0x01, 0xF5, 0x28, 0x00, 0xBC, 0x01, 0xF5, 0x30, 0x00, 0xBC, 0x01, 0xF5, 0x38, 0x00, 0xBC, 0x01
	.byte 0xF5, 0x40, 0x00, 0xBC, 0x01, 0xF5, 0x48, 0x00, 0xBC, 0x01, 0xF5, 0x50, 0x00, 0xBC, 0x01, 0xF5
	.byte 0x58, 0x00, 0xBC, 0x01, 0xF5, 0x60, 0x00, 0xBC, 0x01, 0xF5, 0x68, 0x00, 0xBC, 0x01, 0xF5, 0x70
	.byte 0x00, 0xBC, 0x01, 0xF5, 0x78, 0x00, 0xBC, 0x01, 0xF5, 0x80, 0x00, 0xBC, 0x01, 0xF5, 0x88, 0x00
	.byte 0xBC, 0x01, 0xF5, 0x90, 0x00, 0xBC, 0x01, 0xF5, 0x98, 0x00, 0xBC, 0x01, 0xF5, 0xA0, 0x00, 0xBC
	.byte 0x01, 0xF5, 0xA8, 0x00, 0xBC, 0x01, 0xF5, 0xAE, 0x01, 0x39, 0xF8, 0x83, 0xFF, 0xFF, 0x00, 0x00
	.byte 0x00, 0x08, 0x04, 0x00, 0xF9, 0x5A, 0xF0, 0xC3, 0xF1, 0x4B, 0x08, 0x37, 0x08, 0x39, 0x08, 0x3B
	.byte 0x08, 0x3C, 0x08, 0x37, 0x08, 0x39, 0x08, 0x3B, 0x08, 0x3C, 0xF8, 0xE7, 0xFF, 0xFF, 0x00, 0x00
	.byte 0x00, 0x08, 0x04, 0x00, 0xF9, 0xA0, 0xF0, 0xC3, 0xF1, 0x41, 0x08, 0x3B, 0x08, 0x3C, 0x08, 0x3E
	.byte 0x08, 0x40, 0x08, 0x3B, 0x08, 0x3C, 0x08, 0x3E, 0x08, 0x40, 0xF8, 0xE7, 0xFF, 0xFF, 0x00, 0x00
	.byte 0x00, 0x0C, 0x06, 0x00, 0x22, 0x00, 0xF0, 0xC6, 0xF1, 0xDC, 0xF4, 0x78, 0xF5, 0x00, 0x00, 0xA1
	.byte 0x02, 0xF5, 0xFF, 0x00, 0xA1, 0x02, 0xF5, 0xFE, 0x00, 0xA1, 0x02, 0xF5, 0xFD, 0x02, 0x21, 0xF5
	.byte 0xFC, 0xFF, 0xF0, 0xC3, 0xF1, 0x78, 0x08, 0x37, 0x08, 0x3B, 0x04, 0x3C, 0x04, 0x3E, 0x04, 0x40
	.byte 0x08, 0x41, 0xF1, 0x3C, 0x08, 0x41, 0xF1, 0x1E, 0x08, 0x41, 0xF1, 0x0A, 0x08, 0x41, 0xFF, 0x00
	.byte 0x00, 0x08, 0x04, 0x00, 0xF0, 0xC3, 0xF1, 0x50, 0x01, 0x43, 0x01, 0x4F, 0xF6, 0x04, 0x01, 0x43
	.byte 0x01, 0x4F, 0xF6, 0x06, 0x01, 0x43, 0x01, 0x4F, 0xF6, 0x08, 0x01, 0x43, 0x01, 0x4F, 0xF6, 0x08
	.byte 0x01, 0x43, 0x01, 0x4F, 0xF6, 0x06, 0x01, 0x43, 0x01, 0x4F, 0xF6, 0x04, 0x01, 0x43, 0x01, 0x4F
	.byte 0xF6, 0x02, 0x01, 0x43, 0x01, 0x4F, 0xF6, 0x02, 0x01, 0x43, 0x01, 0x4F, 0xF6, 0x02, 0x01, 0x43
	.byte 0x01, 0x4F, 0xF6, 0x02, 0x01, 0x43, 0x01, 0x4F, 0xF6, 0x02, 0xF1, 0x28, 0x01, 0x43, 0x01, 0x4F
	.byte 0xF6, 0x02, 0xF8, 0xAF, 0xFF, 0xFF, 0x00, 0x00, 0x00, 0x08, 0x04, 0x00, 0xF0, 0xC3, 0xF1, 0x50
	.byte 0x08, 0x3B, 0x08, 0x3C, 0x08, 0x3B, 0x08, 0x37, 0xF1, 0x28, 0x08, 0x39, 0xF1, 0x14, 0x08, 0x39
	.byte 0xF6, 0x08, 0xF8, 0xE7, 0xFF, 0xFF, 0x00, 0x00, 0x02, 0x04, 0x06, 0x00, 0x0D, 0x00, 0xF1, 0xDC
	.byte 0xF0, 0x6B, 0x40, 0x40, 0xFF, 0xF0, 0xC6, 0xF1, 0x3C, 0xF6, 0x04, 0x01, 0x69, 0x02, 0x70, 0xF1
	.byte 0x1E, 0x02, 0x70, 0xFF, 0x01, 0x04, 0x06, 0x00, 0x0D, 0x00, 0xF1, 0xDC, 0xF0, 0x6B, 0x40, 0x40
	.byte 0xFF, 0xF0, 0xC6, 0xF1, 0x3C, 0xF6, 0x04, 0x01, 0x69, 0x02, 0x70, 0xF1, 0x1E, 0x02, 0x70, 0xFF
	.byte 0x02, 0x00, 0x04, 0x00, 0xF9, 0x50, 0xF1, 0xFA, 0xF0, 0x6A, 0x30, 0x3C, 0xFF, 0x00, 0x00, 0x00
	.byte 0x02, 0x00, 0x04, 0x00, 0xF0, 0x0C, 0xF1, 0x64, 0x03, 0x69, 0x03, 0x68, 0x03, 0x67, 0x03, 0x66
	.byte 0x03, 0x65, 0x03, 0x64, 0x03, 0x63, 0x03, 0x62, 0x03, 0x61, 0x03, 0x60, 0x03, 0x5F, 0x03, 0x5E
	.byte 0x03, 0x5D, 0x03, 0x5C, 0x03, 0x5B, 0xF1, 0x3C, 0x03, 0x5A, 0x03, 0x59, 0x03, 0x58, 0x03, 0x57
	.byte 0xF1, 0x28, 0x03, 0x56, 0x03, 0x55, 0x03, 0x54, 0x03, 0x53, 0xF1, 0x14, 0x03, 0x52, 0x03, 0x51
	.byte 0x03, 0x50, 0x03, 0x4F, 0xFF, 0x00, 0x00, 0x00, 0x02, 0x00, 0x04, 0x00, 0xF0, 0x20, 0xF4, 0x50
	.byte 0xF1, 0x64, 0xF5, 0x00, 0x00, 0xD1, 0x03, 0xF5, 0xFF, 0x00, 0xD1, 0x03, 0xF5, 0xFE, 0x00, 0xD1
	.byte 0x03, 0xF5, 0xFD, 0x00, 0xD1, 0x03, 0xF5, 0xFC, 0x00, 0xD1, 0x03, 0xF5, 0xFB, 0x00, 0xD1, 0x03
	.byte 0xF5, 0xFA, 0x00, 0xD1, 0x03, 0xF5, 0xF9, 0x00, 0xD1, 0x03, 0xF5, 0xF8, 0x00, 0xD1, 0x03, 0xF5
	.byte 0xF7, 0x00, 0xD1, 0x03, 0xF5, 0xF6, 0x00, 0xD1, 0x03, 0xF5, 0xF5, 0x00, 0xD1, 0x03, 0xF5, 0xF4
	.byte 0x00, 0xD1, 0x03, 0xF5, 0xF3, 0x00, 0xD1, 0x03, 0xF5, 0xF2, 0x00, 0xD1, 0x03, 0xF5, 0xF1, 0x00
	.byte 0xD1, 0x03, 0xF5, 0xF0, 0x00, 0xD1, 0x03, 0xF5, 0xEF, 0xF1, 0x50, 0x00, 0xD1, 0x02, 0xF5, 0xEE
	.byte 0x00, 0xD1, 0x02, 0xF5, 0xED, 0x00, 0xD1, 0x02, 0xF5, 0xEC, 0x00, 0xD1, 0x02, 0xF5, 0xEB, 0xF1
	.byte 0x28, 0x00, 0xD1, 0x02, 0xF5, 0xEA, 0x00, 0xD1, 0x02, 0xF5, 0xE9, 0x00, 0xD1, 0x02, 0xF5, 0xE8
	.byte 0x00, 0xD1, 0x02, 0xF5, 0xE7, 0xF1, 0x14, 0x00, 0xD1, 0x02, 0xF5, 0xE6, 0x00, 0xD1, 0x02, 0xF5
	.byte 0xE5, 0x00, 0xD1, 0x02, 0xF5, 0xE4, 0x02, 0x51, 0xFF, 0x00, 0x00, 0x00, 0x02, 0x00, 0x04, 0x00
	.byte 0xF0, 0x20, 0xF4, 0x32, 0xF1, 0x64, 0xF5, 0x00, 0x00, 0xBC, 0x02, 0xF5, 0x01, 0x00, 0xBC, 0x02
	.byte 0xF5, 0x02, 0x00, 0xBC, 0x02, 0xF1, 0x82, 0xF5, 0x03, 0x00, 0xBC, 0x02, 0xF5, 0x04, 0x00, 0xBC
	.byte 0x02, 0xF5, 0x05, 0x00, 0xBC, 0x02, 0xF1, 0xA0, 0xF5, 0x06, 0x00, 0xBC, 0x02, 0xF5, 0x07, 0x00
	.byte 0xBC, 0x02, 0xF5, 0x08, 0x00, 0xBC, 0x02, 0xF5, 0x07, 0x00, 0xBC, 0x02, 0xF1, 0x82, 0xF5, 0x06
	.byte 0x00, 0xBC, 0x02, 0xF5, 0x05, 0x00, 0xBC, 0x02, 0xF5, 0x04, 0x00, 0xBC, 0x02, 0xF1, 0x64, 0xF5
	.byte 0x03, 0x00, 0xBC, 0x02, 0xF5, 0x02, 0x00, 0xBC, 0x02, 0xF5, 0x01, 0x00, 0xBC, 0x02, 0xF5, 0x00
	.byte 0x00, 0xBC, 0x02, 0xF5, 0x01, 0x00, 0xBC, 0x02, 0xF5, 0x02, 0x00, 0xBC, 0x02, 0xF1, 0x82, 0xF5
	.byte 0x03, 0x00, 0xBC, 0x02, 0xF5, 0x04, 0x00, 0xBC, 0x02, 0xF5, 0x05, 0x00, 0xBC, 0x02, 0xF1, 0xA0
	.byte 0xF5, 0x06, 0x00, 0xBC, 0x02, 0xF5, 0x07, 0x00, 0xBC, 0x02, 0xF5, 0x08, 0x00, 0xBC, 0x02, 0xF5
	.byte 0x07, 0x00, 0xBC, 0x02, 0xF1, 0x82, 0xF5, 0x06, 0x00, 0xBC, 0x02, 0xF5, 0x05, 0x00, 0xBC, 0x02
	.byte 0xF5, 0x04, 0x00, 0xBC, 0x02, 0xF1, 0x64, 0xF5, 0x03, 0x00, 0xBC, 0x02, 0xF5, 0x02, 0x00, 0xBC
	.byte 0x02, 0xF5, 0x01, 0x00, 0xBC, 0x02, 0xF5, 0x00, 0xF1, 0x3C, 0x00, 0xBC, 0x02, 0xF5, 0x01, 0x00
	.byte 0xBC, 0x02, 0xF5, 0x02, 0x00, 0xBC, 0x02, 0xF1, 0x50, 0xF5, 0x03, 0x00, 0xBC, 0x02, 0xF5, 0x04
	.byte 0x00, 0xBC, 0x02, 0xF5, 0x05, 0x00, 0xBC, 0x02, 0xF1, 0x64, 0xF5, 0x06, 0x00, 0xBC, 0x02, 0xF5
	.byte 0x07, 0x00, 0xBC, 0x02, 0xF5, 0x08, 0x00, 0xBC, 0x02, 0xF5, 0x07, 0x00, 0xBC, 0x02, 0xF1, 0x50
	.byte 0xF5, 0x06, 0x00, 0xBC, 0x02, 0xF5, 0x05, 0x00, 0xBC, 0x02, 0xF5, 0x04, 0x00, 0xBC, 0x02, 0xF1
	.byte 0x3C, 0xF5, 0x03, 0x00, 0xBC, 0x02, 0xF5, 0x02, 0x00, 0xBC, 0x02, 0xF5, 0x01, 0x00, 0xBC, 0x02
	.byte 0xF5, 0x00, 0xF1, 0x28, 0x00, 0xBC, 0x02, 0xF5, 0x01, 0x00, 0xBC, 0x02, 0xF5, 0x02, 0x00, 0xBC
	.byte 0x02, 0xF1, 0x3C, 0xF5, 0x03, 0x00, 0xBC, 0x02, 0xF5, 0x04, 0x00, 0xBC, 0x02, 0xF5, 0x05, 0x00
	.byte 0xBC, 0x02, 0xF1, 0x50, 0xF5, 0x06, 0x00, 0xBC, 0x02, 0xF5, 0x07, 0x00, 0xBC, 0x02, 0xF5, 0x08
	.byte 0x00, 0xBC, 0x02, 0xF5, 0x07, 0x00, 0xBC, 0x02, 0xF1, 0x3C, 0xF5, 0x06, 0x00, 0xBC, 0x02, 0xF5
	.byte 0x05, 0x00, 0xBC, 0x02, 0xF5, 0x04, 0x00, 0xBC, 0x02, 0xF1, 0x28, 0xF5, 0x03, 0x00, 0xBC, 0x02
	.byte 0xF5, 0x02, 0x00, 0xBC, 0x02, 0xF1, 0x14, 0xF5, 0x01, 0x02, 0x3C, 0xF5, 0x00, 0xFF, 0x00, 0x00
